datetime,temperature_2m,relative_humidity_2m,dew_point_2m,wind_speed_10m,wind_gusts_10m,precipitation,surface_pressure,shortwave_radiation,cloud_cover,visibility,et0_fao_evapotranspiration,cape,weathercode,hospital
2022-01-01 00:00:00,16.5,96,15.9,3.4,9.7,0.6,856.0,0.0,100,,0.0,,53,chuk_rwanda
2022-01-01 01:00:00,16.5,96,15.9,2.5,7.2,0.7,855.4,0.0,100,,0.0,,53,chuk_rwanda
2022-01-01 02:00:00,16.1,98,15.8,3.2,8.6,0.3,855.2,0.0,100,,0.0,,51,chuk_rwanda
2022-01-01 03:00:00,16.1,99,15.9,4.7,9.4,0.3,854.3,0.0,100,,0.0,,51,chuk_rwanda
2022-01-01 04:00:00,16.0,98,15.7,2.4,10.1,0.5,854.6,0.0,100,,0.0,,53,chuk_rwanda
2022-01-01 05:00:00,16.2,97,15.8,1.9,5.4,0.5,854.8,0.0,100,,0.0,,53,chuk_rwanda
2022-01-01 06:00:00,16.3,97,15.9,0.5,5.0,0.3,855.3,0.0,100,,0.01,,51,chuk_rwanda
2022-01-01 07:00:00,16.6,97,16.0,1.1,4.7,0.2,856.0,22.0,100,,0.02,,51,chuk_rwanda
2022-01-01 08:00:00,17.4,93,16.2,1.8,8.3,0.1,857.1,87.0,100,,0.06,,51,chuk_rwanda
2022-01-01 09:00:00,17.6,93,16.5,1.9,8.3,1.0,857.8,129.0,100,,0.09,,55,chuk_rwanda
2022-01-01 10:00:00,18.9,88,16.9,3.0,12.2,1.3,858.1,325.0,100,,0.22,,61,chuk_rwanda
2022-01-01 11:00:00,19.2,85,16.5,4.3,13.3,0.7,857.7,336.0,100,,0.23,,53,chuk_rwanda
2022-01-01 12:00:00,21.0,73,16.0,5.2,18.4,0.4,857.6,606.0,100,,0.41,,51,chuk_rwanda
2022-01-01 13:00:00,22.2,65,15.4,7.2,22.0,0.1,856.5,711.0,100,,0.48,,51,chuk_rwanda
2022-01-01 14:00:00,23.2,56,14.1,10.5,22.0,0.0,856.1,790.0,100,,0.54,,3,chuk_rwanda
2022-01-01 15:00:00,22.9,56,13.8,7.3,25.9,0.1,855.1,641.0,72,,0.44,,51,chuk_rwanda
2022-01-01 16:00:00,22.8,56,13.5,5.4,20.5,0.0,854.6,435.0,86,,0.31,,3,chuk_rwanda
2022-01-01 17:00:00,22.1,58,13.6,5.9,14.8,0.0,854.4,288.0,25,,0.2,,1,chuk_rwanda
2022-01-01 18:00:00,20.0,67,13.8,7.8,15.5,0.0,853.8,92.0,92,,0.07,,3,chuk_rwanda
2022-01-01 19:00:00,18.8,75,14.1,4.0,15.5,0.0,853.6,0.0,10,,0.03,,0,chuk_rwanda
2022-01-01 20:00:00,18.4,74,13.6,3.7,7.9,0.0,854.4,0.0,2,,0.0,,0,chuk_rwanda
2022-01-01 21:00:00,17.5,77,13.4,3.9,6.5,0.0,854.7,0.0,1,,0.0,,0,chuk_rwanda
2022-01-01 22:00:00,16.0,86,13.7,6.3,11.2,0.0,854.0,0.0,8,,0.0,,0,chuk_rwanda
2022-01-01 23:00:00,15.5,90,13.8,6.8,12.2,0.0,853.4,0.0,63,,0.0,,2,chuk_rwanda
2022-01-02 00:00:00,15.0,92,13.8,7.1,13.0,0.0,852.7,0.0,37,,0.0,,1,chuk_rwanda
2022-01-02 01:00:00,14.6,93,13.5,6.4,12.6,0.0,851.8,0.0,6,,0.0,,0,chuk_rwanda
2022-01-02 02:00:00,14.1,91,12.6,6.3,12.6,0.0,851.4,0.0,44,,0.0,,1,chuk_rwanda
2022-01-02 03:00:00,14.0,90,12.4,6.6,12.2,0.0,851.2,0.0,5,,0.0,,0,chuk_rwanda
2022-01-02 04:00:00,13.4,92,12.1,6.0,11.5,0.0,851.2,0.0,13,,0.0,,0,chuk_rwanda
2022-01-02 05:00:00,12.9,93,11.9,6.0,10.8,0.0,851.5,0.0,4,,0.0,,0,chuk_rwanda
2022-01-02 06:00:00,12.3,96,11.6,6.2,11.2,0.0,851.6,0.0,4,,0.0,,0,chuk_rwanda
2022-01-02 07:00:00,14.2,90,12.5,5.7,13.0,0.0,853.3,72.0,7,,0.03,,0,chuk_rwanda
2022-01-02 08:00:00,18.6,75,14.1,1.6,12.2,0.0,856.1,297.0,1,,0.17,,0,chuk_rwanda
2022-01-02 09:00:00,21.2,65,14.2,1.9,10.8,0.0,857.0,539.0,0,,0.35,,0,chuk_rwanda
2022-01-02 10:00:00,23.0,59,14.6,3.9,15.5,0.0,857.2,740.0,0,,0.5,,0,chuk_rwanda
2022-01-02 11:00:00,24.8,53,14.5,4.9,24.5,0.0,856.9,890.0,8,,0.62,,0,chuk_rwanda
2022-01-02 12:00:00,26.2,48,14.3,8.0,24.1,0.0,856.1,951.0,21,,0.68,,1,chuk_rwanda
2022-01-02 13:00:00,26.9,43,13.2,9.0,25.2,0.0,854.7,865.0,16,,0.64,,0,chuk_rwanda
2022-01-02 14:00:00,26.5,42,12.5,9.4,25.2,0.0,853.9,856.0,25,,0.63,,1,chuk_rwanda
2022-01-02 15:00:00,26.4,42,12.4,9.7,24.1,0.0,852.9,694.0,28,,0.52,,1,chuk_rwanda
2022-01-02 16:00:00,26.0,43,12.6,8.7,24.1,0.0,852.7,478.0,32,,0.37,,1,chuk_rwanda
2022-01-02 17:00:00,25.2,46,12.9,8.3,20.9,0.0,852.3,274.0,31,,0.23,,1,chuk_rwanda
2022-01-02 18:00:00,23.0,54,13.2,9.3,20.2,0.0,851.9,79.0,47,,0.1,,1,chuk_rwanda
2022-01-02 19:00:00,21.3,62,13.7,6.1,19.8,0.0,852.1,1.0,25,,0.01,,1,chuk_rwanda
2022-01-02 20:00:00,20.3,69,14.4,3.2,13.7,0.0,852.8,0.0,23,,0.0,,1,chuk_rwanda
2022-01-02 21:00:00,18.7,72,13.6,6.2,11.2,0.0,852.7,0.0,34,,0.01,,1,chuk_rwanda
2022-01-02 22:00:00,17.0,81,13.7,6.0,13.0,0.0,852.3,0.0,44,,0.0,,1,chuk_rwanda
2022-01-02 23:00:00,16.4,84,13.6,6.6,12.6,0.0,851.9,0.0,40,,0.0,,1,chuk_rwanda
2022-01-03 00:00:00,15.9,83,13.1,8.3,15.8,0.0,851.6,0.0,97,,0.0,,3,chuk_rwanda
2022-01-03 01:00:00,16.4,81,13.0,6.1,16.2,0.0,851.5,0.0,87,,0.0,,3,chuk_rwanda
2022-01-03 02:00:00,15.5,87,13.4,4.6,11.9,0.0,850.2,0.0,98,,0.0,,3,chuk_rwanda
2022-01-03 03:00:00,15.6,86,13.2,5.1,9.0,0.0,850.4,0.0,100,,0.0,,3,chuk_rwanda
2022-01-03 04:00:00,14.9,89,13.2,5.6,9.7,0.0,850.2,0.0,100,,0.0,,3,chuk_rwanda
2022-01-03 05:00:00,14.6,90,13.1,6.7,12.2,0.0,850.5,0.0,95,,0.0,,3,chuk_rwanda
2022-01-03 06:00:00,14.7,90,13.0,6.6,13.3,0.0,850.7,0.0,86,,0.0,,3,chuk_rwanda
2022-01-03 07:00:00,16.2,84,13.5,5.7,13.7,0.0,852.6,73.0,100,,0.04,,3,chuk_rwanda
2022-01-03 08:00:00,19.7,72,14.5,2.3,12.6,0.0,855.2,282.0,98,,0.17,,3,chuk_rwanda
2022-01-03 09:00:00,21.9,65,15.0,4.6,15.8,0.0,856.1,526.0,98,,0.34,,3,chuk_rwanda
2022-01-03 10:00:00,23.7,60,15.4,4.6,16.6,0.0,856.2,738.0,99,,0.5,,3,chuk_rwanda
2022-01-03 11:00:00,24.8,53,14.4,9.4,24.1,0.1,855.6,779.0,100,,0.55,,51,chuk_rwanda
2022-01-03 12:00:00,25.4,50,14.4,12.4,31.0,0.1,855.0,815.0,100,,0.59,,51,chuk_rwanda
2022-01-03 13:00:00,25.9,51,15.1,15.3,33.5,0.0,854.0,854.0,99,,0.61,,3,chuk_rwanda
2022-01-03 14:00:00,24.5,57,15.4,9.2,43.9,1.7,853.5,588.0,99,,0.43,,61,chuk_rwanda
2022-01-03 15:00:00,22.8,64,15.8,11.5,28.1,1.9,853.0,555.0,65,,0.38,,61,chuk_rwanda
2022-01-03 16:00:00,21.5,72,16.2,9.0,29.9,1.2,852.5,377.0,97,,0.26,,55,chuk_rwanda
2022-01-03 17:00:00,21.5,70,15.9,6.3,21.6,0.0,852.5,228.0,66,,0.16,,2,chuk_rwanda
2022-01-03 18:00:00,20.3,80,16.8,5.1,15.1,0.0,852.4,91.0,85,,0.06,,3,chuk_rwanda
2022-01-03 19:00:00,20.8,71,15.4,3.1,9.0,0.0,853.4,1.0,100,,0.0,,3,chuk_rwanda
2022-01-03 20:00:00,19.6,85,17.0,2.8,5.8,0.1,853.9,0.0,94,,0.0,,51,chuk_rwanda
2022-01-03 21:00:00,18.9,88,16.9,4.7,6.5,0.0,854.2,0.0,86,,0.0,,3,chuk_rwanda
2022-01-03 22:00:00,18.2,89,16.5,5.2,7.2,0.0,854.3,0.0,27,,0.0,,1,chuk_rwanda
2022-01-03 23:00:00,18.0,90,16.4,4.0,6.8,0.0,854.3,0.0,100,,0.0,,3,chuk_rwanda
2022-01-04 00:00:00,16.9,96,16.2,4.3,6.8,0.0,853.5,0.0,100,,0.0,,3,chuk_rwanda
2022-01-04 01:00:00,17.3,95,16.5,2.6,6.8,0.0,853.2,0.0,100,,0.0,,3,chuk_rwanda
2022-01-04 02:00:00,16.5,97,16.0,5.4,6.1,0.0,852.7,0.0,100,,0.0,,3,chuk_rwanda
2022-01-04 03:00:00,15.9,97,15.4,4.7,8.6,0.0,852.3,0.0,100,,0.0,,3,chuk_rwanda
2022-01-04 04:00:00,15.5,97,15.1,5.6,8.3,0.0,851.8,0.0,100,,0.0,,3,chuk_rwanda
2022-01-04 05:00:00,15.9,96,15.2,4.7,8.3,0.0,852.3,0.0,100,,0.0,,3,chuk_rwanda
2022-01-04 06:00:00,14.2,98,14.0,5.1,7.9,0.0,852.4,0.0,100,,0.0,,3,chuk_rwanda
2022-01-04 07:00:00,16.9,93,15.7,5.1,11.5,0.0,854.1,45.0,100,,0.03,,3,chuk_rwanda
2022-01-04 08:00:00,18.8,86,16.5,1.8,11.2,0.0,856.0,165.0,100,,0.11,,3,chuk_rwanda
2022-01-04 09:00:00,20.4,76,16.0,2.9,11.5,0.0,856.8,253.0,99,,0.18,,3,chuk_rwanda
2022-01-04 10:00:00,22.8,64,15.6,4.0,20.9,0.0,857.1,545.0,100,,0.38,,3,chuk_rwanda
2022-01-04 11:00:00,24.8,56,15.4,8.0,24.8,0.0,857.0,827.0,100,,0.58,,3,chuk_rwanda
2022-01-04 12:00:00,25.6,49,14.2,10.0,26.6,0.2,856.2,939.0,99,,0.66,,51,chuk_rwanda
2022-01-04 13:00:00,25.6,47,13.5,7.9,26.3,0.0,855.0,786.0,100,,0.57,,3,chuk_rwanda
2022-01-04 14:00:00,24.6,47,12.6,6.2,25.2,0.1,854.5,717.0,100,,0.52,,51,chuk_rwanda
2022-01-04 15:00:00,24.8,49,13.4,7.7,20.5,0.0,853.9,467.0,100,,0.36,,3,chuk_rwanda
2022-01-04 16:00:00,23.7,55,14.1,9.4,22.7,0.2,853.4,388.0,100,,0.3,,51,chuk_rwanda
2022-01-04 17:00:00,22.9,63,15.4,10.1,23.0,0.0,853.1,260.0,100,,0.2,,3,chuk_rwanda
2022-01-04 18:00:00,21.2,71,15.9,5.8,23.0,0.0,853.2,84.0,100,,0.06,,3,chuk_rwanda
2022-01-04 19:00:00,20.1,76,15.8,5.5,13.0,0.0,853.4,1.0,98,,0.01,,3,chuk_rwanda
2022-01-04 20:00:00,19.5,81,16.0,3.3,11.9,0.0,853.9,0.0,100,,0.0,,3,chuk_rwanda
2022-01-04 21:00:00,18.7,86,16.3,2.5,7.9,0.0,854.6,0.0,99,,0.0,,3,chuk_rwanda
2022-01-04 22:00:00,18.0,87,15.7,4.3,7.2,0.0,854.8,0.0,100,,0.0,,3,chuk_rwanda
2022-01-04 23:00:00,17.1,91,15.7,3.4,7.6,0.0,854.6,0.0,94,,0.0,,3,chuk_rwanda
2022-01-05 00:00:00,16.5,93,15.2,3.1,5.8,0.0,854.1,0.0,99,,0.0,,3,chuk_rwanda
2022-01-05 01:00:00,15.7,94,14.7,5.1,8.6,0.0,853.4,0.0,100,,0.0,,3,chuk_rwanda
2022-01-05 02:00:00,14.7,91,13.2,5.4,10.1,0.0,851.9,0.0,89,,0.0,,3,chuk_rwanda
2022-01-05 03:00:00,14.1,93,12.9,6.2,11.2,0.0,852.0,0.0,98,,0.0,,3,chuk_rwanda
2022-01-05 04:00:00,13.6,94,12.8,6.4,11.9,0.0,851.9,0.0,98,,0.0,,3,chuk_rwanda
2022-01-05 05:00:00,13.4,94,12.4,6.2,11.9,0.0,852.2,0.0,94,,0.0,,3,chuk_rwanda
2022-01-05 06:00:00,12.9,95,12.2,6.4,10.8,0.0,852.5,0.0,99,,0.0,,3,chuk_rwanda
2022-01-05 07:00:00,15.1,87,13.0,5.8,13.0,0.0,854.3,70.0,99,,0.03,,3,chuk_rwanda
2022-01-05 08:00:00,19.4,73,14.4,2.6,12.2,0.0,857.0,287.0,98,,0.17,,3,chuk_rwanda
2022-01-05 09:00:00,21.8,62,14.2,2.1,11.2,0.0,858.0,520.0,100,,0.34,,3,chuk_rwanda
2022-01-05 10:00:00,23.2,56,14.1,4.5,15.5,0.1,857.9,735.0,98,,0.5,,51,chuk_rwanda
2022-01-05 11:00:00,23.9,52,13.5,9.4,24.1,0.2,857.6,695.0,100,,0.49,,51,chuk_rwanda
2022-01-05 12:00:00,25.3,48,13.6,10.4,28.8,0.0,857.5,924.0,100,,0.65,,3,chuk_rwanda
2022-01-05 13:00:00,25.5,47,13.3,9.4,28.8,0.0,856.4,619.0,100,,0.47,,3,chuk_rwanda
2022-01-05 14:00:00,25.0,44,11.9,10.8,27.7,0.0,855.6,721.0,100,,0.53,,3,chuk_rwanda
2022-01-05 15:00:00,24.1,46,11.8,10.3,24.5,0.0,854.7,265.0,100,,0.26,,3,chuk_rwanda
2022-01-05 16:00:00,23.7,49,12.3,9.3,24.8,0.0,854.5,209.0,100,,0.21,,3,chuk_rwanda
2022-01-05 17:00:00,23.4,53,13.2,5.9,21.6,0.0,854.2,150.0,100,,0.14,,3,chuk_rwanda
2022-01-05 18:00:00,22.2,62,14.6,4.3,14.0,0.0,854.0,57.0,100,,0.06,,3,chuk_rwanda
2022-01-05 19:00:00,20.7,67,14.4,4.1,9.7,0.0,854.0,1.0,100,,0.01,,3,chuk_rwanda
2022-01-05 20:00:00,19.6,70,13.9,3.3,8.6,0.0,854.6,0.0,100,,0.0,,3,chuk_rwanda
2022-01-05 21:00:00,18.0,75,13.6,3.0,7.9,0.0,854.5,0.0,100,,0.0,,3,chuk_rwanda
2022-01-05 22:00:00,16.5,83,13.5,5.2,10.1,0.0,853.9,0.0,100,,0.0,,3,chuk_rwanda
2022-01-05 23:00:00,15.8,83,12.9,7.8,14.0,0.0,853.4,0.0,100,,0.0,,3,chuk_rwanda
2022-01-06 00:00:00,15.5,82,12.4,7.6,14.4,0.0,852.9,0.0,100,,0.0,,3,chuk_rwanda
2022-01-06 01:00:00,14.9,82,11.9,7.5,14.4,0.0,852.1,0.0,100,,0.0,,3,chuk_rwanda
2022-01-06 02:00:00,13.9,84,11.2,5.9,13.7,0.0,851.2,0.0,100,,0.0,,3,chuk_rwanda
2022-01-06 03:00:00,13.5,86,11.2,6.3,11.2,0.0,851.2,0.0,97,,0.0,,3,chuk_rwanda
2022-01-06 04:00:00,13.1,88,11.1,6.6,11.5,0.0,851.0,0.0,98,,0.0,,3,chuk_rwanda
2022-01-06 05:00:00,12.6,89,10.9,5.9,11.9,0.0,851.2,0.0,100,,0.0,,3,chuk_rwanda
2022-01-06 06:00:00,12.9,87,10.8,5.9,11.9,0.0,851.9,0.0,100,,0.0,,3,chuk_rwanda
2022-01-06 07:00:00,15.8,76,11.6,6.0,12.6,0.0,853.9,36.0,96,,0.04,,3,chuk_rwanda
2022-01-06 08:00:00,19.6,65,12.9,2.8,12.6,0.0,856.4,288.0,46,,0.17,,1,chuk_rwanda
2022-01-06 09:00:00,22.0,56,12.8,1.9,11.2,0.0,857.4,532.0,98,,0.35,,3,chuk_rwanda
2022-01-06 10:00:00,24.0,50,12.9,3.8,15.5,0.0,857.4,736.0,38,,0.51,,1,chuk_rwanda
2022-01-06 11:00:00,25.4,46,12.8,6.9,20.5,0.0,857.3,863.0,37,,0.61,,1,chuk_rwanda
2022-01-06 12:00:00,27.0,40,12.1,7.6,22.3,0.0,856.5,918.0,27,,0.68,,1,chuk_rwanda
2022-01-06 13:00:00,28.0,35,10.9,10.8,26.3,0.0,855.3,772.0,82,,0.61,,3,chuk_rwanda
2022-01-06 14:00:00,26.5,39,11.3,12.8,29.2,0.0,854.7,720.0,94,,0.56,,3,chuk_rwanda
2022-01-06 15:00:00,25.5,40,11.1,10.9,28.4,0.0,853.8,326.0,83,,0.31,,3,chuk_rwanda
2022-01-06 16:00:00,25.6,41,11.3,10.8,25.9,0.0,853.5,340.0,96,,0.31,,3,chuk_rwanda
2022-01-06 17:00:00,25.0,44,11.9,7.9,25.2,0.0,853.2,245.0,63,,0.21,,2,chuk_rwanda
2022-01-06 18:00:00,23.5,53,13.3,5.5,18.0,0.0,852.6,66.0,38,,0.08,,1,chuk_rwanda
2022-01-06 19:00:00,21.6,58,13.1,6.4,15.5,0.0,852.5,1.0,24,,0.04,,1,chuk_rwanda
2022-01-06 20:00:00,19.8,70,14.2,3.8,13.7,0.0,852.7,0.0,9,,0.0,,0,chuk_rwanda
2022-01-06 21:00:00,18.4,69,12.5,4.9,9.4,0.0,852.8,0.0,0,,0.0,,0,chuk_rwanda
2022-01-06 22:00:00,15.9,80,12.5,5.9,11.9,0.0,851.9,0.0,0,,0.0,,0,chuk_rwanda
2022-01-06 23:00:00,14.9,86,12.4,6.9,13.3,0.0,851.5,0.0,67,,0.0,,2,chuk_rwanda
2022-01-07 00:00:00,14.7,84,12.1,8.9,16.9,0.0,851.6,0.0,100,,0.0,,3,chuk_rwanda
2022-01-07 01:00:00,14.7,83,11.9,7.8,16.6,0.0,851.3,0.0,99,,0.0,,3,chuk_rwanda
2022-01-07 02:00:00,14.6,83,11.6,7.7,14.8,0.0,850.7,0.0,100,,0.0,,3,chuk_rwanda
2022-01-07 03:00:00,15.1,80,11.6,7.5,14.4,0.0,850.9,0.0,100,,0.0,,3,chuk_rwanda
2022-01-07 04:00:00,15.4,78,11.6,6.2,14.0,0.0,851.3,0.0,100,,0.0,,3,chuk_rwanda
2022-01-07 05:00:00,15.1,80,11.6,6.1,11.9,0.0,851.6,0.0,100,,0.0,,3,chuk_rwanda
2022-01-07 06:00:00,15.5,79,11.9,5.0,12.2,0.0,852.7,0.0,100,,0.0,,3,chuk_rwanda
2022-01-07 07:00:00,17.0,76,12.8,3.8,9.0,0.0,854.1,55.0,8,,0.03,,0,chuk_rwanda
2022-01-07 08:00:00,20.2,66,13.8,1.1,8.3,0.0,856.5,290.0,28,,0.17,,1,chuk_rwanda
2022-01-07 09:00:00,22.9,54,13.0,1.8,10.1,0.0,857.2,506.0,50,,0.33,,2,chuk_rwanda
2022-01-07 10:00:00,24.8,47,12.6,0.4,10.8,0.0,857.0,640.0,46,,0.44,,1,chuk_rwanda
2022-01-07 11:00:00,26.4,39,11.4,4.0,14.8,0.0,856.7,798.0,57,,0.58,,2,chuk_rwanda
2022-01-07 12:00:00,28.0,34,10.6,11.3,27.4,0.0,856.0,870.0,93,,0.67,,3,chuk_rwanda
2022-01-07 13:00:00,28.0,34,10.6,13.7,32.4,0.0,854.8,679.0,85,,0.57,,3,chuk_rwanda
2022-01-07 14:00:00,27.6,37,11.7,12.0,32.0,0.0,854.1,528.0,98,,0.46,,3,chuk_rwanda
2022-01-07 15:00:00,27.5,37,11.5,12.7,29.9,0.0,853.0,607.0,97,,0.5,,3,chuk_rwanda
2022-01-07 16:00:00,26.5,39,11.4,14.5,32.8,0.0,852.5,371.0,98,,0.35,,3,chuk_rwanda
2022-01-07 17:00:00,26.0,41,11.9,11.0,32.8,0.0,852.7,227.0,100,,0.23,,3,chuk_rwanda
2022-01-07 18:00:00,24.3,57,15.2,4.0,24.5,0.0,852.5,61.0,97,,0.07,,3,chuk_rwanda
2022-01-07 19:00:00,24.4,44,11.3,1.3,9.7,0.0,853.2,1.0,99,,0.01,,3,chuk_rwanda
2022-01-07 20:00:00,21.2,61,13.5,4.0,9.0,0.0,853.2,0.0,100,,0.01,,3,chuk_rwanda
2022-01-07 21:00:00,20.0,66,13.3,6.6,14.8,0.0,854.0,0.0,100,,0.02,,3,chuk_rwanda
2022-01-07 22:00:00,19.3,69,13.4,5.8,14.8,0.0,854.2,0.0,100,,0.01,,3,chuk_rwanda
2022-01-07 23:00:00,17.8,75,13.4,6.2,11.9,0.0,853.4,0.0,100,,0.0,,3,chuk_rwanda
2022-01-08 00:00:00,16.8,80,13.3,4.6,11.9,0.0,852.6,0.0,100,,0.0,,3,chuk_rwanda
2022-01-08 01:00:00,16.1,82,13.1,5.5,9.7,0.0,851.9,0.0,100,,0.0,,3,chuk_rwanda
2022-01-08 02:00:00,15.1,85,12.7,6.0,11.9,0.0,851.1,0.0,99,,0.0,,3,chuk_rwanda
2022-01-08 03:00:00,15.1,85,12.7,7.6,14.0,0.0,851.3,0.0,100,,0.0,,3,chuk_rwanda
2022-01-08 04:00:00,15.0,86,12.6,7.7,14.4,0.0,851.5,0.0,100,,0.0,,3,chuk_rwanda
2022-01-08 05:00:00,15.1,85,12.6,6.6,14.4,0.0,851.7,0.0,99,,0.0,,3,chuk_rwanda
2022-01-08 06:00:00,14.9,86,12.5,6.8,12.2,0.0,851.9,0.0,99,,0.0,,3,chuk_rwanda
2022-01-08 07:00:00,16.5,80,13.1,6.9,13.7,0.0,853.3,64.0,100,,0.04,,3,chuk_rwanda
2022-01-08 08:00:00,20.2,68,14.2,4.1,13.3,0.0,855.5,232.0,100,,0.15,,3,chuk_rwanda
2022-01-08 09:00:00,22.5,56,13.4,2.6,11.5,0.0,856.4,369.0,100,,0.26,,3,chuk_rwanda
2022-01-08 10:00:00,24.7,49,13.2,2.2,11.2,0.0,856.6,628.0,100,,0.44,,3,chuk_rwanda
2022-01-08 11:00:00,26.4,41,12.1,9.3,23.4,0.1,856.4,665.0,100,,0.51,,51,chuk_rwanda
2022-01-08 12:00:00,26.9,39,11.9,12.4,29.2,0.0,855.6,652.0,100,,0.53,,3,chuk_rwanda
2022-01-08 13:00:00,27.7,38,11.9,12.4,32.4,0.0,854.8,719.0,99,,0.58,,3,chuk_rwanda
2022-01-08 14:00:00,25.5,43,12.1,9.4,30.2,0.0,854.4,733.0,90,,0.54,,3,chuk_rwanda
2022-01-08 15:00:00,26.1,42,12.3,8.0,22.7,0.0,853.6,446.0,100,,0.37,,3,chuk_rwanda
2022-01-08 16:00:00,26.7,41,12.2,9.4,22.3,0.0,853.4,503.0,99,,0.4,,3,chuk_rwanda
2022-01-08 17:00:00,25.7,43,12.2,9.7,24.1,0.0,853.1,268.0,100,,0.24,,3,chuk_rwanda
2022-01-08 18:00:00,23.5,52,13.1,7.4,22.3,0.0,852.6,77.0,100,,0.09,,3,chuk_rwanda
2022-01-08 19:00:00,22.1,57,13.2,6.6,16.9,0.0,852.8,1.0,100,,0.04,,3,chuk_rwanda
2022-01-08 20:00:00,21.4,60,13.2,6.4,14.4,0.0,853.2,0.0,100,,0.02,,3,chuk_rwanda
2022-01-08 21:00:00,20.2,64,13.1,6.4,14.8,0.0,853.7,0.0,100,,0.02,,3,chuk_rwanda
2022-01-08 22:00:00,18.8,69,13.0,6.1,14.8,0.0,853.6,0.0,100,,0.01,,3,chuk_rwanda
2022-01-08 23:00:00,17.4,74,12.8,9.5,18.4,0.0,852.5,0.0,99,,0.02,,3,chuk_rwanda
2022-01-09 00:00:00,16.9,77,12.8,8.3,18.7,0.0,851.3,0.0,100,,0.01,,3,chuk_rwanda
2022-01-09 01:00:00,16.1,83,13.2,4.6,16.2,0.0,850.8,0.0,98,,0.0,,3,chuk_rwanda
2022-01-09 02:00:00,15.4,87,13.2,4.8,8.3,0.0,850.6,0.0,100,,0.0,,3,chuk_rwanda
2022-01-09 03:00:00,15.4,84,12.6,5.2,9.0,0.0,851.1,0.0,100,,0.0,,3,chuk_rwanda
2022-01-09 04:00:00,15.3,84,12.6,7.6,14.0,0.0,851.2,0.0,100,,0.0,,3,chuk_rwanda
2022-01-09 05:00:00,16.1,80,12.7,5.9,14.8,0.0,851.8,0.0,100,,0.0,,3,chuk_rwanda
2022-01-09 06:00:00,16.3,79,12.6,6.8,13.0,0.0,852.7,0.0,100,,0.0,,3,chuk_rwanda
2022-01-09 07:00:00,17.3,76,13.0,7.6,14.4,0.0,853.3,49.0,99,,0.04,,3,chuk_rwanda
2022-01-09 08:00:00,21.1,65,14.1,3.5,15.1,0.0,855.7,282.0,85,,0.18,,3,chuk_rwanda
2022-01-09 09:00:00,24.4,49,13.1,1.3,11.2,0.0,856.9,515.0,87,,0.35,,3,chuk_rwanda
2022-01-09 10:00:00,26.0,40,11.5,5.2,15.1,0.0,857.2,628.0,96,,0.46,,3,chuk_rwanda
2022-01-09 11:00:00,27.0,33,9.3,8.6,21.2,0.0,856.5,505.0,71,,0.43,,2,chuk_rwanda
2022-01-09 12:00:00,28.8,29,9.1,11.9,29.5,0.0,856.1,792.0,84,,0.64,,3,chuk_rwanda
2022-01-09 13:00:00,28.5,29,8.8,12.3,29.5,0.0,854.6,532.0,100,,0.49,,3,chuk_rwanda
2022-01-09 14:00:00,28.1,29,8.6,14.3,28.8,0.0,854.4,326.0,75,,0.38,,2,chuk_rwanda
2022-01-09 15:00:00,27.8,31,8.9,10.7,31.3,0.0,853.9,381.0,100,,0.37,,3,chuk_rwanda
2022-01-09 16:00:00,27.2,31,8.6,11.7,28.1,0.0,853.3,312.0,100,,0.32,,3,chuk_rwanda
2022-01-09 17:00:00,26.3,38,10.7,6.9,28.4,0.0,853.1,168.0,100,,0.18,,3,chuk_rwanda
2022-01-09 18:00:00,26.5,31,8.1,3.6,16.2,0.0,853.3,50.0,89,,0.08,,3,chuk_rwanda
2022-01-09 19:00:00,22.4,55,12.8,5.2,10.4,0.0,852.0,1.0,60,,0.04,,2,chuk_rwanda
2022-01-09 20:00:00,21.0,55,11.8,3.7,12.2,0.0,852.1,0.0,100,,0.01,,3,chuk_rwanda
2022-01-09 21:00:00,19.4,56,10.4,7.6,16.6,0.0,852.6,0.0,97,,0.03,,3,chuk_rwanda
2022-01-09 22:00:00,18.3,59,10.1,8.6,18.0,0.0,852.6,0.0,100,,0.03,,3,chuk_rwanda
2022-01-09 23:00:00,17.9,59,9.9,10.0,20.5,0.0,851.9,0.0,100,,0.04,,3,chuk_rwanda
2022-01-10 00:00:00,17.2,63,10.1,7.9,20.5,0.0,850.6,0.0,100,,0.02,,3,chuk_rwanda
2022-01-10 01:00:00,16.6,67,10.6,5.9,15.8,0.0,849.9,0.0,100,,0.01,,3,chuk_rwanda
2022-01-10 02:00:00,14.9,80,11.4,6.0,10.8,0.0,849.7,0.0,100,,0.0,,3,chuk_rwanda
2022-01-10 03:00:00,15.2,75,10.9,4.9,9.0,0.0,850.0,0.0,100,,0.0,,3,chuk_rwanda
2022-01-10 04:00:00,14.9,77,10.9,6.4,11.9,0.0,849.8,0.0,100,,0.0,,3,chuk_rwanda
2022-01-10 05:00:00,14.6,79,11.1,5.6,11.9,0.0,850.1,0.0,100,,0.0,,3,chuk_rwanda
2022-01-10 06:00:00,14.4,81,11.2,4.8,10.4,0.0,850.6,0.0,100,,0.0,,3,chuk_rwanda
2022-01-10 07:00:00,15.5,79,11.9,3.7,7.9,0.0,852.2,42.0,100,,0.03,,3,chuk_rwanda
2022-01-10 08:00:00,19.0,64,12.1,4.1,11.5,0.0,854.6,204.0,100,,0.13,,3,chuk_rwanda
2022-01-10 09:00:00,22.2,53,12.2,0.0,12.2,0.0,855.7,460.0,100,,0.3,,3,chuk_rwanda
2022-01-10 10:00:00,24.2,47,12.1,3.5,13.7,0.0,855.9,623.0,100,,0.44,,3,chuk_rwanda
2022-01-10 11:00:00,26.1,39,11.2,5.1,17.6,0.0,855.9,836.0,100,,0.6,,3,chuk_rwanda
2022-01-10 12:00:00,27.2,36,10.9,6.8,20.5,0.0,855.1,846.0,100,,0.63,,3,chuk_rwanda
2022-01-10 13:00:00,28.0,33,10.4,7.4,20.9,0.0,854.2,676.0,100,,0.54,,3,chuk_rwanda
2022-01-10 14:00:00,28.5,31,9.9,11.3,21.2,0.0,853.3,459.0,100,,0.43,,3,chuk_rwanda
2022-01-10 15:00:00,28.0,32,9.6,13.2,30.2,0.0,852.4,475.0,100,,0.44,,3,chuk_rwanda
2022-01-10 16:00:00,26.7,36,10.2,10.0,30.6,0.0,851.9,186.0,100,,0.24,,3,chuk_rwanda
2022-01-10 17:00:00,26.1,43,12.6,5.2,23.0,0.0,852.0,137.0,100,,0.15,,3,chuk_rwanda
2022-01-10 18:00:00,24.1,52,13.7,4.9,12.6,0.0,851.6,75.0,100,,0.08,,3,chuk_rwanda
2022-01-10 19:00:00,21.5,63,14.3,4.5,10.4,0.0,851.0,1.0,100,,0.03,,3,chuk_rwanda
2022-01-10 20:00:00,20.6,61,12.9,3.1,7.9,0.0,851.2,0.0,100,,0.0,,3,chuk_rwanda
2022-01-10 21:00:00,19.0,69,13.1,4.3,10.8,0.0,851.6,0.0,100,,0.0,,3,chuk_rwanda
2022-01-10 22:00:00,18.8,65,12.0,5.0,10.8,0.0,852.0,0.0,100,,0.01,,3,chuk_rwanda
2022-01-10 23:00:00,17.4,70,11.9,7.7,15.5,0.0,851.0,0.0,100,,0.01,,3,chuk_rwanda
2022-01-11 00:00:00,17.4,70,11.8,9.5,18.0,0.0,850.3,0.0,100,,0.02,,3,chuk_rwanda
2022-01-11 01:00:00,16.9,77,12.9,4.7,18.0,0.0,849.7,0.0,91,,0.0,,3,chuk_rwanda
2022-01-11 02:00:00,15.6,78,11.8,6.3,8.6,0.0,849.1,0.0,100,,0.0,,3,chuk_rwanda
2022-01-11 03:00:00,14.9,81,11.7,7.0,13.0,0.0,848.9,0.0,100,,0.0,,3,chuk_rwanda
2022-01-11 04:00:00,15.2,80,11.8,6.1,13.3,0.0,849.5,0.0,100,,0.0,,3,chuk_rwanda
2022-01-11 05:00:00,14.6,82,11.6,6.4,12.6,0.0,850.1,0.0,100,,0.0,,3,chuk_rwanda
2022-01-11 06:00:00,14.6,82,11.7,6.1,11.9,0.0,850.7,0.0,100,,0.0,,3,chuk_rwanda
2022-01-11 07:00:00,17.1,73,12.2,5.6,13.0,0.0,852.4,34.0,100,,0.04,,3,chuk_rwanda
2022-01-11 08:00:00,20.3,64,13.2,3.4,11.5,0.0,854.7,169.0,100,,0.12,,3,chuk_rwanda
2022-01-11 09:00:00,22.8,53,12.6,1.6,9.7,0.0,856.0,332.0,69,,0.23,,2,chuk_rwanda
2022-01-11 10:00:00,24.8,47,12.7,1.8,10.4,0.0,856.2,508.0,92,,0.36,,3,chuk_rwanda
2022-01-11 11:00:00,26.8,39,11.6,6.1,18.7,0.0,856.0,792.0,100,,0.59,,3,chuk_rwanda
2022-01-11 12:00:00,28.7,32,10.6,8.0,23.0,0.0,855.4,959.0,100,,0.73,,3,chuk_rwanda
2022-01-11 13:00:00,29.5,29,9.6,9.4,24.1,0.0,854.1,787.0,98,,0.63,,3,chuk_rwanda
2022-01-11 14:00:00,29.0,31,10.2,10.1,25.6,0.0,853.3,671.0,100,,0.56,,3,chuk_rwanda
2022-01-11 15:00:00,28.4,32,10.2,8.4,24.1,0.0,852.2,391.0,100,,0.36,,3,chuk_rwanda
2022-01-11 16:00:00,28.2,32,9.9,8.4,21.2,0.0,851.8,304.0,100,,0.3,,3,chuk_rwanda
2022-01-11 17:00:00,27.0,38,11.6,6.9,21.6,0.0,851.6,133.0,100,,0.17,,3,chuk_rwanda
2022-01-11 18:00:00,25.2,47,13.2,5.2,17.3,0.0,851.1,78.0,51,,0.09,,2,chuk_rwanda
2022-01-11 19:00:00,23.2,48,11.4,9.0,20.2,0.0,851.5,1.0,94,,0.08,,3,chuk_rwanda
2022-01-11 20:00:00,21.5,57,12.6,8.0,20.9,0.0,852.1,0.0,92,,0.04,,3,chuk_rwanda
2022-01-11 21:00:00,20.6,62,13.1,7.4,19.4,0.0,852.4,0.0,98,,0.03,,3,chuk_rwanda
2022-01-11 22:00:00,19.8,69,13.8,4.7,16.9,0.0,852.4,0.0,100,,0.0,,3,chuk_rwanda
2022-01-11 23:00:00,18.9,72,13.7,2.9,11.5,0.0,852.3,0.0,99,,0.0,,3,chuk_rwanda
2022-01-12 00:00:00,17.7,75,13.2,7.0,11.5,0.0,851.6,0.0,99,,0.01,,3,chuk_rwanda
2022-01-12 01:00:00,17.0,77,12.9,7.9,14.8,0.0,850.6,0.0,99,,0.01,,3,chuk_rwanda
2022-01-12 02:00:00,16.3,80,12.9,7.7,17.3,0.0,850.0,0.0,94,,0.0,,3,chuk_rwanda
2022-01-12 03:00:00,15.6,83,12.7,7.7,15.8,0.0,849.7,0.0,80,,0.0,,3,chuk_rwanda
2022-01-12 04:00:00,14.8,86,12.4,6.5,14.4,0.0,849.7,0.0,82,,0.0,,3,chuk_rwanda
2022-01-12 05:00:00,14.1,88,12.1,7.0,12.6,0.0,850.1,0.0,88,,0.0,,3,chuk_rwanda
2022-01-12 06:00:00,13.8,85,11.3,6.6,13.3,0.0,850.5,0.0,96,,0.0,,3,chuk_rwanda
2022-01-12 07:00:00,15.6,75,11.1,7.5,15.5,0.0,851.8,63.0,90,,0.04,,3,chuk_rwanda
2022-01-12 08:00:00,20.5,59,12.4,2.3,15.8,0.0,854.9,284.0,93,,0.17,,3,chuk_rwanda
2022-01-12 09:00:00,24.1,49,12.7,4.4,15.1,0.0,856.6,526.0,93,,0.36,,3,chuk_rwanda
2022-01-12 10:00:00,26.6,38,11.0,9.1,23.0,0.0,857.1,737.0,98,,0.55,,3,chuk_rwanda
2022-01-12 11:00:00,27.5,34,10.1,13.0,31.7,0.0,856.8,759.0,95,,0.6,,3,chuk_rwanda
2022-01-12 12:00:00,28.0,33,10.4,12.7,32.0,0.0,856.0,813.0,99,,0.64,,3,chuk_rwanda
2022-01-12 13:00:00,28.9,32,10.3,12.0,31.3,0.0,855.1,863.0,100,,0.68,,3,chuk_rwanda
2022-01-12 14:00:00,29.0,33,10.9,10.7,30.2,0.0,854.4,760.0,100,,0.61,,3,chuk_rwanda
2022-01-12 15:00:00,28.6,32,10.4,10.5,25.2,0.0,853.1,536.0,100,,0.46,,3,chuk_rwanda
2022-01-12 16:00:00,28.6,33,10.7,8.3,24.8,0.0,852.5,382.0,100,,0.34,,3,chuk_rwanda
2022-01-12 17:00:00,27.5,37,11.6,6.4,20.2,0.0,852.3,157.0,100,,0.18,,3,chuk_rwanda
2022-01-12 18:00:00,25.2,45,12.5,9.4,20.9,0.0,852.4,59.0,86,,0.12,,3,chuk_rwanda
2022-01-12 19:00:00,23.0,55,13.6,7.0,24.5,0.0,852.8,1.0,27,,0.05,,1,chuk_rwanda
2022-01-12 20:00:00,21.5,63,14.2,4.7,16.2,0.0,853.2,0.0,100,,0.01,,3,chuk_rwanda
2022-01-12 21:00:00,20.9,67,14.5,7.2,15.1,0.0,853.8,0.0,94,,0.02,,3,chuk_rwanda
2022-01-12 22:00:00,20.0,73,14.9,5.4,15.1,0.0,853.8,0.0,86,,0.0,,3,chuk_rwanda
2022-01-12 23:00:00,19.0,77,14.8,5.8,10.8,0.0,853.2,0.0,99,,0.0,,3,chuk_rwanda
2022-01-13 00:00:00,18.5,78,14.6,8.0,14.8,0.0,852.9,0.0,100,,0.01,,3,chuk_rwanda
2022-01-13 01:00:00,18.9,75,14.2,7.9,16.6,0.0,852.4,0.0,99,,0.01,,3,chuk_rwanda
2022-01-13 02:00:00,18.8,76,14.4,8.0,16.2,0.0,851.8,0.0,100,,0.01,,3,chuk_rwanda
2022-01-13 03:00:00,18.5,76,14.2,8.5,18.4,0.0,851.2,0.0,100,,0.01,,3,chuk_rwanda
2022-01-13 04:00:00,17.1,85,14.6,4.3,17.3,0.0,851.1,0.0,100,,0.0,,3,chuk_rwanda
2022-01-13 05:00:00,16.2,87,14.1,2.6,7.9,0.0,851.9,0.0,99,,0.0,,3,chuk_rwanda
2022-01-13 06:00:00,15.1,91,13.6,6.3,11.9,0.0,852.1,0.0,100,,0.0,,3,chuk_rwanda
2022-01-13 07:00:00,16.2,85,13.6,5.9,13.7,0.0,853.1,51.0,100,,0.03,,3,chuk_rwanda
2022-01-13 08:00:00,19.7,71,14.2,2.7,12.6,0.0,855.6,179.0,100,,0.12,,3,chuk_rwanda
2022-01-13 09:00:00,22.4,58,13.6,1.1,9.7,0.0,857.0,306.0,100,,0.21,,3,chuk_rwanda
2022-01-13 10:00:00,25.0,45,12.3,3.8,13.7,0.0,857.4,548.0,100,,0.4,,3,chuk_rwanda
2022-01-13 11:00:00,27.0,36,10.6,11.7,28.4,0.0,857.2,708.0,100,,0.56,,3,chuk_rwanda
2022-01-13 12:00:00,26.9,35,10.1,13.0,31.0,0.0,856.4,572.0,100,,0.49,,3,chuk_rwanda
2022-01-13 13:00:00,28.2,32,10.1,10.9,31.7,0.0,855.5,852.0,100,,0.66,,3,chuk_rwanda
2022-01-13 14:00:00,27.9,31,9.2,12.7,27.7,0.0,854.9,889.0,98,,0.68,,3,chuk_rwanda
2022-01-13 15:00:00,27.6,32,9.4,10.1,29.9,0.0,853.9,579.0,100,,0.48,,3,chuk_rwanda
2022-01-13 16:00:00,27.6,32,9.4,8.4,24.5,0.0,853.4,412.0,100,,0.36,,3,chuk_rwanda
2022-01-13 17:00:00,26.8,52,16.2,1.3,19.4,0.0,853.4,193.0,100,,0.15,,3,chuk_rwanda
2022-01-13 18:00:00,25.0,57,15.9,4.0,5.8,0.0,853.1,46.0,100,,0.06,,3,chuk_rwanda
2022-01-13 19:00:00,24.6,52,13.9,2.6,5.8,0.0,853.9,1.0,100,,0.03,,3,chuk_rwanda
2022-01-13 20:00:00,22.9,51,12.1,4.8,12.6,0.0,854.4,0.0,100,,0.02,,3,chuk_rwanda
2022-01-13 21:00:00,21.0,64,14.0,4.0,11.9,0.0,854.6,0.0,100,,0.01,,3,chuk_rwanda
2022-01-13 22:00:00,20.6,53,10.7,3.6,8.6,0.0,854.9,0.0,100,,0.01,,3,chuk_rwanda
2022-01-13 23:00:00,18.7,60,10.9,7.0,13.3,0.0,854.0,0.0,100,,0.02,,3,chuk_rwanda
2022-01-14 00:00:00,18.0,63,11.0,7.2,15.8,0.0,853.3,0.0,100,,0.02,,3,chuk_rwanda
2022-01-14 01:00:00,17.4,68,11.4,4.2,13.7,0.0,852.9,0.0,100,,0.0,,3,chuk_rwanda
2022-01-14 02:00:00,16.9,72,11.9,7.1,10.4,0.0,853.6,0.0,100,,0.01,,3,chuk_rwanda
2022-01-14 03:00:00,17.6,71,12.2,6.8,14.4,0.0,853.6,0.0,100,,0.01,,3,chuk_rwanda
2022-01-14 04:00:00,17.5,72,12.4,6.3,14.0,0.0,853.3,0.0,100,,0.01,,3,chuk_rwanda
2022-01-14 05:00:00,17.2,74,12.6,4.1,13.7,0.0,853.5,0.0,100,,0.0,,3,chuk_rwanda
2022-01-14 06:00:00,16.8,76,12.6,2.9,9.0,0.0,853.6,0.0,100,,0.0,,3,chuk_rwanda
2022-01-14 07:00:00,17.1,76,12.9,3.6,7.6,0.0,854.7,25.0,100,,0.03,,3,chuk_rwanda
2022-01-14 08:00:00,19.1,68,13.1,1.1,7.6,0.0,856.0,141.0,100,,0.09,,3,chuk_rwanda
2022-01-14 09:00:00,21.6,57,12.8,0.5,8.3,0.0,857.1,365.0,100,,0.24,,3,chuk_rwanda
2022-01-14 10:00:00,24.1,48,12.4,1.3,10.4,0.0,857.6,578.0,100,,0.4,,3,chuk_rwanda
2022-01-14 11:00:00,25.5,42,11.9,2.8,13.0,0.0,857.4,632.0,100,,0.46,,3,chuk_rwanda
2022-01-14 12:00:00,26.3,39,11.3,5.8,17.6,0.0,856.7,601.0,100,,0.47,,3,chuk_rwanda
2022-01-14 13:00:00,26.5,37,10.6,7.3,19.8,0.0,855.7,489.0,100,,0.41,,3,chuk_rwanda
2022-01-14 14:00:00,27.3,34,10.1,10.7,21.6,0.0,855.1,568.0,100,,0.48,,3,chuk_rwanda
2022-01-14 15:00:00,27.2,34,10.1,9.3,25.9,0.0,854.5,485.0,100,,0.41,,3,chuk_rwanda
2022-01-14 16:00:00,26.2,37,10.4,6.6,22.3,0.0,853.8,245.0,100,,0.24,,3,chuk_rwanda
2022-01-14 17:00:00,25.6,41,11.4,2.5,16.2,0.0,854.1,143.0,100,,0.13,,3,chuk_rwanda
2022-01-14 18:00:00,24.0,49,12.6,3.1,6.5,0.0,854.0,75.0,100,,0.07,,3,chuk_rwanda
2022-01-14 19:00:00,21.4,69,15.6,3.7,7.2,0.0,853.7,2.0,100,,0.01,,3,chuk_rwanda
2022-01-14 20:00:00,20.3,75,15.7,3.7,6.8,0.0,854.4,0.0,100,,0.0,,3,chuk_rwanda
2022-01-14 21:00:00,20.2,68,14.0,3.0,7.9,0.0,854.9,0.0,100,,0.0,,3,chuk_rwanda
2022-01-14 22:00:00,18.8,67,12.4,6.1,11.9,0.0,854.5,0.0,100,,0.01,,3,chuk_rwanda
2022-01-14 23:00:00,17.2,74,12.6,7.1,13.3,0.0,853.7,0.0,100,,0.01,,3,chuk_rwanda
2022-01-15 00:00:00,16.6,82,13.6,2.5,13.7,0.0,853.5,0.0,100,,0.0,,3,chuk_rwanda
2022-01-15 01:00:00,16.1,85,13.6,2.9,6.8,0.0,853.2,0.0,100,,0.0,,3,chuk_rwanda
2022-01-15 02:00:00,15.8,86,13.5,3.7,9.7,0.0,852.5,0.0,100,,0.0,,3,chuk_rwanda
2022-01-15 03:00:00,15.9,86,13.6,2.4,8.3,0.0,852.3,0.0,100,,0.0,,3,chuk_rwanda
2022-01-15 04:00:00,15.8,86,13.4,1.8,5.8,0.0,852.5,0.0,100,,0.0,,3,chuk_rwanda
2022-01-15 05:00:00,15.5,86,13.2,3.4,7.2,0.0,852.9,0.0,100,,0.0,,3,chuk_rwanda
2022-01-15 06:00:00,15.4,86,12.9,5.2,9.7,0.0,853.1,0.0,100,,0.0,,3,chuk_rwanda
2022-01-15 07:00:00,16.9,78,13.1,4.2,10.8,0.0,854.4,30.0,100,,0.03,,3,chuk_rwanda
2022-01-15 08:00:00,19.8,68,13.6,0.4,8.6,0.0,856.6,211.0,100,,0.13,,3,chuk_rwanda
2022-01-15 09:00:00,21.5,63,14.0,2.6,11.2,0.0,857.0,325.0,100,,0.22,,3,chuk_rwanda
2022-01-15 10:00:00,23.1,57,14.2,4.6,15.5,0.0,857.3,470.0,100,,0.34,,3,chuk_rwanda
2022-01-15 11:00:00,25.0,51,14.1,6.0,21.6,0.0,857.3,726.0,100,,0.52,,3,chuk_rwanda
2022-01-15 12:00:00,26.4,46,13.7,8.3,23.4,0.0,856.4,789.0,100,,0.59,,3,chuk_rwanda
2022-01-15 13:00:00,26.5,42,12.6,9.7,27.0,0.0,855.1,748.0,100,,0.57,,3,chuk_rwanda
2022-01-15 14:00:00,24.5,49,13.1,4.4,25.6,0.0,854.7,758.0,100,,0.54,,3,chuk_rwanda
2022-01-15 15:00:00,24.6,49,13.1,2.3,16.2,0.0,854.1,625.0,66,,0.44,,2,chuk_rwanda
2022-01-15 16:00:00,24.4,50,13.4,5.4,16.6,0.1,853.5,465.0,86,,0.34,,51,chuk_rwanda
2022-01-15 17:00:00,23.6,53,13.6,4.3,17.6,0.1,852.7,306.0,100,,0.21,,51,chuk_rwanda
2022-01-15 18:00:00,21.8,67,15.3,3.5,13.0,0.0,852.7,107.0,100,,0.07,,3,chuk_rwanda
2022-01-15 19:00:00,20.2,75,15.6,2.9,7.2,0.0,853.0,2.0,100,,0.01,,3,chuk_rwanda
2022-01-15 20:00:00,19.5,76,15.2,5.2,10.1,0.0,853.3,0.0,100,,0.0,,3,chuk_rwanda
2022-01-15 21:00:00,18.2,82,15.1,7.2,13.0,0.0,853.7,0.0,97,,0.0,,3,chuk_rwanda
2022-01-15 22:00:00,17.9,85,15.2,4.8,13.7,0.0,854.1,0.0,98,,0.0,,3,chuk_rwanda
2022-01-15 23:00:00,16.9,89,15.1,5.2,9.0,0.0,853.7,0.0,100,,0.0,,3,chuk_rwanda
2022-01-16 00:00:00,16.2,93,15.1,7.8,14.0,0.0,853.1,0.0,100,,0.0,,3,chuk_rwanda
2022-01-16 01:00:00,15.9,93,14.8,8.5,15.8,0.0,852.4,0.0,100,,0.0,,3,chuk_rwanda
2022-01-16 02:00:00,15.8,94,14.8,3.3,15.5,0.0,852.6,0.0,99,,0.0,,3,chuk_rwanda
2022-01-16 03:00:00,15.3,94,14.4,4.9,9.7,0.0,852.2,0.0,39,,0.0,,1,chuk_rwanda
2022-01-16 04:00:00,14.8,96,14.1,3.5,8.3,0.0,851.7,0.0,27,,0.0,,1,chuk_rwanda
2022-01-16 05:00:00,14.5,96,13.9,6.3,11.2,0.0,852.3,0.0,21,,0.0,,1,chuk_rwanda
2022-01-16 06:00:00,14.6,96,13.9,4.9,11.2,0.0,853.3,0.0,95,,0.0,,3,chuk_rwanda
2022-01-16 07:00:00,16.0,90,14.3,5.9,14.0,0.0,855.2,42.0,98,,0.02,,3,chuk_rwanda
2022-01-16 08:00:00,18.7,77,14.6,4.0,13.7,0.0,856.6,215.0,99,,0.13,,3,chuk_rwanda
2022-01-16 09:00:00,20.3,71,14.9,6.3,19.1,0.0,857.5,408.0,100,,0.26,,3,chuk_rwanda
2022-01-16 10:00:00,22.4,64,15.2,4.6,18.7,0.0,857.7,662.0,100,,0.44,,3,chuk_rwanda
2022-01-16 11:00:00,24.0,59,15.6,6.3,20.5,0.1,857.3,818.0,95,,0.56,,51,chuk_rwanda
2022-01-16 12:00:00,25.2,54,15.3,4.7,20.5,0.1,856.3,885.0,100,,0.63,,51,chuk_rwanda
2022-01-16 13:00:00,26.0,50,14.9,9.4,25.6,0.1,855.1,923.0,100,,0.66,,51,chuk_rwanda
2022-01-16 14:00:00,20.0,74,15.1,14.3,26.3,0.0,854.7,605.0,98,,0.37,,3,chuk_rwanda
2022-01-16 15:00:00,20.0,77,15.9,4.3,32.8,2.6,854.2,309.0,100,,0.22,,63,chuk_rwanda
2022-01-16 16:00:00,21.4,71,15.9,7.9,20.5,0.1,853.9,366.0,100,,0.25,,51,chuk_rwanda
2022-01-16 17:00:00,20.4,71,15.0,6.8,23.8,0.0,853.2,248.0,100,,0.17,,3,chuk_rwanda
2022-01-16 18:00:00,18.9,84,16.0,2.9,16.2,0.0,853.3,92.0,100,,0.05,,3,chuk_rwanda
2022-01-16 19:00:00,18.2,83,15.2,3.1,7.6,0.0,853.4,2.0,100,,0.0,,3,chuk_rwanda
2022-01-16 20:00:00,16.4,92,15.1,1.9,5.8,0.0,853.1,0.0,100,,0.0,,3,chuk_rwanda
2022-01-16 21:00:00,16.1,94,15.1,2.3,5.8,0.0,853.7,0.0,100,,0.0,,3,chuk_rwanda
2022-01-16 22:00:00,15.6,95,14.9,3.1,7.2,0.0,853.8,0.0,100,,0.0,,3,chuk_rwanda
2022-01-16 23:00:00,14.9,97,14.4,3.5,8.3,0.0,853.3,0.0,100,,0.0,,3,chuk_rwanda
2022-01-17 00:00:00,14.3,97,13.9,3.1,7.9,0.0,852.6,0.0,100,,0.0,,3,chuk_rwanda
2022-01-17 01:00:00,13.9,98,13.6,3.6,7.9,0.0,852.0,0.0,100,,0.0,,3,chuk_rwanda
2022-01-17 02:00:00,13.2,98,12.9,5.2,9.4,0.0,851.6,0.0,100,,0.0,,3,chuk_rwanda
2022-01-17 03:00:00,13.2,97,12.8,6.5,12.2,0.0,851.5,0.0,100,,0.0,,3,chuk_rwanda
2022-01-17 04:00:00,13.6,94,12.6,6.7,12.6,0.0,851.7,0.0,100,,0.0,,3,chuk_rwanda
2022-01-17 05:00:00,14.1,90,12.5,6.6,12.6,0.0,852.3,0.0,100,,0.0,,3,chuk_rwanda
2022-01-17 06:00:00,15.3,84,12.7,4.7,13.3,0.0,853.3,0.0,100,,0.0,,3,chuk_rwanda
2022-01-17 07:00:00,16.0,82,13.0,4.3,9.4,0.0,854.4,16.0,100,,0.03,,3,chuk_rwanda
2022-01-17 08:00:00,18.2,75,13.6,1.5,9.7,0.0,856.2,104.0,100,,0.08,,3,chuk_rwanda
2022-01-17 09:00:00,19.5,67,13.2,2.3,8.6,0.0,857.8,187.0,100,,0.14,,3,chuk_rwanda
2022-01-17 10:00:00,20.1,65,13.4,2.4,10.1,0.0,857.7,233.0,100,,0.17,,3,chuk_rwanda
2022-01-17 11:00:00,21.5,61,13.8,1.3,10.8,0.0,857.6,397.0,100,,0.28,,3,chuk_rwanda
2022-01-17 12:00:00,22.5,56,13.3,2.9,11.5,0.0,857.2,437.0,100,,0.32,,3,chuk_rwanda
2022-01-17 13:00:00,24.0,51,13.2,3.5,15.8,0.0,856.5,673.0,100,,0.49,,3,chuk_rwanda
2022-01-17 14:00:00,23.8,55,14.1,3.1,14.4,0.0,856.5,649.0,100,,0.46,,3,chuk_rwanda
2022-01-17 15:00:00,24.1,52,13.6,1.4,13.0,0.0,855.7,542.0,100,,0.39,,3,chuk_rwanda
2022-01-17 16:00:00,24.0,51,13.1,3.4,13.0,0.0,855.1,449.0,100,,0.32,,3,chuk_rwanda
2022-01-17 17:00:00,21.8,60,13.8,4.8,12.2,0.0,854.9,139.0,100,,0.12,,3,chuk_rwanda
2022-01-17 18:00:00,20.2,71,14.8,2.8,13.0,0.0,855.4,70.0,100,,0.05,,3,chuk_rwanda
2022-01-17 19:00:00,19.1,76,14.9,4.3,9.4,0.0,855.8,1.0,100,,0.02,,3,chuk_rwanda
2022-01-17 20:00:00,18.4,80,14.9,3.9,9.0,0.0,856.0,0.0,100,,0.0,,3,chuk_rwanda
2022-01-17 21:00:00,17.8,88,15.8,1.5,7.6,0.0,856.4,0.0,100,,0.0,,3,chuk_rwanda
2022-01-17 22:00:00,17.5,89,15.6,2.0,3.6,0.0,856.8,0.0,100,,0.0,,3,chuk_rwanda
2022-01-17 23:00:00,17.0,90,15.4,1.8,4.0,0.0,856.5,0.0,100,,0.0,,3,chuk_rwanda
2022-01-18 00:00:00,16.8,89,15.1,3.8,7.2,0.0,855.8,0.0,100,,0.0,,3,chuk_rwanda
2022-01-18 01:00:00,16.2,92,14.9,4.8,10.1,0.0,854.9,0.0,100,,0.0,,3,chuk_rwanda
2022-01-18 02:00:00,15.0,97,14.4,3.4,9.4,0.0,853.6,0.0,100,,0.0,,3,chuk_rwanda
2022-01-18 03:00:00,14.5,97,14.0,3.9,9.0,0.0,853.5,0.0,100,,0.0,,3,chuk_rwanda
2022-01-18 04:00:00,14.5,97,13.9,4.0,9.0,0.0,853.7,0.0,100,,0.0,,3,chuk_rwanda
2022-01-18 05:00:00,14.2,96,13.6,4.4,8.6,0.0,854.1,0.0,100,,0.0,,3,chuk_rwanda
2022-01-18 06:00:00,14.1,96,13.4,5.4,10.8,0.0,854.2,0.0,100,,0.0,,3,chuk_rwanda
2022-01-18 07:00:00,15.0,91,13.6,6.1,13.7,0.0,855.0,48.0,100,,0.02,,3,chuk_rwanda
2022-01-18 08:00:00,18.2,79,14.6,1.8,13.3,0.0,857.1,224.0,100,,0.13,,3,chuk_rwanda
2022-01-18 09:00:00,20.4,70,14.7,2.8,13.0,0.0,857.9,462.0,100,,0.3,,3,chuk_rwanda
2022-01-18 10:00:00,22.5,62,14.7,2.5,17.6,0.0,858.4,685.0,100,,0.46,,3,chuk_rwanda
2022-01-18 11:00:00,24.1,56,14.9,1.6,18.0,0.0,858.2,826.0,100,,0.58,,3,chuk_rwanda
2022-01-18 12:00:00,25.1,51,14.3,4.6,18.0,0.0,857.1,815.0,100,,0.58,,3,chuk_rwanda
2022-01-18 13:00:00,24.8,49,13.4,11.1,24.5,0.0,855.8,641.0,100,,0.48,,3,chuk_rwanda
2022-01-18 14:00:00,23.6,56,14.2,3.7,37.1,6.7,856.2,367.0,100,,0.28,,63,chuk_rwanda
2022-01-18 15:00:00,18.0,90,16.3,3.4,16.6,5.8,855.3,151.0,100,,0.11,,63,chuk_rwanda
2022-01-18 16:00:00,17.9,88,15.9,2.8,10.1,1.1,854.2,66.0,100,,0.06,,55,chuk_rwanda
2022-01-18 17:00:00,18.8,84,16.0,3.6,11.2,0.2,854.7,148.0,100,,0.1,,51,chuk_rwanda
2022-01-18 18:00:00,17.7,93,16.5,3.7,9.7,0.0,854.5,71.0,100,,0.04,,3,chuk_rwanda
2022-01-18 19:00:00,17.2,92,16.0,3.5,6.5,0.0,854.7,2.0,100,,0.0,,3,chuk_rwanda
2022-01-18 20:00:00,16.5,95,15.8,5.2,8.3,0.0,855.5,0.0,100,,0.0,,3,chuk_rwanda
2022-01-18 21:00:00,16.3,96,15.6,5.0,9.0,0.0,856.1,0.0,100,,0.0,,3,chuk_rwanda
2022-01-18 22:00:00,15.6,97,15.1,5.5,9.7,0.0,856.2,0.0,100,,0.0,,3,chuk_rwanda
2022-01-18 23:00:00,15.6,96,14.9,4.2,8.3,0.0,856.2,0.0,100,,0.0,,3,chuk_rwanda
2022-01-19 00:00:00,14.9,97,14.5,4.4,9.0,0.0,855.4,0.0,100,,0.0,,3,chuk_rwanda
2022-01-19 01:00:00,14.6,97,14.2,4.6,10.8,0.0,854.9,0.0,100,,0.0,,3,chuk_rwanda
2022-01-19 02:00:00,15.7,99,15.5,2.9,10.1,0.0,855.1,0.0,100,,0.0,,3,chuk_rwanda
2022-01-19 03:00:00,15.6,98,15.4,2.9,6.5,0.0,855.1,0.0,100,,0.0,,3,chuk_rwanda
2022-01-19 04:00:00,15.5,98,15.2,2.5,6.5,0.1,854.8,0.0,100,,0.0,,51,chuk_rwanda
2022-01-19 05:00:00,15.2,98,14.9,2.3,6.5,0.1,854.9,0.0,100,,0.0,,51,chuk_rwanda
2022-01-19 06:00:00,14.8,97,14.4,2.6,6.1,0.0,855.3,0.0,100,,0.0,,3,chuk_rwanda
2022-01-19 07:00:00,15.6,96,14.9,4.3,9.4,0.0,856.2,50.0,99,,0.02,,3,chuk_rwanda
2022-01-19 08:00:00,17.5,88,15.4,3.7,12.6,0.0,857.7,198.0,97,,0.12,,3,chuk_rwanda
2022-01-19 09:00:00,19.5,78,15.7,1.1,12.6,0.0,858.2,446.0,98,,0.28,,3,chuk_rwanda
2022-01-19 10:00:00,21.6,68,15.4,2.3,13.7,0.0,858.4,660.0,100,,0.44,,3,chuk_rwanda
2022-01-19 11:00:00,23.0,60,14.9,3.8,18.0,0.0,858.3,764.0,100,,0.53,,3,chuk_rwanda
2022-01-19 12:00:00,23.4,58,14.7,5.4,20.9,0.0,857.5,611.0,100,,0.44,,3,chuk_rwanda
2022-01-19 13:00:00,23.9,57,14.8,6.4,21.2,0.0,856.5,587.0,100,,0.43,,3,chuk_rwanda
2022-01-19 14:00:00,22.1,64,15.1,6.6,20.5,0.0,855.3,586.0,100,,0.41,,3,chuk_rwanda
2022-01-19 15:00:00,23.0,62,15.3,3.3,18.4,0.0,854.6,420.0,100,,0.3,,3,chuk_rwanda
2022-01-19 16:00:00,23.6,58,14.8,1.3,13.7,0.1,854.6,419.0,100,,0.29,,51,chuk_rwanda
2022-01-19 17:00:00,23.0,59,14.4,1.8,10.1,0.5,854.4,231.0,100,,0.16,,53,chuk_rwanda
2022-01-19 18:00:00,20.9,80,17.2,3.3,6.1,0.0,853.9,82.0,100,,0.06,,3,chuk_rwanda
2022-01-19 19:00:00,19.1,83,16.1,4.6,8.6,0.0,853.9,2.0,100,,0.01,,3,chuk_rwanda
2022-01-19 20:00:00,19.0,84,16.2,5.3,9.4,0.0,854.7,0.0,100,,0.0,,3,chuk_rwanda
2022-01-19 21:00:00,18.5,84,15.7,5.6,11.2,0.0,855.8,0.0,100,,0.0,,3,chuk_rwanda
2022-01-19 22:00:00,18.1,82,15.1,4.2,13.0,0.0,855.8,0.0,100,,0.0,,3,chuk_rwanda
2022-01-19 23:00:00,17.3,84,14.6,4.2,9.7,0.0,855.7,0.0,100,,0.0,,3,chuk_rwanda
2022-01-20 00:00:00,16.5,89,14.7,3.8,9.0,0.0,855.0,0.0,100,,0.0,,3,chuk_rwanda
2022-01-20 01:00:00,17.0,86,14.6,3.8,7.9,0.0,855.2,0.0,100,,0.0,,3,chuk_rwanda
2022-01-20 02:00:00,16.2,93,15.1,2.9,7.2,0.0,854.9,0.0,100,,0.0,,3,chuk_rwanda
2022-01-20 03:00:00,16.2,94,15.1,2.6,9.7,0.0,854.7,0.0,100,,0.0,,3,chuk_rwanda
2022-01-20 04:00:00,15.8,94,14.9,2.5,5.8,0.0,854.5,0.0,100,,0.0,,3,chuk_rwanda
2022-01-20 05:00:00,15.6,96,15.0,3.9,6.5,0.0,854.8,0.0,100,,0.0,,3,chuk_rwanda
2022-01-20 06:00:00,15.7,94,14.7,2.9,6.1,0.0,854.9,0.0,98,,0.0,,3,chuk_rwanda
2022-01-20 07:00:00,16.4,93,15.2,4.2,9.4,0.0,855.8,48.0,96,,0.02,,3,chuk_rwanda
2022-01-20 08:00:00,18.2,86,15.8,2.9,11.5,0.0,857.2,223.0,78,,0.13,,2,chuk_rwanda
2022-01-20 09:00:00,20.4,75,15.9,4.1,15.1,0.0,858.0,461.0,70,,0.29,,2,chuk_rwanda
2022-01-20 10:00:00,22.5,66,15.9,5.4,21.6,0.1,858.4,697.0,86,,0.46,,51,chuk_rwanda
2022-01-20 11:00:00,24.0,61,16.1,4.8,22.3,0.2,858.1,871.0,82,,0.6,,51,chuk_rwanda
2022-01-20 12:00:00,24.6,58,15.8,5.4,21.2,0.2,856.8,766.0,100,,0.55,,51,chuk_rwanda
2022-01-20 13:00:00,23.3,62,15.6,7.7,20.5,2.5,855.3,550.0,91,,0.4,,63,chuk_rwanda
2022-01-20 14:00:00,20.8,74,15.9,10.6,29.2,6.1,854.4,581.0,91,,0.38,,63,chuk_rwanda
2022-01-20 15:00:00,23.6,59,15.0,4.1,26.6,0.0,854.3,571.0,99,,0.4,,3,chuk_rwanda
2022-01-20 16:00:00,22.6,59,14.2,6.7,18.0,0.3,853.8,447.0,100,,0.31,,51,chuk_rwanda
2022-01-20 17:00:00,22.0,63,14.6,5.1,18.0,0.0,853.6,190.0,100,,0.15,,3,chuk_rwanda
2022-01-20 18:00:00,20.7,70,14.9,7.1,14.4,0.0,853.7,92.0,100,,0.08,,3,chuk_rwanda
2022-01-20 19:00:00,19.3,77,15.1,7.7,19.4,0.0,853.8,1.0,100,,0.04,,3,chuk_rwanda
2022-01-20 20:00:00,18.4,82,15.2,6.1,14.8,0.0,854.1,0.0,100,,0.0,,3,chuk_rwanda
2022-01-20 21:00:00,17.9,85,15.3,4.7,11.9,0.0,854.2,0.0,99,,0.0,,3,chuk_rwanda
2022-01-20 22:00:00,17.1,90,15.4,5.9,10.4,0.0,853.8,0.0,100,,0.0,,3,chuk_rwanda
2022-01-20 23:00:00,16.6,93,15.4,7.0,13.0,0.0,854.0,0.0,100,,0.0,,3,chuk_rwanda
2022-01-21 00:00:00,16.3,94,15.3,5.5,12.6,0.0,853.6,0.0,100,,0.0,,3,chuk_rwanda
2022-01-21 01:00:00,15.9,94,15.0,5.2,10.4,0.0,853.6,0.0,100,,0.0,,3,chuk_rwanda
2022-01-21 02:00:00,14.9,94,13.9,6.0,9.7,0.0,852.7,0.0,100,,0.0,,3,chuk_rwanda
2022-01-21 03:00:00,15.1,92,13.7,6.3,12.2,0.0,852.6,0.0,100,,0.0,,3,chuk_rwanda
2022-01-21 04:00:00,15.7,88,13.8,5.1,12.6,0.0,853.1,0.0,100,,0.0,,3,chuk_rwanda
2022-01-21 05:00:00,15.9,87,13.8,5.4,11.5,0.0,853.2,0.0,100,,0.0,,3,chuk_rwanda
2022-01-21 06:00:00,16.0,87,13.8,5.4,10.8,0.0,853.4,0.0,100,,0.0,,3,chuk_rwanda
2022-01-21 07:00:00,16.8,84,14.1,4.6,11.2,0.0,854.2,31.0,100,,0.03,,3,chuk_rwanda
2022-01-21 08:00:00,18.9,77,14.7,2.3,9.7,0.0,856.1,184.0,100,,0.12,,3,chuk_rwanda
2022-01-21 09:00:00,20.1,71,14.8,3.3,11.5,0.0,856.7,286.0,100,,0.2,,3,chuk_rwanda
2022-01-21 10:00:00,21.1,68,14.9,6.8,18.4,0.0,856.8,361.0,100,,0.26,,3,chuk_rwanda
2022-01-21 11:00:00,22.0,67,15.6,5.8,27.4,0.1,856.8,603.0,100,,0.41,,51,chuk_rwanda
2022-01-21 12:00:00,22.6,67,16.1,6.2,27.0,0.4,856.1,618.0,100,,0.43,,51,chuk_rwanda
2022-01-21 13:00:00,23.4,66,16.5,6.5,25.9,0.4,855.4,723.0,100,,0.5,,51,chuk_rwanda
2022-01-21 14:00:00,23.6,59,15.2,4.7,25.9,0.2,855.0,606.0,100,,0.43,,51,chuk_rwanda
2022-01-21 15:00:00,24.4,58,15.5,0.8,21.2,0.0,854.1,563.0,100,,0.4,,3,chuk_rwanda
2022-01-21 16:00:00,24.8,53,14.6,0.8,12.6,0.0,853.4,416.0,100,,0.29,,3,chuk_rwanda
2022-01-21 17:00:00,25.0,50,13.8,3.4,11.2,0.0,853.3,283.0,98,,0.21,,3,chuk_rwanda
2022-01-21 18:00:00,23.0,59,14.6,4.3,9.7,0.0,853.1,96.0,99,,0.08,,3,chuk_rwanda
2022-01-21 19:00:00,21.5,67,15.1,3.7,9.7,0.0,853.5,2.0,100,,0.02,,3,chuk_rwanda
2022-01-21 20:00:00,20.3,73,15.2,3.3,8.6,0.0,854.4,0.0,100,,0.0,,3,chuk_rwanda
2022-01-21 21:00:00,20.1,70,14.6,3.2,6.1,0.0,855.2,0.0,100,,0.0,,3,chuk_rwanda
2022-01-21 22:00:00,19.1,75,14.6,6.4,10.8,0.4,856.3,0.0,100,,0.01,,51,chuk_rwanda
2022-01-21 23:00:00,17.4,87,15.2,9.0,23.0,0.2,856.1,0.0,100,,0.0,,51,chuk_rwanda
2022-01-22 00:00:00,16.3,94,15.2,6.1,16.9,1.7,855.7,0.0,100,,0.0,,61,chuk_rwanda
2022-01-22 01:00:00,16.2,96,15.6,4.6,22.0,1.0,854.7,0.0,100,,0.0,,55,chuk_rwanda
2022-01-22 02:00:00,17.4,87,15.2,4.1,9.4,0.0,854.5,0.0,100,,0.0,,3,chuk_rwanda
2022-01-22 03:00:00,16.9,91,15.4,2.5,8.6,0.0,854.5,0.0,100,,0.0,,3,chuk_rwanda
2022-01-22 04:00:00,16.2,94,15.2,2.5,6.8,0.0,854.1,0.0,100,,0.0,,3,chuk_rwanda
2022-01-22 05:00:00,15.4,96,14.8,4.3,7.9,0.1,854.0,0.0,100,,0.0,,51,chuk_rwanda
2022-01-22 06:00:00,15.6,95,14.9,3.4,7.6,0.0,854.2,0.0,100,,0.0,,3,chuk_rwanda
2022-01-22 07:00:00,16.7,90,15.1,5.4,11.2,0.0,855.0,37.0,100,,0.02,,3,chuk_rwanda
2022-01-22 08:00:00,19.3,78,15.4,4.0,12.2,0.0,856.4,257.0,100,,0.15,,3,chuk_rwanda
2022-01-22 09:00:00,21.4,67,15.1,2.5,13.7,0.0,857.0,510.0,16,,0.33,,0,chuk_rwanda
2022-01-22 10:00:00,23.1,58,14.6,0.8,12.2,0.1,857.1,731.0,98,,0.5,,51,chuk_rwanda
2022-01-22 11:00:00,24.7,49,13.4,4.4,16.2,0.1,856.9,824.0,100,,0.58,,51,chuk_rwanda
2022-01-22 12:00:00,25.8,44,12.7,6.6,20.2,0.1,856.3,832.0,100,,0.61,,51,chuk_rwanda
2022-01-22 13:00:00,26.3,41,12.1,6.5,20.5,0.0,855.3,778.0,100,,0.58,,3,chuk_rwanda
2022-01-22 14:00:00,23.1,51,12.3,1.8,20.9,0.0,854.7,735.0,100,,0.51,,3,chuk_rwanda
2022-01-22 15:00:00,23.0,53,12.8,3.7,10.8,0.0,853.5,134.0,100,,0.14,,3,chuk_rwanda
2022-01-22 16:00:00,23.8,51,12.9,4.3,12.6,0.0,853.4,265.0,100,,0.21,,3,chuk_rwanda
2022-01-22 17:00:00,23.4,53,13.4,4.8,13.3,0.0,853.4,179.0,100,,0.15,,3,chuk_rwanda
2022-01-22 18:00:00,22.1,61,14.3,4.8,11.5,0.0,853.3,78.0,100,,0.07,,3,chuk_rwanda
2022-01-22 19:00:00,20.4,73,15.4,5.4,11.2,0.0,853.2,3.0,100,,0.01,,3,chuk_rwanda
2022-01-22 20:00:00,19.6,76,15.2,3.3,8.6,0.0,853.9,0.0,100,,0.0,,3,chuk_rwanda
2022-01-22 21:00:00,18.8,81,15.4,3.2,6.5,0.0,854.4,0.0,100,,0.0,,3,chuk_rwanda
2022-01-22 22:00:00,18.6,76,14.2,4.3,7.9,0.0,854.9,0.0,97,,0.0,,3,chuk_rwanda
2022-01-22 23:00:00,17.2,83,14.2,3.4,9.7,0.0,854.2,0.0,77,,0.0,,2,chuk_rwanda
2022-01-23 00:00:00,17.0,84,14.3,2.6,6.1,0.0,854.0,0.0,49,,0.0,,1,chuk_rwanda
2022-01-23 01:00:00,16.6,87,14.4,2.5,5.4,0.0,853.5,0.0,85,,0.0,,3,chuk_rwanda
2022-01-23 02:00:00,15.8,96,15.1,4.6,5.0,0.0,853.0,0.0,99,,0.0,,3,chuk_rwanda
2022-01-23 03:00:00,17.1,91,15.6,3.3,10.8,0.0,853.6,0.0,100,,0.0,,3,chuk_rwanda
2022-01-23 04:00:00,17.3,90,15.6,2.5,6.8,0.0,853.8,0.0,100,,0.0,,3,chuk_rwanda
2022-01-23 05:00:00,17.1,91,15.6,2.2,4.7,0.0,854.3,0.0,100,,0.0,,3,chuk_rwanda
2022-01-23 06:00:00,16.5,95,15.6,1.8,4.3,0.0,854.1,0.0,100,,0.0,,3,chuk_rwanda
2022-01-23 07:00:00,17.0,91,15.6,1.6,5.8,0.0,854.9,38.0,100,,0.02,,3,chuk_rwanda
2022-01-23 08:00:00,18.4,86,16.0,3.7,11.2,0.0,856.2,165.0,100,,0.1,,3,chuk_rwanda
2022-01-23 09:00:00,20.6,74,15.7,3.6,14.4,0.0,857.1,445.0,100,,0.29,,3,chuk_rwanda
2022-01-23 10:00:00,22.0,65,15.2,1.8,15.5,0.1,857.2,537.0,100,,0.37,,51,chuk_rwanda
2022-01-23 11:00:00,23.5,59,15.1,2.0,14.0,0.0,857.0,650.0,96,,0.46,,3,chuk_rwanda
2022-01-23 12:00:00,24.9,54,15.0,3.4,17.3,0.0,856.2,821.0,99,,0.59,,3,chuk_rwanda
2022-01-23 13:00:00,26.1,49,14.4,5.1,18.4,0.0,855.3,855.0,100,,0.62,,3,chuk_rwanda
2022-01-23 14:00:00,21.5,72,16.3,4.0,21.6,1.6,854.7,304.0,97,,0.23,,61,chuk_rwanda
2022-01-23 15:00:00,22.1,69,16.3,4.0,18.0,0.0,853.9,473.0,100,,0.33,,3,chuk_rwanda
2022-01-23 16:00:00,22.3,68,16.0,3.2,17.3,0.0,853.3,357.0,100,,0.25,,3,chuk_rwanda
2022-01-23 17:00:00,22.3,67,15.9,1.8,14.4,0.1,853.6,322.0,94,,0.21,,51,chuk_rwanda
2022-01-23 18:00:00,21.5,75,16.8,1.8,10.8,0.0,853.8,111.0,99,,0.06,,3,chuk_rwanda
2022-01-23 19:00:00,19.9,84,17.0,2.9,6.1,0.0,853.9,3.0,93,,0.0,,3,chuk_rwanda
2022-01-23 20:00:00,19.4,83,16.5,2.5,4.7,0.0,854.4,0.0,90,,0.0,,3,chuk_rwanda
2022-01-23 21:00:00,18.3,90,16.6,3.4,5.4,0.0,854.8,0.0,100,,0.0,,3,chuk_rwanda
2022-01-23 22:00:00,17.9,89,16.0,3.3,5.8,0.0,855.0,0.0,100,,0.0,,3,chuk_rwanda
2022-01-23 23:00:00,17.1,93,16.0,3.0,7.9,0.0,854.3,0.0,97,,0.0,,3,chuk_rwanda
2022-01-24 00:00:00,17.0,91,15.6,1.1,4.7,0.0,854.0,0.0,100,,0.0,,3,chuk_rwanda
2022-01-24 01:00:00,16.6,95,15.8,1.1,2.5,0.0,853.6,0.0,100,,0.0,,3,chuk_rwanda
2022-01-24 02:00:00,15.2,96,14.6,3.9,2.5,0.0,852.4,0.0,100,,0.0,,3,chuk_rwanda
2022-01-24 03:00:00,14.9,95,14.1,4.5,10.1,0.0,852.2,0.0,97,,0.0,,3,chuk_rwanda
2022-01-24 04:00:00,14.6,95,13.8,4.6,9.4,0.0,852.0,0.0,96,,0.0,,3,chuk_rwanda
2022-01-24 05:00:00,14.4,94,13.4,5.6,11.2,0.0,852.0,0.0,97,,0.0,,3,chuk_rwanda
2022-01-24 06:00:00,14.2,93,13.1,6.0,12.6,0.0,852.0,0.0,100,,0.0,,3,chuk_rwanda
2022-01-24 07:00:00,15.8,87,13.7,6.5,13.7,0.0,853.2,50.0,100,,0.02,,3,chuk_rwanda
2022-01-24 08:00:00,19.0,80,15.4,1.1,13.7,0.0,855.1,253.0,25,,0.15,,1,chuk_rwanda
2022-01-24 09:00:00,21.7,66,15.1,2.3,12.2,0.0,856.1,480.0,46,,0.31,,1,chuk_rwanda
2022-01-24 10:00:00,23.2,60,14.9,3.4,14.0,0.0,856.0,612.0,65,,0.42,,2,chuk_rwanda
2022-01-24 11:00:00,24.0,57,14.8,1.5,17.6,0.0,855.6,599.0,100,,0.43,,3,chuk_rwanda
2022-01-24 12:00:00,25.4,53,15.1,2.9,17.3,0.0,855.0,683.0,44,,0.5,,1,chuk_rwanda
2022-01-24 13:00:00,27.1,44,13.9,7.8,21.6,0.0,854.0,922.0,100,,0.68,,3,chuk_rwanda
2022-01-24 14:00:00,25.6,44,12.6,11.5,32.0,0.0,853.3,784.0,59,,0.58,,2,chuk_rwanda
2022-01-24 15:00:00,22.1,70,16.4,11.7,33.8,0.8,852.0,417.0,98,,0.3,,53,chuk_rwanda
2022-01-24 16:00:00,24.9,53,14.6,6.1,26.6,0.0,852.1,519.0,96,,0.37,,3,chuk_rwanda
2022-01-24 17:00:00,24.8,49,13.5,1.9,18.4,0.0,852.0,300.0,97,,0.21,,3,chuk_rwanda
2022-01-24 18:00:00,23.0,71,17.5,2.9,12.2,0.0,852.0,98.0,94,,0.07,,3,chuk_rwanda
2022-01-24 19:00:00,20.0,76,15.6,2.3,9.0,0.3,852.8,2.0,100,,0.01,,51,chuk_rwanda
2022-01-24 20:00:00,19.5,83,16.4,2.4,7.2,0.0,853.6,0.0,100,,0.0,,3,chuk_rwanda
2022-01-24 21:00:00,18.0,90,16.4,3.7,6.8,0.2,853.8,0.0,100,,0.0,,51,chuk_rwanda
2022-01-24 22:00:00,18.0,88,15.9,4.5,9.0,0.1,854.3,0.0,100,,0.0,,51,chuk_rwanda
2022-01-24 23:00:00,17.2,91,15.6,4.0,10.1,0.0,853.6,0.0,100,,0.0,,3,chuk_rwanda
2022-01-25 00:00:00,17.8,90,16.1,1.9,7.2,0.0,853.7,0.0,100,,0.0,,3,chuk_rwanda
2022-01-25 01:00:00,17.6,89,15.7,3.6,8.6,0.2,853.7,0.0,100,,0.0,,51,chuk_rwanda
2022-01-25 02:00:00,16.9,88,14.8,4.3,12.6,0.0,853.4,0.0,100,,0.0,,3,chuk_rwanda
2022-01-25 03:00:00,16.4,92,15.1,1.5,9.0,0.0,853.1,0.0,100,,0.0,,3,chuk_rwanda
2022-01-25 04:00:00,15.9,93,14.7,3.1,7.2,0.0,852.6,0.0,100,,0.0,,3,chuk_rwanda
2022-01-25 05:00:00,15.9,92,14.6,3.6,8.6,0.0,852.7,0.0,100,,0.0,,3,chuk_rwanda
2022-01-25 06:00:00,16.0,92,14.8,2.6,8.3,0.0,852.9,0.0,100,,0.0,,3,chuk_rwanda
2022-01-25 07:00:00,16.9,88,14.8,3.7,10.1,0.0,853.5,33.0,100,,0.02,,3,chuk_rwanda
2022-01-25 08:00:00,18.4,80,14.8,2.9,11.5,0.0,854.4,184.0,100,,0.11,,3,chuk_rwanda
2022-01-25 09:00:00,19.6,75,15.1,2.8,11.9,0.0,854.6,307.0,100,,0.2,,3,chuk_rwanda
2022-01-25 10:00:00,21.4,68,15.2,6.0,16.9,0.0,854.8,468.0,100,,0.32,,3,chuk_rwanda
2022-01-25 11:00:00,23.4,61,15.4,5.5,18.0,0.0,854.7,618.0,100,,0.44,,3,chuk_rwanda
2022-01-25 12:00:00,26.2,49,14.6,1.1,29.2,0.0,854.2,812.0,100,,0.59,,3,chuk_rwanda
2022-01-25 13:00:00,28.0,34,10.9,6.6,18.7,0.0,853.3,803.0,100,,0.62,,3,chuk_rwanda
2022-01-25 14:00:00,28.0,33,10.2,0.7,27.0,0.1,852.6,768.0,100,,0.56,,51,chuk_rwanda
2022-01-25 15:00:00,27.9,36,11.3,5.2,15.5,0.0,852.1,602.0,88,,0.47,,3,chuk_rwanda
2022-01-25 16:00:00,27.3,36,10.9,1.8,15.1,0.0,851.8,427.0,100,,0.31,,3,chuk_rwanda
2022-01-25 17:00:00,25.8,43,12.3,7.1,18.0,0.0,851.5,177.0,92,,0.18,,3,chuk_rwanda
2022-01-25 18:00:00,23.8,60,15.4,6.6,19.4,0.0,851.3,75.0,100,,0.09,,3,chuk_rwanda
2022-01-25 19:00:00,22.1,67,15.8,4.3,14.4,0.0,851.3,2.0,73,,0.03,,2,chuk_rwanda
2022-01-25 20:00:00,21.0,69,15.1,4.0,8.3,0.0,851.5,0.0,82,,0.0,,3,chuk_rwanda
2022-01-25 21:00:00,20.6,72,15.4,1.3,7.9,0.0,852.3,0.0,100,,0.0,,3,chuk_rwanda
2022-01-25 22:00:00,20.4,71,15.0,5.9,14.0,0.0,853.1,0.0,100,,0.01,,3,chuk_rwanda
2022-01-25 23:00:00,20.5,75,15.9,0.4,13.3,0.0,852.9,0.0,100,,0.0,,3,chuk_rwanda
2022-01-26 00:00:00,19.4,74,14.6,4.6,8.3,0.0,852.2,0.0,100,,0.0,,3,chuk_rwanda
2022-01-26 01:00:00,18.5,76,14.1,4.0,9.0,0.0,851.5,0.0,99,,0.0,,3,chuk_rwanda
2022-01-26 02:00:00,17.2,75,12.8,4.2,9.0,0.0,851.2,0.0,100,,0.0,,3,chuk_rwanda
2022-01-26 03:00:00,16.1,80,12.7,6.0,11.5,0.0,850.5,0.0,100,,0.0,,3,chuk_rwanda
2022-01-26 04:00:00,15.2,83,12.4,6.5,12.6,0.0,850.1,0.0,95,,0.0,,3,chuk_rwanda
2022-01-26 05:00:00,15.2,84,12.6,7.4,14.8,0.0,850.5,0.0,71,,0.0,,2,chuk_rwanda
2022-01-26 06:00:00,15.1,87,12.9,7.4,15.5,0.0,850.8,0.0,19,,0.0,,0,chuk_rwanda
2022-01-26 07:00:00,16.1,83,13.2,7.4,15.1,0.0,851.8,51.0,11,,0.03,,0,chuk_rwanda
2022-01-26 08:00:00,19.9,69,14.1,4.5,15.1,0.0,854.1,265.0,0,,0.16,,0,chuk_rwanda
2022-01-26 09:00:00,23.0,57,14.0,1.3,13.0,0.0,855.2,514.0,26,,0.34,,1,chuk_rwanda
2022-01-26 10:00:00,26.0,41,11.6,8.2,20.2,0.0,855.4,734.0,59,,0.53,,2,chuk_rwanda
2022-01-26 11:00:00,27.3,32,9.3,12.8,30.6,0.0,855.0,733.0,75,,0.58,,2,chuk_rwanda
2022-01-26 12:00:00,28.3,32,10.0,13.1,32.8,0.0,854.2,859.0,61,,0.68,,2,chuk_rwanda
2022-01-26 13:00:00,29.4,29,9.6,10.0,32.4,0.0,853.2,879.0,74,,0.69,,2,chuk_rwanda
2022-01-26 14:00:00,28.5,33,10.8,8.2,25.2,0.0,853.0,581.0,100,,0.49,,3,chuk_rwanda
2022-01-26 15:00:00,28.5,32,10.3,9.0,21.2,0.0,851.7,562.0,100,,0.47,,3,chuk_rwanda
2022-01-26 16:00:00,27.4,35,10.8,8.6,23.4,0.0,850.8,272.0,84,,0.28,,3,chuk_rwanda
2022-01-26 17:00:00,27.5,34,10.2,8.3,21.2,0.0,850.8,322.0,97,,0.28,,3,chuk_rwanda
2022-01-26 18:00:00,24.9,44,11.8,8.2,22.0,0.0,850.6,91.0,99,,0.12,,3,chuk_rwanda
2022-01-26 19:00:00,22.8,50,11.9,7.5,18.0,0.0,850.3,2.0,93,,0.06,,3,chuk_rwanda
2022-01-26 20:00:00,22.0,55,12.6,6.8,18.0,0.0,851.4,0.0,50,,0.03,,2,chuk_rwanda
2022-01-26 21:00:00,21.0,59,12.7,4.5,15.5,0.0,852.4,0.0,16,,0.01,,0,chuk_rwanda
2022-01-26 22:00:00,19.8,64,12.8,4.2,16.9,0.0,852.9,0.0,79,,0.01,,2,chuk_rwanda
2022-01-26 23:00:00,18.8,67,12.6,5.8,13.0,0.0,852.8,0.0,99,,0.01,,3,chuk_rwanda
2022-01-27 00:00:00,17.4,74,12.7,5.8,12.6,0.0,852.2,0.0,96,,0.0,,3,chuk_rwanda
2022-01-27 01:00:00,16.4,80,12.9,5.4,12.6,0.0,851.6,0.0,100,,0.0,,3,chuk_rwanda
2022-01-27 02:00:00,17.5,78,13.6,4.0,13.3,0.0,851.9,0.0,100,,0.0,,3,chuk_rwanda
2022-01-27 03:00:00,16.8,79,13.1,6.6,13.7,0.0,851.2,0.0,100,,0.0,,3,chuk_rwanda
2022-01-27 04:00:00,16.1,81,12.8,7.4,14.8,0.0,850.7,0.0,100,,0.0,,3,chuk_rwanda
2022-01-27 05:00:00,15.4,83,12.6,7.9,15.1,0.0,850.7,0.0,100,,0.0,,3,chuk_rwanda
2022-01-27 06:00:00,15.0,85,12.5,7.2,15.1,0.0,850.8,0.0,99,,0.0,,3,chuk_rwanda
2022-01-27 07:00:00,16.0,81,12.8,7.2,15.1,0.0,851.8,50.0,100,,0.03,,3,chuk_rwanda
2022-01-27 08:00:00,19.8,69,14.1,3.9,15.1,0.0,854.4,266.0,21,,0.16,,1,chuk_rwanda
2022-01-27 09:00:00,22.5,59,14.1,3.6,13.3,0.0,855.7,515.0,76,,0.34,,2,chuk_rwanda
2022-01-27 10:00:00,24.7,50,13.4,2.7,15.1,0.0,856.1,735.0,85,,0.51,,3,chuk_rwanda
2022-01-27 11:00:00,26.9,37,10.9,9.7,25.2,0.1,855.8,811.0,100,,0.61,,51,chuk_rwanda
2022-01-27 12:00:00,28.0,32,9.7,12.3,30.2,0.0,855.0,757.0,100,,0.61,,3,chuk_rwanda
2022-01-27 13:00:00,28.6,31,9.7,12.5,32.0,0.0,853.9,795.0,100,,0.64,,3,chuk_rwanda
2022-01-27 14:00:00,28.0,33,10.4,8.2,30.6,0.0,853.4,570.0,90,,0.48,,3,chuk_rwanda
2022-01-27 15:00:00,27.4,34,10.3,7.4,21.2,0.0,852.5,589.0,100,,0.47,,3,chuk_rwanda
2022-01-27 16:00:00,27.4,35,10.4,7.1,19.8,0.0,852.0,507.0,100,,0.4,,3,chuk_rwanda
2022-01-27 17:00:00,26.0,45,13.1,3.1,18.7,0.0,851.8,161.0,100,,0.14,,3,chuk_rwanda
2022-01-27 18:00:00,23.6,52,13.4,6.8,14.4,0.0,852.3,61.0,98,,0.09,,3,chuk_rwanda
2022-01-27 19:00:00,21.5,65,14.6,5.1,15.5,0.0,852.2,2.0,100,,0.03,,3,chuk_rwanda
2022-01-27 20:00:00,21.3,67,14.9,2.4,10.4,0.0,853.4,0.0,100,,0.0,,3,chuk_rwanda
2022-01-27 21:00:00,20.6,70,14.9,3.2,6.8,0.0,854.0,0.0,100,,0.0,,3,chuk_rwanda
2022-01-27 22:00:00,19.5,74,14.7,3.9,6.5,0.0,854.5,0.0,100,,0.0,,3,chuk_rwanda
2022-01-27 23:00:00,18.9,76,14.5,4.4,10.1,0.0,854.7,0.0,100,,0.0,,3,chuk_rwanda
2022-01-28 00:00:00,18.2,82,15.2,1.8,8.6,0.0,854.3,0.0,100,,0.0,,3,chuk_rwanda
2022-01-28 01:00:00,18.0,78,14.1,2.3,5.8,0.0,853.9,0.0,100,,0.0,,3,chuk_rwanda
2022-01-28 02:00:00,17.8,74,13.1,4.0,4.7,0.0,853.1,0.0,100,,0.0,,3,chuk_rwanda
2022-01-28 03:00:00,17.5,79,13.9,2.9,8.3,0.0,853.0,0.0,100,,0.0,,3,chuk_rwanda
2022-01-28 04:00:00,16.6,85,14.1,2.9,6.8,0.0,852.7,0.0,100,,0.0,,3,chuk_rwanda
2022-01-28 05:00:00,16.2,87,14.1,2.6,5.8,0.0,852.9,0.0,100,,0.0,,3,chuk_rwanda
2022-01-28 06:00:00,15.9,89,14.1,2.0,4.7,0.0,853.2,0.0,100,,0.0,,3,chuk_rwanda
2022-01-28 07:00:00,16.9,85,14.4,3.8,8.3,0.0,854.2,41.0,100,,0.02,,3,chuk_rwanda
2022-01-28 08:00:00,19.4,77,15.3,2.3,10.1,0.0,855.8,228.0,84,,0.14,,3,chuk_rwanda
2022-01-28 09:00:00,21.6,69,15.7,1.8,11.5,0.0,856.5,520.0,100,,0.34,,3,chuk_rwanda
2022-01-28 10:00:00,23.4,58,14.8,1.1,13.0,0.1,856.7,705.0,95,,0.48,,51,chuk_rwanda
2022-01-28 11:00:00,25.4,44,12.4,3.9,15.5,0.2,856.3,795.0,99,,0.57,,51,chuk_rwanda
2022-01-28 12:00:00,26.8,39,11.5,6.4,19.4,0.0,855.6,794.0,83,,0.6,,3,chuk_rwanda
2022-01-28 13:00:00,27.6,35,10.9,4.0,20.9,0.0,854.5,759.0,57,,0.57,,2,chuk_rwanda
2022-01-28 14:00:00,27.2,36,10.9,8.4,18.4,0.0,854.0,836.0,54,,0.63,,2,chuk_rwanda
2022-01-28 15:00:00,26.8,37,10.8,7.6,20.9,0.0,852.7,357.0,99,,0.32,,3,chuk_rwanda
2022-01-28 16:00:00,27.5,35,10.8,5.5,20.2,0.0,852.5,473.0,100,,0.37,,3,chuk_rwanda
2022-01-28 17:00:00,26.9,38,11.4,4.0,14.8,0.0,852.2,309.0,100,,0.23,,3,chuk_rwanda
2022-01-28 18:00:00,24.6,54,14.6,3.9,11.2,0.0,851.7,96.0,89,,0.08,,3,chuk_rwanda
2022-01-28 19:00:00,24.8,40,10.2,2.9,7.9,0.0,852.8,3.0,100,,0.02,,3,chuk_rwanda
2022-01-28 20:00:00,22.0,56,12.6,5.8,10.1,0.0,852.7,0.0,100,,0.02,,3,chuk_rwanda
2022-01-28 21:00:00,20.9,64,13.8,4.7,15.5,0.0,853.5,0.0,100,,0.01,,3,chuk_rwanda
2022-01-28 22:00:00,20.8,64,13.6,2.2,9.0,0.0,854.3,0.0,100,,0.0,,3,chuk_rwanda
2022-01-28 23:00:00,20.1,69,14.2,2.6,7.6,0.0,854.2,0.0,100,,0.0,,3,chuk_rwanda
2022-01-29 00:00:00,19.7,75,15.1,2.3,5.8,0.0,853.8,0.0,100,,0.0,,3,chuk_rwanda
2022-01-29 01:00:00,18.9,81,15.5,4.7,6.8,0.0,853.4,0.0,100,,0.0,,3,chuk_rwanda
2022-01-29 02:00:00,18.6,66,12.1,2.0,13.7,0.0,852.6,0.0,100,,0.0,,3,chuk_rwanda
2022-01-29 03:00:00,17.6,76,13.2,1.9,4.0,0.0,852.1,0.0,100,,0.0,,3,chuk_rwanda
2022-01-29 04:00:00,16.7,77,12.7,4.2,7.9,0.0,852.1,0.0,100,,0.0,,3,chuk_rwanda
2022-01-29 05:00:00,16.1,80,12.7,4.7,8.6,0.0,852.4,0.0,100,,0.0,,3,chuk_rwanda
2022-01-29 06:00:00,15.6,83,12.6,5.5,10.4,0.0,852.5,0.0,96,,0.0,,3,chuk_rwanda
2022-01-29 07:00:00,16.9,79,13.2,5.6,11.9,0.0,853.8,48.0,84,,0.03,,3,chuk_rwanda
2022-01-29 08:00:00,20.0,68,13.9,2.4,11.5,0.0,855.8,214.0,67,,0.13,,2,chuk_rwanda
2022-01-29 09:00:00,21.8,62,14.1,3.4,12.6,0.0,856.7,366.0,15,,0.25,,0,chuk_rwanda
2022-01-29 10:00:00,23.9,52,13.3,3.0,14.8,0.0,857.1,725.0,22,,0.5,,1,chuk_rwanda
2022-01-29 11:00:00,25.2,43,11.9,8.1,22.7,0.1,856.9,758.0,52,,0.55,,51,chuk_rwanda
2022-01-29 12:00:00,26.8,38,11.3,9.6,25.9,0.0,856.2,876.0,14,,0.65,,0,chuk_rwanda
2022-01-29 13:00:00,28.1,34,10.7,11.2,29.2,0.0,855.2,945.0,15,,0.72,,0,chuk_rwanda
2022-01-29 14:00:00,27.8,34,10.3,9.0,29.5,0.0,854.7,879.0,46,,0.67,,1,chuk_rwanda
2022-01-29 15:00:00,27.2,35,10.2,8.4,22.3,0.0,853.6,417.0,100,,0.37,,3,chuk_rwanda
2022-01-29 16:00:00,26.5,36,10.1,10.7,24.8,0.0,852.7,282.0,100,,0.29,,3,chuk_rwanda
2022-01-29 17:00:00,25.6,39,10.6,8.9,27.4,0.0,852.9,212.0,6,,0.22,,0,chuk_rwanda
2022-01-29 18:00:00,24.2,57,15.2,3.7,20.5,0.0,852.3,117.0,15,,0.09,,0,chuk_rwanda
2022-01-29 19:00:00,22.8,48,11.2,7.3,14.4,0.0,852.5,3.0,57,,0.06,,2,chuk_rwanda
2022-01-29 20:00:00,21.1,58,12.5,6.3,18.7,0.0,853.2,0.0,87,,0.02,,3,chuk_rwanda
2022-01-29 21:00:00,20.5,61,12.8,6.2,14.0,0.0,854.0,0.0,43,,0.02,,1,chuk_rwanda
2022-01-29 22:00:00,19.5,68,13.5,3.6,14.0,0.0,854.4,0.0,99,,0.0,,3,chuk_rwanda
2022-01-29 23:00:00,18.5,71,13.2,3.3,8.3,0.0,853.9,0.0,100,,0.0,,3,chuk_rwanda
2022-01-30 00:00:00,17.6,74,13.0,4.1,7.6,0.0,853.2,0.0,99,,0.0,,3,chuk_rwanda
2022-01-30 01:00:00,17.5,77,13.4,3.3,6.8,0.0,852.7,0.0,100,,0.0,,3,chuk_rwanda
2022-01-30 02:00:00,17.8,75,13.2,2.5,9.0,0.0,853.0,0.0,100,,0.0,,3,chuk_rwanda
2022-01-30 03:00:00,17.5,76,13.2,3.2,6.5,0.0,852.7,0.0,100,,0.0,,3,chuk_rwanda
2022-01-30 04:00:00,16.8,80,13.3,2.7,6.5,0.0,852.4,0.0,90,,0.0,,3,chuk_rwanda
2022-01-30 05:00:00,16.3,85,13.8,3.6,6.5,0.0,852.3,0.0,13,,0.0,,0,chuk_rwanda
2022-01-30 06:00:00,15.9,85,13.4,2.7,7.2,0.0,852.7,0.0,68,,0.0,,2,chuk_rwanda
2022-01-30 07:00:00,17.1,78,13.2,1.1,5.4,0.0,854.0,48.0,100,,0.02,,3,chuk_rwanda
2022-01-30 08:00:00,19.5,71,14.0,0.8,7.6,0.0,855.9,248.0,100,,0.14,,3,chuk_rwanda
2022-01-30 09:00:00,21.2,65,14.4,4.9,16.6,0.0,856.6,456.0,100,,0.3,,3,chuk_rwanda
2022-01-30 10:00:00,22.8,56,13.6,4.3,18.0,0.1,856.7,662.0,100,,0.45,,51,chuk_rwanda
2022-01-30 11:00:00,24.2,51,13.4,3.3,16.9,0.0,856.1,735.0,97,,0.52,,3,chuk_rwanda
2022-01-30 12:00:00,25.8,47,13.6,2.8,16.9,0.0,855.3,915.0,76,,0.66,,2,chuk_rwanda
2022-01-30 13:00:00,27.1,43,13.4,4.7,18.4,0.0,854.1,984.0,81,,0.72,,3,chuk_rwanda
2022-01-30 14:00:00,26.8,40,12.1,6.9,19.8,0.2,853.3,818.0,96,,0.61,,51,chuk_rwanda
2022-01-30 15:00:00,27.0,40,12.4,6.5,21.2,0.0,852.0,688.0,75,,0.52,,2,chuk_rwanda
2022-01-30 16:00:00,26.7,41,12.3,6.7,19.4,0.0,851.4,539.0,84,,0.41,,3,chuk_rwanda
2022-01-30 17:00:00,26.1,43,12.4,7.2,19.1,0.0,851.4,334.0,94,,0.26,,3,chuk_rwanda
2022-01-30 18:00:00,24.2,52,13.7,5.1,17.6,0.0,851.6,108.0,98,,0.09,,3,chuk_rwanda
2022-01-30 19:00:00,22.8,56,13.6,6.1,13.3,0.0,852.2,3.0,100,,0.04,,3,chuk_rwanda
2022-01-30 20:00:00,21.0,66,14.6,5.4,14.4,1.6,853.7,0.0,100,,0.01,,61,chuk_rwanda
2022-01-30 21:00:00,19.0,86,16.7,8.0,20.2,1.5,854.7,0.0,100,,0.0,,61,chuk_rwanda
2022-01-30 22:00:00,17.9,91,16.5,10.4,22.3,0.2,855.2,0.0,100,,0.0,,51,chuk_rwanda
2022-01-30 23:00:00,17.4,94,16.4,4.8,20.9,0.5,855.2,0.0,100,,0.0,,53,chuk_rwanda
2022-01-31 00:00:00,17.2,94,16.2,4.8,11.5,0.1,854.7,0.0,100,,0.0,,51,chuk_rwanda
2022-01-31 01:00:00,17.0,94,16.1,4.4,11.5,0.0,853.6,0.0,100,,0.0,,3,chuk_rwanda
2022-01-31 02:00:00,17.1,96,16.5,8.6,13.0,0.1,853.1,0.0,100,,0.0,,51,chuk_rwanda
2022-01-31 03:00:00,17.0,97,16.5,3.0,16.9,0.7,852.8,0.0,100,,0.0,,53,chuk_rwanda
2022-01-31 04:00:00,16.9,97,16.4,4.8,12.6,1.0,852.8,0.0,100,,0.0,,55,chuk_rwanda
2022-01-31 05:00:00,16.5,97,16.0,2.1,11.2,0.1,853.0,0.0,100,,0.0,,51,chuk_rwanda
2022-01-31 06:00:00,16.7,95,15.9,2.1,5.4,0.0,853.5,0.0,100,,0.0,,3,chuk_rwanda
2022-01-31 07:00:00,17.0,96,16.3,2.0,6.5,0.0,854.4,17.0,100,,0.02,,3,chuk_rwanda
2022-01-31 08:00:00,18.1,88,16.1,2.8,10.4,0.0,855.6,122.0,100,,0.08,,3,chuk_rwanda
2022-01-31 09:00:00,19.0,82,15.9,2.2,15.5,0.1,856.6,202.0,100,,0.14,,51,chuk_rwanda
2022-01-31 10:00:00,20.0,78,16.1,4.0,18.0,0.1,856.7,287.0,100,,0.2,,51,chuk_rwanda
2022-01-31 11:00:00,22.9,62,15.2,3.8,19.4,0.1,856.5,632.0,100,,0.44,,51,chuk_rwanda
2022-01-31 12:00:00,20.6,74,15.9,12.3,28.4,5.8,855.2,457.0,100,,0.31,,63,chuk_rwanda
2022-01-31 13:00:00,18.3,91,16.8,4.8,30.6,4.4,853.9,142.0,100,,0.11,,63,chuk_rwanda
2022-01-31 14:00:00,24.0,58,15.2,9.0,17.6,1.6,854.2,252.0,100,,0.23,,61,chuk_rwanda
2022-01-31 15:00:00,19.5,78,15.6,2.9,24.5,7.0,853.0,215.0,100,,0.16,,63,chuk_rwanda
2022-01-31 16:00:00,19.0,83,16.0,5.9,20.2,1.9,852.9,187.0,100,,0.13,,61,chuk_rwanda
2022-01-31 17:00:00,17.7,93,16.5,5.8,19.8,3.3,852.7,59.0,100,,0.05,,63,chuk_rwanda
2022-01-31 18:00:00,17.6,89,15.9,4.1,13.3,2.5,853.4,26.0,100,,0.03,,63,chuk_rwanda
2022-01-31 19:00:00,17.1,93,16.0,4.0,14.8,0.3,853.6,1.0,100,,0.01,,51,chuk_rwanda
2022-01-31 20:00:00,17.0,93,15.9,4.8,9.0,0.2,854.6,0.0,100,,0.0,,51,chuk_rwanda
2022-01-31 21:00:00,16.8,94,15.9,3.0,13.0,0.3,855.0,0.0,100,,0.0,,51,chuk_rwanda
2022-01-31 22:00:00,16.2,96,15.5,3.5,6.8,0.0,854.8,0.0,100,,0.0,,3,chuk_rwanda
2022-01-31 23:00:00,15.9,95,15.2,4.5,8.6,0.0,854.6,0.0,100,,0.0,,3,chuk_rwanda
2022-02-01 00:00:00,15.8,96,15.1,3.9,6.5,0.0,853.9,0.0,100,,0.0,,3,chuk_rwanda
2022-02-01 01:00:00,15.1,98,14.8,4.3,6.8,0.0,852.9,0.0,100,,0.0,,3,chuk_rwanda
2022-02-01 02:00:00,16.0,97,15.6,2.2,6.8,0.0,853.2,0.0,100,,0.0,,3,chuk_rwanda
2022-02-01 03:00:00,15.9,99,15.7,1.9,5.0,0.0,852.6,0.0,100,,0.0,,3,chuk_rwanda
2022-02-01 04:00:00,15.9,99,15.8,2.6,5.4,0.0,852.5,0.0,100,,0.0,,3,chuk_rwanda
2022-02-01 05:00:00,15.9,99,15.8,2.7,6.1,0.0,852.6,0.0,100,,0.0,,3,chuk_rwanda
2022-02-01 06:00:00,16.1,97,15.7,2.9,5.8,0.0,852.9,0.0,100,,0.0,,3,chuk_rwanda
2022-02-01 07:00:00,16.8,94,15.9,2.6,6.1,0.0,853.8,14.0,100,,0.02,,3,chuk_rwanda
2022-02-01 08:00:00,17.7,88,15.7,0.7,6.8,0.0,854.7,92.0,100,,0.07,,3,chuk_rwanda
2022-02-01 09:00:00,18.4,83,15.4,1.8,8.3,0.0,855.4,131.0,100,,0.1,,3,chuk_rwanda
2022-02-01 10:00:00,19.5,75,15.0,3.0,11.5,0.0,855.6,238.0,100,,0.17,,3,chuk_rwanda
2022-02-01 11:00:00,21.5,65,14.6,3.4,14.8,0.0,855.8,527.0,100,,0.37,,3,chuk_rwanda
2022-02-01 12:00:00,24.0,54,14.1,3.0,16.6,0.0,855.1,859.0,100,,0.6,,3,chuk_rwanda
2022-02-01 13:00:00,25.4,50,14.2,2.2,15.8,0.0,854.1,918.0,98,,0.66,,3,chuk_rwanda
2022-02-01 14:00:00,20.4,68,14.4,1.4,14.8,0.0,853.3,917.0,95,,0.61,,3,chuk_rwanda
2022-02-01 15:00:00,21.9,64,14.7,1.9,11.5,0.0,852.9,475.0,100,,0.33,,3,chuk_rwanda
2022-02-01 16:00:00,23.1,57,14.2,2.8,12.2,0.0,852.8,603.0,95,,0.41,,3,chuk_rwanda
2022-02-01 17:00:00,22.9,56,13.5,2.6,12.6,0.0,852.7,345.0,99,,0.23,,3,chuk_rwanda
2022-02-01 18:00:00,21.7,66,15.1,2.3,8.3,0.0,852.6,125.0,100,,0.07,,3,chuk_rwanda
2022-02-01 19:00:00,20.1,69,14.1,5.6,10.8,0.0,852.9,3.0,100,,0.02,,3,chuk_rwanda
2022-02-01 20:00:00,18.5,79,14.8,4.1,12.6,0.0,853.3,0.0,100,,0.0,,3,chuk_rwanda
2022-02-01 21:00:00,17.8,84,15.1,3.0,7.6,0.0,853.8,0.0,100,,0.0,,3,chuk_rwanda
2022-02-01 22:00:00,18.0,82,14.8,2.2,6.1,0.0,854.6,0.0,100,,0.0,,3,chuk_rwanda
2022-02-01 23:00:00,17.2,85,14.7,4.0,7.6,0.0,854.1,0.0,100,,0.0,,3,chuk_rwanda
2022-02-02 00:00:00,16.5,87,14.4,5.6,10.1,0.0,853.2,0.0,100,,0.0,,3,chuk_rwanda
2022-02-02 01:00:00,16.6,86,14.2,5.4,11.5,0.0,852.7,0.0,100,,0.0,,3,chuk_rwanda
2022-02-02 02:00:00,14.8,95,13.9,2.9,10.1,0.1,851.9,0.0,100,,0.0,,51,chuk_rwanda
2022-02-02 03:00:00,15.4,92,14.1,1.5,4.7,0.0,851.9,0.0,100,,0.0,,3,chuk_rwanda
2022-02-02 04:00:00,15.4,92,14.1,2.4,4.7,0.0,852.2,0.0,100,,0.0,,3,chuk_rwanda
2022-02-02 05:00:00,15.8,91,14.2,3.7,7.9,0.3,852.7,0.0,100,,0.0,,51,chuk_rwanda
2022-02-02 06:00:00,15.9,91,14.4,2.9,7.9,0.0,853.3,0.0,100,,0.0,,3,chuk_rwanda
2022-02-02 07:00:00,16.5,87,14.4,4.7,9.7,0.0,854.0,13.0,100,,0.02,,3,chuk_rwanda
2022-02-02 08:00:00,18.3,78,14.4,1.9,10.4,0.0,855.3,103.0,100,,0.07,,3,chuk_rwanda
2022-02-02 09:00:00,19.6,72,14.6,2.8,10.8,0.0,856.2,225.0,100,,0.16,,3,chuk_rwanda
2022-02-02 10:00:00,20.6,68,14.4,5.8,16.6,0.0,856.2,354.0,100,,0.25,,3,chuk_rwanda
2022-02-02 11:00:00,21.4,63,14.1,4.2,16.9,0.0,855.9,396.0,100,,0.29,,3,chuk_rwanda
2022-02-02 12:00:00,22.4,60,14.2,4.3,14.4,0.0,855.5,441.0,100,,0.32,,3,chuk_rwanda
2022-02-02 13:00:00,24.4,56,15.1,4.9,25.2,0.0,854.6,802.0,100,,0.57,,3,chuk_rwanda
2022-02-02 14:00:00,24.2,53,14.1,4.4,22.7,0.1,853.6,792.0,100,,0.56,,51,chuk_rwanda
2022-02-02 15:00:00,25.1,50,14.1,3.3,17.6,0.0,853.3,570.0,100,,0.42,,3,chuk_rwanda
2022-02-02 16:00:00,24.7,51,13.8,4.7,14.4,0.0,852.7,345.0,100,,0.27,,3,chuk_rwanda
2022-02-02 17:00:00,20.8,72,15.6,2.8,16.9,1.1,852.4,155.0,100,,0.12,,55,chuk_rwanda
2022-02-02 18:00:00,19.4,85,16.8,7.4,15.5,0.5,852.6,58.0,100,,0.05,,53,chuk_rwanda
2022-02-02 19:00:00,18.6,85,16.0,8.3,18.0,0.1,853.1,2.0,100,,0.02,,51,chuk_rwanda
2022-02-02 20:00:00,17.8,87,15.6,5.1,17.6,0.0,854.1,0.0,100,,0.0,,3,chuk_rwanda
2022-02-02 21:00:00,17.2,92,15.9,7.4,22.3,0.8,854.5,0.0,100,,0.0,,53,chuk_rwanda
2022-02-02 22:00:00,17.0,94,16.1,4.8,15.1,0.2,854.3,0.0,100,,0.0,,51,chuk_rwanda
2022-02-02 23:00:00,17.2,95,16.4,3.7,12.2,0.2,854.5,0.0,100,,0.0,,51,chuk_rwanda
2022-02-03 00:00:00,16.9,96,16.2,2.9,8.3,0.0,854.0,0.0,100,,0.0,,3,chuk_rwanda
2022-02-03 01:00:00,16.5,97,16.0,4.1,6.8,0.0,853.5,0.0,100,,0.0,,3,chuk_rwanda
2022-02-03 02:00:00,16.2,95,15.5,3.3,7.6,0.0,853.1,0.0,100,,0.0,,3,chuk_rwanda
2022-02-03 03:00:00,16.9,92,15.6,4.2,10.1,0.0,853.3,0.0,100,,0.0,,3,chuk_rwanda
2022-02-03 04:00:00,17.0,91,15.5,3.8,7.6,0.0,853.2,0.0,100,,0.0,,3,chuk_rwanda
2022-02-03 05:00:00,16.4,93,15.2,3.3,7.6,0.0,853.3,0.0,100,,0.0,,3,chuk_rwanda
2022-02-03 06:00:00,16.1,93,15.1,3.3,7.2,0.0,853.3,0.0,100,,0.0,,3,chuk_rwanda
2022-02-03 07:00:00,16.6,91,15.1,4.3,10.1,0.0,854.3,33.0,100,,0.02,,3,chuk_rwanda
2022-02-03 08:00:00,19.2,76,14.8,2.3,10.4,0.0,856.3,211.0,100,,0.13,,3,chuk_rwanda
2022-02-03 09:00:00,20.8,69,14.8,2.3,10.4,0.0,857.2,336.0,100,,0.23,,3,chuk_rwanda
2022-02-03 10:00:00,21.5,64,14.4,2.9,11.2,0.0,857.2,352.0,100,,0.25,,3,chuk_rwanda
2022-02-03 11:00:00,23.0,57,13.9,3.6,12.6,0.0,856.8,421.0,100,,0.31,,3,chuk_rwanda
2022-02-03 12:00:00,24.8,49,13.2,4.5,14.4,0.0,856.0,563.0,100,,0.42,,3,chuk_rwanda
2022-02-03 13:00:00,26.2,43,12.8,5.6,19.4,0.0,854.9,737.0,100,,0.55,,3,chuk_rwanda
2022-02-03 14:00:00,25.0,48,13.2,6.8,21.6,0.0,854.5,706.0,100,,0.52,,3,chuk_rwanda
2022-02-03 15:00:00,24.9,50,13.8,5.2,19.4,0.0,853.4,417.0,100,,0.33,,3,chuk_rwanda
2022-02-03 16:00:00,25.5,48,13.8,6.5,17.6,0.0,853.1,370.0,100,,0.3,,3,chuk_rwanda
2022-02-03 17:00:00,22.7,59,14.4,10.1,23.0,0.5,852.9,160.0,100,,0.16,,53,chuk_rwanda
2022-02-03 18:00:00,21.5,66,14.8,5.6,21.2,0.0,852.8,65.0,100,,0.07,,3,chuk_rwanda
2022-02-03 19:00:00,20.2,69,14.4,7.5,15.8,0.0,852.9,3.0,100,,0.03,,3,chuk_rwanda
2022-02-03 20:00:00,19.5,75,14.9,4.7,15.5,0.0,853.6,0.0,100,,0.0,,3,chuk_rwanda
2022-02-03 21:00:00,19.3,77,15.1,5.1,9.4,0.0,854.7,0.0,100,,0.0,,3,chuk_rwanda
2022-02-03 22:00:00,18.6,83,15.7,3.5,10.1,0.0,854.8,0.0,100,,0.0,,3,chuk_rwanda
2022-02-03 23:00:00,18.0,86,15.7,3.3,6.8,0.0,854.5,0.0,100,,0.0,,3,chuk_rwanda
2022-02-04 00:00:00,16.9,90,15.2,3.8,9.0,0.0,853.8,0.0,100,,0.0,,3,chuk_rwanda
2022-02-04 01:00:00,16.5,94,15.4,1.4,7.2,0.0,853.2,0.0,100,,0.0,,3,chuk_rwanda
2022-02-04 02:00:00,16.6,94,15.7,1.8,6.5,0.0,853.3,0.0,100,,0.0,,3,chuk_rwanda
2022-02-04 03:00:00,16.5,95,15.6,4.2,9.0,0.0,852.7,0.0,100,,0.0,,3,chuk_rwanda
2022-02-04 04:00:00,16.2,94,15.4,5.2,11.2,0.0,852.5,0.0,100,,0.0,,3,chuk_rwanda
2022-02-04 05:00:00,16.2,94,15.1,5.2,11.2,0.0,852.7,0.0,100,,0.0,,3,chuk_rwanda
2022-02-04 06:00:00,16.3,92,15.1,5.0,10.8,0.0,853.3,0.0,100,,0.0,,3,chuk_rwanda
2022-02-04 07:00:00,16.8,89,14.9,4.9,11.2,0.0,853.7,27.0,100,,0.02,,3,chuk_rwanda
2022-02-04 08:00:00,19.0,77,14.8,2.0,10.8,0.0,855.2,147.0,100,,0.1,,3,chuk_rwanda
2022-02-04 09:00:00,21.6,64,14.4,2.5,10.8,0.0,856.4,429.0,100,,0.28,,3,chuk_rwanda
2022-02-04 10:00:00,23.8,56,14.4,2.9,22.3,0.0,857.0,594.0,100,,0.42,,3,chuk_rwanda
2022-02-04 11:00:00,25.8,48,13.9,5.1,21.2,0.0,857.0,828.0,100,,0.6,,3,chuk_rwanda
2022-02-04 12:00:00,26.6,40,11.8,9.9,24.8,0.0,855.8,611.0,100,,0.49,,3,chuk_rwanda
2022-02-04 13:00:00,26.3,40,11.6,12.6,29.5,0.0,854.7,516.0,100,,0.44,,3,chuk_rwanda
2022-02-04 14:00:00,25.6,40,11.1,3.5,31.0,0.0,854.6,747.0,100,,0.55,,3,chuk_rwanda
2022-02-04 15:00:00,24.4,47,12.2,5.9,16.6,0.4,853.7,483.0,100,,0.37,,51,chuk_rwanda
2022-02-04 16:00:00,21.5,74,16.6,13.8,29.9,0.4,853.0,195.0,100,,0.17,,51,chuk_rwanda
2022-02-04 17:00:00,21.6,65,14.8,9.0,30.2,0.0,853.3,190.0,100,,0.16,,3,chuk_rwanda
2022-02-04 18:00:00,21.5,70,15.8,3.9,19.1,0.0,853.7,80.0,100,,0.07,,3,chuk_rwanda
2022-02-04 19:00:00,20.0,76,15.6,6.4,12.6,0.0,853.8,3.0,100,,0.02,,3,chuk_rwanda
2022-02-04 20:00:00,19.5,79,15.8,4.8,13.0,0.0,854.2,0.0,100,,0.0,,3,chuk_rwanda
2022-02-04 21:00:00,19.0,81,15.8,5.1,10.4,0.0,855.0,0.0,100,,0.0,,3,chuk_rwanda
2022-02-04 22:00:00,18.3,86,15.9,7.4,16.2,0.0,855.8,0.0,100,,0.0,,3,chuk_rwanda
2022-02-04 23:00:00,17.6,89,15.8,3.0,15.8,0.0,855.7,0.0,100,,0.0,,3,chuk_rwanda
2022-02-05 00:00:00,17.5,87,15.2,1.5,6.8,0.1,855.3,0.0,100,,0.0,,51,chuk_rwanda
2022-02-05 01:00:00,17.2,88,15.2,3.0,6.1,0.0,854.8,0.0,100,,0.0,,3,chuk_rwanda
2022-02-05 02:00:00,16.4,95,15.5,2.5,6.1,0.0,854.5,0.0,100,,0.0,,3,chuk_rwanda
2022-02-05 03:00:00,16.4,95,15.6,2.4,9.0,1.6,854.0,0.0,100,,0.0,,61,chuk_rwanda
2022-02-05 04:00:00,16.4,95,15.6,2.2,4.7,2.5,854.0,0.0,100,,0.0,,63,chuk_rwanda
2022-02-05 05:00:00,16.5,95,15.6,4.6,10.1,1.6,853.7,0.0,100,,0.0,,61,chuk_rwanda
2022-02-05 06:00:00,16.5,94,15.6,2.5,9.4,1.4,854.1,0.0,100,,0.0,,61,chuk_rwanda
2022-02-05 07:00:00,16.6,94,15.6,1.8,5.4,1.0,854.3,21.0,100,,0.02,,55,chuk_rwanda
2022-02-05 08:00:00,17.5,92,16.2,1.1,7.9,0.1,855.5,115.0,100,,0.08,,51,chuk_rwanda
2022-02-05 09:00:00,18.4,86,15.9,2.2,10.1,0.1,856.2,166.0,100,,0.12,,51,chuk_rwanda
2022-02-05 10:00:00,19.6,76,15.4,1.3,10.4,0.0,856.7,279.0,100,,0.2,,3,chuk_rwanda
2022-02-05 11:00:00,20.6,69,14.9,4.5,13.7,0.0,856.4,276.0,100,,0.21,,3,chuk_rwanda
2022-02-05 12:00:00,22.5,60,14.4,4.7,22.0,0.0,856.0,539.0,100,,0.39,,3,chuk_rwanda
2022-02-05 13:00:00,24.2,56,14.9,3.1,24.5,0.0,855.2,950.0,100,,0.67,,3,chuk_rwanda
2022-02-05 14:00:00,20.3,72,15.1,3.1,26.3,2.6,854.6,797.0,100,,0.52,,63,chuk_rwanda
2022-02-05 15:00:00,21.2,69,15.4,3.0,13.7,0.1,854.4,403.0,100,,0.28,,51,chuk_rwanda
2022-02-05 16:00:00,21.4,68,15.2,2.9,13.0,0.0,854.2,245.0,100,,0.18,,3,chuk_rwanda
2022-02-05 17:00:00,20.0,76,15.6,4.8,12.2,0.0,854.2,161.0,100,,0.12,,3,chuk_rwanda
2022-02-05 18:00:00,19.1,80,15.6,5.7,14.4,0.1,854.3,38.0,100,,0.05,,51,chuk_rwanda
2022-02-05 19:00:00,18.2,89,16.5,2.2,11.9,0.2,854.1,2.0,100,,0.01,,51,chuk_rwanda
2022-02-05 20:00:00,17.5,94,16.6,3.8,6.8,0.1,854.4,0.0,100,,0.0,,51,chuk_rwanda
2022-02-05 21:00:00,17.9,93,16.7,1.5,6.1,0.0,855.4,0.0,100,,0.0,,3,chuk_rwanda
2022-02-05 22:00:00,17.5,95,16.7,2.3,4.0,0.0,855.6,0.0,100,,0.0,,3,chuk_rwanda
2022-02-05 23:00:00,16.5,98,16.2,3.8,5.8,0.0,855.2,0.0,100,,0.0,,3,chuk_rwanda
2022-02-06 00:00:00,15.4,99,15.3,4.4,6.8,0.0,854.1,0.0,100,,0.0,,3,chuk_rwanda
2022-02-06 01:00:00,15.6,99,15.4,2.6,6.8,0.0,853.5,0.0,74,,0.0,,2,chuk_rwanda
2022-02-06 02:00:00,14.2,98,13.9,2.7,5.4,0.0,852.4,0.0,100,,0.0,,3,chuk_rwanda
2022-02-06 03:00:00,14.5,97,13.9,5.3,9.4,0.0,852.6,0.0,100,,0.0,,3,chuk_rwanda
2022-02-06 04:00:00,14.4,96,13.7,5.0,9.4,0.0,852.5,0.0,100,,0.0,,3,chuk_rwanda
2022-02-06 05:00:00,14.6,94,13.6,4.6,9.4,0.0,852.8,0.0,100,,0.0,,3,chuk_rwanda
2022-02-06 06:00:00,14.6,94,13.6,4.0,7.9,0.0,853.2,0.0,17,,0.0,,0,chuk_rwanda
2022-02-06 07:00:00,15.2,91,13.9,3.1,7.9,0.0,854.4,44.0,20,,0.02,,1,chuk_rwanda
2022-02-06 08:00:00,18.0,82,14.9,1.8,9.4,0.0,856.1,238.0,37,,0.14,,1,chuk_rwanda
2022-02-06 09:00:00,20.3,74,15.4,2.6,12.6,0.0,856.7,479.0,10,,0.3,,0,chuk_rwanda
2022-02-06 10:00:00,22.5,63,15.1,2.5,18.4,0.0,856.8,727.0,7,,0.49,,0,chuk_rwanda
2022-02-06 11:00:00,24.2,56,14.9,2.6,18.4,0.0,856.6,860.0,6,,0.6,,0,chuk_rwanda
2022-02-06 12:00:00,25.6,51,14.7,0.7,18.4,0.0,856.1,963.0,36,,0.69,,1,chuk_rwanda
2022-02-06 13:00:00,26.3,48,14.6,3.2,15.5,0.0,855.0,931.0,25,,0.68,,1,chuk_rwanda
2022-02-06 14:00:00,26.7,46,14.1,4.1,15.5,0.0,854.2,866.0,51,,0.63,,2,chuk_rwanda
2022-02-06 15:00:00,26.5,45,13.6,4.9,16.6,0.0,853.2,613.0,99,,0.46,,3,chuk_rwanda
2022-02-06 16:00:00,25.2,46,12.8,6.2,16.2,0.0,852.4,328.0,99,,0.27,,3,chuk_rwanda
2022-02-06 17:00:00,24.5,48,12.9,5.3,16.6,0.0,852.7,290.0,95,,0.22,,3,chuk_rwanda
2022-02-06 18:00:00,20.1,77,16.0,8.5,28.8,0.1,852.4,92.0,99,,0.07,,51,chuk_rwanda
2022-02-06 19:00:00,19.0,81,15.6,5.6,16.2,0.1,852.6,3.0,99,,0.01,,51,chuk_rwanda
2022-02-06 20:00:00,18.5,87,16.4,6.0,11.9,0.0,854.3,0.0,100,,0.0,,3,chuk_rwanda
2022-02-06 21:00:00,17.9,90,16.2,3.1,14.0,0.0,855.2,0.0,100,,0.0,,3,chuk_rwanda
2022-02-06 22:00:00,17.0,94,16.1,1.5,7.2,0.5,855.2,0.0,100,,0.0,,53,chuk_rwanda
2022-02-06 23:00:00,16.5,96,15.9,5.2,13.3,3.2,856.4,0.0,100,,0.0,,63,chuk_rwanda
2022-02-07 00:00:00,16.6,93,15.6,1.1,11.9,2.6,855.6,0.0,100,,0.0,,63,chuk_rwanda
2022-02-07 01:00:00,16.5,95,15.7,6.8,14.4,0.4,855.2,0.0,98,,0.0,,51,chuk_rwanda
2022-02-07 02:00:00,15.7,93,14.6,2.3,14.8,0.1,855.0,0.0,100,,0.0,,51,chuk_rwanda
2022-02-07 03:00:00,15.8,93,14.6,2.5,7.2,4.8,854.6,0.0,100,,0.0,,63,chuk_rwanda
2022-02-07 04:00:00,15.8,91,14.4,1.8,6.8,4.3,854.7,0.0,100,,0.0,,63,chuk_rwanda
2022-02-07 05:00:00,15.8,91,14.4,2.0,5.8,4.2,855.0,0.0,100,,0.0,,63,chuk_rwanda
2022-02-07 06:00:00,15.7,92,14.4,2.5,5.8,4.6,854.9,0.0,100,,0.0,,63,chuk_rwanda
2022-02-07 07:00:00,15.8,92,14.4,2.5,6.8,5.1,855.1,2.0,100,,0.02,,63,chuk_rwanda
2022-02-07 08:00:00,15.9,92,14.6,1.8,8.3,3.4,855.5,22.0,100,,0.03,,63,chuk_rwanda
2022-02-07 09:00:00,16.2,92,14.9,1.6,7.6,1.2,856.1,61.0,100,,0.05,,55,chuk_rwanda
2022-02-07 10:00:00,17.4,87,15.1,0.8,7.6,0.6,856.6,220.0,100,,0.15,,53,chuk_rwanda
2022-02-07 11:00:00,19.6,71,14.2,2.6,13.0,0.1,856.7,437.0,100,,0.3,,51,chuk_rwanda
2022-02-07 12:00:00,21.4,61,13.6,4.3,16.6,0.0,856.2,615.0,99,,0.42,,3,chuk_rwanda
2022-02-07 13:00:00,23.6,53,13.6,4.7,17.6,0.0,855.3,916.0,77,,0.64,,2,chuk_rwanda
2022-02-07 14:00:00,23.4,51,12.7,1.1,20.9,0.0,854.5,925.0,13,,0.64,,0,chuk_rwanda
2022-02-07 15:00:00,24.2,50,13.2,5.8,16.9,0.0,853.9,628.0,100,,0.45,,3,chuk_rwanda
2022-02-07 16:00:00,24.7,50,13.6,6.9,19.4,0.0,853.5,610.0,78,,0.43,,2,chuk_rwanda
2022-02-07 17:00:00,24.4,52,13.9,5.9,18.0,0.0,853.6,371.0,98,,0.26,,3,chuk_rwanda
2022-02-07 18:00:00,22.2,63,14.8,7.9,15.8,0.0,853.2,123.0,69,,0.1,,2,chuk_rwanda
2022-02-07 19:00:00,19.9,75,15.4,6.5,18.4,0.0,853.4,3.0,100,,0.02,,3,chuk_rwanda
2022-02-07 20:00:00,19.1,81,15.8,3.4,13.7,0.0,853.6,0.0,100,,0.0,,3,chuk_rwanda
2022-02-07 21:00:00,19.1,80,15.6,3.1,8.6,0.0,854.7,0.0,100,,0.0,,3,chuk_rwanda
2022-02-07 22:00:00,18.9,78,15.1,5.6,10.8,0.0,855.6,0.0,100,,0.0,,3,chuk_rwanda
2022-02-07 23:00:00,18.4,80,14.8,6.6,14.8,0.0,855.8,0.0,100,,0.0,,3,chuk_rwanda
2022-02-08 00:00:00,17.6,86,15.2,3.3,13.3,0.0,855.2,0.0,100,,0.0,,3,chuk_rwanda
2022-02-08 01:00:00,17.2,89,15.4,1.8,7.2,0.0,854.6,0.0,100,,0.0,,3,chuk_rwanda
2022-02-08 02:00:00,16.8,86,14.4,1.8,4.7,0.0,853.8,0.0,100,,0.0,,3,chuk_rwanda
2022-02-08 03:00:00,16.2,92,14.9,1.1,3.6,0.0,853.5,0.0,100,,0.0,,3,chuk_rwanda
2022-02-08 04:00:00,15.9,91,14.5,3.4,5.0,0.0,853.3,0.0,57,,0.0,,2,chuk_rwanda
2022-02-08 05:00:00,15.2,94,14.2,3.7,7.2,0.0,853.0,0.0,40,,0.0,,1,chuk_rwanda
2022-02-08 06:00:00,14.4,97,13.9,3.7,6.8,0.0,853.1,0.0,92,,0.0,,3,chuk_rwanda
2022-02-08 07:00:00,15.5,93,14.4,5.0,10.4,0.0,854.0,38.0,81,,0.02,,3,chuk_rwanda
2022-02-08 08:00:00,18.8,81,15.5,1.1,10.8,0.0,855.9,245.0,97,,0.14,,3,chuk_rwanda
2022-02-08 09:00:00,20.9,71,15.4,2.1,11.9,0.0,856.6,495.0,26,,0.32,,1,chuk_rwanda
2022-02-08 10:00:00,22.8,61,14.9,3.8,19.1,0.0,856.7,711.0,25,,0.48,,1,chuk_rwanda
2022-02-08 11:00:00,24.1,56,14.9,5.1,22.3,0.0,856.4,825.0,12,,0.57,,0,chuk_rwanda
2022-02-08 12:00:00,25.4,51,14.5,6.6,22.7,0.1,855.7,926.0,41,,0.66,,51,chuk_rwanda
2022-02-08 13:00:00,26.1,49,14.6,7.0,22.3,0.0,854.7,868.0,39,,0.63,,1,chuk_rwanda
2022-02-08 14:00:00,25.4,53,14.9,4.3,24.8,0.0,854.2,851.0,39,,0.61,,1,chuk_rwanda
2022-02-08 15:00:00,25.5,53,15.1,5.1,17.3,0.1,853.3,711.0,100,,0.51,,51,chuk_rwanda
2022-02-08 16:00:00,24.6,53,14.6,6.5,16.9,0.0,852.5,429.0,100,,0.32,,3,chuk_rwanda
2022-02-08 17:00:00,22.0,67,15.6,7.0,24.1,0.2,852.5,211.0,88,,0.16,,51,chuk_rwanda
2022-02-08 18:00:00,21.3,72,16.1,4.5,15.8,0.0,852.9,99.0,79,,0.07,,2,chuk_rwanda
2022-02-08 19:00:00,19.2,85,16.6,4.3,9.7,0.0,852.9,3.0,98,,0.01,,3,chuk_rwanda
2022-02-08 20:00:00,19.2,89,17.4,3.7,8.6,0.0,854.0,0.0,97,,0.0,,3,chuk_rwanda
2022-02-08 21:00:00,18.5,90,16.8,2.4,7.6,0.0,854.8,0.0,99,,0.0,,3,chuk_rwanda
2022-02-08 22:00:00,17.8,94,16.8,3.5,14.8,2.2,854.9,0.0,99,,0.0,,61,chuk_rwanda
2022-02-08 23:00:00,17.4,96,16.6,3.3,12.6,0.4,854.6,0.0,100,,0.0,,51,chuk_rwanda
2022-02-09 00:00:00,17.1,95,16.4,6.0,13.7,0.2,854.5,0.0,100,,0.0,,51,chuk_rwanda
2022-02-09 01:00:00,16.7,94,15.8,3.8,15.1,0.2,854.0,0.0,63,,0.0,,51,chuk_rwanda
2022-02-09 02:00:00,17.4,93,16.2,3.6,11.5,0.0,853.0,0.0,67,,0.0,,2,chuk_rwanda
2022-02-09 03:00:00,15.6,97,15.1,5.9,9.4,0.0,851.9,0.0,8,,0.0,,0,chuk_rwanda
2022-02-09 04:00:00,16.5,94,15.5,4.3,9.4,0.0,852.3,0.0,81,,0.0,,3,chuk_rwanda
2022-02-09 05:00:00,16.5,94,15.6,2.4,6.8,0.0,852.7,0.0,100,,0.0,,3,chuk_rwanda
2022-02-09 06:00:00,16.4,96,15.7,2.3,4.7,0.0,853.2,0.0,100,,0.0,,3,chuk_rwanda
2022-02-09 07:00:00,16.8,94,15.9,4.3,9.0,0.0,853.8,17.0,100,,0.02,,3,chuk_rwanda
2022-02-09 08:00:00,18.1,90,16.5,2.5,9.4,0.0,855.0,121.0,100,,0.08,,3,chuk_rwanda
2022-02-09 09:00:00,19.7,82,16.6,2.9,11.2,0.0,855.9,225.0,100,,0.15,,3,chuk_rwanda
2022-02-09 10:00:00,21.8,69,15.8,3.1,12.6,0.0,856.4,366.0,100,,0.26,,3,chuk_rwanda
2022-02-09 11:00:00,22.6,66,16.0,8.9,23.4,0.0,856.5,690.0,100,,0.46,,3,chuk_rwanda
2022-02-09 12:00:00,22.0,68,15.7,9.5,25.9,0.1,855.4,412.0,100,,0.3,,51,chuk_rwanda
2022-02-09 13:00:00,23.5,59,15.2,12.3,29.9,0.1,854.6,651.0,100,,0.46,,51,chuk_rwanda
2022-02-09 14:00:00,22.8,61,14.9,12.1,32.4,0.0,853.8,740.0,99,,0.5,,3,chuk_rwanda
2022-02-09 15:00:00,24.4,52,13.9,9.3,31.0,0.1,853.2,717.0,99,,0.51,,51,chuk_rwanda
2022-02-09 16:00:00,24.0,52,13.5,10.0,24.1,0.1,852.7,489.0,99,,0.36,,51,chuk_rwanda
2022-02-09 17:00:00,23.1,55,13.7,9.4,23.4,0.0,852.5,301.0,93,,0.23,,3,chuk_rwanda
2022-02-09 18:00:00,21.4,68,15.2,5.8,21.6,0.0,852.8,108.0,100,,0.08,,3,chuk_rwanda
2022-02-09 19:00:00,20.5,74,15.6,4.0,12.2,0.0,852.9,3.0,100,,0.02,,3,chuk_rwanda
2022-02-09 20:00:00,19.0,79,15.2,4.2,9.0,0.1,853.8,0.0,100,,0.0,,51,chuk_rwanda
2022-02-09 21:00:00,17.0,95,16.2,8.5,24.1,6.2,855.0,0.0,100,,0.0,,63,chuk_rwanda
2022-02-09 22:00:00,17.2,95,16.5,0.5,20.9,0.9,854.9,0.0,100,,0.0,,53,chuk_rwanda
2022-02-09 23:00:00,16.9,96,16.3,6.6,16.6,0.2,855.2,0.0,100,,0.0,,51,chuk_rwanda
2022-02-10 00:00:00,17.0,97,16.6,5.8,13.7,0.9,854.5,0.0,100,,0.0,,53,chuk_rwanda
2022-02-10 01:00:00,17.1,97,16.7,5.1,12.6,0.2,853.8,0.0,100,,0.0,,51,chuk_rwanda
2022-02-10 02:00:00,16.5,95,15.8,0.8,11.5,0.0,853.9,0.0,100,,0.0,,3,chuk_rwanda
2022-02-10 03:00:00,16.2,98,15.9,1.8,4.0,0.0,853.4,0.0,100,,0.0,,3,chuk_rwanda
2022-02-10 04:00:00,15.6,99,15.4,3.3,7.9,0.0,853.2,0.0,100,,0.0,,3,chuk_rwanda
2022-02-10 05:00:00,16.0,98,15.8,2.8,7.6,0.0,853.5,0.0,100,,0.0,,3,chuk_rwanda
2022-02-10 06:00:00,15.6,99,15.5,3.6,6.5,0.0,853.6,0.0,100,,0.0,,3,chuk_rwanda
2022-02-10 07:00:00,16.3,97,15.8,1.9,5.8,0.0,854.3,21.0,100,,0.02,,3,chuk_rwanda
2022-02-10 08:00:00,18.0,87,15.8,3.1,10.8,0.0,855.6,161.0,99,,0.1,,3,chuk_rwanda
2022-02-10 09:00:00,20.0,78,16.1,3.6,14.4,0.0,856.4,409.0,100,,0.26,,3,chuk_rwanda
2022-02-10 10:00:00,21.8,71,16.2,4.4,16.2,0.0,856.5,580.0,100,,0.39,,3,chuk_rwanda
2022-02-10 11:00:00,23.3,63,15.9,5.0,21.6,0.1,856.4,752.0,87,,0.52,,51,chuk_rwanda
2022-02-10 12:00:00,24.7,58,15.8,6.5,23.4,0.1,855.7,970.0,97,,0.67,,51,chuk_rwanda
2022-02-10 13:00:00,24.0,57,15.1,7.5,22.7,0.1,853.9,563.0,100,,0.42,,51,chuk_rwanda
2022-02-10 14:00:00,22.2,66,15.6,6.9,29.2,1.3,853.5,433.0,100,,0.31,,61,chuk_rwanda
2022-02-10 15:00:00,23.8,60,15.5,5.2,22.3,0.1,853.6,636.0,100,,0.45,,51,chuk_rwanda
2022-02-10 16:00:00,23.4,63,15.9,4.7,16.6,3.2,853.0,449.0,94,,0.32,,63,chuk_rwanda
2022-02-10 17:00:00,19.6,82,16.5,9.7,24.8,3.5,852.6,247.0,93,,0.16,,63,chuk_rwanda
2022-02-10 18:00:00,19.4,81,16.0,3.6,21.2,0.0,852.4,90.0,98,,0.06,,3,chuk_rwanda
2022-02-10 19:00:00,18.5,88,16.4,4.4,7.6,0.0,852.3,3.0,95,,0.01,,3,chuk_rwanda
2022-02-10 20:00:00,18.1,88,16.0,4.8,7.6,0.0,852.7,0.0,72,,0.0,,2,chuk_rwanda
2022-02-10 21:00:00,17.1,91,15.7,4.4,8.3,0.0,852.5,0.0,56,,0.0,,2,chuk_rwanda
2022-02-10 22:00:00,16.4,92,15.1,4.8,9.4,0.0,852.6,0.0,7,,0.0,,0,chuk_rwanda
2022-02-10 23:00:00,15.7,93,14.6,4.6,9.7,0.0,852.4,0.0,56,,0.0,,2,chuk_rwanda
2022-02-11 00:00:00,15.4,94,14.6,4.5,9.4,0.0,852.0,0.0,96,,0.0,,3,chuk_rwanda
2022-02-11 01:00:00,15.1,94,14.2,4.7,9.7,0.0,851.4,0.0,100,,0.0,,3,chuk_rwanda
2022-02-11 02:00:00,15.4,91,14.0,5.2,11.2,1.3,851.5,0.0,99,,0.0,,61,chuk_rwanda
2022-02-11 03:00:00,14.8,93,13.8,3.6,10.1,0.0,851.4,0.0,100,,0.0,,3,chuk_rwanda
2022-02-11 04:00:00,15.4,92,14.1,3.4,6.8,0.0,852.0,0.0,100,,0.0,,3,chuk_rwanda
2022-02-11 05:00:00,15.6,93,14.6,3.1,8.6,0.0,852.3,0.0,100,,0.0,,3,chuk_rwanda
2022-02-11 06:00:00,14.4,96,13.8,3.6,7.6,0.0,851.8,0.0,100,,0.0,,3,chuk_rwanda
2022-02-11 07:00:00,16.1,91,14.6,3.9,9.0,0.0,852.9,39.0,100,,0.02,,3,chuk_rwanda
2022-02-11 08:00:00,19.1,76,14.9,1.0,9.0,0.0,854.8,230.0,100,,0.14,,3,chuk_rwanda
2022-02-11 09:00:00,20.9,68,14.6,1.1,8.6,0.0,855.4,323.0,97,,0.22,,3,chuk_rwanda
2022-02-11 10:00:00,23.1,60,14.9,2.3,12.6,0.0,855.6,609.0,100,,0.42,,3,chuk_rwanda
2022-02-11 11:00:00,25.0,53,14.8,3.3,20.9,0.0,855.4,866.0,100,,0.61,,3,chuk_rwanda
2022-02-11 12:00:00,26.0,51,15.0,4.6,20.2,0.0,854.6,971.0,100,,0.7,,3,chuk_rwanda
2022-02-11 13:00:00,24.2,59,15.7,9.8,24.1,3.2,852.4,457.0,100,,0.36,,63,chuk_rwanda
2022-02-11 14:00:00,22.2,65,15.4,3.6,24.8,2.2,852.6,519.0,100,,0.37,,61,chuk_rwanda
2022-02-11 15:00:00,22.9,62,15.2,3.3,16.6,1.1,852.7,612.0,100,,0.43,,55,chuk_rwanda
2022-02-11 16:00:00,22.3,65,15.4,2.8,15.1,0.0,852.2,325.0,100,,0.23,,3,chuk_rwanda
2022-02-11 17:00:00,21.6,67,15.3,7.0,15.8,0.0,851.9,184.0,100,,0.15,,3,chuk_rwanda
2022-02-11 18:00:00,20.5,75,15.8,4.0,16.2,0.0,852.3,75.0,100,,0.06,,3,chuk_rwanda
2022-02-11 19:00:00,19.4,83,16.5,3.3,8.3,0.0,852.3,3.0,100,,0.01,,3,chuk_rwanda
2022-02-11 20:00:00,18.8,83,15.8,2.2,5.8,0.0,852.9,0.0,100,,0.0,,3,chuk_rwanda
2022-02-11 21:00:00,18.1,83,15.2,3.4,6.1,0.0,853.5,0.0,100,,0.0,,3,chuk_rwanda
2022-02-11 22:00:00,17.2,89,15.3,4.8,9.0,0.0,853.5,0.0,100,,0.0,,3,chuk_rwanda
2022-02-11 23:00:00,16.5,91,15.1,4.4,9.4,0.0,853.2,0.0,92,,0.0,,3,chuk_rwanda
2022-02-12 00:00:00,16.0,93,14.9,4.5,8.3,0.0,852.7,0.0,99,,0.0,,3,chuk_rwanda
2022-02-12 01:00:00,15.7,93,14.5,5.4,10.8,0.0,852.0,0.0,100,,0.0,,3,chuk_rwanda
2022-02-12 02:00:00,16.2,92,14.9,4.5,9.4,0.0,852.0,0.0,100,,0.0,,3,chuk_rwanda
2022-02-12 03:00:00,15.9,93,14.6,3.9,9.0,0.0,851.3,0.0,85,,0.0,,3,chuk_rwanda
2022-02-12 04:00:00,15.2,94,14.3,5.5,14.4,0.0,851.1,0.0,100,,0.0,,3,chuk_rwanda
2022-02-12 05:00:00,15.5,92,14.1,6.0,17.6,0.0,851.5,0.0,100,,0.0,,3,chuk_rwanda
2022-02-12 06:00:00,14.8,94,13.8,4.4,13.0,0.0,851.4,0.0,100,,0.0,,3,chuk_rwanda
2022-02-12 07:00:00,16.3,89,14.4,5.6,10.4,0.0,853.0,34.0,100,,0.02,,3,chuk_rwanda
2022-02-12 08:00:00,18.6,83,15.6,2.1,13.0,0.0,855.1,151.0,100,,0.1,,3,chuk_rwanda
2022-02-12 09:00:00,20.9,71,15.3,1.5,9.7,0.0,856.2,314.0,100,,0.21,,3,chuk_rwanda
2022-02-12 10:00:00,22.6,63,15.2,2.4,11.9,0.0,856.4,553.0,100,,0.38,,3,chuk_rwanda
2022-02-12 11:00:00,24.1,57,15.1,4.9,22.7,0.0,856.0,736.0,100,,0.52,,3,chuk_rwanda
2022-02-12 12:00:00,25.9,50,14.8,5.4,22.7,0.0,855.1,874.0,100,,0.63,,3,chuk_rwanda
2022-02-12 13:00:00,26.6,46,14.1,8.9,23.0,0.1,854.0,897.0,100,,0.66,,51,chuk_rwanda
2022-02-12 14:00:00,24.5,54,14.4,6.2,25.2,0.1,854.1,795.0,100,,0.56,,51,chuk_rwanda
2022-02-12 15:00:00,24.2,53,14.0,2.4,16.9,0.0,853.3,553.0,100,,0.4,,3,chuk_rwanda
2022-02-12 16:00:00,24.1,51,13.5,4.7,13.0,0.0,853.0,427.0,100,,0.31,,3,chuk_rwanda
2022-02-12 17:00:00,23.4,56,14.0,4.1,13.7,0.0,852.7,175.0,100,,0.15,,3,chuk_rwanda
2022-02-12 18:00:00,21.0,70,15.2,8.4,18.0,0.0,852.9,68.0,100,,0.08,,3,chuk_rwanda
2022-02-12 19:00:00,19.2,81,15.9,5.1,17.6,0.0,853.2,3.0,85,,0.01,,3,chuk_rwanda
2022-02-12 20:00:00,18.5,89,16.7,3.6,10.1,0.0,853.6,0.0,100,,0.0,,3,chuk_rwanda
2022-02-12 21:00:00,18.7,84,15.9,1.1,6.5,0.0,854.2,0.0,100,,0.0,,3,chuk_rwanda
2022-02-12 22:00:00,18.5,85,15.9,1.9,4.3,0.0,854.4,0.0,100,,0.0,,3,chuk_rwanda
2022-02-12 23:00:00,18.4,85,15.8,0.4,4.3,0.3,854.4,0.0,100,,0.0,,51,chuk_rwanda
2022-02-13 00:00:00,17.5,91,15.9,2.5,5.8,0.1,853.3,0.0,100,,0.0,,51,chuk_rwanda
2022-02-13 01:00:00,16.9,94,15.9,4.1,9.0,0.0,852.4,0.0,100,,0.0,,3,chuk_rwanda
2022-02-13 02:00:00,16.4,96,15.8,4.6,9.0,0.0,851.6,0.0,100,,0.0,,3,chuk_rwanda
2022-02-13 03:00:00,15.6,96,15.0,3.7,8.6,0.0,851.0,0.0,88,,0.0,,3,chuk_rwanda
2022-02-13 04:00:00,14.9,97,14.4,3.8,8.3,0.0,850.8,0.0,89,,0.0,,3,chuk_rwanda
2022-02-13 05:00:00,14.4,97,13.9,3.5,8.3,0.0,850.9,0.0,100,,0.0,,3,chuk_rwanda
2022-02-13 06:00:00,14.1,97,13.7,2.9,7.6,0.0,851.4,0.0,100,,0.0,,3,chuk_rwanda
2022-02-13 07:00:00,15.4,93,14.4,5.4,11.2,0.0,852.8,40.0,98,,0.02,,3,chuk_rwanda
2022-02-13 08:00:00,18.5,82,15.5,2.3,13.0,0.0,854.7,239.0,26,,0.14,,1,chuk_rwanda
2022-02-13 09:00:00,20.8,74,16.0,2.5,11.9,0.0,855.5,506.0,28,,0.32,,1,chuk_rwanda
2022-02-13 10:00:00,22.9,67,16.4,4.0,25.2,0.0,855.8,729.0,65,,0.49,,2,chuk_rwanda
2022-02-13 11:00:00,24.5,62,16.9,2.6,25.9,0.1,855.4,905.0,100,,0.64,,51,chuk_rwanda
2022-02-13 12:00:00,26.1,50,15.0,5.1,19.1,0.1,854.8,950.0,71,,0.68,,51,chuk_rwanda
2022-02-13 13:00:00,27.1,43,13.4,8.6,23.4,0.0,853.6,832.0,42,,0.63,,1,chuk_rwanda
2022-02-13 14:00:00,27.7,38,12.1,9.2,23.8,0.0,852.9,721.0,35,,0.57,,1,chuk_rwanda
2022-02-13 15:00:00,27.2,38,11.7,10.0,24.8,0.0,851.7,656.0,24,,0.52,,1,chuk_rwanda
2022-02-13 16:00:00,27.0,38,11.6,9.2,25.6,0.0,850.9,507.0,66,,0.41,,2,chuk_rwanda
2022-02-13 17:00:00,26.4,42,12.2,7.4,22.3,0.0,851.1,354.0,95,,0.28,,3,chuk_rwanda
2022-02-13 18:00:00,24.1,56,14.6,4.2,18.4,0.0,850.8,117.0,87,,0.09,,3,chuk_rwanda
2022-02-13 19:00:00,21.5,58,12.9,10.2,18.7,0.5,851.4,3.0,99,,0.06,,53,chuk_rwanda
2022-02-13 20:00:00,19.9,68,13.9,7.7,22.0,0.0,852.1,0.0,100,,0.02,,3,chuk_rwanda
2022-02-13 21:00:00,19.4,71,14.1,11.6,24.8,0.0,853.8,0.0,98,,0.03,,3,chuk_rwanda
2022-02-13 22:00:00,18.4,78,14.4,2.2,23.4,0.0,853.6,0.0,54,,0.0,,2,chuk_rwanda
2022-02-13 23:00:00,16.8,88,14.7,6.2,10.1,0.0,853.4,0.0,37,,0.0,,1,chuk_rwanda
2022-02-14 00:00:00,17.5,81,14.2,0.8,9.4,0.0,853.1,0.0,38,,0.0,,1,chuk_rwanda
2022-02-14 01:00:00,15.5,93,14.4,4.2,7.6,0.0,851.8,0.0,12,,0.0,,0,chuk_rwanda
2022-02-14 02:00:00,15.1,92,13.7,2.9,9.4,0.0,852.5,0.0,20,,0.0,,1,chuk_rwanda
2022-02-14 03:00:00,15.2,90,13.7,4.1,7.6,0.0,852.2,0.0,27,,0.0,,1,chuk_rwanda
2022-02-14 04:00:00,14.6,92,13.4,6.3,11.2,0.0,851.7,0.0,100,,0.0,,3,chuk_rwanda
2022-02-14 05:00:00,14.3,92,12.9,6.6,13.0,0.0,851.3,0.0,100,,0.0,,3,chuk_rwanda
2022-02-14 06:00:00,13.9,92,12.7,5.8,13.0,0.0,851.1,0.0,93,,0.0,,3,chuk_rwanda
2022-02-14 07:00:00,14.9,88,12.9,5.4,12.2,0.0,852.2,46.0,100,,0.02,,3,chuk_rwanda
2022-02-14 08:00:00,18.2,76,13.9,2.3,11.9,0.0,854.8,248.0,100,,0.14,,3,chuk_rwanda
2022-02-14 09:00:00,21.0,64,13.9,1.9,10.8,0.0,856.0,491.0,44,,0.32,,1,chuk_rwanda
2022-02-14 10:00:00,23.2,56,14.0,4.4,15.8,0.0,856.1,738.0,29,,0.5,,1,chuk_rwanda
2022-02-14 11:00:00,25.0,50,13.9,2.6,24.1,0.0,855.8,916.0,95,,0.65,,3,chuk_rwanda
2022-02-14 12:00:00,26.1,48,14.1,0.7,21.2,0.1,855.0,946.0,97,,0.68,,51,chuk_rwanda
2022-02-14 13:00:00,27.2,44,13.8,1.8,14.4,0.0,854.0,972.0,95,,0.71,,3,chuk_rwanda
2022-02-14 14:00:00,26.9,39,11.9,9.5,14.8,0.0,853.7,891.0,81,,0.66,,3,chuk_rwanda
2022-02-14 15:00:00,26.6,38,10.9,9.8,23.4,0.0,852.8,508.0,100,,0.42,,3,chuk_rwanda
2022-02-14 16:00:00,26.5,40,11.6,5.4,22.7,0.0,852.1,340.0,100,,0.28,,3,chuk_rwanda
2022-02-14 17:00:00,23.7,54,13.9,12.0,27.0,0.0,852.1,170.0,71,,0.18,,2,chuk_rwanda
2022-02-14 18:00:00,21.5,64,14.4,8.9,29.2,0.0,852.0,89.0,62,,0.09,,2,chuk_rwanda
2022-02-14 19:00:00,20.6,70,15.0,4.9,19.8,0.0,852.3,3.0,90,,0.02,,3,chuk_rwanda
2022-02-14 20:00:00,20.0,81,16.8,4.8,10.8,0.0,853.3,0.0,100,,0.0,,3,chuk_rwanda
2022-02-14 21:00:00,18.9,78,14.9,13.8,23.8,0.0,854.4,0.0,100,,0.02,,3,chuk_rwanda
2022-02-14 22:00:00,17.4,89,15.6,5.6,32.0,0.3,854.1,0.0,97,,0.0,,51,chuk_rwanda
2022-02-14 23:00:00,17.2,93,16.1,3.3,11.9,0.0,854.8,0.0,100,,0.0,,3,chuk_rwanda
2022-02-15 00:00:00,16.8,95,16.0,1.3,7.2,0.0,854.6,0.0,100,,0.0,,3,chuk_rwanda
2022-02-15 01:00:00,16.6,95,15.8,4.6,9.0,0.0,854.0,0.0,100,,0.0,,3,chuk_rwanda
2022-02-15 02:00:00,16.6,90,15.0,3.2,9.7,0.0,853.3,0.0,98,,0.0,,3,chuk_rwanda
2022-02-15 03:00:00,16.5,93,15.3,1.8,5.8,0.7,853.1,0.0,100,,0.0,,53,chuk_rwanda
2022-02-15 04:00:00,16.6,97,16.1,1.5,5.0,0.4,853.3,0.0,100,,0.0,,51,chuk_rwanda
2022-02-15 05:00:00,16.9,97,16.5,2.3,4.3,0.1,853.8,0.0,100,,0.0,,51,chuk_rwanda
2022-02-15 06:00:00,16.6,97,16.2,2.5,5.8,0.0,853.7,0.0,100,,0.0,,3,chuk_rwanda
2022-02-15 07:00:00,17.3,93,16.1,4.3,8.3,0.0,854.6,19.0,96,,0.02,,3,chuk_rwanda
2022-02-15 08:00:00,18.2,86,15.8,2.4,9.0,0.0,855.8,106.0,86,,0.07,,3,chuk_rwanda
2022-02-15 09:00:00,19.5,79,15.8,3.6,13.0,0.0,856.9,267.0,11,,0.18,,0,chuk_rwanda
2022-02-15 10:00:00,21.3,72,16.0,4.7,17.6,0.0,857.0,590.0,35,,0.39,,1,chuk_rwanda
2022-02-15 11:00:00,23.4,63,16.0,5.5,23.0,0.0,856.8,883.0,14,,0.6,,0,chuk_rwanda
2022-02-15 12:00:00,24.9,59,16.3,3.9,23.0,0.0,856.1,995.0,61,,0.7,,2,chuk_rwanda
2022-02-15 13:00:00,25.8,54,15.7,6.1,20.9,0.0,854.7,766.0,100,,0.56,,3,chuk_rwanda
2022-02-15 14:00:00,26.5,45,13.6,2.6,21.6,1.0,854.0,852.0,99,,0.62,,55,chuk_rwanda
2022-02-15 15:00:00,26.0,47,13.9,4.0,15.5,0.1,853.0,714.0,67,,0.52,,51,chuk_rwanda
2022-02-15 16:00:00,25.6,49,14.2,4.9,16.9,0.0,852.5,487.0,68,,0.36,,2,chuk_rwanda
2022-02-15 17:00:00,25.2,51,14.4,2.9,16.6,0.0,852.6,309.0,64,,0.22,,2,chuk_rwanda
2022-02-15 18:00:00,21.9,81,18.4,5.4,10.1,1.7,852.1,116.0,98,,0.08,,61,chuk_rwanda
2022-02-15 19:00:00,21.0,76,16.6,3.2,8.6,0.6,852.7,3.0,82,,0.01,,53,chuk_rwanda
2022-02-15 20:00:00,19.4,87,17.2,9.5,18.7,0.0,853.4,0.0,100,,0.0,,3,chuk_rwanda
2022-02-15 21:00:00,18.4,88,16.5,3.1,19.8,0.0,854.2,0.0,58,,0.0,,2,chuk_rwanda
2022-02-15 22:00:00,17.7,92,16.3,4.8,7.6,0.0,855.1,0.0,92,,0.0,,3,chuk_rwanda
2022-02-15 23:00:00,17.5,90,15.9,5.2,11.5,0.4,855.2,0.0,100,,0.0,,51,chuk_rwanda
2022-02-16 00:00:00,16.6,93,15.4,5.8,14.4,0.0,854.5,0.0,100,,0.0,,3,chuk_rwanda
2022-02-16 01:00:00,16.1,95,15.3,4.5,13.3,0.0,853.9,0.0,100,,0.0,,3,chuk_rwanda
2022-02-16 02:00:00,15.6,96,14.9,3.5,16.2,0.0,852.2,0.0,100,,0.0,,3,chuk_rwanda
2022-02-16 03:00:00,14.9,97,14.3,4.6,10.8,0.0,851.7,0.0,94,,0.0,,3,chuk_rwanda
2022-02-16 04:00:00,14.6,96,13.9,4.1,9.4,0.0,851.4,0.0,99,,0.0,,3,chuk_rwanda
2022-02-16 05:00:00,14.2,96,13.6,4.0,9.0,0.0,851.5,0.0,97,,0.0,,3,chuk_rwanda
2022-02-16 06:00:00,13.9,96,13.3,4.6,8.6,0.0,851.4,0.0,2,,0.0,,0,chuk_rwanda
2022-02-16 07:00:00,15.4,92,14.1,5.1,11.2,0.0,852.7,46.0,6,,0.02,,0,chuk_rwanda
2022-02-16 08:00:00,18.9,80,15.4,1.8,11.5,0.0,854.8,260.0,91,,0.15,,3,chuk_rwanda
2022-02-16 09:00:00,21.6,67,15.1,0.4,10.1,0.0,855.9,512.0,100,,0.33,,3,chuk_rwanda
2022-02-16 10:00:00,23.8,58,15.1,0.7,11.5,0.0,856.1,738.0,99,,0.51,,3,chuk_rwanda
2022-02-16 11:00:00,25.3,50,14.0,3.7,20.5,0.0,856.0,904.0,96,,0.64,,3,chuk_rwanda
2022-02-16 12:00:00,26.1,45,13.3,4.4,19.4,0.0,854.9,688.0,28,,0.52,,1,chuk_rwanda
2022-02-16 13:00:00,27.9,38,12.1,7.6,21.2,0.0,853.7,910.0,98,,0.69,,3,chuk_rwanda
2022-02-16 14:00:00,22.5,61,14.6,12.5,25.9,0.0,853.0,897.0,93,,0.58,,3,chuk_rwanda
2022-02-16 15:00:00,22.2,61,14.3,6.8,31.7,0.1,852.4,422.0,100,,0.31,,51,chuk_rwanda
2022-02-16 16:00:00,20.5,73,15.6,9.5,22.7,0.1,851.9,293.0,100,,0.21,,51,chuk_rwanda
2022-02-16 17:00:00,20.0,79,16.2,4.7,23.0,0.0,852.0,139.0,100,,0.11,,3,chuk_rwanda
2022-02-16 18:00:00,19.5,81,16.1,2.3,12.6,0.0,852.4,52.0,100,,0.04,,3,chuk_rwanda
2022-02-16 19:00:00,18.7,88,16.6,5.4,10.4,0.0,852.5,2.0,100,,0.01,,3,chuk_rwanda
2022-02-16 20:00:00,18.2,91,16.8,5.6,11.5,0.0,853.2,0.0,76,,0.0,,2,chuk_rwanda
2022-02-16 21:00:00,17.5,94,16.5,2.1,10.8,0.0,853.3,0.0,91,,0.0,,3,chuk_rwanda
2022-02-16 22:00:00,16.9,96,16.2,2.1,6.5,0.0,853.6,0.0,91,,0.0,,3,chuk_rwanda
2022-02-16 23:00:00,16.4,97,15.9,1.5,5.4,0.0,853.2,0.0,100,,0.0,,3,chuk_rwanda
2022-02-17 00:00:00,15.9,98,15.7,2.3,5.8,0.0,852.5,0.0,100,,0.0,,3,chuk_rwanda
2022-02-17 01:00:00,15.3,99,15.2,3.4,7.2,0.0,851.6,0.0,97,,0.0,,3,chuk_rwanda
2022-02-17 02:00:00,16.1,97,15.8,2.0,6.8,0.0,852.1,0.0,100,,0.0,,3,chuk_rwanda
2022-02-17 03:00:00,15.4,98,15.1,2.9,6.1,0.0,851.3,0.0,100,,0.0,,3,chuk_rwanda
2022-02-17 04:00:00,15.3,98,15.0,3.6,6.8,0.0,851.2,0.0,100,,0.0,,3,chuk_rwanda
2022-02-17 05:00:00,14.6,98,14.3,4.8,8.6,0.0,850.8,0.0,100,,0.0,,3,chuk_rwanda
2022-02-17 06:00:00,15.2,97,14.8,3.8,8.6,0.0,851.4,0.0,87,,0.0,,3,chuk_rwanda
2022-02-17 07:00:00,16.0,95,15.2,4.3,9.0,0.0,852.3,44.0,100,,0.01,,3,chuk_rwanda
2022-02-17 08:00:00,18.6,86,16.3,1.1,9.7,0.0,854.1,246.0,100,,0.14,,3,chuk_rwanda
2022-02-17 09:00:00,20.8,74,16.0,1.3,11.5,0.0,855.4,501.0,100,,0.32,,3,chuk_rwanda
2022-02-17 10:00:00,22.7,66,16.0,3.9,18.7,0.0,855.6,729.0,99,,0.49,,3,chuk_rwanda
2022-02-17 11:00:00,24.2,60,15.9,4.4,20.9,0.0,855.4,872.0,100,,0.61,,3,chuk_rwanda
2022-02-17 12:00:00,24.7,57,15.5,3.3,17.6,0.1,854.6,870.0,100,,0.62,,51,chuk_rwanda
2022-02-17 13:00:00,25.5,53,15.3,5.4,20.2,0.0,853.5,849.0,100,,0.61,,3,chuk_rwanda
2022-02-17 14:00:00,23.7,61,15.8,11.3,19.4,0.0,852.2,628.0,100,,0.45,,3,chuk_rwanda
2022-02-17 15:00:00,24.4,57,15.2,5.2,27.7,2.2,851.7,659.0,95,,0.47,,61,chuk_rwanda
2022-02-17 16:00:00,25.0,49,13.4,8.4,20.9,0.1,851.3,526.0,98,,0.39,,51,chuk_rwanda
2022-02-17 17:00:00,22.5,63,15.1,8.1,23.4,1.0,851.2,272.0,100,,0.2,,55,chuk_rwanda
2022-02-17 18:00:00,20.9,71,15.5,5.6,17.6,0.0,851.6,59.0,100,,0.06,,3,chuk_rwanda
2022-02-17 19:00:00,19.4,80,15.8,3.1,13.7,0.0,851.6,1.0,89,,0.02,,3,chuk_rwanda
2022-02-17 20:00:00,18.1,90,16.5,4.3,13.3,0.0,852.4,0.0,99,,0.0,,3,chuk_rwanda
2022-02-17 21:00:00,17.0,97,16.5,3.6,8.3,0.0,852.1,0.0,100,,0.0,,3,chuk_rwanda
2022-02-17 22:00:00,16.5,97,16.0,3.1,7.2,0.0,852.2,0.0,76,,0.0,,2,chuk_rwanda
2022-02-17 23:00:00,15.6,97,15.2,5.2,8.3,0.0,851.8,0.0,70,,0.0,,2,chuk_rwanda
2022-02-18 00:00:00,15.2,97,14.8,4.6,8.3,0.0,851.4,0.0,67,,0.0,,2,chuk_rwanda
2022-02-18 01:00:00,14.6,98,14.2,4.0,7.6,0.0,850.6,0.0,22,,0.0,,1,chuk_rwanda
2022-02-18 02:00:00,16.5,93,15.4,2.5,6.5,0.0,851.4,0.0,57,,0.0,,2,chuk_rwanda
2022-02-18 03:00:00,16.4,92,15.1,3.5,5.8,0.0,851.3,0.0,100,,0.0,,3,chuk_rwanda
2022-02-18 04:00:00,16.2,92,14.9,4.7,9.7,0.0,851.0,0.0,99,,0.0,,3,chuk_rwanda
2022-02-18 05:00:00,15.6,94,14.6,3.2,8.3,0.0,850.8,0.0,45,,0.0,,1,chuk_rwanda
2022-02-18 06:00:00,15.4,95,14.6,3.7,7.6,0.0,851.2,0.0,87,,0.0,,3,chuk_rwanda
2022-02-18 07:00:00,16.2,93,15.1,4.1,9.7,0.0,851.9,40.0,98,,0.02,,3,chuk_rwanda
2022-02-18 08:00:00,19.0,81,15.6,1.1,10.1,0.0,854.1,244.0,98,,0.14,,3,chuk_rwanda
2022-02-18 09:00:00,21.6,67,15.3,2.8,12.6,0.0,855.4,498.0,93,,0.32,,3,chuk_rwanda
2022-02-18 10:00:00,23.8,58,14.9,2.2,13.7,0.0,855.9,717.0,94,,0.49,,3,chuk_rwanda
2022-02-18 11:00:00,24.8,55,15.1,2.3,15.1,0.1,855.4,802.0,100,,0.57,,51,chuk_rwanda
2022-02-18 12:00:00,26.2,51,15.3,5.0,18.7,0.0,854.9,891.0,100,,0.65,,3,chuk_rwanda
2022-02-18 13:00:00,19.5,82,16.4,13.0,34.9,7.4,853.0,348.0,100,,0.23,,63,chuk_rwanda
2022-02-18 14:00:00,19.8,77,15.6,7.1,28.8,0.6,853.4,381.0,100,,0.26,,53,chuk_rwanda
2022-02-18 15:00:00,20.4,76,15.9,4.1,19.4,0.3,852.4,379.0,100,,0.26,,51,chuk_rwanda
2022-02-18 16:00:00,21.6,69,15.8,3.3,14.4,0.0,851.9,408.0,100,,0.28,,3,chuk_rwanda
2022-02-18 17:00:00,22.0,67,15.6,1.8,12.6,0.0,851.7,324.0,79,,0.21,,2,chuk_rwanda
2022-02-18 18:00:00,20.6,75,16.1,4.0,7.6,0.0,851.5,123.0,95,,0.07,,3,chuk_rwanda
2022-02-18 19:00:00,18.9,82,15.8,6.8,12.6,0.0,851.7,3.0,100,,0.01,,3,chuk_rwanda
2022-02-18 20:00:00,18.2,85,15.8,4.0,13.3,0.0,852.5,0.0,100,,0.0,,3,chuk_rwanda
2022-02-18 21:00:00,17.6,90,15.9,2.6,7.9,0.0,853.2,0.0,100,,0.0,,3,chuk_rwanda
2022-02-18 22:00:00,17.6,86,15.3,3.3,6.5,0.0,853.9,0.0,100,,0.0,,3,chuk_rwanda
2022-02-18 23:00:00,17.0,89,15.2,3.2,7.2,0.0,853.9,0.0,100,,0.0,,3,chuk_rwanda
2022-02-19 00:00:00,16.5,91,15.1,4.2,8.3,0.0,853.4,0.0,100,,0.0,,3,chuk_rwanda
2022-02-19 01:00:00,16.2,93,15.1,3.4,8.3,0.0,852.8,0.0,100,,0.0,,3,chuk_rwanda
2022-02-19 02:00:00,16.6,93,15.4,2.9,7.6,0.1,852.1,0.0,100,,0.0,,51,chuk_rwanda
2022-02-19 03:00:00,16.8,89,15.0,3.4,6.8,0.0,851.8,0.0,100,,0.0,,3,chuk_rwanda
2022-02-19 04:00:00,16.7,90,15.1,1.9,6.5,0.0,851.9,0.0,100,,0.0,,3,chuk_rwanda
2022-02-19 05:00:00,16.5,93,15.2,1.3,3.2,0.0,852.2,0.0,100,,0.0,,3,chuk_rwanda
2022-02-19 06:00:00,16.4,92,15.1,1.5,2.5,0.0,852.6,0.0,100,,0.0,,3,chuk_rwanda
2022-02-19 07:00:00,16.8,91,15.2,1.8,5.0,0.0,853.2,17.0,73,,0.02,,2,chuk_rwanda
2022-02-19 08:00:00,19.1,78,15.1,0.7,7.9,0.0,855.0,195.0,50,,0.12,,2,chuk_rwanda
2022-02-19 09:00:00,21.4,70,15.8,0.4,8.6,0.0,855.9,475.0,42,,0.31,,1,chuk_rwanda
2022-02-19 10:00:00,23.5,62,15.9,3.3,18.4,0.0,856.3,735.0,14,,0.5,,0,chuk_rwanda
2022-02-19 11:00:00,24.9,58,15.9,4.7,21.6,0.1,856.1,895.0,29,,0.63,,51,chuk_rwanda
2022-02-19 12:00:00,26.5,51,15.5,4.9,20.5,0.1,855.2,942.0,100,,0.68,,51,chuk_rwanda
2022-02-19 13:00:00,25.6,48,13.9,8.9,22.7,0.0,853.8,544.0,58,,0.43,,2,chuk_rwanda
2022-02-19 14:00:00,23.3,60,15.0,5.8,30.2,0.9,853.0,644.0,50,,0.46,,53,chuk_rwanda
2022-02-19 15:00:00,24.5,55,15.1,8.7,23.4,0.0,852.6,511.0,96,,0.38,,3,chuk_rwanda
2022-02-19 16:00:00,21.0,76,16.6,14.6,34.6,3.3,852.2,408.0,92,,0.27,,63,chuk_rwanda
2022-02-19 17:00:00,22.1,67,15.6,6.7,31.7,0.0,852.2,264.0,99,,0.19,,3,chuk_rwanda
2022-02-19 18:00:00,20.8,83,17.9,4.5,15.8,0.0,852.1,88.0,99,,0.06,,3,chuk_rwanda
2022-02-19 19:00:00,19.4,83,16.4,5.0,8.6,0.0,852.0,3.0,97,,0.01,,3,chuk_rwanda
2022-02-19 20:00:00,20.2,76,15.9,3.3,8.6,0.0,853.0,0.0,100,,0.0,,3,chuk_rwanda
2022-02-19 21:00:00,19.1,82,16.0,1.1,5.8,0.0,853.2,0.0,100,,0.0,,3,chuk_rwanda
2022-02-19 22:00:00,19.0,82,15.9,2.4,4.0,0.0,854.4,0.0,100,,0.0,,3,chuk_rwanda
2022-02-19 23:00:00,18.6,84,15.9,0.8,4.3,0.0,854.3,0.0,100,,0.0,,3,chuk_rwanda
2022-02-20 00:00:00,16.8,94,15.8,3.1,5.4,0.0,853.3,0.0,100,,0.0,,3,chuk_rwanda
2022-02-20 01:00:00,16.7,93,15.6,1.8,5.8,0.0,853.2,0.0,100,,0.0,,3,chuk_rwanda
2022-02-20 02:00:00,15.8,93,14.8,4.5,4.0,0.0,851.7,0.0,100,,0.0,,3,chuk_rwanda
2022-02-20 03:00:00,15.9,92,14.6,3.3,8.3,0.0,851.7,0.0,100,,0.0,,3,chuk_rwanda
2022-02-20 04:00:00,16.1,91,14.8,3.1,6.8,0.0,852.1,0.0,100,,0.0,,3,chuk_rwanda
2022-02-20 05:00:00,16.0,92,14.8,2.8,5.8,0.0,852.5,0.0,100,,0.0,,3,chuk_rwanda
2022-02-20 06:00:00,16.0,92,14.8,3.1,6.5,0.0,852.7,0.0,100,,0.0,,3,chuk_rwanda
2022-02-20 07:00:00,16.8,89,15.1,2.2,6.1,0.0,853.8,30.0,100,,0.02,,3,chuk_rwanda
2022-02-20 08:00:00,18.6,81,15.2,3.3,9.0,0.0,855.5,129.0,100,,0.09,,3,chuk_rwanda
2022-02-20 09:00:00,19.8,76,15.4,6.3,17.6,0.0,856.3,320.0,100,,0.21,,3,chuk_rwanda
2022-02-20 10:00:00,21.8,68,15.6,7.1,21.6,0.0,857.2,595.0,100,,0.39,,3,chuk_rwanda
2022-02-20 11:00:00,23.0,65,16.1,5.5,21.6,0.1,857.1,688.0,100,,0.47,,51,chuk_rwanda
2022-02-20 12:00:00,23.2,62,15.4,6.6,22.7,0.1,855.9,517.0,100,,0.38,,51,chuk_rwanda
2022-02-20 13:00:00,20.8,74,16.0,12.1,31.0,7.0,854.9,567.0,100,,0.37,,63,chuk_rwanda
2022-02-20 14:00:00,17.9,89,16.0,1.5,29.2,0.1,854.6,273.0,100,,0.19,,51,chuk_rwanda
2022-02-20 15:00:00,18.6,88,16.6,2.8,10.1,1.3,854.2,168.0,100,,0.12,,61,chuk_rwanda
2022-02-20 16:00:00,18.0,88,16.1,4.8,11.9,0.9,853.9,83.0,100,,0.07,,53,chuk_rwanda
2022-02-20 17:00:00,18.0,90,16.4,4.0,12.2,1.0,853.9,52.0,100,,0.05,,55,chuk_rwanda
2022-02-20 18:00:00,18.0,91,16.5,3.7,10.8,0.2,854.1,31.0,100,,0.03,,51,chuk_rwanda
2022-02-20 19:00:00,17.5,96,16.8,3.1,8.6,0.0,854.3,1.0,100,,0.01,,3,chuk_rwanda
2022-02-20 20:00:00,17.7,95,17.0,4.1,8.6,0.0,855.2,0.0,100,,0.0,,3,chuk_rwanda
2022-02-20 21:00:00,17.5,96,16.9,4.2,10.8,0.1,855.6,0.0,100,,0.0,,51,chuk_rwanda
2022-02-20 22:00:00,16.9,97,16.4,4.2,10.1,0.0,855.6,0.0,100,,0.0,,3,chuk_rwanda
2022-02-20 23:00:00,16.3,97,15.8,3.9,9.0,0.0,855.2,0.0,100,,0.0,,3,chuk_rwanda
2022-02-21 00:00:00,17.4,93,16.2,1.8,9.7,0.0,855.3,0.0,100,,0.0,,3,chuk_rwanda
2022-02-21 01:00:00,16.4,97,15.9,2.9,6.8,0.0,854.4,0.0,100,,0.0,,3,chuk_rwanda
2022-02-21 02:00:00,16.7,94,15.8,3.1,8.3,0.0,853.5,0.0,100,,0.0,,3,chuk_rwanda
2022-02-21 03:00:00,15.8,95,14.9,3.4,6.1,0.0,852.8,0.0,100,,0.0,,3,chuk_rwanda
2022-02-21 04:00:00,14.9,97,14.4,4.7,6.8,0.0,852.4,0.0,100,,0.0,,3,chuk_rwanda
2022-02-21 05:00:00,15.1,96,14.6,3.5,6.8,0.0,852.8,0.0,100,,0.0,,3,chuk_rwanda
2022-02-21 06:00:00,14.9,96,14.3,4.3,6.8,0.0,853.2,0.0,100,,0.0,,3,chuk_rwanda
2022-02-21 07:00:00,15.9,93,14.8,1.8,6.5,0.0,854.5,20.0,100,,0.02,,3,chuk_rwanda
2022-02-21 08:00:00,17.2,88,15.2,2.2,8.6,0.0,855.8,128.0,100,,0.08,,3,chuk_rwanda
2022-02-21 09:00:00,19.2,79,15.4,1.0,9.7,0.0,857.1,312.0,100,,0.2,,3,chuk_rwanda
2022-02-21 10:00:00,21.8,65,15.0,1.5,11.9,0.0,857.3,585.0,100,,0.4,,3,chuk_rwanda
2022-02-21 11:00:00,23.8,52,13.5,1.9,13.0,0.0,857.4,787.0,100,,0.55,,3,chuk_rwanda
2022-02-21 12:00:00,25.0,48,13.2,2.2,16.2,0.1,856.3,852.0,100,,0.61,,51,chuk_rwanda
2022-02-21 13:00:00,25.8,47,13.8,2.0,15.8,0.0,855.3,865.0,100,,0.63,,3,chuk_rwanda
2022-02-21 14:00:00,25.5,48,13.8,1.5,15.1,0.0,853.9,814.0,100,,0.59,,3,chuk_rwanda
2022-02-21 15:00:00,25.9,48,13.9,2.2,11.2,0.0,853.5,687.0,99,,0.5,,3,chuk_rwanda
2022-02-21 16:00:00,25.5,47,13.4,2.5,12.2,0.0,852.7,520.0,100,,0.37,,3,chuk_rwanda
2022-02-21 17:00:00,25.1,47,13.1,1.3,10.1,0.0,852.8,264.0,100,,0.19,,3,chuk_rwanda
2022-02-21 18:00:00,23.5,60,15.2,4.0,7.6,0.0,852.4,85.0,100,,0.08,,3,chuk_rwanda
2022-02-21 19:00:00,21.4,71,15.9,3.6,9.0,0.0,852.5,3.0,100,,0.01,,3,chuk_rwanda
2022-02-21 20:00:00,21.1,69,15.2,1.3,7.6,0.0,853.2,0.0,100,,0.0,,3,chuk_rwanda
2022-02-21 21:00:00,20.1,75,15.5,3.3,6.1,0.0,853.4,0.0,100,,0.0,,3,chuk_rwanda
2022-02-21 22:00:00,20.4,74,15.6,3.9,8.3,0.0,854.2,0.0,100,,0.0,,3,chuk_rwanda
2022-02-21 23:00:00,20.1,81,16.7,1.3,9.0,0.0,854.8,0.0,100,,0.0,,3,chuk_rwanda
2022-02-22 00:00:00,19.4,81,16.0,2.7,4.7,0.0,854.3,0.0,100,,0.0,,3,chuk_rwanda
2022-02-22 01:00:00,19.0,81,15.8,3.6,6.8,0.0,853.9,0.0,100,,0.0,,3,chuk_rwanda
2022-02-22 02:00:00,16.0,87,13.8,3.4,7.2,0.1,851.2,0.0,100,,0.0,,51,chuk_rwanda
2022-02-22 03:00:00,16.2,85,13.8,2.9,6.8,0.0,851.5,0.0,100,,0.0,,3,chuk_rwanda
2022-02-22 04:00:00,16.2,86,13.9,0.7,5.8,0.0,852.1,0.0,100,,0.0,,3,chuk_rwanda
2022-02-22 05:00:00,16.1,87,13.9,1.8,4.7,0.0,852.6,0.0,100,,0.0,,3,chuk_rwanda
2022-02-22 06:00:00,16.2,87,14.1,3.3,6.5,0.0,852.8,0.0,100,,0.0,,3,chuk_rwanda
2022-02-22 07:00:00,17.0,84,14.3,5.4,10.1,0.0,853.9,15.0,100,,0.03,,3,chuk_rwanda
2022-02-22 08:00:00,18.2,83,15.3,7.9,18.7,0.0,855.7,130.0,100,,0.09,,3,chuk_rwanda
2022-02-22 09:00:00,19.5,80,16.0,8.7,22.7,0.0,856.7,313.0,100,,0.2,,3,chuk_rwanda
2022-02-22 10:00:00,20.2,75,15.7,6.8,22.7,0.1,856.7,374.0,100,,0.25,,51,chuk_rwanda
2022-02-22 11:00:00,20.5,73,15.4,7.6,20.5,0.0,856.1,328.0,100,,0.24,,3,chuk_rwanda
2022-02-22 12:00:00,21.8,67,15.2,3.8,19.4,0.0,855.7,414.0,100,,0.3,,3,chuk_rwanda
2022-02-22 13:00:00,23.0,63,15.6,5.3,17.6,0.0,854.7,456.0,100,,0.34,,3,chuk_rwanda
2022-02-22 14:00:00,23.8,58,15.0,3.3,21.2,0.0,854.0,636.0,100,,0.46,,3,chuk_rwanda
2022-02-22 15:00:00,24.5,57,15.4,3.9,16.6,0.0,853.3,645.0,100,,0.46,,3,chuk_rwanda
2022-02-22 16:00:00,25.0,53,14.6,5.5,18.7,0.0,852.7,593.0,100,,0.42,,3,chuk_rwanda
2022-02-22 17:00:00,24.1,55,14.6,6.6,16.9,0.0,852.4,318.0,100,,0.24,,3,chuk_rwanda
2022-02-22 18:00:00,22.8,66,16.1,3.9,15.8,0.0,852.2,93.0,100,,0.07,,3,chuk_rwanda
2022-02-22 19:00:00,20.8,79,17.1,4.1,8.3,0.0,852.4,3.0,100,,0.01,,3,chuk_rwanda
2022-02-22 20:00:00,20.7,73,15.8,2.1,6.1,0.0,853.2,0.0,100,,0.0,,3,chuk_rwanda
2022-02-22 21:00:00,20.0,72,14.8,2.1,5.8,0.0,853.9,0.0,100,,0.0,,3,chuk_rwanda
2022-02-22 22:00:00,18.3,85,15.8,2.5,4.3,0.0,853.9,0.0,100,,0.0,,3,chuk_rwanda
2022-02-22 23:00:00,18.0,85,15.4,2.1,5.0,0.0,853.8,0.0,100,,0.0,,3,chuk_rwanda
2022-02-23 00:00:00,16.9,89,15.1,3.8,7.9,0.0,852.8,0.0,100,,0.0,,3,chuk_rwanda
2022-02-23 01:00:00,16.2,92,14.9,0.7,7.2,0.0,852.8,0.0,100,,0.0,,3,chuk_rwanda
2022-02-23 02:00:00,17.9,82,14.9,1.8,4.0,0.0,852.9,0.0,100,,0.0,,3,chuk_rwanda
2022-02-23 03:00:00,17.6,83,14.6,3.3,6.8,0.0,852.7,0.0,100,,0.0,,3,chuk_rwanda
2022-02-23 04:00:00,17.5,83,14.6,4.7,8.6,0.0,852.8,0.0,100,,0.0,,3,chuk_rwanda
2022-02-23 05:00:00,17.0,86,14.7,3.1,8.6,0.0,852.6,0.0,100,,0.0,,3,chuk_rwanda
2022-02-23 06:00:00,16.5,89,14.8,2.3,5.8,0.0,852.9,0.0,100,,0.0,,3,chuk_rwanda
2022-02-23 07:00:00,17.1,86,14.8,2.5,6.1,0.0,853.9,27.0,100,,0.02,,3,chuk_rwanda
2022-02-23 08:00:00,19.8,74,15.0,1.8,8.6,0.0,855.9,196.0,93,,0.12,,3,chuk_rwanda
2022-02-23 09:00:00,22.2,64,15.2,1.3,10.1,0.0,856.9,495.0,100,,0.33,,3,chuk_rwanda
2022-02-23 10:00:00,23.6,58,14.9,2.7,17.6,0.0,856.9,619.0,100,,0.43,,3,chuk_rwanda
2022-02-23 11:00:00,25.1,55,15.4,2.4,19.1,0.0,856.7,863.0,100,,0.61,,3,chuk_rwanda
2022-02-23 12:00:00,27.0,50,15.6,4.1,17.6,0.1,855.7,975.0,100,,0.71,,51,chuk_rwanda
2022-02-23 13:00:00,25.3,53,15.1,5.9,18.0,2.5,854.4,880.0,100,,0.63,,63,chuk_rwanda
2022-02-23 14:00:00,23.6,63,16.2,3.6,39.2,11.4,853.9,547.0,100,,0.4,,65,chuk_rwanda
2022-02-23 15:00:00,20.2,80,16.6,12.1,31.3,8.0,853.2,560.0,100,,0.34,,65,chuk_rwanda
2022-02-23 16:00:00,21.5,73,16.6,3.1,28.8,0.1,853.0,289.0,100,,0.21,,51,chuk_rwanda
2022-02-23 17:00:00,21.5,74,16.8,2.0,11.9,0.0,853.5,204.0,100,,0.14,,3,chuk_rwanda
2022-02-23 18:00:00,20.6,85,18.0,2.0,8.3,0.0,853.6,65.0,100,,0.05,,3,chuk_rwanda
2022-02-23 19:00:00,18.9,89,17.0,4.0,8.3,0.0,853.5,2.0,100,,0.01,,3,chuk_rwanda
2022-02-23 20:00:00,18.5,92,17.2,5.0,10.1,0.0,854.3,0.0,100,,0.0,,3,chuk_rwanda
2022-02-23 21:00:00,17.6,95,16.9,4.8,10.1,0.0,855.0,0.0,100,,0.0,,3,chuk_rwanda
2022-02-23 22:00:00,17.6,97,17.0,2.5,7.2,0.7,856.1,0.0,100,,0.0,,53,chuk_rwanda
2022-02-23 23:00:00,18.0,97,17.5,3.1,6.1,0.3,856.4,0.0,100,,0.0,,51,chuk_rwanda
2022-02-24 00:00:00,17.9,98,17.5,2.9,6.8,0.5,856.2,0.0,100,,0.0,,53,chuk_rwanda
2022-02-24 01:00:00,17.9,98,17.5,3.1,6.5,0.3,855.4,0.0,100,,0.0,,51,chuk_rwanda
2022-02-24 02:00:00,17.1,92,15.9,3.7,7.9,0.0,854.6,0.0,100,,0.0,,3,chuk_rwanda
2022-02-24 03:00:00,16.9,93,15.8,2.9,10.1,0.0,854.1,0.0,100,,0.0,,3,chuk_rwanda
2022-02-24 04:00:00,16.8,94,15.8,0.7,6.5,0.0,854.1,0.0,100,,0.0,,3,chuk_rwanda
2022-02-24 05:00:00,16.0,97,15.6,3.2,4.7,0.0,854.0,0.0,65,,0.0,,2,chuk_rwanda
2022-02-24 06:00:00,15.0,98,14.8,3.4,6.5,0.0,853.5,0.0,47,,0.0,,1,chuk_rwanda
2022-02-24 07:00:00,16.4,97,15.8,4.3,10.4,0.0,854.7,43.0,68,,0.01,,2,chuk_rwanda
2022-02-24 08:00:00,19.2,83,16.2,2.3,10.8,0.0,856.4,245.0,69,,0.14,,2,chuk_rwanda
2022-02-24 09:00:00,21.6,71,16.2,1.8,11.2,0.0,857.2,513.0,57,,0.33,,2,chuk_rwanda
2022-02-24 10:00:00,23.5,63,16.2,3.6,19.4,0.0,857.7,731.0,56,,0.5,,2,chuk_rwanda
2022-02-24 11:00:00,24.9,59,16.2,3.8,22.0,0.0,857.5,894.0,81,,0.63,,3,chuk_rwanda
2022-02-24 12:00:00,25.3,55,15.6,6.4,22.0,0.4,856.4,774.0,100,,0.56,,51,chuk_rwanda
2022-02-24 13:00:00,21.4,78,17.3,2.9,22.7,7.3,854.8,379.0,98,,0.27,,63,chuk_rwanda
2022-02-24 14:00:00,19.6,80,16.2,7.8,25.2,2.1,854.8,474.0,100,,0.31,,61,chuk_rwanda
2022-02-24 15:00:00,20.6,77,16.4,3.5,20.9,0.0,855.0,330.0,100,,0.23,,3,chuk_rwanda
2022-02-24 16:00:00,19.6,80,16.0,5.0,22.3,0.0,854.2,244.0,100,,0.17,,3,chuk_rwanda
2022-02-24 17:00:00,19.6,81,16.3,4.6,15.1,0.1,854.7,175.0,100,,0.12,,51,chuk_rwanda
2022-02-24 18:00:00,19.1,88,17.0,1.5,11.9,0.1,854.6,84.0,100,,0.05,,51,chuk_rwanda
2022-02-24 19:00:00,17.2,94,16.2,3.7,5.8,0.0,854.4,3.0,100,,0.0,,3,chuk_rwanda
2022-02-24 20:00:00,16.5,96,15.8,4.2,7.2,0.0,854.5,0.0,95,,0.0,,3,chuk_rwanda
2022-02-24 21:00:00,15.6,97,15.1,3.3,7.2,0.0,854.2,0.0,97,,0.0,,3,chuk_rwanda
2022-02-24 22:00:00,15.1,98,14.8,2.9,6.8,0.0,854.5,0.0,99,,0.0,,3,chuk_rwanda
2022-02-24 23:00:00,14.4,99,14.2,3.6,6.8,0.0,854.1,0.0,100,,0.0,,3,chuk_rwanda
2022-02-25 00:00:00,14.4,99,14.2,2.9,7.2,0.0,853.7,0.0,100,,0.0,,3,chuk_rwanda
2022-02-25 01:00:00,14.1,99,13.9,3.4,7.2,0.0,853.2,0.0,100,,0.0,,3,chuk_rwanda
2022-02-25 02:00:00,13.6,100,13.6,3.9,9.0,0.0,852.2,0.0,100,,0.0,,3,chuk_rwanda
2022-02-25 03:00:00,13.4,100,13.4,4.1,9.0,0.0,852.3,0.0,100,,0.0,,3,chuk_rwanda
2022-02-25 04:00:00,13.1,100,13.1,4.8,10.1,0.0,852.6,0.0,100,,0.0,,3,chuk_rwanda
2022-02-25 05:00:00,13.4,100,13.4,6.3,12.2,0.0,853.2,0.0,100,,0.0,,3,chuk_rwanda
2022-02-25 06:00:00,13.4,100,13.3,6.2,12.6,0.0,853.2,0.0,100,,0.0,,3,chuk_rwanda
2022-02-25 07:00:00,14.3,97,13.9,5.7,14.4,0.0,853.9,33.0,100,,0.01,,3,chuk_rwanda
2022-02-25 08:00:00,17.3,89,15.4,1.8,13.7,0.0,856.0,206.0,35,,0.12,,1,chuk_rwanda
2022-02-25 09:00:00,20.5,74,15.8,2.9,13.7,0.0,857.4,513.0,17,,0.32,,0,chuk_rwanda
2022-02-25 10:00:00,22.8,65,15.8,5.2,17.6,0.0,857.4,751.0,15,,0.5,,0,chuk_rwanda
2022-02-25 11:00:00,24.7,57,15.6,4.9,26.3,0.0,856.9,915.0,16,,0.64,,0,chuk_rwanda
2022-02-25 12:00:00,26.3,52,15.8,6.7,25.2,0.0,856.2,966.0,18,,0.69,,0,chuk_rwanda
2022-02-25 13:00:00,28.0,44,14.8,6.6,23.0,0.0,855.0,993.0,20,,0.74,,1,chuk_rwanda
2022-02-25 14:00:00,28.0,42,13.9,3.8,23.8,0.0,854.7,925.0,42,,0.68,,1,chuk_rwanda
2022-02-25 15:00:00,28.2,40,13.3,4.3,15.5,0.0,853.7,741.0,94,,0.55,,3,chuk_rwanda
2022-02-25 16:00:00,28.0,39,12.9,6.3,14.8,0.0,853.3,561.0,100,,0.43,,3,chuk_rwanda
2022-02-25 17:00:00,20.8,74,15.9,11.2,33.1,2.0,852.6,153.0,100,,0.13,,61,chuk_rwanda
2022-02-25 18:00:00,20.5,77,16.2,3.8,22.0,0.0,852.3,71.0,86,,0.06,,3,chuk_rwanda
2022-02-25 19:00:00,19.1,88,17.0,5.1,14.8,0.5,853.7,2.0,99,,0.01,,53,chuk_rwanda
2022-02-25 20:00:00,18.8,86,16.4,4.2,11.2,0.0,854.2,0.0,99,,0.0,,3,chuk_rwanda
2022-02-25 21:00:00,17.6,96,17.0,6.4,13.3,0.5,854.9,0.0,100,,0.0,,53,chuk_rwanda
2022-02-25 22:00:00,16.8,99,16.5,2.8,12.6,0.0,854.7,0.0,91,,0.0,,3,chuk_rwanda
2022-02-25 23:00:00,15.8,100,15.7,4.3,9.4,0.0,854.9,0.0,99,,0.0,,3,chuk_rwanda
2022-02-26 00:00:00,15.8,99,15.6,4.3,9.0,0.0,855.0,0.0,90,,0.0,,3,chuk_rwanda
2022-02-26 01:00:00,15.9,100,15.9,3.3,7.2,0.0,854.8,0.0,5,,0.0,,0,chuk_rwanda
2022-02-26 02:00:00,15.3,98,15.1,4.6,5.4,0.0,852.8,0.0,100,,0.0,,3,chuk_rwanda
2022-02-26 03:00:00,14.7,97,14.3,4.3,9.4,0.0,852.3,0.0,100,,0.0,,3,chuk_rwanda
2022-02-26 04:00:00,14.6,96,13.9,4.4,9.4,0.0,852.3,0.0,98,,0.0,,3,chuk_rwanda
2022-02-26 05:00:00,14.4,96,13.7,4.2,9.4,0.0,852.5,0.0,100,,0.0,,3,chuk_rwanda
2022-02-26 06:00:00,14.5,97,13.9,3.5,9.0,0.0,853.2,0.0,100,,0.0,,3,chuk_rwanda
2022-02-26 07:00:00,15.7,91,14.2,4.6,10.4,0.0,854.7,40.0,100,,0.02,,3,chuk_rwanda
2022-02-26 08:00:00,18.7,83,15.7,2.3,10.1,0.1,856.8,201.0,100,,0.12,,51,chuk_rwanda
2022-02-26 09:00:00,20.5,74,15.8,4.9,13.7,0.2,857.9,365.0,100,,0.24,,51,chuk_rwanda
2022-02-26 10:00:00,18.2,86,15.8,8.7,29.9,2.3,857.9,427.0,100,,0.26,,61,chuk_rwanda
2022-02-26 11:00:00,20.2,77,16.1,2.3,22.3,0.2,857.5,484.0,22,,0.33,,51,chuk_rwanda
2022-02-26 12:00:00,23.5,64,16.2,3.8,23.4,0.4,857.3,1020.0,77,,0.7,,51,chuk_rwanda
2022-02-26 13:00:00,24.4,60,16.2,5.8,23.0,0.0,856.0,866.0,100,,0.61,,3,chuk_rwanda
2022-02-26 14:00:00,23.9,57,14.8,9.8,21.6,0.0,856.2,648.0,100,,0.47,,3,chuk_rwanda
2022-02-26 15:00:00,21.8,66,15.2,7.9,25.6,0.2,854.9,300.0,100,,0.23,,51,chuk_rwanda
2022-02-26 16:00:00,21.1,74,16.4,6.2,19.8,0.4,854.3,237.0,100,,0.18,,51,chuk_rwanda
2022-02-26 17:00:00,21.4,74,16.6,3.4,16.2,0.0,854.0,248.0,66,,0.17,,2,chuk_rwanda
2022-02-26 18:00:00,19.8,85,17.1,4.7,10.8,0.0,853.7,128.0,74,,0.07,,2,chuk_rwanda
2022-02-26 19:00:00,17.6,94,16.8,5.0,9.7,0.0,853.3,3.0,85,,0.0,,3,chuk_rwanda
2022-02-26 20:00:00,17.5,94,16.5,5.0,9.4,0.0,853.8,0.0,43,,0.0,,1,chuk_rwanda
2022-02-26 21:00:00,15.9,97,15.6,5.0,8.3,0.0,853.5,0.0,44,,0.0,,1,chuk_rwanda
2022-02-26 22:00:00,15.6,97,15.1,4.2,9.0,0.0,854.0,0.0,95,,0.0,,3,chuk_rwanda
2022-02-26 23:00:00,15.4,94,14.6,4.3,9.7,0.0,853.9,0.0,100,,0.0,,3,chuk_rwanda
2022-02-27 00:00:00,14.6,94,13.6,3.9,8.6,0.0,853.2,0.0,82,,0.0,,3,chuk_rwanda
2022-02-27 01:00:00,14.1,95,13.3,3.2,7.6,0.0,852.5,0.0,58,,0.0,,2,chuk_rwanda
2022-02-27 02:00:00,13.9,95,13.2,4.1,7.6,0.0,852.6,0.0,81,,0.0,,3,chuk_rwanda
2022-02-27 03:00:00,12.8,96,12.1,5.8,11.5,0.0,851.7,0.0,100,,0.0,,3,chuk_rwanda
2022-02-27 04:00:00,13.1,94,12.1,4.7,9.7,0.0,852.2,0.0,90,,0.0,,3,chuk_rwanda
2022-02-27 05:00:00,12.7,95,11.9,6.1,7.6,0.0,852.9,0.0,99,,0.0,,3,chuk_rwanda
2022-02-27 06:00:00,12.6,96,12.0,5.6,8.6,0.0,853.1,0.0,97,,0.0,,3,chuk_rwanda
2022-02-27 07:00:00,14.5,92,13.1,5.2,10.1,0.0,854.2,46.0,62,,0.02,,2,chuk_rwanda
2022-02-27 08:00:00,18.0,82,14.8,2.2,10.8,0.0,856.1,260.0,15,,0.15,,0,chuk_rwanda
2022-02-27 09:00:00,20.5,70,14.9,2.7,13.0,0.0,857.1,513.0,14,,0.33,,0,chuk_rwanda
2022-02-27 10:00:00,22.5,62,14.9,4.1,16.2,0.0,857.2,753.0,40,,0.5,,1,chuk_rwanda
2022-02-27 11:00:00,24.2,53,14.1,5.7,19.4,0.0,857.1,919.0,34,,0.64,,1,chuk_rwanda
2022-02-27 12:00:00,25.5,49,14.1,5.6,19.8,0.0,856.6,1014.0,37,,0.72,,1,chuk_rwanda
2022-02-27 13:00:00,26.5,48,14.5,7.0,21.6,0.0,855.7,985.0,51,,0.71,,2,chuk_rwanda
2022-02-27 14:00:00,26.0,49,14.6,7.3,22.7,0.0,854.9,915.0,46,,0.66,,1,chuk_rwanda
2022-02-27 15:00:00,26.2,48,14.2,6.9,22.0,0.0,854.3,789.0,100,,0.57,,3,chuk_rwanda
2022-02-27 16:00:00,25.8,49,14.1,6.5,20.2,0.1,853.5,542.0,100,,0.4,,51,chuk_rwanda
2022-02-27 17:00:00,25.0,51,14.2,6.0,16.6,0.0,853.1,309.0,100,,0.23,,3,chuk_rwanda
2022-02-27 18:00:00,23.4,63,15.9,4.5,14.8,0.0,852.8,112.0,100,,0.08,,3,chuk_rwanda
2022-02-27 19:00:00,21.5,72,16.2,4.9,9.4,0.0,852.3,3.0,100,,0.01,,3,chuk_rwanda
2022-02-27 20:00:00,20.5,76,16.0,2.2,9.0,0.0,852.9,0.0,100,,0.0,,3,chuk_rwanda
2022-02-27 21:00:00,20.0,72,14.8,4.1,7.6,0.0,853.6,0.0,100,,0.0,,3,chuk_rwanda
2022-02-27 22:00:00,18.0,82,14.8,4.9,9.7,0.0,853.4,0.0,84,,0.0,,3,chuk_rwanda
2022-02-27 23:00:00,16.2,90,14.6,5.7,10.4,0.0,852.7,0.0,99,,0.0,,3,chuk_rwanda
2022-02-28 00:00:00,15.6,92,14.3,7.4,13.7,0.0,852.1,0.0,100,,0.0,,3,chuk_rwanda
2022-02-28 01:00:00,15.4,91,14.0,7.3,14.4,0.0,851.6,0.0,100,,0.0,,3,chuk_rwanda
2022-02-28 02:00:00,14.8,92,13.5,4.1,12.6,0.0,851.4,0.0,100,,0.0,,3,chuk_rwanda
2022-02-28 03:00:00,15.0,91,13.5,4.3,8.3,0.0,851.2,0.0,100,,0.0,,3,chuk_rwanda
2022-02-28 04:00:00,14.6,92,13.4,6.3,11.2,0.0,851.0,0.0,100,,0.0,,3,chuk_rwanda
2022-02-28 05:00:00,14.6,92,13.2,6.1,12.2,0.0,851.5,0.0,97,,0.0,,3,chuk_rwanda
2022-02-28 06:00:00,14.1,93,13.0,4.9,11.2,0.0,851.7,0.0,27,,0.0,,1,chuk_rwanda
2022-02-28 07:00:00,15.7,87,13.6,6.0,11.9,0.0,853.3,48.0,29,,0.02,,1,chuk_rwanda
2022-02-28 08:00:00,20.1,73,15.1,1.5,11.9,0.0,856.2,258.0,35,,0.15,,1,chuk_rwanda
2022-02-28 09:00:00,22.4,63,15.0,3.3,13.0,0.0,856.9,513.0,100,,0.34,,3,chuk_rwanda
2022-02-28 10:00:00,23.9,59,15.3,6.4,22.7,0.0,857.0,750.0,100,,0.51,,3,chuk_rwanda
2022-02-28 11:00:00,25.0,52,14.6,7.4,22.3,0.2,856.7,880.0,98,,0.62,,51,chuk_rwanda
2022-02-28 12:00:00,25.5,53,15.1,7.1,23.0,0.1,855.6,897.0,99,,0.64,,51,chuk_rwanda
2022-02-28 13:00:00,26.0,51,15.2,9.1,24.5,0.1,854.5,952.0,100,,0.68,,51,chuk_rwanda
2022-02-28 14:00:00,20.5,82,17.3,8.8,26.6,0.2,853.4,855.0,100,,0.52,,51,chuk_rwanda
2022-02-28 15:00:00,22.4,69,16.5,3.8,20.9,0.8,853.9,473.0,100,,0.33,,53,chuk_rwanda
2022-02-28 16:00:00,22.7,68,16.5,2.1,13.3,0.0,853.2,380.0,100,,0.27,,3,chuk_rwanda
2022-02-28 17:00:00,22.1,67,15.9,3.9,11.5,0.3,853.4,220.0,100,,0.16,,51,chuk_rwanda
2022-02-28 18:00:00,20.6,78,16.7,4.5,9.7,0.0,853.4,69.0,98,,0.06,,3,chuk_rwanda
2022-02-28 19:00:00,19.0,86,16.6,4.8,12.2,0.0,853.0,2.0,100,,0.01,,3,chuk_rwanda
2022-02-28 20:00:00,18.0,90,16.4,6.2,12.2,0.0,852.9,0.0,100,,0.0,,3,chuk_rwanda
2022-02-28 21:00:00,17.1,94,16.2,4.9,12.2,0.0,852.8,0.0,95,,0.0,,3,chuk_rwanda
2022-02-28 22:00:00,16.8,94,15.9,5.6,10.8,0.0,853.1,0.0,91,,0.0,,3,chuk_rwanda
2022-02-28 23:00:00,16.3,95,15.4,5.5,11.9,0.0,852.9,0.0,38,,0.0,,1,chuk_rwanda
2022-03-01 00:00:00,15.5,96,14.8,5.2,10.8,0.0,852.3,0.0,56,,0.0,,2,chuk_rwanda
2022-03-01 01:00:00,14.9,97,14.4,4.8,9.4,0.0,851.6,0.0,73,,0.0,,2,chuk_rwanda
2022-03-01 02:00:00,14.3,92,13.1,4.4,9.4,0.0,850.2,0.0,100,,0.0,,3,chuk_rwanda
2022-03-01 03:00:00,14.2,92,12.9,5.3,9.0,0.0,850.4,0.0,16,,0.0,,0,chuk_rwanda
2022-03-01 04:00:00,14.0,91,12.6,5.8,10.1,0.0,850.4,0.0,16,,0.0,,0,chuk_rwanda
2022-03-01 05:00:00,13.7,92,12.4,6.4,11.2,0.0,850.8,0.0,24,,0.0,,1,chuk_rwanda
2022-03-01 06:00:00,13.4,92,12.1,6.9,12.2,0.0,850.9,0.0,16,,0.0,,0,chuk_rwanda
2022-03-01 07:00:00,14.8,87,12.6,6.4,13.3,0.0,852.6,50.0,6,,0.02,,0,chuk_rwanda
2022-03-01 08:00:00,19.5,72,14.3,2.3,12.2,0.0,855.8,271.0,8,,0.16,,0,chuk_rwanda
2022-03-01 09:00:00,22.4,61,14.4,3.3,13.3,0.0,856.9,526.0,78,,0.35,,2,chuk_rwanda
2022-03-01 10:00:00,24.2,55,14.5,2.4,13.7,0.0,856.9,755.0,98,,0.52,,3,chuk_rwanda
2022-03-01 11:00:00,25.6,46,13.2,7.6,21.6,0.1,856.4,904.0,100,,0.64,,51,chuk_rwanda
2022-03-01 12:00:00,26.4,46,13.7,7.2,23.0,0.0,855.5,935.0,100,,0.68,,3,chuk_rwanda
2022-03-01 13:00:00,27.2,45,14.4,6.8,21.6,0.0,854.5,970.0,88,,0.71,,3,chuk_rwanda
2022-03-01 14:00:00,26.9,47,14.5,8.2,20.9,0.0,853.6,919.0,92,,0.67,,3,chuk_rwanda
2022-03-01 15:00:00,27.1,46,14.5,7.1,23.4,0.0,852.9,715.0,56,,0.53,,2,chuk_rwanda
2022-03-01 16:00:00,26.6,47,14.4,10.8,25.2,0.0,852.2,590.0,41,,0.45,,1,chuk_rwanda
2022-03-01 17:00:00,25.5,49,14.2,8.5,26.3,0.0,852.0,348.0,20,,0.27,,1,chuk_rwanda
2022-03-01 18:00:00,23.6,57,14.7,8.4,19.4,0.1,851.9,114.0,47,,0.11,,51,chuk_rwanda
2022-03-01 19:00:00,21.7,68,15.5,6.9,18.7,0.0,852.0,2.0,27,,0.03,,1,chuk_rwanda
2022-03-01 20:00:00,20.4,79,16.5,1.5,14.0,0.0,852.1,0.0,16,,0.0,,0,chuk_rwanda
2022-03-01 21:00:00,19.3,79,15.6,5.8,12.6,0.0,852.7,0.0,41,,0.0,,1,chuk_rwanda
2022-03-01 22:00:00,18.2,87,16.0,3.7,11.2,0.0,852.8,0.0,70,,0.0,,2,chuk_rwanda
2022-03-01 23:00:00,17.5,90,15.8,3.5,6.8,0.0,853.2,0.0,80,,0.0,,3,chuk_rwanda
2022-03-02 00:00:00,16.9,91,15.4,2.5,5.0,0.0,852.7,0.0,82,,0.0,,3,chuk_rwanda
2022-03-02 01:00:00,16.2,93,15.1,2.6,5.4,0.0,851.8,0.0,95,,0.0,,3,chuk_rwanda
2022-03-02 02:00:00,15.3,96,14.6,1.6,7.6,0.0,850.4,0.0,80,,0.0,,3,chuk_rwanda
2022-03-02 03:00:00,15.4,94,14.4,6.1,10.4,0.0,850.3,0.0,69,,0.0,,2,chuk_rwanda
2022-03-02 04:00:00,15.2,93,14.1,6.4,11.9,0.0,849.8,0.0,49,,0.0,,1,chuk_rwanda
2022-03-02 05:00:00,14.7,95,13.9,5.8,11.5,0.0,849.9,0.0,41,,0.0,,1,chuk_rwanda
2022-03-02 06:00:00,14.8,93,13.8,8.0,14.0,0.0,850.6,0.0,84,,0.0,,3,chuk_rwanda
2022-03-02 07:00:00,16.9,86,14.5,12.3,25.6,0.0,852.9,42.0,91,,0.03,,3,chuk_rwanda
2022-03-02 08:00:00,20.0,76,15.6,6.6,22.7,0.0,855.1,250.0,95,,0.15,,3,chuk_rwanda
2022-03-02 09:00:00,22.5,66,15.8,5.4,18.0,0.0,856.1,500.0,100,,0.33,,3,chuk_rwanda
2022-03-02 10:00:00,23.9,62,16.2,7.9,22.0,0.1,856.4,695.0,100,,0.48,,51,chuk_rwanda
2022-03-02 11:00:00,22.0,71,16.6,13.3,34.2,2.0,855.9,796.0,100,,0.5,,61,chuk_rwanda
2022-03-02 12:00:00,23.4,63,16.0,8.3,32.8,0.4,855.0,553.0,100,,0.4,,51,chuk_rwanda
2022-03-02 13:00:00,25.5,58,16.6,6.5,27.4,0.1,854.1,951.0,100,,0.67,,51,chuk_rwanda
2022-03-02 14:00:00,18.5,90,16.9,5.4,39.6,2.3,853.3,467.0,100,,0.29,,61,chuk_rwanda
2022-03-02 15:00:00,19.0,84,16.1,0.4,14.4,0.7,853.1,105.0,100,,0.09,,53,chuk_rwanda
2022-03-02 16:00:00,19.0,80,15.6,2.7,8.3,0.1,852.9,110.0,100,,0.09,,51,chuk_rwanda
2022-03-02 17:00:00,19.2,78,15.4,5.8,13.0,0.0,852.9,129.0,84,,0.1,,3,chuk_rwanda
2022-03-02 18:00:00,18.2,86,15.8,3.6,14.8,0.0,852.6,121.0,65,,0.06,,2,chuk_rwanda
2022-03-02 19:00:00,16.9,89,15.1,5.4,9.4,0.0,852.4,2.0,99,,0.01,,3,chuk_rwanda
2022-03-02 20:00:00,17.6,87,15.4,4.3,8.3,0.0,853.7,0.0,100,,0.0,,3,chuk_rwanda
2022-03-02 21:00:00,17.1,90,15.4,2.1,6.1,0.0,854.4,0.0,52,,0.0,,2,chuk_rwanda
2022-03-02 22:00:00,15.0,95,14.2,3.6,5.4,0.0,854.1,0.0,30,,0.0,,1,chuk_rwanda
2022-03-02 23:00:00,14.2,97,13.8,4.0,8.3,0.0,853.6,0.0,30,,0.0,,1,chuk_rwanda
2022-03-03 00:00:00,14.0,98,13.6,5.4,11.2,0.0,852.8,0.0,42,,0.0,,1,chuk_rwanda
2022-03-03 01:00:00,13.8,97,13.4,6.1,13.0,0.0,851.9,0.0,67,,0.0,,2,chuk_rwanda
2022-03-03 02:00:00,13.1,95,12.4,6.6,13.0,0.0,850.2,0.0,99,,0.0,,3,chuk_rwanda
2022-03-03 03:00:00,12.1,95,11.3,6.5,11.9,0.0,849.9,0.0,95,,0.0,,3,chuk_rwanda
2022-03-03 04:00:00,11.6,97,11.1,5.2,9.4,0.0,849.9,0.0,97,,0.0,,3,chuk_rwanda
2022-03-03 05:00:00,11.4,98,11.1,4.0,9.0,0.0,850.1,0.0,93,,0.0,,3,chuk_rwanda
2022-03-03 06:00:00,11.7,97,11.3,5.0,10.1,0.0,851.2,0.0,95,,0.0,,3,chuk_rwanda
2022-03-03 07:00:00,13.4,92,12.1,6.2,13.7,0.0,852.8,48.0,18,,0.02,,0,chuk_rwanda
2022-03-03 08:00:00,17.0,82,13.9,3.1,13.0,0.0,855.5,260.0,16,,0.14,,0,chuk_rwanda
2022-03-03 09:00:00,20.9,65,14.1,0.7,11.5,0.0,857.4,542.0,73,,0.35,,2,chuk_rwanda
2022-03-03 10:00:00,23.5,55,13.8,3.2,14.4,0.0,857.8,767.0,69,,0.52,,2,chuk_rwanda
2022-03-03 11:00:00,25.3,45,12.5,7.3,25.6,0.0,857.4,927.0,28,,0.65,,1,chuk_rwanda
2022-03-03 12:00:00,26.1,43,12.6,8.6,25.9,0.0,856.7,941.0,32,,0.68,,1,chuk_rwanda
2022-03-03 13:00:00,26.8,42,12.8,6.8,24.5,0.0,855.6,925.0,34,,0.68,,1,chuk_rwanda
2022-03-03 14:00:00,27.6,39,12.4,8.3,20.9,0.0,855.1,898.0,32,,0.67,,1,chuk_rwanda
2022-03-03 15:00:00,27.5,39,12.3,8.0,22.0,0.0,853.8,715.0,100,,0.55,,3,chuk_rwanda
2022-03-03 16:00:00,26.5,41,12.1,7.8,20.9,0.0,853.2,401.0,43,,0.33,,1,chuk_rwanda
2022-03-03 17:00:00,26.1,42,12.4,5.8,19.8,0.0,853.0,358.0,78,,0.27,,2,chuk_rwanda
2022-03-03 18:00:00,23.5,53,13.6,5.9,14.8,0.0,852.4,116.0,2,,0.1,,0,chuk_rwanda
2022-03-03 19:00:00,21.4,57,12.6,7.2,14.8,0.0,851.9,2.0,3,,0.04,,0,chuk_rwanda
2022-03-03 20:00:00,20.1,62,12.5,6.4,15.1,0.0,852.4,0.0,7,,0.02,,0,chuk_rwanda
2022-03-03 21:00:00,19.2,67,12.9,4.6,14.0,0.0,852.6,0.0,17,,0.01,,0,chuk_rwanda
2022-03-03 22:00:00,18.4,70,12.8,6.1,11.9,0.0,852.9,0.0,12,,0.01,,0,chuk_rwanda
2022-03-03 23:00:00,16.9,82,13.8,3.0,12.2,0.0,852.8,0.0,10,,0.0,,0,chuk_rwanda
2022-03-04 00:00:00,16.8,77,12.8,3.0,6.5,0.0,853.0,0.0,1,,0.0,,0,chuk_rwanda
2022-03-04 01:00:00,16.4,75,11.9,5.9,9.4,0.0,852.7,0.0,5,,0.0,,0,chuk_rwanda
2022-03-04 02:00:00,14.2,89,12.4,6.3,13.0,0.0,850.5,0.0,99,,0.0,,3,chuk_rwanda
2022-03-04 03:00:00,14.4,86,12.2,6.4,13.0,0.0,850.5,0.0,66,,0.0,,2,chuk_rwanda
2022-03-04 04:00:00,14.4,86,12.0,5.2,11.9,0.0,850.4,0.0,73,,0.0,,2,chuk_rwanda
2022-03-04 05:00:00,14.0,87,11.8,5.2,10.8,0.0,850.5,0.0,57,,0.0,,2,chuk_rwanda
2022-03-04 06:00:00,13.6,87,11.6,4.1,10.1,0.0,850.9,0.0,0,,0.0,,0,chuk_rwanda
2022-03-04 07:00:00,14.7,86,12.3,4.5,10.1,0.0,852.2,53.0,7,,0.02,,0,chuk_rwanda
2022-03-04 08:00:00,19.7,69,13.8,1.1,10.1,0.0,855.4,279.0,21,,0.16,,1,chuk_rwanda
2022-03-04 09:00:00,22.1,63,14.7,1.8,10.8,0.0,856.5,538.0,92,,0.35,,3,chuk_rwanda
2022-03-04 10:00:00,23.9,58,15.1,3.9,15.5,0.0,856.5,767.0,76,,0.52,,2,chuk_rwanda
2022-03-04 11:00:00,25.0,50,14.0,4.8,20.5,0.2,856.2,868.0,87,,0.61,,51,chuk_rwanda
2022-03-04 12:00:00,25.8,48,13.9,6.2,20.5,0.0,855.2,791.0,22,,0.58,,1,chuk_rwanda
2022-03-04 13:00:00,27.4,45,14.4,5.8,21.2,0.0,854.5,1014.0,18,,0.74,,0,chuk_rwanda
2022-03-04 14:00:00,27.1,41,12.9,11.5,21.2,0.0,853.6,924.0,18,,0.68,,0,chuk_rwanda
2022-03-04 15:00:00,27.1,42,13.1,8.4,27.7,0.0,852.9,691.0,8,,0.53,,0,chuk_rwanda
2022-03-04 16:00:00,27.2,42,13.1,6.6,22.3,0.0,852.1,576.0,7,,0.43,,0,chuk_rwanda
2022-03-04 17:00:00,26.5,45,13.4,5.4,18.0,0.0,851.6,361.0,27,,0.27,,1,chuk_rwanda
2022-03-04 18:00:00,24.1,61,16.1,4.1,12.6,0.0,851.1,111.0,40,,0.08,,1,chuk_rwanda
2022-03-04 19:00:00,22.4,63,14.9,4.3,9.7,0.0,851.1,2.0,19,,0.02,,0,chuk_rwanda
2022-03-04 20:00:00,21.3,62,13.6,5.3,12.6,0.0,851.5,0.0,61,,0.01,,2,chuk_rwanda
2022-03-04 21:00:00,19.6,67,13.4,4.6,13.0,0.0,851.8,0.0,54,,0.0,,2,chuk_rwanda
2022-03-04 22:00:00,18.5,71,13.2,2.9,10.4,0.0,852.5,0.0,15,,0.0,,0,chuk_rwanda
2022-03-04 23:00:00,17.1,74,12.5,3.7,8.6,0.0,852.3,0.0,13,,0.0,,0,chuk_rwanda
2022-03-05 00:00:00,15.3,84,12.6,5.2,11.2,0.0,851.0,0.0,16,,0.0,,0,chuk_rwanda
2022-03-05 01:00:00,14.6,88,12.6,7.4,13.7,0.0,850.2,0.0,23,,0.0,,1,chuk_rwanda
2022-03-05 02:00:00,16.1,82,12.9,8.9,16.9,0.0,850.7,0.0,53,,0.0,,2,chuk_rwanda
2022-03-05 03:00:00,17.1,79,13.4,5.8,16.6,0.0,850.6,0.0,100,,0.0,,3,chuk_rwanda
2022-03-05 04:00:00,17.4,77,13.4,6.0,12.2,0.0,850.7,0.0,100,,0.0,,3,chuk_rwanda
2022-03-05 05:00:00,17.6,77,13.6,3.8,11.9,0.0,851.1,0.0,96,,0.0,,3,chuk_rwanda
2022-03-05 06:00:00,17.5,78,13.6,4.1,7.6,0.0,851.7,0.0,96,,0.0,,3,chuk_rwanda
2022-03-05 07:00:00,18.0,78,14.1,5.1,9.7,0.0,852.8,26.0,98,,0.03,,3,chuk_rwanda
2022-03-05 08:00:00,20.2,72,15.1,2.3,9.7,0.0,854.5,154.0,54,,0.11,,2,chuk_rwanda
2022-03-05 09:00:00,23.1,58,14.4,2.5,12.2,0.0,855.8,452.0,25,,0.31,,1,chuk_rwanda
2022-03-05 10:00:00,25.1,52,14.6,3.1,13.7,0.0,856.0,720.0,77,,0.51,,2,chuk_rwanda
2022-03-05 11:00:00,26.7,47,14.6,6.0,21.6,0.1,855.6,924.0,57,,0.67,,51,chuk_rwanda
2022-03-05 12:00:00,26.8,45,13.7,8.2,22.7,0.0,854.7,653.0,42,,0.51,,1,chuk_rwanda
2022-03-05 13:00:00,28.7,39,13.3,8.2,23.8,0.0,853.8,967.0,23,,0.73,,1,chuk_rwanda
2022-03-05 14:00:00,27.5,42,13.4,12.7,29.5,0.0,853.3,923.0,32,,0.69,,1,chuk_rwanda
2022-03-05 15:00:00,27.9,41,13.4,9.3,30.6,0.0,852.2,760.0,19,,0.58,,0,chuk_rwanda
2022-03-05 16:00:00,27.6,41,13.4,9.8,24.5,0.0,851.6,581.0,30,,0.45,,1,chuk_rwanda
2022-03-05 17:00:00,26.4,43,12.6,11.0,27.4,0.0,851.1,337.0,39,,0.29,,1,chuk_rwanda
2022-03-05 18:00:00,24.4,56,14.9,4.2,24.8,0.0,850.6,96.0,16,,0.08,,0,chuk_rwanda
2022-03-05 19:00:00,22.6,56,13.6,5.4,11.5,0.0,850.6,2.0,19,,0.03,,0,chuk_rwanda
2022-03-05 20:00:00,21.8,56,12.6,6.8,15.1,0.0,851.0,0.0,15,,0.03,,0,chuk_rwanda
2022-03-05 21:00:00,20.2,68,14.1,5.4,14.8,0.0,851.1,0.0,17,,0.01,,0,chuk_rwanda
2022-03-05 22:00:00,19.6,68,13.6,1.3,11.2,0.0,852.0,0.0,45,,0.0,,1,chuk_rwanda
2022-03-05 23:00:00,18.8,66,12.3,4.8,5.8,0.0,852.0,0.0,52,,0.01,,2,chuk_rwanda
2022-03-06 00:00:00,17.5,74,12.9,4.7,9.0,0.0,851.0,0.0,74,,0.0,,2,chuk_rwanda
2022-03-06 01:00:00,17.0,78,13.1,6.6,12.6,0.0,850.3,0.0,77,,0.0,,2,chuk_rwanda
2022-03-06 02:00:00,17.5,82,14.4,6.1,13.3,0.0,850.0,0.0,100,,0.0,,3,chuk_rwanda
2022-03-06 03:00:00,16.0,87,13.8,6.9,12.6,0.0,849.2,0.0,42,,0.0,,1,chuk_rwanda
2022-03-06 04:00:00,15.2,88,13.3,5.0,13.0,0.0,849.2,0.0,19,,0.0,,0,chuk_rwanda
2022-03-06 05:00:00,14.6,90,13.1,2.9,8.6,0.0,849.4,0.0,0,,0.0,,0,chuk_rwanda
2022-03-06 06:00:00,14.1,91,12.6,1.8,4.7,0.0,849.9,0.0,0,,0.0,,0,chuk_rwanda
2022-03-06 07:00:00,15.4,87,13.1,2.6,7.9,0.0,851.2,54.0,0,,0.02,,0,chuk_rwanda
2022-03-06 08:00:00,19.6,71,14.2,1.4,8.3,0.0,854.2,283.0,0,,0.16,,0,chuk_rwanda
2022-03-06 09:00:00,21.6,67,15.1,4.7,15.5,0.0,855.4,542.0,0,,0.35,,0,chuk_rwanda
2022-03-06 10:00:00,23.2,62,15.6,5.9,19.4,0.0,855.6,767.0,2,,0.52,,0,chuk_rwanda
2022-03-06 11:00:00,24.6,55,15.0,2.9,20.2,0.2,855.3,909.0,26,,0.64,,51,chuk_rwanda
2022-03-06 12:00:00,25.6,51,14.6,3.2,19.1,0.0,854.7,879.0,14,,0.64,,0,chuk_rwanda
2022-03-06 13:00:00,27.2,46,14.6,3.4,16.9,0.0,853.8,1000.0,18,,0.73,,0,chuk_rwanda
2022-03-06 14:00:00,27.2,46,14.6,4.2,16.2,0.0,852.9,932.0,25,,0.68,,1,chuk_rwanda
2022-03-06 15:00:00,27.8,43,14.1,5.7,18.0,0.0,852.3,808.0,26,,0.6,,1,chuk_rwanda
2022-03-06 16:00:00,27.5,41,13.2,5.6,17.6,0.0,851.7,578.0,30,,0.43,,1,chuk_rwanda
2022-03-06 17:00:00,26.8,43,13.1,5.0,16.6,0.0,851.4,340.0,18,,0.26,,0,chuk_rwanda
2022-03-06 18:00:00,24.6,60,16.4,3.6,13.0,0.0,851.0,118.0,27,,0.08,,1,chuk_rwanda
2022-03-06 19:00:00,22.8,60,14.6,3.7,7.9,0.0,850.8,2.0,10,,0.02,,0,chuk_rwanda
2022-03-06 20:00:00,20.9,67,14.6,3.2,7.9,0.0,851.1,0.0,9,,0.0,,0,chuk_rwanda
2022-03-06 21:00:00,19.4,75,14.8,2.3,6.5,0.0,851.3,0.0,29,,0.0,,1,chuk_rwanda
2022-03-06 22:00:00,18.7,71,13.2,4.5,8.3,0.0,851.9,0.0,29,,0.0,,1,chuk_rwanda
2022-03-06 23:00:00,17.8,74,13.1,4.3,9.0,0.0,851.8,0.0,74,,0.0,,2,chuk_rwanda
2022-03-07 00:00:00,16.4,82,13.2,5.0,10.4,0.0,851.1,0.0,91,,0.0,,3,chuk_rwanda
2022-03-07 01:00:00,15.8,85,13.3,2.6,9.7,0.0,850.9,0.0,62,,0.0,,2,chuk_rwanda
2022-03-07 02:00:00,15.2,88,13.3,5.4,8.6,0.0,850.3,0.0,2,,0.0,,0,chuk_rwanda
2022-03-07 03:00:00,15.2,89,13.4,5.9,11.2,0.0,849.9,0.0,4,,0.0,,0,chuk_rwanda
2022-03-07 04:00:00,15.1,89,13.4,5.6,10.8,0.0,850.0,0.0,0,,0.0,,0,chuk_rwanda
2022-03-07 05:00:00,15.0,90,13.4,4.6,10.8,0.0,850.2,0.0,0,,0.0,,0,chuk_rwanda
2022-03-07 06:00:00,14.7,91,13.2,2.7,9.0,0.0,850.5,0.0,5,,0.0,,0,chuk_rwanda
2022-03-07 07:00:00,16.1,86,13.8,3.2,7.9,0.0,852.0,54.0,0,,0.02,,0,chuk_rwanda
2022-03-07 08:00:00,20.1,71,14.7,0.7,8.6,0.0,854.7,281.0,0,,0.16,,0,chuk_rwanda
2022-03-07 09:00:00,22.2,65,15.2,4.7,15.5,0.0,855.6,538.0,0,,0.35,,0,chuk_rwanda
2022-03-07 10:00:00,23.9,60,15.5,5.8,20.2,0.0,856.0,766.0,8,,0.52,,0,chuk_rwanda
2022-03-07 11:00:00,25.0,56,15.7,6.2,21.2,0.1,855.5,895.0,37,,0.63,,51,chuk_rwanda
2022-03-07 12:00:00,26.0,53,15.6,4.3,21.2,0.0,854.7,867.0,27,,0.63,,1,chuk_rwanda
2022-03-07 13:00:00,27.0,49,15.4,1.8,17.3,0.0,853.8,926.0,19,,0.68,,0,chuk_rwanda
2022-03-07 14:00:00,24.9,52,14.4,1.3,13.7,0.0,852.5,923.0,22,,0.66,,1,chuk_rwanda
2022-03-07 15:00:00,25.9,49,14.3,2.3,15.5,0.1,851.9,687.0,18,,0.5,,51,chuk_rwanda
2022-03-07 16:00:00,26.4,46,13.8,3.4,15.5,0.0,851.5,565.0,11,,0.41,,0,chuk_rwanda
2022-03-07 17:00:00,26.2,45,13.5,2.9,12.2,0.0,851.3,348.0,18,,0.24,,0,chuk_rwanda
2022-03-07 18:00:00,23.9,67,17.3,4.3,7.9,0.0,850.7,117.0,23,,0.08,,1,chuk_rwanda
2022-03-07 19:00:00,22.3,63,14.8,7.9,15.1,0.0,850.7,2.0,25,,0.04,,1,chuk_rwanda
2022-03-07 20:00:00,21.5,68,15.2,5.3,16.2,0.0,851.6,0.0,35,,0.01,,1,chuk_rwanda
2022-03-07 21:00:00,20.9,68,14.8,3.3,10.8,0.0,852.6,0.0,51,,0.0,,2,chuk_rwanda
2022-03-07 22:00:00,19.5,76,15.1,8.7,16.6,0.0,853.1,0.0,44,,0.01,,1,chuk_rwanda
2022-03-07 23:00:00,18.6,81,15.3,6.2,16.9,0.0,853.2,0.0,18,,0.0,,0,chuk_rwanda
2022-03-08 00:00:00,18.0,84,15.2,7.4,13.3,0.0,853.1,0.0,10,,0.0,,0,chuk_rwanda
2022-03-08 01:00:00,17.3,86,15.0,6.3,15.1,0.0,852.4,0.0,18,,0.0,,0,chuk_rwanda
2022-03-08 02:00:00,16.4,91,14.9,4.7,11.9,0.0,850.8,0.0,8,,0.0,,0,chuk_rwanda
2022-03-08 03:00:00,16.3,91,14.9,3.6,8.6,0.0,850.6,0.0,7,,0.0,,0,chuk_rwanda
2022-03-08 04:00:00,15.9,92,14.6,5.1,7.2,0.0,850.7,0.0,100,,0.0,,3,chuk_rwanda
2022-03-08 05:00:00,16.7,89,14.8,5.1,10.4,0.0,851.6,0.0,67,,0.0,,2,chuk_rwanda
2022-03-08 06:00:00,16.6,89,14.8,3.3,9.4,0.0,851.9,0.0,24,,0.0,,1,chuk_rwanda
2022-03-08 07:00:00,17.2,88,15.2,3.1,7.9,0.0,852.6,52.0,64,,0.02,,2,chuk_rwanda
2022-03-08 08:00:00,20.5,73,15.4,2.6,10.4,0.0,854.6,276.0,2,,0.17,,0,chuk_rwanda
2022-03-08 09:00:00,22.5,66,15.8,4.9,16.6,0.0,855.3,536.0,1,,0.35,,0,chuk_rwanda
2022-03-08 10:00:00,24.3,60,16.0,6.3,21.2,0.0,855.6,757.0,4,,0.52,,0,chuk_rwanda
2022-03-08 11:00:00,25.8,55,15.9,6.5,21.6,0.1,855.3,923.0,44,,0.65,,51,chuk_rwanda
2022-03-08 12:00:00,26.1,52,15.4,7.6,22.3,0.0,854.4,834.0,24,,0.61,,1,chuk_rwanda
2022-03-08 13:00:00,27.2,48,15.3,7.5,23.4,0.0,853.4,915.0,17,,0.68,,0,chuk_rwanda
2022-03-08 14:00:00,26.1,47,13.9,14.6,23.0,0.0,852.3,924.0,34,,0.66,,1,chuk_rwanda
2022-03-08 15:00:00,26.1,45,13.4,5.6,33.1,0.0,851.5,649.0,22,,0.48,,1,chuk_rwanda
2022-03-08 16:00:00,26.6,44,13.2,5.8,18.7,0.0,851.2,552.0,22,,0.41,,1,chuk_rwanda
2022-03-08 17:00:00,25.9,46,13.4,5.7,18.0,0.1,851.3,333.0,27,,0.25,,51,chuk_rwanda
2022-03-08 18:00:00,23.0,57,14.0,6.9,12.6,0.1,851.3,108.0,100,,0.1,,51,chuk_rwanda
2022-03-08 19:00:00,21.0,72,15.7,5.8,20.2,0.0,851.6,1.0,99,,0.03,,3,chuk_rwanda
2022-03-08 20:00:00,19.9,79,16.0,6.6,12.2,0.0,851.8,0.0,100,,0.0,,3,chuk_rwanda
2022-03-08 21:00:00,18.8,84,16.1,8.4,20.2,0.0,852.3,0.0,100,,0.0,,3,chuk_rwanda
2022-03-08 22:00:00,18.3,88,16.2,2.3,16.2,0.0,853.5,0.0,100,,0.0,,3,chuk_rwanda
2022-03-08 23:00:00,17.8,88,15.9,5.9,10.4,0.0,852.9,0.0,100,,0.0,,3,chuk_rwanda
2022-03-09 00:00:00,17.0,91,15.6,6.4,12.2,0.0,851.9,0.0,100,,0.0,,3,chuk_rwanda
2022-03-09 01:00:00,16.3,94,15.4,6.6,12.2,0.0,850.9,0.0,100,,0.0,,3,chuk_rwanda
2022-03-09 02:00:00,16.5,93,15.4,4.8,13.3,0.0,850.3,0.0,100,,0.0,,3,chuk_rwanda
2022-03-09 03:00:00,16.3,93,15.1,6.1,11.5,0.0,850.0,0.0,100,,0.0,,3,chuk_rwanda
2022-03-09 04:00:00,15.9,92,14.7,5.7,11.9,0.0,849.6,0.0,100,,0.0,,3,chuk_rwanda
2022-03-09 05:00:00,15.5,93,14.3,5.2,10.1,0.0,850.0,0.0,100,,0.0,,3,chuk_rwanda
2022-03-09 06:00:00,15.1,93,13.9,4.6,9.0,0.0,850.2,0.0,100,,0.0,,3,chuk_rwanda
2022-03-09 07:00:00,16.3,87,14.1,5.7,11.9,0.0,851.4,54.0,100,,0.02,,3,chuk_rwanda
2022-03-09 08:00:00,20.7,71,15.2,1.9,11.9,0.0,854.2,275.0,100,,0.17,,3,chuk_rwanda
2022-03-09 09:00:00,23.4,58,14.6,2.4,12.2,0.0,855.6,530.0,100,,0.35,,3,chuk_rwanda
2022-03-09 10:00:00,25.1,52,14.6,4.8,17.3,0.0,856.0,747.0,100,,0.52,,3,chuk_rwanda
2022-03-09 11:00:00,26.5,47,14.4,7.0,22.0,0.0,855.9,894.0,100,,0.65,,3,chuk_rwanda
2022-03-09 12:00:00,27.6,45,14.5,5.5,22.3,0.0,855.2,975.0,100,,0.72,,3,chuk_rwanda
2022-03-09 13:00:00,29.0,40,13.9,3.9,19.1,0.0,853.9,1024.0,100,,0.77,,3,chuk_rwanda
2022-03-09 14:00:00,22.7,62,15.1,1.3,20.9,0.0,853.4,541.0,100,,0.39,,3,chuk_rwanda
2022-03-09 15:00:00,23.4,61,15.4,3.4,15.1,0.0,852.6,484.0,100,,0.35,,3,chuk_rwanda
2022-03-09 16:00:00,23.7,58,14.9,2.6,15.1,0.0,852.0,402.0,100,,0.29,,3,chuk_rwanda
2022-03-09 17:00:00,23.5,58,14.9,2.4,10.8,0.0,851.8,268.0,100,,0.19,,3,chuk_rwanda
2022-03-09 18:00:00,23.0,59,14.6,1.3,7.9,0.0,852.0,90.0,100,,0.06,,3,chuk_rwanda
2022-03-09 19:00:00,21.1,74,16.4,2.1,3.2,0.0,851.5,2.0,98,,0.0,,3,chuk_rwanda
2022-03-09 20:00:00,19.6,82,16.5,3.4,5.0,0.0,851.6,0.0,74,,0.0,,2,chuk_rwanda
2022-03-09 21:00:00,18.9,82,15.8,3.1,5.8,0.0,851.9,0.0,52,,0.0,,2,chuk_rwanda
2022-03-09 22:00:00,18.0,86,15.6,2.3,5.8,0.0,852.3,0.0,62,,0.0,,2,chuk_rwanda
2022-03-09 23:00:00,17.4,87,15.1,4.9,8.6,0.0,852.2,0.0,93,,0.0,,3,chuk_rwanda
2022-03-10 00:00:00,16.3,91,14.9,6.8,11.5,0.0,851.3,0.0,98,,0.0,,3,chuk_rwanda
2022-03-10 01:00:00,15.8,94,14.8,7.1,13.0,0.0,850.5,0.0,100,,0.0,,3,chuk_rwanda
2022-03-10 02:00:00,14.1,96,13.4,4.4,12.6,0.0,849.6,0.0,99,,0.0,,3,chuk_rwanda
2022-03-10 03:00:00,14.4,94,13.4,6.7,11.9,0.0,849.4,0.0,1,,0.0,,0,chuk_rwanda
2022-03-10 04:00:00,14.2,93,13.1,6.1,11.9,0.0,849.6,0.0,4,,0.0,,0,chuk_rwanda
2022-03-10 05:00:00,13.9,92,12.8,6.4,11.9,0.0,850.0,0.0,100,,0.0,,3,chuk_rwanda
2022-03-10 06:00:00,13.7,92,12.4,6.3,11.9,0.0,850.3,0.0,100,,0.0,,3,chuk_rwanda
2022-03-10 07:00:00,15.1,86,12.8,6.4,13.0,0.0,851.5,55.0,95,,0.02,,3,chuk_rwanda
2022-03-10 08:00:00,19.5,71,14.2,0.5,13.0,0.0,854.2,279.0,100,,0.16,,3,chuk_rwanda
2022-03-10 09:00:00,22.5,58,13.9,3.9,14.0,0.0,855.7,530.0,99,,0.35,,3,chuk_rwanda
2022-03-10 10:00:00,24.5,50,13.5,5.9,19.1,0.0,856.1,760.0,100,,0.53,,3,chuk_rwanda
2022-03-10 11:00:00,26.0,44,12.9,7.2,20.9,0.1,855.8,889.0,100,,0.64,,51,chuk_rwanda
2022-03-10 12:00:00,27.2,40,12.4,7.9,25.2,0.0,854.8,822.0,100,,0.62,,3,chuk_rwanda
2022-03-10 13:00:00,28.5,35,11.4,8.8,24.5,0.0,853.9,893.0,100,,0.69,,3,chuk_rwanda
2022-03-10 14:00:00,27.8,37,11.8,9.3,27.0,0.0,853.6,875.0,98,,0.66,,3,chuk_rwanda
2022-03-10 15:00:00,27.8,36,11.4,10.3,25.9,0.0,852.9,742.0,49,,0.57,,1,chuk_rwanda
2022-03-10 16:00:00,27.2,36,11.0,10.6,25.9,0.0,852.2,555.0,20,,0.44,,1,chuk_rwanda
2022-03-10 17:00:00,26.4,40,11.6,7.8,24.8,0.0,851.7,336.0,47,,0.27,,1,chuk_rwanda
2022-03-10 18:00:00,24.1,51,13.4,5.8,18.4,0.0,851.3,111.0,99,,0.1,,3,chuk_rwanda
2022-03-10 19:00:00,22.3,55,12.9,6.9,15.1,0.0,851.2,1.0,97,,0.05,,3,chuk_rwanda
2022-03-10 20:00:00,20.9,62,13.4,4.8,14.8,0.0,851.3,0.0,100,,0.01,,3,chuk_rwanda
2022-03-10 21:00:00,19.8,65,13.1,3.6,10.8,0.0,851.4,0.0,100,,0.0,,3,chuk_rwanda
2022-03-10 22:00:00,18.2,71,12.8,5.4,11.5,0.0,851.2,0.0,100,,0.01,,3,chuk_rwanda
2022-03-10 23:00:00,17.1,76,12.9,6.2,13.3,0.0,851.0,0.0,80,,0.0,,3,chuk_rwanda
2022-03-11 00:00:00,15.9,82,12.9,5.0,12.6,0.0,849.9,0.0,87,,0.0,,3,chuk_rwanda
2022-03-11 01:00:00,14.5,89,12.8,5.5,10.8,0.0,849.2,0.0,97,,0.0,,3,chuk_rwanda
2022-03-11 02:00:00,15.1,84,12.4,3.5,10.8,0.0,849.1,0.0,98,,0.0,,3,chuk_rwanda
2022-03-11 03:00:00,15.6,82,12.5,2.7,7.2,0.0,849.6,0.0,100,,0.0,,3,chuk_rwanda
2022-03-11 04:00:00,15.5,81,12.3,3.2,5.0,0.0,850.2,0.0,100,,0.0,,3,chuk_rwanda
2022-03-11 05:00:00,15.5,80,12.1,3.6,6.1,0.0,850.7,0.0,100,,0.0,,3,chuk_rwanda
2022-03-11 06:00:00,15.7,78,11.8,4.4,6.5,0.0,851.6,0.0,100,,0.0,,3,chuk_rwanda
2022-03-11 07:00:00,17.0,76,12.6,5.6,9.4,0.0,852.9,54.0,100,,0.03,,3,chuk_rwanda
2022-03-11 08:00:00,20.8,63,13.6,3.6,11.2,0.0,855.1,282.0,100,,0.17,,3,chuk_rwanda
2022-03-11 09:00:00,22.9,58,14.1,4.7,15.8,0.0,855.9,513.0,100,,0.34,,3,chuk_rwanda
2022-03-11 10:00:00,24.5,54,14.4,5.4,18.4,0.0,855.8,738.0,99,,0.51,,3,chuk_rwanda
2022-03-11 11:00:00,25.7,47,13.6,5.5,22.0,0.0,855.3,862.0,98,,0.62,,3,chuk_rwanda
2022-03-11 12:00:00,26.6,44,13.3,4.7,20.2,0.1,854.7,970.0,95,,0.7,,51,chuk_rwanda
2022-03-11 13:00:00,27.2,42,13.4,4.3,18.0,0.0,853.8,927.0,97,,0.68,,3,chuk_rwanda
2022-03-11 14:00:00,27.4,45,14.4,6.2,17.6,0.0,852.8,891.0,100,,0.66,,3,chuk_rwanda
2022-03-11 15:00:00,27.4,43,13.8,8.3,22.0,0.0,852.4,726.0,42,,0.55,,1,chuk_rwanda
2022-03-11 16:00:00,27.2,42,13.1,6.3,22.3,0.0,851.8,554.0,52,,0.42,,2,chuk_rwanda
2022-03-11 17:00:00,26.8,42,12.9,5.6,16.9,0.0,851.5,358.0,67,,0.27,,2,chuk_rwanda
2022-03-11 18:00:00,24.5,64,17.3,3.8,13.7,0.0,850.9,106.0,74,,0.08,,2,chuk_rwanda
2022-03-11 19:00:00,23.5,50,12.6,1.0,6.8,0.0,851.0,1.0,64,,0.01,,2,chuk_rwanda
2022-03-11 20:00:00,20.9,61,12.9,5.8,10.1,0.0,850.8,0.0,100,,0.02,,3,chuk_rwanda
2022-03-11 21:00:00,18.4,71,13.1,7.6,14.0,0.0,850.4,0.0,100,,0.01,,3,chuk_rwanda
2022-03-11 22:00:00,17.5,74,12.9,7.5,14.4,0.0,850.4,0.0,100,,0.01,,3,chuk_rwanda
2022-03-11 23:00:00,16.8,77,12.6,7.5,13.7,0.0,850.6,0.0,88,,0.01,,3,chuk_rwanda
2022-03-12 00:00:00,15.9,80,12.4,5.0,13.7,0.0,850.2,0.0,40,,0.0,,1,chuk_rwanda
2022-03-12 01:00:00,15.2,83,12.4,5.6,10.1,0.0,849.9,0.0,59,,0.0,,2,chuk_rwanda
2022-03-12 02:00:00,15.1,79,11.4,4.6,12.6,0.0,848.3,0.0,72,,0.0,,2,chuk_rwanda
2022-03-12 03:00:00,15.4,78,11.6,6.1,10.8,0.0,848.2,0.0,91,,0.0,,3,chuk_rwanda
2022-03-12 04:00:00,15.2,77,11.2,6.7,11.9,0.0,848.5,0.0,99,,0.0,,3,chuk_rwanda
2022-03-12 05:00:00,14.7,77,10.8,6.8,12.6,0.0,848.7,0.0,98,,0.0,,3,chuk_rwanda
2022-03-12 06:00:00,13.9,79,10.2,6.9,13.0,0.0,848.7,0.0,99,,0.0,,3,chuk_rwanda
2022-03-12 07:00:00,15.6,73,10.8,7.7,14.0,0.0,850.5,58.0,96,,0.04,,3,chuk_rwanda
2022-03-12 08:00:00,20.4,62,12.9,2.8,13.7,0.0,853.5,290.0,97,,0.17,,3,chuk_rwanda
2022-03-12 09:00:00,23.9,47,11.9,3.5,13.7,0.0,855.4,549.0,99,,0.37,,3,chuk_rwanda
2022-03-12 10:00:00,25.7,39,10.9,3.7,15.1,0.0,855.7,772.0,100,,0.54,,3,chuk_rwanda
2022-03-12 11:00:00,26.9,35,10.2,6.0,19.1,0.0,855.4,891.0,89,,0.65,,3,chuk_rwanda
2022-03-12 12:00:00,27.1,35,10.4,7.0,21.2,0.0,854.7,909.0,28,,0.68,,1,chuk_rwanda
2022-03-12 13:00:00,27.6,34,10.3,7.6,22.0,0.0,853.6,822.0,24,,0.63,,1,chuk_rwanda
2022-03-12 14:00:00,27.6,40,12.9,8.7,23.4,0.0,852.3,871.0,18,,0.65,,0,chuk_rwanda
2022-03-12 15:00:00,26.6,41,12.3,8.5,22.0,0.0,851.6,527.0,87,,0.43,,3,chuk_rwanda
2022-03-12 16:00:00,26.2,42,12.1,8.5,21.6,0.0,851.1,412.0,94,,0.34,,3,chuk_rwanda
2022-03-12 17:00:00,25.6,44,12.5,5.9,19.8,0.0,851.0,264.0,95,,0.22,,3,chuk_rwanda
2022-03-12 18:00:00,24.1,61,16.2,3.1,14.0,0.0,850.9,110.0,98,,0.07,,3,chuk_rwanda
2022-03-12 19:00:00,22.0,70,16.4,4.1,7.2,0.0,850.4,1.0,100,,0.02,,3,chuk_rwanda
2022-03-12 20:00:00,22.2,52,11.8,1.5,6.8,0.0,851.6,0.0,100,,0.0,,3,chuk_rwanda
2022-03-12 21:00:00,19.4,76,15.1,1.6,3.2,0.0,851.1,0.0,100,,0.0,,3,chuk_rwanda
2022-03-12 22:00:00,18.5,77,14.4,3.4,4.7,0.0,851.5,0.0,100,,0.0,,3,chuk_rwanda
2022-03-12 23:00:00,17.9,74,13.2,5.0,9.0,0.0,851.7,0.0,100,,0.0,,3,chuk_rwanda
2022-03-13 00:00:00,16.8,80,13.2,7.3,13.7,0.0,850.7,0.0,99,,0.0,,3,chuk_rwanda
2022-03-13 01:00:00,16.2,81,13.1,7.2,14.0,0.0,849.6,0.0,92,,0.0,,3,chuk_rwanda
2022-03-13 02:00:00,15.9,82,12.9,8.4,16.9,0.0,849.1,0.0,79,,0.0,,2,chuk_rwanda
2022-03-13 03:00:00,15.2,84,12.6,7.9,16.6,0.0,848.6,0.0,100,,0.0,,3,chuk_rwanda
2022-03-13 04:00:00,14.6,87,12.4,7.4,15.1,0.0,848.8,0.0,100,,0.0,,3,chuk_rwanda
2022-03-13 05:00:00,14.2,89,12.4,6.8,14.0,0.0,849.0,0.0,100,,0.0,,3,chuk_rwanda
2022-03-13 06:00:00,13.8,91,12.4,6.6,12.2,0.0,849.6,0.0,100,,0.0,,3,chuk_rwanda
2022-03-13 07:00:00,15.2,86,12.9,6.4,13.7,0.0,851.3,51.0,100,,0.03,,3,chuk_rwanda
2022-03-13 08:00:00,19.1,73,14.1,2.6,13.0,0.0,854.0,258.0,100,,0.15,,3,chuk_rwanda
2022-03-13 09:00:00,22.2,58,13.6,1.4,10.8,0.0,855.5,529.0,99,,0.35,,3,chuk_rwanda
2022-03-13 10:00:00,24.4,52,13.8,1.1,12.6,0.0,855.9,768.0,100,,0.53,,3,chuk_rwanda
2022-03-13 11:00:00,24.9,48,13.0,2.3,12.2,0.0,855.2,672.0,100,,0.49,,3,chuk_rwanda
2022-03-13 12:00:00,26.2,44,12.9,4.1,16.6,0.0,854.7,890.0,100,,0.65,,3,chuk_rwanda
2022-03-13 13:00:00,27.2,40,12.4,7.6,22.0,0.0,853.7,936.0,99,,0.69,,3,chuk_rwanda
2022-03-13 14:00:00,22.2,60,14.1,11.2,24.1,0.1,853.0,807.0,94,,0.53,,51,chuk_rwanda
2022-03-13 15:00:00,23.4,56,14.2,7.6,28.8,0.4,852.6,529.0,100,,0.38,,51,chuk_rwanda
2022-03-13 16:00:00,22.3,62,14.6,9.4,22.0,0.2,851.8,234.0,100,,0.2,,51,chuk_rwanda
2022-03-13 17:00:00,21.6,64,14.4,6.1,22.7,0.0,851.8,198.0,100,,0.15,,3,chuk_rwanda
2022-03-13 18:00:00,20.6,69,14.9,3.2,14.4,0.0,851.8,81.0,100,,0.06,,3,chuk_rwanda
2022-03-13 19:00:00,18.9,81,15.4,3.3,7.6,0.0,851.7,1.0,100,,0.01,,3,chuk_rwanda
2022-03-13 20:00:00,18.9,83,15.9,2.5,5.8,0.0,852.6,0.0,99,,0.0,,3,chuk_rwanda
2022-03-13 21:00:00,18.8,84,16.0,1.3,4.7,0.0,853.2,0.0,100,,0.0,,3,chuk_rwanda
2022-03-13 22:00:00,18.8,77,14.8,1.6,2.5,0.0,853.7,0.0,100,,0.0,,3,chuk_rwanda
2022-03-13 23:00:00,17.5,88,15.5,3.1,3.6,0.0,853.2,0.0,98,,0.0,,3,chuk_rwanda
2022-03-14 00:00:00,17.4,84,14.6,5.1,9.0,0.0,852.7,0.0,93,,0.0,,3,chuk_rwanda
2022-03-14 01:00:00,16.2,88,14.2,7.0,12.6,0.0,851.7,0.0,99,,0.0,,3,chuk_rwanda
2022-03-14 02:00:00,16.5,92,15.1,3.8,12.6,0.0,851.6,0.0,95,,0.0,,3,chuk_rwanda
2022-03-14 03:00:00,15.8,94,14.9,4.7,9.0,0.0,851.0,0.0,99,,0.0,,3,chuk_rwanda
2022-03-14 04:00:00,15.1,96,14.5,4.6,8.6,0.0,850.5,0.0,99,,0.0,,3,chuk_rwanda
2022-03-14 05:00:00,14.6,97,14.1,5.2,9.7,0.0,850.7,0.0,100,,0.0,,3,chuk_rwanda
2022-03-14 06:00:00,14.3,96,13.8,2.6,9.7,0.0,851.3,0.0,100,,0.0,,3,chuk_rwanda
2022-03-14 07:00:00,15.9,91,14.4,3.0,8.3,0.0,853.3,58.0,100,,0.02,,3,chuk_rwanda
2022-03-14 08:00:00,19.6,76,15.2,2.6,10.8,0.0,856.0,276.0,100,,0.16,,3,chuk_rwanda
2022-03-14 09:00:00,22.0,65,15.1,3.7,13.7,0.0,857.2,516.0,100,,0.34,,3,chuk_rwanda
2022-03-14 10:00:00,23.2,61,15.4,3.9,19.4,0.0,857.2,630.0,100,,0.44,,3,chuk_rwanda
2022-03-14 11:00:00,24.7,56,15.4,6.5,22.3,0.0,857.0,801.0,100,,0.57,,3,chuk_rwanda
2022-03-14 12:00:00,25.3,50,14.1,8.3,22.7,0.0,856.0,534.0,100,,0.42,,3,chuk_rwanda
2022-03-14 13:00:00,25.6,46,13.2,8.5,22.3,0.0,854.9,502.0,98,,0.41,,3,chuk_rwanda
2022-03-14 14:00:00,22.4,65,15.4,13.6,28.1,0.0,854.2,763.0,100,,0.5,,3,chuk_rwanda
2022-03-14 15:00:00,21.6,71,16.2,3.2,30.2,0.1,853.4,245.0,100,,0.19,,51,chuk_rwanda
2022-03-14 16:00:00,23.5,58,14.9,2.9,13.3,0.0,853.5,448.0,100,,0.31,,3,chuk_rwanda
2022-03-14 17:00:00,23.2,57,14.4,2.6,11.9,0.0,853.4,284.0,100,,0.19,,3,chuk_rwanda
2022-03-14 18:00:00,21.9,68,15.7,3.0,8.6,0.0,853.2,99.0,100,,0.06,,3,chuk_rwanda
2022-03-14 19:00:00,20.5,75,15.9,4.5,6.8,0.0,853.0,1.0,100,,0.02,,3,chuk_rwanda
2022-03-14 20:00:00,19.6,78,15.8,1.3,6.1,0.0,852.9,0.0,100,,0.0,,3,chuk_rwanda
2022-03-14 21:00:00,18.8,77,14.6,5.0,9.0,0.0,852.8,0.0,100,,0.0,,3,chuk_rwanda
2022-03-14 22:00:00,17.9,82,14.9,5.0,9.4,0.0,853.0,0.0,97,,0.0,,3,chuk_rwanda
2022-03-14 23:00:00,17.0,87,14.8,5.7,9.7,0.0,852.8,0.0,5,,0.0,,0,chuk_rwanda
2022-03-15 00:00:00,16.2,90,14.5,7.4,13.3,0.0,852.0,0.0,57,,0.0,,2,chuk_rwanda
2022-03-15 01:00:00,15.8,90,14.1,7.4,14.0,0.0,851.3,0.0,6,,0.0,,0,chuk_rwanda
2022-03-15 02:00:00,14.8,95,14.0,4.9,13.3,0.0,850.9,0.0,3,,0.0,,0,chuk_rwanda
2022-03-15 03:00:00,14.6,94,13.6,4.9,10.8,0.0,850.3,0.0,13,,0.0,,0,chuk_rwanda
2022-03-15 04:00:00,14.2,94,13.3,4.5,10.4,0.0,850.5,0.0,34,,0.0,,1,chuk_rwanda
2022-03-15 05:00:00,13.9,95,13.1,3.8,9.4,0.0,851.2,0.0,61,,0.0,,2,chuk_rwanda
2022-03-15 06:00:00,13.6,96,13.0,3.6,7.6,0.0,851.9,0.0,96,,0.0,,3,chuk_rwanda
2022-03-15 07:00:00,15.7,87,13.5,4.0,9.7,0.0,853.9,53.0,100,,0.02,,3,chuk_rwanda
2022-03-15 08:00:00,19.3,74,14.6,1.8,10.1,0.0,856.3,254.0,100,,0.15,,3,chuk_rwanda
2022-03-15 09:00:00,22.0,64,14.9,3.3,13.3,0.0,857.2,523.0,9,,0.34,,0,chuk_rwanda
2022-03-15 10:00:00,23.9,57,14.8,4.8,22.3,0.0,857.4,762.0,19,,0.52,,0,chuk_rwanda
2022-03-15 11:00:00,25.1,51,14.3,5.6,22.3,0.1,856.9,837.0,12,,0.6,,51,chuk_rwanda
2022-03-15 12:00:00,26.5,48,14.4,5.5,22.7,0.0,856.1,968.0,10,,0.7,,0,chuk_rwanda
2022-03-15 13:00:00,27.8,44,14.6,5.4,20.5,0.0,855.1,1004.0,10,,0.74,,0,chuk_rwanda
2022-03-15 14:00:00,27.4,42,13.4,9.5,22.0,0.0,854.5,908.0,30,,0.67,,1,chuk_rwanda
2022-03-15 15:00:00,27.2,43,13.5,9.2,25.6,0.0,853.3,706.0,18,,0.54,,0,chuk_rwanda
2022-03-15 16:00:00,27.0,43,13.4,8.1,23.4,0.0,852.8,549.0,7,,0.42,,0,chuk_rwanda
2022-03-15 17:00:00,26.3,45,13.4,7.1,20.2,0.0,852.1,336.0,11,,0.26,,0,chuk_rwanda
2022-03-15 18:00:00,24.1,52,13.7,7.2,17.6,0.0,852.0,106.0,26,,0.1,,1,chuk_rwanda
2022-03-15 19:00:00,22.3,58,13.8,8.1,19.4,0.0,852.1,1.0,25,,0.05,,1,chuk_rwanda
2022-03-15 20:00:00,20.9,66,14.3,5.1,17.6,0.0,852.1,0.0,13,,0.01,,0,chuk_rwanda
2022-03-15 21:00:00,19.0,74,14.4,5.8,11.5,0.0,851.8,0.0,12,,0.0,,0,chuk_rwanda
2022-03-15 22:00:00,17.8,81,14.5,6.2,11.9,0.0,851.8,0.0,98,,0.0,,3,chuk_rwanda
2022-03-15 23:00:00,16.9,86,14.5,6.0,11.9,0.0,851.7,0.0,83,,0.0,,3,chuk_rwanda
2022-03-16 00:00:00,15.9,91,14.5,6.6,11.9,0.0,851.2,0.0,92,,0.0,,3,chuk_rwanda
2022-03-16 01:00:00,15.4,93,14.2,6.5,12.2,0.0,850.7,0.0,92,,0.0,,3,chuk_rwanda
2022-03-16 02:00:00,15.5,90,13.9,6.7,13.7,0.0,850.2,0.0,99,,0.0,,3,chuk_rwanda
2022-03-16 03:00:00,15.8,88,13.9,7.4,14.8,0.0,850.1,0.0,100,,0.0,,3,chuk_rwanda
2022-03-16 04:00:00,16.7,84,13.9,5.6,14.8,0.0,851.0,0.0,100,,0.0,,3,chuk_rwanda
2022-03-16 05:00:00,17.0,83,14.0,3.3,11.2,0.0,852.1,0.0,100,,0.0,,3,chuk_rwanda
2022-03-16 06:00:00,16.5,85,13.9,6.6,14.4,0.2,852.1,0.0,39,,0.0,,51,chuk_rwanda
2022-03-16 07:00:00,17.2,85,14.7,5.4,13.0,0.0,853.1,53.0,36,,0.03,,1,chuk_rwanda
2022-03-16 08:00:00,20.5,72,15.4,2.5,12.2,0.0,855.1,243.0,11,,0.15,,0,chuk_rwanda
2022-03-16 09:00:00,23.0,61,15.2,1.8,11.5,0.0,855.8,502.0,3,,0.34,,0,chuk_rwanda
2022-03-16 10:00:00,25.1,55,15.6,0.0,12.2,0.0,856.6,756.0,35,,0.53,,1,chuk_rwanda
2022-03-16 11:00:00,23.4,63,15.9,12.8,31.0,1.6,856.1,859.0,77,,0.57,,61,chuk_rwanda
2022-03-16 12:00:00,24.8,57,15.7,4.7,33.5,0.0,855.0,675.0,46,,0.49,,1,chuk_rwanda
2022-03-16 13:00:00,26.5,51,15.4,2.8,20.5,0.0,853.5,930.0,98,,0.68,,3,chuk_rwanda
2022-03-16 14:00:00,28.0,41,13.4,8.0,20.5,0.1,852.5,891.0,97,,0.67,,51,chuk_rwanda
2022-03-16 15:00:00,24.5,52,14.0,13.8,32.0,0.1,851.1,197.0,99,,0.23,,51,chuk_rwanda
2022-03-16 16:00:00,25.0,48,13.4,5.8,29.5,0.1,851.3,331.0,100,,0.27,,51,chuk_rwanda
2022-03-16 17:00:00,22.2,63,14.9,10.2,28.8,0.2,851.2,176.0,100,,0.16,,51,chuk_rwanda
2022-03-16 18:00:00,21.0,67,14.8,4.7,22.0,0.2,851.6,72.0,100,,0.06,,51,chuk_rwanda
2022-03-16 19:00:00,17.8,95,17.0,12.3,30.6,2.2,852.2,1.0,100,,0.0,,61,chuk_rwanda
2022-03-16 20:00:00,18.3,92,17.0,4.7,25.2,0.5,852.4,0.0,100,,0.0,,53,chuk_rwanda
2022-03-16 21:00:00,17.4,97,16.9,10.1,25.9,5.2,854.0,0.0,100,,0.0,,63,chuk_rwanda
2022-03-16 22:00:00,17.6,96,17.0,6.4,22.3,0.2,853.9,0.0,100,,0.0,,51,chuk_rwanda
2022-03-16 23:00:00,17.9,94,17.0,3.6,14.0,0.8,853.8,0.0,98,,0.0,,53,chuk_rwanda
2022-03-17 00:00:00,17.5,94,16.5,4.9,11.5,0.1,853.0,0.0,97,,0.0,,51,chuk_rwanda
2022-03-17 01:00:00,16.8,94,15.9,4.1,11.5,0.0,852.0,0.0,100,,0.0,,3,chuk_rwanda
2022-03-17 02:00:00,15.9,97,15.4,4.1,13.0,0.0,850.8,0.0,100,,0.0,,3,chuk_rwanda
2022-03-17 03:00:00,16.1,97,15.8,3.1,8.6,0.0,850.7,0.0,100,,0.0,,3,chuk_rwanda
2022-03-17 04:00:00,16.4,97,15.9,2.6,6.8,0.0,850.6,0.0,100,,0.0,,3,chuk_rwanda
2022-03-17 05:00:00,16.6,96,16.0,1.8,5.8,0.0,851.2,0.0,100,,0.0,,3,chuk_rwanda
2022-03-17 06:00:00,16.3,98,16.0,2.9,5.8,0.0,851.7,0.0,100,,0.0,,3,chuk_rwanda
2022-03-17 07:00:00,17.1,94,16.1,0.8,6.1,0.0,852.8,28.0,100,,0.02,,3,chuk_rwanda
2022-03-17 08:00:00,19.1,83,16.2,1.5,9.4,0.0,854.5,247.0,100,,0.15,,3,chuk_rwanda
2022-03-17 09:00:00,21.5,71,16.0,2.2,13.0,0.0,855.8,519.0,100,,0.34,,3,chuk_rwanda
2022-03-17 10:00:00,23.5,60,15.2,1.8,13.0,0.0,856.2,664.0,100,,0.46,,3,chuk_rwanda
2022-03-17 11:00:00,25.4,50,14.2,1.9,16.6,0.0,856.3,900.0,100,,0.64,,3,chuk_rwanda
2022-03-17 12:00:00,26.8,46,14.1,3.0,15.5,0.0,855.3,975.0,100,,0.71,,3,chuk_rwanda
2022-03-17 13:00:00,25.9,44,12.8,10.9,25.2,0.0,853.5,442.0,100,,0.38,,3,chuk_rwanda
2022-03-17 14:00:00,20.6,80,17.1,1.9,30.6,0.0,853.2,528.0,100,,0.36,,3,chuk_rwanda
2022-03-17 15:00:00,19.0,87,16.9,11.2,26.6,1.6,852.9,236.0,100,,0.16,,61,chuk_rwanda
2022-03-17 16:00:00,18.8,88,16.7,4.3,24.8,1.8,853.0,56.0,100,,0.06,,61,chuk_rwanda
2022-03-17 17:00:00,18.5,88,16.5,3.8,9.4,2.7,853.3,44.0,100,,0.05,,63,chuk_rwanda
2022-03-17 18:00:00,18.2,92,16.9,2.6,10.1,1.8,853.8,15.0,100,,0.03,,61,chuk_rwanda
2022-03-17 19:00:00,17.8,92,16.5,4.0,8.6,0.8,854.3,0.0,100,,0.01,,53,chuk_rwanda
2022-03-17 20:00:00,17.6,94,16.6,5.3,10.4,0.8,854.9,0.0,100,,0.0,,53,chuk_rwanda
2022-03-17 21:00:00,17.3,94,16.4,5.1,14.8,1.1,855.4,0.0,100,,0.0,,55,chuk_rwanda
2022-03-17 22:00:00,17.4,94,16.4,2.9,10.8,0.6,855.8,0.0,100,,0.0,,53,chuk_rwanda
2022-03-17 23:00:00,17.0,95,16.2,3.1,8.6,0.2,855.5,0.0,100,,0.0,,51,chuk_rwanda
2022-03-18 00:00:00,17.0,95,16.2,1.3,7.2,0.3,855.0,0.0,100,,0.0,,51,chuk_rwanda
2022-03-18 01:00:00,16.7,95,15.9,5.1,10.4,0.4,853.9,0.0,100,,0.0,,51,chuk_rwanda
2022-03-18 02:00:00,16.5,97,15.9,1.5,11.5,0.3,853.8,0.0,100,,0.0,,51,chuk_rwanda
2022-03-18 03:00:00,15.7,99,15.6,2.9,5.8,0.0,853.0,0.0,100,,0.0,,3,chuk_rwanda
2022-03-18 04:00:00,15.6,99,15.4,2.9,6.8,0.0,852.6,0.0,100,,0.0,,3,chuk_rwanda
2022-03-18 05:00:00,15.6,99,15.4,2.6,6.1,0.0,852.5,0.0,100,,0.0,,3,chuk_rwanda
2022-03-18 06:00:00,15.1,99,14.9,2.9,5.8,0.0,852.8,0.0,100,,0.0,,3,chuk_rwanda
2022-03-18 07:00:00,15.9,97,15.4,3.3,7.9,0.0,854.1,43.0,100,,0.02,,3,chuk_rwanda
2022-03-18 08:00:00,18.0,89,16.2,2.3,11.2,0.0,855.7,229.0,100,,0.13,,3,chuk_rwanda
2022-03-18 09:00:00,19.9,79,16.1,0.0,11.2,0.0,856.7,349.0,38,,0.23,,1,chuk_rwanda
2022-03-18 10:00:00,22.2,67,15.9,1.5,17.6,0.0,857.3,671.0,9,,0.46,,0,chuk_rwanda
2022-03-18 11:00:00,24.2,52,13.9,5.0,17.3,0.0,857.0,884.0,39,,0.62,,1,chuk_rwanda
2022-03-18 12:00:00,25.2,46,12.9,8.2,22.7,0.0,856.2,789.0,26,,0.58,,1,chuk_rwanda
2022-03-18 13:00:00,25.5,45,12.8,9.5,25.9,0.0,855.2,788.0,51,,0.58,,2,chuk_rwanda
2022-03-18 14:00:00,21.6,68,15.4,8.3,25.6,0.0,855.1,723.0,57,,0.48,,2,chuk_rwanda
2022-03-18 15:00:00,19.4,85,16.9,7.4,27.0,1.4,854.0,361.0,100,,0.23,,61,chuk_rwanda
2022-03-18 16:00:00,19.4,84,16.6,2.6,19.1,0.7,853.8,153.0,100,,0.11,,53,chuk_rwanda
2022-03-18 17:00:00,20.1,78,16.1,0.0,9.7,0.0,854.1,165.0,100,,0.11,,3,chuk_rwanda
2022-03-18 18:00:00,19.5,84,16.6,3.4,6.5,0.0,854.1,26.0,100,,0.03,,3,chuk_rwanda
2022-03-18 19:00:00,18.9,87,16.6,4.3,8.6,0.0,854.6,0.0,90,,0.02,,3,chuk_rwanda
2022-03-18 20:00:00,17.4,94,16.4,4.2,9.0,0.0,854.4,0.0,56,,0.0,,2,chuk_rwanda
2022-03-18 21:00:00,17.0,94,16.0,2.9,8.3,0.0,854.6,0.0,2,,0.0,,0,chuk_rwanda
2022-03-18 22:00:00,15.6,96,15.0,3.7,6.5,0.0,854.4,0.0,42,,0.0,,1,chuk_rwanda
2022-03-18 23:00:00,14.8,97,14.4,4.7,7.6,0.0,853.7,0.0,90,,0.0,,3,chuk_rwanda
2022-03-19 00:00:00,14.0,98,13.8,3.3,7.6,0.0,852.8,0.0,70,,0.0,,2,chuk_rwanda
2022-03-19 01:00:00,13.6,98,13.4,3.1,6.5,0.0,852.2,0.0,85,,0.0,,3,chuk_rwanda
2022-03-19 02:00:00,14.3,99,14.1,4.7,6.8,0.0,853.2,0.0,14,,0.0,,0,chuk_rwanda
2022-03-19 03:00:00,13.8,99,13.7,5.3,7.6,0.0,852.7,0.0,0,,0.0,,0,chuk_rwanda
2022-03-19 04:00:00,13.4,100,13.4,3.4,8.3,0.0,852.7,0.0,100,,0.0,,3,chuk_rwanda
2022-03-19 05:00:00,12.8,100,12.8,4.0,7.9,0.0,852.7,0.0,100,,0.0,,3,chuk_rwanda
2022-03-19 06:00:00,12.6,100,12.6,3.9,7.9,0.0,853.0,0.0,100,,0.0,,3,chuk_rwanda
2022-03-19 07:00:00,14.1,98,13.8,5.4,13.0,0.0,854.4,46.0,100,,0.02,,3,chuk_rwanda
2022-03-19 08:00:00,16.6,91,15.2,3.7,13.7,0.0,856.2,231.0,58,,0.13,,2,chuk_rwanda
2022-03-19 09:00:00,19.9,77,15.7,3.2,14.4,0.0,857.5,530.0,52,,0.33,,2,chuk_rwanda
2022-03-19 10:00:00,22.0,67,15.6,4.3,16.6,0.0,857.6,777.0,91,,0.51,,3,chuk_rwanda
2022-03-19 11:00:00,23.8,59,15.2,5.5,19.1,0.0,857.1,913.0,60,,0.62,,2,chuk_rwanda
2022-03-19 12:00:00,25.0,52,14.6,5.6,22.0,0.1,856.2,959.0,26,,0.68,,51,chuk_rwanda
2022-03-19 13:00:00,26.1,49,14.6,5.4,21.6,0.0,855.3,958.0,30,,0.69,,1,chuk_rwanda
2022-03-19 14:00:00,26.5,48,14.6,8.6,20.2,0.0,854.3,874.0,96,,0.64,,3,chuk_rwanda
2022-03-19 15:00:00,26.6,48,14.6,8.0,23.8,0.0,853.5,753.0,87,,0.55,,3,chuk_rwanda
2022-03-19 16:00:00,26.1,48,14.1,8.5,21.6,0.0,853.0,502.0,95,,0.38,,3,chuk_rwanda
2022-03-19 17:00:00,25.3,50,14.0,7.6,20.5,0.0,852.9,297.0,82,,0.24,,3,chuk_rwanda
2022-03-19 18:00:00,23.2,60,15.1,5.4,17.6,0.0,852.3,100.0,61,,0.08,,2,chuk_rwanda
2022-03-19 19:00:00,21.6,65,14.9,6.2,12.6,0.0,852.6,1.0,88,,0.02,,3,chuk_rwanda
2022-03-19 20:00:00,21.0,68,14.8,6.1,13.0,0.0,853.0,0.0,100,,0.01,,3,chuk_rwanda
2022-03-19 21:00:00,20.3,71,14.9,5.0,12.6,0.0,853.3,0.0,100,,0.0,,3,chuk_rwanda
2022-03-19 22:00:00,19.1,77,14.9,4.7,9.7,0.0,853.2,0.0,100,,0.0,,3,chuk_rwanda
2022-03-19 23:00:00,18.0,83,15.1,3.6,10.1,0.0,853.3,0.0,100,,0.0,,3,chuk_rwanda
2022-03-20 00:00:00,17.1,86,14.6,4.0,7.6,0.0,852.8,0.0,100,,0.0,,3,chuk_rwanda
2022-03-20 01:00:00,15.6,93,14.5,4.7,9.0,0.0,851.7,0.0,100,,0.0,,3,chuk_rwanda
2022-03-20 02:00:00,15.4,96,14.8,6.6,9.4,0.0,851.9,0.0,100,,0.0,,3,chuk_rwanda
2022-03-20 03:00:00,15.4,96,14.8,6.0,11.5,0.0,851.6,0.0,100,,0.0,,3,chuk_rwanda
2022-03-20 04:00:00,14.9,96,14.2,5.3,11.5,0.0,851.4,0.0,100,,0.0,,3,chuk_rwanda
2022-03-20 05:00:00,14.6,96,13.9,4.8,10.4,0.0,851.5,0.0,100,,0.0,,3,chuk_rwanda
2022-03-20 06:00:00,14.2,96,13.7,4.9,9.7,0.0,851.6,0.0,100,,0.0,,3,chuk_rwanda
2022-03-20 07:00:00,15.9,91,14.4,5.2,11.2,0.0,853.1,51.0,100,,0.02,,3,chuk_rwanda
2022-03-20 08:00:00,19.8,78,15.9,1.8,10.8,0.0,855.4,242.0,100,,0.15,,3,chuk_rwanda
2022-03-20 09:00:00,22.0,68,15.9,4.0,14.0,0.0,856.6,482.0,100,,0.32,,3,chuk_rwanda
2022-03-20 10:00:00,23.8,63,16.2,6.3,20.2,0.0,856.8,751.0,100,,0.51,,3,chuk_rwanda
2022-03-20 11:00:00,23.6,62,15.9,14.0,33.5,0.1,856.4,739.0,100,,0.5,,51,chuk_rwanda
2022-03-20 12:00:00,24.0,62,16.4,5.9,34.2,0.5,855.6,858.0,100,,0.6,,53,chuk_rwanda
2022-03-20 13:00:00,25.2,57,16.1,8.7,24.1,0.0,854.5,862.0,100,,0.61,,3,chuk_rwanda
2022-03-20 14:00:00,26.8,48,14.7,7.4,24.1,0.0,853.6,850.0,100,,0.62,,3,chuk_rwanda
2022-03-20 15:00:00,26.9,47,14.6,6.5,20.9,0.0,852.9,715.0,100,,0.53,,3,chuk_rwanda
2022-03-20 16:00:00,27.0,46,14.4,6.2,19.1,0.0,852.5,549.0,100,,0.41,,3,chuk_rwanda
2022-03-20 17:00:00,26.2,50,15.1,4.2,15.8,0.0,852.3,255.0,100,,0.2,,3,chuk_rwanda
2022-03-20 18:00:00,24.5,63,17.0,3.6,11.5,0.0,852.0,70.0,100,,0.06,,3,chuk_rwanda
2022-03-20 19:00:00,23.6,53,13.5,4.0,7.6,0.0,852.5,0.0,100,,0.05,,3,chuk_rwanda
2022-03-20 20:00:00,21.6,73,16.5,2.2,7.6,0.0,852.5,0.0,100,,0.0,,3,chuk_rwanda
2022-03-20 21:00:00,21.1,71,15.6,1.5,5.8,0.0,853.1,0.0,100,,0.0,,3,chuk_rwanda
2022-03-20 22:00:00,20.2,70,14.6,5.1,9.7,0.0,853.5,0.0,100,,0.01,,3,chuk_rwanda
2022-03-20 23:00:00,19.1,79,15.3,3.0,9.7,0.0,853.3,0.0,100,,0.0,,3,chuk_rwanda
2022-03-21 00:00:00,19.0,76,14.7,2.9,6.1,0.0,852.8,0.0,100,,0.0,,3,chuk_rwanda
2022-03-21 01:00:00,17.4,85,14.8,4.0,7.9,0.0,851.5,0.0,100,,0.0,,3,chuk_rwanda
2022-03-21 02:00:00,16.2,91,14.8,5.4,7.9,0.0,851.1,0.0,100,,0.0,,3,chuk_rwanda
2022-03-21 03:00:00,15.9,92,14.6,6.6,12.2,0.0,850.6,0.0,100,,0.0,,3,chuk_rwanda
2022-03-21 04:00:00,15.6,92,14.4,6.8,12.6,0.0,850.6,0.0,100,,0.0,,3,chuk_rwanda
2022-03-21 05:00:00,15.4,92,14.1,8.1,14.4,0.0,850.9,0.0,100,,0.0,,3,chuk_rwanda
2022-03-21 06:00:00,15.4,89,13.7,7.8,15.5,0.0,851.1,0.0,100,,0.0,,3,chuk_rwanda
2022-03-21 07:00:00,17.0,83,14.1,6.6,14.4,0.0,852.5,59.0,90,,0.03,,3,chuk_rwanda
2022-03-21 08:00:00,20.8,72,15.6,2.1,13.0,0.0,854.9,290.0,82,,0.18,,3,chuk_rwanda
2022-03-21 09:00:00,23.1,61,15.2,5.1,15.8,0.0,856.1,542.0,88,,0.36,,3,chuk_rwanda
2022-03-21 10:00:00,24.5,58,15.6,7.2,23.0,0.0,856.4,755.0,58,,0.52,,2,chuk_rwanda
2022-03-21 11:00:00,25.5,56,16.0,8.7,25.2,0.0,855.9,894.0,93,,0.63,,3,chuk_rwanda
2022-03-21 12:00:00,26.2,54,16.2,7.9,24.5,0.0,855.1,896.0,93,,0.65,,3,chuk_rwanda
2022-03-21 13:00:00,26.5,54,16.2,8.9,24.8,0.0,854.0,931.0,100,,0.67,,3,chuk_rwanda
2022-03-21 14:00:00,25.7,56,16.1,8.4,24.8,0.0,853.0,594.0,100,,0.45,,3,chuk_rwanda
2022-03-21 15:00:00,22.6,68,16.4,4.8,22.7,0.2,852.1,439.0,94,,0.31,,51,chuk_rwanda
2022-03-21 16:00:00,22.2,72,16.9,9.1,20.5,5.0,851.9,331.0,100,,0.24,,63,chuk_rwanda
2022-03-21 17:00:00,19.6,84,16.8,1.8,27.7,3.0,851.3,98.0,95,,0.08,,63,chuk_rwanda
2022-03-21 18:00:00,19.4,87,17.2,4.7,9.7,0.0,851.6,58.0,74,,0.04,,2,chuk_rwanda
2022-03-21 19:00:00,18.0,93,16.9,3.7,10.1,0.0,851.9,1.0,69,,0.0,,2,chuk_rwanda
2022-03-21 20:00:00,18.5,92,17.0,7.1,13.3,0.0,853.2,0.0,47,,0.0,,1,chuk_rwanda
2022-03-21 21:00:00,17.4,95,16.5,11.3,23.0,0.0,854.1,0.0,59,,0.0,,2,chuk_rwanda
2022-03-21 22:00:00,16.9,94,15.9,7.2,25.2,0.0,854.3,0.0,46,,0.0,,1,chuk_rwanda
2022-03-21 23:00:00,16.0,94,15.1,4.1,15.5,0.0,853.5,0.0,43,,0.0,,1,chuk_rwanda
2022-03-22 00:00:00,15.7,94,14.7,5.9,12.2,0.0,852.7,0.0,24,,0.0,,1,chuk_rwanda
2022-03-22 01:00:00,15.6,93,14.5,6.3,14.4,0.0,851.7,0.0,8,,0.0,,0,chuk_rwanda
2022-03-22 02:00:00,15.4,96,14.7,5.4,13.3,0.0,850.5,0.0,17,,0.0,,0,chuk_rwanda
2022-03-22 03:00:00,15.0,95,14.2,5.1,11.5,0.0,850.3,0.0,8,,0.0,,0,chuk_rwanda
2022-03-22 04:00:00,14.2,98,13.9,4.1,8.6,0.0,851.0,0.0,17,,0.0,,0,chuk_rwanda
2022-03-22 05:00:00,15.1,100,15.1,2.4,8.3,0.0,852.2,0.0,100,,0.0,,3,chuk_rwanda
2022-03-22 06:00:00,14.7,100,14.7,2.5,5.4,0.0,852.8,0.0,100,,0.0,,3,chuk_rwanda
2022-03-22 07:00:00,15.4,98,15.1,2.9,9.7,0.0,854.0,38.0,100,,0.02,,3,chuk_rwanda
2022-03-22 08:00:00,17.6,88,15.6,6.0,14.8,0.1,855.6,168.0,100,,0.1,,51,chuk_rwanda
2022-03-22 09:00:00,19.1,81,15.8,6.2,18.7,0.4,856.6,306.0,100,,0.2,,51,chuk_rwanda
2022-03-22 10:00:00,18.8,81,15.4,8.0,19.8,2.9,856.5,231.0,100,,0.16,,63,chuk_rwanda
2022-03-22 11:00:00,20.7,78,16.6,4.4,21.2,0.3,856.6,543.0,100,,0.36,,51,chuk_rwanda
2022-03-22 12:00:00,22.4,68,16.2,3.6,18.4,0.2,855.9,589.0,100,,0.41,,51,chuk_rwanda
2022-03-22 13:00:00,22.5,68,16.4,4.9,17.3,0.1,854.5,463.0,100,,0.34,,51,chuk_rwanda
2022-03-22 14:00:00,17.8,87,15.6,5.1,17.3,5.1,854.8,517.0,100,,0.32,,63,chuk_rwanda
2022-03-22 15:00:00,17.9,89,16.0,2.6,11.9,2.8,854.7,89.0,100,,0.08,,63,chuk_rwanda
2022-03-22 16:00:00,18.0,89,16.2,2.6,7.9,2.6,854.3,76.0,100,,0.07,,63,chuk_rwanda
2022-03-22 17:00:00,17.7,93,16.6,7.2,14.8,1.4,853.5,56.0,100,,0.05,,61,chuk_rwanda
2022-03-22 18:00:00,17.3,95,16.5,6.3,15.8,0.9,853.4,23.0,100,,0.03,,53,chuk_rwanda
2022-03-22 19:00:00,17.0,96,16.4,4.6,13.0,0.7,853.3,0.0,100,,0.01,,53,chuk_rwanda
2022-03-22 20:00:00,17.0,95,16.2,4.1,11.9,0.4,854.0,0.0,100,,0.0,,51,chuk_rwanda
2022-03-22 21:00:00,16.9,96,16.2,2.9,10.4,0.1,854.5,0.0,100,,0.0,,51,chuk_rwanda
2022-03-22 22:00:00,16.4,96,15.7,3.1,6.8,0.0,855.0,0.0,99,,0.0,,3,chuk_rwanda
2022-03-22 23:00:00,16.0,97,15.4,2.3,5.4,0.0,855.1,0.0,100,,0.0,,3,chuk_rwanda
2022-03-23 00:00:00,15.9,97,15.4,2.9,6.8,0.0,854.6,0.0,98,,0.0,,3,chuk_rwanda
2022-03-23 01:00:00,14.4,99,14.3,2.9,6.8,0.0,853.2,0.0,55,,0.0,,2,chuk_rwanda
2022-03-23 02:00:00,13.6,100,13.6,3.5,5.8,0.0,853.4,0.0,88,,0.0,,3,chuk_rwanda
2022-03-23 03:00:00,13.6,100,13.6,3.8,7.6,0.0,853.2,0.0,100,,0.0,,3,chuk_rwanda
2022-03-23 04:00:00,13.4,100,13.3,4.6,10.1,0.0,852.9,0.0,100,,0.0,,3,chuk_rwanda
2022-03-23 05:00:00,12.9,100,12.8,5.4,12.2,0.0,852.9,0.0,100,,0.0,,3,chuk_rwanda
2022-03-23 06:00:00,12.4,100,12.4,5.8,13.3,0.0,853.0,0.0,100,,0.0,,3,chuk_rwanda
2022-03-23 07:00:00,13.2,97,12.8,6.2,14.0,0.0,854.1,49.0,100,,0.02,,3,chuk_rwanda
2022-03-23 08:00:00,15.9,92,14.6,3.9,14.8,0.0,855.5,236.0,96,,0.13,,3,chuk_rwanda
2022-03-23 09:00:00,19.8,74,14.9,1.8,14.0,0.0,857.6,537.0,71,,0.34,,2,chuk_rwanda
2022-03-23 10:00:00,22.5,58,14.0,2.1,12.6,0.0,858.3,770.0,70,,0.52,,2,chuk_rwanda
2022-03-23 11:00:00,23.6,54,13.7,7.2,19.8,0.0,857.8,724.0,33,,0.51,,1,chuk_rwanda
2022-03-23 12:00:00,24.6,51,13.6,10.0,26.6,0.3,857.2,851.0,42,,0.6,,51,chuk_rwanda
2022-03-23 13:00:00,25.4,52,14.8,9.7,27.0,0.1,856.3,895.0,21,,0.64,,51,chuk_rwanda
2022-03-23 14:00:00,25.0,55,15.4,9.1,30.6,0.2,856.3,910.0,68,,0.63,,51,chuk_rwanda
2022-03-23 15:00:00,25.5,52,14.9,11.7,28.8,0.0,855.3,786.0,100,,0.56,,3,chuk_rwanda
2022-03-23 16:00:00,24.5,53,14.3,10.1,29.2,0.0,854.6,344.0,100,,0.28,,3,chuk_rwanda
2022-03-23 17:00:00,23.4,59,14.9,4.7,23.4,0.1,854.3,174.0,30,,0.14,,51,chuk_rwanda
2022-03-23 18:00:00,21.4,74,16.6,3.4,11.5,0.0,853.8,94.0,18,,0.06,,0,chuk_rwanda
2022-03-23 19:00:00,19.5,80,16.0,5.0,9.0,0.0,853.5,0.0,2,,0.03,,0,chuk_rwanda
2022-03-23 20:00:00,18.1,88,16.0,4.6,8.6,0.0,853.6,0.0,13,,0.0,,0,chuk_rwanda
2022-03-23 21:00:00,17.6,88,15.6,3.6,6.8,0.0,854.1,0.0,7,,0.0,,0,chuk_rwanda
2022-03-23 22:00:00,17.5,86,15.1,3.3,6.5,0.0,854.8,0.0,4,,0.0,,0,chuk_rwanda
2022-03-23 23:00:00,16.8,87,14.6,4.0,9.0,0.0,854.7,0.0,0,,0.0,,0,chuk_rwanda
2022-03-24 00:00:00,15.2,93,14.1,4.0,7.6,0.0,853.8,0.0,2,,0.0,,0,chuk_rwanda
2022-03-24 01:00:00,14.8,93,13.6,3.2,5.8,0.0,853.2,0.0,10,,0.0,,0,chuk_rwanda
2022-03-24 02:00:00,13.8,95,13.1,5.6,9.0,0.0,852.5,0.0,10,,0.0,,0,chuk_rwanda
2022-03-24 03:00:00,14.5,93,13.4,5.7,10.1,0.0,852.8,0.0,0,,0.0,,0,chuk_rwanda
2022-03-24 04:00:00,14.3,94,13.3,6.0,11.2,0.0,852.5,0.0,0,,0.0,,0,chuk_rwanda
2022-03-24 05:00:00,14.2,93,13.1,5.8,11.5,0.0,852.5,0.0,29,,0.0,,1,chuk_rwanda
2022-03-24 06:00:00,13.7,94,12.7,5.2,10.1,0.0,852.5,0.0,11,,0.0,,0,chuk_rwanda
2022-03-24 07:00:00,15.2,90,13.5,4.1,9.7,0.0,854.0,66.0,4,,0.02,,0,chuk_rwanda
2022-03-24 08:00:00,19.3,76,15.0,0.8,9.0,0.0,856.8,302.0,93,,0.18,,3,chuk_rwanda
2022-03-24 09:00:00,21.4,70,15.6,2.9,12.6,0.0,857.9,516.0,96,,0.33,,3,chuk_rwanda
2022-03-24 10:00:00,23.0,63,15.7,4.7,21.2,0.0,858.4,720.0,85,,0.49,,3,chuk_rwanda
2022-03-24 11:00:00,24.5,59,15.9,6.9,25.9,0.0,857.9,892.0,93,,0.62,,3,chuk_rwanda
2022-03-24 12:00:00,25.5,55,15.9,9.0,26.3,0.0,857.2,925.0,84,,0.65,,3,chuk_rwanda
2022-03-24 13:00:00,26.5,50,15.2,9.6,26.3,0.0,856.0,984.0,100,,0.71,,3,chuk_rwanda
2022-03-24 14:00:00,24.8,57,15.6,7.1,27.7,0.0,855.8,694.0,100,,0.5,,3,chuk_rwanda
2022-03-24 15:00:00,24.8,54,15.0,7.5,21.2,0.1,854.7,469.0,100,,0.36,,51,chuk_rwanda
2022-03-24 16:00:00,21.9,67,15.5,7.0,20.2,1.2,854.1,218.0,100,,0.18,,55,chuk_rwanda
2022-03-24 17:00:00,19.9,80,16.4,9.5,20.9,1.3,853.8,190.0,100,,0.13,,61,chuk_rwanda
2022-03-24 18:00:00,19.0,84,16.2,4.2,22.0,0.0,853.1,80.0,100,,0.05,,3,chuk_rwanda
2022-03-24 19:00:00,17.8,91,16.2,5.8,11.9,0.0,852.8,0.0,100,,0.02,,3,chuk_rwanda
2022-03-24 20:00:00,17.2,91,15.8,6.0,11.9,0.0,853.1,0.0,97,,0.0,,3,chuk_rwanda
2022-03-24 21:00:00,17.0,92,15.7,6.7,14.0,0.0,853.6,0.0,100,,0.0,,3,chuk_rwanda
2022-03-24 22:00:00,16.5,94,15.5,4.9,13.3,0.0,853.7,0.0,34,,0.0,,1,chuk_rwanda
2022-03-24 23:00:00,15.1,97,14.5,4.7,9.7,0.0,853.1,0.0,0,,0.0,,0,chuk_rwanda
2022-03-25 00:00:00,14.6,97,14.2,5.2,10.1,0.0,852.7,0.0,0,,0.0,,0,chuk_rwanda
2022-03-25 01:00:00,14.4,97,13.9,6.7,13.0,0.0,852.2,0.0,4,,0.0,,0,chuk_rwanda
2022-03-25 02:00:00,14.3,95,13.4,5.7,13.7,0.0,851.8,0.0,65,,0.0,,2,chuk_rwanda
2022-03-25 03:00:00,14.1,94,13.1,6.2,11.2,0.0,851.6,0.0,9,,0.0,,0,chuk_rwanda
2022-03-25 04:00:00,13.7,94,12.8,6.4,10.8,0.0,851.4,0.0,8,,0.0,,0,chuk_rwanda
2022-03-25 05:00:00,13.4,95,12.5,5.7,10.8,0.0,851.8,0.0,0,,0.0,,0,chuk_rwanda
2022-03-25 06:00:00,13.0,95,12.2,5.6,10.1,0.0,852.4,0.0,0,,0.0,,0,chuk_rwanda
2022-03-25 07:00:00,14.9,90,13.2,5.1,11.5,0.0,854.1,67.0,1,,0.02,,0,chuk_rwanda
2022-03-25 08:00:00,19.2,75,14.6,2.5,10.8,0.0,856.9,302.0,0,,0.18,,0,chuk_rwanda
2022-03-25 09:00:00,21.5,67,15.1,4.4,15.1,0.0,857.5,558.0,0,,0.36,,0,chuk_rwanda
2022-03-25 10:00:00,23.2,59,14.9,4.8,17.3,0.0,857.8,780.0,14,,0.53,,0,chuk_rwanda
2022-03-25 11:00:00,24.5,53,14.2,5.4,20.5,0.1,857.2,896.0,23,,0.63,,51,chuk_rwanda
2022-03-25 12:00:00,25.6,50,14.3,5.4,19.8,0.1,856.2,954.0,12,,0.68,,51,chuk_rwanda
2022-03-25 13:00:00,26.8,47,14.5,7.5,22.0,0.1,855.3,992.0,24,,0.72,,51,chuk_rwanda
2022-03-25 14:00:00,26.7,48,14.6,6.4,25.9,0.0,854.5,887.0,32,,0.65,,1,chuk_rwanda
2022-03-25 15:00:00,26.6,47,14.6,7.6,20.9,0.0,853.6,722.0,20,,0.53,,1,chuk_rwanda
2022-03-25 16:00:00,26.9,47,14.6,6.6,21.2,0.0,852.9,518.0,69,,0.39,,2,chuk_rwanda
2022-03-25 17:00:00,22.5,69,16.5,7.4,25.6,1.5,852.5,264.0,78,,0.19,,61,chuk_rwanda
2022-03-25 18:00:00,21.0,76,16.5,5.1,15.1,0.0,852.5,73.0,36,,0.06,,1,chuk_rwanda
2022-03-25 19:00:00,18.6,89,16.9,5.9,11.5,0.0,851.7,0.0,27,,0.02,,1,chuk_rwanda
2022-03-25 20:00:00,18.5,89,16.6,4.8,8.3,0.0,852.4,0.0,32,,0.0,,1,chuk_rwanda
2022-03-25 21:00:00,17.7,93,16.6,5.6,11.2,0.0,852.8,0.0,38,,0.0,,1,chuk_rwanda
2022-03-25 22:00:00,17.5,92,16.1,4.6,9.0,0.0,853.4,0.0,26,,0.0,,1,chuk_rwanda
2022-03-25 23:00:00,17.3,89,15.5,6.5,12.6,0.0,853.4,0.0,83,,0.0,,3,chuk_rwanda
2022-03-26 00:00:00,16.5,90,14.9,6.2,13.7,0.0,852.4,0.0,84,,0.0,,3,chuk_rwanda
2022-03-26 01:00:00,15.7,92,14.4,6.3,12.6,0.0,851.6,0.0,83,,0.0,,3,chuk_rwanda
2022-03-26 02:00:00,16.3,89,14.5,5.2,12.6,0.0,851.9,0.0,13,,0.0,,0,chuk_rwanda
2022-03-26 03:00:00,15.9,90,14.4,7.3,13.3,0.0,851.6,0.0,40,,0.0,,1,chuk_rwanda
2022-03-26 04:00:00,15.4,92,14.1,6.5,14.0,0.0,851.6,0.0,40,,0.0,,1,chuk_rwanda
2022-03-26 05:00:00,15.0,92,13.8,6.3,12.6,0.0,851.9,0.0,58,,0.0,,2,chuk_rwanda
2022-03-26 06:00:00,14.8,92,13.4,5.2,10.8,0.0,852.5,0.0,35,,0.0,,1,chuk_rwanda
2022-03-26 07:00:00,15.9,88,13.9,6.8,14.8,0.0,853.7,67.0,22,,0.03,,1,chuk_rwanda
2022-03-26 08:00:00,19.9,77,15.6,3.3,14.0,0.0,855.9,304.0,24,,0.18,,1,chuk_rwanda
2022-03-26 09:00:00,22.7,60,14.6,0.4,11.5,0.0,857.2,557.0,56,,0.37,,2,chuk_rwanda
2022-03-26 10:00:00,24.4,54,14.4,4.3,19.1,0.0,857.3,779.0,67,,0.54,,2,chuk_rwanda
2022-03-26 11:00:00,25.7,51,14.7,6.3,20.9,0.0,857.0,938.0,89,,0.66,,3,chuk_rwanda
2022-03-26 12:00:00,26.4,49,14.8,6.9,22.0,0.0,856.1,923.0,76,,0.67,,2,chuk_rwanda
2022-03-26 13:00:00,27.0,46,14.4,6.8,22.3,0.0,854.8,843.0,8,,0.63,,0,chuk_rwanda
2022-03-26 14:00:00,25.6,48,13.9,8.4,22.0,0.0,854.8,912.0,11,,0.65,,0,chuk_rwanda
2022-03-26 15:00:00,26.0,47,13.9,11.5,27.4,0.0,854.1,608.0,99,,0.47,,3,chuk_rwanda
2022-03-26 16:00:00,23.9,53,13.8,14.8,33.8,0.0,853.2,364.0,100,,0.3,,3,chuk_rwanda
2022-03-26 17:00:00,21.9,64,14.8,10.3,33.5,0.0,853.3,165.0,100,,0.15,,3,chuk_rwanda
2022-03-26 18:00:00,20.5,72,15.2,5.7,23.0,0.1,853.1,43.0,100,,0.05,,51,chuk_rwanda
2022-03-26 19:00:00,19.6,80,16.0,2.5,12.6,0.0,853.2,0.0,100,,0.02,,3,chuk_rwanda
2022-03-26 20:00:00,19.4,82,16.3,2.9,6.8,0.0,854.0,0.0,83,,0.0,,3,chuk_rwanda
2022-03-26 21:00:00,18.9,88,16.8,1.4,6.1,0.0,854.3,0.0,88,,0.0,,3,chuk_rwanda
2022-03-26 22:00:00,18.0,93,16.9,2.1,4.3,0.0,854.1,0.0,1,,0.0,,0,chuk_rwanda
2022-03-26 23:00:00,16.9,94,15.9,3.1,6.1,0.0,853.5,0.0,67,,0.0,,2,chuk_rwanda
2022-03-27 00:00:00,16.1,96,15.5,1.5,5.8,0.0,852.8,0.0,84,,0.0,,3,chuk_rwanda
2022-03-27 01:00:00,15.8,95,15.1,1.9,4.7,0.0,852.6,0.0,87,,0.0,,3,chuk_rwanda
2022-03-27 02:00:00,14.0,95,13.2,5.2,7.9,0.0,851.0,0.0,96,,0.0,,3,chuk_rwanda
2022-03-27 03:00:00,14.1,94,13.1,5.6,11.5,0.0,851.2,0.0,100,,0.0,,3,chuk_rwanda
2022-03-27 04:00:00,13.9,94,12.9,4.6,10.1,0.0,851.8,0.0,100,,0.0,,3,chuk_rwanda
2022-03-27 05:00:00,13.2,96,12.6,4.1,8.3,0.0,852.0,0.0,100,,0.0,,3,chuk_rwanda
2022-03-27 06:00:00,12.6,98,12.3,4.6,9.0,0.0,852.1,0.0,100,,0.0,,3,chuk_rwanda
2022-03-27 07:00:00,14.9,89,13.2,6.3,12.6,0.0,854.1,64.0,97,,0.03,,3,chuk_rwanda
2022-03-27 08:00:00,19.6,73,14.6,2.7,12.6,0.0,857.0,284.0,100,,0.17,,3,chuk_rwanda
2022-03-27 09:00:00,22.0,64,14.9,1.8,11.2,0.0,857.8,546.0,99,,0.36,,3,chuk_rwanda
2022-03-27 10:00:00,23.8,55,14.2,4.9,16.9,0.0,858.0,770.0,99,,0.53,,3,chuk_rwanda
2022-03-27 11:00:00,25.4,48,13.6,7.4,21.6,0.0,857.4,927.0,99,,0.65,,3,chuk_rwanda
2022-03-27 12:00:00,26.4,43,12.7,11.2,29.2,0.3,856.2,961.0,80,,0.7,,51,chuk_rwanda
2022-03-27 13:00:00,26.8,43,13.0,11.4,29.5,0.3,855.1,828.0,93,,0.62,,51,chuk_rwanda
2022-03-27 14:00:00,27.1,42,13.2,10.5,28.4,0.3,854.9,774.0,100,,0.59,,51,chuk_rwanda
2022-03-27 15:00:00,26.2,45,13.2,12.5,30.2,0.1,853.8,705.0,21,,0.53,,51,chuk_rwanda
2022-03-27 16:00:00,25.5,48,13.8,12.4,29.9,0.1,853.3,511.0,100,,0.39,,51,chuk_rwanda
2022-03-27 17:00:00,23.3,63,15.9,10.1,29.2,0.0,853.4,234.0,100,,0.19,,3,chuk_rwanda
2022-03-27 18:00:00,22.2,71,16.7,4.3,22.0,0.0,853.5,72.0,100,,0.06,,3,chuk_rwanda
2022-03-27 19:00:00,21.0,74,16.1,5.5,10.8,0.0,853.7,0.0,100,,0.03,,3,chuk_rwanda
2022-03-27 20:00:00,20.0,77,15.8,6.4,12.2,0.0,854.1,0.0,100,,0.0,,3,chuk_rwanda
2022-03-27 21:00:00,18.8,82,15.7,6.7,13.3,0.0,854.2,0.0,100,,0.0,,3,chuk_rwanda
2022-03-27 22:00:00,17.9,88,15.8,8.3,15.1,0.0,853.9,0.0,100,,0.0,,3,chuk_rwanda
2022-03-27 23:00:00,17.3,91,15.8,8.1,16.2,0.0,853.8,0.0,99,,0.0,,3,chuk_rwanda
2022-03-28 00:00:00,16.7,92,15.4,8.0,15.1,0.0,853.1,0.0,99,,0.0,,3,chuk_rwanda
2022-03-28 01:00:00,16.2,93,15.1,7.1,14.8,0.0,852.5,0.0,98,,0.0,,3,chuk_rwanda
2022-03-28 02:00:00,15.8,92,14.5,6.3,13.0,0.0,852.7,0.0,4,,0.0,,0,chuk_rwanda
2022-03-28 03:00:00,15.9,90,14.2,7.2,13.3,0.0,852.3,0.0,24,,0.0,,1,chuk_rwanda
2022-03-28 04:00:00,15.9,89,14.0,7.2,13.7,0.0,852.0,0.0,45,,0.0,,1,chuk_rwanda
2022-03-28 05:00:00,15.4,91,13.9,2.5,13.7,0.0,852.7,0.0,99,,0.0,,3,chuk_rwanda
2022-03-28 06:00:00,15.0,96,14.4,4.1,19.8,1.2,854.2,0.0,100,,0.0,,55,chuk_rwanda
2022-03-28 07:00:00,16.4,94,15.4,8.0,18.4,0.1,854.2,46.0,98,,0.02,,51,chuk_rwanda
2022-03-28 08:00:00,19.2,84,16.5,3.0,15.5,0.0,856.5,278.0,93,,0.16,,3,chuk_rwanda
2022-03-28 09:00:00,20.5,77,16.3,8.6,25.9,0.3,857.6,426.0,99,,0.27,,51,chuk_rwanda
2022-03-28 10:00:00,22.1,70,16.4,1.5,26.3,0.6,857.5,545.0,91,,0.38,,53,chuk_rwanda
2022-03-28 11:00:00,23.5,64,16.4,4.4,22.7,0.1,857.2,811.0,100,,0.56,,51,chuk_rwanda
2022-03-28 12:00:00,25.8,57,16.6,6.6,23.4,0.0,856.3,951.0,100,,0.68,,3,chuk_rwanda
2022-03-28 13:00:00,25.2,57,16.0,9.4,24.8,0.1,854.6,788.0,100,,0.57,,51,chuk_rwanda
2022-03-28 14:00:00,23.8,59,15.3,9.2,25.2,1.0,854.0,182.0,100,,0.19,,55,chuk_rwanda
2022-03-28 15:00:00,25.0,55,15.2,9.2,25.2,0.0,853.3,615.0,20,,0.45,,1,chuk_rwanda
2022-03-28 16:00:00,25.2,52,14.7,9.3,24.1,0.0,852.8,507.0,37,,0.38,,1,chuk_rwanda
2022-03-28 17:00:00,24.0,56,14.6,6.9,22.7,0.0,852.7,268.0,59,,0.2,,2,chuk_rwanda
2022-03-28 18:00:00,22.3,68,16.1,3.6,15.8,0.0,852.7,63.0,96,,0.05,,3,chuk_rwanda
2022-03-28 19:00:00,20.1,79,16.2,5.9,12.2,0.0,852.4,0.0,91,,0.03,,3,chuk_rwanda
2022-03-28 20:00:00,18.9,85,16.4,7.1,13.0,0.0,852.6,0.0,41,,0.0,,1,chuk_rwanda
2022-03-28 21:00:00,18.2,88,16.1,6.1,13.7,0.0,852.8,0.0,23,,0.0,,1,chuk_rwanda
2022-03-28 22:00:00,17.8,89,15.9,7.4,12.6,0.0,853.1,0.0,34,,0.0,,1,chuk_rwanda
2022-03-28 23:00:00,17.2,91,15.7,8.4,15.8,0.0,852.9,0.0,21,,0.0,,1,chuk_rwanda
2022-03-29 00:00:00,16.9,91,15.4,7.7,15.8,0.0,852.4,0.0,81,,0.0,,3,chuk_rwanda
2022-03-29 01:00:00,16.4,92,15.1,7.6,14.4,0.0,851.6,0.0,7,,0.0,,0,chuk_rwanda
2022-03-29 02:00:00,15.6,90,13.9,4.2,14.0,0.0,851.1,0.0,6,,0.0,,0,chuk_rwanda
2022-03-29 03:00:00,15.6,90,13.9,5.9,11.2,0.0,850.9,0.0,100,,0.0,,3,chuk_rwanda
2022-03-29 04:00:00,15.1,91,13.7,6.6,11.9,0.0,850.6,0.0,100,,0.0,,3,chuk_rwanda
2022-03-29 05:00:00,14.9,92,13.6,7.0,12.6,0.0,850.7,0.0,100,,0.0,,3,chuk_rwanda
2022-03-29 06:00:00,14.5,93,13.4,7.4,13.7,0.0,851.3,0.0,100,,0.0,,3,chuk_rwanda
2022-03-29 07:00:00,16.2,87,13.9,6.9,14.8,0.0,852.5,64.0,100,,0.03,,3,chuk_rwanda
2022-03-29 08:00:00,20.0,74,15.2,2.4,14.8,0.0,855.0,296.0,99,,0.18,,3,chuk_rwanda
2022-03-29 09:00:00,22.0,63,14.8,3.1,13.0,0.0,855.8,534.0,100,,0.35,,3,chuk_rwanda
2022-03-29 10:00:00,23.3,58,14.4,7.6,20.9,0.0,856.3,667.0,100,,0.46,,3,chuk_rwanda
2022-03-29 11:00:00,24.3,57,15.4,7.1,23.0,0.2,855.8,811.0,99,,0.57,,51,chuk_rwanda
2022-03-29 12:00:00,25.3,54,15.4,8.5,23.0,0.0,854.4,763.0,100,,0.55,,3,chuk_rwanda
2022-03-29 13:00:00,23.2,67,16.8,8.6,23.8,0.8,852.6,368.0,100,,0.28,,53,chuk_rwanda
2022-03-29 14:00:00,21.8,74,17.0,5.9,22.7,0.1,852.5,709.0,100,,0.47,,51,chuk_rwanda
2022-03-29 15:00:00,23.6,67,17.2,7.6,23.0,0.1,852.0,683.0,88,,0.47,,51,chuk_rwanda
2022-03-29 16:00:00,23.5,65,16.5,5.9,22.7,0.1,851.9,485.0,100,,0.34,,51,chuk_rwanda
2022-03-29 17:00:00,22.5,67,16.0,3.8,17.6,0.0,851.7,184.0,100,,0.14,,3,chuk_rwanda
2022-03-29 18:00:00,19.0,86,16.5,11.4,23.8,3.2,851.8,47.0,100,,0.05,,63,chuk_rwanda
2022-03-29 19:00:00,18.0,89,16.2,5.9,24.5,4.3,852.5,0.0,100,,0.02,,63,chuk_rwanda
2022-03-29 20:00:00,18.0,93,16.9,5.1,11.9,0.3,853.5,0.0,100,,0.0,,51,chuk_rwanda
2022-03-29 21:00:00,17.6,95,16.8,6.1,14.0,3.5,854.4,0.0,100,,0.0,,63,chuk_rwanda
2022-03-29 22:00:00,16.9,96,16.2,7.1,13.7,4.5,854.1,0.0,100,,0.0,,63,chuk_rwanda
2022-03-29 23:00:00,17.2,95,16.4,4.0,16.2,0.2,853.5,0.0,97,,0.0,,51,chuk_rwanda
2022-03-30 00:00:00,16.4,97,15.9,4.0,8.3,0.0,852.4,0.0,100,,0.0,,3,chuk_rwanda
2022-03-30 01:00:00,15.9,97,15.4,3.8,8.3,0.0,851.6,0.0,100,,0.0,,3,chuk_rwanda
2022-03-30 02:00:00,15.6,96,15.1,6.4,7.2,0.0,851.7,0.0,100,,0.0,,3,chuk_rwanda
2022-03-30 03:00:00,15.4,96,14.9,4.9,9.7,0.0,851.0,0.0,100,,0.0,,3,chuk_rwanda
2022-03-30 04:00:00,15.2,96,14.6,4.5,8.6,0.0,850.7,0.0,95,,0.0,,3,chuk_rwanda
2022-03-30 05:00:00,15.1,95,14.2,5.0,10.4,0.0,850.8,0.0,100,,0.0,,3,chuk_rwanda
2022-03-30 06:00:00,14.6,95,13.8,4.8,10.1,0.0,851.1,0.0,100,,0.0,,3,chuk_rwanda
2022-03-30 07:00:00,16.3,90,14.6,4.8,11.5,0.0,852.6,58.0,100,,0.03,,3,chuk_rwanda
2022-03-30 08:00:00,19.4,80,15.8,0.8,10.8,0.0,854.9,258.0,100,,0.15,,3,chuk_rwanda
2022-03-30 09:00:00,21.3,69,15.3,4.1,13.7,0.0,856.1,392.0,100,,0.26,,3,chuk_rwanda
2022-03-30 10:00:00,23.0,64,15.8,7.1,21.2,0.0,856.6,681.0,100,,0.46,,3,chuk_rwanda
2022-03-30 11:00:00,24.0,61,15.9,10.4,27.0,0.0,856.1,741.0,100,,0.51,,3,chuk_rwanda
2022-03-30 12:00:00,24.9,55,15.1,11.6,29.2,0.0,854.6,606.0,54,,0.46,,2,chuk_rwanda
2022-03-30 13:00:00,22.5,67,16.1,15.6,35.6,3.8,853.5,653.0,81,,0.44,,63,chuk_rwanda
2022-03-30 14:00:00,19.5,80,15.9,5.8,37.8,3.1,852.8,259.0,99,,0.19,,63,chuk_rwanda
2022-03-30 15:00:00,20.0,79,16.3,5.1,18.0,0.9,852.5,253.0,74,,0.18,,53,chuk_rwanda
2022-03-30 16:00:00,21.3,69,15.4,5.5,18.7,0.1,852.6,474.0,100,,0.31,,51,chuk_rwanda
2022-03-30 17:00:00,20.8,68,14.6,1.8,15.8,0.0,852.3,177.0,100,,0.12,,3,chuk_rwanda
2022-03-30 18:00:00,19.5,83,16.6,4.1,4.7,0.0,852.0,35.0,100,,0.04,,3,chuk_rwanda
2022-03-30 19:00:00,18.4,85,15.8,4.0,8.3,0.0,852.3,0.0,100,,0.02,,3,chuk_rwanda
2022-03-30 20:00:00,18.2,90,16.6,2.9,7.9,0.1,853.4,0.0,100,,0.0,,51,chuk_rwanda
2022-03-30 21:00:00,18.5,89,16.6,2.6,6.5,0.0,854.1,0.0,100,,0.0,,3,chuk_rwanda
2022-03-30 22:00:00,17.9,94,16.9,2.2,4.3,0.0,854.2,0.0,100,,0.0,,3,chuk_rwanda
2022-03-30 23:00:00,17.6,94,16.7,3.0,5.4,0.0,853.9,0.0,100,,0.0,,3,chuk_rwanda
2022-03-31 00:00:00,17.2,95,16.5,3.4,6.1,0.0,853.2,0.0,94,,0.0,,3,chuk_rwanda
2022-03-31 01:00:00,17.6,91,16.2,0.5,6.5,0.0,852.7,0.0,75,,0.0,,2,chuk_rwanda
2022-03-31 02:00:00,16.9,99,16.8,1.5,4.7,0.0,852.5,0.0,13,,0.0,,0,chuk_rwanda
2022-03-31 03:00:00,15.6,100,15.5,3.3,5.0,0.0,851.7,0.0,100,,0.0,,3,chuk_rwanda
2022-03-31 04:00:00,15.0,100,15.0,1.8,6.1,0.0,851.5,0.0,100,,0.0,,3,chuk_rwanda
2022-03-31 05:00:00,14.4,99,14.2,3.2,9.4,0.0,851.7,0.0,100,,0.0,,3,chuk_rwanda
2022-03-31 06:00:00,14.6,100,14.6,4.6,10.8,0.0,852.3,0.0,100,,0.0,,3,chuk_rwanda
2022-03-31 07:00:00,15.2,99,15.1,3.2,11.2,0.0,853.4,43.0,100,,0.02,,3,chuk_rwanda
2022-03-31 08:00:00,17.5,92,16.2,2.5,11.5,0.0,855.0,213.0,100,,0.12,,3,chuk_rwanda
2022-03-31 09:00:00,20.0,80,16.4,4.9,20.9,0.0,856.4,441.0,88,,0.28,,3,chuk_rwanda
2022-03-31 10:00:00,21.6,69,15.7,5.5,19.1,0.0,856.5,659.0,67,,0.43,,2,chuk_rwanda
2022-03-31 11:00:00,23.3,58,14.6,6.6,20.5,0.2,856.1,815.0,57,,0.56,,51,chuk_rwanda
2022-03-31 12:00:00,24.8,52,14.1,7.1,22.0,0.3,855.3,908.0,41,,0.64,,51,chuk_rwanda
2022-03-31 13:00:00,25.2,51,14.4,9.0,24.1,0.2,854.2,884.0,65,,0.63,,51,chuk_rwanda
2022-03-31 14:00:00,25.6,53,15.2,8.4,25.2,0.0,853.6,868.0,98,,0.62,,3,chuk_rwanda
2022-03-31 15:00:00,25.6,52,15.1,7.6,23.4,0.0,852.8,694.0,26,,0.5,,1,chuk_rwanda
2022-03-31 16:00:00,25.9,50,14.6,8.3,22.0,0.0,852.2,535.0,100,,0.4,,3,chuk_rwanda
2022-03-31 17:00:00,23.5,56,14.2,12.2,28.4,0.0,852.2,230.0,63,,0.21,,2,chuk_rwanda
2022-03-31 18:00:00,22.2,64,15.1,6.1,26.6,0.0,852.3,78.0,72,,0.07,,2,chuk_rwanda
2022-03-31 19:00:00,19.8,74,14.9,7.6,14.0,0.3,853.3,0.0,67,,0.04,,51,chuk_rwanda
2022-03-31 20:00:00,18.5,81,15.2,6.3,25.2,0.0,853.7,0.0,22,,0.0,,1,chuk_rwanda
2022-03-31 21:00:00,16.6,93,15.5,4.3,12.2,0.0,853.4,0.0,6,,0.0,,0,chuk_rwanda
2022-03-31 22:00:00,16.2,95,15.4,4.1,8.3,0.0,853.6,0.0,3,,0.0,,0,chuk_rwanda
2022-03-31 23:00:00,15.1,97,14.7,6.9,9.0,0.0,853.2,0.0,1,,0.0,,0,chuk_rwanda
2022-04-01 00:00:00,15.1,97,14.6,4.7,9.4,0.0,852.6,0.0,2,,0.0,,0,chuk_rwanda
2022-04-01 01:00:00,14.8,97,14.2,4.9,9.7,0.0,852.0,0.0,0,,0.0,,0,chuk_rwanda
2022-04-01 02:00:00,14.4,97,13.9,5.4,10.4,0.0,851.2,0.0,0,,0.0,,0,chuk_rwanda
2022-04-01 03:00:00,14.4,96,13.7,4.3,9.0,0.0,850.8,0.0,2,,0.0,,0,chuk_rwanda
2022-04-01 04:00:00,14.1,96,13.4,4.9,8.3,0.0,851.1,0.0,11,,0.0,,0,chuk_rwanda
2022-04-01 05:00:00,13.8,96,13.1,5.3,8.3,0.0,851.1,0.0,17,,0.0,,0,chuk_rwanda
2022-04-01 06:00:00,13.6,96,13.1,3.8,8.3,0.0,851.8,0.0,21,,0.0,,1,chuk_rwanda
2022-04-01 07:00:00,16.4,90,14.6,4.2,9.4,0.0,854.1,68.0,4,,0.03,,0,chuk_rwanda
2022-04-01 08:00:00,19.4,79,15.6,1.9,10.4,0.0,856.1,296.0,10,,0.17,,0,chuk_rwanda
2022-04-01 09:00:00,21.1,73,16.1,4.5,20.9,0.0,856.9,553.0,7,,0.35,,0,chuk_rwanda
2022-04-01 10:00:00,22.6,65,15.6,7.9,22.3,0.1,857.0,747.0,29,,0.49,,51,chuk_rwanda
2022-04-01 11:00:00,24.1,57,15.1,8.4,23.8,0.2,856.5,864.0,29,,0.59,,51,chuk_rwanda
2022-04-01 12:00:00,25.0,53,14.9,10.4,27.7,0.4,855.6,915.0,61,,0.64,,51,chuk_rwanda
2022-04-01 13:00:00,25.5,58,16.6,9.7,28.1,0.1,854.6,894.0,14,,0.63,,51,chuk_rwanda
2022-04-01 14:00:00,22.8,64,15.7,5.8,27.0,0.0,853.3,847.0,100,,0.57,,3,chuk_rwanda
2022-04-01 15:00:00,25.0,56,15.8,6.7,21.6,0.1,853.3,657.0,66,,0.47,,51,chuk_rwanda
2022-04-01 16:00:00,23.9,59,15.2,10.0,23.8,0.5,852.8,400.0,93,,0.3,,53,chuk_rwanda
2022-04-01 17:00:00,21.8,68,15.6,2.9,22.7,0.7,852.6,144.0,83,,0.11,,53,chuk_rwanda
2022-04-01 18:00:00,20.1,78,16.1,4.0,10.1,0.0,852.6,73.0,87,,0.05,,3,chuk_rwanda
2022-04-01 19:00:00,19.2,84,16.4,6.4,13.0,0.0,852.7,0.0,74,,0.03,,2,chuk_rwanda
2022-04-01 20:00:00,17.5,92,16.2,4.8,13.0,0.0,852.3,0.0,64,,0.0,,2,chuk_rwanda
2022-04-01 21:00:00,17.0,93,15.9,6.3,13.0,0.0,852.4,0.0,74,,0.0,,2,chuk_rwanda
2022-04-01 22:00:00,15.6,96,14.9,7.5,12.6,0.0,852.4,0.0,75,,0.0,,2,chuk_rwanda
2022-04-01 23:00:00,15.1,97,14.6,5.6,10.8,0.0,852.3,0.0,79,,0.0,,2,chuk_rwanda
2022-04-02 00:00:00,14.7,97,14.2,5.0,9.7,0.0,852.2,0.0,91,,0.0,,3,chuk_rwanda
2022-04-02 01:00:00,14.4,97,13.9,5.4,10.4,0.0,851.5,0.0,100,,0.0,,3,chuk_rwanda
2022-04-02 02:00:00,14.2,98,13.9,4.1,10.4,0.0,850.9,0.0,91,,0.0,,3,chuk_rwanda
2022-04-02 03:00:00,14.0,97,13.6,4.6,10.1,0.0,850.6,0.0,88,,0.0,,3,chuk_rwanda
2022-04-02 04:00:00,14.2,95,13.4,5.1,9.4,0.0,850.9,0.0,94,,0.0,,3,chuk_rwanda
2022-04-02 05:00:00,14.2,95,13.4,3.7,8.6,0.0,851.3,0.0,82,,0.0,,3,chuk_rwanda
2022-04-02 06:00:00,13.6,96,12.9,5.1,7.9,0.0,851.9,0.0,95,,0.0,,3,chuk_rwanda
2022-04-02 07:00:00,15.7,91,14.3,2.9,9.0,0.0,854.1,70.0,99,,0.03,,3,chuk_rwanda
2022-04-02 08:00:00,18.0,88,15.9,2.8,11.9,0.0,855.8,280.0,97,,0.16,,3,chuk_rwanda
2022-04-02 09:00:00,20.5,78,16.5,5.9,18.7,0.0,856.9,530.0,98,,0.33,,3,chuk_rwanda
2022-04-02 10:00:00,22.0,69,16.0,5.4,19.4,0.0,857.2,734.0,95,,0.48,,3,chuk_rwanda
2022-04-02 11:00:00,23.9,61,15.8,6.1,23.4,0.0,856.7,943.0,48,,0.64,,1,chuk_rwanda
2022-04-02 12:00:00,25.2,56,15.8,7.1,24.5,0.0,855.8,1031.0,40,,0.72,,1,chuk_rwanda
2022-04-02 13:00:00,26.0,55,16.3,7.8,24.8,0.0,854.7,971.0,21,,0.69,,1,chuk_rwanda
2022-04-02 14:00:00,23.1,64,15.9,4.6,24.5,0.0,853.6,776.0,100,,0.53,,3,chuk_rwanda
2022-04-02 15:00:00,24.5,56,15.3,7.2,24.8,0.3,853.0,691.0,100,,0.49,,51,chuk_rwanda
2022-04-02 16:00:00,24.6,54,14.6,7.1,19.8,0.0,852.2,540.0,72,,0.38,,2,chuk_rwanda
2022-04-02 17:00:00,24.2,54,14.3,7.2,18.4,0.0,852.2,318.0,75,,0.23,,2,chuk_rwanda
2022-04-02 18:00:00,21.9,73,16.9,4.0,16.6,0.0,851.6,93.0,84,,0.06,,3,chuk_rwanda
2022-04-02 19:00:00,21.8,64,14.6,0.8,7.6,0.0,852.4,0.0,35,,0.02,,1,chuk_rwanda
2022-04-02 20:00:00,19.6,75,15.1,4.0,7.9,0.0,852.4,0.0,2,,0.0,,0,chuk_rwanda
2022-04-02 21:00:00,17.6,86,15.2,2.8,8.3,0.0,852.4,0.0,3,,0.0,,0,chuk_rwanda
2022-04-02 22:00:00,16.6,91,15.1,2.5,5.8,0.0,852.8,0.0,54,,0.0,,2,chuk_rwanda
2022-04-02 23:00:00,16.2,91,14.9,3.5,6.1,0.0,852.9,0.0,89,,0.0,,3,chuk_rwanda
2022-04-03 00:00:00,15.6,93,14.4,4.8,8.6,0.0,852.3,0.0,91,,0.0,,3,chuk_rwanda
2022-04-03 01:00:00,15.1,93,14.0,4.7,9.4,0.0,851.7,0.0,87,,0.0,,3,chuk_rwanda
2022-04-03 02:00:00,14.8,93,13.7,4.7,11.9,0.0,851.3,0.0,88,,0.0,,3,chuk_rwanda
2022-04-03 03:00:00,15.1,92,13.8,6.6,11.2,0.0,851.1,0.0,99,,0.0,,3,chuk_rwanda
2022-04-03 04:00:00,15.2,91,13.8,6.4,11.5,0.0,851.2,0.0,33,,0.0,,1,chuk_rwanda
2022-04-03 05:00:00,15.1,92,13.7,6.2,10.8,0.0,851.3,0.0,9,,0.0,,0,chuk_rwanda
2022-04-03 06:00:00,14.7,93,13.6,5.5,10.4,0.0,851.7,0.0,19,,0.0,,0,chuk_rwanda
2022-04-03 07:00:00,16.5,88,14.5,5.1,10.8,0.0,853.3,73.0,74,,0.03,,2,chuk_rwanda
2022-04-03 08:00:00,20.1,75,15.6,2.3,10.4,0.0,855.8,299.0,88,,0.18,,3,chuk_rwanda
2022-04-03 09:00:00,21.9,68,15.7,5.2,23.0,0.0,856.6,538.0,18,,0.35,,0,chuk_rwanda
2022-04-03 10:00:00,23.4,61,15.4,5.8,25.6,0.0,857.1,764.0,30,,0.52,,1,chuk_rwanda
2022-04-03 11:00:00,24.8,57,15.6,7.3,26.3,0.0,856.5,900.0,30,,0.62,,1,chuk_rwanda
2022-04-03 12:00:00,25.1,57,16.0,9.8,28.8,0.0,855.8,901.0,63,,0.63,,2,chuk_rwanda
2022-04-03 13:00:00,26.0,53,15.7,10.4,27.7,0.0,854.5,787.0,100,,0.58,,3,chuk_rwanda
2022-04-03 14:00:00,26.0,48,13.9,9.8,30.6,0.0,854.1,812.0,100,,0.59,,3,chuk_rwanda
2022-04-03 15:00:00,26.3,42,12.5,11.5,28.4,0.0,853.0,704.0,23,,0.53,,1,chuk_rwanda
2022-04-03 16:00:00,25.8,44,12.6,11.9,29.2,0.0,852.4,517.0,25,,0.4,,1,chuk_rwanda
2022-04-03 17:00:00,24.6,49,13.2,7.9,27.7,0.0,852.4,277.0,29,,0.22,,1,chuk_rwanda
2022-04-03 18:00:00,22.5,69,16.5,5.1,18.0,0.0,851.6,83.0,14,,0.06,,0,chuk_rwanda
2022-04-03 19:00:00,21.2,69,15.3,5.1,9.7,0.0,851.6,0.0,22,,0.04,,1,chuk_rwanda
2022-04-03 20:00:00,19.9,68,13.8,4.6,9.7,0.0,852.0,0.0,23,,0.0,,1,chuk_rwanda
2022-04-03 21:00:00,17.9,76,13.6,4.7,10.8,0.0,851.9,0.0,71,,0.0,,2,chuk_rwanda
2022-04-03 22:00:00,16.4,82,13.2,6.3,13.0,0.0,851.9,0.0,88,,0.0,,3,chuk_rwanda
2022-04-03 23:00:00,15.4,85,12.8,6.5,13.7,0.0,851.9,0.0,96,,0.0,,3,chuk_rwanda
2022-04-04 00:00:00,14.1,90,12.5,6.5,13.0,0.0,850.9,0.0,100,,0.0,,3,chuk_rwanda
2022-04-04 01:00:00,13.2,94,12.2,8.0,15.1,0.0,850.0,0.0,98,,0.0,,3,chuk_rwanda
2022-04-04 02:00:00,13.6,88,11.6,7.7,14.8,0.0,850.4,0.0,95,,0.0,,3,chuk_rwanda
2022-04-04 03:00:00,13.9,87,11.7,7.8,15.5,0.0,850.6,0.0,100,,0.0,,3,chuk_rwanda
2022-04-04 04:00:00,13.9,86,11.6,8.1,14.8,0.0,850.7,0.0,100,,0.0,,3,chuk_rwanda
2022-04-04 05:00:00,13.5,86,11.2,8.1,14.8,0.0,850.6,0.0,97,,0.0,,3,chuk_rwanda
2022-04-04 06:00:00,13.1,88,11.1,6.6,13.7,0.0,851.0,0.0,98,,0.0,,3,chuk_rwanda
2022-04-04 07:00:00,14.9,84,12.1,6.0,11.9,0.0,853.3,75.0,96,,0.03,,3,chuk_rwanda
2022-04-04 08:00:00,19.4,71,14.0,3.2,11.9,0.0,856.3,313.0,99,,0.18,,3,chuk_rwanda
2022-04-04 09:00:00,22.7,51,12.1,3.6,13.7,0.0,857.8,571.0,98,,0.38,,3,chuk_rwanda
2022-04-04 10:00:00,24.8,41,10.6,2.5,14.0,0.0,858.3,768.0,93,,0.53,,3,chuk_rwanda
2022-04-04 11:00:00,26.2,40,11.6,7.5,20.9,0.0,857.9,944.0,96,,0.68,,3,chuk_rwanda
2022-04-04 12:00:00,26.7,40,11.9,9.2,24.5,0.0,856.7,803.0,100,,0.61,,3,chuk_rwanda
2022-04-04 13:00:00,27.2,39,12.2,9.0,25.2,0.0,855.8,885.0,95,,0.66,,3,chuk_rwanda
2022-04-04 14:00:00,26.9,44,13.6,6.9,24.1,0.0,855.0,928.0,96,,0.67,,3,chuk_rwanda
2022-04-04 15:00:00,26.7,45,13.6,5.6,20.5,0.0,854.2,689.0,10,,0.51,,0,chuk_rwanda
2022-04-04 16:00:00,26.6,45,13.8,5.4,16.9,0.0,853.4,517.0,42,,0.38,,1,chuk_rwanda
2022-04-04 17:00:00,25.8,49,14.1,5.4,15.5,0.0,853.1,273.0,38,,0.21,,1,chuk_rwanda
2022-04-04 18:00:00,23.2,61,15.2,4.8,13.7,0.0,852.7,79.0,52,,0.06,,2,chuk_rwanda
2022-04-04 19:00:00,21.9,68,15.7,3.6,10.4,0.0,853.1,0.0,86,,0.03,,3,chuk_rwanda
2022-04-04 20:00:00,20.4,74,15.6,2.9,8.6,0.0,853.4,0.0,39,,0.0,,1,chuk_rwanda
2022-04-04 21:00:00,19.3,73,14.2,5.6,10.1,0.0,853.6,0.0,34,,0.01,,1,chuk_rwanda
2022-04-04 22:00:00,18.0,80,14.5,5.5,12.2,0.0,853.9,0.0,83,,0.0,,3,chuk_rwanda
2022-04-04 23:00:00,16.9,86,14.6,4.8,9.4,0.0,854.1,0.0,96,,0.0,,3,chuk_rwanda
2022-04-05 00:00:00,16.7,88,14.6,3.9,7.9,0.0,854.0,0.0,51,,0.0,,2,chuk_rwanda
2022-04-05 01:00:00,16.2,88,14.3,3.3,7.9,0.0,853.1,0.0,97,,0.0,,3,chuk_rwanda
2022-04-05 02:00:00,15.1,92,13.8,7.5,6.5,0.0,852.6,0.0,100,,0.0,,3,chuk_rwanda
2022-04-05 03:00:00,15.5,90,13.8,3.1,12.2,0.0,852.9,0.0,55,,0.0,,2,chuk_rwanda
2022-04-05 04:00:00,15.1,90,13.5,5.2,8.6,0.0,852.6,0.0,53,,0.0,,2,chuk_rwanda
2022-04-05 05:00:00,14.6,91,13.2,6.8,11.9,0.0,852.3,0.0,86,,0.0,,3,chuk_rwanda
2022-04-05 06:00:00,14.4,91,13.0,6.8,12.6,0.0,852.9,0.0,98,,0.0,,3,chuk_rwanda
2022-04-05 07:00:00,16.4,85,13.8,7.2,14.4,0.0,854.7,74.0,100,,0.04,,3,chuk_rwanda
2022-04-05 08:00:00,20.5,71,15.0,3.8,14.0,0.0,857.1,312.0,100,,0.19,,3,chuk_rwanda
2022-04-05 09:00:00,22.8,62,15.2,3.8,14.4,0.0,857.7,568.0,90,,0.37,,3,chuk_rwanda
2022-04-05 10:00:00,24.4,57,15.2,5.2,22.7,0.0,858.0,787.0,20,,0.54,,1,chuk_rwanda
2022-04-05 11:00:00,25.4,49,13.9,7.8,24.5,0.1,857.8,880.0,26,,0.62,,51,chuk_rwanda
2022-04-05 12:00:00,26.2,47,14.1,8.5,24.5,0.0,857.0,939.0,20,,0.68,,1,chuk_rwanda
2022-04-05 13:00:00,27.1,46,14.6,8.5,24.8,0.0,856.0,977.0,22,,0.71,,1,chuk_rwanda
2022-04-05 14:00:00,26.6,47,14.5,9.5,24.5,0.0,854.9,868.0,18,,0.63,,0,chuk_rwanda
2022-04-05 15:00:00,26.8,46,14.4,8.2,25.6,0.0,854.0,705.0,96,,0.52,,3,chuk_rwanda
2022-04-05 16:00:00,26.0,47,13.9,10.9,24.8,0.0,853.7,428.0,70,,0.35,,2,chuk_rwanda
2022-04-05 17:00:00,24.5,54,14.4,6.2,25.9,0.1,853.5,236.0,33,,0.19,,51,chuk_rwanda
2022-04-05 18:00:00,22.4,65,15.4,6.4,14.4,0.0,853.1,87.0,22,,0.07,,1,chuk_rwanda
2022-04-05 19:00:00,20.5,80,16.9,4.2,13.0,0.0,852.9,0.0,99,,0.02,,3,chuk_rwanda
2022-04-05 20:00:00,19.7,76,15.4,4.3,9.0,0.0,853.3,0.0,7,,0.0,,0,chuk_rwanda
2022-04-05 21:00:00,18.8,80,15.1,5.0,8.6,0.0,853.5,0.0,3,,0.0,,0,chuk_rwanda
2022-04-05 22:00:00,18.1,82,14.9,6.9,12.2,0.0,853.8,0.0,20,,0.0,,1,chuk_rwanda
2022-04-05 23:00:00,17.6,83,14.8,6.8,13.0,0.0,853.7,0.0,1,,0.0,,0,chuk_rwanda
2022-04-06 00:00:00,16.9,87,14.6,7.2,12.6,0.0,853.0,0.0,3,,0.0,,0,chuk_rwanda
2022-04-06 01:00:00,16.2,89,14.4,6.6,13.0,0.0,852.7,0.0,4,,0.0,,0,chuk_rwanda
2022-04-06 02:00:00,15.3,93,14.1,4.3,14.8,0.0,852.2,0.0,0,,0.0,,0,chuk_rwanda
2022-04-06 03:00:00,15.3,92,14.1,5.6,9.7,0.0,851.9,0.0,100,,0.0,,3,chuk_rwanda
2022-04-06 04:00:00,15.1,92,13.8,5.5,10.1,0.0,851.9,0.0,100,,0.0,,3,chuk_rwanda
2022-04-06 05:00:00,14.7,93,13.6,6.6,11.9,0.0,851.7,0.0,100,,0.0,,3,chuk_rwanda
2022-04-06 06:00:00,14.5,93,13.4,6.8,13.0,0.0,851.7,0.0,98,,0.0,,3,chuk_rwanda
2022-04-06 07:00:00,16.8,85,14.1,6.5,13.7,0.0,853.4,76.0,2,,0.04,,0,chuk_rwanda
2022-04-06 08:00:00,21.0,71,15.5,4.2,13.0,0.0,856.1,316.0,31,,0.19,,1,chuk_rwanda
2022-04-06 09:00:00,23.3,61,15.4,4.6,15.5,0.0,857.4,566.0,84,,0.38,,3,chuk_rwanda
2022-04-06 10:00:00,24.6,56,15.3,5.8,22.3,0.0,857.8,779.0,8,,0.54,,0,chuk_rwanda
2022-04-06 11:00:00,25.8,51,14.8,8.7,25.9,0.0,857.0,927.0,10,,0.65,,0,chuk_rwanda
2022-04-06 12:00:00,26.7,48,14.9,10.0,28.1,0.0,856.0,1007.0,72,,0.72,,2,chuk_rwanda
2022-04-06 13:00:00,26.0,47,14.0,11.4,29.9,0.0,854.7,662.0,100,,0.51,,3,chuk_rwanda
2022-04-06 14:00:00,26.1,47,13.8,13.0,27.7,0.4,854.4,395.0,100,,0.36,,51,chuk_rwanda
2022-04-06 15:00:00,24.1,59,15.6,10.6,32.0,1.2,853.8,602.0,100,,0.43,,55,chuk_rwanda
2022-04-06 16:00:00,23.9,59,15.4,7.9,26.3,0.1,853.2,435.0,100,,0.31,,51,chuk_rwanda
2022-04-06 17:00:00,24.1,57,15.1,5.2,19.1,0.0,853.2,288.0,100,,0.2,,3,chuk_rwanda
2022-04-06 18:00:00,22.1,69,16.2,4.1,13.3,0.0,852.8,71.0,100,,0.05,,3,chuk_rwanda
2022-04-06 19:00:00,20.8,78,16.9,4.0,8.6,0.0,853.0,0.0,100,,0.02,,3,chuk_rwanda
2022-04-06 20:00:00,20.2,82,17.1,3.6,6.8,0.0,853.5,0.0,100,,0.0,,3,chuk_rwanda
2022-04-06 21:00:00,19.2,83,16.2,3.6,6.8,0.0,853.9,0.0,98,,0.0,,3,chuk_rwanda
2022-04-06 22:00:00,18.5,85,15.9,5.9,9.4,0.0,854.0,0.0,98,,0.0,,3,chuk_rwanda
2022-04-06 23:00:00,17.5,88,15.5,7.1,13.0,0.0,853.4,0.0,47,,0.0,,1,chuk_rwanda
2022-04-07 00:00:00,16.7,89,14.9,7.3,13.3,0.0,853.2,0.0,44,,0.0,,1,chuk_rwanda
2022-04-07 01:00:00,16.1,90,14.5,7.5,13.7,0.0,852.6,0.0,82,,0.0,,3,chuk_rwanda
2022-04-07 02:00:00,15.5,93,14.4,5.6,14.0,0.0,852.2,0.0,100,,0.0,,3,chuk_rwanda
2022-04-07 03:00:00,15.8,92,14.4,7.1,12.6,0.0,852.1,0.0,100,,0.0,,3,chuk_rwanda
2022-04-07 04:00:00,15.9,89,14.2,7.1,14.4,0.0,852.2,0.0,100,,0.0,,3,chuk_rwanda
2022-04-07 05:00:00,15.7,90,14.1,5.0,13.3,0.0,852.5,0.0,100,,0.0,,3,chuk_rwanda
2022-04-07 06:00:00,15.1,92,13.9,4.5,8.6,0.0,852.9,0.0,100,,0.0,,3,chuk_rwanda
2022-04-07 07:00:00,16.5,88,14.6,5.3,11.2,0.0,854.3,68.0,100,,0.03,,3,chuk_rwanda
2022-04-07 08:00:00,20.0,75,15.3,2.2,10.8,0.0,856.6,252.0,100,,0.16,,3,chuk_rwanda
2022-04-07 09:00:00,21.2,69,15.2,3.6,16.2,0.2,857.6,414.0,100,,0.28,,51,chuk_rwanda
2022-04-07 10:00:00,22.7,64,15.5,4.6,18.4,0.0,858.1,642.0,100,,0.44,,3,chuk_rwanda
2022-04-07 11:00:00,24.2,59,15.6,4.0,22.7,0.0,857.7,806.0,100,,0.56,,3,chuk_rwanda
2022-04-07 12:00:00,25.8,53,15.6,9.0,25.6,0.0,857.0,959.0,100,,0.68,,3,chuk_rwanda
2022-04-07 13:00:00,23.0,65,16.1,11.4,25.9,1.1,855.2,325.0,100,,0.26,,55,chuk_rwanda
2022-04-07 14:00:00,20.1,80,16.5,9.1,27.4,0.2,854.4,405.0,100,,0.27,,51,chuk_rwanda
2022-04-07 15:00:00,21.4,75,16.6,3.6,19.1,0.1,854.3,265.0,100,,0.2,,51,chuk_rwanda
2022-04-07 16:00:00,21.1,71,15.7,5.1,14.4,1.0,853.9,266.0,100,,0.19,,55,chuk_rwanda
2022-04-07 17:00:00,20.5,75,16.0,3.2,13.7,0.5,853.8,137.0,100,,0.1,,53,chuk_rwanda
2022-04-07 18:00:00,19.2,85,16.8,3.1,7.9,0.1,853.4,47.0,100,,0.03,,51,chuk_rwanda
2022-04-07 19:00:00,18.8,88,16.8,4.0,8.3,0.0,853.9,0.0,100,,0.02,,3,chuk_rwanda
2022-04-07 20:00:00,18.2,93,17.0,3.7,7.9,0.0,854.8,0.0,100,,0.0,,3,chuk_rwanda
2022-04-07 21:00:00,17.9,94,17.0,4.3,9.0,0.0,855.1,0.0,100,,0.0,,3,chuk_rwanda
2022-04-07 22:00:00,17.0,97,16.4,5.2,9.4,0.0,854.9,0.0,93,,0.0,,3,chuk_rwanda
2022-04-07 23:00:00,16.7,97,16.1,4.3,8.6,0.0,854.9,0.0,91,,0.0,,3,chuk_rwanda
2022-04-08 00:00:00,16.6,96,16.0,4.6,7.9,0.0,854.2,0.0,89,,0.0,,3,chuk_rwanda
2022-04-08 01:00:00,16.0,96,15.4,5.2,8.6,0.0,853.4,0.0,82,,0.0,,3,chuk_rwanda
2022-04-08 02:00:00,16.6,94,15.8,4.1,10.1,0.0,853.1,0.0,85,,0.0,,3,chuk_rwanda
2022-04-08 03:00:00,16.0,95,15.1,4.4,10.8,0.0,852.3,0.0,100,,0.0,,3,chuk_rwanda
2022-04-08 04:00:00,15.1,95,14.3,5.4,10.1,0.0,851.8,0.0,100,,0.0,,3,chuk_rwanda
2022-04-08 05:00:00,14.7,94,13.8,4.9,10.4,0.0,852.0,0.0,99,,0.0,,3,chuk_rwanda
2022-04-08 06:00:00,14.2,94,13.4,4.7,10.4,0.0,852.0,0.0,100,,0.0,,3,chuk_rwanda
2022-04-08 07:00:00,16.1,89,14.4,7.1,13.7,0.0,853.3,60.0,100,,0.03,,3,chuk_rwanda
2022-04-08 08:00:00,19.4,82,16.2,3.4,14.8,0.0,855.5,252.0,100,,0.15,,3,chuk_rwanda
2022-04-08 09:00:00,22.4,63,14.9,3.1,12.6,0.0,857.4,478.0,99,,0.32,,3,chuk_rwanda
2022-04-08 10:00:00,24.2,56,14.9,4.5,22.7,0.0,858.1,717.0,99,,0.5,,3,chuk_rwanda
2022-04-08 11:00:00,25.5,49,14.1,6.9,24.1,0.0,857.6,817.0,24,,0.59,,1,chuk_rwanda
2022-04-08 12:00:00,25.7,48,14.0,9.7,25.9,0.0,857.2,915.0,59,,0.65,,2,chuk_rwanda
2022-04-08 13:00:00,25.1,49,13.6,9.8,26.3,0.0,856.0,745.0,61,,0.55,,2,chuk_rwanda
2022-04-08 14:00:00,21.8,70,16.0,10.5,25.6,0.0,854.9,769.0,39,,0.49,,1,chuk_rwanda
2022-04-08 15:00:00,19.2,85,16.7,8.0,33.1,4.8,853.9,353.0,100,,0.23,,63,chuk_rwanda
2022-04-08 16:00:00,19.3,85,16.7,3.7,19.4,1.4,853.6,90.0,96,,0.08,,61,chuk_rwanda
2022-04-08 17:00:00,19.8,83,16.9,3.2,11.5,0.0,853.5,140.0,98,,0.1,,3,chuk_rwanda
2022-04-08 18:00:00,18.4,91,17.0,4.2,9.4,0.0,853.1,65.0,91,,0.03,,3,chuk_rwanda
2022-04-08 19:00:00,17.9,90,16.3,5.4,8.6,0.0,853.2,0.0,26,,0.02,,1,chuk_rwanda
2022-04-08 20:00:00,17.1,92,15.9,5.7,7.9,0.0,853.5,0.0,4,,0.0,,0,chuk_rwanda
2022-04-08 21:00:00,16.3,94,15.4,4.8,8.3,0.0,853.7,0.0,19,,0.0,,0,chuk_rwanda
2022-04-08 22:00:00,15.3,97,14.9,6.7,8.3,0.0,853.6,0.0,26,,0.0,,1,chuk_rwanda
2022-04-08 23:00:00,14.1,99,13.9,7.0,9.4,0.0,852.6,0.0,1,,0.0,,0,chuk_rwanda
2022-04-09 00:00:00,13.6,98,13.3,5.0,9.7,0.0,851.9,0.0,1,,0.0,,0,chuk_rwanda
2022-04-09 01:00:00,13.3,97,12.9,5.2,9.4,0.0,851.1,0.0,8,,0.0,,0,chuk_rwanda
2022-04-09 02:00:00,14.7,93,13.6,6.1,10.1,0.0,851.4,0.0,22,,0.0,,1,chuk_rwanda
2022-04-09 03:00:00,13.9,94,13.1,5.3,11.9,0.0,850.8,0.0,79,,0.0,,2,chuk_rwanda
2022-04-09 04:00:00,14.4,93,13.4,5.6,10.8,0.0,850.7,0.0,92,,0.0,,3,chuk_rwanda
2022-04-09 05:00:00,13.1,95,12.4,6.9,10.8,0.0,850.3,0.0,92,,0.0,,3,chuk_rwanda
2022-04-09 06:00:00,12.9,96,12.3,5.8,10.4,0.0,850.4,0.0,26,,0.0,,1,chuk_rwanda
2022-04-09 07:00:00,15.3,92,13.9,4.9,10.4,0.0,852.3,79.0,37,,0.03,,1,chuk_rwanda
2022-04-09 08:00:00,18.9,80,15.4,2.2,11.2,0.0,854.9,300.0,62,,0.17,,2,chuk_rwanda
2022-04-09 09:00:00,21.3,70,15.6,4.7,17.3,0.0,856.1,569.0,0,,0.36,,0,chuk_rwanda
2022-04-09 10:00:00,23.1,62,15.4,6.4,20.2,0.0,856.4,788.0,48,,0.53,,1,chuk_rwanda
2022-04-09 11:00:00,24.4,53,14.2,11.2,29.5,0.0,855.9,858.0,50,,0.59,,2,chuk_rwanda
2022-04-09 12:00:00,25.6,50,14.3,10.2,32.0,0.0,855.0,958.0,6,,0.68,,0,chuk_rwanda
2022-04-09 13:00:00,26.6,48,14.6,8.9,29.5,0.0,854.0,984.0,12,,0.71,,0,chuk_rwanda
2022-04-09 14:00:00,26.7,44,13.6,8.2,25.6,0.0,853.1,900.0,30,,0.65,,1,chuk_rwanda
2022-04-09 15:00:00,27.0,42,13.2,8.8,23.0,0.0,852.5,698.0,21,,0.53,,1,chuk_rwanda
2022-04-09 16:00:00,26.2,44,12.9,11.4,25.9,0.0,852.0,503.0,25,,0.4,,1,chuk_rwanda
2022-04-09 17:00:00,25.0,48,13.2,8.4,26.3,0.0,851.9,282.0,38,,0.23,,1,chuk_rwanda
2022-04-09 18:00:00,22.7,59,14.1,6.2,19.1,0.0,851.5,74.0,18,,0.07,,0,chuk_rwanda
2022-04-09 19:00:00,21.1,64,14.0,5.4,13.0,0.0,851.4,0.0,7,,0.04,,0,chuk_rwanda
2022-04-09 20:00:00,19.8,68,13.6,4.7,11.2,0.0,851.3,0.0,12,,0.01,,0,chuk_rwanda
2022-04-09 21:00:00,18.0,74,13.4,5.4,11.5,0.0,851.1,0.0,92,,0.0,,3,chuk_rwanda
2022-04-09 22:00:00,16.4,82,13.3,6.0,11.9,0.0,850.8,0.0,86,,0.0,,3,chuk_rwanda
2022-04-09 23:00:00,14.9,89,13.2,6.6,12.2,0.0,850.1,0.0,90,,0.0,,3,chuk_rwanda
2022-04-10 00:00:00,14.3,92,13.1,6.1,12.2,0.0,849.7,0.0,87,,0.0,,3,chuk_rwanda
2022-04-10 01:00:00,14.1,92,12.9,5.5,11.2,0.0,849.4,0.0,95,,0.0,,3,chuk_rwanda
2022-04-10 02:00:00,14.3,88,12.4,5.2,13.0,0.0,849.5,0.0,62,,0.0,,2,chuk_rwanda
2022-04-10 03:00:00,14.9,84,12.4,7.8,14.8,0.0,849.7,0.0,100,,0.0,,3,chuk_rwanda
2022-04-10 04:00:00,15.0,83,12.1,8.2,14.4,0.0,849.7,0.0,100,,0.0,,3,chuk_rwanda
2022-04-10 05:00:00,14.6,84,11.9,7.1,15.1,0.0,849.7,0.0,99,,0.0,,3,chuk_rwanda
2022-04-10 06:00:00,14.0,89,12.2,3.2,11.5,0.0,850.8,0.0,77,,0.0,,2,chuk_rwanda
2022-04-10 07:00:00,15.7,83,12.8,3.3,9.4,0.0,853.1,77.0,99,,0.03,,3,chuk_rwanda
2022-04-10 08:00:00,19.0,72,13.9,3.2,11.2,0.0,855.1,250.0,58,,0.15,,2,chuk_rwanda
2022-04-10 09:00:00,22.4,60,14.2,2.7,12.6,0.0,856.6,556.0,59,,0.36,,2,chuk_rwanda
2022-04-10 10:00:00,24.0,52,13.6,8.2,22.7,0.0,856.8,769.0,24,,0.53,,1,chuk_rwanda
2022-04-10 11:00:00,24.9,47,12.6,9.4,27.0,0.0,856.2,892.0,38,,0.63,,1,chuk_rwanda
2022-04-10 12:00:00,25.9,43,12.2,8.7,26.3,0.1,855.2,959.0,24,,0.69,,51,chuk_rwanda
2022-04-10 13:00:00,26.4,42,12.4,8.7,25.6,0.0,854.2,886.0,14,,0.65,,0,chuk_rwanda
2022-04-10 14:00:00,27.0,41,12.6,8.8,24.8,0.0,852.9,853.0,20,,0.63,,1,chuk_rwanda
2022-04-10 15:00:00,27.3,39,12.0,11.8,28.8,0.0,852.2,692.0,22,,0.54,,1,chuk_rwanda
2022-04-10 16:00:00,26.5,39,11.5,13.0,31.0,0.0,851.4,493.0,100,,0.41,,3,chuk_rwanda
2022-04-10 17:00:00,25.5,44,12.4,9.5,29.5,0.0,852.2,307.0,100,,0.25,,3,chuk_rwanda
2022-04-10 18:00:00,22.9,58,14.2,5.4,21.6,0.0,851.7,60.0,100,,0.06,,3,chuk_rwanda
2022-04-10 19:00:00,21.7,62,14.1,4.9,11.9,0.0,851.6,0.0,100,,0.01,,3,chuk_rwanda
2022-04-10 20:00:00,20.5,66,13.9,6.4,13.7,0.0,851.9,0.0,100,,0.02,,3,chuk_rwanda
2022-04-10 21:00:00,20.0,67,13.8,6.9,15.5,0.0,852.4,0.0,100,,0.02,,3,chuk_rwanda
2022-04-10 22:00:00,19.4,69,13.6,5.0,15.5,0.0,852.7,0.0,100,,0.01,,3,chuk_rwanda
2022-04-10 23:00:00,18.2,74,13.6,1.6,11.9,0.0,852.6,0.0,100,,0.0,,3,chuk_rwanda
2022-04-11 00:00:00,17.4,77,13.2,4.5,8.6,0.0,852.3,0.0,100,,0.0,,3,chuk_rwanda
2022-04-11 01:00:00,16.8,79,13.1,5.4,9.4,0.0,851.6,0.0,100,,0.0,,3,chuk_rwanda
2022-04-11 02:00:00,16.1,82,13.1,5.4,10.1,0.0,851.0,0.0,100,,0.0,,3,chuk_rwanda
2022-04-11 03:00:00,17.0,78,13.1,2.8,9.7,0.0,851.6,0.0,100,,0.0,,3,chuk_rwanda
2022-04-11 04:00:00,16.5,79,12.8,3.8,8.3,0.0,851.6,0.0,100,,0.0,,3,chuk_rwanda
2022-04-11 05:00:00,16.5,79,12.8,5.1,8.6,0.0,852.0,0.0,100,,0.0,,3,chuk_rwanda
2022-04-11 06:00:00,16.8,80,13.2,2.8,8.6,0.0,852.7,0.0,100,,0.0,,3,chuk_rwanda
2022-04-11 07:00:00,17.7,77,13.6,4.1,8.3,0.0,854.1,41.0,100,,0.04,,3,chuk_rwanda
2022-04-11 08:00:00,20.1,66,13.6,3.1,10.4,0.0,855.7,207.0,100,,0.14,,3,chuk_rwanda
2022-04-11 09:00:00,21.7,59,13.4,4.7,15.5,0.0,856.8,415.0,100,,0.28,,3,chuk_rwanda
2022-04-11 10:00:00,22.8,56,13.4,7.9,21.6,0.0,857.0,617.0,100,,0.43,,3,chuk_rwanda
2022-04-11 11:00:00,23.8,52,13.2,9.0,24.1,0.1,856.7,731.0,100,,0.51,,51,chuk_rwanda
2022-04-11 12:00:00,24.6,48,12.9,9.1,27.4,0.0,855.8,764.0,100,,0.55,,3,chuk_rwanda
2022-04-11 13:00:00,24.7,47,12.7,9.4,24.8,0.0,854.9,546.0,100,,0.43,,3,chuk_rwanda
2022-04-11 14:00:00,25.5,45,12.6,8.2,23.4,0.0,854.3,419.0,100,,0.35,,3,chuk_rwanda
2022-04-11 15:00:00,25.7,43,12.1,9.2,22.0,0.0,853.5,463.0,100,,0.38,,3,chuk_rwanda
2022-04-11 16:00:00,25.6,43,12.1,8.7,22.7,0.0,852.9,352.0,100,,0.3,,3,chuk_rwanda
2022-04-11 17:00:00,24.8,48,13.0,6.2,20.5,0.0,852.5,219.0,100,,0.18,,3,chuk_rwanda
2022-04-11 18:00:00,22.4,62,14.9,4.7,14.4,0.0,852.2,64.0,100,,0.06,,3,chuk_rwanda
2022-04-11 19:00:00,23.4,48,11.8,3.3,9.7,0.0,853.3,0.0,100,,0.01,,3,chuk_rwanda
2022-04-11 20:00:00,21.0,66,14.4,2.9,6.5,0.0,852.9,0.0,100,,0.0,,3,chuk_rwanda
2022-04-11 21:00:00,19.9,68,13.9,2.6,7.2,0.0,853.1,0.0,91,,0.0,,3,chuk_rwanda
2022-04-11 22:00:00,18.4,71,12.9,3.8,8.3,0.0,852.8,0.0,38,,0.0,,1,chuk_rwanda
2022-04-11 23:00:00,16.5,78,12.6,4.5,8.6,0.0,851.3,0.0,2,,0.0,,0,chuk_rwanda
2022-04-12 00:00:00,15.5,82,12.4,6.6,12.2,0.0,850.5,0.0,4,,0.0,,0,chuk_rwanda
2022-04-12 01:00:00,15.5,79,11.9,8.4,16.2,0.0,849.8,0.0,100,,0.01,,3,chuk_rwanda
2022-04-12 02:00:00,14.1,91,12.6,4.8,14.8,0.0,850.0,0.0,100,,0.0,,3,chuk_rwanda
2022-04-12 03:00:00,14.9,85,12.4,4.7,8.3,0.0,850.5,0.0,40,,0.0,,1,chuk_rwanda
2022-04-12 04:00:00,15.1,82,12.1,5.9,9.4,0.0,851.1,0.0,42,,0.0,,1,chuk_rwanda
2022-04-12 05:00:00,15.2,80,11.9,5.9,9.7,0.0,851.7,0.0,99,,0.0,,3,chuk_rwanda
2022-04-12 06:00:00,15.5,78,11.8,6.1,11.5,0.0,852.3,0.0,100,,0.0,,3,chuk_rwanda
2022-04-12 07:00:00,16.8,77,12.7,5.4,9.7,0.0,853.6,57.0,100,,0.04,,3,chuk_rwanda
2022-04-12 08:00:00,20.0,67,13.8,3.0,10.4,0.0,855.9,246.0,100,,0.16,,3,chuk_rwanda
2022-04-12 09:00:00,21.7,60,13.6,4.1,14.4,0.0,856.6,434.0,10,,0.29,,0,chuk_rwanda
2022-04-12 10:00:00,23.5,55,13.9,7.1,21.6,0.0,856.9,792.0,91,,0.53,,3,chuk_rwanda
2022-04-12 11:00:00,24.6,50,13.5,10.4,27.4,0.0,856.5,881.0,74,,0.61,,2,chuk_rwanda
2022-04-12 12:00:00,25.7,47,13.6,11.0,29.9,0.0,855.6,978.0,18,,0.69,,0,chuk_rwanda
2022-04-12 13:00:00,26.0,46,13.6,9.4,29.5,0.0,854.6,926.0,14,,0.67,,0,chuk_rwanda
2022-04-12 14:00:00,26.0,44,12.7,8.9,25.6,0.0,853.8,882.0,19,,0.64,,0,chuk_rwanda
2022-04-12 15:00:00,26.2,43,12.8,8.6,24.5,0.0,852.7,637.0,17,,0.48,,0,chuk_rwanda
2022-04-12 16:00:00,25.9,44,12.6,9.2,23.0,0.0,851.9,499.0,25,,0.38,,1,chuk_rwanda
2022-04-12 17:00:00,25.1,47,13.1,6.0,22.0,0.0,851.6,288.0,22,,0.22,,1,chuk_rwanda
2022-04-12 18:00:00,22.6,67,16.3,4.7,13.3,0.0,850.6,74.0,8,,0.05,,0,chuk_rwanda
2022-04-12 19:00:00,21.5,67,15.2,4.4,8.6,0.0,850.5,0.0,13,,0.01,,0,chuk_rwanda
2022-04-12 20:00:00,21.5,60,13.4,0.4,6.1,0.0,851.6,0.0,39,,0.0,,1,chuk_rwanda
2022-04-12 21:00:00,19.7,69,13.9,3.6,7.9,0.0,852.1,0.0,82,,0.0,,3,chuk_rwanda
2022-04-12 22:00:00,19.0,72,13.8,3.0,7.9,0.0,852.4,0.0,27,,0.0,,1,chuk_rwanda
2022-04-12 23:00:00,17.9,76,13.6,2.5,7.2,0.0,852.3,0.0,17,,0.0,,0,chuk_rwanda
2022-04-13 00:00:00,16.9,77,12.7,4.7,9.4,0.0,851.5,0.0,14,,0.0,,0,chuk_rwanda
2022-04-13 01:00:00,15.2,85,12.6,7.0,12.6,0.0,850.0,0.0,1,,0.0,,0,chuk_rwanda
2022-04-13 02:00:00,14.7,87,12.6,8.6,13.7,0.0,848.8,0.0,0,,0.0,,0,chuk_rwanda
2022-04-13 03:00:00,14.8,86,12.5,4.6,14.8,0.0,848.5,0.0,0,,0.0,,0,chuk_rwanda
2022-04-13 04:00:00,14.3,88,12.3,6.8,11.2,0.0,848.3,0.0,0,,0.0,,0,chuk_rwanda
2022-04-13 05:00:00,14.3,87,12.1,7.1,11.9,0.0,848.8,0.0,0,,0.0,,0,chuk_rwanda
2022-04-13 06:00:00,14.2,86,11.9,6.9,12.2,0.0,849.3,0.0,2,,0.0,,0,chuk_rwanda
2022-04-13 07:00:00,16.8,78,12.9,6.3,13.3,0.0,851.3,83.0,16,,0.04,,0,chuk_rwanda
2022-04-13 08:00:00,21.2,65,14.3,1.9,11.9,0.0,854.0,323.0,3,,0.2,,0,chuk_rwanda
2022-04-13 09:00:00,23.0,57,14.2,7.3,19.1,0.0,855.1,568.0,18,,0.38,,0,chuk_rwanda
2022-04-13 10:00:00,23.9,55,14.4,10.2,27.0,0.0,855.4,716.0,49,,0.49,,1,chuk_rwanda
2022-04-13 11:00:00,25.0,52,14.6,9.8,29.2,0.0,854.9,847.0,17,,0.6,,0,chuk_rwanda
2022-04-13 12:00:00,26.2,51,15.2,9.7,28.1,0.0,853.9,976.0,12,,0.69,,0,chuk_rwanda
2022-04-13 13:00:00,26.8,49,15.2,9.7,27.4,0.0,852.9,910.0,21,,0.66,,1,chuk_rwanda
2022-04-13 14:00:00,26.5,49,14.9,9.3,25.9,0.0,852.1,852.0,47,,0.62,,1,chuk_rwanda
2022-04-13 15:00:00,26.1,49,14.7,10.0,25.9,0.0,851.2,678.0,38,,0.5,,1,chuk_rwanda
2022-04-13 16:00:00,26.0,49,14.5,10.1,25.2,0.0,850.5,482.0,25,,0.37,,1,chuk_rwanda
2022-04-13 17:00:00,25.0,51,14.1,9.0,24.5,0.0,850.4,295.0,21,,0.23,,1,chuk_rwanda
2022-04-13 18:00:00,22.9,61,14.9,6.3,20.5,0.0,850.1,75.0,58,,0.07,,2,chuk_rwanda
2022-04-13 19:00:00,21.4,77,17.2,3.6,15.5,0.0,850.7,0.0,56,,0.0,,2,chuk_rwanda
2022-04-13 20:00:00,20.0,74,15.4,6.7,13.0,0.0,851.3,0.0,56,,0.01,,2,chuk_rwanda
2022-04-13 21:00:00,19.3,79,15.6,4.4,13.0,0.0,851.8,0.0,95,,0.0,,3,chuk_rwanda
2022-04-13 22:00:00,18.5,86,16.1,3.9,7.9,0.0,852.0,0.0,95,,0.0,,3,chuk_rwanda
2022-04-13 23:00:00,18.2,85,15.7,4.1,7.2,0.0,852.0,0.0,100,,0.0,,3,chuk_rwanda
2022-04-14 00:00:00,17.4,89,15.6,4.3,7.6,0.0,851.3,0.0,100,,0.0,,3,chuk_rwanda
2022-04-14 01:00:00,16.5,92,15.2,6.1,10.4,0.0,850.5,0.0,100,,0.0,,3,chuk_rwanda
2022-04-14 02:00:00,15.6,94,14.8,5.3,12.2,0.0,848.6,0.0,100,,0.0,,3,chuk_rwanda
2022-04-14 03:00:00,15.4,94,14.4,5.5,10.8,0.0,848.2,0.0,66,,0.0,,2,chuk_rwanda
2022-04-14 04:00:00,14.8,96,14.1,5.5,10.8,0.0,848.2,0.0,28,,0.0,,1,chuk_rwanda
2022-04-14 05:00:00,14.6,96,13.9,6.3,12.6,0.0,848.5,0.0,100,,0.0,,3,chuk_rwanda
2022-04-14 06:00:00,14.3,96,13.7,4.8,12.2,0.0,848.7,0.0,100,,0.0,,3,chuk_rwanda
2022-04-14 07:00:00,16.7,89,14.9,3.0,11.2,0.0,850.6,78.0,100,,0.03,,3,chuk_rwanda
2022-04-14 08:00:00,20.1,77,16.0,2.2,10.8,0.0,853.2,309.0,100,,0.18,,3,chuk_rwanda
2022-04-14 09:00:00,22.5,68,16.2,4.4,15.5,0.0,854.6,565.0,94,,0.37,,3,chuk_rwanda
2022-04-14 10:00:00,24.2,60,16.0,5.5,24.1,0.0,854.8,765.0,100,,0.52,,3,chuk_rwanda
2022-04-14 11:00:00,25.6,54,15.6,7.5,28.1,0.0,854.4,911.0,100,,0.64,,3,chuk_rwanda
2022-04-14 12:00:00,26.5,52,15.9,9.0,28.4,0.1,853.1,883.0,100,,0.64,,51,chuk_rwanda
2022-04-14 13:00:00,26.6,49,15.1,10.7,26.6,0.0,851.8,662.0,100,,0.51,,3,chuk_rwanda
2022-04-14 14:00:00,26.9,48,14.9,11.0,31.7,0.7,851.4,506.0,74,,0.42,,53,chuk_rwanda
2022-04-14 15:00:00,26.1,49,14.4,10.0,27.0,0.0,850.4,408.0,100,,0.34,,3,chuk_rwanda
2022-04-14 16:00:00,23.8,60,15.4,12.5,31.0,0.3,850.6,388.0,75,,0.3,,51,chuk_rwanda
2022-04-14 17:00:00,23.7,62,15.9,8.1,28.8,0.0,851.1,281.0,28,,0.2,,1,chuk_rwanda
2022-04-14 18:00:00,21.1,78,17.1,3.9,20.2,0.7,851.0,66.0,70,,0.04,,53,chuk_rwanda
2022-04-14 19:00:00,19.8,84,17.0,1.6,11.2,0.0,852.0,0.0,100,,0.0,,3,chuk_rwanda
2022-04-14 20:00:00,18.5,87,16.4,10.8,22.7,0.2,852.7,0.0,100,,0.0,,51,chuk_rwanda
2022-04-14 21:00:00,18.0,88,16.0,7.2,23.0,0.0,853.4,0.0,100,,0.0,,3,chuk_rwanda
2022-04-14 22:00:00,17.2,92,15.9,6.2,15.1,0.0,853.2,0.0,100,,0.0,,3,chuk_rwanda
2022-04-14 23:00:00,17.0,92,15.8,5.9,13.3,0.0,853.2,0.0,100,,0.0,,3,chuk_rwanda
2022-04-15 00:00:00,16.9,92,15.6,6.6,14.8,0.0,852.6,0.0,100,,0.0,,3,chuk_rwanda
2022-04-15 01:00:00,16.4,93,15.2,5.6,14.0,0.0,851.6,0.0,100,,0.0,,3,chuk_rwanda
2022-04-15 02:00:00,16.4,93,15.2,3.0,11.9,0.0,852.3,0.0,100,,0.0,,3,chuk_rwanda
2022-04-15 03:00:00,15.6,96,15.0,3.5,10.1,0.0,851.4,0.0,100,,0.0,,3,chuk_rwanda
2022-04-15 04:00:00,15.2,97,14.7,4.9,8.3,0.0,851.4,0.0,100,,0.0,,3,chuk_rwanda
2022-04-15 05:00:00,14.6,97,14.1,6.7,9.0,0.0,851.3,0.0,100,,0.0,,3,chuk_rwanda
2022-04-15 06:00:00,15.3,96,14.6,4.8,10.1,0.0,851.8,0.0,93,,0.0,,3,chuk_rwanda
2022-04-15 07:00:00,16.8,93,15.6,5.4,13.0,0.1,853.1,73.0,89,,0.03,,51,chuk_rwanda
2022-04-15 08:00:00,18.9,85,16.2,2.5,12.2,0.0,854.9,248.0,100,,0.15,,3,chuk_rwanda
2022-04-15 09:00:00,20.7,75,16.1,4.7,15.1,0.1,856.0,413.0,100,,0.27,,51,chuk_rwanda
2022-04-15 10:00:00,20.7,77,16.5,6.1,21.2,0.4,856.2,365.0,100,,0.25,,51,chuk_rwanda
2022-04-15 11:00:00,20.5,80,17.0,6.1,26.3,0.2,855.5,539.0,100,,0.35,,51,chuk_rwanda
2022-04-15 12:00:00,22.7,71,17.1,3.4,25.9,0.1,854.9,542.0,100,,0.38,,51,chuk_rwanda
2022-04-15 13:00:00,24.8,58,16.0,6.0,21.2,0.2,854.1,657.0,100,,0.48,,51,chuk_rwanda
2022-04-15 14:00:00,19.7,83,16.7,7.8,31.3,5.3,853.0,270.0,100,,0.19,,63,chuk_rwanda
2022-04-15 15:00:00,20.1,83,17.1,2.9,15.8,0.4,852.8,174.0,100,,0.13,,51,chuk_rwanda
2022-04-15 16:00:00,20.1,84,17.3,5.9,14.4,0.0,852.5,148.0,100,,0.11,,3,chuk_rwanda
2022-04-15 17:00:00,20.0,83,17.1,2.9,16.2,0.0,852.7,134.0,100,,0.09,,3,chuk_rwanda
2022-04-15 18:00:00,19.0,90,17.3,3.1,7.9,0.1,852.6,32.0,100,,0.03,,51,chuk_rwanda
2022-04-15 19:00:00,17.9,94,16.9,4.6,9.4,0.0,852.8,0.0,100,,0.0,,3,chuk_rwanda
2022-04-15 20:00:00,16.6,96,16.0,5.8,9.7,0.0,852.9,0.0,100,,0.0,,3,chuk_rwanda
2022-04-15 21:00:00,16.1,97,15.7,5.6,9.4,0.0,853.2,0.0,87,,0.0,,3,chuk_rwanda
2022-04-15 22:00:00,15.7,98,15.4,5.4,8.3,0.0,853.5,0.0,86,,0.0,,3,chuk_rwanda
2022-04-15 23:00:00,15.2,98,15.0,4.3,7.9,0.0,853.2,0.0,91,,0.0,,3,chuk_rwanda
2022-04-16 00:00:00,14.9,98,14.6,4.7,7.6,0.0,852.8,0.0,100,,0.0,,3,chuk_rwanda
2022-04-16 01:00:00,15.4,97,14.9,3.8,7.6,0.0,852.2,0.0,100,,0.0,,3,chuk_rwanda
2022-04-16 02:00:00,15.2,97,14.7,5.1,7.9,0.0,852.3,0.0,100,,0.0,,3,chuk_rwanda
2022-04-16 03:00:00,15.1,96,14.5,5.4,11.9,0.0,851.7,0.0,100,,0.0,,3,chuk_rwanda
2022-04-16 04:00:00,14.8,96,14.1,5.2,11.5,0.0,851.6,0.0,100,,0.0,,3,chuk_rwanda
2022-04-16 05:00:00,14.9,95,14.1,5.6,11.2,0.0,852.0,0.0,100,,0.0,,3,chuk_rwanda
2022-04-16 06:00:00,15.8,92,14.4,5.9,13.0,0.0,852.8,0.0,100,,0.0,,3,chuk_rwanda
2022-04-16 07:00:00,16.7,90,15.1,5.6,11.5,0.0,853.6,54.0,100,,0.03,,3,chuk_rwanda
2022-04-16 08:00:00,19.7,81,16.4,1.3,11.5,0.0,855.9,319.0,100,,0.19,,3,chuk_rwanda
2022-04-16 09:00:00,22.1,69,16.2,3.9,22.7,0.0,857.4,566.0,100,,0.37,,3,chuk_rwanda
2022-04-16 10:00:00,23.6,63,16.1,7.4,26.3,0.0,857.8,758.0,100,,0.51,,3,chuk_rwanda
2022-04-16 11:00:00,24.5,57,15.4,11.0,29.9,0.1,857.7,859.0,100,,0.59,,51,chuk_rwanda
2022-04-16 12:00:00,25.2,55,15.6,11.8,29.9,0.1,856.6,890.0,100,,0.62,,51,chuk_rwanda
2022-04-16 13:00:00,24.0,59,15.4,11.7,33.5,0.1,855.3,751.0,100,,0.52,,51,chuk_rwanda
2022-04-16 14:00:00,21.4,72,16.1,7.6,29.9,0.1,854.5,531.0,100,,0.36,,51,chuk_rwanda
2022-04-16 15:00:00,22.5,68,16.2,7.7,22.0,0.0,853.8,531.0,100,,0.36,,3,chuk_rwanda
2022-04-16 16:00:00,22.0,71,16.5,5.2,20.5,0.1,853.4,332.0,100,,0.23,,51,chuk_rwanda
2022-04-16 17:00:00,21.9,71,16.5,1.4,14.4,0.0,853.2,187.0,100,,0.13,,3,chuk_rwanda
2022-04-16 18:00:00,20.5,80,16.8,4.8,7.9,0.0,853.4,51.0,100,,0.04,,3,chuk_rwanda
2022-04-16 19:00:00,18.2,89,16.3,1.5,12.6,0.1,853.3,0.0,100,,0.0,,51,chuk_rwanda
2022-04-16 20:00:00,17.5,89,15.7,4.1,12.6,0.1,853.6,0.0,100,,0.0,,51,chuk_rwanda
2022-04-16 21:00:00,17.2,91,15.7,4.3,8.3,0.0,854.6,0.0,100,,0.0,,3,chuk_rwanda
2022-04-16 22:00:00,17.2,91,15.8,4.2,13.7,0.0,855.2,0.0,100,,0.0,,3,chuk_rwanda
2022-04-16 23:00:00,15.9,96,15.4,5.1,9.4,0.0,854.6,0.0,100,,0.0,,3,chuk_rwanda
2022-04-17 00:00:00,16.7,93,15.6,3.1,8.3,0.0,854.5,0.0,100,,0.0,,3,chuk_rwanda
2022-04-17 01:00:00,15.4,97,14.9,3.8,5.4,0.0,853.6,0.0,100,,0.0,,3,chuk_rwanda
2022-04-17 02:00:00,16.0,94,15.1,5.1,6.5,0.0,853.0,0.0,100,,0.0,,3,chuk_rwanda
2022-04-17 03:00:00,16.0,93,14.9,3.8,7.9,0.0,852.5,0.0,100,,0.0,,3,chuk_rwanda
2022-04-17 04:00:00,15.2,96,14.5,5.6,8.6,0.0,852.0,0.0,100,,0.0,,3,chuk_rwanda
2022-04-17 05:00:00,15.9,93,14.8,3.2,8.3,0.0,852.7,0.0,100,,0.0,,3,chuk_rwanda
2022-04-17 06:00:00,14.8,97,14.3,2.8,6.1,0.0,853.1,0.0,100,,0.0,,3,chuk_rwanda
2022-04-17 07:00:00,16.6,92,15.2,3.3,8.6,0.0,854.6,60.0,100,,0.03,,3,chuk_rwanda
2022-04-17 08:00:00,19.2,82,16.0,2.4,11.2,0.0,856.1,304.0,100,,0.18,,3,chuk_rwanda
2022-04-17 09:00:00,21.1,72,15.9,7.6,23.4,0.0,857.1,501.0,100,,0.32,,3,chuk_rwanda
2022-04-17 10:00:00,22.2,70,16.5,7.1,24.1,0.0,857.4,615.0,100,,0.41,,3,chuk_rwanda
2022-04-17 11:00:00,23.5,65,16.7,7.6,25.6,0.1,857.2,812.0,100,,0.55,,51,chuk_rwanda
2022-04-17 12:00:00,24.2,60,16.0,8.7,24.5,0.0,855.9,546.0,100,,0.4,,3,chuk_rwanda
2022-04-17 13:00:00,22.0,72,16.7,11.1,32.4,0.6,854.4,526.0,100,,0.36,,53,chuk_rwanda
2022-04-17 14:00:00,25.1,55,15.3,9.8,26.3,0.1,854.6,696.0,88,,0.5,,51,chuk_rwanda
2022-04-17 15:00:00,25.1,53,14.9,10.7,25.9,0.0,853.4,655.0,98,,0.47,,3,chuk_rwanda
2022-04-17 16:00:00,24.0,56,14.6,11.2,26.6,0.1,852.7,484.0,97,,0.35,,51,chuk_rwanda
2022-04-17 17:00:00,23.1,62,15.5,7.2,25.6,0.0,852.8,259.0,73,,0.19,,2,chuk_rwanda
2022-04-17 18:00:00,22.2,65,15.4,2.0,16.6,0.0,852.9,69.0,32,,0.04,,1,chuk_rwanda
2022-04-17 19:00:00,20.0,77,15.9,5.2,8.6,0.0,853.1,0.0,91,,0.0,,3,chuk_rwanda
2022-04-17 20:00:00,18.0,91,16.5,2.8,22.0,1.6,853.7,0.0,97,,0.0,,61,chuk_rwanda
2022-04-17 21:00:00,17.8,94,16.9,1.6,6.8,0.0,854.1,0.0,49,,0.0,,1,chuk_rwanda
2022-04-17 22:00:00,16.6,97,16.1,2.6,4.7,0.0,853.7,0.0,34,,0.0,,1,chuk_rwanda
2022-04-17 23:00:00,15.9,97,15.4,6.2,8.6,0.0,853.3,0.0,22,,0.0,,1,chuk_rwanda
2022-04-18 00:00:00,15.9,97,15.4,5.6,9.0,0.0,853.0,0.0,23,,0.0,,1,chuk_rwanda
2022-04-18 01:00:00,15.9,96,15.2,5.7,9.0,0.0,852.4,0.0,56,,0.0,,2,chuk_rwanda
2022-04-18 02:00:00,15.6,97,15.1,4.3,8.6,0.0,851.9,0.0,99,,0.0,,3,chuk_rwanda
2022-04-18 03:00:00,15.1,96,14.6,5.1,8.6,0.0,851.3,0.0,99,,0.0,,3,chuk_rwanda
2022-04-18 04:00:00,14.6,97,14.0,7.4,8.6,0.0,851.4,0.0,97,,0.0,,3,chuk_rwanda
2022-04-18 05:00:00,14.2,96,13.6,7.6,9.0,0.0,851.2,0.0,99,,0.0,,3,chuk_rwanda
2022-04-18 06:00:00,14.1,96,13.5,7.9,9.4,0.0,851.6,0.0,93,,0.0,,3,chuk_rwanda
2022-04-18 07:00:00,17.0,89,15.2,5.5,10.8,0.0,853.5,82.0,97,,0.03,,3,chuk_rwanda
2022-04-18 08:00:00,20.1,78,16.2,3.2,11.9,0.0,855.7,284.0,39,,0.17,,1,chuk_rwanda
2022-04-18 09:00:00,21.9,68,15.7,7.6,19.1,0.1,856.7,516.0,45,,0.34,,51,chuk_rwanda
2022-04-18 10:00:00,22.9,62,15.3,12.5,29.9,0.2,856.8,682.0,83,,0.45,,51,chuk_rwanda
2022-04-18 11:00:00,24.2,61,16.2,9.7,31.3,0.1,856.6,840.0,69,,0.57,,51,chuk_rwanda
2022-04-18 12:00:00,25.0,60,16.6,9.4,28.4,0.1,855.7,894.0,100,,0.62,,51,chuk_rwanda
2022-04-18 13:00:00,25.0,58,16.2,10.1,27.0,0.1,854.2,684.0,100,,0.5,,51,chuk_rwanda
2022-04-18 14:00:00,24.4,59,15.8,5.6,25.2,2.4,853.8,292.0,89,,0.24,,61,chuk_rwanda
2022-04-18 15:00:00,25.0,56,15.8,4.7,18.7,0.0,852.9,618.0,96,,0.44,,3,chuk_rwanda
2022-04-18 16:00:00,25.2,55,15.5,5.4,16.2,0.0,852.1,453.0,100,,0.33,,3,chuk_rwanda
2022-04-18 17:00:00,24.5,57,15.4,6.0,16.6,0.0,852.1,282.0,57,,0.2,,2,chuk_rwanda
2022-04-18 18:00:00,22.4,77,18.0,4.1,14.4,0.0,852.2,58.0,54,,0.04,,2,chuk_rwanda
2022-04-18 19:00:00,20.6,74,15.8,2.7,6.8,0.1,852.5,0.0,86,,0.0,,51,chuk_rwanda
2022-04-18 20:00:00,19.1,87,17.0,2.9,16.2,1.6,853.4,0.0,54,,0.0,,61,chuk_rwanda
2022-04-18 21:00:00,19.4,84,16.7,0.5,7.2,0.1,854.3,0.0,66,,0.0,,51,chuk_rwanda
2022-04-18 22:00:00,18.1,90,16.5,3.8,7.2,0.3,854.2,0.0,78,,0.0,,51,chuk_rwanda
2022-04-18 23:00:00,17.6,94,16.6,4.7,15.5,0.9,854.8,0.0,99,,0.0,,53,chuk_rwanda
2022-04-19 00:00:00,17.4,97,16.9,4.6,17.6,0.3,855.1,0.0,92,,0.0,,51,chuk_rwanda
2022-04-19 01:00:00,17.0,97,16.5,6.3,13.3,0.1,854.1,0.0,59,,0.0,,51,chuk_rwanda
2022-04-19 02:00:00,16.0,96,15.4,4.8,13.0,0.0,853.1,0.0,31,,0.0,,1,chuk_rwanda
2022-04-19 03:00:00,16.1,94,15.2,6.1,11.9,0.0,852.8,0.0,23,,0.0,,1,chuk_rwanda
2022-04-19 04:00:00,16.1,94,15.1,5.9,15.8,0.0,852.7,0.0,27,,0.0,,1,chuk_rwanda
2022-04-19 05:00:00,15.2,95,14.4,5.4,11.5,0.0,852.3,0.0,6,,0.0,,0,chuk_rwanda
2022-04-19 06:00:00,15.1,95,14.4,5.4,10.4,0.0,852.3,0.0,8,,0.0,,0,chuk_rwanda
2022-04-19 07:00:00,17.2,89,15.4,5.8,13.0,0.0,854.1,83.0,57,,0.04,,2,chuk_rwanda
2022-04-19 08:00:00,20.3,79,16.5,1.1,11.9,0.0,856.1,318.0,53,,0.19,,2,chuk_rwanda
2022-04-19 09:00:00,22.3,68,16.0,5.0,15.8,0.0,857.2,559.0,52,,0.36,,2,chuk_rwanda
2022-04-19 10:00:00,23.3,63,15.9,8.7,25.2,0.0,857.5,699.0,23,,0.47,,1,chuk_rwanda
2022-04-19 11:00:00,24.4,60,16.2,7.2,25.6,0.0,857.3,823.0,13,,0.57,,0,chuk_rwanda
2022-04-19 12:00:00,26.0,56,16.5,9.6,26.3,0.0,856.5,974.0,100,,0.69,,3,chuk_rwanda
2022-04-19 13:00:00,26.5,51,15.6,10.2,27.0,0.0,854.8,759.0,100,,0.57,,3,chuk_rwanda
2022-04-19 14:00:00,25.8,53,15.5,9.2,35.6,1.8,853.7,318.0,93,,0.29,,61,chuk_rwanda
2022-04-19 15:00:00,25.1,53,14.8,9.5,22.3,0.0,852.7,260.0,89,,0.24,,3,chuk_rwanda
2022-04-19 16:00:00,24.4,57,15.4,10.1,23.8,0.1,852.1,288.0,72,,0.24,,51,chuk_rwanda
2022-04-19 17:00:00,24.1,58,15.4,6.6,23.0,0.0,852.5,265.0,84,,0.19,,3,chuk_rwanda
2022-04-19 18:00:00,22.5,67,16.1,5.5,14.8,0.0,852.6,63.0,100,,0.05,,3,chuk_rwanda
2022-04-19 19:00:00,20.6,80,17.0,4.1,11.5,0.0,852.6,0.0,100,,0.0,,3,chuk_rwanda
2022-04-19 20:00:00,20.3,81,16.9,0.8,7.9,0.0,853.0,0.0,99,,0.0,,3,chuk_rwanda
2022-04-19 21:00:00,18.6,85,16.1,6.6,16.9,1.3,853.8,0.0,98,,0.0,,61,chuk_rwanda
2022-04-19 22:00:00,18.0,90,16.3,9.3,18.7,2.7,854.3,0.0,100,,0.0,,63,chuk_rwanda
2022-04-19 23:00:00,17.4,92,16.0,6.1,19.1,0.0,854.1,0.0,100,,0.0,,3,chuk_rwanda
2022-04-20 00:00:00,16.8,95,15.9,4.4,15.8,0.0,853.3,0.0,100,,0.0,,3,chuk_rwanda
2022-04-20 01:00:00,16.5,95,15.7,4.3,9.4,0.0,853.0,0.0,100,,0.0,,3,chuk_rwanda
2022-04-20 02:00:00,16.6,95,15.8,5.5,10.4,0.0,853.0,0.0,100,,0.0,,3,chuk_rwanda
2022-04-20 03:00:00,16.2,95,15.4,5.0,11.9,0.0,852.5,0.0,100,,0.0,,3,chuk_rwanda
2022-04-20 04:00:00,15.6,96,15.0,4.3,11.2,0.0,852.1,0.0,100,,0.0,,3,chuk_rwanda
2022-04-20 05:00:00,16.2,95,15.4,0.7,9.4,0.0,852.6,0.0,100,,0.0,,3,chuk_rwanda
2022-04-20 06:00:00,15.0,98,14.6,3.7,7.6,0.0,852.3,0.0,100,,0.0,,3,chuk_rwanda
2022-04-20 07:00:00,16.8,93,15.6,6.2,13.3,0.0,853.7,62.0,100,,0.03,,3,chuk_rwanda
2022-04-20 08:00:00,19.4,85,16.9,2.6,13.0,0.0,856.0,270.0,100,,0.16,,3,chuk_rwanda
2022-04-20 09:00:00,19.9,81,16.5,4.5,20.5,0.2,857.0,441.0,100,,0.28,,51,chuk_rwanda
2022-04-20 10:00:00,20.0,80,16.4,7.3,26.3,0.6,856.9,449.0,100,,0.29,,53,chuk_rwanda
2022-04-20 11:00:00,20.9,74,16.0,4.7,25.2,0.2,856.6,556.0,100,,0.37,,51,chuk_rwanda
2022-04-20 12:00:00,21.6,70,16.0,1.3,16.2,0.2,855.8,315.0,100,,0.23,,51,chuk_rwanda
2022-04-20 13:00:00,20.9,77,16.6,9.8,22.3,3.3,854.8,372.0,100,,0.26,,63,chuk_rwanda
2022-04-20 14:00:00,18.1,89,16.2,2.5,27.4,1.4,854.2,362.0,100,,0.24,,61,chuk_rwanda
2022-04-20 15:00:00,19.7,82,16.5,1.4,15.8,0.2,853.8,342.0,100,,0.23,,51,chuk_rwanda
2022-04-20 16:00:00,20.3,75,15.8,2.5,11.2,0.1,853.9,294.0,100,,0.2,,51,chuk_rwanda
2022-04-20 17:00:00,20.0,75,15.6,1.1,9.7,0.0,853.7,153.0,100,,0.1,,3,chuk_rwanda
2022-04-20 18:00:00,18.8,84,16.0,4.1,8.6,0.0,853.4,31.0,100,,0.03,,3,chuk_rwanda
2022-04-20 19:00:00,18.0,90,16.5,4.6,8.6,0.0,853.1,0.0,100,,0.0,,3,chuk_rwanda
2022-04-20 20:00:00,17.5,92,16.2,4.3,7.6,0.0,853.5,0.0,100,,0.0,,3,chuk_rwanda
2022-04-20 21:00:00,17.1,95,16.2,4.6,7.9,0.0,854.1,0.0,92,,0.0,,3,chuk_rwanda
2022-04-20 22:00:00,16.4,97,15.8,3.8,7.6,0.0,854.0,0.0,91,,0.0,,3,chuk_rwanda
2022-04-20 23:00:00,15.8,97,15.2,3.9,6.8,0.0,853.5,0.0,83,,0.0,,3,chuk_rwanda
2022-04-21 00:00:00,15.1,98,14.9,2.7,5.8,0.0,852.8,0.0,100,,0.0,,3,chuk_rwanda
2022-04-21 01:00:00,15.6,97,15.1,3.4,6.8,0.0,852.6,0.0,98,,0.0,,3,chuk_rwanda
2022-04-21 02:00:00,14.8,95,14.1,5.5,8.6,0.0,851.2,0.0,99,,0.0,,3,chuk_rwanda
2022-04-21 03:00:00,15.3,93,14.1,4.2,9.0,0.0,851.2,0.0,100,,0.0,,3,chuk_rwanda
2022-04-21 04:00:00,15.6,93,14.4,4.5,9.4,0.0,851.5,0.0,100,,0.0,,3,chuk_rwanda
2022-04-21 05:00:00,15.8,91,14.3,3.1,5.8,0.0,851.9,0.0,100,,0.0,,3,chuk_rwanda
2022-04-21 06:00:00,15.2,93,14.1,3.9,6.8,0.0,851.9,0.0,73,,0.0,,2,chuk_rwanda
2022-04-21 07:00:00,17.1,87,14.9,3.6,8.3,0.0,853.8,59.0,100,,0.03,,3,chuk_rwanda
2022-04-21 08:00:00,20.3,72,15.0,1.8,9.0,0.0,855.7,292.0,100,,0.18,,3,chuk_rwanda
2022-04-21 09:00:00,22.4,64,15.1,1.5,16.9,0.0,856.7,552.0,100,,0.36,,3,chuk_rwanda
2022-04-21 10:00:00,23.8,59,15.3,6.0,21.2,0.0,857.1,757.0,100,,0.51,,3,chuk_rwanda
2022-04-21 11:00:00,24.7,57,15.5,8.0,23.4,0.0,856.8,870.0,100,,0.6,,3,chuk_rwanda
2022-04-21 12:00:00,25.2,55,15.6,6.7,23.0,0.2,855.8,936.0,100,,0.66,,51,chuk_rwanda
2022-04-21 13:00:00,25.3,53,15.1,5.8,21.2,0.2,854.7,842.0,100,,0.6,,51,chuk_rwanda
2022-04-21 14:00:00,24.4,55,14.7,6.2,22.3,0.3,854.1,867.0,35,,0.6,,51,chuk_rwanda
2022-04-21 15:00:00,24.5,54,14.6,4.1,19.8,0.0,853.3,588.0,80,,0.42,,3,chuk_rwanda
2022-04-21 16:00:00,24.5,54,14.5,5.4,14.4,0.0,852.9,457.0,80,,0.33,,3,chuk_rwanda
2022-04-21 17:00:00,22.4,64,15.1,9.0,21.6,0.0,853.0,265.0,100,,0.19,,3,chuk_rwanda
2022-04-21 18:00:00,20.2,76,15.8,2.4,19.4,0.2,853.0,50.0,100,,0.03,,51,chuk_rwanda
2022-04-21 19:00:00,18.7,89,16.9,7.2,15.8,0.6,852.9,0.0,100,,0.0,,53,chuk_rwanda
2022-04-21 20:00:00,17.9,95,17.0,6.6,13.7,0.1,853.5,0.0,100,,0.0,,51,chuk_rwanda
2022-04-21 21:00:00,17.8,92,16.5,6.3,16.6,0.0,854.8,0.0,100,,0.0,,3,chuk_rwanda
2022-04-21 22:00:00,17.4,93,16.1,4.3,13.7,0.1,854.8,0.0,100,,0.0,,51,chuk_rwanda
2022-04-21 23:00:00,17.2,93,16.1,7.6,18.4,0.5,854.9,0.0,100,,0.0,,53,chuk_rwanda
2022-04-22 00:00:00,17.0,94,16.0,6.8,14.4,0.1,854.0,0.0,100,,0.0,,51,chuk_rwanda
2022-04-22 01:00:00,16.5,95,15.7,5.2,13.7,0.0,853.2,0.0,100,,0.0,,3,chuk_rwanda
2022-04-22 02:00:00,16.2,91,14.9,4.8,11.5,0.0,852.4,0.0,100,,0.0,,3,chuk_rwanda
2022-04-22 03:00:00,16.1,92,14.8,5.2,10.1,0.0,852.1,0.0,99,,0.0,,3,chuk_rwanda
2022-04-22 04:00:00,15.7,93,14.6,5.2,9.7,0.0,851.8,0.0,99,,0.0,,3,chuk_rwanda
2022-04-22 05:00:00,15.4,93,14.3,4.7,9.7,0.0,852.0,0.0,100,,0.0,,3,chuk_rwanda
2022-04-22 06:00:00,15.0,94,14.1,4.8,8.6,0.0,852.1,0.0,100,,0.0,,3,chuk_rwanda
2022-04-22 07:00:00,16.7,89,14.8,3.6,10.1,0.0,853.9,70.0,100,,0.03,,3,chuk_rwanda
2022-04-22 08:00:00,19.8,75,15.2,0.8,9.0,0.0,855.9,289.0,100,,0.17,,3,chuk_rwanda
2022-04-22 09:00:00,21.5,70,15.9,3.6,17.3,0.0,856.7,539.0,100,,0.35,,3,chuk_rwanda
2022-04-22 10:00:00,22.9,66,16.3,6.2,20.5,0.1,856.9,718.0,100,,0.48,,51,chuk_rwanda
2022-04-22 11:00:00,23.2,63,15.8,7.9,20.9,0.1,856.1,510.0,100,,0.37,,51,chuk_rwanda
2022-04-22 12:00:00,22.1,69,16.2,3.9,21.6,2.6,854.6,355.0,100,,0.26,,63,chuk_rwanda
2022-04-22 13:00:00,23.7,65,16.7,11.1,26.6,0.1,854.4,767.0,100,,0.52,,51,chuk_rwanda
2022-04-22 14:00:00,22.8,69,16.7,7.9,31.3,2.6,853.9,586.0,100,,0.4,,63,chuk_rwanda
2022-04-22 15:00:00,23.5,67,17.0,4.3,21.2,0.1,852.9,653.0,65,,0.45,,51,chuk_rwanda
2022-04-22 16:00:00,23.8,63,16.5,5.9,17.3,0.0,852.5,512.0,34,,0.35,,1,chuk_rwanda
2022-04-22 17:00:00,23.1,64,15.9,3.7,17.3,0.1,852.4,290.0,55,,0.19,,51,chuk_rwanda
2022-04-22 18:00:00,20.1,80,16.6,5.2,10.8,0.2,852.2,65.0,58,,0.04,,51,chuk_rwanda
2022-04-22 19:00:00,19.0,87,16.9,5.4,14.4,0.0,852.5,0.0,36,,0.0,,1,chuk_rwanda
2022-04-22 20:00:00,18.4,88,16.4,4.9,10.8,0.0,852.6,0.0,34,,0.0,,1,chuk_rwanda
2022-04-22 21:00:00,17.3,93,16.1,4.7,9.4,0.0,852.7,0.0,57,,0.0,,2,chuk_rwanda
2022-04-22 22:00:00,16.9,95,16.0,4.1,7.9,0.0,853.0,0.0,20,,0.0,,1,chuk_rwanda
2022-04-22 23:00:00,16.6,96,15.9,4.0,8.3,0.0,852.7,0.0,47,,0.0,,1,chuk_rwanda
2022-04-23 00:00:00,16.1,97,15.6,4.0,7.9,0.0,852.0,0.0,40,,0.0,,1,chuk_rwanda
2022-04-23 01:00:00,16.1,95,15.4,5.2,10.1,0.0,851.6,0.0,97,,0.0,,3,chuk_rwanda
2022-04-23 02:00:00,16.0,94,15.1,6.0,10.4,0.0,851.3,0.0,100,,0.0,,3,chuk_rwanda
2022-04-23 03:00:00,16.5,92,15.1,5.6,12.6,0.0,851.2,0.0,100,,0.0,,3,chuk_rwanda
2022-04-23 04:00:00,15.9,94,14.9,5.4,11.2,0.1,851.3,0.0,100,,0.0,,51,chuk_rwanda
2022-04-23 05:00:00,16.2,93,15.1,5.6,12.6,0.0,851.7,0.0,100,,0.0,,3,chuk_rwanda
2022-04-23 06:00:00,15.9,95,15.1,4.0,11.9,0.0,851.9,0.0,100,,0.01,,3,chuk_rwanda
2022-04-23 07:00:00,17.0,92,15.7,2.3,7.9,0.0,853.3,61.0,100,,0.03,,3,chuk_rwanda
2022-04-23 08:00:00,19.0,86,16.6,0.8,8.3,0.0,855.0,211.0,100,,0.13,,3,chuk_rwanda
2022-04-23 09:00:00,21.2,75,16.6,0.7,13.7,0.0,856.3,492.0,100,,0.32,,3,chuk_rwanda
2022-04-23 10:00:00,23.0,67,16.6,4.1,19.4,0.0,856.4,678.0,100,,0.46,,3,chuk_rwanda
2022-04-23 11:00:00,24.6,62,16.9,4.8,20.9,0.0,856.0,840.0,100,,0.59,,3,chuk_rwanda
2022-04-23 12:00:00,25.6,57,16.5,6.8,21.6,0.1,855.2,927.0,82,,0.66,,51,chuk_rwanda
2022-04-23 13:00:00,26.4,51,15.4,7.3,22.0,0.0,853.7,804.0,100,,0.59,,3,chuk_rwanda
2022-04-23 14:00:00,27.2,46,14.5,8.7,21.2,0.0,853.4,533.0,84,,0.43,,3,chuk_rwanda
2022-04-23 15:00:00,26.6,47,14.3,7.6,23.0,0.0,852.1,658.0,88,,0.49,,3,chuk_rwanda
2022-04-23 16:00:00,25.5,50,14.1,7.4,19.8,0.2,851.5,378.0,36,,0.3,,51,chuk_rwanda
2022-04-23 17:00:00,24.8,54,14.8,4.8,16.9,0.0,851.5,251.0,37,,0.18,,1,chuk_rwanda
2022-04-23 18:00:00,23.0,67,16.6,4.1,10.8,0.0,851.6,53.0,72,,0.05,,2,chuk_rwanda
2022-04-23 19:00:00,20.5,76,16.1,5.2,11.2,1.2,852.5,0.0,82,,0.0,,55,chuk_rwanda
2022-04-23 20:00:00,18.6,91,17.1,6.6,13.7,1.3,853.1,0.0,98,,0.0,,61,chuk_rwanda
2022-04-23 21:00:00,18.1,91,16.6,2.7,16.2,0.6,853.9,0.0,94,,0.0,,53,chuk_rwanda
2022-04-23 22:00:00,17.8,95,17.0,4.1,9.4,1.2,854.8,0.0,100,,0.0,,55,chuk_rwanda
2022-04-23 23:00:00,17.7,95,17.0,2.2,8.6,2.6,854.6,0.0,100,,0.0,,63,chuk_rwanda
2022-04-24 00:00:00,17.4,97,16.9,0.8,5.8,0.3,854.2,0.0,100,,0.0,,51,chuk_rwanda
2022-04-24 01:00:00,17.0,98,16.6,3.9,9.0,2.4,853.7,0.0,100,,0.0,,61,chuk_rwanda
2022-04-24 02:00:00,16.3,95,15.6,4.2,8.6,0.2,852.8,0.0,100,,0.0,,51,chuk_rwanda
2022-04-24 03:00:00,16.2,97,15.7,4.0,10.8,0.4,852.5,0.0,100,,0.0,,51,chuk_rwanda
2022-04-24 04:00:00,16.2,97,15.7,3.1,9.7,0.2,852.6,0.0,100,,0.0,,51,chuk_rwanda
2022-04-24 05:00:00,16.2,97,15.8,1.8,7.2,0.2,852.8,0.0,100,,0.0,,51,chuk_rwanda
2022-04-24 06:00:00,16.4,97,15.9,1.8,4.7,0.2,853.2,0.0,100,,0.01,,51,chuk_rwanda
2022-04-24 07:00:00,16.6,96,16.0,1.8,6.1,0.1,853.8,30.0,100,,0.02,,51,chuk_rwanda
2022-04-24 08:00:00,17.5,93,16.4,2.1,8.3,0.0,854.6,113.0,100,,0.08,,3,chuk_rwanda
2022-04-24 09:00:00,19.8,82,16.5,3.0,13.7,0.0,855.7,415.0,100,,0.26,,3,chuk_rwanda
2022-04-24 10:00:00,22.0,73,17.0,4.1,19.4,0.0,856.5,758.0,100,,0.5,,3,chuk_rwanda
2022-04-24 11:00:00,23.0,68,16.9,7.2,22.7,0.0,856.1,742.0,100,,0.5,,3,chuk_rwanda
2022-04-24 12:00:00,24.1,63,16.5,7.4,23.0,0.0,855.0,843.0,100,,0.58,,3,chuk_rwanda
2022-04-24 13:00:00,24.8,59,16.1,7.2,22.7,0.0,853.8,870.0,100,,0.61,,3,chuk_rwanda
2022-04-24 14:00:00,23.1,57,14.1,7.9,21.2,0.0,853.5,646.0,100,,0.45,,3,chuk_rwanda
2022-04-24 15:00:00,23.8,53,13.8,4.1,21.6,0.0,852.4,631.0,100,,0.44,,3,chuk_rwanda
2022-04-24 16:00:00,23.9,53,13.8,3.1,14.0,0.0,852.1,494.0,100,,0.34,,3,chuk_rwanda
2022-04-24 17:00:00,23.1,57,14.1,4.0,11.5,0.0,852.1,253.0,100,,0.17,,3,chuk_rwanda
2022-04-24 18:00:00,20.9,69,15.1,5.4,10.8,0.0,851.9,52.0,100,,0.05,,3,chuk_rwanda
2022-04-24 19:00:00,19.8,73,14.9,5.2,11.2,0.0,852.3,0.0,100,,0.0,,3,chuk_rwanda
2022-04-24 20:00:00,19.0,76,14.6,4.8,9.7,0.0,852.9,0.0,97,,0.0,,3,chuk_rwanda
2022-04-24 21:00:00,18.4,81,14.9,3.3,9.4,0.0,853.6,0.0,98,,0.0,,3,chuk_rwanda
2022-04-24 22:00:00,18.0,80,14.5,1.8,6.5,0.0,853.7,0.0,93,,0.0,,3,chuk_rwanda
2022-04-24 23:00:00,17.5,79,13.9,5.6,7.9,0.0,853.3,0.0,97,,0.0,,3,chuk_rwanda
2022-04-25 00:00:00,16.4,85,13.9,6.2,11.2,0.0,852.5,0.0,94,,0.0,,3,chuk_rwanda
2022-04-25 01:00:00,15.9,88,13.9,4.4,11.2,0.0,851.9,0.0,100,,0.0,,3,chuk_rwanda
2022-04-25 02:00:00,15.1,90,13.4,6.1,7.2,0.0,851.0,0.0,100,,0.0,,3,chuk_rwanda
2022-04-25 03:00:00,15.3,89,13.4,5.7,11.9,0.0,851.2,0.0,97,,0.0,,3,chuk_rwanda
2022-04-25 04:00:00,15.4,88,13.4,4.9,9.7,0.0,851.1,0.0,86,,0.0,,3,chuk_rwanda
2022-04-25 05:00:00,15.1,89,13.2,4.3,9.0,0.0,851.4,0.0,71,,0.0,,2,chuk_rwanda
2022-04-25 06:00:00,14.8,89,13.1,4.0,8.3,0.0,851.7,0.0,100,,0.02,,3,chuk_rwanda
2022-04-25 07:00:00,16.8,85,14.2,4.0,9.4,0.0,853.4,77.0,100,,0.04,,3,chuk_rwanda
2022-04-25 08:00:00,19.7,74,14.9,2.7,10.8,0.0,855.0,268.0,100,,0.16,,3,chuk_rwanda
2022-04-25 09:00:00,21.5,70,15.8,4.3,18.0,0.0,856.1,530.0,99,,0.34,,3,chuk_rwanda
2022-04-25 10:00:00,23.1,66,16.4,5.9,21.2,0.0,856.6,723.0,100,,0.48,,3,chuk_rwanda
2022-04-25 11:00:00,24.0,63,16.5,7.1,22.3,0.0,856.1,762.0,100,,0.53,,3,chuk_rwanda
2022-04-25 12:00:00,25.0,60,16.6,7.5,22.7,0.0,855.0,904.0,100,,0.63,,3,chuk_rwanda
2022-04-25 13:00:00,25.6,58,16.7,6.3,22.7,0.0,853.3,861.0,100,,0.61,,3,chuk_rwanda
2022-04-25 14:00:00,25.5,55,15.9,8.0,21.6,0.8,853.2,819.0,85,,0.58,,53,chuk_rwanda
2022-04-25 15:00:00,20.8,79,16.9,11.6,28.4,3.6,851.8,321.0,100,,0.22,,63,chuk_rwanda
2022-04-25 16:00:00,20.1,87,17.8,4.8,25.9,0.6,851.4,133.0,100,,0.1,,53,chuk_rwanda
2022-04-25 17:00:00,20.0,86,17.6,7.0,16.6,0.3,851.6,177.0,100,,0.11,,51,chuk_rwanda
2022-04-25 18:00:00,18.4,94,17.5,4.3,16.2,0.0,851.4,63.0,100,,0.03,,3,chuk_rwanda
2022-04-25 19:00:00,17.7,94,16.8,5.4,8.6,0.0,851.9,0.0,100,,0.0,,3,chuk_rwanda
2022-04-25 20:00:00,18.0,92,16.6,5.4,8.3,0.0,853.1,0.0,82,,0.0,,3,chuk_rwanda
2022-04-25 21:00:00,16.8,95,16.0,6.3,8.3,0.0,853.0,0.0,68,,0.0,,2,chuk_rwanda
2022-04-25 22:00:00,16.3,96,15.7,4.9,9.7,0.0,852.7,0.0,85,,0.0,,3,chuk_rwanda
2022-04-25 23:00:00,15.6,97,15.2,4.7,9.4,0.0,852.6,0.0,98,,0.0,,3,chuk_rwanda
2022-04-26 00:00:00,15.4,97,15.0,4.3,9.0,0.0,852.0,0.0,97,,0.0,,3,chuk_rwanda
2022-04-26 01:00:00,15.2,97,14.8,4.6,10.1,0.0,851.4,0.0,91,,0.0,,3,chuk_rwanda
2022-04-26 02:00:00,15.6,91,14.2,5.1,9.7,0.0,851.5,0.0,92,,0.0,,3,chuk_rwanda
2022-04-26 03:00:00,15.4,93,14.2,4.5,10.4,0.0,851.3,0.0,99,,0.0,,3,chuk_rwanda
2022-04-26 04:00:00,15.2,94,14.3,3.7,6.8,0.0,851.4,0.0,96,,0.0,,3,chuk_rwanda
2022-04-26 05:00:00,14.7,96,14.0,4.0,7.9,0.0,851.4,0.0,100,,0.0,,3,chuk_rwanda
2022-04-26 06:00:00,14.1,97,13.6,3.6,7.9,0.0,851.6,0.0,100,,0.01,,3,chuk_rwanda
2022-04-26 07:00:00,16.5,91,15.1,4.2,10.8,0.0,853.5,76.0,99,,0.03,,3,chuk_rwanda
2022-04-26 08:00:00,19.6,77,15.4,0.7,10.4,0.0,855.5,312.0,51,,0.18,,2,chuk_rwanda
2022-04-26 09:00:00,21.4,71,15.9,1.8,13.7,0.0,856.4,528.0,54,,0.34,,2,chuk_rwanda
2022-04-26 10:00:00,22.9,67,16.5,4.4,16.2,0.0,856.5,700.0,54,,0.47,,2,chuk_rwanda
2022-04-26 11:00:00,23.6,65,16.6,5.1,18.7,0.1,856.0,813.0,42,,0.56,,51,chuk_rwanda
2022-04-26 12:00:00,24.4,60,16.2,6.9,20.2,0.1,854.7,738.0,24,,0.52,,51,chuk_rwanda
2022-04-26 13:00:00,24.5,60,16.4,8.0,23.8,0.4,853.6,818.0,52,,0.57,,51,chuk_rwanda
2022-04-26 14:00:00,23.8,60,15.5,9.3,23.4,0.1,852.5,755.0,89,,0.52,,51,chuk_rwanda
2022-04-26 15:00:00,24.1,59,15.6,8.6,24.1,0.0,851.9,532.0,96,,0.38,,3,chuk_rwanda
2022-04-26 16:00:00,23.0,66,16.2,5.6,22.3,1.4,851.4,435.0,99,,0.3,,61,chuk_rwanda
2022-04-26 17:00:00,22.5,68,16.3,4.4,16.9,0.2,851.5,179.0,95,,0.13,,51,chuk_rwanda
2022-04-26 18:00:00,19.9,84,17.1,2.5,13.7,3.3,851.6,51.0,99,,0.03,,63,chuk_rwanda
2022-04-26 19:00:00,18.3,91,16.8,9.4,24.8,1.0,852.2,0.0,92,,0.0,,55,chuk_rwanda
2022-04-26 20:00:00,17.7,95,16.9,4.1,17.6,0.0,853.0,0.0,97,,0.0,,3,chuk_rwanda
2022-04-26 21:00:00,17.8,95,17.0,4.3,10.4,0.0,853.9,0.0,98,,0.0,,3,chuk_rwanda
2022-04-26 22:00:00,17.3,95,16.5,3.8,7.6,0.0,854.1,0.0,86,,0.0,,3,chuk_rwanda
2022-04-26 23:00:00,16.8,96,16.0,4.3,10.1,0.0,854.1,0.0,87,,0.0,,3,chuk_rwanda
2022-04-27 00:00:00,15.9,97,15.4,4.9,10.4,0.0,853.1,0.0,99,,0.0,,3,chuk_rwanda
2022-04-27 01:00:00,15.6,97,15.1,5.0,9.4,0.0,852.2,0.0,99,,0.0,,3,chuk_rwanda
2022-04-27 02:00:00,15.4,100,15.4,3.0,7.9,0.0,851.9,0.0,97,,0.0,,3,chuk_rwanda
2022-04-27 03:00:00,15.4,100,15.4,3.4,9.4,0.0,851.8,0.0,100,,0.0,,3,chuk_rwanda
2022-04-27 04:00:00,15.4,100,15.4,3.6,9.7,0.0,852.1,0.0,100,,0.0,,3,chuk_rwanda
2022-04-27 05:00:00,14.9,100,14.9,3.5,9.7,0.0,852.2,0.0,100,,0.0,,3,chuk_rwanda
2022-04-27 06:00:00,14.6,100,14.6,4.7,11.2,0.0,852.5,0.0,100,,0.01,,3,chuk_rwanda
2022-04-27 07:00:00,15.2,97,14.8,4.8,12.6,0.0,853.4,55.0,100,,0.03,,3,chuk_rwanda
2022-04-27 08:00:00,17.2,90,15.6,2.9,13.7,0.0,855.0,234.0,100,,0.13,,3,chuk_rwanda
2022-04-27 09:00:00,20.2,80,16.6,2.3,13.3,0.0,856.3,520.0,94,,0.33,,3,chuk_rwanda
2022-04-27 10:00:00,22.0,72,16.7,4.9,22.0,0.0,856.4,746.0,33,,0.49,,1,chuk_rwanda
2022-04-27 11:00:00,23.3,63,15.9,5.5,22.7,0.0,856.2,839.0,100,,0.57,,3,chuk_rwanda
2022-04-27 12:00:00,24.8,56,15.4,6.7,23.8,0.0,855.2,958.0,68,,0.66,,2,chuk_rwanda
2022-04-27 13:00:00,25.5,53,15.1,7.9,23.8,0.1,853.8,970.0,78,,0.68,,51,chuk_rwanda
2022-04-27 14:00:00,24.0,59,15.6,8.0,26.6,0.3,853.3,830.0,49,,0.57,,51,chuk_rwanda
2022-04-27 15:00:00,24.8,56,15.5,7.7,23.4,0.0,852.3,672.0,19,,0.47,,0,chuk_rwanda
2022-04-27 16:00:00,24.9,55,15.2,8.1,22.7,0.0,852.1,472.0,30,,0.34,,1,chuk_rwanda
2022-04-27 17:00:00,22.7,62,15.1,10.8,25.2,0.1,852.1,269.0,53,,0.2,,51,chuk_rwanda
2022-04-27 18:00:00,20.9,74,16.1,5.8,23.4,0.0,852.2,54.0,44,,0.04,,1,chuk_rwanda
2022-04-27 19:00:00,19.9,81,16.5,4.0,11.9,0.0,852.5,0.0,19,,0.0,,0,chuk_rwanda
2022-04-27 20:00:00,19.9,77,15.8,3.9,9.4,0.0,853.8,0.0,29,,0.0,,1,chuk_rwanda
2022-04-27 21:00:00,18.4,87,16.1,2.3,8.3,0.0,853.6,0.0,55,,0.0,,2,chuk_rwanda
2022-04-27 22:00:00,16.3,93,15.1,7.7,37.1,3.4,854.7,0.0,100,,0.0,,63,chuk_rwanda
2022-04-27 23:00:00,16.8,92,15.4,6.6,14.0,0.1,854.8,0.0,80,,0.0,,51,chuk_rwanda
2022-04-28 00:00:00,16.9,93,15.8,4.4,15.1,0.0,853.6,0.0,100,,0.0,,3,chuk_rwanda
2022-04-28 01:00:00,15.8,97,15.2,4.4,10.1,0.0,852.6,0.0,88,,0.0,,3,chuk_rwanda
2022-04-28 02:00:00,15.8,93,14.8,5.1,9.7,0.0,852.1,0.0,94,,0.0,,3,chuk_rwanda
2022-04-28 03:00:00,14.8,96,14.1,6.2,12.2,0.0,851.1,0.0,99,,0.0,,3,chuk_rwanda
2022-04-28 04:00:00,14.2,97,13.8,6.6,9.4,0.0,850.5,0.0,98,,0.0,,3,chuk_rwanda
2022-04-28 05:00:00,14.1,97,13.6,5.9,9.4,0.0,850.8,0.0,97,,0.0,,3,chuk_rwanda
2022-04-28 06:00:00,14.0,96,13.4,6.0,9.4,0.0,851.3,0.0,99,,0.01,,3,chuk_rwanda
2022-04-28 07:00:00,16.4,93,15.2,4.3,10.1,0.0,853.4,81.0,99,,0.03,,3,chuk_rwanda
2022-04-28 08:00:00,18.9,85,16.2,1.8,10.8,0.0,855.3,284.0,99,,0.17,,3,chuk_rwanda
2022-04-28 09:00:00,20.7,73,15.7,6.9,19.1,0.1,856.4,495.0,93,,0.31,,51,chuk_rwanda
2022-04-28 10:00:00,21.8,69,15.8,8.6,23.8,0.1,856.6,609.0,41,,0.4,,51,chuk_rwanda
2022-04-28 11:00:00,22.8,67,16.4,9.5,25.6,0.1,856.3,711.0,55,,0.47,,51,chuk_rwanda
2022-04-28 12:00:00,24.4,59,15.8,8.9,26.3,0.0,855.1,778.0,100,,0.54,,3,chuk_rwanda
2022-04-28 13:00:00,21.6,71,16.2,16.1,35.6,0.6,853.6,395.0,71,,0.28,,53,chuk_rwanda
2022-04-28 14:00:00,23.4,64,16.1,10.9,36.0,2.4,853.9,676.0,95,,0.46,,61,chuk_rwanda
2022-04-28 15:00:00,23.0,63,15.6,10.7,27.7,0.1,852.8,552.0,21,,0.38,,51,chuk_rwanda
2022-04-28 16:00:00,22.5,65,15.6,10.0,26.3,0.1,852.6,452.0,27,,0.31,,51,chuk_rwanda
2022-04-28 17:00:00,21.8,67,15.4,7.9,23.4,0.0,852.7,260.0,48,,0.18,,1,chuk_rwanda
2022-04-28 18:00:00,20.3,75,15.8,4.4,17.3,0.0,852.7,51.0,60,,0.04,,2,chuk_rwanda
2022-04-28 19:00:00,19.2,79,15.5,5.3,10.4,0.0,853.2,0.0,68,,0.0,,2,chuk_rwanda
2022-04-28 20:00:00,18.2,85,15.6,3.5,10.4,0.0,853.7,0.0,83,,0.0,,3,chuk_rwanda
2022-04-28 21:00:00,19.1,76,14.9,1.4,6.8,0.0,854.9,0.0,98,,0.0,,3,chuk_rwanda
2022-04-28 22:00:00,17.5,85,15.1,2.4,4.3,0.0,854.5,0.0,97,,0.0,,3,chuk_rwanda
2022-04-28 23:00:00,16.8,88,14.9,5.4,9.7,0.0,854.3,0.0,100,,0.0,,3,chuk_rwanda
2022-04-29 00:00:00,16.2,91,14.8,5.3,9.4,0.0,854.2,0.0,100,,0.0,,3,chuk_rwanda
2022-04-29 01:00:00,16.2,91,14.9,4.2,11.2,0.0,853.9,0.0,99,,0.0,,3,chuk_rwanda
2022-04-29 02:00:00,16.6,95,15.8,4.8,7.6,0.1,853.6,0.0,100,,0.0,,51,chuk_rwanda
2022-04-29 03:00:00,15.6,97,15.2,4.8,9.7,0.1,852.8,0.0,100,,0.0,,51,chuk_rwanda
2022-04-29 04:00:00,16.1,97,15.6,1.8,7.6,0.0,853.5,0.0,100,,0.0,,3,chuk_rwanda
2022-04-29 05:00:00,15.9,98,15.6,2.2,5.4,0.0,853.7,0.0,100,,0.0,,3,chuk_rwanda
2022-04-29 06:00:00,15.4,100,15.3,3.6,6.1,0.0,854.0,0.0,100,,0.01,,3,chuk_rwanda
2022-04-29 07:00:00,16.4,95,15.6,3.7,13.7,0.6,855.3,54.0,100,,0.03,,53,chuk_rwanda
2022-04-29 08:00:00,17.1,92,15.9,3.1,10.1,0.2,856.4,129.0,100,,0.08,,51,chuk_rwanda
2022-04-29 09:00:00,17.9,90,16.1,5.7,19.1,0.4,857.2,281.0,100,,0.17,,51,chuk_rwanda
2022-04-29 10:00:00,18.3,87,16.0,3.6,16.9,0.3,857.3,245.0,100,,0.17,,51,chuk_rwanda
2022-04-29 11:00:00,19.4,84,16.5,5.1,18.7,0.1,856.9,404.0,92,,0.27,,51,chuk_rwanda
2022-04-29 12:00:00,21.5,74,16.7,7.2,24.1,0.0,856.5,735.0,100,,0.48,,3,chuk_rwanda
2022-04-29 13:00:00,21.8,70,16.1,7.3,23.8,0.0,855.3,502.0,100,,0.35,,3,chuk_rwanda
2022-04-29 14:00:00,18.5,83,15.6,5.4,24.1,0.0,854.4,548.0,99,,0.34,,3,chuk_rwanda
2022-04-29 15:00:00,18.6,86,16.2,4.0,14.0,0.9,853.8,186.0,100,,0.13,,53,chuk_rwanda
2022-04-29 16:00:00,18.5,87,16.2,3.4,11.2,0.6,853.6,128.0,100,,0.1,,53,chuk_rwanda
2022-04-29 17:00:00,18.5,85,16.0,2.2,9.4,0.2,853.7,108.0,100,,0.08,,51,chuk_rwanda
2022-04-29 18:00:00,18.3,87,16.0,1.5,6.5,0.0,854.3,30.0,100,,0.02,,3,chuk_rwanda
2022-04-29 19:00:00,17.8,93,16.6,1.3,3.6,0.1,854.8,0.0,100,,0.0,,51,chuk_rwanda
2022-04-29 20:00:00,16.7,95,15.9,3.9,6.1,0.0,855.2,0.0,100,,0.0,,3,chuk_rwanda
2022-04-29 21:00:00,16.5,96,15.9,3.6,7.9,0.0,855.5,0.0,100,,0.0,,3,chuk_rwanda
2022-04-29 22:00:00,15.9,97,15.5,3.8,6.8,0.0,855.3,0.0,90,,0.0,,3,chuk_rwanda
2022-04-29 23:00:00,15.4,98,15.1,4.7,9.0,0.0,854.9,0.0,55,,0.0,,2,chuk_rwanda
2022-04-30 00:00:00,14.9,99,14.7,5.5,10.1,0.0,854.1,0.0,7,,0.0,,0,chuk_rwanda
2022-04-30 01:00:00,14.6,98,14.2,5.6,10.8,0.0,853.5,0.0,20,,0.0,,1,chuk_rwanda
2022-04-30 02:00:00,14.1,97,13.8,4.1,10.8,0.0,853.3,0.0,17,,0.0,,0,chuk_rwanda
2022-04-30 03:00:00,14.2,97,13.7,4.4,8.3,0.0,853.1,0.0,41,,0.0,,1,chuk_rwanda
2022-04-30 04:00:00,13.9,97,13.4,4.3,8.3,0.0,853.1,0.0,83,,0.0,,3,chuk_rwanda
2022-04-30 05:00:00,13.6,97,13.1,5.8,10.1,0.0,853.3,0.0,100,,0.0,,3,chuk_rwanda
2022-04-30 06:00:00,12.9,96,12.4,4.8,11.2,0.0,853.1,0.0,99,,0.01,,3,chuk_rwanda
2022-04-30 07:00:00,14.9,91,13.4,6.9,14.8,0.0,854.3,82.0,98,,0.03,,3,chuk_rwanda
2022-04-30 08:00:00,17.9,85,15.4,4.1,14.8,0.0,856.5,287.0,100,,0.16,,3,chuk_rwanda
2022-04-30 09:00:00,19.7,76,15.4,3.6,13.7,0.0,857.7,355.0,100,,0.23,,3,chuk_rwanda
2022-04-30 10:00:00,21.6,67,15.2,4.4,16.2,0.0,858.1,629.0,99,,0.42,,3,chuk_rwanda
2022-04-30 11:00:00,23.1,59,14.8,8.4,23.4,0.1,858.0,850.0,100,,0.57,,51,chuk_rwanda
2022-04-30 12:00:00,23.8,57,14.8,7.7,23.8,0.2,856.9,804.0,100,,0.56,,51,chuk_rwanda
2022-04-30 13:00:00,24.9,57,15.7,8.2,23.0,0.0,856.3,850.0,100,,0.6,,3,chuk_rwanda
2022-04-30 14:00:00,24.4,58,15.7,5.0,22.7,0.0,856.0,661.0,100,,0.47,,3,chuk_rwanda
2022-04-30 15:00:00,24.0,60,15.7,6.6,19.4,0.1,854.9,574.0,100,,0.4,,51,chuk_rwanda
2022-04-30 16:00:00,23.1,61,15.3,6.6,19.8,0.0,854.1,283.0,100,,0.22,,3,chuk_rwanda
2022-04-30 17:00:00,22.6,67,16.0,3.7,15.5,0.0,854.0,147.0,100,,0.11,,3,chuk_rwanda
2022-04-30 18:00:00,20.9,80,17.3,4.3,7.9,0.0,853.6,30.0,100,,0.03,,3,chuk_rwanda
2022-04-30 19:00:00,20.0,79,16.2,3.4,6.8,0.0,853.8,0.0,98,,0.0,,3,chuk_rwanda
2022-04-30 20:00:00,18.9,81,15.6,2.9,7.2,0.0,854.1,0.0,100,,0.0,,3,chuk_rwanda
2022-04-30 21:00:00,17.5,85,15.1,5.1,9.0,0.0,854.3,0.0,100,,0.0,,3,chuk_rwanda
2022-04-30 22:00:00,16.0,93,14.9,7.8,13.3,0.0,854.0,0.0,99,,0.0,,3,chuk_rwanda
2022-04-30 23:00:00,15.8,92,14.4,8.5,15.8,0.0,854.1,0.0,100,,0.0,,3,chuk_rwanda
2022-05-01 00:00:00,15.3,93,14.1,7.7,15.5,0.0,853.6,0.0,100,,0.0,,3,chuk_rwanda
2022-05-01 01:00:00,15.2,91,13.8,6.3,14.8,0.0,853.2,0.0,100,,0.0,,3,chuk_rwanda
2022-05-01 02:00:00,14.5,97,13.9,4.4,11.5,0.0,853.1,0.0,97,,0.0,,3,chuk_rwanda
2022-05-01 03:00:00,15.4,93,14.4,6.4,12.6,0.0,853.2,0.0,93,,0.0,,3,chuk_rwanda
2022-05-01 04:00:00,15.4,93,14.2,4.3,12.2,0.0,853.5,0.0,87,,0.0,,3,chuk_rwanda
2022-05-01 05:00:00,15.1,93,13.9,4.8,7.9,0.0,853.7,0.0,100,,0.0,,3,chuk_rwanda
2022-05-01 06:00:00,13.9,95,13.1,4.1,9.0,0.0,853.7,0.0,67,,0.01,,2,chuk_rwanda
2022-05-01 07:00:00,16.6,88,14.6,5.4,11.5,0.0,856.0,81.0,46,,0.04,,1,chuk_rwanda
2022-05-01 08:00:00,19.3,78,15.4,4.0,12.2,0.0,857.9,267.0,59,,0.16,,2,chuk_rwanda
2022-05-01 09:00:00,20.9,72,15.8,3.6,16.6,0.0,859.1,436.0,96,,0.28,,3,chuk_rwanda
2022-05-01 10:00:00,22.2,69,16.4,5.6,19.4,0.1,859.4,655.0,15,,0.43,,51,chuk_rwanda
2022-05-01 11:00:00,23.5,66,16.8,7.4,23.0,0.1,859.0,840.0,96,,0.56,,51,chuk_rwanda
2022-05-01 12:00:00,24.1,63,16.5,9.2,24.8,0.1,858.0,804.0,100,,0.55,,51,chuk_rwanda
2022-05-01 13:00:00,21.0,75,16.5,14.6,34.9,3.0,856.5,558.0,100,,0.35,,63,chuk_rwanda
2022-05-01 14:00:00,17.9,86,15.5,0.8,33.5,0.1,855.8,515.0,97,,0.34,,51,chuk_rwanda
2022-05-01 15:00:00,18.2,88,16.1,2.2,9.4,1.2,854.7,182.0,100,,0.13,,55,chuk_rwanda
2022-05-01 16:00:00,18.3,86,15.9,1.0,9.0,0.9,854.3,115.0,100,,0.09,,53,chuk_rwanda
2022-05-01 17:00:00,18.5,85,15.8,1.5,5.4,0.1,854.4,77.0,100,,0.06,,51,chuk_rwanda
2022-05-01 18:00:00,18.5,84,15.8,2.2,4.7,0.0,854.9,35.0,100,,0.03,,3,chuk_rwanda
2022-05-01 19:00:00,17.4,89,15.6,5.1,7.2,0.0,855.0,0.0,100,,0.0,,3,chuk_rwanda
2022-05-01 20:00:00,16.2,94,15.2,5.5,9.0,0.0,855.1,0.0,96,,0.0,,3,chuk_rwanda
2022-05-01 21:00:00,16.5,91,15.1,5.1,9.7,0.0,855.7,0.0,75,,0.0,,2,chuk_rwanda
2022-05-01 22:00:00,14.6,95,13.8,5.3,9.7,0.0,854.9,0.0,20,,0.0,,1,chuk_rwanda
2022-05-01 23:00:00,14.1,95,13.2,5.2,10.4,0.0,854.4,0.0,87,,0.0,,3,chuk_rwanda
2022-05-02 00:00:00,13.9,94,13.0,5.6,11.5,0.0,854.0,0.0,98,,0.0,,3,chuk_rwanda
2022-05-02 01:00:00,13.4,96,12.6,4.9,11.5,0.0,853.5,0.0,100,,0.0,,3,chuk_rwanda
2022-05-02 02:00:00,13.4,97,12.9,5.4,9.4,0.0,852.9,0.0,100,,0.0,,3,chuk_rwanda
2022-05-02 03:00:00,12.0,99,11.8,6.0,11.5,0.0,852.1,0.0,100,,0.0,,3,chuk_rwanda
2022-05-02 04:00:00,11.9,99,11.7,4.5,9.0,0.0,852.2,0.0,100,,0.0,,3,chuk_rwanda
2022-05-02 05:00:00,11.6,98,11.4,5.3,7.9,0.0,852.4,0.0,98,,0.0,,3,chuk_rwanda
2022-05-02 06:00:00,12.1,94,11.2,5.1,7.9,0.0,853.2,0.0,71,,0.01,,2,chuk_rwanda
2022-05-02 07:00:00,14.9,90,13.1,2.7,7.9,0.0,855.5,81.0,34,,0.03,,1,chuk_rwanda
2022-05-02 08:00:00,17.4,80,14.0,2.2,10.8,0.0,857.4,306.0,41,,0.17,,1,chuk_rwanda
2022-05-02 09:00:00,19.4,74,14.5,5.9,18.7,0.0,858.6,540.0,33,,0.33,,1,chuk_rwanda
2022-05-02 10:00:00,20.5,71,15.1,11.6,29.2,0.2,858.8,701.0,100,,0.43,,51,chuk_rwanda
2022-05-02 11:00:00,19.8,76,15.5,8.5,29.9,0.1,857.9,338.0,79,,0.23,,51,chuk_rwanda
2022-05-02 12:00:00,21.5,70,15.8,6.9,22.3,0.0,857.4,577.0,17,,0.39,,0,chuk_rwanda
2022-05-02 13:00:00,23.0,64,15.9,8.2,23.4,0.2,856.5,883.0,49,,0.59,,51,chuk_rwanda
2022-05-02 14:00:00,21.3,67,14.9,3.4,23.4,0.1,855.8,736.0,23,,0.49,,51,chuk_rwanda
2022-05-02 15:00:00,22.9,61,14.9,4.2,15.8,0.0,855.2,712.0,9,,0.48,,0,chuk_rwanda
2022-05-02 16:00:00,23.0,60,14.8,4.1,15.8,0.0,854.8,498.0,13,,0.33,,0,chuk_rwanda
2022-05-02 17:00:00,22.5,63,15.1,5.2,13.7,0.0,854.5,276.0,5,,0.18,,0,chuk_rwanda
2022-05-02 18:00:00,19.9,80,16.3,5.4,12.2,0.0,854.0,65.0,14,,0.04,,0,chuk_rwanda
2022-05-02 19:00:00,18.8,84,16.0,5.8,9.0,0.0,854.1,0.0,18,,0.0,,0,chuk_rwanda
2022-05-02 20:00:00,19.5,75,14.9,2.5,9.0,0.0,855.4,0.0,32,,0.0,,1,chuk_rwanda
2022-05-02 21:00:00,17.5,86,15.2,1.8,5.4,0.0,855.1,0.0,12,,0.0,,0,chuk_rwanda
2022-05-02 22:00:00,17.5,84,14.8,2.6,4.7,0.0,855.6,0.0,33,,0.0,,1,chuk_rwanda
2022-05-02 23:00:00,17.0,86,14.6,3.6,8.6,0.0,855.3,0.0,45,,0.0,,1,chuk_rwanda
2022-05-03 00:00:00,16.1,90,14.5,2.1,6.8,0.0,854.8,0.0,62,,0.0,,2,chuk_rwanda
2022-05-03 01:00:00,15.9,90,14.2,3.1,5.4,0.0,854.7,0.0,52,,0.0,,2,chuk_rwanda
2022-05-03 02:00:00,15.0,90,13.4,4.9,10.1,0.0,853.4,0.0,60,,0.0,,2,chuk_rwanda
2022-05-03 03:00:00,15.4,90,13.8,2.4,7.9,0.0,853.4,0.0,79,,0.0,,2,chuk_rwanda
2022-05-03 04:00:00,15.6,88,13.6,3.1,4.7,0.0,853.4,0.0,26,,0.0,,1,chuk_rwanda
2022-05-03 05:00:00,14.9,90,13.4,3.8,6.5,0.0,853.2,0.0,4,,0.0,,0,chuk_rwanda
2022-05-03 06:00:00,14.4,92,13.1,3.7,6.8,0.0,853.4,0.0,7,,0.01,,0,chuk_rwanda
2022-05-03 07:00:00,16.5,87,14.3,5.3,10.4,0.0,855.3,84.0,1,,0.04,,0,chuk_rwanda
2022-05-03 08:00:00,19.6,76,15.2,3.1,11.5,0.0,857.3,317.0,13,,0.19,,0,chuk_rwanda
2022-05-03 09:00:00,21.0,70,15.4,7.3,19.8,0.0,858.0,559.0,80,,0.35,,3,chuk_rwanda
2022-05-03 10:00:00,22.2,63,14.9,10.2,25.9,0.1,858.3,690.0,95,,0.45,,51,chuk_rwanda
2022-05-03 11:00:00,23.2,57,14.4,9.9,26.6,0.1,857.9,807.0,49,,0.54,,51,chuk_rwanda
2022-05-03 12:00:00,24.3,53,14.1,9.2,25.9,0.2,857.0,904.0,48,,0.62,,51,chuk_rwanda
2022-05-03 13:00:00,24.8,51,13.9,10.4,27.4,0.5,856.0,906.0,51,,0.63,,53,chuk_rwanda
2022-05-03 14:00:00,23.4,57,14.4,9.4,27.4,0.4,855.8,717.0,25,,0.49,,51,chuk_rwanda
2022-05-03 15:00:00,23.8,56,14.4,7.4,23.4,0.0,854.6,527.0,100,,0.38,,3,chuk_rwanda
2022-05-03 16:00:00,23.5,56,14.3,7.5,19.8,0.0,854.3,315.0,100,,0.24,,3,chuk_rwanda
2022-05-03 17:00:00,22.6,62,15.1,4.8,17.6,0.0,854.2,164.0,100,,0.13,,3,chuk_rwanda
2022-05-03 18:00:00,20.8,75,16.1,4.6,10.8,0.0,854.1,31.0,100,,0.04,,3,chuk_rwanda
2022-05-03 19:00:00,20.4,75,15.9,2.1,8.3,0.0,854.6,0.0,100,,0.0,,3,chuk_rwanda
2022-05-03 20:00:00,19.7,76,15.2,2.5,5.4,0.0,855.1,0.0,100,,0.0,,3,chuk_rwanda
2022-05-03 21:00:00,18.4,80,14.9,2.7,6.1,0.0,855.1,0.0,100,,0.0,,3,chuk_rwanda
2022-05-03 22:00:00,17.5,83,14.6,1.1,6.5,0.0,855.3,0.0,95,,0.0,,3,chuk_rwanda
2022-05-03 23:00:00,17.6,80,14.1,3.6,6.8,0.0,855.8,0.0,99,,0.0,,3,chuk_rwanda
2022-05-04 00:00:00,17.0,84,14.3,2.6,7.2,0.0,855.5,0.0,98,,0.0,,3,chuk_rwanda
2022-05-04 01:00:00,16.7,85,14.2,2.3,4.3,0.0,855.1,0.0,34,,0.0,,1,chuk_rwanda
2022-05-04 02:00:00,15.9,86,13.6,3.6,6.5,0.0,854.2,0.0,34,,0.0,,1,chuk_rwanda
2022-05-04 03:00:00,15.9,87,13.6,4.3,6.8,0.0,854.2,0.0,20,,0.0,,1,chuk_rwanda
2022-05-04 04:00:00,15.6,87,13.4,6.9,9.0,0.0,854.2,0.0,13,,0.0,,0,chuk_rwanda
2022-05-04 05:00:00,14.9,90,13.3,7.0,11.5,0.0,854.0,0.0,11,,0.0,,0,chuk_rwanda
2022-05-04 06:00:00,14.4,92,13.1,5.6,11.2,0.0,854.1,0.0,6,,0.02,,0,chuk_rwanda
2022-05-04 07:00:00,16.5,85,14.0,5.7,11.5,0.0,855.6,86.0,3,,0.04,,0,chuk_rwanda
2022-05-04 08:00:00,20.0,72,14.9,4.4,13.0,0.0,858.0,315.0,8,,0.19,,0,chuk_rwanda
2022-05-04 09:00:00,21.6,67,15.1,5.4,17.3,0.0,858.7,550.0,24,,0.35,,1,chuk_rwanda
2022-05-04 10:00:00,22.5,62,14.8,9.2,24.8,0.0,859.0,681.0,86,,0.45,,3,chuk_rwanda
2022-05-04 11:00:00,23.8,55,14.1,10.3,27.0,0.1,858.7,829.0,71,,0.56,,51,chuk_rwanda
2022-05-04 12:00:00,25.0,49,13.7,10.4,27.7,0.2,858.0,928.0,69,,0.65,,51,chuk_rwanda
2022-05-04 13:00:00,24.6,52,14.1,11.7,29.5,0.6,856.8,784.0,73,,0.56,,53,chuk_rwanda
2022-05-04 14:00:00,23.5,56,14.3,7.1,28.4,0.2,856.5,579.0,28,,0.41,,51,chuk_rwanda
2022-05-04 15:00:00,24.4,55,14.8,7.9,22.7,0.0,856.0,634.0,24,,0.45,,1,chuk_rwanda
2022-05-04 16:00:00,24.2,54,14.4,10.2,24.1,0.0,855.4,456.0,22,,0.33,,1,chuk_rwanda
2022-05-04 17:00:00,23.2,56,13.9,8.9,24.8,0.0,855.2,266.0,14,,0.2,,0,chuk_rwanda
2022-05-04 18:00:00,21.0,69,15.1,4.5,19.8,0.0,854.7,58.0,26,,0.04,,1,chuk_rwanda
2022-05-04 19:00:00,20.2,74,15.4,4.7,10.1,0.0,854.8,0.0,24,,0.0,,1,chuk_rwanda
2022-05-04 20:00:00,19.2,79,15.5,5.4,11.2,0.0,855.3,0.0,19,,0.0,,0,chuk_rwanda
2022-05-04 21:00:00,18.8,77,14.7,4.4,11.9,0.0,856.2,0.0,28,,0.0,,1,chuk_rwanda
2022-05-04 22:00:00,18.0,81,14.7,4.3,11.2,0.0,856.3,0.0,26,,0.0,,1,chuk_rwanda
2022-05-04 23:00:00,17.6,82,14.5,2.9,10.4,0.0,856.2,0.0,32,,0.0,,1,chuk_rwanda
2022-05-05 00:00:00,17.7,79,14.0,3.1,7.9,0.0,856.3,0.0,36,,0.0,,1,chuk_rwanda
2022-05-05 01:00:00,16.6,84,13.9,4.3,7.6,0.0,855.2,0.0,6,,0.0,,0,chuk_rwanda
2022-05-05 02:00:00,17.0,85,14.4,2.0,6.8,0.0,855.6,0.0,8,,0.0,,0,chuk_rwanda
2022-05-05 03:00:00,15.8,89,13.9,1.6,7.6,0.0,855.0,0.0,86,,0.0,,3,chuk_rwanda
2022-05-05 04:00:00,15.4,89,13.6,1.6,5.8,0.0,854.8,0.0,25,,0.0,,1,chuk_rwanda
2022-05-05 05:00:00,15.7,87,13.6,0.4,5.8,0.0,855.1,0.0,97,,0.0,,3,chuk_rwanda
2022-05-05 06:00:00,15.9,89,14.1,0.8,5.4,0.0,855.7,0.0,73,,0.01,,2,chuk_rwanda
2022-05-05 07:00:00,17.5,80,14.1,2.6,6.8,0.0,857.0,72.0,1,,0.04,,0,chuk_rwanda
2022-05-05 08:00:00,19.3,71,13.9,3.1,11.9,0.0,858.3,309.0,2,,0.18,,0,chuk_rwanda
2022-05-05 09:00:00,20.5,66,14.1,4.7,16.6,0.0,858.9,549.0,2,,0.34,,0,chuk_rwanda
2022-05-05 10:00:00,22.2,60,14.1,10.4,26.6,0.0,859.1,743.0,100,,0.48,,3,chuk_rwanda
2022-05-05 11:00:00,23.0,56,13.6,10.2,27.0,0.0,858.7,589.0,100,,0.42,,3,chuk_rwanda
2022-05-05 12:00:00,23.3,55,13.8,10.2,25.6,0.0,857.8,480.0,97,,0.37,,3,chuk_rwanda
2022-05-05 13:00:00,24.1,53,14.1,8.0,25.6,0.0,857.0,617.0,77,,0.45,,2,chuk_rwanda
2022-05-05 14:00:00,23.9,55,14.1,7.2,22.0,0.1,856.4,724.0,29,,0.51,,51,chuk_rwanda
2022-05-05 15:00:00,24.2,53,14.0,6.2,20.2,0.1,855.8,608.0,39,,0.43,,51,chuk_rwanda
2022-05-05 16:00:00,24.4,51,13.6,6.9,17.3,0.0,855.4,461.0,47,,0.33,,1,chuk_rwanda
2022-05-05 17:00:00,23.6,55,14.0,7.6,19.4,0.0,855.3,235.0,92,,0.18,,3,chuk_rwanda
2022-05-05 18:00:00,21.9,64,14.9,5.3,17.3,0.0,854.7,39.0,100,,0.05,,3,chuk_rwanda
2022-05-05 19:00:00,21.4,68,15.3,4.0,11.5,0.0,855.1,0.0,100,,0.0,,3,chuk_rwanda
2022-05-05 20:00:00,20.3,76,15.9,4.5,9.0,0.0,855.2,0.0,20,,0.0,,1,chuk_rwanda
2022-05-05 21:00:00,20.6,65,13.8,2.6,10.1,0.0,856.0,0.0,36,,0.0,,1,chuk_rwanda
2022-05-05 22:00:00,18.8,77,14.7,2.2,5.8,0.0,855.5,0.0,30,,0.0,,1,chuk_rwanda
2022-05-05 23:00:00,18.5,80,15.1,1.8,5.4,0.0,855.6,0.0,36,,0.0,,1,chuk_rwanda
2022-05-06 00:00:00,17.9,83,14.9,3.7,9.7,0.0,855.2,0.0,63,,0.0,,2,chuk_rwanda
2022-05-06 01:00:00,17.5,83,14.6,2.9,8.6,0.0,854.9,0.0,68,,0.0,,2,chuk_rwanda
2022-05-06 02:00:00,16.3,88,14.3,3.8,7.2,0.0,853.3,0.0,72,,0.0,,2,chuk_rwanda
2022-05-06 03:00:00,16.7,86,14.3,2.5,7.6,0.0,853.5,0.0,67,,0.0,,2,chuk_rwanda
2022-05-06 04:00:00,16.7,86,14.4,3.6,6.5,0.0,853.8,0.0,84,,0.0,,3,chuk_rwanda
2022-05-06 05:00:00,16.5,87,14.4,3.0,6.5,0.0,854.0,0.0,99,,0.0,,3,chuk_rwanda
2022-05-06 06:00:00,16.5,88,14.6,3.9,7.9,0.0,854.3,0.0,100,,0.02,,3,chuk_rwanda
2022-05-06 07:00:00,18.2,83,15.2,3.9,9.0,0.0,855.5,42.0,100,,0.03,,3,chuk_rwanda
2022-05-06 08:00:00,19.8,74,15.0,3.4,10.4,0.0,857.2,156.0,77,,0.11,,2,chuk_rwanda
2022-05-06 09:00:00,21.3,66,14.8,7.1,18.7,0.1,858.1,467.0,60,,0.31,,51,chuk_rwanda
2022-05-06 10:00:00,22.1,62,14.6,10.1,25.6,0.1,858.1,586.0,55,,0.39,,51,chuk_rwanda
2022-05-06 11:00:00,23.5,57,14.6,9.0,26.6,0.1,857.9,814.0,30,,0.55,,51,chuk_rwanda
2022-05-06 12:00:00,24.4,53,14.1,7.4,24.5,0.3,857.1,773.0,35,,0.55,,51,chuk_rwanda
2022-05-06 13:00:00,25.0,51,14.2,8.4,23.0,0.5,856.0,793.0,75,,0.57,,53,chuk_rwanda
2022-05-06 14:00:00,21.4,66,14.9,9.8,23.0,0.5,855.1,705.0,99,,0.46,,53,chuk_rwanda
2022-05-06 15:00:00,22.6,62,15.1,9.8,24.5,0.0,854.4,479.0,83,,0.34,,3,chuk_rwanda
2022-05-06 16:00:00,23.1,59,14.6,8.7,25.9,0.0,853.9,494.0,100,,0.34,,3,chuk_rwanda
2022-05-06 17:00:00,22.8,60,14.6,6.1,20.9,0.0,854.1,233.0,100,,0.17,,3,chuk_rwanda
2022-05-06 18:00:00,20.9,67,14.4,7.4,15.8,0.2,854.2,43.0,100,,0.05,,51,chuk_rwanda
2022-05-06 19:00:00,18.3,86,16.0,9.2,19.1,0.7,855.0,0.0,100,,0.0,,53,chuk_rwanda
2022-05-06 20:00:00,17.5,92,16.2,6.5,19.1,0.1,855.6,0.0,100,,0.0,,51,chuk_rwanda
2022-05-06 21:00:00,17.5,92,16.2,2.9,13.7,0.1,856.0,0.0,100,,0.0,,51,chuk_rwanda
2022-05-06 22:00:00,17.2,96,16.6,8.6,15.8,3.0,856.3,0.0,100,,0.0,,63,chuk_rwanda
2022-05-06 23:00:00,17.0,95,16.2,4.6,17.3,0.9,855.8,0.0,100,,0.0,,53,chuk_rwanda
2022-05-07 00:00:00,17.0,95,16.3,5.1,14.0,0.2,855.5,0.0,100,,0.0,,51,chuk_rwanda
2022-05-07 01:00:00,16.6,96,16.0,3.9,9.4,0.0,854.5,0.0,100,,0.0,,3,chuk_rwanda
2022-05-07 02:00:00,16.9,92,15.6,3.9,8.6,0.0,854.1,0.0,100,,0.0,,3,chuk_rwanda
2022-05-07 03:00:00,16.9,92,15.6,3.3,7.6,0.0,853.9,0.0,100,,0.0,,3,chuk_rwanda
2022-05-07 04:00:00,16.4,94,15.4,2.9,6.5,0.0,853.5,0.0,100,,0.0,,3,chuk_rwanda
2022-05-07 05:00:00,15.4,96,14.8,3.4,7.9,0.0,853.2,0.0,100,,0.0,,3,chuk_rwanda
2022-05-07 06:00:00,14.9,96,14.3,4.3,7.2,0.0,853.3,0.0,100,,0.01,,3,chuk_rwanda
2022-05-07 07:00:00,17.5,89,15.6,5.9,11.9,0.0,855.3,74.0,100,,0.04,,3,chuk_rwanda
2022-05-07 08:00:00,19.4,76,15.1,4.7,13.0,0.0,856.9,191.0,100,,0.13,,3,chuk_rwanda
2022-05-07 09:00:00,20.1,73,15.1,3.6,13.3,0.0,857.5,266.0,100,,0.18,,3,chuk_rwanda
2022-05-07 10:00:00,21.8,66,15.2,6.8,19.8,0.0,857.9,686.0,82,,0.45,,3,chuk_rwanda
2022-05-07 11:00:00,22.9,61,14.9,7.9,22.3,0.0,857.4,755.0,90,,0.51,,3,chuk_rwanda
2022-05-07 12:00:00,23.8,59,15.2,7.1,22.3,0.0,856.7,728.0,35,,0.51,,1,chuk_rwanda
2022-05-07 13:00:00,25.0,56,15.7,5.4,21.2,0.0,855.8,934.0,37,,0.65,,1,chuk_rwanda
2022-05-07 14:00:00,24.5,55,14.8,7.4,19.1,0.0,855.5,863.0,19,,0.59,,0,chuk_rwanda
2022-05-07 15:00:00,24.6,54,14.6,8.2,22.3,0.1,854.3,682.0,24,,0.48,,51,chuk_rwanda
2022-05-07 16:00:00,24.1,54,14.3,8.4,22.0,0.0,853.8,473.0,12,,0.34,,0,chuk_rwanda
2022-05-07 17:00:00,23.4,56,14.1,6.9,20.9,0.0,853.7,253.0,24,,0.18,,1,chuk_rwanda
2022-05-07 18:00:00,22.0,70,16.1,3.9,15.1,0.0,853.5,48.0,85,,0.04,,3,chuk_rwanda
2022-05-07 19:00:00,21.2,68,15.1,4.3,9.7,0.0,853.8,0.0,6,,0.0,,0,chuk_rwanda
2022-05-07 20:00:00,21.1,61,13.4,2.3,10.1,0.0,854.5,0.0,17,,0.0,,0,chuk_rwanda
2022-05-07 21:00:00,18.8,78,14.9,2.9,5.0,0.0,854.2,0.0,22,,0.0,,1,chuk_rwanda
2022-05-07 22:00:00,18.1,78,14.3,2.6,4.7,0.0,854.4,0.0,25,,0.0,,1,chuk_rwanda
2022-05-07 23:00:00,17.4,80,14.0,2.7,5.0,0.0,853.9,0.0,49,,0.0,,1,chuk_rwanda
2022-05-08 00:00:00,16.8,84,14.1,1.9,4.7,0.0,853.6,0.0,89,,0.0,,3,chuk_rwanda
2022-05-08 01:00:00,16.5,84,13.7,2.8,4.7,0.0,853.4,0.0,96,,0.0,,3,chuk_rwanda
2022-05-08 02:00:00,15.5,88,13.4,4.3,9.0,0.0,852.5,0.0,88,,0.0,,3,chuk_rwanda
2022-05-08 03:00:00,15.6,87,13.4,5.4,9.4,0.0,852.4,0.0,93,,0.0,,3,chuk_rwanda
2022-05-08 04:00:00,15.2,88,13.2,6.1,10.8,0.0,852.5,0.0,84,,0.0,,3,chuk_rwanda
2022-05-08 05:00:00,15.0,89,13.1,5.5,11.2,0.0,852.6,0.0,100,,0.0,,3,chuk_rwanda
2022-05-08 06:00:00,14.6,90,13.0,6.6,11.9,0.0,852.9,0.0,88,,0.02,,3,chuk_rwanda
2022-05-08 07:00:00,16.9,83,13.9,6.4,13.3,0.0,854.6,85.0,73,,0.04,,2,chuk_rwanda
2022-05-08 08:00:00,20.6,71,15.1,2.6,12.6,0.0,856.9,318.0,91,,0.19,,3,chuk_rwanda
2022-05-08 09:00:00,22.5,61,14.6,4.7,20.2,0.0,857.9,518.0,37,,0.34,,1,chuk_rwanda
2022-05-08 10:00:00,23.6,58,14.8,7.6,24.8,0.0,858.4,699.0,69,,0.48,,2,chuk_rwanda
2022-05-08 11:00:00,24.6,55,14.9,10.7,27.4,0.0,858.0,773.0,100,,0.54,,3,chuk_rwanda
2022-05-08 12:00:00,23.0,59,14.5,12.5,30.2,0.7,856.7,486.0,74,,0.36,,53,chuk_rwanda
2022-05-08 13:00:00,23.5,61,15.6,8.9,30.2,1.0,856.0,715.0,73,,0.49,,55,chuk_rwanda
2022-05-08 14:00:00,23.2,57,14.2,11.4,24.5,0.0,855.8,588.0,99,,0.42,,3,chuk_rwanda
2022-05-08 15:00:00,23.7,56,14.5,11.3,28.8,0.0,854.8,659.0,95,,0.45,,3,chuk_rwanda
2022-05-08 16:00:00,22.5,62,14.9,13.7,31.7,0.1,854.4,424.0,99,,0.3,,51,chuk_rwanda
2022-05-08 17:00:00,21.1,71,15.6,8.5,31.3,0.0,854.4,85.0,100,,0.09,,3,chuk_rwanda
2022-05-08 18:00:00,20.9,74,16.1,1.5,18.0,0.0,854.8,27.0,100,,0.03,,3,chuk_rwanda
2022-05-08 19:00:00,19.6,82,16.4,3.6,6.5,0.2,854.7,0.0,100,,0.0,,51,chuk_rwanda
2022-05-08 20:00:00,18.5,87,16.2,4.1,7.9,0.0,854.8,0.0,97,,0.0,,3,chuk_rwanda
2022-05-08 21:00:00,17.5,90,15.9,4.5,8.3,0.0,855.1,0.0,100,,0.0,,3,chuk_rwanda
2022-05-08 22:00:00,17.3,91,15.8,4.0,9.0,0.0,855.0,0.0,99,,0.0,,3,chuk_rwanda
2022-05-08 23:00:00,16.0,94,15.1,3.8,7.9,0.0,854.1,0.0,100,,0.0,,3,chuk_rwanda
2022-05-09 00:00:00,15.6,95,14.9,4.5,8.3,0.0,853.7,0.0,99,,0.0,,3,chuk_rwanda
2022-05-09 01:00:00,15.4,94,14.5,5.0,9.7,0.0,853.1,0.0,99,,0.0,,3,chuk_rwanda
2022-05-09 02:00:00,15.1,93,14.1,5.4,9.7,0.0,853.0,0.0,100,,0.0,,3,chuk_rwanda
2022-05-09 03:00:00,15.4,92,14.1,6.4,11.5,0.0,852.9,0.0,99,,0.0,,3,chuk_rwanda
2022-05-09 04:00:00,15.0,93,13.8,6.5,10.8,0.0,852.9,0.0,100,,0.0,,3,chuk_rwanda
2022-05-09 05:00:00,14.9,92,13.6,6.7,11.2,0.0,853.0,0.0,100,,0.0,,3,chuk_rwanda
2022-05-09 06:00:00,14.7,93,13.5,7.0,10.8,0.0,853.2,0.0,100,,0.02,,3,chuk_rwanda
2022-05-09 07:00:00,16.7,87,14.4,7.0,13.3,0.0,855.0,78.0,100,,0.04,,3,chuk_rwanda
2022-05-09 08:00:00,20.2,75,15.6,4.4,13.3,0.0,857.2,294.0,100,,0.18,,3,chuk_rwanda
2022-05-09 09:00:00,22.2,65,15.4,5.8,18.0,0.0,858.3,541.0,62,,0.35,,2,chuk_rwanda
2022-05-09 10:00:00,23.3,58,14.6,8.6,22.7,0.0,858.3,685.0,18,,0.46,,0,chuk_rwanda
2022-05-09 11:00:00,24.2,54,14.2,10.5,28.4,0.0,857.8,843.0,78,,0.58,,2,chuk_rwanda
2022-05-09 12:00:00,25.0,51,14.2,10.0,27.7,0.0,857.1,838.0,44,,0.59,,1,chuk_rwanda
2022-05-09 13:00:00,25.5,50,14.4,9.5,26.3,0.0,856.1,864.0,82,,0.61,,3,chuk_rwanda
2022-05-09 14:00:00,25.5,47,13.4,9.0,25.6,0.0,855.8,809.0,79,,0.58,,2,chuk_rwanda
2022-05-09 15:00:00,24.8,51,13.8,11.4,26.3,0.5,854.9,551.0,100,,0.41,,53,chuk_rwanda
2022-05-09 16:00:00,24.5,53,14.1,10.0,26.3,0.1,854.6,364.0,97,,0.29,,51,chuk_rwanda
2022-05-09 17:00:00,23.0,60,14.8,7.2,22.3,0.0,854.5,164.0,100,,0.14,,3,chuk_rwanda
2022-05-09 18:00:00,21.0,72,15.8,4.1,15.5,0.0,854.0,44.0,93,,0.04,,3,chuk_rwanda
2022-05-09 19:00:00,21.1,65,14.2,3.1,8.3,0.0,854.2,0.0,98,,0.0,,3,chuk_rwanda
2022-05-09 20:00:00,19.4,77,15.1,1.9,5.8,0.0,854.2,0.0,99,,0.0,,3,chuk_rwanda
2022-05-09 21:00:00,18.5,79,14.6,7.6,13.3,0.0,854.4,0.0,90,,0.01,,3,chuk_rwanda
2022-05-09 22:00:00,18.1,78,14.2,8.0,16.6,0.0,854.5,0.0,40,,0.01,,1,chuk_rwanda
2022-05-09 23:00:00,17.2,82,14.1,5.1,15.5,0.0,854.0,0.0,13,,0.0,,0,chuk_rwanda
2022-05-10 00:00:00,16.2,87,14.0,3.8,9.7,0.0,853.5,0.0,6,,0.0,,0,chuk_rwanda
2022-05-10 01:00:00,15.2,92,13.9,6.1,10.8,0.0,852.6,0.0,76,,0.0,,2,chuk_rwanda
2022-05-10 02:00:00,15.3,94,14.4,4.3,13.3,0.0,852.0,0.0,93,,0.0,,3,chuk_rwanda
2022-05-10 03:00:00,15.2,95,14.4,5.8,10.1,0.0,852.0,0.0,100,,0.0,,3,chuk_rwanda
2022-05-10 04:00:00,15.0,96,14.3,4.8,10.1,0.0,851.9,0.0,0,,0.0,,0,chuk_rwanda
2022-05-10 05:00:00,14.6,96,13.9,5.0,8.6,0.0,851.9,0.0,41,,0.0,,1,chuk_rwanda
2022-05-10 06:00:00,14.6,93,13.5,5.2,9.4,0.0,852.4,0.0,91,,0.01,,3,chuk_rwanda
2022-05-10 07:00:00,17.0,85,14.5,4.2,9.7,0.0,854.5,84.0,100,,0.04,,3,chuk_rwanda
2022-05-10 08:00:00,20.1,74,15.4,1.8,9.4,0.0,856.8,299.0,100,,0.18,,3,chuk_rwanda
2022-05-10 09:00:00,22.1,66,15.6,3.3,13.0,0.0,857.6,525.0,100,,0.34,,3,chuk_rwanda
2022-05-10 10:00:00,23.1,61,15.1,7.0,20.5,0.1,857.4,711.0,50,,0.48,,51,chuk_rwanda
2022-05-10 11:00:00,24.0,57,14.8,6.9,21.2,0.1,856.9,744.0,38,,0.52,,51,chuk_rwanda
2022-05-10 12:00:00,24.8,57,15.6,6.8,20.9,0.1,856.3,823.0,26,,0.58,,51,chuk_rwanda
2022-05-10 13:00:00,25.7,54,15.7,5.6,20.9,0.0,855.4,773.0,24,,0.56,,1,chuk_rwanda
2022-05-10 14:00:00,25.4,55,15.8,6.9,18.4,0.0,854.8,769.0,32,,0.55,,1,chuk_rwanda
2022-05-10 15:00:00,25.0,56,15.6,7.0,19.8,0.0,853.8,534.0,100,,0.39,,3,chuk_rwanda
2022-05-10 16:00:00,25.1,54,15.1,7.2,18.7,0.0,853.4,323.0,49,,0.26,,1,chuk_rwanda
2022-05-10 17:00:00,23.9,60,15.6,5.5,19.1,0.2,853.3,173.0,79,,0.14,,51,chuk_rwanda
2022-05-10 18:00:00,23.4,59,14.9,4.3,12.2,0.0,853.8,43.0,58,,0.05,,2,chuk_rwanda
2022-05-10 19:00:00,20.4,75,15.7,4.5,8.6,0.0,853.4,0.0,46,,0.0,,1,chuk_rwanda
2022-05-10 20:00:00,19.4,80,15.9,4.6,9.0,0.0,853.7,0.0,25,,0.0,,1,chuk_rwanda
2022-05-10 21:00:00,18.4,88,16.3,4.8,9.0,0.0,853.9,0.0,16,,0.0,,0,chuk_rwanda
2022-05-10 22:00:00,17.4,93,16.2,5.9,9.7,0.0,853.7,0.0,42,,0.0,,1,chuk_rwanda
2022-05-10 23:00:00,17.2,92,15.9,5.9,10.4,0.0,853.4,0.0,63,,0.0,,2,chuk_rwanda
2022-05-11 00:00:00,17.0,91,15.6,6.3,11.2,0.0,853.1,0.0,92,,0.0,,3,chuk_rwanda
2022-05-11 01:00:00,16.8,91,15.2,6.8,12.2,0.0,852.6,0.0,97,,0.0,,3,chuk_rwanda
2022-05-11 02:00:00,15.4,92,14.1,4.3,11.9,0.0,851.9,0.0,5,,0.0,,0,chuk_rwanda
2022-05-11 03:00:00,16.4,88,14.4,3.1,7.2,0.0,852.6,0.0,24,,0.0,,1,chuk_rwanda
2022-05-11 04:00:00,16.2,89,14.3,4.4,7.9,0.0,852.9,0.0,28,,0.0,,1,chuk_rwanda
2022-05-11 05:00:00,15.9,89,14.2,4.7,8.6,0.0,853.1,0.0,30,,0.0,,1,chuk_rwanda
2022-05-11 06:00:00,15.4,90,13.9,6.0,10.4,0.0,853.2,0.0,3,,0.02,,0,chuk_rwanda
2022-05-11 07:00:00,17.4,85,14.8,6.2,12.2,0.0,854.7,84.0,6,,0.04,,0,chuk_rwanda
2022-05-11 08:00:00,20.7,71,15.2,4.3,12.6,0.0,857.0,310.0,11,,0.19,,0,chuk_rwanda
2022-05-11 09:00:00,22.4,64,15.2,5.6,17.6,0.0,857.6,542.0,42,,0.35,,1,chuk_rwanda
2022-05-11 10:00:00,23.6,58,14.9,7.2,20.2,0.1,857.6,690.0,45,,0.47,,51,chuk_rwanda
2022-05-11 11:00:00,24.6,54,14.6,8.4,23.4,0.1,857.5,787.0,97,,0.55,,51,chuk_rwanda
2022-05-11 12:00:00,25.6,51,14.6,9.2,25.2,0.0,856.8,855.0,97,,0.61,,3,chuk_rwanda
2022-05-11 13:00:00,26.0,51,14.9,10.4,26.6,0.0,856.0,766.0,99,,0.56,,3,chuk_rwanda
2022-05-11 14:00:00,24.2,60,15.9,10.2,28.8,0.1,854.9,795.0,80,,0.54,,51,chuk_rwanda
2022-05-11 15:00:00,24.9,57,15.9,8.5,26.3,0.0,854.3,593.0,21,,0.42,,1,chuk_rwanda
2022-05-11 16:00:00,25.2,55,15.5,8.2,23.8,0.0,854.2,496.0,100,,0.36,,3,chuk_rwanda
2022-05-11 17:00:00,22.5,65,15.5,7.4,21.2,0.3,854.0,228.0,97,,0.16,,51,chuk_rwanda
2022-05-11 18:00:00,18.5,88,16.5,16.1,31.7,1.3,853.7,36.0,93,,0.04,,61,chuk_rwanda
2022-05-11 19:00:00,17.6,93,16.4,7.8,32.4,0.0,853.5,0.0,77,,0.0,,2,chuk_rwanda
2022-05-11 20:00:00,18.1,89,16.3,8.7,18.0,0.0,854.9,0.0,100,,0.0,,3,chuk_rwanda
2022-05-11 21:00:00,18.5,86,16.0,6.3,17.6,0.0,855.5,0.0,100,,0.0,,3,chuk_rwanda
2022-05-11 22:00:00,16.9,93,15.8,4.9,13.0,0.0,854.9,0.0,80,,0.0,,3,chuk_rwanda
2022-05-11 23:00:00,17.0,94,16.0,4.6,9.4,0.0,855.1,0.0,91,,0.0,,3,chuk_rwanda
2022-05-12 00:00:00,16.5,96,15.9,5.4,7.2,0.0,854.6,0.0,100,,0.0,,3,chuk_rwanda
2022-05-12 01:00:00,17.0,96,16.3,3.4,7.2,0.0,854.3,0.0,100,,0.0,,3,chuk_rwanda
2022-05-12 02:00:00,17.6,89,15.8,5.2,5.8,0.0,854.0,0.0,100,,0.0,,3,chuk_rwanda
2022-05-12 03:00:00,17.7,89,15.8,4.0,10.1,0.0,853.9,0.0,100,,0.0,,3,chuk_rwanda
2022-05-12 04:00:00,17.4,90,15.8,4.2,8.3,0.0,853.8,0.0,100,,0.0,,3,chuk_rwanda
2022-05-12 05:00:00,17.1,91,15.6,3.8,8.3,0.0,854.1,0.0,100,,0.0,,3,chuk_rwanda
2022-05-12 06:00:00,16.8,92,15.5,2.6,6.8,0.0,854.3,0.0,99,,0.01,,3,chuk_rwanda
2022-05-12 07:00:00,18.2,87,16.1,3.3,8.6,0.0,856.0,77.0,99,,0.04,,3,chuk_rwanda
2022-05-12 08:00:00,20.5,74,15.6,3.1,11.2,0.0,857.7,295.0,100,,0.18,,3,chuk_rwanda
2022-05-12 09:00:00,21.6,68,15.4,6.4,18.7,0.0,858.4,467.0,98,,0.31,,3,chuk_rwanda
2022-05-12 10:00:00,22.3,64,15.1,8.5,22.7,0.1,858.6,531.0,99,,0.36,,51,chuk_rwanda
2022-05-12 11:00:00,23.4,63,15.9,6.6,25.6,0.0,858.3,745.0,100,,0.51,,3,chuk_rwanda
2022-05-12 12:00:00,24.5,59,15.9,7.2,23.4,0.0,857.6,755.0,100,,0.53,,3,chuk_rwanda
2022-05-12 13:00:00,25.1,55,15.4,8.0,21.6,0.0,856.5,576.0,100,,0.43,,3,chuk_rwanda
2022-05-12 14:00:00,26.0,50,14.7,8.4,21.2,0.0,855.7,466.0,100,,0.37,,3,chuk_rwanda
2022-05-12 15:00:00,24.5,55,14.9,11.4,27.7,0.9,855.1,601.0,98,,0.43,,53,chuk_rwanda
2022-05-12 16:00:00,23.4,62,15.6,6.6,27.4,0.1,854.9,324.0,99,,0.24,,51,chuk_rwanda
2022-05-12 17:00:00,23.0,66,16.2,4.4,15.5,0.0,855.1,193.0,100,,0.14,,3,chuk_rwanda
2022-05-12 18:00:00,20.9,76,16.5,4.4,10.8,0.0,854.9,44.0,100,,0.03,,3,chuk_rwanda
2022-05-12 19:00:00,20.2,84,17.5,3.3,9.4,0.0,855.1,0.0,49,,0.0,,1,chuk_rwanda
2022-05-12 20:00:00,19.9,81,16.4,2.6,6.1,0.0,855.5,0.0,39,,0.0,,1,chuk_rwanda
2022-05-12 21:00:00,19.1,82,16.0,6.1,10.1,0.0,855.7,0.0,73,,0.0,,2,chuk_rwanda
2022-05-12 22:00:00,18.7,84,16.0,5.6,10.8,0.0,855.7,0.0,100,,0.0,,3,chuk_rwanda
2022-05-12 23:00:00,18.0,87,15.8,7.4,13.0,0.0,855.4,0.0,100,,0.0,,3,chuk_rwanda
2022-05-13 00:00:00,17.5,88,15.6,7.4,13.7,0.0,854.9,0.0,100,,0.0,,3,chuk_rwanda
2022-05-13 01:00:00,16.9,90,15.2,7.4,13.7,0.0,854.1,0.0,100,,0.0,,3,chuk_rwanda
2022-05-13 02:00:00,15.9,95,15.1,4.9,14.0,0.0,854.0,0.0,100,,0.0,,3,chuk_rwanda
2022-05-13 03:00:00,15.4,95,14.6,5.1,10.1,0.0,853.5,0.0,100,,0.0,,3,chuk_rwanda
2022-05-13 04:00:00,15.1,95,14.2,5.4,10.4,0.0,853.5,0.0,98,,0.0,,3,chuk_rwanda
2022-05-13 05:00:00,15.0,94,14.1,5.4,10.8,0.0,853.6,0.0,100,,0.0,,3,chuk_rwanda
2022-05-13 06:00:00,14.9,93,13.8,6.0,11.9,0.0,853.4,0.0,100,,0.01,,3,chuk_rwanda
2022-05-13 07:00:00,17.0,87,14.8,7.1,14.0,0.0,854.9,80.0,100,,0.04,,3,chuk_rwanda
2022-05-13 08:00:00,20.2,77,16.0,2.7,14.0,0.0,857.5,295.0,100,,0.18,,3,chuk_rwanda
2022-05-13 09:00:00,22.1,64,14.9,4.2,14.4,0.0,858.3,523.0,100,,0.34,,3,chuk_rwanda
2022-05-13 10:00:00,23.3,58,14.6,9.0,23.8,0.0,858.6,728.0,99,,0.49,,3,chuk_rwanda
2022-05-13 11:00:00,23.5,56,14.2,10.0,25.6,0.1,858.2,684.0,100,,0.48,,51,chuk_rwanda
2022-05-13 12:00:00,24.6,51,13.9,8.4,25.9,0.0,857.6,858.0,98,,0.6,,3,chuk_rwanda
2022-05-13 13:00:00,25.0,49,13.6,8.1,23.8,0.0,856.4,779.0,100,,0.56,,3,chuk_rwanda
2022-05-13 14:00:00,25.4,48,13.4,10.2,22.7,0.1,856.0,743.0,92,,0.54,,51,chuk_rwanda
2022-05-13 15:00:00,25.2,48,13.4,9.4,25.9,0.0,855.2,591.0,91,,0.44,,3,chuk_rwanda
2022-05-13 16:00:00,24.9,49,13.4,6.5,23.8,0.0,854.9,362.0,33,,0.28,,1,chuk_rwanda
2022-05-13 17:00:00,24.8,53,14.6,3.1,15.1,0.0,854.8,233.0,13,,0.16,,0,chuk_rwanda
2022-05-13 18:00:00,22.3,64,15.2,4.3,7.9,0.0,853.8,53.0,30,,0.04,,1,chuk_rwanda
2022-05-13 19:00:00,20.8,70,15.1,3.9,8.3,0.0,854.0,0.0,26,,0.0,,1,chuk_rwanda
2022-05-13 20:00:00,19.6,71,14.3,4.8,8.3,0.0,854.5,0.0,66,,0.0,,2,chuk_rwanda
2022-05-13 21:00:00,18.5,76,14.1,4.7,9.7,0.0,854.2,0.0,44,,0.0,,1,chuk_rwanda
2022-05-13 22:00:00,18.0,78,14.1,4.0,9.0,0.0,854.2,0.0,24,,0.0,,1,chuk_rwanda
2022-05-13 23:00:00,17.2,84,14.4,2.9,9.0,0.0,854.3,0.0,7,,0.0,,0,chuk_rwanda
2022-05-14 00:00:00,16.8,84,14.1,1.8,6.1,0.0,854.2,0.0,21,,0.0,,1,chuk_rwanda
2022-05-14 01:00:00,16.5,82,13.6,1.6,2.9,0.0,853.8,0.0,56,,0.0,,2,chuk_rwanda
2022-05-14 02:00:00,16.0,82,12.9,4.3,9.0,0.0,853.5,0.0,94,,0.0,,3,chuk_rwanda
2022-05-14 03:00:00,15.9,83,13.0,5.1,10.1,0.0,853.3,0.0,94,,0.0,,3,chuk_rwanda
2022-05-14 04:00:00,15.5,84,12.9,5.4,9.4,0.0,853.0,0.0,88,,0.0,,3,chuk_rwanda
2022-05-14 05:00:00,15.1,86,12.8,5.9,10.1,0.0,853.1,0.0,98,,0.0,,3,chuk_rwanda
2022-05-14 06:00:00,14.6,88,12.6,7.2,12.2,0.0,853.2,0.0,99,,0.02,,3,chuk_rwanda
2022-05-14 07:00:00,16.6,82,13.5,6.9,13.7,0.0,854.8,84.0,55,,0.04,,2,chuk_rwanda
2022-05-14 08:00:00,20.6,68,14.5,3.3,13.3,0.0,857.5,310.0,15,,0.19,,0,chuk_rwanda
2022-05-14 09:00:00,22.4,61,14.6,4.8,15.8,0.0,858.5,542.0,18,,0.35,,0,chuk_rwanda
2022-05-14 10:00:00,23.6,57,14.5,9.0,23.8,0.0,858.7,737.0,21,,0.5,,1,chuk_rwanda
2022-05-14 11:00:00,24.5,52,14.0,10.0,26.6,0.0,858.4,797.0,20,,0.56,,1,chuk_rwanda
2022-05-14 12:00:00,25.2,49,13.8,9.2,26.3,0.1,857.7,854.0,50,,0.61,,51,chuk_rwanda
2022-05-14 13:00:00,25.4,50,14.1,9.4,25.2,0.0,856.5,785.0,93,,0.57,,3,chuk_rwanda
2022-05-14 14:00:00,25.0,50,14.0,9.7,24.5,0.0,855.9,656.0,68,,0.48,,2,chuk_rwanda
2022-05-14 15:00:00,24.9,50,13.9,9.2,24.5,0.0,855.1,571.0,49,,0.42,,1,chuk_rwanda
2022-05-14 16:00:00,24.7,51,13.8,8.8,23.0,0.0,855.0,420.0,67,,0.32,,2,chuk_rwanda
2022-05-14 17:00:00,24.2,54,14.4,4.7,20.2,0.0,855.1,255.0,22,,0.18,,1,chuk_rwanda
2022-05-14 18:00:00,22.0,66,15.5,4.1,10.4,0.0,854.4,58.0,19,,0.04,,0,chuk_rwanda
2022-05-14 19:00:00,21.0,67,14.6,5.0,10.1,0.0,854.4,0.0,13,,0.01,,0,chuk_rwanda
2022-05-14 20:00:00,19.9,71,14.4,4.3,10.1,0.0,854.5,0.0,14,,0.0,,0,chuk_rwanda
2022-05-14 21:00:00,19.0,75,14.5,3.0,8.6,0.0,854.6,0.0,68,,0.0,,2,chuk_rwanda
2022-05-14 22:00:00,18.2,77,14.2,2.9,6.5,0.0,854.9,0.0,13,,0.0,,0,chuk_rwanda
2022-05-14 23:00:00,17.6,81,14.3,1.8,6.5,0.0,855.0,0.0,16,,0.0,,0,chuk_rwanda
2022-05-15 00:00:00,17.1,79,13.4,3.1,6.1,0.0,854.4,0.0,8,,0.0,,0,chuk_rwanda
2022-05-15 01:00:00,15.9,85,13.4,3.4,6.5,0.0,853.6,0.0,4,,0.0,,0,chuk_rwanda
2022-05-15 02:00:00,15.4,88,13.4,4.9,10.4,0.0,852.9,0.0,13,,0.0,,0,chuk_rwanda
2022-05-15 03:00:00,15.4,87,13.2,5.9,10.4,0.0,852.8,0.0,5,,0.0,,0,chuk_rwanda
2022-05-15 04:00:00,15.1,88,13.1,5.2,10.8,0.0,852.9,0.0,63,,0.0,,2,chuk_rwanda
2022-05-15 05:00:00,14.7,90,13.0,5.4,9.7,0.0,853.4,0.0,100,,0.0,,3,chuk_rwanda
2022-05-15 06:00:00,14.4,91,12.9,5.5,9.7,0.0,853.8,0.0,95,,0.02,,3,chuk_rwanda
2022-05-15 07:00:00,16.6,84,13.9,6.4,13.3,0.0,855.7,83.0,9,,0.04,,0,chuk_rwanda
2022-05-15 08:00:00,20.5,70,14.8,1.9,12.6,0.0,858.3,311.0,49,,0.18,,1,chuk_rwanda
2022-05-15 09:00:00,22.1,61,14.2,7.2,19.1,0.0,859.2,507.0,78,,0.33,,2,chuk_rwanda
2022-05-15 10:00:00,23.3,55,13.7,10.1,25.9,0.0,859.6,708.0,34,,0.48,,1,chuk_rwanda
2022-05-15 11:00:00,24.0,52,13.5,9.2,28.1,0.0,859.1,738.0,12,,0.52,,0,chuk_rwanda
2022-05-15 12:00:00,25.2,47,13.1,7.2,24.1,0.2,858.4,889.0,27,,0.63,,51,chuk_rwanda
2022-05-15 13:00:00,25.9,46,13.4,7.3,22.0,0.1,857.5,881.0,15,,0.63,,51,chuk_rwanda
2022-05-15 14:00:00,24.7,51,14.0,7.6,22.0,0.0,856.8,745.0,23,,0.53,,1,chuk_rwanda
2022-05-15 15:00:00,25.5,49,14.1,9.5,24.1,0.0,856.2,607.0,29,,0.45,,1,chuk_rwanda
2022-05-15 16:00:00,25.1,49,13.6,12.0,26.3,0.0,855.9,397.0,82,,0.32,,3,chuk_rwanda
2022-05-15 17:00:00,22.6,61,14.8,10.9,29.5,0.1,855.9,160.0,44,,0.15,,51,chuk_rwanda
2022-05-15 18:00:00,21.0,75,16.4,3.1,23.4,0.0,855.7,50.0,27,,0.03,,1,chuk_rwanda
2022-05-15 19:00:00,20.0,79,16.2,2.5,7.6,0.0,856.0,0.0,26,,0.0,,1,chuk_rwanda
2022-05-15 20:00:00,19.2,81,15.9,2.6,5.8,0.0,856.3,0.0,31,,0.0,,1,chuk_rwanda
2022-05-15 21:00:00,18.7,83,15.8,3.1,5.4,0.0,856.8,0.0,19,,0.0,,0,chuk_rwanda
2022-05-15 22:00:00,17.8,88,15.7,2.6,5.8,0.0,856.9,0.0,25,,0.0,,1,chuk_rwanda
2022-05-15 23:00:00,17.1,90,15.5,2.7,4.0,0.0,856.6,0.0,28,,0.0,,1,chuk_rwanda
2022-05-16 00:00:00,16.9,89,15.0,5.6,7.6,0.0,856.3,0.0,13,,0.0,,0,chuk_rwanda
2022-05-16 01:00:00,16.1,91,14.8,6.1,10.4,0.0,855.4,0.0,8,,0.0,,0,chuk_rwanda
2022-05-16 02:00:00,15.4,94,14.5,3.8,10.4,0.0,854.9,0.0,6,,0.0,,0,chuk_rwanda
2022-05-16 03:00:00,15.9,92,14.5,5.9,10.1,0.0,854.8,0.0,11,,0.0,,0,chuk_rwanda
2022-05-16 04:00:00,15.6,92,14.3,6.1,10.8,0.0,854.8,0.0,2,,0.0,,0,chuk_rwanda
2022-05-16 05:00:00,15.3,92,14.1,4.8,10.4,0.0,854.9,0.0,2,,0.0,,0,chuk_rwanda
2022-05-16 06:00:00,15.1,92,13.8,6.1,10.4,0.0,855.3,0.0,16,,0.02,,0,chuk_rwanda
2022-05-16 07:00:00,16.8,88,14.8,4.7,10.4,0.0,856.5,82.0,7,,0.03,,0,chuk_rwanda
2022-05-16 08:00:00,20.0,74,15.1,2.0,9.7,0.0,858.9,300.0,21,,0.18,,1,chuk_rwanda
2022-05-16 09:00:00,21.4,66,14.8,8.4,21.6,0.0,859.4,524.0,28,,0.33,,1,chuk_rwanda
2022-05-16 10:00:00,22.2,62,14.6,10.5,27.7,0.0,859.6,620.0,23,,0.41,,1,chuk_rwanda
2022-05-16 11:00:00,23.5,56,14.3,8.7,26.6,0.2,859.1,787.0,31,,0.54,,51,chuk_rwanda
2022-05-16 12:00:00,24.5,52,14.0,8.4,23.8,0.2,858.6,831.0,43,,0.58,,51,chuk_rwanda
2022-05-16 13:00:00,25.2,51,14.3,8.2,23.8,0.3,857.5,830.0,39,,0.59,,51,chuk_rwanda
2022-05-16 14:00:00,24.5,49,13.2,7.4,23.4,0.0,857.0,802.0,26,,0.56,,1,chuk_rwanda
2022-05-16 15:00:00,24.9,47,12.9,7.7,20.2,0.0,856.0,529.0,39,,0.4,,1,chuk_rwanda
2022-05-16 16:00:00,24.2,48,12.6,9.2,21.2,0.0,855.7,296.0,100,,0.25,,3,chuk_rwanda
2022-05-16 17:00:00,22.8,54,13.1,11.1,24.8,0.0,856.0,139.0,74,,0.15,,2,chuk_rwanda
2022-05-16 18:00:00,21.1,63,13.8,8.5,24.8,0.0,855.9,23.0,36,,0.07,,1,chuk_rwanda
2022-05-16 19:00:00,20.0,75,15.4,2.9,19.1,0.0,856.0,0.0,45,,0.0,,1,chuk_rwanda
2022-05-16 20:00:00,20.0,73,15.1,0.7,7.2,0.0,856.7,0.0,100,,0.0,,3,chuk_rwanda
2022-05-16 21:00:00,19.5,74,14.6,1.9,4.3,0.0,856.8,0.0,73,,0.0,,2,chuk_rwanda
2022-05-16 22:00:00,18.8,77,14.6,2.9,5.4,0.0,856.4,0.0,6,,0.0,,0,chuk_rwanda
2022-05-16 23:00:00,17.6,81,14.4,3.7,7.6,0.0,855.9,0.0,10,,0.0,,0,chuk_rwanda
2022-05-17 00:00:00,17.0,82,14.0,3.3,6.5,0.0,855.5,0.0,14,,0.0,,0,chuk_rwanda
2022-05-17 01:00:00,16.5,83,13.7,3.6,6.8,0.0,854.8,0.0,7,,0.0,,0,chuk_rwanda
2022-05-17 02:00:00,16.0,86,13.6,5.5,7.2,0.0,855.0,0.0,11,,0.0,,0,chuk_rwanda
2022-05-17 03:00:00,16.5,83,13.6,5.6,11.9,0.0,855.0,0.0,100,,0.0,,3,chuk_rwanda
2022-05-17 04:00:00,16.8,82,13.8,4.9,11.2,0.0,855.0,0.0,100,,0.0,,3,chuk_rwanda
2022-05-17 05:00:00,16.8,82,13.8,4.8,9.4,0.0,855.2,0.0,100,,0.0,,3,chuk_rwanda
2022-05-17 06:00:00,16.4,84,13.8,5.1,9.4,0.0,855.3,0.0,99,,0.02,,3,chuk_rwanda
2022-05-17 07:00:00,17.5,82,14.4,4.4,11.2,0.0,856.6,62.0,38,,0.04,,1,chuk_rwanda
2022-05-17 08:00:00,19.8,72,14.5,3.8,12.6,0.0,858.3,299.0,12,,0.18,,0,chuk_rwanda
2022-05-17 09:00:00,21.3,66,14.6,6.6,19.8,0.0,858.8,528.0,21,,0.34,,1,chuk_rwanda
2022-05-17 10:00:00,22.8,59,14.4,10.1,25.9,0.0,859.1,718.0,34,,0.47,,1,chuk_rwanda
2022-05-17 11:00:00,23.5,55,13.9,9.3,26.6,0.0,858.6,719.0,46,,0.5,,1,chuk_rwanda
2022-05-17 12:00:00,24.2,52,13.8,8.4,25.2,0.1,857.8,744.0,32,,0.53,,51,chuk_rwanda
2022-05-17 13:00:00,24.8,49,13.5,7.9,23.8,0.0,856.9,811.0,39,,0.57,,1,chuk_rwanda
2022-05-17 14:00:00,24.6,50,13.4,8.9,23.0,0.1,856.2,731.0,84,,0.52,,51,chuk_rwanda
2022-05-17 15:00:00,24.3,50,13.4,8.2,22.7,0.0,855.4,462.0,92,,0.35,,3,chuk_rwanda
2022-05-17 16:00:00,24.2,50,13.2,6.7,20.2,0.0,855.2,273.0,72,,0.23,,2,chuk_rwanda
2022-05-17 17:00:00,23.6,54,13.8,5.6,16.2,0.0,854.7,190.0,32,,0.15,,1,chuk_rwanda
2022-05-17 18:00:00,21.7,61,13.9,6.6,13.7,0.0,854.2,53.0,100,,0.05,,3,chuk_rwanda
2022-05-17 19:00:00,20.8,66,14.1,5.1,14.8,0.0,854.4,0.0,100,,0.01,,3,chuk_rwanda
2022-05-17 20:00:00,20.8,65,14.1,5.9,13.3,0.0,855.3,0.0,99,,0.01,,3,chuk_rwanda
2022-05-17 21:00:00,19.9,70,14.2,4.9,14.0,0.0,855.5,0.0,96,,0.0,,3,chuk_rwanda
2022-05-17 22:00:00,19.0,76,14.6,4.5,11.9,0.0,855.4,0.0,95,,0.0,,3,chuk_rwanda
2022-05-17 23:00:00,18.1,79,14.4,3.5,10.1,0.0,855.0,0.0,58,,0.0,,2,chuk_rwanda
2022-05-18 00:00:00,17.6,82,14.4,3.3,8.6,0.0,854.7,0.0,91,,0.0,,3,chuk_rwanda
2022-05-18 01:00:00,17.4,81,14.1,2.4,8.3,0.0,854.4,0.0,100,,0.0,,3,chuk_rwanda
2022-05-18 02:00:00,17.6,81,14.4,4.1,7.2,0.0,854.5,0.0,100,,0.0,,3,chuk_rwanda
2022-05-18 03:00:00,17.6,81,14.4,4.3,9.4,0.0,854.0,0.0,99,,0.0,,3,chuk_rwanda
2022-05-18 04:00:00,17.5,82,14.3,4.4,7.9,0.0,853.7,0.0,100,,0.0,,3,chuk_rwanda
2022-05-18 05:00:00,17.6,81,14.4,4.1,7.9,0.0,854.1,0.0,99,,0.0,,3,chuk_rwanda
2022-05-18 06:00:00,17.4,81,14.1,4.8,7.6,0.0,854.4,0.0,100,,0.02,,3,chuk_rwanda
2022-05-18 07:00:00,18.0,81,14.7,4.8,10.4,0.0,855.2,75.0,90,,0.04,,3,chuk_rwanda
2022-05-18 08:00:00,20.1,70,14.4,3.4,11.2,0.0,856.9,241.0,90,,0.15,,3,chuk_rwanda
2022-05-18 09:00:00,21.5,64,14.3,8.4,21.2,0.0,857.8,472.0,67,,0.31,,2,chuk_rwanda
2022-05-18 10:00:00,22.2,60,13.9,11.1,27.7,0.0,858.2,537.0,85,,0.37,,3,chuk_rwanda
2022-05-18 11:00:00,23.6,53,13.5,10.5,28.8,0.1,858.0,778.0,55,,0.53,,51,chuk_rwanda
2022-05-18 12:00:00,24.2,51,13.4,9.7,27.4,0.2,857.2,746.0,47,,0.53,,51,chuk_rwanda
2022-05-18 13:00:00,24.8,50,13.5,7.3,25.9,0.1,856.1,711.0,100,,0.51,,51,chuk_rwanda
2022-05-18 14:00:00,23.7,52,13.2,7.5,22.3,0.0,855.7,768.0,85,,0.53,,3,chuk_rwanda
2022-05-18 15:00:00,24.1,50,13.0,8.7,21.6,0.0,854.9,439.0,100,,0.34,,3,chuk_rwanda
2022-05-18 16:00:00,23.1,52,12.6,8.8,22.0,0.0,854.1,158.0,100,,0.17,,3,chuk_rwanda
2022-05-18 17:00:00,22.8,55,13.2,6.1,20.5,0.0,854.4,94.0,100,,0.11,,3,chuk_rwanda
2022-05-18 18:00:00,22.0,67,15.4,2.5,14.4,0.0,854.2,29.0,100,,0.03,,3,chuk_rwanda
2022-05-18 19:00:00,21.3,68,15.1,3.2,8.3,0.0,854.6,0.0,100,,0.0,,3,chuk_rwanda
2022-05-18 20:00:00,20.5,67,14.1,3.7,9.0,0.0,855.0,0.0,99,,0.0,,3,chuk_rwanda
2022-05-18 21:00:00,20.7,58,12.1,4.0,10.4,0.0,855.7,0.0,99,,0.01,,3,chuk_rwanda
2022-05-18 22:00:00,18.5,75,13.9,2.3,8.3,0.0,855.0,0.0,100,,0.0,,3,chuk_rwanda
2022-05-18 23:00:00,17.8,73,12.9,4.1,6.8,0.0,854.7,0.0,99,,0.0,,3,chuk_rwanda
2022-05-19 00:00:00,16.6,78,12.8,4.1,7.2,0.0,854.0,0.0,99,,0.0,,3,chuk_rwanda
2022-05-19 01:00:00,15.9,82,12.7,4.5,7.6,0.0,853.3,0.0,99,,0.0,,3,chuk_rwanda
2022-05-19 02:00:00,15.6,87,13.4,4.6,7.9,0.0,853.5,0.0,99,,0.0,,3,chuk_rwanda
2022-05-19 03:00:00,15.9,83,13.1,6.4,10.8,0.0,853.3,0.0,99,,0.0,,3,chuk_rwanda
2022-05-19 04:00:00,15.7,83,12.9,6.1,12.6,0.0,853.3,0.0,100,,0.0,,3,chuk_rwanda
2022-05-19 05:00:00,15.2,85,12.6,5.6,11.2,0.0,853.3,0.0,100,,0.0,,3,chuk_rwanda
2022-05-19 06:00:00,14.6,87,12.4,6.4,10.1,0.0,853.4,0.0,99,,0.02,,3,chuk_rwanda
2022-05-19 07:00:00,16.4,82,13.2,6.0,12.2,0.0,854.6,78.0,100,,0.04,,3,chuk_rwanda
2022-05-19 08:00:00,20.2,67,14.0,2.4,11.5,0.0,857.2,293.0,100,,0.17,,3,chuk_rwanda
2022-05-19 09:00:00,22.2,57,13.2,3.9,14.0,0.0,858.0,507.0,100,,0.33,,3,chuk_rwanda
2022-05-19 10:00:00,23.3,51,12.7,8.4,22.3,0.0,858.6,661.0,100,,0.46,,3,chuk_rwanda
2022-05-19 11:00:00,24.2,48,12.5,9.8,26.6,0.0,858.3,811.0,100,,0.57,,3,chuk_rwanda
2022-05-19 12:00:00,25.1,44,12.1,8.4,26.6,0.0,857.6,829.0,100,,0.59,,3,chuk_rwanda
2022-05-19 13:00:00,24.9,44,11.8,6.3,23.4,0.0,856.4,456.0,62,,0.36,,2,chuk_rwanda
2022-05-19 14:00:00,24.5,47,12.3,5.6,18.7,0.0,856.0,510.0,100,,0.38,,3,chuk_rwanda
2022-05-19 15:00:00,24.2,48,12.4,6.5,16.2,0.0,855.1,297.0,67,,0.25,,2,chuk_rwanda
2022-05-19 16:00:00,24.1,48,12.5,4.7,15.8,0.0,854.7,216.0,98,,0.19,,3,chuk_rwanda
2022-05-19 17:00:00,24.2,49,12.9,2.2,12.2,0.0,854.9,230.0,96,,0.15,,3,chuk_rwanda
2022-05-19 18:00:00,23.2,49,11.9,1.3,4.3,0.0,854.4,57.0,96,,0.02,,3,chuk_rwanda
2022-05-19 19:00:00,20.4,72,15.1,3.1,5.8,0.0,853.5,0.0,96,,0.0,,3,chuk_rwanda
2022-05-19 20:00:00,19.6,67,13.3,3.0,5.4,0.0,853.5,0.0,89,,0.0,,3,chuk_rwanda
2022-05-19 21:00:00,18.4,71,13.0,2.9,5.8,0.0,853.7,0.0,54,,0.0,,2,chuk_rwanda
2022-05-19 22:00:00,17.0,80,13.4,1.8,5.0,0.0,853.5,0.0,100,,0.0,,3,chuk_rwanda
2022-05-19 23:00:00,16.5,81,13.2,1.5,5.0,0.0,853.5,0.0,100,,0.0,,3,chuk_rwanda
2022-05-20 00:00:00,16.9,76,12.6,4.4,8.3,0.0,853.9,0.0,99,,0.0,,3,chuk_rwanda
2022-05-20 01:00:00,16.4,77,12.2,4.2,8.6,0.0,853.2,0.0,100,,0.0,,3,chuk_rwanda
2022-05-20 02:00:00,15.4,82,12.4,5.6,9.4,0.0,853.1,0.0,99,,0.0,,3,chuk_rwanda
2022-05-20 03:00:00,15.2,83,12.4,5.9,10.8,0.0,852.5,0.0,89,,0.0,,3,chuk_rwanda
2022-05-20 04:00:00,14.9,84,12.1,5.9,10.4,0.0,852.6,0.0,22,,0.0,,1,chuk_rwanda
2022-05-20 05:00:00,14.4,85,11.9,4.9,10.4,0.0,852.5,0.0,50,,0.0,,2,chuk_rwanda
2022-05-20 06:00:00,14.1,86,11.8,6.3,10.4,0.0,852.8,0.0,62,,0.02,,2,chuk_rwanda
2022-05-20 07:00:00,15.9,81,12.7,7.5,14.8,0.0,854.1,82.0,9,,0.04,,0,chuk_rwanda
2022-05-20 08:00:00,20.1,66,13.6,4.0,14.4,0.0,856.7,304.0,85,,0.18,,3,chuk_rwanda
2022-05-20 09:00:00,22.2,55,12.6,5.7,17.3,0.0,857.8,533.0,99,,0.35,,3,chuk_rwanda
2022-05-20 10:00:00,23.2,50,12.2,9.6,25.2,0.0,858.2,722.0,100,,0.49,,3,chuk_rwanda
2022-05-20 11:00:00,24.1,48,12.4,8.8,25.9,0.0,857.8,856.0,100,,0.59,,3,chuk_rwanda
2022-05-20 12:00:00,25.5,44,12.2,7.2,24.5,0.0,857.6,909.0,100,,0.64,,3,chuk_rwanda
2022-05-20 13:00:00,25.5,42,11.8,6.6,21.6,0.0,856.5,605.0,100,,0.46,,3,chuk_rwanda
2022-05-20 14:00:00,23.8,48,12.2,6.9,21.2,0.0,856.0,400.0,100,,0.32,,3,chuk_rwanda
2022-05-20 15:00:00,24.2,47,12.2,4.7,16.9,0.0,855.3,322.0,100,,0.26,,3,chuk_rwanda
2022-05-20 16:00:00,24.6,46,12.1,6.8,16.2,0.0,854.9,366.0,100,,0.28,,3,chuk_rwanda
2022-05-20 17:00:00,23.7,53,13.7,3.8,16.2,0.0,854.7,159.0,100,,0.13,,3,chuk_rwanda
2022-05-20 18:00:00,21.6,69,15.6,4.4,7.9,0.0,854.2,46.0,100,,0.04,,3,chuk_rwanda
2022-05-20 19:00:00,21.1,64,14.0,3.8,7.9,0.0,854.4,0.0,100,,0.0,,3,chuk_rwanda
2022-05-20 20:00:00,20.1,68,14.1,5.0,9.7,0.0,855.1,0.0,100,,0.01,,3,chuk_rwanda
2022-05-20 21:00:00,19.6,68,13.6,1.9,9.7,0.0,855.5,0.0,100,,0.0,,3,chuk_rwanda
2022-05-20 22:00:00,18.0,75,13.6,3.3,5.8,0.0,855.1,0.0,100,,0.0,,3,chuk_rwanda
2022-05-20 23:00:00,17.0,77,13.0,4.0,7.2,0.0,854.7,0.0,100,,0.0,,3,chuk_rwanda
2022-05-21 00:00:00,16.5,78,12.6,2.9,7.2,0.0,854.4,0.0,100,,0.0,,3,chuk_rwanda
2022-05-21 01:00:00,16.5,74,11.9,4.1,6.8,0.0,854.2,0.0,100,,0.0,,3,chuk_rwanda
2022-05-21 02:00:00,15.5,80,12.1,5.5,8.3,0.0,853.9,0.0,100,,0.0,,3,chuk_rwanda
2022-05-21 03:00:00,15.9,77,11.9,3.4,9.0,0.0,853.8,0.0,100,,0.0,,3,chuk_rwanda
2022-05-21 04:00:00,15.2,79,11.5,5.6,10.1,0.0,853.6,0.0,100,,0.0,,3,chuk_rwanda
2022-05-21 05:00:00,14.7,80,11.4,5.6,10.8,0.0,853.8,0.0,100,,0.0,,3,chuk_rwanda
2022-05-21 06:00:00,14.1,82,11.1,6.9,12.2,0.0,853.7,0.0,100,,0.03,,3,chuk_rwanda
2022-05-21 07:00:00,16.4,76,12.1,7.9,15.5,0.0,855.3,75.0,100,,0.05,,3,chuk_rwanda
2022-05-21 08:00:00,20.0,65,13.2,3.2,15.1,0.0,857.9,287.0,100,,0.17,,3,chuk_rwanda
2022-05-21 09:00:00,21.9,54,12.1,5.6,16.9,0.0,858.8,490.0,100,,0.33,,3,chuk_rwanda
2022-05-21 10:00:00,23.2,48,11.7,8.2,22.3,0.0,859.0,688.0,100,,0.47,,3,chuk_rwanda
2022-05-21 11:00:00,24.2,46,11.8,8.3,24.1,0.0,858.7,835.0,100,,0.58,,3,chuk_rwanda
2022-05-21 12:00:00,25.2,44,12.1,6.5,23.8,0.0,858.0,894.0,100,,0.63,,3,chuk_rwanda
2022-05-21 13:00:00,26.0,42,11.9,4.9,20.5,0.0,856.9,727.0,100,,0.53,,3,chuk_rwanda
2022-05-21 14:00:00,24.8,45,12.1,7.1,16.2,0.0,856.3,416.0,100,,0.34,,3,chuk_rwanda
2022-05-21 15:00:00,24.6,46,12.4,7.7,19.4,0.0,855.7,314.0,100,,0.27,,3,chuk_rwanda
2022-05-21 16:00:00,24.2,48,12.4,6.5,19.1,0.0,855.3,245.0,100,,0.21,,3,chuk_rwanda
2022-05-21 17:00:00,23.9,53,13.6,3.1,16.2,0.0,855.5,223.0,100,,0.15,,3,chuk_rwanda
2022-05-21 18:00:00,21.3,69,15.4,5.6,7.9,0.0,854.4,57.0,100,,0.04,,3,chuk_rwanda
2022-05-21 19:00:00,20.8,64,13.7,3.0,8.3,0.0,854.5,0.0,100,,0.0,,3,chuk_rwanda
2022-05-21 20:00:00,19.4,66,12.9,4.3,7.6,0.0,854.2,0.0,98,,0.0,,3,chuk_rwanda
2022-05-21 21:00:00,17.8,72,12.6,6.5,11.5,0.0,853.7,0.0,93,,0.01,,3,chuk_rwanda
2022-05-21 22:00:00,16.5,77,12.5,6.6,12.6,0.0,853.3,0.0,95,,0.0,,3,chuk_rwanda
2022-05-21 23:00:00,15.8,80,12.4,7.2,13.3,0.0,852.7,0.0,98,,0.0,,3,chuk_rwanda
2022-05-22 00:00:00,15.4,83,12.6,4.5,13.7,0.0,852.7,0.0,98,,0.0,,3,chuk_rwanda
2022-05-22 01:00:00,15.1,83,12.1,4.0,7.2,0.0,852.5,0.0,100,,0.0,,3,chuk_rwanda
2022-05-22 02:00:00,14.3,88,12.3,4.3,10.8,0.0,852.4,0.0,100,,0.0,,3,chuk_rwanda
2022-05-22 03:00:00,14.8,84,12.1,6.4,11.5,0.0,852.5,0.0,100,,0.0,,3,chuk_rwanda
2022-05-22 04:00:00,15.0,81,11.8,6.5,12.2,0.0,852.7,0.0,100,,0.0,,3,chuk_rwanda
2022-05-22 05:00:00,14.8,81,11.6,6.0,11.9,0.0,853.1,0.0,100,,0.0,,3,chuk_rwanda
2022-05-22 06:00:00,14.4,82,11.4,4.8,11.2,0.0,853.5,0.0,100,,0.02,,3,chuk_rwanda
2022-05-22 07:00:00,16.0,79,12.4,5.0,10.4,0.0,855.0,75.0,100,,0.04,,3,chuk_rwanda
2022-05-22 08:00:00,20.0,66,13.5,2.5,10.1,0.0,857.7,295.0,100,,0.17,,3,chuk_rwanda
2022-05-22 09:00:00,22.5,56,13.2,4.3,14.4,0.0,858.8,518.0,100,,0.34,,3,chuk_rwanda
2022-05-22 10:00:00,24.1,50,13.0,5.1,17.6,0.0,858.9,715.0,66,,0.49,,2,chuk_rwanda
2022-05-22 11:00:00,25.2,46,12.6,6.8,20.9,0.0,858.5,841.0,72,,0.59,,2,chuk_rwanda
2022-05-22 12:00:00,25.8,44,12.6,8.2,23.0,0.0,857.8,850.0,71,,0.61,,2,chuk_rwanda
2022-05-22 13:00:00,25.8,44,12.6,6.6,23.0,0.0,856.6,649.0,34,,0.49,,1,chuk_rwanda
2022-05-22 14:00:00,26.1,44,12.8,7.4,19.1,0.1,856.0,595.0,37,,0.46,,51,chuk_rwanda
2022-05-22 15:00:00,26.0,44,12.8,6.8,19.8,0.0,855.2,572.0,67,,0.43,,2,chuk_rwanda
2022-05-22 16:00:00,26.0,44,12.6,5.9,18.4,0.0,854.6,360.0,33,,0.28,,1,chuk_rwanda
2022-05-22 17:00:00,25.0,49,13.5,5.7,15.1,0.0,854.3,208.0,100,,0.17,,3,chuk_rwanda
2022-05-22 18:00:00,22.5,58,13.7,7.2,16.6,0.0,853.7,48.0,25,,0.06,,1,chuk_rwanda
2022-05-22 19:00:00,20.6,73,15.6,6.9,15.5,0.0,853.2,0.0,19,,0.01,,0,chuk_rwanda
2022-05-22 20:00:00,22.0,54,12.2,1.3,11.2,0.0,854.9,0.0,43,,0.0,,1,chuk_rwanda
2022-05-22 21:00:00,20.0,66,13.6,2.7,4.3,0.0,854.8,0.0,65,,0.0,,2,chuk_rwanda
2022-05-22 22:00:00,19.0,70,13.4,4.2,8.6,0.0,854.7,0.0,73,,0.0,,2,chuk_rwanda
2022-05-22 23:00:00,18.4,75,13.9,1.6,7.6,0.0,854.6,0.0,71,,0.0,,2,chuk_rwanda
2022-05-23 00:00:00,18.0,75,13.4,3.1,6.1,0.0,854.5,0.0,97,,0.0,,3,chuk_rwanda
2022-05-23 01:00:00,17.5,77,13.3,4.6,9.4,0.0,853.9,0.0,96,,0.0,,3,chuk_rwanda
2022-05-23 02:00:00,17.1,79,13.4,3.6,7.9,0.0,853.1,0.0,92,,0.0,,3,chuk_rwanda
2022-05-23 03:00:00,17.1,77,13.1,4.4,7.6,0.0,853.1,0.0,42,,0.0,,1,chuk_rwanda
2022-05-23 04:00:00,16.4,82,13.2,3.1,7.6,0.0,852.9,0.0,59,,0.0,,2,chuk_rwanda
2022-05-23 05:00:00,15.9,83,12.9,5.5,9.7,0.0,853.0,0.0,70,,0.0,,2,chuk_rwanda
2022-05-23 06:00:00,15.2,86,12.9,5.4,9.4,0.0,853.5,0.0,67,,0.02,,2,chuk_rwanda
2022-05-23 07:00:00,17.5,80,14.1,4.0,9.7,0.0,855.0,67.0,75,,0.04,,2,chuk_rwanda
2022-05-23 08:00:00,20.8,67,14.6,2.0,8.6,0.0,857.2,234.0,97,,0.15,,3,chuk_rwanda
2022-05-23 09:00:00,22.5,60,14.3,4.7,15.5,0.0,858.0,496.0,72,,0.33,,2,chuk_rwanda
2022-05-23 10:00:00,23.6,56,14.3,8.0,24.5,0.0,858.1,622.0,93,,0.43,,3,chuk_rwanda
2022-05-23 11:00:00,23.9,55,14.4,8.6,27.0,0.0,857.5,739.0,100,,0.51,,3,chuk_rwanda
2022-05-23 12:00:00,23.5,56,14.2,7.9,26.3,0.0,856.6,487.0,100,,0.36,,3,chuk_rwanda
2022-05-23 13:00:00,22.5,66,15.9,5.6,28.4,1.4,855.5,759.0,93,,0.51,,61,chuk_rwanda
2022-05-23 14:00:00,22.6,66,16.0,10.9,19.4,0.1,854.4,608.0,97,,0.41,,51,chuk_rwanda
2022-05-23 15:00:00,23.6,58,14.9,9.0,27.7,0.0,853.9,579.0,39,,0.4,,1,chuk_rwanda
2022-05-23 16:00:00,24.2,54,14.3,7.6,23.8,0.0,853.4,407.0,61,,0.3,,2,chuk_rwanda
2022-05-23 17:00:00,24.0,53,13.8,5.9,21.6,0.0,853.3,255.0,92,,0.18,,3,chuk_rwanda
2022-05-23 18:00:00,21.5,70,15.9,4.8,13.3,0.0,852.8,52.0,90,,0.04,,3,chuk_rwanda
2022-05-23 19:00:00,21.0,66,14.4,6.3,11.9,0.0,853.5,0.0,95,,0.02,,3,chuk_rwanda
2022-05-23 20:00:00,19.9,71,14.4,5.4,15.1,0.0,854.2,0.0,100,,0.01,,3,chuk_rwanda
2022-05-23 21:00:00,19.1,76,14.8,4.0,10.4,0.0,855.0,0.0,100,,0.0,,3,chuk_rwanda
2022-05-23 22:00:00,18.8,78,14.9,4.1,7.9,0.0,855.3,0.0,100,,0.0,,3,chuk_rwanda
2022-05-23 23:00:00,18.4,81,15.1,3.6,7.2,0.0,854.8,0.0,100,,0.0,,3,chuk_rwanda
2022-05-24 00:00:00,17.8,84,15.0,7.7,14.0,0.0,854.4,0.0,100,,0.0,,3,chuk_rwanda
2022-05-24 01:00:00,17.4,86,15.0,7.3,14.4,0.0,853.5,0.0,99,,0.0,,3,chuk_rwanda
2022-05-24 02:00:00,16.8,86,14.4,6.6,15.5,0.0,852.5,0.0,44,,0.0,,1,chuk_rwanda
2022-05-24 03:00:00,15.9,89,14.1,7.6,13.7,0.0,851.8,0.0,68,,0.0,,2,chuk_rwanda
2022-05-24 04:00:00,15.7,88,13.6,8.9,16.2,0.0,851.9,0.0,90,,0.0,,3,chuk_rwanda
2022-05-24 05:00:00,15.7,86,13.4,9.4,18.0,0.0,852.1,0.0,100,,0.0,,3,chuk_rwanda
2022-05-24 06:00:00,15.7,86,13.3,7.1,17.6,0.0,852.5,0.0,72,,0.02,,2,chuk_rwanda
2022-05-24 07:00:00,17.1,82,13.9,6.7,13.3,0.0,854.2,77.0,100,,0.04,,3,chuk_rwanda
2022-05-24 08:00:00,20.6,72,15.3,3.6,12.6,0.0,856.6,272.0,100,,0.17,,3,chuk_rwanda
2022-05-24 09:00:00,23.1,58,14.4,4.0,13.7,0.0,857.5,474.0,100,,0.32,,3,chuk_rwanda
2022-05-24 10:00:00,24.4,53,14.1,8.5,27.4,0.0,857.8,636.0,100,,0.45,,3,chuk_rwanda
2022-05-24 11:00:00,25.0,49,13.4,11.4,28.8,0.0,857.4,787.0,100,,0.56,,3,chuk_rwanda
2022-05-24 12:00:00,25.6,46,13.1,12.1,30.6,0.1,856.8,800.0,100,,0.58,,51,chuk_rwanda
2022-05-24 13:00:00,26.1,45,13.3,12.2,31.3,0.1,855.7,812.0,100,,0.6,,51,chuk_rwanda
2022-05-24 14:00:00,25.8,44,12.6,11.0,31.3,0.1,855.4,808.0,99,,0.58,,51,chuk_rwanda
2022-05-24 15:00:00,25.6,44,12.4,8.4,24.8,0.0,854.7,429.0,100,,0.35,,3,chuk_rwanda
2022-05-24 16:00:00,25.7,43,12.4,7.7,21.2,0.0,854.4,378.0,100,,0.3,,3,chuk_rwanda
2022-05-24 17:00:00,24.6,51,13.9,4.5,18.4,0.0,854.4,169.0,100,,0.14,,3,chuk_rwanda
2022-05-24 18:00:00,22.5,63,14.9,4.7,11.2,0.0,854.1,52.0,100,,0.04,,3,chuk_rwanda
2022-05-24 19:00:00,22.9,49,11.6,3.7,10.8,0.0,855.3,0.0,100,,0.01,,3,chuk_rwanda
2022-05-24 20:00:00,20.6,68,14.5,2.9,7.6,0.0,855.1,0.0,100,,0.0,,3,chuk_rwanda
2022-05-24 21:00:00,20.0,67,13.7,4.9,7.2,0.0,855.5,0.0,100,,0.01,,3,chuk_rwanda
2022-05-24 22:00:00,19.8,68,13.7,5.5,13.3,0.0,855.5,0.0,100,,0.01,,3,chuk_rwanda
2022-05-24 23:00:00,18.6,73,13.7,6.0,10.8,0.0,855.1,0.0,100,,0.01,,3,chuk_rwanda
2022-05-25 00:00:00,17.8,78,13.9,6.8,13.3,0.0,854.5,0.0,100,,0.0,,3,chuk_rwanda
2022-05-25 01:00:00,17.1,80,13.7,5.4,12.2,0.0,854.2,0.0,100,,0.0,,3,chuk_rwanda
2022-05-25 02:00:00,16.1,83,13.2,4.1,9.7,0.0,854.4,0.0,100,,0.0,,3,chuk_rwanda
2022-05-25 03:00:00,15.7,85,13.2,7.1,13.0,0.0,853.7,0.0,100,,0.0,,3,chuk_rwanda
2022-05-25 04:00:00,15.6,85,12.9,8.0,16.2,0.0,853.7,0.0,100,,0.0,,3,chuk_rwanda
2022-05-25 05:00:00,15.5,83,12.7,6.3,15.5,0.0,854.2,0.0,100,,0.0,,3,chuk_rwanda
2022-05-25 06:00:00,15.1,84,12.4,6.9,12.2,0.0,854.4,0.0,100,,0.02,,3,chuk_rwanda
2022-05-25 07:00:00,16.7,78,12.8,6.9,14.0,0.0,855.7,58.0,100,,0.04,,3,chuk_rwanda
2022-05-25 08:00:00,20.1,69,14.2,3.3,14.0,0.0,858.1,246.0,100,,0.15,,3,chuk_rwanda
2022-05-25 09:00:00,22.6,56,13.2,3.4,12.6,0.0,859.6,459.0,100,,0.31,,3,chuk_rwanda
2022-05-25 10:00:00,23.2,52,12.9,9.4,23.8,0.0,859.6,521.0,100,,0.38,,3,chuk_rwanda
2022-05-25 11:00:00,24.0,49,12.4,13.5,32.8,0.3,859.5,739.0,100,,0.52,,51,chuk_rwanda
2022-05-25 12:00:00,24.5,47,12.3,11.7,32.4,0.4,858.7,697.0,100,,0.51,,51,chuk_rwanda
2022-05-25 13:00:00,24.8,47,12.6,11.8,30.2,0.5,857.7,681.0,100,,0.5,,53,chuk_rwanda
2022-05-25 14:00:00,24.2,50,13.0,8.9,29.2,0.1,857.5,594.0,100,,0.44,,51,chuk_rwanda
2022-05-25 15:00:00,24.6,49,13.2,8.4,23.8,0.0,856.9,471.0,100,,0.36,,3,chuk_rwanda
2022-05-25 16:00:00,24.5,49,12.9,8.3,20.5,0.0,856.6,298.0,100,,0.25,,3,chuk_rwanda
2022-05-25 17:00:00,23.5,54,13.6,5.4,19.1,0.0,856.4,178.0,100,,0.14,,3,chuk_rwanda
2022-05-25 18:00:00,21.6,63,14.4,4.3,12.2,0.0,856.6,35.0,100,,0.04,,3,chuk_rwanda
2022-05-25 19:00:00,20.9,71,15.3,3.8,9.7,0.0,857.0,0.0,100,,0.0,,3,chuk_rwanda
2022-05-25 20:00:00,20.5,67,14.2,3.6,7.9,0.0,858.0,0.0,100,,0.0,,3,chuk_rwanda
2022-05-25 21:00:00,20.0,72,14.8,2.9,7.9,0.0,858.7,0.0,100,,0.0,,3,chuk_rwanda
2022-05-25 22:00:00,18.8,76,14.4,4.2,8.3,0.0,858.2,0.0,100,,0.0,,3,chuk_rwanda
2022-05-25 23:00:00,17.8,84,14.9,2.5,8.3,0.0,857.5,0.0,100,,0.0,,3,chuk_rwanda
2022-05-26 00:00:00,17.0,86,14.6,4.5,7.6,0.0,856.9,0.0,99,,0.0,,3,chuk_rwanda
2022-05-26 01:00:00,16.4,90,14.8,5.3,9.0,0.0,856.1,0.0,100,,0.0,,3,chuk_rwanda
2022-05-26 02:00:00,15.8,93,14.6,5.9,9.7,0.0,855.3,0.0,100,,0.0,,3,chuk_rwanda
2022-05-26 03:00:00,15.6,92,14.4,5.8,11.2,0.0,855.0,0.0,99,,0.0,,3,chuk_rwanda
2022-05-26 04:00:00,15.1,93,14.1,6.6,11.9,0.0,854.9,0.0,100,,0.0,,3,chuk_rwanda
2022-05-26 05:00:00,14.6,94,13.7,7.1,13.0,0.0,854.9,0.0,93,,0.0,,3,chuk_rwanda
2022-05-26 06:00:00,14.4,94,13.4,6.5,12.6,0.0,855.2,0.0,100,,0.01,,3,chuk_rwanda
2022-05-26 07:00:00,16.2,86,13.9,5.0,12.6,0.0,856.9,74.0,100,,0.03,,3,chuk_rwanda
2022-05-26 08:00:00,19.5,75,14.9,0.5,11.2,0.0,859.2,278.0,100,,0.16,,3,chuk_rwanda
2022-05-26 09:00:00,21.4,65,14.6,3.5,13.7,0.0,860.0,486.0,100,,0.31,,3,chuk_rwanda
2022-05-26 10:00:00,23.0,58,14.3,6.9,20.2,0.0,860.0,685.0,100,,0.46,,3,chuk_rwanda
2022-05-26 11:00:00,23.9,55,14.4,7.7,23.0,0.0,859.5,709.0,100,,0.49,,3,chuk_rwanda
2022-05-26 12:00:00,25.3,52,14.6,8.5,23.8,0.0,858.8,837.0,100,,0.59,,3,chuk_rwanda
2022-05-26 13:00:00,26.1,49,14.4,9.5,25.6,0.0,857.7,803.0,100,,0.58,,3,chuk_rwanda
2022-05-26 14:00:00,26.6,46,13.9,9.1,25.6,0.0,857.1,702.0,100,,0.53,,3,chuk_rwanda
2022-05-26 15:00:00,26.0,46,13.6,9.7,24.8,0.0,856.1,572.0,100,,0.43,,3,chuk_rwanda
2022-05-26 16:00:00,25.0,48,13.4,5.5,24.1,0.0,855.7,277.0,48,,0.23,,1,chuk_rwanda
2022-05-26 17:00:00,22.0,59,13.7,7.0,16.2,0.7,855.9,186.0,94,,0.15,,53,chuk_rwanda
2022-05-26 18:00:00,18.4,88,16.4,10.0,27.4,1.5,856.3,31.0,100,,0.03,,61,chuk_rwanda
2022-05-26 19:00:00,18.0,92,16.7,7.2,19.4,0.1,856.9,0.0,100,,0.0,,51,chuk_rwanda
2022-05-26 20:00:00,17.9,91,16.4,2.0,15.1,0.0,858.0,0.0,100,,0.0,,3,chuk_rwanda
2022-05-26 21:00:00,17.4,94,16.5,3.2,6.8,1.2,858.6,0.0,100,,0.0,,55,chuk_rwanda
2022-05-26 22:00:00,17.4,94,16.5,3.6,7.2,0.2,858.5,0.0,98,,0.0,,51,chuk_rwanda
2022-05-26 23:00:00,17.1,96,16.4,4.8,9.7,0.3,858.2,0.0,96,,0.0,,51,chuk_rwanda
2022-05-27 00:00:00,16.8,97,16.2,2.9,10.1,0.1,857.5,0.0,100,,0.0,,51,chuk_rwanda
2022-05-27 01:00:00,15.9,97,15.5,4.7,7.6,0.0,856.6,0.0,97,,0.0,,3,chuk_rwanda
2022-05-27 02:00:00,16.1,97,15.6,3.8,9.0,0.0,855.9,0.0,93,,0.0,,3,chuk_rwanda
2022-05-27 03:00:00,15.8,96,15.1,6.4,14.0,0.0,855.8,0.0,58,,0.0,,2,chuk_rwanda
2022-05-27 04:00:00,15.2,94,14.3,5.6,15.1,0.0,855.2,0.0,59,,0.0,,2,chuk_rwanda
2022-05-27 05:00:00,14.1,95,13.3,5.4,12.2,0.0,854.7,0.0,73,,0.0,,2,chuk_rwanda
2022-05-27 06:00:00,13.7,95,12.9,5.8,10.4,0.0,854.7,0.0,89,,0.01,,3,chuk_rwanda
2022-05-27 07:00:00,15.8,92,14.4,4.7,11.5,0.0,856.3,74.0,100,,0.03,,3,chuk_rwanda
2022-05-27 08:00:00,18.2,86,15.9,1.1,10.8,0.0,858.0,280.0,99,,0.16,,3,chuk_rwanda
2022-05-27 09:00:00,20.7,73,15.7,3.6,14.8,0.0,859.0,498.0,100,,0.31,,3,chuk_rwanda
2022-05-27 10:00:00,22.2,68,16.0,4.3,17.6,0.0,859.2,669.0,100,,0.44,,3,chuk_rwanda
2022-05-27 11:00:00,23.6,63,16.1,7.9,22.7,0.0,858.9,763.0,100,,0.52,,3,chuk_rwanda
2022-05-27 12:00:00,24.1,60,15.9,8.4,24.8,0.0,858.0,718.0,100,,0.5,,3,chuk_rwanda
2022-05-27 13:00:00,24.5,54,14.6,9.9,24.8,0.0,856.4,665.0,94,,0.48,,3,chuk_rwanda
2022-05-27 14:00:00,22.8,60,14.7,10.3,24.8,0.1,855.6,639.0,77,,0.44,,51,chuk_rwanda
2022-05-27 15:00:00,23.0,59,14.5,8.1,24.5,0.0,854.9,424.0,100,,0.31,,3,chuk_rwanda
2022-05-27 16:00:00,22.8,59,14.2,8.0,20.9,0.3,854.7,317.0,100,,0.24,,51,chuk_rwanda
2022-05-27 17:00:00,21.6,64,14.6,8.9,19.4,0.0,854.7,177.0,100,,0.14,,3,chuk_rwanda
2022-05-27 18:00:00,19.8,79,16.1,3.5,19.1,0.0,855.2,34.0,99,,0.03,,3,chuk_rwanda
2022-05-27 19:00:00,18.5,87,16.4,1.4,7.2,1.0,855.4,0.0,97,,0.0,,55,chuk_rwanda
2022-05-27 20:00:00,17.6,92,16.4,10.7,20.5,0.4,856.2,0.0,100,,0.0,,51,chuk_rwanda
2022-05-27 21:00:00,17.2,90,15.6,6.9,23.8,0.0,856.2,0.0,94,,0.0,,3,chuk_rwanda
2022-05-27 22:00:00,16.7,94,15.8,8.5,18.4,0.9,857.3,0.0,83,,0.0,,53,chuk_rwanda
2022-05-27 23:00:00,16.2,95,15.4,3.6,19.4,0.0,856.2,0.0,32,,0.0,,1,chuk_rwanda
2022-05-28 00:00:00,15.4,96,14.8,5.6,9.4,0.0,855.6,0.0,27,,0.0,,1,chuk_rwanda
2022-05-28 01:00:00,14.9,97,14.4,4.8,9.4,0.0,854.8,0.0,21,,0.0,,1,chuk_rwanda
2022-05-28 02:00:00,15.2,96,14.6,5.6,11.2,0.0,853.9,0.0,20,,0.0,,1,chuk_rwanda
2022-05-28 03:00:00,14.8,96,14.1,4.7,11.2,0.0,853.1,0.0,95,,0.0,,3,chuk_rwanda
2022-05-28 04:00:00,14.3,96,13.6,4.2,10.1,0.0,852.7,0.0,100,,0.0,,3,chuk_rwanda
2022-05-28 05:00:00,14.2,95,13.4,5.2,11.2,0.0,853.0,0.0,100,,0.0,,3,chuk_rwanda
2022-05-28 06:00:00,14.6,97,14.0,6.7,15.1,1.6,854.8,0.0,93,,0.0,,61,chuk_rwanda
2022-05-28 07:00:00,15.4,97,14.9,5.4,14.0,0.3,855.0,39.0,46,,0.02,,51,chuk_rwanda
2022-05-28 08:00:00,17.5,89,15.6,4.2,12.6,0.1,857.2,269.0,98,,0.15,,51,chuk_rwanda
2022-05-28 09:00:00,18.3,87,16.0,3.0,21.2,0.1,858.0,395.0,99,,0.24,,51,chuk_rwanda
2022-05-28 10:00:00,19.6,80,16.2,2.3,17.6,0.2,858.2,398.0,100,,0.26,,51,chuk_rwanda
2022-05-28 11:00:00,21.1,75,16.5,4.7,22.7,0.1,857.8,586.0,100,,0.39,,51,chuk_rwanda
2022-05-28 12:00:00,22.7,67,16.2,8.5,26.6,0.1,857.1,764.0,98,,0.51,,51,chuk_rwanda
2022-05-28 13:00:00,22.4,64,15.2,10.9,27.0,0.1,855.8,494.0,93,,0.35,,51,chuk_rwanda
2022-05-28 14:00:00,21.1,67,14.8,12.8,25.9,0.2,855.0,611.0,65,,0.39,,51,chuk_rwanda
2022-05-28 15:00:00,20.5,75,15.9,6.8,29.2,0.1,854.3,317.0,100,,0.22,,51,chuk_rwanda
2022-05-28 16:00:00,20.2,75,15.8,7.9,20.2,3.2,854.5,299.0,99,,0.2,,63,chuk_rwanda
2022-05-28 17:00:00,19.5,80,15.9,0.4,22.3,1.8,854.5,178.0,99,,0.11,,61,chuk_rwanda
2022-05-28 18:00:00,18.1,89,16.3,4.8,10.1,0.0,854.7,38.0,100,,0.02,,3,chuk_rwanda
2022-05-28 19:00:00,17.2,94,16.1,3.3,11.5,0.0,854.9,0.0,100,,0.0,,3,chuk_rwanda
2022-05-28 20:00:00,16.3,97,15.8,3.8,9.4,0.1,855.4,0.0,100,,0.0,,51,chuk_rwanda
2022-05-28 21:00:00,17.0,92,15.7,5.0,12.6,0.0,856.2,0.0,100,,0.0,,3,chuk_rwanda
2022-05-28 22:00:00,16.6,94,15.6,3.2,10.8,0.0,856.3,0.0,100,,0.0,,3,chuk_rwanda
2022-05-28 23:00:00,15.9,97,15.4,4.1,7.6,0.0,855.7,0.0,100,,0.0,,3,chuk_rwanda
2022-05-29 00:00:00,15.1,97,14.8,4.5,9.0,0.0,855.2,0.0,100,,0.0,,3,chuk_rwanda
2022-05-29 01:00:00,15.6,97,15.1,4.2,9.7,0.0,854.6,0.0,100,,0.0,,3,chuk_rwanda
2022-05-29 02:00:00,15.9,98,15.6,1.8,11.2,0.0,854.9,0.0,100,,0.0,,3,chuk_rwanda
2022-05-29 03:00:00,15.9,98,15.6,4.3,8.6,0.1,854.8,0.0,100,,0.0,,51,chuk_rwanda
2022-05-29 04:00:00,15.8,97,15.2,4.7,14.4,0.0,854.7,0.0,100,,0.0,,3,chuk_rwanda
2022-05-29 05:00:00,15.4,98,15.1,3.1,10.1,0.8,854.8,0.0,93,,0.0,,53,chuk_rwanda
2022-05-29 06:00:00,15.3,97,14.9,4.1,7.6,1.4,855.2,0.0,100,,0.0,,61,chuk_rwanda
2022-05-29 07:00:00,15.9,97,15.4,7.5,13.7,0.4,855.9,23.0,100,,0.02,,51,chuk_rwanda
2022-05-29 08:00:00,17.2,90,15.6,3.2,13.3,0.1,857.3,116.0,100,,0.08,,51,chuk_rwanda
2022-05-29 09:00:00,18.7,82,15.6,5.4,20.9,0.0,858.2,264.0,100,,0.17,,3,chuk_rwanda
2022-05-29 10:00:00,20.4,76,16.0,6.2,24.8,0.0,858.6,504.0,100,,0.32,,3,chuk_rwanda
2022-05-29 11:00:00,21.9,69,15.8,7.3,26.6,0.1,858.4,757.0,100,,0.49,,51,chuk_rwanda
2022-05-29 12:00:00,20.5,72,15.4,7.6,24.5,2.0,857.0,460.0,100,,0.31,,61,chuk_rwanda
2022-05-29 13:00:00,21.4,72,16.1,6.0,20.9,1.0,856.1,481.0,100,,0.33,,55,chuk_rwanda
2022-05-29 14:00:00,19.5,75,15.0,2.4,23.0,2.4,855.9,469.0,100,,0.31,,61,chuk_rwanda
2022-05-29 15:00:00,20.5,72,15.3,3.4,15.5,0.2,855.7,431.0,100,,0.29,,51,chuk_rwanda
2022-05-29 16:00:00,20.3,73,15.4,4.2,15.8,0.1,855.2,298.0,100,,0.2,,51,chuk_rwanda
2022-05-29 17:00:00,20.0,74,15.2,5.2,14.4,0.1,855.1,164.0,100,,0.11,,51,chuk_rwanda
2022-05-29 18:00:00,17.6,90,15.9,2.0,14.4,1.3,855.2,42.0,100,,0.02,,61,chuk_rwanda
2022-05-29 19:00:00,17.5,90,15.8,4.3,9.4,0.2,855.8,0.0,100,,0.0,,51,chuk_rwanda
2022-05-29 20:00:00,16.5,95,15.7,3.4,9.4,0.0,856.3,0.0,100,,0.0,,3,chuk_rwanda
2022-05-29 21:00:00,16.1,95,15.4,4.1,7.9,0.0,856.5,0.0,100,,0.0,,3,chuk_rwanda
2022-05-29 22:00:00,15.6,97,15.1,4.1,7.6,0.0,856.5,0.0,100,,0.0,,3,chuk_rwanda
2022-05-29 23:00:00,15.9,96,15.3,2.1,6.8,0.0,856.4,0.0,100,,0.0,,3,chuk_rwanda
2022-05-30 00:00:00,16.1,97,15.6,2.5,4.3,0.0,856.4,0.0,100,,0.0,,3,chuk_rwanda
2022-05-30 01:00:00,15.9,98,15.5,2.5,6.1,0.0,855.5,0.0,100,,0.0,,3,chuk_rwanda
2022-05-30 02:00:00,16.1,96,15.5,3.1,5.4,0.0,855.8,0.0,100,,0.0,,3,chuk_rwanda
2022-05-30 03:00:00,15.8,97,15.3,3.6,6.8,0.0,855.2,0.0,100,,0.0,,3,chuk_rwanda
2022-05-30 04:00:00,15.9,97,15.4,3.3,5.8,0.0,855.1,0.0,100,,0.0,,3,chuk_rwanda
2022-05-30 05:00:00,15.7,97,15.2,4.1,6.1,0.0,855.2,0.0,85,,0.0,,3,chuk_rwanda
2022-05-30 06:00:00,16.0,94,15.1,3.3,6.1,0.0,855.6,0.0,68,,0.0,,2,chuk_rwanda
2022-05-30 07:00:00,16.6,94,15.6,3.2,7.9,0.0,856.5,67.0,40,,0.03,,1,chuk_rwanda
2022-05-30 08:00:00,18.3,87,16.1,2.6,10.4,0.0,858.0,226.0,90,,0.13,,3,chuk_rwanda
2022-05-30 09:00:00,19.4,78,15.5,3.1,12.2,0.0,858.6,307.0,96,,0.2,,3,chuk_rwanda
2022-05-30 10:00:00,20.8,70,15.0,4.4,16.6,0.0,858.9,475.0,78,,0.32,,2,chuk_rwanda
2022-05-30 11:00:00,21.6,66,14.9,4.8,16.6,0.0,858.6,482.0,5,,0.33,,0,chuk_rwanda
2022-05-30 12:00:00,23.3,60,15.2,6.6,20.9,0.0,858.1,793.0,15,,0.54,,0,chuk_rwanda
2022-05-30 13:00:00,24.0,57,14.9,8.1,23.0,0.0,857.1,836.0,100,,0.57,,3,chuk_rwanda
2022-05-30 14:00:00,22.2,61,14.4,7.1,23.0,0.0,856.6,507.0,97,,0.36,,3,chuk_rwanda
2022-05-30 15:00:00,22.2,62,14.7,7.2,21.2,0.0,855.9,497.0,100,,0.34,,3,chuk_rwanda
2022-05-30 16:00:00,21.8,62,14.2,7.2,19.1,0.0,855.5,329.0,54,,0.24,,2,chuk_rwanda
2022-05-30 17:00:00,21.2,65,14.3,4.8,18.0,0.0,855.8,220.0,65,,0.15,,2,chuk_rwanda
2022-05-30 18:00:00,19.7,73,14.8,4.3,10.8,0.0,855.6,47.0,71,,0.03,,2,chuk_rwanda
2022-05-30 19:00:00,18.3,80,14.9,6.8,15.5,0.0,855.9,0.0,56,,0.0,,2,chuk_rwanda
2022-05-30 20:00:00,17.2,88,15.3,3.6,13.3,0.0,856.3,0.0,92,,0.0,,3,chuk_rwanda
2022-05-30 21:00:00,16.7,91,15.3,1.0,7.2,0.0,856.3,0.0,22,,0.0,,1,chuk_rwanda
2022-05-30 22:00:00,16.4,91,14.8,3.1,5.4,0.0,856.3,0.0,20,,0.0,,1,chuk_rwanda
2022-05-30 23:00:00,15.6,93,14.4,3.1,5.4,0.0,855.7,0.0,3,,0.0,,0,chuk_rwanda
2022-05-31 00:00:00,15.1,94,14.1,5.2,9.0,0.0,855.1,0.0,2,,0.0,,0,chuk_rwanda
2022-05-31 01:00:00,14.6,94,13.7,4.7,9.0,0.0,854.2,0.0,21,,0.0,,1,chuk_rwanda
2022-05-31 02:00:00,14.1,98,13.8,4.2,7.9,0.0,853.2,0.0,12,,0.0,,0,chuk_rwanda
2022-05-31 03:00:00,13.2,98,12.9,4.5,10.1,0.0,852.5,0.0,5,,0.0,,0,chuk_rwanda
2022-05-31 04:00:00,12.8,99,12.6,4.4,9.4,0.0,852.0,0.0,5,,0.0,,0,chuk_rwanda
2022-05-31 05:00:00,12.5,98,12.1,5.4,10.8,0.0,852.0,0.0,0,,0.0,,0,chuk_rwanda
2022-05-31 06:00:00,12.8,95,11.9,6.2,12.6,0.0,852.3,0.0,0,,0.0,,0,chuk_rwanda
2022-05-31 07:00:00,14.9,89,13.1,6.4,14.0,0.0,854.1,73.0,0,,0.03,,0,chuk_rwanda
2022-05-31 08:00:00,18.2,83,15.2,2.5,13.3,0.0,856.4,283.0,5,,0.16,,0,chuk_rwanda
2022-05-31 09:00:00,20.6,71,15.2,2.8,13.3,0.0,857.6,506.0,0,,0.32,,0,chuk_rwanda
2022-05-31 10:00:00,22.2,63,14.7,5.2,16.9,0.0,857.8,698.0,5,,0.46,,0,chuk_rwanda
2022-05-31 11:00:00,23.2,55,13.8,7.1,21.2,0.0,857.4,789.0,11,,0.53,,0,chuk_rwanda
2022-05-31 12:00:00,24.2,50,13.2,7.0,21.6,0.1,856.6,851.0,25,,0.59,,51,chuk_rwanda
2022-05-31 13:00:00,24.9,47,12.9,6.6,20.5,0.2,855.7,799.0,35,,0.57,,51,chuk_rwanda
2022-05-31 14:00:00,23.9,51,13.2,6.9,19.1,0.2,855.5,690.0,47,,0.48,,51,chuk_rwanda
2022-05-31 15:00:00,24.2,49,12.9,5.5,20.2,0.1,854.6,598.0,27,,0.42,,51,chuk_rwanda
2022-05-31 16:00:00,24.3,49,13.0,5.7,16.2,0.0,854.2,426.0,25,,0.3,,1,chuk_rwanda
2022-05-31 17:00:00,23.3,57,14.3,3.9,14.8,0.0,854.0,220.0,12,,0.15,,0,chuk_rwanda
2022-05-31 18:00:00,20.9,69,15.1,4.3,9.0,0.0,853.4,53.0,22,,0.04,,1,chuk_rwanda
2022-05-31 19:00:00,19.1,79,15.4,4.9,9.0,0.0,853.4,0.0,31,,0.0,,1,chuk_rwanda
2022-05-31 20:00:00,18.6,79,14.9,2.5,8.3,0.0,853.6,0.0,54,,0.0,,2,chuk_rwanda
2022-05-31 21:00:00,18.2,76,13.9,4.0,7.9,0.0,854.0,0.0,49,,0.0,,1,chuk_rwanda
2022-05-31 22:00:00,17.2,81,13.9,3.3,8.6,0.0,853.8,0.0,56,,0.0,,2,chuk_rwanda
2022-05-31 23:00:00,16.6,82,13.6,3.7,6.5,0.0,853.3,0.0,59,,0.0,,2,chuk_rwanda
2022-06-01 00:00:00,16.0,85,13.5,3.0,8.6,0.0,853.0,0.0,54,,0.0,,2,chuk_rwanda
2022-06-01 01:00:00,15.9,84,13.2,2.9,5.4,0.0,852.6,0.0,28,,0.0,,1,chuk_rwanda
2022-06-01 02:00:00,15.1,87,12.9,3.6,7.2,0.0,852.5,0.0,51,,0.0,,2,chuk_rwanda
2022-06-01 03:00:00,15.1,87,12.9,4.6,9.4,0.0,852.3,0.0,37,,0.0,,1,chuk_rwanda
2022-06-01 04:00:00,14.9,88,12.8,3.8,8.3,0.0,852.4,0.0,25,,0.0,,1,chuk_rwanda
2022-06-01 05:00:00,14.8,87,12.6,4.1,7.2,0.0,852.7,0.0,8,,0.0,,0,chuk_rwanda
2022-06-01 06:00:00,14.4,88,12.4,4.0,7.2,0.0,852.5,0.0,9,,0.0,,0,chuk_rwanda
2022-06-01 07:00:00,15.9,85,13.5,1.1,7.2,0.0,854.0,71.0,20,,0.03,,1,chuk_rwanda
2022-06-01 08:00:00,19.0,73,13.9,1.6,8.6,0.0,856.0,270.0,42,,0.16,,1,chuk_rwanda
2022-06-01 09:00:00,20.3,68,14.2,5.1,16.6,0.0,856.7,439.0,21,,0.28,,1,chuk_rwanda
2022-06-01 10:00:00,21.6,63,14.4,9.3,24.1,0.0,857.0,668.0,36,,0.43,,1,chuk_rwanda
2022-06-01 11:00:00,22.6,57,13.8,10.1,27.4,0.1,856.7,734.0,26,,0.49,,51,chuk_rwanda
2022-06-01 12:00:00,23.5,54,13.6,10.5,27.4,0.1,855.9,757.0,19,,0.52,,51,chuk_rwanda
2022-06-01 13:00:00,24.0,53,13.8,9.2,27.4,0.0,855.0,812.0,22,,0.56,,1,chuk_rwanda
2022-06-01 14:00:00,23.3,54,13.4,8.2,24.8,0.0,854.8,653.0,17,,0.46,,0,chuk_rwanda
2022-06-01 15:00:00,24.0,51,13.2,7.0,22.3,0.0,853.9,530.0,22,,0.38,,1,chuk_rwanda
2022-06-01 16:00:00,24.1,49,12.7,9.2,21.2,0.0,853.4,413.0,33,,0.31,,1,chuk_rwanda
2022-06-01 17:00:00,22.7,56,13.4,7.4,22.3,0.0,853.3,213.0,27,,0.17,,1,chuk_rwanda
2022-06-01 18:00:00,20.5,69,14.7,4.6,16.6,0.0,852.9,52.0,63,,0.04,,2,chuk_rwanda
2022-06-01 19:00:00,19.9,76,15.4,1.5,9.4,0.0,853.2,0.0,92,,0.0,,3,chuk_rwanda
2022-06-01 20:00:00,19.2,75,14.6,1.3,4.7,0.0,853.6,0.0,95,,0.0,,3,chuk_rwanda
2022-06-01 21:00:00,18.7,75,14.2,3.1,6.5,0.0,854.0,0.0,96,,0.0,,3,chuk_rwanda
2022-06-01 22:00:00,17.7,77,13.6,4.8,9.0,0.0,854.4,0.0,97,,0.0,,3,chuk_rwanda
2022-06-01 23:00:00,17.1,79,13.5,5.1,13.0,0.0,854.7,0.0,98,,0.0,,3,chuk_rwanda
2022-06-02 00:00:00,16.6,83,13.7,4.0,11.2,0.0,854.5,0.0,80,,0.0,,3,chuk_rwanda
2022-06-02 01:00:00,16.4,84,13.6,2.9,8.3,0.0,854.1,0.0,43,,0.0,,1,chuk_rwanda
2022-06-02 02:00:00,15.4,89,13.6,6.5,6.8,0.0,853.1,0.0,30,,0.0,,1,chuk_rwanda
2022-06-02 03:00:00,15.2,89,13.4,4.4,11.2,0.0,852.6,0.0,100,,0.0,,3,chuk_rwanda
2022-06-02 04:00:00,14.8,91,13.3,5.2,10.4,0.0,852.6,0.0,62,,0.0,,2,chuk_rwanda
2022-06-02 05:00:00,15.4,89,13.7,4.0,10.4,0.0,853.2,0.0,68,,0.0,,2,chuk_rwanda
2022-06-02 06:00:00,15.7,87,13.5,3.9,10.1,0.0,853.7,0.0,100,,0.0,,3,chuk_rwanda
2022-06-02 07:00:00,16.8,84,14.0,2.6,9.4,0.0,854.8,32.0,100,,0.03,,3,chuk_rwanda
2022-06-02 08:00:00,17.1,83,14.1,2.5,9.4,0.2,855.9,73.0,100,,0.06,,51,chuk_rwanda
2022-06-02 09:00:00,17.1,84,14.4,4.3,14.0,0.4,856.3,101.0,100,,0.08,,51,chuk_rwanda
2022-06-02 10:00:00,18.9,77,14.6,8.0,20.5,0.1,856.8,347.0,100,,0.23,,51,chuk_rwanda
2022-06-02 11:00:00,21.4,67,14.9,11.6,31.7,0.1,856.8,682.0,100,,0.44,,51,chuk_rwanda
2022-06-02 12:00:00,20.7,70,14.9,10.0,31.7,0.7,855.8,342.0,62,,0.25,,53,chuk_rwanda
2022-06-02 13:00:00,21.6,65,14.9,13.6,32.4,0.2,855.4,729.0,65,,0.47,,51,chuk_rwanda
2022-06-02 14:00:00,21.9,60,13.8,11.2,33.1,0.3,855.0,462.0,48,,0.33,,51,chuk_rwanda
2022-06-02 15:00:00,22.4,55,13.1,11.3,28.4,0.1,854.4,566.0,55,,0.39,,51,chuk_rwanda
2022-06-02 16:00:00,21.9,57,13.1,11.3,27.4,0.0,854.0,351.0,44,,0.26,,1,chuk_rwanda
2022-06-02 17:00:00,21.4,61,13.6,5.1,25.2,0.0,853.9,182.0,47,,0.13,,1,chuk_rwanda
2022-06-02 18:00:00,20.0,67,13.6,5.4,11.9,0.0,853.4,45.0,36,,0.04,,1,chuk_rwanda
2022-06-02 19:00:00,18.8,71,13.4,5.9,13.7,0.0,853.5,0.0,71,,0.01,,2,chuk_rwanda
2022-06-02 20:00:00,18.5,75,13.9,4.8,13.3,0.0,853.8,0.0,16,,0.0,,0,chuk_rwanda
2022-06-02 21:00:00,17.4,80,13.9,4.0,11.5,0.0,854.1,0.0,33,,0.0,,1,chuk_rwanda
2022-06-02 22:00:00,17.2,79,13.6,4.7,12.2,0.0,854.2,0.0,20,,0.0,,1,chuk_rwanda
2022-06-02 23:00:00,16.2,85,13.6,5.1,11.9,0.0,853.7,0.0,38,,0.0,,1,chuk_rwanda
2022-06-03 00:00:00,15.6,86,13.4,3.6,10.8,0.0,853.3,0.0,9,,0.0,,0,chuk_rwanda
2022-06-03 01:00:00,15.1,87,13.1,3.7,8.6,0.0,852.9,0.0,6,,0.0,,0,chuk_rwanda
2022-06-03 02:00:00,13.9,91,12.4,5.1,7.6,0.0,852.2,0.0,11,,0.0,,0,chuk_rwanda
2022-06-03 03:00:00,13.8,91,12.2,5.4,9.4,0.0,852.0,0.0,67,,0.0,,2,chuk_rwanda
2022-06-03 04:00:00,13.4,91,11.9,5.0,8.6,0.0,852.2,0.0,99,,0.0,,3,chuk_rwanda
2022-06-03 05:00:00,13.3,91,11.9,4.0,8.3,0.0,852.4,0.0,25,,0.0,,1,chuk_rwanda
2022-06-03 06:00:00,13.1,91,11.6,4.8,8.3,0.0,853.0,0.0,25,,0.0,,1,chuk_rwanda
2022-06-03 07:00:00,14.9,86,12.6,3.9,9.0,0.0,854.6,68.0,96,,0.03,,3,chuk_rwanda
2022-06-03 08:00:00,18.0,73,13.1,4.1,12.6,0.0,856.8,262.0,32,,0.15,,1,chuk_rwanda
2022-06-03 09:00:00,19.5,67,13.1,6.8,19.8,0.0,857.7,484.0,23,,0.3,,1,chuk_rwanda
2022-06-03 10:00:00,20.8,59,12.4,14.2,33.8,0.0,858.1,681.0,100,,0.43,,3,chuk_rwanda
2022-06-03 11:00:00,20.8,58,12.2,13.4,34.6,0.0,857.7,430.0,100,,0.31,,3,chuk_rwanda
2022-06-03 12:00:00,21.8,54,12.0,12.5,30.2,0.0,857.0,508.0,84,,0.37,,3,chuk_rwanda
2022-06-03 13:00:00,22.4,51,11.8,11.2,29.5,0.0,856.1,474.0,100,,0.36,,3,chuk_rwanda
2022-06-03 14:00:00,21.7,55,12.2,9.9,29.5,0.0,855.9,518.0,96,,0.37,,3,chuk_rwanda
2022-06-03 15:00:00,21.8,54,11.9,8.6,23.8,0.0,855.3,357.0,100,,0.27,,3,chuk_rwanda
2022-06-03 16:00:00,22.0,53,12.0,7.5,20.9,0.0,855.1,267.0,100,,0.21,,3,chuk_rwanda
2022-06-03 17:00:00,21.6,57,12.8,4.6,17.6,0.0,854.9,137.0,83,,0.11,,3,chuk_rwanda
2022-06-03 18:00:00,19.3,68,13.2,5.0,11.2,0.0,853.9,55.0,99,,0.04,,3,chuk_rwanda
2022-06-03 19:00:00,18.0,72,12.9,4.8,10.1,0.0,853.6,0.0,17,,0.0,,0,chuk_rwanda
2022-06-03 20:00:00,17.2,75,12.8,4.1,10.1,0.0,853.7,0.0,37,,0.0,,1,chuk_rwanda
2022-06-03 21:00:00,16.5,78,12.7,3.2,8.6,0.0,854.2,0.0,24,,0.0,,1,chuk_rwanda
2022-06-03 22:00:00,15.9,80,12.4,4.0,9.0,0.0,854.5,0.0,42,,0.0,,1,chuk_rwanda
2022-06-03 23:00:00,15.4,80,12.0,3.8,9.4,0.0,854.1,0.0,99,,0.0,,3,chuk_rwanda
2022-06-04 00:00:00,14.8,82,11.8,3.5,8.6,0.0,853.8,0.0,65,,0.0,,2,chuk_rwanda
2022-06-04 01:00:00,14.5,82,11.5,3.7,8.3,0.0,853.0,0.0,83,,0.0,,3,chuk_rwanda
2022-06-04 02:00:00,13.1,87,10.9,5.8,9.0,0.0,852.0,0.0,91,,0.0,,3,chuk_rwanda
2022-06-04 03:00:00,13.4,85,11.0,5.9,11.2,0.0,851.9,0.0,0,,0.0,,0,chuk_rwanda
2022-06-04 04:00:00,12.9,87,10.8,5.6,10.8,0.0,851.8,0.0,2,,0.0,,0,chuk_rwanda
2022-06-04 05:00:00,12.6,88,10.6,5.6,10.1,0.0,852.2,0.0,7,,0.0,,0,chuk_rwanda
2022-06-04 06:00:00,12.6,87,10.4,6.5,10.4,0.0,852.5,0.0,39,,0.0,,1,chuk_rwanda
2022-06-04 07:00:00,14.1,84,11.4,5.4,10.1,0.0,853.9,69.0,35,,0.03,,1,chuk_rwanda
2022-06-04 08:00:00,18.0,70,12.5,3.1,11.5,0.0,856.5,277.0,31,,0.16,,1,chuk_rwanda
2022-06-04 09:00:00,19.6,61,11.9,6.5,19.4,0.0,857.3,502.0,27,,0.31,,1,chuk_rwanda
2022-06-04 10:00:00,20.9,56,11.8,8.3,23.0,0.0,857.6,693.0,18,,0.44,,0,chuk_rwanda
2022-06-04 11:00:00,22.4,51,11.6,11.4,29.9,0.0,857.4,841.0,100,,0.55,,3,chuk_rwanda
2022-06-04 12:00:00,21.9,51,11.3,10.1,29.5,0.0,856.5,411.0,99,,0.32,,3,chuk_rwanda
2022-06-04 13:00:00,22.9,47,11.1,8.2,24.5,0.0,855.9,507.0,47,,0.38,,1,chuk_rwanda
2022-06-04 14:00:00,22.5,49,11.4,6.0,20.9,0.0,855.5,504.0,90,,0.36,,3,chuk_rwanda
2022-06-04 15:00:00,23.5,44,10.5,7.2,18.4,0.0,854.9,527.0,74,,0.38,,2,chuk_rwanda
2022-06-04 16:00:00,22.7,47,10.6,10.3,23.8,0.0,854.3,281.0,100,,0.24,,3,chuk_rwanda
2022-06-04 17:00:00,21.9,54,12.1,5.0,23.8,0.0,854.3,183.0,23,,0.14,,1,chuk_rwanda
2022-06-04 18:00:00,19.8,62,12.3,5.6,11.9,0.0,853.5,55.0,6,,0.05,,0,chuk_rwanda
2022-06-04 19:00:00,18.2,68,12.2,5.0,11.5,0.0,853.1,0.0,14,,0.01,,0,chuk_rwanda
2022-06-04 20:00:00,17.1,72,11.9,5.1,10.4,0.0,853.3,0.0,14,,0.0,,0,chuk_rwanda
2022-06-04 21:00:00,16.3,73,11.5,3.5,10.1,0.0,853.4,0.0,5,,0.0,,0,chuk_rwanda
2022-06-04 22:00:00,15.6,75,11.1,3.3,7.9,0.0,853.4,0.0,1,,0.0,,0,chuk_rwanda
2022-06-04 23:00:00,14.8,78,11.0,3.3,7.2,0.0,853.3,0.0,0,,0.0,,0,chuk_rwanda
2022-06-05 00:00:00,14.2,79,10.7,2.8,6.8,0.0,853.1,0.0,45,,0.0,,1,chuk_rwanda
2022-06-05 01:00:00,13.7,80,10.4,3.8,7.9,0.0,852.6,0.0,83,,0.0,,3,chuk_rwanda
2022-06-05 02:00:00,12.6,86,10.2,6.1,10.1,0.0,851.9,0.0,92,,0.0,,3,chuk_rwanda
2022-06-05 03:00:00,13.2,83,10.4,4.6,10.1,0.0,852.1,0.0,42,,0.0,,1,chuk_rwanda
2022-06-05 04:00:00,12.8,85,10.3,4.3,8.6,0.0,852.2,0.0,97,,0.0,,3,chuk_rwanda
2022-06-05 05:00:00,12.6,85,10.2,6.4,10.4,0.0,852.5,0.0,100,,0.0,,3,chuk_rwanda
2022-06-05 06:00:00,12.2,87,10.1,7.3,12.2,0.0,852.7,0.0,98,,0.0,,3,chuk_rwanda
2022-06-05 07:00:00,14.0,82,11.0,7.9,14.0,0.0,854.2,71.0,100,,0.03,,3,chuk_rwanda
2022-06-05 08:00:00,18.3,69,12.6,4.7,14.0,0.0,856.9,281.0,90,,0.16,,3,chuk_rwanda
2022-06-05 09:00:00,20.5,56,11.5,5.4,16.6,0.0,857.9,505.0,92,,0.32,,3,chuk_rwanda
2022-06-05 10:00:00,21.7,52,11.4,8.3,23.0,0.0,858.2,700.0,100,,0.46,,3,chuk_rwanda
2022-06-05 11:00:00,22.9,47,11.1,9.5,25.9,0.0,857.9,846.0,100,,0.57,,3,chuk_rwanda
2022-06-05 12:00:00,23.5,44,10.7,8.1,25.6,0.0,857.4,715.0,100,,0.51,,3,chuk_rwanda
2022-06-05 13:00:00,23.6,43,10.2,6.2,22.3,0.0,856.6,499.0,100,,0.38,,3,chuk_rwanda
2022-06-05 14:00:00,22.8,48,11.2,6.3,17.6,0.0,856.0,487.0,100,,0.36,,3,chuk_rwanda
2022-06-05 15:00:00,23.1,47,11.3,4.5,18.0,0.0,855.5,546.0,100,,0.38,,3,chuk_rwanda
2022-06-05 16:00:00,23.0,45,10.6,3.3,14.4,0.0,855.3,382.0,100,,0.26,,3,chuk_rwanda
2022-06-05 17:00:00,22.1,53,12.1,3.9,10.4,0.0,855.0,245.0,100,,0.16,,3,chuk_rwanda
2022-06-05 18:00:00,19.2,65,12.4,5.2,9.7,0.0,853.6,62.0,100,,0.04,,3,chuk_rwanda
2022-06-05 19:00:00,18.5,61,10.9,6.6,11.9,0.0,853.5,0.0,100,,0.02,,3,chuk_rwanda
2022-06-05 20:00:00,17.4,64,10.5,5.1,12.2,0.0,853.6,0.0,100,,0.01,,3,chuk_rwanda
2022-06-05 21:00:00,15.8,69,10.1,5.9,10.8,0.0,853.3,0.0,96,,0.01,,3,chuk_rwanda
2022-06-05 22:00:00,14.1,76,9.9,7.6,13.7,0.0,852.5,0.0,95,,0.01,,3,chuk_rwanda
2022-06-05 23:00:00,13.3,79,9.8,6.5,13.7,0.0,852.2,0.0,98,,0.0,,3,chuk_rwanda
2022-06-06 00:00:00,12.6,82,9.6,6.0,10.8,0.0,852.0,0.0,100,,0.0,,3,chuk_rwanda
2022-06-06 01:00:00,11.9,84,9.4,7.0,12.6,0.0,851.5,0.0,100,,0.0,,3,chuk_rwanda
2022-06-06 02:00:00,11.9,85,9.5,7.1,13.0,0.0,851.2,0.0,100,,0.0,,3,chuk_rwanda
2022-06-06 03:00:00,11.9,85,9.4,7.4,13.7,0.0,850.9,0.0,91,,0.0,,3,chuk_rwanda
2022-06-06 04:00:00,12.0,84,9.3,7.2,13.3,0.0,851.3,0.0,95,,0.0,,3,chuk_rwanda
2022-06-06 05:00:00,12.2,82,9.2,6.1,12.6,0.0,851.6,0.0,96,,0.0,,3,chuk_rwanda
2022-06-06 06:00:00,12.2,84,9.6,4.1,10.4,0.0,852.1,0.0,100,,0.0,,3,chuk_rwanda
2022-06-06 07:00:00,14.3,76,10.1,3.6,7.9,0.0,854.1,68.0,92,,0.03,,3,chuk_rwanda
2022-06-06 08:00:00,18.1,67,11.9,2.4,9.4,0.0,856.3,277.0,75,,0.16,,2,chuk_rwanda
2022-06-06 09:00:00,20.5,58,11.9,8.1,20.2,0.0,857.6,504.0,56,,0.32,,2,chuk_rwanda
2022-06-06 10:00:00,21.2,53,11.3,10.5,28.1,0.0,858.0,694.0,84,,0.45,,3,chuk_rwanda
2022-06-06 11:00:00,22.5,50,11.6,9.2,27.4,0.0,857.8,838.0,94,,0.56,,3,chuk_rwanda
2022-06-06 12:00:00,24.1,43,10.7,7.6,24.8,0.0,857.3,884.0,90,,0.61,,3,chuk_rwanda
2022-06-06 13:00:00,23.7,42,10.1,7.3,21.6,0.0,856.1,502.0,81,,0.39,,3,chuk_rwanda
2022-06-06 14:00:00,23.6,43,10.4,4.8,20.9,0.0,855.8,663.0,100,,0.47,,3,chuk_rwanda
2022-06-06 15:00:00,24.1,42,10.4,1.8,14.8,0.0,855.2,512.0,60,,0.36,,2,chuk_rwanda
2022-06-06 16:00:00,24.3,40,9.9,0.8,9.0,0.0,855.1,406.0,100,,0.27,,3,chuk_rwanda
2022-06-06 17:00:00,23.5,48,11.9,3.6,7.2,0.0,854.8,218.0,34,,0.15,,1,chuk_rwanda
2022-06-06 18:00:00,20.5,57,11.8,6.4,12.6,0.0,853.7,58.0,0,,0.06,,0,chuk_rwanda
2022-06-06 19:00:00,18.8,65,12.0,6.5,13.0,0.0,853.1,0.0,0,,0.02,,0,chuk_rwanda
2022-06-06 20:00:00,20.0,50,9.4,2.8,11.5,0.0,854.2,0.0,0,,0.0,,0,chuk_rwanda
2022-06-06 21:00:00,17.4,67,11.2,4.1,6.5,0.0,853.5,0.0,1,,0.0,,0,chuk_rwanda
2022-06-06 22:00:00,16.7,69,10.9,3.4,7.9,0.0,854.0,0.0,0,,0.0,,0,chuk_rwanda
2022-06-06 23:00:00,15.8,72,10.8,3.6,7.6,0.0,853.8,0.0,0,,0.0,,0,chuk_rwanda
2022-06-07 00:00:00,15.2,72,10.2,3.6,7.2,0.0,853.3,0.0,0,,0.0,,0,chuk_rwanda
2022-06-07 01:00:00,14.5,74,9.9,4.4,8.3,0.0,852.6,0.0,0,,0.0,,0,chuk_rwanda
2022-06-07 02:00:00,13.8,77,9.8,5.4,10.4,0.0,851.7,0.0,0,,0.0,,0,chuk_rwanda
2022-06-07 03:00:00,13.4,79,9.9,4.3,10.4,0.0,851.6,0.0,13,,0.0,,0,chuk_rwanda
2022-06-07 04:00:00,12.9,82,9.9,3.1,8.6,0.0,851.9,0.0,20,,0.0,,1,chuk_rwanda
2022-06-07 05:00:00,12.7,81,9.6,4.1,9.0,0.0,852.0,0.0,0,,0.0,,0,chuk_rwanda
2022-06-07 06:00:00,12.6,82,9.6,3.4,9.0,0.0,852.3,0.0,15,,0.0,,0,chuk_rwanda
2022-06-07 07:00:00,14.8,76,10.6,3.7,7.2,0.0,854.2,69.0,39,,0.03,,1,chuk_rwanda
2022-06-07 08:00:00,18.5,64,11.6,6.9,15.8,0.0,857.3,277.0,64,,0.17,,2,chuk_rwanda
2022-06-07 09:00:00,19.3,60,11.4,7.3,26.3,0.0,858.1,472.0,79,,0.29,,2,chuk_rwanda
2022-06-07 10:00:00,20.8,57,11.9,9.0,24.5,0.0,858.4,663.0,100,,0.42,,3,chuk_rwanda
2022-06-07 11:00:00,22.0,54,12.3,10.8,27.7,0.0,857.8,777.0,99,,0.51,,3,chuk_rwanda
2022-06-07 12:00:00,22.7,52,12.4,9.6,28.4,0.0,857.1,816.0,91,,0.55,,3,chuk_rwanda
2022-06-07 13:00:00,23.4,50,12.2,7.8,25.9,0.1,856.3,785.0,99,,0.54,,51,chuk_rwanda
2022-06-07 14:00:00,22.8,52,12.5,8.7,22.3,0.1,855.4,617.0,100,,0.43,,51,chuk_rwanda
2022-06-07 15:00:00,22.8,52,12.4,7.9,23.0,0.3,854.7,548.0,100,,0.38,,51,chuk_rwanda
2022-06-07 16:00:00,22.6,52,12.3,9.0,21.6,0.0,854.5,405.0,100,,0.29,,3,chuk_rwanda
2022-06-07 17:00:00,21.5,58,12.9,7.2,21.6,0.0,854.4,161.0,100,,0.14,,3,chuk_rwanda
2022-06-07 18:00:00,20.4,67,14.0,3.9,16.2,0.0,854.1,29.0,100,,0.04,,3,chuk_rwanda
2022-06-07 19:00:00,20.1,69,14.2,3.5,9.0,0.0,854.4,0.0,100,,0.0,,3,chuk_rwanda
2022-06-07 20:00:00,19.5,69,13.6,4.1,10.1,0.0,854.7,0.0,100,,0.0,,3,chuk_rwanda
2022-06-07 21:00:00,18.1,74,13.4,4.8,11.5,0.0,855.1,0.0,91,,0.0,,3,chuk_rwanda
2022-06-07 22:00:00,17.5,77,13.5,4.0,12.6,0.0,855.4,0.0,38,,0.0,,1,chuk_rwanda
2022-06-07 23:00:00,16.6,81,13.4,3.6,11.2,0.0,854.9,0.0,54,,0.0,,2,chuk_rwanda
2022-06-08 00:00:00,16.5,81,13.1,2.9,9.7,0.0,854.8,0.0,27,,0.0,,1,chuk_rwanda
2022-06-08 01:00:00,15.9,82,12.8,4.0,9.4,0.0,854.4,0.0,94,,0.0,,3,chuk_rwanda
2022-06-08 02:00:00,15.4,84,12.6,4.2,10.4,0.0,853.9,0.0,97,,0.0,,3,chuk_rwanda
2022-06-08 03:00:00,15.1,84,12.4,4.6,9.4,0.0,853.8,0.0,100,,0.0,,3,chuk_rwanda
2022-06-08 04:00:00,15.2,83,12.4,5.2,10.1,0.0,853.9,0.0,100,,0.0,,3,chuk_rwanda
2022-06-08 05:00:00,15.4,82,12.4,4.8,10.1,0.0,854.2,0.0,100,,0.0,,3,chuk_rwanda
2022-06-08 06:00:00,15.4,83,12.4,4.8,9.7,0.0,854.5,0.0,91,,0.0,,3,chuk_rwanda
2022-06-08 07:00:00,16.3,81,13.0,3.7,9.7,0.0,855.6,40.0,100,,0.03,,3,chuk_rwanda
2022-06-08 08:00:00,18.3,71,12.9,4.7,13.3,0.0,857.5,188.0,100,,0.12,,3,chuk_rwanda
2022-06-08 09:00:00,19.2,65,12.4,7.6,20.2,0.0,857.9,313.0,100,,0.21,,3,chuk_rwanda
2022-06-08 10:00:00,19.8,61,11.9,10.4,23.8,0.0,857.9,332.0,100,,0.24,,3,chuk_rwanda
2022-06-08 11:00:00,20.6,57,11.9,10.1,25.6,0.0,857.8,410.0,100,,0.3,,3,chuk_rwanda
2022-06-08 12:00:00,21.2,54,11.6,9.8,25.6,0.0,857.1,409.0,100,,0.31,,3,chuk_rwanda
2022-06-08 13:00:00,22.5,50,11.6,8.7,24.8,0.0,856.5,577.0,100,,0.41,,3,chuk_rwanda
2022-06-08 14:00:00,21.8,53,11.8,6.7,23.0,0.0,856.5,426.0,100,,0.31,,3,chuk_rwanda
2022-06-08 15:00:00,21.4,55,12.1,5.2,17.6,0.0,855.7,314.0,100,,0.24,,3,chuk_rwanda
2022-06-08 16:00:00,21.3,56,12.1,4.7,14.4,0.0,855.7,247.0,100,,0.19,,3,chuk_rwanda
2022-06-08 17:00:00,20.5,60,12.4,4.2,12.6,0.0,855.3,79.0,58,,0.08,,2,chuk_rwanda
2022-06-08 18:00:00,18.9,73,14.1,3.1,10.1,0.0,854.8,45.0,19,,0.03,,0,chuk_rwanda
2022-06-08 19:00:00,18.0,73,13.1,2.8,6.1,0.0,854.7,0.0,58,,0.0,,2,chuk_rwanda
2022-06-08 20:00:00,17.6,73,12.8,3.4,6.8,0.0,855.0,0.0,100,,0.0,,3,chuk_rwanda
2022-06-08 21:00:00,16.6,77,12.6,3.3,6.8,0.0,854.8,0.0,12,,0.0,,0,chuk_rwanda
2022-06-08 22:00:00,16.0,77,12.1,3.7,6.8,0.0,854.5,0.0,6,,0.0,,0,chuk_rwanda
2022-06-08 23:00:00,15.2,81,11.9,4.0,8.3,0.0,854.0,0.0,15,,0.0,,0,chuk_rwanda
2022-06-09 00:00:00,14.4,85,11.9,4.3,8.6,0.0,853.4,0.0,21,,0.0,,1,chuk_rwanda
2022-06-09 01:00:00,13.9,86,11.6,6.1,11.5,0.0,852.9,0.0,36,,0.0,,1,chuk_rwanda
2022-06-09 02:00:00,14.6,82,11.6,7.4,12.2,0.0,852.7,0.0,48,,0.0,,1,chuk_rwanda
2022-06-09 03:00:00,15.9,77,11.9,5.9,15.5,0.0,853.0,0.0,99,,0.0,,3,chuk_rwanda
2022-06-09 04:00:00,15.9,77,11.9,6.1,10.8,0.0,853.2,0.0,96,,0.0,,3,chuk_rwanda
2022-06-09 05:00:00,15.4,79,11.6,6.7,12.6,0.0,853.3,0.0,100,,0.0,,3,chuk_rwanda
2022-06-09 06:00:00,15.4,78,11.6,6.6,12.2,0.0,853.7,0.0,100,,0.0,,3,chuk_rwanda
2022-06-09 07:00:00,16.6,75,12.1,7.6,14.0,0.0,854.7,32.0,99,,0.04,,3,chuk_rwanda
2022-06-09 08:00:00,19.4,68,13.2,4.7,14.4,0.0,856.5,193.0,100,,0.13,,3,chuk_rwanda
2022-06-09 09:00:00,21.5,57,12.5,0.7,12.2,0.0,857.6,355.0,99,,0.23,,3,chuk_rwanda
2022-06-09 10:00:00,22.3,52,12.1,7.2,18.7,0.0,857.6,446.0,99,,0.32,,3,chuk_rwanda
2022-06-09 11:00:00,22.3,50,11.5,9.4,23.4,0.0,857.3,427.0,91,,0.33,,3,chuk_rwanda
2022-06-09 12:00:00,23.6,46,11.3,8.9,24.1,0.0,857.1,657.0,58,,0.47,,2,chuk_rwanda
2022-06-09 13:00:00,24.0,44,11.1,8.7,23.8,0.0,856.3,668.0,69,,0.49,,2,chuk_rwanda
2022-06-09 14:00:00,23.1,46,10.9,8.8,23.4,0.0,855.9,485.0,100,,0.37,,3,chuk_rwanda
2022-06-09 15:00:00,21.9,50,11.1,7.8,20.2,0.0,855.0,194.0,98,,0.19,,3,chuk_rwanda
2022-06-09 16:00:00,22.1,50,11.2,6.2,19.8,0.0,854.9,311.0,90,,0.23,,3,chuk_rwanda
2022-06-09 17:00:00,21.7,56,12.4,2.9,15.1,0.0,854.6,203.0,14,,0.14,,0,chuk_rwanda
2022-06-09 18:00:00,19.4,68,13.4,5.0,8.3,0.0,853.8,58.0,5,,0.04,,0,chuk_rwanda
2022-06-09 19:00:00,18.2,68,12.2,4.6,8.6,0.0,853.7,0.0,69,,0.0,,2,chuk_rwanda
2022-06-09 20:00:00,17.5,68,11.6,4.9,8.6,0.0,853.9,0.0,31,,0.0,,1,chuk_rwanda
2022-06-09 21:00:00,16.5,72,11.4,5.4,8.6,0.0,854.3,0.0,74,,0.0,,2,chuk_rwanda
2022-06-09 22:00:00,15.6,78,11.8,4.1,9.0,0.0,854.2,0.0,90,,0.0,,3,chuk_rwanda
2022-06-09 23:00:00,15.6,82,12.4,1.6,7.6,0.0,854.5,0.0,82,,0.0,,3,chuk_rwanda
2022-06-10 00:00:00,15.4,82,12.4,3.1,5.8,0.0,854.2,0.0,100,,0.0,,3,chuk_rwanda
2022-06-10 01:00:00,15.7,82,12.6,3.9,6.8,0.0,854.0,0.0,90,,0.0,,3,chuk_rwanda
2022-06-10 02:00:00,15.1,83,12.1,3.6,7.2,0.0,853.2,0.0,41,,0.0,,1,chuk_rwanda
2022-06-10 03:00:00,15.5,78,11.7,3.2,5.8,0.0,853.3,0.0,6,,0.0,,0,chuk_rwanda
2022-06-10 04:00:00,14.6,81,11.4,5.6,10.1,0.0,853.4,0.0,12,,0.0,,0,chuk_rwanda
2022-06-10 05:00:00,13.9,84,11.2,6.3,11.2,0.0,853.1,0.0,21,,0.0,,1,chuk_rwanda
2022-06-10 06:00:00,13.2,86,10.9,7.6,13.3,0.0,852.9,0.0,3,,0.0,,0,chuk_rwanda
2022-06-10 07:00:00,15.1,80,11.7,6.6,13.3,0.0,854.5,66.0,19,,0.03,,0,chuk_rwanda
2022-06-10 08:00:00,19.4,68,13.3,2.2,12.6,0.0,857.1,258.0,60,,0.15,,2,chuk_rwanda
2022-06-10 09:00:00,21.8,57,12.8,2.6,11.2,0.0,858.1,487.0,45,,0.31,,1,chuk_rwanda
2022-06-10 10:00:00,22.8,52,12.4,7.1,20.2,0.0,858.3,590.0,89,,0.41,,3,chuk_rwanda
2022-06-10 11:00:00,23.7,48,12.1,9.3,24.5,0.0,858.0,741.0,45,,0.52,,1,chuk_rwanda
2022-06-10 12:00:00,24.6,46,12.2,9.4,26.3,0.0,857.3,794.0,36,,0.56,,1,chuk_rwanda
2022-06-10 13:00:00,25.4,46,12.8,9.5,26.3,0.0,856.5,800.0,23,,0.58,,1,chuk_rwanda
2022-06-10 14:00:00,24.2,46,11.7,6.9,25.2,0.0,856.2,719.0,37,,0.51,,1,chuk_rwanda
2022-06-10 15:00:00,24.4,45,11.8,8.0,20.9,0.0,855.6,505.0,43,,0.38,,1,chuk_rwanda
2022-06-10 16:00:00,24.1,46,11.8,7.4,20.5,0.0,855.3,381.0,56,,0.29,,2,chuk_rwanda
2022-06-10 17:00:00,23.2,51,12.5,6.2,17.6,0.0,855.0,190.0,44,,0.15,,1,chuk_rwanda
2022-06-10 18:00:00,21.4,58,12.8,5.8,14.4,0.0,854.8,51.0,66,,0.05,,2,chuk_rwanda
2022-06-10 19:00:00,20.3,61,12.5,7.6,16.2,0.0,855.1,0.0,45,,0.03,,1,chuk_rwanda
2022-06-10 20:00:00,18.6,72,13.4,4.7,15.8,0.0,854.9,0.0,55,,0.0,,2,chuk_rwanda
2022-06-10 21:00:00,17.6,75,13.2,4.7,9.4,0.0,855.1,0.0,64,,0.0,,2,chuk_rwanda
2022-06-10 22:00:00,16.2,82,13.1,3.8,8.6,0.0,854.7,0.0,100,,0.0,,3,chuk_rwanda
2022-06-10 23:00:00,16.3,84,13.5,2.6,7.9,0.0,854.6,0.0,86,,0.0,,3,chuk_rwanda
2022-06-11 00:00:00,15.9,86,13.6,1.5,6.1,0.0,854.6,0.0,99,,0.0,,3,chuk_rwanda
2022-06-11 01:00:00,15.6,85,13.1,3.1,5.8,0.0,854.0,0.0,100,,0.0,,3,chuk_rwanda
2022-06-11 02:00:00,15.4,86,13.2,2.7,6.5,0.0,853.4,0.0,100,,0.0,,3,chuk_rwanda
2022-06-11 03:00:00,15.1,88,13.1,5.0,7.9,0.0,853.0,0.0,92,,0.0,,3,chuk_rwanda
2022-06-11 04:00:00,14.9,89,13.1,6.1,10.8,0.0,853.4,0.0,100,,0.0,,3,chuk_rwanda
2022-06-11 05:00:00,14.8,90,13.1,7.1,12.6,0.0,853.5,0.0,97,,0.0,,3,chuk_rwanda
2022-06-11 06:00:00,15.1,88,13.1,6.8,12.2,0.0,854.0,0.0,97,,0.0,,3,chuk_rwanda
2022-06-11 07:00:00,16.5,83,13.6,7.2,13.3,0.0,855.3,60.0,99,,0.03,,3,chuk_rwanda
2022-06-11 08:00:00,19.8,73,14.9,2.3,13.0,0.0,857.5,226.0,89,,0.14,,3,chuk_rwanda
2022-06-11 09:00:00,21.2,64,14.2,6.5,18.0,0.0,858.2,415.0,70,,0.27,,2,chuk_rwanda
2022-06-11 10:00:00,22.1,59,13.7,12.1,28.8,0.0,858.6,581.0,50,,0.39,,2,chuk_rwanda
2022-06-11 11:00:00,23.3,53,13.2,11.8,31.0,0.0,858.4,741.0,52,,0.51,,2,chuk_rwanda
2022-06-11 12:00:00,24.0,50,12.9,10.4,29.5,0.0,857.7,676.0,100,,0.49,,3,chuk_rwanda
2022-06-11 13:00:00,24.3,47,12.3,8.5,26.6,0.0,856.9,507.0,93,,0.39,,3,chuk_rwanda
2022-06-11 14:00:00,23.6,49,12.2,10.2,26.6,0.0,856.8,370.0,57,,0.31,,2,chuk_rwanda
2022-06-11 15:00:00,22.9,50,12.1,7.7,23.4,0.0,856.0,264.0,76,,0.23,,2,chuk_rwanda
2022-06-11 16:00:00,23.1,49,12.0,7.9,19.1,0.0,855.8,307.0,100,,0.24,,3,chuk_rwanda
2022-06-11 17:00:00,22.4,53,12.3,7.0,19.4,0.0,855.6,176.0,29,,0.15,,1,chuk_rwanda
2022-06-11 18:00:00,20.4,65,13.5,4.3,16.2,0.0,855.0,53.0,30,,0.04,,1,chuk_rwanda
2022-06-11 19:00:00,19.2,70,13.5,5.4,10.4,0.0,854.7,0.0,28,,0.01,,1,chuk_rwanda
2022-06-11 20:00:00,18.5,72,13.4,6.8,11.9,0.0,854.7,0.0,4,,0.01,,0,chuk_rwanda
2022-06-11 21:00:00,18.0,71,12.7,5.2,11.9,0.0,855.2,0.0,4,,0.0,,0,chuk_rwanda
2022-06-11 22:00:00,16.8,76,12.6,4.2,9.4,0.0,855.0,0.0,89,,0.0,,3,chuk_rwanda
2022-06-11 23:00:00,16.2,77,12.2,3.1,7.9,0.0,854.9,0.0,83,,0.0,,3,chuk_rwanda
2022-06-12 00:00:00,15.6,79,11.9,2.6,6.1,0.0,854.9,0.0,86,,0.0,,3,chuk_rwanda
2022-06-12 01:00:00,15.2,79,11.6,2.8,6.1,0.0,854.2,0.0,51,,0.0,,2,chuk_rwanda
2022-06-12 02:00:00,14.1,84,11.4,6.8,7.2,0.0,853.1,0.0,13,,0.0,,0,chuk_rwanda
2022-06-12 03:00:00,14.7,80,11.2,4.1,10.4,0.0,853.2,0.0,15,,0.0,,0,chuk_rwanda
2022-06-12 04:00:00,14.2,81,10.9,5.6,9.7,0.0,852.8,0.0,24,,0.0,,1,chuk_rwanda
2022-06-12 05:00:00,13.8,83,10.9,5.6,10.4,0.0,852.6,0.0,3,,0.0,,0,chuk_rwanda
2022-06-12 06:00:00,13.3,84,10.7,7.0,11.5,0.0,852.8,0.0,14,,0.0,,0,chuk_rwanda
2022-06-12 07:00:00,15.2,78,11.4,8.9,15.8,0.0,854.5,63.0,90,,0.04,,3,chuk_rwanda
2022-06-12 08:00:00,19.1,66,12.8,4.1,15.8,0.0,856.9,266.0,100,,0.16,,3,chuk_rwanda
2022-06-12 09:00:00,21.5,55,12.0,4.5,14.8,0.0,857.9,488.0,99,,0.32,,3,chuk_rwanda
2022-06-12 10:00:00,22.7,50,11.6,9.9,25.6,0.0,858.3,677.0,100,,0.46,,3,chuk_rwanda
2022-06-12 11:00:00,23.8,46,11.4,11.4,30.2,0.0,857.9,799.0,100,,0.55,,3,chuk_rwanda
2022-06-12 12:00:00,23.2,46,11.1,9.5,29.5,0.0,857.0,391.0,98,,0.32,,3,chuk_rwanda
2022-06-12 13:00:00,23.5,47,11.4,8.4,23.4,0.0,856.4,434.0,69,,0.34,,2,chuk_rwanda
2022-06-12 14:00:00,23.5,47,11.6,6.4,20.9,0.0,856.1,399.0,62,,0.31,,2,chuk_rwanda
2022-06-12 15:00:00,23.1,49,11.6,5.9,16.6,0.0,855.4,300.0,90,,0.24,,3,chuk_rwanda
2022-06-12 16:00:00,23.0,49,11.7,5.8,15.5,0.0,855.2,238.0,48,,0.2,,1,chuk_rwanda
2022-06-12 17:00:00,22.6,52,12.4,4.7,15.1,0.0,854.9,208.0,92,,0.15,,3,chuk_rwanda
2022-06-12 18:00:00,20.2,68,14.0,4.8,11.2,0.0,854.3,59.0,89,,0.04,,3,chuk_rwanda
2022-06-12 19:00:00,19.0,71,13.6,6.2,10.8,0.0,854.0,0.0,100,,0.01,,3,chuk_rwanda
2022-06-12 20:00:00,18.1,73,13.3,5.4,11.2,0.0,854.3,0.0,90,,0.0,,3,chuk_rwanda
2022-06-12 21:00:00,17.2,75,12.8,4.4,10.1,0.0,854.6,0.0,93,,0.0,,3,chuk_rwanda
2022-06-12 22:00:00,16.7,76,12.4,3.4,8.6,0.0,854.8,0.0,100,,0.0,,3,chuk_rwanda
2022-06-12 23:00:00,16.0,78,12.2,3.4,7.6,0.0,854.7,0.0,99,,0.0,,3,chuk_rwanda
2022-06-13 00:00:00,15.7,78,11.9,3.1,7.6,0.0,854.5,0.0,98,,0.0,,3,chuk_rwanda
2022-06-13 01:00:00,15.2,78,11.4,3.5,7.9,0.0,853.8,0.0,98,,0.0,,3,chuk_rwanda
2022-06-13 02:00:00,13.9,86,11.6,5.4,8.3,0.0,853.0,0.0,95,,0.0,,3,chuk_rwanda
2022-06-13 03:00:00,14.4,82,11.5,5.4,9.7,0.0,853.2,0.0,100,,0.0,,3,chuk_rwanda
2022-06-13 04:00:00,13.8,85,11.3,6.4,11.5,0.0,852.7,0.0,100,,0.0,,3,chuk_rwanda
2022-06-13 05:00:00,13.4,86,11.2,6.4,13.3,0.0,852.6,0.0,100,,0.0,,3,chuk_rwanda
2022-06-13 06:00:00,13.2,87,11.1,6.7,11.2,0.0,852.9,0.0,100,,0.0,,3,chuk_rwanda
2022-06-13 07:00:00,14.9,81,11.7,9.2,17.3,0.0,854.1,62.0,93,,0.04,,3,chuk_rwanda
2022-06-13 08:00:00,18.9,69,13.1,4.6,17.3,0.0,856.7,267.0,100,,0.16,,3,chuk_rwanda
2022-06-13 09:00:00,21.4,57,12.4,5.5,16.9,0.0,858.0,488.0,83,,0.32,,3,chuk_rwanda
2022-06-13 10:00:00,22.7,50,11.8,10.1,26.3,0.0,858.3,680.0,93,,0.46,,3,chuk_rwanda
2022-06-13 11:00:00,23.8,45,11.3,10.8,28.8,0.0,857.9,776.0,100,,0.54,,3,chuk_rwanda
2022-06-13 12:00:00,24.0,45,11.4,9.5,28.4,0.0,857.2,592.0,100,,0.44,,3,chuk_rwanda
2022-06-13 13:00:00,24.2,45,11.4,7.1,24.5,0.0,856.4,458.0,100,,0.36,,3,chuk_rwanda
2022-06-13 14:00:00,24.1,45,11.4,5.9,18.4,0.0,856.1,315.0,100,,0.27,,3,chuk_rwanda
2022-06-13 15:00:00,23.9,45,11.2,3.9,15.5,0.0,855.3,316.0,16,,0.25,,0,chuk_rwanda
2022-06-13 16:00:00,24.4,43,10.8,3.4,13.3,0.0,855.1,398.0,17,,0.28,,0,chuk_rwanda
2022-06-13 17:00:00,23.8,52,13.3,1.8,10.4,0.0,854.6,240.0,21,,0.15,,1,chuk_rwanda
2022-06-13 18:00:00,23.4,44,10.5,0.8,4.0,0.0,854.9,56.0,13,,0.02,,0,chuk_rwanda
2022-06-13 19:00:00,20.5,59,12.1,4.8,7.6,0.0,854.0,0.0,4,,0.01,,0,chuk_rwanda
2022-06-13 20:00:00,17.8,75,13.3,4.8,8.3,0.0,853.6,0.0,9,,0.0,,0,chuk_rwanda
2022-06-13 21:00:00,17.3,74,12.6,2.4,7.2,0.0,854.0,0.0,10,,0.0,,0,chuk_rwanda
2022-06-13 22:00:00,17.9,65,11.1,3.2,4.7,0.0,854.7,0.0,9,,0.0,,0,chuk_rwanda
2022-06-13 23:00:00,16.1,74,11.4,4.1,9.4,0.0,854.2,0.0,5,,0.0,,0,chuk_rwanda
2022-06-14 00:00:00,15.4,77,11.5,3.7,7.2,0.0,854.0,0.0,4,,0.0,,0,chuk_rwanda
2022-06-14 01:00:00,15.1,79,11.4,3.5,7.9,0.0,853.5,0.0,10,,0.0,,0,chuk_rwanda
2022-06-14 02:00:00,15.6,73,10.8,4.0,7.6,0.0,853.8,0.0,30,,0.0,,1,chuk_rwanda
2022-06-14 03:00:00,14.9,78,11.0,3.1,7.9,0.0,853.2,0.0,9,,0.0,,0,chuk_rwanda
2022-06-14 04:00:00,13.9,81,10.7,5.6,10.1,0.0,853.0,0.0,27,,0.0,,1,chuk_rwanda
2022-06-14 05:00:00,13.3,84,10.6,6.1,11.5,0.0,852.8,0.0,3,,0.0,,0,chuk_rwanda
2022-06-14 06:00:00,13.1,84,10.5,5.9,11.5,0.0,852.9,0.0,0,,0.0,,0,chuk_rwanda
2022-06-14 07:00:00,14.9,79,11.2,7.7,14.8,0.0,854.2,62.0,0,,0.04,,0,chuk_rwanda
2022-06-14 08:00:00,19.0,66,12.6,5.3,14.8,0.0,856.7,265.0,1,,0.16,,0,chuk_rwanda
2022-06-14 09:00:00,21.5,54,11.7,5.7,17.6,0.0,857.7,486.0,7,,0.32,,0,chuk_rwanda
2022-06-14 10:00:00,23.1,49,11.7,5.4,17.6,0.0,858.1,675.0,0,,0.46,,0,chuk_rwanda
2022-06-14 11:00:00,24.4,45,11.5,7.0,21.2,0.0,857.8,814.0,1,,0.57,,0,chuk_rwanda
2022-06-14 12:00:00,25.5,41,11.3,6.1,21.6,0.0,857.3,876.0,84,,0.62,,3,chuk_rwanda
2022-06-14 13:00:00,26.0,39,11.1,5.6,19.4,0.0,856.4,717.0,38,,0.53,,1,chuk_rwanda
2022-06-14 14:00:00,25.6,40,10.9,6.5,18.0,0.0,856.0,626.0,27,,0.47,,1,chuk_rwanda
2022-06-14 15:00:00,25.7,39,10.6,6.4,19.1,0.0,855.1,516.0,43,,0.39,,1,chuk_rwanda
2022-06-14 16:00:00,25.6,39,10.4,5.5,17.6,0.0,854.7,359.0,34,,0.28,,1,chuk_rwanda
2022-06-14 17:00:00,24.7,48,13.1,2.8,13.7,0.0,854.2,188.0,38,,0.14,,1,chuk_rwanda
2022-06-14 18:00:00,22.0,58,13.3,4.7,9.7,0.0,853.1,50.0,10,,0.05,,0,chuk_rwanda
2022-06-14 19:00:00,20.0,68,13.8,5.4,10.4,0.0,853.0,0.0,4,,0.01,,0,chuk_rwanda
2022-06-14 20:00:00,19.0,65,12.3,4.2,8.3,0.0,853.1,0.0,7,,0.0,,0,chuk_rwanda
2022-06-14 21:00:00,18.0,71,12.6,3.9,7.6,0.0,853.5,0.0,0,,0.0,,0,chuk_rwanda
2022-06-14 22:00:00,17.6,68,11.6,3.2,5.8,0.0,853.7,0.0,0,,0.0,,0,chuk_rwanda
2022-06-14 23:00:00,16.6,69,10.9,2.2,5.0,0.0,853.5,0.0,0,,0.0,,0,chuk_rwanda
2022-06-15 00:00:00,15.9,70,10.6,3.8,6.8,0.0,853.3,0.0,0,,0.0,,0,chuk_rwanda
2022-06-15 01:00:00,14.0,80,10.6,5.0,10.1,0.0,851.9,0.0,5,,0.0,,0,chuk_rwanda
2022-06-15 02:00:00,14.1,79,10.6,3.0,10.4,0.0,852.3,0.0,2,,0.0,,0,chuk_rwanda
2022-06-15 03:00:00,14.4,77,10.4,3.1,6.8,0.0,852.0,0.0,0,,0.0,,0,chuk_rwanda
2022-06-15 04:00:00,14.4,76,10.1,3.1,6.8,0.0,851.9,0.0,0,,0.0,,0,chuk_rwanda
2022-06-15 05:00:00,13.9,79,10.4,3.4,5.0,0.0,851.9,0.0,13,,0.0,,0,chuk_rwanda
2022-06-15 06:00:00,13.6,80,10.3,3.9,5.8,0.0,852.2,0.0,29,,0.0,,1,chuk_rwanda
2022-06-15 07:00:00,15.7,73,10.9,5.4,8.6,0.0,853.9,62.0,6,,0.03,,0,chuk_rwanda
2022-06-15 08:00:00,19.2,63,12.0,3.1,10.1,0.0,856.5,266.0,0,,0.16,,0,chuk_rwanda
2022-06-15 09:00:00,21.4,54,11.8,5.1,16.2,0.0,857.5,488.0,0,,0.32,,0,chuk_rwanda
2022-06-15 10:00:00,23.1,49,11.7,5.8,18.7,0.0,857.9,678.0,4,,0.46,,0,chuk_rwanda
2022-06-15 11:00:00,24.5,44,11.6,6.6,20.9,0.0,857.7,815.0,3,,0.57,,0,chuk_rwanda
2022-06-15 12:00:00,25.5,41,11.2,7.5,23.0,0.0,857.3,884.0,86,,0.63,,3,chuk_rwanda
2022-06-15 13:00:00,26.0,38,10.7,6.1,22.0,0.0,856.4,662.0,31,,0.5,,1,chuk_rwanda
2022-06-15 14:00:00,25.0,41,11.0,7.8,18.4,0.0,855.8,600.0,56,,0.45,,2,chuk_rwanda
2022-06-15 15:00:00,25.5,40,10.8,6.7,21.2,0.0,855.2,531.0,78,,0.4,,2,chuk_rwanda
2022-06-15 16:00:00,25.2,40,10.8,6.8,18.0,0.0,854.5,283.0,79,,0.24,,2,chuk_rwanda
2022-06-15 17:00:00,24.5,47,12.4,4.7,18.0,0.0,854.1,190.0,17,,0.15,,0,chuk_rwanda
2022-06-15 18:00:00,21.6,57,12.7,5.8,11.5,0.0,853.0,60.0,13,,0.06,,0,chuk_rwanda
2022-06-15 19:00:00,19.9,61,12.2,5.4,13.3,0.0,852.6,0.0,4,,0.01,,0,chuk_rwanda
2022-06-15 20:00:00,19.0,63,11.8,3.6,10.8,0.0,852.8,0.0,0,,0.0,,0,chuk_rwanda
2022-06-15 21:00:00,17.6,73,12.7,3.1,5.8,0.0,852.9,0.0,10,,0.0,,0,chuk_rwanda
2022-06-15 22:00:00,17.4,71,11.9,2.5,5.4,0.0,853.2,0.0,0,,0.0,,0,chuk_rwanda
2022-06-15 23:00:00,16.5,75,12.1,1.1,5.0,0.0,853.0,0.0,1,,0.0,,0,chuk_rwanda
2022-06-16 00:00:00,16.1,74,11.6,2.5,5.8,0.0,852.9,0.0,0,,0.0,,0,chuk_rwanda
2022-06-16 01:00:00,15.7,72,10.6,3.6,5.4,0.0,852.2,0.0,0,,0.0,,0,chuk_rwanda
2022-06-16 02:00:00,14.6,81,11.4,6.1,9.4,0.0,851.7,0.0,0,,0.0,,0,chuk_rwanda
2022-06-16 03:00:00,15.2,77,11.1,4.1,8.3,0.0,851.5,0.0,98,,0.0,,3,chuk_rwanda
2022-06-16 04:00:00,15.1,76,10.9,7.1,11.5,0.0,851.6,0.0,98,,0.01,,3,chuk_rwanda
2022-06-16 05:00:00,14.6,78,10.9,7.9,11.5,0.0,851.5,0.0,94,,0.0,,3,chuk_rwanda
2022-06-16 06:00:00,14.1,81,10.9,5.0,11.9,0.0,851.5,0.0,97,,0.0,,3,chuk_rwanda
2022-06-16 07:00:00,15.6,77,11.6,5.7,9.4,0.0,853.0,53.0,95,,0.03,,3,chuk_rwanda
2022-06-16 08:00:00,19.8,63,12.5,1.3,9.7,0.0,855.8,259.0,13,,0.15,,0,chuk_rwanda
2022-06-16 09:00:00,21.6,53,11.8,5.1,16.2,0.0,856.9,469.0,0,,0.31,,0,chuk_rwanda
2022-06-16 10:00:00,23.0,48,11.5,7.4,22.0,0.0,857.4,667.0,78,,0.45,,2,chuk_rwanda
2022-06-16 11:00:00,24.5,45,11.7,6.7,22.0,0.0,857.3,811.0,99,,0.56,,3,chuk_rwanda
2022-06-16 12:00:00,26.0,40,11.4,8.4,23.8,0.0,856.9,889.0,91,,0.64,,3,chuk_rwanda
2022-06-16 13:00:00,26.6,39,11.4,8.6,25.9,0.0,855.7,818.0,28,,0.6,,1,chuk_rwanda
2022-06-16 14:00:00,26.4,41,12.1,9.5,24.8,0.0,855.0,803.0,37,,0.59,,1,chuk_rwanda
2022-06-16 15:00:00,26.3,41,11.9,8.9,25.2,0.0,854.1,571.0,29,,0.44,,1,chuk_rwanda
2022-06-16 16:00:00,26.3,39,11.4,10.9,25.9,0.0,853.6,429.0,100,,0.35,,3,chuk_rwanda
2022-06-16 17:00:00,25.0,45,12.1,6.6,27.0,0.0,853.3,171.0,43,,0.16,,1,chuk_rwanda
2022-06-16 18:00:00,22.6,58,13.8,4.9,15.5,0.0,852.6,53.0,21,,0.05,,1,chuk_rwanda
2022-06-16 19:00:00,20.8,67,14.6,6.1,11.2,0.0,852.4,0.0,12,,0.01,,0,chuk_rwanda
2022-06-16 20:00:00,19.9,68,13.9,3.8,11.5,0.0,852.7,0.0,15,,0.0,,0,chuk_rwanda
2022-06-16 21:00:00,19.1,68,13.1,3.4,9.0,0.0,853.1,0.0,19,,0.0,,0,chuk_rwanda
2022-06-16 22:00:00,18.6,66,12.1,2.3,8.3,0.0,853.5,0.0,14,,0.0,,0,chuk_rwanda
2022-06-16 23:00:00,17.4,71,12.0,2.5,5.8,0.0,853.1,0.0,0,,0.0,,0,chuk_rwanda
2022-06-17 00:00:00,17.0,69,11.2,3.1,5.8,0.0,852.8,0.0,7,,0.0,,0,chuk_rwanda
2022-06-17 01:00:00,16.8,69,11.0,3.6,5.8,0.0,852.4,0.0,6,,0.0,,0,chuk_rwanda
2022-06-17 02:00:00,15.5,74,10.9,4.3,8.3,0.0,851.3,0.0,100,,0.0,,3,chuk_rwanda
2022-06-17 03:00:00,15.4,75,10.9,7.1,11.5,0.0,851.3,0.0,100,,0.01,,3,chuk_rwanda
2022-06-17 04:00:00,14.9,79,11.3,4.1,11.5,0.0,851.3,0.0,100,,0.0,,3,chuk_rwanda
2022-06-17 05:00:00,14.9,78,11.1,4.2,7.9,0.0,851.7,0.0,100,,0.0,,3,chuk_rwanda
2022-06-17 06:00:00,14.4,81,11.1,2.9,7.6,0.0,851.9,0.0,100,,0.0,,3,chuk_rwanda
2022-06-17 07:00:00,16.0,76,11.8,4.4,8.3,0.0,853.3,59.0,100,,0.03,,3,chuk_rwanda
2022-06-17 08:00:00,19.5,63,12.2,2.6,10.4,0.0,855.4,257.0,100,,0.15,,3,chuk_rwanda
2022-06-17 09:00:00,21.2,56,12.0,5.9,18.0,0.0,856.5,479.0,99,,0.31,,3,chuk_rwanda
2022-06-17 10:00:00,22.6,50,11.6,7.6,22.7,0.0,856.6,666.0,100,,0.45,,3,chuk_rwanda
2022-06-17 11:00:00,24.3,45,11.7,8.7,24.8,0.0,856.5,808.0,100,,0.56,,3,chuk_rwanda
2022-06-17 12:00:00,25.6,40,11.1,10.2,28.1,0.0,855.9,840.0,99,,0.61,,3,chuk_rwanda
2022-06-17 13:00:00,25.8,39,10.8,9.2,27.4,0.0,855.0,736.0,99,,0.55,,3,chuk_rwanda
2022-06-17 14:00:00,25.9,40,11.1,7.4,25.6,0.0,854.2,775.0,100,,0.56,,3,chuk_rwanda
2022-06-17 15:00:00,26.1,37,10.3,4.7,20.9,0.0,853.4,519.0,91,,0.39,,3,chuk_rwanda
2022-06-17 16:00:00,26.1,36,10.0,8.7,19.8,0.0,853.0,407.0,81,,0.33,,3,chuk_rwanda
2022-06-17 17:00:00,24.8,40,10.4,8.0,25.6,0.0,852.6,211.0,56,,0.19,,2,chuk_rwanda
2022-06-17 18:00:00,22.5,56,13.4,5.1,18.7,0.0,851.7,54.0,23,,0.05,,1,chuk_rwanda
2022-06-17 19:00:00,21.5,51,10.9,6.2,13.0,0.0,852.1,0.0,25,,0.03,,1,chuk_rwanda
2022-06-17 20:00:00,20.2,60,12.1,5.7,13.0,0.0,852.5,0.0,9,,0.02,,0,chuk_rwanda
2022-06-17 21:00:00,18.5,69,12.7,4.2,9.7,0.0,853.0,0.0,7,,0.0,,0,chuk_rwanda
2022-06-17 22:00:00,17.6,71,12.3,3.3,7.6,0.0,853.0,0.0,6,,0.0,,0,chuk_rwanda
2022-06-17 23:00:00,16.8,72,11.8,2.3,5.0,0.0,852.7,0.0,3,,0.0,,0,chuk_rwanda
2022-06-18 00:00:00,16.1,71,10.8,3.1,6.5,0.0,852.7,0.0,9,,0.0,,0,chuk_rwanda
2022-06-18 01:00:00,15.6,70,10.1,6.3,9.0,0.0,852.1,0.0,62,,0.01,,2,chuk_rwanda
2022-06-18 02:00:00,14.9,75,10.5,3.8,11.2,0.0,851.5,0.0,82,,0.0,,3,chuk_rwanda
2022-06-18 03:00:00,15.1,73,10.3,4.8,10.1,0.0,851.6,0.0,100,,0.0,,3,chuk_rwanda
2022-06-18 04:00:00,14.6,74,10.1,6.9,12.2,0.0,851.7,0.0,98,,0.01,,3,chuk_rwanda
2022-06-18 05:00:00,14.1,77,10.1,6.2,12.2,0.0,851.8,0.0,96,,0.0,,3,chuk_rwanda
2022-06-18 06:00:00,13.6,80,10.2,4.3,10.4,0.0,852.1,0.0,99,,0.0,,3,chuk_rwanda
2022-06-18 07:00:00,15.1,77,11.0,3.8,7.9,0.0,853.7,59.0,99,,0.03,,3,chuk_rwanda
2022-06-18 08:00:00,18.8,63,11.6,1.6,8.6,0.0,856.5,253.0,100,,0.14,,3,chuk_rwanda
2022-06-18 09:00:00,20.6,54,11.1,6.2,18.0,0.0,857.3,479.0,100,,0.31,,3,chuk_rwanda
2022-06-18 10:00:00,21.9,50,10.9,7.7,22.7,0.0,857.5,665.0,98,,0.44,,3,chuk_rwanda
2022-06-18 11:00:00,23.9,43,10.7,10.0,26.6,0.0,857.3,809.0,99,,0.56,,3,chuk_rwanda
2022-06-18 12:00:00,24.4,42,10.7,10.0,27.0,0.0,856.5,710.0,100,,0.52,,3,chuk_rwanda
2022-06-18 13:00:00,24.6,41,10.4,7.6,26.3,0.0,855.5,441.0,100,,0.36,,3,chuk_rwanda
2022-06-18 14:00:00,25.4,38,10.1,6.7,22.3,0.0,855.4,677.0,100,,0.5,,3,chuk_rwanda
2022-06-18 15:00:00,25.4,37,9.4,6.1,17.3,0.0,854.5,482.0,100,,0.37,,3,chuk_rwanda
2022-06-18 16:00:00,24.8,38,9.6,10.2,24.5,0.0,853.9,238.0,76,,0.24,,2,chuk_rwanda
2022-06-18 17:00:00,23.6,45,11.1,5.4,24.8,0.0,853.6,113.0,68,,0.12,,2,chuk_rwanda
2022-06-18 18:00:00,21.4,56,12.2,4.9,13.0,0.0,852.8,59.0,8,,0.05,,0,chuk_rwanda
2022-06-18 19:00:00,19.5,62,12.1,4.3,10.4,0.0,852.4,0.0,3,,0.01,,0,chuk_rwanda
2022-06-18 20:00:00,18.8,65,12.1,3.6,9.0,0.0,852.5,0.0,29,,0.0,,1,chuk_rwanda
2022-06-18 21:00:00,17.6,70,12.1,5.4,10.1,0.0,853.1,0.0,30,,0.01,,1,chuk_rwanda
2022-06-18 22:00:00,17.0,71,11.8,4.4,11.2,0.0,853.5,0.0,91,,0.0,,3,chuk_rwanda
2022-06-18 23:00:00,16.9,68,10.8,3.8,9.7,0.0,853.7,0.0,96,,0.0,,3,chuk_rwanda
2022-06-19 00:00:00,16.0,71,10.9,3.3,8.6,0.0,853.3,0.0,97,,0.0,,3,chuk_rwanda
2022-06-19 01:00:00,15.5,72,10.6,2.8,7.9,0.0,852.9,0.0,100,,0.0,,3,chuk_rwanda
2022-06-19 02:00:00,15.5,76,11.2,4.7,7.6,0.0,852.9,0.0,99,,0.0,,3,chuk_rwanda
2022-06-19 03:00:00,15.5,74,10.9,6.4,10.8,0.0,852.8,0.0,99,,0.0,,3,chuk_rwanda
2022-06-19 04:00:00,14.6,78,10.8,7.1,12.6,0.0,852.6,0.0,97,,0.0,,3,chuk_rwanda
2022-06-19 05:00:00,14.1,81,10.8,6.6,12.6,0.0,852.5,0.0,95,,0.0,,3,chuk_rwanda
2022-06-19 06:00:00,13.6,83,10.7,7.1,12.2,0.0,852.5,0.0,100,,0.0,,3,chuk_rwanda
2022-06-19 07:00:00,15.2,77,11.3,8.1,14.8,0.0,853.8,56.0,96,,0.04,,3,chuk_rwanda
2022-06-19 08:00:00,19.1,66,12.6,4.1,14.8,0.0,856.2,235.0,99,,0.14,,3,chuk_rwanda
2022-06-19 09:00:00,21.7,53,11.8,3.8,14.0,0.0,857.4,453.0,100,,0.3,,3,chuk_rwanda
2022-06-19 10:00:00,23.0,48,11.2,9.5,24.8,0.0,857.8,588.0,100,,0.41,,3,chuk_rwanda
2022-06-19 11:00:00,24.2,43,11.0,11.8,29.5,0.0,857.7,738.0,99,,0.53,,3,chuk_rwanda
2022-06-19 12:00:00,25.2,39,10.4,10.9,30.2,0.0,857.2,736.0,100,,0.55,,3,chuk_rwanda
2022-06-19 13:00:00,25.1,39,10.2,10.2,27.7,0.0,856.3,538.0,100,,0.43,,3,chuk_rwanda
2022-06-19 14:00:00,24.6,40,10.1,7.0,25.9,0.0,855.7,567.0,98,,0.43,,3,chuk_rwanda
2022-06-19 15:00:00,25.2,39,10.2,9.7,24.1,0.0,855.3,529.0,100,,0.41,,3,chuk_rwanda
2022-06-19 16:00:00,24.5,41,10.4,10.4,25.9,0.0,854.8,342.0,100,,0.29,,3,chuk_rwanda
2022-06-19 17:00:00,23.6,47,11.6,5.2,24.1,0.0,854.8,113.0,100,,0.12,,3,chuk_rwanda
2022-06-19 18:00:00,23.0,52,12.6,3.4,12.2,0.0,854.9,32.0,100,,0.05,,3,chuk_rwanda
2022-06-19 19:00:00,21.9,68,15.6,1.3,6.1,0.0,854.8,0.0,100,,0.0,,3,chuk_rwanda
2022-06-19 20:00:00,22.0,50,11.0,1.1,4.0,0.0,855.5,0.0,99,,0.0,,3,chuk_rwanda
2022-06-19 21:00:00,21.5,50,10.5,2.0,5.8,0.0,856.0,0.0,100,,0.0,,3,chuk_rwanda
2022-06-19 22:00:00,20.5,53,10.6,2.3,5.8,0.0,855.9,0.0,97,,0.0,,3,chuk_rwanda
2022-06-19 23:00:00,18.6,68,12.6,1.5,5.8,0.0,855.2,0.0,100,,0.0,,3,chuk_rwanda
2022-06-20 00:00:00,18.1,72,13.1,1.8,5.0,0.0,855.2,0.0,100,,0.0,,3,chuk_rwanda
2022-06-20 01:00:00,17.9,69,12.1,2.1,4.7,0.0,854.7,0.0,98,,0.0,,3,chuk_rwanda
2022-06-20 02:00:00,16.5,73,11.8,1.9,5.0,0.0,853.7,0.0,92,,0.0,,3,chuk_rwanda
2022-06-20 03:00:00,16.1,73,11.4,4.0,6.8,0.0,853.6,0.0,100,,0.0,,3,chuk_rwanda
2022-06-20 04:00:00,15.1,78,11.3,6.0,10.4,0.0,853.2,0.0,100,,0.0,,3,chuk_rwanda
2022-06-20 05:00:00,14.6,80,11.1,5.8,10.8,0.0,853.2,0.0,100,,0.0,,3,chuk_rwanda
2022-06-20 06:00:00,14.5,80,11.1,6.3,10.8,0.0,853.4,0.0,100,,0.0,,3,chuk_rwanda
2022-06-20 07:00:00,16.1,75,11.7,6.9,11.9,0.0,854.7,47.0,100,,0.04,,3,chuk_rwanda
2022-06-20 08:00:00,19.1,67,12.9,2.4,11.9,0.0,856.9,185.0,100,,0.12,,3,chuk_rwanda
2022-06-20 09:00:00,21.4,53,11.5,4.5,14.0,0.0,858.3,341.0,100,,0.24,,3,chuk_rwanda
2022-06-20 10:00:00,22.5,48,10.9,10.2,24.5,0.0,859.0,435.0,100,,0.33,,3,chuk_rwanda
2022-06-20 11:00:00,24.2,42,10.5,14.2,34.2,0.0,858.8,727.0,100,,0.53,,3,chuk_rwanda
2022-06-20 12:00:00,23.8,43,10.3,13.9,34.9,0.0,858.1,480.0,100,,0.4,,3,chuk_rwanda
2022-06-20 13:00:00,24.7,39,9.6,9.3,32.0,0.0,857.3,430.0,100,,0.36,,3,chuk_rwanda
2022-06-20 14:00:00,24.4,39,9.4,12.2,35.3,0.0,857.2,534.0,100,,0.43,,3,chuk_rwanda
2022-06-20 15:00:00,23.8,41,9.6,9.4,28.1,0.0,856.5,253.0,100,,0.25,,3,chuk_rwanda
2022-06-20 16:00:00,24.5,38,9.4,7.6,22.0,0.0,856.0,306.0,85,,0.26,,3,chuk_rwanda
2022-06-20 17:00:00,23.6,40,9.4,9.4,22.7,0.0,855.8,171.0,100,,0.18,,3,chuk_rwanda
2022-06-20 18:00:00,21.5,50,10.6,5.8,21.6,0.0,855.3,34.0,100,,0.07,,3,chuk_rwanda
2022-06-20 19:00:00,20.7,60,12.6,4.0,13.0,0.0,855.3,0.0,100,,0.01,,3,chuk_rwanda
2022-06-20 20:00:00,20.4,68,14.2,5.2,10.1,0.0,855.9,0.0,97,,0.01,,3,chuk_rwanda
2022-06-20 21:00:00,21.2,45,8.8,2.9,10.1,0.0,856.7,0.0,76,,0.01,,2,chuk_rwanda
2022-06-20 22:00:00,18.8,62,11.2,0.4,7.2,0.0,855.8,0.0,62,,0.0,,2,chuk_rwanda
2022-06-20 23:00:00,17.5,67,11.3,1.5,5.0,0.0,855.5,0.0,20,,0.0,,1,chuk_rwanda
2022-06-21 00:00:00,16.8,65,10.1,2.2,5.0,0.0,855.2,0.0,23,,0.0,,1,chuk_rwanda
2022-06-21 01:00:00,15.6,69,9.9,2.1,4.7,0.0,854.3,0.0,28,,0.0,,1,chuk_rwanda
2022-06-21 02:00:00,15.1,74,10.6,2.6,5.4,0.0,853.1,0.0,59,,0.0,,2,chuk_rwanda
2022-06-21 03:00:00,15.1,72,10.1,3.6,6.1,0.0,853.0,0.0,54,,0.0,,2,chuk_rwanda
2022-06-21 04:00:00,14.8,73,9.9,5.9,8.3,0.0,853.0,0.0,49,,0.0,,1,chuk_rwanda
2022-06-21 05:00:00,14.4,75,9.9,6.7,11.9,0.0,853.1,0.0,24,,0.0,,1,chuk_rwanda
2022-06-21 06:00:00,13.9,76,9.9,6.7,11.5,0.0,853.4,0.0,1,,0.0,,0,chuk_rwanda
2022-06-21 07:00:00,15.2,74,10.6,6.0,11.2,0.0,854.5,57.0,24,,0.03,,1,chuk_rwanda
2022-06-21 08:00:00,19.3,63,12.0,0.7,10.4,0.0,857.3,251.0,78,,0.14,,2,chuk_rwanda
2022-06-21 09:00:00,21.1,52,10.9,8.4,21.6,0.0,858.3,458.0,89,,0.31,,3,chuk_rwanda
2022-06-21 10:00:00,22.0,49,10.7,10.5,27.7,0.0,858.4,627.0,94,,0.43,,3,chuk_rwanda
2022-06-21 11:00:00,23.8,43,10.4,11.3,29.5,0.0,858.0,789.0,89,,0.55,,3,chuk_rwanda
2022-06-21 12:00:00,23.5,41,9.7,8.1,29.5,0.0,857.0,467.0,97,,0.37,,3,chuk_rwanda
2022-06-21 13:00:00,24.9,38,9.6,7.4,22.0,0.0,856.3,643.0,100,,0.48,,3,chuk_rwanda
2022-06-21 14:00:00,24.7,38,9.4,5.2,21.6,0.0,855.6,373.0,96,,0.31,,3,chuk_rwanda
2022-06-21 15:00:00,24.7,38,9.4,6.4,16.9,0.0,854.8,326.0,84,,0.28,,3,chuk_rwanda
2022-06-21 16:00:00,24.5,39,9.7,4.0,17.3,0.0,854.1,229.0,65,,0.19,,2,chuk_rwanda
2022-06-21 17:00:00,24.4,44,11.2,3.1,11.2,0.0,853.7,171.0,93,,0.13,,3,chuk_rwanda
2022-06-21 18:00:00,22.0,49,10.6,5.6,11.9,0.0,853.4,53.0,79,,0.06,,2,chuk_rwanda
2022-06-21 19:00:00,22.2,39,7.8,4.4,12.2,0.0,853.8,0.0,60,,0.03,,2,chuk_rwanda
2022-06-21 20:00:00,21.3,42,8.0,1.4,7.9,0.0,854.0,0.0,16,,0.0,,0,chuk_rwanda
2022-06-21 21:00:00,18.6,65,11.9,1.6,5.4,0.0,853.5,0.0,22,,0.0,,1,chuk_rwanda
2022-06-21 22:00:00,17.5,70,11.9,1.8,5.4,0.0,853.3,0.0,32,,0.0,,1,chuk_rwanda
2022-06-21 23:00:00,16.5,74,11.8,1.8,5.0,0.0,853.0,0.0,36,,0.0,,1,chuk_rwanda
2022-06-22 00:00:00,15.9,73,11.0,3.1,5.8,0.0,852.8,0.0,34,,0.0,,1,chuk_rwanda
2022-06-22 01:00:00,15.5,69,9.9,3.1,6.1,0.0,852.5,0.0,99,,0.0,,3,chuk_rwanda
2022-06-22 02:00:00,14.4,76,10.2,4.8,6.1,0.0,851.6,0.0,96,,0.0,,3,chuk_rwanda
2022-06-22 03:00:00,15.1,71,9.9,3.3,7.6,0.0,852.1,0.0,100,,0.0,,3,chuk_rwanda
2022-06-22 04:00:00,14.5,72,9.6,4.3,8.3,0.0,852.1,0.0,100,,0.0,,3,chuk_rwanda
2022-06-22 05:00:00,13.8,75,9.4,4.1,9.0,0.0,852.0,0.0,100,,0.0,,3,chuk_rwanda
2022-06-22 06:00:00,13.2,77,9.2,5.7,10.1,0.0,852.5,0.0,96,,0.0,,3,chuk_rwanda
2022-06-22 07:00:00,14.6,75,10.2,5.7,10.8,0.0,853.5,57.0,99,,0.03,,3,chuk_rwanda
2022-06-22 08:00:00,18.8,60,10.8,2.4,10.8,0.0,856.2,252.0,98,,0.15,,3,chuk_rwanda
2022-06-22 09:00:00,20.6,49,9.6,7.6,20.2,0.0,857.2,475.0,100,,0.31,,3,chuk_rwanda
2022-06-22 10:00:00,21.9,43,8.8,9.3,24.8,0.0,857.5,668.0,98,,0.45,,3,chuk_rwanda
2022-06-22 11:00:00,23.2,40,8.9,8.6,24.8,0.0,857.2,810.0,69,,0.55,,2,chuk_rwanda
2022-06-22 12:00:00,24.4,37,8.9,8.6,24.8,0.0,856.6,884.0,62,,0.62,,2,chuk_rwanda
2022-06-22 13:00:00,25.6,35,9.1,6.0,24.5,0.0,856.1,890.0,65,,0.63,,2,chuk_rwanda
2022-06-22 14:00:00,24.8,38,9.4,5.3,20.2,0.0,855.6,556.0,49,,0.42,,1,chuk_rwanda
2022-06-22 15:00:00,24.5,38,9.2,4.5,15.8,0.0,854.9,346.0,65,,0.28,,2,chuk_rwanda
2022-06-22 16:00:00,24.4,38,9.2,3.1,13.0,0.0,854.7,284.0,77,,0.22,,2,chuk_rwanda
2022-06-22 17:00:00,24.1,43,10.9,2.4,9.7,0.0,854.4,237.0,55,,0.16,,2,chuk_rwanda
2022-06-22 18:00:00,21.6,64,14.6,4.3,6.5,0.0,853.8,52.0,100,,0.05,,3,chuk_rwanda
2022-06-22 19:00:00,21.0,57,12.1,4.2,8.3,0.0,853.6,0.0,73,,0.01,,2,chuk_rwanda
2022-06-22 20:00:00,18.8,66,12.3,4.1,10.1,0.0,853.0,0.0,89,,0.0,,3,chuk_rwanda
2022-06-22 21:00:00,18.1,63,11.0,3.4,6.5,0.0,852.8,0.0,85,,0.0,,3,chuk_rwanda
2022-06-22 22:00:00,17.4,61,9.7,4.8,7.9,0.0,852.8,0.0,85,,0.01,,3,chuk_rwanda
2022-06-22 23:00:00,15.6,71,10.3,3.1,10.1,0.0,852.1,0.0,100,,0.0,,3,chuk_rwanda
2022-06-23 00:00:00,14.9,74,10.4,1.5,5.0,0.0,852.2,0.0,98,,0.0,,3,chuk_rwanda
2022-06-23 01:00:00,14.6,75,10.3,1.6,5.4,0.0,852.0,0.0,99,,0.0,,3,chuk_rwanda
2022-06-23 02:00:00,14.8,72,9.8,3.1,5.0,0.0,851.5,0.0,100,,0.0,,3,chuk_rwanda
2022-06-23 03:00:00,14.6,74,10.1,2.8,7.2,0.0,851.7,0.0,100,,0.0,,3,chuk_rwanda
2022-06-23 04:00:00,13.9,78,10.1,1.5,6.5,0.0,851.6,0.0,100,,0.0,,3,chuk_rwanda
2022-06-23 05:00:00,13.8,75,9.4,1.6,5.0,0.0,852.2,0.0,100,,0.0,,3,chuk_rwanda
2022-06-23 06:00:00,13.4,75,9.1,2.8,6.1,0.0,852.7,0.0,100,,0.0,,3,chuk_rwanda
2022-06-23 07:00:00,14.9,72,9.8,4.6,8.3,0.0,854.1,55.0,99,,0.03,,3,chuk_rwanda
2022-06-23 08:00:00,19.0,57,10.4,2.9,10.1,0.0,856.8,249.0,98,,0.15,,3,chuk_rwanda
2022-06-23 09:00:00,21.1,50,10.2,5.2,16.2,0.0,857.8,476.0,99,,0.31,,3,chuk_rwanda
2022-06-23 10:00:00,22.5,45,10.1,7.9,22.0,0.0,858.0,591.0,100,,0.41,,3,chuk_rwanda
2022-06-23 11:00:00,23.8,42,10.1,10.3,27.7,0.0,857.7,788.0,100,,0.55,,3,chuk_rwanda
2022-06-23 12:00:00,25.5,38,10.0,7.3,27.7,0.0,857.3,875.0,100,,0.62,,3,chuk_rwanda
2022-06-23 13:00:00,25.9,36,9.9,4.3,22.3,0.0,856.2,670.0,100,,0.49,,3,chuk_rwanda
2022-06-23 14:00:00,25.0,38,9.7,5.2,15.5,0.0,855.7,477.0,100,,0.37,,3,chuk_rwanda
2022-06-23 15:00:00,25.2,37,9.6,4.7,15.1,0.0,855.0,380.0,100,,0.3,,3,chuk_rwanda
2022-06-23 16:00:00,25.4,37,9.5,4.4,14.4,0.0,854.6,375.0,98,,0.28,,3,chuk_rwanda
2022-06-23 17:00:00,24.8,43,11.5,3.1,13.0,0.0,854.5,250.0,100,,0.17,,3,chuk_rwanda
2022-06-23 18:00:00,21.5,59,13.1,5.4,8.6,0.0,853.5,65.0,100,,0.05,,3,chuk_rwanda
2022-06-23 19:00:00,20.1,58,11.4,5.1,10.1,0.0,853.3,0.0,100,,0.02,,3,chuk_rwanda
2022-06-23 20:00:00,18.6,66,12.1,4.8,9.7,0.0,853.1,0.0,100,,0.01,,3,chuk_rwanda
2022-06-23 21:00:00,19.0,58,10.7,1.8,7.2,0.0,854.1,0.0,100,,0.0,,3,chuk_rwanda
2022-06-23 22:00:00,19.6,50,8.9,1.1,9.4,0.0,854.8,0.0,100,,0.0,,3,chuk_rwanda
2022-06-23 23:00:00,19.3,50,8.8,4.0,10.8,0.0,854.9,0.0,99,,0.01,,3,chuk_rwanda
2022-06-24 00:00:00,16.3,71,10.9,4.1,9.7,0.0,853.7,0.0,100,,0.0,,3,chuk_rwanda
2022-06-24 01:00:00,15.6,71,10.4,2.8,9.0,0.0,853.3,0.0,100,,0.0,,3,chuk_rwanda
2022-06-24 02:00:00,16.9,58,8.6,1.5,6.8,0.0,853.8,0.0,98,,0.0,,3,chuk_rwanda
2022-06-24 03:00:00,14.8,72,9.8,2.3,6.5,0.0,852.6,0.0,100,,0.0,,3,chuk_rwanda
2022-06-24 04:00:00,14.1,73,9.4,3.8,7.6,0.0,852.2,0.0,100,,0.0,,3,chuk_rwanda
2022-06-24 05:00:00,13.9,75,9.4,4.1,8.3,0.0,852.3,0.0,100,,0.0,,3,chuk_rwanda
2022-06-24 06:00:00,13.9,74,9.4,6.0,9.7,0.0,852.6,0.0,100,,0.0,,3,chuk_rwanda
2022-06-24 07:00:00,15.2,73,10.4,5.0,10.1,0.0,853.8,49.0,100,,0.03,,3,chuk_rwanda
2022-06-24 08:00:00,19.2,61,11.6,1.9,9.4,0.0,856.5,227.0,100,,0.13,,3,chuk_rwanda
2022-06-24 09:00:00,21.1,51,10.6,6.5,18.0,0.0,857.7,411.0,100,,0.28,,3,chuk_rwanda
2022-06-24 10:00:00,22.2,47,10.4,9.7,25.2,0.0,857.8,549.0,100,,0.39,,3,chuk_rwanda
2022-06-24 11:00:00,23.5,44,10.4,9.9,27.4,0.0,857.7,728.0,100,,0.51,,3,chuk_rwanda
2022-06-24 12:00:00,25.0,40,10.4,9.1,26.3,0.0,857.2,810.0,100,,0.58,,3,chuk_rwanda
2022-06-24 13:00:00,25.9,38,10.4,8.8,25.6,0.0,856.3,848.0,100,,0.61,,3,chuk_rwanda
2022-06-24 14:00:00,24.9,39,9.9,7.2,24.5,0.0,855.7,784.0,100,,0.56,,3,chuk_rwanda
2022-06-24 15:00:00,25.2,37,9.4,5.5,18.4,0.0,854.7,463.0,100,,0.36,,3,chuk_rwanda
2022-06-24 16:00:00,25.5,35,8.8,8.7,20.2,0.0,854.1,386.0,100,,0.32,,3,chuk_rwanda
2022-06-24 17:00:00,23.7,38,8.7,15.7,34.6,0.0,854.0,245.0,75,,0.25,,2,chuk_rwanda
2022-06-24 18:00:00,20.4,65,13.6,5.4,32.8,0.0,852.9,52.0,100,,0.05,,3,chuk_rwanda
2022-06-24 19:00:00,20.1,63,12.8,6.5,12.2,0.0,853.2,0.0,100,,0.02,,3,chuk_rwanda
2022-06-24 20:00:00,19.6,56,10.8,5.2,13.3,0.0,853.9,0.0,99,,0.02,,3,chuk_rwanda
2022-06-24 21:00:00,18.5,60,10.6,5.1,11.9,0.0,854.2,0.0,88,,0.01,,3,chuk_rwanda
2022-06-24 22:00:00,17.2,70,11.6,7.4,13.7,0.0,853.9,0.0,95,,0.01,,3,chuk_rwanda
2022-06-24 23:00:00,18.6,53,8.9,4.6,13.7,0.0,854.8,0.0,74,,0.02,,2,chuk_rwanda
2022-06-25 00:00:00,15.9,74,11.2,4.1,9.7,0.0,853.5,0.0,40,,0.0,,1,chuk_rwanda
2022-06-25 01:00:00,15.5,70,10.1,3.9,9.0,0.0,853.1,0.0,75,,0.0,,2,chuk_rwanda
2022-06-25 02:00:00,14.4,77,10.4,5.4,8.3,0.0,852.1,0.0,100,,0.0,,3,chuk_rwanda
2022-06-25 03:00:00,14.9,72,9.9,3.8,9.7,0.0,852.3,0.0,99,,0.0,,3,chuk_rwanda
2022-06-25 04:00:00,14.5,71,9.4,5.3,10.1,0.0,852.2,0.0,100,,0.0,,3,chuk_rwanda
2022-06-25 05:00:00,14.2,72,9.2,5.9,11.2,0.0,852.4,0.0,100,,0.0,,3,chuk_rwanda
2022-06-25 06:00:00,14.1,72,9.2,6.2,11.5,0.0,852.9,0.0,100,,0.0,,3,chuk_rwanda
2022-06-25 07:00:00,15.4,70,10.0,5.7,11.5,0.0,854.2,44.0,100,,0.04,,3,chuk_rwanda
2022-06-25 08:00:00,19.1,59,10.9,4.0,11.2,0.0,856.7,201.0,100,,0.13,,3,chuk_rwanda
2022-06-25 09:00:00,21.0,49,9.9,5.3,15.8,0.0,857.7,361.0,99,,0.25,,3,chuk_rwanda
2022-06-25 10:00:00,21.8,45,9.5,8.4,22.3,0.0,858.0,468.0,100,,0.34,,3,chuk_rwanda
2022-06-25 11:00:00,23.2,43,9.8,10.2,27.4,0.0,858.0,783.0,85,,0.54,,3,chuk_rwanda
2022-06-25 12:00:00,24.2,41,10.1,7.5,27.4,0.0,857.6,868.0,41,,0.6,,1,chuk_rwanda
2022-06-25 13:00:00,25.8,37,10.1,5.1,22.7,0.0,856.9,891.0,92,,0.63,,3,chuk_rwanda
2022-06-25 14:00:00,25.7,35,9.2,4.6,18.7,0.0,855.9,560.0,100,,0.42,,3,chuk_rwanda
2022-06-25 15:00:00,25.4,36,9.3,7.0,18.4,0.0,854.9,353.0,100,,0.3,,3,chuk_rwanda
2022-06-25 16:00:00,24.5,39,9.4,9.2,21.6,0.0,854.5,201.0,100,,0.22,,3,chuk_rwanda
2022-06-25 17:00:00,23.7,44,10.6,5.5,21.6,0.0,854.4,158.0,47,,0.15,,1,chuk_rwanda
2022-06-25 18:00:00,22.0,54,12.4,4.6,13.0,0.0,853.8,47.0,100,,0.06,,3,chuk_rwanda
2022-06-25 19:00:00,21.6,54,11.9,4.5,9.7,0.0,854.2,0.0,100,,0.02,,3,chuk_rwanda
2022-06-25 20:00:00,21.0,62,13.6,4.2,9.4,0.0,854.9,0.0,40,,0.01,,1,chuk_rwanda
2022-06-25 21:00:00,21.0,50,10.2,4.2,10.1,0.0,855.9,0.0,64,,0.02,,2,chuk_rwanda
2022-06-25 22:00:00,19.1,65,12.4,2.9,7.9,0.0,855.3,0.0,49,,0.0,,1,chuk_rwanda
2022-06-25 23:00:00,18.6,65,11.9,3.0,6.1,0.0,854.9,0.0,51,,0.0,,2,chuk_rwanda
2022-06-26 00:00:00,17.1,71,11.9,2.9,6.5,0.0,854.4,0.0,28,,0.0,,1,chuk_rwanda
2022-06-26 01:00:00,15.6,79,12.1,2.3,6.1,0.0,853.4,0.0,9,,0.0,,0,chuk_rwanda
2022-06-26 02:00:00,14.4,83,11.5,3.1,5.8,0.0,852.6,0.0,33,,0.0,,1,chuk_rwanda
2022-06-26 03:00:00,13.9,85,11.4,3.8,6.5,0.0,852.5,0.0,28,,0.0,,1,chuk_rwanda
2022-06-26 04:00:00,13.9,85,11.3,4.0,8.3,0.0,852.9,0.0,8,,0.0,,0,chuk_rwanda
2022-06-26 05:00:00,13.9,84,11.2,4.8,8.3,0.0,853.2,0.0,3,,0.0,,0,chuk_rwanda
2022-06-26 06:00:00,14.0,82,11.1,3.4,8.3,0.0,853.9,0.0,63,,0.0,,2,chuk_rwanda
2022-06-26 07:00:00,15.7,76,11.4,4.7,7.6,0.0,855.6,53.0,90,,0.03,,3,chuk_rwanda
2022-06-26 08:00:00,19.0,59,10.8,1.5,9.0,0.0,857.9,231.0,100,,0.13,,3,chuk_rwanda
2022-06-26 09:00:00,19.6,55,10.3,8.2,20.2,0.0,858.7,227.0,100,,0.18,,3,chuk_rwanda
2022-06-26 10:00:00,20.5,49,9.6,7.6,22.3,0.0,859.2,372.0,82,,0.28,,3,chuk_rwanda
2022-06-26 11:00:00,22.6,43,9.3,9.4,25.9,0.0,859.1,720.0,17,,0.5,,0,chuk_rwanda
2022-06-26 12:00:00,24.5,38,9.3,9.4,26.6,0.0,858.5,878.0,100,,0.62,,3,chuk_rwanda
2022-06-26 13:00:00,24.6,37,9.1,6.2,26.3,0.0,857.4,627.0,100,,0.47,,3,chuk_rwanda
2022-06-26 14:00:00,24.8,37,8.9,7.7,18.4,0.0,857.0,323.0,100,,0.29,,3,chuk_rwanda
2022-06-26 15:00:00,24.4,38,9.0,7.4,19.4,0.0,856.0,266.0,100,,0.25,,3,chuk_rwanda
2022-06-26 16:00:00,24.3,38,9.2,6.9,18.7,0.0,855.8,230.0,100,,0.22,,3,chuk_rwanda
2022-06-26 17:00:00,23.6,40,9.1,9.0,20.5,0.0,855.6,137.0,99,,0.17,,3,chuk_rwanda
2022-06-26 18:00:00,21.5,48,10.0,7.0,20.9,0.0,855.2,52.0,1,,0.08,,0,chuk_rwanda
2022-06-26 19:00:00,19.8,56,10.6,5.4,15.5,0.0,855.1,0.0,81,,0.02,,3,chuk_rwanda
2022-06-26 20:00:00,18.9,59,10.6,5.6,13.3,0.0,855.6,0.0,45,,0.02,,1,chuk_rwanda
2022-06-26 21:00:00,18.4,59,10.2,6.4,15.8,0.0,856.5,0.0,27,,0.02,,1,chuk_rwanda
2022-06-26 22:00:00,17.2,65,10.6,4.8,15.5,0.0,856.5,0.0,10,,0.01,,0,chuk_rwanda
2022-06-26 23:00:00,16.4,71,11.1,2.9,12.2,0.0,856.4,0.0,23,,0.0,,1,chuk_rwanda
2022-06-27 00:00:00,15.9,69,10.2,3.6,8.3,0.0,855.9,0.0,48,,0.0,,1,chuk_rwanda
2022-06-27 01:00:00,15.7,70,10.2,4.1,7.9,0.0,855.1,0.0,89,,0.0,,3,chuk_rwanda
2022-06-27 02:00:00,14.6,75,10.1,4.7,9.7,0.0,854.6,0.0,69,,0.0,,2,chuk_rwanda
2022-06-27 03:00:00,14.6,74,10.0,6.5,11.5,0.0,854.1,0.0,57,,0.0,,2,chuk_rwanda
2022-06-27 04:00:00,13.9,76,9.8,5.9,11.5,0.0,853.8,0.0,79,,0.0,,2,chuk_rwanda
2022-06-27 05:00:00,12.9,81,9.9,4.3,9.7,0.0,853.5,0.0,98,,0.0,,3,chuk_rwanda
2022-06-27 06:00:00,12.2,85,9.8,4.6,6.5,0.0,853.8,0.0,100,,0.0,,3,chuk_rwanda
2022-06-27 07:00:00,13.6,81,10.4,4.8,9.4,0.0,855.2,52.0,100,,0.02,,3,chuk_rwanda
2022-06-27 08:00:00,18.1,62,10.8,3.1,10.8,0.0,858.4,246.0,64,,0.14,,2,chuk_rwanda
2022-06-27 09:00:00,19.8,53,9.9,8.4,22.3,0.0,859.4,460.0,75,,0.3,,2,chuk_rwanda
2022-06-27 10:00:00,21.9,46,9.8,12.9,30.6,0.0,859.9,644.0,100,,0.44,,3,chuk_rwanda
2022-06-27 11:00:00,22.5,45,9.9,13.5,35.3,0.0,859.5,655.0,100,,0.47,,3,chuk_rwanda
2022-06-27 12:00:00,22.6,43,9.3,10.6,33.1,0.0,858.6,402.0,100,,0.33,,3,chuk_rwanda
2022-06-27 13:00:00,22.8,43,9.4,10.2,27.0,0.0,857.9,374.0,99,,0.32,,3,chuk_rwanda
2022-06-27 14:00:00,22.7,42,9.2,9.9,24.8,0.0,857.7,425.0,100,,0.34,,3,chuk_rwanda
2022-06-27 15:00:00,22.4,43,9.1,9.1,24.1,0.0,856.7,290.0,96,,0.26,,3,chuk_rwanda
2022-06-27 16:00:00,22.5,42,9.1,7.9,21.6,0.0,856.5,261.0,100,,0.23,,3,chuk_rwanda
2022-06-27 17:00:00,21.8,47,9.8,6.3,18.7,0.0,856.4,151.0,100,,0.14,,3,chuk_rwanda
2022-06-27 18:00:00,20.4,56,11.2,4.7,14.4,0.0,856.0,41.0,96,,0.05,,3,chuk_rwanda
2022-06-27 19:00:00,19.0,59,10.8,5.4,11.9,0.0,855.8,0.0,94,,0.02,,3,chuk_rwanda
2022-06-27 20:00:00,18.2,63,11.1,4.7,11.9,0.0,856.0,0.0,42,,0.01,,1,chuk_rwanda
2022-06-27 21:00:00,17.4,64,10.5,4.6,10.8,0.0,856.3,0.0,35,,0.01,,1,chuk_rwanda
2022-06-27 22:00:00,16.7,67,10.4,5.1,12.6,0.0,856.7,0.0,23,,0.01,,1,chuk_rwanda
2022-06-27 23:00:00,15.9,71,10.6,5.0,13.0,0.0,856.5,0.0,34,,0.0,,1,chuk_rwanda
2022-06-28 00:00:00,15.3,73,10.4,4.5,11.9,0.0,856.0,0.0,50,,0.0,,2,chuk_rwanda
2022-06-28 01:00:00,14.5,75,10.1,5.0,10.4,0.0,854.9,0.0,34,,0.0,,1,chuk_rwanda
2022-06-28 02:00:00,13.9,79,10.4,5.4,10.8,0.0,854.3,0.0,78,,0.0,,2,chuk_rwanda
2022-06-28 03:00:00,13.9,79,10.2,6.9,13.3,0.0,854.1,0.0,69,,0.0,,2,chuk_rwanda
2022-06-28 04:00:00,13.3,81,10.1,6.4,13.3,0.0,853.9,0.0,98,,0.0,,3,chuk_rwanda
2022-06-28 05:00:00,12.6,84,10.0,6.2,11.9,0.0,853.8,0.0,72,,0.0,,2,chuk_rwanda
2022-06-28 06:00:00,12.0,87,9.9,6.1,11.5,0.0,853.8,0.0,91,,0.0,,3,chuk_rwanda
2022-06-28 07:00:00,13.3,83,10.4,5.1,10.4,0.0,855.1,53.0,0,,0.02,,0,chuk_rwanda
2022-06-28 08:00:00,17.3,65,10.8,3.6,11.5,0.0,858.0,249.0,0,,0.14,,0,chuk_rwanda
2022-06-28 09:00:00,19.0,56,9.9,8.3,22.3,0.0,858.9,468.0,0,,0.29,,0,chuk_rwanda
2022-06-28 10:00:00,20.9,47,9.3,10.9,27.0,0.0,859.4,659.0,30,,0.43,,1,chuk_rwanda
2022-06-28 11:00:00,22.0,45,9.6,12.9,32.8,0.0,859.1,745.0,100,,0.5,,3,chuk_rwanda
2022-06-28 12:00:00,22.0,44,9.2,7.6,32.4,0.0,858.3,499.0,78,,0.37,,2,chuk_rwanda
2022-06-28 13:00:00,24.0,38,8.9,6.5,20.5,0.0,857.6,713.0,100,,0.51,,3,chuk_rwanda
2022-06-28 14:00:00,21.4,44,8.6,8.6,22.0,0.0,857.0,488.0,43,,0.36,,1,chuk_rwanda
2022-06-28 15:00:00,21.9,43,8.8,7.7,22.0,0.0,856.4,367.0,100,,0.29,,3,chuk_rwanda
2022-06-28 16:00:00,21.7,43,8.4,7.2,20.2,0.0,856.1,188.0,100,,0.18,,3,chuk_rwanda
2022-06-28 17:00:00,21.4,44,8.6,7.7,19.1,0.0,855.7,111.0,100,,0.13,,3,chuk_rwanda
2022-06-28 18:00:00,20.1,53,10.4,4.4,17.3,0.0,855.8,32.0,7,,0.05,,0,chuk_rwanda
2022-06-28 19:00:00,19.0,54,9.6,6.5,13.0,0.0,855.8,0.0,55,,0.03,,2,chuk_rwanda
2022-06-28 20:00:00,17.5,59,9.4,6.9,15.5,0.0,856.1,0.0,6,,0.02,,0,chuk_rwanda
2022-06-28 21:00:00,16.5,63,9.4,6.1,15.1,0.0,856.5,0.0,0,,0.01,,0,chuk_rwanda
2022-06-28 22:00:00,15.3,75,10.8,5.9,13.7,0.0,856.6,0.0,1,,0.0,,0,chuk_rwanda
2022-06-28 23:00:00,15.1,71,9.8,2.6,11.5,0.0,856.8,0.0,1,,0.0,,0,chuk_rwanda
2022-06-29 00:00:00,14.6,69,9.0,3.1,6.5,0.0,856.5,0.0,1,,0.0,,0,chuk_rwanda
2022-06-29 01:00:00,14.1,70,8.6,6.1,9.0,0.0,855.8,0.0,1,,0.01,,0,chuk_rwanda
2022-06-29 02:00:00,13.0,76,8.8,8.3,13.0,0.0,854.7,0.0,26,,0.01,,1,chuk_rwanda
2022-06-29 03:00:00,12.7,77,8.9,4.6,15.5,0.0,854.4,0.0,4,,0.0,,0,chuk_rwanda
2022-06-29 04:00:00,11.9,80,8.6,7.9,13.7,0.0,854.0,0.0,5,,0.0,,0,chuk_rwanda
2022-06-29 05:00:00,11.6,81,8.5,8.9,16.2,0.0,854.1,0.0,57,,0.0,,2,chuk_rwanda
2022-06-29 06:00:00,11.4,82,8.4,7.1,15.8,0.0,854.2,0.0,100,,0.0,,3,chuk_rwanda
2022-06-29 07:00:00,12.8,77,8.9,7.6,14.0,0.0,855.3,53.0,83,,0.03,,3,chuk_rwanda
2022-06-29 08:00:00,17.0,65,10.2,2.1,13.7,0.0,858.1,250.0,28,,0.14,,1,chuk_rwanda
2022-06-29 09:00:00,19.4,51,8.9,7.2,19.8,0.0,859.3,471.0,77,,0.3,,2,chuk_rwanda
2022-06-29 10:00:00,20.6,46,8.6,9.9,27.0,0.0,859.6,663.0,67,,0.43,,2,chuk_rwanda
2022-06-29 11:00:00,22.1,42,8.8,9.1,26.6,0.0,859.3,805.0,94,,0.54,,3,chuk_rwanda
2022-06-29 12:00:00,23.2,40,8.9,9.8,27.0,0.0,858.8,885.0,93,,0.6,,3,chuk_rwanda
2022-06-29 13:00:00,24.5,37,8.8,8.2,27.0,0.0,858.1,894.0,99,,0.63,,3,chuk_rwanda
2022-06-29 14:00:00,22.9,40,8.4,4.9,24.1,0.0,857.6,618.0,88,,0.44,,3,chuk_rwanda
2022-06-29 15:00:00,23.5,38,8.2,2.9,15.1,0.0,856.9,433.0,100,,0.31,,3,chuk_rwanda
2022-06-29 16:00:00,23.4,37,8.0,3.4,11.9,0.0,856.5,276.0,100,,0.21,,3,chuk_rwanda
2022-06-29 17:00:00,22.6,41,8.6,4.7,11.5,0.0,856.4,145.0,84,,0.13,,3,chuk_rwanda
2022-06-29 18:00:00,20.0,53,9.9,5.4,11.9,0.0,855.2,66.0,6,,0.06,,0,chuk_rwanda
2022-06-29 19:00:00,18.5,56,9.6,5.7,13.0,0.0,854.9,0.0,5,,0.02,,0,chuk_rwanda
2022-06-29 20:00:00,17.3,63,10.3,4.8,12.6,0.0,855.1,0.0,6,,0.01,,0,chuk_rwanda
2022-06-29 21:00:00,17.0,62,9.6,4.4,10.8,0.0,855.6,0.0,9,,0.01,,0,chuk_rwanda
2022-06-29 22:00:00,16.1,65,9.6,5.1,12.6,0.0,855.7,0.0,7,,0.01,,0,chuk_rwanda
2022-06-29 23:00:00,15.4,68,9.5,4.7,12.6,0.0,855.6,0.0,1,,0.0,,0,chuk_rwanda
2022-06-30 00:00:00,14.9,69,9.3,3.5,10.8,0.0,855.3,0.0,2,,0.0,,0,chuk_rwanda
2022-06-30 01:00:00,14.7,67,8.6,3.9,8.6,0.0,854.8,0.0,12,,0.0,,0,chuk_rwanda
2022-06-30 02:00:00,13.9,70,8.6,4.7,9.7,0.0,853.7,0.0,15,,0.0,,0,chuk_rwanda
2022-06-30 03:00:00,13.6,70,8.2,7.1,13.0,0.0,853.1,0.0,0,,0.01,,0,chuk_rwanda
2022-06-30 04:00:00,13.2,71,8.2,6.6,13.3,0.0,852.8,0.0,63,,0.01,,2,chuk_rwanda
2022-06-30 05:00:00,12.9,73,8.1,6.6,11.9,0.0,852.8,0.0,42,,0.01,,1,chuk_rwanda
2022-06-30 06:00:00,12.1,77,8.1,6.9,11.5,0.0,852.8,0.0,3,,0.0,,0,chuk_rwanda
2022-06-30 07:00:00,13.5,73,8.8,7.1,13.3,0.0,853.8,51.0,20,,0.03,,1,chuk_rwanda
2022-06-30 08:00:00,17.8,63,10.5,1.1,11.9,0.0,857.2,248.0,0,,0.13,,0,chuk_rwanda
2022-06-30 09:00:00,20.1,49,9.1,7.6,20.5,0.0,858.7,466.0,23,,0.3,,1,chuk_rwanda
2022-06-30 10:00:00,21.5,45,8.9,7.8,22.3,0.0,859.0,631.0,17,,0.42,,0,chuk_rwanda
2022-06-30 11:00:00,23.0,41,9.1,8.2,24.1,0.0,858.8,796.0,9,,0.54,,0,chuk_rwanda
2022-06-30 12:00:00,24.1,38,9.1,8.7,25.2,0.0,858.2,873.0,0,,0.61,,0,chuk_rwanda
2022-06-30 13:00:00,25.0,37,9.2,8.3,25.2,0.0,857.5,878.0,0,,0.62,,0,chuk_rwanda
2022-06-30 14:00:00,24.8,38,9.4,7.2,25.6,0.0,857.1,810.0,1,,0.57,,0,chuk_rwanda
2022-06-30 15:00:00,25.4,35,8.8,6.9,20.9,0.0,856.4,618.0,87,,0.45,,3,chuk_rwanda
2022-06-30 16:00:00,24.9,36,8.7,9.0,22.3,0.0,856.0,399.0,98,,0.32,,3,chuk_rwanda
2022-06-30 17:00:00,24.1,38,9.1,8.0,22.3,0.0,855.3,245.0,70,,0.21,,2,chuk_rwanda
2022-06-30 18:00:00,21.0,61,13.2,5.5,18.7,0.0,853.9,68.0,40,,0.06,,1,chuk_rwanda
2022-06-30 19:00:00,19.6,60,11.7,5.2,10.1,0.0,853.8,0.0,21,,0.04,,1,chuk_rwanda
2022-06-30 20:00:00,19.5,57,10.6,4.3,10.1,0.0,854.7,0.0,12,,0.01,,0,chuk_rwanda
2022-06-30 21:00:00,20.1,46,8.2,4.1,8.6,0.0,855.9,0.0,14,,0.02,,0,chuk_rwanda
2022-06-30 22:00:00,16.9,69,11.1,4.7,11.5,0.0,855.0,0.0,2,,0.0,,0,chuk_rwanda
2022-06-30 23:00:00,16.1,70,10.7,2.6,9.7,0.0,854.9,0.0,0,,0.0,,0,chuk_rwanda
2022-07-01 00:00:00,15.8,67,9.8,3.5,7.6,0.0,855.0,0.0,4,,0.0,,0,chuk_rwanda
2022-07-01 01:00:00,15.1,69,9.5,4.1,7.9,0.0,854.3,0.0,13,,0.0,,0,chuk_rwanda
2022-07-01 02:00:00,14.3,73,9.6,5.1,11.2,0.0,853.3,0.0,3,,0.0,,0,chuk_rwanda
2022-07-01 03:00:00,14.3,72,9.2,7.1,12.2,0.0,853.1,0.0,4,,0.01,,0,chuk_rwanda
2022-07-01 04:00:00,13.9,74,9.2,6.1,12.2,0.0,852.9,0.0,7,,0.0,,0,chuk_rwanda
2022-07-01 05:00:00,13.4,75,9.1,5.6,9.7,0.0,852.8,0.0,8,,0.0,,0,chuk_rwanda
2022-07-01 06:00:00,13.1,76,9.0,4.7,9.7,0.0,853.1,0.0,17,,0.0,,0,chuk_rwanda
2022-07-01 07:00:00,14.1,75,9.7,2.3,7.9,0.0,854.8,50.0,1,,0.02,,0,chuk_rwanda
2022-07-01 08:00:00,17.6,62,10.2,3.3,11.5,0.0,857.6,246.0,0,,0.14,,0,chuk_rwanda
2022-07-01 09:00:00,19.6,52,9.6,7.9,21.6,0.0,858.6,467.0,0,,0.3,,0,chuk_rwanda
2022-07-01 10:00:00,21.1,49,9.9,8.7,24.8,0.0,859.0,660.0,0,,0.43,,0,chuk_rwanda
2022-07-01 11:00:00,22.8,43,9.7,8.5,24.8,0.0,859.1,801.0,0,,0.54,,0,chuk_rwanda
2022-07-01 12:00:00,24.1,38,9.1,9.3,26.3,0.0,858.8,877.0,0,,0.61,,0,chuk_rwanda
2022-07-01 13:00:00,25.5,35,8.9,9.4,26.3,0.0,858.1,894.0,53,,0.64,,2,chuk_rwanda
2022-07-01 14:00:00,22.5,41,8.8,9.8,26.3,0.0,857.2,419.0,100,,0.34,,3,chuk_rwanda
2022-07-01 15:00:00,22.8,41,8.9,6.8,24.1,0.0,856.7,346.0,45,,0.28,,1,chuk_rwanda
2022-07-01 16:00:00,23.1,40,8.6,7.2,18.4,0.0,856.3,325.0,15,,0.26,,0,chuk_rwanda
2022-07-01 17:00:00,22.5,42,8.9,6.6,19.1,0.0,856.0,232.0,52,,0.18,,2,chuk_rwanda
2022-07-01 18:00:00,20.4,55,11.1,4.7,15.1,0.0,855.1,61.0,24,,0.05,,1,chuk_rwanda
2022-07-01 19:00:00,19.3,57,10.6,4.8,10.4,0.0,855.0,0.0,67,,0.04,,2,chuk_rwanda
2022-07-01 20:00:00,18.5,57,9.8,5.5,11.5,0.0,855.4,0.0,4,,0.02,,0,chuk_rwanda
2022-07-01 21:00:00,17.1,60,9.4,5.6,11.5,0.0,855.3,0.0,76,,0.01,,2,chuk_rwanda
2022-07-01 22:00:00,15.4,69,9.6,3.6,9.7,0.0,855.2,0.0,3,,0.0,,0,chuk_rwanda
2022-07-01 23:00:00,14.5,72,9.6,3.1,6.1,0.0,854.9,0.0,5,,0.0,,0,chuk_rwanda
2022-07-02 00:00:00,14.3,72,9.4,4.3,9.0,0.0,854.9,0.0,3,,0.0,,0,chuk_rwanda
2022-07-02 01:00:00,14.1,73,9.3,3.8,9.0,0.0,854.6,0.0,0,,0.0,,0,chuk_rwanda
2022-07-02 02:00:00,13.9,74,9.4,3.8,7.9,0.0,853.5,0.0,0,,0.0,,0,chuk_rwanda
2022-07-02 03:00:00,14.1,73,9.4,4.2,8.6,0.0,853.4,0.0,94,,0.0,,3,chuk_rwanda
2022-07-02 04:00:00,13.8,73,9.1,5.6,10.4,0.0,853.6,0.0,90,,0.0,,3,chuk_rwanda
2022-07-02 05:00:00,13.1,76,8.9,7.3,13.7,0.0,853.7,0.0,90,,0.0,,3,chuk_rwanda
2022-07-02 06:00:00,12.8,77,8.9,6.4,13.7,0.0,854.2,0.0,97,,0.0,,3,chuk_rwanda
2022-07-02 07:00:00,14.1,73,9.4,7.1,12.6,0.0,855.2,51.0,100,,0.03,,3,chuk_rwanda
2022-07-02 08:00:00,18.5,59,10.4,4.0,13.0,0.0,858.1,246.0,88,,0.15,,3,chuk_rwanda
2022-07-02 09:00:00,20.4,48,9.1,10.1,25.2,0.0,859.4,466.0,36,,0.31,,1,chuk_rwanda
2022-07-02 10:00:00,21.6,45,9.1,10.9,28.8,0.0,859.5,659.0,70,,0.44,,2,chuk_rwanda
2022-07-02 11:00:00,23.1,42,9.4,11.2,29.9,0.0,859.2,800.0,99,,0.55,,3,chuk_rwanda
2022-07-02 12:00:00,24.8,37,9.1,11.4,31.3,0.0,858.9,872.0,48,,0.62,,1,chuk_rwanda
2022-07-02 13:00:00,25.6,34,8.6,8.7,30.2,0.0,858.2,791.0,35,,0.58,,1,chuk_rwanda
2022-07-02 14:00:00,24.1,37,8.4,8.5,24.5,0.0,858.1,608.0,100,,0.45,,3,chuk_rwanda
2022-07-02 15:00:00,24.3,36,8.1,7.9,23.4,0.0,857.5,482.0,56,,0.37,,2,chuk_rwanda
2022-07-02 16:00:00,24.2,35,7.9,7.9,20.9,0.0,857.1,356.0,30,,0.29,,1,chuk_rwanda
2022-07-02 17:00:00,23.4,38,8.1,6.2,20.2,0.0,856.7,236.0,17,,0.19,,0,chuk_rwanda
2022-07-02 18:00:00,21.0,50,10.1,5.1,14.0,0.0,855.7,66.0,27,,0.06,,1,chuk_rwanda
2022-07-02 19:00:00,19.7,50,8.9,5.9,14.8,0.0,855.5,0.0,3,,0.06,,0,chuk_rwanda
2022-07-02 20:00:00,18.4,61,10.8,6.9,14.0,0.0,855.5,0.0,1,,0.02,,0,chuk_rwanda
2022-07-02 21:00:00,17.5,58,9.2,5.5,13.7,0.0,856.3,0.0,0,,0.02,,0,chuk_rwanda
2022-07-02 22:00:00,16.0,71,10.7,5.8,12.6,0.0,856.0,0.0,0,,0.01,,0,chuk_rwanda
2022-07-02 23:00:00,15.6,71,10.2,3.3,11.9,0.0,856.2,0.0,0,,0.0,,0,chuk_rwanda
2022-07-03 00:00:00,15.0,69,9.4,3.3,7.9,0.0,856.1,0.0,0,,0.0,,0,chuk_rwanda
2022-07-03 01:00:00,14.6,67,8.5,3.7,7.9,0.0,855.8,0.0,0,,0.0,,0,chuk_rwanda
2022-07-03 02:00:00,13.6,76,9.4,5.7,8.6,0.0,855.3,0.0,0,,0.0,,0,chuk_rwanda
2022-07-03 03:00:00,14.1,71,9.0,3.5,10.1,0.0,855.3,0.0,0,,0.0,,0,chuk_rwanda
2022-07-03 04:00:00,13.6,72,8.5,5.5,11.2,0.0,855.2,0.0,0,,0.0,,0,chuk_rwanda
2022-07-03 05:00:00,12.7,75,8.4,5.6,12.2,0.0,855.0,0.0,0,,0.0,,0,chuk_rwanda
2022-07-03 06:00:00,12.2,77,8.4,4.8,11.5,0.0,855.1,0.0,0,,0.0,,0,chuk_rwanda
2022-07-03 07:00:00,13.6,73,8.9,5.9,10.8,0.0,855.9,51.0,0,,0.03,,0,chuk_rwanda
2022-07-03 08:00:00,18.0,57,9.3,2.9,11.2,0.0,858.8,248.0,0,,0.14,,0,chuk_rwanda
2022-07-03 09:00:00,19.9,48,8.6,6.9,19.4,0.0,859.8,470.0,0,,0.3,,0,chuk_rwanda
2022-07-03 10:00:00,21.5,43,8.2,10.3,27.7,0.0,860.4,664.0,0,,0.44,,0,chuk_rwanda
2022-07-03 11:00:00,23.0,39,8.3,11.2,29.5,0.0,860.2,807.0,0,,0.55,,0,chuk_rwanda
2022-07-03 12:00:00,24.1,36,8.2,11.3,30.2,0.0,859.7,885.0,0,,0.62,,0,chuk_rwanda
2022-07-03 13:00:00,25.1,33,7.6,10.7,30.2,0.0,859.2,889.0,69,,0.64,,2,chuk_rwanda
2022-07-03 14:00:00,25.0,33,7.4,8.0,28.8,0.0,858.6,822.0,90,,0.58,,3,chuk_rwanda
2022-07-03 15:00:00,25.5,30,6.8,5.9,22.0,0.0,857.8,627.0,16,,0.46,,0,chuk_rwanda
2022-07-03 16:00:00,25.5,30,6.8,6.8,18.0,0.0,857.6,497.0,35,,0.37,,1,chuk_rwanda
2022-07-03 17:00:00,24.1,34,7.2,8.9,20.2,0.0,857.2,278.0,14,,0.23,,0,chuk_rwanda
2022-07-03 18:00:00,21.0,42,7.7,7.7,19.8,0.0,856.2,72.0,0,,0.09,,0,chuk_rwanda
2022-07-03 19:00:00,19.2,48,8.1,6.4,16.2,0.0,855.6,0.0,0,,0.06,,0,chuk_rwanda
2022-07-03 20:00:00,18.0,58,9.4,7.0,13.3,0.0,855.3,0.0,0,,0.03,,0,chuk_rwanda
2022-07-03 21:00:00,18.4,51,8.0,7.1,15.1,0.0,856.3,0.0,0,,0.03,,0,chuk_rwanda
2022-07-03 22:00:00,16.4,65,9.7,6.6,13.7,0.0,856.2,0.0,0,,0.02,,0,chuk_rwanda
2022-07-03 23:00:00,15.4,69,9.8,5.4,13.3,0.0,855.9,0.0,0,,0.01,,0,chuk_rwanda
2022-07-04 00:00:00,15.1,66,8.8,3.5,11.5,0.0,855.9,0.0,0,,0.0,,0,chuk_rwanda
2022-07-04 01:00:00,14.5,68,8.6,3.8,8.6,0.0,855.4,0.0,0,,0.0,,0,chuk_rwanda
2022-07-04 02:00:00,12.9,76,8.6,6.9,7.9,0.0,854.2,0.0,0,,0.0,,0,chuk_rwanda
2022-07-04 03:00:00,13.5,69,7.9,4.1,11.5,0.0,854.3,0.0,0,,0.0,,0,chuk_rwanda
2022-07-04 04:00:00,12.8,71,7.7,5.7,10.8,0.0,854.1,0.0,0,,0.0,,0,chuk_rwanda
2022-07-04 05:00:00,12.1,74,7.6,7.1,13.0,0.0,853.9,0.0,0,,0.01,,0,chuk_rwanda
2022-07-04 06:00:00,11.4,77,7.5,6.7,13.0,0.0,854.1,0.0,0,,0.0,,0,chuk_rwanda
2022-07-04 07:00:00,12.7,73,8.1,7.5,13.3,0.0,855.2,51.0,3,,0.03,,0,chuk_rwanda
2022-07-04 08:00:00,18.0,58,9.6,3.3,13.3,0.0,858.3,249.0,0,,0.14,,0,chuk_rwanda
2022-07-04 09:00:00,20.6,45,8.2,5.0,16.2,0.0,859.6,473.0,0,,0.3,,0,chuk_rwanda
2022-07-04 10:00:00,22.2,39,7.5,8.7,23.8,0.0,859.8,669.0,0,,0.45,,0,chuk_rwanda
2022-07-04 11:00:00,23.4,36,7.3,9.5,27.0,0.0,859.7,812.0,0,,0.56,,0,chuk_rwanda
2022-07-04 12:00:00,24.5,33,7.2,8.8,27.0,0.0,859.3,890.0,0,,0.63,,0,chuk_rwanda
2022-07-04 13:00:00,25.5,31,7.2,7.4,25.2,0.0,858.6,895.0,0,,0.64,,0,chuk_rwanda
2022-07-04 14:00:00,24.2,33,7.1,8.7,23.0,0.0,858.1,827.0,0,,0.58,,0,chuk_rwanda
2022-07-04 15:00:00,24.5,31,6.5,8.7,24.1,0.0,857.5,693.0,0,,0.5,,0,chuk_rwanda
2022-07-04 16:00:00,24.4,30,5.6,8.4,23.4,0.0,857.1,504.0,0,,0.37,,0,chuk_rwanda
2022-07-04 17:00:00,23.5,31,5.6,7.6,21.2,0.0,856.4,282.0,0,,0.22,,0,chuk_rwanda
2022-07-04 18:00:00,20.5,45,8.2,5.3,16.6,0.0,855.3,73.0,0,,0.06,,0,chuk_rwanda
2022-07-04 19:00:00,18.6,59,10.4,8.1,11.9,0.0,854.7,0.0,0,,0.06,,0,chuk_rwanda
2022-07-04 20:00:00,20.9,35,4.7,2.6,12.2,0.0,856.1,0.0,0,,0.01,,0,chuk_rwanda
2022-07-04 21:00:00,19.9,37,4.8,3.0,7.2,0.0,856.6,0.0,0,,0.01,,0,chuk_rwanda
2022-07-04 22:00:00,16.4,60,8.6,5.2,10.4,0.0,855.7,0.0,0,,0.01,,0,chuk_rwanda
2022-07-04 23:00:00,15.4,62,8.2,5.6,12.2,0.0,855.6,0.0,0,,0.01,,0,chuk_rwanda
2022-07-05 00:00:00,14.6,69,8.9,5.2,12.2,0.0,855.2,0.0,0,,0.0,,0,chuk_rwanda
2022-07-05 01:00:00,14.3,67,8.3,3.8,11.5,0.0,854.8,0.0,0,,0.0,,0,chuk_rwanda
2022-07-05 02:00:00,12.9,73,8.2,6.1,8.6,0.0,854.0,0.0,0,,0.0,,0,chuk_rwanda
2022-07-05 03:00:00,13.4,68,7.6,4.6,10.1,0.0,854.0,0.0,0,,0.0,,0,chuk_rwanda
2022-07-05 04:00:00,12.5,69,7.1,6.1,10.8,0.0,853.5,0.0,0,,0.01,,0,chuk_rwanda
2022-07-05 05:00:00,11.6,72,6.8,6.9,12.2,0.0,853.1,0.0,0,,0.01,,0,chuk_rwanda
2022-07-05 06:00:00,11.4,73,6.8,6.9,12.2,0.0,853.5,0.0,0,,0.01,,0,chuk_rwanda
2022-07-05 07:00:00,12.8,70,7.4,8.2,14.4,0.0,854.8,51.0,0,,0.04,,0,chuk_rwanda
2022-07-05 08:00:00,17.8,56,8.9,5.1,15.1,0.0,858.0,250.0,0,,0.15,,0,chuk_rwanda
2022-07-05 09:00:00,20.6,44,7.9,4.9,16.6,0.0,859.4,475.0,0,,0.31,,0,chuk_rwanda
2022-07-05 10:00:00,22.4,39,7.7,5.5,18.7,0.0,859.6,671.0,0,,0.45,,0,chuk_rwanda
2022-07-05 11:00:00,23.7,35,7.4,7.2,22.3,0.0,859.2,814.0,0,,0.56,,0,chuk_rwanda
2022-07-05 12:00:00,24.8,33,7.3,6.9,22.3,0.0,858.8,893.0,79,,0.63,,2,chuk_rwanda
2022-07-05 13:00:00,25.6,30,6.9,5.1,22.0,0.0,858.1,898.0,91,,0.64,,3,chuk_rwanda
2022-07-05 14:00:00,25.0,31,6.8,3.6,19.1,0.0,857.4,832.0,91,,0.58,,3,chuk_rwanda
2022-07-05 15:00:00,25.2,31,6.8,2.4,14.8,0.0,856.7,694.0,82,,0.48,,3,chuk_rwanda
2022-07-05 16:00:00,25.4,30,6.8,4.6,14.0,0.0,856.3,485.0,85,,0.34,,3,chuk_rwanda
2022-07-05 17:00:00,24.5,32,6.7,7.7,18.4,0.0,855.6,278.0,36,,0.22,,1,chuk_rwanda
2022-07-05 18:00:00,21.6,40,7.4,8.1,17.6,0.0,854.5,70.0,8,,0.09,,0,chuk_rwanda
2022-07-05 19:00:00,19.9,45,7.6,6.8,16.9,0.0,854.3,0.0,2,,0.07,,0,chuk_rwanda
2022-07-05 20:00:00,20.8,33,4.0,5.1,14.0,0.0,855.5,0.0,2,,0.04,,0,chuk_rwanda
2022-07-05 21:00:00,18.6,44,6.2,4.3,8.6,0.0,855.0,0.0,6,,0.02,,0,chuk_rwanda
2022-07-05 22:00:00,16.2,53,6.6,6.4,13.7,0.0,854.1,0.0,4,,0.03,,0,chuk_rwanda
2022-07-05 23:00:00,16.2,53,6.5,4.5,12.2,0.0,854.5,0.0,14,,0.01,,0,chuk_rwanda
2022-07-06 00:00:00,15.4,59,7.4,2.2,11.2,0.0,855.0,0.0,71,,0.0,,2,chuk_rwanda
2022-07-06 01:00:00,14.5,63,7.7,3.1,5.4,0.0,854.1,0.0,81,,0.0,,3,chuk_rwanda
2022-07-06 02:00:00,14.1,63,7.1,4.7,9.7,0.0,853.9,0.0,97,,0.01,,3,chuk_rwanda
2022-07-06 03:00:00,13.8,64,7.2,3.6,8.3,0.0,853.4,0.0,96,,0.0,,3,chuk_rwanda
2022-07-06 04:00:00,13.3,66,7.1,3.6,7.2,0.0,853.5,0.0,100,,0.0,,3,chuk_rwanda
2022-07-06 05:00:00,12.9,67,6.9,4.7,8.3,0.0,853.9,0.0,95,,0.0,,3,chuk_rwanda
2022-07-06 06:00:00,12.3,69,6.8,6.2,10.8,0.0,854.0,0.0,94,,0.01,,3,chuk_rwanda
2022-07-06 07:00:00,13.4,68,7.6,8.2,14.4,0.0,855.1,50.0,94,,0.04,,3,chuk_rwanda
2022-07-06 08:00:00,18.0,56,9.1,4.4,14.8,0.0,857.8,245.0,1,,0.15,,0,chuk_rwanda
2022-07-06 09:00:00,20.8,43,7.7,5.9,17.6,0.0,859.2,467.0,94,,0.31,,3,chuk_rwanda
2022-07-06 10:00:00,22.6,38,7.6,6.4,20.2,0.0,859.5,662.0,92,,0.45,,3,chuk_rwanda
2022-07-06 11:00:00,24.0,35,7.7,7.6,22.7,0.0,859.3,805.0,93,,0.56,,3,chuk_rwanda
2022-07-06 12:00:00,25.0,34,7.8,7.6,24.1,0.0,858.4,882.0,90,,0.63,,3,chuk_rwanda
2022-07-06 13:00:00,26.1,32,8.1,2.6,23.4,0.0,857.9,898.0,95,,0.63,,3,chuk_rwanda
2022-07-06 14:00:00,25.0,33,7.7,2.2,14.8,0.0,857.2,565.0,68,,0.41,,2,chuk_rwanda
2022-07-06 15:00:00,25.4,32,7.5,3.1,11.9,0.0,856.7,454.0,93,,0.34,,3,chuk_rwanda
2022-07-06 16:00:00,25.5,32,7.4,4.6,13.3,0.0,856.2,371.0,85,,0.28,,3,chuk_rwanda
2022-07-06 17:00:00,24.7,34,7.8,7.0,16.6,0.0,855.6,217.0,33,,0.19,,1,chuk_rwanda
2022-07-06 18:00:00,21.5,53,11.4,5.8,16.2,0.0,854.4,71.0,3,,0.07,,0,chuk_rwanda
2022-07-06 19:00:00,22.4,37,6.8,4.8,11.2,0.0,855.2,0.0,1,,0.07,,0,chuk_rwanda
2022-07-06 20:00:00,21.6,38,6.8,2.9,8.3,0.0,855.3,0.0,1,,0.01,,0,chuk_rwanda
2022-07-06 21:00:00,18.8,54,9.4,4.2,7.9,0.0,854.2,0.0,0,,0.01,,0,chuk_rwanda
2022-07-06 22:00:00,16.8,67,10.6,7.1,11.9,0.0,854.2,0.0,0,,0.01,,0,chuk_rwanda
2022-07-06 23:00:00,16.1,66,9.7,6.6,13.3,0.0,854.8,0.0,0,,0.01,,0,chuk_rwanda
2022-07-07 00:00:00,15.6,67,9.4,5.8,12.6,0.0,854.5,0.0,0,,0.01,,0,chuk_rwanda
2022-07-07 01:00:00,15.4,65,8.8,4.2,11.5,0.0,854.4,0.0,0,,0.0,,0,chuk_rwanda
2022-07-07 02:00:00,14.4,69,8.7,4.8,9.4,0.0,854.0,0.0,0,,0.0,,0,chuk_rwanda
2022-07-07 03:00:00,14.1,66,8.0,7.4,13.3,0.0,853.8,0.0,37,,0.02,,1,chuk_rwanda
2022-07-07 04:00:00,13.3,70,7.9,7.4,13.7,0.0,853.6,0.0,74,,0.01,,2,chuk_rwanda
2022-07-07 05:00:00,13.0,72,8.1,6.4,13.7,0.0,853.6,0.0,85,,0.01,,3,chuk_rwanda
2022-07-07 06:00:00,12.6,73,7.9,7.5,13.3,0.0,853.7,0.0,76,,0.01,,2,chuk_rwanda
2022-07-07 07:00:00,14.1,69,8.6,8.4,15.5,0.0,854.9,50.0,82,,0.04,,3,chuk_rwanda
2022-07-07 08:00:00,18.6,59,10.4,4.5,15.8,0.0,857.9,244.0,6,,0.15,,0,chuk_rwanda
2022-07-07 09:00:00,21.8,43,8.8,6.0,17.6,0.0,859.4,468.0,46,,0.31,,1,chuk_rwanda
2022-07-07 10:00:00,23.4,38,8.1,9.7,25.9,0.0,859.7,663.0,60,,0.47,,2,chuk_rwanda
2022-07-07 11:00:00,24.5,34,7.8,10.0,27.7,0.0,859.4,808.0,95,,0.58,,3,chuk_rwanda
2022-07-07 12:00:00,25.9,32,8.1,8.1,26.6,0.0,858.8,886.0,100,,0.64,,3,chuk_rwanda
2022-07-07 13:00:00,26.9,30,8.1,6.9,23.8,0.0,858.0,891.0,76,,0.65,,2,chuk_rwanda
2022-07-07 14:00:00,26.7,31,8.2,9.0,21.6,0.0,857.1,832.0,92,,0.61,,3,chuk_rwanda
2022-07-07 15:00:00,27.1,29,7.6,8.7,24.8,0.0,856.5,683.0,100,,0.52,,3,chuk_rwanda
2022-07-07 16:00:00,26.5,29,7.2,8.9,23.4,0.0,856.0,441.0,82,,0.36,,3,chuk_rwanda
2022-07-07 17:00:00,25.3,33,7.9,7.9,22.0,0.0,855.7,280.0,86,,0.23,,3,chuk_rwanda
2022-07-07 18:00:00,21.6,59,13.2,7.0,18.0,0.0,854.5,74.0,95,,0.07,,3,chuk_rwanda
2022-07-07 19:00:00,20.2,59,11.9,7.0,11.5,0.0,854.1,0.0,93,,0.06,,3,chuk_rwanda
2022-07-07 20:00:00,19.0,60,10.9,7.6,13.0,0.0,854.3,0.0,92,,0.03,,3,chuk_rwanda
2022-07-07 21:00:00,20.5,37,5.4,4.0,13.0,0.0,856.5,0.0,86,,0.02,,3,chuk_rwanda
2022-07-07 22:00:00,17.1,62,9.9,4.4,10.8,0.0,855.8,0.0,11,,0.01,,0,chuk_rwanda
2022-07-07 23:00:00,16.8,56,7.9,4.6,10.8,0.0,855.9,0.0,5,,0.01,,0,chuk_rwanda
2022-07-08 00:00:00,15.9,63,8.8,4.7,9.7,0.0,855.4,0.0,40,,0.01,,1,chuk_rwanda
2022-07-08 01:00:00,15.4,63,8.4,4.4,9.7,0.0,854.6,0.0,89,,0.0,,3,chuk_rwanda
2022-07-08 02:00:00,14.1,67,8.1,4.9,9.4,0.0,854.0,0.0,100,,0.0,,3,chuk_rwanda
2022-07-08 03:00:00,13.9,65,7.6,6.1,11.9,0.0,854.1,0.0,93,,0.01,,3,chuk_rwanda
2022-07-08 04:00:00,13.1,68,7.4,6.4,11.9,0.0,853.9,0.0,78,,0.01,,2,chuk_rwanda
2022-07-08 05:00:00,12.6,70,7.3,6.9,13.0,0.0,854.0,0.0,100,,0.01,,3,chuk_rwanda
2022-07-08 06:00:00,12.1,72,7.3,6.7,13.0,0.0,854.1,0.0,100,,0.01,,3,chuk_rwanda
2022-07-08 07:00:00,13.2,70,7.9,7.8,14.0,0.0,855.0,49.0,98,,0.04,,3,chuk_rwanda
2022-07-08 08:00:00,18.5,57,9.9,4.1,14.0,0.0,858.2,246.0,93,,0.15,,3,chuk_rwanda
2022-07-08 09:00:00,21.6,41,7.8,5.4,16.2,0.0,859.8,470.0,92,,0.31,,3,chuk_rwanda
2022-07-08 10:00:00,23.4,34,6.5,8.7,23.4,0.0,859.9,668.0,97,,0.47,,3,chuk_rwanda
2022-07-08 11:00:00,24.5,31,6.1,11.5,29.5,0.0,859.3,812.0,99,,0.58,,3,chuk_rwanda
2022-07-08 12:00:00,25.3,30,6.5,11.0,30.2,0.0,858.8,888.0,98,,0.64,,3,chuk_rwanda
2022-07-08 13:00:00,26.0,29,6.8,9.3,29.2,0.0,858.2,896.0,97,,0.65,,3,chuk_rwanda
2022-07-08 14:00:00,25.6,30,6.8,7.2,25.6,0.0,857.6,828.0,16,,0.59,,0,chuk_rwanda
2022-07-08 15:00:00,26.2,29,6.7,7.7,21.6,0.0,856.9,682.0,100,,0.5,,3,chuk_rwanda
2022-07-08 16:00:00,25.5,30,6.7,10.0,24.5,0.0,856.5,455.0,89,,0.37,,3,chuk_rwanda
2022-07-08 17:00:00,24.5,34,7.4,6.8,23.8,0.0,856.3,276.0,45,,0.22,,1,chuk_rwanda
2022-07-08 18:00:00,23.1,35,6.7,2.6,15.8,0.0,856.0,69.0,24,,0.05,,1,chuk_rwanda
2022-07-08 19:00:00,19.7,54,10.2,5.5,10.4,0.0,854.9,0.0,3,,0.05,,0,chuk_rwanda
2022-07-08 20:00:00,18.2,64,11.3,7.0,12.6,0.0,855.1,0.0,1,,0.02,,0,chuk_rwanda
2022-07-08 21:00:00,17.0,67,10.8,6.2,13.7,0.0,855.6,0.0,0,,0.01,,0,chuk_rwanda
2022-07-08 22:00:00,17.1,57,8.5,4.3,12.6,0.0,856.3,0.0,0,,0.01,,0,chuk_rwanda
2022-07-08 23:00:00,15.9,63,8.8,4.6,11.2,0.0,855.6,0.0,0,,0.01,,0,chuk_rwanda
2022-07-09 00:00:00,15.6,63,8.6,4.6,9.7,0.0,855.3,0.0,8,,0.01,,0,chuk_rwanda
2022-07-09 01:00:00,15.1,65,8.6,3.6,9.7,0.0,854.8,0.0,24,,0.0,,1,chuk_rwanda
2022-07-09 02:00:00,13.9,69,8.4,4.1,9.4,0.0,854.1,0.0,42,,0.0,,1,chuk_rwanda
2022-07-09 03:00:00,13.9,68,8.0,5.1,10.1,0.0,853.7,0.0,17,,0.0,,0,chuk_rwanda
2022-07-09 04:00:00,13.1,70,7.8,6.1,11.2,0.0,853.8,0.0,59,,0.01,,2,chuk_rwanda
2022-07-09 05:00:00,12.8,71,7.7,7.4,13.3,0.0,854.0,0.0,71,,0.01,,2,chuk_rwanda
2022-07-09 06:00:00,12.6,72,7.6,7.4,14.0,0.0,854.0,0.0,56,,0.01,,2,chuk_rwanda
2022-07-09 07:00:00,13.9,68,8.1,8.0,14.4,0.0,855.2,49.0,22,,0.04,,1,chuk_rwanda
2022-07-09 08:00:00,18.4,57,9.6,3.5,14.4,0.0,857.8,242.0,21,,0.14,,1,chuk_rwanda
2022-07-09 09:00:00,20.9,44,8.2,6.1,18.0,0.0,859.0,456.0,67,,0.3,,2,chuk_rwanda
2022-07-09 10:00:00,22.2,40,7.8,9.1,24.8,0.0,859.3,647.0,89,,0.44,,3,chuk_rwanda
2022-07-09 11:00:00,23.3,38,8.1,9.6,27.4,0.0,859.1,801.0,95,,0.55,,3,chuk_rwanda
2022-07-09 12:00:00,24.8,36,8.6,6.9,27.0,0.0,858.7,880.0,100,,0.62,,3,chuk_rwanda
2022-07-09 13:00:00,25.0,35,8.4,5.7,22.0,0.0,857.9,732.0,93,,0.53,,3,chuk_rwanda
2022-07-09 14:00:00,23.4,39,8.8,7.2,19.1,0.0,857.1,408.0,34,,0.33,,1,chuk_rwanda
2022-07-09 15:00:00,23.4,39,8.6,7.1,19.4,0.0,856.3,374.0,55,,0.3,,2,chuk_rwanda
2022-07-09 16:00:00,23.6,38,8.6,8.7,22.0,0.0,856.2,372.0,81,,0.3,,3,chuk_rwanda
2022-07-09 17:00:00,23.5,40,8.9,6.8,21.6,0.0,855.8,271.0,89,,0.21,,3,chuk_rwanda
2022-07-09 18:00:00,20.9,53,10.9,5.1,15.5,0.0,855.0,73.0,69,,0.06,,2,chuk_rwanda
2022-07-09 19:00:00,19.1,60,11.1,4.7,10.8,0.0,854.8,0.0,81,,0.04,,3,chuk_rwanda
2022-07-09 20:00:00,19.0,63,11.9,3.1,10.8,0.0,855.3,0.0,6,,0.0,,0,chuk_rwanda
2022-07-09 21:00:00,17.6,65,10.9,3.9,9.4,0.0,855.4,0.0,4,,0.0,,0,chuk_rwanda
2022-07-09 22:00:00,16.5,70,10.9,4.0,9.7,0.0,855.2,0.0,0,,0.0,,0,chuk_rwanda
2022-07-09 23:00:00,15.9,69,10.2,3.7,9.0,0.0,855.2,0.0,0,,0.0,,0,chuk_rwanda
2022-07-10 00:00:00,15.5,67,9.4,3.5,8.3,0.0,854.5,0.0,1,,0.0,,0,chuk_rwanda
2022-07-10 01:00:00,14.9,68,9.1,3.6,8.3,0.0,853.8,0.0,8,,0.0,,0,chuk_rwanda
2022-07-10 02:00:00,14.3,69,8.8,5.2,8.6,0.0,852.6,0.0,15,,0.0,,0,chuk_rwanda
2022-07-10 03:00:00,13.9,71,8.6,6.5,12.2,0.0,852.3,0.0,9,,0.01,,0,chuk_rwanda
2022-07-10 04:00:00,13.4,72,8.6,6.2,11.9,0.0,852.0,0.0,10,,0.0,,0,chuk_rwanda
2022-07-10 05:00:00,12.8,75,8.6,5.3,11.5,0.0,852.1,0.0,7,,0.0,,0,chuk_rwanda
2022-07-10 06:00:00,12.2,78,8.5,4.4,9.0,0.0,852.5,0.0,8,,0.0,,0,chuk_rwanda
2022-07-10 07:00:00,13.8,74,9.1,5.4,10.4,0.0,854.0,47.0,16,,0.03,,0,chuk_rwanda
2022-07-10 08:00:00,18.2,60,10.3,2.1,10.4,0.0,856.9,230.0,21,,0.13,,1,chuk_rwanda
2022-07-10 09:00:00,20.4,48,8.9,8.4,21.2,0.0,858.1,429.0,100,,0.29,,3,chuk_rwanda
2022-07-10 10:00:00,20.9,45,8.5,11.6,29.9,0.0,858.4,501.0,44,,0.36,,1,chuk_rwanda
2022-07-10 11:00:00,22.9,41,8.9,9.8,28.8,0.0,858.2,793.0,6,,0.54,,0,chuk_rwanda
2022-07-10 12:00:00,24.2,38,8.9,7.8,27.0,0.0,857.7,867.0,51,,0.61,,2,chuk_rwanda
2022-07-10 13:00:00,24.9,36,8.9,5.8,23.8,0.0,856.8,758.0,100,,0.55,,3,chuk_rwanda
2022-07-10 14:00:00,23.3,40,8.9,5.8,19.4,0.0,856.1,468.0,63,,0.36,,2,chuk_rwanda
2022-07-10 15:00:00,23.7,39,9.1,4.0,16.9,0.0,855.4,425.0,99,,0.32,,3,chuk_rwanda
2022-07-10 16:00:00,23.3,40,9.1,6.7,16.2,0.0,854.8,240.0,43,,0.22,,1,chuk_rwanda
2022-07-10 17:00:00,22.9,42,9.1,6.8,19.1,0.0,854.7,230.0,100,,0.19,,3,chuk_rwanda
2022-07-10 18:00:00,21.2,51,10.6,5.5,16.2,0.0,854.3,49.0,100,,0.07,,3,chuk_rwanda
2022-07-10 19:00:00,20.2,53,10.2,5.8,13.7,0.0,854.5,0.0,100,,0.06,,3,chuk_rwanda
2022-07-10 20:00:00,19.9,60,11.9,3.6,13.0,0.0,855.2,0.0,100,,0.0,,3,chuk_rwanda
2022-07-10 21:00:00,19.6,60,11.7,3.6,9.0,0.0,855.7,0.0,91,,0.0,,3,chuk_rwanda
2022-07-10 22:00:00,18.9,63,11.6,3.3,9.4,0.0,855.8,0.0,100,,0.0,,3,chuk_rwanda
2022-07-10 23:00:00,18.3,61,10.6,4.4,10.8,0.0,855.5,0.0,100,,0.01,,3,chuk_rwanda
2022-07-11 00:00:00,18.0,64,11.2,3.1,10.8,0.0,855.4,0.0,83,,0.0,,3,chuk_rwanda
2022-07-11 01:00:00,17.0,66,10.4,3.9,8.6,0.0,854.8,0.0,28,,0.0,,1,chuk_rwanda
2022-07-11 02:00:00,15.9,69,10.2,3.9,8.6,0.0,853.9,0.0,6,,0.0,,0,chuk_rwanda
2022-07-11 03:00:00,15.6,67,9.6,4.9,9.0,0.0,853.6,0.0,6,,0.0,,0,chuk_rwanda
2022-07-11 04:00:00,14.9,69,9.2,6.1,11.2,0.0,853.2,0.0,11,,0.01,,0,chuk_rwanda
2022-07-11 05:00:00,14.4,70,9.1,6.6,12.2,0.0,853.2,0.0,37,,0.01,,1,chuk_rwanda
2022-07-11 06:00:00,13.9,73,9.1,6.4,12.2,0.0,853.4,0.0,100,,0.01,,3,chuk_rwanda
2022-07-11 07:00:00,14.9,70,9.5,7.2,13.3,0.0,854.5,42.0,99,,0.04,,3,chuk_rwanda
2022-07-11 08:00:00,18.0,62,10.6,3.9,13.0,0.0,856.9,141.0,97,,0.1,,3,chuk_rwanda
2022-07-11 09:00:00,20.0,50,9.2,2.0,9.7,0.0,857.9,240.0,65,,0.17,,2,chuk_rwanda
2022-07-11 10:00:00,21.8,43,8.8,7.6,20.9,0.0,858.3,509.0,6,,0.36,,0,chuk_rwanda
2022-07-11 11:00:00,23.5,40,9.0,8.4,24.1,0.0,858.3,797.0,0,,0.55,,0,chuk_rwanda
2022-07-11 12:00:00,24.9,37,9.2,8.4,24.8,0.0,857.8,873.0,61,,0.62,,2,chuk_rwanda
2022-07-11 13:00:00,26.4,34,9.4,7.6,24.8,0.0,857.2,889.0,90,,0.64,,3,chuk_rwanda
2022-07-11 14:00:00,24.5,38,9.1,7.3,23.4,0.0,856.3,620.0,100,,0.46,,3,chuk_rwanda
2022-07-11 15:00:00,24.8,37,9.1,6.7,20.5,0.0,855.4,465.0,99,,0.36,,3,chuk_rwanda
2022-07-11 16:00:00,24.9,37,9.1,5.8,19.1,0.0,855.1,390.0,96,,0.3,,3,chuk_rwanda
2022-07-11 17:00:00,24.3,39,9.4,5.5,16.2,0.0,855.0,192.0,96,,0.17,,3,chuk_rwanda
2022-07-11 18:00:00,22.0,49,10.8,5.4,13.7,0.0,854.4,63.0,92,,0.07,,3,chuk_rwanda
2022-07-11 19:00:00,20.3,55,11.0,4.7,10.8,0.0,854.2,0.0,95,,0.05,,3,chuk_rwanda
2022-07-11 20:00:00,19.4,58,10.8,4.4,8.6,0.0,854.4,0.0,85,,0.01,,3,chuk_rwanda
2022-07-11 21:00:00,18.4,63,11.3,3.4,8.6,0.0,854.6,0.0,68,,0.0,,2,chuk_rwanda
2022-07-11 22:00:00,17.6,69,11.9,6.6,11.9,0.0,854.8,0.0,56,,0.01,,2,chuk_rwanda
2022-07-11 23:00:00,16.8,72,11.8,5.9,13.0,0.0,854.9,0.0,24,,0.0,,1,chuk_rwanda
2022-07-12 00:00:00,16.4,67,10.2,3.7,11.5,0.0,854.8,0.0,10,,0.0,,0,chuk_rwanda
2022-07-12 01:00:00,15.8,73,10.9,3.6,9.7,0.0,854.3,0.0,13,,0.0,,0,chuk_rwanda
2022-07-12 02:00:00,14.9,75,10.6,5.0,8.6,0.0,853.9,0.0,23,,0.0,,1,chuk_rwanda
2022-07-12 03:00:00,15.6,67,9.6,3.9,10.1,0.0,854.1,0.0,42,,0.0,,1,chuk_rwanda
2022-07-12 04:00:00,14.8,69,9.1,5.4,10.1,0.0,853.5,0.0,54,,0.01,,2,chuk_rwanda
2022-07-12 05:00:00,14.2,71,9.1,4.8,10.1,0.0,853.5,0.0,93,,0.0,,3,chuk_rwanda
2022-07-12 06:00:00,13.9,73,9.0,4.7,8.6,0.0,854.0,0.0,100,,0.0,,3,chuk_rwanda
2022-07-12 07:00:00,15.2,69,9.6,6.4,10.4,0.0,855.2,46.0,100,,0.04,,3,chuk_rwanda
2022-07-12 08:00:00,19.2,55,9.9,3.2,11.5,0.0,858.2,226.0,95,,0.14,,3,chuk_rwanda
2022-07-12 09:00:00,20.9,48,9.3,8.3,22.0,0.0,859.2,443.0,96,,0.3,,3,chuk_rwanda
2022-07-12 10:00:00,22.0,44,9.2,10.8,28.8,0.0,859.5,632.0,40,,0.43,,1,chuk_rwanda
2022-07-12 11:00:00,23.2,42,9.4,11.0,29.2,0.0,859.4,788.0,33,,0.54,,1,chuk_rwanda
2022-07-12 12:00:00,24.4,38,9.1,10.1,29.2,0.0,858.7,874.0,49,,0.62,,1,chuk_rwanda
2022-07-12 13:00:00,26.0,34,8.9,8.5,28.1,0.0,858.0,883.0,56,,0.64,,2,chuk_rwanda
2022-07-12 14:00:00,25.0,36,8.9,9.4,25.2,0.0,857.4,521.0,100,,0.42,,3,chuk_rwanda
2022-07-12 15:00:00,24.6,36,8.6,5.8,23.0,0.0,856.5,320.0,33,,0.27,,1,chuk_rwanda
2022-07-12 16:00:00,25.2,34,8.4,5.4,15.8,0.0,856.1,344.0,100,,0.27,,3,chuk_rwanda
2022-07-12 17:00:00,24.4,37,8.9,6.2,15.8,0.0,855.8,160.0,100,,0.16,,3,chuk_rwanda
2022-07-12 18:00:00,22.8,46,10.5,5.1,14.4,0.0,855.4,41.0,5,,0.07,,0,chuk_rwanda
2022-07-12 19:00:00,21.5,46,9.4,7.2,16.2,0.0,855.4,0.0,79,,0.07,,2,chuk_rwanda
2022-07-12 20:00:00,20.5,49,9.6,6.8,16.6,0.0,855.9,0.0,35,,0.04,,1,chuk_rwanda
2022-07-12 21:00:00,19.8,56,10.9,5.0,15.8,0.0,856.3,0.0,100,,0.02,,3,chuk_rwanda
2022-07-12 22:00:00,19.2,58,10.7,4.5,12.6,0.0,857.0,0.0,47,,0.01,,1,chuk_rwanda
2022-07-12 23:00:00,18.3,65,11.6,3.9,11.9,0.0,856.7,0.0,100,,0.0,,3,chuk_rwanda
2022-07-13 00:00:00,18.5,62,11.1,2.9,10.1,0.0,856.7,0.0,96,,0.0,,3,chuk_rwanda
2022-07-13 01:00:00,17.1,65,10.4,4.1,8.3,0.0,855.7,0.0,95,,0.0,,3,chuk_rwanda
2022-07-13 02:00:00,16.0,71,10.8,4.2,7.9,0.0,855.2,0.0,95,,0.0,,3,chuk_rwanda
2022-07-13 03:00:00,16.4,70,10.9,3.2,8.6,0.0,855.2,0.0,100,,0.0,,3,chuk_rwanda
2022-07-13 04:00:00,16.4,76,12.2,3.9,8.3,0.0,855.4,0.0,61,,0.0,,2,chuk_rwanda
2022-07-13 05:00:00,15.1,75,10.8,4.7,10.8,0.0,855.4,0.0,98,,0.0,,3,chuk_rwanda
2022-07-13 06:00:00,14.8,75,10.4,4.3,9.7,0.0,856.1,0.0,100,,0.0,,3,chuk_rwanda
2022-07-13 07:00:00,15.7,71,10.4,5.8,10.8,0.0,857.2,45.0,100,,0.03,,3,chuk_rwanda
2022-07-13 08:00:00,18.0,61,10.5,6.1,16.6,0.0,859.1,230.0,97,,0.14,,3,chuk_rwanda
2022-07-13 09:00:00,19.5,55,10.3,7.7,21.6,0.0,859.9,447.0,99,,0.28,,3,chuk_rwanda
2022-07-13 10:00:00,21.0,51,10.4,8.2,24.1,0.0,860.0,637.0,96,,0.42,,3,chuk_rwanda
2022-07-13 11:00:00,23.1,44,10.1,9.5,26.6,0.0,859.8,779.0,99,,0.53,,3,chuk_rwanda
2022-07-13 12:00:00,23.8,41,9.9,8.3,27.0,0.0,858.9,641.0,100,,0.47,,3,chuk_rwanda
2022-07-13 13:00:00,24.1,40,9.6,7.7,23.8,0.0,857.8,482.0,100,,0.38,,3,chuk_rwanda
2022-07-13 14:00:00,21.9,46,9.8,7.0,21.2,0.0,857.5,336.0,100,,0.27,,3,chuk_rwanda
2022-07-13 15:00:00,22.7,44,9.9,5.5,18.7,0.0,856.7,389.0,100,,0.3,,3,chuk_rwanda
2022-07-13 16:00:00,22.6,44,9.6,5.4,16.6,0.0,856.4,223.0,100,,0.19,,3,chuk_rwanda
2022-07-13 17:00:00,22.4,44,9.6,5.3,15.1,0.0,856.5,127.0,100,,0.13,,3,chuk_rwanda
2022-07-13 18:00:00,21.1,51,10.7,4.6,13.3,0.0,856.0,35.0,100,,0.06,,3,chuk_rwanda
2022-07-13 19:00:00,19.2,56,10.3,6.1,12.2,0.0,855.5,0.0,100,,0.05,,3,chuk_rwanda
2022-07-13 20:00:00,17.8,67,11.5,4.2,12.2,0.0,855.3,0.0,100,,0.0,,3,chuk_rwanda
2022-07-13 21:00:00,17.3,64,10.4,4.7,9.7,0.0,855.9,0.0,100,,0.01,,3,chuk_rwanda
2022-07-13 22:00:00,16.4,72,11.4,4.3,9.7,0.0,855.8,0.0,99,,0.0,,3,chuk_rwanda
2022-07-13 23:00:00,16.3,71,10.9,4.0,9.4,0.0,855.9,0.0,100,,0.0,,3,chuk_rwanda
2022-07-14 00:00:00,15.9,71,10.6,3.9,8.6,0.0,855.6,0.0,99,,0.0,,3,chuk_rwanda
2022-07-14 01:00:00,15.3,70,9.9,3.8,8.3,0.0,855.0,0.0,100,,0.0,,3,chuk_rwanda
2022-07-14 02:00:00,14.2,75,9.8,4.9,10.4,0.0,854.0,0.0,99,,0.0,,3,chuk_rwanda
2022-07-14 03:00:00,14.1,76,9.8,5.2,9.7,0.0,853.6,0.0,99,,0.0,,3,chuk_rwanda
2022-07-14 04:00:00,13.8,76,9.6,6.4,10.1,0.0,853.6,0.0,97,,0.0,,3,chuk_rwanda
2022-07-14 05:00:00,13.1,79,9.5,6.9,11.5,0.0,853.3,0.0,100,,0.0,,3,chuk_rwanda
2022-07-14 06:00:00,12.6,81,9.4,5.3,11.5,0.0,853.1,0.0,100,,0.0,,3,chuk_rwanda
2022-07-14 07:00:00,13.6,78,9.9,2.5,8.3,0.0,854.6,46.0,93,,0.02,,3,chuk_rwanda
2022-07-14 08:00:00,17.4,64,10.6,1.5,9.0,0.0,857.4,236.0,97,,0.13,,3,chuk_rwanda
2022-07-14 09:00:00,20.0,54,10.5,4.7,16.2,0.0,858.6,458.0,99,,0.29,,3,chuk_rwanda
2022-07-14 10:00:00,21.8,47,10.0,8.8,24.8,0.0,859.1,654.0,92,,0.44,,3,chuk_rwanda
2022-07-14 11:00:00,23.4,41,9.2,8.2,25.2,0.0,858.7,801.0,98,,0.55,,3,chuk_rwanda
2022-07-14 12:00:00,24.8,35,8.2,8.1,24.8,0.0,858.0,877.0,100,,0.62,,3,chuk_rwanda
2022-07-14 13:00:00,25.9,32,7.8,8.0,24.8,0.0,857.1,885.0,97,,0.64,,3,chuk_rwanda
2022-07-14 14:00:00,25.5,33,7.8,6.3,24.1,0.0,856.5,823.0,99,,0.59,,3,chuk_rwanda
2022-07-14 15:00:00,25.8,32,7.7,4.4,19.1,0.0,855.5,698.0,76,,0.49,,2,chuk_rwanda
2022-07-14 16:00:00,25.6,31,7.3,4.9,16.2,0.0,854.9,472.0,44,,0.34,,1,chuk_rwanda
2022-07-14 17:00:00,24.9,35,8.3,4.2,14.8,0.0,854.4,268.0,21,,0.19,,1,chuk_rwanda
2022-07-14 18:00:00,22.0,50,11.1,4.9,10.1,0.0,853.3,74.0,4,,0.06,,0,chuk_rwanda
2022-07-14 19:00:00,20.1,59,11.8,6.7,12.2,0.0,852.6,0.0,3,,0.05,,0,chuk_rwanda
2022-07-14 20:00:00,19.0,61,11.2,4.4,11.2,0.0,852.7,0.0,14,,0.01,,0,chuk_rwanda
2022-07-14 21:00:00,18.8,52,8.7,4.5,8.3,0.0,854.1,0.0,20,,0.02,,1,chuk_rwanda
2022-07-14 22:00:00,17.8,64,10.9,2.5,9.4,0.0,854.3,0.0,11,,0.0,,0,chuk_rwanda
2022-07-14 23:00:00,17.4,58,9.1,4.0,6.5,0.0,854.5,0.0,15,,0.01,,0,chuk_rwanda
2022-07-15 00:00:00,16.4,59,8.2,5.7,11.2,0.0,854.0,0.0,0,,0.02,,0,chuk_rwanda
2022-07-15 01:00:00,15.6,60,7.9,5.4,10.8,0.0,853.3,0.0,5,,0.01,,0,chuk_rwanda
2022-07-15 02:00:00,15.1,64,8.2,6.2,10.8,0.0,852.8,0.0,29,,0.01,,1,chuk_rwanda
2022-07-15 03:00:00,14.7,65,8.2,4.6,11.5,0.0,852.4,0.0,93,,0.0,,3,chuk_rwanda
2022-07-15 04:00:00,14.2,66,7.9,6.0,10.4,0.0,852.3,0.0,100,,0.01,,3,chuk_rwanda
2022-07-15 05:00:00,13.5,69,7.9,6.0,11.2,0.0,852.2,0.0,100,,0.01,,3,chuk_rwanda
2022-07-15 06:00:00,12.9,74,8.4,2.7,9.4,0.0,852.3,0.0,99,,0.0,,3,chuk_rwanda
2022-07-15 07:00:00,14.4,69,8.8,4.0,7.2,0.0,853.8,47.0,100,,0.03,,3,chuk_rwanda
2022-07-15 08:00:00,18.2,56,9.3,3.3,11.5,0.0,857.1,237.0,100,,0.14,,3,chuk_rwanda
2022-07-15 09:00:00,20.6,45,8.4,5.8,18.0,0.0,858.3,456.0,100,,0.3,,3,chuk_rwanda
2022-07-15 10:00:00,22.3,43,9.1,8.2,24.1,0.0,858.6,653.0,100,,0.44,,3,chuk_rwanda
2022-07-15 11:00:00,24.0,40,9.8,9.2,25.9,0.0,858.4,796.0,100,,0.56,,3,chuk_rwanda
2022-07-15 12:00:00,25.8,35,9.2,10.0,28.1,0.0,858.0,879.0,100,,0.64,,3,chuk_rwanda
2022-07-15 13:00:00,25.8,34,8.7,7.1,28.1,0.0,857.0,611.0,100,,0.47,,3,chuk_rwanda
2022-07-15 14:00:00,23.6,41,9.6,7.7,20.9,0.0,856.4,463.0,100,,0.36,,3,chuk_rwanda
2022-07-15 15:00:00,24.0,40,9.6,7.6,19.8,0.0,855.5,309.0,100,,0.27,,3,chuk_rwanda
2022-07-15 16:00:00,24.0,40,9.5,6.8,19.8,0.0,855.3,249.0,100,,0.22,,3,chuk_rwanda
2022-07-15 17:00:00,23.6,42,9.8,6.5,16.9,0.0,855.0,160.0,100,,0.16,,3,chuk_rwanda
2022-07-15 18:00:00,21.8,53,11.9,4.2,15.8,0.0,854.3,55.0,100,,0.06,,3,chuk_rwanda
2022-07-15 19:00:00,21.0,63,13.8,4.0,9.7,0.0,854.6,0.0,100,,0.04,,3,chuk_rwanda
2022-07-15 20:00:00,21.0,67,14.7,3.3,8.3,0.0,855.6,0.0,100,,0.0,,3,chuk_rwanda
2022-07-15 21:00:00,20.5,57,11.6,4.7,10.1,0.0,856.2,0.0,100,,0.01,,3,chuk_rwanda
2022-07-15 22:00:00,19.3,59,11.1,6.1,14.0,0.0,856.4,0.0,100,,0.02,,3,chuk_rwanda
2022-07-15 23:00:00,17.4,74,12.7,7.0,14.0,0.0,855.6,0.0,100,,0.01,,3,chuk_rwanda
2022-07-16 00:00:00,17.2,68,11.1,3.1,12.6,0.0,855.6,0.0,100,,0.0,,3,chuk_rwanda
2022-07-16 01:00:00,16.0,70,10.6,5.8,10.8,0.0,854.3,0.0,100,,0.01,,3,chuk_rwanda
2022-07-16 02:00:00,15.4,70,10.1,4.6,11.2,0.0,853.5,0.0,99,,0.0,,3,chuk_rwanda
2022-07-16 03:00:00,15.1,72,10.1,5.6,11.2,0.0,853.0,0.0,100,,0.0,,3,chuk_rwanda
2022-07-16 04:00:00,14.5,74,9.9,6.1,10.8,0.0,852.7,0.0,100,,0.0,,3,chuk_rwanda
2022-07-16 05:00:00,13.9,77,9.8,7.7,13.3,0.0,852.4,0.0,100,,0.01,,3,chuk_rwanda
2022-07-16 06:00:00,13.5,78,9.6,6.5,13.3,0.0,852.5,0.0,100,,0.0,,3,chuk_rwanda
2022-07-16 07:00:00,14.9,73,10.1,7.5,12.2,0.0,853.6,46.0,99,,0.03,,3,chuk_rwanda
2022-07-16 08:00:00,19.0,62,11.5,3.3,12.2,0.0,856.9,212.0,100,,0.13,,3,chuk_rwanda
2022-07-16 09:00:00,21.1,51,10.6,7.3,22.0,0.0,858.4,426.0,92,,0.29,,3,chuk_rwanda
2022-07-16 10:00:00,23.1,44,10.1,10.0,26.6,0.0,858.8,631.0,99,,0.44,,3,chuk_rwanda
2022-07-16 11:00:00,24.8,39,9.8,11.8,31.0,0.0,858.6,770.0,99,,0.56,,3,chuk_rwanda
2022-07-16 12:00:00,24.9,37,9.1,7.6,31.0,0.0,857.7,464.0,100,,0.38,,3,chuk_rwanda
2022-07-16 13:00:00,27.0,30,8.1,4.9,20.9,0.0,857.2,821.0,100,,0.6,,3,chuk_rwanda
2022-07-16 14:00:00,24.5,37,8.9,6.7,23.4,0.0,857.1,689.0,99,,0.5,,3,chuk_rwanda
2022-07-16 15:00:00,25.7,34,8.8,4.0,18.4,0.0,856.3,532.0,100,,0.39,,3,chuk_rwanda
2022-07-16 16:00:00,25.9,33,8.4,2.9,14.0,0.0,855.7,355.0,58,,0.26,,2,chuk_rwanda
2022-07-16 17:00:00,25.4,38,10.1,2.9,10.1,0.0,855.2,232.0,53,,0.17,,2,chuk_rwanda
2022-07-16 18:00:00,23.9,45,11.1,3.6,7.2,0.0,854.4,66.0,56,,0.06,,2,chuk_rwanda
2022-07-16 19:00:00,22.9,37,7.6,3.1,7.2,0.0,854.7,0.0,90,,0.05,,3,chuk_rwanda
2022-07-16 20:00:00,19.5,64,12.5,1.4,7.6,0.0,853.9,0.0,95,,0.0,,3,chuk_rwanda
2022-07-16 21:00:00,18.9,61,11.3,1.0,5.4,0.0,854.4,0.0,98,,0.0,,3,chuk_rwanda
2022-07-16 22:00:00,17.6,67,11.4,4.3,10.4,0.0,854.6,0.0,48,,0.0,,1,chuk_rwanda
2022-07-16 23:00:00,17.4,63,10.4,3.4,10.4,0.0,854.6,0.0,13,,0.0,,0,chuk_rwanda
2022-07-17 00:00:00,16.6,65,10.0,3.4,9.0,0.0,854.6,0.0,6,,0.0,,0,chuk_rwanda
2022-07-17 01:00:00,15.9,63,8.8,5.7,9.4,0.0,853.8,0.0,100,,0.01,,3,chuk_rwanda
2022-07-17 02:00:00,14.6,70,9.1,4.6,11.5,0.0,853.3,0.0,95,,0.0,,3,chuk_rwanda
2022-07-17 03:00:00,14.9,66,8.6,7.6,12.2,0.0,853.1,0.0,100,,0.02,,3,chuk_rwanda
2022-07-17 04:00:00,14.3,69,8.6,6.9,12.6,0.0,852.9,0.0,99,,0.01,,3,chuk_rwanda
2022-07-17 05:00:00,13.7,72,8.6,6.0,11.9,0.0,852.9,0.0,45,,0.0,,1,chuk_rwanda
2022-07-17 06:00:00,13.4,72,8.5,6.2,11.9,0.0,853.2,0.0,27,,0.0,,1,chuk_rwanda
2022-07-17 07:00:00,14.6,69,9.1,6.2,10.4,0.0,854.3,46.0,2,,0.03,,0,chuk_rwanda
2022-07-17 08:00:00,19.0,57,10.4,2.7,11.5,0.0,857.4,237.0,0,,0.14,,0,chuk_rwanda
2022-07-17 09:00:00,21.2,47,9.4,8.7,22.7,0.0,858.7,460.0,0,,0.31,,0,chuk_rwanda
2022-07-17 10:00:00,22.5,43,9.3,10.8,29.2,0.0,859.0,656.0,0,,0.45,,0,chuk_rwanda
2022-07-17 11:00:00,24.2,38,9.1,9.8,28.4,0.0,858.8,800.0,6,,0.56,,0,chuk_rwanda
2022-07-17 12:00:00,25.2,35,8.8,9.6,27.4,0.0,858.2,749.0,94,,0.56,,3,chuk_rwanda
2022-07-17 13:00:00,25.1,35,8.5,7.5,26.6,0.0,857.2,525.0,91,,0.42,,3,chuk_rwanda
2022-07-17 14:00:00,25.0,33,7.7,7.0,20.5,0.0,856.9,595.0,93,,0.45,,3,chuk_rwanda
2022-07-17 15:00:00,25.8,31,7.2,4.7,19.4,0.0,856.0,576.0,86,,0.42,,3,chuk_rwanda
2022-07-17 16:00:00,26.3,28,6.4,6.4,18.0,0.0,855.7,432.0,99,,0.34,,3,chuk_rwanda
2022-07-17 17:00:00,25.5,30,6.8,4.6,18.0,0.0,855.1,261.0,99,,0.2,,3,chuk_rwanda
2022-07-17 18:00:00,23.1,35,7.0,9.9,20.2,0.0,854.5,61.0,100,,0.12,,3,chuk_rwanda
2022-07-17 19:00:00,20.5,43,7.5,7.0,21.2,0.0,853.7,0.0,100,,0.07,,3,chuk_rwanda
2022-07-17 20:00:00,19.4,50,8.8,5.5,15.5,0.0,854.0,0.0,100,,0.02,,3,chuk_rwanda
2022-07-17 21:00:00,18.3,58,9.9,5.1,13.3,0.0,854.8,0.0,100,,0.01,,3,chuk_rwanda
2022-07-17 22:00:00,17.4,65,10.7,4.3,12.2,0.0,855.4,0.0,100,,0.0,,3,chuk_rwanda
2022-07-17 23:00:00,16.8,61,9.3,4.3,10.8,0.0,855.4,0.0,17,,0.01,,0,chuk_rwanda
2022-07-18 00:00:00,16.1,64,9.4,3.5,10.4,0.0,855.3,0.0,99,,0.0,,3,chuk_rwanda
2022-07-18 01:00:00,15.6,65,8.9,4.4,9.0,0.0,854.9,0.0,82,,0.0,,3,chuk_rwanda
2022-07-18 02:00:00,15.1,67,8.9,6.9,10.4,0.0,854.4,0.0,77,,0.01,,2,chuk_rwanda
2022-07-18 03:00:00,16.1,63,9.0,6.7,14.8,0.0,854.4,0.0,100,,0.02,,3,chuk_rwanda
2022-07-18 04:00:00,15.9,65,9.2,4.8,12.6,0.0,854.1,0.0,99,,0.01,,3,chuk_rwanda
2022-07-18 05:00:00,14.9,69,9.2,3.6,9.7,0.0,853.6,0.0,98,,0.0,,3,chuk_rwanda
2022-07-18 06:00:00,13.9,72,9.0,5.2,9.0,0.0,853.7,0.0,89,,0.0,,3,chuk_rwanda
2022-07-18 07:00:00,14.9,70,9.6,5.0,10.1,0.0,854.9,43.0,60,,0.03,,2,chuk_rwanda
2022-07-18 08:00:00,18.6,57,9.9,3.1,10.8,0.0,857.5,202.0,59,,0.13,,2,chuk_rwanda
2022-07-18 09:00:00,20.5,46,8.5,11.0,27.4,0.0,858.4,451.0,3,,0.31,,0,chuk_rwanda
2022-07-18 10:00:00,21.9,42,8.5,11.4,29.9,0.0,858.7,655.0,83,,0.45,,3,chuk_rwanda
2022-07-18 11:00:00,23.3,37,7.9,11.9,31.7,0.0,858.4,798.0,89,,0.56,,3,chuk_rwanda
2022-07-18 12:00:00,24.5,34,7.8,12.1,32.0,0.0,857.8,877.0,92,,0.63,,3,chuk_rwanda
2022-07-18 13:00:00,26.0,31,7.7,11.7,32.0,0.0,857.2,875.0,100,,0.65,,3,chuk_rwanda
2022-07-18 14:00:00,23.6,38,8.5,9.2,31.3,0.0,856.5,557.0,100,,0.42,,3,chuk_rwanda
2022-07-18 15:00:00,23.5,38,8.4,8.8,24.5,0.0,856.0,383.0,100,,0.32,,3,chuk_rwanda
2022-07-18 16:00:00,23.1,38,8.2,7.4,23.0,0.0,855.4,219.0,100,,0.21,,3,chuk_rwanda
2022-07-18 17:00:00,22.9,43,9.5,2.6,17.6,0.0,855.3,97.0,100,,0.1,,3,chuk_rwanda
2022-07-18 18:00:00,21.5,57,12.7,3.4,7.2,0.0,854.7,38.0,100,,0.05,,3,chuk_rwanda
2022-07-18 19:00:00,20.2,65,13.4,5.0,9.0,0.0,854.2,0.0,100,,0.04,,3,chuk_rwanda
2022-07-18 20:00:00,20.2,55,11.1,2.6,9.4,0.0,855.0,0.0,100,,0.0,,3,chuk_rwanda
2022-07-18 21:00:00,19.4,58,10.8,2.2,7.2,0.0,855.5,0.0,99,,0.0,,3,chuk_rwanda
2022-07-18 22:00:00,18.0,62,10.6,5.8,9.4,0.0,855.3,0.0,100,,0.01,,3,chuk_rwanda
2022-07-18 23:00:00,17.2,67,11.0,9.1,16.6,0.0,855.2,0.0,100,,0.02,,3,chuk_rwanda
2022-07-19 00:00:00,17.1,67,10.9,8.2,16.9,0.0,855.0,0.0,100,,0.02,,3,chuk_rwanda
2022-07-19 01:00:00,16.9,69,11.1,7.7,15.5,0.0,854.6,0.0,100,,0.02,,3,chuk_rwanda
2022-07-19 02:00:00,16.2,85,13.7,8.8,14.0,0.0,853.5,0.0,100,,0.0,,3,chuk_rwanda
2022-07-19 03:00:00,15.4,88,13.4,6.7,16.9,0.0,853.1,0.0,100,,0.0,,3,chuk_rwanda
2022-07-19 04:00:00,15.8,85,13.3,6.7,13.7,0.0,853.6,0.0,77,,0.0,,2,chuk_rwanda
2022-07-19 05:00:00,15.1,88,13.1,5.2,11.9,0.0,853.6,0.0,94,,0.0,,3,chuk_rwanda
2022-07-19 06:00:00,15.2,89,13.4,2.5,9.0,0.0,854.1,0.0,100,,0.0,,3,chuk_rwanda
2022-07-19 07:00:00,15.9,87,13.6,2.5,7.9,0.0,855.4,10.0,100,,0.02,,3,chuk_rwanda
2022-07-19 08:00:00,17.2,79,13.6,2.6,9.4,0.0,857.1,69.0,29,,0.06,,1,chuk_rwanda
2022-07-19 09:00:00,20.3,55,10.9,6.8,19.1,0.0,858.7,415.0,100,,0.27,,3,chuk_rwanda
2022-07-19 10:00:00,21.5,47,9.7,7.3,22.0,0.0,859.0,489.0,38,,0.35,,1,chuk_rwanda
2022-07-19 11:00:00,23.4,39,8.6,8.0,23.8,0.0,858.9,770.0,52,,0.54,,2,chuk_rwanda
2022-07-19 12:00:00,25.1,34,8.1,9.3,26.6,0.0,858.4,867.0,84,,0.62,,3,chuk_rwanda
2022-07-19 13:00:00,25.6,33,8.1,10.1,27.4,0.0,857.5,722.0,100,,0.55,,3,chuk_rwanda
2022-07-19 14:00:00,25.0,35,8.4,11.3,27.4,0.0,856.6,461.0,100,,0.4,,3,chuk_rwanda
2022-07-19 15:00:00,24.9,35,8.4,10.0,26.6,0.0,855.7,337.0,100,,0.31,,3,chuk_rwanda
2022-07-19 16:00:00,24.4,36,8.4,11.2,25.2,0.0,855.3,184.0,100,,0.23,,3,chuk_rwanda
2022-07-19 17:00:00,23.8,38,8.6,10.3,27.7,0.0,855.2,113.0,57,,0.17,,2,chuk_rwanda
2022-07-19 18:00:00,22.7,46,10.6,4.9,22.7,0.0,855.0,42.0,83,,0.07,,3,chuk_rwanda
2022-07-19 19:00:00,21.5,51,10.8,4.8,11.5,0.0,855.0,0.0,100,,0.05,,3,chuk_rwanda
2022-07-19 20:00:00,21.0,52,10.8,4.7,11.2,0.0,855.5,0.0,100,,0.02,,3,chuk_rwanda
2022-07-19 21:00:00,20.4,56,11.1,4.3,12.2,0.0,855.8,0.0,100,,0.01,,3,chuk_rwanda
2022-07-19 22:00:00,19.8,58,11.3,4.3,11.2,0.0,855.9,0.0,90,,0.01,,3,chuk_rwanda
2022-07-19 23:00:00,19.0,60,11.1,4.4,11.9,0.0,855.5,0.0,32,,0.01,,1,chuk_rwanda
2022-07-20 00:00:00,17.4,71,11.9,6.6,13.0,0.0,854.7,0.0,23,,0.01,,1,chuk_rwanda
2022-07-20 01:00:00,19.0,51,8.6,2.2,13.3,0.0,855.2,0.0,6,,0.0,,0,chuk_rwanda
2022-07-20 02:00:00,19.5,51,9.1,3.2,7.9,0.0,855.5,0.0,23,,0.01,,1,chuk_rwanda
2022-07-20 03:00:00,18.8,54,9.1,3.7,9.4,0.0,855.0,0.0,32,,0.01,,1,chuk_rwanda
2022-07-20 04:00:00,18.0,56,9.2,1.6,9.0,0.0,854.9,0.0,35,,0.0,,1,chuk_rwanda
2022-07-20 05:00:00,15.6,74,10.9,3.7,9.0,0.0,854.5,0.0,2,,0.0,,0,chuk_rwanda
2022-07-20 06:00:00,15.8,70,10.2,1.5,9.4,0.0,855.0,0.0,19,,0.0,,0,chuk_rwanda
2022-07-20 07:00:00,16.4,67,10.1,1.1,6.5,0.0,855.9,46.0,82,,0.02,,3,chuk_rwanda
2022-07-20 08:00:00,18.9,58,10.5,2.9,10.8,0.0,857.8,235.0,96,,0.14,,3,chuk_rwanda
2022-07-20 09:00:00,20.7,47,8.9,7.4,20.9,0.0,858.7,455.0,27,,0.3,,1,chuk_rwanda
2022-07-20 10:00:00,22.6,40,8.4,8.4,23.8,0.0,858.9,653.0,59,,0.45,,2,chuk_rwanda
2022-07-20 11:00:00,24.0,36,8.2,9.5,26.6,0.0,858.5,798.0,56,,0.56,,2,chuk_rwanda
2022-07-20 12:00:00,25.9,32,7.8,9.1,27.4,0.0,858.0,854.0,100,,0.62,,3,chuk_rwanda
2022-07-20 13:00:00,26.5,31,7.8,8.2,25.9,0.0,856.8,728.0,62,,0.56,,2,chuk_rwanda
2022-07-20 14:00:00,26.5,30,7.4,8.8,24.5,0.0,856.4,602.0,64,,0.48,,2,chuk_rwanda
2022-07-20 15:00:00,26.5,30,7.4,11.8,28.8,0.0,855.5,550.0,67,,0.46,,2,chuk_rwanda
2022-07-20 16:00:00,25.4,31,7.2,14.4,33.1,0.0,854.7,428.0,15,,0.38,,0,chuk_rwanda
2022-07-20 17:00:00,24.0,36,7.9,4.7,33.5,0.0,854.1,245.0,7,,0.19,,0,chuk_rwanda
2022-07-20 18:00:00,21.5,57,12.7,4.2,11.5,0.0,853.3,76.0,4,,0.06,,0,chuk_rwanda
2022-07-20 19:00:00,22.5,37,7.1,2.1,10.4,0.0,853.9,0.0,7,,0.04,,0,chuk_rwanda
2022-07-20 20:00:00,19.5,58,11.0,2.9,5.0,0.0,852.9,0.0,11,,0.0,,0,chuk_rwanda
2022-07-20 21:00:00,18.3,65,11.7,4.3,8.6,0.0,853.7,0.0,11,,0.0,,0,chuk_rwanda
2022-07-20 22:00:00,19.6,45,7.5,1.0,9.4,0.0,855.1,0.0,21,,0.0,,1,chuk_rwanda
2022-07-20 23:00:00,16.7,69,10.9,2.9,7.2,0.0,853.9,0.0,18,,0.0,,0,chuk_rwanda
2022-07-21 00:00:00,16.1,71,10.9,3.7,7.6,0.0,853.6,0.0,5,,0.0,,0,chuk_rwanda
2022-07-21 01:00:00,15.8,66,9.4,3.4,7.9,0.0,853.3,0.0,7,,0.0,,0,chuk_rwanda
2022-07-21 02:00:00,15.2,67,9.1,3.8,7.2,0.0,852.2,0.0,7,,0.0,,0,chuk_rwanda
2022-07-21 03:00:00,15.6,62,8.4,3.1,6.1,0.0,852.3,0.0,2,,0.0,,0,chuk_rwanda
2022-07-21 04:00:00,15.1,64,8.4,2.9,5.0,0.0,852.2,0.0,0,,0.0,,0,chuk_rwanda
2022-07-21 05:00:00,14.2,71,9.1,1.9,4.7,0.0,852.4,0.0,0,,0.0,,0,chuk_rwanda
2022-07-21 06:00:00,13.9,74,9.4,1.1,4.7,0.0,853.0,0.0,0,,0.0,,0,chuk_rwanda
2022-07-21 07:00:00,15.8,62,8.4,3.3,6.1,0.0,854.8,46.0,0,,0.03,,0,chuk_rwanda
2022-07-21 08:00:00,18.0,56,9.1,3.1,11.9,0.0,856.8,238.0,1,,0.14,,0,chuk_rwanda
2022-07-21 09:00:00,20.0,48,8.7,7.6,21.2,0.0,857.9,455.0,3,,0.3,,0,chuk_rwanda
2022-07-21 10:00:00,21.6,42,8.1,9.5,26.3,0.0,858.2,648.0,0,,0.44,,0,chuk_rwanda
2022-07-21 11:00:00,23.2,37,7.7,10.3,28.8,0.0,858.0,801.0,1,,0.56,,0,chuk_rwanda
2022-07-21 12:00:00,24.5,34,7.7,10.4,29.5,0.0,857.6,885.0,0,,0.63,,0,chuk_rwanda
2022-07-21 13:00:00,26.0,31,7.5,9.4,29.2,0.0,857.1,905.0,55,,0.66,,2,chuk_rwanda
2022-07-21 14:00:00,23.4,37,7.7,10.8,27.0,0.0,856.2,598.0,70,,0.45,,2,chuk_rwanda
2022-07-21 15:00:00,24.1,36,7.9,9.2,26.6,0.0,855.7,398.0,53,,0.34,,2,chuk_rwanda
2022-07-21 16:00:00,23.7,36,7.7,8.4,23.8,0.0,855.1,197.0,10,,0.21,,0,chuk_rwanda
2022-07-21 17:00:00,23.5,36,7.6,7.3,20.5,0.0,854.9,191.0,71,,0.18,,2,chuk_rwanda
2022-07-21 18:00:00,21.4,52,11.1,4.2,16.9,0.0,854.3,62.0,39,,0.06,,1,chuk_rwanda
2022-07-21 19:00:00,20.5,50,9.7,5.2,11.5,0.0,854.5,0.0,87,,0.05,,3,chuk_rwanda
2022-07-21 20:00:00,20.0,48,8.6,7.6,16.9,0.0,855.1,0.0,24,,0.04,,1,chuk_rwanda
2022-07-21 21:00:00,19.0,52,9.0,6.5,17.3,0.0,855.5,0.0,17,,0.03,,0,chuk_rwanda
2022-07-21 22:00:00,18.3,57,9.7,5.2,15.8,0.0,855.4,0.0,58,,0.02,,2,chuk_rwanda
2022-07-21 23:00:00,17.8,65,11.2,6.0,13.3,0.0,855.6,0.0,100,,0.01,,3,chuk_rwanda
2022-07-22 00:00:00,18.2,58,9.8,3.4,11.9,0.0,855.8,0.0,100,,0.0,,3,chuk_rwanda
2022-07-22 01:00:00,17.5,60,9.6,4.9,8.6,0.0,854.9,0.0,98,,0.01,,3,chuk_rwanda
2022-07-22 02:00:00,17.6,62,10.2,5.0,9.7,0.0,853.8,0.0,88,,0.01,,3,chuk_rwanda
2022-07-22 03:00:00,17.4,62,10.1,4.7,10.8,0.0,853.6,0.0,78,,0.01,,2,chuk_rwanda
2022-07-22 04:00:00,16.4,65,9.7,5.2,11.9,0.0,853.2,0.0,0,,0.01,,0,chuk_rwanda
2022-07-22 05:00:00,15.4,71,10.1,4.5,11.5,0.0,853.3,0.0,23,,0.0,,1,chuk_rwanda
2022-07-22 06:00:00,14.8,76,10.6,5.8,11.5,0.0,853.7,0.0,62,,0.0,,2,chuk_rwanda
2022-07-22 07:00:00,16.8,62,9.6,4.0,11.5,0.0,855.6,46.0,9,,0.03,,0,chuk_rwanda
2022-07-22 08:00:00,19.1,52,9.1,4.9,14.4,0.0,857.3,238.0,0,,0.15,,0,chuk_rwanda
2022-07-22 09:00:00,20.8,45,8.4,6.2,19.1,0.0,858.2,463.0,0,,0.31,,0,chuk_rwanda
2022-07-22 10:00:00,22.5,40,8.2,7.8,23.0,0.0,858.2,661.0,0,,0.45,,0,chuk_rwanda
2022-07-22 11:00:00,24.1,35,7.7,9.3,27.0,0.0,857.9,807.0,0,,0.57,,0,chuk_rwanda
2022-07-22 12:00:00,25.3,33,7.7,9.9,28.1,0.0,857.3,888.0,0,,0.64,,0,chuk_rwanda
2022-07-22 13:00:00,26.1,31,7.8,9.1,28.1,0.0,856.4,897.0,0,,0.65,,0,chuk_rwanda
2022-07-22 14:00:00,24.5,35,8.2,10.2,26.6,0.0,856.0,831.0,0,,0.59,,0,chuk_rwanda
2022-07-22 15:00:00,25.0,34,8.1,6.5,25.6,0.0,855.2,519.0,80,,0.4,,3,chuk_rwanda
2022-07-22 16:00:00,24.8,34,8.1,5.8,19.8,0.0,854.5,298.0,22,,0.25,,1,chuk_rwanda
2022-07-22 17:00:00,24.7,35,8.2,5.2,15.8,0.0,854.3,231.0,2,,0.19,,0,chuk_rwanda
2022-07-22 18:00:00,22.5,59,14.1,4.3,12.6,0.0,853.6,63.0,0,,0.06,,0,chuk_rwanda
2022-07-22 19:00:00,20.8,58,12.3,5.4,10.8,0.0,853.3,0.0,97,,0.05,,3,chuk_rwanda
2022-07-22 20:00:00,19.6,56,10.6,4.1,10.4,0.0,853.5,0.0,98,,0.01,,3,chuk_rwanda
2022-07-22 21:00:00,18.3,59,10.1,3.7,8.3,0.0,853.7,0.0,18,,0.01,,0,chuk_rwanda
2022-07-22 22:00:00,17.2,67,11.1,1.5,6.5,0.0,853.9,0.0,1,,0.0,,0,chuk_rwanda
2022-07-22 23:00:00,17.4,60,9.6,3.6,6.8,0.0,854.2,0.0,9,,0.0,,0,chuk_rwanda
2022-07-23 00:00:00,16.5,65,9.9,3.6,9.0,0.0,853.8,0.0,14,,0.0,,0,chuk_rwanda
2022-07-23 01:00:00,16.3,66,10.0,2.8,7.9,0.0,853.3,0.0,7,,0.0,,0,chuk_rwanda
2022-07-23 02:00:00,15.3,73,10.5,5.4,6.5,0.0,852.7,0.0,7,,0.0,,0,chuk_rwanda
2022-07-23 03:00:00,16.0,67,10.0,3.1,10.1,0.0,853.0,0.0,0,,0.0,,0,chuk_rwanda
2022-07-23 04:00:00,15.4,69,9.7,3.5,8.6,0.0,852.7,0.0,5,,0.0,,0,chuk_rwanda
2022-07-23 05:00:00,14.6,72,9.6,3.3,8.6,0.0,852.6,0.0,50,,0.0,,2,chuk_rwanda
2022-07-23 06:00:00,14.0,76,9.8,2.5,7.6,0.0,852.9,0.0,12,,0.0,,0,chuk_rwanda
2022-07-23 07:00:00,15.6,67,9.5,4.1,8.6,0.0,854.7,46.0,2,,0.03,,0,chuk_rwanda
2022-07-23 08:00:00,18.7,55,9.6,5.4,15.5,0.0,857.3,238.0,22,,0.15,,1,chuk_rwanda
2022-07-23 09:00:00,20.5,47,8.9,9.4,24.5,0.0,858.2,462.0,39,,0.31,,1,chuk_rwanda
2022-07-23 10:00:00,22.1,42,8.5,10.5,28.1,0.0,858.6,659.0,60,,0.45,,2,chuk_rwanda
2022-07-23 11:00:00,23.6,37,8.1,11.0,29.9,0.0,858.3,804.0,81,,0.56,,3,chuk_rwanda
2022-07-23 12:00:00,24.8,35,8.2,9.9,29.9,0.0,857.9,886.0,99,,0.63,,3,chuk_rwanda
2022-07-23 13:00:00,25.9,33,8.3,9.3,28.1,0.0,857.1,902.0,87,,0.65,,3,chuk_rwanda
2022-07-23 14:00:00,26.0,32,7.9,9.4,27.0,0.0,856.3,829.0,94,,0.61,,3,chuk_rwanda
2022-07-23 15:00:00,25.5,32,7.7,8.7,24.8,0.0,855.2,412.0,86,,0.35,,3,chuk_rwanda
2022-07-23 16:00:00,26.0,31,7.6,5.8,22.7,0.0,855.0,457.0,20,,0.34,,1,chuk_rwanda
2022-07-23 17:00:00,25.1,32,7.3,8.5,19.1,0.0,854.7,244.0,40,,0.22,,1,chuk_rwanda
2022-07-23 18:00:00,23.2,39,8.4,6.8,19.8,0.0,854.2,63.0,23,,0.09,,1,chuk_rwanda
2022-07-23 19:00:00,21.0,55,11.6,4.5,14.0,0.0,853.3,0.0,64,,0.05,,2,chuk_rwanda
2022-07-23 20:00:00,20.2,64,13.1,3.4,7.9,0.0,853.7,0.0,14,,0.0,,0,chuk_rwanda
2022-07-23 21:00:00,21.5,40,7.6,4.5,9.4,0.0,855.3,0.0,2,,0.03,,0,chuk_rwanda
2022-07-23 22:00:00,18.5,62,11.1,5.0,10.1,0.0,854.4,0.0,1,,0.01,,0,chuk_rwanda
2022-07-23 23:00:00,19.6,46,7.6,3.6,10.8,0.0,855.3,0.0,8,,0.01,,0,chuk_rwanda
2022-07-24 00:00:00,16.9,66,10.5,1.8,8.6,0.0,854.1,0.0,10,,0.0,,0,chuk_rwanda
2022-07-24 01:00:00,16.4,62,9.1,3.4,7.2,0.0,853.5,0.0,15,,0.0,,0,chuk_rwanda
2022-07-24 02:00:00,15.6,71,10.3,5.7,7.2,0.0,852.6,0.0,6,,0.01,,0,chuk_rwanda
2022-07-24 03:00:00,15.7,65,9.2,3.6,9.4,0.0,852.4,0.0,28,,0.0,,1,chuk_rwanda
2022-07-24 04:00:00,15.1,68,9.2,3.8,7.6,0.0,852.6,0.0,21,,0.0,,1,chuk_rwanda
2022-07-24 05:00:00,14.6,73,9.8,3.2,7.6,0.0,852.7,0.0,16,,0.0,,0,chuk_rwanda
2022-07-24 06:00:00,14.2,75,9.9,3.1,7.2,0.0,853.2,0.0,2,,0.0,,0,chuk_rwanda
2022-07-24 07:00:00,16.0,64,9.3,3.3,7.6,0.0,854.9,46.0,35,,0.03,,1,chuk_rwanda
2022-07-24 08:00:00,18.8,55,9.6,4.7,14.0,0.0,857.1,231.0,26,,0.15,,1,chuk_rwanda
2022-07-24 09:00:00,20.7,48,9.1,8.0,22.0,0.0,858.1,460.0,54,,0.31,,2,chuk_rwanda
2022-07-24 10:00:00,22.3,44,9.4,8.0,23.0,0.0,858.3,659.0,97,,0.45,,3,chuk_rwanda
2022-07-24 11:00:00,23.9,39,9.2,8.1,24.5,0.0,858.0,807.0,90,,0.56,,3,chuk_rwanda
2022-07-24 12:00:00,25.5,35,8.9,8.9,25.9,0.0,857.3,890.0,100,,0.64,,3,chuk_rwanda
2022-07-24 13:00:00,26.8,32,8.7,8.7,25.9,0.0,856.5,824.0,100,,0.62,,3,chuk_rwanda
2022-07-24 14:00:00,24.6,37,9.1,7.4,25.2,0.0,855.7,499.0,97,,0.39,,3,chuk_rwanda
2022-07-24 15:00:00,24.9,36,9.0,5.8,20.2,0.0,855.2,371.0,100,,0.3,,3,chuk_rwanda
2022-07-24 16:00:00,24.9,36,9.0,5.3,16.2,0.0,854.8,304.0,38,,0.25,,1,chuk_rwanda
2022-07-24 17:00:00,24.7,37,9.2,6.0,15.1,0.0,854.6,249.0,12,,0.2,,0,chuk_rwanda
2022-07-24 18:00:00,22.3,47,10.5,5.3,14.8,0.0,853.8,75.0,21,,0.07,,1,chuk_rwanda
2022-07-24 19:00:00,20.6,51,10.2,5.4,10.8,0.0,853.2,0.0,46,,0.05,,1,chuk_rwanda
2022-07-24 20:00:00,19.2,61,11.4,4.3,10.4,0.0,853.3,0.0,33,,0.01,,1,chuk_rwanda
2022-07-24 21:00:00,18.7,66,12.2,3.1,7.6,0.0,853.8,0.0,91,,0.0,,3,chuk_rwanda
2022-07-24 22:00:00,21.0,44,8.2,3.8,8.6,0.0,855.4,0.0,10,,0.02,,0,chuk_rwanda
2022-07-24 23:00:00,20.5,45,8.2,4.1,9.7,0.0,855.4,0.0,7,,0.02,,0,chuk_rwanda
2022-07-25 00:00:00,17.2,68,11.2,6.4,11.5,0.0,853.6,0.0,0,,0.01,,0,chuk_rwanda
2022-07-25 01:00:00,16.5,70,11.0,4.7,11.5,0.0,853.0,0.0,6,,0.0,,0,chuk_rwanda
2022-07-25 02:00:00,15.7,71,10.6,4.8,8.6,0.0,852.6,0.0,19,,0.0,,0,chuk_rwanda
2022-07-25 03:00:00,16.2,66,9.9,3.1,8.3,0.0,852.6,0.0,29,,0.0,,1,chuk_rwanda
2022-07-25 04:00:00,16.5,63,9.4,5.7,8.3,0.0,852.9,0.0,100,,0.01,,3,chuk_rwanda
2022-07-25 05:00:00,16.9,64,9.9,5.6,10.4,0.0,853.4,0.0,100,,0.01,,3,chuk_rwanda
2022-07-25 06:00:00,17.0,64,10.1,5.4,10.1,0.0,853.6,0.0,100,,0.01,,3,chuk_rwanda
2022-07-25 07:00:00,17.7,63,10.4,4.8,9.7,0.0,854.4,14.0,100,,0.04,,3,chuk_rwanda
2022-07-25 08:00:00,19.4,58,10.9,3.1,10.1,0.0,856.2,93.0,97,,0.08,,3,chuk_rwanda
2022-07-25 09:00:00,20.4,53,10.4,6.7,16.2,0.0,857.3,166.0,100,,0.15,,3,chuk_rwanda
2022-07-25 10:00:00,20.9,51,10.3,10.0,24.5,0.0,857.8,285.0,100,,0.24,,3,chuk_rwanda
2022-07-25 11:00:00,21.4,48,9.9,10.5,26.6,0.0,857.6,362.0,99,,0.29,,3,chuk_rwanda
2022-07-25 12:00:00,22.7,42,9.3,11.2,28.4,0.0,857.0,461.0,69,,0.37,,2,chuk_rwanda
2022-07-25 13:00:00,24.8,37,8.9,11.9,31.0,0.0,856.6,821.0,24,,0.6,,1,chuk_rwanda
2022-07-25 14:00:00,25.7,34,8.7,12.0,31.0,0.0,855.6,821.0,72,,0.61,,2,chuk_rwanda
2022-07-25 15:00:00,26.0,33,8.5,10.0,29.9,0.0,854.8,495.0,15,,0.41,,0,chuk_rwanda
2022-07-25 16:00:00,26.0,32,8.2,9.7,25.2,0.0,854.6,398.0,62,,0.34,,2,chuk_rwanda
2022-07-25 17:00:00,25.0,34,8.2,7.6,23.0,0.0,854.3,151.0,73,,0.17,,2,chuk_rwanda
2022-07-25 18:00:00,22.2,59,13.9,6.8,16.9,0.0,853.2,76.0,87,,0.07,,3,chuk_rwanda
2022-07-25 19:00:00,21.3,56,12.1,3.4,10.4,0.0,853.1,0.0,93,,0.04,,3,chuk_rwanda
2022-07-25 20:00:00,19.8,62,12.2,2.6,6.1,0.0,853.0,0.0,64,,0.0,,2,chuk_rwanda
2022-07-25 21:00:00,19.1,61,11.4,2.2,5.8,0.0,853.5,0.0,78,,0.0,,2,chuk_rwanda
2022-07-25 22:00:00,18.2,60,10.4,1.9,5.0,0.0,853.4,0.0,54,,0.0,,2,chuk_rwanda
2022-07-25 23:00:00,17.4,70,11.9,5.4,9.4,0.0,853.6,0.0,54,,0.01,,2,chuk_rwanda
2022-07-26 00:00:00,17.2,62,9.9,4.0,10.4,0.0,853.6,0.0,73,,0.0,,2,chuk_rwanda
2022-07-26 01:00:00,16.6,64,9.9,3.5,9.4,0.0,853.0,0.0,59,,0.0,,2,chuk_rwanda
2022-07-26 02:00:00,15.9,73,11.1,6.6,8.6,0.0,852.5,0.0,65,,0.01,,2,chuk_rwanda
2022-07-26 03:00:00,16.5,65,9.9,3.6,11.9,0.0,852.3,0.0,75,,0.0,,2,chuk_rwanda
2022-07-26 04:00:00,15.6,68,9.9,2.9,7.9,0.0,852.2,0.0,47,,0.0,,1,chuk_rwanda
2022-07-26 05:00:00,14.9,71,9.6,1.8,6.5,0.0,852.3,0.0,56,,0.0,,2,chuk_rwanda
2022-07-26 06:00:00,14.7,72,9.8,1.6,5.0,0.0,852.7,0.0,90,,0.0,,3,chuk_rwanda
2022-07-26 07:00:00,16.2,66,9.9,2.3,6.5,0.0,854.1,43.0,90,,0.02,,3,chuk_rwanda
2022-07-26 08:00:00,19.7,53,9.9,4.0,13.3,0.0,856.9,219.0,96,,0.14,,3,chuk_rwanda
2022-07-26 09:00:00,21.2,46,9.2,10.9,26.6,0.0,857.9,400.0,80,,0.29,,3,chuk_rwanda
2022-07-26 10:00:00,22.6,42,9.1,13.8,33.5,0.0,858.4,585.0,100,,0.43,,3,chuk_rwanda
2022-07-26 11:00:00,23.5,39,8.9,14.4,34.2,0.0,857.9,544.0,100,,0.43,,3,chuk_rwanda
2022-07-26 12:00:00,24.1,38,9.0,14.8,36.4,0.0,857.1,558.0,100,,0.45,,3,chuk_rwanda
2022-07-26 13:00:00,24.4,37,8.8,10.7,35.6,0.0,856.2,422.0,100,,0.37,,3,chuk_rwanda
2022-07-26 14:00:00,23.5,41,9.4,10.8,32.0,0.0,855.6,446.0,100,,0.37,,3,chuk_rwanda
2022-07-26 15:00:00,23.6,40,9.1,11.4,26.6,0.0,854.6,257.0,100,,0.26,,3,chuk_rwanda
2022-07-26 16:00:00,23.5,40,9.1,10.8,27.4,0.0,854.1,193.0,100,,0.22,,3,chuk_rwanda
2022-07-26 17:00:00,23.1,41,9.2,8.6,24.5,0.0,854.3,86.0,100,,0.14,,3,chuk_rwanda
2022-07-26 18:00:00,22.0,47,10.3,5.5,19.8,0.0,853.9,24.0,54,,0.07,,2,chuk_rwanda
2022-07-26 19:00:00,20.2,62,12.8,4.9,13.0,0.0,853.3,0.0,91,,0.04,,3,chuk_rwanda
2022-07-26 20:00:00,21.0,46,8.9,1.0,11.2,0.0,854.5,0.0,28,,0.0,,1,chuk_rwanda
2022-07-26 21:00:00,18.2,66,11.6,2.1,4.3,0.0,853.7,0.0,96,,0.0,,3,chuk_rwanda
2022-07-26 22:00:00,17.9,60,10.1,3.7,6.1,0.0,853.9,0.0,31,,0.0,,1,chuk_rwanda
2022-07-26 23:00:00,16.0,68,10.0,6.8,13.0,0.0,852.9,0.0,97,,0.01,,3,chuk_rwanda
2022-07-27 00:00:00,15.7,68,9.9,7.5,14.0,0.0,852.4,0.0,100,,0.01,,3,chuk_rwanda
2022-07-27 01:00:00,16.4,65,9.9,6.5,14.0,0.0,852.1,0.0,100,,0.01,,3,chuk_rwanda
2022-07-27 02:00:00,16.9,73,11.9,4.0,12.2,0.0,852.1,0.0,100,,0.0,,3,chuk_rwanda
2022-07-27 03:00:00,17.5,66,11.0,4.6,7.6,0.0,852.0,0.0,100,,0.01,,3,chuk_rwanda
2022-07-27 04:00:00,16.6,67,10.6,5.4,9.4,0.0,851.8,0.0,99,,0.01,,3,chuk_rwanda
2022-07-27 05:00:00,16.9,71,11.6,3.1,9.7,0.0,852.2,0.0,98,,0.0,,3,chuk_rwanda
2022-07-27 06:00:00,15.7,73,10.9,3.5,8.6,0.0,852.0,0.0,100,,0.0,,3,chuk_rwanda
2022-07-27 07:00:00,16.8,69,11.1,2.5,7.6,0.0,853.2,39.0,100,,0.02,,3,chuk_rwanda
2022-07-27 08:00:00,19.6,58,11.2,1.4,8.3,0.0,855.6,180.0,98,,0.11,,3,chuk_rwanda
2022-07-27 09:00:00,21.8,49,10.7,5.6,17.3,0.0,856.7,415.0,100,,0.28,,3,chuk_rwanda
2022-07-27 10:00:00,23.5,43,10.1,9.4,25.9,0.0,857.0,647.0,89,,0.46,,3,chuk_rwanda
2022-07-27 11:00:00,25.3,37,9.6,10.1,27.7,0.0,856.8,783.0,100,,0.57,,3,chuk_rwanda
2022-07-27 12:00:00,25.1,37,9.4,8.7,28.1,0.0,855.8,478.0,100,,0.4,,3,chuk_rwanda
2022-07-27 13:00:00,25.5,35,9.1,4.9,23.0,0.0,854.9,428.0,57,,0.35,,2,chuk_rwanda
2022-07-27 14:00:00,24.5,38,9.4,5.5,16.9,0.0,854.2,519.0,100,,0.4,,3,chuk_rwanda
2022-07-27 15:00:00,25.9,35,9.2,5.9,18.4,0.0,853.8,550.0,100,,0.42,,3,chuk_rwanda
2022-07-27 16:00:00,25.3,36,9.1,6.5,18.0,0.0,853.5,250.0,100,,0.23,,3,chuk_rwanda
2022-07-27 17:00:00,24.6,37,9.1,7.2,18.0,0.0,853.5,115.0,99,,0.15,,3,chuk_rwanda
2022-07-27 18:00:00,23.2,45,10.6,5.1,17.3,0.0,853.2,34.0,10,,0.07,,0,chuk_rwanda
2022-07-27 19:00:00,21.0,57,12.1,5.0,11.2,0.0,852.6,0.0,45,,0.05,,1,chuk_rwanda
2022-07-27 20:00:00,21.7,44,8.9,5.2,10.8,0.0,853.4,0.0,13,,0.03,,0,chuk_rwanda
2022-07-27 21:00:00,19.0,66,12.4,4.3,9.0,0.0,852.7,0.0,12,,0.0,,0,chuk_rwanda
2022-07-27 22:00:00,18.2,67,11.9,2.6,8.3,0.0,852.8,0.0,19,,0.0,,0,chuk_rwanda
2022-07-27 23:00:00,17.5,68,11.6,3.2,5.8,0.0,852.6,0.0,25,,0.0,,1,chuk_rwanda
2022-07-28 00:00:00,17.0,69,11.3,1.1,5.8,0.0,852.4,0.0,10,,0.0,,0,chuk_rwanda
2022-07-28 01:00:00,16.6,65,10.1,2.8,5.4,0.0,852.1,0.0,14,,0.0,,0,chuk_rwanda
2022-07-28 02:00:00,15.6,71,10.4,4.3,6.1,0.0,851.8,0.0,12,,0.0,,0,chuk_rwanda
2022-07-28 03:00:00,15.6,70,10.1,3.2,7.9,0.0,851.8,0.0,15,,0.0,,0,chuk_rwanda
2022-07-28 04:00:00,15.2,71,10.0,3.4,6.8,0.0,851.7,0.0,18,,0.0,,0,chuk_rwanda
2022-07-28 05:00:00,14.9,71,9.6,3.9,6.5,0.0,851.9,0.0,38,,0.0,,1,chuk_rwanda
2022-07-28 06:00:00,14.4,73,9.6,4.9,7.9,0.0,852.1,0.0,28,,0.0,,1,chuk_rwanda
2022-07-28 07:00:00,15.6,69,10.0,6.9,11.9,0.0,853.3,43.0,59,,0.04,,2,chuk_rwanda
2022-07-28 08:00:00,19.5,55,10.2,4.9,13.7,0.0,855.9,222.0,29,,0.15,,1,chuk_rwanda
2022-07-28 09:00:00,21.8,47,9.9,5.6,17.6,0.0,857.0,463.0,89,,0.31,,3,chuk_rwanda
2022-07-28 10:00:00,23.3,43,9.9,8.0,23.4,0.0,857.5,657.0,40,,0.46,,1,chuk_rwanda
2022-07-28 11:00:00,24.9,39,9.9,8.4,25.2,0.0,857.3,804.0,91,,0.57,,3,chuk_rwanda
2022-07-28 12:00:00,26.1,36,9.9,7.2,25.2,0.0,856.6,891.0,90,,0.64,,3,chuk_rwanda
2022-07-28 13:00:00,27.2,34,9.9,5.4,23.0,0.0,855.7,901.0,1,,0.66,,0,chuk_rwanda
2022-07-28 14:00:00,26.3,37,10.2,5.2,20.9,0.0,854.7,838.0,3,,0.6,,0,chuk_rwanda
2022-07-28 15:00:00,27.0,35,10.2,8.0,22.3,0.0,854.0,552.0,43,,0.44,,1,chuk_rwanda
2022-07-28 16:00:00,26.4,36,10.2,6.8,22.3,0.0,853.3,299.0,74,,0.27,,2,chuk_rwanda
2022-07-28 17:00:00,25.6,37,9.9,9.0,20.5,0.0,853.2,166.0,41,,0.19,,1,chuk_rwanda
2022-07-28 18:00:00,23.9,42,10.1,7.6,20.5,0.0,853.1,56.0,37,,0.1,,1,chuk_rwanda
2022-07-28 19:00:00,22.2,58,13.7,5.6,15.8,0.0,853.1,0.0,57,,0.05,,2,chuk_rwanda
2022-07-28 20:00:00,22.4,62,14.8,5.8,11.5,0.0,854.0,0.0,67,,0.02,,2,chuk_rwanda
2022-07-28 21:00:00,21.5,60,13.4,4.7,11.9,0.0,854.7,0.0,95,,0.01,,3,chuk_rwanda
2022-07-28 22:00:00,22.2,44,9.6,1.6,10.4,0.0,855.6,0.0,100,,0.0,,3,chuk_rwanda
2022-07-28 23:00:00,20.6,68,14.5,1.1,5.0,0.0,855.2,0.0,100,,0.0,,3,chuk_rwanda
2022-07-29 00:00:00,20.4,63,13.1,2.4,4.3,0.0,854.8,0.0,100,,0.0,,3,chuk_rwanda
2022-07-29 01:00:00,20.1,70,14.6,0.5,4.3,0.0,854.2,0.0,100,,0.0,,3,chuk_rwanda
2022-07-29 02:00:00,17.5,72,12.4,2.3,5.4,0.0,853.2,0.0,95,,0.0,,3,chuk_rwanda
2022-07-29 03:00:00,18.0,68,11.9,0.7,4.7,0.0,853.2,0.0,100,,0.0,,3,chuk_rwanda
2022-07-29 04:00:00,17.8,68,11.8,1.1,3.2,0.0,853.3,0.0,95,,0.0,,3,chuk_rwanda
2022-07-29 05:00:00,17.4,73,12.4,1.5,3.2,0.0,853.6,0.0,69,,0.0,,2,chuk_rwanda
2022-07-29 06:00:00,16.9,76,12.5,2.9,4.3,0.0,853.8,0.0,8,,0.0,,0,chuk_rwanda
2022-07-29 07:00:00,17.9,63,10.8,3.8,5.0,0.0,854.7,45.0,20,,0.03,,1,chuk_rwanda
2022-07-29 08:00:00,20.6,54,10.9,2.3,9.7,0.0,856.6,219.0,2,,0.14,,0,chuk_rwanda
2022-07-29 09:00:00,22.6,47,10.6,3.7,14.0,0.0,857.6,462.0,25,,0.31,,1,chuk_rwanda
2022-07-29 10:00:00,24.5,40,10.1,8.1,22.7,0.0,858.1,649.0,55,,0.46,,2,chuk_rwanda
2022-07-29 11:00:00,26.0,36,9.8,8.5,26.3,0.0,857.8,773.0,95,,0.57,,3,chuk_rwanda
2022-07-29 12:00:00,26.4,35,9.6,8.7,25.2,0.1,857.0,655.0,100,,0.51,,51,chuk_rwanda
2022-07-29 13:00:00,26.6,35,9.9,10.5,27.7,0.0,856.1,683.0,61,,0.54,,2,chuk_rwanda
2022-07-29 14:00:00,24.9,39,10.0,9.4,28.8,0.0,855.6,723.0,51,,0.53,,2,chuk_rwanda
2022-07-29 15:00:00,25.0,38,9.7,8.4,23.0,0.0,854.8,301.0,100,,0.28,,3,chuk_rwanda
2022-07-29 16:00:00,24.8,38,9.6,7.9,21.2,0.0,854.3,177.0,100,,0.2,,3,chuk_rwanda
2022-07-29 17:00:00,23.8,43,10.4,5.1,18.4,0.0,854.2,59.0,100,,0.1,,3,chuk_rwanda
2022-07-29 18:00:00,22.8,46,10.4,6.3,14.4,0.0,854.3,41.0,100,,0.08,,3,chuk_rwanda
2022-07-29 19:00:00,21.8,52,11.6,4.2,13.7,0.0,854.3,0.0,100,,0.05,,3,chuk_rwanda
2022-07-29 20:00:00,21.2,55,11.8,3.4,8.6,0.0,854.9,0.0,100,,0.01,,3,chuk_rwanda
2022-07-29 21:00:00,20.5,59,12.2,2.4,6.5,0.0,855.1,0.0,100,,0.0,,3,chuk_rwanda
2022-07-29 22:00:00,19.9,61,12.2,2.2,4.7,0.0,855.5,0.0,67,,0.0,,2,chuk_rwanda
2022-07-29 23:00:00,19.7,60,11.7,4.3,8.3,0.0,855.4,0.0,78,,0.01,,2,chuk_rwanda
2022-07-30 00:00:00,18.9,64,11.9,4.3,9.4,0.0,855.2,0.0,100,,0.01,,3,chuk_rwanda
2022-07-30 01:00:00,19.5,65,12.8,1.9,9.4,0.0,855.2,0.0,79,,0.0,,2,chuk_rwanda
2022-07-30 02:00:00,19.0,63,11.6,6.2,5.0,0.0,855.2,0.0,59,,0.02,,2,chuk_rwanda
2022-07-30 03:00:00,17.4,73,12.6,6.5,11.5,0.0,854.1,0.0,39,,0.01,,1,chuk_rwanda
2022-07-30 04:00:00,16.6,80,13.2,5.0,11.5,0.0,853.8,0.0,97,,0.0,,3,chuk_rwanda
2022-07-30 05:00:00,16.6,82,13.6,5.4,10.1,0.0,853.9,0.0,41,,0.0,,1,chuk_rwanda
2022-07-30 06:00:00,16.0,85,13.5,5.6,9.4,0.0,853.9,0.0,52,,0.0,,2,chuk_rwanda
2022-07-30 07:00:00,16.8,81,13.6,7.8,14.8,0.0,854.7,45.0,94,,0.03,,3,chuk_rwanda
2022-07-30 08:00:00,20.5,62,12.9,4.8,15.5,0.0,857.2,230.0,48,,0.15,,1,chuk_rwanda
2022-07-30 09:00:00,22.8,49,11.4,2.5,14.0,0.0,858.1,463.0,59,,0.3,,2,chuk_rwanda
2022-07-30 10:00:00,24.5,43,10.9,8.2,22.3,0.0,858.5,632.0,63,,0.45,,2,chuk_rwanda
2022-07-30 11:00:00,24.6,43,11.3,9.4,25.2,0.3,857.8,613.0,72,,0.46,,51,chuk_rwanda
2022-07-30 12:00:00,25.0,43,11.6,7.1,25.6,0.2,857.2,658.0,99,,0.49,,51,chuk_rwanda
2022-07-30 13:00:00,25.0,45,12.1,5.6,22.0,0.2,856.2,537.0,92,,0.41,,51,chuk_rwanda
2022-07-30 14:00:00,23.2,50,12.3,6.0,19.1,0.0,855.5,562.0,94,,0.41,,3,chuk_rwanda
2022-07-30 15:00:00,22.9,52,12.4,12.1,29.5,0.2,855.1,591.0,99,,0.42,,51,chuk_rwanda
2022-07-30 16:00:00,21.2,67,14.9,7.1,30.6,2.1,855.0,350.0,99,,0.24,,61,chuk_rwanda
2022-07-30 17:00:00,20.1,72,15.0,8.4,19.4,0.0,854.6,95.0,97,,0.09,,3,chuk_rwanda
2022-07-30 18:00:00,19.6,73,14.8,3.8,18.4,0.0,854.5,54.0,99,,0.04,,3,chuk_rwanda
2022-07-30 19:00:00,18.3,81,15.1,4.7,9.7,0.0,854.5,0.0,100,,0.02,,3,chuk_rwanda
2022-07-30 20:00:00,18.5,85,15.9,6.2,12.6,0.9,855.5,0.0,100,,0.0,,53,chuk_rwanda
2022-07-30 21:00:00,18.0,88,16.1,6.7,13.3,0.1,855.8,0.0,75,,0.0,,51,chuk_rwanda
2022-07-30 22:00:00,17.9,88,15.9,6.6,14.4,0.0,855.9,0.0,86,,0.0,,3,chuk_rwanda
2022-07-30 23:00:00,16.9,93,15.6,5.1,13.3,0.0,855.4,0.0,82,,0.0,,3,chuk_rwanda
2022-07-31 00:00:00,16.4,94,15.4,5.6,11.9,0.0,854.9,0.0,17,,0.0,,0,chuk_rwanda
2022-07-31 01:00:00,15.8,94,14.9,5.5,12.2,0.0,854.2,0.0,22,,0.0,,1,chuk_rwanda
2022-07-31 02:00:00,15.9,86,13.6,6.6,11.9,0.0,853.4,0.0,31,,0.0,,1,chuk_rwanda
2022-07-31 03:00:00,15.8,86,13.4,6.2,13.7,0.0,853.1,0.0,46,,0.0,,1,chuk_rwanda
2022-07-31 04:00:00,15.4,87,13.2,5.4,12.2,0.0,853.0,0.0,64,,0.0,,2,chuk_rwanda
2022-07-31 05:00:00,14.7,90,13.1,5.0,10.8,0.0,853.0,0.0,54,,0.0,,2,chuk_rwanda
2022-07-31 06:00:00,14.4,90,12.8,5.6,10.8,0.0,852.9,0.0,100,,0.0,,3,chuk_rwanda
2022-07-31 07:00:00,16.4,81,13.1,6.1,12.6,0.0,854.3,39.0,100,,0.03,,3,chuk_rwanda
2022-07-31 08:00:00,18.9,73,13.9,3.4,12.6,0.0,856.2,145.0,100,,0.1,,3,chuk_rwanda
2022-07-31 09:00:00,22.0,56,12.8,3.1,12.6,0.0,857.7,392.0,100,,0.26,,3,chuk_rwanda
2022-07-31 10:00:00,24.0,47,11.9,7.4,22.0,0.0,858.2,649.0,49,,0.45,,1,chuk_rwanda
2022-07-31 11:00:00,24.9,44,11.9,8.2,23.8,0.0,857.9,673.0,81,,0.49,,3,chuk_rwanda
2022-07-31 12:00:00,25.6,43,12.2,6.0,23.4,0.0,857.0,684.0,86,,0.51,,3,chuk_rwanda
2022-07-31 13:00:00,26.5,41,12.1,3.6,19.4,0.0,856.0,681.0,100,,0.51,,3,chuk_rwanda
2022-07-31 14:00:00,26.3,39,11.1,4.0,15.8,0.0,855.5,598.0,100,,0.45,,3,chuk_rwanda
2022-07-31 15:00:00,26.2,39,11.1,6.1,20.2,0.0,855.0,595.0,49,,0.45,,1,chuk_rwanda
2022-07-31 16:00:00,25.1,41,11.0,13.4,28.1,0.0,854.7,337.0,87,,0.31,,3,chuk_rwanda
2022-07-31 17:00:00,22.8,54,12.9,11.4,38.9,0.0,854.7,238.0,87,,0.2,,3,chuk_rwanda
2022-07-31 18:00:00,21.9,59,13.6,5.2,23.8,0.0,854.3,57.0,61,,0.06,,2,chuk_rwanda
2022-07-31 19:00:00,20.5,65,13.6,6.9,13.3,0.0,854.7,0.0,45,,0.05,,1,chuk_rwanda
2022-07-31 20:00:00,19.7,69,13.9,5.2,15.8,0.0,855.0,0.0,39,,0.01,,1,chuk_rwanda
2022-07-31 21:00:00,19.0,72,13.8,4.6,10.1,0.0,856.0,0.0,51,,0.0,,2,chuk_rwanda
2022-07-31 22:00:00,18.1,80,14.6,4.1,14.8,0.0,856.3,0.0,53,,0.0,,2,chuk_rwanda
2022-07-31 23:00:00,17.5,83,14.6,1.5,7.9,0.0,856.0,0.0,67,,0.0,,2,chuk_rwanda
2022-08-01 00:00:00,16.9,85,14.3,5.0,8.6,0.0,855.7,0.0,74,,0.0,,2,chuk_rwanda
2022-08-01 01:00:00,16.5,87,14.2,5.1,8.6,0.0,854.8,0.0,52,,0.0,,2,chuk_rwanda
2022-08-01 02:00:00,15.9,94,15.0,5.7,11.5,0.7,854.9,0.0,80,,0.0,,53,chuk_rwanda
2022-08-01 03:00:00,14.9,95,14.1,5.5,11.9,0.1,854.4,0.0,60,,0.0,,51,chuk_rwanda
2022-08-01 04:00:00,15.6,95,14.8,1.9,8.3,0.0,854.8,0.0,55,,0.0,,2,chuk_rwanda
2022-08-01 05:00:00,14.3,95,13.6,4.7,8.6,0.0,854.2,0.0,28,,0.0,,1,chuk_rwanda
2022-08-01 06:00:00,13.9,96,13.2,4.4,9.0,0.0,854.2,0.0,11,,0.0,,0,chuk_rwanda
2022-08-01 07:00:00,15.4,91,13.9,6.8,13.7,0.0,855.3,45.0,26,,0.02,,1,chuk_rwanda
2022-08-01 08:00:00,18.1,82,14.9,4.3,15.5,0.0,857.2,217.0,29,,0.13,,1,chuk_rwanda
2022-08-01 09:00:00,20.8,64,13.6,4.7,15.1,0.0,858.3,354.0,20,,0.24,,1,chuk_rwanda
2022-08-01 10:00:00,23.0,54,13.2,3.3,20.5,0.0,858.6,622.0,7,,0.42,,0,chuk_rwanda
2022-08-01 11:00:00,24.9,48,13.2,4.7,20.2,0.0,858.4,791.0,9,,0.56,,0,chuk_rwanda
2022-08-01 12:00:00,26.4,43,12.7,8.6,24.8,0.0,857.6,873.0,100,,0.64,,3,chuk_rwanda
2022-08-01 13:00:00,26.8,40,12.1,11.9,29.9,0.0,856.6,772.0,63,,0.59,,2,chuk_rwanda
2022-08-01 14:00:00,23.8,53,13.6,11.8,32.8,0.1,855.8,666.0,52,,0.47,,51,chuk_rwanda
2022-08-01 15:00:00,21.2,69,15.3,7.1,27.7,1.7,855.3,360.0,78,,0.26,,61,chuk_rwanda
2022-08-01 16:00:00,21.2,69,15.2,2.5,18.7,0.5,855.2,334.0,80,,0.23,,53,chuk_rwanda
2022-08-01 17:00:00,20.5,71,15.1,2.7,15.5,0.3,854.7,176.0,51,,0.12,,51,chuk_rwanda
2022-08-01 18:00:00,19.1,81,15.8,3.8,10.8,0.0,854.6,68.0,68,,0.04,,2,chuk_rwanda
2022-08-01 19:00:00,18.0,88,15.9,5.2,9.7,0.0,854.8,0.0,88,,0.02,,3,chuk_rwanda
2022-08-01 20:00:00,16.8,91,15.3,7.7,19.8,1.9,856.2,0.0,100,,0.0,,61,chuk_rwanda
2022-08-01 21:00:00,16.4,94,15.5,6.3,15.8,2.3,856.9,0.0,100,,0.0,,61,chuk_rwanda
2022-08-01 22:00:00,16.6,94,15.6,3.1,14.8,0.3,857.1,0.0,100,,0.0,,51,chuk_rwanda
2022-08-01 23:00:00,15.9,96,15.3,2.2,8.6,1.2,857.2,0.0,100,,0.0,,55,chuk_rwanda
2022-08-02 00:00:00,16.0,95,15.2,4.5,10.8,0.5,856.7,0.0,100,,0.0,,53,chuk_rwanda
2022-08-02 01:00:00,15.9,95,15.1,4.7,10.1,0.1,855.6,0.0,100,,0.0,,51,chuk_rwanda
2022-08-02 02:00:00,15.9,96,15.2,3.6,11.2,0.0,855.2,0.0,100,,0.0,,3,chuk_rwanda
2022-08-02 03:00:00,15.6,96,15.0,2.7,7.9,0.0,855.2,0.0,100,,0.0,,3,chuk_rwanda
2022-08-02 04:00:00,15.9,93,14.9,4.7,10.8,0.0,855.3,0.0,100,,0.0,,3,chuk_rwanda
2022-08-02 05:00:00,15.7,93,14.6,5.7,11.2,0.0,854.8,0.0,100,,0.0,,3,chuk_rwanda
2022-08-02 06:00:00,15.7,93,14.5,4.9,11.2,0.0,855.1,0.0,100,,0.0,,3,chuk_rwanda
2022-08-02 07:00:00,16.4,90,14.8,6.9,13.0,0.0,855.4,24.0,100,,0.02,,3,chuk_rwanda
2022-08-02 08:00:00,18.5,83,15.6,3.6,12.6,0.0,857.0,227.0,100,,0.13,,3,chuk_rwanda
2022-08-02 09:00:00,20.7,68,14.6,1.5,12.2,0.0,858.0,383.0,100,,0.25,,3,chuk_rwanda
2022-08-02 10:00:00,22.2,58,13.6,6.9,19.4,0.0,858.3,589.0,100,,0.4,,3,chuk_rwanda
2022-08-02 11:00:00,23.1,53,13.0,11.3,28.8,0.1,857.9,678.0,100,,0.47,,51,chuk_rwanda
2022-08-02 12:00:00,23.8,50,12.8,12.3,31.3,0.1,857.4,738.0,100,,0.52,,51,chuk_rwanda
2022-08-02 13:00:00,24.0,49,12.6,12.5,31.7,0.2,856.8,674.0,100,,0.49,,51,chuk_rwanda
2022-08-02 14:00:00,20.6,64,13.5,9.5,31.3,0.4,856.6,596.0,100,,0.39,,51,chuk_rwanda
2022-08-02 15:00:00,21.1,61,13.3,9.5,24.5,0.0,855.7,404.0,100,,0.29,,3,chuk_rwanda
2022-08-02 16:00:00,20.6,62,13.1,8.0,23.4,0.0,855.0,168.0,100,,0.15,,3,chuk_rwanda
2022-08-02 17:00:00,20.5,63,13.1,8.2,20.2,0.0,855.0,158.0,100,,0.14,,3,chuk_rwanda
2022-08-02 18:00:00,19.6,67,13.4,6.9,19.1,0.0,855.2,40.0,100,,0.06,,3,chuk_rwanda
2022-08-02 19:00:00,18.8,72,13.6,6.9,15.8,0.0,855.3,0.0,91,,0.04,,3,chuk_rwanda
2022-08-02 20:00:00,17.1,81,13.9,8.5,17.6,0.0,855.4,0.0,100,,0.0,,3,chuk_rwanda
2022-08-02 21:00:00,16.6,85,14.1,6.0,17.3,0.0,855.7,0.0,89,,0.0,,3,chuk_rwanda
2022-08-02 22:00:00,15.6,91,14.2,6.4,11.9,0.0,855.5,0.0,8,,0.0,,0,chuk_rwanda
2022-08-02 23:00:00,14.8,94,13.9,6.6,12.2,0.0,855.4,0.0,17,,0.0,,0,chuk_rwanda
2022-08-03 00:00:00,14.1,96,13.6,6.7,12.2,0.0,854.9,0.0,37,,0.0,,1,chuk_rwanda
2022-08-03 01:00:00,13.8,97,13.2,7.9,14.0,0.0,854.0,0.0,100,,0.0,,3,chuk_rwanda
2022-08-03 02:00:00,13.4,95,12.6,6.4,15.5,0.0,852.9,0.0,99,,0.0,,3,chuk_rwanda
2022-08-03 03:00:00,13.6,94,12.6,7.6,12.2,0.0,852.5,0.0,14,,0.0,,0,chuk_rwanda
2022-08-03 04:00:00,13.5,93,12.4,7.5,13.0,0.0,852.4,0.0,11,,0.0,,0,chuk_rwanda
2022-08-03 05:00:00,13.4,92,12.1,6.9,13.3,0.0,852.5,0.0,2,,0.0,,0,chuk_rwanda
2022-08-03 06:00:00,13.1,92,11.9,6.6,11.9,0.0,852.6,0.0,2,,0.0,,0,chuk_rwanda
2022-08-03 07:00:00,14.3,87,12.2,7.2,13.7,0.0,853.6,48.0,4,,0.02,,0,chuk_rwanda
2022-08-03 08:00:00,18.4,73,13.4,2.9,13.3,0.0,856.4,240.0,7,,0.14,,0,chuk_rwanda
2022-08-03 09:00:00,20.8,61,12.9,4.0,14.4,0.0,857.3,463.0,4,,0.3,,0,chuk_rwanda
2022-08-03 10:00:00,22.5,53,12.3,5.8,18.4,0.0,857.7,663.0,0,,0.44,,0,chuk_rwanda
2022-08-03 11:00:00,24.0,46,11.8,8.2,23.0,0.0,857.5,812.0,60,,0.56,,2,chuk_rwanda
2022-08-03 12:00:00,24.2,45,11.4,7.2,23.4,0.0,856.7,574.0,100,,0.43,,3,chuk_rwanda
2022-08-03 13:00:00,24.1,45,11.4,9.0,22.3,0.0,856.1,387.0,62,,0.33,,2,chuk_rwanda
2022-08-03 14:00:00,23.9,45,11.3,8.0,23.4,0.0,855.6,488.0,55,,0.38,,2,chuk_rwanda
2022-08-03 15:00:00,24.7,43,11.4,8.7,22.3,0.0,855.1,503.0,100,,0.39,,3,chuk_rwanda
2022-08-03 16:00:00,24.3,45,11.6,8.9,22.0,0.0,854.6,324.0,100,,0.27,,3,chuk_rwanda
2022-08-03 17:00:00,23.5,49,12.1,7.3,21.2,0.0,854.3,154.0,100,,0.15,,3,chuk_rwanda
2022-08-03 18:00:00,22.0,61,14.1,3.7,16.9,0.0,854.2,27.0,92,,0.05,,3,chuk_rwanda
2022-08-03 19:00:00,22.0,65,15.0,1.3,8.3,0.0,854.3,0.0,100,,0.02,,3,chuk_rwanda
2022-08-03 20:00:00,21.1,69,15.2,2.4,3.2,0.0,854.6,0.0,100,,0.0,,3,chuk_rwanda
2022-08-03 21:00:00,20.2,62,12.7,10.1,19.1,0.1,856.0,0.0,100,,0.04,,51,chuk_rwanda
2022-08-03 22:00:00,18.9,71,13.5,4.2,22.3,0.1,856.5,0.0,100,,0.0,,51,chuk_rwanda
2022-08-03 23:00:00,18.4,76,14.0,5.4,11.9,0.0,856.0,0.0,100,,0.0,,3,chuk_rwanda
2022-08-04 00:00:00,18.1,79,14.4,4.4,9.4,0.0,855.8,0.0,100,,0.0,,3,chuk_rwanda
2022-08-04 01:00:00,17.9,82,14.6,4.7,10.1,0.0,855.3,0.0,100,,0.0,,3,chuk_rwanda
2022-08-04 02:00:00,18.1,76,13.9,5.9,9.0,0.0,854.6,0.0,100,,0.0,,3,chuk_rwanda
2022-08-04 03:00:00,18.0,78,14.1,5.9,11.9,0.0,854.2,0.0,100,,0.0,,3,chuk_rwanda
2022-08-04 04:00:00,17.8,79,14.1,4.8,11.9,0.0,854.1,0.0,100,,0.0,,3,chuk_rwanda
2022-08-04 05:00:00,17.6,79,13.9,5.6,10.1,0.0,854.3,0.0,100,,0.0,,3,chuk_rwanda
2022-08-04 06:00:00,17.5,77,13.6,6.6,13.0,0.0,854.4,0.0,100,,0.0,,3,chuk_rwanda
2022-08-04 07:00:00,17.8,75,13.4,5.4,13.0,0.0,854.8,12.0,100,,0.04,,3,chuk_rwanda
2022-08-04 08:00:00,19.0,71,13.8,2.6,11.5,0.0,855.9,77.0,100,,0.07,,3,chuk_rwanda
2022-08-04 09:00:00,20.0,64,12.9,4.0,11.2,0.0,857.2,132.0,79,,0.12,,2,chuk_rwanda
2022-08-04 10:00:00,22.0,47,10.1,10.5,25.9,0.0,857.8,468.0,83,,0.35,,3,chuk_rwanda
2022-08-04 11:00:00,22.6,42,9.1,10.5,28.4,0.0,857.4,510.0,17,,0.39,,0,chuk_rwanda
2022-08-04 12:00:00,24.7,39,9.6,13.0,31.7,0.0,857.2,788.0,100,,0.58,,3,chuk_rwanda
2022-08-04 13:00:00,23.5,41,9.4,12.3,32.8,0.0,856.2,387.0,98,,0.34,,3,chuk_rwanda
2022-08-04 14:00:00,23.6,42,10.1,12.1,28.4,0.0,856.4,445.0,59,,0.37,,2,chuk_rwanda
2022-08-04 15:00:00,23.7,41,9.6,8.6,29.2,0.0,855.5,499.0,40,,0.38,,1,chuk_rwanda
2022-08-04 16:00:00,24.4,40,9.7,5.7,22.0,0.0,854.9,457.0,45,,0.33,,1,chuk_rwanda
2022-08-04 17:00:00,23.4,44,10.6,4.3,16.2,0.0,854.6,258.0,44,,0.19,,1,chuk_rwanda
2022-08-04 18:00:00,20.8,65,14.1,3.9,12.6,0.0,853.8,76.0,14,,0.05,,0,chuk_rwanda
2022-08-04 19:00:00,19.6,64,12.6,3.4,6.5,0.0,853.7,0.0,25,,0.03,,1,chuk_rwanda
2022-08-04 20:00:00,19.0,59,10.6,5.2,9.7,0.0,853.9,0.0,33,,0.01,,1,chuk_rwanda
2022-08-04 21:00:00,17.4,65,10.8,6.0,12.2,0.0,853.8,0.0,28,,0.01,,1,chuk_rwanda
2022-08-04 22:00:00,16.4,73,11.5,2.6,10.4,0.0,854.0,0.0,26,,0.0,,1,chuk_rwanda
2022-08-04 23:00:00,16.1,71,10.9,3.3,6.8,0.0,854.2,0.0,18,,0.0,,0,chuk_rwanda
2022-08-05 00:00:00,15.4,74,10.7,4.6,8.6,0.0,853.8,0.0,0,,0.0,,0,chuk_rwanda
2022-08-05 01:00:00,14.9,75,10.4,5.5,9.0,0.0,853.2,0.0,0,,0.0,,0,chuk_rwanda
2022-08-05 02:00:00,14.4,78,10.6,6.4,12.6,0.0,852.5,0.0,1,,0.0,,0,chuk_rwanda
2022-08-05 03:00:00,14.3,77,10.3,7.1,12.6,0.0,852.1,0.0,6,,0.0,,0,chuk_rwanda
2022-08-05 04:00:00,13.8,78,10.1,7.8,13.7,0.0,851.9,0.0,4,,0.0,,0,chuk_rwanda
2022-08-05 05:00:00,13.6,78,9.9,7.4,14.0,0.0,852.0,0.0,0,,0.0,,0,chuk_rwanda
2022-08-05 06:00:00,13.2,79,9.6,7.2,13.0,0.0,852.2,0.0,0,,0.0,,0,chuk_rwanda
2022-08-05 07:00:00,14.7,74,10.1,7.8,14.0,0.0,853.4,49.0,6,,0.04,,0,chuk_rwanda
2022-08-05 08:00:00,19.4,60,11.5,3.1,14.0,0.0,856.4,248.0,3,,0.15,,0,chuk_rwanda
2022-08-05 09:00:00,22.0,48,10.4,5.2,15.8,0.0,857.7,478.0,2,,0.32,,0,chuk_rwanda
2022-08-05 10:00:00,23.5,40,9.2,8.7,23.4,0.0,857.8,678.0,0,,0.47,,0,chuk_rwanda
2022-08-05 11:00:00,24.5,39,9.5,9.8,27.0,0.0,857.5,833.0,2,,0.59,,0,chuk_rwanda
2022-08-05 12:00:00,26.6,35,9.7,7.6,26.6,0.0,857.1,917.0,100,,0.67,,3,chuk_rwanda
2022-08-05 13:00:00,26.2,35,9.4,6.0,22.7,0.0,855.9,612.0,100,,0.47,,3,chuk_rwanda
2022-08-05 14:00:00,24.0,42,10.4,9.3,18.7,0.0,855.8,407.0,100,,0.34,,3,chuk_rwanda
2022-08-05 15:00:00,24.8,41,10.6,6.8,23.8,0.0,855.5,457.0,100,,0.36,,3,chuk_rwanda
2022-08-05 16:00:00,24.5,42,10.7,4.8,18.4,0.0,854.9,240.0,100,,0.21,,3,chuk_rwanda
2022-08-05 17:00:00,24.1,45,11.5,4.0,13.0,0.0,854.5,123.0,64,,0.12,,2,chuk_rwanda
2022-08-05 18:00:00,22.3,52,12.0,5.5,10.8,0.0,853.9,62.0,22,,0.07,,1,chuk_rwanda
2022-08-05 19:00:00,20.4,55,10.9,6.9,16.6,0.0,853.9,0.0,26,,0.06,,1,chuk_rwanda
2022-08-05 20:00:00,19.6,64,12.6,4.3,15.5,0.0,854.2,0.0,94,,0.01,,3,chuk_rwanda
2022-08-05 21:00:00,19.8,64,12.8,3.4,11.2,0.0,855.3,0.0,100,,0.0,,3,chuk_rwanda
2022-08-05 22:00:00,19.0,62,11.6,5.9,14.0,0.0,855.9,0.0,99,,0.02,,3,chuk_rwanda
2022-08-05 23:00:00,18.8,64,11.9,4.2,14.0,0.0,855.9,0.0,100,,0.0,,3,chuk_rwanda
2022-08-06 00:00:00,18.2,66,11.7,4.4,10.8,0.0,855.7,0.0,96,,0.0,,3,chuk_rwanda
2022-08-06 01:00:00,17.5,71,12.1,2.9,10.4,0.0,854.9,0.0,3,,0.0,,0,chuk_rwanda
2022-08-06 02:00:00,15.3,76,11.0,5.8,9.0,0.0,852.8,0.0,1,,0.0,,0,chuk_rwanda
2022-08-06 03:00:00,15.4,71,10.2,6.1,11.2,0.0,852.5,0.0,75,,0.01,,2,chuk_rwanda
2022-08-06 04:00:00,14.6,75,10.1,6.1,11.9,0.0,852.2,0.0,85,,0.0,,3,chuk_rwanda
2022-08-06 05:00:00,14.1,76,10.0,6.0,10.4,0.0,852.2,0.0,81,,0.0,,3,chuk_rwanda
2022-08-06 06:00:00,13.8,78,9.9,6.4,11.2,0.0,852.6,0.0,92,,0.0,,3,chuk_rwanda
2022-08-06 07:00:00,15.1,74,10.6,7.1,13.0,0.0,853.8,50.0,93,,0.04,,3,chuk_rwanda
2022-08-06 08:00:00,19.7,60,11.6,4.0,13.0,0.0,856.9,250.0,93,,0.15,,3,chuk_rwanda
2022-08-06 09:00:00,21.9,49,10.7,6.4,18.7,0.0,857.9,473.0,85,,0.32,,3,chuk_rwanda
2022-08-06 10:00:00,23.0,45,10.6,12.7,31.0,0.0,857.9,682.0,87,,0.47,,3,chuk_rwanda
2022-08-06 11:00:00,24.2,43,10.8,11.4,34.6,0.0,858.1,825.0,100,,0.58,,3,chuk_rwanda
2022-08-06 12:00:00,24.0,43,10.5,10.3,30.2,0.0,857.2,415.0,100,,0.35,,3,chuk_rwanda
2022-08-06 13:00:00,25.4,40,10.6,9.1,27.7,0.0,856.5,728.0,100,,0.54,,3,chuk_rwanda
2022-08-06 14:00:00,24.0,44,10.9,5.2,24.1,0.0,855.8,534.0,97,,0.4,,3,chuk_rwanda
2022-08-06 15:00:00,25.0,41,10.8,6.4,18.0,0.0,855.1,532.0,100,,0.4,,3,chuk_rwanda
2022-08-06 16:00:00,24.3,42,10.5,9.9,23.0,0.0,854.5,269.0,100,,0.25,,3,chuk_rwanda
2022-08-06 17:00:00,23.8,43,10.4,9.2,25.6,0.0,854.3,219.0,80,,0.2,,3,chuk_rwanda
2022-08-06 18:00:00,21.5,58,12.9,4.5,21.6,0.0,853.3,77.0,95,,0.06,,3,chuk_rwanda
2022-08-06 19:00:00,21.8,45,9.4,2.9,10.1,0.0,854.0,0.0,100,,0.04,,3,chuk_rwanda
2022-08-06 20:00:00,18.9,69,13.0,2.8,6.1,0.0,853.3,0.0,100,,0.0,,3,chuk_rwanda
2022-08-06 21:00:00,18.7,59,10.5,4.8,7.6,0.0,854.2,0.0,17,,0.01,,0,chuk_rwanda
2022-08-06 22:00:00,17.8,64,10.9,3.6,8.6,0.0,854.0,0.0,8,,0.0,,0,chuk_rwanda
2022-08-06 23:00:00,16.9,69,11.1,3.6,7.2,0.0,853.5,0.0,5,,0.0,,0,chuk_rwanda
2022-08-07 00:00:00,16.4,68,10.4,4.6,8.6,0.0,853.2,0.0,5,,0.0,,0,chuk_rwanda
2022-08-07 01:00:00,15.1,74,10.4,5.1,9.7,0.0,852.1,0.0,0,,0.0,,0,chuk_rwanda
2022-08-07 02:00:00,14.6,75,10.2,5.1,10.1,0.0,851.2,0.0,8,,0.0,,0,chuk_rwanda
2022-08-07 03:00:00,14.9,72,10.0,6.2,11.2,0.0,851.0,0.0,83,,0.01,,3,chuk_rwanda
2022-08-07 04:00:00,14.4,74,9.9,6.7,12.6,0.0,851.0,0.0,92,,0.01,,3,chuk_rwanda
2022-08-07 05:00:00,13.9,76,9.8,6.9,12.6,0.0,851.1,0.0,92,,0.0,,3,chuk_rwanda
2022-08-07 06:00:00,13.1,80,9.6,6.4,12.6,0.0,851.1,0.0,96,,0.0,,3,chuk_rwanda
2022-08-07 07:00:00,14.2,77,10.2,6.4,12.2,0.0,852.4,51.0,96,,0.03,,3,chuk_rwanda
2022-08-07 08:00:00,19.0,61,11.4,1.1,11.9,0.0,855.5,253.0,96,,0.14,,3,chuk_rwanda
2022-08-07 09:00:00,22.2,48,10.6,3.6,13.3,0.0,856.8,486.0,92,,0.32,,3,chuk_rwanda
2022-08-07 10:00:00,24.0,41,9.9,9.5,24.8,0.0,857.0,691.0,87,,0.49,,3,chuk_rwanda
2022-08-07 11:00:00,25.0,38,9.8,12.1,31.3,0.0,856.9,842.0,90,,0.6,,3,chuk_rwanda
2022-08-07 12:00:00,26.7,34,9.4,6.8,31.0,0.0,856.4,906.0,59,,0.66,,2,chuk_rwanda
2022-08-07 13:00:00,26.1,33,8.6,6.9,20.9,0.0,855.2,396.0,100,,0.35,,3,chuk_rwanda
2022-08-07 14:00:00,25.5,36,9.4,7.9,25.2,0.0,855.1,643.0,100,,0.49,,3,chuk_rwanda
2022-08-07 15:00:00,25.1,36,9.2,9.4,22.7,0.0,854.3,347.0,100,,0.32,,3,chuk_rwanda
2022-08-07 16:00:00,24.6,38,9.2,8.5,23.0,0.0,854.1,218.0,72,,0.23,,2,chuk_rwanda
2022-08-07 17:00:00,24.5,39,9.5,6.1,21.2,0.0,854.2,242.0,63,,0.2,,2,chuk_rwanda
2022-08-07 18:00:00,22.0,53,12.1,4.7,14.8,0.0,852.9,69.0,78,,0.06,,2,chuk_rwanda
2022-08-07 19:00:00,20.1,56,11.1,5.4,11.9,0.0,852.4,0.0,2,,0.05,,0,chuk_rwanda
2022-08-07 20:00:00,19.2,60,11.2,4.5,11.5,0.0,852.5,0.0,43,,0.01,,1,chuk_rwanda
2022-08-07 21:00:00,20.3,45,7.8,4.0,11.5,0.0,854.1,0.0,1,,0.02,,0,chuk_rwanda
2022-08-07 22:00:00,17.4,65,10.9,5.2,10.8,0.0,853.4,0.0,2,,0.01,,0,chuk_rwanda
2022-08-07 23:00:00,16.7,63,9.6,3.5,10.8,0.0,853.1,0.0,0,,0.0,,0,chuk_rwanda
2022-08-08 00:00:00,15.9,67,9.9,3.3,8.3,0.0,852.9,0.0,9,,0.0,,0,chuk_rwanda
2022-08-08 01:00:00,15.6,66,9.2,3.6,7.9,0.0,852.5,0.0,26,,0.0,,1,chuk_rwanda
2022-08-08 02:00:00,14.2,71,9.1,4.6,9.4,0.0,851.3,0.0,26,,0.0,,1,chuk_rwanda
2022-08-08 03:00:00,14.1,70,8.9,5.9,10.8,0.0,851.1,0.0,0,,0.01,,0,chuk_rwanda
2022-08-08 04:00:00,13.4,73,8.8,6.6,11.5,0.0,850.6,0.0,0,,0.01,,0,chuk_rwanda
2022-08-08 05:00:00,12.9,75,8.6,6.9,12.6,0.0,850.7,0.0,8,,0.0,,0,chuk_rwanda
2022-08-08 06:00:00,12.6,76,8.6,6.5,12.6,0.0,851.1,0.0,23,,0.0,,1,chuk_rwanda
2022-08-08 07:00:00,14.2,71,9.1,7.5,13.3,0.0,852.4,52.0,46,,0.04,,1,chuk_rwanda
2022-08-08 08:00:00,19.5,56,10.4,3.7,13.3,0.0,855.7,258.0,90,,0.16,,3,chuk_rwanda
2022-08-08 09:00:00,22.0,42,8.6,6.8,19.1,0.0,856.9,489.0,98,,0.33,,3,chuk_rwanda
2022-08-08 10:00:00,23.2,37,7.7,12.0,30.2,0.0,857.3,697.0,95,,0.49,,3,chuk_rwanda
2022-08-08 11:00:00,24.5,34,7.4,10.6,30.6,0.0,857.3,847.0,100,,0.6,,3,chuk_rwanda
2022-08-08 12:00:00,25.7,32,7.6,7.6,28.4,0.0,856.7,935.0,100,,0.67,,3,chuk_rwanda
2022-08-08 13:00:00,27.5,26,6.5,5.2,23.0,0.0,856.0,929.0,100,,0.68,,3,chuk_rwanda
2022-08-08 14:00:00,26.8,27,6.5,7.6,19.1,0.0,855.0,792.0,100,,0.59,,3,chuk_rwanda
2022-08-08 15:00:00,27.6,26,6.2,6.4,21.6,0.0,854.5,674.0,100,,0.51,,3,chuk_rwanda
2022-08-08 16:00:00,26.8,27,6.2,9.1,22.7,0.0,854.0,493.0,100,,0.4,,3,chuk_rwanda
2022-08-08 17:00:00,25.4,31,6.8,7.7,23.0,0.0,854.0,286.0,100,,0.24,,3,chuk_rwanda
2022-08-08 18:00:00,22.3,46,10.1,5.0,18.0,0.0,853.0,74.0,100,,0.07,,3,chuk_rwanda
2022-08-08 19:00:00,22.6,33,5.4,3.4,10.1,0.0,853.7,0.0,100,,0.06,,3,chuk_rwanda
2022-08-08 20:00:00,19.5,53,9.7,3.6,8.3,0.0,852.9,0.0,90,,0.01,,3,chuk_rwanda
2022-08-08 21:00:00,20.0,47,8.4,3.9,8.6,0.0,854.2,0.0,9,,0.01,,0,chuk_rwanda
2022-08-08 22:00:00,18.4,56,9.5,5.4,13.0,0.0,854.4,0.0,8,,0.02,,0,chuk_rwanda
2022-08-08 23:00:00,19.8,40,5.7,3.3,12.2,0.0,855.2,0.0,0,,0.01,,0,chuk_rwanda
2022-08-09 00:00:00,16.2,59,8.2,4.0,8.3,0.0,853.5,0.0,99,,0.01,,3,chuk_rwanda
2022-08-09 01:00:00,15.2,59,7.2,5.1,9.7,0.0,852.8,0.0,95,,0.01,,3,chuk_rwanda
2022-08-09 02:00:00,14.2,64,7.4,5.1,10.1,0.0,852.2,0.0,90,,0.01,,3,chuk_rwanda
2022-08-09 03:00:00,14.3,62,7.2,6.6,12.2,0.0,852.2,0.0,0,,0.02,,0,chuk_rwanda
2022-08-09 04:00:00,13.6,65,7.2,6.4,12.2,0.0,851.8,0.0,0,,0.01,,0,chuk_rwanda
2022-08-09 05:00:00,13.1,67,7.1,6.6,12.2,0.0,851.7,0.0,1,,0.01,,0,chuk_rwanda
2022-08-09 06:00:00,12.7,68,6.9,6.9,13.3,0.0,851.8,0.0,0,,0.01,,0,chuk_rwanda
2022-08-09 07:00:00,14.2,64,7.6,7.2,13.0,0.0,853.1,53.0,0,,0.04,,0,chuk_rwanda
2022-08-09 08:00:00,19.4,51,9.0,2.9,13.3,0.0,856.4,260.0,0,,0.15,,0,chuk_rwanda
2022-08-09 09:00:00,22.0,38,7.1,6.2,18.0,0.0,857.6,496.0,0,,0.34,,0,chuk_rwanda
2022-08-09 10:00:00,23.5,33,6.2,10.3,27.0,0.0,858.0,703.0,0,,0.5,,0,chuk_rwanda
2022-08-09 11:00:00,24.9,30,6.2,11.1,29.5,0.0,857.5,856.0,0,,0.62,,0,chuk_rwanda
2022-08-09 12:00:00,26.4,28,6.4,10.2,29.5,0.0,856.7,939.0,6,,0.69,,0,chuk_rwanda
2022-08-09 13:00:00,27.4,27,6.6,8.4,27.7,0.0,855.7,946.0,31,,0.7,,1,chuk_rwanda
2022-08-09 14:00:00,27.0,27,6.5,6.5,24.5,0.0,855.2,875.0,64,,0.64,,2,chuk_rwanda
2022-08-09 15:00:00,27.3,27,6.4,6.9,20.5,0.0,854.4,736.0,80,,0.55,,3,chuk_rwanda
2022-08-09 16:00:00,27.2,27,6.5,6.1,20.5,0.0,854.3,537.0,76,,0.4,,2,chuk_rwanda
2022-08-09 17:00:00,26.2,32,8.1,4.0,16.9,0.0,854.1,303.0,0,,0.22,,0,chuk_rwanda
2022-08-09 18:00:00,22.9,54,13.1,5.9,10.8,0.0,853.1,82.0,0,,0.07,,0,chuk_rwanda
2022-08-09 19:00:00,23.5,32,5.8,5.2,9.7,0.0,854.1,0.0,3,,0.08,,0,chuk_rwanda
2022-08-09 20:00:00,20.1,52,10.0,2.6,7.9,0.0,852.9,0.0,0,,0.0,,0,chuk_rwanda
2022-08-09 21:00:00,19.4,46,7.6,4.9,10.1,0.0,853.3,0.0,0,,0.02,,0,chuk_rwanda
2022-08-09 22:00:00,17.0,66,10.7,3.6,11.2,0.0,853.0,0.0,3,,0.0,,0,chuk_rwanda
2022-08-09 23:00:00,16.8,60,9.0,3.8,10.4,0.0,853.7,0.0,63,,0.0,,2,chuk_rwanda
2022-08-10 00:00:00,16.1,58,7.8,6.9,12.2,0.0,854.1,0.0,100,,0.02,,3,chuk_rwanda
2022-08-10 01:00:00,15.3,59,7.4,6.8,13.7,0.0,853.0,0.0,3,,0.02,,0,chuk_rwanda
2022-08-10 02:00:00,14.4,65,7.8,4.8,12.2,0.0,852.4,0.0,18,,0.01,,0,chuk_rwanda
2022-08-10 03:00:00,13.9,68,8.1,5.8,10.8,0.0,851.8,0.0,10,,0.01,,0,chuk_rwanda
2022-08-10 04:00:00,13.6,69,7.9,7.4,13.3,0.0,851.5,0.0,13,,0.01,,0,chuk_rwanda
2022-08-10 05:00:00,13.6,68,7.7,7.7,14.0,0.0,851.6,0.0,67,,0.01,,2,chuk_rwanda
2022-08-10 06:00:00,13.4,67,7.4,7.1,14.0,0.0,851.8,0.0,100,,0.01,,3,chuk_rwanda
2022-08-10 07:00:00,15.1,63,7.9,7.2,13.3,0.0,853.0,52.0,99,,0.05,,3,chuk_rwanda
2022-08-10 08:00:00,20.1,49,9.0,3.0,13.3,0.0,856.2,251.0,100,,0.15,,3,chuk_rwanda
2022-08-10 09:00:00,23.0,37,7.6,6.6,18.7,0.0,857.8,485.0,100,,0.34,,3,chuk_rwanda
2022-08-10 10:00:00,24.2,33,7.1,12.0,30.6,0.0,858.1,693.0,100,,0.51,,3,chuk_rwanda
2022-08-10 11:00:00,25.6,31,7.3,10.3,31.7,0.0,857.7,847.0,100,,0.62,,3,chuk_rwanda
2022-08-10 12:00:00,27.0,29,7.4,8.6,28.4,0.0,856.8,930.0,97,,0.69,,3,chuk_rwanda
2022-08-10 13:00:00,28.2,27,7.2,7.9,25.6,0.0,855.9,945.0,81,,0.71,,3,chuk_rwanda
2022-08-10 14:00:00,26.9,30,7.7,10.5,24.5,0.0,855.1,773.0,64,,0.59,,2,chuk_rwanda
2022-08-10 15:00:00,27.5,29,7.7,7.3,27.7,0.0,854.6,732.0,92,,0.55,,3,chuk_rwanda
2022-08-10 16:00:00,27.1,29,7.8,5.4,20.9,0.0,853.9,403.0,80,,0.32,,3,chuk_rwanda
2022-08-10 17:00:00,26.4,31,7.7,8.7,20.5,0.0,853.6,277.0,96,,0.25,,3,chuk_rwanda
2022-08-10 18:00:00,23.5,39,8.6,8.1,21.2,0.0,852.9,67.0,4,,0.1,,0,chuk_rwanda
2022-08-10 19:00:00,21.2,46,9.1,6.1,17.6,0.0,852.2,0.0,24,,0.07,,1,chuk_rwanda
2022-08-10 20:00:00,20.0,55,10.7,5.8,13.3,0.0,852.5,0.0,80,,0.02,,3,chuk_rwanda
2022-08-10 21:00:00,19.6,54,10.0,5.2,13.3,0.0,853.4,0.0,14,,0.02,,0,chuk_rwanda
2022-08-10 22:00:00,18.5,60,10.5,4.2,12.2,0.0,854.0,0.0,10,,0.01,,0,chuk_rwanda
2022-08-10 23:00:00,17.5,60,9.6,4.3,10.4,0.0,853.8,0.0,14,,0.01,,0,chuk_rwanda
2022-08-11 00:00:00,17.0,61,9.5,3.9,9.4,0.0,853.8,0.0,15,,0.0,,0,chuk_rwanda
2022-08-11 01:00:00,16.4,62,9.1,4.1,9.0,0.0,853.0,0.0,0,,0.0,,0,chuk_rwanda
2022-08-11 02:00:00,15.1,66,8.8,5.7,11.5,0.0,851.6,0.0,0,,0.01,,0,chuk_rwanda
2022-08-11 03:00:00,14.8,67,8.8,7.3,13.0,0.0,851.3,0.0,55,,0.01,,2,chuk_rwanda
2022-08-11 04:00:00,14.4,69,8.7,6.0,12.6,0.0,851.2,0.0,90,,0.01,,3,chuk_rwanda
2022-08-11 05:00:00,14.1,70,8.7,5.9,10.8,0.0,851.4,0.0,98,,0.01,,3,chuk_rwanda
2022-08-11 06:00:00,13.6,72,8.6,7.2,12.2,0.0,851.4,0.0,100,,0.01,,3,chuk_rwanda
2022-08-11 07:00:00,15.1,67,9.1,7.9,14.8,0.0,852.7,53.0,100,,0.04,,3,chuk_rwanda
2022-08-11 08:00:00,20.6,50,9.9,3.9,14.4,0.0,855.9,255.0,99,,0.16,,3,chuk_rwanda
2022-08-11 09:00:00,23.4,39,8.6,5.5,16.9,0.0,857.2,489.0,97,,0.34,,3,chuk_rwanda
2022-08-11 10:00:00,24.6,35,8.1,12.4,31.0,0.0,857.7,696.0,97,,0.51,,3,chuk_rwanda
2022-08-11 11:00:00,25.9,32,8.1,11.8,32.4,0.0,857.5,846.0,91,,0.62,,3,chuk_rwanda
2022-08-11 12:00:00,27.2,30,8.1,11.0,31.3,0.0,857.0,934.0,95,,0.7,,3,chuk_rwanda
2022-08-11 13:00:00,28.6,27,7.6,10.5,30.2,0.0,856.2,955.0,100,,0.73,,3,chuk_rwanda
2022-08-11 14:00:00,26.4,33,8.6,9.8,29.2,0.0,855.1,649.0,100,,0.51,,3,chuk_rwanda
2022-08-11 15:00:00,26.4,33,8.6,9.4,24.8,0.0,854.2,376.0,98,,0.35,,3,chuk_rwanda
2022-08-11 16:00:00,26.6,32,8.6,7.1,23.4,0.0,853.9,384.0,100,,0.32,,3,chuk_rwanda
2022-08-11 17:00:00,26.0,38,10.6,2.3,17.6,0.0,853.6,242.0,100,,0.17,,3,chuk_rwanda
2022-08-11 18:00:00,23.3,45,10.8,5.4,9.4,0.0,852.5,74.0,96,,0.08,,3,chuk_rwanda
2022-08-11 19:00:00,20.5,55,11.1,5.4,10.4,0.0,851.6,0.0,87,,0.05,,3,chuk_rwanda
2022-08-11 20:00:00,20.0,66,13.6,2.1,8.6,0.0,852.2,0.0,100,,0.0,,3,chuk_rwanda
2022-08-11 21:00:00,19.9,59,11.6,5.6,10.8,0.0,853.2,0.0,92,,0.02,,3,chuk_rwanda
2022-08-11 22:00:00,18.9,61,11.1,3.1,11.2,0.0,853.7,0.0,99,,0.0,,3,chuk_rwanda
2022-08-11 23:00:00,17.9,60,10.0,2.8,8.3,0.0,853.4,0.0,100,,0.0,,3,chuk_rwanda
2022-08-12 00:00:00,17.5,58,9.2,4.7,8.3,0.0,853.1,0.0,92,,0.01,,3,chuk_rwanda
2022-08-12 01:00:00,16.6,62,9.3,4.9,9.4,0.0,852.3,0.0,100,,0.01,,3,chuk_rwanda
2022-08-12 02:00:00,15.5,68,9.6,4.3,9.4,0.0,851.8,0.0,99,,0.0,,3,chuk_rwanda
2022-08-12 03:00:00,15.9,64,9.2,7.4,10.4,0.0,852.1,0.0,98,,0.02,,3,chuk_rwanda
2022-08-12 04:00:00,15.4,67,9.3,7.1,11.9,0.0,852.0,0.0,99,,0.01,,3,chuk_rwanda
2022-08-12 05:00:00,15.0,68,9.2,5.9,11.5,0.0,851.9,0.0,97,,0.01,,3,chuk_rwanda
2022-08-12 06:00:00,14.4,74,9.9,3.6,9.0,0.0,852.0,0.0,99,,0.0,,3,chuk_rwanda
2022-08-12 07:00:00,16.1,66,9.8,2.9,8.3,0.0,853.5,50.0,99,,0.03,,3,chuk_rwanda
2022-08-12 08:00:00,19.2,54,9.7,6.4,16.9,0.0,856.2,247.0,93,,0.16,,3,chuk_rwanda
2022-08-12 09:00:00,21.2,47,9.4,9.0,23.4,0.0,857.2,485.0,93,,0.33,,3,chuk_rwanda
2022-08-12 10:00:00,22.8,43,9.6,9.7,26.6,0.0,857.5,682.0,93,,0.47,,3,chuk_rwanda
2022-08-12 11:00:00,24.9,37,9.1,9.3,27.0,0.0,857.3,828.0,100,,0.59,,3,chuk_rwanda
2022-08-12 12:00:00,25.2,36,8.9,8.4,27.0,0.0,856.8,664.0,95,,0.51,,3,chuk_rwanda
2022-08-12 13:00:00,25.5,34,8.6,5.5,23.8,0.0,855.8,513.0,94,,0.41,,3,chuk_rwanda
2022-08-12 14:00:00,24.0,40,9.6,6.9,17.3,0.0,854.9,518.0,100,,0.4,,3,chuk_rwanda
2022-08-12 15:00:00,24.4,40,9.7,4.1,18.0,0.0,854.1,306.0,100,,0.25,,3,chuk_rwanda
2022-08-12 16:00:00,24.4,39,9.6,3.2,13.3,0.0,853.5,217.0,36,,0.18,,1,chuk_rwanda
2022-08-12 17:00:00,24.4,40,9.9,3.4,10.8,0.0,853.6,212.0,30,,0.16,,1,chuk_rwanda
2022-08-12 18:00:00,22.5,52,12.1,3.9,9.4,0.0,853.2,60.0,26,,0.06,,1,chuk_rwanda
2022-08-12 19:00:00,20.9,60,12.7,3.9,7.9,0.0,852.7,0.0,30,,0.04,,1,chuk_rwanda
2022-08-12 20:00:00,19.7,65,12.9,3.2,6.5,0.0,852.9,0.0,55,,0.0,,2,chuk_rwanda
2022-08-12 21:00:00,18.9,67,12.6,2.6,5.0,0.0,853.2,0.0,34,,0.0,,1,chuk_rwanda
2022-08-12 22:00:00,19.0,65,12.2,3.8,7.6,0.0,854.2,0.0,47,,0.0,,1,chuk_rwanda
2022-08-12 23:00:00,20.4,49,9.4,2.9,9.7,0.0,855.2,0.0,84,,0.01,,3,chuk_rwanda
2022-08-13 00:00:00,18.9,67,12.5,2.4,7.6,0.0,854.6,0.0,86,,0.0,,3,chuk_rwanda
2022-08-13 01:00:00,18.1,68,12.1,4.0,7.2,0.0,853.4,0.0,12,,0.0,,0,chuk_rwanda
2022-08-13 02:00:00,16.8,72,11.6,5.4,8.6,0.0,852.6,0.0,32,,0.0,,1,chuk_rwanda
2022-08-13 03:00:00,16.7,68,10.9,4.1,8.3,0.0,852.3,0.0,66,,0.0,,2,chuk_rwanda
2022-08-13 04:00:00,16.0,70,10.6,6.5,11.9,0.0,851.9,0.0,83,,0.01,,3,chuk_rwanda
2022-08-13 05:00:00,16.1,70,10.6,6.1,12.6,0.0,851.7,0.0,57,,0.01,,2,chuk_rwanda
2022-08-13 06:00:00,15.6,72,10.6,6.7,12.6,0.0,851.6,0.0,100,,0.01,,3,chuk_rwanda
2022-08-13 07:00:00,16.6,69,10.8,6.0,12.2,0.0,852.7,51.0,85,,0.04,,3,chuk_rwanda
2022-08-13 08:00:00,20.5,55,11.2,1.0,11.2,0.0,855.5,246.0,99,,0.14,,3,chuk_rwanda
2022-08-13 09:00:00,22.9,45,10.1,6.8,18.4,0.0,857.1,448.0,99,,0.32,,3,chuk_rwanda
2022-08-13 10:00:00,23.9,40,9.4,12.8,32.8,0.0,857.5,681.0,96,,0.49,,3,chuk_rwanda
2022-08-13 11:00:00,25.8,34,8.9,9.0,32.0,0.0,857.4,799.0,96,,0.59,,3,chuk_rwanda
2022-08-13 12:00:00,26.7,33,9.1,9.6,27.0,0.0,856.9,764.0,100,,0.59,,3,chuk_rwanda
2022-08-13 13:00:00,26.2,34,8.9,10.4,28.8,0.0,855.6,555.0,100,,0.46,,3,chuk_rwanda
2022-08-13 14:00:00,26.2,34,9.2,7.6,26.6,0.0,854.8,555.0,89,,0.44,,3,chuk_rwanda
2022-08-13 15:00:00,26.9,33,9.2,6.2,21.2,0.0,854.1,554.0,100,,0.43,,3,chuk_rwanda
2022-08-13 16:00:00,26.2,34,9.1,4.8,18.7,0.0,853.4,325.0,98,,0.27,,3,chuk_rwanda
2022-08-13 17:00:00,26.1,38,10.6,2.1,13.7,0.0,853.1,204.0,100,,0.15,,3,chuk_rwanda
2022-08-13 18:00:00,23.7,58,15.1,3.6,6.1,0.0,852.2,62.0,83,,0.06,,3,chuk_rwanda
2022-08-13 19:00:00,22.5,51,11.8,3.8,7.6,0.0,852.3,0.0,98,,0.05,,3,chuk_rwanda
2022-08-13 20:00:00,21.0,52,10.9,3.4,7.6,0.0,852.7,0.0,69,,0.01,,2,chuk_rwanda
2022-08-13 21:00:00,19.1,57,10.4,8.9,16.6,0.0,853.0,0.0,100,,0.04,,3,chuk_rwanda
2022-08-13 22:00:00,19.3,59,11.1,11.6,24.8,0.0,855.3,0.0,97,,0.05,,3,chuk_rwanda
2022-08-13 23:00:00,17.6,79,14.1,8.4,24.8,1.4,854.9,0.0,94,,0.01,,61,chuk_rwanda
2022-08-14 00:00:00,17.2,85,14.6,9.5,19.4,0.3,854.5,0.0,100,,0.0,,51,chuk_rwanda
2022-08-14 01:00:00,17.2,90,15.6,6.2,18.0,0.6,854.3,0.0,100,,0.0,,53,chuk_rwanda
2022-08-14 02:00:00,17.6,76,13.3,3.0,14.0,0.3,853.9,0.0,100,,0.0,,51,chuk_rwanda
2022-08-14 03:00:00,17.5,77,13.4,6.8,13.7,0.0,853.7,0.0,100,,0.0,,3,chuk_rwanda
2022-08-14 04:00:00,17.1,79,13.4,7.5,15.1,0.0,853.6,0.0,100,,0.0,,3,chuk_rwanda
2022-08-14 05:00:00,16.8,80,13.2,5.5,15.1,0.0,853.8,0.0,98,,0.0,,3,chuk_rwanda
2022-08-14 06:00:00,16.7,79,13.1,4.6,10.8,0.0,853.9,0.0,100,,0.0,,3,chuk_rwanda
2022-08-14 07:00:00,17.5,75,13.1,5.9,12.2,0.0,854.5,34.0,97,,0.04,,3,chuk_rwanda
2022-08-14 08:00:00,19.6,64,12.8,4.0,12.2,0.0,856.0,174.0,100,,0.12,,3,chuk_rwanda
2022-08-14 09:00:00,21.0,58,12.5,3.8,13.0,0.0,856.8,257.0,100,,0.19,,3,chuk_rwanda
2022-08-14 10:00:00,21.7,56,12.5,3.7,13.3,0.0,856.8,270.0,100,,0.21,,3,chuk_rwanda
2022-08-14 11:00:00,22.8,52,12.4,2.4,13.0,0.0,856.5,332.0,100,,0.25,,3,chuk_rwanda
2022-08-14 12:00:00,25.2,43,11.9,3.1,15.5,0.0,856.1,621.0,99,,0.46,,3,chuk_rwanda
2022-08-14 13:00:00,26.3,40,11.6,4.5,16.9,0.0,855.1,654.0,94,,0.49,,3,chuk_rwanda
2022-08-14 14:00:00,25.8,41,11.6,7.9,18.7,0.0,854.5,711.0,100,,0.53,,3,chuk_rwanda
2022-08-14 15:00:00,26.2,39,11.1,8.1,23.4,0.0,853.5,656.0,100,,0.49,,3,chuk_rwanda
2022-08-14 16:00:00,26.4,37,10.4,6.2,23.0,0.0,852.8,509.0,100,,0.38,,3,chuk_rwanda
2022-08-14 17:00:00,26.1,40,11.3,2.9,17.6,0.0,852.3,252.0,100,,0.18,,3,chuk_rwanda
2022-08-14 18:00:00,23.6,58,14.8,4.6,8.6,0.0,851.8,73.0,97,,0.06,,3,chuk_rwanda
2022-08-14 19:00:00,23.0,48,11.2,6.6,10.8,0.0,851.8,0.0,74,,0.07,,2,chuk_rwanda
2022-08-14 20:00:00,20.6,61,12.9,14.6,36.4,0.0,853.0,0.0,70,,0.06,,2,chuk_rwanda
2022-08-14 21:00:00,19.8,67,13.6,7.2,29.5,0.0,853.5,0.0,100,,0.02,,3,chuk_rwanda
2022-08-14 22:00:00,19.2,83,16.2,4.0,15.8,0.0,854.2,0.0,78,,0.0,,2,chuk_rwanda
2022-08-14 23:00:00,18.9,74,14.2,3.9,7.9,0.0,854.4,0.0,72,,0.0,,2,chuk_rwanda
2022-08-15 00:00:00,18.3,77,14.1,3.4,7.6,0.0,853.4,0.0,100,,0.0,,3,chuk_rwanda
2022-08-15 01:00:00,18.5,77,14.4,3.3,9.4,0.0,853.1,0.0,100,,0.0,,3,chuk_rwanda
2022-08-15 02:00:00,17.8,89,15.9,2.7,6.8,0.0,853.2,0.0,93,,0.0,,3,chuk_rwanda
2022-08-15 03:00:00,17.2,90,15.6,3.1,5.8,0.0,852.4,0.0,100,,0.0,,3,chuk_rwanda
2022-08-15 04:00:00,16.9,88,14.9,3.7,5.8,0.0,852.4,0.0,100,,0.0,,3,chuk_rwanda
2022-08-15 05:00:00,15.5,93,14.4,4.0,6.5,0.0,851.8,0.0,100,,0.0,,3,chuk_rwanda
2022-08-15 06:00:00,15.4,95,14.6,3.3,6.8,0.0,852.1,0.0,100,,0.0,,3,chuk_rwanda
2022-08-15 07:00:00,17.0,85,14.6,5.2,11.5,0.0,853.5,46.0,100,,0.03,,3,chuk_rwanda
2022-08-15 08:00:00,19.9,71,14.4,1.6,11.2,0.0,855.5,181.0,100,,0.12,,3,chuk_rwanda
2022-08-15 09:00:00,22.0,59,13.6,1.0,10.1,0.0,856.7,367.0,100,,0.25,,3,chuk_rwanda
2022-08-15 10:00:00,23.5,52,12.9,1.8,18.4,0.0,856.8,436.0,100,,0.31,,3,chuk_rwanda
2022-08-15 11:00:00,25.1,43,11.7,4.8,19.1,0.0,856.6,625.0,100,,0.46,,3,chuk_rwanda
2022-08-15 12:00:00,26.5,38,10.9,9.3,25.2,0.0,856.0,689.0,64,,0.53,,2,chuk_rwanda
2022-08-15 13:00:00,27.6,35,10.8,10.7,28.4,0.1,855.1,796.0,100,,0.62,,51,chuk_rwanda
2022-08-15 14:00:00,23.5,49,12.2,13.2,36.0,0.0,854.1,720.0,97,,0.51,,3,chuk_rwanda
2022-08-15 15:00:00,24.9,44,11.9,12.1,31.7,0.0,853.9,406.0,100,,0.35,,3,chuk_rwanda
2022-08-15 16:00:00,24.2,44,11.2,12.9,29.2,0.0,853.5,157.0,100,,0.21,,3,chuk_rwanda
2022-08-15 17:00:00,21.9,55,12.4,12.5,28.4,0.0,853.3,42.0,100,,0.12,,3,chuk_rwanda
2022-08-15 18:00:00,19.5,73,14.6,13.1,30.6,0.0,853.4,13.0,100,,0.07,,3,chuk_rwanda
2022-08-15 19:00:00,19.3,75,14.7,8.0,27.7,0.0,853.8,0.0,100,,0.04,,3,chuk_rwanda
2022-08-15 20:00:00,19.1,76,14.8,8.6,18.4,0.0,854.4,0.0,100,,0.01,,3,chuk_rwanda
2022-08-15 21:00:00,18.6,80,15.1,8.0,18.4,0.0,854.8,0.0,100,,0.01,,3,chuk_rwanda
2022-08-15 22:00:00,18.2,82,15.1,6.5,16.2,0.0,855.0,0.0,100,,0.0,,3,chuk_rwanda
2022-08-15 23:00:00,18.0,83,15.1,6.5,12.2,0.0,854.7,0.0,100,,0.0,,3,chuk_rwanda
2022-08-16 00:00:00,17.8,84,15.1,4.6,11.9,0.0,854.3,0.0,100,,0.0,,3,chuk_rwanda
2022-08-16 01:00:00,17.4,86,15.1,5.2,8.6,0.0,853.6,0.0,100,,0.0,,3,chuk_rwanda
2022-08-16 02:00:00,17.2,88,15.2,2.8,10.8,0.0,853.3,0.0,100,,0.0,,3,chuk_rwanda
2022-08-16 03:00:00,17.0,88,15.1,3.6,7.2,0.0,853.1,0.0,100,,0.0,,3,chuk_rwanda
2022-08-16 04:00:00,17.2,87,15.1,2.8,6.8,0.0,853.5,0.0,100,,0.0,,3,chuk_rwanda
2022-08-16 05:00:00,17.1,87,14.9,4.6,9.0,0.0,853.2,0.0,100,,0.0,,3,chuk_rwanda
2022-08-16 06:00:00,17.0,88,14.9,4.0,9.0,0.0,853.5,0.0,100,,0.0,,3,chuk_rwanda
2022-08-16 07:00:00,17.5,85,15.0,4.1,8.6,0.0,854.2,28.0,100,,0.03,,3,chuk_rwanda
2022-08-16 08:00:00,19.4,74,14.8,1.6,9.4,0.0,855.7,152.0,100,,0.1,,3,chuk_rwanda
2022-08-16 09:00:00,22.1,61,14.1,0.8,9.0,0.0,856.8,423.0,100,,0.28,,3,chuk_rwanda
2022-08-16 10:00:00,24.1,51,13.2,6.4,18.0,0.0,857.1,646.0,100,,0.45,,3,chuk_rwanda
2022-08-16 11:00:00,24.9,46,12.4,10.7,28.8,0.1,857.1,695.0,100,,0.51,,51,chuk_rwanda
2022-08-16 12:00:00,25.9,43,12.5,12.6,31.3,0.0,856.7,739.0,100,,0.56,,3,chuk_rwanda
2022-08-16 13:00:00,26.3,44,13.1,10.4,31.7,0.0,855.6,724.0,100,,0.55,,3,chuk_rwanda
2022-08-16 14:00:00,24.9,48,13.0,8.9,26.6,0.0,854.8,519.0,100,,0.4,,3,chuk_rwanda
2022-08-16 15:00:00,25.1,47,13.1,6.0,23.4,0.0,854.1,589.0,99,,0.43,,3,chuk_rwanda
2022-08-16 16:00:00,23.7,52,13.4,12.7,28.4,0.0,853.7,456.0,100,,0.34,,3,chuk_rwanda
2022-08-16 17:00:00,20.4,75,15.8,11.6,35.6,0.9,854.3,194.0,100,,0.14,,53,chuk_rwanda
2022-08-16 18:00:00,20.2,74,15.5,5.6,25.9,0.1,854.5,45.0,84,,0.05,,51,chuk_rwanda
2022-08-16 19:00:00,19.1,82,15.9,5.1,11.5,0.0,854.0,0.0,9,,0.02,,0,chuk_rwanda
2022-08-16 20:00:00,17.5,92,16.1,4.3,10.1,0.0,854.1,0.0,100,,0.0,,3,chuk_rwanda
2022-08-16 21:00:00,17.0,94,16.0,2.9,7.9,0.0,854.7,0.0,100,,0.0,,3,chuk_rwanda
2022-08-16 22:00:00,16.3,97,15.8,3.9,6.8,0.0,854.7,0.0,99,,0.0,,3,chuk_rwanda
2022-08-16 23:00:00,16.5,96,15.8,3.8,7.2,0.0,854.7,0.0,98,,0.0,,3,chuk_rwanda
2022-08-17 00:00:00,15.9,98,15.6,6.4,18.0,1.3,854.8,0.0,100,,0.0,,61,chuk_rwanda
2022-08-17 01:00:00,16.4,97,15.9,5.8,14.4,0.0,854.0,0.0,98,,0.0,,3,chuk_rwanda
2022-08-17 02:00:00,16.1,96,15.4,5.7,11.5,0.0,853.0,0.0,100,,0.0,,3,chuk_rwanda
2022-08-17 03:00:00,15.6,95,14.8,5.0,12.2,0.0,852.3,0.0,100,,0.0,,3,chuk_rwanda
2022-08-17 04:00:00,16.1,93,14.9,3.7,11.9,0.0,853.0,0.0,100,,0.0,,3,chuk_rwanda
2022-08-17 05:00:00,16.2,93,15.1,2.4,7.9,0.0,853.3,0.0,100,,0.0,,3,chuk_rwanda
2022-08-17 06:00:00,16.1,95,15.3,2.6,5.0,0.0,853.5,0.0,100,,0.0,,3,chuk_rwanda
2022-08-17 07:00:00,16.8,92,15.5,3.7,7.6,0.0,854.2,20.0,100,,0.02,,3,chuk_rwanda
2022-08-17 08:00:00,18.0,86,15.6,0.0,8.3,0.0,855.4,109.0,100,,0.07,,3,chuk_rwanda
2022-08-17 09:00:00,20.6,73,15.7,1.8,12.6,0.0,856.7,431.0,100,,0.28,,3,chuk_rwanda
2022-08-17 10:00:00,22.7,62,15.1,5.7,21.6,0.1,856.7,683.0,100,,0.46,,51,chuk_rwanda
2022-08-17 11:00:00,23.8,55,14.1,10.7,27.7,0.2,856.6,757.0,100,,0.52,,51,chuk_rwanda
2022-08-17 12:00:00,24.4,53,14.2,10.9,28.4,0.0,855.9,663.0,100,,0.48,,3,chuk_rwanda
2022-08-17 13:00:00,24.8,48,13.1,12.4,28.4,0.0,854.3,525.0,100,,0.42,,3,chuk_rwanda
2022-08-17 14:00:00,19.0,78,15.2,18.7,33.1,2.2,853.4,349.0,100,,0.22,,61,chuk_rwanda
2022-08-17 15:00:00,19.4,80,15.9,5.4,38.2,0.5,853.3,277.0,100,,0.19,,53,chuk_rwanda
2022-08-17 16:00:00,20.5,72,15.4,1.1,16.6,0.1,853.3,316.0,100,,0.21,,51,chuk_rwanda
2022-08-17 17:00:00,18.5,85,15.8,12.6,27.4,2.2,853.4,166.0,100,,0.11,,61,chuk_rwanda
2022-08-17 18:00:00,17.5,92,16.1,7.2,25.9,0.5,853.5,18.0,100,,0.03,,53,chuk_rwanda
2022-08-17 19:00:00,17.4,90,15.8,6.8,14.4,0.1,853.9,0.0,99,,0.02,,51,chuk_rwanda
2022-08-17 20:00:00,17.1,92,15.9,7.0,14.0,0.5,854.3,0.0,100,,0.0,,53,chuk_rwanda
2022-08-17 21:00:00,17.4,92,16.1,6.0,15.1,0.6,854.8,0.0,100,,0.0,,53,chuk_rwanda
2022-08-17 22:00:00,17.4,93,16.2,4.3,11.5,0.3,855.0,0.0,100,,0.0,,51,chuk_rwanda
2022-08-17 23:00:00,17.2,92,15.9,6.4,12.2,0.0,854.7,0.0,100,,0.0,,3,chuk_rwanda
2022-08-18 00:00:00,17.2,91,15.8,5.9,11.9,0.0,854.2,0.0,100,,0.0,,3,chuk_rwanda
2022-08-18 01:00:00,17.0,91,15.6,5.0,11.2,0.0,853.6,0.0,100,,0.0,,3,chuk_rwanda
2022-08-18 02:00:00,17.1,91,15.6,4.0,9.4,0.0,853.4,0.0,100,,0.0,,3,chuk_rwanda
2022-08-18 03:00:00,16.9,91,15.5,3.7,8.6,0.0,853.2,0.0,100,,0.0,,3,chuk_rwanda
2022-08-18 04:00:00,16.5,93,15.4,3.7,7.6,0.0,853.0,0.0,100,,0.0,,3,chuk_rwanda
2022-08-18 05:00:00,16.5,93,15.3,4.3,8.3,0.0,852.9,0.0,100,,0.0,,3,chuk_rwanda
2022-08-18 06:00:00,16.4,93,15.2,3.5,8.3,0.0,853.5,0.0,100,,0.0,,3,chuk_rwanda
2022-08-18 07:00:00,17.0,90,15.4,4.4,6.8,0.0,854.3,21.0,100,,0.02,,3,chuk_rwanda
2022-08-18 08:00:00,18.1,86,15.8,2.8,9.0,0.0,855.4,100.0,74,,0.07,,2,chuk_rwanda
2022-08-18 09:00:00,20.7,69,14.7,2.1,11.2,0.0,857.2,334.0,43,,0.22,,1,chuk_rwanda
2022-08-18 10:00:00,22.6,52,12.1,10.4,25.6,0.0,857.5,616.0,19,,0.43,,0,chuk_rwanda
2022-08-18 11:00:00,23.9,46,11.6,12.6,31.3,0.1,857.4,749.0,39,,0.53,,51,chuk_rwanda
2022-08-18 12:00:00,24.0,44,11.1,10.8,31.3,0.0,856.4,496.0,62,,0.4,,2,chuk_rwanda
2022-08-18 13:00:00,25.0,42,11.2,9.2,27.0,0.0,855.8,759.0,100,,0.56,,3,chuk_rwanda
2022-08-18 14:00:00,22.3,52,11.9,9.7,25.2,0.0,855.3,568.0,100,,0.41,,3,chuk_rwanda
2022-08-18 15:00:00,21.1,60,13.2,8.3,22.7,0.0,854.4,185.0,100,,0.17,,3,chuk_rwanda
2022-08-18 16:00:00,20.4,65,13.4,9.4,22.0,0.0,853.9,136.0,86,,0.14,,3,chuk_rwanda
2022-08-18 17:00:00,20.5,62,12.9,6.4,22.0,0.0,853.8,178.0,42,,0.14,,1,chuk_rwanda
2022-08-18 18:00:00,19.4,72,14.2,2.3,14.8,0.0,853.7,54.0,31,,0.04,,1,chuk_rwanda
2022-08-18 19:00:00,18.4,71,13.1,3.4,6.5,0.0,853.1,0.0,33,,0.03,,1,chuk_rwanda
2022-08-18 20:00:00,17.3,77,13.1,4.1,8.3,0.0,853.1,0.0,16,,0.0,,0,chuk_rwanda
2022-08-18 21:00:00,16.6,79,12.9,4.5,7.6,0.0,853.6,0.0,4,,0.0,,0,chuk_rwanda
2022-08-18 22:00:00,15.6,83,12.7,7.1,11.9,0.0,853.3,0.0,2,,0.0,,0,chuk_rwanda
2022-08-18 23:00:00,15.1,85,12.6,8.2,15.5,0.0,852.9,0.0,6,,0.0,,0,chuk_rwanda
2022-08-19 00:00:00,14.6,86,12.2,8.1,15.1,0.0,852.3,0.0,13,,0.0,,0,chuk_rwanda
2022-08-19 01:00:00,14.4,86,11.9,8.8,15.8,0.0,851.8,0.0,23,,0.0,,1,chuk_rwanda
2022-08-19 02:00:00,14.9,81,11.7,9.5,19.8,0.0,850.9,0.0,29,,0.01,,1,chuk_rwanda
2022-08-19 03:00:00,15.1,78,11.3,9.8,18.7,0.0,850.6,0.0,23,,0.01,,1,chuk_rwanda
2022-08-19 04:00:00,15.1,76,10.9,8.8,18.7,0.0,850.8,0.0,18,,0.01,,0,chuk_rwanda
2022-08-19 05:00:00,15.1,75,10.8,8.3,17.3,0.0,851.1,0.0,100,,0.01,,3,chuk_rwanda
2022-08-19 06:00:00,16.0,72,10.9,7.0,16.9,0.0,852.1,0.0,100,,0.01,,3,chuk_rwanda
2022-08-19 07:00:00,17.1,69,11.4,5.5,14.0,0.0,853.4,16.0,100,,0.04,,3,chuk_rwanda
2022-08-19 08:00:00,18.5,66,12.0,4.3,10.8,0.0,854.9,74.0,99,,0.08,,3,chuk_rwanda
2022-08-19 09:00:00,22.1,52,11.9,0.4,9.7,0.0,857.1,330.0,15,,0.22,,0,chuk_rwanda
2022-08-19 10:00:00,24.5,43,11.1,7.3,20.5,0.0,857.6,679.0,68,,0.48,,2,chuk_rwanda
2022-08-19 11:00:00,25.6,40,11.1,9.6,25.9,0.0,857.4,862.0,84,,0.62,,3,chuk_rwanda
2022-08-19 12:00:00,26.8,38,11.2,8.9,25.9,0.0,856.7,941.0,95,,0.69,,3,chuk_rwanda
2022-08-19 13:00:00,27.6,36,11.1,8.8,24.8,0.0,855.9,913.0,78,,0.68,,2,chuk_rwanda
2022-08-19 14:00:00,27.1,37,11.2,8.2,24.5,0.0,855.6,705.0,85,,0.54,,3,chuk_rwanda
2022-08-19 15:00:00,26.8,38,11.4,7.3,21.6,0.0,854.5,557.0,87,,0.43,,3,chuk_rwanda
2022-08-19 16:00:00,26.0,40,11.4,7.3,19.8,0.0,854.2,336.0,76,,0.29,,2,chuk_rwanda
2022-08-19 17:00:00,25.2,45,12.4,4.0,18.0,0.0,853.9,197.0,57,,0.16,,2,chuk_rwanda
2022-08-19 18:00:00,24.9,39,9.9,3.3,10.4,0.0,854.3,64.0,94,,0.06,,3,chuk_rwanda
2022-08-19 19:00:00,21.9,53,11.9,6.8,12.2,0.0,853.7,0.0,100,,0.06,,3,chuk_rwanda
2022-08-19 20:00:00,20.6,63,13.4,4.8,15.8,0.0,854.5,0.0,99,,0.01,,3,chuk_rwanda
2022-08-19 21:00:00,19.5,65,12.6,8.7,16.9,0.0,855.1,0.0,83,,0.03,,3,chuk_rwanda
2022-08-19 22:00:00,18.5,72,13.2,8.6,20.2,0.0,855.3,0.0,46,,0.02,,1,chuk_rwanda
2022-08-19 23:00:00,17.5,77,13.6,9.1,18.4,0.0,854.9,0.0,59,,0.01,,2,chuk_rwanda
2022-08-20 00:00:00,17.2,79,13.6,7.6,18.7,0.0,854.8,0.0,22,,0.0,,1,chuk_rwanda
2022-08-20 01:00:00,16.6,82,13.5,5.2,15.1,0.0,854.4,0.0,7,,0.0,,0,chuk_rwanda
2022-08-20 02:00:00,16.8,80,13.3,8.5,14.0,0.0,853.9,0.0,99,,0.01,,3,chuk_rwanda
2022-08-20 03:00:00,16.4,81,13.1,7.7,17.3,0.0,853.6,0.0,100,,0.0,,3,chuk_rwanda
2022-08-20 04:00:00,16.1,82,12.9,8.1,15.8,0.0,853.6,0.0,100,,0.0,,3,chuk_rwanda
2022-08-20 05:00:00,15.9,82,12.9,8.7,17.6,0.0,853.5,0.0,100,,0.0,,3,chuk_rwanda
2022-08-20 06:00:00,15.5,86,13.1,4.8,16.9,0.0,853.9,0.0,100,,0.0,,3,chuk_rwanda
2022-08-20 07:00:00,16.4,82,13.3,4.8,10.4,0.0,855.0,50.0,99,,0.03,,3,chuk_rwanda
2022-08-20 08:00:00,19.2,70,13.6,3.9,12.2,0.0,857.0,232.0,95,,0.14,,3,chuk_rwanda
2022-08-20 09:00:00,21.6,60,13.6,7.3,20.2,0.0,858.1,418.0,100,,0.29,,3,chuk_rwanda
2022-08-20 10:00:00,24.0,50,12.9,7.9,22.3,0.0,858.6,662.0,99,,0.46,,3,chuk_rwanda
2022-08-20 11:00:00,25.4,42,11.6,7.9,22.7,0.0,858.4,774.0,100,,0.56,,3,chuk_rwanda
2022-08-20 12:00:00,26.5,39,11.3,7.9,23.0,0.0,857.7,819.0,49,,0.61,,1,chuk_rwanda
2022-08-20 13:00:00,27.1,38,11.4,5.8,22.0,0.0,856.9,730.0,18,,0.55,,0,chuk_rwanda
2022-08-20 14:00:00,26.1,40,11.6,7.6,19.4,0.0,856.2,762.0,33,,0.56,,1,chuk_rwanda
2022-08-20 15:00:00,25.5,42,11.6,9.2,23.4,0.0,855.4,502.0,100,,0.4,,3,chuk_rwanda
2022-08-20 16:00:00,25.1,42,11.3,9.5,24.8,0.0,855.3,407.0,12,,0.33,,0,chuk_rwanda
2022-08-20 17:00:00,24.8,42,10.8,5.7,23.0,0.0,855.4,284.0,46,,0.21,,1,chuk_rwanda
2022-08-20 18:00:00,22.7,54,13.1,4.0,14.4,0.0,855.1,69.0,33,,0.06,,1,chuk_rwanda
2022-08-20 19:00:00,21.0,55,11.5,8.0,15.8,0.0,854.8,0.0,25,,0.07,,1,chuk_rwanda
2022-08-20 20:00:00,20.0,64,13.0,7.3,19.4,0.0,855.7,0.0,23,,0.02,,1,chuk_rwanda
2022-08-20 21:00:00,18.9,71,13.4,5.9,15.5,0.0,856.1,0.0,7,,0.01,,0,chuk_rwanda
2022-08-20 22:00:00,17.8,76,13.4,6.1,12.2,0.0,856.2,0.0,20,,0.0,,1,chuk_rwanda
2022-08-20 23:00:00,16.9,80,13.4,6.6,13.0,0.0,855.8,0.0,17,,0.0,,0,chuk_rwanda
2022-08-21 00:00:00,16.3,84,13.6,4.1,12.6,0.0,855.2,0.0,90,,0.0,,3,chuk_rwanda
2022-08-21 01:00:00,15.4,88,13.4,5.4,9.4,0.0,854.4,0.0,83,,0.0,,3,chuk_rwanda
2022-08-21 02:00:00,14.6,92,13.3,3.3,9.4,0.0,854.0,0.0,89,,0.0,,3,chuk_rwanda
2022-08-21 03:00:00,14.6,91,13.2,4.8,8.3,0.0,853.6,0.0,96,,0.0,,3,chuk_rwanda
2022-08-21 04:00:00,14.2,93,13.1,7.0,11.5,0.0,853.2,0.0,90,,0.0,,3,chuk_rwanda
2022-08-21 05:00:00,14.3,92,13.1,7.7,13.7,0.0,853.4,0.0,96,,0.0,,3,chuk_rwanda
2022-08-21 06:00:00,14.3,90,12.8,7.2,14.4,0.0,853.4,0.0,76,,0.0,,2,chuk_rwanda
2022-08-21 07:00:00,15.8,83,12.9,6.1,13.3,0.0,854.7,59.0,70,,0.03,,2,chuk_rwanda
2022-08-21 08:00:00,19.8,68,13.8,2.3,12.6,0.0,857.0,269.0,63,,0.16,,2,chuk_rwanda
2022-08-21 09:00:00,22.8,57,13.7,2.2,11.2,0.0,857.9,508.0,53,,0.33,,2,chuk_rwanda
2022-08-21 10:00:00,24.8,49,13.2,6.0,21.6,0.0,858.2,710.0,66,,0.5,,2,chuk_rwanda
2022-08-21 11:00:00,26.2,41,11.9,8.2,23.4,0.0,857.9,863.0,39,,0.62,,1,chuk_rwanda
2022-08-21 12:00:00,26.6,39,11.4,8.2,23.8,0.0,857.1,754.0,37,,0.57,,1,chuk_rwanda
2022-08-21 13:00:00,27.5,37,11.4,8.1,23.8,0.0,856.3,820.0,27,,0.62,,1,chuk_rwanda
2022-08-21 14:00:00,28.6,36,12.0,8.0,23.0,0.0,855.4,693.0,38,,0.55,,1,chuk_rwanda
2022-08-21 15:00:00,28.2,36,11.6,9.8,24.1,0.0,854.2,601.0,100,,0.49,,3,chuk_rwanda
2022-08-21 16:00:00,24.8,46,12.3,3.8,24.8,0.9,853.8,276.0,78,,0.22,,53,chuk_rwanda
2022-08-21 17:00:00,24.4,54,14.4,2.9,16.6,0.0,853.5,140.0,74,,0.12,,2,chuk_rwanda
2022-08-21 18:00:00,21.5,63,14.2,13.2,27.0,0.0,853.5,60.0,100,,0.09,,3,chuk_rwanda
2022-08-21 19:00:00,19.2,76,14.9,6.5,28.4,1.2,854.4,0.0,69,,0.03,,55,chuk_rwanda
2022-08-21 20:00:00,17.2,93,16.1,4.6,20.2,9.5,855.5,0.0,100,,0.0,,65,chuk_rwanda
2022-08-21 21:00:00,17.1,93,15.9,6.2,13.0,0.1,855.2,0.0,86,,0.0,,51,chuk_rwanda
2022-08-21 22:00:00,16.3,96,15.6,5.4,13.7,0.1,854.5,0.0,41,,0.0,,51,chuk_rwanda
2022-08-21 23:00:00,16.6,95,15.8,3.9,6.8,0.1,855.0,0.0,9,,0.0,,51,chuk_rwanda
2022-08-22 00:00:00,16.2,96,15.6,4.1,6.8,0.0,854.6,0.0,27,,0.0,,1,chuk_rwanda
2022-08-22 01:00:00,16.0,97,15.5,3.9,6.8,0.0,854.1,0.0,13,,0.0,,0,chuk_rwanda
2022-08-22 02:00:00,16.6,96,16.0,3.3,11.5,0.0,853.9,0.0,26,,0.0,,1,chuk_rwanda
2022-08-22 03:00:00,16.5,94,15.6,8.2,16.6,0.1,853.0,0.0,100,,0.0,,51,chuk_rwanda
2022-08-22 04:00:00,16.9,91,15.4,6.6,16.9,0.0,853.1,0.0,100,,0.0,,3,chuk_rwanda
2022-08-22 05:00:00,16.7,91,15.1,4.3,13.0,0.0,853.0,0.0,99,,0.0,,3,chuk_rwanda
2022-08-22 06:00:00,16.6,92,15.2,3.5,7.2,0.0,853.3,0.0,100,,0.0,,3,chuk_rwanda
2022-08-22 07:00:00,17.5,89,15.6,2.9,9.0,0.0,854.4,38.0,100,,0.02,,3,chuk_rwanda
2022-08-22 08:00:00,19.5,79,15.8,2.9,12.2,0.0,856.4,219.0,100,,0.13,,3,chuk_rwanda
2022-08-22 09:00:00,21.3,65,14.6,6.4,19.8,0.0,857.7,451.0,100,,0.3,,3,chuk_rwanda
2022-08-22 10:00:00,22.3,54,12.5,12.8,31.0,0.0,857.7,557.0,100,,0.39,,3,chuk_rwanda
2022-08-22 11:00:00,23.8,47,11.9,13.8,33.8,0.0,857.4,677.0,99,,0.49,,3,chuk_rwanda
2022-08-22 12:00:00,25.2,43,11.6,11.5,33.8,0.1,856.8,772.0,81,,0.57,,51,chuk_rwanda
2022-08-22 13:00:00,26.3,39,11.1,11.7,29.9,0.0,855.8,823.0,62,,0.62,,2,chuk_rwanda
2022-08-22 14:00:00,25.2,39,10.4,11.8,29.9,0.0,854.6,716.0,100,,0.54,,3,chuk_rwanda
2022-08-22 15:00:00,25.1,38,9.9,10.7,26.6,0.0,853.6,361.0,100,,0.33,,3,chuk_rwanda
2022-08-22 16:00:00,25.0,39,10.1,9.0,27.0,0.0,853.5,293.0,94,,0.27,,3,chuk_rwanda
2022-08-22 17:00:00,24.9,42,10.9,5.1,21.6,0.0,853.3,173.0,100,,0.16,,3,chuk_rwanda
2022-08-22 18:00:00,23.5,53,13.4,4.1,13.7,0.0,853.1,35.0,100,,0.06,,3,chuk_rwanda
2022-08-22 19:00:00,22.9,49,11.6,5.4,13.0,0.0,853.4,0.0,100,,0.06,,3,chuk_rwanda
2022-08-22 20:00:00,22.2,53,12.1,4.7,14.0,0.0,854.3,0.0,99,,0.02,,3,chuk_rwanda
2022-08-22 21:00:00,21.4,59,13.1,4.1,13.0,0.0,854.7,0.0,100,,0.01,,3,chuk_rwanda
2022-08-22 22:00:00,20.9,65,14.1,4.7,11.2,0.0,855.2,0.0,100,,0.01,,3,chuk_rwanda
2022-08-22 23:00:00,20.1,62,12.6,3.0,11.2,0.0,854.7,0.0,65,,0.0,,2,chuk_rwanda
2022-08-23 00:00:00,19.4,65,12.7,2.1,8.6,0.0,854.1,0.0,74,,0.0,,2,chuk_rwanda
2022-08-23 01:00:00,19.1,64,12.1,1.6,6.8,0.0,853.5,0.0,93,,0.0,,3,chuk_rwanda
2022-08-23 02:00:00,17.0,73,12.1,5.1,6.5,0.0,852.2,0.0,13,,0.0,,0,chuk_rwanda
2022-08-23 03:00:00,17.4,68,11.4,1.9,8.6,0.0,852.0,0.0,52,,0.0,,2,chuk_rwanda
2022-08-23 04:00:00,16.7,68,10.8,3.1,6.5,0.0,851.9,0.0,5,,0.0,,0,chuk_rwanda
2022-08-23 05:00:00,15.7,71,10.4,3.9,7.6,0.0,851.9,0.0,100,,0.0,,3,chuk_rwanda
2022-08-23 06:00:00,15.7,74,11.0,0.7,7.2,0.0,853.0,0.0,73,,0.0,,2,chuk_rwanda
2022-08-23 07:00:00,17.0,68,11.1,1.1,5.4,0.0,854.6,61.0,92,,0.02,,3,chuk_rwanda
2022-08-23 08:00:00,20.4,54,10.6,2.3,9.0,0.0,857.4,267.0,98,,0.16,,3,chuk_rwanda
2022-08-23 09:00:00,21.8,46,9.6,8.9,23.0,0.0,858.4,499.0,99,,0.34,,3,chuk_rwanda
2022-08-23 10:00:00,23.1,41,9.2,10.1,26.6,0.0,858.5,664.0,15,,0.47,,0,chuk_rwanda
2022-08-23 11:00:00,24.6,38,9.2,9.9,27.4,0.0,858.4,863.0,76,,0.61,,2,chuk_rwanda
2022-08-23 12:00:00,26.4,34,9.4,10.8,28.8,0.0,857.7,957.0,97,,0.7,,3,chuk_rwanda
2022-08-23 13:00:00,26.7,33,9.0,11.2,29.5,0.0,856.6,774.0,97,,0.6,,3,chuk_rwanda
2022-08-23 14:00:00,27.0,34,9.8,10.7,29.2,0.0,856.7,398.0,100,,0.38,,3,chuk_rwanda
2022-08-23 15:00:00,26.6,34,9.4,10.7,27.4,0.0,855.7,622.0,51,,0.49,,2,chuk_rwanda
2022-08-23 16:00:00,26.4,33,9.1,11.2,27.0,0.0,855.2,452.0,63,,0.38,,2,chuk_rwanda
2022-08-23 17:00:00,25.5,38,10.1,5.7,26.3,0.0,854.7,200.0,92,,0.18,,3,chuk_rwanda
2022-08-23 18:00:00,23.8,48,12.1,4.3,13.7,0.0,854.5,50.0,98,,0.06,,3,chuk_rwanda
2022-08-23 19:00:00,22.8,51,12.1,4.3,11.2,0.0,854.8,0.0,100,,0.05,,3,chuk_rwanda
2022-08-23 20:00:00,22.0,53,12.1,4.1,10.1,0.0,855.7,0.0,98,,0.01,,3,chuk_rwanda
2022-08-23 21:00:00,21.2,56,12.1,3.4,10.1,0.0,855.8,0.0,42,,0.01,,1,chuk_rwanda
2022-08-23 22:00:00,20.0,60,12.0,2.9,9.4,0.0,855.7,0.0,39,,0.0,,1,chuk_rwanda
2022-08-23 23:00:00,18.9,63,11.6,1.9,7.9,0.0,855.4,0.0,51,,0.0,,2,chuk_rwanda
2022-08-24 00:00:00,17.6,66,11.2,5.1,7.9,0.0,854.7,0.0,40,,0.01,,1,chuk_rwanda
2022-08-24 01:00:00,17.1,68,11.1,6.1,11.2,0.0,854.2,0.0,59,,0.01,,2,chuk_rwanda
2022-08-24 02:00:00,15.8,75,11.4,4.7,10.8,0.0,852.9,0.0,44,,0.0,,1,chuk_rwanda
2022-08-24 03:00:00,15.2,78,11.4,2.7,8.6,0.0,852.7,0.0,100,,0.0,,3,chuk_rwanda
2022-08-24 04:00:00,15.4,78,11.6,1.1,5.8,0.0,853.1,0.0,80,,0.0,,3,chuk_rwanda
2022-08-24 05:00:00,16.0,81,12.8,1.8,6.8,0.0,854.1,0.0,32,,0.0,,1,chuk_rwanda
2022-08-24 06:00:00,16.4,69,10.6,4.4,9.0,0.0,855.2,0.0,55,,0.0,,2,chuk_rwanda
2022-08-24 07:00:00,16.6,72,11.6,5.2,11.9,0.0,856.2,61.0,63,,0.04,,2,chuk_rwanda
2022-08-24 08:00:00,19.0,57,10.2,7.6,19.1,0.0,858.0,273.0,93,,0.18,,3,chuk_rwanda
2022-08-24 09:00:00,20.6,48,9.3,9.5,25.2,0.0,858.8,518.0,97,,0.34,,3,chuk_rwanda
2022-08-24 10:00:00,22.4,42,8.9,10.6,27.7,0.0,858.9,720.0,94,,0.49,,3,chuk_rwanda
2022-08-24 11:00:00,24.3,37,8.8,12.8,32.0,0.0,858.7,877.0,100,,0.62,,3,chuk_rwanda
2022-08-24 12:00:00,24.6,36,8.7,11.7,32.8,0.0,857.6,660.0,100,,0.51,,3,chuk_rwanda
2022-08-24 13:00:00,24.9,36,8.6,10.5,29.2,0.0,856.7,482.0,100,,0.41,,3,chuk_rwanda
2022-08-24 14:00:00,24.4,38,9.1,8.4,25.9,0.0,856.4,454.0,100,,0.37,,3,chuk_rwanda
2022-08-24 15:00:00,24.1,38,8.9,8.7,21.2,0.0,855.6,302.0,98,,0.28,,3,chuk_rwanda
2022-08-24 16:00:00,24.2,38,8.9,8.5,22.0,0.0,855.2,284.0,74,,0.26,,2,chuk_rwanda
2022-08-24 17:00:00,23.8,40,9.4,6.3,20.9,0.0,855.1,213.0,27,,0.18,,1,chuk_rwanda
2022-08-24 18:00:00,21.9,64,14.8,2.9,15.8,0.0,854.3,68.0,27,,0.05,,1,chuk_rwanda
2022-08-24 19:00:00,20.4,61,12.6,4.4,6.5,0.0,854.2,0.0,7,,0.04,,0,chuk_rwanda
2022-08-24 20:00:00,19.1,66,12.6,4.2,6.8,0.0,854.3,0.0,13,,0.0,,0,chuk_rwanda
2022-08-24 21:00:00,18.5,60,10.6,2.9,6.1,0.0,854.9,0.0,5,,0.0,,0,chuk_rwanda
2022-08-24 22:00:00,17.6,59,9.4,5.9,10.8,0.0,854.8,0.0,3,,0.02,,0,chuk_rwanda
2022-08-24 23:00:00,16.7,64,9.9,5.1,10.8,0.0,854.1,0.0,7,,0.01,,0,chuk_rwanda
2022-08-25 00:00:00,16.4,65,9.7,4.7,9.4,0.0,853.8,0.0,1,,0.01,,0,chuk_rwanda
2022-08-25 01:00:00,15.5,72,10.6,4.3,8.6,0.0,852.9,0.0,0,,0.0,,0,chuk_rwanda
2022-08-25 02:00:00,15.4,69,9.6,5.1,8.3,0.0,852.5,0.0,0,,0.0,,0,chuk_rwanda
2022-08-25 03:00:00,15.4,67,9.4,5.2,9.7,0.0,852.4,0.0,96,,0.01,,3,chuk_rwanda
2022-08-25 04:00:00,15.0,71,9.8,4.1,9.4,0.0,852.5,0.0,100,,0.0,,3,chuk_rwanda
2022-08-25 05:00:00,14.8,71,9.5,4.0,6.8,0.0,852.7,0.0,18,,0.0,,0,chuk_rwanda
2022-08-25 06:00:00,13.8,80,10.4,2.5,6.8,0.0,853.0,0.0,10,,0.0,,0,chuk_rwanda
2022-08-25 07:00:00,15.5,68,9.6,3.4,9.4,0.0,855.2,63.0,12,,0.03,,0,chuk_rwanda
2022-08-25 08:00:00,18.4,59,10.3,2.9,11.2,0.0,857.6,276.0,13,,0.16,,0,chuk_rwanda
2022-08-25 09:00:00,21.0,51,10.3,5.8,18.0,0.0,858.5,521.0,0,,0.34,,0,chuk_rwanda
2022-08-25 10:00:00,23.0,42,9.4,7.0,21.2,0.0,858.6,730.0,0,,0.5,,0,chuk_rwanda
2022-08-25 11:00:00,24.7,36,8.5,7.1,22.0,0.0,858.0,883.0,0,,0.62,,0,chuk_rwanda
2022-08-25 12:00:00,26.2,32,8.2,7.5,23.4,0.0,857.3,965.0,2,,0.7,,0,chuk_rwanda
2022-08-25 13:00:00,27.3,29,7.8,6.5,23.0,0.0,856.0,868.0,100,,0.65,,3,chuk_rwanda
2022-08-25 14:00:00,25.3,33,7.9,8.9,23.8,0.0,855.5,547.0,100,,0.44,,3,chuk_rwanda
2022-08-25 15:00:00,25.2,33,7.9,9.9,24.1,0.0,854.3,422.0,100,,0.37,,3,chuk_rwanda
2022-08-25 16:00:00,25.0,34,8.1,8.9,24.8,0.0,853.7,291.0,19,,0.27,,0,chuk_rwanda
2022-08-25 17:00:00,24.9,36,9.0,5.0,21.6,0.0,853.5,258.0,10,,0.2,,0,chuk_rwanda
2022-08-25 18:00:00,22.9,48,11.4,4.8,13.0,0.0,852.9,63.0,18,,0.07,,0,chuk_rwanda
2022-08-25 19:00:00,21.4,49,10.1,5.4,12.2,0.0,853.0,0.0,5,,0.06,,0,chuk_rwanda
2022-08-25 20:00:00,22.2,36,6.2,5.6,11.9,0.0,854.3,0.0,9,,0.04,,0,chuk_rwanda
2022-08-25 21:00:00,21.7,37,6.2,3.3,10.8,0.0,855.0,0.0,6,,0.02,,0,chuk_rwanda
2022-08-25 22:00:00,18.4,61,10.8,2.5,8.3,0.0,853.6,0.0,3,,0.0,,0,chuk_rwanda
2022-08-25 23:00:00,17.6,55,8.6,3.6,6.1,0.0,853.3,0.0,2,,0.01,,0,chuk_rwanda
2022-08-26 00:00:00,16.2,63,9.1,3.8,7.6,0.0,852.3,0.0,1,,0.0,,0,chuk_rwanda
2022-08-26 01:00:00,15.8,63,8.8,3.6,7.2,0.0,851.9,0.0,1,,0.0,,0,chuk_rwanda
2022-08-26 02:00:00,15.9,61,8.4,4.7,7.6,0.0,851.3,0.0,11,,0.01,,0,chuk_rwanda
2022-08-26 03:00:00,15.2,64,8.4,4.7,9.4,0.0,850.9,0.0,74,,0.01,,2,chuk_rwanda
2022-08-26 04:00:00,14.8,65,8.3,5.1,8.6,0.0,850.6,0.0,79,,0.01,,2,chuk_rwanda
2022-08-26 05:00:00,13.9,69,8.2,6.8,12.2,0.0,850.6,0.0,78,,0.01,,2,chuk_rwanda
2022-08-26 06:00:00,13.6,70,8.2,6.3,12.6,0.0,851.0,0.0,77,,0.01,,2,chuk_rwanda
2022-08-26 07:00:00,15.7,64,8.9,5.2,11.5,0.0,852.8,59.0,76,,0.04,,2,chuk_rwanda
2022-08-26 08:00:00,20.6,49,9.4,0.0,9.4,0.0,856.4,267.0,71,,0.15,,2,chuk_rwanda
2022-08-26 09:00:00,22.9,38,7.9,8.5,22.0,0.0,857.6,498.0,71,,0.36,,2,chuk_rwanda
2022-08-26 10:00:00,24.1,34,7.2,12.3,31.0,0.0,857.8,706.0,27,,0.52,,1,chuk_rwanda
2022-08-26 11:00:00,25.8,31,7.4,11.1,31.0,0.0,857.5,885.0,75,,0.65,,2,chuk_rwanda
2022-08-26 12:00:00,27.2,29,7.6,9.7,29.9,0.0,856.3,966.0,1,,0.72,,0,chuk_rwanda
2022-08-26 13:00:00,28.5,27,7.6,7.4,27.4,0.0,855.3,969.0,56,,0.73,,2,chuk_rwanda
2022-08-26 14:00:00,28.0,27,7.4,7.0,23.0,0.0,854.7,813.0,100,,0.62,,3,chuk_rwanda
2022-08-26 15:00:00,27.4,28,7.2,9.2,23.4,0.0,853.5,480.0,100,,0.42,,3,chuk_rwanda
2022-08-26 16:00:00,26.6,29,7.2,10.7,25.9,0.0,852.9,351.0,100,,0.33,,3,chuk_rwanda
2022-08-26 17:00:00,25.6,33,8.2,5.7,24.8,0.0,852.5,138.0,96,,0.16,,3,chuk_rwanda
2022-08-26 18:00:00,23.9,52,13.4,4.7,14.4,0.0,852.0,50.0,100,,0.06,,3,chuk_rwanda
2022-08-26 19:00:00,23.3,41,9.3,6.1,13.3,0.0,852.6,0.0,100,,0.07,,3,chuk_rwanda
2022-08-26 20:00:00,22.7,43,9.5,6.0,14.8,0.0,853.4,0.0,100,,0.04,,3,chuk_rwanda
2022-08-26 21:00:00,22.0,46,10.1,4.9,13.7,0.0,853.7,0.0,100,,0.03,,3,chuk_rwanda
2022-08-26 22:00:00,21.7,45,9.3,7.9,16.9,0.0,854.1,0.0,61,,0.05,,2,chuk_rwanda
2022-08-26 23:00:00,19.7,67,13.4,4.8,18.0,0.0,854.2,0.0,9,,0.01,,0,chuk_rwanda
2022-08-27 00:00:00,18.1,73,13.2,3.8,10.1,0.0,853.2,0.0,26,,0.0,,1,chuk_rwanda
2022-08-27 01:00:00,17.1,75,12.7,5.4,10.1,0.0,852.0,0.0,3,,0.0,,0,chuk_rwanda
2022-08-27 02:00:00,16.5,72,11.3,7.4,15.1,0.0,850.9,0.0,6,,0.01,,0,chuk_rwanda
2022-08-27 03:00:00,16.0,73,11.3,8.4,15.5,0.0,850.5,0.0,9,,0.01,,0,chuk_rwanda
2022-08-27 04:00:00,15.6,73,10.8,8.0,16.9,0.0,850.3,0.0,10,,0.01,,0,chuk_rwanda
2022-08-27 05:00:00,14.9,76,10.8,7.1,15.5,0.0,850.0,0.0,10,,0.0,,0,chuk_rwanda
2022-08-27 06:00:00,14.4,81,11.1,6.6,12.6,0.0,850.5,0.0,83,,0.0,,3,chuk_rwanda
2022-08-27 07:00:00,16.1,76,11.9,6.4,14.4,0.0,852.0,64.0,85,,0.04,,3,chuk_rwanda
2022-08-27 08:00:00,20.4,63,13.1,2.2,14.0,0.0,854.8,255.0,42,,0.16,,1,chuk_rwanda
2022-08-27 09:00:00,23.4,48,11.6,5.4,16.9,0.0,856.1,503.0,66,,0.35,,2,chuk_rwanda
2022-08-27 10:00:00,25.4,38,10.1,10.8,27.0,0.0,856.5,734.0,54,,0.54,,2,chuk_rwanda
2022-08-27 11:00:00,26.1,36,10.1,14.0,34.9,0.0,856.5,808.0,100,,0.61,,3,chuk_rwanda
2022-08-27 12:00:00,26.2,38,10.7,13.9,36.0,0.0,856.0,808.0,66,,0.61,,2,chuk_rwanda
2022-08-27 13:00:00,26.1,37,10.2,9.4,34.9,0.0,854.7,540.0,18,,0.45,,0,chuk_rwanda
2022-08-27 14:00:00,26.8,34,9.6,8.8,24.1,0.0,854.0,732.0,20,,0.56,,1,chuk_rwanda
2022-08-27 15:00:00,26.8,33,9.3,5.6,22.0,0.0,853.1,416.0,100,,0.34,,3,chuk_rwanda
2022-08-27 16:00:00,27.0,32,8.9,9.7,22.0,0.0,852.7,272.0,100,,0.28,,3,chuk_rwanda
2022-08-27 17:00:00,25.9,36,9.8,6.2,24.1,0.0,852.3,152.0,100,,0.16,,3,chuk_rwanda
2022-08-27 18:00:00,22.9,51,12.1,15.9,34.6,0.0,852.6,25.0,98,,0.13,,3,chuk_rwanda
2022-08-27 19:00:00,21.0,62,13.4,11.2,35.3,0.0,852.9,0.0,18,,0.04,,0,chuk_rwanda
2022-08-27 20:00:00,19.8,71,14.2,9.2,24.8,0.0,853.4,0.0,22,,0.02,,1,chuk_rwanda
2022-08-27 21:00:00,19.0,74,14.2,8.6,20.5,0.0,853.9,0.0,36,,0.01,,1,chuk_rwanda
2022-08-27 22:00:00,18.4,75,13.9,10.4,21.2,0.0,854.3,0.0,34,,0.02,,1,chuk_rwanda
2022-08-27 23:00:00,17.9,79,14.1,7.6,21.6,0.0,854.2,0.0,49,,0.01,,1,chuk_rwanda
2022-08-28 00:00:00,17.5,80,14.1,6.1,14.8,0.0,853.9,0.0,43,,0.0,,1,chuk_rwanda
2022-08-28 01:00:00,17.2,81,13.9,6.3,12.2,0.0,853.0,0.0,72,,0.0,,2,chuk_rwanda
2022-08-28 02:00:00,16.8,84,14.1,5.4,13.0,0.0,851.7,0.0,29,,0.0,,1,chuk_rwanda
2022-08-28 03:00:00,16.5,86,14.1,6.2,11.5,0.0,851.2,0.0,34,,0.0,,1,chuk_rwanda
2022-08-28 04:00:00,16.9,84,14.1,4.9,12.2,0.0,851.4,0.0,100,,0.0,,3,chuk_rwanda
2022-08-28 05:00:00,17.2,82,14.1,3.6,8.6,0.0,851.7,0.0,100,,0.0,,3,chuk_rwanda
2022-08-28 06:00:00,16.9,85,14.3,2.6,5.4,0.0,852.0,0.0,69,,0.0,,2,chuk_rwanda
2022-08-28 07:00:00,17.6,81,14.3,3.8,9.4,0.0,853.3,64.0,91,,0.03,,3,chuk_rwanda
2022-08-28 08:00:00,20.4,68,14.2,1.8,9.7,0.0,855.2,266.0,100,,0.16,,3,chuk_rwanda
2022-08-28 09:00:00,22.5,56,13.2,5.4,16.9,0.0,856.2,482.0,100,,0.33,,3,chuk_rwanda
2022-08-28 10:00:00,23.3,51,12.6,8.7,23.0,0.1,856.3,504.0,99,,0.37,,51,chuk_rwanda
2022-08-28 11:00:00,25.0,46,12.6,9.7,26.6,0.0,856.2,747.0,100,,0.54,,3,chuk_rwanda
2022-08-28 12:00:00,25.4,45,12.6,9.4,27.0,0.0,855.3,630.0,99,,0.48,,3,chuk_rwanda
2022-08-28 13:00:00,25.6,45,12.6,9.0,25.2,0.0,854.2,561.0,63,,0.44,,2,chuk_rwanda
2022-08-28 14:00:00,24.0,49,12.6,0.4,23.8,0.0,853.3,560.0,19,,0.4,,0,chuk_rwanda
2022-08-28 15:00:00,22.1,65,15.4,13.5,31.3,3.1,852.7,570.0,74,,0.38,,63,chuk_rwanda
2022-08-28 16:00:00,22.3,64,15.1,5.1,31.7,0.1,852.7,321.0,74,,0.23,,51,chuk_rwanda
2022-08-28 17:00:00,20.0,76,15.5,6.0,15.5,3.2,852.7,201.0,84,,0.14,,63,chuk_rwanda
2022-08-28 18:00:00,18.8,82,15.7,4.7,13.7,0.0,852.6,40.0,74,,0.04,,2,chuk_rwanda
2022-08-28 19:00:00,17.8,91,16.4,4.1,9.7,0.0,852.6,0.0,73,,0.0,,2,chuk_rwanda
2022-08-28 20:00:00,17.4,93,16.2,4.2,10.4,0.0,854.0,0.0,97,,0.0,,3,chuk_rwanda
2022-08-28 21:00:00,17.0,93,15.8,4.6,11.2,5.4,855.5,0.0,100,,0.0,,63,chuk_rwanda
2022-08-28 22:00:00,17.1,94,16.0,5.4,11.5,0.1,856.2,0.0,100,,0.0,,51,chuk_rwanda
2022-08-28 23:00:00,16.9,94,15.9,6.8,13.7,0.2,855.8,0.0,99,,0.0,,51,chuk_rwanda
2022-08-29 00:00:00,16.5,94,15.4,7.8,17.6,0.2,855.7,0.0,100,,0.0,,51,chuk_rwanda
2022-08-29 01:00:00,16.5,90,14.9,7.9,18.7,0.1,854.8,0.0,100,,0.0,,51,chuk_rwanda
2022-08-29 02:00:00,16.5,91,14.9,6.0,15.1,0.0,853.7,0.0,100,,0.0,,3,chuk_rwanda
2022-08-29 03:00:00,16.6,91,15.1,6.1,12.2,0.0,853.7,0.0,100,,0.0,,3,chuk_rwanda
2022-08-29 04:00:00,16.7,90,15.1,6.6,15.1,0.0,853.6,0.0,100,,0.0,,3,chuk_rwanda
2022-08-29 05:00:00,16.5,90,14.9,5.1,13.3,0.0,853.7,0.0,100,,0.0,,3,chuk_rwanda
2022-08-29 06:00:00,16.3,91,14.8,4.7,10.8,0.0,853.7,0.0,100,,0.0,,3,chuk_rwanda
2022-08-29 07:00:00,16.9,89,15.1,5.9,11.2,0.0,854.6,17.0,91,,0.03,,3,chuk_rwanda
2022-08-29 08:00:00,18.6,82,15.5,4.1,13.0,0.0,856.1,135.0,69,,0.09,,2,chuk_rwanda
2022-08-29 09:00:00,20.8,69,14.9,2.8,11.9,0.0,857.2,293.0,100,,0.2,,3,chuk_rwanda
2022-08-29 10:00:00,20.9,67,14.6,3.1,12.2,0.0,857.1,186.0,100,,0.15,,3,chuk_rwanda
2022-08-29 11:00:00,21.9,62,14.4,3.5,11.9,0.0,856.8,274.0,99,,0.21,,3,chuk_rwanda
2022-08-29 12:00:00,23.4,55,13.8,4.3,18.7,0.0,856.4,444.0,96,,0.33,,3,chuk_rwanda
2022-08-29 13:00:00,24.2,51,13.6,6.5,20.2,0.0,855.3,495.0,29,,0.38,,1,chuk_rwanda
2022-08-29 14:00:00,24.9,45,12.0,3.8,20.5,0.0,854.3,523.0,36,,0.39,,1,chuk_rwanda
2022-08-29 15:00:00,24.5,48,12.9,7.8,20.2,0.2,853.6,701.0,71,,0.49,,51,chuk_rwanda
2022-08-29 16:00:00,23.2,58,14.5,4.7,22.3,0.5,853.5,390.0,75,,0.28,,53,chuk_rwanda
2022-08-29 17:00:00,21.0,69,15.1,10.1,22.0,1.3,853.2,162.0,84,,0.14,,61,chuk_rwanda
2022-08-29 18:00:00,19.8,74,15.1,8.9,21.6,0.0,853.4,35.0,47,,0.05,,1,chuk_rwanda
2022-08-29 19:00:00,18.5,80,14.9,5.4,19.4,0.0,853.5,0.0,56,,0.0,,2,chuk_rwanda
2022-08-29 20:00:00,17.5,86,15.2,4.3,12.2,0.0,854.1,0.0,51,,0.0,,2,chuk_rwanda
2022-08-29 21:00:00,16.8,91,15.2,4.4,10.4,0.0,854.2,0.0,51,,0.0,,2,chuk_rwanda
2022-08-29 22:00:00,16.5,93,15.4,4.2,10.1,0.1,854.8,0.0,79,,0.0,,51,chuk_rwanda
2022-08-29 23:00:00,16.5,93,15.4,9.7,23.4,3.1,856.1,0.0,98,,0.0,,63,chuk_rwanda
2022-08-30 00:00:00,16.0,96,15.4,3.1,19.4,0.6,855.0,0.0,84,,0.0,,53,chuk_rwanda
2022-08-30 01:00:00,15.8,97,15.2,2.5,8.3,0.0,854.8,0.0,100,,0.0,,3,chuk_rwanda
2022-08-30 02:00:00,16.3,93,15.2,3.4,6.8,0.1,854.7,0.0,100,,0.0,,51,chuk_rwanda
2022-08-30 03:00:00,16.5,92,15.2,4.7,10.4,0.6,854.2,0.0,100,,0.0,,53,chuk_rwanda
2022-08-30 04:00:00,16.3,94,15.4,5.7,11.9,0.6,853.8,0.0,100,,0.0,,53,chuk_rwanda
2022-08-30 05:00:00,16.5,94,15.4,5.4,12.6,0.4,853.9,0.0,100,,0.0,,51,chuk_rwanda
2022-08-30 06:00:00,16.2,94,15.2,3.6,11.2,0.0,854.2,0.0,100,,0.0,,3,chuk_rwanda
2022-08-30 07:00:00,17.1,91,15.6,4.0,8.6,0.0,855.3,29.0,100,,0.03,,3,chuk_rwanda
2022-08-30 08:00:00,18.2,85,15.7,2.0,9.4,0.0,856.6,115.0,100,,0.08,,3,chuk_rwanda
2022-08-30 09:00:00,20.1,75,15.5,3.2,13.0,0.0,857.9,317.0,100,,0.21,,3,chuk_rwanda
2022-08-30 10:00:00,22.5,61,14.7,4.0,16.9,0.0,858.4,624.0,100,,0.42,,3,chuk_rwanda
2022-08-30 11:00:00,24.1,56,14.8,0.5,15.5,0.0,858.4,746.0,100,,0.53,,3,chuk_rwanda
2022-08-30 12:00:00,25.5,48,13.8,1.6,12.2,0.0,857.0,798.0,100,,0.58,,3,chuk_rwanda
2022-08-30 13:00:00,22.6,59,14.2,8.3,18.7,0.5,855.4,186.0,100,,0.18,,53,chuk_rwanda
2022-08-30 14:00:00,20.0,75,15.4,1.8,21.6,0.2,854.7,422.0,100,,0.29,,51,chuk_rwanda
2022-08-30 15:00:00,22.9,63,15.4,1.1,15.1,0.0,855.0,451.0,100,,0.32,,3,chuk_rwanda
2022-08-30 16:00:00,21.6,67,15.1,2.9,14.4,3.0,854.4,311.0,100,,0.22,,63,chuk_rwanda
2022-08-30 17:00:00,18.1,86,15.9,7.9,18.0,9.4,854.5,107.0,100,,0.08,,65,chuk_rwanda
2022-08-30 18:00:00,17.7,89,15.9,3.3,19.8,1.9,855.1,21.0,100,,0.03,,61,chuk_rwanda
2022-08-30 19:00:00,17.1,93,15.9,3.1,8.6,0.7,855.4,0.0,100,,0.0,,53,chuk_rwanda
2022-08-30 20:00:00,16.9,94,15.9,4.8,10.1,0.5,855.9,0.0,100,,0.0,,53,chuk_rwanda
2022-08-30 21:00:00,16.8,96,16.1,2.5,11.2,0.2,856.4,0.0,100,,0.0,,51,chuk_rwanda
2022-08-30 22:00:00,16.8,95,15.9,3.6,7.9,0.0,856.4,0.0,100,,0.0,,3,chuk_rwanda
2022-08-30 23:00:00,16.2,96,15.6,3.3,7.9,0.0,855.6,0.0,100,,0.0,,3,chuk_rwanda
2022-08-31 00:00:00,15.5,98,15.2,4.1,6.5,0.0,854.8,0.0,100,,0.0,,3,chuk_rwanda
2022-08-31 01:00:00,15.2,99,15.1,4.3,7.2,0.0,853.8,0.0,100,,0.0,,3,chuk_rwanda
2022-08-31 02:00:00,16.4,97,15.9,4.0,7.6,0.0,854.0,0.0,100,,0.0,,3,chuk_rwanda
2022-08-31 03:00:00,16.1,97,15.7,2.3,7.2,0.1,853.5,0.0,100,,0.0,,51,chuk_rwanda
2022-08-31 04:00:00,16.1,96,15.5,5.4,9.7,0.0,853.3,0.0,100,,0.0,,3,chuk_rwanda
2022-08-31 05:00:00,15.8,95,14.9,5.8,12.2,0.0,853.0,0.0,100,,0.0,,3,chuk_rwanda
2022-08-31 06:00:00,15.6,95,14.8,4.0,11.9,0.0,853.1,0.0,100,,0.0,,3,chuk_rwanda
2022-08-31 07:00:00,16.7,91,15.1,5.4,9.7,0.0,854.2,28.0,100,,0.03,,3,chuk_rwanda
2022-08-31 08:00:00,18.2,86,15.9,3.8,11.2,0.0,855.6,138.0,100,,0.09,,3,chuk_rwanda
2022-08-31 09:00:00,20.9,72,15.6,3.9,13.7,0.0,857.0,348.0,99,,0.23,,3,chuk_rwanda
2022-08-31 10:00:00,22.9,61,14.9,4.0,20.9,0.0,857.2,596.0,49,,0.41,,1,chuk_rwanda
2022-08-31 11:00:00,24.7,53,14.6,8.3,24.5,0.0,857.3,849.0,32,,0.59,,1,chuk_rwanda
2022-08-31 12:00:00,25.5,49,13.9,11.2,29.2,0.0,856.6,901.0,99,,0.64,,3,chuk_rwanda
2022-08-31 13:00:00,25.5,48,13.5,11.2,29.2,0.0,855.3,777.0,79,,0.57,,2,chuk_rwanda
2022-08-31 14:00:00,22.6,64,15.4,15.2,28.8,0.1,854.2,711.0,66,,0.47,,51,chuk_rwanda
2022-08-31 15:00:00,22.8,65,15.8,1.8,34.6,2.8,854.2,512.0,100,,0.36,,63,chuk_rwanda
2022-08-31 16:00:00,22.6,61,14.9,1.6,16.9,0.0,853.8,295.0,100,,0.21,,3,chuk_rwanda
2022-08-31 17:00:00,21.1,72,15.8,10.7,23.4,0.2,854.0,200.0,100,,0.15,,51,chuk_rwanda
2022-08-31 18:00:00,18.1,89,16.4,2.9,26.6,5.0,854.0,48.0,100,,0.03,,63,chuk_rwanda
2022-08-31 19:00:00,18.2,92,16.9,1.5,6.8,0.4,854.8,0.0,100,,0.0,,51,chuk_rwanda
2022-08-31 20:00:00,17.9,96,17.2,1.4,5.8,0.4,855.4,0.0,100,,0.0,,51,chuk_rwanda
2022-08-31 21:00:00,17.9,95,17.1,2.3,10.1,0.1,855.7,0.0,100,,0.0,,51,chuk_rwanda
2022-08-31 22:00:00,17.5,96,16.8,2.9,6.1,0.8,856.0,0.0,100,,0.0,,53,chuk_rwanda
2022-08-31 23:00:00,17.0,95,16.2,3.4,7.6,0.0,855.6,0.0,100,,0.0,,3,chuk_rwanda
2022-09-01 00:00:00,16.8,96,16.0,4.3,9.4,0.0,854.7,0.0,100,,0.0,,3,chuk_rwanda
2022-09-01 01:00:00,16.0,96,15.4,5.4,11.9,0.0,853.4,0.0,100,,0.0,,3,chuk_rwanda
2022-09-01 02:00:00,17.3,94,16.2,5.5,14.0,0.0,853.8,0.0,100,,0.0,,3,chuk_rwanda
2022-09-01 03:00:00,17.2,93,16.0,5.7,10.8,0.5,853.5,0.0,100,,0.0,,53,chuk_rwanda
2022-09-01 04:00:00,17.1,93,15.9,6.2,11.5,1.3,853.1,0.0,100,,0.0,,61,chuk_rwanda
2022-09-01 05:00:00,17.0,93,15.9,5.9,11.9,1.0,853.5,0.0,100,,0.0,,55,chuk_rwanda
2022-09-01 06:00:00,16.9,94,15.9,4.6,10.4,0.8,853.9,0.0,100,,0.0,,53,chuk_rwanda
2022-09-01 07:00:00,17.2,93,16.1,3.8,7.6,1.4,854.8,13.0,100,,0.02,,61,chuk_rwanda
2022-09-01 08:00:00,17.9,90,16.2,2.1,7.2,0.9,856.1,76.0,100,,0.06,,53,chuk_rwanda
2022-09-01 09:00:00,18.1,87,15.9,1.5,7.6,0.5,856.8,128.0,100,,0.1,,53,chuk_rwanda
2022-09-01 10:00:00,19.1,78,15.2,6.5,18.0,0.2,857.0,310.0,96,,0.21,,51,chuk_rwanda
2022-09-01 11:00:00,20.7,67,14.2,12.1,29.9,0.1,856.8,574.0,100,,0.38,,51,chuk_rwanda
2022-09-01 12:00:00,22.5,56,13.4,9.6,31.3,0.0,855.9,739.0,93,,0.5,,3,chuk_rwanda
2022-09-01 13:00:00,24.2,48,12.6,10.2,29.5,0.0,854.6,844.0,70,,0.59,,2,chuk_rwanda
2022-09-01 14:00:00,20.5,65,13.8,3.7,29.9,0.2,854.3,741.0,76,,0.49,,51,chuk_rwanda
2022-09-01 15:00:00,22.0,57,13.1,4.7,15.1,0.0,853.7,352.0,97,,0.26,,3,chuk_rwanda
2022-09-01 16:00:00,22.7,52,12.2,3.0,13.7,0.0,853.3,273.0,75,,0.2,,2,chuk_rwanda
2022-09-01 17:00:00,22.6,51,11.9,5.6,14.8,0.0,853.3,194.0,100,,0.16,,3,chuk_rwanda
2022-09-01 18:00:00,21.6,60,13.4,4.0,13.7,0.0,853.4,26.0,100,,0.05,,3,chuk_rwanda
2022-09-01 19:00:00,21.0,60,13.0,4.8,10.8,0.0,854.0,0.0,100,,0.01,,3,chuk_rwanda
2022-09-01 20:00:00,20.2,65,13.4,3.7,10.8,0.0,854.3,0.0,100,,0.0,,3,chuk_rwanda
2022-09-01 21:00:00,19.2,68,13.1,2.9,7.6,0.0,854.4,0.0,100,,0.0,,3,chuk_rwanda
2022-09-01 22:00:00,18.0,71,12.6,4.3,7.2,0.0,854.2,0.0,42,,0.0,,1,chuk_rwanda
2022-09-01 23:00:00,16.5,79,12.7,7.6,13.3,0.0,853.3,0.0,6,,0.0,,0,chuk_rwanda
2022-09-02 00:00:00,15.9,79,12.4,8.1,15.1,0.0,852.7,0.0,32,,0.0,,1,chuk_rwanda
2022-09-02 01:00:00,15.6,79,11.9,7.7,15.1,0.0,852.2,0.0,58,,0.0,,2,chuk_rwanda
2022-09-02 02:00:00,16.1,78,12.4,8.3,16.2,0.0,851.4,0.0,99,,0.01,,3,chuk_rwanda
2022-09-02 03:00:00,16.0,78,12.1,8.0,15.1,0.0,851.0,0.0,6,,0.01,,0,chuk_rwanda
2022-09-02 04:00:00,15.4,79,11.9,8.0,15.5,0.0,851.1,0.0,13,,0.0,,0,chuk_rwanda
2022-09-02 05:00:00,15.2,80,11.7,6.4,14.8,0.0,851.3,0.0,16,,0.0,,0,chuk_rwanda
2022-09-02 06:00:00,14.6,83,11.8,3.3,11.2,0.0,851.7,0.0,1,,0.0,,0,chuk_rwanda
2022-09-02 07:00:00,15.9,79,12.4,1.8,6.8,0.0,853.7,72.0,7,,0.03,,0,chuk_rwanda
2022-09-02 08:00:00,19.3,67,12.9,2.9,11.2,0.0,856.5,292.0,14,,0.17,,0,chuk_rwanda
2022-09-02 09:00:00,21.4,61,13.4,7.6,20.9,0.0,857.4,526.0,31,,0.34,,1,chuk_rwanda
2022-09-02 10:00:00,22.5,52,12.3,11.1,28.4,0.0,857.9,654.0,76,,0.45,,2,chuk_rwanda
2022-09-02 11:00:00,22.9,50,11.9,10.9,28.8,0.0,857.4,600.0,100,,0.43,,3,chuk_rwanda
2022-09-02 12:00:00,22.8,50,11.9,7.8,27.0,0.0,856.5,450.0,100,,0.35,,3,chuk_rwanda
2022-09-02 13:00:00,23.5,46,11.4,5.2,19.8,0.0,855.4,463.0,72,,0.36,,2,chuk_rwanda
2022-09-02 14:00:00,24.5,40,10.1,5.1,19.4,0.0,855.0,759.0,42,,0.54,,1,chuk_rwanda
2022-09-02 15:00:00,25.0,39,9.9,0.5,14.8,0.0,854.1,442.0,100,,0.32,,3,chuk_rwanda
2022-09-02 16:00:00,25.6,37,10.0,2.9,9.7,0.0,854.2,408.0,100,,0.3,,3,chuk_rwanda
2022-09-02 17:00:00,25.1,40,10.6,2.9,9.7,0.0,854.1,185.0,100,,0.15,,3,chuk_rwanda
2022-09-02 18:00:00,23.1,52,12.7,3.1,6.1,0.0,854.1,26.0,100,,0.05,,3,chuk_rwanda
2022-09-02 19:00:00,21.8,55,12.2,5.8,11.5,0.0,854.7,0.0,100,,0.02,,3,chuk_rwanda
2022-09-02 20:00:00,20.3,62,12.8,7.3,16.9,0.0,855.3,0.0,100,,0.02,,3,chuk_rwanda
2022-09-02 21:00:00,19.5,69,13.6,5.6,15.8,0.0,855.7,0.0,99,,0.01,,3,chuk_rwanda
2022-09-02 22:00:00,19.1,72,14.0,5.6,13.3,0.0,856.1,0.0,100,,0.01,,3,chuk_rwanda
2022-09-02 23:00:00,18.9,74,14.2,4.4,13.0,0.0,856.3,0.0,100,,0.0,,3,chuk_rwanda
2022-09-03 00:00:00,18.2,76,13.9,7.1,13.0,0.1,855.7,0.0,100,,0.01,,51,chuk_rwanda
2022-09-03 01:00:00,17.9,77,13.8,10.1,19.8,0.0,854.9,0.0,100,,0.01,,3,chuk_rwanda
2022-09-03 02:00:00,18.2,76,13.9,9.4,20.2,0.0,854.8,0.0,100,,0.01,,3,chuk_rwanda
2022-09-03 03:00:00,17.5,79,13.8,8.2,18.0,0.0,854.5,0.0,100,,0.01,,3,chuk_rwanda
2022-09-03 04:00:00,17.4,79,13.8,8.3,16.9,0.0,854.6,0.0,100,,0.01,,3,chuk_rwanda
2022-09-03 05:00:00,17.5,79,13.7,8.1,18.0,0.0,854.7,0.0,100,,0.01,,3,chuk_rwanda
2022-09-03 06:00:00,17.4,79,13.7,8.4,16.9,0.0,854.7,0.0,100,,0.01,,3,chuk_rwanda
2022-09-03 07:00:00,17.8,78,13.9,6.2,16.9,0.0,855.7,24.0,100,,0.04,,3,chuk_rwanda
2022-09-03 08:00:00,19.4,73,14.4,1.1,10.1,0.0,857.5,115.0,100,,0.08,,3,chuk_rwanda
2022-09-03 09:00:00,21.0,62,13.4,3.4,13.3,0.0,858.4,304.0,99,,0.21,,3,chuk_rwanda
2022-09-03 10:00:00,22.8,53,12.6,6.5,18.7,0.0,858.6,526.0,83,,0.38,,3,chuk_rwanda
2022-09-03 11:00:00,24.3,45,11.6,10.7,27.7,0.2,858.6,790.0,77,,0.56,,51,chuk_rwanda
2022-09-03 12:00:00,22.8,54,13.0,11.3,30.2,0.7,857.7,730.0,82,,0.5,,53,chuk_rwanda
2022-09-03 13:00:00,22.2,60,14.1,9.0,29.2,0.7,856.8,537.0,46,,0.38,,53,chuk_rwanda
2022-09-03 14:00:00,24.7,46,12.2,11.0,24.1,0.0,856.3,661.0,31,,0.49,,1,chuk_rwanda
2022-09-03 15:00:00,25.2,42,11.2,7.2,27.0,0.0,855.7,621.0,36,,0.46,,1,chuk_rwanda
2022-09-03 16:00:00,25.5,41,11.1,5.2,19.4,0.0,855.4,416.0,70,,0.32,,2,chuk_rwanda
2022-09-03 17:00:00,24.0,46,11.9,8.9,20.9,0.0,855.0,183.0,100,,0.18,,3,chuk_rwanda
2022-09-03 18:00:00,21.5,61,13.8,11.3,26.3,0.0,855.4,40.0,52,,0.08,,2,chuk_rwanda
2022-09-03 19:00:00,19.3,70,13.8,12.7,27.4,0.0,855.3,0.0,30,,0.03,,1,chuk_rwanda
2022-09-03 20:00:00,18.4,74,13.8,9.1,27.4,0.0,855.7,0.0,24,,0.02,,1,chuk_rwanda
2022-09-03 21:00:00,18.0,77,13.9,9.7,20.2,0.0,856.0,0.0,4,,0.01,,0,chuk_rwanda
2022-09-03 22:00:00,17.8,77,13.6,6.9,20.9,0.0,856.3,0.0,0,,0.01,,0,chuk_rwanda
2022-09-03 23:00:00,16.9,81,13.6,6.5,14.0,0.0,856.0,0.0,5,,0.0,,0,chuk_rwanda
2022-09-04 00:00:00,16.1,85,13.6,9.0,17.3,0.0,855.2,0.0,25,,0.0,,1,chuk_rwanda
2022-09-04 01:00:00,15.7,88,13.6,7.6,17.6,0.0,854.3,0.0,31,,0.0,,1,chuk_rwanda
2022-09-04 02:00:00,16.1,85,13.6,4.7,14.8,0.0,854.5,0.0,41,,0.0,,1,chuk_rwanda
2022-09-04 03:00:00,16.5,85,13.9,4.3,10.1,0.0,854.9,0.0,99,,0.0,,3,chuk_rwanda
2022-09-04 04:00:00,16.5,86,14.1,2.9,7.9,0.0,855.1,0.0,20,,0.0,,1,chuk_rwanda
2022-09-04 05:00:00,15.5,90,13.9,3.3,6.1,0.0,854.7,0.0,3,,0.0,,0,chuk_rwanda
2022-09-04 06:00:00,14.9,90,13.4,6.2,10.8,0.0,854.7,0.0,0,,0.02,,0,chuk_rwanda
2022-09-04 07:00:00,16.5,84,13.9,5.5,13.0,0.0,856.2,75.0,7,,0.04,,0,chuk_rwanda
2022-09-04 08:00:00,20.2,67,13.9,4.9,13.3,0.0,858.3,301.0,5,,0.19,,0,chuk_rwanda
2022-09-04 09:00:00,22.9,55,13.4,6.5,18.7,0.0,859.2,545.0,0,,0.37,,0,chuk_rwanda
2022-09-04 10:00:00,24.9,46,12.4,5.6,18.7,0.0,859.4,753.0,13,,0.53,,0,chuk_rwanda
2022-09-04 11:00:00,26.0,38,10.8,9.2,24.8,0.0,859.1,818.0,26,,0.6,,1,chuk_rwanda
2022-09-04 12:00:00,26.4,37,10.4,11.3,28.4,0.0,858.4,849.0,31,,0.64,,1,chuk_rwanda
2022-09-04 13:00:00,26.8,37,10.6,11.1,29.5,0.0,857.5,818.0,9,,0.62,,0,chuk_rwanda
2022-09-04 14:00:00,26.4,38,10.9,8.9,29.2,0.0,856.6,823.0,16,,0.61,,0,chuk_rwanda
2022-09-04 15:00:00,26.4,38,10.9,7.0,23.0,0.0,856.1,631.0,13,,0.48,,0,chuk_rwanda
2022-09-04 16:00:00,26.4,37,10.6,6.3,19.8,0.0,855.5,507.0,14,,0.38,,0,chuk_rwanda
2022-09-04 17:00:00,25.5,44,12.2,3.3,16.2,0.0,855.4,250.0,25,,0.18,,1,chuk_rwanda
2022-09-04 18:00:00,23.0,62,15.5,4.8,8.6,0.0,854.6,58.0,37,,0.05,,1,chuk_rwanda
2022-09-04 19:00:00,22.2,62,14.6,2.9,7.6,0.0,854.7,0.0,40,,0.0,,1,chuk_rwanda
2022-09-04 20:00:00,23.0,44,10.1,2.9,6.1,0.0,856.2,0.0,100,,0.01,,3,chuk_rwanda
2022-09-04 21:00:00,21.3,56,12.1,6.8,14.0,0.0,856.8,0.0,100,,0.03,,3,chuk_rwanda
2022-09-04 22:00:00,20.2,63,12.9,9.0,20.9,0.0,857.3,0.0,24,,0.03,,1,chuk_rwanda
2022-09-04 23:00:00,18.7,73,13.8,6.1,19.4,0.0,857.1,0.0,28,,0.01,,1,chuk_rwanda
2022-09-05 00:00:00,18.0,76,13.6,8.7,18.0,0.0,856.2,0.0,10,,0.01,,0,chuk_rwanda
2022-09-05 01:00:00,17.4,77,13.4,6.6,18.0,0.0,855.3,0.0,5,,0.0,,0,chuk_rwanda
2022-09-05 02:00:00,15.6,86,13.4,3.1,13.3,0.0,854.4,0.0,3,,0.0,,0,chuk_rwanda
2022-09-05 03:00:00,15.4,88,13.4,5.2,9.4,0.0,854.3,0.0,9,,0.0,,0,chuk_rwanda
2022-09-05 04:00:00,14.6,91,13.1,6.8,11.9,0.0,854.1,0.0,0,,0.0,,0,chuk_rwanda
2022-09-05 05:00:00,14.3,90,12.7,7.9,14.8,0.0,854.3,0.0,0,,0.0,,0,chuk_rwanda
2022-09-05 06:00:00,14.2,89,12.4,6.7,14.4,0.0,854.7,0.0,0,,0.02,,0,chuk_rwanda
2022-09-05 07:00:00,16.2,80,12.9,5.6,13.7,0.0,856.1,77.0,0,,0.04,,0,chuk_rwanda
2022-09-05 08:00:00,20.1,65,13.4,3.3,12.6,0.0,858.6,304.0,0,,0.19,,0,chuk_rwanda
2022-09-05 09:00:00,22.6,56,13.4,4.4,15.8,0.0,859.5,548.0,7,,0.36,,0,chuk_rwanda
2022-09-05 10:00:00,24.5,49,13.1,3.2,19.1,0.0,859.5,760.0,7,,0.53,,0,chuk_rwanda
2022-09-05 11:00:00,25.8,42,12.1,4.0,16.2,0.0,859.2,849.0,24,,0.61,,1,chuk_rwanda
2022-09-05 12:00:00,26.6,38,11.2,7.4,22.0,0.0,858.3,856.0,46,,0.63,,1,chuk_rwanda
2022-09-05 13:00:00,26.9,37,10.9,8.1,23.4,0.0,857.5,826.0,39,,0.62,,1,chuk_rwanda
2022-09-05 14:00:00,27.0,35,10.4,8.1,24.1,0.0,856.7,777.0,4,,0.59,,0,chuk_rwanda
2022-09-05 15:00:00,27.0,35,10.1,6.1,22.7,0.0,855.9,729.0,2,,0.54,,0,chuk_rwanda
2022-09-05 16:00:00,27.0,35,10.1,5.5,18.4,0.0,855.4,535.0,12,,0.39,,0,chuk_rwanda
2022-09-05 17:00:00,25.9,41,11.6,4.0,15.5,0.0,855.1,286.0,26,,0.21,,1,chuk_rwanda
2022-09-05 18:00:00,23.1,64,15.9,4.3,10.1,0.0,854.3,65.0,5,,0.05,,0,chuk_rwanda
2022-09-05 19:00:00,21.9,53,11.9,4.6,8.3,0.0,854.2,0.0,6,,0.02,,0,chuk_rwanda
2022-09-05 20:00:00,19.9,64,12.9,14.8,33.5,0.0,855.4,0.0,6,,0.05,,0,chuk_rwanda
2022-09-05 21:00:00,18.8,76,14.5,9.9,31.0,0.0,856.3,0.0,13,,0.02,,0,chuk_rwanda
2022-09-05 22:00:00,18.1,83,15.3,3.4,22.0,0.0,856.9,0.0,1,,0.0,,0,chuk_rwanda
2022-09-05 23:00:00,17.8,84,15.0,3.9,9.0,0.0,856.9,0.0,4,,0.0,,0,chuk_rwanda
2022-09-06 00:00:00,17.0,87,14.9,4.0,10.1,0.0,856.3,0.0,6,,0.0,,0,chuk_rwanda
2022-09-06 01:00:00,16.2,91,14.8,6.2,11.5,0.0,855.2,0.0,14,,0.0,,0,chuk_rwanda
2022-09-06 02:00:00,16.3,90,14.6,7.1,12.2,0.0,854.9,0.0,14,,0.0,,0,chuk_rwanda
2022-09-06 03:00:00,16.0,90,14.4,5.6,14.0,0.0,854.4,0.0,29,,0.0,,1,chuk_rwanda
2022-09-06 04:00:00,15.6,90,13.9,3.5,10.4,0.0,854.6,0.0,72,,0.0,,2,chuk_rwanda
2022-09-06 05:00:00,15.8,87,13.6,5.3,9.7,0.0,855.0,0.0,97,,0.0,,3,chuk_rwanda
2022-09-06 06:00:00,15.8,87,13.6,5.5,10.4,0.0,855.3,0.0,100,,0.02,,3,chuk_rwanda
2022-09-06 07:00:00,17.3,81,14.1,5.2,11.2,0.0,856.4,50.0,100,,0.04,,3,chuk_rwanda
2022-09-06 08:00:00,20.0,69,14.2,1.9,11.2,0.0,858.0,198.0,85,,0.13,,3,chuk_rwanda
2022-09-06 09:00:00,22.2,60,13.9,2.2,11.2,0.0,858.8,413.0,57,,0.28,,2,chuk_rwanda
2022-09-06 10:00:00,24.1,53,13.9,2.5,15.5,0.0,859.2,618.0,99,,0.43,,3,chuk_rwanda
2022-09-06 11:00:00,25.4,47,13.4,5.4,18.0,0.0,858.5,639.0,6,,0.47,,0,chuk_rwanda
2022-09-06 12:00:00,26.9,41,12.6,7.1,22.0,0.0,857.9,862.0,36,,0.64,,1,chuk_rwanda
2022-09-06 13:00:00,27.2,39,11.9,7.0,22.0,0.0,856.9,797.0,42,,0.6,,1,chuk_rwanda
2022-09-06 14:00:00,27.5,36,11.2,10.1,25.2,0.0,856.5,703.0,26,,0.55,,1,chuk_rwanda
2022-09-06 15:00:00,26.2,39,11.1,5.2,24.5,0.0,855.0,563.0,90,,0.43,,3,chuk_rwanda
2022-09-06 16:00:00,26.4,39,11.4,5.3,16.2,0.0,854.3,372.0,32,,0.3,,1,chuk_rwanda
2022-09-06 17:00:00,25.7,43,12.1,5.4,15.8,0.0,854.3,270.0,22,,0.21,,1,chuk_rwanda
2022-09-06 18:00:00,22.4,58,13.6,10.8,22.3,0.0,854.0,60.0,13,,0.09,,0,chuk_rwanda
2022-09-06 19:00:00,20.9,61,13.1,6.9,22.7,0.0,853.5,0.0,18,,0.02,,0,chuk_rwanda
2022-09-06 20:00:00,20.0,65,13.1,7.4,14.8,0.0,854.1,0.0,20,,0.02,,1,chuk_rwanda
2022-09-06 21:00:00,19.4,69,13.5,8.2,17.3,0.0,854.3,0.0,29,,0.02,,1,chuk_rwanda
2022-09-06 22:00:00,18.9,74,14.1,6.0,16.9,0.0,855.1,0.0,22,,0.0,,1,chuk_rwanda
2022-09-06 23:00:00,18.1,80,14.7,2.6,13.0,0.0,855.4,0.0,16,,0.0,,0,chuk_rwanda
2022-09-07 00:00:00,17.4,81,14.1,2.9,7.6,0.0,855.2,0.0,23,,0.0,,1,chuk_rwanda
2022-09-07 01:00:00,16.9,84,14.1,1.3,5.4,0.0,854.4,0.0,17,,0.0,,0,chuk_rwanda
2022-09-07 02:00:00,16.6,88,14.6,2.7,7.9,0.0,853.7,0.0,8,,0.0,,0,chuk_rwanda
2022-09-07 03:00:00,16.0,92,14.6,3.8,8.6,0.0,853.5,0.0,11,,0.0,,0,chuk_rwanda
2022-09-07 04:00:00,15.4,95,14.6,3.6,7.2,0.0,853.5,0.0,27,,0.0,,1,chuk_rwanda
2022-09-07 05:00:00,15.4,94,14.5,3.2,6.8,0.0,853.8,0.0,23,,0.0,,1,chuk_rwanda
2022-09-07 06:00:00,14.9,95,14.1,3.9,6.8,0.0,853.9,0.0,40,,0.01,,1,chuk_rwanda
2022-09-07 07:00:00,17.5,85,14.9,3.9,9.7,0.0,855.7,71.0,38,,0.04,,1,chuk_rwanda
2022-09-07 08:00:00,20.4,69,14.4,5.0,14.4,0.0,857.1,288.0,23,,0.18,,1,chuk_rwanda
2022-09-07 09:00:00,22.8,60,14.6,6.2,18.7,0.0,857.8,515.0,7,,0.35,,0,chuk_rwanda
2022-09-07 10:00:00,24.8,53,14.6,4.2,18.7,0.0,857.9,749.0,6,,0.52,,0,chuk_rwanda
2022-09-07 11:00:00,26.5,48,14.4,2.2,16.9,0.0,857.6,882.0,12,,0.64,,0,chuk_rwanda
2022-09-07 12:00:00,27.5,43,13.9,5.1,19.8,0.0,856.6,958.0,30,,0.7,,1,chuk_rwanda
2022-09-07 13:00:00,28.2,38,12.6,10.1,26.3,0.0,854.9,779.0,66,,0.61,,2,chuk_rwanda
2022-09-07 14:00:00,23.0,55,13.4,10.2,31.0,0.0,855.5,777.0,99,,0.53,,3,chuk_rwanda
2022-09-07 15:00:00,21.8,63,14.6,8.4,27.4,0.3,854.4,264.0,100,,0.21,,51,chuk_rwanda
2022-09-07 16:00:00,22.0,61,14.2,1.4,20.5,0.0,854.6,229.0,100,,0.17,,3,chuk_rwanda
2022-09-07 17:00:00,20.9,65,14.1,13.6,25.6,0.0,855.0,164.0,100,,0.15,,3,chuk_rwanda
2022-09-07 18:00:00,17.6,84,15.0,8.0,39.6,0.1,854.9,30.0,100,,0.04,,51,chuk_rwanda
2022-09-07 19:00:00,17.9,84,15.2,2.6,16.9,0.0,855.3,0.0,100,,0.0,,3,chuk_rwanda
2022-09-07 20:00:00,17.8,88,15.6,3.6,8.6,0.0,856.1,0.0,100,,0.0,,3,chuk_rwanda
2022-09-07 21:00:00,17.0,93,15.9,2.5,8.3,0.1,855.8,0.0,98,,0.0,,51,chuk_rwanda
2022-09-07 22:00:00,17.0,92,15.6,4.0,7.9,0.0,855.8,0.0,100,,0.0,,3,chuk_rwanda
2022-09-07 23:00:00,16.9,91,15.4,3.3,8.3,0.0,855.8,0.0,42,,0.0,,1,chuk_rwanda
2022-09-08 00:00:00,16.0,95,15.2,3.3,5.0,0.0,855.2,0.0,75,,0.0,,2,chuk_rwanda
2022-09-08 01:00:00,15.8,96,15.1,6.6,13.3,0.0,854.2,0.0,31,,0.0,,1,chuk_rwanda
2022-09-08 02:00:00,14.8,94,13.8,3.9,13.7,0.0,852.1,0.0,21,,0.0,,1,chuk_rwanda
2022-09-08 03:00:00,14.8,94,13.8,4.9,8.6,0.0,851.9,0.0,7,,0.0,,0,chuk_rwanda
2022-09-08 04:00:00,14.6,94,13.6,7.1,12.2,0.0,851.9,0.0,7,,0.0,,0,chuk_rwanda
2022-09-08 05:00:00,14.4,93,13.4,7.2,13.3,0.0,852.2,0.0,18,,0.0,,0,chuk_rwanda
2022-09-08 06:00:00,14.2,93,13.1,5.4,12.2,0.0,852.7,0.0,2,,0.01,,0,chuk_rwanda
2022-09-08 07:00:00,16.3,84,13.6,5.0,11.9,0.0,854.3,78.0,7,,0.04,,0,chuk_rwanda
2022-09-08 08:00:00,20.0,69,14.2,2.6,11.5,0.0,856.7,298.0,14,,0.18,,0,chuk_rwanda
2022-09-08 09:00:00,22.0,62,14.4,4.5,18.0,0.0,857.4,539.0,100,,0.35,,3,chuk_rwanda
2022-09-08 10:00:00,23.0,58,14.3,7.3,21.6,0.0,857.5,537.0,98,,0.38,,3,chuk_rwanda
2022-09-08 11:00:00,24.0,55,14.4,9.9,26.6,0.1,856.9,778.0,50,,0.54,,51,chuk_rwanda
2022-09-08 12:00:00,24.7,52,14.3,8.8,27.0,0.4,856.1,838.0,89,,0.59,,51,chuk_rwanda
2022-09-08 13:00:00,25.5,50,14.4,8.1,25.2,0.2,855.1,842.0,71,,0.61,,51,chuk_rwanda
2022-09-08 14:00:00,24.3,49,12.9,9.6,26.6,0.0,854.4,673.0,45,,0.49,,1,chuk_rwanda
2022-09-08 15:00:00,24.6,48,12.9,8.7,25.2,0.1,853.4,654.0,22,,0.47,,51,chuk_rwanda
2022-09-08 16:00:00,24.8,47,12.6,7.8,23.0,0.0,853.0,468.0,22,,0.35,,1,chuk_rwanda
2022-09-08 17:00:00,24.5,49,13.1,3.9,19.4,0.0,852.9,252.0,41,,0.18,,1,chuk_rwanda
2022-09-08 18:00:00,22.4,64,15.4,3.9,10.1,0.0,852.5,58.0,60,,0.05,,2,chuk_rwanda
2022-09-08 19:00:00,21.5,64,14.2,3.9,8.6,0.0,852.8,0.0,100,,0.0,,3,chuk_rwanda
2022-09-08 20:00:00,21.4,61,13.5,4.8,11.9,0.0,854.1,0.0,100,,0.01,,3,chuk_rwanda
2022-09-08 21:00:00,20.8,63,13.6,4.6,11.9,0.0,854.7,0.0,100,,0.01,,3,chuk_rwanda
2022-09-08 22:00:00,20.0,66,13.4,5.6,14.0,0.0,855.3,0.0,100,,0.01,,3,chuk_rwanda
2022-09-08 23:00:00,19.6,69,13.7,4.3,12.6,0.0,855.4,0.0,52,,0.0,,2,chuk_rwanda
2022-09-09 00:00:00,17.8,75,13.3,7.1,13.0,0.0,853.8,0.0,54,,0.01,,2,chuk_rwanda
2022-09-09 01:00:00,16.9,81,13.6,5.6,13.3,0.0,852.8,0.0,37,,0.0,,1,chuk_rwanda
2022-09-09 02:00:00,16.7,84,13.9,4.2,8.6,0.0,852.0,0.0,1,,0.0,,0,chuk_rwanda
2022-09-09 03:00:00,16.5,84,13.8,7.2,12.6,0.0,851.6,0.0,81,,0.0,,3,chuk_rwanda
2022-09-09 04:00:00,15.9,86,13.4,7.7,14.0,0.0,851.6,0.0,15,,0.0,,0,chuk_rwanda
2022-09-09 05:00:00,15.1,87,12.9,7.8,13.7,0.0,851.5,0.0,7,,0.0,,0,chuk_rwanda
2022-09-09 06:00:00,14.6,88,12.6,7.6,13.7,0.0,851.8,0.0,13,,0.02,,0,chuk_rwanda
2022-09-09 07:00:00,17.0,78,13.1,5.5,14.4,0.0,853.8,79.0,23,,0.05,,1,chuk_rwanda
2022-09-09 08:00:00,20.3,64,13.1,6.2,16.2,0.0,856.8,245.0,45,,0.17,,1,chuk_rwanda
2022-09-09 09:00:00,22.0,56,12.9,10.0,24.8,0.2,857.5,460.0,35,,0.32,,51,chuk_rwanda
2022-09-09 10:00:00,23.5,51,12.6,10.1,26.6,0.2,857.7,646.0,45,,0.46,,51,chuk_rwanda
2022-09-09 11:00:00,24.0,48,12.4,8.9,26.6,0.1,856.9,651.0,45,,0.48,,51,chuk_rwanda
2022-09-09 12:00:00,25.0,45,12.1,7.6,24.1,0.0,856.0,618.0,60,,0.47,,2,chuk_rwanda
2022-09-09 13:00:00,26.2,41,11.9,7.9,22.7,0.0,854.9,745.0,26,,0.56,,1,chuk_rwanda
2022-09-09 14:00:00,25.5,42,11.5,9.5,25.6,0.1,854.6,766.0,44,,0.56,,51,chuk_rwanda
2022-09-09 15:00:00,25.8,41,11.5,7.0,24.8,0.0,853.7,517.0,74,,0.4,,2,chuk_rwanda
2022-09-09 16:00:00,25.8,41,11.5,6.0,19.1,0.0,853.3,329.0,100,,0.27,,3,chuk_rwanda
2022-09-09 17:00:00,24.8,44,11.6,6.1,17.3,0.0,853.4,159.0,99,,0.16,,3,chuk_rwanda
2022-09-09 18:00:00,23.2,56,13.9,3.4,15.5,0.0,853.6,42.0,83,,0.05,,3,chuk_rwanda
2022-09-09 19:00:00,22.5,61,14.6,2.3,7.6,0.0,854.0,0.0,77,,0.0,,2,chuk_rwanda
2022-09-09 20:00:00,20.9,64,13.9,3.6,6.1,0.0,854.3,0.0,100,,0.0,,3,chuk_rwanda
2022-09-09 21:00:00,21.0,60,12.9,6.0,11.5,0.0,855.1,0.0,89,,0.02,,3,chuk_rwanda
2022-09-09 22:00:00,20.5,62,12.9,6.6,15.8,0.0,855.6,0.0,19,,0.02,,0,chuk_rwanda
2022-09-09 23:00:00,18.9,69,13.1,6.6,13.7,0.0,855.0,0.0,22,,0.01,,1,chuk_rwanda
2022-09-10 00:00:00,18.1,73,13.1,8.0,15.8,0.0,854.3,0.0,30,,0.01,,1,chuk_rwanda
2022-09-10 01:00:00,17.6,76,13.2,7.1,16.2,0.0,853.5,0.0,35,,0.01,,1,chuk_rwanda
2022-09-10 02:00:00,16.0,82,13.0,4.6,14.0,0.0,852.9,0.0,100,,0.0,,3,chuk_rwanda
2022-09-10 03:00:00,15.5,84,12.8,8.2,15.1,0.0,852.3,0.0,12,,0.0,,0,chuk_rwanda
2022-09-10 04:00:00,15.6,83,12.6,7.4,15.5,0.0,852.6,0.0,100,,0.0,,3,chuk_rwanda
2022-09-10 05:00:00,15.9,81,12.6,7.2,14.8,0.0,852.9,0.0,14,,0.0,,0,chuk_rwanda
2022-09-10 06:00:00,15.7,81,12.5,6.4,14.0,0.0,853.2,0.0,5,,0.03,,0,chuk_rwanda
2022-09-10 07:00:00,17.2,76,13.0,3.9,11.9,0.0,855.0,74.0,13,,0.04,,0,chuk_rwanda
2022-09-10 08:00:00,20.5,63,13.4,2.3,10.1,0.0,857.4,273.0,26,,0.17,,1,chuk_rwanda
2022-09-10 09:00:00,23.1,52,12.6,6.2,18.0,0.0,858.5,546.0,48,,0.37,,1,chuk_rwanda
2022-09-10 10:00:00,24.4,45,11.8,9.7,25.9,0.0,858.7,669.0,54,,0.48,,2,chuk_rwanda
2022-09-10 11:00:00,25.5,41,11.4,10.2,27.4,0.0,858.3,787.0,72,,0.58,,2,chuk_rwanda
2022-09-10 12:00:00,25.5,41,11.4,8.2,27.4,0.1,857.2,720.0,74,,0.54,,51,chuk_rwanda
2022-09-10 13:00:00,26.2,41,11.9,7.4,23.4,0.2,856.1,812.0,76,,0.6,,51,chuk_rwanda
2022-09-10 14:00:00,26.1,40,11.6,4.0,22.0,0.0,855.8,825.0,57,,0.6,,2,chuk_rwanda
2022-09-10 15:00:00,26.3,39,11.1,3.6,15.8,0.0,854.8,467.0,71,,0.36,,2,chuk_rwanda
2022-09-10 16:00:00,25.3,41,11.1,11.8,25.2,0.0,854.6,376.0,100,,0.33,,3,chuk_rwanda
2022-09-10 17:00:00,20.5,70,14.7,16.6,43.9,0.0,854.6,112.0,47,,0.13,,1,chuk_rwanda
2022-09-10 18:00:00,20.4,71,15.1,10.1,35.6,0.0,854.9,44.0,65,,0.06,,2,chuk_rwanda
2022-09-10 19:00:00,19.6,76,15.3,8.0,22.7,0.0,855.2,0.0,51,,0.01,,2,chuk_rwanda
2022-09-10 20:00:00,19.5,77,15.4,6.6,17.3,0.0,856.0,0.0,100,,0.0,,3,chuk_rwanda
2022-09-10 21:00:00,19.4,77,15.2,6.6,14.4,0.0,856.5,0.0,100,,0.01,,3,chuk_rwanda
2022-09-10 22:00:00,19.0,78,15.0,6.5,13.7,0.0,856.6,0.0,100,,0.0,,3,chuk_rwanda
2022-09-10 23:00:00,19.0,78,15.1,4.0,13.0,0.0,856.6,0.0,100,,0.0,,3,chuk_rwanda
2022-09-11 00:00:00,19.0,78,15.1,3.3,7.9,0.0,856.2,0.0,83,,0.0,,3,chuk_rwanda
2022-09-11 01:00:00,18.4,81,15.1,4.2,7.9,0.0,855.2,0.0,43,,0.0,,1,chuk_rwanda
2022-09-11 02:00:00,18.5,82,15.4,5.4,9.7,0.0,854.5,0.0,47,,0.0,,1,chuk_rwanda
2022-09-11 03:00:00,18.8,80,15.2,6.1,12.2,0.0,854.3,0.0,100,,0.0,,3,chuk_rwanda
2022-09-11 04:00:00,18.6,79,14.9,6.7,13.3,0.0,854.2,0.0,100,,0.0,,3,chuk_rwanda
2022-09-11 05:00:00,18.5,79,14.8,5.6,13.3,0.0,854.2,0.0,100,,0.0,,3,chuk_rwanda
2022-09-11 06:00:00,18.4,80,14.9,3.1,11.2,0.0,854.8,0.0,100,,0.02,,3,chuk_rwanda
2022-09-11 07:00:00,18.8,78,14.8,4.4,9.0,0.0,855.7,37.0,100,,0.04,,3,chuk_rwanda
2022-09-11 08:00:00,20.0,71,14.6,3.4,10.1,0.0,856.9,119.0,100,,0.09,,3,chuk_rwanda
2022-09-11 09:00:00,20.4,65,13.6,4.7,13.3,0.1,857.6,143.0,100,,0.13,,51,chuk_rwanda
2022-09-11 10:00:00,22.0,58,13.3,4.3,15.5,0.0,858.1,401.0,61,,0.29,,2,chuk_rwanda
2022-09-11 11:00:00,24.7,47,12.7,6.3,20.5,0.0,858.1,799.0,15,,0.57,,0,chuk_rwanda
2022-09-11 12:00:00,26.1,43,12.6,8.4,24.1,0.0,857.2,892.0,22,,0.65,,1,chuk_rwanda
2022-09-11 13:00:00,27.1,42,13.1,8.7,24.8,0.0,856.1,911.0,15,,0.67,,0,chuk_rwanda
2022-09-11 14:00:00,27.2,42,13.0,7.0,26.3,0.0,855.5,848.0,20,,0.63,,1,chuk_rwanda
2022-09-11 15:00:00,27.2,42,13.1,7.5,21.6,0.0,854.2,719.0,37,,0.54,,1,chuk_rwanda
2022-09-11 16:00:00,26.1,45,13.1,8.1,22.0,0.1,853.4,452.0,43,,0.35,,51,chuk_rwanda
2022-09-11 17:00:00,24.2,53,14.1,10.1,20.2,0.7,853.5,231.0,79,,0.2,,53,chuk_rwanda
2022-09-11 18:00:00,21.1,70,15.5,3.1,21.6,0.0,853.0,51.0,42,,0.04,,1,chuk_rwanda
2022-09-11 19:00:00,20.3,78,16.4,1.5,6.1,0.0,853.3,0.0,46,,0.0,,1,chuk_rwanda
2022-09-11 20:00:00,19.1,86,16.6,3.2,5.8,0.2,854.2,0.0,46,,0.0,,51,chuk_rwanda
2022-09-11 21:00:00,16.7,97,16.1,11.5,30.2,3.7,855.5,0.0,89,,0.0,,63,chuk_rwanda
2022-09-11 22:00:00,17.0,93,15.9,7.2,25.6,1.0,855.1,0.0,58,,0.0,,55,chuk_rwanda
2022-09-11 23:00:00,16.6,92,15.4,5.4,14.4,0.2,855.4,0.0,70,,0.0,,51,chuk_rwanda
2022-09-12 00:00:00,16.3,95,15.5,13.4,29.5,2.3,855.2,0.0,82,,0.0,,61,chuk_rwanda
2022-09-12 01:00:00,16.2,92,14.9,9.2,32.0,1.6,854.7,0.0,99,,0.0,,61,chuk_rwanda
2022-09-12 02:00:00,16.9,93,15.8,5.2,18.0,0.0,853.6,0.0,49,,0.0,,1,chuk_rwanda
2022-09-12 03:00:00,16.5,92,15.1,5.2,13.0,0.1,853.2,0.0,87,,0.0,,51,chuk_rwanda
2022-09-12 04:00:00,15.1,94,14.1,6.0,11.5,0.0,852.2,0.0,98,,0.0,,3,chuk_rwanda
2022-09-12 05:00:00,14.8,94,13.9,6.1,10.4,0.0,852.1,0.0,89,,0.0,,3,chuk_rwanda
2022-09-12 06:00:00,14.3,95,13.6,6.8,9.4,0.0,852.2,0.0,92,,0.01,,3,chuk_rwanda
2022-09-12 07:00:00,16.8,91,15.2,4.8,10.8,0.0,853.9,82.0,95,,0.04,,3,chuk_rwanda
2022-09-12 08:00:00,19.6,79,15.9,3.8,13.0,0.0,855.6,281.0,52,,0.17,,2,chuk_rwanda
2022-09-12 09:00:00,22.8,61,14.9,4.0,15.8,0.0,856.5,550.0,43,,0.37,,1,chuk_rwanda
2022-09-12 10:00:00,24.9,50,13.6,4.6,21.2,0.0,856.8,765.0,22,,0.54,,1,chuk_rwanda
2022-09-12 11:00:00,25.9,45,12.9,8.7,24.1,0.1,856.5,823.0,85,,0.6,,51,chuk_rwanda
2022-09-12 12:00:00,26.5,43,12.8,9.7,26.3,0.0,855.5,883.0,99,,0.65,,3,chuk_rwanda
2022-09-12 13:00:00,27.0,43,13.4,10.3,27.4,0.0,854.6,880.0,97,,0.65,,3,chuk_rwanda
2022-09-12 14:00:00,26.4,41,12.2,11.9,27.4,0.2,854.4,757.0,100,,0.57,,51,chuk_rwanda
2022-09-12 15:00:00,25.8,42,12.1,10.0,28.4,0.3,853.3,467.0,98,,0.38,,51,chuk_rwanda
2022-09-12 16:00:00,25.6,44,12.4,9.5,24.8,0.3,853.3,482.0,54,,0.37,,51,chuk_rwanda
2022-09-12 17:00:00,24.0,50,12.9,7.2,23.0,0.1,852.9,262.0,49,,0.2,,51,chuk_rwanda
2022-09-12 18:00:00,21.5,63,14.1,7.6,18.0,0.0,852.6,40.0,92,,0.06,,3,chuk_rwanda
2022-09-12 19:00:00,17.9,83,15.0,2.5,34.6,1.6,853.4,0.0,100,,0.0,,61,chuk_rwanda
2022-09-12 20:00:00,17.8,89,15.9,4.1,15.8,0.3,854.1,0.0,100,,0.0,,51,chuk_rwanda
2022-09-12 21:00:00,17.4,93,16.2,2.9,7.9,0.1,854.7,0.0,100,,0.0,,51,chuk_rwanda
2022-09-12 22:00:00,18.0,89,16.1,6.0,14.0,0.0,855.4,0.0,98,,0.0,,3,chuk_rwanda
2022-09-12 23:00:00,17.3,92,16.0,5.0,12.2,0.1,855.0,0.0,100,,0.0,,51,chuk_rwanda
2022-09-13 00:00:00,16.6,94,15.6,3.7,11.5,0.1,854.6,0.0,100,,0.0,,51,chuk_rwanda
2022-09-13 01:00:00,16.9,93,15.8,7.4,15.1,0.1,853.6,0.0,100,,0.0,,51,chuk_rwanda
2022-09-13 02:00:00,16.6,89,14.8,8.6,15.8,0.0,852.6,0.0,100,,0.0,,3,chuk_rwanda
2022-09-13 03:00:00,16.2,90,14.6,8.5,17.6,0.0,851.9,0.0,100,,0.0,,3,chuk_rwanda
2022-09-13 04:00:00,16.5,87,14.2,6.4,16.9,0.0,852.3,0.0,100,,0.0,,3,chuk_rwanda
2022-09-13 05:00:00,15.9,88,14.0,7.1,12.2,0.0,852.3,0.0,100,,0.0,,3,chuk_rwanda
2022-09-13 06:00:00,15.4,90,13.8,8.0,15.1,0.0,852.4,0.0,100,,0.02,,3,chuk_rwanda
2022-09-13 07:00:00,17.1,83,14.2,7.9,18.0,0.0,853.4,83.0,100,,0.05,,3,chuk_rwanda
2022-09-13 08:00:00,21.1,67,14.6,3.8,15.8,0.0,855.7,299.0,100,,0.19,,3,chuk_rwanda
2022-09-13 09:00:00,23.8,54,13.9,4.0,14.8,0.0,856.7,545.0,100,,0.37,,3,chuk_rwanda
2022-09-13 10:00:00,25.6,48,13.9,4.2,20.9,0.0,857.1,751.0,100,,0.53,,3,chuk_rwanda
2022-09-13 11:00:00,27.0,43,13.4,9.3,24.8,0.0,856.8,898.0,100,,0.66,,3,chuk_rwanda
2022-09-13 12:00:00,26.5,43,13.1,12.8,31.3,0.0,855.8,745.0,100,,0.57,,3,chuk_rwanda
2022-09-13 13:00:00,25.5,45,12.8,12.0,32.4,0.0,854.6,652.0,100,,0.5,,3,chuk_rwanda
2022-09-13 14:00:00,22.7,62,15.1,16.3,30.2,0.0,854.0,695.0,100,,0.46,,3,chuk_rwanda
2022-09-13 15:00:00,22.0,65,15.2,10.6,36.7,0.0,853.4,282.0,100,,0.23,,3,chuk_rwanda
2022-09-13 16:00:00,21.6,67,15.3,7.4,24.1,0.0,853.2,206.0,100,,0.17,,3,chuk_rwanda
2022-09-13 17:00:00,21.3,68,15.2,6.1,18.4,0.0,853.6,138.0,100,,0.11,,3,chuk_rwanda
2022-09-13 18:00:00,20.5,75,15.8,2.8,14.4,0.8,853.8,28.0,100,,0.03,,53,chuk_rwanda
2022-09-13 19:00:00,18.8,88,16.8,2.1,9.0,1.7,853.9,0.0,100,,0.0,,61,chuk_rwanda
2022-09-13 20:00:00,18.1,92,16.7,6.1,16.9,6.8,855.2,0.0,100,,0.0,,63,chuk_rwanda
2022-09-13 21:00:00,17.8,91,16.3,3.2,16.6,5.1,856.2,0.0,100,,0.0,,63,chuk_rwanda
2022-09-13 22:00:00,17.6,92,16.4,5.7,11.2,0.2,856.7,0.0,100,,0.0,,51,chuk_rwanda
2022-09-13 23:00:00,17.4,94,16.5,3.7,14.0,0.5,856.2,0.0,100,,0.0,,53,chuk_rwanda
2022-09-14 00:00:00,17.0,95,16.2,6.4,13.3,0.1,855.3,0.0,100,,0.0,,51,chuk_rwanda
2022-09-14 01:00:00,16.6,95,15.9,3.1,13.3,0.0,854.5,0.0,100,,0.0,,3,chuk_rwanda
2022-09-14 02:00:00,16.1,93,15.1,4.8,9.4,0.0,853.3,0.0,100,,0.0,,3,chuk_rwanda
2022-09-14 03:00:00,15.3,96,14.6,5.5,10.4,0.0,852.8,0.0,100,,0.0,,3,chuk_rwanda
2022-09-14 04:00:00,15.2,96,14.6,4.2,8.3,0.0,853.1,0.0,100,,0.0,,3,chuk_rwanda
2022-09-14 05:00:00,14.8,97,14.3,5.2,8.3,0.0,853.1,0.0,100,,0.0,,3,chuk_rwanda
2022-09-14 06:00:00,14.9,97,14.4,4.7,7.6,0.0,853.7,0.0,100,,0.01,,3,chuk_rwanda
2022-09-14 07:00:00,16.6,92,15.4,2.8,7.6,0.0,855.6,52.0,100,,0.03,,3,chuk_rwanda
2022-09-14 08:00:00,18.5,84,15.7,2.2,15.5,0.0,857.1,264.0,100,,0.16,,3,chuk_rwanda
2022-09-14 09:00:00,20.6,73,15.6,3.6,15.1,0.1,858.1,447.0,100,,0.29,,51,chuk_rwanda
2022-09-14 10:00:00,22.5,63,15.1,3.1,21.6,0.0,858.5,641.0,100,,0.44,,3,chuk_rwanda
2022-09-14 11:00:00,23.5,57,14.5,6.6,21.2,0.0,857.9,611.0,100,,0.44,,3,chuk_rwanda
2022-09-14 12:00:00,23.4,57,14.4,8.4,24.1,0.0,856.9,500.0,100,,0.37,,3,chuk_rwanda
2022-09-14 13:00:00,23.8,56,14.6,9.2,24.1,0.0,856.0,462.0,100,,0.36,,3,chuk_rwanda
2022-09-14 14:00:00,21.1,66,14.4,6.6,25.9,0.0,855.9,451.0,100,,0.32,,3,chuk_rwanda
2022-09-14 15:00:00,21.5,63,14.1,10.1,23.4,0.1,855.2,305.0,100,,0.24,,51,chuk_rwanda
2022-09-14 16:00:00,21.4,62,13.9,12.5,27.4,0.4,855.2,277.0,100,,0.22,,51,chuk_rwanda
2022-09-14 17:00:00,20.4,70,14.7,9.7,27.0,0.0,855.1,164.0,100,,0.13,,3,chuk_rwanda
2022-09-14 18:00:00,19.2,75,14.8,5.5,21.2,0.0,855.0,26.0,100,,0.04,,3,chuk_rwanda
2022-09-14 19:00:00,18.3,81,14.9,7.2,16.6,0.0,855.3,0.0,100,,0.0,,3,chuk_rwanda
2022-09-14 20:00:00,17.3,89,15.4,3.9,15.8,0.1,855.9,0.0,100,,0.0,,51,chuk_rwanda
2022-09-14 21:00:00,16.9,92,15.6,3.6,9.0,0.1,856.1,0.0,100,,0.0,,51,chuk_rwanda
2022-09-14 22:00:00,16.7,93,15.6,2.9,8.3,0.1,856.2,0.0,100,,0.0,,51,chuk_rwanda
2022-09-14 23:00:00,16.6,95,15.8,3.6,6.8,0.3,856.1,0.0,100,,0.0,,51,chuk_rwanda
2022-09-15 00:00:00,17.0,93,15.9,5.8,10.1,0.2,855.5,0.0,100,,0.0,,51,chuk_rwanda
2022-09-15 01:00:00,16.3,92,15.1,5.2,10.4,0.0,854.3,0.0,100,,0.0,,3,chuk_rwanda
2022-09-15 02:00:00,15.3,92,14.1,4.8,12.2,0.0,853.6,0.0,100,,0.0,,3,chuk_rwanda
2022-09-15 03:00:00,14.9,94,14.1,4.1,9.7,0.0,853.3,0.0,100,,0.0,,3,chuk_rwanda
2022-09-15 04:00:00,15.5,92,14.2,3.3,7.6,0.0,854.2,0.0,100,,0.0,,3,chuk_rwanda
2022-09-15 05:00:00,15.6,91,14.1,5.0,10.1,0.0,854.4,0.0,100,,0.0,,3,chuk_rwanda
2022-09-15 06:00:00,15.6,92,14.2,3.8,10.1,0.0,854.7,0.0,100,,0.01,,3,chuk_rwanda
2022-09-15 07:00:00,16.5,90,14.8,2.5,6.5,0.0,855.9,29.0,100,,0.03,,3,chuk_rwanda
2022-09-15 08:00:00,18.2,82,15.1,0.7,8.3,0.0,857.3,181.0,100,,0.12,,3,chuk_rwanda
2022-09-15 09:00:00,21.1,66,14.4,4.2,15.8,0.0,858.7,543.0,100,,0.35,,3,chuk_rwanda
2022-09-15 10:00:00,22.3,57,13.3,8.9,23.4,0.1,858.9,614.0,100,,0.42,,51,chuk_rwanda
2022-09-15 11:00:00,24.1,49,12.7,8.3,24.8,0.2,858.6,781.0,100,,0.55,,51,chuk_rwanda
2022-09-15 12:00:00,24.8,49,13.3,9.4,24.8,0.0,857.7,819.0,100,,0.59,,3,chuk_rwanda
2022-09-15 13:00:00,25.7,46,13.2,10.5,28.4,0.0,856.7,878.0,100,,0.63,,3,chuk_rwanda
2022-09-15 14:00:00,25.4,50,14.1,11.4,28.1,0.1,856.1,706.0,100,,0.52,,51,chuk_rwanda
2022-09-15 15:00:00,24.5,48,12.9,15.0,34.2,0.0,855.3,572.0,59,,0.44,,2,chuk_rwanda
2022-09-15 16:00:00,21.9,60,13.8,14.1,36.4,0.0,854.9,283.0,73,,0.23,,2,chuk_rwanda
2022-09-15 17:00:00,21.2,64,14.0,9.8,31.7,0.0,855.1,207.0,95,,0.16,,3,chuk_rwanda
2022-09-15 18:00:00,20.0,72,14.8,4.5,21.6,0.0,854.9,28.0,100,,0.04,,3,chuk_rwanda
2022-09-15 19:00:00,19.6,75,15.1,3.6,10.1,0.1,855.4,0.0,99,,0.0,,51,chuk_rwanda
2022-09-15 20:00:00,19.4,75,14.9,5.9,11.2,0.0,856.0,0.0,100,,0.0,,3,chuk_rwanda
2022-09-15 21:00:00,18.9,78,15.1,5.4,12.2,0.0,856.1,0.0,100,,0.0,,3,chuk_rwanda
2022-09-15 22:00:00,18.3,81,15.0,3.4,9.4,0.1,856.4,0.0,100,,0.0,,51,chuk_rwanda
2022-09-15 23:00:00,17.9,85,15.2,3.9,6.8,0.0,856.1,0.0,100,,0.0,,3,chuk_rwanda
2022-09-16 00:00:00,17.5,87,15.2,5.2,8.6,0.0,855.3,0.0,100,,0.0,,3,chuk_rwanda
2022-09-16 01:00:00,17.4,86,14.9,7.7,13.7,0.0,854.4,0.0,100,,0.0,,3,chuk_rwanda
2022-09-16 02:00:00,15.4,88,13.4,8.9,14.0,0.0,852.5,0.0,100,,0.0,,3,chuk_rwanda
2022-09-16 03:00:00,15.9,83,12.9,8.8,16.6,0.0,852.4,0.0,100,,0.0,,3,chuk_rwanda
2022-09-16 04:00:00,17.1,76,12.8,7.4,16.9,0.0,852.9,0.0,100,,0.01,,3,chuk_rwanda
2022-09-16 05:00:00,17.5,73,12.7,6.1,13.7,0.0,853.1,0.0,100,,0.01,,3,chuk_rwanda
2022-09-16 06:00:00,17.5,73,12.6,5.3,11.2,0.0,853.7,0.0,100,,0.03,,3,chuk_rwanda
2022-09-16 07:00:00,18.0,73,12.9,3.3,8.3,0.0,855.0,25.0,100,,0.04,,3,chuk_rwanda
2022-09-16 08:00:00,19.2,72,14.1,9.7,23.0,0.0,857.2,133.0,100,,0.11,,3,chuk_rwanda
2022-09-16 09:00:00,22.1,56,12.8,11.8,29.2,0.0,858.2,520.0,100,,0.36,,3,chuk_rwanda
2022-09-16 10:00:00,23.7,46,11.4,11.3,29.5,0.0,858.7,705.0,100,,0.5,,3,chuk_rwanda
2022-09-16 11:00:00,25.3,42,11.3,13.7,34.6,0.0,858.2,920.0,100,,0.66,,3,chuk_rwanda
2022-09-16 12:00:00,25.4,39,10.6,12.0,34.6,0.0,857.2,643.0,100,,0.51,,3,chuk_rwanda
2022-09-16 13:00:00,25.9,38,10.6,11.0,29.9,0.0,855.8,596.0,87,,0.48,,3,chuk_rwanda
2022-09-16 14:00:00,25.8,40,11.0,12.7,31.0,0.0,855.7,695.0,97,,0.54,,3,chuk_rwanda
2022-09-16 15:00:00,25.4,40,10.8,9.1,29.2,0.0,854.4,406.0,62,,0.35,,2,chuk_rwanda
2022-09-16 16:00:00,25.2,40,10.6,10.0,24.5,0.0,853.8,391.0,100,,0.33,,3,chuk_rwanda
2022-09-16 17:00:00,24.4,43,11.1,7.2,24.5,0.0,853.6,164.0,5,,0.16,,0,chuk_rwanda
2022-09-16 18:00:00,22.6,62,15.1,4.0,17.3,0.0,853.1,42.0,6,,0.05,,0,chuk_rwanda
2022-09-16 19:00:00,23.2,42,9.5,2.9,8.6,0.0,854.0,0.0,6,,0.01,,0,chuk_rwanda
2022-09-16 20:00:00,20.5,63,13.3,1.5,5.8,0.0,853.3,0.0,1,,0.0,,0,chuk_rwanda
2022-09-16 21:00:00,19.5,58,11.1,3.6,6.8,0.0,853.4,0.0,13,,0.01,,0,chuk_rwanda
2022-09-16 22:00:00,17.5,65,10.9,5.0,9.4,0.0,853.1,0.0,17,,0.01,,0,chuk_rwanda
2022-09-16 23:00:00,16.4,70,10.9,7.6,14.4,0.0,852.9,0.0,1,,0.01,,0,chuk_rwanda
2022-09-17 00:00:00,15.9,74,11.2,10.7,19.4,0.0,852.2,0.0,7,,0.02,,0,chuk_rwanda
2022-09-17 01:00:00,15.6,78,11.9,10.4,21.2,0.0,851.5,0.0,1,,0.01,,0,chuk_rwanda
2022-09-17 02:00:00,15.4,73,10.6,9.8,19.8,0.0,850.3,0.0,18,,0.02,,0,chuk_rwanda
2022-09-17 03:00:00,15.2,73,10.4,8.9,18.0,0.0,850.0,0.0,2,,0.01,,0,chuk_rwanda
2022-09-17 04:00:00,15.1,73,10.2,8.7,16.2,0.0,850.0,0.0,4,,0.01,,0,chuk_rwanda
2022-09-17 05:00:00,15.0,72,10.0,8.0,16.2,0.0,850.3,0.0,69,,0.01,,2,chuk_rwanda
2022-09-17 06:00:00,14.3,75,9.9,6.4,14.4,0.0,850.6,0.0,72,,0.03,,2,chuk_rwanda
2022-09-17 07:00:00,16.4,71,11.1,4.7,11.9,0.0,852.5,95.0,92,,0.05,,3,chuk_rwanda
2022-09-17 08:00:00,20.3,59,12.1,5.7,15.1,0.0,855.7,332.0,87,,0.21,,3,chuk_rwanda
2022-09-17 09:00:00,22.1,53,12.0,7.7,23.0,0.0,856.7,578.0,86,,0.39,,3,chuk_rwanda
2022-09-17 10:00:00,24.4,47,12.2,7.6,22.3,0.0,857.2,787.0,54,,0.55,,2,chuk_rwanda
2022-09-17 11:00:00,25.8,43,12.2,7.6,22.7,0.0,856.7,934.0,72,,0.67,,2,chuk_rwanda
2022-09-17 12:00:00,26.4,41,12.1,9.6,26.3,0.0,855.7,912.0,20,,0.67,,1,chuk_rwanda
2022-09-17 13:00:00,27.1,40,12.4,9.7,26.6,0.0,854.7,917.0,12,,0.68,,0,chuk_rwanda
2022-09-17 14:00:00,27.4,40,12.7,7.9,25.9,0.0,853.8,845.0,15,,0.63,,0,chuk_rwanda
2022-09-17 15:00:00,27.6,40,12.9,6.4,21.2,0.0,853.3,725.0,94,,0.54,,3,chuk_rwanda
2022-09-17 16:00:00,25.6,45,12.8,12.7,27.7,0.2,852.5,459.0,90,,0.37,,51,chuk_rwanda
2022-09-17 17:00:00,23.4,55,13.8,11.2,31.0,0.0,852.5,187.0,63,,0.18,,2,chuk_rwanda
2022-09-17 18:00:00,22.0,63,14.8,5.4,24.8,0.0,852.3,51.0,100,,0.05,,3,chuk_rwanda
2022-09-17 19:00:00,21.4,67,14.9,4.7,12.2,0.0,852.8,0.0,100,,0.01,,3,chuk_rwanda
2022-09-17 20:00:00,20.4,70,14.7,7.1,15.8,0.0,853.7,0.0,100,,0.01,,3,chuk_rwanda
2022-09-17 21:00:00,19.4,76,15.1,6.9,15.8,0.0,854.0,0.0,100,,0.01,,3,chuk_rwanda
2022-09-17 22:00:00,18.6,81,15.2,7.0,14.8,0.0,854.2,0.0,100,,0.0,,3,chuk_rwanda
2022-09-17 23:00:00,18.1,83,15.3,6.5,14.4,0.0,854.1,0.0,98,,0.0,,3,chuk_rwanda
2022-09-18 00:00:00,17.5,87,15.2,6.7,13.3,0.0,853.1,0.0,73,,0.0,,2,chuk_rwanda
2022-09-18 01:00:00,17.0,88,15.1,9.3,17.6,0.0,852.1,0.0,100,,0.0,,3,chuk_rwanda
2022-09-18 02:00:00,16.4,87,14.3,8.2,20.9,0.0,851.6,0.0,100,,0.0,,3,chuk_rwanda
2022-09-18 03:00:00,16.4,88,14.3,5.0,15.5,0.0,851.4,0.0,100,,0.0,,3,chuk_rwanda
2022-09-18 04:00:00,15.9,90,14.1,5.4,9.4,0.0,851.5,0.0,100,,0.0,,3,chuk_rwanda
2022-09-18 05:00:00,15.1,93,13.9,6.3,10.4,0.0,851.2,0.0,100,,0.0,,3,chuk_rwanda
2022-09-18 06:00:00,14.6,94,13.7,8.0,13.7,0.0,851.3,0.0,100,,0.01,,3,chuk_rwanda
2022-09-18 07:00:00,16.9,85,14.2,5.6,15.1,0.0,852.9,93.0,98,,0.05,,3,chuk_rwanda
2022-09-18 08:00:00,20.8,70,15.1,1.6,11.9,0.0,855.5,311.0,97,,0.19,,3,chuk_rwanda
2022-09-18 09:00:00,23.5,56,14.4,3.9,14.4,0.0,856.7,567.0,100,,0.38,,3,chuk_rwanda
2022-09-18 10:00:00,24.8,50,13.7,9.9,25.9,0.1,857.0,750.0,100,,0.53,,51,chuk_rwanda
2022-09-18 11:00:00,24.9,48,13.1,10.0,26.6,0.1,856.4,561.0,99,,0.43,,51,chuk_rwanda
2022-09-18 12:00:00,26.5,45,13.6,11.8,30.2,0.1,856.1,891.0,96,,0.65,,51,chuk_rwanda
2022-09-18 13:00:00,27.2,42,13.2,11.3,31.0,0.0,854.9,924.0,94,,0.69,,3,chuk_rwanda
2022-09-18 14:00:00,27.2,39,11.9,11.3,29.9,0.0,854.3,824.0,24,,0.62,,1,chuk_rwanda
2022-09-18 15:00:00,26.4,41,12.0,14.1,32.4,0.0,853.5,547.0,100,,0.45,,3,chuk_rwanda
2022-09-18 16:00:00,23.6,54,13.8,15.0,38.2,0.3,853.3,396.0,92,,0.31,,51,chuk_rwanda
2022-09-18 17:00:00,23.9,53,13.8,8.1,33.1,0.0,853.9,209.0,94,,0.18,,3,chuk_rwanda
2022-09-18 18:00:00,20.1,70,14.5,15.9,31.0,0.6,854.2,57.0,67,,0.08,,53,chuk_rwanda
2022-09-18 19:00:00,19.0,79,15.4,7.8,33.1,0.4,854.5,0.0,61,,0.01,,51,chuk_rwanda
2022-09-18 20:00:00,17.7,89,15.9,4.9,16.6,0.0,854.5,0.0,20,,0.0,,1,chuk_rwanda
2022-09-18 21:00:00,17.2,93,16.1,4.1,8.3,0.0,854.7,0.0,89,,0.0,,3,chuk_rwanda
2022-09-18 22:00:00,16.5,95,15.8,4.7,8.3,0.0,854.5,0.0,55,,0.0,,2,chuk_rwanda
2022-09-18 23:00:00,16.4,96,15.6,4.9,9.7,0.0,854.1,0.0,64,,0.0,,2,chuk_rwanda
2022-09-19 00:00:00,16.2,95,15.4,6.3,13.0,0.0,853.6,0.0,100,,0.0,,3,chuk_rwanda
2022-09-19 01:00:00,16.2,93,15.1,6.8,14.8,0.0,853.1,0.0,99,,0.0,,3,chuk_rwanda
2022-09-19 02:00:00,15.8,94,14.8,6.8,18.4,0.1,852.0,0.0,99,,0.0,,51,chuk_rwanda
2022-09-19 03:00:00,15.2,95,14.4,5.4,13.3,0.0,851.6,0.0,99,,0.0,,3,chuk_rwanda
2022-09-19 04:00:00,14.4,96,13.8,4.8,11.5,0.0,851.2,0.0,82,,0.0,,3,chuk_rwanda
2022-09-19 05:00:00,13.6,96,13.1,6.1,9.7,0.0,851.5,0.0,32,,0.0,,1,chuk_rwanda
2022-09-19 06:00:00,14.6,93,13.6,3.6,9.7,0.0,852.8,0.0,7,,0.01,,0,chuk_rwanda
2022-09-19 07:00:00,16.0,90,14.4,2.9,9.0,0.0,854.5,96.0,20,,0.04,,1,chuk_rwanda
2022-09-19 08:00:00,19.3,76,14.9,1.8,11.5,0.0,856.5,328.0,58,,0.2,,2,chuk_rwanda
2022-09-19 09:00:00,22.4,62,14.7,3.8,14.0,0.0,857.9,573.0,88,,0.38,,3,chuk_rwanda
2022-09-19 10:00:00,24.2,53,14.1,9.7,29.2,0.0,858.1,772.0,100,,0.53,,3,chuk_rwanda
2022-09-19 11:00:00,24.9,48,13.0,10.1,26.3,0.1,857.3,733.0,99,,0.53,,51,chuk_rwanda
2022-09-19 12:00:00,25.5,49,14.1,9.0,26.6,0.2,856.6,792.0,95,,0.58,,51,chuk_rwanda
2022-09-19 13:00:00,26.0,46,13.6,9.7,25.6,0.0,855.3,664.0,61,,0.51,,2,chuk_rwanda
2022-09-19 14:00:00,27.0,44,13.5,10.4,28.4,0.2,855.6,775.0,89,,0.58,,51,chuk_rwanda
2022-09-19 15:00:00,26.0,44,12.8,12.4,28.4,0.0,854.4,555.0,100,,0.44,,3,chuk_rwanda
2022-09-19 16:00:00,22.5,65,15.8,13.1,40.3,0.1,854.1,300.0,100,,0.23,,51,chuk_rwanda
2022-09-19 17:00:00,22.0,65,15.1,9.5,28.8,1.1,854.4,214.0,100,,0.16,,55,chuk_rwanda
2022-09-19 18:00:00,20.6,73,15.6,3.6,19.4,0.0,854.5,38.0,100,,0.04,,3,chuk_rwanda
2022-09-19 19:00:00,19.7,77,15.6,6.4,13.3,0.0,854.4,0.0,91,,0.0,,3,chuk_rwanda
2022-09-19 20:00:00,18.1,87,15.9,6.6,17.6,1.3,855.0,0.0,87,,0.0,,61,chuk_rwanda
2022-09-19 21:00:00,16.9,93,15.8,4.6,13.7,0.0,854.5,0.0,1,,0.0,,0,chuk_rwanda
2022-09-19 22:00:00,16.1,94,15.1,5.0,9.7,0.0,854.3,0.0,0,,0.0,,0,chuk_rwanda
2022-09-19 23:00:00,15.9,93,14.9,6.0,12.6,0.0,853.8,0.0,37,,0.0,,1,chuk_rwanda
2022-09-20 00:00:00,15.2,94,14.2,5.2,11.9,0.0,852.8,0.0,69,,0.0,,2,chuk_rwanda
2022-09-20 01:00:00,15.1,93,14.1,7.2,14.8,0.0,852.3,0.0,0,,0.0,,0,chuk_rwanda
2022-09-20 02:00:00,15.3,91,13.8,7.8,14.8,0.0,851.0,0.0,2,,0.0,,0,chuk_rwanda
2022-09-20 03:00:00,15.0,90,13.4,8.2,15.5,0.0,850.8,0.0,100,,0.0,,3,chuk_rwanda
2022-09-20 04:00:00,14.6,91,13.2,7.5,15.1,0.0,850.7,0.0,99,,0.0,,3,chuk_rwanda
2022-09-20 05:00:00,14.3,92,13.1,7.4,13.7,0.0,851.0,0.0,0,,0.0,,0,chuk_rwanda
2022-09-20 06:00:00,14.1,92,12.9,6.8,13.0,0.0,851.3,0.0,0,,0.02,,0,chuk_rwanda
2022-09-20 07:00:00,16.7,81,13.4,4.7,13.3,0.0,853.3,99.0,0,,0.05,,0,chuk_rwanda
2022-09-20 08:00:00,20.9,66,14.3,2.1,10.4,0.0,856.0,338.0,0,,0.21,,0,chuk_rwanda
2022-09-20 09:00:00,23.4,56,14.1,4.1,15.5,0.0,856.6,583.0,2,,0.39,,0,chuk_rwanda
2022-09-20 10:00:00,25.3,48,13.5,8.7,23.4,0.0,857.0,792.0,22,,0.56,,1,chuk_rwanda
2022-09-20 11:00:00,26.0,44,12.7,12.9,31.7,0.1,856.5,794.0,24,,0.59,,51,chuk_rwanda
2022-09-20 12:00:00,26.8,43,13.1,13.5,35.3,0.1,856.1,928.0,100,,0.68,,51,chuk_rwanda
2022-09-20 13:00:00,27.7,42,13.6,11.9,33.8,0.0,855.1,866.0,83,,0.66,,3,chuk_rwanda
2022-09-20 14:00:00,27.0,43,13.3,17.0,32.8,0.0,854.4,844.0,100,,0.64,,3,chuk_rwanda
2022-09-20 15:00:00,24.9,51,14.2,13.3,40.7,0.4,853.7,602.0,89,,0.45,,51,chuk_rwanda
2022-09-20 16:00:00,25.2,51,14.4,11.7,31.0,0.0,853.2,469.0,62,,0.36,,2,chuk_rwanda
2022-09-20 17:00:00,23.6,56,14.3,8.5,27.7,0.1,853.1,258.0,78,,0.2,,51,chuk_rwanda
2022-09-20 18:00:00,22.0,71,16.6,4.4,19.4,0.0,852.6,44.0,96,,0.04,,3,chuk_rwanda
2022-09-20 19:00:00,21.0,70,15.3,4.5,8.6,0.0,852.7,0.0,31,,0.0,,1,chuk_rwanda
2022-09-20 20:00:00,19.1,83,16.1,10.3,20.2,0.0,852.8,0.0,36,,0.01,,1,chuk_rwanda
2022-09-20 21:00:00,18.6,82,15.4,7.6,20.9,0.0,853.1,0.0,10,,0.0,,0,chuk_rwanda
2022-09-20 22:00:00,17.8,86,15.3,7.4,15.1,0.0,853.2,0.0,73,,0.0,,2,chuk_rwanda
2022-09-20 23:00:00,17.1,88,15.1,9.3,17.6,0.0,853.0,0.0,89,,0.0,,3,chuk_rwanda
2022-09-21 00:00:00,17.0,86,14.6,10.8,22.3,0.0,851.8,0.0,71,,0.0,,2,chuk_rwanda
2022-09-21 01:00:00,16.4,88,14.4,7.7,21.2,0.0,851.2,0.0,69,,0.0,,2,chuk_rwanda
2022-09-21 02:00:00,15.9,87,13.7,7.1,14.4,0.0,849.9,0.0,48,,0.0,,1,chuk_rwanda
2022-09-21 03:00:00,15.4,89,13.6,7.1,13.0,0.0,849.8,0.0,100,,0.0,,3,chuk_rwanda
2022-09-21 04:00:00,14.8,91,13.2,6.8,12.6,0.0,850.0,0.0,93,,0.0,,3,chuk_rwanda
2022-09-21 05:00:00,14.5,89,12.8,4.7,12.6,0.0,850.5,0.0,99,,0.0,,3,chuk_rwanda
2022-09-21 06:00:00,14.1,91,12.6,2.4,8.6,0.0,851.2,1.0,97,,0.0,,3,chuk_rwanda
2022-09-21 07:00:00,16.6,81,13.4,1.5,6.8,0.0,853.6,98.0,99,,0.05,,3,chuk_rwanda
2022-09-21 08:00:00,20.0,69,14.2,0.7,8.3,0.0,855.7,322.0,96,,0.19,,3,chuk_rwanda
2022-09-21 09:00:00,23.3,55,13.9,2.3,12.2,0.0,856.7,588.0,95,,0.39,,3,chuk_rwanda
2022-09-21 10:00:00,25.2,46,12.6,7.9,21.2,0.0,857.0,787.0,74,,0.56,,2,chuk_rwanda
2022-09-21 11:00:00,25.5,44,12.4,9.0,25.9,0.1,856.4,667.0,37,,0.5,,51,chuk_rwanda
2022-09-21 12:00:00,27.4,40,12.7,12.6,31.3,0.0,855.8,935.0,11,,0.7,,0,chuk_rwanda
2022-09-21 13:00:00,27.5,40,12.8,13.7,34.2,0.0,854.9,942.0,40,,0.7,,1,chuk_rwanda
2022-09-21 14:00:00,27.2,39,12.2,12.6,33.8,0.0,853.7,794.0,27,,0.61,,1,chuk_rwanda
2022-09-21 15:00:00,26.8,41,12.3,14.2,34.2,0.0,852.9,718.0,26,,0.55,,1,chuk_rwanda
2022-09-21 16:00:00,26.1,45,13.2,9.7,32.8,0.0,852.7,441.0,22,,0.35,,1,chuk_rwanda
2022-09-21 17:00:00,25.2,46,12.8,8.8,24.5,0.0,852.4,225.0,20,,0.2,,1,chuk_rwanda
2022-09-21 18:00:00,23.2,57,14.2,5.0,20.9,0.0,852.1,53.0,74,,0.05,,2,chuk_rwanda
2022-09-21 19:00:00,21.9,59,13.4,5.4,11.5,0.0,852.2,0.0,98,,0.02,,3,chuk_rwanda
2022-09-21 20:00:00,20.1,70,14.4,4.4,13.0,0.0,853.1,0.0,96,,0.0,,3,chuk_rwanda
2022-09-21 21:00:00,19.4,71,14.1,3.9,9.4,0.0,853.7,0.0,99,,0.0,,3,chuk_rwanda
2022-09-21 22:00:00,18.3,78,14.4,4.3,7.9,0.0,854.0,0.0,98,,0.0,,3,chuk_rwanda
2022-09-21 23:00:00,18.1,74,13.5,4.3,7.2,0.0,853.7,0.0,96,,0.0,,3,chuk_rwanda
2022-09-22 00:00:00,16.8,81,13.6,7.3,13.3,0.0,852.5,0.0,100,,0.0,,3,chuk_rwanda
2022-09-22 01:00:00,16.2,85,13.7,8.9,16.6,0.0,851.5,0.0,100,,0.0,,3,chuk_rwanda
2022-09-22 02:00:00,15.2,88,13.3,8.5,17.6,0.0,850.6,0.0,100,,0.0,,3,chuk_rwanda
2022-09-22 03:00:00,15.1,88,13.1,8.4,16.9,0.0,850.3,0.0,100,,0.0,,3,chuk_rwanda
2022-09-22 04:00:00,14.9,88,13.0,7.3,16.2,0.0,850.4,0.0,100,,0.0,,3,chuk_rwanda
2022-09-22 05:00:00,14.5,90,12.9,8.7,15.5,0.0,850.9,0.0,100,,0.0,,3,chuk_rwanda
2022-09-22 06:00:00,14.3,91,12.8,7.8,15.8,0.0,851.5,1.0,96,,0.0,,3,chuk_rwanda
2022-09-22 07:00:00,16.7,82,13.6,3.4,14.0,0.0,853.6,100.0,96,,0.05,,3,chuk_rwanda
2022-09-22 08:00:00,20.4,68,14.2,2.6,10.8,0.0,856.1,285.0,92,,0.18,,3,chuk_rwanda
2022-09-22 09:00:00,23.0,58,14.2,5.0,16.6,0.0,857.0,539.0,21,,0.37,,1,chuk_rwanda
2022-09-22 10:00:00,24.8,50,13.8,5.6,18.4,0.1,857.2,788.0,90,,0.55,,51,chuk_rwanda
2022-09-22 11:00:00,25.5,46,13.1,7.9,23.8,0.1,856.6,802.0,100,,0.58,,51,chuk_rwanda
2022-09-22 12:00:00,26.4,43,12.8,11.0,28.8,0.2,856.0,879.0,98,,0.65,,51,chuk_rwanda
2022-09-22 13:00:00,25.6,47,13.3,13.1,32.4,0.1,854.7,779.0,98,,0.58,,51,chuk_rwanda
2022-09-22 14:00:00,19.0,79,15.3,14.2,36.7,0.0,853.5,723.0,100,,0.41,,3,chuk_rwanda
2022-09-22 15:00:00,21.0,75,16.4,10.2,29.2,0.7,853.7,255.0,100,,0.19,,53,chuk_rwanda
2022-09-22 16:00:00,21.7,62,14.1,7.9,24.1,0.0,853.8,134.0,100,,0.14,,3,chuk_rwanda
2022-09-22 17:00:00,21.4,62,13.8,4.1,17.6,0.1,853.8,96.0,100,,0.09,,51,chuk_rwanda
2022-09-22 18:00:00,19.9,74,15.2,4.1,9.7,0.0,853.5,22.0,100,,0.04,,3,chuk_rwanda
2022-09-22 19:00:00,19.4,77,15.1,4.0,7.6,0.0,853.8,0.0,100,,0.0,,3,chuk_rwanda
2022-09-22 20:00:00,18.6,80,15.1,4.5,7.6,0.0,853.9,0.0,100,,0.0,,3,chuk_rwanda
2022-09-22 21:00:00,18.4,81,14.9,3.6,7.2,0.0,854.3,0.0,100,,0.0,,3,chuk_rwanda
2022-09-22 22:00:00,18.0,83,15.1,4.8,8.3,0.0,854.4,0.0,100,,0.0,,3,chuk_rwanda
2022-09-22 23:00:00,18.0,83,15.1,6.4,11.2,0.0,854.1,0.0,99,,0.0,,3,chuk_rwanda
2022-09-23 00:00:00,18.0,83,15.1,6.0,13.3,0.0,853.5,0.0,100,,0.0,,3,chuk_rwanda
2022-09-23 01:00:00,17.5,84,14.8,5.4,11.2,0.0,852.6,0.0,100,,0.0,,3,chuk_rwanda
2022-09-23 02:00:00,15.6,92,14.2,6.6,14.4,0.0,851.4,0.0,100,,0.0,,3,chuk_rwanda
2022-09-23 03:00:00,15.1,92,13.7,7.4,15.1,0.0,850.9,0.0,97,,0.0,,3,chuk_rwanda
2022-09-23 04:00:00,14.7,91,13.2,6.5,14.8,0.0,850.8,0.0,99,,0.0,,3,chuk_rwanda
2022-09-23 05:00:00,14.2,90,12.6,6.1,12.6,0.0,851.0,0.0,94,,0.0,,3,chuk_rwanda
2022-09-23 06:00:00,13.9,89,12.1,6.3,11.9,0.0,851.3,1.0,95,,0.0,,3,chuk_rwanda
2022-09-23 07:00:00,16.8,76,12.6,5.5,13.3,0.0,853.1,105.0,90,,0.06,,3,chuk_rwanda
2022-09-23 08:00:00,21.0,62,13.3,0.8,11.5,0.0,856.0,347.0,98,,0.21,,3,chuk_rwanda
2022-09-23 09:00:00,23.5,51,12.6,5.4,16.9,0.0,857.2,593.0,92,,0.4,,3,chuk_rwanda
2022-09-23 10:00:00,24.5,46,12.2,12.3,32.4,0.0,857.4,696.0,22,,0.5,,1,chuk_rwanda
2022-09-23 11:00:00,25.5,45,12.8,12.3,33.1,0.0,856.8,863.0,14,,0.62,,0,chuk_rwanda
2022-09-23 12:00:00,26.6,42,12.8,10.5,31.7,0.0,855.9,887.0,98,,0.66,,3,chuk_rwanda
2022-09-23 13:00:00,28.0,38,12.6,10.2,28.8,0.0,854.6,968.0,34,,0.73,,1,chuk_rwanda
2022-09-23 14:00:00,27.2,43,13.7,12.0,29.9,0.0,854.1,894.0,34,,0.66,,1,chuk_rwanda
2022-09-23 15:00:00,27.0,41,12.9,11.3,29.5,0.0,853.3,582.0,100,,0.47,,3,chuk_rwanda
2022-09-23 16:00:00,26.0,43,12.3,15.6,32.4,0.2,853.2,343.0,98,,0.33,,51,chuk_rwanda
2022-09-23 17:00:00,22.4,57,13.6,4.7,36.7,0.0,852.9,118.0,98,,0.11,,3,chuk_rwanda
2022-09-23 18:00:00,21.7,66,15.0,2.7,9.7,0.0,852.7,46.0,100,,0.03,,3,chuk_rwanda
2022-09-23 19:00:00,20.1,72,15.0,4.0,9.4,0.0,852.7,0.0,96,,0.0,,3,chuk_rwanda
2022-09-23 20:00:00,19.9,75,15.3,4.6,8.6,0.0,854.1,0.0,97,,0.0,,3,chuk_rwanda
2022-09-23 21:00:00,18.7,80,15.1,8.2,14.4,0.0,854.1,0.0,58,,0.01,,2,chuk_rwanda
2022-09-23 22:00:00,18.1,81,14.9,9.1,18.7,0.0,853.7,0.0,100,,0.01,,3,chuk_rwanda
2022-09-23 23:00:00,17.3,84,14.6,7.4,17.6,0.0,853.4,0.0,49,,0.0,,1,chuk_rwanda
2022-09-24 00:00:00,16.7,85,14.2,10.0,19.1,0.0,852.4,0.0,58,,0.0,,2,chuk_rwanda
2022-09-24 01:00:00,16.5,84,13.9,8.6,19.1,0.0,852.0,0.0,64,,0.0,,2,chuk_rwanda
2022-09-24 02:00:00,16.2,86,13.9,7.3,16.2,0.0,851.8,0.0,83,,0.0,,3,chuk_rwanda
2022-09-24 03:00:00,15.6,88,13.6,7.4,13.3,0.0,851.4,0.0,29,,0.0,,1,chuk_rwanda
2022-09-24 04:00:00,15.1,90,13.4,7.2,13.0,0.0,851.4,0.0,100,,0.0,,3,chuk_rwanda
2022-09-24 05:00:00,15.4,88,13.3,6.0,12.6,0.0,851.9,0.0,100,,0.0,,3,chuk_rwanda
2022-09-24 06:00:00,15.9,85,13.4,4.5,10.4,0.0,852.8,1.0,100,,0.0,,3,chuk_rwanda
2022-09-24 07:00:00,17.7,78,13.8,3.3,9.0,0.0,854.7,75.0,100,,0.05,,3,chuk_rwanda
2022-09-24 08:00:00,21.1,63,13.8,1.1,9.0,0.0,856.8,300.0,100,,0.19,,3,chuk_rwanda
2022-09-24 09:00:00,23.0,55,13.6,7.9,20.5,0.1,857.6,537.0,94,,0.37,,51,chuk_rwanda
2022-09-24 10:00:00,24.0,51,13.2,9.5,28.4,0.3,857.8,618.0,97,,0.45,,51,chuk_rwanda
2022-09-24 11:00:00,25.8,45,13.0,12.1,31.3,0.2,857.5,909.0,75,,0.65,,51,chuk_rwanda
2022-09-24 12:00:00,23.7,53,13.4,15.1,38.2,0.7,856.1,803.0,76,,0.56,,53,chuk_rwanda
2022-09-24 13:00:00,24.4,53,14.2,8.1,35.6,0.4,855.0,677.0,44,,0.49,,51,chuk_rwanda
2022-09-24 14:00:00,23.8,54,13.9,9.2,27.0,0.0,854.0,767.0,100,,0.53,,3,chuk_rwanda
2022-09-24 15:00:00,19.8,74,15.1,9.0,31.7,3.0,853.2,445.0,100,,0.29,,63,chuk_rwanda
2022-09-24 16:00:00,20.5,72,15.2,6.2,22.3,0.6,852.9,167.0,100,,0.14,,53,chuk_rwanda
2022-09-24 17:00:00,20.5,68,14.5,6.5,17.3,0.1,853.4,158.0,80,,0.12,,51,chuk_rwanda
2022-09-24 18:00:00,18.9,83,15.9,2.9,19.4,0.0,852.9,37.0,53,,0.03,,2,chuk_rwanda
2022-09-24 19:00:00,18.5,81,15.1,5.7,12.2,0.0,853.2,0.0,91,,0.0,,3,chuk_rwanda
2022-09-24 20:00:00,17.9,83,14.9,7.1,13.7,0.0,853.7,0.0,53,,0.0,,2,chuk_rwanda
2022-09-24 21:00:00,17.7,84,15.1,6.6,16.2,0.0,854.0,0.0,35,,0.0,,1,chuk_rwanda
2022-09-24 22:00:00,17.0,87,14.9,9.2,19.1,0.0,854.0,0.0,85,,0.0,,3,chuk_rwanda
2022-09-24 23:00:00,16.2,91,14.7,7.0,19.1,0.0,853.2,0.0,13,,0.0,,0,chuk_rwanda
2022-09-25 00:00:00,15.8,92,14.4,8.9,17.3,0.0,852.5,0.0,13,,0.0,,0,chuk_rwanda
2022-09-25 01:00:00,15.4,92,14.1,9.0,18.0,0.0,851.3,0.0,32,,0.0,,1,chuk_rwanda
2022-09-25 02:00:00,15.2,90,13.6,9.4,18.4,0.0,850.9,0.0,100,,0.0,,3,chuk_rwanda
2022-09-25 03:00:00,15.1,89,13.4,8.9,18.4,0.0,850.4,0.0,100,,0.0,,3,chuk_rwanda
2022-09-25 04:00:00,14.6,90,13.1,8.5,18.0,0.0,850.4,0.0,97,,0.0,,3,chuk_rwanda
2022-09-25 05:00:00,14.2,91,12.8,6.7,15.8,0.0,850.6,0.0,99,,0.0,,3,chuk_rwanda
2022-09-25 06:00:00,13.8,93,12.7,2.5,10.8,0.0,851.4,1.0,98,,0.0,,3,chuk_rwanda
2022-09-25 07:00:00,15.9,85,13.4,0.7,6.8,0.0,853.8,107.0,100,,0.05,,3,chuk_rwanda
2022-09-25 08:00:00,18.9,73,13.9,3.4,13.7,0.0,856.1,352.0,100,,0.21,,3,chuk_rwanda
2022-09-25 09:00:00,21.6,63,14.1,6.9,19.4,0.0,857.1,583.0,63,,0.38,,2,chuk_rwanda
2022-09-25 10:00:00,23.0,60,14.6,12.1,31.7,0.3,857.5,714.0,78,,0.48,,51,chuk_rwanda
2022-09-25 11:00:00,24.4,54,14.5,11.0,31.7,0.0,857.0,773.0,73,,0.54,,2,chuk_rwanda
2022-09-25 12:00:00,25.0,45,12.4,8.1,29.5,0.0,856.1,736.0,32,,0.54,,1,chuk_rwanda
2022-09-25 13:00:00,26.0,42,11.9,9.0,24.5,0.0,855.2,819.0,83,,0.61,,3,chuk_rwanda
2022-09-25 14:00:00,21.8,54,12.1,9.2,28.1,0.0,854.2,793.0,100,,0.53,,3,chuk_rwanda
2022-09-25 15:00:00,23.0,48,11.6,15.9,33.8,0.0,854.0,293.0,100,,0.28,,3,chuk_rwanda
2022-09-25 16:00:00,20.9,61,13.1,17.1,40.3,0.0,853.8,187.0,100,,0.19,,3,chuk_rwanda
2022-09-25 17:00:00,20.0,67,13.6,10.7,37.1,0.0,854.1,64.0,99,,0.1,,3,chuk_rwanda
2022-09-25 18:00:00,19.2,71,13.9,7.5,23.4,0.0,854.0,16.0,100,,0.05,,3,chuk_rwanda
2022-09-25 19:00:00,19.0,74,14.2,4.0,16.6,0.0,854.3,0.0,73,,0.0,,2,chuk_rwanda
2022-09-25 20:00:00,18.7,76,14.4,5.1,10.1,0.0,855.0,0.0,60,,0.0,,2,chuk_rwanda
2022-09-25 21:00:00,17.7,81,14.4,4.3,10.4,0.0,855.1,0.0,100,,0.0,,3,chuk_rwanda
2022-09-25 22:00:00,17.5,83,14.6,3.6,9.4,0.0,855.5,0.0,100,,0.0,,3,chuk_rwanda
2022-09-25 23:00:00,17.7,82,14.6,3.7,9.4,0.0,855.5,0.0,100,,0.0,,3,chuk_rwanda
2022-09-26 00:00:00,17.4,81,14.1,4.3,9.7,0.2,854.6,0.0,100,,0.0,,51,chuk_rwanda
2022-09-26 01:00:00,17.0,88,14.9,5.7,8.3,0.6,853.5,0.0,100,,0.0,,53,chuk_rwanda
2022-09-26 02:00:00,16.5,87,14.4,7.4,17.3,1.0,851.6,0.0,100,,0.0,,55,chuk_rwanda
2022-09-26 03:00:00,15.9,88,14.0,6.1,14.8,0.0,851.5,0.0,83,,0.0,,3,chuk_rwanda
2022-09-26 04:00:00,14.5,94,13.6,5.4,11.9,0.0,851.0,0.0,48,,0.0,,1,chuk_rwanda
2022-09-26 05:00:00,14.1,95,13.2,4.5,9.4,0.0,851.2,0.0,51,,0.0,,2,chuk_rwanda
2022-09-26 06:00:00,13.7,94,12.8,5.6,10.8,0.0,851.3,1.0,22,,0.0,,1,chuk_rwanda
2022-09-26 07:00:00,16.2,82,13.1,5.8,14.0,0.0,853.2,109.0,25,,0.06,,1,chuk_rwanda
2022-09-26 08:00:00,20.3,66,13.7,1.0,13.0,0.0,856.2,347.0,43,,0.21,,1,chuk_rwanda
2022-09-26 09:00:00,22.9,51,12.3,4.9,15.8,0.0,857.2,555.0,52,,0.38,,2,chuk_rwanda
2022-09-26 10:00:00,24.3,45,11.7,11.8,29.5,0.0,857.5,781.0,48,,0.55,,1,chuk_rwanda
2022-09-26 11:00:00,25.6,39,10.9,10.1,30.2,0.2,857.0,840.0,33,,0.61,,51,chuk_rwanda
2022-09-26 12:00:00,26.4,41,12.1,10.0,28.8,0.1,856.1,909.0,20,,0.67,,51,chuk_rwanda
2022-09-26 13:00:00,27.5,39,12.3,10.5,27.7,0.0,855.4,922.0,51,,0.69,,2,chuk_rwanda
2022-09-26 14:00:00,28.0,38,12.5,14.1,31.0,0.0,854.8,742.0,75,,0.59,,2,chuk_rwanda
2022-09-26 15:00:00,26.5,42,12.6,13.8,36.7,0.0,853.6,703.0,98,,0.53,,3,chuk_rwanda
2022-09-26 16:00:00,26.1,43,12.7,11.4,33.1,0.0,853.1,495.0,95,,0.39,,3,chuk_rwanda
2022-09-26 17:00:00,24.8,47,12.8,10.5,27.7,0.0,852.8,268.0,97,,0.22,,3,chuk_rwanda
2022-09-26 18:00:00,22.6,60,14.6,4.9,24.1,0.0,852.5,47.0,32,,0.05,,1,chuk_rwanda
2022-09-26 19:00:00,21.8,63,14.5,4.4,10.8,0.0,852.7,0.0,32,,0.01,,1,chuk_rwanda
2022-09-26 20:00:00,20.8,65,14.1,4.6,10.1,0.0,853.3,0.0,23,,0.01,,1,chuk_rwanda
2022-09-26 21:00:00,19.6,69,13.7,6.4,13.7,0.0,853.6,0.0,15,,0.01,,0,chuk_rwanda
2022-09-26 22:00:00,18.8,70,13.2,7.8,15.1,0.0,853.8,0.0,22,,0.02,,1,chuk_rwanda
2022-09-26 23:00:00,17.8,74,13.1,7.7,15.8,0.0,853.2,0.0,32,,0.01,,1,chuk_rwanda
2022-09-27 00:00:00,17.0,78,13.1,8.9,16.6,0.0,852.5,0.0,26,,0.01,,1,chuk_rwanda
2022-09-27 01:00:00,16.5,80,13.1,7.9,16.9,0.0,851.5,0.0,39,,0.0,,1,chuk_rwanda
2022-09-27 02:00:00,17.0,78,13.1,7.9,15.1,0.0,850.7,0.0,56,,0.01,,2,chuk_rwanda
2022-09-27 03:00:00,17.0,78,13.2,6.4,13.7,0.0,850.8,0.0,36,,0.0,,1,chuk_rwanda
2022-09-27 04:00:00,16.4,82,13.3,3.6,11.5,0.0,851.6,0.0,88,,0.0,,3,chuk_rwanda
2022-09-27 05:00:00,16.1,82,13.1,4.0,7.9,0.0,852.2,0.0,84,,0.0,,3,chuk_rwanda
2022-09-27 06:00:00,15.8,85,13.2,5.8,10.4,0.0,852.6,1.0,97,,0.01,,3,chuk_rwanda
2022-09-27 07:00:00,17.9,76,13.6,6.4,13.0,0.0,854.0,82.0,73,,0.06,,2,chuk_rwanda
2022-09-27 08:00:00,21.8,59,13.5,0.4,10.8,0.0,856.6,308.0,60,,0.19,,2,chuk_rwanda
2022-09-27 09:00:00,23.6,51,12.9,10.7,25.9,0.0,857.4,538.0,24,,0.39,,1,chuk_rwanda
2022-09-27 10:00:00,24.6,48,12.9,13.6,34.9,0.1,857.8,694.0,100,,0.5,,51,chuk_rwanda
2022-09-27 11:00:00,22.5,63,15.1,18.5,42.5,2.5,857.2,798.0,96,,0.51,,63,chuk_rwanda
2022-09-27 12:00:00,23.5,54,13.8,2.4,43.2,1.2,856.3,658.0,42,,0.47,,55,chuk_rwanda
2022-09-27 13:00:00,24.7,52,14.1,2.3,19.8,0.0,854.9,792.0,82,,0.57,,3,chuk_rwanda
2022-09-27 14:00:00,25.4,44,12.3,10.7,33.8,2.6,854.2,660.0,80,,0.5,,63,chuk_rwanda
2022-09-27 15:00:00,24.9,48,13.1,14.7,32.4,0.5,854.0,480.0,82,,0.39,,53,chuk_rwanda
2022-09-27 16:00:00,23.5,54,13.5,10.6,32.0,0.6,853.6,367.0,97,,0.29,,53,chuk_rwanda
2022-09-27 17:00:00,22.3,60,14.1,10.8,25.2,0.0,853.3,182.0,100,,0.16,,3,chuk_rwanda
2022-09-27 18:00:00,20.7,69,14.8,5.5,23.8,0.0,853.4,41.0,100,,0.04,,3,chuk_rwanda
2022-09-27 19:00:00,19.6,73,14.6,6.2,13.0,0.0,853.6,0.0,100,,0.01,,3,chuk_rwanda
2022-09-27 20:00:00,19.0,75,14.5,8.0,16.6,0.0,853.8,0.0,89,,0.01,,3,chuk_rwanda
2022-09-27 21:00:00,18.0,80,14.6,8.3,16.6,0.0,854.0,0.0,89,,0.01,,3,chuk_rwanda
2022-09-27 22:00:00,17.7,81,14.4,9.2,17.6,0.0,854.2,0.0,42,,0.01,,1,chuk_rwanda
2022-09-27 23:00:00,17.4,82,14.2,8.9,18.4,0.0,853.9,0.0,77,,0.0,,2,chuk_rwanda
2022-09-28 00:00:00,16.6,85,14.1,8.3,16.9,0.0,853.0,0.0,100,,0.0,,3,chuk_rwanda
2022-09-28 01:00:00,16.2,87,13.9,7.7,15.5,0.0,852.4,0.0,99,,0.0,,3,chuk_rwanda
2022-09-28 02:00:00,17.3,85,14.8,3.6,16.6,0.0,852.5,0.0,100,,0.0,,3,chuk_rwanda
2022-09-28 03:00:00,17.4,83,14.5,3.2,6.5,0.0,852.8,0.0,100,,0.0,,3,chuk_rwanda
2022-09-28 04:00:00,16.9,85,14.4,1.8,6.5,0.0,853.1,0.0,100,,0.0,,3,chuk_rwanda
2022-09-28 05:00:00,15.8,87,13.7,2.8,5.8,0.0,853.0,0.0,65,,0.0,,2,chuk_rwanda
2022-09-28 06:00:00,14.6,92,13.2,5.0,9.0,0.0,853.0,1.0,93,,0.01,,3,chuk_rwanda
2022-09-28 07:00:00,17.6,78,13.8,5.8,12.6,0.0,855.4,108.0,100,,0.06,,3,chuk_rwanda
2022-09-28 08:00:00,20.8,64,13.9,1.8,12.6,0.0,856.9,317.0,87,,0.2,,3,chuk_rwanda
2022-09-28 09:00:00,23.0,54,13.2,8.8,22.3,0.0,857.6,567.0,95,,0.39,,3,chuk_rwanda
2022-09-28 10:00:00,23.6,53,13.6,10.2,29.9,0.0,857.7,638.0,100,,0.45,,3,chuk_rwanda
2022-09-28 11:00:00,25.0,50,14.0,10.6,29.9,0.0,857.4,729.0,100,,0.53,,3,chuk_rwanda
2022-09-28 12:00:00,26.2,43,12.8,11.8,29.5,0.0,856.3,776.0,100,,0.59,,3,chuk_rwanda
2022-09-28 13:00:00,24.6,46,12.4,9.6,30.2,0.1,854.4,259.0,100,,0.26,,51,chuk_rwanda
2022-09-28 14:00:00,25.4,43,11.8,13.8,29.2,0.0,854.7,592.0,100,,0.47,,3,chuk_rwanda
2022-09-28 15:00:00,21.0,67,14.7,18.8,45.0,0.2,854.5,491.0,100,,0.32,,51,chuk_rwanda
2022-09-28 16:00:00,20.2,72,15.1,6.3,42.1,0.6,853.9,204.0,83,,0.15,,53,chuk_rwanda
2022-09-28 17:00:00,20.5,71,15.2,9.0,20.2,0.2,853.8,239.0,100,,0.16,,51,chuk_rwanda
2022-09-28 18:00:00,19.6,76,15.2,7.4,19.4,0.0,853.6,31.0,100,,0.04,,3,chuk_rwanda
2022-09-28 19:00:00,18.7,82,15.6,6.6,16.9,0.0,853.6,0.0,100,,0.0,,3,chuk_rwanda
2022-09-28 20:00:00,17.5,89,15.7,7.7,15.1,0.0,853.3,0.0,100,,0.0,,3,chuk_rwanda
2022-09-28 21:00:00,17.5,87,15.3,8.4,17.6,0.0,853.3,0.0,100,,0.0,,3,chuk_rwanda
2022-09-28 22:00:00,17.1,86,14.8,7.2,17.3,0.0,853.4,0.0,100,,0.0,,3,chuk_rwanda
2022-09-28 23:00:00,16.5,87,14.4,7.2,15.1,0.0,853.3,0.0,92,,0.0,,3,chuk_rwanda
2022-09-29 00:00:00,15.2,91,13.7,5.2,14.0,0.0,852.6,0.0,13,,0.0,,0,chuk_rwanda
2022-09-29 01:00:00,13.9,95,13.2,4.8,9.0,0.0,851.9,0.0,48,,0.0,,1,chuk_rwanda
2022-09-29 02:00:00,15.6,94,14.6,4.6,12.6,0.0,852.1,0.0,0,,0.0,,0,chuk_rwanda
2022-09-29 03:00:00,15.1,96,14.4,3.5,8.6,0.0,851.7,0.0,100,,0.0,,3,chuk_rwanda
2022-09-29 04:00:00,14.8,96,14.1,5.9,10.8,0.0,851.6,0.0,81,,0.0,,3,chuk_rwanda
2022-09-29 05:00:00,13.9,95,13.1,6.2,11.9,0.0,851.3,0.0,99,,0.0,,3,chuk_rwanda
2022-09-29 06:00:00,13.4,95,12.6,5.2,11.9,0.0,851.5,1.0,98,,0.0,,3,chuk_rwanda
2022-09-29 07:00:00,16.1,83,13.3,4.5,11.2,0.0,853.7,100.0,100,,0.05,,3,chuk_rwanda
2022-09-29 08:00:00,20.0,65,13.4,2.9,11.2,0.0,856.3,296.0,98,,0.19,,3,chuk_rwanda
2022-09-29 09:00:00,22.6,54,12.9,4.4,15.1,0.0,857.3,524.0,100,,0.36,,3,chuk_rwanda
2022-09-29 10:00:00,23.9,46,11.5,10.3,25.9,0.0,857.6,662.0,100,,0.48,,3,chuk_rwanda
2022-09-29 11:00:00,25.0,41,11.0,10.8,28.1,0.0,857.3,841.0,43,,0.61,,1,chuk_rwanda
2022-09-29 12:00:00,25.5,39,10.6,10.6,28.4,0.0,856.6,829.0,100,,0.61,,3,chuk_rwanda
2022-09-29 13:00:00,26.4,36,10.0,9.4,27.7,0.0,855.3,820.0,100,,0.62,,3,chuk_rwanda
2022-09-29 14:00:00,26.9,34,9.6,8.4,25.2,0.0,855.4,737.0,100,,0.57,,3,chuk_rwanda
2022-09-29 15:00:00,26.2,34,9.1,9.4,22.7,0.0,854.1,445.0,96,,0.38,,3,chuk_rwanda
2022-09-29 16:00:00,25.7,35,8.9,8.0,23.0,0.0,853.4,270.0,100,,0.26,,3,chuk_rwanda
2022-09-29 17:00:00,25.5,44,12.2,3.1,19.8,0.0,852.9,175.0,97,,0.14,,3,chuk_rwanda
2022-09-29 18:00:00,22.3,56,13.1,5.0,9.0,0.0,851.7,47.0,95,,0.05,,3,chuk_rwanda
2022-09-29 19:00:00,20.0,55,10.8,4.4,8.6,0.0,851.2,0.0,74,,0.01,,2,chuk_rwanda
2022-09-29 20:00:00,18.0,61,10.4,6.8,13.7,0.0,851.3,0.0,4,,0.02,,0,chuk_rwanda
2022-09-29 21:00:00,17.6,60,9.9,8.7,18.0,0.0,852.5,0.0,10,,0.03,,0,chuk_rwanda
2022-09-29 22:00:00,17.5,60,9.6,10.5,21.6,0.0,852.9,0.0,2,,0.04,,0,chuk_rwanda
2022-09-29 23:00:00,17.1,62,9.8,9.8,22.7,0.0,852.8,0.0,13,,0.03,,0,chuk_rwanda
2022-09-30 00:00:00,16.3,71,11.0,4.0,19.8,0.0,852.5,0.0,9,,0.0,,0,chuk_rwanda
2022-09-30 01:00:00,15.4,71,10.2,7.0,13.3,0.0,852.0,0.0,18,,0.01,,0,chuk_rwanda
2022-09-30 02:00:00,16.6,75,12.1,5.1,12.6,0.0,851.7,0.0,14,,0.0,,0,chuk_rwanda
2022-09-30 03:00:00,15.9,70,10.4,5.5,8.6,0.0,851.5,0.0,69,,0.01,,2,chuk_rwanda
2022-09-30 04:00:00,14.8,75,10.4,7.8,14.4,0.0,850.9,0.0,100,,0.01,,3,chuk_rwanda
2022-09-30 05:00:00,13.9,79,10.3,7.8,15.1,0.0,850.7,0.0,97,,0.0,,3,chuk_rwanda
2022-09-30 06:00:00,13.5,80,10.2,7.6,14.4,0.0,850.8,1.0,100,,0.02,,3,chuk_rwanda
2022-09-30 07:00:00,16.5,71,11.1,4.4,14.4,0.0,853.0,114.0,100,,0.06,,3,chuk_rwanda
2022-09-30 08:00:00,20.4,59,12.1,4.5,14.4,0.0,856.4,356.0,95,,0.22,,3,chuk_rwanda
2022-09-30 09:00:00,22.9,47,11.0,5.4,17.6,0.0,857.2,603.0,96,,0.41,,3,chuk_rwanda
2022-09-30 10:00:00,25.0,41,10.9,7.1,21.6,0.0,857.4,812.0,96,,0.57,,3,chuk_rwanda
2022-09-30 11:00:00,26.2,37,10.4,9.7,25.9,0.0,857.0,930.0,35,,0.68,,1,chuk_rwanda
2022-09-30 12:00:00,26.9,35,10.1,10.6,27.7,0.0,856.2,868.0,27,,0.66,,1,chuk_rwanda
2022-09-30 13:00:00,27.1,35,10.1,10.5,28.4,0.0,855.1,823.0,14,,0.63,,0,chuk_rwanda
2022-09-30 14:00:00,27.6,35,10.7,8.3,27.0,0.0,854.7,886.0,2,,0.66,,0,chuk_rwanda
2022-09-30 15:00:00,27.7,35,10.9,9.7,24.8,0.0,854.0,720.0,35,,0.55,,1,chuk_rwanda
2022-09-30 16:00:00,27.0,37,10.9,10.8,26.3,0.0,853.6,468.0,100,,0.39,,3,chuk_rwanda
2022-09-30 17:00:00,25.3,40,10.8,12.0,28.1,0.0,853.3,163.0,99,,0.2,,3,chuk_rwanda
2022-09-30 18:00:00,22.2,57,13.2,12.6,31.0,0.0,853.5,50.0,98,,0.09,,3,chuk_rwanda
2022-09-30 19:00:00,21.0,63,13.8,7.2,27.4,0.0,853.8,0.0,66,,0.02,,2,chuk_rwanda
2022-09-30 20:00:00,20.1,68,14.1,5.9,16.2,0.0,854.3,0.0,20,,0.01,,1,chuk_rwanda
2022-09-30 21:00:00,19.4,72,14.1,6.2,13.3,0.0,854.5,0.0,50,,0.01,,2,chuk_rwanda
2022-09-30 22:00:00,18.8,74,14.0,8.0,16.2,0.0,854.8,0.0,30,,0.01,,1,chuk_rwanda
2022-09-30 23:00:00,18.2,77,14.1,8.3,16.9,0.0,854.2,0.0,89,,0.01,,3,chuk_rwanda
2022-10-01 00:00:00,18.6,76,14.4,6.2,17.3,0.0,854.2,0.0,100,,0.0,,3,chuk_rwanda
2022-10-01 01:00:00,18.2,78,14.2,5.9,13.0,0.0,853.6,0.0,37,,0.0,,1,chuk_rwanda
2022-10-01 02:00:00,15.6,86,13.4,6.6,11.2,0.0,852.8,0.0,17,,0.0,,0,chuk_rwanda
2022-10-01 03:00:00,15.4,87,13.3,6.9,13.0,0.0,852.7,0.0,96,,0.0,,3,chuk_rwanda
2022-10-01 04:00:00,15.1,89,13.2,6.9,12.6,0.0,852.7,0.0,100,,0.0,,3,chuk_rwanda
2022-10-01 05:00:00,14.9,89,13.1,6.4,12.2,0.0,852.8,0.0,100,,0.0,,3,chuk_rwanda
2022-10-01 06:00:00,14.9,89,13.0,6.5,11.9,0.0,853.1,1.0,100,,0.01,,3,chuk_rwanda
2022-10-01 07:00:00,17.2,79,13.6,4.4,11.9,0.0,854.9,92.0,100,,0.06,,3,chuk_rwanda
2022-10-01 08:00:00,20.8,62,13.2,3.6,11.9,0.0,856.9,280.0,100,,0.19,,3,chuk_rwanda
2022-10-01 09:00:00,23.2,53,13.1,2.3,12.2,0.0,857.9,542.0,100,,0.37,,3,chuk_rwanda
2022-10-01 10:00:00,25.2,44,12.1,6.0,18.4,0.0,858.1,729.0,99,,0.52,,3,chuk_rwanda
2022-10-01 11:00:00,26.0,42,12.2,11.5,28.8,0.0,857.7,812.0,66,,0.6,,2,chuk_rwanda
2022-10-01 12:00:00,27.0,41,12.6,11.8,31.7,0.1,857.0,952.0,40,,0.7,,51,chuk_rwanda
2022-10-01 13:00:00,26.8,42,12.7,9.4,30.6,0.1,855.9,821.0,45,,0.62,,51,chuk_rwanda
2022-10-01 14:00:00,27.2,41,12.7,11.1,25.2,0.0,855.0,787.0,33,,0.6,,1,chuk_rwanda
2022-10-01 15:00:00,23.8,54,13.9,18.1,42.5,0.2,854.1,568.0,58,,0.42,,51,chuk_rwanda
2022-10-01 16:00:00,23.4,56,14.0,14.5,41.4,0.0,854.1,365.0,10,,0.29,,0,chuk_rwanda
2022-10-01 17:00:00,22.9,59,14.4,11.0,33.1,0.0,854.3,242.0,20,,0.19,,1,chuk_rwanda
2022-10-01 18:00:00,21.7,64,14.6,8.4,24.5,0.0,854.4,47.0,22,,0.06,,1,chuk_rwanda
2022-10-01 19:00:00,20.4,70,14.7,5.2,18.0,0.0,854.4,0.0,42,,0.01,,1,chuk_rwanda
2022-10-01 20:00:00,19.1,75,14.6,5.9,11.9,0.0,854.8,0.0,55,,0.0,,2,chuk_rwanda
2022-10-01 21:00:00,18.8,80,15.2,4.3,13.7,0.0,855.2,0.0,75,,0.0,,2,chuk_rwanda
2022-10-01 22:00:00,18.0,83,15.1,6.8,12.2,0.0,855.1,0.0,100,,0.0,,3,chuk_rwanda
2022-10-01 23:00:00,17.4,85,14.9,6.8,14.4,0.0,854.7,0.0,86,,0.0,,3,chuk_rwanda
2022-10-02 00:00:00,16.6,88,14.6,5.0,12.6,0.0,854.0,0.0,9,,0.0,,0,chuk_rwanda
2022-10-02 01:00:00,16.0,91,14.5,4.1,9.4,0.0,853.3,0.0,10,,0.0,,0,chuk_rwanda
2022-10-02 02:00:00,15.8,86,13.5,6.6,9.7,0.0,852.0,0.0,5,,0.0,,0,chuk_rwanda
2022-10-02 03:00:00,15.4,88,13.3,6.1,11.2,0.0,851.7,0.0,100,,0.0,,3,chuk_rwanda
2022-10-02 04:00:00,14.8,89,13.0,5.7,9.7,0.0,851.6,0.0,64,,0.0,,2,chuk_rwanda
2022-10-02 05:00:00,14.2,90,12.6,5.8,9.7,0.0,851.9,0.0,65,,0.0,,2,chuk_rwanda
2022-10-02 06:00:00,13.9,91,12.4,6.0,9.4,0.0,852.2,2.0,81,,0.0,,3,chuk_rwanda
2022-10-02 07:00:00,17.2,76,13.0,4.6,12.2,0.0,854.4,117.0,99,,0.06,,3,chuk_rwanda
2022-10-02 08:00:00,21.5,58,12.9,0.8,10.8,0.0,856.9,362.0,100,,0.22,,3,chuk_rwanda
2022-10-02 09:00:00,23.8,49,12.6,4.7,15.5,0.0,857.9,549.0,100,,0.38,,3,chuk_rwanda
2022-10-02 10:00:00,25.0,44,11.9,10.6,26.6,0.0,858.1,636.0,100,,0.48,,3,chuk_rwanda
2022-10-02 11:00:00,25.6,41,11.5,10.5,28.1,0.0,857.6,704.0,100,,0.53,,3,chuk_rwanda
2022-10-02 12:00:00,26.9,39,11.9,9.4,27.7,0.0,856.8,868.0,100,,0.65,,3,chuk_rwanda
2022-10-02 13:00:00,27.4,37,11.4,9.6,25.6,0.0,855.4,715.0,100,,0.56,,3,chuk_rwanda
2022-10-02 14:00:00,25.8,40,11.3,15.9,30.6,0.0,855.0,848.0,22,,0.63,,1,chuk_rwanda
2022-10-02 15:00:00,25.0,47,12.8,10.0,36.7,0.1,854.3,481.0,93,,0.38,,51,chuk_rwanda
2022-10-02 16:00:00,25.4,47,13.2,5.0,24.8,0.0,853.8,403.0,99,,0.3,,3,chuk_rwanda
2022-10-02 17:00:00,25.2,50,14.1,2.3,15.5,0.0,854.0,240.0,100,,0.16,,3,chuk_rwanda
2022-10-02 18:00:00,21.5,68,15.2,6.6,15.8,0.7,853.9,29.0,100,,0.05,,53,chuk_rwanda
2022-10-02 19:00:00,19.9,76,15.6,9.3,18.7,0.0,854.1,0.0,100,,0.01,,3,chuk_rwanda
2022-10-02 20:00:00,19.0,79,15.3,8.0,21.6,0.2,854.3,0.0,100,,0.01,,51,chuk_rwanda
2022-10-02 21:00:00,18.5,83,15.4,6.4,16.2,0.0,854.6,0.0,100,,0.0,,3,chuk_rwanda
2022-10-02 22:00:00,18.3,80,14.9,9.4,19.8,0.0,854.8,0.0,44,,0.01,,1,chuk_rwanda
2022-10-02 23:00:00,17.4,83,14.5,9.4,19.8,0.0,854.0,0.0,41,,0.0,,1,chuk_rwanda
2022-10-03 00:00:00,16.4,87,14.2,8.1,19.8,0.0,853.0,0.0,63,,0.0,,2,chuk_rwanda
2022-10-03 01:00:00,15.9,89,14.1,8.3,16.9,0.0,852.0,0.0,20,,0.0,,1,chuk_rwanda
2022-10-03 02:00:00,15.7,85,13.2,7.2,16.9,0.0,850.9,0.0,0,,0.0,,0,chuk_rwanda
2022-10-03 03:00:00,15.6,85,13.1,7.6,14.4,0.0,850.9,0.0,100,,0.0,,3,chuk_rwanda
2022-10-03 04:00:00,15.4,86,13.1,6.8,13.7,0.0,851.2,0.0,97,,0.0,,3,chuk_rwanda
2022-10-03 05:00:00,15.1,88,13.1,6.8,12.2,0.0,851.4,0.0,100,,0.0,,3,chuk_rwanda
2022-10-03 06:00:00,14.9,89,13.1,7.4,13.0,0.0,851.7,2.0,96,,0.0,,3,chuk_rwanda
2022-10-03 07:00:00,17.3,80,13.8,2.8,13.0,0.0,853.8,115.0,95,,0.06,,3,chuk_rwanda
2022-10-03 08:00:00,20.9,64,13.9,5.1,15.5,0.0,856.4,345.0,85,,0.22,,3,chuk_rwanda
2022-10-03 09:00:00,23.4,55,13.9,6.9,19.4,0.0,857.4,596.0,98,,0.41,,3,chuk_rwanda
2022-10-03 10:00:00,24.6,48,13.1,10.2,26.6,0.0,857.8,727.0,51,,0.52,,2,chuk_rwanda
2022-10-03 11:00:00,25.4,45,12.6,11.4,29.9,0.1,857.2,854.0,50,,0.62,,51,chuk_rwanda
2022-10-03 12:00:00,25.6,43,12.1,9.3,29.9,0.1,856.1,716.0,88,,0.54,,51,chuk_rwanda
2022-10-03 13:00:00,26.9,37,10.9,7.4,24.8,0.0,855.0,861.0,23,,0.64,,1,chuk_rwanda
2022-10-03 14:00:00,27.6,33,9.9,8.9,23.0,0.0,854.7,779.0,11,,0.6,,0,chuk_rwanda
2022-10-03 15:00:00,27.3,32,9.0,9.4,24.1,0.0,853.3,581.0,27,,0.47,,1,chuk_rwanda
2022-10-03 16:00:00,27.0,31,8.5,7.3,24.1,0.0,852.9,420.0,28,,0.34,,1,chuk_rwanda
2022-10-03 17:00:00,26.0,38,10.4,3.6,17.3,0.0,852.6,214.0,22,,0.16,,1,chuk_rwanda
2022-10-03 18:00:00,23.0,53,12.9,5.4,11.5,0.0,851.7,46.0,59,,0.05,,2,chuk_rwanda
2022-10-03 19:00:00,22.5,46,10.2,5.8,11.5,0.0,852.1,0.0,49,,0.03,,1,chuk_rwanda
2022-10-03 20:00:00,21.5,47,9.9,9.5,20.5,0.0,853.0,0.0,15,,0.06,,0,chuk_rwanda
2022-10-03 21:00:00,20.1,56,11.1,7.4,21.2,0.0,853.7,0.0,8,,0.03,,0,chuk_rwanda
2022-10-03 22:00:00,19.0,60,11.1,8.9,18.0,0.0,853.6,0.0,7,,0.03,,0,chuk_rwanda
2022-10-03 23:00:00,18.5,62,11.1,9.8,20.9,0.0,853.1,0.0,1,,0.03,,0,chuk_rwanda
2022-10-04 00:00:00,17.6,73,12.8,3.1,20.5,0.0,852.4,0.0,72,,0.0,,2,chuk_rwanda
2022-10-04 01:00:00,16.9,78,13.1,2.9,6.1,0.0,851.9,0.0,0,,0.0,,0,chuk_rwanda
2022-10-04 02:00:00,15.9,78,11.9,4.3,16.2,0.0,850.6,0.0,8,,0.0,,0,chuk_rwanda
2022-10-04 03:00:00,15.6,77,11.5,8.4,15.5,0.0,850.2,0.0,40,,0.01,,1,chuk_rwanda
2022-10-04 04:00:00,14.9,80,11.4,7.8,15.5,0.0,850.1,0.0,84,,0.0,,3,chuk_rwanda
2022-10-04 05:00:00,14.5,82,11.5,7.1,14.0,0.0,850.6,0.0,100,,0.0,,3,chuk_rwanda
2022-10-04 06:00:00,14.6,83,11.6,7.2,13.7,0.0,850.9,2.0,100,,0.01,,3,chuk_rwanda
2022-10-04 07:00:00,17.3,74,12.6,2.6,13.3,0.0,853.2,109.0,38,,0.06,,1,chuk_rwanda
2022-10-04 08:00:00,21.4,57,12.5,1.9,10.4,0.0,855.7,372.0,4,,0.23,,0,chuk_rwanda
2022-10-04 09:00:00,23.9,49,12.6,6.9,20.2,0.0,856.6,621.0,53,,0.43,,2,chuk_rwanda
2022-10-04 10:00:00,25.2,44,12.1,8.9,24.8,0.0,856.8,744.0,37,,0.54,,1,chuk_rwanda
2022-10-04 11:00:00,26.5,38,10.9,11.2,28.8,0.0,856.2,817.0,33,,0.62,,1,chuk_rwanda
2022-10-04 12:00:00,27.6,34,10.5,10.5,29.9,0.0,855.3,924.0,33,,0.7,,1,chuk_rwanda
2022-10-04 13:00:00,27.7,34,10.2,9.9,28.1,0.0,854.1,762.0,43,,0.6,,1,chuk_rwanda
2022-10-04 14:00:00,27.0,38,11.6,9.6,26.3,0.0,853.7,694.0,43,,0.54,,1,chuk_rwanda
2022-10-04 15:00:00,26.9,38,11.6,7.3,24.5,0.0,853.0,515.0,100,,0.41,,3,chuk_rwanda
2022-10-04 16:00:00,27.0,38,11.6,5.8,20.9,0.0,853.0,416.0,100,,0.33,,3,chuk_rwanda
2022-10-04 17:00:00,21.8,64,14.6,16.9,40.3,0.0,853.0,188.0,96,,0.17,,3,chuk_rwanda
2022-10-04 18:00:00,21.0,65,14.3,5.9,34.9,0.0,852.9,26.0,84,,0.05,,3,chuk_rwanda
2022-10-04 19:00:00,20.4,68,14.4,5.4,13.3,0.0,853.4,0.0,100,,0.01,,3,chuk_rwanda
2022-10-04 20:00:00,20.0,70,14.4,6.6,14.0,0.0,854.0,0.0,91,,0.01,,3,chuk_rwanda
2022-10-04 21:00:00,19.6,70,14.1,8.2,17.3,0.0,854.2,0.0,82,,0.02,,3,chuk_rwanda
2022-10-04 22:00:00,19.1,70,13.5,10.2,20.9,0.0,854.6,0.0,85,,0.03,,3,chuk_rwanda
2022-10-04 23:00:00,18.8,71,13.4,9.5,22.3,0.0,854.7,0.0,97,,0.02,,3,chuk_rwanda
2022-10-05 00:00:00,18.5,73,13.6,9.2,19.8,0.0,853.8,0.0,99,,0.02,,3,chuk_rwanda
2022-10-05 01:00:00,18.9,72,13.8,6.9,19.4,0.0,853.1,0.0,100,,0.01,,3,chuk_rwanda
2022-10-05 02:00:00,18.6,76,14.3,7.1,14.8,0.0,853.5,0.0,100,,0.01,,3,chuk_rwanda
2022-10-05 03:00:00,18.6,77,14.4,5.2,13.3,0.0,853.4,0.0,100,,0.0,,3,chuk_rwanda
2022-10-05 04:00:00,18.5,78,14.6,4.8,11.5,0.0,853.2,0.0,100,,0.0,,3,chuk_rwanda
2022-10-05 05:00:00,18.0,83,15.1,3.1,9.0,0.0,853.6,0.0,100,,0.0,,3,chuk_rwanda
2022-10-05 06:00:00,18.0,81,14.7,4.1,7.6,0.0,854.3,1.0,86,,0.02,,3,chuk_rwanda
2022-10-05 07:00:00,19.0,77,14.9,4.8,13.0,0.0,855.6,86.0,35,,0.06,,1,chuk_rwanda
2022-10-05 08:00:00,21.6,65,14.9,7.3,19.8,0.0,856.8,340.0,28,,0.23,,1,chuk_rwanda
2022-10-05 09:00:00,23.8,54,13.8,7.4,20.9,0.0,857.5,556.0,73,,0.39,,2,chuk_rwanda
2022-10-05 10:00:00,25.0,46,12.5,9.5,25.2,0.0,857.5,643.0,41,,0.48,,1,chuk_rwanda
2022-10-05 11:00:00,26.3,40,11.7,10.5,27.7,0.0,857.3,794.0,95,,0.6,,3,chuk_rwanda
2022-10-05 12:00:00,27.6,37,11.5,10.7,28.1,0.0,856.4,868.0,67,,0.66,,2,chuk_rwanda
2022-10-05 13:00:00,28.0,36,11.4,12.6,31.0,0.0,855.4,802.0,79,,0.63,,2,chuk_rwanda
2022-10-05 14:00:00,28.0,36,11.4,14.5,31.3,0.0,855.1,646.0,45,,0.55,,1,chuk_rwanda
2022-10-05 15:00:00,26.2,39,11.2,16.7,38.2,0.0,854.1,596.0,78,,0.49,,2,chuk_rwanda
2022-10-05 16:00:00,23.6,53,13.4,14.8,42.1,0.1,853.9,353.0,99,,0.29,,51,chuk_rwanda
2022-10-05 17:00:00,23.2,53,13.1,11.2,33.1,0.0,853.9,170.0,100,,0.17,,3,chuk_rwanda
2022-10-05 18:00:00,21.8,62,14.2,5.1,25.2,0.0,853.8,39.0,100,,0.04,,3,chuk_rwanda
2022-10-05 19:00:00,21.0,67,14.6,4.4,10.8,0.0,854.3,0.0,27,,0.0,,1,chuk_rwanda
2022-10-05 20:00:00,20.0,71,14.6,3.7,9.7,0.0,854.8,0.0,74,,0.0,,2,chuk_rwanda
2022-10-05 21:00:00,19.1,74,14.4,4.3,8.6,0.0,855.0,0.0,89,,0.0,,3,chuk_rwanda
2022-10-05 22:00:00,17.9,79,14.2,7.6,13.7,0.0,854.8,0.0,7,,0.0,,0,chuk_rwanda
2022-10-05 23:00:00,17.8,79,14.1,9.2,17.3,0.0,854.1,0.0,20,,0.01,,1,chuk_rwanda
2022-10-06 00:00:00,17.4,81,14.0,8.1,19.1,0.0,853.3,0.0,5,,0.0,,0,chuk_rwanda
2022-10-06 01:00:00,16.7,83,13.9,8.6,16.9,0.0,852.3,0.0,5,,0.0,,0,chuk_rwanda
2022-10-06 02:00:00,17.6,79,14.0,6.9,16.9,0.0,852.4,0.0,11,,0.0,,0,chuk_rwanda
2022-10-06 03:00:00,17.6,80,14.1,4.7,12.2,0.0,852.6,0.0,36,,0.0,,1,chuk_rwanda
2022-10-06 04:00:00,16.8,82,13.7,4.4,7.9,0.0,852.6,0.0,5,,0.0,,0,chuk_rwanda
2022-10-06 05:00:00,15.7,85,13.1,4.4,8.3,0.0,852.6,0.0,16,,0.0,,0,chuk_rwanda
2022-10-06 06:00:00,14.9,87,12.7,3.6,8.3,0.0,852.6,2.0,71,,0.0,,2,chuk_rwanda
2022-10-06 07:00:00,17.8,74,13.1,3.4,10.1,0.0,855.0,126.0,81,,0.07,,3,chuk_rwanda
2022-10-06 08:00:00,21.2,59,12.9,1.9,10.1,0.0,856.9,376.0,99,,0.23,,3,chuk_rwanda
2022-10-06 09:00:00,23.6,50,12.7,3.6,14.8,0.0,857.6,622.0,94,,0.42,,3,chuk_rwanda
2022-10-06 10:00:00,25.2,43,11.7,10.2,25.9,0.0,857.9,764.0,83,,0.55,,3,chuk_rwanda
2022-10-06 11:00:00,26.1,39,11.1,11.6,31.0,0.1,857.3,826.0,64,,0.62,,51,chuk_rwanda
2022-10-06 12:00:00,27.0,37,11.2,10.7,30.6,0.0,856.4,812.0,96,,0.62,,3,chuk_rwanda
2022-10-06 13:00:00,27.8,35,11.1,11.0,28.1,0.0,855.3,747.0,100,,0.59,,3,chuk_rwanda
2022-10-06 14:00:00,25.5,43,12.1,19.1,37.1,0.0,855.0,759.0,95,,0.57,,3,chuk_rwanda
2022-10-06 15:00:00,25.8,47,13.5,10.9,43.2,0.4,854.4,640.0,47,,0.48,,51,chuk_rwanda
2022-10-06 16:00:00,25.8,46,13.4,12.1,28.8,0.0,853.9,417.0,100,,0.34,,3,chuk_rwanda
2022-10-06 17:00:00,23.6,54,13.8,7.6,28.1,0.5,853.6,104.0,35,,0.12,,53,chuk_rwanda
2022-10-06 18:00:00,21.5,69,15.6,5.8,15.5,0.0,853.4,33.0,36,,0.04,,1,chuk_rwanda
2022-10-06 19:00:00,19.5,83,16.5,3.1,12.2,0.0,853.5,0.0,28,,0.0,,1,chuk_rwanda
2022-10-06 20:00:00,18.3,87,16.1,12.8,27.4,0.4,854.1,0.0,31,,0.01,,51,chuk_rwanda
2022-10-06 21:00:00,17.5,84,14.9,8.6,25.9,0.0,853.4,0.0,0,,0.0,,0,chuk_rwanda
2022-10-06 22:00:00,16.8,87,14.6,9.2,18.7,0.0,853.4,0.0,18,,0.0,,0,chuk_rwanda
2022-10-06 23:00:00,16.2,89,14.4,7.8,18.7,0.0,852.8,0.0,5,,0.0,,0,chuk_rwanda
2022-10-07 00:00:00,15.6,92,14.4,7.4,15.1,0.0,851.6,0.0,2,,0.0,,0,chuk_rwanda
2022-10-07 01:00:00,15.3,93,14.1,7.9,15.1,0.0,850.7,0.0,14,,0.0,,0,chuk_rwanda
2022-10-07 02:00:00,14.9,91,13.4,6.8,15.8,0.0,849.9,0.0,33,,0.0,,1,chuk_rwanda
2022-10-07 03:00:00,14.7,91,13.2,7.1,12.2,0.0,850.1,0.0,99,,0.0,,3,chuk_rwanda
2022-10-07 04:00:00,14.4,91,13.1,7.3,11.9,0.0,850.1,0.0,100,,0.0,,3,chuk_rwanda
2022-10-07 05:00:00,14.4,90,12.9,7.1,12.2,0.0,850.4,0.0,100,,0.0,,3,chuk_rwanda
2022-10-07 06:00:00,14.2,90,12.6,6.5,11.5,0.0,850.8,2.0,84,,0.01,,3,chuk_rwanda
2022-10-07 07:00:00,17.5,76,13.1,4.0,11.9,0.0,853.4,125.0,100,,0.07,,3,chuk_rwanda
2022-10-07 08:00:00,21.4,60,13.2,1.1,10.1,0.0,855.9,348.0,100,,0.22,,3,chuk_rwanda
2022-10-07 09:00:00,23.5,53,13.2,8.4,22.3,0.0,856.8,587.0,100,,0.41,,3,chuk_rwanda
2022-10-07 10:00:00,24.4,48,12.6,9.1,25.2,0.0,856.8,660.0,100,,0.48,,3,chuk_rwanda
2022-10-07 11:00:00,26.0,41,11.9,10.1,27.4,0.1,856.4,926.0,62,,0.67,,51,chuk_rwanda
2022-10-07 12:00:00,26.9,39,11.9,10.0,28.4,0.0,855.6,946.0,24,,0.7,,1,chuk_rwanda
2022-10-07 13:00:00,27.5,37,11.6,8.9,27.7,0.0,854.5,868.0,18,,0.66,,0,chuk_rwanda
2022-10-07 14:00:00,27.4,40,12.5,13.6,26.3,0.0,854.1,780.0,35,,0.6,,1,chuk_rwanda
2022-10-07 15:00:00,24.1,49,12.6,15.5,41.4,0.1,853.2,525.0,95,,0.41,,51,chuk_rwanda
2022-10-07 16:00:00,24.8,44,11.9,8.9,34.9,0.0,853.0,356.0,70,,0.29,,2,chuk_rwanda
2022-10-07 17:00:00,24.4,48,12.6,5.4,20.9,0.0,852.9,231.0,53,,0.18,,2,chuk_rwanda
2022-10-07 18:00:00,21.1,61,13.4,17.8,35.3,0.0,853.0,38.0,100,,0.1,,3,chuk_rwanda
2022-10-07 19:00:00,19.5,69,13.6,10.6,36.4,0.0,852.1,0.0,99,,0.03,,3,chuk_rwanda
2022-10-07 20:00:00,19.8,70,14.1,9.7,22.3,0.0,852.8,0.0,100,,0.03,,3,chuk_rwanda
2022-10-07 21:00:00,19.5,73,14.4,6.0,20.2,0.0,853.6,0.0,100,,0.01,,3,chuk_rwanda
2022-10-07 22:00:00,19.1,75,14.6,4.3,11.9,0.0,854.1,0.0,99,,0.0,,3,chuk_rwanda
2022-10-07 23:00:00,18.0,80,14.5,3.7,6.5,0.0,853.6,0.0,98,,0.0,,3,chuk_rwanda
2022-10-08 00:00:00,17.1,81,13.9,7.9,13.3,0.0,852.8,0.0,75,,0.0,,2,chuk_rwanda
2022-10-08 01:00:00,16.6,84,13.9,5.6,14.8,0.0,852.1,0.0,99,,0.0,,3,chuk_rwanda
2022-10-08 02:00:00,15.6,90,13.9,4.5,8.6,0.0,851.6,0.0,96,,0.0,,3,chuk_rwanda
2022-10-08 03:00:00,15.4,90,13.8,6.6,9.7,0.0,851.3,0.0,99,,0.0,,3,chuk_rwanda
2022-10-08 04:00:00,14.7,92,13.4,6.8,11.2,0.0,851.0,0.0,100,,0.0,,3,chuk_rwanda
2022-10-08 05:00:00,13.9,94,12.9,5.2,10.1,0.0,851.1,0.0,100,,0.0,,3,chuk_rwanda
2022-10-08 06:00:00,13.3,96,12.6,5.5,9.7,0.0,851.7,3.0,100,,0.0,,3,chuk_rwanda
2022-10-08 07:00:00,17.0,80,13.6,3.1,9.7,0.0,854.5,123.0,98,,0.06,,3,chuk_rwanda
2022-10-08 08:00:00,20.8,63,13.4,2.7,11.9,0.0,856.7,380.0,98,,0.24,,3,chuk_rwanda
2022-10-08 09:00:00,23.0,48,11.4,8.6,23.0,0.0,857.6,629.0,99,,0.43,,3,chuk_rwanda
2022-10-08 10:00:00,24.2,41,10.0,11.2,29.9,0.0,857.7,826.0,94,,0.58,,3,chuk_rwanda
2022-10-08 11:00:00,25.6,37,9.6,10.5,29.5,0.0,857.3,965.0,99,,0.69,,3,chuk_rwanda
2022-10-08 12:00:00,26.8,33,8.9,9.4,28.8,0.0,856.3,957.0,99,,0.71,,3,chuk_rwanda
2022-10-08 13:00:00,28.0,27,7.3,6.8,26.3,0.0,855.0,949.0,100,,0.71,,3,chuk_rwanda
2022-10-08 14:00:00,26.7,30,7.7,11.8,25.9,0.0,855.0,737.0,100,,0.58,,3,chuk_rwanda
2022-10-08 15:00:00,26.5,30,7.6,10.1,30.2,0.0,854.1,538.0,100,,0.45,,3,chuk_rwanda
2022-10-08 16:00:00,26.4,30,7.4,6.4,24.8,0.0,853.8,389.0,64,,0.32,,2,chuk_rwanda
2022-10-08 17:00:00,25.0,36,9.0,5.4,18.4,0.0,853.2,199.0,61,,0.17,,2,chuk_rwanda
2022-10-08 18:00:00,23.3,47,11.2,4.3,14.0,0.0,853.0,37.0,35,,0.05,,1,chuk_rwanda
2022-10-08 19:00:00,21.6,55,12.2,3.8,10.4,0.0,852.9,0.0,70,,0.01,,2,chuk_rwanda
2022-10-08 20:00:00,20.0,57,11.2,3.3,7.2,0.0,852.9,0.0,56,,0.0,,2,chuk_rwanda
2022-10-08 21:00:00,18.9,50,8.2,5.1,9.4,0.0,853.1,0.0,99,,0.02,,3,chuk_rwanda
2022-10-08 22:00:00,17.5,53,7.9,6.9,13.0,0.0,852.7,0.0,57,,0.03,,2,chuk_rwanda
2022-10-08 23:00:00,16.5,56,7.7,8.9,16.9,0.0,852.4,0.0,92,,0.04,,3,chuk_rwanda
2022-10-09 00:00:00,16.4,57,7.8,8.4,16.9,0.0,851.8,0.0,66,,0.03,,2,chuk_rwanda
2022-10-09 01:00:00,15.6,60,7.9,8.9,17.3,0.0,851.1,0.0,13,,0.03,,0,chuk_rwanda
2022-10-09 02:00:00,17.8,53,8.1,8.4,16.9,0.0,851.6,0.0,77,,0.04,,2,chuk_rwanda
2022-10-09 03:00:00,17.4,58,8.9,5.2,15.1,0.0,851.4,0.0,100,,0.01,,3,chuk_rwanda
2022-10-09 04:00:00,17.2,64,10.4,2.5,10.4,0.0,852.1,0.0,100,,0.0,,3,chuk_rwanda
2022-10-09 05:00:00,16.9,60,9.0,3.9,6.5,0.0,852.6,0.0,100,,0.01,,3,chuk_rwanda
2022-10-09 06:00:00,16.8,66,10.4,3.7,13.0,0.0,853.8,2.0,3,,0.02,,0,chuk_rwanda
2022-10-09 07:00:00,18.6,61,10.9,2.4,8.6,0.0,855.7,116.0,90,,0.07,,3,chuk_rwanda
2022-10-09 08:00:00,21.5,58,12.8,4.3,14.0,0.0,857.1,376.0,98,,0.24,,3,chuk_rwanda
2022-10-09 09:00:00,23.6,44,10.8,8.7,22.7,0.0,858.0,593.0,58,,0.42,,2,chuk_rwanda
2022-10-09 10:00:00,24.1,43,10.8,10.0,25.9,0.0,858.0,584.0,67,,0.44,,2,chuk_rwanda
2022-10-09 11:00:00,24.6,42,10.8,10.8,28.4,0.1,857.5,706.0,56,,0.53,,51,chuk_rwanda
2022-10-09 12:00:00,25.0,41,10.8,12.1,30.2,0.1,856.7,733.0,99,,0.55,,51,chuk_rwanda
2022-10-09 13:00:00,23.0,50,12.1,16.9,40.0,0.0,855.6,522.0,57,,0.41,,2,chuk_rwanda
2022-10-09 14:00:00,21.0,65,14.2,4.9,38.9,0.1,855.0,554.0,77,,0.38,,51,chuk_rwanda
2022-10-09 15:00:00,22.7,57,13.7,6.3,19.1,0.1,854.6,401.0,12,,0.3,,51,chuk_rwanda
2022-10-09 16:00:00,23.3,54,13.4,4.7,19.4,0.0,854.3,476.0,26,,0.33,,1,chuk_rwanda
2022-10-09 17:00:00,22.6,54,12.8,7.6,19.1,0.1,854.2,209.0,76,,0.17,,51,chuk_rwanda
2022-10-09 18:00:00,16.8,93,15.6,4.8,28.1,3.5,853.7,27.0,100,,0.02,,63,chuk_rwanda
2022-10-09 19:00:00,17.9,94,16.9,7.6,15.8,0.3,854.5,0.0,73,,0.0,,51,chuk_rwanda
2022-10-09 20:00:00,17.7,90,16.1,6.6,16.2,0.0,855.4,0.0,100,,0.0,,3,chuk_rwanda
2022-10-09 21:00:00,17.9,88,15.8,6.8,13.3,0.0,855.6,0.0,100,,0.0,,3,chuk_rwanda
2022-10-09 22:00:00,17.6,88,15.7,7.6,14.8,0.0,855.8,0.0,100,,0.0,,3,chuk_rwanda
2022-10-09 23:00:00,17.3,89,15.6,7.6,15.8,0.0,855.4,0.0,100,,0.0,,3,chuk_rwanda
2022-10-10 00:00:00,17.4,88,15.4,6.8,15.5,0.0,854.8,0.0,100,,0.0,,3,chuk_rwanda
2022-10-10 01:00:00,17.0,90,15.4,4.7,13.0,0.0,854.2,0.0,86,,0.0,,3,chuk_rwanda
2022-10-10 02:00:00,17.6,84,14.9,5.0,11.9,0.0,854.2,0.0,86,,0.0,,3,chuk_rwanda
2022-10-10 03:00:00,17.5,85,14.9,5.7,10.1,0.0,853.7,0.0,100,,0.0,,3,chuk_rwanda
2022-10-10 04:00:00,17.5,85,14.9,5.6,11.2,0.0,853.5,0.0,100,,0.0,,3,chuk_rwanda
2022-10-10 05:00:00,17.1,86,14.8,5.0,10.4,0.0,853.7,0.0,100,,0.0,,3,chuk_rwanda
2022-10-10 06:00:00,17.2,86,14.9,2.5,8.3,0.0,854.5,1.0,100,,0.02,,3,chuk_rwanda
2022-10-10 07:00:00,17.8,83,14.9,1.6,5.8,0.0,855.9,43.0,100,,0.04,,3,chuk_rwanda
2022-10-10 08:00:00,20.2,71,14.7,2.3,9.4,0.0,857.5,199.0,100,,0.14,,3,chuk_rwanda
2022-10-10 09:00:00,22.6,53,12.6,4.9,15.5,0.0,858.5,376.0,100,,0.28,,3,chuk_rwanda
2022-10-10 10:00:00,24.5,43,11.1,10.7,27.7,0.0,859.0,733.0,100,,0.53,,3,chuk_rwanda
2022-10-10 11:00:00,25.3,40,10.6,11.9,31.7,0.0,858.5,820.0,100,,0.6,,3,chuk_rwanda
2022-10-10 12:00:00,26.2,39,11.0,12.3,31.7,0.0,857.7,934.0,100,,0.69,,3,chuk_rwanda
2022-10-10 13:00:00,25.8,40,11.2,10.0,31.7,0.0,856.4,733.0,55,,0.56,,2,chuk_rwanda
2022-10-10 14:00:00,26.4,35,9.9,5.4,26.6,0.0,855.7,663.0,40,,0.5,,1,chuk_rwanda
2022-10-10 15:00:00,27.5,32,9.4,9.0,21.6,0.0,854.8,588.0,100,,0.47,,3,chuk_rwanda
2022-10-10 16:00:00,27.0,32,9.1,12.4,28.8,0.0,854.6,390.0,63,,0.36,,2,chuk_rwanda
2022-10-10 17:00:00,25.5,45,12.8,3.7,28.4,0.0,854.0,119.0,94,,0.12,,3,chuk_rwanda
2022-10-10 18:00:00,23.5,64,16.2,2.6,9.0,0.0,853.4,30.0,100,,0.03,,3,chuk_rwanda
2022-10-10 19:00:00,22.2,48,10.6,9.9,19.8,0.0,854.6,0.0,100,,0.06,,3,chuk_rwanda
2022-10-10 20:00:00,20.3,62,12.8,7.6,25.6,0.0,855.2,0.0,100,,0.03,,3,chuk_rwanda
2022-10-10 21:00:00,19.4,66,12.9,7.2,16.9,0.0,855.3,0.0,100,,0.02,,3,chuk_rwanda
2022-10-10 22:00:00,18.8,69,12.9,8.4,18.0,0.0,855.4,0.0,88,,0.02,,3,chuk_rwanda
2022-10-10 23:00:00,18.5,70,12.9,7.3,17.3,0.0,855.2,0.0,100,,0.01,,3,chuk_rwanda
2022-10-11 00:00:00,18.4,71,13.1,5.1,14.4,0.0,854.7,0.0,98,,0.0,,3,chuk_rwanda
2022-10-11 01:00:00,18.5,71,13.1,5.3,9.7,0.0,854.4,0.0,98,,0.0,,3,chuk_rwanda
2022-10-11 02:00:00,17.8,74,13.1,6.5,11.2,0.0,854.2,0.0,100,,0.01,,3,chuk_rwanda
2022-10-11 03:00:00,17.6,74,12.9,6.4,12.2,0.0,853.5,0.0,52,,0.01,,2,chuk_rwanda
2022-10-11 04:00:00,17.0,76,12.9,7.0,12.2,0.0,853.2,0.0,100,,0.01,,3,chuk_rwanda
2022-10-11 05:00:00,17.2,76,12.9,7.0,11.9,0.0,853.3,0.0,93,,0.01,,3,chuk_rwanda
2022-10-11 06:00:00,16.7,78,12.8,7.6,13.3,0.0,853.4,2.0,42,,0.02,,1,chuk_rwanda
2022-10-11 07:00:00,19.1,69,13.2,5.4,13.3,0.0,855.1,130.0,18,,0.08,,0,chuk_rwanda
2022-10-11 08:00:00,22.8,52,12.4,1.1,11.2,0.0,857.3,381.0,47,,0.24,,1,chuk_rwanda
2022-10-11 09:00:00,24.6,44,11.7,8.4,22.7,0.0,858.0,617.0,69,,0.44,,2,chuk_rwanda
2022-10-11 10:00:00,26.0,37,10.1,12.8,32.0,0.0,858.3,804.0,25,,0.6,,1,chuk_rwanda
2022-10-11 11:00:00,26.9,34,9.7,13.5,33.8,0.0,857.7,864.0,34,,0.66,,1,chuk_rwanda
2022-10-11 12:00:00,27.2,34,9.9,12.7,33.8,0.0,856.7,749.0,43,,0.6,,1,chuk_rwanda
2022-10-11 13:00:00,28.1,33,10.1,11.6,32.0,0.0,855.3,685.0,22,,0.57,,1,chuk_rwanda
2022-10-11 14:00:00,25.9,36,9.8,13.3,31.3,0.0,855.1,725.0,62,,0.56,,2,chuk_rwanda
2022-10-11 15:00:00,24.1,45,11.4,9.2,29.5,0.2,854.4,164.0,100,,0.2,,51,chuk_rwanda
2022-10-11 16:00:00,24.4,45,11.6,8.7,20.5,0.0,853.8,166.0,84,,0.19,,3,chuk_rwanda
2022-10-11 17:00:00,22.9,53,12.9,13.6,31.0,0.0,853.5,155.0,61,,0.17,,2,chuk_rwanda
2022-10-11 18:00:00,21.5,58,12.9,7.9,29.2,0.0,853.2,44.0,100,,0.06,,3,chuk_rwanda
2022-10-11 19:00:00,21.6,58,13.1,7.3,17.3,0.0,854.1,0.0,100,,0.03,,3,chuk_rwanda
2022-10-11 20:00:00,20.6,65,13.9,10.0,22.7,0.0,855.0,0.0,100,,0.03,,3,chuk_rwanda
2022-10-11 21:00:00,19.5,72,14.4,7.3,20.5,0.0,855.3,0.0,98,,0.01,,3,chuk_rwanda
2022-10-11 22:00:00,19.2,74,14.4,5.2,15.5,0.0,855.9,0.0,91,,0.0,,3,chuk_rwanda
2022-10-11 23:00:00,18.6,75,14.2,6.3,12.6,0.0,855.8,0.0,97,,0.0,,3,chuk_rwanda
2022-10-12 00:00:00,17.8,77,13.8,6.6,12.6,0.0,854.3,0.0,82,,0.0,,3,chuk_rwanda
2022-10-12 01:00:00,17.6,78,13.7,6.5,14.8,0.0,853.5,0.0,20,,0.0,,1,chuk_rwanda
2022-10-12 02:00:00,16.0,85,13.4,7.4,15.1,0.0,852.8,0.0,89,,0.0,,3,chuk_rwanda
2022-10-12 03:00:00,15.9,84,13.2,7.2,14.0,0.0,852.4,0.0,100,,0.0,,3,chuk_rwanda
2022-10-12 04:00:00,16.0,84,13.2,4.6,12.2,0.0,853.1,0.0,100,,0.0,,3,chuk_rwanda
2022-10-12 05:00:00,16.0,83,13.2,5.7,9.4,0.0,853.2,0.0,100,,0.0,,3,chuk_rwanda
2022-10-12 06:00:00,15.6,85,13.0,7.4,12.6,0.0,852.9,3.0,96,,0.01,,3,chuk_rwanda
2022-10-12 07:00:00,18.4,72,13.3,5.9,14.4,0.0,854.8,123.0,99,,0.08,,3,chuk_rwanda
2022-10-12 08:00:00,22.0,54,12.2,3.4,13.3,0.0,857.0,357.0,99,,0.23,,3,chuk_rwanda
2022-10-12 09:00:00,23.8,48,12.1,8.7,22.0,0.0,857.9,549.0,100,,0.39,,3,chuk_rwanda
2022-10-12 10:00:00,24.5,45,11.7,11.2,28.4,0.1,858.1,629.0,100,,0.47,,51,chuk_rwanda
2022-10-12 11:00:00,25.9,41,11.4,9.6,28.4,0.1,857.9,806.0,98,,0.6,,51,chuk_rwanda
2022-10-12 12:00:00,27.3,37,11.4,10.5,28.8,0.1,857.2,955.0,60,,0.71,,51,chuk_rwanda
2022-10-12 13:00:00,27.2,36,10.9,11.7,29.2,0.0,855.8,658.0,43,,0.54,,1,chuk_rwanda
2022-10-12 14:00:00,26.0,40,11.2,17.0,33.8,0.0,855.5,720.0,77,,0.56,,2,chuk_rwanda
2022-10-12 15:00:00,22.3,56,13.2,14.1,40.3,0.1,854.4,372.0,100,,0.3,,51,chuk_rwanda
2022-10-12 16:00:00,22.2,57,13.2,10.8,32.4,0.0,854.1,215.0,74,,0.2,,2,chuk_rwanda
2022-10-12 17:00:00,22.1,59,13.8,9.0,25.6,0.0,854.2,215.0,45,,0.17,,1,chuk_rwanda
2022-10-12 18:00:00,20.8,68,14.6,4.4,19.8,0.0,854.0,35.0,88,,0.03,,3,chuk_rwanda
2022-10-12 19:00:00,20.5,69,14.6,4.6,10.1,0.0,854.5,0.0,99,,0.0,,3,chuk_rwanda
2022-10-12 20:00:00,20.4,66,13.9,8.7,19.1,0.0,854.4,0.0,98,,0.03,,3,chuk_rwanda
2022-10-12 21:00:00,19.2,75,14.7,4.5,18.0,0.0,854.3,0.0,86,,0.0,,3,chuk_rwanda
2022-10-12 22:00:00,18.2,79,14.6,4.1,9.0,0.0,854.4,0.0,76,,0.0,,2,chuk_rwanda
2022-10-12 23:00:00,17.5,81,14.3,9.1,16.9,0.0,853.7,0.0,64,,0.01,,2,chuk_rwanda
2022-10-13 00:00:00,17.0,84,14.2,4.4,17.3,0.0,852.9,0.0,94,,0.0,,3,chuk_rwanda
2022-10-13 01:00:00,15.9,89,14.1,3.1,6.8,0.0,852.4,0.0,100,,0.0,,3,chuk_rwanda
2022-10-13 02:00:00,16.0,84,13.4,5.8,14.8,0.0,851.6,0.0,100,,0.0,,3,chuk_rwanda
2022-10-13 03:00:00,15.4,85,12.9,6.6,11.2,0.0,851.3,0.0,100,,0.0,,3,chuk_rwanda
2022-10-13 04:00:00,14.8,86,12.5,6.9,11.9,0.0,851.0,0.0,100,,0.0,,3,chuk_rwanda
2022-10-13 05:00:00,14.4,86,12.1,7.4,12.2,0.0,851.3,0.0,100,,0.0,,3,chuk_rwanda
2022-10-13 06:00:00,14.0,87,11.9,7.9,13.0,0.0,851.7,3.0,98,,0.01,,3,chuk_rwanda
2022-10-13 07:00:00,17.5,72,12.4,4.7,14.4,0.0,854.3,136.0,94,,0.08,,3,chuk_rwanda
2022-10-13 08:00:00,21.7,55,12.4,0.8,11.2,0.0,856.9,389.0,79,,0.24,,2,chuk_rwanda
2022-10-13 09:00:00,24.1,48,12.4,5.0,16.9,0.0,857.9,635.0,64,,0.44,,2,chuk_rwanda
2022-10-13 10:00:00,25.6,41,11.3,10.0,27.4,0.0,858.0,829.0,34,,0.6,,1,chuk_rwanda
2022-10-13 11:00:00,26.9,37,11.1,8.9,27.7,0.0,857.6,924.0,24,,0.68,,1,chuk_rwanda
2022-10-13 12:00:00,27.4,36,10.9,8.3,25.9,0.0,856.9,846.0,26,,0.64,,1,chuk_rwanda
2022-10-13 13:00:00,27.9,35,10.9,9.4,26.3,0.0,855.8,866.0,25,,0.66,,1,chuk_rwanda
2022-10-13 14:00:00,26.8,36,10.6,5.0,26.3,0.0,855.2,795.0,18,,0.59,,0,chuk_rwanda
2022-10-13 15:00:00,26.9,35,10.3,3.1,17.3,0.0,854.5,615.0,41,,0.45,,1,chuk_rwanda
2022-10-13 16:00:00,26.9,35,9.9,4.1,12.6,0.0,853.9,440.0,25,,0.33,,1,chuk_rwanda
2022-10-13 17:00:00,26.0,38,10.4,6.4,16.6,0.0,853.4,219.0,82,,0.19,,3,chuk_rwanda
2022-10-13 18:00:00,23.7,46,11.4,6.3,15.8,0.0,852.6,39.0,64,,0.06,,2,chuk_rwanda
2022-10-13 19:00:00,22.3,50,11.4,7.5,16.9,0.0,852.5,0.0,57,,0.04,,2,chuk_rwanda
2022-10-13 20:00:00,21.5,52,11.1,11.6,24.5,0.0,853.7,0.0,42,,0.07,,1,chuk_rwanda
2022-10-13 21:00:00,20.5,61,12.6,9.3,24.5,0.0,853.8,0.0,17,,0.04,,0,chuk_rwanda
2022-10-13 22:00:00,19.2,66,12.8,8.3,19.4,0.0,853.6,0.0,11,,0.02,,0,chuk_rwanda
2022-10-13 23:00:00,18.0,72,12.9,6.2,17.3,0.0,852.9,0.0,0,,0.01,,0,chuk_rwanda
2022-10-14 00:00:00,16.9,77,12.9,5.9,11.5,0.0,852.2,0.0,11,,0.0,,0,chuk_rwanda
2022-10-14 01:00:00,16.1,81,12.9,3.8,9.4,0.0,851.5,0.0,0,,0.0,,0,chuk_rwanda
2022-10-14 02:00:00,15.6,83,12.8,6.9,13.7,0.0,850.9,0.0,10,,0.0,,0,chuk_rwanda
2022-10-14 03:00:00,15.4,84,12.6,8.1,13.7,0.0,850.8,0.0,59,,0.0,,2,chuk_rwanda
2022-10-14 04:00:00,14.8,86,12.4,8.2,14.4,0.0,850.5,0.0,100,,0.0,,3,chuk_rwanda
2022-10-14 05:00:00,14.4,87,12.1,8.1,14.4,0.0,850.8,0.0,100,,0.0,,3,chuk_rwanda
2022-10-14 06:00:00,14.1,87,11.9,6.4,13.7,0.0,851.4,4.0,100,,0.0,,3,chuk_rwanda
2022-10-14 07:00:00,17.8,73,12.8,2.6,10.8,0.0,854.2,131.0,100,,0.07,,3,chuk_rwanda
2022-10-14 08:00:00,21.6,55,12.1,4.1,14.0,0.0,856.6,377.0,100,,0.24,,3,chuk_rwanda
2022-10-14 09:00:00,24.0,48,12.3,6.0,19.4,0.0,857.5,623.0,100,,0.43,,3,chuk_rwanda
2022-10-14 10:00:00,25.9,36,9.8,8.0,24.1,0.0,857.3,823.0,100,,0.6,,3,chuk_rwanda
2022-10-14 11:00:00,27.6,31,8.8,9.3,26.6,0.0,857.1,980.0,73,,0.73,,2,chuk_rwanda
2022-10-14 12:00:00,28.8,28,8.2,9.4,27.4,0.0,856.1,1046.0,40,,0.79,,1,chuk_rwanda
2022-10-14 13:00:00,29.5,26,7.8,9.3,27.4,0.0,854.7,1030.0,17,,0.79,,0,chuk_rwanda
2022-10-14 14:00:00,28.8,23,5.7,8.5,26.6,0.0,854.3,908.0,66,,0.69,,2,chuk_rwanda
2022-10-14 15:00:00,28.8,23,5.4,8.2,24.1,0.0,853.7,768.0,46,,0.59,,1,chuk_rwanda
2022-10-14 16:00:00,28.1,23,5.1,9.1,23.0,0.0,853.1,537.0,20,,0.43,,1,chuk_rwanda
2022-10-14 17:00:00,26.9,26,5.6,7.6,22.0,0.0,852.4,278.0,35,,0.23,,1,chuk_rwanda
2022-10-14 18:00:00,24.2,44,11.3,5.8,17.3,0.0,851.5,49.0,19,,0.06,,0,chuk_rwanda
2022-10-14 19:00:00,22.2,54,12.4,4.1,8.6,0.0,851.2,0.0,18,,0.01,,0,chuk_rwanda
2022-10-14 20:00:00,21.0,40,6.7,5.4,9.0,0.0,851.5,0.0,53,,0.04,,2,chuk_rwanda
2022-10-14 21:00:00,18.1,49,7.1,7.8,15.1,0.0,851.0,0.0,43,,0.04,,1,chuk_rwanda
2022-10-14 22:00:00,17.1,51,7.1,7.9,16.2,0.0,851.1,0.0,98,,0.04,,3,chuk_rwanda
2022-10-14 23:00:00,16.5,53,6.8,10.1,19.8,0.0,850.6,0.0,100,,0.05,,3,chuk_rwanda
2022-10-15 00:00:00,16.1,54,6.7,9.5,20.5,0.0,850.2,0.0,100,,0.04,,3,chuk_rwanda
2022-10-15 01:00:00,15.4,57,6.8,8.8,18.4,0.0,849.3,0.0,100,,0.03,,3,chuk_rwanda
2022-10-15 02:00:00,14.5,72,9.5,5.9,16.2,0.0,848.8,0.0,97,,0.0,,3,chuk_rwanda
2022-10-15 03:00:00,14.9,62,7.6,6.7,12.2,0.0,848.9,0.0,96,,0.02,,3,chuk_rwanda
2022-10-15 04:00:00,14.4,63,7.5,7.4,14.4,0.0,848.9,0.0,86,,0.02,,3,chuk_rwanda
2022-10-15 05:00:00,13.9,65,7.5,7.9,14.0,0.0,849.1,0.0,100,,0.02,,3,chuk_rwanda
2022-10-15 06:00:00,14.0,66,7.7,8.6,15.5,0.0,849.8,4.0,100,,0.03,,3,chuk_rwanda
2022-10-15 07:00:00,17.5,57,8.9,5.9,15.8,0.0,852.3,123.0,100,,0.09,,3,chuk_rwanda
2022-10-15 08:00:00,22.0,46,9.9,2.3,12.6,0.0,855.3,340.0,100,,0.22,,3,chuk_rwanda
2022-10-15 09:00:00,24.5,37,8.7,5.4,18.0,0.0,856.1,574.0,100,,0.41,,3,chuk_rwanda
2022-10-15 10:00:00,26.6,30,7.6,8.1,23.8,0.0,856.3,782.0,100,,0.58,,3,chuk_rwanda
2022-10-15 11:00:00,28.0,27,7.3,9.7,26.6,0.0,855.9,899.0,100,,0.69,,3,chuk_rwanda
2022-10-15 12:00:00,29.3,25,7.2,9.0,26.6,0.0,855.0,1005.0,100,,0.77,,3,chuk_rwanda
2022-10-15 13:00:00,30.2,22,6.4,8.9,25.9,0.0,853.8,990.0,88,,0.77,,3,chuk_rwanda
2022-10-15 14:00:00,29.2,25,7.2,13.5,28.8,0.0,852.7,791.0,42,,0.65,,1,chuk_rwanda
2022-10-15 15:00:00,28.5,26,7.3,13.5,33.8,0.0,852.1,535.0,100,,0.49,,3,chuk_rwanda
2022-10-15 16:00:00,27.7,27,7.1,9.4,31.7,0.0,851.6,296.0,100,,0.3,,3,chuk_rwanda
2022-10-15 17:00:00,27.8,33,10.1,3.6,20.9,0.0,851.9,187.0,100,,0.16,,3,chuk_rwanda
2022-10-15 18:00:00,24.5,41,10.4,11.4,25.9,0.0,851.9,28.0,100,,0.12,,3,chuk_rwanda
2022-10-15 19:00:00,22.5,50,11.4,9.0,25.2,0.0,852.2,0.0,46,,0.05,,1,chuk_rwanda
2022-10-15 20:00:00,21.6,55,12.4,11.1,23.8,0.0,852.8,0.0,82,,0.06,,3,chuk_rwanda
2022-10-15 21:00:00,20.7,63,13.5,12.9,27.4,0.0,853.3,0.0,33,,0.05,,1,chuk_rwanda
2022-10-15 22:00:00,20.0,69,14.0,9.4,27.0,0.0,853.5,0.0,22,,0.03,,1,chuk_rwanda
2022-10-15 23:00:00,19.0,74,14.4,6.4,20.2,0.0,853.2,0.0,4,,0.01,,0,chuk_rwanda
2022-10-16 00:00:00,18.4,78,14.5,5.1,13.0,0.0,853.0,0.0,18,,0.0,,0,chuk_rwanda
2022-10-16 01:00:00,17.9,80,14.3,8.4,15.8,0.0,852.3,0.0,33,,0.01,,1,chuk_rwanda
2022-10-16 02:00:00,18.1,78,14.2,7.7,16.9,0.0,851.5,0.0,45,,0.01,,1,chuk_rwanda
2022-10-16 03:00:00,18.1,77,14.1,6.4,15.8,0.0,851.6,0.0,100,,0.0,,3,chuk_rwanda
2022-10-16 04:00:00,18.0,78,14.1,4.7,13.0,0.0,851.7,0.0,100,,0.0,,3,chuk_rwanda
2022-10-16 05:00:00,17.6,80,14.1,4.2,9.4,0.0,852.1,0.0,100,,0.0,,3,chuk_rwanda
2022-10-16 06:00:00,17.5,80,14.1,5.2,8.6,0.0,852.9,3.0,100,,0.01,,3,chuk_rwanda
2022-10-16 07:00:00,19.1,73,14.1,4.3,11.5,0.0,854.3,85.0,100,,0.06,,3,chuk_rwanda
2022-10-16 08:00:00,21.5,63,14.2,2.4,11.5,0.0,855.7,247.0,100,,0.17,,3,chuk_rwanda
2022-10-16 09:00:00,24.2,51,13.5,2.2,11.9,0.0,856.9,505.0,100,,0.35,,3,chuk_rwanda
2022-10-16 10:00:00,25.6,43,12.1,5.8,18.7,0.0,857.1,614.0,100,,0.46,,3,chuk_rwanda
2022-10-16 11:00:00,26.1,39,11.1,8.5,23.4,0.0,856.6,594.0,100,,0.47,,3,chuk_rwanda
2022-10-16 12:00:00,27.1,36,10.8,8.4,24.5,0.0,855.8,720.0,100,,0.56,,3,chuk_rwanda
2022-10-16 13:00:00,27.7,34,10.6,8.9,24.1,0.0,854.6,627.0,100,,0.51,,3,chuk_rwanda
2022-10-16 14:00:00,25.9,38,10.5,5.5,27.0,0.0,854.2,593.0,100,,0.45,,3,chuk_rwanda
2022-10-16 15:00:00,26.5,36,10.4,10.2,24.5,0.0,854.0,463.0,100,,0.4,,3,chuk_rwanda
2022-10-16 16:00:00,24.6,43,11.1,16.4,35.6,0.0,854.1,297.0,100,,0.3,,3,chuk_rwanda
2022-10-16 17:00:00,22.1,60,13.9,13.6,39.2,0.0,854.2,99.0,100,,0.14,,3,chuk_rwanda
2022-10-16 18:00:00,21.2,63,14.0,10.9,29.5,0.0,854.5,27.0,100,,0.07,,3,chuk_rwanda
2022-10-16 19:00:00,20.3,70,14.6,9.7,24.8,0.0,855.2,0.0,100,,0.03,,3,chuk_rwanda
2022-10-16 20:00:00,19.6,73,14.6,6.3,20.9,0.0,855.9,0.0,100,,0.01,,3,chuk_rwanda
2022-10-16 21:00:00,19.3,74,14.6,4.7,14.4,0.3,856.7,0.0,100,,0.0,,51,chuk_rwanda
2022-10-16 22:00:00,18.8,82,15.6,4.4,9.7,0.5,856.6,0.0,100,,0.0,,53,chuk_rwanda
2022-10-16 23:00:00,18.6,84,15.9,5.8,12.2,0.0,856.2,0.0,100,,0.0,,3,chuk_rwanda
2022-10-17 00:00:00,18.5,83,15.7,6.9,14.0,0.0,855.4,0.0,100,,0.0,,3,chuk_rwanda
2022-10-17 01:00:00,18.3,83,15.4,8.4,16.9,0.0,854.6,0.0,100,,0.0,,3,chuk_rwanda
2022-10-17 02:00:00,18.1,82,15.0,7.9,19.4,0.0,853.7,0.0,100,,0.0,,3,chuk_rwanda
2022-10-17 03:00:00,17.6,84,14.8,5.5,16.6,0.0,853.5,0.0,100,,0.0,,3,chuk_rwanda
2022-10-17 04:00:00,18.1,79,14.4,3.7,12.6,0.2,854.4,0.0,100,,0.0,,51,chuk_rwanda
2022-10-17 05:00:00,17.6,83,14.8,6.4,10.1,0.2,854.0,0.0,100,,0.0,,51,chuk_rwanda
2022-10-17 06:00:00,17.7,84,15.0,8.5,19.4,0.1,854.3,2.0,100,,0.02,,51,chuk_rwanda
2022-10-17 07:00:00,18.8,81,15.5,5.8,16.9,0.0,855.4,57.0,97,,0.05,,3,chuk_rwanda
2022-10-17 08:00:00,20.2,74,15.4,2.4,12.6,0.0,856.9,167.0,49,,0.12,,1,chuk_rwanda
2022-10-17 09:00:00,23.4,55,13.9,0.4,13.7,0.0,858.2,505.0,75,,0.34,,2,chuk_rwanda
2022-10-17 10:00:00,25.7,47,13.5,5.4,19.8,0.0,858.3,787.0,76,,0.56,,2,chuk_rwanda
2022-10-17 11:00:00,27.5,40,12.9,8.1,24.1,0.0,858.0,885.0,100,,0.66,,3,chuk_rwanda
2022-10-17 12:00:00,27.8,38,12.4,11.4,29.5,0.0,856.7,780.0,100,,0.61,,3,chuk_rwanda
2022-10-17 13:00:00,27.0,40,12.4,8.9,29.9,0.0,855.7,559.0,59,,0.46,,2,chuk_rwanda
2022-10-17 14:00:00,25.5,43,11.9,7.5,23.8,0.0,855.9,609.0,100,,0.46,,3,chuk_rwanda
2022-10-17 15:00:00,25.4,43,12.1,7.5,21.6,0.0,855.2,399.0,64,,0.33,,2,chuk_rwanda
2022-10-17 16:00:00,25.3,43,11.9,13.4,29.9,0.1,855.4,408.0,84,,0.34,,51,chuk_rwanda
2022-10-17 17:00:00,21.4,67,15.1,9.5,35.6,0.4,855.2,166.0,97,,0.14,,51,chuk_rwanda
2022-10-17 18:00:00,21.2,67,14.8,5.4,21.2,0.0,855.8,23.0,100,,0.04,,3,chuk_rwanda
2022-10-17 19:00:00,20.4,74,15.6,5.6,11.9,0.0,856.3,0.0,96,,0.0,,3,chuk_rwanda
2022-10-17 20:00:00,19.5,78,15.6,4.3,12.6,0.0,856.6,0.0,81,,0.0,,3,chuk_rwanda
2022-10-17 21:00:00,18.4,88,16.3,6.8,20.9,0.7,857.5,0.0,100,,0.0,,53,chuk_rwanda
2022-10-17 22:00:00,18.2,91,16.7,0.7,12.2,0.8,857.7,0.0,100,,0.0,,53,chuk_rwanda
2022-10-17 23:00:00,17.9,93,16.8,2.6,5.0,0.3,857.4,0.0,100,,0.0,,51,chuk_rwanda
2022-10-18 00:00:00,17.2,94,16.2,3.9,6.1,0.0,856.3,0.0,100,,0.0,,3,chuk_rwanda
2022-10-18 01:00:00,17.0,95,16.1,3.9,7.6,0.0,855.3,0.0,100,,0.0,,3,chuk_rwanda
2022-10-18 02:00:00,16.4,90,14.7,5.2,7.2,0.0,854.4,0.0,100,,0.0,,3,chuk_rwanda
2022-10-18 03:00:00,15.9,88,14.1,6.0,12.2,0.0,853.9,0.0,4,,0.0,,0,chuk_rwanda
2022-10-18 04:00:00,15.1,90,13.4,7.3,14.8,0.0,853.5,0.0,25,,0.0,,1,chuk_rwanda
2022-10-18 05:00:00,15.0,88,13.0,8.0,16.2,0.0,853.7,0.0,100,,0.0,,3,chuk_rwanda
2022-10-18 06:00:00,15.6,84,12.9,8.1,16.9,0.0,854.2,3.0,94,,0.02,,3,chuk_rwanda
2022-10-18 07:00:00,17.6,76,13.4,5.2,16.6,0.0,855.6,68.0,18,,0.06,,0,chuk_rwanda
2022-10-18 08:00:00,21.3,63,13.9,2.6,12.2,0.0,857.8,270.0,47,,0.18,,1,chuk_rwanda
2022-10-18 09:00:00,24.2,50,13.2,1.6,17.3,0.0,858.5,560.0,60,,0.38,,2,chuk_rwanda
2022-10-18 10:00:00,25.4,45,12.7,7.9,21.6,0.0,858.4,683.0,41,,0.5,,1,chuk_rwanda
2022-10-18 11:00:00,25.8,44,12.6,9.1,25.2,0.2,857.9,604.0,42,,0.47,,51,chuk_rwanda
2022-10-18 12:00:00,26.9,43,13.2,10.1,28.1,0.0,857.4,818.0,57,,0.62,,2,chuk_rwanda
2022-10-18 13:00:00,27.2,40,12.6,11.6,29.2,0.0,855.9,735.0,42,,0.58,,1,chuk_rwanda
2022-10-18 14:00:00,24.6,51,13.8,5.0,31.3,0.0,855.4,795.0,43,,0.56,,1,chuk_rwanda
2022-10-18 15:00:00,26.2,46,13.6,4.0,18.0,0.0,855.2,583.0,48,,0.43,,1,chuk_rwanda
2022-10-18 16:00:00,18.9,84,16.1,18.1,41.8,5.5,854.7,355.0,97,,0.2,,63,chuk_rwanda
2022-10-18 17:00:00,18.6,85,16.1,5.7,38.2,2.3,854.6,91.0,88,,0.07,,61,chuk_rwanda
2022-10-18 18:00:00,18.5,89,16.6,2.7,14.8,0.3,855.3,7.0,97,,0.02,,51,chuk_rwanda
2022-10-18 19:00:00,17.9,91,16.4,2.7,10.1,1.9,856.0,0.0,94,,0.0,,61,chuk_rwanda
2022-10-18 20:00:00,17.1,96,16.5,4.3,11.5,2.2,856.0,0.0,100,,0.0,,61,chuk_rwanda
2022-10-18 21:00:00,17.2,96,16.6,5.7,13.3,2.9,856.1,0.0,98,,0.0,,63,chuk_rwanda
2022-10-18 22:00:00,17.2,95,16.5,4.0,14.4,2.0,855.7,0.0,100,,0.0,,61,chuk_rwanda
2022-10-18 23:00:00,17.1,95,16.4,5.8,15.1,0.9,855.5,0.0,100,,0.0,,53,chuk_rwanda
2022-10-19 00:00:00,17.2,94,16.2,5.7,16.9,0.5,854.8,0.0,100,,0.0,,53,chuk_rwanda
2022-10-19 01:00:00,16.9,94,15.9,4.5,11.2,0.3,854.1,0.0,69,,0.0,,51,chuk_rwanda
2022-10-19 02:00:00,15.1,94,14.2,6.4,9.0,0.1,852.6,0.0,86,,0.0,,51,chuk_rwanda
2022-10-19 03:00:00,15.0,94,14.1,6.1,13.3,0.0,852.4,0.0,28,,0.0,,1,chuk_rwanda
2022-10-19 04:00:00,14.8,94,13.8,5.8,12.6,0.0,852.4,0.0,87,,0.0,,3,chuk_rwanda
2022-10-19 05:00:00,15.4,91,13.9,5.2,11.9,0.0,853.1,0.0,92,,0.0,,3,chuk_rwanda
2022-10-19 06:00:00,14.9,93,13.8,5.5,8.6,0.0,853.2,4.0,94,,0.0,,3,chuk_rwanda
2022-10-19 07:00:00,17.6,83,14.7,2.8,10.8,0.0,855.1,135.0,98,,0.07,,3,chuk_rwanda
2022-10-19 08:00:00,21.0,66,14.4,0.8,9.0,0.0,857.1,381.0,100,,0.24,,3,chuk_rwanda
2022-10-19 09:00:00,23.0,55,13.6,3.1,13.3,0.0,857.9,559.0,100,,0.38,,3,chuk_rwanda
2022-10-19 10:00:00,24.5,51,13.7,7.1,24.5,0.0,857.8,742.0,98,,0.52,,3,chuk_rwanda
2022-10-19 11:00:00,26.0,49,14.4,9.5,26.3,0.0,857.4,937.0,38,,0.67,,1,chuk_rwanda
2022-10-19 12:00:00,26.0,48,14.1,8.5,26.3,0.0,856.1,685.0,100,,0.52,,3,chuk_rwanda
2022-10-19 13:00:00,26.8,45,13.9,9.8,25.6,0.0,854.7,743.0,91,,0.57,,3,chuk_rwanda
2022-10-19 14:00:00,24.5,51,13.6,16.8,34.2,0.9,854.1,530.0,98,,0.42,,53,chuk_rwanda
2022-10-19 15:00:00,24.3,53,14.1,9.0,38.2,0.1,854.1,582.0,98,,0.42,,51,chuk_rwanda
2022-10-19 16:00:00,21.5,70,15.8,11.7,29.5,0.8,853.9,225.0,100,,0.18,,53,chuk_rwanda
2022-10-19 17:00:00,21.7,67,15.3,3.7,25.2,0.0,854.1,171.0,100,,0.12,,3,chuk_rwanda
2022-10-19 18:00:00,20.2,74,15.5,4.0,11.2,0.0,854.1,28.0,100,,0.03,,3,chuk_rwanda
2022-10-19 19:00:00,19.0,84,16.2,4.7,9.0,0.0,853.8,0.0,100,,0.0,,3,chuk_rwanda
2022-10-19 20:00:00,18.0,87,15.8,4.3,8.6,0.0,854.0,0.0,100,,0.0,,3,chuk_rwanda
2022-10-19 21:00:00,17.6,90,15.9,4.4,9.4,0.0,854.5,0.0,98,,0.0,,3,chuk_rwanda
2022-10-19 22:00:00,17.8,89,16.0,5.8,10.8,0.0,855.0,0.0,98,,0.0,,3,chuk_rwanda
2022-10-19 23:00:00,17.1,92,15.8,5.7,10.4,0.0,854.2,0.0,99,,0.0,,3,chuk_rwanda
2022-10-20 00:00:00,16.6,93,15.4,5.9,10.4,0.0,853.4,0.0,100,,0.0,,3,chuk_rwanda
2022-10-20 01:00:00,16.1,93,15.1,7.1,13.0,0.0,852.3,0.0,100,,0.0,,3,chuk_rwanda
2022-10-20 02:00:00,17.0,93,15.8,5.4,14.8,0.0,852.7,0.0,99,,0.0,,3,chuk_rwanda
2022-10-20 03:00:00,16.5,94,15.6,4.1,11.2,0.0,852.3,0.0,100,,0.0,,3,chuk_rwanda
2022-10-20 04:00:00,15.4,96,14.6,6.6,9.4,0.0,851.7,0.0,100,,0.0,,3,chuk_rwanda
2022-10-20 05:00:00,15.2,96,14.6,5.4,9.4,0.0,852.2,0.0,99,,0.0,,3,chuk_rwanda
2022-10-20 06:00:00,15.1,97,14.6,3.3,7.9,0.0,852.8,4.0,98,,0.0,,3,chuk_rwanda
2022-10-20 07:00:00,17.6,91,16.1,4.3,12.2,0.0,854.6,137.0,95,,0.07,,3,chuk_rwanda
2022-10-20 08:00:00,20.2,76,15.9,2.1,12.2,0.0,856.3,322.0,63,,0.2,,2,chuk_rwanda
2022-10-20 09:00:00,22.9,60,14.7,1.3,16.6,0.0,856.8,580.0,58,,0.39,,2,chuk_rwanda
2022-10-20 10:00:00,24.8,52,14.2,4.0,20.2,0.0,856.7,824.0,11,,0.58,,0,chuk_rwanda
2022-10-20 11:00:00,26.4,49,14.8,8.6,24.5,0.0,856.6,927.0,48,,0.67,,1,chuk_rwanda
2022-10-20 12:00:00,26.6,45,13.9,11.3,27.4,0.0,855.1,676.0,100,,0.53,,3,chuk_rwanda
2022-10-20 13:00:00,21.2,72,16.0,15.4,40.0,2.0,853.9,510.0,84,,0.34,,61,chuk_rwanda
2022-10-20 14:00:00,25.5,49,13.9,8.1,34.9,0.1,853.6,554.0,73,,0.43,,51,chuk_rwanda
2022-10-20 15:00:00,22.4,68,16.1,14.8,37.8,0.3,853.0,503.0,100,,0.34,,51,chuk_rwanda
2022-10-20 16:00:00,23.5,60,15.1,5.4,33.8,0.0,852.8,233.0,99,,0.19,,3,chuk_rwanda
2022-10-20 17:00:00,23.1,65,16.2,2.9,14.0,0.2,852.8,215.0,100,,0.14,,51,chuk_rwanda
2022-10-20 18:00:00,21.0,72,15.7,4.4,8.3,0.0,852.7,31.0,100,,0.03,,3,chuk_rwanda
2022-10-20 19:00:00,19.9,76,15.6,3.7,8.3,0.0,853.2,0.0,87,,0.0,,3,chuk_rwanda
2022-10-20 20:00:00,18.5,84,15.8,3.7,10.1,0.4,853.9,0.0,100,,0.0,,51,chuk_rwanda
2022-10-20 21:00:00,18.1,89,16.4,4.7,9.0,0.0,854.8,0.0,100,,0.0,,3,chuk_rwanda
2022-10-20 22:00:00,17.8,91,16.2,4.6,13.0,0.0,855.0,0.0,99,,0.0,,3,chuk_rwanda
2022-10-20 23:00:00,17.0,94,15.9,4.3,9.4,0.0,854.2,0.0,89,,0.0,,3,chuk_rwanda
2022-10-21 00:00:00,16.1,95,15.3,4.9,9.7,0.0,852.6,0.0,96,,0.0,,3,chuk_rwanda
2022-10-21 01:00:00,15.9,95,15.0,5.4,10.8,0.0,851.9,0.0,100,,0.0,,3,chuk_rwanda
2022-10-21 02:00:00,16.1,93,15.0,8.2,11.2,0.0,851.4,0.0,100,,0.0,,3,chuk_rwanda
2022-10-21 03:00:00,15.8,92,14.5,6.2,16.6,0.0,850.9,0.0,88,,0.0,,3,chuk_rwanda
2022-10-21 04:00:00,15.2,93,14.1,5.2,13.0,0.0,850.9,0.0,77,,0.0,,2,chuk_rwanda
2022-10-21 05:00:00,15.0,93,13.9,5.8,11.5,0.0,851.3,0.0,94,,0.0,,3,chuk_rwanda
2022-10-21 06:00:00,14.9,93,13.9,6.4,13.0,0.0,851.6,4.0,100,,0.0,,3,chuk_rwanda
2022-10-21 07:00:00,17.5,86,15.2,4.0,13.7,0.0,853.9,108.0,84,,0.06,,3,chuk_rwanda
2022-10-21 08:00:00,21.0,70,15.3,2.1,10.8,0.0,856.6,349.0,89,,0.22,,3,chuk_rwanda
2022-10-21 09:00:00,23.0,60,14.8,4.9,16.2,0.0,857.3,487.0,37,,0.34,,1,chuk_rwanda
2022-10-21 10:00:00,24.9,53,14.8,8.3,24.5,0.0,857.2,756.0,15,,0.53,,0,chuk_rwanda
2022-10-21 11:00:00,25.9,49,14.4,10.6,28.4,0.0,856.8,846.0,100,,0.61,,3,chuk_rwanda
2022-10-21 12:00:00,25.6,48,13.9,10.9,27.7,0.0,855.4,484.0,100,,0.4,,3,chuk_rwanda
2022-10-21 13:00:00,22.7,66,15.9,15.5,45.4,0.3,854.5,632.0,99,,0.43,,51,chuk_rwanda
2022-10-21 14:00:00,23.3,60,15.0,2.6,36.0,1.2,854.3,697.0,61,,0.49,,55,chuk_rwanda
2022-10-21 15:00:00,22.6,64,15.4,16.3,37.1,0.6,854.2,626.0,99,,0.41,,53,chuk_rwanda
2022-10-21 16:00:00,20.2,78,16.3,8.4,36.7,0.8,853.8,150.0,100,,0.12,,53,chuk_rwanda
2022-10-21 17:00:00,19.9,79,16.1,6.2,19.4,0.0,853.8,71.0,100,,0.07,,3,chuk_rwanda
2022-10-21 18:00:00,19.0,84,16.2,7.9,14.8,0.0,853.8,14.0,100,,0.03,,3,chuk_rwanda
2022-10-21 19:00:00,18.8,84,16.0,7.7,16.9,0.0,854.2,0.0,100,,0.0,,3,chuk_rwanda
2022-10-21 20:00:00,18.3,87,16.0,6.9,15.5,0.0,854.7,0.0,100,,0.0,,3,chuk_rwanda
2022-10-21 21:00:00,17.6,90,16.0,8.4,16.2,0.0,854.8,0.0,100,,0.0,,3,chuk_rwanda
2022-10-21 22:00:00,17.4,90,15.6,9.4,18.7,0.0,854.8,0.0,100,,0.0,,3,chuk_rwanda
2022-10-21 23:00:00,17.2,89,15.4,10.2,19.4,0.0,854.1,0.0,100,,0.0,,3,chuk_rwanda
2022-10-22 00:00:00,16.8,89,15.0,10.2,20.2,0.0,853.3,0.0,70,,0.0,,2,chuk_rwanda
2022-10-22 01:00:00,15.9,91,14.5,9.9,19.4,0.0,851.9,0.0,47,,0.0,,1,chuk_rwanda
2022-10-22 02:00:00,15.1,93,14.1,8.1,18.4,0.0,850.8,0.0,86,,0.0,,3,chuk_rwanda
2022-10-22 03:00:00,14.6,93,13.5,7.2,15.1,0.0,850.6,0.0,98,,0.0,,3,chuk_rwanda
2022-10-22 04:00:00,13.9,94,12.9,5.7,13.7,0.0,850.5,0.0,100,,0.0,,3,chuk_rwanda
2022-10-22 05:00:00,13.2,95,12.4,3.7,10.8,0.0,851.1,0.0,78,,0.0,,2,chuk_rwanda
2022-10-22 06:00:00,13.4,94,12.5,2.9,7.2,0.0,852.1,5.0,20,,0.0,,1,chuk_rwanda
2022-10-22 07:00:00,16.9,82,13.8,3.4,10.1,0.0,854.7,140.0,0,,0.07,,0,chuk_rwanda
2022-10-22 08:00:00,20.6,65,13.9,1.1,9.7,0.0,857.3,391.0,0,,0.24,,0,chuk_rwanda
2022-10-22 09:00:00,23.5,53,13.4,2.4,12.6,0.0,858.3,646.0,0,,0.43,,0,chuk_rwanda
2022-10-22 10:00:00,25.5,44,12.4,8.0,22.0,0.0,858.4,848.0,20,,0.6,,1,chuk_rwanda
2022-10-22 11:00:00,26.0,42,12.3,11.3,31.3,0.1,857.7,862.0,29,,0.63,,51,chuk_rwanda
2022-10-22 12:00:00,27.0,40,12.1,9.6,30.2,0.0,856.7,899.0,29,,0.67,,1,chuk_rwanda
2022-10-22 13:00:00,27.7,37,11.8,9.9,27.4,0.0,855.8,797.0,30,,0.62,,1,chuk_rwanda
2022-10-22 14:00:00,28.1,37,11.9,12.2,27.7,0.0,855.5,696.0,95,,0.56,,3,chuk_rwanda
2022-10-22 15:00:00,27.4,37,11.6,13.3,31.0,0.0,854.6,632.0,17,,0.51,,0,chuk_rwanda
2022-10-22 16:00:00,26.6,41,12.1,10.4,31.0,0.0,854.2,439.0,14,,0.36,,0,chuk_rwanda
2022-10-22 17:00:00,25.4,45,12.6,7.6,24.1,0.0,854.0,245.0,18,,0.2,,0,chuk_rwanda
2022-10-22 18:00:00,22.6,54,12.8,7.9,18.0,0.0,853.5,40.0,37,,0.06,,1,chuk_rwanda
2022-10-22 19:00:00,21.5,57,12.7,6.9,17.3,0.0,853.7,0.0,100,,0.03,,3,chuk_rwanda
2022-10-22 20:00:00,20.8,58,12.4,11.3,24.8,0.0,855.0,0.0,100,,0.05,,3,chuk_rwanda
2022-10-22 21:00:00,19.8,68,13.8,9.9,24.8,0.0,855.6,0.0,100,,0.03,,3,chuk_rwanda
2022-10-22 22:00:00,19.4,72,14.2,10.5,21.6,0.0,855.5,0.0,100,,0.02,,3,chuk_rwanda
2022-10-22 23:00:00,18.8,75,14.4,9.8,21.6,0.0,855.0,0.0,100,,0.02,,3,chuk_rwanda
2022-10-23 00:00:00,17.9,79,14.2,7.0,19.1,0.0,853.8,0.0,100,,0.0,,3,chuk_rwanda
2022-10-23 01:00:00,17.0,83,14.1,6.8,13.3,0.0,853.1,0.0,99,,0.0,,3,chuk_rwanda
2022-10-23 02:00:00,16.5,84,13.8,8.2,12.2,0.0,851.8,0.0,83,,0.0,,3,chuk_rwanda
2022-10-23 03:00:00,15.9,87,13.6,4.3,14.4,0.0,851.7,0.0,100,,0.0,,3,chuk_rwanda
2022-10-23 04:00:00,15.4,87,13.2,4.9,7.6,0.0,852.1,0.0,98,,0.0,,3,chuk_rwanda
2022-10-23 05:00:00,14.8,91,13.2,1.8,7.9,0.0,852.9,0.0,100,,0.0,,3,chuk_rwanda
2022-10-23 06:00:00,15.0,86,12.6,1.4,4.7,0.0,854.1,5.0,100,,0.0,,3,chuk_rwanda
2022-10-23 07:00:00,17.7,77,13.6,5.9,12.6,0.0,856.1,138.0,86,,0.08,,3,chuk_rwanda
2022-10-23 08:00:00,21.1,66,14.4,3.3,13.7,0.0,858.2,391.0,85,,0.25,,3,chuk_rwanda
2022-10-23 09:00:00,23.9,56,14.6,2.4,12.2,0.0,859.3,644.0,36,,0.44,,1,chuk_rwanda
2022-10-23 10:00:00,26.0,43,12.6,7.7,22.0,0.0,859.4,844.0,76,,0.6,,2,chuk_rwanda
2022-10-23 11:00:00,26.7,39,11.6,7.4,22.3,0.0,858.6,872.0,100,,0.64,,3,chuk_rwanda
2022-10-23 12:00:00,27.9,36,11.2,7.1,21.6,0.0,857.9,969.0,100,,0.72,,3,chuk_rwanda
2022-10-23 13:00:00,28.2,33,10.4,6.9,21.2,0.0,856.6,782.0,69,,0.61,,2,chuk_rwanda
2022-10-23 14:00:00,29.1,31,10.1,10.5,25.9,0.0,856.4,801.0,27,,0.64,,1,chuk_rwanda
2022-10-23 15:00:00,28.4,32,9.9,12.7,28.4,0.0,855.3,614.0,97,,0.52,,3,chuk_rwanda
2022-10-23 16:00:00,27.1,35,10.6,12.3,30.6,0.0,854.6,309.0,59,,0.31,,2,chuk_rwanda
2022-10-23 17:00:00,26.3,39,11.1,10.9,28.1,0.0,854.1,201.0,82,,0.21,,3,chuk_rwanda
2022-10-23 18:00:00,24.1,46,11.9,12.3,28.1,0.0,854.2,30.0,29,,0.11,,1,chuk_rwanda
2022-10-23 19:00:00,22.1,55,12.8,10.4,27.7,0.0,854.7,0.0,11,,0.05,,0,chuk_rwanda
2022-10-23 20:00:00,20.8,63,13.4,8.5,23.8,0.0,855.4,0.0,8,,0.03,,0,chuk_rwanda
2022-10-23 21:00:00,19.8,69,13.9,6.9,19.4,0.0,855.9,0.0,13,,0.01,,0,chuk_rwanda
2022-10-23 22:00:00,19.0,73,14.0,7.0,15.8,0.0,856.0,0.0,2,,0.01,,0,chuk_rwanda
2022-10-23 23:00:00,18.1,77,13.9,7.0,15.1,0.0,854.8,0.0,8,,0.01,,0,chuk_rwanda
2022-10-24 00:00:00,17.2,80,13.8,6.8,13.7,0.0,853.6,0.0,10,,0.0,,0,chuk_rwanda
2022-10-24 01:00:00,16.5,83,13.6,8.4,15.1,0.0,852.4,0.0,0,,0.0,,0,chuk_rwanda
2022-10-24 02:00:00,15.9,85,13.4,7.5,16.6,0.0,851.7,0.0,0,,0.0,,0,chuk_rwanda
2022-10-24 03:00:00,15.6,87,13.4,9.0,16.6,0.0,851.2,0.0,11,,0.0,,0,chuk_rwanda
2022-10-24 04:00:00,15.2,88,13.2,8.4,16.9,0.0,851.3,0.0,41,,0.0,,1,chuk_rwanda
2022-10-24 05:00:00,14.9,88,12.9,6.6,15.5,0.0,851.9,0.0,79,,0.0,,2,chuk_rwanda
2022-10-24 06:00:00,14.9,88,12.9,6.3,10.8,0.0,852.6,5.0,53,,0.0,,2,chuk_rwanda
2022-10-24 07:00:00,17.5,79,13.9,2.6,11.9,0.0,854.9,117.0,61,,0.06,,2,chuk_rwanda
2022-10-24 08:00:00,20.6,66,14.1,2.2,9.7,0.0,857.3,296.0,35,,0.19,,1,chuk_rwanda
2022-10-24 09:00:00,23.2,58,14.5,3.8,14.4,0.0,858.1,578.0,0,,0.39,,0,chuk_rwanda
2022-10-24 10:00:00,25.8,46,13.2,6.5,19.4,0.0,858.1,854.0,40,,0.61,,1,chuk_rwanda
2022-10-24 11:00:00,26.5,41,12.2,10.4,28.1,0.0,857.4,835.0,19,,0.62,,0,chuk_rwanda
2022-10-24 12:00:00,27.5,39,12.2,9.2,28.1,0.0,856.8,899.0,15,,0.68,,0,chuk_rwanda
2022-10-24 13:00:00,28.9,37,12.6,7.6,25.6,0.0,855.8,960.0,45,,0.73,,1,chuk_rwanda
2022-10-24 14:00:00,28.9,37,12.8,12.2,25.6,0.0,854.6,836.0,63,,0.65,,2,chuk_rwanda
2022-10-24 15:00:00,28.4,37,12.2,13.0,31.0,0.0,853.9,675.0,40,,0.54,,1,chuk_rwanda
2022-10-24 16:00:00,27.8,39,12.6,10.1,30.2,0.0,853.2,461.0,27,,0.38,,1,chuk_rwanda
2022-10-24 17:00:00,25.2,47,13.1,12.1,29.2,0.0,852.7,243.0,53,,0.22,,2,chuk_rwanda
2022-10-24 18:00:00,23.0,58,14.4,7.0,27.7,0.0,852.9,36.0,29,,0.06,,1,chuk_rwanda
2022-10-24 19:00:00,21.6,65,14.9,5.1,15.8,0.0,852.9,0.0,93,,0.01,,3,chuk_rwanda
2022-10-24 20:00:00,20.6,67,14.2,7.6,14.4,0.0,853.4,0.0,98,,0.02,,3,chuk_rwanda
2022-10-24 21:00:00,19.7,71,14.3,8.1,17.3,0.0,854.2,0.0,98,,0.02,,3,chuk_rwanda
2022-10-24 22:00:00,19.0,75,14.6,8.6,16.9,0.0,854.1,0.0,57,,0.01,,2,chuk_rwanda
2022-10-24 23:00:00,18.1,79,14.4,9.0,16.9,0.0,852.9,0.0,90,,0.01,,3,chuk_rwanda
2022-10-25 00:00:00,17.2,83,14.3,9.7,18.4,0.0,851.8,0.0,40,,0.0,,1,chuk_rwanda
2022-10-25 01:00:00,16.6,85,14.1,10.7,20.5,0.0,850.9,0.0,18,,0.0,,0,chuk_rwanda
2022-10-25 02:00:00,16.2,87,14.1,10.0,22.3,0.0,850.3,0.0,0,,0.0,,0,chuk_rwanda
2022-10-25 03:00:00,16.0,87,13.9,8.7,19.4,0.0,849.8,0.0,100,,0.0,,3,chuk_rwanda
2022-10-25 04:00:00,15.9,87,13.7,7.3,15.8,0.0,850.1,0.0,96,,0.0,,3,chuk_rwanda
2022-10-25 05:00:00,15.2,87,13.1,8.0,14.4,0.0,850.7,0.0,38,,0.0,,1,chuk_rwanda
2022-10-25 06:00:00,14.9,86,12.6,7.6,14.8,0.0,851.3,5.0,43,,0.01,,1,chuk_rwanda
2022-10-25 07:00:00,17.9,77,13.7,3.3,14.4,0.0,853.6,151.0,96,,0.08,,3,chuk_rwanda
2022-10-25 08:00:00,22.1,61,14.2,2.3,10.4,0.0,856.5,394.0,99,,0.25,,3,chuk_rwanda
2022-10-25 09:00:00,24.9,51,13.9,3.8,14.8,0.0,857.4,632.0,55,,0.44,,2,chuk_rwanda
2022-10-25 10:00:00,27.0,41,12.6,8.4,22.3,0.0,857.1,826.0,25,,0.61,,1,chuk_rwanda
2022-10-25 11:00:00,26.9,36,10.6,12.6,30.6,0.0,856.4,649.0,65,,0.53,,2,chuk_rwanda
2022-10-25 12:00:00,28.6,33,10.8,12.4,33.5,0.0,855.3,968.0,100,,0.75,,3,chuk_rwanda
2022-10-25 13:00:00,29.6,31,10.6,12.0,31.7,0.0,854.1,912.0,100,,0.72,,3,chuk_rwanda
2022-10-25 14:00:00,28.9,35,11.9,12.6,30.2,0.0,853.7,737.0,100,,0.6,,3,chuk_rwanda
2022-10-25 15:00:00,28.1,36,11.6,12.3,30.6,0.0,853.1,630.0,100,,0.51,,3,chuk_rwanda
2022-10-25 16:00:00,26.2,41,11.9,13.7,32.0,0.0,852.7,330.0,100,,0.32,,3,chuk_rwanda
2022-10-25 17:00:00,25.2,50,13.9,7.5,31.3,0.0,852.6,180.0,100,,0.17,,3,chuk_rwanda
2022-10-25 18:00:00,23.3,61,15.4,4.2,17.6,0.0,852.2,28.0,100,,0.04,,3,chuk_rwanda
2022-10-25 19:00:00,21.9,63,14.6,7.2,14.0,0.0,852.6,0.0,100,,0.02,,3,chuk_rwanda
2022-10-25 20:00:00,20.9,66,14.3,9.0,19.1,0.0,853.2,0.0,100,,0.03,,3,chuk_rwanda
2022-10-25 21:00:00,20.0,70,14.4,9.0,19.4,0.0,853.4,0.0,100,,0.02,,3,chuk_rwanda
2022-10-25 22:00:00,19.4,73,14.4,8.7,19.1,0.0,853.8,0.0,100,,0.02,,3,chuk_rwanda
2022-10-25 23:00:00,18.9,75,14.3,8.5,17.6,0.0,853.2,0.0,100,,0.01,,3,chuk_rwanda
2022-10-26 00:00:00,18.1,78,14.2,8.8,16.9,0.0,852.2,0.0,100,,0.01,,3,chuk_rwanda
2022-10-26 01:00:00,17.6,80,14.2,9.0,17.6,0.0,851.2,0.0,100,,0.01,,3,chuk_rwanda
2022-10-26 02:00:00,17.8,78,13.9,9.6,18.0,0.0,850.9,0.0,100,,0.01,,3,chuk_rwanda
2022-10-26 03:00:00,16.9,82,13.8,8.0,17.3,0.0,850.7,0.0,100,,0.0,,3,chuk_rwanda
2022-10-26 04:00:00,16.4,83,13.5,6.5,14.8,0.0,850.6,0.0,100,,0.0,,3,chuk_rwanda
2022-10-26 05:00:00,16.2,82,13.2,6.0,11.9,0.0,851.0,0.0,100,,0.0,,3,chuk_rwanda
2022-10-26 06:00:00,16.0,83,13.2,5.8,11.2,0.0,851.6,5.0,100,,0.01,,3,chuk_rwanda
2022-10-26 07:00:00,18.3,78,14.3,2.3,11.2,0.0,853.7,101.0,100,,0.06,,3,chuk_rwanda
2022-10-26 08:00:00,21.0,66,14.4,3.7,13.0,0.0,856.1,310.0,100,,0.2,,3,chuk_rwanda
2022-10-26 09:00:00,23.5,56,14.1,4.7,15.8,0.0,856.8,529.0,100,,0.37,,3,chuk_rwanda
2022-10-26 10:00:00,25.7,45,12.8,5.7,17.3,0.0,857.0,680.0,100,,0.5,,3,chuk_rwanda
2022-10-26 11:00:00,25.6,42,11.9,9.1,23.8,0.0,856.4,477.0,100,,0.4,,3,chuk_rwanda
2022-10-26 12:00:00,27.4,36,10.9,9.1,23.8,0.0,855.5,640.0,100,,0.52,,3,chuk_rwanda
2022-10-26 13:00:00,29.0,33,11.2,12.0,30.2,0.0,854.9,925.0,48,,0.72,,1,chuk_rwanda
2022-10-26 14:00:00,28.3,36,11.9,12.4,30.2,0.0,854.3,766.0,48,,0.61,,1,chuk_rwanda
2022-10-26 15:00:00,28.0,36,11.8,12.1,29.9,0.0,853.7,634.0,24,,0.51,,1,chuk_rwanda
2022-10-26 16:00:00,27.2,38,11.6,12.2,28.8,0.0,853.3,449.0,28,,0.38,,1,chuk_rwanda
2022-10-26 17:00:00,26.0,42,11.9,8.7,28.1,0.0,853.1,237.0,61,,0.21,,2,chuk_rwanda
2022-10-26 18:00:00,23.6,49,12.4,8.7,20.5,0.0,852.9,39.0,27,,0.08,,1,chuk_rwanda
2022-10-26 19:00:00,22.2,54,12.6,8.8,20.2,0.0,853.4,0.0,23,,0.05,,1,chuk_rwanda
2022-10-26 20:00:00,21.1,59,12.8,10.1,22.0,0.0,853.9,0.0,21,,0.04,,1,chuk_rwanda
2022-10-26 21:00:00,20.3,65,13.4,8.8,22.0,0.0,853.9,0.0,44,,0.03,,1,chuk_rwanda
2022-10-26 22:00:00,19.4,70,13.8,8.2,18.0,0.0,853.5,0.0,98,,0.02,,3,chuk_rwanda
2022-10-26 23:00:00,18.5,75,13.9,8.7,17.3,0.0,852.8,0.0,100,,0.01,,3,chuk_rwanda
2022-10-27 00:00:00,17.8,79,14.0,8.0,17.3,0.0,852.5,0.0,100,,0.01,,3,chuk_rwanda
2022-10-27 01:00:00,17.0,82,13.9,9.2,17.3,0.0,851.4,0.0,82,,0.0,,3,chuk_rwanda
2022-10-27 02:00:00,16.8,83,13.8,8.2,17.6,0.0,851.0,0.0,68,,0.0,,2,chuk_rwanda
2022-10-27 03:00:00,16.5,84,13.8,6.5,15.5,0.0,850.9,0.0,100,,0.0,,3,chuk_rwanda
2022-10-27 04:00:00,16.1,86,13.8,5.8,11.9,0.0,851.3,0.0,100,,0.0,,3,chuk_rwanda
2022-10-27 05:00:00,15.9,87,13.7,6.1,10.8,0.0,852.0,0.0,100,,0.0,,3,chuk_rwanda
2022-10-27 06:00:00,15.9,87,13.7,5.6,10.4,0.0,852.7,5.0,100,,0.0,,3,chuk_rwanda
2022-10-27 07:00:00,18.6,77,14.5,3.4,10.4,0.0,854.9,125.0,100,,0.07,,3,chuk_rwanda
2022-10-27 08:00:00,21.6,63,14.2,1.8,10.1,0.0,857.1,363.0,99,,0.23,,3,chuk_rwanda
2022-10-27 09:00:00,24.2,55,14.5,1.8,11.9,0.0,857.8,617.0,74,,0.42,,2,chuk_rwanda
2022-10-27 10:00:00,26.0,46,13.6,6.6,21.6,0.0,857.7,747.0,98,,0.54,,3,chuk_rwanda
2022-10-27 11:00:00,26.5,42,12.6,11.2,29.2,0.0,857.2,734.0,95,,0.56,,3,chuk_rwanda
2022-10-27 12:00:00,27.9,40,13.1,13.3,33.5,0.0,856.5,874.0,94,,0.67,,3,chuk_rwanda
2022-10-27 13:00:00,27.3,39,12.2,17.7,40.0,0.0,855.3,770.0,89,,0.61,,3,chuk_rwanda
2022-10-27 14:00:00,23.6,58,14.8,17.3,43.2,0.2,854.8,685.0,90,,0.48,,51,chuk_rwanda
2022-10-27 15:00:00,23.0,60,14.9,12.9,38.2,0.0,854.7,335.0,94,,0.27,,3,chuk_rwanda
2022-10-27 16:00:00,23.0,59,14.6,10.7,30.6,0.0,854.5,278.0,89,,0.23,,3,chuk_rwanda
2022-10-27 17:00:00,22.4,61,14.6,9.0,24.5,0.0,854.3,195.0,100,,0.16,,3,chuk_rwanda
2022-10-27 18:00:00,21.4,70,15.7,4.2,20.2,0.0,854.1,17.0,98,,0.04,,3,chuk_rwanda
2022-10-27 19:00:00,20.9,74,16.0,3.7,9.7,0.0,854.6,0.0,100,,0.0,,3,chuk_rwanda
2022-10-27 20:00:00,20.2,77,16.0,4.0,7.9,0.0,855.0,0.0,94,,0.0,,3,chuk_rwanda
2022-10-27 21:00:00,19.5,80,15.9,5.7,11.2,0.0,855.0,0.0,49,,0.0,,1,chuk_rwanda
2022-10-27 22:00:00,18.7,83,15.7,6.9,12.2,0.0,854.6,0.0,91,,0.0,,3,chuk_rwanda
2022-10-27 23:00:00,18.0,84,15.4,8.4,16.2,0.0,853.7,0.0,96,,0.0,,3,chuk_rwanda
2022-10-28 00:00:00,18.0,83,15.1,8.4,16.2,0.0,852.8,0.0,91,,0.0,,3,chuk_rwanda
2022-10-28 01:00:00,17.7,83,14.7,8.5,16.6,0.0,852.0,0.0,97,,0.0,,3,chuk_rwanda
2022-10-28 02:00:00,17.0,81,13.7,7.0,15.8,0.0,852.0,0.0,98,,0.0,,3,chuk_rwanda
2022-10-28 03:00:00,15.9,83,13.1,6.9,13.0,0.0,851.5,0.0,100,,0.0,,3,chuk_rwanda
2022-10-28 04:00:00,15.2,84,12.6,4.4,12.6,0.0,851.5,0.0,100,,0.0,,3,chuk_rwanda
2022-10-28 05:00:00,14.9,83,12.1,3.3,8.3,0.0,852.2,0.0,100,,0.0,,3,chuk_rwanda
2022-10-28 06:00:00,14.6,84,11.9,4.2,7.6,0.0,852.5,5.0,100,,0.0,,3,chuk_rwanda
2022-10-28 07:00:00,17.7,73,12.8,3.3,9.4,0.0,854.3,117.0,100,,0.07,,3,chuk_rwanda
2022-10-28 08:00:00,21.2,58,12.8,1.9,10.1,0.0,856.5,360.0,100,,0.23,,3,chuk_rwanda
2022-10-28 09:00:00,23.8,50,12.8,3.9,14.4,0.0,857.4,571.0,100,,0.39,,3,chuk_rwanda
2022-10-28 10:00:00,25.9,42,11.9,5.4,18.0,0.0,857.4,786.0,100,,0.56,,3,chuk_rwanda
2022-10-28 11:00:00,26.7,38,11.4,8.3,23.0,0.0,856.8,755.0,99,,0.57,,3,chuk_rwanda
2022-10-28 12:00:00,27.5,38,11.9,10.9,28.8,0.0,855.8,896.0,59,,0.68,,2,chuk_rwanda
2022-10-28 13:00:00,28.4,36,12.1,10.7,28.8,0.0,854.5,880.0,47,,0.68,,1,chuk_rwanda
2022-10-28 14:00:00,28.0,37,11.9,11.2,27.4,0.0,854.6,751.0,35,,0.59,,1,chuk_rwanda
2022-10-28 15:00:00,27.5,37,11.7,11.5,27.4,0.0,853.5,602.0,22,,0.49,,1,chuk_rwanda
2022-10-28 16:00:00,26.9,39,11.7,11.5,28.8,0.0,853.2,462.0,14,,0.38,,0,chuk_rwanda
2022-10-28 17:00:00,25.8,44,12.6,6.5,26.6,0.0,852.6,246.0,31,,0.19,,1,chuk_rwanda
2022-10-28 18:00:00,23.5,60,15.2,4.1,15.1,0.0,852.0,38.0,41,,0.04,,1,chuk_rwanda
2022-10-28 19:00:00,22.1,56,13.0,6.5,12.2,0.0,852.4,0.0,52,,0.03,,2,chuk_rwanda
2022-10-28 20:00:00,20.5,64,13.4,7.3,16.6,0.0,853.0,0.0,38,,0.02,,1,chuk_rwanda
2022-10-28 21:00:00,19.9,67,13.6,7.8,16.6,0.0,853.2,0.0,4,,0.02,,0,chuk_rwanda
2022-10-28 22:00:00,19.2,71,13.8,9.9,20.2,0.0,853.0,0.0,1,,0.02,,0,chuk_rwanda
2022-10-28 23:00:00,18.9,73,13.9,8.9,20.9,0.0,852.6,0.0,0,,0.02,,0,chuk_rwanda
2022-10-29 00:00:00,18.1,76,13.8,9.3,18.4,0.0,851.7,0.0,11,,0.01,,0,chuk_rwanda
2022-10-29 01:00:00,17.4,79,13.8,9.0,18.4,0.0,850.9,0.0,59,,0.01,,2,chuk_rwanda
2022-10-29 02:00:00,16.9,80,13.5,9.4,18.0,0.0,850.2,0.0,100,,0.01,,3,chuk_rwanda
2022-10-29 03:00:00,16.2,84,13.5,8.1,17.3,0.0,849.9,0.0,62,,0.0,,2,chuk_rwanda
2022-10-29 04:00:00,15.6,87,13.5,7.4,14.8,0.0,850.0,0.0,93,,0.0,,3,chuk_rwanda
2022-10-29 05:00:00,15.2,89,13.4,7.2,13.7,0.0,850.4,0.0,100,,0.0,,3,chuk_rwanda
2022-10-29 06:00:00,15.1,88,13.2,7.2,13.0,0.0,851.0,5.0,100,,0.01,,3,chuk_rwanda
2022-10-29 07:00:00,18.4,74,13.6,3.8,14.0,0.0,853.3,138.0,100,,0.08,,3,chuk_rwanda
2022-10-29 08:00:00,21.2,63,13.9,4.2,13.7,0.0,855.6,260.0,100,,0.18,,3,chuk_rwanda
2022-10-29 09:00:00,24.1,54,14.1,4.6,15.8,0.0,856.4,533.0,100,,0.37,,3,chuk_rwanda
2022-10-29 10:00:00,26.5,43,12.7,9.8,25.2,0.0,856.5,827.0,100,,0.6,,3,chuk_rwanda
2022-10-29 11:00:00,27.0,39,11.8,11.1,28.1,0.0,856.1,689.0,100,,0.55,,3,chuk_rwanda
2022-10-29 12:00:00,27.8,36,11.5,11.5,29.9,0.0,854.9,825.0,92,,0.64,,3,chuk_rwanda
2022-10-29 13:00:00,28.4,35,11.6,11.6,29.5,0.0,853.7,769.0,87,,0.62,,3,chuk_rwanda
2022-10-29 14:00:00,26.8,44,13.7,7.6,29.9,0.0,853.4,802.0,85,,0.59,,3,chuk_rwanda
2022-10-29 15:00:00,26.8,44,13.5,8.3,22.3,0.0,852.7,554.0,85,,0.43,,3,chuk_rwanda
2022-10-29 16:00:00,26.4,44,13.2,8.5,21.6,0.0,852.5,375.0,100,,0.31,,3,chuk_rwanda
2022-10-29 17:00:00,24.9,50,13.9,4.2,20.9,0.0,852.2,168.0,89,,0.14,,3,chuk_rwanda
2022-10-29 18:00:00,22.1,65,15.2,5.0,10.1,0.1,852.1,31.0,90,,0.04,,51,chuk_rwanda
2022-10-29 19:00:00,20.5,71,15.1,5.7,10.1,0.0,852.8,0.0,97,,0.01,,3,chuk_rwanda
2022-10-29 20:00:00,20.3,67,13.9,5.2,11.2,0.0,853.7,0.0,100,,0.01,,3,chuk_rwanda
2022-10-29 21:00:00,19.3,75,14.8,9.6,19.8,0.0,854.2,0.0,100,,0.02,,3,chuk_rwanda
2022-10-29 22:00:00,18.6,78,14.6,11.3,24.1,0.0,853.9,0.0,99,,0.02,,3,chuk_rwanda
2022-10-29 23:00:00,17.9,81,14.6,8.8,23.0,0.0,853.0,0.0,81,,0.01,,3,chuk_rwanda
2022-10-30 00:00:00,17.5,82,14.4,9.2,18.4,0.0,851.7,0.0,72,,0.0,,2,chuk_rwanda
2022-10-30 01:00:00,17.1,84,14.4,8.9,18.7,0.0,851.1,0.0,51,,0.0,,2,chuk_rwanda
2022-10-30 02:00:00,16.9,82,13.8,6.4,17.6,0.0,851.5,0.0,94,,0.0,,3,chuk_rwanda
2022-10-30 03:00:00,16.1,85,13.6,7.9,14.4,0.0,850.8,0.0,100,,0.0,,3,chuk_rwanda
2022-10-30 04:00:00,16.9,82,13.8,5.6,15.5,0.0,851.0,0.0,100,,0.0,,3,chuk_rwanda
2022-10-30 05:00:00,17.0,83,14.0,3.6,10.1,0.0,851.9,0.0,100,,0.0,,3,chuk_rwanda
2022-10-30 06:00:00,16.7,84,13.9,3.4,7.6,0.0,852.4,4.0,100,,0.01,,3,chuk_rwanda
2022-10-30 07:00:00,18.6,77,14.4,2.1,7.9,0.0,854.2,135.0,100,,0.07,,3,chuk_rwanda
2022-10-30 08:00:00,21.5,65,14.6,0.5,8.6,0.0,855.9,371.0,100,,0.23,,3,chuk_rwanda
2022-10-30 09:00:00,23.6,55,14.2,2.8,13.3,0.0,856.7,564.0,100,,0.39,,3,chuk_rwanda
2022-10-30 10:00:00,25.4,48,13.6,5.7,22.3,0.0,856.7,752.0,100,,0.54,,3,chuk_rwanda
2022-10-30 11:00:00,26.8,45,13.7,8.4,23.0,0.1,856.4,871.0,100,,0.64,,51,chuk_rwanda
2022-10-30 12:00:00,27.1,42,12.9,11.8,29.5,0.0,855.2,774.0,100,,0.6,,3,chuk_rwanda
2022-10-30 13:00:00,28.1,39,12.9,11.5,31.0,0.0,854.2,859.0,100,,0.66,,3,chuk_rwanda
2022-10-30 14:00:00,27.5,41,13.0,12.1,33.1,0.2,853.9,692.0,100,,0.55,,51,chuk_rwanda
2022-10-30 15:00:00,26.6,42,12.5,13.7,32.0,0.0,853.1,535.0,100,,0.44,,3,chuk_rwanda
2022-10-30 16:00:00,25.0,45,12.3,14.0,33.8,0.0,852.2,337.0,100,,0.31,,3,chuk_rwanda
2022-10-30 17:00:00,24.4,51,13.6,5.0,31.0,0.0,852.1,92.0,100,,0.11,,3,chuk_rwanda
2022-10-30 18:00:00,23.4,62,15.7,2.6,12.2,0.0,852.3,19.0,100,,0.03,,3,chuk_rwanda
2022-10-30 19:00:00,22.9,63,15.6,2.1,6.1,0.0,853.1,0.0,100,,0.0,,3,chuk_rwanda
2022-10-30 20:00:00,22.0,63,14.7,3.7,7.9,0.0,853.6,0.0,100,,0.0,,3,chuk_rwanda
2022-10-30 21:00:00,21.5,65,14.6,4.0,8.3,0.0,854.1,0.0,100,,0.0,,3,chuk_rwanda
2022-10-30 22:00:00,20.6,69,14.6,4.6,9.4,0.0,854.0,0.0,100,,0.0,,3,chuk_rwanda
2022-10-30 23:00:00,19.9,71,14.4,6.1,10.1,0.0,853.4,0.0,100,,0.01,,3,chuk_rwanda
2022-10-31 00:00:00,18.8,73,13.9,8.2,16.6,0.0,852.1,0.0,100,,0.01,,3,chuk_rwanda
2022-10-31 01:00:00,17.9,76,13.6,8.0,16.6,0.0,851.3,0.0,32,,0.01,,1,chuk_rwanda
2022-10-31 02:00:00,18.1,71,12.7,7.1,15.5,0.0,851.2,0.0,0,,0.01,,0,chuk_rwanda
2022-10-31 03:00:00,17.6,73,12.6,5.4,13.0,0.0,850.9,0.0,65,,0.0,,2,chuk_rwanda
2022-10-31 04:00:00,16.5,76,12.4,4.4,10.8,0.0,850.8,0.0,96,,0.0,,3,chuk_rwanda
2022-10-31 05:00:00,15.7,79,12.0,3.6,8.3,0.0,851.3,0.0,99,,0.0,,3,chuk_rwanda
2022-10-31 06:00:00,14.9,81,11.8,4.8,8.3,0.0,851.6,6.0,98,,0.0,,3,chuk_rwanda
2022-10-31 07:00:00,18.2,71,12.8,3.6,11.2,0.0,854.0,148.0,39,,0.08,,1,chuk_rwanda
2022-10-31 08:00:00,21.8,55,12.4,1.1,10.1,0.0,856.0,402.0,15,,0.25,,0,chuk_rwanda
2022-10-31 09:00:00,24.3,45,11.6,1.6,11.5,0.0,856.8,641.0,29,,0.43,,1,chuk_rwanda
2022-10-31 10:00:00,26.0,40,11.4,6.2,19.1,0.0,856.9,823.0,34,,0.59,,1,chuk_rwanda
2022-10-31 11:00:00,27.0,38,11.6,9.0,24.8,0.0,856.4,776.0,100,,0.59,,3,chuk_rwanda
2022-10-31 12:00:00,27.9,36,11.4,8.7,25.6,0.0,855.7,857.0,100,,0.66,,3,chuk_rwanda
2022-10-31 13:00:00,29.0,34,11.4,8.2,24.8,0.0,854.6,922.0,100,,0.71,,3,chuk_rwanda
2022-10-31 14:00:00,28.7,36,12.2,8.5,24.5,0.0,854.1,852.0,100,,0.65,,3,chuk_rwanda
2022-10-31 15:00:00,28.0,36,11.6,9.7,24.8,0.0,853.1,598.0,100,,0.48,,3,chuk_rwanda
2022-10-31 16:00:00,27.6,37,11.4,11.4,25.9,0.0,853.1,449.0,100,,0.38,,3,chuk_rwanda
2022-10-31 17:00:00,24.8,48,12.9,14.7,35.3,0.1,853.3,208.0,100,,0.22,,51,chuk_rwanda
2022-10-31 18:00:00,23.4,57,14.4,5.9,31.7,0.0,853.6,36.0,100,,0.05,,3,chuk_rwanda
2022-10-31 19:00:00,22.1,60,14.0,8.0,16.2,0.0,853.8,0.0,97,,0.03,,3,chuk_rwanda
2022-10-31 20:00:00,21.2,64,14.2,6.1,18.7,0.0,854.3,0.0,99,,0.02,,3,chuk_rwanda
2022-10-31 21:00:00,20.2,69,14.4,5.8,13.3,0.0,854.7,0.0,91,,0.01,,3,chuk_rwanda
2022-10-31 22:00:00,19.3,73,14.3,8.7,16.2,0.0,854.4,0.0,97,,0.02,,3,chuk_rwanda
2022-10-31 23:00:00,18.6,75,14.1,10.7,22.0,0.0,853.6,0.0,76,,0.02,,2,chuk_rwanda
2022-11-01 00:00:00,17.9,78,14.1,9.7,21.6,0.0,852.3,0.0,37,,0.01,,1,chuk_rwanda
2022-11-01 01:00:00,17.5,79,13.9,10.3,20.5,0.0,851.9,0.0,3,,0.01,,0,chuk_rwanda
2022-11-01 02:00:00,17.2,77,13.2,9.7,20.2,0.0,850.8,0.0,0,,0.01,,0,chuk_rwanda
2022-11-01 03:00:00,16.4,81,13.2,7.3,18.4,0.0,850.4,0.0,58,,0.0,,2,chuk_rwanda
2022-11-01 04:00:00,15.9,84,13.2,2.1,13.3,0.0,851.6,0.0,100,,0.0,,3,chuk_rwanda
2022-11-01 05:00:00,15.4,87,13.4,0.4,9.0,0.0,852.3,0.0,100,,0.0,,3,chuk_rwanda
2022-11-01 06:00:00,14.9,89,13.1,7.2,12.6,0.0,852.6,5.0,100,,0.01,,3,chuk_rwanda
2022-11-01 07:00:00,18.4,76,14.0,4.3,14.0,0.0,855.1,147.0,3,,0.08,,0,chuk_rwanda
2022-11-01 08:00:00,21.5,64,14.5,0.4,11.9,0.0,856.9,402.0,0,,0.25,,0,chuk_rwanda
2022-11-01 09:00:00,24.4,52,14.0,1.6,11.2,0.0,857.6,643.0,0,,0.44,,0,chuk_rwanda
2022-11-01 10:00:00,25.9,44,12.6,9.4,24.8,0.1,857.8,772.0,25,,0.56,,51,chuk_rwanda
2022-11-01 11:00:00,26.9,39,11.8,10.6,27.7,0.0,857.4,785.0,40,,0.6,,1,chuk_rwanda
2022-11-01 12:00:00,27.7,38,11.9,10.5,28.1,0.0,856.4,825.0,32,,0.64,,1,chuk_rwanda
2022-11-01 13:00:00,28.6,36,11.9,10.5,28.8,0.0,855.2,860.0,19,,0.67,,0,chuk_rwanda
2022-11-01 14:00:00,27.0,40,12.1,16.4,31.0,0.0,854.3,737.0,19,,0.58,,0,chuk_rwanda
2022-11-01 15:00:00,27.1,40,12.2,12.3,37.4,0.0,853.7,714.0,33,,0.55,,1,chuk_rwanda
2022-11-01 16:00:00,26.8,40,12.2,11.0,29.9,0.0,853.4,499.0,78,,0.39,,2,chuk_rwanda
2022-11-01 17:00:00,25.9,42,11.9,7.5,25.6,0.0,853.5,230.0,98,,0.2,,3,chuk_rwanda
2022-11-01 18:00:00,23.5,51,12.6,7.9,18.0,0.0,853.6,33.0,100,,0.07,,3,chuk_rwanda
2022-11-01 19:00:00,22.3,58,13.8,6.4,17.6,0.0,854.5,0.0,100,,0.03,,3,chuk_rwanda
2022-11-01 20:00:00,21.6,65,14.7,5.9,14.8,0.0,855.4,0.0,100,,0.02,,3,chuk_rwanda
2022-11-01 21:00:00,20.7,69,14.9,7.0,14.0,0.0,855.2,0.0,99,,0.02,,3,chuk_rwanda
2022-11-01 22:00:00,19.5,73,14.6,9.0,18.4,0.0,855.0,0.0,100,,0.02,,3,chuk_rwanda
2022-11-01 23:00:00,19.1,75,14.6,10.0,20.9,0.0,854.3,0.0,100,,0.02,,3,chuk_rwanda
2022-11-02 00:00:00,18.6,77,14.4,7.7,21.2,0.0,853.5,0.0,100,,0.01,,3,chuk_rwanda
2022-11-02 01:00:00,17.9,80,14.3,7.6,15.5,0.0,852.8,0.0,100,,0.0,,3,chuk_rwanda
2022-11-02 02:00:00,17.1,81,13.8,7.6,15.1,0.0,851.6,0.0,96,,0.0,,3,chuk_rwanda
2022-11-02 03:00:00,17.1,81,13.8,4.7,15.1,0.0,851.6,0.0,95,,0.0,,3,chuk_rwanda
2022-11-02 04:00:00,16.8,87,14.7,0.4,9.7,0.0,852.2,0.0,88,,0.0,,3,chuk_rwanda
2022-11-02 05:00:00,16.2,86,13.9,3.6,6.5,0.0,853.1,0.0,97,,0.0,,3,chuk_rwanda
2022-11-02 06:00:00,16.1,88,14.1,3.2,5.8,0.0,853.9,5.0,100,,0.0,,3,chuk_rwanda
2022-11-02 07:00:00,17.9,81,14.5,3.1,9.0,0.0,855.4,98.0,100,,0.06,,3,chuk_rwanda
2022-11-02 08:00:00,20.4,70,14.6,1.8,10.1,0.0,857.0,316.0,100,,0.2,,3,chuk_rwanda
2022-11-02 09:00:00,23.0,56,13.9,4.9,16.2,0.1,857.8,609.0,100,,0.41,,51,chuk_rwanda
2022-11-02 10:00:00,22.5,57,13.6,15.1,34.6,0.5,857.7,658.0,100,,0.45,,53,chuk_rwanda
2022-11-02 11:00:00,22.4,65,15.6,4.1,37.8,1.1,856.6,490.0,98,,0.35,,55,chuk_rwanda
2022-11-02 12:00:00,24.3,59,15.7,11.8,31.0,0.1,855.7,716.0,19,,0.51,,51,chuk_rwanda
2022-11-02 13:00:00,25.9,49,14.4,12.1,33.5,0.2,855.0,893.0,54,,0.64,,51,chuk_rwanda
2022-11-02 14:00:00,24.3,54,14.4,13.4,41.4,1.2,854.4,631.0,99,,0.46,,55,chuk_rwanda
2022-11-02 15:00:00,23.5,55,13.8,13.1,34.2,0.0,853.6,359.0,100,,0.3,,3,chuk_rwanda
2022-11-02 16:00:00,23.4,57,14.4,8.9,31.7,0.0,853.4,395.0,100,,0.29,,3,chuk_rwanda
2022-11-02 17:00:00,22.6,62,14.9,7.1,22.0,0.0,853.4,113.0,100,,0.11,,3,chuk_rwanda
2022-11-02 18:00:00,21.4,68,15.2,6.1,16.2,0.0,853.5,25.0,100,,0.04,,3,chuk_rwanda
2022-11-02 19:00:00,21.0,71,15.6,4.3,12.2,0.0,854.0,0.0,100,,0.0,,3,chuk_rwanda
2022-11-02 20:00:00,20.3,76,15.9,2.8,9.0,0.0,854.2,0.0,100,,0.0,,3,chuk_rwanda
2022-11-02 21:00:00,19.6,79,15.8,2.9,5.8,0.0,854.6,0.0,100,,0.0,,3,chuk_rwanda
2022-11-02 22:00:00,19.3,79,15.6,4.3,7.2,0.0,854.7,0.0,100,,0.0,,3,chuk_rwanda
2022-11-02 23:00:00,19.1,79,15.4,6.0,11.9,0.0,854.3,0.0,100,,0.0,,3,chuk_rwanda
2022-11-03 00:00:00,19.0,78,15.1,6.6,13.7,0.0,853.4,0.0,100,,0.0,,3,chuk_rwanda
2022-11-03 01:00:00,17.6,82,14.4,7.6,14.4,0.0,852.1,0.0,100,,0.0,,3,chuk_rwanda
2022-11-03 02:00:00,17.5,86,15.1,6.9,15.1,0.0,851.8,0.0,100,,0.0,,3,chuk_rwanda
2022-11-03 03:00:00,17.5,84,14.9,5.2,13.7,0.0,851.3,0.0,100,,0.0,,3,chuk_rwanda
2022-11-03 04:00:00,17.4,84,14.6,4.5,10.4,0.0,851.7,0.0,100,,0.0,,3,chuk_rwanda
2022-11-03 05:00:00,17.0,85,14.6,3.6,8.3,0.0,852.4,0.0,100,,0.0,,3,chuk_rwanda
2022-11-03 06:00:00,17.0,85,14.6,3.6,7.2,0.0,852.9,3.0,100,,0.01,,3,chuk_rwanda
2022-11-03 07:00:00,18.4,81,15.1,4.1,10.4,0.0,854.2,74.0,100,,0.06,,3,chuk_rwanda
2022-11-03 08:00:00,21.5,65,14.6,2.8,11.9,0.0,855.7,308.0,99,,0.2,,3,chuk_rwanda
2022-11-03 09:00:00,23.8,54,13.9,4.8,16.6,0.0,856.5,571.0,100,,0.4,,3,chuk_rwanda
2022-11-03 10:00:00,25.3,47,13.1,9.7,26.3,0.1,856.5,794.0,88,,0.57,,51,chuk_rwanda
2022-11-03 11:00:00,25.8,47,13.8,10.0,27.4,0.1,856.4,702.0,100,,0.53,,51,chuk_rwanda
2022-11-03 12:00:00,25.8,47,13.6,5.8,27.0,0.0,854.8,379.0,100,,0.32,,3,chuk_rwanda
2022-11-03 13:00:00,21.9,68,15.7,16.6,43.9,0.8,853.8,532.0,100,,0.36,,53,chuk_rwanda
2022-11-03 14:00:00,18.1,88,16.1,10.0,37.8,1.0,852.9,563.0,84,,0.33,,55,chuk_rwanda
2022-11-03 15:00:00,20.1,81,16.8,4.0,19.8,0.4,853.1,217.0,100,,0.16,,51,chuk_rwanda
2022-11-03 16:00:00,20.1,78,16.2,4.7,19.4,1.3,853.2,204.0,100,,0.15,,61,chuk_rwanda
2022-11-03 17:00:00,20.0,80,16.5,3.6,15.8,1.5,853.0,136.0,100,,0.09,,61,chuk_rwanda
2022-11-03 18:00:00,18.4,91,17.0,4.0,10.4,0.1,852.8,25.0,100,,0.02,,51,chuk_rwanda
2022-11-03 19:00:00,17.8,93,16.7,4.3,8.6,0.0,853.3,0.0,100,,0.0,,3,chuk_rwanda
2022-11-03 20:00:00,17.7,94,16.6,4.0,9.0,0.0,853.7,0.0,100,,0.0,,3,chuk_rwanda
2022-11-03 21:00:00,17.7,93,16.5,4.6,9.4,0.0,854.4,0.0,100,,0.0,,3,chuk_rwanda
2022-11-03 22:00:00,18.5,88,16.4,7.7,15.5,0.0,854.6,0.0,100,,0.0,,3,chuk_rwanda
2022-11-03 23:00:00,18.4,86,16.0,8.7,17.6,0.0,853.9,0.0,100,,0.0,,3,chuk_rwanda
2022-11-04 00:00:00,17.5,88,15.5,6.4,18.0,0.0,852.7,0.0,100,,0.0,,3,chuk_rwanda
2022-11-04 01:00:00,17.6,86,15.2,6.8,15.5,0.0,852.1,0.0,55,,0.0,,2,chuk_rwanda
2022-11-04 02:00:00,16.1,94,15.1,3.5,14.4,0.0,851.6,0.0,90,,0.0,,3,chuk_rwanda
2022-11-04 03:00:00,15.6,96,15.0,2.9,8.6,0.0,851.3,0.0,60,,0.0,,2,chuk_rwanda
2022-11-04 04:00:00,15.2,97,14.8,2.9,7.6,0.0,851.6,0.0,100,,0.0,,3,chuk_rwanda
2022-11-04 05:00:00,14.8,98,14.5,2.3,7.6,0.0,852.1,0.0,99,,0.0,,3,chuk_rwanda
2022-11-04 06:00:00,14.4,100,14.4,2.8,6.5,0.0,852.5,5.0,100,,0.0,,3,chuk_rwanda
2022-11-04 07:00:00,17.5,88,15.4,3.3,11.2,0.0,854.7,105.0,67,,0.06,,2,chuk_rwanda
2022-11-04 08:00:00,20.4,75,15.8,1.1,10.8,0.0,856.4,344.0,56,,0.22,,2,chuk_rwanda
2022-11-04 09:00:00,23.0,61,15.1,0.8,16.6,0.0,856.9,607.0,83,,0.41,,3,chuk_rwanda
2022-11-04 10:00:00,25.0,48,13.3,7.7,21.6,0.0,857.0,806.0,88,,0.57,,3,chuk_rwanda
2022-11-04 11:00:00,25.6,44,12.6,10.8,27.0,0.0,856.6,720.0,31,,0.54,,1,chuk_rwanda
2022-11-04 12:00:00,26.9,40,12.3,11.9,30.2,0.0,855.6,936.0,34,,0.69,,1,chuk_rwanda
2022-11-04 13:00:00,27.1,40,12.2,12.8,31.3,0.0,854.4,868.0,83,,0.66,,3,chuk_rwanda
2022-11-04 14:00:00,23.8,53,13.6,9.1,31.7,0.1,853.9,729.0,96,,0.51,,51,chuk_rwanda
2022-11-04 15:00:00,23.1,54,13.2,15.2,32.8,0.1,853.4,382.0,98,,0.31,,51,chuk_rwanda
2022-11-04 16:00:00,21.5,70,15.8,9.1,35.6,0.8,853.2,294.0,98,,0.21,,53,chuk_rwanda
2022-11-04 17:00:00,21.1,68,15.1,6.3,21.2,0.1,853.2,104.0,100,,0.1,,51,chuk_rwanda
2022-11-04 18:00:00,20.2,73,15.1,5.0,14.0,0.0,853.5,24.0,100,,0.03,,3,chuk_rwanda
2022-11-04 19:00:00,19.3,80,15.7,5.6,11.5,0.0,853.6,0.0,100,,0.0,,3,chuk_rwanda
2022-11-04 20:00:00,18.4,86,15.9,6.3,11.9,0.0,854.1,0.0,100,,0.0,,3,chuk_rwanda
2022-11-04 21:00:00,18.4,87,16.2,7.1,14.0,0.0,854.6,0.0,100,,0.0,,3,chuk_rwanda
2022-11-04 22:00:00,17.8,90,16.1,9.0,18.0,0.0,854.3,0.0,100,,0.0,,3,chuk_rwanda
2022-11-04 23:00:00,17.5,90,15.9,7.6,18.0,0.0,853.7,0.0,100,,0.0,,3,chuk_rwanda
2022-11-05 00:00:00,17.2,90,15.6,6.4,15.1,0.0,852.9,0.0,100,,0.0,,3,chuk_rwanda
2022-11-05 01:00:00,17.0,89,15.3,6.1,13.0,0.0,852.1,0.0,100,,0.0,,3,chuk_rwanda
2022-11-05 02:00:00,16.1,93,15.0,4.8,13.7,0.0,851.2,0.0,100,,0.0,,3,chuk_rwanda
2022-11-05 03:00:00,16.2,92,14.9,5.7,10.8,0.0,850.9,0.0,100,,0.0,,3,chuk_rwanda
2022-11-05 04:00:00,16.5,91,15.0,4.7,11.2,0.0,851.6,0.0,100,,0.0,,3,chuk_rwanda
2022-11-05 05:00:00,16.8,90,15.1,2.5,8.6,0.0,852.7,0.0,100,,0.0,,3,chuk_rwanda
2022-11-05 06:00:00,16.9,89,15.0,2.8,5.8,0.0,853.1,3.0,100,,0.01,,3,chuk_rwanda
2022-11-05 07:00:00,18.5,81,15.2,1.1,6.1,0.0,854.7,101.0,100,,0.06,,3,chuk_rwanda
2022-11-05 08:00:00,21.3,68,15.1,1.1,9.0,0.0,856.5,360.0,92,,0.23,,3,chuk_rwanda
2022-11-05 09:00:00,23.6,54,13.6,2.7,12.6,0.0,857.1,549.0,97,,0.38,,3,chuk_rwanda
2022-11-05 10:00:00,25.6,44,12.6,8.8,23.0,0.0,857.1,758.0,76,,0.55,,2,chuk_rwanda
2022-11-05 11:00:00,24.9,46,12.4,12.2,29.2,0.0,856.6,540.0,94,,0.43,,3,chuk_rwanda
2022-11-05 12:00:00,25.6,45,12.9,11.3,29.2,0.0,855.4,688.0,38,,0.52,,1,chuk_rwanda
2022-11-05 13:00:00,26.1,44,12.9,10.8,28.4,0.0,854.3,745.0,70,,0.56,,2,chuk_rwanda
2022-11-05 14:00:00,25.9,42,12.1,8.9,31.7,0.0,853.7,798.0,87,,0.58,,3,chuk_rwanda
2022-11-05 15:00:00,25.9,42,12.1,9.6,24.8,0.0,853.4,489.0,97,,0.39,,3,chuk_rwanda
2022-11-05 16:00:00,23.7,50,12.8,13.1,28.4,0.0,853.0,199.0,100,,0.22,,3,chuk_rwanda
2022-11-05 17:00:00,19.7,76,15.4,16.2,38.9,0.6,853.3,135.0,100,,0.11,,53,chuk_rwanda
2022-11-05 18:00:00,18.4,86,15.9,10.5,33.8,0.7,853.7,19.0,100,,0.03,,53,chuk_rwanda
2022-11-05 19:00:00,18.6,86,16.2,7.6,21.6,0.0,854.5,0.0,100,,0.0,,3,chuk_rwanda
2022-11-05 20:00:00,18.6,87,16.4,4.0,15.1,0.0,855.2,0.0,100,,0.0,,3,chuk_rwanda
2022-11-05 21:00:00,18.4,89,16.5,4.0,10.4,0.0,855.6,0.0,100,,0.0,,3,chuk_rwanda
2022-11-05 22:00:00,17.9,93,16.6,4.4,10.1,0.0,855.3,0.0,100,,0.0,,3,chuk_rwanda
2022-11-05 23:00:00,17.9,93,16.7,3.9,10.1,0.0,855.0,0.0,100,,0.0,,3,chuk_rwanda
2022-11-06 00:00:00,17.9,92,16.5,4.5,9.7,0.0,854.2,0.0,100,,0.0,,3,chuk_rwanda
2022-11-06 01:00:00,17.5,91,16.0,5.8,12.6,0.0,853.5,0.0,100,,0.0,,3,chuk_rwanda
2022-11-06 02:00:00,17.8,93,16.6,3.9,13.0,0.0,853.4,0.0,89,,0.0,,3,chuk_rwanda
2022-11-06 03:00:00,17.4,93,16.3,2.7,6.5,0.0,853.0,0.0,100,,0.0,,3,chuk_rwanda
2022-11-06 04:00:00,17.5,92,16.1,4.7,10.1,0.0,852.9,0.0,100,,0.0,,3,chuk_rwanda
2022-11-06 05:00:00,17.5,91,16.0,4.3,10.8,0.0,853.3,0.0,100,,0.0,,3,chuk_rwanda
2022-11-06 06:00:00,17.4,93,16.1,3.1,9.4,0.0,853.9,1.0,100,,0.02,,3,chuk_rwanda
2022-11-06 07:00:00,18.1,90,16.5,2.2,6.1,0.0,855.2,34.0,100,,0.03,,3,chuk_rwanda
2022-11-06 08:00:00,19.5,83,16.5,1.0,7.6,0.0,856.9,149.0,91,,0.11,,3,chuk_rwanda
2022-11-06 09:00:00,22.2,67,15.8,3.3,14.0,0.0,857.8,483.0,60,,0.33,,2,chuk_rwanda
2022-11-06 10:00:00,24.5,52,14.0,6.0,19.4,0.2,858.3,770.0,100,,0.54,,51,chuk_rwanda
2022-11-06 11:00:00,25.5,52,14.9,6.8,23.0,0.4,857.8,798.0,100,,0.57,,51,chuk_rwanda
2022-11-06 12:00:00,24.5,54,14.6,14.9,33.5,1.6,856.5,663.0,100,,0.49,,61,chuk_rwanda
2022-11-06 13:00:00,21.1,74,16.2,8.8,38.9,1.5,854.7,280.0,100,,0.21,,61,chuk_rwanda
2022-11-06 14:00:00,22.6,58,14.1,13.9,22.7,0.0,855.4,766.0,91,,0.51,,3,chuk_rwanda
2022-11-06 15:00:00,20.5,71,15.1,13.2,33.8,0.0,854.8,186.0,100,,0.16,,3,chuk_rwanda
2022-11-06 16:00:00,20.5,70,14.8,8.2,29.2,0.0,854.3,163.0,100,,0.14,,3,chuk_rwanda
2022-11-06 17:00:00,20.4,69,14.5,7.0,20.2,0.0,854.4,103.0,100,,0.1,,3,chuk_rwanda
2022-11-06 18:00:00,20.0,73,15.1,3.3,15.8,0.0,855.1,12.0,100,,0.03,,3,chuk_rwanda
2022-11-06 19:00:00,19.6,76,15.4,4.3,8.6,0.0,855.3,0.0,90,,0.0,,3,chuk_rwanda
2022-11-06 20:00:00,18.5,83,15.6,3.5,8.6,0.0,855.6,0.0,88,,0.0,,3,chuk_rwanda
2022-11-06 21:00:00,17.7,88,15.7,3.1,6.8,0.0,855.8,0.0,100,,0.0,,3,chuk_rwanda
2022-11-06 22:00:00,17.0,91,15.6,5.2,9.7,0.0,855.4,0.0,68,,0.0,,2,chuk_rwanda
2022-11-06 23:00:00,16.4,93,15.2,5.8,10.4,0.0,855.1,0.0,100,,0.0,,3,chuk_rwanda
2022-11-07 00:00:00,15.8,94,14.8,7.5,13.3,0.0,853.8,0.0,76,,0.0,,2,chuk_rwanda
2022-11-07 01:00:00,15.4,94,14.4,7.4,14.8,0.0,853.1,0.0,98,,0.0,,3,chuk_rwanda
2022-11-07 02:00:00,15.5,90,13.9,6.4,14.4,0.0,852.6,0.0,97,,0.0,,3,chuk_rwanda
2022-11-07 03:00:00,15.8,86,13.5,8.7,16.9,0.0,852.5,0.0,100,,0.0,,3,chuk_rwanda
2022-11-07 04:00:00,15.6,85,13.1,8.4,17.6,0.0,852.2,0.0,100,,0.0,,3,chuk_rwanda
2022-11-07 05:00:00,15.4,86,13.0,6.3,16.2,0.0,852.5,0.0,35,,0.0,,1,chuk_rwanda
2022-11-07 06:00:00,14.7,89,12.9,7.0,11.9,0.0,852.9,6.0,100,,0.0,,3,chuk_rwanda
2022-11-07 07:00:00,17.5,79,13.9,4.0,14.0,0.0,855.1,123.0,100,,0.07,,3,chuk_rwanda
2022-11-07 08:00:00,20.9,65,14.1,0.8,10.1,0.0,857.6,294.0,100,,0.19,,3,chuk_rwanda
2022-11-07 09:00:00,22.9,54,13.1,7.1,19.4,0.0,858.4,450.0,100,,0.32,,3,chuk_rwanda
2022-11-07 10:00:00,23.5,51,12.7,12.3,29.2,0.0,858.4,497.0,100,,0.38,,3,chuk_rwanda
2022-11-07 11:00:00,24.1,49,12.6,11.8,31.0,0.0,857.6,560.0,98,,0.43,,3,chuk_rwanda
2022-11-07 12:00:00,26.1,43,12.4,10.1,29.5,0.0,857.0,886.0,30,,0.65,,1,chuk_rwanda
2022-11-07 13:00:00,27.2,41,12.9,10.4,27.7,0.0,855.8,932.0,60,,0.69,,2,chuk_rwanda
2022-11-07 14:00:00,25.2,46,12.7,14.3,28.8,0.0,855.1,831.0,92,,0.6,,3,chuk_rwanda
2022-11-07 15:00:00,25.2,46,12.8,14.8,35.3,0.0,854.6,588.0,83,,0.45,,3,chuk_rwanda
2022-11-07 16:00:00,23.6,52,13.3,11.5,34.6,0.0,854.2,401.0,98,,0.31,,3,chuk_rwanda
2022-11-07 17:00:00,23.0,57,14.0,5.9,26.3,0.0,854.2,147.0,100,,0.13,,3,chuk_rwanda
2022-11-07 18:00:00,21.4,67,14.9,4.0,13.0,0.0,853.9,32.0,100,,0.03,,3,chuk_rwanda
2022-11-07 19:00:00,20.5,72,15.4,3.1,7.9,0.0,854.3,0.0,100,,0.0,,3,chuk_rwanda
2022-11-07 20:00:00,19.7,75,15.1,2.9,6.5,0.0,854.9,0.0,100,,0.0,,3,chuk_rwanda
2022-11-07 21:00:00,18.8,75,14.1,4.0,7.6,0.0,855.3,0.0,95,,0.0,,3,chuk_rwanda
2022-11-07 22:00:00,17.2,81,13.9,6.3,11.5,0.0,854.9,0.0,91,,0.0,,3,chuk_rwanda
2022-11-07 23:00:00,16.2,84,13.6,8.1,14.8,0.0,854.1,0.0,99,,0.0,,3,chuk_rwanda
2022-11-08 00:00:00,15.8,85,13.4,8.2,15.8,0.0,853.4,0.0,100,,0.0,,3,chuk_rwanda
2022-11-08 01:00:00,15.6,85,13.1,8.0,15.5,0.0,852.8,0.0,100,,0.0,,3,chuk_rwanda
2022-11-08 02:00:00,14.9,86,12.6,8.2,15.1,0.0,851.8,0.0,100,,0.0,,3,chuk_rwanda
2022-11-08 03:00:00,14.9,84,12.2,8.0,15.5,0.0,851.6,0.0,100,,0.0,,3,chuk_rwanda
2022-11-08 04:00:00,15.3,82,12.2,7.1,15.8,0.0,852.1,0.0,97,,0.0,,3,chuk_rwanda
2022-11-08 05:00:00,14.9,83,11.9,8.1,15.1,0.0,852.3,0.0,97,,0.0,,3,chuk_rwanda
2022-11-08 06:00:00,14.8,83,12.0,9.0,16.9,0.0,852.6,6.0,95,,0.01,,3,chuk_rwanda
2022-11-08 07:00:00,17.9,75,13.4,6.4,18.0,0.0,854.6,145.0,96,,0.08,,3,chuk_rwanda
2022-11-08 08:00:00,22.0,63,14.5,1.8,14.0,0.0,857.1,393.0,99,,0.25,,3,chuk_rwanda
2022-11-08 09:00:00,24.4,52,13.8,3.1,16.9,0.0,858.0,632.0,100,,0.43,,3,chuk_rwanda
2022-11-08 10:00:00,25.5,44,12.6,10.2,25.9,0.0,857.7,751.0,43,,0.55,,1,chuk_rwanda
2022-11-08 11:00:00,26.6,40,11.9,12.0,29.9,0.2,857.2,849.0,58,,0.63,,51,chuk_rwanda
2022-11-08 12:00:00,26.8,40,12.1,12.4,31.0,0.2,856.0,750.0,100,,0.58,,51,chuk_rwanda
2022-11-08 13:00:00,27.0,42,12.8,13.1,33.1,0.1,855.0,678.0,99,,0.54,,51,chuk_rwanda
2022-11-08 14:00:00,23.8,57,14.6,13.5,33.8,0.3,854.4,443.0,99,,0.35,,51,chuk_rwanda
2022-11-08 15:00:00,24.0,53,13.7,13.4,32.4,0.1,854.1,455.0,62,,0.36,,51,chuk_rwanda
2022-11-08 16:00:00,22.4,57,13.6,10.0,31.7,0.5,854.1,375.0,94,,0.27,,53,chuk_rwanda
2022-11-08 17:00:00,21.7,63,14.3,3.5,21.6,0.0,853.8,149.0,100,,0.11,,3,chuk_rwanda
2022-11-08 18:00:00,20.1,73,15.2,3.0,7.2,0.0,853.6,37.0,99,,0.02,,3,chuk_rwanda
2022-11-08 19:00:00,18.6,81,15.4,5.5,6.5,0.0,853.6,0.0,100,,0.0,,3,chuk_rwanda
2022-11-08 20:00:00,17.6,87,15.4,4.8,8.6,0.0,854.1,0.0,100,,0.0,,3,chuk_rwanda
2022-11-08 21:00:00,17.2,91,15.8,4.6,9.7,0.0,854.5,0.0,100,,0.0,,3,chuk_rwanda
2022-11-08 22:00:00,17.3,92,16.0,4.0,9.4,0.0,854.8,0.0,90,,0.0,,3,chuk_rwanda
2022-11-08 23:00:00,16.4,95,15.6,5.4,9.7,0.0,854.0,0.0,100,,0.0,,3,chuk_rwanda
2022-11-09 00:00:00,16.0,95,15.2,6.4,13.0,0.0,853.0,0.0,100,,0.0,,3,chuk_rwanda
2022-11-09 01:00:00,15.7,94,14.8,6.4,13.0,0.0,852.3,0.0,96,,0.0,,3,chuk_rwanda
2022-11-09 02:00:00,14.4,97,13.9,5.4,12.6,0.0,851.7,0.0,64,,0.0,,2,chuk_rwanda
2022-11-09 03:00:00,14.3,96,13.8,4.1,9.7,0.0,851.7,0.0,72,,0.0,,2,chuk_rwanda
2022-11-09 04:00:00,14.8,95,14.0,5.3,11.2,0.0,852.0,0.0,100,,0.0,,3,chuk_rwanda
2022-11-09 05:00:00,15.4,92,14.1,5.5,11.2,0.0,852.5,0.0,100,,0.0,,3,chuk_rwanda
2022-11-09 06:00:00,15.4,92,14.1,6.4,11.5,0.0,852.8,5.0,100,,0.0,,3,chuk_rwanda
2022-11-09 07:00:00,17.4,85,14.9,6.0,13.7,0.0,854.4,85.0,100,,0.06,,3,chuk_rwanda
2022-11-09 08:00:00,20.4,73,15.4,3.8,13.3,0.0,856.3,263.0,100,,0.17,,3,chuk_rwanda
2022-11-09 09:00:00,23.0,60,14.9,0.7,12.2,0.0,857.0,528.0,100,,0.36,,3,chuk_rwanda
2022-11-09 10:00:00,24.4,51,13.7,4.5,15.1,0.0,857.0,644.0,100,,0.46,,3,chuk_rwanda
2022-11-09 11:00:00,25.0,47,12.9,5.8,17.3,0.0,856.4,585.0,100,,0.44,,3,chuk_rwanda
2022-11-09 12:00:00,26.0,44,12.8,6.5,20.2,0.0,855.8,663.0,100,,0.5,,3,chuk_rwanda
2022-11-09 13:00:00,26.8,42,12.8,8.0,22.3,0.0,854.7,702.0,100,,0.54,,3,chuk_rwanda
2022-11-09 14:00:00,26.0,47,13.9,7.6,21.6,0.0,853.9,645.0,100,,0.49,,3,chuk_rwanda
2022-11-09 15:00:00,25.3,48,13.4,7.1,21.2,0.0,853.0,376.0,100,,0.31,,3,chuk_rwanda
2022-11-09 16:00:00,24.4,52,13.9,6.6,18.7,0.0,852.3,184.0,100,,0.18,,3,chuk_rwanda
2022-11-09 17:00:00,23.0,56,13.9,8.2,20.9,0.3,852.5,120.0,100,,0.13,,51,chuk_rwanda
2022-11-09 18:00:00,19.3,80,15.7,3.1,22.3,2.1,852.9,21.0,100,,0.02,,61,chuk_rwanda
2022-11-09 19:00:00,18.5,87,16.2,8.0,16.2,0.1,853.3,0.0,100,,0.0,,51,chuk_rwanda
2022-11-09 20:00:00,18.4,88,16.2,8.7,17.6,0.0,854.4,0.0,100,,0.0,,3,chuk_rwanda
2022-11-09 21:00:00,17.7,91,16.1,5.5,23.4,0.0,854.8,0.0,100,,0.0,,3,chuk_rwanda
2022-11-09 22:00:00,17.6,92,16.2,3.9,9.0,0.1,855.2,0.0,100,,0.0,,51,chuk_rwanda
2022-11-09 23:00:00,17.0,94,16.0,3.8,8.6,0.1,854.3,0.0,100,,0.0,,51,chuk_rwanda
2022-11-10 00:00:00,16.3,95,15.4,4.3,10.1,0.0,853.1,0.0,100,,0.0,,3,chuk_rwanda
2022-11-10 01:00:00,16.4,94,15.4,5.0,11.5,0.0,852.1,0.0,100,,0.0,,3,chuk_rwanda
2022-11-10 02:00:00,17.0,94,16.1,4.7,11.2,0.0,852.2,0.0,100,,0.0,,3,chuk_rwanda
2022-11-10 03:00:00,17.1,91,15.6,3.3,8.3,0.0,852.1,0.0,100,,0.0,,3,chuk_rwanda
2022-11-10 04:00:00,16.7,92,15.4,3.1,5.8,0.0,852.2,0.0,100,,0.0,,3,chuk_rwanda
2022-11-10 05:00:00,14.8,97,14.4,4.7,7.9,0.0,851.7,0.0,100,,0.0,,3,chuk_rwanda
2022-11-10 06:00:00,16.0,95,15.2,5.5,10.8,0.0,852.5,3.0,100,,0.01,,3,chuk_rwanda
2022-11-10 07:00:00,17.2,87,15.1,9.3,18.7,0.0,853.3,44.0,100,,0.05,,3,chuk_rwanda
2022-11-10 08:00:00,20.4,68,14.2,11.0,24.5,0.0,855.2,310.0,100,,0.21,,3,chuk_rwanda
2022-11-10 09:00:00,21.6,59,13.3,8.1,26.3,0.0,855.7,292.0,100,,0.23,,3,chuk_rwanda
2022-11-10 10:00:00,23.1,52,12.6,6.3,19.8,0.0,855.6,344.0,100,,0.28,,3,chuk_rwanda
2022-11-10 11:00:00,23.7,48,11.9,8.1,20.5,0.2,855.6,425.0,100,,0.34,,51,chuk_rwanda
2022-11-10 12:00:00,24.9,45,12.0,9.6,23.8,0.0,855.1,548.0,93,,0.43,,3,chuk_rwanda
2022-11-10 13:00:00,25.8,43,12.3,11.4,28.4,0.0,854.2,704.0,96,,0.54,,3,chuk_rwanda
2022-11-10 14:00:00,24.9,46,12.5,15.5,29.2,0.0,854.1,773.0,100,,0.56,,3,chuk_rwanda
2022-11-10 15:00:00,22.2,58,13.5,17.7,36.7,0.4,853.5,342.0,100,,0.28,,51,chuk_rwanda
2022-11-10 16:00:00,19.8,79,16.0,8.9,40.3,0.8,853.1,170.0,100,,0.13,,53,chuk_rwanda
2022-11-10 17:00:00,19.9,79,16.1,9.5,20.9,0.0,853.2,136.0,100,,0.1,,3,chuk_rwanda
2022-11-10 18:00:00,18.2,86,15.8,4.8,21.2,0.0,853.2,40.0,100,,0.02,,3,chuk_rwanda
2022-11-10 19:00:00,17.5,89,15.6,4.8,11.2,0.0,853.5,0.0,100,,0.0,,3,chuk_rwanda
2022-11-10 20:00:00,17.2,91,15.7,4.2,10.4,0.0,853.9,0.0,100,,0.0,,3,chuk_rwanda
2022-11-10 21:00:00,16.0,94,15.1,4.4,9.0,0.0,853.9,0.0,100,,0.0,,3,chuk_rwanda
2022-11-10 22:00:00,16.1,95,15.2,4.3,9.7,0.0,854.3,0.0,100,,0.0,,3,chuk_rwanda
2022-11-10 23:00:00,15.1,96,14.5,5.4,9.0,0.0,853.7,0.0,100,,0.0,,3,chuk_rwanda
2022-11-11 00:00:00,15.2,96,14.6,3.9,8.6,0.0,853.5,0.0,100,,0.0,,3,chuk_rwanda
2022-11-11 01:00:00,15.1,96,14.5,3.7,7.9,0.0,852.8,0.0,97,,0.0,,3,chuk_rwanda
2022-11-11 02:00:00,17.1,93,16.0,3.5,9.4,0.0,853.7,0.0,100,,0.0,,3,chuk_rwanda
2022-11-11 03:00:00,16.7,94,15.8,4.0,10.1,0.0,852.8,0.0,100,,0.0,,3,chuk_rwanda
2022-11-11 04:00:00,15.9,94,15.1,4.7,9.4,0.0,852.4,0.0,100,,0.0,,3,chuk_rwanda
2022-11-11 05:00:00,15.4,93,14.2,6.3,11.2,0.0,852.4,0.0,98,,0.0,,3,chuk_rwanda
2022-11-11 06:00:00,16.6,88,14.6,3.0,9.7,0.0,853.8,4.0,100,,0.0,,3,chuk_rwanda
2022-11-11 07:00:00,17.2,88,15.2,0.8,6.8,0.0,855.0,92.0,83,,0.05,,3,chuk_rwanda
2022-11-11 08:00:00,19.8,77,15.6,1.5,10.8,0.0,856.5,391.0,98,,0.24,,3,chuk_rwanda
2022-11-11 09:00:00,22.3,65,15.4,2.9,14.0,0.0,857.3,553.0,98,,0.37,,3,chuk_rwanda
2022-11-11 10:00:00,24.5,47,12.5,9.4,24.5,0.0,857.5,757.0,85,,0.54,,3,chuk_rwanda
2022-11-11 11:00:00,25.4,43,11.9,14.8,35.3,0.1,857.0,943.0,100,,0.67,,51,chuk_rwanda
2022-11-11 12:00:00,25.5,44,12.4,12.3,36.0,0.1,855.9,735.0,40,,0.55,,51,chuk_rwanda
2022-11-11 13:00:00,26.5,42,12.4,12.3,30.6,0.0,855.0,755.0,47,,0.58,,1,chuk_rwanda
2022-11-11 14:00:00,21.7,60,13.6,1.8,33.5,0.0,854.5,681.0,23,,0.46,,1,chuk_rwanda
2022-11-11 15:00:00,23.2,57,14.2,2.5,16.9,0.0,854.2,625.0,37,,0.43,,1,chuk_rwanda
2022-11-11 16:00:00,23.1,57,14.1,6.6,19.4,0.0,853.7,387.0,44,,0.28,,1,chuk_rwanda
2022-11-11 17:00:00,22.3,58,13.6,8.4,19.1,0.1,853.6,188.0,76,,0.15,,51,chuk_rwanda
2022-11-11 18:00:00,20.5,67,14.1,7.9,19.4,0.0,853.7,33.0,91,,0.05,,3,chuk_rwanda
2022-11-11 19:00:00,19.4,75,14.9,6.3,16.9,0.0,854.0,0.0,100,,0.01,,3,chuk_rwanda
2022-11-11 20:00:00,18.8,79,15.0,5.1,13.0,0.0,854.5,0.0,100,,0.0,,3,chuk_rwanda
2022-11-11 21:00:00,17.8,83,14.9,6.9,12.2,0.0,854.8,0.0,100,,0.0,,3,chuk_rwanda
2022-11-11 22:00:00,17.1,86,14.8,7.4,14.4,0.0,854.7,0.0,100,,0.0,,3,chuk_rwanda
2022-11-11 23:00:00,16.5,89,14.6,7.1,14.4,0.0,854.2,0.0,100,,0.0,,3,chuk_rwanda
2022-11-12 00:00:00,16.0,89,14.3,6.8,12.6,0.0,853.5,0.0,100,,0.0,,3,chuk_rwanda
2022-11-12 01:00:00,15.8,89,13.9,7.3,13.7,0.0,853.1,0.0,100,,0.0,,3,chuk_rwanda
2022-11-12 02:00:00,15.2,88,13.2,7.7,13.7,0.0,851.7,0.0,100,,0.0,,3,chuk_rwanda
2022-11-12 03:00:00,15.1,87,12.9,8.4,15.5,0.0,851.6,0.0,40,,0.0,,1,chuk_rwanda
2022-11-12 04:00:00,15.0,86,12.6,7.6,16.6,0.0,851.7,0.0,92,,0.0,,3,chuk_rwanda
2022-11-12 05:00:00,14.7,86,12.4,7.6,14.8,0.0,852.2,0.0,98,,0.0,,3,chuk_rwanda
2022-11-12 06:00:00,14.6,87,12.4,8.2,15.5,0.0,852.5,5.0,36,,0.01,,1,chuk_rwanda
2022-11-12 07:00:00,17.5,78,13.6,4.9,15.1,0.0,854.7,148.0,13,,0.08,,0,chuk_rwanda
2022-11-12 08:00:00,21.4,65,14.4,7.4,17.6,0.0,857.4,400.0,84,,0.26,,3,chuk_rwanda
2022-11-12 09:00:00,21.1,68,15.0,10.4,32.8,0.3,857.7,569.0,100,,0.36,,51,chuk_rwanda
2022-11-12 10:00:00,23.1,60,14.9,5.3,25.6,0.0,857.9,692.0,100,,0.47,,3,chuk_rwanda
2022-11-12 11:00:00,24.7,55,15.1,9.4,25.2,0.0,857.6,807.0,100,,0.57,,3,chuk_rwanda
2022-11-12 12:00:00,23.2,64,16.1,10.9,28.4,3.8,856.1,677.0,99,,0.47,,63,chuk_rwanda
2022-11-12 13:00:00,24.0,55,14.4,7.2,27.4,0.1,855.0,587.0,100,,0.43,,51,chuk_rwanda
2022-11-12 14:00:00,24.6,55,15.0,13.1,22.3,0.0,854.9,808.0,95,,0.56,,3,chuk_rwanda
2022-11-12 15:00:00,19.1,88,17.0,2.7,40.7,8.4,854.6,247.0,100,,0.17,,65,chuk_rwanda
2022-11-12 16:00:00,18.8,84,15.9,3.4,10.8,2.8,854.5,42.0,100,,0.05,,63,chuk_rwanda
2022-11-12 17:00:00,18.5,90,16.9,4.9,11.5,0.4,854.4,72.0,100,,0.06,,51,chuk_rwanda
2022-11-12 18:00:00,18.2,94,17.2,2.5,12.2,0.2,854.6,21.0,100,,0.02,,51,chuk_rwanda
2022-11-12 19:00:00,17.8,95,17.0,3.8,6.1,0.0,855.1,0.0,100,,0.0,,3,chuk_rwanda
2022-11-12 20:00:00,17.1,96,16.5,3.9,7.9,0.0,855.8,0.0,100,,0.0,,3,chuk_rwanda
2022-11-12 21:00:00,17.4,97,16.8,2.1,7.2,0.1,856.3,0.0,100,,0.0,,51,chuk_rwanda
2022-11-12 22:00:00,17.0,97,16.5,2.7,5.0,0.1,856.2,0.0,100,,0.0,,51,chuk_rwanda
2022-11-12 23:00:00,16.4,98,16.0,3.6,5.8,0.0,855.2,0.0,80,,0.0,,3,chuk_rwanda
2022-11-13 00:00:00,15.8,98,15.4,3.4,7.2,0.0,854.3,0.0,100,,0.0,,3,chuk_rwanda
2022-11-13 01:00:00,15.6,97,15.1,4.0,7.9,0.0,853.4,0.0,100,,0.0,,3,chuk_rwanda
2022-11-13 02:00:00,14.6,96,14.1,5.2,10.1,0.0,853.0,0.0,100,,0.0,,3,chuk_rwanda
2022-11-13 03:00:00,14.1,96,13.5,4.2,10.4,0.0,852.6,0.0,100,,0.0,,3,chuk_rwanda
2022-11-13 04:00:00,13.9,96,13.2,4.7,9.7,0.0,852.9,0.0,100,,0.0,,3,chuk_rwanda
2022-11-13 05:00:00,13.9,95,13.1,4.8,10.1,0.0,853.1,0.0,100,,0.0,,3,chuk_rwanda
2022-11-13 06:00:00,14.2,94,13.3,5.8,11.5,0.0,853.6,5.0,100,,0.0,,3,chuk_rwanda
2022-11-13 07:00:00,16.9,87,14.6,6.6,15.8,0.0,855.5,122.0,100,,0.07,,3,chuk_rwanda
2022-11-13 08:00:00,18.8,80,15.3,3.7,14.8,0.0,857.0,173.0,100,,0.12,,3,chuk_rwanda
2022-11-13 09:00:00,21.0,67,14.6,2.5,11.9,0.0,858.1,356.0,100,,0.25,,3,chuk_rwanda
2022-11-13 10:00:00,23.2,58,14.6,1.1,14.0,0.0,858.2,681.0,100,,0.47,,3,chuk_rwanda
2022-11-13 11:00:00,24.9,51,14.1,3.2,16.6,0.0,858.0,826.0,100,,0.59,,3,chuk_rwanda
2022-11-13 12:00:00,26.0,48,14.1,6.8,19.8,0.0,856.9,845.0,100,,0.61,,3,chuk_rwanda
2022-11-13 13:00:00,26.1,47,14.0,8.6,24.5,0.0,855.3,821.0,100,,0.6,,3,chuk_rwanda
2022-11-13 14:00:00,26.0,48,13.9,9.0,23.4,0.0,855.6,670.0,100,,0.5,,3,chuk_rwanda
2022-11-13 15:00:00,26.0,48,14.1,5.4,23.4,0.0,854.8,650.0,100,,0.47,,3,chuk_rwanda
2022-11-13 16:00:00,18.9,87,16.5,16.8,41.8,9.0,854.0,317.0,99,,0.18,,65,chuk_rwanda
2022-11-13 17:00:00,19.0,86,16.6,5.5,34.9,3.1,853.8,109.0,100,,0.08,,63,chuk_rwanda
2022-11-13 18:00:00,19.0,92,17.7,3.4,15.1,0.3,854.7,16.0,100,,0.02,,51,chuk_rwanda
2022-11-13 19:00:00,17.9,94,16.9,3.2,8.3,0.1,854.9,0.0,100,,0.0,,51,chuk_rwanda
2022-11-13 20:00:00,17.6,96,17.0,2.9,11.5,1.0,855.9,0.0,100,,0.0,,55,chuk_rwanda
2022-11-13 21:00:00,17.6,96,16.9,2.5,5.4,0.1,856.5,0.0,100,,0.0,,51,chuk_rwanda
2022-11-13 22:00:00,16.5,97,16.0,3.6,7.6,0.0,856.5,0.0,100,,0.0,,3,chuk_rwanda
2022-11-13 23:00:00,16.4,97,15.9,3.3,7.6,0.0,856.2,0.0,100,,0.0,,3,chuk_rwanda
2022-11-14 00:00:00,15.9,98,15.6,3.1,8.3,0.0,855.6,0.0,100,,0.0,,3,chuk_rwanda
2022-11-14 01:00:00,15.9,98,15.6,2.2,5.8,0.0,855.3,0.0,100,,0.0,,3,chuk_rwanda
2022-11-14 02:00:00,16.4,99,16.2,2.4,6.1,0.0,855.1,0.0,100,,0.0,,3,chuk_rwanda
2022-11-14 03:00:00,16.1,99,16.0,3.1,6.8,0.2,854.6,0.0,100,,0.0,,51,chuk_rwanda
2022-11-14 04:00:00,15.9,100,15.9,4.3,8.6,0.1,854.1,0.0,100,,0.0,,51,chuk_rwanda
2022-11-14 05:00:00,15.8,99,15.6,6.0,11.9,0.1,854.4,0.0,100,,0.0,,51,chuk_rwanda
2022-11-14 06:00:00,15.9,98,15.6,4.1,12.6,0.0,854.7,3.0,100,,0.0,,3,chuk_rwanda
2022-11-14 07:00:00,16.6,96,15.9,0.4,7.9,0.0,855.7,55.0,100,,0.04,,3,chuk_rwanda
2022-11-14 08:00:00,18.0,91,16.5,0.8,8.3,0.0,856.9,186.0,100,,0.12,,3,chuk_rwanda
2022-11-14 09:00:00,19.6,83,16.5,1.9,11.2,0.0,857.4,308.0,99,,0.21,,3,chuk_rwanda
2022-11-14 10:00:00,21.4,73,16.4,4.3,18.4,0.0,857.6,503.0,86,,0.34,,3,chuk_rwanda
2022-11-14 11:00:00,23.6,61,15.8,5.1,20.5,0.0,857.5,843.0,9,,0.58,,0,chuk_rwanda
2022-11-14 12:00:00,25.0,58,16.2,5.7,22.0,0.0,856.4,976.0,29,,0.68,,1,chuk_rwanda
2022-11-14 13:00:00,25.3,53,15.1,5.8,21.2,0.0,854.9,728.0,43,,0.53,,1,chuk_rwanda
2022-11-14 14:00:00,26.8,44,13.4,10.7,17.3,0.1,854.9,493.0,34,,0.41,,51,chuk_rwanda
2022-11-14 15:00:00,26.0,45,13.0,7.7,26.6,0.0,853.8,632.0,32,,0.47,,1,chuk_rwanda
2022-11-14 16:00:00,25.6,45,13.0,6.7,20.2,0.1,853.5,450.0,85,,0.33,,51,chuk_rwanda
2022-11-14 17:00:00,24.9,50,13.9,4.3,16.6,0.0,853.4,225.0,100,,0.16,,3,chuk_rwanda
2022-11-14 18:00:00,22.0,59,13.6,11.6,24.5,0.0,853.7,37.0,100,,0.08,,3,chuk_rwanda
2022-11-14 19:00:00,20.2,70,14.7,7.6,25.2,0.0,854.1,0.0,100,,0.02,,3,chuk_rwanda
2022-11-14 20:00:00,20.1,72,14.9,8.4,18.4,0.0,855.2,0.0,81,,0.02,,3,chuk_rwanda
2022-11-14 21:00:00,19.5,73,14.6,6.6,18.4,0.0,855.6,0.0,55,,0.01,,2,chuk_rwanda
2022-11-14 22:00:00,18.7,76,14.4,6.4,14.4,0.0,855.6,0.0,48,,0.0,,1,chuk_rwanda
2022-11-14 23:00:00,18.2,78,14.4,7.3,15.1,0.0,855.6,0.0,87,,0.01,,3,chuk_rwanda
2022-11-15 00:00:00,17.2,83,14.2,5.2,14.8,0.1,855.4,0.0,100,,0.0,,51,chuk_rwanda
2022-11-15 01:00:00,16.9,91,15.5,3.6,20.9,0.7,854.6,0.0,95,,0.0,,53,chuk_rwanda
2022-11-15 02:00:00,16.5,95,15.7,3.3,7.2,0.0,853.9,0.0,100,,0.0,,3,chuk_rwanda
2022-11-15 03:00:00,16.1,96,15.6,4.0,7.2,0.0,853.5,0.0,100,,0.0,,3,chuk_rwanda
2022-11-15 04:00:00,15.7,97,15.2,3.6,6.8,0.0,853.4,0.0,100,,0.0,,3,chuk_rwanda
2022-11-15 05:00:00,16.3,94,15.2,2.7,6.5,0.0,854.4,0.0,100,,0.0,,3,chuk_rwanda
2022-11-15 06:00:00,16.0,95,15.2,2.8,5.0,0.0,854.5,4.0,100,,0.0,,3,chuk_rwanda
2022-11-15 07:00:00,17.5,91,16.0,0.7,7.6,0.0,855.9,142.0,100,,0.07,,3,chuk_rwanda
2022-11-15 08:00:00,19.5,82,16.4,1.8,11.5,0.0,857.0,370.0,100,,0.22,,3,chuk_rwanda
2022-11-15 09:00:00,21.7,70,15.9,3.4,19.8,0.0,857.8,594.0,100,,0.39,,3,chuk_rwanda
2022-11-15 10:00:00,23.1,65,16.2,5.9,22.3,0.0,857.4,734.0,100,,0.5,,3,chuk_rwanda
2022-11-15 11:00:00,24.2,60,15.9,6.9,22.7,0.1,856.9,824.0,100,,0.57,,51,chuk_rwanda
2022-11-15 12:00:00,24.5,55,14.8,8.9,23.4,0.1,855.2,517.0,100,,0.4,,51,chuk_rwanda
2022-11-15 13:00:00,24.0,55,14.5,8.4,23.0,0.0,853.9,394.0,100,,0.32,,3,chuk_rwanda
2022-11-15 14:00:00,19.6,80,16.0,13.5,21.6,0.2,853.8,771.0,100,,0.44,,51,chuk_rwanda
2022-11-15 15:00:00,21.9,69,16.0,6.4,27.4,0.1,854.2,484.0,100,,0.33,,51,chuk_rwanda
2022-11-15 16:00:00,20.0,75,15.4,4.4,20.2,2.3,853.6,195.0,100,,0.14,,61,chuk_rwanda
2022-11-15 17:00:00,18.5,87,16.2,5.6,13.3,2.2,853.3,105.0,100,,0.07,,61,chuk_rwanda
2022-11-15 18:00:00,18.3,90,16.7,4.5,11.9,0.6,853.9,17.0,100,,0.02,,53,chuk_rwanda
2022-11-15 19:00:00,18.0,90,16.3,3.6,8.6,0.1,854.4,0.0,100,,0.0,,51,chuk_rwanda
2022-11-15 20:00:00,17.7,93,16.5,4.1,9.4,0.0,854.5,0.0,100,,0.0,,3,chuk_rwanda
2022-11-15 21:00:00,17.6,92,16.4,4.2,9.4,0.0,854.9,0.0,100,,0.0,,3,chuk_rwanda
2022-11-15 22:00:00,16.9,95,16.1,4.5,9.0,0.0,854.6,0.0,100,,0.0,,3,chuk_rwanda
2022-11-15 23:00:00,17.4,92,16.0,3.9,8.3,0.0,854.5,0.0,100,,0.0,,3,chuk_rwanda
2022-11-16 00:00:00,17.0,94,15.9,3.5,5.4,0.0,854.0,0.0,100,,0.0,,3,chuk_rwanda
2022-11-16 01:00:00,16.1,97,15.6,4.3,7.2,0.0,852.9,0.0,100,,0.0,,3,chuk_rwanda
2022-11-16 02:00:00,16.9,91,15.4,6.2,7.2,0.0,853.0,0.0,100,,0.0,,3,chuk_rwanda
2022-11-16 03:00:00,16.8,87,14.7,7.1,15.1,0.0,852.5,0.0,100,,0.0,,3,chuk_rwanda
2022-11-16 04:00:00,16.6,88,14.6,7.1,14.8,0.0,852.7,0.0,100,,0.0,,3,chuk_rwanda
2022-11-16 05:00:00,16.4,89,14.6,5.5,14.4,0.0,852.9,0.0,100,,0.0,,3,chuk_rwanda
2022-11-16 06:00:00,16.7,89,14.9,5.6,11.5,0.0,853.5,2.0,100,,0.02,,3,chuk_rwanda
2022-11-16 07:00:00,17.6,88,15.6,7.3,14.4,0.0,854.2,51.0,100,,0.05,,3,chuk_rwanda
2022-11-16 08:00:00,19.5,81,16.0,3.7,15.1,0.0,855.7,198.0,99,,0.13,,3,chuk_rwanda
2022-11-16 09:00:00,22.3,62,14.6,2.6,13.7,0.0,856.5,565.0,97,,0.38,,3,chuk_rwanda
2022-11-16 10:00:00,24.0,51,13.2,4.8,16.2,0.0,856.3,694.0,97,,0.49,,3,chuk_rwanda
2022-11-16 11:00:00,25.1,45,12.4,5.2,16.9,0.0,855.6,753.0,95,,0.55,,3,chuk_rwanda
2022-11-16 12:00:00,25.0,45,12.2,8.4,22.7,0.0,854.6,665.0,100,,0.5,,3,chuk_rwanda
2022-11-16 13:00:00,24.8,49,13.3,9.0,25.6,0.2,853.2,661.0,60,,0.49,,51,chuk_rwanda
2022-11-16 14:00:00,23.5,54,13.6,6.4,23.4,0.2,853.4,684.0,41,,0.48,,51,chuk_rwanda
2022-11-16 15:00:00,21.2,71,15.8,13.8,32.0,1.0,852.8,510.0,78,,0.33,,55,chuk_rwanda
2022-11-16 16:00:00,21.6,67,15.3,6.1,31.3,0.1,852.5,351.0,64,,0.24,,51,chuk_rwanda
2022-11-16 17:00:00,21.6,67,15.1,5.9,16.6,0.0,852.7,201.0,66,,0.14,,2,chuk_rwanda
2022-11-16 18:00:00,20.1,76,15.8,3.8,13.3,0.0,852.8,41.0,88,,0.02,,3,chuk_rwanda
2022-11-16 19:00:00,19.4,79,15.6,3.8,8.6,0.0,853.2,0.0,100,,0.0,,3,chuk_rwanda
2022-11-16 20:00:00,19.2,77,15.1,4.1,9.0,0.4,854.0,0.0,100,,0.0,,51,chuk_rwanda
2022-11-16 21:00:00,17.9,89,16.0,4.7,9.4,0.6,854.2,0.0,100,,0.0,,53,chuk_rwanda
2022-11-16 22:00:00,17.7,95,16.9,3.1,9.7,0.0,854.1,0.0,100,,0.0,,3,chuk_rwanda
2022-11-16 23:00:00,16.6,97,16.1,4.7,6.8,0.0,853.8,0.0,97,,0.0,,3,chuk_rwanda
2022-11-17 00:00:00,15.9,98,15.6,4.7,8.3,0.0,853.0,0.0,89,,0.0,,3,chuk_rwanda
2022-11-17 01:00:00,15.4,99,15.1,5.0,8.6,0.0,852.4,0.0,94,,0.0,,3,chuk_rwanda
2022-11-17 02:00:00,16.4,94,15.4,3.1,8.6,0.0,852.6,0.0,96,,0.0,,3,chuk_rwanda
2022-11-17 03:00:00,15.6,96,14.9,3.6,8.6,0.0,852.0,0.0,16,,0.0,,0,chuk_rwanda
2022-11-17 04:00:00,14.9,96,14.3,3.9,8.3,0.0,852.0,0.0,20,,0.0,,1,chuk_rwanda
2022-11-17 05:00:00,13.9,97,13.5,3.8,7.6,0.0,852.0,0.0,20,,0.0,,1,chuk_rwanda
2022-11-17 06:00:00,14.2,96,13.6,3.3,6.8,0.0,852.8,5.0,26,,0.0,,1,chuk_rwanda
2022-11-17 07:00:00,17.5,83,14.6,6.3,14.8,0.0,854.9,139.0,51,,0.07,,2,chuk_rwanda
2022-11-17 08:00:00,20.0,73,15.0,5.0,14.8,0.0,856.0,327.0,13,,0.21,,0,chuk_rwanda
2022-11-17 09:00:00,22.5,62,14.9,2.2,16.6,0.0,856.7,613.0,33,,0.41,,1,chuk_rwanda
2022-11-17 10:00:00,24.1,57,15.1,3.9,17.6,0.0,856.8,773.0,30,,0.54,,1,chuk_rwanda
2022-11-17 11:00:00,25.4,53,15.1,7.1,22.3,0.0,856.0,910.0,29,,0.64,,1,chuk_rwanda
2022-11-17 12:00:00,24.5,53,14.2,8.7,23.8,0.0,854.5,645.0,62,,0.47,,2,chuk_rwanda
2022-11-17 13:00:00,23.8,62,16.1,13.6,33.5,1.7,853.7,838.0,83,,0.56,,61,chuk_rwanda
2022-11-17 14:00:00,21.1,72,15.9,9.0,34.6,0.2,852.7,547.0,77,,0.36,,51,chuk_rwanda
2022-11-17 15:00:00,20.5,82,17.4,5.9,19.4,1.0,853.1,362.0,100,,0.24,,55,chuk_rwanda
2022-11-17 16:00:00,18.5,83,15.6,8.9,27.7,4.7,852.5,145.0,99,,0.11,,63,chuk_rwanda
2022-11-17 17:00:00,18.8,86,16.4,4.9,20.2,0.3,852.9,84.0,99,,0.07,,51,chuk_rwanda
2022-11-17 18:00:00,18.2,89,16.4,2.1,12.6,0.1,853.5,35.0,100,,0.02,,51,chuk_rwanda
2022-11-17 19:00:00,17.3,92,15.9,3.3,6.8,0.1,853.9,0.0,100,,0.0,,51,chuk_rwanda
2022-11-17 20:00:00,17.0,97,16.5,4.2,6.5,0.0,854.8,0.0,95,,0.0,,3,chuk_rwanda
2022-11-17 21:00:00,17.0,93,15.9,2.2,10.8,1.3,855.9,0.0,100,,0.0,,61,chuk_rwanda
2022-11-17 22:00:00,16.9,96,16.2,4.7,10.4,0.1,855.9,0.0,100,,0.0,,51,chuk_rwanda
2022-11-17 23:00:00,16.5,97,15.9,4.1,9.7,0.1,855.0,0.0,100,,0.0,,51,chuk_rwanda
2022-11-18 00:00:00,16.5,96,15.9,2.6,9.4,0.1,854.4,0.0,100,,0.0,,51,chuk_rwanda
2022-11-18 01:00:00,16.5,95,15.7,2.8,5.4,0.0,853.9,0.0,100,,0.0,,3,chuk_rwanda
2022-11-18 02:00:00,16.6,96,15.9,1.1,5.0,0.0,853.4,0.0,80,,0.0,,3,chuk_rwanda
2022-11-18 03:00:00,16.6,94,15.8,1.5,4.3,0.2,853.3,0.0,100,,0.0,,51,chuk_rwanda
2022-11-18 04:00:00,16.6,96,15.9,2.0,4.0,0.8,853.3,0.0,100,,0.0,,53,chuk_rwanda
2022-11-18 05:00:00,16.6,96,16.0,2.6,5.4,0.3,853.7,0.0,100,,0.0,,51,chuk_rwanda
2022-11-18 06:00:00,16.5,97,16.0,1.9,5.0,0.0,854.1,1.0,100,,0.01,,3,chuk_rwanda
2022-11-18 07:00:00,17.2,94,16.2,1.3,6.1,0.0,855.0,44.0,100,,0.04,,3,chuk_rwanda
2022-11-18 08:00:00,18.1,89,16.3,0.5,6.8,0.0,855.9,116.0,100,,0.08,,3,chuk_rwanda
2022-11-18 09:00:00,18.8,86,16.3,1.1,8.3,0.0,856.6,155.0,100,,0.11,,3,chuk_rwanda
2022-11-18 10:00:00,19.5,80,16.0,1.1,14.0,0.2,856.4,248.0,100,,0.18,,51,chuk_rwanda
2022-11-18 11:00:00,22.4,70,16.6,2.3,17.6,0.1,856.3,670.0,100,,0.46,,51,chuk_rwanda
2022-11-18 12:00:00,23.2,61,15.2,10.5,26.3,0.1,855.6,741.0,100,,0.51,,51,chuk_rwanda
2022-11-18 13:00:00,21.1,68,15.0,7.1,29.2,0.7,854.3,418.0,100,,0.3,,53,chuk_rwanda
2022-11-18 14:00:00,22.2,65,15.4,5.0,18.4,0.1,854.0,384.0,91,,0.28,,51,chuk_rwanda
2022-11-18 15:00:00,20.6,71,15.2,4.4,15.8,1.4,853.6,219.0,100,,0.17,,61,chuk_rwanda
2022-11-18 16:00:00,19.4,80,15.9,7.0,17.6,1.6,853.3,213.0,100,,0.15,,61,chuk_rwanda
2022-11-18 17:00:00,18.9,86,16.5,1.5,17.3,0.1,853.4,80.0,100,,0.06,,51,chuk_rwanda
2022-11-18 18:00:00,18.4,91,16.9,4.2,8.3,0.0,853.7,17.0,98,,0.02,,3,chuk_rwanda
2022-11-18 19:00:00,17.8,94,16.8,4.3,9.7,0.0,854.1,0.0,100,,0.0,,3,chuk_rwanda
2022-11-18 20:00:00,17.4,95,16.5,3.0,9.4,0.0,854.6,0.0,100,,0.0,,3,chuk_rwanda
2022-11-18 21:00:00,17.5,94,16.5,3.6,5.4,0.0,855.2,0.0,99,,0.0,,3,chuk_rwanda
2022-11-18 22:00:00,17.8,91,16.2,2.8,4.3,0.0,855.6,0.0,97,,0.0,,3,chuk_rwanda
2022-11-18 23:00:00,16.8,96,16.1,4.4,6.5,0.0,854.7,0.0,100,,0.0,,3,chuk_rwanda
2022-11-19 00:00:00,16.7,97,16.1,3.7,6.8,0.0,854.0,0.0,99,,0.0,,3,chuk_rwanda
2022-11-19 01:00:00,17.0,95,16.2,3.6,7.6,0.0,853.5,0.0,77,,0.0,,2,chuk_rwanda
2022-11-19 02:00:00,16.5,89,14.7,4.8,7.9,0.0,853.3,0.0,96,,0.0,,3,chuk_rwanda
2022-11-19 03:00:00,16.2,90,14.6,3.3,9.7,0.0,853.1,0.0,100,,0.0,,3,chuk_rwanda
2022-11-19 04:00:00,16.0,92,14.8,3.2,6.1,0.0,852.8,0.0,100,,0.0,,3,chuk_rwanda
2022-11-19 05:00:00,15.5,93,14.4,4.3,9.0,0.0,852.9,0.0,100,,0.0,,3,chuk_rwanda
2022-11-19 06:00:00,16.0,89,14.3,4.6,9.7,0.0,853.5,1.0,100,,0.02,,3,chuk_rwanda
2022-11-19 07:00:00,17.0,87,14.9,4.3,10.4,0.0,854.6,54.0,100,,0.04,,3,chuk_rwanda
2022-11-19 08:00:00,19.0,79,15.2,2.6,10.4,0.0,856.4,207.0,100,,0.14,,3,chuk_rwanda
2022-11-19 09:00:00,20.4,69,14.6,1.6,10.4,0.0,856.9,311.0,100,,0.21,,3,chuk_rwanda
2022-11-19 10:00:00,21.8,62,14.2,2.3,10.8,0.0,857.1,460.0,100,,0.32,,3,chuk_rwanda
2022-11-19 11:00:00,22.6,56,13.5,3.5,16.9,0.0,856.7,537.0,100,,0.38,,3,chuk_rwanda
2022-11-19 12:00:00,22.6,54,12.9,3.8,13.7,0.0,855.5,318.0,87,,0.25,,3,chuk_rwanda
2022-11-19 13:00:00,24.0,48,12.4,5.5,16.9,0.0,854.4,632.0,79,,0.46,,2,chuk_rwanda
2022-11-19 14:00:00,23.8,51,13.1,9.0,20.5,0.0,854.1,891.0,65,,0.61,,2,chuk_rwanda
2022-11-19 15:00:00,24.5,50,13.4,7.9,27.4,0.0,853.4,676.0,72,,0.48,,2,chuk_rwanda
2022-11-19 16:00:00,24.5,50,13.5,7.2,23.4,0.0,853.2,459.0,86,,0.33,,3,chuk_rwanda
2022-11-19 17:00:00,23.0,54,13.2,8.4,18.7,0.0,853.2,181.0,100,,0.16,,3,chuk_rwanda
2022-11-19 18:00:00,20.2,69,14.4,12.6,26.6,0.0,854.0,36.0,97,,0.06,,3,chuk_rwanda
2022-11-19 19:00:00,19.2,75,14.7,10.6,26.6,0.0,854.5,0.0,100,,0.02,,3,chuk_rwanda
2022-11-19 20:00:00,18.5,78,14.6,8.0,22.3,0.1,854.8,0.0,100,,0.01,,51,chuk_rwanda
2022-11-19 21:00:00,18.2,83,15.3,9.4,18.7,0.0,855.4,0.0,100,,0.0,,3,chuk_rwanda
2022-11-19 22:00:00,18.3,85,15.6,6.4,18.7,0.0,855.9,0.0,100,,0.0,,3,chuk_rwanda
2022-11-19 23:00:00,18.2,85,15.6,3.8,13.0,0.0,855.9,0.0,98,,0.0,,3,chuk_rwanda
2022-11-20 00:00:00,17.3,89,15.4,2.8,9.4,0.0,855.5,0.0,96,,0.0,,3,chuk_rwanda
2022-11-20 01:00:00,16.1,94,15.1,3.1,6.1,0.2,854.4,0.0,68,,0.0,,51,chuk_rwanda
2022-11-20 02:00:00,16.0,88,14.1,3.7,6.1,0.1,854.2,0.0,79,,0.0,,51,chuk_rwanda
2022-11-20 03:00:00,15.8,90,14.2,5.4,10.1,0.0,853.8,0.0,100,,0.0,,3,chuk_rwanda
2022-11-20 04:00:00,15.8,91,14.3,5.8,11.2,0.0,853.8,0.0,100,,0.0,,3,chuk_rwanda
2022-11-20 05:00:00,15.8,91,14.4,5.1,10.8,0.0,854.0,0.0,90,,0.0,,3,chuk_rwanda
2022-11-20 06:00:00,15.9,91,14.5,5.2,9.4,0.0,854.3,3.0,100,,0.01,,3,chuk_rwanda
2022-11-20 07:00:00,17.6,85,15.1,3.9,10.4,0.0,855.8,79.0,84,,0.05,,3,chuk_rwanda
2022-11-20 08:00:00,19.7,73,14.7,1.4,10.1,0.0,857.0,260.0,98,,0.17,,3,chuk_rwanda
2022-11-20 09:00:00,21.5,67,15.1,3.2,16.2,0.0,857.6,522.0,94,,0.34,,3,chuk_rwanda
2022-11-20 10:00:00,22.5,64,15.4,5.6,19.4,0.0,857.5,582.0,49,,0.4,,1,chuk_rwanda
2022-11-20 11:00:00,24.1,59,15.6,5.6,20.9,0.0,857.0,901.0,22,,0.62,,1,chuk_rwanda
2022-11-20 12:00:00,25.3,54,15.2,6.1,20.5,0.0,855.7,944.0,100,,0.67,,3,chuk_rwanda
2022-11-20 13:00:00,25.7,51,14.9,6.2,20.2,0.0,854.5,796.0,100,,0.58,,3,chuk_rwanda
2022-11-20 14:00:00,24.8,53,14.4,7.6,25.2,0.2,854.1,538.0,94,,0.41,,51,chuk_rwanda
2022-11-20 15:00:00,24.1,51,13.4,9.0,22.7,0.1,853.2,503.0,64,,0.38,,51,chuk_rwanda
2022-11-20 16:00:00,23.7,52,13.2,9.5,22.7,0.0,853.0,387.0,60,,0.29,,2,chuk_rwanda
2022-11-20 17:00:00,22.5,59,13.9,9.7,23.4,0.0,853.2,210.0,95,,0.17,,3,chuk_rwanda
2022-11-20 18:00:00,19.6,75,15.1,3.9,21.6,1.3,854.0,20.0,96,,0.03,,61,chuk_rwanda
2022-11-20 19:00:00,18.6,89,16.9,3.6,7.9,2.1,854.3,0.0,100,,0.0,,61,chuk_rwanda
2022-11-20 20:00:00,18.4,91,16.9,5.2,11.5,1.8,855.0,0.0,98,,0.0,,61,chuk_rwanda
2022-11-20 21:00:00,17.9,90,16.2,5.5,13.0,0.8,855.0,0.0,89,,0.0,,53,chuk_rwanda
2022-11-20 22:00:00,17.3,91,15.8,4.7,11.2,0.1,854.6,0.0,54,,0.0,,51,chuk_rwanda
2022-11-20 23:00:00,16.9,93,15.6,4.4,10.4,0.0,854.2,0.0,100,,0.0,,3,chuk_rwanda
2022-11-21 00:00:00,17.1,92,15.8,3.1,9.7,0.0,853.7,0.0,100,,0.0,,3,chuk_rwanda
2022-11-21 01:00:00,17.1,93,15.9,5.0,10.8,0.6,853.5,0.0,100,,0.0,,53,chuk_rwanda
2022-11-21 02:00:00,17.0,95,16.2,3.3,10.8,0.2,853.3,0.0,100,,0.0,,51,chuk_rwanda
2022-11-21 03:00:00,17.0,96,16.4,4.2,8.6,1.4,853.1,0.0,100,,0.0,,61,chuk_rwanda
2022-11-21 04:00:00,17.0,96,16.2,6.3,13.0,1.0,853.2,0.0,100,,0.0,,55,chuk_rwanda
2022-11-21 05:00:00,16.9,94,15.9,5.5,14.4,0.1,853.4,0.0,100,,0.0,,51,chuk_rwanda
2022-11-21 06:00:00,16.6,93,15.5,5.4,12.6,0.1,853.7,2.0,85,,0.01,,51,chuk_rwanda
2022-11-21 07:00:00,17.5,91,16.0,6.7,14.0,0.5,854.7,65.0,99,,0.05,,53,chuk_rwanda
2022-11-21 08:00:00,18.5,80,15.0,5.8,14.4,0.3,856.0,123.0,100,,0.1,,51,chuk_rwanda
2022-11-21 09:00:00,19.8,72,14.5,5.2,14.8,0.0,856.3,255.0,100,,0.18,,3,chuk_rwanda
2022-11-21 10:00:00,20.4,68,14.4,4.8,14.8,0.0,856.4,274.0,100,,0.2,,3,chuk_rwanda
2022-11-21 11:00:00,21.5,64,14.3,3.5,15.5,0.0,856.1,456.0,100,,0.32,,3,chuk_rwanda
2022-11-21 12:00:00,23.6,59,15.0,2.6,18.0,0.0,855.1,756.0,99,,0.53,,3,chuk_rwanda
2022-11-21 13:00:00,25.4,52,14.7,8.3,24.8,0.0,853.8,983.0,99,,0.69,,3,chuk_rwanda
2022-11-21 14:00:00,26.5,45,13.7,10.1,24.8,0.0,852.9,656.0,99,,0.5,,3,chuk_rwanda
2022-11-21 15:00:00,24.4,49,13.1,13.4,29.9,0.1,852.0,530.0,100,,0.41,,51,chuk_rwanda
2022-11-21 16:00:00,22.1,66,15.4,10.7,34.9,0.3,852.0,299.0,99,,0.23,,51,chuk_rwanda
2022-11-21 17:00:00,21.8,69,15.8,9.7,24.5,0.0,852.1,202.0,100,,0.15,,3,chuk_rwanda
2022-11-21 18:00:00,20.0,77,15.7,5.8,21.2,0.0,852.3,39.0,100,,0.03,,3,chuk_rwanda
2022-11-21 19:00:00,19.4,79,15.7,4.8,12.2,0.0,853.0,0.0,100,,0.0,,3,chuk_rwanda
2022-11-21 20:00:00,18.8,82,15.7,3.4,10.8,0.0,854.1,0.0,100,,0.0,,3,chuk_rwanda
2022-11-21 21:00:00,17.9,87,15.8,8.4,17.3,0.8,854.9,0.0,100,,0.0,,53,chuk_rwanda
2022-11-21 22:00:00,16.8,95,16.0,7.0,20.9,2.7,854.8,0.0,100,,0.0,,63,chuk_rwanda
2022-11-21 23:00:00,17.1,96,16.5,5.8,13.0,0.8,854.6,0.0,100,,0.0,,53,chuk_rwanda
2022-11-22 00:00:00,16.9,95,16.0,5.0,11.5,0.6,854.3,0.0,100,,0.0,,53,chuk_rwanda
2022-11-22 01:00:00,16.6,96,15.9,2.9,10.1,0.1,853.8,0.0,100,,0.0,,51,chuk_rwanda
2022-11-22 02:00:00,16.4,95,15.6,2.9,6.8,0.0,853.8,0.0,100,,0.0,,3,chuk_rwanda
2022-11-22 03:00:00,16.3,97,15.8,2.7,7.2,0.5,853.1,0.0,100,,0.0,,53,chuk_rwanda
2022-11-22 04:00:00,15.6,98,15.2,3.6,6.8,0.0,852.4,0.0,94,,0.0,,3,chuk_rwanda
2022-11-22 05:00:00,15.1,98,14.8,3.5,6.8,0.0,852.5,0.0,96,,0.0,,3,chuk_rwanda
2022-11-22 06:00:00,15.4,98,15.1,2.4,6.1,0.0,853.2,4.0,100,,0.0,,3,chuk_rwanda
2022-11-22 07:00:00,17.2,94,16.2,1.9,8.3,0.0,855.0,119.0,100,,0.06,,3,chuk_rwanda
2022-11-22 08:00:00,18.8,85,16.3,2.3,11.5,0.0,856.0,282.0,100,,0.17,,3,chuk_rwanda
2022-11-22 09:00:00,21.0,75,16.5,0.5,15.1,0.0,856.9,527.0,100,,0.35,,3,chuk_rwanda
2022-11-22 10:00:00,22.6,69,16.6,3.3,17.6,0.1,857.0,705.0,58,,0.48,,51,chuk_rwanda
2022-11-22 11:00:00,24.1,59,15.6,6.3,20.9,0.2,856.0,773.0,100,,0.54,,51,chuk_rwanda
2022-11-22 12:00:00,21.4,73,16.4,11.6,27.4,2.0,854.5,368.0,71,,0.26,,61,chuk_rwanda
2022-11-22 13:00:00,22.0,68,15.8,4.4,27.7,0.3,854.2,632.0,100,,0.43,,51,chuk_rwanda
2022-11-22 14:00:00,19.5,85,16.8,8.5,23.8,3.4,853.6,483.0,89,,0.3,,63,chuk_rwanda
2022-11-22 15:00:00,19.6,84,16.9,5.8,19.1,1.7,853.6,231.0,100,,0.16,,61,chuk_rwanda
2022-11-22 16:00:00,18.7,86,16.3,2.3,14.0,1.7,853.4,146.0,100,,0.11,,61,chuk_rwanda
2022-11-22 17:00:00,18.1,88,16.0,1.0,9.7,1.1,854.2,70.0,100,,0.05,,55,chuk_rwanda
2022-11-22 18:00:00,17.7,93,16.6,4.9,10.1,0.5,854.5,15.0,100,,0.02,,53,chuk_rwanda
2022-11-22 19:00:00,17.2,96,16.6,4.3,11.9,0.2,854.9,0.0,100,,0.0,,51,chuk_rwanda
2022-11-22 20:00:00,17.1,96,16.5,4.7,9.7,0.1,855.3,0.0,100,,0.0,,51,chuk_rwanda
2022-11-22 21:00:00,17.1,96,16.5,0.0,9.7,1.0,856.1,0.0,100,,0.0,,55,chuk_rwanda
2022-11-22 22:00:00,17.1,96,16.5,0.8,1.8,0.6,856.2,0.0,100,,0.0,,53,chuk_rwanda
2022-11-22 23:00:00,16.6,97,16.2,2.2,4.7,0.1,855.2,0.0,100,,0.0,,51,chuk_rwanda
2022-11-23 00:00:00,16.3,98,15.9,2.5,5.4,0.0,854.3,0.0,99,,0.0,,3,chuk_rwanda
2022-11-23 01:00:00,15.9,98,15.6,3.5,6.5,0.0,853.3,0.0,56,,0.0,,2,chuk_rwanda
2022-11-23 02:00:00,16.5,97,16.0,2.2,7.2,0.0,853.7,0.0,33,,0.0,,1,chuk_rwanda
2022-11-23 03:00:00,16.0,97,15.6,3.8,9.4,0.0,852.9,0.0,100,,0.0,,3,chuk_rwanda
2022-11-23 04:00:00,16.5,94,15.6,2.5,9.0,0.0,853.3,0.0,100,,0.0,,3,chuk_rwanda
2022-11-23 05:00:00,16.1,97,15.6,1.9,4.7,0.0,853.6,0.0,43,,0.0,,1,chuk_rwanda
2022-11-23 06:00:00,15.7,99,15.6,1.5,3.6,0.0,854.0,4.0,21,,0.0,,1,chuk_rwanda
2022-11-23 07:00:00,16.8,97,16.3,1.8,9.0,0.0,855.1,133.0,20,,0.06,,1,chuk_rwanda
2022-11-23 08:00:00,18.7,84,16.0,1.6,10.8,0.0,856.6,337.0,89,,0.2,,3,chuk_rwanda
2022-11-23 09:00:00,20.7,72,15.4,3.1,13.7,0.0,857.6,486.0,53,,0.32,,2,chuk_rwanda
2022-11-23 10:00:00,22.4,61,14.4,4.1,15.5,0.0,857.6,656.0,50,,0.45,,2,chuk_rwanda
2022-11-23 11:00:00,24.1,51,13.4,6.1,20.9,0.0,857.2,798.0,2,,0.56,,0,chuk_rwanda
2022-11-23 12:00:00,25.6,45,12.7,7.3,22.7,0.0,856.3,987.0,44,,0.7,,1,chuk_rwanda
2022-11-23 13:00:00,26.0,44,12.6,8.8,24.1,0.0,854.7,890.0,52,,0.65,,2,chuk_rwanda
2022-11-23 14:00:00,23.5,51,12.6,10.9,23.8,0.3,854.1,738.0,46,,0.51,,51,chuk_rwanda
2022-11-23 15:00:00,24.0,51,13.1,9.2,26.3,0.0,853.4,533.0,76,,0.39,,2,chuk_rwanda
2022-11-23 16:00:00,23.8,52,13.3,6.6,23.0,0.0,853.1,349.0,52,,0.26,,2,chuk_rwanda
2022-11-23 17:00:00,23.0,57,14.1,5.7,16.6,0.0,853.0,202.0,47,,0.15,,1,chuk_rwanda
2022-11-23 18:00:00,20.6,67,14.4,5.5,14.0,0.0,852.7,50.0,100,,0.04,,3,chuk_rwanda
2022-11-23 19:00:00,20.4,70,14.8,4.3,11.9,0.0,853.9,0.0,100,,0.0,,3,chuk_rwanda
2022-11-23 20:00:00,20.1,70,14.5,6.6,14.8,0.0,854.8,0.0,100,,0.01,,3,chuk_rwanda
2022-11-23 21:00:00,19.4,80,15.8,1.0,14.0,0.0,855.4,0.0,90,,0.0,,3,chuk_rwanda
2022-11-23 22:00:00,17.9,81,14.6,8.4,18.0,0.0,855.7,0.0,74,,0.0,,2,chuk_rwanda
2022-11-23 23:00:00,16.8,85,14.3,5.4,17.3,0.0,855.2,0.0,24,,0.0,,1,chuk_rwanda
2022-11-24 00:00:00,16.5,87,14.2,4.6,9.7,0.1,854.3,0.0,28,,0.0,,51,chuk_rwanda
2022-11-24 01:00:00,15.3,93,14.1,4.6,7.9,0.0,853.1,0.0,3,,0.0,,0,chuk_rwanda
2022-11-24 02:00:00,14.9,90,13.2,4.5,9.4,0.0,852.2,0.0,6,,0.0,,0,chuk_rwanda
2022-11-24 03:00:00,14.6,91,13.2,6.0,10.4,0.0,851.6,0.0,97,,0.0,,3,chuk_rwanda
2022-11-24 04:00:00,14.1,93,12.9,7.2,13.0,0.0,851.6,0.0,100,,0.0,,3,chuk_rwanda
2022-11-24 05:00:00,13.8,93,12.6,8.0,14.0,0.0,851.9,0.0,99,,0.0,,3,chuk_rwanda
2022-11-24 06:00:00,13.9,91,12.6,6.8,14.0,0.0,852.6,4.0,88,,0.0,,3,chuk_rwanda
2022-11-24 07:00:00,16.7,83,13.8,3.6,12.6,0.0,854.4,128.0,52,,0.06,,2,chuk_rwanda
2022-11-24 08:00:00,20.2,70,14.4,2.2,10.4,0.0,856.4,376.0,40,,0.23,,1,chuk_rwanda
2022-11-24 09:00:00,21.9,62,14.2,8.8,22.3,0.0,856.8,577.0,33,,0.38,,1,chuk_rwanda
2022-11-24 10:00:00,23.1,56,13.9,10.0,26.3,0.2,856.9,695.0,29,,0.48,,51,chuk_rwanda
2022-11-24 11:00:00,24.2,56,15.0,11.0,29.2,0.0,856.7,822.0,29,,0.57,,1,chuk_rwanda
2022-11-24 12:00:00,24.6,54,14.7,13.8,33.5,0.0,855.8,862.0,91,,0.6,,3,chuk_rwanda
2022-11-24 13:00:00,23.7,57,14.7,11.3,34.2,0.4,854.2,542.0,48,,0.4,,51,chuk_rwanda
2022-11-24 14:00:00,23.5,58,14.8,12.1,34.2,0.4,854.4,706.0,37,,0.49,,51,chuk_rwanda
2022-11-24 15:00:00,23.3,58,14.6,13.0,32.8,0.0,853.5,626.0,39,,0.43,,1,chuk_rwanda
2022-11-24 16:00:00,22.6,58,14.0,9.7,30.6,0.0,853.0,354.0,88,,0.26,,3,chuk_rwanda
2022-11-24 17:00:00,22.2,60,14.1,7.2,23.4,0.0,852.6,217.0,93,,0.16,,3,chuk_rwanda
2022-11-24 18:00:00,20.1,70,14.6,5.8,16.2,0.0,852.4,45.0,100,,0.04,,3,chuk_rwanda
2022-11-24 19:00:00,19.2,75,14.6,4.9,11.9,0.0,852.5,0.0,100,,0.0,,3,chuk_rwanda
2022-11-24 20:00:00,18.1,79,14.4,4.6,10.4,0.0,852.9,0.0,100,,0.0,,3,chuk_rwanda
2022-11-24 21:00:00,17.3,83,14.4,5.4,10.4,0.0,853.0,0.0,100,,0.0,,3,chuk_rwanda
2022-11-24 22:00:00,17.5,83,14.6,6.2,12.2,0.0,853.5,0.0,100,,0.0,,3,chuk_rwanda
2022-11-24 23:00:00,17.2,85,14.7,6.9,13.3,0.0,853.3,0.0,100,,0.0,,3,chuk_rwanda
2022-11-25 00:00:00,17.0,87,14.8,6.6,13.7,0.0,852.6,0.0,100,,0.0,,3,chuk_rwanda
2022-11-25 01:00:00,16.9,87,14.7,6.2,12.6,0.0,852.4,0.0,100,,0.0,,3,chuk_rwanda
2022-11-25 02:00:00,16.6,83,13.8,5.3,11.9,0.0,851.7,0.0,75,,0.0,,2,chuk_rwanda
2022-11-25 03:00:00,16.5,84,13.7,5.6,10.1,0.0,851.5,0.0,100,,0.0,,3,chuk_rwanda
2022-11-25 04:00:00,16.0,85,13.5,5.2,10.1,0.0,851.2,0.0,100,,0.0,,3,chuk_rwanda
2022-11-25 05:00:00,15.5,87,13.4,3.9,9.0,0.0,851.4,0.0,100,,0.0,,3,chuk_rwanda
2022-11-25 06:00:00,15.2,89,13.4,3.8,7.2,0.0,852.0,3.0,100,,0.0,,3,chuk_rwanda
2022-11-25 07:00:00,17.1,83,14.2,2.8,7.9,0.0,853.6,86.0,100,,0.05,,3,chuk_rwanda
2022-11-25 08:00:00,20.0,70,14.5,3.6,11.5,0.0,855.7,292.0,100,,0.19,,3,chuk_rwanda
2022-11-25 09:00:00,21.0,67,14.6,5.2,15.8,0.0,856.4,370.0,100,,0.25,,3,chuk_rwanda
2022-11-25 10:00:00,22.5,61,14.6,5.0,24.5,0.0,856.5,652.0,94,,0.44,,3,chuk_rwanda
2022-11-25 11:00:00,24.0,58,15.4,6.4,24.1,0.0,856.1,903.0,74,,0.62,,2,chuk_rwanda
2022-11-25 12:00:00,24.6,57,15.6,10.1,25.2,0.0,855.1,854.0,100,,0.59,,3,chuk_rwanda
2022-11-25 13:00:00,21.1,76,16.8,12.7,39.2,1.5,853.8,511.0,94,,0.33,,61,chuk_rwanda
2022-11-25 14:00:00,24.4,55,14.6,9.5,29.9,0.1,853.3,538.0,92,,0.4,,51,chuk_rwanda
2022-11-25 15:00:00,20.2,79,16.5,17.5,38.5,5.2,852.7,393.0,99,,0.25,,63,chuk_rwanda
2022-11-25 16:00:00,19.3,84,16.5,6.5,38.2,0.2,851.8,165.0,99,,0.12,,51,chuk_rwanda
2022-11-25 17:00:00,19.7,81,16.4,3.7,16.2,0.0,852.0,92.0,100,,0.07,,3,chuk_rwanda
2022-11-25 18:00:00,18.0,89,16.2,4.7,9.4,0.0,851.9,34.0,100,,0.02,,3,chuk_rwanda
2022-11-25 19:00:00,18.1,87,16.0,5.1,11.2,0.0,852.6,0.0,100,,0.0,,3,chuk_rwanda
2022-11-25 20:00:00,17.6,90,16.0,4.8,12.6,0.0,853.0,0.0,100,,0.0,,3,chuk_rwanda
2022-11-25 21:00:00,17.0,94,15.9,5.2,10.8,0.0,853.2,0.0,100,,0.0,,3,chuk_rwanda
2022-11-25 22:00:00,16.6,94,15.6,5.7,11.9,0.0,853.2,0.0,100,,0.0,,3,chuk_rwanda
2022-11-25 23:00:00,16.1,95,15.4,4.1,11.2,0.0,852.8,0.0,100,,0.0,,3,chuk_rwanda
2022-11-26 00:00:00,15.1,97,14.6,4.7,8.6,0.0,852.0,0.0,100,,0.0,,3,chuk_rwanda
2022-11-26 01:00:00,14.7,97,14.1,4.5,8.3,0.0,851.4,0.0,100,,0.0,,3,chuk_rwanda
2022-11-26 02:00:00,15.9,93,14.7,7.1,10.8,0.0,851.3,0.0,100,,0.0,,3,chuk_rwanda
2022-11-26 03:00:00,15.1,94,14.1,5.8,13.7,0.0,850.6,0.0,100,,0.0,,3,chuk_rwanda
2022-11-26 04:00:00,14.5,94,13.6,6.2,12.2,0.0,850.1,0.0,100,,0.0,,3,chuk_rwanda
2022-11-26 05:00:00,14.4,93,13.4,6.3,12.6,0.0,850.6,0.0,100,,0.0,,3,chuk_rwanda
2022-11-26 06:00:00,14.1,94,13.2,4.9,11.9,0.0,851.1,3.0,100,,0.0,,3,chuk_rwanda
2022-11-26 07:00:00,16.6,84,13.9,3.6,11.5,0.0,852.9,97.0,100,,0.05,,3,chuk_rwanda
2022-11-26 08:00:00,18.5,80,15.0,1.3,9.4,0.0,854.4,192.0,100,,0.13,,3,chuk_rwanda
2022-11-26 09:00:00,21.5,64,14.4,2.5,12.2,0.1,855.8,519.0,99,,0.34,,51,chuk_rwanda
2022-11-26 10:00:00,22.6,60,14.6,9.2,23.4,0.0,855.8,618.0,99,,0.42,,3,chuk_rwanda
2022-11-26 11:00:00,23.5,61,15.4,10.7,31.0,0.0,855.6,590.0,90,,0.42,,3,chuk_rwanda
2022-11-26 12:00:00,22.8,64,15.8,18.4,42.1,0.1,854.5,687.0,36,,0.46,,51,chuk_rwanda
2022-11-26 13:00:00,23.5,61,15.6,11.4,42.5,0.2,853.6,799.0,63,,0.54,,51,chuk_rwanda
2022-11-26 14:00:00,22.5,61,14.6,8.5,33.5,0.2,852.8,656.0,90,,0.45,,51,chuk_rwanda
2022-11-26 15:00:00,21.9,66,15.1,9.4,25.6,0.0,852.1,350.0,100,,0.26,,3,chuk_rwanda
2022-11-26 16:00:00,20.7,72,15.6,1.3,25.2,0.4,851.7,202.0,100,,0.14,,51,chuk_rwanda
2022-11-26 17:00:00,20.2,76,15.9,4.0,8.3,0.0,852.1,87.0,100,,0.08,,3,chuk_rwanda
2022-11-26 18:00:00,18.9,83,16.0,4.9,10.1,0.0,852.1,23.0,100,,0.03,,3,chuk_rwanda
2022-11-26 19:00:00,18.9,83,15.9,5.2,10.4,0.0,852.4,0.0,100,,0.0,,3,chuk_rwanda
2022-11-26 20:00:00,18.7,83,15.7,5.6,11.2,0.0,853.0,0.0,100,,0.0,,3,chuk_rwanda
2022-11-26 21:00:00,18.2,85,15.6,5.4,11.2,0.0,853.3,0.0,100,,0.0,,3,chuk_rwanda
2022-11-26 22:00:00,17.4,88,15.4,6.5,11.5,0.0,853.1,0.0,100,,0.0,,3,chuk_rwanda
2022-11-26 23:00:00,16.5,91,15.1,7.4,12.6,0.0,852.5,0.0,100,,0.0,,3,chuk_rwanda
2022-11-27 00:00:00,15.7,94,14.8,7.8,14.0,0.0,851.4,0.0,64,,0.0,,2,chuk_rwanda
2022-11-27 01:00:00,14.8,95,14.1,6.7,14.4,0.0,850.3,0.0,94,,0.0,,3,chuk_rwanda
2022-11-27 02:00:00,14.9,93,13.9,6.9,13.0,0.0,850.0,0.0,100,,0.0,,3,chuk_rwanda
2022-11-27 03:00:00,14.9,93,13.7,6.4,13.0,0.0,849.9,0.0,100,,0.0,,3,chuk_rwanda
2022-11-27 04:00:00,14.9,93,13.7,6.7,11.5,0.0,850.4,0.0,100,,0.0,,3,chuk_rwanda
2022-11-27 05:00:00,15.1,91,13.6,6.5,11.9,0.0,850.6,0.0,100,,0.0,,3,chuk_rwanda
2022-11-27 06:00:00,14.7,92,13.4,7.0,11.9,0.0,850.6,3.0,98,,0.0,,3,chuk_rwanda
2022-11-27 07:00:00,17.0,84,14.2,5.0,13.0,0.0,852.1,102.0,100,,0.06,,3,chuk_rwanda
2022-11-27 08:00:00,20.4,71,14.9,2.6,10.4,0.0,854.2,297.0,99,,0.19,,3,chuk_rwanda
2022-11-27 09:00:00,22.8,54,13.1,1.8,11.2,0.0,855.1,520.0,95,,0.35,,3,chuk_rwanda
2022-11-27 10:00:00,24.6,46,12.2,5.2,16.2,0.0,855.2,782.0,71,,0.55,,2,chuk_rwanda
2022-11-27 11:00:00,24.7,46,12.1,9.6,24.5,0.0,854.7,704.0,31,,0.52,,1,chuk_rwanda
2022-11-27 12:00:00,25.5,43,12.1,10.2,27.0,0.0,853.6,876.0,35,,0.63,,1,chuk_rwanda
2022-11-27 13:00:00,25.8,42,11.9,9.7,26.6,0.1,852.4,771.0,57,,0.57,,51,chuk_rwanda
2022-11-27 14:00:00,24.3,53,14.2,8.2,26.3,0.2,852.1,666.0,63,,0.48,,51,chuk_rwanda
2022-11-27 15:00:00,24.5,53,14.4,8.9,22.7,0.0,851.3,540.0,95,,0.4,,3,chuk_rwanda
2022-11-27 16:00:00,24.0,52,13.5,8.7,22.7,0.0,851.0,392.0,89,,0.3,,3,chuk_rwanda
2022-11-27 17:00:00,23.5,55,14.1,4.7,21.2,0.0,850.7,189.0,94,,0.15,,3,chuk_rwanda
2022-11-27 18:00:00,21.6,66,15.1,4.3,10.1,0.0,850.0,46.0,100,,0.04,,3,chuk_rwanda
2022-11-27 19:00:00,20.5,67,14.2,4.6,10.4,0.0,850.6,0.0,100,,0.01,,3,chuk_rwanda
2022-11-27 20:00:00,19.6,70,13.9,5.4,11.5,0.0,851.3,0.0,100,,0.01,,3,chuk_rwanda
2022-11-27 21:00:00,18.6,75,14.1,5.2,11.5,0.0,851.7,0.0,100,,0.0,,3,chuk_rwanda
2022-11-27 22:00:00,18.0,79,14.2,5.5,10.4,0.0,851.7,0.0,100,,0.0,,3,chuk_rwanda
2022-11-27 23:00:00,17.3,83,14.3,5.2,10.4,0.0,851.4,0.0,100,,0.0,,3,chuk_rwanda
2022-11-28 00:00:00,16.5,86,14.1,7.9,14.0,0.0,850.5,0.0,100,,0.0,,3,chuk_rwanda
2022-11-28 01:00:00,16.4,86,14.0,7.5,16.2,0.0,849.8,0.0,100,,0.0,,3,chuk_rwanda
2022-11-28 02:00:00,15.9,88,13.9,5.0,14.0,0.0,849.7,0.0,100,,0.0,,3,chuk_rwanda
2022-11-28 03:00:00,15.4,90,13.6,4.9,10.1,0.0,849.3,0.0,100,,0.0,,3,chuk_rwanda
2022-11-28 04:00:00,15.9,87,13.8,7.3,13.7,0.0,849.9,0.0,100,,0.0,,3,chuk_rwanda
2022-11-28 05:00:00,15.9,87,13.8,6.3,14.0,0.0,850.4,0.0,100,,0.0,,3,chuk_rwanda
2022-11-28 06:00:00,15.4,89,13.7,6.0,18.0,0.1,850.7,2.0,99,,0.01,,51,chuk_rwanda
2022-11-28 07:00:00,17.0,85,14.4,7.4,20.9,0.0,851.9,71.0,100,,0.05,,3,chuk_rwanda
2022-11-28 08:00:00,19.8,76,15.4,5.1,15.1,0.0,853.4,205.0,100,,0.14,,3,chuk_rwanda
2022-11-28 09:00:00,21.2,62,13.6,1.0,12.2,0.0,854.0,285.0,100,,0.2,,3,chuk_rwanda
2022-11-28 10:00:00,23.0,52,12.6,1.1,9.4,0.0,854.3,519.0,100,,0.36,,3,chuk_rwanda
2022-11-28 11:00:00,24.0,48,12.4,6.6,17.3,0.0,854.3,619.0,100,,0.45,,3,chuk_rwanda
2022-11-28 12:00:00,23.5,51,12.6,8.2,21.2,0.0,853.2,435.0,100,,0.34,,3,chuk_rwanda
2022-11-28 13:00:00,23.4,52,12.9,10.8,26.3,0.0,852.3,482.0,100,,0.37,,3,chuk_rwanda
2022-11-28 14:00:00,22.8,59,14.4,8.5,27.4,0.0,851.9,653.0,91,,0.45,,3,chuk_rwanda
2022-11-28 15:00:00,23.5,53,13.4,9.8,24.5,0.0,851.1,594.0,98,,0.42,,3,chuk_rwanda
2022-11-28 16:00:00,23.0,55,13.4,10.7,25.6,0.0,850.9,445.0,100,,0.32,,3,chuk_rwanda
2022-11-28 17:00:00,22.1,59,13.8,6.9,24.5,0.0,850.5,215.0,40,,0.16,,1,chuk_rwanda
2022-11-28 18:00:00,20.2,70,14.6,4.4,15.5,0.0,849.9,44.0,43,,0.03,,1,chuk_rwanda
2022-11-28 19:00:00,19.4,74,14.8,4.8,9.7,0.0,849.7,0.0,22,,0.0,,1,chuk_rwanda
2022-11-28 20:00:00,19.0,72,13.9,3.7,9.4,0.0,850.3,0.0,41,,0.0,,1,chuk_rwanda
2022-11-28 21:00:00,17.5,77,13.5,6.5,12.6,0.0,850.3,0.0,22,,0.0,,1,chuk_rwanda
2022-11-28 22:00:00,16.4,81,13.1,9.1,17.6,0.0,850.5,0.0,23,,0.0,,1,chuk_rwanda
2022-11-28 23:00:00,15.9,84,13.1,7.6,17.6,0.0,850.6,0.0,12,,0.0,,0,chuk_rwanda
2022-11-29 00:00:00,15.1,87,13.1,7.9,15.1,0.0,850.0,0.0,49,,0.0,,1,chuk_rwanda
2022-11-29 01:00:00,14.9,89,13.0,7.5,15.1,0.0,849.2,0.0,90,,0.0,,3,chuk_rwanda
2022-11-29 02:00:00,16.1,83,13.2,4.8,15.1,0.0,849.3,0.0,100,,0.0,,3,chuk_rwanda
2022-11-29 03:00:00,16.5,82,13.4,4.4,12.6,0.0,849.4,0.0,100,,0.0,,3,chuk_rwanda
2022-11-29 04:00:00,16.1,87,14.0,3.7,8.6,0.1,849.6,0.0,97,,0.0,,51,chuk_rwanda
2022-11-29 05:00:00,15.4,89,13.7,3.9,8.3,0.0,849.7,0.0,100,,0.0,,3,chuk_rwanda
2022-11-29 06:00:00,15.9,88,13.9,4.5,8.6,0.1,850.5,1.0,100,,0.02,,51,chuk_rwanda
2022-11-29 07:00:00,17.2,84,14.5,5.1,11.2,0.0,851.8,52.0,100,,0.04,,3,chuk_rwanda
2022-11-29 08:00:00,18.6,81,15.4,1.9,11.2,0.0,853.2,125.0,100,,0.09,,3,chuk_rwanda
2022-11-29 09:00:00,21.0,66,14.4,3.2,11.5,0.0,854.4,311.0,93,,0.22,,3,chuk_rwanda
2022-11-29 10:00:00,21.5,63,14.2,5.4,16.6,0.0,854.2,384.0,72,,0.28,,2,chuk_rwanda
2022-11-29 11:00:00,23.4,57,14.3,6.8,24.5,0.0,854.0,745.0,58,,0.52,,2,chuk_rwanda
2022-11-29 12:00:00,24.2,51,13.6,9.0,24.1,0.1,852.7,743.0,36,,0.53,,51,chuk_rwanda
2022-11-29 13:00:00,25.0,49,13.6,10.9,27.4,0.2,851.8,842.0,60,,0.6,,51,chuk_rwanda
2022-11-29 14:00:00,23.6,58,15.0,9.0,27.4,1.2,851.8,697.0,64,,0.49,,55,chuk_rwanda
2022-11-29 15:00:00,23.5,57,14.6,9.7,26.6,0.0,851.2,520.0,35,,0.37,,1,chuk_rwanda
2022-11-29 16:00:00,23.6,57,14.5,8.0,25.9,0.0,851.1,418.0,83,,0.3,,3,chuk_rwanda
2022-11-29 17:00:00,21.9,62,14.1,9.0,20.9,0.2,851.2,237.0,88,,0.17,,51,chuk_rwanda
2022-11-29 18:00:00,19.4,76,14.9,4.9,20.2,0.1,851.5,41.0,96,,0.03,,51,chuk_rwanda
2022-11-29 19:00:00,18.7,82,15.6,4.4,9.7,0.0,851.8,0.0,100,,0.0,,3,chuk_rwanda
2022-11-29 20:00:00,17.2,91,15.8,4.6,9.0,0.0,851.5,0.0,100,,0.0,,3,chuk_rwanda
2022-11-29 21:00:00,16.4,94,15.4,5.9,9.0,0.0,851.8,0.0,100,,0.0,,3,chuk_rwanda
2022-11-29 22:00:00,16.0,95,15.2,5.4,8.3,0.0,852.2,0.0,100,,0.0,,3,chuk_rwanda
2022-11-29 23:00:00,15.7,95,14.9,5.1,7.9,0.0,851.7,0.0,100,,0.0,,3,chuk_rwanda
2022-11-30 00:00:00,14.9,97,14.4,5.2,7.9,0.0,851.0,0.0,100,,0.0,,3,chuk_rwanda
2022-11-30 01:00:00,14.9,97,14.4,3.9,7.9,0.0,850.5,0.0,100,,0.0,,3,chuk_rwanda
2022-11-30 02:00:00,14.6,96,13.9,5.4,9.0,0.0,849.3,0.0,100,,0.0,,3,chuk_rwanda
2022-11-30 03:00:00,14.6,95,13.9,4.1,9.4,0.0,849.1,0.0,100,,0.0,,3,chuk_rwanda
2022-11-30 04:00:00,14.1,96,13.6,5.0,7.9,0.0,849.2,0.0,100,,0.0,,3,chuk_rwanda
2022-11-30 05:00:00,14.0,96,13.4,4.6,9.0,0.0,849.5,0.0,97,,0.0,,3,chuk_rwanda
2022-11-30 06:00:00,13.9,96,13.2,3.9,9.4,0.0,850.0,3.0,87,,0.0,,3,chuk_rwanda
2022-11-30 07:00:00,16.9,87,14.6,2.9,10.4,0.0,852.4,120.0,100,,0.06,,3,chuk_rwanda
2022-11-30 08:00:00,19.0,78,15.1,1.9,9.4,0.0,853.9,222.0,100,,0.14,,3,chuk_rwanda
2022-11-30 09:00:00,19.8,73,14.8,3.3,11.2,0.0,854.5,201.0,100,,0.15,,3,chuk_rwanda
2022-11-30 10:00:00,20.6,67,14.2,5.8,15.5,0.0,854.4,265.0,100,,0.2,,3,chuk_rwanda
2022-11-30 11:00:00,22.4,61,14.4,7.9,20.2,0.0,854.0,486.0,94,,0.35,,3,chuk_rwanda
2022-11-30 12:00:00,24.5,52,13.9,11.6,29.9,0.5,853.4,911.0,97,,0.63,,53,chuk_rwanda
2022-11-30 13:00:00,25.4,50,14.2,8.4,30.2,0.1,852.5,806.0,99,,0.58,,51,chuk_rwanda
2022-11-30 14:00:00,23.9,52,13.6,9.8,37.4,0.8,851.7,830.0,100,,0.57,,53,chuk_rwanda
2022-11-30 15:00:00,24.0,51,13.3,10.5,25.2,0.3,851.0,530.0,99,,0.39,,51,chuk_rwanda
2022-11-30 16:00:00,21.5,65,14.6,10.9,29.2,0.3,850.7,347.0,98,,0.25,,51,chuk_rwanda
2022-11-30 17:00:00,20.6,70,14.9,11.2,24.1,0.1,851.3,147.0,100,,0.13,,51,chuk_rwanda
2022-11-30 18:00:00,18.2,89,16.3,1.5,24.5,0.3,851.8,32.0,100,,0.02,,51,chuk_rwanda
2022-11-30 19:00:00,18.1,86,15.7,5.2,20.5,0.1,852.6,0.0,100,,0.0,,51,chuk_rwanda
2022-11-30 20:00:00,17.5,91,15.9,5.4,13.0,0.1,853.4,0.0,100,,0.0,,51,chuk_rwanda
2022-11-30 21:00:00,17.1,92,15.8,5.8,13.0,0.0,853.9,0.0,100,,0.0,,3,chuk_rwanda
2022-11-30 22:00:00,16.6,94,15.6,6.1,12.6,0.0,853.8,0.0,100,,0.0,,3,chuk_rwanda
2022-11-30 23:00:00,16.1,94,15.2,6.1,13.3,0.0,853.2,0.0,100,,0.0,,3,chuk_rwanda
2022-12-01 00:00:00,15.8,94,14.9,6.2,14.4,0.0,852.1,0.0,100,,0.0,,3,chuk_rwanda
2022-12-01 01:00:00,14.6,96,14.0,5.3,13.0,0.0,851.0,0.0,100,,0.0,,3,chuk_rwanda
2022-12-01 02:00:00,16.0,97,15.4,4.8,10.1,0.0,851.1,0.0,100,,0.0,,3,chuk_rwanda
2022-12-01 03:00:00,14.3,98,14.0,4.9,9.4,0.0,850.2,0.0,95,,0.0,,3,chuk_rwanda
2022-12-01 04:00:00,13.8,98,13.6,4.2,9.0,0.0,850.1,0.0,98,,0.0,,3,chuk_rwanda
2022-12-01 05:00:00,13.9,97,13.4,5.2,10.4,0.0,850.6,0.0,97,,0.0,,3,chuk_rwanda
2022-12-01 06:00:00,14.1,96,13.4,5.0,11.9,0.0,850.9,3.0,100,,0.0,,3,chuk_rwanda
2022-12-01 07:00:00,16.4,92,15.0,5.0,13.3,0.0,852.4,114.0,100,,0.05,,3,chuk_rwanda
2022-12-01 08:00:00,19.1,85,16.5,2.9,13.0,0.0,854.0,236.0,100,,0.15,,3,chuk_rwanda
2022-12-01 09:00:00,22.0,69,15.9,3.3,21.2,0.0,855.5,571.0,98,,0.37,,3,chuk_rwanda
2022-12-01 10:00:00,23.4,64,16.2,8.4,27.4,0.1,855.6,742.0,97,,0.5,,51,chuk_rwanda
2022-12-01 11:00:00,22.7,65,15.9,9.9,28.4,2.0,854.5,432.0,99,,0.32,,61,chuk_rwanda
2022-12-01 12:00:00,22.2,67,15.8,6.9,27.0,2.9,853.8,710.0,98,,0.48,,63,chuk_rwanda
2022-12-01 13:00:00,23.8,61,15.9,6.6,24.8,0.1,853.0,725.0,93,,0.51,,51,chuk_rwanda
2022-12-01 14:00:00,24.4,54,14.5,8.7,21.6,0.5,852.5,520.0,100,,0.39,,53,chuk_rwanda
2022-12-01 15:00:00,22.9,63,15.6,9.4,24.8,3.1,851.8,566.0,77,,0.39,,63,chuk_rwanda
2022-12-01 16:00:00,21.5,67,15.1,7.2,23.0,0.5,851.3,242.0,100,,0.19,,53,chuk_rwanda
2022-12-01 17:00:00,19.7,77,15.5,9.0,26.6,0.1,851.7,124.0,100,,0.1,,51,chuk_rwanda
2022-12-01 18:00:00,18.2,88,16.1,2.9,18.0,0.0,852.1,34.0,100,,0.02,,3,chuk_rwanda
2022-12-01 19:00:00,17.9,91,16.5,5.4,10.4,0.0,852.9,0.0,100,,0.0,,3,chuk_rwanda
2022-12-01 20:00:00,17.0,94,16.1,5.8,17.3,2.0,853.6,0.0,97,,0.0,,61,chuk_rwanda
2022-12-01 21:00:00,16.4,95,15.5,6.2,19.4,2.4,853.9,0.0,100,,0.0,,61,chuk_rwanda
2022-12-01 22:00:00,15.8,97,15.4,3.4,12.6,0.0,853.6,0.0,100,,0.0,,3,chuk_rwanda
2022-12-01 23:00:00,15.4,97,14.9,4.6,8.3,0.0,853.0,0.0,100,,0.0,,3,chuk_rwanda
2022-12-02 00:00:00,14.6,98,14.2,5.4,9.0,0.0,852.1,0.0,100,,0.0,,3,chuk_rwanda
2022-12-02 01:00:00,14.9,97,14.4,4.9,11.2,0.0,851.3,0.0,100,,0.0,,3,chuk_rwanda
2022-12-02 02:00:00,15.2,98,14.9,5.6,11.2,0.0,851.4,0.0,100,,0.0,,3,chuk_rwanda
2022-12-02 03:00:00,15.7,97,15.1,3.4,8.6,0.0,851.5,0.0,100,,0.0,,3,chuk_rwanda
2022-12-02 04:00:00,14.6,100,14.6,3.1,5.4,0.0,851.3,0.0,100,,0.0,,3,chuk_rwanda
2022-12-02 05:00:00,13.6,100,13.6,2.9,7.2,0.0,851.3,0.0,100,,0.0,,3,chuk_rwanda
2022-12-02 06:00:00,14.1,99,13.9,4.5,9.4,0.0,852.0,2.0,100,,0.0,,3,chuk_rwanda
2022-12-02 07:00:00,15.6,96,14.9,4.4,12.6,0.0,853.6,90.0,100,,0.04,,3,chuk_rwanda
2022-12-02 08:00:00,17.9,89,16.0,2.2,12.6,0.0,855.4,300.0,74,,0.18,,2,chuk_rwanda
2022-12-02 09:00:00,20.5,77,16.3,3.4,14.8,0.0,856.1,557.0,84,,0.35,,3,chuk_rwanda
2022-12-02 10:00:00,22.1,66,15.6,5.9,24.1,0.3,855.9,717.0,51,,0.47,,51,chuk_rwanda
2022-12-02 11:00:00,23.3,59,14.9,8.7,26.6,0.2,855.2,827.0,20,,0.56,,51,chuk_rwanda
2022-12-02 12:00:00,24.6,54,14.6,9.5,27.7,0.2,854.3,930.0,38,,0.64,,51,chuk_rwanda
2022-12-02 13:00:00,25.2,50,14.1,10.6,27.0,0.0,853.2,853.0,25,,0.61,,1,chuk_rwanda
2022-12-02 14:00:00,24.4,50,13.2,10.9,28.1,0.1,852.7,830.0,12,,0.58,,51,chuk_rwanda
2022-12-02 15:00:00,24.8,47,12.6,10.8,27.4,0.0,851.7,560.0,24,,0.42,,1,chuk_rwanda
2022-12-02 16:00:00,25.0,45,12.4,11.2,26.3,0.0,851.6,465.0,23,,0.36,,1,chuk_rwanda
2022-12-02 17:00:00,23.6,50,12.6,10.6,25.2,0.0,851.4,243.0,41,,0.2,,1,chuk_rwanda
2022-12-02 18:00:00,21.4,61,13.4,6.4,23.4,0.0,851.4,43.0,55,,0.05,,2,chuk_rwanda
2022-12-02 19:00:00,20.4,68,14.1,4.7,14.0,0.0,851.5,0.0,45,,0.01,,1,chuk_rwanda
2022-12-02 20:00:00,19.0,74,14.2,3.7,10.4,0.0,851.6,0.0,27,,0.0,,1,chuk_rwanda
2022-12-02 21:00:00,17.6,80,14.2,4.7,9.4,0.0,851.4,0.0,23,,0.0,,1,chuk_rwanda
2022-12-02 22:00:00,16.1,89,14.2,5.4,10.8,0.0,850.9,0.0,5,,0.0,,0,chuk_rwanda
2022-12-02 23:00:00,15.0,93,13.9,7.3,13.0,0.0,850.3,0.0,0,,0.0,,0,chuk_rwanda
2022-12-03 00:00:00,14.8,92,13.4,9.0,16.2,0.0,849.9,0.0,3,,0.0,,0,chuk_rwanda
2022-12-03 01:00:00,14.6,90,13.1,7.7,16.2,0.0,849.3,0.0,0,,0.0,,0,chuk_rwanda
2022-12-03 02:00:00,14.1,92,12.8,7.8,14.4,0.0,848.5,0.0,4,,0.0,,0,chuk_rwanda
2022-12-03 03:00:00,13.8,92,12.6,8.4,15.8,0.0,848.0,0.0,15,,0.0,,0,chuk_rwanda
2022-12-03 04:00:00,13.5,92,12.3,8.4,15.8,0.0,848.1,0.0,7,,0.0,,0,chuk_rwanda
2022-12-03 05:00:00,13.4,92,12.1,7.7,15.8,0.0,848.5,0.0,32,,0.0,,1,chuk_rwanda
2022-12-03 06:00:00,13.6,90,11.9,6.3,14.0,0.0,849.4,3.0,88,,0.0,,3,chuk_rwanda
2022-12-03 07:00:00,16.2,81,13.0,3.0,13.0,0.0,851.7,96.0,88,,0.05,,3,chuk_rwanda
2022-12-03 08:00:00,19.5,70,13.9,0.8,9.4,0.0,853.9,307.0,24,,0.19,,1,chuk_rwanda
2022-12-03 09:00:00,22.0,61,14.1,3.9,14.0,0.0,854.6,555.0,42,,0.37,,1,chuk_rwanda
2022-12-03 10:00:00,23.3,55,13.7,6.8,18.7,0.1,854.5,685.0,65,,0.47,,51,chuk_rwanda
2022-12-03 11:00:00,24.4,49,13.0,9.4,24.5,0.2,854.1,686.0,60,,0.5,,51,chuk_rwanda
2022-12-03 12:00:00,25.8,45,13.0,9.4,27.4,0.1,853.3,901.0,35,,0.65,,51,chuk_rwanda
2022-12-03 13:00:00,26.3,44,13.2,9.0,26.3,0.0,852.4,814.0,30,,0.6,,1,chuk_rwanda
2022-12-03 14:00:00,25.8,48,13.9,9.4,26.6,0.0,852.0,784.0,35,,0.57,,1,chuk_rwanda
2022-12-03 15:00:00,24.9,51,14.0,11.2,25.6,0.0,851.0,619.0,92,,0.45,,3,chuk_rwanda
2022-12-03 16:00:00,24.2,52,13.7,9.0,27.4,0.2,850.7,435.0,85,,0.32,,51,chuk_rwanda
2022-12-03 17:00:00,23.8,56,14.5,5.4,21.6,0.0,850.6,273.0,82,,0.19,,3,chuk_rwanda
2022-12-03 18:00:00,21.5,67,15.1,4.8,14.8,0.0,850.7,51.0,77,,0.04,,2,chuk_rwanda
2022-12-03 19:00:00,20.5,71,14.9,4.7,10.8,0.0,851.3,0.0,81,,0.0,,3,chuk_rwanda
2022-12-03 20:00:00,19.1,76,14.8,4.7,10.1,0.0,851.5,0.0,95,,0.0,,3,chuk_rwanda
2022-12-03 21:00:00,17.9,81,14.6,5.2,10.1,0.0,851.6,0.0,92,,0.0,,3,chuk_rwanda
2022-12-03 22:00:00,16.7,87,14.6,6.6,11.9,0.0,851.4,0.0,83,,0.0,,3,chuk_rwanda
2022-12-03 23:00:00,16.1,90,14.4,8.9,15.8,0.0,851.1,0.0,54,,0.0,,2,chuk_rwanda
2022-12-04 00:00:00,15.8,89,14.0,8.7,17.6,0.0,850.3,0.0,7,,0.0,,0,chuk_rwanda
2022-12-04 01:00:00,15.6,88,13.6,8.0,16.9,0.0,849.9,0.0,18,,0.0,,0,chuk_rwanda
2022-12-04 02:00:00,14.8,89,12.9,5.6,15.1,0.0,849.2,0.0,98,,0.0,,3,chuk_rwanda
2022-12-04 03:00:00,14.8,88,12.9,5.7,11.2,0.0,849.5,0.0,100,,0.0,,3,chuk_rwanda
2022-12-04 04:00:00,14.0,91,12.6,7.1,12.2,0.0,849.4,0.0,100,,0.0,,3,chuk_rwanda
2022-12-04 05:00:00,13.9,91,12.4,8.0,14.4,0.0,849.7,0.0,100,,0.0,,3,chuk_rwanda
2022-12-04 06:00:00,14.2,88,12.4,7.8,14.8,0.0,850.3,2.0,100,,0.01,,3,chuk_rwanda
2022-12-04 07:00:00,17.5,77,13.4,6.6,16.6,0.0,852.5,86.0,100,,0.06,,3,chuk_rwanda
2022-12-04 08:00:00,19.5,74,14.9,4.4,14.4,0.0,854.0,163.0,100,,0.12,,3,chuk_rwanda
2022-12-04 09:00:00,23.2,56,14.1,2.9,12.6,0.0,855.5,508.0,100,,0.35,,3,chuk_rwanda
2022-12-04 10:00:00,24.3,48,12.4,11.9,27.7,0.2,855.7,633.0,100,,0.46,,51,chuk_rwanda
2022-12-04 11:00:00,25.4,44,12.2,14.1,32.8,0.1,855.1,757.0,100,,0.56,,51,chuk_rwanda
2022-12-04 12:00:00,25.8,44,12.6,13.6,33.8,0.1,854.2,840.0,69,,0.62,,51,chuk_rwanda
2022-12-04 13:00:00,25.8,44,12.6,13.8,32.8,0.1,853.3,806.0,49,,0.6,,51,chuk_rwanda
2022-12-04 14:00:00,25.0,47,12.9,13.3,35.3,0.4,852.5,757.0,59,,0.55,,51,chuk_rwanda
2022-12-04 15:00:00,25.5,48,13.5,12.4,32.0,0.0,851.6,684.0,100,,0.5,,3,chuk_rwanda
2022-12-04 16:00:00,24.7,50,13.7,11.9,29.5,0.0,851.6,481.0,99,,0.36,,3,chuk_rwanda
2022-12-04 17:00:00,23.9,55,14.1,7.6,27.4,0.0,851.5,270.0,79,,0.2,,2,chuk_rwanda
2022-12-04 18:00:00,21.4,72,16.0,4.7,16.6,0.0,851.4,60.0,56,,0.04,,2,chuk_rwanda
2022-12-04 19:00:00,22.2,57,13.4,3.1,9.7,0.0,852.9,0.0,94,,0.0,,3,chuk_rwanda
2022-12-04 20:00:00,19.6,72,14.4,6.3,11.2,0.0,852.9,0.0,100,,0.01,,3,chuk_rwanda
2022-12-04 21:00:00,17.8,81,14.6,10.0,19.4,0.0,853.2,0.0,100,,0.01,,3,chuk_rwanda
2022-12-04 22:00:00,17.2,84,14.4,9.2,19.4,0.0,853.0,0.0,100,,0.0,,3,chuk_rwanda
2022-12-04 23:00:00,16.5,87,14.2,8.6,17.6,0.0,852.4,0.0,100,,0.0,,3,chuk_rwanda
2022-12-05 00:00:00,15.9,89,14.1,6.1,16.2,0.0,852.0,0.0,100,,0.0,,3,chuk_rwanda
2022-12-05 01:00:00,15.4,91,13.9,5.6,11.2,0.0,851.8,0.0,100,,0.0,,3,chuk_rwanda
2022-12-05 02:00:00,16.0,80,12.6,7.0,11.9,0.0,851.1,0.0,100,,0.0,,3,chuk_rwanda
2022-12-05 03:00:00,15.9,82,12.8,6.3,13.3,0.0,851.2,0.0,100,,0.0,,3,chuk_rwanda
2022-12-05 04:00:00,16.1,82,13.0,5.5,12.6,0.0,851.6,0.0,100,,0.0,,3,chuk_rwanda
2022-12-05 05:00:00,16.1,82,13.1,5.4,10.8,0.0,852.3,0.0,100,,0.0,,3,chuk_rwanda
2022-12-05 06:00:00,16.5,82,13.4,3.7,10.1,0.0,853.3,2.0,100,,0.01,,3,chuk_rwanda
2022-12-05 07:00:00,18.1,79,14.4,4.3,11.2,0.0,855.0,87.0,100,,0.06,,3,chuk_rwanda
2022-12-05 08:00:00,21.0,69,15.1,1.8,10.4,0.0,856.7,316.0,100,,0.2,,3,chuk_rwanda
2022-12-05 09:00:00,21.9,68,15.8,5.2,21.2,0.1,857.3,497.0,100,,0.33,,51,chuk_rwanda
2022-12-05 10:00:00,21.9,70,16.2,7.0,26.3,5.8,857.1,574.0,100,,0.38,,63,chuk_rwanda
2022-12-05 11:00:00,23.4,64,16.0,6.6,24.5,0.1,856.7,549.0,100,,0.39,,51,chuk_rwanda
2022-12-05 12:00:00,25.1,53,14.8,8.7,24.1,0.1,855.9,751.0,100,,0.54,,51,chuk_rwanda
2022-12-05 13:00:00,25.0,50,13.9,8.0,24.5,0.0,854.2,389.0,100,,0.33,,3,chuk_rwanda
2022-12-05 14:00:00,21.0,73,15.9,4.3,20.9,0.0,854.3,404.0,99,,0.28,,3,chuk_rwanda
2022-12-05 15:00:00,20.9,74,16.0,4.6,22.3,2.0,853.7,366.0,100,,0.25,,61,chuk_rwanda
2022-12-05 16:00:00,21.4,72,16.1,4.6,16.2,0.0,853.6,338.0,100,,0.23,,3,chuk_rwanda
2022-12-05 17:00:00,20.6,74,15.9,6.5,19.1,0.1,853.6,188.0,100,,0.13,,51,chuk_rwanda
2022-12-05 18:00:00,18.4,84,15.6,6.0,14.0,0.0,852.9,47.0,100,,0.03,,3,chuk_rwanda
2022-12-05 19:00:00,17.5,86,15.2,5.6,10.1,0.0,853.4,0.0,100,,0.0,,3,chuk_rwanda
2022-12-05 20:00:00,17.1,88,15.1,5.2,9.0,0.0,854.1,0.0,97,,0.0,,3,chuk_rwanda
2022-12-05 21:00:00,16.5,92,15.1,3.7,7.6,0.0,854.5,0.0,100,,0.0,,3,chuk_rwanda
2022-12-05 22:00:00,15.9,93,14.8,6.0,11.9,0.0,854.3,0.0,100,,0.0,,3,chuk_rwanda
2022-12-05 23:00:00,15.1,95,14.3,6.9,13.7,0.0,853.5,0.0,100,,0.0,,3,chuk_rwanda
2022-12-06 00:00:00,14.6,95,13.8,5.8,13.7,0.0,852.9,0.0,100,,0.0,,3,chuk_rwanda
2022-12-06 01:00:00,14.0,95,13.2,5.6,11.9,0.0,852.0,0.0,100,,0.0,,3,chuk_rwanda
2022-12-06 02:00:00,14.2,94,13.3,6.4,14.0,0.0,851.5,0.0,100,,0.0,,3,chuk_rwanda
2022-12-06 03:00:00,13.9,94,13.0,6.8,14.0,0.0,851.1,0.0,100,,0.0,,3,chuk_rwanda
2022-12-06 04:00:00,13.6,94,12.6,6.8,14.4,0.0,850.8,0.0,100,,0.0,,3,chuk_rwanda
2022-12-06 05:00:00,13.1,94,12.2,5.8,14.0,0.0,851.1,0.0,100,,0.0,,3,chuk_rwanda
2022-12-06 06:00:00,13.1,94,12.1,6.6,12.6,0.0,851.5,2.0,100,,0.0,,3,chuk_rwanda
2022-12-06 07:00:00,15.9,85,13.4,6.3,14.8,0.0,853.6,113.0,100,,0.06,,3,chuk_rwanda
2022-12-06 08:00:00,19.9,74,15.1,3.4,14.4,0.0,856.1,344.0,98,,0.21,,3,chuk_rwanda
2022-12-06 09:00:00,22.5,60,14.5,1.5,11.5,0.0,857.2,591.0,100,,0.39,,3,chuk_rwanda
2022-12-06 10:00:00,24.0,49,12.8,9.4,23.8,0.1,857.2,753.0,100,,0.52,,51,chuk_rwanda
2022-12-06 11:00:00,24.5,46,12.1,10.8,26.3,0.1,856.6,656.0,100,,0.49,,51,chuk_rwanda
2022-12-06 12:00:00,25.1,45,12.4,11.0,27.7,0.1,855.9,812.0,100,,0.59,,51,chuk_rwanda
2022-12-06 13:00:00,25.4,46,12.9,11.2,28.1,0.2,854.7,869.0,100,,0.62,,51,chuk_rwanda
2022-12-06 14:00:00,25.5,43,11.9,10.9,27.7,0.0,854.2,728.0,86,,0.54,,3,chuk_rwanda
2022-12-06 15:00:00,24.8,46,12.6,12.5,29.2,0.0,853.4,574.0,100,,0.44,,3,chuk_rwanda
2022-12-06 16:00:00,23.8,52,13.3,10.8,29.2,0.1,852.9,387.0,100,,0.3,,51,chuk_rwanda
2022-12-06 17:00:00,22.5,61,14.6,6.8,24.5,0.2,852.9,190.0,100,,0.15,,51,chuk_rwanda
2022-12-06 18:00:00,20.2,70,14.6,5.0,15.1,0.0,852.7,50.0,100,,0.04,,3,chuk_rwanda
2022-12-06 19:00:00,19.5,74,14.8,6.9,14.8,0.0,853.3,0.0,100,,0.01,,3,chuk_rwanda
2022-12-06 20:00:00,18.4,80,14.9,5.1,14.0,0.0,853.6,0.0,100,,0.0,,3,chuk_rwanda
2022-12-06 21:00:00,17.1,86,14.8,8.4,15.5,0.0,853.3,0.0,99,,0.0,,3,chuk_rwanda
2022-12-06 22:00:00,16.4,90,14.8,8.7,17.3,0.0,852.9,0.0,94,,0.0,,3,chuk_rwanda
2022-12-06 23:00:00,15.7,92,14.4,8.6,16.9,0.0,852.4,0.0,53,,0.0,,2,chuk_rwanda
2022-12-07 00:00:00,15.4,92,14.0,8.2,16.2,0.0,852.2,0.0,83,,0.0,,3,chuk_rwanda
2022-12-07 01:00:00,15.0,91,13.6,7.5,15.5,0.0,851.8,0.0,92,,0.0,,3,chuk_rwanda
2022-12-07 02:00:00,14.1,91,12.6,6.9,14.0,0.0,851.1,0.0,85,,0.0,,3,chuk_rwanda
2022-12-07 03:00:00,13.7,91,12.3,7.7,14.8,0.0,851.0,0.0,25,,0.0,,1,chuk_rwanda
2022-12-07 04:00:00,13.3,92,12.1,6.8,14.0,0.0,850.7,0.0,53,,0.0,,2,chuk_rwanda
2022-12-07 05:00:00,13.3,91,11.9,6.7,12.2,0.0,851.3,0.0,1,,0.0,,0,chuk_rwanda
2022-12-07 06:00:00,13.2,91,11.8,7.2,11.9,0.0,851.6,2.0,0,,0.0,,0,chuk_rwanda
2022-12-07 07:00:00,15.9,83,13.0,5.1,14.0,0.0,853.6,119.0,0,,0.06,,0,chuk_rwanda
2022-12-07 08:00:00,19.6,71,14.3,2.2,11.5,0.0,855.6,354.0,1,,0.21,,0,chuk_rwanda
2022-12-07 09:00:00,22.0,61,14.2,2.9,13.0,0.0,856.6,589.0,45,,0.39,,1,chuk_rwanda
2022-12-07 10:00:00,23.5,56,14.1,3.4,14.4,0.0,856.7,675.0,54,,0.47,,2,chuk_rwanda
2022-12-07 11:00:00,24.8,49,13.3,6.9,25.9,0.0,856.1,840.0,5,,0.59,,0,chuk_rwanda
2022-12-07 12:00:00,26.0,47,13.9,9.4,27.7,0.0,855.4,985.0,30,,0.7,,1,chuk_rwanda
2022-12-07 13:00:00,25.8,46,13.3,11.4,28.1,0.0,854.2,812.0,100,,0.6,,3,chuk_rwanda
2022-12-07 14:00:00,24.8,53,14.4,10.1,30.2,2.3,853.4,745.0,51,,0.53,,61,chuk_rwanda
2022-12-07 15:00:00,22.8,58,14.1,10.0,29.9,0.0,852.7,478.0,57,,0.35,,2,chuk_rwanda
2022-12-07 16:00:00,23.2,56,14.0,6.2,23.4,0.0,852.4,335.0,69,,0.25,,2,chuk_rwanda
2022-12-07 17:00:00,22.2,64,15.0,7.4,20.9,0.0,852.4,236.0,88,,0.17,,3,chuk_rwanda
2022-12-07 18:00:00,20.2,81,16.9,4.0,16.9,0.0,852.2,49.0,93,,0.03,,3,chuk_rwanda
2022-12-07 19:00:00,20.6,72,15.4,2.3,8.6,0.0,853.4,0.0,100,,0.0,,3,chuk_rwanda
2022-12-07 20:00:00,18.8,84,15.9,2.5,5.8,0.0,853.6,0.0,96,,0.0,,3,chuk_rwanda
2022-12-07 21:00:00,17.8,85,15.2,5.0,9.0,0.0,854.0,0.0,69,,0.0,,2,chuk_rwanda
2022-12-07 22:00:00,16.4,91,14.9,7.4,13.3,0.0,853.5,0.0,88,,0.0,,3,chuk_rwanda
2022-12-07 23:00:00,15.8,93,14.6,8.2,15.1,0.0,852.9,0.0,93,,0.0,,3,chuk_rwanda
2022-12-08 00:00:00,15.7,91,14.2,7.7,15.8,0.0,852.3,0.0,99,,0.0,,3,chuk_rwanda
2022-12-08 01:00:00,15.4,90,13.8,5.6,14.4,0.0,851.9,0.0,97,,0.0,,3,chuk_rwanda
2022-12-08 02:00:00,13.6,95,12.8,5.8,10.1,0.0,850.6,0.0,53,,0.0,,2,chuk_rwanda
2022-12-08 03:00:00,14.1,92,12.9,4.9,9.4,0.0,851.0,0.0,100,,0.0,,3,chuk_rwanda
2022-12-08 04:00:00,15.1,89,13.2,2.9,10.4,0.0,852.2,0.0,88,,0.0,,3,chuk_rwanda
2022-12-08 05:00:00,14.4,93,13.4,3.1,6.1,0.0,852.5,0.0,100,,0.0,,3,chuk_rwanda
2022-12-08 06:00:00,14.9,93,13.9,5.9,12.6,0.0,853.3,1.0,97,,0.01,,3,chuk_rwanda
2022-12-08 07:00:00,16.3,88,14.4,5.6,13.0,0.0,854.6,77.0,59,,0.05,,2,chuk_rwanda
2022-12-08 08:00:00,18.0,81,14.8,4.8,13.3,0.0,856.0,197.0,9,,0.13,,0,chuk_rwanda
2022-12-08 09:00:00,20.8,68,14.6,1.3,15.1,0.0,856.7,558.0,1,,0.36,,0,chuk_rwanda
2022-12-08 10:00:00,22.8,60,14.7,4.3,22.0,0.0,857.0,773.0,19,,0.52,,0,chuk_rwanda
2022-12-08 11:00:00,23.8,59,15.2,7.9,27.0,0.0,856.5,860.0,21,,0.59,,1,chuk_rwanda
2022-12-08 12:00:00,25.1,56,15.6,9.3,28.4,0.0,855.5,964.0,64,,0.67,,2,chuk_rwanda
2022-12-08 13:00:00,23.5,59,15.1,15.8,34.9,1.0,854.1,714.0,100,,0.49,,55,chuk_rwanda
2022-12-08 14:00:00,22.2,65,15.4,7.2,38.9,0.3,854.2,238.0,97,,0.2,,51,chuk_rwanda
2022-12-08 15:00:00,21.5,70,15.9,2.6,27.7,5.8,853.5,621.0,82,,0.41,,63,chuk_rwanda
2022-12-08 16:00:00,22.2,62,14.6,6.9,19.1,0.1,852.9,350.0,64,,0.25,,51,chuk_rwanda
2022-12-08 17:00:00,21.1,67,14.6,5.5,19.1,0.1,853.2,190.0,100,,0.14,,51,chuk_rwanda
2022-12-08 18:00:00,19.0,83,15.9,4.6,12.2,0.0,853.0,40.0,100,,0.03,,3,chuk_rwanda
2022-12-08 19:00:00,18.1,89,16.2,6.0,8.3,0.0,853.6,0.0,100,,0.0,,3,chuk_rwanda
2022-12-08 20:00:00,17.8,88,15.8,4.9,9.0,0.0,854.3,0.0,99,,0.0,,3,chuk_rwanda
2022-12-08 21:00:00,17.1,89,15.2,5.9,11.9,0.0,854.5,0.0,100,,0.0,,3,chuk_rwanda
2022-12-08 22:00:00,16.1,92,14.8,6.1,13.7,0.0,854.2,0.0,100,,0.0,,3,chuk_rwanda
2022-12-08 23:00:00,15.2,93,14.1,4.9,12.6,0.0,853.8,0.0,96,,0.0,,3,chuk_rwanda
2022-12-09 00:00:00,14.6,94,13.7,4.7,10.1,0.0,853.3,0.0,100,,0.0,,3,chuk_rwanda
2022-12-09 01:00:00,14.2,95,13.4,4.5,12.2,0.0,852.4,0.0,97,,0.0,,3,chuk_rwanda
2022-12-09 02:00:00,14.1,94,13.1,6.0,10.1,0.0,851.2,0.0,95,,0.0,,3,chuk_rwanda
2022-12-09 03:00:00,14.1,92,12.9,8.5,18.0,0.0,850.7,0.0,100,,0.0,,3,chuk_rwanda
2022-12-09 04:00:00,13.8,93,12.6,7.2,17.3,0.0,850.3,0.0,100,,0.0,,3,chuk_rwanda
2022-12-09 05:00:00,13.4,93,12.2,7.3,14.8,0.0,850.8,0.0,100,,0.0,,3,chuk_rwanda
2022-12-09 06:00:00,13.7,89,11.9,5.1,15.1,0.0,852.1,1.0,100,,0.01,,3,chuk_rwanda
2022-12-09 07:00:00,15.9,79,12.3,3.1,13.3,0.0,854.1,37.0,95,,0.04,,3,chuk_rwanda
2022-12-09 08:00:00,18.5,73,13.6,6.4,16.2,0.0,856.7,278.0,96,,0.17,,3,chuk_rwanda
2022-12-09 09:00:00,20.0,70,14.4,5.4,18.7,0.0,857.3,382.0,49,,0.25,,1,chuk_rwanda
2022-12-09 10:00:00,22.5,64,15.5,3.6,20.9,0.0,857.6,703.0,42,,0.47,,1,chuk_rwanda
2022-12-09 11:00:00,24.5,54,14.6,7.2,21.6,0.1,857.4,867.0,28,,0.6,,51,chuk_rwanda
2022-12-09 12:00:00,24.3,50,13.4,11.7,30.2,0.1,856.3,908.0,65,,0.63,,51,chuk_rwanda
2022-12-09 13:00:00,24.6,49,13.3,10.1,29.5,0.1,855.4,691.0,84,,0.51,,51,chuk_rwanda
2022-12-09 14:00:00,22.4,54,12.6,10.5,29.5,0.0,855.6,675.0,50,,0.46,,2,chuk_rwanda
2022-12-09 15:00:00,22.0,59,13.6,7.7,25.2,0.1,854.7,403.0,100,,0.3,,51,chuk_rwanda
2022-12-09 16:00:00,22.2,59,13.9,4.3,19.1,0.0,854.2,391.0,100,,0.27,,3,chuk_rwanda
2022-12-09 17:00:00,22.0,61,14.2,3.3,14.4,0.0,854.1,207.0,97,,0.14,,3,chuk_rwanda
2022-12-09 18:00:00,19.2,72,14.1,5.1,10.4,0.1,853.9,54.0,100,,0.04,,51,chuk_rwanda
2022-12-09 19:00:00,18.5,78,14.4,4.6,12.6,0.0,854.1,0.0,100,,0.0,,3,chuk_rwanda
2022-12-09 20:00:00,16.9,86,14.5,4.0,9.4,0.0,854.1,0.0,100,,0.0,,3,chuk_rwanda
2022-12-09 21:00:00,16.2,91,14.8,5.0,10.4,0.0,854.6,0.0,98,,0.0,,3,chuk_rwanda
2022-12-09 22:00:00,16.0,92,14.7,7.0,12.6,0.0,854.5,0.0,99,,0.0,,3,chuk_rwanda
2022-12-09 23:00:00,15.7,92,14.4,7.6,14.0,0.0,854.1,0.0,100,,0.0,,3,chuk_rwanda
2022-12-10 00:00:00,15.1,92,13.9,7.5,14.0,0.0,853.3,0.0,100,,0.0,,3,chuk_rwanda
2022-12-10 01:00:00,15.2,90,13.6,7.1,14.4,0.0,852.8,0.0,100,,0.0,,3,chuk_rwanda
2022-12-10 02:00:00,13.6,94,12.6,4.7,13.3,0.0,851.6,0.0,100,,0.0,,3,chuk_rwanda
2022-12-10 03:00:00,13.9,92,12.6,5.8,10.1,0.0,852.0,0.0,100,,0.0,,3,chuk_rwanda
2022-12-10 04:00:00,13.8,91,12.4,6.1,11.2,0.0,852.1,0.0,100,,0.0,,3,chuk_rwanda
2022-12-10 05:00:00,13.6,91,12.1,7.2,13.0,0.0,852.3,0.0,100,,0.0,,3,chuk_rwanda
2022-12-10 06:00:00,13.8,89,12.1,7.0,13.7,0.0,852.6,1.0,96,,0.01,,3,chuk_rwanda
2022-12-10 07:00:00,15.9,82,12.9,4.8,13.7,0.0,854.2,79.0,89,,0.05,,3,chuk_rwanda
2022-12-10 08:00:00,18.5,77,14.4,0.4,10.8,0.0,856.0,202.0,98,,0.13,,3,chuk_rwanda
2022-12-10 09:00:00,21.3,65,14.4,3.1,13.0,0.0,857.0,563.0,93,,0.36,,3,chuk_rwanda
2022-12-10 10:00:00,22.9,60,14.7,4.5,20.9,0.0,857.3,772.0,70,,0.52,,2,chuk_rwanda
2022-12-10 11:00:00,23.8,56,14.5,6.4,21.2,0.1,856.9,834.0,99,,0.57,,51,chuk_rwanda
2022-12-10 12:00:00,24.6,55,14.9,7.4,22.7,0.0,856.2,858.0,100,,0.6,,3,chuk_rwanda
2022-12-10 13:00:00,25.6,52,14.9,9.4,25.2,0.0,854.9,947.0,87,,0.67,,3,chuk_rwanda
2022-12-10 14:00:00,21.5,62,13.9,11.5,25.2,0.0,854.7,655.0,98,,0.43,,3,chuk_rwanda
2022-12-10 15:00:00,21.1,64,14.1,9.4,26.6,0.0,853.7,256.0,100,,0.21,,3,chuk_rwanda
2022-12-10 16:00:00,21.8,60,13.6,7.0,23.0,0.0,853.6,465.0,87,,0.31,,3,chuk_rwanda
2022-12-10 17:00:00,21.1,62,13.6,4.4,17.6,0.0,853.5,153.0,95,,0.12,,3,chuk_rwanda
2022-12-10 18:00:00,19.7,76,15.2,3.1,10.1,0.0,853.8,44.0,100,,0.03,,3,chuk_rwanda
2022-12-10 19:00:00,18.6,79,14.8,4.0,7.6,0.2,854.0,0.0,98,,0.0,,51,chuk_rwanda
2022-12-10 20:00:00,17.6,87,15.5,3.8,12.6,0.0,854.5,0.0,99,,0.0,,3,chuk_rwanda
2022-12-10 21:00:00,17.0,92,15.7,4.1,7.2,0.0,854.7,0.0,97,,0.0,,3,chuk_rwanda
2022-12-10 22:00:00,15.9,95,15.2,4.8,8.6,0.0,854.3,0.0,97,,0.0,,3,chuk_rwanda
2022-12-10 23:00:00,15.2,96,14.6,4.3,8.6,0.0,853.9,0.0,98,,0.0,,3,chuk_rwanda
2022-12-11 00:00:00,15.0,95,14.2,4.5,9.4,0.0,853.0,0.0,100,,0.0,,3,chuk_rwanda
2022-12-11 01:00:00,14.6,94,13.8,4.5,9.0,0.0,852.5,0.0,100,,0.0,,3,chuk_rwanda
2022-12-11 02:00:00,13.6,93,12.6,4.8,9.0,0.0,851.1,0.0,100,,0.0,,3,chuk_rwanda
2022-12-11 03:00:00,13.0,95,12.2,4.9,12.2,0.0,850.8,0.0,98,,0.0,,3,chuk_rwanda
2022-12-11 04:00:00,12.8,95,11.9,4.9,10.4,0.0,851.2,0.0,100,,0.0,,3,chuk_rwanda
2022-12-11 05:00:00,12.6,95,11.8,4.7,9.4,0.0,851.7,0.0,100,,0.0,,3,chuk_rwanda
2022-12-11 06:00:00,12.9,95,12.1,4.0,8.3,0.0,852.1,1.0,100,,0.0,,3,chuk_rwanda
2022-12-11 07:00:00,15.4,88,13.4,4.4,11.2,0.0,853.9,93.0,100,,0.05,,3,chuk_rwanda
2022-12-11 08:00:00,18.9,73,13.9,2.6,11.2,0.0,856.2,312.0,100,,0.19,,3,chuk_rwanda
2022-12-11 09:00:00,21.0,60,13.0,3.2,13.7,0.0,856.9,526.0,97,,0.34,,3,chuk_rwanda
2022-12-11 10:00:00,22.6,56,13.5,4.5,16.2,0.0,856.9,720.0,63,,0.49,,2,chuk_rwanda
2022-12-11 11:00:00,24.0,52,13.4,8.2,25.6,0.0,856.6,898.0,19,,0.62,,0,chuk_rwanda
2022-12-11 12:00:00,24.8,49,13.2,10.5,26.6,0.1,855.7,873.0,21,,0.62,,51,chuk_rwanda
2022-12-11 13:00:00,25.0,49,13.5,10.8,28.4,0.0,854.7,818.0,17,,0.59,,0,chuk_rwanda
2022-12-11 14:00:00,25.0,46,12.4,11.8,28.1,0.0,853.9,718.0,24,,0.53,,1,chuk_rwanda
2022-12-11 15:00:00,24.6,48,12.8,11.2,27.7,0.2,852.8,542.0,36,,0.41,,51,chuk_rwanda
2022-12-11 16:00:00,23.8,53,13.6,10.2,26.6,0.0,852.2,400.0,35,,0.3,,1,chuk_rwanda
2022-12-11 17:00:00,23.2,57,14.1,6.2,23.0,0.0,852.3,241.0,26,,0.18,,1,chuk_rwanda
2022-12-11 18:00:00,21.2,65,14.4,6.5,14.0,0.0,852.3,58.0,52,,0.06,,2,chuk_rwanda
2022-12-11 19:00:00,19.0,75,14.5,5.9,15.8,0.2,852.7,0.0,77,,0.0,,51,chuk_rwanda
2022-12-11 20:00:00,19.0,76,14.6,6.6,14.0,0.0,853.6,0.0,30,,0.01,,1,chuk_rwanda
2022-12-11 21:00:00,17.7,82,14.6,7.6,15.5,0.0,853.8,0.0,45,,0.0,,1,chuk_rwanda
2022-12-11 22:00:00,17.0,86,14.6,5.4,16.2,0.0,853.6,0.0,27,,0.0,,1,chuk_rwanda
2022-12-11 23:00:00,15.9,92,14.6,4.7,11.5,0.0,852.9,0.0,16,,0.0,,0,chuk_rwanda
2022-12-12 00:00:00,14.9,94,14.0,5.6,9.0,0.0,852.1,0.0,15,,0.0,,0,chuk_rwanda
2022-12-12 01:00:00,15.0,94,14.1,5.4,10.4,0.0,851.8,0.0,21,,0.0,,1,chuk_rwanda
2022-12-12 02:00:00,14.4,93,13.2,4.0,11.2,0.0,851.5,0.0,12,,0.0,,0,chuk_rwanda
2022-12-12 03:00:00,13.9,95,13.2,6.3,11.2,0.0,850.9,0.0,2,,0.0,,0,chuk_rwanda
2022-12-12 04:00:00,13.6,96,12.9,6.2,11.2,0.0,850.6,0.0,0,,0.0,,0,chuk_rwanda
2022-12-12 05:00:00,13.5,94,12.6,6.8,11.9,0.0,850.5,0.0,0,,0.0,,0,chuk_rwanda
2022-12-12 06:00:00,13.4,93,12.4,7.3,12.6,0.0,850.9,1.0,9,,0.01,,0,chuk_rwanda
2022-12-12 07:00:00,16.1,83,13.4,5.8,15.1,0.0,853.0,106.0,26,,0.05,,1,chuk_rwanda
2022-12-12 08:00:00,19.8,73,14.7,3.0,13.3,0.0,855.2,322.0,32,,0.2,,1,chuk_rwanda
2022-12-12 09:00:00,21.9,63,14.5,0.8,11.5,0.0,855.6,556.0,3,,0.36,,0,chuk_rwanda
2022-12-12 10:00:00,23.4,55,13.7,8.0,23.4,0.1,855.5,737.0,36,,0.5,,51,chuk_rwanda
2022-12-12 11:00:00,24.2,52,13.8,10.8,27.7,0.2,855.0,830.0,52,,0.58,,51,chuk_rwanda
2022-12-12 12:00:00,24.9,51,14.2,10.0,28.1,0.1,854.2,782.0,25,,0.56,,51,chuk_rwanda
2022-12-12 13:00:00,25.8,48,14.0,11.5,28.4,0.0,853.2,837.0,20,,0.61,,1,chuk_rwanda
2022-12-12 14:00:00,21.4,67,14.9,10.0,30.2,1.0,852.5,698.0,63,,0.45,,55,chuk_rwanda
2022-12-12 15:00:00,22.0,67,15.6,14.3,32.8,0.5,852.1,572.0,87,,0.38,,53,chuk_rwanda
2022-12-12 16:00:00,19.8,82,16.6,5.0,34.2,0.2,852.0,195.0,99,,0.14,,51,chuk_rwanda
2022-12-12 17:00:00,18.8,83,15.8,5.1,14.0,4.4,852.1,129.0,100,,0.09,,63,chuk_rwanda
2022-12-12 18:00:00,17.6,92,16.4,3.3,12.2,0.4,852.5,28.0,100,,0.02,,51,chuk_rwanda
2022-12-12 19:00:00,17.5,93,16.4,3.6,6.1,0.0,853.3,0.0,100,,0.0,,3,chuk_rwanda
2022-12-12 20:00:00,17.4,94,16.4,5.2,12.2,0.0,853.9,0.0,100,,0.0,,3,chuk_rwanda
2022-12-12 21:00:00,16.3,96,15.6,4.7,11.2,0.0,853.6,0.0,100,,0.0,,3,chuk_rwanda
2022-12-12 22:00:00,16.0,96,15.4,4.5,9.0,0.0,853.7,0.0,100,,0.0,,3,chuk_rwanda
2022-12-12 23:00:00,15.5,96,14.8,4.7,9.7,0.0,853.3,0.0,100,,0.0,,3,chuk_rwanda
2022-12-13 00:00:00,14.9,96,14.3,4.6,10.1,0.0,852.4,0.0,100,,0.0,,3,chuk_rwanda
2022-12-13 01:00:00,14.6,96,14.0,4.6,10.8,0.0,851.7,0.0,88,,0.0,,3,chuk_rwanda
2022-12-13 02:00:00,15.4,97,15.1,3.1,10.1,0.0,852.2,0.0,98,,0.0,,3,chuk_rwanda
2022-12-13 03:00:00,15.6,97,15.1,1.5,5.8,0.0,852.3,0.0,75,,0.0,,2,chuk_rwanda
2022-12-13 04:00:00,14.4,99,14.2,2.4,5.4,0.0,852.0,0.0,100,,0.0,,3,chuk_rwanda
2022-12-13 05:00:00,14.5,99,14.4,4.0,7.9,0.0,852.3,0.0,100,,0.0,,3,chuk_rwanda
2022-12-13 06:00:00,14.8,95,14.1,8.6,17.3,0.1,852.3,1.0,100,,0.0,,51,chuk_rwanda
2022-12-13 07:00:00,16.5,89,14.6,6.3,17.3,0.0,853.6,38.0,87,,0.04,,3,chuk_rwanda
2022-12-13 08:00:00,19.1,82,15.9,2.5,13.0,0.0,855.8,303.0,87,,0.18,,3,chuk_rwanda
2022-12-13 09:00:00,20.5,75,15.9,1.5,11.5,0.0,856.2,339.0,99,,0.23,,3,chuk_rwanda
2022-12-13 10:00:00,21.9,67,15.6,4.7,20.5,0.1,856.5,521.0,82,,0.36,,51,chuk_rwanda
2022-12-13 11:00:00,22.9,63,15.5,10.5,27.4,0.1,855.8,688.0,50,,0.47,,51,chuk_rwanda
2022-12-13 12:00:00,22.1,67,15.9,9.0,27.7,0.2,854.6,587.0,100,,0.4,,51,chuk_rwanda
2022-12-13 13:00:00,19.6,82,16.4,6.3,30.6,6.4,853.5,397.0,100,,0.26,,63,chuk_rwanda
2022-12-13 14:00:00,22.6,59,14.1,4.8,17.3,0.2,853.9,254.0,100,,0.21,,51,chuk_rwanda
2022-12-13 15:00:00,21.0,69,15.1,11.8,26.3,2.6,853.3,378.0,84,,0.27,,63,chuk_rwanda
2022-12-13 16:00:00,19.0,80,15.4,4.8,27.7,4.2,852.6,176.0,82,,0.13,,63,chuk_rwanda
2022-12-13 17:00:00,19.4,78,15.6,3.6,13.3,0.0,852.7,143.0,76,,0.1,,2,chuk_rwanda
2022-12-13 18:00:00,18.4,85,15.8,4.2,9.4,0.0,852.7,58.0,76,,0.03,,2,chuk_rwanda
2022-12-13 19:00:00,18.5,83,15.5,2.9,7.9,0.0,853.4,0.0,94,,0.0,,3,chuk_rwanda
2022-12-13 20:00:00,16.5,93,15.4,4.2,8.3,0.0,853.3,0.0,100,,0.0,,3,chuk_rwanda
2022-12-13 21:00:00,15.8,94,14.9,4.5,9.4,0.0,853.6,0.0,100,,0.0,,3,chuk_rwanda
2022-12-13 22:00:00,15.2,95,14.4,5.1,10.4,0.0,853.5,0.0,100,,0.0,,3,chuk_rwanda
2022-12-13 23:00:00,14.7,95,13.9,5.2,10.8,0.0,853.3,0.0,97,,0.0,,3,chuk_rwanda
2022-12-14 00:00:00,14.4,95,13.6,5.6,10.8,0.0,852.9,0.0,100,,0.0,,3,chuk_rwanda
2022-12-14 01:00:00,14.0,95,13.1,5.2,10.8,0.0,852.1,0.0,100,,0.0,,3,chuk_rwanda
2022-12-14 02:00:00,13.2,93,12.1,5.5,10.4,0.0,851.2,0.0,90,,0.0,,3,chuk_rwanda
2022-12-14 03:00:00,13.2,93,12.1,7.9,14.4,0.0,851.1,0.0,22,,0.0,,1,chuk_rwanda
2022-12-14 04:00:00,13.1,92,11.9,7.8,14.8,0.0,851.1,0.0,22,,0.0,,1,chuk_rwanda
2022-12-14 05:00:00,12.9,91,11.4,8.3,15.5,0.0,851.5,0.0,25,,0.0,,1,chuk_rwanda
2022-12-14 06:00:00,12.8,89,10.9,8.1,15.5,0.0,851.5,1.0,1,,0.01,,0,chuk_rwanda
2022-12-14 07:00:00,15.1,80,11.6,6.6,17.3,0.0,853.3,106.0,1,,0.05,,0,chuk_rwanda
2022-12-14 08:00:00,19.0,70,13.4,1.4,14.4,0.0,856.0,335.0,4,,0.2,,0,chuk_rwanda
2022-12-14 09:00:00,21.7,57,12.8,3.4,13.7,0.0,857.0,567.0,20,,0.37,,1,chuk_rwanda
2022-12-14 10:00:00,23.5,50,12.6,4.7,19.4,0.0,856.8,756.0,16,,0.52,,0,chuk_rwanda
2022-12-14 11:00:00,24.4,47,12.2,7.6,21.2,0.0,856.3,725.0,22,,0.52,,1,chuk_rwanda
2022-12-14 12:00:00,24.6,48,12.8,10.3,26.6,0.0,855.8,809.0,21,,0.58,,1,chuk_rwanda
2022-12-14 13:00:00,24.9,48,13.2,8.1,26.3,0.1,854.8,803.0,42,,0.58,,51,chuk_rwanda
2022-12-14 14:00:00,24.6,45,11.9,14.4,25.2,0.2,854.3,744.0,31,,0.54,,51,chuk_rwanda
2022-12-14 15:00:00,23.0,57,14.1,10.9,36.4,0.4,853.6,577.0,64,,0.4,,51,chuk_rwanda
2022-12-14 16:00:00,22.3,60,14.1,9.4,25.6,0.2,853.3,386.0,53,,0.28,,51,chuk_rwanda
2022-12-14 17:00:00,21.5,66,14.8,5.2,21.6,0.0,853.3,217.0,47,,0.15,,1,chuk_rwanda
2022-12-14 18:00:00,20.8,67,14.4,3.6,11.9,0.0,853.3,61.0,29,,0.04,,1,chuk_rwanda
2022-12-14 19:00:00,18.0,82,14.9,4.3,7.9,0.0,852.6,0.0,23,,0.0,,1,chuk_rwanda
2022-12-14 20:00:00,17.1,85,14.6,4.0,8.6,0.0,853.1,0.0,20,,0.0,,1,chuk_rwanda
2022-12-14 21:00:00,16.3,90,14.6,5.4,10.8,0.0,853.1,0.0,18,,0.0,,0,chuk_rwanda
2022-12-14 22:00:00,15.3,94,14.3,5.4,10.8,0.0,852.7,0.0,12,,0.0,,0,chuk_rwanda
2022-12-14 23:00:00,14.9,94,13.9,8.3,15.1,0.0,852.5,0.0,11,,0.0,,0,chuk_rwanda
2022-12-15 00:00:00,14.4,93,13.2,8.1,15.5,0.0,851.8,0.0,3,,0.0,,0,chuk_rwanda
2022-12-15 01:00:00,14.0,92,12.8,7.6,14.8,0.0,851.2,0.0,1,,0.0,,0,chuk_rwanda
2022-12-15 02:00:00,13.8,93,12.7,8.1,13.7,0.0,850.3,0.0,9,,0.0,,0,chuk_rwanda
2022-12-15 03:00:00,13.7,92,12.4,8.4,16.2,0.0,850.3,0.0,99,,0.0,,3,chuk_rwanda
2022-12-15 04:00:00,13.6,91,12.2,7.7,15.5,0.0,850.5,0.0,100,,0.0,,3,chuk_rwanda
2022-12-15 05:00:00,13.3,92,11.9,8.0,14.8,0.0,850.6,0.0,87,,0.0,,3,chuk_rwanda
2022-12-15 06:00:00,13.1,91,11.6,7.1,14.4,0.0,850.9,1.0,97,,0.0,,3,chuk_rwanda
2022-12-15 07:00:00,15.2,82,12.2,5.8,14.8,0.0,852.9,96.0,100,,0.05,,3,chuk_rwanda
2022-12-15 08:00:00,18.7,75,14.2,3.1,13.0,0.0,855.1,306.0,100,,0.18,,3,chuk_rwanda
2022-12-15 09:00:00,21.5,62,13.9,1.3,11.2,0.0,856.2,519.0,66,,0.34,,2,chuk_rwanda
2022-12-15 10:00:00,23.5,53,13.2,6.0,18.4,0.1,856.3,764.0,33,,0.52,,51,chuk_rwanda
2022-12-15 11:00:00,24.0,49,12.6,10.0,25.6,0.1,855.4,714.0,100,,0.51,,51,chuk_rwanda
2022-12-15 12:00:00,25.1,44,12.2,10.6,27.4,0.0,854.8,826.0,99,,0.6,,3,chuk_rwanda
2022-12-15 13:00:00,25.2,45,12.4,10.8,27.4,0.2,853.9,761.0,45,,0.56,,51,chuk_rwanda
2022-12-15 14:00:00,25.0,49,13.6,9.2,26.6,0.2,853.4,692.0,24,,0.51,,51,chuk_rwanda
2022-12-15 15:00:00,25.4,49,13.9,8.8,23.8,0.0,852.7,670.0,12,,0.49,,0,chuk_rwanda
2022-12-15 16:00:00,24.3,51,13.6,8.5,23.4,0.1,852.3,487.0,40,,0.35,,51,chuk_rwanda
2022-12-15 17:00:00,21.8,62,14.2,2.3,21.2,0.6,852.4,234.0,72,,0.15,,53,chuk_rwanda
2022-12-15 18:00:00,19.2,83,16.2,2.9,6.5,0.0,851.7,53.0,41,,0.03,,1,chuk_rwanda
2022-12-15 19:00:00,18.0,87,15.8,4.3,10.4,0.0,852.7,0.0,99,,0.0,,3,chuk_rwanda
2022-12-15 20:00:00,18.0,86,15.7,6.5,12.6,0.0,853.6,0.0,39,,0.0,,1,chuk_rwanda
2022-12-15 21:00:00,16.4,91,14.9,4.6,13.7,0.1,853.6,0.0,45,,0.0,,51,chuk_rwanda
2022-12-15 22:00:00,15.8,94,14.8,4.8,8.6,0.0,854.1,0.0,34,,0.0,,1,chuk_rwanda
2022-12-15 23:00:00,15.4,95,14.6,4.5,9.0,0.0,853.9,0.0,39,,0.0,,1,chuk_rwanda
2022-12-16 00:00:00,14.6,96,14.1,4.3,8.3,0.0,853.1,0.0,47,,0.0,,1,chuk_rwanda
2022-12-16 01:00:00,13.8,98,13.4,4.3,7.9,0.0,852.3,0.0,7,,0.0,,0,chuk_rwanda
2022-12-16 02:00:00,14.4,95,13.6,3.4,8.3,0.0,852.3,0.0,1,,0.0,,0,chuk_rwanda
2022-12-16 03:00:00,14.5,94,13.5,3.3,6.8,0.0,852.3,0.0,100,,0.0,,3,chuk_rwanda
2022-12-16 04:00:00,14.1,95,13.2,3.9,7.6,0.0,852.0,0.0,84,,0.0,,3,chuk_rwanda
2022-12-16 05:00:00,13.7,95,12.9,5.5,10.4,0.0,851.9,0.0,94,,0.0,,3,chuk_rwanda
2022-12-16 06:00:00,13.4,94,12.4,6.6,12.2,0.0,852.0,1.0,0,,0.0,,0,chuk_rwanda
2022-12-16 07:00:00,15.8,86,13.5,5.2,13.0,0.0,853.4,103.0,0,,0.05,,0,chuk_rwanda
2022-12-16 08:00:00,19.2,72,13.9,2.6,12.2,0.0,855.3,335.0,0,,0.2,,0,chuk_rwanda
2022-12-16 09:00:00,21.1,64,14.1,0.7,10.8,0.0,855.8,571.0,0,,0.37,,0,chuk_rwanda
2022-12-16 10:00:00,22.8,58,14.1,4.2,15.5,0.0,855.9,772.0,25,,0.52,,1,chuk_rwanda
2022-12-16 11:00:00,23.7,53,13.7,7.3,24.1,0.0,855.2,786.0,15,,0.54,,0,chuk_rwanda
2022-12-16 12:00:00,24.6,52,14.0,8.8,24.5,0.1,854.5,901.0,31,,0.63,,51,chuk_rwanda
2022-12-16 13:00:00,25.1,49,13.6,8.8,23.8,0.1,853.4,855.0,22,,0.61,,51,chuk_rwanda
2022-12-16 14:00:00,25.0,48,13.1,11.8,24.1,0.1,852.7,799.0,36,,0.57,,51,chuk_rwanda
2022-12-16 15:00:00,23.6,50,12.6,14.4,34.2,0.2,852.1,682.0,56,,0.48,,51,chuk_rwanda
2022-12-16 16:00:00,23.0,56,13.8,12.3,33.1,0.2,851.7,381.0,48,,0.29,,51,chuk_rwanda
2022-12-16 17:00:00,21.5,63,14.3,9.5,29.5,0.2,851.5,232.0,37,,0.17,,51,chuk_rwanda
2022-12-16 18:00:00,20.1,75,15.6,3.6,19.8,0.0,851.4,64.0,30,,0.04,,1,chuk_rwanda
2022-12-16 19:00:00,19.0,80,15.4,5.2,9.0,0.0,851.4,0.0,17,,0.0,,0,chuk_rwanda
2022-12-16 20:00:00,17.9,83,15.0,2.5,8.3,0.0,851.6,0.0,15,,0.0,,0,chuk_rwanda
2022-12-16 21:00:00,17.1,84,14.4,3.3,6.5,0.0,851.9,0.0,10,,0.0,,0,chuk_rwanda
2022-12-16 22:00:00,16.0,89,14.1,5.6,10.1,0.0,851.8,0.0,12,,0.0,,0,chuk_rwanda
2022-12-16 23:00:00,15.3,91,13.8,5.4,10.1,0.0,851.5,0.0,27,,0.0,,1,chuk_rwanda
2022-12-17 00:00:00,14.6,93,13.4,6.3,11.2,0.0,851.0,0.0,73,,0.0,,2,chuk_rwanda
2022-12-17 01:00:00,14.1,93,13.0,7.0,12.6,0.0,850.4,0.0,47,,0.0,,1,chuk_rwanda
2022-12-17 02:00:00,14.4,89,12.6,6.3,12.2,0.0,849.9,0.0,55,,0.0,,2,chuk_rwanda
2022-12-17 03:00:00,14.6,88,12.6,5.7,12.2,0.0,850.1,0.0,100,,0.0,,3,chuk_rwanda
2022-12-17 04:00:00,14.9,86,12.6,5.0,10.8,0.0,850.7,0.0,100,,0.0,,3,chuk_rwanda
2022-12-17 05:00:00,14.8,86,12.6,4.9,9.0,0.0,851.2,0.0,95,,0.0,,3,chuk_rwanda
2022-12-17 06:00:00,14.1,88,12.1,6.4,11.2,0.0,851.3,1.0,47,,0.0,,1,chuk_rwanda
2022-12-17 07:00:00,15.9,82,12.8,6.4,15.1,0.0,852.7,99.0,11,,0.05,,0,chuk_rwanda
2022-12-17 08:00:00,19.7,69,13.9,3.3,14.4,0.0,854.9,333.0,9,,0.2,,0,chuk_rwanda
2022-12-17 09:00:00,22.0,59,13.7,1.1,11.5,0.0,855.8,570.0,29,,0.37,,1,chuk_rwanda
2022-12-17 10:00:00,23.6,51,12.8,3.1,14.0,0.0,855.8,770.0,66,,0.53,,2,chuk_rwanda
2022-12-17 11:00:00,24.4,46,12.1,5.8,18.0,0.0,855.3,697.0,63,,0.5,,2,chuk_rwanda
2022-12-17 12:00:00,25.5,43,12.0,8.8,24.8,0.1,854.6,932.0,82,,0.66,,51,chuk_rwanda
2022-12-17 13:00:00,25.4,43,11.8,9.4,25.2,0.0,853.3,703.0,75,,0.53,,2,chuk_rwanda
2022-12-17 14:00:00,25.5,45,12.7,7.9,24.8,0.0,852.5,765.0,85,,0.56,,3,chuk_rwanda
2022-12-17 15:00:00,25.8,44,12.7,7.2,21.2,0.0,851.5,635.0,5,,0.47,,0,chuk_rwanda
2022-12-17 16:00:00,25.6,44,12.6,6.6,19.4,0.0,851.1,471.0,19,,0.35,,0,chuk_rwanda
2022-12-17 17:00:00,24.4,51,13.5,5.0,16.6,0.0,850.9,279.0,100,,0.2,,3,chuk_rwanda
2022-12-17 18:00:00,22.3,62,14.6,4.5,11.5,0.0,850.7,61.0,95,,0.05,,3,chuk_rwanda
2022-12-17 19:00:00,20.5,65,13.6,6.3,12.6,0.0,850.8,0.0,100,,0.02,,3,chuk_rwanda
2022-12-17 20:00:00,19.2,69,13.4,6.9,14.8,0.0,851.4,0.0,100,,0.01,,3,chuk_rwanda
2022-12-17 21:00:00,18.5,71,13.2,8.8,18.0,0.0,852.3,0.0,100,,0.02,,3,chuk_rwanda
2022-12-17 22:00:00,18.0,74,13.4,9.0,18.7,0.0,852.2,0.0,100,,0.02,,3,chuk_rwanda
2022-12-17 23:00:00,17.2,78,13.4,8.5,18.7,0.0,851.5,0.0,100,,0.01,,3,chuk_rwanda
2022-12-18 00:00:00,16.4,83,13.4,6.0,17.3,0.0,850.8,0.0,100,,0.0,,3,chuk_rwanda
2022-12-18 01:00:00,15.6,88,13.5,2.8,11.9,0.0,850.4,0.0,100,,0.0,,3,chuk_rwanda
2022-12-18 02:00:00,14.1,90,12.4,7.0,7.2,0.0,849.0,0.0,100,,0.0,,3,chuk_rwanda
2022-12-18 03:00:00,14.3,89,12.4,8.3,15.5,0.0,849.3,0.0,100,,0.0,,3,chuk_rwanda
2022-12-18 04:00:00,14.1,90,12.5,8.1,15.5,0.0,849.5,0.0,100,,0.0,,3,chuk_rwanda
2022-12-18 05:00:00,13.9,91,12.4,7.6,15.1,0.0,850.0,0.0,100,,0.0,,3,chuk_rwanda
2022-12-18 06:00:00,13.8,91,12.4,7.4,14.4,0.0,850.8,1.0,100,,0.0,,3,chuk_rwanda
2022-12-18 07:00:00,16.0,84,13.3,6.1,15.1,0.0,852.7,95.0,100,,0.05,,3,chuk_rwanda
2022-12-18 08:00:00,19.5,71,14.1,2.6,13.7,0.0,855.0,308.0,100,,0.19,,3,chuk_rwanda
2022-12-18 09:00:00,22.0,62,14.4,1.6,11.2,0.0,856.0,548.0,100,,0.36,,3,chuk_rwanda
2022-12-18 10:00:00,23.7,57,14.6,1.6,12.2,0.0,856.1,762.0,93,,0.52,,3,chuk_rwanda
2022-12-18 11:00:00,24.4,52,13.9,2.2,12.6,0.0,855.4,755.0,15,,0.53,,0,chuk_rwanda
2022-12-18 12:00:00,26.0,46,13.6,5.2,18.4,0.0,854.6,935.0,16,,0.67,,0,chuk_rwanda
2022-12-18 13:00:00,26.3,45,13.4,6.9,21.6,0.0,853.6,866.0,19,,0.63,,0,chuk_rwanda
2022-12-18 14:00:00,25.7,47,13.6,6.5,22.0,0.0,852.7,813.0,30,,0.58,,1,chuk_rwanda
2022-12-18 15:00:00,25.8,46,13.1,11.6,26.3,0.0,852.2,531.0,100,,0.42,,3,chuk_rwanda
2022-12-18 16:00:00,21.9,63,14.5,16.1,39.2,0.2,852.1,395.0,99,,0.28,,51,chuk_rwanda
2022-12-18 17:00:00,20.8,73,15.7,10.1,35.3,0.1,852.2,205.0,97,,0.15,,51,chuk_rwanda
2022-12-18 18:00:00,19.7,81,16.3,3.3,22.0,0.0,852.3,61.0,41,,0.04,,1,chuk_rwanda
2022-12-18 19:00:00,18.8,88,16.8,1.8,7.6,0.0,852.8,0.0,53,,0.0,,2,chuk_rwanda
2022-12-18 20:00:00,18.4,85,15.9,3.8,6.8,0.0,853.3,0.0,73,,0.0,,2,chuk_rwanda
2022-12-18 21:00:00,17.3,90,15.6,4.9,9.7,0.0,853.4,0.0,99,,0.0,,3,chuk_rwanda
2022-12-18 22:00:00,16.8,92,15.5,3.5,9.4,0.0,853.5,0.0,96,,0.0,,3,chuk_rwanda
2022-12-18 23:00:00,16.1,95,15.2,2.6,6.5,0.0,853.2,0.0,32,,0.0,,1,chuk_rwanda
2022-12-19 00:00:00,15.6,96,15.0,2.1,5.4,0.0,852.8,0.0,14,,0.0,,0,chuk_rwanda
2022-12-19 01:00:00,15.0,97,14.4,1.3,4.3,0.0,851.9,0.0,9,,0.0,,0,chuk_rwanda
2022-12-19 02:00:00,14.8,97,14.4,3.4,3.6,0.0,851.8,0.0,10,,0.0,,0,chuk_rwanda
2022-12-19 03:00:00,14.9,95,14.1,4.8,9.0,0.0,851.5,0.0,34,,0.0,,1,chuk_rwanda
2022-12-19 04:00:00,14.9,95,14.0,5.2,10.1,0.0,851.3,0.0,96,,0.0,,3,chuk_rwanda
2022-12-19 05:00:00,15.4,93,14.1,5.1,10.4,0.0,851.4,0.0,100,,0.0,,3,chuk_rwanda
2022-12-19 06:00:00,15.7,91,14.2,5.2,11.2,0.0,851.8,0.0,100,,0.02,,3,chuk_rwanda
2022-12-19 07:00:00,16.6,87,14.6,4.0,10.8,0.0,852.8,35.0,100,,0.03,,3,chuk_rwanda
2022-12-19 08:00:00,17.9,83,15.0,1.9,8.6,0.0,854.4,95.0,100,,0.07,,3,chuk_rwanda
2022-12-19 09:00:00,20.0,73,15.1,2.2,9.7,0.0,855.3,254.0,100,,0.18,,3,chuk_rwanda
2022-12-19 10:00:00,21.1,69,15.1,3.3,11.9,0.0,855.3,321.0,14,,0.23,,0,chuk_rwanda
2022-12-19 11:00:00,24.1,58,15.2,2.9,17.6,0.0,855.0,886.0,26,,0.62,,1,chuk_rwanda
2022-12-19 12:00:00,24.2,57,15.1,6.0,23.0,0.2,854.1,750.0,50,,0.53,,51,chuk_rwanda
2022-12-19 13:00:00,24.9,51,14.1,4.2,18.7,0.1,853.1,620.0,28,,0.46,,51,chuk_rwanda
2022-12-19 14:00:00,23.9,50,12.8,11.3,21.6,0.0,852.5,779.0,60,,0.54,,2,chuk_rwanda
2022-12-19 15:00:00,24.3,50,13.4,11.1,27.0,0.0,852.1,487.0,55,,0.38,,2,chuk_rwanda
2022-12-19 16:00:00,24.1,52,13.6,10.5,26.6,0.0,851.8,434.0,76,,0.33,,2,chuk_rwanda
2022-12-19 17:00:00,22.5,61,14.6,10.6,24.1,0.0,851.7,240.0,100,,0.19,,3,chuk_rwanda
2022-12-19 18:00:00,20.5,71,15.1,8.3,23.4,0.0,851.8,51.0,100,,0.06,,3,chuk_rwanda
2022-12-19 19:00:00,20.3,72,15.1,5.8,18.0,0.0,852.3,0.0,100,,0.04,,3,chuk_rwanda
2022-12-19 20:00:00,20.0,73,15.1,4.7,13.3,0.0,853.1,0.0,100,,0.0,,3,chuk_rwanda
2022-12-19 21:00:00,19.5,76,15.2,4.7,11.5,0.0,853.4,0.0,39,,0.0,,1,chuk_rwanda
2022-12-19 22:00:00,18.4,82,15.3,2.6,10.4,0.0,852.9,0.0,45,,0.0,,1,chuk_rwanda
2022-12-19 23:00:00,17.6,84,14.9,3.8,7.6,0.0,852.5,0.0,28,,0.0,,1,chuk_rwanda
2022-12-20 00:00:00,16.8,89,14.9,3.5,7.9,0.0,851.8,0.0,58,,0.0,,2,chuk_rwanda
2022-12-20 01:00:00,16.0,93,14.9,2.1,7.2,0.0,851.2,0.0,51,,0.0,,2,chuk_rwanda
2022-12-20 02:00:00,15.9,90,14.3,3.3,4.7,0.0,851.4,0.0,22,,0.0,,1,chuk_rwanda
2022-12-20 03:00:00,16.1,90,14.4,3.4,6.8,0.0,851.2,0.0,100,,0.0,,3,chuk_rwanda
2022-12-20 04:00:00,16.0,90,14.4,2.6,7.6,0.0,851.3,0.0,100,,0.0,,3,chuk_rwanda
2022-12-20 05:00:00,16.0,91,14.6,1.3,5.0,0.0,851.8,0.0,100,,0.0,,3,chuk_rwanda
2022-12-20 06:00:00,15.9,91,14.4,2.0,4.3,0.0,852.2,0.0,100,,0.01,,3,chuk_rwanda
2022-12-20 07:00:00,17.1,87,15.0,1.5,6.5,0.0,853.1,77.0,100,,0.04,,3,chuk_rwanda
2022-12-20 08:00:00,19.2,77,15.2,0.4,7.6,0.0,854.6,288.0,100,,0.17,,3,chuk_rwanda
2022-12-20 09:00:00,21.4,70,15.6,1.6,11.2,0.0,855.2,539.0,100,,0.35,,3,chuk_rwanda
2022-12-20 10:00:00,23.4,60,15.1,3.6,19.1,0.0,855.4,752.0,100,,0.51,,3,chuk_rwanda
2022-12-20 11:00:00,24.8,56,15.4,5.3,20.9,0.0,854.9,879.0,94,,0.61,,3,chuk_rwanda
2022-12-20 12:00:00,25.7,48,13.9,6.6,20.5,0.0,853.8,875.0,63,,0.63,,2,chuk_rwanda
2022-12-20 13:00:00,25.8,46,13.4,10.5,26.3,0.1,852.6,894.0,92,,0.64,,51,chuk_rwanda
2022-12-20 14:00:00,27.3,41,12.9,9.3,28.8,0.2,852.3,768.0,100,,0.58,,51,chuk_rwanda
2022-12-20 15:00:00,22.9,58,14.2,13.8,33.8,0.4,851.3,630.0,100,,0.43,,51,chuk_rwanda
2022-12-20 16:00:00,23.5,56,14.2,6.1,31.7,0.1,851.1,343.0,100,,0.26,,51,chuk_rwanda
2022-12-20 17:00:00,23.9,53,13.9,2.3,15.1,0.0,851.5,256.0,100,,0.17,,3,chuk_rwanda
2022-12-20 18:00:00,20.6,70,14.9,3.9,9.0,0.0,851.8,60.0,100,,0.05,,3,chuk_rwanda
2022-12-20 19:00:00,17.5,94,16.4,5.4,23.0,8.7,852.2,0.0,100,,0.01,,65,chuk_rwanda
2022-12-20 20:00:00,17.2,95,16.5,3.8,12.2,1.5,853.2,0.0,100,,0.0,,61,chuk_rwanda
2022-12-20 21:00:00,16.5,98,16.2,3.8,15.5,4.4,854.0,0.0,100,,0.0,,63,chuk_rwanda
2022-12-20 22:00:00,16.9,94,15.9,3.1,15.5,0.3,854.3,0.0,100,,0.0,,51,chuk_rwanda
2022-12-20 23:00:00,16.3,98,15.9,5.4,9.4,0.2,854.4,0.0,100,,0.0,,51,chuk_rwanda
2022-12-21 00:00:00,16.2,97,15.7,2.4,13.7,0.2,853.6,0.0,100,,0.0,,51,chuk_rwanda
2022-12-21 01:00:00,16.0,98,15.7,3.8,6.8,0.2,853.4,0.0,100,,0.0,,51,chuk_rwanda
2022-12-21 02:00:00,15.9,98,15.6,2.2,11.5,0.2,853.1,0.0,100,,0.0,,51,chuk_rwanda
2022-12-21 03:00:00,15.7,98,15.4,3.2,9.7,0.0,853.0,0.0,100,,0.0,,3,chuk_rwanda
2022-12-21 04:00:00,15.8,98,15.4,3.7,9.0,0.3,853.0,0.0,100,,0.0,,51,chuk_rwanda
2022-12-21 05:00:00,15.7,97,15.2,4.6,9.7,0.0,853.0,0.0,100,,0.0,,3,chuk_rwanda
2022-12-21 06:00:00,15.3,97,14.9,3.4,10.4,0.0,852.9,0.0,100,,0.01,,3,chuk_rwanda
2022-12-21 07:00:00,16.6,94,15.6,2.2,9.0,0.0,854.1,38.0,100,,0.03,,3,chuk_rwanda
2022-12-21 08:00:00,17.5,90,15.9,2.3,9.0,0.3,855.4,117.0,98,,0.08,,51,chuk_rwanda
2022-12-21 09:00:00,18.5,86,16.0,3.8,12.2,0.1,855.7,189.0,76,,0.13,,51,chuk_rwanda
2022-12-21 10:00:00,20.0,80,16.3,5.4,17.3,0.0,856.2,421.0,100,,0.28,,3,chuk_rwanda
2022-12-21 11:00:00,21.4,75,16.8,7.2,23.0,0.1,856.4,707.0,37,,0.46,,51,chuk_rwanda
2022-12-21 12:00:00,22.9,67,16.4,6.7,25.6,0.1,855.7,858.0,99,,0.58,,51,chuk_rwanda
2022-12-21 13:00:00,20.2,75,15.6,6.6,20.5,5.6,854.0,223.0,96,,0.17,,63,chuk_rwanda
2022-12-21 14:00:00,24.5,55,14.8,5.4,19.4,0.1,853.5,450.0,100,,0.34,,51,chuk_rwanda
2022-12-21 15:00:00,20.5,78,16.5,13.0,27.4,4.0,852.2,356.0,88,,0.24,,63,chuk_rwanda
2022-12-21 16:00:00,20.3,75,15.8,2.7,31.7,0.2,852.1,299.0,97,,0.2,,51,chuk_rwanda
2022-12-21 17:00:00,20.0,78,16.0,2.5,10.8,0.0,852.3,146.0,100,,0.1,,3,chuk_rwanda
2022-12-21 18:00:00,18.7,89,16.9,3.3,7.9,0.0,852.1,43.0,100,,0.03,,3,chuk_rwanda
2022-12-21 19:00:00,18.7,85,16.2,1.9,6.5,0.0,852.6,0.0,72,,0.02,,2,chuk_rwanda
2022-12-21 20:00:00,18.1,89,16.2,1.8,3.6,0.0,853.4,0.0,60,,0.0,,2,chuk_rwanda
2022-12-21 21:00:00,17.6,91,16.0,2.3,4.3,0.0,853.9,0.0,62,,0.0,,2,chuk_rwanda
2022-12-21 22:00:00,16.0,96,15.4,2.2,4.0,0.0,853.4,0.0,100,,0.0,,3,chuk_rwanda
2022-12-21 23:00:00,15.9,95,15.1,4.3,7.9,0.0,853.4,0.0,100,,0.0,,3,chuk_rwanda
2022-12-22 00:00:00,16.5,92,15.3,6.6,14.0,0.0,853.6,0.0,100,,0.0,,3,chuk_rwanda
2022-12-22 01:00:00,15.1,96,14.4,4.8,14.0,0.0,852.1,0.0,99,,0.0,,3,chuk_rwanda
2022-12-22 02:00:00,15.9,92,14.6,4.6,12.6,0.0,851.7,0.0,99,,0.0,,3,chuk_rwanda
2022-12-22 03:00:00,16.0,92,14.6,4.5,10.8,0.0,851.7,0.0,100,,0.0,,3,chuk_rwanda
2022-12-22 04:00:00,16.0,93,14.9,2.6,9.7,0.0,852.0,0.0,100,,0.0,,3,chuk_rwanda
2022-12-22 05:00:00,15.6,94,14.8,3.1,6.8,0.0,852.4,0.0,100,,0.0,,3,chuk_rwanda
2022-12-22 06:00:00,15.6,94,14.7,3.2,6.8,0.0,852.5,0.0,100,,0.01,,3,chuk_rwanda
2022-12-22 07:00:00,16.9,90,15.2,4.1,10.1,0.0,853.6,48.0,100,,0.03,,3,chuk_rwanda
2022-12-22 08:00:00,18.6,81,15.4,3.3,11.2,0.0,854.9,184.0,100,,0.12,,3,chuk_rwanda
2022-12-22 09:00:00,20.8,71,15.4,4.4,14.8,0.0,855.6,440.0,99,,0.29,,3,chuk_rwanda
2022-12-22 10:00:00,22.6,62,15.1,4.0,15.5,0.0,856.1,653.0,98,,0.44,,3,chuk_rwanda
2022-12-22 11:00:00,23.8,57,14.7,3.6,20.9,0.0,855.8,742.0,44,,0.52,,1,chuk_rwanda
2022-12-22 12:00:00,25.0,55,15.2,2.4,22.0,0.0,855.1,875.0,100,,0.62,,3,chuk_rwanda
2022-12-22 13:00:00,23.9,58,15.1,8.5,22.0,0.4,853.7,460.0,92,,0.35,,51,chuk_rwanda
2022-12-22 14:00:00,25.7,43,12.2,4.5,23.4,0.2,853.4,712.0,68,,0.52,,51,chuk_rwanda
2022-12-22 15:00:00,25.9,43,12.2,6.4,16.6,0.0,852.3,544.0,29,,0.41,,1,chuk_rwanda
2022-12-22 16:00:00,25.4,43,12.0,12.0,26.3,0.0,851.9,462.0,80,,0.37,,3,chuk_rwanda
2022-12-22 17:00:00,23.0,55,13.6,12.8,33.8,0.0,852.0,238.0,92,,0.21,,3,chuk_rwanda
2022-12-22 18:00:00,21.4,64,14.2,10.4,27.7,0.0,852.3,67.0,78,,0.08,,2,chuk_rwanda
2022-12-22 19:00:00,19.5,74,14.7,7.2,22.3,0.0,852.8,0.0,100,,0.04,,3,chuk_rwanda
2022-12-22 20:00:00,18.9,79,15.1,3.0,15.5,0.0,853.8,0.0,100,,0.0,,3,chuk_rwanda
2022-12-22 21:00:00,18.6,80,15.1,2.4,7.2,0.0,854.4,0.0,100,,0.0,,3,chuk_rwanda
2022-12-22 22:00:00,17.5,82,14.4,6.0,12.6,0.0,854.0,0.0,100,,0.0,,3,chuk_rwanda
2022-12-22 23:00:00,16.7,89,14.9,5.8,12.2,0.6,854.0,0.0,100,,0.0,,53,chuk_rwanda
2022-12-23 00:00:00,16.6,91,15.1,3.1,14.8,0.1,853.9,0.0,69,,0.0,,51,chuk_rwanda
2022-12-23 01:00:00,16.2,94,15.2,5.4,11.2,1.5,853.4,0.0,67,,0.0,,61,chuk_rwanda
2022-12-23 02:00:00,15.9,88,13.9,7.1,15.5,0.0,852.5,0.0,99,,0.0,,3,chuk_rwanda
2022-12-23 03:00:00,15.9,88,13.8,6.8,14.4,0.0,852.3,0.0,100,,0.0,,3,chuk_rwanda
2022-12-23 04:00:00,16.0,87,13.8,4.7,13.7,0.0,852.5,0.0,100,,0.0,,3,chuk_rwanda
2022-12-23 05:00:00,15.7,88,13.7,5.1,9.7,0.0,852.5,0.0,100,,0.0,,3,chuk_rwanda
2022-12-23 06:00:00,15.1,90,13.6,4.0,9.7,0.0,852.8,0.0,100,,0.02,,3,chuk_rwanda
2022-12-23 07:00:00,16.3,87,14.1,3.7,10.4,0.0,854.0,57.0,100,,0.04,,3,chuk_rwanda
2022-12-23 08:00:00,18.7,78,14.9,2.2,10.1,0.0,855.5,227.0,100,,0.14,,3,chuk_rwanda
2022-12-23 09:00:00,19.8,74,15.1,2.9,10.4,0.1,856.1,276.0,100,,0.19,,51,chuk_rwanda
2022-12-23 10:00:00,22.1,67,15.9,4.3,23.4,0.1,856.7,619.0,100,,0.42,,51,chuk_rwanda
2022-12-23 11:00:00,21.0,70,15.4,11.8,27.4,7.0,856.1,487.0,100,,0.33,,63,chuk_rwanda
2022-12-23 12:00:00,21.4,70,15.8,1.5,29.2,0.1,855.4,514.0,100,,0.36,,51,chuk_rwanda
2022-12-23 13:00:00,21.9,68,15.8,2.6,20.9,0.1,854.8,642.0,100,,0.44,,51,chuk_rwanda
2022-12-23 14:00:00,22.0,72,16.6,3.9,19.4,0.1,854.0,615.0,100,,0.42,,51,chuk_rwanda
2022-12-23 15:00:00,23.3,63,15.9,4.2,20.5,0.3,853.7,643.0,100,,0.44,,51,chuk_rwanda
2022-12-23 16:00:00,21.0,70,15.2,6.9,16.2,1.8,853.2,167.0,100,,0.14,,61,chuk_rwanda
2022-12-23 17:00:00,19.3,84,16.5,2.2,15.8,1.6,853.5,70.0,100,,0.06,,61,chuk_rwanda
2022-12-23 18:00:00,18.6,91,17.2,3.4,6.8,0.2,853.8,15.0,100,,0.03,,51,chuk_rwanda
2022-12-23 19:00:00,17.7,95,16.9,4.6,11.5,0.3,853.9,0.0,100,,0.01,,51,chuk_rwanda
2022-12-23 20:00:00,17.2,97,16.7,1.8,9.4,0.3,854.9,0.0,100,,0.0,,51,chuk_rwanda
2022-12-23 21:00:00,17.4,94,16.4,3.5,8.3,0.1,855.5,0.0,100,,0.0,,51,chuk_rwanda
2022-12-23 22:00:00,17.0,94,16.1,3.1,7.6,0.0,855.8,0.0,100,,0.0,,3,chuk_rwanda
2022-12-23 23:00:00,16.7,96,16.1,2.0,7.2,0.0,855.5,0.0,100,,0.0,,3,chuk_rwanda
2022-12-24 00:00:00,16.8,95,15.9,2.3,5.8,0.0,855.4,0.0,100,,0.0,,3,chuk_rwanda
2022-12-24 01:00:00,15.6,98,15.2,2.5,5.4,0.0,854.0,0.0,100,,0.0,,3,chuk_rwanda
2022-12-24 02:00:00,16.5,96,15.9,1.8,7.2,0.0,854.4,0.0,100,,0.0,,3,chuk_rwanda
2022-12-24 03:00:00,15.7,99,15.6,2.4,4.7,0.0,853.6,0.0,100,,0.0,,3,chuk_rwanda
2022-12-24 04:00:00,16.1,99,15.9,1.8,5.0,0.0,854.0,0.0,97,,0.0,,3,chuk_rwanda
2022-12-24 05:00:00,15.6,100,15.6,2.4,3.6,0.0,854.2,0.0,100,,0.0,,3,chuk_rwanda
2022-12-24 06:00:00,15.1,100,15.1,1.4,4.0,0.0,854.4,0.0,100,,0.01,,3,chuk_rwanda
2022-12-24 07:00:00,15.9,99,15.7,3.7,10.8,0.0,855.3,63.0,100,,0.03,,3,chuk_rwanda
2022-12-24 08:00:00,17.8,89,15.9,2.5,12.6,0.0,856.6,236.0,83,,0.14,,3,chuk_rwanda
2022-12-24 09:00:00,20.4,76,15.9,0.8,16.2,0.0,857.2,496.0,65,,0.32,,2,chuk_rwanda
2022-12-24 10:00:00,22.2,71,16.6,0.5,17.6,0.1,857.4,709.0,61,,0.48,,51,chuk_rwanda
2022-12-24 11:00:00,23.5,66,16.8,1.6,19.4,0.2,857.0,860.0,77,,0.6,,51,chuk_rwanda
2022-12-24 12:00:00,25.1,57,15.9,6.6,21.6,0.2,855.5,893.0,100,,0.63,,51,chuk_rwanda
2022-12-24 13:00:00,19.9,80,16.2,9.7,23.4,3.1,853.9,226.0,100,,0.17,,63,chuk_rwanda
2022-12-24 14:00:00,21.2,70,15.4,8.0,22.3,1.3,854.3,359.0,99,,0.26,,61,chuk_rwanda
2022-12-24 15:00:00,22.5,63,15.1,6.3,22.0,0.1,853.9,526.0,59,,0.36,,51,chuk_rwanda
2022-12-24 16:00:00,22.8,62,15.2,7.9,19.8,0.0,853.8,436.0,74,,0.3,,2,chuk_rwanda
2022-12-24 17:00:00,21.3,66,14.6,8.8,21.6,0.2,853.7,241.0,65,,0.17,,51,chuk_rwanda
2022-12-24 18:00:00,19.0,82,15.9,6.5,18.7,0.0,853.2,74.0,55,,0.05,,2,chuk_rwanda
2022-12-24 19:00:00,17.4,87,15.2,4.6,10.8,1.2,854.5,0.0,89,,0.02,,55,chuk_rwanda
2022-12-24 20:00:00,16.6,95,15.8,2.0,18.7,0.9,854.9,0.0,47,,0.0,,53,chuk_rwanda
2022-12-24 21:00:00,15.2,98,14.9,5.2,8.6,0.0,855.2,0.0,42,,0.0,,1,chuk_rwanda
2022-12-24 22:00:00,15.3,98,14.9,3.3,8.6,0.0,855.4,0.0,35,,0.0,,1,chuk_rwanda
2022-12-24 23:00:00,14.7,98,14.4,5.8,8.6,0.0,855.1,0.0,41,,0.0,,1,chuk_rwanda
2022-12-25 00:00:00,14.4,98,14.1,5.6,9.4,0.0,854.3,0.0,21,,0.0,,1,chuk_rwanda
2022-12-25 01:00:00,14.4,98,14.1,4.3,9.4,0.0,853.9,0.0,20,,0.0,,1,chuk_rwanda
2022-12-25 02:00:00,14.2,98,13.9,3.1,9.0,0.0,853.7,0.0,57,,0.0,,2,chuk_rwanda
2022-12-25 03:00:00,13.9,98,13.6,3.4,7.2,0.0,853.4,0.0,7,,0.0,,0,chuk_rwanda
2022-12-25 04:00:00,13.4,98,13.1,3.9,7.9,0.0,853.2,0.0,8,,0.0,,0,chuk_rwanda
2022-12-25 05:00:00,13.4,97,13.1,5.0,10.1,0.0,853.5,0.0,9,,0.0,,0,chuk_rwanda
2022-12-25 06:00:00,13.2,97,12.8,4.5,10.1,0.0,853.5,0.0,23,,0.01,,1,chuk_rwanda
2022-12-25 07:00:00,15.6,90,13.9,5.1,12.6,0.0,855.5,85.0,68,,0.04,,2,chuk_rwanda
2022-12-25 08:00:00,18.8,80,15.2,2.3,12.2,0.0,857.6,308.0,95,,0.18,,3,chuk_rwanda
2022-12-25 09:00:00,20.6,71,15.3,2.0,11.5,0.0,858.0,531.0,23,,0.34,,1,chuk_rwanda
2022-12-25 10:00:00,22.6,64,15.4,0.5,15.5,0.0,858.4,693.0,15,,0.47,,0,chuk_rwanda
2022-12-25 11:00:00,24.1,58,15.2,3.6,17.3,0.0,858.3,820.0,30,,0.57,,1,chuk_rwanda
2022-12-25 12:00:00,25.4,52,14.8,5.9,20.2,0.0,857.0,907.0,49,,0.64,,1,chuk_rwanda
2022-12-25 13:00:00,26.1,47,14.1,7.8,20.9,0.0,855.7,749.0,100,,0.56,,3,chuk_rwanda
2022-12-25 14:00:00,25.6,47,13.6,5.1,31.7,1.0,855.0,518.0,88,,0.4,,55,chuk_rwanda
2022-12-25 15:00:00,24.9,49,13.3,0.7,14.4,0.0,854.0,382.0,100,,0.28,,3,chuk_rwanda
2022-12-25 16:00:00,23.9,52,13.3,2.9,14.0,0.0,853.6,300.0,94,,0.22,,3,chuk_rwanda
2022-12-25 17:00:00,20.8,72,15.4,7.9,23.0,0.4,853.8,217.0,94,,0.15,,51,chuk_rwanda
2022-12-25 18:00:00,19.5,81,16.1,3.1,16.2,0.0,853.7,40.0,71,,0.04,,2,chuk_rwanda
2022-12-25 19:00:00,17.6,90,16.0,4.5,9.0,0.2,853.8,0.0,98,,0.02,,51,chuk_rwanda
2022-12-25 20:00:00,16.7,97,16.3,6.4,15.1,7.9,855.2,0.0,100,,0.0,,65,chuk_rwanda
2022-12-25 21:00:00,16.2,97,15.7,4.7,16.9,1.9,855.1,0.0,96,,0.0,,61,chuk_rwanda
2022-12-25 22:00:00,15.9,98,15.6,3.6,11.9,0.0,855.5,0.0,100,,0.0,,3,chuk_rwanda
2022-12-25 23:00:00,16.1,98,15.8,3.2,7.2,0.0,855.4,0.0,100,,0.0,,3,chuk_rwanda
2022-12-26 00:00:00,15.6,98,15.2,3.4,6.1,0.0,854.8,0.0,30,,0.0,,1,chuk_rwanda
2022-12-26 01:00:00,14.9,99,14.8,4.4,6.5,0.0,854.1,0.0,78,,0.0,,2,chuk_rwanda
2022-12-26 02:00:00,16.0,97,15.6,2.7,7.9,0.0,854.4,0.0,100,,0.0,,3,chuk_rwanda
2022-12-26 03:00:00,15.8,99,15.6,1.6,5.4,0.0,854.2,0.0,98,,0.0,,3,chuk_rwanda
2022-12-26 04:00:00,15.4,100,15.4,2.1,4.7,0.0,854.2,0.0,100,,0.0,,3,chuk_rwanda
2022-12-26 05:00:00,14.6,100,14.6,2.5,6.8,0.0,854.0,0.0,100,,0.0,,3,chuk_rwanda
2022-12-26 06:00:00,14.6,100,14.6,2.9,6.1,0.0,854.6,0.0,100,,0.01,,3,chuk_rwanda
2022-12-26 07:00:00,15.6,98,15.2,2.5,9.7,0.0,855.8,64.0,100,,0.03,,3,chuk_rwanda
2022-12-26 08:00:00,17.1,91,15.7,1.5,10.1,0.0,857.0,218.0,100,,0.13,,3,chuk_rwanda
2022-12-26 09:00:00,19.5,81,16.1,1.3,11.2,0.0,858.0,477.0,98,,0.3,,3,chuk_rwanda
2022-12-26 10:00:00,21.6,70,15.9,3.3,20.9,0.0,858.5,711.0,99,,0.47,,3,chuk_rwanda
2022-12-26 11:00:00,23.5,64,16.4,4.1,20.9,0.0,858.3,872.0,87,,0.6,,3,chuk_rwanda
2022-12-26 12:00:00,24.8,56,15.4,6.4,19.8,0.0,857.5,848.0,97,,0.6,,3,chuk_rwanda
2022-12-26 13:00:00,25.0,53,14.9,7.6,21.6,0.1,856.5,875.0,100,,0.62,,51,chuk_rwanda
2022-12-26 14:00:00,25.1,48,13.2,7.6,24.5,0.1,856.0,821.0,99,,0.58,,51,chuk_rwanda
2022-12-26 15:00:00,24.9,49,13.3,7.6,21.2,0.2,855.3,693.0,100,,0.49,,51,chuk_rwanda
2022-12-26 16:00:00,24.0,53,13.9,7.4,20.9,0.6,854.8,439.0,100,,0.32,,53,chuk_rwanda
2022-12-26 17:00:00,22.8,61,14.8,4.0,17.3,0.1,854.7,244.0,99,,0.17,,51,chuk_rwanda
2022-12-26 18:00:00,20.5,69,14.7,5.3,11.5,0.0,854.7,60.0,100,,0.05,,3,chuk_rwanda
2022-12-26 19:00:00,18.2,83,15.4,4.0,11.9,0.2,855.2,0.0,100,,0.02,,51,chuk_rwanda
2022-12-26 20:00:00,17.5,91,16.1,4.6,9.7,1.8,856.3,0.0,100,,0.0,,61,chuk_rwanda
2022-12-26 21:00:00,17.3,96,16.6,4.0,15.8,0.8,856.9,0.0,100,,0.0,,53,chuk_rwanda
2022-12-26 22:00:00,16.8,97,16.2,3.6,9.0,0.1,856.7,0.0,100,,0.0,,51,chuk_rwanda
2022-12-26 23:00:00,16.1,96,15.4,5.3,15.5,0.0,856.3,0.0,100,,0.0,,3,chuk_rwanda
2022-12-27 00:00:00,15.9,95,15.1,4.6,11.9,0.0,855.8,0.0,100,,0.0,,3,chuk_rwanda
2022-12-27 01:00:00,16.0,95,15.2,2.0,13.0,1.2,856.1,0.0,100,,0.0,,55,chuk_rwanda
2022-12-27 02:00:00,15.4,94,14.5,5.0,11.5,0.6,854.4,0.0,100,,0.0,,53,chuk_rwanda
2022-12-27 03:00:00,15.3,94,14.4,3.6,10.1,0.0,853.8,0.0,100,,0.0,,3,chuk_rwanda
2022-12-27 04:00:00,15.0,95,14.2,3.8,7.9,0.0,853.9,0.0,100,,0.0,,3,chuk_rwanda
2022-12-27 05:00:00,15.5,93,14.3,3.4,7.6,0.0,854.5,0.0,100,,0.0,,3,chuk_rwanda
2022-12-27 06:00:00,15.4,93,14.3,1.3,5.4,0.0,855.2,0.0,100,,0.01,,3,chuk_rwanda
2022-12-27 07:00:00,16.3,91,14.9,2.4,8.6,0.0,856.5,58.0,100,,0.03,,3,chuk_rwanda
2022-12-27 08:00:00,17.6,86,15.2,6.4,18.0,0.0,857.5,228.0,100,,0.13,,3,chuk_rwanda
2022-12-27 09:00:00,19.1,78,15.3,4.6,16.9,0.0,858.2,350.0,100,,0.22,,3,chuk_rwanda
2022-12-27 10:00:00,19.8,76,15.4,3.8,15.8,0.0,858.2,333.0,100,,0.23,,3,chuk_rwanda
2022-12-27 11:00:00,20.8,73,15.8,5.8,17.6,0.0,858.1,439.0,100,,0.3,,3,chuk_rwanda
2022-12-27 12:00:00,21.6,70,16.0,6.3,20.2,0.0,857.1,607.0,93,,0.41,,3,chuk_rwanda
2022-12-27 13:00:00,23.4,65,16.5,2.3,21.2,0.0,856.4,972.0,69,,0.67,,2,chuk_rwanda
2022-12-27 14:00:00,22.6,64,15.4,5.8,15.5,0.0,855.5,724.0,99,,0.49,,3,chuk_rwanda
2022-12-27 15:00:00,21.0,74,16.2,7.2,18.4,4.2,854.6,265.0,100,,0.2,,63,chuk_rwanda
2022-12-27 16:00:00,19.2,83,16.4,9.5,26.3,2.6,854.1,155.0,100,,0.12,,63,chuk_rwanda
2022-12-27 17:00:00,19.6,80,16.0,3.9,20.2,0.1,854.5,87.0,100,,0.07,,51,chuk_rwanda
2022-12-27 18:00:00,18.8,85,16.1,5.1,10.1,0.0,854.9,55.0,100,,0.04,,3,chuk_rwanda
2022-12-27 19:00:00,17.4,91,15.9,6.7,14.0,0.5,855.2,0.0,100,,0.02,,53,chuk_rwanda
2022-12-27 20:00:00,17.1,93,16.0,3.4,14.8,1.3,856.1,0.0,100,,0.0,,61,chuk_rwanda
2022-12-27 21:00:00,17.0,93,15.8,2.7,7.6,0.7,857.1,0.0,100,,0.0,,53,chuk_rwanda
2022-12-27 22:00:00,16.4,95,15.6,4.6,8.6,4.0,857.3,0.0,100,,0.0,,63,chuk_rwanda
2022-12-27 23:00:00,16.2,97,15.6,4.3,11.9,3.1,857.3,0.0,100,,0.0,,63,chuk_rwanda
2022-12-28 00:00:00,16.0,97,15.6,3.9,8.6,1.3,856.6,0.0,100,,0.0,,61,chuk_rwanda
2022-12-28 01:00:00,15.9,98,15.6,2.3,9.0,0.1,856.0,0.0,100,,0.0,,51,chuk_rwanda
2022-12-28 02:00:00,15.6,99,15.4,3.6,5.0,0.1,855.4,0.0,97,,0.0,,51,chuk_rwanda
2022-12-28 03:00:00,15.7,98,15.4,2.6,5.4,0.0,855.2,0.0,99,,0.0,,3,chuk_rwanda
2022-12-28 04:00:00,15.1,99,15.1,3.3,5.4,0.0,854.9,0.0,99,,0.0,,3,chuk_rwanda
2022-12-28 05:00:00,15.1,99,14.9,2.6,5.0,0.0,855.0,0.0,100,,0.0,,3,chuk_rwanda
2022-12-28 06:00:00,15.0,99,14.8,3.6,5.8,0.0,855.2,0.0,100,,0.01,,3,chuk_rwanda
2022-12-28 07:00:00,16.4,95,15.6,2.5,7.6,0.0,856.2,45.0,100,,0.03,,3,chuk_rwanda
2022-12-28 08:00:00,17.9,89,16.0,2.6,10.8,0.0,857.5,207.0,98,,0.12,,3,chuk_rwanda
2022-12-28 09:00:00,19.9,77,15.8,1.8,14.4,0.0,858.0,481.0,100,,0.31,,3,chuk_rwanda
2022-12-28 10:00:00,21.3,73,16.3,1.0,13.7,0.1,858.0,546.0,99,,0.37,,51,chuk_rwanda
2022-12-28 11:00:00,22.6,67,16.1,5.1,18.4,0.1,857.5,655.0,100,,0.45,,51,chuk_rwanda
2022-12-28 12:00:00,23.4,61,15.4,7.4,20.5,0.0,856.5,496.0,100,,0.37,,3,chuk_rwanda
2022-12-28 13:00:00,22.9,61,14.9,7.4,20.5,0.2,855.1,316.0,99,,0.26,,51,chuk_rwanda
2022-12-28 14:00:00,24.3,57,15.1,8.5,22.0,1.7,854.7,831.0,98,,0.57,,61,chuk_rwanda
2022-12-28 15:00:00,24.4,55,14.6,10.0,24.5,0.0,853.8,554.0,98,,0.41,,3,chuk_rwanda
2022-12-28 16:00:00,23.8,55,14.2,9.6,24.5,0.0,853.0,385.0,99,,0.29,,3,chuk_rwanda
2022-12-28 17:00:00,23.3,57,14.2,7.3,22.0,0.0,853.0,279.0,26,,0.2,,1,chuk_rwanda
2022-12-28 18:00:00,21.4,65,14.4,10.0,20.2,0.0,852.9,82.0,32,,0.08,,1,chuk_rwanda
2022-12-28 19:00:00,19.6,75,15.1,8.4,23.0,0.0,853.2,0.0,73,,0.04,,2,chuk_rwanda
2022-12-28 20:00:00,18.5,80,15.1,5.8,17.6,0.0,853.6,0.0,89,,0.0,,3,chuk_rwanda
2022-12-28 21:00:00,18.2,82,15.1,6.5,14.0,0.0,853.9,0.0,77,,0.0,,2,chuk_rwanda
2022-12-28 22:00:00,17.4,86,14.9,6.6,13.7,0.0,853.8,0.0,59,,0.0,,2,chuk_rwanda
2022-12-28 23:00:00,16.9,88,14.9,6.3,13.3,0.0,853.4,0.0,78,,0.0,,2,chuk_rwanda
2022-12-29 00:00:00,16.7,88,14.8,5.8,12.6,0.0,853.0,0.0,100,,0.0,,3,chuk_rwanda
2022-12-29 01:00:00,16.4,89,14.6,7.2,14.4,0.0,852.4,0.0,100,,0.0,,3,chuk_rwanda
2022-12-29 02:00:00,16.4,87,14.2,5.9,14.4,0.0,852.0,0.0,100,,0.0,,3,chuk_rwanda
2022-12-29 03:00:00,15.9,89,14.1,5.7,12.2,0.0,851.7,0.0,89,,0.0,,3,chuk_rwanda
2022-12-29 04:00:00,15.6,90,14.1,6.8,13.0,0.0,851.8,0.0,90,,0.0,,3,chuk_rwanda
2022-12-29 05:00:00,15.4,91,14.0,7.0,14.0,0.0,851.7,0.0,93,,0.0,,3,chuk_rwanda
2022-12-29 06:00:00,15.6,91,14.1,5.9,14.0,0.0,852.4,0.0,96,,0.02,,3,chuk_rwanda
2022-12-29 07:00:00,17.1,86,14.9,4.9,13.0,0.0,854.0,79.0,100,,0.04,,3,chuk_rwanda
2022-12-29 08:00:00,20.0,77,15.9,1.0,11.5,0.0,856.0,261.0,82,,0.16,,3,chuk_rwanda
2022-12-29 09:00:00,22.0,70,16.2,0.8,14.8,0.1,856.6,464.0,76,,0.31,,51,chuk_rwanda
2022-12-29 10:00:00,23.1,60,14.9,11.7,27.0,0.1,856.5,620.0,100,,0.43,,51,chuk_rwanda
2022-12-29 11:00:00,21.3,70,15.5,4.3,30.6,0.4,855.6,321.0,100,,0.24,,51,chuk_rwanda
2022-12-29 12:00:00,23.5,59,15.1,10.7,29.9,0.1,855.4,652.0,99,,0.46,,51,chuk_rwanda
2022-12-29 13:00:00,24.0,59,15.6,14.9,34.9,0.1,855.0,878.0,100,,0.59,,51,chuk_rwanda
2022-12-29 14:00:00,22.2,68,15.9,11.6,36.0,0.3,854.4,533.0,100,,0.37,,51,chuk_rwanda
2022-12-29 15:00:00,21.6,71,16.2,9.2,27.7,2.7,854.1,547.0,100,,0.36,,63,chuk_rwanda
2022-12-29 16:00:00,21.6,67,15.4,6.2,23.0,0.3,853.9,301.0,100,,0.22,,51,chuk_rwanda
2022-12-29 17:00:00,19.4,80,15.8,3.2,17.3,3.5,854.3,185.0,100,,0.12,,63,chuk_rwanda
2022-12-29 18:00:00,18.3,89,16.4,1.3,14.0,1.7,854.7,37.0,100,,0.03,,61,chuk_rwanda
2022-12-29 19:00:00,17.6,94,16.6,5.5,13.0,0.6,855.3,0.0,100,,0.01,,53,chuk_rwanda
2022-12-29 20:00:00,17.1,93,16.0,6.6,18.7,0.6,855.7,0.0,100,,0.0,,53,chuk_rwanda
2022-12-29 21:00:00,17.1,93,16.0,2.0,15.1,0.6,856.0,0.0,100,,0.0,,53,chuk_rwanda
2022-12-29 22:00:00,17.0,95,16.1,1.0,5.4,0.3,856.3,0.0,100,,0.0,,51,chuk_rwanda
2022-12-29 23:00:00,16.9,95,16.1,3.0,6.1,0.4,855.7,0.0,100,,0.0,,51,chuk_rwanda
2022-12-30 00:00:00,16.9,96,16.1,2.5,6.5,0.2,855.4,0.0,100,,0.0,,51,chuk_rwanda
2022-12-30 01:00:00,16.3,97,15.9,3.1,5.8,0.0,854.9,0.0,100,,0.0,,3,chuk_rwanda
2022-12-30 02:00:00,16.6,97,16.1,2.3,6.5,0.0,855.3,0.0,100,,0.0,,3,chuk_rwanda
2022-12-30 03:00:00,16.5,97,15.9,2.6,6.1,0.0,855.0,0.0,100,,0.0,,3,chuk_rwanda
2022-12-30 04:00:00,16.5,96,15.9,2.4,7.6,0.0,855.0,0.0,100,,0.0,,3,chuk_rwanda
2022-12-30 05:00:00,16.3,97,15.9,2.8,6.8,0.0,855.2,0.0,100,,0.0,,3,chuk_rwanda
2022-12-30 06:00:00,16.2,97,15.7,3.7,6.8,0.0,855.4,0.0,100,,0.01,,3,chuk_rwanda
2022-12-30 07:00:00,16.8,94,15.9,3.1,6.5,0.0,855.9,13.0,100,,0.02,,3,chuk_rwanda
2022-12-30 08:00:00,17.2,93,16.0,1.3,6.8,0.0,856.4,63.0,100,,0.05,,3,chuk_rwanda
2022-12-30 09:00:00,18.5,88,16.4,2.1,9.7,0.0,857.0,180.0,86,,0.13,,3,chuk_rwanda
2022-12-30 10:00:00,20.8,75,16.2,4.2,15.5,0.0,857.8,497.0,34,,0.33,,1,chuk_rwanda
2022-12-30 11:00:00,23.1,58,14.4,8.3,22.3,0.2,857.9,818.0,69,,0.55,,51,chuk_rwanda
2022-12-30 12:00:00,23.5,55,13.9,11.3,29.5,0.1,857.1,694.0,100,,0.49,,51,chuk_rwanda
2022-12-30 13:00:00,24.4,56,15.0,10.6,29.9,0.0,856.6,842.0,93,,0.58,,3,chuk_rwanda
2022-12-30 14:00:00,22.5,66,15.9,13.4,30.2,0.4,855.4,730.0,90,,0.48,,51,chuk_rwanda
2022-12-30 15:00:00,22.4,67,16.0,8.7,31.3,1.5,855.2,579.0,95,,0.39,,61,chuk_rwanda
2022-12-30 16:00:00,20.0,80,16.5,11.6,29.9,3.3,854.9,330.0,97,,0.21,,63,chuk_rwanda
2022-12-30 17:00:00,20.1,80,16.6,5.8,25.2,0.0,854.7,184.0,97,,0.13,,3,chuk_rwanda
2022-12-30 18:00:00,20.2,78,16.3,1.8,13.0,0.0,855.4,88.0,77,,0.05,,2,chuk_rwanda
2022-12-30 19:00:00,19.6,81,16.3,1.8,4.3,0.0,855.4,0.0,44,,0.02,,1,chuk_rwanda
2022-12-30 20:00:00,18.3,88,16.2,2.7,4.3,0.0,855.7,0.0,100,,0.0,,3,chuk_rwanda
2022-12-30 21:00:00,16.2,96,15.6,4.4,7.2,0.0,855.2,0.0,94,,0.0,,3,chuk_rwanda
2022-12-30 22:00:00,16.2,96,15.5,4.5,8.6,0.0,855.6,0.0,56,,0.0,,2,chuk_rwanda
2022-12-30 23:00:00,15.8,96,15.1,4.6,8.6,0.0,855.2,0.0,80,,0.0,,3,chuk_rwanda
2022-12-31 00:00:00,15.3,96,14.7,4.5,9.4,0.0,854.7,0.0,70,,0.0,,2,chuk_rwanda
2022-12-31 01:00:00,14.6,97,14.1,5.2,8.6,0.0,854.1,0.0,43,,0.0,,1,chuk_rwanda
2022-12-31 02:00:00,15.0,96,14.4,5.5,9.7,0.0,854.2,0.0,94,,0.0,,3,chuk_rwanda
2022-12-31 03:00:00,14.5,96,13.9,4.7,10.8,0.0,853.6,0.0,15,,0.0,,0,chuk_rwanda
2022-12-31 04:00:00,13.8,96,13.1,4.6,9.4,0.0,853.1,0.0,45,,0.0,,1,chuk_rwanda
2022-12-31 05:00:00,13.4,96,12.8,4.7,9.0,0.0,853.3,0.0,100,,0.0,,3,chuk_rwanda
2022-12-31 06:00:00,12.7,97,12.3,4.0,9.4,0.0,853.4,0.0,100,,0.01,,3,chuk_rwanda
2022-12-31 07:00:00,14.9,93,13.7,4.4,10.4,0.0,855.0,73.0,99,,0.03,,3,chuk_rwanda
2022-12-31 08:00:00,18.5,82,15.4,1.8,10.4,0.0,857.1,283.0,96,,0.16,,3,chuk_rwanda
2022-12-31 09:00:00,20.5,76,16.1,3.1,20.5,0.0,857.6,522.0,90,,0.33,,3,chuk_rwanda
2022-12-31 10:00:00,22.1,69,16.1,7.1,23.0,0.3,857.7,738.0,87,,0.48,,51,chuk_rwanda
2022-12-31 11:00:00,22.8,68,16.5,7.9,29.2,0.2,857.3,754.0,83,,0.5,,51,chuk_rwanda
2022-12-31 12:00:00,23.8,64,16.6,8.5,28.4,0.1,856.9,807.0,45,,0.55,,51,chuk_rwanda
2022-12-31 13:00:00,24.5,59,16.0,8.4,25.9,0.1,856.1,833.0,100,,0.58,,51,chuk_rwanda
2022-12-31 14:00:00,23.5,59,14.9,6.8,24.1,0.0,855.3,635.0,50,,0.45,,2,chuk_rwanda
2022-12-31 15:00:00,24.0,56,14.9,8.0,24.1,0.2,854.4,694.0,37,,0.48,,51,chuk_rwanda
2022-12-31 16:00:00,24.1,57,15.1,9.1,24.1,0.1,853.9,487.0,14,,0.35,,51,chuk_rwanda
2022-12-31 17:00:00,22.6,59,14.1,10.5,23.8,0.1,853.8,280.0,71,,0.21,,51,chuk_rwanda
2022-12-31 18:00:00,21.0,71,15.6,4.6,22.3,0.0,853.7,65.0,17,,0.05,,0,chuk_rwanda
2022-12-31 19:00:00,19.5,77,15.2,5.5,10.8,0.0,853.7,0.0,11,,0.03,,0,chuk_rwanda
2022-12-31 20:00:00,18.1,83,15.2,6.0,11.9,0.0,854.0,0.0,11,,0.0,,0,chuk_rwanda
2022-12-31 21:00:00,16.8,90,15.2,5.8,11.5,0.0,854.1,0.0,12,,0.0,,0,chuk_rwanda
2022-12-31 22:00:00,15.9,94,15.0,6.2,11.9,0.0,854.3,0.0,14,,0.0,,0,chuk_rwanda
2022-12-31 23:00:00,15.6,93,14.6,7.4,14.0,0.0,854.2,0.0,24,,0.0,,1,chuk_rwanda
