datetime,temperature_2m,relative_humidity_2m,dew_point_2m,wind_speed_10m,wind_gusts_10m,precipitation,surface_pressure,shortwave_radiation,cloud_cover,visibility,et0_fao_evapotranspiration,cape,weathercode,hospital
2022-01-01 00:00:00,27.3,78,23.1,14.2,24.8,0.0,1011.7,0.0,100,,0.04,,3,muhimbili_tanzania
2022-01-01 01:00:00,27.2,78,23.0,14.4,25.6,0.0,1011.0,0.0,98,,0.04,,3,muhimbili_tanzania
2022-01-01 02:00:00,27.0,79,23.1,13.0,25.2,0.0,1010.3,0.0,64,,0.03,,2,muhimbili_tanzania
2022-01-01 03:00:00,26.9,82,23.5,13.8,22.7,0.0,1009.9,0.0,36,,0.03,,1,muhimbili_tanzania
2022-01-01 04:00:00,26.8,82,23.5,12.7,24.5,0.0,1010.0,0.0,64,,0.03,,2,muhimbili_tanzania
2022-01-01 05:00:00,26.9,80,23.1,13.6,23.4,0.0,1010.6,0.0,61,,0.04,,2,muhimbili_tanzania
2022-01-01 06:00:00,26.8,80,23.1,13.4,25.9,0.0,1011.1,0.0,73,,0.03,,2,muhimbili_tanzania
2022-01-01 07:00:00,27.1,78,23.0,13.0,23.4,0.1,1011.9,32.0,99,,0.06,,51,muhimbili_tanzania
2022-01-01 08:00:00,27.0,80,23.2,13.0,26.6,1.9,1012.7,191.0,95,,0.15,,61,muhimbili_tanzania
2022-01-01 09:00:00,25.6,85,23.0,12.2,31.7,6.6,1013.4,242.0,100,,0.17,,63,muhimbili_tanzania
2022-01-01 10:00:00,25.4,86,23.0,7.6,26.6,3.3,1013.9,229.0,100,,0.17,,63,muhimbili_tanzania
2022-01-01 11:00:00,26.5,81,23.0,10.5,21.2,0.0,1012.9,309.0,100,,0.23,,3,muhimbili_tanzania
2022-01-01 12:00:00,28.7,72,23.1,12.8,28.1,0.1,1012.1,797.0,98,,0.56,,51,muhimbili_tanzania
2022-01-01 13:00:00,28.6,74,23.5,14.3,32.4,0.1,1011.2,834.0,99,,0.57,,51,muhimbili_tanzania
2022-01-01 14:00:00,28.6,74,23.6,15.0,32.8,0.0,1010.2,801.0,100,,0.55,,3,muhimbili_tanzania
2022-01-01 15:00:00,30.2,64,22.7,13.8,32.8,0.0,1008.9,710.0,100,,0.53,,3,muhimbili_tanzania
2022-01-01 16:00:00,29.7,67,23.0,12.2,29.9,0.2,1008.1,614.0,35,,0.45,,51,muhimbili_tanzania
2022-01-01 17:00:00,29.4,69,23.0,14.6,28.8,0.0,1008.1,402.0,23,,0.32,,1,muhimbili_tanzania
2022-01-01 18:00:00,28.4,75,23.4,16.4,31.3,0.0,1008.7,203.0,8,,0.18,,0,muhimbili_tanzania
2022-01-01 19:00:00,27.4,81,23.7,16.2,31.7,0.0,1009.3,26.0,1,,0.06,,0,muhimbili_tanzania
2022-01-01 20:00:00,27.3,81,23.6,14.3,29.2,0.0,1010.3,0.0,5,,0.04,,0,muhimbili_tanzania
2022-01-01 21:00:00,27.3,81,23.6,15.3,27.4,0.0,1011.3,0.0,6,,0.04,,0,muhimbili_tanzania
2022-01-01 22:00:00,27.2,81,23.8,13.5,27.0,0.0,1011.8,0.0,33,,0.03,,1,muhimbili_tanzania
2022-01-01 23:00:00,27.2,81,23.8,12.5,23.8,0.0,1011.7,0.0,91,,0.03,,3,muhimbili_tanzania
2022-01-02 00:00:00,27.1,82,23.8,11.5,22.3,0.0,1011.1,0.0,29,,0.03,,1,muhimbili_tanzania
2022-01-02 01:00:00,26.9,82,23.6,10.7,20.2,0.0,1010.4,0.0,78,,0.02,,2,muhimbili_tanzania
2022-01-02 02:00:00,26.8,83,23.6,9.9,19.1,0.0,1009.9,0.0,85,,0.02,,3,muhimbili_tanzania
2022-01-02 03:00:00,26.9,81,23.3,11.4,18.0,0.0,1009.5,0.0,73,,0.03,,2,muhimbili_tanzania
2022-01-02 04:00:00,26.9,81,23.4,9.8,20.5,0.0,1009.4,0.0,21,,0.02,,1,muhimbili_tanzania
2022-01-02 05:00:00,26.5,83,23.4,8.7,17.6,0.0,1009.6,0.0,22,,0.01,,1,muhimbili_tanzania
2022-01-02 06:00:00,26.4,83,23.3,8.7,15.8,0.0,1010.1,0.0,27,,0.01,,1,muhimbili_tanzania
2022-01-02 07:00:00,26.8,83,23.5,10.9,18.7,0.0,1011.1,34.0,28,,0.05,,1,muhimbili_tanzania
2022-01-02 08:00:00,27.5,77,23.2,12.7,25.2,0.1,1011.9,199.0,34,,0.16,,51,muhimbili_tanzania
2022-01-02 09:00:00,28.5,73,23.2,13.8,28.8,0.2,1012.1,426.0,30,,0.31,,51,muhimbili_tanzania
2022-01-02 10:00:00,29.2,72,23.6,14.0,31.0,0.2,1012.1,654.0,40,,0.46,,51,muhimbili_tanzania
2022-01-02 11:00:00,29.8,69,23.4,14.9,32.0,0.3,1011.7,766.0,30,,0.55,,51,muhimbili_tanzania
2022-01-02 12:00:00,30.2,67,23.5,15.5,34.2,0.1,1010.9,897.0,20,,0.64,,51,muhimbili_tanzania
2022-01-02 13:00:00,30.4,67,23.5,15.3,34.6,0.0,1010.2,948.0,16,,0.67,,0,muhimbili_tanzania
2022-01-02 14:00:00,30.3,67,23.4,16.4,35.6,0.0,1009.2,906.0,22,,0.65,,1,muhimbili_tanzania
2022-01-02 15:00:00,29.4,72,23.9,17.1,36.0,0.0,1008.1,837.0,12,,0.57,,0,muhimbili_tanzania
2022-01-02 16:00:00,29.0,74,23.9,17.6,35.6,0.1,1007.6,534.0,21,,0.39,,51,muhimbili_tanzania
2022-01-02 17:00:00,28.5,76,23.8,17.4,36.7,0.0,1007.5,406.0,6,,0.3,,0,muhimbili_tanzania
2022-01-02 18:00:00,27.9,78,23.7,15.5,34.2,0.0,1007.5,200.0,1,,0.16,,0,muhimbili_tanzania
2022-01-02 19:00:00,27.4,81,23.9,12.4,29.5,0.0,1008.3,27.0,1,,0.05,,0,muhimbili_tanzania
2022-01-02 20:00:00,27.1,83,24.0,10.7,21.6,0.0,1009.3,0.0,5,,0.02,,0,muhimbili_tanzania
2022-01-02 21:00:00,27.0,84,24.1,9.9,19.1,0.0,1010.2,0.0,5,,0.02,,0,muhimbili_tanzania
2022-01-02 22:00:00,26.8,86,24.2,9.5,17.6,0.0,1010.5,0.0,7,,0.01,,0,muhimbili_tanzania
2022-01-02 23:00:00,26.7,86,24.2,10.3,18.7,0.0,1010.5,0.0,18,,0.01,,0,muhimbili_tanzania
2022-01-03 00:00:00,26.6,86,24.1,10.2,18.7,0.0,1010.2,0.0,39,,0.01,,1,muhimbili_tanzania
2022-01-03 01:00:00,26.5,86,24.0,9.3,17.6,0.0,1009.5,0.0,36,,0.01,,1,muhimbili_tanzania
2022-01-03 02:00:00,26.4,87,24.0,9.7,16.9,0.0,1008.9,0.0,46,,0.01,,1,muhimbili_tanzania
2022-01-03 03:00:00,26.7,82,23.5,11.7,18.0,0.0,1008.2,0.0,29,,0.02,,1,muhimbili_tanzania
2022-01-03 04:00:00,26.8,81,23.3,10.5,20.5,0.0,1008.4,0.0,100,,0.02,,3,muhimbili_tanzania
2022-01-03 05:00:00,26.6,82,23.4,11.2,19.4,0.0,1008.6,0.0,38,,0.02,,1,muhimbili_tanzania
2022-01-03 06:00:00,26.4,85,23.6,10.1,19.8,0.0,1009.3,0.0,26,,0.02,,1,muhimbili_tanzania
2022-01-03 07:00:00,26.9,83,23.8,10.3,18.0,0.1,1010.1,34.0,13,,0.04,,51,muhimbili_tanzania
2022-01-03 08:00:00,28.0,75,23.1,12.6,25.2,0.0,1010.7,221.0,97,,0.18,,3,muhimbili_tanzania
2022-01-03 09:00:00,28.9,71,23.0,13.7,29.2,0.0,1010.9,466.0,57,,0.34,,2,muhimbili_tanzania
2022-01-03 10:00:00,29.5,68,23.0,14.5,31.3,0.0,1011.1,670.0,97,,0.48,,3,muhimbili_tanzania
2022-01-03 11:00:00,30.0,65,22.7,14.2,31.7,0.0,1010.9,800.0,37,,0.58,,1,muhimbili_tanzania
2022-01-03 12:00:00,30.7,61,22.4,15.1,33.1,0.0,1010.4,893.0,34,,0.66,,1,muhimbili_tanzania
2022-01-03 13:00:00,30.9,60,22.3,16.0,34.9,0.0,1009.5,913.0,32,,0.68,,1,muhimbili_tanzania
2022-01-03 14:00:00,30.8,62,22.5,17.1,36.7,0.0,1008.5,837.0,14,,0.62,,0,muhimbili_tanzania
2022-01-03 15:00:00,30.5,62,22.3,15.3,38.2,0.0,1007.8,804.0,8,,0.6,,0,muhimbili_tanzania
2022-01-03 16:00:00,29.8,66,22.8,16.1,33.8,0.0,1007.3,647.0,7,,0.48,,0,muhimbili_tanzania
2022-01-03 17:00:00,29.0,71,23.2,17.3,34.2,0.0,1006.9,447.0,51,,0.34,,2,muhimbili_tanzania
2022-01-03 18:00:00,28.1,75,23.1,17.3,34.9,0.0,1007.2,213.0,54,,0.18,,2,muhimbili_tanzania
2022-01-03 19:00:00,27.4,78,23.2,14.3,32.8,0.0,1008.1,28.0,0,,0.06,,0,muhimbili_tanzania
2022-01-03 20:00:00,27.1,80,23.4,12.8,25.2,0.0,1008.9,0.0,78,,0.03,,2,muhimbili_tanzania
2022-01-03 21:00:00,27.0,81,23.5,12.0,22.7,0.0,1009.7,0.0,90,,0.03,,3,muhimbili_tanzania
2022-01-03 22:00:00,26.8,83,23.7,11.5,21.6,0.0,1010.3,0.0,89,,0.02,,3,muhimbili_tanzania
2022-01-03 23:00:00,26.7,84,23.9,11.5,20.5,0.0,1010.4,0.0,75,,0.02,,2,muhimbili_tanzania
2022-01-04 00:00:00,26.8,83,23.7,11.2,20.2,0.0,1010.3,0.0,84,,0.02,,3,muhimbili_tanzania
2022-01-04 01:00:00,26.9,82,23.6,11.2,20.2,0.0,1010.1,0.0,76,,0.02,,2,muhimbili_tanzania
2022-01-04 02:00:00,26.6,84,23.6,10.2,20.2,0.0,1009.3,0.0,60,,0.02,,2,muhimbili_tanzania
2022-01-04 03:00:00,26.4,85,23.7,8.2,18.0,0.0,1009.0,0.0,93,,0.01,,3,muhimbili_tanzania
2022-01-04 04:00:00,26.8,83,23.6,8.9,16.2,0.0,1009.2,0.0,85,,0.01,,3,muhimbili_tanzania
2022-01-04 05:00:00,26.6,83,23.5,8.3,15.8,0.0,1009.3,0.0,77,,0.01,,2,muhimbili_tanzania
2022-01-04 06:00:00,26.5,84,23.6,9.1,15.8,0.0,1010.0,0.0,91,,0.01,,3,muhimbili_tanzania
2022-01-04 07:00:00,27.0,82,23.6,10.5,18.0,0.0,1010.8,31.0,98,,0.04,,3,muhimbili_tanzania
2022-01-04 08:00:00,28.0,75,23.1,14.2,28.1,0.0,1011.5,219.0,99,,0.18,,3,muhimbili_tanzania
2022-01-04 09:00:00,28.7,73,23.3,15.2,31.3,0.2,1012.0,447.0,91,,0.33,,51,muhimbili_tanzania
2022-01-04 10:00:00,29.3,70,23.2,15.0,32.8,0.1,1012.2,635.0,100,,0.46,,51,muhimbili_tanzania
2022-01-04 11:00:00,30.0,66,22.9,15.8,33.8,0.0,1011.8,754.0,100,,0.55,,3,muhimbili_tanzania
2022-01-04 12:00:00,30.6,62,22.5,17.2,36.7,0.0,1011.3,863.0,99,,0.64,,3,muhimbili_tanzania
2022-01-04 13:00:00,30.2,62,22.1,19.5,40.7,0.2,1010.6,955.0,97,,0.68,,51,muhimbili_tanzania
2022-01-04 14:00:00,29.9,65,22.5,15.9,41.0,0.0,1009.6,797.0,96,,0.58,,3,muhimbili_tanzania
2022-01-04 15:00:00,30.1,64,22.6,14.3,34.6,0.0,1008.7,811.0,97,,0.59,,3,muhimbili_tanzania
2022-01-04 16:00:00,29.6,67,22.9,13.5,31.7,0.0,1008.2,682.0,26,,0.49,,1,muhimbili_tanzania
2022-01-04 17:00:00,28.8,72,23.4,16.1,32.4,0.0,1008.0,452.0,96,,0.33,,3,muhimbili_tanzania
2022-01-04 18:00:00,27.8,78,23.7,17.7,33.8,0.0,1008.4,214.0,99,,0.17,,3,muhimbili_tanzania
2022-01-04 19:00:00,27.1,82,23.8,13.7,33.1,0.0,1008.8,28.0,80,,0.05,,3,muhimbili_tanzania
2022-01-04 20:00:00,27.0,83,23.8,12.2,24.5,0.0,1009.3,0.0,99,,0.03,,3,muhimbili_tanzania
2022-01-04 21:00:00,26.8,84,23.8,11.2,21.6,0.0,1009.6,0.0,33,,0.02,,1,muhimbili_tanzania
2022-01-04 22:00:00,26.7,85,24.0,9.8,19.4,0.0,1010.3,0.0,80,,0.01,,3,muhimbili_tanzania
2022-01-04 23:00:00,26.5,87,24.1,8.4,17.3,0.0,1010.8,0.0,97,,0.01,,3,muhimbili_tanzania
2022-01-05 00:00:00,26.4,88,24.1,8.0,15.1,0.0,1010.9,0.0,63,,0.0,,2,muhimbili_tanzania
2022-01-05 01:00:00,26.5,86,24.0,8.6,15.5,0.0,1010.7,0.0,99,,0.01,,3,muhimbili_tanzania
2022-01-05 02:00:00,26.3,87,23.9,6.5,15.1,0.0,1010.5,0.0,100,,0.0,,3,muhimbili_tanzania
2022-01-05 03:00:00,26.1,86,23.6,7.2,11.5,0.0,1010.4,0.0,100,,0.0,,3,muhimbili_tanzania
2022-01-05 04:00:00,26.6,83,23.5,6.5,13.7,0.0,1010.5,0.0,100,,0.01,,3,muhimbili_tanzania
2022-01-05 05:00:00,26.8,82,23.5,6.8,11.9,0.0,1010.7,0.0,100,,0.01,,3,muhimbili_tanzania
2022-01-05 06:00:00,26.9,82,23.5,7.6,13.3,0.0,1011.2,0.0,100,,0.01,,3,muhimbili_tanzania
2022-01-05 07:00:00,26.9,83,23.7,10.2,17.6,0.0,1011.7,17.0,96,,0.04,,3,muhimbili_tanzania
2022-01-05 08:00:00,27.5,79,23.5,11.1,21.6,0.0,1012.6,115.0,100,,0.11,,3,muhimbili_tanzania
2022-01-05 09:00:00,28.4,74,23.4,11.2,23.4,0.2,1013.2,254.0,96,,0.21,,51,muhimbili_tanzania
2022-01-05 10:00:00,28.9,73,23.5,12.6,27.0,0.4,1013.2,456.0,99,,0.34,,51,muhimbili_tanzania
2022-01-05 11:00:00,29.0,72,23.5,12.0,27.4,0.2,1012.9,516.0,97,,0.39,,51,muhimbili_tanzania
2022-01-05 12:00:00,29.1,71,23.5,12.6,27.4,0.0,1012.5,494.0,99,,0.38,,3,muhimbili_tanzania
2022-01-05 13:00:00,29.5,69,23.3,13.5,29.2,0.0,1011.8,571.0,99,,0.44,,3,muhimbili_tanzania
2022-01-05 14:00:00,30.0,68,23.4,15.3,33.1,0.0,1010.9,728.0,97,,0.54,,3,muhimbili_tanzania
2022-01-05 15:00:00,30.4,65,23.0,16.5,35.3,0.0,1009.5,800.0,93,,0.58,,3,muhimbili_tanzania
2022-01-05 16:00:00,29.8,69,23.4,17.3,35.3,0.0,1009.1,605.0,100,,0.45,,3,muhimbili_tanzania
2022-01-05 17:00:00,29.1,72,23.5,19.5,38.5,0.0,1009.1,447.0,100,,0.34,,3,muhimbili_tanzania
2022-01-05 18:00:00,28.3,75,23.4,17.7,38.5,0.0,1009.5,207.0,99,,0.18,,3,muhimbili_tanzania
2022-01-05 19:00:00,27.9,77,23.4,13.6,33.5,0.0,1009.8,29.0,100,,0.06,,3,muhimbili_tanzania
2022-01-05 20:00:00,27.7,77,23.3,13.7,24.5,0.0,1010.6,0.0,99,,0.04,,3,muhimbili_tanzania
2022-01-05 21:00:00,27.7,76,23.1,14.1,24.8,0.0,1011.6,0.0,99,,0.05,,3,muhimbili_tanzania
2022-01-05 22:00:00,27.6,77,23.2,13.9,24.8,0.0,1012.2,0.0,99,,0.04,,3,muhimbili_tanzania
2022-01-05 23:00:00,27.5,78,23.4,13.6,24.5,0.0,1011.9,0.0,98,,0.04,,3,muhimbili_tanzania
2022-01-06 00:00:00,27.5,78,23.4,14.6,25.6,0.0,1011.7,0.0,100,,0.04,,3,muhimbili_tanzania
2022-01-06 01:00:00,27.5,78,23.2,14.8,26.3,0.0,1011.3,0.0,99,,0.05,,3,muhimbili_tanzania
2022-01-06 02:00:00,27.5,78,23.2,14.2,26.3,0.0,1010.9,0.0,100,,0.04,,3,muhimbili_tanzania
2022-01-06 03:00:00,27.3,78,23.0,13.5,25.6,0.0,1010.5,0.0,100,,0.04,,3,muhimbili_tanzania
2022-01-06 04:00:00,27.3,77,23.0,13.2,24.1,0.0,1010.4,0.0,99,,0.04,,3,muhimbili_tanzania
2022-01-06 05:00:00,26.9,80,23.1,14.6,25.6,0.0,1010.7,0.0,95,,0.04,,3,muhimbili_tanzania
2022-01-06 06:00:00,27.0,80,23.2,15.3,27.4,0.0,1010.8,0.0,83,,0.04,,3,muhimbili_tanzania
2022-01-06 07:00:00,27.3,80,23.5,16.7,28.8,0.0,1011.5,32.0,97,,0.07,,3,muhimbili_tanzania
2022-01-06 08:00:00,28.1,75,23.3,18.4,35.3,0.1,1012.3,199.0,100,,0.18,,51,muhimbili_tanzania
2022-01-06 09:00:00,29.0,72,23.4,17.7,36.0,0.1,1012.7,441.0,98,,0.33,,51,muhimbili_tanzania
2022-01-06 10:00:00,29.8,68,23.2,17.8,37.1,0.1,1012.4,667.0,100,,0.49,,51,muhimbili_tanzania
2022-01-06 11:00:00,30.5,65,23.0,18.3,38.5,0.1,1012.0,794.0,100,,0.58,,51,muhimbili_tanzania
2022-01-06 12:00:00,31.0,62,22.9,18.3,38.9,0.1,1011.5,914.0,100,,0.67,,51,muhimbili_tanzania
2022-01-06 13:00:00,30.7,64,23.0,16.2,39.2,0.1,1010.8,894.0,100,,0.65,,51,muhimbili_tanzania
2022-01-06 14:00:00,30.5,64,22.8,14.0,35.3,0.0,1009.7,608.0,100,,0.48,,3,muhimbili_tanzania
2022-01-06 15:00:00,31.1,58,22.0,16.1,34.6,0.0,1008.9,759.0,100,,0.59,,3,muhimbili_tanzania
2022-01-06 16:00:00,30.4,64,22.8,17.1,35.6,0.0,1008.5,644.0,100,,0.49,,3,muhimbili_tanzania
2022-01-06 17:00:00,29.6,69,23.4,16.4,35.3,0.0,1008.3,434.0,100,,0.34,,3,muhimbili_tanzania
2022-01-06 18:00:00,28.5,74,23.5,16.1,33.1,0.0,1008.2,188.0,100,,0.17,,3,muhimbili_tanzania
2022-01-06 19:00:00,27.8,79,23.7,13.8,30.6,0.0,1008.3,28.0,100,,0.06,,3,muhimbili_tanzania
2022-01-06 20:00:00,27.5,82,24.1,13.8,25.2,0.0,1009.1,0.0,100,,0.03,,3,muhimbili_tanzania
2022-01-06 21:00:00,27.4,83,24.2,13.8,24.8,0.0,1010.0,0.0,100,,0.03,,3,muhimbili_tanzania
2022-01-06 22:00:00,27.3,84,24.4,12.5,24.1,0.0,1010.8,0.0,100,,0.02,,3,muhimbili_tanzania
2022-01-06 23:00:00,27.3,84,24.4,11.8,22.3,0.0,1011.0,0.0,100,,0.02,,3,muhimbili_tanzania
2022-01-07 00:00:00,27.2,84,24.2,12.2,21.6,0.0,1010.9,0.0,100,,0.02,,3,muhimbili_tanzania
2022-01-07 01:00:00,27.0,84,24.2,12.8,22.3,0.0,1010.6,0.0,100,,0.02,,3,muhimbili_tanzania
2022-01-07 02:00:00,27.0,83,24.0,12.1,22.3,0.0,1010.0,0.0,97,,0.02,,3,muhimbili_tanzania
2022-01-07 03:00:00,27.1,81,23.6,13.8,22.0,0.0,1009.4,0.0,100,,0.03,,3,muhimbili_tanzania
2022-01-07 04:00:00,27.1,81,23.6,14.2,25.2,0.0,1009.3,0.0,30,,0.04,,1,muhimbili_tanzania
2022-01-07 05:00:00,27.0,81,23.6,14.0,24.8,0.0,1009.7,0.0,85,,0.03,,3,muhimbili_tanzania
2022-01-07 06:00:00,26.9,82,23.6,15.5,27.7,0.0,1010.1,0.0,99,,0.03,,3,muhimbili_tanzania
2022-01-07 07:00:00,27.5,80,23.8,16.9,29.2,0.0,1011.0,32.0,100,,0.07,,3,muhimbili_tanzania
2022-01-07 08:00:00,28.4,75,23.5,18.4,35.6,0.0,1012.1,216.0,68,,0.19,,2,muhimbili_tanzania
2022-01-07 09:00:00,29.1,72,23.5,19.1,38.2,0.1,1012.3,443.0,91,,0.33,,51,muhimbili_tanzania
2022-01-07 10:00:00,30.1,65,22.9,20.6,41.4,0.1,1012.3,654.0,100,,0.49,,51,muhimbili_tanzania
2022-01-07 11:00:00,31.0,61,22.6,19.7,41.4,0.0,1012.0,787.0,100,,0.6,,3,muhimbili_tanzania
2022-01-07 12:00:00,31.6,58,22.2,20.9,43.6,0.0,1011.3,928.0,100,,0.7,,3,muhimbili_tanzania
2022-01-07 13:00:00,31.8,57,22.2,19.6,43.6,0.0,1010.6,964.0,100,,0.73,,3,muhimbili_tanzania
2022-01-07 14:00:00,31.6,58,22.2,18.4,41.4,0.0,1009.7,927.0,100,,0.7,,3,muhimbili_tanzania
2022-01-07 15:00:00,31.0,62,22.7,18.4,40.3,0.0,1009.0,802.0,100,,0.6,,3,muhimbili_tanzania
2022-01-07 16:00:00,30.5,65,23.1,19.9,40.3,0.0,1008.7,654.0,85,,0.5,,3,muhimbili_tanzania
2022-01-07 17:00:00,29.4,71,23.5,22.5,43.2,0.0,1008.5,424.0,86,,0.33,,3,muhimbili_tanzania
2022-01-07 18:00:00,28.6,75,23.7,21.9,43.2,0.0,1008.7,208.0,17,,0.19,,0,muhimbili_tanzania
2022-01-07 19:00:00,27.9,80,24.0,19.1,41.0,0.0,1009.3,30.0,20,,0.07,,1,muhimbili_tanzania
2022-01-07 20:00:00,27.6,81,24.0,17.8,34.2,0.0,1009.9,0.0,3,,0.05,,0,muhimbili_tanzania
2022-01-07 21:00:00,27.5,81,24.0,17.4,32.0,0.0,1010.6,0.0,36,,0.04,,1,muhimbili_tanzania
2022-01-07 22:00:00,27.4,81,23.9,15.4,31.0,0.0,1011.1,0.0,83,,0.04,,3,muhimbili_tanzania
2022-01-07 23:00:00,27.1,82,23.8,14.0,27.7,0.0,1011.2,0.0,95,,0.03,,3,muhimbili_tanzania
2022-01-08 00:00:00,26.9,83,23.7,12.2,24.8,0.0,1011.1,0.0,93,,0.02,,3,muhimbili_tanzania
2022-01-08 01:00:00,26.7,83,23.6,11.0,21.2,0.0,1010.8,0.0,96,,0.02,,3,muhimbili_tanzania
2022-01-08 02:00:00,26.7,82,23.4,11.4,20.5,0.0,1010.5,0.0,99,,0.02,,3,muhimbili_tanzania
2022-01-08 03:00:00,27.1,77,22.9,16.1,20.9,0.0,1009.8,0.0,99,,0.05,,3,muhimbili_tanzania
2022-01-08 04:00:00,27.2,78,23.0,14.2,28.8,0.0,1009.9,0.0,92,,0.04,,3,muhimbili_tanzania
2022-01-08 05:00:00,26.8,79,22.8,13.7,25.6,0.0,1010.2,0.0,83,,0.04,,3,muhimbili_tanzania
2022-01-08 06:00:00,26.8,79,22.7,13.9,24.1,0.1,1010.7,0.0,65,,0.04,,51,muhimbili_tanzania
2022-01-08 07:00:00,27.0,78,23.0,15.1,25.9,0.1,1011.4,28.0,99,,0.06,,51,muhimbili_tanzania
2022-01-08 08:00:00,28.1,73,22.8,18.6,35.3,0.0,1012.1,197.0,100,,0.18,,3,muhimbili_tanzania
2022-01-08 09:00:00,29.0,68,22.6,19.8,38.9,0.0,1012.3,407.0,96,,0.33,,3,muhimbili_tanzania
2022-01-08 10:00:00,30.0,65,22.6,21.3,42.5,0.1,1012.2,634.0,57,,0.48,,51,muhimbili_tanzania
2022-01-08 11:00:00,30.6,62,22.5,21.0,43.2,0.1,1011.7,784.0,25,,0.59,,51,muhimbili_tanzania
2022-01-08 12:00:00,31.1,60,22.4,19.1,42.8,0.0,1011.2,857.0,55,,0.65,,2,muhimbili_tanzania
2022-01-08 13:00:00,31.6,58,22.2,18.5,40.3,0.0,1010.4,941.0,54,,0.71,,2,muhimbili_tanzania
2022-01-08 14:00:00,31.4,59,22.3,18.7,39.6,0.0,1009.4,902.0,57,,0.68,,2,muhimbili_tanzania
2022-01-08 15:00:00,30.8,62,22.7,20.7,41.8,0.0,1008.9,845.0,68,,0.62,,2,muhimbili_tanzania
2022-01-08 16:00:00,30.2,65,22.8,21.1,42.8,0.0,1008.3,629.0,97,,0.48,,3,muhimbili_tanzania
2022-01-08 17:00:00,29.1,70,23.2,21.2,43.2,0.0,1008.2,426.0,96,,0.33,,3,muhimbili_tanzania
2022-01-08 18:00:00,28.3,73,23.1,20.5,41.0,0.0,1008.6,189.0,100,,0.18,,3,muhimbili_tanzania
2022-01-08 19:00:00,27.7,76,23.0,17.7,38.5,0.0,1009.0,26.0,98,,0.08,,3,muhimbili_tanzania
2022-01-08 20:00:00,27.6,76,23.0,17.1,32.0,0.0,1009.6,0.0,71,,0.06,,2,muhimbili_tanzania
2022-01-08 21:00:00,27.6,76,23.0,17.9,32.0,0.0,1010.4,0.0,61,,0.06,,2,muhimbili_tanzania
2022-01-08 22:00:00,27.5,76,22.9,17.4,32.0,0.0,1010.9,0.0,100,,0.06,,3,muhimbili_tanzania
2022-01-08 23:00:00,27.6,75,22.9,16.1,30.6,0.0,1010.8,0.0,65,,0.06,,2,muhimbili_tanzania
2022-01-09 00:00:00,27.5,76,22.8,13.6,28.4,0.0,1010.6,0.0,28,,0.05,,1,muhimbili_tanzania
2022-01-09 01:00:00,27.4,76,22.8,13.1,24.1,0.0,1010.0,0.0,50,,0.04,,2,muhimbili_tanzania
2022-01-09 02:00:00,27.2,76,22.8,14.4,25.2,0.0,1009.5,0.0,61,,0.05,,2,muhimbili_tanzania
2022-01-09 03:00:00,26.7,80,22.9,15.3,27.4,0.0,1009.4,0.0,36,,0.04,,1,muhimbili_tanzania
2022-01-09 04:00:00,26.5,80,22.9,15.9,28.1,0.1,1009.6,0.0,53,,0.04,,51,muhimbili_tanzania
2022-01-09 05:00:00,26.5,81,22.9,16.4,29.2,0.1,1010.0,0.0,94,,0.04,,51,muhimbili_tanzania
2022-01-09 06:00:00,26.6,80,22.9,15.9,29.2,0.0,1010.4,0.0,95,,0.04,,3,muhimbili_tanzania
2022-01-09 07:00:00,26.8,80,23.0,15.3,28.4,0.0,1011.3,27.0,99,,0.06,,3,muhimbili_tanzania
2022-01-09 08:00:00,27.7,74,22.8,16.9,32.8,0.1,1012.1,209.0,97,,0.18,,51,muhimbili_tanzania
2022-01-09 09:00:00,28.2,72,22.8,16.7,33.8,0.2,1012.5,387.0,99,,0.29,,51,muhimbili_tanzania
2022-01-09 10:00:00,29.2,69,23.0,17.0,34.9,0.6,1012.5,605.0,100,,0.44,,53,muhimbili_tanzania
2022-01-09 11:00:00,30.2,64,22.6,18.7,39.2,0.3,1011.9,791.0,99,,0.58,,51,muhimbili_tanzania
2022-01-09 12:00:00,30.8,61,22.4,18.7,39.2,0.0,1011.4,780.0,98,,0.59,,3,muhimbili_tanzania
2022-01-09 13:00:00,31.4,59,22.3,19.2,41.0,0.0,1010.4,966.0,100,,0.72,,3,muhimbili_tanzania
2022-01-09 14:00:00,31.5,58,22.2,19.1,40.7,0.0,1009.2,963.0,99,,0.72,,3,muhimbili_tanzania
2022-01-09 15:00:00,30.5,60,22.0,19.9,40.7,0.0,1008.3,804.0,100,,0.6,,3,muhimbili_tanzania
2022-01-09 16:00:00,30.4,62,22.2,21.2,41.8,0.0,1007.7,590.0,45,,0.47,,1,muhimbili_tanzania
2022-01-09 17:00:00,29.4,67,22.6,21.7,43.9,0.0,1007.9,408.0,45,,0.34,,1,muhimbili_tanzania
2022-01-09 18:00:00,28.6,70,22.6,20.9,42.1,0.0,1008.2,181.0,14,,0.2,,0,muhimbili_tanzania
2022-01-09 19:00:00,27.8,75,23.0,19.1,39.6,0.0,1008.8,31.0,1,,0.09,,0,muhimbili_tanzania
2022-01-09 20:00:00,27.4,79,23.4,18.8,34.2,0.0,1009.5,0.0,5,,0.06,,0,muhimbili_tanzania
2022-01-09 21:00:00,27.4,79,23.4,18.9,33.8,0.0,1010.2,0.0,18,,0.05,,0,muhimbili_tanzania
2022-01-09 22:00:00,27.4,78,23.3,18.9,33.8,0.0,1010.8,0.0,22,,0.06,,1,muhimbili_tanzania
2022-01-09 23:00:00,27.3,79,23.3,17.9,33.8,0.0,1010.8,0.0,30,,0.05,,1,muhimbili_tanzania
2022-01-10 00:00:00,27.1,79,23.2,17.2,32.0,0.0,1010.8,0.0,26,,0.05,,1,muhimbili_tanzania
2022-01-10 01:00:00,27.0,78,22.9,15.9,30.6,0.0,1010.3,0.0,50,,0.05,,2,muhimbili_tanzania
2022-01-10 02:00:00,27.0,76,22.3,15.1,28.1,0.0,1009.7,0.0,95,,0.05,,3,muhimbili_tanzania
2022-01-10 03:00:00,26.6,78,22.5,15.6,26.6,0.1,1008.6,0.0,100,,0.05,,51,muhimbili_tanzania
2022-01-10 04:00:00,26.6,78,22.6,14.8,28.1,0.1,1009.0,0.0,100,,0.04,,51,muhimbili_tanzania
2022-01-10 05:00:00,26.6,80,22.9,14.0,25.9,0.1,1009.5,0.0,100,,0.04,,51,muhimbili_tanzania
2022-01-10 06:00:00,26.6,81,23.0,14.2,25.2,0.0,1009.8,0.0,98,,0.04,,3,muhimbili_tanzania
2022-01-10 07:00:00,26.9,80,23.2,15.3,26.3,0.0,1010.3,27.0,86,,0.06,,3,muhimbili_tanzania
2022-01-10 08:00:00,27.9,75,23.0,17.4,33.5,0.0,1011.0,197.0,97,,0.17,,3,muhimbili_tanzania
2022-01-10 09:00:00,28.8,70,22.9,17.2,34.9,0.0,1011.3,396.0,98,,0.31,,3,muhimbili_tanzania
2022-01-10 10:00:00,29.9,65,22.6,17.5,36.7,0.0,1011.2,654.0,100,,0.49,,3,muhimbili_tanzania
2022-01-10 11:00:00,30.5,62,22.5,18.7,39.2,0.1,1010.8,813.0,100,,0.6,,51,muhimbili_tanzania
2022-01-10 12:00:00,30.9,61,22.5,18.2,40.0,0.0,1010.2,834.0,100,,0.63,,3,muhimbili_tanzania
2022-01-10 13:00:00,31.4,59,22.4,18.3,39.6,0.0,1009.4,871.0,100,,0.66,,3,muhimbili_tanzania
2022-01-10 14:00:00,31.2,58,22.1,19.9,41.8,0.0,1008.5,813.0,100,,0.63,,3,muhimbili_tanzania
2022-01-10 15:00:00,30.0,63,22.2,22.0,42.1,0.0,1007.8,713.0,100,,0.54,,3,muhimbili_tanzania
2022-01-10 16:00:00,29.7,66,22.7,22.2,44.6,0.0,1007.7,574.0,100,,0.44,,3,muhimbili_tanzania
2022-01-10 17:00:00,29.1,68,22.7,20.6,43.9,0.0,1007.6,396.0,100,,0.32,,3,muhimbili_tanzania
2022-01-10 18:00:00,28.2,72,22.6,19.8,40.7,0.0,1008.1,216.0,100,,0.2,,3,muhimbili_tanzania
2022-01-10 19:00:00,27.6,74,22.6,17.8,37.4,0.0,1008.8,29.0,100,,0.09,,3,muhimbili_tanzania
2022-01-10 20:00:00,27.6,73,22.5,17.3,32.0,0.0,1009.4,0.0,100,,0.07,,3,muhimbili_tanzania
2022-01-10 21:00:00,28.0,72,22.4,17.7,31.7,0.0,1010.1,0.0,98,,0.07,,3,muhimbili_tanzania
2022-01-10 22:00:00,28.1,70,22.2,17.3,31.3,0.0,1010.6,0.0,100,,0.08,,3,muhimbili_tanzania
2022-01-10 23:00:00,28.1,71,22.4,17.5,31.0,0.0,1010.7,0.0,100,,0.08,,3,muhimbili_tanzania
2022-01-11 00:00:00,28.0,73,22.5,16.3,31.0,0.0,1010.3,0.0,100,,0.07,,3,muhimbili_tanzania
2022-01-11 01:00:00,27.8,74,22.6,15.1,29.2,0.0,1009.7,0.0,100,,0.06,,3,muhimbili_tanzania
2022-01-11 02:00:00,27.6,74,22.7,13.7,27.0,0.0,1009.2,0.0,100,,0.05,,3,muhimbili_tanzania
2022-01-11 03:00:00,27.1,79,23.1,14.7,24.1,0.0,1008.9,0.0,100,,0.04,,3,muhimbili_tanzania
2022-01-11 04:00:00,27.0,80,23.2,14.4,26.6,0.0,1008.9,0.0,100,,0.04,,3,muhimbili_tanzania
2022-01-11 05:00:00,26.8,81,23.4,16.1,28.1,0.2,1009.3,0.0,100,,0.04,,51,muhimbili_tanzania
2022-01-11 06:00:00,26.2,84,23.4,15.8,28.4,0.3,1009.8,0.0,100,,0.03,,51,muhimbili_tanzania
2022-01-11 07:00:00,26.1,87,23.8,17.4,30.6,0.5,1010.2,23.0,53,,0.04,,53,muhimbili_tanzania
2022-01-11 08:00:00,26.9,84,24.0,20.3,37.1,0.2,1010.7,169.0,38,,0.13,,51,muhimbili_tanzania
2022-01-11 09:00:00,27.9,78,23.8,22.4,43.2,0.4,1010.8,365.0,72,,0.27,,51,muhimbili_tanzania
2022-01-11 10:00:00,28.5,76,23.9,23.2,45.7,0.7,1011.0,597.0,46,,0.41,,53,muhimbili_tanzania
2022-01-11 11:00:00,29.2,72,23.6,22.4,46.1,0.3,1010.8,742.0,55,,0.51,,51,muhimbili_tanzania
2022-01-11 12:00:00,29.4,70,23.2,21.9,45.4,0.2,1010.5,753.0,52,,0.53,,51,muhimbili_tanzania
2022-01-11 13:00:00,29.6,69,23.2,22.2,45.0,0.4,1009.8,826.0,31,,0.58,,51,muhimbili_tanzania
2022-01-11 14:00:00,29.9,67,23.1,23.9,47.5,0.5,1008.9,877.0,39,,0.61,,53,muhimbili_tanzania
2022-01-11 15:00:00,29.9,65,22.5,21.6,47.5,0.3,1008.1,798.0,92,,0.58,,51,muhimbili_tanzania
2022-01-11 16:00:00,29.8,65,22.5,20.3,43.9,0.1,1007.8,637.0,35,,0.48,,51,muhimbili_tanzania
2022-01-11 17:00:00,29.0,69,22.8,21.1,41.4,0.0,1007.7,427.0,24,,0.34,,1,muhimbili_tanzania
2022-01-11 18:00:00,28.1,74,23.1,22.0,41.8,0.0,1008.2,205.0,24,,0.19,,1,muhimbili_tanzania
2022-01-11 19:00:00,27.5,77,23.0,19.6,41.4,0.0,1008.6,30.0,7,,0.08,,0,muhimbili_tanzania
2022-01-11 20:00:00,27.0,81,23.4,20.2,36.0,0.0,1009.2,0.0,57,,0.05,,2,muhimbili_tanzania
2022-01-11 21:00:00,26.9,82,23.5,22.2,40.0,0.0,1009.6,0.0,62,,0.05,,2,muhimbili_tanzania
2022-01-11 22:00:00,27.0,81,23.5,21.6,40.3,0.0,1010.1,0.0,96,,0.05,,3,muhimbili_tanzania
2022-01-11 23:00:00,27.1,80,23.4,18.6,38.5,0.0,1010.4,0.0,99,,0.05,,3,muhimbili_tanzania
2022-01-12 00:00:00,27.0,81,23.4,16.9,32.8,0.0,1010.3,0.0,100,,0.04,,3,muhimbili_tanzania
2022-01-12 01:00:00,27.0,80,23.2,17.4,30.6,0.0,1009.9,0.0,100,,0.05,,3,muhimbili_tanzania
2022-01-12 02:00:00,27.0,80,23.2,17.2,31.0,0.0,1009.2,0.0,100,,0.05,,3,muhimbili_tanzania
2022-01-12 03:00:00,26.5,83,23.5,18.3,30.6,0.0,1009.2,0.0,100,,0.04,,3,muhimbili_tanzania
2022-01-12 04:00:00,26.8,82,23.4,18.9,32.8,0.1,1009.4,0.0,100,,0.04,,51,muhimbili_tanzania
2022-01-12 05:00:00,26.5,83,23.4,19.8,34.9,0.2,1009.9,0.0,100,,0.04,,51,muhimbili_tanzania
2022-01-12 06:00:00,26.5,84,23.5,18.7,34.6,0.0,1010.3,0.0,95,,0.04,,3,muhimbili_tanzania
2022-01-12 07:00:00,26.8,82,23.5,19.5,34.2,0.0,1011.2,28.0,100,,0.06,,3,muhimbili_tanzania
2022-01-12 08:00:00,27.6,77,23.3,21.3,40.7,0.1,1012.1,196.0,100,,0.17,,51,muhimbili_tanzania
2022-01-12 09:00:00,28.1,75,23.2,23.3,45.0,0.5,1012.5,414.0,92,,0.3,,53,muhimbili_tanzania
2022-01-12 10:00:00,28.8,73,23.5,24.1,45.7,1.0,1012.5,586.0,83,,0.41,,55,muhimbili_tanzania
2022-01-12 11:00:00,29.9,66,22.8,23.6,47.5,0.1,1012.4,763.0,35,,0.55,,51,muhimbili_tanzania
2022-01-12 12:00:00,30.5,62,22.5,22.7,47.2,0.1,1011.9,867.0,27,,0.63,,51,muhimbili_tanzania
2022-01-12 13:00:00,30.9,60,22.1,23.5,47.5,0.1,1011.2,945.0,28,,0.69,,51,muhimbili_tanzania
2022-01-12 14:00:00,30.8,61,22.2,24.5,49.0,0.0,1010.4,890.0,34,,0.66,,1,muhimbili_tanzania
2022-01-12 15:00:00,30.1,62,22.1,25.3,49.0,0.0,1009.4,802.0,30,,0.59,,1,muhimbili_tanzania
2022-01-12 16:00:00,29.8,65,22.5,23.1,50.4,0.0,1008.8,640.0,31,,0.48,,1,muhimbili_tanzania
2022-01-12 17:00:00,29.2,67,22.5,22.9,45.7,0.0,1008.6,453.0,56,,0.36,,2,muhimbili_tanzania
2022-01-12 18:00:00,28.1,72,22.6,22.5,44.6,0.0,1008.9,218.0,13,,0.21,,0,muhimbili_tanzania
2022-01-12 19:00:00,27.4,77,23.0,20.6,42.1,0.0,1009.2,34.0,53,,0.08,,2,muhimbili_tanzania
2022-01-12 20:00:00,27.4,77,23.0,21.7,38.5,0.0,1009.9,0.0,20,,0.07,,1,muhimbili_tanzania
2022-01-12 21:00:00,27.4,76,22.8,20.5,38.5,0.0,1010.7,0.0,19,,0.07,,0,muhimbili_tanzania
2022-01-12 22:00:00,27.3,77,22.9,18.4,36.4,0.0,1011.3,0.0,75,,0.06,,2,muhimbili_tanzania
2022-01-12 23:00:00,27.2,78,23.0,18.4,32.8,0.0,1011.4,0.0,97,,0.06,,3,muhimbili_tanzania
2022-01-13 00:00:00,27.2,78,23.0,18.1,32.4,0.0,1011.1,0.0,97,,0.06,,3,muhimbili_tanzania
2022-01-13 01:00:00,27.1,78,23.0,17.1,32.0,0.0,1010.5,0.0,95,,0.05,,3,muhimbili_tanzania
2022-01-13 02:00:00,26.9,79,23.0,15.9,29.9,0.0,1010.3,0.0,99,,0.05,,3,muhimbili_tanzania
2022-01-13 03:00:00,26.8,77,22.5,15.3,28.1,0.0,1009.9,0.0,58,,0.05,,2,muhimbili_tanzania
2022-01-13 04:00:00,26.8,78,22.7,15.5,27.7,0.0,1009.7,0.0,100,,0.05,,3,muhimbili_tanzania
2022-01-13 05:00:00,26.4,81,23.0,13.7,27.4,0.0,1010.2,0.0,98,,0.03,,3,muhimbili_tanzania
2022-01-13 06:00:00,26.4,82,23.0,13.0,24.1,0.0,1010.9,0.0,100,,0.03,,3,muhimbili_tanzania
2022-01-13 07:00:00,26.8,80,23.0,15.2,26.3,0.1,1011.6,25.0,99,,0.06,,51,muhimbili_tanzania
2022-01-13 08:00:00,27.6,76,23.0,18.3,34.9,0.1,1012.3,185.0,100,,0.17,,51,muhimbili_tanzania
2022-01-13 09:00:00,28.5,73,23.1,17.1,35.3,0.0,1012.5,372.0,96,,0.29,,3,muhimbili_tanzania
2022-01-13 10:00:00,29.5,69,23.0,18.5,38.2,0.2,1012.4,638.0,83,,0.46,,51,muhimbili_tanzania
2022-01-13 11:00:00,30.4,63,22.5,17.8,38.2,0.1,1011.9,759.0,87,,0.57,,51,muhimbili_tanzania
2022-01-13 12:00:00,31.2,58,22.0,17.7,38.2,0.0,1011.4,859.0,100,,0.65,,3,muhimbili_tanzania
2022-01-13 13:00:00,31.5,58,22.1,18.3,39.2,0.0,1010.7,939.0,89,,0.71,,3,muhimbili_tanzania
2022-01-13 14:00:00,30.4,66,23.3,18.5,39.6,0.0,1009.8,766.0,48,,0.57,,1,muhimbili_tanzania
2022-01-13 15:00:00,30.0,67,23.1,20.1,41.4,0.0,1008.9,784.0,90,,0.56,,3,muhimbili_tanzania
2022-01-13 16:00:00,29.5,68,23.0,21.6,43.6,0.0,1008.6,680.0,81,,0.49,,3,muhimbili_tanzania
2022-01-13 17:00:00,28.6,71,23.0,20.1,43.6,0.0,1008.7,450.0,98,,0.34,,3,muhimbili_tanzania
2022-01-13 18:00:00,28.0,73,22.8,18.7,39.6,0.0,1008.8,229.0,85,,0.2,,3,muhimbili_tanzania
2022-01-13 19:00:00,27.4,77,23.0,18.4,36.0,0.0,1009.2,35.0,54,,0.08,,2,muhimbili_tanzania
2022-01-13 20:00:00,27.4,77,23.0,18.4,33.1,0.0,1009.8,0.0,12,,0.06,,0,muhimbili_tanzania
2022-01-13 21:00:00,27.4,77,23.0,16.1,33.1,0.0,1010.8,0.0,67,,0.05,,2,muhimbili_tanzania
2022-01-13 22:00:00,27.2,78,23.0,12.5,28.8,0.0,1011.3,0.0,77,,0.04,,2,muhimbili_tanzania
2022-01-13 23:00:00,27.1,79,23.0,11.2,22.3,0.0,1011.7,0.0,86,,0.03,,3,muhimbili_tanzania
2022-01-14 00:00:00,27.0,79,23.0,11.0,19.8,0.0,1011.5,0.0,100,,0.03,,3,muhimbili_tanzania
2022-01-14 01:00:00,26.9,79,22.9,10.5,19.4,0.0,1011.1,0.0,97,,0.03,,3,muhimbili_tanzania
2022-01-14 02:00:00,26.8,79,22.9,9.2,18.7,0.0,1010.3,0.0,94,,0.02,,3,muhimbili_tanzania
2022-01-14 03:00:00,26.5,81,22.9,8.4,16.2,0.0,1010.0,0.0,99,,0.02,,3,muhimbili_tanzania
2022-01-14 04:00:00,26.6,79,22.8,8.7,15.5,0.0,1010.1,0.0,98,,0.02,,3,muhimbili_tanzania
2022-01-14 05:00:00,26.5,80,22.8,8.9,15.8,0.0,1010.2,0.0,87,,0.02,,3,muhimbili_tanzania
2022-01-14 06:00:00,26.4,82,23.0,9.5,16.6,0.0,1010.8,0.0,98,,0.02,,3,muhimbili_tanzania
2022-01-14 07:00:00,26.9,80,23.1,11.0,19.4,0.0,1011.4,25.0,64,,0.05,,2,muhimbili_tanzania
2022-01-14 08:00:00,28.0,73,22.9,13.9,28.1,0.0,1012.2,179.0,92,,0.16,,3,muhimbili_tanzania
2022-01-14 09:00:00,29.1,69,22.8,14.2,30.6,0.0,1012.5,427.0,80,,0.33,,3,muhimbili_tanzania
2022-01-14 10:00:00,30.0,65,22.6,14.0,31.3,0.0,1012.5,643.0,45,,0.48,,1,muhimbili_tanzania
2022-01-14 11:00:00,30.0,64,22.6,15.0,33.5,0.1,1012.1,820.0,78,,0.59,,51,muhimbili_tanzania
2022-01-14 12:00:00,29.8,67,22.9,14.2,33.8,0.2,1011.5,667.0,77,,0.5,,51,muhimbili_tanzania
2022-01-14 13:00:00,30.9,61,22.5,12.7,32.4,0.0,1010.5,806.0,48,,0.61,,1,muhimbili_tanzania
2022-01-14 14:00:00,31.4,57,22.0,12.2,30.2,0.0,1009.2,916.0,50,,0.69,,2,muhimbili_tanzania
2022-01-14 15:00:00,30.8,60,22.2,16.7,33.1,0.0,1008.6,847.0,89,,0.63,,3,muhimbili_tanzania
2022-01-14 16:00:00,29.9,63,22.0,18.8,39.6,0.0,1007.9,680.0,67,,0.51,,2,muhimbili_tanzania
2022-01-14 17:00:00,28.9,67,22.1,20.3,40.3,0.0,1007.8,481.0,69,,0.37,,2,muhimbili_tanzania
2022-01-14 18:00:00,28.0,73,22.7,20.5,40.3,0.0,1008.2,226.0,67,,0.2,,2,muhimbili_tanzania
2022-01-14 19:00:00,27.4,76,22.8,17.0,38.9,0.0,1008.9,36.0,75,,0.08,,2,muhimbili_tanzania
2022-01-14 20:00:00,27.1,78,23.0,12.4,30.2,0.0,1009.7,0.0,91,,0.04,,3,muhimbili_tanzania
2022-01-14 21:00:00,26.9,79,23.0,11.0,22.3,0.0,1010.4,0.0,66,,0.03,,2,muhimbili_tanzania
2022-01-14 22:00:00,26.8,79,22.9,9.4,19.8,0.0,1010.9,0.0,99,,0.02,,3,muhimbili_tanzania
2022-01-14 23:00:00,26.5,80,22.9,7.4,16.6,0.0,1010.8,0.0,64,,0.01,,2,muhimbili_tanzania
2022-01-15 00:00:00,26.4,81,23.0,7.4,13.7,0.0,1010.7,0.0,81,,0.01,,3,muhimbili_tanzania
2022-01-15 01:00:00,26.3,81,22.9,7.7,13.7,0.0,1010.0,0.0,97,,0.01,,3,muhimbili_tanzania
2022-01-15 02:00:00,26.1,82,22.8,6.9,13.7,0.0,1009.5,0.0,98,,0.01,,3,muhimbili_tanzania
2022-01-15 03:00:00,25.7,86,23.2,4.8,12.2,0.0,1009.3,0.0,100,,0.0,,3,muhimbili_tanzania
2022-01-15 04:00:00,25.8,87,23.5,5.1,9.0,0.0,1009.6,0.0,38,,0.0,,1,muhimbili_tanzania
2022-01-15 05:00:00,25.5,89,23.6,5.4,9.4,0.0,1009.9,0.0,97,,0.0,,3,muhimbili_tanzania
2022-01-15 06:00:00,25.4,91,23.7,6.1,10.4,0.0,1010.8,0.0,98,,0.0,,3,muhimbili_tanzania
2022-01-15 07:00:00,25.9,88,23.7,7.9,14.4,0.0,1011.9,24.0,92,,0.02,,3,muhimbili_tanzania
2022-01-15 08:00:00,27.2,79,23.1,8.2,18.7,0.0,1012.5,177.0,100,,0.13,,3,muhimbili_tanzania
2022-01-15 09:00:00,28.5,71,22.8,7.6,20.9,0.0,1012.8,423.0,99,,0.31,,3,muhimbili_tanzania
2022-01-15 10:00:00,29.9,64,22.2,8.3,22.3,0.1,1012.4,615.0,97,,0.46,,51,muhimbili_tanzania
2022-01-15 11:00:00,31.0,59,22.1,10.8,27.4,0.0,1011.7,790.0,100,,0.6,,3,muhimbili_tanzania
2022-01-15 12:00:00,31.5,58,22.2,10.9,28.1,0.0,1010.9,936.0,100,,0.7,,3,muhimbili_tanzania
2022-01-15 13:00:00,31.7,58,22.5,11.9,29.9,0.0,1009.8,950.0,100,,0.72,,3,muhimbili_tanzania
2022-01-15 14:00:00,31.9,55,21.8,14.5,33.1,0.0,1008.3,897.0,93,,0.69,,3,muhimbili_tanzania
2022-01-15 15:00:00,30.6,64,23.1,17.0,35.3,0.0,1007.0,848.0,78,,0.62,,2,muhimbili_tanzania
2022-01-15 16:00:00,29.8,69,23.5,17.1,38.9,0.0,1006.3,687.0,85,,0.49,,3,muhimbili_tanzania
2022-01-15 17:00:00,29.1,72,23.6,16.8,36.4,0.0,1006.1,477.0,84,,0.35,,3,muhimbili_tanzania
2022-01-15 18:00:00,28.0,79,24.0,15.9,34.6,0.0,1006.6,234.0,79,,0.18,,2,muhimbili_tanzania
2022-01-15 19:00:00,27.4,84,24.4,13.2,30.6,0.0,1007.6,34.0,20,,0.05,,1,muhimbili_tanzania
2022-01-15 20:00:00,27.2,84,24.4,12.2,24.1,0.0,1008.5,0.0,17,,0.02,,0,muhimbili_tanzania
2022-01-15 21:00:00,27.0,86,24.6,10.5,22.3,0.0,1009.1,0.0,23,,0.01,,1,muhimbili_tanzania
2022-01-15 22:00:00,27.0,86,24.5,9.2,19.1,0.0,1009.5,0.0,29,,0.01,,1,muhimbili_tanzania
2022-01-15 23:00:00,26.8,87,24.4,6.1,16.6,0.0,1009.7,0.0,11,,0.0,,0,muhimbili_tanzania
2022-01-16 00:00:00,25.9,93,24.6,4.1,10.8,0.0,1009.8,0.0,58,,0.0,,2,muhimbili_tanzania
2022-01-16 01:00:00,25.6,95,24.8,4.3,8.6,0.0,1008.8,0.0,74,,0.0,,2,muhimbili_tanzania
2022-01-16 02:00:00,25.9,93,24.7,8.4,15.1,0.0,1008.5,0.0,38,,0.0,,1,muhimbili_tanzania
2022-01-16 03:00:00,25.6,93,24.5,8.3,14.8,0.0,1009.1,0.0,30,,0.0,,1,muhimbili_tanzania
2022-01-16 04:00:00,25.4,94,24.4,8.5,14.8,0.0,1009.2,0.0,97,,0.0,,3,muhimbili_tanzania
2022-01-16 05:00:00,25.1,94,24.1,8.5,15.5,0.0,1009.2,0.0,41,,0.0,,1,muhimbili_tanzania
2022-01-16 06:00:00,25.1,93,24.0,7.7,14.8,0.0,1009.1,0.0,41,,0.0,,1,muhimbili_tanzania
2022-01-16 07:00:00,25.8,91,24.1,9.4,16.9,0.0,1009.8,22.0,88,,0.02,,3,muhimbili_tanzania
2022-01-16 08:00:00,27.4,81,23.7,10.6,22.7,0.0,1010.4,192.0,96,,0.14,,3,muhimbili_tanzania
2022-01-16 09:00:00,28.9,72,23.2,10.7,24.8,0.0,1010.7,422.0,89,,0.31,,3,muhimbili_tanzania
2022-01-16 10:00:00,29.9,66,22.8,12.2,28.4,0.0,1010.4,590.0,100,,0.44,,3,muhimbili_tanzania
2022-01-16 11:00:00,31.0,58,21.7,13.1,31.0,0.0,1009.7,814.0,91,,0.62,,3,muhimbili_tanzania
2022-01-16 12:00:00,31.6,52,20.5,13.2,32.0,0.0,1009.0,952.0,67,,0.73,,2,muhimbili_tanzania
2022-01-16 13:00:00,32.3,48,19.8,12.4,31.7,0.0,1008.1,1009.0,75,,0.78,,2,muhimbili_tanzania
2022-01-16 14:00:00,31.4,59,22.5,14.5,33.8,0.0,1007.0,987.0,89,,0.73,,3,muhimbili_tanzania
2022-01-16 15:00:00,30.5,63,22.7,14.3,34.9,0.0,1006.0,874.0,80,,0.64,,3,muhimbili_tanzania
2022-01-16 16:00:00,29.9,66,22.9,17.4,36.4,0.0,1005.4,701.0,71,,0.51,,2,muhimbili_tanzania
2022-01-16 17:00:00,28.9,68,22.5,18.2,38.9,0.0,1005.3,481.0,86,,0.36,,3,muhimbili_tanzania
2022-01-16 18:00:00,28.3,75,23.5,17.8,36.4,0.0,1005.4,234.0,100,,0.19,,3,muhimbili_tanzania
2022-01-16 19:00:00,27.2,82,23.9,14.2,34.2,0.0,1006.2,36.0,99,,0.05,,3,muhimbili_tanzania
2022-01-16 20:00:00,27.2,81,23.8,14.4,26.6,0.0,1007.2,0.0,100,,0.03,,3,muhimbili_tanzania
2022-01-16 21:00:00,27.1,82,23.8,14.8,26.6,0.0,1008.2,0.0,100,,0.03,,3,muhimbili_tanzania
2022-01-16 22:00:00,27.0,82,23.6,11.6,25.9,0.0,1008.9,0.0,99,,0.03,,3,muhimbili_tanzania
2022-01-16 23:00:00,26.9,84,23.9,10.9,20.5,0.0,1009.1,0.0,100,,0.02,,3,muhimbili_tanzania
2022-01-17 00:00:00,26.8,84,23.9,12.2,21.6,0.0,1008.9,0.0,100,,0.02,,3,muhimbili_tanzania
2022-01-17 01:00:00,26.8,84,23.9,13.2,23.8,0.0,1008.5,0.0,99,,0.02,,3,muhimbili_tanzania
2022-01-17 02:00:00,26.6,85,23.9,12.4,23.8,0.0,1008.2,0.0,99,,0.02,,3,muhimbili_tanzania
2022-01-17 03:00:00,26.7,85,24.0,12.8,22.3,0.0,1007.7,0.0,100,,0.02,,3,muhimbili_tanzania
2022-01-17 04:00:00,26.6,85,24.0,12.7,23.0,0.0,1007.9,0.0,100,,0.02,,3,muhimbili_tanzania
2022-01-17 05:00:00,26.5,85,23.9,10.5,23.0,0.0,1008.9,0.0,100,,0.02,,3,muhimbili_tanzania
2022-01-17 06:00:00,26.1,87,23.8,11.3,19.1,0.1,1009.7,0.0,100,,0.01,,51,muhimbili_tanzania
2022-01-17 07:00:00,26.6,84,23.6,11.8,21.2,0.1,1010.7,17.0,100,,0.04,,51,muhimbili_tanzania
2022-01-17 08:00:00,27.2,77,22.8,13.7,27.4,0.0,1011.2,140.0,100,,0.13,,3,muhimbili_tanzania
2022-01-17 09:00:00,28.4,72,22.8,12.3,28.8,0.0,1012.0,418.0,98,,0.31,,3,muhimbili_tanzania
2022-01-17 10:00:00,29.6,67,22.7,13.7,32.4,0.0,1011.7,573.0,97,,0.43,,3,muhimbili_tanzania
2022-01-17 11:00:00,30.9,61,22.5,13.7,35.3,0.0,1010.9,766.0,100,,0.58,,3,muhimbili_tanzania
2022-01-17 12:00:00,31.9,57,22.3,12.3,35.3,0.0,1010.4,874.0,100,,0.67,,3,muhimbili_tanzania
2022-01-17 13:00:00,32.7,54,22.1,11.1,34.6,0.0,1009.5,974.0,100,,0.75,,3,muhimbili_tanzania
2022-01-17 14:00:00,33.0,54,22.5,12.8,35.6,0.0,1008.2,953.0,100,,0.74,,3,muhimbili_tanzania
2022-01-17 15:00:00,31.0,63,23.2,16.1,36.4,0.0,1007.6,779.0,100,,0.59,,3,muhimbili_tanzania
2022-01-17 16:00:00,30.1,63,22.4,17.1,36.4,0.0,1007.2,647.0,100,,0.49,,3,muhimbili_tanzania
2022-01-17 17:00:00,29.4,69,23.1,13.4,36.4,0.0,1007.7,401.0,100,,0.31,,3,muhimbili_tanzania
2022-01-17 18:00:00,29.1,70,23.0,13.2,29.9,0.0,1008.1,202.0,100,,0.19,,3,muhimbili_tanzania
2022-01-17 19:00:00,27.9,77,23.4,12.8,27.4,0.0,1009.2,27.0,100,,0.06,,3,muhimbili_tanzania
2022-01-17 20:00:00,27.8,78,23.5,9.1,23.8,0.1,1009.7,0.0,100,,0.03,,51,muhimbili_tanzania
2022-01-17 21:00:00,27.8,78,23.6,8.1,16.6,0.0,1010.3,0.0,100,,0.02,,3,muhimbili_tanzania
2022-01-17 22:00:00,27.6,78,23.5,7.9,14.8,0.0,1010.3,0.0,100,,0.02,,3,muhimbili_tanzania
2022-01-17 23:00:00,27.4,80,23.6,7.5,14.0,0.0,1010.5,0.0,100,,0.02,,3,muhimbili_tanzania
2022-01-18 00:00:00,27.4,80,23.6,8.1,14.4,0.0,1010.3,0.0,100,,0.02,,3,muhimbili_tanzania
2022-01-18 01:00:00,27.1,82,23.8,9.0,15.8,0.0,1009.6,0.0,100,,0.02,,3,muhimbili_tanzania
2022-01-18 02:00:00,27.0,82,23.8,9.4,16.6,0.0,1009.0,0.0,100,,0.02,,3,muhimbili_tanzania
2022-01-18 03:00:00,26.4,84,23.5,10.6,17.3,0.0,1009.1,0.0,100,,0.02,,3,muhimbili_tanzania
2022-01-18 04:00:00,26.4,84,23.4,11.7,20.9,0.0,1009.1,0.0,100,,0.02,,3,muhimbili_tanzania
2022-01-18 05:00:00,26.8,81,23.2,13.3,23.4,0.0,1009.1,0.0,100,,0.03,,3,muhimbili_tanzania
2022-01-18 06:00:00,26.7,83,23.5,13.2,23.8,0.0,1009.8,0.0,100,,0.03,,3,muhimbili_tanzania
2022-01-18 07:00:00,27.0,82,23.6,14.1,24.1,0.0,1010.5,22.0,100,,0.05,,3,muhimbili_tanzania
2022-01-18 08:00:00,27.9,76,23.2,16.6,31.7,0.0,1011.2,157.0,100,,0.15,,3,muhimbili_tanzania
2022-01-18 09:00:00,28.9,69,22.6,16.8,34.2,0.0,1011.4,400.0,100,,0.31,,3,muhimbili_tanzania
2022-01-18 10:00:00,29.8,65,22.5,18.1,36.7,0.0,1011.6,560.0,100,,0.43,,3,muhimbili_tanzania
2022-01-18 11:00:00,30.1,65,22.9,17.2,38.9,0.1,1010.9,612.0,100,,0.47,,51,muhimbili_tanzania
2022-01-18 12:00:00,30.8,62,22.7,18.5,40.7,0.0,1010.3,710.0,100,,0.55,,3,muhimbili_tanzania
2022-01-18 13:00:00,30.6,63,22.8,16.9,40.7,0.0,1009.5,771.0,100,,0.58,,3,muhimbili_tanzania
2022-01-18 14:00:00,31.0,62,22.7,18.5,39.2,0.0,1008.6,709.0,100,,0.55,,3,muhimbili_tanzania
2022-01-18 15:00:00,28.2,76,23.6,18.4,44.3,0.4,1008.6,770.0,100,,0.51,,51,muhimbili_tanzania
2022-01-18 16:00:00,29.2,73,23.8,18.4,36.4,0.0,1007.4,508.0,100,,0.38,,3,muhimbili_tanzania
2022-01-18 17:00:00,29.5,68,23.0,16.9,39.2,0.0,1008.0,404.0,100,,0.33,,3,muhimbili_tanzania
2022-01-18 18:00:00,28.5,72,23.0,16.2,33.5,0.0,1008.5,192.0,100,,0.18,,3,muhimbili_tanzania
2022-01-18 19:00:00,27.9,77,23.4,13.8,30.6,0.0,1009.5,33.0,100,,0.07,,3,muhimbili_tanzania
2022-01-18 20:00:00,27.8,77,23.4,12.5,24.5,0.0,1010.0,0.0,100,,0.04,,3,muhimbili_tanzania
2022-01-18 21:00:00,27.7,78,23.5,14.1,24.5,0.0,1010.6,0.0,100,,0.04,,3,muhimbili_tanzania
2022-01-18 22:00:00,27.5,80,23.7,13.7,25.6,0.0,1011.4,0.0,100,,0.04,,3,muhimbili_tanzania
2022-01-18 23:00:00,27.5,81,23.9,12.7,24.1,0.0,1011.9,0.0,100,,0.03,,3,muhimbili_tanzania
2022-01-19 00:00:00,27.5,80,23.6,15.4,26.6,0.0,1011.6,0.0,100,,0.04,,3,muhimbili_tanzania
2022-01-19 01:00:00,27.2,80,23.5,14.4,27.4,0.1,1011.1,0.0,100,,0.04,,51,muhimbili_tanzania
2022-01-19 02:00:00,27.0,81,23.5,14.8,25.9,0.0,1010.6,0.0,100,,0.04,,3,muhimbili_tanzania
2022-01-19 03:00:00,26.1,87,23.8,10.7,27.4,0.0,1010.2,0.0,100,,0.01,,3,muhimbili_tanzania
2022-01-19 04:00:00,25.1,88,23.0,14.0,27.0,1.9,1010.3,0.0,100,,0.01,,61,muhimbili_tanzania
2022-01-19 05:00:00,24.9,91,23.4,12.4,25.9,0.2,1010.8,0.0,100,,0.01,,51,muhimbili_tanzania
2022-01-19 06:00:00,24.5,92,23.1,15.5,27.4,0.3,1011.5,0.0,100,,0.01,,51,muhimbili_tanzania
2022-01-19 07:00:00,24.1,93,23.0,12.1,28.1,0.9,1012.0,5.0,100,,0.03,,53,muhimbili_tanzania
2022-01-19 08:00:00,24.4,92,23.1,8.2,23.8,2.3,1013.7,32.0,100,,0.04,,61,muhimbili_tanzania
2022-01-19 09:00:00,24.2,92,22.8,12.8,24.1,0.8,1013.4,42.0,100,,0.05,,53,muhimbili_tanzania
2022-01-19 10:00:00,24.7,91,23.2,11.8,23.4,0.8,1013.7,165.0,100,,0.12,,53,muhimbili_tanzania
2022-01-19 11:00:00,25.0,89,23.0,10.2,25.6,1.6,1013.3,241.0,100,,0.17,,61,muhimbili_tanzania
2022-01-19 12:00:00,25.1,89,23.1,9.2,19.8,0.9,1013.0,212.0,100,,0.16,,53,muhimbili_tanzania
2022-01-19 13:00:00,26.0,83,22.9,8.4,20.5,0.6,1011.7,305.0,100,,0.23,,53,muhimbili_tanzania
2022-01-19 14:00:00,25.8,86,23.2,6.1,19.4,1.1,1010.3,281.0,100,,0.21,,55,muhimbili_tanzania
2022-01-19 15:00:00,25.6,83,22.5,6.9,13.3,0.8,1010.3,262.0,100,,0.2,,53,muhimbili_tanzania
2022-01-19 16:00:00,26.2,78,22.1,5.8,15.5,0.1,1009.4,238.0,100,,0.19,,51,muhimbili_tanzania
2022-01-19 17:00:00,26.8,75,22.0,5.4,15.5,0.0,1009.1,312.0,100,,0.23,,3,muhimbili_tanzania
2022-01-19 18:00:00,26.5,76,21.8,5.8,13.7,0.0,1009.2,154.0,100,,0.12,,3,muhimbili_tanzania
2022-01-19 19:00:00,24.8,87,22.5,5.1,11.5,0.0,1009.8,27.0,100,,0.02,,3,muhimbili_tanzania
2022-01-19 20:00:00,25.0,87,22.5,4.6,7.6,0.0,1010.4,0.0,100,,0.0,,3,muhimbili_tanzania
2022-01-19 21:00:00,25.1,85,22.4,5.6,9.7,0.0,1011.1,0.0,100,,0.0,,3,muhimbili_tanzania
2022-01-19 22:00:00,24.4,90,22.6,6.8,9.4,0.0,1011.2,0.0,100,,0.0,,3,muhimbili_tanzania
2022-01-19 23:00:00,25.0,89,23.0,5.4,9.4,0.0,1011.3,0.0,100,,0.0,,3,muhimbili_tanzania
2022-01-20 00:00:00,24.9,91,23.2,5.8,9.7,0.0,1011.0,0.0,100,,0.0,,3,muhimbili_tanzania
2022-01-20 01:00:00,25.0,91,23.5,6.2,11.2,0.0,1010.5,0.0,100,,0.0,,3,muhimbili_tanzania
2022-01-20 02:00:00,25.4,91,23.9,6.8,11.5,0.0,1010.0,0.0,100,,0.0,,3,muhimbili_tanzania
2022-01-20 03:00:00,25.6,90,23.8,7.6,13.7,0.0,1010.2,0.0,100,,0.0,,3,muhimbili_tanzania
2022-01-20 04:00:00,25.4,91,23.8,7.7,14.0,0.0,1009.8,0.0,100,,0.0,,3,muhimbili_tanzania
2022-01-20 05:00:00,25.4,91,23.9,6.9,13.3,0.0,1009.8,0.0,100,,0.0,,3,muhimbili_tanzania
2022-01-20 06:00:00,25.4,91,23.9,6.5,11.9,0.0,1010.2,0.0,22,,0.0,,1,muhimbili_tanzania
2022-01-20 07:00:00,25.9,90,24.0,9.9,16.2,0.0,1010.5,22.0,35,,0.02,,1,muhimbili_tanzania
2022-01-20 08:00:00,27.5,80,23.6,12.5,24.1,0.0,1011.1,194.0,95,,0.15,,3,muhimbili_tanzania
2022-01-20 09:00:00,28.6,73,23.3,13.8,28.1,0.0,1011.2,408.0,99,,0.3,,3,muhimbili_tanzania
2022-01-20 10:00:00,29.0,71,23.3,13.7,29.2,1.3,1011.4,576.0,100,,0.42,,61,muhimbili_tanzania
2022-01-20 11:00:00,29.2,74,24.1,10.9,29.2,0.7,1011.2,730.0,100,,0.52,,53,muhimbili_tanzania
2022-01-20 12:00:00,29.6,73,24.3,10.4,26.3,0.6,1010.5,739.0,99,,0.53,,53,muhimbili_tanzania
2022-01-20 13:00:00,30.0,69,23.6,9.7,25.6,0.4,1009.4,765.0,99,,0.56,,51,muhimbili_tanzania
2022-01-20 14:00:00,29.9,69,23.6,9.4,25.6,0.2,1007.9,725.0,100,,0.54,,51,muhimbili_tanzania
2022-01-20 15:00:00,29.1,75,24.2,11.5,23.4,0.0,1007.4,653.0,100,,0.47,,3,muhimbili_tanzania
2022-01-20 16:00:00,29.0,75,24.0,10.9,26.3,0.0,1006.5,495.0,100,,0.36,,3,muhimbili_tanzania
2022-01-20 17:00:00,29.2,73,23.9,10.2,23.8,0.0,1006.6,349.0,100,,0.27,,3,muhimbili_tanzania
2022-01-20 18:00:00,28.8,74,23.8,8.7,20.9,0.0,1007.2,158.0,100,,0.14,,3,muhimbili_tanzania
2022-01-20 19:00:00,27.7,81,24.1,5.4,16.2,0.0,1007.6,25.0,100,,0.03,,3,muhimbili_tanzania
2022-01-20 20:00:00,27.2,84,24.4,7.6,11.5,0.0,1008.4,0.0,94,,0.01,,3,muhimbili_tanzania
2022-01-20 21:00:00,27.0,86,24.5,7.0,17.6,0.0,1009.9,0.0,37,,0.01,,1,muhimbili_tanzania
2022-01-20 22:00:00,25.3,90,23.5,7.8,11.9,5.6,1011.2,0.0,100,,0.0,,63,muhimbili_tanzania
2022-01-20 23:00:00,24.1,96,23.4,0.5,19.1,1.9,1010.7,0.0,100,,0.0,,61,muhimbili_tanzania
2022-01-21 00:00:00,24.1,95,23.2,2.1,11.5,0.4,1010.5,0.0,100,,0.0,,51,muhimbili_tanzania
2022-01-21 01:00:00,24.3,97,23.9,2.5,5.8,0.2,1010.0,0.0,97,,0.0,,51,muhimbili_tanzania
2022-01-21 02:00:00,24.6,96,23.9,3.7,7.2,0.3,1009.6,0.0,100,,0.0,,51,muhimbili_tanzania
2022-01-21 03:00:00,24.1,94,23.0,13.6,16.2,0.4,1009.6,0.0,100,,0.0,,51,muhimbili_tanzania
2022-01-21 04:00:00,24.3,94,23.2,9.4,23.8,0.4,1010.0,0.0,100,,0.0,,51,muhimbili_tanzania
2022-01-21 05:00:00,24.5,93,23.2,12.3,20.9,0.5,1010.3,0.0,100,,0.0,,53,muhimbili_tanzania
2022-01-21 06:00:00,24.7,91,23.1,13.3,24.1,0.3,1010.3,0.0,100,,0.01,,51,muhimbili_tanzania
2022-01-21 07:00:00,24.9,92,23.4,12.2,23.0,0.0,1010.7,5.0,100,,0.03,,3,muhimbili_tanzania
2022-01-21 08:00:00,25.5,91,23.8,10.8,22.0,0.0,1011.6,75.0,100,,0.07,,3,muhimbili_tanzania
2022-01-21 09:00:00,26.9,81,23.5,13.7,26.6,0.1,1012.3,286.0,100,,0.21,,51,muhimbili_tanzania
2022-01-21 10:00:00,27.6,77,23.1,13.4,28.8,0.0,1012.3,344.0,100,,0.26,,3,muhimbili_tanzania
2022-01-21 11:00:00,27.3,75,22.5,14.0,30.2,3.2,1012.3,495.0,100,,0.35,,63,muhimbili_tanzania
2022-01-21 12:00:00,28.1,73,22.9,10.8,29.5,0.1,1011.2,530.0,100,,0.39,,51,muhimbili_tanzania
2022-01-21 13:00:00,28.6,73,23.4,11.6,29.5,0.2,1009.9,669.0,100,,0.48,,51,muhimbili_tanzania
2022-01-21 14:00:00,29.0,71,23.2,8.8,29.2,0.1,1008.7,653.0,100,,0.48,,51,muhimbili_tanzania
2022-01-21 15:00:00,28.5,72,23.0,9.5,21.2,0.0,1008.3,409.0,100,,0.32,,3,muhimbili_tanzania
2022-01-21 16:00:00,28.5,73,23.2,11.7,26.3,0.0,1007.7,630.0,100,,0.44,,3,muhimbili_tanzania
2022-01-21 17:00:00,27.5,75,22.7,12.4,27.0,0.0,1007.8,404.0,100,,0.29,,3,muhimbili_tanzania
2022-01-21 18:00:00,26.8,79,22.8,7.9,25.2,0.0,1008.1,201.0,100,,0.15,,3,muhimbili_tanzania
2022-01-21 19:00:00,26.6,78,22.4,6.4,16.2,0.0,1008.5,33.0,100,,0.04,,3,muhimbili_tanzania
2022-01-21 20:00:00,26.7,76,22.1,11.5,19.8,0.0,1009.6,0.0,100,,0.04,,3,muhimbili_tanzania
2022-01-21 21:00:00,26.3,82,22.9,10.3,20.9,0.0,1010.4,0.0,47,,0.02,,1,muhimbili_tanzania
2022-01-21 22:00:00,26.1,85,23.3,8.7,18.4,0.0,1011.0,0.0,99,,0.01,,3,muhimbili_tanzania
2022-01-21 23:00:00,26.2,85,23.5,9.4,16.6,0.0,1011.1,0.0,82,,0.01,,3,muhimbili_tanzania
2022-01-22 00:00:00,26.1,87,23.8,8.4,16.9,0.0,1010.8,0.0,99,,0.01,,3,muhimbili_tanzania
2022-01-22 01:00:00,26.3,86,23.8,12.0,20.9,0.0,1010.3,0.0,100,,0.02,,3,muhimbili_tanzania
2022-01-22 02:00:00,26.2,86,23.8,13.4,24.5,0.0,1009.9,0.0,100,,0.02,,3,muhimbili_tanzania
2022-01-22 03:00:00,26.1,83,23.0,17.3,24.8,0.0,1009.5,0.0,99,,0.04,,3,muhimbili_tanzania
2022-01-22 04:00:00,26.6,79,22.8,14.5,31.3,0.0,1009.6,0.0,100,,0.04,,3,muhimbili_tanzania
2022-01-22 05:00:00,26.2,80,22.5,15.5,27.4,0.2,1010.3,0.0,100,,0.04,,51,muhimbili_tanzania
2022-01-22 06:00:00,26.1,81,22.6,14.8,27.4,0.0,1010.3,0.0,100,,0.04,,3,muhimbili_tanzania
2022-01-22 07:00:00,26.3,85,23.5,11.1,25.9,0.0,1011.0,11.0,100,,0.04,,3,muhimbili_tanzania
2022-01-22 08:00:00,26.6,85,23.9,9.6,19.4,0.0,1011.7,81.0,100,,0.08,,3,muhimbili_tanzania
2022-01-22 09:00:00,27.9,78,23.7,13.1,25.2,0.0,1012.0,222.0,100,,0.19,,3,muhimbili_tanzania
2022-01-22 10:00:00,28.3,76,23.6,13.6,27.0,0.0,1011.9,292.0,100,,0.24,,3,muhimbili_tanzania
2022-01-22 11:00:00,28.6,74,23.5,12.7,27.7,0.2,1011.5,392.0,100,,0.31,,51,muhimbili_tanzania
2022-01-22 12:00:00,29.1,72,23.5,13.4,28.8,0.3,1011.1,650.0,100,,0.47,,51,muhimbili_tanzania
2022-01-22 13:00:00,29.4,72,23.8,13.4,29.2,0.2,1010.2,716.0,100,,0.52,,51,muhimbili_tanzania
2022-01-22 14:00:00,29.5,71,23.7,12.2,29.2,0.1,1009.3,727.0,100,,0.53,,51,muhimbili_tanzania
2022-01-22 15:00:00,26.4,79,22.4,10.6,27.7,0.7,1009.6,514.0,100,,0.36,,53,muhimbili_tanzania
2022-01-22 16:00:00,26.7,78,22.5,9.4,21.2,0.2,1008.8,217.0,100,,0.18,,51,muhimbili_tanzania
2022-01-22 17:00:00,26.7,79,22.7,5.8,19.1,0.0,1008.6,174.0,100,,0.14,,3,muhimbili_tanzania
2022-01-22 18:00:00,26.7,80,23.0,4.1,12.6,0.0,1009.1,115.0,100,,0.09,,3,muhimbili_tanzania
2022-01-22 19:00:00,26.2,84,23.3,4.8,8.6,0.0,1010.0,25.0,100,,0.03,,3,muhimbili_tanzania
2022-01-22 20:00:00,26.4,84,23.5,6.4,11.9,0.0,1010.8,0.0,100,,0.0,,3,muhimbili_tanzania
2022-01-22 21:00:00,26.2,85,23.5,5.5,11.2,0.0,1011.4,0.0,96,,0.0,,3,muhimbili_tanzania
2022-01-22 22:00:00,25.5,90,23.7,5.5,9.0,0.0,1011.9,0.0,98,,0.0,,3,muhimbili_tanzania
2022-01-22 23:00:00,25.9,88,23.8,5.4,8.6,0.0,1011.9,0.0,100,,0.0,,3,muhimbili_tanzania
2022-01-23 00:00:00,26.0,88,23.9,6.1,10.8,0.0,1011.6,0.0,100,,0.0,,3,muhimbili_tanzania
2022-01-23 01:00:00,25.7,90,23.9,5.4,10.4,0.0,1011.1,0.0,100,,0.0,,3,muhimbili_tanzania
2022-01-23 02:00:00,26.1,87,23.7,5.8,10.8,0.1,1010.4,0.0,100,,0.0,,51,muhimbili_tanzania
2022-01-23 03:00:00,26.1,83,23.0,13.2,12.6,0.1,1009.8,0.0,100,,0.03,,51,muhimbili_tanzania
2022-01-23 04:00:00,25.9,85,23.1,11.5,23.4,0.0,1010.0,0.0,98,,0.02,,3,muhimbili_tanzania
2022-01-23 05:00:00,25.5,87,23.2,13.0,22.7,0.1,1010.2,0.0,99,,0.02,,51,muhimbili_tanzania
2022-01-23 06:00:00,25.0,89,23.1,11.8,22.7,0.1,1010.3,0.0,100,,0.01,,51,muhimbili_tanzania
2022-01-23 07:00:00,25.1,90,23.3,12.2,21.2,0.0,1011.0,14.0,100,,0.03,,3,muhimbili_tanzania
2022-01-23 08:00:00,25.5,89,23.6,11.2,21.2,0.1,1011.3,85.0,100,,0.07,,51,muhimbili_tanzania
2022-01-23 09:00:00,26.6,83,23.5,14.5,29.5,0.2,1011.5,285.0,100,,0.2,,51,muhimbili_tanzania
2022-01-23 10:00:00,27.9,78,23.8,14.2,32.0,0.3,1011.6,495.0,100,,0.35,,51,muhimbili_tanzania
2022-01-23 11:00:00,28.7,73,23.5,15.3,34.6,0.2,1011.0,586.0,100,,0.42,,51,muhimbili_tanzania
2022-01-23 12:00:00,29.2,68,22.7,13.8,33.8,0.1,1010.6,634.0,100,,0.47,,51,muhimbili_tanzania
2022-01-23 13:00:00,29.5,64,22.0,14.7,33.1,0.0,1009.5,588.0,100,,0.46,,3,muhimbili_tanzania
2022-01-23 14:00:00,29.9,60,21.2,15.4,31.3,0.0,1008.4,664.0,100,,0.52,,3,muhimbili_tanzania
2022-01-23 15:00:00,29.1,69,22.9,12.9,31.3,0.0,1008.3,569.0,100,,0.43,,3,muhimbili_tanzania
2022-01-23 16:00:00,29.3,66,22.2,15.4,34.6,0.0,1007.7,500.0,100,,0.39,,3,muhimbili_tanzania
2022-01-23 17:00:00,28.8,66,21.8,16.3,36.7,0.0,1007.8,365.0,98,,0.3,,3,muhimbili_tanzania
2022-01-23 18:00:00,28.3,68,21.9,14.0,32.4,0.0,1008.5,198.0,99,,0.19,,3,muhimbili_tanzania
2022-01-23 19:00:00,27.2,77,22.8,10.6,25.9,0.0,1009.1,28.0,100,,0.06,,3,muhimbili_tanzania
2022-01-23 20:00:00,26.7,81,23.2,12.2,21.2,0.0,1009.1,0.0,100,,0.03,,3,muhimbili_tanzania
2022-01-23 21:00:00,26.6,82,23.4,11.6,22.0,0.0,1009.6,0.0,100,,0.02,,3,muhimbili_tanzania
2022-01-23 22:00:00,26.5,82,23.1,13.0,22.7,0.0,1010.2,0.0,100,,0.03,,3,muhimbili_tanzania
2022-01-23 23:00:00,26.4,84,23.5,12.3,22.7,0.0,1010.1,0.0,100,,0.02,,3,muhimbili_tanzania
2022-01-24 00:00:00,26.4,85,23.6,13.8,24.1,0.0,1009.7,0.0,100,,0.02,,3,muhimbili_tanzania
2022-01-24 01:00:00,26.3,83,23.2,16.0,28.1,0.0,1008.8,0.0,100,,0.03,,3,muhimbili_tanzania
2022-01-24 02:00:00,26.2,84,23.3,14.6,28.1,0.0,1008.2,0.0,100,,0.03,,3,muhimbili_tanzania
2022-01-24 03:00:00,26.2,84,23.2,16.6,25.9,0.0,1007.6,0.0,100,,0.03,,3,muhimbili_tanzania
2022-01-24 04:00:00,26.2,84,23.2,18.4,32.0,0.0,1007.9,0.0,94,,0.04,,3,muhimbili_tanzania
2022-01-24 05:00:00,26.4,82,23.1,20.9,36.7,0.0,1008.0,0.0,99,,0.05,,3,muhimbili_tanzania
2022-01-24 06:00:00,26.4,83,23.2,21.2,38.2,0.0,1008.0,0.0,100,,0.05,,3,muhimbili_tanzania
2022-01-24 07:00:00,26.5,83,23.4,22.7,39.2,0.0,1008.7,15.0,100,,0.07,,3,muhimbili_tanzania
2022-01-24 08:00:00,27.1,80,23.4,25.6,46.8,0.0,1009.2,118.0,100,,0.14,,3,muhimbili_tanzania
2022-01-24 09:00:00,27.7,79,23.6,23.2,47.2,0.0,1009.2,287.0,100,,0.23,,3,muhimbili_tanzania
2022-01-24 10:00:00,28.6,73,23.4,23.0,44.3,0.0,1009.2,594.0,100,,0.42,,3,muhimbili_tanzania
2022-01-24 11:00:00,29.2,69,22.9,22.7,45.0,0.0,1008.8,755.0,100,,0.53,,3,muhimbili_tanzania
2022-01-24 12:00:00,29.9,64,22.2,22.5,45.0,0.0,1008.1,886.0,100,,0.63,,3,muhimbili_tanzania
2022-01-24 13:00:00,30.4,60,21.8,22.0,45.0,0.0,1007.3,974.0,100,,0.7,,3,muhimbili_tanzania
2022-01-24 14:00:00,30.7,59,21.6,21.8,44.3,0.0,1006.3,944.0,100,,0.69,,3,muhimbili_tanzania
2022-01-24 15:00:00,29.2,66,22.2,26.3,46.1,0.0,1006.2,817.0,100,,0.57,,3,muhimbili_tanzania
2022-01-24 16:00:00,29.1,66,22.1,24.9,50.8,0.0,1005.7,554.0,100,,0.43,,3,muhimbili_tanzania
2022-01-24 17:00:00,28.5,68,22.0,24.3,47.9,0.0,1006.1,379.0,99,,0.32,,3,muhimbili_tanzania
2022-01-24 18:00:00,27.9,71,22.1,21.7,45.4,0.0,1006.5,206.0,100,,0.2,,3,muhimbili_tanzania
2022-01-24 19:00:00,27.1,77,22.8,16.8,38.9,0.0,1007.0,30.0,95,,0.08,,3,muhimbili_tanzania
2022-01-24 20:00:00,26.9,79,22.9,14.3,29.9,0.0,1007.9,0.0,96,,0.04,,3,muhimbili_tanzania
2022-01-24 21:00:00,26.8,79,22.8,13.2,25.2,0.0,1008.3,0.0,54,,0.04,,2,muhimbili_tanzania
2022-01-24 22:00:00,26.7,78,22.6,14.4,25.2,0.0,1008.6,0.0,94,,0.04,,3,muhimbili_tanzania
2022-01-24 23:00:00,26.7,77,22.4,14.7,26.3,0.0,1009.0,0.0,60,,0.05,,2,muhimbili_tanzania
2022-01-25 00:00:00,26.6,77,22.4,14.1,26.3,0.0,1009.0,0.0,100,,0.04,,3,muhimbili_tanzania
2022-01-25 01:00:00,26.5,79,22.6,14.0,25.2,0.0,1008.6,0.0,97,,0.04,,3,muhimbili_tanzania
2022-01-25 02:00:00,26.5,80,22.8,15.5,27.4,0.0,1008.0,0.0,100,,0.04,,3,muhimbili_tanzania
2022-01-25 03:00:00,26.4,75,21.7,17.2,28.8,0.0,1007.7,0.0,96,,0.06,,3,muhimbili_tanzania
2022-01-25 04:00:00,26.5,76,21.9,18.3,32.0,0.0,1007.8,0.0,65,,0.06,,2,muhimbili_tanzania
2022-01-25 05:00:00,26.5,76,21.9,18.2,33.1,0.0,1008.0,0.0,48,,0.06,,1,muhimbili_tanzania
2022-01-25 06:00:00,26.5,76,22.0,18.1,32.0,0.0,1008.5,0.0,50,,0.06,,2,muhimbili_tanzania
2022-01-25 07:00:00,26.7,76,22.1,19.6,34.9,0.0,1008.9,19.0,47,,0.08,,1,muhimbili_tanzania
2022-01-25 08:00:00,27.6,72,22.1,22.7,42.1,0.0,1009.9,180.0,89,,0.18,,3,muhimbili_tanzania
2022-01-25 09:00:00,28.1,70,22.1,24.0,45.4,0.0,1010.3,331.0,70,,0.28,,2,muhimbili_tanzania
2022-01-25 10:00:00,29.0,65,21.9,25.7,48.6,0.0,1010.4,563.0,100,,0.43,,3,muhimbili_tanzania
2022-01-25 11:00:00,29.3,64,21.7,24.9,48.6,0.1,1009.8,561.0,100,,0.45,,51,muhimbili_tanzania
2022-01-25 12:00:00,29.9,61,21.5,24.7,48.6,0.0,1009.1,671.0,91,,0.53,,3,muhimbili_tanzania
2022-01-25 13:00:00,30.2,60,21.6,24.0,48.2,0.1,1008.4,875.0,48,,0.64,,51,muhimbili_tanzania
2022-01-25 14:00:00,30.0,60,21.5,22.7,47.2,0.2,1007.5,794.0,62,,0.6,,51,muhimbili_tanzania
2022-01-25 15:00:00,30.0,58,21.0,21.6,45.0,0.0,1007.4,658.0,45,,0.52,,1,muhimbili_tanzania
2022-01-25 16:00:00,29.7,60,21.0,22.4,43.9,0.0,1006.8,604.0,51,,0.48,,2,muhimbili_tanzania
2022-01-25 17:00:00,28.7,65,21.5,22.9,43.9,0.0,1007.0,458.0,17,,0.37,,0,muhimbili_tanzania
2022-01-25 18:00:00,27.8,69,21.5,23.4,44.3,0.0,1007.3,233.0,4,,0.22,,0,muhimbili_tanzania
2022-01-25 19:00:00,27.0,71,21.5,20.0,42.1,0.0,1007.6,39.0,33,,0.1,,1,muhimbili_tanzania
2022-01-25 20:00:00,27.0,72,21.5,19.4,35.3,0.0,1008.4,0.0,6,,0.08,,0,muhimbili_tanzania
2022-01-25 21:00:00,27.0,71,21.4,19.2,34.2,0.0,1009.1,0.0,10,,0.08,,0,muhimbili_tanzania
2022-01-25 22:00:00,26.8,73,21.5,17.8,33.8,0.0,1009.8,0.0,23,,0.07,,1,muhimbili_tanzania
2022-01-25 23:00:00,26.8,72,21.4,17.6,32.4,0.0,1010.3,0.0,96,,0.07,,3,muhimbili_tanzania
2022-01-26 00:00:00,26.9,72,21.4,17.6,31.3,0.0,1010.3,0.0,97,,0.07,,3,muhimbili_tanzania
2022-01-26 01:00:00,27.0,71,21.4,17.9,31.7,0.0,1009.9,0.0,68,,0.07,,2,muhimbili_tanzania
2022-01-26 02:00:00,26.9,72,21.4,18.5,32.4,0.0,1009.4,0.0,79,,0.07,,2,muhimbili_tanzania
2022-01-26 03:00:00,26.4,74,21.3,19.3,33.1,0.0,1009.3,0.0,70,,0.07,,2,muhimbili_tanzania
2022-01-26 04:00:00,26.5,74,21.4,20.0,36.0,0.0,1009.5,0.0,100,,0.07,,3,muhimbili_tanzania
2022-01-26 05:00:00,26.4,75,21.5,20.1,35.6,0.0,1009.8,0.0,100,,0.07,,3,muhimbili_tanzania
2022-01-26 06:00:00,26.5,74,21.5,19.9,36.4,0.0,1010.3,0.0,100,,0.07,,3,muhimbili_tanzania
2022-01-26 07:00:00,26.4,75,21.6,16.9,35.6,0.0,1011.1,11.0,100,,0.08,,3,muhimbili_tanzania
2022-01-26 08:00:00,27.0,72,21.6,18.0,32.8,0.0,1012.0,105.0,100,,0.14,,3,muhimbili_tanzania
2022-01-26 09:00:00,27.4,71,21.5,16.4,33.8,0.0,1012.3,207.0,100,,0.2,,3,muhimbili_tanzania
2022-01-26 10:00:00,28.1,68,21.6,16.9,33.5,0.1,1012.4,477.0,57,,0.36,,51,muhimbili_tanzania
2022-01-26 11:00:00,29.0,64,21.5,17.2,34.9,0.1,1011.9,704.0,42,,0.51,,51,muhimbili_tanzania
2022-01-26 12:00:00,29.2,63,21.5,18.2,37.8,0.0,1011.1,813.0,32,,0.59,,1,muhimbili_tanzania
2022-01-26 13:00:00,29.5,62,21.4,19.1,39.6,0.1,1010.4,918.0,45,,0.65,,51,muhimbili_tanzania
2022-01-26 14:00:00,29.5,61,21.2,20.5,41.4,0.0,1009.6,899.0,57,,0.64,,2,muhimbili_tanzania
2022-01-26 15:00:00,29.6,61,21.4,20.4,42.5,0.0,1008.5,787.0,48,,0.58,,1,muhimbili_tanzania
2022-01-26 16:00:00,28.9,66,21.8,20.1,41.4,0.1,1007.8,635.0,56,,0.47,,51,muhimbili_tanzania
2022-01-26 17:00:00,28.3,68,21.9,17.5,39.6,0.0,1007.7,450.0,8,,0.34,,0,muhimbili_tanzania
2022-01-26 18:00:00,27.5,73,22.1,17.6,34.6,0.0,1007.8,241.0,11,,0.2,,0,muhimbili_tanzania
2022-01-26 19:00:00,26.7,77,22.3,15.0,33.1,0.0,1008.2,39.0,8,,0.07,,0,muhimbili_tanzania
2022-01-26 20:00:00,26.7,76,22.1,15.3,27.4,0.0,1008.7,0.0,39,,0.05,,1,muhimbili_tanzania
2022-01-26 21:00:00,26.8,75,22.0,14.2,27.4,0.0,1009.5,0.0,47,,0.05,,1,muhimbili_tanzania
2022-01-26 22:00:00,26.9,74,21.8,13.9,25.2,0.0,1010.4,0.0,87,,0.05,,3,muhimbili_tanzania
2022-01-26 23:00:00,26.9,74,21.8,14.0,24.8,0.0,1010.7,0.0,95,,0.05,,3,muhimbili_tanzania
2022-01-27 00:00:00,26.6,75,21.8,12.7,24.8,0.0,1010.6,0.0,99,,0.04,,3,muhimbili_tanzania
2022-01-27 01:00:00,26.5,75,21.8,11.8,22.3,0.0,1010.2,0.0,100,,0.04,,3,muhimbili_tanzania
2022-01-27 02:00:00,26.5,75,21.7,9.6,20.9,0.0,1009.9,0.0,100,,0.03,,3,muhimbili_tanzania
2022-01-27 03:00:00,26.2,74,21.2,11.0,16.9,0.0,1009.4,0.0,100,,0.04,,3,muhimbili_tanzania
2022-01-27 04:00:00,26.2,74,21.2,11.0,19.1,0.0,1009.6,0.0,35,,0.04,,1,muhimbili_tanzania
2022-01-27 05:00:00,25.7,77,21.4,12.0,22.3,0.1,1010.2,0.0,34,,0.03,,51,muhimbili_tanzania
2022-01-27 06:00:00,25.6,78,21.5,10.6,21.2,0.0,1010.7,0.0,19,,0.03,,0,muhimbili_tanzania
2022-01-27 07:00:00,26.0,78,21.8,12.8,22.0,0.0,1011.3,18.0,23,,0.05,,1,muhimbili_tanzania
2022-01-27 08:00:00,26.9,74,21.9,15.3,29.2,0.0,1012.0,187.0,6,,0.16,,0,muhimbili_tanzania
2022-01-27 09:00:00,27.8,69,21.7,14.3,29.5,0.0,1012.5,432.0,96,,0.32,,3,muhimbili_tanzania
2022-01-27 10:00:00,28.5,66,21.5,14.7,31.3,0.0,1012.6,646.0,70,,0.46,,2,muhimbili_tanzania
2022-01-27 11:00:00,29.0,64,21.5,15.1,32.8,0.1,1012.2,818.0,19,,0.58,,51,muhimbili_tanzania
2022-01-27 12:00:00,29.1,64,21.6,15.6,34.2,0.0,1011.3,889.0,73,,0.63,,2,muhimbili_tanzania
2022-01-27 13:00:00,29.5,63,21.6,16.6,35.6,0.0,1010.2,963.0,17,,0.68,,0,muhimbili_tanzania
2022-01-27 14:00:00,29.5,63,21.7,16.9,36.7,0.0,1009.1,905.0,32,,0.64,,1,muhimbili_tanzania
2022-01-27 15:00:00,28.5,67,21.8,18.9,36.4,0.0,1008.7,854.0,96,,0.58,,3,muhimbili_tanzania
2022-01-27 16:00:00,28.3,67,21.6,18.1,38.5,0.0,1007.9,649.0,90,,0.46,,3,muhimbili_tanzania
2022-01-27 17:00:00,27.8,69,21.6,16.6,36.4,0.0,1007.8,454.0,100,,0.33,,3,muhimbili_tanzania
2022-01-27 18:00:00,27.1,70,21.2,16.4,33.1,0.0,1007.9,196.0,100,,0.18,,3,muhimbili_tanzania
2022-01-27 19:00:00,26.5,73,21.3,15.0,31.0,0.0,1008.3,38.0,43,,0.08,,1,muhimbili_tanzania
2022-01-27 20:00:00,26.4,74,21.5,14.5,26.6,0.0,1008.8,0.0,5,,0.05,,0,muhimbili_tanzania
2022-01-27 21:00:00,26.2,75,21.5,12.0,26.3,0.0,1009.6,0.0,27,,0.04,,1,muhimbili_tanzania
2022-01-27 22:00:00,26.2,76,21.6,9.9,21.2,0.0,1010.3,0.0,67,,0.03,,2,muhimbili_tanzania
2022-01-27 23:00:00,26.0,77,21.7,8.2,17.6,0.0,1010.6,0.0,62,,0.02,,2,muhimbili_tanzania
2022-01-28 00:00:00,25.6,80,21.8,6.6,14.0,0.0,1010.5,0.0,45,,0.01,,1,muhimbili_tanzania
2022-01-28 01:00:00,25.8,78,21.8,7.6,13.0,0.0,1009.8,0.0,100,,0.02,,3,muhimbili_tanzania
2022-01-28 02:00:00,26.0,77,21.6,8.9,15.5,0.0,1009.5,0.0,100,,0.02,,3,muhimbili_tanzania
2022-01-28 03:00:00,25.5,80,21.9,7.1,15.8,0.0,1009.3,0.0,100,,0.01,,3,muhimbili_tanzania
2022-01-28 04:00:00,25.5,81,22.0,5.9,12.2,0.0,1009.2,0.0,100,,0.01,,3,muhimbili_tanzania
2022-01-28 05:00:00,25.1,84,22.2,7.2,12.6,0.0,1009.5,0.0,100,,0.01,,3,muhimbili_tanzania
2022-01-28 06:00:00,25.1,84,22.2,8.0,14.4,0.0,1010.0,0.0,100,,0.01,,3,muhimbili_tanzania
2022-01-28 07:00:00,25.6,83,22.5,8.6,14.0,0.0,1010.3,17.0,99,,0.03,,3,muhimbili_tanzania
2022-01-28 08:00:00,27.0,74,22.0,11.5,22.0,0.0,1010.9,172.0,100,,0.15,,3,muhimbili_tanzania
2022-01-28 09:00:00,27.5,72,21.9,12.0,24.5,0.0,1011.2,252.0,98,,0.21,,3,muhimbili_tanzania
2022-01-28 10:00:00,28.5,67,21.9,13.7,29.2,0.0,1011.4,577.0,51,,0.42,,2,muhimbili_tanzania
2022-01-28 11:00:00,29.5,63,21.5,14.0,31.7,0.0,1010.9,810.0,73,,0.59,,2,muhimbili_tanzania
2022-01-28 12:00:00,30.3,59,21.5,13.1,31.0,0.0,1010.1,848.0,100,,0.63,,3,muhimbili_tanzania
2022-01-28 13:00:00,30.2,60,21.8,13.8,31.0,0.0,1009.2,806.0,100,,0.61,,3,muhimbili_tanzania
2022-01-28 14:00:00,29.8,65,22.5,12.4,33.1,0.4,1008.2,910.0,98,,0.65,,51,muhimbili_tanzania
2022-01-28 15:00:00,28.9,71,23.0,12.4,29.2,0.0,1007.7,661.0,99,,0.48,,3,muhimbili_tanzania
2022-01-28 16:00:00,28.2,73,23.0,15.3,32.0,0.0,1007.1,608.0,75,,0.42,,2,muhimbili_tanzania
2022-01-28 17:00:00,27.6,75,22.9,15.5,33.1,0.0,1007.1,421.0,42,,0.3,,1,muhimbili_tanzania
2022-01-28 18:00:00,27.0,76,22.5,15.2,31.3,0.0,1007.7,215.0,50,,0.17,,2,muhimbili_tanzania
2022-01-28 19:00:00,26.8,78,22.5,13.7,29.2,0.0,1008.4,37.0,50,,0.06,,2,muhimbili_tanzania
2022-01-28 20:00:00,26.6,78,22.5,12.6,24.5,0.0,1009.1,0.0,16,,0.04,,0,muhimbili_tanzania
2022-01-28 21:00:00,26.5,79,22.6,12.6,22.3,0.0,1009.7,0.0,100,,0.03,,3,muhimbili_tanzania
2022-01-28 22:00:00,26.5,80,22.6,10.0,22.0,0.0,1010.5,0.0,97,,0.02,,3,muhimbili_tanzania
2022-01-28 23:00:00,26.3,81,22.8,8.1,17.6,0.0,1011.2,0.0,95,,0.01,,3,muhimbili_tanzania
2022-01-29 00:00:00,26.2,82,22.9,9.4,16.2,0.0,1010.8,0.0,94,,0.02,,3,muhimbili_tanzania
2022-01-29 01:00:00,26.3,81,22.8,11.5,20.2,0.0,1010.2,0.0,99,,0.03,,3,muhimbili_tanzania
2022-01-29 02:00:00,26.3,81,22.8,11.5,20.9,0.0,1009.9,0.0,99,,0.03,,3,muhimbili_tanzania
2022-01-29 03:00:00,26.1,80,22.5,11.6,20.9,0.0,1009.0,0.0,100,,0.03,,3,muhimbili_tanzania
2022-01-29 04:00:00,26.1,81,22.5,10.8,20.9,0.0,1009.5,0.0,79,,0.02,,2,muhimbili_tanzania
2022-01-29 05:00:00,26.0,82,22.5,10.6,19.1,0.0,1010.0,0.0,99,,0.02,,3,muhimbili_tanzania
2022-01-29 06:00:00,25.9,82,22.5,11.4,19.8,0.1,1010.6,0.0,56,,0.02,,51,muhimbili_tanzania
2022-01-29 07:00:00,26.1,81,22.6,12.6,22.0,0.2,1011.0,16.0,100,,0.04,,51,muhimbili_tanzania
2022-01-29 08:00:00,27.0,76,22.4,14.8,29.5,0.2,1012.1,150.0,40,,0.14,,51,muhimbili_tanzania
2022-01-29 09:00:00,27.5,74,22.5,14.1,29.5,0.1,1012.4,318.0,44,,0.25,,51,muhimbili_tanzania
2022-01-29 10:00:00,28.6,70,22.8,13.4,29.9,0.1,1012.5,606.0,100,,0.43,,51,muhimbili_tanzania
2022-01-29 11:00:00,29.5,67,22.6,12.6,29.5,0.0,1012.2,790.0,100,,0.57,,3,muhimbili_tanzania
2022-01-29 12:00:00,29.9,64,22.5,11.8,29.2,0.0,1011.5,861.0,100,,0.63,,3,muhimbili_tanzania
2022-01-29 13:00:00,30.1,63,22.3,12.2,28.4,0.0,1010.3,883.0,99,,0.65,,3,muhimbili_tanzania
2022-01-29 14:00:00,30.3,61,22.0,12.6,29.5,0.4,1009.3,969.0,99,,0.7,,51,muhimbili_tanzania
2022-01-29 15:00:00,29.0,69,22.8,13.0,30.2,0.5,1008.8,791.0,100,,0.56,,53,muhimbili_tanzania
2022-01-29 16:00:00,28.3,72,22.9,17.2,33.5,0.0,1008.6,281.0,100,,0.25,,3,muhimbili_tanzania
2022-01-29 17:00:00,28.0,72,22.5,12.7,33.5,0.0,1008.9,182.0,100,,0.18,,3,muhimbili_tanzania
2022-01-29 18:00:00,27.0,80,23.2,12.2,24.1,0.5,1009.5,60.0,100,,0.09,,53,muhimbili_tanzania
2022-01-29 19:00:00,26.8,81,23.2,7.8,21.6,0.1,1010.1,7.0,100,,0.04,,51,muhimbili_tanzania
2022-01-29 20:00:00,26.6,81,23.0,6.7,13.3,0.0,1010.6,0.0,100,,0.01,,3,muhimbili_tanzania
2022-01-29 21:00:00,26.3,81,22.8,9.7,16.6,0.1,1011.2,0.0,100,,0.02,,51,muhimbili_tanzania
2022-01-29 22:00:00,25.8,85,23.0,10.8,19.8,0.3,1011.8,0.0,100,,0.02,,51,muhimbili_tanzania
2022-01-29 23:00:00,25.2,88,23.1,6.5,18.7,0.4,1011.9,0.0,100,,0.0,,51,muhimbili_tanzania
2022-01-30 00:00:00,25.1,91,23.5,5.8,11.2,0.1,1011.5,0.0,100,,0.0,,51,muhimbili_tanzania
2022-01-30 01:00:00,24.8,93,23.5,6.3,11.2,0.2,1010.6,0.0,100,,0.0,,51,muhimbili_tanzania
2022-01-30 02:00:00,24.7,94,23.8,6.6,13.0,0.3,1009.7,0.0,100,,0.0,,51,muhimbili_tanzania
2022-01-30 03:00:00,24.8,94,23.7,5.4,11.9,0.4,1009.7,0.0,100,,0.0,,51,muhimbili_tanzania
2022-01-30 04:00:00,24.5,94,23.5,3.9,9.7,1.6,1009.6,0.0,100,,0.0,,61,muhimbili_tanzania
2022-01-30 05:00:00,24.7,93,23.5,4.7,9.0,0.6,1009.9,0.0,100,,0.0,,53,muhimbili_tanzania
2022-01-30 06:00:00,24.7,93,23.5,6.6,10.8,0.4,1010.2,0.0,100,,0.0,,51,muhimbili_tanzania
2022-01-30 07:00:00,25.3,88,23.1,10.3,17.6,0.2,1010.5,7.0,100,,0.03,,51,muhimbili_tanzania
2022-01-30 08:00:00,26.0,85,23.2,10.9,20.2,0.1,1011.3,93.0,100,,0.08,,51,muhimbili_tanzania
2022-01-30 09:00:00,27.0,76,22.4,11.3,23.0,0.1,1011.8,271.0,100,,0.21,,51,muhimbili_tanzania
2022-01-30 10:00:00,27.2,74,22.3,12.6,26.3,0.0,1011.7,334.0,100,,0.26,,3,muhimbili_tanzania
2022-01-30 11:00:00,28.0,72,22.5,12.0,26.6,0.0,1011.2,540.0,100,,0.39,,3,muhimbili_tanzania
2022-01-30 12:00:00,28.5,70,22.5,12.9,29.2,0.1,1010.5,756.0,100,,0.53,,51,muhimbili_tanzania
2022-01-30 13:00:00,28.6,72,23.1,11.8,29.2,0.0,1009.6,797.0,100,,0.56,,3,muhimbili_tanzania
2022-01-30 14:00:00,28.5,72,22.9,11.5,27.7,0.0,1008.3,541.0,100,,0.4,,3,muhimbili_tanzania
2022-01-30 15:00:00,28.0,73,22.7,12.8,33.5,0.2,1007.4,380.0,100,,0.3,,51,muhimbili_tanzania
2022-01-30 16:00:00,27.9,73,22.5,12.8,29.2,0.0,1007.0,501.0,89,,0.36,,3,muhimbili_tanzania
2022-01-30 17:00:00,27.8,71,22.0,13.8,27.4,0.1,1007.1,342.0,53,,0.27,,51,muhimbili_tanzania
2022-01-30 18:00:00,27.2,73,22.0,13.7,27.7,0.3,1007.6,153.0,71,,0.15,,51,muhimbili_tanzania
2022-01-30 19:00:00,26.6,77,22.4,11.6,24.5,0.0,1008.3,19.0,38,,0.06,,1,muhimbili_tanzania
2022-01-30 20:00:00,26.5,78,22.4,8.7,20.5,0.0,1009.2,0.0,35,,0.02,,1,muhimbili_tanzania
2022-01-30 21:00:00,26.3,79,22.4,8.7,15.5,0.0,1010.1,0.0,47,,0.02,,1,muhimbili_tanzania
2022-01-30 22:00:00,26.1,80,22.4,8.4,15.5,0.0,1011.0,0.0,65,,0.02,,2,muhimbili_tanzania
2022-01-30 23:00:00,26.0,81,22.5,7.4,15.1,0.1,1011.4,0.0,63,,0.01,,51,muhimbili_tanzania
2022-01-31 00:00:00,25.8,83,22.6,5.9,12.6,0.1,1011.1,0.0,67,,0.0,,51,muhimbili_tanzania
2022-01-31 01:00:00,25.4,85,22.7,5.2,10.8,0.1,1010.5,0.0,96,,0.0,,51,muhimbili_tanzania
2022-01-31 02:00:00,24.8,87,22.5,8.7,15.5,0.1,1010.1,0.0,89,,0.01,,51,muhimbili_tanzania
2022-01-31 03:00:00,24.9,85,22.2,6.0,14.8,0.1,1009.7,0.0,84,,0.0,,51,muhimbili_tanzania
2022-01-31 04:00:00,24.9,86,22.4,4.0,10.1,0.0,1009.3,0.0,66,,0.0,,2,muhimbili_tanzania
2022-01-31 05:00:00,24.4,89,22.5,4.7,7.2,0.0,1009.3,0.0,79,,0.0,,2,muhimbili_tanzania
2022-01-31 06:00:00,24.1,91,22.6,4.9,7.9,0.0,1009.7,0.0,52,,0.0,,2,muhimbili_tanzania
2022-01-31 07:00:00,25.0,89,23.1,5.1,7.6,0.1,1010.6,16.0,54,,0.01,,51,muhimbili_tanzania
2022-01-31 08:00:00,26.4,83,23.2,6.1,14.4,0.1,1011.2,167.0,51,,0.12,,51,muhimbili_tanzania
2022-01-31 09:00:00,27.5,76,22.8,9.1,20.9,0.0,1011.7,397.0,48,,0.28,,1,muhimbili_tanzania
2022-01-31 10:00:00,28.4,71,22.6,9.4,23.0,0.0,1012.0,621.0,55,,0.44,,2,muhimbili_tanzania
2022-01-31 11:00:00,29.1,68,22.6,9.1,23.8,0.1,1011.5,780.0,32,,0.56,,51,muhimbili_tanzania
2022-01-31 12:00:00,29.9,65,22.6,9.4,23.8,0.0,1010.4,868.0,74,,0.63,,2,muhimbili_tanzania
2022-01-31 13:00:00,29.9,63,22.1,12.3,28.8,0.0,1009.3,998.0,88,,0.71,,3,muhimbili_tanzania
2022-01-31 14:00:00,29.4,65,22.1,13.2,29.9,0.0,1008.1,905.0,100,,0.64,,3,muhimbili_tanzania
2022-01-31 15:00:00,29.3,66,22.2,11.7,31.3,0.0,1007.3,855.0,98,,0.61,,3,muhimbili_tanzania
2022-01-31 16:00:00,28.9,68,22.5,10.1,27.4,0.0,1006.6,687.0,100,,0.49,,3,muhimbili_tanzania
2022-01-31 17:00:00,28.4,70,22.3,12.6,27.0,0.0,1006.8,481.0,98,,0.35,,3,muhimbili_tanzania
2022-01-31 18:00:00,27.6,72,22.0,8.9,26.6,0.0,1007.6,238.0,100,,0.18,,3,muhimbili_tanzania
2022-01-31 19:00:00,26.8,77,22.4,7.6,17.6,0.0,1008.2,34.0,97,,0.05,,3,muhimbili_tanzania
2022-01-31 20:00:00,26.6,79,22.7,6.1,14.0,0.0,1009.4,0.0,100,,0.01,,3,muhimbili_tanzania
2022-01-31 21:00:00,26.1,82,22.9,5.4,10.8,0.0,1010.1,0.0,99,,0.0,,3,muhimbili_tanzania
2022-01-31 22:00:00,26.0,84,23.0,4.8,10.8,0.0,1010.6,0.0,88,,0.0,,3,muhimbili_tanzania
2022-01-31 23:00:00,26.2,83,23.0,3.1,7.9,0.0,1010.7,0.0,85,,0.0,,3,muhimbili_tanzania
2022-02-01 00:00:00,25.8,85,23.1,2.2,4.0,0.0,1010.7,0.0,100,,0.0,,3,muhimbili_tanzania
2022-02-01 01:00:00,25.3,89,23.4,2.6,4.3,0.0,1010.0,0.0,100,,0.0,,3,muhimbili_tanzania
2022-02-01 02:00:00,25.1,90,23.4,3.4,4.7,0.0,1009.4,0.0,29,,0.0,,1,muhimbili_tanzania
2022-02-01 03:00:00,25.1,89,23.2,4.0,7.2,0.0,1008.7,0.0,24,,0.0,,1,muhimbili_tanzania
2022-02-01 04:00:00,24.9,92,23.4,4.7,8.3,0.1,1008.7,0.0,49,,0.0,,51,muhimbili_tanzania
2022-02-01 05:00:00,24.5,94,23.5,6.1,11.9,0.0,1008.9,0.0,47,,0.0,,1,muhimbili_tanzania
2022-02-01 06:00:00,24.3,95,23.4,5.0,10.8,0.0,1009.4,0.0,28,,0.0,,1,muhimbili_tanzania
2022-02-01 07:00:00,24.5,93,23.3,6.5,11.2,0.0,1009.8,15.0,25,,0.01,,1,muhimbili_tanzania
2022-02-01 08:00:00,25.7,86,23.1,6.2,14.8,0.0,1010.6,163.0,21,,0.11,,1,muhimbili_tanzania
2022-02-01 09:00:00,27.1,78,22.9,9.7,22.0,0.0,1010.8,402.0,31,,0.28,,1,muhimbili_tanzania
2022-02-01 10:00:00,28.3,72,22.9,7.7,22.3,0.0,1010.8,581.0,30,,0.41,,1,muhimbili_tanzania
2022-02-01 11:00:00,29.2,70,23.2,7.9,21.6,0.0,1010.4,752.0,37,,0.54,,1,muhimbili_tanzania
2022-02-01 12:00:00,29.9,68,23.3,9.1,23.4,0.0,1009.6,810.0,73,,0.59,,2,muhimbili_tanzania
2022-02-01 13:00:00,30.2,67,23.4,11.3,27.4,0.0,1008.2,760.0,74,,0.57,,2,muhimbili_tanzania
2022-02-01 14:00:00,28.2,72,22.8,10.5,28.8,1.2,1007.5,621.0,80,,0.45,,55,muhimbili_tanzania
2022-02-01 15:00:00,30.4,61,22.0,11.7,24.1,0.2,1006.5,770.0,7,,0.58,,51,muhimbili_tanzania
2022-02-01 16:00:00,29.3,66,22.2,13.5,30.6,0.0,1006.0,673.0,12,,0.49,,0,muhimbili_tanzania
2022-02-01 17:00:00,28.4,71,22.6,12.8,29.5,0.0,1006.0,475.0,25,,0.34,,1,muhimbili_tanzania
2022-02-01 18:00:00,27.8,72,22.4,10.8,26.6,0.0,1006.4,239.0,24,,0.19,,1,muhimbili_tanzania
2022-02-01 19:00:00,27.0,77,22.8,7.9,21.6,0.0,1007.4,39.0,2,,0.05,,0,muhimbili_tanzania
2022-02-01 20:00:00,27.0,78,22.9,9.1,16.2,0.0,1008.3,0.0,44,,0.02,,1,muhimbili_tanzania
2022-02-01 21:00:00,26.8,79,22.8,7.2,15.8,0.0,1009.4,0.0,68,,0.02,,2,muhimbili_tanzania
2022-02-01 22:00:00,26.7,79,22.7,8.3,14.8,0.0,1009.9,0.0,98,,0.02,,3,muhimbili_tanzania
2022-02-01 23:00:00,26.5,80,22.9,7.1,14.8,0.0,1010.2,0.0,100,,0.01,,3,muhimbili_tanzania
2022-02-02 00:00:00,26.4,81,23.0,7.1,12.6,0.0,1009.9,0.0,100,,0.01,,3,muhimbili_tanzania
2022-02-02 01:00:00,26.3,82,23.0,7.5,14.0,0.0,1009.1,0.0,100,,0.01,,3,muhimbili_tanzania
2022-02-02 02:00:00,25.9,85,23.1,5.4,13.3,0.0,1008.8,0.0,100,,0.0,,3,muhimbili_tanzania
2022-02-02 03:00:00,25.9,83,22.8,7.2,14.4,3.7,1009.0,0.0,99,,0.01,,63,muhimbili_tanzania
2022-02-02 04:00:00,24.5,92,23.1,6.5,13.7,1.6,1009.0,0.0,100,,0.0,,61,muhimbili_tanzania
2022-02-02 05:00:00,24.9,89,23.0,4.2,10.8,0.6,1009.4,0.0,100,,0.0,,53,muhimbili_tanzania
2022-02-02 06:00:00,24.2,93,23.0,7.6,14.8,0.8,1010.3,0.0,100,,0.0,,53,muhimbili_tanzania
2022-02-02 07:00:00,24.0,92,22.6,7.0,14.0,0.4,1011.1,6.0,100,,0.02,,51,muhimbili_tanzania
2022-02-02 08:00:00,24.5,89,22.7,4.6,13.0,1.0,1012.1,71.0,95,,0.06,,55,muhimbili_tanzania
2022-02-02 09:00:00,25.9,82,22.6,5.5,14.0,0.1,1012.2,274.0,100,,0.19,,51,muhimbili_tanzania
2022-02-02 10:00:00,27.2,78,23.1,5.8,20.9,0.1,1012.3,538.0,99,,0.38,,51,muhimbili_tanzania
2022-02-02 11:00:00,28.4,73,23.0,6.6,19.4,0.1,1012.1,715.0,99,,0.51,,51,muhimbili_tanzania
2022-02-02 12:00:00,28.6,72,23.0,7.1,20.9,0.2,1011.2,683.0,98,,0.5,,51,muhimbili_tanzania
2022-02-02 13:00:00,29.3,70,23.2,7.4,22.7,0.1,1010.1,760.0,100,,0.56,,51,muhimbili_tanzania
2022-02-02 14:00:00,29.5,70,23.4,8.9,25.9,0.1,1008.8,752.0,100,,0.55,,51,muhimbili_tanzania
2022-02-02 15:00:00,30.1,65,22.8,11.0,28.4,0.5,1008.2,790.0,100,,0.58,,53,muhimbili_tanzania
2022-02-02 16:00:00,29.0,71,23.2,12.4,28.4,0.0,1007.8,693.0,33,,0.49,,1,muhimbili_tanzania
2022-02-02 17:00:00,28.4,73,23.2,11.6,27.7,0.0,1007.7,432.0,100,,0.31,,3,muhimbili_tanzania
2022-02-02 18:00:00,27.6,77,23.1,11.0,24.8,0.0,1008.0,244.0,86,,0.18,,3,muhimbili_tanzania
2022-02-02 19:00:00,26.6,81,23.1,7.8,21.6,0.0,1008.7,40.0,47,,0.04,,1,muhimbili_tanzania
2022-02-02 20:00:00,26.5,83,23.4,6.2,14.0,0.0,1009.7,0.0,98,,0.01,,3,muhimbili_tanzania
2022-02-02 21:00:00,26.1,86,23.5,4.7,10.8,0.0,1010.6,0.0,100,,0.0,,3,muhimbili_tanzania
2022-02-02 22:00:00,26.5,84,23.5,6.6,11.5,0.0,1011.4,0.0,100,,0.01,,3,muhimbili_tanzania
2022-02-02 23:00:00,26.3,84,23.4,7.1,13.0,0.0,1011.7,0.0,100,,0.01,,3,muhimbili_tanzania
2022-02-03 00:00:00,26.1,85,23.4,7.5,12.6,0.0,1011.2,0.0,100,,0.01,,3,muhimbili_tanzania
2022-02-03 01:00:00,26.1,85,23.4,8.5,15.5,0.0,1010.6,0.0,100,,0.01,,3,muhimbili_tanzania
2022-02-03 02:00:00,26.0,85,23.4,7.4,15.1,0.0,1010.2,0.0,100,,0.01,,3,muhimbili_tanzania
2022-02-03 03:00:00,26.0,86,23.5,8.7,14.0,0.0,1009.7,0.0,100,,0.01,,3,muhimbili_tanzania
2022-02-03 04:00:00,26.0,86,23.5,7.7,15.8,0.0,1009.6,0.0,100,,0.01,,3,muhimbili_tanzania
2022-02-03 05:00:00,25.6,89,23.6,5.9,14.0,0.0,1010.1,0.0,100,,0.0,,3,muhimbili_tanzania
2022-02-03 06:00:00,25.5,88,23.5,7.3,13.3,0.1,1010.4,0.0,100,,0.0,,51,muhimbili_tanzania
2022-02-03 07:00:00,25.7,88,23.6,8.6,14.4,0.0,1011.1,15.0,100,,0.02,,3,muhimbili_tanzania
2022-02-03 08:00:00,27.0,79,23.1,12.3,23.4,0.1,1011.9,163.0,100,,0.13,,51,muhimbili_tanzania
2022-02-03 09:00:00,28.0,75,23.1,13.8,28.1,0.1,1012.0,373.0,100,,0.27,,51,muhimbili_tanzania
2022-02-03 10:00:00,28.9,72,23.3,14.3,31.0,0.0,1012.0,631.0,100,,0.45,,3,muhimbili_tanzania
2022-02-03 11:00:00,29.4,69,23.0,16.2,34.6,0.1,1011.6,812.0,100,,0.57,,51,muhimbili_tanzania
2022-02-03 12:00:00,29.5,69,23.1,17.1,36.4,0.1,1010.9,903.0,100,,0.63,,51,muhimbili_tanzania
2022-02-03 13:00:00,29.5,69,23.2,16.1,36.7,0.0,1010.1,844.0,89,,0.6,,3,muhimbili_tanzania
2022-02-03 14:00:00,29.8,68,23.3,14.1,34.9,0.0,1009.0,923.0,92,,0.65,,3,muhimbili_tanzania
2022-02-03 15:00:00,29.8,67,22.9,15.5,34.6,0.0,1008.5,866.0,32,,0.61,,1,muhimbili_tanzania
2022-02-03 16:00:00,29.7,66,22.6,19.1,37.8,0.0,1007.5,654.0,99,,0.48,,3,muhimbili_tanzania
2022-02-03 17:00:00,28.8,72,23.1,20.3,40.0,0.0,1007.1,472.0,100,,0.35,,3,muhimbili_tanzania
2022-02-03 18:00:00,27.8,75,23.0,18.3,39.6,0.0,1008.0,224.0,100,,0.19,,3,muhimbili_tanzania
2022-02-03 19:00:00,27.1,79,23.1,14.8,34.2,0.0,1008.5,38.0,100,,0.07,,3,muhimbili_tanzania
2022-02-03 20:00:00,27.0,80,23.2,13.6,26.3,0.0,1009.2,0.0,99,,0.03,,3,muhimbili_tanzania
2022-02-03 21:00:00,26.9,81,23.4,13.0,24.5,0.0,1010.3,0.0,100,,0.03,,3,muhimbili_tanzania
2022-02-03 22:00:00,26.9,82,23.5,12.2,23.0,0.0,1010.8,0.0,100,,0.03,,3,muhimbili_tanzania
2022-02-03 23:00:00,26.8,82,23.4,10.9,21.6,0.0,1011.0,0.0,100,,0.02,,3,muhimbili_tanzania
2022-02-04 00:00:00,26.6,82,23.4,11.1,19.4,0.0,1010.4,0.0,100,,0.02,,3,muhimbili_tanzania
2022-02-04 01:00:00,26.5,83,23.4,10.6,19.8,0.0,1010.0,0.0,100,,0.02,,3,muhimbili_tanzania
2022-02-04 02:00:00,26.4,84,23.4,11.4,20.5,0.0,1009.3,0.0,100,,0.02,,3,muhimbili_tanzania
2022-02-04 03:00:00,26.5,84,23.5,12.4,20.5,0.0,1009.1,0.0,100,,0.02,,3,muhimbili_tanzania
2022-02-04 04:00:00,26.4,84,23.5,12.4,22.3,0.0,1008.9,0.0,100,,0.02,,3,muhimbili_tanzania
2022-02-04 05:00:00,26.4,84,23.5,11.7,22.3,0.0,1009.1,0.0,100,,0.02,,3,muhimbili_tanzania
2022-02-04 06:00:00,26.2,85,23.5,10.5,20.5,0.0,1009.6,0.0,100,,0.02,,3,muhimbili_tanzania
2022-02-04 07:00:00,26.5,85,23.6,12.2,20.9,0.0,1010.3,15.0,100,,0.04,,3,muhimbili_tanzania
2022-02-04 08:00:00,27.5,79,23.4,15.5,29.5,0.1,1010.9,166.0,100,,0.14,,51,muhimbili_tanzania
2022-02-04 09:00:00,28.3,75,23.4,15.8,32.0,0.0,1011.0,378.0,100,,0.28,,3,muhimbili_tanzania
2022-02-04 10:00:00,29.0,73,23.7,16.2,36.0,0.0,1010.8,592.0,100,,0.42,,3,muhimbili_tanzania
2022-02-04 11:00:00,29.8,70,23.8,16.2,38.5,0.0,1010.4,782.0,100,,0.55,,3,muhimbili_tanzania
2022-02-04 12:00:00,30.4,68,23.8,15.9,39.2,0.0,1009.7,860.0,100,,0.62,,3,muhimbili_tanzania
2022-02-04 13:00:00,31.0,64,23.5,14.4,39.2,0.0,1008.7,940.0,100,,0.69,,3,muhimbili_tanzania
2022-02-04 14:00:00,31.2,62,23.0,14.7,32.8,0.0,1007.6,918.0,100,,0.68,,3,muhimbili_tanzania
2022-02-04 15:00:00,29.3,71,23.5,14.3,37.8,0.0,1007.6,858.0,100,,0.6,,3,muhimbili_tanzania
2022-02-04 16:00:00,29.0,72,23.4,12.9,29.9,0.0,1006.8,513.0,100,,0.38,,3,muhimbili_tanzania
2022-02-04 17:00:00,29.1,70,23.1,15.3,30.2,0.0,1006.6,396.0,100,,0.31,,3,muhimbili_tanzania
2022-02-04 18:00:00,28.4,75,23.4,15.3,31.0,0.0,1007.0,204.0,100,,0.18,,3,muhimbili_tanzania
2022-02-04 19:00:00,27.5,79,23.6,12.3,29.2,0.0,1007.5,34.0,100,,0.06,,3,muhimbili_tanzania
2022-02-04 20:00:00,27.2,81,23.8,8.9,22.0,0.0,1008.6,0.0,99,,0.02,,3,muhimbili_tanzania
2022-02-04 21:00:00,27.0,83,23.9,7.7,16.2,0.0,1009.5,0.0,100,,0.01,,3,muhimbili_tanzania
2022-02-04 22:00:00,27.0,84,24.0,5.8,15.5,0.0,1010.2,0.0,90,,0.0,,3,muhimbili_tanzania
2022-02-04 23:00:00,26.6,87,24.2,5.8,10.4,0.0,1010.3,0.0,95,,0.0,,3,muhimbili_tanzania
2022-02-05 00:00:00,26.3,89,24.4,6.0,10.4,0.0,1010.1,0.0,90,,0.0,,3,muhimbili_tanzania
2022-02-05 01:00:00,26.1,91,24.5,6.8,11.5,0.0,1009.7,0.0,100,,0.0,,3,muhimbili_tanzania
2022-02-05 02:00:00,26.2,89,24.3,5.6,13.0,0.0,1009.3,0.0,97,,0.0,,3,muhimbili_tanzania
2022-02-05 03:00:00,25.5,89,23.5,6.8,16.2,0.0,1009.5,0.0,93,,0.0,,3,muhimbili_tanzania
2022-02-05 04:00:00,24.8,87,22.5,9.2,16.6,0.1,1009.2,0.0,99,,0.01,,51,muhimbili_tanzania
2022-02-05 05:00:00,23.6,91,22.1,14.8,26.6,9.0,1010.2,0.0,100,,0.01,,65,muhimbili_tanzania
2022-02-05 06:00:00,23.8,91,22.2,5.4,26.3,1.3,1010.3,0.0,100,,0.0,,61,muhimbili_tanzania
2022-02-05 07:00:00,23.6,92,22.3,9.8,17.6,2.0,1010.9,4.0,100,,0.02,,61,muhimbili_tanzania
2022-02-05 08:00:00,23.7,93,22.5,10.7,23.4,4.7,1011.3,21.0,100,,0.04,,63,muhimbili_tanzania
2022-02-05 09:00:00,23.9,93,22.6,9.3,19.8,1.5,1011.3,48.0,100,,0.05,,61,muhimbili_tanzania
2022-02-05 10:00:00,24.1,90,22.4,8.0,18.4,0.3,1011.2,98.0,100,,0.08,,51,muhimbili_tanzania
2022-02-05 11:00:00,25.0,88,22.9,6.8,16.6,0.3,1010.7,201.0,100,,0.15,,51,muhimbili_tanzania
2022-02-05 12:00:00,26.6,82,23.4,6.8,17.3,0.0,1010.1,370.0,100,,0.27,,3,muhimbili_tanzania
2022-02-05 13:00:00,27.8,75,23.0,7.2,17.3,0.0,1009.0,341.0,100,,0.27,,3,muhimbili_tanzania
2022-02-05 14:00:00,28.1,72,22.5,7.6,16.9,0.0,1008.3,225.0,100,,0.2,,3,muhimbili_tanzania
2022-02-05 15:00:00,28.3,66,21.5,13.0,16.9,0.0,1007.8,189.0,100,,0.21,,3,muhimbili_tanzania
2022-02-05 16:00:00,27.4,72,21.9,12.7,25.6,0.0,1007.3,143.0,100,,0.16,,3,muhimbili_tanzania
2022-02-05 17:00:00,27.5,72,22.1,9.4,25.2,0.0,1006.7,179.0,100,,0.17,,3,muhimbili_tanzania
2022-02-05 18:00:00,27.6,72,22.1,5.1,18.7,0.0,1006.5,134.0,100,,0.12,,3,muhimbili_tanzania
2022-02-05 19:00:00,27.3,73,22.1,1.8,10.1,0.0,1006.5,9.0,100,,0.03,,3,muhimbili_tanzania
2022-02-05 20:00:00,25.8,85,23.0,5.3,6.1,0.0,1007.1,0.0,100,,0.0,,3,muhimbili_tanzania
2022-02-05 21:00:00,26.2,83,23.1,4.6,8.3,0.0,1008.0,0.0,100,,0.0,,3,muhimbili_tanzania
2022-02-05 22:00:00,26.4,83,23.2,3.2,8.3,0.0,1008.8,0.0,100,,0.0,,3,muhimbili_tanzania
2022-02-05 23:00:00,25.8,86,23.2,3.8,5.0,0.0,1009.0,0.0,100,,0.0,,3,muhimbili_tanzania
2022-02-06 00:00:00,26.2,83,23.2,2.8,6.8,0.0,1008.8,0.0,100,,0.0,,3,muhimbili_tanzania
2022-02-06 01:00:00,25.7,87,23.4,3.7,5.0,0.0,1008.6,0.0,100,,0.0,,3,muhimbili_tanzania
2022-02-06 02:00:00,25.5,87,23.3,4.7,7.2,0.0,1008.6,0.0,100,,0.0,,3,muhimbili_tanzania
2022-02-06 03:00:00,26.2,85,23.5,5.8,12.6,0.0,1008.5,0.0,100,,0.0,,3,muhimbili_tanzania
2022-02-06 04:00:00,26.0,88,23.9,5.1,10.1,0.2,1008.4,0.0,100,,0.0,,51,muhimbili_tanzania
2022-02-06 05:00:00,25.8,91,24.1,5.1,8.6,0.1,1008.5,0.0,100,,0.0,,51,muhimbili_tanzania
2022-02-06 06:00:00,26.0,90,24.2,6.4,10.4,0.0,1008.6,0.0,100,,0.0,,3,muhimbili_tanzania
2022-02-06 07:00:00,26.1,90,24.4,7.4,12.2,0.0,1009.0,5.0,99,,0.02,,3,muhimbili_tanzania
2022-02-06 08:00:00,27.1,84,24.1,10.2,18.7,0.0,1009.5,69.0,100,,0.08,,3,muhimbili_tanzania
2022-02-06 09:00:00,28.2,77,23.8,12.2,24.8,0.0,1009.9,261.0,97,,0.21,,3,muhimbili_tanzania
2022-02-06 10:00:00,28.8,73,23.5,13.7,28.8,0.0,1010.0,408.0,100,,0.32,,3,muhimbili_tanzania
2022-02-06 11:00:00,29.4,69,23.0,11.9,29.2,0.0,1009.7,570.0,100,,0.43,,3,muhimbili_tanzania
2022-02-06 12:00:00,29.6,69,23.2,9.8,27.0,0.0,1009.0,553.0,100,,0.42,,3,muhimbili_tanzania
2022-02-06 13:00:00,29.3,72,23.6,9.0,23.4,0.0,1008.2,388.0,100,,0.31,,3,muhimbili_tanzania
2022-02-06 14:00:00,29.4,72,23.9,9.4,23.0,0.0,1007.4,412.0,100,,0.33,,3,muhimbili_tanzania
2022-02-06 15:00:00,29.1,76,24.5,9.7,22.0,0.0,1006.5,540.0,100,,0.4,,3,muhimbili_tanzania
2022-02-06 16:00:00,29.1,77,24.5,9.1,23.4,0.0,1005.8,469.0,83,,0.35,,3,muhimbili_tanzania
2022-02-06 17:00:00,28.8,78,24.5,10.3,23.0,0.0,1005.6,436.0,78,,0.31,,2,muhimbili_tanzania
2022-02-06 18:00:00,27.7,82,24.3,12.2,24.8,0.0,1006.0,238.0,100,,0.17,,3,muhimbili_tanzania
2022-02-06 19:00:00,26.7,88,24.6,10.8,24.1,0.0,1007.2,38.0,98,,0.04,,3,muhimbili_tanzania
2022-02-06 20:00:00,26.7,89,24.8,11.6,20.5,0.0,1008.1,0.0,77,,0.01,,2,muhimbili_tanzania
2022-02-06 21:00:00,26.7,90,24.9,9.9,20.2,0.0,1009.0,0.0,82,,0.01,,3,muhimbili_tanzania
2022-02-06 22:00:00,26.8,89,24.8,9.9,17.6,0.0,1009.8,0.0,32,,0.01,,1,muhimbili_tanzania
2022-02-06 23:00:00,26.7,89,24.8,9.7,17.3,0.0,1009.9,0.0,27,,0.01,,1,muhimbili_tanzania
2022-02-07 00:00:00,26.5,90,24.7,8.9,17.6,0.0,1009.6,0.0,73,,0.0,,2,muhimbili_tanzania
2022-02-07 01:00:00,26.5,91,24.8,7.9,15.5,0.0,1009.8,0.0,100,,0.0,,3,muhimbili_tanzania
2022-02-07 02:00:00,26.5,90,24.9,10.5,18.0,0.0,1009.2,0.0,100,,0.01,,3,muhimbili_tanzania
2022-02-07 03:00:00,25.4,91,23.9,10.2,22.0,0.0,1009.6,0.0,100,,0.0,,3,muhimbili_tanzania
2022-02-07 04:00:00,25.4,91,23.9,10.4,19.4,3.1,1009.0,0.0,100,,0.0,,63,muhimbili_tanzania
2022-02-07 05:00:00,25.3,93,24.0,11.5,22.7,0.2,1009.3,0.0,100,,0.0,,51,muhimbili_tanzania
2022-02-07 06:00:00,25.2,93,24.0,10.9,19.8,0.1,1009.5,0.0,100,,0.0,,51,muhimbili_tanzania
2022-02-07 07:00:00,25.8,89,23.8,11.5,22.3,0.0,1010.0,5.0,100,,0.03,,3,muhimbili_tanzania
2022-02-07 08:00:00,26.2,89,24.1,11.9,20.2,0.2,1010.9,51.0,100,,0.06,,51,muhimbili_tanzania
2022-02-07 09:00:00,26.8,87,24.4,13.7,24.5,0.0,1011.4,106.0,100,,0.1,,3,muhimbili_tanzania
2022-02-07 10:00:00,28.0,78,23.8,17.0,33.5,0.0,1011.6,396.0,100,,0.29,,3,muhimbili_tanzania
2022-02-07 11:00:00,29.0,72,23.3,16.7,35.6,0.0,1011.3,516.0,100,,0.39,,3,muhimbili_tanzania
2022-02-07 12:00:00,29.2,71,23.5,14.0,33.5,0.0,1010.8,521.0,100,,0.4,,3,muhimbili_tanzania
2022-02-07 13:00:00,30.7,65,23.5,12.8,33.1,0.0,1009.9,909.0,100,,0.67,,3,muhimbili_tanzania
2022-02-07 14:00:00,30.9,64,23.1,14.0,35.6,0.0,1008.5,950.0,99,,0.69,,3,muhimbili_tanzania
2022-02-07 15:00:00,30.4,65,23.1,14.7,37.8,0.8,1008.7,786.0,94,,0.58,,53,muhimbili_tanzania
2022-02-07 16:00:00,29.7,69,23.4,14.2,31.7,0.0,1008.4,566.0,100,,0.43,,3,muhimbili_tanzania
2022-02-07 17:00:00,28.8,72,23.2,11.5,30.2,0.0,1008.5,330.0,100,,0.26,,3,muhimbili_tanzania
2022-02-07 18:00:00,27.8,77,23.5,9.0,24.1,0.0,1008.8,146.0,100,,0.13,,3,muhimbili_tanzania
2022-02-07 19:00:00,27.0,83,24.0,3.1,17.6,0.0,1009.4,26.0,100,,0.02,,3,muhimbili_tanzania
2022-02-07 20:00:00,27.0,85,24.3,6.6,11.2,0.0,1010.3,0.0,100,,0.0,,3,muhimbili_tanzania
2022-02-07 21:00:00,27.0,83,23.9,8.9,15.8,0.0,1011.2,0.0,100,,0.02,,3,muhimbili_tanzania
2022-02-07 22:00:00,26.9,84,24.0,10.0,17.6,0.0,1012.1,0.0,100,,0.02,,3,muhimbili_tanzania
2022-02-07 23:00:00,26.5,85,23.8,11.2,19.8,0.0,1012.2,0.0,100,,0.02,,3,muhimbili_tanzania
2022-02-08 00:00:00,26.5,85,23.9,12.4,22.0,0.0,1011.9,0.0,100,,0.02,,3,muhimbili_tanzania
2022-02-08 01:00:00,26.4,87,24.0,12.9,23.4,0.0,1011.1,0.0,100,,0.02,,3,muhimbili_tanzania
2022-02-08 02:00:00,26.2,87,23.8,12.0,23.0,0.0,1010.5,0.0,98,,0.02,,3,muhimbili_tanzania
2022-02-08 03:00:00,26.1,86,23.6,12.7,21.6,0.0,1009.7,0.0,62,,0.02,,2,muhimbili_tanzania
2022-02-08 04:00:00,26.1,86,23.6,14.3,25.6,0.0,1009.5,0.0,74,,0.02,,2,muhimbili_tanzania
2022-02-08 05:00:00,26.4,84,23.5,16.9,29.9,0.0,1009.7,0.0,67,,0.03,,2,muhimbili_tanzania
2022-02-08 06:00:00,26.4,83,23.4,16.2,30.6,0.0,1010.3,0.0,96,,0.03,,3,muhimbili_tanzania
2022-02-08 07:00:00,26.7,80,23.0,17.9,31.3,0.0,1010.6,12.0,62,,0.06,,2,muhimbili_tanzania
2022-02-08 08:00:00,27.2,77,22.9,20.0,37.4,0.0,1011.4,117.0,28,,0.13,,1,muhimbili_tanzania
2022-02-08 09:00:00,28.2,71,22.5,21.1,40.3,0.0,1011.8,369.0,55,,0.29,,2,muhimbili_tanzania
2022-02-08 10:00:00,29.1,66,22.2,21.1,41.8,0.0,1011.9,598.0,100,,0.45,,3,muhimbili_tanzania
2022-02-08 11:00:00,29.9,63,22.0,19.1,42.1,0.0,1011.5,715.0,100,,0.54,,3,muhimbili_tanzania
2022-02-08 12:00:00,30.5,60,21.9,17.8,39.2,0.0,1010.8,674.0,98,,0.53,,3,muhimbili_tanzania
2022-02-08 13:00:00,31.0,59,22.1,17.9,38.5,0.0,1009.8,848.0,65,,0.64,,2,muhimbili_tanzania
2022-02-08 14:00:00,30.6,61,22.2,16.3,38.5,0.0,1009.0,833.0,27,,0.62,,1,muhimbili_tanzania
2022-02-08 15:00:00,29.7,63,22.0,14.0,41.4,0.0,1008.4,834.0,29,,0.6,,1,muhimbili_tanzania
2022-02-08 16:00:00,29.2,67,22.4,17.2,34.2,0.0,1007.9,484.0,28,,0.38,,1,muhimbili_tanzania
2022-02-08 17:00:00,28.5,69,22.3,19.8,39.2,0.0,1007.6,449.0,71,,0.34,,2,muhimbili_tanzania
2022-02-08 18:00:00,27.8,71,22.1,19.1,39.2,0.0,1007.8,229.0,82,,0.2,,3,muhimbili_tanzania
2022-02-08 19:00:00,27.2,74,22.1,14.8,35.6,0.0,1008.5,39.0,80,,0.08,,3,muhimbili_tanzania
2022-02-08 20:00:00,27.1,75,22.2,12.7,26.3,0.0,1009.3,0.0,100,,0.04,,3,muhimbili_tanzania
2022-02-08 21:00:00,27.1,76,22.4,12.2,22.3,0.0,1010.3,0.0,98,,0.04,,3,muhimbili_tanzania
2022-02-08 22:00:00,27.0,77,22.6,13.2,23.8,0.0,1010.8,0.0,95,,0.04,,3,muhimbili_tanzania
2022-02-08 23:00:00,26.7,79,22.9,12.6,23.8,0.0,1010.7,0.0,98,,0.03,,3,muhimbili_tanzania
2022-02-09 00:00:00,26.3,83,23.1,8.4,22.0,0.0,1010.5,0.0,98,,0.01,,3,muhimbili_tanzania
2022-02-09 01:00:00,26.0,85,23.2,7.1,15.1,0.0,1010.1,0.0,99,,0.01,,3,muhimbili_tanzania
2022-02-09 02:00:00,26.0,85,23.2,9.2,15.8,0.0,1009.6,0.0,97,,0.01,,3,muhimbili_tanzania
2022-02-09 03:00:00,26.4,81,22.8,13.4,19.4,0.0,1009.2,0.0,98,,0.03,,3,muhimbili_tanzania
2022-02-09 04:00:00,26.5,81,22.9,14.2,25.2,0.0,1009.2,0.0,89,,0.04,,3,muhimbili_tanzania
2022-02-09 05:00:00,26.5,80,22.8,16.2,29.2,0.0,1009.7,0.0,97,,0.04,,3,muhimbili_tanzania
2022-02-09 06:00:00,26.3,81,22.8,16.5,29.2,0.0,1009.8,0.0,93,,0.04,,3,muhimbili_tanzania
2022-02-09 07:00:00,26.5,80,22.8,16.7,30.6,0.0,1010.3,14.0,82,,0.06,,3,muhimbili_tanzania
2022-02-09 08:00:00,27.5,74,22.5,18.5,34.9,0.0,1011.1,172.0,89,,0.16,,3,muhimbili_tanzania
2022-02-09 09:00:00,28.4,69,22.0,18.1,36.7,0.0,1011.5,423.0,100,,0.32,,3,muhimbili_tanzania
2022-02-09 10:00:00,29.3,63,21.5,20.5,41.4,0.0,1011.4,649.0,99,,0.48,,3,muhimbili_tanzania
2022-02-09 11:00:00,29.8,61,21.4,19.2,41.4,0.0,1011.2,671.0,65,,0.52,,2,muhimbili_tanzania
2022-02-09 12:00:00,30.8,57,21.2,18.6,38.9,0.0,1010.6,849.0,48,,0.65,,1,muhimbili_tanzania
2022-02-09 13:00:00,31.0,55,21.0,18.4,40.0,0.0,1009.8,919.0,90,,0.69,,3,muhimbili_tanzania
2022-02-09 14:00:00,30.9,57,21.4,15.5,38.9,0.0,1008.6,934.0,36,,0.7,,1,muhimbili_tanzania
2022-02-09 15:00:00,30.8,54,20.5,20.2,41.4,0.0,1008.0,784.0,81,,0.61,,3,muhimbili_tanzania
2022-02-09 16:00:00,29.8,61,21.5,22.9,45.4,0.0,1007.3,663.0,87,,0.51,,3,muhimbili_tanzania
2022-02-09 17:00:00,28.6,68,22.2,19.4,45.4,0.0,1007.0,465.0,34,,0.35,,1,muhimbili_tanzania
2022-02-09 18:00:00,28.0,70,22.0,18.2,38.2,0.0,1007.4,247.0,22,,0.21,,1,muhimbili_tanzania
2022-02-09 19:00:00,27.1,74,22.1,14.2,34.6,0.0,1007.8,40.0,73,,0.07,,2,muhimbili_tanzania
2022-02-09 20:00:00,27.1,76,22.4,12.4,24.8,0.0,1008.8,0.0,72,,0.04,,2,muhimbili_tanzania
2022-02-09 21:00:00,27.0,76,22.5,12.4,22.3,0.0,1009.6,0.0,100,,0.04,,3,muhimbili_tanzania
2022-02-09 22:00:00,27.0,76,22.4,13.6,24.1,0.0,1010.6,0.0,97,,0.05,,3,muhimbili_tanzania
2022-02-09 23:00:00,27.0,76,22.4,13.2,24.1,0.0,1010.8,0.0,100,,0.04,,3,muhimbili_tanzania
2022-02-10 00:00:00,27.0,76,22.4,12.7,23.4,0.0,1010.6,0.0,96,,0.04,,3,muhimbili_tanzania
2022-02-10 01:00:00,26.8,77,22.4,12.5,23.0,0.0,1009.7,0.0,87,,0.04,,3,muhimbili_tanzania
2022-02-10 02:00:00,26.4,79,22.4,10.6,22.0,0.0,1009.2,0.0,100,,0.03,,3,muhimbili_tanzania
2022-02-10 03:00:00,26.1,80,22.4,9.8,19.1,0.0,1009.7,0.0,100,,0.02,,3,muhimbili_tanzania
2022-02-10 04:00:00,26.0,81,22.5,8.6,17.3,0.0,1009.5,0.0,75,,0.02,,2,muhimbili_tanzania
2022-02-10 05:00:00,25.9,83,22.8,8.6,15.8,0.0,1009.7,0.0,92,,0.01,,3,muhimbili_tanzania
2022-02-10 06:00:00,25.5,86,23.0,9.0,16.6,0.0,1010.0,0.0,100,,0.01,,3,muhimbili_tanzania
2022-02-10 07:00:00,26.0,85,23.1,8.3,15.5,0.0,1010.6,14.0,100,,0.02,,3,muhimbili_tanzania
2022-02-10 08:00:00,27.0,78,22.8,12.7,25.2,0.0,1011.1,171.0,43,,0.14,,1,muhimbili_tanzania
2022-02-10 09:00:00,27.9,73,22.5,11.9,25.9,0.0,1011.3,329.0,76,,0.25,,2,muhimbili_tanzania
2022-02-10 10:00:00,28.9,68,22.3,16.0,33.5,0.1,1011.0,583.0,99,,0.43,,51,muhimbili_tanzania
2022-02-10 11:00:00,29.1,68,22.5,16.0,34.6,0.1,1010.6,633.0,100,,0.47,,51,muhimbili_tanzania
2022-02-10 12:00:00,30.0,64,22.5,16.9,37.1,0.1,1010.1,875.0,100,,0.63,,51,muhimbili_tanzania
2022-02-10 13:00:00,30.0,65,22.6,16.8,37.4,0.1,1009.1,873.0,100,,0.63,,51,muhimbili_tanzania
2022-02-10 14:00:00,30.5,62,22.4,16.5,36.7,0.0,1007.8,918.0,100,,0.67,,3,muhimbili_tanzania
2022-02-10 15:00:00,30.6,59,21.8,14.2,36.4,0.0,1007.4,854.0,100,,0.63,,3,muhimbili_tanzania
2022-02-10 16:00:00,30.0,63,22.2,15.1,32.4,0.0,1006.9,685.0,99,,0.51,,3,muhimbili_tanzania
2022-02-10 17:00:00,28.6,74,23.4,19.3,37.8,0.0,1006.6,433.0,84,,0.32,,3,muhimbili_tanzania
2022-02-10 18:00:00,27.8,77,23.4,18.2,38.2,0.0,1007.2,215.0,48,,0.18,,1,muhimbili_tanzania
2022-02-10 19:00:00,27.0,80,23.4,15.4,34.6,0.0,1007.7,37.0,2,,0.06,,0,muhimbili_tanzania
2022-02-10 20:00:00,26.9,80,23.2,15.4,27.4,0.0,1008.2,0.0,16,,0.04,,0,muhimbili_tanzania
2022-02-10 21:00:00,26.9,81,23.4,14.5,27.4,0.0,1009.1,0.0,11,,0.03,,0,muhimbili_tanzania
2022-02-10 22:00:00,26.8,82,23.4,12.7,25.6,0.0,1009.7,0.0,80,,0.03,,3,muhimbili_tanzania
2022-02-10 23:00:00,26.6,83,23.5,11.7,22.3,0.0,1010.1,0.0,98,,0.02,,3,muhimbili_tanzania
2022-02-11 00:00:00,26.5,83,23.5,13.6,23.8,0.0,1009.9,0.0,100,,0.03,,3,muhimbili_tanzania
2022-02-11 01:00:00,26.6,82,23.4,13.0,24.1,0.0,1009.2,0.0,100,,0.03,,3,muhimbili_tanzania
2022-02-11 02:00:00,26.5,83,23.4,12.0,23.4,0.0,1008.4,0.0,100,,0.02,,3,muhimbili_tanzania
2022-02-11 03:00:00,26.4,83,23.2,12.6,21.6,0.0,1007.7,0.0,74,,0.03,,2,muhimbili_tanzania
2022-02-11 04:00:00,26.2,84,23.2,12.9,23.0,0.1,1007.8,0.0,100,,0.02,,51,muhimbili_tanzania
2022-02-11 05:00:00,26.1,84,23.2,12.7,22.7,0.0,1008.2,0.0,100,,0.02,,3,muhimbili_tanzania
2022-02-11 06:00:00,26.1,84,23.1,12.6,22.3,0.0,1008.7,0.0,100,,0.02,,3,muhimbili_tanzania
2022-02-11 07:00:00,26.4,83,23.3,13.4,22.7,0.0,1009.5,13.0,100,,0.04,,3,muhimbili_tanzania
2022-02-11 08:00:00,27.5,77,23.0,16.8,32.8,0.0,1010.5,154.0,100,,0.14,,3,muhimbili_tanzania
2022-02-11 09:00:00,28.4,72,22.8,16.1,33.8,0.0,1010.7,393.0,99,,0.3,,3,muhimbili_tanzania
2022-02-11 10:00:00,29.1,68,22.5,15.1,33.1,0.0,1010.8,558.0,100,,0.42,,3,muhimbili_tanzania
2022-02-11 11:00:00,30.0,65,22.6,15.5,34.2,0.1,1010.3,747.0,99,,0.55,,51,muhimbili_tanzania
2022-02-11 12:00:00,30.5,63,22.6,14.9,34.6,0.0,1009.4,847.0,76,,0.62,,2,muhimbili_tanzania
2022-02-11 13:00:00,30.9,61,22.5,15.3,34.6,0.0,1008.2,924.0,67,,0.68,,2,muhimbili_tanzania
2022-02-11 14:00:00,30.5,63,22.8,16.1,35.6,0.0,1007.2,921.0,100,,0.67,,3,muhimbili_tanzania
2022-02-11 15:00:00,29.5,66,22.4,17.9,38.5,1.1,1007.1,667.0,100,,0.5,,55,muhimbili_tanzania
2022-02-11 16:00:00,29.4,65,22.0,19.1,39.2,0.3,1007.2,532.0,100,,0.42,,51,muhimbili_tanzania
2022-02-11 17:00:00,28.8,67,22.0,17.1,38.5,0.0,1007.4,382.0,100,,0.31,,3,muhimbili_tanzania
2022-02-11 18:00:00,27.9,71,22.1,15.1,34.2,0.0,1007.5,188.0,100,,0.18,,3,muhimbili_tanzania
2022-02-11 19:00:00,27.2,74,22.2,14.4,29.5,0.0,1008.1,32.0,99,,0.08,,3,muhimbili_tanzania
2022-02-11 20:00:00,26.9,77,22.6,11.9,25.6,0.0,1009.1,0.0,100,,0.04,,3,muhimbili_tanzania
2022-02-11 21:00:00,27.0,77,22.5,12.3,22.3,0.0,1009.6,0.0,98,,0.04,,3,muhimbili_tanzania
2022-02-11 22:00:00,26.7,78,22.5,8.7,22.0,0.0,1010.4,0.0,100,,0.02,,3,muhimbili_tanzania
2022-02-11 23:00:00,26.5,79,22.6,9.2,15.5,0.0,1010.7,0.0,100,,0.02,,3,muhimbili_tanzania
2022-02-12 00:00:00,26.6,79,22.6,11.7,20.5,0.0,1010.2,0.0,99,,0.03,,3,muhimbili_tanzania
2022-02-12 01:00:00,26.4,80,22.6,11.2,20.9,0.0,1009.7,0.0,59,,0.03,,2,muhimbili_tanzania
2022-02-12 02:00:00,26.2,81,22.7,10.4,20.2,0.0,1009.0,0.0,74,,0.02,,2,muhimbili_tanzania
2022-02-12 03:00:00,26.3,80,22.5,9.8,18.7,0.0,1008.6,0.0,100,,0.02,,3,muhimbili_tanzania
2022-02-12 04:00:00,26.3,80,22.6,9.7,17.6,0.0,1008.6,0.0,87,,0.02,,3,muhimbili_tanzania
2022-02-12 05:00:00,26.0,82,22.8,9.0,17.3,0.0,1008.8,0.0,91,,0.02,,3,muhimbili_tanzania
2022-02-12 06:00:00,25.9,84,22.9,9.5,16.6,0.0,1009.3,0.0,99,,0.01,,3,muhimbili_tanzania
2022-02-12 07:00:00,26.0,83,23.0,9.6,16.9,0.0,1010.0,14.0,100,,0.03,,3,muhimbili_tanzania
2022-02-12 08:00:00,27.4,75,22.5,13.0,24.5,0.1,1010.8,143.0,99,,0.13,,51,muhimbili_tanzania
2022-02-12 09:00:00,28.5,71,22.6,13.3,28.1,0.0,1011.2,349.0,99,,0.27,,3,muhimbili_tanzania
2022-02-12 10:00:00,29.5,66,22.5,14.1,31.3,0.0,1011.2,624.0,99,,0.46,,3,muhimbili_tanzania
2022-02-12 11:00:00,30.2,63,22.4,13.6,32.0,0.0,1010.7,814.0,75,,0.6,,2,muhimbili_tanzania
2022-02-12 12:00:00,30.6,60,22.0,13.1,31.7,0.0,1009.8,905.0,98,,0.67,,3,muhimbili_tanzania
2022-02-12 13:00:00,31.0,60,22.3,13.9,32.8,0.1,1008.6,999.0,100,,0.73,,51,muhimbili_tanzania
2022-02-12 14:00:00,30.5,63,22.6,11.6,33.1,0.1,1007.3,928.0,100,,0.68,,51,muhimbili_tanzania
2022-02-12 15:00:00,29.4,68,22.9,11.3,28.8,0.1,1007.0,676.0,100,,0.5,,51,muhimbili_tanzania
2022-02-12 16:00:00,28.9,70,22.8,12.9,28.4,0.0,1006.4,500.0,100,,0.38,,3,muhimbili_tanzania
2022-02-12 17:00:00,28.6,71,22.9,11.9,29.2,0.0,1007.0,398.0,100,,0.3,,3,muhimbili_tanzania
2022-02-12 18:00:00,27.8,75,23.0,12.2,25.9,0.0,1007.7,175.0,99,,0.15,,3,muhimbili_tanzania
2022-02-12 19:00:00,27.0,79,23.0,10.9,24.5,0.0,1008.3,34.0,32,,0.05,,1,muhimbili_tanzania
2022-02-12 20:00:00,27.0,79,23.0,10.3,19.8,0.0,1009.2,0.0,82,,0.03,,3,muhimbili_tanzania
2022-02-12 21:00:00,27.0,79,23.0,11.2,19.8,0.0,1009.8,0.0,100,,0.03,,3,muhimbili_tanzania
2022-02-12 22:00:00,26.9,79,22.8,10.9,19.8,0.1,1010.2,0.0,100,,0.03,,51,muhimbili_tanzania
2022-02-12 23:00:00,26.9,78,22.7,8.9,19.1,0.0,1010.5,0.0,100,,0.02,,3,muhimbili_tanzania
2022-02-13 00:00:00,26.9,78,22.7,7.4,15.8,0.0,1009.9,0.0,100,,0.02,,3,muhimbili_tanzania
2022-02-13 01:00:00,26.5,81,23.0,4.4,13.0,0.0,1009.2,0.0,100,,0.0,,3,muhimbili_tanzania
2022-02-13 02:00:00,26.3,83,23.1,5.9,10.1,0.0,1008.6,0.0,100,,0.01,,3,muhimbili_tanzania
2022-02-13 03:00:00,26.5,81,23.0,8.6,12.2,0.0,1008.5,0.0,100,,0.02,,3,muhimbili_tanzania
2022-02-13 04:00:00,26.4,82,23.0,8.3,14.8,0.0,1008.4,0.0,100,,0.01,,3,muhimbili_tanzania
2022-02-13 05:00:00,26.1,83,23.1,7.3,14.4,0.0,1008.3,0.0,100,,0.01,,3,muhimbili_tanzania
2022-02-13 06:00:00,26.0,84,23.1,9.0,15.5,0.0,1008.7,0.0,100,,0.01,,3,muhimbili_tanzania
2022-02-13 07:00:00,25.9,86,23.4,7.9,16.9,0.0,1009.1,8.0,100,,0.03,,3,muhimbili_tanzania
2022-02-13 08:00:00,26.6,82,23.2,8.8,20.2,0.0,1009.8,128.0,100,,0.1,,3,muhimbili_tanzania
2022-02-13 09:00:00,28.0,75,23.2,11.5,24.8,0.1,1010.2,328.0,100,,0.25,,51,muhimbili_tanzania
2022-02-13 10:00:00,29.0,70,23.0,14.9,32.0,0.0,1010.0,565.0,87,,0.42,,3,muhimbili_tanzania
2022-02-13 11:00:00,29.6,66,22.6,15.6,33.8,0.0,1009.7,704.0,79,,0.52,,2,muhimbili_tanzania
2022-02-13 12:00:00,30.4,63,22.5,14.7,34.6,0.0,1008.7,881.0,23,,0.64,,1,muhimbili_tanzania
2022-02-13 13:00:00,30.6,62,22.5,13.0,33.5,0.2,1008.0,973.0,79,,0.71,,51,muhimbili_tanzania
2022-02-13 14:00:00,29.1,69,23.0,9.0,31.3,1.1,1007.3,820.0,99,,0.59,,55,muhimbili_tanzania
2022-02-13 15:00:00,30.5,61,22.2,14.4,29.9,0.0,1006.2,606.0,100,,0.48,,3,muhimbili_tanzania
2022-02-13 16:00:00,29.6,66,22.5,16.1,34.6,0.0,1005.7,629.0,19,,0.47,,0,muhimbili_tanzania
2022-02-13 17:00:00,28.9,68,22.4,16.9,35.3,0.0,1005.7,444.0,16,,0.34,,0,muhimbili_tanzania
2022-02-13 18:00:00,28.0,73,22.6,14.8,33.8,0.0,1005.8,214.0,15,,0.19,,0,muhimbili_tanzania
2022-02-13 19:00:00,27.3,76,22.8,14.1,29.2,0.0,1006.1,37.0,17,,0.07,,0,muhimbili_tanzania
2022-02-13 20:00:00,27.1,78,22.9,14.3,25.6,0.0,1007.0,0.0,3,,0.04,,0,muhimbili_tanzania
2022-02-13 21:00:00,27.0,78,22.8,11.6,25.6,0.0,1008.0,0.0,34,,0.03,,1,muhimbili_tanzania
2022-02-13 22:00:00,26.9,79,22.9,11.2,20.2,0.0,1009.0,0.0,59,,0.03,,2,muhimbili_tanzania
2022-02-13 23:00:00,26.6,80,23.0,10.6,20.5,0.0,1009.1,0.0,46,,0.03,,1,muhimbili_tanzania
2022-02-14 00:00:00,26.5,81,23.0,8.7,18.7,0.0,1008.8,0.0,18,,0.02,,0,muhimbili_tanzania
2022-02-14 01:00:00,26.4,82,23.0,8.7,15.8,0.0,1008.2,0.0,55,,0.02,,2,muhimbili_tanzania
2022-02-14 02:00:00,26.1,83,23.0,7.7,15.5,0.0,1007.8,0.0,34,,0.01,,1,muhimbili_tanzania
2022-02-14 03:00:00,26.1,85,23.4,8.8,14.0,0.0,1007.1,0.0,82,,0.01,,3,muhimbili_tanzania
2022-02-14 04:00:00,26.0,86,23.5,8.0,15.1,0.0,1007.3,0.0,22,,0.01,,1,muhimbili_tanzania
2022-02-14 05:00:00,25.9,87,23.5,7.4,14.4,0.0,1007.7,0.0,17,,0.0,,0,muhimbili_tanzania
2022-02-14 06:00:00,25.8,87,23.5,7.8,13.7,0.0,1007.9,0.0,5,,0.0,,0,muhimbili_tanzania
2022-02-14 07:00:00,26.1,86,23.6,8.6,14.0,0.0,1008.5,14.0,46,,0.02,,1,muhimbili_tanzania
2022-02-14 08:00:00,27.5,77,23.1,10.9,23.0,0.1,1009.6,173.0,95,,0.14,,51,muhimbili_tanzania
2022-02-14 09:00:00,28.4,73,23.0,12.7,27.4,0.1,1010.0,368.0,99,,0.28,,51,muhimbili_tanzania
2022-02-14 10:00:00,29.0,70,23.0,11.4,27.4,0.1,1010.1,553.0,99,,0.41,,51,muhimbili_tanzania
2022-02-14 11:00:00,29.9,66,22.9,12.0,28.4,0.0,1009.6,726.0,94,,0.53,,3,muhimbili_tanzania
2022-02-14 12:00:00,30.6,60,22.1,12.4,30.2,0.0,1008.6,893.0,100,,0.66,,3,muhimbili_tanzania
2022-02-14 13:00:00,31.4,56,21.6,10.2,29.9,0.0,1007.5,982.0,97,,0.74,,3,muhimbili_tanzania
2022-02-14 14:00:00,30.8,63,22.9,13.4,31.3,0.0,1006.6,941.0,99,,0.69,,3,muhimbili_tanzania
2022-02-14 15:00:00,29.4,68,22.9,15.8,35.6,0.0,1006.4,775.0,100,,0.55,,3,muhimbili_tanzania
2022-02-14 16:00:00,29.1,67,22.5,14.0,32.8,0.0,1006.2,413.0,100,,0.34,,3,muhimbili_tanzania
2022-02-14 17:00:00,28.7,69,22.5,11.3,30.2,0.0,1007.0,344.0,100,,0.27,,3,muhimbili_tanzania
2022-02-14 18:00:00,28.3,71,22.5,9.2,24.1,0.0,1008.0,167.0,99,,0.15,,3,muhimbili_tanzania
2022-02-14 19:00:00,27.6,73,22.3,4.8,18.7,0.0,1008.0,14.0,100,,0.04,,3,muhimbili_tanzania
2022-02-14 20:00:00,27.0,79,23.0,3.7,10.4,0.0,1008.8,0.0,100,,0.0,,3,muhimbili_tanzania
2022-02-14 21:00:00,26.3,84,23.4,2.6,9.4,0.1,1009.4,0.0,100,,0.0,,51,muhimbili_tanzania
2022-02-14 22:00:00,25.8,90,24.0,2.7,5.0,0.0,1010.3,0.0,100,,0.0,,3,muhimbili_tanzania
2022-02-14 23:00:00,26.3,86,23.8,2.3,4.3,0.0,1010.7,0.0,100,,0.0,,3,muhimbili_tanzania
2022-02-15 00:00:00,26.1,87,23.9,3.7,4.0,0.0,1010.5,0.0,100,,0.0,,3,muhimbili_tanzania
2022-02-15 01:00:00,25.9,88,23.8,4.1,6.5,0.0,1009.8,0.0,100,,0.0,,3,muhimbili_tanzania
2022-02-15 02:00:00,26.1,87,23.8,6.8,11.5,0.0,1009.5,0.0,100,,0.0,,3,muhimbili_tanzania
2022-02-15 03:00:00,26.1,88,23.9,9.6,14.8,0.0,1008.7,0.0,100,,0.01,,3,muhimbili_tanzania
2022-02-15 04:00:00,25.6,91,24.0,9.2,17.3,0.0,1008.5,0.0,100,,0.0,,3,muhimbili_tanzania
2022-02-15 05:00:00,25.1,94,24.0,7.7,15.8,0.0,1008.6,0.0,99,,0.0,,3,muhimbili_tanzania
2022-02-15 06:00:00,24.8,94,23.8,5.5,13.7,0.0,1009.1,0.0,99,,0.0,,3,muhimbili_tanzania
2022-02-15 07:00:00,25.0,92,23.6,5.8,9.7,0.0,1009.8,12.0,100,,0.01,,3,muhimbili_tanzania
2022-02-15 08:00:00,26.4,86,23.8,4.3,12.6,0.0,1010.7,139.0,76,,0.1,,2,muhimbili_tanzania
2022-02-15 09:00:00,28.3,77,24.0,10.4,23.0,0.1,1011.1,400.0,80,,0.28,,51,muhimbili_tanzania
2022-02-15 10:00:00,29.5,71,23.5,13.4,29.9,0.2,1011.0,632.0,67,,0.46,,51,muhimbili_tanzania
2022-02-15 11:00:00,30.3,66,23.2,13.8,31.7,0.1,1010.6,785.0,99,,0.57,,51,muhimbili_tanzania
2022-02-15 12:00:00,31.0,62,22.9,12.3,31.7,0.2,1009.6,901.0,46,,0.67,,51,muhimbili_tanzania
2022-02-15 13:00:00,31.8,57,22.2,12.4,29.9,0.0,1008.4,945.0,48,,0.72,,1,muhimbili_tanzania
2022-02-15 14:00:00,32.2,54,21.7,11.2,29.9,0.0,1007.5,949.0,30,,0.73,,1,muhimbili_tanzania
2022-02-15 15:00:00,30.6,66,23.5,15.3,29.2,0.0,1007.1,834.0,25,,0.61,,1,muhimbili_tanzania
2022-02-15 16:00:00,29.9,68,23.3,15.5,35.3,0.0,1006.6,694.0,13,,0.5,,0,muhimbili_tanzania
2022-02-15 17:00:00,29.2,69,23.0,17.3,34.6,0.0,1006.2,452.0,6,,0.35,,0,muhimbili_tanzania
2022-02-15 18:00:00,28.1,74,23.0,19.0,37.1,0.0,1006.5,233.0,8,,0.2,,0,muhimbili_tanzania
2022-02-15 19:00:00,27.4,79,23.5,15.9,36.0,0.0,1007.2,36.0,7,,0.07,,0,muhimbili_tanzania
2022-02-15 20:00:00,27.4,79,23.5,13.6,28.4,0.0,1008.2,0.0,20,,0.04,,1,muhimbili_tanzania
2022-02-15 21:00:00,27.2,80,23.5,11.1,24.1,0.0,1009.3,0.0,20,,0.03,,1,muhimbili_tanzania
2022-02-15 22:00:00,27.0,82,23.7,9.5,19.4,0.0,1010.0,0.0,88,,0.02,,3,muhimbili_tanzania
2022-02-15 23:00:00,26.8,84,23.8,9.3,16.9,0.0,1010.2,0.0,95,,0.01,,3,muhimbili_tanzania
2022-02-16 00:00:00,26.7,84,23.9,8.9,16.6,0.0,1010.0,0.0,92,,0.01,,3,muhimbili_tanzania
2022-02-16 01:00:00,26.5,86,23.9,9.8,17.3,0.0,1009.4,0.0,99,,0.01,,3,muhimbili_tanzania
2022-02-16 02:00:00,26.4,86,23.8,9.8,17.6,0.0,1008.7,0.0,100,,0.01,,3,muhimbili_tanzania
2022-02-16 03:00:00,26.2,85,23.5,9.2,17.6,0.0,1008.2,0.0,100,,0.01,,3,muhimbili_tanzania
2022-02-16 04:00:00,26.1,87,23.7,6.8,16.2,0.0,1008.5,0.0,32,,0.0,,1,muhimbili_tanzania
2022-02-16 05:00:00,25.9,88,23.8,6.8,12.2,0.0,1008.5,0.0,35,,0.0,,1,muhimbili_tanzania
2022-02-16 06:00:00,25.8,88,23.7,7.9,14.4,0.0,1008.7,0.0,25,,0.0,,1,muhimbili_tanzania
2022-02-16 07:00:00,26.1,86,23.6,7.4,14.0,0.0,1009.6,13.0,69,,0.02,,2,muhimbili_tanzania
2022-02-16 08:00:00,27.4,77,23.1,11.4,23.0,0.0,1010.5,167.0,40,,0.14,,1,muhimbili_tanzania
2022-02-16 09:00:00,28.5,72,22.9,13.3,29.2,0.0,1010.9,403.0,34,,0.3,,1,muhimbili_tanzania
2022-02-16 10:00:00,29.5,66,22.5,11.4,29.2,0.0,1010.8,627.0,26,,0.46,,1,muhimbili_tanzania
2022-02-16 11:00:00,30.4,59,21.5,10.2,27.4,0.0,1010.5,828.0,20,,0.61,,1,muhimbili_tanzania
2022-02-16 12:00:00,31.0,56,21.1,10.6,27.4,0.0,1009.5,945.0,23,,0.71,,1,muhimbili_tanzania
2022-02-16 13:00:00,31.5,55,21.4,11.0,28.1,0.0,1008.3,1015.0,21,,0.76,,1,muhimbili_tanzania
2022-02-16 14:00:00,31.2,59,22.1,11.2,28.8,0.0,1006.6,968.0,2,,0.72,,0,muhimbili_tanzania
2022-02-16 15:00:00,29.6,68,23.0,11.8,32.0,0.0,1006.8,877.0,3,,0.62,,0,muhimbili_tanzania
2022-02-16 16:00:00,29.6,69,23.4,13.0,30.6,0.0,1005.9,676.0,19,,0.49,,0,muhimbili_tanzania
2022-02-16 17:00:00,28.6,72,23.0,12.8,31.0,0.0,1005.4,446.0,9,,0.33,,0,muhimbili_tanzania
2022-02-16 18:00:00,27.9,74,22.9,9.8,27.4,0.0,1005.6,227.0,9,,0.17,,0,muhimbili_tanzania
2022-02-16 19:00:00,27.0,79,23.0,7.2,20.5,0.0,1006.0,35.0,1,,0.04,,0,muhimbili_tanzania
2022-02-16 20:00:00,26.8,83,23.6,5.2,13.7,0.0,1006.7,0.0,0,,0.0,,0,muhimbili_tanzania
2022-02-16 21:00:00,26.7,85,24.0,4.8,9.4,0.0,1007.2,0.0,0,,0.0,,0,muhimbili_tanzania
2022-02-16 22:00:00,26.5,86,24.0,4.5,9.0,0.0,1008.1,0.0,1,,0.0,,0,muhimbili_tanzania
2022-02-16 23:00:00,26.0,88,24.0,4.3,7.6,0.0,1008.6,0.0,41,,0.0,,1,muhimbili_tanzania
2022-02-17 00:00:00,25.6,90,23.9,5.6,7.2,0.0,1008.3,0.0,100,,0.0,,3,muhimbili_tanzania
2022-02-17 01:00:00,25.5,90,23.8,4.8,7.2,0.0,1007.6,0.0,70,,0.0,,2,muhimbili_tanzania
2022-02-17 02:00:00,25.2,92,23.9,5.6,7.6,0.0,1007.4,0.0,99,,0.0,,3,muhimbili_tanzania
2022-02-17 03:00:00,25.6,92,24.1,5.1,7.6,0.0,1007.2,0.0,93,,0.0,,3,muhimbili_tanzania
2022-02-17 04:00:00,25.7,92,24.3,4.0,7.6,0.0,1007.1,0.0,100,,0.0,,3,muhimbili_tanzania
2022-02-17 05:00:00,25.4,94,24.4,4.7,7.2,0.0,1007.3,0.0,99,,0.0,,3,muhimbili_tanzania
2022-02-17 06:00:00,25.3,94,24.2,4.7,7.2,0.0,1007.6,0.0,89,,0.0,,3,muhimbili_tanzania
2022-02-17 07:00:00,26.2,89,24.2,4.0,6.5,0.0,1008.0,10.0,100,,0.01,,3,muhimbili_tanzania
2022-02-17 08:00:00,27.4,81,23.8,7.2,15.8,0.0,1008.6,102.0,97,,0.09,,3,muhimbili_tanzania
2022-02-17 09:00:00,28.1,77,23.6,7.7,18.4,0.0,1009.3,225.0,98,,0.18,,3,muhimbili_tanzania
2022-02-17 10:00:00,28.7,74,23.5,8.2,20.5,0.1,1009.2,356.0,97,,0.28,,51,muhimbili_tanzania
2022-02-17 11:00:00,29.3,71,23.5,7.9,21.6,0.1,1008.6,493.0,94,,0.38,,51,muhimbili_tanzania
2022-02-17 12:00:00,29.7,70,23.6,7.4,25.9,0.1,1007.9,646.0,62,,0.48,,51,muhimbili_tanzania
2022-02-17 13:00:00,30.5,67,23.7,7.4,26.6,0.2,1006.9,788.0,72,,0.59,,51,muhimbili_tanzania
2022-02-17 14:00:00,30.5,66,23.4,10.1,29.2,0.1,1005.6,782.0,67,,0.58,,51,muhimbili_tanzania
2022-02-17 15:00:00,29.8,69,23.5,10.2,34.2,0.3,1004.9,652.0,68,,0.49,,51,muhimbili_tanzania
2022-02-17 16:00:00,29.9,70,23.9,10.8,26.6,0.1,1004.3,600.0,77,,0.44,,51,muhimbili_tanzania
2022-02-17 17:00:00,29.0,74,23.9,11.3,30.2,0.2,1004.3,447.0,49,,0.33,,51,muhimbili_tanzania
2022-02-17 18:00:00,28.0,77,23.7,11.4,25.9,0.0,1004.4,178.0,10,,0.15,,0,muhimbili_tanzania
2022-02-17 19:00:00,27.5,82,24.1,12.6,23.0,0.0,1004.9,35.0,16,,0.05,,0,muhimbili_tanzania
2022-02-17 20:00:00,27.4,81,24.0,11.5,22.7,0.0,1005.9,0.0,13,,0.03,,0,muhimbili_tanzania
2022-02-17 21:00:00,27.2,83,24.1,9.2,20.2,0.0,1006.8,0.0,4,,0.02,,0,muhimbili_tanzania
2022-02-17 22:00:00,27.1,84,24.2,9.4,16.9,0.0,1007.6,0.0,15,,0.01,,0,muhimbili_tanzania
2022-02-17 23:00:00,27.0,85,24.2,7.9,16.9,0.0,1008.6,0.0,22,,0.01,,1,muhimbili_tanzania
2022-02-18 00:00:00,26.9,85,24.2,6.2,14.0,0.0,1008.3,0.0,41,,0.0,,1,muhimbili_tanzania
2022-02-18 01:00:00,26.6,86,24.2,5.0,11.2,0.0,1007.5,0.0,49,,0.0,,1,muhimbili_tanzania
2022-02-18 02:00:00,26.0,88,24.0,4.7,9.0,0.0,1007.1,0.0,85,,0.0,,3,muhimbili_tanzania
2022-02-18 03:00:00,26.0,89,24.0,4.8,7.6,0.0,1006.3,0.0,21,,0.0,,1,muhimbili_tanzania
2022-02-18 04:00:00,25.5,92,24.1,5.6,7.6,0.0,1006.2,0.0,43,,0.0,,1,muhimbili_tanzania
2022-02-18 05:00:00,25.7,90,23.9,5.4,7.6,0.0,1006.4,0.0,53,,0.0,,2,muhimbili_tanzania
2022-02-18 06:00:00,25.2,92,23.8,4.6,6.8,0.0,1007.0,0.0,38,,0.0,,1,muhimbili_tanzania
2022-02-18 07:00:00,26.0,90,24.2,4.7,7.2,0.0,1007.8,13.0,34,,0.01,,1,muhimbili_tanzania
2022-02-18 08:00:00,27.5,81,23.9,2.9,10.1,0.0,1008.6,171.0,44,,0.11,,1,muhimbili_tanzania
2022-02-18 09:00:00,28.9,73,23.5,6.2,18.0,0.0,1009.0,394.0,52,,0.29,,2,muhimbili_tanzania
2022-02-18 10:00:00,29.8,68,23.2,7.3,20.5,0.1,1009.0,537.0,100,,0.4,,51,muhimbili_tanzania
2022-02-18 11:00:00,30.0,67,23.4,8.6,22.3,0.1,1008.7,533.0,90,,0.41,,51,muhimbili_tanzania
2022-02-18 12:00:00,30.6,68,23.9,10.0,26.6,0.3,1008.1,825.0,34,,0.61,,51,muhimbili_tanzania
2022-02-18 13:00:00,30.9,66,23.8,9.1,26.3,0.4,1007.2,865.0,42,,0.64,,51,muhimbili_tanzania
2022-02-18 14:00:00,31.2,65,23.8,11.8,28.8,0.2,1005.8,918.0,49,,0.68,,51,muhimbili_tanzania
2022-02-18 15:00:00,30.5,65,23.3,12.3,29.5,0.3,1004.7,744.0,53,,0.56,,51,muhimbili_tanzania
2022-02-18 16:00:00,29.9,68,23.4,14.4,30.6,0.0,1004.0,499.0,22,,0.39,,1,muhimbili_tanzania
2022-02-18 17:00:00,29.4,70,23.3,13.9,32.4,0.0,1003.6,423.0,20,,0.33,,1,muhimbili_tanzania
2022-02-18 18:00:00,28.4,76,23.7,10.7,29.2,0.0,1004.3,235.0,24,,0.18,,1,muhimbili_tanzania
2022-02-18 19:00:00,27.8,80,24.0,8.0,22.0,0.0,1005.6,35.0,13,,0.04,,0,muhimbili_tanzania
2022-02-18 20:00:00,27.2,85,24.4,0.0,13.7,2.1,1007.2,0.0,39,,0.0,,61,muhimbili_tanzania
2022-02-18 21:00:00,26.5,88,24.4,9.8,19.4,1.4,1006.8,0.0,35,,0.01,,61,muhimbili_tanzania
2022-02-18 22:00:00,25.8,95,24.9,3.3,16.6,0.0,1008.6,0.0,17,,0.0,,0,muhimbili_tanzania
2022-02-18 23:00:00,26.5,90,24.8,1.4,5.0,0.0,1008.7,0.0,7,,0.0,,0,muhimbili_tanzania
2022-02-19 00:00:00,26.3,91,24.8,5.4,6.1,0.0,1008.5,0.0,39,,0.0,,1,muhimbili_tanzania
2022-02-19 01:00:00,25.9,92,24.5,5.7,7.6,0.0,1008.1,0.0,28,,0.0,,1,muhimbili_tanzania
2022-02-19 02:00:00,25.7,93,24.5,5.8,8.3,0.0,1007.3,0.0,41,,0.0,,1,muhimbili_tanzania
2022-02-19 03:00:00,26.5,89,24.5,4.0,7.9,0.0,1006.9,0.0,30,,0.0,,1,muhimbili_tanzania
2022-02-19 04:00:00,26.4,90,24.6,4.3,7.6,0.0,1006.6,0.0,39,,0.0,,1,muhimbili_tanzania
2022-02-19 05:00:00,26.5,90,24.8,7.3,12.6,0.0,1006.7,0.0,51,,0.0,,2,muhimbili_tanzania
2022-02-19 06:00:00,26.4,91,24.8,9.0,15.8,0.0,1007.0,0.0,24,,0.0,,1,muhimbili_tanzania
2022-02-19 07:00:00,26.5,90,24.9,9.1,15.5,0.0,1007.8,13.0,59,,0.02,,2,muhimbili_tanzania
2022-02-19 08:00:00,27.9,82,24.5,10.0,20.5,0.1,1008.8,157.0,53,,0.12,,51,muhimbili_tanzania
2022-02-19 09:00:00,29.1,75,24.2,12.3,27.0,0.1,1009.5,401.0,73,,0.3,,51,muhimbili_tanzania
2022-02-19 10:00:00,29.7,73,24.3,13.0,29.5,0.1,1009.2,581.0,57,,0.42,,51,muhimbili_tanzania
2022-02-19 11:00:00,30.3,69,23.9,12.5,30.2,0.1,1009.1,693.0,53,,0.51,,51,muhimbili_tanzania
2022-02-19 12:00:00,30.8,65,23.3,10.0,29.5,0.1,1008.3,655.0,37,,0.51,,51,muhimbili_tanzania
2022-02-19 13:00:00,30.8,65,23.5,9.9,26.6,0.1,1007.0,751.0,30,,0.57,,51,muhimbili_tanzania
2022-02-19 14:00:00,30.3,69,24.0,11.1,29.5,0.1,1006.0,807.0,26,,0.59,,51,muhimbili_tanzania
2022-02-19 15:00:00,30.7,67,23.9,11.0,29.5,0.1,1005.5,687.0,28,,0.52,,51,muhimbili_tanzania
2022-02-19 16:00:00,29.7,71,24.0,14.5,32.0,0.0,1005.2,633.0,24,,0.46,,1,muhimbili_tanzania
2022-02-19 17:00:00,29.2,71,23.5,13.7,32.4,0.0,1005.1,423.0,16,,0.32,,0,muhimbili_tanzania
2022-02-19 18:00:00,28.8,73,23.4,13.2,29.2,0.0,1005.2,224.0,8,,0.19,,0,muhimbili_tanzania
2022-02-19 19:00:00,27.7,79,23.7,11.3,26.6,0.0,1006.0,35.0,23,,0.05,,1,muhimbili_tanzania
2022-02-19 20:00:00,27.5,81,23.8,11.4,21.6,0.0,1006.9,0.0,21,,0.03,,1,muhimbili_tanzania
2022-02-19 21:00:00,27.5,81,23.8,11.8,20.9,0.0,1007.8,0.0,51,,0.03,,2,muhimbili_tanzania
2022-02-19 22:00:00,27.4,82,24.0,10.6,21.2,0.0,1008.7,0.0,51,,0.02,,2,muhimbili_tanzania
2022-02-19 23:00:00,27.1,84,24.2,7.9,19.1,0.0,1009.6,0.0,20,,0.01,,1,muhimbili_tanzania
2022-02-20 00:00:00,26.7,87,24.3,4.4,14.0,0.0,1009.6,0.0,52,,0.0,,2,muhimbili_tanzania
2022-02-20 01:00:00,26.5,88,24.4,4.9,9.0,0.0,1008.8,0.0,48,,0.0,,1,muhimbili_tanzania
2022-02-20 02:00:00,26.5,89,24.4,6.4,10.8,0.0,1008.4,0.0,38,,0.0,,1,muhimbili_tanzania
2022-02-20 03:00:00,26.1,87,23.9,5.4,11.5,0.0,1008.0,0.0,23,,0.0,,1,muhimbili_tanzania
2022-02-20 04:00:00,26.1,88,24.0,5.8,10.4,0.0,1008.2,0.0,81,,0.0,,3,muhimbili_tanzania
2022-02-20 05:00:00,25.8,90,24.1,4.4,10.4,0.0,1008.3,0.0,98,,0.0,,3,muhimbili_tanzania
2022-02-20 06:00:00,25.5,93,24.2,4.9,8.6,0.0,1008.7,0.0,100,,0.0,,3,muhimbili_tanzania
2022-02-20 07:00:00,26.1,90,24.4,5.3,8.3,0.0,1009.3,14.0,94,,0.01,,3,muhimbili_tanzania
2022-02-20 08:00:00,27.9,75,23.1,8.0,17.6,0.0,1009.9,180.0,100,,0.14,,3,muhimbili_tanzania
2022-02-20 09:00:00,29.0,68,22.6,8.7,22.0,0.0,1010.3,417.0,100,,0.31,,3,muhimbili_tanzania
2022-02-20 10:00:00,29.9,65,22.5,9.0,23.8,0.0,1010.2,650.0,100,,0.48,,3,muhimbili_tanzania
2022-02-20 11:00:00,30.6,62,22.5,8.9,24.8,0.0,1010.0,836.0,100,,0.62,,3,muhimbili_tanzania
2022-02-20 12:00:00,31.4,59,22.2,10.4,27.4,0.0,1009.3,958.0,100,,0.72,,3,muhimbili_tanzania
2022-02-20 13:00:00,31.9,53,21.1,12.2,30.2,0.0,1008.0,1020.0,43,,0.77,,1,muhimbili_tanzania
2022-02-20 14:00:00,32.3,47,19.6,11.5,30.6,0.0,1006.8,994.0,11,,0.77,,0,muhimbili_tanzania
2022-02-20 15:00:00,30.7,57,21.2,11.0,32.0,0.0,1007.0,889.0,18,,0.66,,0,muhimbili_tanzania
2022-02-20 16:00:00,30.4,62,22.3,12.7,28.8,0.0,1006.6,576.0,46,,0.45,,1,muhimbili_tanzania
2022-02-20 17:00:00,29.4,68,23.0,11.3,29.2,0.0,1006.4,455.0,92,,0.34,,3,muhimbili_tanzania
2022-02-20 18:00:00,28.6,73,23.2,8.9,25.2,0.0,1006.9,231.0,100,,0.18,,3,muhimbili_tanzania
2022-02-20 19:00:00,27.7,80,23.9,9.4,19.8,0.0,1007.3,33.0,100,,0.05,,3,muhimbili_tanzania
2022-02-20 20:00:00,27.6,81,24.1,10.2,18.7,0.0,1007.9,0.0,100,,0.02,,3,muhimbili_tanzania
2022-02-20 21:00:00,27.6,81,24.0,9.8,19.1,0.0,1008.4,0.0,100,,0.02,,3,muhimbili_tanzania
2022-02-20 22:00:00,27.4,83,24.2,9.5,17.3,0.0,1009.0,0.0,100,,0.02,,3,muhimbili_tanzania
2022-02-20 23:00:00,27.3,84,24.3,10.1,18.0,0.0,1009.4,0.0,100,,0.02,,3,muhimbili_tanzania
2022-02-21 00:00:00,27.1,84,24.3,9.5,18.0,0.0,1009.1,0.0,100,,0.01,,3,muhimbili_tanzania
2022-02-21 01:00:00,27.0,85,24.3,8.8,16.6,0.0,1008.9,0.0,100,,0.01,,3,muhimbili_tanzania
2022-02-21 02:00:00,26.8,86,24.3,8.6,15.1,0.0,1008.3,0.0,100,,0.01,,3,muhimbili_tanzania
2022-02-21 03:00:00,26.9,82,23.5,11.5,15.1,0.0,1007.9,0.0,100,,0.02,,3,muhimbili_tanzania
2022-02-21 04:00:00,26.9,82,23.5,10.4,20.5,0.0,1008.3,0.0,100,,0.02,,3,muhimbili_tanzania
2022-02-21 05:00:00,27.0,82,23.6,10.9,18.7,0.0,1008.3,0.0,100,,0.02,,3,muhimbili_tanzania
2022-02-21 06:00:00,26.9,81,23.5,12.2,21.6,0.0,1008.6,0.0,100,,0.03,,3,muhimbili_tanzania
2022-02-21 07:00:00,27.0,81,23.5,12.3,21.6,0.0,1009.2,13.0,100,,0.04,,3,muhimbili_tanzania
2022-02-21 08:00:00,28.3,74,23.3,16.0,30.6,0.0,1010.2,160.0,100,,0.15,,3,muhimbili_tanzania
2022-02-21 09:00:00,29.5,68,23.1,16.9,34.6,0.0,1010.3,371.0,100,,0.31,,3,muhimbili_tanzania
2022-02-21 10:00:00,30.6,64,23.0,17.6,37.1,0.0,1009.7,603.0,96,,0.47,,3,muhimbili_tanzania
2022-02-21 11:00:00,31.5,62,23.4,15.7,37.4,0.0,1009.2,834.0,23,,0.63,,1,muhimbili_tanzania
2022-02-21 12:00:00,32.2,59,23.2,14.4,34.9,0.0,1008.0,974.0,17,,0.73,,0,muhimbili_tanzania
2022-02-21 13:00:00,32.7,58,23.4,13.3,33.5,0.0,1006.8,1024.0,18,,0.78,,0,muhimbili_tanzania
2022-02-21 14:00:00,33.0,57,23.4,13.1,32.0,0.0,1005.4,954.0,33,,0.74,,1,muhimbili_tanzania
2022-02-21 15:00:00,33.2,50,21.3,11.4,31.7,0.0,1004.5,826.0,58,,0.66,,2,muhimbili_tanzania
2022-02-21 16:00:00,30.9,64,23.2,16.2,34.6,0.0,1003.9,677.0,92,,0.52,,3,muhimbili_tanzania
2022-02-21 17:00:00,29.5,71,23.8,16.1,35.3,0.0,1003.5,471.0,100,,0.35,,3,muhimbili_tanzania
2022-02-21 18:00:00,28.9,76,24.4,16.7,33.5,0.0,1004.2,222.0,87,,0.19,,3,muhimbili_tanzania
2022-02-21 19:00:00,28.1,81,24.6,13.9,32.4,0.0,1005.1,29.0,100,,0.06,,3,muhimbili_tanzania
2022-02-21 20:00:00,28.0,83,24.8,11.8,25.2,0.0,1006.2,0.0,100,,0.03,,3,muhimbili_tanzania
2022-02-21 21:00:00,27.8,84,24.9,11.9,21.6,0.0,1006.5,0.0,100,,0.02,,3,muhimbili_tanzania
2022-02-21 22:00:00,27.7,85,25.0,11.2,21.6,0.0,1007.2,0.0,100,,0.02,,3,muhimbili_tanzania
2022-02-21 23:00:00,27.5,86,25.0,11.2,19.8,0.0,1008.0,0.0,100,,0.02,,3,muhimbili_tanzania
2022-02-22 00:00:00,27.6,86,25.0,13.6,24.1,0.0,1008.0,0.0,100,,0.02,,3,muhimbili_tanzania
2022-02-22 01:00:00,27.3,87,25.0,13.4,24.8,0.0,1007.3,0.0,100,,0.02,,3,muhimbili_tanzania
2022-02-22 02:00:00,27.2,88,25.0,12.6,24.1,0.0,1006.7,0.0,100,,0.02,,3,muhimbili_tanzania
2022-02-22 03:00:00,27.2,85,24.5,14.1,22.7,0.0,1005.9,0.0,100,,0.02,,3,muhimbili_tanzania
2022-02-22 04:00:00,27.1,85,24.5,13.7,25.2,0.0,1006.2,0.0,100,,0.02,,3,muhimbili_tanzania
2022-02-22 05:00:00,27.1,85,24.4,14.8,26.6,0.0,1006.6,0.0,100,,0.03,,3,muhimbili_tanzania
2022-02-22 06:00:00,27.0,85,24.2,15.1,26.6,0.0,1006.7,0.0,100,,0.03,,3,muhimbili_tanzania
2022-02-22 07:00:00,27.2,84,24.2,16.2,28.1,0.0,1007.3,13.0,100,,0.05,,3,muhimbili_tanzania
2022-02-22 08:00:00,28.3,77,24.0,19.2,36.7,0.0,1007.9,155.0,100,,0.15,,3,muhimbili_tanzania
2022-02-22 09:00:00,29.1,73,23.8,18.4,37.4,0.0,1008.4,348.0,100,,0.28,,3,muhimbili_tanzania
2022-02-22 10:00:00,30.1,68,23.7,17.1,37.1,0.0,1008.4,546.0,100,,0.42,,3,muhimbili_tanzania
2022-02-22 11:00:00,31.0,65,23.5,15.5,35.6,0.0,1008.0,653.0,100,,0.51,,3,muhimbili_tanzania
2022-02-22 12:00:00,32.3,56,22.5,14.1,33.8,0.0,1007.1,795.0,100,,0.63,,3,muhimbili_tanzania
2022-02-22 13:00:00,33.2,51,21.8,14.6,33.1,0.0,1005.8,876.0,100,,0.71,,3,muhimbili_tanzania
2022-02-22 14:00:00,33.2,52,21.9,12.2,33.1,0.0,1005.0,803.0,100,,0.65,,3,muhimbili_tanzania
2022-02-22 15:00:00,29.4,71,23.7,19.6,28.8,0.0,1005.6,682.0,100,,0.49,,3,muhimbili_tanzania
2022-02-22 16:00:00,29.0,75,24.0,16.0,40.3,0.0,1004.9,422.0,100,,0.32,,3,muhimbili_tanzania
2022-02-22 17:00:00,28.9,76,24.1,13.0,32.4,0.0,1004.9,342.0,62,,0.26,,2,muhimbili_tanzania
2022-02-22 18:00:00,28.8,77,24.2,13.5,27.4,0.0,1005.4,215.0,38,,0.18,,1,muhimbili_tanzania
2022-02-22 19:00:00,28.5,78,24.3,10.4,27.4,0.0,1006.5,28.0,100,,0.05,,3,muhimbili_tanzania
2022-02-22 20:00:00,28.1,80,24.4,10.0,18.4,0.0,1007.1,0.0,100,,0.02,,3,muhimbili_tanzania
2022-02-22 21:00:00,28.0,81,24.4,11.6,20.5,0.0,1007.7,0.0,100,,0.03,,3,muhimbili_tanzania
2022-02-22 22:00:00,27.7,83,24.5,12.0,21.6,0.0,1008.1,0.0,100,,0.03,,3,muhimbili_tanzania
2022-02-22 23:00:00,27.5,84,24.7,11.2,21.6,0.0,1008.3,0.0,100,,0.02,,3,muhimbili_tanzania
2022-02-23 00:00:00,27.5,85,24.8,10.0,20.5,0.0,1007.7,0.0,100,,0.01,,3,muhimbili_tanzania
2022-02-23 01:00:00,27.2,87,24.8,12.4,22.3,0.0,1006.9,0.0,100,,0.02,,3,muhimbili_tanzania
2022-02-23 02:00:00,27.0,87,24.8,12.1,22.7,0.0,1006.4,0.0,100,,0.02,,3,muhimbili_tanzania
2022-02-23 03:00:00,27.1,87,24.8,13.7,22.0,0.0,1007.0,0.0,100,,0.02,,3,muhimbili_tanzania
2022-02-23 04:00:00,27.1,87,24.9,14.3,25.6,0.0,1006.8,0.0,100,,0.02,,3,muhimbili_tanzania
2022-02-23 05:00:00,27.2,86,24.7,14.9,26.6,0.0,1007.1,0.0,100,,0.02,,3,muhimbili_tanzania
2022-02-23 06:00:00,27.2,86,24.6,14.4,26.6,0.0,1007.6,0.0,100,,0.02,,3,muhimbili_tanzania
2022-02-23 07:00:00,27.4,85,24.6,14.8,25.9,0.0,1008.0,8.0,100,,0.04,,3,muhimbili_tanzania
2022-02-23 08:00:00,28.1,81,24.5,17.8,33.8,0.0,1008.7,98.0,100,,0.11,,3,muhimbili_tanzania
2022-02-23 09:00:00,28.9,77,24.5,18.3,35.6,0.0,1009.6,251.0,100,,0.22,,3,muhimbili_tanzania
2022-02-23 10:00:00,29.6,69,23.2,20.5,40.0,0.3,1009.4,411.0,100,,0.34,,51,muhimbili_tanzania
2022-02-23 11:00:00,29.9,69,23.7,19.8,40.3,0.2,1009.2,460.0,100,,0.38,,51,muhimbili_tanzania
2022-02-23 12:00:00,30.5,65,23.3,19.3,40.0,0.1,1008.4,464.0,100,,0.4,,51,muhimbili_tanzania
2022-02-23 13:00:00,29.4,69,23.1,16.0,38.9,3.1,1008.0,423.0,100,,0.35,,63,muhimbili_tanzania
2022-02-23 14:00:00,29.4,70,23.2,9.4,31.0,0.2,1007.5,355.0,100,,0.3,,51,muhimbili_tanzania
2022-02-23 15:00:00,27.7,79,23.6,9.6,23.4,0.1,1007.6,268.0,100,,0.22,,51,muhimbili_tanzania
2022-02-23 16:00:00,27.7,79,23.8,13.4,28.1,0.1,1007.3,496.0,100,,0.35,,51,muhimbili_tanzania
2022-02-23 17:00:00,27.8,79,23.8,11.0,28.1,0.1,1007.6,338.0,100,,0.25,,51,muhimbili_tanzania
2022-02-23 18:00:00,27.5,80,23.7,10.6,22.7,0.1,1008.3,123.0,100,,0.11,,51,muhimbili_tanzania
2022-02-23 19:00:00,27.4,81,23.7,10.3,19.8,0.0,1008.5,18.0,100,,0.05,,3,muhimbili_tanzania
2022-02-23 20:00:00,27.4,80,23.5,14.5,25.2,0.0,1009.4,0.0,100,,0.04,,3,muhimbili_tanzania
2022-02-23 21:00:00,27.1,81,23.5,16.2,29.2,0.0,1010.5,0.0,100,,0.04,,3,muhimbili_tanzania
2022-02-23 22:00:00,26.9,83,23.8,13.3,29.2,0.0,1010.6,0.0,100,,0.03,,3,muhimbili_tanzania
2022-02-23 23:00:00,27.0,84,24.0,15.2,27.0,0.0,1011.1,0.0,100,,0.03,,3,muhimbili_tanzania
2022-02-24 00:00:00,26.5,85,23.8,15.9,28.4,0.1,1010.6,0.0,100,,0.03,,51,muhimbili_tanzania
2022-02-24 01:00:00,26.5,85,23.6,17.1,30.2,0.1,1010.3,0.0,100,,0.03,,51,muhimbili_tanzania
2022-02-24 02:00:00,25.8,87,23.5,16.2,30.2,0.1,1010.1,0.0,100,,0.02,,51,muhimbili_tanzania
2022-02-24 03:00:00,25.2,91,23.6,7.3,30.6,0.0,1010.2,0.0,100,,0.0,,3,muhimbili_tanzania
2022-02-24 04:00:00,25.4,90,23.7,4.7,13.7,0.4,1010.3,0.0,100,,0.0,,51,muhimbili_tanzania
2022-02-24 05:00:00,24.8,93,23.5,10.4,18.7,2.3,1010.9,0.0,100,,0.0,,61,muhimbili_tanzania
2022-02-24 06:00:00,25.0,90,23.2,5.6,19.4,0.1,1011.6,0.0,100,,0.0,,51,muhimbili_tanzania
2022-02-24 07:00:00,24.6,89,22.6,11.4,17.3,2.5,1012.1,8.0,100,,0.03,,63,muhimbili_tanzania
2022-02-24 08:00:00,24.5,90,22.8,12.3,25.9,0.5,1012.9,64.0,100,,0.06,,53,muhimbili_tanzania
2022-02-24 09:00:00,25.5,85,22.8,16.1,29.9,0.1,1013.7,221.0,100,,0.16,,51,muhimbili_tanzania
2022-02-24 10:00:00,26.5,82,23.0,19.6,38.2,0.2,1013.4,378.0,100,,0.26,,51,muhimbili_tanzania
2022-02-24 11:00:00,27.0,79,23.1,20.3,38.9,0.3,1013.2,420.0,100,,0.3,,51,muhimbili_tanzania
2022-02-24 12:00:00,27.7,77,23.4,15.5,39.6,0.1,1012.6,587.0,100,,0.41,,51,muhimbili_tanzania
2022-02-24 13:00:00,28.7,71,22.9,14.2,32.4,0.0,1011.5,746.0,100,,0.53,,3,muhimbili_tanzania
2022-02-24 14:00:00,29.2,67,22.4,14.8,31.3,0.0,1010.0,713.0,100,,0.52,,3,muhimbili_tanzania
2022-02-24 15:00:00,28.0,74,22.9,11.6,32.8,0.0,1009.6,714.0,100,,0.49,,3,muhimbili_tanzania
2022-02-24 16:00:00,28.1,73,22.7,8.0,24.1,0.0,1009.4,422.0,100,,0.32,,3,muhimbili_tanzania
2022-02-24 17:00:00,27.8,74,22.8,11.0,22.7,0.0,1009.3,289.0,100,,0.23,,3,muhimbili_tanzania
2022-02-24 18:00:00,27.1,77,22.8,8.1,22.3,0.0,1009.3,138.0,100,,0.12,,3,muhimbili_tanzania
2022-02-24 19:00:00,26.5,83,23.4,5.1,15.5,0.0,1009.8,15.0,100,,0.03,,3,muhimbili_tanzania
2022-02-24 20:00:00,26.9,82,23.5,12.7,21.2,0.0,1010.4,0.0,100,,0.03,,3,muhimbili_tanzania
2022-02-24 21:00:00,26.6,85,24.0,13.0,25.2,0.0,1010.9,0.0,100,,0.02,,3,muhimbili_tanzania
2022-02-24 22:00:00,26.6,86,24.0,9.8,23.0,0.0,1011.7,0.0,100,,0.01,,3,muhimbili_tanzania
2022-02-24 23:00:00,26.7,85,24.0,10.0,17.6,0.0,1012.2,0.0,100,,0.01,,3,muhimbili_tanzania
2022-02-25 00:00:00,26.7,85,24.0,11.4,19.8,0.0,1011.9,0.0,100,,0.02,,3,muhimbili_tanzania
2022-02-25 01:00:00,26.6,86,24.0,10.9,20.2,0.0,1011.3,0.0,100,,0.02,,3,muhimbili_tanzania
2022-02-25 02:00:00,26.5,86,23.9,8.6,19.1,0.0,1010.9,0.0,100,,0.01,,3,muhimbili_tanzania
2022-02-25 03:00:00,26.0,86,23.5,10.6,17.3,0.0,1010.8,0.0,100,,0.01,,3,muhimbili_tanzania
2022-02-25 04:00:00,26.0,86,23.5,10.4,18.7,0.0,1010.5,0.0,98,,0.01,,3,muhimbili_tanzania
2022-02-25 05:00:00,25.8,88,23.6,9.0,18.4,0.0,1010.9,0.0,71,,0.01,,2,muhimbili_tanzania
2022-02-25 06:00:00,25.7,88,23.6,10.1,16.9,0.0,1011.4,0.0,89,,0.01,,3,muhimbili_tanzania
2022-02-25 07:00:00,26.1,86,23.5,11.5,20.2,0.0,1011.8,13.0,56,,0.03,,2,muhimbili_tanzania
2022-02-25 08:00:00,27.3,78,23.0,14.3,28.4,0.0,1012.3,174.0,41,,0.14,,1,muhimbili_tanzania
2022-02-25 09:00:00,28.2,74,23.1,14.8,30.2,0.0,1012.7,381.0,100,,0.28,,3,muhimbili_tanzania
2022-02-25 10:00:00,29.0,72,23.5,14.0,30.2,0.0,1012.6,588.0,91,,0.42,,3,muhimbili_tanzania
2022-02-25 11:00:00,29.5,70,23.5,13.3,30.6,0.0,1012.3,736.0,99,,0.53,,3,muhimbili_tanzania
2022-02-25 12:00:00,29.6,70,23.5,13.5,30.6,0.0,1011.8,770.0,66,,0.56,,2,muhimbili_tanzania
2022-02-25 13:00:00,29.5,70,23.5,12.9,30.6,0.1,1010.9,797.0,100,,0.57,,51,muhimbili_tanzania
2022-02-25 14:00:00,29.6,69,23.4,12.5,30.2,0.0,1009.7,877.0,100,,0.62,,3,muhimbili_tanzania
2022-02-25 15:00:00,29.5,70,23.5,13.2,29.2,0.0,1009.6,609.0,100,,0.45,,3,muhimbili_tanzania
2022-02-25 16:00:00,29.6,67,22.8,13.6,29.2,0.0,1008.9,517.0,9,,0.4,,0,muhimbili_tanzania
2022-02-25 17:00:00,29.5,66,22.5,15.8,31.0,0.0,1008.5,444.0,60,,0.35,,2,muhimbili_tanzania
2022-02-25 18:00:00,28.0,77,23.5,16.3,33.5,0.0,1008.7,191.0,4,,0.17,,0,muhimbili_tanzania
2022-02-25 19:00:00,27.3,80,23.5,13.6,31.0,0.0,1009.4,29.0,56,,0.06,,2,muhimbili_tanzania
2022-02-25 20:00:00,26.9,82,23.6,11.7,24.1,0.0,1009.9,0.0,51,,0.02,,2,muhimbili_tanzania
2022-02-25 21:00:00,26.8,83,23.7,10.2,20.5,0.0,1010.7,0.0,99,,0.02,,3,muhimbili_tanzania
2022-02-25 22:00:00,26.8,83,23.7,10.0,18.0,0.0,1011.8,0.0,94,,0.02,,3,muhimbili_tanzania
2022-02-25 23:00:00,26.8,83,23.7,9.7,17.6,0.0,1012.3,0.0,92,,0.02,,3,muhimbili_tanzania
2022-02-26 00:00:00,26.6,84,23.6,9.8,17.3,0.0,1011.8,0.0,88,,0.02,,3,muhimbili_tanzania
2022-02-26 01:00:00,26.5,85,23.8,10.1,18.0,0.0,1011.2,0.0,92,,0.02,,3,muhimbili_tanzania
2022-02-26 02:00:00,26.2,87,23.8,9.1,18.0,0.0,1010.7,0.0,100,,0.01,,3,muhimbili_tanzania
2022-02-26 03:00:00,26.4,84,23.4,11.6,15.5,0.0,1010.6,0.0,100,,0.02,,3,muhimbili_tanzania
2022-02-26 04:00:00,26.3,84,23.4,11.5,20.9,0.0,1010.5,0.0,56,,0.02,,2,muhimbili_tanzania
2022-02-26 05:00:00,26.1,85,23.5,10.5,20.2,0.0,1010.7,0.0,19,,0.01,,0,muhimbili_tanzania
2022-02-26 06:00:00,26.0,86,23.5,9.9,18.4,0.0,1011.0,0.0,14,,0.01,,0,muhimbili_tanzania
2022-02-26 07:00:00,26.2,85,23.5,10.9,18.4,0.0,1011.4,13.0,0,,0.03,,0,muhimbili_tanzania
2022-02-26 08:00:00,27.7,75,23.0,13.4,26.6,0.0,1011.9,177.0,0,,0.15,,0,muhimbili_tanzania
2022-02-26 09:00:00,28.8,69,22.5,13.8,28.4,0.0,1012.3,400.0,74,,0.31,,2,muhimbili_tanzania
2022-02-26 10:00:00,29.2,69,23.0,14.0,29.5,0.1,1012.0,477.0,100,,0.37,,51,muhimbili_tanzania
2022-02-26 11:00:00,29.8,69,23.5,14.8,31.3,0.0,1011.8,592.0,89,,0.45,,3,muhimbili_tanzania
2022-02-26 12:00:00,30.5,67,23.6,14.0,32.0,0.1,1010.7,727.0,38,,0.54,,51,muhimbili_tanzania
2022-02-26 13:00:00,31.1,64,23.5,11.5,31.0,0.1,1009.7,852.0,55,,0.64,,51,muhimbili_tanzania
2022-02-26 14:00:00,31.4,62,23.2,11.3,27.4,0.0,1008.5,863.0,33,,0.65,,1,muhimbili_tanzania
2022-02-26 15:00:00,30.4,68,23.8,11.3,27.0,0.0,1008.4,848.0,96,,0.61,,3,muhimbili_tanzania
2022-02-26 16:00:00,30.4,67,23.5,13.8,29.5,0.0,1008.1,624.0,90,,0.47,,3,muhimbili_tanzania
2022-02-26 17:00:00,28.7,77,24.4,14.8,30.6,0.0,1007.9,443.0,54,,0.32,,2,muhimbili_tanzania
2022-02-26 18:00:00,28.0,78,23.9,15.0,31.0,0.0,1008.2,201.0,63,,0.16,,2,muhimbili_tanzania
2022-02-26 19:00:00,27.3,82,24.0,10.7,28.4,0.0,1009.1,30.0,67,,0.04,,2,muhimbili_tanzania
2022-02-26 20:00:00,27.2,83,24.0,8.4,19.1,0.0,1009.7,0.0,86,,0.01,,3,muhimbili_tanzania
2022-02-26 21:00:00,27.0,84,24.0,6.5,14.8,0.0,1010.5,0.0,83,,0.01,,3,muhimbili_tanzania
2022-02-26 22:00:00,26.1,89,24.2,5.4,10.8,0.0,1011.5,0.0,100,,0.0,,3,muhimbili_tanzania
2022-02-26 23:00:00,26.4,88,24.2,4.7,11.9,0.0,1011.9,0.0,100,,0.0,,3,muhimbili_tanzania
2022-02-27 00:00:00,26.4,87,24.0,5.4,7.9,0.0,1011.3,0.0,100,,0.0,,3,muhimbili_tanzania
2022-02-27 01:00:00,26.0,90,24.2,4.7,11.9,0.0,1010.8,0.0,100,,0.0,,3,muhimbili_tanzania
2022-02-27 02:00:00,26.3,89,24.3,5.6,9.0,0.0,1010.1,0.0,99,,0.0,,3,muhimbili_tanzania
2022-02-27 03:00:00,26.5,86,24.0,9.1,12.2,0.0,1009.3,0.0,55,,0.01,,2,muhimbili_tanzania
2022-02-27 04:00:00,26.4,88,24.2,8.4,16.6,0.0,1009.2,0.0,70,,0.01,,2,muhimbili_tanzania
2022-02-27 05:00:00,26.2,89,24.3,8.0,14.4,0.0,1009.4,0.0,91,,0.0,,3,muhimbili_tanzania
2022-02-27 06:00:00,26.1,90,24.4,9.1,15.8,0.0,1009.8,0.0,100,,0.0,,3,muhimbili_tanzania
2022-02-27 07:00:00,26.5,89,24.5,8.8,15.8,0.0,1010.5,12.0,100,,0.02,,3,muhimbili_tanzania
2022-02-27 08:00:00,27.4,82,24.1,6.6,16.9,0.1,1012.0,136.0,100,,0.1,,51,muhimbili_tanzania
2022-02-27 09:00:00,28.0,80,24.2,5.5,15.8,0.1,1012.4,308.0,100,,0.22,,51,muhimbili_tanzania
2022-02-27 10:00:00,28.8,76,24.1,7.5,19.4,0.1,1012.3,431.0,100,,0.32,,51,muhimbili_tanzania
2022-02-27 11:00:00,29.1,74,24.1,9.7,23.4,0.2,1011.6,522.0,100,,0.39,,51,muhimbili_tanzania
2022-02-27 12:00:00,29.8,73,24.5,9.4,24.8,0.1,1010.9,808.0,100,,0.58,,51,muhimbili_tanzania
2022-02-27 13:00:00,29.8,73,24.5,9.2,25.2,0.1,1009.8,814.0,100,,0.59,,51,muhimbili_tanzania
2022-02-27 14:00:00,29.5,74,24.3,10.0,26.3,0.0,1009.0,827.0,100,,0.59,,3,muhimbili_tanzania
2022-02-27 15:00:00,29.8,71,23.9,12.5,26.6,0.6,1008.0,567.0,100,,0.43,,53,muhimbili_tanzania
2022-02-27 16:00:00,29.2,73,23.9,15.5,32.4,0.1,1007.7,618.0,100,,0.44,,51,muhimbili_tanzania
2022-02-27 17:00:00,28.8,74,23.7,16.3,33.5,0.0,1007.3,464.0,57,,0.34,,2,muhimbili_tanzania
2022-02-27 18:00:00,27.9,77,23.5,17.2,34.2,0.0,1007.6,225.0,30,,0.18,,1,muhimbili_tanzania
2022-02-27 19:00:00,27.4,81,23.8,13.9,32.4,0.0,1008.6,30.0,32,,0.05,,1,muhimbili_tanzania
2022-02-27 20:00:00,27.1,82,23.9,11.8,24.5,0.0,1008.9,0.0,100,,0.02,,3,muhimbili_tanzania
2022-02-27 21:00:00,27.0,83,23.9,8.9,20.9,0.0,1009.7,0.0,100,,0.02,,3,muhimbili_tanzania
2022-02-27 22:00:00,26.5,86,24.0,4.8,16.2,0.0,1011.4,0.0,100,,0.0,,3,muhimbili_tanzania
2022-02-27 23:00:00,25.9,90,24.1,5.4,7.9,0.0,1011.9,0.0,100,,0.0,,3,muhimbili_tanzania
2022-02-28 00:00:00,25.8,91,24.2,4.7,7.6,0.0,1011.5,0.0,88,,0.0,,3,muhimbili_tanzania
2022-02-28 01:00:00,26.0,89,24.1,5.2,7.9,0.0,1010.8,0.0,35,,0.0,,1,muhimbili_tanzania
2022-02-28 02:00:00,25.5,91,24.0,5.1,7.9,0.0,1010.1,0.0,58,,0.0,,2,muhimbili_tanzania
2022-02-28 03:00:00,26.4,85,23.6,8.4,7.9,0.0,1009.3,0.0,44,,0.01,,1,muhimbili_tanzania
2022-02-28 04:00:00,26.3,87,24.0,4.3,15.1,0.0,1009.5,0.0,100,,0.0,,3,muhimbili_tanzania
2022-02-28 05:00:00,25.2,94,24.2,4.6,7.2,0.1,1009.7,0.0,32,,0.0,,51,muhimbili_tanzania
2022-02-28 06:00:00,25.5,93,24.1,3.2,6.1,0.2,1010.0,0.0,76,,0.0,,51,muhimbili_tanzania
2022-02-28 07:00:00,25.9,92,24.4,4.8,7.2,0.1,1010.8,12.0,79,,0.01,,51,muhimbili_tanzania
2022-02-28 08:00:00,27.0,84,24.0,7.6,16.2,0.1,1012.0,148.0,33,,0.11,,51,muhimbili_tanzania
2022-02-28 09:00:00,28.0,78,23.7,10.5,23.4,0.1,1012.5,364.0,27,,0.26,,51,muhimbili_tanzania
2022-02-28 10:00:00,28.9,73,23.5,10.2,25.2,0.1,1012.5,593.0,32,,0.42,,51,muhimbili_tanzania
2022-02-28 11:00:00,29.9,68,23.4,10.3,25.6,0.1,1012.2,794.0,44,,0.57,,51,muhimbili_tanzania
2022-02-28 12:00:00,30.5,64,22.9,11.1,27.7,0.0,1011.4,941.0,65,,0.69,,2,muhimbili_tanzania
2022-02-28 13:00:00,30.6,64,23.0,11.7,28.8,0.0,1010.0,979.0,58,,0.71,,2,muhimbili_tanzania
2022-02-28 14:00:00,30.4,66,23.4,12.7,30.6,0.0,1008.8,1014.0,42,,0.72,,1,muhimbili_tanzania
2022-02-28 15:00:00,30.1,67,23.5,12.3,31.7,0.0,1008.5,847.0,100,,0.61,,3,muhimbili_tanzania
2022-02-28 16:00:00,29.5,71,23.6,13.4,29.9,0.0,1008.3,679.0,21,,0.49,,1,muhimbili_tanzania
2022-02-28 17:00:00,28.5,74,23.5,13.3,30.2,0.0,1008.0,419.0,29,,0.31,,1,muhimbili_tanzania
2022-02-28 18:00:00,28.0,76,23.4,11.3,27.7,0.0,1008.2,233.0,7,,0.18,,0,muhimbili_tanzania
2022-02-28 19:00:00,27.1,83,24.0,10.2,22.3,0.0,1008.6,31.0,93,,0.04,,3,muhimbili_tanzania
2022-02-28 20:00:00,26.8,85,24.0,11.0,20.2,0.0,1009.0,0.0,100,,0.02,,3,muhimbili_tanzania
2022-02-28 21:00:00,26.6,84,23.8,9.1,19.4,0.0,1010.0,0.0,100,,0.01,,3,muhimbili_tanzania
2022-02-28 22:00:00,26.6,85,23.9,8.6,15.8,0.0,1010.8,0.0,100,,0.01,,3,muhimbili_tanzania
2022-02-28 23:00:00,26.5,85,23.8,8.1,15.8,0.0,1011.1,0.0,93,,0.01,,3,muhimbili_tanzania
2022-03-01 00:00:00,26.2,87,23.9,5.8,14.8,0.0,1011.0,0.0,99,,0.0,,3,muhimbili_tanzania
2022-03-01 01:00:00,25.5,90,23.9,4.9,10.4,0.0,1010.7,0.0,100,,0.0,,3,muhimbili_tanzania
2022-03-01 02:00:00,26.1,88,24.0,7.8,13.3,0.0,1010.1,0.0,100,,0.0,,3,muhimbili_tanzania
2022-03-01 03:00:00,26.3,85,23.5,10.2,16.2,0.0,1009.3,0.0,100,,0.02,,3,muhimbili_tanzania
2022-03-01 04:00:00,26.3,85,23.5,10.7,19.1,0.0,1009.2,0.0,100,,0.02,,3,muhimbili_tanzania
2022-03-01 05:00:00,26.1,86,23.6,10.5,19.1,0.0,1009.3,0.0,100,,0.01,,3,muhimbili_tanzania
2022-03-01 06:00:00,25.9,88,23.7,10.4,19.1,0.0,1009.7,0.0,97,,0.01,,3,muhimbili_tanzania
2022-03-01 07:00:00,26.1,87,23.8,12.2,21.2,0.0,1010.2,13.0,77,,0.03,,2,muhimbili_tanzania
2022-03-01 08:00:00,27.4,79,23.5,15.1,29.9,0.0,1011.3,169.0,66,,0.14,,2,muhimbili_tanzania
2022-03-01 09:00:00,28.4,74,23.2,15.2,31.7,0.0,1012.1,418.0,24,,0.31,,1,muhimbili_tanzania
2022-03-01 10:00:00,29.2,70,23.1,15.6,33.5,0.0,1012.2,642.0,21,,0.46,,1,muhimbili_tanzania
2022-03-01 11:00:00,30.0,64,22.5,15.9,34.9,0.0,1011.8,823.0,11,,0.6,,0,muhimbili_tanzania
2022-03-01 12:00:00,30.9,59,22.0,14.6,34.9,0.0,1011.1,980.0,9,,0.72,,0,muhimbili_tanzania
2022-03-01 13:00:00,31.3,56,21.6,12.4,33.1,0.0,1009.8,1023.0,36,,0.76,,1,muhimbili_tanzania
2022-03-01 14:00:00,31.2,56,21.4,12.3,29.9,0.0,1008.6,955.0,43,,0.72,,1,muhimbili_tanzania
2022-03-01 15:00:00,30.0,66,23.0,14.8,30.2,0.0,1008.0,832.0,0,,0.6,,0,muhimbili_tanzania
2022-03-01 16:00:00,29.2,67,22.5,15.3,33.5,0.0,1007.5,560.0,18,,0.42,,0,muhimbili_tanzania
2022-03-01 17:00:00,28.8,69,22.5,16.3,33.1,0.0,1007.2,476.0,13,,0.36,,0,muhimbili_tanzania
2022-03-01 18:00:00,27.6,74,22.6,17.7,33.8,0.0,1007.3,225.0,3,,0.19,,0,muhimbili_tanzania
2022-03-01 19:00:00,27.0,79,23.0,16.7,33.5,0.0,1007.6,31.0,1,,0.06,,0,muhimbili_tanzania
2022-03-01 20:00:00,26.8,78,22.6,13.5,29.5,0.0,1008.1,0.0,3,,0.04,,0,muhimbili_tanzania
2022-03-01 21:00:00,26.6,78,22.5,12.1,23.8,0.0,1008.8,0.0,0,,0.03,,0,muhimbili_tanzania
2022-03-01 22:00:00,26.4,80,22.6,10.7,21.2,0.0,1009.9,0.0,30,,0.03,,1,muhimbili_tanzania
2022-03-01 23:00:00,26.5,79,22.5,11.5,20.5,0.0,1010.3,0.0,37,,0.03,,1,muhimbili_tanzania
2022-03-02 00:00:00,26.5,79,22.5,12.5,22.7,0.0,1009.8,0.0,24,,0.03,,1,muhimbili_tanzania
2022-03-02 01:00:00,26.2,80,22.6,12.7,23.0,0.0,1009.1,0.0,33,,0.03,,1,muhimbili_tanzania
2022-03-02 02:00:00,26.0,81,22.6,11.3,22.3,0.0,1008.8,0.0,34,,0.02,,1,muhimbili_tanzania
2022-03-02 03:00:00,26.3,79,22.4,12.8,20.2,0.0,1008.5,0.0,5,,0.03,,0,muhimbili_tanzania
2022-03-02 04:00:00,26.3,79,22.4,11.5,22.7,0.0,1008.5,0.0,32,,0.03,,1,muhimbili_tanzania
2022-03-02 05:00:00,26.2,80,22.5,11.2,20.5,0.0,1008.6,0.0,38,,0.03,,1,muhimbili_tanzania
2022-03-02 06:00:00,26.1,81,22.5,11.2,20.2,0.0,1008.9,0.0,21,,0.02,,1,muhimbili_tanzania
2022-03-02 07:00:00,26.2,80,22.6,12.1,20.9,0.0,1009.4,14.0,36,,0.04,,1,muhimbili_tanzania
2022-03-02 08:00:00,27.5,73,22.2,15.6,29.9,0.0,1010.5,171.0,32,,0.16,,1,muhimbili_tanzania
2022-03-02 09:00:00,28.5,68,22.0,15.5,32.4,0.0,1011.2,418.0,17,,0.32,,0,muhimbili_tanzania
2022-03-02 10:00:00,29.2,64,21.9,15.2,32.4,0.0,1011.0,639.0,9,,0.47,,0,muhimbili_tanzania
2022-03-02 11:00:00,30.0,60,21.5,14.4,34.2,0.0,1010.6,832.0,28,,0.61,,1,muhimbili_tanzania
2022-03-02 12:00:00,30.9,58,21.5,12.4,32.4,0.0,1010.1,959.0,60,,0.71,,2,muhimbili_tanzania
2022-03-02 13:00:00,31.2,57,21.8,12.7,30.6,0.0,1008.9,1001.0,64,,0.74,,2,muhimbili_tanzania
2022-03-02 14:00:00,31.0,58,21.9,15.3,34.2,0.0,1007.8,944.0,68,,0.7,,2,muhimbili_tanzania
2022-03-02 15:00:00,29.5,65,22.1,18.2,36.7,0.0,1007.5,790.0,23,,0.57,,1,muhimbili_tanzania
2022-03-02 16:00:00,29.1,66,22.1,18.4,38.5,0.1,1007.1,600.0,56,,0.45,,51,muhimbili_tanzania
2022-03-02 17:00:00,28.8,67,22.0,19.3,37.8,0.0,1006.8,345.0,23,,0.3,,1,muhimbili_tanzania
2022-03-02 18:00:00,28.2,68,21.9,18.5,38.2,0.0,1007.1,202.0,13,,0.2,,0,muhimbili_tanzania
2022-03-02 19:00:00,27.5,73,22.1,14.3,34.9,0.0,1007.6,28.0,13,,0.07,,0,muhimbili_tanzania
2022-03-02 20:00:00,27.4,74,22.3,12.8,25.6,0.0,1008.3,0.0,11,,0.05,,0,muhimbili_tanzania
2022-03-02 21:00:00,27.3,74,22.4,11.0,23.0,0.0,1009.6,0.0,13,,0.04,,0,muhimbili_tanzania
2022-03-02 22:00:00,27.0,76,22.5,9.0,19.4,0.0,1010.5,0.0,14,,0.03,,0,muhimbili_tanzania
2022-03-02 23:00:00,26.7,79,22.6,8.7,16.2,0.0,1010.9,0.0,12,,0.02,,0,muhimbili_tanzania
2022-03-03 00:00:00,26.4,80,22.7,8.5,15.5,0.0,1010.5,0.0,5,,0.02,,0,muhimbili_tanzania
2022-03-03 01:00:00,26.0,82,22.8,7.7,15.1,0.0,1010.1,0.0,85,,0.01,,3,muhimbili_tanzania
2022-03-03 02:00:00,25.9,84,22.9,8.4,14.8,0.0,1009.3,0.0,97,,0.01,,3,muhimbili_tanzania
2022-03-03 03:00:00,26.1,84,23.2,9.5,14.8,0.0,1009.3,0.0,100,,0.01,,3,muhimbili_tanzania
2022-03-03 04:00:00,26.1,84,23.2,10.7,18.7,0.1,1009.3,0.0,100,,0.02,,51,muhimbili_tanzania
2022-03-03 05:00:00,25.6,88,23.4,10.1,19.1,0.0,1009.7,0.0,100,,0.01,,3,muhimbili_tanzania
2022-03-03 06:00:00,25.6,87,23.4,9.1,17.6,0.0,1010.0,0.0,96,,0.01,,3,muhimbili_tanzania
2022-03-03 07:00:00,26.0,86,23.5,9.6,16.2,0.0,1010.5,13.0,23,,0.02,,1,muhimbili_tanzania
2022-03-03 08:00:00,27.5,76,22.9,13.9,27.7,0.0,1011.3,167.0,92,,0.14,,3,muhimbili_tanzania
2022-03-03 09:00:00,28.4,72,22.9,15.3,31.7,0.0,1011.8,392.0,98,,0.29,,3,muhimbili_tanzania
2022-03-03 10:00:00,29.2,68,22.7,15.4,33.5,0.0,1011.7,597.0,100,,0.44,,3,muhimbili_tanzania
2022-03-03 11:00:00,30.2,62,22.2,16.8,37.1,0.0,1011.3,841.0,100,,0.61,,3,muhimbili_tanzania
2022-03-03 12:00:00,30.7,60,22.0,15.7,37.4,0.0,1010.7,841.0,100,,0.63,,3,muhimbili_tanzania
2022-03-03 13:00:00,30.8,60,22.0,16.2,37.8,0.0,1009.9,860.0,99,,0.65,,3,muhimbili_tanzania
2022-03-03 14:00:00,30.7,61,22.3,15.9,38.5,0.1,1008.7,892.0,92,,0.66,,51,muhimbili_tanzania
2022-03-03 15:00:00,30.0,60,21.5,17.1,37.8,0.0,1007.9,746.0,100,,0.56,,3,muhimbili_tanzania
2022-03-03 16:00:00,29.3,65,22.0,16.9,37.4,0.0,1007.4,676.0,19,,0.49,,0,muhimbili_tanzania
2022-03-03 17:00:00,28.6,70,22.5,14.6,36.0,0.0,1007.2,427.0,25,,0.32,,1,muhimbili_tanzania
2022-03-03 18:00:00,27.6,75,22.9,14.0,30.2,0.0,1007.9,176.0,27,,0.16,,1,muhimbili_tanzania
2022-03-03 19:00:00,27.1,77,22.9,14.1,27.7,0.0,1008.7,27.0,71,,0.06,,2,muhimbili_tanzania
2022-03-03 20:00:00,27.0,80,23.2,12.8,25.6,0.0,1009.6,0.0,92,,0.03,,3,muhimbili_tanzania
2022-03-03 21:00:00,27.0,79,23.0,13.0,24.1,0.0,1010.2,0.0,93,,0.04,,3,muhimbili_tanzania
2022-03-03 22:00:00,27.0,79,23.0,10.1,23.0,0.0,1011.0,0.0,97,,0.03,,3,muhimbili_tanzania
2022-03-03 23:00:00,27.0,79,23.0,12.0,20.9,0.0,1011.1,0.0,97,,0.03,,3,muhimbili_tanzania
2022-03-04 00:00:00,27.0,79,23.0,10.7,21.6,0.0,1010.6,0.0,87,,0.03,,3,muhimbili_tanzania
2022-03-04 01:00:00,26.6,81,23.0,10.1,18.7,0.0,1009.9,0.0,93,,0.02,,3,muhimbili_tanzania
2022-03-04 02:00:00,26.6,81,23.1,10.1,18.0,0.0,1009.3,0.0,100,,0.02,,3,muhimbili_tanzania
2022-03-04 03:00:00,26.6,77,22.2,12.4,20.9,0.0,1009.3,0.0,97,,0.04,,3,muhimbili_tanzania
2022-03-04 04:00:00,26.5,76,22.0,12.7,23.0,0.0,1009.0,0.0,100,,0.04,,3,muhimbili_tanzania
2022-03-04 05:00:00,26.5,76,22.0,13.0,23.4,0.0,1008.9,0.0,100,,0.04,,3,muhimbili_tanzania
2022-03-04 06:00:00,26.6,76,22.0,11.5,23.4,0.0,1009.5,0.0,95,,0.04,,3,muhimbili_tanzania
2022-03-04 07:00:00,26.6,76,22.1,13.3,23.0,0.0,1010.1,5.0,93,,0.06,,3,muhimbili_tanzania
2022-03-04 08:00:00,27.5,71,21.8,15.8,30.6,0.0,1010.7,134.0,42,,0.15,,1,muhimbili_tanzania
2022-03-04 09:00:00,28.5,66,21.6,15.9,32.8,0.0,1011.1,385.0,17,,0.31,,0,muhimbili_tanzania
2022-03-04 10:00:00,29.5,61,21.2,14.9,33.1,0.0,1011.2,619.0,36,,0.47,,1,muhimbili_tanzania
2022-03-04 11:00:00,30.4,58,21.1,14.9,33.5,0.0,1010.8,801.0,48,,0.6,,1,muhimbili_tanzania
2022-03-04 12:00:00,31.0,55,21.0,12.8,33.5,0.0,1010.0,867.0,40,,0.66,,1,muhimbili_tanzania
2022-03-04 13:00:00,31.6,54,21.1,12.1,30.6,0.0,1008.8,903.0,10,,0.69,,0,muhimbili_tanzania
2022-03-04 14:00:00,31.1,56,21.4,11.4,29.5,0.0,1007.5,869.0,25,,0.66,,1,muhimbili_tanzania
2022-03-04 15:00:00,30.8,59,21.9,12.5,29.5,0.0,1007.3,812.0,100,,0.61,,3,muhimbili_tanzania
2022-03-04 16:00:00,29.6,66,22.6,18.7,37.8,0.0,1007.1,655.0,98,,0.48,,3,muhimbili_tanzania
2022-03-04 17:00:00,28.5,71,22.7,20.8,41.0,0.0,1006.9,374.0,84,,0.3,,3,muhimbili_tanzania
2022-03-04 18:00:00,27.8,74,22.7,18.9,40.3,0.0,1007.3,195.0,79,,0.18,,2,muhimbili_tanzania
2022-03-04 19:00:00,27.4,76,22.7,15.2,36.0,0.0,1008.1,26.0,88,,0.07,,3,muhimbili_tanzania
2022-03-04 20:00:00,27.2,75,22.5,13.7,27.0,0.0,1008.9,0.0,81,,0.05,,3,muhimbili_tanzania
2022-03-04 21:00:00,27.0,76,22.5,11.2,24.1,0.0,1009.4,0.0,89,,0.04,,3,muhimbili_tanzania
2022-03-04 22:00:00,26.9,77,22.5,11.1,20.2,0.0,1009.9,0.0,94,,0.03,,3,muhimbili_tanzania
2022-03-04 23:00:00,26.6,79,22.6,8.6,19.4,0.0,1010.4,0.0,98,,0.02,,3,muhimbili_tanzania
2022-03-05 00:00:00,26.4,81,22.8,8.7,15.8,0.0,1009.9,0.0,99,,0.02,,3,muhimbili_tanzania
2022-03-05 01:00:00,26.4,81,22.8,8.9,15.8,0.0,1009.6,0.0,83,,0.02,,3,muhimbili_tanzania
2022-03-05 02:00:00,26.1,82,22.9,7.8,16.2,0.0,1009.2,0.0,100,,0.01,,3,muhimbili_tanzania
2022-03-05 03:00:00,26.2,79,22.4,10.0,13.7,0.0,1008.8,0.0,99,,0.02,,3,muhimbili_tanzania
2022-03-05 04:00:00,26.4,78,22.4,10.1,18.0,0.0,1008.9,0.0,96,,0.03,,3,muhimbili_tanzania
2022-03-05 05:00:00,26.3,79,22.4,9.3,17.6,0.0,1008.7,0.0,66,,0.02,,2,muhimbili_tanzania
2022-03-05 06:00:00,26.2,80,22.5,9.3,16.6,0.0,1009.3,0.0,96,,0.02,,3,muhimbili_tanzania
2022-03-05 07:00:00,26.6,79,22.6,10.2,17.6,0.0,1009.9,13.0,80,,0.04,,3,muhimbili_tanzania
2022-03-05 08:00:00,27.6,72,22.2,14.5,28.1,0.1,1010.6,159.0,53,,0.15,,51,muhimbili_tanzania
2022-03-05 09:00:00,28.5,69,22.3,15.6,32.4,0.2,1011.1,378.0,83,,0.3,,51,muhimbili_tanzania
2022-03-05 10:00:00,29.0,68,22.4,15.3,32.4,0.2,1011.1,491.0,39,,0.38,,51,muhimbili_tanzania
2022-03-05 11:00:00,29.7,65,22.5,14.0,32.8,0.3,1010.7,695.0,34,,0.52,,51,muhimbili_tanzania
2022-03-05 12:00:00,30.5,62,22.5,13.0,32.0,0.1,1010.1,900.0,16,,0.66,,51,muhimbili_tanzania
2022-03-05 13:00:00,30.9,61,22.5,13.6,32.4,0.0,1009.1,988.0,16,,0.72,,0,muhimbili_tanzania
2022-03-05 14:00:00,30.3,64,22.7,14.9,34.6,0.1,1008.0,941.0,30,,0.68,,51,muhimbili_tanzania
2022-03-05 15:00:00,30.1,60,21.5,18.5,38.9,0.0,1007.6,703.0,16,,0.54,,0,muhimbili_tanzania
2022-03-05 16:00:00,30.0,61,21.6,17.9,38.9,0.0,1007.2,632.0,60,,0.49,,2,muhimbili_tanzania
2022-03-05 17:00:00,28.6,68,22.1,17.3,37.4,0.0,1007.0,334.0,32,,0.28,,1,muhimbili_tanzania
2022-03-05 18:00:00,28.1,70,22.0,17.0,34.9,0.0,1006.9,196.0,93,,0.19,,3,muhimbili_tanzania
2022-03-05 19:00:00,27.5,74,22.3,14.1,32.4,0.0,1007.3,24.0,88,,0.07,,3,muhimbili_tanzania
2022-03-05 20:00:00,27.3,75,22.4,12.8,25.2,0.0,1008.1,0.0,49,,0.05,,1,muhimbili_tanzania
2022-03-05 21:00:00,27.2,75,22.4,11.2,23.0,0.0,1008.8,0.0,20,,0.04,,1,muhimbili_tanzania
2022-03-05 22:00:00,27.1,75,22.4,10.0,20.2,0.0,1009.5,0.0,11,,0.03,,0,muhimbili_tanzania
2022-03-05 23:00:00,27.0,75,22.3,9.3,17.6,0.0,1009.8,0.0,38,,0.03,,1,muhimbili_tanzania
2022-03-06 00:00:00,27.0,75,22.2,10.6,18.7,0.0,1009.4,0.0,96,,0.04,,3,muhimbili_tanzania
2022-03-06 01:00:00,26.9,76,22.3,9.3,18.7,0.0,1009.1,0.0,84,,0.03,,3,muhimbili_tanzania
2022-03-06 02:00:00,26.8,76,22.2,8.9,16.6,0.0,1008.8,0.0,31,,0.03,,1,muhimbili_tanzania
2022-03-06 03:00:00,26.6,75,21.9,11.8,15.8,0.0,1008.2,0.0,25,,0.04,,1,muhimbili_tanzania
2022-03-06 04:00:00,26.6,76,22.0,10.7,20.9,0.0,1007.9,0.0,15,,0.03,,0,muhimbili_tanzania
2022-03-06 05:00:00,26.4,77,22.0,9.6,19.1,0.0,1008.2,0.0,21,,0.03,,1,muhimbili_tanzania
2022-03-06 06:00:00,26.2,78,22.0,9.2,17.3,0.0,1008.7,0.0,20,,0.02,,1,muhimbili_tanzania
2022-03-06 07:00:00,26.5,77,22.0,11.0,18.7,0.0,1009.2,13.0,31,,0.05,,1,muhimbili_tanzania
2022-03-06 08:00:00,27.5,71,21.8,14.7,28.8,0.1,1010.1,167.0,25,,0.16,,51,muhimbili_tanzania
2022-03-06 09:00:00,28.6,63,21.0,15.3,32.0,0.0,1010.7,389.0,26,,0.32,,1,muhimbili_tanzania
2022-03-06 10:00:00,29.5,58,20.5,14.5,32.4,0.0,1010.8,622.0,71,,0.48,,2,muhimbili_tanzania
2022-03-06 11:00:00,30.4,54,20.1,14.7,33.1,0.0,1010.2,815.0,100,,0.62,,3,muhimbili_tanzania
2022-03-06 12:00:00,30.0,59,21.0,13.6,33.5,0.0,1009.8,725.0,100,,0.56,,3,muhimbili_tanzania
2022-03-06 13:00:00,30.3,58,21.0,12.5,31.7,0.0,1008.6,668.0,98,,0.53,,3,muhimbili_tanzania
2022-03-06 14:00:00,30.2,58,21.1,14.1,32.0,0.0,1007.3,648.0,100,,0.52,,3,muhimbili_tanzania
2022-03-06 15:00:00,29.6,62,21.5,15.5,33.8,0.0,1007.0,628.0,88,,0.49,,3,muhimbili_tanzania
2022-03-06 16:00:00,29.1,63,21.5,13.9,33.8,0.0,1007.0,599.0,47,,0.45,,1,muhimbili_tanzania
2022-03-06 17:00:00,28.6,66,21.5,13.4,30.6,0.0,1006.9,422.0,56,,0.33,,2,muhimbili_tanzania
2022-03-06 18:00:00,28.0,68,21.4,13.7,28.4,0.0,1007.0,203.0,35,,0.18,,1,muhimbili_tanzania
2022-03-06 19:00:00,27.4,72,21.9,12.2,27.4,0.0,1007.4,24.0,43,,0.07,,1,muhimbili_tanzania
2022-03-06 20:00:00,27.3,72,21.8,11.6,22.0,0.0,1008.1,0.0,40,,0.05,,1,muhimbili_tanzania
2022-03-06 21:00:00,27.0,73,21.9,9.8,21.6,0.0,1008.9,0.0,40,,0.04,,1,muhimbili_tanzania
2022-03-06 22:00:00,26.9,74,21.9,8.4,17.6,0.0,1009.5,0.0,14,,0.03,,0,muhimbili_tanzania
2022-03-06 23:00:00,26.8,75,22.0,7.8,14.8,0.0,1009.9,0.0,31,,0.02,,1,muhimbili_tanzania
2022-03-07 00:00:00,26.6,76,22.0,8.1,14.4,0.0,1009.7,0.0,49,,0.02,,1,muhimbili_tanzania
2022-03-07 01:00:00,26.5,76,22.0,6.7,14.4,0.0,1009.2,0.0,32,,0.02,,1,muhimbili_tanzania
2022-03-07 02:00:00,26.2,78,22.0,4.9,11.9,0.0,1008.7,0.0,9,,0.01,,0,muhimbili_tanzania
2022-03-07 03:00:00,25.8,79,22.0,4.8,9.0,0.0,1007.9,0.0,9,,0.0,,0,muhimbili_tanzania
2022-03-07 04:00:00,25.7,81,22.1,4.5,7.6,0.0,1007.8,0.0,44,,0.0,,1,muhimbili_tanzania
2022-03-07 05:00:00,25.3,85,22.5,6.2,8.3,0.0,1007.7,0.0,64,,0.0,,2,muhimbili_tanzania
2022-03-07 06:00:00,25.5,85,22.8,4.1,7.6,0.0,1008.5,0.0,73,,0.0,,2,muhimbili_tanzania
2022-03-07 07:00:00,25.6,86,23.1,7.5,11.5,0.0,1009.0,13.0,89,,0.02,,3,muhimbili_tanzania
2022-03-07 08:00:00,27.2,76,22.6,9.5,20.2,0.1,1010.0,167.0,58,,0.13,,51,muhimbili_tanzania
2022-03-07 09:00:00,28.0,73,22.6,10.5,23.8,0.4,1010.5,353.0,46,,0.26,,51,muhimbili_tanzania
2022-03-07 10:00:00,28.6,69,22.4,10.9,26.3,0.4,1010.7,533.0,45,,0.39,,51,muhimbili_tanzania
2022-03-07 11:00:00,29.8,64,22.2,11.4,28.4,0.3,1010.4,784.0,44,,0.57,,51,muhimbili_tanzania
2022-03-07 12:00:00,30.5,60,22.0,10.8,28.4,0.1,1009.6,904.0,31,,0.67,,51,muhimbili_tanzania
2022-03-07 13:00:00,30.8,60,22.0,11.5,29.2,0.1,1008.4,910.0,28,,0.68,,51,muhimbili_tanzania
2022-03-07 14:00:00,30.5,62,22.4,13.3,31.7,0.1,1007.3,931.0,13,,0.68,,51,muhimbili_tanzania
2022-03-07 15:00:00,29.5,69,23.1,14.2,33.1,0.0,1006.6,825.0,9,,0.58,,0,muhimbili_tanzania
2022-03-07 16:00:00,28.9,71,23.1,14.8,32.4,0.0,1006.2,489.0,4,,0.37,,0,muhimbili_tanzania
2022-03-07 17:00:00,28.5,73,23.1,15.1,33.1,0.0,1005.9,438.0,14,,0.32,,0,muhimbili_tanzania
2022-03-07 18:00:00,27.6,75,22.8,14.8,31.7,0.0,1006.4,207.0,9,,0.17,,0,muhimbili_tanzania
2022-03-07 19:00:00,27.1,78,23.0,12.5,28.8,0.0,1006.9,25.0,11,,0.05,,0,muhimbili_tanzania
2022-03-07 20:00:00,27.0,79,23.0,11.2,23.0,0.0,1008.0,0.0,36,,0.03,,1,muhimbili_tanzania
2022-03-07 21:00:00,26.9,79,23.0,9.4,20.2,0.0,1008.9,0.0,28,,0.02,,1,muhimbili_tanzania
2022-03-07 22:00:00,26.8,80,23.0,9.0,16.9,0.0,1009.6,0.0,78,,0.02,,2,muhimbili_tanzania
2022-03-07 23:00:00,26.5,81,23.0,8.8,16.2,0.0,1010.0,0.0,78,,0.02,,2,muhimbili_tanzania
2022-03-08 00:00:00,26.4,82,23.1,7.6,15.5,0.0,1009.7,0.0,69,,0.01,,2,muhimbili_tanzania
2022-03-08 01:00:00,26.2,83,23.1,7.9,14.4,0.0,1009.2,0.0,15,,0.01,,0,muhimbili_tanzania
2022-03-08 02:00:00,26.0,84,23.0,5.2,14.0,0.0,1008.7,0.0,17,,0.0,,0,muhimbili_tanzania
2022-03-08 03:00:00,26.0,84,23.0,5.5,9.0,0.0,1008.0,0.0,37,,0.0,,1,muhimbili_tanzania
2022-03-08 04:00:00,26.2,83,23.1,6.7,11.9,0.0,1007.9,0.0,55,,0.01,,2,muhimbili_tanzania
2022-03-08 05:00:00,26.0,84,23.1,8.0,14.0,0.0,1008.1,0.0,33,,0.01,,1,muhimbili_tanzania
2022-03-08 06:00:00,25.9,85,23.1,8.7,15.8,0.0,1008.4,0.0,81,,0.01,,3,muhimbili_tanzania
2022-03-08 07:00:00,26.1,85,23.3,7.6,15.5,0.0,1008.8,14.0,89,,0.02,,3,muhimbili_tanzania
2022-03-08 08:00:00,27.5,75,22.8,10.4,22.3,0.0,1009.8,179.0,88,,0.14,,3,muhimbili_tanzania
2022-03-08 09:00:00,28.4,71,22.6,11.2,25.6,0.0,1010.3,364.0,89,,0.28,,3,muhimbili_tanzania
2022-03-08 10:00:00,29.1,67,22.4,12.3,28.4,0.1,1010.1,547.0,100,,0.41,,51,muhimbili_tanzania
2022-03-08 11:00:00,29.5,65,22.1,12.1,28.4,0.0,1009.7,510.0,100,,0.4,,3,muhimbili_tanzania
2022-03-08 12:00:00,30.5,59,21.6,14.4,32.8,0.0,1008.6,787.0,99,,0.6,,3,muhimbili_tanzania
2022-03-08 13:00:00,31.5,54,21.0,13.4,33.8,0.0,1007.4,1005.0,89,,0.76,,3,muhimbili_tanzania
2022-03-08 14:00:00,30.8,60,22.0,12.5,32.4,0.1,1006.1,929.0,94,,0.69,,51,muhimbili_tanzania
2022-03-08 15:00:00,30.0,66,22.9,11.7,31.0,0.1,1005.5,864.0,97,,0.62,,51,muhimbili_tanzania
2022-03-08 16:00:00,29.7,66,22.7,14.2,31.0,0.0,1005.2,616.0,75,,0.46,,2,muhimbili_tanzania
2022-03-08 17:00:00,29.0,66,21.9,17.8,36.0,0.0,1005.2,436.0,49,,0.34,,1,muhimbili_tanzania
2022-03-08 18:00:00,28.1,69,22.0,17.7,36.4,0.0,1005.6,208.0,16,,0.2,,0,muhimbili_tanzania
2022-03-08 19:00:00,27.5,74,22.5,14.8,33.8,0.0,1006.1,24.0,100,,0.07,,3,muhimbili_tanzania
2022-03-08 20:00:00,27.5,75,22.7,12.1,26.3,0.0,1007.0,0.0,94,,0.04,,3,muhimbili_tanzania
2022-03-08 21:00:00,27.2,77,22.8,9.5,21.2,0.0,1007.8,0.0,99,,0.03,,3,muhimbili_tanzania
2022-03-08 22:00:00,26.9,79,22.9,7.4,16.9,0.0,1008.5,0.0,100,,0.02,,3,muhimbili_tanzania
2022-03-08 23:00:00,26.8,79,22.9,7.0,13.3,0.0,1008.9,0.0,100,,0.01,,3,muhimbili_tanzania
2022-03-09 00:00:00,26.8,79,22.9,7.2,13.3,0.0,1008.6,0.0,100,,0.01,,3,muhimbili_tanzania
2022-03-09 01:00:00,26.7,80,22.9,7.4,14.0,0.0,1008.1,0.0,100,,0.01,,3,muhimbili_tanzania
2022-03-09 02:00:00,26.5,80,22.9,8.8,15.5,0.0,1007.3,0.0,100,,0.02,,3,muhimbili_tanzania
2022-03-09 03:00:00,26.5,81,23.0,8.0,16.2,0.0,1006.8,0.0,99,,0.01,,3,muhimbili_tanzania
2022-03-09 04:00:00,26.4,82,23.0,7.3,14.0,0.0,1006.8,0.0,100,,0.01,,3,muhimbili_tanzania
2022-03-09 05:00:00,26.2,83,23.1,6.8,13.0,0.0,1007.3,0.0,100,,0.01,,3,muhimbili_tanzania
2022-03-09 06:00:00,26.1,84,23.2,5.9,11.9,0.0,1007.6,0.0,100,,0.0,,3,muhimbili_tanzania
2022-03-09 07:00:00,26.5,84,23.5,6.1,10.1,0.0,1008.6,13.0,90,,0.02,,3,muhimbili_tanzania
2022-03-09 08:00:00,27.9,73,22.7,10.0,20.9,0.0,1009.2,164.0,71,,0.14,,2,muhimbili_tanzania
2022-03-09 09:00:00,28.8,69,22.6,12.0,26.3,0.1,1009.9,377.0,96,,0.29,,51,muhimbili_tanzania
2022-03-09 10:00:00,29.5,67,22.6,13.5,30.6,0.2,1010.0,606.0,40,,0.45,,51,muhimbili_tanzania
2022-03-09 11:00:00,30.1,64,22.5,14.7,33.5,0.2,1009.7,761.0,94,,0.56,,51,muhimbili_tanzania
2022-03-09 12:00:00,31.0,59,22.1,13.2,33.1,0.0,1009.0,884.0,90,,0.66,,3,muhimbili_tanzania
2022-03-09 13:00:00,30.2,63,22.5,15.3,35.3,0.2,1007.8,807.0,97,,0.6,,51,muhimbili_tanzania
2022-03-09 14:00:00,30.5,62,22.2,13.3,34.9,0.1,1006.7,763.0,100,,0.58,,51,muhimbili_tanzania
2022-03-09 15:00:00,31.3,56,21.5,13.8,31.0,0.1,1006.2,728.0,89,,0.57,,51,muhimbili_tanzania
2022-03-09 16:00:00,30.5,59,21.6,14.5,31.7,0.0,1005.7,619.0,100,,0.49,,3,muhimbili_tanzania
2022-03-09 17:00:00,29.0,69,22.7,17.7,35.6,0.0,1005.8,428.0,99,,0.33,,3,muhimbili_tanzania
2022-03-09 18:00:00,28.0,72,22.5,17.6,36.0,0.0,1006.6,206.0,65,,0.19,,2,muhimbili_tanzania
2022-03-09 19:00:00,27.6,74,22.5,14.1,33.1,0.0,1007.3,23.0,99,,0.07,,3,muhimbili_tanzania
2022-03-09 20:00:00,27.5,74,22.5,12.1,25.2,0.0,1008.1,0.0,100,,0.04,,3,muhimbili_tanzania
2022-03-09 21:00:00,27.5,73,22.4,11.0,21.6,0.0,1008.7,0.0,100,,0.04,,3,muhimbili_tanzania
2022-03-09 22:00:00,27.5,73,22.2,10.0,19.8,0.0,1009.2,0.0,100,,0.04,,3,muhimbili_tanzania
2022-03-09 23:00:00,27.5,73,22.2,10.2,18.0,0.0,1009.1,0.0,100,,0.04,,3,muhimbili_tanzania
2022-03-10 00:00:00,27.4,74,22.3,10.1,18.0,0.0,1008.7,0.0,100,,0.04,,3,muhimbili_tanzania
2022-03-10 01:00:00,27.0,76,22.5,11.6,20.5,0.0,1008.2,0.0,100,,0.04,,3,muhimbili_tanzania
2022-03-10 02:00:00,26.9,78,22.6,12.2,22.0,0.0,1007.9,0.0,100,,0.04,,3,muhimbili_tanzania
2022-03-10 03:00:00,26.4,80,22.7,10.2,22.0,0.0,1007.7,0.0,100,,0.02,,3,muhimbili_tanzania
2022-03-10 04:00:00,26.4,81,22.8,9.2,18.4,0.0,1007.7,0.0,100,,0.02,,3,muhimbili_tanzania
2022-03-10 05:00:00,26.3,81,22.8,9.2,16.2,0.0,1008.0,0.0,100,,0.02,,3,muhimbili_tanzania
2022-03-10 06:00:00,26.1,82,22.8,9.9,16.9,0.0,1008.4,0.0,100,,0.02,,3,muhimbili_tanzania
2022-03-10 07:00:00,26.5,81,22.9,12.1,20.5,0.0,1009.3,12.0,100,,0.04,,3,muhimbili_tanzania
2022-03-10 08:00:00,27.6,74,22.5,15.5,29.9,0.0,1010.1,156.0,100,,0.15,,3,muhimbili_tanzania
2022-03-10 09:00:00,28.6,69,22.4,15.5,32.8,0.0,1010.6,400.0,100,,0.31,,3,muhimbili_tanzania
2022-03-10 10:00:00,29.6,65,22.3,15.3,33.8,0.0,1010.9,624.0,100,,0.47,,3,muhimbili_tanzania
2022-03-10 11:00:00,29.9,64,22.3,14.5,33.8,0.0,1010.5,693.0,100,,0.52,,3,muhimbili_tanzania
2022-03-10 12:00:00,30.9,60,22.0,13.4,33.1,0.0,1009.5,873.0,99,,0.65,,3,muhimbili_tanzania
2022-03-10 13:00:00,31.5,56,21.7,13.5,32.4,0.0,1008.4,935.0,92,,0.71,,3,muhimbili_tanzania
2022-03-10 14:00:00,31.6,57,22.0,13.8,32.8,0.0,1007.1,931.0,51,,0.7,,2,muhimbili_tanzania
2022-03-10 15:00:00,30.9,61,22.5,15.1,32.4,0.0,1006.8,693.0,90,,0.54,,3,muhimbili_tanzania
2022-03-10 16:00:00,30.5,62,22.3,17.6,36.7,0.0,1006.5,634.0,79,,0.49,,2,muhimbili_tanzania
2022-03-10 17:00:00,29.4,66,22.5,17.4,37.1,0.0,1006.6,387.0,42,,0.32,,1,muhimbili_tanzania
2022-03-10 18:00:00,28.3,72,22.8,17.1,34.9,0.0,1007.5,199.0,90,,0.18,,3,muhimbili_tanzania
2022-03-10 19:00:00,27.5,75,22.6,15.4,33.5,0.0,1008.2,23.0,46,,0.07,,1,muhimbili_tanzania
2022-03-10 20:00:00,27.3,76,22.6,12.0,28.1,0.0,1008.9,0.0,20,,0.04,,1,muhimbili_tanzania
2022-03-10 21:00:00,27.1,77,22.7,9.7,20.9,0.0,1009.5,0.0,100,,0.03,,3,muhimbili_tanzania
2022-03-10 22:00:00,27.0,77,22.6,9.7,17.6,0.0,1009.7,0.0,99,,0.03,,3,muhimbili_tanzania
2022-03-10 23:00:00,26.9,78,22.8,10.0,18.0,0.0,1010.0,0.0,99,,0.03,,3,muhimbili_tanzania
2022-03-11 00:00:00,26.8,79,22.8,10.0,18.4,0.0,1009.7,0.0,99,,0.03,,3,muhimbili_tanzania
2022-03-11 01:00:00,26.5,80,22.8,9.7,18.0,0.0,1008.9,0.0,100,,0.02,,3,muhimbili_tanzania
2022-03-11 02:00:00,26.5,81,22.9,9.6,17.3,0.0,1008.5,0.0,100,,0.02,,3,muhimbili_tanzania
2022-03-11 03:00:00,26.5,80,22.9,10.2,17.6,0.0,1007.8,0.0,100,,0.02,,3,muhimbili_tanzania
2022-03-11 04:00:00,26.4,81,22.9,10.1,18.0,0.0,1008.0,0.0,100,,0.02,,3,muhimbili_tanzania
2022-03-11 05:00:00,26.4,81,22.9,10.5,19.1,0.0,1008.0,0.0,100,,0.02,,3,muhimbili_tanzania
2022-03-11 06:00:00,26.3,82,22.9,10.2,18.7,0.0,1008.4,0.0,100,,0.02,,3,muhimbili_tanzania
2022-03-11 07:00:00,26.5,81,23.0,11.2,19.4,0.0,1009.0,13.0,100,,0.04,,3,muhimbili_tanzania
2022-03-11 08:00:00,27.9,73,22.6,15.9,31.0,0.1,1009.5,178.0,100,,0.16,,51,muhimbili_tanzania
2022-03-11 09:00:00,28.8,69,22.4,14.5,32.0,0.0,1010.2,371.0,99,,0.29,,3,muhimbili_tanzania
2022-03-11 10:00:00,30.0,62,22.0,12.1,30.6,0.0,1010.5,661.0,100,,0.49,,3,muhimbili_tanzania
2022-03-11 11:00:00,30.3,60,21.7,11.1,28.8,0.0,1010.2,698.0,100,,0.53,,3,muhimbili_tanzania
2022-03-11 12:00:00,31.1,56,21.1,10.7,27.7,0.0,1009.2,815.0,100,,0.63,,3,muhimbili_tanzania
2022-03-11 13:00:00,31.7,55,21.5,13.0,31.3,0.0,1007.9,927.0,99,,0.71,,3,muhimbili_tanzania
2022-03-11 14:00:00,30.8,62,22.8,15.8,36.4,0.0,1007.1,907.0,91,,0.67,,3,muhimbili_tanzania
2022-03-11 15:00:00,30.0,65,22.9,14.2,36.4,0.0,1006.3,744.0,99,,0.55,,3,muhimbili_tanzania
2022-03-11 16:00:00,29.8,66,22.9,14.8,32.8,0.0,1006.0,644.0,100,,0.48,,3,muhimbili_tanzania
2022-03-11 17:00:00,28.8,69,22.5,18.5,37.4,0.0,1006.3,434.0,100,,0.33,,3,muhimbili_tanzania
2022-03-11 18:00:00,28.2,71,22.5,19.0,37.4,0.0,1006.7,206.0,100,,0.19,,3,muhimbili_tanzania
2022-03-11 19:00:00,27.3,76,22.8,17.6,36.7,0.0,1007.2,23.0,99,,0.07,,3,muhimbili_tanzania
2022-03-11 20:00:00,27.2,78,23.0,15.5,32.0,0.0,1008.1,0.0,5,,0.05,,0,muhimbili_tanzania
2022-03-11 21:00:00,27.1,79,23.1,15.5,28.1,0.0,1008.5,0.0,1,,0.05,,0,muhimbili_tanzania
2022-03-11 22:00:00,27.0,79,23.0,13.3,27.7,0.0,1009.2,0.0,14,,0.04,,0,muhimbili_tanzania
2022-03-11 23:00:00,27.0,79,23.0,14.0,25.2,0.0,1009.4,0.0,82,,0.04,,3,muhimbili_tanzania
2022-03-12 00:00:00,26.8,79,22.9,14.8,26.6,0.0,1008.9,0.0,100,,0.04,,3,muhimbili_tanzania
2022-03-12 01:00:00,26.7,79,22.9,16.0,29.2,0.0,1008.1,0.0,100,,0.04,,3,muhimbili_tanzania
2022-03-12 02:00:00,26.5,80,22.8,15.3,29.2,0.0,1007.8,0.0,100,,0.04,,3,muhimbili_tanzania
2022-03-12 03:00:00,26.1,81,22.6,14.4,27.7,0.0,1007.3,0.0,100,,0.03,,3,muhimbili_tanzania
2022-03-12 04:00:00,26.2,80,22.5,15.0,27.0,0.0,1007.1,0.0,100,,0.04,,3,muhimbili_tanzania
2022-03-12 05:00:00,26.1,80,22.5,14.5,27.0,0.0,1007.3,0.0,100,,0.04,,3,muhimbili_tanzania
2022-03-12 06:00:00,26.1,80,22.4,15.1,27.0,0.0,1007.6,0.0,100,,0.04,,3,muhimbili_tanzania
2022-03-12 07:00:00,26.5,78,22.4,16.6,29.2,0.0,1008.4,13.0,100,,0.06,,3,muhimbili_tanzania
2022-03-12 08:00:00,27.5,73,22.2,18.3,34.9,0.0,1009.2,165.0,100,,0.16,,3,muhimbili_tanzania
2022-03-12 09:00:00,28.4,69,22.1,17.1,35.3,0.0,1009.8,379.0,78,,0.3,,2,muhimbili_tanzania
2022-03-12 10:00:00,29.4,65,22.0,16.5,35.6,0.1,1009.9,597.0,100,,0.45,,51,muhimbili_tanzania
2022-03-12 11:00:00,30.4,60,21.9,15.8,35.6,0.2,1009.5,805.0,100,,0.6,,51,muhimbili_tanzania
2022-03-12 12:00:00,31.2,56,21.2,16.6,36.7,0.1,1008.4,897.0,99,,0.68,,51,muhimbili_tanzania
2022-03-12 13:00:00,31.7,53,20.9,18.1,38.9,0.0,1007.3,868.0,100,,0.68,,3,muhimbili_tanzania
2022-03-12 14:00:00,31.6,52,20.8,17.0,39.2,0.0,1006.2,898.0,100,,0.7,,3,muhimbili_tanzania
2022-03-12 15:00:00,30.6,60,22.0,17.9,37.4,0.0,1005.6,751.0,99,,0.57,,3,muhimbili_tanzania
2022-03-12 16:00:00,29.6,66,22.5,18.7,38.9,0.0,1005.2,609.0,99,,0.46,,3,muhimbili_tanzania
2022-03-12 17:00:00,28.8,69,22.5,19.9,40.0,0.0,1004.9,441.0,98,,0.34,,3,muhimbili_tanzania
2022-03-12 18:00:00,28.0,73,22.6,17.6,39.2,0.0,1005.1,203.0,99,,0.18,,3,muhimbili_tanzania
2022-03-12 19:00:00,27.4,75,22.6,16.0,33.1,0.0,1005.7,23.0,100,,0.07,,3,muhimbili_tanzania
2022-03-12 20:00:00,27.2,76,22.5,14.9,28.8,0.0,1006.4,0.0,100,,0.05,,3,muhimbili_tanzania
2022-03-12 21:00:00,27.1,76,22.5,13.5,26.6,0.0,1007.1,0.0,98,,0.04,,3,muhimbili_tanzania
2022-03-12 22:00:00,27.0,76,22.5,12.5,23.8,0.0,1008.1,0.0,99,,0.04,,3,muhimbili_tanzania
2022-03-12 23:00:00,27.0,76,22.5,11.4,22.3,0.0,1008.6,0.0,93,,0.04,,3,muhimbili_tanzania
2022-03-13 00:00:00,26.8,77,22.5,9.6,20.2,0.0,1008.3,0.0,96,,0.03,,3,muhimbili_tanzania
2022-03-13 01:00:00,26.5,78,22.5,9.4,17.3,0.0,1007.7,0.0,93,,0.02,,3,muhimbili_tanzania
2022-03-13 02:00:00,26.4,79,22.5,8.7,16.9,0.0,1007.4,0.0,96,,0.02,,3,muhimbili_tanzania
2022-03-13 03:00:00,26.2,79,22.3,8.5,16.2,0.0,1006.8,0.0,88,,0.02,,3,muhimbili_tanzania
2022-03-13 04:00:00,26.2,79,22.2,8.7,15.5,0.0,1007.0,0.0,54,,0.02,,2,muhimbili_tanzania
2022-03-13 05:00:00,26.2,79,22.3,8.2,15.8,0.0,1007.1,0.0,46,,0.02,,1,muhimbili_tanzania
2022-03-13 06:00:00,26.0,81,22.4,7.4,14.8,0.0,1007.7,0.0,78,,0.01,,2,muhimbili_tanzania
2022-03-13 07:00:00,26.0,82,22.8,9.0,14.8,0.0,1008.4,13.0,76,,0.03,,2,muhimbili_tanzania
2022-03-13 08:00:00,27.5,73,22.2,12.0,24.5,0.1,1009.1,171.0,92,,0.15,,51,muhimbili_tanzania
2022-03-13 09:00:00,28.6,67,21.9,12.4,28.1,0.0,1009.7,422.0,92,,0.32,,3,muhimbili_tanzania
2022-03-13 10:00:00,29.5,62,21.5,13.2,30.2,0.0,1010.1,634.0,98,,0.47,,3,muhimbili_tanzania
2022-03-13 11:00:00,30.1,58,21.0,13.2,31.7,0.0,1009.6,818.0,94,,0.61,,3,muhimbili_tanzania
2022-03-13 12:00:00,31.0,53,20.4,13.3,32.4,0.0,1008.8,976.0,94,,0.73,,3,muhimbili_tanzania
2022-03-13 13:00:00,31.6,53,21.0,13.1,32.4,0.0,1007.6,1038.0,78,,0.78,,2,muhimbili_tanzania
2022-03-13 14:00:00,31.2,57,21.7,13.8,33.1,0.0,1006.6,1009.0,49,,0.75,,1,muhimbili_tanzania
2022-03-13 15:00:00,30.4,61,22.0,12.6,34.6,0.0,1006.3,895.0,0,,0.65,,0,muhimbili_tanzania
2022-03-13 16:00:00,29.6,64,22.1,17.2,36.4,0.0,1005.7,709.0,19,,0.52,,0,muhimbili_tanzania
2022-03-13 17:00:00,28.9,67,22.2,17.5,37.4,0.0,1005.7,477.0,25,,0.36,,1,muhimbili_tanzania
2022-03-13 18:00:00,27.9,72,22.5,15.5,35.6,0.0,1006.0,220.0,73,,0.18,,2,muhimbili_tanzania
2022-03-13 19:00:00,27.0,77,22.6,14.1,30.2,0.0,1006.5,23.0,89,,0.06,,3,muhimbili_tanzania
2022-03-13 20:00:00,26.8,78,22.6,12.4,25.9,0.0,1007.4,0.0,80,,0.04,,3,muhimbili_tanzania
2022-03-13 21:00:00,26.7,79,22.7,11.4,22.3,0.0,1008.5,0.0,100,,0.03,,3,muhimbili_tanzania
2022-03-13 22:00:00,26.5,80,22.8,11.6,20.9,0.0,1009.1,0.0,100,,0.03,,3,muhimbili_tanzania
2022-03-13 23:00:00,26.2,82,22.9,10.1,20.5,0.0,1009.6,0.0,98,,0.02,,3,muhimbili_tanzania
2022-03-14 00:00:00,26.0,83,22.9,8.4,18.0,0.0,1009.4,0.0,91,,0.01,,3,muhimbili_tanzania
2022-03-14 01:00:00,25.8,84,22.9,7.3,15.1,0.0,1009.1,0.0,83,,0.01,,3,muhimbili_tanzania
2022-03-14 02:00:00,25.8,84,22.8,6.7,13.7,0.0,1008.6,0.0,71,,0.01,,2,muhimbili_tanzania
2022-03-14 03:00:00,26.1,82,22.8,7.1,12.2,0.0,1008.5,0.0,38,,0.01,,1,muhimbili_tanzania
2022-03-14 04:00:00,26.0,83,22.9,5.8,13.0,0.0,1008.8,0.0,30,,0.0,,1,muhimbili_tanzania
2022-03-14 05:00:00,25.7,86,23.1,5.2,10.8,0.1,1009.1,0.0,45,,0.0,,51,muhimbili_tanzania
2022-03-14 06:00:00,25.2,89,23.4,4.0,9.4,0.1,1009.9,0.0,81,,0.0,,51,muhimbili_tanzania
2022-03-14 07:00:00,25.9,87,23.6,6.6,9.7,0.1,1010.3,12.0,82,,0.02,,51,muhimbili_tanzania
2022-03-14 08:00:00,27.1,78,22.9,8.7,18.7,0.1,1011.0,140.0,100,,0.12,,51,muhimbili_tanzania
2022-03-14 09:00:00,28.4,71,22.5,10.2,23.4,0.0,1011.5,360.0,100,,0.27,,3,muhimbili_tanzania
2022-03-14 10:00:00,29.5,65,22.2,11.0,26.6,0.0,1011.6,565.0,100,,0.43,,3,muhimbili_tanzania
2022-03-14 11:00:00,30.5,60,22.0,11.3,28.8,0.0,1011.1,817.0,100,,0.61,,3,muhimbili_tanzania
2022-03-14 12:00:00,31.2,58,22.0,11.4,29.2,0.0,1010.0,916.0,100,,0.69,,3,muhimbili_tanzania
2022-03-14 13:00:00,31.1,58,21.8,13.0,31.3,0.0,1008.8,807.0,91,,0.62,,3,muhimbili_tanzania
2022-03-14 14:00:00,31.1,59,22.0,16.0,36.0,0.0,1007.8,976.0,77,,0.72,,2,muhimbili_tanzania
2022-03-14 15:00:00,30.2,64,22.8,17.9,38.5,0.0,1007.4,886.0,100,,0.63,,3,muhimbili_tanzania
2022-03-14 16:00:00,29.7,65,22.4,17.5,38.9,0.0,1007.1,652.0,100,,0.48,,3,muhimbili_tanzania
2022-03-14 17:00:00,29.0,70,23.0,19.0,37.8,0.0,1007.2,410.0,100,,0.32,,3,muhimbili_tanzania
2022-03-14 18:00:00,27.9,73,22.6,18.4,38.2,0.0,1007.5,178.0,100,,0.17,,3,muhimbili_tanzania
2022-03-14 19:00:00,27.3,77,22.9,16.3,35.3,0.0,1007.7,18.0,100,,0.07,,3,muhimbili_tanzania
2022-03-14 20:00:00,27.1,77,22.8,16.4,30.2,0.0,1008.4,0.0,23,,0.05,,1,muhimbili_tanzania
2022-03-14 21:00:00,27.0,78,22.8,15.1,29.9,0.0,1009.1,0.0,17,,0.05,,0,muhimbili_tanzania
2022-03-14 22:00:00,26.8,79,22.8,11.9,27.0,0.0,1010.0,0.0,100,,0.03,,3,muhimbili_tanzania
2022-03-14 23:00:00,26.6,79,22.8,11.4,20.9,0.0,1010.2,0.0,96,,0.03,,3,muhimbili_tanzania
2022-03-15 00:00:00,26.5,79,22.6,11.1,20.5,0.0,1010.0,0.0,99,,0.03,,3,muhimbili_tanzania
2022-03-15 01:00:00,26.5,79,22.5,12.3,22.3,0.0,1009.4,0.0,98,,0.03,,3,muhimbili_tanzania
2022-03-15 02:00:00,26.5,78,22.5,11.7,22.3,0.0,1009.0,0.0,97,,0.03,,3,muhimbili_tanzania
2022-03-15 03:00:00,26.4,79,22.4,11.6,21.2,0.0,1009.0,0.0,94,,0.03,,3,muhimbili_tanzania
2022-03-15 04:00:00,26.4,79,22.4,10.4,20.5,0.0,1008.8,0.0,58,,0.03,,2,muhimbili_tanzania
2022-03-15 05:00:00,26.1,80,22.5,10.8,19.4,0.0,1008.9,0.0,91,,0.03,,3,muhimbili_tanzania
2022-03-15 06:00:00,26.0,81,22.6,9.0,19.1,0.0,1009.3,0.0,82,,0.02,,3,muhimbili_tanzania
2022-03-15 07:00:00,26.2,81,22.7,10.8,18.4,0.0,1009.8,14.0,36,,0.04,,1,muhimbili_tanzania
2022-03-15 08:00:00,27.5,73,22.2,14.1,28.1,0.0,1010.5,173.0,73,,0.15,,2,muhimbili_tanzania
2022-03-15 09:00:00,28.7,67,22.0,15.5,32.4,0.0,1011.2,401.0,100,,0.31,,3,muhimbili_tanzania
2022-03-15 10:00:00,29.6,63,21.8,16.3,35.3,0.0,1011.1,603.0,100,,0.46,,3,muhimbili_tanzania
2022-03-15 11:00:00,30.5,57,21.2,15.5,36.4,0.0,1010.3,832.0,100,,0.62,,3,muhimbili_tanzania
2022-03-15 12:00:00,32.0,51,20.5,13.0,34.9,0.0,1009.4,962.0,100,,0.74,,3,muhimbili_tanzania
2022-03-15 13:00:00,32.3,53,21.4,14.1,33.1,0.0,1008.1,937.0,99,,0.73,,3,muhimbili_tanzania
2022-03-15 14:00:00,31.8,57,22.1,13.8,33.5,0.0,1006.9,847.0,100,,0.66,,3,muhimbili_tanzania
2022-03-15 15:00:00,30.9,61,22.4,14.1,33.5,0.0,1006.5,861.0,17,,0.64,,0,muhimbili_tanzania
2022-03-15 16:00:00,30.2,64,22.6,15.4,33.5,0.0,1005.7,633.0,20,,0.48,,1,muhimbili_tanzania
2022-03-15 17:00:00,29.1,68,22.8,19.4,38.9,0.0,1005.0,459.0,63,,0.35,,2,muhimbili_tanzania
2022-03-15 18:00:00,28.0,73,22.9,20.0,39.2,0.0,1005.1,206.0,1,,0.19,,0,muhimbili_tanzania
2022-03-15 19:00:00,27.5,76,22.9,16.7,37.8,0.0,1005.6,21.0,1,,0.07,,0,muhimbili_tanzania
2022-03-15 20:00:00,27.3,77,22.9,15.7,31.0,0.0,1006.7,0.0,1,,0.05,,0,muhimbili_tanzania
2022-03-15 21:00:00,27.0,78,22.9,14.3,28.8,0.0,1007.4,0.0,2,,0.04,,0,muhimbili_tanzania
2022-03-15 22:00:00,26.9,79,22.9,11.7,25.2,0.0,1008.3,0.0,7,,0.03,,0,muhimbili_tanzania
2022-03-15 23:00:00,26.7,79,22.8,11.4,21.2,0.0,1008.8,0.0,8,,0.03,,0,muhimbili_tanzania
2022-03-16 00:00:00,26.7,79,22.8,14.0,24.8,0.0,1008.3,0.0,61,,0.04,,2,muhimbili_tanzania
2022-03-16 01:00:00,26.8,78,22.6,13.0,24.8,0.0,1007.9,0.0,100,,0.04,,3,muhimbili_tanzania
2022-03-16 02:00:00,26.8,78,22.6,13.0,24.1,0.0,1007.7,0.0,99,,0.04,,3,muhimbili_tanzania
2022-03-16 03:00:00,26.6,77,22.4,13.0,23.8,0.0,1007.8,0.0,100,,0.04,,3,muhimbili_tanzania
2022-03-16 04:00:00,26.6,78,22.4,12.9,23.8,0.0,1007.9,0.0,70,,0.04,,2,muhimbili_tanzania
2022-03-16 05:00:00,26.5,79,22.5,11.9,23.8,0.0,1007.8,0.0,12,,0.03,,0,muhimbili_tanzania
2022-03-16 06:00:00,26.2,80,22.6,7.7,21.2,0.0,1008.2,0.0,12,,0.01,,0,muhimbili_tanzania
2022-03-16 07:00:00,26.5,79,22.7,8.4,13.7,0.0,1008.7,15.0,24,,0.03,,1,muhimbili_tanzania
2022-03-16 08:00:00,28.1,70,22.0,11.5,24.1,0.0,1009.5,185.0,48,,0.16,,1,muhimbili_tanzania
2022-03-16 09:00:00,29.2,64,21.8,14.1,29.9,0.0,1009.9,422.0,100,,0.33,,3,muhimbili_tanzania
2022-03-16 10:00:00,30.0,61,21.6,15.3,33.8,0.0,1010.1,600.0,100,,0.46,,3,muhimbili_tanzania
2022-03-16 11:00:00,30.8,57,21.4,15.6,35.6,0.0,1009.6,779.0,100,,0.6,,3,muhimbili_tanzania
2022-03-16 12:00:00,31.6,54,21.2,14.9,35.3,0.0,1008.5,877.0,100,,0.68,,3,muhimbili_tanzania
2022-03-16 13:00:00,32.0,55,21.8,13.6,34.6,0.0,1007.1,864.0,100,,0.67,,3,muhimbili_tanzania
2022-03-16 14:00:00,31.6,58,22.4,12.5,32.4,0.0,1005.5,804.0,41,,0.62,,1,muhimbili_tanzania
2022-03-16 15:00:00,31.1,59,22.2,12.4,31.0,0.0,1004.9,738.0,36,,0.57,,1,muhimbili_tanzania
2022-03-16 16:00:00,29.9,65,22.7,15.8,34.2,0.0,1004.2,573.0,28,,0.44,,1,muhimbili_tanzania
2022-03-16 17:00:00,29.2,68,22.8,19.2,37.8,0.0,1004.4,388.0,19,,0.32,,0,muhimbili_tanzania
2022-03-16 18:00:00,28.5,72,22.9,18.5,38.9,0.0,1004.7,193.0,15,,0.19,,0,muhimbili_tanzania
2022-03-16 19:00:00,27.9,76,23.2,16.3,35.6,0.0,1005.5,19.0,20,,0.07,,1,muhimbili_tanzania
2022-03-16 20:00:00,27.8,76,23.1,15.9,30.2,0.0,1006.3,0.0,22,,0.06,,1,muhimbili_tanzania
2022-03-16 21:00:00,27.8,76,23.1,13.1,29.5,0.0,1007.4,0.0,34,,0.04,,1,muhimbili_tanzania
2022-03-16 22:00:00,27.6,78,23.4,14.5,25.9,0.0,1007.8,0.0,60,,0.05,,2,muhimbili_tanzania
2022-03-16 23:00:00,27.5,79,23.4,13.0,26.6,0.0,1008.1,0.0,43,,0.04,,1,muhimbili_tanzania
2022-03-17 00:00:00,27.1,80,23.5,10.8,23.8,0.0,1007.9,0.0,64,,0.03,,2,muhimbili_tanzania
2022-03-17 01:00:00,27.0,81,23.5,8.7,19.4,0.0,1007.4,0.0,80,,0.02,,3,muhimbili_tanzania
2022-03-17 02:00:00,26.9,82,23.6,8.1,16.2,0.0,1007.0,0.0,70,,0.01,,2,muhimbili_tanzania
2022-03-17 03:00:00,27.0,82,23.6,8.1,14.4,0.0,1006.0,0.0,54,,0.01,,2,muhimbili_tanzania
2022-03-17 04:00:00,27.0,82,23.5,8.7,15.1,0.0,1005.8,0.0,31,,0.02,,1,muhimbili_tanzania
2022-03-17 05:00:00,26.9,82,23.5,9.4,16.6,0.1,1006.5,0.0,75,,0.02,,51,muhimbili_tanzania
2022-03-17 06:00:00,26.9,82,23.6,9.5,16.9,0.1,1007.1,0.0,92,,0.02,,51,muhimbili_tanzania
2022-03-17 07:00:00,27.0,82,23.6,11.2,19.8,0.1,1008.0,12.0,94,,0.04,,51,muhimbili_tanzania
2022-03-17 08:00:00,27.7,78,23.5,13.6,27.0,0.1,1009.0,140.0,98,,0.13,,51,muhimbili_tanzania
2022-03-17 09:00:00,28.9,72,23.4,15.1,31.7,0.2,1009.7,381.0,98,,0.29,,51,muhimbili_tanzania
2022-03-17 10:00:00,29.6,69,23.3,15.0,33.1,0.1,1009.8,553.0,97,,0.42,,51,muhimbili_tanzania
2022-03-17 11:00:00,30.7,64,23.0,15.3,34.2,0.1,1009.6,727.0,98,,0.55,,51,muhimbili_tanzania
2022-03-17 12:00:00,31.4,62,23.1,15.9,35.6,0.1,1008.9,851.0,94,,0.64,,51,muhimbili_tanzania
2022-03-17 13:00:00,30.9,64,23.2,15.3,36.4,0.0,1007.8,975.0,63,,0.71,,2,muhimbili_tanzania
2022-03-17 14:00:00,30.4,66,23.3,19.0,39.2,0.1,1006.5,620.0,92,,0.48,,51,muhimbili_tanzania
2022-03-17 15:00:00,30.2,65,22.9,17.9,42.5,0.1,1006.8,778.0,100,,0.57,,51,muhimbili_tanzania
2022-03-17 16:00:00,29.5,68,23.0,19.5,40.3,0.1,1006.2,643.0,82,,0.47,,51,muhimbili_tanzania
2022-03-17 17:00:00,28.5,72,23.0,18.5,40.3,0.0,1006.2,360.0,59,,0.29,,2,muhimbili_tanzania
2022-03-17 18:00:00,28.0,74,23.0,16.9,36.7,0.0,1006.8,182.0,72,,0.17,,2,muhimbili_tanzania
2022-03-17 19:00:00,27.5,76,23.0,16.1,32.8,0.0,1007.4,19.0,59,,0.07,,2,muhimbili_tanzania
2022-03-17 20:00:00,27.5,77,23.0,12.8,29.5,0.0,1008.7,0.0,53,,0.04,,2,muhimbili_tanzania
2022-03-17 21:00:00,27.4,77,23.0,10.8,23.0,0.0,1009.6,0.0,76,,0.03,,2,muhimbili_tanzania
2022-03-17 22:00:00,27.4,77,23.0,11.1,20.5,0.0,1010.3,0.0,38,,0.03,,1,muhimbili_tanzania
2022-03-17 23:00:00,27.3,77,23.0,10.7,20.2,0.0,1010.5,0.0,50,,0.03,,2,muhimbili_tanzania
2022-03-18 00:00:00,27.0,79,23.0,7.9,19.1,0.0,1010.1,0.0,33,,0.02,,1,muhimbili_tanzania
2022-03-18 01:00:00,26.9,80,23.1,5.9,13.7,0.0,1009.7,0.0,43,,0.01,,1,muhimbili_tanzania
2022-03-18 02:00:00,26.6,81,23.2,4.0,10.8,0.0,1009.4,0.0,21,,0.0,,1,muhimbili_tanzania
2022-03-18 03:00:00,26.6,83,23.5,6.9,9.4,0.1,1009.1,0.0,24,,0.01,,51,muhimbili_tanzania
2022-03-18 04:00:00,26.2,87,24.0,7.2,15.8,0.7,1009.2,0.0,71,,0.0,,53,muhimbili_tanzania
2022-03-18 05:00:00,25.6,91,24.0,6.8,12.2,0.3,1009.5,0.0,91,,0.0,,51,muhimbili_tanzania
2022-03-18 06:00:00,25.7,90,24.0,3.6,11.9,0.0,1010.0,0.0,87,,0.0,,3,muhimbili_tanzania
2022-03-18 07:00:00,26.0,91,24.3,6.5,10.4,0.0,1010.5,11.0,63,,0.02,,2,muhimbili_tanzania
2022-03-18 08:00:00,26.9,82,23.6,8.4,18.4,0.1,1011.7,135.0,63,,0.11,,51,muhimbili_tanzania
2022-03-18 09:00:00,28.2,75,23.3,11.0,24.8,0.1,1012.5,355.0,58,,0.26,,51,muhimbili_tanzania
2022-03-18 10:00:00,29.1,69,22.9,10.9,26.3,0.1,1012.4,537.0,54,,0.4,,51,muhimbili_tanzania
2022-03-18 11:00:00,30.0,65,22.8,10.8,27.4,0.1,1012.1,719.0,46,,0.53,,51,muhimbili_tanzania
2022-03-18 12:00:00,31.0,60,22.4,12.4,30.6,0.0,1011.0,892.0,73,,0.67,,2,muhimbili_tanzania
2022-03-18 13:00:00,31.1,59,22.1,12.8,31.3,0.0,1009.7,877.0,88,,0.66,,3,muhimbili_tanzania
2022-03-18 14:00:00,30.8,63,23.0,15.5,35.3,0.1,1008.5,951.0,97,,0.69,,51,muhimbili_tanzania
2022-03-18 15:00:00,29.7,70,23.6,13.2,37.1,1.6,1008.2,879.0,99,,0.62,,61,muhimbili_tanzania
2022-03-18 16:00:00,29.6,69,23.4,13.6,31.3,0.0,1008.1,612.0,94,,0.45,,3,muhimbili_tanzania
2022-03-18 17:00:00,28.7,72,23.1,13.7,30.6,0.0,1008.3,450.0,77,,0.33,,2,muhimbili_tanzania
2022-03-18 18:00:00,28.0,75,23.2,13.0,29.5,0.0,1008.9,163.0,81,,0.15,,3,muhimbili_tanzania
2022-03-18 19:00:00,27.5,79,23.6,11.6,25.9,0.0,1009.5,17.0,90,,0.05,,3,muhimbili_tanzania
2022-03-18 20:00:00,27.4,81,23.8,10.4,22.0,0.0,1010.2,0.0,30,,0.02,,1,muhimbili_tanzania
2022-03-18 21:00:00,27.2,81,23.8,10.6,19.1,0.0,1011.0,0.0,77,,0.02,,2,muhimbili_tanzania
2022-03-18 22:00:00,27.1,82,23.8,9.2,19.1,0.0,1011.9,0.0,96,,0.02,,3,muhimbili_tanzania
2022-03-18 23:00:00,27.0,82,23.8,8.2,16.6,0.0,1012.2,0.0,100,,0.01,,3,muhimbili_tanzania
2022-03-19 00:00:00,27.0,83,23.8,7.0,14.4,0.0,1011.7,0.0,99,,0.01,,3,muhimbili_tanzania
2022-03-19 01:00:00,26.8,83,23.7,6.1,12.6,0.0,1011.3,0.0,100,,0.01,,3,muhimbili_tanzania
2022-03-19 02:00:00,26.5,85,23.8,5.8,11.2,0.0,1010.8,0.0,100,,0.0,,3,muhimbili_tanzania
2022-03-19 03:00:00,26.8,83,23.6,8.0,11.2,0.0,1010.1,0.0,93,,0.01,,3,muhimbili_tanzania
2022-03-19 04:00:00,26.9,82,23.6,7.2,14.8,0.0,1010.1,0.0,95,,0.01,,3,muhimbili_tanzania
2022-03-19 05:00:00,26.8,83,23.7,7.3,13.0,0.0,1010.4,0.0,100,,0.01,,3,muhimbili_tanzania
2022-03-19 06:00:00,26.6,84,23.7,8.0,13.7,0.0,1010.8,0.0,98,,0.01,,3,muhimbili_tanzania
2022-03-19 07:00:00,26.9,82,23.6,9.5,16.9,0.0,1011.4,15.0,95,,0.03,,3,muhimbili_tanzania
2022-03-19 08:00:00,28.3,74,23.1,11.9,24.1,0.0,1011.9,175.0,100,,0.15,,3,muhimbili_tanzania
2022-03-19 09:00:00,29.5,67,22.9,13.0,28.4,0.0,1012.1,417.0,100,,0.32,,3,muhimbili_tanzania
2022-03-19 10:00:00,30.0,65,22.6,13.1,30.2,0.0,1012.1,546.0,100,,0.42,,3,muhimbili_tanzania
2022-03-19 11:00:00,30.8,60,22.0,10.5,29.9,0.1,1012.2,738.0,89,,0.56,,51,muhimbili_tanzania
2022-03-19 12:00:00,31.4,55,21.1,7.9,27.0,0.0,1011.1,767.0,99,,0.59,,3,muhimbili_tanzania
2022-03-19 13:00:00,31.1,56,21.4,12.1,28.8,0.0,1010.0,705.0,100,,0.56,,3,muhimbili_tanzania
2022-03-19 14:00:00,29.7,69,23.5,15.3,32.8,0.0,1008.3,490.0,100,,0.39,,3,muhimbili_tanzania
2022-03-19 15:00:00,29.6,69,23.4,13.2,33.5,0.5,1008.1,662.0,100,,0.49,,53,muhimbili_tanzania
2022-03-19 16:00:00,29.9,67,23.2,11.9,29.9,0.0,1007.6,544.0,92,,0.41,,3,muhimbili_tanzania
2022-03-19 17:00:00,29.4,71,23.6,12.2,27.4,0.0,1007.9,412.0,92,,0.31,,3,muhimbili_tanzania
2022-03-19 18:00:00,28.4,75,23.5,11.3,27.0,0.0,1007.9,188.0,73,,0.15,,2,muhimbili_tanzania
2022-03-19 19:00:00,27.7,79,23.6,9.4,23.0,0.0,1008.6,17.0,99,,0.04,,3,muhimbili_tanzania
2022-03-19 20:00:00,27.5,81,24.0,8.9,17.3,0.0,1009.4,0.0,99,,0.02,,3,muhimbili_tanzania
2022-03-19 21:00:00,27.4,82,24.0,7.6,15.8,0.0,1010.3,0.0,100,,0.01,,3,muhimbili_tanzania
2022-03-19 22:00:00,27.2,83,24.0,5.4,13.3,0.0,1011.3,0.0,100,,0.0,,3,muhimbili_tanzania
2022-03-19 23:00:00,26.6,87,24.4,4.3,9.7,0.0,1011.7,0.0,99,,0.0,,3,muhimbili_tanzania
2022-03-20 00:00:00,26.6,87,24.4,3.2,6.1,0.0,1011.0,0.0,100,,0.0,,3,muhimbili_tanzania
2022-03-20 01:00:00,26.8,86,24.3,3.4,6.8,0.0,1010.1,0.0,90,,0.0,,3,muhimbili_tanzania
2022-03-20 02:00:00,26.3,88,24.2,4.4,6.5,0.0,1009.5,0.0,96,,0.0,,3,muhimbili_tanzania
2022-03-20 03:00:00,26.2,90,24.5,5.5,5.8,0.0,1009.4,0.0,99,,0.0,,3,muhimbili_tanzania
2022-03-20 04:00:00,26.2,89,24.2,4.9,8.3,0.4,1009.8,0.0,100,,0.0,,51,muhimbili_tanzania
2022-03-20 05:00:00,26.2,90,24.5,6.1,10.8,0.0,1010.0,0.0,100,,0.0,,3,muhimbili_tanzania
2022-03-20 06:00:00,26.1,90,24.5,6.6,11.9,0.0,1010.2,0.0,100,,0.0,,3,muhimbili_tanzania
2022-03-20 07:00:00,26.2,90,24.4,4.0,11.9,0.1,1011.1,13.0,100,,0.01,,51,muhimbili_tanzania
2022-03-20 08:00:00,27.0,83,23.9,3.1,11.2,0.2,1011.5,140.0,100,,0.1,,51,muhimbili_tanzania
2022-03-20 09:00:00,27.5,80,23.7,5.8,17.3,0.1,1012.4,246.0,100,,0.18,,51,muhimbili_tanzania
2022-03-20 10:00:00,28.5,74,23.4,3.2,16.9,0.2,1012.2,393.0,100,,0.29,,51,muhimbili_tanzania
2022-03-20 11:00:00,30.4,66,23.2,0.5,16.6,0.2,1011.6,748.0,100,,0.56,,51,muhimbili_tanzania
2022-03-20 12:00:00,31.5,59,22.5,4.8,19.8,0.1,1010.5,920.0,100,,0.69,,51,muhimbili_tanzania
2022-03-20 13:00:00,31.0,63,23.0,8.9,25.9,0.2,1009.4,795.0,100,,0.6,,51,muhimbili_tanzania
2022-03-20 14:00:00,29.8,73,24.4,17.2,37.1,0.3,1008.3,719.0,100,,0.51,,51,muhimbili_tanzania
2022-03-20 15:00:00,29.3,72,23.7,14.1,38.5,0.0,1007.7,573.0,99,,0.43,,3,muhimbili_tanzania
2022-03-20 16:00:00,29.4,72,23.8,14.5,31.7,0.1,1007.1,497.0,99,,0.37,,51,muhimbili_tanzania
2022-03-20 17:00:00,28.8,76,24.2,17.8,35.6,0.0,1007.1,388.0,95,,0.29,,3,muhimbili_tanzania
2022-03-20 18:00:00,27.8,80,24.0,16.2,36.0,0.0,1007.8,171.0,28,,0.14,,1,muhimbili_tanzania
2022-03-20 19:00:00,26.9,81,23.4,12.8,31.0,0.1,1009.1,11.0,100,,0.05,,51,muhimbili_tanzania
2022-03-20 20:00:00,26.8,82,23.5,11.1,25.6,0.1,1009.7,0.0,100,,0.02,,51,muhimbili_tanzania
2022-03-20 21:00:00,26.6,83,23.5,9.6,21.2,0.0,1010.2,0.0,54,,0.02,,2,muhimbili_tanzania
2022-03-20 22:00:00,26.2,86,23.6,9.5,18.7,0.0,1011.0,0.0,47,,0.01,,1,muhimbili_tanzania
2022-03-20 23:00:00,25.8,88,23.7,9.7,17.6,0.0,1011.4,0.0,48,,0.01,,1,muhimbili_tanzania
2022-03-21 00:00:00,25.5,91,23.9,7.0,17.6,0.0,1011.0,0.0,97,,0.0,,3,muhimbili_tanzania
2022-03-21 01:00:00,24.9,92,23.5,9.2,17.6,0.7,1010.6,0.0,100,,0.0,,53,muhimbili_tanzania
2022-03-21 02:00:00,25.0,93,23.6,4.3,17.3,0.7,1009.6,0.0,100,,0.0,,53,muhimbili_tanzania
2022-03-21 03:00:00,24.9,90,23.1,5.7,13.0,0.3,1009.5,0.0,100,,0.0,,51,muhimbili_tanzania
2022-03-21 04:00:00,24.9,89,23.0,6.5,11.2,0.1,1009.5,0.0,100,,0.0,,51,muhimbili_tanzania
2022-03-21 05:00:00,24.0,93,22.8,3.8,14.4,3.6,1010.4,0.0,100,,0.0,,63,muhimbili_tanzania
2022-03-21 06:00:00,24.0,91,22.4,3.6,10.4,0.1,1010.5,0.0,100,,0.0,,51,muhimbili_tanzania
2022-03-21 07:00:00,23.5,95,22.6,5.6,12.2,1.2,1011.6,10.0,100,,0.01,,55,muhimbili_tanzania
2022-03-21 08:00:00,24.3,89,22.4,3.1,11.2,0.2,1012.3,114.0,100,,0.08,,51,muhimbili_tanzania
2022-03-21 09:00:00,24.8,88,22.6,8.6,19.1,0.2,1012.6,183.0,100,,0.13,,51,muhimbili_tanzania
2022-03-21 10:00:00,26.5,78,22.4,11.3,24.8,0.0,1012.6,376.0,100,,0.27,,3,muhimbili_tanzania
2022-03-21 11:00:00,28.3,70,22.2,8.4,25.6,0.1,1011.7,514.0,100,,0.38,,51,muhimbili_tanzania
2022-03-21 12:00:00,29.3,67,22.6,10.2,25.9,0.5,1011.0,699.0,100,,0.52,,53,muhimbili_tanzania
2022-03-21 13:00:00,30.1,66,23.0,8.9,25.6,0.1,1009.8,783.0,100,,0.58,,51,muhimbili_tanzania
2022-03-21 14:00:00,26.9,79,23.0,12.8,29.5,1.8,1009.6,383.0,99,,0.28,,61,muhimbili_tanzania
2022-03-21 15:00:00,28.6,74,23.5,7.7,27.0,0.1,1008.8,628.0,94,,0.45,,51,muhimbili_tanzania
2022-03-21 16:00:00,29.0,70,22.9,13.3,27.7,1.4,1008.4,613.0,100,,0.44,,61,muhimbili_tanzania
2022-03-21 17:00:00,26.8,81,23.3,10.1,29.9,1.4,1008.7,159.0,76,,0.14,,61,muhimbili_tanzania
2022-03-21 18:00:00,27.4,78,23.1,10.6,21.2,0.1,1009.0,163.0,100,,0.13,,51,muhimbili_tanzania
2022-03-21 19:00:00,26.4,83,23.2,13.2,23.0,0.0,1009.7,15.0,99,,0.04,,3,muhimbili_tanzania
2022-03-21 20:00:00,26.0,85,23.3,12.1,23.0,0.0,1010.2,0.0,99,,0.02,,3,muhimbili_tanzania
2022-03-21 21:00:00,25.3,88,23.1,11.1,22.0,0.0,1010.9,0.0,23,,0.01,,1,muhimbili_tanzania
2022-03-21 22:00:00,24.9,90,23.2,8.0,19.4,0.0,1011.4,0.0,15,,0.0,,0,muhimbili_tanzania
2022-03-21 23:00:00,24.9,91,23.2,7.7,14.0,0.0,1011.5,0.0,28,,0.0,,1,muhimbili_tanzania
2022-03-22 00:00:00,24.8,91,23.2,8.1,14.8,0.0,1011.0,0.0,25,,0.0,,1,muhimbili_tanzania
2022-03-22 01:00:00,24.7,92,23.2,8.4,15.8,0.0,1010.5,0.0,33,,0.0,,1,muhimbili_tanzania
2022-03-22 02:00:00,24.6,93,23.4,8.7,16.2,0.0,1010.1,0.0,54,,0.0,,2,muhimbili_tanzania
2022-03-22 03:00:00,24.9,91,23.2,5.8,16.2,0.0,1009.9,0.0,100,,0.0,,3,muhimbili_tanzania
2022-03-22 04:00:00,24.8,90,23.0,7.2,13.0,0.1,1009.9,0.0,100,,0.0,,51,muhimbili_tanzania
2022-03-22 05:00:00,24.9,88,22.8,10.4,17.6,0.4,1010.0,0.0,100,,0.01,,51,muhimbili_tanzania
2022-03-22 06:00:00,24.2,91,22.7,8.6,18.7,0.5,1010.6,0.0,93,,0.0,,53,muhimbili_tanzania
2022-03-22 07:00:00,24.2,91,22.6,9.4,17.3,0.1,1011.1,12.0,47,,0.02,,51,muhimbili_tanzania
2022-03-22 08:00:00,25.4,85,22.6,10.7,21.6,0.0,1011.6,147.0,65,,0.11,,2,muhimbili_tanzania
2022-03-22 09:00:00,26.4,80,22.8,12.2,26.6,0.0,1012.3,338.0,100,,0.23,,3,muhimbili_tanzania
2022-03-22 10:00:00,27.2,77,22.8,11.3,26.6,0.0,1012.5,400.0,100,,0.29,,3,muhimbili_tanzania
2022-03-22 11:00:00,27.6,73,22.5,11.8,26.6,0.4,1012.4,525.0,100,,0.38,,51,muhimbili_tanzania
2022-03-22 12:00:00,27.5,70,21.5,16.2,34.2,0.1,1011.8,566.0,80,,0.41,,51,muhimbili_tanzania
2022-03-22 13:00:00,28.5,69,22.2,8.2,33.8,0.0,1011.0,715.0,65,,0.52,,2,muhimbili_tanzania
2022-03-22 14:00:00,29.8,66,22.7,4.7,23.8,0.0,1009.7,702.0,89,,0.53,,3,muhimbili_tanzania
2022-03-22 15:00:00,28.4,72,22.9,9.4,27.4,0.0,1009.3,547.0,73,,0.4,,2,muhimbili_tanzania
2022-03-22 16:00:00,29.4,67,22.6,10.6,24.5,0.1,1009.1,599.0,38,,0.44,,51,muhimbili_tanzania
2022-03-22 17:00:00,28.9,68,22.4,11.8,24.5,0.1,1009.0,326.0,56,,0.27,,51,muhimbili_tanzania
2022-03-22 18:00:00,27.6,75,22.8,12.5,26.3,0.2,1009.5,126.0,57,,0.13,,51,muhimbili_tanzania
2022-03-22 19:00:00,26.9,81,23.2,12.0,23.0,0.0,1010.0,13.0,29,,0.04,,1,muhimbili_tanzania
2022-03-22 20:00:00,26.1,85,23.5,11.7,21.6,0.0,1010.8,0.0,38,,0.02,,1,muhimbili_tanzania
2022-03-22 21:00:00,25.9,87,23.5,10.9,20.9,0.0,1011.3,0.0,27,,0.01,,1,muhimbili_tanzania
2022-03-22 22:00:00,25.6,88,23.5,10.7,19.4,0.0,1011.9,0.0,20,,0.01,,1,muhimbili_tanzania
2022-03-22 23:00:00,25.6,87,23.4,11.0,19.1,0.0,1012.2,0.0,18,,0.01,,0,muhimbili_tanzania
2022-03-23 00:00:00,25.4,89,23.4,10.1,19.8,0.0,1011.9,0.0,11,,0.01,,0,muhimbili_tanzania
2022-03-23 01:00:00,25.0,91,23.4,10.1,18.0,0.0,1011.3,0.0,45,,0.0,,1,muhimbili_tanzania
2022-03-23 02:00:00,24.9,91,23.4,9.0,20.2,0.0,1011.1,0.0,90,,0.0,,3,muhimbili_tanzania
2022-03-23 03:00:00,25.2,90,23.4,10.4,21.2,1.4,1011.2,0.0,100,,0.01,,61,muhimbili_tanzania
2022-03-23 04:00:00,24.8,89,22.9,3.4,19.4,0.9,1011.6,0.0,79,,0.0,,53,muhimbili_tanzania
2022-03-23 05:00:00,24.3,91,22.8,6.5,12.2,2.3,1011.3,0.0,100,,0.0,,61,muhimbili_tanzania
2022-03-23 06:00:00,24.4,93,23.1,5.4,11.5,0.1,1012.0,0.0,100,,0.0,,51,muhimbili_tanzania
2022-03-23 07:00:00,24.1,92,22.7,3.4,13.0,0.5,1012.5,8.0,89,,0.01,,53,muhimbili_tanzania
2022-03-23 08:00:00,25.4,86,22.8,10.1,19.4,0.1,1013.5,124.0,100,,0.09,,51,muhimbili_tanzania
2022-03-23 09:00:00,26.1,83,23.1,12.3,24.8,0.0,1013.8,224.0,100,,0.17,,3,muhimbili_tanzania
2022-03-23 10:00:00,28.1,73,22.9,11.7,25.9,0.3,1013.7,511.0,74,,0.37,,51,muhimbili_tanzania
2022-03-23 11:00:00,29.3,69,23.0,11.1,27.0,0.5,1013.4,763.0,80,,0.55,,53,muhimbili_tanzania
2022-03-23 12:00:00,30.1,66,23.0,10.5,27.0,0.1,1012.6,776.0,100,,0.57,,51,muhimbili_tanzania
2022-03-23 13:00:00,29.7,67,23.0,6.8,25.2,0.1,1012.0,617.0,98,,0.47,,51,muhimbili_tanzania
2022-03-23 14:00:00,29.0,71,23.3,8.7,25.6,2.4,1011.0,582.0,100,,0.43,,61,muhimbili_tanzania
2022-03-23 15:00:00,30.0,66,22.9,6.1,29.2,1.1,1009.8,396.0,78,,0.32,,55,muhimbili_tanzania
2022-03-23 16:00:00,30.5,64,23.0,11.4,24.8,0.0,1009.8,667.0,52,,0.5,,2,muhimbili_tanzania
2022-03-23 17:00:00,28.9,68,22.2,16.3,30.6,0.0,1010.3,339.0,80,,0.28,,3,muhimbili_tanzania
2022-03-23 18:00:00,27.5,77,23.1,13.6,32.4,0.0,1010.7,141.0,29,,0.13,,1,muhimbili_tanzania
2022-03-23 19:00:00,26.5,82,23.3,13.4,25.9,0.0,1011.3,13.0,24,,0.04,,1,muhimbili_tanzania
2022-03-23 20:00:00,25.9,86,23.2,12.5,24.1,0.0,1011.6,0.0,3,,0.02,,0,muhimbili_tanzania
2022-03-23 21:00:00,25.6,87,23.3,12.0,22.0,0.0,1012.3,0.0,2,,0.01,,0,muhimbili_tanzania
2022-03-23 22:00:00,25.3,88,23.2,11.2,22.0,0.0,1012.6,0.0,1,,0.01,,0,muhimbili_tanzania
2022-03-23 23:00:00,25.2,90,23.4,11.7,20.5,0.0,1012.8,0.0,9,,0.01,,0,muhimbili_tanzania
2022-03-24 00:00:00,25.0,91,23.5,9.7,20.5,0.0,1012.6,0.0,12,,0.0,,0,muhimbili_tanzania
2022-03-24 01:00:00,24.8,93,23.5,9.4,17.3,0.0,1012.2,0.0,16,,0.0,,0,muhimbili_tanzania
2022-03-24 02:00:00,24.5,94,23.5,10.3,17.6,0.0,1011.7,0.0,12,,0.0,,0,muhimbili_tanzania
2022-03-24 03:00:00,24.9,91,23.4,9.8,19.4,0.0,1011.3,0.0,64,,0.0,,2,muhimbili_tanzania
2022-03-24 04:00:00,25.0,89,23.1,11.3,22.7,0.2,1011.3,0.0,44,,0.01,,51,muhimbili_tanzania
2022-03-24 05:00:00,24.5,91,22.9,6.5,20.5,0.0,1011.7,0.0,55,,0.0,,2,muhimbili_tanzania
2022-03-24 06:00:00,24.4,92,23.0,8.7,15.5,0.0,1012.1,0.0,63,,0.0,,2,muhimbili_tanzania
2022-03-24 07:00:00,24.6,91,23.1,10.6,18.4,0.0,1012.6,14.0,55,,0.02,,2,muhimbili_tanzania
2022-03-24 08:00:00,25.5,84,22.6,10.7,23.8,0.0,1012.9,162.0,32,,0.11,,1,muhimbili_tanzania
2022-03-24 09:00:00,27.4,76,22.7,10.0,23.0,0.0,1013.0,408.0,54,,0.29,,2,muhimbili_tanzania
2022-03-24 10:00:00,28.7,70,22.6,8.7,23.4,0.1,1013.1,581.0,35,,0.42,,51,muhimbili_tanzania
2022-03-24 11:00:00,29.8,65,22.5,9.2,23.4,0.3,1012.8,705.0,44,,0.52,,51,muhimbili_tanzania
2022-03-24 12:00:00,30.6,63,22.8,9.2,24.5,0.4,1012.0,866.0,48,,0.64,,51,muhimbili_tanzania
2022-03-24 13:00:00,31.0,64,23.5,8.4,24.1,0.4,1010.9,891.0,44,,0.66,,51,muhimbili_tanzania
2022-03-24 14:00:00,31.1,63,23.4,9.0,24.8,0.0,1009.9,730.0,97,,0.56,,3,muhimbili_tanzania
2022-03-24 15:00:00,31.2,64,23.6,9.1,26.3,1.1,1009.3,475.0,65,,0.39,,55,muhimbili_tanzania
2022-03-24 16:00:00,30.1,69,23.8,14.1,29.2,0.3,1008.5,511.0,51,,0.4,,51,muhimbili_tanzania
2022-03-24 17:00:00,29.6,70,23.5,12.1,29.2,0.1,1008.3,278.0,26,,0.24,,51,muhimbili_tanzania
2022-03-24 18:00:00,29.2,70,23.2,11.3,24.5,0.0,1008.4,184.0,27,,0.16,,1,muhimbili_tanzania
2022-03-24 19:00:00,27.9,76,23.2,10.7,20.2,0.0,1008.7,15.0,54,,0.05,,2,muhimbili_tanzania
2022-03-24 20:00:00,27.0,80,23.1,11.2,19.8,0.0,1009.4,0.0,21,,0.03,,1,muhimbili_tanzania
2022-03-24 21:00:00,26.2,85,23.5,8.9,19.4,0.0,1010.1,0.0,1,,0.01,,0,muhimbili_tanzania
2022-03-24 22:00:00,25.6,89,23.7,5.9,15.5,0.0,1011.0,0.0,0,,0.0,,0,muhimbili_tanzania
2022-03-24 23:00:00,25.5,90,23.9,6.0,10.4,0.0,1011.4,0.0,7,,0.0,,0,muhimbili_tanzania
2022-03-25 00:00:00,25.3,93,24.0,5.1,10.4,0.0,1011.1,0.0,7,,0.0,,0,muhimbili_tanzania
2022-03-25 01:00:00,24.8,95,23.9,4.4,9.0,0.0,1010.6,0.0,2,,0.0,,0,muhimbili_tanzania
2022-03-25 02:00:00,24.5,96,23.7,4.2,7.6,0.0,1010.2,0.0,4,,0.0,,0,muhimbili_tanzania
2022-03-25 03:00:00,24.7,95,23.9,4.1,9.0,0.0,1009.7,0.0,19,,0.0,,0,muhimbili_tanzania
2022-03-25 04:00:00,24.8,95,23.9,4.8,8.6,0.0,1009.8,0.0,12,,0.0,,0,muhimbili_tanzania
2022-03-25 05:00:00,24.7,95,23.9,6.3,11.5,0.0,1010.1,0.0,8,,0.0,,0,muhimbili_tanzania
2022-03-25 06:00:00,24.6,96,23.9,7.7,13.7,0.0,1010.7,0.0,8,,0.0,,0,muhimbili_tanzania
2022-03-25 07:00:00,25.0,94,23.9,10.2,16.6,0.0,1011.4,16.0,6,,0.01,,0,muhimbili_tanzania
2022-03-25 08:00:00,26.8,86,24.1,10.7,22.0,0.0,1012.0,189.0,2,,0.13,,0,muhimbili_tanzania
2022-03-25 09:00:00,28.7,75,23.8,10.2,23.4,0.0,1012.1,436.0,5,,0.31,,0,muhimbili_tanzania
2022-03-25 10:00:00,30.4,64,22.9,9.0,23.4,0.0,1011.7,655.0,12,,0.49,,0,muhimbili_tanzania
2022-03-25 11:00:00,31.6,58,22.4,8.0,22.7,0.0,1010.8,811.0,23,,0.62,,1,muhimbili_tanzania
2022-03-25 12:00:00,32.5,55,22.4,7.8,22.3,0.0,1009.8,897.0,25,,0.69,,1,muhimbili_tanzania
2022-03-25 13:00:00,32.5,56,22.5,9.1,24.5,0.1,1008.7,897.0,34,,0.69,,51,muhimbili_tanzania
2022-03-25 14:00:00,32.2,59,23.0,10.7,25.9,0.1,1008.0,843.0,53,,0.65,,51,muhimbili_tanzania
2022-03-25 15:00:00,31.1,62,23.0,13.4,28.4,0.2,1007.2,692.0,57,,0.53,,51,muhimbili_tanzania
2022-03-25 16:00:00,30.0,72,24.5,14.9,31.0,0.2,1007.1,476.0,50,,0.37,,51,muhimbili_tanzania
2022-03-25 17:00:00,29.6,74,24.5,16.2,32.4,0.2,1007.3,350.0,43,,0.28,,51,muhimbili_tanzania
2022-03-25 18:00:00,28.7,77,24.4,16.3,32.0,0.0,1007.6,146.0,31,,0.14,,1,muhimbili_tanzania
2022-03-25 19:00:00,27.8,82,24.4,14.0,30.2,0.0,1008.0,13.0,11,,0.05,,0,muhimbili_tanzania
2022-03-25 20:00:00,27.4,84,24.5,12.4,24.8,0.0,1008.8,0.0,6,,0.02,,0,muhimbili_tanzania
2022-03-25 21:00:00,26.9,87,24.5,10.7,22.3,0.0,1009.5,0.0,2,,0.01,,0,muhimbili_tanzania
2022-03-25 22:00:00,26.6,89,24.6,8.7,18.4,0.0,1010.2,0.0,8,,0.0,,0,muhimbili_tanzania
2022-03-25 23:00:00,26.5,90,24.6,7.4,15.1,0.0,1010.4,0.0,9,,0.0,,0,muhimbili_tanzania
2022-03-26 00:00:00,26.2,91,24.6,6.4,13.0,0.0,1010.1,0.0,5,,0.0,,0,muhimbili_tanzania
2022-03-26 01:00:00,25.8,93,24.6,5.2,11.2,0.0,1009.4,0.0,9,,0.0,,0,muhimbili_tanzania
2022-03-26 02:00:00,25.1,95,24.3,5.1,9.0,0.0,1009.0,0.0,3,,0.0,,0,muhimbili_tanzania
2022-03-26 03:00:00,25.4,94,24.3,6.5,7.9,0.0,1008.3,0.0,9,,0.0,,0,muhimbili_tanzania
2022-03-26 04:00:00,26.0,91,24.4,5.1,8.6,0.0,1008.6,0.0,20,,0.0,,1,muhimbili_tanzania
2022-03-26 05:00:00,26.4,89,24.5,1.9,6.5,0.0,1008.9,0.0,14,,0.0,,0,muhimbili_tanzania
2022-03-26 06:00:00,25.2,95,24.4,3.1,4.0,0.0,1009.3,0.0,25,,0.0,,1,muhimbili_tanzania
2022-03-26 07:00:00,25.5,95,24.6,4.3,6.1,0.0,1010.2,17.0,37,,0.0,,1,muhimbili_tanzania
2022-03-26 08:00:00,27.5,84,24.5,2.4,11.2,0.1,1011.0,189.0,14,,0.12,,51,muhimbili_tanzania
2022-03-26 09:00:00,28.6,78,24.3,3.1,13.0,0.2,1011.4,413.0,26,,0.29,,51,muhimbili_tanzania
2022-03-26 10:00:00,29.6,71,23.9,6.2,18.7,0.2,1011.2,654.0,41,,0.47,,51,muhimbili_tanzania
2022-03-26 11:00:00,30.0,69,23.8,7.9,22.7,0.2,1011.0,763.0,48,,0.56,,51,muhimbili_tanzania
2022-03-26 12:00:00,30.3,68,23.8,8.1,23.4,0.2,1010.0,860.0,54,,0.63,,51,muhimbili_tanzania
2022-03-26 13:00:00,30.5,67,23.6,8.4,24.1,0.1,1009.0,886.0,38,,0.65,,51,muhimbili_tanzania
2022-03-26 14:00:00,30.4,68,23.7,10.8,25.9,0.1,1007.9,742.0,49,,0.55,,51,muhimbili_tanzania
2022-03-26 15:00:00,30.5,66,23.5,13.0,30.2,0.0,1007.6,715.0,52,,0.53,,2,muhimbili_tanzania
2022-03-26 16:00:00,29.9,69,23.7,14.4,31.0,0.2,1007.3,570.0,38,,0.43,,51,muhimbili_tanzania
2022-03-26 17:00:00,29.4,71,23.6,14.8,30.6,0.0,1007.3,379.0,21,,0.3,,1,muhimbili_tanzania
2022-03-26 18:00:00,28.4,75,23.5,14.0,30.2,0.0,1007.4,167.0,20,,0.15,,1,muhimbili_tanzania
2022-03-26 19:00:00,27.8,78,23.7,11.6,27.0,0.0,1008.1,14.0,15,,0.04,,0,muhimbili_tanzania
2022-03-26 20:00:00,27.5,80,23.8,10.2,20.5,0.0,1008.7,0.0,9,,0.03,,0,muhimbili_tanzania
2022-03-26 21:00:00,27.2,82,24.0,7.2,18.0,0.0,1009.4,0.0,4,,0.01,,0,muhimbili_tanzania
2022-03-26 22:00:00,26.9,84,24.0,6.3,12.6,0.0,1009.7,0.0,4,,0.01,,0,muhimbili_tanzania
2022-03-26 23:00:00,26.5,87,24.2,5.2,11.2,0.0,1010.0,0.0,5,,0.0,,0,muhimbili_tanzania
2022-03-27 00:00:00,25.9,91,24.4,4.9,9.0,0.0,1009.9,0.0,90,,0.0,,3,muhimbili_tanzania
2022-03-27 01:00:00,25.4,94,24.4,5.5,7.9,0.0,1009.7,0.0,63,,0.0,,2,muhimbili_tanzania
2022-03-27 02:00:00,25.0,95,24.1,5.7,7.9,0.0,1009.6,0.0,66,,0.0,,2,muhimbili_tanzania
2022-03-27 03:00:00,25.0,95,24.2,3.8,7.6,0.0,1009.5,0.0,53,,0.0,,2,muhimbili_tanzania
2022-03-27 04:00:00,24.8,95,24.0,3.7,7.2,0.0,1009.6,0.0,37,,0.0,,1,muhimbili_tanzania
2022-03-27 05:00:00,24.5,96,23.7,3.6,6.8,0.0,1009.8,0.0,16,,0.0,,0,muhimbili_tanzania
2022-03-27 06:00:00,24.1,96,23.5,3.1,6.1,0.0,1010.5,0.0,14,,0.0,,0,muhimbili_tanzania
2022-03-27 07:00:00,25.0,94,23.9,5.4,8.3,0.0,1011.4,17.0,26,,0.01,,1,muhimbili_tanzania
2022-03-27 08:00:00,27.4,81,23.9,2.8,11.9,0.1,1012.3,190.0,21,,0.12,,51,muhimbili_tanzania
2022-03-27 09:00:00,28.6,75,23.6,2.6,12.2,0.0,1012.7,398.0,15,,0.28,,0,muhimbili_tanzania
2022-03-27 10:00:00,29.8,69,23.5,5.2,17.6,0.1,1012.8,642.0,74,,0.47,,51,muhimbili_tanzania
2022-03-27 11:00:00,30.4,66,23.4,7.6,22.0,0.1,1012.4,775.0,86,,0.57,,51,muhimbili_tanzania
2022-03-27 12:00:00,30.6,66,23.5,9.1,24.8,0.2,1011.4,924.0,54,,0.68,,51,muhimbili_tanzania
2022-03-27 13:00:00,30.6,66,23.5,10.2,26.6,0.0,1010.1,878.0,17,,0.65,,0,muhimbili_tanzania
2022-03-27 14:00:00,30.5,65,23.1,12.8,29.5,0.0,1009.2,800.0,45,,0.59,,1,muhimbili_tanzania
2022-03-27 15:00:00,30.2,66,23.2,11.9,30.6,0.0,1008.3,736.0,58,,0.54,,2,muhimbili_tanzania
2022-03-27 16:00:00,29.9,68,23.4,14.6,31.0,0.0,1008.2,586.0,44,,0.44,,1,muhimbili_tanzania
2022-03-27 17:00:00,29.1,71,23.4,13.8,32.0,0.0,1008.2,367.0,32,,0.29,,1,muhimbili_tanzania
2022-03-27 18:00:00,28.5,75,23.6,13.7,28.1,0.0,1008.4,139.0,92,,0.14,,3,muhimbili_tanzania
2022-03-27 19:00:00,27.9,80,24.2,12.4,25.9,0.0,1008.9,11.0,99,,0.05,,3,muhimbili_tanzania
2022-03-27 20:00:00,27.6,81,24.1,10.0,21.6,0.0,1009.5,0.0,89,,0.02,,3,muhimbili_tanzania
2022-03-27 21:00:00,27.1,84,24.1,7.4,17.3,0.0,1010.0,0.0,1,,0.01,,0,muhimbili_tanzania
2022-03-27 22:00:00,26.7,87,24.3,5.9,13.3,0.0,1010.6,0.0,0,,0.0,,0,muhimbili_tanzania
2022-03-27 23:00:00,26.3,90,24.5,5.1,10.8,0.0,1010.9,0.0,1,,0.0,,0,muhimbili_tanzania
2022-03-28 00:00:00,26.0,91,24.5,4.7,9.0,0.0,1010.9,0.0,12,,0.0,,0,muhimbili_tanzania
2022-03-28 01:00:00,25.8,93,24.5,4.3,8.3,0.0,1010.8,0.0,100,,0.0,,3,muhimbili_tanzania
2022-03-28 02:00:00,25.4,94,24.4,4.1,7.9,0.0,1010.4,0.0,100,,0.0,,3,muhimbili_tanzania
2022-03-28 03:00:00,25.5,93,24.2,5.4,7.2,0.0,1010.2,0.0,100,,0.0,,3,muhimbili_tanzania
2022-03-28 04:00:00,25.5,93,24.1,3.5,7.2,0.0,1010.3,0.0,98,,0.0,,3,muhimbili_tanzania
2022-03-28 05:00:00,25.5,91,24.0,4.6,8.3,0.0,1010.5,0.0,51,,0.0,,2,muhimbili_tanzania
2022-03-28 06:00:00,24.9,94,23.8,3.2,9.0,0.0,1010.7,0.0,49,,0.0,,1,muhimbili_tanzania
2022-03-28 07:00:00,25.8,90,23.9,6.4,10.1,0.0,1011.8,17.0,50,,0.01,,2,muhimbili_tanzania
2022-03-28 08:00:00,27.4,80,23.6,5.1,14.0,0.0,1012.5,175.0,53,,0.12,,2,muhimbili_tanzania
2022-03-28 09:00:00,28.3,77,23.8,5.4,17.6,0.0,1013.0,352.0,84,,0.25,,3,muhimbili_tanzania
2022-03-28 10:00:00,29.5,72,24.0,4.8,18.7,0.0,1013.1,603.0,99,,0.44,,3,muhimbili_tanzania
2022-03-28 11:00:00,30.6,67,23.6,6.9,22.7,0.0,1012.7,767.0,100,,0.57,,3,muhimbili_tanzania
2022-03-28 12:00:00,30.3,68,23.8,13.8,32.8,2.1,1011.6,922.0,81,,0.66,,61,muhimbili_tanzania
2022-03-28 13:00:00,27.0,82,23.8,5.4,34.6,1.2,1010.6,543.0,61,,0.39,,55,muhimbili_tanzania
2022-03-28 14:00:00,29.8,69,23.5,11.2,27.0,0.1,1009.5,811.0,18,,0.59,,51,muhimbili_tanzania
2022-03-28 15:00:00,29.2,70,23.1,7.6,32.4,1.1,1008.5,793.0,80,,0.57,,55,muhimbili_tanzania
2022-03-28 16:00:00,30.6,65,23.4,9.9,23.8,0.0,1007.7,644.0,16,,0.48,,0,muhimbili_tanzania
2022-03-28 17:00:00,30.3,64,22.8,13.7,28.1,0.0,1007.3,419.0,20,,0.34,,1,muhimbili_tanzania
2022-03-28 18:00:00,29.1,68,22.8,16.5,30.2,0.0,1007.7,167.0,17,,0.18,,0,muhimbili_tanzania
2022-03-28 19:00:00,27.6,79,23.7,14.3,30.6,0.0,1008.3,12.0,2,,0.05,,0,muhimbili_tanzania
2022-03-28 20:00:00,26.8,84,23.9,12.6,25.6,0.0,1009.0,0.0,1,,0.02,,0,muhimbili_tanzania
2022-03-28 21:00:00,26.4,86,24.0,10.5,22.3,0.0,1009.8,0.0,3,,0.01,,0,muhimbili_tanzania
2022-03-28 22:00:00,26.2,87,24.0,9.9,18.4,0.0,1010.4,0.0,9,,0.01,,0,muhimbili_tanzania
2022-03-28 23:00:00,26.2,87,24.0,8.2,16.9,0.0,1010.6,0.0,9,,0.01,,0,muhimbili_tanzania
2022-03-29 00:00:00,25.9,89,24.0,6.8,14.4,0.0,1010.4,0.0,71,,0.0,,2,muhimbili_tanzania
2022-03-29 01:00:00,25.6,90,23.9,5.0,12.2,0.0,1009.8,0.0,98,,0.0,,3,muhimbili_tanzania
2022-03-29 02:00:00,25.5,91,23.9,5.5,9.7,0.0,1009.1,0.0,79,,0.0,,2,muhimbili_tanzania
2022-03-29 03:00:00,25.4,89,23.5,6.2,11.2,0.0,1009.0,0.0,99,,0.0,,3,muhimbili_tanzania
2022-03-29 04:00:00,25.5,88,23.4,6.1,10.4,0.0,1008.7,0.0,33,,0.0,,1,muhimbili_tanzania
2022-03-29 05:00:00,25.2,89,23.3,6.0,11.5,0.0,1009.2,0.0,86,,0.0,,3,muhimbili_tanzania
2022-03-29 06:00:00,25.2,88,23.1,6.6,10.4,0.0,1009.4,0.0,47,,0.0,,1,muhimbili_tanzania
2022-03-29 07:00:00,25.2,86,22.6,7.6,14.0,0.0,1010.1,16.0,100,,0.02,,3,muhimbili_tanzania
2022-03-29 08:00:00,26.2,79,22.4,8.4,18.0,0.0,1011.2,149.0,94,,0.11,,3,muhimbili_tanzania
2022-03-29 09:00:00,27.4,76,22.8,8.0,19.8,0.0,1011.4,341.0,90,,0.25,,3,muhimbili_tanzania
2022-03-29 10:00:00,28.9,70,22.9,4.6,22.3,0.1,1011.4,579.0,100,,0.42,,51,muhimbili_tanzania
2022-03-29 11:00:00,27.3,78,23.1,11.9,25.9,5.0,1011.3,422.0,100,,0.31,,63,muhimbili_tanzania
2022-03-29 12:00:00,26.9,80,23.0,5.7,27.0,3.0,1010.6,360.0,100,,0.27,,63,muhimbili_tanzania
2022-03-29 13:00:00,28.8,75,23.9,4.5,20.2,0.0,1009.7,782.0,97,,0.57,,3,muhimbili_tanzania
2022-03-29 14:00:00,27.7,78,23.5,12.6,28.4,3.8,1008.7,669.0,100,,0.46,,63,muhimbili_tanzania
2022-03-29 15:00:00,27.4,79,23.5,12.3,29.2,0.3,1007.9,445.0,100,,0.32,,51,muhimbili_tanzania
2022-03-29 16:00:00,26.7,82,23.5,9.1,24.5,0.2,1007.1,191.0,100,,0.16,,51,muhimbili_tanzania
2022-03-29 17:00:00,27.5,78,23.3,10.8,22.7,0.1,1007.3,261.0,92,,0.2,,51,muhimbili_tanzania
2022-03-29 18:00:00,27.6,76,23.0,11.3,22.0,0.0,1007.1,148.0,96,,0.13,,3,muhimbili_tanzania
2022-03-29 19:00:00,26.8,81,23.2,11.8,20.9,0.0,1007.8,11.0,97,,0.04,,3,muhimbili_tanzania
2022-03-29 20:00:00,26.1,85,23.4,11.4,23.4,0.0,1009.0,0.0,75,,0.02,,2,muhimbili_tanzania
2022-03-29 21:00:00,25.8,87,23.4,10.2,20.5,0.0,1009.7,0.0,69,,0.01,,2,muhimbili_tanzania
2022-03-29 22:00:00,25.9,86,23.4,10.3,18.7,0.0,1010.4,0.0,100,,0.01,,3,muhimbili_tanzania
2022-03-29 23:00:00,25.6,87,23.4,9.5,18.0,0.0,1010.6,0.0,100,,0.01,,3,muhimbili_tanzania
2022-03-30 00:00:00,25.3,90,23.5,5.7,16.2,0.0,1010.2,0.0,100,,0.0,,3,muhimbili_tanzania
2022-03-30 01:00:00,25.0,90,23.3,10.9,19.1,0.0,1009.8,0.0,99,,0.0,,3,muhimbili_tanzania
2022-03-30 02:00:00,24.7,90,22.9,8.0,20.5,0.0,1008.8,0.0,100,,0.0,,3,muhimbili_tanzania
2022-03-30 03:00:00,23.6,94,22.6,9.2,14.8,1.6,1008.8,0.0,100,,0.0,,61,muhimbili_tanzania
2022-03-30 04:00:00,24.1,90,22.4,7.1,16.9,0.1,1009.0,0.0,100,,0.0,,51,muhimbili_tanzania
2022-03-30 05:00:00,23.0,95,22.1,6.6,15.1,7.1,1009.3,0.0,100,,0.0,,63,muhimbili_tanzania
2022-03-30 06:00:00,23.4,91,21.9,3.9,13.3,0.4,1009.6,0.0,100,,0.0,,51,muhimbili_tanzania
2022-03-30 07:00:00,23.0,93,21.9,8.0,15.1,5.4,1010.7,7.0,100,,0.02,,63,muhimbili_tanzania
2022-03-30 08:00:00,23.5,92,22.0,7.7,21.2,0.6,1011.4,72.0,100,,0.06,,53,muhimbili_tanzania
2022-03-30 09:00:00,23.8,91,22.2,7.9,16.9,2.4,1012.4,195.0,100,,0.13,,61,muhimbili_tanzania
2022-03-30 10:00:00,25.5,82,22.2,4.0,18.4,0.3,1012.9,370.0,100,,0.26,,51,muhimbili_tanzania
2022-03-30 11:00:00,26.7,78,22.5,1.1,15.8,0.1,1012.5,535.0,100,,0.38,,51,muhimbili_tanzania
2022-03-30 12:00:00,27.9,75,23.0,1.1,15.1,0.0,1011.4,699.0,100,,0.51,,3,muhimbili_tanzania
2022-03-30 13:00:00,28.9,72,23.4,5.4,20.2,0.1,1009.9,787.0,97,,0.57,,51,muhimbili_tanzania
2022-03-30 14:00:00,28.8,72,23.2,10.6,25.2,0.7,1008.8,768.0,85,,0.54,,53,muhimbili_tanzania
2022-03-30 15:00:00,27.5,77,23.0,8.6,25.6,0.2,1007.8,489.0,100,,0.35,,51,muhimbili_tanzania
2022-03-30 16:00:00,27.4,78,23.2,11.9,23.8,0.0,1007.4,286.0,100,,0.23,,3,muhimbili_tanzania
2022-03-30 17:00:00,27.0,80,23.3,13.0,28.4,0.0,1008.0,277.0,100,,0.2,,3,muhimbili_tanzania
2022-03-30 18:00:00,26.5,82,23.3,12.5,25.9,0.0,1008.3,86.0,97,,0.09,,3,muhimbili_tanzania
2022-03-30 19:00:00,26.0,83,23.0,9.7,23.8,0.4,1009.4,8.0,100,,0.03,,51,muhimbili_tanzania
2022-03-30 20:00:00,25.1,89,23.2,3.7,16.6,1.2,1010.6,0.0,100,,0.0,,55,muhimbili_tanzania
2022-03-30 21:00:00,25.1,92,23.6,6.4,13.0,0.1,1011.2,0.0,100,,0.0,,51,muhimbili_tanzania
2022-03-30 22:00:00,25.1,93,24.0,3.4,11.9,0.1,1012.0,0.0,100,,0.0,,51,muhimbili_tanzania
2022-03-30 23:00:00,25.3,88,23.2,2.6,7.2,0.5,1012.3,0.0,100,,0.0,,53,muhimbili_tanzania
2022-03-31 00:00:00,24.5,90,22.7,3.8,9.7,1.1,1011.6,0.0,100,,0.0,,55,muhimbili_tanzania
2022-03-31 01:00:00,24.2,92,22.8,2.0,13.3,1.4,1011.3,0.0,100,,0.0,,61,muhimbili_tanzania
2022-03-31 02:00:00,24.4,90,22.7,1.4,6.8,0.5,1010.5,0.0,72,,0.0,,53,muhimbili_tanzania
2022-03-31 03:00:00,23.0,95,22.1,4.7,6.8,0.3,1010.8,0.0,79,,0.0,,51,muhimbili_tanzania
2022-03-31 04:00:00,22.6,93,21.4,5.0,11.9,3.8,1010.8,0.0,100,,0.0,,63,muhimbili_tanzania
2022-03-31 05:00:00,22.7,93,21.5,4.0,10.1,0.5,1010.3,0.0,52,,0.0,,53,muhimbili_tanzania
2022-03-31 06:00:00,22.7,93,21.5,4.7,9.7,0.3,1011.0,0.0,95,,0.0,,51,muhimbili_tanzania
2022-03-31 07:00:00,23.0,92,21.6,4.9,9.4,0.0,1011.8,9.0,100,,0.01,,3,muhimbili_tanzania
2022-03-31 08:00:00,23.8,91,22.2,4.2,11.2,0.0,1012.8,83.0,99,,0.06,,3,muhimbili_tanzania
2022-03-31 09:00:00,25.2,86,22.7,4.8,14.0,0.0,1013.3,272.0,76,,0.19,,2,muhimbili_tanzania
2022-03-31 10:00:00,27.0,78,22.7,5.9,17.3,0.1,1013.5,509.0,88,,0.36,,51,muhimbili_tanzania
2022-03-31 11:00:00,27.7,74,22.6,7.3,19.4,0.2,1013.0,541.0,71,,0.39,,51,muhimbili_tanzania
2022-03-31 12:00:00,28.6,70,22.7,8.8,22.3,0.2,1011.7,725.0,30,,0.52,,51,muhimbili_tanzania
2022-03-31 13:00:00,29.5,67,22.6,9.7,24.5,0.1,1010.2,891.0,31,,0.64,,51,muhimbili_tanzania
2022-03-31 14:00:00,29.5,67,22.6,12.1,27.7,0.1,1009.3,871.0,33,,0.62,,51,muhimbili_tanzania
2022-03-31 15:00:00,28.8,71,23.0,14.5,28.1,0.1,1008.8,702.0,28,,0.49,,51,muhimbili_tanzania
2022-03-31 16:00:00,28.0,75,23.0,11.4,29.9,0.0,1008.8,403.0,44,,0.3,,1,muhimbili_tanzania
2022-03-31 17:00:00,28.0,74,22.9,11.0,23.8,0.2,1008.9,331.0,57,,0.25,,51,muhimbili_tanzania
2022-03-31 18:00:00,27.4,76,22.7,11.2,22.7,0.0,1009.2,154.0,61,,0.13,,2,muhimbili_tanzania
2022-03-31 19:00:00,26.5,80,22.9,10.2,20.2,0.0,1009.9,10.0,54,,0.03,,2,muhimbili_tanzania
2022-03-31 20:00:00,25.9,84,23.0,10.5,18.4,0.0,1010.8,0.0,48,,0.02,,1,muhimbili_tanzania
2022-03-31 21:00:00,25.3,87,23.0,10.1,18.4,0.0,1011.8,0.0,43,,0.01,,1,muhimbili_tanzania
2022-03-31 22:00:00,24.9,89,23.0,9.7,17.6,0.0,1012.4,0.0,32,,0.0,,1,muhimbili_tanzania
2022-03-31 23:00:00,24.7,91,23.1,10.3,18.0,0.0,1012.6,0.0,39,,0.0,,1,muhimbili_tanzania
2022-04-01 00:00:00,24.5,92,23.1,10.3,18.7,0.0,1012.2,0.0,40,,0.0,,1,muhimbili_tanzania
2022-04-01 01:00:00,24.4,93,23.1,9.0,18.4,0.0,1011.9,0.0,97,,0.0,,3,muhimbili_tanzania
2022-04-01 02:00:00,24.1,94,23.1,6.8,16.2,0.2,1011.0,0.0,49,,0.0,,51,muhimbili_tanzania
2022-04-01 03:00:00,24.4,91,22.8,8.7,12.6,1.0,1010.6,0.0,100,,0.0,,55,muhimbili_tanzania
2022-04-01 04:00:00,24.5,90,22.8,4.3,14.8,0.1,1010.6,0.0,89,,0.0,,51,muhimbili_tanzania
2022-04-01 05:00:00,24.4,91,22.8,6.1,10.8,0.0,1010.8,0.0,34,,0.0,,1,muhimbili_tanzania
2022-04-01 06:00:00,24.0,92,22.6,5.9,10.8,0.0,1011.4,0.0,40,,0.0,,1,muhimbili_tanzania
2022-04-01 07:00:00,24.3,91,22.7,7.9,13.3,0.0,1012.3,15.0,34,,0.01,,1,muhimbili_tanzania
2022-04-01 08:00:00,25.7,85,23.0,10.8,21.2,0.0,1013.0,181.0,21,,0.12,,1,muhimbili_tanzania
2022-04-01 09:00:00,27.3,78,23.1,10.0,24.1,0.0,1013.4,406.0,29,,0.28,,1,muhimbili_tanzania
2022-04-01 10:00:00,28.5,72,23.0,9.1,22.7,0.2,1013.5,572.0,47,,0.41,,51,muhimbili_tanzania
2022-04-01 11:00:00,28.9,73,23.5,7.9,22.0,0.3,1013.0,705.0,51,,0.5,,51,muhimbili_tanzania
2022-04-01 12:00:00,29.5,70,23.5,6.5,21.2,0.1,1012.2,843.0,100,,0.61,,51,muhimbili_tanzania
2022-04-01 13:00:00,29.6,70,23.6,9.4,24.1,0.1,1011.0,730.0,92,,0.54,,51,muhimbili_tanzania
2022-04-01 14:00:00,28.1,78,23.8,9.9,26.3,3.1,1010.3,477.0,72,,0.35,,63,muhimbili_tanzania
2022-04-01 15:00:00,29.4,72,23.8,11.2,22.3,0.1,1009.3,684.0,56,,0.49,,51,muhimbili_tanzania
2022-04-01 16:00:00,28.4,71,22.6,8.2,23.8,0.1,1009.2,330.0,31,,0.26,,51,muhimbili_tanzania
2022-04-01 17:00:00,29.1,69,22.8,9.4,20.9,0.0,1009.0,375.0,20,,0.28,,1,muhimbili_tanzania
2022-04-01 18:00:00,28.2,74,23.1,10.7,20.5,0.0,1009.4,163.0,21,,0.14,,1,muhimbili_tanzania
2022-04-01 19:00:00,27.2,79,23.1,11.5,20.2,0.0,1010.0,9.0,7,,0.04,,0,muhimbili_tanzania
2022-04-01 20:00:00,26.4,83,23.2,10.2,20.2,0.0,1011.3,0.0,1,,0.02,,0,muhimbili_tanzania
2022-04-01 21:00:00,25.9,86,23.4,7.3,18.0,0.0,1011.9,0.0,38,,0.0,,1,muhimbili_tanzania
2022-04-01 22:00:00,25.6,88,23.5,7.0,13.0,0.0,1012.6,0.0,46,,0.0,,1,muhimbili_tanzania
2022-04-01 23:00:00,25.4,90,23.6,6.6,11.9,0.0,1012.8,0.0,24,,0.0,,1,muhimbili_tanzania
2022-04-02 00:00:00,25.1,91,23.6,6.2,11.9,0.0,1012.5,0.0,23,,0.0,,1,muhimbili_tanzania
2022-04-02 01:00:00,24.6,94,23.5,4.9,11.2,0.0,1012.1,0.0,32,,0.0,,1,muhimbili_tanzania
2022-04-02 02:00:00,24.4,94,23.3,5.7,10.1,0.0,1011.3,0.0,2,,0.0,,0,muhimbili_tanzania
2022-04-02 03:00:00,24.7,92,23.4,6.3,12.2,0.0,1010.5,0.0,4,,0.0,,0,muhimbili_tanzania
2022-04-02 04:00:00,24.6,92,23.3,6.4,11.5,0.0,1010.5,0.0,10,,0.0,,0,muhimbili_tanzania
2022-04-02 05:00:00,24.5,93,23.3,5.9,11.5,0.0,1010.5,0.0,23,,0.0,,1,muhimbili_tanzania
2022-04-02 06:00:00,24.3,94,23.2,5.2,10.8,0.0,1010.9,0.0,70,,0.0,,2,muhimbili_tanzania
2022-04-02 07:00:00,24.7,92,23.4,6.5,10.4,0.1,1011.3,16.0,88,,0.01,,51,muhimbili_tanzania
2022-04-02 08:00:00,26.2,86,23.7,5.5,13.3,0.1,1012.3,165.0,83,,0.11,,51,muhimbili_tanzania
2022-04-02 09:00:00,27.5,81,24.0,6.1,16.9,0.1,1012.6,368.0,51,,0.26,,51,muhimbili_tanzania
2022-04-02 10:00:00,28.6,77,24.2,5.0,17.3,0.0,1012.9,590.0,22,,0.42,,1,muhimbili_tanzania
2022-04-02 11:00:00,29.4,74,24.2,5.7,18.4,0.0,1012.6,757.0,45,,0.55,,1,muhimbili_tanzania
2022-04-02 12:00:00,29.8,70,23.8,8.6,22.3,0.0,1011.5,760.0,92,,0.56,,3,muhimbili_tanzania
2022-04-02 13:00:00,28.0,78,23.9,10.5,25.2,0.8,1010.6,635.0,44,,0.45,,53,muhimbili_tanzania
2022-04-02 14:00:00,28.7,76,24.1,8.0,24.8,0.1,1009.7,673.0,23,,0.48,,51,muhimbili_tanzania
2022-04-02 15:00:00,28.5,78,24.2,10.0,26.3,0.1,1008.5,715.0,32,,0.5,,51,muhimbili_tanzania
2022-04-02 16:00:00,29.2,74,24.0,10.8,23.4,0.1,1007.9,505.0,19,,0.37,,51,muhimbili_tanzania
2022-04-02 17:00:00,29.0,72,23.4,13.8,28.1,0.0,1007.8,373.0,11,,0.29,,0,muhimbili_tanzania
2022-04-02 18:00:00,28.4,75,23.5,12.9,27.4,0.0,1008.3,160.0,89,,0.14,,3,muhimbili_tanzania
2022-04-02 19:00:00,27.4,80,23.5,12.4,23.4,0.0,1008.8,10.0,78,,0.04,,2,muhimbili_tanzania
2022-04-02 20:00:00,26.9,83,23.6,11.0,22.0,0.0,1009.7,0.0,51,,0.02,,2,muhimbili_tanzania
2022-04-02 21:00:00,26.4,85,23.6,9.5,19.1,0.0,1010.4,0.0,61,,0.01,,2,muhimbili_tanzania
2022-04-02 22:00:00,26.0,87,23.7,7.6,16.9,0.0,1011.3,0.0,80,,0.0,,3,muhimbili_tanzania
2022-04-02 23:00:00,25.6,89,23.7,6.5,13.0,0.0,1011.7,0.0,87,,0.0,,3,muhimbili_tanzania
2022-04-03 00:00:00,25.3,90,23.5,6.2,11.5,0.0,1011.6,0.0,73,,0.0,,2,muhimbili_tanzania
2022-04-03 01:00:00,25.0,90,23.2,6.7,11.9,0.0,1011.2,0.0,13,,0.0,,0,muhimbili_tanzania
2022-04-03 02:00:00,24.9,89,23.0,6.6,11.9,0.0,1010.7,0.0,11,,0.0,,0,muhimbili_tanzania
2022-04-03 03:00:00,25.0,88,23.0,5.5,11.9,0.0,1009.9,0.0,17,,0.0,,0,muhimbili_tanzania
2022-04-03 04:00:00,25.0,88,22.9,5.8,10.4,0.0,1009.9,0.0,11,,0.0,,0,muhimbili_tanzania
2022-04-03 05:00:00,24.8,89,22.9,5.6,10.1,0.0,1009.8,0.0,9,,0.0,,0,muhimbili_tanzania
2022-04-03 06:00:00,24.5,91,22.9,5.5,10.1,0.0,1010.3,0.0,8,,0.0,,0,muhimbili_tanzania
2022-04-03 07:00:00,25.0,89,23.1,7.7,12.6,0.0,1011.0,18.0,7,,0.01,,0,muhimbili_tanzania
2022-04-03 08:00:00,26.9,82,23.6,6.2,14.8,0.0,1011.8,193.0,12,,0.13,,0,muhimbili_tanzania
2022-04-03 09:00:00,28.5,72,23.1,5.4,15.5,0.0,1012.2,426.0,10,,0.3,,0,muhimbili_tanzania
2022-04-03 10:00:00,29.8,67,22.9,5.6,17.3,0.0,1012.5,652.0,14,,0.47,,0,muhimbili_tanzania
2022-04-03 11:00:00,30.5,63,22.6,6.6,19.1,0.0,1012.2,797.0,22,,0.59,,1,muhimbili_tanzania
2022-04-03 12:00:00,30.8,63,22.8,8.6,22.7,0.0,1011.2,897.0,23,,0.66,,1,muhimbili_tanzania
2022-04-03 13:00:00,30.5,66,23.4,11.1,26.6,0.2,1010.0,953.0,32,,0.69,,51,muhimbili_tanzania
2022-04-03 14:00:00,30.1,68,23.7,13.3,29.9,0.2,1009.1,883.0,19,,0.63,,51,muhimbili_tanzania
2022-04-03 15:00:00,30.0,69,23.6,8.7,31.0,0.1,1008.6,776.0,56,,0.56,,51,muhimbili_tanzania
2022-04-03 16:00:00,28.9,71,23.1,7.8,20.9,0.6,1008.3,527.0,93,,0.38,,53,muhimbili_tanzania
2022-04-03 17:00:00,29.0,71,23.2,7.6,19.1,0.0,1007.7,314.0,48,,0.24,,1,muhimbili_tanzania
2022-04-03 18:00:00,28.6,73,23.2,9.8,18.7,0.0,1008.0,154.0,13,,0.13,,0,muhimbili_tanzania
2022-04-03 19:00:00,27.8,77,23.4,9.8,17.6,0.0,1008.5,10.0,5,,0.04,,0,muhimbili_tanzania
2022-04-03 20:00:00,27.3,79,23.4,9.9,17.6,0.0,1009.2,0.0,3,,0.03,,0,muhimbili_tanzania
2022-04-03 21:00:00,26.7,83,23.5,7.7,17.3,0.0,1009.8,0.0,1,,0.01,,0,muhimbili_tanzania
2022-04-03 22:00:00,26.0,87,23.8,5.8,13.3,0.0,1010.5,0.0,2,,0.0,,0,muhimbili_tanzania
2022-04-03 23:00:00,25.2,91,23.7,5.4,10.1,0.0,1011.0,0.0,5,,0.0,,0,muhimbili_tanzania
2022-04-04 00:00:00,24.8,93,23.5,5.8,8.3,0.0,1010.7,0.0,2,,0.0,,0,muhimbili_tanzania
2022-04-04 01:00:00,24.6,92,23.3,5.4,7.9,0.0,1010.3,0.0,7,,0.0,,0,muhimbili_tanzania
2022-04-04 02:00:00,24.4,92,23.1,5.4,7.6,0.0,1009.8,0.0,13,,0.0,,0,muhimbili_tanzania
2022-04-04 03:00:00,25.0,92,23.6,4.7,7.6,0.0,1009.2,0.0,18,,0.0,,0,muhimbili_tanzania
2022-04-04 04:00:00,25.0,91,23.4,4.7,8.3,0.0,1009.4,0.0,100,,0.0,,3,muhimbili_tanzania
2022-04-04 05:00:00,24.9,90,23.1,4.8,8.6,0.0,1009.6,0.0,100,,0.0,,3,muhimbili_tanzania
2022-04-04 06:00:00,24.5,92,23.0,4.7,8.6,0.0,1010.2,0.0,26,,0.0,,1,muhimbili_tanzania
2022-04-04 07:00:00,25.0,90,23.3,6.0,9.7,0.0,1010.9,17.0,19,,0.01,,0,muhimbili_tanzania
2022-04-04 08:00:00,27.1,82,23.8,5.4,13.3,0.0,1011.9,188.0,23,,0.13,,1,muhimbili_tanzania
2022-04-04 09:00:00,28.5,74,23.5,4.0,14.0,0.0,1012.2,426.0,13,,0.3,,0,muhimbili_tanzania
2022-04-04 10:00:00,29.6,69,23.3,4.3,15.5,0.0,1012.6,637.0,19,,0.46,,0,muhimbili_tanzania
2022-04-04 11:00:00,30.4,65,23.1,6.0,18.7,0.0,1012.5,801.0,26,,0.59,,1,muhimbili_tanzania
2022-04-04 12:00:00,30.8,64,23.3,7.9,21.6,0.1,1011.6,922.0,27,,0.68,,51,muhimbili_tanzania
2022-04-04 13:00:00,30.5,68,24.0,11.0,26.6,0.2,1010.6,911.0,59,,0.66,,51,muhimbili_tanzania
2022-04-04 14:00:00,30.1,70,24.0,13.0,29.9,0.4,1009.7,847.0,42,,0.61,,51,muhimbili_tanzania
2022-04-04 15:00:00,30.0,69,23.8,13.0,31.0,0.1,1008.7,704.0,25,,0.51,,51,muhimbili_tanzania
2022-04-04 16:00:00,29.4,73,24.0,14.5,31.0,0.1,1008.3,591.0,17,,0.42,,51,muhimbili_tanzania
2022-04-04 17:00:00,29.0,73,23.6,15.1,30.6,0.0,1008.5,370.0,3,,0.28,,0,muhimbili_tanzania
2022-04-04 18:00:00,28.2,75,23.5,14.6,30.2,0.0,1009.0,171.0,8,,0.15,,0,muhimbili_tanzania
2022-04-04 19:00:00,27.5,80,23.6,11.4,26.3,0.0,1009.3,9.0,6,,0.04,,0,muhimbili_tanzania
2022-04-04 20:00:00,27.0,83,23.9,8.2,20.2,0.0,1009.8,0.0,15,,0.01,,0,muhimbili_tanzania
2022-04-04 21:00:00,26.5,86,24.1,6.9,14.4,0.0,1010.8,0.0,49,,0.0,,1,muhimbili_tanzania
2022-04-04 22:00:00,26.3,88,24.2,7.4,13.3,0.0,1011.3,0.0,56,,0.0,,2,muhimbili_tanzania
2022-04-04 23:00:00,26.0,89,24.1,6.4,13.3,0.0,1011.3,0.0,68,,0.0,,2,muhimbili_tanzania
2022-04-05 00:00:00,25.6,91,24.1,5.5,11.2,0.0,1011.1,0.0,91,,0.0,,3,muhimbili_tanzania
2022-04-05 01:00:00,25.1,93,24.0,4.7,9.7,0.0,1010.7,0.0,22,,0.0,,1,muhimbili_tanzania
2022-04-05 02:00:00,24.8,94,23.8,4.2,7.9,0.0,1010.3,0.0,80,,0.0,,3,muhimbili_tanzania
2022-04-05 03:00:00,24.8,95,24.0,4.0,7.9,0.0,1009.5,0.0,26,,0.0,,1,muhimbili_tanzania
2022-04-05 04:00:00,24.8,94,23.8,4.3,7.6,0.0,1009.7,0.0,79,,0.0,,2,muhimbili_tanzania
2022-04-05 05:00:00,24.5,94,23.5,5.4,9.7,0.0,1010.0,0.0,8,,0.0,,0,muhimbili_tanzania
2022-04-05 06:00:00,24.2,94,23.3,4.8,9.7,0.0,1010.8,0.0,4,,0.0,,0,muhimbili_tanzania
2022-04-05 07:00:00,24.9,92,23.5,6.4,10.4,0.0,1011.6,19.0,3,,0.01,,0,muhimbili_tanzania
2022-04-05 08:00:00,27.2,83,24.0,6.0,14.4,0.0,1012.2,202.0,0,,0.13,,0,muhimbili_tanzania
2022-04-05 09:00:00,28.6,73,23.4,5.5,16.2,0.0,1012.5,451.0,0,,0.32,,0,muhimbili_tanzania
2022-04-05 10:00:00,29.9,67,23.1,4.9,16.6,0.0,1012.7,683.0,19,,0.5,,0,muhimbili_tanzania
2022-04-05 11:00:00,30.9,62,22.7,5.6,18.4,0.0,1012.3,838.0,39,,0.62,,1,muhimbili_tanzania
2022-04-05 12:00:00,30.7,66,23.5,11.2,26.6,0.0,1011.6,919.0,38,,0.67,,1,muhimbili_tanzania
2022-04-05 13:00:00,29.7,73,24.4,15.1,34.2,0.1,1010.7,938.0,22,,0.64,,51,muhimbili_tanzania
2022-04-05 14:00:00,29.5,72,24.0,16.1,34.6,0.0,1009.9,821.0,14,,0.57,,0,muhimbili_tanzania
2022-04-05 15:00:00,29.3,71,23.5,14.1,35.6,0.0,1009.2,680.0,11,,0.49,,0,muhimbili_tanzania
2022-04-05 16:00:00,29.6,69,23.4,15.9,32.8,0.0,1008.7,591.0,41,,0.43,,1,muhimbili_tanzania
2022-04-05 17:00:00,29.0,72,23.4,16.8,33.5,0.0,1008.9,353.0,20,,0.28,,1,muhimbili_tanzania
2022-04-05 18:00:00,28.3,74,23.2,15.2,32.4,0.0,1009.2,153.0,23,,0.15,,1,muhimbili_tanzania
2022-04-05 19:00:00,27.6,78,23.4,11.5,27.0,0.0,1009.7,9.0,14,,0.04,,0,muhimbili_tanzania
2022-04-05 20:00:00,27.4,79,23.3,10.2,20.5,0.0,1010.6,0.0,45,,0.03,,1,muhimbili_tanzania
2022-04-05 21:00:00,27.0,81,23.5,8.7,17.6,0.0,1011.5,0.0,48,,0.02,,1,muhimbili_tanzania
2022-04-05 22:00:00,26.8,84,23.8,7.5,15.1,0.0,1012.0,0.0,45,,0.01,,1,muhimbili_tanzania
2022-04-05 23:00:00,26.3,86,23.9,5.4,13.0,0.0,1012.1,0.0,68,,0.0,,2,muhimbili_tanzania
2022-04-06 00:00:00,25.8,90,24.0,4.8,9.4,0.0,1011.8,0.0,51,,0.0,,2,muhimbili_tanzania
2022-04-06 01:00:00,25.2,93,23.9,7.2,9.0,0.0,1011.5,0.0,21,,0.0,,1,muhimbili_tanzania
2022-04-06 02:00:00,25.1,93,23.9,6.3,9.0,0.0,1011.0,0.0,27,,0.0,,1,muhimbili_tanzania
2022-04-06 03:00:00,25.2,93,24.0,5.5,7.9,0.0,1010.5,0.0,23,,0.0,,1,muhimbili_tanzania
2022-04-06 04:00:00,24.9,94,23.9,4.0,7.9,0.0,1010.7,0.0,12,,0.0,,0,muhimbili_tanzania
2022-04-06 05:00:00,24.6,94,23.5,4.4,7.9,0.0,1010.3,0.0,13,,0.0,,0,muhimbili_tanzania
2022-04-06 06:00:00,24.4,94,23.3,3.8,7.9,0.0,1010.7,0.0,16,,0.0,,0,muhimbili_tanzania
2022-04-06 07:00:00,25.2,90,23.5,4.7,7.9,0.0,1011.7,18.0,22,,0.01,,1,muhimbili_tanzania
2022-04-06 08:00:00,27.5,80,23.7,3.4,10.8,0.0,1012.3,194.0,20,,0.13,,1,muhimbili_tanzania
2022-04-06 09:00:00,28.7,74,23.6,5.4,15.8,0.1,1012.9,435.0,21,,0.31,,51,muhimbili_tanzania
2022-04-06 10:00:00,29.5,71,23.5,7.7,20.5,0.1,1013.1,634.0,21,,0.46,,51,muhimbili_tanzania
2022-04-06 11:00:00,30.0,68,23.5,10.0,24.8,0.1,1012.6,801.0,15,,0.58,,51,muhimbili_tanzania
2022-04-06 12:00:00,30.4,66,23.4,11.8,27.7,0.0,1011.5,891.0,1,,0.65,,0,muhimbili_tanzania
2022-04-06 13:00:00,30.5,65,23.0,13.2,30.2,0.0,1010.3,887.0,0,,0.65,,0,muhimbili_tanzania
2022-04-06 14:00:00,30.4,64,23.0,14.1,31.3,0.0,1009.5,884.0,0,,0.64,,0,muhimbili_tanzania
2022-04-06 15:00:00,29.9,67,23.0,13.7,32.8,0.0,1009.0,744.0,0,,0.54,,0,muhimbili_tanzania
2022-04-06 16:00:00,29.2,68,22.8,13.5,30.2,0.0,1008.4,542.0,1,,0.4,,0,muhimbili_tanzania
2022-04-06 17:00:00,28.7,70,22.8,14.4,29.5,0.0,1008.3,408.0,1,,0.31,,0,muhimbili_tanzania
2022-04-06 18:00:00,28.0,75,23.1,14.5,28.8,0.0,1008.4,167.0,1,,0.15,,0,muhimbili_tanzania
2022-04-06 19:00:00,27.5,78,23.4,12.4,26.3,0.0,1008.9,9.0,0,,0.04,,0,muhimbili_tanzania
2022-04-06 20:00:00,27.2,80,23.4,9.9,21.6,0.0,1009.7,0.0,1,,0.02,,0,muhimbili_tanzania
2022-04-06 21:00:00,27.0,81,23.4,8.4,17.3,0.0,1010.6,0.0,7,,0.02,,0,muhimbili_tanzania
2022-04-06 22:00:00,26.9,81,23.4,7.4,15.1,0.0,1011.1,0.0,21,,0.01,,1,muhimbili_tanzania
2022-04-06 23:00:00,26.6,84,23.6,6.1,13.0,0.0,1011.3,0.0,26,,0.01,,1,muhimbili_tanzania
2022-04-07 00:00:00,26.4,85,23.6,6.0,11.2,0.0,1011.2,0.0,29,,0.0,,1,muhimbili_tanzania
2022-04-07 01:00:00,26.0,87,23.6,5.0,10.4,0.0,1010.8,0.0,37,,0.0,,1,muhimbili_tanzania
2022-04-07 02:00:00,25.5,90,23.6,5.5,8.6,0.0,1010.6,0.0,37,,0.0,,1,muhimbili_tanzania
2022-04-07 03:00:00,25.6,90,23.8,5.2,9.0,0.0,1009.9,0.0,34,,0.0,,1,muhimbili_tanzania
2022-04-07 04:00:00,26.2,86,23.6,3.5,6.1,0.1,1010.4,0.0,27,,0.0,,51,muhimbili_tanzania
2022-04-07 05:00:00,26.1,86,23.6,2.5,4.3,0.0,1010.8,0.0,19,,0.0,,0,muhimbili_tanzania
2022-04-07 06:00:00,26.1,86,23.6,0.4,2.9,0.0,1011.5,0.0,13,,0.0,,0,muhimbili_tanzania
2022-04-07 07:00:00,25.8,90,23.9,2.6,4.7,0.0,1012.2,18.0,10,,0.01,,0,muhimbili_tanzania
2022-04-07 08:00:00,27.6,78,23.5,2.3,9.7,0.0,1012.9,195.0,6,,0.13,,0,muhimbili_tanzania
2022-04-07 09:00:00,28.9,71,23.0,3.4,13.0,0.0,1013.2,444.0,14,,0.31,,0,muhimbili_tanzania
2022-04-07 10:00:00,29.8,67,23.0,5.7,17.3,0.0,1013.5,649.0,15,,0.47,,0,muhimbili_tanzania
2022-04-07 11:00:00,30.4,64,22.8,8.1,21.6,0.0,1013.0,783.0,16,,0.58,,0,muhimbili_tanzania
2022-04-07 12:00:00,30.8,63,23.0,9.6,24.8,0.0,1012.0,904.0,3,,0.67,,0,muhimbili_tanzania
2022-04-07 13:00:00,30.8,63,22.9,12.7,29.5,0.0,1010.9,945.0,9,,0.69,,0,muhimbili_tanzania
2022-04-07 14:00:00,30.5,62,22.5,13.8,31.7,0.0,1010.2,910.0,4,,0.66,,0,muhimbili_tanzania
2022-04-07 15:00:00,30.2,65,23.0,12.6,31.7,0.0,1009.7,795.0,3,,0.58,,0,muhimbili_tanzania
2022-04-07 16:00:00,29.8,68,23.2,12.8,28.4,0.0,1009.3,628.0,1,,0.46,,0,muhimbili_tanzania
2022-04-07 17:00:00,29.0,71,23.1,11.7,28.4,0.0,1009.1,409.0,1,,0.3,,0,muhimbili_tanzania
2022-04-07 18:00:00,28.4,73,23.0,11.2,24.8,0.0,1009.3,166.0,0,,0.14,,0,muhimbili_tanzania
2022-04-07 19:00:00,27.6,77,23.3,8.4,21.2,0.0,1009.8,8.0,4,,0.03,,0,muhimbili_tanzania
2022-04-07 20:00:00,27.4,80,23.5,7.3,15.1,0.0,1010.7,0.0,8,,0.02,,0,muhimbili_tanzania
2022-04-07 21:00:00,27.1,81,23.6,7.0,13.3,0.0,1011.5,0.0,23,,0.01,,1,muhimbili_tanzania
2022-04-07 22:00:00,27.0,81,23.5,6.9,13.0,0.0,1012.1,0.0,31,,0.01,,1,muhimbili_tanzania
2022-04-07 23:00:00,26.9,82,23.5,5.8,12.2,0.0,1012.4,0.0,34,,0.01,,1,muhimbili_tanzania
2022-04-08 00:00:00,26.1,87,23.8,4.8,10.1,0.0,1012.3,0.0,32,,0.0,,1,muhimbili_tanzania
2022-04-08 01:00:00,25.5,91,23.9,6.7,8.3,0.0,1011.9,0.0,26,,0.0,,1,muhimbili_tanzania
2022-04-08 02:00:00,25.6,90,23.9,5.9,8.6,0.0,1011.6,0.0,19,,0.0,,0,muhimbili_tanzania
2022-04-08 03:00:00,25.6,90,23.9,5.6,7.6,0.1,1010.7,0.0,24,,0.0,,51,muhimbili_tanzania
2022-04-08 04:00:00,25.8,89,23.8,4.1,6.8,0.0,1010.9,0.0,19,,0.0,,0,muhimbili_tanzania
2022-04-08 05:00:00,25.6,90,23.9,2.0,5.4,0.2,1011.1,0.0,19,,0.0,,51,muhimbili_tanzania
2022-04-08 06:00:00,24.5,95,23.7,3.1,5.0,0.1,1011.8,0.0,16,,0.0,,51,muhimbili_tanzania
2022-04-08 07:00:00,25.6,92,24.1,5.3,8.3,0.0,1012.4,17.0,7,,0.01,,0,muhimbili_tanzania
2022-04-08 08:00:00,27.5,80,23.7,3.5,11.5,0.0,1013.1,189.0,9,,0.13,,0,muhimbili_tanzania
2022-04-08 09:00:00,28.9,71,23.1,1.6,11.2,0.0,1013.5,437.0,8,,0.31,,0,muhimbili_tanzania
2022-04-08 10:00:00,30.0,65,22.7,4.5,16.2,0.0,1013.7,654.0,17,,0.48,,0,muhimbili_tanzania
2022-04-08 11:00:00,30.8,62,22.6,5.8,19.1,0.0,1013.4,812.0,5,,0.6,,0,muhimbili_tanzania
2022-04-08 12:00:00,31.1,59,22.3,8.9,23.8,0.0,1012.5,917.0,22,,0.68,,1,muhimbili_tanzania
2022-04-08 13:00:00,30.8,63,22.9,11.3,27.7,0.0,1011.7,900.0,8,,0.66,,0,muhimbili_tanzania
2022-04-08 14:00:00,30.5,63,22.6,13.4,31.0,0.0,1010.8,854.0,6,,0.63,,0,muhimbili_tanzania
2022-04-08 15:00:00,30.1,65,23.0,13.6,31.3,0.0,1009.7,720.0,2,,0.53,,0,muhimbili_tanzania
2022-04-08 16:00:00,29.6,67,22.9,13.2,30.2,0.0,1009.3,546.0,4,,0.41,,0,muhimbili_tanzania
2022-04-08 17:00:00,29.2,68,22.7,12.1,28.4,0.0,1009.3,378.0,3,,0.29,,0,muhimbili_tanzania
2022-04-08 18:00:00,28.5,72,22.9,11.2,25.2,0.0,1009.6,158.0,0,,0.14,,0,muhimbili_tanzania
2022-04-08 19:00:00,27.8,76,23.2,10.9,21.2,0.0,1009.8,8.0,0,,0.04,,0,muhimbili_tanzania
2022-04-08 20:00:00,27.5,78,23.4,11.8,20.5,0.0,1010.7,0.0,0,,0.03,,0,muhimbili_tanzania
2022-04-08 21:00:00,27.1,81,23.6,10.4,20.9,0.0,1011.5,0.0,0,,0.02,,0,muhimbili_tanzania
2022-04-08 22:00:00,26.8,83,23.8,9.4,18.0,0.0,1012.1,0.0,3,,0.02,,0,muhimbili_tanzania
2022-04-08 23:00:00,26.5,85,23.8,9.8,17.3,0.0,1012.3,0.0,28,,0.01,,1,muhimbili_tanzania
2022-04-09 00:00:00,26.2,86,23.8,9.4,17.3,0.0,1012.1,0.0,10,,0.01,,0,muhimbili_tanzania
2022-04-09 01:00:00,26.0,88,23.8,8.8,16.2,0.0,1011.7,0.0,11,,0.01,,0,muhimbili_tanzania
2022-04-09 02:00:00,25.6,90,23.8,8.4,15.1,0.0,1011.2,0.0,5,,0.0,,0,muhimbili_tanzania
2022-04-09 03:00:00,25.6,88,23.5,8.0,14.4,0.0,1010.7,0.0,11,,0.0,,0,muhimbili_tanzania
2022-04-09 04:00:00,25.5,88,23.5,7.3,14.4,0.0,1010.7,0.0,19,,0.0,,0,muhimbili_tanzania
2022-04-09 05:00:00,25.1,91,23.5,5.4,13.0,0.0,1010.7,0.0,5,,0.0,,0,muhimbili_tanzania
2022-04-09 06:00:00,24.9,91,23.2,5.6,10.1,0.0,1011.1,0.0,13,,0.0,,0,muhimbili_tanzania
2022-04-09 07:00:00,25.3,88,23.1,8.7,14.4,0.0,1011.7,19.0,7,,0.02,,0,muhimbili_tanzania
2022-04-09 08:00:00,27.2,79,23.3,9.6,20.2,0.0,1012.2,196.0,5,,0.14,,0,muhimbili_tanzania
2022-04-09 09:00:00,28.8,72,23.2,9.5,22.7,0.0,1012.5,409.0,25,,0.3,,1,muhimbili_tanzania
2022-04-09 10:00:00,29.8,66,22.9,7.7,22.0,0.1,1012.4,596.0,36,,0.44,,51,muhimbili_tanzania
2022-04-09 11:00:00,30.5,63,22.5,8.4,22.7,0.1,1012.0,730.0,38,,0.55,,51,muhimbili_tanzania
2022-04-09 12:00:00,30.5,62,22.5,11.4,27.7,0.2,1011.2,868.0,32,,0.64,,51,muhimbili_tanzania
2022-04-09 13:00:00,30.1,66,23.0,11.2,28.8,0.3,1010.1,770.0,23,,0.57,,51,muhimbili_tanzania
2022-04-09 14:00:00,31.2,61,22.9,12.3,28.4,0.1,1009.0,841.0,88,,0.63,,51,muhimbili_tanzania
2022-04-09 15:00:00,30.9,61,22.6,15.8,33.5,0.1,1008.1,533.0,19,,0.44,,51,muhimbili_tanzania
2022-04-09 16:00:00,30.1,63,22.2,15.1,33.1,0.1,1008.0,457.0,16,,0.38,,51,muhimbili_tanzania
2022-04-09 17:00:00,30.0,63,22.1,14.4,31.0,0.0,1008.1,344.0,9,,0.3,,0,muhimbili_tanzania
2022-04-09 18:00:00,28.9,67,22.1,14.6,28.4,0.0,1008.6,156.0,9,,0.16,,0,muhimbili_tanzania
2022-04-09 19:00:00,27.8,75,22.9,12.7,26.3,0.0,1008.9,7.0,6,,0.05,,0,muhimbili_tanzania
2022-04-09 20:00:00,27.1,79,23.1,11.1,23.0,0.0,1009.8,0.0,3,,0.03,,0,muhimbili_tanzania
2022-04-09 21:00:00,26.8,81,23.2,10.9,19.8,0.0,1010.7,0.0,2,,0.02,,0,muhimbili_tanzania
2022-04-09 22:00:00,26.5,83,23.3,10.2,19.4,0.0,1011.3,0.0,4,,0.02,,0,muhimbili_tanzania
2022-04-09 23:00:00,26.2,84,23.2,9.3,17.6,0.0,1011.1,0.0,6,,0.01,,0,muhimbili_tanzania
2022-04-10 00:00:00,26.0,84,23.1,9.9,17.3,0.0,1010.9,0.0,3,,0.02,,0,muhimbili_tanzania
2022-04-10 01:00:00,25.8,85,23.0,10.1,17.6,0.0,1010.3,0.0,3,,0.01,,0,muhimbili_tanzania
2022-04-10 02:00:00,25.5,86,23.0,10.1,17.3,0.0,1009.8,0.0,0,,0.01,,0,muhimbili_tanzania
2022-04-10 03:00:00,25.4,87,23.1,9.5,17.3,0.0,1009.1,0.0,9,,0.01,,0,muhimbili_tanzania
2022-04-10 04:00:00,25.0,89,23.0,9.2,16.6,0.0,1009.3,0.0,7,,0.0,,0,muhimbili_tanzania
2022-04-10 05:00:00,24.8,90,23.0,11.2,19.1,0.0,1009.8,0.0,17,,0.01,,0,muhimbili_tanzania
2022-04-10 06:00:00,24.8,91,23.1,13.7,23.8,0.0,1010.4,0.0,12,,0.01,,0,muhimbili_tanzania
2022-04-10 07:00:00,25.0,89,23.0,15.4,28.8,0.0,1011.3,18.0,11,,0.03,,0,muhimbili_tanzania
2022-04-10 08:00:00,26.5,82,23.1,16.5,31.7,0.0,1012.1,190.0,39,,0.14,,1,muhimbili_tanzania
2022-04-10 09:00:00,28.3,73,23.0,14.4,32.0,0.0,1012.5,393.0,29,,0.29,,1,muhimbili_tanzania
2022-04-10 10:00:00,29.3,69,23.0,12.9,30.2,0.1,1012.9,577.0,24,,0.42,,51,muhimbili_tanzania
2022-04-10 11:00:00,30.2,65,23.0,11.6,29.2,0.0,1012.3,694.0,40,,0.52,,1,muhimbili_tanzania
2022-04-10 12:00:00,31.1,60,22.5,11.7,28.8,0.0,1011.3,796.0,96,,0.61,,3,muhimbili_tanzania
2022-04-10 13:00:00,30.1,64,22.6,14.5,31.0,0.6,1010.1,582.0,94,,0.46,,53,muhimbili_tanzania
2022-04-10 14:00:00,29.0,68,22.6,13.9,33.8,1.3,1009.7,648.0,78,,0.48,,61,muhimbili_tanzania
2022-04-10 15:00:00,29.6,69,23.2,5.9,29.5,0.0,1009.1,686.0,56,,0.5,,2,muhimbili_tanzania
2022-04-10 16:00:00,28.2,72,22.7,11.7,24.1,2.7,1009.3,444.0,90,,0.33,,63,muhimbili_tanzania
2022-04-10 17:00:00,27.7,76,23.0,9.7,27.7,0.0,1009.5,274.0,55,,0.21,,2,muhimbili_tanzania
2022-04-10 18:00:00,27.6,77,23.1,12.0,22.3,0.0,1009.6,130.0,48,,0.12,,1,muhimbili_tanzania
2022-04-10 19:00:00,26.7,82,23.4,10.7,22.0,0.0,1010.0,7.0,45,,0.03,,1,muhimbili_tanzania
2022-04-10 20:00:00,26.0,86,23.5,11.2,19.8,0.0,1010.7,0.0,9,,0.01,,0,muhimbili_tanzania
2022-04-10 21:00:00,25.8,87,23.4,11.2,19.4,0.0,1011.4,0.0,2,,0.01,,0,muhimbili_tanzania
2022-04-10 22:00:00,25.5,89,23.5,10.8,19.8,0.0,1011.7,0.0,3,,0.01,,0,muhimbili_tanzania
2022-04-10 23:00:00,25.4,90,23.6,10.7,19.1,0.0,1011.3,0.0,1,,0.01,,0,muhimbili_tanzania
2022-04-11 00:00:00,25.1,91,23.5,12.2,21.6,0.0,1011.1,0.0,0,,0.01,,0,muhimbili_tanzania
2022-04-11 01:00:00,24.8,92,23.4,12.4,22.3,0.0,1010.6,0.0,13,,0.0,,0,muhimbili_tanzania
2022-04-11 02:00:00,24.7,92,23.3,12.6,22.3,0.0,1010.2,0.0,27,,0.0,,1,muhimbili_tanzania
2022-04-11 03:00:00,24.9,88,22.8,12.9,22.7,0.0,1009.9,0.0,59,,0.01,,2,muhimbili_tanzania
2022-04-11 04:00:00,24.8,88,22.8,13.9,24.5,0.0,1009.9,0.0,91,,0.01,,3,muhimbili_tanzania
2022-04-11 05:00:00,24.8,88,22.8,15.0,26.6,0.0,1010.2,0.0,79,,0.02,,2,muhimbili_tanzania
2022-04-11 06:00:00,24.5,89,22.7,13.9,26.6,0.0,1010.6,0.0,68,,0.01,,2,muhimbili_tanzania
2022-04-11 07:00:00,24.9,88,22.8,15.0,26.6,0.0,1011.2,17.0,98,,0.03,,3,muhimbili_tanzania
2022-04-11 08:00:00,26.2,81,22.7,19.4,36.0,0.0,1012.2,166.0,100,,0.14,,3,muhimbili_tanzania
2022-04-11 09:00:00,27.5,74,22.5,17.4,36.7,0.0,1012.6,347.0,100,,0.26,,3,muhimbili_tanzania
2022-04-11 10:00:00,29.0,66,22.0,16.7,36.7,0.0,1012.8,552.0,100,,0.42,,3,muhimbili_tanzania
2022-04-11 11:00:00,30.2,64,22.6,13.3,34.9,0.0,1012.6,708.0,100,,0.53,,3,muhimbili_tanzania
2022-04-11 12:00:00,30.6,63,22.9,10.2,31.0,0.1,1011.6,833.0,100,,0.62,,51,muhimbili_tanzania
2022-04-11 13:00:00,31.2,60,22.6,11.0,29.2,0.0,1010.4,855.0,99,,0.65,,3,muhimbili_tanzania
2022-04-11 14:00:00,29.2,67,22.5,12.5,31.0,0.9,1009.4,614.0,95,,0.46,,53,muhimbili_tanzania
2022-04-11 15:00:00,29.2,69,23.0,12.9,28.4,0.0,1008.6,640.0,39,,0.47,,1,muhimbili_tanzania
2022-04-11 16:00:00,31.2,58,22.0,14.4,29.9,0.0,1008.2,559.0,89,,0.45,,3,muhimbili_tanzania
2022-04-11 17:00:00,29.9,60,21.4,14.8,30.2,0.3,1008.5,327.0,98,,0.3,,51,muhimbili_tanzania
2022-04-11 18:00:00,28.6,69,22.3,14.1,28.8,0.0,1008.9,131.0,97,,0.15,,3,muhimbili_tanzania
2022-04-11 19:00:00,27.2,79,23.2,13.2,25.2,0.0,1009.5,7.0,18,,0.04,,0,muhimbili_tanzania
2022-04-11 20:00:00,26.4,85,23.6,12.7,24.1,0.0,1010.5,0.0,37,,0.02,,1,muhimbili_tanzania
2022-04-11 21:00:00,26.1,86,23.7,8.9,22.7,0.0,1011.3,0.0,74,,0.01,,2,muhimbili_tanzania
2022-04-11 22:00:00,26.1,86,23.6,9.7,17.3,0.0,1011.5,0.0,74,,0.01,,2,muhimbili_tanzania
2022-04-11 23:00:00,26.1,86,23.6,9.5,17.3,0.0,1011.8,0.0,100,,0.01,,3,muhimbili_tanzania
2022-04-12 00:00:00,25.8,87,23.5,10.1,18.4,0.0,1011.5,0.0,100,,0.01,,3,muhimbili_tanzania
2022-04-12 01:00:00,25.4,87,23.1,13.1,22.7,0.0,1010.5,0.0,82,,0.02,,3,muhimbili_tanzania
2022-04-12 02:00:00,24.9,88,22.8,10.3,23.8,0.0,1009.8,0.0,89,,0.01,,3,muhimbili_tanzania
2022-04-12 03:00:00,24.8,88,22.6,11.4,19.8,0.0,1009.4,0.0,87,,0.01,,3,muhimbili_tanzania
2022-04-12 04:00:00,25.0,88,23.0,12.2,21.6,0.0,1008.8,0.0,100,,0.01,,3,muhimbili_tanzania
2022-04-12 05:00:00,25.0,88,22.8,13.7,25.2,0.0,1009.0,0.0,100,,0.02,,3,muhimbili_tanzania
2022-04-12 06:00:00,24.6,88,22.5,14.3,25.6,0.0,1010.3,0.0,100,,0.02,,3,muhimbili_tanzania
2022-04-12 07:00:00,24.9,87,22.5,16.3,31.3,0.0,1010.8,13.0,100,,0.04,,3,muhimbili_tanzania
2022-04-12 08:00:00,25.0,80,21.4,14.8,33.1,0.0,1011.5,84.0,97,,0.09,,3,muhimbili_tanzania
2022-04-12 09:00:00,27.2,72,21.8,17.0,34.2,0.0,1012.0,397.0,100,,0.29,,3,muhimbili_tanzania
2022-04-12 10:00:00,28.8,66,21.8,17.3,37.4,0.0,1011.5,587.0,100,,0.43,,3,muhimbili_tanzania
2022-04-12 11:00:00,28.5,67,21.7,21.6,43.6,0.7,1012.0,756.0,100,,0.53,,53,muhimbili_tanzania
2022-04-12 12:00:00,27.5,74,22.5,13.0,43.6,0.7,1010.9,422.0,100,,0.32,,53,muhimbili_tanzania
2022-04-12 13:00:00,29.1,68,22.5,17.1,35.6,0.1,1010.3,541.0,100,,0.42,,51,muhimbili_tanzania
2022-04-12 14:00:00,28.5,70,22.6,16.2,38.5,0.4,1008.5,564.0,100,,0.42,,51,muhimbili_tanzania
2022-04-12 15:00:00,26.4,83,23.1,17.0,34.6,0.2,1008.6,299.0,100,,0.22,,51,muhimbili_tanzania
2022-04-12 16:00:00,26.6,81,23.0,14.9,32.0,0.2,1008.4,142.0,100,,0.14,,51,muhimbili_tanzania
2022-04-12 17:00:00,26.5,81,23.0,14.3,27.4,0.3,1008.9,87.0,100,,0.1,,51,muhimbili_tanzania
2022-04-12 18:00:00,25.5,88,23.3,14.4,25.9,0.5,1008.8,32.0,100,,0.06,,53,muhimbili_tanzania
2022-04-12 19:00:00,25.0,90,23.2,13.0,27.4,0.4,1009.3,2.0,100,,0.03,,51,muhimbili_tanzania
2022-04-12 20:00:00,24.5,94,23.5,12.7,23.8,0.8,1010.3,0.0,100,,0.0,,53,muhimbili_tanzania
2022-04-12 21:00:00,24.5,94,23.4,10.9,23.0,1.0,1010.7,0.0,100,,0.0,,55,muhimbili_tanzania
2022-04-12 22:00:00,24.5,93,23.3,10.5,19.8,0.3,1011.1,0.0,100,,0.0,,51,muhimbili_tanzania
2022-04-12 23:00:00,24.4,93,23.2,11.1,19.8,0.0,1010.7,0.0,100,,0.0,,3,muhimbili_tanzania
2022-04-13 00:00:00,24.2,93,23.0,11.5,20.5,0.0,1010.0,0.0,100,,0.0,,3,muhimbili_tanzania
2022-04-13 01:00:00,24.1,92,22.9,11.5,20.9,0.1,1009.2,0.0,100,,0.0,,51,muhimbili_tanzania
2022-04-13 02:00:00,23.2,96,22.5,14.1,25.9,11.5,1008.9,0.0,100,,0.0,,65,muhimbili_tanzania
2022-04-13 03:00:00,24.0,94,22.9,11.6,26.3,5.0,1008.4,0.0,100,,0.0,,63,muhimbili_tanzania
2022-04-13 04:00:00,24.0,94,23.0,10.6,21.2,2.0,1008.3,0.0,100,,0.0,,61,muhimbili_tanzania
2022-04-13 05:00:00,23.9,95,23.0,12.9,22.7,1.4,1008.1,0.0,100,,0.0,,61,muhimbili_tanzania
2022-04-13 06:00:00,23.9,95,23.0,14.2,25.6,0.9,1008.7,0.0,100,,0.0,,53,muhimbili_tanzania
2022-04-13 07:00:00,23.9,95,23.0,14.0,24.8,0.4,1009.3,5.0,100,,0.02,,51,muhimbili_tanzania
2022-04-13 08:00:00,24.2,92,22.9,12.5,27.0,0.1,1010.2,40.0,100,,0.05,,51,muhimbili_tanzania
2022-04-13 09:00:00,24.9,88,22.7,12.6,24.1,0.1,1011.2,147.0,100,,0.11,,51,muhimbili_tanzania
2022-04-13 10:00:00,25.2,86,22.6,13.6,25.9,0.1,1010.9,139.0,100,,0.12,,51,muhimbili_tanzania
2022-04-13 11:00:00,25.4,86,22.8,13.1,26.6,0.4,1010.7,119.0,100,,0.11,,51,muhimbili_tanzania
2022-04-13 12:00:00,25.8,84,22.9,13.5,29.2,0.5,1010.0,239.0,100,,0.18,,53,muhimbili_tanzania
2022-04-13 13:00:00,26.3,82,22.9,12.6,27.4,0.4,1009.1,276.0,100,,0.21,,51,muhimbili_tanzania
2022-04-13 14:00:00,26.7,80,23.0,14.1,26.6,0.3,1007.6,303.0,100,,0.23,,51,muhimbili_tanzania
2022-04-13 15:00:00,27.8,77,23.4,13.1,29.2,0.2,1007.3,314.0,100,,0.25,,51,muhimbili_tanzania
2022-04-13 16:00:00,27.6,76,23.0,12.2,26.3,0.1,1006.8,315.0,92,,0.25,,51,muhimbili_tanzania
2022-04-13 17:00:00,27.9,75,23.0,12.6,26.6,0.0,1006.9,341.0,90,,0.25,,3,muhimbili_tanzania
2022-04-13 18:00:00,27.1,77,22.8,12.4,24.8,0.0,1007.3,136.0,72,,0.12,,2,muhimbili_tanzania
2022-04-13 19:00:00,25.9,84,23.0,15.0,27.0,0.0,1007.8,5.0,70,,0.04,,2,muhimbili_tanzania
2022-04-13 20:00:00,25.1,88,22.9,13.7,26.3,0.0,1008.4,0.0,75,,0.02,,2,muhimbili_tanzania
2022-04-13 21:00:00,24.5,89,22.5,12.3,24.8,0.0,1009.5,0.0,97,,0.01,,3,muhimbili_tanzania
2022-04-13 22:00:00,24.5,89,22.5,11.4,21.6,0.0,1009.7,0.0,84,,0.01,,3,muhimbili_tanzania
2022-04-13 23:00:00,24.1,91,22.6,10.1,20.2,0.0,1010.0,0.0,100,,0.0,,3,muhimbili_tanzania
2022-04-14 00:00:00,23.9,93,22.8,9.0,18.0,0.0,1009.5,0.0,100,,0.0,,3,muhimbili_tanzania
2022-04-14 01:00:00,23.6,95,22.8,10.3,17.6,0.0,1008.8,0.0,100,,0.0,,3,muhimbili_tanzania
2022-04-14 02:00:00,23.8,94,22.8,9.0,20.5,0.0,1008.6,0.0,89,,0.0,,3,muhimbili_tanzania
2022-04-14 03:00:00,23.9,94,22.9,10.9,16.9,0.0,1007.7,0.0,100,,0.0,,3,muhimbili_tanzania
2022-04-14 04:00:00,24.0,92,22.7,9.8,20.2,1.3,1007.7,0.0,99,,0.0,,61,muhimbili_tanzania
2022-04-14 05:00:00,23.3,94,22.2,5.2,19.1,7.3,1008.0,0.0,100,,0.0,,63,muhimbili_tanzania
2022-04-14 06:00:00,23.2,94,22.1,4.2,12.2,0.8,1008.9,0.0,100,,0.0,,53,muhimbili_tanzania
2022-04-14 07:00:00,23.6,93,22.4,9.4,20.2,0.4,1009.8,5.0,100,,0.02,,51,muhimbili_tanzania
2022-04-14 08:00:00,23.7,92,22.4,7.9,24.1,1.5,1010.5,76.0,99,,0.06,,61,muhimbili_tanzania
2022-04-14 09:00:00,24.0,93,22.8,10.0,25.9,5.0,1011.7,216.0,100,,0.14,,63,muhimbili_tanzania
2022-04-14 10:00:00,24.1,91,22.6,7.1,21.2,0.8,1011.8,75.0,100,,0.07,,53,muhimbili_tanzania
2022-04-14 11:00:00,26.4,82,23.0,7.3,18.7,0.6,1011.5,509.0,100,,0.35,,53,muhimbili_tanzania
2022-04-14 12:00:00,26.9,80,23.2,9.7,21.6,0.2,1010.3,428.0,100,,0.31,,51,muhimbili_tanzania
2022-04-14 13:00:00,27.4,77,23.0,13.1,26.6,0.2,1009.1,411.0,100,,0.31,,51,muhimbili_tanzania
2022-04-14 14:00:00,28.0,75,23.2,13.4,31.0,0.2,1008.2,654.0,100,,0.45,,51,muhimbili_tanzania
2022-04-14 15:00:00,26.1,83,23.1,14.8,28.8,0.3,1008.0,436.0,100,,0.29,,51,muhimbili_tanzania
2022-04-14 16:00:00,26.4,81,22.9,13.0,28.4,0.1,1007.5,193.0,100,,0.16,,51,muhimbili_tanzania
2022-04-14 17:00:00,26.2,83,23.1,12.3,24.5,0.1,1007.9,88.0,100,,0.1,,51,muhimbili_tanzania
2022-04-14 18:00:00,25.9,85,23.1,12.2,23.0,0.0,1008.3,58.0,100,,0.07,,3,muhimbili_tanzania
2022-04-14 19:00:00,25.2,88,23.1,13.0,23.8,0.0,1008.7,4.0,97,,0.03,,3,muhimbili_tanzania
2022-04-14 20:00:00,24.9,90,23.1,10.2,23.0,0.0,1009.4,0.0,100,,0.0,,3,muhimbili_tanzania
2022-04-14 21:00:00,24.8,91,23.2,9.9,18.4,0.0,1010.2,0.0,100,,0.0,,3,muhimbili_tanzania
2022-04-14 22:00:00,24.6,92,23.2,9.6,17.6,0.0,1010.5,0.0,100,,0.0,,3,muhimbili_tanzania
2022-04-14 23:00:00,24.8,92,23.3,10.0,18.0,0.0,1010.6,0.0,76,,0.0,,2,muhimbili_tanzania
2022-04-15 00:00:00,24.6,92,23.4,10.9,19.1,0.0,1010.3,0.0,43,,0.0,,1,muhimbili_tanzania
2022-04-15 01:00:00,24.3,94,23.2,9.8,19.1,0.6,1010.1,0.0,100,,0.0,,53,muhimbili_tanzania
2022-04-15 02:00:00,24.6,93,23.4,11.2,18.7,0.2,1009.6,0.0,100,,0.0,,51,muhimbili_tanzania
2022-04-15 03:00:00,24.1,92,22.8,11.8,20.9,0.1,1009.1,0.0,84,,0.0,,51,muhimbili_tanzania
2022-04-15 04:00:00,23.5,91,22.0,15.6,30.2,0.2,1009.7,0.0,81,,0.01,,51,muhimbili_tanzania
2022-04-15 05:00:00,23.8,90,22.0,10.2,27.4,0.1,1009.4,0.0,51,,0.0,,51,muhimbili_tanzania
2022-04-15 06:00:00,23.5,93,22.2,9.4,19.1,0.0,1010.2,0.0,56,,0.0,,2,muhimbili_tanzania
2022-04-15 07:00:00,23.8,92,22.5,9.4,17.6,0.1,1011.0,17.0,97,,0.01,,51,muhimbili_tanzania
2022-04-15 08:00:00,25.0,88,23.0,10.8,22.0,0.2,1011.7,136.0,100,,0.09,,51,muhimbili_tanzania
2022-04-15 09:00:00,25.6,86,23.1,13.4,28.8,0.3,1012.1,250.0,87,,0.17,,51,muhimbili_tanzania
2022-04-15 10:00:00,26.2,83,23.2,11.6,28.1,0.5,1012.5,409.0,100,,0.28,,53,muhimbili_tanzania
2022-04-15 11:00:00,27.5,80,23.6,13.2,29.2,0.1,1012.1,486.0,100,,0.34,,51,muhimbili_tanzania
2022-04-15 12:00:00,27.8,77,23.3,13.6,29.9,0.3,1010.8,320.0,84,,0.26,,51,muhimbili_tanzania
2022-04-15 13:00:00,29.2,73,24.0,12.9,33.5,0.0,1009.9,847.0,100,,0.59,,3,muhimbili_tanzania
2022-04-15 14:00:00,28.9,71,23.0,19.1,35.6,0.7,1009.3,789.0,100,,0.54,,53,muhimbili_tanzania
2022-04-15 15:00:00,27.0,81,23.5,18.8,41.0,1.6,1008.6,339.0,100,,0.25,,61,muhimbili_tanzania
2022-04-15 16:00:00,27.8,77,23.5,14.5,36.0,0.1,1008.4,492.0,100,,0.34,,51,muhimbili_tanzania
2022-04-15 17:00:00,26.6,80,22.9,18.4,36.4,0.9,1008.9,301.0,100,,0.22,,53,muhimbili_tanzania
2022-04-15 18:00:00,25.4,88,23.1,12.2,34.6,0.7,1008.9,75.0,100,,0.07,,53,muhimbili_tanzania
2022-04-15 19:00:00,24.8,91,23.1,11.2,23.4,0.0,1009.7,5.0,100,,0.01,,3,muhimbili_tanzania
2022-04-15 20:00:00,24.5,92,23.1,11.4,20.9,0.0,1010.4,0.0,100,,0.0,,3,muhimbili_tanzania
2022-04-15 21:00:00,24.2,93,23.0,9.8,19.8,0.1,1011.4,0.0,95,,0.0,,51,muhimbili_tanzania
2022-04-15 22:00:00,24.1,92,22.9,11.6,22.3,0.1,1011.7,0.0,91,,0.0,,51,muhimbili_tanzania
2022-04-15 23:00:00,23.4,96,22.8,8.9,20.2,3.8,1012.1,0.0,100,,0.0,,63,muhimbili_tanzania
2022-04-16 00:00:00,23.5,95,22.7,6.9,20.2,0.5,1011.5,0.0,100,,0.0,,53,muhimbili_tanzania
2022-04-16 01:00:00,22.6,97,22.2,7.9,18.0,7.4,1011.5,0.0,100,,0.0,,63,muhimbili_tanzania
2022-04-16 02:00:00,22.8,96,22.1,6.5,20.5,0.8,1010.7,0.0,100,,0.0,,53,muhimbili_tanzania
2022-04-16 03:00:00,23.5,94,22.5,6.8,27.0,4.8,1009.5,0.0,100,,0.0,,63,muhimbili_tanzania
2022-04-16 04:00:00,23.4,95,22.5,9.0,19.8,6.3,1009.9,0.0,100,,0.0,,63,muhimbili_tanzania
2022-04-16 05:00:00,23.4,95,22.5,10.5,20.5,0.3,1009.3,0.0,100,,0.0,,51,muhimbili_tanzania
2022-04-16 06:00:00,23.0,96,22.4,7.2,21.6,3.7,1010.8,0.0,100,,0.0,,63,muhimbili_tanzania
2022-04-16 07:00:00,23.2,95,22.4,12.6,22.7,1.0,1011.5,3.0,100,,0.02,,55,muhimbili_tanzania
2022-04-16 08:00:00,23.3,94,22.4,12.0,25.2,1.7,1012.4,44.0,100,,0.04,,61,muhimbili_tanzania
2022-04-16 09:00:00,24.6,89,22.6,14.2,26.6,1.3,1012.7,205.0,100,,0.14,,61,muhimbili_tanzania
2022-04-16 10:00:00,25.9,83,22.8,15.3,29.5,0.4,1013.1,362.0,100,,0.25,,51,muhimbili_tanzania
2022-04-16 11:00:00,26.4,81,22.8,14.5,31.0,0.1,1012.7,426.0,100,,0.3,,51,muhimbili_tanzania
2022-04-16 12:00:00,28.1,74,23.1,12.7,31.3,0.0,1012.0,620.0,100,,0.44,,3,muhimbili_tanzania
2022-04-16 13:00:00,28.6,73,23.2,10.1,29.9,0.2,1010.6,542.0,100,,0.4,,51,muhimbili_tanzania
2022-04-16 14:00:00,25.8,85,23.0,13.8,30.2,5.4,1010.4,340.0,100,,0.24,,63,muhimbili_tanzania
2022-04-16 15:00:00,26.9,82,23.6,6.9,27.7,0.2,1009.6,362.0,100,,0.26,,51,muhimbili_tanzania
2022-04-16 16:00:00,27.8,79,23.8,13.1,28.4,0.1,1009.1,446.0,100,,0.31,,51,muhimbili_tanzania
2022-04-16 17:00:00,27.5,79,23.5,11.5,28.4,1.2,1009.3,323.0,100,,0.23,,55,muhimbili_tanzania
2022-04-16 18:00:00,25.8,87,23.5,10.0,23.8,2.5,1010.2,68.0,100,,0.06,,63,muhimbili_tanzania
2022-04-16 19:00:00,25.1,89,23.2,11.2,19.1,0.0,1010.6,3.0,100,,0.02,,3,muhimbili_tanzania
2022-04-16 20:00:00,24.5,91,22.9,12.6,22.0,0.0,1010.8,0.0,100,,0.01,,3,muhimbili_tanzania
2022-04-16 21:00:00,24.1,92,22.8,13.0,23.0,0.0,1011.6,0.0,100,,0.0,,3,muhimbili_tanzania
2022-04-16 22:00:00,24.2,94,23.1,13.3,23.8,0.0,1012.0,0.0,100,,0.0,,3,muhimbili_tanzania
2022-04-16 23:00:00,24.5,92,23.2,14.1,24.8,0.0,1012.1,0.0,100,,0.0,,3,muhimbili_tanzania
2022-04-17 00:00:00,24.5,93,23.2,9.7,25.2,0.0,1011.8,0.0,100,,0.0,,3,muhimbili_tanzania
2022-04-17 01:00:00,24.0,95,23.2,10.8,17.6,0.0,1011.4,0.0,100,,0.0,,3,muhimbili_tanzania
2022-04-17 02:00:00,24.0,95,23.1,10.7,23.4,0.1,1010.5,0.0,100,,0.0,,51,muhimbili_tanzania
2022-04-17 03:00:00,23.9,94,22.8,10.2,23.8,0.0,1010.7,0.0,100,,0.0,,3,muhimbili_tanzania
2022-04-17 04:00:00,24.0,93,22.8,12.4,22.3,0.1,1010.6,0.0,100,,0.0,,51,muhimbili_tanzania
2022-04-17 05:00:00,23.9,94,22.8,14.1,25.2,0.1,1010.4,0.0,100,,0.0,,51,muhimbili_tanzania
2022-04-17 06:00:00,23.6,95,22.7,9.6,24.5,0.1,1010.4,0.0,100,,0.0,,51,muhimbili_tanzania
2022-04-17 07:00:00,24.1,93,22.9,12.7,22.7,0.0,1011.1,10.0,100,,0.02,,3,muhimbili_tanzania
2022-04-17 08:00:00,25.0,88,22.9,13.8,27.0,0.0,1012.4,88.0,100,,0.08,,3,muhimbili_tanzania
2022-04-17 09:00:00,25.3,86,22.9,16.2,31.7,0.6,1013.1,173.0,100,,0.13,,53,muhimbili_tanzania
2022-04-17 10:00:00,25.4,86,22.9,15.1,32.0,1.3,1013.4,231.0,100,,0.17,,61,muhimbili_tanzania
2022-04-17 11:00:00,26.9,82,23.5,16.6,35.3,0.3,1013.0,441.0,100,,0.3,,51,muhimbili_tanzania
2022-04-17 12:00:00,27.0,77,22.6,16.4,34.9,0.4,1012.0,412.0,100,,0.3,,51,muhimbili_tanzania
2022-04-17 13:00:00,27.9,77,23.6,14.8,32.8,0.2,1011.1,546.0,100,,0.39,,51,muhimbili_tanzania
2022-04-17 14:00:00,29.2,71,23.5,13.5,31.7,0.0,1009.7,672.0,100,,0.49,,3,muhimbili_tanzania
2022-04-17 15:00:00,29.4,69,23.0,15.6,29.9,0.0,1009.0,470.0,100,,0.37,,3,muhimbili_tanzania
2022-04-17 16:00:00,28.4,75,23.5,8.9,29.9,1.9,1009.0,410.0,87,,0.3,,61,muhimbili_tanzania
2022-04-17 17:00:00,28.5,73,23.2,9.1,22.0,0.0,1008.7,319.0,91,,0.24,,3,muhimbili_tanzania
2022-04-17 18:00:00,26.9,80,23.0,9.8,20.2,0.5,1009.8,133.0,96,,0.1,,53,muhimbili_tanzania
2022-04-17 19:00:00,25.1,87,22.8,2.5,18.4,3.8,1010.7,4.0,99,,0.0,,63,muhimbili_tanzania
2022-04-17 20:00:00,24.5,91,23.0,1.8,7.2,4.1,1011.1,0.0,23,,0.0,,63,muhimbili_tanzania
2022-04-17 21:00:00,24.4,92,23.0,4.8,8.3,0.0,1011.3,0.0,2,,0.0,,0,muhimbili_tanzania
2022-04-17 22:00:00,24.1,94,23.1,5.4,10.4,0.0,1011.5,0.0,3,,0.0,,0,muhimbili_tanzania
2022-04-17 23:00:00,23.8,95,22.9,4.4,9.7,0.0,1011.8,0.0,9,,0.0,,0,muhimbili_tanzania
2022-04-18 00:00:00,23.7,94,22.8,5.6,10.1,0.0,1011.5,0.0,17,,0.0,,0,muhimbili_tanzania
2022-04-18 01:00:00,23.9,93,22.6,9.2,15.8,0.0,1010.8,0.0,22,,0.0,,1,muhimbili_tanzania
2022-04-18 02:00:00,23.6,94,22.5,7.7,16.2,0.0,1010.1,0.0,14,,0.0,,0,muhimbili_tanzania
2022-04-18 03:00:00,24.0,93,22.9,10.6,13.7,0.0,1009.5,0.0,21,,0.0,,1,muhimbili_tanzania
2022-04-18 04:00:00,24.1,94,23.0,10.0,18.7,0.0,1009.7,0.0,14,,0.0,,0,muhimbili_tanzania
2022-04-18 05:00:00,23.8,95,22.9,9.4,17.3,0.0,1009.7,0.0,44,,0.0,,1,muhimbili_tanzania
2022-04-18 06:00:00,24.0,93,22.8,10.2,17.6,0.0,1010.2,0.0,7,,0.0,,0,muhimbili_tanzania
2022-04-18 07:00:00,24.2,91,22.8,11.2,19.1,0.0,1010.7,19.0,31,,0.02,,1,muhimbili_tanzania
2022-04-18 08:00:00,25.9,85,23.2,10.8,22.0,0.0,1011.5,172.0,29,,0.12,,1,muhimbili_tanzania
2022-04-18 09:00:00,27.5,78,23.2,12.8,25.6,0.0,1012.2,384.0,25,,0.27,,1,muhimbili_tanzania
2022-04-18 10:00:00,28.3,75,23.4,15.2,31.7,0.0,1012.0,538.0,46,,0.38,,1,muhimbili_tanzania
2022-04-18 11:00:00,29.5,71,23.9,15.9,32.8,0.1,1011.4,740.0,17,,0.52,,51,muhimbili_tanzania
2022-04-18 12:00:00,29.6,71,23.8,17.0,35.6,0.4,1010.4,866.0,45,,0.6,,51,muhimbili_tanzania
2022-04-18 13:00:00,30.5,68,23.9,13.7,34.6,0.0,1009.7,829.0,21,,0.6,,1,muhimbili_tanzania
2022-04-18 14:00:00,30.8,66,23.6,13.7,31.0,0.0,1008.6,821.0,50,,0.6,,2,muhimbili_tanzania
2022-04-18 15:00:00,30.1,65,22.8,11.4,31.7,0.0,1008.2,720.0,38,,0.53,,1,muhimbili_tanzania
2022-04-18 16:00:00,30.2,63,22.5,13.4,25.9,0.1,1007.8,572.0,25,,0.44,,51,muhimbili_tanzania
2022-04-18 17:00:00,29.4,68,22.8,15.0,28.8,0.0,1008.1,349.0,11,,0.28,,0,muhimbili_tanzania
2022-04-18 18:00:00,27.9,76,23.3,12.3,28.1,0.0,1008.5,139.0,1,,0.12,,0,muhimbili_tanzania
2022-04-18 19:00:00,26.8,82,23.5,11.0,22.0,0.0,1009.1,5.0,0,,0.03,,0,muhimbili_tanzania
2022-04-18 20:00:00,26.2,85,23.5,9.9,19.1,0.0,1010.0,0.0,3,,0.01,,0,muhimbili_tanzania
2022-04-18 21:00:00,25.9,87,23.6,8.8,17.3,0.0,1010.8,0.0,7,,0.01,,0,muhimbili_tanzania
2022-04-18 22:00:00,25.7,89,23.7,9.5,16.2,0.0,1011.4,0.0,8,,0.01,,0,muhimbili_tanzania
2022-04-18 23:00:00,25.5,90,23.6,9.8,16.9,0.0,1011.7,0.0,20,,0.0,,1,muhimbili_tanzania
2022-04-19 00:00:00,25.4,90,23.6,9.4,17.3,0.0,1011.5,0.0,21,,0.0,,1,muhimbili_tanzania
2022-04-19 01:00:00,25.0,91,23.5,10.7,18.0,0.0,1011.0,0.0,24,,0.0,,1,muhimbili_tanzania
2022-04-19 02:00:00,24.8,92,23.3,10.6,20.2,0.0,1010.3,0.0,13,,0.0,,0,muhimbili_tanzania
2022-04-19 03:00:00,24.4,91,22.9,11.9,19.1,0.0,1010.0,0.0,9,,0.0,,0,muhimbili_tanzania
2022-04-19 04:00:00,24.1,94,23.1,10.7,20.5,0.0,1010.1,0.0,12,,0.0,,0,muhimbili_tanzania
2022-04-19 05:00:00,24.1,94,23.1,11.3,19.8,0.0,1010.1,0.0,17,,0.0,,0,muhimbili_tanzania
2022-04-19 06:00:00,24.0,94,22.9,12.8,22.7,0.0,1010.6,0.0,38,,0.0,,1,muhimbili_tanzania
2022-04-19 07:00:00,24.2,92,22.9,13.9,24.8,0.0,1011.3,18.0,18,,0.02,,0,muhimbili_tanzania
2022-04-19 08:00:00,25.8,86,23.2,16.6,32.8,0.0,1012.1,173.0,65,,0.12,,2,muhimbili_tanzania
2022-04-19 09:00:00,27.0,81,23.5,14.9,33.8,0.2,1012.7,376.0,43,,0.26,,51,muhimbili_tanzania
2022-04-19 10:00:00,27.9,79,23.9,15.6,32.4,0.0,1012.6,548.0,65,,0.37,,2,muhimbili_tanzania
2022-04-19 11:00:00,28.8,75,23.9,11.7,32.4,0.0,1012.6,662.0,98,,0.47,,3,muhimbili_tanzania
2022-04-19 12:00:00,28.6,76,23.9,8.1,27.4,0.3,1012.0,781.0,100,,0.55,,51,muhimbili_tanzania
2022-04-19 13:00:00,28.5,76,23.9,6.6,24.1,0.4,1010.8,517.0,89,,0.38,,51,muhimbili_tanzania
2022-04-19 14:00:00,29.5,74,24.4,8.7,22.7,0.1,1010.0,734.0,78,,0.53,,51,muhimbili_tanzania
2022-04-19 15:00:00,28.3,73,23.0,10.5,24.5,2.9,1009.7,614.0,68,,0.44,,63,muhimbili_tanzania
2022-04-19 16:00:00,29.0,70,23.0,7.3,20.2,0.1,1009.0,411.0,22,,0.31,,51,muhimbili_tanzania
2022-04-19 17:00:00,29.3,69,23.0,9.7,20.2,0.0,1009.0,360.0,26,,0.27,,1,muhimbili_tanzania
2022-04-19 18:00:00,28.2,72,22.8,11.0,20.5,0.0,1009.3,128.0,18,,0.12,,0,muhimbili_tanzania
2022-04-19 19:00:00,27.3,78,23.1,10.8,20.2,0.0,1009.9,4.0,16,,0.04,,0,muhimbili_tanzania
2022-04-19 20:00:00,26.7,81,23.2,10.1,19.1,0.0,1010.3,0.0,15,,0.02,,0,muhimbili_tanzania
2022-04-19 21:00:00,26.3,83,23.2,10.5,18.0,0.0,1010.9,0.0,13,,0.02,,0,muhimbili_tanzania
2022-04-19 22:00:00,26.0,85,23.3,10.1,18.0,0.0,1011.2,0.0,7,,0.01,,0,muhimbili_tanzania
2022-04-19 23:00:00,25.7,87,23.4,9.5,17.3,0.0,1011.2,0.0,85,,0.01,,3,muhimbili_tanzania
2022-04-20 00:00:00,25.5,88,23.4,9.4,17.3,0.0,1011.2,0.0,90,,0.01,,3,muhimbili_tanzania
2022-04-20 01:00:00,25.4,88,23.3,10.8,18.4,0.0,1010.9,0.0,91,,0.01,,3,muhimbili_tanzania
2022-04-20 02:00:00,25.1,89,23.2,12.0,20.9,0.0,1010.3,0.0,99,,0.01,,3,muhimbili_tanzania
2022-04-20 03:00:00,24.8,90,23.0,10.4,20.9,0.0,1010.3,0.0,98,,0.0,,3,muhimbili_tanzania
2022-04-20 04:00:00,24.6,91,23.0,10.7,18.7,0.0,1009.9,0.0,80,,0.0,,3,muhimbili_tanzania
2022-04-20 05:00:00,24.5,91,23.0,12.9,22.3,0.0,1010.1,0.0,93,,0.01,,3,muhimbili_tanzania
2022-04-20 06:00:00,24.5,91,22.9,14.6,25.9,0.0,1010.5,0.0,98,,0.01,,3,muhimbili_tanzania
2022-04-20 07:00:00,24.4,92,23.0,16.3,28.4,0.0,1011.4,19.0,98,,0.02,,3,muhimbili_tanzania
2022-04-20 08:00:00,26.0,84,23.0,17.7,33.1,0.0,1012.3,179.0,98,,0.13,,3,muhimbili_tanzania
2022-04-20 09:00:00,27.3,78,23.1,14.8,33.1,0.0,1012.7,392.0,51,,0.27,,2,muhimbili_tanzania
2022-04-20 10:00:00,28.1,76,23.5,13.7,32.0,0.0,1013.0,568.0,99,,0.39,,3,muhimbili_tanzania
2022-04-20 11:00:00,29.1,71,23.4,9.9,31.3,0.1,1012.6,644.0,100,,0.47,,51,muhimbili_tanzania
2022-04-20 12:00:00,28.2,75,23.5,11.7,29.2,2.1,1012.0,488.0,100,,0.36,,61,muhimbili_tanzania
2022-04-20 13:00:00,29.1,75,24.2,10.2,26.6,0.3,1011.0,653.0,100,,0.47,,51,muhimbili_tanzania
2022-04-20 14:00:00,26.8,82,23.5,9.8,28.4,3.9,1010.6,425.0,100,,0.3,,63,muhimbili_tanzania
2022-04-20 15:00:00,25.6,88,23.5,11.8,21.2,0.2,1009.9,333.0,96,,0.22,,51,muhimbili_tanzania
2022-04-20 16:00:00,26.2,85,23.5,14.3,27.4,0.3,1008.9,230.0,100,,0.17,,51,muhimbili_tanzania
2022-04-20 17:00:00,26.0,86,23.5,12.2,27.7,0.1,1009.0,101.0,100,,0.1,,51,muhimbili_tanzania
2022-04-20 18:00:00,25.5,89,23.5,10.2,23.0,0.0,1009.2,22.0,100,,0.04,,3,muhimbili_tanzania
2022-04-20 19:00:00,25.1,91,23.6,7.5,18.4,0.0,1009.3,2.0,100,,0.02,,3,muhimbili_tanzania
2022-04-20 20:00:00,25.0,92,23.6,7.7,13.7,0.0,1010.1,0.0,100,,0.0,,3,muhimbili_tanzania
2022-04-20 21:00:00,25.1,92,23.7,5.4,13.3,0.0,1011.0,0.0,100,,0.0,,3,muhimbili_tanzania
2022-04-20 22:00:00,25.0,93,23.7,6.1,10.8,0.0,1011.6,0.0,100,,0.0,,3,muhimbili_tanzania
2022-04-20 23:00:00,24.9,93,23.6,6.4,11.5,0.0,1011.5,0.0,100,,0.0,,3,muhimbili_tanzania
2022-04-21 00:00:00,25.0,92,23.5,8.2,14.4,0.0,1011.3,0.0,100,,0.0,,3,muhimbili_tanzania
2022-04-21 01:00:00,24.6,92,23.4,8.3,14.8,0.0,1010.7,0.0,98,,0.0,,3,muhimbili_tanzania
2022-04-21 02:00:00,24.6,92,23.2,8.6,15.1,0.0,1010.0,0.0,98,,0.0,,3,muhimbili_tanzania
2022-04-21 03:00:00,24.5,92,23.0,9.4,17.6,0.0,1009.4,0.0,36,,0.0,,1,muhimbili_tanzania
2022-04-21 04:00:00,24.2,92,22.9,9.2,17.3,0.0,1009.4,0.0,59,,0.0,,2,muhimbili_tanzania
2022-04-21 05:00:00,24.1,92,22.9,8.9,16.2,0.0,1009.4,0.0,87,,0.0,,3,muhimbili_tanzania
2022-04-21 06:00:00,24.0,93,22.8,9.5,16.2,0.0,1009.6,0.0,26,,0.0,,1,muhimbili_tanzania
2022-04-21 07:00:00,24.4,92,22.9,10.5,18.4,0.0,1010.3,19.0,13,,0.01,,0,muhimbili_tanzania
2022-04-21 08:00:00,25.5,88,23.4,10.8,22.3,0.0,1011.2,190.0,21,,0.12,,1,muhimbili_tanzania
2022-04-21 09:00:00,27.1,80,23.5,13.0,26.6,0.0,1011.8,408.0,25,,0.27,,1,muhimbili_tanzania
2022-04-21 10:00:00,28.4,74,23.4,13.7,30.6,0.1,1012.0,551.0,19,,0.39,,51,muhimbili_tanzania
2022-04-21 11:00:00,29.5,69,23.2,14.1,31.0,0.0,1011.5,701.0,39,,0.51,,1,muhimbili_tanzania
2022-04-21 12:00:00,30.1,67,23.3,14.4,33.1,0.1,1010.7,804.0,45,,0.58,,51,muhimbili_tanzania
2022-04-21 13:00:00,30.8,64,23.1,14.6,33.8,0.0,1009.7,840.0,48,,0.62,,1,muhimbili_tanzania
2022-04-21 14:00:00,31.5,59,22.5,12.9,31.7,0.0,1008.6,774.0,100,,0.6,,3,muhimbili_tanzania
2022-04-21 15:00:00,25.0,92,23.6,9.8,35.3,0.7,1009.3,330.0,78,,0.22,,53,muhimbili_tanzania
2022-04-21 16:00:00,26.0,87,23.7,6.2,20.5,1.3,1009.2,270.0,100,,0.19,,61,muhimbili_tanzania
2022-04-21 17:00:00,26.0,88,23.9,11.5,22.0,1.1,1009.1,115.0,100,,0.1,,55,muhimbili_tanzania
2022-04-21 18:00:00,25.7,91,24.2,7.6,21.6,1.3,1009.4,43.0,100,,0.04,,61,muhimbili_tanzania
2022-04-21 19:00:00,25.4,92,24.0,7.6,14.8,0.2,1009.6,2.0,100,,0.01,,51,muhimbili_tanzania
2022-04-21 20:00:00,25.2,93,23.9,7.8,14.0,0.0,1010.1,0.0,100,,0.0,,3,muhimbili_tanzania
2022-04-21 21:00:00,25.0,93,23.8,9.3,15.8,0.0,1011.1,0.0,99,,0.0,,3,muhimbili_tanzania
2022-04-21 22:00:00,24.9,93,23.8,8.0,16.6,0.0,1011.3,0.0,60,,0.0,,2,muhimbili_tanzania
2022-04-21 23:00:00,24.8,94,23.7,7.9,14.0,0.0,1011.0,0.0,100,,0.0,,3,muhimbili_tanzania
2022-04-22 00:00:00,24.5,95,23.6,5.6,14.0,0.0,1010.6,0.0,100,,0.0,,3,muhimbili_tanzania
2022-04-22 01:00:00,24.4,95,23.5,6.9,12.6,0.0,1009.8,0.0,100,,0.0,,3,muhimbili_tanzania
2022-04-22 02:00:00,24.1,95,23.4,4.9,12.2,0.0,1009.1,0.0,100,,0.0,,3,muhimbili_tanzania
2022-04-22 03:00:00,24.2,93,23.1,6.1,12.6,0.0,1009.2,0.0,100,,0.0,,3,muhimbili_tanzania
2022-04-22 04:00:00,24.0,94,23.0,7.2,12.6,0.0,1009.1,0.0,100,,0.0,,3,muhimbili_tanzania
2022-04-22 05:00:00,23.9,94,22.8,8.0,14.4,0.0,1009.2,0.0,100,,0.0,,3,muhimbili_tanzania
2022-04-22 06:00:00,23.8,93,22.6,7.6,14.4,0.0,1009.4,0.0,100,,0.0,,3,muhimbili_tanzania
2022-04-22 07:00:00,24.1,92,22.8,8.2,13.7,0.0,1009.7,18.0,100,,0.01,,3,muhimbili_tanzania
2022-04-22 08:00:00,25.9,87,23.5,6.8,15.5,0.0,1010.7,184.0,100,,0.12,,3,muhimbili_tanzania
2022-04-22 09:00:00,27.4,81,23.8,5.1,16.9,0.0,1010.9,371.0,83,,0.26,,3,muhimbili_tanzania
2022-04-22 10:00:00,28.5,76,23.8,3.6,16.9,0.0,1011.1,610.0,85,,0.43,,3,muhimbili_tanzania
2022-04-22 11:00:00,29.3,72,23.8,2.9,16.9,0.1,1010.6,688.0,87,,0.5,,51,muhimbili_tanzania
2022-04-22 12:00:00,29.5,70,23.5,1.8,16.6,0.1,1009.7,754.0,100,,0.56,,51,muhimbili_tanzania
2022-04-22 13:00:00,28.3,76,23.7,11.0,28.8,1.9,1009.0,661.0,100,,0.47,,61,muhimbili_tanzania
2022-04-22 14:00:00,26.2,88,24.1,9.0,32.4,1.5,1008.7,449.0,100,,0.3,,61,muhimbili_tanzania
2022-04-22 15:00:00,26.0,87,23.6,9.3,22.0,0.1,1008.0,540.0,100,,0.35,,51,muhimbili_tanzania
2022-04-22 16:00:00,26.9,85,24.1,6.9,21.2,0.3,1007.9,376.0,100,,0.26,,51,muhimbili_tanzania
2022-04-22 17:00:00,26.5,86,24.0,5.0,16.9,0.3,1007.9,170.0,100,,0.13,,51,muhimbili_tanzania
2022-04-22 18:00:00,26.1,87,23.8,4.7,12.2,0.2,1008.3,47.0,100,,0.05,,51,muhimbili_tanzania
2022-04-22 19:00:00,25.6,91,24.0,4.5,9.0,0.1,1008.7,2.0,100,,0.01,,51,muhimbili_tanzania
2022-04-22 20:00:00,25.5,91,24.0,4.7,8.6,0.0,1009.1,0.0,100,,0.0,,3,muhimbili_tanzania
2022-04-22 21:00:00,26.0,89,24.0,6.5,11.9,0.0,1009.6,0.0,100,,0.0,,3,muhimbili_tanzania
2022-04-22 22:00:00,25.9,90,24.0,4.4,11.9,0.0,1009.8,0.0,100,,0.0,,3,muhimbili_tanzania
2022-04-22 23:00:00,25.9,89,24.0,4.5,7.6,0.0,1009.9,0.0,100,,0.0,,3,muhimbili_tanzania
2022-04-23 00:00:00,25.3,92,23.9,6.3,8.3,0.0,1009.6,0.0,100,,0.0,,3,muhimbili_tanzania
2022-04-23 01:00:00,25.9,88,23.7,5.1,9.0,0.0,1009.1,0.0,100,,0.0,,3,muhimbili_tanzania
2022-04-23 02:00:00,26.0,88,23.8,4.3,6.5,0.0,1008.7,0.0,99,,0.0,,3,muhimbili_tanzania
2022-04-23 03:00:00,25.6,93,24.4,5.2,5.4,0.0,1008.2,0.0,64,,0.0,,2,muhimbili_tanzania
2022-04-23 04:00:00,25.5,90,23.7,4.4,8.3,0.8,1008.0,0.0,70,,0.0,,53,muhimbili_tanzania
2022-04-23 05:00:00,24.7,92,23.4,4.2,10.1,4.8,1008.6,0.0,100,,0.0,,63,muhimbili_tanzania
2022-04-23 06:00:00,23.9,89,22.0,3.6,9.0,5.7,1009.4,0.0,100,,0.0,,63,muhimbili_tanzania
2022-04-23 07:00:00,24.0,91,22.5,0.7,6.5,0.8,1010.1,5.0,100,,0.01,,53,muhimbili_tanzania
2022-04-23 08:00:00,24.8,87,22.5,1.0,5.8,0.1,1010.7,83.0,72,,0.06,,51,muhimbili_tanzania
2022-04-23 09:00:00,26.6,82,23.2,6.1,15.8,0.0,1011.2,364.0,100,,0.25,,3,muhimbili_tanzania
2022-04-23 10:00:00,27.6,79,23.6,7.1,18.7,0.0,1011.6,516.0,99,,0.36,,3,muhimbili_tanzania
2022-04-23 11:00:00,28.2,78,24.0,6.3,18.7,0.1,1011.1,597.0,100,,0.43,,51,muhimbili_tanzania
2022-04-23 12:00:00,28.8,76,24.2,8.2,21.6,0.1,1010.1,769.0,95,,0.54,,51,muhimbili_tanzania
2022-04-23 13:00:00,28.5,78,24.3,10.4,25.6,0.1,1009.0,872.0,97,,0.59,,51,muhimbili_tanzania
2022-04-23 14:00:00,28.3,78,24.2,10.4,25.6,0.1,1008.6,722.0,100,,0.5,,51,muhimbili_tanzania
2022-04-23 15:00:00,28.0,77,23.6,9.1,27.7,1.8,1008.1,629.0,100,,0.44,,61,muhimbili_tanzania
2022-04-23 16:00:00,27.9,79,23.9,7.4,21.6,0.1,1007.8,493.0,47,,0.34,,51,muhimbili_tanzania
2022-04-23 17:00:00,27.6,79,23.8,6.2,18.0,0.0,1008.1,281.0,19,,0.2,,0,muhimbili_tanzania
2022-04-23 18:00:00,27.0,82,23.6,5.0,14.4,0.0,1008.5,121.0,19,,0.08,,0,muhimbili_tanzania
2022-04-23 19:00:00,26.2,88,24.0,3.9,10.1,0.0,1009.0,3.0,27,,0.01,,1,muhimbili_tanzania
2022-04-23 20:00:00,25.8,90,24.0,4.4,7.2,0.0,1009.7,0.0,37,,0.0,,1,muhimbili_tanzania
2022-04-23 21:00:00,25.8,90,24.0,5.7,7.6,0.0,1010.2,0.0,23,,0.0,,1,muhimbili_tanzania
2022-04-23 22:00:00,25.9,88,23.7,5.5,7.9,0.0,1010.2,0.0,13,,0.0,,0,muhimbili_tanzania
2022-04-23 23:00:00,26.2,85,23.5,6.0,9.0,0.0,1010.1,0.0,14,,0.0,,0,muhimbili_tanzania
2022-04-24 00:00:00,27.0,81,23.4,2.8,7.2,0.0,1009.7,0.0,16,,0.0,,0,muhimbili_tanzania
2022-04-24 01:00:00,26.2,84,23.4,1.5,3.2,0.0,1009.5,0.0,69,,0.0,,2,muhimbili_tanzania
2022-04-24 02:00:00,25.5,90,23.7,1.3,2.5,0.0,1009.3,0.0,38,,0.0,,1,muhimbili_tanzania
2022-04-24 03:00:00,26.3,82,22.9,2.6,3.2,0.0,1008.7,0.0,52,,0.0,,2,muhimbili_tanzania
2022-04-24 04:00:00,25.2,89,23.4,3.6,6.5,0.0,1008.8,0.0,73,,0.0,,2,muhimbili_tanzania
2022-04-24 05:00:00,25.1,92,23.8,4.4,7.2,0.1,1008.8,0.0,78,,0.0,,51,muhimbili_tanzania
2022-04-24 06:00:00,24.9,94,23.9,4.1,7.2,0.0,1009.4,0.0,99,,0.0,,3,muhimbili_tanzania
2022-04-24 07:00:00,24.8,94,23.8,6.6,13.0,3.4,1010.4,17.0,99,,0.01,,63,muhimbili_tanzania
2022-04-24 08:00:00,25.5,86,23.1,4.7,11.9,2.3,1011.4,132.0,100,,0.09,,61,muhimbili_tanzania
2022-04-24 09:00:00,26.5,83,23.4,2.6,12.6,0.1,1011.8,312.0,100,,0.22,,51,muhimbili_tanzania
2022-04-24 10:00:00,27.5,79,23.6,6.1,17.3,0.1,1011.7,546.0,97,,0.38,,51,muhimbili_tanzania
2022-04-24 11:00:00,28.4,78,24.0,5.4,19.4,0.1,1011.5,743.0,88,,0.52,,51,muhimbili_tanzania
2022-04-24 12:00:00,29.0,77,24.5,7.6,22.0,0.1,1010.8,847.0,73,,0.6,,51,muhimbili_tanzania
2022-04-24 13:00:00,28.2,79,24.3,12.6,28.4,1.6,1009.2,851.0,97,,0.57,,61,muhimbili_tanzania
2022-04-24 14:00:00,28.0,77,23.6,8.4,29.2,0.3,1008.0,856.0,97,,0.59,,51,muhimbili_tanzania
2022-04-24 15:00:00,28.3,76,23.7,8.9,22.0,0.0,1007.6,567.0,100,,0.4,,3,muhimbili_tanzania
2022-04-24 16:00:00,27.9,77,23.6,8.7,23.0,0.2,1007.6,434.0,100,,0.31,,51,muhimbili_tanzania
2022-04-24 17:00:00,27.5,80,23.8,8.3,19.4,0.0,1007.6,283.0,100,,0.2,,3,muhimbili_tanzania
2022-04-24 18:00:00,27.2,80,23.5,8.3,18.0,0.0,1008.1,109.0,99,,0.09,,3,muhimbili_tanzania
2022-04-24 19:00:00,26.9,83,23.7,7.0,15.1,0.0,1008.6,3.0,96,,0.02,,3,muhimbili_tanzania
2022-04-24 20:00:00,26.5,86,23.9,5.4,12.6,0.0,1009.2,0.0,100,,0.0,,3,muhimbili_tanzania
2022-04-24 21:00:00,25.9,90,24.1,5.2,9.4,0.0,1010.1,0.0,100,,0.0,,3,muhimbili_tanzania
2022-04-24 22:00:00,25.4,93,24.2,4.7,9.7,0.0,1010.4,0.0,89,,0.0,,3,muhimbili_tanzania
2022-04-24 23:00:00,25.0,94,24.0,3.9,8.6,0.0,1010.5,0.0,100,,0.0,,3,muhimbili_tanzania
2022-04-25 00:00:00,24.9,94,23.8,4.3,8.3,0.0,1010.3,0.0,100,,0.0,,3,muhimbili_tanzania
2022-04-25 01:00:00,24.9,94,23.8,4.4,9.0,0.0,1010.0,0.0,100,,0.0,,3,muhimbili_tanzania
2022-04-25 02:00:00,24.6,94,23.5,4.1,9.7,0.3,1009.4,0.0,100,,0.0,,51,muhimbili_tanzania
2022-04-25 03:00:00,24.1,94,23.2,8.0,7.2,1.8,1009.2,0.0,100,,0.0,,61,muhimbili_tanzania
2022-04-25 04:00:00,24.2,92,22.8,6.8,16.6,0.1,1008.8,0.0,100,,0.0,,51,muhimbili_tanzania
2022-04-25 05:00:00,23.9,93,22.8,6.0,13.0,0.0,1009.2,0.0,93,,0.0,,3,muhimbili_tanzania
2022-04-25 06:00:00,23.8,91,22.2,6.6,12.2,0.0,1009.6,0.0,88,,0.0,,3,muhimbili_tanzania
2022-04-25 07:00:00,24.0,92,22.6,7.9,14.0,0.0,1010.2,13.0,51,,0.02,,2,muhimbili_tanzania
2022-04-25 08:00:00,25.2,88,23.0,6.1,14.8,0.0,1011.0,171.0,64,,0.11,,2,muhimbili_tanzania
2022-04-25 09:00:00,26.2,87,23.9,4.3,16.9,0.1,1011.7,356.0,100,,0.24,,51,muhimbili_tanzania
2022-04-25 10:00:00,27.8,81,24.2,5.4,17.3,0.2,1011.4,496.0,100,,0.35,,51,muhimbili_tanzania
2022-04-25 11:00:00,29.0,74,23.9,4.1,16.9,0.1,1011.1,632.0,100,,0.46,,51,muhimbili_tanzania
2022-04-25 12:00:00,30.0,67,23.3,5.9,18.4,0.1,1009.9,722.0,100,,0.54,,51,muhimbili_tanzania
2022-04-25 13:00:00,28.1,75,23.3,6.9,20.5,2.2,1008.9,472.0,100,,0.35,,61,muhimbili_tanzania
2022-04-25 14:00:00,26.7,83,23.6,1.3,21.2,1.1,1008.3,394.0,100,,0.29,,55,muhimbili_tanzania
2022-04-25 15:00:00,28.6,76,24.0,4.3,15.8,0.1,1007.6,559.0,99,,0.41,,51,muhimbili_tanzania
2022-04-25 16:00:00,28.1,75,23.3,8.0,19.4,0.6,1007.3,425.0,84,,0.31,,53,muhimbili_tanzania
2022-04-25 17:00:00,27.9,78,23.6,4.1,19.8,0.4,1007.3,258.0,20,,0.19,,51,muhimbili_tanzania
2022-04-25 18:00:00,27.5,79,23.5,5.1,11.2,0.2,1007.5,111.0,18,,0.08,,51,muhimbili_tanzania
2022-04-25 19:00:00,26.7,82,23.5,9.0,15.1,0.0,1008.0,3.0,11,,0.02,,0,muhimbili_tanzania
2022-04-25 20:00:00,26.1,86,23.6,10.0,18.4,0.0,1008.8,0.0,7,,0.01,,0,muhimbili_tanzania
2022-04-25 21:00:00,25.6,89,23.6,8.7,17.3,0.0,1009.6,0.0,7,,0.0,,0,muhimbili_tanzania
2022-04-25 22:00:00,25.4,90,23.5,8.5,16.2,0.0,1010.1,0.0,35,,0.0,,1,muhimbili_tanzania
2022-04-25 23:00:00,25.1,91,23.5,8.4,14.8,0.0,1010.3,0.0,31,,0.0,,1,muhimbili_tanzania
2022-04-26 00:00:00,25.0,90,23.4,8.5,16.2,0.0,1010.1,0.0,81,,0.0,,3,muhimbili_tanzania
2022-04-26 01:00:00,24.9,91,23.3,9.8,16.9,0.0,1009.4,0.0,100,,0.0,,3,muhimbili_tanzania
2022-04-26 02:00:00,24.6,92,23.3,9.4,17.3,0.0,1009.0,0.0,100,,0.0,,3,muhimbili_tanzania
2022-04-26 03:00:00,24.5,92,23.1,10.4,17.3,0.0,1007.9,0.0,99,,0.0,,3,muhimbili_tanzania
2022-04-26 04:00:00,24.5,92,23.1,10.2,18.4,0.0,1007.9,0.0,31,,0.0,,1,muhimbili_tanzania
2022-04-26 05:00:00,24.2,93,23.0,9.4,18.4,0.0,1008.5,0.0,99,,0.0,,3,muhimbili_tanzania
2022-04-26 06:00:00,24.0,92,22.6,11.0,18.7,2.3,1009.4,0.0,100,,0.0,,61,muhimbili_tanzania
2022-04-26 07:00:00,23.5,94,22.5,12.3,22.0,0.0,1010.2,11.0,100,,0.02,,3,muhimbili_tanzania
2022-04-26 08:00:00,23.6,91,22.1,10.6,26.6,0.4,1011.2,62.0,100,,0.05,,51,muhimbili_tanzania
2022-04-26 09:00:00,23.6,95,22.8,6.5,20.5,5.8,1012.3,187.0,100,,0.12,,63,muhimbili_tanzania
2022-04-26 10:00:00,24.1,90,22.4,6.1,15.1,0.5,1012.6,116.0,100,,0.09,,53,muhimbili_tanzania
2022-04-26 11:00:00,24.2,92,22.9,11.8,26.6,2.1,1012.4,146.0,100,,0.11,,61,muhimbili_tanzania
2022-04-26 12:00:00,25.4,85,22.6,9.7,25.6,1.1,1011.3,310.0,100,,0.22,,55,muhimbili_tanzania
2022-04-26 13:00:00,25.4,89,23.4,8.9,21.6,1.0,1010.7,342.0,100,,0.23,,55,muhimbili_tanzania
2022-04-26 14:00:00,25.3,89,23.4,11.1,21.6,1.1,1009.7,189.0,100,,0.14,,55,muhimbili_tanzania
2022-04-26 15:00:00,24.9,92,23.5,11.8,24.1,0.8,1008.5,216.0,100,,0.15,,53,muhimbili_tanzania
2022-04-26 16:00:00,25.0,92,23.5,15.7,28.8,1.6,1007.8,132.0,100,,0.1,,61,muhimbili_tanzania
2022-04-26 17:00:00,25.1,92,23.7,13.4,28.8,0.8,1008.3,86.0,100,,0.07,,53,muhimbili_tanzania
2022-04-26 18:00:00,24.9,93,23.7,12.3,24.5,0.7,1008.7,15.0,100,,0.03,,53,muhimbili_tanzania
2022-04-26 19:00:00,24.8,94,23.7,12.1,22.0,0.2,1009.0,1.0,100,,0.02,,51,muhimbili_tanzania
2022-04-26 20:00:00,24.6,93,23.5,10.6,21.6,0.1,1009.6,0.0,100,,0.0,,51,muhimbili_tanzania
2022-04-26 21:00:00,24.7,93,23.5,10.2,19.4,0.0,1010.6,0.0,100,,0.0,,3,muhimbili_tanzania
2022-04-26 22:00:00,24.6,93,23.5,9.1,18.0,0.1,1011.0,0.0,100,,0.0,,51,muhimbili_tanzania
2022-04-26 23:00:00,25.0,92,23.5,9.9,17.3,0.1,1010.8,0.0,100,,0.0,,51,muhimbili_tanzania
2022-04-27 00:00:00,24.5,93,23.3,11.8,20.2,0.1,1010.1,0.0,100,,0.0,,51,muhimbili_tanzania
2022-04-27 01:00:00,23.8,95,22.9,13.0,24.5,0.6,1010.0,0.0,100,,0.0,,53,muhimbili_tanzania
2022-04-27 02:00:00,23.2,95,22.4,4.8,24.5,10.1,1010.1,0.0,100,,0.0,,65,muhimbili_tanzania
2022-04-27 03:00:00,23.7,93,22.5,7.6,14.8,5.9,1009.9,0.0,100,,0.0,,63,muhimbili_tanzania
2022-04-27 04:00:00,23.7,93,22.5,5.6,14.4,0.1,1009.8,0.0,100,,0.0,,51,muhimbili_tanzania
2022-04-27 05:00:00,23.3,95,22.5,10.1,18.4,0.4,1010.0,0.0,100,,0.0,,51,muhimbili_tanzania
2022-04-27 06:00:00,23.3,94,22.3,7.3,18.7,0.1,1010.7,0.0,100,,0.0,,51,muhimbili_tanzania
2022-04-27 07:00:00,23.4,94,22.4,12.0,21.2,0.1,1011.4,12.0,100,,0.02,,51,muhimbili_tanzania
2022-04-27 08:00:00,24.4,91,22.7,10.0,22.7,0.1,1011.8,113.0,99,,0.08,,51,muhimbili_tanzania
2022-04-27 09:00:00,26.1,82,22.8,14.4,29.5,0.1,1012.3,357.0,96,,0.24,,51,muhimbili_tanzania
2022-04-27 10:00:00,26.7,80,23.0,14.5,30.6,0.1,1012.5,409.0,86,,0.28,,51,muhimbili_tanzania
2022-04-27 11:00:00,27.9,77,23.5,11.6,30.2,0.1,1012.2,634.0,74,,0.44,,51,muhimbili_tanzania
2022-04-27 12:00:00,29.1,70,23.1,11.3,27.7,0.1,1011.0,724.0,100,,0.52,,51,muhimbili_tanzania
2022-04-27 13:00:00,27.8,74,22.6,12.5,26.6,1.0,1010.1,415.0,99,,0.32,,55,muhimbili_tanzania
2022-04-27 14:00:00,28.2,75,23.3,10.0,25.9,0.3,1009.4,627.0,100,,0.45,,51,muhimbili_tanzania
2022-04-27 15:00:00,25.2,87,23.0,8.0,26.6,0.9,1009.6,441.0,100,,0.29,,53,muhimbili_tanzania
2022-04-27 16:00:00,25.5,88,23.4,11.6,21.6,0.3,1009.0,187.0,100,,0.14,,51,muhimbili_tanzania
2022-04-27 17:00:00,25.5,86,23.0,11.3,25.9,0.1,1009.0,186.0,90,,0.13,,51,muhimbili_tanzania
2022-04-27 18:00:00,25.4,87,23.0,10.8,22.7,0.0,1009.3,105.0,100,,0.08,,3,muhimbili_tanzania
2022-04-27 19:00:00,24.6,91,23.0,10.9,19.4,0.0,1009.3,3.0,100,,0.01,,3,muhimbili_tanzania
2022-04-27 20:00:00,24.4,92,23.0,7.6,19.4,0.0,1010.4,0.0,96,,0.0,,3,muhimbili_tanzania
2022-04-27 21:00:00,24.3,93,23.0,7.0,13.3,0.0,1011.2,0.0,90,,0.0,,3,muhimbili_tanzania
2022-04-27 22:00:00,24.1,93,23.0,9.7,17.3,0.0,1011.3,0.0,100,,0.0,,3,muhimbili_tanzania
2022-04-27 23:00:00,24.0,93,22.9,9.9,17.3,0.0,1011.3,0.0,98,,0.0,,3,muhimbili_tanzania
2022-04-28 00:00:00,24.0,94,23.0,12.1,21.2,0.0,1011.0,0.0,95,,0.0,,3,muhimbili_tanzania
2022-04-28 01:00:00,24.1,94,23.0,9.3,21.2,0.0,1010.7,0.0,97,,0.0,,3,muhimbili_tanzania
2022-04-28 02:00:00,23.6,95,22.8,12.6,22.3,0.0,1009.9,0.0,100,,0.0,,3,muhimbili_tanzania
2022-04-28 03:00:00,23.9,92,22.6,12.1,24.1,0.7,1009.9,0.0,100,,0.0,,53,muhimbili_tanzania
2022-04-28 04:00:00,24.1,91,22.6,13.7,24.5,0.0,1009.8,0.0,96,,0.01,,3,muhimbili_tanzania
2022-04-28 05:00:00,23.6,90,21.9,12.6,24.8,0.0,1009.8,0.0,99,,0.01,,3,muhimbili_tanzania
2022-04-28 06:00:00,23.4,90,21.7,12.7,23.8,0.0,1010.3,0.0,100,,0.01,,3,muhimbili_tanzania
2022-04-28 07:00:00,23.4,90,21.6,13.8,25.6,0.0,1011.3,15.0,100,,0.02,,3,muhimbili_tanzania
2022-04-28 08:00:00,24.1,86,21.6,12.1,30.6,1.5,1012.1,130.0,100,,0.09,,61,muhimbili_tanzania
2022-04-28 09:00:00,24.4,86,21.9,15.0,29.2,0.9,1013.3,198.0,100,,0.14,,53,muhimbili_tanzania
2022-04-28 10:00:00,24.0,88,22.0,10.7,29.9,7.7,1014.1,228.0,100,,0.16,,65,muhimbili_tanzania
2022-04-28 11:00:00,24.8,88,22.6,11.9,23.8,3.2,1013.2,258.0,100,,0.18,,63,muhimbili_tanzania
2022-04-28 12:00:00,26.2,83,23.1,12.4,31.0,0.1,1012.5,529.0,100,,0.35,,51,muhimbili_tanzania
2022-04-28 13:00:00,26.9,80,23.1,12.2,31.7,0.1,1010.9,396.0,87,,0.29,,51,muhimbili_tanzania
2022-04-28 14:00:00,27.8,76,23.1,15.9,36.4,0.1,1010.0,575.0,60,,0.4,,51,muhimbili_tanzania
2022-04-28 15:00:00,25.8,81,22.2,18.2,37.1,0.1,1009.6,623.0,100,,0.39,,51,muhimbili_tanzania
2022-04-28 16:00:00,26.8,76,22.2,16.8,32.4,0.4,1009.3,283.0,94,,0.23,,51,muhimbili_tanzania
2022-04-28 17:00:00,26.5,78,22.5,15.5,33.8,0.1,1009.6,190.0,85,,0.16,,51,muhimbili_tanzania
2022-04-28 18:00:00,26.1,80,22.5,13.3,29.9,0.0,1010.0,96.0,75,,0.09,,2,muhimbili_tanzania
2022-04-28 19:00:00,25.6,83,22.5,11.5,23.4,0.0,1010.4,2.0,50,,0.03,,2,muhimbili_tanzania
2022-04-28 20:00:00,25.4,85,22.6,11.2,20.5,0.0,1011.0,0.0,52,,0.02,,2,muhimbili_tanzania
2022-04-28 21:00:00,25.1,85,22.5,11.6,19.8,0.0,1011.8,0.0,43,,0.02,,1,muhimbili_tanzania
2022-04-28 22:00:00,25.0,86,22.4,10.4,19.8,0.0,1012.4,0.0,55,,0.01,,2,muhimbili_tanzania
2022-04-28 23:00:00,24.5,88,22.4,9.4,18.4,0.0,1012.3,0.0,47,,0.01,,1,muhimbili_tanzania
2022-04-29 00:00:00,24.2,90,22.5,7.0,16.6,0.0,1012.3,0.0,65,,0.0,,2,muhimbili_tanzania
2022-04-29 01:00:00,24.1,91,22.5,10.3,17.6,0.0,1011.8,0.0,49,,0.0,,1,muhimbili_tanzania
2022-04-29 02:00:00,23.8,90,22.1,10.7,19.4,0.5,1011.5,0.0,87,,0.0,,53,muhimbili_tanzania
2022-04-29 03:00:00,23.6,93,22.5,8.4,18.4,0.1,1010.8,0.0,87,,0.0,,51,muhimbili_tanzania
2022-04-29 04:00:00,24.0,91,22.4,7.8,14.8,0.0,1011.1,0.0,100,,0.0,,3,muhimbili_tanzania
2022-04-29 05:00:00,24.2,88,22.0,9.8,16.9,0.0,1011.2,0.0,100,,0.01,,3,muhimbili_tanzania
2022-04-29 06:00:00,24.2,83,21.2,11.9,20.9,0.1,1011.7,0.0,100,,0.02,,51,muhimbili_tanzania
2022-04-29 07:00:00,24.3,81,20.8,14.2,24.1,0.2,1012.5,7.0,62,,0.05,,51,muhimbili_tanzania
2022-04-29 08:00:00,24.9,77,20.5,14.2,26.3,0.0,1013.2,118.0,100,,0.12,,3,muhimbili_tanzania
2022-04-29 09:00:00,25.9,71,20.3,15.3,29.5,0.0,1013.8,317.0,100,,0.24,,3,muhimbili_tanzania
2022-04-29 10:00:00,26.5,68,20.1,14.7,30.2,0.0,1013.8,311.0,95,,0.26,,3,muhimbili_tanzania
2022-04-29 11:00:00,27.8,62,19.9,16.9,32.8,0.0,1013.7,522.0,100,,0.4,,3,muhimbili_tanzania
2022-04-29 12:00:00,27.9,62,20.0,15.8,33.5,0.0,1012.9,422.0,100,,0.35,,3,muhimbili_tanzania
2022-04-29 13:00:00,27.9,64,20.4,14.9,30.6,0.0,1011.8,359.0,100,,0.31,,3,muhimbili_tanzania
2022-04-29 14:00:00,29.0,60,20.4,17.7,34.6,0.0,1010.9,558.0,100,,0.45,,3,muhimbili_tanzania
2022-04-29 15:00:00,27.4,61,19.2,16.0,36.7,0.0,1011.0,366.0,100,,0.32,,3,muhimbili_tanzania
2022-04-29 16:00:00,27.6,55,17.7,15.9,30.2,0.0,1010.6,319.0,100,,0.3,,3,muhimbili_tanzania
2022-04-29 17:00:00,27.2,56,17.7,14.1,29.5,0.0,1010.6,174.0,100,,0.21,,3,muhimbili_tanzania
2022-04-29 18:00:00,26.5,59,17.9,12.1,25.2,0.0,1010.8,60.0,98,,0.12,,3,muhimbili_tanzania
2022-04-29 19:00:00,25.7,65,18.6,8.7,21.2,0.0,1011.0,1.0,100,,0.06,,3,muhimbili_tanzania
2022-04-29 20:00:00,25.2,72,19.9,4.7,14.4,0.0,1011.6,0.0,99,,0.01,,3,muhimbili_tanzania
2022-04-29 21:00:00,25.4,71,19.9,6.8,11.9,0.0,1012.5,0.0,72,,0.02,,2,muhimbili_tanzania
2022-04-29 22:00:00,25.0,74,20.1,6.6,11.9,0.0,1013.0,0.0,54,,0.02,,2,muhimbili_tanzania
2022-04-29 23:00:00,24.6,78,20.5,6.2,11.2,0.0,1013.2,0.0,28,,0.01,,1,muhimbili_tanzania
2022-04-30 00:00:00,24.4,81,20.9,6.1,10.4,0.0,1013.0,0.0,100,,0.01,,3,muhimbili_tanzania
2022-04-30 01:00:00,24.5,82,21.2,6.9,12.2,0.0,1012.4,0.0,100,,0.01,,3,muhimbili_tanzania
2022-04-30 02:00:00,24.7,82,21.4,7.9,13.7,0.0,1011.8,0.0,100,,0.01,,3,muhimbili_tanzania
2022-04-30 03:00:00,24.3,87,22.0,6.0,15.8,0.0,1011.8,0.0,100,,0.0,,3,muhimbili_tanzania
2022-04-30 04:00:00,24.3,88,22.1,8.1,14.0,0.0,1011.7,0.0,100,,0.0,,3,muhimbili_tanzania
2022-04-30 05:00:00,24.2,87,22.0,10.2,17.3,0.1,1011.9,0.0,100,,0.01,,51,muhimbili_tanzania
2022-04-30 06:00:00,24.2,84,21.4,12.5,21.6,0.0,1012.4,0.0,100,,0.02,,3,muhimbili_tanzania
2022-04-30 07:00:00,24.1,82,20.8,13.8,24.1,0.0,1013.1,6.0,100,,0.05,,3,muhimbili_tanzania
2022-04-30 08:00:00,24.7,79,20.8,12.6,23.8,0.0,1013.9,79.0,100,,0.09,,3,muhimbili_tanzania
2022-04-30 09:00:00,25.4,76,20.9,13.4,24.8,0.1,1014.5,155.0,100,,0.15,,51,muhimbili_tanzania
2022-04-30 10:00:00,25.9,73,20.6,13.8,26.6,0.3,1014.6,235.0,100,,0.2,,51,muhimbili_tanzania
2022-04-30 11:00:00,26.1,71,20.5,16.9,32.4,0.1,1014.8,351.0,100,,0.28,,51,muhimbili_tanzania
2022-04-30 12:00:00,25.8,74,20.9,16.2,32.4,0.3,1014.3,401.0,100,,0.29,,51,muhimbili_tanzania
2022-04-30 13:00:00,26.1,73,20.9,19.6,38.2,0.9,1013.0,635.0,100,,0.42,,53,muhimbili_tanzania
2022-04-30 14:00:00,24.8,77,20.4,16.0,38.5,0.1,1012.3,158.0,100,,0.16,,51,muhimbili_tanzania
2022-04-30 15:00:00,27.6,65,20.5,14.8,29.5,0.0,1011.4,198.0,100,,0.22,,3,muhimbili_tanzania
2022-04-30 16:00:00,27.5,65,20.4,13.7,27.7,0.1,1010.9,217.0,81,,0.22,,51,muhimbili_tanzania
2022-04-30 17:00:00,27.0,71,21.2,13.5,25.6,0.4,1011.0,181.0,100,,0.17,,51,muhimbili_tanzania
2022-04-30 18:00:00,25.9,78,21.6,15.3,27.0,0.0,1011.5,51.0,100,,0.09,,3,muhimbili_tanzania
2022-04-30 19:00:00,25.7,77,21.5,13.5,26.6,0.0,1011.9,1.0,24,,0.06,,1,muhimbili_tanzania
2022-04-30 20:00:00,25.3,80,21.5,12.0,23.8,0.0,1012.6,0.0,16,,0.03,,0,muhimbili_tanzania
2022-04-30 21:00:00,24.8,83,21.6,9.8,20.9,0.0,1013.1,0.0,100,,0.02,,3,muhimbili_tanzania
2022-04-30 22:00:00,25.2,81,21.8,8.1,17.6,0.0,1013.6,0.0,83,,0.01,,3,muhimbili_tanzania
2022-04-30 23:00:00,25.0,82,21.8,8.4,14.8,0.0,1013.5,0.0,21,,0.01,,1,muhimbili_tanzania
2022-05-01 00:00:00,24.5,85,21.8,7.8,14.8,0.0,1013.4,0.0,37,,0.01,,1,muhimbili_tanzania
2022-05-01 01:00:00,24.4,86,21.9,8.3,14.8,0.0,1013.2,0.0,53,,0.01,,2,muhimbili_tanzania
2022-05-01 02:00:00,24.4,85,21.8,8.0,14.8,0.0,1012.4,0.0,52,,0.01,,2,muhimbili_tanzania
2022-05-01 03:00:00,24.3,83,21.3,9.1,15.1,0.0,1012.0,0.0,100,,0.01,,3,muhimbili_tanzania
2022-05-01 04:00:00,24.2,84,21.4,9.4,16.2,0.0,1012.3,0.0,10,,0.01,,0,muhimbili_tanzania
2022-05-01 05:00:00,24.1,85,21.4,9.1,16.6,0.0,1011.9,0.0,14,,0.01,,0,muhimbili_tanzania
2022-05-01 06:00:00,24.0,85,21.3,9.7,16.9,0.0,1012.4,0.0,89,,0.01,,3,muhimbili_tanzania
2022-05-01 07:00:00,24.1,85,21.4,10.3,18.0,0.0,1013.1,17.0,100,,0.03,,3,muhimbili_tanzania
2022-05-01 08:00:00,25.8,79,21.8,13.4,25.2,0.0,1014.0,187.0,100,,0.14,,3,muhimbili_tanzania
2022-05-01 09:00:00,27.4,74,22.3,16.2,32.8,0.0,1015.0,417.0,97,,0.29,,3,muhimbili_tanzania
2022-05-01 10:00:00,28.2,73,22.8,16.9,37.1,0.0,1015.7,554.0,100,,0.39,,3,muhimbili_tanzania
2022-05-01 11:00:00,26.5,82,23.2,14.8,38.5,6.8,1016.2,494.0,100,,0.33,,63,muhimbili_tanzania
2022-05-01 12:00:00,26.7,77,22.4,19.1,38.5,0.4,1015.5,431.0,99,,0.31,,51,muhimbili_tanzania
2022-05-01 13:00:00,27.4,73,22.0,17.8,39.6,0.3,1014.8,615.0,100,,0.43,,51,muhimbili_tanzania
2022-05-01 14:00:00,26.4,78,22.1,20.2,39.6,0.2,1014.1,441.0,100,,0.31,,51,muhimbili_tanzania
2022-05-01 15:00:00,26.9,76,22.3,17.3,38.2,2.7,1012.5,252.0,100,,0.22,,63,muhimbili_tanzania
2022-05-01 16:00:00,27.0,75,22.2,17.3,33.8,0.0,1012.0,316.0,22,,0.25,,1,muhimbili_tanzania
2022-05-01 17:00:00,27.0,74,22.0,20.5,37.8,0.0,1012.0,337.0,99,,0.25,,3,muhimbili_tanzania
2022-05-01 18:00:00,26.1,79,22.1,15.7,38.5,0.0,1012.2,77.0,6,,0.09,,0,muhimbili_tanzania
2022-05-01 19:00:00,25.4,83,22.2,14.2,27.7,0.0,1012.5,2.0,2,,0.04,,0,muhimbili_tanzania
2022-05-01 20:00:00,25.1,84,22.3,13.5,25.6,0.0,1013.1,0.0,21,,0.02,,1,muhimbili_tanzania
2022-05-01 21:00:00,25.1,84,22.2,12.2,23.4,0.0,1013.8,0.0,99,,0.02,,3,muhimbili_tanzania
2022-05-01 22:00:00,25.1,84,22.2,11.4,21.2,0.0,1014.5,0.0,97,,0.02,,3,muhimbili_tanzania
2022-05-01 23:00:00,25.1,84,22.2,11.3,20.2,0.0,1014.5,0.0,98,,0.02,,3,muhimbili_tanzania
2022-05-02 00:00:00,24.6,87,22.3,7.3,19.4,0.0,1014.4,0.0,47,,0.0,,1,muhimbili_tanzania
2022-05-02 01:00:00,24.2,89,22.2,7.7,13.3,0.0,1013.8,0.0,28,,0.0,,1,muhimbili_tanzania
2022-05-02 02:00:00,24.0,90,22.3,8.9,15.1,0.0,1013.2,0.0,24,,0.0,,1,muhimbili_tanzania
2022-05-02 03:00:00,24.4,85,21.6,12.4,17.6,0.0,1012.6,0.0,50,,0.02,,2,muhimbili_tanzania
2022-05-02 04:00:00,24.3,81,20.9,14.7,25.6,0.0,1012.6,0.0,49,,0.03,,1,muhimbili_tanzania
2022-05-02 05:00:00,24.2,82,20.9,14.1,27.7,0.0,1012.9,0.0,93,,0.03,,3,muhimbili_tanzania
2022-05-02 06:00:00,23.9,85,21.1,13.6,24.5,0.0,1013.1,0.0,95,,0.02,,3,muhimbili_tanzania
2022-05-02 07:00:00,23.9,87,21.6,13.7,23.8,0.0,1013.6,16.0,93,,0.03,,3,muhimbili_tanzania
2022-05-02 08:00:00,25.5,80,21.8,16.2,32.4,0.0,1014.1,177.0,97,,0.13,,3,muhimbili_tanzania
2022-05-02 09:00:00,26.8,70,21.0,20.4,38.2,0.0,1014.5,382.0,100,,0.29,,3,muhimbili_tanzania
2022-05-02 10:00:00,27.9,68,21.4,21.4,41.4,0.0,1014.9,619.0,100,,0.43,,3,muhimbili_tanzania
2022-05-02 11:00:00,28.7,62,20.8,23.5,45.4,0.0,1014.7,739.0,63,,0.53,,2,muhimbili_tanzania
2022-05-02 12:00:00,29.3,59,20.4,23.1,45.7,0.0,1013.7,799.0,50,,0.59,,2,muhimbili_tanzania
2022-05-02 13:00:00,29.7,56,20.1,23.5,45.0,0.0,1012.7,865.0,44,,0.64,,1,muhimbili_tanzania
2022-05-02 14:00:00,29.6,57,20.2,22.3,45.4,0.0,1012.0,752.0,41,,0.57,,1,muhimbili_tanzania
2022-05-02 15:00:00,29.3,57,19.8,22.7,42.5,0.0,1011.7,685.0,57,,0.53,,2,muhimbili_tanzania
2022-05-02 16:00:00,28.8,60,20.1,19.5,41.8,0.0,1011.3,449.0,100,,0.38,,3,muhimbili_tanzania
2022-05-02 17:00:00,28.1,63,20.5,16.2,36.7,0.0,1011.3,296.0,98,,0.26,,3,muhimbili_tanzania
2022-05-02 18:00:00,27.1,68,20.6,12.2,29.5,0.0,1011.9,105.0,95,,0.12,,3,muhimbili_tanzania
2022-05-02 19:00:00,26.0,73,20.9,11.8,22.0,0.0,1012.5,2.0,98,,0.05,,3,muhimbili_tanzania
2022-05-02 20:00:00,25.6,75,20.8,12.4,21.6,0.0,1013.1,0.0,82,,0.04,,3,muhimbili_tanzania
2022-05-02 21:00:00,25.2,78,21.0,10.9,22.0,0.0,1013.9,0.0,19,,0.03,,0,muhimbili_tanzania
2022-05-02 22:00:00,25.0,80,21.4,9.7,19.1,0.0,1014.5,0.0,27,,0.02,,1,muhimbili_tanzania
2022-05-02 23:00:00,24.5,83,21.4,10.6,18.0,0.0,1014.6,0.0,11,,0.02,,0,muhimbili_tanzania
2022-05-03 00:00:00,24.2,84,21.5,10.8,19.8,0.0,1014.4,0.0,26,,0.01,,1,muhimbili_tanzania
2022-05-03 01:00:00,23.8,86,21.4,11.3,19.8,0.0,1014.1,0.0,97,,0.01,,3,muhimbili_tanzania
2022-05-03 02:00:00,23.6,83,20.6,12.4,20.9,0.0,1013.9,0.0,100,,0.02,,3,muhimbili_tanzania
2022-05-03 03:00:00,23.6,68,17.5,15.1,24.8,0.0,1013.1,0.0,100,,0.06,,3,muhimbili_tanzania
2022-05-03 04:00:00,23.8,63,16.4,16.9,29.9,0.0,1013.0,0.0,63,,0.08,,2,muhimbili_tanzania
2022-05-03 05:00:00,23.4,64,16.1,15.0,29.9,0.0,1013.1,0.0,89,,0.07,,3,muhimbili_tanzania
2022-05-03 06:00:00,23.6,62,15.9,15.5,27.4,0.0,1013.3,0.0,74,,0.08,,2,muhimbili_tanzania
2022-05-03 07:00:00,23.0,66,16.2,14.8,27.4,0.0,1013.9,20.0,91,,0.07,,3,muhimbili_tanzania
2022-05-03 08:00:00,24.4,66,17.5,12.9,26.3,0.0,1014.7,194.0,92,,0.16,,3,muhimbili_tanzania
2022-05-03 09:00:00,26.1,62,18.2,15.5,29.2,0.0,1015.3,400.0,11,,0.3,,0,muhimbili_tanzania
2022-05-03 10:00:00,27.6,55,17.9,20.3,38.9,0.0,1015.9,635.0,18,,0.47,,0,muhimbili_tanzania
2022-05-03 11:00:00,28.5,54,18.2,22.0,42.5,0.0,1015.5,787.0,95,,0.58,,3,muhimbili_tanzania
2022-05-03 12:00:00,29.1,54,19.0,20.5,42.5,0.0,1014.7,881.0,100,,0.64,,3,muhimbili_tanzania
2022-05-03 13:00:00,29.5,54,19.1,18.9,40.3,0.0,1013.8,840.0,100,,0.63,,3,muhimbili_tanzania
2022-05-03 14:00:00,30.0,52,18.9,20.9,40.3,0.0,1013.0,765.0,100,,0.6,,3,muhimbili_tanzania
2022-05-03 15:00:00,29.4,52,18.4,19.4,40.7,0.0,1012.5,490.0,100,,0.44,,3,muhimbili_tanzania
2022-05-03 16:00:00,28.8,55,18.9,17.6,35.6,0.0,1012.3,326.0,100,,0.32,,3,muhimbili_tanzania
2022-05-03 17:00:00,28.0,61,19.6,14.5,32.4,0.0,1012.5,236.0,100,,0.23,,3,muhimbili_tanzania
2022-05-03 18:00:00,26.6,65,19.6,12.7,26.3,0.0,1013.0,81.0,100,,0.12,,3,muhimbili_tanzania
2022-05-03 19:00:00,25.7,71,20.1,12.7,22.7,0.0,1013.3,1.0,100,,0.07,,3,muhimbili_tanzania
2022-05-03 20:00:00,25.1,76,20.6,11.7,22.3,0.0,1014.0,0.0,100,,0.03,,3,muhimbili_tanzania
2022-05-03 21:00:00,25.0,79,21.1,10.8,20.2,0.0,1014.4,0.0,100,,0.02,,3,muhimbili_tanzania
2022-05-03 22:00:00,24.9,81,21.4,10.2,19.1,0.0,1014.7,0.0,100,,0.02,,3,muhimbili_tanzania
2022-05-03 23:00:00,24.4,83,21.4,9.7,18.0,0.0,1014.6,0.0,100,,0.01,,3,muhimbili_tanzania
2022-05-04 00:00:00,24.2,84,21.4,10.5,18.4,0.0,1014.5,0.0,100,,0.01,,3,muhimbili_tanzania
2022-05-04 01:00:00,24.1,85,21.4,10.0,18.4,0.0,1013.9,0.0,63,,0.01,,2,muhimbili_tanzania
2022-05-04 02:00:00,23.8,86,21.4,10.3,17.6,0.0,1013.7,0.0,92,,0.01,,3,muhimbili_tanzania
2022-05-04 03:00:00,24.0,84,21.1,11.0,21.2,0.0,1013.7,0.0,97,,0.02,,3,muhimbili_tanzania
2022-05-04 04:00:00,24.0,84,21.0,12.6,22.0,0.0,1013.6,0.0,50,,0.02,,2,muhimbili_tanzania
2022-05-04 05:00:00,23.8,84,21.0,12.6,22.3,0.0,1013.8,0.0,35,,0.02,,1,muhimbili_tanzania
2022-05-04 06:00:00,23.4,85,20.6,11.6,22.3,0.0,1014.2,0.0,30,,0.02,,1,muhimbili_tanzania
2022-05-04 07:00:00,23.6,80,19.9,13.7,23.8,0.0,1014.9,16.0,26,,0.05,,1,muhimbili_tanzania
2022-05-04 08:00:00,24.7,74,19.7,12.2,24.8,0.0,1015.9,157.0,100,,0.13,,3,muhimbili_tanzania
2022-05-04 09:00:00,25.0,72,19.6,12.8,23.8,0.0,1016.5,149.0,62,,0.15,,2,muhimbili_tanzania
2022-05-04 10:00:00,27.1,67,20.5,15.9,31.3,0.0,1016.5,507.0,93,,0.37,,3,muhimbili_tanzania
2022-05-04 11:00:00,28.1,63,20.4,18.7,36.7,0.0,1016.1,619.0,40,,0.46,,1,muhimbili_tanzania
2022-05-04 12:00:00,29.1,58,20.1,21.6,41.4,0.0,1015.2,735.0,31,,0.55,,1,muhimbili_tanzania
2022-05-04 13:00:00,29.7,56,19.9,22.0,43.9,0.0,1014.3,828.0,37,,0.62,,1,muhimbili_tanzania
2022-05-04 14:00:00,29.7,55,19.6,22.2,43.2,0.0,1013.6,767.0,45,,0.59,,1,muhimbili_tanzania
2022-05-04 15:00:00,29.0,59,20.1,20.8,43.2,0.0,1013.0,614.0,63,,0.48,,2,muhimbili_tanzania
2022-05-04 16:00:00,28.6,60,20.0,19.4,39.6,0.0,1012.8,472.0,44,,0.39,,1,muhimbili_tanzania
2022-05-04 17:00:00,27.9,64,20.5,16.5,36.4,0.0,1013.2,278.0,46,,0.25,,1,muhimbili_tanzania
2022-05-04 18:00:00,26.8,69,20.6,13.9,29.2,0.0,1014.1,100.0,99,,0.12,,3,muhimbili_tanzania
2022-05-04 19:00:00,25.8,76,21.1,13.1,25.2,0.4,1014.4,1.0,81,,0.06,,51,muhimbili_tanzania
2022-05-04 20:00:00,25.1,82,21.8,9.4,23.4,0.5,1014.7,0.0,77,,0.02,,53,muhimbili_tanzania
2022-05-04 21:00:00,24.5,87,22.0,10.0,18.4,0.1,1015.5,0.0,86,,0.01,,51,muhimbili_tanzania
2022-05-04 22:00:00,24.1,89,22.2,9.7,18.0,0.3,1015.5,0.0,53,,0.0,,51,muhimbili_tanzania
2022-05-04 23:00:00,23.9,92,22.6,8.6,16.9,0.0,1015.7,0.0,38,,0.0,,1,muhimbili_tanzania
2022-05-05 00:00:00,23.5,91,22.0,12.0,27.4,0.2,1015.5,0.0,52,,0.0,,51,muhimbili_tanzania
2022-05-05 01:00:00,23.0,94,22.0,7.5,20.5,0.1,1015.0,0.0,97,,0.0,,51,muhimbili_tanzania
2022-05-05 02:00:00,23.2,94,22.3,6.5,13.7,0.3,1014.4,0.0,46,,0.0,,51,muhimbili_tanzania
2022-05-05 03:00:00,23.8,91,22.3,9.2,19.4,0.3,1013.9,0.0,36,,0.0,,51,muhimbili_tanzania
2022-05-05 04:00:00,23.9,91,22.4,12.0,20.2,0.1,1014.0,0.0,64,,0.0,,51,muhimbili_tanzania
2022-05-05 05:00:00,23.2,94,22.1,14.4,27.7,1.6,1014.2,0.0,100,,0.0,,61,muhimbili_tanzania
2022-05-05 06:00:00,23.3,94,22.2,12.3,25.2,0.3,1014.5,0.0,83,,0.0,,51,muhimbili_tanzania
2022-05-05 07:00:00,23.4,94,22.3,14.7,25.9,0.2,1014.8,15.0,87,,0.02,,51,muhimbili_tanzania
2022-05-05 08:00:00,24.6,88,22.5,19.7,34.9,0.1,1015.4,145.0,39,,0.1,,51,muhimbili_tanzania
2022-05-05 09:00:00,25.7,82,22.4,21.5,42.8,0.0,1015.9,357.0,33,,0.23,,1,muhimbili_tanzania
2022-05-05 10:00:00,26.6,79,22.6,20.2,43.9,0.1,1016.0,572.0,39,,0.37,,51,muhimbili_tanzania
2022-05-05 11:00:00,25.7,80,22.0,21.9,47.2,1.4,1016.2,617.0,75,,0.38,,61,muhimbili_tanzania
2022-05-05 12:00:00,26.5,81,23.0,20.9,42.1,1.4,1015.4,563.0,46,,0.36,,61,muhimbili_tanzania
2022-05-05 13:00:00,27.3,76,22.6,17.9,42.1,0.4,1014.5,736.0,100,,0.48,,51,muhimbili_tanzania
2022-05-05 14:00:00,25.1,89,23.1,10.0,36.7,3.5,1014.1,378.0,100,,0.25,,63,muhimbili_tanzania
2022-05-05 15:00:00,26.5,81,23.0,13.8,27.0,0.2,1013.5,377.0,15,,0.27,,51,muhimbili_tanzania
2022-05-05 16:00:00,27.4,75,22.5,15.8,33.1,0.1,1013.0,401.0,95,,0.29,,51,muhimbili_tanzania
2022-05-05 17:00:00,26.9,77,22.6,15.4,34.2,0.1,1013.1,187.0,19,,0.16,,51,muhimbili_tanzania
2022-05-05 18:00:00,25.9,80,22.1,14.3,28.8,0.1,1013.6,104.0,29,,0.1,,51,muhimbili_tanzania
2022-05-05 19:00:00,25.0,84,22.1,11.2,25.2,0.0,1013.9,2.0,9,,0.02,,0,muhimbili_tanzania
2022-05-05 20:00:00,24.6,86,22.1,10.7,19.8,0.0,1014.2,0.0,10,,0.01,,0,muhimbili_tanzania
2022-05-05 21:00:00,24.2,88,22.1,10.7,19.1,0.0,1014.8,0.0,9,,0.01,,0,muhimbili_tanzania
2022-05-05 22:00:00,24.0,89,22.2,10.2,18.7,0.0,1015.1,0.0,19,,0.0,,0,muhimbili_tanzania
2022-05-05 23:00:00,23.9,90,22.2,10.0,17.6,0.0,1014.8,0.0,27,,0.0,,1,muhimbili_tanzania
2022-05-06 00:00:00,23.6,91,22.1,11.3,20.5,0.0,1014.4,0.0,13,,0.0,,0,muhimbili_tanzania
2022-05-06 01:00:00,23.4,92,22.0,10.5,20.5,0.0,1014.0,0.0,55,,0.0,,2,muhimbili_tanzania
2022-05-06 02:00:00,23.1,93,22.0,10.1,18.7,0.0,1013.4,0.0,10,,0.0,,0,muhimbili_tanzania
2022-05-06 03:00:00,23.0,92,21.6,11.6,18.0,0.0,1012.9,0.0,5,,0.0,,0,muhimbili_tanzania
2022-05-06 04:00:00,23.2,90,21.5,14.7,25.9,0.0,1012.7,0.0,5,,0.01,,0,muhimbili_tanzania
2022-05-06 05:00:00,22.8,91,21.2,12.6,26.6,0.0,1013.1,0.0,22,,0.0,,1,muhimbili_tanzania
2022-05-06 06:00:00,23.0,90,21.2,13.5,24.1,0.0,1013.3,0.0,31,,0.01,,1,muhimbili_tanzania
2022-05-06 07:00:00,23.2,89,21.2,15.0,27.4,0.0,1013.4,17.0,15,,0.03,,0,muhimbili_tanzania
2022-05-06 08:00:00,24.6,83,21.5,14.9,30.2,0.0,1014.5,186.0,51,,0.13,,2,muhimbili_tanzania
2022-05-06 09:00:00,25.8,77,21.5,17.9,36.0,0.0,1015.2,347.0,67,,0.24,,2,muhimbili_tanzania
2022-05-06 10:00:00,26.4,74,21.3,20.4,38.2,0.0,1015.2,379.0,52,,0.28,,2,muhimbili_tanzania
2022-05-06 11:00:00,27.7,72,22.1,21.3,45.4,0.1,1014.7,734.0,39,,0.49,,51,muhimbili_tanzania
2022-05-06 12:00:00,27.7,73,22.5,18.8,45.0,0.1,1013.8,775.0,100,,0.51,,51,muhimbili_tanzania
2022-05-06 13:00:00,27.5,69,21.4,18.3,41.0,0.4,1013.3,612.0,100,,0.44,,51,muhimbili_tanzania
2022-05-06 14:00:00,27.0,77,22.6,15.5,35.6,0.3,1012.5,390.0,40,,0.29,,51,muhimbili_tanzania
2022-05-06 15:00:00,26.1,84,23.2,12.2,38.2,0.1,1011.8,710.0,49,,0.44,,51,muhimbili_tanzania
2022-05-06 16:00:00,26.8,78,22.5,16.3,34.9,0.1,1011.2,349.0,78,,0.26,,51,muhimbili_tanzania
2022-05-06 17:00:00,26.5,79,22.7,14.5,31.7,0.1,1011.2,208.0,57,,0.17,,51,muhimbili_tanzania
2022-05-06 18:00:00,25.9,82,22.5,12.0,27.4,0.0,1011.5,83.0,64,,0.08,,2,muhimbili_tanzania
2022-05-06 19:00:00,25.2,85,22.5,10.5,21.6,0.0,1012.2,2.0,44,,0.02,,1,muhimbili_tanzania
2022-05-06 20:00:00,24.9,87,22.5,8.6,18.0,0.0,1012.5,0.0,23,,0.01,,1,muhimbili_tanzania
2022-05-06 21:00:00,24.8,88,22.6,10.8,18.4,0.0,1013.5,0.0,19,,0.01,,0,muhimbili_tanzania
2022-05-06 22:00:00,24.5,89,22.6,10.5,18.7,0.0,1013.8,0.0,42,,0.01,,1,muhimbili_tanzania
2022-05-06 23:00:00,24.3,90,22.6,10.4,18.4,0.0,1013.8,0.0,35,,0.0,,1,muhimbili_tanzania
2022-05-07 00:00:00,24.0,91,22.5,10.8,18.7,0.0,1013.6,0.0,87,,0.0,,3,muhimbili_tanzania
2022-05-07 01:00:00,23.6,93,22.5,10.9,18.7,0.0,1013.2,0.0,96,,0.0,,3,muhimbili_tanzania
2022-05-07 02:00:00,23.5,92,22.2,11.9,20.5,0.0,1012.7,0.0,82,,0.0,,3,muhimbili_tanzania
2022-05-07 03:00:00,23.6,91,22.1,13.4,22.7,0.0,1012.0,0.0,92,,0.01,,3,muhimbili_tanzania
2022-05-07 04:00:00,23.5,92,22.0,14.2,24.8,0.0,1011.9,0.0,85,,0.01,,3,muhimbili_tanzania
2022-05-07 05:00:00,23.4,91,21.9,13.5,24.8,0.0,1012.1,0.0,93,,0.01,,3,muhimbili_tanzania
2022-05-07 06:00:00,23.2,92,21.9,11.6,23.8,0.0,1012.4,0.0,88,,0.0,,3,muhimbili_tanzania
2022-05-07 07:00:00,23.4,92,22.0,12.6,21.6,0.0,1013.0,14.0,67,,0.02,,2,muhimbili_tanzania
2022-05-07 08:00:00,24.7,86,22.2,14.2,29.9,0.0,1013.6,186.0,67,,0.12,,2,muhimbili_tanzania
2022-05-07 09:00:00,26.0,79,22.1,16.7,31.7,0.0,1014.2,387.0,96,,0.26,,3,muhimbili_tanzania
2022-05-07 10:00:00,26.9,75,22.1,17.4,38.5,0.0,1014.3,519.0,91,,0.35,,3,muhimbili_tanzania
2022-05-07 11:00:00,28.3,69,22.0,16.6,38.2,0.1,1013.7,758.0,26,,0.52,,51,muhimbili_tanzania
2022-05-07 12:00:00,29.0,65,21.7,17.7,35.6,0.2,1012.8,818.0,18,,0.58,,51,muhimbili_tanzania
2022-05-07 13:00:00,29.5,61,21.2,18.1,36.4,0.1,1011.9,848.0,22,,0.61,,51,muhimbili_tanzania
2022-05-07 14:00:00,29.6,61,21.3,17.0,36.7,0.1,1011.2,747.0,18,,0.55,,51,muhimbili_tanzania
2022-05-07 15:00:00,30.0,61,21.5,15.5,33.8,0.0,1009.9,696.0,10,,0.52,,0,muhimbili_tanzania
2022-05-07 16:00:00,29.6,61,21.4,15.5,31.0,0.1,1009.6,511.0,26,,0.4,,51,muhimbili_tanzania
2022-05-07 17:00:00,28.6,66,21.8,16.0,30.6,0.0,1010.0,308.0,41,,0.26,,1,muhimbili_tanzania
2022-05-07 18:00:00,27.2,75,22.3,14.2,28.8,0.0,1010.8,106.0,30,,0.11,,1,muhimbili_tanzania
2022-05-07 19:00:00,26.0,81,22.5,12.3,25.2,0.0,1011.2,2.0,33,,0.03,,1,muhimbili_tanzania
2022-05-07 20:00:00,25.1,87,22.9,10.5,21.2,0.0,1011.6,0.0,32,,0.01,,1,muhimbili_tanzania
2022-05-07 21:00:00,24.8,91,23.1,8.4,18.4,0.0,1012.5,0.0,0,,0.0,,0,muhimbili_tanzania
2022-05-07 22:00:00,24.6,92,23.2,9.3,15.5,0.0,1012.8,0.0,3,,0.0,,0,muhimbili_tanzania
2022-05-07 23:00:00,24.6,92,23.3,10.6,18.0,0.0,1012.7,0.0,2,,0.0,,0,muhimbili_tanzania
2022-05-08 00:00:00,24.6,91,23.1,10.7,19.1,0.0,1012.3,0.0,4,,0.0,,0,muhimbili_tanzania
2022-05-08 01:00:00,24.4,92,22.9,10.1,18.7,0.0,1011.8,0.0,8,,0.0,,0,muhimbili_tanzania
2022-05-08 02:00:00,23.9,93,22.6,8.9,17.6,0.0,1011.4,0.0,6,,0.0,,0,muhimbili_tanzania
2022-05-08 03:00:00,23.8,92,22.5,8.9,15.8,0.0,1011.1,0.0,9,,0.0,,0,muhimbili_tanzania
2022-05-08 04:00:00,23.7,92,22.4,8.9,15.5,0.0,1011.5,0.0,7,,0.0,,0,muhimbili_tanzania
2022-05-08 05:00:00,23.6,93,22.4,9.4,16.6,0.0,1011.7,0.0,8,,0.0,,0,muhimbili_tanzania
2022-05-08 06:00:00,23.4,94,22.3,8.9,16.6,0.0,1012.2,0.0,8,,0.0,,0,muhimbili_tanzania
2022-05-08 07:00:00,23.8,92,22.5,11.2,19.1,0.0,1013.0,18.0,12,,0.01,,0,muhimbili_tanzania
2022-05-08 08:00:00,25.4,87,23.1,11.6,22.0,0.0,1013.9,177.0,31,,0.11,,1,muhimbili_tanzania
2022-05-08 09:00:00,27.0,78,23.0,15.9,33.5,0.0,1014.4,380.0,32,,0.26,,1,muhimbili_tanzania
2022-05-08 10:00:00,28.0,74,22.9,16.9,36.4,0.0,1014.6,570.0,56,,0.39,,2,muhimbili_tanzania
2022-05-08 11:00:00,28.8,73,23.5,15.9,36.4,0.0,1014.3,699.0,84,,0.48,,3,muhimbili_tanzania
2022-05-08 12:00:00,29.4,70,23.2,16.3,37.1,0.0,1013.5,729.0,35,,0.52,,1,muhimbili_tanzania
2022-05-08 13:00:00,30.1,65,22.8,15.9,37.1,0.0,1012.4,802.0,45,,0.58,,1,muhimbili_tanzania
2022-05-08 14:00:00,30.2,62,22.2,16.9,36.7,0.0,1011.9,771.0,98,,0.57,,3,muhimbili_tanzania
2022-05-08 15:00:00,30.4,58,21.0,17.3,34.2,0.0,1010.8,624.0,94,,0.5,,3,muhimbili_tanzania
2022-05-08 16:00:00,29.6,61,21.1,16.9,33.5,0.0,1010.8,507.0,12,,0.41,,0,muhimbili_tanzania
2022-05-08 17:00:00,28.5,66,21.6,16.3,32.4,0.0,1011.2,315.0,29,,0.26,,1,muhimbili_tanzania
2022-05-08 18:00:00,27.2,75,22.4,14.3,30.6,0.0,1011.5,107.0,54,,0.11,,2,muhimbili_tanzania
2022-05-08 19:00:00,26.0,83,22.9,13.2,25.6,0.0,1011.9,2.0,69,,0.03,,2,muhimbili_tanzania
2022-05-08 20:00:00,25.5,86,23.1,14.1,24.8,0.0,1012.1,0.0,100,,0.02,,3,muhimbili_tanzania
2022-05-08 21:00:00,25.6,86,23.1,12.9,25.6,0.0,1013.1,0.0,97,,0.02,,3,muhimbili_tanzania
2022-05-08 22:00:00,25.4,87,23.0,12.2,22.7,0.0,1013.5,0.0,100,,0.01,,3,muhimbili_tanzania
2022-05-08 23:00:00,25.0,88,23.0,11.5,21.6,0.0,1013.3,0.0,96,,0.01,,3,muhimbili_tanzania
2022-05-09 00:00:00,24.9,89,23.0,10.1,20.2,0.0,1013.0,0.0,93,,0.01,,3,muhimbili_tanzania
2022-05-09 01:00:00,24.8,89,22.9,9.7,17.6,0.0,1012.8,0.0,94,,0.0,,3,muhimbili_tanzania
2022-05-09 02:00:00,24.6,90,22.9,10.3,18.7,0.0,1012.1,0.0,87,,0.0,,3,muhimbili_tanzania
2022-05-09 03:00:00,24.4,90,22.6,10.5,18.4,0.0,1011.4,0.0,97,,0.0,,3,muhimbili_tanzania
2022-05-09 04:00:00,24.0,91,22.5,8.4,17.6,0.0,1011.5,0.0,100,,0.0,,3,muhimbili_tanzania
2022-05-09 05:00:00,24.2,90,22.5,8.4,15.5,0.0,1011.8,0.0,99,,0.0,,3,muhimbili_tanzania
2022-05-09 06:00:00,24.1,90,22.5,9.1,15.8,0.0,1012.1,0.0,40,,0.0,,1,muhimbili_tanzania
2022-05-09 07:00:00,24.2,91,22.6,10.0,17.3,0.0,1013.0,17.0,41,,0.02,,1,muhimbili_tanzania
2022-05-09 08:00:00,25.6,86,23.1,11.3,22.3,0.0,1013.5,177.0,54,,0.12,,2,muhimbili_tanzania
2022-05-09 09:00:00,27.2,78,23.0,14.8,29.5,0.0,1014.3,394.0,40,,0.27,,1,muhimbili_tanzania
2022-05-09 10:00:00,28.1,74,23.1,15.2,33.8,0.0,1014.3,563.0,22,,0.39,,1,muhimbili_tanzania
2022-05-09 11:00:00,28.8,72,23.3,14.9,33.8,0.0,1014.0,691.0,73,,0.48,,2,muhimbili_tanzania
2022-05-09 12:00:00,29.9,66,23.0,12.6,33.5,0.0,1013.0,785.0,31,,0.57,,1,muhimbili_tanzania
2022-05-09 13:00:00,30.5,62,22.5,12.8,31.0,0.0,1012.1,839.0,21,,0.62,,1,muhimbili_tanzania
2022-05-09 14:00:00,30.5,61,22.2,12.9,28.4,0.0,1011.2,794.0,46,,0.59,,1,muhimbili_tanzania
2022-05-09 15:00:00,30.5,61,22.1,12.4,28.1,0.0,1010.5,676.0,54,,0.51,,2,muhimbili_tanzania
2022-05-09 16:00:00,30.0,62,21.9,12.6,25.9,0.0,1010.2,505.0,11,,0.4,,0,muhimbili_tanzania
2022-05-09 17:00:00,29.2,64,21.7,12.8,25.6,0.0,1010.6,311.0,10,,0.26,,0,muhimbili_tanzania
2022-05-09 18:00:00,27.9,71,22.1,11.6,24.1,0.0,1010.9,106.0,10,,0.11,,0,muhimbili_tanzania
2022-05-09 19:00:00,26.6,78,22.5,12.7,22.3,0.0,1011.7,2.0,2,,0.04,,0,muhimbili_tanzania
2022-05-09 20:00:00,25.8,84,23.0,11.6,22.3,0.0,1012.2,0.0,1,,0.02,,0,muhimbili_tanzania
2022-05-09 21:00:00,25.4,88,23.2,11.4,20.5,0.0,1012.8,0.0,1,,0.01,,0,muhimbili_tanzania
2022-05-09 22:00:00,25.1,88,23.1,10.0,19.8,0.0,1013.2,0.0,1,,0.01,,0,muhimbili_tanzania
2022-05-09 23:00:00,24.7,89,22.8,7.9,17.3,0.0,1013.2,0.0,1,,0.0,,0,muhimbili_tanzania
2022-05-10 00:00:00,24.2,91,22.6,7.1,13.7,0.0,1012.9,0.0,2,,0.0,,0,muhimbili_tanzania
2022-05-10 01:00:00,23.9,92,22.6,6.6,12.6,0.0,1012.4,0.0,1,,0.0,,0,muhimbili_tanzania
2022-05-10 02:00:00,23.7,94,22.6,6.0,11.9,0.0,1011.7,0.0,1,,0.0,,0,muhimbili_tanzania
2022-05-10 03:00:00,23.7,93,22.5,7.3,12.6,0.0,1011.8,0.0,1,,0.0,,0,muhimbili_tanzania
2022-05-10 04:00:00,23.6,94,22.6,7.8,13.7,0.0,1011.9,0.0,8,,0.0,,0,muhimbili_tanzania
2022-05-10 05:00:00,23.7,94,22.6,9.3,16.2,0.0,1012.3,0.0,10,,0.0,,0,muhimbili_tanzania
2022-05-10 06:00:00,23.8,93,22.6,10.4,18.0,0.0,1012.7,0.0,13,,0.0,,0,muhimbili_tanzania
2022-05-10 07:00:00,24.1,91,22.6,11.8,20.5,0.0,1013.1,17.0,7,,0.02,,0,muhimbili_tanzania
2022-05-10 08:00:00,25.7,85,23.0,12.2,23.4,0.0,1013.6,179.0,1,,0.12,,0,muhimbili_tanzania
2022-05-10 09:00:00,27.4,76,22.9,17.1,33.1,0.0,1014.2,412.0,30,,0.29,,1,muhimbili_tanzania
2022-05-10 10:00:00,28.5,71,22.8,15.9,33.5,0.1,1014.1,582.0,14,,0.41,,51,muhimbili_tanzania
2022-05-10 11:00:00,29.4,66,22.5,16.9,34.2,0.3,1013.5,736.0,36,,0.53,,51,muhimbili_tanzania
2022-05-10 12:00:00,29.9,63,22.2,17.7,36.0,0.1,1012.7,799.0,25,,0.58,,51,muhimbili_tanzania
2022-05-10 13:00:00,30.5,59,21.6,18.2,36.7,0.0,1011.6,811.0,19,,0.61,,0,muhimbili_tanzania
2022-05-10 14:00:00,30.6,54,20.3,19.6,38.9,0.0,1010.9,780.0,7,,0.61,,0,muhimbili_tanzania
2022-05-10 15:00:00,30.4,56,20.6,18.1,39.6,0.0,1010.1,696.0,9,,0.54,,0,muhimbili_tanzania
2022-05-10 16:00:00,29.5,60,21.0,18.4,35.6,0.0,1010.0,529.0,5,,0.42,,0,muhimbili_tanzania
2022-05-10 17:00:00,28.2,66,21.3,18.0,36.0,0.0,1010.4,326.0,4,,0.27,,0,muhimbili_tanzania
2022-05-10 18:00:00,27.0,75,22.2,14.7,33.8,0.0,1010.9,110.0,10,,0.11,,0,muhimbili_tanzania
2022-05-10 19:00:00,25.9,83,22.6,13.1,25.9,0.0,1011.6,2.0,6,,0.03,,0,muhimbili_tanzania
2022-05-10 20:00:00,25.1,87,22.9,12.2,23.4,0.0,1012.1,0.0,1,,0.01,,0,muhimbili_tanzania
2022-05-10 21:00:00,24.8,90,23.0,11.3,21.6,0.0,1012.7,0.0,1,,0.01,,0,muhimbili_tanzania
2022-05-10 22:00:00,24.5,92,23.1,10.9,19.8,0.0,1013.0,0.0,4,,0.0,,0,muhimbili_tanzania
2022-05-10 23:00:00,24.5,92,23.1,10.9,19.1,0.0,1012.9,0.0,2,,0.0,,0,muhimbili_tanzania
2022-05-11 00:00:00,24.4,92,23.0,10.8,19.1,0.0,1012.4,0.0,2,,0.0,,0,muhimbili_tanzania
2022-05-11 01:00:00,24.1,93,23.0,10.4,19.1,0.0,1012.0,0.0,5,,0.0,,0,muhimbili_tanzania
2022-05-11 02:00:00,23.9,94,22.9,9.7,18.0,0.0,1011.5,0.0,5,,0.0,,0,muhimbili_tanzania
2022-05-11 03:00:00,23.5,94,22.5,10.7,19.1,0.0,1011.3,0.0,3,,0.0,,0,muhimbili_tanzania
2022-05-11 04:00:00,23.1,94,22.1,9.2,18.0,0.0,1011.6,0.0,5,,0.0,,0,muhimbili_tanzania
2022-05-11 05:00:00,22.9,94,21.9,9.9,17.3,0.0,1012.0,0.0,2,,0.0,,0,muhimbili_tanzania
2022-05-11 06:00:00,22.8,94,21.7,9.9,17.6,0.0,1012.5,0.0,3,,0.0,,0,muhimbili_tanzania
2022-05-11 07:00:00,23.2,91,21.7,12.6,21.2,0.0,1013.2,18.0,12,,0.02,,0,muhimbili_tanzania
2022-05-11 08:00:00,25.0,84,22.1,14.6,27.4,0.0,1013.8,186.0,4,,0.12,,0,muhimbili_tanzania
2022-05-11 09:00:00,26.5,77,22.1,18.2,34.9,0.0,1014.2,417.0,7,,0.28,,0,muhimbili_tanzania
2022-05-11 10:00:00,27.9,69,21.7,21.0,41.4,0.0,1014.5,618.0,24,,0.43,,1,muhimbili_tanzania
2022-05-11 11:00:00,28.8,65,21.4,20.2,41.4,0.0,1014.1,733.0,15,,0.52,,0,muhimbili_tanzania
2022-05-11 12:00:00,29.5,60,20.8,19.7,40.3,0.0,1013.4,790.0,26,,0.58,,1,muhimbili_tanzania
2022-05-11 13:00:00,29.9,57,20.5,20.0,40.3,0.0,1012.6,865.0,52,,0.64,,2,muhimbili_tanzania
2022-05-11 14:00:00,29.8,57,20.3,20.0,40.3,0.0,1012.1,813.0,81,,0.61,,3,muhimbili_tanzania
2022-05-11 15:00:00,29.9,55,19.8,17.9,40.0,0.0,1010.9,675.0,12,,0.53,,0,muhimbili_tanzania
2022-05-11 16:00:00,29.1,59,20.1,19.4,37.4,0.0,1010.9,538.0,5,,0.43,,0,muhimbili_tanzania
2022-05-11 17:00:00,27.9,66,21.0,19.1,37.4,0.0,1011.5,329.0,9,,0.27,,0,muhimbili_tanzania
2022-05-11 18:00:00,26.6,71,20.9,14.9,36.0,0.0,1011.9,110.0,1,,0.12,,0,muhimbili_tanzania
2022-05-11 19:00:00,25.6,76,21.2,13.6,26.6,0.0,1012.8,1.0,0,,0.06,,0,muhimbili_tanzania
2022-05-11 20:00:00,25.1,82,21.8,12.2,23.4,0.0,1013.2,0.0,1,,0.02,,0,muhimbili_tanzania
2022-05-11 21:00:00,24.8,84,21.9,11.5,21.2,0.0,1013.8,0.0,1,,0.02,,0,muhimbili_tanzania
2022-05-11 22:00:00,24.4,86,22.0,9.5,20.2,0.0,1014.1,0.0,1,,0.01,,0,muhimbili_tanzania
2022-05-11 23:00:00,24.1,88,22.0,8.7,16.6,0.0,1014.1,0.0,80,,0.0,,3,muhimbili_tanzania
2022-05-12 00:00:00,23.9,89,21.9,8.7,15.5,0.0,1013.8,0.0,55,,0.0,,2,muhimbili_tanzania
2022-05-12 01:00:00,23.7,89,21.9,8.6,15.5,0.0,1013.3,0.0,50,,0.0,,2,muhimbili_tanzania
2022-05-12 02:00:00,23.4,91,21.9,8.3,15.1,0.0,1012.7,0.0,65,,0.0,,2,muhimbili_tanzania
2022-05-12 03:00:00,23.2,91,21.6,6.7,14.8,0.0,1012.5,0.0,0,,0.0,,0,muhimbili_tanzania
2022-05-12 04:00:00,23.0,91,21.4,6.5,11.9,0.0,1012.7,0.0,1,,0.0,,0,muhimbili_tanzania
2022-05-12 05:00:00,22.9,92,21.4,7.0,12.2,0.0,1013.2,0.0,15,,0.0,,0,muhimbili_tanzania
2022-05-12 06:00:00,22.7,92,21.4,7.9,14.0,0.0,1013.9,0.0,8,,0.0,,0,muhimbili_tanzania
2022-05-12 07:00:00,23.0,91,21.5,9.2,15.5,0.0,1014.8,18.0,8,,0.01,,0,muhimbili_tanzania
2022-05-12 08:00:00,24.8,85,22.2,9.3,19.1,0.0,1015.5,185.0,92,,0.12,,3,muhimbili_tanzania
2022-05-12 09:00:00,26.8,74,21.7,14.3,28.4,0.0,1015.9,410.0,93,,0.28,,3,muhimbili_tanzania
2022-05-12 10:00:00,27.9,68,21.5,15.4,31.3,0.2,1015.7,592.0,90,,0.42,,51,muhimbili_tanzania
2022-05-12 11:00:00,28.4,66,21.5,15.6,32.8,0.3,1015.4,701.0,91,,0.5,,51,muhimbili_tanzania
2022-05-12 12:00:00,29.0,63,21.2,15.1,32.4,0.2,1014.5,773.0,96,,0.56,,51,muhimbili_tanzania
2022-05-12 13:00:00,29.5,60,20.9,15.5,32.0,0.0,1013.6,731.0,94,,0.55,,3,muhimbili_tanzania
2022-05-12 14:00:00,29.3,60,20.6,17.5,35.3,0.0,1012.9,694.0,90,,0.52,,3,muhimbili_tanzania
2022-05-12 15:00:00,28.6,62,20.6,16.5,36.4,0.0,1012.3,660.0,52,,0.48,,2,muhimbili_tanzania
2022-05-12 16:00:00,28.1,64,20.8,16.9,32.8,0.1,1012.0,360.0,56,,0.31,,51,muhimbili_tanzania
2022-05-12 17:00:00,28.0,64,20.5,15.3,31.7,0.0,1012.4,299.0,40,,0.26,,1,muhimbili_tanzania
2022-05-12 18:00:00,26.9,70,20.9,13.4,28.4,0.0,1012.9,99.0,19,,0.11,,0,muhimbili_tanzania
2022-05-12 19:00:00,25.9,76,21.3,13.3,24.1,0.0,1013.3,1.0,8,,0.06,,0,muhimbili_tanzania
2022-05-12 20:00:00,25.1,81,21.6,11.4,23.4,0.0,1013.8,0.0,21,,0.02,,1,muhimbili_tanzania
2022-05-12 21:00:00,24.7,84,21.9,9.1,20.2,0.0,1014.4,0.0,34,,0.01,,1,muhimbili_tanzania
2022-05-12 22:00:00,24.4,87,22.1,7.9,16.2,0.0,1014.8,0.0,72,,0.0,,2,muhimbili_tanzania
2022-05-12 23:00:00,24.1,89,22.3,7.3,14.0,0.0,1014.7,0.0,86,,0.0,,3,muhimbili_tanzania
2022-05-13 00:00:00,24.1,91,22.5,7.7,13.7,0.0,1014.7,0.0,78,,0.0,,2,muhimbili_tanzania
2022-05-13 01:00:00,23.9,92,22.5,7.2,13.3,0.0,1014.1,0.0,96,,0.0,,3,muhimbili_tanzania
2022-05-13 02:00:00,23.7,93,22.5,7.6,13.7,0.0,1013.6,0.0,100,,0.0,,3,muhimbili_tanzania
2022-05-13 03:00:00,23.6,92,22.2,6.4,14.0,0.0,1013.7,0.0,100,,0.0,,3,muhimbili_tanzania
2022-05-13 04:00:00,23.6,90,22.0,7.1,12.6,0.0,1013.8,0.0,96,,0.0,,3,muhimbili_tanzania
2022-05-13 05:00:00,23.3,91,21.8,7.5,13.0,0.0,1014.0,0.0,99,,0.0,,3,muhimbili_tanzania
2022-05-13 06:00:00,23.0,92,21.6,7.8,14.0,0.0,1014.5,0.0,100,,0.0,,3,muhimbili_tanzania
2022-05-13 07:00:00,23.5,90,21.8,9.4,15.8,0.0,1014.8,17.0,100,,0.01,,3,muhimbili_tanzania
2022-05-13 08:00:00,25.2,84,22.2,9.5,19.1,0.0,1015.6,185.0,100,,0.12,,3,muhimbili_tanzania
2022-05-13 09:00:00,27.0,73,21.8,12.4,25.9,0.0,1016.1,408.0,100,,0.28,,3,muhimbili_tanzania
2022-05-13 10:00:00,28.2,66,21.3,14.7,30.2,0.1,1016.2,606.0,99,,0.43,,51,muhimbili_tanzania
2022-05-13 11:00:00,29.1,62,21.0,15.1,31.7,0.1,1015.7,726.0,88,,0.53,,51,muhimbili_tanzania
2022-05-13 12:00:00,29.8,59,20.8,15.7,32.8,0.1,1014.8,810.0,73,,0.6,,51,muhimbili_tanzania
2022-05-13 13:00:00,30.1,57,20.5,17.1,35.3,0.0,1013.5,844.0,97,,0.63,,3,muhimbili_tanzania
2022-05-13 14:00:00,30.1,56,20.4,18.4,37.1,0.0,1012.6,814.0,52,,0.61,,2,muhimbili_tanzania
2022-05-13 15:00:00,29.2,58,20.1,15.6,37.1,0.0,1012.4,671.0,30,,0.51,,1,muhimbili_tanzania
2022-05-13 16:00:00,28.9,59,20.0,16.7,32.4,0.2,1012.3,500.0,39,,0.4,,51,muhimbili_tanzania
2022-05-13 17:00:00,28.0,62,20.0,16.9,33.1,0.0,1012.5,299.0,26,,0.26,,1,muhimbili_tanzania
2022-05-13 18:00:00,26.8,69,20.6,14.4,31.7,0.0,1013.0,98.0,17,,0.12,,0,muhimbili_tanzania
2022-05-13 19:00:00,26.0,73,20.7,12.4,25.2,0.0,1013.3,1.0,16,,0.06,,0,muhimbili_tanzania
2022-05-13 20:00:00,25.4,77,21.0,11.2,21.6,0.0,1013.8,0.0,1,,0.03,,0,muhimbili_tanzania
2022-05-13 21:00:00,25.0,80,21.4,10.5,20.2,0.0,1014.7,0.0,4,,0.02,,0,muhimbili_tanzania
2022-05-13 22:00:00,24.6,84,21.7,9.7,18.7,0.0,1015.1,0.0,2,,0.01,,0,muhimbili_tanzania
2022-05-13 23:00:00,24.2,86,21.8,7.8,16.9,0.0,1014.9,0.0,29,,0.0,,1,muhimbili_tanzania
2022-05-14 00:00:00,23.9,88,21.7,7.9,14.0,0.0,1015.0,0.0,41,,0.0,,1,muhimbili_tanzania
2022-05-14 01:00:00,23.6,88,21.6,8.0,14.8,0.0,1014.6,0.0,45,,0.0,,1,muhimbili_tanzania
2022-05-14 02:00:00,23.5,89,21.7,7.9,14.4,0.0,1014.2,0.0,40,,0.0,,1,muhimbili_tanzania
2022-05-14 03:00:00,23.5,88,21.5,8.2,15.1,0.0,1013.7,0.0,0,,0.0,,0,muhimbili_tanzania
2022-05-14 04:00:00,23.2,90,21.4,8.2,14.4,0.0,1013.7,0.0,48,,0.0,,1,muhimbili_tanzania
2022-05-14 05:00:00,23.0,91,21.4,7.9,14.4,0.0,1013.9,0.0,77,,0.0,,2,muhimbili_tanzania
2022-05-14 06:00:00,22.8,92,21.4,8.3,14.8,0.0,1014.4,0.0,34,,0.0,,1,muhimbili_tanzania
2022-05-14 07:00:00,23.1,90,21.5,10.1,17.3,0.0,1015.1,17.0,1,,0.01,,0,muhimbili_tanzania
2022-05-14 08:00:00,25.0,84,22.1,10.2,20.5,0.0,1015.8,184.0,10,,0.12,,0,muhimbili_tanzania
2022-05-14 09:00:00,27.0,74,22.0,13.1,26.3,0.0,1016.5,407.0,16,,0.28,,0,muhimbili_tanzania
2022-05-14 10:00:00,28.3,67,21.6,14.9,30.6,0.1,1016.7,601.0,27,,0.43,,51,muhimbili_tanzania
2022-05-14 11:00:00,29.0,63,21.3,15.1,32.0,0.1,1016.3,713.0,25,,0.52,,51,muhimbili_tanzania
2022-05-14 12:00:00,29.6,60,21.0,14.8,32.0,0.1,1015.8,800.0,40,,0.59,,51,muhimbili_tanzania
2022-05-14 13:00:00,29.8,59,20.8,15.5,33.1,0.1,1014.7,821.0,26,,0.6,,51,muhimbili_tanzania
2022-05-14 14:00:00,30.0,57,20.5,16.6,34.2,0.1,1013.4,804.0,12,,0.6,,51,muhimbili_tanzania
2022-05-14 15:00:00,29.9,56,20.0,15.2,34.6,0.0,1012.6,699.0,13,,0.53,,0,muhimbili_tanzania
2022-05-14 16:00:00,29.3,59,20.4,15.8,31.7,0.0,1012.5,528.0,61,,0.41,,2,muhimbili_tanzania
2022-05-14 17:00:00,28.3,64,20.8,15.2,31.7,0.0,1012.9,326.0,61,,0.27,,2,muhimbili_tanzania
2022-05-14 18:00:00,27.0,70,21.0,13.3,28.8,0.0,1013.5,108.0,22,,0.12,,1,muhimbili_tanzania
2022-05-14 19:00:00,26.0,75,21.3,12.2,23.4,0.0,1014.0,1.0,2,,0.05,,0,muhimbili_tanzania
2022-05-14 20:00:00,25.4,80,21.6,9.5,21.2,0.0,1014.7,0.0,19,,0.02,,0,muhimbili_tanzania
2022-05-14 21:00:00,25.0,82,21.8,8.7,16.9,0.0,1015.1,0.0,45,,0.01,,1,muhimbili_tanzania
2022-05-14 22:00:00,24.8,83,21.8,10.0,17.3,0.0,1015.6,0.0,39,,0.01,,1,muhimbili_tanzania
2022-05-14 23:00:00,24.5,86,22.0,10.5,18.4,0.0,1015.5,0.0,36,,0.01,,1,muhimbili_tanzania
2022-05-15 00:00:00,24.1,89,22.2,9.0,18.4,0.0,1015.2,0.0,36,,0.0,,1,muhimbili_tanzania
2022-05-15 01:00:00,23.9,90,22.2,9.3,15.8,0.0,1014.7,0.0,47,,0.0,,1,muhimbili_tanzania
2022-05-15 02:00:00,23.5,92,22.1,8.3,15.8,0.0,1014.1,0.0,59,,0.0,,2,muhimbili_tanzania
2022-05-15 03:00:00,23.5,90,21.8,8.3,14.8,0.0,1013.5,0.0,47,,0.0,,1,muhimbili_tanzania
2022-05-15 04:00:00,23.4,90,21.7,7.4,14.4,0.0,1013.6,0.0,44,,0.0,,1,muhimbili_tanzania
2022-05-15 05:00:00,23.4,90,21.6,8.1,14.4,0.0,1014.0,0.0,33,,0.0,,1,muhimbili_tanzania
2022-05-15 06:00:00,23.2,91,21.6,7.7,14.4,0.0,1014.5,0.0,13,,0.0,,0,muhimbili_tanzania
2022-05-15 07:00:00,23.6,89,21.7,9.7,16.6,0.0,1015.5,17.0,11,,0.02,,0,muhimbili_tanzania
2022-05-15 08:00:00,25.3,83,22.2,10.1,20.2,0.0,1016.4,171.0,11,,0.12,,0,muhimbili_tanzania
2022-05-15 09:00:00,27.0,74,21.9,15.2,29.9,0.0,1017.4,391.0,7,,0.28,,0,muhimbili_tanzania
2022-05-15 10:00:00,28.0,69,21.9,16.8,34.6,0.3,1017.5,591.0,34,,0.42,,51,muhimbili_tanzania
2022-05-15 11:00:00,28.8,65,21.5,17.2,34.9,0.0,1017.2,724.0,29,,0.52,,1,muhimbili_tanzania
2022-05-15 12:00:00,29.0,63,21.4,17.0,36.4,0.1,1016.5,665.0,50,,0.5,,51,muhimbili_tanzania
2022-05-15 13:00:00,29.5,61,21.1,18.3,39.6,0.0,1015.6,798.0,18,,0.58,,0,muhimbili_tanzania
2022-05-15 14:00:00,29.7,60,21.1,18.6,39.2,0.1,1014.7,754.0,27,,0.56,,51,muhimbili_tanzania
2022-05-15 15:00:00,28.6,61,20.4,15.0,38.2,0.0,1014.5,644.0,49,,0.48,,1,muhimbili_tanzania
2022-05-15 16:00:00,28.6,60,20.0,16.9,33.8,0.1,1014.1,492.0,86,,0.39,,51,muhimbili_tanzania
2022-05-15 17:00:00,28.0,61,19.9,16.0,33.1,0.0,1014.5,311.0,4,,0.27,,0,muhimbili_tanzania
2022-05-15 18:00:00,26.9,68,20.4,13.9,30.2,0.0,1015.1,108.0,31,,0.12,,1,muhimbili_tanzania
2022-05-15 19:00:00,25.7,76,21.2,12.9,24.8,0.0,1015.7,1.0,5,,0.05,,0,muhimbili_tanzania
2022-05-15 20:00:00,25.0,82,21.8,10.5,22.7,0.0,1016.3,0.0,12,,0.02,,0,muhimbili_tanzania
2022-05-15 21:00:00,24.6,86,22.1,10.1,18.7,0.0,1017.1,0.0,16,,0.01,,0,muhimbili_tanzania
2022-05-15 22:00:00,24.2,89,22.2,9.5,17.6,0.0,1017.5,0.0,4,,0.0,,0,muhimbili_tanzania
2022-05-15 23:00:00,24.0,91,22.4,7.6,16.6,0.0,1017.4,0.0,3,,0.0,,0,muhimbili_tanzania
2022-05-16 00:00:00,23.8,91,22.2,7.6,13.3,0.0,1017.0,0.0,2,,0.0,,0,muhimbili_tanzania
2022-05-16 01:00:00,23.6,91,22.1,6.6,13.3,0.0,1016.4,0.0,6,,0.0,,0,muhimbili_tanzania
2022-05-16 02:00:00,23.4,92,22.0,6.4,11.9,0.0,1015.8,0.0,12,,0.0,,0,muhimbili_tanzania
2022-05-16 03:00:00,23.5,90,21.8,7.2,12.6,0.0,1015.6,0.0,15,,0.0,,0,muhimbili_tanzania
2022-05-16 04:00:00,23.4,91,21.8,7.4,13.7,0.0,1015.6,0.0,1,,0.0,,0,muhimbili_tanzania
2022-05-16 05:00:00,23.0,92,21.8,6.8,13.3,0.0,1015.9,0.0,16,,0.0,,0,muhimbili_tanzania
2022-05-16 06:00:00,23.0,90,21.2,10.0,18.4,0.1,1016.7,0.0,12,,0.0,,51,muhimbili_tanzania
2022-05-16 07:00:00,23.5,89,21.5,11.6,19.4,0.0,1017.1,15.0,5,,0.02,,0,muhimbili_tanzania
2022-05-16 08:00:00,24.9,84,22.0,12.8,24.5,0.0,1017.7,173.0,0,,0.12,,0,muhimbili_tanzania
2022-05-16 09:00:00,26.5,74,21.5,18.7,35.3,0.0,1018.1,400.0,22,,0.28,,1,muhimbili_tanzania
2022-05-16 10:00:00,27.6,69,21.4,20.0,42.1,0.0,1018.3,544.0,18,,0.39,,0,muhimbili_tanzania
2022-05-16 11:00:00,28.6,63,20.8,19.7,39.2,0.1,1017.9,700.0,24,,0.51,,51,muhimbili_tanzania
2022-05-16 12:00:00,29.3,60,20.9,18.0,41.4,0.0,1017.5,762.0,34,,0.56,,1,muhimbili_tanzania
2022-05-16 13:00:00,29.5,60,21.0,18.0,39.6,0.0,1016.3,756.0,36,,0.56,,1,muhimbili_tanzania
2022-05-16 14:00:00,29.7,59,20.8,18.9,38.5,0.0,1015.3,727.0,26,,0.55,,1,muhimbili_tanzania
2022-05-16 15:00:00,29.1,56,19.6,19.2,39.2,0.0,1014.5,605.0,28,,0.48,,1,muhimbili_tanzania
2022-05-16 16:00:00,28.5,59,19.8,19.4,38.9,0.1,1014.3,478.0,15,,0.39,,51,muhimbili_tanzania
2022-05-16 17:00:00,28.0,62,20.0,17.9,37.4,0.0,1014.4,291.0,9,,0.26,,0,muhimbili_tanzania
2022-05-16 18:00:00,26.6,71,20.9,16.5,33.5,0.0,1014.7,99.0,9,,0.12,,0,muhimbili_tanzania
2022-05-16 19:00:00,25.8,77,21.5,14.8,29.2,0.0,1015.1,1.0,5,,0.06,,0,muhimbili_tanzania
2022-05-16 20:00:00,25.2,80,21.6,11.7,26.3,0.0,1015.6,0.0,7,,0.03,,0,muhimbili_tanzania
2022-05-16 21:00:00,24.9,83,21.9,9.9,20.9,0.0,1016.1,0.0,6,,0.01,,0,muhimbili_tanzania
2022-05-16 22:00:00,24.5,86,22.0,9.2,17.3,0.0,1016.4,0.0,3,,0.01,,0,muhimbili_tanzania
2022-05-16 23:00:00,24.4,88,22.2,8.3,16.2,0.0,1016.3,0.0,3,,0.0,,0,muhimbili_tanzania
2022-05-17 00:00:00,24.0,90,22.2,7.8,14.8,0.0,1016.1,0.0,7,,0.0,,0,muhimbili_tanzania
2022-05-17 01:00:00,23.7,92,22.2,8.1,14.4,0.0,1015.5,0.0,10,,0.0,,0,muhimbili_tanzania
2022-05-17 02:00:00,23.8,91,22.3,10.2,17.6,0.0,1014.9,0.0,2,,0.0,,0,muhimbili_tanzania
2022-05-17 03:00:00,23.8,90,22.0,10.4,19.8,0.0,1014.5,0.0,1,,0.0,,0,muhimbili_tanzania
2022-05-17 04:00:00,23.5,89,21.6,10.2,18.4,0.0,1014.1,0.0,0,,0.0,,0,muhimbili_tanzania
2022-05-17 05:00:00,23.2,90,21.5,10.2,18.4,0.0,1014.4,0.0,0,,0.0,,0,muhimbili_tanzania
2022-05-17 06:00:00,23.0,91,21.4,11.3,20.2,0.0,1015.1,0.0,1,,0.0,,0,muhimbili_tanzania
2022-05-17 07:00:00,23.3,88,21.1,13.5,23.0,0.0,1015.8,17.0,5,,0.02,,0,muhimbili_tanzania
2022-05-17 08:00:00,24.9,81,21.5,13.7,26.3,0.0,1016.5,179.0,11,,0.12,,0,muhimbili_tanzania
2022-05-17 09:00:00,26.6,74,21.5,18.1,34.6,0.0,1017.3,401.0,26,,0.28,,1,muhimbili_tanzania
2022-05-17 10:00:00,27.9,66,21.0,18.4,40.0,0.0,1017.2,581.0,9,,0.42,,0,muhimbili_tanzania
2022-05-17 11:00:00,29.2,55,19.2,19.1,40.0,0.0,1016.7,735.0,27,,0.55,,1,muhimbili_tanzania
2022-05-17 12:00:00,29.2,53,18.6,20.9,41.8,0.2,1016.0,720.0,33,,0.56,,51,muhimbili_tanzania
2022-05-17 13:00:00,29.9,51,18.7,20.2,41.0,0.4,1014.8,807.0,25,,0.62,,51,muhimbili_tanzania
2022-05-17 14:00:00,30.0,50,18.6,19.8,40.3,0.3,1013.7,785.0,21,,0.61,,51,muhimbili_tanzania
2022-05-17 15:00:00,29.0,53,18.5,17.6,39.2,0.3,1013.2,670.0,19,,0.52,,51,muhimbili_tanzania
2022-05-17 16:00:00,29.0,55,19.0,16.5,34.2,0.2,1013.0,486.0,20,,0.4,,51,muhimbili_tanzania
2022-05-17 17:00:00,28.5,58,19.4,15.9,32.8,0.0,1013.1,316.0,14,,0.28,,0,muhimbili_tanzania
2022-05-17 18:00:00,27.1,65,19.9,14.2,30.2,0.0,1013.5,105.0,10,,0.13,,0,muhimbili_tanzania
2022-05-17 19:00:00,25.8,72,20.3,14.3,25.9,0.0,1013.7,1.0,4,,0.07,,0,muhimbili_tanzania
2022-05-17 20:00:00,25.1,78,20.9,12.2,24.8,0.0,1014.2,0.0,2,,0.03,,0,muhimbili_tanzania
2022-05-17 21:00:00,24.7,80,21.0,10.2,20.9,0.0,1014.8,0.0,0,,0.02,,0,muhimbili_tanzania
2022-05-17 22:00:00,24.2,84,21.2,9.7,18.0,0.0,1015.0,0.0,1,,0.01,,0,muhimbili_tanzania
2022-05-17 23:00:00,23.8,86,21.2,9.8,17.3,0.0,1015.0,0.0,0,,0.01,,0,muhimbili_tanzania
2022-05-18 00:00:00,23.5,89,21.5,8.4,17.3,0.0,1015.0,0.0,0,,0.0,,0,muhimbili_tanzania
2022-05-18 01:00:00,23.5,91,21.9,10.1,17.3,0.0,1014.8,0.0,7,,0.0,,0,muhimbili_tanzania
2022-05-18 02:00:00,23.5,92,22.1,10.4,18.4,0.0,1014.3,0.0,22,,0.0,,1,muhimbili_tanzania
2022-05-18 03:00:00,23.8,88,21.7,11.2,22.0,0.0,1014.0,0.0,80,,0.01,,3,muhimbili_tanzania
2022-05-18 04:00:00,23.5,86,21.0,11.3,19.4,0.0,1013.7,0.0,69,,0.01,,2,muhimbili_tanzania
2022-05-18 05:00:00,23.5,83,20.5,11.6,21.2,0.0,1013.9,0.0,24,,0.02,,1,muhimbili_tanzania
2022-05-18 06:00:00,23.0,86,20.6,11.7,20.2,0.0,1014.3,0.0,34,,0.01,,1,muhimbili_tanzania
2022-05-18 07:00:00,23.0,87,20.8,15.3,27.0,0.0,1014.9,15.0,7,,0.03,,0,muhimbili_tanzania
2022-05-18 08:00:00,24.5,79,20.6,15.3,29.2,0.0,1015.5,177.0,4,,0.13,,0,muhimbili_tanzania
2022-05-18 09:00:00,26.1,73,20.8,15.3,31.3,0.0,1016.2,402.0,2,,0.28,,0,muhimbili_tanzania
2022-05-18 10:00:00,27.6,67,21.0,15.5,37.4,0.0,1016.3,601.0,14,,0.42,,0,muhimbili_tanzania
2022-05-18 11:00:00,28.0,66,21.1,17.2,41.0,0.3,1016.3,742.0,47,,0.51,,51,muhimbili_tanzania
2022-05-18 12:00:00,28.6,66,21.5,15.8,38.2,0.1,1015.3,724.0,17,,0.52,,51,muhimbili_tanzania
2022-05-18 13:00:00,28.9,62,20.9,19.8,41.8,0.1,1014.3,818.0,50,,0.58,,51,muhimbili_tanzania
2022-05-18 14:00:00,29.0,59,20.2,18.1,42.1,0.0,1013.3,669.0,37,,0.51,,1,muhimbili_tanzania
2022-05-18 15:00:00,29.1,57,19.7,19.5,38.9,0.0,1012.3,573.0,23,,0.46,,1,muhimbili_tanzania
2022-05-18 16:00:00,28.1,61,19.9,21.2,41.4,0.1,1012.4,520.0,28,,0.4,,51,muhimbili_tanzania
2022-05-18 17:00:00,27.1,67,20.5,17.3,41.0,0.0,1012.6,277.0,52,,0.24,,2,muhimbili_tanzania
2022-05-18 18:00:00,26.3,71,20.7,15.3,32.4,0.0,1012.9,83.0,21,,0.11,,1,muhimbili_tanzania
2022-05-18 19:00:00,25.3,76,20.9,13.2,27.4,0.0,1013.3,1.0,13,,0.05,,0,muhimbili_tanzania
2022-05-18 20:00:00,24.6,81,21.1,11.8,23.0,0.0,1013.4,0.0,12,,0.02,,0,muhimbili_tanzania
2022-05-18 21:00:00,24.3,83,21.2,10.6,20.5,0.0,1014.0,0.0,3,,0.02,,0,muhimbili_tanzania
2022-05-18 22:00:00,24.1,84,21.2,9.5,19.1,0.0,1014.3,0.0,46,,0.01,,1,muhimbili_tanzania
2022-05-18 23:00:00,24.0,84,21.1,9.0,16.9,0.0,1014.4,0.0,78,,0.01,,2,muhimbili_tanzania
2022-05-19 00:00:00,23.6,85,21.0,8.0,15.8,0.0,1014.4,0.0,100,,0.01,,3,muhimbili_tanzania
2022-05-19 01:00:00,23.4,87,21.0,7.4,13.7,0.0,1014.2,0.0,93,,0.0,,3,muhimbili_tanzania
2022-05-19 02:00:00,23.1,88,21.0,7.9,13.7,0.0,1013.8,0.0,89,,0.0,,3,muhimbili_tanzania
2022-05-19 03:00:00,22.8,90,21.0,6.8,15.1,0.0,1013.2,0.0,87,,0.0,,3,muhimbili_tanzania
2022-05-19 04:00:00,22.5,91,21.0,6.3,11.9,0.0,1013.3,0.0,90,,0.0,,3,muhimbili_tanzania
2022-05-19 05:00:00,22.3,93,21.0,6.6,11.9,0.0,1013.6,0.0,93,,0.0,,3,muhimbili_tanzania
2022-05-19 06:00:00,22.5,92,21.0,8.5,14.8,0.0,1014.3,0.0,94,,0.0,,3,muhimbili_tanzania
2022-05-19 07:00:00,22.9,90,21.2,9.3,16.2,0.0,1015.0,15.0,96,,0.01,,3,muhimbili_tanzania
2022-05-19 08:00:00,24.5,84,21.5,8.9,18.4,0.0,1015.6,151.0,96,,0.1,,3,muhimbili_tanzania
2022-05-19 09:00:00,26.4,74,21.3,12.0,24.8,0.0,1016.2,359.0,98,,0.25,,3,muhimbili_tanzania
2022-05-19 10:00:00,27.5,71,21.6,11.2,27.4,0.0,1016.3,479.0,97,,0.34,,3,muhimbili_tanzania
2022-05-19 11:00:00,28.6,67,21.9,10.9,26.6,0.1,1015.9,732.0,94,,0.52,,51,muhimbili_tanzania
2022-05-19 12:00:00,29.2,64,21.6,10.9,26.6,0.1,1015.0,781.0,86,,0.56,,51,muhimbili_tanzania
2022-05-19 13:00:00,29.7,61,21.5,10.6,26.3,0.1,1013.9,825.0,93,,0.6,,51,muhimbili_tanzania
2022-05-19 14:00:00,29.7,59,21.0,11.0,25.9,0.0,1012.9,722.0,55,,0.54,,2,muhimbili_tanzania
2022-05-19 15:00:00,29.0,60,20.5,9.4,27.0,0.0,1012.8,668.0,58,,0.49,,2,muhimbili_tanzania
2022-05-19 16:00:00,29.0,59,20.2,10.3,22.7,0.0,1012.5,502.0,91,,0.38,,3,muhimbili_tanzania
2022-05-19 17:00:00,28.2,62,20.1,13.0,25.2,0.0,1012.7,315.0,82,,0.26,,3,muhimbili_tanzania
2022-05-19 18:00:00,26.8,72,21.2,13.4,26.3,0.0,1013.2,93.0,96,,0.11,,3,muhimbili_tanzania
2022-05-19 19:00:00,25.5,79,21.6,11.4,23.8,0.0,1013.7,1.0,87,,0.04,,3,muhimbili_tanzania
2022-05-19 20:00:00,24.5,86,22.0,9.4,20.2,0.0,1014.1,0.0,57,,0.01,,2,muhimbili_tanzania
2022-05-19 21:00:00,24.0,90,22.1,7.8,16.6,0.0,1014.6,0.0,12,,0.0,,0,muhimbili_tanzania
2022-05-19 22:00:00,23.8,91,22.2,8.8,14.8,0.0,1014.8,0.0,9,,0.0,,0,muhimbili_tanzania
2022-05-19 23:00:00,23.6,92,22.2,9.4,16.6,0.0,1014.7,0.0,3,,0.0,,0,muhimbili_tanzania
2022-05-20 00:00:00,23.5,93,22.2,9.4,16.6,0.0,1014.4,0.0,8,,0.0,,0,muhimbili_tanzania
2022-05-20 01:00:00,23.2,94,22.2,8.3,15.8,0.0,1014.1,0.0,50,,0.0,,2,muhimbili_tanzania
2022-05-20 02:00:00,23.0,94,22.0,7.5,14.0,0.0,1013.5,0.0,89,,0.0,,3,muhimbili_tanzania
2022-05-20 03:00:00,23.4,90,21.7,9.7,14.4,0.0,1013.1,0.0,89,,0.0,,3,muhimbili_tanzania
2022-05-20 04:00:00,23.2,90,21.6,10.2,17.6,0.0,1012.7,0.0,66,,0.0,,2,muhimbili_tanzania
2022-05-20 05:00:00,23.2,89,21.4,9.1,18.4,0.0,1013.0,0.0,86,,0.0,,3,muhimbili_tanzania
2022-05-20 06:00:00,23.6,86,21.2,9.3,16.6,0.0,1013.7,0.0,83,,0.01,,3,muhimbili_tanzania
2022-05-20 07:00:00,23.5,87,21.2,11.0,18.4,0.0,1014.3,14.0,90,,0.02,,3,muhimbili_tanzania
2022-05-20 08:00:00,24.9,82,21.6,9.4,20.5,0.3,1015.5,140.0,84,,0.1,,51,muhimbili_tanzania
2022-05-20 09:00:00,25.9,78,21.7,9.5,24.1,0.2,1016.1,290.0,95,,0.21,,51,muhimbili_tanzania
2022-05-20 10:00:00,26.9,73,21.7,10.5,26.6,0.0,1016.2,526.0,100,,0.36,,3,muhimbili_tanzania
2022-05-20 11:00:00,27.4,72,21.8,7.6,27.4,0.4,1015.4,449.0,64,,0.33,,51,muhimbili_tanzania
2022-05-20 12:00:00,28.2,67,21.5,11.8,26.6,0.1,1014.6,630.0,23,,0.46,,51,muhimbili_tanzania
2022-05-20 13:00:00,28.6,64,21.2,12.2,29.2,0.2,1013.7,795.0,43,,0.56,,51,muhimbili_tanzania
2022-05-20 14:00:00,28.6,66,21.6,14.2,30.2,0.2,1012.9,618.0,63,,0.46,,51,muhimbili_tanzania
2022-05-20 15:00:00,28.2,67,21.6,14.3,33.1,0.9,1012.5,582.0,30,,0.42,,53,muhimbili_tanzania
2022-05-20 16:00:00,27.1,71,21.4,14.9,31.0,0.3,1012.5,313.0,68,,0.25,,51,muhimbili_tanzania
2022-05-20 17:00:00,27.0,73,21.8,13.0,29.5,0.0,1012.7,224.0,51,,0.19,,2,muhimbili_tanzania
2022-05-20 18:00:00,26.2,77,21.9,11.8,25.2,0.0,1013.2,85.0,66,,0.09,,2,muhimbili_tanzania
2022-05-20 19:00:00,25.4,82,22.0,12.4,22.3,0.0,1013.9,1.0,99,,0.04,,3,muhimbili_tanzania
2022-05-20 20:00:00,25.0,84,22.1,11.6,22.3,0.0,1014.3,0.0,100,,0.02,,3,muhimbili_tanzania
2022-05-20 21:00:00,24.5,85,21.9,11.4,21.6,0.0,1014.8,0.0,87,,0.01,,3,muhimbili_tanzania
2022-05-20 22:00:00,24.1,87,21.8,10.9,22.0,0.0,1015.0,0.0,75,,0.01,,2,muhimbili_tanzania
2022-05-20 23:00:00,23.6,88,21.6,10.1,19.4,0.0,1014.9,0.0,87,,0.01,,3,muhimbili_tanzania
2022-05-21 00:00:00,23.4,90,21.6,8.6,18.0,0.0,1014.6,0.0,82,,0.0,,3,muhimbili_tanzania
2022-05-21 01:00:00,22.9,93,21.6,6.1,15.5,0.0,1014.1,0.0,79,,0.0,,2,muhimbili_tanzania
2022-05-21 02:00:00,22.7,94,21.8,7.7,13.3,0.0,1013.6,0.0,81,,0.0,,3,muhimbili_tanzania
2022-05-21 03:00:00,22.9,91,21.4,9.2,14.0,0.0,1013.6,0.0,85,,0.0,,3,muhimbili_tanzania
2022-05-21 04:00:00,22.9,92,21.5,8.9,16.6,0.0,1013.6,0.0,88,,0.0,,3,muhimbili_tanzania
2022-05-21 05:00:00,22.7,93,21.5,10.0,17.3,0.0,1013.9,0.0,84,,0.0,,3,muhimbili_tanzania
2022-05-21 06:00:00,22.8,93,21.5,10.2,18.0,0.0,1014.5,0.0,86,,0.0,,3,muhimbili_tanzania
2022-05-21 07:00:00,23.0,92,21.6,10.5,18.0,0.0,1014.8,15.0,99,,0.01,,3,muhimbili_tanzania
2022-05-21 08:00:00,24.7,85,22.0,12.4,23.8,0.0,1015.7,171.0,96,,0.11,,3,muhimbili_tanzania
2022-05-21 09:00:00,26.4,77,21.9,15.2,31.7,0.0,1016.2,387.0,94,,0.26,,3,muhimbili_tanzania
2022-05-21 10:00:00,27.6,70,21.6,13.8,31.0,0.0,1016.0,516.0,94,,0.37,,3,muhimbili_tanzania
2022-05-21 11:00:00,28.4,68,22.0,14.2,30.2,0.1,1015.5,645.0,92,,0.46,,51,muhimbili_tanzania
2022-05-21 12:00:00,29.5,65,22.1,13.0,31.0,0.1,1014.6,779.0,41,,0.56,,51,muhimbili_tanzania
2022-05-21 13:00:00,29.5,63,21.6,14.5,31.3,0.0,1013.5,699.0,100,,0.52,,3,muhimbili_tanzania
2022-05-21 14:00:00,29.1,62,21.0,15.9,33.1,0.1,1012.7,709.0,96,,0.52,,51,muhimbili_tanzania
2022-05-21 15:00:00,28.7,66,21.6,13.1,33.1,0.3,1012.1,529.0,91,,0.4,,51,muhimbili_tanzania
2022-05-21 16:00:00,28.3,65,21.1,13.8,28.8,0.1,1011.9,496.0,29,,0.37,,51,muhimbili_tanzania
2022-05-21 17:00:00,27.5,68,21.2,15.0,29.5,0.1,1012.2,289.0,76,,0.23,,51,muhimbili_tanzania
2022-05-21 18:00:00,26.5,75,21.7,12.2,29.5,0.0,1012.8,87.0,87,,0.09,,3,muhimbili_tanzania
2022-05-21 19:00:00,25.6,80,21.9,9.9,21.6,0.0,1013.5,1.0,70,,0.03,,2,muhimbili_tanzania
2022-05-21 20:00:00,25.0,83,21.9,9.1,17.6,0.0,1014.1,0.0,7,,0.01,,0,muhimbili_tanzania
2022-05-21 21:00:00,24.6,85,21.9,9.0,15.8,0.0,1014.9,0.0,15,,0.01,,0,muhimbili_tanzania
2022-05-21 22:00:00,24.4,87,22.0,8.9,15.5,0.0,1015.2,0.0,14,,0.01,,0,muhimbili_tanzania
2022-05-21 23:00:00,24.1,88,22.0,7.3,15.1,0.0,1015.1,0.0,95,,0.0,,3,muhimbili_tanzania
2022-05-22 00:00:00,24.1,88,22.0,6.9,13.0,0.0,1014.6,0.0,100,,0.0,,3,muhimbili_tanzania
2022-05-22 01:00:00,24.3,86,21.9,7.6,13.3,0.0,1013.6,0.0,100,,0.0,,3,muhimbili_tanzania
2022-05-22 02:00:00,24.2,86,21.7,6.2,13.0,0.0,1013.2,0.0,100,,0.0,,3,muhimbili_tanzania
2022-05-22 03:00:00,23.5,88,21.5,7.9,11.2,0.0,1012.8,0.0,100,,0.0,,3,muhimbili_tanzania
2022-05-22 04:00:00,23.0,90,21.2,7.6,13.7,0.0,1012.9,0.0,98,,0.0,,3,muhimbili_tanzania
2022-05-22 05:00:00,22.8,91,21.2,6.9,13.7,0.0,1013.1,0.0,93,,0.0,,3,muhimbili_tanzania
2022-05-22 06:00:00,22.5,92,21.1,6.4,12.2,0.0,1013.8,0.0,86,,0.0,,3,muhimbili_tanzania
2022-05-22 07:00:00,22.8,91,21.3,10.6,17.6,0.0,1014.4,16.0,99,,0.01,,3,muhimbili_tanzania
2022-05-22 08:00:00,25.0,84,22.0,10.2,19.8,0.0,1015.2,174.0,100,,0.11,,3,muhimbili_tanzania
2022-05-22 09:00:00,26.9,75,22.0,11.4,24.5,0.0,1015.8,400.0,58,,0.27,,2,muhimbili_tanzania
2022-05-22 10:00:00,28.1,67,21.5,10.1,24.8,0.0,1015.6,573.0,78,,0.41,,2,muhimbili_tanzania
2022-05-22 11:00:00,29.4,60,20.7,10.2,24.5,0.1,1015.0,719.0,100,,0.53,,51,muhimbili_tanzania
2022-05-22 12:00:00,30.0,55,20.0,8.8,24.5,0.0,1014.3,718.0,100,,0.54,,3,muhimbili_tanzania
2022-05-22 13:00:00,30.7,51,19.4,8.1,22.3,0.0,1013.1,793.0,100,,0.6,,3,muhimbili_tanzania
2022-05-22 14:00:00,31.1,49,19.2,7.4,21.6,0.0,1011.9,799.0,100,,0.61,,3,muhimbili_tanzania
2022-05-22 15:00:00,30.9,50,19.4,9.0,20.5,0.0,1011.1,674.0,100,,0.52,,3,muhimbili_tanzania
2022-05-22 16:00:00,30.6,51,19.3,10.0,21.6,0.0,1010.5,489.0,100,,0.4,,3,muhimbili_tanzania
2022-05-22 17:00:00,29.8,56,20.0,13.1,25.2,0.0,1010.3,320.0,99,,0.28,,3,muhimbili_tanzania
2022-05-22 18:00:00,28.0,65,20.9,13.2,26.3,0.0,1010.9,106.0,99,,0.13,,3,muhimbili_tanzania
2022-05-22 19:00:00,26.2,76,21.6,11.2,23.4,0.0,1011.2,1.0,63,,0.05,,2,muhimbili_tanzania
2022-05-22 20:00:00,25.1,81,21.8,9.6,19.4,0.0,1011.8,0.0,100,,0.02,,3,muhimbili_tanzania
2022-05-22 21:00:00,24.5,86,21.9,7.4,16.6,0.0,1012.4,0.0,98,,0.0,,3,muhimbili_tanzania
2022-05-22 22:00:00,24.1,88,22.0,7.1,13.0,0.0,1012.9,0.0,100,,0.0,,3,muhimbili_tanzania
2022-05-22 23:00:00,24.0,90,22.4,9.1,15.5,0.0,1012.9,0.0,98,,0.0,,3,muhimbili_tanzania
2022-05-23 00:00:00,23.9,91,22.4,9.3,16.9,0.0,1012.6,0.0,51,,0.0,,2,muhimbili_tanzania
2022-05-23 01:00:00,23.5,93,22.4,8.0,16.6,0.0,1012.1,0.0,84,,0.0,,3,muhimbili_tanzania
2022-05-23 02:00:00,23.3,94,22.2,8.3,14.8,0.0,1011.5,0.0,71,,0.0,,2,muhimbili_tanzania
2022-05-23 03:00:00,23.3,93,22.1,8.0,14.8,0.0,1011.2,0.0,99,,0.0,,3,muhimbili_tanzania
2022-05-23 04:00:00,23.0,94,22.0,7.2,14.4,0.0,1011.3,0.0,93,,0.0,,3,muhimbili_tanzania
2022-05-23 05:00:00,22.9,95,22.0,7.7,13.7,0.0,1011.8,0.0,99,,0.0,,3,muhimbili_tanzania
2022-05-23 06:00:00,22.7,95,21.9,7.8,14.0,0.0,1012.5,0.0,93,,0.0,,3,muhimbili_tanzania
2022-05-23 07:00:00,23.0,94,22.1,9.3,15.5,0.0,1013.4,16.0,94,,0.0,,3,muhimbili_tanzania
2022-05-23 08:00:00,25.0,87,22.8,9.5,19.1,0.0,1014.4,174.0,99,,0.11,,3,muhimbili_tanzania
2022-05-23 09:00:00,26.9,78,22.6,11.6,25.6,0.0,1014.9,399.0,98,,0.27,,3,muhimbili_tanzania
2022-05-23 10:00:00,28.5,66,21.5,11.2,25.9,0.0,1014.8,571.0,92,,0.41,,3,muhimbili_tanzania
2022-05-23 11:00:00,30.0,58,20.8,11.9,27.4,0.0,1013.7,742.0,31,,0.55,,1,muhimbili_tanzania
2022-05-23 12:00:00,30.9,52,20.0,13.6,30.2,0.0,1012.8,786.0,47,,0.61,,1,muhimbili_tanzania
2022-05-23 13:00:00,31.5,49,19.6,15.0,32.4,0.0,1011.7,828.0,14,,0.65,,0,muhimbili_tanzania
2022-05-23 14:00:00,31.6,47,19.1,15.9,33.5,0.0,1010.6,783.0,23,,0.63,,1,muhimbili_tanzania
2022-05-23 15:00:00,31.0,49,19.1,17.2,33.8,0.0,1010.1,663.0,31,,0.54,,1,muhimbili_tanzania
2022-05-23 16:00:00,30.0,54,19.9,17.8,34.9,0.0,1009.7,441.0,15,,0.39,,0,muhimbili_tanzania
2022-05-23 17:00:00,28.9,61,20.6,17.8,34.9,0.0,1009.9,323.0,12,,0.29,,0,muhimbili_tanzania
2022-05-23 18:00:00,27.6,67,21.0,15.8,33.8,0.0,1010.2,102.0,13,,0.13,,0,muhimbili_tanzania
2022-05-23 19:00:00,26.4,76,21.8,14.8,28.1,0.0,1010.8,1.0,4,,0.06,,0,muhimbili_tanzania
2022-05-23 20:00:00,25.9,80,22.0,13.7,25.9,0.0,1011.6,0.0,4,,0.04,,0,muhimbili_tanzania
2022-05-23 21:00:00,25.7,81,22.1,14.2,24.8,0.0,1012.4,0.0,10,,0.03,,0,muhimbili_tanzania
2022-05-23 22:00:00,25.5,82,22.2,14.6,25.6,0.0,1012.6,0.0,2,,0.03,,0,muhimbili_tanzania
2022-05-23 23:00:00,25.4,83,22.3,13.7,25.6,0.0,1012.5,0.0,1,,0.03,,0,muhimbili_tanzania
2022-05-24 00:00:00,25.1,85,22.4,11.8,23.8,0.0,1012.0,0.0,3,,0.02,,0,muhimbili_tanzania
2022-05-24 01:00:00,24.7,88,22.5,8.8,20.2,0.0,1011.8,0.0,8,,0.01,,0,muhimbili_tanzania
2022-05-24 02:00:00,24.0,91,22.5,6.5,14.8,0.0,1011.7,0.0,22,,0.0,,1,muhimbili_tanzania
2022-05-24 03:00:00,24.2,89,22.4,7.3,12.6,0.0,1011.2,0.0,33,,0.0,,1,muhimbili_tanzania
2022-05-24 04:00:00,23.8,90,22.0,6.8,12.6,0.0,1011.3,0.0,19,,0.0,,0,muhimbili_tanzania
2022-05-24 05:00:00,23.7,90,22.0,8.0,14.0,0.0,1011.8,0.0,10,,0.0,,0,muhimbili_tanzania
2022-05-24 06:00:00,23.5,91,22.0,7.4,14.4,0.0,1012.2,0.0,9,,0.0,,0,muhimbili_tanzania
2022-05-24 07:00:00,23.6,91,22.0,7.9,13.3,0.0,1012.9,14.0,20,,0.01,,1,muhimbili_tanzania
2022-05-24 08:00:00,25.3,84,22.4,8.0,17.3,0.0,1013.9,162.0,25,,0.11,,1,muhimbili_tanzania
2022-05-24 09:00:00,27.2,75,22.3,9.0,20.9,0.0,1014.5,376.0,23,,0.26,,1,muhimbili_tanzania
2022-05-24 10:00:00,28.6,67,22.0,9.4,22.7,0.0,1014.3,542.0,17,,0.39,,0,muhimbili_tanzania
2022-05-24 11:00:00,29.5,63,21.7,10.5,25.6,0.0,1013.6,690.0,25,,0.51,,1,muhimbili_tanzania
2022-05-24 12:00:00,30.2,59,21.4,10.8,26.3,0.0,1012.7,758.0,29,,0.57,,1,muhimbili_tanzania
2022-05-24 13:00:00,30.7,56,21.0,11.8,27.4,0.0,1011.7,766.0,25,,0.58,,1,muhimbili_tanzania
2022-05-24 14:00:00,30.8,55,20.8,14.1,30.6,0.0,1010.9,748.0,22,,0.58,,1,muhimbili_tanzania
2022-05-24 15:00:00,30.2,58,21.0,17.3,35.3,0.0,1010.4,662.0,23,,0.51,,1,muhimbili_tanzania
2022-05-24 16:00:00,29.5,61,21.2,17.7,35.6,0.0,1010.4,482.0,36,,0.39,,1,muhimbili_tanzania
2022-05-24 17:00:00,28.6,65,21.4,15.9,35.3,0.0,1011.1,260.0,55,,0.24,,2,muhimbili_tanzania
2022-05-24 18:00:00,27.5,71,21.8,13.8,30.6,0.0,1011.5,91.0,82,,0.11,,3,muhimbili_tanzania
2022-05-24 19:00:00,26.6,76,22.0,12.7,24.8,0.0,1012.2,1.0,83,,0.05,,3,muhimbili_tanzania
2022-05-24 20:00:00,26.0,80,22.2,11.8,22.7,0.0,1012.8,0.0,91,,0.03,,3,muhimbili_tanzania
2022-05-24 21:00:00,25.6,83,22.5,10.1,20.5,0.0,1013.6,0.0,84,,0.02,,3,muhimbili_tanzania
2022-05-24 22:00:00,25.3,85,22.6,9.3,17.6,0.0,1013.9,0.0,80,,0.01,,3,muhimbili_tanzania
2022-05-24 23:00:00,24.9,88,22.8,8.2,16.2,0.0,1013.9,0.0,81,,0.0,,3,muhimbili_tanzania
2022-05-25 00:00:00,24.6,90,22.9,8.4,14.4,0.0,1013.7,0.0,96,,0.0,,3,muhimbili_tanzania
2022-05-25 01:00:00,24.2,93,23.0,7.9,14.8,0.0,1013.2,0.0,98,,0.0,,3,muhimbili_tanzania
2022-05-25 02:00:00,24.0,94,22.9,8.1,14.4,0.0,1013.1,0.0,99,,0.0,,3,muhimbili_tanzania
2022-05-25 03:00:00,24.0,93,22.8,8.1,15.1,0.0,1012.9,0.0,95,,0.0,,3,muhimbili_tanzania
2022-05-25 04:00:00,23.6,94,22.6,6.8,14.0,0.0,1012.8,0.0,91,,0.0,,3,muhimbili_tanzania
2022-05-25 05:00:00,23.4,94,22.4,6.7,12.2,0.0,1013.2,0.0,85,,0.0,,3,muhimbili_tanzania
2022-05-25 06:00:00,23.0,95,22.1,6.6,11.9,0.0,1013.9,0.0,91,,0.0,,3,muhimbili_tanzania
2022-05-25 07:00:00,23.2,94,22.2,8.9,14.4,0.0,1014.9,14.0,100,,0.01,,3,muhimbili_tanzania
2022-05-25 08:00:00,25.2,86,22.8,8.6,18.7,0.0,1015.8,168.0,100,,0.11,,3,muhimbili_tanzania
2022-05-25 09:00:00,27.1,75,22.4,11.4,24.1,0.1,1016.5,363.0,98,,0.26,,51,muhimbili_tanzania
2022-05-25 10:00:00,28.2,70,22.1,12.6,27.0,0.1,1016.3,481.0,100,,0.35,,51,muhimbili_tanzania
2022-05-25 11:00:00,29.5,65,22.1,13.9,31.3,0.2,1015.6,687.0,97,,0.5,,51,muhimbili_tanzania
2022-05-25 12:00:00,29.8,65,22.4,15.8,34.2,0.1,1015.0,745.0,92,,0.55,,51,muhimbili_tanzania
2022-05-25 13:00:00,30.1,61,21.8,18.2,36.7,0.0,1014.1,708.0,92,,0.54,,3,muhimbili_tanzania
2022-05-25 14:00:00,30.0,61,21.6,19.5,41.0,0.1,1013.1,753.0,99,,0.56,,51,muhimbili_tanzania
2022-05-25 15:00:00,29.3,62,21.1,18.9,41.4,1.2,1013.3,684.0,98,,0.51,,55,muhimbili_tanzania
2022-05-25 16:00:00,28.9,62,20.9,18.7,37.4,0.0,1013.2,383.0,97,,0.33,,3,muhimbili_tanzania
2022-05-25 17:00:00,28.0,68,21.5,16.5,36.4,0.0,1013.6,245.0,94,,0.22,,3,muhimbili_tanzania
2022-05-25 18:00:00,27.0,73,21.9,14.7,31.3,0.0,1014.1,101.0,100,,0.11,,3,muhimbili_tanzania
2022-05-25 19:00:00,26.1,79,22.1,12.6,26.3,0.0,1014.4,1.0,97,,0.04,,3,muhimbili_tanzania
2022-05-25 20:00:00,25.6,82,22.3,11.1,22.7,0.0,1015.1,0.0,100,,0.02,,3,muhimbili_tanzania
2022-05-25 21:00:00,25.4,83,22.4,11.2,19.8,0.0,1015.8,0.0,96,,0.02,,3,muhimbili_tanzania
2022-05-25 22:00:00,25.1,84,22.3,11.2,19.8,0.0,1016.0,0.0,100,,0.02,,3,muhimbili_tanzania
2022-05-25 23:00:00,24.9,85,22.2,11.0,19.8,0.0,1016.1,0.0,99,,0.01,,3,muhimbili_tanzania
2022-05-26 00:00:00,24.8,86,22.2,10.3,19.4,0.0,1015.6,0.0,98,,0.01,,3,muhimbili_tanzania
2022-05-26 01:00:00,24.4,88,22.2,9.5,18.0,0.0,1015.3,0.0,98,,0.01,,3,muhimbili_tanzania
2022-05-26 02:00:00,24.1,89,22.2,8.7,15.8,0.0,1014.9,0.0,97,,0.0,,3,muhimbili_tanzania
2022-05-26 03:00:00,24.0,89,22.1,8.7,15.5,0.0,1014.5,0.0,99,,0.0,,3,muhimbili_tanzania
2022-05-26 04:00:00,23.7,90,22.0,7.6,15.1,0.0,1014.3,0.0,100,,0.0,,3,muhimbili_tanzania
2022-05-26 05:00:00,23.5,90,21.8,7.5,13.7,0.0,1014.9,0.0,96,,0.0,,3,muhimbili_tanzania
2022-05-26 06:00:00,23.2,91,21.6,7.5,14.4,0.0,1015.6,0.0,96,,0.0,,3,muhimbili_tanzania
2022-05-26 07:00:00,23.5,90,21.8,8.9,14.8,0.0,1016.1,13.0,25,,0.01,,1,muhimbili_tanzania
2022-05-26 08:00:00,25.5,81,22.0,8.2,17.6,0.0,1016.8,164.0,23,,0.11,,1,muhimbili_tanzania
2022-05-26 09:00:00,27.2,72,21.8,10.8,23.4,0.0,1017.4,384.0,31,,0.27,,1,muhimbili_tanzania
2022-05-26 10:00:00,28.6,67,21.9,13.3,31.3,0.0,1017.3,559.0,38,,0.41,,1,muhimbili_tanzania
2022-05-26 11:00:00,29.6,62,21.5,14.8,32.0,0.1,1016.8,719.0,18,,0.53,,51,muhimbili_tanzania
2022-05-26 12:00:00,30.2,58,21.0,15.3,33.1,0.1,1015.9,772.0,18,,0.58,,51,muhimbili_tanzania
2022-05-26 13:00:00,30.8,54,20.5,16.0,34.6,0.0,1014.7,810.0,15,,0.62,,0,muhimbili_tanzania
2022-05-26 14:00:00,31.0,53,20.4,16.4,35.6,0.0,1013.5,774.0,19,,0.6,,0,muhimbili_tanzania
2022-05-26 15:00:00,30.5,54,20.2,16.3,35.3,0.0,1013.0,651.0,9,,0.52,,0,muhimbili_tanzania
2022-05-26 16:00:00,29.6,58,20.5,16.8,34.9,0.1,1012.7,502.0,15,,0.41,,51,muhimbili_tanzania
2022-05-26 17:00:00,28.5,65,21.2,16.7,33.8,0.0,1013.0,294.0,22,,0.26,,1,muhimbili_tanzania
2022-05-26 18:00:00,27.3,71,21.5,14.4,32.4,0.0,1013.5,100.0,21,,0.12,,1,muhimbili_tanzania
2022-05-26 19:00:00,26.5,75,21.7,13.0,26.3,0.0,1014.1,1.0,15,,0.05,,0,muhimbili_tanzania
2022-05-26 20:00:00,26.0,78,21.9,11.5,23.0,0.0,1014.5,0.0,9,,0.03,,0,muhimbili_tanzania
2022-05-26 21:00:00,25.6,81,22.1,10.8,20.2,0.0,1015.2,0.0,9,,0.02,,0,muhimbili_tanzania
2022-05-26 22:00:00,25.2,83,22.2,10.7,18.7,0.0,1015.7,0.0,14,,0.02,,0,muhimbili_tanzania
2022-05-26 23:00:00,25.0,85,22.2,10.2,18.7,0.0,1015.7,0.0,25,,0.01,,1,muhimbili_tanzania
2022-05-27 00:00:00,24.6,87,22.4,9.6,17.6,0.0,1015.4,0.0,10,,0.01,,0,muhimbili_tanzania
2022-05-27 01:00:00,24.4,89,22.5,9.6,16.9,0.0,1015.0,0.0,9,,0.0,,0,muhimbili_tanzania
2022-05-27 02:00:00,24.1,90,22.4,9.8,17.6,0.0,1014.2,0.0,6,,0.0,,0,muhimbili_tanzania
2022-05-27 03:00:00,24.1,89,22.2,9.4,17.3,0.0,1013.8,0.0,2,,0.0,,0,muhimbili_tanzania
2022-05-27 04:00:00,23.9,90,22.1,10.0,16.9,0.0,1013.6,0.0,9,,0.0,,0,muhimbili_tanzania
2022-05-27 05:00:00,23.9,89,22.0,10.6,18.4,0.0,1014.0,0.0,15,,0.0,,0,muhimbili_tanzania
2022-05-27 06:00:00,23.5,90,21.9,8.2,18.0,0.0,1014.5,0.0,16,,0.0,,0,muhimbili_tanzania
2022-05-27 07:00:00,23.7,89,21.9,8.7,14.8,0.0,1015.0,14.0,15,,0.01,,0,muhimbili_tanzania
2022-05-27 08:00:00,25.3,83,22.2,8.3,18.0,0.0,1015.7,164.0,11,,0.11,,0,muhimbili_tanzania
2022-05-27 09:00:00,27.4,73,22.2,10.9,24.8,0.0,1016.1,383.0,14,,0.27,,0,muhimbili_tanzania
2022-05-27 10:00:00,28.9,64,21.4,13.3,32.0,0.1,1016.2,572.0,33,,0.42,,51,muhimbili_tanzania
2022-05-27 11:00:00,29.6,61,21.3,14.2,34.6,0.2,1015.6,668.0,48,,0.5,,51,muhimbili_tanzania
2022-05-27 12:00:00,30.4,57,20.9,15.0,34.9,0.0,1015.1,761.0,46,,0.58,,1,muhimbili_tanzania
2022-05-27 13:00:00,30.5,55,20.5,16.2,34.2,0.0,1014.0,755.0,43,,0.58,,1,muhimbili_tanzania
2022-05-27 14:00:00,30.8,53,20.0,17.6,36.0,0.0,1012.7,715.0,28,,0.57,,1,muhimbili_tanzania
2022-05-27 15:00:00,30.0,53,19.4,17.9,36.7,0.0,1012.3,620.0,20,,0.5,,1,muhimbili_tanzania
2022-05-27 16:00:00,29.4,55,19.5,17.1,36.0,0.0,1012.1,489.0,23,,0.41,,1,muhimbili_tanzania
2022-05-27 17:00:00,28.3,61,20.0,17.6,34.6,0.1,1012.1,280.0,39,,0.26,,51,muhimbili_tanzania
2022-05-27 18:00:00,27.2,67,20.6,15.5,33.5,0.0,1012.5,98.0,40,,0.13,,1,muhimbili_tanzania
2022-05-27 19:00:00,26.2,73,21.0,14.5,27.7,0.0,1013.1,1.0,43,,0.06,,1,muhimbili_tanzania
2022-05-27 20:00:00,25.7,77,21.4,13.0,25.6,0.0,1013.7,0.0,50,,0.04,,2,muhimbili_tanzania
2022-05-27 21:00:00,25.4,80,21.6,11.6,22.7,0.0,1014.3,0.0,52,,0.03,,2,muhimbili_tanzania
2022-05-27 22:00:00,25.0,82,21.7,11.9,20.9,0.0,1014.6,0.0,27,,0.02,,1,muhimbili_tanzania
2022-05-27 23:00:00,24.8,83,21.6,11.4,20.9,0.0,1014.5,0.0,15,,0.02,,0,muhimbili_tanzania
2022-05-28 00:00:00,24.6,83,21.6,10.1,19.8,0.0,1014.2,0.0,66,,0.02,,2,muhimbili_tanzania
2022-05-28 01:00:00,24.2,85,21.6,7.2,17.6,0.0,1013.9,0.0,92,,0.0,,3,muhimbili_tanzania
2022-05-28 02:00:00,23.9,87,21.5,8.8,15.1,0.0,1013.6,0.0,39,,0.01,,1,muhimbili_tanzania
2022-05-28 03:00:00,24.0,86,21.6,9.7,16.2,0.0,1013.0,0.0,15,,0.01,,0,muhimbili_tanzania
2022-05-28 04:00:00,24.0,84,21.2,12.8,22.3,0.0,1013.1,0.0,4,,0.02,,0,muhimbili_tanzania
2022-05-28 05:00:00,23.5,85,21.0,11.6,22.3,0.0,1013.3,0.0,17,,0.01,,0,muhimbili_tanzania
2022-05-28 06:00:00,23.5,87,21.2,11.5,20.2,0.0,1013.9,0.0,15,,0.01,,0,muhimbili_tanzania
2022-05-28 07:00:00,23.8,86,21.2,13.0,23.4,0.0,1014.5,13.0,23,,0.03,,1,muhimbili_tanzania
2022-05-28 08:00:00,25.4,77,21.0,16.6,31.0,0.0,1015.4,162.0,63,,0.13,,2,muhimbili_tanzania
2022-05-28 09:00:00,26.9,68,20.5,18.8,36.7,0.0,1016.0,356.0,70,,0.28,,2,muhimbili_tanzania
2022-05-28 10:00:00,27.8,62,20.0,19.4,38.2,0.0,1016.2,487.0,43,,0.38,,1,muhimbili_tanzania
2022-05-28 11:00:00,29.2,51,18.0,20.9,42.1,0.0,1015.8,656.0,41,,0.53,,1,muhimbili_tanzania
2022-05-28 12:00:00,30.0,45,16.9,22.1,43.9,0.0,1015.0,749.0,74,,0.61,,2,muhimbili_tanzania
2022-05-28 13:00:00,30.4,44,16.6,24.1,47.5,0.0,1013.9,809.0,67,,0.66,,2,muhimbili_tanzania
2022-05-28 14:00:00,30.5,42,16.3,23.9,48.2,0.0,1012.8,802.0,71,,0.66,,2,muhimbili_tanzania
2022-05-28 15:00:00,29.6,44,16.2,22.3,47.2,0.0,1012.6,578.0,96,,0.52,,3,muhimbili_tanzania
2022-05-28 16:00:00,29.1,42,14.7,21.5,43.6,0.0,1012.4,524.0,4,,0.47,,0,muhimbili_tanzania
2022-05-28 17:00:00,28.2,43,14.6,20.8,41.4,0.0,1012.8,316.0,4,,0.34,,0,muhimbili_tanzania
2022-05-28 18:00:00,26.8,51,15.8,16.4,38.5,0.0,1013.3,105.0,4,,0.17,,0,muhimbili_tanzania
2022-05-28 19:00:00,25.5,60,17.1,15.0,29.5,0.0,1013.3,1.0,3,,0.1,,0,muhimbili_tanzania
2022-05-28 20:00:00,24.8,68,18.5,12.8,26.3,0.0,1013.7,0.0,50,,0.05,,2,muhimbili_tanzania
2022-05-28 21:00:00,24.4,74,19.4,10.0,22.3,0.0,1014.2,0.0,1,,0.03,,0,muhimbili_tanzania
2022-05-28 22:00:00,23.9,78,19.9,7.3,17.3,0.0,1014.4,0.0,1,,0.01,,0,muhimbili_tanzania
2022-05-28 23:00:00,23.6,79,19.9,8.3,14.4,0.0,1014.6,0.0,25,,0.02,,1,muhimbili_tanzania
2022-05-29 00:00:00,23.4,82,20.1,8.8,15.8,0.0,1014.6,0.0,45,,0.01,,1,muhimbili_tanzania
2022-05-29 01:00:00,23.0,87,20.7,7.8,15.5,0.0,1014.2,0.0,46,,0.0,,1,muhimbili_tanzania
2022-05-29 02:00:00,23.0,90,21.2,8.7,15.5,0.0,1013.9,0.0,60,,0.0,,2,muhimbili_tanzania
2022-05-29 03:00:00,23.5,89,21.6,10.9,18.4,0.0,1013.4,0.0,94,,0.01,,3,muhimbili_tanzania
2022-05-29 04:00:00,23.1,90,21.5,11.5,19.8,0.0,1013.1,0.0,36,,0.0,,1,muhimbili_tanzania
2022-05-29 05:00:00,22.9,90,21.2,10.8,19.8,0.0,1013.5,0.0,68,,0.0,,2,muhimbili_tanzania
2022-05-29 06:00:00,22.6,90,20.9,11.6,20.2,0.0,1013.9,0.0,100,,0.01,,3,muhimbili_tanzania
2022-05-29 07:00:00,22.8,87,20.5,14.2,24.5,0.0,1014.9,13.0,92,,0.03,,3,muhimbili_tanzania
2022-05-29 08:00:00,24.4,81,20.8,14.4,27.4,0.0,1015.8,151.0,98,,0.11,,3,muhimbili_tanzania
2022-05-29 09:00:00,26.2,73,20.9,17.2,33.5,0.0,1016.6,342.0,100,,0.25,,3,muhimbili_tanzania
2022-05-29 10:00:00,27.8,64,20.3,18.7,37.8,0.0,1016.7,547.0,99,,0.4,,3,muhimbili_tanzania
2022-05-29 11:00:00,28.8,57,19.3,19.7,40.0,0.0,1016.5,700.0,94,,0.53,,3,muhimbili_tanzania
2022-05-29 12:00:00,29.5,53,19.0,19.3,40.7,0.1,1015.9,779.0,48,,0.59,,51,muhimbili_tanzania
2022-05-29 13:00:00,29.6,50,18.1,19.8,40.0,0.1,1014.8,691.0,26,,0.56,,51,muhimbili_tanzania
2022-05-29 14:00:00,29.9,48,17.6,21.1,42.1,0.1,1013.7,736.0,26,,0.59,,51,muhimbili_tanzania
2022-05-29 15:00:00,29.7,49,17.7,20.5,43.9,0.1,1013.3,650.0,21,,0.53,,51,muhimbili_tanzania
2022-05-29 16:00:00,28.8,52,18.0,20.2,40.7,0.1,1013.1,488.0,22,,0.42,,51,muhimbili_tanzania
2022-05-29 17:00:00,27.7,60,19.1,18.0,39.2,0.1,1013.5,277.0,20,,0.26,,51,muhimbili_tanzania
2022-05-29 18:00:00,26.5,66,19.6,15.6,34.2,0.0,1013.9,91.0,9,,0.13,,0,muhimbili_tanzania
2022-05-29 19:00:00,25.5,73,20.4,15.3,27.7,0.0,1014.3,1.0,11,,0.07,,0,muhimbili_tanzania
2022-05-29 20:00:00,25.0,77,20.6,13.4,27.0,0.0,1014.9,0.0,4,,0.04,,0,muhimbili_tanzania
2022-05-29 21:00:00,24.6,79,20.8,12.1,23.4,0.0,1015.2,0.0,4,,0.03,,0,muhimbili_tanzania
2022-05-29 22:00:00,24.3,81,20.9,11.0,21.6,0.0,1015.5,0.0,0,,0.02,,0,muhimbili_tanzania
2022-05-29 23:00:00,24.0,83,20.9,9.5,19.4,0.0,1015.6,0.0,1,,0.01,,0,muhimbili_tanzania
2022-05-30 00:00:00,23.7,84,20.9,9.0,16.6,0.0,1015.5,0.0,0,,0.01,,0,muhimbili_tanzania
2022-05-30 01:00:00,23.5,85,20.8,8.3,15.8,0.0,1014.9,0.0,0,,0.01,,0,muhimbili_tanzania
2022-05-30 02:00:00,23.4,85,20.8,8.7,15.1,0.0,1014.6,0.0,0,,0.01,,0,muhimbili_tanzania
2022-05-30 03:00:00,23.4,85,20.6,10.2,16.6,0.0,1014.2,0.0,0,,0.01,,0,muhimbili_tanzania
2022-05-30 04:00:00,23.0,86,20.6,10.5,18.4,0.0,1014.1,0.0,3,,0.01,,0,muhimbili_tanzania
2022-05-30 05:00:00,22.8,88,20.6,10.0,18.4,0.0,1014.4,0.0,1,,0.01,,0,muhimbili_tanzania
2022-05-30 06:00:00,22.5,90,20.8,9.7,17.6,0.0,1014.9,0.0,2,,0.0,,0,muhimbili_tanzania
2022-05-30 07:00:00,22.8,88,20.8,10.9,18.4,0.0,1015.6,13.0,4,,0.02,,0,muhimbili_tanzania
2022-05-30 08:00:00,24.5,80,21.0,11.8,23.0,0.0,1016.6,166.0,2,,0.12,,0,muhimbili_tanzania
2022-05-30 09:00:00,26.5,71,20.9,13.5,28.1,0.0,1017.4,383.0,1,,0.27,,0,muhimbili_tanzania
2022-05-30 10:00:00,28.1,62,20.2,15.8,33.1,0.0,1017.4,584.0,18,,0.43,,0,muhimbili_tanzania
2022-05-30 11:00:00,29.0,57,19.7,16.6,34.6,0.1,1017.1,689.0,28,,0.52,,51,muhimbili_tanzania
2022-05-30 12:00:00,29.3,56,19.8,18.0,37.4,0.2,1016.5,747.0,47,,0.56,,51,muhimbili_tanzania
2022-05-30 13:00:00,29.1,56,19.4,20.6,41.4,0.1,1015.4,722.0,22,,0.55,,51,muhimbili_tanzania
2022-05-30 14:00:00,28.5,63,20.8,18.9,43.2,0.2,1014.4,656.0,9,,0.49,,51,muhimbili_tanzania
2022-05-30 15:00:00,28.9,58,19.8,15.3,39.2,0.1,1013.8,639.0,30,,0.48,,51,muhimbili_tanzania
2022-05-30 16:00:00,28.4,59,19.6,16.8,33.5,0.2,1013.5,442.0,26,,0.36,,51,muhimbili_tanzania
2022-05-30 17:00:00,27.5,63,20.0,16.1,33.5,0.0,1013.7,269.0,24,,0.24,,1,muhimbili_tanzania
2022-05-30 18:00:00,26.5,69,20.4,13.7,31.0,0.0,1014.3,84.0,24,,0.11,,1,muhimbili_tanzania
2022-05-30 19:00:00,25.6,74,20.8,12.6,24.5,0.0,1015.0,1.0,9,,0.05,,0,muhimbili_tanzania
2022-05-30 20:00:00,24.9,80,21.1,10.5,22.3,0.0,1015.5,0.0,3,,0.02,,0,muhimbili_tanzania
2022-05-30 21:00:00,24.5,83,21.3,9.8,18.7,0.0,1016.0,0.0,7,,0.02,,0,muhimbili_tanzania
2022-05-30 22:00:00,24.2,84,21.4,8.4,16.9,0.0,1016.3,0.0,6,,0.01,,0,muhimbili_tanzania
2022-05-30 23:00:00,24.0,85,21.3,9.7,16.6,0.0,1016.3,0.0,4,,0.01,,0,muhimbili_tanzania
2022-05-31 00:00:00,23.8,85,21.2,10.6,18.4,0.0,1015.9,0.0,3,,0.01,,0,muhimbili_tanzania
2022-05-31 01:00:00,23.6,86,21.1,10.1,18.4,0.0,1015.1,0.0,1,,0.01,,0,muhimbili_tanzania
2022-05-31 02:00:00,23.4,87,21.1,10.4,18.0,0.0,1014.3,0.0,0,,0.01,,0,muhimbili_tanzania
2022-05-31 03:00:00,23.2,86,20.8,9.9,18.4,0.0,1013.9,0.0,2,,0.01,,0,muhimbili_tanzania
2022-05-31 04:00:00,22.9,88,20.9,8.7,16.9,0.0,1013.8,0.0,3,,0.0,,0,muhimbili_tanzania
2022-05-31 05:00:00,22.7,90,20.9,9.1,15.8,0.0,1014.2,0.0,9,,0.0,,0,muhimbili_tanzania
2022-05-31 06:00:00,22.7,90,20.9,10.5,18.4,0.0,1014.5,0.0,8,,0.0,,0,muhimbili_tanzania
2022-05-31 07:00:00,22.8,89,21.0,12.7,21.6,0.0,1015.1,12.0,8,,0.02,,0,muhimbili_tanzania
2022-05-31 08:00:00,24.4,82,21.1,12.0,23.8,0.0,1016.1,163.0,13,,0.11,,0,muhimbili_tanzania
2022-05-31 09:00:00,25.9,74,20.9,15.1,31.0,0.0,1016.8,350.0,41,,0.25,,1,muhimbili_tanzania
2022-05-31 10:00:00,27.5,66,20.5,13.0,31.0,0.0,1016.7,490.0,28,,0.36,,1,muhimbili_tanzania
2022-05-31 11:00:00,28.8,63,21.0,11.8,30.2,0.0,1016.2,721.0,23,,0.52,,1,muhimbili_tanzania
2022-05-31 12:00:00,29.5,59,20.7,13.1,31.0,0.3,1015.3,804.0,22,,0.59,,51,muhimbili_tanzania
2022-05-31 13:00:00,29.3,56,19.6,15.5,32.8,0.1,1014.3,760.0,42,,0.57,,51,muhimbili_tanzania
2022-05-31 14:00:00,28.1,62,20.2,15.9,35.6,1.2,1013.2,649.0,66,,0.48,,55,muhimbili_tanzania
2022-05-31 15:00:00,28.0,63,20.3,14.3,33.5,0.1,1012.7,499.0,20,,0.38,,51,muhimbili_tanzania
2022-05-31 16:00:00,27.8,61,19.5,15.5,32.4,0.1,1012.3,375.0,30,,0.31,,51,muhimbili_tanzania
2022-05-31 17:00:00,27.0,66,20.2,15.2,31.0,0.0,1012.4,247.0,34,,0.22,,1,muhimbili_tanzania
2022-05-31 18:00:00,26.2,71,20.6,12.9,29.5,0.0,1012.9,87.0,32,,0.1,,1,muhimbili_tanzania
2022-05-31 19:00:00,25.6,75,20.8,12.9,23.4,0.0,1013.4,1.0,9,,0.06,,0,muhimbili_tanzania
2022-05-31 20:00:00,25.0,78,20.9,12.3,22.7,0.0,1013.8,0.0,11,,0.03,,0,muhimbili_tanzania
2022-05-31 21:00:00,24.8,78,20.8,12.2,21.6,0.0,1014.4,0.0,20,,0.03,,1,muhimbili_tanzania
2022-05-31 22:00:00,24.6,79,20.8,12.6,22.3,0.0,1014.7,0.0,14,,0.03,,0,muhimbili_tanzania
2022-05-31 23:00:00,24.4,80,20.6,12.1,22.0,0.0,1014.7,0.0,10,,0.03,,0,muhimbili_tanzania
2022-06-01 00:00:00,24.0,81,20.6,11.2,20.9,0.0,1014.5,0.0,11,,0.02,,0,muhimbili_tanzania
2022-06-01 01:00:00,23.7,83,20.6,11.3,19.1,0.0,1013.9,0.0,5,,0.02,,0,muhimbili_tanzania
2022-06-01 02:00:00,23.4,84,20.4,12.7,22.7,0.0,1013.4,0.0,4,,0.02,,0,muhimbili_tanzania
2022-06-01 03:00:00,23.5,83,20.4,12.4,22.3,0.0,1013.0,0.0,4,,0.02,,0,muhimbili_tanzania
2022-06-01 04:00:00,23.5,83,20.4,12.2,21.6,0.0,1013.3,0.0,9,,0.02,,0,muhimbili_tanzania
2022-06-01 05:00:00,23.4,83,20.4,13.2,23.8,0.0,1013.4,0.0,15,,0.02,,0,muhimbili_tanzania
2022-06-01 06:00:00,23.0,85,20.4,13.9,24.5,0.0,1013.8,0.0,8,,0.02,,0,muhimbili_tanzania
2022-06-01 07:00:00,23.0,86,20.5,14.2,24.8,0.0,1014.4,13.0,5,,0.03,,0,muhimbili_tanzania
2022-06-01 08:00:00,24.6,77,20.4,16.7,32.4,0.0,1015.1,162.0,16,,0.13,,0,muhimbili_tanzania
2022-06-01 09:00:00,26.0,70,20.1,19.6,37.8,0.0,1015.8,355.0,93,,0.26,,3,muhimbili_tanzania
2022-06-01 10:00:00,27.4,62,19.5,20.9,43.2,0.0,1015.6,502.0,92,,0.39,,3,muhimbili_tanzania
2022-06-01 11:00:00,28.9,55,19.0,23.4,46.4,0.0,1015.4,723.0,12,,0.55,,0,muhimbili_tanzania
2022-06-01 12:00:00,29.6,49,17.9,24.9,49.0,0.0,1014.7,785.0,12,,0.62,,0,muhimbili_tanzania
2022-06-01 13:00:00,30.0,47,17.4,25.3,50.0,0.0,1013.9,810.0,15,,0.64,,0,muhimbili_tanzania
2022-06-01 14:00:00,29.8,47,17.2,25.4,50.4,0.0,1012.8,781.0,16,,0.62,,0,muhimbili_tanzania
2022-06-01 15:00:00,29.4,49,17.5,26.6,52.6,0.0,1012.6,673.0,39,,0.55,,1,muhimbili_tanzania
2022-06-01 16:00:00,28.1,57,18.8,26.9,51.8,0.0,1012.6,501.0,12,,0.42,,0,muhimbili_tanzania
2022-06-01 17:00:00,27.1,62,19.1,26.1,51.1,0.0,1012.6,293.0,20,,0.28,,1,muhimbili_tanzania
2022-06-01 18:00:00,26.0,67,19.5,23.7,48.2,0.0,1013.5,97.0,93,,0.15,,3,muhimbili_tanzania
2022-06-01 19:00:00,24.9,73,19.7,20.4,42.1,0.0,1014.1,1.0,27,,0.08,,1,muhimbili_tanzania
2022-06-01 20:00:00,24.8,73,19.6,18.2,36.4,0.0,1014.7,0.0,10,,0.06,,0,muhimbili_tanzania
2022-06-01 21:00:00,24.7,76,20.1,16.0,32.8,0.0,1015.5,0.0,9,,0.05,,0,muhimbili_tanzania
2022-06-01 22:00:00,24.6,78,20.5,16.2,28.8,0.0,1015.9,0.0,19,,0.04,,0,muhimbili_tanzania
2022-06-01 23:00:00,24.8,73,19.6,16.0,29.2,0.0,1015.8,0.0,7,,0.06,,0,muhimbili_tanzania
2022-06-02 00:00:00,24.5,73,19.3,18.2,31.7,0.0,1015.7,0.0,11,,0.06,,0,muhimbili_tanzania
2022-06-02 01:00:00,24.0,75,19.2,16.6,33.1,0.0,1015.2,0.0,8,,0.05,,0,muhimbili_tanzania
2022-06-02 02:00:00,24.0,77,19.6,16.2,29.5,0.0,1014.7,0.0,13,,0.05,,0,muhimbili_tanzania
2022-06-02 03:00:00,24.2,72,18.8,15.5,29.5,0.0,1013.7,0.0,12,,0.06,,0,muhimbili_tanzania
2022-06-02 04:00:00,24.2,73,19.0,15.1,27.7,0.0,1013.9,0.0,17,,0.05,,0,muhimbili_tanzania
2022-06-02 05:00:00,24.2,71,18.7,16.2,28.4,0.0,1014.2,0.0,77,,0.06,,2,muhimbili_tanzania
2022-06-02 06:00:00,23.9,73,18.8,16.0,29.5,0.0,1014.6,0.0,84,,0.05,,3,muhimbili_tanzania
2022-06-02 07:00:00,23.5,78,19.4,16.8,29.5,0.0,1015.2,12.0,86,,0.05,,3,muhimbili_tanzania
2022-06-02 08:00:00,24.5,70,18.7,19.1,34.9,0.0,1016.0,159.0,81,,0.15,,3,muhimbili_tanzania
2022-06-02 09:00:00,26.0,56,16.5,23.7,45.0,0.0,1016.7,378.0,81,,0.33,,3,muhimbili_tanzania
2022-06-02 10:00:00,27.4,51,16.4,25.3,48.6,0.0,1016.7,581.0,91,,0.46,,3,muhimbili_tanzania
2022-06-02 11:00:00,28.5,49,16.5,26.3,51.1,0.0,1016.4,737.0,94,,0.57,,3,muhimbili_tanzania
2022-06-02 12:00:00,29.1,47,16.9,26.4,51.8,0.0,1015.6,812.0,98,,0.63,,3,muhimbili_tanzania
2022-06-02 13:00:00,29.6,47,17.0,27.8,54.4,0.0,1014.6,841.0,97,,0.66,,3,muhimbili_tanzania
2022-06-02 14:00:00,29.5,47,17.0,27.2,54.7,0.1,1014.1,763.0,99,,0.61,,51,muhimbili_tanzania
2022-06-02 15:00:00,27.9,53,17.3,27.0,54.0,0.4,1013.9,615.0,94,,0.49,,51,muhimbili_tanzania
2022-06-02 16:00:00,27.5,54,17.2,26.3,51.1,0.1,1013.7,461.0,87,,0.4,,51,muhimbili_tanzania
2022-06-02 17:00:00,26.6,60,18.1,24.0,49.7,0.0,1014.1,282.0,75,,0.27,,2,muhimbili_tanzania
2022-06-02 18:00:00,25.9,64,18.5,20.0,44.3,0.0,1014.1,88.0,9,,0.15,,0,muhimbili_tanzania
2022-06-02 19:00:00,25.0,69,18.9,18.4,35.6,0.0,1014.5,1.0,5,,0.09,,0,muhimbili_tanzania
2022-06-02 20:00:00,24.6,71,19.1,15.2,32.4,0.0,1014.5,0.0,13,,0.06,,0,muhimbili_tanzania
2022-06-02 21:00:00,24.5,71,19.0,12.7,26.6,0.0,1015.1,0.0,22,,0.05,,1,muhimbili_tanzania
2022-06-02 22:00:00,24.5,70,18.6,12.3,22.7,0.0,1015.4,0.0,33,,0.05,,1,muhimbili_tanzania
2022-06-02 23:00:00,24.3,73,19.2,12.6,22.3,0.0,1015.5,0.0,47,,0.04,,1,muhimbili_tanzania
2022-06-03 00:00:00,24.1,76,19.5,13.7,23.8,0.0,1015.2,0.0,43,,0.04,,1,muhimbili_tanzania
2022-06-03 01:00:00,24.0,78,19.9,16.0,28.4,0.0,1015.0,0.0,8,,0.04,,0,muhimbili_tanzania
2022-06-03 02:00:00,24.0,74,19.0,17.4,31.7,0.0,1014.6,0.0,3,,0.06,,0,muhimbili_tanzania
2022-06-03 03:00:00,23.9,72,18.4,17.4,32.0,0.0,1014.1,0.0,9,,0.06,,0,muhimbili_tanzania
2022-06-03 04:00:00,23.8,72,18.4,17.7,32.0,0.0,1014.2,0.0,8,,0.06,,0,muhimbili_tanzania
2022-06-03 05:00:00,23.2,73,18.1,18.1,32.4,0.0,1014.6,0.0,11,,0.06,,0,muhimbili_tanzania
2022-06-03 06:00:00,23.0,67,16.6,18.6,33.5,0.0,1015.0,0.0,41,,0.08,,1,muhimbili_tanzania
2022-06-03 07:00:00,22.9,62,15.2,18.9,33.5,0.0,1015.8,12.0,93,,0.1,,3,muhimbili_tanzania
2022-06-03 08:00:00,24.0,58,15.4,17.4,34.9,0.0,1016.5,159.0,21,,0.17,,1,muhimbili_tanzania
2022-06-03 09:00:00,25.5,51,14.6,22.0,41.8,0.0,1017.2,363.0,45,,0.32,,1,muhimbili_tanzania
2022-06-03 10:00:00,27.0,44,13.9,24.2,46.8,0.0,1017.1,556.0,61,,0.47,,2,muhimbili_tanzania
2022-06-03 11:00:00,28.4,40,13.5,24.2,47.9,0.0,1016.7,725.0,78,,0.59,,2,muhimbili_tanzania
2022-06-03 12:00:00,29.5,36,12.9,23.9,47.9,0.0,1015.8,829.0,90,,0.68,,3,muhimbili_tanzania
2022-06-03 13:00:00,30.1,35,13.1,22.9,47.2,0.0,1014.8,855.0,90,,0.7,,3,muhimbili_tanzania
2022-06-03 14:00:00,30.5,35,13.1,21.3,45.4,0.0,1014.0,815.0,81,,0.68,,3,muhimbili_tanzania
2022-06-03 15:00:00,28.3,38,12.8,19.0,42.5,0.0,1014.4,701.0,68,,0.56,,2,muhimbili_tanzania
2022-06-03 16:00:00,27.4,42,13.2,19.0,36.4,0.0,1014.1,200.0,50,,0.3,,2,muhimbili_tanzania
2022-06-03 17:00:00,26.6,48,14.6,19.3,37.4,0.0,1014.4,221.0,52,,0.27,,2,muhimbili_tanzania
2022-06-03 18:00:00,25.6,53,15.2,17.3,36.4,0.0,1014.6,92.0,1,,0.17,,0,muhimbili_tanzania
2022-06-03 19:00:00,24.5,62,16.6,16.0,31.3,0.0,1015.0,1.0,10,,0.1,,0,muhimbili_tanzania
2022-06-03 20:00:00,24.1,67,17.7,14.0,28.1,0.0,1015.5,0.0,14,,0.06,,0,muhimbili_tanzania
2022-06-03 21:00:00,23.9,70,18.0,12.6,24.5,0.0,1016.2,0.0,1,,0.05,,0,muhimbili_tanzania
2022-06-03 22:00:00,23.4,74,18.6,11.6,22.3,0.0,1016.5,0.0,3,,0.04,,0,muhimbili_tanzania
2022-06-03 23:00:00,23.0,78,19.0,10.9,20.5,0.0,1016.3,0.0,0,,0.03,,0,muhimbili_tanzania
2022-06-04 00:00:00,22.7,80,19.1,11.4,19.8,0.0,1016.0,0.0,0,,0.02,,0,muhimbili_tanzania
2022-06-04 01:00:00,22.5,82,19.3,12.4,22.0,0.0,1015.5,0.0,1,,0.02,,0,muhimbili_tanzania
2022-06-04 02:00:00,22.2,85,19.6,12.8,22.7,0.0,1015.0,0.0,0,,0.02,,0,muhimbili_tanzania
2022-06-04 03:00:00,22.2,84,19.4,14.5,24.1,0.0,1014.4,0.0,1,,0.02,,0,muhimbili_tanzania
2022-06-04 04:00:00,22.1,83,19.1,15.0,26.6,0.0,1014.4,0.0,7,,0.02,,0,muhimbili_tanzania
2022-06-04 05:00:00,22.0,83,19.0,15.5,27.7,0.0,1014.6,0.0,8,,0.03,,0,muhimbili_tanzania
2022-06-04 06:00:00,21.9,83,19.0,15.3,27.7,0.0,1014.8,0.0,10,,0.02,,0,muhimbili_tanzania
2022-06-04 07:00:00,22.0,83,19.0,15.0,27.4,0.0,1015.4,12.0,13,,0.03,,0,muhimbili_tanzania
2022-06-04 08:00:00,23.6,67,17.1,13.0,26.3,0.0,1015.8,151.0,22,,0.13,,1,muhimbili_tanzania
2022-06-04 09:00:00,25.6,52,15.1,17.4,32.8,0.0,1016.3,343.0,26,,0.3,,1,muhimbili_tanzania
2022-06-04 10:00:00,27.1,47,14.9,20.3,40.0,0.0,1016.2,521.0,3,,0.43,,0,muhimbili_tanzania
2022-06-04 11:00:00,28.5,43,14.6,21.1,42.5,0.0,1015.6,723.0,0,,0.57,,0,muhimbili_tanzania
2022-06-04 12:00:00,29.5,41,14.7,20.3,42.5,0.0,1015.0,841.0,33,,0.66,,1,muhimbili_tanzania
2022-06-04 13:00:00,30.1,39,14.7,18.4,41.4,0.0,1013.9,791.0,100,,0.64,,3,muhimbili_tanzania
2022-06-04 14:00:00,29.6,40,14.6,18.4,37.8,0.0,1013.1,484.0,100,,0.47,,3,muhimbili_tanzania
2022-06-04 15:00:00,28.4,46,15.8,22.3,36.4,0.0,1012.8,327.0,100,,0.37,,3,muhimbili_tanzania
2022-06-04 16:00:00,26.5,58,17.6,21.1,41.8,0.0,1013.0,130.0,100,,0.22,,3,muhimbili_tanzania
2022-06-04 17:00:00,25.8,67,19.1,16.6,39.2,0.0,1013.1,95.0,100,,0.15,,3,muhimbili_tanzania
2022-06-04 18:00:00,25.1,71,19.5,17.9,31.7,0.0,1013.3,35.0,100,,0.11,,3,muhimbili_tanzania
2022-06-04 19:00:00,24.3,77,20.0,16.2,33.8,0.0,1013.6,1.0,100,,0.06,,3,muhimbili_tanzania
2022-06-04 20:00:00,24.2,79,20.3,16.3,31.7,0.0,1014.0,0.0,100,,0.04,,3,muhimbili_tanzania
2022-06-04 21:00:00,24.4,81,20.9,16.0,29.5,0.1,1014.3,0.0,100,,0.04,,51,muhimbili_tanzania
2022-06-04 22:00:00,24.4,84,21.6,13.7,29.2,0.4,1014.4,0.0,93,,0.02,,51,muhimbili_tanzania
2022-06-04 23:00:00,23.5,90,21.6,15.3,28.8,0.3,1014.5,0.0,100,,0.01,,51,muhimbili_tanzania
2022-06-05 00:00:00,23.6,90,21.9,13.6,26.6,0.2,1014.4,0.0,100,,0.01,,51,muhimbili_tanzania
2022-06-05 01:00:00,23.4,91,21.8,12.1,23.8,0.1,1014.1,0.0,99,,0.0,,51,muhimbili_tanzania
2022-06-05 02:00:00,23.0,92,21.5,13.0,22.7,0.1,1013.6,0.0,98,,0.0,,51,muhimbili_tanzania
2022-06-05 03:00:00,23.1,91,21.5,13.0,27.0,0.6,1012.8,0.0,100,,0.0,,53,muhimbili_tanzania
2022-06-05 04:00:00,22.9,91,21.4,15.6,27.4,0.1,1012.8,0.0,100,,0.01,,51,muhimbili_tanzania
2022-06-05 05:00:00,22.8,90,21.1,15.8,28.8,0.1,1013.0,0.0,96,,0.01,,51,muhimbili_tanzania
2022-06-05 06:00:00,22.8,89,20.8,15.6,28.4,0.0,1013.5,0.0,100,,0.01,,3,muhimbili_tanzania
2022-06-05 07:00:00,23.0,86,20.5,15.3,27.7,0.1,1013.9,4.0,100,,0.04,,51,muhimbili_tanzania
2022-06-05 08:00:00,23.4,80,19.8,18.8,32.8,0.1,1014.4,38.0,100,,0.08,,51,muhimbili_tanzania
2022-06-05 09:00:00,24.2,75,19.5,19.2,39.2,0.0,1015.1,116.0,100,,0.14,,3,muhimbili_tanzania
2022-06-05 10:00:00,25.1,70,19.4,16.3,35.6,0.0,1015.4,183.0,100,,0.18,,3,muhimbili_tanzania
2022-06-05 11:00:00,26.1,65,19.1,17.7,33.1,0.0,1015.1,244.0,100,,0.24,,3,muhimbili_tanzania
2022-06-05 12:00:00,26.7,64,19.5,20.5,41.8,0.0,1014.2,251.0,100,,0.26,,3,muhimbili_tanzania
2022-06-05 13:00:00,27.3,63,19.5,19.4,40.3,0.1,1013.4,291.0,100,,0.29,,51,muhimbili_tanzania
2022-06-05 14:00:00,26.8,67,20.1,17.0,40.0,0.4,1012.8,341.0,100,,0.29,,51,muhimbili_tanzania
2022-06-05 15:00:00,26.0,66,19.2,17.1,36.4,0.3,1012.9,185.0,99,,0.2,,51,muhimbili_tanzania
2022-06-05 16:00:00,26.1,65,19.0,16.2,32.4,0.0,1012.7,116.0,100,,0.17,,3,muhimbili_tanzania
2022-06-05 17:00:00,25.9,67,19.4,16.3,30.6,0.0,1013.1,83.0,100,,0.14,,3,muhimbili_tanzania
2022-06-05 18:00:00,25.2,72,19.8,16.3,30.2,0.0,1013.5,21.0,100,,0.09,,3,muhimbili_tanzania
2022-06-05 19:00:00,24.8,76,20.2,14.8,28.8,0.0,1014.1,1.0,100,,0.06,,3,muhimbili_tanzania
2022-06-05 20:00:00,24.3,80,20.5,17.1,30.2,0.0,1014.4,0.0,100,,0.04,,3,muhimbili_tanzania
2022-06-05 21:00:00,24.0,82,20.8,15.7,30.2,0.0,1014.9,0.0,100,,0.03,,3,muhimbili_tanzania
2022-06-05 22:00:00,23.6,85,21.0,18.1,32.4,0.5,1015.5,0.0,100,,0.03,,53,muhimbili_tanzania
2022-06-05 23:00:00,23.0,89,21.1,18.4,33.1,0.1,1015.3,0.0,54,,0.02,,51,muhimbili_tanzania
2022-06-06 00:00:00,22.7,90,20.9,15.5,32.8,0.0,1015.0,0.0,64,,0.01,,2,muhimbili_tanzania
2022-06-06 01:00:00,22.5,90,20.8,13.3,27.4,0.0,1014.8,0.0,100,,0.01,,3,muhimbili_tanzania
2022-06-06 02:00:00,22.7,88,20.7,13.5,24.8,0.2,1014.1,0.0,100,,0.01,,51,muhimbili_tanzania
2022-06-06 03:00:00,22.9,85,20.1,12.3,24.8,0.0,1014.0,0.0,100,,0.02,,3,muhimbili_tanzania
2022-06-06 04:00:00,23.0,81,19.5,13.1,23.8,0.0,1014.0,0.0,100,,0.03,,3,muhimbili_tanzania
2022-06-06 05:00:00,23.3,74,18.4,15.5,27.0,0.0,1014.1,0.0,100,,0.05,,3,muhimbili_tanzania
2022-06-06 06:00:00,23.4,70,17.6,16.1,28.8,0.0,1014.4,0.0,100,,0.06,,3,muhimbili_tanzania
2022-06-06 07:00:00,23.5,68,17.2,15.8,28.4,0.0,1014.8,2.0,100,,0.09,,3,muhimbili_tanzania
2022-06-06 08:00:00,24.0,65,17.0,16.4,29.9,0.0,1015.3,48.0,100,,0.12,,3,muhimbili_tanzania
2022-06-06 09:00:00,24.8,62,17.0,16.4,30.2,0.0,1015.9,109.0,100,,0.16,,3,muhimbili_tanzania
2022-06-06 10:00:00,25.4,60,17.0,17.7,32.8,0.0,1015.9,171.0,98,,0.21,,3,muhimbili_tanzania
2022-06-06 11:00:00,27.1,54,16.9,24.4,45.0,0.0,1015.5,384.0,57,,0.37,,2,muhimbili_tanzania
2022-06-06 12:00:00,28.9,47,16.4,27.4,53.3,0.0,1014.7,634.0,66,,0.55,,2,muhimbili_tanzania
2022-06-06 13:00:00,29.3,46,16.5,25.2,52.2,0.0,1013.9,633.0,78,,0.55,,2,muhimbili_tanzania
2022-06-06 14:00:00,29.5,46,16.6,25.6,51.8,0.0,1013.3,684.0,57,,0.58,,2,muhimbili_tanzania
2022-06-06 15:00:00,26.8,57,17.5,20.2,49.3,0.0,1013.6,546.0,92,,0.42,,3,muhimbili_tanzania
2022-06-06 16:00:00,26.5,60,18.0,17.2,37.8,0.0,1013.6,173.0,100,,0.22,,3,muhimbili_tanzania
2022-06-06 17:00:00,26.1,63,18.6,15.3,31.7,0.0,1013.6,112.0,100,,0.16,,3,muhimbili_tanzania
2022-06-06 18:00:00,25.4,67,18.8,14.1,28.4,0.0,1014.2,34.0,100,,0.1,,3,muhimbili_tanzania
2022-06-06 19:00:00,25.0,70,19.0,13.7,24.8,0.0,1014.5,0.0,100,,0.08,,3,muhimbili_tanzania
2022-06-06 20:00:00,24.8,72,19.3,12.5,23.8,0.0,1014.9,0.0,100,,0.05,,3,muhimbili_tanzania
2022-06-06 21:00:00,24.9,72,19.4,13.5,23.4,0.0,1015.4,0.0,100,,0.05,,3,muhimbili_tanzania
2022-06-06 22:00:00,24.8,71,19.2,14.1,24.8,0.0,1015.4,0.0,100,,0.05,,3,muhimbili_tanzania
2022-06-06 23:00:00,24.9,71,19.4,12.6,25.2,0.0,1015.3,0.0,97,,0.05,,3,muhimbili_tanzania
2022-06-07 00:00:00,24.5,75,19.8,10.9,22.7,0.0,1015.0,0.0,99,,0.03,,3,muhimbili_tanzania
2022-06-07 01:00:00,24.3,78,20.2,11.8,19.8,0.0,1014.4,0.0,97,,0.03,,3,muhimbili_tanzania
2022-06-07 02:00:00,24.0,80,20.4,12.9,22.3,0.0,1014.1,0.0,98,,0.03,,3,muhimbili_tanzania
2022-06-07 03:00:00,23.4,84,20.6,11.0,24.1,0.0,1013.4,0.0,100,,0.01,,3,muhimbili_tanzania
2022-06-07 04:00:00,23.8,82,20.5,14.3,25.6,0.0,1013.7,0.0,100,,0.03,,3,muhimbili_tanzania
2022-06-07 05:00:00,23.8,81,20.2,13.6,24.8,0.0,1013.9,0.0,100,,0.03,,3,muhimbili_tanzania
2022-06-07 06:00:00,23.7,80,20.0,13.9,24.8,0.0,1014.1,0.0,100,,0.03,,3,muhimbili_tanzania
2022-06-07 07:00:00,23.9,79,19.9,15.7,27.7,0.0,1014.6,3.0,100,,0.06,,3,muhimbili_tanzania
2022-06-07 08:00:00,24.5,73,19.2,15.3,28.4,0.0,1015.9,61.0,39,,0.1,,1,muhimbili_tanzania
2022-06-07 09:00:00,26.0,62,18.1,17.0,32.4,0.0,1016.6,252.0,82,,0.23,,3,muhimbili_tanzania
2022-06-07 10:00:00,27.2,57,17.9,19.9,38.2,0.0,1016.4,408.0,100,,0.35,,3,muhimbili_tanzania
2022-06-07 11:00:00,27.3,55,17.4,22.3,43.6,0.0,1015.9,399.0,99,,0.37,,3,muhimbili_tanzania
2022-06-07 12:00:00,28.5,50,17.2,18.6,42.8,0.0,1015.4,563.0,44,,0.47,,1,muhimbili_tanzania
2022-06-07 13:00:00,29.5,48,17.3,18.8,37.8,0.0,1014.4,718.0,45,,0.57,,1,muhimbili_tanzania
2022-06-07 14:00:00,30.1,45,16.8,20.3,41.0,0.0,1013.7,783.0,37,,0.63,,1,muhimbili_tanzania
2022-06-07 15:00:00,29.2,47,16.9,21.9,42.1,0.0,1013.4,660.0,65,,0.54,,2,muhimbili_tanzania
2022-06-07 16:00:00,28.5,49,16.6,21.9,42.5,0.0,1013.3,441.0,99,,0.41,,3,muhimbili_tanzania
2022-06-07 17:00:00,27.4,54,17.2,19.9,42.1,0.0,1013.4,190.0,100,,0.25,,3,muhimbili_tanzania
2022-06-07 18:00:00,26.1,60,17.8,17.4,37.1,0.0,1013.6,90.0,87,,0.15,,3,muhimbili_tanzania
2022-06-07 19:00:00,25.1,65,18.1,14.7,31.0,0.0,1013.9,1.0,67,,0.09,,2,muhimbili_tanzania
2022-06-07 20:00:00,24.4,72,19.0,12.1,25.6,0.0,1014.0,0.0,66,,0.04,,2,muhimbili_tanzania
2022-06-07 21:00:00,24.0,75,19.3,11.2,21.2,0.0,1014.7,0.0,44,,0.03,,1,muhimbili_tanzania
2022-06-07 22:00:00,23.8,76,19.4,11.7,21.2,0.0,1014.8,0.0,82,,0.03,,3,muhimbili_tanzania
2022-06-07 23:00:00,23.7,78,19.7,12.3,21.6,0.0,1014.5,0.0,85,,0.03,,3,muhimbili_tanzania
2022-06-08 00:00:00,23.6,81,20.1,13.0,23.4,0.0,1014.4,0.0,88,,0.03,,3,muhimbili_tanzania
2022-06-08 01:00:00,23.5,84,20.5,11.9,23.0,0.0,1014.3,0.0,59,,0.02,,2,muhimbili_tanzania
2022-06-08 02:00:00,23.1,86,20.8,11.6,21.2,0.0,1014.0,0.0,87,,0.01,,3,muhimbili_tanzania
2022-06-08 03:00:00,23.1,87,20.9,12.0,21.2,0.0,1013.3,0.0,89,,0.01,,3,muhimbili_tanzania
2022-06-08 04:00:00,22.7,88,20.7,11.0,20.9,0.0,1013.7,0.0,78,,0.01,,2,muhimbili_tanzania
2022-06-08 05:00:00,22.5,88,20.5,11.3,19.4,0.0,1014.1,0.0,9,,0.01,,0,muhimbili_tanzania
2022-06-08 06:00:00,22.5,87,20.3,13.0,22.7,0.0,1014.5,0.0,8,,0.01,,0,muhimbili_tanzania
2022-06-08 07:00:00,22.8,87,20.5,14.7,25.2,0.0,1015.1,11.0,18,,0.02,,0,muhimbili_tanzania
2022-06-08 08:00:00,24.5,78,20.5,16.8,32.0,0.0,1015.8,145.0,26,,0.12,,1,muhimbili_tanzania
2022-06-08 09:00:00,26.0,68,19.5,17.4,34.6,0.0,1016.3,349.0,29,,0.26,,1,muhimbili_tanzania
2022-06-08 10:00:00,27.6,56,18.1,18.6,37.4,0.0,1016.1,561.0,72,,0.43,,2,muhimbili_tanzania
2022-06-08 11:00:00,29.1,47,16.5,20.2,40.7,0.0,1015.3,724.0,100,,0.57,,3,muhimbili_tanzania
2022-06-08 12:00:00,30.0,42,15.6,21.0,42.5,0.0,1014.6,798.0,96,,0.64,,3,muhimbili_tanzania
2022-06-08 13:00:00,30.6,39,15.1,21.0,42.8,0.0,1013.7,848.0,100,,0.69,,3,muhimbili_tanzania
2022-06-08 14:00:00,30.5,41,15.7,21.9,43.9,0.0,1013.0,806.0,100,,0.66,,3,muhimbili_tanzania
2022-06-08 15:00:00,29.6,45,16.3,23.2,45.7,0.0,1012.7,699.0,98,,0.58,,3,muhimbili_tanzania
2022-06-08 16:00:00,28.7,48,16.5,24.2,47.2,0.0,1013.1,478.0,10,,0.44,,0,muhimbili_tanzania
2022-06-08 17:00:00,27.6,52,16.8,20.3,45.7,0.0,1013.4,311.0,10,,0.31,,0,muhimbili_tanzania
2022-06-08 18:00:00,26.2,60,17.9,14.9,38.2,0.0,1013.8,102.0,28,,0.14,,1,muhimbili_tanzania
2022-06-08 19:00:00,25.1,70,19.4,12.9,26.3,0.0,1014.1,1.0,92,,0.07,,3,muhimbili_tanzania
2022-06-08 20:00:00,24.5,76,20.0,11.8,22.7,0.0,1014.4,0.0,73,,0.03,,2,muhimbili_tanzania
2022-06-08 21:00:00,24.2,82,20.9,11.2,20.5,0.0,1014.9,0.0,64,,0.02,,2,muhimbili_tanzania
2022-06-08 22:00:00,23.7,86,21.2,10.4,19.8,0.0,1015.1,0.0,21,,0.01,,1,muhimbili_tanzania
2022-06-08 23:00:00,23.3,89,21.3,10.4,18.7,0.0,1015.1,0.0,11,,0.01,,0,muhimbili_tanzania
2022-06-09 00:00:00,23.2,89,21.4,11.2,19.8,0.0,1014.8,0.0,0,,0.01,,0,muhimbili_tanzania
2022-06-09 01:00:00,23.1,89,21.3,12.2,21.6,0.0,1014.2,0.0,0,,0.01,,0,muhimbili_tanzania
2022-06-09 02:00:00,23.1,90,21.4,13.0,23.0,0.0,1014.1,0.0,3,,0.01,,0,muhimbili_tanzania
2022-06-09 03:00:00,23.2,90,21.5,12.8,22.3,0.0,1013.9,0.0,4,,0.01,,0,muhimbili_tanzania
2022-06-09 04:00:00,22.9,91,21.4,10.9,22.0,0.0,1014.1,0.0,14,,0.0,,0,muhimbili_tanzania
2022-06-09 05:00:00,22.6,91,21.1,12.1,20.5,0.0,1014.4,0.0,5,,0.0,,0,muhimbili_tanzania
2022-06-09 06:00:00,22.4,90,20.7,13.0,22.3,0.0,1014.7,0.0,8,,0.01,,0,muhimbili_tanzania
2022-06-09 07:00:00,22.5,89,20.6,14.1,24.5,0.0,1015.4,11.0,7,,0.02,,0,muhimbili_tanzania
2022-06-09 08:00:00,24.0,82,20.9,14.7,27.4,0.0,1015.8,152.0,6,,0.11,,0,muhimbili_tanzania
2022-06-09 09:00:00,26.0,70,20.0,17.7,34.6,0.0,1016.2,362.0,4,,0.26,,0,muhimbili_tanzania
2022-06-09 10:00:00,27.5,62,19.5,19.2,38.9,0.0,1015.8,564.0,0,,0.41,,0,muhimbili_tanzania
2022-06-09 11:00:00,29.0,51,17.8,20.5,41.8,0.0,1015.1,720.0,7,,0.55,,0,muhimbili_tanzania
2022-06-09 12:00:00,29.9,47,17.2,20.2,41.8,0.0,1014.4,803.0,4,,0.63,,0,muhimbili_tanzania
2022-06-09 13:00:00,30.5,44,16.9,19.9,41.4,0.0,1013.6,830.0,10,,0.66,,0,muhimbili_tanzania
2022-06-09 14:00:00,30.5,43,16.4,21.3,42.5,0.0,1012.9,772.0,30,,0.63,,1,muhimbili_tanzania
2022-06-09 15:00:00,29.9,44,16.4,21.2,44.3,0.0,1012.8,629.0,2,,0.54,,0,muhimbili_tanzania
2022-06-09 16:00:00,28.8,46,15.9,21.2,42.8,0.0,1012.7,501.0,4,,0.44,,0,muhimbili_tanzania
2022-06-09 17:00:00,27.7,49,16.1,20.5,41.4,0.0,1012.9,316.0,4,,0.32,,0,muhimbili_tanzania
2022-06-09 18:00:00,26.1,58,17.3,16.4,38.5,0.0,1013.1,107.0,50,,0.15,,2,muhimbili_tanzania
2022-06-09 19:00:00,24.9,67,18.4,14.0,29.2,0.0,1013.6,1.0,83,,0.08,,3,muhimbili_tanzania
2022-06-09 20:00:00,24.4,72,19.0,13.0,24.8,0.0,1014.1,0.0,85,,0.05,,3,muhimbili_tanzania
2022-06-09 21:00:00,24.0,76,19.5,11.9,23.0,0.0,1015.0,0.0,87,,0.03,,3,muhimbili_tanzania
2022-06-09 22:00:00,23.6,81,20.2,10.8,21.2,0.0,1015.2,0.0,80,,0.02,,3,muhimbili_tanzania
2022-06-09 23:00:00,23.4,85,20.6,10.3,19.1,0.0,1015.4,0.0,43,,0.01,,1,muhimbili_tanzania
2022-06-10 00:00:00,23.1,88,21.0,10.4,18.4,0.0,1015.1,0.0,7,,0.01,,0,muhimbili_tanzania
2022-06-10 01:00:00,23.0,90,21.4,11.9,20.2,0.0,1014.6,0.0,2,,0.0,,0,muhimbili_tanzania
2022-06-10 02:00:00,23.0,92,21.6,13.0,22.3,0.0,1014.1,0.0,28,,0.0,,1,muhimbili_tanzania
2022-06-10 03:00:00,23.1,89,21.1,10.8,23.0,0.0,1013.8,0.0,11,,0.01,,0,muhimbili_tanzania
2022-06-10 04:00:00,23.1,85,20.5,13.3,23.4,0.0,1014.1,0.0,24,,0.02,,1,muhimbili_tanzania
2022-06-10 05:00:00,23.3,80,19.6,14.8,26.3,0.0,1014.8,0.0,77,,0.03,,2,muhimbili_tanzania
2022-06-10 06:00:00,22.9,83,19.8,12.4,25.9,0.0,1015.0,0.0,97,,0.02,,3,muhimbili_tanzania
2022-06-10 07:00:00,22.7,86,20.1,12.6,23.0,0.0,1015.6,10.0,100,,0.03,,3,muhimbili_tanzania
2022-06-10 08:00:00,24.4,77,20.1,15.9,29.9,0.0,1016.4,141.0,100,,0.12,,3,muhimbili_tanzania
2022-06-10 09:00:00,26.3,68,20.0,20.3,40.0,0.0,1016.9,341.0,98,,0.27,,3,muhimbili_tanzania
2022-06-10 10:00:00,27.5,63,19.8,19.0,40.0,0.0,1017.0,500.0,93,,0.38,,3,muhimbili_tanzania
2022-06-10 11:00:00,28.2,59,19.5,20.2,41.8,0.1,1016.8,641.0,98,,0.48,,51,muhimbili_tanzania
2022-06-10 12:00:00,28.9,55,18.9,21.3,42.1,0.0,1016.0,749.0,100,,0.56,,3,muhimbili_tanzania
2022-06-10 13:00:00,29.0,53,18.6,21.3,44.3,0.2,1015.2,753.0,94,,0.57,,51,muhimbili_tanzania
2022-06-10 14:00:00,29.2,55,19.2,21.4,43.9,0.2,1014.2,748.0,100,,0.57,,51,muhimbili_tanzania
2022-06-10 15:00:00,28.2,57,18.9,20.2,43.2,0.0,1013.9,583.0,100,,0.46,,3,muhimbili_tanzania
2022-06-10 16:00:00,27.4,62,19.4,20.7,39.6,0.0,1014.0,253.0,98,,0.26,,3,muhimbili_tanzania
2022-06-10 17:00:00,26.6,66,19.8,20.3,40.0,0.0,1014.2,247.0,100,,0.23,,3,muhimbili_tanzania
2022-06-10 18:00:00,25.5,74,20.5,16.9,38.5,0.0,1014.9,52.0,97,,0.1,,3,muhimbili_tanzania
2022-06-10 19:00:00,24.5,78,20.4,15.2,31.3,0.0,1015.4,1.0,96,,0.06,,3,muhimbili_tanzania
2022-06-10 20:00:00,24.3,80,20.6,13.5,27.0,0.0,1015.9,0.0,100,,0.03,,3,muhimbili_tanzania
2022-06-10 21:00:00,24.5,80,20.8,14.5,25.6,0.0,1016.8,0.0,95,,0.03,,3,muhimbili_tanzania
2022-06-10 22:00:00,24.1,83,21.0,14.0,25.6,0.0,1017.3,0.0,93,,0.03,,3,muhimbili_tanzania
2022-06-10 23:00:00,23.9,82,20.5,15.8,28.1,0.0,1017.3,0.0,93,,0.03,,3,muhimbili_tanzania
2022-06-11 00:00:00,23.6,80,19.9,13.6,28.4,0.0,1016.9,0.0,60,,0.03,,2,muhimbili_tanzania
2022-06-11 01:00:00,23.6,81,20.1,15.1,27.4,0.0,1016.3,0.0,41,,0.03,,1,muhimbili_tanzania
2022-06-11 02:00:00,23.3,82,20.1,15.2,27.4,0.0,1015.6,0.0,57,,0.03,,2,muhimbili_tanzania
2022-06-11 03:00:00,23.3,82,20.0,14.4,27.0,0.0,1015.0,0.0,16,,0.03,,0,muhimbili_tanzania
2022-06-11 04:00:00,23.2,82,20.0,15.0,26.3,0.0,1015.0,0.0,48,,0.03,,1,muhimbili_tanzania
2022-06-11 05:00:00,22.8,84,20.0,14.9,27.7,0.0,1015.1,0.0,21,,0.02,,1,muhimbili_tanzania
2022-06-11 06:00:00,22.6,84,19.9,15.8,28.1,0.0,1015.6,0.0,6,,0.02,,0,muhimbili_tanzania
2022-06-11 07:00:00,23.0,82,19.7,16.1,28.1,0.0,1016.1,10.0,0,,0.04,,0,muhimbili_tanzania
2022-06-11 08:00:00,24.6,73,19.4,19.6,36.4,0.0,1016.7,147.0,29,,0.14,,1,muhimbili_tanzania
2022-06-11 09:00:00,25.9,67,19.4,21.0,40.3,0.0,1017.2,328.0,12,,0.26,,0,muhimbili_tanzania
2022-06-11 10:00:00,27.5,59,18.7,22.0,43.6,0.0,1017.5,533.0,10,,0.41,,0,muhimbili_tanzania
2022-06-11 11:00:00,28.5,53,18.0,25.3,49.3,0.0,1017.0,675.0,34,,0.53,,1,muhimbili_tanzania
2022-06-11 12:00:00,29.0,50,17.6,25.9,49.7,0.0,1016.3,642.0,22,,0.53,,1,muhimbili_tanzania
2022-06-11 13:00:00,29.5,48,17.4,26.1,52.9,0.0,1015.3,715.0,25,,0.59,,1,muhimbili_tanzania
2022-06-11 14:00:00,29.4,48,17.3,26.0,51.8,0.0,1014.5,669.0,33,,0.56,,1,muhimbili_tanzania
2022-06-11 15:00:00,28.8,49,16.9,25.8,50.8,0.0,1014.2,577.0,9,,0.5,,0,muhimbili_tanzania
2022-06-11 16:00:00,28.1,50,16.6,25.1,50.0,0.0,1014.2,487.0,14,,0.43,,0,muhimbili_tanzania
2022-06-11 17:00:00,27.2,53,16.9,23.8,47.9,0.0,1014.3,305.0,5,,0.31,,0,muhimbili_tanzania
2022-06-11 18:00:00,25.9,65,18.7,18.2,44.6,0.0,1014.7,102.0,4,,0.14,,0,muhimbili_tanzania
2022-06-11 19:00:00,25.0,71,19.4,15.5,33.1,0.0,1015.3,1.0,9,,0.08,,0,muhimbili_tanzania
2022-06-11 20:00:00,24.6,72,19.3,13.8,27.4,0.0,1015.9,0.0,2,,0.05,,0,muhimbili_tanzania
2022-06-11 21:00:00,24.3,75,19.6,12.3,24.8,0.0,1016.6,0.0,6,,0.04,,0,muhimbili_tanzania
2022-06-11 22:00:00,24.1,79,20.1,12.0,22.0,0.0,1016.9,0.0,1,,0.03,,0,muhimbili_tanzania
2022-06-11 23:00:00,23.9,81,20.5,12.1,21.6,0.0,1016.9,0.0,1,,0.02,,0,muhimbili_tanzania
2022-06-12 00:00:00,23.8,83,20.8,12.5,21.6,0.0,1016.8,0.0,2,,0.02,,0,muhimbili_tanzania
2022-06-12 01:00:00,23.5,86,21.0,11.5,21.6,0.0,1016.5,0.0,2,,0.01,,0,muhimbili_tanzania
2022-06-12 02:00:00,23.2,87,21.0,10.9,20.9,0.0,1015.9,0.0,4,,0.01,,0,muhimbili_tanzania
2022-06-12 03:00:00,23.5,80,19.9,12.6,19.1,0.0,1015.1,0.0,7,,0.03,,0,muhimbili_tanzania
2022-06-12 04:00:00,23.4,80,19.8,13.7,23.8,0.0,1014.6,0.0,7,,0.03,,0,muhimbili_tanzania
2022-06-12 05:00:00,23.1,82,19.9,13.8,24.5,0.0,1014.7,0.0,4,,0.03,,0,muhimbili_tanzania
2022-06-12 06:00:00,23.0,82,19.7,15.0,27.0,0.0,1015.0,0.0,8,,0.03,,0,muhimbili_tanzania
2022-06-12 07:00:00,23.0,82,19.8,15.1,27.0,0.0,1015.4,10.0,7,,0.04,,0,muhimbili_tanzania
2022-06-12 08:00:00,24.6,76,20.1,17.5,33.1,0.0,1016.1,146.0,7,,0.13,,0,muhimbili_tanzania
2022-06-12 09:00:00,26.0,71,20.2,19.5,43.2,0.0,1017.0,357.0,31,,0.26,,1,muhimbili_tanzania
2022-06-12 10:00:00,27.1,66,20.2,19.1,41.4,0.0,1017.1,495.0,25,,0.36,,1,muhimbili_tanzania
2022-06-12 11:00:00,28.2,57,19.0,19.5,38.9,0.0,1016.6,636.0,14,,0.48,,0,muhimbili_tanzania
2022-06-12 12:00:00,29.2,52,18.2,21.3,42.8,0.0,1015.7,751.0,29,,0.58,,1,muhimbili_tanzania
2022-06-12 13:00:00,29.6,50,18.0,22.5,45.0,0.0,1014.7,791.0,22,,0.61,,1,muhimbili_tanzania
2022-06-12 14:00:00,29.6,47,17.0,22.8,45.7,0.0,1013.9,746.0,46,,0.6,,1,muhimbili_tanzania
2022-06-12 15:00:00,29.1,50,17.8,21.3,46.8,0.0,1013.2,614.0,93,,0.5,,3,muhimbili_tanzania
2022-06-12 16:00:00,28.5,52,17.6,21.9,42.5,0.0,1013.3,508.0,98,,0.43,,3,muhimbili_tanzania
2022-06-12 17:00:00,27.2,56,17.5,21.7,43.2,0.0,1013.6,299.0,95,,0.29,,3,muhimbili_tanzania
2022-06-12 18:00:00,25.9,63,18.4,17.0,41.0,0.0,1014.1,103.0,94,,0.14,,3,muhimbili_tanzania
2022-06-12 19:00:00,25.0,70,19.3,14.8,30.6,0.0,1014.6,1.0,93,,0.08,,3,muhimbili_tanzania
2022-06-12 20:00:00,24.5,76,19.9,13.4,25.9,0.0,1015.0,0.0,54,,0.04,,2,muhimbili_tanzania
2022-06-12 21:00:00,24.0,78,20.0,12.1,23.4,0.0,1015.6,0.0,81,,0.03,,3,muhimbili_tanzania
2022-06-12 22:00:00,23.8,81,20.2,11.0,20.9,0.0,1016.0,0.0,93,,0.02,,3,muhimbili_tanzania
2022-06-12 23:00:00,23.5,84,20.6,11.4,19.8,0.0,1016.0,0.0,62,,0.02,,2,muhimbili_tanzania
2022-06-13 00:00:00,23.5,86,20.9,11.3,19.8,0.0,1015.7,0.0,63,,0.01,,2,muhimbili_tanzania
2022-06-13 01:00:00,23.4,87,21.1,12.3,21.2,0.0,1015.3,0.0,65,,0.01,,2,muhimbili_tanzania
2022-06-13 02:00:00,23.2,89,21.2,11.9,22.0,0.0,1014.8,0.0,97,,0.01,,3,muhimbili_tanzania
2022-06-13 03:00:00,22.7,90,21.0,10.7,21.2,0.0,1014.3,0.0,94,,0.0,,3,muhimbili_tanzania
2022-06-13 04:00:00,22.5,90,20.7,9.1,18.7,0.0,1014.1,0.0,93,,0.0,,3,muhimbili_tanzania
2022-06-13 05:00:00,22.2,90,20.5,8.1,16.2,0.0,1014.4,0.0,89,,0.0,,3,muhimbili_tanzania
2022-06-13 06:00:00,22.0,91,20.5,9.9,16.9,0.0,1014.8,0.0,85,,0.0,,3,muhimbili_tanzania
2022-06-13 07:00:00,22.2,90,20.5,11.1,18.7,0.0,1015.4,10.0,85,,0.01,,3,muhimbili_tanzania
2022-06-13 08:00:00,24.1,82,20.8,12.2,23.4,0.0,1015.9,148.0,79,,0.1,,2,muhimbili_tanzania
2022-06-13 09:00:00,26.0,73,20.8,16.4,33.8,0.0,1016.5,362.0,71,,0.25,,2,muhimbili_tanzania
2022-06-13 10:00:00,27.4,66,20.5,18.0,39.6,0.0,1016.5,557.0,56,,0.4,,2,muhimbili_tanzania
2022-06-13 11:00:00,28.5,58,19.4,17.7,40.0,0.0,1016.2,691.0,50,,0.51,,2,muhimbili_tanzania
2022-06-13 12:00:00,29.3,53,18.9,18.9,38.9,0.0,1015.5,783.0,37,,0.59,,1,muhimbili_tanzania
2022-06-13 13:00:00,29.3,53,18.6,20.0,40.7,0.0,1014.6,769.0,38,,0.59,,1,muhimbili_tanzania
2022-06-13 14:00:00,29.3,52,18.3,20.0,41.0,0.0,1013.6,715.0,27,,0.56,,1,muhimbili_tanzania
2022-06-13 15:00:00,28.3,56,18.8,17.8,41.0,0.1,1013.3,604.0,66,,0.46,,51,muhimbili_tanzania
2022-06-13 16:00:00,28.2,53,17.8,16.6,35.3,0.0,1013.3,464.0,16,,0.38,,0,muhimbili_tanzania
2022-06-13 17:00:00,27.0,59,18.3,17.6,34.2,0.1,1013.6,273.0,25,,0.25,,51,muhimbili_tanzania
2022-06-13 18:00:00,25.8,69,19.6,16.0,33.8,0.0,1014.2,89.0,25,,0.12,,1,muhimbili_tanzania
2022-06-13 19:00:00,24.9,75,20.1,18.1,31.7,0.0,1014.2,1.0,28,,0.08,,1,muhimbili_tanzania
2022-06-13 20:00:00,24.2,80,20.5,16.3,32.4,0.0,1014.6,0.0,13,,0.04,,0,muhimbili_tanzania
2022-06-13 21:00:00,24.0,80,20.4,14.2,29.2,0.0,1015.4,0.0,6,,0.03,,0,muhimbili_tanzania
2022-06-13 22:00:00,23.7,83,20.6,12.7,24.8,0.0,1015.7,0.0,10,,0.02,,0,muhimbili_tanzania
2022-06-13 23:00:00,23.4,85,20.8,11.7,22.7,0.0,1015.6,0.0,0,,0.01,,0,muhimbili_tanzania
2022-06-14 00:00:00,23.1,87,20.9,10.9,20.5,0.0,1015.5,0.0,0,,0.01,,0,muhimbili_tanzania
2022-06-14 01:00:00,22.8,89,20.9,10.5,19.4,0.0,1014.9,0.0,1,,0.0,,0,muhimbili_tanzania
2022-06-14 02:00:00,22.6,90,20.9,10.5,19.1,0.0,1014.4,0.0,1,,0.0,,0,muhimbili_tanzania
2022-06-14 03:00:00,22.5,90,20.8,9.9,18.4,0.0,1014.1,0.0,1,,0.0,,0,muhimbili_tanzania
2022-06-14 04:00:00,22.1,91,20.6,9.4,17.3,0.0,1014.0,0.0,5,,0.0,,0,muhimbili_tanzania
2022-06-14 05:00:00,22.0,91,20.5,10.1,18.0,0.0,1014.1,0.0,1,,0.0,,0,muhimbili_tanzania
2022-06-14 06:00:00,21.8,92,20.5,9.8,18.0,0.0,1014.6,0.0,0,,0.0,,0,muhimbili_tanzania
2022-06-14 07:00:00,22.0,91,20.5,11.0,18.4,0.0,1015.1,10.0,0,,0.01,,0,muhimbili_tanzania
2022-06-14 08:00:00,23.9,82,20.7,10.8,21.6,0.0,1015.7,151.0,3,,0.1,,0,muhimbili_tanzania
2022-06-14 09:00:00,25.8,73,20.5,11.7,25.2,0.0,1016.2,362.0,1,,0.25,,0,muhimbili_tanzania
2022-06-14 10:00:00,27.3,64,19.9,13.6,29.9,0.0,1016.3,546.0,20,,0.39,,1,muhimbili_tanzania
2022-06-14 11:00:00,28.4,58,19.4,14.1,30.6,0.1,1015.8,665.0,25,,0.49,,51,muhimbili_tanzania
2022-06-14 12:00:00,29.0,55,19.0,16.0,34.6,0.1,1015.3,763.0,23,,0.57,,51,muhimbili_tanzania
2022-06-14 13:00:00,29.3,53,18.6,16.9,36.0,0.0,1014.2,769.0,22,,0.58,,1,muhimbili_tanzania
2022-06-14 14:00:00,29.5,51,18.4,16.3,35.6,0.2,1013.2,698.0,38,,0.55,,51,muhimbili_tanzania
2022-06-14 15:00:00,28.9,54,18.8,17.1,34.9,0.2,1012.6,605.0,26,,0.47,,51,muhimbili_tanzania
2022-06-14 16:00:00,28.6,56,19.0,15.8,34.9,0.0,1012.3,489.0,40,,0.39,,1,muhimbili_tanzania
2022-06-14 17:00:00,27.6,60,19.1,14.8,32.0,0.0,1012.6,294.0,55,,0.26,,2,muhimbili_tanzania
2022-06-14 18:00:00,26.4,66,19.5,14.6,29.2,0.0,1012.9,99.0,17,,0.12,,0,muhimbili_tanzania
2022-06-14 19:00:00,25.3,73,20.0,15.0,26.3,0.0,1013.4,2.0,9,,0.06,,0,muhimbili_tanzania
2022-06-14 20:00:00,24.8,76,20.2,14.8,27.4,0.0,1013.8,0.0,13,,0.05,,0,muhimbili_tanzania
2022-06-14 21:00:00,24.4,79,20.5,14.1,26.3,0.0,1014.3,0.0,14,,0.04,,0,muhimbili_tanzania
2022-06-14 22:00:00,24.0,82,20.7,12.0,24.8,0.0,1014.6,0.0,25,,0.02,,1,muhimbili_tanzania
2022-06-14 23:00:00,23.7,84,20.9,9.7,20.9,0.0,1014.6,0.0,11,,0.01,,0,muhimbili_tanzania
2022-06-15 00:00:00,23.2,86,20.8,8.1,16.9,0.0,1014.3,0.0,1,,0.0,,0,muhimbili_tanzania
2022-06-15 01:00:00,22.8,88,20.8,7.6,14.4,0.0,1013.5,0.0,1,,0.0,,0,muhimbili_tanzania
2022-06-15 02:00:00,22.5,89,20.7,8.3,14.4,0.0,1013.3,0.0,1,,0.0,,0,muhimbili_tanzania
2022-06-15 03:00:00,22.6,88,20.6,8.3,14.8,0.0,1012.8,0.0,6,,0.0,,0,muhimbili_tanzania
2022-06-15 04:00:00,22.4,90,20.6,8.3,14.8,0.0,1012.8,0.0,0,,0.0,,0,muhimbili_tanzania
2022-06-15 05:00:00,22.1,91,20.6,6.5,14.4,0.0,1013.4,0.0,5,,0.0,,0,muhimbili_tanzania
2022-06-15 06:00:00,22.0,92,20.5,7.6,13.3,0.0,1013.8,0.0,36,,0.0,,1,muhimbili_tanzania
2022-06-15 07:00:00,22.2,91,20.6,9.1,15.1,0.0,1014.3,8.0,32,,0.01,,1,muhimbili_tanzania
2022-06-15 08:00:00,24.0,83,21.0,8.7,18.0,0.0,1015.0,134.0,23,,0.09,,1,muhimbili_tanzania
2022-06-15 09:00:00,25.9,74,21.0,8.7,20.2,0.0,1015.6,323.0,31,,0.22,,1,muhimbili_tanzania
2022-06-15 10:00:00,27.5,66,20.5,11.1,25.2,0.0,1015.8,489.0,30,,0.36,,1,muhimbili_tanzania
2022-06-15 11:00:00,28.6,59,19.8,11.3,26.3,0.1,1015.5,626.0,46,,0.47,,51,muhimbili_tanzania
2022-06-15 12:00:00,29.6,53,18.9,12.7,28.4,0.0,1014.9,693.0,32,,0.53,,1,muhimbili_tanzania
2022-06-15 13:00:00,30.1,50,18.6,14.5,31.3,0.1,1014.1,751.0,47,,0.58,,51,muhimbili_tanzania
2022-06-15 14:00:00,30.1,50,18.5,15.6,33.1,0.1,1013.2,732.0,33,,0.57,,51,muhimbili_tanzania
2022-06-15 15:00:00,29.5,52,18.7,17.5,33.5,0.0,1012.4,619.0,39,,0.5,,1,muhimbili_tanzania
2022-06-15 16:00:00,28.8,54,18.7,17.0,36.0,0.0,1012.0,473.0,22,,0.39,,1,muhimbili_tanzania
2022-06-15 17:00:00,27.4,63,19.6,17.3,34.6,0.0,1012.2,265.0,4,,0.24,,0,muhimbili_tanzania
2022-06-15 18:00:00,26.3,67,19.8,13.0,33.5,0.0,1012.7,103.0,7,,0.12,,0,muhimbili_tanzania
2022-06-15 19:00:00,25.2,73,20.1,10.8,23.0,0.0,1013.2,2.0,3,,0.04,,0,muhimbili_tanzania
2022-06-15 20:00:00,24.5,78,20.4,9.0,19.1,0.0,1013.6,0.0,3,,0.02,,0,muhimbili_tanzania
2022-06-15 21:00:00,23.9,82,20.5,7.8,15.8,0.0,1014.1,0.0,2,,0.01,,0,muhimbili_tanzania
2022-06-15 22:00:00,23.5,85,20.8,7.7,13.7,0.0,1014.4,0.0,1,,0.01,,0,muhimbili_tanzania
2022-06-15 23:00:00,23.2,87,21.0,7.6,13.7,0.0,1014.3,0.0,1,,0.0,,0,muhimbili_tanzania
2022-06-16 00:00:00,23.0,89,21.1,6.7,13.3,0.0,1014.1,0.0,1,,0.0,,0,muhimbili_tanzania
2022-06-16 01:00:00,22.6,91,21.1,6.0,11.5,0.0,1013.8,0.0,2,,0.0,,0,muhimbili_tanzania
2022-06-16 02:00:00,22.5,91,21.0,6.3,11.2,0.0,1013.3,0.0,5,,0.0,,0,muhimbili_tanzania
2022-06-16 03:00:00,22.1,89,20.2,7.5,11.5,0.0,1012.7,0.0,5,,0.0,,0,muhimbili_tanzania
2022-06-16 04:00:00,21.8,90,20.1,7.7,14.0,0.0,1012.7,0.0,0,,0.0,,0,muhimbili_tanzania
2022-06-16 05:00:00,21.6,91,20.2,7.6,14.0,0.0,1012.8,0.0,3,,0.0,,0,muhimbili_tanzania
2022-06-16 06:00:00,21.5,93,20.4,6.2,13.3,0.0,1013.1,0.0,28,,0.0,,1,muhimbili_tanzania
2022-06-16 07:00:00,22.0,90,20.4,8.9,14.8,0.0,1013.6,9.0,18,,0.01,,0,muhimbili_tanzania
2022-06-16 08:00:00,24.0,82,20.9,10.5,20.2,0.0,1014.6,132.0,23,,0.09,,1,muhimbili_tanzania
2022-06-16 09:00:00,26.0,74,21.0,11.2,24.1,0.0,1015.4,324.0,16,,0.23,,0,muhimbili_tanzania
2022-06-16 10:00:00,27.7,65,20.5,12.8,27.7,0.0,1015.5,511.0,24,,0.37,,1,muhimbili_tanzania
2022-06-16 11:00:00,28.5,61,20.1,13.2,29.5,0.1,1015.3,646.0,45,,0.47,,51,muhimbili_tanzania
2022-06-16 12:00:00,29.2,57,19.9,12.8,29.5,0.1,1014.7,693.0,22,,0.52,,51,muhimbili_tanzania
2022-06-16 13:00:00,29.9,53,19.4,14.5,31.7,0.1,1013.7,760.0,20,,0.58,,51,muhimbili_tanzania
2022-06-16 14:00:00,29.8,55,19.8,15.3,34.2,0.1,1012.8,705.0,53,,0.54,,51,muhimbili_tanzania
2022-06-16 15:00:00,28.7,61,20.5,16.7,36.0,0.1,1012.3,571.0,33,,0.44,,51,muhimbili_tanzania
2022-06-16 16:00:00,28.1,65,20.8,16.3,35.3,0.1,1011.9,464.0,41,,0.36,,51,muhimbili_tanzania
2022-06-16 17:00:00,27.5,67,20.8,15.3,33.1,0.0,1012.2,256.0,45,,0.22,,1,muhimbili_tanzania
2022-06-16 18:00:00,26.5,71,20.8,13.5,30.2,0.0,1012.4,89.0,50,,0.11,,2,muhimbili_tanzania
2022-06-16 19:00:00,25.5,76,21.0,11.0,24.8,0.0,1012.7,2.0,38,,0.04,,1,muhimbili_tanzania
2022-06-16 20:00:00,25.0,80,21.2,9.7,19.1,0.0,1013.5,0.0,11,,0.02,,0,muhimbili_tanzania
2022-06-16 21:00:00,24.5,83,21.4,9.6,17.3,0.0,1014.4,0.0,21,,0.01,,1,muhimbili_tanzania
2022-06-16 22:00:00,24.2,85,21.5,9.2,16.9,0.0,1014.9,0.0,19,,0.01,,0,muhimbili_tanzania
2022-06-16 23:00:00,24.0,86,21.5,9.3,16.6,0.0,1014.8,0.0,40,,0.01,,1,muhimbili_tanzania
2022-06-17 00:00:00,24.0,86,21.4,10.1,17.6,0.0,1014.5,0.0,10,,0.01,,0,muhimbili_tanzania
2022-06-17 01:00:00,23.6,86,21.2,8.6,17.6,0.0,1014.1,0.0,4,,0.01,,0,muhimbili_tanzania
2022-06-17 02:00:00,23.1,88,21.0,8.4,15.1,0.0,1013.6,0.0,9,,0.0,,0,muhimbili_tanzania
2022-06-17 03:00:00,23.1,87,21.0,8.4,14.8,0.0,1013.0,0.0,13,,0.0,,0,muhimbili_tanzania
2022-06-17 04:00:00,22.8,89,20.9,6.5,14.8,0.0,1012.7,0.0,4,,0.0,,0,muhimbili_tanzania
2022-06-17 05:00:00,22.4,91,20.8,5.8,11.5,0.0,1012.8,0.0,69,,0.0,,2,muhimbili_tanzania
2022-06-17 06:00:00,22.0,92,20.6,6.7,11.9,0.0,1013.3,0.0,92,,0.0,,3,muhimbili_tanzania
2022-06-17 07:00:00,22.1,92,20.7,8.5,14.4,0.0,1013.8,9.0,97,,0.01,,3,muhimbili_tanzania
2022-06-17 08:00:00,24.1,83,21.1,8.2,17.6,0.0,1014.5,140.0,95,,0.09,,3,muhimbili_tanzania
2022-06-17 09:00:00,26.1,73,21.0,8.4,26.6,0.0,1015.2,346.0,94,,0.24,,3,muhimbili_tanzania
2022-06-17 10:00:00,27.7,63,20.0,9.3,28.4,0.0,1015.0,557.0,97,,0.4,,3,muhimbili_tanzania
2022-06-17 11:00:00,28.5,56,18.9,11.7,27.0,0.1,1014.9,643.0,86,,0.48,,51,muhimbili_tanzania
2022-06-17 12:00:00,29.5,50,18.1,14.3,31.3,0.0,1014.2,726.0,90,,0.56,,3,muhimbili_tanzania
2022-06-17 13:00:00,30.2,46,17.4,16.8,35.3,0.0,1013.3,796.0,81,,0.62,,3,muhimbili_tanzania
2022-06-17 14:00:00,29.9,46,17.1,18.7,38.5,0.0,1012.7,717.0,82,,0.58,,3,muhimbili_tanzania
2022-06-17 15:00:00,28.5,54,18.5,15.9,38.5,0.0,1012.3,670.0,15,,0.5,,0,muhimbili_tanzania
2022-06-17 16:00:00,28.3,54,18.2,18.4,37.4,0.1,1011.8,472.0,22,,0.39,,51,muhimbili_tanzania
2022-06-17 17:00:00,27.4,59,18.7,17.6,37.1,0.0,1012.0,290.0,7,,0.26,,0,muhimbili_tanzania
2022-06-17 18:00:00,26.1,66,19.3,14.7,33.8,0.0,1012.4,103.0,8,,0.13,,0,muhimbili_tanzania
2022-06-17 19:00:00,25.0,74,20.1,13.2,26.3,0.0,1012.8,2.0,9,,0.05,,0,muhimbili_tanzania
2022-06-17 20:00:00,24.3,81,20.8,12.1,23.4,0.0,1013.3,0.0,5,,0.03,,0,muhimbili_tanzania
2022-06-17 21:00:00,23.9,84,21.0,9.9,21.2,0.0,1014.2,0.0,10,,0.01,,0,muhimbili_tanzania
2022-06-17 22:00:00,23.6,86,21.1,8.9,17.3,0.0,1014.5,0.0,12,,0.01,,0,muhimbili_tanzania
2022-06-17 23:00:00,23.2,89,21.2,8.7,15.8,0.0,1014.5,0.0,18,,0.0,,0,muhimbili_tanzania
2022-06-18 00:00:00,23.0,90,21.2,8.4,15.5,0.0,1014.4,0.0,11,,0.0,,0,muhimbili_tanzania
2022-06-18 01:00:00,22.8,91,21.2,8.1,14.8,0.0,1013.9,0.0,18,,0.0,,0,muhimbili_tanzania
2022-06-18 02:00:00,22.6,91,21.1,9.4,16.6,0.0,1013.5,0.0,1,,0.0,,0,muhimbili_tanzania
2022-06-18 03:00:00,22.4,92,21.0,10.1,17.6,0.0,1012.8,0.0,6,,0.0,,0,muhimbili_tanzania
2022-06-18 04:00:00,22.1,92,20.9,9.5,17.6,0.0,1012.8,0.0,8,,0.0,,0,muhimbili_tanzania
2022-06-18 05:00:00,22.1,92,20.7,9.9,17.3,0.0,1013.4,0.0,21,,0.0,,1,muhimbili_tanzania
2022-06-18 06:00:00,22.0,91,20.4,11.4,19.8,0.0,1013.6,0.0,32,,0.0,,1,muhimbili_tanzania
2022-06-18 07:00:00,22.3,88,20.2,12.7,22.0,0.0,1014.3,8.0,29,,0.02,,1,muhimbili_tanzania
2022-06-18 08:00:00,24.0,78,19.9,14.9,28.1,0.0,1015.0,138.0,18,,0.11,,0,muhimbili_tanzania
2022-06-18 09:00:00,25.5,71,19.8,20.9,40.0,0.0,1015.7,345.0,24,,0.25,,1,muhimbili_tanzania
2022-06-18 10:00:00,26.9,64,19.4,20.2,40.7,0.0,1015.7,510.0,18,,0.38,,0,muhimbili_tanzania
2022-06-18 11:00:00,28.0,58,18.9,19.8,40.7,0.0,1015.5,664.0,14,,0.49,,0,muhimbili_tanzania
2022-06-18 12:00:00,28.9,52,18.2,20.7,41.4,0.0,1014.8,730.0,17,,0.56,,0,muhimbili_tanzania
2022-06-18 13:00:00,29.1,51,18.0,22.3,45.0,0.0,1013.9,780.0,24,,0.6,,1,muhimbili_tanzania
2022-06-18 14:00:00,29.6,47,17.2,22.2,44.6,0.0,1013.0,741.0,27,,0.59,,1,muhimbili_tanzania
2022-06-18 15:00:00,28.5,53,17.9,20.3,44.6,0.1,1012.9,600.0,16,,0.48,,51,muhimbili_tanzania
2022-06-18 16:00:00,27.9,53,17.4,22.7,42.8,0.0,1012.8,400.0,15,,0.37,,0,muhimbili_tanzania
2022-06-18 17:00:00,26.8,61,18.7,19.7,45.0,0.0,1013.0,300.0,12,,0.27,,0,muhimbili_tanzania
2022-06-18 18:00:00,25.8,66,19.0,16.7,37.4,0.0,1013.4,103.0,3,,0.13,,0,muhimbili_tanzania
2022-06-18 19:00:00,24.5,76,19.9,14.6,30.2,0.0,1013.6,2.0,0,,0.05,,0,muhimbili_tanzania
2022-06-18 20:00:00,23.9,80,20.2,12.9,25.6,0.0,1013.9,0.0,0,,0.03,,0,muhimbili_tanzania
2022-06-18 21:00:00,23.6,82,20.4,11.0,22.7,0.0,1014.5,0.0,0,,0.02,,0,muhimbili_tanzania
2022-06-18 22:00:00,23.5,83,20.4,11.6,20.5,0.0,1014.7,0.0,1,,0.02,,0,muhimbili_tanzania
2022-06-18 23:00:00,23.4,84,20.5,12.0,21.6,0.0,1014.5,0.0,49,,0.02,,1,muhimbili_tanzania
2022-06-19 00:00:00,23.4,84,20.5,13.3,23.4,0.0,1014.3,0.0,100,,0.02,,3,muhimbili_tanzania
2022-06-19 01:00:00,23.4,84,20.5,12.4,23.4,0.0,1013.9,0.0,94,,0.02,,3,muhimbili_tanzania
2022-06-19 02:00:00,23.0,86,20.6,11.3,22.0,0.0,1013.5,0.0,97,,0.01,,3,muhimbili_tanzania
2022-06-19 03:00:00,23.1,84,20.2,11.9,19.8,0.0,1013.4,0.0,93,,0.02,,3,muhimbili_tanzania
2022-06-19 04:00:00,22.9,83,19.9,13.4,22.7,0.0,1013.6,0.0,95,,0.02,,3,muhimbili_tanzania
2022-06-19 05:00:00,22.9,77,18.7,14.8,26.3,0.0,1014.2,0.0,78,,0.04,,2,muhimbili_tanzania
2022-06-19 06:00:00,22.5,77,18.2,12.2,26.3,0.0,1014.8,0.0,87,,0.03,,3,muhimbili_tanzania
2022-06-19 07:00:00,22.4,78,18.4,14.5,25.2,0.0,1015.4,8.0,98,,0.04,,3,muhimbili_tanzania
2022-06-19 08:00:00,24.0,71,18.4,16.3,30.6,0.0,1016.3,143.0,86,,0.13,,3,muhimbili_tanzania
2022-06-19 09:00:00,25.5,68,19.0,19.7,38.9,0.0,1016.9,344.0,87,,0.26,,3,muhimbili_tanzania
2022-06-19 10:00:00,26.9,62,19.1,20.3,41.4,0.0,1016.9,541.0,83,,0.4,,3,muhimbili_tanzania
2022-06-19 11:00:00,27.9,57,18.5,20.6,42.5,0.0,1016.4,685.0,60,,0.5,,2,muhimbili_tanzania
2022-06-19 12:00:00,28.2,52,17.5,19.2,41.4,0.1,1015.7,690.0,41,,0.53,,51,muhimbili_tanzania
2022-06-19 13:00:00,28.9,49,17.2,18.4,40.0,0.1,1015.0,757.0,38,,0.58,,51,muhimbili_tanzania
2022-06-19 14:00:00,29.0,47,16.6,18.3,38.2,0.0,1014.4,709.0,34,,0.56,,1,muhimbili_tanzania
2022-06-19 15:00:00,28.2,52,17.4,18.3,38.9,0.0,1014.1,618.0,35,,0.48,,1,muhimbili_tanzania
2022-06-19 16:00:00,27.8,53,17.3,17.9,36.7,0.0,1013.8,440.0,47,,0.37,,1,muhimbili_tanzania
2022-06-19 17:00:00,26.8,57,17.6,18.8,36.0,0.0,1013.9,285.0,37,,0.27,,1,muhimbili_tanzania
2022-06-19 18:00:00,25.5,64,18.1,15.8,35.6,0.0,1014.5,108.0,42,,0.13,,1,muhimbili_tanzania
2022-06-19 19:00:00,24.4,72,19.0,13.8,28.1,0.0,1014.8,2.0,53,,0.06,,2,muhimbili_tanzania
2022-06-19 20:00:00,23.5,80,19.9,11.8,24.1,0.0,1014.8,0.0,70,,0.03,,2,muhimbili_tanzania
2022-06-19 21:00:00,23.1,82,19.9,9.4,20.5,0.0,1015.5,0.0,80,,0.01,,3,muhimbili_tanzania
2022-06-19 22:00:00,22.6,85,19.9,8.4,16.9,0.0,1015.8,0.0,54,,0.01,,2,muhimbili_tanzania
2022-06-19 23:00:00,22.3,87,20.1,8.0,14.8,0.0,1015.9,0.0,78,,0.0,,2,muhimbili_tanzania
2022-06-20 00:00:00,22.1,90,20.4,7.9,14.0,0.0,1015.9,0.0,83,,0.0,,3,muhimbili_tanzania
2022-06-20 01:00:00,21.9,91,20.4,7.2,13.7,0.0,1015.8,0.0,54,,0.0,,2,muhimbili_tanzania
2022-06-20 02:00:00,21.8,91,20.2,8.0,14.0,0.0,1015.4,0.0,75,,0.0,,2,muhimbili_tanzania
2022-06-20 03:00:00,22.0,89,20.1,8.8,15.5,0.0,1015.5,0.0,99,,0.0,,3,muhimbili_tanzania
2022-06-20 04:00:00,21.8,89,19.9,8.1,15.1,0.0,1015.6,0.0,94,,0.0,,3,muhimbili_tanzania
2022-06-20 05:00:00,21.6,88,19.6,8.2,14.4,0.0,1015.8,0.0,41,,0.0,,1,muhimbili_tanzania
2022-06-20 06:00:00,21.8,87,19.5,10.9,19.1,0.0,1016.4,0.0,23,,0.01,,1,muhimbili_tanzania
2022-06-20 07:00:00,22.1,85,19.5,11.5,19.8,0.0,1017.1,7.0,100,,0.02,,3,muhimbili_tanzania
2022-06-20 08:00:00,23.6,79,19.8,12.6,23.4,0.0,1017.8,140.0,84,,0.1,,3,muhimbili_tanzania
2022-06-20 09:00:00,25.4,69,19.4,14.7,30.6,0.0,1018.4,345.0,47,,0.25,,1,muhimbili_tanzania
2022-06-20 10:00:00,26.9,62,19.0,15.5,34.6,0.0,1018.4,528.0,100,,0.38,,3,muhimbili_tanzania
2022-06-20 11:00:00,28.0,57,18.7,17.2,35.6,0.1,1017.8,681.0,98,,0.5,,51,muhimbili_tanzania
2022-06-20 12:00:00,28.8,53,18.2,17.9,37.4,0.2,1017.3,766.0,54,,0.57,,51,muhimbili_tanzania
2022-06-20 13:00:00,29.0,51,17.9,18.2,38.2,0.1,1016.5,759.0,64,,0.58,,51,muhimbili_tanzania
2022-06-20 14:00:00,29.5,48,17.4,18.1,38.2,0.0,1015.8,749.0,28,,0.58,,1,muhimbili_tanzania
2022-06-20 15:00:00,29.0,49,17.4,18.9,38.5,0.0,1015.7,642.0,37,,0.51,,1,muhimbili_tanzania
2022-06-20 16:00:00,28.2,51,17.1,19.2,38.2,0.0,1015.5,465.0,12,,0.4,,0,muhimbili_tanzania
2022-06-20 17:00:00,27.4,54,17.2,18.1,37.8,0.0,1015.9,295.0,20,,0.28,,1,muhimbili_tanzania
2022-06-20 18:00:00,26.0,60,17.7,15.8,34.6,0.0,1016.2,99.0,10,,0.14,,0,muhimbili_tanzania
2022-06-20 19:00:00,24.7,71,19.0,14.7,28.4,0.0,1016.3,2.0,18,,0.07,,0,muhimbili_tanzania
2022-06-20 20:00:00,24.0,78,20.0,12.4,25.6,0.0,1016.5,0.0,5,,0.03,,0,muhimbili_tanzania
2022-06-20 21:00:00,23.8,80,20.0,11.1,22.0,0.0,1016.8,0.0,8,,0.02,,0,muhimbili_tanzania
2022-06-20 22:00:00,23.5,81,20.0,10.2,19.8,0.0,1017.0,0.0,4,,0.02,,0,muhimbili_tanzania
2022-06-20 23:00:00,23.1,83,20.0,10.5,18.7,0.0,1017.0,0.0,18,,0.02,,0,muhimbili_tanzania
2022-06-21 00:00:00,23.0,84,20.1,10.4,19.1,0.0,1016.8,0.0,45,,0.01,,1,muhimbili_tanzania
2022-06-21 01:00:00,22.9,85,20.2,10.1,18.7,0.0,1016.4,0.0,8,,0.01,,0,muhimbili_tanzania
2022-06-21 02:00:00,22.7,86,20.3,10.1,17.6,0.0,1015.9,0.0,1,,0.01,,0,muhimbili_tanzania
2022-06-21 03:00:00,22.8,86,20.2,10.1,18.0,0.0,1015.6,0.0,5,,0.01,,0,muhimbili_tanzania
2022-06-21 04:00:00,22.6,87,20.4,9.0,17.6,0.0,1015.3,0.0,13,,0.0,,0,muhimbili_tanzania
2022-06-21 05:00:00,22.5,87,20.2,9.8,17.6,0.0,1015.6,0.0,14,,0.01,,0,muhimbili_tanzania
2022-06-21 06:00:00,22.3,87,20.1,10.2,18.0,0.0,1015.9,0.0,88,,0.01,,3,muhimbili_tanzania
2022-06-21 07:00:00,22.2,88,20.1,12.2,21.2,0.0,1016.6,8.0,100,,0.02,,3,muhimbili_tanzania
2022-06-21 08:00:00,23.7,81,20.3,13.4,25.9,0.0,1017.3,129.0,100,,0.1,,3,muhimbili_tanzania
2022-06-21 09:00:00,24.8,75,20.1,17.4,38.5,0.0,1018.1,243.0,100,,0.19,,3,muhimbili_tanzania
2022-06-21 10:00:00,25.3,71,19.7,18.8,40.7,0.1,1017.8,284.0,67,,0.23,,51,muhimbili_tanzania
2022-06-21 11:00:00,26.9,62,19.0,19.1,38.2,0.1,1017.0,543.0,31,,0.41,,51,muhimbili_tanzania
2022-06-21 12:00:00,28.8,49,17.1,22.4,47.2,0.0,1016.1,755.0,22,,0.58,,1,muhimbili_tanzania
2022-06-21 13:00:00,29.5,45,16.2,22.2,47.9,0.0,1014.9,765.0,10,,0.61,,0,muhimbili_tanzania
2022-06-21 14:00:00,29.8,43,16.0,23.3,46.1,0.0,1014.2,757.0,41,,0.62,,1,muhimbili_tanzania
2022-06-21 15:00:00,28.2,50,16.9,24.5,47.5,0.0,1014.0,588.0,43,,0.49,,1,muhimbili_tanzania
2022-06-21 16:00:00,27.5,55,17.7,22.7,47.5,0.0,1013.6,448.0,17,,0.38,,0,muhimbili_tanzania
2022-06-21 17:00:00,26.5,61,18.3,20.2,43.6,0.0,1013.6,305.0,12,,0.27,,0,muhimbili_tanzania
2022-06-21 18:00:00,25.3,68,19.0,15.3,38.2,0.0,1014.0,105.0,2,,0.12,,0,muhimbili_tanzania
2022-06-21 19:00:00,24.2,76,19.9,13.0,27.4,0.0,1014.3,2.0,1,,0.05,,0,muhimbili_tanzania
2022-06-21 20:00:00,23.8,79,19.9,12.2,23.0,0.0,1014.5,0.0,1,,0.03,,0,muhimbili_tanzania
2022-06-21 21:00:00,23.6,80,20.0,11.8,22.0,0.0,1015.0,0.0,0,,0.02,,0,muhimbili_tanzania
2022-06-21 22:00:00,23.5,83,20.4,14.3,24.8,0.0,1015.1,0.0,0,,0.03,,0,muhimbili_tanzania
2022-06-21 23:00:00,23.4,85,20.6,15.0,26.3,0.0,1014.9,0.0,35,,0.02,,1,muhimbili_tanzania
2022-06-22 00:00:00,23.3,85,20.7,14.5,26.6,0.0,1014.5,0.0,23,,0.02,,1,muhimbili_tanzania
2022-06-22 01:00:00,23.4,86,20.8,15.2,25.9,0.0,1014.1,0.0,19,,0.02,,0,muhimbili_tanzania
2022-06-22 02:00:00,23.5,82,20.2,17.1,30.6,0.0,1013.5,0.0,28,,0.03,,1,muhimbili_tanzania
2022-06-22 03:00:00,23.6,80,19.9,13.7,30.2,0.0,1013.3,0.0,63,,0.03,,2,muhimbili_tanzania
2022-06-22 04:00:00,23.3,79,19.4,11.9,24.1,0.0,1013.2,0.0,99,,0.03,,3,muhimbili_tanzania
2022-06-22 05:00:00,23.4,78,19.2,13.0,22.7,0.0,1013.6,0.0,96,,0.03,,3,muhimbili_tanzania
2022-06-22 06:00:00,23.3,75,18.7,13.0,23.8,0.0,1014.2,0.0,98,,0.04,,3,muhimbili_tanzania
2022-06-22 07:00:00,23.2,77,19.0,12.7,23.0,0.0,1014.6,6.0,100,,0.05,,3,muhimbili_tanzania
2022-06-22 08:00:00,24.8,70,18.9,16.2,28.8,0.0,1015.4,69.0,100,,0.12,,3,muhimbili_tanzania
2022-06-22 09:00:00,26.0,62,18.1,19.2,35.6,0.0,1016.2,204.0,87,,0.22,,3,muhimbili_tanzania
2022-06-22 10:00:00,26.9,58,17.9,23.4,45.0,0.0,1016.2,472.0,15,,0.38,,0,muhimbili_tanzania
2022-06-22 11:00:00,27.6,55,17.9,24.5,47.9,0.1,1015.8,642.0,34,,0.49,,51,muhimbili_tanzania
2022-06-22 12:00:00,28.6,51,17.5,24.4,48.2,0.2,1015.2,758.0,57,,0.58,,51,muhimbili_tanzania
2022-06-22 13:00:00,28.5,50,17.0,24.3,48.2,0.0,1014.5,655.0,20,,0.53,,1,muhimbili_tanzania
2022-06-22 14:00:00,28.2,51,17.0,26.1,51.5,0.1,1014.1,698.0,17,,0.55,,51,muhimbili_tanzania
2022-06-22 15:00:00,28.2,47,16.0,26.2,51.1,0.0,1013.2,617.0,25,,0.52,,1,muhimbili_tanzania
2022-06-22 16:00:00,28.0,46,15.3,24.2,50.8,0.0,1013.0,509.0,12,,0.45,,0,muhimbili_tanzania
2022-06-22 17:00:00,27.0,49,15.3,19.9,46.1,0.0,1013.3,319.0,33,,0.31,,1,muhimbili_tanzania
2022-06-22 18:00:00,25.8,54,15.9,15.5,37.4,0.0,1013.9,111.0,36,,0.16,,1,muhimbili_tanzania
2022-06-22 19:00:00,24.6,60,16.4,13.2,27.7,0.0,1014.4,2.0,39,,0.09,,1,muhimbili_tanzania
2022-06-22 20:00:00,24.1,65,17.0,12.2,23.0,0.0,1014.7,0.0,0,,0.06,,0,muhimbili_tanzania
2022-06-22 21:00:00,23.8,69,17.8,12.1,21.2,0.0,1015.2,0.0,5,,0.05,,0,muhimbili_tanzania
2022-06-22 22:00:00,23.5,74,18.5,11.1,21.2,0.0,1015.3,0.0,1,,0.03,,0,muhimbili_tanzania
2022-06-22 23:00:00,23.0,77,18.9,11.7,20.5,0.0,1014.9,0.0,4,,0.03,,0,muhimbili_tanzania
2022-06-23 00:00:00,22.8,80,19.2,12.2,21.6,0.0,1014.6,0.0,0,,0.03,,0,muhimbili_tanzania
2022-06-23 01:00:00,22.5,83,19.5,10.5,21.6,0.0,1014.4,0.0,0,,0.01,,0,muhimbili_tanzania
2022-06-23 02:00:00,22.4,84,19.6,11.2,20.9,0.0,1014.0,0.0,0,,0.01,,0,muhimbili_tanzania
2022-06-23 03:00:00,22.5,83,19.5,11.9,21.2,0.0,1013.7,0.0,3,,0.02,,0,muhimbili_tanzania
2022-06-23 04:00:00,22.5,82,19.2,12.2,22.3,0.0,1013.7,0.0,2,,0.02,,0,muhimbili_tanzania
2022-06-23 05:00:00,22.4,81,19.0,13.3,23.0,0.0,1014.2,0.0,14,,0.03,,0,muhimbili_tanzania
2022-06-23 06:00:00,22.3,81,18.9,12.6,24.1,0.0,1014.8,0.0,5,,0.02,,0,muhimbili_tanzania
2022-06-23 07:00:00,22.0,84,19.2,12.4,22.7,0.0,1015.6,8.0,6,,0.02,,0,muhimbili_tanzania
2022-06-23 08:00:00,23.4,80,19.6,13.9,26.6,0.0,1016.7,140.0,1,,0.1,,0,muhimbili_tanzania
2022-06-23 09:00:00,25.0,72,19.8,17.5,34.2,0.0,1017.6,350.0,7,,0.24,,0,muhimbili_tanzania
2022-06-23 10:00:00,26.5,63,19.0,19.8,39.6,0.0,1017.7,552.0,12,,0.39,,0,muhimbili_tanzania
2022-06-23 11:00:00,27.4,57,18.1,21.0,42.1,0.1,1017.6,668.0,25,,0.49,,51,muhimbili_tanzania
2022-06-23 12:00:00,27.7,55,17.8,21.6,43.2,0.1,1017.2,749.0,58,,0.55,,51,muhimbili_tanzania
2022-06-23 13:00:00,27.5,54,17.5,20.0,43.6,0.1,1016.5,645.0,41,,0.49,,51,muhimbili_tanzania
2022-06-23 14:00:00,27.4,54,17.3,20.5,41.0,0.1,1015.8,550.0,21,,0.44,,51,muhimbili_tanzania
2022-06-23 15:00:00,28.0,51,17.0,20.6,41.4,0.2,1014.7,641.0,44,,0.5,,51,muhimbili_tanzania
2022-06-23 16:00:00,27.5,53,17.0,19.8,41.4,0.0,1014.5,493.0,31,,0.4,,1,muhimbili_tanzania
2022-06-23 17:00:00,26.6,56,17.0,19.2,38.9,0.0,1014.8,298.0,22,,0.28,,1,muhimbili_tanzania
2022-06-23 18:00:00,25.4,65,18.2,16.7,36.4,0.0,1014.9,105.0,22,,0.14,,1,muhimbili_tanzania
2022-06-23 19:00:00,24.2,73,19.0,13.9,29.9,0.0,1015.4,2.0,2,,0.06,,0,muhimbili_tanzania
2022-06-23 20:00:00,23.6,77,19.2,12.7,24.1,0.0,1015.7,0.0,24,,0.03,,1,muhimbili_tanzania
2022-06-23 21:00:00,23.4,78,19.4,11.4,22.3,0.0,1016.2,0.0,0,,0.03,,0,muhimbili_tanzania
2022-06-23 22:00:00,23.4,79,19.5,14.4,24.8,0.0,1016.4,0.0,14,,0.03,,0,muhimbili_tanzania
2022-06-23 23:00:00,23.2,80,19.7,13.7,25.6,0.0,1016.2,0.0,9,,0.03,,0,muhimbili_tanzania
2022-06-24 00:00:00,23.1,81,19.7,12.7,24.1,0.0,1015.9,0.0,0,,0.02,,0,muhimbili_tanzania
2022-06-24 01:00:00,22.5,83,19.5,11.3,22.3,0.0,1016.0,0.0,1,,0.02,,0,muhimbili_tanzania
2022-06-24 02:00:00,22.2,85,19.6,11.9,20.2,0.0,1015.6,0.0,5,,0.01,,0,muhimbili_tanzania
2022-06-24 03:00:00,22.8,81,19.4,12.7,22.0,0.0,1015.1,0.0,43,,0.02,,1,muhimbili_tanzania
2022-06-24 04:00:00,22.8,80,19.1,12.2,21.6,0.0,1015.3,0.0,3,,0.03,,0,muhimbili_tanzania
2022-06-24 05:00:00,22.5,81,19.0,13.0,22.3,0.0,1015.8,0.0,71,,0.03,,2,muhimbili_tanzania
2022-06-24 06:00:00,22.5,80,18.8,12.2,22.3,0.0,1016.3,0.0,23,,0.03,,1,muhimbili_tanzania
2022-06-24 07:00:00,22.4,79,18.6,11.7,21.2,0.0,1016.9,7.0,23,,0.04,,1,muhimbili_tanzania
2022-06-24 08:00:00,24.0,72,18.5,11.2,21.6,0.0,1017.6,128.0,26,,0.11,,1,muhimbili_tanzania
2022-06-24 09:00:00,25.5,66,18.6,17.3,34.2,0.0,1018.3,304.0,28,,0.24,,1,muhimbili_tanzania
2022-06-24 10:00:00,26.5,59,18.0,20.3,40.7,0.0,1018.3,486.0,36,,0.37,,1,muhimbili_tanzania
2022-06-24 11:00:00,26.7,59,18.0,19.6,41.8,0.0,1017.9,576.0,37,,0.43,,1,muhimbili_tanzania
2022-06-24 12:00:00,27.6,57,18.4,19.0,40.7,0.0,1017.1,667.0,47,,0.49,,1,muhimbili_tanzania
2022-06-24 13:00:00,27.8,55,18.0,21.6,42.8,0.1,1016.5,678.0,33,,0.51,,51,muhimbili_tanzania
2022-06-24 14:00:00,27.8,54,17.6,20.8,43.6,0.1,1015.8,687.0,52,,0.52,,51,muhimbili_tanzania
2022-06-24 15:00:00,27.6,54,17.5,21.1,42.5,0.1,1014.9,568.0,22,,0.45,,51,muhimbili_tanzania
2022-06-24 16:00:00,27.0,55,17.2,20.1,41.8,0.0,1014.6,462.0,30,,0.38,,1,muhimbili_tanzania
2022-06-24 17:00:00,26.5,56,17.0,19.0,39.6,0.0,1014.7,286.0,21,,0.27,,1,muhimbili_tanzania
2022-06-24 18:00:00,25.5,59,17.0,17.9,36.0,0.0,1015.0,106.0,14,,0.16,,0,muhimbili_tanzania
2022-06-24 19:00:00,24.5,64,17.2,15.3,31.7,0.0,1015.4,2.0,11,,0.09,,0,muhimbili_tanzania
2022-06-24 20:00:00,24.0,67,17.5,16.5,29.5,0.0,1015.8,0.0,16,,0.07,,0,muhimbili_tanzania
2022-06-24 21:00:00,23.7,70,17.8,15.1,29.5,0.0,1016.3,0.0,8,,0.06,,0,muhimbili_tanzania
2022-06-24 22:00:00,23.2,73,18.0,12.6,27.0,0.0,1016.5,0.0,5,,0.04,,0,muhimbili_tanzania
2022-06-24 23:00:00,22.9,75,18.2,11.3,22.3,0.0,1016.5,0.0,36,,0.03,,1,muhimbili_tanzania
2022-06-25 00:00:00,23.1,74,18.3,13.7,23.8,0.0,1016.0,0.0,28,,0.04,,1,muhimbili_tanzania
2022-06-25 01:00:00,23.0,76,18.5,14.3,25.6,0.0,1015.6,0.0,21,,0.04,,1,muhimbili_tanzania
2022-06-25 02:00:00,22.9,75,18.2,14.0,26.3,0.0,1015.3,0.0,9,,0.04,,0,muhimbili_tanzania
2022-06-25 03:00:00,22.5,75,17.9,13.3,24.8,0.0,1014.7,0.0,5,,0.04,,0,muhimbili_tanzania
2022-06-25 04:00:00,22.1,76,17.7,11.4,23.4,0.0,1014.6,0.0,22,,0.03,,1,muhimbili_tanzania
2022-06-25 05:00:00,21.9,77,17.5,11.5,20.5,0.0,1014.7,0.0,9,,0.03,,0,muhimbili_tanzania
2022-06-25 06:00:00,21.6,78,17.6,12.2,21.2,0.0,1015.6,0.0,30,,0.03,,1,muhimbili_tanzania
2022-06-25 07:00:00,21.5,79,17.8,11.3,21.2,0.0,1016.2,7.0,37,,0.03,,1,muhimbili_tanzania
2022-06-25 08:00:00,22.9,75,18.2,11.6,22.3,0.0,1016.9,116.0,19,,0.1,,0,muhimbili_tanzania
2022-06-25 09:00:00,24.7,68,18.4,13.3,29.2,0.0,1017.7,322.0,16,,0.23,,0,muhimbili_tanzania
2022-06-25 10:00:00,26.4,58,17.4,17.5,35.3,0.0,1017.9,515.0,13,,0.39,,0,muhimbili_tanzania
2022-06-25 11:00:00,27.6,50,16.3,17.1,36.4,0.0,1017.4,667.0,29,,0.5,,1,muhimbili_tanzania
2022-06-25 12:00:00,28.4,46,15.7,16.0,36.4,0.0,1016.8,744.0,19,,0.57,,0,muhimbili_tanzania
2022-06-25 13:00:00,28.9,44,15.4,15.6,34.6,0.0,1016.2,778.0,26,,0.6,,1,muhimbili_tanzania
2022-06-25 14:00:00,29.1,42,14.8,15.4,33.8,0.0,1015.6,762.0,12,,0.59,,0,muhimbili_tanzania
2022-06-25 15:00:00,28.5,43,14.8,16.3,33.5,0.0,1014.7,648.0,24,,0.52,,1,muhimbili_tanzania
2022-06-25 16:00:00,28.0,45,15.1,17.8,36.0,0.0,1014.4,491.0,55,,0.42,,2,muhimbili_tanzania
2022-06-25 17:00:00,27.0,48,15.1,16.5,35.3,0.0,1014.8,247.0,63,,0.27,,2,muhimbili_tanzania
2022-06-25 18:00:00,25.6,55,15.9,14.7,32.0,0.0,1015.4,101.0,1,,0.15,,0,muhimbili_tanzania
2022-06-25 19:00:00,24.1,65,17.1,14.1,25.9,0.0,1016.2,3.0,1,,0.07,,0,muhimbili_tanzania
2022-06-25 20:00:00,23.2,76,18.8,14.2,25.6,0.0,1016.4,0.0,3,,0.04,,0,muhimbili_tanzania
2022-06-25 21:00:00,22.9,80,19.2,14.2,25.6,0.0,1017.0,0.0,4,,0.03,,0,muhimbili_tanzania
2022-06-25 22:00:00,22.6,81,19.2,12.4,25.2,0.0,1017.3,0.0,0,,0.02,,0,muhimbili_tanzania
2022-06-25 23:00:00,22.2,83,19.1,11.9,22.0,0.0,1017.3,0.0,0,,0.02,,0,muhimbili_tanzania
2022-06-26 00:00:00,22.0,83,19.0,12.6,22.7,0.0,1016.9,0.0,1,,0.02,,0,muhimbili_tanzania
2022-06-26 01:00:00,21.6,86,19.2,11.9,22.0,0.0,1016.6,0.0,0,,0.01,,0,muhimbili_tanzania
2022-06-26 02:00:00,21.4,88,19.4,11.6,21.2,0.0,1016.1,0.0,0,,0.01,,0,muhimbili_tanzania
2022-06-26 03:00:00,21.3,89,19.4,12.0,21.6,0.0,1015.7,0.0,3,,0.01,,0,muhimbili_tanzania
2022-06-26 04:00:00,21.2,89,19.4,13.0,22.7,0.0,1015.9,0.0,2,,0.01,,0,muhimbili_tanzania
2022-06-26 05:00:00,21.5,86,19.1,14.8,25.9,0.0,1016.3,0.0,4,,0.02,,0,muhimbili_tanzania
2022-06-26 06:00:00,21.7,83,18.7,17.0,29.9,0.0,1016.8,0.0,4,,0.03,,0,muhimbili_tanzania
2022-06-26 07:00:00,21.9,82,18.5,18.3,32.0,0.0,1017.4,7.0,3,,0.04,,0,muhimbili_tanzania
2022-06-26 08:00:00,23.5,72,18.1,20.4,40.7,0.0,1018.2,138.0,1,,0.13,,0,muhimbili_tanzania
2022-06-26 09:00:00,24.9,62,17.2,22.6,42.5,0.0,1019.1,351.0,4,,0.28,,0,muhimbili_tanzania
2022-06-26 10:00:00,26.3,58,17.2,23.8,46.4,0.0,1019.3,550.0,5,,0.41,,0,muhimbili_tanzania
2022-06-26 11:00:00,27.5,52,17.0,24.9,48.6,0.0,1018.7,690.0,22,,0.52,,1,muhimbili_tanzania
2022-06-26 12:00:00,28.5,48,16.3,26.6,51.1,0.0,1018.2,754.0,25,,0.59,,1,muhimbili_tanzania
2022-06-26 13:00:00,28.5,48,16.4,27.3,53.3,0.2,1017.7,767.0,31,,0.6,,51,muhimbili_tanzania
2022-06-26 14:00:00,28.5,47,16.0,27.0,52.9,0.0,1017.0,718.0,13,,0.58,,0,muhimbili_tanzania
2022-06-26 15:00:00,27.5,53,17.1,25.5,52.9,0.0,1016.5,646.0,11,,0.5,,0,muhimbili_tanzania
2022-06-26 16:00:00,27.5,50,16.0,23.2,48.6,0.0,1016.1,481.0,5,,0.42,,0,muhimbili_tanzania
2022-06-26 17:00:00,26.6,52,15.9,22.3,45.0,0.0,1016.4,310.0,4,,0.31,,0,muhimbili_tanzania
2022-06-26 18:00:00,25.2,60,16.9,17.9,41.8,0.0,1017.1,112.0,0,,0.15,,0,muhimbili_tanzania
2022-06-26 19:00:00,24.1,67,17.6,14.8,31.7,0.0,1017.6,3.0,0,,0.07,,0,muhimbili_tanzania
2022-06-26 20:00:00,23.5,73,18.4,11.9,25.9,0.0,1017.9,0.0,1,,0.04,,0,muhimbili_tanzania
2022-06-26 21:00:00,23.1,76,18.8,12.0,21.2,0.0,1018.7,0.0,2,,0.03,,0,muhimbili_tanzania
2022-06-26 22:00:00,23.2,75,18.6,13.6,24.5,0.0,1019.1,0.0,5,,0.04,,0,muhimbili_tanzania
2022-06-26 23:00:00,23.2,76,18.7,14.8,26.6,0.0,1019.0,0.0,1,,0.04,,0,muhimbili_tanzania
2022-06-27 00:00:00,23.2,76,18.9,15.2,27.0,0.0,1018.7,0.0,42,,0.04,,1,muhimbili_tanzania
2022-06-27 01:00:00,23.4,76,19.0,16.8,29.5,0.0,1018.4,0.0,24,,0.05,,1,muhimbili_tanzania
2022-06-27 02:00:00,23.2,78,19.1,16.7,29.5,0.0,1017.6,0.0,12,,0.04,,0,muhimbili_tanzania
2022-06-27 03:00:00,23.2,79,19.3,15.3,29.2,0.0,1016.7,0.0,4,,0.04,,0,muhimbili_tanzania
2022-06-27 04:00:00,23.0,79,19.2,16.2,28.1,0.0,1016.5,0.0,0,,0.04,,0,muhimbili_tanzania
2022-06-27 05:00:00,22.7,79,18.8,14.9,28.1,0.0,1016.8,0.0,9,,0.04,,0,muhimbili_tanzania
2022-06-27 06:00:00,22.6,78,18.5,15.0,27.0,0.0,1017.3,0.0,85,,0.04,,3,muhimbili_tanzania
2022-06-27 07:00:00,22.4,80,18.7,14.1,26.3,0.0,1018.0,6.0,99,,0.04,,3,muhimbili_tanzania
2022-06-27 08:00:00,23.6,72,18.4,17.2,32.4,0.0,1018.9,115.0,17,,0.12,,0,muhimbili_tanzania
2022-06-27 09:00:00,24.9,65,17.8,20.6,40.0,0.0,1019.9,322.0,7,,0.26,,0,muhimbili_tanzania
2022-06-27 10:00:00,26.6,55,16.8,22.7,44.3,0.0,1020.0,537.0,12,,0.42,,0,muhimbili_tanzania
2022-06-27 11:00:00,27.9,47,15.6,23.8,47.2,0.0,1019.5,676.0,6,,0.53,,0,muhimbili_tanzania
2022-06-27 12:00:00,29.1,42,14.8,26.3,50.8,0.0,1019.0,787.0,36,,0.64,,1,muhimbili_tanzania
2022-06-27 13:00:00,29.2,42,14.8,26.2,52.2,0.0,1018.2,772.0,25,,0.63,,1,muhimbili_tanzania
2022-06-27 14:00:00,29.2,41,14.6,24.4,51.1,0.0,1017.5,686.0,33,,0.59,,1,muhimbili_tanzania
2022-06-27 15:00:00,28.1,46,15.6,25.7,49.3,0.0,1017.4,557.0,24,,0.49,,1,muhimbili_tanzania
2022-06-27 16:00:00,27.5,49,15.8,25.6,49.7,0.0,1016.8,480.0,18,,0.43,,0,muhimbili_tanzania
2022-06-27 17:00:00,26.4,53,16.1,23.0,49.3,0.0,1016.9,302.0,86,,0.3,,3,muhimbili_tanzania
2022-06-27 18:00:00,25.2,61,17.1,20.8,42.8,0.0,1017.2,110.0,29,,0.16,,1,muhimbili_tanzania
2022-06-27 19:00:00,24.2,68,18.0,17.6,36.7,0.0,1017.7,3.0,25,,0.08,,1,muhimbili_tanzania
2022-06-27 20:00:00,23.9,71,18.2,16.3,31.3,0.0,1017.8,0.0,2,,0.06,,0,muhimbili_tanzania
2022-06-27 21:00:00,23.5,75,18.9,15.6,28.8,0.0,1018.5,0.0,8,,0.05,,0,muhimbili_tanzania
2022-06-27 22:00:00,23.3,79,19.5,14.4,27.7,0.0,1018.8,0.0,18,,0.03,,0,muhimbili_tanzania
2022-06-27 23:00:00,23.2,79,19.4,14.1,25.6,0.0,1018.9,0.0,36,,0.03,,1,muhimbili_tanzania
2022-06-28 00:00:00,23.1,81,19.6,13.5,24.8,0.0,1018.8,0.0,66,,0.03,,2,muhimbili_tanzania
2022-06-28 01:00:00,23.0,81,19.6,13.7,24.5,0.0,1018.1,0.0,1,,0.03,,0,muhimbili_tanzania
2022-06-28 02:00:00,22.9,83,19.8,15.1,28.1,0.0,1017.4,0.0,0,,0.03,,0,muhimbili_tanzania
2022-06-28 03:00:00,22.8,77,18.6,14.4,28.4,0.0,1016.4,0.0,2,,0.04,,0,muhimbili_tanzania
2022-06-28 04:00:00,22.6,76,18.2,14.4,26.3,0.0,1016.3,0.0,20,,0.04,,1,muhimbili_tanzania
2022-06-28 05:00:00,22.6,74,17.9,14.1,26.3,0.0,1016.5,0.0,24,,0.04,,1,muhimbili_tanzania
2022-06-28 06:00:00,22.4,76,18.0,14.2,26.3,0.0,1016.6,0.0,29,,0.04,,1,muhimbili_tanzania
2022-06-28 07:00:00,22.2,79,18.4,15.2,26.6,0.0,1017.1,6.0,20,,0.05,,1,muhimbili_tanzania
2022-06-28 08:00:00,23.4,71,18.0,17.5,33.5,0.0,1017.9,130.0,9,,0.13,,0,muhimbili_tanzania
2022-06-28 09:00:00,24.8,63,17.2,19.6,37.8,0.0,1018.6,338.0,15,,0.27,,0,muhimbili_tanzania
2022-06-28 10:00:00,26.1,58,17.2,20.4,40.7,0.0,1018.6,524.0,36,,0.39,,1,muhimbili_tanzania
2022-06-28 11:00:00,27.1,53,16.8,22.0,43.2,0.0,1018.3,567.0,52,,0.45,,2,muhimbili_tanzania
2022-06-28 12:00:00,27.6,50,16.4,23.9,47.2,0.1,1018.0,634.0,45,,0.51,,51,muhimbili_tanzania
2022-06-28 13:00:00,27.4,52,16.6,23.7,48.2,0.0,1017.4,634.0,100,,0.5,,3,muhimbili_tanzania
2022-06-28 14:00:00,26.6,54,16.6,23.4,46.4,0.0,1016.8,367.0,100,,0.35,,3,muhimbili_tanzania
2022-06-28 15:00:00,25.4,65,18.5,20.3,45.4,0.0,1016.2,298.0,100,,0.27,,3,muhimbili_tanzania
2022-06-28 16:00:00,24.6,69,18.6,21.3,43.2,0.1,1015.9,160.0,100,,0.18,,51,muhimbili_tanzania
2022-06-28 17:00:00,24.1,73,19.0,23.7,42.5,0.1,1016.2,106.0,100,,0.15,,51,muhimbili_tanzania
2022-06-28 18:00:00,23.5,74,18.6,21.0,43.9,0.1,1016.7,23.0,100,,0.1,,51,muhimbili_tanzania
2022-06-28 19:00:00,23.5,78,19.4,20.3,37.8,0.0,1017.1,1.0,100,,0.07,,3,muhimbili_tanzania
2022-06-28 20:00:00,23.5,78,19.4,20.2,37.4,0.0,1017.7,0.0,51,,0.05,,2,muhimbili_tanzania
2022-06-28 21:00:00,23.4,76,18.9,18.5,36.4,0.0,1018.3,0.0,31,,0.05,,1,muhimbili_tanzania
2022-06-28 22:00:00,23.0,75,18.5,18.2,33.1,0.0,1018.8,0.0,64,,0.05,,2,muhimbili_tanzania
2022-06-28 23:00:00,23.0,75,18.5,17.9,33.1,0.0,1019.1,0.0,31,,0.05,,1,muhimbili_tanzania
2022-06-29 00:00:00,22.8,76,18.3,18.1,32.4,0.0,1018.8,0.0,34,,0.05,,1,muhimbili_tanzania
2022-06-29 01:00:00,22.4,79,18.6,19.7,34.6,0.0,1018.6,0.0,31,,0.05,,1,muhimbili_tanzania
2022-06-29 02:00:00,21.5,82,18.3,20.2,38.5,0.0,1017.8,0.0,43,,0.04,,1,muhimbili_tanzania
2022-06-29 03:00:00,21.5,85,18.8,17.8,36.0,0.0,1017.1,0.0,36,,0.03,,1,muhimbili_tanzania
2022-06-29 04:00:00,21.2,86,18.9,15.8,31.7,0.0,1016.8,0.0,46,,0.02,,1,muhimbili_tanzania
2022-06-29 05:00:00,21.2,86,18.8,15.5,28.8,0.0,1017.2,0.0,69,,0.02,,2,muhimbili_tanzania
2022-06-29 06:00:00,21.3,85,18.8,15.0,27.4,0.0,1017.7,0.0,48,,0.02,,1,muhimbili_tanzania
2022-06-29 07:00:00,21.4,84,18.5,17.4,30.6,0.0,1018.1,5.0,26,,0.04,,1,muhimbili_tanzania
2022-06-29 08:00:00,22.5,77,18.3,16.0,32.8,0.0,1019.0,121.0,26,,0.1,,1,muhimbili_tanzania
2022-06-29 09:00:00,24.1,70,18.3,17.2,34.6,0.0,1019.6,297.0,18,,0.22,,0,muhimbili_tanzania
2022-06-29 10:00:00,25.8,63,18.1,18.8,37.4,0.0,1019.6,488.0,28,,0.36,,1,muhimbili_tanzania
2022-06-29 11:00:00,26.9,57,17.8,20.7,42.1,0.1,1019.3,667.0,46,,0.48,,51,muhimbili_tanzania
2022-06-29 12:00:00,27.4,55,17.5,21.1,42.5,0.0,1018.6,676.0,43,,0.51,,1,muhimbili_tanzania
2022-06-29 13:00:00,27.9,53,17.5,20.3,42.8,0.1,1017.9,721.0,39,,0.54,,51,muhimbili_tanzania
2022-06-29 14:00:00,27.9,52,17.2,20.1,41.4,0.0,1016.9,603.0,40,,0.48,,1,muhimbili_tanzania
2022-06-29 15:00:00,27.9,51,16.9,18.3,40.7,0.0,1016.2,556.0,30,,0.45,,1,muhimbili_tanzania
2022-06-29 16:00:00,27.4,54,17.3,17.2,37.1,0.0,1015.7,468.0,8,,0.38,,0,muhimbili_tanzania
2022-06-29 17:00:00,26.3,61,18.2,17.9,34.9,0.0,1016.1,309.0,9,,0.26,,0,muhimbili_tanzania
2022-06-29 18:00:00,24.9,69,18.8,17.2,35.3,0.0,1016.8,110.0,11,,0.13,,0,muhimbili_tanzania
2022-06-29 19:00:00,23.9,75,19.2,15.7,30.2,0.0,1017.3,3.0,10,,0.06,,0,muhimbili_tanzania
2022-06-29 20:00:00,23.4,79,19.5,15.9,28.1,0.0,1017.7,0.0,5,,0.04,,0,muhimbili_tanzania
2022-06-29 21:00:00,23.1,80,19.5,15.9,28.1,0.0,1018.1,0.0,3,,0.04,,0,muhimbili_tanzania
2022-06-29 22:00:00,22.9,81,19.5,14.9,28.1,0.0,1018.5,0.0,4,,0.03,,0,muhimbili_tanzania
2022-06-29 23:00:00,22.6,81,19.2,14.6,26.6,0.0,1018.5,0.0,6,,0.03,,0,muhimbili_tanzania
2022-06-30 00:00:00,22.4,82,19.1,14.6,26.3,0.0,1018.2,0.0,3,,0.03,,0,muhimbili_tanzania
2022-06-30 01:00:00,22.2,82,19.1,14.6,25.6,0.0,1017.7,0.0,94,,0.03,,3,muhimbili_tanzania
2022-06-30 02:00:00,22.1,82,19.0,15.5,27.4,0.0,1017.3,0.0,26,,0.03,,1,muhimbili_tanzania
2022-06-30 03:00:00,21.9,83,18.8,17.4,33.5,0.0,1016.9,0.0,71,,0.03,,2,muhimbili_tanzania
2022-06-30 04:00:00,21.5,83,18.5,15.2,31.0,0.0,1016.8,0.0,78,,0.02,,2,muhimbili_tanzania
2022-06-30 05:00:00,21.4,85,18.8,14.4,26.6,0.0,1017.1,0.0,24,,0.02,,1,muhimbili_tanzania
2022-06-30 06:00:00,21.0,87,18.9,14.0,27.0,0.0,1017.6,0.0,9,,0.01,,0,muhimbili_tanzania
2022-06-30 07:00:00,21.0,87,18.8,13.7,24.8,0.0,1018.1,6.0,21,,0.02,,1,muhimbili_tanzania
2022-06-30 08:00:00,22.5,79,18.8,15.0,28.8,0.0,1019.1,127.0,28,,0.1,,1,muhimbili_tanzania
2022-06-30 09:00:00,24.1,71,18.5,16.7,33.1,0.0,1019.7,302.0,100,,0.22,,3,muhimbili_tanzania
2022-06-30 10:00:00,25.4,65,18.4,21.6,43.2,0.0,1019.8,411.0,36,,0.31,,1,muhimbili_tanzania
2022-06-30 11:00:00,26.5,61,18.2,21.6,43.6,0.0,1019.6,580.0,49,,0.43,,1,muhimbili_tanzania
2022-06-30 12:00:00,25.2,67,18.6,20.6,44.3,0.7,1019.1,588.0,99,,0.4,,53,muhimbili_tanzania
2022-06-30 13:00:00,26.4,63,18.8,19.2,41.0,0.0,1018.3,510.0,38,,0.39,,1,muhimbili_tanzania
2022-06-30 14:00:00,27.6,55,17.8,23.3,46.4,0.0,1017.3,714.0,55,,0.53,,2,muhimbili_tanzania
2022-06-30 15:00:00,27.3,53,17.0,22.5,47.2,0.0,1016.4,527.0,29,,0.43,,1,muhimbili_tanzania
2022-06-30 16:00:00,27.0,53,16.7,21.1,44.6,0.0,1016.2,487.0,28,,0.4,,1,muhimbili_tanzania
2022-06-30 17:00:00,26.0,58,17.0,20.3,41.4,0.0,1016.4,308.0,26,,0.28,,1,muhimbili_tanzania
2022-06-30 18:00:00,24.6,65,17.7,16.6,38.5,0.0,1016.8,104.0,9,,0.13,,0,muhimbili_tanzania
2022-06-30 19:00:00,23.5,73,18.5,15.3,29.5,0.0,1017.1,3.0,1,,0.06,,0,muhimbili_tanzania
2022-06-30 20:00:00,23.0,77,18.7,13.9,27.0,0.0,1017.3,0.0,0,,0.04,,0,muhimbili_tanzania
2022-06-30 21:00:00,23.0,77,18.6,15.5,27.4,0.0,1017.9,0.0,1,,0.04,,0,muhimbili_tanzania
2022-06-30 22:00:00,23.0,76,18.4,13.6,27.7,0.0,1018.1,0.0,0,,0.04,,0,muhimbili_tanzania
2022-06-30 23:00:00,22.9,75,18.3,14.4,25.6,0.0,1018.1,0.0,0,,0.04,,0,muhimbili_tanzania
2022-07-01 00:00:00,22.7,79,18.8,15.0,25.9,0.0,1018.1,0.0,1,,0.04,,0,muhimbili_tanzania
2022-07-01 01:00:00,22.6,80,19.1,15.5,28.8,0.0,1017.9,0.0,8,,0.03,,0,muhimbili_tanzania
2022-07-01 02:00:00,22.4,84,19.5,13.7,27.0,0.0,1017.5,0.0,8,,0.02,,0,muhimbili_tanzania
2022-07-01 03:00:00,22.4,84,19.5,13.8,25.2,0.0,1016.8,0.0,21,,0.02,,1,muhimbili_tanzania
2022-07-01 04:00:00,22.3,82,19.0,14.6,25.2,0.0,1016.6,0.0,31,,0.03,,1,muhimbili_tanzania
2022-07-01 05:00:00,21.2,83,18.2,18.0,37.1,0.1,1016.9,0.0,100,,0.03,,51,muhimbili_tanzania
2022-07-01 06:00:00,21.8,83,18.9,13.0,31.0,0.0,1017.2,0.0,19,,0.02,,0,muhimbili_tanzania
2022-07-01 07:00:00,21.6,84,18.8,13.0,25.9,0.1,1017.6,6.0,68,,0.03,,51,muhimbili_tanzania
2022-07-01 08:00:00,22.6,78,18.6,17.6,33.8,0.2,1018.5,86.0,81,,0.1,,51,muhimbili_tanzania
2022-07-01 09:00:00,23.8,74,18.9,16.5,34.6,0.1,1019.5,223.0,63,,0.18,,51,muhimbili_tanzania
2022-07-01 10:00:00,24.9,67,18.5,18.9,40.0,0.0,1019.7,316.0,100,,0.26,,3,muhimbili_tanzania
2022-07-01 11:00:00,25.3,61,17.1,20.7,42.5,0.1,1019.7,382.0,71,,0.32,,51,muhimbili_tanzania
2022-07-01 12:00:00,26.1,61,17.9,18.7,42.5,0.2,1019.5,611.0,96,,0.44,,51,muhimbili_tanzania
2022-07-01 13:00:00,27.0,53,16.8,20.7,42.5,0.0,1018.7,639.0,59,,0.49,,2,muhimbili_tanzania
2022-07-01 14:00:00,26.8,53,16.5,21.0,43.6,0.0,1018.1,593.0,80,,0.46,,3,muhimbili_tanzania
2022-07-01 15:00:00,26.7,54,16.6,19.8,42.1,0.0,1017.0,488.0,33,,0.4,,1,muhimbili_tanzania
2022-07-01 16:00:00,27.1,52,16.2,20.4,40.7,0.0,1016.5,447.0,17,,0.38,,0,muhimbili_tanzania
2022-07-01 17:00:00,26.1,55,16.3,21.3,40.7,0.0,1016.7,294.0,11,,0.28,,0,muhimbili_tanzania
2022-07-01 18:00:00,24.5,64,17.3,18.6,40.3,0.0,1017.1,112.0,5,,0.14,,0,muhimbili_tanzania
2022-07-01 19:00:00,23.2,73,18.1,16.9,33.1,0.0,1017.4,3.0,2,,0.07,,0,muhimbili_tanzania
2022-07-01 20:00:00,22.7,77,18.4,13.3,30.2,0.0,1017.8,0.0,2,,0.04,,0,muhimbili_tanzania
2022-07-01 21:00:00,22.4,78,18.4,13.8,24.5,0.0,1018.7,0.0,6,,0.03,,0,muhimbili_tanzania
2022-07-01 22:00:00,22.1,81,18.7,13.7,25.6,0.0,1018.9,0.0,4,,0.03,,0,muhimbili_tanzania
2022-07-01 23:00:00,22.0,80,18.5,12.3,24.1,0.0,1019.2,0.0,2,,0.02,,0,muhimbili_tanzania
2022-07-02 00:00:00,22.0,79,18.1,12.8,24.1,0.0,1019.1,0.0,7,,0.03,,0,muhimbili_tanzania
2022-07-02 01:00:00,21.9,80,18.2,12.5,22.7,0.0,1018.8,0.0,3,,0.03,,0,muhimbili_tanzania
2022-07-02 02:00:00,21.6,82,18.4,12.0,23.4,0.0,1018.2,0.0,22,,0.02,,1,muhimbili_tanzania
2022-07-02 03:00:00,21.8,80,18.2,11.2,22.7,0.0,1017.2,0.0,11,,0.02,,0,muhimbili_tanzania
2022-07-02 04:00:00,21.8,77,17.5,12.6,22.7,0.0,1017.1,0.0,53,,0.03,,2,muhimbili_tanzania
2022-07-02 05:00:00,21.3,82,18.1,15.9,28.8,0.0,1017.4,0.0,92,,0.03,,3,muhimbili_tanzania
2022-07-02 06:00:00,21.5,82,18.3,14.5,27.7,0.0,1017.9,0.0,100,,0.03,,3,muhimbili_tanzania
2022-07-02 07:00:00,21.1,84,18.4,16.2,29.9,0.2,1018.1,3.0,89,,0.04,,51,muhimbili_tanzania
2022-07-02 08:00:00,21.6,84,18.8,15.4,29.9,0.2,1018.8,49.0,100,,0.07,,51,muhimbili_tanzania
2022-07-02 09:00:00,22.4,79,18.6,16.6,32.0,0.3,1019.6,147.0,100,,0.13,,51,muhimbili_tanzania
2022-07-02 10:00:00,22.6,78,18.6,17.0,33.1,0.3,1019.9,205.0,99,,0.16,,51,muhimbili_tanzania
2022-07-02 11:00:00,23.5,77,19.2,19.8,38.5,0.2,1019.4,299.0,100,,0.22,,51,muhimbili_tanzania
2022-07-02 12:00:00,24.7,72,19.2,15.5,38.5,0.1,1019.1,363.0,100,,0.27,,51,muhimbili_tanzania
2022-07-02 13:00:00,23.1,84,20.3,18.7,37.8,1.9,1018.8,488.0,100,,0.29,,61,muhimbili_tanzania
2022-07-02 14:00:00,23.8,81,20.3,13.7,35.6,1.6,1018.3,349.0,86,,0.24,,61,muhimbili_tanzania
2022-07-02 15:00:00,22.2,86,19.8,12.6,31.0,0.4,1018.1,445.0,100,,0.26,,51,muhimbili_tanzania
2022-07-02 16:00:00,23.4,78,19.3,12.3,26.6,0.1,1017.6,140.0,79,,0.13,,51,muhimbili_tanzania
2022-07-02 17:00:00,24.0,73,19.0,12.4,27.7,0.0,1017.5,145.0,55,,0.14,,2,muhimbili_tanzania
2022-07-02 18:00:00,23.8,73,18.6,12.3,27.7,0.0,1017.7,87.0,14,,0.09,,0,muhimbili_tanzania
2022-07-02 19:00:00,22.8,77,18.6,11.6,22.0,0.0,1018.3,3.0,14,,0.04,,0,muhimbili_tanzania
2022-07-02 20:00:00,22.4,80,18.8,12.6,21.2,0.0,1018.6,0.0,17,,0.03,,0,muhimbili_tanzania
2022-07-02 21:00:00,22.0,83,18.9,11.9,22.3,0.0,1019.5,0.0,20,,0.02,,1,muhimbili_tanzania
2022-07-02 22:00:00,22.0,83,19.0,11.2,20.5,0.0,1019.8,0.0,12,,0.02,,0,muhimbili_tanzania
2022-07-02 23:00:00,21.4,87,19.1,10.8,19.1,0.0,1020.1,0.0,1,,0.01,,0,muhimbili_tanzania
2022-07-03 00:00:00,20.8,90,19.1,9.4,18.7,0.0,1019.8,0.0,5,,0.0,,0,muhimbili_tanzania
2022-07-03 01:00:00,20.5,91,18.9,9.7,16.9,0.0,1019.5,0.0,6,,0.0,,0,muhimbili_tanzania
2022-07-03 02:00:00,20.5,90,18.7,11.3,19.8,0.0,1019.0,0.0,5,,0.0,,0,muhimbili_tanzania
2022-07-03 03:00:00,20.8,85,18.1,11.8,21.6,0.0,1018.2,0.0,100,,0.01,,3,muhimbili_tanzania
2022-07-03 04:00:00,20.7,86,18.2,13.1,22.7,0.0,1018.0,0.0,28,,0.01,,1,muhimbili_tanzania
2022-07-03 05:00:00,20.6,89,18.8,16.8,30.2,0.0,1018.2,0.0,91,,0.01,,3,muhimbili_tanzania
2022-07-03 06:00:00,20.8,89,18.9,16.5,29.2,0.0,1018.5,0.0,3,,0.01,,0,muhimbili_tanzania
2022-07-03 07:00:00,20.4,90,18.6,17.4,31.7,0.0,1018.7,6.0,100,,0.02,,3,muhimbili_tanzania
2022-07-03 08:00:00,21.6,84,18.7,17.9,33.8,0.0,1019.4,58.0,100,,0.07,,3,muhimbili_tanzania
2022-07-03 09:00:00,22.7,80,19.0,18.9,34.9,0.0,1020.4,142.0,100,,0.13,,3,muhimbili_tanzania
2022-07-03 10:00:00,24.5,69,18.4,21.0,41.0,0.0,1020.5,300.0,100,,0.25,,3,muhimbili_tanzania
2022-07-03 11:00:00,25.5,65,18.5,18.4,39.6,0.0,1020.0,363.0,39,,0.3,,1,muhimbili_tanzania
2022-07-03 12:00:00,27.3,60,18.9,16.8,37.4,0.0,1019.3,740.0,38,,0.52,,1,muhimbili_tanzania
2022-07-03 13:00:00,28.0,58,18.8,14.6,36.0,0.0,1018.5,770.0,52,,0.55,,2,muhimbili_tanzania
2022-07-03 14:00:00,27.8,55,17.9,18.0,37.8,0.2,1017.9,672.0,94,,0.5,,51,muhimbili_tanzania
2022-07-03 15:00:00,26.5,61,18.4,17.6,37.4,0.3,1017.6,337.0,39,,0.3,,51,muhimbili_tanzania
2022-07-03 16:00:00,24.9,69,18.8,11.0,35.6,1.9,1017.4,313.0,82,,0.24,,61,muhimbili_tanzania
2022-07-03 17:00:00,25.3,67,18.9,14.3,27.0,0.0,1017.2,206.0,44,,0.19,,1,muhimbili_tanzania
2022-07-03 18:00:00,24.3,72,18.9,13.7,28.1,0.0,1017.7,104.0,27,,0.11,,1,muhimbili_tanzania
2022-07-03 19:00:00,23.5,78,19.3,13.1,24.1,0.0,1018.3,3.0,36,,0.04,,1,muhimbili_tanzania
2022-07-03 20:00:00,23.0,78,19.0,13.1,23.4,0.0,1018.6,0.0,27,,0.03,,1,muhimbili_tanzania
2022-07-03 21:00:00,22.7,78,18.6,15.0,26.3,0.0,1018.8,0.0,26,,0.04,,1,muhimbili_tanzania
2022-07-03 22:00:00,22.5,79,18.6,15.2,27.0,0.0,1018.9,0.0,30,,0.04,,1,muhimbili_tanzania
2022-07-03 23:00:00,22.8,78,18.6,15.7,28.1,0.0,1018.9,0.0,29,,0.04,,1,muhimbili_tanzania
2022-07-04 00:00:00,23.0,75,18.3,18.6,33.1,0.0,1018.6,0.0,23,,0.06,,1,muhimbili_tanzania
2022-07-04 01:00:00,22.8,79,18.9,17.1,32.8,0.0,1018.3,0.0,18,,0.04,,0,muhimbili_tanzania
2022-07-04 02:00:00,22.5,79,18.7,15.6,30.6,0.0,1017.9,0.0,14,,0.04,,0,muhimbili_tanzania
2022-07-04 03:00:00,22.2,80,18.6,15.6,28.1,0.0,1017.5,0.0,29,,0.03,,1,muhimbili_tanzania
2022-07-04 04:00:00,22.5,78,18.5,16.3,28.8,0.0,1017.2,0.0,2,,0.04,,0,muhimbili_tanzania
2022-07-04 05:00:00,22.0,80,18.2,14.4,28.4,0.0,1017.4,0.0,3,,0.03,,0,muhimbili_tanzania
2022-07-04 06:00:00,21.9,82,18.6,12.0,24.8,0.0,1017.7,0.0,24,,0.02,,1,muhimbili_tanzania
2022-07-04 07:00:00,21.9,82,18.6,12.9,22.3,0.0,1018.1,6.0,18,,0.03,,0,muhimbili_tanzania
2022-07-04 08:00:00,23.0,77,18.8,14.0,27.4,0.0,1018.6,123.0,22,,0.1,,1,muhimbili_tanzania
2022-07-04 09:00:00,24.3,70,18.5,18.0,33.5,0.0,1019.7,267.0,59,,0.21,,2,muhimbili_tanzania
2022-07-04 10:00:00,25.4,67,18.9,18.5,40.3,0.0,1019.9,395.0,76,,0.3,,2,muhimbili_tanzania
2022-07-04 11:00:00,26.4,60,18.0,20.3,42.1,0.0,1019.7,556.0,51,,0.41,,2,muhimbili_tanzania
2022-07-04 12:00:00,26.4,61,18.1,20.7,43.6,0.1,1019.6,651.0,51,,0.46,,51,muhimbili_tanzania
2022-07-04 13:00:00,27.3,59,18.5,18.1,43.2,0.1,1018.8,728.0,35,,0.52,,51,muhimbili_tanzania
2022-07-04 14:00:00,26.2,60,17.9,21.4,43.9,0.9,1018.1,687.0,75,,0.48,,53,muhimbili_tanzania
2022-07-04 15:00:00,25.8,66,19.0,17.3,42.1,0.1,1017.1,437.0,54,,0.33,,51,muhimbili_tanzania
2022-07-04 16:00:00,26.1,63,18.5,17.3,36.7,0.1,1016.7,422.0,27,,0.33,,51,muhimbili_tanzania
2022-07-04 17:00:00,25.4,64,18.1,16.5,37.1,0.0,1016.8,269.0,22,,0.23,,1,muhimbili_tanzania
2022-07-04 18:00:00,24.4,69,18.4,15.0,32.0,0.0,1017.1,102.0,27,,0.12,,1,muhimbili_tanzania
2022-07-04 19:00:00,23.3,76,18.8,12.9,27.0,0.0,1017.0,3.0,26,,0.05,,1,muhimbili_tanzania
2022-07-04 20:00:00,22.8,80,19.2,14.6,25.6,0.0,1017.1,0.0,19,,0.03,,0,muhimbili_tanzania
2022-07-04 21:00:00,22.5,82,19.3,13.7,25.9,0.0,1017.5,0.0,12,,0.02,,0,muhimbili_tanzania
2022-07-04 22:00:00,22.2,84,19.4,13.1,24.1,0.0,1017.8,0.0,3,,0.02,,0,muhimbili_tanzania
2022-07-04 23:00:00,22.3,81,18.8,12.7,23.0,0.0,1017.7,0.0,1,,0.02,,0,muhimbili_tanzania
2022-07-05 00:00:00,22.2,79,18.5,12.4,23.0,0.0,1017.7,0.0,0,,0.03,,0,muhimbili_tanzania
2022-07-05 01:00:00,22.2,80,18.5,13.7,23.0,0.0,1017.4,0.0,0,,0.03,,0,muhimbili_tanzania
2022-07-05 02:00:00,21.9,84,19.0,12.6,24.1,0.0,1016.9,0.0,4,,0.02,,0,muhimbili_tanzania
2022-07-05 03:00:00,21.5,86,19.0,12.2,22.3,0.0,1016.2,0.0,30,,0.01,,1,muhimbili_tanzania
2022-07-05 04:00:00,21.6,85,19.0,14.4,25.2,0.0,1016.2,0.0,60,,0.02,,2,muhimbili_tanzania
2022-07-05 05:00:00,21.2,87,18.9,13.7,25.6,0.0,1016.8,0.0,58,,0.01,,2,muhimbili_tanzania
2022-07-05 06:00:00,21.1,87,18.9,15.8,28.1,0.2,1017.1,0.0,100,,0.02,,51,muhimbili_tanzania
2022-07-05 07:00:00,21.2,88,19.2,14.9,27.7,0.3,1017.4,2.0,100,,0.03,,51,muhimbili_tanzania
2022-07-05 08:00:00,21.2,89,19.3,13.7,27.4,0.4,1018.3,38.0,80,,0.05,,51,muhimbili_tanzania
2022-07-05 09:00:00,22.1,84,19.3,18.7,35.6,0.1,1018.7,211.0,100,,0.14,,51,muhimbili_tanzania
2022-07-05 10:00:00,22.8,80,19.1,17.3,35.6,0.1,1018.8,216.0,100,,0.16,,51,muhimbili_tanzania
2022-07-05 11:00:00,24.3,73,19.2,18.0,38.2,0.1,1018.5,440.0,90,,0.3,,51,muhimbili_tanzania
2022-07-05 12:00:00,25.0,70,19.3,16.6,40.0,0.2,1018.0,526.0,100,,0.36,,51,muhimbili_tanzania
2022-07-05 13:00:00,24.6,72,19.2,17.9,39.6,0.4,1017.6,466.0,100,,0.32,,51,muhimbili_tanzania
2022-07-05 14:00:00,24.1,74,19.1,15.9,38.5,0.3,1017.0,281.0,70,,0.22,,51,muhimbili_tanzania
2022-07-05 15:00:00,24.5,70,18.5,19.5,34.6,1.2,1016.4,413.0,100,,0.3,,55,muhimbili_tanzania
2022-07-05 16:00:00,23.9,75,19.1,16.6,36.7,0.0,1016.3,230.0,100,,0.19,,3,muhimbili_tanzania
2022-07-05 17:00:00,23.4,76,19.0,15.8,32.8,0.0,1016.1,128.0,100,,0.13,,3,muhimbili_tanzania
2022-07-05 18:00:00,23.1,79,19.2,13.3,30.2,0.0,1016.3,27.0,100,,0.07,,3,muhimbili_tanzania
2022-07-05 19:00:00,22.8,80,19.2,13.8,24.5,0.0,1016.4,2.0,99,,0.05,,3,muhimbili_tanzania
2022-07-05 20:00:00,22.1,84,19.4,13.3,24.5,0.0,1016.7,0.0,94,,0.02,,3,muhimbili_tanzania
2022-07-05 21:00:00,21.7,86,19.3,11.2,23.4,0.0,1017.0,0.0,99,,0.01,,3,muhimbili_tanzania
2022-07-05 22:00:00,21.4,88,19.3,9.0,19.8,0.0,1017.5,0.0,95,,0.0,,3,muhimbili_tanzania
2022-07-05 23:00:00,21.3,89,19.4,9.8,17.3,0.0,1017.5,0.0,80,,0.0,,3,muhimbili_tanzania
2022-07-06 00:00:00,21.3,89,19.4,10.2,18.0,0.0,1017.1,0.0,29,,0.0,,1,muhimbili_tanzania
2022-07-06 01:00:00,21.0,90,19.3,9.7,17.6,0.0,1016.9,0.0,32,,0.0,,1,muhimbili_tanzania
2022-07-06 02:00:00,20.6,92,19.3,10.0,18.0,0.0,1016.2,0.0,53,,0.0,,2,muhimbili_tanzania
2022-07-06 03:00:00,20.5,92,19.2,10.9,19.1,0.0,1015.9,0.0,63,,0.0,,2,muhimbili_tanzania
2022-07-06 04:00:00,20.3,93,19.2,9.8,18.7,0.0,1015.9,0.0,38,,0.0,,1,muhimbili_tanzania
2022-07-06 05:00:00,20.2,94,19.2,10.2,18.0,0.0,1016.2,0.0,42,,0.0,,1,muhimbili_tanzania
2022-07-06 06:00:00,20.2,94,19.2,10.2,18.4,0.0,1016.7,0.0,44,,0.0,,1,muhimbili_tanzania
2022-07-06 07:00:00,20.5,92,19.1,10.9,18.7,0.0,1017.1,6.0,48,,0.01,,1,muhimbili_tanzania
2022-07-06 08:00:00,22.2,83,19.2,12.4,23.4,0.0,1017.9,129.0,45,,0.09,,1,muhimbili_tanzania
2022-07-06 09:00:00,24.4,73,19.1,16.0,31.0,0.0,1018.5,346.0,46,,0.23,,1,muhimbili_tanzania
2022-07-06 10:00:00,26.0,64,18.8,20.6,41.8,0.0,1018.7,543.0,96,,0.38,,3,muhimbili_tanzania
2022-07-06 11:00:00,27.0,59,18.4,18.6,41.0,0.1,1018.6,640.0,89,,0.46,,51,muhimbili_tanzania
2022-07-06 12:00:00,28.0,55,18.0,17.1,38.2,0.1,1018.1,737.0,35,,0.54,,51,muhimbili_tanzania
2022-07-06 13:00:00,28.3,53,17.8,17.3,37.1,0.0,1017.3,763.0,27,,0.57,,1,muhimbili_tanzania
2022-07-06 14:00:00,28.6,51,17.5,17.9,37.1,0.0,1016.4,717.0,27,,0.55,,1,muhimbili_tanzania
2022-07-06 15:00:00,27.6,58,18.6,19.7,38.2,0.0,1015.2,505.0,28,,0.41,,1,muhimbili_tanzania
2022-07-06 16:00:00,27.5,59,18.8,17.9,39.2,0.0,1015.1,505.0,20,,0.39,,1,muhimbili_tanzania
2022-07-06 17:00:00,26.4,63,18.7,17.3,36.0,0.0,1015.5,305.0,16,,0.26,,0,muhimbili_tanzania
2022-07-06 18:00:00,25.1,70,19.4,15.7,33.5,0.0,1016.1,110.0,29,,0.12,,1,muhimbili_tanzania
2022-07-06 19:00:00,23.9,79,20.0,14.6,28.1,0.0,1016.5,3.0,7,,0.05,,0,muhimbili_tanzania
2022-07-06 20:00:00,23.2,83,20.1,14.5,25.6,0.0,1017.0,0.0,49,,0.03,,1,muhimbili_tanzania
2022-07-06 21:00:00,22.8,86,20.2,12.5,25.2,0.0,1017.4,0.0,46,,0.01,,1,muhimbili_tanzania
2022-07-06 22:00:00,22.5,87,20.3,14.0,24.1,0.0,1017.5,0.0,31,,0.01,,1,muhimbili_tanzania
2022-07-06 23:00:00,22.5,87,20.4,14.5,25.2,0.0,1017.4,0.0,31,,0.01,,1,muhimbili_tanzania
2022-07-07 00:00:00,22.4,88,20.3,13.7,25.6,0.0,1017.4,0.0,1,,0.01,,0,muhimbili_tanzania
2022-07-07 01:00:00,22.3,90,20.5,15.5,27.7,0.0,1017.0,0.0,13,,0.01,,0,muhimbili_tanzania
2022-07-07 02:00:00,22.5,88,20.4,15.7,27.7,0.0,1016.5,0.0,11,,0.02,,0,muhimbili_tanzania
2022-07-07 03:00:00,22.5,84,19.8,14.8,29.2,0.0,1016.4,0.0,28,,0.02,,1,muhimbili_tanzania
2022-07-07 04:00:00,22.5,83,19.4,13.7,25.6,0.0,1016.8,0.0,29,,0.02,,1,muhimbili_tanzania
2022-07-07 05:00:00,22.3,82,19.0,13.6,24.5,0.0,1017.2,0.0,10,,0.02,,0,muhimbili_tanzania
2022-07-07 06:00:00,22.0,85,19.4,11.9,23.0,0.0,1017.6,0.0,14,,0.01,,0,muhimbili_tanzania
2022-07-07 07:00:00,22.1,85,19.4,11.2,20.5,0.0,1018.3,6.0,18,,0.02,,0,muhimbili_tanzania
2022-07-07 08:00:00,24.0,75,19.3,12.9,24.8,0.0,1019.3,121.0,8,,0.11,,0,muhimbili_tanzania
2022-07-07 09:00:00,25.4,67,18.8,14.1,32.4,0.0,1020.0,312.0,17,,0.24,,0,muhimbili_tanzania
2022-07-07 10:00:00,26.3,61,18.2,15.3,34.9,0.0,1019.9,474.0,41,,0.35,,1,muhimbili_tanzania
2022-07-07 11:00:00,26.5,59,17.8,16.1,34.6,0.1,1019.7,497.0,49,,0.38,,51,muhimbili_tanzania
2022-07-07 12:00:00,25.9,65,18.7,13.4,35.3,0.6,1019.2,439.0,21,,0.33,,53,muhimbili_tanzania
2022-07-07 13:00:00,28.1,55,18.3,13.9,34.2,0.0,1018.1,750.0,37,,0.55,,1,muhimbili_tanzania
2022-07-07 14:00:00,28.5,50,16.9,16.9,35.6,0.1,1017.2,718.0,32,,0.55,,51,muhimbili_tanzania
2022-07-07 15:00:00,27.4,52,16.8,17.0,35.6,0.0,1016.5,529.0,30,,0.43,,1,muhimbili_tanzania
2022-07-07 16:00:00,27.0,54,16.9,16.3,34.9,0.0,1016.5,448.0,29,,0.37,,1,muhimbili_tanzania
2022-07-07 17:00:00,26.4,59,17.8,14.8,33.1,0.0,1016.8,268.0,9,,0.24,,0,muhimbili_tanzania
2022-07-07 18:00:00,25.2,65,18.1,12.3,29.2,0.0,1017.3,113.0,10,,0.12,,0,muhimbili_tanzania
2022-07-07 19:00:00,24.1,70,18.3,11.8,22.0,0.0,1017.7,3.0,13,,0.06,,0,muhimbili_tanzania
2022-07-07 20:00:00,23.5,74,18.5,9.6,20.2,0.0,1018.1,0.0,16,,0.03,,0,muhimbili_tanzania
2022-07-07 21:00:00,23.0,75,18.5,10.7,18.7,0.0,1018.6,0.0,29,,0.03,,1,muhimbili_tanzania
2022-07-07 22:00:00,22.7,77,18.5,11.3,19.8,0.0,1019.0,0.0,36,,0.03,,1,muhimbili_tanzania
2022-07-07 23:00:00,22.5,78,18.5,10.9,19.8,0.0,1019.0,0.0,17,,0.02,,0,muhimbili_tanzania
2022-07-08 00:00:00,22.2,80,18.6,11.6,19.4,0.0,1018.9,0.0,36,,0.02,,1,muhimbili_tanzania
2022-07-08 01:00:00,22.2,81,18.8,12.3,21.2,0.0,1018.4,0.0,21,,0.02,,1,muhimbili_tanzania
2022-07-08 02:00:00,21.9,83,18.9,10.4,20.9,0.0,1018.1,0.0,13,,0.01,,0,muhimbili_tanzania
2022-07-08 03:00:00,21.1,87,18.9,8.5,18.0,0.0,1017.7,0.0,16,,0.0,,0,muhimbili_tanzania
2022-07-08 04:00:00,21.0,88,19.0,9.7,16.9,0.0,1018.0,0.0,26,,0.0,,1,muhimbili_tanzania
2022-07-08 05:00:00,21.1,87,18.9,9.8,17.3,0.0,1018.6,0.0,15,,0.01,,0,muhimbili_tanzania
2022-07-08 06:00:00,21.0,86,18.6,8.7,17.6,0.0,1019.2,0.0,12,,0.0,,0,muhimbili_tanzania
2022-07-08 07:00:00,21.3,84,18.5,12.6,20.5,0.0,1019.7,6.0,15,,0.02,,0,muhimbili_tanzania
2022-07-08 08:00:00,22.8,77,18.5,12.9,24.8,0.0,1020.2,122.0,22,,0.1,,1,muhimbili_tanzania
2022-07-08 09:00:00,24.6,68,18.5,16.9,37.1,0.0,1021.0,317.0,16,,0.24,,0,muhimbili_tanzania
2022-07-08 10:00:00,25.9,64,18.6,17.3,39.2,0.1,1021.1,501.0,34,,0.36,,51,muhimbili_tanzania
2022-07-08 11:00:00,26.9,58,17.8,20.7,44.3,0.1,1020.6,648.0,31,,0.47,,51,muhimbili_tanzania
2022-07-08 12:00:00,27.1,55,17.4,21.1,43.9,0.0,1019.9,679.0,20,,0.5,,1,muhimbili_tanzania
2022-07-08 13:00:00,27.6,51,16.5,22.4,45.4,0.1,1019.2,732.0,82,,0.55,,51,muhimbili_tanzania
2022-07-08 14:00:00,28.2,45,15.1,21.1,45.0,0.0,1018.4,710.0,37,,0.56,,1,muhimbili_tanzania
2022-07-08 15:00:00,27.9,45,15.0,21.7,42.5,0.0,1017.9,660.0,38,,0.53,,1,muhimbili_tanzania
2022-07-08 16:00:00,27.5,47,15.1,21.9,43.6,0.0,1017.8,529.0,58,,0.44,,2,muhimbili_tanzania
2022-07-08 17:00:00,26.3,53,16.0,21.3,43.2,0.0,1017.8,319.0,36,,0.3,,1,muhimbili_tanzania
2022-07-08 18:00:00,24.9,63,17.2,18.0,40.3,0.0,1018.1,114.0,25,,0.15,,1,muhimbili_tanzania
2022-07-08 19:00:00,23.6,72,18.2,15.0,31.7,0.0,1018.5,4.0,6,,0.06,,0,muhimbili_tanzania
2022-07-08 20:00:00,23.0,77,18.6,14.0,26.3,0.0,1018.9,0.0,2,,0.04,,0,muhimbili_tanzania
2022-07-08 21:00:00,22.5,79,18.8,12.6,24.1,0.0,1019.4,0.0,1,,0.03,,0,muhimbili_tanzania
2022-07-08 22:00:00,22.4,80,18.8,14.8,26.3,0.0,1019.6,0.0,33,,0.03,,1,muhimbili_tanzania
2022-07-08 23:00:00,22.2,82,19.0,14.9,26.3,0.0,1019.5,0.0,49,,0.03,,1,muhimbili_tanzania
2022-07-09 00:00:00,22.2,82,19.0,14.9,26.6,0.0,1019.1,0.0,35,,0.03,,1,muhimbili_tanzania
2022-07-09 01:00:00,22.0,82,18.8,12.3,25.9,0.0,1018.6,0.0,29,,0.02,,1,muhimbili_tanzania
2022-07-09 02:00:00,21.4,85,18.8,10.8,21.2,0.0,1018.1,0.0,41,,0.01,,1,muhimbili_tanzania
2022-07-09 03:00:00,20.8,90,19.0,10.2,18.4,0.0,1017.6,0.0,52,,0.0,,2,muhimbili_tanzania
2022-07-09 04:00:00,20.4,91,18.9,9.5,17.3,0.0,1017.5,0.0,65,,0.0,,2,muhimbili_tanzania
2022-07-09 05:00:00,20.1,93,18.9,10.0,17.6,0.0,1017.7,0.0,89,,0.0,,3,muhimbili_tanzania
2022-07-09 06:00:00,20.4,91,18.9,13.3,22.3,0.0,1018.2,0.0,71,,0.0,,2,muhimbili_tanzania
2022-07-09 07:00:00,20.6,88,18.6,14.2,26.3,0.0,1018.8,5.0,49,,0.02,,1,muhimbili_tanzania
2022-07-09 08:00:00,22.1,80,18.6,14.9,29.5,0.0,1019.4,114.0,57,,0.09,,2,muhimbili_tanzania
2022-07-09 09:00:00,23.7,73,18.5,19.1,36.4,0.0,1020.1,291.0,70,,0.21,,2,muhimbili_tanzania
2022-07-09 10:00:00,25.0,67,18.5,19.4,40.7,0.0,1019.9,415.0,10,,0.3,,0,muhimbili_tanzania
2022-07-09 11:00:00,26.2,61,18.2,22.0,44.6,0.1,1019.5,652.0,36,,0.45,,51,muhimbili_tanzania
2022-07-09 12:00:00,26.5,57,17.4,21.9,45.0,0.1,1019.3,714.0,39,,0.51,,51,muhimbili_tanzania
2022-07-09 13:00:00,27.4,54,17.4,20.6,44.3,0.1,1018.5,753.0,26,,0.55,,51,muhimbili_tanzania
2022-07-09 14:00:00,27.9,50,16.4,19.7,42.8,0.0,1017.5,701.0,15,,0.54,,0,muhimbili_tanzania
2022-07-09 15:00:00,28.1,46,15.4,19.3,40.3,0.0,1016.5,645.0,13,,0.52,,0,muhimbili_tanzania
2022-07-09 16:00:00,27.4,50,16.1,20.8,40.7,0.0,1016.4,472.0,29,,0.4,,1,muhimbili_tanzania
2022-07-09 17:00:00,26.0,58,17.1,19.9,41.4,0.0,1016.7,313.0,13,,0.28,,0,muhimbili_tanzania
2022-07-09 18:00:00,24.5,69,18.5,16.3,37.8,0.0,1017.1,118.0,13,,0.13,,0,muhimbili_tanzania
2022-07-09 19:00:00,23.3,77,19.0,14.6,29.2,0.0,1017.6,4.0,6,,0.05,,0,muhimbili_tanzania
2022-07-09 20:00:00,22.8,80,19.1,13.1,25.6,0.0,1018.1,0.0,3,,0.03,,0,muhimbili_tanzania
2022-07-09 21:00:00,22.5,82,19.2,13.7,23.8,0.0,1018.6,0.0,4,,0.02,,0,muhimbili_tanzania
2022-07-09 22:00:00,22.2,84,19.4,12.2,23.4,0.0,1018.8,0.0,4,,0.02,,0,muhimbili_tanzania
2022-07-09 23:00:00,22.0,84,19.2,12.3,20.9,0.0,1018.6,0.0,10,,0.02,,0,muhimbili_tanzania
2022-07-10 00:00:00,22.1,83,19.1,13.6,23.4,0.0,1018.3,0.0,3,,0.02,,0,muhimbili_tanzania
2022-07-10 01:00:00,22.1,83,19.1,14.3,24.8,0.0,1017.8,0.0,8,,0.02,,0,muhimbili_tanzania
2022-07-10 02:00:00,21.9,84,19.1,14.9,26.3,0.0,1017.2,0.0,17,,0.02,,0,muhimbili_tanzania
2022-07-10 03:00:00,21.9,82,18.6,15.0,26.6,0.0,1016.7,0.0,11,,0.03,,0,muhimbili_tanzania
2022-07-10 04:00:00,21.4,86,18.9,13.3,26.3,0.0,1016.5,0.0,7,,0.01,,0,muhimbili_tanzania
2022-07-10 05:00:00,21.0,90,19.2,13.0,24.1,0.0,1017.0,0.0,20,,0.01,,1,muhimbili_tanzania
2022-07-10 06:00:00,20.8,90,19.1,12.7,23.0,0.0,1017.7,0.0,51,,0.0,,2,muhimbili_tanzania
2022-07-10 07:00:00,21.0,85,18.4,16.7,28.4,0.0,1018.5,4.0,78,,0.04,,2,muhimbili_tanzania
2022-07-10 08:00:00,21.5,80,18.0,16.6,33.8,0.1,1019.0,80.0,45,,0.08,,51,muhimbili_tanzania
2022-07-10 09:00:00,22.8,76,18.4,18.4,36.7,0.0,1020.1,258.0,100,,0.18,,3,muhimbili_tanzania
2022-07-10 10:00:00,23.4,75,18.7,16.5,37.4,0.4,1019.9,276.0,39,,0.21,,51,muhimbili_tanzania
2022-07-10 11:00:00,24.5,71,19.0,16.4,38.5,0.1,1020.0,539.0,73,,0.36,,51,muhimbili_tanzania
2022-07-10 12:00:00,25.6,65,18.6,16.0,36.7,0.3,1019.2,526.0,48,,0.38,,51,muhimbili_tanzania
2022-07-10 13:00:00,24.2,76,19.8,15.2,40.3,1.0,1018.5,608.0,100,,0.38,,55,muhimbili_tanzania
2022-07-10 14:00:00,25.6,67,18.9,14.7,36.0,0.1,1017.5,523.0,64,,0.37,,51,muhimbili_tanzania
2022-07-10 15:00:00,26.2,56,16.6,14.7,38.9,0.0,1016.4,614.0,74,,0.44,,2,muhimbili_tanzania
2022-07-10 16:00:00,26.4,54,16.3,15.6,31.7,0.0,1015.9,407.0,78,,0.34,,2,muhimbili_tanzania
2022-07-10 17:00:00,25.6,58,16.7,16.8,32.8,0.0,1016.1,266.0,17,,0.24,,0,muhimbili_tanzania
2022-07-10 18:00:00,24.0,68,17.7,14.8,32.8,0.0,1016.5,112.0,16,,0.12,,0,muhimbili_tanzania
2022-07-10 19:00:00,22.8,77,18.5,13.3,26.3,0.0,1017.1,4.0,2,,0.04,,0,muhimbili_tanzania
2022-07-10 20:00:00,22.1,82,18.9,11.6,23.4,0.0,1017.5,0.0,13,,0.02,,0,muhimbili_tanzania
2022-07-10 21:00:00,21.9,84,19.0,11.5,20.9,0.0,1018.2,0.0,16,,0.02,,0,muhimbili_tanzania
2022-07-10 22:00:00,21.8,85,19.0,10.8,19.8,0.0,1018.6,0.0,8,,0.01,,0,muhimbili_tanzania
2022-07-10 23:00:00,21.5,85,19.0,10.2,18.7,0.0,1018.6,0.0,8,,0.01,,0,muhimbili_tanzania
2022-07-11 00:00:00,21.0,88,19.0,8.7,17.3,0.0,1018.5,0.0,10,,0.0,,0,muhimbili_tanzania
2022-07-11 01:00:00,20.6,90,18.9,9.6,16.6,0.0,1018.2,0.0,23,,0.0,,1,muhimbili_tanzania
2022-07-11 02:00:00,20.6,90,18.9,9.8,17.3,0.0,1017.8,0.0,30,,0.0,,1,muhimbili_tanzania
2022-07-11 03:00:00,20.6,89,18.7,10.0,16.9,0.0,1016.6,0.0,25,,0.0,,1,muhimbili_tanzania
2022-07-11 04:00:00,20.4,89,18.5,10.9,19.1,0.0,1016.3,0.0,59,,0.0,,2,muhimbili_tanzania
2022-07-11 05:00:00,20.6,87,18.4,10.1,19.4,0.0,1016.6,0.0,48,,0.01,,1,muhimbili_tanzania
2022-07-11 06:00:00,20.5,87,18.4,8.7,18.0,0.0,1017.4,0.0,21,,0.0,,1,muhimbili_tanzania
2022-07-11 07:00:00,20.5,87,18.3,8.7,15.5,0.0,1018.2,5.0,30,,0.02,,1,muhimbili_tanzania
2022-07-11 08:00:00,22.0,81,18.5,7.2,15.5,0.0,1019.1,116.0,24,,0.08,,1,muhimbili_tanzania
2022-07-11 09:00:00,23.7,73,18.5,8.8,20.9,0.0,1019.7,300.0,7,,0.2,,0,muhimbili_tanzania
2022-07-11 10:00:00,25.2,65,18.0,11.7,26.3,0.1,1019.8,510.0,24,,0.35,,51,muhimbili_tanzania
2022-07-11 11:00:00,26.1,59,17.5,13.7,30.6,0.2,1019.6,648.0,67,,0.45,,51,muhimbili_tanzania
2022-07-11 12:00:00,26.5,56,17.0,14.5,31.7,0.1,1019.1,583.0,50,,0.44,,51,muhimbili_tanzania
2022-07-11 13:00:00,26.6,55,16.9,14.8,32.0,0.2,1018.4,641.0,50,,0.47,,51,muhimbili_tanzania
2022-07-11 14:00:00,26.6,55,16.8,14.7,32.4,0.1,1017.7,620.0,43,,0.46,,51,muhimbili_tanzania
2022-07-11 15:00:00,25.8,64,18.4,16.4,32.4,0.1,1016.6,559.0,23,,0.4,,51,muhimbili_tanzania
2022-07-11 16:00:00,25.5,64,18.1,15.5,33.8,0.1,1016.1,412.0,85,,0.31,,51,muhimbili_tanzania
2022-07-11 17:00:00,24.9,65,17.9,15.8,31.7,0.1,1016.3,176.0,100,,0.18,,51,muhimbili_tanzania
2022-07-11 18:00:00,24.5,66,17.8,14.3,30.2,0.0,1016.8,53.0,100,,0.11,,3,muhimbili_tanzania
2022-07-11 19:00:00,23.9,70,18.1,13.2,25.6,0.0,1017.3,2.0,93,,0.07,,3,muhimbili_tanzania
2022-07-11 20:00:00,23.4,73,18.4,12.1,23.8,0.0,1017.6,0.0,83,,0.04,,3,muhimbili_tanzania
2022-07-11 21:00:00,23.1,75,18.5,11.3,21.2,0.0,1018.6,0.0,43,,0.03,,1,muhimbili_tanzania
2022-07-11 22:00:00,22.5,78,18.5,11.2,20.5,0.0,1018.8,0.0,12,,0.03,,0,muhimbili_tanzania
2022-07-11 23:00:00,22.1,80,18.5,11.4,20.5,0.0,1018.7,0.0,10,,0.02,,0,muhimbili_tanzania
2022-07-12 00:00:00,21.9,82,18.6,11.6,20.5,0.0,1018.7,0.0,11,,0.02,,0,muhimbili_tanzania
2022-07-12 01:00:00,21.6,84,18.8,10.5,20.2,0.0,1018.3,0.0,21,,0.01,,1,muhimbili_tanzania
2022-07-12 02:00:00,21.5,84,18.8,10.9,19.1,0.0,1017.8,0.0,51,,0.01,,2,muhimbili_tanzania
2022-07-12 03:00:00,21.6,84,18.7,12.1,19.8,0.0,1017.3,0.0,45,,0.02,,1,muhimbili_tanzania
2022-07-12 04:00:00,21.2,85,18.6,11.4,20.9,0.0,1016.9,0.0,17,,0.01,,0,muhimbili_tanzania
2022-07-12 05:00:00,21.1,85,18.5,9.7,19.8,0.0,1017.4,0.0,15,,0.01,,0,muhimbili_tanzania
2022-07-12 06:00:00,21.0,84,18.2,9.3,17.3,0.0,1018.3,0.0,17,,0.01,,0,muhimbili_tanzania
2022-07-12 07:00:00,21.0,84,18.0,9.4,16.9,0.0,1018.9,5.0,15,,0.02,,0,muhimbili_tanzania
2022-07-12 08:00:00,22.5,77,18.4,10.4,20.2,0.0,1020.1,121.0,20,,0.09,,1,muhimbili_tanzania
2022-07-12 09:00:00,24.4,69,18.4,12.6,25.2,0.0,1021.1,300.0,48,,0.22,,1,muhimbili_tanzania
2022-07-12 10:00:00,25.2,64,18.0,16.1,36.4,0.0,1021.2,441.0,96,,0.32,,3,muhimbili_tanzania
2022-07-12 11:00:00,26.3,61,18.2,16.4,37.1,0.0,1021.1,589.0,90,,0.42,,3,muhimbili_tanzania
2022-07-12 12:00:00,27.2,56,17.8,15.0,38.2,0.0,1020.4,640.0,98,,0.47,,3,muhimbili_tanzania
2022-07-12 13:00:00,27.6,53,17.2,15.9,37.1,0.0,1019.5,647.0,89,,0.49,,3,muhimbili_tanzania
2022-07-12 14:00:00,28.4,45,15.4,15.8,34.2,0.1,1018.4,703.0,74,,0.55,,51,muhimbili_tanzania
2022-07-12 15:00:00,25.6,63,18.2,13.3,34.2,0.0,1018.4,615.0,39,,0.42,,1,muhimbili_tanzania
2022-07-12 16:00:00,26.0,62,18.0,14.2,28.8,0.0,1017.9,264.0,95,,0.24,,3,muhimbili_tanzania
2022-07-12 17:00:00,25.7,62,17.9,14.8,29.2,0.0,1018.0,202.0,11,,0.2,,0,muhimbili_tanzania
2022-07-12 18:00:00,24.8,67,18.1,13.7,29.5,0.0,1018.3,110.0,5,,0.12,,0,muhimbili_tanzania
2022-07-12 19:00:00,23.6,72,18.2,11.4,24.5,0.0,1018.9,4.0,19,,0.05,,0,muhimbili_tanzania
2022-07-12 20:00:00,23.0,74,18.2,10.8,20.2,0.0,1019.2,0.0,6,,0.03,,0,muhimbili_tanzania
2022-07-12 21:00:00,22.2,78,18.3,10.2,18.7,0.0,1019.6,0.0,2,,0.02,,0,muhimbili_tanzania
2022-07-12 22:00:00,21.6,83,18.5,10.0,18.0,0.0,1019.6,0.0,0,,0.01,,0,muhimbili_tanzania
2022-07-12 23:00:00,21.2,86,18.8,10.2,17.6,0.0,1019.5,0.0,3,,0.01,,0,muhimbili_tanzania
2022-07-13 00:00:00,20.9,88,18.9,10.2,18.4,0.0,1019.3,0.0,4,,0.0,,0,muhimbili_tanzania
2022-07-13 01:00:00,20.7,90,19.0,9.6,18.4,0.0,1018.6,0.0,3,,0.0,,0,muhimbili_tanzania
2022-07-13 02:00:00,20.6,91,19.1,10.0,17.6,0.0,1018.0,0.0,6,,0.0,,0,muhimbili_tanzania
2022-07-13 03:00:00,20.3,93,19.1,9.3,17.6,0.0,1017.5,0.0,7,,0.0,,0,muhimbili_tanzania
2022-07-13 04:00:00,20.1,94,19.1,10.3,18.0,0.0,1017.1,0.0,6,,0.0,,0,muhimbili_tanzania
2022-07-13 05:00:00,20.1,94,19.0,10.4,18.7,0.0,1017.5,0.0,8,,0.0,,0,muhimbili_tanzania
2022-07-13 06:00:00,20.0,94,19.0,10.3,18.4,0.0,1018.0,0.0,29,,0.0,,1,muhimbili_tanzania
2022-07-13 07:00:00,20.5,91,19.0,12.3,21.2,0.0,1018.6,5.0,100,,0.01,,3,muhimbili_tanzania
2022-07-13 08:00:00,22.1,83,19.0,14.4,26.6,0.0,1019.4,102.0,20,,0.08,,1,muhimbili_tanzania
2022-07-13 09:00:00,24.0,74,19.0,15.6,32.0,0.0,1020.0,308.0,26,,0.21,,1,muhimbili_tanzania
2022-07-13 10:00:00,25.7,65,18.6,16.8,34.9,0.0,1019.9,506.0,30,,0.36,,1,muhimbili_tanzania
2022-07-13 11:00:00,27.0,58,17.9,17.0,36.4,0.0,1019.2,678.0,22,,0.48,,1,muhimbili_tanzania
2022-07-13 12:00:00,28.2,50,16.8,16.3,36.4,0.0,1018.3,759.0,29,,0.57,,1,muhimbili_tanzania
2022-07-13 13:00:00,29.0,43,15.1,17.6,36.7,0.0,1017.3,740.0,33,,0.59,,1,muhimbili_tanzania
2022-07-13 14:00:00,29.3,40,14.2,18.9,38.9,0.0,1016.4,718.0,71,,0.59,,2,muhimbili_tanzania
2022-07-13 15:00:00,28.8,48,16.5,18.3,40.7,0.0,1015.3,595.0,100,,0.49,,3,muhimbili_tanzania
2022-07-13 16:00:00,28.1,49,16.3,21.2,41.0,0.0,1015.0,387.0,100,,0.38,,3,muhimbili_tanzania
2022-07-13 17:00:00,26.7,51,15.8,20.3,41.0,0.0,1015.3,160.0,100,,0.24,,3,muhimbili_tanzania
2022-07-13 18:00:00,24.9,65,17.9,18.4,38.2,0.0,1015.9,49.0,100,,0.13,,3,muhimbili_tanzania
2022-07-13 19:00:00,24.3,76,19.7,17.6,33.5,0.0,1016.5,1.0,100,,0.08,,3,muhimbili_tanzania
2022-07-13 20:00:00,24.0,78,19.9,17.4,32.8,0.0,1016.9,0.0,100,,0.05,,3,muhimbili_tanzania
2022-07-13 21:00:00,23.8,82,20.4,14.3,30.6,0.5,1017.7,0.0,100,,0.03,,53,muhimbili_tanzania
2022-07-13 22:00:00,23.6,83,20.5,17.0,31.0,0.6,1018.0,0.0,100,,0.03,,53,muhimbili_tanzania
2022-07-13 23:00:00,23.6,79,19.8,14.2,29.9,0.2,1018.0,0.0,100,,0.03,,51,muhimbili_tanzania
2022-07-14 00:00:00,23.8,79,19.8,17.4,29.5,0.0,1017.4,0.0,100,,0.04,,3,muhimbili_tanzania
2022-07-14 01:00:00,23.5,82,20.3,15.8,30.6,0.0,1017.0,0.0,62,,0.03,,2,muhimbili_tanzania
2022-07-14 02:00:00,23.4,85,20.6,15.3,27.4,0.0,1016.2,0.0,100,,0.02,,3,muhimbili_tanzania
2022-07-14 03:00:00,23.0,81,19.5,15.7,26.6,0.0,1015.9,0.0,100,,0.03,,3,muhimbili_tanzania
2022-07-14 04:00:00,23.2,81,19.9,14.0,28.4,0.0,1015.7,0.0,100,,0.03,,3,muhimbili_tanzania
2022-07-14 05:00:00,23.0,84,20.2,12.6,25.2,0.1,1015.9,0.0,100,,0.02,,51,muhimbili_tanzania
2022-07-14 06:00:00,23.0,85,20.2,11.5,21.2,0.1,1015.8,0.0,100,,0.02,,51,muhimbili_tanzania
2022-07-14 07:00:00,23.0,85,20.2,13.1,22.0,0.0,1016.0,2.0,100,,0.04,,3,muhimbili_tanzania
2022-07-14 08:00:00,23.6,80,20.0,14.6,27.0,0.0,1016.6,51.0,100,,0.08,,3,muhimbili_tanzania
2022-07-14 09:00:00,24.0,78,20.0,14.5,31.3,0.3,1017.5,103.0,100,,0.11,,51,muhimbili_tanzania
2022-07-14 10:00:00,23.5,81,20.1,16.1,33.8,0.6,1017.8,105.0,100,,0.11,,53,muhimbili_tanzania
2022-07-14 11:00:00,23.6,82,20.4,13.7,30.2,0.1,1017.7,141.0,100,,0.13,,51,muhimbili_tanzania
2022-07-14 12:00:00,23.5,84,20.6,15.5,31.0,1.0,1017.3,163.0,100,,0.14,,55,muhimbili_tanzania
2022-07-14 13:00:00,23.6,86,21.1,12.8,28.1,0.4,1016.7,160.0,100,,0.13,,51,muhimbili_tanzania
2022-07-14 14:00:00,24.0,84,21.1,12.3,26.6,0.0,1015.8,178.0,100,,0.14,,3,muhimbili_tanzania
2022-07-14 15:00:00,26.2,69,20.0,12.7,33.1,0.2,1014.6,439.0,100,,0.32,,51,muhimbili_tanzania
2022-07-14 16:00:00,27.1,58,18.2,16.0,31.7,0.0,1014.2,420.0,100,,0.34,,3,muhimbili_tanzania
2022-07-14 17:00:00,26.5,60,18.0,16.2,32.0,0.0,1014.0,202.0,33,,0.22,,1,muhimbili_tanzania
2022-07-14 18:00:00,25.3,68,19.0,13.6,30.2,0.0,1014.6,99.0,36,,0.12,,1,muhimbili_tanzania
2022-07-14 19:00:00,24.1,77,19.8,13.1,23.8,0.0,1015.1,4.0,21,,0.05,,1,muhimbili_tanzania
2022-07-14 20:00:00,23.6,80,20.0,13.4,23.0,0.0,1015.6,0.0,17,,0.03,,0,muhimbili_tanzania
2022-07-14 21:00:00,23.4,81,19.9,13.2,23.0,0.0,1016.4,0.0,16,,0.03,,0,muhimbili_tanzania
2022-07-14 22:00:00,23.1,83,20.1,14.0,24.1,0.0,1016.7,0.0,17,,0.02,,0,muhimbili_tanzania
2022-07-14 23:00:00,23.0,86,20.5,12.7,24.1,0.0,1016.5,0.0,24,,0.01,,1,muhimbili_tanzania
2022-07-15 00:00:00,22.9,86,20.5,12.9,22.3,0.0,1016.2,0.0,58,,0.01,,2,muhimbili_tanzania
2022-07-15 01:00:00,22.8,87,20.5,13.1,23.4,0.0,1015.6,0.0,91,,0.01,,3,muhimbili_tanzania
2022-07-15 02:00:00,23.0,83,20.0,13.8,23.8,0.0,1015.1,0.0,91,,0.02,,3,muhimbili_tanzania
2022-07-15 03:00:00,23.6,78,19.5,16.9,24.5,0.0,1014.4,0.0,100,,0.05,,3,muhimbili_tanzania
2022-07-15 04:00:00,23.6,78,19.6,16.4,30.6,0.0,1014.4,0.0,95,,0.04,,3,muhimbili_tanzania
2022-07-15 05:00:00,23.5,80,19.9,14.7,28.8,0.0,1014.7,0.0,26,,0.03,,1,muhimbili_tanzania
2022-07-15 06:00:00,23.4,79,19.5,15.6,27.0,0.0,1014.9,0.0,99,,0.04,,3,muhimbili_tanzania
2022-07-15 07:00:00,23.5,79,19.6,16.4,28.8,0.0,1015.3,4.0,100,,0.06,,3,muhimbili_tanzania
2022-07-15 08:00:00,24.9,71,19.3,18.2,34.2,0.0,1016.3,91.0,100,,0.12,,3,muhimbili_tanzania
2022-07-15 09:00:00,25.9,66,19.0,18.9,35.6,0.0,1017.3,169.0,100,,0.19,,3,muhimbili_tanzania
2022-07-15 10:00:00,26.5,62,18.6,20.1,41.8,0.0,1017.6,236.0,100,,0.25,,3,muhimbili_tanzania
2022-07-15 11:00:00,28.0,57,18.8,21.1,45.0,0.0,1017.4,462.0,52,,0.39,,2,muhimbili_tanzania
2022-07-15 12:00:00,28.2,55,18.4,20.9,45.4,0.0,1017.0,513.0,100,,0.43,,3,muhimbili_tanzania
2022-07-15 13:00:00,27.5,60,19.0,20.3,44.6,0.0,1016.5,516.0,100,,0.41,,3,muhimbili_tanzania
2022-07-15 14:00:00,27.5,57,18.4,19.5,42.8,0.0,1015.8,447.0,100,,0.38,,3,muhimbili_tanzania
2022-07-15 15:00:00,25.6,69,19.6,17.9,42.1,0.0,1015.6,396.0,77,,0.3,,2,muhimbili_tanzania
2022-07-15 16:00:00,25.0,73,19.8,15.6,35.3,0.1,1015.6,138.0,100,,0.15,,51,muhimbili_tanzania
2022-07-15 17:00:00,25.2,73,20.0,15.3,29.9,0.0,1015.2,144.0,100,,0.15,,3,muhimbili_tanzania
2022-07-15 18:00:00,24.9,75,20.1,15.6,29.5,0.0,1015.5,57.0,100,,0.1,,3,muhimbili_tanzania
2022-07-15 19:00:00,24.2,79,20.3,14.0,28.1,0.0,1015.9,3.0,100,,0.05,,3,muhimbili_tanzania
2022-07-15 20:00:00,24.0,81,20.4,15.4,27.0,0.0,1016.1,0.0,100,,0.03,,3,muhimbili_tanzania
2022-07-15 21:00:00,23.9,80,20.2,16.8,29.2,0.0,1016.8,0.0,100,,0.04,,3,muhimbili_tanzania
2022-07-15 22:00:00,23.8,81,20.2,16.5,29.9,0.0,1017.2,0.0,100,,0.04,,3,muhimbili_tanzania
2022-07-15 23:00:00,23.8,80,20.1,16.3,29.5,0.0,1017.0,0.0,100,,0.04,,3,muhimbili_tanzania
2022-07-16 00:00:00,23.5,82,20.2,15.4,29.2,0.0,1017.0,0.0,100,,0.03,,3,muhimbili_tanzania
2022-07-16 01:00:00,23.4,84,20.5,13.9,27.0,0.0,1016.6,0.0,100,,0.02,,3,muhimbili_tanzania
2022-07-16 02:00:00,23.2,85,20.6,13.2,24.8,0.0,1016.2,0.0,100,,0.02,,3,muhimbili_tanzania
2022-07-16 03:00:00,23.1,86,20.6,11.6,23.4,0.0,1015.4,0.0,100,,0.01,,3,muhimbili_tanzania
2022-07-16 04:00:00,23.0,86,20.5,11.2,20.9,0.0,1015.4,0.0,100,,0.01,,3,muhimbili_tanzania
2022-07-16 05:00:00,22.8,87,20.5,11.1,19.8,0.0,1015.8,0.0,100,,0.01,,3,muhimbili_tanzania
2022-07-16 06:00:00,22.6,87,20.4,11.0,19.4,0.0,1016.3,0.0,100,,0.01,,3,muhimbili_tanzania
2022-07-16 07:00:00,22.5,88,20.4,11.9,20.9,0.0,1016.7,3.0,100,,0.03,,3,muhimbili_tanzania
2022-07-16 08:00:00,23.7,79,19.9,13.5,27.7,0.0,1017.4,85.0,99,,0.09,,3,muhimbili_tanzania
2022-07-16 09:00:00,25.1,72,19.8,14.8,31.3,0.0,1018.2,281.0,69,,0.21,,2,muhimbili_tanzania
2022-07-16 10:00:00,26.5,64,19.0,18.6,41.8,0.0,1018.5,461.0,32,,0.35,,1,muhimbili_tanzania
2022-07-16 11:00:00,27.4,59,18.6,21.0,43.6,0.1,1018.1,676.0,28,,0.49,,51,muhimbili_tanzania
2022-07-16 12:00:00,27.4,60,18.9,21.3,43.9,0.1,1017.7,686.0,40,,0.5,,51,muhimbili_tanzania
2022-07-16 13:00:00,27.4,60,18.9,20.3,44.3,0.0,1017.2,621.0,41,,0.46,,1,muhimbili_tanzania
2022-07-16 14:00:00,27.7,59,19.0,20.7,43.9,0.0,1016.6,685.0,53,,0.5,,2,muhimbili_tanzania
2022-07-16 15:00:00,27.1,61,19.0,19.3,45.0,0.0,1016.1,579.0,58,,0.43,,2,muhimbili_tanzania
2022-07-16 16:00:00,26.9,56,17.5,22.0,41.8,0.1,1015.7,422.0,48,,0.36,,51,muhimbili_tanzania
2022-07-16 17:00:00,25.5,68,19.1,18.4,42.8,0.0,1015.9,217.0,54,,0.2,,2,muhimbili_tanzania
2022-07-16 18:00:00,24.9,71,19.2,15.9,34.9,0.0,1015.8,110.0,49,,0.12,,1,muhimbili_tanzania
2022-07-16 19:00:00,23.7,78,19.6,12.2,28.4,0.0,1016.0,4.0,100,,0.04,,3,muhimbili_tanzania
2022-07-16 20:00:00,23.1,80,19.6,12.2,22.0,0.0,1016.1,0.0,80,,0.03,,3,muhimbili_tanzania
2022-07-16 21:00:00,22.7,83,19.7,10.2,21.2,0.0,1016.8,0.0,53,,0.01,,2,muhimbili_tanzania
2022-07-16 22:00:00,22.4,83,19.3,9.9,18.0,0.0,1016.9,0.0,1,,0.01,,0,muhimbili_tanzania
2022-07-16 23:00:00,22.0,81,18.7,9.4,17.6,0.0,1017.0,0.0,13,,0.01,,0,muhimbili_tanzania
2022-07-17 00:00:00,21.5,83,18.5,10.9,19.1,0.0,1017.1,0.0,44,,0.02,,1,muhimbili_tanzania
2022-07-17 01:00:00,21.2,87,19.0,9.6,19.8,0.0,1016.9,0.0,13,,0.0,,0,muhimbili_tanzania
2022-07-17 02:00:00,21.1,90,19.5,10.8,18.4,0.0,1016.3,0.0,6,,0.0,,0,muhimbili_tanzania
2022-07-17 03:00:00,21.4,91,19.9,11.2,19.4,0.0,1015.8,0.0,13,,0.0,,0,muhimbili_tanzania
2022-07-17 04:00:00,21.0,93,19.8,10.9,19.1,0.0,1015.8,0.0,1,,0.0,,0,muhimbili_tanzania
2022-07-17 05:00:00,21.0,92,19.6,10.8,19.4,0.0,1016.3,0.0,7,,0.0,,0,muhimbili_tanzania
2022-07-17 06:00:00,20.6,93,19.4,10.0,19.1,0.0,1016.7,0.0,20,,0.0,,1,muhimbili_tanzania
2022-07-17 07:00:00,20.5,91,19.1,10.0,18.0,0.0,1017.3,6.0,62,,0.01,,2,muhimbili_tanzania
2022-07-17 08:00:00,22.2,83,19.3,10.6,20.5,0.0,1018.1,117.0,48,,0.08,,1,muhimbili_tanzania
2022-07-17 09:00:00,24.2,73,19.2,12.6,25.6,0.0,1019.0,293.0,82,,0.21,,3,muhimbili_tanzania
2022-07-17 10:00:00,25.8,66,19.0,14.4,35.3,0.0,1019.2,437.0,52,,0.32,,2,muhimbili_tanzania
2022-07-17 11:00:00,26.9,63,19.1,15.9,37.1,0.0,1018.8,589.0,57,,0.42,,2,muhimbili_tanzania
2022-07-17 12:00:00,27.8,55,17.8,20.4,41.0,0.0,1018.2,697.0,80,,0.52,,3,muhimbili_tanzania
2022-07-17 13:00:00,26.9,60,18.4,19.5,43.9,0.4,1017.4,564.0,89,,0.43,,51,muhimbili_tanzania
2022-07-17 14:00:00,27.9,52,17.0,19.2,41.4,0.0,1016.7,567.0,79,,0.46,,2,muhimbili_tanzania
2022-07-17 15:00:00,26.9,57,17.8,16.7,41.4,0.0,1016.2,638.0,55,,0.46,,2,muhimbili_tanzania
2022-07-17 16:00:00,27.2,54,17.1,18.3,35.6,0.0,1016.0,375.0,100,,0.34,,3,muhimbili_tanzania
2022-07-17 17:00:00,26.2,58,17.3,18.0,36.4,0.0,1016.2,212.0,82,,0.23,,3,muhimbili_tanzania
2022-07-17 18:00:00,25.0,65,18.0,14.8,34.2,0.0,1016.5,96.0,30,,0.13,,1,muhimbili_tanzania
2022-07-17 19:00:00,23.9,74,18.9,11.8,25.9,0.0,1016.5,4.0,24,,0.05,,1,muhimbili_tanzania
2022-07-17 20:00:00,23.1,80,19.5,10.8,20.5,0.0,1016.9,0.0,24,,0.02,,1,muhimbili_tanzania
2022-07-17 21:00:00,22.8,82,19.6,10.8,19.1,0.0,1017.2,0.0,14,,0.02,,0,muhimbili_tanzania
2022-07-17 22:00:00,22.4,86,19.8,9.5,18.7,0.0,1017.7,0.0,8,,0.01,,0,muhimbili_tanzania
2022-07-17 23:00:00,22.0,88,20.0,9.4,17.3,0.0,1017.9,0.0,2,,0.0,,0,muhimbili_tanzania
2022-07-18 00:00:00,21.8,91,20.2,10.1,16.9,0.0,1017.9,0.0,8,,0.0,,0,muhimbili_tanzania
2022-07-18 01:00:00,21.8,92,20.5,11.2,19.4,0.0,1017.6,0.0,20,,0.0,,1,muhimbili_tanzania
2022-07-18 02:00:00,22.0,91,20.5,11.2,19.8,0.0,1017.3,0.0,17,,0.0,,0,muhimbili_tanzania
2022-07-18 03:00:00,21.8,91,20.1,9.7,19.8,0.0,1016.7,0.0,34,,0.0,,1,muhimbili_tanzania
2022-07-18 04:00:00,21.8,88,19.7,9.7,17.6,0.0,1016.8,0.0,28,,0.0,,1,muhimbili_tanzania
2022-07-18 05:00:00,21.8,85,19.2,11.6,19.4,0.0,1017.1,0.0,52,,0.01,,2,muhimbili_tanzania
2022-07-18 06:00:00,21.6,84,18.8,8.8,19.8,0.0,1017.4,0.0,44,,0.01,,1,muhimbili_tanzania
2022-07-18 07:00:00,21.5,85,18.9,11.2,19.4,0.0,1017.9,5.0,54,,0.02,,2,muhimbili_tanzania
2022-07-18 08:00:00,23.0,78,18.9,14.8,28.1,0.0,1018.6,93.0,55,,0.09,,2,muhimbili_tanzania
2022-07-18 09:00:00,24.2,72,18.8,18.9,36.7,0.0,1019.2,281.0,79,,0.21,,2,muhimbili_tanzania
2022-07-18 10:00:00,24.6,70,18.9,17.5,38.9,0.0,1019.3,346.0,47,,0.26,,1,muhimbili_tanzania
2022-07-18 11:00:00,26.4,65,19.3,17.8,38.2,0.0,1018.8,602.0,17,,0.42,,0,muhimbili_tanzania
2022-07-18 12:00:00,27.1,61,18.9,18.3,40.7,0.0,1018.4,732.0,66,,0.51,,2,muhimbili_tanzania
2022-07-18 13:00:00,26.6,61,18.5,18.9,42.1,0.1,1017.7,642.0,44,,0.46,,51,muhimbili_tanzania
2022-07-18 14:00:00,27.2,57,18.0,19.3,40.3,0.1,1016.8,637.0,54,,0.48,,51,muhimbili_tanzania
2022-07-18 15:00:00,26.2,62,18.4,19.6,41.8,0.4,1016.3,426.0,60,,0.34,,51,muhimbili_tanzania
2022-07-18 16:00:00,25.2,67,18.7,18.5,37.8,0.1,1016.1,193.0,67,,0.2,,51,muhimbili_tanzania
2022-07-18 17:00:00,25.0,69,18.9,17.9,37.8,0.1,1016.1,232.0,25,,0.2,,51,muhimbili_tanzania
2022-07-18 18:00:00,24.1,73,19.0,14.5,33.8,0.0,1016.3,117.0,12,,0.11,,0,muhimbili_tanzania
2022-07-18 19:00:00,23.1,79,19.3,11.2,25.2,0.0,1016.7,5.0,6,,0.03,,0,muhimbili_tanzania
2022-07-18 20:00:00,22.8,81,19.4,11.8,20.9,0.0,1016.9,0.0,4,,0.02,,0,muhimbili_tanzania
2022-07-18 21:00:00,22.4,83,19.4,12.8,22.0,0.0,1017.5,0.0,1,,0.02,,0,muhimbili_tanzania
2022-07-18 22:00:00,22.1,85,19.5,13.1,22.7,0.0,1017.8,0.0,1,,0.02,,0,muhimbili_tanzania
2022-07-18 23:00:00,21.8,87,19.5,12.8,22.7,0.0,1017.9,0.0,2,,0.01,,0,muhimbili_tanzania
2022-07-19 00:00:00,21.6,88,19.5,12.2,23.0,0.0,1017.7,0.0,0,,0.01,,0,muhimbili_tanzania
2022-07-19 01:00:00,21.4,89,19.5,12.2,22.0,0.0,1017.3,0.0,2,,0.01,,0,muhimbili_tanzania
2022-07-19 02:00:00,21.1,89,19.4,10.9,21.2,0.0,1016.9,0.0,9,,0.0,,0,muhimbili_tanzania
2022-07-19 03:00:00,21.2,89,19.5,9.4,19.1,0.0,1016.3,0.0,9,,0.0,,0,muhimbili_tanzania
2022-07-19 04:00:00,21.0,91,19.4,8.6,16.6,0.0,1016.4,0.0,12,,0.0,,0,muhimbili_tanzania
2022-07-19 05:00:00,20.8,91,19.3,10.5,17.6,0.0,1016.7,0.0,84,,0.0,,3,muhimbili_tanzania
2022-07-19 06:00:00,21.1,88,19.0,12.3,21.6,0.0,1017.2,0.0,98,,0.01,,3,muhimbili_tanzania
2022-07-19 07:00:00,21.0,87,18.8,14.6,25.2,0.2,1017.7,4.0,100,,0.03,,51,muhimbili_tanzania
2022-07-19 08:00:00,21.5,85,19.0,13.2,28.1,0.5,1018.5,59.0,99,,0.06,,53,muhimbili_tanzania
2022-07-19 09:00:00,22.4,83,19.4,15.6,30.2,0.1,1019.3,170.0,98,,0.13,,51,muhimbili_tanzania
2022-07-19 10:00:00,23.8,75,19.1,20.5,39.6,0.0,1019.5,357.0,99,,0.25,,3,muhimbili_tanzania
2022-07-19 11:00:00,24.5,71,19.0,22.6,43.6,0.2,1019.6,515.0,98,,0.34,,51,muhimbili_tanzania
2022-07-19 12:00:00,25.1,69,19.0,18.4,44.3,0.2,1018.9,461.0,61,,0.33,,51,muhimbili_tanzania
2022-07-19 13:00:00,26.5,64,19.3,17.6,39.6,0.0,1018.2,756.0,89,,0.51,,3,muhimbili_tanzania
2022-07-19 14:00:00,24.0,76,19.5,16.5,39.6,1.0,1017.8,548.0,100,,0.35,,55,muhimbili_tanzania
2022-07-19 15:00:00,24.5,73,19.3,16.7,34.6,0.1,1017.1,363.0,89,,0.27,,51,muhimbili_tanzania
2022-07-19 16:00:00,23.7,76,19.2,16.6,34.9,0.1,1017.0,184.0,100,,0.16,,51,muhimbili_tanzania
2022-07-19 17:00:00,23.5,77,19.2,15.8,32.0,0.0,1017.0,88.0,100,,0.11,,3,muhimbili_tanzania
2022-07-19 18:00:00,23.0,81,19.5,13.0,29.5,0.0,1017.3,50.0,90,,0.07,,3,muhimbili_tanzania
2022-07-19 19:00:00,22.5,83,19.6,10.1,24.1,0.0,1017.6,3.0,48,,0.03,,1,muhimbili_tanzania
2022-07-19 20:00:00,22.1,86,19.7,9.8,18.0,0.0,1018.0,0.0,37,,0.01,,1,muhimbili_tanzania
2022-07-19 21:00:00,21.9,88,19.8,9.1,17.6,0.0,1018.0,0.0,36,,0.0,,1,muhimbili_tanzania
2022-07-19 22:00:00,21.5,90,19.8,9.7,17.3,0.0,1018.2,0.0,15,,0.0,,0,muhimbili_tanzania
2022-07-19 23:00:00,21.3,91,19.8,10.9,19.1,0.0,1018.0,0.0,14,,0.0,,0,muhimbili_tanzania
2022-07-20 00:00:00,21.2,91,19.7,10.3,19.1,0.0,1017.9,0.0,18,,0.0,,0,muhimbili_tanzania
2022-07-20 01:00:00,21.2,91,19.7,11.4,20.5,0.0,1017.8,0.0,54,,0.0,,2,muhimbili_tanzania
2022-07-20 02:00:00,21.4,90,19.6,12.0,22.3,0.0,1017.3,0.0,39,,0.0,,1,muhimbili_tanzania
2022-07-20 03:00:00,21.5,89,19.6,10.8,26.3,0.0,1016.8,0.0,43,,0.0,,1,muhimbili_tanzania
2022-07-20 04:00:00,21.1,89,19.3,14.1,24.8,0.0,1016.8,0.0,68,,0.01,,2,muhimbili_tanzania
2022-07-20 05:00:00,21.0,88,18.9,9.3,24.8,0.0,1016.9,0.0,46,,0.0,,1,muhimbili_tanzania
2022-07-20 06:00:00,20.4,91,18.8,10.0,17.3,0.0,1017.8,0.0,62,,0.0,,2,muhimbili_tanzania
2022-07-20 07:00:00,20.5,90,18.8,11.2,19.1,0.1,1018.3,4.0,78,,0.02,,51,muhimbili_tanzania
2022-07-20 08:00:00,21.7,81,18.4,11.9,23.0,0.0,1019.0,77.0,38,,0.07,,1,muhimbili_tanzania
2022-07-20 09:00:00,22.9,77,18.8,15.2,31.0,0.0,1019.7,251.0,75,,0.17,,2,muhimbili_tanzania
2022-07-20 10:00:00,24.0,73,18.8,16.4,35.3,0.0,1019.6,367.0,61,,0.26,,2,muhimbili_tanzania
2022-07-20 11:00:00,25.0,68,18.8,15.9,36.0,0.1,1019.3,531.0,24,,0.36,,51,muhimbili_tanzania
2022-07-20 12:00:00,26.4,60,18.0,16.8,38.5,0.2,1018.5,759.0,35,,0.52,,51,muhimbili_tanzania
2022-07-20 13:00:00,27.5,51,16.5,16.6,36.0,0.1,1017.5,748.0,23,,0.55,,51,muhimbili_tanzania
2022-07-20 14:00:00,28.0,49,16.1,17.7,37.1,0.0,1016.6,780.0,10,,0.58,,0,muhimbili_tanzania
2022-07-20 15:00:00,26.6,53,16.4,20.0,37.4,0.0,1016.3,680.0,14,,0.5,,0,muhimbili_tanzania
2022-07-20 16:00:00,25.1,62,17.5,17.6,40.3,0.0,1016.3,399.0,57,,0.31,,2,muhimbili_tanzania
2022-07-20 17:00:00,23.8,70,18.0,20.2,37.1,0.2,1016.3,269.0,70,,0.21,,51,muhimbili_tanzania
2022-07-20 18:00:00,22.2,81,18.8,13.0,38.9,0.2,1016.7,60.0,57,,0.07,,51,muhimbili_tanzania
2022-07-20 19:00:00,21.9,84,19.1,11.1,24.5,0.0,1017.0,3.0,40,,0.03,,1,muhimbili_tanzania
2022-07-20 20:00:00,21.6,86,19.2,10.2,20.2,0.0,1017.6,0.0,24,,0.01,,1,muhimbili_tanzania
2022-07-20 21:00:00,21.5,86,19.2,13.0,23.0,0.0,1018.1,0.0,41,,0.01,,1,muhimbili_tanzania
2022-07-20 22:00:00,21.2,86,18.8,13.3,24.1,0.0,1018.3,0.0,45,,0.01,,1,muhimbili_tanzania
2022-07-20 23:00:00,20.9,87,18.6,10.5,23.8,0.0,1018.1,0.0,44,,0.01,,1,muhimbili_tanzania
2022-07-21 00:00:00,20.6,87,18.5,10.7,18.7,0.0,1017.8,0.0,24,,0.01,,1,muhimbili_tanzania
2022-07-21 01:00:00,20.4,89,18.5,10.3,19.1,0.0,1017.4,0.0,10,,0.0,,0,muhimbili_tanzania
2022-07-21 02:00:00,20.5,89,18.5,9.7,18.4,0.0,1016.9,0.0,22,,0.0,,1,muhimbili_tanzania
2022-07-21 03:00:00,20.4,91,18.9,10.6,18.4,0.0,1016.2,0.0,26,,0.0,,1,muhimbili_tanzania
2022-07-21 04:00:00,20.3,91,18.9,11.4,20.2,0.0,1016.2,0.0,52,,0.0,,2,muhimbili_tanzania
2022-07-21 05:00:00,20.4,90,18.8,12.6,22.7,0.0,1016.5,0.0,54,,0.0,,2,muhimbili_tanzania
2022-07-21 06:00:00,20.7,86,18.2,13.8,25.2,0.0,1016.9,0.0,71,,0.01,,2,muhimbili_tanzania
2022-07-21 07:00:00,20.8,84,18.0,12.8,24.5,0.0,1017.5,4.0,50,,0.03,,2,muhimbili_tanzania
2022-07-21 08:00:00,21.6,82,18.5,11.3,23.8,0.0,1018.0,102.0,52,,0.08,,2,muhimbili_tanzania
2022-07-21 09:00:00,23.0,76,18.6,13.1,25.6,0.1,1018.9,231.0,60,,0.17,,51,muhimbili_tanzania
2022-07-21 10:00:00,24.3,70,18.5,15.9,33.8,0.3,1018.8,404.0,54,,0.28,,51,muhimbili_tanzania
2022-07-21 11:00:00,25.0,66,18.1,16.8,37.8,0.1,1018.7,544.0,100,,0.38,,51,muhimbili_tanzania
2022-07-21 12:00:00,24.8,67,18.1,14.4,37.4,0.1,1018.3,445.0,75,,0.33,,51,muhimbili_tanzania
2022-07-21 13:00:00,26.0,64,18.6,16.3,38.2,0.4,1017.5,605.0,61,,0.43,,51,muhimbili_tanzania
2022-07-21 14:00:00,26.7,57,17.5,19.5,41.4,0.0,1016.8,634.0,61,,0.47,,2,muhimbili_tanzania
2022-07-21 15:00:00,26.1,58,17.2,18.7,40.3,0.2,1016.2,572.0,44,,0.42,,51,muhimbili_tanzania
2022-07-21 16:00:00,26.3,56,16.9,18.5,37.8,0.1,1015.7,502.0,20,,0.39,,51,muhimbili_tanzania
2022-07-21 17:00:00,25.1,65,18.0,18.7,37.8,0.1,1016.0,306.0,32,,0.25,,51,muhimbili_tanzania
2022-07-21 18:00:00,24.3,69,18.1,15.2,35.3,0.0,1016.4,105.0,25,,0.12,,1,muhimbili_tanzania
2022-07-21 19:00:00,23.0,76,18.6,13.0,27.4,0.0,1016.8,4.0,17,,0.05,,0,muhimbili_tanzania
2022-07-21 20:00:00,22.5,79,18.6,12.8,23.0,0.0,1017.3,0.0,9,,0.03,,0,muhimbili_tanzania
2022-07-21 21:00:00,22.4,79,18.6,13.1,22.3,0.0,1018.0,0.0,14,,0.03,,0,muhimbili_tanzania
2022-07-21 22:00:00,22.4,79,18.5,13.2,23.4,0.0,1018.3,0.0,20,,0.03,,1,muhimbili_tanzania
2022-07-21 23:00:00,22.2,79,18.4,13.7,23.8,0.0,1018.4,0.0,12,,0.03,,0,muhimbili_tanzania
2022-07-22 00:00:00,22.1,78,18.1,13.4,23.8,0.0,1018.2,0.0,6,,0.03,,0,muhimbili_tanzania
2022-07-22 01:00:00,21.8,80,18.0,11.4,23.0,0.0,1017.8,0.0,3,,0.02,,0,muhimbili_tanzania
2022-07-22 02:00:00,21.5,82,18.2,10.6,19.4,0.0,1017.3,0.0,6,,0.02,,0,muhimbili_tanzania
2022-07-22 03:00:00,21.0,84,18.2,10.1,19.1,0.0,1016.7,0.0,7,,0.01,,0,muhimbili_tanzania
2022-07-22 04:00:00,20.9,86,18.5,9.7,17.3,0.0,1016.6,0.0,13,,0.01,,0,muhimbili_tanzania
2022-07-22 05:00:00,20.5,88,18.5,7.9,16.6,0.0,1017.1,0.0,15,,0.0,,0,muhimbili_tanzania
2022-07-22 06:00:00,20.1,90,18.5,8.2,14.0,0.0,1017.5,0.0,14,,0.0,,0,muhimbili_tanzania
2022-07-22 07:00:00,20.2,90,18.5,8.7,14.8,0.0,1018.3,6.0,18,,0.01,,0,muhimbili_tanzania
2022-07-22 08:00:00,22.1,82,18.9,8.4,17.6,0.0,1018.9,125.0,20,,0.08,,1,muhimbili_tanzania
2022-07-22 09:00:00,24.4,70,18.6,9.8,22.0,0.0,1019.6,326.0,37,,0.22,,1,muhimbili_tanzania
2022-07-22 10:00:00,25.8,63,18.3,11.0,29.2,0.0,1019.6,497.0,20,,0.35,,1,muhimbili_tanzania
2022-07-22 11:00:00,26.2,61,18.2,10.5,29.2,0.1,1019.0,607.0,28,,0.43,,51,muhimbili_tanzania
2022-07-22 12:00:00,27.0,56,17.6,10.9,26.6,0.2,1018.1,749.0,36,,0.53,,51,muhimbili_tanzania
2022-07-22 13:00:00,27.7,52,17.0,12.0,27.7,0.0,1017.3,735.0,44,,0.54,,1,muhimbili_tanzania
2022-07-22 14:00:00,27.9,50,16.5,13.2,29.9,0.0,1016.4,655.0,37,,0.5,,1,muhimbili_tanzania
2022-07-22 15:00:00,26.3,58,17.5,13.0,31.3,0.0,1015.9,639.0,46,,0.45,,1,muhimbili_tanzania
2022-07-22 16:00:00,26.1,59,17.4,13.4,28.4,0.1,1015.4,381.0,17,,0.31,,51,muhimbili_tanzania
2022-07-22 17:00:00,25.5,62,17.7,14.6,29.5,0.0,1015.3,301.0,22,,0.24,,1,muhimbili_tanzania
2022-07-22 18:00:00,24.4,68,18.1,11.8,28.4,0.0,1015.7,120.0,5,,0.12,,0,muhimbili_tanzania
2022-07-22 19:00:00,23.0,76,18.5,10.4,20.9,0.0,1016.1,5.0,0,,0.04,,0,muhimbili_tanzania
2022-07-22 20:00:00,22.4,80,18.7,9.2,18.4,0.0,1016.6,0.0,4,,0.02,,0,muhimbili_tanzania
2022-07-22 21:00:00,21.8,83,18.9,9.4,16.2,0.0,1017.2,0.0,11,,0.01,,0,muhimbili_tanzania
2022-07-22 22:00:00,21.5,85,19.0,10.5,18.0,0.0,1017.6,0.0,12,,0.01,,0,muhimbili_tanzania
2022-07-22 23:00:00,21.5,86,19.0,11.4,19.4,0.0,1017.5,0.0,3,,0.01,,0,muhimbili_tanzania
2022-07-23 00:00:00,21.4,87,19.1,12.1,20.9,0.0,1017.2,0.0,3,,0.01,,0,muhimbili_tanzania
2022-07-23 01:00:00,21.1,89,19.2,10.6,20.9,0.0,1016.6,0.0,4,,0.0,,0,muhimbili_tanzania
2022-07-23 02:00:00,20.9,90,19.1,10.2,18.4,0.0,1016.0,0.0,0,,0.0,,0,muhimbili_tanzania
2022-07-23 03:00:00,21.2,85,18.6,10.5,19.8,0.0,1015.7,0.0,1,,0.01,,0,muhimbili_tanzania
2022-07-23 04:00:00,21.0,86,18.6,9.4,18.0,0.0,1015.6,0.0,9,,0.01,,0,muhimbili_tanzania
2022-07-23 05:00:00,20.8,87,18.5,8.3,16.6,0.0,1016.0,0.0,9,,0.0,,0,muhimbili_tanzania
2022-07-23 06:00:00,20.2,89,18.4,7.1,14.4,0.0,1016.5,0.0,22,,0.0,,1,muhimbili_tanzania
2022-07-23 07:00:00,20.2,89,18.3,8.2,14.8,0.0,1017.4,5.0,64,,0.01,,2,muhimbili_tanzania
2022-07-23 08:00:00,21.5,83,18.5,8.9,17.6,0.1,1018.4,84.0,73,,0.07,,51,muhimbili_tanzania
2022-07-23 09:00:00,22.9,77,18.7,11.4,23.4,0.0,1018.9,198.0,61,,0.15,,2,muhimbili_tanzania
2022-07-23 10:00:00,23.8,74,18.8,14.2,31.0,0.1,1019.4,349.0,74,,0.25,,51,muhimbili_tanzania
2022-07-23 11:00:00,24.8,70,18.9,12.7,31.0,0.1,1018.9,438.0,79,,0.31,,51,muhimbili_tanzania
2022-07-23 12:00:00,25.3,65,18.1,14.6,32.8,0.2,1018.5,582.0,96,,0.41,,51,muhimbili_tanzania
2022-07-23 13:00:00,25.5,66,18.6,14.1,32.4,0.0,1017.6,510.0,97,,0.37,,3,muhimbili_tanzania
2022-07-23 14:00:00,26.5,62,18.7,13.8,31.3,0.0,1016.5,671.0,94,,0.47,,3,muhimbili_tanzania
2022-07-23 15:00:00,25.8,61,17.6,13.4,32.0,0.0,1015.8,658.0,89,,0.45,,3,muhimbili_tanzania
2022-07-23 16:00:00,25.9,61,17.7,12.8,28.8,0.2,1015.3,410.0,97,,0.31,,51,muhimbili_tanzania
2022-07-23 17:00:00,25.5,63,17.9,13.4,27.7,0.2,1015.5,298.0,93,,0.24,,51,muhimbili_tanzania
2022-07-23 18:00:00,24.5,68,18.1,11.8,27.0,0.0,1016.3,114.0,88,,0.12,,3,muhimbili_tanzania
2022-07-23 19:00:00,23.2,76,18.7,11.6,20.5,0.0,1016.6,5.0,57,,0.04,,2,muhimbili_tanzania
2022-07-23 20:00:00,22.3,82,19.1,9.8,20.2,0.0,1016.7,0.0,56,,0.01,,2,muhimbili_tanzania
2022-07-23 21:00:00,22.0,85,19.3,8.6,16.9,0.0,1017.1,0.0,86,,0.01,,3,muhimbili_tanzania
2022-07-23 22:00:00,21.6,87,19.3,7.1,14.8,0.0,1017.4,0.0,90,,0.0,,3,muhimbili_tanzania
2022-07-23 23:00:00,21.4,88,19.2,7.8,13.3,0.0,1017.4,0.0,95,,0.0,,3,muhimbili_tanzania
2022-07-24 00:00:00,21.2,89,19.4,7.3,13.7,0.0,1016.9,0.0,82,,0.0,,3,muhimbili_tanzania
2022-07-24 01:00:00,21.0,90,19.3,8.3,14.8,0.0,1016.3,0.0,94,,0.0,,3,muhimbili_tanzania
2022-07-24 02:00:00,20.8,91,19.3,9.8,16.9,0.0,1015.4,0.0,96,,0.0,,3,muhimbili_tanzania
2022-07-24 03:00:00,20.7,91,19.1,9.1,17.3,0.0,1015.0,0.0,96,,0.0,,3,muhimbili_tanzania
2022-07-24 04:00:00,20.5,92,19.2,7.9,15.5,0.0,1015.0,0.0,92,,0.0,,3,muhimbili_tanzania
2022-07-24 05:00:00,20.4,93,19.1,8.1,14.0,0.0,1015.3,0.0,80,,0.0,,3,muhimbili_tanzania
2022-07-24 06:00:00,20.1,93,19.0,8.2,14.4,0.0,1015.9,0.0,90,,0.0,,3,muhimbili_tanzania
2022-07-24 07:00:00,20.3,92,18.9,9.7,16.2,0.0,1016.4,6.0,60,,0.01,,2,muhimbili_tanzania
2022-07-24 08:00:00,22.0,83,19.1,10.8,21.2,0.0,1017.2,117.0,96,,0.08,,3,muhimbili_tanzania
2022-07-24 09:00:00,23.9,74,18.9,13.4,25.2,0.0,1018.0,251.0,91,,0.19,,3,muhimbili_tanzania
2022-07-24 10:00:00,25.6,64,18.2,16.9,33.8,0.0,1017.9,447.0,55,,0.33,,2,muhimbili_tanzania
2022-07-24 11:00:00,26.8,58,17.7,19.6,39.6,0.1,1017.6,665.0,54,,0.48,,51,muhimbili_tanzania
2022-07-24 12:00:00,27.5,55,17.5,18.6,39.6,0.2,1016.7,673.0,48,,0.51,,51,muhimbili_tanzania
2022-07-24 13:00:00,28.5,51,17.2,18.5,38.9,0.0,1015.8,763.0,14,,0.58,,0,muhimbili_tanzania
2022-07-24 14:00:00,28.6,49,17.0,19.0,39.2,0.0,1014.8,766.0,20,,0.58,,1,muhimbili_tanzania
2022-07-24 15:00:00,28.0,50,16.6,17.9,38.9,0.0,1014.0,626.0,24,,0.49,,1,muhimbili_tanzania
2022-07-24 16:00:00,27.3,53,17.0,17.8,36.4,0.0,1013.8,449.0,83,,0.38,,3,muhimbili_tanzania
2022-07-24 17:00:00,26.5,56,17.0,17.2,35.3,0.0,1014.2,276.0,91,,0.26,,3,muhimbili_tanzania
2022-07-24 18:00:00,25.2,63,17.7,15.1,33.1,0.0,1014.6,116.0,83,,0.14,,3,muhimbili_tanzania
2022-07-24 19:00:00,23.9,72,18.5,13.8,26.6,0.0,1015.1,5.0,12,,0.06,,0,muhimbili_tanzania
2022-07-24 20:00:00,23.1,77,19.0,12.7,24.5,0.0,1015.7,0.0,3,,0.03,,0,muhimbili_tanzania
2022-07-24 21:00:00,22.6,81,19.2,11.7,22.7,0.0,1016.5,0.0,9,,0.02,,0,muhimbili_tanzania
2022-07-24 22:00:00,22.4,84,19.5,9.7,20.5,0.0,1016.7,0.0,16,,0.01,,0,muhimbili_tanzania
2022-07-24 23:00:00,22.0,87,19.7,8.8,16.6,0.0,1016.5,0.0,3,,0.0,,0,muhimbili_tanzania
2022-07-25 00:00:00,21.6,89,19.7,8.0,15.5,0.0,1016.3,0.0,0,,0.0,,0,muhimbili_tanzania
2022-07-25 01:00:00,21.4,90,19.6,9.2,15.5,0.0,1015.9,0.0,11,,0.0,,0,muhimbili_tanzania
2022-07-25 02:00:00,21.2,90,19.6,9.5,16.6,0.0,1015.5,0.0,15,,0.0,,0,muhimbili_tanzania
2022-07-25 03:00:00,21.1,91,19.6,7.4,16.6,0.0,1015.6,0.0,25,,0.0,,1,muhimbili_tanzania
2022-07-25 04:00:00,20.9,90,19.2,6.7,13.3,0.0,1015.4,0.0,38,,0.0,,1,muhimbili_tanzania
2022-07-25 05:00:00,21.0,88,18.9,5.9,11.9,0.0,1015.7,0.0,53,,0.0,,2,muhimbili_tanzania
2022-07-25 06:00:00,20.8,86,18.4,7.4,12.6,0.0,1016.1,0.0,64,,0.0,,2,muhimbili_tanzania
2022-07-25 07:00:00,21.0,84,18.2,6.9,13.0,0.0,1016.4,5.0,7,,0.02,,0,muhimbili_tanzania
2022-07-25 08:00:00,22.5,80,18.9,7.4,15.8,0.0,1017.4,121.0,9,,0.08,,0,muhimbili_tanzania
2022-07-25 09:00:00,24.5,71,18.9,9.7,21.6,0.0,1018.1,335.0,23,,0.23,,1,muhimbili_tanzania
2022-07-25 10:00:00,25.8,66,18.9,11.3,31.0,0.0,1018.2,491.0,25,,0.34,,1,muhimbili_tanzania
2022-07-25 11:00:00,26.5,62,18.8,13.0,33.8,0.2,1017.9,597.0,48,,0.43,,51,muhimbili_tanzania
2022-07-25 12:00:00,27.5,57,18.2,14.7,33.8,0.1,1017.2,702.0,26,,0.51,,51,muhimbili_tanzania
2022-07-25 13:00:00,28.5,52,17.6,16.5,35.3,0.0,1016.3,799.0,17,,0.59,,0,muhimbili_tanzania
2022-07-25 14:00:00,28.6,50,17.2,18.8,38.5,0.1,1015.2,753.0,18,,0.57,,51,muhimbili_tanzania
2022-07-25 15:00:00,27.9,51,16.8,17.7,40.0,0.0,1014.8,672.0,25,,0.51,,1,muhimbili_tanzania
2022-07-25 16:00:00,27.3,54,17.1,18.4,36.7,0.1,1014.6,492.0,35,,0.4,,51,muhimbili_tanzania
2022-07-25 17:00:00,26.1,60,17.7,17.9,36.4,0.0,1014.8,321.0,81,,0.27,,3,muhimbili_tanzania
2022-07-25 18:00:00,24.9,66,18.1,15.5,34.6,0.0,1015.5,126.0,35,,0.14,,1,muhimbili_tanzania
2022-07-25 19:00:00,23.6,74,18.8,12.2,27.4,0.0,1015.9,5.0,82,,0.05,,3,muhimbili_tanzania
2022-07-25 20:00:00,23.0,79,19.0,11.8,21.6,0.0,1016.3,0.0,85,,0.03,,3,muhimbili_tanzania
2022-07-25 21:00:00,22.4,82,19.2,10.3,20.5,0.0,1017.0,0.0,96,,0.02,,3,muhimbili_tanzania
2022-07-25 22:00:00,22.0,85,19.4,11.3,19.4,0.0,1017.2,0.0,91,,0.01,,3,muhimbili_tanzania
2022-07-25 23:00:00,21.7,88,19.6,10.1,19.4,0.0,1017.5,0.0,91,,0.0,,3,muhimbili_tanzania
2022-07-26 00:00:00,21.5,90,19.8,10.5,18.7,0.0,1017.3,0.0,80,,0.0,,3,muhimbili_tanzania
2022-07-26 01:00:00,21.5,90,19.8,11.5,19.8,0.0,1016.9,0.0,82,,0.0,,3,muhimbili_tanzania
2022-07-26 02:00:00,21.5,91,20.0,12.7,22.3,0.0,1016.3,0.0,34,,0.0,,1,muhimbili_tanzania
2022-07-26 03:00:00,21.8,88,19.8,14.2,23.4,0.0,1016.0,0.0,43,,0.01,,1,muhimbili_tanzania
2022-07-26 04:00:00,21.6,88,19.6,13.0,24.8,0.0,1015.9,0.0,47,,0.01,,1,muhimbili_tanzania
2022-07-26 05:00:00,21.4,89,19.5,10.9,22.7,0.0,1016.1,0.0,89,,0.0,,3,muhimbili_tanzania
2022-07-26 06:00:00,21.0,90,19.4,9.5,19.1,0.0,1016.5,0.0,59,,0.0,,2,muhimbili_tanzania
2022-07-26 07:00:00,20.9,90,19.1,9.2,16.2,0.0,1016.9,6.0,92,,0.01,,3,muhimbili_tanzania
2022-07-26 08:00:00,22.8,81,19.3,10.0,19.1,0.0,1017.8,133.0,10,,0.09,,0,muhimbili_tanzania
2022-07-26 09:00:00,25.0,70,19.0,13.1,26.3,0.0,1018.4,347.0,19,,0.24,,0,muhimbili_tanzania
2022-07-26 10:00:00,26.9,59,18.1,17.5,36.0,0.0,1018.4,542.0,18,,0.4,,0,muhimbili_tanzania
2022-07-26 11:00:00,28.0,53,17.4,19.1,39.6,0.0,1017.9,694.0,85,,0.52,,3,muhimbili_tanzania
2022-07-26 12:00:00,28.4,51,17.4,21.6,43.6,0.2,1017.2,800.0,95,,0.6,,51,muhimbili_tanzania
2022-07-26 13:00:00,27.9,52,17.2,22.9,46.4,0.2,1016.3,807.0,94,,0.59,,51,muhimbili_tanzania
2022-07-26 14:00:00,27.5,56,18.0,21.7,46.4,0.3,1015.2,636.0,100,,0.49,,51,muhimbili_tanzania
2022-07-26 15:00:00,27.9,54,17.8,20.5,46.4,0.1,1014.1,680.0,99,,0.51,,51,muhimbili_tanzania
2022-07-26 16:00:00,27.1,58,18.0,20.6,41.0,0.0,1013.7,500.0,99,,0.39,,3,muhimbili_tanzania
2022-07-26 17:00:00,26.4,61,18.3,18.5,40.3,0.0,1013.9,312.0,99,,0.27,,3,muhimbili_tanzania
2022-07-26 18:00:00,25.0,68,18.7,15.5,35.3,0.0,1014.0,127.0,100,,0.13,,3,muhimbili_tanzania
2022-07-26 19:00:00,23.7,78,19.5,14.6,27.4,0.0,1014.5,5.0,97,,0.05,,3,muhimbili_tanzania
2022-07-26 20:00:00,22.9,83,19.9,13.8,25.9,0.0,1014.8,0.0,93,,0.02,,3,muhimbili_tanzania
2022-07-26 21:00:00,22.6,85,20.0,12.4,24.1,0.0,1015.4,0.0,94,,0.02,,3,muhimbili_tanzania
2022-07-26 22:00:00,22.5,86,20.1,13.4,23.0,0.0,1015.7,0.0,85,,0.02,,3,muhimbili_tanzania
2022-07-26 23:00:00,22.5,86,20.0,13.5,24.1,0.0,1015.7,0.0,63,,0.02,,2,muhimbili_tanzania
2022-07-27 00:00:00,22.5,86,20.1,13.5,24.1,0.0,1015.6,0.0,70,,0.02,,2,muhimbili_tanzania
2022-07-27 01:00:00,22.4,86,20.0,12.6,23.8,0.0,1014.8,0.0,78,,0.01,,2,muhimbili_tanzania
2022-07-27 02:00:00,22.1,88,20.0,12.0,22.3,0.0,1014.2,0.0,49,,0.01,,1,muhimbili_tanzania
2022-07-27 03:00:00,22.1,86,19.8,11.6,21.6,0.0,1013.6,0.0,33,,0.01,,1,muhimbili_tanzania
2022-07-27 04:00:00,22.0,87,19.6,10.3,20.2,0.0,1013.5,0.0,20,,0.01,,1,muhimbili_tanzania
2022-07-27 05:00:00,21.5,88,19.5,8.6,18.0,0.0,1014.0,0.0,15,,0.0,,0,muhimbili_tanzania
2022-07-27 06:00:00,21.4,88,19.4,8.4,14.8,0.0,1014.4,0.0,18,,0.0,,0,muhimbili_tanzania
2022-07-27 07:00:00,21.5,87,19.2,10.6,19.4,0.0,1015.1,5.0,36,,0.02,,1,muhimbili_tanzania
2022-07-27 08:00:00,22.9,80,19.3,10.5,20.5,0.0,1016.0,117.0,27,,0.09,,1,muhimbili_tanzania
2022-07-27 09:00:00,25.0,68,18.8,14.6,32.0,0.0,1016.8,336.0,22,,0.24,,1,muhimbili_tanzania
2022-07-27 10:00:00,26.0,63,18.4,18.1,36.4,0.0,1016.9,521.0,56,,0.38,,2,muhimbili_tanzania
2022-07-27 11:00:00,27.0,57,17.8,18.2,38.5,0.0,1016.6,580.0,60,,0.44,,2,muhimbili_tanzania
2022-07-27 12:00:00,27.5,54,17.5,17.5,37.8,0.0,1016.0,699.0,60,,0.52,,2,muhimbili_tanzania
2022-07-27 13:00:00,27.0,56,17.5,19.0,39.2,0.2,1014.9,651.0,87,,0.49,,51,muhimbili_tanzania
2022-07-27 14:00:00,27.2,56,17.8,17.4,38.5,0.5,1013.9,651.0,94,,0.49,,53,muhimbili_tanzania
2022-07-27 15:00:00,26.6,57,17.5,17.2,37.8,0.1,1013.2,629.0,82,,0.46,,51,muhimbili_tanzania
2022-07-27 16:00:00,26.6,59,17.9,15.9,34.9,0.0,1012.6,343.0,100,,0.3,,3,muhimbili_tanzania
2022-07-27 17:00:00,26.2,60,17.8,16.4,32.4,0.0,1012.8,239.0,90,,0.23,,3,muhimbili_tanzania
2022-07-27 18:00:00,25.1,66,18.3,14.8,32.0,0.0,1013.2,123.0,64,,0.14,,2,muhimbili_tanzania
2022-07-27 19:00:00,23.7,76,19.2,12.1,26.6,0.0,1013.7,6.0,6,,0.04,,0,muhimbili_tanzania
2022-07-27 20:00:00,23.0,81,19.6,11.6,21.2,0.0,1014.1,0.0,1,,0.02,,0,muhimbili_tanzania
2022-07-27 21:00:00,22.7,83,19.8,10.5,20.5,0.0,1014.8,0.0,71,,0.01,,2,muhimbili_tanzania
2022-07-27 22:00:00,22.4,86,19.9,11.0,19.4,0.0,1014.9,0.0,85,,0.01,,3,muhimbili_tanzania
2022-07-27 23:00:00,22.1,88,20.0,10.6,19.8,0.0,1015.0,0.0,78,,0.01,,2,muhimbili_tanzania
2022-07-28 00:00:00,21.9,90,20.1,10.5,18.7,0.0,1014.8,0.0,52,,0.0,,2,muhimbili_tanzania
2022-07-28 01:00:00,21.8,91,20.2,11.0,19.4,0.0,1014.4,0.0,69,,0.0,,2,muhimbili_tanzania
2022-07-28 02:00:00,22.0,90,20.1,11.5,20.2,0.0,1013.8,0.0,87,,0.0,,3,muhimbili_tanzania
2022-07-28 03:00:00,21.5,91,20.0,8.7,20.2,0.0,1013.8,0.0,95,,0.0,,3,muhimbili_tanzania
2022-07-28 04:00:00,21.2,91,19.8,6.8,14.4,0.0,1013.6,0.0,81,,0.0,,3,muhimbili_tanzania
2022-07-28 05:00:00,20.8,93,19.5,6.1,11.9,0.0,1014.0,0.0,31,,0.0,,1,muhimbili_tanzania
2022-07-28 06:00:00,20.9,91,19.4,6.9,12.2,0.0,1014.3,0.0,23,,0.0,,1,muhimbili_tanzania
2022-07-28 07:00:00,21.0,89,19.2,8.9,14.8,0.0,1015.1,6.0,30,,0.01,,1,muhimbili_tanzania
2022-07-28 08:00:00,22.8,80,19.1,12.3,25.2,0.0,1016.0,121.0,14,,0.09,,0,muhimbili_tanzania
2022-07-28 09:00:00,24.5,71,18.9,17.7,33.8,0.0,1017.0,326.0,53,,0.24,,2,muhimbili_tanzania
2022-07-28 10:00:00,25.5,68,19.1,16.5,37.8,0.1,1017.2,480.0,46,,0.34,,51,muhimbili_tanzania
2022-07-28 11:00:00,26.6,64,19.3,17.1,38.5,0.0,1016.8,636.0,91,,0.45,,3,muhimbili_tanzania
2022-07-28 12:00:00,27.1,60,18.8,17.2,39.2,0.0,1016.3,545.0,85,,0.42,,3,muhimbili_tanzania
2022-07-28 13:00:00,26.1,65,19.1,20.8,43.6,0.2,1015.7,697.0,84,,0.47,,51,muhimbili_tanzania
2022-07-28 14:00:00,26.5,66,19.6,15.8,42.1,0.3,1014.6,488.0,94,,0.37,,51,muhimbili_tanzania
2022-07-28 15:00:00,25.9,65,18.6,17.0,40.0,0.0,1014.3,530.0,84,,0.38,,3,muhimbili_tanzania
2022-07-28 16:00:00,25.8,65,18.8,16.6,34.9,0.0,1014.0,297.0,86,,0.26,,3,muhimbili_tanzania
2022-07-28 17:00:00,25.0,68,18.8,16.1,33.1,0.0,1014.2,152.0,100,,0.17,,3,muhimbili_tanzania
2022-07-28 18:00:00,24.4,72,19.0,14.0,30.6,0.0,1014.3,63.0,73,,0.1,,2,muhimbili_tanzania
2022-07-28 19:00:00,23.6,76,19.1,11.9,26.3,0.0,1014.9,4.0,12,,0.05,,0,muhimbili_tanzania
2022-07-28 20:00:00,23.1,79,19.3,11.1,20.9,0.0,1015.2,0.0,28,,0.02,,1,muhimbili_tanzania
2022-07-28 21:00:00,22.6,82,19.5,9.3,19.4,0.0,1015.7,0.0,25,,0.01,,1,muhimbili_tanzania
2022-07-28 22:00:00,22.4,84,19.6,9.3,16.9,0.0,1015.9,0.0,16,,0.01,,0,muhimbili_tanzania
2022-07-28 23:00:00,22.1,88,20.0,9.9,17.3,0.0,1016.0,0.0,12,,0.01,,0,muhimbili_tanzania
2022-07-29 00:00:00,21.9,90,20.2,9.6,17.3,0.0,1015.8,0.0,16,,0.0,,0,muhimbili_tanzania
2022-07-29 01:00:00,21.6,92,20.2,9.5,16.6,0.0,1015.3,0.0,10,,0.0,,0,muhimbili_tanzania
2022-07-29 02:00:00,21.5,92,20.1,9.0,16.2,0.0,1014.7,0.0,20,,0.0,,1,muhimbili_tanzania
2022-07-29 03:00:00,21.2,92,19.9,8.4,16.2,0.0,1014.5,0.0,15,,0.0,,0,muhimbili_tanzania
2022-07-29 04:00:00,21.2,91,19.8,8.7,15.8,0.0,1014.4,0.0,6,,0.0,,0,muhimbili_tanzania
2022-07-29 05:00:00,21.0,93,19.8,7.5,15.1,0.0,1014.5,0.0,6,,0.0,,0,muhimbili_tanzania
2022-07-29 06:00:00,20.8,94,19.8,7.3,13.7,0.0,1014.9,0.0,9,,0.0,,0,muhimbili_tanzania
2022-07-29 07:00:00,21.0,92,19.7,8.3,14.0,0.0,1015.7,6.0,9,,0.01,,0,muhimbili_tanzania
2022-07-29 08:00:00,22.9,83,19.9,9.2,19.1,0.0,1016.7,133.0,17,,0.09,,0,muhimbili_tanzania
2022-07-29 09:00:00,25.0,72,19.5,12.3,26.3,0.0,1017.4,344.0,21,,0.24,,1,muhimbili_tanzania
2022-07-29 10:00:00,26.4,64,19.0,15.8,35.6,0.1,1017.5,537.0,42,,0.38,,51,muhimbili_tanzania
2022-07-29 11:00:00,27.2,59,18.5,18.4,40.0,0.0,1017.2,688.0,53,,0.49,,2,muhimbili_tanzania
2022-07-29 12:00:00,27.1,61,19.0,18.0,41.0,0.1,1016.7,665.0,91,,0.48,,51,muhimbili_tanzania
2022-07-29 13:00:00,27.5,58,18.5,19.5,42.8,0.0,1015.9,728.0,99,,0.53,,3,muhimbili_tanzania
2022-07-29 14:00:00,27.5,60,19.0,19.3,40.7,0.1,1015.3,691.0,94,,0.5,,51,muhimbili_tanzania
2022-07-29 15:00:00,26.6,62,18.8,17.6,41.0,0.0,1015.1,599.0,93,,0.43,,3,muhimbili_tanzania
2022-07-29 16:00:00,25.8,64,18.5,16.8,34.6,0.0,1014.8,242.0,100,,0.23,,3,muhimbili_tanzania
2022-07-29 17:00:00,25.8,64,18.4,16.6,33.1,0.0,1014.8,208.0,100,,0.21,,3,muhimbili_tanzania
2022-07-29 18:00:00,25.0,67,18.5,16.1,31.7,0.0,1014.9,77.0,90,,0.12,,3,muhimbili_tanzania
2022-07-29 19:00:00,24.0,73,18.9,13.8,29.9,0.0,1015.4,5.0,95,,0.06,,3,muhimbili_tanzania
2022-07-29 20:00:00,23.4,77,19.0,11.0,24.5,0.0,1016.0,0.0,93,,0.03,,3,muhimbili_tanzania
2022-07-29 21:00:00,23.0,79,19.1,10.5,19.4,0.0,1016.6,0.0,89,,0.02,,3,muhimbili_tanzania
2022-07-29 22:00:00,22.7,80,19.1,11.3,19.1,0.0,1016.8,0.0,40,,0.02,,1,muhimbili_tanzania
2022-07-29 23:00:00,22.6,81,19.2,11.2,19.4,0.0,1016.8,0.0,54,,0.02,,2,muhimbili_tanzania
2022-07-30 00:00:00,22.4,83,19.4,9.8,19.4,0.0,1016.4,0.0,100,,0.01,,3,muhimbili_tanzania
2022-07-30 01:00:00,22.7,83,19.6,11.0,19.1,0.0,1016.0,0.0,100,,0.02,,3,muhimbili_tanzania
2022-07-30 02:00:00,22.6,84,19.8,9.6,19.1,0.0,1015.5,0.0,100,,0.01,,3,muhimbili_tanzania
2022-07-30 03:00:00,22.2,87,20.0,7.6,16.9,0.0,1015.4,0.0,100,,0.0,,3,muhimbili_tanzania
2022-07-30 04:00:00,21.9,89,20.0,6.8,13.3,0.0,1015.1,0.0,30,,0.0,,1,muhimbili_tanzania
2022-07-30 05:00:00,21.3,91,19.8,6.0,12.2,0.0,1015.6,0.0,31,,0.0,,1,muhimbili_tanzania
2022-07-30 06:00:00,20.9,93,19.6,6.2,11.2,0.0,1015.8,0.0,93,,0.0,,3,muhimbili_tanzania
2022-07-30 07:00:00,21.0,92,19.6,7.4,12.2,0.0,1016.3,6.0,100,,0.01,,3,muhimbili_tanzania
2022-07-30 08:00:00,22.9,83,20.0,7.6,16.2,0.0,1017.2,127.0,97,,0.08,,3,muhimbili_tanzania
2022-07-30 09:00:00,25.0,74,20.0,9.1,25.6,0.0,1018.0,345.0,100,,0.23,,3,muhimbili_tanzania
2022-07-30 10:00:00,26.3,64,19.0,11.5,25.9,0.1,1018.0,534.0,99,,0.37,,51,muhimbili_tanzania
2022-07-30 11:00:00,27.1,59,18.5,11.9,28.1,0.1,1017.7,630.0,97,,0.45,,51,muhimbili_tanzania
2022-07-30 12:00:00,27.3,58,18.2,12.4,28.1,0.0,1017.3,561.0,95,,0.43,,3,muhimbili_tanzania
2022-07-30 13:00:00,27.8,56,18.1,14.3,31.7,0.1,1016.4,721.0,85,,0.53,,51,muhimbili_tanzania
2022-07-30 14:00:00,28.0,55,18.0,14.6,32.4,0.1,1015.4,697.0,26,,0.52,,51,muhimbili_tanzania
2022-07-30 15:00:00,27.1,59,18.5,14.5,33.8,0.0,1014.6,660.0,18,,0.47,,0,muhimbili_tanzania
2022-07-30 16:00:00,26.8,62,18.9,13.8,31.3,0.0,1014.1,519.0,31,,0.38,,1,muhimbili_tanzania
2022-07-30 17:00:00,25.9,68,19.5,13.8,29.5,0.0,1013.9,322.0,10,,0.24,,0,muhimbili_tanzania
2022-07-30 18:00:00,24.8,73,19.7,13.2,28.4,0.0,1014.5,124.0,12,,0.11,,0,muhimbili_tanzania
2022-07-30 19:00:00,23.8,79,20.0,11.2,24.5,0.0,1015.1,6.0,13,,0.03,,0,muhimbili_tanzania
2022-07-30 20:00:00,23.4,82,20.0,9.4,19.4,0.0,1015.8,0.0,7,,0.01,,0,muhimbili_tanzania
2022-07-30 21:00:00,22.9,85,20.2,6.9,16.6,0.0,1016.4,0.0,11,,0.0,,0,muhimbili_tanzania
2022-07-30 22:00:00,22.5,87,20.3,7.6,13.0,0.0,1016.4,0.0,19,,0.0,,0,muhimbili_tanzania
2022-07-30 23:00:00,22.5,88,20.4,8.3,14.8,0.0,1016.4,0.0,9,,0.0,,0,muhimbili_tanzania
2022-07-31 00:00:00,22.2,89,20.4,8.4,14.4,0.0,1016.0,0.0,17,,0.0,,0,muhimbili_tanzania
2022-07-31 01:00:00,22.0,90,20.3,8.3,14.4,0.0,1015.7,0.0,20,,0.0,,1,muhimbili_tanzania
2022-07-31 02:00:00,21.9,91,20.2,8.4,14.8,0.0,1015.0,0.0,53,,0.0,,2,muhimbili_tanzania
2022-07-31 03:00:00,21.6,92,20.3,6.2,14.8,0.0,1014.6,0.0,98,,0.0,,3,muhimbili_tanzania
2022-07-31 04:00:00,21.5,92,20.2,6.8,12.2,0.0,1014.3,0.0,33,,0.0,,1,muhimbili_tanzania
2022-07-31 05:00:00,21.4,93,20.1,6.9,12.2,0.0,1014.8,0.0,37,,0.0,,1,muhimbili_tanzania
2022-07-31 06:00:00,21.1,93,20.0,7.0,12.2,0.0,1015.3,0.0,12,,0.0,,0,muhimbili_tanzania
2022-07-31 07:00:00,21.3,92,20.0,6.5,12.2,0.0,1015.7,6.0,19,,0.01,,0,muhimbili_tanzania
2022-07-31 08:00:00,23.0,83,20.1,7.2,15.5,0.0,1016.6,120.0,13,,0.08,,0,muhimbili_tanzania
2022-07-31 09:00:00,25.1,71,19.6,10.8,23.4,0.0,1017.3,348.0,23,,0.24,,1,muhimbili_tanzania
2022-07-31 10:00:00,26.5,66,19.6,11.5,27.4,0.0,1017.5,531.0,59,,0.37,,2,muhimbili_tanzania
2022-07-31 11:00:00,27.0,62,19.1,13.8,31.3,0.1,1017.4,598.0,59,,0.43,,51,muhimbili_tanzania
2022-07-31 12:00:00,27.3,61,19.1,14.1,32.4,0.1,1016.8,582.0,57,,0.43,,51,muhimbili_tanzania
2022-07-31 13:00:00,27.1,63,19.5,13.0,33.1,0.0,1016.1,591.0,68,,0.43,,2,muhimbili_tanzania
2022-07-31 14:00:00,27.2,61,19.1,14.5,32.4,0.1,1015.4,550.0,77,,0.42,,51,muhimbili_tanzania
2022-07-31 15:00:00,25.0,71,19.4,15.2,33.5,0.0,1014.7,342.0,95,,0.26,,3,muhimbili_tanzania
2022-07-31 16:00:00,25.1,72,19.6,15.9,32.4,0.2,1014.6,303.0,43,,0.24,,51,muhimbili_tanzania
2022-07-31 17:00:00,24.9,72,19.5,16.1,32.4,0.1,1014.6,259.0,43,,0.2,,51,muhimbili_tanzania
2022-07-31 18:00:00,24.2,75,19.4,13.6,31.3,0.0,1014.9,102.0,41,,0.1,,1,muhimbili_tanzania
2022-07-31 19:00:00,23.8,77,19.6,11.1,23.8,0.0,1015.3,5.0,46,,0.04,,1,muhimbili_tanzania
2022-07-31 20:00:00,23.2,81,19.8,10.0,19.4,0.0,1015.9,0.0,100,,0.02,,3,muhimbili_tanzania
2022-07-31 21:00:00,23.5,80,19.9,8.7,18.0,0.0,1016.3,0.0,99,,0.02,,3,muhimbili_tanzania
2022-07-31 22:00:00,23.5,80,19.9,7.5,15.1,0.0,1016.4,0.0,100,,0.01,,3,muhimbili_tanzania
2022-07-31 23:00:00,23.6,80,20.0,7.1,13.7,0.0,1016.2,0.0,57,,0.01,,2,muhimbili_tanzania
2022-08-01 00:00:00,22.6,85,20.0,7.1,13.0,0.0,1016.1,0.0,18,,0.0,,0,muhimbili_tanzania
2022-08-01 01:00:00,22.2,88,20.1,6.9,12.2,0.0,1015.7,0.0,24,,0.0,,1,muhimbili_tanzania
2022-08-01 02:00:00,22.0,90,20.2,7.5,13.7,0.0,1015.5,0.0,35,,0.0,,1,muhimbili_tanzania
2022-08-01 03:00:00,21.9,90,20.1,7.8,13.3,0.0,1015.2,0.0,26,,0.0,,1,muhimbili_tanzania
2022-08-01 04:00:00,21.5,92,20.1,7.0,13.3,0.0,1015.4,0.0,27,,0.0,,1,muhimbili_tanzania
2022-08-01 05:00:00,21.3,92,20.0,5.8,13.0,0.0,1015.9,0.0,23,,0.0,,1,muhimbili_tanzania
2022-08-01 06:00:00,21.0,93,19.8,4.9,10.4,0.0,1016.5,0.0,13,,0.0,,0,muhimbili_tanzania
2022-08-01 07:00:00,21.2,91,19.6,5.7,9.7,0.0,1017.2,6.0,35,,0.01,,1,muhimbili_tanzania
2022-08-01 08:00:00,22.9,82,19.7,6.0,17.3,0.0,1018.3,112.0,18,,0.07,,0,muhimbili_tanzania
2022-08-01 09:00:00,24.6,73,19.4,7.8,19.8,0.0,1019.0,332.0,14,,0.22,,0,muhimbili_tanzania
2022-08-01 10:00:00,26.0,66,19.2,9.7,27.7,0.0,1019.1,518.0,23,,0.36,,1,muhimbili_tanzania
2022-08-01 11:00:00,27.2,59,18.6,11.1,31.3,0.0,1018.5,676.0,30,,0.48,,1,muhimbili_tanzania
2022-08-01 12:00:00,27.5,57,18.1,14.3,31.7,0.1,1017.7,778.0,41,,0.55,,51,muhimbili_tanzania
2022-08-01 13:00:00,27.8,56,18.4,15.1,34.9,0.3,1017.0,772.0,55,,0.56,,51,muhimbili_tanzania
2022-08-01 14:00:00,28.4,53,18.0,15.0,35.6,0.1,1016.3,704.0,30,,0.53,,51,muhimbili_tanzania
2022-08-01 15:00:00,27.6,56,18.0,13.8,33.8,0.0,1015.4,664.0,22,,0.49,,1,muhimbili_tanzania
2022-08-01 16:00:00,27.5,55,17.5,15.6,32.0,0.0,1014.9,508.0,19,,0.4,,0,muhimbili_tanzania
2022-08-01 17:00:00,26.5,60,18.1,15.9,32.4,0.0,1014.8,335.0,19,,0.28,,0,muhimbili_tanzania
2022-08-01 18:00:00,25.2,67,18.7,15.6,31.3,0.0,1015.4,125.0,15,,0.14,,0,muhimbili_tanzania
2022-08-01 19:00:00,23.9,75,19.2,12.2,27.7,0.0,1015.6,6.0,8,,0.05,,0,muhimbili_tanzania
2022-08-01 20:00:00,23.3,78,19.4,10.7,22.0,0.0,1016.1,0.0,5,,0.02,,0,muhimbili_tanzania
2022-08-01 21:00:00,22.8,82,19.6,9.8,19.1,0.0,1017.0,0.0,5,,0.01,,0,muhimbili_tanzania
2022-08-01 22:00:00,22.4,85,19.8,9.2,16.9,0.0,1017.4,0.0,4,,0.01,,0,muhimbili_tanzania
2022-08-01 23:00:00,22.1,88,20.0,8.2,16.2,0.0,1017.5,0.0,3,,0.0,,0,muhimbili_tanzania
2022-08-02 00:00:00,21.5,91,20.0,7.3,14.8,0.0,1017.4,0.0,2,,0.0,,0,muhimbili_tanzania
2022-08-02 01:00:00,21.3,93,20.0,8.2,14.0,0.0,1016.9,0.0,3,,0.0,,0,muhimbili_tanzania
2022-08-02 02:00:00,21.1,93,20.0,9.4,16.2,0.0,1016.5,0.0,11,,0.0,,0,muhimbili_tanzania
2022-08-02 03:00:00,21.3,92,19.9,9.0,16.6,0.0,1016.1,0.0,10,,0.0,,0,muhimbili_tanzania
2022-08-02 04:00:00,21.0,93,19.8,7.7,15.5,0.0,1016.0,0.0,12,,0.0,,0,muhimbili_tanzania
2022-08-02 05:00:00,20.6,94,19.6,6.6,13.3,0.0,1016.2,0.0,25,,0.0,,1,muhimbili_tanzania
2022-08-02 06:00:00,20.5,93,19.4,7.4,13.0,0.0,1016.8,0.0,18,,0.0,,0,muhimbili_tanzania
2022-08-02 07:00:00,21.0,90,19.3,11.4,18.4,0.0,1017.5,7.0,55,,0.01,,2,muhimbili_tanzania
2022-08-02 08:00:00,22.2,82,18.9,11.2,24.8,0.0,1018.5,97.0,70,,0.08,,2,muhimbili_tanzania
2022-08-02 09:00:00,23.4,75,18.6,15.5,31.3,0.0,1018.9,266.0,49,,0.19,,1,muhimbili_tanzania
2022-08-02 10:00:00,25.0,67,18.5,16.9,35.3,0.0,1018.8,503.0,77,,0.34,,2,muhimbili_tanzania
2022-08-02 11:00:00,24.9,68,18.6,19.1,41.0,0.5,1018.8,674.0,99,,0.43,,53,muhimbili_tanzania
2022-08-02 12:00:00,25.8,67,19.1,15.4,40.0,0.2,1017.8,542.0,30,,0.39,,51,muhimbili_tanzania
2022-08-02 13:00:00,27.4,59,18.5,17.4,40.0,0.0,1016.9,840.0,34,,0.58,,1,muhimbili_tanzania
2022-08-02 14:00:00,27.0,60,18.6,17.5,39.6,0.0,1016.1,734.0,56,,0.51,,2,muhimbili_tanzania
2022-08-02 15:00:00,27.1,57,17.9,17.1,40.7,0.4,1015.0,590.0,68,,0.44,,51,muhimbili_tanzania
2022-08-02 16:00:00,25.8,62,18.0,20.3,40.3,0.1,1015.0,445.0,26,,0.34,,51,muhimbili_tanzania
2022-08-02 17:00:00,25.2,67,18.7,17.0,40.0,0.0,1014.9,304.0,22,,0.24,,1,muhimbili_tanzania
2022-08-02 18:00:00,24.4,71,18.6,14.8,33.1,0.0,1015.4,120.0,29,,0.12,,1,muhimbili_tanzania
2022-08-02 19:00:00,23.2,78,19.2,11.5,26.3,0.0,1016.0,5.0,30,,0.04,,1,muhimbili_tanzania
2022-08-02 20:00:00,22.5,84,19.7,8.7,20.5,0.0,1016.5,0.0,26,,0.01,,1,muhimbili_tanzania
2022-08-02 21:00:00,22.1,87,19.9,7.7,15.5,0.0,1016.9,0.0,30,,0.0,,1,muhimbili_tanzania
2022-08-02 22:00:00,21.7,90,19.9,6.9,13.7,0.0,1017.3,0.0,25,,0.0,,1,muhimbili_tanzania
2022-08-02 23:00:00,21.6,90,20.0,9.2,16.2,0.0,1017.3,0.0,40,,0.0,,1,muhimbili_tanzania
2022-08-03 00:00:00,21.5,91,20.0,10.9,18.7,0.0,1017.2,0.0,41,,0.0,,1,muhimbili_tanzania
2022-08-03 01:00:00,21.6,91,20.2,9.8,19.4,0.0,1016.4,0.0,22,,0.0,,1,muhimbili_tanzania
2022-08-03 02:00:00,21.8,91,20.2,9.8,17.6,0.0,1015.8,0.0,34,,0.0,,1,muhimbili_tanzania
2022-08-03 03:00:00,21.6,91,20.2,11.2,18.0,0.0,1015.5,0.0,35,,0.0,,1,muhimbili_tanzania
2022-08-03 04:00:00,21.4,92,20.0,10.2,19.1,0.0,1015.3,0.0,16,,0.0,,0,muhimbili_tanzania
2022-08-03 05:00:00,21.1,92,19.8,8.6,17.6,0.1,1015.4,0.0,20,,0.0,,51,muhimbili_tanzania
2022-08-03 06:00:00,20.9,93,19.6,7.1,15.1,0.0,1015.8,0.0,8,,0.0,,0,muhimbili_tanzania
2022-08-03 07:00:00,20.9,91,19.3,9.2,15.5,0.0,1016.2,7.0,20,,0.01,,1,muhimbili_tanzania
2022-08-03 08:00:00,22.5,82,19.4,10.3,20.2,0.0,1017.1,123.0,19,,0.09,,0,muhimbili_tanzania
2022-08-03 09:00:00,24.5,70,18.7,14.4,29.5,0.0,1017.9,313.0,9,,0.23,,0,muhimbili_tanzania
2022-08-03 10:00:00,26.2,61,18.2,14.7,33.5,0.0,1018.3,549.0,12,,0.39,,0,muhimbili_tanzania
2022-08-03 11:00:00,27.2,59,18.6,14.4,34.2,0.0,1017.9,706.0,20,,0.5,,1,muhimbili_tanzania
2022-08-03 12:00:00,28.0,55,18.3,15.5,35.6,0.0,1017.6,798.0,41,,0.57,,1,muhimbili_tanzania
2022-08-03 13:00:00,28.1,55,18.2,16.1,36.4,0.2,1016.8,778.0,31,,0.57,,51,muhimbili_tanzania
2022-08-03 14:00:00,28.1,53,17.6,18.2,38.2,0.1,1015.8,785.0,21,,0.58,,51,muhimbili_tanzania
2022-08-03 15:00:00,27.5,54,17.3,18.7,40.7,0.1,1014.6,637.0,31,,0.48,,51,muhimbili_tanzania
2022-08-03 16:00:00,27.1,55,17.3,18.1,38.5,0.0,1014.6,506.0,14,,0.4,,0,muhimbili_tanzania
2022-08-03 17:00:00,26.0,61,17.9,18.2,36.7,0.0,1014.8,329.0,19,,0.27,,0,muhimbili_tanzania
2022-08-03 18:00:00,24.7,68,18.4,15.8,35.3,0.0,1015.7,130.0,21,,0.14,,1,muhimbili_tanzania
2022-08-03 19:00:00,23.8,74,18.8,13.5,28.8,0.0,1016.4,6.0,28,,0.05,,1,muhimbili_tanzania
2022-08-03 20:00:00,23.2,78,19.1,11.8,24.1,0.0,1016.7,0.0,47,,0.03,,1,muhimbili_tanzania
2022-08-03 21:00:00,22.9,80,19.2,11.4,20.5,0.0,1017.7,0.0,34,,0.02,,1,muhimbili_tanzania
2022-08-03 22:00:00,22.5,82,19.3,11.0,20.2,0.0,1018.1,0.0,10,,0.02,,0,muhimbili_tanzania
2022-08-03 23:00:00,22.3,84,19.5,11.2,19.8,0.0,1018.1,0.0,3,,0.01,,0,muhimbili_tanzania
2022-08-04 00:00:00,22.1,85,19.5,12.8,22.3,0.0,1017.8,0.0,3,,0.02,,0,muhimbili_tanzania
2022-08-04 01:00:00,22.0,86,19.5,11.9,22.3,0.0,1017.1,0.0,2,,0.01,,0,muhimbili_tanzania
2022-08-04 02:00:00,21.7,87,19.4,10.0,21.2,0.0,1016.6,0.0,9,,0.01,,0,muhimbili_tanzania
2022-08-04 03:00:00,21.4,88,19.4,7.7,17.3,0.0,1016.2,0.0,24,,0.0,,1,muhimbili_tanzania
2022-08-04 04:00:00,21.1,89,19.2,8.1,13.7,0.0,1016.2,0.0,18,,0.0,,0,muhimbili_tanzania
2022-08-04 05:00:00,21.0,88,19.0,9.0,20.9,0.1,1016.4,0.0,37,,0.0,,51,muhimbili_tanzania
2022-08-04 06:00:00,20.8,87,18.5,8.1,15.8,0.0,1016.6,0.0,21,,0.0,,1,muhimbili_tanzania
2022-08-04 07:00:00,20.6,87,18.4,8.9,14.8,0.0,1017.0,7.0,1,,0.01,,0,muhimbili_tanzania
2022-08-04 08:00:00,22.5,81,19.0,9.7,19.4,0.0,1017.6,137.0,5,,0.09,,0,muhimbili_tanzania
2022-08-04 09:00:00,24.6,71,19.0,13.1,27.4,0.0,1018.3,360.0,14,,0.25,,0,muhimbili_tanzania
2022-08-04 10:00:00,26.3,60,18.0,12.3,32.0,0.0,1018.7,550.0,12,,0.39,,0,muhimbili_tanzania
2022-08-04 11:00:00,27.2,56,17.7,12.7,31.7,0.1,1018.4,709.0,37,,0.51,,51,muhimbili_tanzania
2022-08-04 12:00:00,28.0,51,16.8,11.8,29.5,0.0,1018.0,729.0,21,,0.54,,1,muhimbili_tanzania
2022-08-04 13:00:00,28.7,46,16.1,15.1,33.1,0.0,1016.9,816.0,21,,0.61,,1,muhimbili_tanzania
2022-08-04 14:00:00,28.7,46,15.9,17.6,37.4,0.0,1016.1,823.0,15,,0.62,,0,muhimbili_tanzania
2022-08-04 15:00:00,26.3,56,16.8,16.1,37.8,0.0,1015.9,709.0,11,,0.5,,0,muhimbili_tanzania
2022-08-04 16:00:00,26.0,58,17.1,16.4,33.8,0.2,1015.7,408.0,42,,0.33,,51,muhimbili_tanzania
2022-08-04 17:00:00,25.5,62,17.6,15.8,33.5,0.1,1016.3,322.0,32,,0.26,,51,muhimbili_tanzania
2022-08-04 18:00:00,24.4,68,18.0,14.9,31.7,0.0,1016.4,126.0,20,,0.13,,1,muhimbili_tanzania
2022-08-04 19:00:00,23.4,74,18.5,10.7,26.3,0.0,1016.6,6.0,51,,0.04,,2,muhimbili_tanzania
2022-08-04 20:00:00,23.0,77,18.8,8.6,18.7,0.0,1017.1,0.0,53,,0.02,,2,muhimbili_tanzania
2022-08-04 21:00:00,23.3,76,18.9,8.8,16.2,0.0,1017.7,0.0,100,,0.02,,3,muhimbili_tanzania
2022-08-04 22:00:00,23.1,77,19.0,10.0,17.3,0.0,1018.0,0.0,100,,0.02,,3,muhimbili_tanzania
2022-08-04 23:00:00,23.1,78,19.0,10.6,18.7,0.0,1018.0,0.0,100,,0.03,,3,muhimbili_tanzania
2022-08-05 00:00:00,23.0,78,19.1,11.0,19.8,0.0,1017.8,0.0,100,,0.03,,3,muhimbili_tanzania
2022-08-05 01:00:00,22.9,79,19.1,9.3,19.4,0.0,1017.5,0.0,100,,0.02,,3,muhimbili_tanzania
2022-08-05 02:00:00,22.6,80,19.1,7.9,16.6,0.0,1016.9,0.0,100,,0.01,,3,muhimbili_tanzania
2022-08-05 03:00:00,22.4,83,19.3,6.5,14.0,0.0,1016.4,0.0,100,,0.0,,3,muhimbili_tanzania
2022-08-05 04:00:00,21.6,86,19.2,7.5,13.0,0.0,1016.3,0.0,24,,0.0,,1,muhimbili_tanzania
2022-08-05 05:00:00,21.2,87,19.0,6.9,13.3,0.0,1016.3,0.0,20,,0.0,,1,muhimbili_tanzania
2022-08-05 06:00:00,20.9,88,18.7,6.6,12.6,0.0,1016.6,0.0,6,,0.0,,0,muhimbili_tanzania
2022-08-05 07:00:00,20.9,88,18.8,6.6,11.5,0.0,1017.2,7.0,4,,0.01,,0,muhimbili_tanzania
2022-08-05 08:00:00,22.6,80,19.0,7.2,16.2,0.0,1018.2,143.0,8,,0.09,,0,muhimbili_tanzania
2022-08-05 09:00:00,24.6,70,18.9,10.1,22.7,0.0,1018.9,364.0,14,,0.25,,0,muhimbili_tanzania
2022-08-05 10:00:00,26.4,59,17.6,12.5,27.7,0.0,1019.0,549.0,21,,0.39,,1,muhimbili_tanzania
2022-08-05 11:00:00,27.3,53,17.0,14.3,31.7,0.1,1018.5,671.0,46,,0.49,,51,muhimbili_tanzania
2022-08-05 12:00:00,27.7,51,16.5,15.8,34.2,0.0,1018.0,697.0,48,,0.53,,1,muhimbili_tanzania
2022-08-05 13:00:00,28.2,48,16.1,16.2,34.9,0.0,1017.3,748.0,47,,0.57,,1,muhimbili_tanzania
2022-08-05 14:00:00,28.2,47,16.0,17.1,36.0,0.0,1016.5,704.0,43,,0.55,,1,muhimbili_tanzania
2022-08-05 15:00:00,26.8,54,16.6,16.2,37.8,0.0,1015.9,626.0,37,,0.47,,1,muhimbili_tanzania
2022-08-05 16:00:00,26.0,57,16.9,16.6,33.1,0.0,1015.9,330.0,100,,0.3,,3,muhimbili_tanzania
2022-08-05 17:00:00,25.4,61,17.3,15.7,33.1,0.0,1016.1,176.0,100,,0.2,,3,muhimbili_tanzania
2022-08-05 18:00:00,24.8,65,17.8,14.1,30.6,0.0,1016.5,57.0,88,,0.12,,3,muhimbili_tanzania
2022-08-05 19:00:00,24.1,69,18.1,12.0,25.9,0.0,1016.8,3.0,100,,0.07,,3,muhimbili_tanzania
2022-08-05 20:00:00,23.7,72,18.4,10.5,21.2,0.0,1017.0,0.0,61,,0.04,,2,muhimbili_tanzania
2022-08-05 21:00:00,23.2,76,18.7,8.8,18.7,0.0,1017.2,0.0,53,,0.02,,2,muhimbili_tanzania
2022-08-05 22:00:00,22.2,82,19.0,8.0,15.8,0.0,1017.5,0.0,67,,0.01,,2,muhimbili_tanzania
2022-08-05 23:00:00,21.8,86,19.4,6.6,14.0,0.0,1017.5,0.0,29,,0.0,,1,muhimbili_tanzania
2022-08-06 00:00:00,21.1,90,19.5,5.4,11.2,0.0,1017.4,0.0,22,,0.0,,1,muhimbili_tanzania
2022-08-06 01:00:00,20.8,91,19.3,4.8,9.4,0.0,1016.6,0.0,12,,0.0,,0,muhimbili_tanzania
2022-08-06 02:00:00,20.2,93,19.0,4.4,9.0,0.0,1016.1,0.0,14,,0.0,,0,muhimbili_tanzania
2022-08-06 03:00:00,20.6,91,19.1,5.2,8.3,0.0,1015.3,0.0,27,,0.0,,1,muhimbili_tanzania
2022-08-06 04:00:00,20.4,91,18.9,5.6,10.4,0.0,1015.6,0.0,21,,0.0,,1,muhimbili_tanzania
2022-08-06 05:00:00,20.3,91,18.7,6.6,11.9,0.0,1015.9,0.0,20,,0.0,,1,muhimbili_tanzania
2022-08-06 06:00:00,20.0,92,18.6,8.1,14.0,0.0,1016.5,0.0,30,,0.0,,1,muhimbili_tanzania
2022-08-06 07:00:00,20.2,91,18.7,8.1,14.4,0.0,1017.0,7.0,22,,0.01,,1,muhimbili_tanzania
2022-08-06 08:00:00,22.2,82,19.0,7.1,15.8,0.0,1018.0,132.0,11,,0.08,,0,muhimbili_tanzania
2022-08-06 09:00:00,24.3,70,18.5,8.0,19.8,0.0,1018.8,358.0,16,,0.24,,0,muhimbili_tanzania
2022-08-06 10:00:00,25.6,64,18.3,8.7,27.7,0.0,1018.9,525.0,21,,0.36,,1,muhimbili_tanzania
2022-08-06 11:00:00,26.3,59,17.8,9.5,24.5,0.1,1018.2,675.0,37,,0.47,,51,muhimbili_tanzania
2022-08-06 12:00:00,26.7,56,17.2,10.1,25.9,0.1,1017.5,716.0,59,,0.51,,51,muhimbili_tanzania
2022-08-06 13:00:00,27.3,52,16.7,11.8,28.1,0.0,1016.6,725.0,74,,0.53,,2,muhimbili_tanzania
2022-08-06 14:00:00,27.5,51,16.5,13.1,29.2,0.1,1015.7,609.0,58,,0.47,,51,muhimbili_tanzania
2022-08-06 15:00:00,27.6,49,16.1,14.7,32.0,0.1,1014.5,604.0,50,,0.47,,51,muhimbili_tanzania
2022-08-06 16:00:00,27.0,53,16.5,17.1,34.9,0.1,1014.5,513.0,69,,0.4,,51,muhimbili_tanzania
2022-08-06 17:00:00,25.6,61,17.6,15.3,35.3,0.0,1014.8,315.0,19,,0.26,,0,muhimbili_tanzania
2022-08-06 18:00:00,24.7,66,18.0,12.6,30.2,0.0,1015.3,124.0,23,,0.13,,1,muhimbili_tanzania
2022-08-06 19:00:00,23.5,74,18.5,12.8,23.4,0.0,1015.8,6.0,58,,0.05,,2,muhimbili_tanzania
2022-08-06 20:00:00,23.0,78,18.9,9.6,23.0,0.0,1015.7,0.0,47,,0.02,,1,muhimbili_tanzania
2022-08-06 21:00:00,22.5,81,19.1,9.7,17.3,0.0,1016.3,0.0,78,,0.02,,2,muhimbili_tanzania
2022-08-06 22:00:00,22.2,83,19.2,10.4,18.0,0.0,1016.3,0.0,20,,0.01,,1,muhimbili_tanzania
2022-08-06 23:00:00,22.0,83,18.9,11.2,19.8,0.0,1016.3,0.0,17,,0.02,,0,muhimbili_tanzania
2022-08-07 00:00:00,21.5,85,19.0,10.6,19.8,0.0,1015.7,0.0,12,,0.01,,0,muhimbili_tanzania
2022-08-07 01:00:00,21.3,87,19.0,11.9,21.2,0.0,1015.1,0.0,6,,0.01,,0,muhimbili_tanzania
2022-08-07 02:00:00,21.0,90,19.4,11.3,21.2,0.0,1014.7,0.0,13,,0.0,,0,muhimbili_tanzania
2022-08-07 03:00:00,20.9,91,19.4,6.8,19.4,0.0,1014.4,0.0,19,,0.0,,0,muhimbili_tanzania
2022-08-07 04:00:00,20.2,93,19.1,6.2,11.9,0.0,1014.3,0.0,39,,0.0,,1,muhimbili_tanzania
2022-08-07 05:00:00,20.0,93,18.9,6.9,12.6,0.0,1014.8,0.0,86,,0.0,,3,muhimbili_tanzania
2022-08-07 06:00:00,19.9,94,18.9,6.4,12.2,0.0,1015.1,0.0,63,,0.0,,2,muhimbili_tanzania
2022-08-07 07:00:00,20.2,92,18.9,7.6,12.6,0.0,1016.2,8.0,79,,0.0,,2,muhimbili_tanzania
2022-08-07 08:00:00,22.3,82,19.1,8.0,17.6,0.0,1017.0,149.0,89,,0.09,,3,muhimbili_tanzania
2022-08-07 09:00:00,24.5,71,18.9,8.6,23.8,0.0,1017.8,350.0,79,,0.23,,2,muhimbili_tanzania
2022-08-07 10:00:00,26.0,63,18.3,14.1,29.9,0.2,1017.6,555.0,85,,0.39,,51,muhimbili_tanzania
2022-08-07 11:00:00,26.5,55,16.8,16.9,36.7,0.2,1017.2,551.0,66,,0.42,,51,muhimbili_tanzania
2022-08-07 12:00:00,27.4,50,16.0,16.3,34.9,0.1,1016.7,692.0,71,,0.52,,51,muhimbili_tanzania
2022-08-07 13:00:00,27.7,48,15.6,15.4,34.6,0.1,1016.0,654.0,90,,0.51,,51,muhimbili_tanzania
2022-08-07 14:00:00,28.5,45,15.3,16.5,34.6,0.0,1015.2,675.0,43,,0.54,,1,muhimbili_tanzania
2022-08-07 15:00:00,26.8,51,15.9,17.7,40.0,0.0,1014.7,669.0,54,,0.5,,2,muhimbili_tanzania
2022-08-07 16:00:00,26.2,55,16.5,12.7,36.4,0.0,1014.5,295.0,98,,0.27,,3,muhimbili_tanzania
2022-08-07 17:00:00,26.4,53,15.9,14.8,29.2,0.0,1014.5,281.0,94,,0.26,,3,muhimbili_tanzania
2022-08-07 18:00:00,25.3,60,16.9,11.9,29.5,0.0,1014.9,120.0,100,,0.14,,3,muhimbili_tanzania
2022-08-07 19:00:00,24.3,67,17.9,11.5,21.6,0.0,1015.2,5.0,100,,0.06,,3,muhimbili_tanzania
2022-08-07 20:00:00,24.0,70,18.1,10.5,20.2,0.0,1015.3,0.0,100,,0.04,,3,muhimbili_tanzania
2022-08-07 21:00:00,23.5,73,18.2,9.4,18.7,0.0,1015.9,0.0,98,,0.03,,3,muhimbili_tanzania
2022-08-07 22:00:00,22.7,77,18.4,9.0,16.9,0.0,1016.1,0.0,98,,0.02,,3,muhimbili_tanzania
2022-08-07 23:00:00,22.0,81,18.7,10.4,19.1,0.0,1016.1,0.0,91,,0.02,,3,muhimbili_tanzania
2022-08-08 00:00:00,21.6,85,19.0,9.0,18.4,0.0,1015.8,0.0,29,,0.01,,1,muhimbili_tanzania
2022-08-08 01:00:00,21.3,88,19.3,9.7,16.6,0.0,1015.1,0.0,21,,0.0,,1,muhimbili_tanzania
2022-08-08 02:00:00,21.2,89,19.4,10.8,18.4,0.0,1014.4,0.0,48,,0.0,,1,muhimbili_tanzania
2022-08-08 03:00:00,21.1,89,19.4,10.9,21.2,0.0,1014.4,0.0,69,,0.0,,2,muhimbili_tanzania
2022-08-08 04:00:00,21.0,89,19.0,9.8,19.1,0.0,1014.0,0.0,21,,0.0,,1,muhimbili_tanzania
2022-08-08 05:00:00,21.0,86,18.7,10.9,18.4,0.0,1014.4,0.0,24,,0.01,,1,muhimbili_tanzania
2022-08-08 06:00:00,20.8,86,18.5,9.4,22.3,0.0,1015.0,0.0,42,,0.01,,1,muhimbili_tanzania
2022-08-08 07:00:00,21.0,86,18.5,10.5,17.6,0.0,1015.7,8.0,30,,0.02,,1,muhimbili_tanzania
2022-08-08 08:00:00,22.8,80,19.1,11.9,22.7,0.0,1016.8,125.0,81,,0.09,,3,muhimbili_tanzania
2022-08-08 09:00:00,24.0,74,19.1,12.8,32.4,0.0,1017.6,246.0,41,,0.18,,1,muhimbili_tanzania
2022-08-08 10:00:00,25.9,66,19.0,13.4,33.5,0.0,1017.6,483.0,31,,0.35,,1,muhimbili_tanzania
2022-08-08 11:00:00,27.1,56,17.7,16.9,38.9,0.1,1017.4,688.0,52,,0.5,,51,muhimbili_tanzania
2022-08-08 12:00:00,27.5,52,16.9,15.1,39.2,0.2,1016.9,757.0,57,,0.55,,51,muhimbili_tanzania
2022-08-08 13:00:00,26.4,55,16.8,17.1,37.4,0.3,1016.5,564.0,100,,0.44,,51,muhimbili_tanzania
2022-08-08 14:00:00,26.5,55,16.6,19.2,39.2,0.0,1015.8,631.0,100,,0.47,,3,muhimbili_tanzania
2022-08-08 15:00:00,24.9,66,18.1,16.4,39.6,0.1,1015.1,344.0,75,,0.28,,51,muhimbili_tanzania
2022-08-08 16:00:00,25.6,62,17.9,15.5,33.1,0.0,1014.7,376.0,29,,0.3,,1,muhimbili_tanzania
2022-08-08 17:00:00,25.2,65,18.0,13.0,34.2,0.0,1014.9,302.0,8,,0.23,,0,muhimbili_tanzania
2022-08-08 18:00:00,24.4,68,18.1,13.0,27.0,0.0,1015.4,132.0,36,,0.13,,1,muhimbili_tanzania
2022-08-08 19:00:00,23.2,77,19.0,10.0,23.0,0.0,1015.8,6.0,61,,0.04,,2,muhimbili_tanzania
2022-08-08 20:00:00,22.5,82,19.1,9.5,18.0,0.0,1016.3,0.0,86,,0.01,,3,muhimbili_tanzania
2022-08-08 21:00:00,21.9,85,19.2,8.9,16.9,0.0,1016.9,0.0,30,,0.01,,1,muhimbili_tanzania
2022-08-08 22:00:00,21.4,89,19.5,9.4,15.8,0.0,1017.1,0.0,19,,0.0,,0,muhimbili_tanzania
2022-08-08 23:00:00,21.4,90,19.8,10.3,16.9,0.0,1016.9,0.0,23,,0.0,,1,muhimbili_tanzania
2022-08-09 00:00:00,21.5,88,19.4,9.4,18.7,0.0,1016.6,0.0,4,,0.0,,0,muhimbili_tanzania
2022-08-09 01:00:00,21.2,88,19.1,8.8,16.6,0.0,1016.0,0.0,7,,0.0,,0,muhimbili_tanzania
2022-08-09 02:00:00,21.0,89,19.0,7.2,15.1,0.0,1015.4,0.0,10,,0.0,,0,muhimbili_tanzania
2022-08-09 03:00:00,20.9,90,19.2,6.8,12.6,0.0,1015.7,0.0,8,,0.0,,0,muhimbili_tanzania
2022-08-09 04:00:00,20.2,93,19.0,5.7,11.5,0.0,1015.6,0.0,18,,0.0,,0,muhimbili_tanzania
2022-08-09 05:00:00,20.4,92,19.0,5.1,11.2,0.0,1015.8,0.0,38,,0.0,,1,muhimbili_tanzania
2022-08-09 06:00:00,20.2,91,18.8,5.9,10.8,0.0,1016.2,0.0,65,,0.0,,2,muhimbili_tanzania
2022-08-09 07:00:00,20.4,89,18.5,6.7,11.2,0.0,1016.5,8.0,100,,0.01,,3,muhimbili_tanzania
2022-08-09 08:00:00,22.5,79,18.6,6.8,15.5,0.0,1017.3,146.0,98,,0.09,,3,muhimbili_tanzania
2022-08-09 09:00:00,24.5,68,18.2,7.3,19.1,0.0,1018.0,349.0,100,,0.24,,3,muhimbili_tanzania
2022-08-09 10:00:00,26.1,58,17.3,9.4,23.8,0.0,1018.3,564.0,97,,0.4,,3,muhimbili_tanzania
2022-08-09 11:00:00,27.2,52,16.6,12.1,27.7,0.0,1017.9,655.0,99,,0.48,,3,muhimbili_tanzania
2022-08-09 12:00:00,27.8,50,16.5,14.4,32.4,0.1,1017.3,766.0,98,,0.56,,51,muhimbili_tanzania
2022-08-09 13:00:00,27.7,53,17.1,16.0,35.3,0.1,1016.2,790.0,60,,0.58,,51,muhimbili_tanzania
2022-08-09 14:00:00,27.9,52,17.0,15.8,36.0,0.0,1015.2,755.0,35,,0.56,,1,muhimbili_tanzania
2022-08-09 15:00:00,27.6,53,17.1,15.5,34.9,0.0,1014.6,670.0,2,,0.5,,0,muhimbili_tanzania
2022-08-09 16:00:00,27.0,56,17.5,15.5,33.8,0.0,1014.2,557.0,21,,0.42,,1,muhimbili_tanzania
2022-08-09 17:00:00,26.4,60,17.9,14.6,32.8,0.0,1014.5,354.0,3,,0.28,,0,muhimbili_tanzania
2022-08-09 18:00:00,25.0,67,18.4,15.1,29.5,0.0,1014.9,140.0,1,,0.14,,0,muhimbili_tanzania
2022-08-09 19:00:00,23.7,75,19.0,14.0,27.0,0.0,1015.6,7.0,84,,0.05,,3,muhimbili_tanzania
2022-08-09 20:00:00,23.3,77,19.0,12.4,25.2,0.0,1016.0,0.0,82,,0.03,,3,muhimbili_tanzania
2022-08-09 21:00:00,23.0,79,19.2,12.6,21.6,0.0,1016.8,0.0,51,,0.03,,2,muhimbili_tanzania
2022-08-09 22:00:00,22.9,81,19.5,11.5,22.0,0.0,1016.9,0.0,100,,0.02,,3,muhimbili_tanzania
2022-08-09 23:00:00,23.2,80,19.6,12.3,21.6,0.0,1016.8,0.0,100,,0.03,,3,muhimbili_tanzania
2022-08-10 00:00:00,23.1,81,19.8,10.7,22.3,0.0,1016.7,0.0,100,,0.02,,3,muhimbili_tanzania
2022-08-10 01:00:00,22.9,83,19.9,8.9,19.1,0.1,1016.1,0.0,100,,0.01,,51,muhimbili_tanzania
2022-08-10 02:00:00,22.6,86,20.1,8.1,16.2,0.2,1015.7,0.0,100,,0.0,,51,muhimbili_tanzania
2022-08-10 03:00:00,22.4,86,19.9,7.6,15.8,0.2,1015.8,0.0,100,,0.0,,51,muhimbili_tanzania
2022-08-10 04:00:00,22.5,86,20.0,7.9,14.4,0.0,1015.6,0.0,77,,0.0,,2,muhimbili_tanzania
2022-08-10 05:00:00,22.0,88,20.0,8.3,14.8,0.0,1015.5,0.0,100,,0.0,,3,muhimbili_tanzania
2022-08-10 06:00:00,22.0,88,19.9,8.0,15.1,0.0,1015.7,0.0,76,,0.0,,2,muhimbili_tanzania
2022-08-10 07:00:00,22.0,88,19.9,10.6,16.6,0.0,1016.6,6.0,42,,0.02,,1,muhimbili_tanzania
2022-08-10 08:00:00,23.4,73,18.2,11.5,25.9,0.0,1017.2,122.0,63,,0.11,,2,muhimbili_tanzania
2022-08-10 09:00:00,24.4,71,18.8,12.2,25.2,0.0,1018.2,221.0,59,,0.18,,2,muhimbili_tanzania
2022-08-10 10:00:00,25.6,65,18.5,13.8,29.9,0.0,1018.4,360.0,56,,0.28,,2,muhimbili_tanzania
2022-08-10 11:00:00,27.5,56,18.0,15.2,35.6,0.0,1018.0,664.0,25,,0.49,,1,muhimbili_tanzania
2022-08-10 12:00:00,28.0,54,17.8,15.8,36.0,0.0,1017.0,707.0,60,,0.53,,2,muhimbili_tanzania
2022-08-10 13:00:00,28.5,54,18.2,15.0,36.7,0.1,1016.2,760.0,41,,0.57,,51,muhimbili_tanzania
2022-08-10 14:00:00,28.5,54,18.2,16.9,37.1,0.1,1015.3,743.0,53,,0.56,,51,muhimbili_tanzania
2022-08-10 15:00:00,26.5,66,19.5,11.3,38.9,0.0,1014.3,647.0,84,,0.45,,3,muhimbili_tanzania
2022-08-10 16:00:00,26.8,65,19.6,11.5,31.3,0.1,1014.2,503.0,90,,0.36,,51,muhimbili_tanzania
2022-08-10 17:00:00,26.0,69,20.0,11.9,31.3,0.0,1014.2,268.0,88,,0.21,,3,muhimbili_tanzania
2022-08-10 18:00:00,25.2,73,20.0,12.4,24.8,0.0,1014.4,122.0,92,,0.11,,3,muhimbili_tanzania
2022-08-10 19:00:00,24.2,77,20.0,12.7,24.1,0.0,1014.8,6.0,100,,0.04,,3,muhimbili_tanzania
2022-08-10 20:00:00,23.7,80,20.0,10.5,22.3,0.0,1015.5,0.0,100,,0.02,,3,muhimbili_tanzania
2022-08-10 21:00:00,23.2,83,20.1,7.2,18.4,0.0,1016.0,0.0,100,,0.01,,3,muhimbili_tanzania
2022-08-10 22:00:00,22.9,85,20.2,7.7,13.3,0.0,1016.3,0.0,93,,0.0,,3,muhimbili_tanzania
2022-08-10 23:00:00,23.0,85,20.2,9.0,15.8,0.0,1016.5,0.0,92,,0.01,,3,muhimbili_tanzania
2022-08-11 00:00:00,22.8,85,20.2,9.6,16.2,0.0,1016.3,0.0,15,,0.01,,0,muhimbili_tanzania
2022-08-11 01:00:00,22.6,86,20.1,9.8,18.0,0.0,1015.9,0.0,38,,0.01,,1,muhimbili_tanzania
2022-08-11 02:00:00,22.3,87,20.0,7.4,17.3,0.0,1015.3,0.0,58,,0.0,,2,muhimbili_tanzania
2022-08-11 03:00:00,22.2,87,19.9,8.6,14.8,0.0,1014.9,0.0,77,,0.0,,2,muhimbili_tanzania
2022-08-11 04:00:00,21.9,88,19.7,9.0,16.9,0.1,1015.0,0.0,40,,0.0,,51,muhimbili_tanzania
2022-08-11 05:00:00,21.8,87,19.5,9.8,18.4,0.0,1015.2,0.0,29,,0.01,,1,muhimbili_tanzania
2022-08-11 06:00:00,21.1,89,19.3,9.8,18.0,0.0,1015.7,0.0,31,,0.0,,1,muhimbili_tanzania
2022-08-11 07:00:00,21.4,88,19.4,9.6,17.3,0.0,1016.2,8.0,33,,0.02,,1,muhimbili_tanzania
2022-08-11 08:00:00,22.7,81,19.3,7.8,18.0,0.0,1017.0,137.0,24,,0.09,,1,muhimbili_tanzania
2022-08-11 09:00:00,24.5,73,19.3,12.6,28.1,0.0,1017.9,361.0,72,,0.24,,2,muhimbili_tanzania
2022-08-11 10:00:00,25.5,68,19.1,11.2,27.7,0.0,1018.0,442.0,99,,0.31,,3,muhimbili_tanzania
2022-08-11 11:00:00,26.5,63,18.8,11.7,30.2,0.0,1017.9,452.0,86,,0.35,,3,muhimbili_tanzania
2022-08-11 12:00:00,27.6,58,18.6,13.0,33.8,0.0,1017.4,655.0,39,,0.49,,1,muhimbili_tanzania
2022-08-11 13:00:00,28.0,55,18.1,15.6,36.7,0.1,1016.6,795.0,62,,0.58,,51,muhimbili_tanzania
2022-08-11 14:00:00,27.0,59,18.4,16.7,37.8,0.0,1015.8,558.0,69,,0.43,,2,muhimbili_tanzania
2022-08-11 15:00:00,26.7,62,18.8,16.9,40.3,0.4,1014.7,462.0,65,,0.36,,51,muhimbili_tanzania
2022-08-11 16:00:00,26.5,62,18.6,19.3,40.3,0.0,1014.2,449.0,27,,0.35,,1,muhimbili_tanzania
2022-08-11 17:00:00,25.8,64,18.5,17.9,40.3,0.0,1014.4,322.0,37,,0.26,,1,muhimbili_tanzania
2022-08-11 18:00:00,24.9,69,18.9,15.2,34.6,0.0,1014.9,116.0,25,,0.13,,1,muhimbili_tanzania
2022-08-11 19:00:00,24.1,74,19.2,12.3,28.8,0.0,1015.4,5.0,27,,0.05,,1,muhimbili_tanzania
2022-08-11 20:00:00,23.5,78,19.4,10.5,21.6,0.0,1015.6,0.0,14,,0.03,,0,muhimbili_tanzania
2022-08-11 21:00:00,23.0,81,19.5,9.2,18.7,0.0,1016.2,0.0,39,,0.02,,1,muhimbili_tanzania
2022-08-11 22:00:00,22.7,84,19.9,8.0,15.8,0.0,1016.6,0.0,74,,0.01,,2,muhimbili_tanzania
2022-08-11 23:00:00,22.5,84,19.8,8.8,15.5,0.0,1016.8,0.0,100,,0.01,,3,muhimbili_tanzania
2022-08-12 00:00:00,22.3,85,19.7,8.7,15.5,0.0,1016.7,0.0,98,,0.01,,3,muhimbili_tanzania
2022-08-12 01:00:00,22.2,85,19.6,9.0,15.8,0.0,1016.1,0.0,83,,0.01,,3,muhimbili_tanzania
2022-08-12 02:00:00,22.0,85,19.5,9.7,16.6,0.0,1015.4,0.0,55,,0.01,,2,muhimbili_tanzania
2022-08-12 03:00:00,21.2,90,19.5,6.2,17.3,0.0,1015.2,0.0,72,,0.0,,2,muhimbili_tanzania
2022-08-12 04:00:00,20.9,89,19.0,5.6,10.8,0.0,1015.1,0.0,13,,0.0,,0,muhimbili_tanzania
2022-08-12 05:00:00,20.9,87,18.6,6.3,11.2,0.0,1015.4,0.0,22,,0.0,,1,muhimbili_tanzania
2022-08-12 06:00:00,20.7,86,18.3,7.2,13.0,0.0,1015.9,0.0,8,,0.0,,0,muhimbili_tanzania
2022-08-12 07:00:00,20.9,85,18.2,8.4,14.8,0.0,1016.6,8.0,28,,0.02,,1,muhimbili_tanzania
2022-08-12 08:00:00,22.6,77,18.5,7.9,16.9,0.0,1017.3,134.0,36,,0.09,,1,muhimbili_tanzania
2022-08-12 09:00:00,24.3,70,18.5,8.4,20.2,0.0,1018.0,319.0,29,,0.22,,1,muhimbili_tanzania
2022-08-12 10:00:00,25.7,64,18.4,13.5,32.8,0.1,1018.4,523.0,50,,0.37,,51,muhimbili_tanzania
2022-08-12 11:00:00,26.4,61,18.1,13.0,33.1,0.1,1018.0,623.0,74,,0.44,,51,muhimbili_tanzania
2022-08-12 12:00:00,27.1,57,17.8,14.6,34.2,0.0,1017.4,689.0,68,,0.5,,2,muhimbili_tanzania
2022-08-12 13:00:00,27.2,57,18.0,17.0,38.2,0.0,1016.5,762.0,48,,0.54,,1,muhimbili_tanzania
2022-08-12 14:00:00,27.1,58,18.3,16.2,38.2,0.1,1015.7,665.0,37,,0.49,,51,muhimbili_tanzania
2022-08-12 15:00:00,26.5,59,18.0,19.5,37.1,0.0,1014.6,599.0,29,,0.44,,1,muhimbili_tanzania
2022-08-12 16:00:00,25.9,61,17.9,20.8,41.8,0.1,1014.2,487.0,93,,0.37,,51,muhimbili_tanzania
2022-08-12 17:00:00,25.5,62,17.8,19.1,41.0,0.0,1014.4,275.0,63,,0.25,,2,muhimbili_tanzania
2022-08-12 18:00:00,24.6,66,18.0,16.1,36.7,0.0,1014.7,113.0,85,,0.14,,3,muhimbili_tanzania
2022-08-12 19:00:00,23.8,73,18.5,12.6,29.9,0.0,1015.2,6.0,71,,0.05,,2,muhimbili_tanzania
2022-08-12 20:00:00,23.0,78,19.0,11.0,22.3,0.0,1015.5,0.0,97,,0.03,,3,muhimbili_tanzania
2022-08-12 21:00:00,22.5,81,19.0,10.1,19.4,0.0,1016.2,0.0,82,,0.02,,3,muhimbili_tanzania
2022-08-12 22:00:00,22.1,83,19.1,9.3,17.6,0.0,1016.5,0.0,82,,0.01,,3,muhimbili_tanzania
2022-08-12 23:00:00,21.6,86,19.2,8.6,16.6,0.0,1016.5,0.0,97,,0.0,,3,muhimbili_tanzania
2022-08-13 00:00:00,21.5,88,19.4,8.7,15.1,0.0,1016.5,0.0,98,,0.0,,3,muhimbili_tanzania
2022-08-13 01:00:00,21.2,89,19.5,8.3,15.1,0.0,1016.0,0.0,95,,0.0,,3,muhimbili_tanzania
2022-08-13 02:00:00,21.0,91,19.5,7.2,14.8,0.0,1015.6,0.0,93,,0.0,,3,muhimbili_tanzania
2022-08-13 03:00:00,21.1,88,19.1,6.4,13.0,0.0,1015.0,0.0,95,,0.0,,3,muhimbili_tanzania
2022-08-13 04:00:00,20.5,90,18.8,6.6,11.9,0.0,1014.8,0.0,88,,0.0,,3,muhimbili_tanzania
2022-08-13 05:00:00,20.1,91,18.7,7.7,13.7,0.0,1015.0,0.0,96,,0.0,,3,muhimbili_tanzania
2022-08-13 06:00:00,20.0,92,18.6,7.8,13.7,0.0,1015.5,0.0,65,,0.0,,2,muhimbili_tanzania
2022-08-13 07:00:00,20.5,89,18.6,8.7,14.4,0.0,1016.1,9.0,96,,0.01,,3,muhimbili_tanzania
2022-08-13 08:00:00,22.4,81,19.0,7.0,15.8,0.0,1016.7,143.0,58,,0.09,,2,muhimbili_tanzania
2022-08-13 09:00:00,24.5,70,18.6,10.0,23.0,0.0,1017.6,358.0,18,,0.24,,0,muhimbili_tanzania
2022-08-13 10:00:00,26.1,62,18.2,11.0,27.7,0.1,1017.5,540.0,32,,0.38,,51,muhimbili_tanzania
2022-08-13 11:00:00,27.3,58,18.2,14.4,33.1,0.3,1016.9,735.0,45,,0.52,,51,muhimbili_tanzania
2022-08-13 12:00:00,28.0,54,17.7,15.5,34.2,0.1,1016.2,746.0,35,,0.55,,51,muhimbili_tanzania
2022-08-13 13:00:00,28.2,52,17.4,16.9,36.7,0.0,1015.3,813.0,23,,0.6,,1,muhimbili_tanzania
2022-08-13 14:00:00,28.2,51,17.2,16.0,36.7,0.0,1014.5,764.0,36,,0.57,,1,muhimbili_tanzania
2022-08-13 15:00:00,27.1,57,17.8,17.5,35.3,0.2,1013.3,668.0,53,,0.49,,51,muhimbili_tanzania
2022-08-13 16:00:00,26.5,61,18.3,17.3,36.4,0.3,1012.9,418.0,29,,0.33,,51,muhimbili_tanzania
2022-08-13 17:00:00,26.1,63,18.4,15.9,34.6,0.1,1013.3,296.0,49,,0.25,,51,muhimbili_tanzania
2022-08-13 18:00:00,25.1,68,18.8,13.7,31.7,0.0,1013.5,108.0,36,,0.12,,1,muhimbili_tanzania
2022-08-13 19:00:00,24.0,75,19.3,11.5,25.6,0.0,1013.9,5.0,27,,0.05,,1,muhimbili_tanzania
2022-08-13 20:00:00,23.4,79,19.6,12.7,22.7,0.0,1014.4,0.0,36,,0.03,,1,muhimbili_tanzania
2022-08-13 21:00:00,23.0,82,19.8,11.5,22.3,0.0,1015.4,0.0,17,,0.02,,0,muhimbili_tanzania
2022-08-13 22:00:00,22.9,82,19.6,12.0,20.9,0.0,1015.9,0.0,16,,0.02,,0,muhimbili_tanzania
2022-08-13 23:00:00,22.8,81,19.4,11.2,21.6,0.0,1016.2,0.0,15,,0.02,,0,muhimbili_tanzania
2022-08-14 00:00:00,22.7,81,19.3,11.7,20.5,0.0,1016.1,0.0,14,,0.02,,0,muhimbili_tanzania
2022-08-14 01:00:00,22.6,81,19.2,12.5,21.6,0.0,1015.6,0.0,21,,0.02,,1,muhimbili_tanzania
2022-08-14 02:00:00,22.5,81,19.1,11.8,21.6,0.0,1015.0,0.0,12,,0.02,,0,muhimbili_tanzania
2022-08-14 03:00:00,22.2,83,19.2,10.9,20.5,0.0,1014.6,0.0,9,,0.02,,0,muhimbili_tanzania
2022-08-14 04:00:00,22.0,83,19.1,10.3,18.7,0.0,1014.1,0.0,22,,0.01,,1,muhimbili_tanzania
2022-08-14 05:00:00,21.9,84,19.0,9.9,17.6,0.0,1014.2,0.0,20,,0.01,,1,muhimbili_tanzania
2022-08-14 06:00:00,21.9,84,19.0,9.7,17.3,0.0,1014.6,0.0,16,,0.01,,0,muhimbili_tanzania
2022-08-14 07:00:00,22.2,83,19.1,10.2,16.9,0.0,1015.0,9.0,15,,0.03,,0,muhimbili_tanzania
2022-08-14 08:00:00,24.0,74,19.2,10.0,20.5,0.0,1015.9,146.0,100,,0.11,,3,muhimbili_tanzania
2022-08-14 09:00:00,26.0,63,18.5,15.7,32.0,0.1,1016.5,377.0,32,,0.29,,51,muhimbili_tanzania
2022-08-14 10:00:00,27.0,58,18.1,16.8,35.6,0.1,1016.7,554.0,29,,0.41,,51,muhimbili_tanzania
2022-08-14 11:00:00,27.6,54,17.5,18.4,38.5,0.0,1016.3,654.0,53,,0.5,,2,muhimbili_tanzania
2022-08-14 12:00:00,27.5,55,17.8,19.5,41.4,0.1,1015.7,759.0,100,,0.55,,51,muhimbili_tanzania
2022-08-14 13:00:00,27.3,56,17.8,19.3,41.0,0.1,1015.0,747.0,55,,0.54,,51,muhimbili_tanzania
2022-08-14 14:00:00,26.9,62,18.9,19.2,41.0,0.2,1013.8,639.0,58,,0.46,,51,muhimbili_tanzania
2022-08-14 15:00:00,26.5,62,18.5,18.1,39.6,0.2,1013.3,499.0,86,,0.38,,51,muhimbili_tanzania
2022-08-14 16:00:00,26.5,61,18.4,18.5,37.4,0.3,1012.7,473.0,49,,0.36,,51,muhimbili_tanzania
2022-08-14 17:00:00,25.4,66,18.5,17.6,37.1,0.3,1012.9,269.0,70,,0.23,,51,muhimbili_tanzania
2022-08-14 18:00:00,24.5,70,18.6,13.7,33.5,0.1,1013.2,78.0,78,,0.11,,51,muhimbili_tanzania
2022-08-14 19:00:00,24.1,74,19.1,11.9,24.8,0.0,1013.5,4.0,42,,0.06,,1,muhimbili_tanzania
2022-08-14 20:00:00,23.8,76,19.2,11.8,20.9,0.0,1014.1,0.0,37,,0.03,,1,muhimbili_tanzania
2022-08-14 21:00:00,23.3,78,19.3,11.5,20.5,0.0,1014.4,0.0,21,,0.03,,1,muhimbili_tanzania
2022-08-14 22:00:00,23.1,80,19.5,10.3,19.8,0.0,1014.7,0.0,24,,0.02,,1,muhimbili_tanzania
2022-08-14 23:00:00,23.1,80,19.6,9.1,18.0,0.0,1014.7,0.0,19,,0.02,,0,muhimbili_tanzania
2022-08-15 00:00:00,22.8,83,19.7,8.7,15.5,0.0,1014.6,0.0,27,,0.01,,1,muhimbili_tanzania
2022-08-15 01:00:00,22.4,85,19.7,7.7,15.1,0.1,1014.2,0.0,32,,0.0,,51,muhimbili_tanzania
2022-08-15 02:00:00,22.0,87,19.8,5.8,13.3,0.1,1013.5,0.0,37,,0.0,,51,muhimbili_tanzania
2022-08-15 03:00:00,22.0,87,19.7,5.2,10.4,0.0,1013.0,0.0,72,,0.0,,2,muhimbili_tanzania
2022-08-15 04:00:00,21.5,90,19.7,5.4,9.4,0.0,1012.7,0.0,96,,0.0,,3,muhimbili_tanzania
2022-08-15 05:00:00,21.1,91,19.6,5.1,9.7,0.0,1012.8,0.0,21,,0.0,,1,muhimbili_tanzania
2022-08-15 06:00:00,21.1,91,19.6,5.4,9.4,0.0,1013.0,0.0,12,,0.0,,0,muhimbili_tanzania
2022-08-15 07:00:00,21.5,89,19.6,7.0,11.5,0.0,1013.8,10.0,18,,0.01,,0,muhimbili_tanzania
2022-08-15 08:00:00,23.5,80,19.8,7.2,16.2,0.0,1014.9,143.0,19,,0.1,,0,muhimbili_tanzania
2022-08-15 09:00:00,25.2,70,19.4,12.1,26.3,0.1,1015.8,352.0,28,,0.25,,51,muhimbili_tanzania
2022-08-15 10:00:00,26.0,67,19.5,13.2,29.5,0.4,1016.0,543.0,48,,0.37,,51,muhimbili_tanzania
2022-08-15 11:00:00,26.6,63,19.0,14.5,32.4,0.3,1015.8,689.0,100,,0.48,,51,muhimbili_tanzania
2022-08-15 12:00:00,26.9,63,19.1,15.8,34.6,0.3,1015.3,704.0,84,,0.49,,51,muhimbili_tanzania
2022-08-15 13:00:00,26.9,63,19.2,16.7,36.7,0.4,1014.6,785.0,92,,0.54,,51,muhimbili_tanzania
2022-08-15 14:00:00,26.8,65,19.7,16.1,36.7,0.4,1013.9,703.0,71,,0.49,,51,muhimbili_tanzania
2022-08-15 15:00:00,26.1,67,19.5,16.3,34.9,0.1,1013.6,515.0,47,,0.37,,51,muhimbili_tanzania
2022-08-15 16:00:00,25.4,70,19.5,14.7,34.9,0.3,1013.0,424.0,100,,0.3,,51,muhimbili_tanzania
2022-08-15 17:00:00,25.0,69,19.0,14.9,30.2,0.1,1012.9,205.0,100,,0.19,,51,muhimbili_tanzania
2022-08-15 18:00:00,24.5,71,19.0,14.7,29.9,0.0,1013.4,57.0,100,,0.1,,3,muhimbili_tanzania
2022-08-15 19:00:00,23.7,77,19.4,12.5,27.4,0.0,1013.5,4.0,33,,0.05,,1,muhimbili_tanzania
2022-08-15 20:00:00,23.0,81,19.5,11.7,22.0,0.0,1013.8,0.0,33,,0.02,,1,muhimbili_tanzania
2022-08-15 21:00:00,22.7,83,19.7,10.5,20.2,0.0,1014.6,0.0,91,,0.01,,3,muhimbili_tanzania
2022-08-15 22:00:00,22.7,83,19.6,10.8,18.7,0.0,1015.1,0.0,83,,0.02,,3,muhimbili_tanzania
2022-08-15 23:00:00,22.5,83,19.5,11.3,19.1,0.0,1015.6,0.0,86,,0.02,,3,muhimbili_tanzania
2022-08-16 00:00:00,22.5,83,19.5,11.5,20.2,0.0,1015.5,0.0,94,,0.02,,3,muhimbili_tanzania
2022-08-16 01:00:00,22.3,84,19.5,10.4,20.2,0.0,1015.0,0.0,74,,0.01,,2,muhimbili_tanzania
2022-08-16 02:00:00,21.9,87,19.5,8.1,17.6,0.0,1014.6,0.0,100,,0.0,,3,muhimbili_tanzania
2022-08-16 03:00:00,21.8,87,19.6,7.2,14.4,0.0,1014.3,0.0,100,,0.0,,3,muhimbili_tanzania
2022-08-16 04:00:00,21.8,88,19.6,5.8,12.2,0.0,1014.3,0.0,97,,0.0,,3,muhimbili_tanzania
2022-08-16 05:00:00,21.0,91,19.5,5.5,10.4,0.0,1014.7,0.0,100,,0.0,,3,muhimbili_tanzania
2022-08-16 06:00:00,20.7,92,19.3,6.4,11.5,0.0,1014.8,0.0,100,,0.0,,3,muhimbili_tanzania
2022-08-16 07:00:00,20.8,90,19.1,7.4,12.2,0.0,1015.3,10.0,99,,0.01,,3,muhimbili_tanzania
2022-08-16 08:00:00,23.0,80,19.3,8.5,18.4,0.0,1016.1,155.0,100,,0.1,,3,muhimbili_tanzania
2022-08-16 09:00:00,25.0,69,18.9,10.5,23.4,0.0,1016.7,372.0,100,,0.26,,3,muhimbili_tanzania
2022-08-16 10:00:00,26.8,59,18.2,11.9,28.4,0.1,1016.6,592.0,100,,0.42,,51,muhimbili_tanzania
2022-08-16 11:00:00,28.0,53,17.5,13.9,30.6,0.0,1016.2,684.0,100,,0.51,,3,muhimbili_tanzania
2022-08-16 12:00:00,28.7,48,16.7,16.0,33.8,0.0,1015.6,675.0,100,,0.54,,3,muhimbili_tanzania
2022-08-16 13:00:00,29.5,45,16.4,18.4,39.2,0.0,1014.8,842.0,100,,0.65,,3,muhimbili_tanzania
2022-08-16 14:00:00,29.3,45,16.2,18.1,39.6,0.0,1014.3,813.0,93,,0.63,,3,muhimbili_tanzania
2022-08-16 15:00:00,28.6,48,16.5,18.3,38.5,0.0,1013.8,697.0,93,,0.54,,3,muhimbili_tanzania
2022-08-16 16:00:00,28.0,51,17.0,18.1,38.9,0.0,1013.4,558.0,81,,0.45,,3,muhimbili_tanzania
2022-08-16 17:00:00,27.0,54,16.8,15.8,36.7,0.0,1013.7,309.0,18,,0.28,,0,muhimbili_tanzania
2022-08-16 18:00:00,25.8,60,17.4,12.5,31.0,0.0,1014.2,143.0,5,,0.15,,0,muhimbili_tanzania
2022-08-16 19:00:00,24.1,72,18.7,13.0,22.7,0.0,1014.6,7.0,7,,0.05,,0,muhimbili_tanzania
2022-08-16 20:00:00,23.1,80,19.6,10.9,22.7,0.0,1015.0,0.0,10,,0.02,,0,muhimbili_tanzania
2022-08-16 21:00:00,22.7,84,19.9,11.4,19.4,0.0,1016.0,0.0,10,,0.01,,0,muhimbili_tanzania
2022-08-16 22:00:00,22.5,84,19.8,10.9,19.8,0.0,1016.5,0.0,14,,0.01,,0,muhimbili_tanzania
2022-08-16 23:00:00,22.4,85,19.7,11.0,19.1,0.0,1016.5,0.0,19,,0.01,,0,muhimbili_tanzania
2022-08-17 00:00:00,22.2,85,19.7,10.4,18.7,0.0,1016.1,0.0,98,,0.01,,3,muhimbili_tanzania
2022-08-17 01:00:00,21.9,88,19.9,9.1,18.4,0.0,1015.5,0.0,93,,0.0,,3,muhimbili_tanzania
2022-08-17 02:00:00,21.4,92,20.0,8.9,15.8,0.0,1014.7,0.0,92,,0.0,,3,muhimbili_tanzania
2022-08-17 03:00:00,21.3,91,19.7,7.9,15.5,0.0,1014.5,0.0,35,,0.0,,1,muhimbili_tanzania
2022-08-17 04:00:00,20.8,92,19.4,8.3,14.4,0.0,1014.6,0.0,97,,0.0,,3,muhimbili_tanzania
2022-08-17 05:00:00,20.5,93,19.4,8.2,15.1,0.0,1015.0,0.0,100,,0.0,,3,muhimbili_tanzania
2022-08-17 06:00:00,20.4,94,19.4,8.4,15.1,0.0,1015.7,0.0,100,,0.0,,3,muhimbili_tanzania
2022-08-17 07:00:00,21.0,91,19.5,8.8,14.8,0.0,1016.1,10.0,100,,0.01,,3,muhimbili_tanzania
2022-08-17 08:00:00,22.8,84,19.9,9.7,19.4,0.0,1017.0,144.0,100,,0.09,,3,muhimbili_tanzania
2022-08-17 09:00:00,24.6,74,19.6,11.3,25.2,0.0,1017.6,339.0,100,,0.23,,3,muhimbili_tanzania
2022-08-17 10:00:00,26.6,63,19.0,11.8,31.3,0.0,1017.5,585.0,92,,0.41,,3,muhimbili_tanzania
2022-08-17 11:00:00,28.0,55,18.0,13.0,30.2,0.1,1016.9,749.0,37,,0.54,,51,muhimbili_tanzania
2022-08-17 12:00:00,28.6,51,17.6,14.5,32.4,0.1,1016.0,782.0,31,,0.58,,51,muhimbili_tanzania
2022-08-17 13:00:00,28.9,49,17.2,16.1,35.3,0.1,1015.0,832.0,36,,0.62,,51,muhimbili_tanzania
2022-08-17 14:00:00,28.6,50,17.3,18.1,38.2,0.2,1014.2,807.0,45,,0.6,,51,muhimbili_tanzania
2022-08-17 15:00:00,27.5,56,18.1,18.3,38.5,0.3,1013.4,675.0,35,,0.5,,51,muhimbili_tanzania
2022-08-17 16:00:00,27.1,59,18.5,18.5,37.8,0.4,1013.0,508.0,28,,0.39,,51,muhimbili_tanzania
2022-08-17 17:00:00,26.4,64,19.1,17.4,37.1,0.0,1013.1,346.0,9,,0.27,,0,muhimbili_tanzania
2022-08-17 18:00:00,25.1,70,19.2,14.7,33.8,0.0,1013.5,141.0,4,,0.13,,0,muhimbili_tanzania
2022-08-17 19:00:00,23.8,78,19.7,10.7,25.9,0.0,1013.8,7.0,1,,0.03,,0,muhimbili_tanzania
2022-08-17 20:00:00,23.0,84,20.1,9.2,19.1,0.0,1014.4,0.0,1,,0.01,,0,muhimbili_tanzania
2022-08-17 21:00:00,22.5,88,20.5,8.5,16.2,0.0,1015.1,0.0,4,,0.0,,0,muhimbili_tanzania
2022-08-17 22:00:00,22.4,90,20.5,8.7,15.8,0.0,1015.4,0.0,16,,0.0,,0,muhimbili_tanzania
2022-08-17 23:00:00,22.1,91,20.5,9.5,16.6,0.0,1015.3,0.0,16,,0.0,,0,muhimbili_tanzania
2022-08-18 00:00:00,22.0,91,20.5,9.8,17.3,0.0,1015.0,0.0,28,,0.0,,1,muhimbili_tanzania
2022-08-18 01:00:00,22.0,91,20.4,10.2,18.4,0.0,1014.7,0.0,33,,0.0,,1,muhimbili_tanzania
2022-08-18 02:00:00,22.0,90,20.4,10.2,18.0,0.0,1014.1,0.0,30,,0.0,,1,muhimbili_tanzania
2022-08-18 03:00:00,22.3,88,20.2,11.0,18.0,0.0,1014.1,0.0,22,,0.01,,1,muhimbili_tanzania
2022-08-18 04:00:00,22.2,87,20.0,10.5,19.4,0.0,1013.9,0.0,17,,0.01,,0,muhimbili_tanzania
2022-08-18 05:00:00,22.2,87,20.0,8.9,18.4,0.0,1014.1,0.0,18,,0.0,,0,muhimbili_tanzania
2022-08-18 06:00:00,21.6,91,20.1,6.4,15.5,0.0,1014.8,0.0,46,,0.0,,1,muhimbili_tanzania
2022-08-18 07:00:00,21.6,91,20.1,5.7,11.5,0.0,1015.2,11.0,48,,0.01,,1,muhimbili_tanzania
2022-08-18 08:00:00,23.6,81,20.1,6.3,15.8,0.0,1016.2,157.0,84,,0.1,,3,muhimbili_tanzania
2022-08-18 09:00:00,25.4,71,19.6,6.4,18.4,0.0,1016.9,394.0,97,,0.26,,3,muhimbili_tanzania
2022-08-18 10:00:00,27.1,59,18.3,8.9,23.0,0.0,1017.0,571.0,98,,0.41,,3,muhimbili_tanzania
2022-08-18 11:00:00,28.5,52,17.8,11.6,27.7,0.0,1016.3,755.0,95,,0.55,,3,muhimbili_tanzania
2022-08-18 12:00:00,28.7,51,17.7,15.5,33.8,0.1,1015.6,789.0,93,,0.59,,51,muhimbili_tanzania
2022-08-18 13:00:00,28.4,56,18.8,17.9,38.2,0.5,1014.8,772.0,70,,0.57,,53,muhimbili_tanzania
2022-08-18 14:00:00,27.6,59,19.0,20.5,42.5,0.2,1014.1,646.0,35,,0.48,,51,muhimbili_tanzania
2022-08-18 15:00:00,27.2,61,19.2,20.5,43.2,0.0,1013.5,663.0,29,,0.48,,1,muhimbili_tanzania
2022-08-18 16:00:00,26.6,64,19.2,20.1,41.4,0.0,1013.1,464.0,25,,0.35,,1,muhimbili_tanzania
2022-08-18 17:00:00,25.6,69,19.5,19.0,40.3,0.0,1013.6,299.0,18,,0.24,,0,muhimbili_tanzania
2022-08-18 18:00:00,24.6,73,19.5,15.8,37.1,0.0,1014.1,131.0,1,,0.12,,0,muhimbili_tanzania
2022-08-18 19:00:00,23.7,79,19.9,13.0,29.2,0.0,1014.3,6.0,5,,0.04,,0,muhimbili_tanzania
2022-08-18 20:00:00,23.2,82,20.0,11.6,23.4,0.0,1014.6,0.0,11,,0.02,,0,muhimbili_tanzania
2022-08-18 21:00:00,23.0,85,20.2,9.6,20.5,0.0,1015.5,0.0,11,,0.01,,0,muhimbili_tanzania
2022-08-18 22:00:00,22.7,85,20.1,8.5,16.6,0.0,1015.9,0.0,24,,0.01,,1,muhimbili_tanzania
2022-08-18 23:00:00,22.6,85,19.9,8.0,15.5,0.0,1015.8,0.0,32,,0.01,,1,muhimbili_tanzania
2022-08-19 00:00:00,22.0,88,20.0,6.4,14.0,0.0,1015.5,0.0,14,,0.0,,0,muhimbili_tanzania
2022-08-19 01:00:00,21.8,90,20.0,7.0,11.9,0.0,1014.9,0.0,43,,0.0,,1,muhimbili_tanzania
2022-08-19 02:00:00,21.9,88,19.8,7.1,12.6,0.0,1014.2,0.0,42,,0.0,,1,muhimbili_tanzania
2022-08-19 03:00:00,21.6,90,20.0,5.9,12.2,0.0,1013.5,0.0,54,,0.0,,2,muhimbili_tanzania
2022-08-19 04:00:00,20.8,93,19.6,5.4,10.4,0.0,1013.4,0.0,13,,0.0,,0,muhimbili_tanzania
2022-08-19 05:00:00,20.5,93,19.4,5.6,10.1,0.0,1013.8,0.0,28,,0.0,,1,muhimbili_tanzania
2022-08-19 06:00:00,20.4,93,19.2,6.6,11.9,0.0,1014.5,0.0,24,,0.0,,1,muhimbili_tanzania
2022-08-19 07:00:00,20.5,92,19.1,7.7,12.6,0.0,1015.0,12.0,13,,0.01,,0,muhimbili_tanzania
2022-08-19 08:00:00,23.0,81,19.5,7.2,16.6,0.0,1015.7,169.0,20,,0.1,,1,muhimbili_tanzania
2022-08-19 09:00:00,25.0,70,19.0,9.0,20.9,0.1,1016.7,380.0,50,,0.26,,51,muhimbili_tanzania
2022-08-19 10:00:00,26.5,61,18.4,12.6,28.1,0.0,1017.0,546.0,59,,0.39,,2,muhimbili_tanzania
2022-08-19 11:00:00,27.6,56,17.9,15.0,33.5,0.1,1016.8,727.0,41,,0.53,,51,muhimbili_tanzania
2022-08-19 12:00:00,27.5,57,18.3,16.5,36.4,0.0,1016.1,754.0,50,,0.54,,2,muhimbili_tanzania
2022-08-19 13:00:00,27.8,56,18.2,17.6,38.2,0.0,1015.3,784.0,36,,0.57,,1,muhimbili_tanzania
2022-08-19 14:00:00,27.8,56,18.0,18.8,39.6,0.0,1014.3,725.0,71,,0.54,,2,muhimbili_tanzania
2022-08-19 15:00:00,27.3,58,18.4,18.2,39.6,0.0,1013.7,565.0,22,,0.43,,1,muhimbili_tanzania
2022-08-19 16:00:00,27.0,58,18.1,18.6,38.2,0.0,1013.4,552.0,26,,0.42,,1,muhimbili_tanzania
2022-08-19 17:00:00,26.3,59,17.8,19.0,38.2,0.0,1013.8,336.0,3,,0.29,,0,muhimbili_tanzania
2022-08-19 18:00:00,25.2,64,17.9,16.5,37.4,0.0,1014.4,138.0,8,,0.15,,0,muhimbili_tanzania
2022-08-19 19:00:00,24.1,72,18.6,12.9,29.2,0.0,1014.8,6.0,0,,0.06,,0,muhimbili_tanzania
2022-08-19 20:00:00,23.4,76,19.0,10.4,23.0,0.0,1015.3,0.0,0,,0.03,,0,muhimbili_tanzania
2022-08-19 21:00:00,22.7,82,19.4,8.3,18.4,0.0,1016.0,0.0,5,,0.01,,0,muhimbili_tanzania
2022-08-19 22:00:00,22.2,84,19.5,8.2,14.4,0.0,1016.1,0.0,6,,0.01,,0,muhimbili_tanzania
2022-08-19 23:00:00,22.0,86,19.6,8.4,14.8,0.0,1016.1,0.0,19,,0.0,,0,muhimbili_tanzania
2022-08-20 00:00:00,21.9,87,19.5,8.4,14.8,0.0,1015.9,0.0,20,,0.0,,1,muhimbili_tanzania
2022-08-20 01:00:00,21.6,87,19.5,7.6,14.8,0.0,1015.4,0.0,33,,0.0,,1,muhimbili_tanzania
2022-08-20 02:00:00,21.8,86,19.4,8.2,14.8,0.0,1015.1,0.0,25,,0.0,,1,muhimbili_tanzania
2022-08-20 03:00:00,21.6,88,19.6,7.5,14.4,0.0,1014.8,0.0,29,,0.0,,1,muhimbili_tanzania
2022-08-20 04:00:00,21.1,91,19.5,5.5,12.6,0.0,1014.7,0.0,37,,0.0,,1,muhimbili_tanzania
2022-08-20 05:00:00,21.0,89,19.2,6.4,11.2,0.0,1015.0,0.0,30,,0.0,,1,muhimbili_tanzania
2022-08-20 06:00:00,20.6,90,19.0,5.8,11.2,0.0,1015.4,0.0,20,,0.0,,1,muhimbili_tanzania
2022-08-20 07:00:00,21.1,88,19.0,7.2,11.9,0.0,1015.9,12.0,27,,0.01,,1,muhimbili_tanzania
2022-08-20 08:00:00,23.1,78,19.0,7.1,16.6,0.0,1016.4,156.0,26,,0.1,,1,muhimbili_tanzania
2022-08-20 09:00:00,25.0,67,18.5,9.7,23.0,0.1,1017.1,376.0,39,,0.26,,51,muhimbili_tanzania
2022-08-20 10:00:00,26.4,61,18.1,10.5,25.6,0.1,1017.1,577.0,69,,0.41,,51,muhimbili_tanzania
2022-08-20 11:00:00,27.2,56,17.6,13.2,30.2,0.1,1016.9,728.0,100,,0.52,,51,muhimbili_tanzania
2022-08-20 12:00:00,27.4,57,18.2,15.1,33.5,0.1,1016.3,722.0,89,,0.52,,51,muhimbili_tanzania
2022-08-20 13:00:00,26.5,63,18.9,16.9,36.0,0.0,1015.7,544.0,100,,0.41,,3,muhimbili_tanzania
2022-08-20 14:00:00,26.8,61,18.7,16.6,36.7,0.0,1014.8,559.0,30,,0.42,,1,muhimbili_tanzania
2022-08-20 15:00:00,26.2,63,18.5,17.4,37.8,0.0,1013.6,688.0,27,,0.47,,1,muhimbili_tanzania
2022-08-20 16:00:00,26.6,59,17.9,17.4,36.0,0.0,1013.2,425.0,24,,0.35,,1,muhimbili_tanzania
2022-08-20 17:00:00,26.2,58,17.2,18.7,37.1,0.0,1013.8,357.0,13,,0.3,,0,muhimbili_tanzania
2022-08-20 18:00:00,24.9,64,17.5,17.7,36.7,0.0,1014.6,143.0,2,,0.16,,0,muhimbili_tanzania
2022-08-20 19:00:00,23.8,71,18.1,14.8,31.3,0.0,1015.0,7.0,0,,0.06,,0,muhimbili_tanzania
2022-08-20 20:00:00,23.1,75,18.4,13.3,26.3,0.0,1015.4,0.0,0,,0.04,,0,muhimbili_tanzania
2022-08-20 21:00:00,22.8,77,18.5,12.6,24.1,0.0,1016.3,0.0,0,,0.03,,0,muhimbili_tanzania
2022-08-20 22:00:00,22.5,78,18.4,11.7,22.7,0.0,1016.7,0.0,0,,0.03,,0,muhimbili_tanzania
2022-08-20 23:00:00,22.2,80,18.5,9.7,20.5,0.0,1017.1,0.0,3,,0.02,,0,muhimbili_tanzania
2022-08-21 00:00:00,22.0,81,18.5,8.5,16.9,0.0,1017.0,0.0,3,,0.01,,0,muhimbili_tanzania
2022-08-21 01:00:00,21.5,83,18.4,7.3,15.1,0.0,1016.6,0.0,0,,0.01,,0,muhimbili_tanzania
2022-08-21 02:00:00,21.2,86,18.7,7.3,12.6,0.0,1015.9,0.0,2,,0.0,,0,muhimbili_tanzania
2022-08-21 03:00:00,21.4,88,19.2,7.4,13.3,0.0,1015.9,0.0,12,,0.0,,0,muhimbili_tanzania
2022-08-21 04:00:00,20.5,91,19.0,6.2,13.0,0.0,1015.9,0.0,29,,0.0,,1,muhimbili_tanzania
2022-08-21 05:00:00,20.3,91,18.8,6.3,11.2,0.0,1015.8,0.0,7,,0.0,,0,muhimbili_tanzania
2022-08-21 06:00:00,20.1,91,18.6,6.5,11.5,0.0,1016.2,0.0,11,,0.0,,0,muhimbili_tanzania
2022-08-21 07:00:00,20.8,88,18.7,8.4,13.3,0.0,1017.1,12.0,22,,0.01,,1,muhimbili_tanzania
2022-08-21 08:00:00,22.9,79,19.0,8.6,18.4,0.0,1017.5,156.0,99,,0.1,,3,muhimbili_tanzania
2022-08-21 09:00:00,25.0,67,18.6,11.6,25.9,0.0,1017.9,372.0,53,,0.26,,2,muhimbili_tanzania
2022-08-21 10:00:00,27.0,56,17.6,12.5,28.8,0.0,1017.7,605.0,73,,0.44,,2,muhimbili_tanzania
2022-08-21 11:00:00,28.5,49,16.8,14.1,32.0,0.0,1017.1,769.0,43,,0.57,,1,muhimbili_tanzania
2022-08-21 12:00:00,29.3,45,16.0,17.1,36.4,0.0,1016.4,827.0,100,,0.64,,3,muhimbili_tanzania
2022-08-21 13:00:00,29.2,45,16.0,19.3,40.3,0.0,1015.9,786.0,58,,0.62,,2,muhimbili_tanzania
2022-08-21 14:00:00,29.3,44,15.9,20.1,42.1,0.0,1015.4,808.0,60,,0.63,,2,muhimbili_tanzania
2022-08-21 15:00:00,28.4,47,16.0,20.3,41.8,0.0,1014.7,705.0,55,,0.55,,2,muhimbili_tanzania
2022-08-21 16:00:00,28.0,47,15.6,20.0,41.4,0.0,1014.5,539.0,60,,0.45,,2,muhimbili_tanzania
2022-08-21 17:00:00,27.0,51,15.9,20.0,40.3,0.0,1014.9,324.0,18,,0.31,,0,muhimbili_tanzania
2022-08-21 18:00:00,25.5,60,17.0,19.9,38.9,0.0,1015.3,140.0,23,,0.18,,1,muhimbili_tanzania
2022-08-21 19:00:00,24.0,70,18.3,14.0,35.6,0.0,1015.9,6.0,3,,0.06,,0,muhimbili_tanzania
2022-08-21 20:00:00,23.5,73,18.5,13.0,24.8,0.0,1016.0,0.0,3,,0.04,,0,muhimbili_tanzania
2022-08-21 21:00:00,23.4,74,18.5,13.5,24.1,0.0,1016.5,0.0,7,,0.04,,0,muhimbili_tanzania
2022-08-21 22:00:00,23.2,75,18.5,13.8,24.1,0.0,1017.0,0.0,1,,0.04,,0,muhimbili_tanzania
2022-08-21 23:00:00,23.0,77,18.7,14.0,24.8,0.0,1017.1,0.0,4,,0.04,,0,muhimbili_tanzania
2022-08-22 00:00:00,22.8,78,18.8,12.3,24.5,0.0,1017.0,0.0,7,,0.03,,0,muhimbili_tanzania
2022-08-22 01:00:00,22.4,80,18.8,10.3,21.2,0.0,1016.5,0.0,5,,0.02,,0,muhimbili_tanzania
2022-08-22 02:00:00,22.0,83,18.9,8.9,18.0,0.0,1016.1,0.0,9,,0.01,,0,muhimbili_tanzania
2022-08-22 03:00:00,21.6,84,18.8,7.4,15.5,0.0,1016.0,0.0,25,,0.0,,1,muhimbili_tanzania
2022-08-22 04:00:00,20.9,88,18.9,5.5,12.6,0.0,1015.9,0.0,4,,0.0,,0,muhimbili_tanzania
2022-08-22 05:00:00,20.5,89,18.6,5.6,10.4,0.0,1016.0,0.0,2,,0.0,,0,muhimbili_tanzania
2022-08-22 06:00:00,20.0,91,18.5,6.5,11.5,0.0,1016.5,0.0,10,,0.0,,0,muhimbili_tanzania
2022-08-22 07:00:00,20.5,89,18.6,8.5,14.4,0.0,1017.2,13.0,33,,0.01,,1,muhimbili_tanzania
2022-08-22 08:00:00,22.7,80,19.0,7.9,17.6,0.1,1017.8,158.0,30,,0.1,,51,muhimbili_tanzania
2022-08-22 09:00:00,24.5,71,19.0,10.1,23.0,0.0,1018.4,346.0,38,,0.24,,1,muhimbili_tanzania
2022-08-22 10:00:00,26.1,65,19.0,9.7,27.7,0.0,1018.4,528.0,14,,0.37,,0,muhimbili_tanzania
2022-08-22 11:00:00,26.8,61,18.7,14.3,32.8,0.2,1018.1,717.0,100,,0.5,,51,muhimbili_tanzania
2022-08-22 12:00:00,25.9,63,18.1,10.2,34.2,0.5,1017.5,432.0,71,,0.33,,53,muhimbili_tanzania
2022-08-22 13:00:00,27.8,56,18.3,10.0,29.5,0.0,1016.4,692.0,11,,0.51,,0,muhimbili_tanzania
2022-08-22 14:00:00,27.5,57,18.2,20.5,40.7,0.6,1015.6,886.0,81,,0.61,,53,muhimbili_tanzania
2022-08-22 15:00:00,22.4,84,19.6,16.8,42.8,0.7,1015.5,448.0,45,,0.27,,53,muhimbili_tanzania
2022-08-22 16:00:00,23.2,78,19.2,17.6,33.8,0.4,1014.7,126.0,100,,0.13,,51,muhimbili_tanzania
2022-08-22 17:00:00,23.8,75,19.0,17.6,34.2,0.0,1014.7,138.0,100,,0.14,,3,muhimbili_tanzania
2022-08-22 18:00:00,23.6,75,18.9,15.2,33.1,0.0,1015.1,66.0,100,,0.1,,3,muhimbili_tanzania
2022-08-22 19:00:00,23.2,77,19.0,13.0,27.4,0.0,1015.4,4.0,100,,0.05,,3,muhimbili_tanzania
2022-08-22 20:00:00,23.0,79,19.2,12.4,23.4,0.0,1015.8,0.0,100,,0.03,,3,muhimbili_tanzania
2022-08-22 21:00:00,22.5,84,19.5,11.1,22.7,0.0,1016.6,0.0,4,,0.02,,0,muhimbili_tanzania
2022-08-22 22:00:00,22.2,85,19.6,11.1,19.8,0.0,1016.9,0.0,14,,0.01,,0,muhimbili_tanzania
2022-08-22 23:00:00,22.1,85,19.6,11.4,19.8,0.0,1016.9,0.0,16,,0.01,,0,muhimbili_tanzania
2022-08-23 00:00:00,22.0,87,19.7,11.8,20.9,0.0,1016.7,0.0,6,,0.01,,0,muhimbili_tanzania
2022-08-23 01:00:00,21.8,89,19.9,10.5,20.9,0.0,1015.9,0.0,2,,0.0,,0,muhimbili_tanzania
2022-08-23 02:00:00,21.2,92,19.9,8.6,18.4,0.0,1015.4,0.0,1,,0.0,,0,muhimbili_tanzania
2022-08-23 03:00:00,21.0,91,19.5,7.3,15.5,0.0,1015.2,0.0,15,,0.0,,0,muhimbili_tanzania
2022-08-23 04:00:00,20.8,92,19.4,8.8,15.5,0.0,1015.1,0.0,14,,0.0,,0,muhimbili_tanzania
2022-08-23 05:00:00,20.8,91,19.3,8.7,15.5,0.0,1015.2,0.0,48,,0.0,,1,muhimbili_tanzania
2022-08-23 06:00:00,20.8,91,19.2,9.6,16.6,0.0,1015.9,0.0,66,,0.0,,2,muhimbili_tanzania
2022-08-23 07:00:00,21.1,89,19.2,13.5,22.3,0.0,1016.8,11.0,100,,0.02,,3,muhimbili_tanzania
2022-08-23 08:00:00,22.0,83,19.0,16.3,32.4,0.3,1017.7,103.0,97,,0.09,,51,muhimbili_tanzania
2022-08-23 09:00:00,23.0,80,19.4,12.3,31.3,0.3,1018.7,220.0,86,,0.16,,51,muhimbili_tanzania
2022-08-23 10:00:00,24.6,74,19.7,11.5,29.2,0.0,1019.1,398.0,100,,0.28,,3,muhimbili_tanzania
2022-08-23 11:00:00,25.5,68,19.1,15.2,33.1,0.1,1018.9,477.0,100,,0.34,,51,muhimbili_tanzania
2022-08-23 12:00:00,25.5,69,19.3,12.3,38.5,0.9,1018.5,552.0,32,,0.39,,53,muhimbili_tanzania
2022-08-23 13:00:00,27.3,62,19.3,13.6,36.7,0.1,1017.6,828.0,55,,0.57,,51,muhimbili_tanzania
2022-08-23 14:00:00,28.2,50,16.9,16.4,34.2,0.1,1016.9,707.0,23,,0.54,,51,muhimbili_tanzania
2022-08-23 15:00:00,28.1,49,16.3,17.2,40.3,0.0,1016.7,717.0,18,,0.54,,0,muhimbili_tanzania
2022-08-23 16:00:00,27.3,53,16.8,19.6,40.3,0.0,1016.6,555.0,23,,0.44,,1,muhimbili_tanzania
2022-08-23 17:00:00,26.5,57,17.4,16.9,38.9,0.0,1016.8,327.0,13,,0.28,,0,muhimbili_tanzania
2022-08-23 18:00:00,25.1,64,17.9,17.6,34.2,0.0,1017.4,141.0,8,,0.16,,0,muhimbili_tanzania
2022-08-23 19:00:00,23.8,73,18.6,15.4,31.3,0.0,1018.0,6.0,3,,0.06,,0,muhimbili_tanzania
2022-08-23 20:00:00,23.1,79,19.2,12.9,27.4,0.0,1018.4,0.0,0,,0.03,,0,muhimbili_tanzania
2022-08-23 21:00:00,22.9,80,19.2,12.1,22.7,0.0,1019.1,0.0,0,,0.02,,0,muhimbili_tanzania
2022-08-23 22:00:00,22.5,82,19.2,10.5,21.2,0.0,1019.3,0.0,2,,0.02,,0,muhimbili_tanzania
2022-08-23 23:00:00,22.0,85,19.2,8.7,18.7,0.0,1019.3,0.0,18,,0.01,,0,muhimbili_tanzania
2022-08-24 00:00:00,21.9,86,19.4,9.4,15.8,0.0,1019.0,0.0,2,,0.01,,0,muhimbili_tanzania
2022-08-24 01:00:00,21.5,89,19.5,9.0,16.2,0.0,1018.3,0.0,29,,0.0,,1,muhimbili_tanzania
2022-08-24 02:00:00,21.4,89,19.6,9.6,16.6,0.0,1017.6,0.0,3,,0.0,,0,muhimbili_tanzania
2022-08-24 03:00:00,21.1,89,19.2,11.2,16.9,0.0,1016.8,0.0,13,,0.01,,0,muhimbili_tanzania
2022-08-24 04:00:00,21.1,90,19.4,11.1,19.4,0.0,1016.4,0.0,5,,0.0,,0,muhimbili_tanzania
2022-08-24 05:00:00,21.0,91,19.5,10.2,19.4,0.0,1016.4,0.0,2,,0.0,,0,muhimbili_tanzania
2022-08-24 06:00:00,20.5,94,19.5,8.2,18.0,0.0,1016.8,0.0,11,,0.0,,0,muhimbili_tanzania
2022-08-24 07:00:00,20.9,93,19.6,7.7,14.4,0.0,1017.7,14.0,12,,0.01,,0,muhimbili_tanzania
2022-08-24 08:00:00,22.8,84,20.0,7.8,17.3,0.0,1018.3,167.0,23,,0.1,,1,muhimbili_tanzania
2022-08-24 09:00:00,25.2,71,19.7,13.7,28.1,0.0,1019.0,387.0,24,,0.27,,1,muhimbili_tanzania
2022-08-24 10:00:00,27.5,60,19.0,17.8,39.2,0.1,1019.0,571.0,25,,0.42,,51,muhimbili_tanzania
2022-08-24 11:00:00,28.2,55,18.2,20.4,43.9,0.0,1018.3,708.0,48,,0.53,,1,muhimbili_tanzania
2022-08-24 12:00:00,29.0,51,17.8,20.5,43.6,0.0,1017.6,766.0,44,,0.59,,1,muhimbili_tanzania
2022-08-24 13:00:00,28.6,49,16.9,21.5,43.9,0.1,1016.9,746.0,32,,0.58,,51,muhimbili_tanzania
2022-08-24 14:00:00,29.2,46,16.5,22.0,45.0,0.1,1015.9,778.0,19,,0.62,,51,muhimbili_tanzania
2022-08-24 15:00:00,26.9,58,18.0,22.3,46.8,0.0,1015.6,742.0,25,,0.52,,1,muhimbili_tanzania
2022-08-24 16:00:00,27.5,54,17.5,21.7,43.9,0.0,1015.2,498.0,12,,0.41,,0,muhimbili_tanzania
2022-08-24 17:00:00,26.7,57,17.6,22.8,44.6,0.0,1015.7,370.0,24,,0.32,,1,muhimbili_tanzania
2022-08-24 18:00:00,25.3,64,18.0,19.5,43.6,0.0,1015.9,134.0,14,,0.16,,0,muhimbili_tanzania
2022-08-24 19:00:00,24.3,71,18.6,14.4,34.9,0.0,1016.6,6.0,17,,0.06,,0,muhimbili_tanzania
2022-08-24 20:00:00,23.8,75,19.0,13.7,25.9,0.0,1017.2,0.0,17,,0.04,,0,muhimbili_tanzania
2022-08-24 21:00:00,23.5,77,19.2,12.7,24.8,0.0,1017.7,0.0,20,,0.03,,1,muhimbili_tanzania
2022-08-24 22:00:00,23.4,78,19.4,12.2,22.3,0.0,1018.0,0.0,85,,0.03,,3,muhimbili_tanzania
2022-08-24 23:00:00,23.6,78,19.5,12.8,22.3,0.0,1018.0,0.0,24,,0.03,,1,muhimbili_tanzania
2022-08-25 00:00:00,23.2,80,19.5,12.4,23.4,0.0,1017.7,0.0,30,,0.03,,1,muhimbili_tanzania
2022-08-25 01:00:00,23.4,79,19.5,9.9,21.6,0.0,1016.9,0.0,41,,0.02,,1,muhimbili_tanzania
2022-08-25 02:00:00,23.0,81,19.6,8.0,17.3,0.0,1016.2,0.0,32,,0.01,,1,muhimbili_tanzania
2022-08-25 03:00:00,22.2,86,19.8,8.7,15.1,0.0,1015.9,0.0,16,,0.01,,0,muhimbili_tanzania
2022-08-25 04:00:00,22.0,86,19.6,7.1,15.8,0.0,1015.7,0.0,27,,0.0,,1,muhimbili_tanzania
2022-08-25 05:00:00,21.6,89,19.8,5.1,11.5,0.1,1015.9,0.0,100,,0.0,,51,muhimbili_tanzania
2022-08-25 06:00:00,22.2,85,19.7,7.6,13.7,0.0,1016.6,0.0,49,,0.0,,1,muhimbili_tanzania
2022-08-25 07:00:00,21.9,86,19.4,11.2,19.1,0.0,1017.2,12.0,21,,0.03,,1,muhimbili_tanzania
2022-08-25 08:00:00,22.8,79,19.0,11.9,24.5,0.0,1018.4,151.0,90,,0.11,,3,muhimbili_tanzania
2022-08-25 09:00:00,23.9,73,18.7,12.6,25.9,0.0,1019.0,275.0,56,,0.2,,2,muhimbili_tanzania
2022-08-25 10:00:00,25.5,68,19.0,14.3,32.8,0.0,1019.1,515.0,48,,0.36,,1,muhimbili_tanzania
2022-08-25 11:00:00,24.4,74,19.5,11.3,33.8,1.0,1018.8,531.0,97,,0.35,,55,muhimbili_tanzania
2022-08-25 12:00:00,26.2,63,18.6,10.7,28.8,0.1,1017.6,579.0,100,,0.42,,51,muhimbili_tanzania
2022-08-25 13:00:00,24.1,72,18.9,14.6,31.0,1.7,1016.6,472.0,88,,0.33,,61,muhimbili_tanzania
2022-08-25 14:00:00,24.4,77,20.1,5.2,30.6,1.8,1015.7,443.0,84,,0.31,,61,muhimbili_tanzania
2022-08-25 15:00:00,25.1,66,18.4,15.1,28.8,0.0,1014.7,604.0,100,,0.41,,3,muhimbili_tanzania
2022-08-25 16:00:00,25.0,67,18.5,13.9,33.1,0.2,1014.3,384.0,44,,0.29,,51,muhimbili_tanzania
2022-08-25 17:00:00,25.0,66,18.1,14.0,28.8,0.0,1014.2,297.0,43,,0.23,,1,muhimbili_tanzania
2022-08-25 18:00:00,24.0,70,18.2,13.6,28.4,0.0,1014.7,121.0,23,,0.12,,1,muhimbili_tanzania
2022-08-25 19:00:00,22.9,77,18.6,12.0,24.8,0.0,1014.8,6.0,18,,0.04,,0,muhimbili_tanzania
2022-08-25 20:00:00,22.4,81,19.0,10.2,21.2,0.0,1015.3,0.0,19,,0.02,,0,muhimbili_tanzania
2022-08-25 21:00:00,22.0,84,19.1,8.4,18.4,0.0,1016.2,0.0,13,,0.01,,0,muhimbili_tanzania
2022-08-25 22:00:00,21.5,87,19.2,6.2,15.1,0.0,1016.4,0.0,11,,0.0,,0,muhimbili_tanzania
2022-08-25 23:00:00,20.9,91,19.4,4.3,11.2,0.0,1016.5,0.0,20,,0.0,,1,muhimbili_tanzania
2022-08-26 00:00:00,20.8,91,19.3,4.3,7.6,0.0,1016.0,0.0,28,,0.0,,1,muhimbili_tanzania
2022-08-26 01:00:00,20.5,92,19.2,4.3,7.6,0.0,1015.4,0.0,23,,0.0,,1,muhimbili_tanzania
2022-08-26 02:00:00,20.2,93,19.0,4.3,7.6,0.0,1014.5,0.0,25,,0.0,,1,muhimbili_tanzania
2022-08-26 03:00:00,20.9,87,18.6,4.8,8.3,0.0,1014.6,0.0,35,,0.0,,1,muhimbili_tanzania
2022-08-26 04:00:00,20.9,87,18.6,5.5,9.7,0.0,1014.2,0.0,22,,0.0,,1,muhimbili_tanzania
2022-08-26 05:00:00,20.7,88,18.6,5.7,10.1,0.0,1014.5,0.0,15,,0.0,,0,muhimbili_tanzania
2022-08-26 06:00:00,20.5,89,18.5,6.6,11.9,0.0,1014.9,0.0,15,,0.0,,0,muhimbili_tanzania
2022-08-26 07:00:00,20.8,87,18.6,8.9,14.4,0.0,1015.5,14.0,9,,0.02,,0,muhimbili_tanzania
2022-08-26 08:00:00,23.0,77,18.8,7.6,17.3,0.0,1016.7,171.0,7,,0.11,,0,muhimbili_tanzania
2022-08-26 09:00:00,25.0,65,18.0,8.9,21.2,0.0,1017.5,404.0,15,,0.28,,0,muhimbili_tanzania
2022-08-26 10:00:00,26.2,59,17.5,11.7,27.4,0.1,1017.9,596.0,34,,0.42,,51,muhimbili_tanzania
2022-08-26 11:00:00,26.8,57,17.5,12.7,29.5,0.2,1017.7,695.0,44,,0.5,,51,muhimbili_tanzania
2022-08-26 12:00:00,26.8,56,17.4,13.4,30.2,0.3,1016.9,697.0,42,,0.5,,51,muhimbili_tanzania
2022-08-26 13:00:00,27.5,56,18.0,14.5,32.8,0.1,1015.9,774.0,97,,0.56,,51,muhimbili_tanzania
2022-08-26 14:00:00,27.5,56,18.0,17.2,37.1,0.0,1014.6,755.0,67,,0.55,,2,muhimbili_tanzania
2022-08-26 15:00:00,27.1,54,17.0,19.8,38.5,0.0,1013.7,644.0,91,,0.49,,3,muhimbili_tanzania
2022-08-26 16:00:00,26.5,57,17.2,20.6,40.7,0.1,1013.2,523.0,59,,0.4,,51,muhimbili_tanzania
2022-08-26 17:00:00,25.6,60,17.4,20.4,41.8,0.0,1013.2,340.0,18,,0.29,,0,muhimbili_tanzania
2022-08-26 18:00:00,24.2,68,18.0,17.2,39.2,0.0,1013.8,137.0,6,,0.14,,0,muhimbili_tanzania
2022-08-26 19:00:00,23.3,74,18.5,14.5,32.0,0.0,1014.4,6.0,17,,0.05,,0,muhimbili_tanzania
2022-08-26 20:00:00,23.0,76,18.6,13.0,25.6,0.0,1015.0,0.0,30,,0.04,,1,muhimbili_tanzania
2022-08-26 21:00:00,22.9,77,18.7,11.9,23.0,0.0,1015.7,0.0,19,,0.03,,0,muhimbili_tanzania
2022-08-26 22:00:00,22.6,79,18.8,11.8,20.9,0.0,1016.0,0.0,19,,0.03,,0,muhimbili_tanzania
2022-08-26 23:00:00,22.4,80,18.8,11.8,21.2,0.0,1016.3,0.0,16,,0.02,,0,muhimbili_tanzania
2022-08-27 00:00:00,22.4,79,18.5,12.3,21.2,0.0,1016.1,0.0,7,,0.03,,0,muhimbili_tanzania
2022-08-27 01:00:00,22.2,79,18.3,12.5,22.3,0.0,1015.5,0.0,3,,0.03,,0,muhimbili_tanzania
2022-08-27 02:00:00,22.0,79,18.2,12.7,22.0,0.0,1014.6,0.0,2,,0.03,,0,muhimbili_tanzania
2022-08-27 03:00:00,22.0,79,18.0,11.7,22.0,0.0,1014.4,0.0,31,,0.03,,1,muhimbili_tanzania
2022-08-27 04:00:00,21.8,81,18.2,10.4,20.2,0.0,1014.4,0.0,12,,0.02,,0,muhimbili_tanzania
2022-08-27 05:00:00,21.5,82,18.3,8.7,18.4,0.0,1014.6,0.0,18,,0.01,,0,muhimbili_tanzania
2022-08-27 06:00:00,21.3,84,18.4,6.8,15.1,0.0,1015.0,0.0,29,,0.0,,1,muhimbili_tanzania
2022-08-27 07:00:00,21.7,83,18.6,7.3,11.5,0.0,1015.7,15.0,28,,0.02,,1,muhimbili_tanzania
2022-08-27 08:00:00,23.3,74,18.4,8.7,18.0,0.0,1016.6,152.0,32,,0.11,,1,muhimbili_tanzania
2022-08-27 09:00:00,24.2,69,18.2,14.6,29.5,0.3,1017.5,336.0,49,,0.24,,51,muhimbili_tanzania
2022-08-27 10:00:00,25.4,64,18.2,13.3,30.6,0.1,1017.8,470.0,34,,0.34,,51,muhimbili_tanzania
2022-08-27 11:00:00,26.4,60,17.9,14.3,31.7,0.5,1017.1,707.0,53,,0.49,,53,muhimbili_tanzania
2022-08-27 12:00:00,27.3,54,17.3,14.3,32.4,0.3,1016.4,765.0,22,,0.55,,51,muhimbili_tanzania
2022-08-27 13:00:00,28.4,49,16.5,16.9,36.4,0.0,1015.5,875.0,16,,0.64,,0,muhimbili_tanzania
2022-08-27 14:00:00,28.2,49,16.4,20.2,41.8,0.0,1014.5,833.0,11,,0.62,,0,muhimbili_tanzania
2022-08-27 15:00:00,27.0,51,16.1,18.1,43.2,0.0,1014.3,737.0,6,,0.54,,0,muhimbili_tanzania
2022-08-27 16:00:00,26.7,50,15.4,18.2,38.5,0.0,1013.9,583.0,4,,0.45,,0,muhimbili_tanzania
2022-08-27 17:00:00,25.2,62,17.4,18.1,37.4,0.0,1014.2,373.0,5,,0.29,,0,muhimbili_tanzania
2022-08-27 18:00:00,24.1,68,17.8,14.6,35.6,0.0,1014.3,143.0,2,,0.13,,0,muhimbili_tanzania
2022-08-27 19:00:00,23.4,73,18.2,11.4,26.3,0.0,1014.5,6.0,14,,0.05,,0,muhimbili_tanzania
2022-08-27 20:00:00,23.0,75,18.4,10.6,20.2,0.0,1014.9,0.0,36,,0.03,,1,muhimbili_tanzania
2022-08-27 21:00:00,22.8,77,18.6,9.4,18.7,0.0,1015.4,0.0,29,,0.02,,1,muhimbili_tanzania
2022-08-27 22:00:00,22.5,80,18.8,8.9,16.6,0.0,1016.0,0.0,24,,0.02,,1,muhimbili_tanzania
2022-08-27 23:00:00,22.2,82,18.9,8.0,15.8,0.0,1016.3,0.0,14,,0.01,,0,muhimbili_tanzania
2022-08-28 00:00:00,22.0,83,18.9,6.6,14.0,0.0,1016.0,0.0,14,,0.0,,0,muhimbili_tanzania
2022-08-28 01:00:00,21.5,86,19.0,5.5,11.5,0.0,1015.3,0.0,11,,0.0,,0,muhimbili_tanzania
2022-08-28 02:00:00,20.8,90,19.1,5.2,9.4,0.0,1014.6,0.0,19,,0.0,,0,muhimbili_tanzania
2022-08-28 03:00:00,20.5,93,19.4,5.1,9.4,0.0,1014.2,0.0,16,,0.0,,0,muhimbili_tanzania
2022-08-28 04:00:00,20.4,93,19.2,4.4,7.9,0.0,1014.0,0.0,22,,0.0,,1,muhimbili_tanzania
2022-08-28 05:00:00,20.3,92,19.0,4.2,7.9,0.1,1014.1,0.0,32,,0.0,,51,muhimbili_tanzania
2022-08-28 06:00:00,20.0,92,18.8,4.2,7.6,0.0,1014.6,0.0,16,,0.0,,0,muhimbili_tanzania
2022-08-28 07:00:00,21.0,87,18.8,6.0,9.4,0.0,1015.6,15.0,20,,0.01,,1,muhimbili_tanzania
2022-08-28 08:00:00,23.0,76,18.5,6.2,14.8,0.0,1016.2,171.0,31,,0.11,,1,muhimbili_tanzania
2022-08-28 09:00:00,24.7,67,18.1,12.0,26.3,0.0,1016.8,394.0,29,,0.27,,1,muhimbili_tanzania
2022-08-28 10:00:00,25.9,61,17.8,12.6,28.8,0.3,1017.0,570.0,30,,0.4,,51,muhimbili_tanzania
2022-08-28 11:00:00,27.0,55,17.1,12.9,29.9,0.1,1016.5,730.0,44,,0.52,,51,muhimbili_tanzania
2022-08-28 12:00:00,27.4,52,16.8,14.2,31.7,0.1,1015.6,749.0,47,,0.55,,51,muhimbili_tanzania
2022-08-28 13:00:00,27.6,52,16.8,16.6,36.0,0.1,1014.7,772.0,55,,0.57,,51,muhimbili_tanzania
2022-08-28 14:00:00,27.4,52,16.8,19.0,39.2,0.1,1013.9,678.0,42,,0.52,,51,muhimbili_tanzania
2022-08-28 15:00:00,26.3,57,17.1,18.1,41.4,0.0,1013.6,632.0,30,,0.46,,1,muhimbili_tanzania
2022-08-28 16:00:00,25.6,60,17.4,17.4,37.4,0.0,1013.5,416.0,29,,0.33,,1,muhimbili_tanzania
2022-08-28 17:00:00,24.8,63,17.3,17.2,35.6,0.0,1013.7,229.0,65,,0.22,,2,muhimbili_tanzania
2022-08-28 18:00:00,24.2,68,17.9,15.1,33.5,0.0,1014.1,69.0,100,,0.12,,3,muhimbili_tanzania
2022-08-28 19:00:00,23.8,71,18.1,13.6,27.7,0.0,1014.4,3.0,66,,0.07,,2,muhimbili_tanzania
2022-08-28 20:00:00,23.5,72,18.2,12.3,24.1,0.0,1014.6,0.0,63,,0.04,,2,muhimbili_tanzania
2022-08-28 21:00:00,23.4,73,18.3,10.7,21.6,0.0,1015.5,0.0,3,,0.03,,0,muhimbili_tanzania
2022-08-28 22:00:00,22.5,79,18.6,7.9,18.7,0.0,1015.9,0.0,3,,0.01,,0,muhimbili_tanzania
2022-08-28 23:00:00,22.1,82,18.9,7.7,14.0,0.0,1016.3,0.0,2,,0.01,,0,muhimbili_tanzania
2022-08-29 00:00:00,21.8,84,19.0,7.6,13.7,0.0,1016.1,0.0,6,,0.01,,0,muhimbili_tanzania
2022-08-29 01:00:00,21.2,87,19.0,5.8,13.0,0.0,1015.3,0.0,3,,0.0,,0,muhimbili_tanzania
2022-08-29 02:00:00,20.5,91,19.0,5.0,10.4,0.0,1015.0,0.0,2,,0.0,,0,muhimbili_tanzania
2022-08-29 03:00:00,20.5,91,19.0,4.2,9.0,0.0,1015.0,0.0,2,,0.0,,0,muhimbili_tanzania
2022-08-29 04:00:00,20.0,92,18.6,4.6,8.6,0.0,1015.0,0.0,8,,0.0,,0,muhimbili_tanzania
2022-08-29 05:00:00,20.0,91,18.4,5.9,10.8,0.0,1015.3,0.0,6,,0.0,,0,muhimbili_tanzania
2022-08-29 06:00:00,19.9,91,18.3,6.9,12.6,0.0,1015.5,0.0,6,,0.0,,0,muhimbili_tanzania
2022-08-29 07:00:00,20.5,88,18.4,8.7,14.0,0.0,1016.0,17.0,3,,0.01,,0,muhimbili_tanzania
2022-08-29 08:00:00,23.0,77,18.9,7.9,18.0,0.0,1016.8,187.0,2,,0.12,,0,muhimbili_tanzania
2022-08-29 09:00:00,24.9,68,18.5,7.4,20.2,0.0,1017.5,429.0,1,,0.28,,0,muhimbili_tanzania
2022-08-29 10:00:00,26.5,58,17.5,5.2,19.8,0.0,1017.7,647.0,3,,0.44,,0,muhimbili_tanzania
2022-08-29 11:00:00,27.8,52,17.0,6.4,20.5,0.0,1017.3,820.0,14,,0.58,,0,muhimbili_tanzania
2022-08-29 12:00:00,28.6,48,16.5,10.8,27.0,0.0,1016.5,899.0,39,,0.65,,1,muhimbili_tanzania
2022-08-29 13:00:00,27.5,62,19.7,16.3,37.1,0.1,1015.5,888.0,40,,0.61,,51,muhimbili_tanzania
2022-08-29 14:00:00,27.4,61,19.1,18.6,40.7,0.1,1014.4,882.0,12,,0.6,,51,muhimbili_tanzania
2022-08-29 15:00:00,27.1,60,18.5,18.8,40.7,0.0,1013.5,784.0,0,,0.54,,0,muhimbili_tanzania
2022-08-29 16:00:00,27.2,56,17.6,17.7,39.6,0.0,1013.2,599.0,1,,0.45,,0,muhimbili_tanzania
2022-08-29 17:00:00,26.4,59,17.8,16.5,36.4,0.0,1012.9,382.0,5,,0.3,,0,muhimbili_tanzania
2022-08-29 18:00:00,24.9,65,17.9,15.0,32.8,0.0,1013.3,146.0,6,,0.15,,0,muhimbili_tanzania
2022-08-29 19:00:00,23.7,71,18.1,14.2,26.6,0.0,1013.5,6.0,10,,0.06,,0,muhimbili_tanzania
2022-08-29 20:00:00,22.8,79,19.0,12.9,24.8,0.0,1013.8,0.0,7,,0.03,,0,muhimbili_tanzania
2022-08-29 21:00:00,22.3,83,19.2,10.0,23.0,0.0,1014.5,0.0,0,,0.01,,0,muhimbili_tanzania
2022-08-29 22:00:00,22.0,84,19.1,7.6,17.6,0.0,1015.0,0.0,0,,0.0,,0,muhimbili_tanzania
2022-08-29 23:00:00,21.7,86,19.3,7.4,14.4,0.0,1015.2,0.0,0,,0.0,,0,muhimbili_tanzania
2022-08-30 00:00:00,21.8,88,19.8,7.9,14.0,0.0,1014.9,0.0,5,,0.0,,0,muhimbili_tanzania
2022-08-30 01:00:00,21.6,89,19.8,7.2,14.0,0.0,1014.3,0.0,4,,0.0,,0,muhimbili_tanzania
2022-08-30 02:00:00,21.4,91,19.9,5.9,12.6,0.0,1014.2,0.0,7,,0.0,,0,muhimbili_tanzania
2022-08-30 03:00:00,20.9,93,19.8,4.7,10.4,0.0,1013.7,0.0,9,,0.0,,0,muhimbili_tanzania
2022-08-30 04:00:00,20.4,94,19.3,5.3,9.4,0.0,1013.9,0.0,0,,0.0,,0,muhimbili_tanzania
2022-08-30 05:00:00,20.1,94,19.1,7.3,13.3,0.0,1014.4,0.0,18,,0.0,,0,muhimbili_tanzania
2022-08-30 06:00:00,20.0,94,19.0,6.1,13.3,0.0,1015.0,0.0,2,,0.0,,0,muhimbili_tanzania
2022-08-30 07:00:00,20.5,91,19.0,7.5,11.9,0.0,1015.8,18.0,23,,0.01,,1,muhimbili_tanzania
2022-08-30 08:00:00,23.2,81,19.7,6.8,15.8,0.0,1016.6,183.0,39,,0.11,,1,muhimbili_tanzania
2022-08-30 09:00:00,25.1,71,19.5,9.3,22.0,0.0,1017.5,383.0,25,,0.26,,1,muhimbili_tanzania
2022-08-30 10:00:00,26.8,61,18.8,10.2,24.5,0.0,1017.6,607.0,29,,0.43,,1,muhimbili_tanzania
2022-08-30 11:00:00,27.8,56,18.2,12.7,29.5,0.0,1017.2,714.0,57,,0.52,,2,muhimbili_tanzania
2022-08-30 12:00:00,28.0,55,18.2,14.1,31.3,0.0,1016.4,677.0,100,,0.51,,3,muhimbili_tanzania
2022-08-30 13:00:00,28.1,57,18.8,16.0,34.9,0.0,1015.9,674.0,64,,0.51,,2,muhimbili_tanzania
2022-08-30 14:00:00,28.5,54,18.4,18.0,38.2,0.0,1014.7,690.0,88,,0.53,,3,muhimbili_tanzania
2022-08-30 15:00:00,27.5,60,19.1,19.4,40.3,0.0,1013.9,583.0,53,,0.44,,2,muhimbili_tanzania
2022-08-30 16:00:00,27.1,60,18.6,18.4,40.3,0.0,1013.8,515.0,32,,0.39,,1,muhimbili_tanzania
2022-08-30 17:00:00,26.4,60,18.0,18.9,37.4,0.0,1013.9,334.0,3,,0.29,,0,muhimbili_tanzania
2022-08-30 18:00:00,25.2,64,18.0,17.5,36.4,0.0,1014.5,144.0,7,,0.16,,0,muhimbili_tanzania
2022-08-30 19:00:00,24.0,72,18.8,15.9,31.3,0.0,1014.3,6.0,3,,0.06,,0,muhimbili_tanzania
2022-08-30 20:00:00,23.4,79,19.5,13.2,28.8,0.0,1014.7,0.0,9,,0.03,,0,muhimbili_tanzania
2022-08-30 21:00:00,23.0,83,20.0,11.2,23.4,0.0,1015.2,0.0,42,,0.02,,1,muhimbili_tanzania
2022-08-30 22:00:00,22.9,85,20.1,11.5,20.2,0.0,1015.4,0.0,76,,0.01,,2,muhimbili_tanzania
2022-08-30 23:00:00,23.0,84,20.1,12.8,22.0,0.0,1015.5,0.0,83,,0.02,,3,muhimbili_tanzania
2022-08-31 00:00:00,22.7,86,20.1,12.5,22.3,0.0,1015.5,0.0,84,,0.01,,3,muhimbili_tanzania
2022-08-31 01:00:00,22.5,87,20.1,11.8,22.0,0.0,1015.4,0.0,50,,0.01,,2,muhimbili_tanzania
2022-08-31 02:00:00,22.3,88,20.1,9.7,20.9,0.0,1015.2,0.0,31,,0.0,,1,muhimbili_tanzania
2022-08-31 03:00:00,22.1,88,20.0,7.0,16.6,0.0,1015.0,0.0,28,,0.0,,1,muhimbili_tanzania
2022-08-31 04:00:00,21.5,92,20.1,5.2,12.2,0.0,1014.7,0.0,13,,0.0,,0,muhimbili_tanzania
2022-08-31 05:00:00,21.0,93,19.9,5.1,9.7,0.0,1015.0,0.0,15,,0.0,,0,muhimbili_tanzania
2022-08-31 06:00:00,20.9,93,19.8,5.1,10.1,0.0,1015.7,0.0,22,,0.0,,1,muhimbili_tanzania
2022-08-31 07:00:00,21.5,91,19.9,7.1,11.2,0.0,1016.4,17.0,27,,0.01,,1,muhimbili_tanzania
2022-08-31 08:00:00,23.5,82,20.1,6.7,15.8,0.0,1017.1,173.0,27,,0.11,,1,muhimbili_tanzania
2022-08-31 09:00:00,25.3,70,19.5,11.4,25.2,0.1,1017.7,376.0,21,,0.26,,51,muhimbili_tanzania
2022-08-31 10:00:00,27.0,60,18.6,14.1,30.2,0.0,1017.9,581.0,29,,0.42,,1,muhimbili_tanzania
2022-08-31 11:00:00,27.7,55,18.0,16.2,34.6,0.0,1017.4,735.0,56,,0.54,,2,muhimbili_tanzania
2022-08-31 12:00:00,28.0,54,17.9,17.0,36.4,0.1,1016.9,736.0,45,,0.55,,51,muhimbili_tanzania
2022-08-31 13:00:00,28.6,51,17.6,16.4,36.4,0.0,1016.1,787.0,31,,0.59,,1,muhimbili_tanzania
2022-08-31 14:00:00,28.8,51,17.6,18.5,38.9,0.0,1015.2,848.0,36,,0.63,,1,muhimbili_tanzania
2022-08-31 15:00:00,27.0,62,19.0,17.9,41.8,0.0,1014.4,694.0,54,,0.49,,2,muhimbili_tanzania
2022-08-31 16:00:00,26.9,64,19.5,17.9,38.2,0.7,1014.2,544.0,38,,0.39,,53,muhimbili_tanzania
2022-08-31 17:00:00,26.0,68,19.7,16.8,36.4,0.0,1014.5,331.0,40,,0.26,,1,muhimbili_tanzania
2022-08-31 18:00:00,25.1,72,19.8,14.3,33.1,0.0,1014.8,115.0,18,,0.12,,0,muhimbili_tanzania
2022-08-31 19:00:00,24.0,78,20.0,11.8,25.6,0.0,1015.1,6.0,9,,0.04,,0,muhimbili_tanzania
2022-08-31 20:00:00,23.5,81,20.0,12.0,21.6,0.0,1015.8,0.0,9,,0.02,,0,muhimbili_tanzania
2022-08-31 21:00:00,23.1,83,20.1,12.7,22.3,0.0,1016.1,0.0,75,,0.02,,2,muhimbili_tanzania
2022-08-31 22:00:00,23.1,82,20.0,15.5,27.4,0.0,1016.2,0.0,5,,0.03,,0,muhimbili_tanzania
2022-08-31 23:00:00,22.6,86,20.1,13.5,27.4,0.0,1016.6,0.0,26,,0.02,,1,muhimbili_tanzania
2022-09-01 00:00:00,22.8,85,20.0,13.0,24.1,0.0,1016.2,0.0,12,,0.02,,0,muhimbili_tanzania
2022-09-01 01:00:00,22.5,86,20.0,12.1,22.7,0.0,1015.6,0.0,14,,0.01,,0,muhimbili_tanzania
2022-09-01 02:00:00,22.2,88,20.2,11.0,20.9,0.0,1014.9,0.0,25,,0.01,,1,muhimbili_tanzania
2022-09-01 03:00:00,22.0,90,20.2,9.5,21.2,0.0,1014.6,0.0,34,,0.0,,1,muhimbili_tanzania
2022-09-01 04:00:00,21.5,92,20.2,6.5,16.6,0.0,1014.5,0.0,29,,0.0,,1,muhimbili_tanzania
2022-09-01 05:00:00,21.5,92,20.1,7.8,12.6,0.0,1014.5,0.0,15,,0.0,,0,muhimbili_tanzania
2022-09-01 06:00:00,21.4,91,19.9,11.2,17.6,0.0,1015.3,0.0,92,,0.0,,3,muhimbili_tanzania
2022-09-01 07:00:00,21.7,83,18.6,13.1,25.9,0.0,1016.1,9.0,67,,0.04,,2,muhimbili_tanzania
2022-09-01 08:00:00,23.1,77,18.8,10.2,24.5,0.0,1016.9,125.0,78,,0.1,,2,muhimbili_tanzania
2022-09-01 09:00:00,24.6,70,18.9,13.7,28.1,0.0,1017.6,294.0,51,,0.22,,2,muhimbili_tanzania
2022-09-01 10:00:00,26.5,61,18.5,19.9,38.5,0.2,1017.6,510.0,70,,0.39,,51,muhimbili_tanzania
2022-09-01 11:00:00,27.8,53,17.2,25.6,49.0,0.0,1016.9,572.0,28,,0.48,,1,muhimbili_tanzania
2022-09-01 12:00:00,28.8,48,16.8,25.9,52.2,0.1,1015.8,863.0,48,,0.65,,51,muhimbili_tanzania
2022-09-01 13:00:00,28.8,48,16.6,27.1,54.0,0.0,1015.0,845.0,37,,0.65,,1,muhimbili_tanzania
2022-09-01 14:00:00,28.9,46,16.1,28.2,55.1,0.0,1014.1,838.0,29,,0.65,,1,muhimbili_tanzania
2022-09-01 15:00:00,27.6,50,16.2,23.7,55.1,0.0,1013.5,701.0,7,,0.54,,0,muhimbili_tanzania
2022-09-01 16:00:00,27.5,49,15.6,22.7,47.2,0.0,1013.3,560.0,12,,0.46,,0,muhimbili_tanzania
2022-09-01 17:00:00,26.2,53,16.0,22.2,44.3,0.0,1013.2,362.0,19,,0.32,,0,muhimbili_tanzania
2022-09-01 18:00:00,25.0,62,17.0,17.8,42.5,0.0,1013.6,132.0,16,,0.16,,0,muhimbili_tanzania
2022-09-01 19:00:00,23.8,71,18.2,16.9,31.7,0.0,1014.1,5.0,9,,0.07,,0,muhimbili_tanzania
2022-09-01 20:00:00,23.5,74,18.5,13.8,29.9,0.0,1014.3,0.0,30,,0.04,,1,muhimbili_tanzania
2022-09-01 21:00:00,23.4,76,18.8,14.8,25.9,0.0,1014.7,0.0,3,,0.04,,0,muhimbili_tanzania
2022-09-01 22:00:00,23.1,78,19.1,14.9,27.0,0.0,1015.0,0.0,53,,0.04,,2,muhimbili_tanzania
2022-09-01 23:00:00,23.0,80,19.5,14.9,26.3,0.0,1015.0,0.0,36,,0.03,,1,muhimbili_tanzania
2022-09-02 00:00:00,22.9,82,19.5,14.3,26.3,0.0,1014.9,0.0,2,,0.03,,0,muhimbili_tanzania
2022-09-02 01:00:00,22.6,82,19.5,13.9,25.9,0.0,1014.7,0.0,1,,0.02,,0,muhimbili_tanzania
2022-09-02 02:00:00,22.2,83,19.2,9.4,24.8,0.0,1014.7,0.0,13,,0.01,,0,muhimbili_tanzania
2022-09-02 03:00:00,22.4,81,18.9,12.4,16.6,0.0,1014.2,0.0,33,,0.02,,1,muhimbili_tanzania
2022-09-02 04:00:00,22.4,80,18.8,11.5,21.6,0.0,1014.4,0.0,4,,0.02,,0,muhimbili_tanzania
2022-09-02 05:00:00,22.2,80,18.5,11.2,20.2,0.0,1014.9,0.0,8,,0.02,,0,muhimbili_tanzania
2022-09-02 06:00:00,22.3,77,18.1,12.0,20.5,0.0,1015.6,0.0,22,,0.03,,1,muhimbili_tanzania
2022-09-02 07:00:00,22.8,74,18.0,14.8,24.5,0.0,1016.3,17.0,22,,0.06,,1,muhimbili_tanzania
2022-09-02 08:00:00,24.6,63,17.1,19.1,36.4,0.0,1017.2,173.0,35,,0.18,,1,muhimbili_tanzania
2022-09-02 09:00:00,26.1,57,17.0,21.1,41.0,0.0,1017.7,401.0,26,,0.33,,1,muhimbili_tanzania
2022-09-02 10:00:00,27.2,50,16.0,23.8,46.4,0.1,1017.9,623.0,57,,0.49,,51,muhimbili_tanzania
2022-09-02 11:00:00,27.5,48,15.7,25.4,49.7,0.1,1017.3,668.0,60,,0.53,,51,muhimbili_tanzania
2022-09-02 12:00:00,28.2,46,15.4,25.5,51.1,0.0,1016.7,752.0,20,,0.6,,1,muhimbili_tanzania
2022-09-02 13:00:00,29.0,41,14.4,25.0,50.8,0.0,1015.8,891.0,11,,0.7,,0,muhimbili_tanzania
2022-09-02 14:00:00,28.8,40,13.8,25.3,50.8,0.0,1014.9,883.0,8,,0.69,,0,muhimbili_tanzania
2022-09-02 15:00:00,28.1,45,14.9,22.1,50.0,0.0,1014.5,784.0,4,,0.6,,0,muhimbili_tanzania
2022-09-02 16:00:00,27.6,45,14.6,20.6,44.3,0.0,1014.2,610.0,2,,0.49,,0,muhimbili_tanzania
2022-09-02 17:00:00,26.5,51,15.5,20.5,41.0,0.0,1014.5,384.0,2,,0.34,,0,muhimbili_tanzania
2022-09-02 18:00:00,24.5,66,17.8,18.6,39.2,0.0,1015.1,147.0,1,,0.15,,0,muhimbili_tanzania
2022-09-02 19:00:00,23.5,74,18.6,14.8,32.8,0.0,1015.5,6.0,2,,0.05,,0,muhimbili_tanzania
2022-09-02 20:00:00,23.0,77,18.8,13.8,26.6,0.0,1015.9,0.0,5,,0.04,,0,muhimbili_tanzania
2022-09-02 21:00:00,22.9,79,19.1,14.3,24.8,0.0,1016.5,0.0,11,,0.03,,0,muhimbili_tanzania
2022-09-02 22:00:00,22.6,83,19.5,13.5,25.2,0.0,1016.7,0.0,16,,0.02,,0,muhimbili_tanzania
2022-09-02 23:00:00,22.4,87,20.0,13.6,23.8,0.0,1016.9,0.0,17,,0.01,,0,muhimbili_tanzania
2022-09-03 00:00:00,22.1,89,20.1,12.5,23.4,0.0,1016.7,0.0,24,,0.01,,1,muhimbili_tanzania
2022-09-03 01:00:00,21.9,91,20.3,11.6,22.0,0.0,1016.2,0.0,20,,0.0,,1,muhimbili_tanzania
2022-09-03 02:00:00,21.7,92,20.4,11.8,21.2,0.0,1015.6,0.0,27,,0.0,,1,muhimbili_tanzania
2022-09-03 03:00:00,21.5,92,20.1,9.9,20.9,0.0,1015.9,0.0,32,,0.0,,1,muhimbili_tanzania
2022-09-03 04:00:00,21.0,95,20.0,7.0,17.3,0.0,1016.3,0.0,50,,0.0,,2,muhimbili_tanzania
2022-09-03 05:00:00,20.7,95,19.8,8.1,14.4,0.0,1016.6,0.0,40,,0.0,,1,muhimbili_tanzania
2022-09-03 06:00:00,20.5,95,19.6,7.3,14.4,0.0,1017.0,0.0,34,,0.0,,1,muhimbili_tanzania
2022-09-03 07:00:00,21.0,92,19.8,8.0,13.3,0.0,1017.8,18.0,39,,0.01,,1,muhimbili_tanzania
2022-09-03 08:00:00,23.2,82,20.0,6.7,16.6,0.0,1018.5,189.0,46,,0.12,,1,muhimbili_tanzania
2022-09-03 09:00:00,25.2,70,19.4,9.8,23.0,0.0,1018.9,403.0,33,,0.28,,1,muhimbili_tanzania
2022-09-03 10:00:00,27.2,57,18.0,13.2,29.2,0.1,1018.7,617.0,35,,0.45,,51,muhimbili_tanzania
2022-09-03 11:00:00,28.3,51,17.1,14.6,32.4,0.0,1018.0,751.0,41,,0.56,,1,muhimbili_tanzania
2022-09-03 12:00:00,29.0,48,16.8,15.9,35.3,0.0,1017.2,869.0,48,,0.65,,1,muhimbili_tanzania
2022-09-03 13:00:00,28.9,48,16.9,18.0,38.5,0.0,1016.3,874.0,17,,0.65,,0,muhimbili_tanzania
2022-09-03 14:00:00,28.4,51,17.2,19.8,41.0,0.0,1015.5,744.0,30,,0.57,,1,muhimbili_tanzania
2022-09-03 15:00:00,27.2,59,18.5,19.9,41.8,0.1,1015.1,710.0,50,,0.51,,51,muhimbili_tanzania
2022-09-03 16:00:00,26.2,63,18.7,19.2,41.4,0.1,1015.0,530.0,20,,0.38,,51,muhimbili_tanzania
2022-09-03 17:00:00,25.5,67,19.0,17.8,38.9,0.1,1015.5,319.0,34,,0.25,,51,muhimbili_tanzania
2022-09-03 18:00:00,24.5,74,19.6,16.5,34.9,0.0,1015.8,119.0,31,,0.12,,1,muhimbili_tanzania
2022-09-03 19:00:00,23.8,79,19.9,13.9,30.6,0.0,1016.2,5.0,16,,0.04,,0,muhimbili_tanzania
2022-09-03 20:00:00,23.2,82,20.0,12.7,24.8,0.0,1016.6,0.0,17,,0.02,,0,muhimbili_tanzania
2022-09-03 21:00:00,23.0,84,20.1,12.6,22.7,0.0,1017.0,0.0,25,,0.02,,1,muhimbili_tanzania
2022-09-03 22:00:00,22.8,86,20.2,12.4,22.3,0.0,1017.1,0.0,15,,0.01,,0,muhimbili_tanzania
2022-09-03 23:00:00,22.5,87,20.4,12.4,22.3,0.0,1017.2,0.0,14,,0.01,,0,muhimbili_tanzania
2022-09-04 00:00:00,22.2,89,20.3,11.5,21.6,0.0,1016.8,0.0,5,,0.01,,0,muhimbili_tanzania
2022-09-04 01:00:00,21.9,90,20.2,8.9,20.5,0.0,1016.4,0.0,17,,0.0,,0,muhimbili_tanzania
2022-09-04 02:00:00,21.3,93,20.1,5.2,15.1,0.0,1015.8,0.0,22,,0.0,,1,muhimbili_tanzania
2022-09-04 03:00:00,20.9,94,20.0,4.2,9.0,0.0,1015.6,0.0,34,,0.0,,1,muhimbili_tanzania
2022-09-04 04:00:00,20.6,95,19.8,5.9,11.2,0.0,1015.7,0.0,14,,0.0,,0,muhimbili_tanzania
2022-09-04 05:00:00,20.4,95,19.5,5.0,10.8,0.0,1016.0,0.0,10,,0.0,,0,muhimbili_tanzania
2022-09-04 06:00:00,20.2,95,19.4,5.0,9.4,0.0,1016.5,0.0,8,,0.0,,0,muhimbili_tanzania
2022-09-04 07:00:00,21.0,92,19.6,7.1,11.2,0.0,1017.4,21.0,9,,0.01,,0,muhimbili_tanzania
2022-09-04 08:00:00,23.4,81,20.0,6.0,15.5,0.0,1018.1,200.0,7,,0.12,,0,muhimbili_tanzania
2022-09-04 09:00:00,25.1,71,19.5,6.1,18.0,0.0,1018.9,436.0,23,,0.29,,1,muhimbili_tanzania
2022-09-04 10:00:00,26.4,65,19.4,7.2,23.8,0.0,1018.9,631.0,28,,0.43,,1,muhimbili_tanzania
2022-09-04 11:00:00,27.2,61,19.1,8.4,24.1,0.1,1018.4,740.0,24,,0.52,,51,muhimbili_tanzania
2022-09-04 12:00:00,27.8,61,19.5,10.8,29.9,0.0,1017.5,847.0,34,,0.59,,1,muhimbili_tanzania
2022-09-04 13:00:00,27.2,63,19.5,14.5,33.5,1.0,1016.4,794.0,58,,0.55,,55,muhimbili_tanzania
2022-09-04 14:00:00,26.9,67,20.2,15.7,37.4,1.8,1015.3,746.0,57,,0.51,,61,muhimbili_tanzania
2022-09-04 15:00:00,25.9,70,19.9,17.9,37.4,1.5,1014.7,641.0,47,,0.43,,61,muhimbili_tanzania
2022-09-04 16:00:00,25.5,71,19.9,18.4,38.2,0.0,1014.4,447.0,45,,0.32,,1,muhimbili_tanzania
2022-09-04 17:00:00,25.4,71,19.7,16.6,37.1,0.0,1014.6,338.0,19,,0.25,,0,muhimbili_tanzania
2022-09-04 18:00:00,24.5,75,19.6,15.2,33.1,0.0,1014.9,136.0,12,,0.12,,0,muhimbili_tanzania
2022-09-04 19:00:00,23.5,80,20.0,13.7,28.4,0.0,1015.3,5.0,5,,0.04,,0,muhimbili_tanzania
2022-09-04 20:00:00,23.0,84,20.2,11.4,24.1,0.0,1015.8,0.0,1,,0.02,,0,muhimbili_tanzania
2022-09-04 21:00:00,22.9,86,20.5,11.5,20.5,0.0,1016.4,0.0,10,,0.01,,0,muhimbili_tanzania
2022-09-04 22:00:00,22.8,87,20.5,11.3,20.2,0.0,1016.8,0.0,50,,0.01,,2,muhimbili_tanzania
2022-09-04 23:00:00,22.5,87,20.4,10.8,19.8,0.0,1016.9,0.0,66,,0.01,,2,muhimbili_tanzania
2022-09-05 00:00:00,22.1,90,20.4,9.4,19.1,0.0,1016.5,0.0,50,,0.0,,2,muhimbili_tanzania
2022-09-05 01:00:00,21.8,92,20.4,9.2,16.2,0.0,1015.8,0.0,23,,0.0,,1,muhimbili_tanzania
2022-09-05 02:00:00,21.5,93,20.4,9.5,16.9,0.0,1015.4,0.0,31,,0.0,,1,muhimbili_tanzania
2022-09-05 03:00:00,21.3,94,20.2,5.8,16.9,0.0,1015.0,0.0,38,,0.0,,1,muhimbili_tanzania
2022-09-05 04:00:00,20.5,96,19.8,4.4,9.7,0.0,1015.7,0.0,80,,0.0,,3,muhimbili_tanzania
2022-09-05 05:00:00,20.7,95,20.0,4.3,8.3,0.0,1016.1,0.0,40,,0.0,,1,muhimbili_tanzania
2022-09-05 06:00:00,20.2,96,19.5,3.8,7.6,0.0,1016.7,0.0,47,,0.0,,1,muhimbili_tanzania
2022-09-05 07:00:00,21.5,92,20.1,5.2,7.9,0.0,1017.3,21.0,34,,0.01,,1,muhimbili_tanzania
2022-09-05 08:00:00,23.5,83,20.4,5.1,13.7,0.0,1018.1,196.0,29,,0.12,,1,muhimbili_tanzania
2022-09-05 09:00:00,25.0,73,19.9,8.5,21.2,0.2,1018.7,399.0,24,,0.27,,51,muhimbili_tanzania
2022-09-05 10:00:00,26.3,65,19.1,10.5,25.2,0.1,1018.7,613.0,34,,0.42,,51,muhimbili_tanzania
2022-09-05 11:00:00,26.8,62,19.0,12.6,29.9,0.4,1018.2,784.0,47,,0.54,,51,muhimbili_tanzania
2022-09-05 12:00:00,26.8,63,19.2,13.0,33.1,0.4,1017.4,816.0,28,,0.56,,51,muhimbili_tanzania
2022-09-05 13:00:00,27.5,60,19.1,13.6,33.1,0.1,1016.3,930.0,26,,0.64,,51,muhimbili_tanzania
2022-09-05 14:00:00,26.7,66,19.7,18.0,39.2,0.1,1015.3,899.0,61,,0.59,,51,muhimbili_tanzania
2022-09-05 15:00:00,25.9,68,19.5,16.5,39.6,0.3,1014.4,748.0,43,,0.49,,51,muhimbili_tanzania
2022-09-05 16:00:00,25.5,69,19.4,16.8,35.6,0.1,1014.2,514.0,25,,0.35,,51,muhimbili_tanzania
2022-09-05 17:00:00,25.1,70,19.2,18.0,35.3,0.0,1014.4,325.0,18,,0.24,,0,muhimbili_tanzania
2022-09-05 18:00:00,24.5,72,19.0,17.1,35.6,0.0,1014.6,132.0,11,,0.13,,0,muhimbili_tanzania
2022-09-05 19:00:00,23.5,77,19.3,13.3,31.7,0.0,1015.0,5.0,8,,0.04,,0,muhimbili_tanzania
2022-09-05 20:00:00,23.2,80,19.5,11.6,23.4,0.0,1015.2,0.0,3,,0.02,,0,muhimbili_tanzania
2022-09-05 21:00:00,22.9,82,19.6,13.4,22.7,0.0,1016.1,0.0,9,,0.02,,0,muhimbili_tanzania
2022-09-05 22:00:00,23.0,82,19.8,14.0,25.2,0.0,1016.4,0.0,22,,0.03,,1,muhimbili_tanzania
2022-09-05 23:00:00,22.9,82,19.7,13.9,25.2,0.0,1016.6,0.0,4,,0.03,,0,muhimbili_tanzania
2022-09-06 00:00:00,22.7,83,19.8,15.3,27.0,0.0,1016.3,0.0,23,,0.03,,1,muhimbili_tanzania
2022-09-06 01:00:00,22.6,84,19.9,13.2,27.0,0.0,1016.0,0.0,32,,0.02,,1,muhimbili_tanzania
2022-09-06 02:00:00,22.2,87,20.0,11.3,22.7,0.0,1015.4,0.0,18,,0.01,,0,muhimbili_tanzania
2022-09-06 03:00:00,22.3,87,20.1,9.4,20.2,0.0,1015.4,0.0,37,,0.0,,1,muhimbili_tanzania
2022-09-06 04:00:00,22.2,88,20.1,7.4,16.2,0.0,1015.5,0.0,31,,0.0,,1,muhimbili_tanzania
2022-09-06 05:00:00,21.7,91,20.1,6.8,13.0,0.0,1015.7,0.0,20,,0.0,,1,muhimbili_tanzania
2022-09-06 06:00:00,21.4,92,20.1,6.5,12.2,0.0,1016.3,0.0,19,,0.0,,0,muhimbili_tanzania
2022-09-06 07:00:00,21.9,90,20.1,6.8,11.5,0.0,1017.3,22.0,28,,0.01,,1,muhimbili_tanzania
2022-09-06 08:00:00,23.6,80,20.0,5.0,14.0,0.1,1018.3,195.0,22,,0.12,,51,muhimbili_tanzania
2022-09-06 09:00:00,25.2,70,19.4,7.4,19.4,0.1,1018.8,403.0,20,,0.27,,51,muhimbili_tanzania
2022-09-06 10:00:00,26.6,61,18.5,9.6,24.1,0.1,1019.1,614.0,19,,0.43,,51,muhimbili_tanzania
2022-09-06 11:00:00,27.2,58,18.3,12.3,29.2,0.1,1018.6,766.0,29,,0.54,,51,muhimbili_tanzania
2022-09-06 12:00:00,27.5,58,18.5,13.7,32.0,0.2,1017.8,850.0,28,,0.6,,51,muhimbili_tanzania
2022-09-06 13:00:00,27.8,58,18.8,16.2,36.0,0.3,1016.5,897.0,26,,0.63,,51,muhimbili_tanzania
2022-09-06 14:00:00,28.0,56,18.4,18.1,38.5,0.1,1015.2,829.0,22,,0.6,,51,muhimbili_tanzania
2022-09-06 15:00:00,27.4,56,17.9,19.1,41.4,0.0,1014.3,746.0,3,,0.53,,0,muhimbili_tanzania
2022-09-06 16:00:00,26.6,61,18.5,20.2,40.7,0.0,1014.1,568.0,27,,0.41,,1,muhimbili_tanzania
2022-09-06 17:00:00,25.4,65,18.3,20.4,41.8,0.0,1014.3,326.0,92,,0.26,,3,muhimbili_tanzania
2022-09-06 18:00:00,24.6,67,18.0,17.3,39.6,0.0,1014.6,107.0,99,,0.14,,3,muhimbili_tanzania
2022-09-06 19:00:00,24.0,71,18.5,14.2,32.0,0.0,1015.1,3.0,100,,0.07,,3,muhimbili_tanzania
2022-09-06 20:00:00,23.8,74,18.8,14.4,26.6,0.0,1015.6,0.0,54,,0.05,,2,muhimbili_tanzania
2022-09-06 21:00:00,23.4,77,19.1,12.8,25.9,0.0,1016.1,0.0,100,,0.03,,3,muhimbili_tanzania
2022-09-06 22:00:00,23.1,79,19.2,13.1,23.0,0.0,1016.6,0.0,39,,0.03,,1,muhimbili_tanzania
2022-09-06 23:00:00,22.9,81,19.5,12.5,23.0,0.0,1016.8,0.0,100,,0.02,,3,muhimbili_tanzania
2022-09-07 00:00:00,22.9,82,19.6,11.7,22.3,0.0,1016.6,0.0,100,,0.02,,3,muhimbili_tanzania
2022-09-07 01:00:00,22.7,83,19.6,10.6,20.2,0.0,1015.9,0.0,100,,0.02,,3,muhimbili_tanzania
2022-09-07 02:00:00,22.7,82,19.5,10.8,19.1,0.0,1015.4,0.0,100,,0.02,,3,muhimbili_tanzania
2022-09-07 03:00:00,22.7,82,19.5,10.6,19.8,0.0,1014.9,0.0,100,,0.02,,3,muhimbili_tanzania
2022-09-07 04:00:00,22.7,82,19.5,10.0,18.7,0.0,1015.1,0.0,72,,0.02,,2,muhimbili_tanzania
2022-09-07 05:00:00,22.1,85,19.5,10.1,18.0,0.0,1015.3,0.0,22,,0.01,,1,muhimbili_tanzania
2022-09-07 06:00:00,21.8,87,19.5,8.8,17.6,0.0,1015.9,0.0,35,,0.0,,1,muhimbili_tanzania
2022-09-07 07:00:00,22.3,85,19.7,9.4,15.5,0.0,1016.7,22.0,34,,0.02,,1,muhimbili_tanzania
2022-09-07 08:00:00,24.2,75,19.5,11.3,21.6,0.0,1017.5,176.0,37,,0.13,,1,muhimbili_tanzania
2022-09-07 09:00:00,25.8,66,19.0,12.7,27.4,0.0,1018.1,379.0,25,,0.28,,1,muhimbili_tanzania
2022-09-07 10:00:00,27.2,61,19.0,14.5,36.0,0.0,1018.4,599.0,43,,0.44,,1,muhimbili_tanzania
2022-09-07 11:00:00,27.7,59,18.9,17.2,37.1,0.2,1017.9,684.0,53,,0.5,,51,muhimbili_tanzania
2022-09-07 12:00:00,28.6,55,18.5,17.9,40.3,0.0,1016.9,779.0,31,,0.58,,1,muhimbili_tanzania
2022-09-07 13:00:00,29.2,50,17.9,19.7,41.0,0.0,1015.9,890.0,26,,0.66,,1,muhimbili_tanzania
2022-09-07 14:00:00,28.9,50,17.4,19.4,41.8,0.1,1014.9,833.0,14,,0.63,,51,muhimbili_tanzania
2022-09-07 15:00:00,27.6,55,17.8,18.4,40.7,0.0,1014.5,771.0,9,,0.55,,0,muhimbili_tanzania
2022-09-07 16:00:00,26.9,58,18.0,19.3,40.7,0.2,1014.3,537.0,33,,0.41,,51,muhimbili_tanzania
2022-09-07 17:00:00,25.9,65,18.9,18.1,38.5,0.1,1014.6,333.0,18,,0.27,,51,muhimbili_tanzania
2022-09-07 18:00:00,25.0,69,18.8,16.8,35.3,0.0,1015.3,128.0,16,,0.14,,0,muhimbili_tanzania
2022-09-07 19:00:00,24.0,75,19.2,11.5,30.6,0.0,1015.7,5.0,12,,0.04,,0,muhimbili_tanzania
2022-09-07 20:00:00,23.6,78,19.5,10.6,20.5,0.0,1016.4,0.0,14,,0.03,,0,muhimbili_tanzania
2022-09-07 21:00:00,23.2,80,19.6,9.0,18.7,0.0,1016.9,0.0,14,,0.02,,0,muhimbili_tanzania
2022-09-07 22:00:00,22.9,83,19.9,8.7,15.8,0.0,1017.0,0.0,5,,0.01,,0,muhimbili_tanzania
2022-09-07 23:00:00,22.6,85,19.9,9.6,16.9,0.0,1016.8,0.0,13,,0.01,,0,muhimbili_tanzania
2022-09-08 00:00:00,22.4,86,20.0,8.4,16.9,0.0,1016.5,0.0,10,,0.0,,0,muhimbili_tanzania
2022-09-08 01:00:00,21.8,90,20.0,5.6,15.1,0.0,1015.8,0.0,3,,0.0,,0,muhimbili_tanzania
2022-09-08 02:00:00,21.1,93,20.0,4.8,9.7,0.0,1015.0,0.0,1,,0.0,,0,muhimbili_tanzania
2022-09-08 03:00:00,21.0,94,20.0,4.2,9.4,0.0,1014.2,0.0,4,,0.0,,0,muhimbili_tanzania
2022-09-08 04:00:00,20.6,94,19.6,4.8,9.0,0.0,1014.2,0.0,0,,0.0,,0,muhimbili_tanzania
2022-09-08 05:00:00,20.5,94,19.6,5.6,10.1,0.0,1014.4,0.0,1,,0.0,,0,muhimbili_tanzania
2022-09-08 06:00:00,20.5,95,19.6,6.1,11.2,0.0,1015.1,0.0,0,,0.0,,0,muhimbili_tanzania
2022-09-08 07:00:00,21.2,91,19.8,8.4,13.0,0.0,1016.2,25.0,11,,0.01,,0,muhimbili_tanzania
2022-09-08 08:00:00,23.5,81,20.0,8.2,18.4,0.0,1016.9,202.0,12,,0.13,,0,muhimbili_tanzania
2022-09-08 09:00:00,25.5,69,19.4,12.1,26.3,0.0,1017.4,434.0,21,,0.3,,1,muhimbili_tanzania
2022-09-08 10:00:00,27.0,63,19.2,13.1,33.5,0.2,1017.7,635.0,48,,0.45,,51,muhimbili_tanzania
2022-09-08 11:00:00,27.8,58,18.9,13.7,35.3,0.0,1017.2,673.0,39,,0.49,,1,muhimbili_tanzania
2022-09-08 12:00:00,28.8,53,18.1,15.2,34.2,0.0,1016.5,862.0,45,,0.63,,1,muhimbili_tanzania
2022-09-08 13:00:00,28.8,51,17.6,17.2,36.7,0.0,1015.3,803.0,39,,0.61,,1,muhimbili_tanzania
2022-09-08 14:00:00,28.7,50,17.4,18.8,39.6,0.0,1014.2,759.0,39,,0.58,,1,muhimbili_tanzania
2022-09-08 15:00:00,27.6,56,18.0,19.8,41.8,0.0,1013.3,659.0,28,,0.5,,1,muhimbili_tanzania
2022-09-08 16:00:00,27.2,57,18.0,19.2,41.0,0.0,1013.1,552.0,42,,0.42,,1,muhimbili_tanzania
2022-09-08 17:00:00,26.0,63,18.4,17.5,38.9,0.2,1013.6,362.0,32,,0.28,,51,muhimbili_tanzania
2022-09-08 18:00:00,25.0,69,18.9,14.2,34.2,0.0,1014.0,124.0,20,,0.13,,1,muhimbili_tanzania
2022-09-08 19:00:00,24.0,76,19.6,12.6,25.6,0.0,1014.4,5.0,8,,0.04,,0,muhimbili_tanzania
2022-09-08 20:00:00,23.4,81,20.0,13.6,24.1,0.0,1014.8,0.0,6,,0.03,,0,muhimbili_tanzania
2022-09-08 21:00:00,22.9,84,20.1,11.2,24.1,0.0,1015.5,0.0,6,,0.01,,0,muhimbili_tanzania
2022-09-08 22:00:00,22.6,86,20.1,10.7,19.4,0.0,1015.9,0.0,8,,0.01,,0,muhimbili_tanzania
2022-09-08 23:00:00,22.5,86,20.1,9.7,18.7,0.0,1016.2,0.0,19,,0.01,,0,muhimbili_tanzania
2022-09-09 00:00:00,22.4,87,20.0,9.7,17.3,0.0,1015.9,0.0,38,,0.01,,1,muhimbili_tanzania
2022-09-09 01:00:00,22.0,88,20.0,8.9,16.9,0.0,1015.3,0.0,65,,0.0,,2,muhimbili_tanzania
2022-09-09 02:00:00,21.6,91,20.0,7.6,15.1,0.0,1014.6,0.0,97,,0.0,,3,muhimbili_tanzania
2022-09-09 03:00:00,21.7,91,20.1,6.9,13.3,0.0,1014.5,0.0,72,,0.0,,2,muhimbili_tanzania
2022-09-09 04:00:00,21.4,92,20.0,5.5,11.9,0.0,1014.6,0.0,96,,0.0,,3,muhimbili_tanzania
2022-09-09 05:00:00,20.9,94,19.9,4.7,9.7,0.0,1014.7,0.0,91,,0.0,,3,muhimbili_tanzania
2022-09-09 06:00:00,20.7,93,19.6,4.8,8.6,0.0,1015.3,0.0,100,,0.0,,3,muhimbili_tanzania
2022-09-09 07:00:00,21.5,90,19.8,8.4,13.3,0.0,1016.2,24.0,99,,0.02,,3,muhimbili_tanzania
2022-09-09 08:00:00,23.5,79,19.8,7.6,18.0,0.0,1017.2,197.0,97,,0.13,,3,muhimbili_tanzania
2022-09-09 09:00:00,25.3,68,19.0,10.3,23.8,0.0,1018.0,405.0,93,,0.28,,3,muhimbili_tanzania
2022-09-09 10:00:00,27.0,60,18.5,10.5,29.9,0.0,1017.9,643.0,83,,0.45,,3,muhimbili_tanzania
2022-09-09 11:00:00,27.5,57,18.2,12.6,29.9,0.1,1017.6,712.0,96,,0.51,,51,muhimbili_tanzania
2022-09-09 12:00:00,27.9,54,17.8,14.0,31.7,0.1,1016.7,751.0,98,,0.55,,51,muhimbili_tanzania
2022-09-09 13:00:00,28.5,51,17.4,16.6,36.0,0.0,1015.4,788.0,99,,0.59,,3,muhimbili_tanzania
2022-09-09 14:00:00,28.8,47,16.5,18.6,39.2,0.0,1014.1,823.0,99,,0.63,,3,muhimbili_tanzania
2022-09-09 15:00:00,28.0,51,17.1,21.0,43.2,0.0,1013.5,684.0,100,,0.53,,3,muhimbili_tanzania
2022-09-09 16:00:00,27.3,56,17.6,20.0,42.5,0.0,1013.5,594.0,100,,0.45,,3,muhimbili_tanzania
2022-09-09 17:00:00,26.1,62,18.4,19.0,40.3,0.0,1013.8,352.0,100,,0.29,,3,muhimbili_tanzania
2022-09-09 18:00:00,25.0,68,18.6,17.1,37.1,0.0,1014.5,105.0,100,,0.13,,3,muhimbili_tanzania
2022-09-09 19:00:00,24.1,75,19.3,13.2,31.3,0.0,1015.3,4.0,100,,0.05,,3,muhimbili_tanzania
2022-09-09 20:00:00,23.5,79,19.6,10.8,23.4,0.0,1016.1,0.0,100,,0.02,,3,muhimbili_tanzania
2022-09-09 21:00:00,23.2,82,20.0,9.6,18.7,0.0,1016.9,0.0,36,,0.01,,1,muhimbili_tanzania
2022-09-09 22:00:00,22.8,85,20.1,8.0,16.6,0.0,1017.2,0.0,11,,0.01,,0,muhimbili_tanzania
2022-09-09 23:00:00,22.6,86,20.2,8.5,14.8,0.0,1017.3,0.0,18,,0.0,,0,muhimbili_tanzania
2022-09-10 00:00:00,22.4,88,20.2,8.2,15.1,0.0,1017.0,0.0,100,,0.0,,3,muhimbili_tanzania
2022-09-10 01:00:00,22.4,87,20.1,8.7,15.1,0.0,1016.1,0.0,100,,0.0,,3,muhimbili_tanzania
2022-09-10 02:00:00,22.0,89,20.1,8.8,15.5,0.0,1015.3,0.0,100,,0.0,,3,muhimbili_tanzania
2022-09-10 03:00:00,22.2,87,20.0,7.9,15.5,0.0,1015.2,0.0,100,,0.0,,3,muhimbili_tanzania
2022-09-10 04:00:00,21.9,89,20.0,6.9,13.7,0.0,1015.3,0.0,71,,0.0,,2,muhimbili_tanzania
2022-09-10 05:00:00,21.7,90,20.0,6.5,12.2,0.0,1015.5,0.0,38,,0.0,,1,muhimbili_tanzania
2022-09-10 06:00:00,21.4,92,20.0,6.9,12.2,0.0,1016.3,0.0,30,,0.0,,1,muhimbili_tanzania
2022-09-10 07:00:00,22.1,88,20.0,9.4,15.1,0.0,1017.1,24.0,10,,0.02,,0,muhimbili_tanzania
2022-09-10 08:00:00,24.1,77,19.8,11.2,22.3,0.0,1017.9,197.0,18,,0.14,,0,muhimbili_tanzania
2022-09-10 09:00:00,26.0,66,19.2,13.5,28.8,0.0,1018.4,416.0,12,,0.3,,0,muhimbili_tanzania
2022-09-10 10:00:00,27.4,58,18.5,15.7,33.5,0.0,1018.2,635.0,20,,0.46,,1,muhimbili_tanzania
2022-09-10 11:00:00,28.1,55,18.2,16.8,36.4,0.0,1017.7,761.0,31,,0.56,,1,muhimbili_tanzania
2022-09-10 12:00:00,28.4,53,17.9,17.6,37.1,0.0,1016.8,737.0,34,,0.56,,1,muhimbili_tanzania
2022-09-10 13:00:00,28.5,53,18.0,19.4,40.7,0.2,1015.8,826.0,35,,0.61,,51,muhimbili_tanzania
2022-09-10 14:00:00,28.0,56,18.5,20.4,42.1,0.4,1015.0,811.0,38,,0.58,,51,muhimbili_tanzania
2022-09-10 15:00:00,26.6,63,19.0,19.6,42.1,0.4,1014.9,697.0,41,,0.48,,51,muhimbili_tanzania
2022-09-10 16:00:00,26.3,64,19.0,19.7,40.0,0.2,1014.5,453.0,36,,0.35,,51,muhimbili_tanzania
2022-09-10 17:00:00,25.7,68,19.4,17.5,39.2,0.1,1014.8,283.0,46,,0.23,,51,muhimbili_tanzania
2022-09-10 18:00:00,24.9,71,19.4,15.5,34.2,0.0,1015.4,118.0,23,,0.12,,1,muhimbili_tanzania
2022-09-10 19:00:00,24.2,76,19.8,12.2,28.8,0.0,1015.7,4.0,14,,0.05,,0,muhimbili_tanzania
2022-09-10 20:00:00,23.9,78,19.9,10.7,21.6,0.0,1016.5,0.0,100,,0.03,,3,muhimbili_tanzania
2022-09-10 21:00:00,23.9,78,19.9,10.9,19.4,0.0,1017.1,0.0,40,,0.03,,1,muhimbili_tanzania
2022-09-10 22:00:00,23.5,81,20.0,11.2,19.8,0.0,1017.0,0.0,20,,0.02,,1,muhimbili_tanzania
2022-09-10 23:00:00,23.3,81,20.0,12.6,22.3,0.0,1016.9,0.0,17,,0.02,,0,muhimbili_tanzania
2022-09-11 00:00:00,23.2,82,20.0,11.5,22.3,0.0,1016.4,0.0,79,,0.02,,2,muhimbili_tanzania
2022-09-11 01:00:00,23.4,82,20.0,11.7,20.9,0.0,1015.6,0.0,90,,0.02,,3,muhimbili_tanzania
2022-09-11 02:00:00,23.1,84,20.2,11.0,20.9,0.0,1015.1,0.0,38,,0.02,,1,muhimbili_tanzania
2022-09-11 03:00:00,22.3,88,20.1,6.8,19.1,0.0,1014.7,0.0,23,,0.0,,1,muhimbili_tanzania
2022-09-11 04:00:00,21.8,90,20.1,5.2,11.9,0.0,1014.6,0.0,15,,0.0,,0,muhimbili_tanzania
2022-09-11 05:00:00,21.5,92,20.2,4.7,9.4,0.0,1014.8,0.0,19,,0.0,,0,muhimbili_tanzania
2022-09-11 06:00:00,21.0,94,20.0,3.7,8.3,0.0,1015.4,0.0,30,,0.0,,1,muhimbili_tanzania
2022-09-11 07:00:00,22.0,89,20.1,6.6,10.4,0.0,1016.1,26.0,17,,0.02,,0,muhimbili_tanzania
2022-09-11 08:00:00,24.0,79,20.2,5.4,14.8,0.0,1017.0,202.0,18,,0.13,,0,muhimbili_tanzania
2022-09-11 09:00:00,25.5,70,19.6,7.8,20.2,0.1,1017.7,406.0,23,,0.28,,51,muhimbili_tanzania
2022-09-11 10:00:00,26.8,64,19.3,10.5,25.6,0.2,1017.6,626.0,36,,0.44,,51,muhimbili_tanzania
2022-09-11 11:00:00,27.1,62,19.2,12.2,29.5,0.3,1017.4,762.0,66,,0.53,,51,muhimbili_tanzania
2022-09-11 12:00:00,27.1,62,19.4,12.6,29.9,0.3,1016.7,770.0,56,,0.54,,51,muhimbili_tanzania
2022-09-11 13:00:00,27.2,65,20.0,14.2,32.8,0.3,1015.5,808.0,42,,0.56,,51,muhimbili_tanzania
2022-09-11 14:00:00,26.8,66,19.9,16.8,36.4,0.4,1014.5,729.0,54,,0.5,,51,muhimbili_tanzania
2022-09-11 15:00:00,26.0,72,20.6,18.1,38.9,0.3,1014.1,678.0,32,,0.44,,51,muhimbili_tanzania
2022-09-11 16:00:00,25.6,72,20.3,17.6,38.2,0.1,1013.8,518.0,18,,0.35,,51,muhimbili_tanzania
2022-09-11 17:00:00,25.2,74,20.2,15.9,36.4,0.0,1013.9,319.0,31,,0.23,,1,muhimbili_tanzania
2022-09-11 18:00:00,24.5,76,20.1,14.0,32.0,0.0,1014.2,107.0,100,,0.1,,3,muhimbili_tanzania
2022-09-11 19:00:00,24.1,79,20.2,12.4,26.6,0.0,1014.5,3.0,94,,0.05,,3,muhimbili_tanzania
2022-09-11 20:00:00,23.9,80,20.2,12.9,23.8,0.0,1015.1,0.0,100,,0.03,,3,muhimbili_tanzania
2022-09-11 21:00:00,23.8,81,20.3,11.5,23.8,0.0,1016.0,0.0,100,,0.02,,3,muhimbili_tanzania
2022-09-11 22:00:00,23.7,82,20.4,11.2,20.5,0.0,1016.1,0.0,100,,0.02,,3,muhimbili_tanzania
2022-09-11 23:00:00,23.6,82,20.4,11.4,20.2,0.0,1015.8,0.0,100,,0.02,,3,muhimbili_tanzania
2022-09-12 00:00:00,23.3,83,20.3,12.5,22.7,0.1,1015.3,0.0,58,,0.02,,51,muhimbili_tanzania
2022-09-12 01:00:00,22.9,86,20.4,10.5,22.3,0.1,1014.5,0.0,17,,0.01,,51,muhimbili_tanzania
2022-09-12 02:00:00,22.2,90,20.4,7.4,18.7,0.0,1013.7,0.0,16,,0.0,,0,muhimbili_tanzania
2022-09-12 03:00:00,22.1,91,20.5,5.3,13.0,0.0,1013.0,0.0,36,,0.0,,1,muhimbili_tanzania
2022-09-12 04:00:00,21.2,95,20.4,4.4,9.4,0.0,1012.9,0.0,71,,0.0,,2,muhimbili_tanzania
2022-09-12 05:00:00,21.1,95,20.3,5.3,9.4,0.0,1013.0,0.0,89,,0.0,,3,muhimbili_tanzania
2022-09-12 06:00:00,21.1,94,20.1,5.6,10.8,0.0,1013.5,0.0,84,,0.0,,3,muhimbili_tanzania
2022-09-12 07:00:00,21.8,91,20.2,6.1,10.4,0.0,1014.4,27.0,38,,0.01,,1,muhimbili_tanzania
2022-09-12 08:00:00,23.9,80,20.1,5.1,14.0,0.1,1015.3,212.0,76,,0.13,,51,muhimbili_tanzania
2022-09-12 09:00:00,25.5,70,19.5,7.0,19.1,0.0,1015.8,429.0,91,,0.29,,3,muhimbili_tanzania
2022-09-12 10:00:00,26.6,62,18.7,9.3,23.8,0.0,1016.0,601.0,81,,0.42,,3,muhimbili_tanzania
2022-09-12 11:00:00,27.6,57,18.3,12.0,28.4,0.1,1015.6,777.0,82,,0.55,,51,muhimbili_tanzania
2022-09-12 12:00:00,27.7,58,18.8,14.4,33.1,0.4,1014.9,864.0,90,,0.61,,51,muhimbili_tanzania
2022-09-12 13:00:00,27.8,59,19.0,16.2,36.0,0.2,1014.1,830.0,76,,0.59,,51,muhimbili_tanzania
2022-09-12 14:00:00,27.6,61,19.3,18.8,40.0,0.2,1013.1,784.0,65,,0.55,,51,muhimbili_tanzania
2022-09-12 15:00:00,26.9,62,19.0,18.4,40.7,0.0,1012.7,679.0,79,,0.48,,2,muhimbili_tanzania
2022-09-12 16:00:00,26.5,62,18.8,19.4,39.6,0.0,1012.8,494.0,24,,0.37,,1,muhimbili_tanzania
2022-09-12 17:00:00,26.0,64,18.6,18.4,39.2,0.0,1012.9,331.0,10,,0.27,,0,muhimbili_tanzania
2022-09-12 18:00:00,25.0,67,18.4,17.0,36.0,0.0,1013.3,125.0,22,,0.14,,1,muhimbili_tanzania
2022-09-12 19:00:00,24.1,73,19.0,12.5,30.2,0.0,1013.6,4.0,15,,0.05,,0,muhimbili_tanzania
2022-09-12 20:00:00,23.4,79,19.5,12.0,23.0,0.0,1014.1,0.0,7,,0.03,,0,muhimbili_tanzania
2022-09-12 21:00:00,22.9,83,19.8,10.8,20.9,0.0,1014.6,0.0,0,,0.02,,0,muhimbili_tanzania
2022-09-12 22:00:00,22.5,86,20.0,9.1,19.1,0.0,1015.1,0.0,0,,0.01,,0,muhimbili_tanzania
2022-09-12 23:00:00,22.3,87,20.1,9.4,16.2,0.0,1015.2,0.0,2,,0.0,,0,muhimbili_tanzania
2022-09-13 00:00:00,22.2,88,20.1,9.7,17.3,0.0,1014.8,0.0,8,,0.0,,0,muhimbili_tanzania
2022-09-13 01:00:00,22.1,89,20.2,10.8,18.7,0.0,1014.2,0.0,22,,0.0,,1,muhimbili_tanzania
2022-09-13 02:00:00,22.0,89,20.2,10.6,18.7,0.0,1013.7,0.0,30,,0.0,,1,muhimbili_tanzania
2022-09-13 03:00:00,22.0,90,20.3,9.5,18.7,0.0,1013.3,0.0,32,,0.0,,1,muhimbili_tanzania
2022-09-13 04:00:00,21.6,92,20.3,8.6,16.6,0.0,1013.5,0.0,24,,0.0,,1,muhimbili_tanzania
2022-09-13 05:00:00,21.4,94,20.4,6.8,14.8,0.0,1013.8,0.0,74,,0.0,,2,muhimbili_tanzania
2022-09-13 06:00:00,21.5,93,20.3,6.5,12.2,0.0,1014.5,0.0,98,,0.0,,3,muhimbili_tanzania
2022-09-13 07:00:00,22.4,88,20.4,8.4,13.7,0.0,1015.3,26.0,99,,0.02,,3,muhimbili_tanzania
2022-09-13 08:00:00,24.2,78,20.1,9.5,19.8,0.0,1016.0,196.0,98,,0.14,,3,muhimbili_tanzania
2022-09-13 09:00:00,25.8,68,19.4,10.8,24.5,0.0,1016.4,419.0,100,,0.29,,3,muhimbili_tanzania
2022-09-13 10:00:00,27.4,59,18.5,13.0,29.2,0.1,1016.5,663.0,99,,0.47,,51,muhimbili_tanzania
2022-09-13 11:00:00,28.1,55,18.1,13.5,31.0,0.1,1016.4,744.0,98,,0.55,,51,muhimbili_tanzania
2022-09-13 12:00:00,28.7,52,17.9,14.0,32.0,0.0,1015.5,779.0,96,,0.58,,3,muhimbili_tanzania
2022-09-13 13:00:00,29.2,50,17.8,16.7,35.6,0.0,1014.3,847.0,97,,0.64,,3,muhimbili_tanzania
2022-09-13 14:00:00,28.9,52,18.1,19.0,40.0,0.0,1013.5,769.0,100,,0.58,,3,muhimbili_tanzania
2022-09-13 15:00:00,28.6,53,18.1,19.1,40.3,0.0,1012.6,764.0,98,,0.57,,3,muhimbili_tanzania
2022-09-13 16:00:00,28.0,57,18.5,19.4,39.6,0.1,1012.6,566.0,100,,0.44,,51,muhimbili_tanzania
2022-09-13 17:00:00,26.8,61,18.5,17.9,39.2,0.0,1013.2,319.0,100,,0.28,,3,muhimbili_tanzania
2022-09-13 18:00:00,25.6,64,18.4,15.6,34.6,0.0,1013.8,131.0,100,,0.15,,3,muhimbili_tanzania
2022-09-13 19:00:00,24.5,71,19.0,13.5,27.7,0.0,1014.4,4.0,100,,0.06,,3,muhimbili_tanzania
2022-09-13 20:00:00,23.8,79,20.0,15.3,27.0,0.0,1014.7,0.0,99,,0.04,,3,muhimbili_tanzania
2022-09-13 21:00:00,23.3,84,20.4,15.3,27.4,0.0,1015.6,0.0,100,,0.03,,3,muhimbili_tanzania
2022-09-13 22:00:00,23.2,83,20.2,15.3,27.4,0.0,1016.3,0.0,100,,0.03,,3,muhimbili_tanzania
2022-09-13 23:00:00,23.1,83,20.0,14.0,27.0,0.0,1016.4,0.0,99,,0.02,,3,muhimbili_tanzania
2022-09-14 00:00:00,22.9,85,20.2,12.7,24.8,0.0,1016.2,0.0,100,,0.02,,3,muhimbili_tanzania
2022-09-14 01:00:00,22.9,86,20.5,12.2,22.3,0.0,1015.6,0.0,100,,0.01,,3,muhimbili_tanzania
2022-09-14 02:00:00,23.1,85,20.5,10.2,21.6,0.0,1015.0,0.0,100,,0.01,,3,muhimbili_tanzania
2022-09-14 03:00:00,22.8,86,20.4,4.0,18.0,0.0,1015.0,0.0,96,,0.0,,3,muhimbili_tanzania
2022-09-14 04:00:00,22.0,90,20.4,4.0,7.6,0.0,1014.9,0.0,99,,0.0,,3,muhimbili_tanzania
2022-09-14 05:00:00,22.5,87,20.3,4.6,9.4,0.0,1015.1,0.0,98,,0.0,,3,muhimbili_tanzania
2022-09-14 06:00:00,21.7,92,20.3,3.6,8.3,0.0,1015.8,0.0,95,,0.0,,3,muhimbili_tanzania
2022-09-14 07:00:00,22.5,88,20.4,6.2,10.8,0.0,1016.5,29.0,96,,0.02,,3,muhimbili_tanzania
2022-09-14 08:00:00,24.3,79,20.4,6.8,15.8,0.0,1017.4,195.0,100,,0.13,,3,muhimbili_tanzania
2022-09-14 09:00:00,25.5,71,19.8,7.8,19.4,0.0,1018.4,293.0,100,,0.22,,3,muhimbili_tanzania
2022-09-14 10:00:00,27.1,62,19.2,9.3,27.0,0.0,1018.7,528.0,98,,0.39,,3,muhimbili_tanzania
2022-09-14 11:00:00,28.5,56,18.9,11.3,30.6,0.0,1018.3,812.0,100,,0.58,,3,muhimbili_tanzania
2022-09-14 12:00:00,28.6,56,18.9,13.7,33.5,0.0,1017.5,811.0,100,,0.59,,3,muhimbili_tanzania
2022-09-14 13:00:00,28.7,56,19.2,15.8,36.7,0.0,1016.6,820.0,99,,0.6,,3,muhimbili_tanzania
2022-09-14 14:00:00,28.9,56,19.2,16.3,37.4,0.0,1015.6,819.0,99,,0.6,,3,muhimbili_tanzania
2022-09-14 15:00:00,28.2,56,18.5,17.0,37.4,0.1,1015.1,658.0,100,,0.5,,51,muhimbili_tanzania
2022-09-14 16:00:00,27.2,61,19.0,18.3,37.4,0.2,1015.1,548.0,99,,0.41,,51,muhimbili_tanzania
2022-09-14 17:00:00,26.2,67,19.7,15.4,37.4,0.1,1015.4,313.0,100,,0.25,,51,muhimbili_tanzania
2022-09-14 18:00:00,25.5,70,19.5,16.1,31.0,0.0,1016.0,114.0,100,,0.13,,3,muhimbili_tanzania
2022-09-14 19:00:00,24.2,77,20.0,13.5,30.2,0.0,1016.4,4.0,100,,0.05,,3,muhimbili_tanzania
2022-09-14 20:00:00,23.6,82,20.2,10.4,24.1,0.0,1016.9,0.0,98,,0.02,,3,muhimbili_tanzania
2022-09-14 21:00:00,23.2,85,20.5,9.0,18.7,0.0,1017.6,0.0,98,,0.01,,3,muhimbili_tanzania
2022-09-14 22:00:00,22.9,87,20.5,9.7,16.9,0.0,1018.0,0.0,98,,0.01,,3,muhimbili_tanzania
2022-09-14 23:00:00,22.7,88,20.6,11.2,19.8,0.0,1018.0,0.0,40,,0.01,,1,muhimbili_tanzania
2022-09-15 00:00:00,22.5,89,20.5,11.8,20.9,0.0,1017.7,0.0,13,,0.01,,0,muhimbili_tanzania
2022-09-15 01:00:00,22.2,90,20.6,10.3,20.5,0.0,1017.0,0.0,11,,0.0,,0,muhimbili_tanzania
2022-09-15 02:00:00,22.1,91,20.5,10.2,18.0,0.0,1016.3,0.0,39,,0.0,,1,muhimbili_tanzania
2022-09-15 03:00:00,22.1,90,20.3,8.8,18.0,0.0,1015.8,0.0,41,,0.0,,1,muhimbili_tanzania
2022-09-15 04:00:00,21.9,91,20.3,7.2,15.1,0.0,1015.8,0.0,34,,0.0,,1,muhimbili_tanzania
2022-09-15 05:00:00,21.7,92,20.4,4.7,12.6,0.0,1016.3,0.0,15,,0.0,,0,muhimbili_tanzania
2022-09-15 06:00:00,21.2,94,20.2,4.5,8.6,0.0,1017.0,0.0,27,,0.0,,1,muhimbili_tanzania
2022-09-15 07:00:00,22.2,89,20.4,6.8,12.2,0.1,1017.7,29.0,21,,0.02,,51,muhimbili_tanzania
2022-09-15 08:00:00,24.1,79,20.2,8.0,18.0,0.0,1018.5,209.0,9,,0.14,,0,muhimbili_tanzania
2022-09-15 09:00:00,26.0,66,19.0,8.7,22.0,0.0,1018.9,447.0,17,,0.31,,0,muhimbili_tanzania
2022-09-15 10:00:00,27.5,57,18.2,11.6,27.7,0.2,1019.3,660.0,34,,0.48,,51,muhimbili_tanzania
2022-09-15 11:00:00,27.4,61,19.1,14.9,34.9,0.1,1019.0,732.0,51,,0.52,,51,muhimbili_tanzania
2022-09-15 12:00:00,27.2,58,18.4,14.7,35.6,0.1,1018.5,630.0,51,,0.47,,51,muhimbili_tanzania
2022-09-15 13:00:00,28.0,57,18.5,13.6,34.2,0.0,1017.6,742.0,45,,0.55,,1,muhimbili_tanzania
2022-09-15 14:00:00,28.0,56,18.5,15.7,34.6,0.0,1016.5,648.0,56,,0.49,,2,muhimbili_tanzania
2022-09-15 15:00:00,26.2,64,19.0,18.0,38.5,0.0,1015.7,646.0,40,,0.45,,1,muhimbili_tanzania
2022-09-15 16:00:00,26.6,63,19.0,18.8,38.2,0.4,1015.8,490.0,62,,0.37,,51,muhimbili_tanzania
2022-09-15 17:00:00,26.2,65,19.0,17.2,37.8,0.0,1016.1,319.0,15,,0.26,,0,muhimbili_tanzania
2022-09-15 18:00:00,25.2,69,19.1,14.0,33.5,0.0,1016.7,124.0,8,,0.13,,0,muhimbili_tanzania
2022-09-15 19:00:00,24.1,75,19.5,13.2,24.5,0.0,1017.1,4.0,6,,0.05,,0,muhimbili_tanzania
2022-09-15 20:00:00,23.5,81,20.0,11.8,23.8,0.0,1017.7,0.0,11,,0.02,,0,muhimbili_tanzania
2022-09-15 21:00:00,23.2,83,20.2,10.9,20.5,0.0,1018.4,0.0,27,,0.02,,1,muhimbili_tanzania
2022-09-15 22:00:00,23.2,83,20.2,11.2,20.2,0.0,1018.7,0.0,17,,0.02,,0,muhimbili_tanzania
2022-09-15 23:00:00,23.0,84,20.2,11.4,20.5,0.0,1018.8,0.0,8,,0.02,,0,muhimbili_tanzania
2022-09-16 00:00:00,22.8,86,20.2,11.3,20.5,0.0,1018.5,0.0,16,,0.01,,0,muhimbili_tanzania
2022-09-16 01:00:00,22.5,87,20.2,10.4,20.2,0.0,1017.8,0.0,16,,0.01,,0,muhimbili_tanzania
2022-09-16 02:00:00,22.3,87,20.1,9.0,18.0,0.0,1017.2,0.0,15,,0.0,,0,muhimbili_tanzania
2022-09-16 03:00:00,22.4,84,19.6,8.3,15.5,0.0,1016.7,0.0,18,,0.01,,0,muhimbili_tanzania
2022-09-16 04:00:00,22.2,85,19.5,7.6,14.8,0.0,1016.5,0.0,20,,0.0,,1,muhimbili_tanzania
2022-09-16 05:00:00,22.0,86,19.5,6.9,13.3,0.0,1016.4,0.0,26,,0.0,,1,muhimbili_tanzania
2022-09-16 06:00:00,22.0,87,19.6,6.5,11.9,0.0,1016.9,0.0,22,,0.0,,1,muhimbili_tanzania
2022-09-16 07:00:00,22.5,84,19.7,8.7,16.6,0.0,1017.6,26.0,100,,0.03,,3,muhimbili_tanzania
2022-09-16 08:00:00,23.9,77,19.5,11.8,24.1,0.1,1018.1,165.0,35,,0.13,,51,muhimbili_tanzania
2022-09-16 09:00:00,25.1,70,19.4,12.2,28.1,0.3,1018.4,395.0,39,,0.28,,51,muhimbili_tanzania
2022-09-16 10:00:00,26.3,65,19.2,11.3,29.5,0.2,1018.5,610.0,46,,0.42,,51,muhimbili_tanzania
2022-09-16 11:00:00,27.0,62,19.0,12.1,31.0,0.2,1018.1,734.0,68,,0.52,,51,muhimbili_tanzania
2022-09-16 12:00:00,27.5,60,19.2,12.4,31.0,0.1,1017.1,755.0,95,,0.54,,51,muhimbili_tanzania
2022-09-16 13:00:00,28.4,56,18.8,13.9,32.0,0.1,1016.2,784.0,100,,0.58,,51,muhimbili_tanzania
2022-09-16 14:00:00,27.5,59,18.8,18.3,38.5,0.1,1015.1,661.0,35,,0.49,,51,muhimbili_tanzania
2022-09-16 15:00:00,26.0,64,18.8,17.6,41.0,0.3,1014.9,706.0,23,,0.48,,51,muhimbili_tanzania
2022-09-16 16:00:00,26.1,64,18.8,18.3,37.1,0.2,1014.5,470.0,29,,0.35,,51,muhimbili_tanzania
2022-09-16 17:00:00,25.8,65,18.6,19.0,37.4,0.0,1014.7,337.0,49,,0.27,,1,muhimbili_tanzania
2022-09-16 18:00:00,24.8,69,18.6,17.9,36.7,0.0,1015.0,110.0,27,,0.13,,1,muhimbili_tanzania
2022-09-16 19:00:00,24.0,74,19.0,14.5,33.1,0.0,1015.3,4.0,7,,0.06,,0,muhimbili_tanzania
2022-09-16 20:00:00,23.5,77,19.2,12.8,25.9,0.0,1015.7,0.0,25,,0.03,,1,muhimbili_tanzania
2022-09-16 21:00:00,23.2,79,19.4,11.0,22.3,0.0,1016.3,0.0,8,,0.02,,0,muhimbili_tanzania
2022-09-16 22:00:00,23.0,81,19.6,10.7,19.8,0.0,1016.6,0.0,21,,0.02,,1,muhimbili_tanzania
2022-09-16 23:00:00,22.9,82,19.8,10.0,18.7,0.0,1016.9,0.0,22,,0.01,,1,muhimbili_tanzania
2022-09-17 00:00:00,22.6,84,19.9,8.9,17.6,0.0,1016.3,0.0,18,,0.01,,0,muhimbili_tanzania
2022-09-17 01:00:00,22.6,84,19.9,10.5,18.7,0.0,1015.5,0.0,100,,0.01,,3,muhimbili_tanzania
2022-09-17 02:00:00,23.0,81,19.6,11.1,20.2,0.0,1014.5,0.0,100,,0.02,,3,muhimbili_tanzania
2022-09-17 03:00:00,23.1,80,19.5,9.4,19.8,0.0,1014.3,0.0,100,,0.02,,3,muhimbili_tanzania
2022-09-17 04:00:00,23.0,81,19.5,7.3,16.9,0.0,1014.3,0.0,79,,0.01,,2,muhimbili_tanzania
2022-09-17 05:00:00,22.5,84,19.7,5.4,13.0,0.0,1014.4,0.0,62,,0.0,,2,muhimbili_tanzania
2022-09-17 06:00:00,21.6,90,19.8,5.2,9.7,0.0,1014.8,0.0,19,,0.0,,0,muhimbili_tanzania
2022-09-17 07:00:00,22.2,86,19.8,6.8,12.2,0.0,1015.6,32.0,6,,0.02,,0,muhimbili_tanzania
2022-09-17 08:00:00,24.1,75,19.5,5.6,15.5,0.0,1016.0,225.0,17,,0.15,,0,muhimbili_tanzania
2022-09-17 09:00:00,25.7,66,18.9,6.6,22.3,0.0,1016.7,460.0,17,,0.31,,0,muhimbili_tanzania
2022-09-17 10:00:00,26.6,61,18.5,7.0,22.7,0.1,1017.0,638.0,46,,0.44,,51,muhimbili_tanzania
2022-09-17 11:00:00,27.0,58,18.1,8.6,23.0,0.1,1016.7,635.0,53,,0.46,,51,muhimbili_tanzania
2022-09-17 12:00:00,27.0,59,18.5,9.9,27.4,0.1,1015.8,674.0,70,,0.49,,51,muhimbili_tanzania
2022-09-17 13:00:00,27.0,63,19.4,11.4,29.5,0.0,1014.9,697.0,64,,0.5,,2,muhimbili_tanzania
2022-09-17 14:00:00,27.0,64,19.6,13.1,30.6,0.1,1013.6,684.0,26,,0.48,,51,muhimbili_tanzania
2022-09-17 15:00:00,26.5,65,19.5,13.0,33.5,0.0,1013.1,737.0,41,,0.5,,1,muhimbili_tanzania
2022-09-17 16:00:00,26.5,65,19.4,13.0,30.2,0.1,1012.8,540.0,37,,0.38,,51,muhimbili_tanzania
2022-09-17 17:00:00,25.7,68,19.5,14.4,29.5,0.1,1013.1,318.0,30,,0.24,,51,muhimbili_tanzania
2022-09-17 18:00:00,24.7,73,19.6,14.2,29.5,0.0,1013.4,123.0,22,,0.12,,1,muhimbili_tanzania
2022-09-17 19:00:00,24.0,78,20.0,11.6,27.0,0.0,1013.7,4.0,7,,0.04,,0,muhimbili_tanzania
2022-09-17 20:00:00,23.5,81,20.0,9.5,20.9,0.0,1014.3,0.0,10,,0.02,,0,muhimbili_tanzania
2022-09-17 21:00:00,23.0,83,20.1,8.8,16.9,0.0,1014.8,0.0,0,,0.01,,0,muhimbili_tanzania
2022-09-17 22:00:00,22.8,86,20.2,8.9,15.8,0.0,1015.4,0.0,0,,0.01,,0,muhimbili_tanzania
2022-09-17 23:00:00,22.7,87,20.4,10.2,17.3,0.0,1015.7,0.0,3,,0.01,,0,muhimbili_tanzania
2022-09-18 00:00:00,22.9,84,20.0,12.1,21.2,0.0,1015.2,0.0,18,,0.02,,0,muhimbili_tanzania
2022-09-18 01:00:00,23.0,83,19.9,11.6,21.2,0.0,1014.7,0.0,54,,0.02,,2,muhimbili_tanzania
2022-09-18 02:00:00,23.0,82,19.8,10.2,20.5,0.0,1014.2,0.0,88,,0.02,,3,muhimbili_tanzania
2022-09-18 03:00:00,23.0,81,19.5,9.7,18.0,0.0,1013.7,0.0,39,,0.02,,1,muhimbili_tanzania
2022-09-18 04:00:00,23.0,81,19.5,8.2,16.9,0.0,1013.8,0.0,55,,0.01,,2,muhimbili_tanzania
2022-09-18 05:00:00,22.5,85,19.8,7.1,14.4,0.0,1014.2,0.0,85,,0.0,,3,muhimbili_tanzania
2022-09-18 06:00:00,22.5,85,19.9,7.7,13.7,0.0,1014.9,0.0,99,,0.0,,3,muhimbili_tanzania
2022-09-18 07:00:00,23.1,82,19.9,8.6,15.8,0.0,1015.8,26.0,99,,0.03,,3,muhimbili_tanzania
2022-09-18 08:00:00,24.6,74,19.6,9.8,20.5,0.0,1016.6,200.0,92,,0.15,,3,muhimbili_tanzania
2022-09-18 09:00:00,26.1,66,19.2,12.3,26.6,0.1,1016.9,410.0,98,,0.3,,51,muhimbili_tanzania
2022-09-18 10:00:00,26.8,62,19.0,14.3,31.3,0.2,1017.0,594.0,100,,0.43,,51,muhimbili_tanzania
2022-09-18 11:00:00,27.6,59,19.0,14.3,33.1,0.3,1016.7,787.0,93,,0.56,,51,muhimbili_tanzania
2022-09-18 12:00:00,27.8,57,18.4,16.4,35.3,0.3,1016.0,763.0,92,,0.56,,51,muhimbili_tanzania
2022-09-18 13:00:00,27.9,55,18.0,16.8,35.6,0.2,1015.0,574.0,71,,0.46,,51,muhimbili_tanzania
2022-09-18 14:00:00,28.6,53,18.0,20.0,42.1,0.1,1013.8,882.0,23,,0.64,,51,muhimbili_tanzania
2022-09-18 15:00:00,27.7,57,18.5,18.2,42.8,0.1,1013.5,762.0,18,,0.55,,51,muhimbili_tanzania
2022-09-18 16:00:00,27.4,59,18.7,17.8,37.8,0.1,1013.3,565.0,8,,0.42,,51,muhimbili_tanzania
2022-09-18 17:00:00,26.4,65,19.2,17.0,37.1,0.0,1013.5,346.0,11,,0.27,,0,muhimbili_tanzania
2022-09-18 18:00:00,25.2,70,19.5,15.5,33.8,0.0,1014.1,130.0,7,,0.13,,0,muhimbili_tanzania
2022-09-18 19:00:00,24.4,76,20.0,13.0,28.8,0.0,1014.7,4.0,25,,0.05,,1,muhimbili_tanzania
2022-09-18 20:00:00,24.0,80,20.3,11.3,23.4,0.0,1015.2,0.0,25,,0.02,,1,muhimbili_tanzania
2022-09-18 21:00:00,23.7,82,20.5,11.0,19.8,0.0,1015.7,0.0,10,,0.02,,0,muhimbili_tanzania
2022-09-18 22:00:00,23.4,84,20.5,11.1,19.4,0.0,1016.0,0.0,22,,0.02,,1,muhimbili_tanzania
2022-09-18 23:00:00,23.4,84,20.5,11.1,19.8,0.0,1015.9,0.0,51,,0.02,,2,muhimbili_tanzania
2022-09-19 00:00:00,23.5,83,20.5,11.5,20.5,0.0,1015.5,0.0,88,,0.02,,3,muhimbili_tanzania
2022-09-19 01:00:00,23.3,84,20.4,10.7,20.5,0.0,1015.0,0.0,89,,0.01,,3,muhimbili_tanzania
2022-09-19 02:00:00,23.0,85,20.4,9.6,18.4,0.0,1014.5,0.0,96,,0.01,,3,muhimbili_tanzania
2022-09-19 03:00:00,22.9,86,20.4,8.4,16.6,0.0,1014.1,0.0,95,,0.0,,3,muhimbili_tanzania
2022-09-19 04:00:00,22.6,87,20.4,6.5,14.8,0.0,1014.1,0.0,100,,0.0,,3,muhimbili_tanzania
2022-09-19 05:00:00,22.2,90,20.5,5.5,11.5,0.0,1014.4,0.0,99,,0.0,,3,muhimbili_tanzania
2022-09-19 06:00:00,21.8,92,20.4,4.8,9.7,0.0,1015.3,0.0,97,,0.0,,3,muhimbili_tanzania
2022-09-19 07:00:00,22.8,86,20.3,6.8,12.6,0.0,1016.0,29.0,86,,0.03,,3,muhimbili_tanzania
2022-09-19 08:00:00,24.6,76,20.0,7.4,16.6,0.1,1016.9,213.0,91,,0.15,,51,muhimbili_tanzania
2022-09-19 09:00:00,26.0,68,19.7,12.7,27.0,0.2,1017.4,393.0,96,,0.29,,51,muhimbili_tanzania
2022-09-19 10:00:00,27.4,62,19.5,14.2,31.3,0.3,1017.4,590.0,99,,0.43,,51,muhimbili_tanzania
2022-09-19 11:00:00,28.1,60,19.5,16.1,35.6,0.1,1016.8,786.0,83,,0.56,,51,muhimbili_tanzania
2022-09-19 12:00:00,28.6,58,19.5,17.6,38.5,0.0,1016.1,898.0,67,,0.64,,2,muhimbili_tanzania
2022-09-19 13:00:00,28.9,57,19.5,19.4,41.0,0.0,1015.0,907.0,14,,0.65,,0,muhimbili_tanzania
2022-09-19 14:00:00,28.5,58,19.3,21.3,44.3,0.0,1014.0,860.0,18,,0.61,,0,muhimbili_tanzania
2022-09-19 15:00:00,26.0,70,20.1,17.3,45.0,0.0,1014.0,748.0,9,,0.49,,0,muhimbili_tanzania
2022-09-19 16:00:00,26.9,65,19.8,18.8,37.4,0.0,1013.4,364.0,100,,0.3,,3,muhimbili_tanzania
2022-09-19 17:00:00,26.5,67,19.8,19.4,38.9,0.0,1013.4,255.0,69,,0.23,,2,muhimbili_tanzania
2022-09-19 18:00:00,25.6,71,19.9,17.5,37.8,0.0,1013.9,100.0,25,,0.13,,1,muhimbili_tanzania
2022-09-19 19:00:00,24.8,76,20.2,15.1,32.8,0.0,1014.4,3.0,26,,0.06,,1,muhimbili_tanzania
2022-09-19 20:00:00,24.5,79,20.5,14.7,27.7,0.0,1015.0,0.0,100,,0.04,,3,muhimbili_tanzania
2022-09-19 21:00:00,24.5,79,20.5,14.0,26.3,0.0,1015.8,0.0,100,,0.04,,3,muhimbili_tanzania
2022-09-19 22:00:00,24.5,79,20.5,14.0,25.6,0.0,1016.4,0.0,100,,0.04,,3,muhimbili_tanzania
2022-09-19 23:00:00,24.4,80,20.6,13.4,24.8,0.0,1016.3,0.0,100,,0.03,,3,muhimbili_tanzania
2022-09-20 00:00:00,24.1,81,20.6,12.6,24.1,0.0,1015.9,0.0,100,,0.03,,3,muhimbili_tanzania
2022-09-20 01:00:00,23.9,82,20.6,11.8,22.7,0.0,1015.3,0.0,85,,0.02,,3,muhimbili_tanzania
2022-09-20 02:00:00,23.7,83,20.7,10.6,21.2,0.0,1014.7,0.0,62,,0.02,,2,muhimbili_tanzania
2022-09-20 03:00:00,23.1,86,20.7,9.0,18.7,0.0,1014.3,0.0,45,,0.01,,1,muhimbili_tanzania
2022-09-20 04:00:00,22.7,88,20.7,7.4,15.8,0.0,1013.9,0.0,22,,0.0,,1,muhimbili_tanzania
2022-09-20 05:00:00,22.2,92,20.8,5.0,13.0,0.0,1014.3,0.0,28,,0.0,,1,muhimbili_tanzania
2022-09-20 06:00:00,21.7,94,20.7,4.3,9.0,0.0,1014.9,0.0,34,,0.0,,1,muhimbili_tanzania
2022-09-20 07:00:00,22.9,89,20.9,6.5,12.2,0.0,1015.5,33.0,35,,0.02,,1,muhimbili_tanzania
2022-09-20 08:00:00,24.6,78,20.5,7.7,17.6,0.1,1016.3,224.0,57,,0.15,,51,muhimbili_tanzania
2022-09-20 09:00:00,26.1,70,20.1,9.3,22.7,0.1,1016.7,416.0,29,,0.29,,51,muhimbili_tanzania
2022-09-20 10:00:00,27.1,64,19.8,10.9,26.6,0.2,1016.7,640.0,30,,0.45,,51,muhimbili_tanzania
2022-09-20 11:00:00,26.8,67,20.1,14.4,33.1,0.8,1016.4,781.0,87,,0.53,,53,muhimbili_tanzania
2022-09-20 12:00:00,26.8,65,19.8,14.4,34.2,0.7,1015.9,747.0,100,,0.52,,53,muhimbili_tanzania
2022-09-20 13:00:00,27.1,64,19.6,15.5,33.8,0.3,1014.7,686.0,61,,0.49,,51,muhimbili_tanzania
2022-09-20 14:00:00,27.1,65,20.1,16.9,37.4,0.1,1013.6,796.0,100,,0.54,,51,muhimbili_tanzania
2022-09-20 15:00:00,26.6,65,19.6,18.1,38.9,0.1,1013.1,593.0,88,,0.42,,51,muhimbili_tanzania
2022-09-20 16:00:00,26.2,68,19.8,17.5,38.9,0.1,1012.7,565.0,50,,0.39,,51,muhimbili_tanzania
2022-09-20 17:00:00,25.7,69,19.6,16.9,36.4,0.0,1012.9,340.0,19,,0.25,,0,muhimbili_tanzania
2022-09-20 18:00:00,24.8,74,19.7,15.7,33.8,0.0,1013.3,119.0,15,,0.12,,0,muhimbili_tanzania
2022-09-20 19:00:00,24.1,78,20.0,13.9,29.2,0.0,1013.9,4.0,13,,0.04,,0,muhimbili_tanzania
2022-09-20 20:00:00,23.7,81,20.3,13.1,25.2,0.0,1014.5,0.0,12,,0.03,,0,muhimbili_tanzania
2022-09-20 21:00:00,23.5,83,20.4,11.8,23.0,0.0,1014.9,0.0,14,,0.02,,0,muhimbili_tanzania
2022-09-20 22:00:00,23.5,83,20.4,11.3,20.9,0.0,1015.2,0.0,24,,0.02,,1,muhimbili_tanzania
2022-09-20 23:00:00,23.5,82,20.3,10.9,20.2,0.0,1015.0,0.0,25,,0.02,,1,muhimbili_tanzania
2022-09-21 00:00:00,23.2,84,20.3,10.8,19.4,0.0,1014.4,0.0,29,,0.02,,1,muhimbili_tanzania
2022-09-21 01:00:00,23.1,84,20.4,10.2,19.1,0.0,1013.7,0.0,28,,0.01,,1,muhimbili_tanzania
2022-09-21 02:00:00,22.9,86,20.4,8.2,17.6,0.0,1013.3,0.0,34,,0.01,,1,muhimbili_tanzania
2022-09-21 03:00:00,22.7,87,20.5,7.6,14.4,0.0,1012.6,0.0,35,,0.0,,1,muhimbili_tanzania
2022-09-21 04:00:00,22.3,90,20.6,5.6,13.3,0.0,1012.5,0.0,49,,0.0,,1,muhimbili_tanzania
2022-09-21 05:00:00,22.0,93,20.7,4.7,9.7,0.1,1013.0,0.0,38,,0.0,,51,muhimbili_tanzania
2022-09-21 06:00:00,21.5,95,20.6,4.0,8.3,0.1,1013.8,0.0,21,,0.0,,51,muhimbili_tanzania
2022-09-21 07:00:00,22.5,90,20.8,5.5,10.4,0.1,1014.6,34.0,31,,0.02,,51,muhimbili_tanzania
2022-09-21 08:00:00,24.1,80,20.5,5.3,14.8,0.3,1015.5,229.0,28,,0.14,,51,muhimbili_tanzania
2022-09-21 09:00:00,26.0,68,19.7,9.0,22.0,0.2,1016.1,463.0,29,,0.32,,51,muhimbili_tanzania
2022-09-21 10:00:00,26.5,65,19.4,11.6,27.4,0.3,1016.1,611.0,42,,0.43,,51,muhimbili_tanzania
2022-09-21 11:00:00,27.0,64,19.6,13.3,31.0,0.3,1015.6,771.0,44,,0.53,,51,muhimbili_tanzania
2022-09-21 12:00:00,27.3,63,19.5,12.9,32.4,0.2,1014.9,835.0,63,,0.58,,51,muhimbili_tanzania
2022-09-21 13:00:00,27.6,61,19.4,13.5,31.3,0.1,1014.0,782.0,70,,0.56,,51,muhimbili_tanzania
2022-09-21 14:00:00,27.5,62,19.5,15.3,34.6,0.1,1013.3,741.0,65,,0.53,,51,muhimbili_tanzania
2022-09-21 15:00:00,27.1,62,19.1,16.9,35.6,0.1,1012.4,625.0,57,,0.45,,51,muhimbili_tanzania
2022-09-21 16:00:00,26.8,62,19.0,17.9,37.1,0.0,1012.1,536.0,56,,0.39,,2,muhimbili_tanzania
2022-09-21 17:00:00,25.8,66,18.9,17.4,37.1,0.0,1012.4,243.0,64,,0.22,,2,muhimbili_tanzania
2022-09-21 18:00:00,25.2,68,18.9,17.1,33.8,0.0,1012.8,103.0,44,,0.13,,1,muhimbili_tanzania
2022-09-21 19:00:00,24.4,73,19.4,14.3,32.0,0.0,1013.4,3.0,19,,0.06,,0,muhimbili_tanzania
2022-09-21 20:00:00,23.9,77,19.5,13.2,25.6,0.0,1014.0,0.0,18,,0.04,,0,muhimbili_tanzania
2022-09-21 21:00:00,23.5,80,19.8,11.5,23.0,0.0,1014.7,0.0,14,,0.02,,0,muhimbili_tanzania
2022-09-21 22:00:00,23.2,82,20.0,11.5,20.5,0.0,1015.2,0.0,19,,0.02,,0,muhimbili_tanzania
2022-09-21 23:00:00,23.0,83,20.0,11.5,20.9,0.0,1015.2,0.0,12,,0.02,,0,muhimbili_tanzania
2022-09-22 00:00:00,22.9,83,19.9,10.4,19.8,0.0,1014.9,0.0,8,,0.01,,0,muhimbili_tanzania
2022-09-22 01:00:00,22.5,85,19.9,10.0,18.0,0.0,1014.5,0.0,77,,0.01,,2,muhimbili_tanzania
2022-09-22 02:00:00,22.3,86,19.9,11.0,19.1,0.0,1013.8,0.0,7,,0.01,,0,muhimbili_tanzania
2022-09-22 03:00:00,22.1,87,19.8,10.3,19.4,0.0,1013.2,0.0,65,,0.01,,2,muhimbili_tanzania
2022-09-22 04:00:00,21.7,90,20.0,8.2,17.6,0.0,1013.4,0.0,74,,0.0,,2,muhimbili_tanzania
2022-09-22 05:00:00,21.4,92,20.0,7.2,14.8,0.0,1013.9,0.0,100,,0.0,,3,muhimbili_tanzania
2022-09-22 06:00:00,21.0,93,19.8,6.3,12.6,0.0,1014.6,0.0,84,,0.0,,3,muhimbili_tanzania
2022-09-22 07:00:00,21.9,87,19.7,8.9,15.8,0.0,1015.5,37.0,73,,0.03,,2,muhimbili_tanzania
2022-09-22 08:00:00,24.1,77,19.8,7.8,18.7,0.0,1016.2,236.0,20,,0.16,,1,muhimbili_tanzania
2022-09-22 09:00:00,26.2,64,19.0,10.2,24.1,0.0,1016.9,466.0,15,,0.33,,0,muhimbili_tanzania
2022-09-22 10:00:00,28.2,53,17.8,10.9,27.0,0.0,1016.7,677.0,18,,0.5,,0,muhimbili_tanzania
2022-09-22 11:00:00,29.5,46,16.7,12.7,29.9,0.0,1015.9,833.0,41,,0.63,,1,muhimbili_tanzania
2022-09-22 12:00:00,29.4,50,17.9,15.6,35.3,0.0,1014.9,854.0,51,,0.64,,2,muhimbili_tanzania
2022-09-22 13:00:00,28.5,57,19.2,18.0,37.8,0.0,1013.9,644.0,75,,0.5,,2,muhimbili_tanzania
2022-09-22 14:00:00,28.0,60,19.5,19.5,39.6,0.0,1012.8,528.0,28,,0.43,,1,muhimbili_tanzania
2022-09-22 15:00:00,28.0,58,19.0,21.3,42.1,0.0,1012.4,643.0,88,,0.49,,3,muhimbili_tanzania
2022-09-22 16:00:00,27.0,63,19.2,22.3,45.0,0.0,1012.4,526.0,60,,0.39,,2,muhimbili_tanzania
2022-09-22 17:00:00,26.2,63,18.8,20.7,44.3,0.0,1013.0,345.0,96,,0.28,,3,muhimbili_tanzania
2022-09-22 18:00:00,25.0,70,19.0,17.6,39.6,0.0,1013.5,132.0,95,,0.14,,3,muhimbili_tanzania
2022-09-22 19:00:00,24.1,76,19.8,15.3,32.4,0.0,1013.8,4.0,96,,0.05,,3,muhimbili_tanzania
2022-09-22 20:00:00,23.8,80,20.0,15.3,27.7,0.0,1014.2,0.0,79,,0.04,,2,muhimbili_tanzania
2022-09-22 21:00:00,23.6,81,20.0,14.1,27.0,0.0,1014.8,0.0,4,,0.03,,0,muhimbili_tanzania
2022-09-22 22:00:00,23.4,82,20.1,11.2,24.8,0.0,1015.4,0.0,0,,0.02,,0,muhimbili_tanzania
2022-09-22 23:00:00,23.0,85,20.3,9.2,19.8,0.0,1015.4,0.0,0,,0.01,,0,muhimbili_tanzania
2022-09-23 00:00:00,22.9,87,20.5,9.4,17.3,0.0,1015.0,0.0,0,,0.01,,0,muhimbili_tanzania
2022-09-23 01:00:00,22.6,88,20.6,10.7,18.7,0.0,1014.3,0.0,17,,0.01,,0,muhimbili_tanzania
2022-09-23 02:00:00,22.4,90,20.8,7.7,18.7,0.0,1014.0,0.0,19,,0.0,,0,muhimbili_tanzania
2022-09-23 03:00:00,22.4,91,20.8,7.2,13.3,0.0,1013.6,0.0,31,,0.0,,1,muhimbili_tanzania
2022-09-23 04:00:00,22.0,92,20.7,7.4,12.6,0.1,1013.8,0.0,23,,0.0,,51,muhimbili_tanzania
2022-09-23 05:00:00,21.8,93,20.5,6.2,13.0,0.1,1014.1,0.0,99,,0.0,,51,muhimbili_tanzania
2022-09-23 06:00:00,21.6,93,20.4,6.6,11.5,0.0,1014.7,0.0,78,,0.0,,2,muhimbili_tanzania
2022-09-23 07:00:00,22.5,88,20.5,8.0,14.8,0.0,1015.4,39.0,75,,0.02,,2,muhimbili_tanzania
2022-09-23 08:00:00,24.4,78,20.2,9.4,20.9,0.0,1016.2,224.0,89,,0.15,,3,muhimbili_tanzania
2022-09-23 09:00:00,26.5,65,19.3,9.4,23.0,0.0,1016.8,467.0,90,,0.33,,3,muhimbili_tanzania
2022-09-23 10:00:00,28.0,57,18.6,10.3,25.9,0.1,1017.0,696.0,34,,0.5,,51,muhimbili_tanzania
2022-09-23 11:00:00,28.7,54,18.4,10.0,27.0,0.1,1016.3,779.0,49,,0.57,,51,muhimbili_tanzania
2022-09-23 12:00:00,29.3,52,18.5,11.3,28.1,0.1,1015.2,890.0,26,,0.66,,51,muhimbili_tanzania
2022-09-23 13:00:00,28.8,59,19.9,16.0,36.4,0.2,1014.2,913.0,42,,0.65,,51,muhimbili_tanzania
2022-09-23 14:00:00,28.5,60,20.0,15.7,36.4,0.0,1013.1,782.0,72,,0.57,,2,muhimbili_tanzania
2022-09-23 15:00:00,28.9,57,19.6,19.2,37.1,0.0,1012.1,672.0,48,,0.51,,1,muhimbili_tanzania
2022-09-23 16:00:00,28.0,61,19.8,21.6,43.2,0.0,1012.0,484.0,80,,0.39,,3,muhimbili_tanzania
2022-09-23 17:00:00,27.4,62,19.5,19.6,42.8,0.0,1012.5,304.0,39,,0.28,,1,muhimbili_tanzania
2022-09-23 18:00:00,26.5,66,19.6,20.0,38.2,0.0,1013.0,123.0,4,,0.16,,0,muhimbili_tanzania
2022-09-23 19:00:00,25.2,74,20.2,20.2,35.6,0.0,1013.5,4.0,5,,0.07,,0,muhimbili_tanzania
2022-09-23 20:00:00,24.0,82,20.8,20.3,36.4,0.0,1014.4,0.0,14,,0.04,,0,muhimbili_tanzania
2022-09-23 21:00:00,23.9,83,20.8,19.2,36.0,0.0,1015.1,0.0,21,,0.04,,1,muhimbili_tanzania
2022-09-23 22:00:00,24.0,83,21.0,17.7,34.6,0.0,1015.8,0.0,40,,0.03,,1,muhimbili_tanzania
2022-09-23 23:00:00,23.6,86,21.0,16.0,32.0,0.2,1016.0,0.0,100,,0.02,,51,muhimbili_tanzania
2022-09-24 00:00:00,23.0,90,21.2,14.7,31.3,0.6,1015.5,0.0,82,,0.01,,53,muhimbili_tanzania
2022-09-24 01:00:00,23.0,90,21.3,14.5,25.9,0.1,1014.8,0.0,38,,0.01,,51,muhimbili_tanzania
2022-09-24 02:00:00,22.5,92,21.1,11.8,25.9,0.0,1014.4,0.0,56,,0.0,,2,muhimbili_tanzania
2022-09-24 03:00:00,22.5,90,20.9,12.1,22.7,0.0,1014.0,0.0,56,,0.0,,2,muhimbili_tanzania
2022-09-24 04:00:00,22.5,91,21.0,11.6,22.7,0.0,1013.7,0.0,42,,0.0,,1,muhimbili_tanzania
2022-09-24 05:00:00,22.3,93,21.0,9.8,20.9,0.0,1013.8,0.0,21,,0.0,,1,muhimbili_tanzania
2022-09-24 06:00:00,22.4,92,21.0,9.1,17.3,0.0,1014.5,0.0,40,,0.0,,1,muhimbili_tanzania
2022-09-24 07:00:00,23.2,87,21.0,9.9,18.4,0.0,1015.2,32.0,37,,0.03,,1,muhimbili_tanzania
2022-09-24 08:00:00,25.2,77,20.8,13.9,27.4,0.1,1015.8,205.0,34,,0.16,,51,muhimbili_tanzania
2022-09-24 09:00:00,26.5,70,20.5,15.8,32.8,0.3,1016.3,429.0,50,,0.31,,51,muhimbili_tanzania
2022-09-24 10:00:00,27.2,67,20.7,17.3,36.4,0.8,1016.4,643.0,49,,0.45,,53,muhimbili_tanzania
2022-09-24 11:00:00,27.8,64,20.3,17.1,37.8,0.3,1016.1,736.0,50,,0.52,,51,muhimbili_tanzania
2022-09-24 12:00:00,28.5,63,20.8,17.4,38.9,0.5,1015.2,795.0,38,,0.57,,53,muhimbili_tanzania
2022-09-24 13:00:00,29.0,60,20.4,18.3,40.0,0.0,1014.1,792.0,56,,0.58,,2,muhimbili_tanzania
2022-09-24 14:00:00,28.9,61,20.6,20.5,42.1,0.0,1013.1,719.0,21,,0.53,,1,muhimbili_tanzania
2022-09-24 15:00:00,26.9,67,20.2,21.9,49.3,0.4,1013.0,688.0,43,,0.47,,51,muhimbili_tanzania
2022-09-24 16:00:00,26.2,72,20.9,18.4,43.2,0.9,1012.9,428.0,52,,0.31,,53,muhimbili_tanzania
2022-09-24 17:00:00,25.6,76,21.1,15.8,36.7,0.0,1013.3,212.0,20,,0.18,,1,muhimbili_tanzania
2022-09-24 18:00:00,25.2,77,20.9,15.6,32.0,0.0,1013.7,114.0,21,,0.11,,1,muhimbili_tanzania
2022-09-24 19:00:00,24.4,82,21.1,12.0,28.8,0.0,1014.0,3.0,46,,0.03,,1,muhimbili_tanzania
2022-09-24 20:00:00,24.0,85,21.2,10.8,21.2,0.0,1014.6,0.0,46,,0.01,,1,muhimbili_tanzania
2022-09-24 21:00:00,23.9,84,21.0,12.1,20.5,0.0,1015.0,0.0,61,,0.02,,2,muhimbili_tanzania
2022-09-24 22:00:00,23.9,83,20.9,13.2,23.0,0.0,1015.4,0.0,59,,0.02,,2,muhimbili_tanzania
2022-09-24 23:00:00,23.8,84,20.8,13.1,23.0,0.0,1015.3,0.0,62,,0.02,,2,muhimbili_tanzania
2022-09-25 00:00:00,23.5,85,20.9,13.8,23.8,0.0,1015.0,0.0,81,,0.02,,3,muhimbili_tanzania
2022-09-25 01:00:00,23.1,88,21.0,13.1,24.5,0.0,1014.2,0.0,80,,0.01,,3,muhimbili_tanzania
2022-09-25 02:00:00,23.1,88,21.0,13.0,23.4,0.0,1013.6,0.0,88,,0.01,,3,muhimbili_tanzania
2022-09-25 03:00:00,22.8,89,21.0,9.9,22.7,0.0,1013.1,0.0,96,,0.0,,3,muhimbili_tanzania
2022-09-25 04:00:00,23.0,88,21.0,9.7,16.9,0.0,1012.9,0.0,97,,0.0,,3,muhimbili_tanzania
2022-09-25 05:00:00,23.1,88,21.0,9.9,18.0,0.0,1013.0,0.0,94,,0.0,,3,muhimbili_tanzania
2022-09-25 06:00:00,23.0,89,21.0,10.4,18.0,0.0,1013.6,0.0,100,,0.01,,3,muhimbili_tanzania
2022-09-25 07:00:00,23.4,85,20.8,12.6,24.1,0.1,1014.4,20.0,89,,0.04,,51,muhimbili_tanzania
2022-09-25 08:00:00,24.6,78,20.5,13.3,26.6,0.1,1015.5,178.0,88,,0.14,,51,muhimbili_tanzania
2022-09-25 09:00:00,26.0,72,20.6,13.7,31.7,0.1,1016.3,351.0,74,,0.26,,51,muhimbili_tanzania
2022-09-25 10:00:00,26.5,70,20.6,15.6,32.8,0.0,1016.4,379.0,100,,0.29,,3,muhimbili_tanzania
2022-09-25 11:00:00,26.3,70,20.5,15.7,33.1,0.1,1016.1,300.0,64,,0.25,,51,muhimbili_tanzania
2022-09-25 12:00:00,26.7,70,20.8,13.5,36.4,0.2,1015.6,538.0,84,,0.39,,51,muhimbili_tanzania
2022-09-25 13:00:00,26.4,66,19.6,19.7,38.5,0.3,1015.0,503.0,96,,0.38,,51,muhimbili_tanzania
2022-09-25 14:00:00,26.6,69,20.5,13.2,41.4,0.6,1013.7,585.0,87,,0.42,,53,muhimbili_tanzania
2022-09-25 15:00:00,27.0,68,20.6,15.8,36.4,0.0,1012.8,609.0,100,,0.43,,3,muhimbili_tanzania
2022-09-25 16:00:00,27.6,63,20.0,17.8,37.4,0.1,1012.6,537.0,64,,0.4,,51,muhimbili_tanzania
2022-09-25 17:00:00,26.4,69,20.2,16.6,37.1,0.4,1013.1,236.0,58,,0.21,,51,muhimbili_tanzania
2022-09-25 18:00:00,25.5,74,20.5,17.2,33.8,0.1,1013.5,106.0,44,,0.12,,51,muhimbili_tanzania
2022-09-25 19:00:00,24.5,80,20.8,15.0,30.6,0.0,1014.3,3.0,27,,0.05,,1,muhimbili_tanzania
2022-09-25 20:00:00,24.0,83,20.9,15.4,27.7,0.0,1014.9,0.0,15,,0.03,,0,muhimbili_tanzania
2022-09-25 21:00:00,23.5,86,21.0,13.3,27.4,0.0,1015.5,0.0,28,,0.02,,1,muhimbili_tanzania
2022-09-25 22:00:00,23.4,87,21.0,11.8,23.8,0.0,1015.9,0.0,22,,0.01,,1,muhimbili_tanzania
2022-09-25 23:00:00,23.4,87,21.0,11.0,20.9,0.0,1016.1,0.0,32,,0.01,,1,muhimbili_tanzania
2022-09-26 00:00:00,23.1,89,21.2,10.1,19.1,0.0,1015.6,0.0,21,,0.0,,1,muhimbili_tanzania
2022-09-26 01:00:00,23.1,89,21.2,10.6,18.7,0.1,1015.1,0.0,25,,0.0,,51,muhimbili_tanzania
2022-09-26 02:00:00,22.8,91,21.2,9.2,18.7,0.1,1014.4,0.0,24,,0.0,,51,muhimbili_tanzania
2022-09-26 03:00:00,23.0,89,21.0,8.4,16.6,0.0,1014.2,0.0,21,,0.0,,1,muhimbili_tanzania
2022-09-26 04:00:00,22.9,89,21.0,8.2,14.8,0.0,1014.1,0.0,19,,0.0,,0,muhimbili_tanzania
2022-09-26 05:00:00,22.8,90,21.0,7.6,14.4,0.0,1014.5,0.0,26,,0.0,,1,muhimbili_tanzania
2022-09-26 06:00:00,22.6,90,21.0,6.8,13.3,0.1,1015.2,0.0,28,,0.0,,51,muhimbili_tanzania
2022-09-26 07:00:00,23.5,85,20.8,9.7,18.0,0.0,1015.9,40.0,20,,0.04,,1,muhimbili_tanzania
2022-09-26 08:00:00,25.1,75,20.5,12.1,25.6,0.1,1016.9,225.0,28,,0.17,,51,muhimbili_tanzania
2022-09-26 09:00:00,26.5,67,19.9,13.9,29.5,0.2,1017.4,452.0,24,,0.33,,51,muhimbili_tanzania
2022-09-26 10:00:00,27.9,60,19.4,14.8,32.8,0.1,1017.4,650.0,17,,0.47,,51,muhimbili_tanzania
2022-09-26 11:00:00,28.7,56,19.0,17.4,37.8,0.0,1017.0,826.0,9,,0.6,,0,muhimbili_tanzania
2022-09-26 12:00:00,29.2,50,17.6,17.4,38.5,0.0,1016.3,939.0,5,,0.69,,0,muhimbili_tanzania
2022-09-26 13:00:00,29.0,52,18.1,19.8,42.5,0.0,1015.4,992.0,14,,0.71,,0,muhimbili_tanzania
2022-09-26 14:00:00,28.9,53,18.4,20.5,43.6,0.0,1014.3,930.0,22,,0.67,,1,muhimbili_tanzania
2022-09-26 15:00:00,27.8,60,19.2,20.3,45.4,0.0,1013.9,754.0,35,,0.53,,1,muhimbili_tanzania
2022-09-26 16:00:00,27.0,64,19.5,21.5,43.2,0.0,1013.5,533.0,27,,0.4,,1,muhimbili_tanzania
2022-09-26 17:00:00,26.1,66,19.3,22.0,43.6,0.0,1013.6,291.0,1,,0.25,,0,muhimbili_tanzania
2022-09-26 18:00:00,25.4,69,19.1,21.1,42.8,0.0,1014.1,123.0,36,,0.15,,1,muhimbili_tanzania
2022-09-26 19:00:00,24.3,76,19.9,16.0,39.6,0.0,1014.7,3.0,10,,0.06,,0,muhimbili_tanzania
2022-09-26 20:00:00,24.0,78,20.0,13.8,28.8,0.0,1015.3,0.0,11,,0.04,,0,muhimbili_tanzania
2022-09-26 21:00:00,24.0,79,20.0,12.7,24.1,0.0,1015.8,0.0,16,,0.03,,0,muhimbili_tanzania
2022-09-26 22:00:00,23.7,81,20.1,11.2,22.0,0.0,1016.4,0.0,3,,0.02,,0,muhimbili_tanzania
2022-09-26 23:00:00,23.4,83,20.3,11.7,20.5,0.0,1016.4,0.0,24,,0.02,,1,muhimbili_tanzania
2022-09-27 00:00:00,23.2,84,20.4,11.5,21.6,0.0,1015.8,0.0,20,,0.02,,1,muhimbili_tanzania
2022-09-27 01:00:00,23.0,85,20.4,10.6,20.2,0.0,1015.3,0.0,23,,0.01,,1,muhimbili_tanzania
2022-09-27 02:00:00,22.8,86,20.4,9.7,18.4,0.0,1014.7,0.0,41,,0.01,,1,muhimbili_tanzania
2022-09-27 03:00:00,22.6,88,20.5,6.5,16.6,0.0,1014.0,0.0,22,,0.0,,1,muhimbili_tanzania
2022-09-27 04:00:00,22.5,88,20.5,6.5,11.5,0.0,1014.0,0.0,39,,0.0,,1,muhimbili_tanzania
2022-09-27 05:00:00,22.4,89,20.5,5.2,11.2,0.0,1014.7,0.0,43,,0.0,,1,muhimbili_tanzania
2022-09-27 06:00:00,22.4,90,20.5,5.4,9.7,0.1,1015.4,0.0,39,,0.0,,51,muhimbili_tanzania
2022-09-27 07:00:00,23.0,86,20.5,7.7,14.8,0.1,1016.3,38.0,24,,0.03,,51,muhimbili_tanzania
2022-09-27 08:00:00,24.4,77,20.2,13.2,26.6,0.2,1017.1,228.0,17,,0.16,,51,muhimbili_tanzania
2022-09-27 09:00:00,26.1,67,19.5,13.4,29.5,0.0,1017.5,456.0,13,,0.32,,0,muhimbili_tanzania
2022-09-27 10:00:00,27.8,58,18.6,15.2,33.5,0.0,1017.5,671.0,18,,0.49,,0,muhimbili_tanzania
2022-09-27 11:00:00,28.6,54,18.4,17.2,37.8,0.0,1017.3,840.0,11,,0.61,,0,muhimbili_tanzania
2022-09-27 12:00:00,29.2,51,18.1,18.8,40.3,0.0,1016.4,930.0,8,,0.68,,0,muhimbili_tanzania
2022-09-27 13:00:00,29.2,51,18.0,20.8,43.9,0.0,1015.6,969.0,17,,0.71,,0,muhimbili_tanzania
2022-09-27 14:00:00,29.0,51,17.9,20.4,44.3,0.0,1014.5,827.0,8,,0.62,,0,muhimbili_tanzania
2022-09-27 15:00:00,27.5,58,18.5,18.2,42.8,0.0,1014.5,752.0,9,,0.54,,0,muhimbili_tanzania
2022-09-27 16:00:00,27.2,59,18.6,18.0,38.9,0.1,1014.5,524.0,19,,0.4,,51,muhimbili_tanzania
2022-09-27 17:00:00,26.2,64,18.9,17.1,37.1,0.0,1014.5,309.0,5,,0.26,,0,muhimbili_tanzania
2022-09-27 18:00:00,25.1,69,19.0,15.3,34.2,0.0,1014.8,128.0,4,,0.13,,0,muhimbili_tanzania
2022-09-27 19:00:00,24.1,76,19.7,12.0,28.4,0.0,1015.2,3.0,2,,0.04,,0,muhimbili_tanzania
2022-09-27 20:00:00,23.5,80,20.0,9.7,21.2,0.0,1015.8,0.0,1,,0.02,,0,muhimbili_tanzania
2022-09-27 21:00:00,23.0,84,20.1,8.3,17.3,0.0,1016.3,0.0,0,,0.01,,0,muhimbili_tanzania
2022-09-27 22:00:00,22.5,87,20.3,7.5,14.8,0.0,1016.5,0.0,2,,0.0,,0,muhimbili_tanzania
2022-09-27 23:00:00,22.3,90,20.5,8.1,14.0,0.0,1016.5,0.0,20,,0.0,,1,muhimbili_tanzania
2022-09-28 00:00:00,22.0,91,20.5,8.0,14.0,0.0,1016.1,0.0,51,,0.0,,2,muhimbili_tanzania
2022-09-28 01:00:00,21.8,92,20.5,8.4,14.4,0.0,1015.4,0.0,64,,0.0,,2,muhimbili_tanzania
2022-09-28 02:00:00,21.6,93,20.5,8.0,14.8,0.0,1015.0,0.0,100,,0.0,,3,muhimbili_tanzania
2022-09-28 03:00:00,21.8,92,20.4,7.6,14.0,0.0,1014.3,0.0,75,,0.0,,2,muhimbili_tanzania
2022-09-28 04:00:00,21.4,93,20.2,6.1,13.0,0.0,1014.5,0.0,100,,0.0,,3,muhimbili_tanzania
2022-09-28 05:00:00,21.3,93,20.1,5.8,10.8,0.0,1014.8,0.0,100,,0.0,,3,muhimbili_tanzania
2022-09-28 06:00:00,21.1,93,20.0,6.3,11.2,0.0,1015.3,0.0,100,,0.0,,3,muhimbili_tanzania
2022-09-28 07:00:00,22.1,88,20.0,8.0,15.1,0.0,1016.2,42.0,97,,0.03,,3,muhimbili_tanzania
2022-09-28 08:00:00,24.5,75,19.8,9.2,20.5,0.0,1017.0,259.0,97,,0.17,,3,muhimbili_tanzania
2022-09-28 09:00:00,26.4,63,18.9,12.3,27.7,0.0,1017.5,482.0,98,,0.35,,3,muhimbili_tanzania
2022-09-28 10:00:00,27.5,57,18.4,13.8,31.0,0.1,1017.7,623.0,100,,0.46,,51,muhimbili_tanzania
2022-09-28 11:00:00,29.0,51,17.8,14.4,33.5,0.1,1017.1,855.0,95,,0.63,,51,muhimbili_tanzania
2022-09-28 12:00:00,29.6,47,17.2,16.3,36.4,0.0,1016.3,899.0,29,,0.68,,1,muhimbili_tanzania
2022-09-28 13:00:00,29.8,46,17.0,17.7,38.9,0.0,1015.1,925.0,42,,0.7,,1,muhimbili_tanzania
2022-09-28 14:00:00,29.5,48,17.4,18.9,40.0,0.2,1013.9,849.0,34,,0.65,,51,muhimbili_tanzania
2022-09-28 15:00:00,28.2,54,18.0,20.5,42.8,0.0,1013.9,753.0,37,,0.56,,1,muhimbili_tanzania
2022-09-28 16:00:00,27.6,58,18.6,20.5,42.8,0.0,1013.4,549.0,89,,0.42,,3,muhimbili_tanzania
2022-09-28 17:00:00,26.5,63,18.8,18.6,41.0,0.0,1013.6,315.0,13,,0.27,,0,muhimbili_tanzania
2022-09-28 18:00:00,25.0,70,19.1,16.6,36.4,0.0,1013.8,127.0,57,,0.13,,2,muhimbili_tanzania
2022-09-28 19:00:00,24.2,75,19.5,14.0,30.6,0.0,1014.4,3.0,45,,0.05,,1,muhimbili_tanzania
2022-09-28 20:00:00,23.6,80,19.9,11.9,25.6,0.0,1014.9,0.0,42,,0.03,,1,muhimbili_tanzania
2022-09-28 21:00:00,23.3,81,20.0,9.7,21.2,0.0,1015.4,0.0,51,,0.02,,2,muhimbili_tanzania
2022-09-28 22:00:00,23.2,82,20.0,10.2,18.4,0.0,1015.7,0.0,25,,0.02,,1,muhimbili_tanzania
2022-09-28 23:00:00,23.1,83,20.1,10.0,19.1,0.0,1015.9,0.0,27,,0.01,,1,muhimbili_tanzania
2022-09-29 00:00:00,22.9,85,20.1,9.6,17.6,0.0,1015.6,0.0,27,,0.01,,1,muhimbili_tanzania
2022-09-29 01:00:00,22.6,85,20.0,9.2,16.9,0.0,1015.1,0.0,25,,0.01,,1,muhimbili_tanzania
2022-09-29 02:00:00,22.5,86,20.0,8.5,15.8,0.0,1014.4,0.0,60,,0.01,,2,muhimbili_tanzania
2022-09-29 03:00:00,22.8,83,19.7,10.4,15.1,0.0,1013.5,0.0,84,,0.02,,3,muhimbili_tanzania
2022-09-29 04:00:00,22.6,84,19.8,9.4,18.4,0.0,1013.4,0.0,89,,0.01,,3,muhimbili_tanzania
2022-09-29 05:00:00,22.4,86,19.9,7.7,16.6,0.0,1013.9,0.0,77,,0.0,,2,muhimbili_tanzania
2022-09-29 06:00:00,22.1,87,20.0,6.0,13.7,0.0,1014.6,0.0,76,,0.0,,2,muhimbili_tanzania
2022-09-29 07:00:00,23.4,82,20.1,8.2,14.8,0.0,1015.3,45.0,54,,0.04,,2,muhimbili_tanzania
2022-09-29 08:00:00,25.1,71,19.5,10.2,21.6,0.0,1015.9,231.0,100,,0.17,,3,muhimbili_tanzania
2022-09-29 09:00:00,26.5,63,18.8,11.9,26.6,0.0,1016.6,436.0,100,,0.32,,3,muhimbili_tanzania
2022-09-29 10:00:00,27.6,57,18.4,13.6,31.0,0.1,1016.8,637.0,100,,0.47,,51,muhimbili_tanzania
2022-09-29 11:00:00,28.1,55,18.2,14.8,33.8,0.2,1016.2,759.0,100,,0.56,,51,muhimbili_tanzania
2022-09-29 12:00:00,28.4,54,18.2,15.5,34.9,0.2,1015.4,811.0,100,,0.6,,51,muhimbili_tanzania
2022-09-29 13:00:00,28.5,54,18.4,16.3,36.4,0.3,1014.5,840.0,99,,0.61,,51,muhimbili_tanzania
2022-09-29 14:00:00,28.4,56,18.8,18.0,39.2,0.4,1013.6,880.0,99,,0.63,,51,muhimbili_tanzania
2022-09-29 15:00:00,27.7,61,19.4,19.4,40.3,0.2,1013.0,743.0,100,,0.53,,51,muhimbili_tanzania
2022-09-29 16:00:00,26.8,65,19.7,19.8,41.4,0.1,1013.0,555.0,100,,0.4,,51,muhimbili_tanzania
2022-09-29 17:00:00,25.9,68,19.5,20.2,40.3,0.0,1013.1,308.0,92,,0.25,,3,muhimbili_tanzania
2022-09-29 18:00:00,24.9,73,19.6,19.4,39.6,0.0,1013.6,117.0,74,,0.13,,2,muhimbili_tanzania
2022-09-29 19:00:00,24.1,77,19.8,17.4,36.0,0.0,1013.9,3.0,87,,0.06,,3,muhimbili_tanzania
2022-09-29 20:00:00,23.7,80,20.0,15.6,31.0,0.0,1014.6,0.0,92,,0.04,,3,muhimbili_tanzania
2022-09-29 21:00:00,23.5,81,20.1,14.6,27.7,0.0,1014.9,0.0,100,,0.03,,3,muhimbili_tanzania
2022-09-29 22:00:00,23.4,83,20.3,12.4,25.6,0.0,1015.1,0.0,79,,0.02,,2,muhimbili_tanzania
2022-09-29 23:00:00,23.1,85,20.4,12.7,22.7,0.0,1015.0,0.0,6,,0.02,,0,muhimbili_tanzania
2022-09-30 00:00:00,23.1,83,20.1,11.8,22.7,0.0,1014.7,0.0,7,,0.02,,0,muhimbili_tanzania
2022-09-30 01:00:00,22.8,86,20.2,8.7,20.5,0.0,1014.2,0.0,15,,0.01,,0,muhimbili_tanzania
2022-09-30 02:00:00,22.6,87,20.3,11.0,19.1,0.0,1013.7,0.0,47,,0.01,,1,muhimbili_tanzania
2022-09-30 03:00:00,22.2,89,20.4,8.4,19.8,0.0,1013.8,0.0,97,,0.0,,3,muhimbili_tanzania
2022-09-30 04:00:00,22.1,90,20.4,6.6,14.4,0.0,1013.9,0.0,43,,0.0,,1,muhimbili_tanzania
2022-09-30 05:00:00,22.0,90,20.2,6.6,12.2,0.0,1014.3,0.0,40,,0.0,,1,muhimbili_tanzania
2022-09-30 06:00:00,21.8,91,20.2,4.5,11.5,0.0,1014.8,0.0,12,,0.0,,0,muhimbili_tanzania
2022-09-30 07:00:00,22.9,85,20.1,5.7,11.9,0.0,1015.5,45.0,24,,0.03,,1,muhimbili_tanzania
2022-09-30 08:00:00,24.6,75,19.9,7.4,18.4,0.2,1016.2,247.0,30,,0.17,,51,muhimbili_tanzania
2022-09-30 09:00:00,25.9,68,19.5,10.1,24.5,0.2,1016.8,462.0,34,,0.32,,51,muhimbili_tanzania
2022-09-30 10:00:00,26.8,63,19.2,12.0,28.8,0.3,1016.8,642.0,51,,0.45,,51,muhimbili_tanzania
2022-09-30 11:00:00,26.9,63,19.2,12.6,30.2,0.4,1016.5,703.0,60,,0.49,,51,muhimbili_tanzania
2022-09-30 12:00:00,27.3,61,19.1,14.3,33.1,0.3,1015.3,811.0,57,,0.57,,51,muhimbili_tanzania
2022-09-30 13:00:00,27.4,61,19.0,16.0,35.6,0.4,1014.7,813.0,55,,0.57,,51,muhimbili_tanzania
2022-09-30 14:00:00,27.4,61,19.1,17.4,37.8,0.3,1013.6,807.0,33,,0.56,,51,muhimbili_tanzania
2022-09-30 15:00:00,26.5,65,19.5,17.3,39.6,0.2,1013.4,671.0,55,,0.46,,51,muhimbili_tanzania
2022-09-30 16:00:00,26.0,66,19.2,17.3,36.4,0.0,1012.8,340.0,45,,0.28,,1,muhimbili_tanzania
2022-09-30 17:00:00,25.9,65,18.9,18.2,36.4,0.0,1013.1,292.0,9,,0.25,,0,muhimbili_tanzania
2022-09-30 18:00:00,25.0,67,18.5,17.8,36.4,0.0,1013.6,118.0,18,,0.14,,0,muhimbili_tanzania
2022-09-30 19:00:00,24.4,71,18.8,14.4,33.1,0.0,1014.2,3.0,98,,0.06,,3,muhimbili_tanzania
2022-09-30 20:00:00,24.5,72,19.0,13.4,25.2,0.0,1015.0,0.0,100,,0.05,,3,muhimbili_tanzania
2022-09-30 21:00:00,24.4,73,19.2,14.4,25.2,0.0,1015.3,0.0,100,,0.05,,3,muhimbili_tanzania
2022-09-30 22:00:00,24.5,73,19.5,15.8,28.8,0.0,1015.7,0.0,28,,0.05,,1,muhimbili_tanzania
2022-09-30 23:00:00,23.9,77,19.6,14.5,28.4,0.0,1015.7,0.0,22,,0.04,,1,muhimbili_tanzania
2022-10-01 00:00:00,23.6,78,19.6,12.9,25.2,0.0,1015.4,0.0,24,,0.03,,1,muhimbili_tanzania
2022-10-01 01:00:00,23.5,79,19.5,12.2,23.0,0.0,1014.6,0.0,21,,0.03,,1,muhimbili_tanzania
2022-10-01 02:00:00,23.2,80,19.6,12.1,21.6,0.0,1014.4,0.0,31,,0.03,,1,muhimbili_tanzania
2022-10-01 03:00:00,23.0,83,19.9,10.0,21.6,0.0,1014.5,0.0,37,,0.01,,1,muhimbili_tanzania
2022-10-01 04:00:00,22.6,85,20.0,7.7,17.6,0.0,1014.6,0.0,30,,0.0,,1,muhimbili_tanzania
2022-10-01 05:00:00,22.3,88,20.1,6.0,13.3,0.0,1015.1,0.0,22,,0.0,,1,muhimbili_tanzania
2022-10-01 06:00:00,22.0,90,20.3,6.0,10.4,0.0,1015.7,0.0,19,,0.0,,0,muhimbili_tanzania
2022-10-01 07:00:00,23.0,84,20.1,7.6,14.8,0.0,1016.4,44.0,58,,0.03,,2,muhimbili_tanzania
2022-10-01 08:00:00,24.6,73,19.5,10.0,21.2,0.1,1017.3,217.0,43,,0.16,,51,muhimbili_tanzania
2022-10-01 09:00:00,25.8,66,19.0,12.9,28.4,0.2,1018.2,437.0,67,,0.31,,51,muhimbili_tanzania
2022-10-01 10:00:00,26.4,62,18.6,13.7,31.3,0.1,1018.4,591.0,74,,0.42,,51,muhimbili_tanzania
2022-10-01 11:00:00,26.6,61,18.6,13.1,31.3,0.3,1017.8,647.0,56,,0.46,,51,muhimbili_tanzania
2022-10-01 12:00:00,27.4,59,18.8,13.8,31.7,0.6,1016.9,802.0,38,,0.57,,53,muhimbili_tanzania
2022-10-01 13:00:00,26.9,63,19.3,17.0,37.1,0.5,1015.9,708.0,49,,0.5,,53,muhimbili_tanzania
2022-10-01 14:00:00,27.0,63,19.2,19.5,41.4,0.2,1014.9,762.0,35,,0.53,,51,muhimbili_tanzania
2022-10-01 15:00:00,26.5,63,18.8,16.3,42.5,0.1,1014.8,721.0,29,,0.5,,51,muhimbili_tanzania
2022-10-01 16:00:00,26.5,62,18.6,17.7,37.1,0.0,1014.4,509.0,46,,0.38,,1,muhimbili_tanzania
2022-10-01 17:00:00,25.5,66,18.7,17.8,36.4,0.0,1014.5,281.0,12,,0.24,,0,muhimbili_tanzania
2022-10-01 18:00:00,24.8,68,18.6,16.5,34.9,0.0,1014.9,123.0,24,,0.13,,1,muhimbili_tanzania
2022-10-01 19:00:00,24.0,74,19.1,14.6,31.0,0.0,1015.3,3.0,8,,0.06,,0,muhimbili_tanzania
2022-10-01 20:00:00,23.7,76,19.1,12.6,25.9,0.0,1015.6,0.0,5,,0.04,,0,muhimbili_tanzania
2022-10-01 21:00:00,23.5,77,19.2,11.8,22.7,0.0,1015.9,0.0,2,,0.03,,0,muhimbili_tanzania
2022-10-01 22:00:00,23.2,79,19.3,9.7,20.9,0.0,1016.2,0.0,2,,0.02,,0,muhimbili_tanzania
2022-10-01 23:00:00,23.0,80,19.3,8.2,16.9,0.0,1016.1,0.0,9,,0.01,,0,muhimbili_tanzania
2022-10-02 00:00:00,22.7,82,19.4,8.4,15.1,0.0,1015.6,0.0,27,,0.01,,1,muhimbili_tanzania
2022-10-02 01:00:00,22.2,85,19.5,6.4,14.4,0.0,1015.1,0.0,23,,0.0,,1,muhimbili_tanzania
2022-10-02 02:00:00,21.6,88,19.6,5.6,11.2,0.0,1014.7,0.0,22,,0.0,,1,muhimbili_tanzania
2022-10-02 03:00:00,21.5,90,19.7,5.4,10.1,0.0,1014.5,0.0,22,,0.0,,1,muhimbili_tanzania
2022-10-02 04:00:00,21.0,91,19.4,6.0,10.4,0.0,1014.5,0.0,27,,0.0,,1,muhimbili_tanzania
2022-10-02 05:00:00,20.7,90,19.0,5.9,10.8,0.0,1014.7,0.0,18,,0.0,,0,muhimbili_tanzania
2022-10-02 06:00:00,20.6,90,18.9,4.6,10.4,0.0,1015.3,0.0,12,,0.0,,0,muhimbili_tanzania
2022-10-02 07:00:00,22.0,83,19.1,6.9,13.0,0.0,1016.1,49.0,4,,0.03,,0,muhimbili_tanzania
2022-10-02 08:00:00,24.2,72,18.9,6.5,17.3,0.0,1016.8,260.0,6,,0.17,,0,muhimbili_tanzania
2022-10-02 09:00:00,25.8,64,18.4,9.0,23.0,0.0,1017.5,492.0,24,,0.34,,1,muhimbili_tanzania
2022-10-02 10:00:00,26.9,58,17.9,10.4,26.6,0.1,1017.5,681.0,63,,0.48,,51,muhimbili_tanzania
2022-10-02 11:00:00,27.0,60,18.5,12.7,30.2,0.2,1017.3,732.0,60,,0.52,,51,muhimbili_tanzania
2022-10-02 12:00:00,26.9,61,18.8,12.1,30.6,0.1,1016.5,726.0,65,,0.52,,51,muhimbili_tanzania
2022-10-02 13:00:00,27.1,61,18.9,14.3,33.1,0.1,1015.5,780.0,100,,0.55,,51,muhimbili_tanzania
2022-10-02 14:00:00,26.7,63,19.0,16.7,36.0,0.0,1014.6,673.0,68,,0.48,,2,muhimbili_tanzania
2022-10-02 15:00:00,26.0,64,18.7,16.7,37.8,0.1,1013.8,475.0,42,,0.36,,51,muhimbili_tanzania
2022-10-02 16:00:00,26.4,62,18.6,16.9,34.9,0.2,1013.4,498.0,45,,0.37,,51,muhimbili_tanzania
2022-10-02 17:00:00,25.4,68,19.0,18.2,36.7,0.0,1013.8,268.0,23,,0.23,,1,muhimbili_tanzania
2022-10-02 18:00:00,24.9,68,18.5,16.5,35.3,0.0,1013.9,122.0,11,,0.13,,0,muhimbili_tanzania
2022-10-02 19:00:00,24.0,74,19.1,15.6,30.2,0.0,1014.3,3.0,7,,0.06,,0,muhimbili_tanzania
2022-10-02 20:00:00,23.4,78,19.2,13.9,28.8,0.0,1014.8,0.0,2,,0.04,,0,muhimbili_tanzania
2022-10-02 21:00:00,22.9,80,19.3,12.6,24.8,0.0,1015.1,0.0,0,,0.03,,0,muhimbili_tanzania
2022-10-02 22:00:00,22.5,84,19.8,11.4,22.0,0.0,1015.3,0.0,0,,0.01,,0,muhimbili_tanzania
2022-10-02 23:00:00,22.0,89,20.1,10.5,20.5,0.0,1015.2,0.0,0,,0.0,,0,muhimbili_tanzania
2022-10-03 00:00:00,21.7,91,20.2,10.6,18.7,0.0,1014.5,0.0,0,,0.0,,0,muhimbili_tanzania
2022-10-03 01:00:00,21.5,93,20.2,10.1,18.7,0.0,1014.1,0.0,7,,0.0,,0,muhimbili_tanzania
2022-10-03 02:00:00,21.4,94,20.4,11.1,19.4,0.0,1013.4,0.0,11,,0.0,,0,muhimbili_tanzania
2022-10-03 03:00:00,21.5,93,20.2,7.6,20.2,0.0,1013.1,0.0,10,,0.0,,0,muhimbili_tanzania
2022-10-03 04:00:00,20.7,95,20.0,4.6,13.3,0.0,1013.2,0.0,21,,0.0,,1,muhimbili_tanzania
2022-10-03 05:00:00,20.6,95,19.9,5.3,9.4,0.0,1013.4,0.0,23,,0.0,,1,muhimbili_tanzania
2022-10-03 06:00:00,20.4,95,19.6,5.4,9.7,0.0,1013.9,0.0,24,,0.0,,1,muhimbili_tanzania
2022-10-03 07:00:00,21.5,90,19.9,7.4,14.4,0.0,1014.6,51.0,5,,0.03,,0,muhimbili_tanzania
2022-10-03 08:00:00,23.9,78,19.8,5.8,16.6,0.0,1015.6,265.0,57,,0.17,,2,muhimbili_tanzania
2022-10-03 09:00:00,25.5,68,19.2,7.7,20.5,0.0,1016.2,438.0,31,,0.3,,1,muhimbili_tanzania
2022-10-03 10:00:00,27.4,57,18.1,10.1,25.6,0.0,1016.3,695.0,36,,0.49,,1,muhimbili_tanzania
2022-10-03 11:00:00,28.2,53,17.6,14.1,32.4,0.0,1015.7,855.0,64,,0.62,,2,muhimbili_tanzania
2022-10-03 12:00:00,27.9,57,18.7,16.7,37.4,0.0,1014.8,876.0,76,,0.62,,2,muhimbili_tanzania
2022-10-03 13:00:00,27.6,59,18.9,18.1,39.2,0.0,1013.8,769.0,81,,0.55,,3,muhimbili_tanzania
2022-10-03 14:00:00,27.7,59,18.9,20.2,42.5,0.0,1012.8,724.0,84,,0.53,,3,muhimbili_tanzania
2022-10-03 15:00:00,27.5,60,18.9,20.5,43.9,0.0,1012.3,687.0,79,,0.5,,2,muhimbili_tanzania
2022-10-03 16:00:00,26.2,65,19.0,22.1,43.9,0.0,1011.8,390.0,33,,0.32,,1,muhimbili_tanzania
2022-10-03 17:00:00,26.0,64,18.5,19.3,43.2,0.0,1012.0,299.0,17,,0.26,,0,muhimbili_tanzania
2022-10-03 18:00:00,25.0,67,18.5,16.3,37.4,0.0,1012.4,127.0,6,,0.14,,0,muhimbili_tanzania
2022-10-03 19:00:00,23.9,76,19.4,14.0,29.2,0.0,1013.0,3.0,7,,0.05,,0,muhimbili_tanzania
2022-10-03 20:00:00,23.4,80,19.8,13.1,24.8,0.0,1013.4,0.0,52,,0.03,,2,muhimbili_tanzania
2022-10-03 21:00:00,23.0,83,20.0,12.0,23.0,0.0,1014.2,0.0,22,,0.02,,1,muhimbili_tanzania
2022-10-03 22:00:00,22.8,84,20.0,11.2,20.9,0.0,1014.5,0.0,4,,0.01,,0,muhimbili_tanzania
2022-10-03 23:00:00,22.5,87,20.2,10.8,19.8,0.0,1014.3,0.0,26,,0.01,,1,muhimbili_tanzania
2022-10-04 00:00:00,22.5,87,20.4,10.6,19.4,0.0,1013.9,0.0,65,,0.01,,2,muhimbili_tanzania
2022-10-04 01:00:00,22.5,87,20.3,11.0,19.4,0.0,1013.2,0.0,59,,0.01,,2,muhimbili_tanzania
2022-10-04 02:00:00,22.5,86,20.0,9.4,19.4,0.0,1012.6,0.0,58,,0.01,,2,muhimbili_tanzania
2022-10-04 03:00:00,21.4,93,20.1,5.4,16.6,0.0,1012.8,0.0,98,,0.0,,3,muhimbili_tanzania
2022-10-04 04:00:00,21.0,95,20.1,5.5,8.3,0.0,1012.8,0.0,40,,0.0,,1,muhimbili_tanzania
2022-10-04 05:00:00,20.9,95,20.0,4.7,7.9,0.0,1013.3,0.0,35,,0.0,,1,muhimbili_tanzania
2022-10-04 06:00:00,20.6,95,19.9,4.2,7.6,0.0,1014.1,0.0,40,,0.0,,1,muhimbili_tanzania
2022-10-04 07:00:00,22.2,88,20.1,5.5,11.9,0.0,1015.0,50.0,42,,0.03,,1,muhimbili_tanzania
2022-10-04 08:00:00,24.5,75,19.7,6.1,15.5,0.1,1015.5,269.0,28,,0.17,,51,muhimbili_tanzania
2022-10-04 09:00:00,26.0,65,19.0,9.8,23.8,0.1,1016.3,510.0,29,,0.35,,51,muhimbili_tanzania
2022-10-04 10:00:00,27.1,60,18.6,11.6,28.1,0.1,1016.1,712.0,20,,0.5,,51,muhimbili_tanzania
2022-10-04 11:00:00,27.6,58,18.6,13.1,31.3,0.1,1015.7,856.0,28,,0.6,,51,muhimbili_tanzania
2022-10-04 12:00:00,27.5,60,19.0,15.1,34.9,0.1,1014.7,865.0,17,,0.6,,51,muhimbili_tanzania
2022-10-04 13:00:00,27.5,60,18.9,17.0,37.8,0.0,1013.7,884.0,24,,0.61,,1,muhimbili_tanzania
2022-10-04 14:00:00,27.6,60,19.1,18.8,40.0,0.0,1012.6,823.0,27,,0.58,,1,muhimbili_tanzania
2022-10-04 15:00:00,27.0,63,19.4,18.8,42.8,0.0,1012.7,759.0,33,,0.52,,1,muhimbili_tanzania
2022-10-04 16:00:00,26.3,67,19.6,18.4,39.2,0.0,1012.3,483.0,16,,0.35,,0,muhimbili_tanzania
2022-10-04 17:00:00,26.0,67,19.4,18.3,37.8,0.0,1012.4,349.0,14,,0.27,,0,muhimbili_tanzania
2022-10-04 18:00:00,24.9,73,19.8,17.0,36.4,0.0,1012.9,129.0,9,,0.12,,0,muhimbili_tanzania
2022-10-04 19:00:00,24.0,79,20.1,15.2,31.0,0.0,1013.5,3.0,0,,0.04,,0,muhimbili_tanzania
2022-10-04 20:00:00,23.7,81,20.2,14.0,27.0,0.0,1014.3,0.0,4,,0.03,,0,muhimbili_tanzania
2022-10-04 21:00:00,23.5,82,20.2,13.7,24.8,0.0,1014.8,0.0,5,,0.03,,0,muhimbili_tanzania
2022-10-04 22:00:00,23.5,83,20.3,13.8,24.5,0.0,1015.2,0.0,10,,0.03,,0,muhimbili_tanzania
2022-10-04 23:00:00,23.2,84,20.4,12.8,24.5,0.0,1015.5,0.0,11,,0.02,,0,muhimbili_tanzania
2022-10-05 00:00:00,23.0,86,20.5,11.0,22.3,0.0,1015.2,0.0,12,,0.01,,0,muhimbili_tanzania
2022-10-05 01:00:00,22.6,88,20.5,9.9,19.1,0.0,1014.4,0.0,7,,0.01,,0,muhimbili_tanzania
2022-10-05 02:00:00,22.4,90,20.7,8.5,17.3,0.0,1013.8,0.0,85,,0.0,,3,muhimbili_tanzania
2022-10-05 03:00:00,22.2,91,20.6,5.7,14.4,0.0,1014.2,0.0,76,,0.0,,2,muhimbili_tanzania
2022-10-05 04:00:00,21.6,93,20.5,5.2,9.7,0.0,1014.0,0.0,42,,0.0,,1,muhimbili_tanzania
2022-10-05 05:00:00,21.5,93,20.3,6.1,11.2,0.0,1014.7,0.0,43,,0.0,,1,muhimbili_tanzania
2022-10-05 06:00:00,21.3,93,20.1,6.4,11.9,0.0,1015.4,0.0,57,,0.0,,2,muhimbili_tanzania
2022-10-05 07:00:00,22.6,87,20.3,7.9,14.8,0.0,1016.2,47.0,14,,0.03,,0,muhimbili_tanzania
2022-10-05 08:00:00,24.9,76,20.2,8.2,18.7,0.0,1017.0,257.0,14,,0.17,,0,muhimbili_tanzania
2022-10-05 09:00:00,26.6,65,19.5,10.1,24.5,0.0,1017.6,505.0,21,,0.35,,1,muhimbili_tanzania
2022-10-05 10:00:00,27.9,58,19.0,11.7,27.7,0.1,1017.4,676.0,30,,0.49,,51,muhimbili_tanzania
2022-10-05 11:00:00,28.6,55,18.7,12.8,30.6,0.1,1016.8,807.0,35,,0.59,,51,muhimbili_tanzania
2022-10-05 12:00:00,28.8,55,18.8,15.4,34.9,0.1,1016.1,866.0,38,,0.63,,51,muhimbili_tanzania
2022-10-05 13:00:00,28.9,54,18.8,16.9,37.8,0.1,1015.1,952.0,26,,0.68,,51,muhimbili_tanzania
2022-10-05 14:00:00,28.6,55,18.6,16.5,37.8,0.1,1014.1,761.0,22,,0.57,,51,muhimbili_tanzania
2022-10-05 15:00:00,28.5,57,19.1,20.2,37.1,0.1,1013.5,663.0,20,,0.51,,51,muhimbili_tanzania
2022-10-05 16:00:00,27.8,59,19.1,22.1,43.9,0.0,1013.3,558.0,23,,0.43,,1,muhimbili_tanzania
2022-10-05 17:00:00,26.6,64,19.3,21.4,44.3,0.0,1013.5,309.0,16,,0.27,,0,muhimbili_tanzania
2022-10-05 18:00:00,25.8,67,19.1,19.7,41.0,0.0,1014.1,116.0,29,,0.15,,1,muhimbili_tanzania
2022-10-05 19:00:00,24.9,73,19.8,18.5,36.0,0.0,1014.6,3.0,2,,0.07,,0,muhimbili_tanzania
2022-10-05 20:00:00,24.2,78,20.2,15.8,33.1,0.0,1015.1,0.0,4,,0.04,,0,muhimbili_tanzania
2022-10-05 21:00:00,23.9,80,20.2,13.9,27.7,0.0,1015.7,0.0,7,,0.03,,0,muhimbili_tanzania
2022-10-05 22:00:00,23.8,81,20.4,13.8,24.8,0.0,1016.1,0.0,10,,0.03,,0,muhimbili_tanzania
2022-10-05 23:00:00,23.8,81,20.3,14.1,24.8,0.0,1016.1,0.0,12,,0.03,,0,muhimbili_tanzania
2022-10-06 00:00:00,23.5,82,20.2,12.6,24.8,0.0,1015.5,0.0,14,,0.02,,0,muhimbili_tanzania
2022-10-06 01:00:00,23.2,83,20.2,11.1,22.0,0.0,1014.8,0.0,23,,0.02,,1,muhimbili_tanzania
2022-10-06 02:00:00,23.0,85,20.2,10.0,19.8,0.0,1014.3,0.0,20,,0.01,,1,muhimbili_tanzania
2022-10-06 03:00:00,22.9,85,20.1,8.9,17.6,0.0,1013.8,0.0,24,,0.01,,1,muhimbili_tanzania
2022-10-06 04:00:00,22.4,88,20.2,5.7,15.5,0.0,1014.1,0.0,23,,0.0,,1,muhimbili_tanzania
2022-10-06 05:00:00,21.8,91,20.3,5.0,9.7,0.0,1014.5,0.0,43,,0.0,,1,muhimbili_tanzania
2022-10-06 06:00:00,21.6,90,20.0,6.6,11.5,0.0,1015.3,0.0,31,,0.0,,1,muhimbili_tanzania
2022-10-06 07:00:00,22.9,84,20.0,7.7,14.8,0.0,1016.0,54.0,10,,0.04,,0,muhimbili_tanzania
2022-10-06 08:00:00,25.1,73,20.0,7.7,18.4,0.0,1016.8,273.0,36,,0.18,,1,muhimbili_tanzania
2022-10-06 09:00:00,26.5,65,19.3,10.4,24.5,0.0,1017.5,464.0,37,,0.33,,1,muhimbili_tanzania
2022-10-06 10:00:00,27.9,57,18.5,12.0,28.4,0.1,1017.2,658.0,100,,0.48,,51,muhimbili_tanzania
2022-10-06 11:00:00,29.0,51,17.8,14.2,31.7,0.0,1016.7,805.0,100,,0.6,,3,muhimbili_tanzania
2022-10-06 12:00:00,28.4,55,18.4,16.5,36.4,0.0,1016.1,727.0,100,,0.55,,3,muhimbili_tanzania
2022-10-06 13:00:00,28.5,53,18.0,18.1,37.1,0.0,1015.0,563.0,45,,0.47,,1,muhimbili_tanzania
2022-10-06 14:00:00,29.9,48,17.6,19.2,40.7,0.0,1013.7,874.0,70,,0.67,,2,muhimbili_tanzania
2022-10-06 15:00:00,28.1,55,18.1,20.5,42.8,0.0,1013.5,697.0,20,,0.53,,1,muhimbili_tanzania
2022-10-06 16:00:00,27.9,55,17.9,20.2,40.7,0.0,1013.1,398.0,32,,0.36,,1,muhimbili_tanzania
2022-10-06 17:00:00,27.3,56,17.6,23.2,44.3,0.0,1013.1,346.0,10,,0.32,,0,muhimbili_tanzania
2022-10-06 18:00:00,25.7,62,17.8,22.4,44.6,0.0,1013.4,124.0,9,,0.18,,0,muhimbili_tanzania
2022-10-06 19:00:00,24.6,70,18.8,21.4,39.6,0.0,1013.8,3.0,5,,0.09,,0,muhimbili_tanzania
2022-10-06 20:00:00,24.0,74,19.1,18.3,38.2,0.0,1014.4,0.0,0,,0.06,,0,muhimbili_tanzania
2022-10-06 21:00:00,23.6,77,19.2,16.6,32.4,0.0,1015.1,0.0,0,,0.05,,0,muhimbili_tanzania
2022-10-06 22:00:00,23.5,77,19.1,15.7,29.5,0.0,1015.8,0.0,12,,0.04,,0,muhimbili_tanzania
2022-10-06 23:00:00,23.4,77,19.1,15.0,27.4,0.0,1015.9,0.0,14,,0.04,,0,muhimbili_tanzania
2022-10-07 00:00:00,23.1,78,19.1,12.4,25.9,0.0,1015.4,0.0,16,,0.03,,0,muhimbili_tanzania
2022-10-07 01:00:00,22.7,81,19.2,9.8,21.2,0.0,1014.6,0.0,29,,0.02,,1,muhimbili_tanzania
2022-10-07 02:00:00,22.7,81,19.4,7.8,17.3,0.0,1013.9,0.0,44,,0.01,,1,muhimbili_tanzania
2022-10-07 03:00:00,22.6,82,19.5,9.6,13.7,0.0,1013.7,0.0,46,,0.01,,1,muhimbili_tanzania
2022-10-07 04:00:00,22.3,86,19.9,6.0,16.6,0.1,1013.7,0.0,35,,0.0,,51,muhimbili_tanzania
2022-10-07 05:00:00,21.8,90,20.1,4.7,10.4,0.1,1014.0,0.0,66,,0.0,,51,muhimbili_tanzania
2022-10-07 06:00:00,21.3,94,20.2,3.8,8.6,0.1,1014.6,0.0,64,,0.0,,51,muhimbili_tanzania
2022-10-07 07:00:00,22.5,88,20.3,5.9,12.2,0.0,1015.3,50.0,26,,0.03,,1,muhimbili_tanzania
2022-10-07 08:00:00,24.1,79,20.4,6.1,18.4,0.0,1016.0,229.0,26,,0.15,,1,muhimbili_tanzania
2022-10-07 09:00:00,25.8,70,19.9,11.7,26.6,0.2,1016.5,468.0,43,,0.32,,51,muhimbili_tanzania
2022-10-07 10:00:00,27.1,63,19.5,13.6,30.2,0.2,1016.4,621.0,40,,0.44,,51,muhimbili_tanzania
2022-10-07 11:00:00,27.8,61,19.5,15.4,34.2,0.4,1016.0,788.0,43,,0.56,,51,muhimbili_tanzania
2022-10-07 12:00:00,28.3,58,19.3,16.6,36.4,0.3,1015.3,885.0,46,,0.63,,51,muhimbili_tanzania
2022-10-07 13:00:00,28.6,57,19.2,17.6,38.2,0.2,1014.1,877.0,30,,0.63,,51,muhimbili_tanzania
2022-10-07 14:00:00,29.0,55,19.0,19.8,41.0,0.1,1012.9,793.0,21,,0.6,,51,muhimbili_tanzania
2022-10-07 15:00:00,28.9,53,18.4,20.3,45.4,0.0,1012.6,738.0,19,,0.56,,0,muhimbili_tanzania
2022-10-07 16:00:00,28.1,57,18.9,21.4,42.8,0.0,1012.3,549.0,13,,0.44,,0,muhimbili_tanzania
2022-10-07 17:00:00,27.0,63,19.2,19.8,42.5,0.0,1013.0,346.0,13,,0.29,,0,muhimbili_tanzania
2022-10-07 18:00:00,25.6,69,19.5,18.0,38.9,0.0,1013.5,122.0,8,,0.14,,0,muhimbili_tanzania
2022-10-07 19:00:00,24.7,75,19.9,15.0,33.1,0.0,1014.2,3.0,6,,0.05,,0,muhimbili_tanzania
2022-10-07 20:00:00,24.1,79,20.2,13.9,26.6,0.0,1014.7,0.0,4,,0.04,,0,muhimbili_tanzania
2022-10-07 21:00:00,23.9,81,20.4,13.3,24.8,0.0,1015.5,0.0,7,,0.03,,0,muhimbili_tanzania
2022-10-07 22:00:00,23.6,83,20.6,10.6,23.4,0.0,1015.9,0.0,23,,0.02,,1,muhimbili_tanzania
2022-10-07 23:00:00,23.3,84,20.5,9.7,18.7,0.0,1015.8,0.0,79,,0.01,,2,muhimbili_tanzania
2022-10-08 00:00:00,23.1,85,20.5,7.7,16.6,0.0,1015.5,0.0,69,,0.0,,2,muhimbili_tanzania
2022-10-08 01:00:00,22.6,88,20.5,7.6,13.7,0.0,1014.8,0.0,80,,0.0,,3,muhimbili_tanzania
2022-10-08 02:00:00,22.3,89,20.4,7.5,13.3,0.0,1014.5,0.0,33,,0.0,,1,muhimbili_tanzania
2022-10-08 03:00:00,22.8,87,20.5,8.6,14.0,0.0,1013.9,0.0,25,,0.0,,1,muhimbili_tanzania
2022-10-08 04:00:00,22.4,89,20.5,7.6,15.1,0.0,1014.0,0.0,31,,0.0,,1,muhimbili_tanzania
2022-10-08 05:00:00,22.1,90,20.4,7.9,13.7,0.0,1014.5,0.0,44,,0.0,,1,muhimbili_tanzania
2022-10-08 06:00:00,22.1,89,20.2,8.7,15.1,0.0,1015.0,0.0,27,,0.0,,1,muhimbili_tanzania
2022-10-08 07:00:00,23.2,84,20.2,9.5,17.3,0.0,1015.7,56.0,7,,0.04,,0,muhimbili_tanzania
2022-10-08 08:00:00,25.2,70,19.4,11.9,24.8,0.0,1016.4,278.0,10,,0.2,,0,muhimbili_tanzania
2022-10-08 09:00:00,26.9,61,18.8,12.2,28.1,0.1,1017.1,520.0,20,,0.37,,51,muhimbili_tanzania
2022-10-08 10:00:00,28.2,55,18.4,11.4,28.4,0.0,1017.1,710.0,9,,0.52,,0,muhimbili_tanzania
2022-10-08 11:00:00,29.2,51,18.0,13.5,31.3,0.0,1016.4,872.0,8,,0.64,,0,muhimbili_tanzania
2022-10-08 12:00:00,29.8,50,18.1,16.2,36.0,0.0,1015.5,995.0,11,,0.73,,0,muhimbili_tanzania
2022-10-08 13:00:00,29.8,50,18.4,19.8,42.5,0.0,1014.5,998.0,10,,0.73,,0,muhimbili_tanzania
2022-10-08 14:00:00,29.8,50,18.1,21.6,44.6,0.0,1013.4,918.0,15,,0.69,,0,muhimbili_tanzania
2022-10-08 15:00:00,28.8,54,18.5,20.5,45.4,0.0,1013.1,799.0,6,,0.59,,0,muhimbili_tanzania
2022-10-08 16:00:00,28.1,58,19.0,21.6,42.5,0.0,1013.1,584.0,34,,0.45,,1,muhimbili_tanzania
2022-10-08 17:00:00,26.6,64,19.4,22.4,43.2,0.0,1013.5,337.0,24,,0.28,,1,muhimbili_tanzania
2022-10-08 18:00:00,25.2,73,20.0,18.6,43.2,0.0,1014.0,108.0,17,,0.12,,0,muhimbili_tanzania
2022-10-08 19:00:00,24.4,78,20.4,16.6,34.6,0.0,1014.3,2.0,6,,0.06,,0,muhimbili_tanzania
2022-10-08 20:00:00,24.2,78,20.2,15.0,29.5,0.0,1015.0,0.0,4,,0.04,,0,muhimbili_tanzania
2022-10-08 21:00:00,24.0,79,20.1,12.6,26.6,0.0,1015.8,0.0,0,,0.03,,0,muhimbili_tanzania
2022-10-08 22:00:00,23.6,81,20.1,12.5,23.0,0.0,1016.4,0.0,2,,0.03,,0,muhimbili_tanzania
2022-10-08 23:00:00,23.4,81,20.0,11.0,22.3,0.0,1016.5,0.0,4,,0.02,,0,muhimbili_tanzania
2022-10-09 00:00:00,23.1,82,19.9,8.7,19.1,0.0,1016.2,0.0,11,,0.01,,0,muhimbili_tanzania
2022-10-09 01:00:00,22.9,84,20.0,7.2,15.1,0.0,1015.6,0.0,22,,0.0,,1,muhimbili_tanzania
2022-10-09 02:00:00,22.5,86,20.0,5.4,12.6,0.0,1015.0,0.0,13,,0.0,,0,muhimbili_tanzania
2022-10-09 03:00:00,22.5,87,20.3,6.2,9.4,0.0,1014.6,0.0,19,,0.0,,0,muhimbili_tanzania
2022-10-09 04:00:00,22.2,89,20.3,5.4,10.8,0.0,1014.6,0.0,21,,0.0,,1,muhimbili_tanzania
2022-10-09 05:00:00,22.0,90,20.2,5.1,9.7,0.0,1014.9,0.0,26,,0.0,,1,muhimbili_tanzania
2022-10-09 06:00:00,22.0,89,20.1,6.9,12.6,0.1,1015.5,0.0,28,,0.0,,51,muhimbili_tanzania
2022-10-09 07:00:00,23.1,84,20.2,7.9,15.8,0.0,1016.1,52.0,33,,0.04,,1,muhimbili_tanzania
2022-10-09 08:00:00,24.9,73,19.7,10.7,22.7,0.0,1016.8,238.0,33,,0.17,,1,muhimbili_tanzania
2022-10-09 09:00:00,26.4,65,19.1,13.6,29.5,0.0,1017.6,458.0,46,,0.33,,1,muhimbili_tanzania
2022-10-09 10:00:00,27.3,58,18.5,15.8,33.5,0.1,1017.6,561.0,26,,0.43,,51,muhimbili_tanzania
2022-10-09 11:00:00,29.0,49,17.3,19.0,40.3,0.0,1017.1,776.0,40,,0.6,,1,muhimbili_tanzania
2022-10-09 12:00:00,29.8,45,16.5,20.5,43.2,0.0,1016.3,865.0,24,,0.68,,1,muhimbili_tanzania
2022-10-09 13:00:00,30.0,43,16.1,21.4,45.0,0.0,1015.2,967.0,38,,0.74,,1,muhimbili_tanzania
2022-10-09 14:00:00,29.9,43,16.1,22.6,46.4,0.0,1014.2,927.0,45,,0.72,,1,muhimbili_tanzania
2022-10-09 15:00:00,29.1,45,15.9,20.1,46.8,0.0,1014.0,795.0,44,,0.62,,1,muhimbili_tanzania
2022-10-09 16:00:00,28.8,43,15.1,21.6,43.6,0.0,1013.7,616.0,12,,0.52,,0,muhimbili_tanzania
2022-10-09 17:00:00,27.8,47,15.4,21.1,42.8,0.0,1014.0,377.0,6,,0.36,,0,muhimbili_tanzania
2022-10-09 18:00:00,26.2,56,16.6,18.6,40.7,0.0,1014.3,131.0,14,,0.18,,0,muhimbili_tanzania
2022-10-09 19:00:00,24.6,68,18.4,17.4,33.5,0.0,1014.7,3.0,27,,0.08,,1,muhimbili_tanzania
2022-10-09 20:00:00,23.9,76,19.4,16.6,31.3,0.0,1015.8,0.0,16,,0.05,,0,muhimbili_tanzania
2022-10-09 21:00:00,23.5,80,19.9,15.8,29.9,0.0,1016.6,0.0,1,,0.04,,0,muhimbili_tanzania
2022-10-09 22:00:00,23.3,82,20.0,14.5,28.1,0.0,1017.3,0.0,2,,0.03,,0,muhimbili_tanzania
2022-10-09 23:00:00,23.1,83,20.0,14.5,26.3,0.0,1017.5,0.0,2,,0.03,,0,muhimbili_tanzania
2022-10-10 00:00:00,23.1,82,19.9,15.1,26.6,0.0,1017.0,0.0,4,,0.03,,0,muhimbili_tanzania
2022-10-10 01:00:00,23.0,84,20.0,14.8,26.6,0.0,1016.3,0.0,3,,0.02,,0,muhimbili_tanzania
2022-10-10 02:00:00,22.8,85,20.1,13.5,25.9,0.0,1015.8,0.0,11,,0.02,,0,muhimbili_tanzania
2022-10-10 03:00:00,22.4,89,20.5,10.3,23.8,0.0,1015.2,0.0,13,,0.0,,0,muhimbili_tanzania
2022-10-10 04:00:00,22.2,90,20.4,10.5,18.4,0.0,1015.3,0.0,4,,0.0,,0,muhimbili_tanzania
2022-10-10 05:00:00,22.0,90,20.4,8.6,18.4,0.0,1015.8,0.0,5,,0.0,,0,muhimbili_tanzania
2022-10-10 06:00:00,21.6,93,20.4,6.1,14.8,0.0,1016.4,0.0,19,,0.0,,0,muhimbili_tanzania
2022-10-10 07:00:00,23.0,86,20.5,8.0,15.8,0.0,1017.2,61.0,13,,0.04,,0,muhimbili_tanzania
2022-10-10 08:00:00,25.2,74,20.1,9.2,20.2,0.0,1018.0,280.0,18,,0.19,,0,muhimbili_tanzania
2022-10-10 09:00:00,27.4,57,18.2,12.0,27.7,0.0,1018.6,524.0,7,,0.39,,0,muhimbili_tanzania
2022-10-10 10:00:00,29.1,44,15.6,15.1,33.5,0.0,1018.4,765.0,57,,0.59,,2,muhimbili_tanzania
2022-10-10 11:00:00,29.5,46,16.5,17.1,38.2,0.0,1018.1,911.0,76,,0.68,,2,muhimbili_tanzania
2022-10-10 12:00:00,29.9,46,17.0,18.7,40.7,0.0,1017.4,1008.0,32,,0.75,,1,muhimbili_tanzania
2022-10-10 13:00:00,29.8,47,17.2,20.4,43.9,0.0,1016.2,940.0,69,,0.71,,2,muhimbili_tanzania
2022-10-10 14:00:00,28.8,51,17.7,21.3,44.6,0.0,1015.4,699.0,61,,0.56,,2,muhimbili_tanzania
2022-10-10 15:00:00,28.2,53,17.9,20.9,43.9,0.0,1014.9,699.0,89,,0.53,,3,muhimbili_tanzania
2022-10-10 16:00:00,27.9,55,18.0,20.6,43.2,0.0,1014.7,494.0,74,,0.41,,2,muhimbili_tanzania
2022-10-10 17:00:00,27.0,57,17.8,19.4,41.4,0.0,1014.9,258.0,8,,0.27,,0,muhimbili_tanzania
2022-10-10 18:00:00,25.7,64,18.5,20.0,38.2,0.0,1015.2,127.0,6,,0.16,,0,muhimbili_tanzania
2022-10-10 19:00:00,24.6,73,19.5,18.9,37.4,0.0,1015.5,3.0,13,,0.07,,0,muhimbili_tanzania
2022-10-10 20:00:00,24.1,77,19.9,16.3,33.5,0.0,1016.0,0.0,11,,0.05,,0,muhimbili_tanzania
2022-10-10 21:00:00,23.8,80,20.2,16.6,29.2,0.0,1016.4,0.0,0,,0.04,,0,muhimbili_tanzania
2022-10-10 22:00:00,23.5,82,20.3,15.1,29.2,0.0,1016.7,0.0,1,,0.03,,0,muhimbili_tanzania
2022-10-10 23:00:00,23.2,82,20.0,12.2,26.6,0.0,1016.8,0.0,0,,0.02,,0,muhimbili_tanzania
2022-10-11 00:00:00,22.8,85,20.1,11.0,21.6,0.0,1016.5,0.0,0,,0.01,,0,muhimbili_tanzania
2022-10-11 01:00:00,22.5,87,20.3,10.4,19.4,0.0,1016.0,0.0,0,,0.01,,0,muhimbili_tanzania
2022-10-11 02:00:00,22.1,91,20.5,8.1,18.7,0.0,1015.6,0.0,0,,0.0,,0,muhimbili_tanzania
2022-10-11 03:00:00,21.4,91,19.9,5.9,14.4,0.0,1015.7,0.0,31,,0.0,,1,muhimbili_tanzania
2022-10-11 04:00:00,21.1,92,19.7,6.3,11.5,0.0,1015.7,0.0,23,,0.0,,1,muhimbili_tanzania
2022-10-11 05:00:00,21.1,92,19.7,7.4,13.3,0.0,1016.1,0.0,16,,0.0,,0,muhimbili_tanzania
2022-10-11 06:00:00,21.1,92,19.8,6.6,13.3,0.0,1016.6,0.0,17,,0.0,,0,muhimbili_tanzania
2022-10-11 07:00:00,22.5,86,20.0,7.8,15.1,0.0,1016.9,59.0,6,,0.04,,0,muhimbili_tanzania
2022-10-11 08:00:00,24.9,74,19.9,9.8,20.9,0.0,1017.8,280.0,32,,0.19,,1,muhimbili_tanzania
2022-10-11 09:00:00,26.8,61,18.6,12.3,27.7,0.0,1018.3,490.0,69,,0.36,,2,muhimbili_tanzania
2022-10-11 10:00:00,28.5,50,17.2,13.9,31.7,0.0,1018.0,738.0,38,,0.55,,1,muhimbili_tanzania
2022-10-11 11:00:00,29.5,46,16.7,17.2,37.4,0.0,1017.4,885.0,20,,0.67,,1,muhimbili_tanzania
2022-10-11 12:00:00,29.9,44,16.5,19.1,40.7,0.0,1016.8,914.0,51,,0.7,,2,muhimbili_tanzania
2022-10-11 13:00:00,29.1,49,17.4,19.9,42.5,0.0,1016.0,785.0,51,,0.61,,2,muhimbili_tanzania
2022-10-11 14:00:00,29.0,50,17.5,18.8,42.1,0.0,1015.0,712.0,41,,0.57,,1,muhimbili_tanzania
2022-10-11 15:00:00,29.0,46,16.4,20.9,41.0,0.0,1014.4,695.0,24,,0.56,,1,muhimbili_tanzania
2022-10-11 16:00:00,28.4,48,16.1,20.0,43.2,0.0,1014.4,613.0,3,,0.49,,0,muhimbili_tanzania
2022-10-11 17:00:00,27.0,54,16.9,18.0,40.3,0.0,1014.6,373.0,1,,0.32,,0,muhimbili_tanzania
2022-10-11 18:00:00,25.5,62,17.6,16.1,36.0,0.0,1015.0,132.0,4,,0.15,,0,muhimbili_tanzania
2022-10-11 19:00:00,24.3,70,18.5,13.3,29.9,0.0,1015.4,3.0,0,,0.06,,0,muhimbili_tanzania
2022-10-11 20:00:00,23.7,76,19.1,11.6,23.8,0.0,1016.0,0.0,0,,0.03,,0,muhimbili_tanzania
2022-10-11 21:00:00,23.4,79,19.4,13.2,23.4,0.0,1016.7,0.0,0,,0.03,,0,muhimbili_tanzania
2022-10-11 22:00:00,23.0,81,19.7,12.3,23.4,0.0,1017.2,0.0,2,,0.02,,0,muhimbili_tanzania
2022-10-11 23:00:00,22.8,83,19.8,12.2,21.6,0.0,1017.3,0.0,4,,0.02,,0,muhimbili_tanzania
2022-10-12 00:00:00,22.5,85,19.9,12.5,21.6,0.0,1016.9,0.0,7,,0.02,,0,muhimbili_tanzania
2022-10-12 01:00:00,22.4,86,19.9,11.3,21.6,0.0,1016.4,0.0,12,,0.01,,0,muhimbili_tanzania
2022-10-12 02:00:00,22.3,86,19.8,9.3,19.8,0.0,1016.0,0.0,9,,0.01,,0,muhimbili_tanzania
2022-10-12 03:00:00,22.0,87,19.8,6.9,16.6,0.0,1015.4,0.0,4,,0.0,,0,muhimbili_tanzania
2022-10-12 04:00:00,21.4,91,19.8,6.6,11.5,0.0,1015.2,0.0,2,,0.0,,0,muhimbili_tanzania
2022-10-12 05:00:00,21.3,91,19.8,6.6,12.2,0.0,1015.6,0.0,8,,0.0,,0,muhimbili_tanzania
2022-10-12 06:00:00,21.2,91,19.7,6.6,11.9,0.0,1016.1,0.0,14,,0.0,,0,muhimbili_tanzania
2022-10-12 07:00:00,22.9,82,19.8,7.6,14.8,0.0,1016.6,62.0,20,,0.04,,1,muhimbili_tanzania
2022-10-12 08:00:00,25.0,69,19.0,10.2,22.3,0.0,1017.5,277.0,11,,0.2,,0,muhimbili_tanzania
2022-10-12 09:00:00,26.8,59,18.0,11.9,27.4,0.0,1018.2,525.0,13,,0.38,,0,muhimbili_tanzania
2022-10-12 10:00:00,28.1,51,17.1,14.0,32.0,0.0,1018.0,724.0,21,,0.54,,1,muhimbili_tanzania
2022-10-12 11:00:00,28.8,49,16.9,16.2,36.4,0.0,1017.6,857.0,44,,0.64,,1,muhimbili_tanzania
2022-10-12 12:00:00,28.9,49,17.1,17.5,38.2,0.1,1017.1,817.0,56,,0.62,,51,muhimbili_tanzania
2022-10-12 13:00:00,29.0,51,17.6,17.0,38.5,0.1,1016.0,885.0,46,,0.66,,51,muhimbili_tanzania
2022-10-12 14:00:00,28.6,52,18.0,18.4,39.6,0.0,1014.8,779.0,15,,0.59,,0,muhimbili_tanzania
2022-10-12 15:00:00,27.7,57,18.5,20.8,40.3,0.0,1014.2,677.0,17,,0.5,,0,muhimbili_tanzania
2022-10-12 16:00:00,27.6,54,17.6,18.9,42.5,0.1,1013.8,467.0,14,,0.39,,51,muhimbili_tanzania
2022-10-12 17:00:00,27.1,56,17.5,17.1,38.5,0.0,1013.7,351.0,5,,0.3,,0,muhimbili_tanzania
2022-10-12 18:00:00,25.8,61,17.8,15.4,33.8,0.0,1013.8,126.0,1,,0.15,,0,muhimbili_tanzania
2022-10-12 19:00:00,24.8,68,18.5,12.7,28.8,0.0,1014.5,3.0,1,,0.06,,0,muhimbili_tanzania
2022-10-12 20:00:00,23.9,76,19.3,11.2,23.0,0.0,1015.3,0.0,3,,0.03,,0,muhimbili_tanzania
2022-10-12 21:00:00,23.2,80,19.6,10.1,20.2,0.0,1015.8,0.0,0,,0.02,,0,muhimbili_tanzania
2022-10-12 22:00:00,22.9,82,19.7,11.9,20.5,0.0,1016.4,0.0,3,,0.02,,0,muhimbili_tanzania
2022-10-12 23:00:00,22.6,83,19.7,12.8,22.3,0.0,1016.6,0.0,3,,0.02,,0,muhimbili_tanzania
2022-10-13 00:00:00,22.5,84,19.6,12.4,22.3,0.0,1016.2,0.0,5,,0.02,,0,muhimbili_tanzania
2022-10-13 01:00:00,22.3,85,19.6,11.1,22.0,0.0,1015.3,0.0,5,,0.01,,0,muhimbili_tanzania
2022-10-13 02:00:00,22.1,86,19.6,11.3,19.8,0.0,1014.7,0.0,3,,0.01,,0,muhimbili_tanzania
2022-10-13 03:00:00,22.1,85,19.5,10.8,20.2,0.0,1014.3,0.0,5,,0.01,,0,muhimbili_tanzania
2022-10-13 04:00:00,21.9,88,19.8,9.3,18.4,0.0,1014.2,0.0,10,,0.0,,0,muhimbili_tanzania
2022-10-13 05:00:00,21.7,90,19.9,8.6,16.2,0.0,1014.6,0.0,21,,0.0,,1,muhimbili_tanzania
2022-10-13 06:00:00,21.6,90,20.0,9.0,15.5,0.0,1015.1,0.0,22,,0.0,,1,muhimbili_tanzania
2022-10-13 07:00:00,23.0,82,19.9,10.1,18.7,0.0,1015.9,63.0,18,,0.05,,0,muhimbili_tanzania
2022-10-13 08:00:00,25.4,68,18.9,13.0,27.0,0.0,1017.1,288.0,4,,0.22,,0,muhimbili_tanzania
2022-10-13 09:00:00,27.1,55,17.4,13.8,30.6,0.0,1017.8,537.0,10,,0.4,,0,muhimbili_tanzania
2022-10-13 10:00:00,28.5,48,16.4,15.4,34.2,0.0,1017.7,763.0,0,,0.57,,0,muhimbili_tanzania
2022-10-13 11:00:00,29.5,45,16.1,17.9,39.2,0.0,1017.2,941.0,22,,0.71,,1,muhimbili_tanzania
2022-10-13 12:00:00,29.8,44,16.1,20.3,43.6,0.0,1016.6,979.0,34,,0.74,,1,muhimbili_tanzania
2022-10-13 13:00:00,29.8,45,16.4,21.3,44.6,0.0,1015.5,872.0,47,,0.68,,1,muhimbili_tanzania
2022-10-13 14:00:00,29.3,48,17.0,22.3,46.1,0.0,1014.4,779.0,41,,0.62,,1,muhimbili_tanzania
2022-10-13 15:00:00,29.1,49,17.2,22.1,46.4,0.0,1013.6,693.0,47,,0.56,,1,muhimbili_tanzania
2022-10-13 16:00:00,28.4,51,17.2,21.3,45.4,0.0,1013.3,514.0,44,,0.44,,1,muhimbili_tanzania
2022-10-13 17:00:00,27.4,55,17.5,19.6,42.5,0.0,1013.5,324.0,13,,0.3,,0,muhimbili_tanzania
2022-10-13 18:00:00,25.9,62,17.9,17.6,38.2,0.0,1013.8,124.0,4,,0.16,,0,muhimbili_tanzania
2022-10-13 19:00:00,24.6,69,18.6,13.3,33.1,0.0,1014.3,3.0,0,,0.06,,0,muhimbili_tanzania
2022-10-13 20:00:00,24.0,75,19.1,12.1,24.1,0.0,1014.9,0.0,0,,0.04,,0,muhimbili_tanzania
2022-10-13 21:00:00,23.5,78,19.5,11.2,21.6,0.0,1015.4,0.0,0,,0.03,,0,muhimbili_tanzania
2022-10-13 22:00:00,23.1,80,19.5,11.8,20.5,0.0,1015.9,0.0,8,,0.02,,0,muhimbili_tanzania
2022-10-13 23:00:00,22.9,82,19.5,12.5,21.6,0.0,1015.9,0.0,15,,0.02,,0,muhimbili_tanzania
2022-10-14 00:00:00,22.7,82,19.4,13.4,23.4,0.0,1015.1,0.0,1,,0.03,,0,muhimbili_tanzania
2022-10-14 01:00:00,22.5,81,19.1,12.8,23.4,0.0,1014.0,0.0,2,,0.02,,0,muhimbili_tanzania
2022-10-14 02:00:00,22.4,81,19.0,11.6,22.3,0.0,1013.4,0.0,0,,0.02,,0,muhimbili_tanzania
2022-10-14 03:00:00,22.4,82,19.1,9.7,24.5,0.0,1013.3,0.0,4,,0.01,,0,muhimbili_tanzania
2022-10-14 04:00:00,20.7,91,19.2,7.0,16.6,0.0,1013.6,0.0,25,,0.0,,1,muhimbili_tanzania
2022-10-14 05:00:00,21.5,88,19.3,5.2,9.4,0.0,1014.1,0.0,42,,0.0,,1,muhimbili_tanzania
2022-10-14 06:00:00,21.1,89,19.2,4.7,9.0,0.0,1014.6,0.0,49,,0.0,,1,muhimbili_tanzania
2022-10-14 07:00:00,22.8,80,19.1,7.6,15.1,0.0,1015.6,60.0,30,,0.05,,1,muhimbili_tanzania
2022-10-14 08:00:00,24.9,69,18.7,9.2,19.4,0.0,1016.8,249.0,43,,0.18,,1,muhimbili_tanzania
2022-10-14 09:00:00,26.5,60,18.1,12.9,28.4,0.0,1017.5,449.0,41,,0.34,,1,muhimbili_tanzania
2022-10-14 10:00:00,28.0,53,17.5,13.9,31.7,0.0,1017.1,674.0,25,,0.5,,1,muhimbili_tanzania
2022-10-14 11:00:00,28.9,49,17.1,16.0,36.0,0.0,1016.6,832.0,29,,0.62,,1,muhimbili_tanzania
2022-10-14 12:00:00,29.0,48,17.0,17.6,39.2,0.0,1015.8,907.0,28,,0.68,,1,muhimbili_tanzania
2022-10-14 13:00:00,29.2,48,17.2,19.1,41.8,0.0,1014.6,955.0,23,,0.71,,1,muhimbili_tanzania
2022-10-14 14:00:00,28.9,50,17.5,20.9,44.3,0.0,1013.3,893.0,40,,0.66,,1,muhimbili_tanzania
2022-10-14 15:00:00,27.1,58,18.1,20.6,45.7,0.0,1012.7,649.0,92,,0.48,,3,muhimbili_tanzania
2022-10-14 16:00:00,27.0,59,18.1,20.8,42.5,0.0,1012.4,448.0,62,,0.37,,2,muhimbili_tanzania
2022-10-14 17:00:00,26.1,62,18.3,19.8,41.4,0.0,1012.5,217.0,40,,0.23,,1,muhimbili_tanzania
2022-10-14 18:00:00,25.5,64,18.1,16.6,38.2,0.0,1012.9,114.0,5,,0.14,,0,muhimbili_tanzania
2022-10-14 19:00:00,24.6,69,18.5,13.7,31.0,0.0,1013.3,2.0,2,,0.07,,0,muhimbili_tanzania
2022-10-14 20:00:00,24.0,73,18.8,12.0,24.8,0.0,1013.8,0.0,1,,0.04,,0,muhimbili_tanzania
2022-10-14 21:00:00,23.8,75,19.0,13.0,23.0,0.0,1014.0,0.0,1,,0.04,,0,muhimbili_tanzania
2022-10-14 22:00:00,23.5,79,19.5,13.4,23.8,0.0,1014.4,0.0,0,,0.03,,0,muhimbili_tanzania
2022-10-14 23:00:00,23.4,80,19.8,13.3,24.1,0.0,1014.1,0.0,0,,0.03,,0,muhimbili_tanzania
2022-10-15 00:00:00,23.1,82,20.0,12.6,23.0,0.0,1013.2,0.0,4,,0.02,,0,muhimbili_tanzania
2022-10-15 01:00:00,23.0,84,20.1,12.0,22.0,0.0,1012.8,0.0,40,,0.02,,1,muhimbili_tanzania
2022-10-15 02:00:00,23.0,83,20.0,10.0,20.5,0.0,1012.6,0.0,56,,0.01,,2,muhimbili_tanzania
2022-10-15 03:00:00,23.0,82,19.8,8.9,17.6,0.0,1012.4,0.0,57,,0.01,,2,muhimbili_tanzania
2022-10-15 04:00:00,22.5,85,19.9,6.1,15.5,0.0,1012.4,0.0,35,,0.0,,1,muhimbili_tanzania
2022-10-15 05:00:00,21.9,90,20.1,5.1,10.4,0.0,1013.0,0.0,32,,0.0,,1,muhimbili_tanzania
2022-10-15 06:00:00,21.5,93,20.2,4.8,9.4,0.0,1013.7,0.0,56,,0.0,,2,muhimbili_tanzania
2022-10-15 07:00:00,23.0,84,20.2,6.1,13.0,0.0,1014.5,61.0,28,,0.04,,1,muhimbili_tanzania
2022-10-15 08:00:00,25.0,71,19.5,8.9,20.5,0.1,1015.1,277.0,17,,0.19,,51,muhimbili_tanzania
2022-10-15 09:00:00,26.6,61,18.4,10.6,25.9,0.1,1015.6,514.0,32,,0.37,,51,muhimbili_tanzania
2022-10-15 10:00:00,27.8,54,17.8,12.7,30.2,0.1,1015.4,717.0,38,,0.52,,51,muhimbili_tanzania
2022-10-15 11:00:00,28.3,53,17.8,14.0,33.5,0.2,1014.7,870.0,57,,0.63,,51,muhimbili_tanzania
2022-10-15 12:00:00,28.4,54,18.2,15.6,36.4,0.2,1014.0,879.0,38,,0.64,,51,muhimbili_tanzania
2022-10-15 13:00:00,28.6,55,18.5,18.5,40.7,0.0,1012.5,926.0,54,,0.66,,2,muhimbili_tanzania
2022-10-15 14:00:00,28.1,57,18.7,23.1,47.9,0.0,1011.4,880.0,46,,0.62,,1,muhimbili_tanzania
2022-10-15 15:00:00,27.6,57,18.4,21.3,50.4,0.0,1010.9,550.0,12,,0.44,,0,muhimbili_tanzania
2022-10-15 16:00:00,27.5,57,18.2,21.0,43.6,0.0,1010.5,584.0,19,,0.44,,0,muhimbili_tanzania
2022-10-15 17:00:00,26.4,61,18.1,20.0,42.5,0.0,1010.7,355.0,49,,0.3,,1,muhimbili_tanzania
2022-10-15 18:00:00,25.5,66,18.6,16.5,38.5,0.0,1011.3,128.0,83,,0.14,,3,muhimbili_tanzania
2022-10-15 19:00:00,24.5,74,19.6,12.6,30.6,0.0,1012.0,2.0,99,,0.05,,3,muhimbili_tanzania
2022-10-15 20:00:00,24.0,78,19.9,12.0,22.7,0.0,1012.4,0.0,100,,0.03,,3,muhimbili_tanzania
2022-10-15 21:00:00,23.7,81,20.2,12.6,22.3,0.0,1013.0,0.0,2,,0.03,,0,muhimbili_tanzania
2022-10-15 22:00:00,23.6,82,20.4,13.7,24.1,0.0,1013.9,0.0,5,,0.03,,0,muhimbili_tanzania
2022-10-15 23:00:00,23.5,83,20.5,13.2,24.5,0.0,1014.0,0.0,42,,0.02,,1,muhimbili_tanzania
2022-10-16 00:00:00,23.4,84,20.5,12.8,23.4,0.0,1013.6,0.0,19,,0.02,,0,muhimbili_tanzania
2022-10-16 01:00:00,23.2,85,20.5,12.3,22.7,0.0,1013.2,0.0,61,,0.02,,2,muhimbili_tanzania
2022-10-16 02:00:00,23.0,85,20.4,10.2,21.2,0.0,1013.0,0.0,49,,0.01,,1,muhimbili_tanzania
2022-10-16 03:00:00,23.0,83,19.9,7.4,18.0,0.0,1012.5,0.0,58,,0.01,,2,muhimbili_tanzania
2022-10-16 04:00:00,21.9,90,20.0,5.2,13.0,0.0,1012.6,0.0,60,,0.0,,2,muhimbili_tanzania
2022-10-16 05:00:00,21.6,91,20.1,3.9,7.9,0.0,1013.2,0.0,61,,0.0,,2,muhimbili_tanzania
2022-10-16 06:00:00,21.6,90,19.9,5.1,9.0,0.0,1013.8,0.0,95,,0.0,,3,muhimbili_tanzania
2022-10-16 07:00:00,23.4,80,19.7,7.2,14.4,0.0,1015.0,63.0,100,,0.05,,3,muhimbili_tanzania
2022-10-16 08:00:00,25.6,69,19.5,6.2,16.9,0.0,1015.7,263.0,100,,0.18,,3,muhimbili_tanzania
2022-10-16 09:00:00,27.4,60,18.8,10.2,24.5,0.0,1016.2,463.0,100,,0.35,,3,muhimbili_tanzania
2022-10-16 10:00:00,28.8,52,18.1,12.0,28.4,0.0,1016.1,686.0,100,,0.52,,3,muhimbili_tanzania
2022-10-16 11:00:00,29.2,51,18.0,14.2,32.8,0.0,1015.5,766.0,100,,0.59,,3,muhimbili_tanzania
2022-10-16 12:00:00,28.8,57,19.5,17.8,39.2,0.1,1015.0,883.0,100,,0.64,,51,muhimbili_tanzania
2022-10-16 13:00:00,28.3,60,19.9,18.2,41.0,0.1,1013.8,940.0,100,,0.65,,51,muhimbili_tanzania
2022-10-16 14:00:00,28.0,60,19.6,18.4,40.7,0.0,1012.9,749.0,53,,0.54,,2,muhimbili_tanzania
2022-10-16 15:00:00,28.0,61,19.9,18.4,42.1,0.0,1012.5,693.0,31,,0.5,,1,muhimbili_tanzania
2022-10-16 16:00:00,27.2,65,20.1,18.4,39.2,0.1,1012.5,529.0,56,,0.39,,51,muhimbili_tanzania
2022-10-16 17:00:00,26.5,68,20.1,17.0,37.8,0.1,1012.9,296.0,63,,0.24,,51,muhimbili_tanzania
2022-10-16 18:00:00,25.8,71,20.0,17.7,34.6,0.0,1013.3,89.0,40,,0.12,,1,muhimbili_tanzania
2022-10-16 19:00:00,24.8,78,20.5,19.2,36.4,0.0,1013.6,2.0,36,,0.07,,1,muhimbili_tanzania
2022-10-16 20:00:00,24.5,80,20.8,16.8,34.9,0.0,1013.9,0.0,54,,0.04,,2,muhimbili_tanzania
2022-10-16 21:00:00,24.3,81,20.8,16.7,29.9,0.0,1014.4,0.0,97,,0.04,,3,muhimbili_tanzania
2022-10-16 22:00:00,24.1,81,20.8,15.5,29.5,0.0,1014.8,0.0,96,,0.03,,3,muhimbili_tanzania
2022-10-16 23:00:00,24.2,81,20.7,15.3,27.4,0.0,1014.9,0.0,99,,0.03,,3,muhimbili_tanzania
2022-10-17 00:00:00,24.0,83,20.8,13.5,26.6,0.0,1014.7,0.0,95,,0.02,,3,muhimbili_tanzania
2022-10-17 01:00:00,23.8,84,20.9,11.5,23.8,0.0,1014.3,0.0,98,,0.02,,3,muhimbili_tanzania
2022-10-17 02:00:00,23.5,85,21.0,8.9,20.2,0.0,1014.3,0.0,97,,0.01,,3,muhimbili_tanzania
2022-10-17 03:00:00,23.5,84,20.7,8.3,15.5,0.0,1014.2,0.0,83,,0.01,,3,muhimbili_tanzania
2022-10-17 04:00:00,23.1,86,20.7,7.0,14.4,0.0,1014.6,0.0,88,,0.0,,3,muhimbili_tanzania
2022-10-17 05:00:00,22.9,87,20.7,6.3,11.9,0.0,1015.1,0.0,83,,0.0,,3,muhimbili_tanzania
2022-10-17 06:00:00,22.5,89,20.7,5.9,11.2,0.0,1015.7,0.0,73,,0.0,,2,muhimbili_tanzania
2022-10-17 07:00:00,23.9,83,20.8,7.3,14.8,0.0,1016.4,67.0,47,,0.05,,1,muhimbili_tanzania
2022-10-17 08:00:00,25.6,72,20.2,9.2,21.6,0.0,1017.0,282.0,98,,0.2,,3,muhimbili_tanzania
2022-10-17 09:00:00,27.2,64,19.8,9.2,24.1,0.1,1017.5,536.0,100,,0.38,,51,muhimbili_tanzania
2022-10-17 10:00:00,28.5,58,19.5,10.9,27.4,0.0,1017.3,738.0,94,,0.53,,3,muhimbili_tanzania
2022-10-17 11:00:00,28.9,57,19.5,13.7,32.4,0.1,1016.7,832.0,97,,0.6,,51,muhimbili_tanzania
2022-10-17 12:00:00,29.3,56,19.6,16.2,37.1,0.1,1015.8,955.0,99,,0.69,,51,muhimbili_tanzania
2022-10-17 13:00:00,29.2,56,19.6,17.6,39.2,0.2,1014.7,914.0,73,,0.66,,51,muhimbili_tanzania
2022-10-17 14:00:00,29.2,56,19.5,20.5,43.2,0.1,1013.7,908.0,35,,0.66,,51,muhimbili_tanzania
2022-10-17 15:00:00,28.1,61,19.8,20.9,44.6,0.0,1013.5,769.0,30,,0.55,,1,muhimbili_tanzania
2022-10-17 16:00:00,27.6,63,19.9,21.3,43.9,0.0,1013.3,577.0,13,,0.42,,0,muhimbili_tanzania
2022-10-17 17:00:00,26.9,64,19.5,20.6,43.2,0.0,1013.5,354.0,16,,0.29,,0,muhimbili_tanzania
2022-10-17 18:00:00,25.9,67,19.2,18.9,40.3,0.0,1014.1,115.0,22,,0.15,,1,muhimbili_tanzania
2022-10-17 19:00:00,25.2,71,19.5,17.5,35.3,0.0,1015.0,2.0,22,,0.08,,1,muhimbili_tanzania
2022-10-17 20:00:00,24.8,74,19.9,16.1,31.0,0.0,1015.5,0.0,20,,0.05,,1,muhimbili_tanzania
2022-10-17 21:00:00,24.5,76,19.9,14.5,28.8,0.0,1016.3,0.0,8,,0.04,,0,muhimbili_tanzania
2022-10-17 22:00:00,24.2,77,20.0,13.6,25.9,0.0,1016.6,0.0,8,,0.04,,0,muhimbili_tanzania
2022-10-17 23:00:00,24.1,78,20.0,13.9,24.5,0.0,1016.3,0.0,6,,0.04,,0,muhimbili_tanzania
2022-10-18 00:00:00,24.0,79,20.1,13.2,25.2,0.0,1016.0,0.0,11,,0.03,,0,muhimbili_tanzania
2022-10-18 01:00:00,23.6,81,20.2,12.0,23.4,0.0,1015.5,0.0,28,,0.02,,1,muhimbili_tanzania
2022-10-18 02:00:00,23.5,83,20.3,9.8,20.9,0.0,1015.3,0.0,21,,0.01,,1,muhimbili_tanzania
2022-10-18 03:00:00,23.5,81,20.0,8.5,16.9,0.0,1014.7,0.0,36,,0.01,,1,muhimbili_tanzania
2022-10-18 04:00:00,22.9,86,20.4,5.3,14.8,0.0,1014.9,0.0,30,,0.0,,1,muhimbili_tanzania
2022-10-18 05:00:00,22.5,88,20.5,4.4,9.0,0.0,1015.4,0.0,35,,0.0,,1,muhimbili_tanzania
2022-10-18 06:00:00,22.1,90,20.5,4.2,7.6,0.0,1016.4,0.0,54,,0.0,,2,muhimbili_tanzania
2022-10-18 07:00:00,23.9,80,20.2,5.2,11.9,0.0,1017.1,62.0,59,,0.04,,2,muhimbili_tanzania
2022-10-18 08:00:00,25.6,70,19.9,7.8,18.0,0.1,1018.0,269.0,56,,0.19,,51,muhimbili_tanzania
2022-10-18 09:00:00,27.0,64,19.5,10.8,25.6,0.1,1018.4,461.0,51,,0.34,,51,muhimbili_tanzania
2022-10-18 10:00:00,27.9,58,19.0,12.1,29.2,0.2,1018.2,667.0,38,,0.49,,51,muhimbili_tanzania
2022-10-18 11:00:00,28.5,57,19.1,14.8,34.2,0.5,1017.8,853.0,46,,0.61,,53,muhimbili_tanzania
2022-10-18 12:00:00,28.4,58,19.5,17.3,38.2,0.5,1017.1,910.0,33,,0.64,,53,muhimbili_tanzania
2022-10-18 13:00:00,28.4,59,19.5,19.1,41.4,0.3,1015.9,966.0,31,,0.67,,51,muhimbili_tanzania
2022-10-18 14:00:00,28.6,57,19.2,19.8,42.8,0.2,1014.7,891.0,33,,0.63,,51,muhimbili_tanzania
2022-10-18 15:00:00,27.3,63,19.6,18.5,44.6,0.0,1013.9,739.0,28,,0.51,,1,muhimbili_tanzania
2022-10-18 16:00:00,26.5,68,20.0,20.9,42.8,0.0,1013.5,501.0,54,,0.36,,2,muhimbili_tanzania
2022-10-18 17:00:00,26.0,68,19.6,19.8,42.1,0.0,1013.7,274.0,6,,0.23,,0,muhimbili_tanzania
2022-10-18 18:00:00,25.3,70,19.4,17.4,38.9,0.0,1014.0,116.0,15,,0.13,,0,muhimbili_tanzania
2022-10-18 19:00:00,24.7,74,19.8,14.1,32.4,0.0,1014.4,2.0,6,,0.06,,0,muhimbili_tanzania
2022-10-18 20:00:00,24.4,76,19.9,12.2,25.2,0.0,1014.9,0.0,7,,0.04,,0,muhimbili_tanzania
2022-10-18 21:00:00,24.1,77,19.9,12.1,22.0,0.0,1015.2,0.0,10,,0.03,,0,muhimbili_tanzania
2022-10-18 22:00:00,24.0,78,19.9,12.0,22.0,0.0,1015.4,0.0,2,,0.03,,0,muhimbili_tanzania
2022-10-18 23:00:00,24.0,78,19.9,12.5,21.6,0.0,1015.6,0.0,9,,0.03,,0,muhimbili_tanzania
2022-10-19 00:00:00,23.9,79,20.0,12.8,23.8,0.0,1015.1,0.0,34,,0.03,,1,muhimbili_tanzania
2022-10-19 01:00:00,23.7,80,20.0,10.4,22.3,0.0,1014.6,0.0,33,,0.02,,1,muhimbili_tanzania
2022-10-19 02:00:00,23.5,81,20.1,7.0,18.0,0.0,1014.4,0.0,37,,0.01,,1,muhimbili_tanzania
2022-10-19 03:00:00,23.0,85,20.4,4.9,12.2,0.0,1014.3,0.0,40,,0.0,,1,muhimbili_tanzania
2022-10-19 04:00:00,22.1,91,20.5,5.2,8.3,0.0,1014.2,0.0,32,,0.0,,1,muhimbili_tanzania
2022-10-19 05:00:00,21.8,93,20.6,5.2,7.9,0.0,1014.7,0.0,35,,0.0,,1,muhimbili_tanzania
2022-10-19 06:00:00,21.8,93,20.7,4.3,7.9,0.0,1015.4,0.0,34,,0.0,,1,muhimbili_tanzania
2022-10-19 07:00:00,23.5,84,20.5,6.3,13.7,0.0,1016.2,67.0,20,,0.04,,1,muhimbili_tanzania
2022-10-19 08:00:00,25.4,72,20.0,7.9,19.1,0.0,1016.9,275.0,29,,0.19,,1,muhimbili_tanzania
2022-10-19 09:00:00,26.6,65,19.6,9.4,23.8,0.1,1017.6,498.0,27,,0.35,,51,muhimbili_tanzania
2022-10-19 10:00:00,27.6,60,19.1,11.4,28.4,0.1,1017.3,703.0,33,,0.5,,51,muhimbili_tanzania
2022-10-19 11:00:00,28.3,57,19.0,12.6,30.6,0.5,1016.9,790.0,40,,0.57,,53,muhimbili_tanzania
2022-10-19 12:00:00,27.9,62,19.9,16.7,36.7,0.6,1016.1,764.0,41,,0.55,,53,muhimbili_tanzania
2022-10-19 13:00:00,28.1,60,19.7,20.5,43.2,0.2,1014.9,821.0,32,,0.58,,51,muhimbili_tanzania
2022-10-19 14:00:00,28.1,58,19.0,23.4,47.5,0.0,1013.7,760.0,56,,0.56,,2,muhimbili_tanzania
2022-10-19 15:00:00,27.0,63,19.2,23.7,47.9,0.0,1013.2,689.0,44,,0.48,,1,muhimbili_tanzania
2022-10-19 16:00:00,27.2,63,19.5,22.9,47.9,0.0,1013.1,584.0,44,,0.42,,1,muhimbili_tanzania
2022-10-19 17:00:00,26.2,67,19.6,22.2,45.0,0.0,1013.3,346.0,25,,0.28,,1,muhimbili_tanzania
2022-10-19 18:00:00,25.1,72,19.8,18.5,42.5,0.0,1013.7,116.0,3,,0.13,,0,muhimbili_tanzania
2022-10-19 19:00:00,24.4,77,20.1,15.3,34.6,0.0,1014.0,2.0,17,,0.06,,0,muhimbili_tanzania
2022-10-19 20:00:00,24.4,77,20.1,14.7,27.4,0.0,1014.5,0.0,96,,0.04,,3,muhimbili_tanzania
2022-10-19 21:00:00,24.4,78,20.2,13.4,26.6,0.0,1015.0,0.0,19,,0.04,,0,muhimbili_tanzania
2022-10-19 22:00:00,23.9,80,20.2,12.6,24.1,0.0,1015.4,0.0,82,,0.03,,3,muhimbili_tanzania
2022-10-19 23:00:00,23.7,82,20.4,12.3,22.3,0.0,1015.3,0.0,78,,0.02,,2,muhimbili_tanzania
2022-10-20 00:00:00,23.5,84,20.5,12.0,22.0,0.0,1015.2,0.0,97,,0.02,,3,muhimbili_tanzania
2022-10-20 01:00:00,23.3,85,20.5,10.7,20.9,0.0,1014.6,0.0,95,,0.01,,3,muhimbili_tanzania
2022-10-20 02:00:00,22.9,87,20.5,6.4,18.4,0.0,1014.1,0.0,93,,0.0,,3,muhimbili_tanzania
2022-10-20 03:00:00,22.4,90,20.6,5.2,11.2,0.0,1013.4,0.0,79,,0.0,,2,muhimbili_tanzania
2022-10-20 04:00:00,21.6,93,20.4,5.2,9.0,0.0,1013.5,0.0,39,,0.0,,1,muhimbili_tanzania
2022-10-20 05:00:00,21.9,91,20.5,5.5,9.7,0.0,1013.9,0.0,83,,0.0,,3,muhimbili_tanzania
2022-10-20 06:00:00,22.1,91,20.6,5.2,9.7,0.0,1014.8,0.0,86,,0.0,,3,muhimbili_tanzania
2022-10-20 07:00:00,23.6,84,20.9,7.1,14.4,0.1,1015.4,63.0,74,,0.05,,51,muhimbili_tanzania
2022-10-20 08:00:00,25.4,73,20.2,11.3,23.8,0.3,1016.3,251.0,68,,0.19,,51,muhimbili_tanzania
2022-10-20 09:00:00,27.0,64,19.5,12.3,28.4,0.1,1016.8,528.0,86,,0.38,,51,muhimbili_tanzania
2022-10-20 10:00:00,28.1,57,18.9,14.4,32.8,0.1,1016.7,715.0,72,,0.52,,51,muhimbili_tanzania
2022-10-20 11:00:00,28.5,57,19.1,15.8,36.0,0.2,1016.3,848.0,61,,0.61,,51,muhimbili_tanzania
2022-10-20 12:00:00,28.5,58,19.3,16.9,37.4,0.2,1015.7,850.0,78,,0.61,,51,muhimbili_tanzania
2022-10-20 13:00:00,28.6,57,19.2,18.0,39.6,0.1,1014.6,848.0,97,,0.62,,51,muhimbili_tanzania
2022-10-20 14:00:00,28.3,58,19.2,20.5,42.5,0.0,1013.7,733.0,44,,0.54,,1,muhimbili_tanzania
2022-10-20 15:00:00,28.2,55,18.4,20.6,45.4,0.0,1012.9,710.0,98,,0.53,,3,muhimbili_tanzania
2022-10-20 16:00:00,27.8,56,18.4,20.1,43.2,0.0,1012.8,611.0,100,,0.46,,3,muhimbili_tanzania
2022-10-20 17:00:00,26.6,62,18.8,18.9,40.7,0.0,1013.0,354.0,100,,0.29,,3,muhimbili_tanzania
2022-10-20 18:00:00,25.5,67,19.0,16.1,37.1,0.0,1013.4,124.0,100,,0.14,,3,muhimbili_tanzania
2022-10-20 19:00:00,24.5,73,19.5,13.4,29.9,0.0,1013.7,2.0,100,,0.06,,3,muhimbili_tanzania
2022-10-20 20:00:00,24.0,79,20.1,11.7,23.8,0.0,1014.2,0.0,99,,0.03,,3,muhimbili_tanzania
2022-10-20 21:00:00,23.6,83,20.5,12.0,21.2,0.0,1014.7,0.0,100,,0.02,,3,muhimbili_tanzania
2022-10-20 22:00:00,23.2,85,20.6,13.0,22.7,0.0,1015.1,0.0,100,,0.02,,3,muhimbili_tanzania
2022-10-20 23:00:00,23.1,85,20.5,13.5,23.8,0.0,1015.1,0.0,100,,0.02,,3,muhimbili_tanzania
2022-10-21 00:00:00,23.0,86,20.5,12.3,23.8,0.0,1014.6,0.0,100,,0.01,,3,muhimbili_tanzania
2022-10-21 01:00:00,22.8,88,20.6,11.8,22.0,0.0,1014.2,0.0,100,,0.01,,3,muhimbili_tanzania
2022-10-21 02:00:00,22.6,87,20.4,11.5,20.5,0.0,1013.7,0.0,100,,0.01,,3,muhimbili_tanzania
2022-10-21 03:00:00,22.6,87,20.3,11.2,20.5,0.0,1013.5,0.0,100,,0.01,,3,muhimbili_tanzania
2022-10-21 04:00:00,22.2,89,20.4,8.4,19.4,0.0,1013.7,0.0,64,,0.0,,2,muhimbili_tanzania
2022-10-21 05:00:00,22.0,91,20.5,6.3,14.8,0.0,1014.5,0.0,81,,0.0,,3,muhimbili_tanzania
2022-10-21 06:00:00,21.6,93,20.5,5.1,10.8,0.0,1015.3,0.0,96,,0.0,,3,muhimbili_tanzania
2022-10-21 07:00:00,23.5,84,20.6,7.6,15.1,0.0,1016.1,73.0,96,,0.05,,3,muhimbili_tanzania
2022-10-21 08:00:00,25.5,72,20.0,11.0,23.8,0.0,1017.0,293.0,91,,0.21,,3,muhimbili_tanzania
2022-10-21 09:00:00,27.2,61,19.0,13.4,29.9,0.1,1017.6,516.0,90,,0.38,,51,muhimbili_tanzania
2022-10-21 10:00:00,28.8,53,18.1,15.1,33.5,0.0,1017.3,727.0,99,,0.55,,3,muhimbili_tanzania
2022-10-21 11:00:00,29.4,50,17.9,17.5,38.5,0.0,1016.6,838.0,100,,0.63,,3,muhimbili_tanzania
2022-10-21 12:00:00,29.8,49,17.9,18.8,41.0,0.0,1015.9,952.0,100,,0.71,,3,muhimbili_tanzania
2022-10-21 13:00:00,30.0,48,17.8,21.6,45.7,0.0,1014.9,1037.0,100,,0.77,,3,muhimbili_tanzania
2022-10-21 14:00:00,29.6,50,18.0,23.1,47.9,0.0,1013.9,966.0,100,,0.71,,3,muhimbili_tanzania
2022-10-21 15:00:00,28.1,58,19.2,22.4,47.9,0.0,1013.2,781.0,93,,0.56,,3,muhimbili_tanzania
2022-10-21 16:00:00,28.1,55,18.4,23.3,46.4,0.0,1012.8,585.0,96,,0.46,,3,muhimbili_tanzania
2022-10-21 17:00:00,26.9,63,19.2,22.0,46.1,0.0,1012.9,294.0,90,,0.27,,3,muhimbili_tanzania
2022-10-21 18:00:00,25.6,69,19.5,19.1,42.1,0.0,1013.4,129.0,17,,0.14,,0,muhimbili_tanzania
2022-10-21 19:00:00,24.8,74,20.0,15.8,35.3,0.0,1014.1,2.0,3,,0.06,,0,muhimbili_tanzania
2022-10-21 20:00:00,24.3,78,20.2,13.6,28.1,0.0,1015.0,0.0,9,,0.04,,0,muhimbili_tanzania
2022-10-21 21:00:00,24.0,81,20.5,11.7,23.8,0.0,1015.6,0.0,72,,0.02,,2,muhimbili_tanzania
2022-10-21 22:00:00,23.6,83,20.6,12.4,21.6,0.0,1015.9,0.0,55,,0.02,,2,muhimbili_tanzania
2022-10-21 23:00:00,23.5,84,20.6,12.8,22.3,0.0,1015.9,0.0,25,,0.02,,1,muhimbili_tanzania
2022-10-22 00:00:00,23.5,84,20.6,12.4,22.3,0.0,1015.4,0.0,7,,0.02,,0,muhimbili_tanzania
2022-10-22 01:00:00,23.4,84,20.5,11.4,21.6,0.0,1014.7,0.0,35,,0.02,,1,muhimbili_tanzania
2022-10-22 02:00:00,23.2,86,20.6,9.3,19.8,0.0,1014.4,0.0,28,,0.01,,1,muhimbili_tanzania
2022-10-22 03:00:00,23.3,85,20.6,8.7,16.6,0.0,1013.7,0.0,57,,0.01,,2,muhimbili_tanzania
2022-10-22 04:00:00,23.5,84,20.5,9.4,17.6,0.0,1013.7,0.0,88,,0.01,,3,muhimbili_tanzania
2022-10-22 05:00:00,23.5,84,20.5,7.2,16.2,0.0,1014.3,0.0,100,,0.01,,3,muhimbili_tanzania
2022-10-22 06:00:00,23.3,85,20.5,5.4,13.0,0.0,1015.0,0.0,100,,0.0,,3,muhimbili_tanzania
2022-10-22 07:00:00,24.2,80,20.5,6.4,13.3,0.0,1015.6,51.0,100,,0.05,,3,muhimbili_tanzania
2022-10-22 08:00:00,25.4,73,20.2,9.1,19.1,0.0,1016.8,150.0,100,,0.13,,3,muhimbili_tanzania
2022-10-22 09:00:00,26.1,69,19.9,12.0,25.2,0.0,1017.3,244.0,100,,0.21,,3,muhimbili_tanzania
2022-10-22 10:00:00,26.6,67,19.9,14.1,29.5,0.1,1017.1,332.0,100,,0.28,,51,muhimbili_tanzania
2022-10-22 11:00:00,26.6,67,19.9,13.8,29.9,0.1,1016.7,282.0,100,,0.25,,51,muhimbili_tanzania
2022-10-22 12:00:00,25.8,73,20.6,15.0,31.0,0.6,1016.1,278.0,100,,0.23,,53,muhimbili_tanzania
2022-10-22 13:00:00,26.2,73,21.0,10.6,30.6,0.2,1015.0,304.0,100,,0.24,,51,muhimbili_tanzania
2022-10-22 14:00:00,26.9,69,20.8,13.0,28.8,0.1,1013.9,340.0,100,,0.28,,51,muhimbili_tanzania
2022-10-22 15:00:00,26.0,71,20.4,14.7,32.8,0.7,1013.7,303.0,100,,0.25,,53,muhimbili_tanzania
2022-10-22 16:00:00,25.6,73,20.5,15.6,30.6,0.2,1013.7,141.0,100,,0.16,,51,muhimbili_tanzania
2022-10-22 17:00:00,25.0,79,21.1,14.8,30.6,0.2,1013.9,87.0,100,,0.11,,51,muhimbili_tanzania
2022-10-22 18:00:00,24.6,81,21.1,12.8,28.1,0.1,1014.6,39.0,49,,0.07,,51,muhimbili_tanzania
2022-10-22 19:00:00,24.1,84,21.4,11.8,23.0,0.0,1015.2,2.0,63,,0.03,,2,muhimbili_tanzania
2022-10-22 20:00:00,23.9,86,21.4,10.3,20.9,0.0,1015.8,0.0,17,,0.01,,0,muhimbili_tanzania
2022-10-22 21:00:00,23.7,87,21.5,10.7,19.1,0.0,1016.5,0.0,34,,0.01,,1,muhimbili_tanzania
2022-10-22 22:00:00,23.5,90,21.7,9.7,18.7,0.0,1016.7,0.0,63,,0.0,,2,muhimbili_tanzania
2022-10-22 23:00:00,23.5,90,21.7,8.8,16.9,0.2,1016.7,0.0,91,,0.0,,51,muhimbili_tanzania
2022-10-23 00:00:00,23.4,90,21.8,9.5,17.6,0.5,1016.1,0.0,81,,0.0,,53,muhimbili_tanzania
2022-10-23 01:00:00,23.4,91,21.9,6.6,16.2,0.3,1015.6,0.0,100,,0.0,,51,muhimbili_tanzania
2022-10-23 02:00:00,23.0,93,21.9,6.9,14.4,0.4,1015.0,0.0,94,,0.0,,51,muhimbili_tanzania
2022-10-23 03:00:00,23.2,90,21.5,6.7,12.6,0.1,1014.8,0.0,90,,0.0,,51,muhimbili_tanzania
2022-10-23 04:00:00,23.0,92,21.7,6.0,11.9,0.3,1014.8,0.0,87,,0.0,,51,muhimbili_tanzania
2022-10-23 05:00:00,22.9,93,21.6,5.4,10.8,0.2,1015.2,0.0,71,,0.0,,51,muhimbili_tanzania
2022-10-23 06:00:00,22.5,94,21.5,4.0,9.4,0.0,1015.9,0.0,71,,0.0,,2,muhimbili_tanzania
2022-10-23 07:00:00,23.6,90,22.0,6.6,13.7,0.0,1016.7,60.0,56,,0.04,,2,muhimbili_tanzania
2022-10-23 08:00:00,25.1,82,21.9,5.6,15.8,0.1,1017.8,212.0,61,,0.15,,51,muhimbili_tanzania
2022-10-23 09:00:00,26.8,71,21.1,11.0,26.6,0.0,1018.6,427.0,100,,0.31,,3,muhimbili_tanzania
2022-10-23 10:00:00,27.8,65,20.5,12.7,29.2,0.3,1018.7,562.0,34,,0.42,,51,muhimbili_tanzania
2022-10-23 11:00:00,28.2,63,20.6,15.5,34.2,0.1,1017.9,661.0,32,,0.49,,51,muhimbili_tanzania
2022-10-23 12:00:00,28.7,62,20.7,16.6,36.7,0.0,1017.1,824.0,29,,0.59,,1,muhimbili_tanzania
2022-10-23 13:00:00,29.2,61,20.8,18.1,40.0,0.0,1015.7,983.0,14,,0.69,,0,muhimbili_tanzania
2022-10-23 14:00:00,28.7,63,20.9,18.5,40.3,0.0,1014.6,891.0,10,,0.62,,0,muhimbili_tanzania
2022-10-23 15:00:00,27.5,67,20.9,17.9,40.0,0.0,1014.1,676.0,11,,0.47,,0,muhimbili_tanzania
2022-10-23 16:00:00,27.4,68,20.9,18.0,38.5,0.0,1013.8,553.0,14,,0.39,,0,muhimbili_tanzania
2022-10-23 17:00:00,26.5,71,20.7,18.7,37.8,0.0,1013.8,326.0,11,,0.25,,0,muhimbili_tanzania
2022-10-23 18:00:00,25.6,74,20.7,17.3,36.7,0.0,1014.0,114.0,10,,0.12,,0,muhimbili_tanzania
2022-10-23 19:00:00,25.0,78,21.0,15.3,32.0,0.0,1014.5,2.0,17,,0.05,,0,muhimbili_tanzania
2022-10-23 20:00:00,24.6,81,21.2,12.9,27.4,0.0,1015.0,0.0,16,,0.03,,0,muhimbili_tanzania
2022-10-23 21:00:00,24.5,82,21.2,11.3,22.7,0.0,1015.6,0.0,17,,0.02,,0,muhimbili_tanzania
2022-10-23 22:00:00,24.2,83,21.2,10.3,19.8,0.0,1016.1,0.0,31,,0.02,,1,muhimbili_tanzania
2022-10-23 23:00:00,24.1,84,21.2,9.3,18.4,0.0,1015.8,0.0,54,,0.01,,2,muhimbili_tanzania
2022-10-24 00:00:00,23.8,86,21.3,7.9,16.6,0.0,1015.4,0.0,51,,0.0,,2,muhimbili_tanzania
2022-10-24 01:00:00,23.4,89,21.4,7.0,14.0,0.0,1014.4,0.0,51,,0.0,,2,muhimbili_tanzania
2022-10-24 02:00:00,23.0,91,21.5,4.8,11.9,0.0,1013.9,0.0,41,,0.0,,1,muhimbili_tanzania
2022-10-24 03:00:00,22.9,91,21.3,4.5,8.3,0.1,1013.3,0.0,36,,0.0,,51,muhimbili_tanzania
2022-10-24 04:00:00,22.8,92,21.4,5.1,8.3,0.0,1013.3,0.0,36,,0.0,,1,muhimbili_tanzania
2022-10-24 05:00:00,22.9,91,21.4,3.6,6.5,0.1,1013.8,0.0,48,,0.0,,51,muhimbili_tanzania
2022-10-24 06:00:00,21.9,95,21.0,4.0,5.8,0.0,1014.4,0.0,43,,0.0,,1,muhimbili_tanzania
2022-10-24 07:00:00,23.8,86,21.4,3.9,10.1,0.0,1015.2,70.0,20,,0.04,,1,muhimbili_tanzania
2022-10-24 08:00:00,25.5,77,21.0,4.8,14.8,0.1,1016.0,275.0,37,,0.18,,51,muhimbili_tanzania
2022-10-24 09:00:00,27.0,67,20.5,6.8,19.8,0.1,1016.6,489.0,40,,0.34,,51,muhimbili_tanzania
2022-10-24 10:00:00,28.0,62,20.1,9.4,25.2,0.1,1016.5,658.0,57,,0.47,,51,muhimbili_tanzania
2022-10-24 11:00:00,28.1,64,20.6,12.9,30.2,0.0,1015.9,712.0,47,,0.51,,1,muhimbili_tanzania
2022-10-24 12:00:00,27.5,67,20.8,14.5,33.5,0.0,1015.2,694.0,31,,0.49,,1,muhimbili_tanzania
2022-10-24 13:00:00,28.0,61,19.9,14.3,33.8,0.1,1014.1,793.0,12,,0.57,,51,muhimbili_tanzania
2022-10-24 14:00:00,28.7,58,19.7,15.5,34.9,0.0,1012.9,874.0,16,,0.62,,0,muhimbili_tanzania
2022-10-24 15:00:00,28.4,59,19.8,16.6,37.1,0.0,1011.9,736.0,39,,0.53,,1,muhimbili_tanzania
2022-10-24 16:00:00,28.1,62,20.1,17.3,36.7,0.0,1011.5,567.0,14,,0.42,,0,muhimbili_tanzania
2022-10-24 17:00:00,27.0,68,20.5,17.5,36.7,0.0,1011.4,360.0,11,,0.28,,0,muhimbili_tanzania
2022-10-24 18:00:00,25.9,73,20.6,17.1,34.6,0.0,1011.8,116.0,4,,0.13,,0,muhimbili_tanzania
2022-10-24 19:00:00,25.0,79,21.1,15.9,31.7,0.0,1011.8,2.0,0,,0.05,,0,muhimbili_tanzania
2022-10-24 20:00:00,24.6,83,21.5,14.7,28.4,0.0,1012.6,0.0,1,,0.03,,0,muhimbili_tanzania
2022-10-24 21:00:00,24.4,84,21.5,13.2,25.9,0.0,1013.5,0.0,8,,0.02,,0,muhimbili_tanzania
2022-10-24 22:00:00,24.1,86,21.6,11.4,23.0,0.0,1014.0,0.0,18,,0.01,,0,muhimbili_tanzania
2022-10-24 23:00:00,24.0,87,21.6,11.0,20.2,0.0,1014.2,0.0,22,,0.01,,1,muhimbili_tanzania
2022-10-25 00:00:00,23.9,87,21.6,10.4,19.4,0.0,1013.5,0.0,39,,0.01,,1,muhimbili_tanzania
2022-10-25 01:00:00,23.9,87,21.5,9.2,18.0,0.0,1012.6,0.0,40,,0.01,,1,muhimbili_tanzania
2022-10-25 02:00:00,23.7,88,21.5,7.6,16.2,0.0,1012.4,0.0,52,,0.0,,2,muhimbili_tanzania
2022-10-25 03:00:00,24.0,86,21.5,8.4,13.7,0.0,1011.9,0.0,38,,0.01,,1,muhimbili_tanzania
2022-10-25 04:00:00,23.8,87,21.5,6.1,14.4,0.0,1012.1,0.0,42,,0.0,,1,muhimbili_tanzania
2022-10-25 05:00:00,23.4,90,21.6,4.3,10.8,0.1,1012.8,0.0,58,,0.0,,51,muhimbili_tanzania
2022-10-25 06:00:00,22.8,94,21.8,5.4,7.6,0.4,1013.4,0.0,100,,0.0,,51,muhimbili_tanzania
2022-10-25 07:00:00,24.4,87,22.0,5.4,11.9,0.3,1014.1,58.0,29,,0.04,,51,muhimbili_tanzania
2022-10-25 08:00:00,25.4,80,21.6,8.0,19.1,0.2,1015.3,233.0,34,,0.16,,51,muhimbili_tanzania
2022-10-25 09:00:00,26.6,72,21.1,8.7,22.7,0.1,1015.8,423.0,20,,0.3,,51,muhimbili_tanzania
2022-10-25 10:00:00,27.6,68,21.0,11.1,27.4,0.2,1015.8,639.0,60,,0.45,,51,muhimbili_tanzania
2022-10-25 11:00:00,28.2,65,21.1,11.5,29.5,0.4,1015.2,826.0,37,,0.58,,51,muhimbili_tanzania
2022-10-25 12:00:00,28.5,64,21.0,13.7,32.8,0.2,1014.3,861.0,41,,0.61,,51,muhimbili_tanzania
2022-10-25 13:00:00,28.0,65,20.8,15.1,34.2,0.0,1013.1,732.0,8,,0.52,,0,muhimbili_tanzania
2022-10-25 14:00:00,28.2,64,20.8,16.3,36.7,0.0,1011.7,852.0,40,,0.59,,1,muhimbili_tanzania
2022-10-25 15:00:00,27.6,67,21.0,16.9,36.7,0.0,1010.9,782.0,53,,0.53,,2,muhimbili_tanzania
2022-10-25 16:00:00,27.4,68,21.0,18.5,38.2,0.0,1010.5,571.0,23,,0.4,,1,muhimbili_tanzania
2022-10-25 17:00:00,26.4,74,21.2,18.4,38.2,0.0,1010.5,303.0,42,,0.23,,1,muhimbili_tanzania
2022-10-25 18:00:00,25.7,76,21.0,17.1,36.0,0.0,1010.6,100.0,20,,0.11,,1,muhimbili_tanzania
2022-10-25 19:00:00,25.2,79,21.2,15.6,32.0,0.0,1011.0,2.0,15,,0.05,,0,muhimbili_tanzania
2022-10-25 20:00:00,24.9,82,21.5,15.0,28.4,0.0,1011.5,0.0,67,,0.03,,2,muhimbili_tanzania
2022-10-25 21:00:00,24.8,82,21.5,14.4,27.0,0.0,1012.3,0.0,64,,0.03,,2,muhimbili_tanzania
2022-10-25 22:00:00,24.7,82,21.5,14.2,25.6,0.0,1013.1,0.0,69,,0.03,,2,muhimbili_tanzania
2022-10-25 23:00:00,24.6,83,21.6,12.8,24.5,0.0,1013.6,0.0,83,,0.02,,3,muhimbili_tanzania
2022-10-26 00:00:00,24.4,85,21.7,12.0,22.7,0.0,1013.2,0.0,82,,0.02,,3,muhimbili_tanzania
2022-10-26 01:00:00,24.1,87,21.8,10.0,21.2,0.0,1012.8,0.0,53,,0.01,,2,muhimbili_tanzania
2022-10-26 02:00:00,24.1,87,21.8,9.7,17.6,0.0,1012.5,0.0,100,,0.01,,3,muhimbili_tanzania
2022-10-26 03:00:00,23.9,89,21.9,8.7,17.3,0.0,1011.9,0.0,98,,0.0,,3,muhimbili_tanzania
2022-10-26 04:00:00,23.8,89,21.9,8.2,15.5,0.0,1012.0,0.0,95,,0.0,,3,muhimbili_tanzania
2022-10-26 05:00:00,23.4,91,21.9,6.0,14.4,0.0,1012.5,0.0,100,,0.0,,3,muhimbili_tanzania
2022-10-26 06:00:00,23.0,93,21.9,4.7,10.4,0.0,1013.2,0.0,93,,0.0,,3,muhimbili_tanzania
2022-10-26 07:00:00,24.9,82,21.7,6.5,14.0,0.0,1013.9,64.0,34,,0.05,,1,muhimbili_tanzania
2022-10-26 08:00:00,26.3,73,21.1,10.5,23.4,0.1,1014.7,271.0,92,,0.2,,51,muhimbili_tanzania
2022-10-26 09:00:00,27.4,68,20.9,12.0,27.7,0.0,1015.3,481.0,30,,0.35,,1,muhimbili_tanzania
2022-10-26 10:00:00,28.4,63,20.8,13.1,31.3,0.0,1015.3,721.0,14,,0.51,,0,muhimbili_tanzania
2022-10-26 11:00:00,28.4,63,20.6,15.1,34.6,0.0,1014.8,752.0,24,,0.54,,1,muhimbili_tanzania
2022-10-26 12:00:00,28.2,63,20.6,16.6,37.1,0.0,1014.2,774.0,57,,0.55,,2,muhimbili_tanzania
2022-10-26 13:00:00,28.8,60,20.1,17.6,38.9,0.0,1013.2,888.0,57,,0.63,,2,muhimbili_tanzania
2022-10-26 14:00:00,28.8,58,19.7,18.4,40.0,0.0,1011.8,829.0,62,,0.6,,2,muhimbili_tanzania
2022-10-26 15:00:00,28.3,62,20.4,18.7,40.3,0.0,1011.3,772.0,40,,0.55,,1,muhimbili_tanzania
2022-10-26 16:00:00,27.9,66,20.9,19.1,40.3,0.0,1011.0,605.0,14,,0.43,,0,muhimbili_tanzania
2022-10-26 17:00:00,27.0,70,21.1,18.4,39.6,0.0,1011.4,374.0,100,,0.28,,3,muhimbili_tanzania
2022-10-26 18:00:00,26.0,75,21.1,16.9,36.0,0.0,1011.9,127.0,4,,0.12,,0,muhimbili_tanzania
2022-10-26 19:00:00,25.1,80,21.4,15.3,31.0,0.0,1012.5,2.0,75,,0.05,,2,muhimbili_tanzania
2022-10-26 20:00:00,24.7,83,21.5,14.5,27.0,0.0,1013.2,0.0,12,,0.03,,0,muhimbili_tanzania
2022-10-26 21:00:00,24.5,84,21.6,14.0,25.6,0.0,1014.0,0.0,10,,0.02,,0,muhimbili_tanzania
2022-10-26 22:00:00,24.5,84,21.6,13.1,24.8,0.0,1014.4,0.0,20,,0.02,,1,muhimbili_tanzania
2022-10-26 23:00:00,24.4,84,21.5,12.7,23.0,0.0,1014.6,0.0,29,,0.02,,1,muhimbili_tanzania
2022-10-27 00:00:00,24.1,85,21.5,11.6,22.0,0.0,1014.2,0.0,35,,0.01,,1,muhimbili_tanzania
2022-10-27 01:00:00,24.0,86,21.6,9.7,20.2,0.0,1013.9,0.0,35,,0.01,,1,muhimbili_tanzania
2022-10-27 02:00:00,23.9,88,21.6,7.7,16.9,0.0,1013.5,0.0,55,,0.0,,2,muhimbili_tanzania
2022-10-27 03:00:00,23.9,88,21.7,8.2,13.7,0.0,1013.1,0.0,35,,0.0,,1,muhimbili_tanzania
2022-10-27 04:00:00,23.8,89,21.8,7.7,14.0,0.0,1013.0,0.0,79,,0.0,,2,muhimbili_tanzania
2022-10-27 05:00:00,23.5,90,21.9,6.9,13.3,0.0,1013.3,0.0,35,,0.0,,1,muhimbili_tanzania
2022-10-27 06:00:00,23.2,93,22.0,7.1,12.6,0.0,1013.8,0.0,48,,0.0,,1,muhimbili_tanzania
2022-10-27 07:00:00,24.5,85,21.8,11.2,20.9,0.2,1014.7,70.0,75,,0.06,,51,muhimbili_tanzania
2022-10-27 08:00:00,25.9,76,21.3,11.9,25.6,0.2,1015.8,259.0,55,,0.19,,51,muhimbili_tanzania
2022-10-27 09:00:00,27.0,70,21.1,11.9,28.1,0.3,1016.3,497.0,30,,0.35,,51,muhimbili_tanzania
2022-10-27 10:00:00,27.9,66,21.0,13.4,31.0,0.7,1016.3,679.0,59,,0.48,,53,muhimbili_tanzania
2022-10-27 11:00:00,28.6,63,20.9,16.0,35.6,0.6,1015.8,810.0,72,,0.58,,53,muhimbili_tanzania
2022-10-27 12:00:00,28.5,64,21.0,18.8,40.7,0.5,1014.9,837.0,59,,0.59,,53,muhimbili_tanzania
2022-10-27 13:00:00,29.3,58,20.2,18.9,41.8,0.0,1013.9,869.0,36,,0.63,,1,muhimbili_tanzania
2022-10-27 14:00:00,29.6,55,19.8,21.1,43.9,0.0,1012.7,844.0,67,,0.63,,2,muhimbili_tanzania
2022-10-27 15:00:00,28.1,59,19.4,22.1,46.1,0.0,1012.3,787.0,90,,0.56,,3,muhimbili_tanzania
2022-10-27 16:00:00,28.0,59,19.1,21.9,45.0,0.0,1012.4,489.0,97,,0.4,,3,muhimbili_tanzania
2022-10-27 17:00:00,27.4,60,19.0,20.1,43.6,0.0,1012.6,360.0,88,,0.31,,3,muhimbili_tanzania
2022-10-27 18:00:00,26.1,64,18.8,17.1,39.2,0.0,1012.8,125.0,56,,0.15,,2,muhimbili_tanzania
2022-10-27 19:00:00,25.0,71,19.5,12.6,30.2,0.0,1013.0,3.0,31,,0.05,,1,muhimbili_tanzania
2022-10-27 20:00:00,24.5,76,20.0,11.0,22.3,0.0,1013.1,0.0,17,,0.03,,0,muhimbili_tanzania
2022-10-27 21:00:00,24.0,80,20.4,10.0,19.1,0.0,1013.7,0.0,5,,0.02,,0,muhimbili_tanzania
2022-10-27 22:00:00,23.9,82,20.5,9.4,17.6,0.0,1014.2,0.0,8,,0.02,,0,muhimbili_tanzania
2022-10-27 23:00:00,23.6,83,20.5,9.1,16.2,0.0,1014.2,0.0,97,,0.01,,3,muhimbili_tanzania
2022-10-28 00:00:00,23.7,82,20.5,9.6,16.6,0.0,1013.7,0.0,100,,0.01,,3,muhimbili_tanzania
2022-10-28 01:00:00,23.5,84,20.8,8.0,16.6,0.0,1013.0,0.0,70,,0.01,,2,muhimbili_tanzania
2022-10-28 02:00:00,23.2,87,20.9,6.1,14.0,0.0,1012.6,0.0,48,,0.0,,1,muhimbili_tanzania
2022-10-28 03:00:00,23.4,85,20.7,6.4,10.4,0.0,1012.5,0.0,45,,0.0,,1,muhimbili_tanzania
2022-10-28 04:00:00,22.9,88,20.9,4.6,10.8,0.0,1012.6,0.0,36,,0.0,,1,muhimbili_tanzania
2022-10-28 05:00:00,22.3,92,21.0,4.5,7.9,0.0,1013.1,0.0,34,,0.0,,1,muhimbili_tanzania
2022-10-28 06:00:00,22.4,90,20.6,5.4,9.7,0.0,1013.8,0.0,25,,0.0,,1,muhimbili_tanzania
2022-10-28 07:00:00,24.0,81,20.5,6.4,14.0,0.0,1014.0,70.0,14,,0.05,,0,muhimbili_tanzania
2022-10-28 08:00:00,26.1,70,20.2,6.3,16.9,0.0,1014.6,294.0,17,,0.2,,0,muhimbili_tanzania
2022-10-28 09:00:00,27.5,63,19.8,7.1,20.9,0.0,1014.8,521.0,22,,0.37,,1,muhimbili_tanzania
2022-10-28 10:00:00,28.6,57,19.2,8.6,24.5,0.0,1014.7,698.0,59,,0.51,,2,muhimbili_tanzania
2022-10-28 11:00:00,29.1,56,19.4,10.9,28.4,0.0,1014.1,792.0,65,,0.59,,2,muhimbili_tanzania
2022-10-28 12:00:00,28.9,60,20.2,15.8,35.3,0.0,1013.4,855.0,52,,0.62,,2,muhimbili_tanzania
2022-10-28 13:00:00,27.4,64,20.0,18.4,39.6,0.0,1012.4,650.0,45,,0.47,,1,muhimbili_tanzania
2022-10-28 14:00:00,28.5,62,20.5,21.0,43.6,0.0,1011.2,839.0,40,,0.59,,1,muhimbili_tanzania
2022-10-28 15:00:00,28.0,62,20.0,20.2,45.4,0.0,1010.8,807.0,43,,0.56,,1,muhimbili_tanzania
2022-10-28 16:00:00,27.8,64,20.4,19.8,41.8,0.0,1010.7,602.0,60,,0.43,,2,muhimbili_tanzania
2022-10-28 17:00:00,26.8,69,20.8,19.5,40.7,0.0,1010.5,363.0,14,,0.28,,0,muhimbili_tanzania
2022-10-28 18:00:00,25.5,76,21.0,17.7,38.2,0.0,1010.9,129.0,0,,0.12,,0,muhimbili_tanzania
2022-10-28 19:00:00,24.8,82,21.5,15.6,33.1,0.0,1011.0,3.0,0,,0.04,,0,muhimbili_tanzania
2022-10-28 20:00:00,24.5,85,21.8,13.5,27.7,0.0,1011.6,0.0,6,,0.02,,0,muhimbili_tanzania
2022-10-28 21:00:00,24.2,86,21.9,13.0,24.1,0.0,1012.2,0.0,22,,0.02,,1,muhimbili_tanzania
2022-10-28 22:00:00,24.2,86,21.8,13.7,23.8,0.0,1012.7,0.0,39,,0.02,,1,muhimbili_tanzania
2022-10-28 23:00:00,24.3,85,21.7,12.9,24.1,0.0,1012.8,0.0,66,,0.02,,2,muhimbili_tanzania
2022-10-29 00:00:00,24.2,85,21.5,11.5,22.7,0.0,1012.4,0.0,100,,0.02,,3,muhimbili_tanzania
2022-10-29 01:00:00,24.0,87,21.6,10.9,20.2,0.0,1011.8,0.0,44,,0.01,,1,muhimbili_tanzania
2022-10-29 02:00:00,23.9,87,21.6,9.9,19.1,0.0,1011.6,0.0,48,,0.01,,1,muhimbili_tanzania
2022-10-29 03:00:00,24.2,83,21.2,8.1,17.3,0.0,1011.0,0.0,95,,0.01,,3,muhimbili_tanzania
2022-10-29 04:00:00,24.0,85,21.3,5.6,14.4,0.0,1011.0,0.0,100,,0.0,,3,muhimbili_tanzania
2022-10-29 05:00:00,23.3,90,21.5,4.3,10.1,0.0,1011.4,0.0,100,,0.0,,3,muhimbili_tanzania
2022-10-29 06:00:00,23.3,91,21.8,3.6,7.2,0.2,1012.1,0.0,100,,0.0,,51,muhimbili_tanzania
2022-10-29 07:00:00,24.6,84,21.8,3.6,10.4,0.1,1012.8,71.0,98,,0.04,,51,muhimbili_tanzania
2022-10-29 08:00:00,26.4,74,21.3,8.0,19.4,0.1,1013.6,294.0,100,,0.21,,51,muhimbili_tanzania
2022-10-29 09:00:00,27.6,67,20.9,9.5,23.8,0.1,1014.1,470.0,99,,0.34,,51,muhimbili_tanzania
2022-10-29 10:00:00,28.2,65,21.0,12.0,29.2,0.3,1014.1,676.0,90,,0.48,,51,muhimbili_tanzania
2022-10-29 11:00:00,27.9,68,21.5,13.4,31.7,0.3,1013.9,707.0,95,,0.5,,51,muhimbili_tanzania
2022-10-29 12:00:00,28.1,67,21.4,12.8,32.8,0.2,1013.2,842.0,100,,0.59,,51,muhimbili_tanzania
2022-10-29 13:00:00,28.5,65,21.4,13.7,32.4,0.4,1012.2,860.0,97,,0.6,,51,muhimbili_tanzania
2022-10-29 14:00:00,28.2,68,21.8,15.7,36.0,0.2,1011.3,830.0,94,,0.57,,51,muhimbili_tanzania
2022-10-29 15:00:00,28.2,67,21.5,17.4,37.4,0.0,1010.4,685.0,95,,0.49,,3,muhimbili_tanzania
2022-10-29 16:00:00,27.5,70,21.6,16.9,37.4,0.0,1010.0,521.0,95,,0.37,,3,muhimbili_tanzania
2022-10-29 17:00:00,26.8,74,21.7,16.6,35.3,0.0,1010.1,370.0,87,,0.26,,3,muhimbili_tanzania
2022-10-29 18:00:00,25.8,79,21.9,14.2,33.1,0.0,1010.1,125.0,83,,0.1,,3,muhimbili_tanzania
2022-10-29 19:00:00,25.1,83,22.1,13.1,27.4,0.0,1010.4,3.0,71,,0.03,,2,muhimbili_tanzania
2022-10-29 20:00:00,24.8,86,22.2,11.3,23.4,0.0,1010.9,0.0,93,,0.01,,3,muhimbili_tanzania
2022-10-29 21:00:00,24.5,87,22.3,10.3,20.2,0.0,1011.7,0.0,97,,0.01,,3,muhimbili_tanzania
2022-10-29 22:00:00,24.4,88,22.3,9.3,18.0,0.0,1012.2,0.0,76,,0.01,,2,muhimbili_tanzania
2022-10-29 23:00:00,24.2,89,22.3,8.5,16.6,0.0,1012.5,0.0,98,,0.0,,3,muhimbili_tanzania
2022-10-30 00:00:00,23.8,91,22.2,7.1,15.1,0.0,1012.2,0.0,100,,0.0,,3,muhimbili_tanzania
2022-10-30 01:00:00,23.6,92,22.2,5.6,12.6,0.0,1011.8,0.0,78,,0.0,,2,muhimbili_tanzania
2022-10-30 02:00:00,23.5,93,22.3,4.6,10.1,0.1,1011.6,0.0,83,,0.0,,51,muhimbili_tanzania
2022-10-30 03:00:00,23.4,92,22.1,4.3,7.9,0.1,1011.3,0.0,100,,0.0,,51,muhimbili_tanzania
2022-10-30 04:00:00,22.9,95,22.0,4.5,7.6,0.0,1011.3,0.0,94,,0.0,,3,muhimbili_tanzania
2022-10-30 05:00:00,22.5,95,21.6,6.0,8.3,0.0,1011.6,0.0,100,,0.0,,3,muhimbili_tanzania
2022-10-30 06:00:00,22.2,96,21.5,6.1,7.9,0.0,1012.2,0.0,100,,0.0,,3,muhimbili_tanzania
2022-10-30 07:00:00,24.5,88,22.3,6.0,13.0,0.0,1012.9,71.0,100,,0.05,,3,muhimbili_tanzania
2022-10-30 08:00:00,26.1,77,21.7,10.9,24.1,0.3,1013.9,281.0,100,,0.2,,51,muhimbili_tanzania
2022-10-30 09:00:00,27.1,71,21.4,11.9,27.0,0.4,1014.4,453.0,100,,0.33,,51,muhimbili_tanzania
2022-10-30 10:00:00,28.2,64,20.9,12.2,29.5,0.1,1014.4,696.0,100,,0.5,,51,muhimbili_tanzania
2022-10-30 11:00:00,28.9,62,20.9,13.3,32.0,0.0,1013.8,854.0,100,,0.61,,3,muhimbili_tanzania
2022-10-30 12:00:00,28.9,62,20.9,15.2,35.6,0.0,1013.2,910.0,100,,0.64,,3,muhimbili_tanzania
2022-10-30 13:00:00,29.0,61,20.7,16.3,37.1,0.0,1012.3,977.0,100,,0.68,,3,muhimbili_tanzania
2022-10-30 14:00:00,28.9,61,20.6,16.6,37.4,0.0,1011.2,860.0,96,,0.61,,3,muhimbili_tanzania
2022-10-30 15:00:00,28.5,62,20.5,17.8,37.4,0.0,1010.8,727.0,99,,0.52,,3,muhimbili_tanzania
2022-10-30 16:00:00,27.9,66,20.9,18.4,38.9,0.0,1010.5,602.0,100,,0.43,,3,muhimbili_tanzania
2022-10-30 17:00:00,26.9,70,21.0,17.0,38.2,0.0,1010.5,341.0,100,,0.26,,3,muhimbili_tanzania
2022-10-30 18:00:00,25.8,76,21.2,15.9,34.2,0.0,1010.6,113.0,100,,0.11,,3,muhimbili_tanzania
2022-10-30 19:00:00,25.0,82,21.6,13.9,30.2,0.0,1011.1,3.0,100,,0.03,,3,muhimbili_tanzania
2022-10-30 20:00:00,24.7,84,21.8,13.1,24.8,0.0,1011.6,0.0,100,,0.02,,3,muhimbili_tanzania
2022-10-30 21:00:00,24.6,85,21.9,11.5,23.4,0.0,1012.2,0.0,100,,0.02,,3,muhimbili_tanzania
2022-10-30 22:00:00,24.7,84,21.9,12.3,21.6,0.0,1012.7,0.0,100,,0.02,,3,muhimbili_tanzania
2022-10-30 23:00:00,24.5,85,22.0,11.3,21.6,0.0,1012.8,0.0,100,,0.01,,3,muhimbili_tanzania
2022-10-31 00:00:00,24.3,87,22.0,10.9,20.2,0.0,1012.3,0.0,99,,0.01,,3,muhimbili_tanzania
2022-10-31 01:00:00,24.2,88,22.0,10.8,19.4,0.0,1012.0,0.0,90,,0.01,,3,muhimbili_tanzania
2022-10-31 02:00:00,24.2,88,22.0,10.2,19.1,0.0,1011.8,0.0,61,,0.01,,2,muhimbili_tanzania
2022-10-31 03:00:00,24.2,88,22.1,9.5,18.0,0.0,1011.2,0.0,69,,0.01,,2,muhimbili_tanzania
2022-10-31 04:00:00,23.9,90,22.1,9.0,16.6,0.0,1011.5,0.0,59,,0.0,,2,muhimbili_tanzania
2022-10-31 05:00:00,23.8,90,22.0,8.3,15.5,0.1,1012.0,0.0,91,,0.0,,51,muhimbili_tanzania
2022-10-31 06:00:00,23.5,89,21.7,6.5,14.4,0.0,1012.6,0.0,97,,0.02,,3,muhimbili_tanzania
2022-10-31 07:00:00,24.8,82,21.5,9.0,17.3,0.1,1013.3,78.0,93,,0.06,,51,muhimbili_tanzania
2022-10-31 08:00:00,26.0,75,21.2,10.1,23.0,0.1,1013.9,260.0,85,,0.19,,51,muhimbili_tanzania
2022-10-31 09:00:00,27.2,69,21.1,12.6,28.4,0.2,1014.3,501.0,81,,0.36,,51,muhimbili_tanzania
2022-10-31 10:00:00,28.0,67,21.4,15.1,33.8,0.3,1014.4,666.0,94,,0.47,,51,muhimbili_tanzania
2022-10-31 11:00:00,28.2,68,21.6,16.8,37.4,0.3,1013.9,779.0,100,,0.54,,51,muhimbili_tanzania
2022-10-31 12:00:00,28.6,66,21.5,18.2,40.0,0.4,1013.4,944.0,100,,0.65,,51,muhimbili_tanzania
2022-10-31 13:00:00,28.5,66,21.5,18.8,40.7,0.3,1012.8,839.0,100,,0.58,,51,muhimbili_tanzania
2022-10-31 14:00:00,28.6,65,21.4,19.5,41.8,0.1,1011.7,845.0,100,,0.59,,51,muhimbili_tanzania
2022-10-31 15:00:00,28.0,67,21.3,20.2,42.8,0.0,1011.3,669.0,99,,0.47,,3,muhimbili_tanzania
2022-10-31 16:00:00,27.9,66,20.9,19.4,42.1,0.0,1011.2,516.0,21,,0.39,,1,muhimbili_tanzania
2022-10-31 17:00:00,27.0,69,20.8,18.5,39.6,0.0,1011.4,233.0,24,,0.22,,1,muhimbili_tanzania
2022-10-31 18:00:00,26.5,70,20.5,17.0,35.6,0.0,1011.9,92.0,8,,0.13,,0,muhimbili_tanzania
2022-10-31 19:00:00,26.0,73,20.8,15.0,32.0,0.0,1012.3,2.0,13,,0.07,,0,muhimbili_tanzania
2022-10-31 20:00:00,25.5,76,21.0,14.8,27.0,0.0,1013.1,0.0,11,,0.05,,0,muhimbili_tanzania
2022-10-31 21:00:00,25.4,77,21.1,14.8,26.6,0.0,1013.7,0.0,31,,0.04,,1,muhimbili_tanzania
2022-10-31 22:00:00,25.1,79,21.2,14.6,26.3,0.0,1014.1,0.0,25,,0.04,,1,muhimbili_tanzania
2022-10-31 23:00:00,24.9,80,21.2,13.2,25.6,0.0,1014.1,0.0,35,,0.03,,1,muhimbili_tanzania
2022-11-01 00:00:00,24.7,82,21.4,11.2,23.4,0.0,1013.7,0.0,22,,0.02,,1,muhimbili_tanzania
2022-11-01 01:00:00,24.5,83,21.3,8.8,19.4,0.0,1013.4,0.0,24,,0.01,,1,muhimbili_tanzania
2022-11-01 02:00:00,24.2,83,21.2,7.3,15.5,0.0,1013.2,0.0,27,,0.01,,1,muhimbili_tanzania
2022-11-01 03:00:00,24.3,80,20.6,9.4,13.0,0.0,1012.8,0.0,25,,0.02,,1,muhimbili_tanzania
2022-11-01 04:00:00,24.1,81,20.6,8.0,16.2,0.0,1013.1,0.0,25,,0.01,,1,muhimbili_tanzania
2022-11-01 05:00:00,23.8,82,20.5,6.9,13.7,0.0,1013.5,0.0,45,,0.01,,1,muhimbili_tanzania
2022-11-01 06:00:00,22.6,88,20.6,7.5,11.9,0.0,1014.3,0.0,38,,0.02,,1,muhimbili_tanzania
2022-11-01 07:00:00,25.2,77,21.0,7.1,14.0,0.0,1014.9,76.0,31,,0.06,,1,muhimbili_tanzania
2022-11-01 08:00:00,26.9,66,20.0,11.5,24.8,0.0,1015.7,280.0,47,,0.22,,1,muhimbili_tanzania
2022-11-01 09:00:00,28.1,61,19.8,12.8,28.8,0.0,1016.3,507.0,49,,0.38,,1,muhimbili_tanzania
2022-11-01 10:00:00,28.9,57,19.5,13.0,30.6,0.0,1016.2,643.0,53,,0.49,,2,muhimbili_tanzania
2022-11-01 11:00:00,29.5,55,19.5,14.6,33.8,0.0,1015.5,778.0,46,,0.59,,1,muhimbili_tanzania
2022-11-01 12:00:00,29.8,53,19.3,16.5,37.4,0.0,1014.7,893.0,2,,0.67,,0,muhimbili_tanzania
2022-11-01 13:00:00,30.0,51,18.9,18.2,40.0,0.0,1013.7,925.0,3,,0.69,,0,muhimbili_tanzania
2022-11-01 14:00:00,29.5,53,19.0,20.1,42.8,0.0,1012.6,876.0,0,,0.65,,0,muhimbili_tanzania
2022-11-01 15:00:00,28.5,58,19.4,21.3,45.0,0.0,1012.4,801.0,1,,0.58,,0,muhimbili_tanzania
2022-11-01 16:00:00,28.3,58,19.2,22.7,45.7,0.0,1012.1,619.0,56,,0.47,,2,muhimbili_tanzania
2022-11-01 17:00:00,27.5,60,19.0,21.0,45.7,0.0,1012.1,374.0,17,,0.32,,0,muhimbili_tanzania
2022-11-01 18:00:00,26.2,65,19.1,19.1,41.0,0.0,1012.7,130.0,0,,0.16,,0,muhimbili_tanzania
2022-11-01 19:00:00,25.4,71,19.9,15.6,34.9,0.0,1013.3,3.0,35,,0.07,,1,muhimbili_tanzania
2022-11-01 20:00:00,25.0,74,20.1,14.0,27.7,0.0,1013.5,0.0,89,,0.05,,3,muhimbili_tanzania
2022-11-01 21:00:00,24.8,76,20.2,13.5,24.8,0.0,1014.1,0.0,100,,0.04,,3,muhimbili_tanzania
2022-11-01 22:00:00,24.8,76,20.2,13.7,24.1,0.0,1014.6,0.0,100,,0.04,,3,muhimbili_tanzania
2022-11-01 23:00:00,24.7,77,20.3,12.4,23.8,0.0,1014.8,0.0,100,,0.04,,3,muhimbili_tanzania
2022-11-02 00:00:00,24.5,77,20.3,10.9,21.6,0.0,1014.5,0.0,100,,0.03,,3,muhimbili_tanzania
2022-11-02 01:00:00,24.0,80,20.3,8.9,18.7,0.0,1014.1,0.0,92,,0.02,,3,muhimbili_tanzania
2022-11-02 02:00:00,23.5,83,20.5,6.6,15.1,0.0,1014.0,0.0,95,,0.0,,3,muhimbili_tanzania
2022-11-02 03:00:00,23.6,84,20.6,5.3,11.5,0.0,1013.6,0.0,95,,0.0,,3,muhimbili_tanzania
2022-11-02 04:00:00,23.1,86,20.6,4.9,9.0,0.0,1013.8,0.0,30,,0.0,,1,muhimbili_tanzania
2022-11-02 05:00:00,22.6,88,20.5,5.1,8.3,0.0,1014.0,0.0,21,,0.0,,1,muhimbili_tanzania
2022-11-02 06:00:00,22.9,86,20.4,4.7,8.3,0.0,1014.6,0.0,22,,0.02,,1,muhimbili_tanzania
2022-11-02 07:00:00,25.0,76,20.5,6.5,13.3,0.0,1015.1,76.0,17,,0.06,,0,muhimbili_tanzania
2022-11-02 08:00:00,27.0,64,19.8,10.5,23.0,0.0,1016.1,285.0,8,,0.22,,0,muhimbili_tanzania
2022-11-02 09:00:00,28.5,57,19.2,10.5,25.6,0.0,1016.4,535.0,21,,0.4,,1,muhimbili_tanzania
2022-11-02 10:00:00,29.6,52,18.8,10.8,27.4,0.0,1016.2,722.0,20,,0.54,,1,muhimbili_tanzania
2022-11-02 11:00:00,30.2,51,19.0,13.3,31.7,0.0,1015.4,904.0,3,,0.68,,0,muhimbili_tanzania
2022-11-02 12:00:00,30.0,53,19.4,17.6,39.2,0.0,1014.6,992.0,5,,0.72,,0,muhimbili_tanzania
2022-11-02 13:00:00,29.5,53,18.9,19.3,42.1,0.0,1013.6,934.0,8,,0.69,,0,muhimbili_tanzania
2022-11-02 14:00:00,29.5,54,19.1,19.6,42.1,0.0,1012.5,865.0,10,,0.64,,0,muhimbili_tanzania
2022-11-02 15:00:00,28.6,56,19.0,22.1,45.4,0.0,1011.8,768.0,45,,0.57,,1,muhimbili_tanzania
2022-11-02 16:00:00,27.7,61,19.5,21.8,45.4,0.0,1011.5,585.0,93,,0.43,,3,muhimbili_tanzania
2022-11-02 17:00:00,27.1,64,19.7,19.1,43.9,0.0,1011.5,373.0,77,,0.3,,2,muhimbili_tanzania
2022-11-02 18:00:00,26.2,69,20.0,17.7,37.8,0.0,1011.8,133.0,92,,0.14,,3,muhimbili_tanzania
2022-11-02 19:00:00,25.4,76,20.9,15.7,32.4,0.0,1012.0,3.0,62,,0.06,,2,muhimbili_tanzania
2022-11-02 20:00:00,25.1,77,20.9,12.9,28.1,0.0,1012.6,0.0,81,,0.04,,3,muhimbili_tanzania
2022-11-02 21:00:00,25.0,78,21.0,11.8,23.0,0.0,1012.9,0.0,100,,0.03,,3,muhimbili_tanzania
2022-11-02 22:00:00,24.9,79,21.0,11.8,21.2,0.0,1013.6,0.0,100,,0.03,,3,muhimbili_tanzania
2022-11-02 23:00:00,24.9,80,21.1,10.8,20.5,0.0,1013.6,0.0,100,,0.02,,3,muhimbili_tanzania
2022-11-03 00:00:00,24.6,81,21.2,11.6,20.5,0.0,1013.2,0.0,100,,0.02,,3,muhimbili_tanzania
2022-11-03 01:00:00,24.4,83,21.2,10.6,20.5,0.0,1012.8,0.0,95,,0.02,,3,muhimbili_tanzania
2022-11-03 02:00:00,24.2,84,21.4,8.0,18.7,0.0,1012.6,0.0,78,,0.01,,2,muhimbili_tanzania
2022-11-03 03:00:00,23.9,85,21.2,6.4,14.0,0.0,1012.5,0.0,92,,0.0,,3,muhimbili_tanzania
2022-11-03 04:00:00,23.2,90,21.4,4.7,10.8,0.0,1012.6,0.0,20,,0.0,,1,muhimbili_tanzania
2022-11-03 05:00:00,23.0,92,21.5,4.8,7.9,0.0,1012.9,0.0,21,,0.0,,1,muhimbili_tanzania
2022-11-03 06:00:00,22.5,94,21.5,5.7,8.3,0.0,1013.6,0.0,27,,0.01,,1,muhimbili_tanzania
2022-11-03 07:00:00,24.8,82,21.5,6.0,13.3,0.1,1014.2,77.0,37,,0.05,,51,muhimbili_tanzania
2022-11-03 08:00:00,26.4,72,20.9,9.8,22.7,0.2,1015.0,288.0,63,,0.21,,51,muhimbili_tanzania
2022-11-03 09:00:00,27.7,65,20.4,10.9,26.6,0.1,1015.1,528.0,79,,0.38,,51,muhimbili_tanzania
2022-11-03 10:00:00,28.6,60,20.1,12.6,30.6,0.1,1014.9,710.0,22,,0.52,,51,muhimbili_tanzania
2022-11-03 11:00:00,28.9,60,20.3,14.1,33.5,0.2,1014.2,854.0,30,,0.61,,51,muhimbili_tanzania
2022-11-03 12:00:00,28.7,61,20.5,14.8,35.3,0.2,1013.4,889.0,33,,0.63,,51,muhimbili_tanzania
2022-11-03 13:00:00,28.9,60,20.4,15.8,36.4,0.2,1012.2,932.0,35,,0.66,,51,muhimbili_tanzania
2022-11-03 14:00:00,28.6,60,20.0,17.4,38.2,0.1,1011.2,817.0,37,,0.59,,51,muhimbili_tanzania
2022-11-03 15:00:00,28.0,64,20.5,17.9,41.0,0.0,1010.8,709.0,7,,0.5,,0,muhimbili_tanzania
2022-11-03 16:00:00,27.5,65,20.5,19.4,40.0,0.0,1010.4,563.0,45,,0.41,,1,muhimbili_tanzania
2022-11-03 17:00:00,26.8,68,20.5,19.1,40.0,0.0,1010.5,360.0,8,,0.28,,0,muhimbili_tanzania
2022-11-03 18:00:00,25.9,73,20.6,15.9,37.8,0.0,1010.9,121.0,3,,0.12,,0,muhimbili_tanzania
2022-11-03 19:00:00,25.0,79,21.1,12.8,30.2,0.0,1011.6,3.0,0,,0.04,,0,muhimbili_tanzania
2022-11-03 20:00:00,24.8,81,21.2,10.2,22.7,0.0,1011.9,0.0,17,,0.02,,0,muhimbili_tanzania
2022-11-03 21:00:00,24.5,82,21.4,9.4,18.4,0.0,1012.5,0.0,12,,0.01,,0,muhimbili_tanzania
2022-11-03 22:00:00,24.5,82,21.2,9.0,16.6,0.0,1013.0,0.0,11,,0.01,,0,muhimbili_tanzania
2022-11-03 23:00:00,24.5,82,21.2,8.3,15.8,0.0,1012.8,0.0,14,,0.01,,0,muhimbili_tanzania
2022-11-04 00:00:00,24.2,84,21.2,7.2,14.4,0.0,1012.4,0.0,42,,0.01,,1,muhimbili_tanzania
2022-11-04 01:00:00,23.9,86,21.3,6.5,13.0,0.0,1011.8,0.0,61,,0.0,,2,muhimbili_tanzania
2022-11-04 02:00:00,23.5,88,21.4,5.4,11.2,0.0,1011.7,0.0,95,,0.0,,3,muhimbili_tanzania
2022-11-04 03:00:00,23.2,89,21.3,6.5,9.0,0.0,1011.6,0.0,19,,0.0,,0,muhimbili_tanzania
2022-11-04 04:00:00,23.2,89,21.2,7.0,9.7,0.0,1011.7,0.0,24,,0.0,,1,muhimbili_tanzania
2022-11-04 05:00:00,23.6,86,21.2,6.5,8.6,0.0,1012.2,0.0,70,,0.0,,2,muhimbili_tanzania
2022-11-04 06:00:00,23.7,85,21.1,6.0,7.9,0.0,1012.8,0.0,82,,0.03,,3,muhimbili_tanzania
2022-11-04 07:00:00,25.5,77,21.1,4.5,10.4,0.0,1013.6,82.0,69,,0.05,,2,muhimbili_tanzania
2022-11-04 08:00:00,27.0,68,20.6,8.4,20.5,0.0,1014.4,288.0,79,,0.21,,2,muhimbili_tanzania
2022-11-04 09:00:00,28.1,63,20.5,9.8,25.2,0.0,1014.8,539.0,16,,0.39,,0,muhimbili_tanzania
2022-11-04 10:00:00,28.9,59,20.2,11.7,28.8,0.0,1014.6,740.0,48,,0.54,,1,muhimbili_tanzania
2022-11-04 11:00:00,29.4,58,20.2,13.6,32.8,0.0,1014.2,879.0,42,,0.64,,1,muhimbili_tanzania
2022-11-04 12:00:00,29.2,59,20.5,15.3,36.0,0.0,1013.6,933.0,98,,0.67,,3,muhimbili_tanzania
2022-11-04 13:00:00,29.0,61,20.9,16.3,37.4,0.0,1012.5,965.0,72,,0.68,,2,muhimbili_tanzania
2022-11-04 14:00:00,29.0,62,20.9,17.6,38.9,0.0,1011.5,933.0,75,,0.65,,2,muhimbili_tanzania
2022-11-04 15:00:00,28.2,65,21.0,17.3,39.2,0.0,1010.8,780.0,57,,0.54,,2,muhimbili_tanzania
2022-11-04 16:00:00,27.3,69,21.1,17.1,37.8,0.0,1010.3,579.0,100,,0.4,,3,muhimbili_tanzania
2022-11-04 17:00:00,26.8,72,21.4,17.1,36.4,0.0,1010.3,376.0,100,,0.27,,3,muhimbili_tanzania
2022-11-04 18:00:00,25.8,77,21.5,15.1,34.6,0.0,1010.5,128.0,96,,0.11,,3,muhimbili_tanzania
2022-11-04 19:00:00,25.2,80,21.6,12.6,28.4,0.0,1010.7,3.0,73,,0.04,,2,muhimbili_tanzania
2022-11-04 20:00:00,25.2,80,21.6,11.2,22.3,0.0,1011.1,0.0,80,,0.03,,3,muhimbili_tanzania
2022-11-04 21:00:00,25.1,80,21.5,11.2,20.2,0.0,1011.9,0.0,97,,0.02,,3,muhimbili_tanzania
2022-11-04 22:00:00,25.2,80,21.5,10.4,19.8,0.0,1012.6,0.0,88,,0.02,,3,muhimbili_tanzania
2022-11-04 23:00:00,25.2,79,21.3,9.7,18.4,0.0,1012.9,0.0,27,,0.02,,1,muhimbili_tanzania
2022-11-05 00:00:00,25.1,79,21.1,8.6,17.3,0.0,1012.4,0.0,14,,0.02,,0,muhimbili_tanzania
2022-11-05 01:00:00,24.8,80,21.1,8.0,15.5,0.0,1012.0,0.0,29,,0.01,,1,muhimbili_tanzania
2022-11-05 02:00:00,24.4,83,21.2,5.8,14.0,0.0,1011.9,0.0,53,,0.0,,2,muhimbili_tanzania
2022-11-05 03:00:00,24.0,84,21.2,4.5,9.7,0.1,1011.5,0.0,65,,0.0,,51,muhimbili_tanzania
2022-11-05 04:00:00,23.8,87,21.5,4.9,8.6,0.1,1011.7,0.0,44,,0.0,,51,muhimbili_tanzania
2022-11-05 05:00:00,23.6,88,21.5,4.7,8.6,0.0,1012.1,0.0,9,,0.0,,0,muhimbili_tanzania
2022-11-05 06:00:00,23.4,90,21.6,4.8,8.6,0.0,1013.0,0.0,8,,0.02,,0,muhimbili_tanzania
2022-11-05 07:00:00,25.2,79,21.4,7.0,14.8,0.0,1013.8,81.0,12,,0.06,,0,muhimbili_tanzania
2022-11-05 08:00:00,26.6,71,20.8,9.3,21.6,0.2,1014.8,305.0,29,,0.22,,51,muhimbili_tanzania
2022-11-05 09:00:00,27.9,64,20.5,9.1,23.4,0.0,1015.2,508.0,16,,0.37,,0,muhimbili_tanzania
2022-11-05 10:00:00,28.9,60,20.3,11.9,29.2,0.0,1015.2,735.0,41,,0.53,,1,muhimbili_tanzania
2022-11-05 11:00:00,29.1,60,20.5,14.7,34.2,0.0,1014.7,869.0,99,,0.62,,3,muhimbili_tanzania
2022-11-05 12:00:00,29.3,60,20.8,16.5,37.8,0.0,1013.9,1002.0,100,,0.7,,3,muhimbili_tanzania
2022-11-05 13:00:00,29.0,62,21.0,17.7,39.6,0.0,1012.9,962.0,48,,0.67,,1,muhimbili_tanzania
2022-11-05 14:00:00,28.9,63,21.1,18.5,40.3,0.0,1011.8,911.0,27,,0.63,,1,muhimbili_tanzania
2022-11-05 15:00:00,28.2,66,21.3,18.4,41.0,0.0,1011.1,793.0,36,,0.54,,1,muhimbili_tanzania
2022-11-05 16:00:00,27.8,68,21.2,17.2,39.6,0.0,1010.8,610.0,33,,0.43,,1,muhimbili_tanzania
2022-11-05 17:00:00,27.0,71,21.3,15.9,36.4,0.0,1010.9,365.0,32,,0.27,,1,muhimbili_tanzania
2022-11-05 18:00:00,26.1,75,21.4,15.5,32.4,0.0,1011.5,131.0,49,,0.12,,1,muhimbili_tanzania
2022-11-05 19:00:00,25.8,77,21.5,13.4,29.2,0.0,1012.0,3.0,41,,0.05,,1,muhimbili_tanzania
2022-11-05 20:00:00,25.6,79,21.8,10.7,24.8,0.0,1012.6,0.0,98,,0.03,,3,muhimbili_tanzania
2022-11-05 21:00:00,25.5,79,21.5,10.1,19.1,0.0,1013.5,0.0,96,,0.02,,3,muhimbili_tanzania
2022-11-05 22:00:00,25.5,78,21.4,10.1,18.0,0.0,1014.2,0.0,46,,0.03,,1,muhimbili_tanzania
2022-11-05 23:00:00,25.3,79,21.3,9.8,18.0,0.0,1014.2,0.0,36,,0.02,,1,muhimbili_tanzania
2022-11-06 00:00:00,25.2,79,21.2,9.5,17.6,0.0,1013.8,0.0,40,,0.02,,1,muhimbili_tanzania
2022-11-06 01:00:00,25.0,79,21.1,8.3,16.9,0.0,1013.3,0.0,46,,0.02,,1,muhimbili_tanzania
2022-11-06 02:00:00,24.9,80,21.3,7.9,14.8,0.0,1012.8,0.0,45,,0.01,,1,muhimbili_tanzania
2022-11-06 03:00:00,25.0,79,21.1,6.2,13.7,0.0,1012.3,0.0,37,,0.01,,1,muhimbili_tanzania
2022-11-06 04:00:00,24.3,84,21.4,5.1,10.1,0.0,1012.5,0.0,38,,0.0,,1,muhimbili_tanzania
2022-11-06 05:00:00,24.0,86,21.5,5.0,9.0,0.0,1013.0,0.0,28,,0.0,,1,muhimbili_tanzania
2022-11-06 06:00:00,23.8,88,21.6,4.5,9.0,0.1,1013.9,0.0,37,,0.02,,51,muhimbili_tanzania
2022-11-06 07:00:00,25.5,79,21.5,5.9,13.0,0.1,1014.4,77.0,30,,0.06,,51,muhimbili_tanzania
2022-11-06 08:00:00,26.6,73,21.4,8.3,20.2,0.3,1015.5,296.0,43,,0.21,,51,muhimbili_tanzania
2022-11-06 09:00:00,27.8,68,21.2,10.7,25.6,0.4,1015.8,506.0,28,,0.36,,51,muhimbili_tanzania
2022-11-06 10:00:00,28.7,63,21.0,13.3,31.0,0.1,1015.7,695.0,26,,0.5,,51,muhimbili_tanzania
2022-11-06 11:00:00,29.1,63,21.3,15.4,35.3,0.2,1015.3,839.0,20,,0.6,,51,muhimbili_tanzania
2022-11-06 12:00:00,29.2,63,21.4,17.1,38.5,0.0,1014.7,948.0,6,,0.66,,0,muhimbili_tanzania
2022-11-06 13:00:00,29.1,63,21.4,19.1,41.4,0.0,1013.5,962.0,3,,0.67,,0,muhimbili_tanzania
2022-11-06 14:00:00,29.1,64,21.5,19.1,42.8,0.0,1012.4,925.0,2,,0.64,,0,muhimbili_tanzania
2022-11-06 15:00:00,28.6,66,21.7,20.1,41.8,0.0,1011.9,780.0,11,,0.54,,0,muhimbili_tanzania
2022-11-06 16:00:00,28.0,69,21.7,20.1,42.1,0.0,1011.7,571.0,8,,0.41,,0,muhimbili_tanzania
2022-11-06 17:00:00,27.5,69,21.3,19.9,40.7,0.0,1011.7,349.0,42,,0.28,,1,muhimbili_tanzania
2022-11-06 18:00:00,26.1,77,21.6,18.8,39.2,0.0,1012.1,117.0,34,,0.12,,1,muhimbili_tanzania
2022-11-06 19:00:00,25.7,79,21.9,15.9,34.9,0.0,1012.6,3.0,36,,0.05,,1,muhimbili_tanzania
2022-11-06 20:00:00,25.4,82,22.0,13.1,29.5,0.0,1013.3,0.0,18,,0.03,,0,muhimbili_tanzania
2022-11-06 21:00:00,25.0,85,22.2,12.3,24.1,0.2,1014.3,0.0,30,,0.02,,51,muhimbili_tanzania
2022-11-06 22:00:00,24.8,86,22.3,12.7,22.7,0.1,1015.0,0.0,21,,0.02,,51,muhimbili_tanzania
2022-11-06 23:00:00,24.9,86,22.3,12.0,22.3,0.1,1015.2,0.0,20,,0.02,,51,muhimbili_tanzania
2022-11-07 00:00:00,24.5,86,22.0,10.5,20.9,0.2,1014.7,0.0,58,,0.01,,51,muhimbili_tanzania
2022-11-07 01:00:00,24.5,85,21.9,8.0,18.0,0.1,1014.4,0.0,49,,0.01,,51,muhimbili_tanzania
2022-11-07 02:00:00,24.1,88,22.0,10.6,18.0,0.0,1013.9,0.0,50,,0.01,,2,muhimbili_tanzania
2022-11-07 03:00:00,24.2,86,21.8,10.0,20.5,0.0,1013.2,0.0,59,,0.01,,2,muhimbili_tanzania
2022-11-07 04:00:00,24.5,86,21.9,7.6,17.6,0.0,1013.4,0.0,36,,0.0,,1,muhimbili_tanzania
2022-11-07 05:00:00,24.3,87,22.0,4.0,13.7,0.0,1013.8,0.0,32,,0.0,,1,muhimbili_tanzania
2022-11-07 06:00:00,24.0,88,22.0,3.6,6.8,0.0,1014.3,0.0,29,,0.02,,1,muhimbili_tanzania
2022-11-07 07:00:00,25.2,81,21.9,1.9,8.6,0.0,1015.0,75.0,24,,0.04,,1,muhimbili_tanzania
2022-11-07 08:00:00,26.7,74,21.7,7.0,17.6,0.0,1016.0,252.0,32,,0.18,,1,muhimbili_tanzania
2022-11-07 09:00:00,27.6,70,21.6,9.6,25.2,0.0,1016.4,469.0,31,,0.34,,1,muhimbili_tanzania
2022-11-07 10:00:00,28.5,66,21.6,12.2,30.2,0.0,1016.2,701.0,25,,0.5,,1,muhimbili_tanzania
2022-11-07 11:00:00,28.9,65,21.6,13.9,33.1,0.1,1015.6,817.0,23,,0.58,,51,muhimbili_tanzania
2022-11-07 12:00:00,29.4,63,21.8,14.7,34.9,0.0,1014.7,946.0,15,,0.67,,0,muhimbili_tanzania
2022-11-07 13:00:00,29.5,64,21.9,16.2,37.1,0.0,1013.5,949.0,11,,0.67,,0,muhimbili_tanzania
2022-11-07 14:00:00,29.5,63,21.7,17.7,38.9,0.0,1012.3,921.0,13,,0.65,,0,muhimbili_tanzania
2022-11-07 15:00:00,28.3,66,21.4,20.0,41.0,0.0,1011.5,784.0,12,,0.54,,0,muhimbili_tanzania
2022-11-07 16:00:00,28.1,67,21.4,20.0,42.5,0.0,1011.2,594.0,33,,0.43,,1,muhimbili_tanzania
2022-11-07 17:00:00,27.2,72,21.7,19.2,40.7,0.0,1011.4,365.0,18,,0.27,,0,muhimbili_tanzania
2022-11-07 18:00:00,26.5,74,21.5,18.0,37.8,0.0,1011.8,124.0,34,,0.13,,1,muhimbili_tanzania
2022-11-07 19:00:00,26.0,78,22.0,15.9,33.5,0.0,1012.6,3.0,32,,0.05,,1,muhimbili_tanzania
2022-11-07 20:00:00,26.0,80,22.2,14.4,29.5,0.0,1013.5,0.0,14,,0.04,,0,muhimbili_tanzania
2022-11-07 21:00:00,26.0,80,22.1,13.7,25.9,0.1,1014.1,0.0,18,,0.04,,51,muhimbili_tanzania
2022-11-07 22:00:00,25.9,80,22.1,13.1,24.5,0.1,1014.8,0.0,16,,0.03,,51,muhimbili_tanzania
2022-11-07 23:00:00,25.6,81,22.1,10.7,22.7,0.1,1014.8,0.0,21,,0.02,,51,muhimbili_tanzania
2022-11-08 00:00:00,25.3,83,22.2,8.1,18.7,0.0,1014.2,0.0,24,,0.01,,1,muhimbili_tanzania
2022-11-08 01:00:00,25.0,85,22.3,5.9,14.4,0.0,1013.7,0.0,20,,0.0,,1,muhimbili_tanzania
2022-11-08 02:00:00,24.6,87,22.4,5.2,10.4,0.1,1013.3,0.0,30,,0.0,,51,muhimbili_tanzania
2022-11-08 03:00:00,24.7,87,22.4,7.6,10.1,0.1,1012.5,0.0,18,,0.0,,51,muhimbili_tanzania
2022-11-08 04:00:00,24.6,88,22.5,6.8,13.3,0.0,1012.5,0.0,35,,0.0,,1,muhimbili_tanzania
2022-11-08 05:00:00,24.6,88,22.5,6.5,12.2,0.1,1012.8,0.0,30,,0.0,,51,muhimbili_tanzania
2022-11-08 06:00:00,24.5,88,22.4,5.4,11.2,0.1,1013.5,0.0,38,,0.02,,51,muhimbili_tanzania
2022-11-08 07:00:00,25.8,82,22.4,7.3,15.5,0.0,1014.4,74.0,41,,0.06,,1,muhimbili_tanzania
2022-11-08 08:00:00,26.9,75,22.1,9.1,21.2,0.4,1015.3,267.0,38,,0.2,,51,muhimbili_tanzania
2022-11-08 09:00:00,28.0,70,22.0,11.6,26.6,0.4,1015.7,494.0,35,,0.36,,51,muhimbili_tanzania
2022-11-08 10:00:00,29.5,63,21.6,13.1,30.6,0.2,1015.5,726.0,20,,0.53,,51,muhimbili_tanzania
2022-11-08 11:00:00,30.0,61,21.6,16.2,36.4,0.1,1014.9,906.0,23,,0.65,,51,muhimbili_tanzania
2022-11-08 12:00:00,30.0,62,21.9,17.4,39.2,0.1,1014.1,949.0,21,,0.68,,51,muhimbili_tanzania
2022-11-08 13:00:00,30.0,62,22.0,18.7,40.7,0.1,1012.9,942.0,17,,0.67,,51,muhimbili_tanzania
2022-11-08 14:00:00,29.8,63,22.0,19.7,42.1,0.0,1011.7,920.0,7,,0.65,,0,muhimbili_tanzania
2022-11-08 15:00:00,29.0,66,22.0,19.9,42.5,0.0,1011.6,783.0,2,,0.55,,0,muhimbili_tanzania
2022-11-08 16:00:00,28.5,68,22.1,19.8,41.8,0.0,1011.1,555.0,29,,0.41,,1,muhimbili_tanzania
2022-11-08 17:00:00,27.7,72,22.2,19.5,40.7,0.0,1011.0,353.0,24,,0.27,,1,muhimbili_tanzania
2022-11-08 18:00:00,26.6,77,22.2,17.5,38.2,0.0,1011.2,114.0,21,,0.12,,1,muhimbili_tanzania
2022-11-08 19:00:00,26.0,81,22.5,14.8,32.8,0.0,1011.3,3.0,23,,0.05,,1,muhimbili_tanzania
2022-11-08 20:00:00,25.7,84,22.7,13.9,27.0,0.0,1012.1,0.0,36,,0.03,,1,muhimbili_tanzania
2022-11-08 21:00:00,25.5,85,22.8,12.1,24.5,0.0,1012.9,0.0,41,,0.02,,1,muhimbili_tanzania
2022-11-08 22:00:00,25.3,87,22.9,11.1,21.6,0.0,1013.6,0.0,21,,0.01,,1,muhimbili_tanzania
2022-11-08 23:00:00,25.1,88,23.0,10.8,19.4,0.1,1013.6,0.0,20,,0.01,,51,muhimbili_tanzania
2022-11-09 00:00:00,24.8,89,23.0,10.6,18.7,0.1,1012.9,0.0,46,,0.01,,51,muhimbili_tanzania
2022-11-09 01:00:00,24.6,89,22.6,9.8,18.4,0.3,1012.4,0.0,60,,0.01,,51,muhimbili_tanzania
2022-11-09 02:00:00,24.3,91,22.8,8.4,17.3,0.1,1012.0,0.0,61,,0.0,,51,muhimbili_tanzania
2022-11-09 03:00:00,24.9,87,22.6,7.0,14.4,0.2,1011.3,0.0,47,,0.0,,51,muhimbili_tanzania
2022-11-09 04:00:00,24.6,88,22.6,5.9,12.2,0.1,1011.4,0.0,31,,0.0,,51,muhimbili_tanzania
2022-11-09 05:00:00,24.5,89,22.5,7.4,13.3,0.1,1012.1,0.0,70,,0.0,,51,muhimbili_tanzania
2022-11-09 06:00:00,24.3,90,22.6,7.2,13.0,0.1,1012.7,0.0,43,,0.02,,51,muhimbili_tanzania
2022-11-09 07:00:00,25.0,86,22.4,3.6,12.6,0.1,1013.4,70.0,52,,0.04,,51,muhimbili_tanzania
2022-11-09 08:00:00,25.6,81,22.1,6.9,18.4,0.1,1014.4,209.0,50,,0.15,,51,muhimbili_tanzania
2022-11-09 09:00:00,26.4,77,22.0,9.7,25.9,0.2,1015.0,396.0,100,,0.28,,51,muhimbili_tanzania
2022-11-09 10:00:00,26.5,76,21.9,13.0,31.0,0.1,1014.9,540.0,87,,0.37,,51,muhimbili_tanzania
2022-11-09 11:00:00,27.5,70,21.6,11.2,30.6,0.0,1014.1,622.0,59,,0.44,,2,muhimbili_tanzania
2022-11-09 12:00:00,28.7,66,21.7,13.9,33.5,0.0,1013.4,916.0,26,,0.64,,1,muhimbili_tanzania
2022-11-09 13:00:00,28.9,65,21.6,13.8,34.2,0.0,1012.2,925.0,22,,0.65,,1,muhimbili_tanzania
2022-11-09 14:00:00,28.6,67,21.9,16.0,36.4,0.0,1011.2,906.0,4,,0.62,,0,muhimbili_tanzania
2022-11-09 15:00:00,27.9,71,22.1,16.6,38.2,0.0,1010.7,685.0,14,,0.47,,0,muhimbili_tanzania
2022-11-09 16:00:00,27.2,75,22.4,17.8,37.1,0.1,1010.3,453.0,40,,0.32,,51,muhimbili_tanzania
2022-11-09 17:00:00,26.9,75,22.2,16.5,37.4,0.0,1010.0,319.0,62,,0.24,,2,muhimbili_tanzania
2022-11-09 18:00:00,25.8,81,22.3,15.6,33.1,0.0,1010.1,116.0,9,,0.1,,0,muhimbili_tanzania
2022-11-09 19:00:00,25.4,83,22.2,16.3,31.3,0.0,1010.6,3.0,100,,0.04,,3,muhimbili_tanzania
2022-11-09 20:00:00,25.4,85,22.5,13.6,31.0,0.0,1011.3,0.0,30,,0.02,,1,muhimbili_tanzania
2022-11-09 21:00:00,25.2,86,22.8,12.4,24.8,0.0,1011.8,0.0,43,,0.02,,1,muhimbili_tanzania
2022-11-09 22:00:00,25.3,86,22.8,9.6,22.3,0.0,1012.4,0.0,43,,0.01,,1,muhimbili_tanzania
2022-11-09 23:00:00,25.2,88,23.0,9.6,16.9,0.1,1012.8,0.0,53,,0.01,,51,muhimbili_tanzania
2022-11-10 00:00:00,25.0,89,23.1,10.1,18.4,0.2,1012.4,0.0,23,,0.01,,51,muhimbili_tanzania
2022-11-10 01:00:00,24.5,89,22.5,8.7,18.7,0.6,1011.9,0.0,82,,0.0,,53,muhimbili_tanzania
2022-11-10 02:00:00,24.5,90,22.9,5.1,14.8,0.2,1011.7,0.0,73,,0.0,,51,muhimbili_tanzania
2022-11-10 03:00:00,24.5,90,22.7,6.7,10.8,0.1,1011.2,0.0,42,,0.0,,51,muhimbili_tanzania
2022-11-10 04:00:00,24.8,89,22.9,6.3,15.1,0.2,1011.1,0.0,100,,0.0,,51,muhimbili_tanzania
2022-11-10 05:00:00,24.5,91,22.9,6.1,11.5,0.1,1011.5,0.0,100,,0.0,,51,muhimbili_tanzania
2022-11-10 06:00:00,24.5,90,22.8,7.0,14.0,0.1,1012.3,0.0,100,,0.02,,51,muhimbili_tanzania
2022-11-10 07:00:00,24.8,86,22.4,9.4,18.7,0.1,1012.8,39.0,98,,0.05,,51,muhimbili_tanzania
2022-11-10 08:00:00,25.5,82,22.3,10.9,22.7,0.1,1013.5,175.0,91,,0.13,,51,muhimbili_tanzania
2022-11-10 09:00:00,26.1,81,22.5,12.7,29.9,0.1,1013.9,379.0,100,,0.26,,51,muhimbili_tanzania
2022-11-10 10:00:00,26.3,79,22.4,12.6,30.2,0.1,1014.0,415.0,100,,0.29,,51,muhimbili_tanzania
2022-11-10 11:00:00,27.5,72,22.0,14.8,35.3,0.0,1013.9,635.0,100,,0.44,,3,muhimbili_tanzania
2022-11-10 12:00:00,26.5,76,21.9,13.0,34.6,0.1,1013.3,496.0,96,,0.35,,51,muhimbili_tanzania
2022-11-10 13:00:00,27.9,70,22.0,16.4,36.7,0.2,1012.2,781.0,99,,0.54,,51,muhimbili_tanzania
2022-11-10 14:00:00,27.5,72,22.0,17.1,37.8,0.0,1011.1,731.0,100,,0.49,,3,muhimbili_tanzania
2022-11-10 15:00:00,27.9,70,21.9,19.4,37.8,0.0,1010.4,673.0,100,,0.47,,3,muhimbili_tanzania
2022-11-10 16:00:00,27.5,72,22.0,20.3,42.5,0.0,1010.1,574.0,87,,0.39,,3,muhimbili_tanzania
2022-11-10 17:00:00,26.4,77,22.0,20.2,41.4,0.1,1010.3,327.0,100,,0.24,,51,muhimbili_tanzania
2022-11-10 18:00:00,25.6,81,22.1,18.1,39.2,0.1,1010.8,106.0,41,,0.1,,51,muhimbili_tanzania
2022-11-10 19:00:00,24.8,85,22.2,17.3,34.9,0.2,1011.0,3.0,100,,0.04,,51,muhimbili_tanzania
2022-11-10 20:00:00,25.0,84,22.2,12.6,31.7,0.0,1012.0,0.0,100,,0.02,,3,muhimbili_tanzania
2022-11-10 21:00:00,25.2,83,22.1,10.5,22.7,0.0,1012.9,0.0,35,,0.02,,1,muhimbili_tanzania
2022-11-10 22:00:00,25.1,84,22.1,9.4,18.7,0.0,1013.5,0.0,100,,0.01,,3,muhimbili_tanzania
2022-11-10 23:00:00,25.0,85,22.2,8.0,16.6,0.0,1013.8,0.0,62,,0.01,,2,muhimbili_tanzania
2022-11-11 00:00:00,24.6,87,22.4,5.8,14.4,0.0,1013.7,0.0,29,,0.0,,1,muhimbili_tanzania
2022-11-11 01:00:00,24.3,89,22.4,4.7,10.4,0.0,1012.9,0.0,24,,0.0,,1,muhimbili_tanzania
2022-11-11 02:00:00,23.8,92,22.5,4.3,8.6,0.0,1012.4,0.0,36,,0.0,,1,muhimbili_tanzania
2022-11-11 03:00:00,24.1,92,22.8,4.1,7.2,0.0,1011.9,0.0,32,,0.0,,1,muhimbili_tanzania
2022-11-11 04:00:00,23.9,94,22.8,5.4,7.2,0.1,1011.9,0.0,98,,0.0,,51,muhimbili_tanzania
2022-11-11 05:00:00,24.0,93,22.7,4.4,6.8,0.0,1012.3,0.0,87,,0.0,,3,muhimbili_tanzania
2022-11-11 06:00:00,23.6,94,22.6,4.2,5.8,0.0,1012.9,0.0,99,,0.01,,3,muhimbili_tanzania
2022-11-11 07:00:00,25.1,88,22.9,2.7,9.0,0.1,1013.7,75.0,100,,0.04,,51,muhimbili_tanzania
2022-11-11 08:00:00,26.2,80,22.5,6.3,16.9,0.1,1014.6,256.0,89,,0.18,,51,muhimbili_tanzania
2022-11-11 09:00:00,27.5,72,22.1,10.2,25.2,0.2,1014.9,492.0,32,,0.35,,51,muhimbili_tanzania
2022-11-11 10:00:00,28.6,67,21.9,13.1,30.2,0.1,1014.8,669.0,16,,0.48,,51,muhimbili_tanzania
2022-11-11 11:00:00,29.4,63,21.8,14.7,34.6,0.1,1014.3,887.0,10,,0.63,,51,muhimbili_tanzania
2022-11-11 12:00:00,29.6,62,21.6,15.8,36.7,0.0,1013.5,988.0,67,,0.7,,2,muhimbili_tanzania
2022-11-11 13:00:00,29.5,64,21.9,16.9,38.2,0.0,1012.5,966.0,65,,0.68,,2,muhimbili_tanzania
2022-11-11 14:00:00,29.4,64,21.8,17.3,38.9,0.0,1011.3,923.0,7,,0.65,,0,muhimbili_tanzania
2022-11-11 15:00:00,28.5,68,22.0,17.6,38.9,0.0,1011.0,791.0,30,,0.54,,1,muhimbili_tanzania
2022-11-11 16:00:00,28.4,68,22.0,18.3,38.9,0.0,1010.8,572.0,3,,0.41,,0,muhimbili_tanzania
2022-11-11 17:00:00,27.6,71,21.9,18.0,38.5,0.0,1010.7,363.0,39,,0.28,,1,muhimbili_tanzania
2022-11-11 18:00:00,26.6,76,22.0,17.3,35.6,0.0,1010.9,116.0,49,,0.12,,1,muhimbili_tanzania
2022-11-11 19:00:00,26.0,81,22.5,15.0,32.8,0.0,1011.1,3.0,18,,0.05,,0,muhimbili_tanzania
2022-11-11 20:00:00,25.8,83,22.5,13.6,27.0,0.0,1012.0,0.0,30,,0.03,,1,muhimbili_tanzania
2022-11-11 21:00:00,25.5,84,22.7,12.1,24.1,0.0,1012.9,0.0,44,,0.02,,1,muhimbili_tanzania
2022-11-11 22:00:00,25.5,85,22.7,11.3,21.6,0.0,1013.5,0.0,39,,0.02,,1,muhimbili_tanzania
2022-11-11 23:00:00,25.2,86,22.8,10.5,20.2,0.0,1013.6,0.0,22,,0.01,,1,muhimbili_tanzania
2022-11-12 00:00:00,25.0,88,22.8,8.8,18.0,0.0,1013.4,0.0,25,,0.01,,1,muhimbili_tanzania
2022-11-12 01:00:00,24.6,89,22.8,6.6,15.1,0.0,1012.9,0.0,25,,0.0,,1,muhimbili_tanzania
2022-11-12 02:00:00,24.4,92,22.9,5.6,11.5,0.1,1012.8,0.0,21,,0.0,,51,muhimbili_tanzania
2022-11-12 03:00:00,24.2,90,22.5,6.5,10.1,0.1,1012.4,0.0,100,,0.0,,51,muhimbili_tanzania
2022-11-12 04:00:00,24.0,92,22.7,5.0,11.2,0.1,1012.6,0.0,48,,0.0,,51,muhimbili_tanzania
2022-11-12 05:00:00,23.9,93,22.7,4.1,9.4,0.1,1013.1,0.0,33,,0.0,,51,muhimbili_tanzania
2022-11-12 06:00:00,23.6,95,22.8,4.1,7.9,0.0,1013.7,0.0,37,,0.01,,1,muhimbili_tanzania
2022-11-12 07:00:00,25.1,86,22.5,6.4,13.3,0.1,1014.3,68.0,33,,0.05,,51,muhimbili_tanzania
2022-11-12 08:00:00,26.4,78,22.2,8.9,20.9,0.0,1014.9,273.0,25,,0.19,,1,muhimbili_tanzania
2022-11-12 09:00:00,27.7,70,21.7,10.1,24.8,0.2,1015.3,488.0,31,,0.35,,51,muhimbili_tanzania
2022-11-12 10:00:00,28.9,64,21.5,11.9,28.8,0.1,1015.1,690.0,35,,0.5,,51,muhimbili_tanzania
2022-11-12 11:00:00,29.5,64,21.9,15.0,34.9,0.1,1014.4,838.0,30,,0.6,,51,muhimbili_tanzania
2022-11-12 12:00:00,29.5,63,21.8,16.5,36.7,0.0,1013.8,808.0,21,,0.59,,1,muhimbili_tanzania
2022-11-12 13:00:00,29.3,62,21.3,17.5,38.5,0.1,1013.1,774.0,45,,0.57,,51,muhimbili_tanzania
2022-11-12 14:00:00,28.6,66,21.6,18.8,39.6,0.2,1012.1,641.0,23,,0.48,,51,muhimbili_tanzania
2022-11-12 15:00:00,28.8,65,21.5,18.1,40.3,0.0,1011.8,630.0,4,,0.47,,0,muhimbili_tanzania
2022-11-12 16:00:00,28.2,66,21.4,18.4,39.6,0.0,1011.2,587.0,6,,0.42,,0,muhimbili_tanzania
2022-11-12 17:00:00,27.4,71,21.6,17.6,38.2,0.0,1011.1,365.0,3,,0.27,,0,muhimbili_tanzania
2022-11-12 18:00:00,26.3,77,21.9,15.9,35.3,0.0,1011.3,134.0,1,,0.12,,0,muhimbili_tanzania
2022-11-12 19:00:00,25.7,82,22.3,13.2,29.9,0.0,1011.4,4.0,11,,0.04,,0,muhimbili_tanzania
2022-11-12 20:00:00,25.5,84,22.5,10.6,23.8,0.0,1012.3,0.0,11,,0.02,,0,muhimbili_tanzania
2022-11-12 21:00:00,25.3,84,22.4,9.1,19.1,0.0,1013.1,0.0,18,,0.01,,0,muhimbili_tanzania
2022-11-12 22:00:00,25.3,83,22.3,8.4,15.8,0.0,1013.5,0.0,25,,0.01,,1,muhimbili_tanzania
2022-11-12 23:00:00,25.2,84,22.3,6.9,15.1,0.0,1013.7,0.0,32,,0.01,,1,muhimbili_tanzania
2022-11-13 00:00:00,24.9,86,22.4,5.4,12.2,0.1,1013.4,0.0,39,,0.0,,51,muhimbili_tanzania
2022-11-13 01:00:00,24.4,90,22.6,4.7,10.1,0.1,1012.7,0.0,51,,0.0,,51,muhimbili_tanzania
2022-11-13 02:00:00,23.8,94,22.8,4.1,8.3,0.1,1012.5,0.0,100,,0.0,,51,muhimbili_tanzania
2022-11-13 03:00:00,23.8,93,22.6,3.6,6.8,0.1,1012.3,0.0,97,,0.0,,51,muhimbili_tanzania
2022-11-13 04:00:00,23.9,92,22.5,3.7,6.8,0.1,1012.5,0.0,22,,0.0,,51,muhimbili_tanzania
2022-11-13 05:00:00,23.5,92,22.1,4.1,5.8,0.2,1013.0,0.0,23,,0.0,,51,muhimbili_tanzania
2022-11-13 06:00:00,24.3,88,22.2,3.3,5.8,0.2,1013.5,0.0,39,,0.02,,51,muhimbili_tanzania
2022-11-13 07:00:00,24.8,87,22.4,3.6,9.7,0.1,1014.0,76.0,47,,0.04,,51,muhimbili_tanzania
2022-11-13 08:00:00,26.2,78,22.1,5.5,16.2,0.1,1014.9,298.0,25,,0.2,,51,muhimbili_tanzania
2022-11-13 09:00:00,27.9,68,21.4,8.3,22.3,0.0,1015.2,525.0,11,,0.37,,0,muhimbili_tanzania
2022-11-13 10:00:00,29.0,62,21.0,10.7,27.4,0.0,1015.0,736.0,17,,0.53,,0,muhimbili_tanzania
2022-11-13 11:00:00,29.2,62,21.1,13.9,33.1,0.0,1014.6,863.0,8,,0.62,,0,muhimbili_tanzania
2022-11-13 12:00:00,29.2,61,20.9,15.5,36.0,0.0,1013.9,947.0,3,,0.67,,0,muhimbili_tanzania
2022-11-13 13:00:00,29.4,59,20.5,16.8,37.4,0.0,1013.0,888.0,6,,0.64,,0,muhimbili_tanzania
2022-11-13 14:00:00,29.5,60,20.8,18.7,40.7,0.0,1011.9,914.0,7,,0.65,,0,muhimbili_tanzania
2022-11-13 15:00:00,28.6,63,21.0,18.8,41.8,0.0,1011.7,795.0,8,,0.56,,0,muhimbili_tanzania
2022-11-13 16:00:00,28.1,65,20.8,18.0,40.3,0.0,1011.1,608.0,4,,0.44,,0,muhimbili_tanzania
2022-11-13 17:00:00,27.4,70,21.4,17.3,37.8,0.0,1010.9,372.0,3,,0.28,,0,muhimbili_tanzania
2022-11-13 18:00:00,26.4,74,21.4,16.5,34.9,0.0,1011.3,134.0,12,,0.13,,0,muhimbili_tanzania
2022-11-13 19:00:00,25.8,78,21.7,15.2,31.3,0.0,1011.8,4.0,17,,0.05,,0,muhimbili_tanzania
2022-11-13 20:00:00,25.5,81,22.0,13.8,27.4,0.0,1012.5,0.0,14,,0.03,,0,muhimbili_tanzania
2022-11-13 21:00:00,25.4,82,22.0,13.3,24.5,0.0,1013.2,0.0,10,,0.03,,0,muhimbili_tanzania
2022-11-13 22:00:00,25.4,81,21.8,12.0,23.4,0.0,1013.7,0.0,14,,0.03,,0,muhimbili_tanzania
2022-11-13 23:00:00,25.2,81,21.8,10.6,21.2,0.0,1013.7,0.0,24,,0.02,,1,muhimbili_tanzania
2022-11-14 00:00:00,25.1,81,21.8,9.8,19.1,0.0,1013.1,0.0,37,,0.02,,1,muhimbili_tanzania
2022-11-14 01:00:00,25.1,81,21.7,9.4,17.6,0.0,1012.7,0.0,53,,0.02,,2,muhimbili_tanzania
2022-11-14 02:00:00,25.0,82,21.6,8.0,16.6,0.0,1012.6,0.0,45,,0.01,,1,muhimbili_tanzania
2022-11-14 03:00:00,25.1,81,21.7,6.8,14.4,0.0,1012.3,0.0,43,,0.01,,1,muhimbili_tanzania
2022-11-14 04:00:00,24.6,84,21.8,4.9,11.9,0.0,1012.5,0.0,48,,0.0,,1,muhimbili_tanzania
2022-11-14 05:00:00,24.2,88,22.0,4.5,8.6,0.0,1013.0,0.0,45,,0.0,,1,muhimbili_tanzania
2022-11-14 06:00:00,23.8,91,22.2,4.9,7.6,0.0,1013.5,0.0,18,,0.02,,0,muhimbili_tanzania
2022-11-14 07:00:00,25.9,80,22.0,4.6,11.9,0.0,1014.1,76.0,12,,0.05,,0,muhimbili_tanzania
2022-11-14 08:00:00,27.5,69,21.2,8.0,19.8,0.0,1014.7,291.0,12,,0.22,,0,muhimbili_tanzania
2022-11-14 09:00:00,28.6,63,21.0,9.8,24.8,0.0,1015.0,514.0,12,,0.38,,0,muhimbili_tanzania
2022-11-14 10:00:00,29.6,56,19.9,11.4,28.4,0.0,1014.8,742.0,2,,0.55,,0,muhimbili_tanzania
2022-11-14 11:00:00,30.0,55,20.0,14.2,33.8,0.0,1013.8,902.0,3,,0.66,,0,muhimbili_tanzania
2022-11-14 12:00:00,30.1,55,20.2,15.3,36.4,0.0,1013.1,1006.0,3,,0.73,,0,muhimbili_tanzania
2022-11-14 13:00:00,30.1,56,20.4,16.8,38.2,0.0,1012.2,1013.0,2,,0.73,,0,muhimbili_tanzania
2022-11-14 14:00:00,29.8,58,20.7,17.7,39.2,0.0,1011.2,890.0,6,,0.65,,0,muhimbili_tanzania
2022-11-14 15:00:00,29.1,62,21.0,17.9,40.0,0.0,1010.5,784.0,4,,0.56,,0,muhimbili_tanzania
2022-11-14 16:00:00,28.4,64,21.0,17.7,38.9,0.0,1010.2,579.0,6,,0.43,,0,muhimbili_tanzania
2022-11-14 17:00:00,27.6,68,21.2,18.7,37.4,0.0,1010.3,356.0,14,,0.28,,0,muhimbili_tanzania
2022-11-14 18:00:00,26.6,74,21.6,17.3,37.1,0.0,1010.6,130.0,2,,0.13,,0,muhimbili_tanzania
2022-11-14 19:00:00,26.0,78,22.0,14.0,32.8,0.0,1010.9,4.0,7,,0.05,,0,muhimbili_tanzania
2022-11-14 20:00:00,26.0,79,22.0,12.3,24.8,0.0,1012.0,0.0,16,,0.03,,0,muhimbili_tanzania
2022-11-14 21:00:00,25.8,80,22.0,10.4,21.6,0.0,1012.9,0.0,15,,0.02,,0,muhimbili_tanzania
2022-11-14 22:00:00,25.7,80,22.0,9.4,18.4,0.0,1013.4,0.0,14,,0.02,,0,muhimbili_tanzania
2022-11-14 23:00:00,25.5,80,21.9,8.7,16.6,0.0,1013.5,0.0,30,,0.02,,1,muhimbili_tanzania
2022-11-15 00:00:00,25.2,82,21.9,7.8,15.5,0.0,1013.2,0.0,35,,0.01,,1,muhimbili_tanzania
2022-11-15 01:00:00,24.8,85,22.0,5.8,13.3,0.0,1012.7,0.0,21,,0.0,,1,muhimbili_tanzania
2022-11-15 02:00:00,23.6,91,22.1,6.6,9.7,0.0,1012.7,0.0,16,,0.0,,0,muhimbili_tanzania
2022-11-15 03:00:00,24.0,89,22.1,6.1,8.3,0.0,1012.2,0.0,26,,0.0,,1,muhimbili_tanzania
2022-11-15 04:00:00,23.8,91,22.3,4.7,7.6,0.0,1012.3,0.0,30,,0.0,,1,muhimbili_tanzania
2022-11-15 05:00:00,23.5,93,22.4,4.1,6.8,0.0,1012.6,0.0,23,,0.0,,1,muhimbili_tanzania
2022-11-15 06:00:00,23.1,94,22.0,4.8,6.8,0.0,1013.0,0.0,0,,0.01,,0,muhimbili_tanzania
2022-11-15 07:00:00,25.9,81,22.3,3.4,9.7,0.0,1013.7,85.0,10,,0.05,,0,muhimbili_tanzania
2022-11-15 08:00:00,27.9,67,21.1,9.0,20.9,0.0,1014.3,306.0,31,,0.23,,1,muhimbili_tanzania
2022-11-15 09:00:00,28.9,62,20.8,11.4,26.6,0.0,1014.5,509.0,23,,0.39,,1,muhimbili_tanzania
2022-11-15 10:00:00,29.5,60,20.9,13.3,31.7,0.0,1014.2,728.0,10,,0.54,,0,muhimbili_tanzania
2022-11-15 11:00:00,29.9,59,20.9,14.7,34.6,0.0,1013.6,883.0,16,,0.64,,0,muhimbili_tanzania
2022-11-15 12:00:00,30.0,58,20.8,15.7,36.4,0.0,1012.7,924.0,11,,0.67,,0,muhimbili_tanzania
2022-11-15 13:00:00,29.8,58,20.6,16.3,37.4,0.0,1011.7,927.0,11,,0.67,,0,muhimbili_tanzania
2022-11-15 14:00:00,29.8,58,20.6,16.9,38.5,0.0,1010.7,942.0,5,,0.68,,0,muhimbili_tanzania
2022-11-15 15:00:00,29.5,60,20.9,16.4,38.5,0.0,1009.9,791.0,16,,0.58,,0,muhimbili_tanzania
2022-11-15 16:00:00,28.9,62,20.8,17.3,37.1,0.0,1009.6,599.0,5,,0.45,,0,muhimbili_tanzania
2022-11-15 17:00:00,27.8,67,21.0,17.0,36.7,0.0,1009.2,365.0,8,,0.29,,0,muhimbili_tanzania
2022-11-15 18:00:00,26.9,73,21.5,16.0,34.6,0.0,1009.8,137.0,6,,0.14,,0,muhimbili_tanzania
2022-11-15 19:00:00,26.4,76,21.8,14.6,30.6,0.0,1010.7,4.0,70,,0.06,,2,muhimbili_tanzania
2022-11-15 20:00:00,26.1,77,21.8,13.1,25.9,0.0,1011.6,0.0,100,,0.04,,3,muhimbili_tanzania
2022-11-15 21:00:00,26.1,77,21.8,13.0,23.4,0.0,1012.1,0.0,100,,0.04,,3,muhimbili_tanzania
2022-11-15 22:00:00,26.0,78,21.9,11.2,22.7,0.0,1012.8,0.0,88,,0.03,,3,muhimbili_tanzania
2022-11-15 23:00:00,25.7,80,22.0,9.5,19.8,0.0,1012.8,0.0,27,,0.02,,1,muhimbili_tanzania
2022-11-16 00:00:00,25.1,84,22.2,7.0,16.6,0.0,1012.5,0.0,39,,0.01,,1,muhimbili_tanzania
2022-11-16 01:00:00,24.8,87,22.4,4.0,12.2,0.0,1011.8,0.0,21,,0.0,,1,muhimbili_tanzania
2022-11-16 02:00:00,24.0,92,22.6,5.2,7.2,0.0,1011.1,0.0,11,,0.0,,0,muhimbili_tanzania
2022-11-16 03:00:00,24.9,84,22.1,4.7,7.6,0.1,1010.7,0.0,24,,0.0,,51,muhimbili_tanzania
2022-11-16 04:00:00,24.8,85,22.1,4.6,8.6,0.0,1010.7,0.0,13,,0.0,,0,muhimbili_tanzania
2022-11-16 05:00:00,24.1,89,22.2,5.5,7.9,0.0,1011.1,0.0,17,,0.0,,0,muhimbili_tanzania
2022-11-16 06:00:00,23.8,91,22.2,5.5,7.9,0.0,1011.9,0.0,24,,0.02,,1,muhimbili_tanzania
2022-11-16 07:00:00,25.8,79,21.9,5.4,12.2,0.0,1012.4,80.0,22,,0.06,,1,muhimbili_tanzania
2022-11-16 08:00:00,27.0,71,21.4,8.4,20.2,0.1,1013.0,283.0,41,,0.21,,51,muhimbili_tanzania
2022-11-16 09:00:00,28.0,67,21.4,10.4,25.6,0.2,1013.0,481.0,29,,0.35,,51,muhimbili_tanzania
2022-11-16 10:00:00,28.8,64,21.4,12.7,29.9,0.2,1012.9,654.0,35,,0.48,,51,muhimbili_tanzania
2022-11-16 11:00:00,29.4,64,21.8,14.3,33.5,0.1,1012.4,816.0,31,,0.59,,51,muhimbili_tanzania
2022-11-16 12:00:00,29.1,62,21.0,15.3,36.4,0.4,1011.7,885.0,54,,0.63,,51,muhimbili_tanzania
2022-11-16 13:00:00,29.1,65,21.9,16.3,36.0,0.2,1010.6,797.0,16,,0.57,,51,muhimbili_tanzania
2022-11-16 14:00:00,29.0,64,21.6,17.8,38.9,0.0,1009.5,764.0,11,,0.55,,0,muhimbili_tanzania
2022-11-16 15:00:00,29.0,64,21.5,16.3,40.0,0.0,1009.0,766.0,40,,0.55,,1,muhimbili_tanzania
2022-11-16 16:00:00,28.4,67,21.6,16.3,36.7,0.0,1008.8,597.0,9,,0.43,,0,muhimbili_tanzania
2022-11-16 17:00:00,27.6,70,21.6,17.8,36.0,0.0,1008.8,337.0,11,,0.27,,0,muhimbili_tanzania
2022-11-16 18:00:00,26.6,75,21.8,17.6,35.6,0.0,1009.5,115.0,24,,0.13,,1,muhimbili_tanzania
2022-11-16 19:00:00,26.2,77,22.0,16.3,33.1,0.0,1010.2,4.0,51,,0.06,,2,muhimbili_tanzania
2022-11-16 20:00:00,26.2,77,22.0,15.5,30.6,0.0,1010.9,0.0,59,,0.05,,2,muhimbili_tanzania
2022-11-16 21:00:00,26.1,78,22.1,14.4,28.4,0.0,1011.8,0.0,45,,0.04,,1,muhimbili_tanzania
2022-11-16 22:00:00,25.8,81,22.3,11.5,25.9,0.0,1012.3,0.0,36,,0.02,,1,muhimbili_tanzania
2022-11-16 23:00:00,25.4,84,22.5,8.3,20.2,0.1,1012.3,0.0,33,,0.01,,51,muhimbili_tanzania
2022-11-17 00:00:00,25.2,85,22.6,7.6,14.8,0.1,1011.8,0.0,36,,0.01,,51,muhimbili_tanzania
2022-11-17 01:00:00,24.9,87,22.6,5.4,13.3,0.1,1011.3,0.0,39,,0.0,,51,muhimbili_tanzania
2022-11-17 02:00:00,24.2,92,22.9,3.3,10.1,0.0,1010.9,0.0,36,,0.0,,1,muhimbili_tanzania
2022-11-17 03:00:00,24.5,89,22.6,3.6,6.5,0.0,1010.9,0.0,29,,0.0,,1,muhimbili_tanzania
2022-11-17 04:00:00,24.5,90,22.7,3.8,7.2,0.0,1010.9,0.0,21,,0.0,,1,muhimbili_tanzania
2022-11-17 05:00:00,24.2,91,22.6,3.7,7.2,0.1,1011.0,0.0,24,,0.0,,51,muhimbili_tanzania
2022-11-17 06:00:00,24.0,92,22.8,4.2,7.2,0.2,1011.8,0.0,29,,0.01,,51,muhimbili_tanzania
2022-11-17 07:00:00,25.4,84,22.5,7.4,15.8,0.2,1012.6,79.0,26,,0.06,,51,muhimbili_tanzania
2022-11-17 08:00:00,26.4,79,22.4,9.3,22.0,0.3,1013.2,288.0,35,,0.2,,51,muhimbili_tanzania
2022-11-17 09:00:00,27.6,72,22.0,11.8,27.0,0.5,1013.7,501.0,45,,0.35,,53,muhimbili_tanzania
2022-11-17 10:00:00,28.8,66,21.8,13.3,31.0,0.2,1013.5,733.0,20,,0.52,,51,muhimbili_tanzania
2022-11-17 11:00:00,29.4,64,21.8,15.1,34.9,0.0,1012.9,866.0,6,,0.62,,0,muhimbili_tanzania
2022-11-17 12:00:00,29.5,63,21.6,15.6,36.7,0.0,1012.1,957.0,6,,0.68,,0,muhimbili_tanzania
2022-11-17 13:00:00,29.1,66,22.0,15.3,36.4,0.0,1011.3,900.0,28,,0.63,,1,muhimbili_tanzania
2022-11-17 14:00:00,29.2,64,21.8,15.6,36.0,0.0,1010.1,793.0,26,,0.57,,1,muhimbili_tanzania
2022-11-17 15:00:00,28.8,67,22.0,15.7,38.9,0.0,1009.1,739.0,16,,0.52,,0,muhimbili_tanzania
2022-11-17 16:00:00,28.5,68,22.0,17.0,37.4,0.0,1008.6,522.0,30,,0.39,,1,muhimbili_tanzania
2022-11-17 17:00:00,27.8,71,22.0,17.2,35.6,0.0,1008.4,313.0,15,,0.25,,0,muhimbili_tanzania
2022-11-17 18:00:00,26.9,75,22.2,16.3,35.3,0.0,1009.3,127.0,30,,0.13,,1,muhimbili_tanzania
2022-11-17 19:00:00,26.5,78,22.3,14.4,30.6,0.0,1010.0,4.0,30,,0.05,,1,muhimbili_tanzania
2022-11-17 20:00:00,26.5,78,22.4,12.3,26.3,0.0,1011.1,0.0,38,,0.03,,1,muhimbili_tanzania
2022-11-17 21:00:00,26.4,79,22.4,11.6,22.0,0.0,1011.9,0.0,57,,0.03,,2,muhimbili_tanzania
2022-11-17 22:00:00,26.3,79,22.4,11.4,20.9,0.0,1012.3,0.0,99,,0.03,,3,muhimbili_tanzania
2022-11-17 23:00:00,26.0,80,22.4,10.5,20.5,0.0,1012.3,0.0,98,,0.02,,3,muhimbili_tanzania
2022-11-18 00:00:00,25.8,82,22.5,8.1,18.4,0.1,1012.0,0.0,99,,0.01,,51,muhimbili_tanzania
2022-11-18 01:00:00,25.1,86,22.6,6.4,14.8,0.1,1011.6,0.0,100,,0.0,,51,muhimbili_tanzania
2022-11-18 02:00:00,24.8,88,22.6,4.3,11.5,0.3,1011.2,0.0,100,,0.0,,51,muhimbili_tanzania
2022-11-18 03:00:00,25.2,85,22.5,4.8,7.9,0.0,1010.6,0.0,99,,0.0,,3,muhimbili_tanzania
2022-11-18 04:00:00,25.2,85,22.5,4.1,8.6,0.0,1010.6,0.0,100,,0.0,,3,muhimbili_tanzania
2022-11-18 05:00:00,25.1,86,22.5,3.4,7.6,0.0,1010.9,0.0,81,,0.0,,3,muhimbili_tanzania
2022-11-18 06:00:00,24.6,88,22.5,3.7,6.8,0.0,1011.5,0.0,99,,0.02,,3,muhimbili_tanzania
2022-11-18 07:00:00,26.0,79,22.1,5.2,12.2,0.1,1012.1,70.0,96,,0.05,,51,muhimbili_tanzania
2022-11-18 08:00:00,27.5,71,21.8,7.4,18.7,0.0,1012.7,282.0,100,,0.21,,3,muhimbili_tanzania
2022-11-18 09:00:00,28.4,67,21.6,9.2,23.8,0.1,1013.0,442.0,100,,0.33,,51,muhimbili_tanzania
2022-11-18 10:00:00,28.9,65,21.7,11.5,27.7,0.1,1012.7,534.0,100,,0.41,,51,muhimbili_tanzania
2022-11-18 11:00:00,29.5,65,22.1,11.9,29.9,0.0,1012.4,735.0,48,,0.54,,1,muhimbili_tanzania
2022-11-18 12:00:00,29.9,63,22.0,13.1,32.0,0.0,1011.6,856.0,34,,0.63,,1,muhimbili_tanzania
2022-11-18 13:00:00,29.9,62,21.9,13.0,32.8,0.0,1010.8,944.0,33,,0.68,,1,muhimbili_tanzania
2022-11-18 14:00:00,30.3,60,21.8,15.4,34.9,0.0,1009.5,837.0,65,,0.62,,2,muhimbili_tanzania
2022-11-18 15:00:00,28.2,70,22.2,16.6,37.1,0.6,1009.2,682.0,67,,0.48,,53,muhimbili_tanzania
2022-11-18 16:00:00,28.4,69,22.2,17.4,37.8,0.0,1009.0,547.0,45,,0.4,,1,muhimbili_tanzania
2022-11-18 17:00:00,27.4,74,22.4,16.9,36.7,0.0,1009.5,331.0,50,,0.25,,2,muhimbili_tanzania
2022-11-18 18:00:00,26.6,77,22.2,15.2,33.8,0.0,1010.0,106.0,45,,0.11,,1,muhimbili_tanzania
2022-11-18 19:00:00,26.1,81,22.6,13.3,29.2,0.0,1010.7,4.0,36,,0.04,,1,muhimbili_tanzania
2022-11-18 20:00:00,26.0,82,22.7,11.1,24.1,0.0,1011.5,0.0,58,,0.02,,2,muhimbili_tanzania
2022-11-18 21:00:00,26.1,81,22.5,9.6,20.2,0.0,1012.2,0.0,81,,0.02,,3,muhimbili_tanzania
2022-11-18 22:00:00,26.0,81,22.5,9.8,17.6,0.0,1012.6,0.0,32,,0.02,,1,muhimbili_tanzania
2022-11-18 23:00:00,25.7,83,22.5,10.1,18.7,0.1,1012.8,0.0,65,,0.02,,51,muhimbili_tanzania
2022-11-19 00:00:00,25.4,85,22.5,8.4,17.6,0.0,1012.4,0.0,57,,0.01,,2,muhimbili_tanzania
2022-11-19 01:00:00,25.2,86,22.7,6.4,14.8,0.1,1011.8,0.0,100,,0.0,,51,muhimbili_tanzania
2022-11-19 02:00:00,25.0,87,22.7,6.0,11.5,0.0,1011.2,0.0,99,,0.0,,3,muhimbili_tanzania
2022-11-19 03:00:00,25.1,85,22.4,3.6,10.4,0.0,1010.6,0.0,100,,0.0,,3,muhimbili_tanzania
2022-11-19 04:00:00,25.0,86,22.5,3.4,6.8,0.0,1010.7,0.0,100,,0.0,,3,muhimbili_tanzania
2022-11-19 05:00:00,24.9,87,22.5,3.7,6.1,0.0,1011.4,0.0,97,,0.0,,3,muhimbili_tanzania
2022-11-19 06:00:00,24.5,89,22.5,5.1,9.0,0.1,1011.7,0.0,99,,0.02,,51,muhimbili_tanzania
2022-11-19 07:00:00,25.1,84,22.2,5.8,13.7,0.1,1012.8,63.0,100,,0.05,,51,muhimbili_tanzania
2022-11-19 08:00:00,26.0,79,22.1,7.1,17.6,0.0,1013.4,196.0,100,,0.15,,3,muhimbili_tanzania
2022-11-19 09:00:00,27.5,72,22.0,9.3,23.4,0.0,1013.8,460.0,49,,0.33,,1,muhimbili_tanzania
2022-11-19 10:00:00,28.4,69,22.0,12.8,30.6,0.0,1013.5,687.0,100,,0.48,,3,muhimbili_tanzania
2022-11-19 11:00:00,28.6,67,22.0,13.8,32.8,0.0,1013.1,744.0,100,,0.53,,3,muhimbili_tanzania
2022-11-19 12:00:00,28.8,67,22.0,12.1,32.8,0.1,1012.3,860.0,100,,0.61,,51,muhimbili_tanzania
2022-11-19 13:00:00,28.6,68,22.1,11.9,31.0,0.0,1011.5,697.0,100,,0.51,,3,muhimbili_tanzania
2022-11-19 14:00:00,28.0,71,22.2,13.7,31.7,0.0,1010.2,599.0,100,,0.43,,3,muhimbili_tanzania
2022-11-19 15:00:00,27.2,74,22.2,14.2,31.7,0.0,1009.8,396.0,100,,0.3,,3,muhimbili_tanzania
2022-11-19 16:00:00,27.7,70,21.6,14.6,32.0,0.5,1009.6,398.0,100,,0.31,,53,muhimbili_tanzania
2022-11-19 17:00:00,26.6,76,22.0,13.3,30.6,0.3,1009.6,124.0,100,,0.13,,51,muhimbili_tanzania
2022-11-19 18:00:00,26.2,80,22.5,12.0,26.6,0.0,1010.3,32.0,100,,0.07,,3,muhimbili_tanzania
2022-11-19 19:00:00,26.0,83,22.8,11.7,22.7,0.1,1011.0,2.0,100,,0.04,,51,muhimbili_tanzania
2022-11-19 20:00:00,25.8,84,22.9,11.6,21.6,0.1,1012.3,0.0,100,,0.02,,51,muhimbili_tanzania
2022-11-19 21:00:00,25.7,84,22.8,9.7,20.9,0.0,1013.0,0.0,96,,0.01,,3,muhimbili_tanzania
2022-11-19 22:00:00,25.7,83,22.6,9.4,17.3,0.0,1013.5,0.0,77,,0.01,,2,muhimbili_tanzania
2022-11-19 23:00:00,25.5,85,22.8,8.2,16.6,0.0,1013.3,0.0,100,,0.01,,3,muhimbili_tanzania
2022-11-20 00:00:00,25.6,84,22.6,7.4,14.8,0.0,1013.0,0.0,100,,0.01,,3,muhimbili_tanzania
2022-11-20 01:00:00,25.4,85,22.6,5.5,13.0,0.0,1012.1,0.0,100,,0.0,,3,muhimbili_tanzania
2022-11-20 02:00:00,25.2,85,22.6,6.7,11.5,0.0,1012.1,0.0,100,,0.0,,3,muhimbili_tanzania
2022-11-20 03:00:00,25.3,84,22.5,6.7,16.9,0.0,1011.6,0.0,100,,0.0,,3,muhimbili_tanzania
2022-11-20 04:00:00,25.5,83,22.5,6.8,13.0,0.0,1011.5,0.0,100,,0.01,,3,muhimbili_tanzania
2022-11-20 05:00:00,25.5,85,22.6,6.5,11.5,0.0,1011.6,0.0,100,,0.0,,3,muhimbili_tanzania
2022-11-20 06:00:00,25.3,86,22.9,6.5,11.9,0.0,1012.1,0.0,100,,0.03,,3,muhimbili_tanzania
2022-11-20 07:00:00,25.9,83,22.6,6.5,13.0,0.0,1012.9,33.0,100,,0.05,,3,muhimbili_tanzania
2022-11-20 08:00:00,26.8,77,22.3,7.2,16.9,0.0,1013.6,133.0,100,,0.12,,3,muhimbili_tanzania
2022-11-20 09:00:00,27.2,75,22.4,6.8,17.3,0.0,1013.5,169.0,99,,0.15,,3,muhimbili_tanzania
2022-11-20 10:00:00,28.2,70,22.1,7.8,19.8,0.0,1013.4,295.0,89,,0.24,,3,muhimbili_tanzania
2022-11-20 11:00:00,28.6,68,22.1,8.7,21.6,0.0,1012.8,356.0,58,,0.29,,2,muhimbili_tanzania
2022-11-20 12:00:00,29.7,64,22.0,10.0,25.9,0.0,1011.7,642.0,71,,0.49,,2,muhimbili_tanzania
2022-11-20 13:00:00,30.2,61,22.0,12.5,30.6,0.0,1010.5,868.0,60,,0.64,,2,muhimbili_tanzania
2022-11-20 14:00:00,29.7,65,22.5,14.7,34.2,0.0,1009.2,862.0,82,,0.62,,3,muhimbili_tanzania
2022-11-20 15:00:00,29.5,65,22.3,14.8,34.9,0.0,1008.7,619.0,54,,0.47,,2,muhimbili_tanzania
2022-11-20 16:00:00,28.8,69,22.5,13.4,33.8,0.0,1008.2,522.0,86,,0.39,,3,muhimbili_tanzania
2022-11-20 17:00:00,28.0,72,22.5,14.2,30.6,0.0,1008.5,343.0,75,,0.26,,2,muhimbili_tanzania
2022-11-20 18:00:00,27.0,77,22.6,14.1,29.9,0.0,1008.7,127.0,84,,0.12,,3,muhimbili_tanzania
2022-11-20 19:00:00,26.8,79,22.9,13.7,27.4,0.0,1009.2,5.0,87,,0.05,,3,muhimbili_tanzania
2022-11-20 20:00:00,26.6,80,22.9,13.1,24.5,0.0,1009.8,0.0,77,,0.03,,2,muhimbili_tanzania
2022-11-20 21:00:00,26.5,80,22.9,12.5,23.0,0.0,1010.6,0.0,72,,0.03,,2,muhimbili_tanzania
2022-11-20 22:00:00,26.5,81,22.9,11.0,22.0,0.0,1011.2,0.0,62,,0.03,,2,muhimbili_tanzania
2022-11-20 23:00:00,26.3,81,22.9,10.5,19.8,0.0,1011.2,0.0,24,,0.02,,1,muhimbili_tanzania
2022-11-21 00:00:00,26.2,82,22.9,10.0,18.7,0.0,1010.9,0.0,14,,0.02,,0,muhimbili_tanzania
2022-11-21 01:00:00,26.0,82,22.8,9.5,18.0,0.0,1010.1,0.0,28,,0.02,,1,muhimbili_tanzania
2022-11-21 02:00:00,25.9,84,22.9,8.3,17.3,0.0,1009.6,0.0,21,,0.01,,1,muhimbili_tanzania
2022-11-21 03:00:00,26.0,82,22.6,7.9,14.4,0.0,1009.1,0.0,28,,0.01,,1,muhimbili_tanzania
2022-11-21 04:00:00,25.9,82,22.6,7.4,13.7,0.0,1009.1,0.0,43,,0.01,,1,muhimbili_tanzania
2022-11-21 05:00:00,25.9,82,22.6,6.9,13.3,0.0,1009.6,0.0,69,,0.01,,2,muhimbili_tanzania
2022-11-21 06:00:00,25.6,84,22.7,5.8,12.2,0.0,1010.1,0.0,66,,0.03,,2,muhimbili_tanzania
2022-11-21 07:00:00,27.2,74,22.3,8.2,16.6,0.0,1011.1,76.0,50,,0.07,,2,muhimbili_tanzania
2022-11-21 08:00:00,28.5,68,22.1,9.3,22.3,0.0,1012.0,295.0,78,,0.23,,2,muhimbili_tanzania
2022-11-21 09:00:00,29.4,64,22.0,10.0,25.2,0.0,1012.4,512.0,62,,0.38,,2,muhimbili_tanzania
2022-11-21 10:00:00,29.9,62,21.8,11.7,28.4,0.0,1012.6,647.0,77,,0.49,,2,muhimbili_tanzania
2022-11-21 11:00:00,30.1,60,21.6,11.8,29.5,0.0,1012.0,717.0,60,,0.54,,2,muhimbili_tanzania
2022-11-21 12:00:00,30.7,58,21.5,12.2,30.6,0.0,1011.0,887.0,30,,0.66,,1,muhimbili_tanzania
2022-11-21 13:00:00,30.8,60,22.0,15.9,36.7,0.0,1010.1,974.0,68,,0.71,,2,muhimbili_tanzania
2022-11-21 14:00:00,30.4,60,21.8,16.5,38.2,0.0,1008.6,938.0,88,,0.68,,3,muhimbili_tanzania
2022-11-21 15:00:00,30.0,61,21.6,16.9,40.0,0.0,1007.6,784.0,99,,0.58,,3,muhimbili_tanzania
2022-11-21 16:00:00,29.5,64,22.0,18.7,38.5,0.0,1007.1,550.0,77,,0.43,,2,muhimbili_tanzania
2022-11-21 17:00:00,28.8,68,22.3,17.7,38.5,0.0,1007.4,368.0,83,,0.29,,3,muhimbili_tanzania
2022-11-21 18:00:00,27.6,73,22.5,17.1,35.3,0.0,1007.8,133.0,90,,0.14,,3,muhimbili_tanzania
2022-11-21 19:00:00,27.2,77,22.9,13.8,32.0,0.0,1008.6,5.0,57,,0.05,,2,muhimbili_tanzania
2022-11-21 20:00:00,27.0,78,22.9,12.7,24.5,0.0,1009.6,0.0,8,,0.04,,0,muhimbili_tanzania
2022-11-21 21:00:00,26.9,79,23.0,12.0,22.7,0.0,1010.6,0.0,41,,0.03,,1,muhimbili_tanzania
2022-11-21 22:00:00,26.8,80,23.0,11.5,21.6,0.0,1011.0,0.0,77,,0.03,,2,muhimbili_tanzania
2022-11-21 23:00:00,26.6,80,23.0,11.6,20.5,0.0,1011.4,0.0,56,,0.03,,2,muhimbili_tanzania
2022-11-22 00:00:00,26.5,81,23.0,11.8,20.9,0.0,1011.1,0.0,88,,0.03,,3,muhimbili_tanzania
2022-11-22 01:00:00,26.5,81,23.0,11.8,20.9,0.0,1010.6,0.0,51,,0.03,,2,muhimbili_tanzania
2022-11-22 02:00:00,26.2,82,23.0,11.2,20.9,0.0,1010.1,0.0,59,,0.02,,2,muhimbili_tanzania
2022-11-22 03:00:00,26.3,80,22.5,12.1,19.8,0.0,1009.7,0.0,94,,0.03,,3,muhimbili_tanzania
2022-11-22 04:00:00,26.3,80,22.5,12.0,22.0,0.0,1009.8,0.0,71,,0.03,,2,muhimbili_tanzania
2022-11-22 05:00:00,26.2,80,22.5,10.7,21.2,0.0,1010.1,0.0,63,,0.03,,2,muhimbili_tanzania
2022-11-22 06:00:00,26.0,81,22.5,9.4,19.1,0.0,1010.6,0.0,72,,0.04,,2,muhimbili_tanzania
2022-11-22 07:00:00,27.4,73,22.1,11.4,22.0,0.0,1011.5,76.0,22,,0.09,,1,muhimbili_tanzania
2022-11-22 08:00:00,28.5,67,21.9,12.5,27.4,0.0,1012.2,298.0,24,,0.24,,1,muhimbili_tanzania
2022-11-22 09:00:00,29.2,64,21.8,13.0,29.2,0.1,1012.5,492.0,47,,0.38,,51,muhimbili_tanzania
2022-11-22 10:00:00,30.0,61,21.6,14.0,32.4,0.1,1012.7,682.0,65,,0.51,,51,muhimbili_tanzania
2022-11-22 11:00:00,30.5,59,21.6,14.8,34.6,0.1,1012.2,826.0,45,,0.62,,51,muhimbili_tanzania
2022-11-22 12:00:00,30.8,59,21.9,14.1,34.6,0.0,1011.5,893.0,22,,0.67,,1,muhimbili_tanzania
2022-11-22 13:00:00,31.0,58,21.8,14.7,34.6,0.0,1010.5,946.0,10,,0.7,,0,muhimbili_tanzania
2022-11-22 14:00:00,30.8,58,21.6,16.8,37.8,0.0,1009.6,920.0,10,,0.68,,0,muhimbili_tanzania
2022-11-22 15:00:00,29.6,64,22.0,19.2,40.0,0.0,1008.9,798.0,7,,0.57,,0,muhimbili_tanzania
2022-11-22 16:00:00,29.4,65,22.2,18.9,40.0,0.0,1008.7,503.0,26,,0.4,,1,muhimbili_tanzania
2022-11-22 17:00:00,28.6,69,22.4,17.4,38.9,0.0,1008.9,366.0,18,,0.29,,0,muhimbili_tanzania
2022-11-22 18:00:00,27.7,74,22.6,16.5,34.9,0.0,1009.2,139.0,38,,0.14,,1,muhimbili_tanzania
2022-11-22 19:00:00,27.0,78,22.9,16.1,31.7,0.0,1010.0,6.0,41,,0.05,,1,muhimbili_tanzania
2022-11-22 20:00:00,26.8,80,23.0,16.8,31.0,0.0,1011.1,0.0,85,,0.04,,3,muhimbili_tanzania
2022-11-22 21:00:00,26.6,82,23.4,15.9,31.3,0.0,1011.9,0.0,35,,0.04,,1,muhimbili_tanzania
2022-11-22 22:00:00,26.8,81,23.2,14.0,28.4,0.0,1012.6,0.0,33,,0.03,,1,muhimbili_tanzania
2022-11-22 23:00:00,26.6,81,23.0,12.9,25.2,0.0,1012.7,0.0,26,,0.03,,1,muhimbili_tanzania
2022-11-23 00:00:00,26.2,83,23.1,11.3,23.4,0.0,1012.3,0.0,23,,0.02,,1,muhimbili_tanzania
2022-11-23 01:00:00,26.0,84,23.1,9.6,19.8,0.0,1011.8,0.0,20,,0.01,,1,muhimbili_tanzania
2022-11-23 02:00:00,25.7,86,23.1,8.7,17.3,0.0,1011.2,0.0,21,,0.01,,1,muhimbili_tanzania
2022-11-23 03:00:00,25.2,89,23.3,9.7,15.5,0.1,1011.4,0.0,35,,0.0,,51,muhimbili_tanzania
2022-11-23 04:00:00,25.6,85,23.0,7.3,16.6,0.1,1011.5,0.0,38,,0.01,,51,muhimbili_tanzania
2022-11-23 05:00:00,25.1,88,22.9,8.3,14.4,0.1,1012.2,0.0,43,,0.0,,51,muhimbili_tanzania
2022-11-23 06:00:00,25.1,87,22.7,6.3,15.1,0.1,1013.0,0.0,66,,0.02,,51,muhimbili_tanzania
2022-11-23 07:00:00,24.2,88,22.1,8.1,19.1,0.7,1014.1,52.0,84,,0.04,,53,muhimbili_tanzania
2022-11-23 08:00:00,24.9,84,22.0,7.4,17.6,0.1,1015.0,135.0,57,,0.11,,51,muhimbili_tanzania
2022-11-23 09:00:00,26.7,74,21.7,7.0,20.5,0.0,1015.2,437.0,51,,0.31,,2,muhimbili_tanzania
2022-11-23 10:00:00,27.7,69,21.5,9.7,28.4,0.0,1015.4,575.0,53,,0.41,,2,muhimbili_tanzania
2022-11-23 11:00:00,28.9,64,21.5,10.5,30.2,0.0,1014.8,820.0,25,,0.59,,1,muhimbili_tanzania
2022-11-23 12:00:00,29.4,63,21.6,12.1,32.8,0.0,1013.8,938.0,23,,0.67,,1,muhimbili_tanzania
2022-11-23 13:00:00,29.6,62,21.7,14.1,34.6,0.0,1012.4,956.0,12,,0.68,,0,muhimbili_tanzania
2022-11-23 14:00:00,29.1,65,21.8,14.1,35.3,0.0,1011.2,875.0,7,,0.62,,0,muhimbili_tanzania
2022-11-23 15:00:00,29.0,66,22.0,16.4,33.8,0.0,1010.4,777.0,12,,0.55,,0,muhimbili_tanzania
2022-11-23 16:00:00,28.6,68,22.0,15.8,36.0,0.0,1009.9,535.0,20,,0.4,,1,muhimbili_tanzania
2022-11-23 17:00:00,27.6,71,21.9,15.7,35.6,0.0,1009.9,345.0,10,,0.27,,0,muhimbili_tanzania
2022-11-23 18:00:00,26.5,77,22.1,13.5,32.4,0.0,1010.2,137.0,15,,0.12,,0,muhimbili_tanzania
2022-11-23 19:00:00,26.0,81,22.5,11.4,26.3,0.0,1010.8,5.0,21,,0.04,,1,muhimbili_tanzania
2022-11-23 20:00:00,25.9,82,22.6,9.8,21.2,0.0,1011.5,0.0,12,,0.02,,0,muhimbili_tanzania
2022-11-23 21:00:00,25.8,84,22.9,9.1,17.6,0.0,1012.3,0.0,9,,0.01,,0,muhimbili_tanzania
2022-11-23 22:00:00,25.5,86,23.0,7.7,16.2,0.0,1013.0,0.0,8,,0.01,,0,muhimbili_tanzania
2022-11-23 23:00:00,25.4,87,23.1,8.0,14.0,0.1,1013.3,0.0,37,,0.0,,51,muhimbili_tanzania
2022-11-24 00:00:00,25.1,88,23.0,8.4,14.8,0.1,1013.1,0.0,74,,0.0,,51,muhimbili_tanzania
2022-11-24 01:00:00,25.1,87,22.8,7.6,15.5,0.0,1012.8,0.0,54,,0.0,,2,muhimbili_tanzania
2022-11-24 02:00:00,25.2,86,22.6,5.8,12.6,0.0,1012.3,0.0,48,,0.0,,1,muhimbili_tanzania
2022-11-24 03:00:00,24.8,88,22.6,8.4,11.9,0.2,1011.9,0.0,82,,0.0,,51,muhimbili_tanzania
2022-11-24 04:00:00,24.6,88,22.5,6.0,14.4,0.1,1012.1,0.0,100,,0.0,,51,muhimbili_tanzania
2022-11-24 05:00:00,24.1,91,22.6,7.5,12.6,0.1,1012.6,0.0,100,,0.0,,51,muhimbili_tanzania
2022-11-24 06:00:00,24.3,88,22.1,9.6,18.0,0.1,1012.8,0.0,100,,0.03,,51,muhimbili_tanzania
2022-11-24 07:00:00,25.1,84,22.2,3.4,16.9,0.0,1013.3,64.0,100,,0.04,,3,muhimbili_tanzania
2022-11-24 08:00:00,25.7,81,22.2,8.2,19.8,0.5,1014.0,234.0,100,,0.16,,53,muhimbili_tanzania
2022-11-24 09:00:00,27.2,75,22.3,10.9,27.0,0.1,1014.4,459.0,100,,0.32,,51,muhimbili_tanzania
2022-11-24 10:00:00,27.3,74,22.1,8.2,29.2,0.0,1014.4,504.0,98,,0.36,,3,muhimbili_tanzania
2022-11-24 11:00:00,29.2,64,21.6,11.0,28.1,0.0,1014.0,784.0,94,,0.57,,3,muhimbili_tanzania
2022-11-24 12:00:00,29.5,63,21.8,13.4,32.8,0.0,1013.4,906.0,28,,0.65,,1,muhimbili_tanzania
2022-11-24 13:00:00,29.6,63,21.7,15.0,35.3,0.0,1012.6,920.0,17,,0.66,,0,muhimbili_tanzania
2022-11-24 14:00:00,29.6,62,21.5,15.7,36.4,0.0,1011.5,885.0,17,,0.64,,0,muhimbili_tanzania
2022-11-24 15:00:00,29.7,57,20.3,16.5,37.1,0.0,1011.3,791.0,8,,0.59,,0,muhimbili_tanzania
2022-11-24 16:00:00,29.0,61,20.8,17.5,37.1,0.0,1010.8,551.0,13,,0.43,,0,muhimbili_tanzania
2022-11-24 17:00:00,28.2,66,21.2,16.2,36.7,0.0,1010.5,382.0,17,,0.3,,0,muhimbili_tanzania
2022-11-24 18:00:00,27.1,71,21.4,15.5,33.1,0.0,1010.9,146.0,1,,0.14,,0,muhimbili_tanzania
2022-11-24 19:00:00,26.6,75,21.8,12.8,29.5,0.0,1011.3,6.0,9,,0.05,,0,muhimbili_tanzania
2022-11-24 20:00:00,26.4,77,22.0,11.9,23.0,0.0,1012.2,0.0,22,,0.04,,1,muhimbili_tanzania
2022-11-24 21:00:00,26.2,77,22.0,11.1,20.9,0.0,1012.8,0.0,18,,0.03,,0,muhimbili_tanzania
2022-11-24 22:00:00,26.2,77,21.9,11.6,20.5,0.0,1013.4,0.0,20,,0.03,,1,muhimbili_tanzania
2022-11-24 23:00:00,26.0,78,21.9,11.2,20.9,0.0,1013.5,0.0,20,,0.03,,1,muhimbili_tanzania
2022-11-25 00:00:00,25.8,80,22.0,9.8,19.4,0.0,1012.8,0.0,19,,0.02,,0,muhimbili_tanzania
2022-11-25 01:00:00,25.5,81,22.0,8.3,17.3,0.0,1012.1,0.0,25,,0.02,,1,muhimbili_tanzania
2022-11-25 02:00:00,25.5,81,22.0,6.2,14.8,0.2,1011.7,0.0,27,,0.01,,51,muhimbili_tanzania
2022-11-25 03:00:00,25.0,84,22.1,3.7,11.2,0.1,1011.5,0.0,25,,0.0,,51,muhimbili_tanzania
2022-11-25 04:00:00,25.0,83,22.0,4.5,7.6,0.0,1011.4,0.0,14,,0.0,,0,muhimbili_tanzania
2022-11-25 05:00:00,24.4,87,22.1,4.6,7.9,0.0,1011.7,0.0,49,,0.0,,1,muhimbili_tanzania
2022-11-25 06:00:00,24.0,91,22.4,4.8,8.3,0.0,1012.5,0.0,63,,0.02,,2,muhimbili_tanzania
2022-11-25 07:00:00,25.0,84,22.1,5.1,12.2,0.0,1013.4,68.0,48,,0.05,,1,muhimbili_tanzania
2022-11-25 08:00:00,26.0,76,21.5,6.5,17.6,0.5,1014.3,220.0,45,,0.16,,53,muhimbili_tanzania
2022-11-25 09:00:00,27.1,71,21.4,8.4,25.9,0.1,1014.8,418.0,31,,0.3,,51,muhimbili_tanzania
2022-11-25 10:00:00,28.7,64,21.2,10.1,27.0,0.1,1014.7,656.0,42,,0.48,,51,muhimbili_tanzania
2022-11-25 11:00:00,29.6,63,21.7,12.5,32.0,0.0,1014.2,785.0,74,,0.58,,2,muhimbili_tanzania
2022-11-25 12:00:00,30.0,61,21.8,16.6,37.8,0.1,1013.3,934.0,28,,0.67,,51,muhimbili_tanzania
2022-11-25 13:00:00,29.3,66,22.2,21.3,45.0,0.1,1012.6,909.0,39,,0.63,,51,muhimbili_tanzania
2022-11-25 14:00:00,29.2,65,22.0,21.2,45.7,0.0,1011.8,812.0,4,,0.57,,0,muhimbili_tanzania
2022-11-25 15:00:00,27.8,71,22.1,19.5,44.6,0.5,1011.5,694.0,45,,0.47,,53,muhimbili_tanzania
2022-11-25 16:00:00,27.8,72,22.3,18.4,38.9,0.2,1011.1,436.0,33,,0.33,,51,muhimbili_tanzania
2022-11-25 17:00:00,27.5,73,22.1,19.2,40.0,0.0,1011.1,344.0,25,,0.26,,1,muhimbili_tanzania
2022-11-25 18:00:00,26.5,77,22.2,17.5,37.8,0.0,1011.5,127.0,25,,0.12,,1,muhimbili_tanzania
2022-11-25 19:00:00,26.1,79,22.2,14.7,33.1,0.0,1011.9,5.0,18,,0.05,,0,muhimbili_tanzania
2022-11-25 20:00:00,26.0,79,22.0,13.5,27.7,0.0,1012.3,0.0,34,,0.04,,1,muhimbili_tanzania
2022-11-25 21:00:00,25.9,80,22.1,12.9,23.8,0.0,1013.0,0.0,30,,0.03,,1,muhimbili_tanzania
2022-11-25 22:00:00,25.6,82,22.4,11.4,23.0,0.0,1013.3,0.0,31,,0.02,,1,muhimbili_tanzania
2022-11-25 23:00:00,25.5,82,22.3,10.1,20.2,0.0,1013.3,0.0,39,,0.02,,1,muhimbili_tanzania
2022-11-26 00:00:00,25.5,82,22.2,8.7,17.6,0.0,1012.9,0.0,29,,0.01,,1,muhimbili_tanzania
2022-11-26 01:00:00,25.1,84,22.3,7.1,15.5,0.0,1012.5,0.0,39,,0.01,,1,muhimbili_tanzania
2022-11-26 02:00:00,24.8,87,22.4,6.0,12.6,0.1,1012.3,0.0,26,,0.0,,51,muhimbili_tanzania
2022-11-26 03:00:00,25.0,83,22.0,6.1,10.1,0.0,1011.6,0.0,54,,0.0,,2,muhimbili_tanzania
2022-11-26 04:00:00,24.9,84,22.1,5.9,11.2,0.1,1011.3,0.0,30,,0.0,,51,muhimbili_tanzania
2022-11-26 05:00:00,24.4,88,22.1,5.6,10.8,0.1,1011.7,0.0,65,,0.0,,51,muhimbili_tanzania
2022-11-26 06:00:00,24.2,86,21.8,9.2,20.5,0.4,1012.4,0.0,63,,0.03,,51,muhimbili_tanzania
2022-11-26 07:00:00,24.4,84,21.5,10.5,22.0,0.6,1013.2,53.0,100,,0.05,,53,muhimbili_tanzania
2022-11-26 08:00:00,24.1,86,21.5,8.9,21.6,1.1,1014.0,142.0,100,,0.11,,55,muhimbili_tanzania
2022-11-26 09:00:00,25.8,77,21.5,13.2,26.6,0.3,1014.1,382.0,100,,0.27,,51,muhimbili_tanzania
2022-11-26 10:00:00,25.0,82,21.7,15.4,38.5,1.5,1014.4,474.0,99,,0.31,,61,muhimbili_tanzania
2022-11-26 11:00:00,25.4,80,21.6,9.0,32.8,0.6,1013.7,379.0,98,,0.27,,53,muhimbili_tanzania
2022-11-26 12:00:00,27.8,70,21.7,11.8,33.8,0.5,1013.0,826.0,94,,0.57,,53,muhimbili_tanzania
2022-11-26 13:00:00,26.2,77,21.9,11.9,34.9,0.3,1012.3,546.0,84,,0.38,,51,muhimbili_tanzania
2022-11-26 14:00:00,28.0,68,21.7,14.0,38.2,0.2,1011.1,805.0,66,,0.56,,51,muhimbili_tanzania
2022-11-26 15:00:00,25.3,83,22.1,12.5,38.9,0.6,1010.5,639.0,100,,0.4,,53,muhimbili_tanzania
2022-11-26 16:00:00,24.8,84,21.8,17.6,40.3,5.2,1010.5,280.0,100,,0.2,,63,muhimbili_tanzania
2022-11-26 17:00:00,24.9,87,22.5,10.3,38.5,1.0,1010.5,145.0,100,,0.11,,55,muhimbili_tanzania
2022-11-26 18:00:00,24.8,87,22.5,10.8,24.5,0.1,1010.7,49.0,100,,0.06,,51,muhimbili_tanzania
2022-11-26 19:00:00,24.5,89,22.6,6.8,18.7,0.0,1010.9,4.0,100,,0.02,,3,muhimbili_tanzania
2022-11-26 20:00:00,24.0,94,22.9,4.3,11.9,0.0,1011.4,0.0,98,,0.0,,3,muhimbili_tanzania
2022-11-26 21:00:00,23.8,94,22.8,4.3,6.5,0.0,1011.9,0.0,83,,0.0,,3,muhimbili_tanzania
2022-11-26 22:00:00,23.5,94,22.5,4.7,11.5,0.1,1012.2,0.0,44,,0.0,,51,muhimbili_tanzania
2022-11-26 23:00:00,24.3,88,22.2,4.1,7.2,0.0,1012.2,0.0,25,,0.0,,1,muhimbili_tanzania
2022-11-27 00:00:00,24.4,88,22.3,0.4,5.4,0.0,1011.8,0.0,66,,0.0,,2,muhimbili_tanzania
2022-11-27 01:00:00,24.0,87,21.8,1.5,5.8,0.4,1011.3,0.0,90,,0.0,,51,muhimbili_tanzania
2022-11-27 02:00:00,23.2,94,22.3,3.1,5.8,0.0,1010.7,0.0,79,,0.0,,2,muhimbili_tanzania
2022-11-27 03:00:00,23.3,93,22.1,5.4,9.7,0.1,1010.4,0.0,100,,0.0,,51,muhimbili_tanzania
2022-11-27 04:00:00,23.4,93,22.1,4.3,12.6,0.5,1010.3,0.0,83,,0.0,,53,muhimbili_tanzania
2022-11-27 05:00:00,23.4,96,22.6,5.6,8.6,0.1,1010.8,0.0,100,,0.0,,51,muhimbili_tanzania
2022-11-27 06:00:00,23.6,92,22.3,9.4,16.6,0.1,1011.3,0.0,100,,0.0,,51,muhimbili_tanzania
2022-11-27 07:00:00,23.6,90,22.0,8.3,17.3,0.0,1012.0,48.0,71,,0.04,,2,muhimbili_tanzania
2022-11-27 08:00:00,24.5,86,21.9,8.5,19.1,0.1,1012.8,203.0,82,,0.14,,51,muhimbili_tanzania
2022-11-27 09:00:00,25.6,79,21.8,8.7,22.7,0.0,1013.0,325.0,70,,0.23,,2,muhimbili_tanzania
2022-11-27 10:00:00,27.5,71,21.9,9.2,23.8,0.1,1012.8,619.0,100,,0.43,,51,muhimbili_tanzania
2022-11-27 11:00:00,24.5,87,22.1,11.5,30.2,1.9,1012.7,298.0,81,,0.21,,61,muhimbili_tanzania
2022-11-27 12:00:00,27.4,74,22.4,8.6,24.8,0.0,1011.4,663.0,43,,0.47,,1,muhimbili_tanzania
2022-11-27 13:00:00,29.0,66,22.0,12.6,30.6,0.0,1010.0,864.0,63,,0.61,,2,muhimbili_tanzania
2022-11-27 14:00:00,26.8,76,22.1,14.0,34.2,0.7,1009.2,482.0,58,,0.34,,53,muhimbili_tanzania
2022-11-27 15:00:00,26.5,75,21.6,12.2,30.6,0.0,1008.6,679.0,43,,0.45,,1,muhimbili_tanzania
2022-11-27 16:00:00,27.4,74,22.2,14.0,30.6,0.1,1007.8,493.0,70,,0.35,,51,muhimbili_tanzania
2022-11-27 17:00:00,27.2,74,22.1,14.4,29.9,0.2,1007.7,284.0,36,,0.22,,51,muhimbili_tanzania
2022-11-27 18:00:00,26.2,79,22.2,14.4,29.9,0.2,1007.7,124.0,31,,0.11,,51,muhimbili_tanzania
2022-11-27 19:00:00,25.4,84,22.5,11.2,26.3,0.0,1008.2,6.0,16,,0.03,,0,muhimbili_tanzania
2022-11-27 20:00:00,25.2,86,22.6,10.3,19.8,0.0,1008.4,0.0,17,,0.01,,0,muhimbili_tanzania
2022-11-27 21:00:00,25.0,87,22.6,10.0,18.4,0.0,1009.3,0.0,35,,0.01,,1,muhimbili_tanzania
2022-11-27 22:00:00,25.0,86,22.6,8.2,17.3,0.0,1009.8,0.0,39,,0.01,,1,muhimbili_tanzania
2022-11-27 23:00:00,24.8,88,22.6,7.6,14.8,0.2,1010.0,0.0,35,,0.0,,51,muhimbili_tanzania
2022-11-28 00:00:00,24.5,89,22.5,6.8,13.0,0.1,1010.1,0.0,66,,0.0,,51,muhimbili_tanzania
2022-11-28 01:00:00,24.2,89,22.3,10.7,21.2,0.1,1009.6,0.0,65,,0.01,,51,muhimbili_tanzania
2022-11-28 02:00:00,23.6,91,22.1,3.1,18.7,0.0,1009.2,0.0,57,,0.0,,2,muhimbili_tanzania
2022-11-28 03:00:00,23.8,92,22.4,7.2,7.9,0.1,1008.7,0.0,53,,0.0,,51,muhimbili_tanzania
2022-11-28 04:00:00,23.5,92,22.2,3.7,13.0,0.1,1008.6,0.0,48,,0.0,,51,muhimbili_tanzania
2022-11-28 05:00:00,23.5,94,22.5,4.3,7.6,0.0,1009.0,0.0,42,,0.0,,1,muhimbili_tanzania
2022-11-28 06:00:00,23.6,92,22.2,4.2,7.2,0.0,1009.6,0.0,32,,0.0,,1,muhimbili_tanzania
2022-11-28 07:00:00,24.7,86,22.1,3.6,9.4,0.3,1010.6,69.0,61,,0.04,,51,muhimbili_tanzania
2022-11-28 08:00:00,25.8,82,22.5,3.7,15.8,0.0,1011.3,243.0,97,,0.16,,3,muhimbili_tanzania
2022-11-28 09:00:00,26.6,78,22.4,8.4,22.7,0.0,1011.6,362.0,100,,0.26,,3,muhimbili_tanzania
2022-11-28 10:00:00,27.2,75,22.5,10.4,27.7,0.0,1011.5,553.0,56,,0.39,,2,muhimbili_tanzania
2022-11-28 11:00:00,26.4,78,22.1,10.0,28.4,0.2,1011.0,460.0,39,,0.33,,51,muhimbili_tanzania
2022-11-28 12:00:00,28.2,70,22.1,11.4,28.8,0.3,1009.7,909.0,29,,0.63,,51,muhimbili_tanzania
2022-11-28 13:00:00,28.5,69,22.3,12.5,30.6,0.0,1008.6,926.0,5,,0.64,,0,muhimbili_tanzania
2022-11-28 14:00:00,28.6,68,22.1,14.7,33.8,0.0,1007.5,913.0,4,,0.63,,0,muhimbili_tanzania
2022-11-28 15:00:00,28.3,71,22.5,15.7,36.0,0.0,1006.8,791.0,3,,0.54,,0,muhimbili_tanzania
2022-11-28 16:00:00,27.9,73,22.5,17.0,35.6,0.0,1006.6,604.0,1,,0.41,,0,muhimbili_tanzania
2022-11-28 17:00:00,27.2,76,22.7,17.0,35.6,0.0,1006.8,376.0,3,,0.27,,0,muhimbili_tanzania
2022-11-28 18:00:00,26.4,80,22.6,15.8,33.8,0.0,1007.1,150.0,31,,0.12,,1,muhimbili_tanzania
2022-11-28 19:00:00,25.9,84,22.9,12.0,29.9,0.0,1007.5,7.0,15,,0.03,,0,muhimbili_tanzania
2022-11-28 20:00:00,25.8,84,22.9,11.8,21.6,0.0,1008.1,0.0,14,,0.02,,0,muhimbili_tanzania
2022-11-28 21:00:00,25.8,84,22.8,10.2,20.5,0.0,1008.9,0.0,8,,0.02,,0,muhimbili_tanzania
2022-11-28 22:00:00,25.8,84,22.8,9.8,18.4,0.0,1009.4,0.0,24,,0.02,,1,muhimbili_tanzania
2022-11-28 23:00:00,25.5,84,22.7,8.0,17.3,0.0,1009.6,0.0,96,,0.01,,3,muhimbili_tanzania
2022-11-29 00:00:00,25.2,86,22.8,7.6,14.4,0.1,1009.5,0.0,92,,0.0,,51,muhimbili_tanzania
2022-11-29 01:00:00,25.1,88,22.9,6.5,13.0,0.0,1009.1,0.0,68,,0.0,,2,muhimbili_tanzania
2022-11-29 02:00:00,24.8,89,22.9,5.8,11.5,0.1,1008.5,0.0,16,,0.0,,51,muhimbili_tanzania
2022-11-29 03:00:00,25.1,86,22.5,7.1,10.1,0.1,1008.1,0.0,44,,0.0,,51,muhimbili_tanzania
2022-11-29 04:00:00,25.0,87,22.6,5.5,12.6,0.0,1008.3,0.0,93,,0.0,,3,muhimbili_tanzania
2022-11-29 05:00:00,24.4,90,22.7,4.1,9.7,0.1,1008.7,0.0,93,,0.0,,51,muhimbili_tanzania
2022-11-29 06:00:00,24.4,91,22.8,5.4,9.7,0.1,1009.4,0.0,52,,0.0,,51,muhimbili_tanzania
2022-11-29 07:00:00,25.4,83,22.4,7.4,15.5,0.0,1010.0,54.0,51,,0.05,,2,muhimbili_tanzania
2022-11-29 08:00:00,26.3,79,22.4,4.2,15.5,0.0,1010.6,226.0,13,,0.16,,0,muhimbili_tanzania
2022-11-29 09:00:00,27.7,73,22.4,6.1,19.4,0.0,1010.9,492.0,17,,0.35,,0,muhimbili_tanzania
2022-11-29 10:00:00,28.2,71,22.5,10.5,27.0,0.0,1010.6,636.0,30,,0.45,,1,muhimbili_tanzania
2022-11-29 11:00:00,28.5,70,22.6,11.7,29.2,0.0,1010.4,786.0,37,,0.55,,1,muhimbili_tanzania
2022-11-29 12:00:00,29.0,68,22.5,13.0,31.0,0.0,1009.8,861.0,100,,0.61,,3,muhimbili_tanzania
2022-11-29 13:00:00,27.5,74,22.4,13.1,31.3,1.7,1009.2,736.0,84,,0.5,,61,muhimbili_tanzania
2022-11-29 14:00:00,28.0,73,22.7,13.1,31.3,0.4,1008.5,762.0,72,,0.52,,51,muhimbili_tanzania
2022-11-29 15:00:00,28.2,73,23.0,14.5,31.7,0.0,1007.5,683.0,67,,0.47,,2,muhimbili_tanzania
2022-11-29 16:00:00,27.5,77,23.0,12.7,32.8,0.1,1007.5,480.0,71,,0.34,,51,muhimbili_tanzania
2022-11-29 17:00:00,27.0,78,22.9,13.0,28.1,0.0,1007.4,239.0,70,,0.19,,2,muhimbili_tanzania
2022-11-29 18:00:00,26.6,80,23.0,12.1,27.0,0.0,1007.8,124.0,56,,0.11,,2,muhimbili_tanzania
2022-11-29 19:00:00,26.1,84,23.2,12.4,23.4,0.0,1008.3,7.0,59,,0.03,,2,muhimbili_tanzania
2022-11-29 20:00:00,26.1,84,23.1,11.6,22.0,0.0,1008.9,0.0,83,,0.02,,3,muhimbili_tanzania
2022-11-29 21:00:00,26.2,83,23.0,11.4,20.9,0.0,1009.7,0.0,66,,0.02,,2,muhimbili_tanzania
2022-11-29 22:00:00,26.0,83,23.0,10.9,20.2,0.0,1010.3,0.0,39,,0.02,,1,muhimbili_tanzania
2022-11-29 23:00:00,25.6,85,23.0,9.6,19.1,0.0,1010.5,0.0,53,,0.01,,2,muhimbili_tanzania
2022-11-30 00:00:00,25.1,89,23.1,6.9,16.6,0.0,1010.1,0.0,44,,0.0,,1,muhimbili_tanzania
2022-11-30 01:00:00,25.0,89,23.1,4.4,12.2,0.1,1009.7,0.0,80,,0.0,,51,muhimbili_tanzania
2022-11-30 02:00:00,24.2,91,22.6,5.4,12.2,1.6,1009.9,0.0,100,,0.0,,61,muhimbili_tanzania
2022-11-30 03:00:00,23.2,92,21.8,2.1,9.7,0.1,1009.1,0.0,89,,0.0,,51,muhimbili_tanzania
2022-11-30 04:00:00,23.2,95,22.4,1.5,5.0,0.0,1009.5,0.0,32,,0.0,,1,muhimbili_tanzania
2022-11-30 05:00:00,23.8,92,22.4,2.5,4.0,0.1,1010.1,0.0,79,,0.0,,51,muhimbili_tanzania
2022-11-30 06:00:00,24.5,88,22.4,1.9,4.7,0.0,1010.5,0.0,39,,0.0,,1,muhimbili_tanzania
2022-11-30 07:00:00,25.0,87,22.7,4.8,10.8,0.0,1011.1,62.0,46,,0.04,,1,muhimbili_tanzania
2022-11-30 08:00:00,25.9,83,22.8,9.2,20.9,0.2,1011.4,249.0,40,,0.17,,51,muhimbili_tanzania
2022-11-30 09:00:00,26.8,79,22.8,11.5,26.6,0.2,1011.8,443.0,29,,0.3,,51,muhimbili_tanzania
2022-11-30 10:00:00,28.0,72,22.4,12.4,29.2,0.0,1011.8,661.0,19,,0.46,,0,muhimbili_tanzania
2022-11-30 11:00:00,28.7,68,22.3,13.4,32.0,0.0,1011.3,800.0,10,,0.56,,0,muhimbili_tanzania
2022-11-30 12:00:00,29.2,67,22.5,12.9,31.7,0.0,1010.5,930.0,15,,0.65,,0,muhimbili_tanzania
2022-11-30 13:00:00,29.4,67,22.5,13.3,32.0,0.0,1009.4,969.0,25,,0.68,,1,muhimbili_tanzania
2022-11-30 14:00:00,28.5,69,22.3,14.5,34.2,0.6,1008.7,903.0,55,,0.62,,53,muhimbili_tanzania
2022-11-30 15:00:00,27.6,75,22.9,11.1,33.8,0.0,1008.2,644.0,19,,0.44,,0,muhimbili_tanzania
2022-11-30 16:00:00,27.9,73,22.5,13.0,28.1,0.0,1008.0,354.0,21,,0.28,,1,muhimbili_tanzania
2022-11-30 17:00:00,27.9,72,22.4,13.9,28.8,0.0,1008.1,369.0,29,,0.27,,1,muhimbili_tanzania
2022-11-30 18:00:00,27.0,76,22.5,11.4,28.8,0.0,1008.3,145.0,41,,0.12,,1,muhimbili_tanzania
2022-11-30 19:00:00,26.2,82,23.0,10.5,22.3,0.0,1008.9,8.0,26,,0.03,,1,muhimbili_tanzania
2022-11-30 20:00:00,26.1,83,23.0,10.0,18.7,0.0,1009.8,0.0,40,,0.02,,1,muhimbili_tanzania
2022-11-30 21:00:00,26.0,84,23.0,9.3,18.0,0.0,1010.7,0.0,39,,0.01,,1,muhimbili_tanzania
2022-11-30 22:00:00,26.0,84,23.0,8.2,16.9,0.0,1011.2,0.0,21,,0.01,,1,muhimbili_tanzania
2022-11-30 23:00:00,25.8,85,23.0,7.7,14.8,0.0,1011.2,0.0,11,,0.01,,0,muhimbili_tanzania
2022-12-01 00:00:00,25.5,87,23.1,5.8,13.3,0.0,1010.7,0.0,11,,0.0,,0,muhimbili_tanzania
2022-12-01 01:00:00,24.4,93,23.2,5.5,10.1,0.1,1010.6,0.0,17,,0.0,,51,muhimbili_tanzania
2022-12-01 02:00:00,24.1,94,23.0,4.6,7.9,0.0,1010.3,0.0,49,,0.0,,1,muhimbili_tanzania
2022-12-01 03:00:00,25.0,88,22.9,7.6,13.7,0.0,1009.7,0.0,39,,0.0,,1,muhimbili_tanzania
2022-12-01 04:00:00,24.5,92,23.2,3.6,15.1,0.1,1009.8,0.0,61,,0.0,,51,muhimbili_tanzania
2022-12-01 05:00:00,24.8,85,22.1,4.6,8.3,0.2,1010.5,0.0,70,,0.0,,51,muhimbili_tanzania
2022-12-01 06:00:00,24.2,91,22.7,6.1,11.9,0.2,1011.0,0.0,72,,0.0,,51,muhimbili_tanzania
2022-12-01 07:00:00,25.1,86,22.7,4.0,10.8,0.1,1011.6,58.0,51,,0.04,,51,muhimbili_tanzania
2022-12-01 08:00:00,25.7,81,22.2,6.6,18.7,0.7,1012.1,249.0,47,,0.17,,53,muhimbili_tanzania
2022-12-01 09:00:00,27.1,77,22.7,8.2,23.0,0.0,1012.6,408.0,43,,0.29,,1,muhimbili_tanzania
2022-12-01 10:00:00,28.0,72,22.4,11.3,29.2,0.0,1012.5,618.0,100,,0.44,,3,muhimbili_tanzania
2022-12-01 11:00:00,28.4,71,22.6,9.6,30.6,0.0,1012.2,747.0,50,,0.53,,2,muhimbili_tanzania
2022-12-01 12:00:00,28.7,70,22.6,9.9,28.4,0.0,1011.1,692.0,67,,0.5,,2,muhimbili_tanzania
2022-12-01 13:00:00,28.4,71,22.6,14.2,33.1,0.1,1010.2,792.0,100,,0.55,,51,muhimbili_tanzania
2022-12-01 14:00:00,29.0,67,22.4,13.9,33.5,0.0,1009.1,844.0,28,,0.59,,1,muhimbili_tanzania
2022-12-01 15:00:00,28.4,70,22.4,12.5,32.4,0.0,1008.2,662.0,64,,0.47,,2,muhimbili_tanzania
2022-12-01 16:00:00,28.8,67,22.1,14.1,31.3,0.0,1007.7,534.0,98,,0.4,,3,muhimbili_tanzania
2022-12-01 17:00:00,28.1,70,22.1,12.7,31.0,0.0,1007.9,384.0,96,,0.29,,3,muhimbili_tanzania
2022-12-01 18:00:00,27.2,75,22.3,11.5,27.0,0.0,1008.3,156.0,41,,0.13,,1,muhimbili_tanzania
2022-12-01 19:00:00,26.5,80,22.8,9.0,22.3,0.0,1009.0,8.0,5,,0.03,,0,muhimbili_tanzania
2022-12-01 20:00:00,26.4,80,22.6,9.1,16.2,0.0,1009.9,0.0,3,,0.02,,0,muhimbili_tanzania
2022-12-01 21:00:00,26.0,82,22.7,8.5,15.8,0.0,1010.6,0.0,6,,0.01,,0,muhimbili_tanzania
2022-12-01 22:00:00,25.6,85,23.0,6.5,14.8,0.0,1010.9,0.0,18,,0.0,,0,muhimbili_tanzania
2022-12-01 23:00:00,24.5,92,23.1,5.9,11.5,0.0,1010.9,0.0,42,,0.0,,1,muhimbili_tanzania
2022-12-02 00:00:00,24.3,93,23.0,6.6,9.0,0.0,1010.7,0.0,89,,0.0,,3,muhimbili_tanzania
2022-12-02 01:00:00,24.6,91,23.1,4.7,8.6,0.0,1010.4,0.0,84,,0.0,,3,muhimbili_tanzania
2022-12-02 02:00:00,25.0,90,23.2,3.2,6.1,0.1,1010.2,0.0,86,,0.0,,51,muhimbili_tanzania
2022-12-02 03:00:00,24.2,94,23.2,3.0,4.3,0.0,1010.2,0.0,37,,0.0,,1,muhimbili_tanzania
2022-12-02 04:00:00,23.6,97,23.1,3.2,5.0,0.0,1010.6,0.0,51,,0.0,,2,muhimbili_tanzania
2022-12-02 05:00:00,24.4,93,23.2,2.1,5.4,0.0,1011.0,0.0,44,,0.0,,1,muhimbili_tanzania
2022-12-02 06:00:00,24.8,90,23.0,3.1,4.0,0.0,1011.4,0.0,44,,0.0,,1,muhimbili_tanzania
2022-12-02 07:00:00,25.7,84,22.7,6.1,13.0,0.0,1012.0,65.0,53,,0.05,,2,muhimbili_tanzania
2022-12-02 08:00:00,27.0,76,22.3,6.2,16.9,0.0,1012.5,255.0,91,,0.18,,3,muhimbili_tanzania
2022-12-02 09:00:00,28.2,69,22.0,7.1,20.5,0.1,1012.6,509.0,87,,0.36,,51,muhimbili_tanzania
2022-12-02 10:00:00,29.1,64,21.7,9.1,24.8,0.0,1012.2,714.0,80,,0.52,,3,muhimbili_tanzania
2022-12-02 11:00:00,29.7,62,21.5,10.9,28.1,0.0,1011.5,848.0,1,,0.62,,0,muhimbili_tanzania
2022-12-02 12:00:00,30.0,60,21.5,12.5,31.0,0.0,1010.7,921.0,24,,0.67,,1,muhimbili_tanzania
2022-12-02 13:00:00,30.0,59,21.3,13.4,32.4,0.0,1009.6,981.0,32,,0.71,,1,muhimbili_tanzania
2022-12-02 14:00:00,29.8,61,21.4,13.7,32.8,0.0,1008.6,906.0,29,,0.65,,1,muhimbili_tanzania
2022-12-02 15:00:00,29.7,63,21.8,13.4,32.8,0.0,1007.7,801.0,4,,0.58,,0,muhimbili_tanzania
2022-12-02 16:00:00,29.1,66,22.1,14.5,32.4,0.0,1007.2,615.0,6,,0.45,,0,muhimbili_tanzania
2022-12-02 17:00:00,28.4,69,22.1,14.2,32.0,0.0,1007.0,388.0,5,,0.3,,0,muhimbili_tanzania
2022-12-02 18:00:00,27.1,75,22.4,14.4,29.9,0.0,1007.2,154.0,6,,0.14,,0,muhimbili_tanzania
2022-12-02 19:00:00,26.5,79,22.6,11.5,27.4,0.0,1007.9,9.0,0,,0.04,,0,muhimbili_tanzania
2022-12-02 20:00:00,26.3,81,22.9,10.1,20.5,0.0,1008.8,0.0,0,,0.02,,0,muhimbili_tanzania
2022-12-02 21:00:00,26.0,84,23.1,10.2,18.0,0.0,1009.7,0.0,5,,0.02,,0,muhimbili_tanzania
2022-12-02 22:00:00,25.8,86,23.3,9.4,17.6,0.0,1010.3,0.0,10,,0.01,,0,muhimbili_tanzania
2022-12-02 23:00:00,25.5,88,23.4,8.7,16.6,0.0,1010.5,0.0,33,,0.01,,1,muhimbili_tanzania
2022-12-03 00:00:00,25.5,88,23.4,8.0,15.1,0.0,1010.3,0.0,40,,0.0,,1,muhimbili_tanzania
2022-12-03 01:00:00,25.6,86,23.1,8.6,15.5,0.0,1009.7,0.0,42,,0.01,,1,muhimbili_tanzania
2022-12-03 02:00:00,25.5,86,23.0,8.3,15.5,0.0,1009.5,0.0,23,,0.01,,1,muhimbili_tanzania
2022-12-03 03:00:00,25.9,84,22.9,10.0,15.1,0.0,1009.0,0.0,18,,0.02,,0,muhimbili_tanzania
2022-12-03 04:00:00,26.0,83,22.8,11.7,20.2,0.0,1009.0,0.0,31,,0.02,,1,muhimbili_tanzania
2022-12-03 05:00:00,26.0,82,22.6,11.7,20.9,0.1,1009.5,0.0,23,,0.03,,51,muhimbili_tanzania
2022-12-03 06:00:00,26.0,82,22.7,11.1,20.5,0.5,1010.1,0.0,43,,0.02,,53,muhimbili_tanzania
2022-12-03 07:00:00,26.8,77,22.4,11.9,20.2,0.3,1010.9,65.0,54,,0.08,,51,muhimbili_tanzania
2022-12-03 08:00:00,27.4,77,22.9,14.0,28.1,0.8,1011.6,259.0,38,,0.2,,53,muhimbili_tanzania
2022-12-03 09:00:00,28.5,71,22.7,12.9,29.2,0.0,1011.9,439.0,25,,0.33,,1,muhimbili_tanzania
2022-12-03 10:00:00,29.5,66,22.4,13.8,32.8,0.0,1011.8,699.0,18,,0.51,,0,muhimbili_tanzania
2022-12-03 11:00:00,30.0,63,22.2,13.8,33.5,0.0,1011.2,833.0,16,,0.61,,0,muhimbili_tanzania
2022-12-03 12:00:00,30.1,63,22.2,13.7,33.1,0.0,1010.4,894.0,13,,0.65,,0,muhimbili_tanzania
2022-12-03 13:00:00,30.5,61,22.0,14.6,34.2,0.0,1009.4,964.0,10,,0.7,,0,muhimbili_tanzania
2022-12-03 14:00:00,30.1,62,22.0,14.7,34.9,0.0,1008.4,912.0,0,,0.66,,0,muhimbili_tanzania
2022-12-03 15:00:00,29.6,64,22.0,12.0,34.6,0.0,1007.5,790.0,0,,0.57,,0,muhimbili_tanzania
2022-12-03 16:00:00,29.2,66,22.2,11.6,28.8,0.0,1006.9,612.0,0,,0.45,,0,muhimbili_tanzania
2022-12-03 17:00:00,28.4,70,22.5,12.3,28.1,0.0,1006.8,396.0,0,,0.29,,0,muhimbili_tanzania
2022-12-03 18:00:00,27.2,77,22.9,12.6,27.0,0.0,1007.0,161.0,0,,0.13,,0,muhimbili_tanzania
2022-12-03 19:00:00,26.5,82,23.2,11.3,24.5,0.0,1007.6,9.0,0,,0.03,,0,muhimbili_tanzania
2022-12-03 20:00:00,26.3,84,23.5,9.9,20.2,0.0,1008.5,0.0,4,,0.01,,0,muhimbili_tanzania
2022-12-03 21:00:00,26.1,86,23.5,9.1,17.6,0.0,1009.5,0.0,16,,0.01,,0,muhimbili_tanzania
2022-12-03 22:00:00,26.0,86,23.5,8.6,16.2,0.0,1009.9,0.0,30,,0.01,,1,muhimbili_tanzania
2022-12-03 23:00:00,26.0,86,23.5,7.9,15.1,0.0,1010.2,0.0,33,,0.01,,1,muhimbili_tanzania
2022-12-04 00:00:00,25.9,86,23.4,7.3,14.4,0.0,1010.0,0.0,34,,0.0,,1,muhimbili_tanzania
2022-12-04 01:00:00,25.8,86,23.4,7.1,13.3,0.0,1009.8,0.0,37,,0.0,,1,muhimbili_tanzania
2022-12-04 02:00:00,25.6,86,23.2,7.6,13.7,0.0,1009.7,0.0,45,,0.0,,1,muhimbili_tanzania
2022-12-04 03:00:00,25.8,85,23.1,8.4,14.4,0.0,1008.9,0.0,54,,0.01,,2,muhimbili_tanzania
2022-12-04 04:00:00,25.9,85,23.1,8.9,15.8,0.0,1009.3,0.0,22,,0.01,,1,muhimbili_tanzania
2022-12-04 05:00:00,25.8,85,23.0,8.9,16.2,0.0,1010.0,0.0,27,,0.01,,1,muhimbili_tanzania
2022-12-04 06:00:00,25.8,85,23.0,7.4,15.8,0.0,1010.7,0.0,14,,0.01,,0,muhimbili_tanzania
2022-12-04 07:00:00,26.9,77,22.5,9.2,18.0,0.0,1011.5,65.0,13,,0.07,,0,muhimbili_tanzania
2022-12-04 08:00:00,28.1,70,22.1,10.7,24.1,0.0,1012.1,276.0,12,,0.21,,0,muhimbili_tanzania
2022-12-04 09:00:00,29.0,67,22.1,11.8,27.7,0.0,1012.7,504.0,17,,0.37,,0,muhimbili_tanzania
2022-12-04 10:00:00,29.7,63,21.9,13.0,31.0,0.0,1012.5,725.0,12,,0.53,,0,muhimbili_tanzania
2022-12-04 11:00:00,30.2,61,21.8,14.1,33.8,0.0,1012.0,869.0,6,,0.64,,0,muhimbili_tanzania
2022-12-04 12:00:00,30.5,58,21.5,15.1,35.6,0.0,1011.1,959.0,8,,0.7,,0,muhimbili_tanzania
2022-12-04 13:00:00,30.7,57,21.3,15.3,36.0,0.0,1010.1,965.0,5,,0.71,,0,muhimbili_tanzania
2022-12-04 14:00:00,30.8,56,21.0,15.8,36.7,0.0,1009.1,950.0,2,,0.7,,0,muhimbili_tanzania
2022-12-04 15:00:00,30.0,60,21.4,16.4,36.7,0.0,1008.3,822.0,0,,0.6,,0,muhimbili_tanzania
2022-12-04 16:00:00,29.8,61,21.4,16.0,36.4,0.0,1007.9,635.0,0,,0.48,,0,muhimbili_tanzania
2022-12-04 17:00:00,28.8,67,22.0,16.4,34.9,0.0,1008.1,407.0,0,,0.32,,0,muhimbili_tanzania
2022-12-04 18:00:00,27.5,73,22.2,15.3,33.8,0.0,1008.5,163.0,0,,0.15,,0,muhimbili_tanzania
2022-12-04 19:00:00,26.9,78,22.6,13.1,29.2,0.0,1009.0,10.0,1,,0.05,,0,muhimbili_tanzania
2022-12-04 20:00:00,26.6,80,22.9,11.6,23.0,0.0,1010.0,0.0,13,,0.03,,0,muhimbili_tanzania
2022-12-04 21:00:00,26.5,82,23.0,11.4,20.9,0.0,1011.0,0.0,20,,0.02,,1,muhimbili_tanzania
2022-12-04 22:00:00,26.5,81,23.0,11.7,20.9,0.0,1011.5,0.0,22,,0.03,,1,muhimbili_tanzania
2022-12-04 23:00:00,26.4,82,23.0,10.5,20.5,0.0,1011.7,0.0,15,,0.02,,0,muhimbili_tanzania
2022-12-05 00:00:00,26.0,83,23.0,8.5,18.7,0.0,1011.3,0.0,30,,0.01,,1,muhimbili_tanzania
2022-12-05 01:00:00,25.8,84,22.9,7.3,15.5,0.0,1010.9,0.0,50,,0.01,,2,muhimbili_tanzania
2022-12-05 02:00:00,25.6,85,22.9,5.6,13.0,0.0,1010.9,0.0,35,,0.0,,1,muhimbili_tanzania
2022-12-05 03:00:00,25.8,84,22.8,6.6,10.1,0.0,1010.1,0.0,36,,0.01,,1,muhimbili_tanzania
2022-12-05 04:00:00,25.6,84,22.7,6.1,11.9,0.0,1010.2,0.0,76,,0.0,,2,muhimbili_tanzania
2022-12-05 05:00:00,25.4,85,22.8,5.6,10.4,0.0,1010.5,0.0,93,,0.0,,3,muhimbili_tanzania
2022-12-05 06:00:00,25.0,87,22.8,5.1,10.1,0.0,1011.3,0.0,87,,0.0,,3,muhimbili_tanzania
2022-12-05 07:00:00,26.6,77,22.4,8.2,15.8,0.0,1012.1,64.0,80,,0.06,,3,muhimbili_tanzania
2022-12-05 08:00:00,28.0,70,22.0,9.4,22.0,0.0,1013.0,273.0,91,,0.21,,3,muhimbili_tanzania
2022-12-05 09:00:00,29.0,65,21.8,10.0,24.8,0.0,1013.3,492.0,97,,0.37,,3,muhimbili_tanzania
2022-12-05 10:00:00,29.8,61,21.4,10.4,27.4,0.0,1013.2,713.0,96,,0.53,,3,muhimbili_tanzania
2022-12-05 11:00:00,30.2,59,21.3,11.5,29.9,0.0,1013.0,847.0,33,,0.63,,1,muhimbili_tanzania
2022-12-05 12:00:00,30.6,56,21.0,12.8,32.0,0.0,1012.2,924.0,60,,0.69,,2,muhimbili_tanzania
2022-12-05 13:00:00,30.9,56,21.0,14.0,33.8,0.0,1011.5,993.0,34,,0.73,,1,muhimbili_tanzania
2022-12-05 14:00:00,30.8,56,20.9,15.3,35.6,0.0,1010.4,956.0,100,,0.71,,3,muhimbili_tanzania
2022-12-05 15:00:00,30.0,59,21.2,14.1,35.6,0.0,1009.9,823.0,99,,0.6,,3,muhimbili_tanzania
2022-12-05 16:00:00,29.5,62,21.4,13.8,33.1,0.0,1009.3,630.0,95,,0.47,,3,muhimbili_tanzania
2022-12-05 17:00:00,28.5,67,21.8,14.6,31.7,0.0,1009.3,397.0,100,,0.31,,3,muhimbili_tanzania
2022-12-05 18:00:00,27.2,75,22.3,14.4,30.6,0.0,1009.6,161.0,100,,0.14,,3,muhimbili_tanzania
2022-12-05 19:00:00,26.5,80,22.8,13.0,27.7,0.0,1010.2,10.0,100,,0.04,,3,muhimbili_tanzania
2022-12-05 20:00:00,26.4,82,23.0,11.9,23.0,0.0,1010.8,0.0,100,,0.03,,3,muhimbili_tanzania
2022-12-05 21:00:00,26.2,83,23.1,9.9,20.9,0.0,1011.6,0.0,100,,0.02,,3,muhimbili_tanzania
2022-12-05 22:00:00,26.1,84,23.1,9.4,17.6,0.0,1011.8,0.0,100,,0.01,,3,muhimbili_tanzania
2022-12-05 23:00:00,26.0,84,23.0,9.1,16.6,0.0,1011.7,0.0,100,,0.01,,3,muhimbili_tanzania
2022-12-06 00:00:00,25.8,85,23.0,8.3,16.6,0.0,1011.2,0.0,100,,0.01,,3,muhimbili_tanzania
2022-12-06 01:00:00,25.8,85,23.0,7.6,14.8,0.0,1011.0,0.0,100,,0.01,,3,muhimbili_tanzania
2022-12-06 02:00:00,25.8,85,23.0,6.7,13.7,0.0,1010.6,0.0,100,,0.01,,3,muhimbili_tanzania
2022-12-06 03:00:00,25.7,85,22.9,6.6,12.2,0.0,1010.0,0.0,100,,0.0,,3,muhimbili_tanzania
2022-12-06 04:00:00,25.8,84,22.8,6.2,11.9,0.0,1010.2,0.0,97,,0.0,,3,muhimbili_tanzania
2022-12-06 05:00:00,25.8,83,22.7,6.1,11.2,0.0,1010.5,0.0,100,,0.01,,3,muhimbili_tanzania
2022-12-06 06:00:00,25.9,83,22.8,5.5,11.2,0.0,1011.0,0.0,100,,0.0,,3,muhimbili_tanzania
2022-12-06 07:00:00,27.0,76,22.5,7.5,15.5,0.0,1012.0,62.0,100,,0.06,,3,muhimbili_tanzania
2022-12-06 08:00:00,28.0,71,22.3,10.0,23.0,0.1,1012.7,267.0,100,,0.21,,51,muhimbili_tanzania
2022-12-06 09:00:00,29.0,67,22.1,10.2,25.6,0.1,1012.9,497.0,100,,0.37,,51,muhimbili_tanzania
2022-12-06 10:00:00,30.0,62,22.0,11.1,28.1,0.1,1013.1,712.0,100,,0.53,,51,muhimbili_tanzania
2022-12-06 11:00:00,30.5,60,21.9,12.4,31.0,0.0,1012.5,852.0,100,,0.63,,3,muhimbili_tanzania
2022-12-06 12:00:00,30.8,60,22.0,14.1,34.2,0.0,1011.7,957.0,100,,0.7,,3,muhimbili_tanzania
2022-12-06 13:00:00,30.5,61,22.1,15.0,34.9,0.0,1011.0,898.0,100,,0.66,,3,muhimbili_tanzania
2022-12-06 14:00:00,30.6,61,22.1,15.6,36.4,0.0,1009.8,922.0,84,,0.67,,3,muhimbili_tanzania
2022-12-06 15:00:00,29.9,63,22.1,16.5,37.1,0.0,1009.4,798.0,56,,0.58,,2,muhimbili_tanzania
2022-12-06 16:00:00,29.4,65,22.0,15.6,36.4,0.0,1008.8,618.0,93,,0.46,,3,muhimbili_tanzania
2022-12-06 17:00:00,28.5,70,22.4,15.4,34.2,0.0,1008.6,401.0,45,,0.3,,1,muhimbili_tanzania
2022-12-06 18:00:00,27.4,75,22.5,15.0,32.4,0.0,1008.7,157.0,8,,0.14,,0,muhimbili_tanzania
2022-12-06 19:00:00,26.9,79,23.0,13.8,28.8,0.0,1009.1,10.0,8,,0.05,,0,muhimbili_tanzania
2022-12-06 20:00:00,26.7,82,23.3,12.8,24.8,0.0,1010.0,0.0,12,,0.03,,0,muhimbili_tanzania
2022-12-06 21:00:00,26.5,83,23.5,11.0,22.3,0.0,1011.1,0.0,17,,0.02,,0,muhimbili_tanzania
2022-12-06 22:00:00,26.5,83,23.4,11.2,20.2,0.0,1011.6,0.0,32,,0.02,,1,muhimbili_tanzania
2022-12-06 23:00:00,26.5,82,23.2,10.8,20.5,0.0,1011.7,0.0,35,,0.02,,1,muhimbili_tanzania
2022-12-07 00:00:00,26.4,83,23.2,10.5,19.4,0.0,1011.4,0.0,36,,0.02,,1,muhimbili_tanzania
2022-12-07 01:00:00,26.3,83,23.1,10.5,19.1,0.0,1010.9,0.0,42,,0.02,,1,muhimbili_tanzania
2022-12-07 02:00:00,26.2,83,23.0,9.8,18.7,0.0,1010.7,0.0,51,,0.02,,2,muhimbili_tanzania
2022-12-07 03:00:00,26.4,80,22.7,9.7,17.6,0.0,1010.2,0.0,40,,0.02,,1,muhimbili_tanzania
2022-12-07 04:00:00,26.2,81,22.6,8.7,16.9,0.0,1010.0,0.0,38,,0.02,,1,muhimbili_tanzania
2022-12-07 05:00:00,25.9,82,22.6,7.3,15.5,0.0,1010.4,0.0,51,,0.01,,2,muhimbili_tanzania
2022-12-07 06:00:00,25.6,84,22.6,6.2,13.0,0.0,1011.1,0.0,45,,0.0,,1,muhimbili_tanzania
2022-12-07 07:00:00,26.3,80,22.6,8.3,15.8,0.1,1012.3,61.0,58,,0.06,,51,muhimbili_tanzania
2022-12-07 08:00:00,27.5,74,22.3,9.7,22.0,0.2,1012.9,230.0,52,,0.18,,51,muhimbili_tanzania
2022-12-07 09:00:00,28.5,69,22.2,10.9,25.9,0.3,1013.2,441.0,25,,0.33,,51,muhimbili_tanzania
2022-12-07 10:00:00,29.5,65,22.2,13.0,30.6,0.2,1013.0,660.0,30,,0.49,,51,muhimbili_tanzania
2022-12-07 11:00:00,30.1,63,22.2,13.4,32.0,0.1,1012.4,792.0,13,,0.58,,51,muhimbili_tanzania
2022-12-07 12:00:00,30.6,61,22.1,14.3,34.6,0.0,1011.6,921.0,4,,0.68,,0,muhimbili_tanzania
2022-12-07 13:00:00,30.8,58,21.7,14.8,34.9,0.0,1010.6,934.0,3,,0.69,,0,muhimbili_tanzania
2022-12-07 14:00:00,30.8,57,21.4,14.7,35.6,0.0,1009.7,934.0,11,,0.69,,0,muhimbili_tanzania
2022-12-07 15:00:00,30.0,60,21.4,14.7,35.6,0.0,1008.9,812.0,5,,0.6,,0,muhimbili_tanzania
2022-12-07 16:00:00,29.6,62,21.5,15.1,33.8,0.0,1008.4,633.0,3,,0.47,,0,muhimbili_tanzania
2022-12-07 17:00:00,28.8,68,22.1,15.9,33.5,0.0,1008.5,402.0,5,,0.31,,0,muhimbili_tanzania
2022-12-07 18:00:00,27.7,73,22.5,15.2,32.8,0.0,1008.9,165.0,7,,0.15,,0,muhimbili_tanzania
2022-12-07 19:00:00,27.0,78,22.8,13.6,29.2,0.0,1009.4,11.0,3,,0.05,,0,muhimbili_tanzania
2022-12-07 20:00:00,26.8,79,22.9,10.9,24.1,0.0,1010.3,0.0,4,,0.03,,0,muhimbili_tanzania
2022-12-07 21:00:00,26.5,82,23.1,9.2,19.4,0.0,1011.0,0.0,6,,0.02,,0,muhimbili_tanzania
2022-12-07 22:00:00,26.1,84,23.2,7.2,16.2,0.0,1011.3,0.0,7,,0.01,,0,muhimbili_tanzania
2022-12-07 23:00:00,25.6,88,23.5,5.1,12.6,0.0,1011.6,0.0,11,,0.0,,0,muhimbili_tanzania
2022-12-08 00:00:00,25.2,91,23.6,4.3,9.0,0.0,1011.7,0.0,21,,0.0,,1,muhimbili_tanzania
2022-12-08 01:00:00,25.0,92,23.6,4.2,8.3,0.0,1011.4,0.0,28,,0.0,,1,muhimbili_tanzania
2022-12-08 02:00:00,24.8,94,23.6,3.7,7.6,0.0,1011.2,0.0,27,,0.0,,1,muhimbili_tanzania
2022-12-08 03:00:00,25.0,91,23.5,3.9,6.5,0.0,1010.9,0.0,13,,0.0,,0,muhimbili_tanzania
2022-12-08 04:00:00,25.0,92,23.5,3.8,7.2,0.0,1011.0,0.0,19,,0.0,,0,muhimbili_tanzania
2022-12-08 05:00:00,25.0,92,23.5,4.4,7.6,0.1,1011.2,0.0,29,,0.0,,51,muhimbili_tanzania
2022-12-08 06:00:00,24.6,92,23.2,4.0,8.6,0.5,1012.1,0.0,57,,0.0,,53,muhimbili_tanzania
2022-12-08 07:00:00,25.8,85,23.0,4.0,10.4,0.1,1012.9,59.0,31,,0.04,,51,muhimbili_tanzania
2022-12-08 08:00:00,27.1,77,22.8,6.5,16.9,0.1,1013.3,229.0,38,,0.17,,51,muhimbili_tanzania
2022-12-08 09:00:00,28.7,69,22.4,9.4,23.8,0.1,1013.6,462.0,16,,0.34,,51,muhimbili_tanzania
2022-12-08 10:00:00,30.0,62,22.0,11.9,29.5,0.1,1013.5,695.0,13,,0.52,,51,muhimbili_tanzania
2022-12-08 11:00:00,30.6,59,21.8,14.1,33.1,0.0,1013.0,819.0,6,,0.61,,0,muhimbili_tanzania
2022-12-08 12:00:00,31.0,56,21.4,15.4,36.0,0.0,1012.2,962.0,9,,0.72,,0,muhimbili_tanzania
2022-12-08 13:00:00,30.9,58,21.5,16.6,38.2,0.0,1011.3,943.0,10,,0.7,,0,muhimbili_tanzania
2022-12-08 14:00:00,30.5,59,21.6,16.9,38.9,0.0,1010.6,917.0,4,,0.67,,0,muhimbili_tanzania
2022-12-08 15:00:00,29.9,63,22.1,16.8,38.5,0.0,1009.9,803.0,8,,0.58,,0,muhimbili_tanzania
2022-12-08 16:00:00,29.6,64,22.2,17.0,37.1,0.1,1009.5,611.0,21,,0.46,,51,muhimbili_tanzania
2022-12-08 17:00:00,28.6,69,22.3,17.3,36.7,0.0,1009.1,362.0,17,,0.29,,0,muhimbili_tanzania
2022-12-08 18:00:00,27.6,73,22.5,16.4,35.3,0.0,1009.5,146.0,14,,0.15,,0,muhimbili_tanzania
2022-12-08 19:00:00,26.8,79,22.8,13.0,31.3,0.0,1009.7,11.0,4,,0.05,,0,muhimbili_tanzania
2022-12-08 20:00:00,26.5,82,23.1,12.0,24.5,0.0,1010.6,0.0,3,,0.03,,0,muhimbili_tanzania
2022-12-08 21:00:00,26.4,83,23.2,10.5,21.6,0.0,1011.4,0.0,2,,0.02,,0,muhimbili_tanzania
2022-12-08 22:00:00,26.2,84,23.4,9.7,18.7,0.0,1012.0,0.0,10,,0.01,,0,muhimbili_tanzania
2022-12-08 23:00:00,26.0,86,23.5,7.6,16.9,0.0,1012.3,0.0,16,,0.01,,0,muhimbili_tanzania
2022-12-09 00:00:00,25.6,88,23.5,5.4,13.7,0.0,1012.0,0.0,19,,0.0,,0,muhimbili_tanzania
2022-12-09 01:00:00,25.2,91,23.6,4.4,9.4,0.0,1011.7,0.0,22,,0.0,,1,muhimbili_tanzania
2022-12-09 02:00:00,25.0,92,23.5,4.4,7.6,0.1,1011.5,0.0,16,,0.0,,51,muhimbili_tanzania
2022-12-09 03:00:00,25.6,85,23.0,4.7,7.2,0.4,1011.3,0.0,57,,0.0,,51,muhimbili_tanzania
2022-12-09 04:00:00,25.2,87,23.0,4.0,9.7,0.1,1011.3,0.0,24,,0.0,,51,muhimbili_tanzania
2022-12-09 05:00:00,24.9,89,23.0,5.5,7.2,0.1,1011.5,0.0,16,,0.0,,51,muhimbili_tanzania
2022-12-09 06:00:00,24.9,89,22.9,5.9,7.9,0.1,1012.1,0.0,17,,0.0,,51,muhimbili_tanzania
2022-12-09 07:00:00,26.6,80,22.9,5.8,11.9,0.1,1012.6,62.0,20,,0.05,,51,muhimbili_tanzania
2022-12-09 08:00:00,27.9,71,22.2,9.0,21.2,0.0,1013.2,259.0,15,,0.2,,0,muhimbili_tanzania
2022-12-09 09:00:00,28.9,66,21.9,9.8,24.8,0.1,1013.8,489.0,17,,0.36,,51,muhimbili_tanzania
2022-12-09 10:00:00,29.7,63,21.8,11.1,28.1,0.1,1013.6,690.0,10,,0.51,,51,muhimbili_tanzania
2022-12-09 11:00:00,30.3,60,21.7,12.9,31.7,0.0,1013.1,841.0,7,,0.62,,0,muhimbili_tanzania
2022-12-09 12:00:00,30.6,59,21.6,13.6,33.1,0.0,1012.5,921.0,3,,0.68,,0,muhimbili_tanzania
2022-12-09 13:00:00,30.7,59,21.6,14.7,35.3,0.0,1011.7,972.0,4,,0.71,,0,muhimbili_tanzania
2022-12-09 14:00:00,30.2,61,22.0,14.7,35.6,0.0,1010.6,915.0,4,,0.66,,0,muhimbili_tanzania
2022-12-09 15:00:00,29.5,61,21.2,13.1,34.9,0.0,1009.7,807.0,9,,0.59,,0,muhimbili_tanzania
2022-12-09 16:00:00,29.3,62,21.4,14.1,32.4,0.0,1009.3,591.0,15,,0.45,,0,muhimbili_tanzania
2022-12-09 17:00:00,28.5,66,21.6,14.7,32.0,0.0,1009.1,338.0,19,,0.28,,0,muhimbili_tanzania
2022-12-09 18:00:00,27.6,70,21.7,14.8,31.7,0.0,1009.1,158.0,3,,0.15,,0,muhimbili_tanzania
2022-12-09 19:00:00,26.9,76,22.3,13.3,28.4,0.0,1009.4,12.0,3,,0.05,,0,muhimbili_tanzania
2022-12-09 20:00:00,26.6,78,22.5,11.2,23.8,0.0,1010.3,0.0,0,,0.03,,0,muhimbili_tanzania
2022-12-09 21:00:00,26.4,80,22.6,9.2,19.8,0.0,1011.1,0.0,5,,0.02,,0,muhimbili_tanzania
2022-12-09 22:00:00,26.2,81,22.8,8.5,16.6,0.0,1011.8,0.0,4,,0.02,,0,muhimbili_tanzania
2022-12-09 23:00:00,25.9,83,22.9,6.6,15.1,0.0,1011.8,0.0,4,,0.01,,0,muhimbili_tanzania
2022-12-10 00:00:00,25.4,87,23.0,4.8,11.9,0.0,1011.5,0.0,9,,0.0,,0,muhimbili_tanzania
2022-12-10 01:00:00,24.9,91,23.2,4.6,7.9,0.0,1011.0,0.0,19,,0.0,,0,muhimbili_tanzania
2022-12-10 02:00:00,24.5,93,23.3,6.3,7.9,0.0,1010.7,0.0,31,,0.0,,1,muhimbili_tanzania
2022-12-10 03:00:00,25.2,88,23.0,5.1,8.3,0.0,1010.2,0.0,22,,0.0,,1,muhimbili_tanzania
2022-12-10 04:00:00,25.3,86,22.8,4.8,8.6,0.0,1010.4,0.0,19,,0.0,,0,muhimbili_tanzania
2022-12-10 05:00:00,25.0,87,22.6,5.2,7.9,0.0,1010.8,0.0,27,,0.0,,1,muhimbili_tanzania
2022-12-10 06:00:00,24.9,87,22.6,5.1,8.3,0.0,1011.4,0.0,16,,0.0,,0,muhimbili_tanzania
2022-12-10 07:00:00,26.8,76,22.3,7.4,14.8,0.0,1011.7,60.0,50,,0.06,,2,muhimbili_tanzania
2022-12-10 08:00:00,28.0,70,22.0,8.4,20.9,0.0,1012.1,263.0,94,,0.2,,3,muhimbili_tanzania
2022-12-10 09:00:00,29.0,65,21.9,9.4,24.1,0.0,1012.5,486.0,25,,0.36,,1,muhimbili_tanzania
2022-12-10 10:00:00,29.8,63,21.9,10.4,27.0,0.0,1012.7,659.0,15,,0.49,,0,muhimbili_tanzania
2022-12-10 11:00:00,30.5,60,21.7,9.7,27.4,0.1,1012.3,809.0,26,,0.6,,51,muhimbili_tanzania
2022-12-10 12:00:00,31.0,56,21.2,10.8,28.8,0.0,1011.6,882.0,56,,0.67,,2,muhimbili_tanzania
2022-12-10 13:00:00,31.4,52,20.5,13.4,32.4,0.0,1010.6,879.0,23,,0.68,,1,muhimbili_tanzania
2022-12-10 14:00:00,30.4,56,20.7,13.0,33.8,0.0,1009.6,720.0,80,,0.56,,3,muhimbili_tanzania
2022-12-10 15:00:00,30.5,61,22.1,14.1,34.9,0.0,1008.4,598.0,100,,0.48,,3,muhimbili_tanzania
2022-12-10 16:00:00,29.4,66,22.3,15.5,34.2,0.3,1007.7,544.0,96,,0.41,,51,muhimbili_tanzania
2022-12-10 17:00:00,29.0,63,21.2,14.0,33.5,0.0,1007.7,370.0,62,,0.3,,2,muhimbili_tanzania
2022-12-10 18:00:00,27.8,72,22.2,13.7,29.5,0.0,1007.8,150.0,32,,0.15,,1,muhimbili_tanzania
2022-12-10 19:00:00,27.0,78,22.9,10.9,26.6,0.0,1008.6,11.0,30,,0.04,,1,muhimbili_tanzania
2022-12-10 20:00:00,26.8,80,23.1,10.0,20.2,0.0,1009.8,0.0,100,,0.02,,3,muhimbili_tanzania
2022-12-10 21:00:00,26.6,82,23.2,9.3,18.0,0.0,1011.0,0.0,99,,0.02,,3,muhimbili_tanzania
2022-12-10 22:00:00,26.5,83,23.4,8.2,16.9,0.0,1011.7,0.0,99,,0.01,,3,muhimbili_tanzania
2022-12-10 23:00:00,26.2,85,23.5,8.3,14.8,0.0,1011.9,0.0,81,,0.01,,3,muhimbili_tanzania
2022-12-11 00:00:00,26.1,85,23.5,8.6,15.1,0.0,1011.6,0.0,94,,0.01,,3,muhimbili_tanzania
2022-12-11 01:00:00,26.0,86,23.5,8.8,15.5,0.0,1011.3,0.0,94,,0.01,,3,muhimbili_tanzania
2022-12-11 02:00:00,26.1,84,23.3,8.4,15.8,0.0,1010.9,0.0,95,,0.01,,3,muhimbili_tanzania
2022-12-11 03:00:00,26.4,82,23.1,9.0,15.1,0.0,1010.7,0.0,45,,0.02,,1,muhimbili_tanzania
2022-12-11 04:00:00,26.3,83,23.1,7.6,16.2,0.0,1010.8,0.0,24,,0.01,,1,muhimbili_tanzania
2022-12-11 05:00:00,25.9,84,23.0,5.4,13.7,0.1,1011.2,0.0,43,,0.0,,51,muhimbili_tanzania
2022-12-11 06:00:00,25.5,85,22.8,4.3,9.4,0.2,1012.0,0.0,77,,0.0,,51,muhimbili_tanzania
2022-12-11 07:00:00,26.5,78,22.5,4.0,9.7,0.1,1012.5,46.0,27,,0.04,,51,muhimbili_tanzania
2022-12-11 08:00:00,27.9,70,21.9,3.3,13.0,0.0,1012.9,225.0,34,,0.16,,1,muhimbili_tanzania
2022-12-11 09:00:00,29.1,63,21.5,8.0,21.2,0.0,1012.8,430.0,18,,0.33,,0,muhimbili_tanzania
2022-12-11 10:00:00,30.0,60,21.4,10.8,27.0,0.1,1012.9,654.0,54,,0.5,,51,muhimbili_tanzania
2022-12-11 11:00:00,30.5,59,21.6,12.7,31.3,0.0,1012.4,776.0,67,,0.59,,2,muhimbili_tanzania
2022-12-11 12:00:00,31.0,58,21.6,13.0,32.8,0.0,1011.6,937.0,88,,0.7,,3,muhimbili_tanzania
2022-12-11 13:00:00,30.5,59,21.7,12.9,32.8,0.0,1011.0,902.0,90,,0.67,,3,muhimbili_tanzania
2022-12-11 14:00:00,30.8,59,21.9,13.4,32.4,0.0,1009.8,808.0,9,,0.61,,0,muhimbili_tanzania
2022-12-11 15:00:00,29.9,62,21.8,15.1,36.4,0.0,1008.9,751.0,3,,0.56,,0,muhimbili_tanzania
2022-12-11 16:00:00,29.5,64,22.0,16.2,35.3,0.0,1008.1,582.0,17,,0.44,,0,muhimbili_tanzania
2022-12-11 17:00:00,28.6,70,22.5,15.3,35.3,0.0,1008.0,389.0,23,,0.3,,1,muhimbili_tanzania
2022-12-11 18:00:00,27.8,74,22.6,14.5,31.7,0.0,1008.3,168.0,1,,0.15,,0,muhimbili_tanzania
2022-12-11 19:00:00,27.0,78,22.9,12.2,28.1,0.0,1008.9,13.0,5,,0.05,,0,muhimbili_tanzania
2022-12-11 20:00:00,26.8,80,23.0,11.2,21.6,0.0,1009.9,0.0,9,,0.03,,0,muhimbili_tanzania
2022-12-11 21:00:00,26.8,80,23.0,11.5,20.5,0.0,1010.9,0.0,24,,0.03,,1,muhimbili_tanzania
2022-12-11 22:00:00,26.8,79,23.0,11.2,20.9,0.0,1011.7,0.0,24,,0.03,,1,muhimbili_tanzania
2022-12-11 23:00:00,26.8,80,23.0,10.1,19.8,0.0,1012.0,0.0,17,,0.02,,0,muhimbili_tanzania
2022-12-12 00:00:00,26.5,80,22.9,9.9,18.0,0.0,1011.6,0.0,17,,0.02,,0,muhimbili_tanzania
2022-12-12 01:00:00,26.2,82,23.0,7.6,17.3,0.0,1011.1,0.0,21,,0.01,,1,muhimbili_tanzania
2022-12-12 02:00:00,25.9,85,23.0,7.2,13.3,0.1,1010.7,0.0,23,,0.01,,51,muhimbili_tanzania
2022-12-12 03:00:00,26.0,83,22.9,9.0,13.0,0.3,1010.5,0.0,39,,0.02,,51,muhimbili_tanzania
2022-12-12 04:00:00,26.2,81,22.7,7.4,15.5,0.0,1010.3,0.0,25,,0.01,,1,muhimbili_tanzania
2022-12-12 05:00:00,25.4,85,22.6,5.9,12.6,0.5,1010.7,0.0,73,,0.0,,53,muhimbili_tanzania
2022-12-12 06:00:00,24.6,90,22.9,3.7,10.1,0.1,1011.1,0.0,55,,0.0,,51,muhimbili_tanzania
2022-12-12 07:00:00,25.8,83,22.6,1.0,5.8,0.6,1011.8,46.0,56,,0.03,,53,muhimbili_tanzania
2022-12-12 08:00:00,25.8,80,22.1,6.9,17.6,0.4,1012.7,198.0,65,,0.14,,51,muhimbili_tanzania
2022-12-12 09:00:00,27.0,76,22.4,10.0,22.7,0.1,1012.7,329.0,56,,0.24,,51,muhimbili_tanzania
2022-12-12 10:00:00,28.0,71,22.1,8.7,28.1,0.1,1012.6,595.0,21,,0.42,,51,muhimbili_tanzania
2022-12-12 11:00:00,29.5,64,22.0,12.2,30.6,0.2,1012.0,809.0,22,,0.58,,51,muhimbili_tanzania
2022-12-12 12:00:00,29.8,64,22.3,14.0,33.8,0.2,1011.4,891.0,23,,0.64,,51,muhimbili_tanzania
2022-12-12 13:00:00,29.9,65,22.5,14.8,35.6,0.0,1010.4,926.0,21,,0.66,,1,muhimbili_tanzania
2022-12-12 14:00:00,29.5,66,22.5,16.0,37.4,0.0,1009.3,919.0,5,,0.64,,0,muhimbili_tanzania
2022-12-12 15:00:00,29.9,63,22.0,18.7,38.2,0.0,1008.4,661.0,10,,0.5,,0,muhimbili_tanzania
2022-12-12 16:00:00,29.2,66,22.1,16.6,39.2,0.2,1008.1,496.0,13,,0.39,,51,muhimbili_tanzania
2022-12-12 17:00:00,28.6,69,22.3,16.5,35.6,0.0,1008.2,390.0,3,,0.3,,0,muhimbili_tanzania
2022-12-12 18:00:00,27.8,73,22.5,15.3,33.8,0.0,1008.6,172.0,8,,0.16,,0,muhimbili_tanzania
2022-12-12 19:00:00,27.2,77,22.8,13.3,29.5,0.0,1009.0,13.0,11,,0.05,,0,muhimbili_tanzania
2022-12-12 20:00:00,27.1,77,22.8,13.0,23.8,0.0,1010.1,0.0,7,,0.04,,0,muhimbili_tanzania
2022-12-12 21:00:00,27.0,77,22.7,12.6,23.0,0.0,1011.0,0.0,11,,0.04,,0,muhimbili_tanzania
2022-12-12 22:00:00,27.0,78,22.7,10.4,22.3,0.0,1011.4,0.0,12,,0.03,,0,muhimbili_tanzania
2022-12-12 23:00:00,26.6,79,22.7,7.6,18.4,0.0,1011.5,0.0,17,,0.02,,0,muhimbili_tanzania
2022-12-13 00:00:00,26.4,80,22.8,5.4,13.7,0.0,1011.5,0.0,18,,0.01,,0,muhimbili_tanzania
2022-12-13 01:00:00,26.0,82,22.8,4.7,9.7,0.0,1011.2,0.0,15,,0.0,,0,muhimbili_tanzania
2022-12-13 02:00:00,25.4,86,22.9,5.1,8.3,0.0,1010.7,0.0,18,,0.0,,0,muhimbili_tanzania
2022-12-13 03:00:00,25.5,84,22.6,5.5,8.3,0.0,1010.2,0.0,16,,0.0,,0,muhimbili_tanzania
2022-12-13 04:00:00,25.4,85,22.6,6.2,8.6,0.0,1010.1,0.0,12,,0.0,,0,muhimbili_tanzania
2022-12-13 05:00:00,25.8,83,22.6,2.7,7.6,0.1,1010.5,0.0,31,,0.0,,51,muhimbili_tanzania
2022-12-13 06:00:00,25.7,83,22.5,2.5,4.0,0.0,1011.0,0.0,39,,0.0,,1,muhimbili_tanzania
2022-12-13 07:00:00,25.8,83,22.7,6.7,14.0,0.1,1011.7,54.0,48,,0.04,,51,muhimbili_tanzania
2022-12-13 08:00:00,26.7,78,22.5,6.2,19.8,0.2,1012.6,237.0,39,,0.17,,51,muhimbili_tanzania
2022-12-13 09:00:00,27.5,74,22.4,2.2,17.6,0.0,1013.1,312.0,73,,0.23,,2,muhimbili_tanzania
2022-12-13 10:00:00,28.0,71,22.2,9.6,24.5,0.2,1013.2,537.0,56,,0.39,,51,muhimbili_tanzania
2022-12-13 11:00:00,29.2,65,21.9,8.6,27.0,0.1,1012.5,718.0,27,,0.53,,51,muhimbili_tanzania
2022-12-13 12:00:00,30.4,60,21.8,13.1,32.0,0.0,1011.8,912.0,23,,0.67,,1,muhimbili_tanzania
2022-12-13 13:00:00,30.0,63,22.1,15.5,36.0,0.0,1010.7,861.0,41,,0.63,,1,muhimbili_tanzania
2022-12-13 14:00:00,28.2,68,21.8,15.3,37.8,0.5,1010.1,807.0,67,,0.56,,53,muhimbili_tanzania
2022-12-13 15:00:00,26.7,81,23.1,13.1,35.3,0.0,1009.9,709.0,72,,0.46,,2,muhimbili_tanzania
2022-12-13 16:00:00,27.1,78,22.9,14.7,32.4,0.1,1009.6,362.0,100,,0.27,,51,muhimbili_tanzania
2022-12-13 17:00:00,26.9,78,22.6,14.0,31.3,0.0,1009.3,209.0,100,,0.18,,3,muhimbili_tanzania
2022-12-13 18:00:00,26.4,79,22.5,14.2,29.2,0.0,1009.9,119.0,100,,0.11,,3,muhimbili_tanzania
2022-12-13 19:00:00,26.0,80,22.4,12.7,27.7,0.0,1010.3,11.0,100,,0.04,,3,muhimbili_tanzania
2022-12-13 20:00:00,25.5,83,22.4,10.7,24.1,0.0,1011.2,0.0,100,,0.02,,3,muhimbili_tanzania
2022-12-13 21:00:00,25.5,84,22.5,8.2,19.8,0.0,1011.9,0.0,89,,0.01,,3,muhimbili_tanzania
2022-12-13 22:00:00,25.5,85,22.8,6.9,14.8,0.0,1012.1,0.0,94,,0.01,,3,muhimbili_tanzania
2022-12-13 23:00:00,25.3,87,23.0,6.1,12.2,0.0,1012.2,0.0,85,,0.0,,3,muhimbili_tanzania
2022-12-14 00:00:00,24.9,89,23.0,3.8,11.2,0.0,1012.0,0.0,95,,0.0,,3,muhimbili_tanzania
2022-12-14 01:00:00,24.4,93,23.2,4.6,6.5,0.0,1011.4,0.0,100,,0.0,,3,muhimbili_tanzania
2022-12-14 02:00:00,25.1,88,23.0,2.9,6.5,0.0,1010.9,0.0,100,,0.0,,3,muhimbili_tanzania
2022-12-14 03:00:00,26.0,81,22.5,2.9,4.0,0.0,1010.4,0.0,100,,0.0,,3,muhimbili_tanzania
2022-12-14 04:00:00,25.0,84,22.2,2.9,5.0,0.2,1010.6,0.0,100,,0.0,,51,muhimbili_tanzania
2022-12-14 05:00:00,25.0,88,22.8,4.6,10.8,0.1,1010.9,0.0,100,,0.0,,51,muhimbili_tanzania
2022-12-14 06:00:00,24.9,87,22.5,4.7,9.4,0.0,1011.5,0.0,69,,0.0,,2,muhimbili_tanzania
2022-12-14 07:00:00,25.5,84,22.5,4.6,11.2,0.0,1012.3,44.0,87,,0.04,,3,muhimbili_tanzania
2022-12-14 08:00:00,26.1,80,22.4,3.2,14.0,0.1,1013.4,189.0,100,,0.13,,51,muhimbili_tanzania
2022-12-14 09:00:00,26.4,78,22.3,9.2,22.0,0.0,1013.2,253.0,49,,0.19,,1,muhimbili_tanzania
2022-12-14 10:00:00,27.5,72,22.1,6.6,23.4,0.0,1013.1,499.0,91,,0.36,,3,muhimbili_tanzania
2022-12-14 11:00:00,29.2,65,21.9,9.8,28.4,0.0,1012.4,821.0,100,,0.59,,3,muhimbili_tanzania
2022-12-14 12:00:00,29.9,60,21.3,11.8,29.9,0.0,1011.7,874.0,100,,0.64,,3,muhimbili_tanzania
2022-12-14 13:00:00,29.8,61,21.4,13.9,34.2,0.0,1010.7,959.0,100,,0.69,,3,muhimbili_tanzania
2022-12-14 14:00:00,30.4,58,21.1,15.0,34.9,0.0,1010.1,951.0,96,,0.69,,3,muhimbili_tanzania
2022-12-14 15:00:00,29.5,65,22.2,15.1,36.7,0.0,1009.3,636.0,93,,0.48,,3,muhimbili_tanzania
2022-12-14 16:00:00,29.1,67,22.3,15.8,34.2,0.0,1008.8,609.0,77,,0.45,,2,muhimbili_tanzania
2022-12-14 17:00:00,28.1,71,22.4,15.7,34.9,0.0,1008.6,352.0,76,,0.27,,2,muhimbili_tanzania
2022-12-14 18:00:00,27.1,76,22.6,14.8,32.8,0.0,1009.3,167.0,79,,0.14,,2,muhimbili_tanzania
2022-12-14 19:00:00,26.5,81,23.0,13.7,29.2,0.0,1010.0,14.0,97,,0.04,,3,muhimbili_tanzania
2022-12-14 20:00:00,26.5,82,23.2,12.3,25.2,0.0,1010.8,0.0,100,,0.03,,3,muhimbili_tanzania
2022-12-14 21:00:00,26.5,82,23.1,11.2,22.3,0.0,1011.6,0.0,90,,0.02,,3,muhimbili_tanzania
2022-12-14 22:00:00,26.2,83,23.2,9.7,20.2,0.0,1011.7,0.0,45,,0.02,,1,muhimbili_tanzania
2022-12-14 23:00:00,26.1,84,23.2,9.8,17.6,0.0,1011.7,0.0,33,,0.01,,1,muhimbili_tanzania
2022-12-15 00:00:00,25.9,85,23.2,9.1,17.3,0.1,1011.4,0.0,22,,0.01,,51,muhimbili_tanzania
2022-12-15 01:00:00,25.5,88,23.3,6.8,15.8,0.1,1010.8,0.0,25,,0.0,,51,muhimbili_tanzania
2022-12-15 02:00:00,25.0,89,23.2,6.7,13.3,0.1,1010.4,0.0,34,,0.0,,51,muhimbili_tanzania
2022-12-15 03:00:00,25.5,85,22.9,6.0,11.9,0.0,1009.9,0.0,31,,0.0,,1,muhimbili_tanzania
2022-12-15 04:00:00,25.7,84,22.9,4.0,10.4,0.2,1009.8,0.0,32,,0.0,,51,muhimbili_tanzania
2022-12-15 05:00:00,24.8,89,22.8,6.8,11.5,0.3,1010.3,0.0,68,,0.0,,51,muhimbili_tanzania
2022-12-15 06:00:00,24.9,87,22.6,3.0,13.0,0.1,1010.6,0.0,31,,0.0,,51,muhimbili_tanzania
2022-12-15 07:00:00,25.6,83,22.5,2.2,7.6,0.0,1011.3,45.0,38,,0.03,,1,muhimbili_tanzania
2022-12-15 08:00:00,27.0,75,22.2,4.6,14.4,0.0,1011.9,229.0,52,,0.16,,2,muhimbili_tanzania
2022-12-15 09:00:00,28.1,70,22.1,7.2,20.5,0.3,1012.2,450.0,45,,0.32,,51,muhimbili_tanzania
2022-12-15 10:00:00,29.0,67,22.1,11.2,28.1,0.2,1012.0,639.0,31,,0.46,,51,muhimbili_tanzania
2022-12-15 11:00:00,29.6,65,22.2,12.2,30.6,0.1,1011.3,782.0,14,,0.57,,51,muhimbili_tanzania
2022-12-15 12:00:00,30.2,62,22.0,14.1,34.2,0.0,1010.4,911.0,5,,0.66,,0,muhimbili_tanzania
2022-12-15 13:00:00,30.6,60,21.9,14.2,34.6,0.0,1009.5,963.0,2,,0.7,,0,muhimbili_tanzania
2022-12-15 14:00:00,30.4,61,22.0,14.9,35.3,0.0,1008.5,918.0,3,,0.67,,0,muhimbili_tanzania
2022-12-15 15:00:00,29.9,63,22.2,15.1,35.3,0.0,1007.7,789.0,18,,0.57,,0,muhimbili_tanzania
2022-12-15 16:00:00,29.2,67,22.6,16.8,36.4,0.1,1007.3,603.0,9,,0.44,,51,muhimbili_tanzania
2022-12-15 17:00:00,28.4,71,22.6,15.0,36.0,0.0,1007.7,406.0,2,,0.3,,0,muhimbili_tanzania
2022-12-15 18:00:00,27.4,78,23.1,13.8,31.3,0.0,1008.4,172.0,6,,0.14,,0,muhimbili_tanzania
2022-12-15 19:00:00,26.9,79,23.0,10.1,27.0,0.0,1008.8,15.0,2,,0.04,,0,muhimbili_tanzania
2022-12-15 20:00:00,27.1,77,22.6,9.0,18.4,0.0,1009.8,0.0,3,,0.03,,0,muhimbili_tanzania
2022-12-15 21:00:00,27.0,76,22.5,8.3,16.2,0.0,1010.4,0.0,6,,0.02,,0,muhimbili_tanzania
2022-12-15 22:00:00,27.0,76,22.4,7.3,14.8,0.0,1010.8,0.0,8,,0.02,,0,muhimbili_tanzania
2022-12-15 23:00:00,26.8,77,22.4,7.0,13.0,0.0,1010.6,0.0,11,,0.02,,0,muhimbili_tanzania
2022-12-16 00:00:00,26.5,78,22.5,6.2,12.6,0.0,1010.3,0.0,15,,0.01,,0,muhimbili_tanzania
2022-12-16 01:00:00,26.0,82,22.5,4.7,10.8,0.0,1010.0,0.0,19,,0.0,,0,muhimbili_tanzania
2022-12-16 02:00:00,25.7,83,22.6,5.8,8.6,0.0,1009.8,0.0,14,,0.0,,0,muhimbili_tanzania
2022-12-16 03:00:00,25.5,83,22.5,6.2,7.2,0.0,1009.3,0.0,16,,0.0,,0,muhimbili_tanzania
2022-12-16 04:00:00,25.2,85,22.5,6.6,9.4,0.1,1009.3,0.0,20,,0.0,,51,muhimbili_tanzania
2022-12-16 05:00:00,25.9,82,22.5,5.2,8.3,0.0,1009.8,0.0,18,,0.0,,0,muhimbili_tanzania
2022-12-16 06:00:00,26.1,81,22.5,3.7,6.5,0.0,1010.4,0.0,16,,0.0,,0,muhimbili_tanzania
2022-12-16 07:00:00,26.5,79,22.6,1.5,6.1,0.0,1011.0,55.0,20,,0.03,,1,muhimbili_tanzania
2022-12-16 08:00:00,28.1,69,21.9,5.1,14.4,0.1,1011.4,244.0,27,,0.18,,51,muhimbili_tanzania
2022-12-16 09:00:00,29.0,65,21.8,9.1,23.0,0.1,1011.9,473.0,26,,0.35,,51,muhimbili_tanzania
2022-12-16 10:00:00,29.5,63,21.8,11.3,27.7,0.1,1011.6,619.0,20,,0.46,,51,muhimbili_tanzania
2022-12-16 11:00:00,30.2,60,21.8,12.7,31.0,0.1,1011.0,801.0,16,,0.6,,51,muhimbili_tanzania
2022-12-16 12:00:00,30.6,59,21.9,13.7,33.5,0.0,1010.1,900.0,16,,0.67,,0,muhimbili_tanzania
2022-12-16 13:00:00,30.6,60,22.0,14.3,34.9,0.0,1009.0,945.0,9,,0.69,,0,muhimbili_tanzania
2022-12-16 14:00:00,30.5,61,22.0,14.5,35.3,0.0,1007.9,909.0,9,,0.67,,0,muhimbili_tanzania
2022-12-16 15:00:00,30.5,59,21.6,14.5,34.6,0.0,1006.7,689.0,5,,0.53,,0,muhimbili_tanzania
2022-12-16 16:00:00,30.0,62,22.0,16.1,34.9,0.0,1006.7,627.0,16,,0.48,,0,muhimbili_tanzania
2022-12-16 17:00:00,29.0,66,22.1,15.0,34.9,0.0,1006.5,390.0,17,,0.31,,0,muhimbili_tanzania
2022-12-16 18:00:00,28.2,71,22.4,14.4,31.3,0.0,1006.8,170.0,7,,0.16,,0,muhimbili_tanzania
2022-12-16 19:00:00,27.6,75,22.8,11.5,28.4,0.0,1007.0,15.0,4,,0.05,,0,muhimbili_tanzania
2022-12-16 20:00:00,27.4,76,22.8,9.8,20.2,0.0,1007.9,0.0,1,,0.03,,0,muhimbili_tanzania
2022-12-16 21:00:00,27.1,77,22.8,10.0,17.6,0.0,1008.9,0.0,1,,0.03,,0,muhimbili_tanzania
2022-12-16 22:00:00,27.0,78,22.9,9.3,17.6,0.0,1009.3,0.0,3,,0.02,,0,muhimbili_tanzania
2022-12-16 23:00:00,26.8,80,23.0,9.0,16.9,0.0,1009.5,0.0,22,,0.02,,1,muhimbili_tanzania
2022-12-17 00:00:00,26.6,81,23.1,7.6,15.8,0.0,1009.4,0.0,60,,0.01,,2,muhimbili_tanzania
2022-12-17 01:00:00,26.4,83,23.1,6.2,13.3,0.0,1009.1,0.0,69,,0.01,,2,muhimbili_tanzania
2022-12-17 02:00:00,26.0,85,23.1,5.6,11.2,0.0,1008.7,0.0,41,,0.0,,1,muhimbili_tanzania
2022-12-17 03:00:00,26.4,80,22.7,7.1,11.9,0.0,1008.1,0.0,100,,0.01,,3,muhimbili_tanzania
2022-12-17 04:00:00,26.2,81,22.6,6.5,12.6,0.0,1008.2,0.0,97,,0.01,,3,muhimbili_tanzania
2022-12-17 05:00:00,26.1,81,22.5,7.4,12.6,0.0,1008.5,0.0,99,,0.01,,3,muhimbili_tanzania
2022-12-17 06:00:00,26.1,80,22.5,7.9,14.0,0.0,1009.2,0.0,100,,0.01,,3,muhimbili_tanzania
2022-12-17 07:00:00,27.5,72,22.0,10.5,19.4,0.0,1010.2,56.0,95,,0.07,,3,muhimbili_tanzania
2022-12-17 08:00:00,28.5,67,21.9,11.5,24.8,0.0,1010.9,229.0,97,,0.2,,3,muhimbili_tanzania
2022-12-17 09:00:00,29.4,64,21.8,11.5,27.4,0.0,1011.3,441.0,100,,0.34,,3,muhimbili_tanzania
2022-12-17 10:00:00,30.3,60,21.5,13.0,31.0,0.0,1011.2,686.0,100,,0.52,,3,muhimbili_tanzania
2022-12-17 11:00:00,30.9,57,21.4,14.3,33.8,0.0,1010.4,859.0,99,,0.65,,3,muhimbili_tanzania
2022-12-17 12:00:00,31.1,56,21.4,15.3,36.0,0.0,1009.5,928.0,90,,0.7,,3,muhimbili_tanzania
2022-12-17 13:00:00,30.9,57,21.5,16.6,38.5,0.1,1008.4,938.0,68,,0.7,,51,muhimbili_tanzania
2022-12-17 14:00:00,30.5,59,21.6,17.9,38.9,0.0,1007.2,770.0,100,,0.59,,3,muhimbili_tanzania
2022-12-17 15:00:00,30.0,62,21.9,17.4,39.6,0.0,1006.7,787.0,96,,0.58,,3,muhimbili_tanzania
2022-12-17 16:00:00,29.8,63,22.0,17.7,38.2,0.0,1006.2,605.0,23,,0.46,,1,muhimbili_tanzania
2022-12-17 17:00:00,29.1,66,22.2,17.1,37.4,0.0,1006.1,407.0,31,,0.32,,1,muhimbili_tanzania
2022-12-17 18:00:00,28.1,71,22.4,16.9,34.6,0.0,1006.2,183.0,14,,0.17,,0,muhimbili_tanzania
2022-12-17 19:00:00,27.5,75,22.7,13.8,32.0,0.0,1006.7,16.0,3,,0.06,,0,muhimbili_tanzania
2022-12-17 20:00:00,27.3,77,22.9,12.2,24.5,0.0,1007.5,0.0,33,,0.04,,1,muhimbili_tanzania
2022-12-17 21:00:00,27.2,78,23.0,11.9,22.0,0.0,1008.5,0.0,100,,0.04,,3,muhimbili_tanzania
2022-12-17 22:00:00,27.2,78,23.0,12.7,22.3,0.0,1009.1,0.0,100,,0.04,,3,muhimbili_tanzania
2022-12-17 23:00:00,27.0,79,23.1,13.5,23.8,0.0,1009.1,0.0,100,,0.04,,3,muhimbili_tanzania
2022-12-18 00:00:00,26.9,79,23.0,13.7,24.5,0.1,1008.9,0.0,100,,0.04,,51,muhimbili_tanzania
2022-12-18 01:00:00,26.9,79,23.0,12.5,24.5,0.1,1008.4,0.0,98,,0.03,,51,muhimbili_tanzania
2022-12-18 02:00:00,26.9,79,22.9,11.5,22.3,0.0,1008.2,0.0,99,,0.03,,3,muhimbili_tanzania
2022-12-18 03:00:00,27.0,77,22.6,12.0,20.2,0.0,1007.8,0.0,100,,0.04,,3,muhimbili_tanzania
2022-12-18 04:00:00,27.0,77,22.6,12.4,21.6,0.0,1008.0,0.0,34,,0.04,,1,muhimbili_tanzania
2022-12-18 05:00:00,26.8,78,22.6,13.5,23.8,0.0,1008.6,0.0,49,,0.04,,1,muhimbili_tanzania
2022-12-18 06:00:00,26.5,79,22.5,12.6,23.8,0.2,1009.4,0.0,60,,0.03,,51,muhimbili_tanzania
2022-12-18 07:00:00,27.0,79,22.9,13.9,25.2,0.2,1010.3,48.0,31,,0.07,,51,muhimbili_tanzania
2022-12-18 08:00:00,28.0,73,22.8,17.9,34.2,0.5,1010.8,228.0,33,,0.2,,53,muhimbili_tanzania
2022-12-18 09:00:00,29.2,66,22.1,18.1,37.4,0.1,1011.1,431.0,10,,0.35,,51,muhimbili_tanzania
2022-12-18 10:00:00,30.5,60,21.8,18.4,39.6,0.0,1010.9,683.0,14,,0.53,,0,muhimbili_tanzania
2022-12-18 11:00:00,30.6,59,21.8,19.2,41.4,0.1,1010.7,816.0,33,,0.61,,51,muhimbili_tanzania
2022-12-18 12:00:00,30.5,60,21.9,19.1,42.5,0.1,1010.1,829.0,8,,0.62,,51,muhimbili_tanzania
2022-12-18 13:00:00,30.8,59,21.8,15.7,40.7,0.0,1009.2,872.0,8,,0.65,,0,muhimbili_tanzania
2022-12-18 14:00:00,30.8,60,22.1,16.1,37.4,0.0,1008.2,915.0,1,,0.67,,0,muhimbili_tanzania
2022-12-18 15:00:00,29.9,65,22.5,16.5,37.1,0.0,1006.9,809.0,6,,0.58,,0,muhimbili_tanzania
2022-12-18 16:00:00,29.7,67,22.9,18.5,38.5,0.0,1006.5,613.0,6,,0.46,,0,muhimbili_tanzania
2022-12-18 17:00:00,28.7,71,22.9,20.3,40.7,0.0,1006.3,401.0,1,,0.31,,0,muhimbili_tanzania
2022-12-18 18:00:00,28.0,75,23.1,19.3,40.0,0.0,1006.6,175.0,0,,0.17,,0,muhimbili_tanzania
2022-12-18 19:00:00,27.4,79,23.4,16.1,36.7,0.0,1007.2,17.0,8,,0.06,,0,muhimbili_tanzania
2022-12-18 20:00:00,27.5,78,23.2,16.3,29.2,0.0,1008.3,0.0,21,,0.05,,1,muhimbili_tanzania
2022-12-18 21:00:00,27.5,77,23.1,16.8,29.5,0.0,1009.2,0.0,54,,0.05,,2,muhimbili_tanzania
2022-12-18 22:00:00,27.4,77,23.1,16.8,29.9,0.0,1009.9,0.0,96,,0.05,,3,muhimbili_tanzania
2022-12-18 23:00:00,27.2,79,23.1,15.6,29.9,0.1,1010.1,0.0,30,,0.05,,51,muhimbili_tanzania
2022-12-19 00:00:00,27.0,79,23.0,14.5,27.7,0.1,1009.6,0.0,31,,0.04,,51,muhimbili_tanzania
2022-12-19 01:00:00,27.0,79,23.0,13.5,25.2,0.1,1008.9,0.0,15,,0.04,,51,muhimbili_tanzania
2022-12-19 02:00:00,26.8,79,22.9,12.5,23.8,0.0,1008.9,0.0,18,,0.03,,0,muhimbili_tanzania
2022-12-19 03:00:00,26.4,82,23.0,13.7,22.3,0.0,1008.1,0.0,26,,0.03,,1,muhimbili_tanzania
2022-12-19 04:00:00,26.2,84,23.2,13.1,24.8,0.1,1008.3,0.0,23,,0.02,,51,muhimbili_tanzania
2022-12-19 05:00:00,26.0,85,23.2,12.2,23.0,0.1,1008.7,0.0,25,,0.02,,51,muhimbili_tanzania
2022-12-19 06:00:00,25.8,86,23.3,11.7,21.6,0.1,1009.2,0.0,35,,0.02,,51,muhimbili_tanzania
2022-12-19 07:00:00,26.6,82,23.2,14.4,26.6,0.1,1009.9,50.0,56,,0.06,,51,muhimbili_tanzania
2022-12-19 08:00:00,27.6,76,23.0,17.5,33.8,0.2,1010.5,216.0,33,,0.18,,51,muhimbili_tanzania
2022-12-19 09:00:00,28.9,70,22.9,18.7,38.2,0.5,1010.2,446.0,33,,0.34,,53,muhimbili_tanzania
2022-12-19 10:00:00,30.1,64,22.5,19.5,40.3,0.4,1010.0,648.0,31,,0.49,,51,muhimbili_tanzania
2022-12-19 11:00:00,31.0,60,22.2,18.2,40.7,0.1,1009.2,807.0,27,,0.61,,51,muhimbili_tanzania
2022-12-19 12:00:00,31.5,57,22.0,17.2,40.0,0.0,1008.5,848.0,31,,0.65,,1,muhimbili_tanzania
2022-12-19 13:00:00,31.6,57,22.1,16.6,38.2,0.0,1007.8,895.0,26,,0.68,,1,muhimbili_tanzania
2022-12-19 14:00:00,31.0,61,22.6,18.5,40.7,0.0,1006.8,868.0,4,,0.65,,0,muhimbili_tanzania
2022-12-19 15:00:00,29.8,68,23.2,16.4,41.8,0.0,1005.9,790.0,48,,0.56,,1,muhimbili_tanzania
2022-12-19 16:00:00,29.6,69,23.2,20.0,40.7,0.0,1005.5,541.0,95,,0.41,,3,muhimbili_tanzania
2022-12-19 17:00:00,28.6,74,23.4,20.6,42.1,0.0,1005.4,364.0,88,,0.28,,3,muhimbili_tanzania
2022-12-19 18:00:00,27.8,77,23.5,19.2,40.3,0.0,1005.5,173.0,49,,0.16,,1,muhimbili_tanzania
2022-12-19 19:00:00,27.2,81,23.8,17.9,36.7,0.0,1006.0,16.0,27,,0.06,,1,muhimbili_tanzania
2022-12-19 20:00:00,27.1,82,23.8,16.8,32.0,0.0,1006.9,0.0,41,,0.04,,1,muhimbili_tanzania
2022-12-19 21:00:00,27.1,82,23.8,15.7,29.9,0.0,1008.0,0.0,94,,0.04,,3,muhimbili_tanzania
2022-12-19 22:00:00,27.1,82,23.7,15.9,28.4,0.0,1008.6,0.0,93,,0.04,,3,muhimbili_tanzania
2022-12-19 23:00:00,27.0,81,23.6,15.3,28.4,0.0,1008.8,0.0,100,,0.04,,3,muhimbili_tanzania
2022-12-20 00:00:00,26.8,82,23.5,15.0,27.0,0.1,1008.4,0.0,100,,0.03,,51,muhimbili_tanzania
2022-12-20 01:00:00,26.5,84,23.6,14.3,26.3,0.2,1008.0,0.0,100,,0.03,,51,muhimbili_tanzania
2022-12-20 02:00:00,26.4,85,23.7,14.9,25.9,0.2,1007.7,0.0,100,,0.03,,51,muhimbili_tanzania
2022-12-20 03:00:00,26.2,84,23.3,12.7,26.6,0.0,1007.7,0.0,100,,0.02,,3,muhimbili_tanzania
2022-12-20 04:00:00,26.5,82,23.2,14.5,25.6,0.1,1007.4,0.0,95,,0.03,,51,muhimbili_tanzania
2022-12-20 05:00:00,26.5,82,23.1,14.7,26.6,0.1,1007.5,0.0,100,,0.03,,51,muhimbili_tanzania
2022-12-20 06:00:00,26.4,82,23.0,12.6,25.9,0.0,1008.2,0.0,98,,0.03,,3,muhimbili_tanzania
2022-12-20 07:00:00,27.2,77,22.8,13.2,24.5,0.1,1009.0,51.0,99,,0.07,,51,muhimbili_tanzania
2022-12-20 08:00:00,28.4,71,22.6,15.8,31.7,0.1,1009.6,250.0,94,,0.21,,51,muhimbili_tanzania
2022-12-20 09:00:00,29.3,67,22.6,16.5,34.6,0.2,1009.5,478.0,100,,0.37,,51,muhimbili_tanzania
2022-12-20 10:00:00,30.1,63,22.4,16.7,36.4,0.1,1009.5,623.0,100,,0.48,,51,muhimbili_tanzania
2022-12-20 11:00:00,30.9,60,22.1,17.3,39.2,0.1,1009.0,760.0,100,,0.58,,51,muhimbili_tanzania
2022-12-20 12:00:00,31.4,58,22.0,17.0,40.7,0.0,1008.3,850.0,100,,0.65,,3,muhimbili_tanzania
2022-12-20 13:00:00,31.5,58,22.1,17.3,41.8,0.0,1007.2,924.0,100,,0.7,,3,muhimbili_tanzania
2022-12-20 14:00:00,31.1,61,22.6,20.3,45.4,0.0,1006.1,917.0,100,,0.68,,3,muhimbili_tanzania
2022-12-20 15:00:00,29.9,64,22.3,22.1,46.4,0.0,1005.5,812.0,94,,0.58,,3,muhimbili_tanzania
2022-12-20 16:00:00,29.0,68,22.5,22.8,46.1,0.0,1005.3,515.0,100,,0.4,,3,muhimbili_tanzania
2022-12-20 17:00:00,28.5,70,22.5,20.9,45.4,0.0,1005.2,396.0,98,,0.31,,3,muhimbili_tanzania
2022-12-20 18:00:00,27.6,76,23.0,17.9,41.4,0.0,1006.1,169.0,64,,0.15,,2,muhimbili_tanzania
2022-12-20 19:00:00,27.2,78,23.0,16.4,34.2,0.0,1006.7,17.0,99,,0.06,,3,muhimbili_tanzania
2022-12-20 20:00:00,27.3,77,22.9,16.4,29.5,0.0,1007.6,0.0,100,,0.05,,3,muhimbili_tanzania
2022-12-20 21:00:00,27.3,77,22.9,16.2,29.9,0.0,1008.2,0.0,100,,0.05,,3,muhimbili_tanzania
2022-12-20 22:00:00,27.5,76,22.8,14.6,29.2,0.0,1008.8,0.0,100,,0.05,,3,muhimbili_tanzania
2022-12-20 23:00:00,27.2,77,22.9,12.5,25.9,0.1,1009.2,0.0,100,,0.04,,51,muhimbili_tanzania
2022-12-21 00:00:00,26.8,79,22.9,10.5,22.3,0.1,1009.0,0.0,100,,0.03,,51,muhimbili_tanzania
2022-12-21 01:00:00,26.5,81,23.0,10.7,19.1,0.0,1008.5,0.0,100,,0.02,,3,muhimbili_tanzania
2022-12-21 02:00:00,26.5,82,23.1,11.6,20.2,0.0,1008.1,0.0,100,,0.02,,3,muhimbili_tanzania
2022-12-21 03:00:00,26.6,81,23.1,12.7,20.5,0.2,1008.1,0.0,100,,0.03,,51,muhimbili_tanzania
2022-12-21 04:00:00,26.7,81,23.2,12.4,22.7,0.0,1008.0,0.0,100,,0.03,,3,muhimbili_tanzania
2022-12-21 05:00:00,26.5,82,23.2,12.6,22.3,0.0,1008.5,0.0,100,,0.03,,3,muhimbili_tanzania
2022-12-21 06:00:00,26.3,83,23.2,11.9,22.0,0.0,1009.3,0.0,100,,0.02,,3,muhimbili_tanzania
2022-12-21 07:00:00,27.0,79,23.1,12.6,22.7,0.1,1010.1,41.0,100,,0.06,,51,muhimbili_tanzania
2022-12-21 08:00:00,27.5,74,22.4,14.8,30.2,0.1,1011.0,185.0,100,,0.17,,51,muhimbili_tanzania
2022-12-21 09:00:00,28.2,70,22.2,11.6,30.2,0.1,1011.1,358.0,100,,0.28,,51,muhimbili_tanzania
2022-12-21 10:00:00,30.0,63,22.2,14.1,34.9,0.0,1011.0,645.0,100,,0.49,,3,muhimbili_tanzania
2022-12-21 11:00:00,31.0,60,22.1,14.8,36.7,0.0,1010.4,794.0,100,,0.6,,3,muhimbili_tanzania
2022-12-21 12:00:00,31.7,56,22.0,14.5,37.1,0.0,1009.7,902.0,100,,0.69,,3,muhimbili_tanzania
2022-12-21 13:00:00,31.5,57,22.0,15.9,38.5,0.0,1008.8,894.0,100,,0.68,,3,muhimbili_tanzania
2022-12-21 14:00:00,31.1,60,22.5,20.3,43.9,0.0,1007.9,882.0,100,,0.66,,3,muhimbili_tanzania
2022-12-21 15:00:00,30.2,63,22.4,19.6,46.8,0.0,1007.3,678.0,100,,0.52,,3,muhimbili_tanzania
2022-12-21 16:00:00,29.1,68,22.7,20.7,42.1,0.1,1006.8,450.0,100,,0.36,,51,muhimbili_tanzania
2022-12-21 17:00:00,28.8,70,22.8,20.9,42.1,0.0,1006.6,332.0,100,,0.28,,3,muhimbili_tanzania
2022-12-21 18:00:00,27.8,75,23.0,19.3,41.4,0.0,1006.9,134.0,100,,0.15,,3,muhimbili_tanzania
2022-12-21 19:00:00,27.2,79,23.2,15.5,36.0,0.0,1007.3,13.0,100,,0.06,,3,muhimbili_tanzania
2022-12-21 20:00:00,27.2,80,23.5,14.0,28.1,0.0,1008.3,0.0,100,,0.04,,3,muhimbili_tanzania
2022-12-21 21:00:00,27.1,80,23.5,12.5,24.8,0.0,1009.4,0.0,100,,0.03,,3,muhimbili_tanzania
2022-12-21 22:00:00,27.2,79,23.1,13.6,24.1,0.0,1009.8,0.0,100,,0.04,,3,muhimbili_tanzania
2022-12-21 23:00:00,27.0,79,23.1,12.7,24.5,0.0,1009.8,0.0,100,,0.03,,3,muhimbili_tanzania
2022-12-22 00:00:00,26.9,80,23.2,12.2,23.8,0.0,1009.5,0.0,98,,0.03,,3,muhimbili_tanzania
2022-12-22 01:00:00,26.8,81,23.3,12.6,22.0,0.0,1008.7,0.0,83,,0.03,,3,muhimbili_tanzania
2022-12-22 02:00:00,26.5,82,23.2,13.5,23.4,0.0,1008.3,0.0,100,,0.03,,3,muhimbili_tanzania
2022-12-22 03:00:00,26.7,79,22.7,14.6,25.2,0.0,1008.0,0.0,100,,0.04,,3,muhimbili_tanzania
2022-12-22 04:00:00,26.6,80,22.9,14.9,26.3,0.0,1008.1,0.0,99,,0.04,,3,muhimbili_tanzania
2022-12-22 05:00:00,26.5,80,22.9,13.7,26.3,0.0,1008.8,0.0,100,,0.03,,3,muhimbili_tanzania
2022-12-22 06:00:00,26.6,80,22.9,13.8,24.5,0.0,1009.3,0.0,97,,0.04,,3,muhimbili_tanzania
2022-12-22 07:00:00,27.4,76,22.8,15.7,28.1,0.0,1010.0,42.0,97,,0.08,,3,muhimbili_tanzania
2022-12-22 08:00:00,28.1,72,22.5,18.5,36.4,0.0,1010.5,234.0,95,,0.21,,3,muhimbili_tanzania
2022-12-22 09:00:00,28.9,68,22.4,18.2,38.2,0.1,1010.7,426.0,79,,0.34,,51,muhimbili_tanzania
2022-12-22 10:00:00,29.2,68,22.6,16.9,38.5,0.1,1010.8,590.0,88,,0.44,,51,muhimbili_tanzania
2022-12-22 11:00:00,29.9,65,22.6,13.7,37.1,0.1,1010.6,693.0,97,,0.52,,51,muhimbili_tanzania
2022-12-22 12:00:00,28.9,68,22.5,17.7,36.4,1.3,1010.3,709.0,99,,0.51,,61,muhimbili_tanzania
2022-12-22 13:00:00,25.9,80,22.0,8.0,42.1,0.7,1009.4,442.0,99,,0.31,,53,muhimbili_tanzania
2022-12-22 14:00:00,29.0,66,22.0,13.5,31.7,0.1,1008.4,808.0,100,,0.58,,51,muhimbili_tanzania
2022-12-22 15:00:00,28.0,73,22.9,15.8,32.8,0.0,1007.4,784.0,99,,0.53,,3,muhimbili_tanzania
2022-12-22 16:00:00,28.6,71,22.9,17.3,37.1,0.0,1007.2,629.0,57,,0.44,,2,muhimbili_tanzania
2022-12-22 17:00:00,27.4,76,22.9,15.2,37.1,0.0,1007.5,374.0,64,,0.27,,2,muhimbili_tanzania
2022-12-22 18:00:00,26.7,81,23.1,12.8,31.7,0.0,1008.0,178.0,88,,0.13,,3,muhimbili_tanzania
2022-12-22 19:00:00,26.2,84,23.4,11.6,25.2,0.0,1008.7,18.0,100,,0.03,,3,muhimbili_tanzania
2022-12-22 20:00:00,26.8,82,23.4,7.7,22.7,0.0,1009.3,0.0,100,,0.01,,3,muhimbili_tanzania
2022-12-22 21:00:00,26.9,81,23.3,11.0,18.7,0.0,1010.1,0.0,100,,0.03,,3,muhimbili_tanzania
2022-12-22 22:00:00,27.1,79,23.2,12.0,21.2,0.0,1010.6,0.0,100,,0.03,,3,muhimbili_tanzania
2022-12-22 23:00:00,27.0,81,23.4,10.0,21.2,0.1,1010.6,0.0,97,,0.02,,51,muhimbili_tanzania
2022-12-23 00:00:00,26.5,85,23.7,8.4,17.3,0.1,1010.4,0.0,100,,0.01,,51,muhimbili_tanzania
2022-12-23 01:00:00,26.0,87,23.6,9.1,15.8,0.1,1010.0,0.0,100,,0.01,,51,muhimbili_tanzania
2022-12-23 02:00:00,26.0,88,23.8,8.0,15.8,0.0,1009.5,0.0,100,,0.0,,3,muhimbili_tanzania
2022-12-23 03:00:00,25.2,87,23.0,5.9,14.8,0.0,1009.1,0.0,100,,0.0,,3,muhimbili_tanzania
2022-12-23 04:00:00,25.6,88,23.5,9.7,16.9,0.0,1009.0,0.0,100,,0.01,,3,muhimbili_tanzania
2022-12-23 05:00:00,24.9,87,22.5,11.8,22.3,0.1,1009.3,0.0,100,,0.01,,51,muhimbili_tanzania
2022-12-23 06:00:00,24.4,90,22.5,7.0,22.0,0.0,1010.0,0.0,100,,0.0,,3,muhimbili_tanzania
2022-12-23 07:00:00,25.4,86,22.8,8.8,15.5,0.0,1010.9,40.0,100,,0.04,,3,muhimbili_tanzania
2022-12-23 08:00:00,26.9,78,22.6,11.3,24.5,0.0,1011.5,207.0,100,,0.16,,3,muhimbili_tanzania
2022-12-23 09:00:00,27.4,76,22.8,11.0,27.7,0.1,1012.0,330.0,99,,0.25,,51,muhimbili_tanzania
2022-12-23 10:00:00,28.4,71,22.7,11.8,30.2,0.1,1012.1,569.0,100,,0.41,,51,muhimbili_tanzania
2022-12-23 11:00:00,25.6,82,22.4,11.8,38.9,3.4,1012.0,514.0,100,,0.34,,63,muhimbili_tanzania
2022-12-23 12:00:00,26.9,75,22.1,7.4,27.0,0.8,1011.1,634.0,100,,0.44,,53,muhimbili_tanzania
2022-12-23 13:00:00,27.2,75,22.5,10.9,30.6,0.1,1010.4,627.0,100,,0.44,,51,muhimbili_tanzania
2022-12-23 14:00:00,28.1,71,22.3,5.6,27.0,0.0,1009.8,665.0,100,,0.48,,3,muhimbili_tanzania
2022-12-23 15:00:00,28.3,71,22.6,14.2,23.4,0.0,1008.4,558.0,94,,0.41,,3,muhimbili_tanzania
2022-12-23 16:00:00,28.4,71,22.7,13.8,30.6,0.0,1008.2,370.0,95,,0.29,,3,muhimbili_tanzania
2022-12-23 17:00:00,28.0,74,22.9,12.6,29.2,0.0,1008.6,280.0,84,,0.23,,3,muhimbili_tanzania
2022-12-23 18:00:00,27.3,78,23.0,13.1,27.0,0.0,1009.1,143.0,100,,0.13,,3,muhimbili_tanzania
2022-12-23 19:00:00,26.8,81,23.2,10.7,25.6,0.0,1009.7,18.0,93,,0.04,,3,muhimbili_tanzania
2022-12-23 20:00:00,26.6,82,23.2,9.9,18.7,0.0,1010.4,0.0,99,,0.02,,3,muhimbili_tanzania
2022-12-23 21:00:00,26.1,85,23.5,3.6,17.3,0.1,1011.5,0.0,98,,0.0,,51,muhimbili_tanzania
2022-12-23 22:00:00,25.9,88,23.8,2.5,6.1,0.1,1012.0,0.0,100,,0.0,,51,muhimbili_tanzania
2022-12-23 23:00:00,25.4,88,23.3,2.2,6.1,0.6,1012.2,0.0,100,,0.0,,53,muhimbili_tanzania
2022-12-24 00:00:00,25.3,88,23.2,1.8,5.0,0.1,1011.9,0.0,100,,0.0,,51,muhimbili_tanzania
2022-12-24 01:00:00,24.9,88,22.8,2.7,6.1,0.3,1011.6,0.0,100,,0.0,,51,muhimbili_tanzania
2022-12-24 02:00:00,24.6,93,23.4,4.2,7.9,0.0,1011.1,0.0,100,,0.0,,3,muhimbili_tanzania
2022-12-24 03:00:00,24.8,91,23.1,6.9,8.6,0.0,1011.0,0.0,100,,0.0,,3,muhimbili_tanzania
2022-12-24 04:00:00,24.6,92,23.3,6.6,14.4,0.0,1010.8,0.0,100,,0.0,,3,muhimbili_tanzania
2022-12-24 05:00:00,24.2,95,23.4,5.1,12.2,0.1,1011.1,0.0,96,,0.0,,51,muhimbili_tanzania
2022-12-24 06:00:00,23.9,93,22.8,6.1,16.9,0.2,1012.0,0.0,100,,0.0,,51,muhimbili_tanzania
2022-12-24 07:00:00,24.2,91,22.8,5.4,15.8,0.4,1012.4,26.0,100,,0.02,,51,muhimbili_tanzania
2022-12-24 08:00:00,25.1,86,22.6,5.5,14.4,0.1,1012.8,140.0,100,,0.1,,51,muhimbili_tanzania
2022-12-24 09:00:00,26.6,78,22.4,5.2,16.2,0.0,1013.2,334.0,100,,0.24,,3,muhimbili_tanzania
2022-12-24 10:00:00,27.9,72,22.3,8.3,24.8,0.0,1013.0,482.0,100,,0.35,,3,muhimbili_tanzania
2022-12-24 11:00:00,29.1,67,22.5,7.6,24.8,0.0,1012.6,652.0,100,,0.48,,3,muhimbili_tanzania
2022-12-24 12:00:00,29.6,65,22.4,10.4,27.4,0.0,1011.9,669.0,100,,0.5,,3,muhimbili_tanzania
2022-12-24 13:00:00,30.1,63,22.3,12.7,31.3,0.0,1010.7,809.0,91,,0.6,,3,muhimbili_tanzania
2022-12-24 14:00:00,29.5,64,22.0,10.0,31.0,0.0,1010.0,735.0,54,,0.54,,2,muhimbili_tanzania
2022-12-24 15:00:00,28.3,68,21.9,10.3,26.6,0.0,1009.1,680.0,82,,0.49,,3,muhimbili_tanzania
2022-12-24 16:00:00,28.0,70,22.0,9.2,24.5,0.0,1008.7,322.0,100,,0.26,,3,muhimbili_tanzania
2022-12-24 17:00:00,27.8,72,22.2,10.0,22.7,0.0,1008.8,328.0,92,,0.25,,3,muhimbili_tanzania
2022-12-24 18:00:00,27.1,75,22.2,9.4,22.3,0.0,1009.5,166.0,80,,0.13,,3,muhimbili_tanzania
2022-12-24 19:00:00,26.4,81,22.9,10.5,19.4,0.0,1010.0,16.0,100,,0.04,,3,muhimbili_tanzania
2022-12-24 20:00:00,26.5,81,23.0,11.2,21.2,0.0,1010.8,0.0,100,,0.02,,3,muhimbili_tanzania
2022-12-24 21:00:00,26.5,82,23.1,9.1,20.2,0.0,1011.7,0.0,99,,0.02,,3,muhimbili_tanzania
2022-12-24 22:00:00,26.2,84,23.2,6.2,15.8,0.0,1012.1,0.0,99,,0.0,,3,muhimbili_tanzania
2022-12-24 23:00:00,25.9,86,23.3,4.7,11.2,0.0,1012.4,0.0,94,,0.0,,3,muhimbili_tanzania
2022-12-25 00:00:00,25.8,86,23.3,4.0,7.9,0.1,1012.1,0.0,100,,0.0,,51,muhimbili_tanzania
2022-12-25 01:00:00,25.8,85,23.1,1.1,5.0,0.1,1011.6,0.0,48,,0.0,,51,muhimbili_tanzania
2022-12-25 02:00:00,24.8,91,23.2,8.3,14.8,0.1,1011.3,0.0,83,,0.0,,51,muhimbili_tanzania
2022-12-25 03:00:00,26.0,85,23.1,5.2,14.8,0.1,1010.8,0.0,75,,0.0,,51,muhimbili_tanzania
2022-12-25 04:00:00,25.4,87,23.1,6.9,13.0,1.7,1011.1,0.0,100,,0.0,,61,muhimbili_tanzania
2022-12-25 05:00:00,25.0,93,23.8,4.3,13.0,0.2,1011.3,0.0,100,,0.0,,51,muhimbili_tanzania
2022-12-25 06:00:00,25.0,92,23.6,5.1,9.7,0.6,1011.5,0.0,100,,0.0,,53,muhimbili_tanzania
2022-12-25 07:00:00,25.4,92,24.0,5.1,9.0,0.1,1012.0,22.0,98,,0.02,,51,muhimbili_tanzania
2022-12-25 08:00:00,26.0,88,23.8,8.3,18.4,0.4,1012.8,107.0,89,,0.09,,51,muhimbili_tanzania
2022-12-25 09:00:00,27.0,82,23.6,9.5,24.8,0.4,1013.5,344.0,99,,0.24,,51,muhimbili_tanzania
2022-12-25 10:00:00,24.8,87,22.4,11.6,28.8,9.7,1013.9,287.0,100,,0.2,,65,muhimbili_tanzania
2022-12-25 11:00:00,25.5,83,22.4,10.5,27.4,1.2,1013.3,307.0,92,,0.22,,55,muhimbili_tanzania
2022-12-25 12:00:00,27.7,76,23.0,11.5,27.4,0.4,1012.6,768.0,66,,0.52,,51,muhimbili_tanzania
2022-12-25 13:00:00,28.2,75,23.4,11.1,29.5,0.1,1011.4,879.0,43,,0.6,,51,muhimbili_tanzania
2022-12-25 14:00:00,28.5,74,23.3,12.0,31.0,0.0,1010.5,903.0,46,,0.61,,1,muhimbili_tanzania
2022-12-25 15:00:00,28.0,73,22.7,10.7,31.7,0.0,1009.5,635.0,67,,0.45,,2,muhimbili_tanzania
2022-12-25 16:00:00,28.2,73,22.9,11.2,30.2,0.0,1009.2,480.0,65,,0.35,,2,muhimbili_tanzania
2022-12-25 17:00:00,28.1,73,22.9,11.3,29.2,0.0,1009.3,370.0,80,,0.27,,3,muhimbili_tanzania
2022-12-25 18:00:00,27.4,76,22.9,12.4,25.9,0.0,1009.4,180.0,48,,0.15,,1,muhimbili_tanzania
2022-12-25 19:00:00,26.7,81,23.2,8.7,24.1,0.0,1010.4,20.0,89,,0.03,,3,muhimbili_tanzania
2022-12-25 20:00:00,26.8,82,23.4,7.6,15.5,0.0,1011.3,0.0,100,,0.01,,3,muhimbili_tanzania
2022-12-25 21:00:00,26.8,81,23.3,8.4,14.4,0.0,1011.7,0.0,27,,0.02,,1,muhimbili_tanzania
2022-12-25 22:00:00,26.6,81,23.2,6.7,14.4,0.0,1012.6,0.0,100,,0.01,,3,muhimbili_tanzania
2022-12-25 23:00:00,26.9,80,23.0,8.2,14.0,0.1,1012.4,0.0,100,,0.02,,51,muhimbili_tanzania
2022-12-26 00:00:00,27.1,77,22.8,8.2,14.8,0.1,1012.2,0.0,100,,0.02,,51,muhimbili_tanzania
2022-12-26 01:00:00,27.0,78,22.8,7.9,14.4,0.0,1011.6,0.0,100,,0.02,,3,muhimbili_tanzania
2022-12-26 02:00:00,27.0,78,22.8,10.3,17.6,0.0,1011.2,0.0,100,,0.03,,3,muhimbili_tanzania
2022-12-26 03:00:00,26.0,85,23.4,9.2,18.0,0.1,1011.3,0.0,100,,0.01,,51,muhimbili_tanzania
2022-12-26 04:00:00,26.1,84,23.2,10.8,18.4,0.2,1011.0,0.0,74,,0.02,,51,muhimbili_tanzania
2022-12-26 05:00:00,25.9,86,23.4,10.8,19.4,0.1,1010.8,0.0,54,,0.01,,51,muhimbili_tanzania
2022-12-26 06:00:00,25.5,87,23.3,8.3,18.4,0.0,1011.2,0.0,34,,0.01,,1,muhimbili_tanzania
2022-12-26 07:00:00,26.3,85,23.6,8.3,14.4,0.0,1011.9,44.0,48,,0.04,,1,muhimbili_tanzania
2022-12-26 08:00:00,27.6,75,22.9,11.5,23.4,0.1,1012.6,232.0,44,,0.18,,51,muhimbili_tanzania
2022-12-26 09:00:00,28.5,71,22.8,13.0,28.4,0.1,1013.1,416.0,52,,0.31,,51,muhimbili_tanzania
2022-12-26 10:00:00,29.0,68,22.6,14.6,31.7,0.1,1013.2,595.0,86,,0.44,,51,muhimbili_tanzania
2022-12-26 11:00:00,29.0,69,22.8,14.5,33.5,0.2,1013.0,719.0,63,,0.51,,51,muhimbili_tanzania
2022-12-26 12:00:00,29.9,66,22.9,15.3,34.9,0.1,1012.5,843.0,92,,0.61,,51,muhimbili_tanzania
2022-12-26 13:00:00,30.4,64,22.9,16.3,36.4,0.0,1012.0,890.0,86,,0.65,,3,muhimbili_tanzania
2022-12-26 14:00:00,29.5,66,22.4,18.6,38.2,1.1,1010.7,741.0,58,,0.54,,55,muhimbili_tanzania
2022-12-26 15:00:00,29.2,68,22.6,18.2,40.7,0.1,1010.0,687.0,87,,0.5,,51,muhimbili_tanzania
2022-12-26 16:00:00,29.1,67,22.3,18.8,37.8,0.0,1009.6,487.0,100,,0.38,,3,muhimbili_tanzania
2022-12-26 17:00:00,28.5,69,22.3,18.7,38.2,0.0,1009.8,285.0,98,,0.26,,3,muhimbili_tanzania
2022-12-26 18:00:00,28.0,72,22.5,16.3,36.0,0.0,1010.5,169.0,72,,0.17,,2,muhimbili_tanzania
2022-12-26 19:00:00,27.4,76,22.8,13.1,30.2,0.0,1011.1,19.0,91,,0.06,,3,muhimbili_tanzania
2022-12-26 20:00:00,27.2,77,22.9,11.4,23.0,0.0,1011.8,0.0,61,,0.03,,2,muhimbili_tanzania
2022-12-26 21:00:00,27.2,78,23.0,10.1,20.2,0.0,1013.0,0.0,83,,0.03,,3,muhimbili_tanzania
2022-12-26 22:00:00,26.9,79,22.9,8.0,17.6,0.0,1013.4,0.0,82,,0.02,,3,muhimbili_tanzania
2022-12-26 23:00:00,26.7,80,23.0,6.3,14.0,0.0,1013.8,0.0,93,,0.01,,3,muhimbili_tanzania
2022-12-27 00:00:00,26.5,81,22.9,8.5,14.8,0.1,1013.2,0.0,100,,0.02,,51,muhimbili_tanzania
2022-12-27 01:00:00,26.5,81,22.9,9.2,15.5,0.1,1012.6,0.0,100,,0.02,,51,muhimbili_tanzania
2022-12-27 02:00:00,26.3,81,22.7,7.9,16.2,0.1,1011.8,0.0,100,,0.01,,51,muhimbili_tanzania
2022-12-27 03:00:00,25.5,88,23.3,5.6,13.3,0.1,1012.0,0.0,100,,0.0,,51,muhimbili_tanzania
2022-12-27 04:00:00,25.4,90,23.5,4.8,9.7,0.2,1011.8,0.0,100,,0.0,,51,muhimbili_tanzania
2022-12-27 05:00:00,25.1,93,23.8,3.1,8.6,0.0,1011.8,0.0,100,,0.0,,3,muhimbili_tanzania
2022-12-27 06:00:00,25.0,94,24.0,3.9,5.4,0.0,1012.3,0.0,100,,0.0,,3,muhimbili_tanzania
2022-12-27 07:00:00,25.9,88,23.9,4.5,5.8,0.1,1012.9,14.0,100,,0.03,,51,muhimbili_tanzania
2022-12-27 08:00:00,26.6,83,23.5,6.7,12.6,0.1,1013.5,60.0,100,,0.07,,51,muhimbili_tanzania
2022-12-27 09:00:00,27.6,72,22.2,10.2,20.5,0.1,1014.0,183.0,100,,0.17,,51,muhimbili_tanzania
2022-12-27 10:00:00,28.2,69,22.0,12.7,26.3,0.2,1014.0,316.0,100,,0.27,,51,muhimbili_tanzania
2022-12-27 11:00:00,29.0,68,22.4,12.1,29.9,0.1,1013.9,546.0,97,,0.42,,51,muhimbili_tanzania
2022-12-27 12:00:00,29.5,65,22.1,14.0,32.0,0.1,1013.5,701.0,47,,0.52,,51,muhimbili_tanzania
2022-12-27 13:00:00,29.3,65,22.1,12.1,33.8,1.2,1012.6,831.0,44,,0.6,,55,muhimbili_tanzania
2022-12-27 14:00:00,28.5,69,22.1,15.9,34.6,0.4,1011.8,690.0,44,,0.49,,51,muhimbili_tanzania
2022-12-27 15:00:00,28.4,69,22.1,16.9,34.2,0.1,1011.1,600.0,24,,0.44,,51,muhimbili_tanzania
2022-12-27 16:00:00,27.9,72,22.3,14.5,35.3,0.1,1010.6,455.0,69,,0.34,,51,muhimbili_tanzania
2022-12-27 17:00:00,27.8,71,22.1,12.4,30.2,0.0,1010.7,369.0,35,,0.28,,1,muhimbili_tanzania
2022-12-27 18:00:00,27.2,74,22.2,10.5,25.9,0.0,1011.0,182.0,30,,0.15,,1,muhimbili_tanzania
2022-12-27 19:00:00,26.0,83,22.9,3.6,20.5,0.0,1011.8,22.0,20,,0.01,,1,muhimbili_tanzania
2022-12-27 20:00:00,25.5,88,23.4,5.0,6.5,0.0,1012.6,0.0,67,,0.0,,2,muhimbili_tanzania
2022-12-27 21:00:00,25.2,90,23.4,6.0,7.6,0.0,1013.4,0.0,19,,0.0,,0,muhimbili_tanzania
2022-12-27 22:00:00,25.1,89,23.2,6.1,8.3,0.0,1013.9,0.0,25,,0.0,,1,muhimbili_tanzania
2022-12-27 23:00:00,24.9,90,23.1,6.3,8.6,0.0,1014.0,0.0,39,,0.0,,1,muhimbili_tanzania
2022-12-28 00:00:00,25.4,87,23.1,5.5,8.3,0.0,1013.8,0.0,66,,0.0,,2,muhimbili_tanzania
2022-12-28 01:00:00,24.4,90,22.6,4.0,6.8,0.3,1013.6,0.0,85,,0.0,,51,muhimbili_tanzania
2022-12-28 02:00:00,24.5,90,22.8,3.8,11.9,0.2,1013.1,0.0,76,,0.0,,51,muhimbili_tanzania
2022-12-28 03:00:00,24.5,93,23.2,4.1,7.9,0.0,1012.9,0.0,34,,0.0,,1,muhimbili_tanzania
2022-12-28 04:00:00,24.5,92,23.2,7.6,14.0,0.0,1012.9,0.0,100,,0.0,,3,muhimbili_tanzania
2022-12-28 05:00:00,24.2,94,23.1,3.7,14.0,0.1,1013.2,0.0,66,,0.0,,51,muhimbili_tanzania
2022-12-28 06:00:00,24.2,91,22.6,3.4,8.6,0.1,1013.7,0.0,100,,0.0,,51,muhimbili_tanzania
2022-12-28 07:00:00,24.7,88,22.5,4.9,12.6,0.3,1014.5,31.0,100,,0.03,,51,muhimbili_tanzania
2022-12-28 08:00:00,25.0,87,22.7,4.3,15.5,0.3,1015.1,109.0,89,,0.08,,51,muhimbili_tanzania
2022-12-28 09:00:00,26.4,81,22.8,7.3,20.5,0.1,1015.4,368.0,52,,0.25,,51,muhimbili_tanzania
2022-12-28 10:00:00,27.3,77,23.0,7.7,24.1,0.0,1015.2,492.0,31,,0.35,,1,muhimbili_tanzania
2022-12-28 11:00:00,28.5,71,22.9,8.4,26.6,0.0,1014.9,780.0,29,,0.55,,1,muhimbili_tanzania
2022-12-28 12:00:00,29.1,68,22.7,10.0,29.2,0.0,1013.9,887.0,21,,0.63,,1,muhimbili_tanzania
2022-12-28 13:00:00,29.0,68,22.5,10.2,29.9,0.0,1013.2,913.0,24,,0.64,,1,muhimbili_tanzania
2022-12-28 14:00:00,28.5,70,22.6,13.2,31.3,0.1,1012.0,769.0,40,,0.54,,51,muhimbili_tanzania
2022-12-28 15:00:00,28.4,71,22.6,12.9,32.0,0.2,1010.9,762.0,15,,0.53,,51,muhimbili_tanzania
2022-12-28 16:00:00,28.8,69,22.6,13.9,31.0,0.0,1010.2,634.0,19,,0.45,,0,muhimbili_tanzania
2022-12-28 17:00:00,28.0,72,22.5,14.6,31.0,0.0,1010.0,412.0,9,,0.3,,0,muhimbili_tanzania
2022-12-28 18:00:00,27.2,75,22.4,14.4,30.2,0.0,1010.3,192.0,10,,0.16,,0,muhimbili_tanzania
2022-12-28 19:00:00,26.6,79,22.6,11.6,27.7,0.0,1010.8,22.0,12,,0.05,,0,muhimbili_tanzania
2022-12-28 20:00:00,26.4,82,23.0,9.1,20.5,0.0,1011.5,0.0,11,,0.02,,0,muhimbili_tanzania
2022-12-28 21:00:00,26.0,84,23.0,6.3,15.8,0.0,1012.2,0.0,17,,0.01,,0,muhimbili_tanzania
2022-12-28 22:00:00,25.6,87,23.2,4.9,10.8,0.0,1012.7,0.0,20,,0.0,,1,muhimbili_tanzania
2022-12-28 23:00:00,24.8,92,23.4,5.4,8.3,0.0,1012.4,0.0,15,,0.0,,0,muhimbili_tanzania
2022-12-29 00:00:00,24.6,92,23.3,4.1,7.9,0.0,1012.1,0.0,17,,0.0,,0,muhimbili_tanzania
2022-12-29 01:00:00,24.0,96,23.2,3.9,5.8,0.1,1011.4,0.0,24,,0.0,,51,muhimbili_tanzania
2022-12-29 02:00:00,23.7,96,23.0,1.6,5.4,0.2,1011.3,0.0,23,,0.0,,51,muhimbili_tanzania
2022-12-29 03:00:00,24.8,90,23.0,4.8,2.9,0.1,1011.0,0.0,14,,0.0,,51,muhimbili_tanzania
2022-12-29 04:00:00,25.0,88,22.9,4.1,7.2,0.1,1010.9,0.0,33,,0.0,,51,muhimbili_tanzania
2022-12-29 05:00:00,24.9,88,22.7,4.7,7.9,0.0,1011.2,0.0,36,,0.0,,1,muhimbili_tanzania
2022-12-29 06:00:00,24.9,87,22.5,5.2,9.7,0.1,1011.9,0.0,35,,0.0,,51,muhimbili_tanzania
2022-12-29 07:00:00,26.1,82,22.8,6.6,10.8,0.1,1012.5,42.0,46,,0.04,,51,muhimbili_tanzania
2022-12-29 08:00:00,24.8,81,21.2,14.9,27.4,1.7,1014.0,219.0,80,,0.15,,61,muhimbili_tanzania
2022-12-29 09:00:00,25.4,82,22.2,5.6,29.9,0.6,1014.2,328.0,47,,0.22,,53,muhimbili_tanzania
2022-12-29 10:00:00,27.4,74,22.2,7.7,25.6,0.1,1014.1,628.0,64,,0.43,,51,muhimbili_tanzania
2022-12-29 11:00:00,28.1,71,22.4,8.4,26.6,0.0,1013.8,699.0,33,,0.5,,1,muhimbili_tanzania
2022-12-29 12:00:00,28.9,68,22.4,10.6,30.6,0.0,1013.2,864.0,23,,0.61,,1,muhimbili_tanzania
2022-12-29 13:00:00,29.0,67,22.3,12.4,32.4,0.0,1012.7,892.0,14,,0.63,,0,muhimbili_tanzania
2022-12-29 14:00:00,29.0,68,22.4,12.7,32.8,0.0,1011.9,892.0,9,,0.62,,0,muhimbili_tanzania
2022-12-29 15:00:00,28.9,69,22.6,14.6,32.8,0.0,1010.9,800.0,25,,0.56,,1,muhimbili_tanzania
2022-12-29 16:00:00,28.5,71,22.6,12.9,32.0,0.0,1010.3,568.0,8,,0.41,,0,muhimbili_tanzania
2022-12-29 17:00:00,28.0,73,22.7,11.3,29.2,0.0,1010.0,421.0,6,,0.3,,0,muhimbili_tanzania
2022-12-29 18:00:00,27.1,78,22.9,10.1,25.2,0.0,1010.0,203.0,1,,0.15,,0,muhimbili_tanzania
2022-12-29 19:00:00,26.2,84,23.2,6.9,20.5,0.0,1010.6,25.0,0,,0.02,,0,muhimbili_tanzania
2022-12-29 20:00:00,26.0,85,23.3,6.0,12.6,0.0,1011.1,0.0,0,,0.0,,0,muhimbili_tanzania
2022-12-29 21:00:00,25.9,86,23.2,5.8,10.8,0.0,1012.3,0.0,0,,0.0,,0,muhimbili_tanzania
2022-12-29 22:00:00,25.8,86,23.3,6.5,11.2,0.0,1013.1,0.0,21,,0.0,,1,muhimbili_tanzania
2022-12-29 23:00:00,25.9,86,23.3,6.9,12.2,0.0,1013.4,0.0,16,,0.0,,0,muhimbili_tanzania
2022-12-30 00:00:00,26.0,84,23.0,6.4,12.6,0.1,1013.4,0.0,20,,0.01,,51,muhimbili_tanzania
2022-12-30 01:00:00,25.8,85,23.1,6.7,11.5,0.1,1013.2,0.0,23,,0.0,,51,muhimbili_tanzania
2022-12-30 02:00:00,25.5,87,23.1,7.6,14.0,0.1,1012.9,0.0,21,,0.0,,51,muhimbili_tanzania
2022-12-30 03:00:00,25.5,86,23.0,7.5,14.4,0.1,1012.8,0.0,22,,0.0,,51,muhimbili_tanzania
2022-12-30 04:00:00,25.7,86,23.1,7.5,13.7,0.1,1013.1,0.0,82,,0.01,,51,muhimbili_tanzania
2022-12-30 05:00:00,25.2,88,23.1,5.4,13.0,0.0,1013.5,0.0,69,,0.0,,2,muhimbili_tanzania
2022-12-30 06:00:00,25.2,88,23.0,5.6,9.7,0.0,1013.9,0.0,93,,0.0,,3,muhimbili_tanzania
2022-12-30 07:00:00,26.5,82,23.1,8.4,13.3,0.0,1014.7,42.0,27,,0.04,,1,muhimbili_tanzania
2022-12-30 08:00:00,27.8,73,22.5,10.8,22.7,0.0,1014.9,228.0,27,,0.18,,1,muhimbili_tanzania
2022-12-30 09:00:00,28.6,69,22.4,12.7,28.1,0.1,1015.1,458.0,20,,0.34,,51,muhimbili_tanzania
2022-12-30 10:00:00,27.0,73,21.9,17.8,37.8,0.5,1015.5,655.0,75,,0.43,,53,muhimbili_tanzania
2022-12-30 11:00:00,28.0,70,22.0,8.8,38.2,0.1,1014.8,609.0,62,,0.44,,51,muhimbili_tanzania
2022-12-30 12:00:00,30.0,62,22.0,12.1,31.3,0.0,1014.2,943.0,98,,0.68,,3,muhimbili_tanzania
2022-12-30 13:00:00,30.2,61,21.8,11.6,32.0,0.0,1013.5,927.0,100,,0.68,,3,muhimbili_tanzania
2022-12-30 14:00:00,30.2,62,22.0,11.7,30.2,0.0,1012.8,912.0,100,,0.67,,3,muhimbili_tanzania
2022-12-30 15:00:00,29.6,63,21.9,13.0,30.2,0.0,1011.7,810.0,100,,0.59,,3,muhimbili_tanzania
2022-12-30 16:00:00,29.2,67,22.4,13.7,30.6,0.0,1011.5,650.0,100,,0.47,,3,muhimbili_tanzania
2022-12-30 17:00:00,28.5,71,22.8,16.0,32.4,0.0,1011.4,434.0,100,,0.32,,3,muhimbili_tanzania
2022-12-30 18:00:00,27.7,74,22.8,16.1,33.1,0.0,1011.9,208.0,48,,0.17,,1,muhimbili_tanzania
2022-12-30 19:00:00,26.7,83,23.5,12.4,30.6,0.0,1012.2,25.0,94,,0.04,,3,muhimbili_tanzania
2022-12-30 20:00:00,26.6,82,23.2,10.6,22.0,0.0,1013.1,0.0,100,,0.02,,3,muhimbili_tanzania
2022-12-30 21:00:00,26.7,80,22.9,10.0,19.1,0.0,1013.6,0.0,100,,0.02,,3,muhimbili_tanzania
2022-12-30 22:00:00,26.6,79,22.8,9.2,18.0,0.0,1014.2,0.0,100,,0.02,,3,muhimbili_tanzania
2022-12-30 23:00:00,26.4,81,22.9,7.7,16.6,0.0,1014.3,0.0,77,,0.01,,2,muhimbili_tanzania
2022-12-31 00:00:00,26.1,83,23.0,7.6,13.7,0.0,1014.2,0.0,42,,0.01,,1,muhimbili_tanzania
2022-12-31 01:00:00,26.0,83,22.9,7.3,13.7,0.0,1013.8,0.0,100,,0.01,,3,muhimbili_tanzania
2022-12-31 02:00:00,25.5,85,22.9,5.9,12.6,0.0,1013.5,0.0,99,,0.0,,3,muhimbili_tanzania
2022-12-31 03:00:00,26.0,83,23.0,7.0,10.1,0.0,1013.2,0.0,99,,0.01,,3,muhimbili_tanzania
2022-12-31 04:00:00,25.4,87,23.0,5.2,11.9,0.0,1013.4,0.0,90,,0.0,,3,muhimbili_tanzania
2022-12-31 05:00:00,24.8,90,23.0,6.9,8.6,0.0,1013.7,0.0,97,,0.0,,3,muhimbili_tanzania
2022-12-31 06:00:00,25.6,85,23.0,5.5,9.4,0.0,1014.0,0.0,77,,0.0,,2,muhimbili_tanzania
2022-12-31 07:00:00,26.2,83,23.1,3.2,6.8,0.0,1014.6,39.0,24,,0.02,,1,muhimbili_tanzania
2022-12-31 08:00:00,27.7,73,22.5,5.3,14.4,0.0,1014.9,228.0,10,,0.16,,0,muhimbili_tanzania
2022-12-31 09:00:00,28.9,67,22.1,6.7,19.4,0.0,1014.8,480.0,46,,0.35,,1,muhimbili_tanzania
2022-12-31 10:00:00,29.7,63,22.0,9.4,24.8,0.0,1014.7,695.0,100,,0.51,,3,muhimbili_tanzania
2022-12-31 11:00:00,30.2,61,21.8,11.7,29.2,0.0,1014.3,865.0,100,,0.63,,3,muhimbili_tanzania
2022-12-31 12:00:00,30.5,58,21.4,13.0,32.0,0.0,1013.7,963.0,100,,0.71,,3,muhimbili_tanzania
2022-12-31 13:00:00,30.4,60,21.6,13.7,32.8,0.1,1012.9,938.0,100,,0.69,,51,muhimbili_tanzania
2022-12-31 14:00:00,29.6,66,22.5,14.7,33.5,0.0,1012.2,774.0,100,,0.56,,3,muhimbili_tanzania
2022-12-31 15:00:00,29.9,62,21.8,14.1,34.6,0.0,1011.5,714.0,100,,0.53,,3,muhimbili_tanzania
2022-12-31 16:00:00,29.4,65,22.0,14.3,32.0,0.0,1010.9,557.0,100,,0.42,,3,muhimbili_tanzania
2022-12-31 17:00:00,28.5,70,22.5,14.9,31.7,0.0,1010.9,361.0,100,,0.28,,3,muhimbili_tanzania
2022-12-31 18:00:00,27.7,74,22.6,14.5,31.0,0.0,1011.2,154.0,100,,0.15,,3,muhimbili_tanzania
2022-12-31 19:00:00,27.0,79,23.0,12.7,27.7,0.0,1011.7,20.0,100,,0.05,,3,muhimbili_tanzania
2022-12-31 20:00:00,26.7,81,23.1,11.3,22.3,0.0,1012.3,0.0,100,,0.03,,3,muhimbili_tanzania
2022-12-31 21:00:00,26.5,83,23.3,10.2,19.8,0.0,1013.1,0.0,88,,0.02,,3,muhimbili_tanzania
2022-12-31 22:00:00,26.4,83,23.3,10.2,18.4,0.0,1013.6,0.0,99,,0.02,,3,muhimbili_tanzania
2022-12-31 23:00:00,26.2,84,23.2,9.3,18.4,0.0,1013.6,0.0,100,,0.01,,3,muhimbili_tanzania
