datetime,eq_stress,eq_recent_count_24h,eq_max_mag_24h,eq_distance_min_km,hospital
2022-01-01 00:00:00,0.0,0,0.0,500.0,kenyatta_kenya
2022-01-01 01:00:00,0.0,0,0.0,500.0,kenyatta_kenya
2022-01-01 02:00:00,0.0,0,0.0,500.0,kenyatta_kenya
2022-01-01 03:00:00,0.0,0,0.0,500.0,kenyatta_kenya
2022-01-01 04:00:00,0.0,0,0.0,500.0,kenyatta_kenya
2022-01-01 05:00:00,0.0,0,0.0,500.0,kenyatta_kenya
2022-01-01 06:00:00,0.0,0,0.0,500.0,kenyatta_kenya
2022-01-01 07:00:00,0.0,0,0.0,500.0,kenyatta_kenya
2022-01-01 08:00:00,0.0,0,0.0,500.0,kenyatta_kenya
2022-01-01 09:00:00,0.0,0,0.0,500.0,kenyatta_kenya
2022-01-01 10:00:00,0.0,0,0.0,500.0,kenyatta_kenya
2022-01-01 11:00:00,0.0,0,0.0,500.0,kenyatta_kenya
2022-01-01 12:00:00,0.0,0,0.0,500.0,kenyatta_kenya
2022-01-01 13:00:00,0.0,0,0.0,500.0,kenyatta_kenya
2022-01-01 14:00:00,0.0,0,0.0,500.0,kenyatta_kenya
2022-01-01 15:00:00,0.0,0,0.0,500.0,kenyatta_kenya
2022-01-01 16:00:00,0.0,0,0.0,500.0,kenyatta_kenya
2022-01-01 17:00:00,0.0,0,0.0,500.0,kenyatta_kenya
2022-01-01 18:00:00,0.0,0,0.0,500.0,kenyatta_kenya
2022-01-01 19:00:00,0.0,0,0.0,500.0,kenyatta_kenya
2022-01-01 20:00:00,0.0,0,0.0,500.0,kenyatta_kenya
2022-01-01 21:00:00,0.0,0,0.0,500.0,kenyatta_kenya
2022-01-01 22:00:00,0.5004394628087824,1,4.3,439.94697450896257,kenyatta_kenya
2022-01-01 23:00:00,0.48001625664754466,1,4.3,439.94697450896257,kenyatta_kenya
2022-01-02 00:00:00,0.4604265326173191,1,4.3,439.94697450896257,kenyatta_kenya
2022-01-02 01:00:00,0.44163627585984927,1,4.3,439.94697450896257,kenyatta_kenya
2022-01-02 02:00:00,0.42361285968171036,1,4.3,439.94697450896257,kenyatta_kenya
2022-01-02 03:00:00,0.40632498890254937,1,4.3,439.94697450896257,kenyatta_kenya
2022-01-02 04:00:00,0.3897426455153129,1,4.3,439.94697450896257,kenyatta_kenya
2022-01-02 05:00:00,0.37383703656411227,1,4.3,439.94697450896257,kenyatta_kenya
2022-01-02 06:00:00,0.3585805441492199,1,4.3,439.94697450896257,kenyatta_kenya
2022-01-02 07:00:00,0.3439466774723896,1,4.3,439.94697450896257,kenyatta_kenya
2022-01-02 08:00:00,0.3299100268392332,1,4.3,439.94697450896257,kenyatta_kenya
2022-01-02 09:00:00,0.3164462195387853,1,4.3,439.94697450896257,kenyatta_kenya
2022-01-02 10:00:00,0.30353187752364663,1,4.3,439.94697450896257,kenyatta_kenya
2022-01-02 11:00:00,0.29114457681722405,1,4.3,439.94697450896257,kenyatta_kenya
2022-01-02 12:00:00,0.27926280857758295,1,4.3,439.94697450896257,kenyatta_kenya
2022-01-02 13:00:00,0.2678659417503049,1,4.3,439.94697450896257,kenyatta_kenya
2022-01-02 14:00:00,0.25693418724550304,1,4.3,439.94697450896257,kenyatta_kenya
2022-01-02 15:00:00,0.24644856357679173,1,4.3,439.94697450896257,kenyatta_kenya
2022-01-02 16:00:00,0.23639086390254974,1,4.3,439.94697450896257,kenyatta_kenya
2022-01-02 17:00:00,0.22674362441224688,1,4.3,439.94697450896257,kenyatta_kenya
2022-01-02 18:00:00,0.21749009400294142,1,4.3,439.94697450896257,kenyatta_kenya
2022-01-02 19:00:00,0.20861420519329682,1,4.3,439.94697450896257,kenyatta_kenya
2022-01-02 20:00:00,0.20010054622461274,1,4.3,439.94697450896257,kenyatta_kenya
2022-01-02 21:00:00,0.19193433430042828,1,4.3,439.94697450896257,kenyatta_kenya
2022-01-02 22:00:00,0.18410138991823166,0,0.0,500.0,kenyatta_kenya
2022-01-02 23:00:00,0.17658811224870635,0,0.0,500.0,kenyatta_kenya
2022-01-03 00:00:00,0.16938145551976425,0,0.0,500.0,kenyatta_kenya
2022-01-03 01:00:00,0.1624689063643583,0,0.0,500.0,kenyatta_kenya
2022-01-03 02:00:00,0.1558384620927442,0,0.0,500.0,kenyatta_kenya
2022-01-03 03:00:00,0.14947860985146236,0,0.0,500.0,kenyatta_kenya
2022-01-03 04:00:00,0.14337830663285286,0,0.0,500.0,kenyatta_kenya
2022-01-03 05:00:00,0.13752696010039367,0,0.0,500.0,kenyatta_kenya
2022-01-03 06:00:00,0.13191441019656672,0,0.0,500.0,kenyatta_kenya
2022-01-03 07:00:00,0.126530911501317,0,0.0,500.0,kenyatta_kenya
2022-01-03 08:00:00,0.12136711631047264,0,0.0,500.0,kenyatta_kenya
2022-01-03 09:00:00,0.1164140584047439,0,0.0,500.0,kenyatta_kenya
2022-01-03 10:00:00,0.11166313748111781,0,0.0,500.0,kenyatta_kenya
2022-01-03 11:00:00,0.10710610421961644,0,0.0,500.0,kenyatta_kenya
2022-01-03 12:00:00,0.10273504595948868,0,0.0,500.0,kenyatta_kenya
2022-01-03 13:00:00,0.0985423729599643,0,0.0,500.0,kenyatta_kenya
2022-01-03 14:00:00,0.09452080522171437,0,0.0,500.0,kenyatta_kenya
2022-01-03 15:00:00,0.09066335984613481,0,0.0,500.0,kenyatta_kenya
2022-01-03 16:00:00,0.08696333891050448,0,0.0,500.0,kenyatta_kenya
2022-01-03 17:00:00,0.08341431783796478,0,0.0,500.0,kenyatta_kenya
2022-01-03 18:00:00,0.08001013424212657,0,0.0,500.0,kenyatta_kenya
2022-01-03 19:00:00,0.07674487722693463,0,0.0,500.0,kenyatta_kenya
2022-01-03 20:00:00,0.07361287712321088,0,0.0,500.0,kenyatta_kenya
2022-01-03 21:00:00,0.07060869564405435,0,0.0,500.0,kenyatta_kenya
2022-01-03 22:00:00,0.06772711644200487,0,0.0,500.0,kenyatta_kenya
2022-01-03 23:00:00,0.06496313605157404,0,0.0,500.0,kenyatta_kenya
2022-01-04 00:00:00,0.062311955201416365,0,0.0,500.0,kenyatta_kenya
2022-01-04 01:00:00,0.05976897048105551,0,0.0,500.0,kenyatta_kenya
2022-01-04 02:00:00,0.05732976634769576,0,0.0,500.0,kenyatta_kenya
2022-01-04 03:00:00,0.05499010745924001,0,0.0,500.0,kenyatta_kenya
2022-01-04 04:00:00,0.052745931320201604,0,0.0,500.0,kenyatta_kenya
2022-01-04 05:00:00,0.05059334122774008,0,0.0,500.0,kenyatta_kenya
2022-01-04 06:00:00,0.04852859950557337,0,0.0,500.0,kenyatta_kenya
2022-01-04 07:00:00,0.04654812101401772,0,0.0,500.0,kenyatta_kenya
2022-01-04 08:00:00,0.04464846692488613,0,0.0,500.0,kenyatta_kenya
2022-01-04 09:00:00,0.04282633875043683,0,0.0,500.0,kenyatta_kenya
2022-01-04 10:00:00,0.041078572616003554,0,0.0,500.0,kenyatta_kenya
2022-01-04 11:00:00,0.039402133766362764,0,0.0,500.0,kenyatta_kenya
2022-01-04 12:00:00,0.037794111296299136,0,0.0,500.0,kenyatta_kenya
2022-01-04 13:00:00,0.036251713096219516,0,0.0,500.0,kenyatta_kenya
2022-01-04 14:00:00,0.03477226100403902,0,0.0,500.0,kenyatta_kenya
2022-01-04 15:00:00,0.03335318615492145,0,0.0,500.0,kenyatta_kenya
2022-01-04 16:00:00,0.03199202452079912,0,0.0,500.0,kenyatta_kenya
2022-01-04 17:00:00,0.030686412631927548,0,0.0,500.0,kenyatta_kenya
2022-01-04 18:00:00,0.029434083473045592,0,0.0,500.0,kenyatta_kenya
2022-01-04 19:00:00,0.028232862547015646,0,0.0,500.0,kenyatta_kenya
2022-01-04 20:00:00,0.027080664099108864,0,0.0,500.0,kenyatta_kenya
2022-01-04 21:00:00,0.025975487495379167,0,0.0,500.0,kenyatta_kenya
2022-01-04 22:00:00,0.024915413748837944,0,0.0,500.0,kenyatta_kenya
2022-01-04 23:00:00,0.023898602187397425,0,0.0,500.0,kenyatta_kenya
2022-01-05 00:00:00,0.022923287257797003,0,0.0,500.0,kenyatta_kenya
2022-01-05 01:00:00,0.021987775459963124,0,0.0,500.0,kenyatta_kenya
2022-01-05 02:00:00,0.021090442406479667,0,0.0,500.0,kenyatta_kenya
2022-01-05 03:00:00,0.02022973000206278,0,0.0,500.0,kenyatta_kenya
2022-01-05 04:00:00,0.019404143738143035,0,0.0,500.0,kenyatta_kenya
2022-01-05 05:00:00,0.018612250097857108,0,0.0,500.0,kenyatta_kenya
2022-01-05 06:00:00,0.017852674066943065,0,0.0,500.0,kenyatta_kenya
2022-01-05 07:00:00,0.017124096746217503,0,0.0,500.0,kenyatta_kenya
2022-01-05 08:00:00,0.016425253061488728,0,0.0,500.0,kenyatta_kenya
2022-01-05 09:00:00,0.015754929566929584,0,0.0,500.0,kenyatta_kenya
2022-01-05 10:00:00,0.015111962338095895,0,0.0,500.0,kenyatta_kenya
2022-01-05 11:00:00,0.014495234950931945,0,0.0,500.0,kenyatta_kenya
2022-01-05 12:00:00,0.013903676543253819,0,0.0,500.0,kenyatta_kenya
2022-01-05 13:00:00,0.013336259955344687,0,0.0,500.0,kenyatta_kenya
2022-01-05 14:00:00,0.012791999946433411,0,0.0,500.0,kenyatta_kenya
2022-01-05 15:00:00,0.01226995148395959,0,0.0,500.0,kenyatta_kenya
2022-01-05 16:00:00,0.01176920810265466,0,0.0,500.0,kenyatta_kenya
2022-01-05 17:00:00,0.011288900330589796,0,0.0,500.0,kenyatta_kenya
2022-01-05 18:00:00,0.010828194179457597,0,0.0,500.0,kenyatta_kenya
2022-01-05 19:00:00,0.01038628969646626,0,0.0,500.0,kenyatta_kenya
2022-01-05 20:00:00,0.00996241957533171,0,0.0,500.0,kenyatta_kenya
2022-01-05 21:00:00,0.009555847823955875,0,0.0,500.0,kenyatta_kenya
2022-01-05 22:00:00,0.009165868486477775,0,0.0,500.0,kenyatta_kenya
2022-01-05 23:00:00,0.008791804417478373,0,0.0,500.0,kenyatta_kenya
2022-01-06 00:00:00,0.008433006106210802,0,0.0,500.0,kenyatta_kenya
2022-01-06 01:00:00,0.008088850548814391,0,0.0,500.0,kenyatta_kenya
2022-01-06 02:00:00,0.007758740166554228,0,0.0,500.0,kenyatta_kenya
2022-01-06 03:00:00,0.007442101768208012,0,0.0,500.0,kenyatta_kenya
2022-01-06 04:00:00,0.007138385554798405,0,0.0,500.0,kenyatta_kenya
2022-01-06 05:00:00,0.006847064164942794,0,0.0,500.0,kenyatta_kenya
2022-01-06 06:00:00,0.006567631759162911,0,0.0,500.0,kenyatta_kenya
2022-01-06 07:00:00,0.006299603141564211,0,0.0,500.0,kenyatta_kenya
2022-01-06 08:00:00,0.006042512917359996,0,0.0,500.0,kenyatta_kenya
2022-01-06 09:00:00,0.005795914684777487,0,0.0,500.0,kenyatta_kenya
2022-01-06 10:00:00,0.005559380259942603,0,0.0,500.0,kenyatta_kenya
2022-01-06 11:00:00,0.005332498933397603,0,0.0,500.0,kenyatta_kenya
2022-01-06 12:00:00,0.005114876756960704,0,0.0,500.0,kenyatta_kenya
2022-01-06 13:00:00,0.00490613585968929,0,0.0,500.0,kenyatta_kenya
2022-01-06 14:00:00,0.004705913791759043,0,0.0,500.0,kenyatta_kenya
2022-01-06 15:00:00,0.004513862895119762,0,0.0,500.0,kenyatta_kenya
2022-01-06 16:00:00,0.004329649699835009,0,0.0,500.0,kenyatta_kenya
2022-01-06 17:00:00,0.004152954345057485,0,0.0,500.0,kenyatta_kenya
2022-01-06 18:00:00,0.003983470023634724,0,0.0,500.0,kenyatta_kenya
2022-01-06 19:00:00,0.0038209024493807186,0,0.0,500.0,kenyatta_kenya
2022-01-06 20:00:00,0.003664969346088467,0,0.0,500.0,kenyatta_kenya
2022-01-06 21:00:00,0.003515399957396229,0,0.0,500.0,kenyatta_kenya
2022-01-06 22:00:00,0.003371934576656378,0,0.0,500.0,kenyatta_kenya
2022-01-06 23:00:00,0.003234324095990562,0,0.0,500.0,kenyatta_kenya
2022-01-07 00:00:00,0.003102329573748191,0,0.0,500.0,kenyatta_kenya
2022-01-07 01:00:00,0.002975721819617153,0,0.0,500.0,kenyatta_kenya
2022-01-07 02:00:00,0.002854280996666393,0,0.0,500.0,kenyatta_kenya
2022-01-07 03:00:00,0.0027377962396293665,0,0.0,500.0,kenyatta_kenya
2022-01-07 04:00:00,0.0026260652887655335,0,0.0,500.0,kenyatta_kenya
2022-01-07 05:00:00,0.0025188941386641637,0,0.0,500.0,kenyatta_kenya
2022-01-07 06:00:00,0.0024160967013806688,0,0.0,500.0,kenyatta_kenya
2022-01-07 07:00:00,0.002317494483320504,0,0.0,500.0,kenyatta_kenya
2022-01-07 08:00:00,0.0022229162753096164,0,0.0,500.0,kenyatta_kenya
2022-01-07 09:00:00,0.0021321978553132982,0,0.0,500.0,kenyatta_kenya
2022-01-07 10:00:00,0.0020451817032872324,0,0.0,500.0,kenyatta_kenya
2022-01-07 11:00:00,0.0019617167276656227,0,0.0,500.0,kenyatta_kenya
2022-01-07 12:00:00,0.001881658003011503,0,0.0,500.0,kenyatta_kenya
2022-01-07 13:00:00,0.0018048665183736697,0,0.0,500.0,kenyatta_kenya
2022-01-07 14:00:00,0.0017312089359133001,0,0.0,500.0,kenyatta_kenya
2022-01-07 15:00:00,0.0016605573593811665,0,0.0,500.0,kenyatta_kenya
2022-01-07 16:00:00,0.0015927891120434063,0,0.0,500.0,kenyatta_kenya
2022-01-07 17:00:00,0.0015277865236702607,0,0.0,500.0,kenyatta_kenya
2022-01-07 18:00:00,0.0014654367262179344,0,0.0,500.0,kenyatta_kenya
2022-01-07 19:00:00,0.001405631457848774,0,0.0,500.0,kenyatta_kenya
2022-01-07 20:00:00,0.0013482668749494919,0,0.0,500.0,kenyatta_kenya
2022-01-07 21:00:00,0.001293243371821037,0,0.0,500.0,kenyatta_kenya
2022-01-07 22:00:00,0.0012404654077270126,0,0.0,500.0,kenyatta_kenya
2022-01-07 23:00:00,0.0011898413410003385,0,0.0,500.0,kenyatta_kenya
2022-01-08 00:00:00,0.0011412832699201232,0,0.0,500.0,kenyatta_kenya
2022-01-08 01:00:00,0.0010947068800824258,0,0.0,500.0,kenyatta_kenya
2022-01-08 02:00:00,0.0010500312979999,0,0.0,500.0,kenyatta_kenya
2022-01-08 03:00:00,0.0010071789506761275,0,0.0,500.0,kenyatta_kenya
2022-01-08 04:00:00,0.0009660754309107867,0,0.0,500.0,kenyatta_kenya
2022-01-08 05:00:00,0.000926649368101794,0,0.0,500.0,kenyatta_kenya
2022-01-08 06:00:00,0.0008888323043200854,0,0.0,500.0,kenyatta_kenya
2022-01-08 07:00:00,0.0008525585754418476,0,0.0,500.0,kenyatta_kenya
2022-01-08 08:00:00,0.0008177651971318058,0,0.0,500.0,kenyatta_kenya
2022-01-08 09:00:00,0.000784391755479604,0,0.0,500.0,kenyatta_kenya
2022-01-08 10:00:00,0.0007523803020993656,0,0.0,500.0,kenyatta_kenya
2022-01-08 11:00:00,0.0007216752535102998,0,0.0,500.0,kenyatta_kenya
2022-01-08 12:00:00,0.0006922232946236438,0,0.0,500.0,kenyatta_kenya
2022-01-08 13:00:00,0.0006639732861683524,0,0.0,500.0,kenyatta_kenya
2022-01-08 14:00:00,0.0006368761758947922,0,0.0,500.0,kenyatta_kenya
2022-01-08 15:00:00,0.0006108849134022695,0,0.0,500.0,kenyatta_kenya
2022-01-08 16:00:00,0.0005859543684424861,0,0.0,500.0,kenyatta_kenya
2022-01-08 17:00:00,0.000562041252557076,0,0.0,500.0,kenyatta_kenya
2022-01-08 18:00:00,0.0005391040439131616,0,0.0,500.0,kenyatta_kenya
2022-01-08 19:00:00,0.0005171029152064067,0,0.0,500.0,kenyatta_kenya
2022-01-08 20:00:00,0.0004959996645063859,0,0.0,500.0,kenyatta_kenya
2022-01-08 21:00:00,0.00047575764892419486,0,0.0,500.0,kenyatta_kenya
2022-01-08 22:00:00,0.00045634172098711867,0,0.0,500.0,kenyatta_kenya
2022-01-08 23:00:00,0.0004377181676098841,0,0.0,500.0,kenyatta_kenya
2022-01-09 00:00:00,0.0004198546515565314,0,0.0,500.0,kenyatta_kenya
2022-01-09 01:00:00,0.0004027201552912559,0,0.0,500.0,kenyatta_kenya
2022-01-09 02:00:00,0.00038628492712072744,0,0.0,500.0,kenyatta_kenya
2022-01-09 03:00:00,0.0003705204295343735,0,0.0,500.0,kenyatta_kenya
2022-01-09 04:00:00,0.0003553992896529206,0,0.0,500.0,kenyatta_kenya
2022-01-09 05:00:00,0.0003408952516991582,0,0.0,500.0,kenyatta_kenya
2022-01-09 06:00:00,0.0003269831314083984,0,0.0,500.0,kenyatta_kenya
2022-01-09 07:00:00,0.0003136387722994679,0,0.0,500.0,kenyatta_kenya
2022-01-09 08:00:00,0.0003008390037303031,0,0.0,500.0,kenyatta_kenya
2022-01-09 09:00:00,0.0002885616006653233,0,0.0,500.0,kenyatta_kenya
2022-01-09 10:00:00,0.0002767852450847156,0,0.0,500.0,kenyatta_kenya
2022-01-09 11:00:00,0.000265489488968628,0,0.0,500.0,kenyatta_kenya
2022-01-09 12:00:00,0.0002546547187920008,0,0.0,500.0,kenyatta_kenya
2022-01-09 13:00:00,0.0002442621214683796,0,0.0,500.0,kenyatta_kenya
2022-01-09 14:00:00,0.00023429365168358134,0,0.0,500.0,kenyatta_kenya
2022-01-09 15:00:00,0.00022473200056249184,0,0.0,500.0,kenyatta_kenya
2022-01-09 16:00:00,0.0002155605656145872,0,0.0,500.0,kenyatta_kenya
2022-01-09 17:00:00,0.0002067634219059946,0,0.0,500.0,kenyatta_kenya
2022-01-09 18:00:00,0.0001983252944080386,0,0.0,500.0,kenyatta_kenya
2022-01-09 19:00:00,0.00019023153147425666,0,0.0,500.0,kenyatta_kenya
2022-01-09 20:00:00,0.00018246807939983212,0,0.0,500.0,kenyatta_kenya
2022-01-09 21:00:00,0.00017502145801927204,0,0.0,500.0,kenyatta_kenya
2022-01-09 22:00:00,0.00016787873729995532,0,0.0,500.0,kenyatta_kenya
2022-01-09 23:00:00,0.0001610275148909119,0,0.0,500.0,kenyatta_kenya
2022-01-10 00:00:00,0.0001544558945878475,0,0.0,500.0,kenyatta_kenya
2022-01-10 01:00:00,0.00014815246567702355,0,0.0,500.0,kenyatta_kenya
2022-01-10 02:00:00,0.00014210628312212454,0,0.0,500.0,kenyatta_kenya
2022-01-10 03:00:00,0.0001363068485597082,0,0.0,500.0,kenyatta_kenya
2022-01-10 04:00:00,0.00013074409207024387,0,0.0,500.0,kenyatta_kenya
2022-01-10 05:00:00,0.00012540835469308448,0,0.0,500.0,kenyatta_kenya
2022-01-10 06:00:00,0.00012029037165501002,0,0.0,500.0,kenyatta_kenya
2022-01-10 07:00:00,0.00011538125628322538,0,0.0,500.0,kenyatta_kenya
2022-01-10 08:00:00,0.00011067248457487736,0,0.0,500.0,kenyatta_kenya
2022-01-10 09:00:00,0.00010615588039629614,0,0.0,500.0,kenyatta_kenya
2022-01-10 10:00:00,0.00010182360128626578,0,0.0,500.0,kenyatta_kenya
2022-01-10 11:00:00,9.766812483867068e-05,0,0.0,500.0,kenyatta_kenya
2022-01-10 12:00:00,9.368223564087212e-05,0,0.0,500.0,kenyatta_kenya
2022-01-10 13:00:00,8.985901274513838e-05,0,0.0,500.0,kenyatta_kenya
2022-01-10 14:00:00,8.619181765137247e-05,0,0.0,500.0,kenyatta_kenya
2022-01-10 15:00:00,8.267428278026982e-05,0,0.0,500.0,kenyatta_kenya
2022-01-10 16:00:00,7.930030041689429e-05,0,0.0,500.0,kenyatta_kenya
2022-01-10 17:00:00,7.606401210547245e-05,0,0.0,500.0,kenyatta_kenya
2022-01-10 18:00:00,7.295979847699109e-05,0,0.0,500.0,kenyatta_kenya
2022-01-10 19:00:00,6.998226949193712e-05,0,0.0,500.0,kenyatta_kenya
2022-01-10 20:00:00,6.712625508123662e-05,0,0.0,500.0,kenyatta_kenya
2022-01-10 21:00:00,6.438679616914091e-05,0,0.0,500.0,kenyatta_kenya
2022-01-10 22:00:00,6.175913606247493e-05,0,0.0,500.0,kenyatta_kenya
2022-01-10 23:00:00,5.9238712191294766e-05,0,0.0,500.0,kenyatta_kenya
2022-01-11 00:00:00,5.682114818661254e-05,0,0.0,500.0,kenyatta_kenya
2022-01-11 01:00:00,5.4502246281434714e-05,0,0.0,500.0,kenyatta_kenya
2022-01-11 02:00:00,5.227798002191794e-05,0,0.0,500.0,kenyatta_kenya
2022-01-11 03:00:00,5.014448727598587e-05,0,0.0,500.0,kenyatta_kenya
2022-01-11 04:00:00,4.8098063527268914e-05,0,0.0,500.0,kenyatta_kenya
2022-01-11 05:00:00,4.613515544272194e-05,0,0.0,500.0,kenyatta_kenya
2022-01-11 06:00:00,4.425235470275019e-05,0,0.0,500.0,kenyatta_kenya
2022-01-11 07:00:00,4.244639208313192e-05,0,0.0,500.0,kenyatta_kenya
2022-01-11 08:00:00,4.0714131778460956e-05,0,0.0,500.0,kenyatta_kenya
2022-01-11 09:00:00,3.90525659572519e-05,0,0.0,500.0,kenyatta_kenya
2022-01-11 10:00:00,3.745880953925521e-05,0,0.0,500.0,kenyatta_kenya
2022-01-11 11:00:00,3.593009518591284e-05,0,0.0,500.0,kenyatta_kenya
2022-01-11 12:00:00,3.446376849525541e-05,0,0.0,500.0,kenyatta_kenya
2022-01-11 13:00:00,3.305728339289902e-05,0,0.0,500.0,kenyatta_kenya
2022-01-11 14:00:00,3.1708197711137754e-05,0,0.0,500.0,kenyatta_kenya
2022-01-11 15:00:00,3.0414168948455466e-05,0,0.0,500.0,kenyatta_kenya
2022-01-11 16:00:00,2.917295020209457e-05,0,0.0,500.0,kenyatta_kenya
2022-01-11 17:00:00,2.798238626661903e-05,0,0.0,500.0,kenyatta_kenya
2022-01-11 18:00:00,2.684040989169653e-05,0,0.0,500.0,kenyatta_kenya
2022-01-11 19:00:00,2.57450381926031e-05,0,0.0,500.0,kenyatta_kenya
2022-01-11 20:00:00,2.4694369207217012e-05,0,0.0,500.0,kenyatta_kenya
2022-01-11 21:00:00,2.3686578593523123e-05,0,0.0,500.0,kenyatta_kenya
2022-01-11 22:00:00,2.2719916461894347e-05,0,0.0,500.0,kenyatta_kenya
2022-01-11 23:00:00,2.1792704336649426e-05,0,0.0,500.0,kenyatta_kenya
2022-01-12 00:00:00,2.0903332241610735e-05,0,0.0,500.0,kenyatta_kenya
2022-01-12 01:00:00,2.005025590460252e-05,0,0.0,500.0,kenyatta_kenya
2022-01-12 02:00:00,1.9231994076035e-05,0,0.0,500.0,kenyatta_kenya
2022-01-12 03:00:00,1.8447125956918183e-05,0,0.0,500.0,kenyatta_kenya
2022-01-12 04:00:00,1.7694288731840222e-05,0,0.0,500.0,kenyatta_kenya
2022-01-12 05:00:00,1.6972175202626173e-05,0,0.0,500.0,kenyatta_kenya
2022-01-12 06:00:00,1.6279531518568187e-05,0,0.0,500.0,kenyatta_kenya
2022-01-12 07:00:00,1.5615154999286503e-05,0,0.0,500.0,kenyatta_kenya
2022-01-12 08:00:00,1.4977892046440676e-05,0,0.0,500.0,kenyatta_kenya
2022-01-12 09:00:00,1.436663614066472e-05,0,0.0,500.0,kenyatta_kenya
2022-01-12 10:00:00,1.37803259202487e-05,0,0.0,500.0,kenyatta_kenya
2022-01-12 11:00:00,1.3217943338230344e-05,0,0.0,500.0,kenyatta_kenya
2022-01-12 12:00:00,1.267851189469652e-05,0,0.0,500.0,kenyatta_kenya
2022-01-12 13:00:00,1.2161094941225692e-05,0,0.0,500.0,kenyatta_kenya
2022-01-12 14:00:00,1.1664794054526964e-05,0,0.0,500.0,kenyatta_kenya
2022-01-12 15:00:00,1.1188747476451629e-05,0,0.0,500.0,kenyatta_kenya
2022-01-12 16:00:00,1.0732128617668866e-05,0,0.0,500.0,kenyatta_kenya
2022-01-12 17:00:00,1.029414462240725e-05,0,0.0,500.0,kenyatta_kenya
2022-01-12 18:00:00,9.87403499176977e-06,0,0.0,500.0,kenyatta_kenya
2022-01-12 19:00:00,9.47107026323227e-06,0,0.0,500.0,kenyatta_kenya
2022-01-12 20:00:00,9.08455074403227e-06,0,0.0,500.0,kenyatta_kenya
2022-01-12 21:00:00,8.713805296248735e-06,0,0.0,500.0,kenyatta_kenya
2022-01-12 22:00:00,8.358190171463546e-06,0,0.0,500.0,kenyatta_kenya
2022-01-12 23:00:00,8.017087892981059e-06,0,0.0,500.0,kenyatta_kenya
2022-01-13 00:00:00,7.689906183664751e-06,0,0.0,500.0,kenyatta_kenya
2022-01-13 01:00:00,7.376076937529587e-06,0,0.0,500.0,kenyatta_kenya
2022-01-13 02:00:00,7.075055233304244e-06,0,0.0,500.0,kenyatta_kenya
2022-01-13 03:00:00,6.786318388250269e-06,0,0.0,500.0,kenyatta_kenya
2022-01-13 04:00:00,6.50936505059553e-06,0,0.0,500.0,kenyatta_kenya
2022-01-13 05:00:00,6.2437143290059265e-06,0,0.0,500.0,kenyatta_kenya
2022-01-13 06:00:00,5.988904957583747e-06,0,0.0,500.0,kenyatta_kenya
2022-01-13 07:00:00,5.7444944949429725e-06,0,0.0,500.0,kenyatta_kenya
2022-01-13 08:00:00,5.510058555970787e-06,0,0.0,500.0,kenyatta_kenya
2022-01-13 09:00:00,5.285190074941184e-06,0,0.0,500.0,kenyatta_kenya
2022-01-13 10:00:00,5.069498598701434e-06,0,0.0,500.0,kenyatta_kenya
2022-01-13 11:00:00,4.862609608703967e-06,0,0.0,500.0,kenyatta_kenya
2022-01-13 12:00:00,4.6641638707064405e-06,0,0.0,500.0,kenyatta_kenya
2022-01-13 13:00:00,4.473816811010963e-06,0,0.0,500.0,kenyatta_kenya
2022-01-13 14:00:00,4.291237918159343e-06,0,0.0,500.0,kenyatta_kenya
2022-01-13 15:00:00,4.1161101690454105e-06,0,0.0,500.0,kenyatta_kenya
2022-01-13 16:00:00,3.948129478448066e-06,0,0.0,500.0,kenyatta_kenya
2022-01-13 17:00:00,3.7870041710291874e-06,0,0.0,500.0,kenyatta_kenya
2022-01-13 18:00:00,3.6324544748795304e-06,0,0.0,500.0,kenyatta_kenya
2022-01-13 19:00:00,3.4842120357333524e-06,0,0.0,500.0,kenyatta_kenya
2022-01-13 20:00:00,3.3420194510082013e-06,0,0.0,500.0,kenyatta_kenya
2022-01-13 21:00:00,3.205629822860739e-06,0,0.0,500.0,kenyatta_kenya
2022-01-13 22:00:00,3.074806329482651e-06,0,0.0,500.0,kenyatta_kenya
2022-01-13 23:00:00,2.949321813892208e-06,0,0.0,500.0,kenyatta_kenya
2022-01-14 00:00:00,2.828958389507407e-06,0,0.0,500.0,kenyatta_kenya
2022-01-14 01:00:00,2.7135070618159486e-06,0,0.0,500.0,kenyatta_kenya
2022-01-14 02:00:00,2.6027673654850534e-06,0,0.0,500.0,kenyatta_kenya
2022-01-14 03:00:00,2.4965470162809926e-06,0,0.0,500.0,kenyatta_kenya
2022-01-14 04:00:00,2.394661577194001e-06,0,0.0,500.0,kenyatta_kenya
2022-01-14 05:00:00,2.2969341381888277e-06,0,0.0,500.0,kenyatta_kenya
2022-01-14 06:00:00,2.203195009024789e-06,0,0.0,500.0,kenyatta_kenya
2022-01-14 07:00:00,2.1132814246120475e-06,0,0.0,500.0,kenyatta_kenya
2022-01-14 08:00:00,2.0270372623924576e-06,0,0.0,500.0,kenyatta_kenya
2022-01-14 09:00:00,1.9443127712542158e-06,0,0.0,500.0,kenyatta_kenya
2022-01-14 10:00:00,1.8649643115096934e-06,0,0.0,500.0,kenyatta_kenya
2022-01-14 11:00:00,1.7888541054849014e-06,0,0.0,500.0,kenyatta_kenya
2022-01-14 12:00:00,1.7158499982875167e-06,0,0.0,500.0,kenyatta_kenya
2022-01-14 13:00:00,1.6458252283381167e-06,0,0.0,500.0,kenyatta_kenya
2022-01-14 14:00:00,1.5786582072661627e-06,0,0.0,500.0,kenyatta_kenya
2022-01-14 15:00:00,1.5142323087885167e-06,0,0.0,500.0,kenyatta_kenya
2022-01-14 16:00:00,1.4524356662039726e-06,0,0.0,500.0,kenyatta_kenya
2022-01-14 17:00:00,1.3931609781521387e-06,0,0.0,500.0,kenyatta_kenya
2022-01-14 18:00:00,1.3363053222993866e-06,0,0.0,500.0,kenyatta_kenya
2022-01-14 19:00:00,1.281769976628399e-06,0,0.0,500.0,kenyatta_kenya
2022-01-14 20:00:00,1.2294602480209876e-06,0,0.0,500.0,kenyatta_kenya
2022-01-14 21:00:00,1.1792853078365181e-06,0,0.0,500.0,kenyatta_kenya
2022-01-14 22:00:00,1.1311580342004915e-06,0,0.0,500.0,kenyatta_kenya
2022-01-14 23:00:00,1.08499486072941e-06,0,0.0,500.0,kenyatta_kenya
2022-01-15 00:00:00,1.0407156314292484e-06,0,0.0,500.0,kenyatta_kenya
2022-01-15 01:00:00,9.982434615156136e-07,0,0.0,500.0,kenyatta_kenya
2022-01-15 02:00:00,9.575046039139088e-07,0,0.0,500.0,kenyatta_kenya
2022-01-15 03:00:00,9.184283212076832e-07,0,0.0,500.0,kenyatta_kenya
2022-01-15 04:00:00,8.809467628128538e-07,0,0.0,500.0,kenyatta_kenya
2022-01-15 05:00:00,8.449948471645143e-07,0,0.0,500.0,kenyatta_kenya
2022-01-15 06:00:00,8.105101487117502e-07,0,0.0,500.0,kenyatta_kenya
2022-01-15 07:00:00,7.774327895242697e-07,0,0.0,500.0,kenyatta_kenya
2022-01-15 08:00:00,7.457053353226274e-07,0,0.0,500.0,kenyatta_kenya
2022-01-15 09:00:00,7.152726957514994e-07,0,0.0,500.0,kenyatta_kenya
2022-01-15 10:00:00,6.860820287228696e-07,0,0.0,500.0,kenyatta_kenya
2022-01-15 11:00:00,6.580826486630258e-07,0,0.0,500.0,kenyatta_kenya
2022-01-15 12:00:00,6.312259385040319e-07,0,0.0,500.0,kenyatta_kenya
2022-01-15 13:00:00,6.054652652668879e-07,0,0.0,500.0,kenyatta_kenya
2022-01-15 14:00:00,5.807558990897868e-07,0,0.0,500.0,kenyatta_kenya
2022-01-15 15:00:00,5.570549355608624e-07,0,0.0,500.0,kenyatta_kenya
2022-01-15 16:00:00,5.343212212205889e-07,0,0.0,500.0,kenyatta_kenya
2022-01-15 17:00:00,5.125152821044688e-07,0,0.0,500.0,kenyatta_kenya
2022-01-15 18:00:00,4.915992552019225e-07,0,0.0,500.0,kenyatta_kenya
2022-01-15 19:00:00,4.7153682271238823e-07,0,0.0,500.0,kenyatta_kenya
2022-01-15 20:00:00,4.522931489844638e-07,0,0.0,500.0,kenyatta_kenya
2022-01-15 21:00:00,4.338348200285906e-07,0,0.0,500.0,kenyatta_kenya
2022-01-15 22:00:00,4.1612978549826403e-07,0,0.0,500.0,kenyatta_kenya
2022-01-15 23:00:00,3.9914730303902226e-07,0,0.0,500.0,kenyatta_kenya
2022-01-16 00:00:00,3.828578849085766e-07,0,0.0,500.0,kenyatta_kenya
2022-01-16 01:00:00,3.6723324677541013e-07,0,0.0,500.0,kenyatta_kenya
2022-01-16 02:00:00,3.5224625860693196e-07,0,0.0,500.0,kenyatta_kenya
2022-01-16 03:00:00,3.378708975619084e-07,0,0.0,500.0,kenyatta_kenya
2022-01-16 04:00:00,3.240822028053838e-07,0,0.0,500.0,kenyatta_kenya
2022-01-16 05:00:00,3.1085623216762984e-07,0,0.0,500.0,kenyatta_kenya
2022-01-16 06:00:00,2.9817002057186127e-07,0,0.0,500.0,kenyatta_kenya
2022-01-16 07:00:00,2.8600154015854384e-07,0,0.0,500.0,kenyatta_kenya
2022-01-16 08:00:00,2.743296620370512e-07,0,0.0,500.0,kenyatta_kenya
2022-01-16 09:00:00,2.6313411959825266e-07,0,0.0,500.0,kenyatta_kenya
2022-01-16 10:00:00,2.523954733243387e-07,0,0.0,500.0,kenyatta_kenya
2022-01-16 11:00:00,2.420950770347766e-07,0,0.0,500.0,kenyatta_kenya
2022-01-16 12:00:00,2.3221504550978246e-07,0,0.0,500.0,kenyatta_kenya
2022-01-16 13:00:00,2.227382234351018e-07,0,0.0,500.0,kenyatta_kenya
2022-01-16 14:00:00,2.1364815561416934e-07,0,0.0,500.0,kenyatta_kenya
2022-01-16 15:00:00,2.049290583959239e-07,0,0.0,500.0,kenyatta_kenya
2022-01-16 16:00:00,1.965657922686729e-07,0,0.0,500.0,kenyatta_kenya
2022-01-16 17:00:00,1.8854383557241609e-07,0,0.0,500.0,kenyatta_kenya
2022-01-16 18:00:00,1.808492592839805e-07,0,0.0,500.0,kenyatta_kenya
2022-01-16 19:00:00,1.7346870283119084e-07,0,0.0,500.0,kenyatta_kenya
2022-01-16 20:00:00,1.6638935089407644e-07,0,0.0,500.0,kenyatta_kenya
2022-01-16 21:00:00,1.5959891115283118e-07,0,0.0,500.0,kenyatta_kenya
2022-01-16 22:00:00,1.5308559294389355e-07,0,0.0,500.0,kenyatta_kenya
2022-01-16 23:00:00,1.4683808678708385e-07,0,0.0,500.0,kenyatta_kenya
2022-01-17 00:00:00,1.4084554474824752e-07,0,0.0,500.0,kenyatta_kenya
2022-01-17 01:00:00,1.3509756160331222e-07,0,0.0,500.0,kenyatta_kenya
2022-01-17 02:00:00,1.2958415677104947e-07,0,0.0,500.0,kenyatta_kenya
2022-01-17 03:00:00,1.2429575698316848e-07,0,0.0,500.0,kenyatta_kenya
2022-01-17 04:00:00,1.1922317966165462e-07,0,0.0,500.0,kenyatta_kenya
2022-01-17 05:00:00,1.1435761697448782e-07,0,0.0,500.0,kenyatta_kenya
2022-01-17 06:00:00,1.096906205420538e-07,0,0.0,500.0,kenyatta_kenya
2022-01-17 07:00:00,1.0521408676769693e-07,0,0.0,500.0,kenyatta_kenya
2022-01-17 08:00:00,1.0092024276694104e-07,0,0.0,500.0,kenyatta_kenya
2022-01-17 09:00:00,9.680163287094466e-08,0,0.0,500.0,kenyatta_kenya
2022-01-17 10:00:00,9.28511056807594e-08,0,0.0,500.0,kenyatta_kenya
2022-01-17 11:00:00,8.906180164991088e-08,0,0.0,500.0,kenyatta_kenya
2022-01-17 12:00:00,8.542714117373982e-08,0,0.0,500.0,kenyatta_kenya
2022-01-17 13:00:00,8.194081316482511e-08,0,0.0,500.0,kenyatta_kenya
2022-01-17 14:00:00,7.859676409464997e-08,0,0.0,500.0,kenyatta_kenya
2022-01-17 15:00:00,7.538918748248235e-08,0,0.0,500.0,kenyatta_kenya
2022-01-17 16:00:00,7.231251381322119e-08,0,0.0,500.0,kenyatta_kenya
2022-01-17 17:00:00,6.936140086670074e-08,0,0.0,500.0,kenyatta_kenya
2022-01-17 18:00:00,6.653072444166003e-08,0,0.0,500.0,kenyatta_kenya
2022-01-17 19:00:00,6.381556945827348e-08,0,0.0,500.0,kenyatta_kenya
2022-01-17 20:00:00,6.121122142379188e-08,0,0.0,500.0,kenyatta_kenya
2022-01-17 21:00:00,5.87131582464742e-08,0,0.0,500.0,kenyatta_kenya
2022-01-17 22:00:00,5.631704238359855e-08,0,0.0,500.0,kenyatta_kenya
2022-01-17 23:00:00,5.4018713309916154e-08,0,0.0,500.0,kenyatta_kenya
2022-01-18 00:00:00,5.1814180293472585e-08,0,0.0,500.0,kenyatta_kenya
2022-01-18 01:00:00,4.9699615466251094e-08,0,0.0,500.0,kenyatta_kenya
2022-01-18 02:00:00,4.7671347177606264e-08,0,0.0,500.0,kenyatta_kenya
2022-01-18 03:00:00,4.572585361894934e-08,0,0.0,500.0,kenyatta_kenya
2022-01-18 04:00:00,4.3859756708612046e-08,0,0.0,500.0,kenyatta_kenya
2022-01-18 05:00:00,4.206981622627242e-08,0,0.0,500.0,kenyatta_kenya
2022-01-18 06:00:00,4.035292418675941e-08,0,0.0,500.0,kenyatta_kenya
2022-01-18 07:00:00,3.870609944346406e-08,0,0.0,500.0,kenyatta_kenya
2022-01-18 08:00:00,3.712648251198857e-08,0,0.0,500.0,kenyatta_kenya
2022-01-18 09:00:00,3.561133060504618e-08,0,0.0,500.0,kenyatta_kenya
2022-01-18 10:00:00,3.4158012869988365e-08,0,0.0,500.0,kenyatta_kenya
2022-01-18 11:00:00,3.2764005820691056e-08,0,0.0,500.0,kenyatta_kenya
2022-01-18 12:00:00,3.142688895586926e-08,0,0.0,500.0,kenyatta_kenya
2022-01-18 13:00:00,3.0144340556209476e-08,0,0.0,500.0,kenyatta_kenya
2022-01-18 14:00:00,2.891413365302351e-08,0,0.0,500.0,kenyatta_kenya
2022-01-18 15:00:00,2.7734132161424652e-08,0,0.0,500.0,kenyatta_kenya
2022-01-18 16:00:00,2.6602287171310065e-08,0,0.0,500.0,kenyatta_kenya
2022-01-18 17:00:00,2.5516633389710262e-08,0,0.0,500.0,kenyatta_kenya
2022-01-18 18:00:00,2.4475285728329066e-08,0,0.0,500.0,kenyatta_kenya
2022-01-18 19:00:00,2.347643603034705e-08,0,0.0,500.0,kenyatta_kenya
2022-01-18 20:00:00,2.2518349930805974e-08,0,0.0,500.0,kenyatta_kenya
2022-01-18 21:00:00,2.1599363845123355e-08,0,0.0,500.0,kenyatta_kenya
2022-01-18 22:00:00,2.071788208050667e-08,0,0.0,500.0,kenyatta_kenya
2022-01-18 23:00:00,1.9872374065252306e-08,0,0.0,500.0,kenyatta_kenya
2022-01-19 00:00:00,1.9061371691119054e-08,0,0.0,500.0,kenyatta_kenya
2022-01-19 01:00:00,1.8283466764160027e-08,0,0.0,500.0,kenyatta_kenya
2022-01-19 02:00:00,1.7537308559587607e-08,0,0.0,500.0,kenyatta_kenya
2022-01-19 03:00:00,1.6821601476426256e-08,0,0.0,500.0,kenyatta_kenya
2022-01-19 04:00:00,1.613510278787962e-08,0,0.0,500.0,kenyatta_kenya
2022-01-19 05:00:00,1.5476620483506373e-08,0,0.0,500.0,kenyatta_kenya
2022-01-19 06:00:00,1.484501119945863e-08,0,0.0,500.0,kenyatta_kenya
2022-01-19 07:00:00,1.4239178233187833e-08,0,0.0,500.0,kenyatta_kenya
2022-01-19 08:00:00,1.3658069639171679e-08,0,0.0,500.0,kenyatta_kenya
2022-01-19 09:00:00,1.3100676402355869e-08,0,0.0,500.0,kenyatta_kenya
2022-01-19 10:00:00,1.2566030686138254e-08,0,0.0,500.0,kenyatta_kenya
2022-01-19 11:00:00,1.2053204151853709e-08,0,0.0,500.0,kenyatta_kenya
2022-01-19 12:00:00,1.1561306346842155e-08,0,0.0,500.0,kenyatta_kenya
2022-01-19 13:00:00,1.1089483158299988e-08,0,0.0,500.0,kenyatta_kenya
2022-01-19 14:00:00,1.0636915330230684e-08,0,0.0,500.0,kenyatta_kenya
2022-01-19 15:00:00,1.0202817040919826e-08,0,0.0,500.0,kenyatta_kenya
2022-01-19 16:00:00,9.786434538463776e-09,0,0.0,500.0,kenyatta_kenya
2022-01-19 17:00:00,9.387044831983178e-09,0,0.0,500.0,kenyatta_kenya
2022-01-19 18:00:00,9.003954436249074e-09,0,0.0,500.0,kenyatta_kenya
2022-01-19 19:00:00,8.636498167541187e-09,0,0.0,500.0,kenyatta_kenya
2022-01-19 20:00:00,8.284037988647888e-09,0,0.0,500.0,kenyatta_kenya
2022-01-19 21:00:00,7.945961901002634e-09,0,0.0,500.0,kenyatta_kenya
2022-01-19 22:00:00,7.621682882032631e-09,0,0.0,500.0,kenyatta_kenya
2022-01-19 23:00:00,7.310637865874882e-09,0,0.0,500.0,kenyatta_kenya
2022-01-20 00:00:00,7.012286765690029e-09,0,0.0,500.0,kenyatta_kenya
2022-01-20 01:00:00,6.726111535875829e-09,0,0.0,500.0,kenyatta_kenya
2022-01-20 02:00:00,6.45161527255224e-09,0,0.0,500.0,kenyatta_kenya
2022-01-20 03:00:00,6.188321350756402e-09,0,0.0,500.0,kenyatta_kenya
2022-01-20 04:00:00,5.935772596848935e-09,0,0.0,500.0,kenyatta_kenya
2022-01-20 05:00:00,5.693530494694823e-09,0,0.0,500.0,kenyatta_kenya
2022-01-20 06:00:00,5.461174424240643e-09,0,0.0,500.0,kenyatta_kenya
2022-01-20 07:00:00,5.238300931165706e-09,0,0.0,500.0,kenyatta_kenya
2022-01-20 08:00:00,5.02452302633912e-09,0,0.0,500.0,kenyatta_kenya
2022-01-20 09:00:00,4.8194695138665795e-09,0,0.0,500.0,kenyatta_kenya
2022-01-20 10:00:00,4.622784346559737e-09,0,0.0,500.0,kenyatta_kenya
2022-01-20 11:00:00,4.434126007709251e-09,0,0.0,500.0,kenyatta_kenya
2022-01-20 12:00:00,4.2531669180881425e-09,0,0.0,500.0,kenyatta_kenya
2022-01-20 13:00:00,4.07959286715552e-09,0,0.0,500.0,kenyatta_kenya
2022-01-20 14:00:00,3.9131024674732115e-09,0,0.0,500.0,kenyatta_kenya
2022-01-20 15:00:00,3.753406631388055e-09,0,0.0,500.0,kenyatta_kenya
2022-01-20 16:00:00,3.600228069070956e-09,0,0.0,500.0,kenyatta_kenya
2022-01-20 17:00:00,3.4533008070412467e-09,0,0.0,500.0,kenyatta_kenya
2022-01-20 18:00:00,3.312369726340438e-09,0,0.0,500.0,kenyatta_kenya
2022-01-20 19:00:00,3.1771901195532377e-09,0,0.0,500.0,kenyatta_kenya
2022-01-20 20:00:00,3.047527265906784e-09,0,0.0,500.0,kenyatta_kenya
2022-01-20 21:00:00,2.923156023710421e-09,0,0.0,500.0,kenyatta_kenya
2022-01-20 22:00:00,2.8038604394281123e-09,0,0.0,500.0,kenyatta_kenya
2022-01-20 23:00:00,2.6894333727048374e-09,0,0.0,500.0,kenyatta_kenya
2022-01-21 00:00:00,2.5796761366959487e-09,0,0.0,500.0,kenyatta_kenya
2022-01-21 01:00:00,2.4743981530747915e-09,0,0.0,500.0,kenyatta_kenya
2022-01-21 02:00:00,2.3734166211196606e-09,0,0.0,500.0,kenyatta_kenya
2022-01-21 03:00:00,2.27655620030557e-09,0,0.0,500.0,kenyatta_kenya
2022-01-21 04:00:00,2.183648705849547e-09,0,0.0,500.0,kenyatta_kenya
2022-01-21 05:00:00,2.094532816680897e-09,0,0.0,500.0,kenyatta_kenya
2022-01-21 06:00:00,2.0090537953294212e-09,0,0.0,500.0,kenyatta_kenya
2022-01-21 07:00:00,1.9270632192450856e-09,0,0.0,500.0,kenyatta_kenya
2022-01-21 08:00:00,1.8484187230826796e-09,0,0.0,500.0,kenyatta_kenya
2022-01-21 09:00:00,1.77298375150404e-09,0,0.0,500.0,kenyatta_kenya
2022-01-21 10:00:00,1.7006273220684873e-09,0,0.0,500.0,kenyatta_kenya
2022-01-21 11:00:00,1.631223797799838e-09,0,0.0,500.0,kenyatta_kenya
2022-01-21 12:00:00,1.5646526690351313e-09,0,0.0,500.0,kenyatta_kenya
2022-01-21 13:00:00,1.500798344176175e-09,0,0.0,500.0,kenyatta_kenya
2022-01-21 14:00:00,1.4395499489806373e-09,0,0.0,500.0,kenyatta_kenya
2022-01-21 15:00:00,1.3808011340442234e-09,0,0.0,500.0,kenyatta_kenya
2022-01-21 16:00:00,1.324449890139564e-09,0,0.0,500.0,kenyatta_kenya
2022-01-21 17:00:00,1.2703983710912246e-09,0,0.0,500.0,kenyatta_kenya
2022-01-21 18:00:00,1.2185527238793239e-09,0,0.0,500.0,kenyatta_kenya
2022-01-21 19:00:00,1.1688229256766728e-09,0,0.0,500.0,kenyatta_kenya
2022-01-21 20:00:00,1.1211226275365212e-09,0,0.0,500.0,kenyatta_kenya
2022-01-21 21:00:00,1.075369004459525e-09,0,0.0,500.0,kenyatta_kenya
2022-01-21 22:00:00,1.0314826115795286e-09,0,0.0,500.0,kenyatta_kenya
2022-01-21 23:00:00,9.89387246218483e-10,0,0.0,500.0,kenyatta_kenya
2022-01-22 00:00:00,9.490098155710108e-10,0,0.0,500.0,kenyatta_kenya
2022-01-22 01:00:00,9.102802097888033e-10,0,0.0,500.0,kenyatta_kenya
2022-01-22 02:00:00,8.731311802445137e-10,0,0.0,500.0,kenyatta_kenya
2022-01-22 03:00:00,8.374982227637952e-10,0,0.0,500.0,kenyatta_kenya
2022-01-22 04:00:00,8.033194656226746e-10,0,0.0,500.0,kenyatta_kenya
2022-01-22 05:00:00,7.705355621158154e-10,0,0.0,500.0,kenyatta_kenya
2022-01-22 06:00:00,7.390895875091527e-10,0,0.0,500.0,kenyatta_kenya
2022-01-22 07:00:00,7.089269401979228e-10,0,0.0,500.0,kenyatta_kenya
2022-01-22 08:00:00,6.799952468984873e-10,0,0.0,500.0,kenyatta_kenya
2022-01-22 09:00:00,6.522442717093534e-10,0,0.0,500.0,kenyatta_kenya
2022-01-22 10:00:00,6.256258288834415e-10,0,0.0,500.0,kenyatta_kenya
2022-01-22 11:00:00,6.000936991601622e-10,0,0.0,500.0,kenyatta_kenya
2022-01-22 12:00:00,5.756035495120498e-10,0,0.0,500.0,kenyatta_kenya
2022-01-22 13:00:00,5.521128561665573e-10,0,0.0,500.0,kenyatta_kenya
2022-01-22 14:00:00,5.295808307693751e-10,0,0.0,500.0,kenyatta_kenya
2022-01-22 15:00:00,5.079683495610827e-10,0,0.0,500.0,kenyatta_kenya
2022-01-22 16:00:00,4.87237885444121e-10,0,0.0,500.0,kenyatta_kenya
2022-01-22 17:00:00,4.673534428221503e-10,0,0.0,500.0,kenyatta_kenya
2022-01-22 18:00:00,4.482804950986645e-10,0,0.0,500.0,kenyatta_kenya
2022-01-22 19:00:00,4.2998592472630473e-10,0,0.0,500.0,kenyatta_kenya
2022-01-22 20:00:00,4.124379657027945e-10,0,0.0,500.0,kenyatta_kenya
2022-01-22 21:00:00,3.956061484136603e-10,0,0.0,500.0,kenyatta_kenya
2022-01-22 22:00:00,3.7946124672593687e-10,0,0.0,500.0,kenyatta_kenya
2022-01-22 23:00:00,3.639752272410077e-10,0,0.0,500.0,kenyatta_kenya
2022-01-23 00:00:00,3.49121200618477e-10,0,0.0,500.0,kenyatta_kenya
2022-01-23 01:00:00,3.3487337488652824e-10,0,0.0,500.0,kenyatta_kenya
2022-01-23 02:00:00,3.212070106577136e-10,0,0.0,500.0,kenyatta_kenya
2022-01-23 03:00:00,3.0809837817242113e-10,0,0.0,500.0,kenyatta_kenya
2022-01-23 04:00:00,2.9552471609541124e-10,0,0.0,500.0,kenyatta_kenya
2022-01-23 05:00:00,2.8346419199388937e-10,0,0.0,500.0,kenyatta_kenya
2022-01-23 06:00:00,2.7189586442849993e-10,0,0.0,500.0,kenyatta_kenya
2022-01-23 07:00:00,2.6079964659139235e-10,0,0.0,500.0,kenyatta_kenya
2022-01-23 08:00:00,2.501562714282533e-10,0,0.0,500.0,kenyatta_kenya
2022-01-23 09:00:00,2.399472581837122e-10,0,0.0,500.0,kenyatta_kenya
2022-01-23 10:00:00,2.3015488031206087e-10,0,0.0,500.0,kenyatta_kenya
2022-01-23 11:00:00,2.2076213469754487e-10,0,0.0,500.0,kenyatta_kenya
2022-01-23 12:00:00,2.1175271213079223e-10,0,0.0,500.0,kenyatta_kenya
2022-01-23 13:00:00,2.0311096899012198e-10,0,0.0,500.0,kenyatta_kenya
2022-01-23 14:00:00,1.9482190007854658e-10,0,0.0,500.0,kenyatta_kenya
2022-01-23 15:00:00,1.8687111256931162e-10,0,0.0,500.0,kenyatta_kenya
2022-01-23 16:00:00,1.792448010147385e-10,0,0.0,500.0,kenyatta_kenya
2022-01-23 17:00:00,1.719297233749629e-10,0,0.0,500.0,kenyatta_kenya
2022-01-23 18:00:00,1.6491317802495476e-10,0,0.0,500.0,kenyatta_kenya
2022-01-23 19:00:00,1.5818298169989887e-10,0,0.0,500.0,kenyatta_kenya
2022-01-23 20:00:00,1.5172744834063107e-10,0,0.0,500.0,kenyatta_kenya
2022-01-23 21:00:00,1.4553536880240455e-10,0,0.0,500.0,kenyatta_kenya
2022-01-23 22:00:00,1.3959599139175644e-10,0,0.0,500.0,kenyatta_kenya
2022-01-23 23:00:00,1.3389900319767112e-10,0,0.0,500.0,kenyatta_kenya
2022-01-24 00:00:00,1.2843451218462876e-10,0,0.0,500.0,kenyatta_kenya
2022-01-24 01:00:00,1.231930300164509e-10,0,0.0,500.0,kenyatta_kenya
2022-01-24 02:00:00,1.181654555811096e-10,0,0.0,500.0,kenyatta_kenya
2022-01-24 03:00:00,1.1334305918789837e-10,0,0.0,500.0,kenyatta_kenya
2022-01-24 04:00:00,1.0871746740952902e-10,0,0.0,500.0,kenyatta_kenya
2022-01-24 05:00:00,1.0428064854282681e-10,0,0.0,500.0,kenyatta_kenya
2022-01-24 06:00:00,1.0002489866278279e-10,0,0.0,500.0,kenyatta_kenya
2022-01-24 07:00:00,9.594282824575107e-11,0,0.0,500.0,kenyatta_kenya
2022-01-24 08:00:00,9.202734933855747e-11,0,0.0,500.0,kenyatta_kenya
2022-01-24 09:00:00,8.827166325124385e-11,0,0.0,500.0,kenyatta_kenya
2022-01-24 10:00:00,8.466924875208114e-11,0,0.0,500.0,kenyatta_kenya
2022-01-24 11:00:00,8.121385074434748e-11,0,0.0,500.0,kenyatta_kenya
2022-01-24 12:00:00,7.789946940521315e-11,0,0.0,500.0,kenyatta_kenya
2022-01-24 13:00:00,7.472034976787622e-11,0,0.0,500.0,kenyatta_kenya
2022-01-24 14:00:00,7.16709717288543e-11,0,0.0,500.0,kenyatta_kenya
2022-01-24 15:00:00,6.874604046308406e-11,0,0.0,500.0,kenyatta_kenya
2022-01-24 16:00:00,6.594047723018837e-11,0,0.0,500.0,kenyatta_kenya
2022-01-24 17:00:00,6.324941055594202e-11,0,0.0,500.0,kenyatta_kenya
2022-01-24 18:00:00,6.066816777362694e-11,0,0.0,500.0,kenyatta_kenya
2022-01-24 19:00:00,5.8192266910591274e-11,0,0.0,500.0,kenyatta_kenya
2022-01-24 20:00:00,5.581740890592024e-11,0,0.0,500.0,kenyatta_kenya
2022-01-24 21:00:00,5.353947014570835e-11,0,0.0,500.0,kenyatta_kenya
2022-01-24 22:00:00,5.1354495302972845e-11,0,0.0,500.0,kenyatta_kenya
2022-01-24 23:00:00,4.9258690469772426e-11,0,0.0,500.0,kenyatta_kenya
2022-01-25 00:00:00,4.7248416569608036e-11,0,0.0,500.0,kenyatta_kenya
2022-01-25 01:00:00,4.532018303866869e-11,0,0.0,500.0,kenyatta_kenya
2022-01-25 02:00:00,4.3470641764947487e-11,0,0.0,500.0,kenyatta_kenya
2022-01-25 03:00:00,4.1696581274705757e-11,0,0.0,500.0,kenyatta_kenya
2022-01-25 04:00:00,3.999492115619203e-11,0,0.0,500.0,kenyatta_kenya
2022-01-25 05:00:00,3.836270671093071e-11,0,0.0,500.0,kenyatta_kenya
2022-01-25 06:00:00,3.679710382329468e-11,0,0.0,500.0,kenyatta_kenya
2022-01-25 07:00:00,3.529539403945457e-11,0,0.0,500.0,kenyatta_kenya
2022-01-25 08:00:00,3.385496984715763e-11,0,0.0,500.0,kenyatta_kenya
2022-01-25 09:00:00,3.247333014814132e-11,0,0.0,500.0,kenyatta_kenya
2022-01-25 10:00:00,3.114807591532145e-11,0,0.0,500.0,kenyatta_kenya
2022-01-25 11:00:00,2.987690602721147e-11,0,0.0,500.0,kenyatta_kenya
2022-01-25 12:00:00,2.865761327234168e-11,0,0.0,500.0,kenyatta_kenya
2022-01-25 13:00:00,2.7488080516741015e-11,0,0.0,500.0,kenyatta_kenya
2022-01-25 14:00:00,2.6366277027825155e-11,0,0.0,500.0,kenyatta_kenya
2022-01-25 15:00:00,2.5290254948308723e-11,0,0.0,500.0,kenyatta_kenya
2022-01-25 16:00:00,2.425814591401991e-11,0,0.0,500.0,kenyatta_kenya
2022-01-25 17:00:00,2.3268157809743073e-11,0,0.0,500.0,kenyatta_kenya
2022-01-25 18:00:00,2.231857165745719e-11,0,0.0,500.0,kenyatta_kenya
2022-01-25 19:00:00,2.140773863156773e-11,0,0.0,500.0,kenyatta_kenya
2022-01-25 20:00:00,2.0534077195947827e-11,0,0.0,500.0,kenyatta_kenya
2022-01-25 21:00:00,1.9696070357818306e-11,0,0.0,500.0,kenyatta_kenya
2022-01-25 22:00:00,1.889226303369911e-11,0,0.0,500.0,kenyatta_kenya
2022-01-25 23:00:00,1.812125952285693e-11,0,0.0,500.0,kenyatta_kenya
2022-01-26 00:00:00,1.7381721083862922e-11,0,0.0,500.0,kenyatta_kenya
2022-01-26 01:00:00,1.6672363610052913e-11,0,0.0,500.0,kenyatta_kenya
2022-01-26 02:00:00,1.5991955399852845e-11,0,0.0,500.0,kenyatta_kenya
2022-01-26 03:00:00,1.5339315018098383e-11,0,0.0,500.0,kenyatta_kenya
2022-01-26 04:00:00,1.471330924463582e-11,0,0.0,500.0,kenyatta_kenya
2022-01-26 05:00:00,1.4112851106641131e-11,0,0.0,500.0,kenyatta_kenya
2022-01-26 06:00:00,1.353689799124119e-11,0,0.0,500.0,kenyatta_kenya
2022-01-26 07:00:00,1.2984449835160404e-11,0,0.0,500.0,kenyatta_kenya
2022-01-26 08:00:00,1.2454547388248377e-11,0,0.0,500.0,kenyatta_kenya
2022-01-26 09:00:00,1.1946270547873982e-11,0,0.0,500.0,kenyatta_kenya
2022-01-26 10:00:00,1.1458736761294118e-11,0,0.0,500.0,kenyatta_kenya
2022-01-26 11:00:00,1.0991099493222255e-11,0,0.0,500.0,kenyatta_kenya
2022-01-26 12:00:00,1.0542546755936365e-11,0,0.0,500.0,kenyatta_kenya
2022-01-26 13:00:00,1.0112299699374298e-11,0,0.0,500.0,kenyatta_kenya
2022-01-26 14:00:00,9.699611258767757e-12,0,0.0,500.0,kenyatta_kenya
2022-01-26 15:00:00,9.303764857467118e-12,0,0.0,500.0,kenyatta_kenya
2022-01-26 16:00:00,8.924073162704952e-12,0,0.0,500.0,kenyatta_kenya
2022-01-26 17:00:00,8.559876892137213e-12,0,0.0,500.0,kenyatta_kenya
2022-01-26 18:00:00,8.21054366909014e-12,0,0.0,500.0,kenyatta_kenya
2022-01-26 19:00:00,7.875466924525433e-12,0,0.0,500.0,kenyatta_kenya
2022-01-26 20:00:00,7.554064843816544e-12,0,0.0,500.0,kenyatta_kenya
2022-01-26 21:00:00,7.245779356507608e-12,0,0.0,500.0,kenyatta_kenya
2022-01-26 22:00:00,6.950075167301125e-12,0,0.0,500.0,kenyatta_kenya
2022-01-26 23:00:00,6.666438826591285e-12,0,0.0,500.0,kenyatta_kenya
2022-01-27 00:00:00,6.394377838929367e-12,0,0.0,500.0,kenyatta_kenya
2022-01-27 01:00:00,6.133419807873357e-12,0,0.0,500.0,kenyatta_kenya
2022-01-27 02:00:00,5.883111615736494e-12,0,0.0,500.0,kenyatta_kenya
2022-01-27 03:00:00,5.643018636810745e-12,0,0.0,500.0,kenyatta_kenya
2022-01-27 04:00:00,5.4127239826992415e-12,0,0.0,500.0,kenyatta_kenya
2022-01-27 05:00:00,5.1918277784469105e-12,0,0.0,500.0,kenyatta_kenya
2022-01-27 06:00:00,4.9799464682126284e-12,0,0.0,500.0,kenyatta_kenya
2022-01-27 07:00:00,4.7767121492774365e-12,0,0.0,500.0,kenyatta_kenya
2022-01-27 08:00:00,4.581771933232059e-12,0,0.0,500.0,kenyatta_kenya
2022-01-27 09:00:00,4.394787333234741e-12,0,0.0,500.0,kenyatta_kenya
2022-01-27 10:00:00,4.2154336762755424e-12,0,0.0,500.0,kenyatta_kenya
2022-01-27 11:00:00,4.0433995394263256e-12,0,0.0,500.0,kenyatta_kenya
2022-01-27 12:00:00,3.878386209097672e-12,0,0.0,500.0,kenyatta_kenya
2022-01-27 13:00:00,3.720107162363961e-12,0,0.0,500.0,kenyatta_kenya
2022-01-27 14:00:00,3.5682875694557122e-12,0,0.0,500.0,kenyatta_kenya
2022-01-27 15:00:00,3.422663816555507e-12,0,0.0,500.0,kenyatta_kenya
2022-01-27 16:00:00,3.2829830480689638e-12,0,0.0,500.0,kenyatta_kenya
2022-01-27 17:00:00,3.1490027275757806e-12,0,0.0,500.0,kenyatta_kenya
2022-01-27 18:00:00,3.0204902166986043e-12,0,0.0,500.0,kenyatta_kenya
2022-01-27 19:00:00,2.8972223711585944e-12,0,0.0,500.0,kenyatta_kenya
2022-01-27 20:00:00,2.778985153316069e-12,0,0.0,500.0,kenyatta_kenya
2022-01-27 21:00:00,2.665573260523592e-12,0,0.0,500.0,kenyatta_kenya
2022-01-27 22:00:00,2.5567897686462564e-12,0,0.0,500.0,kenyatta_kenya
2022-01-27 23:00:00,2.4524457901300075e-12,0,0.0,500.0,kenyatta_kenya
2022-01-28 00:00:00,2.3523601460243906e-12,0,0.0,500.0,kenyatta_kenya
2022-01-28 01:00:00,2.2563590513903058e-12,0,0.0,500.0,kenyatta_kenya
2022-01-28 02:00:00,2.1642758135463622e-12,0,0.0,500.0,kenyatta_kenya
2022-01-28 03:00:00,2.0759505426299716e-12,0,0.0,500.0,kenyatta_kenya
2022-01-28 04:00:00,1.9912298739706607e-12,0,0.0,500.0,kenyatta_kenya
2022-01-28 05:00:00,1.9099667017934204e-12,0,0.0,500.0,kenyatta_kenya
2022-01-28 06:00:00,1.8320199237897597e-12,0,0.0,500.0,kenyatta_kenya
2022-01-28 07:00:00,1.7572541961130222e-12,0,0.0,500.0,kenyatta_kenya
2022-01-28 08:00:00,1.6855396983724088e-12,0,0.0,500.0,kenyatta_kenya
2022-01-28 09:00:00,1.6167519082177294e-12,0,0.0,500.0,kenyatta_kenya
2022-01-28 10:00:00,1.5507713851235255e-12,0,0.0,500.0,kenyatta_kenya
2022-01-28 11:00:00,1.4874835629970241e-12,0,0.0,500.0,kenyatta_kenya
2022-01-28 12:00:00,1.4267785512498803e-12,0,0.0,500.0,kenyatta_kenya
2022-01-28 13:00:00,1.3685509439883338e-12,0,0.0,500.0,kenyatta_kenya
2022-01-28 14:00:00,1.3126996369903716e-12,0,0.0,500.0,kenyatta_kenya
2022-01-28 15:00:00,1.2591276521521559e-12,0,0.0,500.0,kenyatta_kenya
2022-01-28 16:00:00,1.2077419690989288e-12,0,0.0,500.0,kenyatta_kenya
2022-01-28 17:00:00,1.1584533636679258e-12,0,0.0,500.0,kenyatta_kenya
2022-01-28 18:00:00,1.1111762529828914e-12,0,0.0,500.0,kenyatta_kenya
2022-01-28 19:00:00,1.0658285468512246e-12,0,0.0,500.0,kenyatta_kenya
2022-01-28 20:00:00,1.0223315052256503e-12,0,0.0,500.0,kenyatta_kenya
2022-01-28 21:00:00,9.806096014829587e-13,0,0.0,500.0,kenyatta_kenya
2022-01-28 22:00:00,9.40590391282446e-13,0,0.0,500.0,kenyatta_kenya
2022-01-28 23:00:00,9.022043867762835e-13,0,0.0,500.0,kenyatta_kenya
2022-01-29 00:00:00,8.653849359534253e-13,0,0.0,500.0,kenyatta_kenya
2022-01-29 01:00:00,8.300681069075914e-13,0,0.0,500.0,kenyatta_kenya
2022-01-29 02:00:00,7.961925768283046e-13,0,0.0,500.0,kenyatta_kenya
2022-01-29 03:00:00,7.636995255222664e-13,0,0.0,500.0,kenyatta_kenya
2022-01-29 04:00:00,7.325325332802081e-13,0,0.0,500.0,kenyatta_kenya
2022-01-29 05:00:00,7.026374829118262e-13,0,0.0,500.0,kenyatta_kenya
2022-01-29 06:00:00,6.739624657787252e-13,0,0.0,500.0,kenyatta_kenya
2022-01-29 07:00:00,6.464576916622308e-13,0,0.0,500.0,kenyatta_kenya
2022-01-29 08:00:00,6.200754023095232e-13,0,0.0,500.0,kenyatta_kenya
2022-01-29 09:00:00,5.947697885080012e-13,0,0.0,500.0,kenyatta_kenya
2022-01-29 10:00:00,5.70496910543906e-13,0,0.0,500.0,kenyatta_kenya
2022-01-29 11:00:00,5.472146219070511e-13,0,0.0,500.0,kenyatta_kenya
2022-01-29 12:00:00,5.248824961092061e-13,0,0.0,500.0,kenyatta_kenya
2022-01-29 13:00:00,5.034617564890782e-13,0,0.0,500.0,kenyatta_kenya
2022-01-29 14:00:00,4.829152088819731e-13,0,0.0,500.0,kenyatta_kenya
2022-01-29 15:00:00,4.632071770372454e-13,0,0.0,500.0,kenyatta_kenya
2022-01-29 16:00:00,4.4430344067141123e-13,0,0.0,500.0,kenyatta_kenya
2022-01-29 17:00:00,4.2617117604933416e-13,0,0.0,500.0,kenyatta_kenya
2022-01-29 18:00:00,4.087788989903233e-13,0,0.0,500.0,kenyatta_kenya
2022-01-29 19:00:00,3.92096410200199e-13,0,0.0,500.0,kenyatta_kenya
2022-01-29 20:00:00,3.760947428343717e-13,0,0.0,500.0,kenyatta_kenya
2022-01-29 21:00:00,3.607461122009015e-13,0,0.0,500.0,kenyatta_kenya
2022-01-29 22:00:00,3.4602386751621456e-13,0,0.0,500.0,kenyatta_kenya
2022-01-29 23:00:00,3.31902445629683e-13,0,0.0,500.0,kenyatta_kenya
2022-01-30 00:00:00,3.1835732663673046e-13,0,0.0,500.0,kenyatta_kenya
2022-01-30 01:00:00,3.053649913034018e-13,0,0.0,500.0,kenyatta_kenya
2022-01-30 02:00:00,2.929028802284473e-13,0,0.0,500.0,kenyatta_kenya
2022-01-30 03:00:00,2.8094935467202703e-13,0,0.0,500.0,kenyatta_kenya
2022-01-30 04:00:00,2.6948365898302395e-13,0,0.0,500.0,kenyatta_kenya
2022-01-30 05:00:00,2.584858845597115e-13,0,0.0,500.0,kenyatta_kenya
2022-01-30 06:00:00,2.479369352812048e-13,0,0.0,500.0,kenyatta_kenya
2022-01-30 07:00:00,2.3781849434968204e-13,0,0.0,500.0,kenyatta_kenya
2022-01-30 08:00:00,2.2811299248578473e-13,0,0.0,500.0,kenyatta_kenya
2022-01-30 09:00:00,2.1880357742198047e-13,0,0.0,500.0,kenyatta_kenya
2022-01-30 10:00:00,2.0987408464092648e-13,0,0.0,500.0,kenyatta_kenya
2022-01-30 11:00:00,2.0130900930800805e-13,0,0.0,500.0,kenyatta_kenya
2022-01-30 12:00:00,1.930934793493265e-13,0,0.0,500.0,kenyatta_kenya
2022-01-30 13:00:00,1.8521322962839483e-13,0,0.0,500.0,kenyatta_kenya
2022-01-30 14:00:00,1.776545771766906e-13,0,0.0,500.0,kenyatta_kenya
2022-01-30 15:00:00,1.7040439743506317e-13,0,0.0,500.0,kenyatta_kenya
2022-01-30 16:00:00,1.6345010146474787e-13,0,0.0,500.0,kenyatta_kenya
2022-01-30 17:00:00,1.5677961408840543e-13,0,0.0,500.0,kenyatta_kenya
2022-01-30 18:00:00,1.503813529232376e-13,0,0.0,500.0,kenyatta_kenya
2022-01-30 19:00:00,1.442442082697778e-13,0,0.0,500.0,kenyatta_kenya
2022-01-30 20:00:00,1.3835752382142597e-13,0,0.0,500.0,kenyatta_kenya
2022-01-30 21:00:00,1.3271107816123809e-13,0,0.0,500.0,kenyatta_kenya
2022-01-30 22:00:00,1.2729506701384622e-13,0,0.0,500.0,kenyatta_kenya
2022-01-30 23:00:00,1.2210008622168282e-13,0,0.0,500.0,kenyatta_kenya
2022-01-31 00:00:00,1.1711711541595475e-13,0,0.0,500.0,kenyatta_kenya
2022-01-31 01:00:00,1.1233750235401779e-13,0,0.0,500.0,kenyatta_kenya
2022-01-31 02:00:00,1.0775294789594711e-13,0,0.0,500.0,kenyatta_kenya
2022-01-31 03:00:00,1.0335549159422264e-13,0,0.0,500.0,kenyatta_kenya
2022-01-31 04:00:00,9.913749787151038e-14,0,0.0,500.0,kenyatta_kenya
2022-01-31 05:00:00,9.509164276253262e-14,0,0.0,500.0,kenyatta_kenya
2022-01-31 06:00:00,9.121090119700966e-14,0,0.0,500.0,kenyatta_kenya
2022-01-31 07:00:00,8.748853480159485e-14,0,0.0,500.0,kenyatta_kenya
2022-01-31 08:00:00,8.391808019961589e-14,0,0.0,500.0,kenyatta_kenya
2022-01-31 09:00:00,8.04933377883106e-14,0,0.0,500.0,kenyatta_kenya
2022-01-31 10:00:00,7.720836097407201e-14,0,0.0,500.0,kenyatta_kenya
2022-01-31 11:00:00,7.405744584700668e-14,0,0.0,500.0,kenyatta_kenya
2022-01-31 12:00:00,7.103512127687967e-14,0,0.0,500.0,kenyatta_kenya
2022-01-31 13:00:00,6.813613941325192e-14,0,0.0,500.0,kenyatta_kenya
2022-01-31 14:00:00,6.535546657330981e-14,0,0.0,500.0,kenyatta_kenya
2022-01-31 15:00:00,6.26882745015674e-14,0,0.0,500.0,kenyatta_kenya
2022-01-31 16:00:00,6.012993198626698e-14,0,0.0,500.0,kenyatta_kenya
2022-01-31 17:00:00,5.767599681791696e-14,0,0.0,500.0,kenyatta_kenya
2022-01-31 18:00:00,5.5322208076006096e-14,0,0.0,500.0,kenyatta_kenya
2022-01-31 19:00:00,5.3064478730503006e-14,0,0.0,500.0,kenyatta_kenya
2022-01-31 20:00:00,5.0898888545290705e-14,0,0.0,500.0,kenyatta_kenya
2022-01-31 21:00:00,4.8821677271215865e-14,0,0.0,500.0,kenyatta_kenya
2022-01-31 22:00:00,4.682923811693504e-14,0,0.0,500.0,kenyatta_kenya
2022-01-31 23:00:00,4.491811148621759e-14,0,0.0,500.0,kenyatta_kenya
2022-02-01 00:00:00,4.308497897083274e-14,0,0.0,500.0,kenyatta_kenya
2022-02-01 01:00:00,4.1326657588591646e-14,0,0.0,500.0,kenyatta_kenya
2022-02-01 02:00:00,3.964009425653657e-14,0,0.0,500.0,kenyatta_kenya
2022-02-01 03:00:00,3.8022360489682324e-14,0,0.0,500.0,kenyatta_kenya
2022-02-01 04:00:00,3.6470647316106295e-14,0,0.0,500.0,kenyatta_kenya
2022-02-01 05:00:00,3.498226039955493e-14,0,0.0,500.0,kenyatta_kenya
2022-02-01 06:00:00,3.3554615361099554e-14,0,0.0,500.0,kenyatta_kenya
2022-02-01 07:00:00,3.218523329171899e-14,0,0.0,500.0,kenyatta_kenya
2022-02-01 08:00:00,3.0871736448014974e-14,0,0.0,500.0,kenyatta_kenya
2022-02-01 09:00:00,2.961184412358784e-14,0,0.0,500.0,kenyatta_kenya
2022-02-01 10:00:00,2.8403368688904615e-14,0,0.0,500.0,kenyatta_kenya
2022-02-01 11:00:00,2.7244211792781173e-14,0,0.0,500.0,kenyatta_kenya
2022-02-01 12:00:00,2.6132360718884124e-14,0,0.0,500.0,kenyatta_kenya
2022-02-01 13:00:00,2.50658848909266e-14,0,0.0,500.0,kenyatta_kenya
2022-02-01 14:00:00,2.4042932520488093e-14,0,0.0,500.0,kenyatta_kenya
2022-02-01 15:00:00,2.306172739163859e-14,0,0.0,500.0,kenyatta_kenya
2022-02-01 16:00:00,2.2120565776784733e-14,0,0.0,500.0,kenyatta_kenya
2022-02-01 17:00:00,2.121781347838118e-14,0,0.0,500.0,kenyatta_kenya
2022-02-01 18:00:00,2.0351902991371377e-14,0,0.0,500.0,kenyatta_kenya
2022-02-01 19:00:00,1.952133078143133e-14,0,0.0,500.0,kenyatta_kenya
2022-02-01 20:00:00,1.8724654674289076e-14,0,0.0,500.0,kenyatta_kenya
2022-02-01 21:00:00,1.79604913515874e-14,0,0.0,500.0,kenyatta_kenya
2022-02-01 22:00:00,1.722751394894247e-14,0,0.0,500.0,kenyatta_kenya
2022-02-01 23:00:00,1.6524449752026272e-14,0,0.0,500.0,kenyatta_kenya
2022-02-02 00:00:00,1.5850077986673295e-14,0,0.0,500.0,kenyatta_kenya
2022-02-02 01:00:00,1.520322769917464e-14,0,0.0,500.0,kenyatta_kenya
2022-02-02 02:00:00,1.458277572307797e-14,0,0.0,500.0,kenyatta_kenya
2022-02-02 03:00:00,1.3987644728963462e-14,0,0.0,500.0,kenyatta_kenya
2022-02-02 04:00:00,1.3416801353809947e-14,0,0.0,500.0,kenyatta_kenya
2022-02-02 05:00:00,1.2869254406702143e-14,0,0.0,500.0,kenyatta_kenya
2022-02-02 06:00:00,1.2344053147763999e-14,0,0.0,500.0,kenyatta_kenya
2022-02-02 07:00:00,1.1840285637330083e-14,0,0.0,500.0,kenyatta_kenya
2022-02-02 08:00:00,1.1357077152487797e-14,0,0.0,500.0,kenyatta_kenya
2022-02-02 09:00:00,1.0893588668241354e-14,0,0.0,500.0,kenyatta_kenya
2022-02-02 10:00:00,1.044901540066067e-14,0,0.0,500.0,kenyatta_kenya
2022-02-02 11:00:00,1.0022585409484758e-14,0,0.0,500.0,kenyatta_kenya
2022-02-02 12:00:00,9.613558257753642e-15,0,0.0,500.0,kenyatta_kenya
2022-02-02 13:00:00,9.221223726141777e-15,0,0.0,500.0,kenyatta_kenya
2022-02-02 14:00:00,8.844900579759858e-15,0,0.0,500.0,kenyatta_kenya
2022-02-02 15:00:00,8.483935385284149e-15,0,0.0,500.0,kenyatta_kenya
2022-02-02 16:00:00,8.1377013763597e-15,0,0.0,500.0,kenyatta_kenya
2022-02-02 17:00:00,7.805597365306766e-15,0,0.0,500.0,kenyatta_kenya
2022-02-02 18:00:00,7.487046699241108e-15,0,0.0,500.0,kenyatta_kenya
2022-02-02 19:00:00,7.181496258795833e-15,0,0.0,500.0,kenyatta_kenya
2022-02-02 20:00:00,6.888415497705699e-15,0,0.0,500.0,kenyatta_kenya
2022-02-02 21:00:00,6.607295521586496e-15,0,0.0,500.0,kenyatta_kenya
2022-02-02 22:00:00,6.337648204310206e-15,0,0.0,500.0,kenyatta_kenya
2022-02-02 23:00:00,6.079005340440983e-15,0,0.0,500.0,kenyatta_kenya
2022-02-03 00:00:00,5.830917832261151e-15,0,0.0,500.0,kenyatta_kenya
2022-02-03 01:00:00,5.59295490997458e-15,0,0.0,500.0,kenyatta_kenya
2022-02-03 02:00:00,5.364703383734381e-15,0,0.0,500.0,kenyatta_kenya
2022-02-03 03:00:00,5.145766926195749e-15,0,0.0,500.0,kenyatta_kenya
2022-02-03 04:00:00,4.935765384347872e-15,0,0.0,500.0,kenyatta_kenya
2022-02-03 05:00:00,4.734334119430689e-15,0,0.0,500.0,kenyatta_kenya
2022-02-03 06:00:00,4.541123373790003e-15,0,0.0,500.0,kenyatta_kenya
2022-02-03 07:00:00,4.355797663571261e-15,0,0.0,500.0,kenyatta_kenya
2022-02-03 08:00:00,4.178035196198151e-15,0,0.0,500.0,kenyatta_kenya
2022-02-03 09:00:00,4.007527311624185e-15,0,0.0,500.0,kenyatta_kenya
2022-02-03 10:00:00,3.8439779463868555e-15,0,0.0,500.0,kenyatta_kenya
2022-02-03 11:00:00,3.687103119534291e-15,0,0.0,500.0,kenyatta_kenya
2022-02-03 12:00:00,3.5366304395315144e-15,0,0.0,500.0,kenyatta_kenya
2022-02-03 13:00:00,3.3922986312898942e-15,0,0.0,500.0,kenyatta_kenya
2022-02-03 14:00:00,3.2538570824990105e-15,0,0.0,500.0,kenyatta_kenya
2022-02-03 15:00:00,3.1210654084729575e-15,0,0.0,500.0,kenyatta_kenya
2022-02-03 16:00:00,2.9936930347552943e-15,0,0.0,500.0,kenyatta_kenya
2022-02-03 17:00:00,2.871518796758325e-15,0,0.0,500.0,kenyatta_kenya
2022-02-03 18:00:00,2.75433055574131e-15,0,0.0,500.0,kenyatta_kenya
2022-02-03 19:00:00,2.6419248304606246e-15,0,0.0,500.0,kenyatta_kenya
2022-02-03 20:00:00,2.5341064438526664e-15,0,0.0,500.0,kenyatta_kenya
2022-02-03 21:00:00,2.4306881841358135e-15,0,0.0,500.0,kenyatta_kenya
2022-02-03 22:00:00,2.3314904797428336e-15,0,0.0,500.0,kenyatta_kenya
2022-02-03 23:00:00,2.236341087519642e-15,0,0.0,500.0,kenyatta_kenya
2022-02-04 00:00:00,2.1450747936488303e-15,0,0.0,500.0,kenyatta_kenya
2022-02-04 01:00:00,2.057533126778523e-15,0,0.0,500.0,kenyatta_kenya
2022-02-04 02:00:00,1.9735640828587496e-15,0,0.0,500.0,kenyatta_kenya
2022-02-04 03:00:00,1.8930218612073826e-15,0,0.0,500.0,kenyatta_kenya
2022-02-04 04:00:00,1.815766611347244e-15,0,0.0,500.0,kenyatta_kenya
2022-02-04 05:00:00,1.7416641901750544e-15,0,0.0,500.0,kenyatta_kenya
2022-02-04 06:00:00,1.6705859290404412e-15,0,0.0,500.0,kenyatta_kenya
2022-02-04 07:00:00,1.6024084103304698e-15,0,0.0,500.0,kenyatta_kenya
2022-02-04 08:00:00,1.5370132531719932e-15,0,0.0,500.0,kenyatta_kenya
2022-02-04 09:00:00,1.4742869078795978e-15,0,0.0,500.0,kenyatta_kenya
2022-02-04 10:00:00,1.4141204587921448e-15,0,0.0,500.0,kenyatta_kenya
2022-02-04 11:00:00,1.3564094351557564e-15,0,0.0,500.0,kenyatta_kenya
2022-02-04 12:00:00,1.301053629724766e-15,0,0.0,500.0,kenyatta_kenya
2022-02-04 13:00:00,1.2479569247655748e-15,0,0.0,500.0,kenyatta_kenya
2022-02-04 14:00:00,1.1970271251614757e-15,0,0.0,500.0,kenyatta_kenya
2022-02-04 15:00:00,1.148175798328551e-15,0,0.0,500.0,kenyatta_kenya
2022-02-04 16:00:00,1.101318120664617e-15,0,0.0,500.0,kenyatta_kenya
2022-02-04 17:00:00,1.0563727302647452e-15,0,0.0,500.0,kenyatta_kenya
2022-02-04 18:00:00,1.0132615856475413e-15,0,0.0,500.0,kenyatta_kenya
2022-02-04 19:00:00,9.71909830246812e-16,0,0.0,500.0,kenyatta_kenya
2022-02-04 20:00:00,9.3224566243347e-16,0,0.0,500.0,kenyatta_kenya
2022-02-04 21:00:00,8.942002108419112e-16,0,0.0,500.0,kenyatta_kenya
2022-02-04 22:00:00,8.577074147843315e-16,0,0.0,500.0,kenyatta_kenya
2022-02-04 23:00:00,8.227039095454615e-16,0,0.0,500.0,kenyatta_kenya
2022-02-05 00:00:00,7.891289163584786e-16,0,0.0,500.0,kenyatta_kenya
2022-02-05 01:00:00,7.569241368710134e-16,0,0.0,500.0,kenyatta_kenya
2022-02-05 02:00:00,7.260336519181068e-16,0,0.0,500.0,kenyatta_kenya
2022-02-05 03:00:00,6.964038244262956e-16,0,0.0,500.0,kenyatta_kenya
2022-02-05 04:00:00,6.679832062801876e-16,0,0.0,500.0,kenyatta_kenya
2022-02-05 05:00:00,6.407224489899116e-16,0,0.0,500.0,kenyatta_kenya
2022-02-05 06:00:00,6.145742180042723e-16,0,0.0,500.0,kenyatta_kenya
2022-02-05 07:00:00,5.894931105207924e-16,0,0.0,500.0,kenyatta_kenya
2022-02-05 08:00:00,5.654355766500135e-16,0,0.0,500.0,kenyatta_kenya
2022-02-05 09:00:00,5.423598437971202e-16,0,0.0,500.0,kenyatta_kenya
2022-02-05 10:00:00,5.202258441295579e-16,0,0.0,500.0,kenyatta_kenya
2022-02-05 11:00:00,4.989951450047714e-16,0,0.0,500.0,kenyatta_kenya
2022-02-05 12:00:00,4.786308822372235e-16,0,0.0,500.0,kenyatta_kenya
2022-02-05 13:00:00,4.590976960887914e-16,0,0.0,500.0,kenyatta_kenya
2022-02-05 14:00:00,4.4036166987146184e-16,0,0.0,500.0,kenyatta_kenya
2022-02-05 15:00:00,4.22390271055682e-16,0,0.0,500.0,kenyatta_kenya
2022-02-05 16:00:00,4.051522947820823e-16,0,0.0,500.0,kenyatta_kenya
2022-02-05 17:00:00,3.886178096785452e-16,0,0.0,500.0,kenyatta_kenya
2022-02-05 18:00:00,3.7275810588850707e-16,0,0.0,500.0,kenyatta_kenya
2022-02-05 19:00:00,3.575456452202286e-16,0,0.0,500.0,kenyatta_kenya
2022-02-05 20:00:00,3.4295401333052597e-16,0,0.0,500.0,kenyatta_kenya
2022-02-05 21:00:00,3.289578738599081e-16,0,0.0,500.0,kenyatta_kenya
2022-02-05 22:00:00,3.1553292443946235e-16,0,0.0,500.0,kenyatta_kenya
2022-02-05 23:00:00,3.026558544931452e-16,0,0.0,500.0,kenyatta_kenya
2022-02-06 00:00:00,2.9030430476218296e-16,0,0.0,500.0,kenyatta_kenya
2022-02-06 01:00:00,2.7845682848128476e-16,0,0.0,500.0,kenyatta_kenya
2022-02-06 02:00:00,2.6709285413929467e-16,0,0.0,500.0,kenyatta_kenya
2022-02-06 03:00:00,2.5619264975960085e-16,0,0.0,500.0,kenyatta_kenya
2022-02-06 04:00:00,2.457372886382637e-16,0,0.0,500.0,kenyatta_kenya
2022-02-06 05:00:00,2.357086164804067e-16,0,0.0,500.0,kenyatta_kenya
2022-02-06 06:00:00,2.260892198777879e-16,0,0.0,500.0,kenyatta_kenya
2022-02-06 07:00:00,2.1686239607280444e-16,0,0.0,500.0,kenyatta_kenya
2022-02-06 08:00:00,2.0801212395645919e-16,0,0.0,500.0,kenyatta_kenya
2022-02-06 09:00:00,1.9952303624991533e-16,0,0.0,500.0,kenyatta_kenya
2022-02-06 10:00:00,1.9138039282132363e-16,0,0.0,500.0,kenyatta_kenya
2022-02-06 11:00:00,1.8357005509161814e-16,0,0.0,500.0,kenyatta_kenya
2022-02-06 12:00:00,1.7607846148482422e-16,0,0.0,500.0,kenyatta_kenya
2022-02-06 13:00:00,1.6889260388024125e-16,0,0.0,500.0,kenyatta_kenya
2022-02-06 14:00:00,1.6200000502563654e-16,0,0.0,500.0,kenyatta_kenya
2022-02-06 15:00:00,1.5538869687221836e-16,0,0.0,500.0,kenyatta_kenya
2022-02-06 16:00:00,1.4904719979375992e-16,0,0.0,500.0,kenyatta_kenya
2022-02-06 17:00:00,1.4296450265381315e-16,0,0.0,500.0,kenyatta_kenya
2022-02-06 18:00:00,1.371300436863893e-16,0,0.0,500.0,kenyatta_kenya
2022-02-06 19:00:00,1.3153369215690045e-16,0,0.0,500.0,kenyatta_kenya
2022-02-06 20:00:00,1.2616573077153727e-16,0,0.0,500.0,kenyatta_kenya
2022-02-06 21:00:00,1.210168388045288e-16,0,0.0,500.0,kenyatta_kenya
2022-02-06 22:00:00,1.1607807591398036e-16,0,0.0,500.0,kenyatta_kenya
2022-02-06 23:00:00,1.113408666182036e-16,0,0.0,500.0,kenyatta_kenya
2022-02-07 00:00:00,1.0679698540557595e-16,0,0.0,500.0,kenyatta_kenya
2022-02-07 01:00:00,1.024385424520672e-16,0,0.0,500.0,kenyatta_kenya
2022-02-07 02:00:00,9.825796992164926e-17,0,0.0,500.0,kenyatta_kenya
2022-02-07 03:00:00,9.424800882579301e-17,0,0.0,500.0,kenyatta_kenya
2022-02-07 04:00:00,9.040169641922988e-17,0,0.0,500.0,kenyatta_kenya
2022-02-07 05:00:00,8.671235411010582e-17,0,0.0,500.0,kenyatta_kenya
2022-02-07 06:00:00,8.317357586352795e-17,0,0.0,500.0,kenyatta_kenya
2022-02-07 07:00:00,7.977921707836327e-17,0,0.0,500.0,kenyatta_kenya
2022-02-07 08:00:00,7.6523383917987e-17,0,0.0,500.0,kenyatta_kenya
2022-02-07 09:00:00,7.340042307644829e-17,0,0.0,500.0,kenyatta_kenya
2022-02-07 10:00:00,7.040491196227964e-17,0,0.0,500.0,kenyatta_kenya
2022-02-07 11:00:00,6.753164928291536e-17,0,0.0,500.0,kenyatta_kenya
2022-02-07 12:00:00,6.477564601336445e-17,0,0.0,500.0,kenyatta_kenya
2022-02-07 13:00:00,6.213211673345292e-17,0,0.0,500.0,kenyatta_kenya
2022-02-07 14:00:00,5.959647131860202e-17,0,0.0,500.0,kenyatta_kenya
2022-02-07 15:00:00,5.716430696971033e-17,0,0.0,500.0,kenyatta_kenya
2022-02-07 16:00:00,5.4831400568296705e-17,0,0.0,500.0,kenyatta_kenya
2022-02-07 17:00:00,5.259370134363796e-17,0,0.0,500.0,kenyatta_kenya
2022-02-07 18:00:00,5.044732383916437e-17,0,0.0,500.0,kenyatta_kenya
2022-02-07 19:00:00,4.8388541165897073e-17,0,0.0,500.0,kenyatta_kenya
2022-02-07 20:00:00,4.641377853121978e-17,0,0.0,500.0,kenyatta_kenya
2022-02-07 21:00:00,4.4519607031744576e-17,0,0.0,500.0,kenyatta_kenya
2022-02-07 22:00:00,4.270273769949135e-17,0,0.0,500.0,kenyatta_kenya
2022-02-07 23:00:00,4.096001579104884e-17,0,0.0,500.0,kenyatta_kenya
2022-02-08 00:00:00,3.928841530979796e-17,0,0.0,500.0,kenyatta_kenya
2022-02-08 01:00:00,3.768503375168355e-17,0,0.0,500.0,kenyatta_kenya
2022-02-08 02:00:00,3.6147087065416725e-17,0,0.0,500.0,kenyatta_kenya
2022-02-08 03:00:00,3.46719048183539e-17,0,0.0,500.0,kenyatta_kenya
2022-02-08 04:00:00,3.325692555965666e-17,0,0.0,500.0,kenyatta_kenya
2022-02-08 05:00:00,3.189969237268595e-17,0,0.0,500.0,kenyatta_kenya
2022-02-08 06:00:00,3.0597848608905226e-17,0,0.0,500.0,kenyatta_kenya
2022-02-08 07:00:00,2.9349133795883466e-17,0,0.0,500.0,kenyatta_kenya
2022-02-08 08:00:00,2.815137971229679e-17,0,0.0,500.0,kenyatta_kenya
2022-02-08 09:00:00,2.7002506623111228e-17,0,0.0,500.0,kenyatta_kenya
2022-02-08 10:00:00,2.590051966840803e-17,0,0.0,500.0,kenyatta_kenya
2022-02-08 11:00:00,2.4843505399584738e-17,0,0.0,500.0,kenyatta_kenya
2022-02-08 12:00:00,2.3829628456915684e-17,0,0.0,500.0,kenyatta_kenya
2022-02-08 13:00:00,2.285712838270148e-17,0,0.0,500.0,kenyatta_kenya
2022-02-08 14:00:00,2.1924316564477203e-17,0,0.0,500.0,kenyatta_kenya
2022-02-08 15:00:00,2.1029573302969824e-17,0,0.0,500.0,kenyatta_kenya
2022-02-08 16:00:00,2.0171344999712498e-17,0,0.0,500.0,kenyatta_kenya
2022-02-08 17:00:00,1.934814145943527e-17,0,0.0,500.0,kenyatta_kenya
2022-02-08 18:00:00,1.855853330254657e-17,0,0.0,500.0,kenyatta_kenya
2022-02-08 19:00:00,1.7801149483211548e-17,0,0.0,500.0,kenyatta_kenya
2022-02-08 20:00:00,1.7074674908720216e-17,0,0.0,500.0,kenyatta_kenya
2022-02-08 21:00:00,1.637784815601041e-17,0,0.0,500.0,kenyatta_kenya
2022-02-08 22:00:00,1.5709459281379558e-17,0,0.0,500.0,kenyatta_kenya
2022-02-08 23:00:00,1.50683477195845e-17,0,0.0,500.0,kenyatta_kenya
2022-02-09 00:00:00,1.4453400268680016e-17,0,0.0,500.0,kenyatta_kenya
2022-02-09 01:00:00,1.3863549157096285e-17,0,0.0,500.0,kenyatta_kenya
2022-02-09 02:00:00,1.3297770189600974e-17,0,0.0,500.0,kenyatta_kenya
2022-02-09 03:00:00,1.275508096892547e-17,0,0.0,500.0,kenyatta_kenya
2022-02-09 04:00:00,1.223453918996675e-17,0,0.0,500.0,kenyatta_kenya
2022-02-09 05:00:00,1.1735241003604628e-17,0,0.0,500.0,kenyatta_kenya
2022-02-09 06:00:00,1.125631944729245e-17,0,0.0,500.0,kenyatta_kenya
2022-02-09 07:00:00,1.0796942939695502e-17,0,0.0,500.0,kenyatta_kenya
2022-02-09 08:00:00,1.0356313836764823e-17,0,0.0,500.0,kenyatta_kenya
2022-02-09 09:00:00,9.93366704673833e-18,0,0.0,500.0,kenyatta_kenya
2022-02-09 10:00:00,9.528268701663896e-18,0,0.0,500.0,kenyatta_kenya
2022-02-09 11:00:00,9.139414883138943e-18,0,0.0,500.0,kenyatta_kenya
2022-02-09 12:00:00,8.766430400053241e-18,0,0.0,500.0,kenyatta_kenya
2022-02-09 13:00:00,8.408667616212132e-18,0,0.0,500.0,kenyatta_kenya
2022-02-09 14:00:00,8.065505325805669e-18,0,0.0,500.0,kenyatta_kenya
2022-02-09 15:00:00,7.736347674770422e-18,0,0.0,500.0,kenyatta_kenya
2022-02-09 16:00:00,7.4206231261706e-18,0,0.0,500.0,kenyatta_kenya
2022-02-09 17:00:00,7.117783467803062e-18,0,0.0,500.0,kenyatta_kenya
2022-02-09 18:00:00,6.827302860302433e-18,0,0.0,500.0,kenyatta_kenya
2022-02-09 19:00:00,6.548676924093173e-18,0,0.0,500.0,kenyatta_kenya
2022-02-09 20:00:00,6.281421863604042e-18,0,0.0,500.0,kenyatta_kenya
2022-02-09 21:00:00,6.0250736272238455e-18,0,0.0,500.0,kenyatta_kenya
2022-02-09 22:00:00,5.77918710153944e-18,0,0.0,500.0,kenyatta_kenya
2022-02-09 23:00:00,5.543335338457724e-18,0,0.0,500.0,kenyatta_kenya
2022-02-10 00:00:00,5.317108813869178e-18,0,0.0,500.0,kenyatta_kenya
2022-02-10 01:00:00,5.100114716565402e-18,0,0.0,500.0,kenyatta_kenya
2022-02-10 02:00:00,4.891976266176671e-18,0,0.0,500.0,kenyatta_kenya
2022-02-10 03:00:00,4.692332058944801e-18,0,0.0,500.0,kenyatta_kenya
2022-02-10 04:00:00,4.500835440195079e-18,0,0.0,500.0,kenyatta_kenya
2022-02-10 05:00:00,4.317153902418266e-18,0,0.0,500.0,kenyatta_kenya
2022-02-10 06:00:00,4.140968507917184e-18,0,0.0,500.0,kenyatta_kenya
2022-02-10 07:00:00,3.971973335015132e-18,0,0.0,500.0,kenyatta_kenya
2022-02-10 08:00:00,3.809874946865119e-18,0,0.0,500.0,kenyatta_kenya
2022-02-10 09:00:00,3.654391881937268e-18,0,0.0,500.0,kenyatta_kenya
2022-02-10 10:00:00,3.505254165299459e-18,0,0.0,500.0,kenyatta_kenya
2022-02-10 11:00:00,3.362202839843117e-18,0,0.0,500.0,kenyatta_kenya
2022-02-10 12:00:00,3.22498951663993e-18,0,0.0,500.0,kenyatta_kenya
2022-02-10 13:00:00,3.0933759436485234e-18,0,0.0,500.0,kenyatta_kenya
2022-02-10 14:00:00,2.967133592022681e-18,0,0.0,500.0,kenyatta_kenya
2022-02-10 15:00:00,2.8460432593025295e-18,0,0.0,500.0,kenyatta_kenya
2022-02-10 16:00:00,2.729894688799522e-18,0,0.0,500.0,kenyatta_kenya
2022-02-10 17:00:00,2.618486204514721e-18,0,0.0,500.0,kenyatta_kenya
2022-02-10 18:00:00,2.511624360956249e-18,0,0.0,500.0,kenyatta_kenya
2022-02-10 19:00:00,2.409123607247716e-18,0,0.0,500.0,kenyatta_kenya
2022-02-10 20:00:00,2.310805964944735e-18,0,0.0,500.0,kenyatta_kenya
2022-02-10 21:00:00,2.2165007189999036e-18,0,0.0,500.0,kenyatta_kenya
2022-02-10 22:00:00,2.126044121339537e-18,0,0.0,500.0,kenyatta_kenya
2022-02-10 23:00:00,2.0392791065377355e-18,0,0.0,500.0,kenyatta_kenya
2022-02-11 00:00:00,1.9560550190939433e-18,0,0.0,500.0,kenyatta_kenya
2022-02-11 01:00:00,1.876227351840329e-18,0,0.0,500.0,kenyatta_kenya
2022-02-11 02:00:00,1.799657495025033e-18,0,0.0,500.0,kenyatta_kenya
2022-02-11 03:00:00,1.726212495635457e-18,0,0.0,500.0,kenyatta_kenya
2022-02-11 04:00:00,1.655764826543588e-18,0,0.0,500.0,kenyatta_kenya
2022-02-11 05:00:00,1.5881921650727434e-18,0,0.0,500.0,kenyatta_kenya
2022-02-11 06:00:00,1.523377180601115e-18,0,0.0,500.0,kenyatta_kenya
2022-02-11 07:00:00,1.4612073308332364e-18,0,0.0,500.0,kenyatta_kenya
2022-02-11 08:00:00,1.4015746663858184e-18,0,0.0,500.0,kenyatta_kenya
2022-02-11 09:00:00,1.3443756433485377e-18,0,0.0,500.0,kenyatta_kenya
2022-02-11 10:00:00,1.2895109434942354e-18,0,0.0,500.0,kenyatta_kenya
2022-02-11 11:00:00,1.2368853018265221e-18,0,0.0,500.0,kenyatta_kenya
2022-02-11 12:00:00,1.1864073411652573e-18,0,0.0,500.0,kenyatta_kenya
2022-02-11 13:00:00,1.137989413482602e-18,0,0.0,500.0,kenyatta_kenya
2022-02-11 14:00:00,1.0915474477143185e-18,0,0.0,500.0,kenyatta_kenya
2022-02-11 15:00:00,1.0470008037819651e-18,0,0.0,500.0,kenyatta_kenya
2022-02-11 16:00:00,1.0042721325724565e-18,0,0.0,500.0,kenyatta_kenya
2022-02-11 17:00:00,9.632872416320064e-19,0,0.0,500.0,kenyatta_kenya
2022-02-11 18:00:00,9.239749663411657e-19,0,0.0,500.0,kenyatta_kenya
2022-02-11 19:00:00,8.86267046347219e-19,0,0.0,500.0,kenyatta_kenya
2022-02-11 20:00:00,8.500980070395046e-19,0,0.0,500.0,kenyatta_kenya
2022-02-11 21:00:00,8.154050458617846e-19,0,0.0,500.0,kenyatta_kenya
2022-02-11 22:00:00,7.821279232642189e-19,0,0.0,500.0,kenyatta_kenya
2022-02-11 23:00:00,7.502088581057004e-19,0,0.0,500.0,kenyatta_kenya
2022-02-12 00:00:00,7.195924273248749e-19,0,0.0,500.0,kenyatta_kenya
2022-02-12 01:00:00,6.902254697055953e-19,0,0.0,500.0,kenyatta_kenya
2022-02-12 02:00:00,6.620569935698068e-19,0,0.0,500.0,kenyatta_kenya
2022-02-12 03:00:00,6.350380882375327e-19,0,0.0,500.0,kenyatta_kenya
2022-02-12 04:00:00,6.091218391001853e-19,0,0.0,500.0,kenyatta_kenya
2022-02-12 05:00:00,5.842632461598238e-19,0,0.0,500.0,kenyatta_kenya
2022-02-12 06:00:00,5.604191458928656e-19,0,0.0,500.0,kenyatta_kenya
2022-02-12 07:00:00,5.375481363025459e-19,0,0.0,500.0,kenyatta_kenya
2022-02-12 08:00:00,5.156105050300656e-19,0,0.0,500.0,kenyatta_kenya
2022-02-12 09:00:00,4.945681603995583e-19,0,0.0,500.0,kenyatta_kenya
2022-02-12 10:00:00,4.743845652771185e-19,0,0.0,500.0,kenyatta_kenya
2022-02-12 11:00:00,4.550246736291118e-19,0,0.0,500.0,kenyatta_kenya
2022-02-12 12:00:00,4.364548696695716e-19,0,0.0,500.0,kenyatta_kenya
2022-02-12 13:00:00,4.1864290949099697e-19,0,0.0,500.0,kenyatta_kenya
2022-02-12 14:00:00,4.015578650772576e-19,0,0.0,500.0,kenyatta_kenya
2022-02-12 15:00:00,3.851700706013602e-19,0,0.0,500.0,kenyatta_kenya
2022-02-12 16:00:00,3.69451070914808e-19,0,0.0,500.0,kenyatta_kenya
2022-02-12 17:00:00,3.543735721391627e-19,0,0.0,500.0,kenyatta_kenya
2022-02-12 18:00:00,3.3991139427399034e-19,0,0.0,500.0,kenyatta_kenya
2022-02-12 19:00:00,3.2603942573887974e-19,0,0.0,500.0,kenyatta_kenya
2022-02-12 20:00:00,3.1273357977064973e-19,0,0.0,500.0,kenyatta_kenya
2022-02-12 21:00:00,2.9997075260000766e-19,0,0.0,500.0,kenyatta_kenya
2022-02-12 22:00:00,2.877287833350216e-19,0,0.0,500.0,kenyatta_kenya
2022-02-12 23:00:00,2.759864154817909e-19,0,0.0,500.0,kenyatta_kenya
2022-02-13 00:00:00,2.647232600354767e-19,0,0.0,500.0,kenyatta_kenya
2022-02-13 01:00:00,2.5391976007759073e-19,0,0.0,500.0,kenyatta_kenya
2022-02-13 02:00:00,2.435571568181057e-19,0,0.0,500.0,kenyatta_kenya
2022-02-13 03:00:00,2.3361745702340454e-19,0,0.0,500.0,kenyatta_kenya
2022-02-13 04:00:00,2.240834017734974e-19,0,0.0,500.0,kenyatta_kenya
2022-02-13 05:00:00,2.1493843649428887e-19,0,0.0,500.0,kenyatta_kenya
2022-02-13 06:00:00,2.0616668221284438e-19,0,0.0,500.0,kenyatta_kenya
2022-02-13 07:00:00,1.977529079857309e-19,0,0.0,500.0,kenyatta_kenya
2022-02-13 08:00:00,1.8968250445258566e-19,0,0.0,500.0,kenyatta_kenya
2022-02-13 09:00:00,1.8194145846897778e-19,0,0.0,500.0,kenyatta_kenya
2022-02-13 10:00:00,1.7451632877450402e-19,0,0.0,500.0,kenyatta_kenya
2022-02-13 11:00:00,1.6739422265389558e-19,0,0.0,500.0,kenyatta_kenya
2022-02-13 12:00:00,1.6056277355059667e-19,0,0.0,500.0,kenyatta_kenya
2022-02-13 13:00:00,1.540101195939347e-19,0,0.0,500.0,kenyatta_kenya
2022-02-13 14:00:00,1.4772488300262e-19,0,0.0,500.0,kenyatta_kenya
2022-02-13 15:00:00,1.4169615032879438e-19,0,0.0,500.0,kenyatta_kenya
2022-02-13 16:00:00,1.3591345350833044e-19,0,0.0,500.0,kenyatta_kenya
2022-02-13 17:00:00,1.303667516844839e-19,0,0.0,500.0,kenyatta_kenya
2022-02-13 18:00:00,1.2504641377332224e-19,0,0.0,500.0,kenyatta_kenya
2022-02-13 19:00:00,1.1994320174067705e-19,0,0.0,500.0,kenyatta_kenya
2022-02-13 20:00:00,1.1504825456157213e-19,0,0.0,500.0,kenyatta_kenya
2022-02-13 21:00:00,1.1035307283426858e-19,0,0.0,500.0,kenyatta_kenya
2022-02-13 22:00:00,1.0584950402222675e-19,0,0.0,500.0,kenyatta_kenya
2022-02-13 23:00:00,1.0152972829835146e-19,0,0.0,500.0,kenyatta_kenya
2022-02-14 00:00:00,9.738624496693427e-20,0,0.0,500.0,kenyatta_kenya
2022-02-14 01:00:00,9.341185943973078e-20,0,0.0,500.0,kenyatta_kenya
2022-02-14 02:00:00,8.959967074355071e-20,0,0.0,500.0,kenyatta_kenya
2022-02-14 03:00:00,8.594305953766413e-20,0,0.0,500.0,kenyatta_kenya
2022-02-14 04:00:00,8.243567662023002e-20,0,0.0,500.0,kenyatta_kenya
2022-02-14 05:00:00,7.907143190378309e-20,0,0.0,500.0,kenyatta_kenya
2022-02-14 06:00:00,7.584448384063207e-20,0,0.0,500.0,kenyatta_kenya
2022-02-14 07:00:00,7.274922927981834e-20,0,0.0,500.0,kenyatta_kenya
2022-02-14 08:00:00,6.978029373801733e-20,0,0.0,500.0,kenyatta_kenya
2022-02-14 09:00:00,6.693252206748519e-20,0,0.0,500.0,kenyatta_kenya
2022-02-14 10:00:00,6.420096950485623e-20,0,0.0,500.0,kenyatta_kenya
2022-02-14 11:00:00,6.158089308524353e-20,0,0.0,500.0,kenyatta_kenya
2022-02-14 12:00:00,5.906774340673077e-20,0,0.0,500.0,kenyatta_kenya
2022-02-14 13:00:00,5.665715673096369e-20,0,0.0,500.0,kenyatta_kenya
2022-02-14 14:00:00,5.434494740612056e-20,0,0.0,500.0,kenyatta_kenya
2022-02-14 15:00:00,5.212710059910157e-20,0,0.0,500.0,kenyatta_kenya
2022-02-14 16:00:00,4.999976532432542e-20,0,0.0,500.0,kenyatta_kenya
2022-02-14 17:00:00,4.7959247757024125e-20,0,0.0,500.0,kenyatta_kenya
2022-02-14 18:00:00,4.600200481942273e-20,0,0.0,500.0,kenyatta_kenya
2022-02-14 19:00:00,4.412463802867384e-20,0,0.0,500.0,kenyatta_kenya
2022-02-14 20:00:00,4.232388759586099e-20,0,0.0,500.0,kenyatta_kenya
2022-02-14 21:00:00,4.059662676582219e-20,0,0.0,500.0,kenyatta_kenya
2022-02-14 22:00:00,3.893985638797111e-20,0,0.0,500.0,kenyatta_kenya
2022-02-14 23:00:00,3.7350699708685906e-20,0,0.0,500.0,kenyatta_kenya
2022-02-15 00:00:00,3.582639737622097e-20,0,0.0,500.0,kenyatta_kenya
2022-02-15 01:00:00,3.4364302649473477e-20,0,0.0,500.0,kenyatta_kenya
2022-02-15 02:00:00,3.2961876802282663e-20,0,0.0,500.0,kenyatta_kenya
2022-02-15 03:00:00,3.161668471527988e-20,0,0.0,500.0,kenyatta_kenya
2022-02-15 04:00:00,3.0326390647639953e-20,0,0.0,500.0,kenyatta_kenya
2022-02-15 05:00:00,2.9088754181389476e-20,0,0.0,500.0,kenyatta_kenya
2022-02-15 06:00:00,2.790162633122821e-20,0,0.0,500.0,kenyatta_kenya
2022-02-15 07:00:00,2.6762945813112697e-20,0,0.0,500.0,kenyatta_kenya
2022-02-15 08:00:00,2.5670735465120913e-20,0,0.0,500.0,kenyatta_kenya
2022-02-15 09:00:00,2.4623098814381687e-20,0,0.0,500.0,kenyatta_kenya
2022-02-15 10:00:00,2.361821678411132e-20,0,0.0,500.0,kenyatta_kenya
2022-02-15 11:00:00,2.265434453503773e-20,0,0.0,500.0,kenyatta_kenya
2022-02-15 12:00:00,2.172980843572626e-20,0,0.0,500.0,kenyatta_kenya
2022-02-15 13:00:00,2.0843003156549744e-20,0,0.0,500.0,kenyatta_kenya
2022-02-15 14:00:00,1.999238888225505e-20,0,0.0,500.0,kenyatta_kenya
2022-02-15 15:00:00,1.9176488638285038e-20,0,0.0,500.0,kenyatta_kenya
2022-02-15 16:00:00,1.8393885726216095e-20,0,0.0,500.0,kenyatta_kenya
2022-02-15 17:00:00,1.7643221263856784e-20,0,0.0,500.0,kenyatta_kenya
2022-02-15 18:00:00,1.692319182573523e-20,0,0.0,500.0,kenyatta_kenya
2022-02-15 19:00:00,1.6232547179880707e-20,0,0.0,500.0,kenyatta_kenya
2022-02-15 20:00:00,1.5570088116968282e-20,0,0.0,500.0,kenyatta_kenya
2022-02-15 21:00:00,1.4934664368056284e-20,0,0.0,500.0,kenyatta_kenya
2022-02-15 22:00:00,1.432517260730303e-20,0,0.0,500.0,kenyatta_kenya
2022-02-15 23:00:00,1.3740554536193725e-20,0,0.0,500.0,kenyatta_kenya
2022-02-16 00:00:00,1.3179795045950196e-20,0,0.0,500.0,kenyatta_kenya
2022-02-16 01:00:00,1.264192045493462e-20,0,0.0,500.0,kenyatta_kenya
2022-02-16 02:00:00,1.2125996817985675e-20,0,0.0,500.0,kenyatta_kenya
2022-02-16 03:00:00,1.1631128304750844e-20,0,0.0,500.0,kenyatta_kenya
2022-02-16 04:00:00,1.115645564420064e-20,0,0.0,500.0,kenyatta_kenya
2022-02-16 05:00:00,1.0701154632623017e-20,0,0.0,500.0,kenyatta_kenya
2022-02-16 06:00:00,1.0264434702506635e-20,0,0.0,500.0,kenyatta_kenya
2022-02-16 07:00:00,9.845537549829493e-21,0,0.0,500.0,kenyatta_kenya
2022-02-16 08:00:00,9.443735817368607e-21,0,0.0,500.0,kenyatta_kenya
2022-02-16 09:00:00,9.058331831743938e-21,0,0.0,500.0,kenyatta_kenya
2022-02-16 10:00:00,8.688656392004852e-21,0,0.0,500.0,kenyatta_kenya
2022-02-16 11:00:00,8.334067607654998e-21,0,0.0,500.0,kenyatta_kenya
2022-02-16 12:00:00,7.993949784097469e-21,0,0.0,500.0,kenyatta_kenya
2022-02-16 13:00:00,7.667712353566128e-21,0,0.0,500.0,kenyatta_kenya
2022-02-16 14:00:00,7.354788849686144e-21,0,0.0,500.0,kenyatta_kenya
2022-02-16 15:00:00,7.054635923882812e-21,0,0.0,500.0,kenyatta_kenya
2022-02-16 16:00:00,6.766732401931746e-21,0,0.0,500.0,kenyatta_kenya
2022-02-16 17:00:00,6.490578379011742e-21,0,0.0,500.0,kenyatta_kenya
2022-02-16 18:00:00,6.225694351688598e-21,0,0.0,500.0,kenyatta_kenya
2022-02-16 19:00:00,5.971620385323586e-21,0,0.0,500.0,kenyatta_kenya
2022-02-16 20:00:00,5.727915315460407e-21,0,0.0,500.0,kenyatta_kenya
2022-02-16 21:00:00,5.494155981803598e-21,0,0.0,500.0,kenyatta_kenya
2022-02-16 22:00:00,5.2699364934590925e-21,0,0.0,500.0,kenyatta_kenya
2022-02-16 23:00:00,5.054867524160674e-21,0,0.0,500.0,kenyatta_kenya
2022-02-17 00:00:00,4.848575636258303e-21,0,0.0,500.0,kenyatta_kenya
2022-02-17 01:00:00,4.650702632295173e-21,0,0.0,500.0,kenyatta_kenya
2022-02-17 02:00:00,4.460904933047258e-21,0,0.0,500.0,kenyatta_kenya
2022-02-17 03:00:00,4.2788529809450864e-21,0,0.0,500.0,kenyatta_kenya
2022-02-17 04:00:00,4.104230667842514e-21,0,0.0,500.0,kenyatta_kenya
2022-02-17 05:00:00,3.936734786138546e-21,0,0.0,500.0,kenyatta_kenya
2022-02-17 06:00:00,3.776074502298901e-21,0,0.0,500.0,kenyatta_kenya
2022-02-17 07:00:00,3.621970851863725e-21,0,0.0,500.0,kenyatta_kenya
2022-02-17 08:00:00,3.4741562550642974e-21,0,0.0,500.0,kenyatta_kenya
2022-02-17 09:00:00,3.3323740522074475e-21,0,0.0,500.0,kenyatta_kenya
2022-02-17 10:00:00,3.1963780580214255e-21,0,0.0,500.0,kenyatta_kenya
2022-02-17 11:00:00,3.0659321341891398e-21,0,0.0,500.0,kenyatta_kenya
2022-02-17 12:00:00,2.9408097793263493e-21,0,0.0,500.0,kenyatta_kenya
2022-02-17 13:00:00,2.8207937356932723e-21,0,0.0,500.0,kenyatta_kenya
2022-02-17 14:00:00,2.7056756119564938e-21,0,0.0,500.0,kenyatta_kenya
2022-02-17 15:00:00,2.595255521345991e-21,0,0.0,500.0,kenyatta_kenya
2022-02-17 16:00:00,0.7446272332384166,1,4.0,404.2087840042207,kenyatta_kenya
2022-02-17 17:00:00,0.7142385915986366,1,4.0,404.2087840042207,kenyatta_kenya
2022-02-17 18:00:00,0.6850901269218915,1,4.0,404.2087840042207,kenyatta_kenya
2022-02-17 19:00:00,0.6571312269130398,1,4.0,404.2087840042207,kenyatta_kenya
2022-02-17 20:00:00,0.6303133447921805,1,4.0,404.2087840042207,kenyatta_kenya
2022-02-17 21:00:00,0.6045899149998566,1,4.0,404.2087840042207,kenyatta_kenya
2022-02-17 22:00:00,0.5799162723423724,1,4.0,404.2087840042207,kenyatta_kenya
2022-02-17 23:00:00,0.5562495744368354,1,4.0,404.2087840042207,kenyatta_kenya
2022-02-18 00:00:00,0.5335487273212574,1,4.0,404.2087840042207,kenyatta_kenya
2022-02-18 01:00:00,0.5117743141005484,1,4.0,404.2087840042207,kenyatta_kenya
2022-02-18 02:00:00,0.49088852650450665,1,4.0,404.2087840042207,kenyatta_kenya
2022-02-18 03:00:00,0.4708550992389625,1,4.0,404.2087840042207,kenyatta_kenya
2022-02-18 04:00:00,0.4516392470160899,1,4.0,404.2087840042207,kenyatta_kenya
2022-02-18 05:00:00,0.7694106599508956,2,4.3,404.2087840042207,kenyatta_kenya
2022-02-18 06:00:00,0.7380105932122835,2,4.3,404.2087840042207,kenyatta_kenya
2022-02-18 07:00:00,0.7078919802440831,2,4.3,404.2087840042207,kenyatta_kenya
2022-02-18 08:00:00,0.6790025242222348,2,4.3,404.2087840042207,kenyatta_kenya
2022-02-18 09:00:00,0.6512920625844599,2,4.3,404.2087840042207,kenyatta_kenya
2022-02-18 10:00:00,0.6247124799298789,2,4.3,404.2087840042207,kenyatta_kenya
2022-02-18 11:00:00,0.5992176244732439,2,4.3,404.2087840042207,kenyatta_kenya
2022-02-18 12:00:00,0.7025473703473418,3,4.3,404.2087840042207,kenyatta_kenya
2022-02-18 13:00:00,0.6738760307569194,3,4.3,404.2087840042207,kenyatta_kenya
2022-02-18 14:00:00,0.8401114837357604,5,4.3,404.2087840042207,kenyatta_kenya
2022-02-18 15:00:00,0.8058260779956566,5,4.3,404.2087840042207,kenyatta_kenya
2022-02-18 16:00:00,0.7729398782770398,4,4.3,459.7668888301639,kenyatta_kenya
2022-02-18 17:00:00,0.7413957822225573,4,4.3,459.7668888301639,kenyatta_kenya
2022-02-18 18:00:00,0.7111390178530596,4,4.3,459.7668888301639,kenyatta_kenya
2022-02-18 19:00:00,0.6821170484636019,4,4.3,459.7668888301639,kenyatta_kenya
2022-02-18 20:00:00,0.65427948140069,4,4.3,459.7668888301639,kenyatta_kenya
2022-02-18 21:00:00,0.6275779805623763,4,4.3,459.7668888301639,kenyatta_kenya
2022-02-18 22:00:00,0.6019661824692751,4,4.3,459.7668888301639,kenyatta_kenya
2022-02-18 23:00:00,0.5773996157607644,4,4.3,459.7668888301639,kenyatta_kenya
2022-02-19 00:00:00,0.5538356239765926,4,4.3,459.7668888301639,kenyatta_kenya
2022-02-19 01:00:00,0.5312332914898086,4,4.3,459.7668888301639,kenyatta_kenya
2022-02-19 02:00:00,0.5095533724624102,4,4.3,459.7668888301639,kenyatta_kenya
2022-02-19 03:00:00,0.48875822270034963,4,4.3,459.7668888301639,kenyatta_kenya
2022-02-19 04:00:00,0.46881173428957557,4,4.3,459.7668888301639,kenyatta_kenya
2022-02-19 05:00:00,0.4496792728996116,3,4.3,484.52498140061687,kenyatta_kenya
2022-02-19 06:00:00,0.4313276176458104,3,4.3,484.52498140061687,kenyatta_kenya
2022-02-19 07:00:00,0.4137249034058629,3,4.3,484.52498140061687,kenyatta_kenya
2022-02-19 08:00:00,0.39684056549040025,3,4.3,484.52498140061687,kenyatta_kenya
2022-02-19 09:00:00,0.38064528657162033,3,4.3,484.52498140061687,kenyatta_kenya
2022-02-19 10:00:00,0.36511094577778486,3,4.3,484.52498140061687,kenyatta_kenya
2022-02-19 11:00:00,0.35021056986519744,3,4.3,484.52498140061687,kenyatta_kenya
2022-02-19 12:00:00,0.3359182863828807,2,4.3,486.3105865168434,kenyatta_kenya
2022-02-19 13:00:00,0.32220927874862726,2,4.3,486.3105865168434,kenyatta_kenya
2022-02-19 14:00:00,0.3090597431584228,0,0.0,500.0,kenyatta_kenya
2022-02-19 15:00:00,0.2964468472544172,0,0.0,500.0,kenyatta_kenya
2022-02-19 16:00:00,0.2843486904796801,0,0.0,500.0,kenyatta_kenya
2022-02-19 17:00:00,0.27274426605089874,0,0.0,500.0,kenyatta_kenya
2022-02-19 18:00:00,0.2616134244829919,0,0.0,500.0,kenyatta_kenya
2022-02-19 19:00:00,0.25093683860230354,0,0.0,500.0,kenyatta_kenya
2022-02-19 20:00:00,0.24069596998762693,0,0.0,500.0,kenyatta_kenya
2022-02-19 21:00:00,0.2308730367807893,0,0.0,500.0,kenyatta_kenya
2022-02-19 22:00:00,0.2214509828109034,0,0.0,500.0,kenyatta_kenya
2022-02-19 23:00:00,0.2124134479786755,0,0.0,500.0,kenyatta_kenya
2022-02-20 00:00:00,0.20374473984934593,0,0.0,500.0,kenyatta_kenya
2022-02-20 01:00:00,0.19542980640493673,0,0.0,500.0,kenyatta_kenya
2022-02-20 02:00:00,0.18745420990849523,0,0.0,500.0,kenyatta_kenya
2022-02-20 03:00:00,0.179804101834952,0,0.0,500.0,kenyatta_kenya
2022-02-20 04:00:00,0.1724661988250638,0,0.0,500.0,kenyatta_kenya
2022-02-20 05:00:00,0.16542775962068962,0,0.0,500.0,kenyatta_kenya
2022-02-20 06:00:00,0.1586765629413503,0,0.0,500.0,kenyatta_kenya
2022-02-20 07:00:00,0.1522008862636578,0,0.0,500.0,kenyatta_kenya
2022-02-20 08:00:00,0.1459894854667676,0,0.0,500.0,kenyatta_kenya
2022-02-20 09:00:00,0.14003157530851124,0,0.0,500.0,kenyatta_kenya
2022-02-20 10:00:00,0.1343168106983083,0,0.0,500.0,kenyatta_kenya
2022-02-20 11:00:00,0.1288352687343412,0,0.0,500.0,kenyatta_kenya
2022-02-20 12:00:00,0.12357743147380268,0,0.0,500.0,kenyatta_kenya
2022-02-20 13:00:00,0.11853416940629852,0,0.0,500.0,kenyatta_kenya
2022-02-20 14:00:00,0.11369672560171007,0,0.0,500.0,kenyatta_kenya
2022-02-20 15:00:00,0.10905670050499094,0,0.0,500.0,kenyatta_kenya
2022-02-20 16:00:00,0.10460603735149615,0,0.0,500.0,kenyatta_kenya
2022-02-20 17:00:00,0.10033700817751982,0,0.0,500.0,kenyatta_kenya
2022-02-20 18:00:00,0.09624220040175038,0,0.0,500.0,kenyatta_kenya
2022-02-20 19:00:00,0.09231450395434385,0,0.0,500.0,kenyatta_kenya
2022-02-20 20:00:00,0.08854709893126646,0,0.0,500.0,kenyatta_kenya
2022-02-20 21:00:00,0.08493344375247062,0,0.0,500.0,kenyatta_kenya
2022-02-20 22:00:00,0.08146726380334184,0,0.0,500.0,kenyatta_kenya
2022-02-20 23:00:00,0.07814254053969438,0,0.0,500.0,kenyatta_kenya
2022-02-21 00:00:00,0.07495350103739828,0,0.0,500.0,kenyatta_kenya
2022-02-21 01:00:00,0.07189460796849129,0,0.0,500.0,kenyatta_kenya
2022-02-21 02:00:00,0.06896054998637147,0,0.0,500.0,kenyatta_kenya
2022-02-21 03:00:00,0.06614623250337524,0,0.0,500.0,kenyatta_kenya
2022-02-21 04:00:00,0.06344676884472733,0,0.0,500.0,kenyatta_kenya
2022-02-21 05:00:00,0.06085747176350298,0,0.0,500.0,kenyatta_kenya
2022-02-21 06:00:00,0.058373845301869134,0,0.0,500.0,kenyatta_kenya
2022-02-21 07:00:00,0.05599157698447267,0,0.0,500.0,kenyatta_kenya
2022-02-21 08:00:00,0.053706530330420846,0,0.0,500.0,kenyatta_kenya
2022-02-21 09:00:00,0.05151473767085185,0,0.0,500.0,kenyatta_kenya
2022-02-21 10:00:00,0.04941239325962406,0,0.0,500.0,kenyatta_kenya
2022-02-21 11:00:00,0.04739584666516203,0,0.0,500.0,kenyatta_kenya
2022-02-21 12:00:00,0.04546159643198473,0,0.0,500.0,kenyatta_kenya
2022-02-21 13:00:00,0.04360628400091016,0,0.0,500.0,kenyatta_kenya
2022-02-21 14:00:00,0.04182668787737992,0,0.0,500.0,kenyatta_kenya
2022-02-21 15:00:00,0.04011971803777741,0,0.0,500.0,kenyatta_kenya
2022-02-21 16:00:00,0.03848241056402741,0,0.0,500.0,kenyatta_kenya
2022-02-21 17:00:00,0.036911922497160424,0,0.0,500.0,kenyatta_kenya
2022-02-21 18:00:00,0.035405526900905884,0,0.0,500.0,kenyatta_kenya
2022-02-21 19:00:00,0.0339606081267429,0,0.0,500.0,kenyatta_kenya
2022-02-21 20:00:00,0.03257465727218672,0,0.0,500.0,kenyatta_kenya
2022-02-21 21:00:00,0.031245267824425015,0,0.0,500.0,kenyatta_kenya
2022-02-21 22:00:00,0.029970131481739853,0,0.0,500.0,kenyatta_kenya
2022-02-21 23:00:00,0.028747034145459545,0,0.0,500.0,kenyatta_kenya
2022-02-22 00:00:00,0.027573852075481194,0,0.0,500.0,kenyatta_kenya
2022-02-22 01:00:00,0.02644854820268849,0,0.0,500.0,kenyatta_kenya
2022-02-22 02:00:00,0.025369168591861647,0,0.0,500.0,kenyatta_kenya
2022-02-22 03:00:00,0.024333839048937968,0,0.0,500.0,kenyatta_kenya
2022-02-22 04:00:00,0.02334076186673196,0,0.0,500.0,kenyatta_kenya
2022-02-22 05:00:00,0.02238821270346431,0,0.0,500.0,kenyatta_kenya
2022-02-22 06:00:00,0.021474537588679836,0,0.0,500.0,kenyatta_kenya
2022-02-22 07:00:00,0.020598150051355592,0,0.0,500.0,kenyatta_kenya
2022-02-22 08:00:00,0.019757528365212343,0,0.0,500.0,kenyatta_kenya
2022-02-22 09:00:00,0.01895121290644642,0,0.0,500.0,kenyatta_kenya
2022-02-22 10:00:00,0.018177803619294032,0,0.0,500.0,kenyatta_kenya
2022-02-22 11:00:00,0.01743595758502718,0,0.0,500.0,kenyatta_kenya
2022-02-22 12:00:00,0.016724386690160176,0,0.0,500.0,kenyatta_kenya
2022-02-22 13:00:00,0.016041855389818033,0,0.0,500.0,kenyatta_kenya
2022-02-22 14:00:00,0.015387178562382867,0,0.0,500.0,kenyatta_kenya
2022-02-22 15:00:00,0.01475921945169339,0,0.0,500.0,kenyatta_kenya
2022-02-22 16:00:00,0.014156887693224412,0,0.0,500.0,kenyatta_kenya
2022-02-22 17:00:00,0.013579137420818968,0,0.0,500.0,kenyatta_kenya
2022-02-22 18:00:00,0.013024965450685728,0,0.0,500.0,kenyatta_kenya
2022-02-22 19:00:00,0.012493409539508518,0,0.0,500.0,kenyatta_kenya
2022-02-22 20:00:00,0.01198354671364331,0,0.0,500.0,kenyatta_kenya
2022-02-22 21:00:00,0.011494491666501523,0,0.0,500.0,kenyatta_kenya
2022-02-22 22:00:00,0.011025395221337105,0,0.0,500.0,kenyatta_kenya
2022-02-22 23:00:00,0.010575442856768029,0,0.0,500.0,kenyatta_kenya
2022-02-23 00:00:00,0.010143853292472034,0,0.0,500.0,kenyatta_kenya
2022-02-23 01:00:00,0.009729877132600994,0,0.0,500.0,kenyatta_kenya
2022-02-23 02:00:00,0.009332795564558167,0,0.0,500.0,kenyatta_kenya
2022-02-23 03:00:00,0.00895191911087912,0,0.0,500.0,kenyatta_kenya
2022-02-23 04:00:00,0.008586586432049063,0,0.0,500.0,kenyatta_kenya
2022-02-23 05:00:00,0.008236163178177833,0,0.0,500.0,kenyatta_kenya
2022-02-23 06:00:00,0.00790004088753867,0,0.0,500.0,kenyatta_kenya
2022-02-23 07:00:00,0.00757763593005821,0,0.0,500.0,kenyatta_kenya
2022-02-23 08:00:00,0.0072683884939232345,0,0.0,500.0,kenyatta_kenya
2022-02-23 09:00:00,0.006971761613544533,0,0.0,500.0,kenyatta_kenya
2022-02-23 10:00:00,0.00668724023719011,0,0.0,500.0,kenyatta_kenya
2022-02-23 11:00:00,0.006414330332668767,0,0.0,500.0,kenyatta_kenya
2022-02-23 12:00:00,0.006152558029511232,0,0.0,500.0,kenyatta_kenya
2022-02-23 13:00:00,0.0059014687961593485,0,0.0,500.0,kenyatta_kenya
2022-02-23 14:00:00,0.005660626650734604,0,0.0,500.0,kenyatta_kenya
2022-02-23 15:00:00,0.0054296134040156445,0,0.0,500.0,kenyatta_kenya
2022-02-23 16:00:00,0.005208027933310266,0,0.0,500.0,kenyatta_kenya
2022-02-23 17:00:00,0.004995485485961102,0,0.0,500.0,kenyatta_kenya
2022-02-23 18:00:00,0.00479161701127561,0,0.0,500.0,kenyatta_kenya
2022-02-23 19:00:00,0.004596068519720363,0,0.0,500.0,kenyatta_kenya
2022-02-23 20:00:00,0.004408500468266975,0,0.0,500.0,kenyatta_kenya
2022-02-23 21:00:00,0.004228587170822383,0,0.0,500.0,kenyatta_kenya
2022-02-23 22:00:00,0.004056016232719787,0,0.0,500.0,kenyatta_kenya
2022-02-23 23:00:00,0.0038904880082883436,0,0.0,500.0,kenyatta_kenya
2022-02-24 00:00:00,0.00373171508055971,0,0.0,500.0,kenyatta_kenya
2022-02-24 01:00:00,0.003579421762208051,0,0.0,500.0,kenyatta_kenya
2022-02-24 02:00:00,0.0034333436168569745,0,0.0,500.0,kenyatta_kenya
2022-02-24 03:00:00,0.0032932269999221683,0,0.0,500.0,kenyatta_kenya
2022-02-24 04:00:00,0.0031588286181924996,0,0.0,500.0,kenyatta_kenya
2022-02-24 05:00:00,0.003029915107384872,0,0.0,500.0,kenyatta_kenya
2022-02-24 06:00:00,0.002906262626939273,0,0.0,500.0,kenyatta_kenya
2022-02-24 07:00:00,0.002787656471350458,0,0.0,500.0,kenyatta_kenya
2022-02-24 08:00:00,0.0026738906973614216,0,0.0,500.0,kenyatta_kenya
2022-02-24 09:00:00,0.002564767766371278,0,0.0,500.0,kenyatta_kenya
2022-02-24 10:00:00,0.0024600982014366824,0,0.0,500.0,kenyatta_kenya
2022-02-24 11:00:00,0.0023597002582712184,0,0.0,500.0,kenyatta_kenya
2022-02-24 12:00:00,0.002263399609671464,0,0.0,500.0,kenyatta_kenya
2022-02-24 13:00:00,0.0021710290428218065,0,0.0,500.0,kenyatta_kenya
2022-02-24 14:00:00,0.0020824281689524196,0,0.0,500.0,kenyatta_kenya
2022-02-24 15:00:00,0.001997443144846249,0,0.0,500.0,kenyatta_kenya
2022-02-24 16:00:00,0.0019159264057114428,0,0.0,500.0,kenyatta_kenya
2022-02-24 17:00:00,0.0018377364089554211,0,0.0,500.0,kenyatta_kenya
2022-02-24 18:00:00,0.0017627373884156483,0,0.0,500.0,kenyatta_kenya
2022-02-24 19:00:00,0.0016907991186203854,0,0.0,500.0,kenyatta_kenya
2022-02-24 20:00:00,0.0016217966886700964,0,0.0,500.0,kenyatta_kenya
2022-02-24 21:00:00,0.0015556102853468683,0,0.0,500.0,kenyatta_kenya
2022-02-24 22:00:00,0.0014921249850752538,0,0.0,500.0,kenyatta_kenya
2022-02-24 23:00:00,0.0014312305543733134,0,0.0,500.0,kenyatta_kenya
2022-02-25 00:00:00,0.00137282125844735,0,0.0,500.0,kenyatta_kenya
2022-02-25 01:00:00,0.0013167956775979974,0,0.0,500.0,kenyatta_kenya
2022-02-25 02:00:00,0.0012630565311188826,0,0.0,500.0,kenyatta_kenya
2022-02-25 03:00:00,0.0012115105083820726,0,0.0,500.0,kenyatta_kenya
2022-02-25 04:00:00,0.001162068106817016,0,0.0,500.0,kenyatta_kenya
2022-02-25 05:00:00,0.0011146434765016574,0,0.0,500.0,kenyatta_kenya
2022-02-25 06:00:00,0.0010691542710958677,0,0.0,500.0,kenyatta_kenya
2022-02-25 07:00:00,0.0010255215048583614,0,0.0,500.0,kenyatta_kenya
2022-02-25 08:00:00,0.000983669415498838,0,0.0,500.0,kenyatta_kenya
2022-02-25 09:00:00,0.000943525332627194,0,0.0,500.0,kenyatta_kenya
2022-02-25 10:00:00,0.000905019551571397,0,0.0,500.0,kenyatta_kenya
2022-02-25 11:00:00,0.0008680852123449238,0,0.0,500.0,kenyatta_kenya
2022-02-25 12:00:00,0.0008326581835535988,0,0.0,500.0,kenyatta_kenya
2022-02-25 13:00:00,0.0007986769510402574,0,0.0,500.0,kenyatta_kenya
2022-02-25 14:00:00,0.0007660825110738861,0,0.0,500.0,kenyatta_kenya
2022-02-25 15:00:00,0.0007348182678977664,0,0.0,500.0,kenyatta_kenya
2022-02-25 16:00:00,0.0007048299354587358,0,0.0,500.0,kenyatta_kenya
2022-02-25 17:00:00,0.0006760654431469338,0,0.0,500.0,kenyatta_kenya
2022-02-25 18:00:00,0.000648474845382356,0,0.0,500.0,kenyatta_kenya
2022-02-25 19:00:00,0.0006220102348912346,0,0.0,500.0,kenyatta_kenya
2022-02-25 20:00:00,0.0005966256595216509,0,0.0,500.0,kenyatta_kenya
2022-02-25 21:00:00,0.0005722770424539537,0,0.0,500.0,kenyatta_kenya
2022-02-25 22:00:00,0.0005489221056674312,0,0.0,500.0,kenyatta_kenya
2022-02-25 23:00:00,0.0005265202965303484,0,0.0,500.0,kenyatta_kenya
2022-02-26 00:00:00,0.0005050327173858871,0,0.0,500.0,kenyatta_kenya
2022-02-26 01:00:00,0.00048442205801172203,0,0.0,500.0,kenyatta_kenya
2022-02-26 02:00:00,0.00046465253083595513,0,0.0,500.0,kenyatta_kenya
2022-02-26 03:00:00,0.00044568980879692677,0,0.0,500.0,kenyatta_kenya
2022-02-26 04:00:00,0.0004275009657389999,0,0.0,500.0,kenyatta_kenya
2022-02-26 05:00:00,0.00041005441924082367,0,0.0,500.0,kenyatta_kenya
2022-02-26 06:00:00,0.0003933198757768083,0,0.0,500.0,kenyatta_kenya
2022-02-26 07:00:00,0.00037726827811659057,0,0.0,500.0,kenyatta_kenya
2022-02-26 08:00:00,0.000361871754871152,0,0.0,500.0,kenyatta_kenya
2022-02-26 09:00:00,0.00034710357209799124,0,0.0,500.0,kenyatta_kenya
2022-02-26 10:00:00,0.0003329380868813149,0,0.0,500.0,kenyatta_kenya
2022-02-26 11:00:00,0.00031935070280664365,0,0.0,500.0,kenyatta_kenya
2022-02-26 12:00:00,0.00030631782725252594,0,0.0,500.0,kenyatta_kenya
2022-02-26 13:00:00,0.0002938168304252013,0,0.0,500.0,kenyatta_kenya
2022-02-26 14:00:00,0.00028182600606507666,0,0.0,500.0,kenyatta_kenya
2022-02-26 15:00:00,0.00027032453375679734,0,0.0,500.0,kenyatta_kenya
2022-02-26 16:00:00,0.00025929244277746345,0,0.0,500.0,kenyatta_kenya
2022-02-26 17:00:00,0.00024871057742021757,0,0.0,500.0,kenyatta_kenya
2022-02-26 18:00:00,0.00023856056373299862,0,0.0,500.0,kenyatta_kenya
2022-02-26 19:00:00,0.00022882477761470497,0,0.0,500.0,kenyatta_kenya
2022-02-26 20:00:00,0.00021948631421336823,0,0.0,500.0,kenyatta_kenya
2022-02-26 21:00:00,0.0002105289585732062,0,0.0,500.0,kenyatta_kenya
2022-02-26 22:00:00,0.00020193715747958597,0,0.0,500.0,kenyatta_kenya
2022-02-26 23:00:00,0.00019369599245300668,0,0.0,500.0,kenyatta_kenya
2022-02-27 00:00:00,0.0001857911538452151,0,0.0,500.0,kenyatta_kenya
2022-02-27 01:00:00,0.00017820891599247231,0,0.0,500.0,kenyatta_kenya
2022-02-27 02:00:00,0.0001709361133828276,0,0.0,500.0,kenyatta_kenya
2022-02-27 03:00:00,0.00016396011779602036,0,0.0,500.0,kenyatta_kenya
2022-02-27 04:00:00,0.00015726881637631517,0,0.0,500.0,kenyatta_kenya
2022-02-27 05:00:00,0.00015085059060019454,0,0.0,500.0,kenyatta_kenya
2022-02-27 06:00:00,0.00014469429610239337,0,0.0,500.0,kenyatta_kenya
2022-02-27 07:00:00,0.00013878924332524364,0,0.0,500.0,kenyatta_kenya
2022-02-27 08:00:00,0.00013312517895772857,0,0.0,500.0,kenyatta_kenya
2022-02-27 09:00:00,0.00012769226813202044,0,0.0,500.0,kenyatta_kenya
2022-02-27 10:00:00,0.00012248107734658722,0,0.0,500.0,kenyatta_kenya
2022-02-27 11:00:00,0.0001174825580862154,0,0.0,500.0,kenyatta_kenya
2022-02-27 12:00:00,0.00011268803111050968,0,0.0,500.0,kenyatta_kenya
2022-02-27 13:00:00,0.00010808917138358749,0,0.0,500.0,kenyatta_kenya
2022-02-27 14:00:00,0.00010367799361879993,0,0.0,500.0,kenyatta_kenya
2022-02-27 15:00:00,9.94468384133813e-05,0,0.0,500.0,kenyatta_kenya
2022-02-27 16:00:00,9.538835894895144e-05,0,0.0,500.0,kenyatta_kenya
2022-02-27 17:00:00,9.149550823477637e-05,0,0.0,500.0,kenyatta_kenya
2022-02-27 18:00:00,8.776152687163977e-05,0,0.0,500.0,kenyatta_kenya
2022-02-27 19:00:00,8.417993131507722e-05,0,0.0,500.0,kenyatta_kenya
2022-02-27 20:00:00,8.07445026175935e-05,0,0.0,500.0,kenyatta_kenya
2022-02-27 21:00:00,7.744927563031683e-05,0,0.0,500.0,kenyatta_kenya
2022-02-27 22:00:00,7.428852864533963e-05,0,0.0,500.0,kenyatta_kenya
2022-02-27 23:00:00,7.125677346076001e-05,0,0.0,500.0,kenyatta_kenya
2022-02-28 00:00:00,6.834874585117519e-05,0,0.0,500.0,kenyatta_kenya
2022-02-28 01:00:00,6.555939642707922e-05,0,0.0,500.0,kenyatta_kenya
2022-02-28 02:00:00,6.288388186729291e-05,0,0.0,500.0,kenyatta_kenya
2022-02-28 03:00:00,6.0317556509203824e-05,0,0.0,500.0,kenyatta_kenya
2022-02-28 04:00:00,5.7855964282213005e-05,0,0.0,500.0,kenyatta_kenya
2022-02-28 05:00:00,5.5494830970381596e-05,0,0.0,500.0,kenyatta_kenya
2022-02-28 06:00:00,5.323005679084368e-05,0,0.0,500.0,kenyatta_kenya
2022-02-28 07:00:00,5.105770927509795e-05,0,0.0,500.0,kenyatta_kenya
2022-02-28 08:00:00,4.8974016440817406e-05,0,0.0,500.0,kenyatta_kenya
2022-02-28 09:00:00,4.6975360242321654e-05,0,0.0,500.0,kenyatta_kenya
2022-02-28 10:00:00,4.505827028833868e-05,0,0.0,500.0,kenyatta_kenya
2022-02-28 11:00:00,4.321941781614841e-05,0,0.0,500.0,kenyatta_kenya
2022-02-28 12:00:00,4.145560991164441e-05,0,0.0,500.0,kenyatta_kenya
2022-02-28 13:00:00,3.9763783965278395e-05,0,0.0,500.0,kenyatta_kenya
2022-02-28 14:00:00,3.8141002354260456e-05,0,0.0,500.0,kenyatta_kenya
2022-02-28 15:00:00,3.658444734178144e-05,0,0.0,500.0,kenyatta_kenya
2022-02-28 16:00:00,3.509141618440118e-05,0,0.0,500.0,kenyatta_kenya
2022-02-28 17:00:00,3.365931643910661e-05,0,0.0,500.0,kenyatta_kenya
2022-02-28 18:00:00,3.228566146189136e-05,0,0.0,500.0,kenyatta_kenya
2022-02-28 19:00:00,3.0968066090040984e-05,0,0.0,500.0,kenyatta_kenya
2022-02-28 20:00:00,2.9704242500626336e-05,0,0.0,500.0,kenyatta_kenya
2022-02-28 21:00:00,2.849199623801396e-05,0,0.0,500.0,kenyatta_kenya
2022-02-28 22:00:00,2.7329222403496212e-05,0,0.0,500.0,kenyatta_kenya
2022-02-28 23:00:00,2.621390200042444e-05,0,0.0,500.0,kenyatta_kenya
2022-03-01 00:00:00,2.5144098428499267e-05,0,0.0,500.0,kenyatta_kenya
2022-03-01 01:00:00,2.411795412113094e-05,0,0.0,500.0,kenyatta_kenya
2022-03-01 02:00:00,2.3133687320030697e-05,0,0.0,500.0,kenyatta_kenya
2022-03-01 03:00:00,2.2189588981432796e-05,0,0.0,500.0,kenyatta_kenya
2022-03-01 04:00:00,2.1284019808575436e-05,0,0.0,500.0,kenyatta_kenya
2022-03-01 05:00:00,2.041540740528762e-05,0,0.0,500.0,kenyatta_kenya
2022-03-01 06:00:00,1.958224354573971e-05,0,0.0,500.0,kenyatta_kenya
2022-03-01 07:00:00,1.8783081555617e-05,0,0.0,500.0,kenyatta_kenya
2022-03-01 08:00:00,1.801653380016894e-05,0,0.0,500.0,kenyatta_kenya
2022-03-01 09:00:00,1.728126927477248e-05,0,0.0,500.0,kenyatta_kenya
2022-03-01 10:00:00,1.657601129382584e-05,0,0.0,500.0,kenyatta_kenya
2022-03-01 11:00:00,1.589953527395976e-05,0,0.0,500.0,kenyatta_kenya
2022-03-01 12:00:00,1.525066660771705e-05,0,0.0,500.0,kenyatta_kenya
2022-03-01 13:00:00,1.462827862400858e-05,0,0.0,500.0,kenyatta_kenya
2022-03-01 14:00:00,1.4031290631804005e-05,0,0.0,500.0,kenyatta_kenya
2022-03-01 15:00:00,1.3458666043660616e-05,0,0.0,500.0,kenyatta_kenya
2022-03-01 16:00:00,1.2909410575832018e-05,0,0.0,500.0,kenyatta_kenya
2022-03-01 17:00:00,1.2382570521831287e-05,0,0.0,500.0,kenyatta_kenya
2022-03-01 18:00:00,1.1877231096450966e-05,0,0.0,500.0,kenyatta_kenya
2022-03-01 19:00:00,1.1392514847364574e-05,0,0.0,500.0,kenyatta_kenya
2022-03-01 20:00:00,1.0927580131551425e-05,0,0.0,500.0,kenyatta_kenya
2022-03-01 21:00:00,1.0481619653899413e-05,0,0.0,500.0,kenyatta_kenya
2022-03-01 22:00:00,1.0053859065448252e-05,0,0.0,500.0,kenyatta_kenya
2022-03-01 23:00:00,9.643555618839099e-06,0,0.0,500.0,kenyatta_kenya
2022-03-02 00:00:00,9.249996878636052e-06,0,0.0,500.0,kenyatta_kenya
2022-03-02 01:00:00,8.872499484280138e-06,0,0.0,500.0,kenyatta_kenya
2022-03-02 02:00:00,8.510407963527775e-06,0,0.0,500.0,kenyatta_kenya
2022-03-02 03:00:00,8.163093594313492e-06,0,0.0,500.0,kenyatta_kenya
2022-03-02 04:00:00,7.82995331306064e-06,0,0.0,500.0,kenyatta_kenya
2022-03-02 05:00:00,7.510408667544537e-06,0,0.0,500.0,kenyatta_kenya
2022-03-02 06:00:00,7.2039048124898085e-06,0,0.0,500.0,kenyatta_kenya
2022-03-02 07:00:00,6.909909546158006e-06,0,0.0,500.0,kenyatta_kenya
2022-03-02 08:00:00,6.6279123862525525e-06,0,0.0,500.0,kenyatta_kenya
2022-03-02 09:00:00,6.357423683536516e-06,0,0.0,500.0,kenyatta_kenya
2022-03-02 10:00:00,6.097973771624168e-06,0,0.0,500.0,kenyatta_kenya
2022-03-02 11:00:00,5.849112151469951e-06,0,0.0,500.0,kenyatta_kenya
2022-03-02 12:00:00,5.610406709138925e-06,0,0.0,500.0,kenyatta_kenya
2022-03-02 13:00:00,5.381442965500431e-06,0,0.0,500.0,kenyatta_kenya
2022-03-02 14:00:00,5.161823356542151e-06,0,0.0,500.0,kenyatta_kenya
2022-03-02 15:00:00,4.951166543054934e-06,0,0.0,500.0,kenyatta_kenya
2022-03-02 16:00:00,4.74910674848979e-06,0,0.0,500.0,kenyatta_kenya
2022-03-02 17:00:00,4.555293123837268e-06,0,0.0,500.0,kenyatta_kenya
2022-03-02 18:00:00,4.369389138426458e-06,0,0.0,500.0,kenyatta_kenya
2022-03-02 19:00:00,4.191071995585839e-06,0,0.0,500.0,kenyatta_kenya
2022-03-02 20:00:00,4.020032072151294e-06,0,0.0,500.0,kenyatta_kenya
2022-03-02 21:00:00,3.855972380848123e-06,0,0.0,500.0,kenyatta_kenya
2022-03-02 22:00:00,3.6986080546135426e-06,0,0.0,500.0,kenyatta_kenya
2022-03-02 23:00:00,3.5476658519642503e-06,0,0.0,500.0,kenyatta_kenya
2022-03-03 00:00:00,3.4028836825502165e-06,0,0.0,500.0,kenyatta_kenya
2022-03-03 01:00:00,3.2640101520708865e-06,0,0.0,500.0,kenyatta_kenya
2022-03-03 02:00:00,3.130804125763591e-06,0,0.0,500.0,kenyatta_kenya
2022-03-03 03:00:00,3.003034309706228e-06,0,0.0,500.0,kenyatta_kenya
2022-03-03 04:00:00,2.880478849207232e-06,0,0.0,500.0,kenyatta_kenya
2022-03-03 05:00:00,2.762924943585441e-06,0,0.0,500.0,kenyatta_kenya
2022-03-03 06:00:00,2.6501684766710145e-06,0,0.0,500.0,kenyatta_kenya
2022-03-03 07:00:00,2.542013662385822e-06,0,0.0,500.0,kenyatta_kenya
2022-03-03 08:00:00,2.4382727047878695e-06,0,0.0,500.0,kenyatta_kenya
2022-03-03 09:00:00,2.3387654719895057e-06,0,0.0,500.0,kenyatta_kenya
2022-03-03 10:00:00,2.2433191833832117e-06,0,0.0,500.0,kenyatta_kenya
2022-03-03 11:00:00,2.1517681096318583e-06,0,0.0,500.0,kenyatta_kenya
2022-03-03 12:00:00,2.063953284902538e-06,0,0.0,500.0,kenyatta_kenya
2022-03-03 13:00:00,1.979722230844288e-06,0,0.0,500.0,kenyatta_kenya
2022-03-03 14:00:00,1.8989286918304253e-06,0,0.0,500.0,kenyatta_kenya
2022-03-03 15:00:00,1.821432381005791e-06,0,0.0,500.0,kenyatta_kenya
2022-03-03 16:00:00,1.7470987366979495e-06,0,0.0,500.0,kenyatta_kenya
2022-03-03 17:00:00,1.675798688769368e-06,0,0.0,500.0,kenyatta_kenya
2022-03-03 18:00:00,1.6074084345048955e-06,0,0.0,500.0,kenyatta_kenya
2022-03-03 19:00:00,1.5418092236454e-06,0,0.0,500.0,kenyatta_kenya
2022-03-03 20:00:00,1.4788871521942936e-06,0,0.0,500.0,kenyatta_kenya
2022-03-03 21:00:00,1.4185329646389235e-06,0,0.0,500.0,kenyatta_kenya
2022-03-03 22:00:00,1.3606418642434254e-06,0,0.0,500.0,kenyatta_kenya
2022-03-03 23:00:00,1.3051133310836172e-06,0,0.0,500.0,kenyatta_kenya
2022-03-04 00:00:00,1.2518509475079935e-06,0,0.0,500.0,kenyatta_kenya
2022-03-04 01:00:00,1.2007622307217523e-06,0,0.0,500.0,kenyatta_kenya
2022-03-04 02:00:00,1.1517584722031556e-06,0,0.0,500.0,kenyatta_kenya
2022-03-04 03:00:00,1.104754583673395e-06,0,0.0,500.0,kenyatta_kenya
2022-03-04 04:00:00,1.0596689493525157e-06,0,0.0,500.0,kenyatta_kenya
2022-03-04 05:00:00,1.0164232842448509e-06,0,0.0,500.0,kenyatta_kenya
2022-03-04 06:00:00,9.749424982079055e-07,0,0.0,500.0,kenyatta_kenya
2022-03-04 07:00:00,9.351545655686678e-07,0,0.0,500.0,kenyatta_kenya
2022-03-04 08:00:00,8.969904000609427e-07,0,0.0,500.0,kenyatta_kenya
2022-03-04 09:00:00,8.60383734866564e-07,0,0.0,500.0,kenyatta_kenya
2022-03-04 10:00:00,8.252710075521921e-07,0,0.0,500.0,kenyatta_kenya
2022-03-04 11:00:00,7.915912497018989e-07,0,0.0,500.0,kenyatta_kenya
2022-03-04 12:00:00,7.592859810539084e-07,0,0.0,500.0,kenyatta_kenya
2022-03-04 13:00:00,7.282991079576778e-07,0,0.0,500.0,kenyatta_kenya
2022-03-04 14:00:00,6.985768259749949e-07,0,0.0,500.0,kenyatta_kenya
2022-03-04 15:00:00,6.7006752645598e-07,0,0.0,500.0,kenyatta_kenya
2022-03-04 16:00:00,6.427217069277745e-07,0,0.0,500.0,kenyatta_kenya
2022-03-04 17:00:00,6.164918851403108e-07,0,0.0,500.0,kenyatta_kenya
2022-03-04 18:00:00,5.913325166199238e-07,0,0.0,500.0,kenyatta_kenya
2022-03-04 19:00:00,5.671999155876452e-07,0,0.0,500.0,kenyatta_kenya
2022-03-04 20:00:00,5.440521791048625e-07,0,0.0,500.0,kenyatta_kenya
2022-03-04 21:00:00,5.218491143146365e-07,0,0.0,500.0,kenyatta_kenya
2022-03-04 22:00:00,5.005521686523408e-07,0,0.0,500.0,kenyatta_kenya
2022-03-04 23:00:00,4.801243629044407e-07,0,0.0,500.0,kenyatta_kenya
2022-03-05 00:00:00,4.6053022699918117e-07,0,0.0,500.0,kenyatta_kenya
2022-03-05 01:00:00,4.4173573841769273e-07,0,0.0,500.0,kenyatta_kenya
2022-03-05 02:00:00,4.2370826311857114e-07,0,0.0,500.0,kenyatta_kenya
2022-03-05 03:00:00,4.06416498873358e-07,0,0.0,500.0,kenyatta_kenya
2022-03-05 04:00:00,3.8983042091453293e-07,0,0.0,500.0,kenyatta_kenya
2022-03-05 05:00:00,3.7392122980163777e-07,0,0.0,500.0,kenyatta_kenya
2022-03-05 06:00:00,3.5866130141501413e-07,0,0.0,500.0,kenyatta_kenya
2022-03-05 07:00:00,3.4402413899032435e-07,0,0.0,500.0,kenyatta_kenya
2022-03-05 08:00:00,3.2998432711056805e-07,0,0.0,500.0,kenyatta_kenya
2022-03-05 09:00:00,3.1651748757571e-07,0,0.0,500.0,kenyatta_kenya
2022-03-05 10:00:00,3.036002370732936e-07,0,0.0,500.0,kenyatta_kenya
2022-03-05 11:00:00,2.9121014657653824e-07,0,0.0,500.0,kenyatta_kenya
2022-03-05 12:00:00,2.7932570239942217e-07,0,0.0,500.0,kenyatta_kenya
2022-03-05 13:00:00,2.6792626884113046e-07,0,0.0,500.0,kenyatta_kenya
2022-03-05 14:00:00,2.5699205235500104e-07,0,0.0,500.0,kenyatta_kenya
2022-03-05 15:00:00,2.4650406717975656e-07,0,0.0,500.0,kenyatta_kenya
2022-03-05 16:00:00,2.3644410237334536e-07,0,0.0,500.0,kenyatta_kenya
2022-03-05 17:00:00,2.2679469019214657e-07,0,0.0,500.0,kenyatta_kenya
2022-03-05 18:00:00,2.1753907576064007e-07,0,0.0,500.0,kenyatta_kenya
2022-03-05 19:00:00,2.0866118797887226e-07,0,0.0,500.0,kenyatta_kenya
2022-03-05 20:00:00,2.0014561161720227e-07,0,0.0,500.0,kenyatta_kenya
2022-03-05 21:00:00,1.919775605498805e-07,0,0.0,500.0,kenyatta_kenya
2022-03-05 22:00:00,1.841428520809768e-07,0,0.0,500.0,kenyatta_kenya
2022-03-05 23:00:00,1.7662788231808041e-07,0,0.0,500.0,kenyatta_kenya
2022-03-06 00:00:00,1.6941960255101614e-07,0,0.0,500.0,kenyatta_kenya
2022-03-06 01:00:00,1.625054965945553e-07,0,0.0,500.0,kenyatta_kenya
2022-03-06 02:00:00,1.5587355905578239e-07,0,0.0,500.0,kenyatta_kenya
2022-03-06 03:00:00,1.4951227448838497e-07,0,0.0,500.0,kenyatta_kenya
2022-03-06 04:00:00,1.434105973976666e-07,0,0.0,500.0,kenyatta_kenya
2022-03-06 05:00:00,1.375579330615649e-07,0,0.0,500.0,kenyatta_kenya
2022-03-06 06:00:00,1.3194411913437764e-07,0,0.0,500.0,kenyatta_kenya
2022-03-06 07:00:00,1.2655940800124722e-07,0,0.0,500.0,kenyatta_kenya
2022-03-06 08:00:00,1.2139444985277014e-07,0,0.0,500.0,kenyatta_kenya
2022-03-06 09:00:00,1.164402764503411e-07,0,0.0,500.0,kenyatta_kenya
2022-03-06 10:00:00,1.1168828555404072e-07,0,0.0,500.0,kenyatta_kenya
2022-03-06 11:00:00,1.0713022598603063e-07,0,0.0,500.0,kenyatta_kenya
2022-03-06 12:00:00,1.0275818330352003e-07,0,0.0,500.0,kenyatta_kenya
2022-03-06 13:00:00,9.856456605642473e-08,0,0.0,500.0,kenyatta_kenya
2022-03-06 14:00:00,9.454209260585976e-08,0,0.0,500.0,kenyatta_kenya
2022-03-06 15:00:00,9.068377848057654e-08,0,0.0,500.0,kenyatta_kenya
2022-03-06 16:00:00,8.698292424938958e-08,0,0.0,500.0,kenyatta_kenya
2022-03-06 17:00:00,8.343310388853722e-08,0,0.0,500.0,kenyatta_kenya
2022-03-06 18:00:00,8.002815362377639e-08,0,0.0,500.0,kenyatta_kenya
2022-03-06 19:00:00,7.67621612278368e-08,0,0.0,500.0,kenyatta_kenya
2022-03-06 20:00:00,7.362945575465286e-08,0,0.0,500.0,kenyatta_kenya
2022-03-06 21:00:00,7.062459769254682e-08,0,0.0,500.0,kenyatta_kenya
2022-03-06 22:00:00,6.774236951926529e-08,0,0.0,500.0,kenyatta_kenya
2022-03-06 23:00:00,6.497776664247067e-08,0,0.0,500.0,kenyatta_kenya
2022-03-07 00:00:00,6.232598870995575e-08,0,0.0,500.0,kenyatta_kenya
2022-03-07 01:00:00,5.978243127449273e-08,0,0.0,500.0,kenyatta_kenya
2022-03-07 02:00:00,5.7342677798845e-08,0,0.0,500.0,kenyatta_kenya
2022-03-07 03:00:00,5.50024919870584e-08,0,0.0,500.0,kenyatta_kenya
2022-03-07 04:00:00,5.275781042871628e-08,0,0.0,500.0,kenyatta_kenya
2022-03-07 05:00:00,5.060473554338716e-08,0,0.0,500.0,kenyatta_kenya
2022-03-07 06:00:00,4.8539528813013065e-08,0,0.0,500.0,kenyatta_kenya
2022-03-07 07:00:00,4.655860429048738e-08,0,0.0,500.0,kenyatta_kenya
2022-03-07 08:00:00,4.465852237315175e-08,0,0.0,500.0,kenyatta_kenya
2022-03-07 09:00:00,4.283598383039975e-08,0,0.0,500.0,kenyatta_kenya
2022-03-07 10:00:00,4.108782407501697e-08,0,0.0,500.0,kenyatta_kenya
2022-03-07 11:00:00,3.941100766831128e-08,0,0.0,500.0,kenyatta_kenya
2022-03-07 12:00:00,3.78026230494916e-08,0,0.0,500.0,kenyatta_kenya
2022-03-07 13:00:00,3.6259877480143246e-08,0,0.0,500.0,kenyatta_kenya
2022-03-07 14:00:00,3.478009219502244e-08,0,0.0,500.0,kenyatta_kenya
2022-03-07 15:00:00,3.3360697750749365e-08,0,0.0,500.0,kenyatta_kenya
2022-03-07 16:00:00,3.199922956432333e-08,0,0.0,500.0,kenyatta_kenya
2022-03-07 17:00:00,3.069332363371396e-08,0,0.0,500.0,kenyatta_kenya
2022-03-07 18:00:00,2.9440712433097193e-08,0,0.0,500.0,kenyatta_kenya
2022-03-07 19:00:00,2.8239220975608753e-08,0,0.0,500.0,kenyatta_kenya
2022-03-07 20:00:00,2.7086763036779134e-08,0,0.0,500.0,kenyatta_kenya
2022-03-07 21:00:00,2.5981337532092063e-08,0,0.0,500.0,kenyatta_kenya
2022-03-07 22:00:00,2.4921025042376668e-08,0,0.0,500.0,kenyatta_kenya
2022-03-07 23:00:00,2.3903984481000492e-08,0,0.0,500.0,kenyatta_kenya
2022-03-08 00:00:00,2.2928449897076143e-08,0,0.0,500.0,kenyatta_kenya
2022-03-08 01:00:00,2.199272740913054e-08,0,0.0,500.0,kenyatta_kenya
2022-03-08 02:00:00,2.1095192263913172e-08,0,0.0,500.0,kenyatta_kenya
2022-03-08 03:00:00,2.023428601523578e-08,0,0.0,500.0,kenyatta_kenya
2022-03-08 04:00:00,1.9408513817945034e-08,0,0.0,500.0,kenyatta_kenya
2022-03-08 05:00:00,1.8616441832329896e-08,0,0.0,500.0,kenyatta_kenya
2022-03-08 06:00:00,1.7856694734456373e-08,0,0.0,500.0,kenyatta_kenya
2022-03-08 07:00:00,1.7127953328106816e-08,0,0.0,500.0,kenyatta_kenya
2022-03-08 08:00:00,1.642895225417742e-08,0,0.0,500.0,kenyatta_kenya
2022-03-08 09:00:00,1.57584777935564e-08,0,0.0,500.0,kenyatta_kenya
2022-03-08 10:00:00,1.5115365759667776e-08,0,0.0,500.0,kenyatta_kenya
2022-03-08 11:00:00,1.449849947702178e-08,0,0.0,500.0,kenyatta_kenya
2022-03-08 12:00:00,1.3906807842261655e-08,0,0.0,500.0,kenyatta_kenya
2022-03-08 13:00:00,1.3339263464340063e-08,0,0.0,500.0,kenyatta_kenya
2022-03-08 14:00:00,1.27948808805961e-08,0,0.0,500.0,kenyatta_kenya
2022-03-08 15:00:00,1.227271484563507e-08,0,0.0,500.0,kenyatta_kenya
2022-03-08 16:00:00,1.1771858690039964e-08,0,0.0,500.0,kenyatta_kenya
2022-03-08 17:00:00,1.1291442746064916e-08,0,0.0,500.0,kenyatta_kenya
2022-03-08 18:00:00,1.0830632837576931e-08,0,0.0,500.0,kenyatta_kenya
2022-03-08 19:00:00,1.0388628831623822e-08,0,0.0,500.0,kenyatta_kenya
2022-03-08 20:00:00,9.964663249113586e-09,0,0.0,500.0,kenyatta_kenya
2022-03-08 21:00:00,9.557999932192649e-09,0,0.0,500.0,kenyatta_kenya
2022-03-08 22:00:00,9.167932766009046e-09,0,0.0,500.0,kenyatta_kenya
2022-03-08 23:00:00,8.793784452641291e-09,0,0.0,500.0,kenyatta_kenya
2022-03-09 00:00:00,8.434905335063786e-09,0,0.0,500.0,kenyatta_kenya
2022-03-09 01:00:00,8.090672269106805e-09,0,0.0,500.0,kenyatta_kenya
2022-03-09 02:00:00,7.760487541452512e-09,0,0.0,500.0,kenyatta_kenya
2022-03-09 03:00:00,7.443777831788069e-09,0,0.0,500.0,kenyatta_kenya
2022-03-09 04:00:00,7.139993217313836e-09,0,0.0,500.0,kenyatta_kenya
2022-03-09 05:00:00,6.848606217878183e-09,0,0.0,500.0,kenyatta_kenya
2022-03-09 06:00:00,6.569110880080846e-09,0,0.0,500.0,kenyatta_kenya
2022-03-09 07:00:00,6.301021898754481e-09,0,0.0,500.0,kenyatta_kenya
2022-03-09 08:00:00,6.043873774299098e-09,0,0.0,500.0,kenyatta_kenya
2022-03-09 09:00:00,5.797220004406112e-09,0,0.0,500.0,kenyatta_kenya
2022-03-09 10:00:00,5.560632308768536e-09,0,0.0,500.0,kenyatta_kenya
2022-03-09 11:00:00,5.333699885431221e-09,0,0.0,500.0,kenyatta_kenya
2022-03-09 12:00:00,5.116028697489848e-09,0,0.0,500.0,kenyatta_kenya
2022-03-09 13:00:00,4.9072407889000596e-09,0,0.0,500.0,kenyatta_kenya
2022-03-09 14:00:00,4.706973628208864e-09,0,0.0,500.0,kenyatta_kenya
2022-03-09 15:00:00,4.514879479068693e-09,0,0.0,500.0,kenyatta_kenya
2022-03-09 16:00:00,4.330624796441089e-09,0,0.0,500.0,kenyatta_kenya
2022-03-09 17:00:00,4.153889647441697e-09,0,0.0,500.0,kenyatta_kenya
2022-03-09 18:00:00,3.984367155820874e-09,0,0.0,500.0,kenyatta_kenya
2022-03-09 19:00:00,3.821762969115305e-09,0,0.0,500.0,kenyatta_kenya
2022-03-09 20:00:00,3.6657947475455147e-09,0,0.0,500.0,kenyatta_kenya
2022-03-09 21:00:00,3.5161916737717147e-09,0,0.0,500.0,kenyatta_kenya
2022-03-09 22:00:00,3.3726939826567637e-09,0,0.0,500.0,kenyatta_kenya
2022-03-09 23:00:00,3.235052510219796e-09,0,0.0,500.0,kenyatta_kenya
2022-03-10 00:00:00,3.1030282609972827e-09,0,0.0,500.0,kenyatta_kenya
2022-03-10 01:00:00,2.976391993060297e-09,0,0.0,500.0,kenyatta_kenya
2022-03-10 02:00:00,2.85492381996749e-09,0,0.0,500.0,kenyatta_kenya
2022-03-10 03:00:00,2.7384128289625652e-09,0,0.0,500.0,kenyatta_kenya
2022-03-10 04:00:00,2.6266567147533025e-09,0,0.0,500.0,kenyatta_kenya
2022-03-10 05:00:00,2.519461428236291e-09,0,0.0,500.0,kenyatta_kenya
2022-03-10 06:00:00,2.4166408395573836e-09,0,0.0,500.0,kenyatta_kenya
2022-03-10 07:00:00,2.3180164149228188e-09,0,0.0,500.0,kenyatta_kenya
2022-03-10 08:00:00,2.223416906599888e-09,0,0.0,500.0,kenyatta_kenya
2022-03-10 09:00:00,2.132678055568827e-09,0,0.0,500.0,kenyatta_kenya
2022-03-10 10:00:00,2.045642306309636e-09,0,0.0,500.0,kenyatta_kenya
2022-03-10 11:00:00,1.9621585332286233e-09,0,0.0,500.0,kenyatta_kenya
2022-03-10 12:00:00,1.8820817782496278e-09,0,0.0,500.0,kenyatta_kenya
2022-03-10 13:00:00,1.8052729991142619e-09,0,0.0,500.0,kenyatta_kenya
2022-03-10 14:00:00,1.7315988279541934e-09,0,0.0,500.0,kenyatta_kenya
2022-03-10 15:00:00,1.6609313397162036e-09,0,0.0,500.0,kenyatta_kenya
2022-03-10 16:00:00,1.5931478300379387e-09,0,0.0,500.0,kenyatta_kenya
2022-03-10 17:00:00,1.5281306021886913e-09,0,0.0,500.0,kenyatta_kenya
2022-03-10 18:00:00,1.4657667627052322e-09,0,0.0,500.0,kenyatta_kenya
2022-03-10 19:00:00,1.4059480253678508e-09,0,0.0,500.0,kenyatta_kenya
2022-03-10 20:00:00,1.3485705231762526e-09,0,0.0,500.0,kenyatta_kenya
2022-03-10 21:00:00,1.293534627998817e-09,0,0.0,500.0,kenyatta_kenya
2022-03-10 22:00:00,1.2407447775820563e-09,0,0.0,500.0,kenyatta_kenya
2022-03-10 23:00:00,1.1901093096199301e-09,0,0.0,500.0,kenyatta_kenya
2022-03-11 00:00:00,1.1415403025948729e-09,0,0.0,500.0,kenyatta_kenya
2022-03-11 01:00:00,1.0949534231141776e-09,0,0.0,500.0,kenyatta_kenya
2022-03-11 02:00:00,1.0502677794766796e-09,0,0.0,500.0,kenyatta_kenya
2022-03-11 03:00:00,1.007405781215457e-09,0,0.0,500.0,kenyatta_kenya
2022-03-11 04:00:00,9.662930043726615e-10,0,0.0,500.0,kenyatta_kenya
2022-03-11 05:00:00,9.268580622725708e-10,0,0.0,500.0,kenyatta_kenya
2022-03-11 06:00:00,8.890324815684555e-10,0,0.0,500.0,kenyatta_kenya
2022-03-11 07:00:00,8.527505833480367e-10,0,0.0,500.0,kenyatta_kenya
2022-03-11 08:00:00,8.179493690911037e-10,0,0.0,500.0,kenyatta_kenya
2022-03-11 09:00:00,7.845684112812584e-10,0,0.0,500.0,kenyatta_kenya
2022-03-11 10:00:00,7.525497484818493e-10,0,0.0,500.0,kenyatta_kenya
2022-03-11 11:00:00,7.218377846939229e-10,0,0.0,500.0,kenyatta_kenya
2022-03-11 12:00:00,6.923791928214274e-10,0,0.0,500.0,kenyatta_kenya
2022-03-11 13:00:00,6.641228220760476e-10,0,0.0,500.0,kenyatta_kenya
2022-03-11 14:00:00,6.370196091609131e-10,0,0.0,500.0,kenyatta_kenya
2022-03-11 15:00:00,6.110224930789314e-10,0,0.0,500.0,kenyatta_kenya
2022-03-11 16:00:00,5.860863334178524e-10,0,0.0,500.0,kenyatta_kenya
2022-03-11 17:00:00,5.621678319701554e-10,0,0.0,500.0,kenyatta_kenya
2022-03-11 18:00:00,5.392254575516743e-10,0,0.0,500.0,kenyatta_kenya
2022-03-11 19:00:00,5.172193738884172e-10,0,0.0,500.0,kenyatta_kenya
2022-03-11 20:00:00,4.961113704463594e-10,0,0.0,500.0,kenyatta_kenya
2022-03-11 21:00:00,4.758647960841139e-10,0,0.0,500.0,kenyatta_kenya
2022-03-11 22:00:00,4.5644449541327173e-10,0,0.0,500.0,kenyatta_kenya
2022-03-11 23:00:00,4.3781674775591095e-10,0,0.0,500.0,kenyatta_kenya
2022-03-12 00:00:00,4.199492085932804e-10,0,0.0,500.0,kenyatta_kenya
2022-03-12 01:00:00,4.028108534040009e-10,0,0.0,500.0,kenyatta_kenya
2022-03-12 02:00:00,3.863719237942525e-10,0,0.0,500.0,kenyatta_kenya
2022-03-12 03:00:00,3.7060387582642213e-10,0,0.0,500.0,kenyatta_kenya
2022-03-12 04:00:00,3.5547933045648827e-10,0,0.0,500.0,kenyatta_kenya
2022-03-12 05:00:00,3.4097202599407923e-10,0,0.0,500.0,kenyatta_kenya
2022-03-12 06:00:00,3.2705677250266347e-10,0,0.0,500.0,kenyatta_kenya
2022-03-12 07:00:00,3.137094080606967e-10,0,0.0,500.0,kenyatta_kenya
2022-03-12 08:00:00,3.0090675680776907e-10,0,0.0,500.0,kenyatta_kenya
2022-03-12 09:00:00,2.886265887029152e-10,0,0.0,500.0,kenyatta_kenya
2022-03-12 10:00:00,2.7684758092521176e-10,0,0.0,500.0,kenyatta_kenya
2022-03-12 11:00:00,2.655492808496323e-10,0,0.0,500.0,kenyatta_kenya
2022-03-12 12:00:00,2.5471207053388063e-10,0,0.0,500.0,kenyatta_kenya
2022-03-12 13:00:00,2.443171326545375e-10,0,0.0,500.0,kenyatta_kenya
2022-03-12 14:00:00,2.343464178333673e-10,0,0.0,500.0,kenyatta_kenya
2022-03-12 15:00:00,2.2478261329705865e-10,0,0.0,500.0,kenyatta_kenya
2022-03-12 16:00:00,2.1560911281597908e-10,0,0.0,500.0,kenyatta_kenya
2022-03-12 17:00:00,2.06809987869742e-10,0,0.0,500.0,kenyatta_kenya
2022-03-12 18:00:00,1.9836995998952514e-10,0,0.0,500.0,kenyatta_kenya
2022-03-12 19:00:00,1.902743742291141e-10,0,0.0,500.0,kenyatta_kenya
2022-03-12 20:00:00,1.825091737186051e-10,0,0.0,500.0,kenyatta_kenya
2022-03-12 21:00:00,1.7506087525658608e-10,0,0.0,500.0,kenyatta_kenya
2022-03-12 22:00:00,1.6791654589841538e-10,0,0.0,500.0,kenyatta_kenya
2022-03-12 23:00:00,1.6106378049994284e-10,0,0.0,500.0,kenyatta_kenya
2022-03-13 00:00:00,1.5449068017768546e-10,0,0.0,500.0,kenyatta_kenya
2022-03-13 01:00:00,1.481858316480556e-10,0,0.0,500.0,kenyatta_kenya
2022-03-13 02:00:00,1.4213828740976474e-10,0,0.0,500.0,kenyatta_kenya
2022-03-13 03:00:00,1.3633754673499475e-10,0,0.0,500.0,kenyatta_kenya
2022-03-13 04:00:00,1.3077353743633139e-10,0,0.0,500.0,kenyatta_kenya
2022-03-13 05:00:00,1.2543659837779636e-10,0,0.0,500.0,kenyatta_kenya
2022-03-13 06:00:00,1.2031746269961538e-10,0,0.0,500.0,kenyatta_kenya
2022-03-13 07:00:00,1.1540724172759308e-10,0,0.0,500.0,kenyatta_kenya
2022-03-13 08:00:00,1.1069740953915316e-10,0,0.0,500.0,kenyatta_kenya
2022-03-13 09:00:00,1.0617978815924817e-10,0,0.0,500.0,kenyatta_kenya
2022-03-13 10:00:00,1.0184653336043255e-10,0,0.0,500.0,kenyatta_kenya
2022-03-13 11:00:00,9.769012104244112e-11,0,0.0,500.0,kenyatta_kenya
2022-03-13 12:00:00,9.3703334167625e-11,0,0.0,500.0,kenyatta_kenya
2022-03-13 13:00:00,8.98792502295604e-11,0,0.0,500.0,kenyatta_kenya
2022-03-13 14:00:00,8.621122923306849e-11,0,0.0,500.0,kenyatta_kenya
2022-03-13 15:00:00,8.269290216477837e-11,0,0.0,500.0,kenyatta_kenya
2022-03-13 16:00:00,7.931815993421284e-11,0,0.0,500.0,kenyatta_kenya
2022-03-13 17:00:00,7.608114276619348e-11,0,0.0,500.0,kenyatta_kenya
2022-03-13 18:00:00,7.297623002614789e-11,0,0.0,500.0,kenyatta_kenya
2022-03-13 19:00:00,6.999803046065239e-11,0,0.0,500.0,kenyatta_kenya
2022-03-13 20:00:00,6.714137283626213e-11,0,0.0,500.0,kenyatta_kenya
2022-03-13 21:00:00,6.440129696037646e-11,0,0.0,500.0,kenyatta_kenya
2022-03-13 22:00:00,6.177304506854789e-11,0,0.0,500.0,kenyatta_kenya
2022-03-13 23:00:00,5.925205356327883e-11,0,0.0,500.0,kenyatta_kenya
2022-03-14 00:00:00,5.6833945089962944e-11,0,0.0,500.0,kenyatta_kenya
2022-03-14 01:00:00,5.451452093621213e-11,0,0.0,500.0,kenyatta_kenya
2022-03-14 02:00:00,5.2289753741370105e-11,0,0.0,500.0,kenyatta_kenya
2022-03-14 03:00:00,5.0155780503555276e-11,0,0.0,500.0,kenyatta_kenya
2022-03-14 04:00:00,4.810889587209028e-11,0,0.0,500.0,kenyatta_kenya
2022-03-14 05:00:00,4.6145545713670375e-11,0,0.0,500.0,kenyatta_kenya
2022-03-14 06:00:00,4.426232094110036e-11,0,0.0,500.0,kenyatta_kenya
2022-03-14 07:00:00,4.24559515938845e-11,0,0.0,500.0,kenyatta_kenya
2022-03-14 08:00:00,4.0723301160389954e-11,0,0.0,500.0,kenyatta_kenya
2022-03-14 09:00:00,3.906136113172635e-11,0,0.0,500.0,kenyatta_kenya
2022-03-14 10:00:00,3.7467245777884584e-11,0,0.0,500.0,kenyatta_kenya
2022-03-14 11:00:00,3.59381871370638e-11,0,0.0,500.0,kenyatta_kenya
2022-03-14 12:00:00,3.44715302094868e-11,0,0.0,500.0,kenyatta_kenya
2022-03-14 13:00:00,3.3064728347358913e-11,0,0.0,500.0,kenyatta_kenya
2022-03-14 14:00:00,3.171533883296434e-11,0,0.0,500.0,kenyatta_kenya
2022-03-14 15:00:00,3.042101863722342e-11,0,0.0,500.0,kenyatta_kenya
2022-03-14 16:00:00,2.9179520351345305e-11,0,0.0,500.0,kenyatta_kenya
2022-03-14 17:00:00,2.7988688284511977e-11,0,0.0,500.0,kenyatta_kenya
2022-03-14 18:00:00,2.6846454720817915e-11,0,0.0,500.0,kenyatta_kenya
2022-03-14 19:00:00,2.57508363289664e-11,0,0.0,500.0,kenyatta_kenya
2022-03-14 20:00:00,2.4699930718487585e-11,0,0.0,500.0,kenyatta_kenya
2022-03-14 21:00:00,2.369191313649941e-11,0,0.0,500.0,kenyatta_kenya
2022-03-14 22:00:00,2.2725033299275727e-11,0,0.0,500.0,kenyatta_kenya
2022-03-14 23:00:00,2.1797612353119396e-11,0,0.0,500.0,kenyatta_kenya
2022-03-15 00:00:00,2.0908039959264012e-11,0,0.0,500.0,kenyatta_kenya
2022-03-15 01:00:00,2.0054771497742617e-11,0,0.0,500.0,kenyatta_kenya
2022-03-15 02:00:00,1.923632538536758e-11,0,0.0,500.0,kenyatta_kenya
2022-03-15 03:00:00,1.8451280503165443e-11,0,0.0,500.0,kenyatta_kenya
2022-03-15 04:00:00,1.7698273728799685e-11,0,0.0,500.0,kenyatta_kenya
2022-03-15 05:00:00,1.6975997569696315e-11,0,0.0,500.0,kenyatta_kenya
2022-03-15 06:00:00,1.6283197892763038e-11,0,0.0,500.0,kenyatta_kenya
2022-03-15 07:00:00,1.561867174676004e-11,0,0.0,500.0,kenyatta_kenya
2022-03-15 08:00:00,1.4981265273540615e-11,0,0.0,500.0,kenyatta_kenya
2022-03-15 09:00:00,1.436987170453539e-11,0,0.0,500.0,kenyatta_kenya
2022-03-15 10:00:00,1.3783429439001269e-11,0,0.0,500.0,kenyatta_kenya
2022-03-15 11:00:00,1.3220920200697755e-11,0,0.0,500.0,kenyatta_kenya
2022-03-15 12:00:00,1.2681367269790502e-11,0,0.0,500.0,kenyatta_kenya
2022-03-15 13:00:00,1.2163833786911947e-11,0,0.0,500.0,kenyatta_kenya
2022-03-15 14:00:00,1.1667421126433876e-11,0,0.0,500.0,kenyatta_kenya
2022-03-15 15:00:00,1.1191267336127786e-11,0,0.0,500.0,kenyatta_kenya
2022-03-15 16:00:00,1.0734545640503642e-11,0,0.0,500.0,kenyatta_kenya
2022-03-15 17:00:00,1.0296463005227967e-11,0,0.0,500.0,kenyatta_kenya
2022-03-15 18:00:00,9.876258760128926e-12,0,0.0,500.0,kenyatta_kenya
2022-03-15 19:00:00,9.473203278397437e-12,0,0.0,500.0,kenyatta_kenya
2022-03-15 20:00:00,9.086596709690554e-12,0,0.0,500.0,kenyatta_kenya
2022-03-15 21:00:00,8.715767764937755e-12,0,0.0,500.0,kenyatta_kenya
2022-03-15 22:00:00,8.360072550739972e-12,0,0.0,500.0,kenyatta_kenya
2022-03-15 23:00:00,8.01889345133729e-12,0,0.0,500.0,kenyatta_kenya
2022-03-16 00:00:00,7.691638056204231e-12,0,0.0,500.0,kenyatta_kenya
2022-03-16 01:00:00,7.377738131410524e-12,0,0.0,500.0,kenyatta_kenya
2022-03-16 02:00:00,7.076648632961056e-12,0,0.0,500.0,kenyatta_kenya
2022-03-16 03:00:00,6.7878467604020314e-12,0,0.0,500.0,kenyatta_kenya
2022-03-16 04:00:00,6.510831049050048e-12,0,0.0,500.0,kenyatta_kenya
2022-03-16 05:00:00,6.245120499267643e-12,0,0.0,500.0,kenyatta_kenya
2022-03-16 06:00:00,5.990253741273673e-12,0,0.0,500.0,kenyatta_kenya
2022-03-16 07:00:00,5.745788234038279e-12,0,0.0,500.0,kenyatta_kenya
2022-03-16 08:00:00,5.511299496871256e-12,0,0.0,500.0,kenyatta_kenya
2022-03-16 09:00:00,5.2863803723698005e-12,0,0.0,500.0,kenyatta_kenya
2022-03-16 10:00:00,5.070640319445794e-12,0,0.0,500.0,kenyatta_kenya
2022-03-16 11:00:00,4.8637047352049234e-12,0,0.0,500.0,kenyatta_kenya
2022-03-16 12:00:00,4.66521430450035e-12,0,0.0,500.0,kenyatta_kenya
2022-03-16 13:00:00,4.474824376031476e-12,0,0.0,500.0,kenyatta_kenya
2022-03-16 14:00:00,4.2922043639043745e-12,0,0.0,500.0,kenyatta_kenya
2022-03-16 15:00:00,4.117037173614906e-12,0,0.0,500.0,kenyatta_kenya
2022-03-16 16:00:00,3.949018651457822e-12,0,0.0,500.0,kenyatta_kenya
2022-03-16 17:00:00,3.787857056405694e-12,0,0.0,500.0,kenyatta_kenya
2022-03-16 18:00:00,3.633272553540792e-12,0,0.0,500.0,kenyatta_kenya
2022-03-16 19:00:00,3.4849967281603242e-12,0,0.0,500.0,kenyatta_kenya
2022-03-16 20:00:00,3.3427721197112284e-12,0,0.0,500.0,kenyatta_kenya
2022-03-16 21:00:00,3.2063517747453723e-12,0,0.0,500.0,kenyatta_kenya
2022-03-16 22:00:00,3.0754988181189354e-12,0,0.0,500.0,kenyatta_kenya
2022-03-16 23:00:00,2.9499860416913013e-12,0,0.0,500.0,kenyatta_kenya
2022-03-17 00:00:00,2.829595509809411e-12,0,0.0,500.0,kenyatta_kenya
2022-03-17 01:00:00,2.714118180892544e-12,0,0.0,500.0,kenyatta_kenya
2022-03-17 02:00:00,2.6033535444603644e-12,0,0.0,500.0,kenyatta_kenya
2022-03-17 03:00:00,2.4971092729740845e-12,0,0.0,500.0,kenyatta_kenya
2022-03-17 04:00:00,2.395200887886207e-12,0,0.0,500.0,kenyatta_kenya
2022-03-17 05:00:00,2.297451439318899e-12,0,0.0,500.0,kenyatta_kenya
2022-03-17 06:00:00,2.2036911988149004e-12,0,0.0,500.0,kenyatta_kenya
2022-03-17 07:00:00,2.1137573646274505e-12,0,0.0,500.0,kenyatta_kenya
2022-03-17 08:00:00,2.0274937790374492e-12,0,0.0,500.0,kenyatta_kenya
2022-03-17 09:00:00,1.9447506572070835e-12,0,0.0,500.0,kenyatta_kenya
2022-03-17 10:00:00,1.8653843270991024e-12,0,0.0,500.0,kenyatta_kenya
2022-03-17 11:00:00,1.7892569800100848e-12,0,0.0,500.0,kenyatta_kenya
2022-03-17 12:00:00,1.7162364312846074e-12,0,0.0,500.0,kenyatta_kenya
2022-03-17 13:00:00,1.6461958907948076e-12,0,0.0,500.0,kenyatta_kenya
2022-03-17 14:00:00,1.5790137427867673e-12,0,0.0,500.0,kenyatta_kenya
2022-03-17 15:00:00,1.5145733347115059e-12,0,0.0,500.0,kenyatta_kenya
2022-03-17 16:00:00,1.4527627746739066e-12,0,0.0,500.0,kenyatta_kenya
2022-03-17 17:00:00,1.3934747371478311e-12,0,0.0,500.0,kenyatta_kenya
2022-03-17 18:00:00,1.3366062766201257e-12,0,0.0,500.0,kenyatta_kenya
2022-03-17 19:00:00,1.282058648839925e-12,0,0.0,500.0,kenyatta_kenya
2022-03-17 20:00:00,1.2297371393628444e-12,0,0.0,500.0,kenyatta_kenya
2022-03-17 21:00:00,1.1795508990923897e-12,0,0.0,500.0,kenyatta_kenya
2022-03-17 22:00:00,1.1314127865330252e-12,0,0.0,500.0,kenyatta_kenya
2022-03-17 23:00:00,1.085239216480951e-12,0,0.0,500.0,kenyatta_kenya
2022-03-18 00:00:00,1.0409500148899087e-12,0,0.0,500.0,kenyatta_kenya
2022-03-18 01:00:00,9.984682796600008e-13,0,0.0,500.0,kenyatta_kenya
2022-03-18 02:00:00,9.577202471077725e-13,0,0.0,500.0,kenyatta_kenya
2022-03-18 03:00:00,9.18635163885733e-13,0,0.0,500.0,kenyatta_kenya
2022-03-18 04:00:00,8.811451641289203e-13,0,0.0,500.0,kenyatta_kenya
2022-03-18 05:00:00,8.451851516151625e-13,0,0.0,500.0,kenyatta_kenya
2022-03-18 06:00:00,8.106926867344514e-13,0,0.0,500.0,kenyatta_kenya
2022-03-18 07:00:00,7.776078780711671e-13,0,0.0,500.0,kenyatta_kenya
2022-03-18 08:00:00,7.458732784108726e-13,0,0.0,500.0,kenyatta_kenya
2022-03-18 09:00:00,7.15433784991137e-13,0,0.0,500.0,kenyatta_kenya
2022-03-18 10:00:00,6.862365438231847e-13,0,0.0,500.0,kenyatta_kenya
2022-03-18 11:00:00,6.582308579182127e-13,0,0.0,500.0,kenyatta_kenya
2022-03-18 12:00:00,6.313680992590518e-13,0,0.0,500.0,kenyatta_kenya
2022-03-18 13:00:00,6.056016243643186e-13,0,0.0,500.0,kenyatta_kenya
2022-03-18 14:00:00,5.808866932984235e-13,0,0.0,500.0,kenyatta_kenya
2022-03-18 15:00:00,5.571803919868367e-13,0,0.0,500.0,kenyatta_kenya
2022-03-18 16:00:00,5.344415577017107e-13,0,0.0,500.0,kenyatta_kenya
2022-03-18 17:00:00,5.126307075884666e-13,0,0.0,500.0,kenyatta_kenya
2022-03-18 18:00:00,4.917099701092541e-13,0,0.0,500.0,kenyatta_kenya
2022-03-18 19:00:00,4.71643019284246e-13,0,0.0,500.0,kenyatta_kenya
2022-03-18 20:00:00,4.5239501161657123e-13,0,0.0,500.0,kenyatta_kenya
2022-03-18 21:00:00,4.339325255913807e-13,0,0.0,500.0,kenyatta_kenya
2022-03-18 22:00:00,4.1622350364399376e-13,0,0.0,500.0,kenyatta_kenya
2022-03-18 23:00:00,3.992371964963462e-13,0,0.0,500.0,kenyatta_kenya
2022-03-19 00:00:00,3.8294410976510414e-13,0,0.0,500.0,kenyatta_kenya
2022-03-19 01:00:00,3.673159527487325e-13,0,0.0,500.0,kenyatta_kenya
2022-03-19 02:00:00,3.52325589304583e-13,0,0.0,500.0,kenyatta_kenya
2022-03-19 03:00:00,3.3794699073071975e-13,0,0.0,500.0,kenyatta_kenya
2022-03-19 04:00:00,3.2415519057066604e-13,0,0.0,500.0,kenyatta_kenya
2022-03-19 05:00:00,3.109262412625867e-13,0,0.0,500.0,kenyatta_kenya
2022-03-19 06:00:00,2.9823717255764517e-13,0,0.0,500.0,kenyatta_kenya
2022-03-19 07:00:00,2.8606595163533203e-13,0,0.0,500.0,kenyatta_kenya
2022-03-19 08:00:00,0.7657395120258509,1,4.2,406.15116448651526,kenyatta_kenya
2022-03-19 09:00:00,0.7344892668270923,1,4.2,406.15116448651526,kenyatta_kenya
2022-03-19 10:00:00,0.7045143611003674,1,4.2,406.15116448651526,kenyatta_kenya
2022-03-19 11:00:00,0.6757627475494528,1,4.2,406.15116448651526,kenyatta_kenya
2022-03-19 12:00:00,0.6481845029565393,1,4.2,406.15116448651526,kenyatta_kenya
2022-03-19 13:00:00,0.6217317414974395,1,4.2,406.15116448651526,kenyatta_kenya
2022-03-19 14:00:00,0.5963585315944478,1,4.2,406.15116448651526,kenyatta_kenya
2022-03-19 15:00:00,0.5720208161624813,1,4.2,406.15116448651526,kenyatta_kenya
2022-03-19 16:00:00,0.5486763361100169,1,4.2,406.15116448651526,kenyatta_kenya
2022-03-19 17:00:00,0.5262845569619979,1,4.2,406.15116448651526,kenyatta_kenya
2022-03-19 18:00:00,0.504806598477302,1,4.2,406.15116448651526,kenyatta_kenya
2022-03-19 19:00:00,0.4842051671385542,1,4.2,406.15116448651526,kenyatta_kenya
2022-03-19 20:00:00,0.4644444913970693,1,4.2,406.15116448651526,kenyatta_kenya
2022-03-19 21:00:00,0.44549025956048466,1,4.2,406.15116448651526,kenyatta_kenya
2022-03-19 22:00:00,0.42730956021523037,1,4.2,406.15116448651526,kenyatta_kenya
2022-03-19 23:00:00,0.40987082508039147,1,4.2,406.15116448651526,kenyatta_kenya
2022-03-20 00:00:00,0.39314377419373514,1,4.2,406.15116448651526,kenyatta_kenya
2022-03-20 01:00:00,0.37709936333472655,1,4.2,406.15116448651526,kenyatta_kenya
2022-03-20 02:00:00,0.3617097335932379,1,4.2,406.15116448651526,kenyatta_kenya
2022-03-20 03:00:00,0.3469481629963888,1,4.2,406.15116448651526,kenyatta_kenya
2022-03-20 04:00:00,0.332789020109519,1,4.2,406.15116448651526,kenyatta_kenya
2022-03-20 05:00:00,0.3192077195307315,1,4.2,406.15116448651526,kenyatta_kenya
2022-03-20 06:00:00,0.3061806792017285,1,4.2,406.15116448651526,kenyatta_kenya
2022-03-20 07:00:00,0.29368527946081313,1,4.2,406.15116448651526,kenyatta_kenya
2022-03-20 08:00:00,0.28169982376696284,0,0.0,500.0,kenyatta_kenya
2022-03-20 09:00:00,0.270203501026773,0,0.0,500.0,kenyatta_kenya
2022-03-20 10:00:00,0.2591763494588588,0,0.0,500.0,kenyatta_kenya
2022-03-20 11:00:00,0.24859922193297115,0,0.0,500.0,kenyatta_kenya
2022-03-20 12:00:00,0.23845375272364075,0,0.0,500.0,kenyatta_kenya
2022-03-20 13:00:00,0.2287223256206256,0,0.0,500.0,kenyatta_kenya
2022-03-20 14:00:00,0.21938804334078743,0,0.0,500.0,kenyatta_kenya
2022-03-20 15:00:00,0.21043469818828597,0,0.0,500.0,kenyatta_kenya
2022-03-20 16:00:00,0.20184674391214738,0,0.0,500.0,kenyatta_kenya
2022-03-20 17:00:00,0.19360926871233985,0,0.0,500.0,kenyatta_kenya
2022-03-20 18:00:00,0.18570796934748657,0,0.0,500.0,kenyatta_kenya
2022-03-20 19:00:00,0.1781291262992561,0,0.0,500.0,kenyatta_kenya
2022-03-20 20:00:00,0.17085957995030862,0,0.0,500.0,kenyatta_kenya
2022-03-20 21:00:00,0.16388670773443187,0,0.0,500.0,kenyatta_kenya
2022-03-20 22:00:00,0.15719840221919368,0,0.0,500.0,kenyatta_kenya
2022-03-20 23:00:00,0.15078305008305234,0,0.0,500.0,kenyatta_kenya
2022-03-21 00:00:00,0.14462951195042298,0,0.0,500.0,kenyatta_kenya
2022-03-21 01:00:00,0.13872710304968583,0,0.0,500.0,kenyatta_kenya
2022-03-21 02:00:00,0.13306557466055166,0,0.0,500.0,kenyatta_kenya
2022-03-21 03:00:00,0.12763509631856998,0,0.0,500.0,kenyatta_kenya
2022-03-21 04:00:00,0.12242623874588168,0,0.0,500.0,kenyatta_kenya
2022-03-21 05:00:00,0.11742995747857604,0,0.0,500.0,kenyatta_kenya
2022-03-21 06:00:00,0.11263757716222453,0,0.0,500.0,kenyatta_kenya
2022-03-21 07:00:00,0.10804077648832278,0,0.0,500.0,kenyatta_kenya
2022-03-21 08:00:00,0.10363157374548405,0,0.0,500.0,kenyatta_kenya
2022-03-21 09:00:00,0.0994023129602965,0,0.0,500.0,kenyatta_kenya
2022-03-21 10:00:00,0.09534565060377947,0,0.0,500.0,kenyatta_kenya
2022-03-21 11:00:00,0.09145454284035676,0,0.0,500.0,kenyatta_kenya
2022-03-21 12:00:00,0.08772223329720624,0,0.0,500.0,kenyatta_kenya
2022-03-21 13:00:00,0.08414224133274845,0,0.0,500.0,kenyatta_kenya
2022-03-21 14:00:00,0.08070835078390504,0,0.0,500.0,kenyatta_kenya
2022-03-21 15:00:00,0.07741459917258778,0,0.0,500.0,kenyatta_kenya
2022-03-21 16:00:00,0.07425526735267601,0,0.0,500.0,kenyatta_kenya
2022-03-21 17:00:00,0.07122486957950719,0,0.0,500.0,kenyatta_kenya
2022-03-21 18:00:00,0.06831814398463669,0,0.0,500.0,kenyatta_kenya
2022-03-21 19:00:00,0.06553004343932761,0,0.0,500.0,kenyatta_kenya
2022-03-21 20:00:00,0.06285572679090688,0,0.0,500.0,kenyatta_kenya
2022-03-21 21:00:00,0.06029055045677029,0,0.0,500.0,kenyatta_kenya
2022-03-21 22:00:00,0.0578300603614406,0,0.0,500.0,kenyatta_kenya
2022-03-21 23:00:00,0.0554699842026789,0,0.0,500.0,kenyatta_kenya
2022-03-22 00:00:00,0.05320622403322008,0,0.0,500.0,kenyatta_kenya
2022-03-22 01:00:00,0.05103484914525153,0,0.0,500.0,kenyatta_kenya
2022-03-22 02:00:00,0.04895208924528058,0,0.0,500.0,kenyatta_kenya
2022-03-22 03:00:00,0.04695432790753876,0,0.0,500.0,kenyatta_kenya
2022-03-22 04:00:00,0.04503809629455655,0,0.0,500.0,kenyatta_kenya
2022-03-22 05:00:00,0.0432000671340048,0,0.0,500.0,kenyatta_kenya
2022-03-22 06:00:00,0.04143704894134439,0,0.0,500.0,kenyatta_kenya
2022-03-22 07:00:00,0.039745980478252896,0,0.0,500.0,kenyatta_kenya
2022-03-22 08:00:00,0.03812392543720582,0,0.0,500.0,kenyatta_kenya
2022-03-22 09:00:00,0.03656806734298271,0,0.0,500.0,kenyatta_kenya
2022-03-22 10:00:00,0.03507570466224597,0,0.0,500.0,kenyatta_kenya
2022-03-22 11:00:00,0.03364424611270019,0,0.0,500.0,kenyatta_kenya
2022-03-22 12:00:00,0.032271206163687144,0,0.0,500.0,kenyatta_kenya
2022-03-22 13:00:00,0.030954200720404123,0,0.0,500.0,kenyatta_kenya
2022-03-22 14:00:00,0.029690942984251737,0,0.0,500.0,kenyatta_kenya
2022-03-22 15:00:00,0.028479239482122807,0,0.0,500.0,kenyatta_kenya
2022-03-22 16:00:00,0.027316986257738495,0,0.0,500.0,kenyatta_kenya
2022-03-22 17:00:00,0.02620216521841798,0,0.0,500.0,kenyatta_kenya
2022-03-22 18:00:00,0.025132840630938288,0,0.0,500.0,kenyatta_kenya
2022-03-22 19:00:00,0.02410715576040018,0,0.0,500.0,kenyatta_kenya
2022-03-22 20:00:00,0.023123329646263683,0,0.0,500.0,kenyatta_kenya
2022-03-22 21:00:00,0.022179654009955314,0,0.0,500.0,kenyatta_kenya
2022-03-22 22:00:00,0.021274490288677547,0,0.0,500.0,kenyatta_kenya
2022-03-22 23:00:00,0.020406266790270255,0,0.0,500.0,kenyatta_kenya
2022-03-23 00:00:00,0.01957347596418356,0,0.0,500.0,kenyatta_kenya
2022-03-23 01:00:00,0.018774671783823988,0,0.0,500.0,kenyatta_kenya
2022-03-23 02:00:00,0.018008467235728392,0,0.0,500.0,kenyatta_kenya
2022-03-23 03:00:00,0.017273531911206022,0,0.0,500.0,kenyatta_kenya
2022-03-23 04:00:00,0.016568589696267073,0,0.0,500.0,kenyatta_kenya
2022-03-23 05:00:00,0.015892416555826475,0,0.0,500.0,kenyatta_kenya
2022-03-23 06:00:00,0.015243838408335481,0,0.0,500.0,kenyatta_kenya
2022-03-23 07:00:00,0.014621729087150735,0,0.0,500.0,kenyatta_kenya
2022-03-23 08:00:00,0.014025008385101009,0,0.0,500.0,kenyatta_kenya
2022-03-23 09:00:00,0.013452640178856142,0,0.0,500.0,kenyatta_kenya
2022-03-23 10:00:00,0.012903630629841614,0,0.0,500.0,kenyatta_kenya
2022-03-23 11:00:00,0.01237702645857462,0,0.0,500.0,kenyatta_kenya
2022-03-23 12:00:00,0.011871913289425627,0,0.0,500.0,kenyatta_kenya
2022-03-23 13:00:00,0.011387414062930935,0,0.0,500.0,kenyatta_kenya
2022-03-23 14:00:00,0.010922687512899687,0,0.0,500.0,kenyatta_kenya
2022-03-23 15:00:00,0.010476926705671009,0,0.0,500.0,kenyatta_kenya
2022-03-23 16:00:00,0.010049357638984813,0,0.0,500.0,kenyatta_kenya
2022-03-23 17:00:00,0.009639237898033412,0,0.0,500.0,kenyatta_kenya
2022-03-23 18:00:00,0.009245855366360495,0,0.0,500.0,kenyatta_kenya
2022-03-23 19:00:00,0.008868526989368937,0,0.0,500.0,kenyatta_kenya
2022-03-23 20:00:00,0.00850659758829053,0,0.0,500.0,kenyatta_kenya
2022-03-23 21:00:00,0.008159438722558296,0,0.0,500.0,kenyatta_kenya
2022-03-23 22:00:00,0.007826447598605978,0,0.0,500.0,kenyatta_kenya
2022-03-23 23:00:00,0.007507046023199983,0,0.0,500.0,kenyatta_kenya
2022-03-24 00:00:00,0.007200679399486503,0,0.0,500.0,kenyatta_kenya
2022-03-24 01:00:00,0.0069068157640104185,0,0.0,500.0,kenyatta_kenya
2022-03-24 02:00:00,0.006624944863033989,0,0.0,500.0,kenyatta_kenya
2022-03-24 03:00:00,0.006354577266551544,0,0.0,500.0,kenyatta_kenya
2022-03-24 04:00:00,0.0060952435184616505,0,0.0,500.0,kenyatta_kenya
2022-03-24 05:00:00,0.0058464933214212225,0,0.0,500.0,kenyatta_kenya
2022-03-24 06:00:00,0.005607894754966222,0,0.0,500.0,kenyatta_kenya
2022-03-24 07:00:00,0.005379033525541237,0,0.0,500.0,kenyatta_kenya
2022-03-24 08:00:00,0.005159512247135752,0,0.0,500.0,kenyatta_kenya
2022-03-24 09:00:00,0.0049489497512780894,0,0.0,500.0,kenyatta_kenya
2022-03-24 10:00:00,0.004746980425188838,0,0.0,500.0,kenyatta_kenya
2022-03-24 11:00:00,0.004553253576944586,0,0.0,500.0,kenyatta_kenya
2022-03-24 12:00:00,0.0043674328265497185,0,0.0,500.0,kenyatta_kenya
2022-03-24 13:00:00,0.004189195521858855,0,0.0,500.0,kenyatta_kenya
2022-03-24 14:00:00,0.004018232178335827,0,0.0,500.0,kenyatta_kenya
2022-03-24 15:00:00,0.0038542459416764114,0,0.0,500.0,kenyatta_kenya
2022-03-24 16:00:00,0.0036969520723616946,0,0.0,500.0,kenyatta_kenya
2022-03-24 17:00:00,0.003546077451247116,0,0.0,500.0,kenyatta_kenya
2022-03-24 18:00:00,0.0034013601053286798,0,0.0,500.0,kenyatta_kenya
2022-03-24 19:00:00,0.0032625487528628954,0,0.0,500.0,kenyatta_kenya
2022-03-24 20:00:00,0.0031294023670506567,0,0.0,500.0,kenyatta_kenya
2022-03-24 21:00:00,0.003001689757527373,0,0.0,500.0,kenyatta_kenya
2022-03-24 22:00:00,0.0028791891689327405,0,0.0,500.0,kenyatta_kenya
2022-03-24 23:00:00,0.002761687895863106,0,0.0,500.0,kenyatta_kenya
2022-03-25 00:00:00,0.0026489819135378117,0,0.0,500.0,kenyatta_kenya
2022-03-25 01:00:00,0.0025408755235382594,0,0.0,500.0,kenyatta_kenya
2022-03-25 02:00:00,0.0024371810140045593,0,0.0,500.0,kenyatta_kenya
2022-03-25 03:00:00,0.0023377183336997336,0,0.0,500.0,kenyatta_kenya
2022-03-25 04:00:00,0.002242314779375526,0,0.0,500.0,kenyatta_kenya
2022-03-25 05:00:00,0.0021508046958970076,0,0.0,500.0,kenyatta_kenya
2022-03-25 06:00:00,0.0020630291886052365,0,0.0,500.0,kenyatta_kenya
2022-03-25 07:00:00,0.0019788358474185615,0,0.0,500.0,kenyatta_kenya
2022-03-25 08:00:00,0.0018980784821935113,0,0.0,500.0,kenyatta_kenya
2022-03-25 09:00:00,0.0018206168688857322,0,0.0,500.0,kenyatta_kenya
2022-03-25 10:00:00,0.001746316506070244,0,0.0,500.0,kenyatta_kenya
2022-03-25 11:00:00,0.0016750483813982437,0,0.0,500.0,kenyatta_kenya
2022-03-25 12:00:00,0.0016066887475849234,0,0.0,500.0,kenyatta_kenya
2022-03-25 13:00:00,0.0015411189075393431,0,0.0,500.0,kenyatta_kenya
2022-03-25 14:00:00,0.0014782250082632901,0,0.0,500.0,kenyatta_kenya
2022-03-25 15:00:00,0.0014178978431612173,0,0.0,500.0,kenyatta_kenya
2022-03-25 16:00:00,0.001360032662418026,0,0.0,500.0,kenyatta_kenya
2022-03-25 17:00:00,0.0013045289911154416,0,0.0,500.0,kenyatta_kenya
2022-03-25 18:00:00,0.001251290454771153,0,0.0,500.0,kenyatta_kenya
2022-03-25 19:00:00,0.0012002246119977888,0,0.0,500.0,kenyatta_kenya
2022-03-25 20:00:00,0.0011512427939911842,0,0.0,500.0,kenyatta_kenya
2022-03-25 21:00:00,0.0011042599505692123,0,0.0,500.0,kenyatta_kenya
2022-03-25 22:00:00,0.001059194502493846,0,0.0,500.0,kenyatta_kenya
2022-03-25 23:00:00,0.0010159681998200556,0,0.0,500.0,kenyatta_kenya
2022-03-26 00:00:00,0.0009745059860255483,0,0.0,500.0,kenyatta_kenya
2022-03-26 01:00:00,0.0009347358676854506,0,0.0,500.0,kenyatta_kenya
2022-03-26 02:00:00,0.0008965887894656464,0,0.0,500.0,kenyatta_kenya
2022-03-26 03:00:00,0.0008599985142176932,0,0.0,500.0,kenyatta_kenya
2022-03-26 04:00:00,0.0008249015079671345,0,0.0,500.0,kenyatta_kenya
2022-03-26 05:00:00,0.0007912368295955049,0,0.0,500.0,kenyatta_kenya
2022-03-26 06:00:00,0.0007589460250244684,0,0.0,500.0,kenyatta_kenya
2022-03-26 07:00:00,0.0007279730257183581,0,0.0,500.0,kenyatta_kenya
2022-03-26 08:00:00,0.0006982640513288884,0,0.0,500.0,kenyatta_kenya
2022-03-26 09:00:00,0.0006697675163129843,0,0.0,500.0,kenyatta_kenya
2022-03-26 10:00:00,0.000642433940361587,0,0.0,500.0,kenyatta_kenya
2022-03-26 11:00:00,0.000616215862483915,0,0.0,500.0,kenyatta_kenya
2022-03-26 12:00:00,0.0005910677585979861,0,0.0,500.0,kenyatta_kenya
2022-03-26 13:00:00,0.0005669459624843172,0,0.0,500.0,kenyatta_kenya
2022-03-26 14:00:00,0.0005438085899655499,0,0.0,500.0,kenyatta_kenya
2022-03-26 15:00:00,0.000521615466180342,0,0.0,500.0,kenyatta_kenya
2022-03-26 16:00:00,0.0005003280558252523,0,0.0,500.0,kenyatta_kenya
2022-03-26 17:00:00,0.00047990939624349406,0,0.0,500.0,kenyatta_kenya
2022-03-26 18:00:00,0.38309682801155276,1,4.5,457.3390359458457,kenyatta_kenya
2022-03-26 19:00:00,0.3674624384806342,1,4.5,457.3390359458457,kenyatta_kenya
2022-03-26 20:00:00,0.3524660968742396,1,4.5,457.3390359458457,kenyatta_kenya
2022-03-26 21:00:00,0.33808176411017876,1,4.5,457.3390359458457,kenyatta_kenya
2022-03-26 22:00:00,0.3242844637753421,1,4.5,457.3390359458457,kenyatta_kenya
2022-03-26 23:00:00,0.31105023875759835,1,4.5,457.3390359458457,kenyatta_kenya
2022-03-27 00:00:00,0.29835610964756865,1,4.5,457.3390359458457,kenyatta_kenya
2022-03-27 01:00:00,0.2861800348380459,1,4.5,457.3390359458457,kenyatta_kenya
2022-03-27 02:00:00,0.27450087225177944,1,4.5,457.3390359458457,kenyatta_kenya
2022-03-27 03:00:00,0.2632983426311692,1,4.5,457.3390359458457,kenyatta_kenya
2022-03-27 04:00:00,0.25255299432612704,1,4.5,457.3390359458457,kenyatta_kenya
2022-03-27 05:00:00,0.24224616951896505,1,4.5,457.3390359458457,kenyatta_kenya
2022-03-27 06:00:00,0.23235997182766435,1,4.5,457.3390359458457,kenyatta_kenya
2022-03-27 07:00:00,0.22287723523127204,1,4.5,457.3390359458457,kenyatta_kenya
2022-03-27 08:00:00,0.2137814942634695,1,4.5,457.3390359458457,kenyatta_kenya
2022-03-27 09:00:00,0.2050569554225576,1,4.5,457.3390359458457,kenyatta_kenya
2022-03-27 10:00:00,0.19668846974821577,1,4.5,457.3390359458457,kenyatta_kenya
2022-03-27 11:00:00,0.18866150651741825,1,4.5,457.3390359458457,kenyatta_kenya
2022-03-27 12:00:00,0.18096212801383457,1,4.5,457.3390359458457,kenyatta_kenya
2022-03-27 13:00:00,0.17357696532690434,1,4.5,457.3390359458457,kenyatta_kenya
2022-03-27 14:00:00,0.1664931951385651,1,4.5,457.3390359458457,kenyatta_kenya
2022-03-27 15:00:00,0.15969851745732605,1,4.5,457.3390359458457,kenyatta_kenya
2022-03-27 16:00:00,0.1531811342610268,1,4.5,457.3390359458457,kenyatta_kenya
2022-03-27 17:00:00,0.1469297290111963,1,4.5,457.3390359458457,kenyatta_kenya
2022-03-27 18:00:00,0.1409334470034422,0,0.0,500.0,kenyatta_kenya
2022-03-27 19:00:00,0.1351818765197512,0,0.0,500.0,kenyatta_kenya
2022-03-27 20:00:00,0.12966503074997468,0,0.0,500.0,kenyatta_kenya
2022-03-27 21:00:00,0.12437333045110793,0,0.0,500.0,kenyatta_kenya
2022-03-27 22:00:00,0.11929758731425369,0,0.0,500.0,kenyatta_kenya
2022-03-27 23:00:00,0.11442898801038899,0,0.0,500.0,kenyatta_kenya
2022-03-28 00:00:00,0.1097590788872331,0,0.0,500.0,kenyatta_kenya
2022-03-28 01:00:00,0.10527975129064421,0,0.0,500.0,kenyatta_kenya
2022-03-28 02:00:00,0.10098322748505809,0,0.0,500.0,kenyatta_kenya
2022-03-28 03:00:00,0.09686204714852144,0,0.0,500.0,kenyatta_kenya
2022-03-28 04:00:00,0.09290905441887007,0,0.0,500.0,kenyatta_kenya
2022-03-28 05:00:00,0.08911738546855935,0,0.0,500.0,kenyatta_kenya
2022-03-28 06:00:00,0.08548045658657323,0,0.0,500.0,kenyatta_kenya
2022-03-28 07:00:00,0.08199195274671645,0,0.0,500.0,kenyatta_kenya
2022-03-28 08:00:00,0.07864581664244105,0,0.0,500.0,kenyatta_kenya
2022-03-28 09:00:00,0.07543623816916785,0,0.0,500.0,kenyatta_kenya
2022-03-28 10:00:00,0.07235764433583979,0,0.0,500.0,kenyatta_kenya
2022-03-28 11:00:00,0.06940468958819025,0,0.0,500.0,kenyatta_kenya
2022-03-28 12:00:00,0.06657224652692445,0,0.0,500.0,kenyatta_kenya
2022-03-28 13:00:00,0.0638553970046964,0,0.0,500.0,kenyatta_kenya
2022-03-28 14:00:00,0.06124942358642322,0,0.0,500.0,kenyatta_kenya
2022-03-28 15:00:00,0.05874980135810892,0,0.0,500.0,kenyatta_kenya
2022-03-28 16:00:00,0.056352190069954226,0,0.0,500.0,kenyatta_kenya
2022-03-28 17:00:00,0.05405242660011036,0,0.0,500.0,kenyatta_kenya
2022-03-28 18:00:00,0.05184651772599139,0,0.0,500.0,kenyatta_kenya
2022-03-28 19:00:00,0.049730633190592975,0,0.0,500.0,kenyatta_kenya
2022-03-28 20:00:00,0.04770109905177858,0,0.0,500.0,kenyatta_kenya
2022-03-28 21:00:00,0.045754391302984726,0,0.0,500.0,kenyatta_kenya
2022-03-28 22:00:00,0.04388712975426899,0,0.0,500.0,kenyatta_kenya
2022-03-28 23:00:00,0.04209607216307557,0,0.0,500.0,kenyatta_kenya
2022-03-29 00:00:00,0.04037810860452757,0,0.0,500.0,kenyatta_kenya
2022-03-29 01:00:00,0.03873025607147061,0,0.0,500.0,kenyatta_kenya
2022-03-29 02:00:00,0.0371496532948918,0,0.0,500.0,kenyatta_kenya
2022-03-29 03:00:00,0.035633555775719986,0,0.0,500.0,kenyatta_kenya
2022-03-29 04:00:00,0.03417933101938103,0,0.0,500.0,kenyatta_kenya
2022-03-29 05:00:00,0.03278445396483362,0,0.0,500.0,kenyatta_kenya
2022-03-29 06:00:00,0.03144650260014831,0,0.0,500.0,kenyatta_kenya
2022-03-29 07:00:00,0.030163153757017346,0,0.0,500.0,kenyatta_kenya
2022-03-29 08:00:00,0.02893217907689293,0,0.0,500.0,kenyatta_kenya
2022-03-29 09:00:00,0.027751441141749305,0,0.0,500.0,kenyatta_kenya
2022-03-29 10:00:00,0.02661888976275071,0,0.0,500.0,kenyatta_kenya
2022-03-29 11:00:00,0.025532558420380855,0,0.0,500.0,kenyatta_kenya
2022-03-29 12:00:00,0.024490560849852468,0,0.0,500.0,kenyatta_kenya
2022-03-29 13:00:00,0.023491087765868297,0,0.0,500.0,kenyatta_kenya
2022-03-29 14:00:00,0.02253240372104633,0,0.0,500.0,kenyatta_kenya
2022-03-29 15:00:00,0.02161284409255436,0,0.0,500.0,kenyatta_kenya
2022-03-29 16:00:00,0.02073081219172165,0,0.0,500.0,kenyatta_kenya
2022-03-29 17:00:00,0.019884776491609003,0,0.0,500.0,kenyatta_kenya
2022-03-29 18:00:00,0.019073267967722997,0,0.0,500.0,kenyatta_kenya
2022-03-29 19:00:00,0.01829487754725733,0,0.0,500.0,kenyatta_kenya
2022-03-29 20:00:00,0.01754825366243192,0,0.0,500.0,kenyatta_kenya
2022-03-29 21:00:00,0.016832099903681518,0,0.0,500.0,kenyatta_kenya
2022-03-29 22:00:00,0.01614517276861905,0,0.0,500.0,kenyatta_kenya
2022-03-29 23:00:00,0.015486279502864953,0,0.0,500.0,kenyatta_kenya
2022-03-30 00:00:00,0.014854276028993411,0,0.0,500.0,kenyatta_kenya
2022-03-30 01:00:00,0.014248064959999472,0,0.0,500.0,kenyatta_kenya
2022-03-30 02:00:00,0.01366659369383763,0,0.0,500.0,kenyatta_kenya
2022-03-30 03:00:00,0.013108852585723287,0,0.0,500.0,kenyatta_kenya
2022-03-30 04:00:00,0.012573873195023639,0,0.0,500.0,kenyatta_kenya
2022-03-30 05:00:00,0.01206072660369387,0,0.0,500.0,kenyatta_kenya
2022-03-30 06:00:00,0.011568521803338866,0,0.0,500.0,kenyatta_kenya
2022-03-30 07:00:00,0.011096404148099832,0,0.0,500.0,kenyatta_kenya
2022-03-30 08:00:00,0.01064355387067947,0,0.0,500.0,kenyatta_kenya
2022-03-30 09:00:00,0.010209184658928908,0,0.0,500.0,kenyatta_kenya
2022-03-30 10:00:00,0.009792542290524958,0,0.0,500.0,kenyatta_kenya
2022-03-30 11:00:00,0.009392903323366912,0,0.0,500.0,kenyatta_kenya
2022-03-30 12:00:00,0.009009573839418932,0,0.0,500.0,kenyatta_kenya
2022-03-30 13:00:00,0.008641888239816934,0,0.0,500.0,kenyatta_kenya
2022-03-30 14:00:00,0.008289208089147853,0,0.0,500.0,kenyatta_kenya
2022-03-30 15:00:00,0.007950921006894407,0,0.0,500.0,kenyatta_kenya
2022-03-30 16:00:00,0.007626439604120685,0,0.0,500.0,kenyatta_kenya
2022-03-30 17:00:00,0.007315200463552152,0,0.0,500.0,kenyatta_kenya
2022-03-30 18:00:00,0.007016663161279104,0,0.0,500.0,kenyatta_kenya
2022-03-30 19:00:00,0.006730309328384997,0,0.0,500.0,kenyatta_kenya
2022-03-30 20:00:00,0.006455641750870171,0,0.0,500.0,kenyatta_kenya
2022-03-30 21:00:00,0.006192183506308245,0,0.0,500.0,kenyatta_kenya
2022-03-30 22:00:00,0.005939477135735968,0,0.0,500.0,kenyatta_kenya
2022-03-30 23:00:00,0.00569708384933872,0,0.0,500.0,kenyatta_kenya
2022-03-31 00:00:00,0.005464582764552445,0,0.0,500.0,kenyatta_kenya
2022-03-31 01:00:00,0.005241570175259016,0,0.0,500.0,kenyatta_kenya
2022-03-31 02:00:00,0.005027658850806144,0,0.0,500.0,kenyatta_kenya
2022-03-31 03:00:00,0.004822477363634698,0,0.0,500.0,kenyatta_kenya
2022-03-31 04:00:00,0.004625669444345877,0,0.0,500.0,kenyatta_kenya
2022-03-31 05:00:00,0.00443689336308845,0,0.0,500.0,kenyatta_kenya
2022-03-31 06:00:00,0.004255821336191947,0,0.0,500.0,kenyatta_kenya
2022-03-31 07:00:00,0.0040821389570154425,0,0.0,500.0,kenyatta_kenya
2022-03-31 08:00:00,0.003915544650023704,0,0.0,500.0,kenyatta_kenya
2022-03-31 09:00:00,0.003755749147142826,0,0.0,500.0,kenyatta_kenya
2022-03-31 10:00:00,0.0036024749854860387,0,0.0,500.0,kenyatta_kenya
2022-03-31 11:00:00,0.0034554560255776034,0,0.0,500.0,kenyatta_kenya
2022-03-31 12:00:00,0.0033144369892382803,0,0.0,500.0,kenyatta_kenya
2022-03-31 13:00:00,0.003179173016329914,0,0.0,500.0,kenyatta_kenya
2022-03-31 14:00:00,0.003049429239589511,0,0.0,500.0,kenyatta_kenya
2022-03-31 15:00:00,0.0029249803768145945,0,0.0,500.0,kenyatta_kenya
2022-03-31 16:00:00,0.0028056103396916746,0,0.0,500.0,kenyatta_kenya
2022-03-31 17:00:00,0.0026911118585886415,0,0.0,500.0,kenyatta_kenya
2022-03-31 18:00:00,0.0025812861226596024,0,0.0,500.0,kenyatta_kenya
2022-03-31 19:00:00,0.0024759424346372178,0,0.0,500.0,kenyatta_kenya
2022-03-31 20:00:00,0.0023748978797131504,0,0.0,500.0,kenyatta_kenya
2022-03-31 21:00:00,0.002277977007931699,0,0.0,500.0,kenyatta_kenya
2022-03-31 22:00:00,0.0021850115295451067,0,0.0,500.0,kenyatta_kenya
2022-03-31 23:00:00,0.002095840022801578,0,0.0,500.0,kenyatta_kenya
2022-04-01 00:00:00,0.0020103076536586487,0,0.0,500.0,kenyatta_kenya
2022-04-01 01:00:00,0.0019282659069351856,0,0.0,500.0,kenyatta_kenya
2022-04-01 02:00:00,0.0018495723284352203,0,0.0,500.0,kenyatta_kenya
2022-04-01 03:00:00,0.0017740902775958633,0,0.0,500.0,kenyatta_kenya
2022-04-01 04:00:00,0.0017016886902297772,0,0.0,500.0,kenyatta_kenya
2022-04-01 05:00:00,0.00163224185095026,0,0.0,500.0,kenyatta_kenya
2022-04-01 06:00:00,0.0015656291748837939,0,0.0,500.0,kenyatta_kenya
2022-04-01 07:00:00,0.0015017349982910154,0,0.0,500.0,kenyatta_kenya
2022-04-01 08:00:00,0.0014404483777325512,0,0.0,500.0,kenyatta_kenya
2022-04-01 09:00:00,0.0013816628974310243,0,0.0,500.0,kenyatta_kenya
2022-04-01 10:00:00,0.0013252764844947037,0,0.0,500.0,kenyatta_kenya
2022-04-01 11:00:00,0.0012711912316819818,0,0.0,500.0,kenyatta_kenya
2022-04-01 12:00:00,0.0012193132273989366,0,0.0,500.0,kenyatta_kenya
2022-04-01 13:00:00,0.001169552392634778,0,0.0,500.0,kenyatta_kenya
2022-04-01 14:00:00,0.0011218223245520458,0,0.0,500.0,kenyatta_kenya
2022-04-01 15:00:00,0.0010760401464599877,0,0.0,500.0,kenyatta_kenya
2022-04-01 16:00:00,0.0010321263639105937,0,0.0,500.0,kenyatta_kenya
2022-04-01 17:00:00,0.000990004726667431,0,0.0,500.0,kenyatta_kenya
2022-04-01 18:00:00,0.0009496020963076137,0,0.0,500.0,kenyatta_kenya
2022-04-01 19:00:00,0.0009108483192270001,0,0.0,500.0,kenyatta_kenya
2022-04-01 20:00:00,0.0008736761048281168,0,0.0,500.0,kenyatta_kenya
2022-04-01 21:00:00,0.0008380209086793078,0,0.0,500.0,kenyatta_kenya
2022-04-01 22:00:00,0.0008038208204422122,0,0.0,500.0,kenyatta_kenya
2022-04-01 23:00:00,0.0007710164563729875,0,0.0,500.0,kenyatta_kenya
2022-04-02 00:00:00,0.0007395508562106171,0,0.0,500.0,kenyatta_kenya
2022-04-02 01:00:00,0.0007093693842732605,0,0.0,500.0,kenyatta_kenya
2022-04-02 02:00:00,0.0006804196345909122,0,0.0,500.0,kenyatta_kenya
2022-04-02 03:00:00,0.0006526513399096552,0,0.0,500.0,kenyatta_kenya
2022-04-02 04:00:00,0.0006260162844094941,0,0.0,500.0,kenyatta_kenya
2022-04-02 05:00:00,0.0006004682199842224,0,0.0,500.0,kenyatta_kenya
2022-04-02 06:00:00,0.0005759627859379565,0,0.0,500.0,kenyatta_kenya
2022-04-02 07:00:00,0.0005524574319588957,0,0.0,500.0,kenyatta_kenya
2022-04-02 08:00:00,0.0005299113442365616,0,0.0,500.0,kenyatta_kenya
2022-04-02 09:00:00,0.000508285374594241,0,0.0,500.0,kenyatta_kenya
2022-04-02 10:00:00,0.00048754197251356526,0,0.0,500.0,kenyatta_kenya
2022-04-02 11:00:00,0.0004676451199332049,0,0.0,500.0,kenyatta_kenya
2022-04-02 12:00:00,0.00044856026870846843,0,0.0,500.0,kenyatta_kenya
2022-04-02 13:00:00,0.0004302542806232053,0,0.0,500.0,kenyatta_kenya
2022-04-02 14:00:00,0.00041269536984985493,0,0.0,500.0,kenyatta_kenya
2022-04-02 15:00:00,0.00039585304775773726,0,0.0,500.0,kenyatta_kenya
2022-04-02 16:00:00,0.00037969806997374195,0,0.0,500.0,kenyatta_kenya
2022-04-02 17:00:00,0.000364202385603501,0,0.0,500.0,kenyatta_kenya
2022-04-02 18:00:00,0.00034933908852487504,0,0.0,500.0,kenyatta_kenya
2022-04-02 19:00:00,0.0003350823706691763,0,0.0,500.0,kenyatta_kenya
2022-04-02 20:00:00,0.00032140747720901016,0,0.0,500.0,kenyatta_kenya
2022-04-02 21:00:00,1.7226626059937171,1,4.2,286.5562673287414,kenyatta_kenya
2022-04-02 22:00:00,1.652359809825327,1,4.2,286.5562673287414,kenyatta_kenya
2022-04-02 23:00:00,1.5849261089353142,1,4.2,286.5562673287414,kenyatta_kenya
2022-04-03 00:00:00,1.5202444139877629,1,4.2,286.5562673287414,kenyatta_kenya
2022-04-03 01:00:00,1.4582024141261223,1,4.2,286.5562673287414,kenyatta_kenya
2022-04-03 02:00:00,1.3986923819608696,1,4.2,286.5562673287414,kenyatta_kenya
2022-04-03 03:00:00,1.3416109865157337,1,4.2,286.5562673287414,kenyatta_kenya
2022-04-03 04:00:00,1.2868591138076821,1,4.2,286.5562673287414,kenyatta_kenya
2022-04-03 05:00:00,1.2343416947491375,1,4.2,286.5562673287414,kenyatta_kenya
2022-04-03 06:00:00,1.1839675400735985,1,4.2,286.5562673287414,kenyatta_kenya
2022-04-03 07:00:00,1.135649181998037,1,4.2,286.5562673287414,kenyatta_kenya
2022-04-03 08:00:00,1.0893027223471339,1,4.2,286.5562673287414,kenyatta_kenya
2022-04-03 09:00:00,1.0448476868756538,1,4.2,286.5562673287414,kenyatta_kenya
2022-04-03 10:00:00,1.002206885535997,1,4.2,286.5562673287414,kenyatta_kenya
2022-04-03 11:00:00,0.9613062784483132,1,4.2,286.5562673287414,kenyatta_kenya
2022-04-03 12:00:00,0.9220748473404438,1,4.2,286.5562673287414,kenyatta_kenya
2022-04-03 13:00:00,0.8844444722344716,1,4.2,286.5562673287414,kenyatta_kenya
2022-04-03 14:00:00,0.8483498131657611,1,4.2,286.5562673287414,kenyatta_kenya
2022-04-03 15:00:00,0.8137281967291051,1,4.2,286.5562673287414,kenyatta_kenya
2022-04-03 16:00:00,0.7805195072549883,1,4.2,286.5562673287414,kenyatta_kenya
2022-04-03 17:00:00,0.7486660824270043,1,4.2,286.5562673287414,kenyatta_kenya
2022-04-03 18:00:00,0.7181126131591836,1,4.2,286.5562673287414,kenyatta_kenya
2022-04-03 19:00:00,0.6888060475593819,1,4.2,286.5562673287414,kenyatta_kenya
2022-04-03 20:00:00,0.6606954988119746,1,4.2,286.5562673287414,kenyatta_kenya
2022-04-03 21:00:00,0.6337321568199091,0,0.0,500.0,kenyatta_kenya
2022-04-03 22:00:00,0.607869203452692,0,0.0,500.0,kenyatta_kenya
2022-04-03 23:00:00,0.5830617312531519,0,0.0,500.0,kenyatta_kenya
2022-04-04 00:00:00,0.559266665461825,0,0.0,500.0,kenyatta_kenya
2022-04-04 01:00:00,0.5364426892235659,0,0.0,500.0,kenyatta_kenya
2022-04-04 02:00:00,0.5145501718465184,0,0.0,500.0,kenyatta_kenya
2022-04-04 03:00:00,0.49355109998887564,0,0.0,500.0,kenyatta_kenya
2022-04-04 04:00:00,0.47340901165394766,0,0.0,500.0,kenyatta_kenya
2022-04-04 05:00:00,0.4540889328789237,0,0.0,500.0,kenyatta_kenya
2022-04-04 06:00:00,0.43555731700740274,0,0.0,500.0,kenyatta_kenya
2022-04-04 07:00:00,0.41778198644024345,0,0.0,500.0,kenyatta_kenya
2022-04-04 08:00:00,0.40073207676359446,0,0.0,500.0,kenyatta_kenya
2022-04-04 09:00:00,0.38437798315708965,0,0.0,500.0,kenyatta_kenya
2022-04-04 10:00:00,0.3686913089891543,0,0.0,500.0,kenyatta_kenya
2022-04-04 11:00:00,0.3536448165101644,0,0.0,500.0,kenyatta_kenya
2022-04-04 12:00:00,0.33921237955784544,0,0.0,500.0,kenyatta_kenya
2022-04-04 13:00:00,0.32536893819278867,0,0.0,500.0,kenyatta_kenya
2022-04-04 14:00:00,0.31209045518531764,0,0.0,500.0,kenyatta_kenya
2022-04-04 15:00:00,0.2993538742781487,0,0.0,500.0,kenyatta_kenya
2022-04-04 16:00:00,0.28713708015237466,0,0.0,500.0,kenyatta_kenya
2022-04-04 17:00:00,0.27541886002725935,0,0.0,500.0,kenyatta_kenya
2022-04-04 18:00:00,0.2641788668271646,0,0.0,500.0,kenyatta_kenya
2022-04-04 19:00:00,0.25339758385165534,0,0.0,500.0,kenyatta_kenya
2022-04-04 20:00:00,0.24305629088743658,0,0.0,500.0,kenyatta_kenya
2022-04-04 21:00:00,0.23313703170328104,0,0.0,500.0,kenyatta_kenya
2022-04-04 22:00:00,0.2236225828715061,0,0.0,500.0,kenyatta_kenya
2022-04-04 23:00:00,0.2144964238618633,0,0.0,500.0,kenyatta_kenya
2022-04-05 00:00:00,0.20574270835591218,0,0.0,500.0,kenyatta_kenya
2022-04-05 01:00:00,0.19734623673207113,0,0.0,500.0,kenyatta_kenya
2022-04-05 02:00:00,0.18929242967356683,0,0.0,500.0,kenyatta_kenya
2022-04-05 03:00:00,0.1815673028534582,0,0.0,500.0,kenyatta_kenya
2022-04-05 04:00:00,0.1741574426527791,0,0.0,500.0,kenyatta_kenya
2022-04-05 05:00:00,0.1670499828696351,0,0.0,500.0,kenyatta_kenya
2022-04-05 06:00:00,0.16023258237881605,0,0.0,500.0,kenyatta_kenya
2022-04-05 07:00:00,0.15369340370313186,0,0.0,500.0,kenyatta_kenya
2022-04-05 08:00:00,0.14742109245926266,0,0.0,500.0,kenyatta_kenya
2022-04-05 09:00:00,0.1414047576424362,0,0.0,500.0,kenyatta_kenya
2022-04-05 10:00:00,0.13563395271569764,0,0.0,500.0,kenyatta_kenya
2022-04-05 11:00:00,0.13009865747093655,0,0.0,500.0,kenyatta_kenya
2022-04-05 12:00:00,0.12478926063017534,0,0.0,500.0,kenyatta_kenya
2022-04-05 13:00:00,0.11969654315690866,0,0.0,500.0,kenyatta_kenya
2022-04-05 14:00:00,0.11481166224851576,0,0.0,500.0,kenyatta_kenya
2022-04-05 15:00:00,0.1101261359819515,0,0.0,500.0,kenyatta_kenya
2022-04-05 16:00:00,0.10563182858605523,0,0.0,500.0,kenyatta_kenya
2022-04-05 17:00:00,0.10132093631490387,0,0.0,500.0,kenyatta_kenya
2022-04-05 18:00:00,0.09718597389768219,0,0.0,500.0,kenyatta_kenya
2022-04-05 19:00:00,0.09321976154154066,0,0.0,500.0,kenyatta_kenya
2022-04-05 20:00:00,0.08941541246487371,0,0.0,500.0,kenyatta_kenya
2022-04-05 21:00:00,0.08576632093937187,0,0.0,500.0,kenyatta_kenya
2022-04-05 22:00:00,0.08226615082008422,0,0.0,500.0,kenyatta_kenya
2022-04-05 23:00:00,0.07890882454357508,0,0.0,500.0,kenyatta_kenya
2022-04-06 00:00:00,0.07568851257507202,0,0.0,500.0,kenyatta_kenya
2022-04-06 01:00:00,0.0725996232862815,0,0.0,500.0,kenyatta_kenya
2022-04-06 02:00:00,0.0696367932462963,0,0.0,500.0,kenyatta_kenya
2022-04-06 03:00:00,0.06679487790873626,0,0.0,500.0,kenyatta_kenya
2022-04-06 04:00:00,0.06406894267895188,0,0.0,500.0,kenyatta_kenya
2022-04-06 05:00:00,0.06145425434578036,0,0.0,500.0,kenyatta_kenya
2022-04-06 06:00:00,0.058946272862975956,0,0.0,500.0,kenyatta_kenya
2022-04-06 07:00:00,0.05654064346604503,0,0.0,500.0,kenyatta_kenya
2022-04-06 08:00:00,0.05423318911079708,0,0.0,500.0,kenyatta_kenya
2022-04-06 09:00:00,0.052019903220482666,0,0.0,500.0,kenyatta_kenya
2022-04-06 10:00:00,0.049896942728924684,0,0.0,500.0,kenyatta_kenya
2022-04-06 11:00:00,0.04786062140756304,0,0.0,500.0,kenyatta_kenya
2022-04-06 12:00:00,0.045907403464826364,0,0.0,500.0,kenyatta_kenya
2022-04-06 13:00:00,0.04403389740671698,0,0.0,500.0,kenyatta_kenya
2022-04-06 14:00:00,0.042236850147948354,0,0.0,500.0,kenyatta_kenya
2022-04-06 15:00:00,0.04051314136341059,0,0.0,500.0,kenyatta_kenya
2022-04-06 16:00:00,0.03885977807015558,0,0.0,500.0,kenyatta_kenya
2022-04-06 17:00:00,0.03727388943049413,0,0.0,500.0,kenyatta_kenya
2022-04-06 18:00:00,0.0357527217671817,0,0.0,500.0,kenyatta_kenya
2022-04-06 19:00:00,0.034293633782037085,0,0.0,500.0,kenyatta_kenya
2022-04-06 20:00:00,0.032894091969691765,0,0.0,500.0,kenyatta_kenya
2022-04-06 21:00:00,0.031551666218506705,0,0.0,500.0,kenyatta_kenya
2022-04-06 22:00:00,0.030264025591018175,0,0.0,500.0,kenyatta_kenya
2022-04-06 23:00:00,0.02902893427658578,0,0.0,500.0,kenyatta_kenya
2022-04-07 00:00:00,0.027844247709215182,0,0.0,500.0,kenyatta_kenya
2022-04-07 01:00:00,0.026707908843814472,0,0.0,500.0,kenyatta_kenya
2022-04-07 02:00:00,0.025617944584418743,0,0.0,500.0,kenyatta_kenya
2022-04-07 03:00:00,0.024572462358180617,0,0.0,500.0,kenyatta_kenya
2022-04-07 04:00:00,0.02356964682917799,0,0.0,500.0,kenyatta_kenya
2022-04-07 05:00:00,0.022607756746333356,0,0.0,500.0,kenyatta_kenya
2022-04-07 06:00:00,0.021685121919970955,0,0.0,500.0,kenyatta_kenya
2022-04-07 07:00:00,0.020800140321762403,0,0.0,500.0,kenyatta_kenya
2022-04-07 08:00:00,0.01995127530302517,0,0.0,500.0,kenyatta_kenya
2022-04-07 09:00:00,0.019137052926543687,0,0.0,500.0,kenyatta_kenya
2022-04-07 10:00:00,0.018356059407280276,0,0.0,500.0,kenyatta_kenya
2022-04-07 11:00:00,0.01760693865753225,0,0.0,500.0,kenyatta_kenya
2022-04-07 12:00:00,0.01688838993227227,0,0.0,500.0,kenyatta_kenya
2022-04-07 13:00:00,0.016199165570583665,0,0.0,500.0,kenyatta_kenya
2022-04-07 14:00:00,0.015538068829269187,0,0.0,500.0,kenyatta_kenya
2022-04-07 15:00:00,0.014903951804871144,0,0.0,500.0,kenyatta_kenya
2022-04-07 16:00:00,0.014295713440495109,0,0.0,500.0,kenyatta_kenya
2022-04-07 17:00:00,0.013712297613976307,0,0.0,500.0,kenyatta_kenya
2022-04-07 18:00:00,0.013152691304068872,0,0.0,500.0,kenyatta_kenya
2022-04-07 19:00:00,0.0126159228314739,0,0.0,500.0,kenyatta_kenya
2022-04-07 20:00:00,0.012101060171652227,0,0.0,500.0,kenyatta_kenya
2022-04-07 21:00:00,0.011607209336492123,0,0.0,500.0,kenyatta_kenya
2022-04-07 22:00:00,0.011133512822021997,0,0.0,500.0,kenyatta_kenya
2022-04-07 23:00:00,0.010679148119472905,0,0.0,500.0,kenyatta_kenya
2022-04-08 00:00:00,0.010243326287105295,0,0.0,500.0,kenyatta_kenya
2022-04-08 01:00:00,0.00982529058032029,0,0.0,500.0,kenyatta_kenya
2022-04-08 02:00:00,0.009424315137676944,0,0.0,500.0,kenyatta_kenya
2022-04-08 03:00:00,0.009039703720533787,0,0.0,500.0,kenyatta_kenya
2022-04-08 04:00:00,0.008670788504126257,0,0.0,500.0,kenyatta_kenya
2022-04-08 05:00:00,0.008316928917981026,0,0.0,500.0,kenyatta_kenya
2022-04-08 06:00:00,0.007977510533653512,0,0.0,500.0,kenyatta_kenya
2022-04-08 07:00:00,0.007651943997857547,0,0.0,500.0,kenyatta_kenya
2022-04-08 08:00:00,0.007339664009134507,0,0.0,500.0,kenyatta_kenya
2022-04-08 09:00:00,0.007040128336285205,0,0.0,500.0,kenyatta_kenya
2022-04-08 10:00:00,0.00675281687686007,0,0.0,500.0,kenyatta_kenya
2022-04-08 11:00:00,0.006477230754072834,0,0.0,500.0,kenyatta_kenya
2022-04-08 12:00:00,0.006212891450569735,0,0.0,500.0,kenyatta_kenya
2022-04-08 13:00:00,0.0059593399775499925,0,0.0,500.0,kenyatta_kenya
2022-04-08 14:00:00,0.00571613607779496,0,0.0,500.0,kenyatta_kenya
2022-04-08 15:00:00,0.005482857461222104,0,0.0,500.0,kenyatta_kenya
2022-04-08 16:00:00,0.005259099071636421,0,0.0,500.0,kenyatta_kenya
2022-04-08 17:00:00,0.00504447238340611,0,0.0,500.0,kenyatta_kenya
2022-04-08 18:00:00,0.004838604726841346,0,0.0,500.0,kenyatta_kenya
2022-04-08 19:00:00,0.004641138641104664,0,0.0,500.0,kenyatta_kenya
2022-04-08 20:00:00,0.0044517312535294245,0,0.0,500.0,kenyatta_kenya
2022-04-08 21:00:00,0.00427005368426867,0,0.0,500.0,kenyatta_kenya
2022-04-08 22:00:00,0.004095790475240536,0,0.0,500.0,kenyatta_kenya
2022-04-08 23:00:00,0.003928639042378751,0,0.0,500.0,kenyatta_kenya
2022-04-09 00:00:00,0.0037683091502370377,0,0.0,500.0,kenyatta_kenya
2022-04-09 01:00:00,0.003614522408035261,0,0.0,500.0,kenyatta_kenya
2022-04-09 02:00:00,0.003467011786272159,0,0.0,500.0,kenyatta_kenya
2022-04-09 03:00:00,0.0033255211530653743,0,0.0,500.0,kenyatta_kenya
2022-04-09 04:00:00,0.003189804829413731,0,0.0,500.0,kenyatta_kenya
2022-04-09 05:00:00,0.0030596271626094655,0,0.0,500.0,kenyatta_kenya
2022-04-09 06:00:00,0.002934762117059745,0,0.0,500.0,kenyatta_kenya
2022-04-09 07:00:00,0.0028149928818070017,0,0.0,500.0,kenyatta_kenya
2022-04-09 08:00:00,0.0027001114940665475,0,0.0,500.0,kenyatta_kenya
2022-04-09 09:00:00,0.0025899184781278347,0,0.0,500.0,kenyatta_kenya
2022-04-09 10:00:00,0.0024842224989923625,0,0.0,500.0,kenyatta_kenya
2022-04-09 11:00:00,0.0023828400301467924,0,0.0,500.0,kenyatta_kenya
2022-04-09 12:00:00,0.0022855950348944234,0,0.0,500.0,kenyatta_kenya
2022-04-09 13:00:00,0.002192318660691723,0,0.0,500.0,kenyatta_kenya
2022-04-09 14:00:00,0.002102848945959128,0,0.0,500.0,kenyatta_kenya
2022-04-09 15:00:00,0.002017030538857059,0,0.0,500.0,kenyatta_kenya
2022-04-09 16:00:00,0.0019347144275388543,0,0.0,500.0,kenyatta_kenya
2022-04-09 17:00:00,0.0018557576814122116,0,0.0,500.0,kenyatta_kenya
2022-04-09 18:00:00,0.0017800232029598919,0,0.0,500.0,kenyatta_kenya
2022-04-09 19:00:00,0.0017073794896887676,0,0.0,500.0,kenyatta_kenya
2022-04-09 20:00:00,0.0016377004057938473,0,0.0,500.0,kenyatta_kenya
2022-04-09 21:00:00,0.0015708649631408153,0,0.0,500.0,kenyatta_kenya
2022-04-09 22:00:00,0.0015067571111868044,0,0.0,500.0,kenyatta_kenya
2022-04-09 23:00:00,0.0014452655354746052,0,0.0,500.0,kenyatta_kenya
2022-04-10 00:00:00,0.001386283464350434,0,0.0,500.0,kenyatta_kenya
2022-04-10 01:00:00,0.001329708483569668,0,0.0,500.0,kenyatta_kenya
2022-04-10 02:00:00,0.0012754423584686058,0,0.0,500.0,kenyatta_kenya
2022-04-10 03:00:00,0.0012233908633935006,0,0.0,500.0,kenyatta_kenya
2022-04-10 04:00:00,0.0011734636180906913,0,0.0,500.0,kenyatta_kenya
2022-04-10 05:00:00,0.0011255739307737358,0,0.0,500.0,kenyatta_kenya
2022-04-10 06:00:00,0.0010796386475950583,0,0.0,500.0,kenyatta_kenya
2022-04-10 07:00:00,0.0010355780082607477,0,0.0,500.0,kenyatta_kenya
2022-04-10 08:00:00,0.0009933155075377896,0,0.0,500.0,kenyatta_kenya
2022-04-10 09:00:00,0.0009527777624132605,0,0.0,500.0,kenyatta_kenya
2022-04-10 10:00:00,0.0009138943846748343,0,0.0,500.0,kenyatta_kenya
2022-04-10 11:00:00,0.0008765978586913446,0,0.0,500.0,kenyatta_kenya
2022-04-10 12:00:00,0.0008408234241811839,0,0.0,500.0,kenyatta_kenya
2022-04-10 13:00:00,0.000806508963764996,0,0.0,500.0,kenyatta_kenya
2022-04-10 14:00:00,0.0007735948951074005,0,0.0,500.0,kenyatta_kenya
2022-04-10 15:00:00,0.000742024067460468,0,0.0,500.0,kenyatta_kenya
2022-04-10 16:00:00,0.0007117416624293206,0,0.0,500.0,kenyatta_kenya
2022-04-10 17:00:00,0.0006826950987875359,0,0.0,500.0,kenyatta_kenya
2022-04-10 18:00:00,0.000654833941177086,0,0.0,500.0,kenyatta_kenya
2022-04-10 19:00:00,0.0006281098125342862,0,0.0,500.0,kenyatta_kenya
2022-04-10 20:00:00,0.0006024763100896848,0,0.0,500.0,kenyatta_kenya
2022-04-10 21:00:00,0.0005778889247960414,0,0.0,500.0,kenyatta_kenya
2022-04-10 22:00:00,0.000554304964044499,0,0.0,500.0,kenyatta_kenya
2022-04-10 23:00:00,0.0005316834775347427,0,0.0,500.0,kenyatta_kenya
2022-04-11 00:00:00,0.0005099851861704486,0,0.0,500.0,kenyatta_kenya
2022-04-11 01:00:00,0.0004891724138565359,0,0.0,500.0,kenyatta_kenya
2022-04-11 02:00:00,0.00046920902207981665,0,0.0,500.0,kenyatta_kenya
2022-04-11 03:00:00,0.0004500603471594493,0,0.0,500.0,kenyatta_kenya
2022-04-11 04:00:00,0.0004316931400582227,0,0.0,500.0,kenyatta_kenya
2022-04-11 05:00:00,0.00041407550865018525,0,0.0,500.0,kenyatta_kenya
2022-04-11 06:00:00,0.0003971768623443618,0,0.0,500.0,kenyatta_kenya
2022-04-11 07:00:00,0.00038096785896839946,0,0.0,500.0,kenyatta_kenya
2022-04-11 08:00:00,0.00036542035381992934,0,0.0,500.0,kenyatta_kenya
2022-04-11 09:00:00,0.00035050735079716737,0,0.0,500.0,kenyatta_kenya
2022-04-11 10:00:00,0.00033620295552389744,0,0.0,500.0,kenyatta_kenya
2022-04-11 11:00:00,0.00032248233038745456,0,0.0,500.0,kenyatta_kenya
2022-04-11 12:00:00,0.0003093216514116325,0,0.0,500.0,kenyatta_kenya
2022-04-11 13:00:00,0.000296698066889626,0,0.0,500.0,kenyatta_kenya
2022-04-11 14:00:00,0.0002845896577051908,0,0.0,500.0,kenyatta_kenya
2022-04-11 15:00:00,0.0002729753992731176,0,0.0,500.0,kenyatta_kenya
2022-04-11 16:00:00,0.00026183512503293206,0,0.0,500.0,kenyatta_kenya
2022-04-11 17:00:00,0.0002511494914324411,0,0.0,500.0,kenyatta_kenya
2022-04-11 18:00:00,0.0002408999443403195,0,0.0,500.0,kenyatta_kenya
2022-04-11 19:00:00,0.0002310686868294128,0,0.0,500.0,kenyatta_kenya
2022-04-11 20:00:00,0.0002216386482748257,0,0.0,500.0,kenyatta_kenya
2022-04-11 21:00:00,0.0002125934547131334,0,0.0,500.0,kenyatta_kenya
2022-04-11 22:00:00,0.00020391740041124671,0,0.0,500.0,kenyatta_kenya
2022-04-11 23:00:00,0.0001955954205955702,0,0.0,500.0,kenyatta_kenya
2022-04-12 00:00:00,0.00018761306529409868,0,0.0,500.0,kenyatta_kenya
2022-04-12 01:00:00,0.00017995647424602786,0,0.0,500.0,kenyatta_kenya
2022-04-12 02:00:00,0.0001726123528353219,0,0.0,500.0,kenyatta_kenya
2022-04-12 03:00:00,0.0001655679490064435,0,0.0,500.0,kenyatta_kenya
2022-04-12 04:00:00,0.00015881103112216417,0,0.0,500.0,kenyatta_kenya
2022-04-12 05:00:00,0.0001523298667250109,0,0.0,500.0,kenyatta_kenya
2022-04-12 06:00:00,0.00014611320216547066,0,0.0,500.0,kenyatta_kenya
2022-04-12 07:00:00,0.00014015024306157566,0,0.0,500.0,kenyatta_kenya
2022-04-12 08:00:00,0.00013443063555594633,0,0.0,500.0,kenyatta_kenya
2022-04-12 09:00:00,0.00012894444833774465,0,0.0,500.0,kenyatta_kenya
2022-04-12 10:00:00,0.00012368215539831868,0,0.0,500.0,kenyatta_kenya
2022-04-12 11:00:00,0.00011863461949060122,0,0.0,500.0,kenyatta_kenya
2022-04-12 12:00:00,0.00011379307626353904,0,0.0,500.0,kenyatta_kenya
2022-04-12 13:00:00,0.00010914911904400283,0,0.0,500.0,kenyatta_kenya
2022-04-12 14:00:00,0.00010469468423975766,0,0.0,500.0,kenyatta_kenya
2022-04-12 15:00:00,0.00010042203733814586,0,0.0,500.0,kenyatta_kenya
2022-04-12 16:00:00,9.632375947616977e-05,0,0.0,500.0,kenyatta_kenya
2022-04-12 17:00:00,9.239273455865839e-05,0,0.0,500.0,kenyatta_kenya
2022-04-12 18:00:00,8.86221369021483e-05,0,0.0,500.0,kenyatta_kenya
2022-04-12 19:00:00,8.500541938302339e-05,0,0.0,500.0,kenyatta_kenya
2022-04-12 20:00:00,8.153630206933672e-05,0,0.0,500.0,kenyatta_kenya
2022-04-12 21:00:00,7.820876131657385e-05,0,0.0,500.0,kenyatta_kenya
2022-04-12 22:00:00,7.501701930842266e-05,0,0.0,500.0,kenyatta_kenya
2022-04-12 23:00:00,7.19555340243916e-05,0,0.0,500.0,kenyatta_kenya
2022-04-13 00:00:00,6.901898961685433e-05,0,0.0,500.0,kenyatta_kenya
2022-04-13 01:00:00,6.620228718081179e-05,0,0.0,500.0,kenyatta_kenya
2022-04-13 02:00:00,6.350053590034606e-05,0,0.0,500.0,kenyatta_kenya
2022-04-13 03:00:00,6.09090445563923e-05,0,0.0,500.0,kenyatta_kenya
2022-04-13 04:00:00,5.842331338108227e-05,0,0.0,500.0,kenyatta_kenya
2022-04-13 05:00:00,5.6039026244517285e-05,0,0.0,500.0,kenyatta_kenya
2022-04-13 06:00:00,5.3752043160403314e-05,0,0.0,500.0,kenyatta_kenya
2022-04-13 07:00:00,5.1558393097534257e-05,0,0.0,500.0,kenyatta_kenya
2022-04-13 08:00:00,4.945426708464336e-05,0,0.0,500.0,kenyatta_kenya
2022-04-13 09:00:00,4.7436011596649427e-05,0,0.0,500.0,kenyatta_kenya
2022-04-13 10:00:00,4.5500122210812963e-05,0,0.0,500.0,kenyatta_kenya
2022-04-13 11:00:00,4.364323752178908e-05,0,0.0,500.0,kenyatta_kenya
2022-04-13 12:00:00,4.1862133305010056e-05,0,0.0,500.0,kenyatta_kenya
2022-04-13 13:00:00,4.015371691826299e-05,0,0.0,500.0,kenyatta_kenya
2022-04-13 14:00:00,3.851502193174273e-05,0,0.0,500.0,kenyatta_kenya
2022-04-13 15:00:00,3.694320297725488e-05,0,0.0,500.0,kenyatta_kenya
2022-04-13 16:00:00,3.543553080762576e-05,0,0.0,500.0,kenyatta_kenya
2022-04-13 17:00:00,3.398938755774072e-05,0,0.0,500.0,kenyatta_kenya
2022-04-13 18:00:00,3.260226219898143e-05,0,0.0,500.0,kenyatta_kenya
2022-04-13 19:00:00,3.127174617917074e-05,0,0.0,500.0,kenyatta_kenya
2022-04-13 20:00:00,2.9995529240453565e-05,0,0.0,500.0,kenyatta_kenya
2022-04-13 21:00:00,2.8771395407851955e-05,0,0.0,500.0,kenyatta_kenya
2022-04-13 22:00:00,2.7597219141529833e-05,0,0.0,500.0,kenyatta_kenya
2022-04-13 23:00:00,2.647096164608593e-05,0,0.0,500.0,kenyatta_kenya
2022-04-14 00:00:00,2.5390667330466e-05,0,0.0,500.0,kenyatta_kenya
2022-04-14 01:00:00,2.4354460412348384e-05,0,0.0,500.0,kenyatta_kenya
2022-04-14 02:00:00,2.3360541661106457e-05,0,0.0,500.0,kenyatta_kenya
2022-04-14 03:00:00,2.240718527369212e-05,0,0.0,500.0,kenyatta_kenya
2022-04-14 04:00:00,2.14927358780166e-05,0,0.0,500.0,kenyatta_kenya
2022-04-14 05:00:00,2.061560565862485e-05,0,0.0,500.0,kenyatta_kenya
2022-04-14 06:00:00,1.977427159967246e-05,0,0.0,500.0,kenyatta_kenya
2022-04-14 07:00:00,1.896727284041845e-05,0,0.0,500.0,kenyatta_kenya
2022-04-14 08:00:00,1.8193208138641888e-05,0,0.0,500.0,kenyatta_kenya
2022-04-14 09:00:00,1.745073343757748e-05,0,0.0,500.0,kenyatta_kenya
2022-04-14 10:00:00,1.6738559532146207e-05,0,0.0,500.0,kenyatta_kenya
2022-04-14 11:00:00,1.6055449830428316e-05,0,0.0,500.0,kenyatta_kenya
2022-04-14 12:00:00,1.5400218206491553e-05,0,0.0,500.0,kenyatta_kenya
2022-04-14 13:00:00,1.4771726940846878e-05,0,0.0,500.0,kenyatta_kenya
2022-04-14 14:00:00,1.4168884744955357e-05,0,0.0,500.0,kenyatta_kenya
2022-04-14 15:00:00,1.3590644866355687e-05,0,0.0,500.0,kenyatta_kenya
2022-04-14 16:00:00,1.3036003271122792e-05,0,0.0,500.0,kenyatta_kenya
2022-04-14 17:00:00,1.2503996900501228e-05,0,0.0,500.0,kenyatta_kenya
2022-04-14 18:00:00,1.1993701998686127e-05,0,0.0,500.0,kenyatta_kenya
2022-04-14 19:00:00,1.1504232508848517e-05,0,0.0,500.0,kenyatta_kenya
2022-04-14 20:00:00,1.1034738534619714e-05,0,0.0,500.0,kenyatta_kenya
2022-04-14 21:00:00,1.0584404864363176e-05,0,0.0,500.0,kenyatta_kenya
2022-04-14 22:00:00,1.0152449555671827e-05,0,0.0,500.0,kenyatta_kenya
2022-04-14 23:00:00,9.738122577632776e-06,0,0.0,500.0,kenyatta_kenya
2022-04-15 00:00:00,9.340704508501826e-06,0,0.0,500.0,kenyatta_kenya
2022-04-15 01:00:00,8.95950528652674e-06,0,0.0,500.0,kenyatta_kenya
2022-04-15 02:00:00,8.59386301175004e-06,0,0.0,500.0,kenyatta_kenya
2022-04-15 03:00:00,8.243142796710827e-06,0,0.0,500.0,kenyatta_kenya
2022-04-15 04:00:00,7.906735664050155e-06,0,0.0,500.0,kenyatta_kenya
2022-04-15 05:00:00,7.584057489105734e-06,0,0.0,500.0,kenyatta_kenya
2022-04-15 06:00:00,7.274547985659826e-06,0,0.0,500.0,kenyatta_kenya
2022-04-15 07:00:00,6.9776697330794165e-06,0,0.0,500.0,kenyatta_kenya
2022-04-15 08:00:00,6.692907243159315e-06,0,0.0,500.0,kenyatta_kenya
2022-04-15 09:00:00,6.419766065047805e-06,0,0.0,500.0,kenyatta_kenya
2022-04-15 10:00:00,6.1577719267008644e-06,0,0.0,500.0,kenyatta_kenya
2022-04-15 11:00:00,5.906469911374097e-06,0,0.0,500.0,kenyatta_kenya
2022-04-15 12:00:00,5.665423667722384e-06,0,0.0,500.0,kenyatta_kenya
2022-04-15 13:00:00,5.43421465213589e-06,0,0.0,500.0,kenyatta_kenya
2022-04-15 14:00:00,5.212441401996751e-06,0,0.0,500.0,kenyatta_kenya
2022-04-15 15:00:00,4.999718838594462e-06,0,0.0,500.0,kenyatta_kenya
2022-04-15 16:00:00,4.795677598489747e-06,0,0.0,500.0,kenyatta_kenya
2022-04-15 17:00:00,4.599963392165838e-06,0,0.0,500.0,kenyatta_kenya
2022-04-15 18:00:00,4.412236388853464e-06,0,0.0,500.0,kenyatta_kenya
2022-04-15 19:00:00,4.232170626461533e-06,0,0.0,500.0,kenyatta_kenya
2022-04-15 20:00:00,4.059453445588881e-06,0,0.0,500.0,kenyatta_kenya
2022-04-15 21:00:00,3.893784946634221e-06,0,0.0,500.0,kenyatta_kenya
2022-04-15 22:00:00,3.734877469061809e-06,0,0.0,500.0,kenyatta_kenya
2022-04-15 23:00:00,3.5824550919185507e-06,0,0.0,500.0,kenyatta_kenya
2022-04-16 00:00:00,3.436253154735225e-06,0,0.0,500.0,kenyatta_kenya
2022-04-16 01:00:00,3.2960177979800395e-06,0,0.0,500.0,kenyatta_kenya
2022-04-16 02:00:00,3.1615055222665334e-06,0,0.0,500.0,kenyatta_kenya
2022-04-16 03:00:00,3.0324827655503802e-06,0,0.0,500.0,kenyatta_kenya
2022-04-16 04:00:00,2.9087254975810835e-06,0,0.0,500.0,kenyatta_kenya
2022-04-16 05:00:00,2.790018830904309e-06,0,0.0,500.0,kenyatta_kenya
2022-04-16 06:00:00,2.6761566477393783e-06,0,0.0,500.0,kenyatta_kenya
2022-04-16 07:00:00,2.5669412420841424e-06,0,0.0,500.0,kenyatta_kenya
2022-04-16 08:00:00,2.4621829764257467e-06,0,0.0,500.0,kenyatta_kenya
2022-04-16 09:00:00,2.3616999524611756e-06,0,0.0,500.0,kenyatta_kenya
2022-04-16 10:00:00,2.2653176952559103e-06,0,0.0,500.0,kenyatta_kenya
2022-04-16 11:00:00,2.1728688502922415e-06,0,0.0,500.0,kenyatta_kenya
2022-04-16 12:00:00,2.084192892881174e-06,0,0.0,500.0,kenyatta_kenya
2022-04-16 13:00:00,1.999135849433415e-06,0,0.0,500.0,kenyatta_kenya
2022-04-16 14:00:00,1.917550030105454e-06,0,0.0,500.0,kenyatta_kenya
2022-04-16 15:00:00,1.8392937723564632e-06,0,0.0,500.0,kenyatta_kenya
2022-04-16 16:00:00,1.764231194970813e-06,0,0.0,500.0,kenyatta_kenya
2022-04-16 17:00:00,1.6922319621190608e-06,0,0.0,500.0,kenyatta_kenya
2022-04-16 18:00:00,1.6231710570477145e-06,0,0.0,500.0,kenyatta_kenya
2022-04-16 19:00:00,1.5569285650048616e-06,0,0.0,500.0,kenyatta_kenya
2022-04-16 20:00:00,1.4933894650247236e-06,0,0.0,500.0,kenyatta_kenya
2022-04-16 21:00:00,1.4324434302095719e-06,0,0.0,500.0,kenyatta_kenya
2022-04-16 22:00:00,1.3739846361622691e-06,0,0.0,500.0,kenyatta_kenya
2022-04-16 23:00:00,1.3179115772367845e-06,0,0.0,500.0,kenyatta_kenya
2022-04-17 00:00:00,1.2641268902876003e-06,0,0.0,500.0,kenyatta_kenya
2022-04-17 01:00:00,1.2125371856120249e-06,0,0.0,500.0,kenyatta_kenya
2022-04-17 02:00:00,1.163052884791841e-06,0,0.0,500.0,kenyatta_kenya
2022-04-17 03:00:00,1.115588065152704e-06,0,0.0,500.0,kenyatta_kenya
2022-04-17 04:00:00,1.0700603105712544e-06,0,0.0,500.0,kenyatta_kenya
2022-04-17 05:00:00,1.0263905683708784e-06,0,0.0,500.0,kenyatta_kenya
2022-04-17 06:00:00,9.84503012057603e-07,0,0.0,500.0,kenyatta_kenya
2022-04-17 07:00:00,9.443249096578425e-07,0,0.0,500.0,kenyatta_kenya
2022-04-17 08:00:00,9.057864974293423e-07,0,0.0,500.0,kenyatta_kenya
2022-04-17 09:00:00,8.688208587260392e-07,0,0.0,500.0,kenyatta_kenya
2022-04-17 10:00:00,8.333638078065238e-07,0,0.0,500.0,kenyatta_kenya
2022-04-17 11:00:00,7.993537783843442e-07,0,0.0,500.0,kenyatta_kenya
2022-04-17 12:00:00,7.667317167266179e-07,0,0.0,500.0,kenyatta_kenya
2022-04-17 13:00:00,7.354409791153613e-07,0,0.0,500.0,kenyatta_kenya
2022-04-17 14:00:00,7.05427233493477e-07,0,0.0,500.0,kenyatta_kenya
2022-04-17 15:00:00,6.766383651246096e-07,0,0.0,500.0,kenyatta_kenya
2022-04-17 16:00:00,6.490243861030884e-07,0,0.0,500.0,kenyatta_kenya
2022-04-17 17:00:00,6.225373485568134e-07,0,0.0,500.0,kenyatta_kenya
2022-04-17 18:00:00,5.971312613923726e-07,0,0.0,500.0,kenyatta_kenya
2022-04-17 19:00:00,5.727620104378442e-07,0,0.0,500.0,kenyatta_kenya
2022-04-17 20:00:00,5.493872818446147e-07,0,0.0,500.0,kenyatta_kenya
2022-04-17 21:00:00,5.269664886152013e-07,0,0.0,500.0,kenyatta_kenya
2022-04-17 22:00:00,5.05460700129523e-07,0,0.0,500.0,kenyatta_kenya
2022-04-17 23:00:00,4.848325745472425e-07,0,0.0,500.0,kenyatta_kenya
2022-04-18 00:00:00,4.6504629396879557e-07,0,0.0,500.0,kenyatta_kenya
2022-04-18 01:00:00,4.460675022425452e-07,0,0.0,500.0,kenyatta_kenya
2022-04-18 02:00:00,4.278632453100564e-07,0,0.0,500.0,kenyatta_kenya
2022-04-18 03:00:00,4.104019139859073e-07,0,0.0,500.0,kenyatta_kenya
2022-04-18 04:00:00,3.9365318907269317e-07,0,0.0,500.0,kenyatta_kenya
2022-04-18 05:00:00,3.7758798871591774e-07,0,0.0,500.0,kenyatta_kenya
2022-04-18 06:00:00,3.621784179073527e-07,0,0.0,500.0,kenyatta_kenya
2022-04-18 07:00:00,3.4739772004919984e-07,0,0.0,500.0,kenyatta_kenya
2022-04-18 08:00:00,3.3322023049494454e-07,0,0.0,500.0,kenyatta_kenya
2022-04-18 09:00:00,3.196213319862279e-07,0,0.0,500.0,kenyatta_kenya
2022-04-18 10:00:00,3.0657741190836926e-07,0,0.0,500.0,kenyatta_kenya
2022-04-18 11:00:00,2.9406582129031347e-07,0,0.0,500.0,kenyatta_kenya
2022-04-18 12:00:00,2.820648354778088e-07,0,0.0,500.0,kenyatta_kenya
2022-04-18 13:00:00,2.7055361641153756e-07,0,0.0,500.0,kenyatta_kenya
2022-04-18 14:00:00,2.5951217644469683e-07,0,0.0,500.0,kenyatta_kenya
2022-04-18 15:00:00,2.489213436371998e-07,0,0.0,500.0,kenyatta_kenya
2022-04-18 16:00:00,2.387627284662426e-07,0,0.0,500.0,kenyatta_kenya
2022-04-18 17:00:00,2.2901869189543192e-07,0,0.0,500.0,kenyatta_kenya
2022-04-18 18:00:00,2.196723147470245e-07,0,0.0,500.0,kenyatta_kenya
2022-04-18 19:00:00,2.1070736832410593e-07,0,0.0,500.0,kenyatta_kenya
2022-04-18 20:00:00,2.0210828623169446e-07,0,0.0,500.0,kenyatta_kenya
2022-04-18 21:00:00,1.938601373478371e-07,0,0.0,500.0,kenyatta_kenya
2022-04-18 22:00:00,1.859485998977753e-07,0,0.0,500.0,kenyatta_kenya
2022-04-18 23:00:00,1.7835993658615122e-07,0,0.0,500.0,kenyatta_kenya
2022-04-19 00:00:00,1.7108097074409048e-07,0,0.0,500.0,kenyatta_kenya
2022-04-19 01:00:00,1.6409906344972887e-07,0,0.0,500.0,kenyatta_kenya
2022-04-19 02:00:00,1.5740209158246327e-07,0,0.0,500.0,kenyatta_kenya
2022-04-19 03:00:00,1.5097842677282564e-07,0,0.0,500.0,kenyatta_kenya
2022-04-19 04:00:00,1.4481691521141876e-07,0,0.0,500.0,kenyatta_kenya
2022-04-19 05:00:00,1.3890685828186067e-07,0,0.0,500.0,kenyatta_kenya
2022-04-19 06:00:00,1.3323799398411376e-07,0,0.0,500.0,kenyatta_kenya
2022-04-19 07:00:00,1.27800479115933e-07,0,0.0,500.0,kenyatta_kenya
2022-04-19 08:00:00,1.2258487218149938e-07,0,0.0,500.0,kenyatta_kenya
2022-04-19 09:00:00,1.1758211699756538e-07,0,0.0,500.0,kenyatta_kenya
2022-04-19 10:00:00,1.1278352696863817e-07,0,0.0,500.0,kenyatta_kenya
2022-04-19 11:00:00,1.0818077000390176e-07,0,0.0,500.0,kenyatta_kenya
2022-04-19 12:00:00,1.0376585404969094e-07,0,0.0,500.0,kenyatta_kenya
2022-04-19 13:00:00,9.953111321238936e-08,0,0.0,500.0,kenyatta_kenya
2022-04-19 14:00:00,9.54691944476598e-08,0,0.0,500.0,kenyatta_kenya
2022-04-19 15:00:00,9.157304479289745e-08,0,0.0,500.0,kenyatta_kenya
2022-04-19 16:00:00,8.78358991207303e-08,0,0.0,500.0,kenyatta_kenya
2022-04-19 17:00:00,8.425126839230622e-08,0,0.0,500.0,kenyatta_kenya
2022-04-19 18:00:00,8.081292838997242e-08,0,0.0,500.0,kenyatta_kenya
2022-04-19 19:00:00,7.751490890977748e-08,0,0.0,500.0,kenyatta_kenya
2022-04-19 20:00:00,7.435148339503367e-08,0,0.0,500.0,kenyatta_kenya
2022-04-19 21:00:00,7.131715899294137e-08,0,0.0,500.0,kenyatta_kenya
2022-04-19 22:00:00,6.840666701700569e-08,0,0.0,500.0,kenyatta_kenya
2022-04-19 23:00:00,6.56149537986872e-08,0,0.0,500.0,kenyatta_kenya
2022-04-20 00:00:00,6.293717191240388e-08,0,0.0,500.0,kenyatta_kenya
2022-04-20 01:00:00,6.03686717586433e-08,0,0.0,500.0,kenyatta_kenya
2022-04-20 02:00:00,5.7904993490572786e-08,0,0.0,500.0,kenyatta_kenya
2022-04-20 03:00:00,5.554185927013063e-08,0,0.0,500.0,kenyatta_kenya
2022-04-20 04:00:00,5.327516584014888e-08,0,0.0,500.0,kenyatta_kenya
2022-04-20 05:00:00,5.110097739961164e-08,0,0.0,500.0,kenyatta_kenya
2022-04-20 06:00:00,4.901551876967977e-08,0,0.0,500.0,kenyatta_kenya
2022-04-20 07:00:00,4.701516883861202e-08,0,0.0,500.0,kenyatta_kenya
2022-04-20 08:00:00,4.509645427420269e-08,0,0.0,500.0,kenyatta_kenya
2022-04-20 09:00:00,4.3256043492819496e-08,0,0.0,500.0,kenyatta_kenya
2022-04-20 10:00:00,4.14907408745669e-08,0,0.0,500.0,kenyatta_kenya
2022-04-20 11:00:00,3.9797481214531714e-08,0,0.0,500.0,kenyatta_kenya
2022-04-20 12:00:00,3.817332440047775e-08,0,0.0,500.0,kenyatta_kenya
2022-04-20 13:00:00,3.661545030774535e-08,0,0.0,500.0,kenyatta_kenya
2022-04-20 14:00:00,3.512115390249285e-08,0,0.0,500.0,kenyatta_kenya
2022-04-20 15:00:00,3.368784054477857e-08,0,0.0,500.0,kenyatta_kenya
2022-04-20 16:00:00,3.2313021483325447e-08,0,0.0,500.0,kenyatta_kenya
2022-04-20 17:00:00,3.0994309534146814e-08,0,0.0,500.0,kenyatta_kenya
2022-04-20 18:00:00,2.9729414935530838e-08,0,0.0,500.0,kenyatta_kenya
2022-04-20 19:00:00,2.8516141372184196e-08,0,0.0,500.0,kenyatta_kenya
2022-04-20 20:00:00,2.735238216163276e-08,0,0.0,500.0,kenyatta_kenya
2022-04-20 21:00:00,2.623611659625817e-08,0,0.0,500.0,kenyatta_kenya
2022-04-20 22:00:00,2.5165406434616987e-08,0,0.0,500.0,kenyatta_kenya
2022-04-20 23:00:00,2.413839253595105e-08,0,0.0,500.0,kenyatta_kenya
2022-04-21 00:00:00,2.3153291632046134e-08,0,0.0,500.0,kenyatta_kenya
2022-04-21 01:00:00,2.2208393230831942e-08,0,0.0,500.0,kenyatta_kenya
2022-04-21 02:00:00,2.1302056646347918e-08,0,0.0,500.0,kenyatta_kenya
2022-04-21 03:00:00,2.043270814991855e-08,0,0.0,500.0,kenyatta_kenya
2022-04-21 04:00:00,1.959883823758988e-08,0,0.0,500.0,kenyatta_kenya
2022-04-21 05:00:00,1.879899900908364e-08,0,0.0,500.0,kenyatta_kenya
2022-04-21 06:00:00,1.8031801653718137e-08,0,0.0,500.0,kenyatta_kenya
2022-04-21 07:00:00,1.7295914038929602e-08,0,0.0,500.0,kenyatta_kenya
2022-04-21 08:00:00,1.6590058397207187e-08,0,0.0,500.0,kenyatta_kenya
2022-04-21 09:00:00,1.591300910742604e-08,0,0.0,500.0,kenyatta_kenya
2022-04-21 10:00:00,1.5263590566724793e-08,0,0.0,500.0,kenyatta_kenya
2022-04-21 11:00:00,1.4640675149232898e-08,0,0.0,500.0,kenyatta_kenya
2022-04-21 12:00:00,1.4043181248103936e-08,0,0.0,500.0,kenyatta_kenya
2022-04-21 13:00:00,1.3470071397454079e-08,0,0.0,500.0,kenyatta_kenya
2022-04-21 14:00:00,1.292035047094529e-08,0,0.0,500.0,kenyatta_kenya
2022-04-21 15:00:00,1.2393063953885797e-08,0,0.0,500.0,kenyatta_kenya
2022-04-21 16:00:00,1.1887296285846575e-08,0,0.0,500.0,kenyatta_kenya
2022-04-21 17:00:00,1.1402169270916637e-08,0,0.0,500.0,kenyatta_kenya
2022-04-21 18:00:00,1.0936840552837016e-08,0,0.0,500.0,kenyatta_kenya
2022-04-21 19:00:00,1.0490502152364968e-08,0,0.0,500.0,kenyatta_kenya
2022-04-21 20:00:00,1.0062379064329189e-08,0,0.0,500.0,kenyatta_kenya
2022-04-21 21:00:00,9.651727911940258e-09,0,0.0,500.0,kenyatta_kenya
2022-04-21 22:00:00,9.257835656019116e-09,0,0.0,500.0,kenyatta_kenya
2022-04-21 23:00:00,8.880018356902588e-09,0,0.0,500.0,kenyatta_kenya
2022-04-22 00:00:00,8.517619986876565e-09,0,0.0,500.0,kenyatta_kenya
2022-04-22 01:00:00,8.170011291074096e-09,0,0.0,500.0,kenyatta_kenya
2022-04-22 02:00:00,7.836588694860883e-09,0,0.0,500.0,kenyatta_kenya
2022-04-22 03:00:00,7.516773255811209e-09,0,0.0,500.0,kenyatta_kenya
2022-04-22 04:00:00,7.210009658454061e-09,0,0.0,500.0,kenyatta_kenya
2022-04-22 05:00:00,6.915765250044185e-09,0,0.0,500.0,kenyatta_kenya
2022-04-22 06:00:00,6.633529115684118e-09,0,0.0,500.0,kenyatta_kenya
2022-04-22 07:00:00,6.362811191190726e-09,0,0.0,500.0,kenyatta_kenya
2022-04-22 08:00:00,6.103141412166174e-09,0,0.0,500.0,kenyatta_kenya
2022-04-22 09:00:00,5.8540688977959635e-09,0,0.0,500.0,kenyatta_kenya
2022-04-22 10:00:00,5.615161167956415e-09,0,0.0,500.0,kenyatta_kenya
2022-04-22 11:00:00,5.386003392272422e-09,0,0.0,500.0,kenyatta_kenya
2022-04-22 12:00:00,5.166197669821755e-09,0,0.0,500.0,kenyatta_kenya
2022-04-22 13:00:00,4.955362338234835e-09,0,0.0,500.0,kenyatta_kenya
2022-04-22 14:00:00,4.7531313109905355e-09,0,0.0,500.0,kenyatta_kenya
2022-04-22 15:00:00,4.559153441757453e-09,0,0.0,500.0,kenyatta_kenya
2022-04-22 16:00:00,4.373091914676601e-09,0,0.0,500.0,kenyatta_kenya
2022-04-22 17:00:00,4.194623659527005e-09,0,0.0,500.0,kenyatta_kenya
2022-04-22 18:00:00,4.02343879075885e-09,0,0.0,500.0,kenyatta_kenya
2022-04-22 19:00:00,3.859240069419837e-09,0,0.0,500.0,kenyatta_kenya
2022-04-22 20:00:00,3.701742387040642e-09,0,0.0,500.0,kenyatta_kenya
2022-04-22 21:00:00,3.550672270583395e-09,0,0.0,500.0,kenyatta_kenya
2022-04-22 22:00:00,3.4057674075933657e-09,0,0.0,500.0,kenyatta_kenya
2022-04-22 23:00:00,3.266776190729474e-09,0,0.0,500.0,kenyatta_kenya
2022-04-23 00:00:00,3.1334572808828585e-09,0,0.0,500.0,kenyatta_kenya
2022-04-23 01:00:00,3.005579188124712e-09,0,0.0,500.0,kenyatta_kenya
2022-04-23 02:00:00,2.8829198697558637e-09,0,0.0,500.0,kenyatta_kenya
2022-04-23 03:00:00,2.7652663447602707e-09,0,0.0,500.0,kenyatta_kenya
2022-04-23 04:00:00,2.652414323992782e-09,0,0.0,500.0,kenyatta_kenya
2022-04-23 05:00:00,2.5441678554591344e-09,0,0.0,500.0,kenyatta_kenya
2022-04-23 06:00:00,2.4403389840723647e-09,0,0.0,500.0,kenyatta_kenya
2022-04-23 07:00:00,2.340747425294643e-09,0,0.0,500.0,kenyatta_kenya
2022-04-23 08:00:00,2.2452202520979793e-09,0,0.0,500.0,kenyatta_kenya
2022-04-23 09:00:00,2.1535915947003004e-09,0,0.0,500.0,kenyatta_kenya
2022-04-23 10:00:00,2.065702352555389e-09,0,0.0,500.0,kenyatta_kenya
2022-04-23 11:00:00,1.9813999180966717e-09,0,0.0,500.0,kenyatta_kenya
2022-04-23 12:00:00,1.9005379117552344e-09,0,0.0,500.0,kenyatta_kenya
2022-04-23 13:00:00,1.822975927791843e-09,0,0.0,500.0,kenyatta_kenya
2022-04-23 14:00:00,1.7485792905016833e-09,0,0.0,500.0,kenyatta_kenya
2022-04-23 15:00:00,1.6772188203685894e-09,0,0.0,500.0,kenyatta_kenya
2022-04-23 16:00:00,1.6087706097625804e-09,0,0.0,500.0,kenyatta_kenya
2022-04-23 17:00:00,1.5431158077913048e-09,0,0.0,500.0,kenyatta_kenya
2022-04-23 18:00:00,1.480140413931869e-09,0,0.0,500.0,kenyatta_kenya
2022-04-23 19:00:00,1.419735080084608e-09,0,0.0,500.0,kenyatta_kenya
2022-04-23 20:00:00,1.3617949207051523e-09,0,0.0,500.0,kenyatta_kenya
2022-04-23 21:00:00,1.3062193306851555e-09,0,0.0,500.0,kenyatta_kenya
2022-04-23 22:00:00,1.2529118106653592e-09,0,0.0,500.0,kenyatta_kenya
2022-04-23 23:00:00,1.2017797994777317e-09,0,0.0,500.0,kenyatta_kenya
2022-04-24 00:00:00,1.152734513425773e-09,0,0.0,500.0,kenyatta_kenya
2022-04-24 01:00:00,1.1056907921238364e-09,0,0.0,500.0,kenyatta_kenya
2022-04-24 02:00:00,1.0605669506278343e-09,0,0.0,500.0,kenyatta_kenya
2022-04-24 03:00:00,1.0172846376006055e-09,0,0.0,500.0,kenyatta_kenya
2022-04-24 04:00:00,9.757686992655933e-10,0,0.0,500.0,kenyatta_kenya
2022-04-24 05:00:00,9.359470489126535e-10,0,0.0,500.0,kenyatta_kenya
2022-04-24 06:00:00,8.977505417294269e-10,0,0.0,500.0,kenyatta_kenya
2022-04-24 07:00:00,8.611128547408858e-10,0,0.0,500.0,kenyatta_kenya
2022-04-24 08:00:00,8.259703716486095e-10,0,0.0,500.0,kenyatta_kenya
2022-04-24 09:00:00,7.922620723698618e-10,0,0.0,500.0,kenyatta_kenya
2022-04-24 10:00:00,7.599294270846104e-10,0,0.0,500.0,kenyatta_kenya
2022-04-24 11:00:00,7.289162946065449e-10,0,0.0,500.0,kenyatta_kenya
2022-04-24 12:00:00,6.991688249016557e-10,0,0.0,500.0,kenyatta_kenya
2022-04-24 13:00:00,6.706353655850547e-10,0,0.0,500.0,kenyatta_kenya
2022-04-24 14:00:00,6.432663722337163e-10,0,0.0,500.0,kenyatta_kenya
2022-04-24 15:00:00,6.170143223594224e-10,0,0.0,500.0,kenyatta_kenya
2022-04-24 16:00:00,5.918336328924986e-10,0,0.0,500.0,kenyatta_kenya
2022-04-24 17:00:00,5.67680581033084e-10,0,0.0,500.0,kenyatta_kenya
2022-04-24 18:00:00,5.445132283325234e-10,0,0.0,500.0,kenyatta_kenya
2022-04-24 19:00:00,5.222913478730186e-10,0,0.0,500.0,kenyatta_kenya
2022-04-24 20:00:00,5.0097635441912e-10,0,0.0,500.0,kenyatta_kenya
2022-04-24 21:00:00,4.805312374197904e-10,0,0.0,500.0,kenyatta_kenya
2022-04-24 22:00:00,4.609204967446722e-10,0,0.0,500.0,kenyatta_kenya
2022-04-24 23:00:00,4.4211008104299594e-10,0,0.0,500.0,kenyatta_kenya
2022-04-25 00:00:00,4.2406732861810794e-10,0,0.0,500.0,kenyatta_kenya
2022-04-25 01:00:00,4.0676091071492633e-10,0,0.0,500.0,kenyatta_kenya
2022-04-25 02:00:00,3.901607771218684e-10,0,0.0,500.0,kenyatta_kenya
2022-04-25 03:00:00,3.742381039928039e-10,0,0.0,500.0,kenyatta_kenya
2022-04-25 04:00:00,3.589652437984117e-10,0,0.0,500.0,kenyatta_kenya
2022-04-25 05:00:00,3.443156773200475e-10,0,0.0,500.0,kenyatta_kenya
2022-04-25 06:00:00,3.3026396760278127e-10,0,0.0,500.0,kenyatta_kenya
2022-04-25 07:00:00,3.167857157876224e-10,0,0.0,500.0,kenyatta_kenya
2022-04-25 08:00:00,3.0385751874625893e-10,0,0.0,500.0,kenyatta_kenya
2022-04-25 09:00:00,2.9145692844475354e-10,0,0.0,500.0,kenyatta_kenya
2022-04-25 10:00:00,2.795624129656208e-10,0,0.0,500.0,kenyatta_kenya
2022-04-25 11:00:00,2.6815331912061416e-10,0,0.0,500.0,kenyatta_kenya
2022-04-25 12:00:00,2.5720983658931513e-10,0,0.0,500.0,kenyatta_kenya
2022-04-25 13:00:00,2.4671296352123587e-10,0,0.0,500.0,kenyatta_kenya
2022-04-25 14:00:00,2.3664447354172054e-10,0,0.0,500.0,kenyatta_kenya
2022-04-25 15:00:00,2.269868841043605e-10,0,0.0,500.0,kenyatta_kenya
2022-04-25 16:00:00,2.1772342613495695e-10,0,0.0,500.0,kenyatta_kenya
2022-04-25 17:00:00,2.088380149143306e-10,0,0.0,500.0,kenyatta_kenya
2022-04-25 18:00:00,2.0031522214942664e-10,0,0.0,500.0,kenyatta_kenya
2022-04-25 19:00:00,1.9214024918420545e-10,0,0.0,500.0,kenyatta_kenya
2022-04-25 20:00:00,1.842989013038123e-10,0,0.0,500.0,kenyatta_kenya
2022-04-25 21:00:00,1.767775630874142e-10,0,0.0,500.0,kenyatta_kenya
2022-04-25 22:00:00,1.695631747668936e-10,0,0.0,500.0,kenyatta_kenya
2022-04-25 23:00:00,1.6264320955035845e-10,0,0.0,500.0,kenyatta_kenya
2022-04-26 00:00:00,1.560056518710959e-10,0,0.0,500.0,kenyatta_kenya
2022-04-26 01:00:00,1.4963897652419406e-10,0,0.0,500.0,kenyatta_kenya
2022-04-26 02:00:00,1.4353212865460862e-10,0,0.0,500.0,kenyatta_kenya
2022-04-26 03:00:00,1.3767450456193286e-10,0,0.0,500.0,kenyatta_kenya
2022-04-26 04:00:00,1.3205593328853024e-10,0,0.0,500.0,kenyatta_kenya
2022-04-26 05:00:00,1.2666665895906573e-10,0,0.0,500.0,kenyatta_kenya
2022-04-26 06:00:00,1.214973238407745e-10,0,0.0,500.0,kenyatta_kenya
2022-04-26 07:00:00,1.1653895209504588e-10,0,0.0,500.0,kenyatta_kenya
2022-04-26 08:00:00,1.117829341921148e-10,0,0.0,500.0,kenyatta_kenya
2022-04-26 09:00:00,1.07221011961801e-10,0,0.0,500.0,kenyatta_kenya
2022-04-26 10:00:00,1.0284526425433256e-10,0,0.0,500.0,kenyatta_kenya
2022-04-26 11:00:00,9.864809318635898e-11,0,0.0,500.0,kenyatta_kenya
2022-04-26 12:00:00,9.462221094827523e-11,0,0.0,500.0,kenyatta_kenya
2022-04-26 13:00:00,9.076062714994269e-11,0,0.0,500.0,kenyatta_kenya
2022-04-26 14:00:00,8.705663668283835e-11,0,0.0,500.0,kenyatta_kenya
2022-04-26 15:00:00,8.350380807755907e-11,0,0.0,500.0,kenyatta_kenya
2022-04-26 16:00:00,8.009597233645975e-11,0,0.0,500.0,kenyatta_kenya
2022-04-26 17:00:00,7.68272122220373e-11,0,0.0,500.0,kenyatta_kenya
2022-04-26 18:00:00,7.369185198246442e-11,0,0.0,500.0,kenyatta_kenya
2022-04-26 19:00:00,7.068444749642717e-11,0,0.0,500.0,kenyatta_kenya
2022-04-26 20:00:00,6.779977682015727e-11,0,0.0,500.0,kenyatta_kenya
2022-04-26 21:00:00,6.503283112024733e-11,0,0.0,500.0,kenyatta_kenya
2022-04-26 22:00:00,6.237880597650042e-11,0,0.0,500.0,kenyatta_kenya
2022-04-26 23:00:00,5.983309303971564e-11,0,0.0,500.0,kenyatta_kenya
2022-04-27 00:00:00,5.739127202992534e-11,0,0.0,500.0,kenyatta_kenya
2022-04-27 01:00:00,5.5049103061187085e-11,0,0.0,500.0,kenyatta_kenya
2022-04-27 02:00:00,5.2802519279604975e-11,0,0.0,500.0,kenyatta_kenya
2022-04-27 03:00:00,5.064761980179904e-11,0,0.0,500.0,kenyatta_kenya
2022-04-27 04:00:00,4.8580662941557774e-11,0,0.0,500.0,kenyatta_kenya
2022-04-27 05:00:00,4.659805971291477e-11,0,0.0,500.0,kenyatta_kenya
2022-04-27 06:00:00,4.469636759836987e-11,0,0.0,500.0,kenyatta_kenya
2022-04-27 07:00:00,4.2872284571430975e-11,0,0.0,500.0,kenyatta_kenya
2022-04-27 08:00:00,4.112264336309931e-11,0,0.0,500.0,kenyatta_kenya
2022-04-27 09:00:00,3.944440596234388e-11,0,0.0,500.0,kenyatta_kenya
2022-04-27 10:00:00,3.783465834101317e-11,0,0.0,500.0,kenyatta_kenya
2022-04-27 11:00:00,3.629060539402611e-11,0,0.0,500.0,kenyatta_kenya
2022-04-27 12:00:00,3.480956608605783e-11,0,0.0,500.0,kenyatta_kenya
2022-04-27 13:00:00,3.338896879629055e-11,0,0.0,500.0,kenyatta_kenya
2022-04-27 14:00:00,3.202634685314785e-11,0,0.0,500.0,kenyatta_kenya
2022-04-27 15:00:00,3.071933425125981e-11,0,0.0,500.0,kenyatta_kenya
2022-04-27 16:00:00,2.9465661543220125e-11,0,0.0,500.0,kenyatta_kenya
2022-04-27 17:00:00,2.8263151899002884e-11,0,0.0,500.0,kenyatta_kenya
2022-04-27 18:00:00,2.7109717326197652e-11,0,0.0,500.0,kenyatta_kenya
2022-04-27 19:00:00,2.6003355044497782e-11,0,0.0,500.0,kenyatta_kenya
2022-04-27 20:00:00,2.4942144008147968e-11,0,0.0,500.0,kenyatta_kenya
2022-04-27 21:00:00,2.392424157031337e-11,0,0.0,500.0,kenyatta_kenya
2022-04-27 22:00:00,2.294788028357681e-11,0,0.0,500.0,kenyatta_kenya
2022-04-27 23:00:00,2.2011364831009508e-11,0,0.0,500.0,kenyatta_kenya
2022-04-28 00:00:00,2.111306908248716e-11,0,0.0,500.0,kenyatta_kenya
2022-04-28 01:00:00,2.025143327113864e-11,0,0.0,500.0,kenyatta_kenya
2022-04-28 02:00:00,1.9424961285025388e-11,0,0.0,500.0,kenyatta_kenya
2022-04-28 03:00:00,1.8632218069349506e-11,0,0.0,500.0,kenyatta_kenya
2022-04-28 04:00:00,1.787182713467847e-11,0,0.0,500.0,kenyatta_kenya
2022-04-28 05:00:00,1.7142468166860587e-11,0,0.0,500.0,kenyatta_kenya
2022-04-28 06:00:00,1.644287473448167e-11,0,0.0,500.0,kenyatta_kenya
2022-04-28 07:00:00,1.5771832089881076e-11,0,0.0,500.0,kenyatta_kenya
2022-04-28 08:00:00,1.5128175059909493e-11,0,0.0,500.0,kenyatta_kenya
2022-04-28 09:00:00,1.4510786022766574e-11,0,0.0,500.0,kenyatta_kenya
2022-04-28 10:00:00,1.3918592967404375e-11,0,0.0,500.0,kenyatta_kenya
2022-04-28 11:00:00,1.3350567632127655e-11,0,0.0,500.0,kenyatta_kenya
2022-04-28 12:00:00,1.2805723719159342e-11,0,0.0,500.0,kenyatta_kenya
2022-04-28 13:00:00,1.2283115182070095e-11,0,0.0,500.0,kenyatta_kenya
2022-04-28 14:00:00,1.1781834583098814e-11,0,0.0,500.0,kenyatta_kenya
2022-04-28 15:00:00,1.1301011517512207e-11,0,0.0,500.0,kenyatta_kenya
2022-04-28 16:00:00,1.0839811102266676e-11,0,0.0,500.0,kenyatta_kenya
2022-04-28 17:00:00,1.0397432526348769e-11,0,0.0,500.0,kenyatta_kenya
2022-04-28 18:00:00,9.973107660277358e-12,0,0.0,500.0,kenyatta_kenya
2022-04-28 19:00:00,9.56609972235245e-12,0,0.0,500.0,kenyatta_kenya
2022-04-28 20:00:00,9.175701999335113e-12,0,0.0,500.0,kenyatta_kenya
2022-04-28 21:00:00,8.80123661933747e-12,0,0.0,500.0,kenyatta_kenya
2022-04-28 22:00:00,8.442053374791394e-12,0,0.0,500.0,kenyatta_kenya
2022-04-28 23:00:00,8.097528593452516e-12,0,0.0,500.0,kenyatta_kenya
2022-04-29 00:00:00,7.767064055479434e-12,0,0.0,500.0,kenyatta_kenya
2022-04-29 01:00:00,7.450085954707238e-12,0,0.0,500.0,kenyatta_kenya
2022-04-29 02:00:00,7.1460439023120425e-12,0,0.0,500.0,kenyatta_kenya
2022-04-29 03:00:00,6.8544099711367455e-12,0,0.0,500.0,kenyatta_kenya
2022-04-29 04:00:00,6.574677779018134e-12,0,0.0,500.0,kenyatta_kenya
2022-04-29 05:00:00,6.306361609523912e-12,0,0.0,500.0,kenyatta_kenya
2022-04-29 06:00:00,6.048995568573145e-12,0,0.0,500.0,kenyatta_kenya
2022-04-29 07:00:00,5.802132775475271e-12,0,0.0,500.0,kenyatta_kenya
2022-04-29 08:00:00,5.5653445869832565e-12,0,0.0,500.0,kenyatta_kenya
2022-04-29 09:00:00,5.338219853013744e-12,0,0.0,500.0,kenyatta_kenya
2022-04-29 10:00:00,5.120364202741488e-12,0,0.0,500.0,kenyatta_kenya
2022-04-29 11:00:00,4.911399359828667e-12,0,0.0,500.0,kenyatta_kenya
2022-04-29 12:00:00,4.710962485600223e-12,0,0.0,500.0,kenyatta_kenya
2022-04-29 13:00:00,4.518705549024405e-12,0,0.0,500.0,kenyatta_kenya
2022-04-29 14:00:00,4.334294722404763e-12,0,0.0,500.0,kenyatta_kenya
2022-04-29 15:00:00,4.157409801734423e-12,0,0.0,500.0,kenyatta_kenya
2022-04-29 16:00:00,3.987743650705861e-12,0,0.0,500.0,kenyatta_kenya
2022-04-29 17:00:00,3.825001667410963e-12,0,0.0,500.0,kenyatta_kenya
2022-04-29 18:00:00,3.668901272805466e-12,0,0.0,500.0,kenyatta_kenya
2022-04-29 19:00:00,3.5191714200493093e-12,0,0.0,500.0,kenyatta_kenya
2022-04-29 20:00:00,3.375552123871087e-12,0,0.0,500.0,kenyatta_kenya
2022-04-29 21:00:00,3.237794009139503e-12,0,0.0,500.0,kenyatta_kenya
2022-04-29 22:00:00,3.1056578778577474e-12,0,0.0,500.0,kenyatta_kenya
2022-04-29 23:00:00,2.9789142938290876e-12,0,0.0,500.0,kenyatta_kenya
2022-04-30 00:00:00,2.8573431842725705e-12,0,0.0,500.0,kenyatta_kenya
2022-04-30 01:00:00,2.7407334576969097e-12,0,0.0,500.0,kenyatta_kenya
2022-04-30 02:00:00,2.6288826373691466e-12,0,0.0,500.0,kenyatta_kenya
2022-04-30 03:00:00,2.5215965097417486e-12,0,0.0,500.0,kenyatta_kenya
2022-04-30 04:00:00,2.418688787227491e-12,0,0.0,500.0,kenyatta_kenya
2022-04-30 05:00:00,2.319980784736694e-12,0,0.0,500.0,kenyatta_kenya
2022-04-30 06:00:00,2.2253011094152194e-12,0,0.0,500.0,kenyatta_kenya
2022-04-30 07:00:00,2.1344853630443526e-12,0,0.0,500.0,kenyatta_kenya
2022-04-30 08:00:00,2.0473758565859116e-12,0,0.0,500.0,kenyatta_kenya
2022-04-30 09:00:00,1.963821336376995e-12,0,0.0,500.0,kenyatta_kenya
2022-04-30 10:00:00,1.8836767214987965e-12,0,0.0,500.0,kenyatta_kenya
2022-04-30 11:00:00,1.8068028518635498e-12,0,0.0,500.0,kenyatta_kenya
2022-04-30 12:00:00,1.733066246582239e-12,0,0.0,500.0,kenyatta_kenya
2022-04-30 13:00:00,1.6623388721933937e-12,0,0.0,500.0,kenyatta_kenya
2022-04-30 14:00:00,1.5944979203505964e-12,0,0.0,500.0,kenyatta_kenya
2022-04-30 15:00:00,1.5294255945827366e-12,0,0.0,500.0,kenyatta_kenya
2022-04-30 16:00:00,1.4670089057566395e-12,0,0.0,500.0,kenyatta_kenya
2022-04-30 17:00:00,1.40713947588698e-12,0,0.0,500.0,kenyatta_kenya
2022-04-30 18:00:00,1.3497133499528683e-12,0,0.0,500.0,kenyatta_kenya
2022-04-30 19:00:00,1.2946308153942508e-12,0,0.0,500.0,kenyatta_kenya
2022-04-30 20:00:00,1.2417962289747707e-12,0,0.0,500.0,kenyatta_kenya
2022-04-30 21:00:00,1.191117850710484e-12,0,0.0,500.0,kenyatta_kenya
2022-04-30 22:00:00,1.1425076845759955e-12,0,0.0,500.0,kenyatta_kenya
2022-04-30 23:00:00,1.0958813257114663e-12,0,0.0,500.0,kenyatta_kenya
2022-05-01 00:00:00,1.051157813865223e-12,0,0.0,500.0,kenyatta_kenya
2022-05-01 01:00:00,1.0082594928174141e-12,0,0.0,500.0,kenyatta_kenya
2022-05-01 02:00:00,9.671118755406693e-13,0,0.0,500.0,kenyatta_kenya
2022-05-01 03:00:00,9.27643514863654e-13,0,0.0,500.0,kenyatta_kenya
2022-05-01 04:00:00,8.89785879412883e-13,0,0.0,500.0,kenyatta_kenya
2022-05-01 05:00:00,8.534732346174193e-13,0,0.0,500.0,kenyatta_kenya
2022-05-01 06:00:00,8.186425285698615e-13,0,0.0,500.0,kenyatta_kenya
2022-05-01 07:00:00,7.852332825453795e-13,0,0.0,500.0,kenyatta_kenya
2022-05-01 08:00:00,7.531874859887281e-13,0,0.0,500.0,kenyatta_kenya
2022-05-01 09:00:00,7.22449495786924e-13,0,0.0,500.0,kenyatta_kenya
2022-05-01 10:00:00,6.929659396526318e-13,0,0.0,500.0,kenyatta_kenya
2022-05-01 11:00:00,6.64685623450531e-13,0,0.0,500.0,kenyatta_kenya
2022-05-01 12:00:00,6.375594423057631e-13,0,0.0,500.0,kenyatta_kenya
2022-05-01 13:00:00,6.115402953400712e-13,0,0.0,500.0,kenyatta_kenya
2022-05-01 14:00:00,5.865830038876042e-13,0,0.0,500.0,kenyatta_kenya
2022-05-01 15:00:00,5.62644233048398e-13,0,0.0,500.0,kenyatta_kenya
2022-05-01 16:00:00,5.396824164432815e-13,0,0.0,500.0,kenyatta_kenya
2022-05-01 17:00:00,5.176576840395785e-13,0,0.0,500.0,kenyatta_kenya
2022-05-01 18:00:00,4.965317929222966e-13,0,0.0,500.0,kenyatta_kenya
2022-05-01 19:00:00,4.762680608905657e-13,0,0.0,500.0,kenyatta_kenya
2022-05-01 20:00:00,4.568313027640432e-13,0,0.0,500.0,kenyatta_kenya
2022-05-01 21:00:00,4.381877692887024e-13,0,0.0,500.0,kenyatta_kenya
2022-05-01 22:00:00,4.2030508853589573e-13,0,0.0,500.0,kenyatta_kenya
2022-05-01 23:00:00,4.0315220969295357e-13,0,0.0,500.0,kenyatta_kenya
2022-05-02 00:00:00,3.8669934914773314e-13,0,0.0,500.0,kenyatta_kenya
2022-05-02 01:00:00,3.7091793877347214e-13,0,0.0,500.0,kenyatta_kenya
2022-05-02 02:00:00,3.557805763241668e-13,0,0.0,500.0,kenyatta_kenya
2022-05-02 03:00:00,3.4126097785435347e-13,0,0.0,500.0,kenyatta_kenya
2022-05-02 04:00:00,3.273339320806518e-13,0,0.0,500.0,kenyatta_kenya
2022-05-02 05:00:00,3.139752566058395e-13,0,0.0,500.0,kenyatta_kenya
2022-05-02 06:00:00,3.0116175592945717e-13,0,0.0,500.0,kenyatta_kenya
2022-05-02 07:00:00,2.888711811720115e-13,0,0.0,500.0,kenyatta_kenya
2022-05-02 08:00:00,2.770821914428569e-13,0,0.0,500.0,kenyatta_kenya
2022-05-02 09:00:00,2.657743167846839e-13,0,0.0,500.0,kenyatta_kenya
2022-05-02 10:00:00,2.549279226302537e-13,0,0.0,500.0,kenyatta_kenya
2022-05-02 11:00:00,2.4452417570967304e-13,0,0.0,500.0,kenyatta_kenya
2022-05-02 12:00:00,2.3454501134902053e-13,0,0.0,500.0,kenyatta_kenya
2022-05-02 13:00:00,2.249731021035242e-13,0,0.0,500.0,kenyatta_kenya
2022-05-02 14:00:00,2.1579182767083784e-13,0,0.0,500.0,kenyatta_kenya
2022-05-02 15:00:00,2.069852460321794e-13,0,0.0,500.0,kenyatta_kenya
2022-05-02 16:00:00,1.9853806577120803e-13,0,0.0,500.0,kenyatta_kenya
2022-05-02 17:00:00,1.904356195225832e-13,0,0.0,500.0,kenyatta_kenya
2022-05-02 18:00:00,1.8266383850410875e-13,0,0.0,500.0,kenyatta_kenya
2022-05-02 19:00:00,1.752092280882278e-13,0,0.0,500.0,kenyatta_kenya
2022-05-02 20:00:00,1.680588443704582e-13,0,0.0,500.0,kenyatta_kenya
2022-05-02 21:00:00,1.6120027169408874e-13,0,0.0,500.0,kenyatta_kenya
2022-05-02 22:00:00,1.5462160109209893e-13,0,0.0,500.0,kenyatta_kenya
2022-05-02 23:00:00,1.483114096088759e-13,0,0.0,500.0,kenyatta_kenya
2022-05-03 00:00:00,1.4225874046582854e-13,0,0.0,500.0,kenyatta_kenya
2022-05-03 01:00:00,1.3645308403644817e-13,0,0.0,500.0,kenyatta_kenya
2022-05-03 02:00:00,1.3088435959778816e-13,0,0.0,500.0,kenyatta_kenya
2022-05-03 03:00:00,1.2554289782667952e-13,0,0.0,500.0,kenyatta_kenya
2022-05-03 04:00:00,1.2041942401028102e-13,0,0.0,500.0,kenyatta_kenya
2022-05-03 05:00:00,1.1550504194181645e-13,0,0.0,500.0,kenyatta_kenya
2022-05-03 06:00:00,1.1079121847353901e-13,0,0.0,500.0,kenyatta_kenya
2022-05-03 07:00:00,1.0626976870009406e-13,0,0.0,500.0,kenyatta_kenya
2022-05-03 08:00:00,1.019328417465568e-13,0,0.0,500.0,kenyatta_kenya
2022-05-03 09:00:00,9.777290713647138e-14,0,0.0,500.0,kenyatta_kenya
2022-05-03 10:00:00,9.37827417162144e-14,0,0.0,500.0,kenyatta_kenya
2022-05-03 11:00:00,8.99554171129821e-14,0,0.0,500.0,kenyatta_kenya
2022-05-03 12:00:00,8.628428770462729e-14,0,0.0,500.0,kenyatta_kenya
2022-05-03 13:00:00,8.276297908045033e-14,0,0.0,500.0,kenyatta_kenya
2022-05-03 14:00:00,7.938537697291201e-14,0,0.0,500.0,kenyatta_kenya
2022-05-03 15:00:00,7.614561664105167e-14,0,0.0,500.0,kenyatta_kenya
2022-05-03 16:00:00,7.303807268717107e-14,0,0.0,500.0,kenyatta_kenya
2022-05-03 17:00:00,7.005734928910531e-14,0,0.0,500.0,kenyatta_kenya
2022-05-03 18:00:00,6.719827083112213e-14,0,0.0,500.0,kenyatta_kenya
2022-05-03 19:00:00,6.4455872917177e-14,0,0.0,500.0,kenyatta_kenya
2022-05-03 20:00:00,6.182539375092254e-14,0,0.0,500.0,kenyatta_kenya
2022-05-03 21:00:00,5.930226586750603e-14,0,0.0,500.0,kenyatta_kenya
2022-05-03 22:00:00,5.688210820279503e-14,0,0.0,500.0,kenyatta_kenya
2022-05-03 23:00:00,5.4560718486262154e-14,0,0.0,500.0,kenyatta_kenya
2022-05-04 00:00:00,5.2334065944322257e-14,0,0.0,500.0,kenyatta_kenya
2022-05-04 01:00:00,5.0198284301448424e-14,0,0.0,500.0,kenyatta_kenya
2022-05-04 02:00:00,4.8149665066916425e-14,0,0.0,500.0,kenyatta_kenya
2022-05-04 03:00:00,4.618465109552234e-14,0,0.0,500.0,kenyatta_kenya
2022-05-04 04:00:00,4.429983041108914e-14,0,0.0,500.0,kenyatta_kenya
2022-05-04 05:00:00,4.2491930282039436e-14,0,0.0,500.0,kenyatta_kenya
2022-05-04 06:00:00,4.0757811538748716e-14,0,0.0,500.0,kenyatta_kenya
2022-05-04 07:00:00,3.909446312280903e-14,0,0.0,500.0,kenyatta_kenya
2022-05-04 08:00:00,3.749899685874038e-14,0,0.0,500.0,kenyatta_kenya
2022-05-04 09:00:00,3.5968642439072415e-14,0,0.0,500.0,kenyatta_kenya
2022-05-04 10:00:00,3.450074261408666e-14,0,0.0,500.0,kenyatta_kenya
2022-05-04 11:00:00,3.309274857786786e-14,0,0.0,500.0,kenyatta_kenya
2022-05-04 12:00:00,3.174221554265423e-14,0,0.0,500.0,kenyatta_kenya
2022-05-04 13:00:00,3.0446798493799835e-14,0,0.0,500.0,kenyatta_kenya
2022-05-04 14:00:00,2.920424811797916e-14,0,0.0,500.0,kenyatta_kenya
2022-05-04 15:00:00,2.8012406897564967e-14,0,0.0,500.0,kenyatta_kenya
2022-05-04 16:00:00,2.6869205364395682e-14,0,0.0,500.0,kenyatta_kenya
2022-05-04 17:00:00,2.577265850642861e-14,0,0.0,500.0,kenyatta_kenya
2022-05-04 18:00:00,2.4720862321040435e-14,0,0.0,500.0,kenyatta_kenya
2022-05-04 19:00:00,2.371199050898858e-14,0,0.0,500.0,kenyatta_kenya
2022-05-04 20:00:00,2.2744291303293772e-14,0,0.0,500.0,kenyatta_kenya
2022-05-04 21:00:00,2.1816084427538497e-14,0,0.0,500.0,kenyatta_kenya
2022-05-04 22:00:00,2.0925758178297672e-14,0,0.0,500.0,kenyatta_kenya
2022-05-04 23:00:00,2.0071766626638502e-14,0,0.0,500.0,kenyatta_kenya
2022-05-05 00:00:00,1.925262693382675e-14,0,0.0,500.0,kenyatta_kenya
2022-05-05 01:00:00,1.8466916776581966e-14,0,0.0,500.0,kenyatta_kenya
2022-05-05 02:00:00,1.771327187740933e-14,0,0.0,500.0,kenyatta_kenya
2022-05-05 03:00:00,1.699038363571886e-14,0,0.0,500.0,kenyatta_kenya
2022-05-05 04:00:00,1.6296996855621082e-14,0,0.0,500.0,kenyatta_kenya
2022-05-05 05:00:00,1.5631907566452556e-14,0,0.0,500.0,kenyatta_kenya
2022-05-05 06:00:00,1.499396093224589e-14,0,0.0,500.0,kenyatta_kenya
2022-05-05 07:00:00,1.4382049246516497e-14,0,0.0,500.0,kenyatta_kenya
2022-05-05 08:00:00,1.379511000888308e-14,0,0.0,500.0,kenyatta_kenya
2022-05-05 09:00:00,1.3232124080181432e-14,0,0.0,500.0,kenyatta_kenya
2022-05-05 10:00:00,1.2692113912869922e-14,0,0.0,500.0,kenyatta_kenya
2022-05-05 11:00:00,1.2174141853653069e-14,0,0.0,500.0,kenyatta_kenya
2022-05-05 12:00:00,1.167730851537515e-14,0,0.0,500.0,kenyatta_kenya
2022-05-05 13:00:00,1.1200751215358555e-14,0,0.0,500.0,kenyatta_kenya
2022-05-05 14:00:00,1.0743642477474319e-14,0,0.0,500.0,kenyatta_kenya
2022-05-05 15:00:00,1.0305188595343293e-14,0,0.0,500.0,kenyatta_kenya
2022-05-05 16:00:00,9.884628254174568e-15,0,0.0,500.0,kenyatta_kenya
2022-05-05 17:00:00,9.481231208847375e-15,0,0.0,500.0,kenyatta_kenya
2022-05-05 18:00:00,9.094297015940552e-15,0,0.0,500.0,kenyatta_kenya
2022-05-05 19:00:00,8.723153817509235e-15,0,0.0,500.0,kenyatta_kenya
2022-05-05 20:00:00,8.367157174496208e-15,0,0.0,500.0,kenyatta_kenya
2022-05-05 21:00:00,8.02568894775187e-15,0,0.0,500.0,kenyatta_kenya
2022-05-05 22:00:00,7.698156224720886e-15,0,0.0,500.0,kenyatta_kenya
2022-05-05 23:00:00,7.383990289931377e-15,0,0.0,500.0,kenyatta_kenya
2022-05-06 00:00:00,7.082645637498443e-15,0,0.0,500.0,kenyatta_kenya
2022-05-06 01:00:00,6.793599023928507e-15,0,0.0,500.0,kenyatta_kenya
2022-05-06 02:00:00,6.51634855957917e-15,0,0.0,500.0,kenyatta_kenya
2022-05-06 03:00:00,6.250412837196672e-15,0,0.0,500.0,kenyatta_kenya
2022-05-06 04:00:00,5.9953300960186375e-15,0,0.0,500.0,kenyatta_kenya
2022-05-06 05:00:00,5.750657419990207e-15,0,0.0,500.0,kenyatta_kenya
2022-05-06 06:00:00,5.515969968701057e-15,0,0.0,500.0,kenyatta_kenya
2022-05-06 07:00:00,5.290860239708652e-15,0,0.0,500.0,kenyatta_kenya
2022-05-06 08:00:00,5.0749373609664785e-15,0,0.0,500.0,kenyatta_kenya
2022-05-06 09:00:00,4.86782641212833e-15,0,0.0,500.0,kenyatta_kenya
2022-05-06 10:00:00,4.669167773550876e-15,0,0.0,500.0,kenyatta_kenya
2022-05-06 11:00:00,4.478616501863757e-15,0,0.0,500.0,kenyatta_kenya
2022-05-06 12:00:00,4.295841731022736e-15,0,0.0,500.0,kenyatta_kenya
2022-05-06 13:00:00,4.1205260978064585e-15,0,0.0,500.0,kenyatta_kenya
2022-05-06 14:00:00,3.9523651907590215e-15,0,0.0,500.0,kenyatta_kenya
2022-05-06 15:00:00,3.791067021621211e-15,0,0.0,500.0,kenyatta_kenya
2022-05-06 16:00:00,3.636351518333189e-15,0,0.0,500.0,kenyatta_kenya
2022-05-06 17:00:00,3.48795003872801e-15,0,0.0,500.0,kenyatta_kenya
2022-05-06 18:00:00,3.345604904071326e-15,0,0.0,500.0,kenyatta_kenya
2022-05-06 19:00:00,3.2090689516378303e-15,0,0.0,500.0,kenyatta_kenya
2022-05-06 20:00:00,3.0781051055472895e-15,0,0.0,500.0,kenyatta_kenya
2022-05-06 21:00:00,2.9524859651147776e-15,0,0.0,500.0,kenyatta_kenya
2022-05-06 22:00:00,2.83199341000078e-15,0,0.0,500.0,kenyatta_kenya
2022-05-06 23:00:00,2.7164182214753115e-15,0,0.0,500.0,kenyatta_kenya
2022-05-07 00:00:00,2.605559719138281e-15,0,0.0,500.0,kenyatta_kenya
2022-05-07 01:00:00,2.499225412465675e-15,0,0.0,500.0,kenyatta_kenya
2022-05-07 02:00:00,2.3972306665763184e-15,0,0.0,500.0,kenyatta_kenya
2022-05-07 03:00:00,2.2993983816387214e-15,0,0.0,500.0,kenyatta_kenya
2022-05-07 04:00:00,2.2055586853616656e-15,0,0.0,500.0,kenyatta_kenya
2022-05-07 05:00:00,2.1155486380344056e-15,0,0.0,500.0,kenyatta_kenya
2022-05-07 06:00:00,2.029211949604203e-15,0,0.0,500.0,kenyatta_kenya
2022-05-07 07:00:00,1.9463987083002225e-15,0,0.0,500.0,kenyatta_kenya
2022-05-07 08:00:00,1.8669651203324226e-15,0,0.0,500.0,kenyatta_kenya
2022-05-07 09:00:00,1.7907732602133572e-15,0,0.0,500.0,kenyatta_kenya
2022-05-07 10:00:00,1.7176908312696035e-15,0,0.0,500.0,kenyatta_kenya
2022-05-07 11:00:00,1.6475909359268392e-15,0,0.0,500.0,kenyatta_kenya
2022-05-07 12:00:00,1.5803518553696054e-15,0,0.0,500.0,kenyatta_kenya
2022-05-07 13:00:00,1.5158568381933842e-15,0,0.0,500.0,kenyatta_kenya
2022-05-07 14:00:00,1.4539938976818903e-15,0,0.0,500.0,kenyatta_kenya
2022-05-07 15:00:00,1.3946556173574953e-15,0,0.0,500.0,kenyatta_kenya
2022-05-07 16:00:00,1.3377389644673395e-15,0,0.0,500.0,kenyatta_kenya
2022-05-07 17:00:00,1.2831451110811714e-15,0,0.0,500.0,kenyatta_kenya
2022-05-07 18:00:00,1.2307792624901964e-15,0,0.0,500.0,kenyatta_kenya
2022-05-07 19:00:00,1.1805504926091513e-15,0,0.0,500.0,kenyatta_kenya
2022-05-07 20:00:00,1.1323715860957004e-15,0,0.0,500.0,kenyatta_kenya
2022-05-07 21:00:00,1.0861588869129509e-15,0,0.0,500.0,kenyatta_kenya
2022-05-07 22:00:00,1.0418321530722943e-15,0,0.0,500.0,kenyatta_kenya
2022-05-07 23:00:00,9.99314417304261e-16,0,0.0,500.0,kenyatta_kenya
2022-05-08 00:00:00,9.585318534154112e-16,0,0.0,500.0,kenyatta_kenya
2022-05-08 01:00:00,9.1941364809934e-16,0,0.0,500.0,kenyatta_kenya
2022-05-08 02:00:00,8.818918779791399e-16,0,0.0,500.0,kenyatta_kenya
2022-05-08 03:00:00,8.459013916677717e-16,0,0.0,500.0,kenyatta_kenya
2022-05-08 04:00:00,8.113796966416705e-16,0,0.0,500.0,kenyatta_kenya
2022-05-08 05:00:00,7.782668507311031e-16,0,0.0,500.0,kenyatta_kenya
2022-05-08 06:00:00,7.465053580388073e-16,0,0.0,500.0,kenyatta_kenya
2022-05-08 07:00:00,7.160400691063028e-16,0,0.0,500.0,kenyatta_kenya
2022-05-08 08:00:00,6.868180851544662e-16,0,0.0,500.0,kenyatta_kenya
2022-05-08 09:00:00,6.587886662320517e-16,0,0.0,500.0,kenyatta_kenya
2022-05-08 10:00:00,6.319031431127721e-16,0,0.0,500.0,kenyatta_kenya
2022-05-08 11:00:00,6.061148327878991e-16,0,0.0,500.0,kenyatta_kenya
2022-05-08 12:00:00,5.813789574076226e-16,0,0.0,500.0,kenyatta_kenya
2022-05-08 13:00:00,5.576525665304916e-16,0,0.0,500.0,kenyatta_kenya
2022-05-08 14:00:00,5.34894462545901e-16,0,0.0,500.0,kenyatta_kenya
2022-05-08 15:00:00,5.130651291400883e-16,0,0.0,500.0,kenyatta_kenya
2022-05-08 16:00:00,4.921266626815088e-16,0,0.0,500.0,kenyatta_kenya
2022-05-08 17:00:00,4.720427064064096e-16,0,0.0,500.0,kenyatta_kenya
2022-05-08 18:00:00,4.527783872902933e-16,0,0.0,500.0,kenyatta_kenya
2022-05-08 19:00:00,4.343002554957255e-16,0,0.0,500.0,kenyatta_kenya
2022-05-08 20:00:00,4.1657622629130603e-16,0,0.0,500.0,kenyatta_kenya
2022-05-08 21:00:00,3.9957552434093215e-16,0,0.0,500.0,kenyatta_kenya
2022-05-08 22:00:00,3.832686302666762e-16,0,0.0,500.0,kenyatta_kenya
2022-05-08 23:00:00,3.67627229392457e-16,0,0.0,500.0,kenyatta_kenya
2022-05-09 00:00:00,3.526241625794883e-16,0,0.0,500.0,kenyatta_kenya
2022-05-09 01:00:00,3.382333790681822e-16,0,0.0,500.0,kenyatta_kenya
2022-05-09 02:00:00,3.244298912445998e-16,0,0.0,500.0,kenyatta_kenya
2022-05-09 03:00:00,3.1118973125288514e-16,0,0.0,500.0,kenyatta_kenya
2022-05-09 04:00:00,2.984899093783922e-16,0,0.0,500.0,kenyatta_kenya
2022-05-09 05:00:00,2.8630837412921654e-16,0,0.0,500.0,kenyatta_kenya
2022-05-09 06:00:00,2.7462397394680387e-16,0,0.0,500.0,kenyatta_kenya
2022-05-09 07:00:00,2.6341642047918764e-16,0,0.0,500.0,kenyatta_kenya
2022-05-09 08:00:00,2.5266625335306507e-16,0,0.0,500.0,kenyatta_kenya
2022-05-09 09:00:00,2.423548063835271e-16,0,0.0,500.0,kenyatta_kenya
2022-05-09 10:00:00,2.324641751628045e-16,0,0.0,500.0,kenyatta_kenya
2022-05-09 11:00:00,2.229771859717346e-16,0,0.0,500.0,kenyatta_kenya
2022-05-09 12:00:00,2.1387736595995194e-16,0,0.0,500.0,kenyatta_kenya
2022-05-09 13:00:00,2.051489145430578e-16,0,0.0,500.0,kenyatta_kenya
2022-05-09 14:00:00,1.9677667596708507e-16,0,0.0,500.0,kenyatta_kenya
2022-05-09 15:00:00,1.8874611299260959e-16,0,0.0,500.0,kenyatta_kenya
2022-05-09 16:00:00,1.8104328165284036e-16,0,0.0,500.0,kenyatta_kenya
2022-05-09 17:00:00,1.7365480704184518e-16,0,0.0,500.0,kenyatta_kenya
2022-05-09 18:00:00,1.6656786009086e-16,0,0.0,500.0,kenyatta_kenya
2022-05-09 19:00:00,1.5977013529238213e-16,0,0.0,500.0,kenyatta_kenya
2022-05-09 20:00:00,1.5324982933335392e-16,0,0.0,500.0,kenyatta_kenya
2022-05-09 21:00:00,1.4699562060032822e-16,0,0.0,500.0,kenyatta_kenya
2022-05-09 22:00:00,1.4099664952104898e-16,0,0.0,500.0,kenyatta_kenya
2022-05-09 23:00:00,1.3524249970830273e-16,0,0.0,500.0,kenyatta_kenya
2022-05-10 00:00:00,1.2972317987329002e-16,0,0.0,500.0,kenyatta_kenya
2022-05-10 01:00:00,1.244291064771315e-16,0,0.0,500.0,kenyatta_kenya
2022-05-10 02:00:00,1.1935108709037518e-16,0,0.0,500.0,kenyatta_kenya
2022-05-10 03:00:00,1.1448030443160275e-16,0,0.0,500.0,kenyatta_kenya
2022-05-10 04:00:00,1.0980830105743737e-16,0,0.0,500.0,kenyatta_kenya
2022-05-10 05:00:00,1.0532696467736042e-16,0,0.0,500.0,kenyatta_kenya
2022-05-10 06:00:00,1.0102851406783096e-16,0,0.0,500.0,kenyatta_kenya
2022-05-10 07:00:00,9.690548556126522e-17,0,0.0,500.0,kenyatta_kenya
2022-05-10 08:00:00,9.295072008640765e-17,0,0.0,500.0,kenyatta_kenya
2022-05-10 09:00:00,8.915735073758503e-17,0,0.0,500.0,kenyatta_kenya
2022-05-10 10:00:00,8.551879085127281e-17,0,0.0,500.0,kenyatta_kenya
2022-05-10 11:00:00,8.202872256926248e-17,0,0.0,500.0,kenyatta_kenya
2022-05-10 12:00:00,7.868108586856718e-17,0,0.0,500.0,kenyatta_kenya
2022-05-10 13:00:00,7.547006803902807e-17,0,0.0,500.0,kenyatta_kenya
2022-05-10 14:00:00,7.239009359034525e-17,0,0.0,500.0,kenyatta_kenya
2022-05-10 15:00:00,6.943581457100312e-17,0,0.0,500.0,kenyatta_kenya
2022-05-10 16:00:00,6.660210128229096e-17,0,0.0,500.0,kenyatta_kenya
2022-05-10 17:00:00,6.388403337128865e-17,0,0.0,500.0,kenyatta_kenya
2022-05-10 18:00:00,6.127689128734856e-17,0,0.0,500.0,kenyatta_kenya
2022-05-10 19:00:00,5.877614808724727e-17,0,0.0,500.0,kenyatta_kenya
2022-05-10 20:00:00,5.637746157477315e-17,0,0.0,500.0,kenyatta_kenya
2022-05-10 21:00:00,5.40766667610981e-17,0,0.0,500.0,kenyatta_kenya
2022-05-10 22:00:00,5.1869768632849217e-17,0,0.0,500.0,kenyatta_kenya
2022-05-10 23:00:00,4.975293521531936e-17,0,0.0,500.0,kenyatta_kenya
2022-05-11 00:00:00,4.77224909187684e-17,0,0.0,500.0,kenyatta_kenya
2022-05-11 01:00:00,4.577491015626903e-17,0,0.0,500.0,kenyatta_kenya
2022-05-11 02:00:00,4.390681122201138e-17,0,0.0,500.0,kenyatta_kenya
2022-05-11 03:00:00,4.21149504194346e-17,0,0.0,500.0,kenyatta_kenya
2022-05-11 04:00:00,4.039621642899556e-17,0,0.0,500.0,kenyatta_kenya
2022-05-11 05:00:00,3.874762490579159e-17,0,0.0,500.0,kenyatta_kenya
2022-05-11 06:00:00,3.7166313297654843e-17,0,0.0,500.0,kenyatta_kenya
2022-05-11 07:00:00,3.5649535874725525e-17,0,0.0,500.0,kenyatta_kenya
2022-05-11 08:00:00,3.41946589618708e-17,0,0.0,500.0,kenyatta_kenya
2022-05-11 09:00:00,3.279915636566906e-17,0,0.0,500.0,kenyatta_kenya
2022-05-11 10:00:00,3.146060498802369e-17,0,0.0,500.0,kenyatta_kenya
2022-05-11 11:00:00,3.017668061878756e-17,0,0.0,500.0,kenyatta_kenya
2022-05-11 12:00:00,2.894515390009076e-17,0,0.0,500.0,kenyatta_kenya
2022-05-11 13:00:00,2.7763886455368384e-17,0,0.0,500.0,kenyatta_kenya
2022-05-11 14:00:00,2.6630827176364612e-17,0,0.0,500.0,kenyatta_kenya
2022-05-11 15:00:00,2.554400866166452e-17,0,0.0,500.0,kenyatta_kenya
2022-05-11 16:00:00,2.4501543800573e-17,0,0.0,500.0,kenyatta_kenya
2022-05-11 17:00:00,2.3501622496407438e-17,0,0.0,500.0,kenyatta_kenya
2022-05-11 18:00:00,2.2542508523513014e-17,0,0.0,500.0,kenyatta_kenya
2022-05-11 19:00:00,2.1622536512546465e-17,0,0.0,500.0,kenyatta_kenya
2022-05-11 20:00:00,2.0740109058792013e-17,0,0.0,500.0,kenyatta_kenya
2022-05-11 21:00:00,1.9893693948487075e-17,0,0.0,500.0,kenyatta_kenya
2022-05-11 22:00:00,1.908182149834458e-17,0,0.0,500.0,kenyatta_kenya
2022-05-11 23:00:00,1.830308200365066e-17,0,0.0,500.0,kenyatta_kenya
2022-05-12 00:00:00,1.7556123290505755e-17,0,0.0,500.0,kenyatta_kenya
2022-05-12 01:00:00,1.6839648367961232e-17,0,0.0,500.0,kenyatta_kenya
2022-05-12 02:00:00,1.6152413175973555e-17,0,0.0,500.0,kenyatta_kenya
2022-05-12 03:00:00,1.5493224425264598e-17,0,0.0,500.0,kenyatta_kenya
2022-05-12 04:00:00,1.4860937525339522e-17,0,0.0,500.0,kenyatta_kenya
2022-05-12 05:00:00,1.425445459706327e-17,0,0.0,500.0,kenyatta_kenya
2022-05-12 06:00:00,1.3672722566344011e-17,0,0.0,500.0,kenyatta_kenya
2022-05-12 07:00:00,1.311473133561531e-17,0,0.0,500.0,kenyatta_kenya
2022-05-12 08:00:00,1.2579512029941083e-17,0,0.0,500.0,kenyatta_kenya
2022-05-12 09:00:00,1.2066135314697088e-17,0,0.0,500.0,kenyatta_kenya
2022-05-12 10:00:00,1.1573709781909647e-17,0,0.0,500.0,kenyatta_kenya
2022-05-12 11:00:00,1.1101380402448662e-17,0,0.0,500.0,kenyatta_kenya
2022-05-12 12:00:00,1.0648327041386783e-17,0,0.0,500.0,kenyatta_kenya
2022-05-12 13:00:00,1.0213763033948298e-17,0,0.0,500.0,kenyatta_kenya
2022-05-12 14:00:00,9.796933819574272e-18,0,0.0,500.0,kenyatta_kenya
2022-05-12 15:00:00,9.397115631731624e-18,0,0.0,500.0,kenyatta_kenya
2022-05-12 16:00:00,9.01361424119241e-18,0,0.0,500.0,kenyatta_kenya
2022-05-12 17:00:00,8.645763750600566e-18,0,0.0,500.0,kenyatta_kenya
2022-05-12 18:00:00,8.292925438232443e-18,0,0.0,500.0,kenyatta_kenya
2022-05-12 19:00:00,7.954486648944701e-18,0,0.0,500.0,kenyatta_kenya
2022-05-12 20:00:00,7.629859730383176e-18,0,0.0,500.0,kenyatta_kenya
2022-05-12 21:00:00,7.31848101260513e-18,0,0.0,500.0,kenyatta_kenya
2022-05-12 22:00:00,7.019809829344217e-18,0,0.0,500.0,kenyatta_kenya
2022-05-12 23:00:00,6.733327579218088e-18,0,0.0,500.0,kenyatta_kenya
2022-05-13 00:00:00,6.4585368252482e-18,0,0.0,500.0,kenyatta_kenya
2022-05-13 01:00:00,6.194960431129168e-18,0,0.0,500.0,kenyatta_kenya
2022-05-13 02:00:00,5.942140732747394e-18,0,0.0,500.0,kenyatta_kenya
2022-05-13 03:00:00,5.699638743510082e-18,0,0.0,500.0,kenyatta_kenya
2022-05-13 04:00:00,5.467033392105621e-18,0,0.0,500.0,kenyatta_kenya
2022-05-13 05:00:00,5.243920791371333e-18,0,0.0,500.0,kenyatta_kenya
2022-05-13 06:00:00,5.029913536998803e-18,0,0.0,500.0,kenyatta_kenya
2022-05-13 07:00:00,4.8246400348597644e-18,0,0.0,500.0,kenyatta_kenya
2022-05-13 08:00:00,4.6277438557841615e-18,0,0.0,500.0,kenyatta_kenya
2022-05-13 09:00:00,4.43888311666977e-18,0,0.0,500.0,kenyatta_kenya
2022-05-13 10:00:00,4.257729886849376e-18,0,0.0,500.0,kenyatta_kenya
2022-05-13 11:00:00,4.0839696186844154e-18,0,0.0,500.0,kenyatta_kenya
2022-05-13 12:00:00,3.9173006013961275e-18,0,0.0,500.0,kenyatta_kenya
2022-05-13 13:00:00,3.7574334371864346e-18,0,0.0,500.0,kenyatta_kenya
2022-05-13 14:00:00,3.604090538738588e-18,0,0.0,500.0,kenyatta_kenya
2022-05-13 15:00:00,3.4570056472248555e-18,0,0.0,500.0,kenyatta_kenya
2022-05-13 16:00:00,3.3159233699848177e-18,0,0.0,500.0,kenyatta_kenya
2022-05-13 17:00:00,3.180598737071249e-18,0,0.0,500.0,kenyatta_kenya
2022-05-13 18:00:00,3.0507967758933893e-18,0,0.0,500.0,kenyatta_kenya
2022-05-13 19:00:00,2.9262921032194755e-18,0,0.0,500.0,kenyatta_kenya
2022-05-13 20:00:00,2.806868533829854e-18,0,0.0,500.0,kenyatta_kenya
2022-05-13 21:00:00,2.6923187051409863e-18,0,0.0,500.0,kenyatta_kenya
2022-05-13 22:00:00,2.5824437171489484e-18,0,0.0,500.0,kenyatta_kenya
2022-05-13 23:00:00,2.4770527870670105e-18,0,0.0,500.0,kenyatta_kenya
2022-05-14 00:00:00,2.3759629180574893e-18,0,0.0,500.0,kenyatta_kenya
2022-05-14 01:00:00,2.2789985814829955e-18,0,0.0,500.0,kenyatta_kenya
2022-05-14 02:00:00,2.1859914121251758e-18,0,0.0,500.0,kenyatta_kenya
2022-05-14 03:00:00,2.0967799158415908e-18,0,0.0,500.0,kenyatta_kenya
2022-05-14 04:00:00,2.0112091891534307e-18,0,0.0,500.0,kenyatta_kenya
2022-05-14 05:00:00,1.9291306502769934e-18,0,0.0,500.0,kenyatta_kenya
2022-05-14 06:00:00,1.8504017811317925e-18,0,0.0,500.0,kenyatta_kenya
2022-05-14 07:00:00,1.774885879877578e-18,0,0.0,500.0,kenyatta_kenya
2022-05-14 08:00:00,1.702451823550453e-18,0,0.0,500.0,kenyatta_kenya
2022-05-14 09:00:00,1.6329738403858252e-18,0,0.0,500.0,kenyatta_kenya
2022-05-14 10:00:00,1.566331291433097e-18,0,0.0,500.0,kenyatta_kenya
2022-05-14 11:00:00,1.5024084610827713e-18,0,0.0,500.0,kenyatta_kenya
2022-05-14 12:00:00,1.4410943561421622e-18,0,0.0,500.0,kenyatta_kenya
2022-05-14 13:00:00,1.3822825131110372e-18,0,0.0,500.0,kenyatta_kenya
2022-05-14 14:00:00,1.325870813322434e-18,0,0.0,500.0,kenyatta_kenya
2022-05-14 15:00:00,1.2717613056276e-18,0,0.0,500.0,kenyatta_kenya
2022-05-14 16:00:00,1.2198600363173407e-18,0,0.0,500.0,kenyatta_kenya
2022-05-14 17:00:00,1.1700768859843663e-18,0,0.0,500.0,kenyatta_kenya
2022-05-14 18:00:00,1.122325413043298e-18,0,0.0,500.0,kenyatta_kenya
2022-05-14 19:00:00,1.0765227036367852e-18,0,0.0,500.0,kenyatta_kenya
2022-05-14 20:00:00,1.0325892276670322e-18,0,0.0,500.0,kenyatta_kenya
2022-05-14 21:00:00,9.904487007026873e-19,0,0.0,500.0,kenyatta_kenya
2022-05-14 22:00:00,9.50027951521457e-19,0,0.0,500.0,kenyatta_kenya
2022-05-14 23:00:00,9.112567950583754e-19,0,0.0,500.0,kenyatta_kenya
2022-05-15 00:00:00,8.740679105390585e-19,0,0.0,500.0,kenyatta_kenya
2022-05-15 01:00:00,8.383967245864743e-19,0,0.0,500.0,kenyatta_kenya
2022-05-15 02:00:00,8.041812990981818e-19,0,0.0,500.0,kenyatta_kenya
2022-05-15 03:00:00,7.713622236993083e-19,0,0.0,500.0,kenyatta_kenya
2022-05-15 04:00:00,7.398825125846337e-19,0,0.0,500.0,kenyatta_kenya
2022-05-15 05:00:00,7.096875055706016e-19,0,0.0,500.0,kenyatta_kenya
2022-05-15 06:00:00,6.807247731854054e-19,0,0.0,500.0,kenyatta_kenya
2022-05-15 07:00:00,6.529440256324471e-19,0,0.0,500.0,kenyatta_kenya
2022-05-15 08:00:00,6.262970254690437e-19,0,0.0,500.0,kenyatta_kenya
2022-05-15 09:00:00,6.007375038487215e-19,0,0.0,500.0,kenyatta_kenya
2022-05-15 10:00:00,5.762210801817513e-19,0,0.0,500.0,kenyatta_kenya
2022-05-15 11:00:00,5.527051850743765e-19,0,0.0,500.0,kenyatta_kenya
2022-05-15 12:00:00,5.301489864128982e-19,0,0.0,500.0,kenyatta_kenya
2022-05-15 13:00:00,5.085133184643452e-19,0,0.0,500.0,kenyatta_kenya
2022-05-15 14:00:00,4.877606138705793e-19,0,0.0,500.0,kenyatta_kenya
2022-05-15 15:00:00,4.678548384177421e-19,0,0.0,500.0,kenyatta_kenya
2022-05-15 16:00:00,4.487614284677986e-19,0,0.0,500.0,kenyatta_kenya
2022-05-15 17:00:00,4.304472309435471e-19,0,0.0,500.0,kenyatta_kenya
2022-05-15 18:00:00,4.1288044576287367e-19,0,0.0,500.0,kenyatta_kenya
2022-05-15 19:00:00,3.9603057062227073e-19,0,0.0,500.0,kenyatta_kenya
2022-05-15 20:00:00,3.7986834803379633e-19,0,0.0,500.0,kenyatta_kenya
2022-05-15 21:00:00,3.6436571452348313e-19,0,0.0,500.0,kenyatta_kenya
2022-05-15 22:00:00,3.494957519029638e-19,0,0.0,500.0,kenyatta_kenya
2022-05-15 23:00:00,3.3523264052975235e-19,0,0.0,500.0,kenyatta_kenya
2022-05-16 00:00:00,3.2155161447499672e-19,0,0.0,500.0,kenyatta_kenya
2022-05-16 01:00:00,3.0842891852083974e-19,0,0.0,500.0,kenyatta_kenya
2022-05-16 02:00:00,2.9584176691276155e-19,0,0.0,500.0,kenyatta_kenya
2022-05-16 03:00:00,2.837683037952606e-19,0,0.0,500.0,kenyatta_kenya
2022-05-16 04:00:00,2.721875652621577e-19,0,0.0,500.0,kenyatta_kenya
2022-05-16 05:00:00,2.610794429556659e-19,0,0.0,500.0,kenyatta_kenya
2022-05-16 06:00:00,2.5042464915100194e-19,0,0.0,500.0,kenyatta_kenya
2022-05-16 07:00:00,2.4020468326589656e-19,0,0.0,500.0,kenyatta_kenya
2022-05-16 08:00:00,2.3040179973688674e-19,0,0.0,500.0,kenyatta_kenya
2022-05-16 09:00:00,2.209989772065933e-19,0,0.0,500.0,kenyatta_kenya
2022-05-16 10:00:00,2.1197988896846753e-19,0,0.0,500.0,kenyatta_kenya
2022-05-16 11:00:00,2.0332887461771874e-19,0,0.0,500.0,kenyatta_kenya
2022-05-16 12:00:00,1.9503091285918216e-19,0,0.0,500.0,kenyatta_kenya
2022-05-16 13:00:00,1.8707159542489904e-19,0,0.0,500.0,kenyatta_kenya
2022-05-16 14:00:00,1.794371020561484e-19,0,0.0,500.0,kenyatta_kenya
2022-05-16 15:00:00,1.7211417650647443e-19,0,0.0,500.0,kenyatta_kenya
2022-05-16 16:00:00,1.6509010352403198e-19,0,0.0,500.0,kenyatta_kenya
2022-05-16 17:00:00,1.5835268677330688e-19,0,0.0,500.0,kenyatta_kenya
2022-05-16 18:00:00,1.5189022765786202e-19,0,0.0,500.0,kenyatta_kenya
2022-05-16 19:00:00,1.4569150500732843e-19,0,0.0,500.0,kenyatta_kenya
2022-05-16 20:00:00,1.3974575559339196e-19,0,0.0,500.0,kenyatta_kenya
2022-05-16 21:00:00,1.3404265544093226e-19,0,0.0,500.0,kenyatta_kenya
2022-05-16 22:00:00,1.285723019018554e-19,0,0.0,500.0,kenyatta_kenya
2022-05-16 23:00:00,1.2332519646051228e-19,0,0.0,500.0,kenyatta_kenya
2022-05-17 00:00:00,1.1829222824083687e-19,0,0.0,500.0,kenyatta_kenya
2022-05-17 01:00:00,1.1346465818655887e-19,0,0.0,500.0,kenyatta_kenya
2022-05-17 02:00:00,1.0883410388703882e-19,0,0.0,500.0,kenyatta_kenya
2022-05-17 03:00:00,1.0439252502236855e-19,0,0.0,500.0,kenyatta_kenya
2022-05-17 04:00:00,1.0013220940245806e-19,0,0.0,500.0,kenyatta_kenya
2022-05-17 05:00:00,9.604575957588182e-20,0,0.0,500.0,kenyatta_kenya
2022-05-17 06:00:00,9.21260799852251e-20,0,0.0,500.0,kenyatta_kenya
2022-05-17 07:00:00,8.836636464662133e-20,0,0.0,500.0,kenyatta_kenya
2022-05-17 08:00:00,8.476008533210046e-20,0,0.0,500.0,kenyatta_kenya
2022-05-17 09:00:00,8.130098023422187e-20,0,0.0,500.0,kenyatta_kenya
2022-05-17 10:00:00,7.79830430933042e-20,0,0.0,500.0,kenyatta_kenya
2022-05-17 11:00:00,7.480051276838465e-20,0,0.0,500.0,kenyatta_kenya
2022-05-17 12:00:00,7.174786323379221e-20,0,0.0,500.0,kenyatta_kenya
2022-05-17 13:00:00,6.8819793983962e-20,0,0.0,500.0,kenyatta_kenya
2022-05-17 14:00:00,6.601122082983893e-20,0,0.0,500.0,kenyatta_kenya
2022-05-17 15:00:00,6.331726707088477e-20,0,0.0,500.0,kenyatta_kenya
2022-05-17 16:00:00,6.073325502735644e-20,0,0.0,500.0,kenyatta_kenya
2022-05-17 17:00:00,5.825469791816057e-20,0,0.0,500.0,kenyatta_kenya
2022-05-17 18:00:00,5.587729207017742e-20,0,0.0,500.0,kenyatta_kenya
2022-05-17 19:00:00,5.359690944552236e-20,0,0.0,500.0,kenyatta_kenya
2022-05-17 20:00:00,5.140959047377799e-20,0,0.0,500.0,kenyatta_kenya
2022-05-17 21:00:00,4.9311537176746356e-20,0,0.0,500.0,kenyatta_kenya
2022-05-17 22:00:00,4.7299106573780535e-20,0,0.0,500.0,kenyatta_kenya
2022-05-17 23:00:00,4.5368804356251604e-20,0,0.0,500.0,kenyatta_kenya
2022-05-18 00:00:00,4.3517278820163776e-20,0,0.0,500.0,kenyatta_kenya
2022-05-18 01:00:00,4.1741315046379994e-20,0,0.0,500.0,kenyatta_kenya
2022-05-18 02:00:00,4.003782931835854e-20,0,0.0,500.0,kenyatta_kenya
2022-05-18 03:00:00,3.8403863767704746e-20,0,0.0,500.0,kenyatta_kenya
2022-05-18 04:00:00,3.683658123823811e-20,0,0.0,500.0,kenyatta_kenya
2022-05-18 05:00:00,3.533326035966211e-20,0,0.0,500.0,kenyatta_kenya
2022-05-18 06:00:00,3.389129082228021e-20,0,0.0,500.0,kenyatta_kenya
2022-05-18 07:00:00,3.2508168844550956e-20,0,0.0,500.0,kenyatta_kenya
2022-05-18 08:00:00,3.118149282561688e-20,0,0.0,500.0,kenyatta_kenya
2022-05-18 09:00:00,2.9908959175256016e-20,0,0.0,500.0,kenyatta_kenya
2022-05-18 10:00:00,2.868835831401326e-20,0,0.0,500.0,kenyatta_kenya
2022-05-18 11:00:00,2.7517570836570674e-20,0,0.0,500.0,kenyatta_kenya
2022-05-18 12:00:00,2.639456383169255e-20,0,0.0,500.0,kenyatta_kenya
2022-05-18 13:00:00,2.5317387352353728e-20,0,0.0,500.0,kenyatta_kenya
2022-05-18 14:00:00,2.428417102992582e-20,0,0.0,500.0,kenyatta_kenya
2022-05-18 15:00:00,2.3293120826540064e-20,0,0.0,500.0,kenyatta_kenya
2022-05-18 16:00:00,2.2342515919986573e-20,0,0.0,500.0,kenyatta_kenya
2022-05-18 17:00:00,2.14307057157441e-20,0,0.0,500.0,kenyatta_kenya
2022-05-18 18:00:00,2.0556106980950335e-20,0,0.0,500.0,kenyatta_kenya
2022-05-18 19:00:00,1.9717201095335167e-20,0,0.0,500.0,kenyatta_kenya
2022-05-18 20:00:00,1.8912531414346152e-20,0,0.0,500.0,kenyatta_kenya
2022-05-18 21:00:00,1.8140700739886247e-20,0,0.0,500.0,kenyatta_kenya
2022-05-18 22:00:00,1.7400368894270875e-20,0,0.0,500.0,kenyatta_kenya
2022-05-18 23:00:00,1.6690250393194336e-20,0,0.0,500.0,kenyatta_kenya
2022-05-19 00:00:00,1.6009112213663693e-20,0,0.0,500.0,kenyatta_kenya
2022-05-19 01:00:00,1.535577165302339e-20,0,0.0,500.0,kenyatta_kenya
2022-05-19 02:00:00,1.472909427535533e-20,0,0.0,500.0,kenyatta_kenya
2022-05-19 03:00:00,1.4127991941687424e-20,0,0.0,500.0,kenyatta_kenya
2022-05-19 04:00:00,1.3551420920589474e-20,0,0.0,500.0,kenyatta_kenya
2022-05-19 05:00:00,1.2998380075877572e-20,0,0.0,500.0,kenyatta_kenya
2022-05-19 06:00:00,1.2467909128279275e-20,0,0.0,500.0,kenyatta_kenya
2022-05-19 07:00:00,1.1959086988040297e-20,0,0.0,500.0,kenyatta_kenya
2022-05-19 08:00:00,1.1471030155579277e-20,0,0.0,500.0,kenyatta_kenya
2022-05-19 09:00:00,1.1002891187412665e-20,0,0.0,500.0,kenyatta_kenya
2022-05-19 10:00:00,1.0553857224685302e-20,0,0.0,500.0,kenyatta_kenya
2022-05-19 11:00:00,1.0123148581753202e-20,0,0.0,500.0,kenyatta_kenya
2022-05-19 12:00:00,9.710017392367018e-21,0,0.0,500.0,kenyatta_kenya
2022-05-19 13:00:00,9.313746311104832e-21,0,0.0,500.0,kenyatta_kenya
2022-05-19 14:00:00,8.93364726780084e-21,0,0.0,500.0,kenyatta_kenya
2022-05-19 15:00:00,8.569060272806441e-21,0,0.0,500.0,kenyatta_kenya
2022-05-19 16:00:00,8.219352271008716e-21,0,0.0,500.0,kenyatta_kenya
2022-05-19 17:00:00,7.883916042617573e-21,0,0.0,500.0,kenyatta_kenya
2022-05-19 18:00:00,7.562169148812396e-21,0,0.0,500.0,kenyatta_kenya
2022-05-19 19:00:00,7.253552920416852e-21,0,0.0,500.0,kenyatta_kenya
2022-05-19 20:00:00,6.957531487847011e-21,0,0.0,500.0,kenyatta_kenya
2022-05-19 21:00:00,6.673590850647724e-21,0,0.0,500.0,kenyatta_kenya
2022-05-19 22:00:00,6.401237985001318e-21,0,0.0,500.0,kenyatta_kenya
2022-05-19 23:00:00,6.139999987659779e-21,0,0.0,500.0,kenyatta_kenya
2022-05-20 00:00:00,5.889423254813511e-21,0,0.0,500.0,kenyatta_kenya
2022-05-20 01:00:00,5.649072694470519e-21,0,0.0,500.0,kenyatta_kenya
2022-05-20 02:00:00,5.418530970979208e-21,0,0.0,500.0,kenyatta_kenya
2022-05-20 03:00:00,5.197397780382611e-21,0,0.0,500.0,kenyatta_kenya
2022-05-20 04:00:00,4.985289155345448e-21,0,0.0,500.0,kenyatta_kenya
2022-05-20 05:00:00,4.781836798447852e-21,0,0.0,500.0,kenyatta_kenya
2022-05-20 06:00:00,4.586687442687705e-21,0,0.0,500.0,kenyatta_kenya
2022-05-20 07:00:00,4.399502238080931e-21,0,0.0,500.0,kenyatta_kenya
2022-05-20 08:00:00,4.219956163295267e-21,0,0.0,500.0,kenyatta_kenya
2022-05-20 09:00:00,4.047737461295559e-21,0,0.0,500.0,kenyatta_kenya
2022-05-20 10:00:00,3.882547098020417e-21,0,0.0,500.0,kenyatta_kenya
2022-05-20 11:00:00,3.7240982431508465e-21,0,0.0,500.0,kenyatta_kenya
2022-05-20 12:00:00,3.5721157720689645e-21,0,0.0,500.0,kenyatta_kenya
2022-05-20 13:00:00,3.426335788141828e-21,0,0.0,500.0,kenyatta_kenya
2022-05-20 14:00:00,3.2865051645013555e-21,0,0.0,500.0,kenyatta_kenya
2022-05-20 15:00:00,3.152381104524441e-21,0,0.0,500.0,kenyatta_kenya
2022-05-20 16:00:00,3.023730720249911e-21,0,0.0,500.0,kenyatta_kenya
2022-05-20 17:00:00,2.9003306280007223e-21,0,0.0,500.0,kenyatta_kenya
2022-05-20 18:00:00,2.781966560509025e-21,0,0.0,500.0,kenyatta_kenya
2022-05-20 19:00:00,2.6684329948704346e-21,0,0.0,500.0,kenyatta_kenya
2022-05-20 20:00:00,2.5595327956818718e-21,0,0.0,500.0,kenyatta_kenya
2022-05-20 21:00:00,2.455076872743135e-21,0,0.0,500.0,kenyatta_kenya
2022-05-20 22:00:00,2.3548838527276942e-21,0,0.0,500.0,kenyatta_kenya
2022-05-20 23:00:00,2.2587797642529414e-21,0,0.0,500.0,kenyatta_kenya
2022-05-21 00:00:00,2.1665977358028918e-21,0,0.0,500.0,kenyatta_kenya
2022-05-21 01:00:00,2.0781777059786687e-21,0,0.0,500.0,kenyatta_kenya
2022-05-21 02:00:00,1.993366145573984e-21,0,0.0,500.0,kenyatta_kenya
2022-05-21 03:00:00,1.912015790992849e-21,0,0.0,500.0,kenyatta_kenya
2022-05-21 04:00:00,1.833985388546535e-21,0,0.0,500.0,kenyatta_kenya
2022-05-21 05:00:00,1.759139449186034e-21,0,0.0,500.0,kenyatta_kenya
2022-05-21 06:00:00,1.687348013244025e-21,0,0.0,500.0,kenyatta_kenya
2022-05-21 07:00:00,1.6184864247777228e-21,0,0.0,500.0,kenyatta_kenya
2022-05-21 08:00:00,1.5524351151210467e-21,0,0.0,500.0,kenyatta_kenya
2022-05-21 09:00:00,1.4890793952701227e-21,0,0.0,500.0,kenyatta_kenya
2022-05-21 10:00:00,1.4283092567415663e-21,0,0.0,500.0,kenyatta_kenya
2022-05-21 11:00:00,1.3700191805579029e-21,0,0.0,500.0,kenyatta_kenya
2022-05-21 12:00:00,1.3141079540284348e-21,0,0.0,500.0,kenyatta_kenya
2022-05-21 13:00:00,1.260478495007338e-21,0,0.0,500.0,kenyatta_kenya
2022-05-21 14:00:00,1.2090376833238348e-21,0,0.0,500.0,kenyatta_kenya
2022-05-21 15:00:00,1.1596961990918738e-21,0,0.0,500.0,kenyatta_kenya
2022-05-21 16:00:00,1.1123683676184684e-21,0,0.0,500.0,kenyatta_kenya
2022-05-21 17:00:00,1.0669720106413392e-21,0,0.0,500.0,kenyatta_kenya
2022-05-21 18:00:00,1.023428303637707e-21,0,0.0,500.0,kenyatta_kenya
2022-05-21 19:00:00,9.816616389563808e-22,0,0.0,500.0,kenyatta_kenya
2022-05-21 20:00:00,9.415994945354398e-22,0,0.0,500.0,kenyatta_kenya
2022-05-21 21:00:00,9.031723079776831e-22,0,0.0,500.0,kenyatta_kenya
2022-05-21 22:00:00,8.66313355765123e-22,0,0.0,500.0,kenyatta_kenya
2022-05-21 23:00:00,8.309586374027462e-22,0,0.0,500.0,kenyatta_kenya
2022-05-22 00:00:00,7.970467642904857e-22,0,0.0,500.0,kenyatta_kenya
2022-05-22 01:00:00,7.645188531303879e-22,0,0.0,500.0,kenyatta_kenya
2022-05-22 02:00:00,7.333184236838395e-22,0,0.0,500.0,kenyatta_kenya
2022-05-22 03:00:00,7.033913007014276e-22,0,0.0,500.0,kenyatta_kenya
2022-05-22 04:00:00,6.746855198550946e-22,0,0.0,500.0,kenyatta_kenya
2022-05-22 05:00:00,6.471512375092064e-22,0,0.0,500.0,kenyatta_kenya
2022-05-22 06:00:00,6.2074064417395965e-22,0,0.0,500.0,kenyatta_kenya
2022-05-22 07:00:00,5.954078814907986e-22,0,0.0,500.0,kenyatta_kenya
2022-05-22 08:00:00,5.711089626056625e-22,0,0.0,500.0,kenyatta_kenya
2022-05-22 09:00:00,5.478016957918859e-22,0,0.0,500.0,kenyatta_kenya
2022-05-22 10:00:00,5.254456111900856e-22,0,0.0,500.0,kenyatta_kenya
2022-05-22 11:00:00,5.040018905377987e-22,0,0.0,500.0,kenyatta_kenya
2022-05-22 12:00:00,4.834332997669281e-22,0,0.0,500.0,kenyatta_kenya
2022-05-22 13:00:00,4.637041243519202e-22,0,0.0,500.0,kenyatta_kenya
2022-05-22 14:00:00,4.447801072963876e-22,0,0.0,500.0,kenyatta_kenya
2022-05-22 15:00:00,4.266283896505642e-22,0,0.0,500.0,kenyatta_kenya
2022-05-22 16:00:00,4.0921745345627156e-22,0,0.0,500.0,kenyatta_kenya
2022-05-22 17:00:00,3.92517067020306e-22,0,0.0,500.0,kenyatta_kenya
2022-05-22 18:00:00,3.7649823242127684e-22,0,0.0,500.0,kenyatta_kenya
2022-05-22 19:00:00,3.6113313515871547e-22,0,0.0,500.0,kenyatta_kenya
2022-05-22 20:00:00,3.463950958570102e-22,0,0.0,500.0,kenyatta_kenya
2022-05-22 21:00:00,3.3225852394035185e-22,0,0.0,500.0,kenyatta_kenya
2022-05-22 22:00:00,3.1869887319823048e-22,0,0.0,500.0,kenyatta_kenya
2022-05-22 23:00:00,3.056925991643055e-22,0,0.0,500.0,kenyatta_kenya
2022-05-23 00:00:00,2.9321711823469023e-22,0,0.0,500.0,kenyatta_kenya
2022-05-23 01:00:00,2.8125076845463906e-22,0,0.0,500.0,kenyatta_kenya
2022-05-23 02:00:00,2.6977277190553384e-22,0,0.0,500.0,kenyatta_kenya
2022-05-23 03:00:00,2.5876319862689515e-22,0,0.0,500.0,kenyatta_kenya
2022-05-23 04:00:00,2.482029320107563e-22,0,0.0,500.0,kenyatta_kenya
2022-05-23 05:00:00,2.3807363560829422e-22,0,0.0,500.0,kenyatta_kenya
2022-05-23 06:00:00,2.283577212911174e-22,0,0.0,500.0,kenyatta_kenya
2022-05-23 07:00:00,2.190383187119073e-22,0,0.0,500.0,kenyatta_kenya
2022-05-23 08:00:00,2.1009924601137326e-22,0,0.0,500.0,kenyatta_kenya
2022-05-23 09:00:00,2.0152498172068743e-22,0,0.0,500.0,kenyatta_kenya
2022-05-23 10:00:00,1.9330063781059561e-22,0,0.0,500.0,kenyatta_kenya
2022-05-23 11:00:00,1.8541193384039584e-22,0,0.0,500.0,kenyatta_kenya
2022-05-23 12:00:00,1.7784517216192384e-22,0,0.0,500.0,kenyatta_kenya
2022-05-23 13:00:00,1.7058721413547736e-22,0,0.0,500.0,kenyatta_kenya
2022-05-23 14:00:00,1.6362545731636921e-22,0,0.0,500.0,kenyatta_kenya
2022-05-23 15:00:00,1.569478135725219e-22,0,0.0,500.0,kenyatta_kenya
2022-05-23 16:00:00,1.5054268809509387e-22,0,0.0,500.0,kenyatta_kenya
2022-05-23 17:00:00,1.4439895926568376e-22,0,0.0,500.0,kenyatta_kenya
2022-05-23 18:00:00,1.3850595934517511e-22,0,0.0,500.0,kenyatta_kenya
2022-05-23 19:00:00,1.328534559506792e-22,0,0.0,500.0,kenyatta_kenya
2022-05-23 20:00:00,1.274316342884051e-22,0,0.0,500.0,kenyatta_kenya
2022-05-23 21:00:00,1.2223108011162492e-22,0,0.0,500.0,kenyatta_kenya
2022-05-23 22:00:00,1.1724276337413337e-22,0,0.0,500.0,kenyatta_kenya
2022-05-23 23:00:00,1.124580225508104e-22,0,0.0,500.0,kenyatta_kenya
2022-05-24 00:00:00,1.0786854959807855e-22,0,0.0,500.0,kenyatta_kenya
2022-05-24 01:00:00,1.0346637552813137e-22,0,0.0,500.0,kenyatta_kenya
2022-05-24 02:00:00,9.924385657187878e-23,0,0.0,500.0,kenyatta_kenya
2022-05-24 03:00:00,9.519366090659713e-23,0,0.0,500.0,kenyatta_kenya
2022-05-24 04:00:00,9.13087559252305e-23,0,0.0,500.0,kenyatta_kenya
2022-05-24 05:00:00,8.758239602523285e-23,0,0.0,500.0,kenyatta_kenya
2022-05-24 06:00:00,8.400811089576027e-23,0,0.0,500.0,kenyatta_kenya
2022-05-24 07:00:00,8.057969428286874e-23,0,0.0,500.0,kenyatta_kenya
2022-05-24 08:00:00,7.729119321320539e-23,0,0.0,500.0,kenyatta_kenya
2022-05-24 09:00:00,7.413689765749162e-23,0,0.0,500.0,kenyatta_kenya
2022-05-24 10:00:00,7.111133061584529e-23,0,0.0,500.0,kenyatta_kenya
2022-05-24 11:00:00,6.820923860772125e-23,0,0.0,500.0,kenyatta_kenya
2022-05-24 12:00:00,6.54255825499675e-23,0,0.0,500.0,kenyatta_kenya
2022-05-24 13:00:00,6.275552900715259e-23,0,0.0,500.0,kenyatta_kenya
2022-05-24 14:00:00,6.01944417989676e-23,0,0.0,500.0,kenyatta_kenya
2022-05-24 15:00:00,5.773787395013907e-23,0,0.0,500.0,kenyatta_kenya
2022-05-24 16:00:00,5.538155996886989e-23,0,0.0,500.0,kenyatta_kenya
2022-05-24 17:00:00,5.312140844039762e-23,0,0.0,500.0,kenyatta_kenya
2022-05-24 18:00:00,5.095349492281753e-23,0,0.0,500.0,kenyatta_kenya
2022-05-24 19:00:00,4.887405513283069e-23,0,0.0,500.0,kenyatta_kenya
2022-05-24 20:00:00,4.6879478409582074e-23,0,0.0,500.0,kenyatta_kenya
2022-05-24 21:00:00,4.4966301445246385e-23,0,0.0,500.0,kenyatta_kenya
2022-05-24 22:00:00,4.313120227147183e-23,0,0.0,500.0,kenyatta_kenya
2022-05-24 23:00:00,4.13709944912376e-23,0,0.0,500.0,kenyatta_kenya
2022-05-25 00:00:00,3.9682621746115146e-23,0,0.0,500.0,kenyatta_kenya
2022-05-25 01:00:00,3.806315240932356e-23,0,0.0,500.0,kenyatta_kenya
2022-05-25 02:00:00,3.650977449536153e-23,0,0.0,500.0,kenyatta_kenya
2022-05-25 03:00:00,3.501979077738273e-23,0,0.0,500.0,kenyatta_kenya
2022-05-25 04:00:00,3.359061410383342e-23,0,0.0,500.0,kenyatta_kenya
2022-05-25 05:00:00,3.221976290621861e-23,0,0.0,500.0,kenyatta_kenya
2022-05-25 06:00:00,3.090485689020084e-23,0,0.0,500.0,kenyatta_kenya
2022-05-25 07:00:00,2.964361290254742e-23,0,0.0,500.0,kenyatta_kenya
2022-05-25 08:00:00,2.8433840966747975e-23,0,0.0,500.0,kenyatta_kenya
2022-05-25 09:00:00,2.727344048042243e-23,0,0.0,500.0,kenyatta_kenya
2022-05-25 10:00:00,2.6160396567914843e-23,0,0.0,500.0,kenyatta_kenya
2022-05-25 11:00:00,2.509277658173806e-23,0,0.0,500.0,kenyatta_kenya
2022-05-25 12:00:00,2.4068726746798113e-23,0,0.0,500.0,kenyatta_kenya
2022-05-25 13:00:00,2.308646894156953e-23,0,0.0,500.0,kenyatta_kenya
2022-05-25 14:00:00,2.214429761063111e-23,0,0.0,500.0,kenyatta_kenya
2022-05-25 15:00:00,2.124057680320434e-23,0,0.0,500.0,kenyatta_kenya
2022-05-25 16:00:00,2.0373737332550576e-23,0,0.0,500.0,kenyatta_kenya
2022-05-25 17:00:00,1.954227405129341e-23,0,0.0,500.0,kenyatta_kenya
2022-05-25 18:00:00,1.8744743237938036e-23,0,0.0,500.0,kenyatta_kenya
2022-05-25 19:00:00,1.7979760090048014e-23,0,0.0,500.0,kenyatta_kenya
2022-05-25 20:00:00,1.724599631972575e-23,0,0.0,500.0,kenyatta_kenya
2022-05-25 21:00:00,1.654217784722386e-23,0,0.0,500.0,kenyatta_kenya
2022-05-25 22:00:00,1.5867082588681502e-23,0,0.0,500.0,kenyatta_kenya
2022-05-25 23:00:00,1.5219538334143303e-23,0,0.0,500.0,kenyatta_kenya
2022-05-26 00:00:00,1.4598420712178567e-23,0,0.0,500.0,kenyatta_kenya
2022-05-26 01:00:00,1.4002651237565387e-23,0,0.0,500.0,kenyatta_kenya
2022-05-26 02:00:00,1.343119543864898e-23,0,0.0,500.0,kenyatta_kenya
2022-05-26 03:00:00,1.2883061061124389e-23,0,0.0,500.0,kenyatta_kenya
2022-05-26 04:00:00,1.2357296345123808e-23,0,0.0,500.0,kenyatta_kenya
2022-05-26 05:00:00,1.185298837261607e-23,0,0.0,500.0,kenyatta_kenya
2022-05-26 06:00:00,1.1369261482250483e-23,0,0.0,500.0,kenyatta_kenya
2022-05-26 07:00:00,1.0905275748891702e-23,0,0.0,500.0,kenyatta_kenya
2022-05-26 08:00:00,1.0460225525204907e-23,0,0.0,500.0,kenyatta_kenya
2022-05-26 09:00:00,1.0033338042760397e-23,0,0.0,500.0,kenyatta_kenya
2022-05-26 10:00:00,9.62387207022783e-24,0,0.0,500.0,kenyatta_kenya
2022-05-26 11:00:00,9.231116626329651e-24,0,0.0,500.0,kenyatta_kenya
2022-05-26 12:00:00,8.854389745320238e-24,0,0.0,500.0,kenyatta_kenya
2022-05-26 13:00:00,8.493037292846459e-24,0,0.0,500.0,kenyatta_kenya
2022-05-26 14:00:00,8.146431830133079e-24,0,0.0,500.0,kenyatta_kenya
2022-05-26 15:00:00,7.813971524521913e-24,0,0.0,500.0,kenyatta_kenya
2022-05-26 16:00:00,7.495079104472456e-24,0,0.0,500.0,kenyatta_kenya
2022-05-26 17:00:00,7.189200857208999e-24,0,0.0,500.0,kenyatta_kenya
2022-05-26 18:00:00,6.895805667274816e-24,0,0.0,500.0,kenyatta_kenya
2022-05-26 19:00:00,6.614384094323466e-24,0,0.0,500.0,kenyatta_kenya
2022-05-26 20:00:00,6.344447488545459e-24,0,0.0,500.0,kenyatta_kenya
2022-05-26 21:00:00,6.085527142195325e-24,0,0.0,500.0,kenyatta_kenya
2022-05-26 22:00:00,5.837173475745273e-24,0,0.0,500.0,kenyatta_kenya
2022-05-26 23:00:00,5.598955257251983e-24,0,0.0,500.0,kenyatta_kenya
2022-05-27 00:00:00,5.3704588535818585e-24,0,0.0,500.0,kenyatta_kenya
2022-05-27 01:00:00,5.15128751219416e-24,0,0.0,500.0,kenyatta_kenya
2022-05-27 02:00:00,4.941060672234612e-24,0,0.0,500.0,kenyatta_kenya
2022-05-27 03:00:00,4.739413303744008e-24,0,0.0,500.0,kenyatta_kenya
2022-05-27 04:00:00,4.545995273834053e-24,0,0.0,500.0,kenyatta_kenya
2022-05-27 05:00:00,4.3604707387296034e-24,0,0.0,500.0,kenyatta_kenya
2022-05-27 06:00:00,4.1825175606223104e-24,0,0.0,500.0,kenyatta_kenya
2022-05-27 07:00:00,4.011826748322762e-24,0,0.0,500.0,kenyatta_kenya
2022-05-27 08:00:00,3.848101920739638e-24,0,0.0,500.0,kenyatta_kenya
2022-05-27 09:00:00,3.691058792254868e-24,0,0.0,500.0,kenyatta_kenya
2022-05-27 10:00:00,3.5404246791008654e-24,0,0.0,500.0,kenyatta_kenya
2022-05-27 11:00:00,3.395938025882563e-24,0,0.0,500.0,kenyatta_kenya
2022-05-27 12:00:00,3.257347951422558e-24,0,0.0,500.0,kenyatta_kenya
2022-05-27 13:00:00,3.1244138131405747e-24,0,0.0,500.0,kenyatta_kenya
2022-05-27 14:00:00,2.9969047892106073e-24,0,0.0,500.0,kenyatta_kenya
2022-05-27 15:00:00,2.8745994777706848e-24,0,0.0,500.0,kenyatta_kenya
2022-05-27 16:00:00,2.757285512489082e-24,0,0.0,500.0,kenyatta_kenya
2022-05-27 17:00:00,2.6447591938193005e-24,0,0.0,500.0,kenyatta_kenya
2022-05-27 18:00:00,2.536825135303925e-24,0,0.0,500.0,kenyatta_kenya
2022-05-27 19:00:00,2.4332959243129938e-24,0,0.0,500.0,kenyatta_kenya
2022-05-27 20:00:00,2.333991796627664e-24,0,0.0,500.0,kenyatta_kenya
2022-05-27 21:00:00,2.238740324304461e-24,0,0.0,500.0,kenyatta_kenya
2022-05-27 22:00:00,2.1473761162779366e-24,0,0.0,500.0,kenyatta_kenya
2022-05-27 23:00:00,2.0597405311817685e-24,0,0.0,500.0,kenyatta_kenya
2022-05-28 00:00:00,1.9756814018899194e-24,0,0.0,500.0,kenyatta_kenya
2022-05-28 01:00:00,1.8950527712994174e-24,0,0.0,500.0,kenyatta_kenya
2022-05-28 02:00:00,1.8177146388958598e-24,0,0.0,500.0,kenyatta_kenya
2022-05-28 03:00:00,1.743532717661845e-24,0,0.0,500.0,kenyatta_kenya
2022-05-28 04:00:00,1.6723782009060895e-24,0,0.0,500.0,kenyatta_kenya
2022-05-28 05:00:00,1.604127538608273e-24,0,0.0,500.0,kenyatta_kenya
2022-05-28 06:00:00,1.5386622228914801e-24,0,0.0,500.0,kenyatta_kenya
2022-05-28 07:00:00,1.4758685822496222e-24,0,0.0,500.0,kenyatta_kenya
2022-05-28 08:00:00,1.4156375841724517e-24,0,0.0,500.0,kenyatta_kenya
2022-05-28 09:00:00,1.3578646458256594e-24,0,0.0,500.0,kenyatta_kenya
2022-05-28 10:00:00,1.3024494524572097e-24,0,0.0,500.0,kenyatta_kenya
2022-05-28 11:00:00,1.2492957832145281e-24,0,0.0,500.0,kenyatta_kenya
2022-05-28 12:00:00,1.1983113440702731e-24,0,0.0,500.0,kenyatta_kenya
2022-05-28 13:00:00,1.1494076075664896e-24,0,0.0,500.0,kenyatta_kenya
2022-05-28 14:00:00,1.102499659098817e-24,0,0.0,500.0,kenyatta_kenya
2022-05-28 15:00:00,1.0575060494739994e-24,0,0.0,500.0,kenyatta_kenya
2022-05-28 16:00:00,1.0143486534845974e-24,0,0.0,500.0,kenyatta_kenya
2022-05-28 17:00:00,9.729525342552787e-25,0,0.0,500.0,kenyatta_kenya
2022-05-28 18:00:00,9.332458131252764e-25,0,0.0,500.0,kenyatta_kenya
2022-05-28 19:00:00,8.951595448410121e-25,0,0.0,500.0,kenyatta_kenya
2022-05-28 20:00:00,8.586275978421157e-25,0,0.0,500.0,kenyatta_kenya
2022-05-28 21:00:00,8.235865394330985e-25,0,0.0,500.0,kenyatta_kenya
2022-05-28 22:00:00,7.899755256412295e-25,0,0.0,500.0,kenyatta_kenya
2022-05-28 23:00:00,7.577361955693188e-25,0,0.0,500.0,kenyatta_kenya
2022-05-29 00:00:00,7.268125700600754e-25,0,0.0,500.0,kenyatta_kenya
2022-05-29 01:00:00,6.971509544960227e-25,0,0.0,500.0,kenyatta_kenya
2022-05-29 02:00:00,6.686998455661591e-25,0,0.0,500.0,kenyatta_kenya
2022-05-29 03:00:00,6.414098418375657e-25,0,0.0,500.0,kenyatta_kenya
2022-05-29 04:00:00,6.152335579766342e-25,0,0.0,500.0,kenyatta_kenya
2022-05-29 05:00:00,5.901255424709327e-25,0,0.0,500.0,kenyatta_kenya
2022-05-29 06:00:00,5.660421987089269e-25,0,0.0,500.0,kenyatta_kenya
2022-05-29 07:00:00,5.429417092804797e-25,0,0.0,500.0,kenyatta_kenya
2022-05-29 08:00:00,5.207839633666522e-25,0,0.0,500.0,kenyatta_kenya
2022-05-29 09:00:00,4.99530487092802e-25,0,0.0,500.0,kenyatta_kenya
2022-05-29 10:00:00,4.791443767240093e-25,0,0.0,500.0,kenyatta_kenya
2022-05-29 11:00:00,4.595902345867999e-25,0,0.0,500.0,kenyatta_kenya
2022-05-29 12:00:00,4.40834107605972e-25,0,0.0,500.0,kenyatta_kenya
2022-05-29 13:00:00,4.228434283497647e-25,0,0.0,500.0,kenyatta_kenya
2022-05-29 14:00:00,4.055869584809785e-25,0,0.0,500.0,kenyatta_kenya
2022-05-29 15:00:00,3.8903473451591453e-25,0,0.0,500.0,kenyatta_kenya
2022-05-29 16:00:00,3.7315801579691865e-25,0,0.0,500.0,kenyatta_kenya
2022-05-29 17:00:00,3.5792923458817057e-25,0,0.0,500.0,kenyatta_kenya
2022-05-29 18:00:00,3.43321948208115e-25,0,0.0,500.0,kenyatta_kenya
2022-05-29 19:00:00,3.2931079311539425e-25,0,0.0,500.0,kenyatta_kenya
2022-05-29 20:00:00,3.1587144086853546e-25,0,0.0,500.0,kenyatta_kenya
2022-05-29 21:00:00,3.029805558829704e-25,0,0.0,500.0,kenyatta_kenya
2022-05-29 22:00:00,2.906157549120119e-25,0,0.0,500.0,kenyatta_kenya
2022-05-29 23:00:00,2.787555681814158e-25,0,0.0,500.0,kenyatta_kenya
2022-05-30 00:00:00,2.6737940211008023e-25,0,0.0,500.0,kenyatta_kenya
2022-05-30 01:00:00,2.5646750355213444e-25,0,0.0,500.0,kenyatta_kenya
2022-05-30 02:00:00,2.460009254983084e-25,0,0.0,500.0,kenyatta_kenya
2022-05-30 03:00:00,2.359614941770669e-25,0,0.0,500.0,kenyatta_kenya
2022-05-30 04:00:00,2.263317774983624e-25,0,0.0,500.0,kenyatta_kenya
2022-05-30 05:00:00,2.17095054785201e-25,0,0.0,500.0,kenyatta_kenya
2022-05-30 06:00:00,2.0823528774049457e-25,0,0.0,500.0,kenyatta_kenya
2022-05-30 07:00:00,1.9973709259877058e-25,0,0.0,500.0,kenyatta_kenya
2022-05-30 08:00:00,1.915857134143729e-25,0,0.0,500.0,kenyatta_kenya
2022-05-30 09:00:00,1.837669964397984e-25,0,0.0,500.0,kenyatta_kenya
2022-05-30 10:00:00,1.7626736554966758e-25,0,0.0,500.0,kenyatta_kenya
2022-05-30 11:00:00,1.6907379866764404e-25,0,0.0,500.0,kenyatta_kenya
2022-05-30 12:00:00,1.6217380515539646e-25,0,0.0,500.0,kenyatta_kenya
2022-05-30 13:00:00,1.5555540412432828e-25,0,0.0,500.0,kenyatta_kenya
2022-05-30 14:00:00,1.4920710363240737e-25,0,0.0,500.0,kenyatta_kenya
2022-05-30 15:00:00,1.4311788072999509e-25,0,0.0,500.0,kenyatta_kenya
2022-05-30 16:00:00,1.372771623200147e-25,0,0.0,500.0,kenyatta_kenya
2022-05-30 17:00:00,1.3167480679921822e-25,0,0.0,500.0,kenyatta_kenya
2022-05-30 18:00:00,1.263010864486922e-25,0,0.0,500.0,kenyatta_kenya
2022-05-30 19:00:00,1.211466705430157e-25,0,0.0,500.0,kenyatta_kenya
2022-05-30 20:00:00,1.162026091487351e-25,0,0.0,500.0,kenyatta_kenya
2022-05-30 21:00:00,1.1146031758404006e-25,0,0.0,500.0,kenyatta_kenya
2022-05-30 22:00:00,1.0691156151264779e-25,0,0.0,500.0,kenyatta_kenya
2022-05-30 23:00:00,1.025484426460071e-25,0,0.0,500.0,kenyatta_kenya
2022-05-31 00:00:00,9.83633850290107e-26,0,0.0,500.0,kenyatta_kenya
2022-05-31 01:00:00,9.434912188539411e-26,0,0.0,500.0,kenyatta_kenya
2022-05-31 02:00:00,9.049868299997529e-26,0,0.0,500.0,kenyatta_kenya
2022-05-31 03:00:00,8.68053826158379e-26,0,0.0,500.0,kenyatta_kenya
2022-05-31 04:00:00,8.326280782543676e-26,0,0.0,500.0,kenyatta_kenya
2022-05-31 05:00:00,7.98648074354634e-26,0,0.0,500.0,kenyatta_kenya
2022-05-31 06:00:00,7.660548128614763e-26,0,0.0,500.0,kenyatta_kenya
2022-05-31 07:00:00,7.347917000644435e-26,0,0.0,500.0,kenyatta_kenya
2022-05-31 08:00:00,7.048044518731161e-26,0,0.0,500.0,kenyatta_kenya
2022-05-31 09:00:00,6.760409995602746e-26,0,0.0,500.0,kenyatta_kenya
2022-05-31 10:00:00,6.484513993517405e-26,0,0.0,500.0,kenyatta_kenya
2022-05-31 11:00:00,6.219877457058585e-26,0,0.0,500.0,kenyatta_kenya
2022-05-31 12:00:00,5.966040881321362e-26,0,0.0,500.0,kenyatta_kenya
2022-05-31 13:00:00,5.722563514045576e-26,0,0.0,500.0,kenyatta_kenya
2022-05-31 14:00:00,5.489022590309951e-26,0,0.0,500.0,kenyatta_kenya
2022-05-31 15:00:00,5.265012598459173e-26,0,0.0,500.0,kenyatta_kenya
2022-05-31 16:00:00,5.050144575988838e-26,0,0.0,500.0,kenyatta_kenya
2022-05-31 17:00:00,4.8440454341654037e-26,0,0.0,500.0,kenyatta_kenya
2022-05-31 18:00:00,4.646357310209092e-26,0,0.0,500.0,kenyatta_kenya
2022-05-31 19:00:00,4.456736945914544e-26,0,0.0,500.0,kenyatta_kenya
2022-05-31 20:00:00,4.274855091630021e-26,0,0.0,500.0,kenyatta_kenya
2022-05-31 21:00:00,4.1003959345608156e-26,0,0.0,500.0,kenyatta_kenya
2022-05-31 22:00:00,3.933056550403915e-26,0,0.0,500.0,kenyatta_kenya
2022-05-31 23:00:00,3.772546377361481e-26,0,0.0,500.0,kenyatta_kenya
2022-06-01 00:00:00,3.6185867116203874e-26,0,0.0,500.0,kenyatta_kenya
2022-06-01 01:00:00,3.470910223421509e-26,0,0.0,500.0,kenyatta_kenya
2022-06-01 02:00:00,3.329260492878242e-26,0,0.0,500.0,kenyatta_kenya
2022-06-01 03:00:00,3.193391564738767e-26,0,0.0,500.0,kenyatta_kenya
2022-06-01 04:00:00,3.063067521318688e-26,0,0.0,500.0,kenyatta_kenya
2022-06-01 05:00:00,2.938062072862312e-26,0,0.0,500.0,kenyatta_kenya
2022-06-01 06:00:00,2.8181581646217374e-26,0,0.0,500.0,kenyatta_kenya
2022-06-01 07:00:00,2.7031475999712156e-26,0,0.0,500.0,kenyatta_kenya
2022-06-01 08:00:00,2.592830678902266e-26,0,0.0,500.0,kenyatta_kenya
2022-06-01 09:00:00,2.4870158512721719e-26,0,0.0,500.0,kenyatta_kenya
2022-06-01 10:00:00,2.385519384203581e-26,0,0.0,500.0,kenyatta_kenya
2022-06-01 11:00:00,2.2881650430575636e-26,0,0.0,500.0,kenyatta_kenya
2022-06-01 12:00:00,2.1947837854264823e-26,0,0.0,500.0,kenyatta_kenya
2022-06-01 13:00:00,2.1052134676151714e-26,0,0.0,500.0,kenyatta_kenya
2022-06-01 14:00:00,2.0192985631006473e-26,0,0.0,500.0,kenyatta_kenya
2022-06-01 15:00:00,1.9368898924817636e-26,0,0.0,500.0,kenyatta_kenya
2022-06-01 16:00:00,1.8578443644497642e-26,0,0.0,500.0,kenyatta_kenya
2022-06-01 17:00:00,1.7820247273298453e-26,0,0.0,500.0,kenyatta_kenya
2022-06-01 18:00:00,1.7092993307625662e-26,0,0.0,500.0,kenyatta_kenya
2022-06-01 19:00:00,1.639541897111163e-26,0,0.0,500.0,kenyatta_kenya
2022-06-01 20:00:00,1.572631302197747e-26,0,0.0,500.0,kenyatta_kenya
2022-06-01 21:00:00,1.508451364987887e-26,0,0.0,500.0,kenyatta_kenya
2022-06-01 22:00:00,1.4468906458582732e-26,0,0.0,500.0,kenyatta_kenya
2022-06-01 23:00:00,1.3878422530970903e-26,0,0.0,500.0,kenyatta_kenya
2022-06-02 00:00:00,1.331203657301315e-26,0,0.0,500.0,kenyatta_kenya
2022-06-02 01:00:00,1.2768765133485505e-26,0,0.0,500.0,kenyatta_kenya
2022-06-02 02:00:00,1.2247664896342083e-26,0,0.0,500.0,kenyatta_kenya
2022-06-02 03:00:00,1.1747831042776958e-26,0,0.0,500.0,kenyatta_kenya
2022-06-02 04:00:00,1.1268395680131136e-26,0,0.0,500.0,kenyatta_kenya
2022-06-02 05:00:00,1.0808526334915969e-26,0,0.0,500.0,kenyatta_kenya
2022-06-02 06:00:00,1.0367424507337821e-26,0,0.0,500.0,kenyatta_kenya
2022-06-02 07:00:00,9.944324284813363e-27,0,0.0,500.0,kenyatta_kenya
2022-06-02 08:00:00,9.538491012067372e-27,0,0.0,500.0,kenyatta_kenya
2022-06-02 09:00:00,9.149220015505251e-27,0,0.0,500.0,kenyatta_kenya
2022-06-02 10:00:00,8.775835379644564e-27,0,0.0,500.0,kenyatta_kenya
2022-06-02 11:00:00,8.417688773480458e-27,0,0.0,500.0,kenyatta_kenya
2022-06-02 12:00:00,8.074158324748369e-27,0,0.0,500.0,kenyatta_kenya
2022-06-02 13:00:00,7.744647540128636e-27,0,0.0,500.0,kenyatta_kenya
2022-06-02 14:00:00,7.428584269517627e-27,0,0.0,500.0,kenyatta_kenya
2022-06-02 15:00:00,7.125419712568063e-27,0,0.0,500.0,kenyatta_kenya
2022-06-02 16:00:00,6.834627465772925e-27,0,0.0,500.0,kenyatta_kenya
2022-06-02 17:00:00,6.555702608437954e-27,0,0.0,500.0,kenyatta_kenya
2022-06-02 18:00:00,6.288160825956532e-27,0,0.0,500.0,kenyatta_kenya
2022-06-02 19:00:00,6.031537568864209e-27,0,0.0,500.0,kenyatta_kenya
2022-06-02 20:00:00,5.7853872462122474e-27,0,0.0,500.0,kenyatta_kenya
2022-06-02 21:00:00,5.549282451860431e-27,0,0.0,500.0,kenyatta_kenya
2022-06-02 22:00:00,5.322813222345287e-27,0,0.0,500.0,kenyatta_kenya
2022-06-02 23:00:00,5.105586325034731e-27,0,0.0,500.0,kenyatta_kenya
2022-06-03 00:00:00,4.8972245753338795e-27,0,0.0,500.0,kenyatta_kenya
2022-06-03 01:00:00,4.6973661817560454e-27,0,0.0,500.0,kenyatta_kenya
2022-06-03 02:00:00,4.505664117721417e-27,0,0.0,500.0,kenyatta_kenya
2022-06-03 03:00:00,4.321785518993309e-27,0,0.0,500.0,kenyatta_kenya
2022-06-03 04:00:00,4.1454111057053374e-27,0,0.0,500.0,kenyatta_kenya
2022-06-03 05:00:00,3.976234627975704e-27,0,0.0,500.0,kenyatta_kenya
2022-06-03 06:00:00,3.813962334146554e-27,0,0.0,500.0,kenyatta_kenya
2022-06-03 07:00:00,3.6583124607247424e-27,0,0.0,500.0,kenyatta_kenya
2022-06-03 08:00:00,3.50901474313817e-27,0,0.0,500.0,kenyatta_kenya
2022-06-03 09:00:00,3.365809946458647e-27,0,0.0,500.0,kenyatta_kenya
2022-06-03 10:00:00,3.228449415276215e-27,0,0.0,500.0,kenyatta_kenya
2022-06-03 11:00:00,3.0966946419431144e-27,0,0.0,500.0,kenyatta_kenya
2022-06-03 12:00:00,2.9703168524381796e-27,0,0.0,500.0,kenyatta_kenya
2022-06-03 13:00:00,2.8490966091323078e-27,0,0.0,500.0,kenyatta_kenya
2022-06-03 14:00:00,2.7328234297651113e-27,0,0.0,500.0,kenyatta_kenya
2022-06-03 15:00:00,2.621295421971518e-27,0,0.0,500.0,kenyatta_kenya
2022-06-03 16:00:00,2.5143189327235358e-27,0,0.0,500.0,kenyatta_kenya
2022-06-03 17:00:00,2.4117082120783212e-27,0,0.0,500.0,kenyatta_kenya
2022-06-03 18:00:00,2.3132850906490443e-27,0,0.0,500.0,kenyatta_kenya
2022-06-03 19:00:00,2.2188786702383255e-27,0,0.0,500.0,kenyatta_kenya
2022-06-03 20:00:00,2.1283250270969513e-27,0,0.0,500.0,kenyatta_kenya
2022-06-03 21:00:00,2.0414669272929066e-27,0,0.0,500.0,kenyatta_kenya
2022-06-03 22:00:00,1.9581535536963485e-27,0,0.0,500.0,kenyatta_kenya
2022-06-03 23:00:00,1.8782402441063347e-27,0,0.0,500.0,kenyatta_kenya
2022-06-04 00:00:00,1.8015882400648816e-27,0,0.0,500.0,kenyatta_kenya
2022-06-04 01:00:00,1.7280644459220458e-27,0,0.0,500.0,kenyatta_kenya
2022-06-04 02:00:00,1.6575411977335746e-27,0,0.0,500.0,kenyatta_kenya
2022-06-04 03:00:00,1.589896041590091e-27,0,0.0,500.0,kenyatta_kenya
2022-06-04 04:00:00,1.5250115209927704e-27,0,0.0,500.0,kenyatta_kenya
2022-06-04 05:00:00,1.4627749729062399e-27,0,0.0,500.0,kenyatta_kenya
2022-06-04 06:00:00,1.4030783321347641e-27,0,0.0,500.0,kenyatta_kenya
2022-06-04 07:00:00,1.3458179436819425e-27,0,0.0,500.0,kenyatta_kenya
2022-06-04 08:00:00,1.2908943827680222e-27,0,0.0,500.0,kenyatta_kenya
2022-06-04 09:00:00,1.2382122821924894e-27,0,0.0,500.0,kenyatta_kenya
2022-06-04 10:00:00,1.1876801667420837e-27,0,0.0,500.0,kenyatta_kenya
2022-06-04 11:00:00,1.1392102943566328e-27,0,0.0,500.0,kenyatta_kenya
2022-06-04 12:00:00,1.0927185037770748e-27,0,0.0,500.0,kenyatta_kenya
2022-06-04 13:00:00,1.0481240684110447e-27,0,0.0,500.0,kenyatta_kenya
2022-06-04 14:00:00,1.0053495561622135e-27,0,0.0,500.0,kenyatta_kenya
2022-06-04 15:00:00,9.64320694980142e-28,0,0.0,500.0,kenyatta_kenya
2022-06-04 16:00:00,9.249662438971116e-28,0,0.0,500.0,kenyatta_kenya
2022-06-04 17:00:00,8.872178693279511e-28,0,0.0,500.0,kenyatta_kenya
2022-06-04 18:00:00,8.510100264181998e-28,0,0.0,500.0,kenyatta_kenya
2022-06-04 19:00:00,8.162798452345086e-28,0,0.0,500.0,kenyatta_kenya
2022-06-04 20:00:00,7.8296702159962115e-28,0,0.0,500.0,kenyatta_kenya
2022-06-04 21:00:00,7.510137123824959e-28,0,0.0,500.0,kenyatta_kenya
2022-06-04 22:00:00,7.203644350616865e-28,0,0.0,500.0,kenyatta_kenya
2022-06-04 23:00:00,6.909659713875517e-28,0,0.0,500.0,kenyatta_kenya
2022-06-05 00:00:00,6.62767274976111e-28,0,0.0,500.0,kenyatta_kenya
2022-06-05 01:00:00,6.357193826740403e-28,0,0.0,500.0,kenyatta_kenya
2022-06-05 02:00:00,6.097753295408706e-28,0,0.0,500.0,kenyatta_kenya
2022-06-05 03:00:00,5.848900673008507e-28,0,0.0,500.0,kenyatta_kenya
2022-06-05 04:00:00,5.610203861228316e-28,0,0.0,500.0,kenyatta_kenya
2022-06-05 05:00:00,5.381248395923192e-28,0,0.0,500.0,kenyatta_kenya
2022-06-05 06:00:00,5.161636727454963e-28,0,0.0,500.0,kenyatta_kenya
2022-06-05 07:00:00,4.950987530402127e-28,0,0.0,500.0,kenyatta_kenya
2022-06-05 08:00:00,4.74893504144054e-28,0,0.0,500.0,kenyatta_kenya
2022-06-05 09:00:00,4.555128424245892e-28,0,0.0,500.0,kenyatta_kenya
2022-06-05 10:00:00,4.369231160314832e-28,0,0.0,500.0,kenyatta_kenya
2022-06-05 11:00:00,4.190920464646724e-28,0,0.0,500.0,kenyatta_kenya
2022-06-05 12:00:00,4.019886725272049e-28,0,0.0,500.0,kenyatta_kenya
2022-06-05 13:00:00,3.8558329656539375e-28,0,0.0,500.0,kenyatta_kenya
2022-06-05 14:00:00,3.6984743290291274e-28,0,0.0,500.0,kenyatta_kenya
2022-06-05 15:00:00,3.547537583793515e-28,0,0.0,500.0,kenyatta_kenya
2022-06-05 16:00:00,3.4027606490731744e-28,0,0.0,500.0,kenyatta_kenya
2022-06-05 17:00:00,3.263892139656844e-28,0,0.0,500.0,kenyatta_kenya
2022-06-05 18:00:00,3.1306909295002166e-28,0,0.0,500.0,kenyatta_kenya
2022-06-05 19:00:00,3.0029257330438236e-28,0,0.0,500.0,kenyatta_kenya
2022-06-05 20:00:00,2.880374703617372e-28,0,0.0,500.0,kenyatta_kenya
2022-06-05 21:00:00,2.762825048233649e-28,0,0.0,500.0,kenyatta_kenya
2022-06-05 22:00:00,2.65007265810275e-28,0,0.0,500.0,kenyatta_kenya
2022-06-05 23:00:00,2.541921754225335e-28,0,0.0,500.0,kenyatta_kenya
2022-06-06 00:00:00,2.438184547449331e-28,0,0.0,500.0,kenyatta_kenya
2022-06-06 01:00:00,2.3386809123998024e-28,0,0.0,500.0,kenyatta_kenya
2022-06-06 02:00:00,2.24323807471626e-28,0,0.0,500.0,kenyatta_kenya
2022-06-06 03:00:00,2.151690311053658e-28,0,0.0,500.0,kenyatta_kenya
2022-06-06 04:00:00,2.063878661326541e-28,0,0.0,500.0,kenyatta_kenya
2022-06-06 05:00:00,1.9796506526969302e-28,0,0.0,500.0,kenyatta_kenya
2022-06-06 06:00:00,1.8988600348261378e-28,0,0.0,500.0,kenyatta_kenya
2022-06-06 07:00:00,1.8213665259311137e-28,0,0.0,500.0,kenyatta_kenya
2022-06-06 08:00:00,1.7470355692046136e-28,0,0.0,500.0,kenyatta_kenya
2022-06-06 09:00:00,1.6757380991757435e-28,0,0.0,500.0,kenyatta_kenya
2022-06-06 10:00:00,1.6073503176054728e-28,0,0.0,500.0,kenyatta_kenya
2022-06-06 11:00:00,1.5417534785281871e-28,0,0.0,500.0,kenyatta_kenya
2022-06-06 12:00:00,1.4788336820655914e-28,0,0.0,500.0,kenyatta_kenya
2022-06-06 13:00:00,1.4184816766551953e-28,0,0.0,500.0,kenyatta_kenya
2022-06-06 14:00:00,1.3605926693501506e-28,0,0.0,500.0,kenyatta_kenya
2022-06-06 15:00:00,1.3050661438606565e-28,0,0.0,500.0,kenyatta_kenya
2022-06-06 16:00:00,1.2518056860212135e-28,0,0.0,500.0,kenyatta_kenya
2022-06-06 17:00:00,1.2007188163808144e-28,0,0.0,500.0,kenyatta_kenya
2022-06-06 18:00:00,1.1517168296250513e-28,0,0.0,500.0,kenyatta_kenya
2022-06-06 19:00:00,1.1047146405515053e-28,0,0.0,500.0,kenyatta_kenya
2022-06-06 20:00:00,1.0596306363311102e-28,0,0.0,500.0,kenyatta_kenya
2022-06-06 21:00:00,1.016386534798658e-28,0,0.0,500.0,kenyatta_kenya
2022-06-06 22:00:00,9.749072485265584e-29,0,0.0,500.0,kenyatta_kenya
2022-06-06 23:00:00,9.351207544459486e-29,0,0.0,500.0,kenyatta_kenya
2022-06-07 00:00:00,8.96957968788506e-29,0,0.0,500.0,kenyatta_kenya
2022-06-07 01:00:00,8.60352627131958e-29,0,0.0,500.0,kenyatta_kenya
2022-06-07 02:00:00,8.252411693411197e-29,0,0.0,500.0,kenyatta_kenya
2022-06-07 03:00:00,7.915626292044265e-29,0,0.0,500.0,kenyatta_kenya
2022-06-07 04:00:00,7.592585285744725e-29,0,0.0,500.0,kenyatta_kenya
2022-06-07 05:00:00,7.282727758288278e-29,0,0.0,500.0,kenyatta_kenya
2022-06-07 06:00:00,6.985515684746249e-29,0,0.0,500.0,kenyatta_kenya
2022-06-07 07:00:00,6.700432997279094e-29,0,0.0,500.0,kenyatta_kenya
2022-06-07 08:00:00,6.426984689056258e-29,0,0.0,500.0,kenyatta_kenya
2022-06-07 09:00:00,6.164695954744675e-29,0,0.0,500.0,kenyatta_kenya
2022-06-07 10:00:00,5.913111366074418e-29,0,0.0,500.0,kenyatta_kenya
2022-06-07 11:00:00,5.671794081050768e-29,0,0.0,500.0,kenyatta_kenya
2022-06-07 12:00:00,5.44032508543796e-29,0,0.0,500.0,kenyatta_kenya
2022-06-07 13:00:00,5.218302465198439e-29,0,0.0,500.0,kenyatta_kenya
2022-06-07 14:00:00,5.0053407086249446e-29,0,0.0,500.0,kenyatta_kenya
2022-06-07 15:00:00,4.8010700369522733e-29,0,0.0,500.0,kenyatta_kenya
2022-06-07 16:00:00,4.6051357622871804e-29,0,0.0,500.0,kenyatta_kenya
2022-06-07 17:00:00,4.417197671742097e-29,0,0.0,500.0,kenyatta_kenya
2022-06-07 18:00:00,4.2369294367020915e-29,0,0.0,500.0,kenyatta_kenya
2022-06-07 19:00:00,4.064018046199987e-29,0,0.0,500.0,kenyatta_kenya
2022-06-07 20:00:00,3.8981632634162863e-29,0,0.0,500.0,kenyatta_kenya
2022-06-07 21:00:00,3.7390771043590895e-29,0,0.0,500.0,kenyatta_kenya
2022-06-07 22:00:00,3.586483337819388e-29,0,0.0,500.0,kenyatta_kenya
2022-06-07 23:00:00,3.4401170057339313e-29,0,0.0,500.0,kenyatta_kenya
2022-06-08 00:00:00,3.299723963121875e-29,0,0.0,500.0,kenyatta_kenya
2022-06-08 01:00:00,3.1650604367968707e-29,0,0.0,500.0,kenyatta_kenya
2022-06-08 02:00:00,3.035892602088787e-29,0,0.0,500.0,kenyatta_kenya
2022-06-08 03:00:00,2.911996176839221e-29,0,0.0,500.0,kenyatta_kenya
2022-06-08 04:00:00,2.793156031966285e-29,0,0.0,500.0,kenyatta_kenya
2022-06-08 05:00:00,2.6791658179228425e-29,0,0.0,500.0,kenyatta_kenya
2022-06-08 06:00:00,2.569827606398795e-29,0,0.0,500.0,kenyatta_kenya
2022-06-08 07:00:00,2.4649515466457254e-29,0,0.0,500.0,kenyatta_kenya
2022-06-08 08:00:00,2.3643555358274333e-29,0,0.0,500.0,kenyatta_kenya
2022-06-08 09:00:00,2.2678649028233218e-29,0,0.0,500.0,kenyatta_kenya
2022-06-08 10:00:00,2.1753121049359601e-29,0,0.0,500.0,kenyatta_kenya
2022-06-08 11:00:00,2.0865364369764506e-29,0,0.0,500.0,kenyatta_kenya
2022-06-08 12:00:00,2.001383752221896e-29,0,0.0,500.0,kenyatta_kenya
2022-06-08 13:00:00,1.9197061947607617e-29,0,0.0,500.0,kenyatta_kenya
2022-06-08 14:00:00,1.8413619427616153e-29,0,0.0,500.0,kenyatta_kenya
2022-06-08 15:00:00,1.766214962218959e-29,0,0.0,500.0,kenyatta_kenya
2022-06-08 16:00:00,1.6941347707488323e-29,0,0.0,500.0,kenyatta_kenya
2022-06-08 17:00:00,1.624996211024279e-29,0,0.0,500.0,kenyatta_kenya
2022-06-08 18:00:00,1.5586792334567992e-29,0,0.0,500.0,kenyatta_kenya
2022-06-08 19:00:00,1.495068687746708e-29,0,0.0,500.0,kenyatta_kenya
2022-06-08 20:00:00,1.4340541229406298e-29,0,0.0,500.0,kenyatta_kenya
2022-06-08 21:00:00,1.375529595648557e-29,0,0.0,500.0,kenyatta_kenya
2022-06-08 22:00:00,1.3193934860876857e-29,0,0.0,500.0,kenyatta_kenya
2022-06-08 23:00:00,1.2655483216337743e-29,0,0.0,500.0,kenyatta_kenya
2022-06-09 00:00:00,1.2139006075732924e-29,0,0.0,500.0,kenyatta_kenya
2022-06-09 01:00:00,1.1643606647626736e-29,0,0.0,500.0,kenyatta_kenya
2022-06-09 02:00:00,1.116842473912939e-29,0,0.0,500.0,kenyatta_kenya
2022-06-09 03:00:00,1.071263526228989e-29,0,0.0,500.0,kenyatta_kenya
2022-06-09 04:00:00,1.0275446801444001e-29,0,0.0,500.0,kenyatta_kenya
2022-06-09 05:00:00,9.856100239030854e-30,0,0.0,500.0,kenyatta_kenya
2022-06-09 06:00:00,9.453867437489341e-30,0,0.0,500.0,kenyatta_kenya
2022-06-09 07:00:00,9.06804997494712e-30,0,0.0,500.0,kenyatta_kenya
2022-06-09 08:00:00,8.69797793250802e-30,0,0.0,500.0,kenyatta_kenya
2022-06-09 09:00:00,8.34300873102971e-30,0,0.0,500.0,kenyatta_kenya
2022-06-09 10:00:00,8.00252601537315e-30,0,0.0,500.0,kenyatta_kenya
2022-06-09 11:00:00,7.675938584187492e-30,0,0.0,500.0,kenyatta_kenya
2022-06-09 12:00:00,7.362679363369954e-30,0,0.0,500.0,kenyatta_kenya
2022-06-09 13:00:00,7.06220442141945e-30,0,0.0,500.0,kenyatta_kenya
2022-06-09 14:00:00,6.773992024975045e-30,0,0.0,500.0,kenyatta_kenya
2022-06-09 15:00:00,6.497541732897506e-30,0,0.0,500.0,kenyatta_kenya
2022-06-09 16:00:00,6.232373527321899e-30,0,0.0,500.0,kenyatta_kenya
2022-06-09 17:00:00,5.978026980173229e-30,0,0.0,500.0,kenyatta_kenya
2022-06-09 18:00:00,5.7340604536961944e-30,0,0.0,500.0,kenyatta_kenya
2022-06-09 19:00:00,5.500050333611804e-30,0,0.0,500.0,kenyatta_kenya
2022-06-09 20:00:00,5.275590293570017e-30,0,0.0,500.0,kenyatta_kenya
2022-06-09 21:00:00,5.060290589619711e-30,0,0.0,500.0,kenyatta_kenya
2022-06-09 22:00:00,4.8537773834717884e-30,0,0.0,500.0,kenyatta_kenya
2022-06-09 23:00:00,4.655692093380896e-30,0,0.0,500.0,kenyatta_kenya
2022-06-10 00:00:00,4.4656907715173706e-30,0,0.0,500.0,kenyatta_kenya
2022-06-10 01:00:00,4.2834435067490155e-30,0,0.0,500.0,kenyatta_kenya
2022-06-10 02:00:00,4.1086338517962314e-30,0,0.0,500.0,kenyatta_kenya
2022-06-10 03:00:00,3.9409582737646925e-30,0,0.0,500.0,kenyatta_kenya
2022-06-10 04:00:00,3.7801256271021036e-30,0,0.0,500.0,kenyatta_kenya
2022-06-10 05:00:00,3.62585664806439e-30,0,0.0,500.0,kenyatta_kenya
2022-06-10 06:00:00,3.4778834698124744e-30,0,0.0,500.0,kenyatta_kenya
2022-06-10 07:00:00,3.335949157298257e-30,0,0.0,500.0,kenyatta_kenya
2022-06-10 08:00:00,3.199807261132587e-30,0,0.0,500.0,kenyatta_kenya
2022-06-10 09:00:00,3.0692213896596743e-30,0,0.0,500.0,kenyatta_kenya
2022-06-10 10:00:00,2.9439647984954037e-30,0,0.0,500.0,kenyatta_kenya
2022-06-10 11:00:00,2.8238199968172065e-30,0,0.0,500.0,kenyatta_kenya
2022-06-10 12:00:00,2.7085783697210497e-30,0,0.0,500.0,kenyatta_kenya
2022-06-10 13:00:00,2.5980398159902764e-30,0,0.0,500.0,kenyatta_kenya
2022-06-10 14:00:00,2.492012400647626e-30,0,0.0,500.0,kenyatta_kenya
2022-06-10 15:00:00,2.3903120216864597e-30,0,0.0,500.0,kenyatta_kenya
2022-06-10 16:00:00,2.292762090402871e-30,0,0.0,500.0,kenyatta_kenya
2022-06-10 17:00:00,2.1991932247739318e-30,0,0.0,500.0,kenyatta_kenya
2022-06-10 18:00:00,2.1094429553490232e-30,0,0.0,500.0,kenyatta_kenya
2022-06-10 19:00:00,2.023355443143916e-30,0,0.0,500.0,kenyatta_kenya
2022-06-10 20:00:00,1.9407812090480233e-30,0,0.0,500.0,kenyatta_kenya
2022-06-10 21:00:00,1.8615768742744076e-30,0,0.0,500.0,kenyatta_kenya
2022-06-10 22:00:00,1.785604911402187e-30,0,0.0,500.0,kenyatta_kenya
2022-06-10 23:00:00,1.7127334055792668e-30,0,0.0,500.0,kenyatta_kenya
2022-06-11 00:00:00,1.6428358254702775e-30,0,0.0,500.0,kenyatta_kenya
2022-06-11 01:00:00,1.575790803552271e-30,0,0.0,500.0,kenyatta_kenya
2022-06-11 02:00:00,1.5114819253768682e-30,0,0.0,500.0,kenyatta_kenya
2022-06-11 03:00:00,1.4497975274325267e-30,0,0.0,500.0,kenyatta_kenya
2022-06-11 04:00:00,1.3906305032561699e-30,0,0.0,500.0,kenyatta_kenya
2022-06-11 05:00:00,1.333878117457687e-30,0,0.0,500.0,kenyatta_kenya
2022-06-11 06:00:00,1.2794418273340099e-30,0,0.0,500.0,kenyatta_kenya
2022-06-11 07:00:00,1.2272271117632269e-30,0,0.0,500.0,kenyatta_kenya
2022-06-11 08:00:00,1.1771433070817797e-30,0,0.0,500.0,kenyatta_kenya
2022-06-11 09:00:00,1.1291034496594388e-30,0,0.0,500.0,kenyatta_kenya
2022-06-11 10:00:00,1.0830241248988868e-30,0,0.0,500.0,kenyatta_kenya
2022-06-11 11:00:00,1.0388253223978578e-30,0,0.0,500.0,kenyatta_kenya
2022-06-11 12:00:00,9.96430297022036e-31,0,0.0,500.0,kenyatta_kenya
2022-06-11 13:00:00,9.557654356476598e-31,0,0.0,500.0,kenyatta_kenya
2022-06-11 14:00:00,9.167601293425534e-31,0,0.0,500.0,kenyatta_kenya
2022-06-11 15:00:00,8.793466507633953e-31,0,0.0,500.0,kenyatta_kenya
2022-06-11 16:00:00,8.434600365564762e-31,0,0.0,500.0,kenyatta_kenya
2022-06-11 17:00:00,8.090379745578563e-31,0,0.0,500.0,kenyatta_kenya
2022-06-11 18:00:00,7.760206955968342e-31,0,0.0,500.0,kenyatta_kenya
2022-06-11 19:00:00,7.443508697149797e-31,0,0.0,500.0,kenyatta_kenya
2022-06-11 20:00:00,7.1397350662062305e-31,0,0.0,500.0,kenyatta_kenya
2022-06-11 21:00:00,6.848358602057495e-31,0,0.0,500.0,kenyatta_kenya
2022-06-11 22:00:00,6.5688733695961935e-31,0,0.0,500.0,kenyatta_kenya
2022-06-11 23:00:00,6.300794081201618e-31,0,0.0,500.0,kenyatta_kenya
2022-06-12 00:00:00,6.043655254104308e-31,0,0.0,500.0,kenyatta_kenya
2022-06-12 01:00:00,5.797010402139075e-31,0,0.0,500.0,kenyatta_kenya
2022-06-12 02:00:00,5.56043126048378e-31,0,0.0,500.0,kenyatta_kenya
2022-06-12 03:00:00,5.333507042036167e-31,0,0.0,500.0,kenyatta_kenya
2022-06-12 04:00:00,5.115843724138413e-31,0,0.0,500.0,kenyatta_kenya
2022-06-12 05:00:00,4.9070633644114925e-31,0,0.0,500.0,kenyatta_kenya
2022-06-12 06:00:00,4.706803444510047e-31,0,0.0,500.0,kenyatta_kenya
2022-06-12 07:00:00,4.514716240658991e-31,0,0.0,500.0,kenyatta_kenya
2022-06-12 08:00:00,4.3304682198794865e-31,0,0.0,500.0,kenyatta_kenya
2022-06-12 09:00:00,4.153739460854621e-31,0,0.0,500.0,kenyatta_kenya
2022-06-12 10:00:00,3.984223098429928e-31,0,0.0,500.0,kenyatta_kenya
2022-06-12 11:00:00,3.821624790784673e-31,0,0.0,500.0,kenyatta_kenya
2022-06-12 12:00:00,3.665662208347609e-31,0,0.0,500.0,kenyatta_kenya
2022-06-12 13:00:00,3.5160645435704115e-31,0,0.0,500.0,kenyatta_kenya
2022-06-12 14:00:00,3.372572040707977e-31,0,0.0,500.0,kenyatta_kenya
2022-06-12 15:00:00,3.234935544788173e-31,0,0.0,500.0,kenyatta_kenya
2022-06-12 16:00:00,3.1029160689884072e-31,0,0.0,500.0,kenyatta_kenya
2022-06-12 17:00:00,2.9762843796681973e-31,0,0.0,500.0,kenyatta_kenya
2022-06-12 18:00:00,2.8548205983363735e-31,0,0.0,500.0,kenyatta_kenya
2022-06-12 19:00:00,2.7383138198622383e-31,0,0.0,500.0,kenyatta_kenya
2022-06-12 20:00:00,2.6265617462680986e-31,0,0.0,500.0,kenyatta_kenya
2022-06-12 21:00:00,2.519370335466551e-31,0,0.0,500.0,kenyatta_kenya
2022-06-12 22:00:00,2.416553464333017e-31,0,0.0,500.0,kenyatta_kenya
2022-06-12 23:00:00,2.317932605528783e-31,0,0.0,500.0,kenyatta_kenya
2022-06-13 00:00:00,2.2233365175127438e-31,0,0.0,500.0,kenyatta_kenya
2022-06-13 01:00:00,2.1326009472039607e-31,0,0.0,500.0,kenyatta_kenya
2022-06-13 02:00:00,2.0455683447789915e-31,0,0.0,500.0,kenyatta_kenya
2022-06-13 03:00:00,1.9620875901082178e-31,0,0.0,500.0,kenyatta_kenya
2022-06-13 04:00:00,1.8820137303564699e-31,0,0.0,500.0,kenyatta_kenya
2022-06-13 05:00:00,1.805207728292558e-31,0,0.0,500.0,kenyatta_kenya
2022-06-13 06:00:00,1.7315362208701753e-31,0,0.0,500.0,kenyatta_kenya
2022-06-13 07:00:00,1.6608712876612649e-31,0,0.0,500.0,kenyatta_kenya
2022-06-13 08:00:00,1.593090228739956e-31,0,0.0,500.0,kenyatta_kenya
2022-06-13 09:00:00,1.5280753516309657e-31,0,0.0,500.0,kenyatta_kenya
2022-06-13 10:00:00,1.4657137669527544e-31,0,0.0,500.0,kenyatta_kenya
2022-06-13 11:00:00,1.4058971924007958e-31,0,0.0,500.0,kenyatta_kenya
2022-06-13 12:00:00,1.3485217647301936e-31,0,0.0,500.0,kenyatta_kenya
2022-06-13 13:00:00,1.2934878594114052e-31,0,0.0,500.0,kenyatta_kenya
2022-06-13 14:00:00,1.2406999176460814e-31,0,0.0,500.0,kenyatta_kenya
2022-06-13 15:00:00,1.1900662804423086e-31,0,0.0,500.0,kenyatta_kenya
2022-06-13 16:00:00,1.141499029461344e-31,0,0.0,500.0,kenyatta_kenya
2022-06-13 17:00:00,1.0949138343596294e-31,0,0.0,500.0,kenyatta_kenya
2022-06-13 18:00:00,1.0502298063607078e-31,0,0.0,500.0,kenyatta_kenya
2022-06-13 19:00:00,1.007369357802958e-31,0,0.0,500.0,kenyatta_kenya
2022-06-13 20:00:00,9.662580674193957e-32,0,0.0,500.0,kenyatta_kenya
2022-06-13 21:00:00,9.268245511153441e-32,0,0.0,500.0,kenyatta_kenya
2022-06-13 22:00:00,8.890003380197433e-32,0,0.0,500.0,kenyatta_kenya
2022-06-13 23:00:00,8.527197515949938e-32,0,0.0,500.0,kenyatta_kenya
2022-06-14 00:00:00,8.179197955986491e-32,0,0.0,500.0,kenyatta_kenya
2022-06-14 01:00:00,7.845400446990817e-32,0,0.0,500.0,kenyatta_kenya
2022-06-14 02:00:00,7.525225395552877e-32,0,0.0,500.0,kenyatta_kenya
2022-06-14 03:00:00,7.218116861784333e-32,0,0.0,500.0,kenyatta_kenya
2022-06-14 04:00:00,6.923541594005196e-32,0,0.0,500.0,kenyatta_kenya
2022-06-14 05:00:00,6.64098810282635e-32,0,0.0,500.0,kenyatta_kenya
2022-06-14 06:00:00,6.369965773018314e-32,0,0.0,500.0,kenyatta_kenya
2022-06-14 07:00:00,6.110004011625197e-32,0,0.0,500.0,kenyatta_kenya
2022-06-14 08:00:00,5.860651430845403e-32,0,0.0,500.0,kenyatta_kenya
2022-06-14 09:00:00,5.62147506425855e-32,0,0.0,500.0,kenyatta_kenya
2022-06-14 10:00:00,5.39205961503869e-32,0,0.0,500.0,kenyatta_kenya
2022-06-14 11:00:00,5.172006734849046e-32,0,0.0,500.0,kenyatta_kenya
2022-06-14 12:00:00,4.960934332164709e-32,0,0.0,500.0,kenyatta_kenya
2022-06-14 13:00:00,4.758475908823129e-32,0,0.0,500.0,kenyatta_kenya
2022-06-14 14:00:00,4.5642799236509495e-32,0,0.0,500.0,kenyatta_kenya
2022-06-14 15:00:00,4.3780091820609337e-32,0,0.0,500.0,kenyatta_kenya
2022-06-14 16:00:00,4.1993402505598297e-32,0,0.0,500.0,kenyatta_kenya
2022-06-14 17:00:00,4.027962895151017e-32,0,0.0,500.0,kenyatta_kenya
2022-06-14 18:00:00,3.863579542655693e-32,0,0.0,500.0,kenyatta_kenya
2022-06-14 19:00:00,3.705904764017868e-32,0,0.0,500.0,kenyatta_kenya
2022-06-14 20:00:00,3.554664778696451e-32,0,0.0,500.0,kenyatta_kenya
2022-06-14 21:00:00,3.409596979282856e-32,0,0.0,500.0,kenyatta_kenya
2022-06-14 22:00:00,3.2704494755192644e-32,0,0.0,500.0,kenyatta_kenya
2022-06-14 23:00:00,3.1369806569261743e-32,0,0.0,500.0,kenyatta_kenya
2022-06-15 00:00:00,3.008958773278914e-32,0,0.0,500.0,kenyatta_kenya
2022-06-15 01:00:00,2.8861615322051655e-32,0,0.0,500.0,kenyatta_kenya
2022-06-15 02:00:00,2.768375713205138e-32,0,0.0,500.0,kenyatta_kenya
2022-06-15 03:00:00,2.6553967974233853e-32,0,0.0,500.0,kenyatta_kenya
2022-06-15 04:00:00,2.5470286125298686e-32,0,0.0,500.0,kenyatta_kenya
2022-06-15 05:00:00,2.4430829920939546e-32,0,0.0,500.0,kenyatta_kenya
2022-06-15 06:00:00,2.3433794488591915e-32,0,0.0,500.0,kenyatta_kenya
2022-06-15 07:00:00,2.2477448613519493e-32,0,0.0,500.0,kenyatta_kenya
2022-06-15 08:00:00,2.1560131732800205e-32,0,0.0,500.0,kenyatta_kenya
2022-06-15 09:00:00,2.0680251051986327e-32,0,0.0,500.0,kenyatta_kenya
2022-06-15 10:00:00,1.9836278779435355e-32,0,0.0,500.0,kenyatta_kenya
2022-06-15 11:00:00,1.9026749473512028e-32,0,0.0,500.0,kenyatta_kenya
2022-06-15 12:00:00,1.8250257498049755e-32,0,0.0,500.0,kenyatta_kenya
2022-06-15 13:00:00,1.750545458165624e-32,0,0.0,500.0,kenyatta_kenya
2022-06-15 14:00:00,1.6791047476627445e-32,0,0.0,500.0,kenyatta_kenya
2022-06-15 15:00:00,1.6105795713400196e-32,0,0.0,500.0,kenyatta_kenya
2022-06-15 16:00:00,1.5448509446646946e-32,0,0.0,500.0,kenyatta_kenya
2022-06-15 17:00:00,1.4818047389274606e-32,0,0.0,500.0,kenyatta_kenya
2022-06-15 18:00:00,1.421331483073593e-32,0,0.0,500.0,kenyatta_kenya
2022-06-15 19:00:00,1.3633261736214793e-32,0,0.0,500.0,kenyatta_kenya
2022-06-15 20:00:00,1.3076880923386593e-32,0,0.0,500.0,kenyatta_kenya
2022-06-15 21:00:00,1.2543206313584149e-32,0,0.0,500.0,kenyatta_kenya
2022-06-15 22:00:00,1.2031311254334639e-32,0,0.0,500.0,kenyatta_kenya
2022-06-15 23:00:00,1.1540306910356251e-32,0,0.0,500.0,kenyatta_kenya
2022-06-16 00:00:00,1.1069340720217553e-32,0,0.0,500.0,kenyatta_kenya
2022-06-16 01:00:00,1.06175949159815e-32,0,0.0,500.0,kenyatta_kenya
2022-06-16 02:00:00,1.0184285103264992e-32,0,0.0,500.0,kenyatta_kenya
2022-06-16 03:00:00,9.768658899245525e-33,0,0.0,500.0,kenyatta_kenya
2022-06-16 04:00:00,9.369994626251622e-33,0,0.0,500.0,kenyatta_kenya
2022-06-16 05:00:00,8.987600058669793e-33,0,0.0,500.0,kenyatta_kenya
2022-06-16 06:00:00,8.620811220989619e-33,0,0.0,500.0,kenyatta_kenya
2022-06-16 07:00:00,8.26899123490136e-33,0,0.0,500.0,kenyatta_kenya
2022-06-16 08:00:00,7.931529213445222e-33,0,0.0,500.0,kenyatta_kenya
2022-06-16 09:00:00,7.607839200289862e-33,0,0.0,500.0,kenyatta_kenya
2022-06-16 10:00:00,7.29735915229962e-33,0,0.0,500.0,kenyatta_kenya
2022-06-16 11:00:00,6.999549963624639e-33,0,0.0,500.0,kenyatta_kenya
2022-06-16 12:00:00,6.71389452961747e-33,0,0.0,500.0,kenyatta_kenya
2022-06-16 13:00:00,6.439896848951763e-33,0,0.0,500.0,kenyatta_kenya
2022-06-16 14:00:00,6.177081162384861e-33,0,0.0,500.0,kenyatta_kenya
2022-06-16 15:00:00,5.9249911266670755e-33,0,0.0,500.0,kenyatta_kenya
2022-06-16 16:00:00,5.6831890221642264e-33,0,0.0,500.0,kenyatta_kenya
2022-06-16 17:00:00,5.4512549928182926e-33,0,0.0,500.0,kenyatta_kenya
2022-06-16 18:00:00,5.228786317124907e-33,0,0.0,500.0,kenyatta_kenya
2022-06-16 19:00:00,5.0153967088627056e-33,0,0.0,500.0,kenyatta_kenya
2022-06-16 20:00:00,4.810715646360953e-33,0,0.0,500.0,kenyatta_kenya
2022-06-16 21:00:00,4.6143877291394444e-33,0,0.0,500.0,kenyatta_kenya
2022-06-16 22:00:00,4.4260720608043115e-33,0,0.0,500.0,kenyatta_kenya
2022-06-16 23:00:00,4.245441657128791e-33,0,0.0,500.0,kenyatta_kenya
2022-06-17 00:00:00,4.072182878289924e-33,0,0.0,500.0,kenyatta_kenya
2022-06-17 01:00:00,3.905994884276022e-33,0,0.0,500.0,kenyatta_kenya
2022-06-17 02:00:00,3.7465891125197705e-33,0,0.0,500.0,kenyatta_kenya
2022-06-17 03:00:00,3.593688776848881e-33,0,0.0,500.0,kenyatta_kenya
2022-06-17 04:00:00,3.447028386884864e-33,0,0.0,500.0,kenyatta_kenya
2022-06-17 05:00:00,3.306353287055866e-33,0,0.0,500.0,kenyatta_kenya
2022-06-17 06:00:00,3.171419214422161e-33,0,0.0,500.0,kenyatta_kenya
2022-06-17 07:00:00,3.0419918745470673e-33,0,0.0,500.0,kenyatta_kenya
2022-06-17 08:00:00,2.9178465346771966e-33,0,0.0,500.0,kenyatta_kenya
2022-06-17 09:00:00,2.7987676335248276e-33,0,0.0,500.0,kenyatta_kenya
2022-06-17 10:00:00,2.6845484069752935e-33,0,0.0,500.0,kenyatta_kenya
2022-06-17 11:00:00,2.5749905290698214e-33,0,0.0,500.0,kenyatta_kenya
2022-06-17 12:00:00,2.469903767639678e-33,0,0.0,500.0,kenyatta_kenya
2022-06-17 13:00:00,2.3691056539941067e-33,0,0.0,500.0,kenyatta_kenya
2022-06-17 14:00:00,2.272421166088786e-33,0,0.0,500.0,kenyatta_kenya
2022-06-17 15:00:00,2.179682424624038e-33,0,0.0,500.0,kenyatta_kenya
2022-06-17 16:00:00,2.0907284015454513e-33,0,0.0,500.0,kenyatta_kenya
2022-06-17 17:00:00,2.0054046404410276e-33,0,0.0,500.0,kenyatta_kenya
2022-06-17 18:00:00,1.9235629883487947e-33,0,0.0,500.0,kenyatta_kenya
2022-06-17 19:00:00,1.8450613385095034e-33,0,0.0,500.0,kenyatta_kenya
2022-06-17 20:00:00,1.769763383617982e-33,0,0.0,500.0,kenyatta_kenya
2022-06-17 21:00:00,1.6975383791441792e-33,0,0.0,500.0,kenyatta_kenya
2022-06-17 22:00:00,1.628260916313224e-33,0,0.0,500.0,kenyatta_kenya
2022-06-17 23:00:00,1.561810704350502e-33,0,0.0,500.0,kenyatta_kenya
2022-06-18 00:00:00,1.4980723616132128e-33,0,0.0,500.0,kenyatta_kenya
2022-06-18 01:00:00,1.4369352152459753e-33,0,0.0,500.0,kenyatta_kenya
2022-06-18 02:00:00,1.3782931090127833e-33,0,0.0,500.0,kenyatta_kenya
2022-06-18 03:00:00,1.3220442189712503e-33,0,0.0,500.0,kenyatta_kenya
2022-06-18 04:00:00,1.2680908766693024e-33,0,0.0,500.0,kenyatta_kenya
2022-06-18 05:00:00,1.2163393995574733e-33,0,0.0,500.0,kenyatta_kenya
2022-06-18 06:00:00,1.1666999283219991e-33,0,0.0,500.0,kenyatta_kenya
2022-06-18 07:00:00,1.1190862708564433e-33,0,0.0,500.0,kenyatta_kenya
2022-06-18 08:00:00,1.0734157526010767e-33,0,0.0,500.0,kenyatta_kenya
2022-06-18 09:00:00,1.0296090729898336e-33,0,0.0,500.0,kenyatta_kenya
2022-06-18 10:00:00,9.87590167755757e-34,0,0.0,500.0,kenyatta_kenya
2022-06-18 11:00:00,9.472860768559627e-34,0,0.0,500.0,kenyatta_kenya
2022-06-18 12:00:00,9.086268177865248e-34,0,0.0,500.0,kenyatta_kenya
2022-06-18 13:00:00,8.715452640674564e-34,0,0.0,500.0,kenyatta_kenya
2022-06-18 14:00:00,8.359770286868998e-34,0,0.0,500.0,kenyatta_kenya
2022-06-18 15:00:00,8.018603523019055e-34,0,0.0,500.0,kenyatta_kenya
2022-06-18 16:00:00,7.691359960018035e-34,0,0.0,500.0,kenyatta_kenya
2022-06-18 17:00:00,7.377471384480627e-34,0,0.0,500.0,kenyatta_kenya
2022-06-18 18:00:00,7.07639277211824e-34,0,0.0,500.0,kenyatta_kenya
2022-06-18 19:00:00,6.787601341379093e-34,0,0.0,500.0,kenyatta_kenya
2022-06-18 20:00:00,6.51059564571064e-34,0,0.0,500.0,kenyatta_kenya
2022-06-18 21:00:00,6.244894702866367e-34,0,0.0,500.0,kenyatta_kenya
2022-06-18 22:00:00,5.990037159746095e-34,0,0.0,500.0,kenyatta_kenya
2022-06-18 23:00:00,5.7455804913203935e-34,0,0.0,500.0,kenyatta_kenya
2022-06-19 00:00:00,5.511100232246516e-34,0,0.0,500.0,kenyatta_kenya
2022-06-19 01:00:00,5.286189239842557e-34,0,0.0,500.0,kenyatta_kenya
2022-06-19 02:00:00,5.070456987140726e-34,0,0.0,500.0,kenyatta_kenya
2022-06-19 03:00:00,4.863528884790795e-34,0,0.0,500.0,kenyatta_kenya
2022-06-19 04:00:00,4.665045630637073e-34,0,0.0,500.0,kenyatta_kenya
2022-06-19 05:00:00,4.474662585840111e-34,0,0.0,500.0,kenyatta_kenya
2022-06-19 06:00:00,4.292049176458587e-34,0,0.0,500.0,kenyatta_kenya
2022-06-19 07:00:00,4.116888319453017e-34,0,0.0,500.0,kenyatta_kenya
2022-06-19 08:00:00,3.948875872115073e-34,0,0.0,500.0,kenyatta_kenya
2022-06-19 09:00:00,3.787720103965467e-34,0,0.0,500.0,kenyatta_kenya
2022-06-19 10:00:00,3.633141190203988e-34,0,0.0,500.0,kenyatta_kenya
2022-06-19 11:00:00,3.4848707258325952e-34,0,0.0,500.0,kenyatta_kenya
2022-06-19 12:00:00,3.342651259606926e-34,0,0.0,500.0,kenyatta_kenya
2022-06-19 13:00:00,3.20623584700753e-34,0,0.0,500.0,kenyatta_kenya
2022-06-19 14:00:00,3.075387621454996e-34,0,0.0,500.0,kenyatta_kenya
2022-06-19 15:00:00,2.949879383023609e-34,0,0.0,500.0,kenyatta_kenya
2022-06-19 16:00:00,2.8294932039398414e-34,0,0.0,500.0,kenyatta_kenya
2022-06-19 17:00:00,2.71402005018104e-34,0,0.0,500.0,kenyatta_kenya
2022-06-19 18:00:00,2.603259418516492e-34,0,0.0,500.0,kenyatta_kenya
2022-06-19 19:00:00,2.4970189883610735e-34,0,0.0,500.0,kenyatta_kenya
2022-06-19 20:00:00,2.3951142878372557e-34,0,0.0,500.0,kenyatta_kenya
2022-06-19 21:00:00,2.29736837346498e-34,0,0.0,500.0,kenyatta_kenya
2022-06-19 22:00:00,2.203611522923567e-34,0,0.0,500.0,kenyatta_kenya
2022-06-19 23:00:00,2.113680940352487e-34,0,0.0,500.0,kenyatta_kenya
2022-06-20 00:00:00,2.0274204736786544e-34,0,0.0,500.0,kenyatta_kenya
2022-06-20 01:00:00,1.9446803434797715e-34,0,0.0,500.0,kenyatta_kenya
2022-06-20 02:00:00,1.8653168829131653e-34,0,0.0,500.0,kenyatta_kenya
2022-06-20 03:00:00,1.7891922882580058e-34,0,0.0,500.0,kenyatta_kenya
2022-06-20 04:00:00,1.716174379638045e-34,0,0.0,500.0,kenyatta_kenya
2022-06-20 05:00:00,1.6461363715096205e-34,0,0.0,500.0,kenyatta_kenya
2022-06-20 06:00:00,1.5789566525159346e-34,0,0.0,500.0,kenyatta_kenya
2022-06-20 07:00:00,1.514518574325614e-34,0,0.0,500.0,kenyatta_kenya
2022-06-20 08:00:00,1.452710249089085e-34,0,0.0,500.0,kenyatta_kenya
2022-06-20 09:00:00,1.3934243551606534e-34,0,0.0,500.0,kenyatta_kenya
2022-06-20 10:00:00,1.336557950749192e-34,0,0.0,500.0,kenyatta_kenya
2022-06-20 11:00:00,1.2820122951740134e-34,0,0.0,500.0,kenyatta_kenya
2022-06-20 12:00:00,1.2296926774152139e-34,0,0.0,500.0,kenyatta_kenya
2022-06-20 13:00:00,1.179508251660976e-34,0,0.0,500.0,kenyatta_kenya
2022-06-20 14:00:00,1.131371879566435e-34,0,0.0,500.0,kenyatta_kenya
2022-06-20 15:00:00,1.0851999789498844e-34,0,0.0,500.0,kenyatta_kenya
2022-06-20 16:00:00,1.040912378663783e-34,0,0.0,500.0,kenyatta_kenya
2022-06-20 17:00:00,9.984321793886908e-35,0,0.0,500.0,kenyatta_kenya
2022-06-20 18:00:00,9.576856201081409e-35,0,0.0,500.0,kenyatta_kenya
2022-06-20 19:00:00,9.186019500327518e-35,0,0.0,500.0,kenyatta_kenya
2022-06-20 20:00:00,8.811133057513067e-35,0,0.0,500.0,kenyatta_kenya
2022-06-20 21:00:00,8.451545933952419e-35,0,0.0,500.0,kenyatta_kenya
2022-06-20 22:00:00,8.106633756120728e-35,0,0.0,500.0,kenyatta_kenya
2022-06-20 23:00:00,7.775797631516018e-35,0,0.0,500.0,kenyatta_kenya
2022-06-21 00:00:00,7.458463108764442e-35,0,0.0,500.0,kenyatta_kenya
2022-06-21 01:00:00,7.154079180164266e-35,0,0.0,500.0,kenyatta_kenya
2022-06-21 02:00:00,6.862117324937519e-35,0,0.0,500.0,kenyatta_kenya
2022-06-21 03:00:00,6.582070591526092e-35,0,0.0,500.0,kenyatta_kenya
2022-06-21 04:00:00,6.313452717339907e-35,0,0.0,500.0,kenyatta_kenya
2022-06-21 05:00:00,6.05579728442945e-35,0,0.0,500.0,kenyatta_kenya
2022-06-21 06:00:00,5.808656909614932e-35,0,0.0,500.0,kenyatta_kenya
2022-06-21 07:00:00,5.571602467666765e-35,0,0.0,500.0,kenyatta_kenya
2022-06-21 08:00:00,5.344222346189194e-35,0,0.0,500.0,kenyatta_kenya
2022-06-21 09:00:00,5.126121730911786e-35,0,0.0,500.0,kenyatta_kenya
2022-06-21 10:00:00,4.916921920148609e-35,0,0.0,500.0,kenyatta_kenya
2022-06-21 11:00:00,4.716259667235343e-35,0,0.0,500.0,kenyatta_kenya
2022-06-21 12:00:00,4.5237865498012355e-35,0,0.0,500.0,kenyatta_kenya
2022-06-21 13:00:00,4.339168364781448e-35,0,0.0,500.0,kenyatta_kenya
2022-06-21 14:00:00,4.1620845481198456e-35,0,0.0,500.0,kenyatta_kenya
2022-06-21 15:00:00,3.992227618153444e-35,0,0.0,500.0,kenyatta_kenya
2022-06-21 16:00:00,3.8293026417126917e-35,0,0.0,500.0,kenyatta_kenya
2022-06-21 17:00:00,3.6730267220109686e-35,0,0.0,500.0,kenyatta_kenya
2022-06-21 18:00:00,3.523128507433091e-35,0,0.0,500.0,kenyatta_kenya
2022-06-21 19:00:00,3.379347720370459e-35,0,0.0,500.0,kenyatta_kenya
2022-06-21 20:00:00,3.241434705285129e-35,0,0.0,500.0,kenyatta_kenya
2022-06-21 21:00:00,3.109149995217192e-35,0,0.0,500.0,kenyatta_kenya
2022-06-21 22:00:00,2.9822638959832444e-35,0,0.0,500.0,kenyatta_kenya
2022-06-21 23:00:00,2.860556087344337e-35,0,0.0,500.0,kenyatta_kenya
2022-06-22 00:00:00,2.743815240450082e-35,0,0.0,500.0,kenyatta_kenya
2022-06-22 01:00:00,2.6318386508950806e-35,0,0.0,500.0,kenyatta_kenya
2022-06-22 02:00:00,2.5244318867508875e-35,0,0.0,500.0,kenyatta_kenya
2022-06-22 03:00:00,2.4214084509616034e-35,0,0.0,500.0,kenyatta_kenya
2022-06-22 04:00:00,2.3225894575173293e-35,0,0.0,500.0,kenyatta_kenya
2022-06-22 05:00:00,2.2278033208434436e-35,0,0.0,500.0,kenyatta_kenya
2022-06-22 06:00:00,2.1368854578657786e-35,0,0.0,500.0,kenyatta_kenya
2022-06-22 07:00:00,2.0496780022346783e-35,0,0.0,500.0,kenyatta_kenya
2022-06-22 08:00:00,1.966029530212015e-35,0,0.0,500.0,kenyatta_kenya
2022-06-22 09:00:00,1.8857947977446143e-35,0,0.0,500.0,kenyatta_kenya
2022-06-22 10:00:00,1.808834488267885e-35,0,0.0,500.0,kenyatta_kenya
2022-06-22 11:00:00,1.7350149708019504e-35,0,0.0,500.0,kenyatta_kenya
2022-06-22 12:00:00,1.6642080679197656e-35,0,0.0,500.0,kenyatta_kenya
2022-06-22 13:00:00,1.5962908331846007e-35,0,0.0,500.0,kenyatta_kenya
2022-06-22 14:00:00,1.5311453376706235e-35,0,0.0,500.0,kenyatta_kenya
2022-06-22 15:00:00,1.4686584651954874e-35,0,0.0,500.0,kenyatta_kenya
2022-06-22 16:00:00,1.408721715909593e-35,0,0.0,500.0,kenyatta_kenya
2022-06-22 17:00:00,1.3512310179011694e-35,0,0.0,500.0,kenyatta_kenya
2022-06-22 18:00:00,1.2960865464896634e-35,0,0.0,500.0,kenyatta_kenya
2022-06-22 19:00:00,1.243192550893872e-35,0,0.0,500.0,kenyatta_kenya
2022-06-22 20:00:00,1.192457187974012e-35,0,0.0,500.0,kenyatta_kenya
2022-06-22 21:00:00,1.1437923627586932e-35,0,0.0,500.0,kenyatta_kenya
2022-06-22 22:00:00,1.0971135754800843e-35,0,0.0,500.0,kenyatta_kenya
2022-06-22 23:00:00,1.0523397748518023e-35,0,0.0,500.0,kenyatta_kenya
2022-06-23 00:00:00,1.0093932173344626e-35,0,0.0,500.0,kenyatta_kenya
2022-06-23 01:00:00,9.68199332144685e-36,0,0.0,500.0,kenyatta_kenya
2022-06-23 02:00:00,9.286865917732862e-36,0,0.0,500.0,kenyatta_kenya
2022-06-23 03:00:00,8.907863877875626e-36,0,0.0,500.0,kenyatta_kenya
2022-06-23 04:00:00,8.544329117021584e-36,0,0.0,500.0,kenyatta_kenya
2022-06-23 05:00:00,8.195630407117696e-36,0,0.0,500.0,kenyatta_kenya
2022-06-23 06:00:00,7.861162280870443e-36,0,0.0,500.0,kenyatta_kenya
2022-06-23 07:00:00,7.540343980434919e-36,0,0.0,500.0,kenyatta_kenya
2022-06-23 08:00:00,7.232618449009492e-36,0,0.0,500.0,kenyatta_kenya
2022-06-23 09:00:00,6.937451363583018e-36,0,0.0,500.0,kenyatta_kenya
2022-06-23 10:00:00,6.654330207156214e-36,0,0.0,500.0,kenyatta_kenya
2022-06-23 11:00:00,6.382763378827078e-36,0,0.0,500.0,kenyatta_kenya
2022-06-23 12:00:00,6.12227934019329e-36,0,0.0,500.0,kenyatta_kenya
2022-06-23 13:00:00,5.872425796590468e-36,0,0.0,500.0,kenyatta_kenya
2022-06-23 14:00:00,5.632768911745283e-36,0,0.0,500.0,kenyatta_kenya
2022-06-23 15:00:00,5.402892554478241e-36,0,0.0,500.0,kenyatta_kenya
2022-06-23 16:00:00,5.182397576148963e-36,0,0.0,500.0,kenyatta_kenya
2022-06-23 17:00:00,4.9709011175900144e-36,0,0.0,500.0,kenyatta_kenya
2022-06-23 18:00:00,4.76803594432442e-36,0,0.0,500.0,kenyatta_kenya
2022-06-23 19:00:00,4.5734498089133756e-36,0,0.0,500.0,kenyatta_kenya
2022-06-23 20:00:00,4.386804839327492e-36,0,0.0,500.0,kenyatta_kenya
2022-06-23 21:00:00,4.207776952278317e-36,0,0.0,500.0,kenyatta_kenya
2022-06-23 22:00:00,4.036055290492163e-36,0,0.0,500.0,kenyatta_kenya
2022-06-23 23:00:00,3.871341682949625e-36,0,0.0,500.0,kenyatta_kenya
2022-06-24 00:00:00,3.713350127152463e-36,0,0.0,500.0,kenyatta_kenya
2022-06-24 01:00:00,3.561806292519504e-36,0,0.0,500.0,kenyatta_kenya
2022-06-24 02:00:00,3.416447044049678e-36,0,0.0,500.0,kenyatta_kenya
2022-06-24 03:00:00,3.2770199854241623e-36,0,0.0,500.0,kenyatta_kenya
2022-06-24 04:00:00,3.143283020754783e-36,0,0.0,500.0,kenyatta_kenya
2022-06-24 05:00:00,3.015003934218139e-36,0,0.0,500.0,kenyatta_kenya
2022-06-24 06:00:00,2.8919599868446394e-36,0,0.0,500.0,kenyatta_kenya
2022-06-24 07:00:00,2.7739375297628466e-36,0,0.0,500.0,kenyatta_kenya
2022-06-24 08:00:00,2.660731633227876e-36,0,0.0,500.0,kenyatta_kenya
2022-06-24 09:00:00,2.5521457307889813e-36,0,0.0,500.0,kenyatta_kenya
2022-06-24 10:00:00,2.4479912779788765e-36,0,0.0,500.0,kenyatta_kenya
2022-06-24 11:00:00,2.3480874249324528e-36,0,0.0,500.0,kenyatta_kenya
2022-06-24 12:00:00,2.252260702365775e-36,0,0.0,500.0,kenyatta_kenya
2022-06-24 13:00:00,2.1603447203704638e-36,0,0.0,500.0,kenyatta_kenya
2022-06-24 14:00:00,2.0721798795007278e-36,0,0.0,500.0,kenyatta_kenya
2022-06-24 15:00:00,1.987613093650802e-36,0,0.0,500.0,kenyatta_kenya
2022-06-24 16:00:00,1.906497524241918e-36,0,0.0,500.0,kenyatta_kenya
2022-06-24 17:00:00,1.8286923252575128e-36,0,0.0,500.0,kenyatta_kenya
2022-06-24 18:00:00,1.754062398683418e-36,0,0.0,500.0,kenyatta_kenya
2022-06-24 19:00:00,1.682478159928692e-36,0,0.0,500.0,kenyatta_kenya
2022-06-24 20:00:00,1.6138153128199766e-36,0,0.0,500.0,kenyatta_kenya
2022-06-24 21:00:00,1.5479546337782216e-36,0,0.0,500.0,kenyatta_kenya
2022-06-24 22:00:00,1.4847817648033004e-36,0,0.0,500.0,kenyatta_kenya
2022-06-24 23:00:00,1.4241870149072188e-36,0,0.0,500.0,kenyatta_kenya
2022-06-25 00:00:00,1.3660651696507525e-36,0,0.0,500.0,kenyatta_kenya
2022-06-25 01:00:00,1.3103153084530019e-36,0,0.0,500.0,kenyatta_kenya
2022-06-25 02:00:00,1.2568406293568218e-36,0,0.0,500.0,kenyatta_kenya
2022-06-25 03:00:00,1.205548280945489e-36,0,0.0,500.0,kenyatta_kenya
2022-06-25 04:00:00,1.1563492011189528e-36,0,0.0,500.0,kenyatta_kenya
2022-06-25 05:00:00,1.1091579624498687e-36,0,0.0,500.0,kenyatta_kenya
2022-06-25 06:00:00,1.0638926238505776e-36,0,0.0,500.0,kenyatta_kenya
2022-06-25 07:00:00,1.0204745882936473e-36,0,0.0,500.0,kenyatta_kenya
2022-06-25 08:00:00,9.788284663390503e-37,0,0.0,500.0,kenyatta_kenya
2022-06-25 09:00:00,9.388819452307328e-37,0,0.0,500.0,kenyatta_kenya
2022-06-25 10:00:00,9.005656633354339e-37,0,0.0,500.0,kenyatta_kenya
2022-06-25 11:00:00,8.638130897058416e-37,0,0.0,500.0,kenyatta_kenya
2022-06-25 12:00:00,8.285604085587215e-37,0,0.0,500.0,kenyatta_kenya
2022-06-25 13:00:00,7.947464084675619e-37,0,0.0,500.0,kenyatta_kenya
2022-06-25 14:00:00,7.623123760774346e-37,0,0.0,500.0,kenyatta_kenya
2022-06-25 15:00:00,7.312019941572986e-37,0,0.0,500.0,kenyatta_kenya
2022-06-25 16:00:00,7.01361243812855e-37,0,0.0,500.0,kenyatta_kenya
2022-06-25 17:00:00,6.727383106902391e-37,0,0.0,500.0,kenyatta_kenya
2022-06-25 18:00:00,6.452834950074954e-37,0,0.0,500.0,kenyatta_kenya
2022-06-25 19:00:00,6.189491252577239e-37,0,0.0,500.0,kenyatta_kenya
2022-06-25 20:00:00,5.936894754341293e-37,0,0.0,500.0,kenyatta_kenya
2022-06-25 21:00:00,5.6946068563307696e-37,0,0.0,500.0,kenyatta_kenya
2022-06-25 22:00:00,5.462206858973861e-37,0,0.0,500.0,kenyatta_kenya
2022-06-25 23:00:00,5.239291231676923e-37,0,0.0,500.0,kenyatta_kenya
2022-06-26 00:00:00,5.0254729121489036e-37,0,0.0,500.0,kenyatta_kenya
2022-06-26 01:00:00,4.8203806343207644e-37,0,0.0,500.0,kenyatta_kenya
2022-06-26 02:00:00,4.623658283693516e-37,0,0.0,500.0,kenyatta_kenya
2022-06-26 03:00:00,4.434964278994194e-37,0,0.0,500.0,kenyatta_kenya
2022-06-26 04:00:00,4.253970979066842e-37,0,0.0,500.0,kenyatta_kenya
2022-06-26 05:00:00,4.080364113969133e-37,0,0.0,500.0,kenyatta_kenya
2022-06-26 06:00:00,3.9138422392857e-37,0,0.0,500.0,kenyatta_kenya
2022-06-26 07:00:00,3.7541162127112456e-37,0,0.0,500.0,kenyatta_kenya
2022-06-26 08:00:00,3.600908691995097e-37,0,0.0,500.0,kenyatta_kenya
2022-06-26 09:00:00,3.4539536533743875e-37,0,0.0,500.0,kenyatta_kenya
2022-06-26 10:00:00,3.312995929660287e-37,0,0.0,500.0,kenyatta_kenya
2022-06-26 11:00:00,3.17779076717562e-37,0,0.0,500.0,kenyatta_kenya
2022-06-26 12:00:00,3.0481034007736435e-37,0,0.0,500.0,kenyatta_kenya
2022-06-26 13:00:00,2.9237086462005754e-37,0,0.0,500.0,kenyatta_kenya
2022-06-26 14:00:00,2.8043905090944098e-37,0,0.0,500.0,kenyatta_kenya
2022-06-26 15:00:00,2.6899418099403124e-37,0,0.0,500.0,kenyatta_kenya
2022-06-26 16:00:00,2.580163824331808e-37,0,0.0,500.0,kenyatta_kenya
2022-06-26 17:00:00,2.4748659379134533e-37,0,0.0,500.0,kenyatta_kenya
2022-06-26 18:00:00,2.3738653154051255e-37,0,0.0,500.0,kenyatta_kenya
2022-06-26 19:00:00,2.276986583133645e-37,0,0.0,500.0,kenyatta_kenya
2022-06-26 20:00:00,2.184061524520742e-37,0,0.0,500.0,kenyatta_kenya
2022-06-26 21:00:00,2.094928787998027e-37,0,0.0,500.0,kenyatta_kenya
2022-06-26 22:00:00,2.009433606842123e-37,0,0.0,500.0,kenyatta_kenya
2022-06-26 23:00:00,1.9274275304437443e-37,0,0.0,500.0,kenyatta_kenya
2022-06-27 00:00:00,1.8487681665435597e-37,0,0.0,500.0,kenyatta_kenya
2022-06-27 01:00:00,1.7733189339875654e-37,0,0.0,500.0,kenyatta_kenya
2022-06-27 02:00:00,1.7009488255728806e-37,0,0.0,500.0,kenyatta_kenya
2022-06-27 03:00:00,1.6315321805716926e-37,0,0.0,500.0,kenyatta_kenya
2022-06-27 04:00:00,1.564948466538643e-37,0,0.0,500.0,kenyatta_kenya
2022-06-27 05:00:00,1.501082070022972e-37,0,0.0,500.0,kenyatta_kenya
2022-06-27 06:00:00,1.4398220958216098e-37,0,0.0,500.0,kenyatta_kenya
2022-06-27 07:00:00,1.3810621744248646e-37,0,0.0,500.0,kenyatta_kenya
2022-06-27 08:00:00,1.3247002773205455e-37,0,0.0,500.0,kenyatta_kenya
2022-06-27 09:00:00,1.270638539835431e-37,0,0.0,500.0,kenyatta_kenya
2022-06-27 10:00:00,1.2187830912066893e-37,0,0.0,500.0,kenyatta_kenya
2022-06-27 11:00:00,1.1690438915883361e-37,0,0.0,500.0,kenyatta_kenya
2022-06-27 12:00:00,1.1213345757093808e-37,0,0.0,500.0,kenyatta_kenya
2022-06-27 13:00:00,1.075572302912382e-37,0,0.0,500.0,kenyatta_kenya
2022-06-27 14:00:00,1.0316776133121481e-37,0,0.0,500.0,kenyatta_kenya
2022-06-27 15:00:00,9.895742898245403e-38,0,0.0,500.0,kenyatta_kenya
2022-06-27 16:00:00,9.491892258259572e-38,0,0.0,500.0,kenyatta_kenya
2022-06-27 17:00:00,9.104522982138386e-38,0,0.0,500.0,kenyatta_kenya
2022-06-27 18:00:00,8.732962456475075e-38,0,0.0,500.0,kenyatta_kenya
2022-06-27 19:00:00,8.376565517580773e-38,0,0.0,500.0,kenyatta_kenya
2022-06-27 20:00:00,8.034713331247391e-38,0,0.0,500.0,kenyatta_kenya
2022-06-27 21:00:00,7.706812318226813e-38,0,0.0,500.0,kenyatta_kenya
2022-06-27 22:00:00,7.39229312356196e-38,0,0.0,500.0,kenyatta_kenya
2022-06-27 23:00:00,7.090609627980979e-38,0,0.0,500.0,kenyatta_kenya
2022-06-28 00:00:00,6.801237999635968e-38,0,0.0,500.0,kenyatta_kenya
2022-06-28 01:00:00,6.523675784540832e-38,0,0.0,500.0,kenyatta_kenya
2022-06-28 02:00:00,6.257441034129722e-38,0,0.0,500.0,kenyatta_kenya
2022-06-28 03:00:00,6.00207146841939e-38,0,0.0,500.0,kenyatta_kenya
2022-06-28 04:00:00,5.757123673323415e-38,0,0.0,500.0,kenyatta_kenya
2022-06-28 05:00:00,5.522172330725229e-38,0,0.0,500.0,kenyatta_kenya
2022-06-28 06:00:00,5.296809479971486e-38,0,0.0,500.0,kenyatta_kenya
2022-06-28 07:00:00,5.080643809504362e-38,0,0.0,500.0,kenyatta_kenya
2022-06-28 08:00:00,4.87329997740337e-38,0,0.0,500.0,kenyatta_kenya
2022-06-28 09:00:00,4.6744179596555584e-38,0,0.0,500.0,kenyatta_kenya
2022-06-28 10:00:00,4.4836524250231985e-38,0,0.0,500.0,kenyatta_kenya
2022-06-28 11:00:00,4.300672135424052e-38,0,0.0,500.0,kenyatta_kenya
2022-06-28 12:00:00,4.125159370781835e-38,0,0.0,500.0,kenyatta_kenya
2022-06-28 13:00:00,3.9568093773488837e-38,0,0.0,500.0,kenyatta_kenya
2022-06-28 14:00:00,3.795329838543604e-38,0,0.0,500.0,kenyatta_kenya
2022-06-28 15:00:00,3.6404403673827875e-38,0,0.0,500.0,kenyatta_kenya
2022-06-28 16:00:00,3.49187201962807e-38,0,0.0,500.0,kenyatta_kenya
2022-06-28 17:00:00,3.349366826801624e-38,0,0.0,500.0,kenyatta_kenya
2022-06-28 18:00:00,3.212677348259237e-38,0,0.0,500.0,kenyatta_kenya
2022-06-28 19:00:00,3.081566241543588e-38,0,0.0,500.0,kenyatta_kenya
2022-06-28 20:00:00,2.9558058502720277e-38,0,0.0,500.0,kenyatta_kenya
2022-06-28 21:00:00,2.8351778088424677e-38,0,0.0,500.0,kenyatta_kenya
2022-06-28 22:00:00,2.7194726632714693e-38,0,0.0,500.0,kenyatta_kenya
2022-06-28 23:00:00,2.6084895075064905e-38,0,0.0,500.0,kenyatta_kenya
2022-06-29 00:00:00,2.502035634580058e-38,0,0.0,500.0,kenyatta_kenya
2022-06-29 01:00:00,2.399926202000552e-38,0,0.0,500.0,kenyatta_kenya
2022-06-29 02:00:00,2.3019839107988946e-38,0,0.0,500.0,kenyatta_kenya
2022-06-29 03:00:00,2.208038697673184e-38,0,0.0,500.0,kenyatta_kenya
2022-06-29 04:00:00,2.1179274396970994e-38,0,0.0,500.0,kenyatta_kenya
2022-06-29 05:00:00,2.0314936710795978e-38,0,0.0,500.0,kenyatta_kenya
2022-06-29 06:00:00,1.9485873114835085e-38,0,0.0,500.0,kenyatta_kenya
2022-06-29 07:00:00,1.8690644054316125e-38,0,0.0,500.0,kenyatta_kenya
2022-06-29 08:00:00,1.7927868723479544e-38,0,0.0,500.0,kenyatta_kenya
2022-06-29 09:00:00,1.71962226679984e-38,0,0.0,500.0,kenyatta_kenya
2022-06-29 10:00:00,1.6494435485245166e-38,0,0.0,500.0,kenyatta_kenya
2022-06-29 11:00:00,1.582128861841394e-38,0,0.0,500.0,kenyatta_kenya
2022-06-29 12:00:00,1.5175613240663597e-38,0,0.0,500.0,kenyatta_kenya
2022-06-29 13:00:00,1.4556288225610296e-38,0,0.0,500.0,kenyatta_kenya
2022-06-29 14:00:00,1.3962238200647215e-38,0,0.0,500.0,kenyatta_kenya
2022-06-29 15:00:00,1.3392431679707402e-38,0,0.0,500.0,kenyatta_kenya
2022-06-29 16:00:00,1.2845879272229705e-38,0,0.0,500.0,kenyatta_kenya
2022-06-29 17:00:00,1.2321631965219483e-38,0,0.0,500.0,kenyatta_kenya
2022-06-29 18:00:00,1.1818779475417594e-38,0,0.0,500.0,kenyatta_kenya
2022-06-29 19:00:00,1.1336448668718369e-38,0,0.0,500.0,kenyatta_kenya
2022-06-29 20:00:00,1.0873802044093535e-38,0,0.0,500.0,kenyatta_kenya
2022-06-29 21:00:00,1.0430036279386412e-38,0,0.0,500.0,kenyatta_kenya
2022-06-29 22:00:00,1.0004380836453222e-38,0,0.0,500.0,kenyatta_kenya
2022-06-29 23:00:00,9.596096623230586e-39,0,0.0,500.0,kenyatta_kenya
2022-06-30 00:00:00,9.204474710403466e-39,0,0.0,500.0,kenyatta_kenya
2022-06-30 01:00:00,8.828835100446652e-39,0,0.0,500.0,kenyatta_kenya
2022-06-30 02:00:00,8.468525546903488e-39,0,0.0,500.0,kenyatta_kenya
2022-06-30 03:00:00,8.1229204218493e-39,0,0.0,500.0,kenyatta_kenya
2022-06-30 04:00:00,7.791419629574326e-39,0,0.0,500.0,kenyatta_kenya
2022-06-30 05:00:00,7.473447564600844e-39,0,0.0,500.0,kenyatta_kenya
2022-06-30 06:00:00,7.168452112223163e-39,0,0.0,500.0,kenyatta_kenya
2022-06-30 07:00:00,6.875903689836158e-39,0,0.0,500.0,kenyatta_kenya
2022-06-30 08:00:00,6.595294327388633e-39,0,0.0,500.0,kenyatta_kenya
2022-06-30 09:00:00,6.326136785362941e-39,0,0.0,500.0,kenyatta_kenya
2022-06-30 10:00:00,6.0679637087504e-39,0,0.0,500.0,kenyatta_kenya
2022-06-30 11:00:00,5.8203268155542214e-39,0,0.0,500.0,kenyatta_kenya
2022-06-30 12:00:00,5.582796118409265e-39,0,0.0,500.0,kenyatta_kenya
2022-06-30 13:00:00,5.3549591779679617e-39,0,0.0,500.0,kenyatta_kenya
2022-06-30 14:00:00,5.1364203867566615e-39,0,0.0,500.0,kenyatta_kenya
2022-06-30 15:00:00,4.926800282257479e-39,0,0.0,500.0,kenyatta_kenya
2022-06-30 16:00:00,4.725734888023677e-39,0,0.0,500.0,kenyatta_kenya
2022-06-30 17:00:00,4.532875081685124e-39,0,0.0,500.0,kenyatta_kenya
2022-06-30 18:00:00,4.347885988745135e-39,0,0.0,500.0,kenyatta_kenya
2022-06-30 19:00:00,4.1704464011168554e-39,0,0.0,500.0,kenyatta_kenya
2022-06-30 20:00:00,4.000248219390016e-39,0,0.0,500.0,kenyatta_kenya
2022-06-30 21:00:00,3.836995917858543e-39,0,0.0,500.0,kenyatta_kenya
2022-06-30 22:00:00,3.680406031380698e-39,0,0.0,500.0,kenyatta_kenya
2022-06-30 23:00:00,3.530206663181233e-39,0,0.0,500.0,kenyatta_kenya
2022-07-01 00:00:00,3.3861370127399005e-39,0,0.0,500.0,kenyatta_kenya
2022-07-01 01:00:00,3.247946922947129e-39,0,0.0,500.0,kenyatta_kenya
2022-07-01 02:00:00,3.1153964457409376e-39,0,0.0,500.0,kenyatta_kenya
2022-07-01 03:00:00,2.9882554254700167e-39,0,0.0,500.0,kenyatta_kenya
2022-07-01 04:00:00,2.866303099260009e-39,0,0.0,500.0,kenyatta_kenya
2022-07-01 05:00:00,2.749327713689435e-39,0,0.0,500.0,kenyatta_kenya
2022-07-01 06:00:00,2.6371261571089025e-39,0,0.0,500.0,kenyatta_kenya
2022-07-01 07:00:00,2.5295036069655837e-39,0,0.0,500.0,kenyatta_kenya
2022-07-01 08:00:00,2.4262731915209144e-39,0,0.0,500.0,kenyatta_kenya
2022-07-01 09:00:00,2.3272556653734234e-39,0,0.0,500.0,kenyatta_kenya
2022-07-01 10:00:00,2.2322790982236894e-39,0,0.0,500.0,kenyatta_kenya
2022-07-01 11:00:00,2.1411785763412472e-39,0,0.0,500.0,kenyatta_kenya
2022-07-01 12:00:00,2.0537959162144978e-39,0,0.0,500.0,kenyatta_kenya
2022-07-01 13:00:00,1.9699793898867398e-39,0,0.0,500.0,kenyatta_kenya
2022-07-01 14:00:00,1.8895834615016444e-39,0,0.0,500.0,kenyatta_kenya
2022-07-01 15:00:00,1.8124685346001856e-39,0,0.0,500.0,kenyatta_kenya
2022-07-01 16:00:00,1.7385007097305393e-39,0,0.0,500.0,kenyatta_kenya
2022-07-01 17:00:00,1.6675515519502792e-39,0,0.0,500.0,kenyatta_kenya
2022-07-01 18:00:00,1.5994978678167045e-39,0,0.0,500.0,kenyatta_kenya
2022-07-01 19:00:00,1.5342214914783215e-39,0,0.0,500.0,kenyatta_kenya
2022-07-01 20:00:00,1.4716090794962565e-39,0,0.0,500.0,kenyatta_kenya
2022-07-01 21:00:00,1.4115519140389062e-39,0,0.0,500.0,kenyatta_kenya
2022-07-01 22:00:00,1.353945714108337e-39,0,0.0,500.0,kenyatta_kenya
2022-07-01 23:00:00,1.298690454470814e-39,0,0.0,500.0,kenyatta_kenya
2022-07-02 00:00:00,1.245690191976692e-39,0,0.0,500.0,kenyatta_kenya
2022-07-02 01:00:00,1.1948528989682955e-39,0,0.0,500.0,kenyatta_kenya
2022-07-02 02:00:00,1.1460903034866737e-39,0,0.0,500.0,kenyatta_kenya
2022-07-02 03:00:00,1.0993177359994403e-39,0,0.0,500.0,kenyatta_kenya
2022-07-02 04:00:00,1.0544539823837453e-39,0,0.0,500.0,kenyatta_kenya
2022-07-02 05:00:00,1.0114211429092286e-39,0,0.0,500.0,kenyatta_kenya
2022-07-02 06:00:00,9.701444969758163e-40,0,0.0,500.0,kenyatta_kenya
2022-07-02 07:00:00,9.305523733716467e-40,0,0.0,500.0,kenyatta_kenya
2022-07-02 08:00:00,8.925760258259658e-40,0,0.0,500.0,kenyatta_kenya
2022-07-02 09:00:00,8.561495136406483e-40,0,0.0,500.0,kenyatta_kenya
2022-07-02 10:00:00,8.212095871932221e-40,0,0.0,500.0,kenyatta_kenya
2022-07-02 11:00:00,7.876955781126824e-40,0,0.0,500.0,kenyatta_kenya
2022-07-02 12:00:00,7.555492939371801e-40,0,0.0,500.0,kenyatta_kenya
2022-07-02 13:00:00,7.247149170707928e-40,0,0.0,500.0,kenyatta_kenya
2022-07-02 14:00:00,6.951389078640246e-40,0,0.0,500.0,kenyatta_kenya
2022-07-02 15:00:00,6.667699116495393e-40,0,0.0,500.0,kenyatta_kenya
2022-07-02 16:00:00,6.395586695718266e-40,0,0.0,500.0,kenyatta_kenya
2022-07-02 17:00:00,6.1345793305604016e-40,0,0.0,500.0,kenyatta_kenya
2022-07-02 18:00:00,5.884223817673228e-40,0,0.0,500.0,kenyatta_kenya
2022-07-02 19:00:00,5.6440854491826176e-40,0,0.0,500.0,kenyatta_kenya
2022-07-02 20:00:00,5.4137472578790346e-40,0,0.0,500.0,kenyatta_kenya
2022-07-02 21:00:00,5.192809293211126e-40,0,0.0,500.0,kenyatta_kenya
2022-07-02 22:00:00,4.980887926826444e-40,0,0.0,500.0,kenyatta_kenya
2022-07-02 23:00:00,4.777615186454095e-40,0,0.0,500.0,kenyatta_kenya
2022-07-03 00:00:00,4.582638116971321e-40,0,0.0,500.0,kenyatta_kenya
2022-07-03 01:00:00,4.3956181675453445e-40,0,0.0,500.0,kenyatta_kenya
2022-07-03 02:00:00,4.2162306037868635e-40,0,0.0,500.0,kenyatta_kenya
2022-07-03 03:00:00,4.044163943893294e-40,0,0.0,500.0,kenyatta_kenya
2022-07-03 04:00:00,3.8791194178033415e-40,0,0.0,500.0,kenyatta_kenya
2022-07-03 05:00:00,3.720810448424286e-40,0,0.0,500.0,kenyatta_kenya
2022-07-03 06:00:00,3.5689621540301333e-40,0,0.0,500.0,kenyatta_kenya
2022-07-03 07:00:00,3.4233108709672074e-40,0,0.0,500.0,kenyatta_kenya
2022-07-03 08:00:00,3.283603695838831e-40,0,0.0,500.0,kenyatta_kenya
2022-07-03 09:00:00,3.1495980463732377e-40,0,0.0,500.0,kenyatta_kenya
2022-07-03 10:00:00,3.021061240212734e-40,0,0.0,500.0,kenyatta_kenya
2022-07-03 11:00:00,2.8977700908930986e-40,0,0.0,500.0,kenyatta_kenya
2022-07-03 12:00:00,2.7795105203108754e-40,0,0.0,500.0,kenyatta_kenya
2022-07-03 13:00:00,2.666077187006114e-40,0,0.0,500.0,kenyatta_kenya
2022-07-03 14:00:00,2.5572731296154413e-40,0,0.0,500.0,kenyatta_kenya
2022-07-03 15:00:00,2.4529094248756447e-40,0,0.0,500.0,kenyatta_kenya
2022-07-03 16:00:00,2.352804859584347e-40,0,0.0,500.0,kenyatta_kenya
2022-07-03 17:00:00,2.256785615948441e-40,0,0.0,500.0,kenyatta_kenya
2022-07-03 18:00:00,2.164684969773318e-40,0,0.0,500.0,kenyatta_kenya
2022-07-03 19:00:00,2.0763430009691698e-40,0,0.0,500.0,kenyatta_kenya
2022-07-03 20:00:00,1.9916063158719676e-40,0,0.0,500.0,kenyatta_kenya
2022-07-03 21:00:00,1.9103277808963817e-40,0,0.0,500.0,kenyatta_kenya
2022-07-03 22:00:00,1.8323662670584959e-40,0,0.0,500.0,kenyatta_kenya
2022-07-03 23:00:00,1.757586404924929e-40,0,0.0,500.0,kenyatta_kenya
2022-07-04 00:00:00,1.6858583495623603e-40,0,0.0,500.0,kenyatta_kenya
2022-07-04 01:00:00,1.6170575550796208e-40,0,0.0,500.0,kenyatta_kenya
2022-07-04 02:00:00,1.5510645583710442e-40,0,0.0,500.0,kenyatta_kenya
2022-07-04 03:00:00,1.487764771685161e-40,0,0.0,500.0,kenyatta_kenya
2022-07-04 04:00:00,1.4270482836587838e-40,0,0.0,500.0,kenyatta_kenya
2022-07-04 05:00:00,1.3688096684711896e-40,0,0.0,500.0,kenyatta_kenya
2022-07-04 06:00:00,1.3129478027866324e-40,0,0.0,500.0,kenyatta_kenya
2022-07-04 07:00:00,1.2593656901675397e-40,0,0.0,500.0,kenyatta_kenya
2022-07-04 08:00:00,1.2079702926536717e-40,0,0.0,500.0,kenyatta_kenya
2022-07-04 09:00:00,1.1586723692144532e-40,0,0.0,500.0,kenyatta_kenya
2022-07-04 10:00:00,1.111386320794165e-40,0,0.0,500.0,kenyatta_kenya
2022-07-04 11:00:00,1.0660300416810727e-40,0,0.0,500.0,kenyatta_kenya
2022-07-04 12:00:00,1.0225247769421098e-40,0,0.0,500.0,kenyatta_kenya
2022-07-04 13:00:00,9.8079498567574e-41,0,0.0,500.0,kenyatta_kenya
2022-07-04 14:00:00,9.407682098456737e-41,0,0.0,500.0,kenyatta_kenya
2022-07-04 15:00:00,9.023749484674161e-41,0,0.0,500.0,kenyatta_kenya
2022-07-04 16:00:00,8.655485369293433e-41,0,0.0,500.0,kenyatta_kenya
2022-07-04 17:00:00,8.302250312388617e-41,0,0.0,500.0,kenyatta_kenya
2022-07-04 18:00:00,7.963430969924286e-41,0,0.0,500.0,kenyatta_kenya
2022-07-04 19:00:00,7.638439028767738e-41,0,0.0,500.0,kenyatta_kenya
2022-07-04 20:00:00,7.326710185164946e-41,0,0.0,500.0,kenyatta_kenya
2022-07-04 21:00:00,7.027703164904422e-41,0,0.0,500.0,kenyatta_kenya
2022-07-04 22:00:00,6.740898783468813e-41,0,0.0,500.0,kenyatta_kenya
2022-07-04 23:00:00,6.465799044543071e-41,0,0.0,500.0,kenyatta_kenya
2022-07-05 00:00:00,6.201926275312112e-41,0,0.0,500.0,kenyatta_kenya
2022-07-05 01:00:00,5.948822297047494e-41,0,0.0,500.0,kenyatta_kenya
2022-07-05 02:00:00,5.706047629543697e-41,0,0.0,500.0,kenyatta_kenya
2022-07-05 03:00:00,5.473180728020954e-41,0,0.0,500.0,kenyatta_kenya
2022-07-05 04:00:00,5.249817251170593e-41,0,0.0,500.0,kenyatta_kenya
2022-07-05 05:00:00,5.035569359072485e-41,0,0.0,500.0,kenyatta_kenya
2022-07-05 06:00:00,4.830065039764194e-41,0,0.0,500.0,kenyatta_kenya
2022-07-05 07:00:00,4.632947463293223e-41,0,0.0,500.0,kenyatta_kenya
2022-07-05 08:00:00,4.4438743621313636e-41,0,0.0,500.0,kenyatta_kenya
2022-07-05 09:00:00,4.262517436874042e-41,0,0.0,500.0,kenyatta_kenya
2022-07-05 10:00:00,4.088561786193428e-41,0,0.0,500.0,kenyatta_kenya
2022-07-05 11:00:00,3.9217053600560244e-41,0,0.0,500.0,kenyatta_kenya
2022-07-05 12:00:00,3.7616584352541707e-41,0,0.0,500.0,kenyatta_kenya
2022-07-05 13:00:00,3.608143112341441e-41,0,0.0,500.0,kenyatta_kenya
2022-07-05 14:00:00,3.4608928330988466e-41,0,0.0,500.0,kenyatta_kenya
2022-07-05 15:00:00,3.319651917693021e-41,0,0.0,500.0,kenyatta_kenya
2022-07-05 16:00:00,3.184175120723263e-41,0,0.0,500.0,kenyatta_kenya
2022-07-05 17:00:00,3.0542272053869575e-41,0,0.0,500.0,kenyatta_kenya
2022-07-05 18:00:00,2.929582535023104e-41,0,0.0,500.0,kenyatta_kenya
2022-07-05 19:00:00,2.8100246813252107e-41,0,0.0,500.0,kenyatta_kenya
2022-07-05 20:00:00,2.6953460485435946e-41,0,0.0,500.0,kenyatta_kenya
2022-07-05 21:00:00,2.585347513023816e-41,0,0.0,500.0,kenyatta_kenya
2022-07-05 22:00:00,2.4798380774557624e-41,0,0.0,500.0,kenyatta_kenya
2022-07-05 23:00:00,2.3786345392333504e-41,0,0.0,500.0,kenyatta_kenya
2022-07-06 00:00:00,2.2815611723483046e-41,0,0.0,500.0,kenyatta_kenya
2022-07-06 01:00:00,2.1884494222660485e-41,0,0.0,500.0,kenyatta_kenya
2022-07-06 02:00:00,2.0991376132541678e-41,0,0.0,500.0,kenyatta_kenya
2022-07-06 03:00:00,2.013470667654657e-41,0,0.0,500.0,kenyatta_kenya
2022-07-06 04:00:00,1.931299836612835e-41,0,0.0,500.0,kenyatta_kenya
2022-07-06 05:00:00,1.852482441795624e-41,0,0.0,500.0,kenyatta_kenya
2022-07-06 06:00:00,1.776881627650172e-41,0,0.0,500.0,kenyatta_kenya
2022-07-06 07:00:00,1.7043661237729622e-41,0,0.0,500.0,kenyatta_kenya
2022-07-06 08:00:00,1.634810016976986e-41,0,0.0,500.0,kenyatta_kenya
2022-07-06 09:00:00,1.568092532660751e-41,0,0.0,500.0,kenyatta_kenya
2022-07-06 10:00:00,1.5040978250997525e-41,0,0.0,500.0,kenyatta_kenya
2022-07-06 11:00:00,1.4427147762964601e-41,0,0.0,500.0,kenyatta_kenya
2022-07-06 12:00:00,1.3838368030391464e-41,0,0.0,500.0,kenyatta_kenya
2022-07-06 13:00:00,1.327361671834758e-41,0,0.0,500.0,kenyatta_kenya
2022-07-06 14:00:00,1.2731913213946534e-41,0,0.0,500.0,kenyatta_kenya
2022-07-06 15:00:00,1.2212316923646152e-41,0,0.0,500.0,kenyatta_kenya
2022-07-06 16:00:00,1.1713925640036841e-41,0,0.0,500.0,kenyatta_kenya
2022-07-06 17:00:00,1.1235873975283697e-41,0,0.0,500.0,kenyatta_kenya
2022-07-06 18:00:00,1.0777331858499167e-41,0,0.0,500.0,kenyatta_kenya
2022-07-06 19:00:00,1.0337503094438788e-41,0,0.0,500.0,kenyatta_kenya
2022-07-06 20:00:00,9.915623981018727e-42,0,0.0,500.0,kenyatta_kenya
2022-07-06 21:00:00,9.510961983251795e-42,0,0.0,500.0,kenyatta_kenya
2022-07-06 22:00:00,9.122814461300898e-42,0,0.0,500.0,kenyatta_kenya
2022-07-06 23:00:00,8.750507450442562e-42,0,0.0,500.0,kenyatta_kenya
2022-07-07 00:00:00,8.39339449081955e-42,0,0.0,500.0,kenyatta_kenya
2022-07-07 01:00:00,8.050855504951998e-42,0,0.0,500.0,kenyatta_kenya
2022-07-07 02:00:00,7.722295721058985e-42,0,0.0,500.0,kenyatta_kenya
2022-07-07 03:00:00,7.407144640318861e-42,0,0.0,500.0,kenyatta_kenya
2022-07-07 04:00:00,7.104855046276277e-42,0,0.0,500.0,kenyatta_kenya
2022-07-07 05:00:00,6.814902054676831e-42,0,0.0,500.0,kenyatta_kenya
2022-07-07 06:00:00,6.536782202077482e-42,0,0.0,500.0,kenyatta_kenya
2022-07-07 07:00:00,6.270012571651346e-42,0,0.0,500.0,kenyatta_kenya
2022-07-07 08:00:00,6.014129954669696e-42,0,0.0,500.0,kenyatta_kenya
2022-07-07 09:00:00,5.768690046203488e-42,0,0.0,500.0,kenyatta_kenya
2022-07-07 10:00:00,5.533266673648786e-42,0,0.0,500.0,kenyatta_kenya
2022-07-07 11:00:00,5.307451056737242e-42,0,0.0,500.0,kenyatta_kenya
2022-07-07 12:00:00,5.0908510977451644e-42,0,0.0,500.0,kenyatta_kenya
2022-07-07 13:00:00,4.883090700669621e-42,0,0.0,500.0,kenyatta_kenya
2022-07-07 14:00:00,4.6838091181899535e-42,0,0.0,500.0,kenyatta_kenya
2022-07-07 15:00:00,4.4926603252794957e-42,0,0.0,500.0,kenyatta_kenya
2022-07-07 16:00:00,4.309312418380583e-42,0,0.0,500.0,kenyatta_kenya
2022-07-07 17:00:00,4.1334470391001186e-42,0,0.0,500.0,kenyatta_kenya
2022-07-07 18:00:00,3.964758821423855e-42,0,0.0,500.0,kenyatta_kenya
2022-07-07 19:00:00,3.802954861490196e-42,0,0.0,500.0,kenyatta_kenya
2022-07-07 20:00:00,3.647754209003322e-42,0,0.0,500.0,kenyatta_kenya
2022-07-07 21:00:00,3.498887379401503e-42,0,0.0,500.0,kenyatta_kenya
2022-07-07 22:00:00,3.3560958859341276e-42,0,0.0,500.0,kenyatta_kenya
2022-07-07 23:00:00,3.2191317908353524e-42,0,0.0,500.0,kenyatta_kenya
2022-07-08 00:00:00,3.087757274814158e-42,0,0.0,500.0,kenyatta_kenya
2022-07-08 01:00:00,2.961744224113771e-42,0,0.0,500.0,kenyatta_kenya
2022-07-08 02:00:00,2.8408738344238005e-42,0,0.0,500.0,kenyatta_kenya
2022-07-08 03:00:00,2.7249362309565466e-42,0,0.0,500.0,kenyatta_kenya
2022-07-08 04:00:00,2.6137301040282182e-42,0,0.0,500.0,kenyatta_kenya
2022-07-08 05:00:00,2.5070623595126264e-42,0,0.0,500.0,kenyatta_kenya
2022-07-08 06:00:00,2.4047477835596938e-42,0,0.0,500.0,kenyatta_kenya
2022-07-08 07:00:00,2.3066087209970158e-42,0,0.0,500.0,kenyatta_kenya
2022-07-08 08:00:00,2.2124747668563203e-42,0,0.0,500.0,kenyatta_kenya
2022-07-08 09:00:00,2.122182470488601e-42,0,0.0,500.0,kenyatta_kenya
2022-07-08 10:00:00,2.035575051754481e-42,0,0.0,500.0,kenyatta_kenya
2022-07-08 11:00:00,1.9525021287972773e-42,0,0.0,500.0,kenyatta_kenya
2022-07-08 12:00:00,1.872819456925515e-42,0,0.0,500.0,kenyatta_kenya
2022-07-08 13:00:00,1.7963886781518068e-42,0,0.0,500.0,kenyatta_kenya
2022-07-08 14:00:00,1.7230770809534262e-42,0,0.0,500.0,kenyatta_kenya
2022-07-08 15:00:00,1.652757369836931e-42,0,0.0,500.0,kenyatta_kenya
2022-07-08 16:00:00,1.5853074443070055e-42,0,0.0,500.0,kenyatta_kenya
2022-07-08 17:00:00,1.520610186855905e-42,0,0.0,500.0,kenyatta_kenya
2022-07-08 18:00:00,1.4585532596049542e-42,0,0.0,500.0,kenyatta_kenya
2022-07-08 19:00:00,1.3990289092452333e-42,0,0.0,500.0,kenyatta_kenya
2022-07-08 20:00:00,1.3419337799389189e-42,0,0.0,500.0,kenyatta_kenya
2022-07-08 21:00:00,1.2871687338560372e-42,0,0.0,500.0,kenyatta_kenya
2022-07-08 22:00:00,1.2346386790352234e-42,0,0.0,500.0,kenyatta_kenya
2022-07-08 23:00:00,1.1842524042697336e-42,0,0.0,500.0,kenyatta_kenya
2022-07-09 00:00:00,1.1359224207316883e-42,0,0.0,500.0,kenyatta_kenya
2022-07-09 01:00:00,1.089564810059721e-42,0,0.0,500.0,kenyatta_kenya
2022-07-09 02:00:00,1.0450990786464002e-42,0,0.0,500.0,kenyatta_kenya
2022-07-09 03:00:00,1.0024480178721108e-42,0,0.0,500.0,kenyatta_kenya
2022-07-09 04:00:00,9.615375700428768e-43,0,0.0,500.0,kenyatta_kenya
2022-07-09 05:00:00,9.222966997994626e-43,0,0.0,500.0,kenyatta_kenya
2022-07-09 06:00:00,8.846572707742048e-43,0,0.0,500.0,kenyatta_kenya
2022-07-09 07:00:00,8.485539272815575e-43,0,0.0,500.0,kenyatta_kenya
2022-07-09 08:00:00,8.139239808370202e-43,0,0.0,500.0,kenyatta_kenya
2022-07-09 09:00:00,7.807073013071775e-43,0,0.0,500.0,kenyatta_kenya
2022-07-09 10:00:00,7.488462125019682e-43,0,0.0,500.0,kenyatta_kenya
2022-07-09 11:00:00,7.182853920279938e-43,0,0.0,500.0,kenyatta_kenya
2022-07-09 12:00:00,6.889717752287625e-43,0,0.0,500.0,kenyatta_kenya
2022-07-09 13:00:00,6.6085446304519275e-43,0,0.0,500.0,kenyatta_kenya
2022-07-09 14:00:00,6.338846336364664e-43,0,0.0,500.0,kenyatta_kenya
2022-07-09 15:00:00,6.08015457607593e-43,0,0.0,500.0,kenyatta_kenya
2022-07-09 16:00:00,5.8320201669658856e-43,0,0.0,500.0,kenyatta_kenya
2022-07-09 17:00:00,5.594012257801527e-43,0,0.0,500.0,kenyatta_kenya
2022-07-09 18:00:00,5.365717580622561e-43,0,0.0,500.0,kenyatta_kenya
2022-07-09 19:00:00,5.1467397331582885e-43,0,0.0,500.0,kenyatta_kenya
2022-07-09 20:00:00,4.936698490530106e-43,0,0.0,500.0,kenyatta_kenya
2022-07-09 21:00:00,4.73522914504312e-43,0,0.0,500.0,kenyatta_kenya
2022-07-09 22:00:00,4.541981872921257e-43,0,0.0,500.0,kenyatta_kenya
2022-07-09 23:00:00,4.356621126886867e-43,0,0.0,500.0,kenyatta_kenya
2022-07-10 00:00:00,4.178825053528855e-43,0,0.0,500.0,kenyatta_kenya
2022-07-10 01:00:00,4.008284934448388e-43,0,0.0,500.0,kenyatta_kenya
2022-07-10 02:00:00,3.844704650212269e-43,0,0.0,500.0,kenyatta_kenya
2022-07-10 03:00:00,3.687800166182121e-43,0,0.0,500.0,kenyatta_kenya
2022-07-10 04:00:00,3.5372990393272015e-43,0,0.0,500.0,kenyatta_kenya
2022-07-10 05:00:00,3.392939945164919e-43,0,0.0,500.0,kenyatta_kenya
2022-07-10 06:00:00,3.254472224006678e-43,0,0.0,500.0,kenyatta_kenya
2022-07-10 07:00:00,3.12165544572172e-43,0,0.0,500.0,kenyatta_kenya
2022-07-10 08:00:00,2.9942589922635877e-43,0,0.0,500.0,kenyatta_kenya
2022-07-10 09:00:00,2.8720616572334926e-43,0,0.0,500.0,kenyatta_kenya
2022-07-10 10:00:00,2.7548512617857526e-43,0,0.0,500.0,kenyatta_kenya
2022-07-10 11:00:00,2.6424242862086873e-43,0,0.0,500.0,kenyatta_kenya
2022-07-10 12:00:00,2.5345855165405376e-43,0,0.0,500.0,kenyatta_kenya
2022-07-10 13:00:00,2.431147705607191e-43,0,0.0,500.0,kenyatta_kenya
2022-07-10 14:00:00,2.331931247893477e-43,0,0.0,500.0,kenyatta_kenya
2022-07-10 15:00:00,2.2367638676828007e-43,0,0.0,500.0,kenyatta_kenya
2022-07-10 16:00:00,2.145480319923992e-43,0,0.0,500.0,kenyatta_kenya
2022-07-10 17:00:00,2.057922103306224e-43,0,0.0,500.0,kenyatta_kenya
2022-07-10 18:00:00,1.9739371850432115e-43,0,0.0,500.0,kenyatta_kenya
2022-07-10 19:00:00,1.89337973688913e-43,0,0.0,500.0,kenyatta_kenya
2022-07-10 20:00:00,1.8161098819281185e-43,0,0.0,500.0,kenyatta_kenya
2022-07-10 21:00:00,1.7419934516971895e-43,0,0.0,500.0,kenyatta_kenya
2022-07-10 22:00:00,1.670901753221093e-43,0,0.0,500.0,kenyatta_kenya
2022-07-10 23:00:00,1.6027113455548399e-43,0,0.0,500.0,kenyatta_kenya
2022-07-11 00:00:00,1.5373038254454178e-43,0,0.0,500.0,kenyatta_kenya
2022-07-11 01:00:00,1.4745656217407846e-43,0,0.0,500.0,kenyatta_kenya
2022-07-11 02:00:00,1.4143877981893352e-43,0,0.0,500.0,kenyatta_kenya
2022-07-11 03:00:00,1.3566658642870307e-43,0,0.0,500.0,kenyatta_kenya
2022-07-11 04:00:00,1.3012995938439705e-43,0,0.0,500.0,kenyatta_kenya
2022-07-11 05:00:00,1.248192850955534e-43,0,0.0,500.0,kenyatta_kenya
2022-07-11 06:00:00,1.1972534230755576e-43,0,0.0,500.0,kenyatta_kenya
2022-07-11 07:00:00,1.148392860901896e-43,0,0.0,500.0,kenyatta_kenya
2022-07-11 08:00:00,1.1015263247964944e-43,0,0.0,500.0,kenyatta_kenya
2022-07-11 09:00:00,1.056572437472984e-43,0,0.0,500.0,kenyatta_kenya
2022-07-11 10:00:00,1.0134531426961853e-43,0,0.0,500.0,kenyatta_kenya
2022-07-11 11:00:00,9.720935697482994e-44,0,0.0,500.0,kenyatta_kenya
2022-07-11 12:00:00,9.324219034261644e-44,0,0.0,500.0,kenyatta_kenya
2022-07-11 13:00:00,8.943692593440074e-44,0,0.0,500.0,kenyatta_kenya
2022-07-11 14:00:00,8.578695643252765e-44,0,0.0,500.0,kenyatta_kenya
2022-07-11 15:00:00,8.228594416756228e-44,0,0.0,500.0,kenyatta_kenya
2022-07-11 16:00:00,7.892781011379652e-44,0,0.0,500.0,kenyatta_kenya
2022-07-11 17:00:00,7.570672333386529e-44,0,0.0,500.0,kenyatta_kenya
2022-07-11 18:00:00,7.261709085412266e-44,0,0.0,500.0,kenyatta_kenya
2022-07-11 19:00:00,6.965354795321055e-44,0,0.0,500.0,kenyatta_kenya
2022-07-11 20:00:00,6.681094884696504e-44,0,0.0,500.0,kenyatta_kenya
2022-07-11 21:00:00,6.40843577534674e-44,0,0.0,500.0,kenyatta_kenya
2022-07-11 22:00:00,6.146904032273589e-44,0,0.0,500.0,kenyatta_kenya
2022-07-11 23:00:00,5.896045541618449e-44,0,0.0,500.0,kenyatta_kenya
2022-07-12 00:00:00,5.655424722155808e-44,0,0.0,500.0,kenyatta_kenya
2022-07-12 01:00:00,5.424623768966203e-44,0,0.0,500.0,kenyatta_kenya
2022-07-12 02:00:00,5.203241927975994e-44,0,0.0,500.0,kenyatta_kenya
2022-07-12 03:00:00,4.990894800102846e-44,0,0.0,500.0,kenyatta_kenya
2022-07-12 04:00:00,4.787213673799447e-44,0,0.0,500.0,kenyatta_kenya
2022-07-12 05:00:00,4.591844884837113e-44,0,0.0,500.0,kenyatta_kenya
2022-07-12 06:00:00,4.4044492022163255e-44,0,0.0,500.0,kenyatta_kenya
2022-07-12 07:00:00,4.224701239138634e-44,0,0.0,500.0,kenyatta_kenya
2022-07-12 08:00:00,4.05228888801767e-44,0,0.0,500.0,kenyatta_kenya
2022-07-12 09:00:00,3.8869127785470993e-44,0,0.0,500.0,kenyatta_kenya
2022-07-12 10:00:00,3.7282857578851466e-44,0,0.0,500.0,kenyatta_kenya
2022-07-12 11:00:00,3.5761323920535687e-44,0,0.0,500.0,kenyatta_kenya
2022-07-12 12:00:00,3.4301884876842986e-44,0,0.0,500.0,kenyatta_kenya
2022-07-12 13:00:00,3.2902006332839025e-44,0,0.0,500.0,kenyatta_kenya
2022-07-12 14:00:00,3.155925759219714e-44,0,0.0,500.0,kenyatta_kenya
2022-07-12 15:00:00,3.027130715662731e-44,0,0.0,500.0,kenyatta_kenya
2022-07-12 16:00:00,2.9035918677549186e-44,0,0.0,500.0,kenyatta_kenya
2022-07-12 17:00:00,2.785094707298336e-44,0,0.0,500.0,kenyatta_kenya
2022-07-12 18:00:00,2.671433480291049e-44,0,0.0,500.0,kenyatta_kenya
2022-07-12 19:00:00,2.5624108296635355e-44,0,0.0,500.0,kenyatta_kenya
2022-07-12 20:00:00,2.457837452595532e-44,0,0.0,500.0,kenyatta_kenya
2022-07-12 21:00:00,2.3575317718176374e-44,0,0.0,500.0,kenyatta_kenya
2022-07-12 22:00:00,2.2613196203272933e-44,0,0.0,500.0,kenyatta_kenya
2022-07-12 23:00:00,2.169033938971969e-44,0,0.0,500.0,kenyatta_kenya
2022-07-13 00:00:00,2.080514486373838e-44,0,0.0,500.0,kenyatta_kenya
2022-07-13 01:00:00,1.9956075606926097e-44,0,0.0,500.0,kenyatta_kenya
2022-07-13 02:00:00,1.9141657327436269e-44,0,0.0,500.0,kenyatta_kenya
2022-07-13 03:00:00,1.8360475900072924e-44,0,0.0,500.0,kenyatta_kenya
2022-07-13 04:00:00,1.761117491085628e-44,0,0.0,500.0,kenyatta_kenya
2022-07-13 05:00:00,1.6892453301798233e-44,0,0.0,500.0,kenyatta_kenya
2022-07-13 06:00:00,1.6203063111793465e-44,0,0.0,500.0,kenyatta_kenya
2022-07-13 07:00:00,1.5541807309706205e-44,0,0.0,500.0,kenyatta_kenya
2022-07-13 08:00:00,1.490753771589186e-44,0,0.0,500.0,kenyatta_kenya
2022-07-13 09:00:00,1.4299153008540453e-44,0,0.0,500.0,kenyatta_kenya
2022-07-13 10:00:00,1.371559681138235e-44,0,0.0,500.0,kenyatta_kenya
2022-07-13 11:00:00,1.31558558594376e-44,0,0.0,500.0,kenyatta_kenya
2022-07-13 12:00:00,1.2618958239620146e-44,0,0.0,500.0,kenyatta_kenya
2022-07-13 13:00:00,1.2103971703144078e-44,0,0.0,500.0,kenyatta_kenya
2022-07-13 14:00:00,1.161000204680308e-44,0,0.0,500.0,kenyatta_kenya
2022-07-13 15:00:00,1.1136191560309141e-44,0,0.0,500.0,kenyatta_kenya
2022-07-13 16:00:00,1.0681717536996238e-44,0,0.0,500.0,kenyatta_kenya
2022-07-13 17:00:00,1.0245790845304532e-44,0,0.0,500.0,kenyatta_kenya
2022-07-13 18:00:00,9.827654558561528e-45,0,0.0,500.0,kenyatta_kenya
2022-07-13 19:00:00,9.426582640682734e-45,0,0.0,500.0,kenyatta_kenya
2022-07-13 20:00:00,9.041878685510856e-45,0,0.0,500.0,kenyatta_kenya
2022-07-13 21:00:00,8.672874707601928e-45,0,0.0,500.0,kenyatta_kenya
2022-07-13 22:00:00,8.31892998236023e-45,0,0.0,500.0,kenyatta_kenya
2022-07-13 23:00:00,7.979429933509002e-45,0,0.0,500.0,kenyatta_kenya
2022-07-14 00:00:00,7.653785065962979e-45,0,0.0,500.0,kenyatta_kenya
2022-07-14 01:00:00,7.341429942251025e-45,0,0.0,500.0,kenyatta_kenya
2022-07-14 02:00:00,7.041822200712498e-45,0,0.0,500.0,kenyatta_kenya
2022-07-14 03:00:00,6.754441613760562e-45,0,0.0,500.0,kenyatta_kenya
2022-07-14 04:00:00,6.478789184578334e-45,0,0.0,500.0,kenyatta_kenya
2022-07-14 05:00:00,6.214386280680218e-45,0,0.0,500.0,kenyatta_kenya
2022-07-14 06:00:00,5.960773802832192e-45,0,0.0,500.0,kenyatta_kenya
2022-07-14 07:00:00,5.717511387888956e-45,0,0.0,500.0,kenyatta_kenya
2022-07-14 08:00:00,5.4841766441644975e-45,0,0.0,500.0,kenyatta_kenya
2022-07-14 09:00:00,5.2603644180068095e-45,0,0.0,500.0,kenyatta_kenya
2022-07-14 10:00:00,5.045686090304155e-45,0,0.0,500.0,kenyatta_kenya
2022-07-14 11:00:00,4.8397689017019494e-45,0,0.0,500.0,kenyatta_kenya
2022-07-14 12:00:00,4.642255305357227e-45,0,0.0,500.0,kenyatta_kenya
2022-07-14 13:00:00,4.452802346107595e-45,0,0.0,500.0,kenyatta_kenya
2022-07-14 14:00:00,4.2710810649772205e-45,0,0.0,500.0,kenyatta_kenya
2022-07-14 15:00:00,4.096775927984659e-45,0,0.0,500.0,kenyatta_kenya
2022-07-14 16:00:00,3.9295842782613714e-45,0,0.0,500.0,kenyatta_kenya
2022-07-14 17:00:00,3.769215810530112e-45,0,0.0,500.0,kenyatta_kenya
2022-07-14 18:00:00,3.6153920670295915e-45,0,0.0,500.0,kenyatta_kenya
2022-07-14 19:00:00,3.467845954010783e-45,0,0.0,500.0,kenyatta_kenya
2022-07-14 20:00:00,3.3263212779657086e-45,0,0.0,500.0,kenyatta_kenya
2022-07-14 21:00:00,3.1905723007825333e-45,0,0.0,500.0,kenyatta_kenya
2022-07-14 22:00:00,3.0603633130550375e-45,0,0.0,500.0,kenyatta_kenya
2022-07-14 23:00:00,2.9354682248059716e-45,0,0.0,500.0,kenyatta_kenya
2022-07-15 00:00:00,2.8156701729127914e-45,0,0.0,500.0,kenyatta_kenya
2022-07-15 01:00:00,2.7007611445546006e-45,0,0.0,500.0,kenyatta_kenya
2022-07-15 02:00:00,2.5905416160267704e-45,0,0.0,500.0,kenyatta_kenya
2022-07-15 03:00:00,2.484820206295371e-45,0,0.0,500.0,kenyatta_kenya
2022-07-15 04:00:00,2.383413344690262e-45,0,0.0,500.0,kenyatta_kenya
2022-07-15 05:00:00,2.2861449521601168e-45,0,0.0,500.0,kenyatta_kenya
2022-07-15 06:00:00,2.19284613553528e-45,0,0.0,500.0,kenyatta_kenya
2022-07-15 07:00:00,2.1033548942679467e-45,0,0.0,500.0,kenyatta_kenya
2022-07-15 08:00:00,2.017515839140711e-45,0,0.0,500.0,kenyatta_kenya
2022-07-15 09:00:00,1.9351799224544843e-45,0,0.0,500.0,kenyatta_kenya
2022-07-15 10:00:00,1.8562041792276123e-45,0,0.0,500.0,kenyatta_kenya
2022-07-15 11:00:00,1.7804514789570384e-45,0,0.0,500.0,kenyatta_kenya
2022-07-15 12:00:00,1.7077902875099803e-45,0,0.0,500.0,kenyatta_kenya
2022-07-15 13:00:00,1.6380944387329487e-45,0,0.0,500.0,kenyatta_kenya
2022-07-15 14:00:00,1.5712429153817484e-45,0,0.0,500.0,kenyatta_kenya
2022-07-15 15:00:00,1.507119638991613e-45,0,0.0,500.0,kenyatta_kenya
2022-07-15 16:00:00,1.4456132683228786e-45,0,0.0,500.0,kenyatta_kenya
2022-07-15 17:00:00,1.3866170060323825e-45,0,0.0,500.0,kenyatta_kenya
2022-07-15 18:00:00,1.3300284132345124e-45,0,0.0,500.0,kenyatta_kenya
2022-07-15 19:00:00,1.2757492316301341e-45,0,0.0,500.0,kenyatta_kenya
2022-07-15 20:00:00,1.2236852128947027e-45,0,0.0,500.0,kenyatta_kenya
2022-07-15 21:00:00,1.1737459550289613e-45,0,0.0,500.0,kenyatta_kenya
2022-07-15 22:00:00,1.125844745388271e-45,0,0.0,500.0,kenyatta_kenya
2022-07-15 23:00:00,1.0798984101181464e-45,0,0.0,500.0,kenyatta_kenya
2022-07-16 00:00:00,1.035827169734256e-45,0,0.0,500.0,kenyatta_kenya
2022-07-16 01:00:00,9.935545005962915e-46,0,0.0,500.0,kenyatta_kenya
2022-07-16 02:00:00,9.530070020352934e-46,0,0.0,500.0,kenyatta_kenya
2022-07-16 03:00:00,9.141142689034491e-46,0,0.0,500.0,kenyatta_kenya
2022-07-16 04:00:00,8.76808769325212e-46,0,0.0,500.0,kenyatta_kenya
2022-07-16 05:00:00,8.410257274375774e-46,0,0.0,500.0,kenyatta_kenya
2022-07-16 06:00:00,8.067030109156758e-46,0,0.0,500.0,kenyatta_kenya
2022-07-16 07:00:00,7.737810230885104e-46,0,0.0,500.0,kenyatta_kenya
2022-07-16 08:00:00,7.422025994576182e-46,0,0.0,500.0,kenyatta_kenya
2022-07-16 09:00:00,7.119129084387508e-46,0,0.0,500.0,kenyatta_kenya
2022-07-16 10:00:00,6.828593561543498e-46,0,0.0,500.0,kenyatta_kenya
2022-07-16 11:00:00,6.549914951115834e-46,0,0.0,500.0,kenyatta_kenya
2022-07-16 12:00:00,6.282609366071882e-46,0,0.0,500.0,kenyatta_kenya
2022-07-16 13:00:00,6.026212667071247e-46,0,0.0,500.0,kenyatta_kenya
2022-07-16 14:00:00,5.780279656552254e-46,0,0.0,500.0,kenyatta_kenya
2022-07-16 15:00:00,5.544383305707405e-46,0,0.0,500.0,kenyatta_kenya
2022-07-16 16:00:00,5.31811401300643e-46,0,0.0,500.0,kenyatta_kenya
2022-07-16 17:00:00,5.1010788929801135e-46,0,0.0,500.0,kenyatta_kenya
2022-07-16 18:00:00,4.8929010940285254e-46,0,0.0,500.0,kenyatta_kenya
2022-07-16 19:00:00,4.693219144069907e-46,0,0.0,500.0,kenyatta_kenya
2022-07-16 20:00:00,4.501686322894607e-46,0,0.0,500.0,kenyatta_kenya
2022-07-16 21:00:00,4.317970060132951e-46,0,0.0,500.0,kenyatta_kenya
2022-07-16 22:00:00,4.141751357792418e-46,0,0.0,500.0,kenyatta_kenya
2022-07-16 23:00:00,3.972724236361928e-46,0,0.0,500.0,kenyatta_kenya
2022-07-17 00:00:00,3.810595203520349e-46,0,0.0,500.0,kenyatta_kenya
2022-07-17 01:00:00,3.655082744527352e-46,0,0.0,500.0,kenyatta_kenya
2022-07-17 02:00:00,3.505916833412153e-46,0,0.0,500.0,kenyatta_kenya
2022-07-17 03:00:00,3.362838464110424e-46,0,0.0,500.0,kenyatta_kenya
2022-07-17 04:00:00,3.22559920073579e-46,0,0.0,500.0,kenyatta_kenya
2022-07-17 05:00:00,3.093960746205418e-46,0,0.0,500.0,kenyatta_kenya
2022-07-17 06:00:00,2.967694528469787e-46,0,0.0,500.0,kenyatta_kenya
2022-07-17 07:00:00,2.846581303628682e-46,0,0.0,500.0,kenyatta_kenya
2022-07-17 08:00:00,2.730410775244605e-46,0,0.0,500.0,kenyatta_kenya
2022-07-17 09:00:00,2.618981229191838e-46,0,0.0,500.0,kenyatta_kenya
2022-07-17 10:00:00,2.512099183407531e-46,0,0.0,500.0,kenyatta_kenya
2022-07-17 11:00:00,2.409579051936968e-46,0,0.0,500.0,kenyatta_kenya
2022-07-17 12:00:00,2.311242822688994e-46,0,0.0,500.0,kenyatta_kenya
2022-07-17 13:00:00,2.216919748342438e-46,0,0.0,500.0,kenyatta_kenya
2022-07-17 14:00:00,2.1264460498671e-46,0,0.0,500.0,kenyatta_kenya
2022-07-17 15:00:00,2.039664632143914e-46,0,0.0,500.0,kenyatta_kenya
2022-07-17 16:00:00,1.956424811190822e-46,0,0.0,500.0,kenyatta_kenya
2022-07-17 17:00:00,1.8765820525209634e-46,0,0.0,500.0,kenyatta_kenya
2022-07-17 18:00:00,1.799997720178352e-46,0,0.0,500.0,kenyatta_kenya
2022-07-17 19:00:00,1.726538836015552e-46,0,0.0,500.0,kenyatta_kenya
2022-07-17 20:00:00,1.6560778487955927e-46,0,0.0,500.0,kenyatta_kenya
2022-07-17 21:00:00,1.5884924127167292e-46,0,0.0,500.0,kenyatta_kenya
2022-07-17 22:00:00,1.5236651749757375e-46,0,0.0,500.0,kenyatta_kenya
2022-07-17 23:00:00,1.4614835720010707e-46,0,0.0,500.0,kenyatta_kenya
2022-07-18 00:00:00,1.4018396340016443e-46,0,0.0,500.0,kenyatta_kenya
2022-07-18 01:00:00,1.344629797492104e-46,0,0.0,500.0,kenyatta_kenya
2022-07-18 02:00:00,1.2897547254692156e-46,0,0.0,500.0,kenyatta_kenya
2022-07-18 03:00:00,1.2371191349267742e-46,0,0.0,500.0,kenyatta_kenya
2022-07-18 04:00:00,1.1866316314097335e-46,0,0.0,500.0,kenyatta_kenya
2022-07-18 05:00:00,1.1382045503204279e-46,0,0.0,500.0,kenyatta_kenya
2022-07-18 06:00:00,1.0917538047010123e-46,0,0.0,500.0,kenyatta_kenya
2022-07-18 07:00:00,1.0471987392279952e-46,0,0.0,500.0,kenyatta_kenya
2022-07-18 08:00:00,1.00446199016547e-46,0,0.0,500.0,kenyatta_kenya
2022-07-18 09:00:00,9.634693510335905e-47,0,0.0,500.0,kenyatta_kenya
2022-07-18 10:00:00,9.241496437591991e-47,0,0.0,500.0,kenyatta_kenya
2022-07-18 11:00:00,8.864345950849853e-47,0,0.0,500.0,kenyatta_kenya
2022-07-18 12:00:00,8.502587180223339e-47,0,0.0,500.0,kenyatta_kenya
2022-07-18 13:00:00,8.155591981421505e-47,0,0.0,500.0,kenyatta_kenya
2022-07-18 14:00:00,7.822757845063298e-47,0,0.0,500.0,kenyatta_kenya
2022-07-18 15:00:00,7.503506850502587e-47,0,0.0,500.0,kenyatta_kenya
2022-07-18 16:00:00,7.197284662348242e-47,0,0.0,500.0,kenyatta_kenya
2022-07-18 17:00:00,6.903559567937703e-47,0,0.0,500.0,kenyatta_kenya
2022-07-18 18:00:00,6.621821554090825e-47,0,0.0,500.0,kenyatta_kenya
2022-07-18 19:00:00,6.351581421541939e-47,0,0.0,500.0,kenyatta_kenya
2022-07-18 20:00:00,6.0923699355132715e-47,0,0.0,500.0,kenyatta_kenya
2022-07-18 21:00:00,5.843737010953066e-47,0,0.0,500.0,kenyatta_kenya
2022-07-18 22:00:00,5.605250931024621e-47,0,0.0,500.0,kenyatta_kenya
2022-07-18 23:00:00,5.376497597489973e-47,0,0.0,500.0,kenyatta_kenya
2022-07-19 00:00:00,5.157079811685043e-47,0,0.0,500.0,kenyatta_kenya
2022-07-19 01:00:00,4.946616584838648e-47,0,0.0,500.0,kenyatta_kenya
2022-07-19 02:00:00,4.74474247653842e-47,0,0.0,500.0,kenyatta_kenya
2022-07-19 03:00:00,4.551106960193598e-47,0,0.0,500.0,kenyatta_kenya
2022-07-19 04:00:00,4.365373814393697e-47,0,0.0,500.0,kenyatta_kenya
2022-07-19 05:00:00,4.1872205391067174e-47,0,0.0,500.0,kenyatta_kenya
2022-07-19 06:00:00,4.0163377957020433e-47,0,0.0,500.0,kenyatta_kenya
2022-07-19 07:00:00,3.852428869826337e-47,0,0.0,500.0,kenyatta_kenya
2022-07-19 08:00:00,3.695209156200279e-47,0,0.0,500.0,kenyatta_kenya
2022-07-19 09:00:00,3.5444056644404946e-47,0,0.0,500.0,kenyatta_kenya
2022-07-19 10:00:00,3.3997565450492166e-47,0,0.0,500.0,kenyatta_kenya
2022-07-19 11:00:00,3.261010634748982e-47,0,0.0,500.0,kenyatta_kenya
2022-07-19 12:00:00,3.127927020372032e-47,0,0.0,500.0,kenyatta_kenya
2022-07-19 13:00:00,3.000274620547639e-47,0,0.0,500.0,kenyatta_kenya
2022-07-19 14:00:00,2.877831784461402e-47,0,0.0,500.0,kenyatta_kenya
2022-07-19 15:00:00,2.760385906988981e-47,0,0.0,500.0,kenyatta_kenya
2022-07-19 16:00:00,2.647733059536464e-47,0,0.0,500.0,kenyatta_kenya
2022-07-19 17:00:00,2.5396776359466864e-47,0,0.0,500.0,kenyatta_kenya
2022-07-19 18:00:00,2.436032012855945e-47,0,0.0,500.0,kenyatta_kenya
2022-07-19 19:00:00,2.3366162239117635e-47,0,0.0,500.0,kenyatta_kenya
2022-07-19 20:00:00,2.2412576472863177e-47,0,0.0,500.0,kenyatta_kenya
2022-07-19 21:00:00,2.1497907059422882e-47,0,0.0,500.0,kenyatta_kenya
2022-07-19 22:00:00,2.0620565801310445e-47,0,0.0,500.0,kenyatta_kenya
2022-07-19 23:00:00,1.9779029316242136e-47,0,0.0,500.0,kenyatta_kenya
2022-07-20 00:00:00,1.8971836391992202e-47,0,0.0,500.0,kenyatta_kenya
2022-07-20 01:00:00,1.8197585449198307e-47,0,0.0,500.0,kenyatta_kenya
2022-07-20 02:00:00,1.7454932107713594e-47,0,0.0,500.0,kenyatta_kenya
2022-07-20 03:00:00,1.6742586852274824e-47,0,0.0,500.0,kenyatta_kenya
2022-07-20 04:00:00,1.6059312793436006e-47,0,0.0,500.0,kenyatta_kenya
2022-07-20 05:00:00,1.5403923519881647e-47,0,0.0,500.0,kenyatta_kenya
2022-07-20 06:00:00,1.4775281038386104e-47,0,0.0,500.0,kenyatta_kenya
2022-07-20 07:00:00,1.4172293797844442e-47,0,0.0,500.0,kenyatta_kenya
2022-07-20 08:00:00,1.3593914793945554e-47,0,0.0,500.0,kenyatta_kenya
2022-07-20 09:00:00,1.303913975119264e-47,0,0.0,500.0,kenyatta_kenya
2022-07-20 10:00:00,1.2507005379116593e-47,0,0.0,500.0,kenyatta_kenya
2022-07-20 11:00:00,1.199658769965586e-47,0,0.0,500.0,kenyatta_kenya
2022-07-20 12:00:00,1.1507000442795177e-47,0,0.0,500.0,kenyatta_kenya
2022-07-20 13:00:00,1.1037393507679268e-47,0,0.0,500.0,kenyatta_kenya
2022-07-20 14:00:00,1.0586951486530752e-47,0,0.0,500.0,kenyatta_kenya
2022-07-20 15:00:00,1.0154892248806311e-47,0,0.0,500.0,kenyatta_kenya
2022-07-20 16:00:00,9.740465583134275e-48,0,0.0,500.0,kenyatta_kenya
2022-07-20 17:00:00,9.342951894676767e-48,0,0.0,500.0,kenyatta_kenya
2022-07-20 18:00:00,8.961660955651887e-48,0,0.0,500.0,kenyatta_kenya
2022-07-20 19:00:00,8.595930706847852e-48,0,0.0,500.0,kenyatta_kenya
2022-07-20 20:00:00,8.245126108049124e-48,0,0.0,500.0,kenyatta_kenya
2022-07-20 21:00:00,7.908638035376095e-48,0,0.0,500.0,kenyatta_kenya
2022-07-20 22:00:00,7.585882223625043e-48,0,0.0,500.0,kenyatta_kenya
2022-07-20 23:00:00,7.276298251772733e-48,0,0.0,500.0,kenyatta_kenya
2022-07-21 00:00:00,6.979348569882125e-48,0,0.0,500.0,kenyatta_kenya
2022-07-21 01:00:00,6.694517565720643e-48,0,0.0,500.0,kenyatta_kenya
2022-07-21 02:00:00,6.421310669471142e-48,0,0.0,500.0,kenyatta_kenya
2022-07-21 03:00:00,6.1592534949792e-48,0,0.0,500.0,kenyatta_kenya
2022-07-21 04:00:00,5.907891016046632e-48,0,0.0,500.0,kenyatta_kenya
2022-07-21 05:00:00,5.666786776341698e-48,0,0.0,500.0,kenyatta_kenya
2022-07-21 06:00:00,5.435522131552488e-48,0,0.0,500.0,kenyatta_kenya
2022-07-21 07:00:00,5.2136955224685115e-48,0,0.0,500.0,kenyatta_kenya
2022-07-21 08:00:00,5.000921777728893e-48,0,0.0,500.0,kenyatta_kenya
2022-07-21 09:00:00,4.7968314450250877e-48,0,0.0,500.0,kenyatta_kenya
2022-07-21 10:00:00,4.601070149597636e-48,0,0.0,500.0,kenyatta_kenya
2022-07-21 11:00:00,4.413297978913596e-48,0,0.0,500.0,kenyatta_kenya
2022-07-21 12:00:00,4.2331888924550296e-48,0,0.0,500.0,kenyatta_kenya
2022-07-21 13:00:00,4.060430155594354e-48,0,0.0,500.0,kenyatta_kenya
2022-07-21 14:00:00,3.894721796574104e-48,0,0.0,500.0,kenyatta_kenya
2022-07-21 15:00:00,3.735776085647077e-48,0,0.0,500.0,kenyatta_kenya
2022-07-21 16:00:00,3.583317035473104e-48,0,0.0,500.0,kenyatta_kenya
2022-07-21 17:00:00,3.437079921905357e-48,0,0.0,500.0,kenyatta_kenya
2022-07-21 18:00:00,3.29681082433315e-48,0,0.0,500.0,kenyatta_kenya
2022-07-21 19:00:00,3.162266184783629e-48,0,0.0,500.0,kenyatta_kenya
2022-07-21 20:00:00,3.033212385017181e-48,0,0.0,500.0,kenyatta_kenya
2022-07-21 21:00:00,2.9094253408813714e-48,0,0.0,500.0,kenyatta_kenya
2022-07-21 22:00:00,2.7906901132195585e-48,0,0.0,500.0,kenyatta_kenya
2022-07-21 23:00:00,2.6768005346588952e-48,0,0.0,500.0,kenyatta_kenya
2022-07-22 00:00:00,2.567558851628941e-48,0,0.0,500.0,kenyatta_kenya
2022-07-22 01:00:00,2.4627753809897144e-48,0,0.0,500.0,kenyatta_kenya
2022-07-22 02:00:00,2.3622681806732643e-48,0,0.0,500.0,kenyatta_kenya
2022-07-22 03:00:00,2.265862733766201e-48,0,0.0,500.0,kenyatta_kenya
2022-07-22 04:00:00,2.17339164548502e-48,0,0.0,500.0,kenyatta_kenya
2022-07-22 05:00:00,2.084694352518303e-48,0,0.0,500.0,kenyatta_kenya
2022-07-22 06:00:00,1.9996168442305362e-48,0,0.0,500.0,kenyatta_kenya
2022-07-22 07:00:00,1.9180113952437673e-48,0,0.0,500.0,kenyatta_kenya
2022-07-22 08:00:00,1.8397363089330008e-48,0,0.0,500.0,kenyatta_kenya
2022-07-22 09:00:00,1.7646556713894314e-48,0,0.0,500.0,kenyatta_kenya
2022-07-22 10:00:00,1.6926391154245826e-48,0,0.0,500.0,kenyatta_kenya
2022-07-22 11:00:00,1.6235615942057897e-48,0,0.0,500.0,kenyatta_kenya
2022-07-22 12:00:00,1.557303164129513e-48,0,0.0,500.0,kenyatta_kenya
2022-07-22 13:00:00,1.4937487765557236e-48,0,0.0,500.0,kenyatta_kenya
2022-07-22 14:00:00,1.432788078041917e-48,0,0.0,500.0,kenyatta_kenya
2022-07-22 15:00:00,1.3743152187294852e-48,0,0.0,500.0,kenyatta_kenya
2022-07-22 16:00:00,1.3182286685499551e-48,0,0.0,500.0,kenyatta_kenya
2022-07-22 17:00:00,1.2644310409321277e-48,0,0.0,500.0,kenyatta_kenya
2022-07-22 18:00:00,1.2128289237036416e-48,0,0.0,500.0,kenyatta_kenya
2022-07-22 19:00:00,1.1633327168935505e-48,0,0.0,500.0,kenyatta_kenya
2022-07-22 20:00:00,1.1158564771544181e-48,0,0.0,500.0,kenyatta_kenya
2022-07-22 21:00:00,1.070317768533472e-48,0,0.0,500.0,kenyatta_kenya
2022-07-22 22:00:00,1.0266375193338803e-48,0,0.0,500.0,kenyatta_kenya
2022-07-22 23:00:00,9.847398848177326e-49,0,0.0,500.0,kenyatta_kenya
2022-07-23 00:00:00,9.44552115512045e-49,0,0.0,500.0,kenyatta_kenya
2022-07-23 01:00:00,9.06004430889282e-49,0,0.0,500.0,kenyatta_kenya
2022-07-23 02:00:00,8.690298982031601e-49,0,0.0,500.0,kenyatta_kenya
2022-07-23 03:00:00,8.335643162691067e-49,0,0.0,500.0,kenyatta_kenya
2022-07-23 04:00:00,7.995461039877106e-49,0,0.0,500.0,kenyatta_kenya
2022-07-23 05:00:00,7.66916193417695e-49,0,0.0,500.0,kenyatta_kenya
2022-07-23 06:00:00,7.356179272125328e-49,0,0.0,500.0,kenyatta_kenya
2022-07-23 07:00:00,7.055969602427354e-49,0,0.0,500.0,kenyatta_kenya
2022-07-23 08:00:00,6.7680116523308434e-49,0,0.0,500.0,kenyatta_kenya
2022-07-23 09:00:00,6.491805422507604e-49,0,0.0,500.0,kenyatta_kenya
2022-07-23 10:00:00,6.226871318873199e-49,0,0.0,500.0,kenyatta_kenya
2022-07-23 11:00:00,5.9727493198384185e-49,0,0.0,500.0,kenyatta_kenya
2022-07-23 12:00:00,5.728998177544841e-49,0,0.0,500.0,kenyatta_kenya
2022-07-23 13:00:00,5.495194651698452e-49,0,0.0,500.0,kenyatta_kenya
2022-07-23 14:00:00,5.270932774671653e-49,0,0.0,500.0,kenyatta_kenya
2022-07-23 15:00:00,5.055823146596115e-49,0,0.0,500.0,kenyatta_kenya
2022-07-23 16:00:00,4.849492259223319e-49,0,0.0,500.0,kenyatta_kenya
2022-07-23 17:00:00,4.651581847379362e-49,0,0.0,500.0,kenyatta_kenya
2022-07-23 18:00:00,4.461748266886573e-49,0,0.0,500.0,kenyatta_kenya
2022-07-23 19:00:00,4.279661897872551e-49,0,0.0,500.0,kenyatta_kenya
2022-07-23 20:00:00,4.105006572431017e-49,0,0.0,500.0,kenyatta_kenya
2022-07-23 21:00:00,3.937479025639589e-49,0,0.0,500.0,kenyatta_kenya
2022-07-23 22:00:00,3.776788368981838e-49,0,0.0,500.0,kenyatta_kenya
2022-07-23 23:00:00,3.6226555852597784e-49,0,0.0,500.0,kenyatta_kenya
2022-07-24 00:00:00,3.474813044118747e-49,0,0.0,500.0,kenyatta_kenya
2022-07-24 01:00:00,3.3330040373439974e-49,0,0.0,500.0,kenyatta_kenya
2022-07-24 02:00:00,3.1969823331225394e-49,0,0.0,500.0,kenyatta_kenya
2022-07-24 03:00:00,3.0665117484953437e-49,0,0.0,500.0,kenyatta_kenya
2022-07-24 04:00:00,2.9413657392580286e-49,0,0.0,500.0,kenyatta_kenya
2022-07-24 05:00:00,2.821327006598314e-49,0,0.0,500.0,kenyatta_kenya
2022-07-24 06:00:00,2.7061871197864123e-49,0,0.0,500.0,kenyatta_kenya
2022-07-24 07:00:00,2.595746154263659e-49,0,0.0,500.0,kenyatta_kenya
2022-07-24 08:00:00,2.4898123445012805e-49,0,0.0,500.0,kenyatta_kenya
2022-07-24 09:00:00,2.3882017510258364e-49,0,0.0,500.0,kenyatta_kenya
2022-07-24 10:00:00,2.2907379410335544e-49,0,0.0,500.0,kenyatta_kenya
2022-07-24 11:00:00,2.19725168203927e-49,0,0.0,500.0,kenyatta_kenya
2022-07-24 12:00:00,2.107580648027408e-49,0,0.0,500.0,kenyatta_kenya
2022-07-24 13:00:00,2.0215691375951252e-49,0,0.0,500.0,kenyatta_kenya
2022-07-24 14:00:00,1.9390678035984476e-49,0,0.0,500.0,kenyatta_kenya
2022-07-24 15:00:00,1.8599333938314217e-49,0,0.0,500.0,kenyatta_kenya
2022-07-24 16:00:00,1.78402850228831e-49,0,0.0,500.0,kenyatta_kenya
2022-07-24 17:00:00,1.711221330577145e-49,0,0.0,500.0,kenyatta_kenya
2022-07-24 18:00:00,1.6413854590698842e-49,0,0.0,500.0,kenyatta_kenya
2022-07-24 19:00:00,1.5743996273920682e-49,0,0.0,500.0,kenyatta_kenya
2022-07-24 20:00:00,1.5101475238710201e-49,0,0.0,500.0,kenyatta_kenya
2022-07-24 21:00:00,1.448517583576567e-49,0,0.0,500.0,kenyatta_kenya
2022-07-24 22:00:00,1.3894027946038416e-49,0,0.0,500.0,kenyatta_kenya
2022-07-24 23:00:00,1.3327005122619715e-49,0,0.0,500.0,kenyatta_kenya
2022-07-25 00:00:00,1.2783122808456432e-49,0,0.0,500.0,kenyatta_kenya
2022-07-25 01:00:00,1.226143662680271e-49,0,0.0,500.0,kenyatta_kenya
2022-07-25 02:00:00,1.1761040741440935e-49,0,0.0,500.0,kenyatta_kenya
2022-07-25 03:00:00,1.1281066283821295e-49,0,0.0,500.0,kenyatta_kenya
2022-07-25 04:00:00,1.0820679844390698e-49,0,0.0,500.0,kenyatta_kenya
2022-07-25 05:00:00,1.0379082025492862e-49,0,0.0,500.0,kenyatta_kenya
2022-07-25 06:00:00,9.955506053323805e-50,0,0.0,500.0,kenyatta_kenya
2022-07-25 07:00:00,9.549216446534355e-50,0,0.0,500.0,kenyatta_kenya
2022-07-25 08:00:00,9.159507739168898e-50,0,0.0,500.0,kenyatta_kenya
2022-07-25 09:00:00,8.785703255720447e-50,0,0.0,500.0,kenyatta_kenya
2022-07-25 10:00:00,8.427153936176445e-50,0,0.0,500.0,kenyatta_kenya
2022-07-25 11:00:00,8.083237209016183e-50,0,0.0,500.0,kenyatta_kenya
2022-07-25 12:00:00,7.753355910200691e-50,0,0.0,500.0,kenyatta_kenya
2022-07-25 13:00:00,7.436937246279294e-50,0,0.0,500.0,kenyatta_kenya
2022-07-25 14:00:00,7.133431799813331e-50,0,0.0,500.0,kenyatta_kenya
2022-07-25 15:00:00,6.842312575388076e-50,0,0.0,500.0,kenyatta_kenya
2022-07-25 16:00:00,6.563074084557487e-50,0,0.0,500.0,kenyatta_kenya
2022-07-25 17:00:00,6.295231468133719e-50,0,0.0,500.0,kenyatta_kenya
2022-07-25 18:00:00,6.038319654295603e-50,0,0.0,500.0,kenyatta_kenya
2022-07-25 19:00:00,5.791892551055211e-50,0,0.0,500.0,kenyatta_kenya
2022-07-25 20:00:00,5.555522271681083e-50,0,0.0,500.0,kenyatta_kenya
2022-07-25 21:00:00,5.328798391731554e-50,0,0.0,500.0,kenyatta_kenya
2022-07-25 22:00:00,5.111327236409014e-50,0,0.0,500.0,kenyatta_kenya
2022-07-25 23:00:00,4.90273119699829e-50,0,0.0,500.0,kenyatta_kenya
2022-07-26 00:00:00,4.702648075200869e-50,0,0.0,500.0,kenyatta_kenya
2022-07-26 01:00:00,4.510730454227235e-50,0,0.0,500.0,kenyatta_kenya
2022-07-26 02:00:00,4.326645095555858e-50,0,0.0,500.0,kenyatta_kenya
2022-07-26 03:00:00,4.150072360310177e-50,0,0.0,500.0,kenyatta_kenya
2022-07-26 04:00:00,3.9807056542495403e-50,0,0.0,500.0,kenyatta_kenya
2022-07-26 05:00:00,3.818250895410875e-50,0,0.0,500.0,kenyatta_kenya
2022-07-26 06:00:00,3.662426003475673e-50,0,0.0,500.0,kenyatta_kenya
2022-07-26 07:00:00,3.512960409976204e-50,0,0.0,500.0,kenyatta_kenya
2022-07-26 08:00:00,3.3695945884909547e-50,0,0.0,500.0,kenyatta_kenya
2022-07-26 09:00:00,3.232079604012559e-50,0,0.0,500.0,kenyatta_kenya
2022-07-26 10:00:00,3.100176680706311e-50,0,0.0,500.0,kenyatta_kenya
2022-07-26 11:00:00,2.973656787309083e-50,0,0.0,500.0,kenyatta_kenya
2022-07-26 12:00:00,2.85230023944793e-50,0,0.0,500.0,kenyatta_kenya
2022-07-26 13:00:00,2.7358963181883115e-50,0,0.0,500.0,kenyatta_kenya
2022-07-26 14:00:00,2.6242429041499235e-50,0,0.0,500.0,kenyatta_kenya
2022-07-26 15:00:00,2.5171461265540977e-50,0,0.0,500.0,kenyatta_kenya
2022-07-26 16:00:00,2.4144200265937837e-50,0,0.0,500.0,kenyatta_kenya
2022-07-26 17:00:00,2.3158862345419113e-50,0,0.0,500.0,kenyatta_kenya
2022-07-26 18:00:00,2.221373660036803e-50,0,0.0,500.0,kenyatta_kenya
2022-07-26 19:00:00,2.1307181950072306e-50,0,0.0,500.0,kenyatta_kenya
2022-07-26 20:00:00,2.043762428721539e-50,0,0.0,500.0,kenyatta_kenya
2022-07-26 21:00:00,1.9603553744654845e-50,0,0.0,500.0,kenyatta_kenya
2022-07-26 22:00:00,1.8803522073745207e-50,0,0.0,500.0,kenyatta_kenya
2022-07-26 23:00:00,1.8036140129655278e-50,0,0.0,500.0,kenyatta_kenya
2022-07-27 00:00:00,1.7300075459308548e-50,0,0.0,500.0,kenyatta_kenya
2022-07-27 01:00:00,1.6594049987761214e-50,0,0.0,500.0,kenyatta_kenya
2022-07-27 02:00:00,1.5916837799002504e-50,0,0.0,500.0,kenyatta_kenya
2022-07-27 03:00:00,1.5267263007319567e-50,0,0.0,500.0,kenyatta_kenya
2022-07-27 04:00:00,1.4644197715533215e-50,0,0.0,500.0,kenyatta_kenya
2022-07-27 05:00:00,1.404656005656112e-50,0,0.0,500.0,kenyatta_kenya
2022-07-27 06:00:00,1.3473312314903896e-50,0,0.0,500.0,kenyatta_kenya
2022-07-27 07:00:00,1.2923459124794472e-50,0,0.0,500.0,kenyatta_kenya
2022-07-27 08:00:00,1.2396045741883687e-50,0,0.0,500.0,kenyatta_kenya
2022-07-27 09:00:00,1.189015638545757e-50,0,0.0,500.0,kenyatta_kenya
2022-07-27 10:00:00,1.1404912648309744e-50,0,0.0,500.0,kenyatta_kenya
2022-07-27 11:00:00,1.0939471971509317e-50,0,0.0,500.0,kenyatta_kenya
2022-07-27 12:00:00,1.0493026181412756e-50,0,0.0,500.0,kenyatta_kenya
2022-07-27 13:00:00,1.0064800086381227e-50,0,0.0,500.0,kenyatta_kenya
2022-07-27 14:00:00,9.65405013076797e-51,0,0.0,500.0,kenyatta_kenya
2022-07-27 15:00:00,9.26006310383582e-51,0,0.0,500.0,kenyatta_kenya
2022-07-27 16:00:00,8.882154901364601e-51,0,0.0,500.0,kenyatta_kenya
2022-07-27 17:00:00,8.519669337799141e-51,0,0.0,500.0,kenyatta_kenya
2022-07-27 18:00:00,8.171977006873008e-51,0,0.0,500.0,kenyatta_kenya
2022-07-27 19:00:00,7.838474188730842e-51,0,0.0,500.0,kenyatta_kenya
2022-07-27 20:00:00,7.518581801652692e-51,0,0.0,500.0,kenyatta_kenya
2022-07-27 21:00:00,7.211744396557962e-51,0,0.0,500.0,kenyatta_kenya
2022-07-27 22:00:00,6.917429192544267e-51,0,0.0,500.0,kenyatta_kenya
2022-07-27 23:00:00,6.635125151787409e-51,0,0.0,500.0,kenyatta_kenya
2022-07-28 00:00:00,6.364342092194212e-51,0,0.0,500.0,kenyatta_kenya
2022-07-28 01:00:00,6.104609836268573e-51,0,0.0,500.0,kenyatta_kenya
2022-07-28 02:00:00,5.855477394713532e-51,0,0.0,500.0,kenyatta_kenya
2022-07-28 03:00:00,5.616512183350157e-51,0,0.0,500.0,kenyatta_kenya
2022-07-28 04:00:00,5.387299271994471e-51,0,0.0,500.0,kenyatta_kenya
2022-07-28 05:00:00,5.167440663988807e-51,0,0.0,500.0,kenyatta_kenya
2022-07-28 06:00:00,4.956554605135156e-51,0,0.0,500.0,kenyatta_kenya
2022-07-28 07:00:00,4.754274920831367e-51,0,0.0,500.0,kenyatta_kenya
2022-07-28 08:00:00,4.5602503802598077e-51,0,0.0,500.0,kenyatta_kenya
2022-07-28 09:00:00,4.3741440865231875e-51,0,0.0,500.0,kenyatta_kenya
2022-07-28 10:00:00,4.1956328916693035e-51,0,0.0,500.0,kenyatta_kenya
2022-07-28 11:00:00,4.024406835589504e-51,0,0.0,500.0,kenyatta_kenya
2022-07-28 12:00:00,3.860168607815438e-51,0,0.0,500.0,kenyatta_kenya
2022-07-28 13:00:00,3.70263303128021e-51,0,0.0,500.0,kenyatta_kenya
2022-07-28 14:00:00,3.5515265671480106e-51,0,0.0,500.0,kenyatta_kenya
2022-07-28 15:00:00,3.4065868398514134e-51,0,0.0,500.0,kenyatta_kenya
2022-07-28 16:00:00,3.267562181512196e-51,0,0.0,500.0,kenyatta_kenya
2022-07-28 17:00:00,3.1342111949550203e-51,0,0.0,500.0,kenyatta_kenya
2022-07-28 18:00:00,3.0063023345543177e-51,0,0.0,500.0,kenyatta_kenya
2022-07-28 19:00:00,2.883613504187077e-51,0,0.0,500.0,kenyatta_kenya
2022-07-28 20:00:00,2.765931671593769e-51,0,0.0,500.0,kenyatta_kenya
2022-07-28 21:00:00,2.653052498477023e-51,0,0.0,500.0,kenyatta_kenya
2022-07-28 22:00:00,2.5447799856962065e-51,0,0.0,500.0,kenyatta_kenya
2022-07-28 23:00:00,2.440926132942133e-51,0,0.0,500.0,kenyatta_kenya
2022-07-29 00:00:00,2.341310612300295e-51,0,0.0,500.0,kenyatta_kenya
2022-07-29 01:00:00,2.2457604551361732e-51,0,0.0,500.0,kenyatta_kenya
2022-07-29 02:00:00,2.1541097517592273e-51,0,0.0,500.0,kenyatta_kenya
2022-07-29 03:00:00,2.0661993633434526e-51,0,0.0,500.0,kenyatta_kenya
2022-07-29 04:00:00,1.9818766456046442e-51,0,0.0,500.0,kenyatta_kenya
2022-07-29 05:00:00,1.9009951837547894e-51,0,0.0,500.0,kenyatta_kenya
2022-07-29 06:00:00,1.8234145382728603e-51,0,0.0,500.0,kenyatta_kenya
2022-07-29 07:00:00,1.7490000010508464e-51,0,0.0,500.0,kenyatta_kenya
2022-07-29 08:00:00,1.6776223614918353e-51,0,0.0,500.0,kenyatta_kenya
2022-07-29 09:00:00,1.609157682153519e-51,0,0.0,500.0,kenyatta_kenya
2022-07-29 10:00:00,1.5434870835478257e-51,0,0.0,500.0,kenyatta_kenya
2022-07-29 11:00:00,1.480496537723199e-51,0,0.0,500.0,kenyatta_kenya
2022-07-29 12:00:00,1.4200766702706878e-51,0,0.0,500.0,kenyatta_kenya
2022-07-29 13:00:00,1.3621225704102873e-51,0,0.0,500.0,kenyatta_kenya
2022-07-29 14:00:00,1.3065336088279408e-51,0,0.0,500.0,kenyatta_kenya
2022-07-29 15:00:00,1.2532132629465276e-51,0,0.0,500.0,kenyatta_kenya
2022-07-29 16:00:00,1.2020689493276458e-51,0,0.0,500.0,kenyatta_kenya
2022-07-29 17:00:00,1.1530118629133314e-51,0,0.0,500.0,kenyatta_kenya
2022-07-29 18:00:00,1.1059568228282448e-51,0,0.0,500.0,kenyatta_kenya
2022-07-29 19:00:00,1.0608221244747664e-51,0,0.0,500.0,kenyatta_kenya
2022-07-29 20:00:00,1.017529397664309e-51,0,0.0,500.0,kenyatta_kenya
2022-07-29 21:00:00,9.760034705382262e-52,0,0.0,500.0,kenyatta_kenya
2022-07-29 22:00:00,9.361722390421915e-52,0,0.0,500.0,kenyatta_kenya
2022-07-29 23:00:00,8.979665417275217e-52,0,0.0,500.0,kenyatta_kenya
2022-07-30 00:00:00,8.613200396618e-52,0,0.0,500.0,kenyatta_kenya
2022-07-30 01:00:00,8.261691012404195e-52,0,0.0,500.0,kenyatta_kenya
2022-07-30 02:00:00,7.924526916991389e-52,0,0.0,500.0,kenyatta_kenya
2022-07-30 03:00:00,7.601122671355794e-52,0,0.0,500.0,kenyatta_kenya
2022-07-30 04:00:00,7.290916728557692e-52,0,0.0,500.0,kenyatta_kenya
2022-07-30 05:00:00,6.993370458693151e-52,0,0.0,500.0,kenyatta_kenya
2022-07-30 06:00:00,6.707967213637034e-52,0,0.0,500.0,kenyatta_kenya
2022-07-30 07:00:00,6.434211429954374e-52,0,0.0,500.0,kenyatta_kenya
2022-07-30 08:00:00,6.171627768423318e-52,0,0.0,500.0,kenyatta_kenya
2022-07-30 09:00:00,5.919760288673702e-52,0,0.0,500.0,kenyatta_kenya
2022-07-30 10:00:00,5.6781716575091354e-52,0,0.0,500.0,kenyatta_kenya
2022-07-30 11:00:00,5.446442389538657e-52,0,0.0,500.0,kenyatta_kenya
2022-07-30 12:00:00,5.224170118797831e-52,0,0.0,500.0,kenyatta_kenya
2022-07-30 13:00:00,5.01096890009545e-52,0,0.0,500.0,kenyatta_kenya
2022-07-30 14:00:00,4.806468538873307e-52,0,0.0,500.0,kenyatta_kenya
2022-07-30 15:00:00,4.610313948414084e-52,0,0.0,500.0,kenyatta_kenya
2022-07-30 16:00:00,4.422164533281972e-52,0,0.0,500.0,kenyatta_kenya
2022-07-30 17:00:00,4.2416935979260004e-52,0,0.0,500.0,kenyatta_kenya
2022-07-30 18:00:00,4.0685877794179855e-52,0,0.0,500.0,kenyatta_kenya
2022-07-30 19:00:00,3.9025465033407924e-52,0,0.0,500.0,kenyatta_kenya
2022-07-30 20:00:00,3.743281461882602e-52,0,0.0,500.0,kenyatta_kenya
2022-07-30 21:00:00,3.590516113229909e-52,0,0.0,500.0,kenyatta_kenya
2022-07-30 22:00:00,3.443985201390594e-52,0,0.0,500.0,kenyatta_kenya
2022-07-30 23:00:00,3.303434295613733e-52,0,0.0,500.0,kenyatta_kenya
2022-07-31 00:00:00,3.1686193486054755e-52,0,0.0,500.0,kenyatta_kenya
2022-07-31 01:00:00,3.0393062727743826e-52,0,0.0,500.0,kenyatta_kenya
2022-07-31 02:00:00,2.9152705337708443e-52,0,0.0,500.0,kenyatta_kenya
2022-07-31 03:00:00,2.79629676061395e-52,0,0.0,500.0,kenyatta_kenya
2022-07-31 04:00:00,2.682178371729324e-52,0,0.0,500.0,kenyatta_kenya
2022-07-31 05:00:00,2.57271721624891e-52,0,0.0,500.0,kenyatta_kenya
2022-07-31 06:00:00,2.467723229949149e-52,0,0.0,500.0,kenyatta_kenya
2022-07-31 07:00:00,2.3670141052305214e-52,0,0.0,500.0,kenyatta_kenya
2022-07-31 08:00:00,2.270414974565726e-52,0,0.0,500.0,kenyatta_kenya
2022-07-31 09:00:00,2.177758106866177e-52,0,0.0,500.0,kenyatta_kenya
2022-07-31 10:00:00,2.088882616239983e-52,0,0.0,500.0,kenyatta_kenya
2022-07-31 11:00:00,2.0036341826359364e-52,0,0.0,500.0,kenyatta_kenya
2022-07-31 12:00:00,1.9218647838878935e-52,0,0.0,500.0,kenyatta_kenya
2022-07-31 13:00:00,1.8434324386945912e-52,0,0.0,500.0,kenyatta_kenya
2022-07-31 14:00:00,1.7682009600888313e-52,0,0.0,500.0,kenyatta_kenya
2022-07-31 15:00:00,1.6960397189674796e-52,0,0.0,500.0,kenyatta_kenya
2022-07-31 16:00:00,1.626823417271944e-52,0,0.0,500.0,kenyatta_kenya
2022-07-31 17:00:00,1.5604318704255014e-52,0,0.0,500.0,kenyatta_kenya
2022-07-31 18:00:00,1.4967497986492478e-52,0,0.0,500.0,kenyatta_kenya
2022-07-31 19:00:00,1.4356666267945773e-52,0,0.0,500.0,kenyatta_kenya
2022-07-31 20:00:00,1.3770762923447916e-52,0,0.0,500.0,kenyatta_kenya
2022-07-31 21:00:00,1.3208770612520781e-52,0,0.0,500.0,kenyatta_kenya
2022-07-31 22:00:00,1.2669713512902887e-52,0,0.0,500.0,kenyatta_kenya
2022-07-31 23:00:00,1.2152655626169573e-52,0,0.0,500.0,kenyatta_kenya
2022-08-01 00:00:00,1.1656699152500018e-52,0,0.0,500.0,kenyatta_kenya
2022-08-01 01:00:00,1.118098293177099e-52,0,0.0,500.0,kenyatta_kenya
2022-08-01 02:00:00,1.0724680948271907e-52,0,0.0,500.0,kenyatta_kenya
2022-08-01 03:00:00,1.0287000896441744e-52,0,0.0,500.0,kenyatta_kenya
2022-08-01 04:00:00,9.867182805139129e-53,0,0.0,500.0,kenyatta_kenya
2022-08-01 05:00:00,9.46449771805798e-53,0,0.0,500.0,kenyatta_kenya
2022-08-01 06:00:00,9.078246427994796e-53,0,0.0,500.0,kenyatta_kenya
2022-08-01 07:00:00,8.707758262771259e-53,0,0.0,500.0,kenyatta_kenya
2022-08-01 08:00:00,8.352389920705137e-53,0,0.0,500.0,kenyatta_kenya
2022-08-01 09:00:00,8.011524353605073e-53,0,0.0,500.0,kenyatta_kenya
2022-08-01 10:00:00,7.684569695351055e-53,0,0.0,500.0,kenyatta_kenya
2022-08-01 11:00:00,7.370958234201077e-53,0,0.0,500.0,kenyatta_kenya
2022-08-01 12:00:00,7.070145427037531e-53,0,0.0,500.0,kenyatta_kenya
2022-08-01 13:00:00,6.781608953842753e-53,0,0.0,500.0,kenyatta_kenya
2022-08-01 14:00:00,6.50484781076287e-53,0,0.0,500.0,kenyatta_kenya
2022-08-01 15:00:00,6.239381440183263e-53,0,0.0,500.0,kenyatta_kenya
2022-08-01 16:00:00,5.984748896306188e-53,0,0.0,500.0,kenyatta_kenya
2022-08-01 17:00:00,5.740508044782419e-53,0,0.0,500.0,kenyatta_kenya
2022-08-01 18:00:00,5.506234795005542e-53,0,0.0,500.0,kenyatta_kenya
2022-08-01 19:00:00,5.281522363736788e-53,0,0.0,500.0,kenyatta_kenya
2022-08-01 20:00:00,5.065980568782437e-53,0,0.0,500.0,kenyatta_kenya
2022-08-01 21:00:00,4.859235151495915e-53,0,0.0,500.0,kenyatta_kenya
2022-08-01 22:00:00,4.660927126928985e-53,0,0.0,500.0,kenyatta_kenya
2022-08-01 23:00:00,4.470712160504247e-53,0,0.0,500.0,kenyatta_kenya
2022-08-02 00:00:00,4.288259970125332e-53,0,0.0,500.0,kenyatta_kenya
2022-08-02 01:00:00,4.113253752687347e-53,0,0.0,500.0,kenyatta_kenya
2022-08-02 02:00:00,3.945389633992283e-53,0,0.0,500.0,kenyatta_kenya
2022-08-02 03:00:00,3.784376141113115e-53,0,0.0,500.0,kenyatta_kenya
2022-08-02 04:00:00,3.629933696291047e-53,0,0.0,500.0,kenyatta_kenya
2022-08-02 05:00:00,3.48179413148756e-53,0,0.0,500.0,kenyatta_kenya
2022-08-02 06:00:00,3.3397002227473674e-53,0,0.0,500.0,kenyatta_kenya
2022-08-02 07:00:00,3.2034052435643006e-53,0,0.0,500.0,kenyatta_kenya
2022-08-02 08:00:00,3.0726725364749934e-53,0,0.0,500.0,kenyatta_kenya
2022-08-02 09:00:00,2.947275102135636e-53,0,0.0,500.0,kenyatta_kenya
2022-08-02 10:00:00,2.826995205168746e-53,0,0.0,500.0,kenyatta_kenya
2022-08-02 11:00:00,2.711623996095934e-53,0,0.0,500.0,kenyatta_kenya
2022-08-02 12:00:00,2.600961148699396e-53,0,0.0,500.0,kenyatta_kenya
2022-08-02 13:00:00,2.494814512182921e-53,0,0.0,500.0,kenyatta_kenya
2022-08-02 14:00:00,2.3929997775287246e-53,0,0.0,500.0,kenyatta_kenya
2022-08-02 15:00:00,2.2953401574700876e-53,0,0.0,500.0,kenyatta_kenya
2022-08-02 16:00:00,2.2016660795245265e-53,0,0.0,500.0,kenyatta_kenya
2022-08-02 17:00:00,2.111814891554725e-53,0,0.0,500.0,kenyatta_kenya
2022-08-02 18:00:00,2.0256305793453896e-53,0,0.0,500.0,kenyatta_kenya
2022-08-02 19:00:00,1.9429634957059643e-53,0,0.0,500.0,kenyatta_kenya
2022-08-02 20:00:00,1.8636701006290684e-53,0,0.0,500.0,kenyatta_kenya
2022-08-02 21:00:00,1.7876127120529458e-53,0,0.0,500.0,kenyatta_kenya
2022-08-02 22:00:00,1.7146592667954513e-53,0,0.0,500.0,kenyatta_kenya
2022-08-02 23:00:00,1.6446830912446743e-53,0,0.0,500.0,kenyatta_kenya
2022-08-03 00:00:00,1.577562681407573e-53,0,0.0,500.0,kenyatta_kenya
2022-08-03 01:00:00,1.5131814919349593e-53,0,0.0,500.0,kenyatta_kenya
2022-08-03 02:00:00,1.4514277337566824e-53,0,0.0,500.0,kenyatta_kenya
2022-08-03 03:00:00,1.392194179975232e-53,0,0.0,500.0,kenyatta_kenya
2022-08-03 04:00:00,1.3353779796809384e-53,0,0.0,500.0,kenyatta_kenya
2022-08-03 05:00:00,1.280880479365651e-53,0,0.0,500.0,kenyatta_kenya
2022-08-03 06:00:00,1.2286070516244432e-53,0,0.0,500.0,kenyatta_kenya
2022-08-03 07:00:00,1.1784669308481032e-53,0,0.0,500.0,kenyatta_kenya
2022-08-03 08:00:00,1.1303730556212587e-53,0,0.0,500.0,kenyatta_kenya
2022-08-03 09:00:00,1.0842419175521633e-53,0,0.0,500.0,kenyatta_kenya
2022-08-03 10:00:00,1.0399934162718255e-53,0,0.0,500.0,kenyatta_kenya
2022-08-03 11:00:00,9.975507203508453e-54,0,0.0,500.0,kenyatta_kenya
2022-08-03 12:00:00,9.568401338921662e-54,0,0.0,500.0,kenyatta_kenya
2022-08-03 13:00:00,9.177909685682577e-54,0,0.0,500.0,kenyatta_kenya
2022-08-03 14:00:00,8.803354208806531e-54,0,0.0,500.0,kenyatta_kenya
2022-08-03 15:00:00,8.444084544284663e-54,0,0.0,500.0,kenyatta_kenya
2022-08-03 16:00:00,8.099476869816031e-54,0,0.0,500.0,kenyatta_kenya
2022-08-03 17:00:00,7.768932821626824e-54,0,0.0,500.0,kenyatta_kenya
2022-08-03 18:00:00,7.45187845549367e-54,0,0.0,500.0,kenyatta_kenya
2022-08-03 19:00:00,7.147763250168221e-54,0,0.0,500.0,kenyatta_kenya
2022-08-03 20:00:00,6.856059151473472e-54,0,0.0,500.0,kenyatta_kenya
2022-08-03 21:00:00,6.576259655410042e-54,0,0.0,500.0,kenyatta_kenya
2022-08-03 22:00:00,6.307878928681457e-54,0,0.0,500.0,kenyatta_kenya
2022-08-03 23:00:00,6.05045096511211e-54,0,0.0,500.0,kenyatta_kenya
2022-08-04 00:00:00,5.8035287764914e-54,0,0.0,500.0,kenyatta_kenya
2022-08-04 01:00:00,5.566683616440021e-54,0,0.0,500.0,kenyatta_kenya
2022-08-04 02:00:00,5.339504235951412e-54,0,0.0,500.0,kenyatta_kenya
2022-08-04 03:00:00,5.121596169314228e-54,0,0.0,500.0,kenyatta_kenya
2022-08-04 04:00:00,4.9125810491767324e-54,0,0.0,500.0,kenyatta_kenya
2022-08-04 05:00:00,4.712095949564449e-54,0,0.0,500.0,kenyatta_kenya
2022-08-04 06:00:00,4.519792755708935e-54,0,0.0,500.0,kenyatta_kenya
2022-08-04 07:00:00,4.3353375595942487e-54,0,0.0,500.0,kenyatta_kenya
2022-08-04 08:00:00,4.158410080172044e-54,0,0.0,500.0,kenyatta_kenya
2022-08-04 09:00:00,3.988703107237428e-54,0,0.0,500.0,kenyatta_kenya
2022-08-04 10:00:00,3.8259219680005836e-54,0,0.0,500.0,kenyatta_kenya
2022-08-04 11:00:00,3.669784015428388e-54,0,0.0,500.0,kenyatta_kenya
2022-08-04 12:00:00,3.5200181374665816e-54,0,0.0,500.0,kenyatta_kenya
2022-08-04 13:00:00,3.3763642862908745e-54,0,0.0,500.0,kenyatta_kenya
2022-08-04 14:00:00,3.238573026770011e-54,0,0.0,500.0,kenyatta_kenya
2022-08-04 15:00:00,3.1064051033558544e-54,0,0.0,500.0,kenyatta_kenya
2022-08-04 16:00:00,2.9796310246489444e-54,0,0.0,500.0,kenyatta_kenya
2022-08-04 17:00:00,2.858030664918553e-54,0,0.0,500.0,kenyatta_kenya
2022-08-04 18:00:00,2.741392881884522e-54,0,0.0,500.0,kenyatta_kenya
2022-08-04 19:00:00,2.629515150097658e-54,0,0.0,500.0,kenyatta_kenya
2022-08-04 20:00:00,2.5222032092824145e-54,0,0.0,500.0,kenyatta_kenya
2022-08-04 21:00:00,2.4192707270305486e-54,0,0.0,500.0,kenyatta_kenya
2022-08-04 22:00:00,2.3205389752604507e-54,0,0.0,500.0,kenyatta_kenya
2022-08-04 23:00:00,2.225836519880657e-54,0,0.0,500.0,kenyatta_kenya
2022-08-05 00:00:00,2.134998923118041e-54,0,0.0,500.0,kenyatta_kenya
2022-08-05 01:00:00,2.0478684579941784e-54,0,0.0,500.0,kenyatta_kenya
2022-08-05 02:00:00,1.9642938344543546e-54,0,0.0,500.0,kenyatta_kenya
2022-08-05 03:00:00,1.884129936673118e-54,0,0.0,500.0,kenyatta_kenya
2022-08-05 04:00:00,1.807237571080554e-54,0,0.0,500.0,kenyatta_kenya
2022-08-05 05:00:00,1.733483224671986e-54,0,0.0,500.0,kenyatta_kenya
2022-08-05 06:00:00,1.6627388331809363e-54,0,0.0,500.0,kenyatta_kenya
2022-08-05 07:00:00,1.5948815587130968e-54,0,0.0,500.0,kenyatta_kenya
2022-08-05 08:00:00,1.5297935764553838e-54,0,0.0,500.0,kenyatta_kenya
2022-08-05 09:00:00,1.4673618700893009e-54,0,0.0,500.0,kenyatta_kenya
2022-08-05 10:00:00,1.4074780355535994e-54,0,0.0,500.0,kenyatta_kenya
2022-08-05 11:00:00,1.3500380928156867e-54,0,0.0,500.0,kenyatta_kenya
2022-08-05 12:00:00,1.2949423053245473e-54,0,0.0,500.0,kenyatta_kenya
2022-08-05 13:00:00,1.2420950068319026e-54,0,0.0,500.0,kenyatta_kenya
2022-08-05 14:00:00,1.1914044352810583e-54,0,0.0,500.0,kenyatta_kenya
2022-08-05 15:00:00,1.1427825734746684e-54,0,0.0,500.0,kenyatta_kenya
2022-08-05 16:00:00,1.0961449962449457e-54,0,0.0,500.0,kenyatta_kenya
2022-08-05 17:00:00,1.0514107238610829e-54,0,0.0,500.0,kenyatta_kenya
2022-08-05 18:00:00,1.0085020814190477e-54,0,0.0,500.0,kenyatta_kenya
2022-08-05 19:00:00,9.673445639697677e-55,0,0.0,500.0,kenyatta_kenya
2022-08-05 20:00:00,9.278667071516329e-55,0,0.0,500.0,kenyatta_kenya
2022-08-05 21:00:00,8.899999631024271e-55,0,0.0,500.0,kenyatta_kenya
2022-08-05 22:00:00,8.53678581435366e-55,0,0.0,500.0,kenyatta_kenya
2022-08-05 23:00:00,8.188394950726839e-55,0,0.0,500.0,kenyatta_kenya
2022-08-06 00:00:00,7.854222107382959e-55,0,0.0,500.0,kenyatta_kenya
2022-08-06 01:00:00,7.533687039195217e-55,0,0.0,500.0,kenyatta_kenya
2022-08-06 02:00:00,7.226233181155779e-55,0,0.0,500.0,kenyatta_kenya
2022-08-06 03:00:00,6.931326681976916e-55,0,0.0,500.0,kenyatta_kenya
2022-08-06 04:00:00,6.64845547713149e-55,0,0.0,500.0,kenyatta_kenya
2022-08-06 05:00:00,6.3771283997240006e-55,0,0.0,500.0,kenyatta_kenya
2022-08-06 06:00:00,6.11687432764659e-55,0,0.0,500.0,kenyatta_kenya
2022-08-06 07:00:00,5.867241365540129e-55,0,0.0,500.0,kenyatta_kenya
2022-08-06 08:00:00,5.6277960601406885e-55,0,0.0,500.0,kenyatta_kenya
2022-08-06 09:00:00,5.3981226476473444e-55,0,0.0,500.0,kenyatta_kenya
2022-08-06 10:00:00,5.177822331805376e-55,0,0.0,500.0,kenyatta_kenya
2022-08-06 11:00:00,4.966512591451947e-55,0,0.0,500.0,kenyatta_kenya
2022-08-06 12:00:00,4.763826516320538e-55,0,0.0,500.0,kenyatta_kenya
2022-08-06 13:00:00,4.5694121699515916e-55,0,0.0,500.0,kenyatta_kenya
2022-08-06 14:00:00,4.382931978603736e-55,0,0.0,500.0,kenyatta_kenya
2022-08-06 15:00:00,4.204062145103237e-55,0,0.0,500.0,kenyatta_kenya
2022-08-06 16:00:00,4.032492086614634e-55,0,0.0,500.0,kenyatta_kenya
2022-08-06 17:00:00,3.867923895356768e-55,0,0.0,500.0,kenyatta_kenya
2022-08-06 18:00:00,3.710071821326758e-55,0,0.0,500.0,kenyatta_kenya
2022-08-06 19:00:00,3.5586617761343074e-55,0,0.0,500.0,kenyatta_kenya
2022-08-06 20:00:00,3.41343085708529e-55,0,0.0,500.0,kenyatta_kenya
2022-08-06 21:00:00,3.274126890687251e-55,0,0.0,500.0,kenyatta_kenya
2022-08-06 22:00:00,3.1405079947847207e-55,0,0.0,500.0,kenyatta_kenya
2022-08-06 23:00:00,3.0123421585644505e-55,0,0.0,500.0,kenyatta_kenya
2022-08-07 00:00:00,2.8894068397004313e-55,0,0.0,500.0,kenyatta_kenya
2022-08-07 01:00:00,2.7714885779396748e-55,0,0.0,500.0,kenyatta_kenya
2022-08-07 02:00:00,2.6583826244581213e-55,0,0.0,500.0,kenyatta_kenya
2022-08-07 03:00:00,2.5498925863423755e-55,0,0.0,500.0,kenyatta_kenya
2022-08-07 04:00:00,2.4458300855803478e-55,0,0.0,500.0,kenyatta_kenya
2022-08-07 05:00:00,2.3460144319689992e-55,0,0.0,500.0,kenyatta_kenya
2022-08-07 06:00:00,2.2502723093705686e-55,0,0.0,500.0,kenyatta_kenya
2022-08-07 07:00:00,2.158437474772873e-55,0,0.0,500.0,kenyatta_kenya
2022-08-07 08:00:00,2.0703504696314014e-55,0,0.0,500.0,kenyatta_kenya
2022-08-07 09:00:00,1.985858342991412e-55,0,0.0,500.0,kenyatta_kenya
2022-08-07 10:00:00,1.904814385909576e-55,0,0.0,500.0,kenyatta_kenya
2022-08-07 11:00:00,1.827077876714274e-55,0,0.0,500.0,kenyatta_kenya
2022-08-07 12:00:00,1.752513836661698e-55,0,0.0,500.0,kenyatta_kenya
2022-08-07 13:00:00,1.6809927955637788e-55,0,0.0,500.0,kenyatta_kenya
2022-08-07 14:00:00,1.6123905669811864e-55,0,0.0,500.0,kenyatta_kenya
2022-08-07 15:00:00,1.5465880325905938e-55,0,0.0,500.0,kenyatta_kenya
2022-08-07 16:00:00,1.483470935352055e-55,0,0.0,500.0,kenyatta_kenya
2022-08-07 17:00:00,1.4229296811175161e-55,0,0.0,500.0,kenyatta_kenya
2022-08-07 18:00:00,1.3648591483356024e-55,0,0.0,500.0,kenyatta_kenya
2022-08-07 19:00:00,1.3091585055224611e-55,0,0.0,500.0,kenyatta_kenya
2022-08-07 20:00:00,1.2557310361818942e-55,0,0.0,500.0,kenyatta_kenya
2022-08-07 21:00:00,1.2044839708704181e-55,0,0.0,500.0,kenyatta_kenya
2022-08-07 22:00:00,1.1553283261158498e-55,0,0.0,500.0,kenyatta_kenya
2022-08-07 23:00:00,1.1081787499098661e-55,0,0.0,500.0,kenyatta_kenya
2022-08-08 00:00:00,1.062953373505938e-55,0,0.0,500.0,kenyatta_kenya
2022-08-08 01:00:00,1.019573669265483e-55,0,0.0,500.0,kenyatta_kenya
2022-08-08 02:00:00,9.779643143055258e-56,0,0.0,500.0,kenyatta_kenya
2022-08-08 03:00:00,9.380530597108367e-56,0,0.0,500.0,kenyatta_kenya
2022-08-08 04:00:00,8.997706050835993e-56,0,0.0,500.0,kenyatta_kenya
2022-08-08 05:00:00,8.630504782128943e-56,0,0.0,500.0,kenyatta_kenya
2022-08-08 06:00:00,8.278289196548163e-56,0,0.0,500.0,kenyatta_kenya
2022-08-08 07:00:00,7.940447720229436e-56,0,0.0,500.0,kenyatta_kenya
2022-08-08 08:00:00,7.61639373797033e-56,0,0.0,500.0,kenyatta_kenya
2022-08-08 09:00:00,7.3055645746532705e-56,0,0.0,500.0,kenyatta_kenya
2022-08-08 10:00:00,7.007420518237389e-56,0,0.0,500.0,kenyatta_kenya
2022-08-08 11:00:00,6.721443882623525e-56,0,0.0,500.0,kenyatta_kenya
2022-08-08 12:00:00,6.447138108763258e-56,0,0.0,500.0,kenyatta_kenya
2022-08-08 13:00:00,6.184026902452236e-56,0,0.0,500.0,kenyatta_kenya
2022-08-08 14:00:00,5.931653407311438e-56,0,0.0,500.0,kenyatta_kenya
2022-08-08 15:00:00,5.689579411518682e-56,0,0.0,500.0,kenyatta_kenya
2022-08-08 16:00:00,5.457384586913908e-56,0,0.0,500.0,kenyatta_kenya
2022-08-08 17:00:00,5.234665759157707e-56,0,0.0,500.0,kenyatta_kenya
2022-08-08 18:00:00,5.021036207674321e-56,0,0.0,500.0,kenyatta_kenya
2022-08-08 19:00:00,4.8161249941644365e-56,0,0.0,500.0,kenyatta_kenya
2022-08-08 20:00:00,4.619576318522315e-56,0,0.0,500.0,kenyatta_kenya
2022-08-08 21:00:00,4.431048901037628e-56,0,0.0,500.0,kenyatta_kenya
2022-08-08 22:00:00,4.250215389810367e-56,0,0.0,500.0,kenyatta_kenya
2022-08-08 23:00:00,4.076761792349149e-56,0,0.0,500.0,kenyatta_kenya
2022-08-09 00:00:00,3.9103869303665835e-56,0,0.0,500.0,kenyatta_kenya
2022-08-09 01:00:00,3.7508019168250276e-56,0,0.0,500.0,kenyatta_kenya
2022-08-09 02:00:00,3.597729654323347e-56,0,0.0,500.0,kenyatta_kenya
2022-08-09 03:00:00,3.4509043539557933e-56,0,0.0,500.0,kenyatta_kenya
2022-08-09 04:00:00,3.3100710738064504e-56,0,0.0,500.0,kenyatta_kenya
2022-08-09 05:00:00,3.1749852762771013e-56,0,0.0,500.0,kenyatta_kenya
2022-08-09 06:00:00,3.045412403481682e-56,0,0.0,500.0,kenyatta_kenya
2022-08-09 07:00:00,2.9211274699690577e-56,0,0.0,500.0,kenyatta_kenya
2022-08-09 08:00:00,2.801914672066238e-56,0,0.0,500.0,kenyatta_kenya
2022-08-09 09:00:00,2.6875670131652925e-56,0,0.0,500.0,kenyatta_kenya
2022-08-09 10:00:00,2.5778859443024696e-56,0,0.0,500.0,kenyatta_kenya
2022-08-09 11:00:00,2.4726810194047875e-56,0,0.0,500.0,kenyatta_kenya
2022-08-09 12:00:00,2.371769564606903e-56,0,0.0,500.0,kenyatta_kenya
2022-08-09 13:00:00,2.274976361063294e-56,0,0.0,500.0,kenyatta_kenya
2022-08-09 14:00:00,2.182133340704445e-56,0,0.0,500.0,kenyatta_kenya
2022-08-09 15:00:00,2.093079294410006e-56,0,0.0,500.0,kenyatta_kenya
2022-08-09 16:00:00,2.0076595920915313e-56,0,0.0,500.0,kenyatta_kenya
2022-08-09 17:00:00,1.925725914198248e-56,0,0.0,500.0,kenyatta_kenya
2022-08-09 18:00:00,1.8471359941807812e-56,0,0.0,500.0,kenyatta_kenya
2022-08-09 19:00:00,1.7717533714650285e-56,0,0.0,500.0,kenyatta_kenya
2022-08-09 20:00:00,1.699447154506842e-56,0,0.0,500.0,kenyatta_kenya
2022-08-09 21:00:00,1.6300917935170566e-56,0,0.0,500.0,kenyatta_kenya
2022-08-09 22:00:00,1.5635668624617018e-56,0,0.0,500.0,kenyatta_kenya
2022-08-09 23:00:00,1.4997568499584926e-56,0,0.0,500.0,kenyatta_kenya
2022-08-10 00:00:00,1.4385509587073703e-56,0,0.0,500.0,kenyatta_kenya
2022-08-10 01:00:00,1.3798429131063658e-56,0,0.0,500.0,kenyatta_kenya
2022-08-10 02:00:00,1.323530774718399e-56,0,0.0,500.0,kenyatta_kenya
2022-08-10 03:00:00,1.2695167652693544e-56,0,0.0,500.0,kenyatta_kenya
2022-08-10 04:00:00,1.2177070968696729e-56,0,0.0,500.0,kenyatta_kenya
2022-08-10 05:00:00,1.1680118091643775e-56,0,0.0,500.0,kenyatta_kenya
2022-08-10 06:00:00,1.12034461312942e-56,0,0.0,500.0,kenyatta_kenya
2022-08-10 07:00:00,1.0746227412427663e-56,0,0.0,500.0,kenyatta_kenya
2022-08-10 08:00:00,1.0307668037697925e-56,0,0.0,500.0,kenyatta_kenya
2022-08-10 09:00:00,9.887006509140503e-57,0,0.0,500.0,kenyatta_kenya
2022-08-10 10:00:00,9.483512405937083e-57,0,0.0,500.0,kenyatta_kenya
2022-08-10 11:00:00,9.096485116138654e-57,0,0.0,500.0,kenyatta_kenya
2022-08-10 12:00:00,8.725252620150226e-57,0,0.0,500.0,kenyatta_kenya
2022-08-10 13:00:00,8.369170323862061e-57,0,0.0,500.0,kenyatta_kenya
2022-08-10 14:00:00,8.027619939399235e-57,0,0.0,500.0,kenyatta_kenya
2022-08-10 15:00:00,7.700008411550699e-57,0,0.0,500.0,kenyatta_kenya
2022-08-10 16:00:00,7.385766888011184e-57,0,0.0,500.0,kenyatta_kenya
2022-08-10 17:00:00,7.084349731646163e-57,0,0.0,500.0,kenyatta_kenya
2022-08-10 18:00:00,6.795233573068821e-57,0,0.0,500.0,kenyatta_kenya
2022-08-10 19:00:00,6.517916401881735e-57,0,0.0,500.0,kenyatta_kenya
2022-08-10 20:00:00,6.251916695003748e-57,0,0.0,500.0,kenyatta_kenya
2022-08-10 21:00:00,5.99677258057209e-57,0,0.0,500.0,kenyatta_kenya
2022-08-10 22:00:00,5.752041035965963e-57,0,0.0,500.0,kenyatta_kenya
2022-08-10 23:00:00,5.51729711855773e-57,0,0.0,500.0,kenyatta_kenya
2022-08-11 00:00:00,5.2921332278591e-57,0,0.0,500.0,kenyatta_kenya
2022-08-11 01:00:00,5.0761583977794497e-57,0,0.0,500.0,kenyatta_kenya
2022-08-11 02:00:00,4.868997617766109e-57,0,0.0,500.0,kenyatta_kenya
2022-08-11 03:00:00,4.670291181650673e-57,0,0.0,500.0,kenyatta_kenya
2022-08-11 04:00:00,4.4796940630691454e-57,0,0.0,500.0,kenyatta_kenya
2022-08-11 05:00:00,4.296875316370365e-57,0,0.0,500.0,kenyatta_kenya
2022-08-11 06:00:00,4.121517501974869e-57,0,0.0,500.0,kenyatta_kenya
2022-08-11 07:00:00,3.953316135185123e-57,0,0.0,500.0,kenyatta_kenya
2022-08-11 08:00:00,3.79197915748905e-57,0,0.0,500.0,kenyatta_kenya
2022-08-11 09:00:00,3.637226429441021e-57,0,0.0,500.0,kenyatta_kenya
2022-08-11 10:00:00,3.488789244238575e-57,0,0.0,500.0,kenyatta_kenya
2022-08-11 11:00:00,3.3464098611494305e-57,0,0.0,500.0,kenyatta_kenya
2022-08-11 12:00:00,3.2098410579805276e-57,0,0.0,500.0,kenyatta_kenya
2022-08-11 13:00:00,3.078845701810994e-57,0,0.0,500.0,kenyatta_kenya
2022-08-11 14:00:00,2.9531963372429184e-57,0,0.0,500.0,kenyatta_kenya
2022-08-11 15:00:00,2.832674791456677e-57,0,0.0,500.0,kenyatta_kenya
2022-08-11 16:00:00,2.7170717953840966e-57,0,0.0,500.0,kenyatta_kenya
2022-08-11 17:00:00,2.606186620341048e-57,0,0.0,500.0,kenyatta_kenya
2022-08-11 18:00:00,2.4998267294899818e-57,0,0.0,500.0,kenyatta_kenya
2022-08-11 19:00:00,2.3978074435264312e-57,0,0.0,500.0,kenyatta_kenya
2022-08-11 20:00:00,2.2999516200083892e-57,0,0.0,500.0,kenyatta_kenya
2022-08-11 21:00:00,2.2060893457730882e-57,0,0.0,500.0,kenyatta_kenya
2022-08-11 22:00:00,2.1160576419063622e-57,0,0.0,500.0,kenyatta_kenya
2022-08-11 23:00:00,2.029700180751826e-57,0,0.0,500.0,kenyatta_kenya
2022-08-12 00:00:00,1.946867014469627e-57,0,0.0,500.0,kenyatta_kenya
2022-08-12 01:00:00,1.8674143146728278e-57,0,0.0,500.0,kenyatta_kenya
2022-08-12 02:00:00,1.7912041226888802e-57,0,0.0,500.0,kenyatta_kenya
2022-08-12 03:00:00,1.7181041100135644e-57,0,0.0,500.0,kenyatta_kenya
2022-08-12 04:00:00,1.6479873485409054e-57,0,0.0,500.0,kenyatta_kenya
2022-08-12 05:00:00,1.5807320901696942e-57,0,0.0,500.0,kenyatta_kenya
2022-08-12 06:00:00,1.516221555404834e-57,0,0.0,500.0,kenyatta_kenya
2022-08-12 07:00:00,1.4543437305859494e-57,0,0.0,500.0,kenyatta_kenya
2022-08-12 08:00:00,1.3949911733908282e-57,0,0.0,500.0,kenyatta_kenya
2022-08-12 09:00:00,1.3380608262767628e-57,0,0.0,500.0,kenyatta_kenya
2022-08-12 10:00:00,1.2834538375354253e-57,0,0.0,500.0,kenyatta_kenya
2022-08-12 11:00:00,1.2310753896502565e-57,0,0.0,500.0,kenyatta_kenya
2022-08-12 12:00:00,1.1808345346590279e-57,0,0.0,500.0,kenyatta_kenya
2022-08-12 13:00:00,1.1326440362353254e-57,0,0.0,500.0,kenyatta_kenya
2022-08-12 14:00:00,1.0864202182144753e-57,0,0.0,500.0,kenyatta_kenya
2022-08-12 15:00:00,1.0420828193015142e-57,0,0.0,500.0,kenyatta_kenya
2022-08-12 16:00:00,9.99554853708589e-58,0,0.0,500.0,kenyatta_kenya
2022-08-12 17:00:00,9.587624774795547e-58,0,0.0,500.0,kenyatta_kenya
2022-08-12 18:00:00,9.196348602702089e-58,0,0.0,500.0,kenyatta_kenya
2022-08-12 19:00:00,8.821040623612281e-58,0,0.0,500.0,kenyatta_kenya
2022-08-12 20:00:00,8.461049166900398e-58,0,0.0,500.0,kenyatta_kenya
2022-08-12 21:00:00,8.115749156972765e-58,0,0.0,500.0,kenyatta_kenya
2022-08-12 22:00:00,7.784541027910726e-58,0,0.0,500.0,kenyatta_kenya
2022-08-12 23:00:00,7.466849682405571e-58,0,0.0,500.0,kenyatta_kenya
2022-08-13 00:00:00,7.162123493182005e-58,0,0.0,500.0,kenyatta_kenya
2022-08-13 01:00:00,6.869833345173919e-58,0,0.0,500.0,kenyatta_kenya
2022-08-13 02:00:00,6.589471716787688e-58,0,0.0,500.0,kenyatta_kenya
2022-08-13 03:00:00,6.3205517986614844e-58,0,0.0,500.0,kenyatta_kenya
2022-08-13 04:00:00,6.062606648388353e-58,0,0.0,500.0,kenyatta_kenya
2022-08-13 05:00:00,5.815188379733931e-58,0,0.0,500.0,kenyatta_kenya
2022-08-13 06:00:00,5.5778673849442526e-58,0,0.0,500.0,kenyatta_kenya
2022-08-13 07:00:00,5.3502315887914966e-58,0,0.0,500.0,kenyatta_kenya
2022-08-13 08:00:00,5.131885733061126e-58,0,0.0,500.0,kenyatta_kenya
2022-08-13 09:00:00,4.922450690240939e-58,0,0.0,500.0,kenyatta_kenya
2022-08-13 10:00:00,4.721562805218754e-58,0,0.0,500.0,kenyatta_kenya
2022-08-13 11:00:00,4.528873263844519e-58,0,0.0,500.0,kenyatta_kenya
2022-08-13 12:00:00,4.344047487263033e-58,0,0.0,500.0,kenyatta_kenya
2022-08-13 13:00:00,4.1667645509641834e-58,0,0.0,500.0,kenyatta_kenya
2022-08-13 14:00:00,3.996716627540975e-58,0,0.0,500.0,kenyatta_kenya
2022-08-13 15:00:00,3.833608452190021e-58,0,0.0,500.0,kenyatta_kenya
2022-08-13 16:00:00,3.677156810025185e-58,0,0.0,500.0,kenyatta_kenya
2022-08-13 17:00:00,3.527090044313261e-58,0,0.0,500.0,kenyatta_kenya
2022-08-13 18:00:00,3.38314758477982e-58,0,0.0,500.0,kenyatta_kenya
2022-08-13 19:00:00,3.245079495165077e-58,0,0.0,500.0,kenyatta_kenya
2022-08-13 20:00:00,3.1126460392434156e-58,0,0.0,500.0,kenyatta_kenya
2022-08-13 21:00:00,2.985617264554745e-58,0,0.0,500.0,kenyatta_kenya
2022-08-13 22:00:00,2.8637726031239633e-58,0,0.0,500.0,kenyatta_kenya
2022-08-13 23:00:00,2.746900488474524e-58,0,0.0,500.0,kenyatta_kenya
2022-08-14 00:00:00,2.6347979882726547e-58,0,0.0,500.0,kenyatta_kenya
2022-08-14 01:00:00,2.527270451963521e-58,0,0.0,500.0,kenyatta_kenya
2022-08-14 02:00:00,2.4241311727868792e-58,0,0.0,500.0,kenyatta_kenya
2022-08-14 03:00:00,2.325201063586741e-58,0,0.0,500.0,kenyatta_kenya
2022-08-14 04:00:00,2.2303083458513782e-58,0,0.0,500.0,kenyatta_kenya
2022-08-14 05:00:00,2.1392882514431837e-58,0,0.0,500.0,kenyatta_kenya
2022-08-14 06:00:00,2.0519827365017057e-58,0,0.0,500.0,kenyatta_kenya
2022-08-14 07:00:00,1.9682402070224137e-58,0,0.0,500.0,kenyatta_kenya
2022-08-14 08:00:00,1.8879152556342244e-58,0,0.0,500.0,kenyatta_kenya
2022-08-14 09:00:00,1.8108684091198174e-58,0,0.0,500.0,kenyatta_kenya
2022-08-14 10:00:00,1.736965886239743e-58,0,0.0,500.0,kenyatta_kenya
2022-08-14 11:00:00,1.666079365439408e-58,0,0.0,500.0,kenyatta_kenya
2022-08-14 12:00:00,1.598085762036533e-58,0,0.0,500.0,kenyatta_kenya
2022-08-14 13:00:00,1.5328670145016797e-58,0,0.0,500.0,kenyatta_kenya
2022-08-14 14:00:00,1.4703098794603855e-58,0,0.0,500.0,kenyatta_kenya
2022-08-14 15:00:00,1.410305735061783e-58,0,0.0,500.0,kenyatta_kenya
2022-08-14 16:00:00,1.3527503923718285e-58,0,0.0,500.0,kenyatta_kenya
2022-08-14 17:00:00,1.2975439144633201e-58,0,0.0,500.0,kenyatta_kenya
2022-08-14 18:00:00,1.2445904428893145e-58,0,0.0,500.0,kenyatta_kenya
2022-08-14 19:00:00,1.1937980312382348e-58,0,0.0,500.0,kenyatta_kenya
2022-08-14 20:00:00,1.1450784854813714e-58,0,0.0,500.0,kenyatta_kenya
2022-08-14 21:00:00,1.0983472108362098e-58,0,0.0,500.0,kenyatta_kenya
2022-08-14 22:00:00,1.0535230648793303e-58,0,0.0,500.0,kenyatta_kenya
2022-08-14 23:00:00,1.0105282166535698e-58,0,0.0,500.0,kenyatta_kenya
2022-08-15 00:00:00,9.692880115253848e-59,0,0.0,500.0,kenyatta_kenya
2022-08-15 01:00:00,9.297308415574386e-59,0,0.0,500.0,kenyatta_kenya
2022-08-15 02:00:00,8.917880211711102e-59,0,0.0,500.0,kenyatta_kenya
2022-08-15 03:00:00,8.553936678835336e-59,0,0.0,500.0,kenyatta_kenya
2022-08-15 04:00:00,8.20484587911809e-59,0,0.0,500.0,kenyatta_kenya
2022-08-15 05:00:00,7.870001664455505e-59,0,0.0,500.0,kenyatta_kenya
2022-08-15 06:00:00,7.548822623976945e-59,0,0.0,500.0,kenyatta_kenya
2022-08-15 07:00:00,7.240751074505695e-59,0,0.0,500.0,kenyatta_kenya
2022-08-15 08:00:00,6.9452520922175925e-59,0,0.0,500.0,kenyatta_kenya
2022-08-15 09:00:00,6.661812583820172e-59,0,0.0,500.0,kenyatta_kenya
2022-08-15 10:00:00,6.389940395637357e-59,0,0.0,500.0,kenyatta_kenya
2022-08-15 11:00:00,6.129163459051206e-59,0,0.0,500.0,kenyatta_kenya
2022-08-15 12:00:00,5.879028970820383e-59,0,0.0,500.0,kenyatta_kenya
2022-08-15 13:00:00,5.639102606850151e-59,0,0.0,500.0,kenyatta_kenya
2022-08-15 14:00:00,5.4089677680473735e-59,0,0.0,500.0,kenyatta_kenya
2022-08-15 15:00:00,5.1882248569540895e-59,0,0.0,500.0,kenyatta_kenya
2022-08-15 16:00:00,4.976490583901977e-59,0,0.0,500.0,kenyatta_kenya
2022-08-15 17:00:00,4.773397301481719e-59,0,0.0,500.0,kenyatta_kenya
2022-08-15 18:00:00,4.5785923661743895e-59,0,0.0,500.0,kenyatta_kenya
2022-08-15 19:00:00,4.391737526034899e-59,0,0.0,500.0,kenyatta_kenya
2022-08-15 20:00:00,4.212508333363285e-59,0,0.0,500.0,kenyatta_kenya
2022-08-15 21:00:00,4.040593581346371e-59,0,0.0,500.0,kenyatta_kenya
2022-08-15 22:00:00,3.8756947636903317e-59,0,0.0,500.0,kenyatta_kenya
2022-08-15 23:00:00,3.7175255563048943e-59,0,0.0,500.0,kenyatta_kenya
2022-08-16 00:00:00,3.5658113201413706e-59,0,0.0,500.0,kenyatta_kenya
2022-08-16 01:00:00,3.420288624320053e-59,0,0.0,500.0,kenyatta_kenya
2022-08-16 02:00:00,3.280704788718144e-59,0,0.0,500.0,kenyatta_kenya
2022-08-16 03:00:00,3.1468174452258463e-59,0,0.0,500.0,kenyatta_kenya
2022-08-16 04:00:00,3.0183941169077735e-59,0,0.0,500.0,kenyatta_kenya
2022-08-16 05:00:00,2.895211814338212e-59,0,0.0,500.0,kenyatta_kenya
2022-08-16 06:00:00,2.77705664841098e-59,0,0.0,500.0,kenyatta_kenya
2022-08-16 07:00:00,2.6637234589506753e-59,0,0.0,500.0,kenyatta_kenya
2022-08-16 08:00:00,2.5550154584797984e-59,0,0.0,500.0,kenyatta_kenya
2022-08-16 09:00:00,2.450743890524648e-59,0,0.0,500.0,kenyatta_kenya
2022-08-16 10:00:00,2.3507277018658956e-59,0,0.0,500.0,kenyatta_kenya
2022-08-16 11:00:00,2.254793228164182e-59,0,0.0,500.0,kenyatta_kenya
2022-08-16 12:00:00,2.1627738924161223e-59,0,0.0,500.0,kenyatta_kenya
2022-08-16 13:00:00,2.0745099157164576e-59,0,0.0,500.0,kenyatta_kenya
2022-08-16 14:00:00,1.9898480398236115e-59,0,0.0,500.0,kenyatta_kenya
2022-08-16 15:00:00,1.9086412610480567e-59,0,0.0,500.0,kenyatta_kenya
2022-08-16 16:00:00,1.8307485750008036e-59,0,0.0,500.0,kenyatta_kenya
2022-08-16 17:00:00,1.756034731758366e-59,0,0.0,500.0,kenyatta_kenya
2022-08-16 18:00:00,1.6843700010200663e-59,0,0.0,500.0,kenyatta_kenya
2022-08-16 19:00:00,1.6156299468493713e-59,0,0.0,500.0,kenyatta_kenya
2022-08-16 20:00:00,1.5496952116077288e-59,0,0.0,500.0,kenyatta_kenya
2022-08-16 21:00:00,1.4864513087066198e-59,0,0.0,500.0,kenyatta_kenya
2022-08-16 22:00:00,1.4257884238174847e-59,0,0.0,500.0,kenyatta_kenya
2022-08-16 23:00:00,1.3676012241939998e-59,0,0.0,500.0,kenyatta_kenya
2022-08-17 00:00:00,1.3117886757764107e-59,0,0.0,500.0,kenyatta_kenya
2022-08-17 01:00:00,1.2582538677599026e-59,0,0.0,500.0,kenyatta_kenya
2022-08-17 02:00:00,1.2069038443221057e-59,0,0.0,500.0,kenyatta_kenya
2022-08-17 03:00:00,1.1576494432182304e-59,0,0.0,500.0,kenyatta_kenya
2022-08-17 04:00:00,1.110405140963201e-59,0,0.0,500.0,kenyatta_kenya
2022-08-17 05:00:00,1.065088904331699e-59,0,0.0,500.0,kenyatta_kenya
2022-08-17 06:00:00,1.0216220479188699e-59,0,0.0,500.0,kenyatta_kenya
2022-08-17 07:00:00,9.79929097514036e-60,0,0.0,500.0,kenyatta_kenya
2022-08-17 08:00:00,9.399376590499448e-60,0,0.0,500.0,kenyatta_kenya
2022-08-17 09:00:00,9.015782929005337e-60,0,0.0,500.0,kenyatta_kenya
2022-08-17 10:00:00,8.647843933086545e-60,0,0.0,500.0,kenyatta_kenya
2022-08-17 11:00:00,8.294920727341918e-60,0,0.0,500.0,kenyatta_kenya
2022-08-17 12:00:00,7.956400509222281e-60,0,0.0,500.0,kenyatta_kenya
2022-08-17 13:00:00,7.631695484983864e-60,0,0.0,500.0,kenyatta_kenya
2022-08-17 14:00:00,7.320241849064001e-60,0,0.0,500.0,kenyatta_kenya
2022-08-17 15:00:00,7.02149880511116e-60,0,0.0,500.0,kenyatta_kenya
2022-08-17 16:00:00,6.7349476269671e-60,0,0.0,500.0,kenyatta_kenya
2022-08-17 17:00:00,6.460090757969113e-60,0,0.0,500.0,kenyatta_kenya
2022-08-17 18:00:00,6.196450947012037e-60,0,0.0,500.0,kenyatta_kenya
2022-08-17 19:00:00,5.943570419867938e-60,0,0.0,500.0,kenyatta_kenya
2022-08-17 20:00:00,5.701010084323114e-60,0,0.0,500.0,kenyatta_kenya
2022-08-17 21:00:00,5.468348767755505e-60,0,0.0,500.0,kenyatta_kenya
2022-08-17 22:00:00,5.245182485826877e-60,0,0.0,500.0,kenyatta_kenya
2022-08-17 23:00:00,5.031123741018691e-60,0,0.0,500.0,kenyatta_kenya
2022-08-18 00:00:00,4.8258008497965225e-60,0,0.0,500.0,kenyatta_kenya
2022-08-18 01:00:00,4.6288572972331876e-60,0,0.0,500.0,kenyatta_kenya
2022-08-18 02:00:00,4.439951117968816e-60,0,0.0,500.0,kenyatta_kenya
2022-08-18 03:00:00,4.258754302435539e-60,0,0.0,500.0,kenyatta_kenya
2022-08-18 04:00:00,4.08495222731439e-60,0,0.0,500.0,kenyatta_kenya
2022-08-18 05:00:00,3.918243109234492e-60,0,0.0,500.0,kenyatta_kenya
2022-08-18 06:00:00,3.758337480768183e-60,0,0.0,500.0,kenyatta_kenya
2022-08-18 07:00:00,3.604957687810993e-60,0,0.0,500.0,kenyatta_kenya
2022-08-18 08:00:00,3.4578374074728735e-60,0,0.0,500.0,kenyatta_kenya
2022-08-18 09:00:00,3.3167211856455126e-60,0,0.0,500.0,kenyatta_kenya
2022-08-18 10:00:00,3.181363993441727e-60,0,0.0,500.0,kenyatta_kenya
2022-08-18 11:00:00,3.0515308017359583e-60,0,0.0,500.0,kenyatta_kenya
2022-08-18 12:00:00,2.9269961730688717e-60,0,0.0,500.0,kenyatta_kenya
2022-08-18 13:00:00,2.8075438702064827e-60,0,0.0,500.0,kenyatta_kenya
2022-08-18 14:00:00,2.69296648067347e-60,0,0.0,500.0,kenyatta_kenya
2022-08-18 15:00:00,2.583065056610244e-60,0,0.0,500.0,kenyatta_kenya
2022-08-18 16:00:00,2.4776487693275886e-60,0,0.0,500.0,kenyatta_kenya
2022-08-18 17:00:00,2.3765345779584765e-60,0,0.0,500.0,kenyatta_kenya
2022-08-18 18:00:00,2.279546911633043e-60,0,0.0,500.0,kenyatta_kenya
2022-08-18 19:00:00,2.1865173646241313e-60,0,0.0,500.0,kenyatta_kenya
2022-08-18 20:00:00,2.097284403933544e-60,0,0.0,500.0,kenyatta_kenya
2022-08-18 21:00:00,2.0116930888124405e-60,0,0.0,500.0,kenyatta_kenya
2022-08-18 22:00:00,1.9295948017282287e-60,0,0.0,500.0,kenyatta_kenya
2022-08-18 23:00:00,1.8508469903103317e-60,0,0.0,500.0,kenyatta_kenya
2022-08-19 00:00:00,1.775312919827816e-60,0,0.0,500.0,kenyatta_kenya
2022-08-19 01:00:00,1.7028614357684977e-60,0,0.0,500.0,kenyatta_kenya
2022-08-19 02:00:00,1.6333667361068889e-60,0,0.0,500.0,kenyatta_kenya
2022-08-19 03:00:00,1.566708152866462e-60,0,0.0,500.0,kenyatta_kenya
2022-08-19 04:00:00,1.5027699425964566e-60,0,0.0,500.0,kenyatta_kenya
2022-08-19 05:00:00,1.4414410853990394e-60,0,0.0,500.0,kenyatta_kenya
2022-08-19 06:00:00,1.3826150921586857e-60,0,0.0,500.0,kenyatta_kenya
2022-08-19 07:00:00,1.326189819638603e-60,0,0.0,500.0,kenyatta_kenya
2022-08-19 08:00:00,1.2720672931228297e-60,0,0.0,500.0,kenyatta_kenya
2022-08-19 09:00:00,1.2201535362967549e-60,0,0.0,500.0,kenyatta_kenya
2022-08-19 10:00:00,1.1703584080702905e-60,0,0.0,500.0,kenyatta_kenya
2022-08-19 11:00:00,1.1225954460600677e-60,0,0.0,500.0,kenyatta_kenya
2022-08-19 12:00:00,1.076781716459527e-60,0,0.0,500.0,kenyatta_kenya
2022-08-19 13:00:00,1.0328376700358692e-60,0,0.0,500.0,kenyatta_kenya
2022-08-19 14:00:00,9.906870040035821e-61,0,0.0,500.0,kenyatta_kenya
2022-08-19 15:00:00,9.502565295352564e-61,0,0.0,500.0,kenyatta_kenya
2022-08-19 16:00:00,9.11476044679345e-61,0,0.0,500.0,kenyatta_kenya
2022-08-19 17:00:00,8.742782124639738e-61,0,0.0,500.0,kenyatta_kenya
2022-08-19 18:00:00,8.385984439756509e-61,0,0.0,500.0,kenyatta_kenya
2022-08-19 19:00:00,8.043747862095803e-61,0,0.0,500.0,kenyatta_kenya
2022-08-19 20:00:00,7.715478144966536e-61,0,0.0,500.0,kenyatta_kenya
2022-08-19 21:00:00,7.400605293207734e-61,0,0.0,500.0,kenyatta_kenya
2022-08-19 22:00:00,7.098582573471006e-61,0,0.0,500.0,kenyatta_kenya
2022-08-19 23:00:00,6.808885564892108e-61,0,0.0,500.0,kenyatta_kenya
2022-08-20 00:00:00,6.531011248506986e-61,0,0.0,500.0,kenyatta_kenya
2022-08-20 01:00:00,6.26447713382915e-61,0,0.0,500.0,kenyatta_kenya
2022-08-20 02:00:00,6.00882042107025e-61,0,0.0,500.0,kenyatta_kenya
2022-08-20 03:00:00,5.7635971975525665e-61,0,0.0,500.0,kenyatta_kenya
2022-08-20 04:00:00,5.5283816669162486e-61,0,0.0,500.0,kenyatta_kenya
2022-08-20 05:00:00,5.302765409781559e-61,0,0.0,500.0,kenyatta_kenya
2022-08-20 06:00:00,5.086356674585395e-61,0,0.0,500.0,kenyatta_kenya
2022-08-20 07:00:00,4.8787796973590526e-61,0,0.0,500.0,kenyatta_kenya
2022-08-20 08:00:00,4.679674049264958e-61,0,0.0,500.0,kenyatta_kenya
2022-08-20 09:00:00,4.488694010762093e-61,0,0.0,500.0,kenyatta_kenya
2022-08-20 10:00:00,4.3055079713119734e-61,0,0.0,500.0,kenyatta_kenya
2022-08-20 11:00:00,4.129797853581838e-61,0,0.0,500.0,kenyatta_kenya
2022-08-20 12:00:00,3.961258561147572e-61,0,0.0,500.0,kenyatta_kenya
2022-08-20 13:00:00,3.799597448736101e-61,0,0.0,500.0,kenyatta_kenya
2022-08-20 14:00:00,3.644533814086482e-61,0,0.0,500.0,kenyatta_kenya
2022-08-20 15:00:00,3.495798410549443e-61,0,0.0,500.0,kenyatta_kenya
2022-08-20 16:00:00,3.353132979577941e-61,0,0.0,500.0,kenyatta_kenya
2022-08-20 17:00:00,3.216289802296142e-61,0,0.0,500.0,kenyatta_kenya
2022-08-20 18:00:00,3.0850312693700354e-61,0,0.0,500.0,kenyatta_kenya
2022-08-20 19:00:00,2.9591294684317874e-61,0,0.0,500.0,kenyatta_kenya
2022-08-20 20:00:00,2.8383657883407664e-61,0,0.0,500.0,kenyatta_kenya
2022-08-20 21:00:00,2.722530539595679e-61,0,0.0,500.0,kenyatta_kenya
2022-08-20 22:00:00,2.611422590237853e-61,0,0.0,500.0,kenyatta_kenya
2022-08-20 23:00:00,2.504849016612809e-61,0,0.0,500.0,kenyatta_kenya
2022-08-21 00:00:00,2.402624768385154e-61,0,0.0,500.0,kenyatta_kenya
2022-08-21 01:00:00,2.304572347224346e-61,0,0.0,500.0,kenyatta_kenya
2022-08-21 02:00:00,2.210521498602874e-61,0,0.0,500.0,kenyatta_kenya
2022-08-21 03:00:00,2.1203089161729295e-61,0,0.0,500.0,kenyatta_kenya
2022-08-21 04:00:00,2.0337779582075963e-61,0,0.0,500.0,kenyatta_kenya
2022-08-21 05:00:00,1.9507783756136945e-61,0,0.0,500.0,kenyatta_kenya
2022-08-21 06:00:00,1.8711660510451103e-61,0,0.0,500.0,kenyatta_kenya
2022-08-21 07:00:00,1.7948027486630265e-61,0,0.0,500.0,kenyatta_kenya
2022-08-21 08:00:00,1.7215558741080938e-61,0,0.0,500.0,kenyatta_kenya
2022-08-21 09:00:00,1.6512982442687592e-61,0,0.0,500.0,kenyatta_kenya
2022-08-21 10:00:00,1.5839078664454392e-61,0,0.0,500.0,kenyatta_kenya
2022-08-21 11:00:00,1.5192677265267084e-61,0,0.0,500.0,kenyatta_kenya
2022-08-21 12:00:00,1.4572655858105603e-61,0,0.0,500.0,kenyatta_kenya
2022-08-21 13:00:00,1.3977937861174747e-61,0,0.0,500.0,kenyatta_kenya
2022-08-21 14:00:00,1.3407490628565605e-61,0,0.0,500.0,kenyatta_kenya
2022-08-21 15:00:00,1.2860323657209453e-61,0,0.0,500.0,kenyatta_kenya
2022-08-21 16:00:00,1.233548686700666e-61,0,0.0,500.0,kenyatta_kenya
2022-08-21 17:00:00,1.1832068951141134e-61,0,0.0,500.0,kenyatta_kenya
2022-08-21 18:00:00,1.1349195793722739e-61,0,0.0,500.0,kenyatta_kenya
2022-08-21 19:00:00,1.0886028952006331e-61,0,0.0,500.0,kenyatta_kenya
2022-08-21 20:00:00,1.0441764200549413e-61,0,0.0,500.0,kenyatta_kenya
2022-08-21 21:00:00,1.0015630134786436e-61,0,0.0,500.0,kenyatta_kenya
2022-08-21 22:00:00,9.60688683159182e-62,0,0.0,500.0,kenyatta_kenya
2022-08-21 23:00:00,9.214824564503572e-62,0,0.0,500.0,kenyatta_kenya
2022-08-22 00:00:00,8.838762571381965e-62,0,0.0,500.0,kenyatta_kenya
2022-08-22 01:00:00,8.478047872360518e-62,0,0.0,500.0,kenyatta_kenya
2022-08-22 02:00:00,8.132054136034846e-62,0,0.0,500.0,kenyatta_kenya
2022-08-22 03:00:00,7.800180591925236e-62,0,0.0,500.0,kenyatta_kenya
2022-08-22 04:00:00,7.481850987322075e-62,0,0.0,500.0,kenyatta_kenya
2022-08-22 05:00:00,7.1765125867009985e-62,0,0.0,500.0,kenyatta_kenya
2022-08-22 06:00:00,6.8836352119744975e-62,0,0.0,500.0,kenyatta_kenya
2022-08-22 07:00:00,6.602710321911228e-62,0,0.0,500.0,kenyatta_kenya
2022-08-22 08:00:00,6.3332501291229945e-62,0,0.0,500.0,kenyatta_kenya
2022-08-22 09:00:00,6.074786753089748e-62,0,0.0,500.0,kenyatta_kenya
2022-08-22 10:00:00,5.826871407749996e-62,0,0.0,500.0,kenyatta_kenya
2022-08-22 11:00:00,5.589073622244532e-62,0,0.0,500.0,kenyatta_kenya
2022-08-22 12:00:00,5.360980493463635e-62,0,0.0,500.0,kenyatta_kenya
2022-08-22 13:00:00,5.142195969098113e-62,0,0.0,500.0,kenyatta_kenya
2022-08-22 14:00:00,4.9323401599480635e-62,0,0.0,500.0,kenyatta_kenya
2022-08-22 15:00:00,4.731048680298095e-62,0,0.0,500.0,kenyatta_kenya
2022-08-22 16:00:00,4.537972015212077e-62,0,0.0,500.0,kenyatta_kenya
2022-08-22 17:00:00,4.3527749136477745e-62,0,0.0,500.0,kenyatta_kenya
2022-08-22 18:00:00,4.175135806340005e-62,0,0.0,500.0,kenyatta_kenya
2022-08-22 19:00:00,4.004746247440231e-62,0,0.0,500.0,kenyatta_kenya
2022-08-22 20:00:00,3.8413103789420898e-62,0,0.0,500.0,kenyatta_kenya
2022-08-22 21:00:00,3.6845444169650924e-62,0,0.0,500.0,kenyatta_kenya
2022-08-22 22:00:00,3.534176159003286e-62,0,0.0,500.0,kenyatta_kenya
2022-08-22 23:00:00,3.3899445112824527e-62,0,0.0,500.0,kenyatta_kenya
2022-08-23 00:00:00,3.2515990354070574e-62,0,0.0,500.0,kenyatta_kenya
2022-08-23 01:00:00,3.1188995135087224e-62,0,0.0,500.0,kenyatta_kenya
2022-08-23 02:00:00,2.991615531140415e-62,0,0.0,500.0,kenyatta_kenya
2022-08-23 03:00:00,2.869526077193787e-62,0,0.0,500.0,kenyatta_kenya
2022-08-23 04:00:00,2.7524191601440493e-62,0,0.0,500.0,kenyatta_kenya
2022-08-23 05:00:00,2.6400914399553854e-62,0,0.0,500.0,kenyatta_kenya
2022-08-23 06:00:00,2.5323478750092412e-62,0,0.0,500.0,kenyatta_kenya
2022-08-23 07:00:00,2.429001383441617e-62,0,0.0,500.0,kenyatta_kenya
2022-08-23 08:00:00,2.329872518300732e-62,0,0.0,500.0,kenyatta_kenya
2022-08-23 09:00:00,2.2347891559623373e-62,0,0.0,500.0,kenyatta_kenya
2022-08-23 10:00:00,2.143586197260924e-62,0,0.0,500.0,kenyatta_kenya
2022-08-23 11:00:00,2.056105280817367e-62,0,0.0,500.0,kenyatta_kenya
2022-08-23 12:00:00,1.972194508066405e-62,0,0.0,500.0,kenyatta_kenya
2022-08-23 13:00:00,1.891708179505857e-62,0,0.0,500.0,kenyatta_kenya
2022-08-23 14:00:00,1.814506541709156e-62,0,0.0,500.0,kenyatta_kenya
2022-08-23 15:00:00,1.7404555446629524e-62,0,0.0,500.0,kenyatta_kenya
2022-08-23 16:00:00,1.6694266090078624e-62,0,0.0,500.0,kenyatta_kenya
2022-08-23 17:00:00,1.6012964027778163e-62,0,0.0,500.0,kenyatta_kenya
2022-08-23 18:00:00,1.5359466272512405e-62,0,0.0,500.0,kenyatta_kenya
2022-08-23 19:00:00,1.473263811541743e-62,0,0.0,500.0,kenyatta_kenya
2022-08-23 20:00:00,1.4131391155712773e-62,0,0.0,500.0,kenyatta_kenya
2022-08-23 21:00:00,1.355468141084476e-62,0,0.0,500.0,kenyatta_kenya
2022-08-23 22:00:00,1.3001507503755632e-62,0,0.0,500.0,kenyatta_kenya
2022-08-23 23:00:00,1.247090892412787e-62,0,0.0,500.0,kenyatta_kenya
2022-08-24 00:00:00,1.1961964360591494e-62,0,0.0,500.0,kenyatta_kenya
2022-08-24 01:00:00,1.1473790100994722e-62,0,0.0,500.0,kenyatta_kenya
2022-08-24 02:00:00,1.1005538497957436e-62,0,0.0,500.0,kenyatta_kenya
2022-08-24 03:00:00,1.0556396497049314e-62,0,0.0,500.0,kenyatta_kenya
2022-08-24 04:00:00,1.0125584225033632e-62,0,0.0,500.0,kenyatta_kenya
2022-08-24 05:00:00,9.712353635722957e-63,0,0.0,500.0,kenyatta_kenya
2022-08-24 06:00:00,9.315987211100892e-63,0,0.0,500.0,kenyatta_kenya
2022-08-24 07:00:00,8.935796715451622e-63,0,0.0,500.0,kenyatta_kenya
2022-08-24 08:00:00,8.571122000331745e-63,0,0.0,500.0,kenyatta_kenya
2022-08-24 09:00:00,8.221329858314238e-63,0,0.0,500.0,kenyatta_kenya
2022-08-24 10:00:00,7.885812923511658e-63,0,0.0,500.0,kenyatta_kenya
2022-08-24 11:00:00,7.563988616967445e-63,0,0.0,500.0,kenyatta_kenya
2022-08-24 12:00:00,7.255298135088567e-63,0,0.0,500.0,kenyatta_kenya
2022-08-24 13:00:00,6.95920547936061e-63,0,0.0,500.0,kenyatta_kenya
2022-08-24 14:00:00,6.675196525658906e-63,0,0.0,500.0,kenyatta_kenya
2022-08-24 15:00:00,6.402778131543452e-63,0,0.0,500.0,kenyatta_kenya
2022-08-24 16:00:00,6.141477279985484e-63,0,0.0,500.0,kenyatta_kenya
2022-08-24 17:00:00,5.890840258037439e-63,0,0.0,500.0,kenyatta_kenya
2022-08-24 18:00:00,5.650431869023479e-63,0,0.0,500.0,kenyatta_kenya
2022-08-24 19:00:00,5.419834676880856e-63,0,0.0,500.0,kenyatta_kenya
2022-08-24 20:00:00,5.198648281338678e-63,0,0.0,500.0,kenyatta_kenya
2022-08-24 21:00:00,4.986488622678506e-63,0,0.0,500.0,kenyatta_kenya
2022-08-24 22:00:00,4.782987314867936e-63,0,0.0,500.0,kenyatta_kenya
2022-08-24 23:00:00,4.5877910059081137e-63,0,0.0,500.0,kenyatta_kenya
2022-08-25 00:00:00,4.4005607642871076e-63,0,0.0,500.0,kenyatta_kenya
2022-08-25 01:00:00,4.2209714904723644e-63,0,0.0,500.0,kenyatta_kenya
2022-08-25 02:00:00,4.0487113524193763e-63,0,0.0,500.0,kenyatta_kenya
2022-08-25 03:00:00,3.883481244118672e-63,0,0.0,500.0,kenyatta_kenya
2022-08-25 04:00:00,3.7249942662397453e-63,0,0.0,500.0,kenyatta_kenya
2022-08-25 05:00:00,3.5729752279691873e-63,0,0.0,500.0,kenyatta_kenya
2022-08-25 06:00:00,3.4271601691800995e-63,0,0.0,500.0,kenyatta_kenya
2022-08-25 07:00:00,3.287295902101953e-63,0,0.0,500.0,kenyatta_kenya
2022-08-25 08:00:00,3.1531395716942964e-63,0,0.0,500.0,kenyatta_kenya
2022-08-25 09:00:00,3.0244582339627355e-63,0,0.0,500.0,kenyatta_kenya
2022-08-25 10:00:00,2.9010284514840066e-63,0,0.0,500.0,kenyatta_kenya
2022-08-25 11:00:00,2.7826359054371344e-63,0,0.0,500.0,kenyatta_kenya
2022-08-25 12:00:00,2.6690750234685896e-63,0,0.0,500.0,kenyatta_kenya
2022-08-25 13:00:00,2.5601486227444213e-63,0,0.0,500.0,kenyatta_kenya
2022-08-25 14:00:00,2.455667567568952e-63,0,0.0,500.0,kenyatta_kenya
2022-08-25 15:00:00,2.3554504409769365e-63,0,0.0,500.0,kenyatta_kenya
2022-08-25 16:00:00,2.2593232297281694e-63,0,0.0,500.0,kenyatta_kenya
2022-08-25 17:00:00,2.167119022157048e-63,0,0.0,500.0,kenyatta_kenya
2022-08-25 18:00:00,2.078677718353666e-63,0,0.0,500.0,kenyatta_kenya
2022-08-25 19:00:00,1.9938457521725336e-63,0,0.0,500.0,kenyatta_kenya
2022-08-25 20:00:00,1.912475824585752e-63,0,0.0,500.0,kenyatta_kenya
2022-08-25 21:00:00,1.834426647918724e-63,0,0.0,500.0,kenyatta_kenya
2022-08-25 22:00:00,1.7595627005237138e-63,0,0.0,500.0,kenyatta_kenya
2022-08-25 23:00:00,1.687753991464846e-63,0,0.0,500.0,kenyatta_kenya
2022-08-26 00:00:00,1.6188758348069164e-63,0,0.0,500.0,kenyatta_kenya
2022-08-26 01:00:00,1.5528086331155638e-63,0,0.0,500.0,kenyatta_kenya
2022-08-26 02:00:00,1.4894376697925144e-63,0,0.0,500.0,kenyatta_kenya
2022-08-26 03:00:00,1.4286529098861548e-63,0,0.0,500.0,kenyatta_kenya
2022-08-26 04:00:00,1.370348809031104e-63,0,0.0,500.0,kenyatta_kenya
2022-08-26 05:00:00,1.3144241301847116e-63,0,0.0,500.0,kenyatta_kenya
2022-08-26 06:00:00,1.2607817678430006e-63,0,0.0,500.0,kenyatta_kenya
2022-08-26 07:00:00,1.2093285794304389e-63,0,0.0,500.0,kenyatta_kenya
2022-08-26 08:00:00,1.159975223570459e-63,0,0.0,500.0,kenyatta_kenya
2022-08-26 09:00:00,1.1126360049565787e-63,0,0.0,500.0,kenyatta_kenya
2022-08-26 10:00:00,1.067228725554391e-63,0,0.0,500.0,kenyatta_kenya
2022-08-26 11:00:00,1.0236745418758035e-63,0,0.0,500.0,kenyatta_kenya
2022-08-26 12:00:00,9.818978280782791e-64,0,0.0,500.0,kenyatta_kenya
2022-08-26 13:00:00,9.418260446510555e-64,0,0.0,500.0,kenyatta_kenya
2022-08-26 14:00:00,9.033896124601013e-64,0,0.0,500.0,kenyatta_kenya
2022-08-26 15:00:00,8.665217919336228e-64,0,0.0,500.0,kenyatta_kenya
2022-08-26 16:00:00,8.311585671780572e-64,0,0.0,500.0,kenyatta_kenya
2022-08-26 17:00:00,7.972385348231374e-64,0,0.0,500.0,kenyatta_kenya
2022-08-26 18:00:00,7.647027974034754e-64,0,0.0,500.0,kenyatta_kenya
2022-08-26 19:00:00,7.334948610912858e-64,0,0.0,500.0,kenyatta_kenya
2022-08-26 20:00:00,7.035605376024998e-64,0,0.0,500.0,kenyatta_kenya
2022-08-26 21:00:00,6.748478501063425e-64,0,0.0,500.0,kenyatta_kenya
2022-08-26 22:00:00,6.473069429747778e-64,0,0.0,500.0,kenyatta_kenya
2022-08-26 23:00:00,6.208899952149587e-64,0,0.0,500.0,kenyatta_kenya
2022-08-27 00:00:00,5.9555113743472045e-64,0,0.0,500.0,kenyatta_kenya
2022-08-27 01:00:00,5.7124637219674475e-64,0,0.0,500.0,kenyatta_kenya
2022-08-27 02:00:00,5.479334976229654e-64,0,0.0,500.0,kenyatta_kenya
2022-08-27 03:00:00,5.255720341168736e-64,0,0.0,500.0,kenyatta_kenya
2022-08-27 04:00:00,5.041231540763142e-64,0,0.0,500.0,kenyatta_kenya
2022-08-27 05:00:00,4.835496144746107e-64,0,0.0,500.0,kenyatta_kenya
2022-08-27 06:00:00,4.638156921932262e-64,0,0.0,500.0,kenyatta_kenya
2022-08-27 07:00:00,4.4488712199352406e-64,0,0.0,500.0,kenyatta_kenya
2022-08-27 08:00:00,4.2673103701981924e-64,0,0.0,500.0,kenyatta_kenya
2022-08-27 09:00:00,4.0931591173065226e-64,0,0.0,500.0,kenyatta_kenya
2022-08-27 10:00:00,3.9261150715906e-64,0,0.0,500.0,kenyatta_kenya
2022-08-27 11:00:00,3.7658881840670283e-64,0,0.0,500.0,kenyatta_kenya
2022-08-27 12:00:00,3.612200242808902e-64,0,0.0,500.0,kenyatta_kenya
2022-08-27 13:00:00,3.464784389869401e-64,0,0.0,500.0,kenyatta_kenya
2022-08-27 14:00:00,3.323384657919079e-64,0,0.0,500.0,kenyatta_kenya
2022-08-27 15:00:00,3.18775552579418e-64,0,0.0,500.0,kenyatta_kenya
2022-08-27 16:00:00,3.0576614921832035e-64,0,0.0,500.0,kenyatta_kenya
2022-08-27 17:00:00,2.9328766667107524e-64,0,0.0,500.0,kenyatta_kenya
2022-08-27 18:00:00,2.8131843777102922e-64,0,0.0,500.0,kenyatta_kenya
2022-08-27 19:00:00,2.6983767960038697e-64,0,0.0,500.0,kenyatta_kenya
2022-08-27 20:00:00,2.5882545740348715e-64,0,0.0,500.0,kenyatta_kenya
2022-08-27 21:00:00,2.4826264997287056e-64,0,0.0,500.0,kenyatta_kenya
2022-08-27 22:00:00,2.3813091644795594e-64,0,0.0,500.0,kenyatta_kenya
2022-08-27 23:00:00,2.2841266446861855e-64,0,0.0,500.0,kenyatta_kenya
2022-08-28 00:00:00,2.1909101962850186e-64,0,0.0,500.0,kenyatta_kenya
2022-08-28 01:00:00,2.1014979617495224e-64,0,0.0,500.0,kenyatta_kenya
2022-08-28 02:00:00,2.0157346890465036e-64,0,0.0,500.0,kenyatta_kenya
2022-08-28 03:00:00,1.9334714620625366e-64,0,0.0,500.0,kenyatta_kenya
2022-08-28 04:00:00,1.8545654420317936e-64,0,0.0,500.0,kenyatta_kenya
2022-08-28 05:00:00,1.7788796195158618e-64,0,0.0,500.0,kenyatta_kenya
2022-08-28 06:00:00,1.7062825765058978e-64,0,0.0,500.0,kenyatta_kenya
2022-08-28 07:00:00,1.636648258233489e-64,0,0.0,500.0,kenyatta_kenya
2022-08-28 08:00:00,1.5698557542936115e-64,0,0.0,500.0,kenyatta_kenya
2022-08-28 09:00:00,1.5057890887005176e-64,0,0.0,500.0,kenyatta_kenya
2022-08-28 10:00:00,1.444337018511527e-64,0,0.0,500.0,kenyatta_kenya
2022-08-28 11:00:00,1.385392840668716e-64,0,0.0,500.0,kenyatta_kenya
2022-08-28 12:00:00,1.3288542067238874e-64,0,0.0,500.0,kenyatta_kenya
2022-08-28 13:00:00,1.274622945124692e-64,0,0.0,500.0,kenyatta_kenya
2022-08-28 14:00:00,1.2226048907530158e-64,0,0.0,500.0,kenyatta_kenya
2022-08-28 15:00:00,1.1727097214203402e-64,0,0.0,500.0,kenyatta_kenya
2022-08-28 16:00:00,1.1248508010357955e-64,0,0.0,500.0,kenyatta_kenya
2022-08-28 17:00:00,1.078945029174314e-64,0,0.0,500.0,kenyatta_kenya
2022-08-28 18:00:00,1.034912696784294e-64,0,0.0,500.0,kenyatta_kenya
2022-08-28 19:00:00,9.926773477838906e-65,0,0.0,500.0,kenyatta_kenya
2022-08-28 20:00:00,9.52165646305378e-65,0,0.0,500.0,kenyatta_kenya
2022-08-28 21:00:00,9.1330724935761e-65,0,0.0,500.0,kenyatta_kenya
2022-08-28 22:00:00,8.760346846851745e-65,0,0.0,500.0,kenyatta_kenya
2022-08-28 23:00:00,8.402832336119556e-65,0,0.0,500.0,kenyatta_kenya
2022-08-29 00:00:00,8.059908186661473e-65,0,0.0,500.0,kenyatta_kenya
2022-08-29 01:00:00,7.730978957913392e-65,0,0.0,500.0,kenyatta_kenya
2022-08-29 02:00:00,7.4154735095631875e-65,0,0.0,500.0,kenyatta_kenya
2022-08-29 03:00:00,7.112844009844975e-65,0,0.0,500.0,kenyatta_kenya
2022-08-29 04:00:00,6.822564984305252e-65,0,0.0,500.0,kenyatta_kenya
2022-08-29 05:00:00,6.5441324033876324e-65,0,0.0,500.0,kenyatta_kenya
2022-08-29 06:00:00,6.277062807255584e-65,0,0.0,500.0,kenyatta_kenya
2022-08-29 07:00:00,6.020892466331503e-65,0,0.0,500.0,kenyatta_kenya
2022-08-29 08:00:00,5.775176576093069e-65,0,0.0,500.0,kenyatta_kenya
2022-08-29 09:00:00,5.539488484732017e-65,0,0.0,500.0,kenyatta_kenya
2022-08-29 10:00:00,5.313418952332477e-65,0,0.0,500.0,kenyatta_kenya
2022-08-29 11:00:00,5.096575440281243e-65,0,0.0,500.0,kenyatta_kenya
2022-08-29 12:00:00,4.8885814296790395e-65,0,0.0,500.0,kenyatta_kenya
2022-08-29 13:00:00,4.6890757675676965e-65,0,0.0,500.0,kenyatta_kenya
2022-08-29 14:00:00,4.497712039836918e-65,0,0.0,500.0,kenyatta_kenya
2022-08-29 15:00:00,4.314157969724325e-65,0,0.0,500.0,kenyatta_kenya
2022-08-29 16:00:00,4.138094840862976e-65,0,0.0,500.0,kenyatta_kenya
2022-08-29 17:00:00,3.969216943873523e-65,0,0.0,500.0,kenyatta_kenya
2022-08-29 18:00:00,3.807231045542364e-65,0,0.0,500.0,kenyatta_kenya
2022-08-29 19:00:00,3.6518558796628716e-65,0,0.0,500.0,kenyatta_kenya
2022-08-29 20:00:00,3.5028216586546774e-65,0,0.0,500.0,kenyatta_kenya
2022-08-29 21:00:00,3.3598696051150473e-65,0,0.0,500.0,kenyatta_kenya
2022-08-29 22:00:00,3.2227515024878268e-65,0,0.0,500.0,kenyatta_kenya
2022-08-29 23:00:00,3.0912292640689877e-65,0,0.0,500.0,kenyatta_kenya
2022-08-30 00:00:00,2.9650745196021563e-65,0,0.0,500.0,kenyatta_kenya
2022-08-30 01:00:00,2.844068218745358e-65,0,0.0,500.0,kenyatta_kenya
2022-08-30 02:00:00,2.7280002507197395e-65,0,0.0,500.0,kenyatta_kenya
2022-08-30 03:00:00,2.616669079481411e-65,0,0.0,500.0,kenyatta_kenya
2022-08-30 04:00:00,2.5098813937820664e-65,0,0.0,500.0,kenyatta_kenya
2022-08-30 05:00:00,2.4074517715101697e-65,0,0.0,500.0,kenyatta_kenya
2022-08-30 06:00:00,2.3092023577312292e-65,0,0.0,500.0,kenyatta_kenya
2022-08-30 07:00:00,2.214962555867381e-65,0,0.0,500.0,kenyatta_kenya
2022-08-30 08:00:00,2.1245687314795224e-65,0,0.0,500.0,kenyatta_kenya
2022-08-30 09:00:00,2.0378639281388545e-65,0,0.0,500.0,kenyatta_kenya
2022-08-30 10:00:00,1.9546975948938225e-65,0,0.0,500.0,kenyatta_kenya
2022-08-30 11:00:00,1.8749253248587612e-65,0,0.0,500.0,kenyatta_kenya
2022-08-30 12:00:00,1.7984086044714157e-65,0,0.0,500.0,kenyatta_kenya
2022-08-30 13:00:00,1.7250145729833562e-65,0,0.0,500.0,kenyatta_kenya
2022-08-30 14:00:00,1.6546157917652732e-65,0,0.0,500.0,kenyatta_kenya
2022-08-30 15:00:00,1.5870900230275092e-65,0,0.0,500.0,kenyatta_kenya
2022-08-30 16:00:00,1.5223200175711005e-65,0,0.0,500.0,kenyatta_kenya
2022-08-30 17:00:00,1.7548695200383557,1,4.6,302.45835656495973,kenyatta_kenya
2022-08-30 18:00:00,1.6832523422229646,1,4.6,302.45835656495973,kenyatta_kenya
2022-08-30 19:00:00,1.6145579003145307,1,4.6,302.45835656495973,kenyatta_kenya
2022-08-30 20:00:00,1.5486669158739648,1,4.6,302.45835656495973,kenyatta_kenya
2022-08-30 21:00:00,1.4854649782800315,1,4.6,302.45835656495973,kenyatta_kenya
2022-08-30 22:00:00,1.424842346071061,1,4.6,302.45835656495973,kenyatta_kenya
2022-08-30 23:00:00,1.366693756394012,1,4.6,302.45835656495973,kenyatta_kenya
2022-08-31 00:00:00,1.3109182422300212,1,4.6,302.45835656495973,kenyatta_kenya
2022-08-31 01:00:00,1.2574189570790797,1,4.6,302.45835656495973,kenyatta_kenya
2022-08-31 02:00:00,1.2061030067994212,1,4.6,302.45835656495973,kenyatta_kenya
2022-08-31 03:00:00,1.156881288309636,1,4.6,302.45835656495973,kenyatta_kenya
2022-08-31 04:00:00,1.10966833487344,1,4.6,302.45835656495973,kenyatta_kenya
2022-08-31 05:00:00,1.0643821676984564,1,4.6,302.45835656495973,kenyatta_kenya
2022-08-31 06:00:00,1.02094415359133,1,4.6,302.45835656495973,kenyatta_kenya
2022-08-31 07:00:00,0.9792788684220164,1,4.6,302.45835656495973,kenyatta_kenya
2022-08-31 08:00:00,0.939313966160165,1,4.6,302.45835656495973,kenyatta_kenya
2022-08-31 09:00:00,1.2781824308276697,2,4.6,302.45835656495973,kenyatta_kenya
2022-08-31 10:00:00,1.2260191119120312,2,4.6,302.45835656495973,kenyatta_kenya
2022-08-31 11:00:00,1.1759846063603288,2,4.6,302.45835656495973,kenyatta_kenya
2022-08-31 12:00:00,1.1279920361434674,2,4.6,302.45835656495973,kenyatta_kenya
2022-08-31 13:00:00,1.081958068771884,2,4.6,302.45835656495973,kenyatta_kenya
2022-08-31 14:00:00,1.0378027726001549,2,4.6,302.45835656495973,kenyatta_kenya
2022-08-31 15:00:00,0.995449478036701,2,4.6,302.45835656495973,kenyatta_kenya
2022-08-31 16:00:00,0.9548246444175983,2,4.6,302.45835656495973,kenyatta_kenya
2022-08-31 17:00:00,0.915857732313342,1,4.2,453.3350723777504,kenyatta_kenya
2022-08-31 18:00:00,0.8784810810468409,1,4.2,453.3350723777504,kenyatta_kenya
2022-08-31 19:00:00,0.8426297912099681,1,4.2,453.3350723777504,kenyatta_kenya
2022-08-31 20:00:00,0.8082416119746758,1,4.2,453.3350723777504,kenyatta_kenya
2022-08-31 21:00:00,0.7752568330030039,1,4.2,453.3350723777504,kenyatta_kenya
2022-08-31 22:00:00,0.7436181807683012,1,4.2,453.3350723777504,kenyatta_kenya
2022-08-31 23:00:00,0.7132707191076318,1,4.2,453.3350723777504,kenyatta_kenya
2022-09-01 00:00:00,0.684161753832694,1,4.2,453.3350723777504,kenyatta_kenya
2022-09-01 01:00:00,0.6562407412336176,1,4.2,453.3350723777504,kenyatta_kenya
2022-09-01 02:00:00,0.6294592003167722,1,4.2,453.3350723777504,kenyatta_kenya
2022-09-01 03:00:00,0.603770628624197,1,4.2,453.3350723777504,kenyatta_kenya
2022-09-01 04:00:00,0.5791304214884865,1,4.2,453.3350723777504,kenyatta_kenya
2022-09-01 05:00:00,0.5554957945829276,1,4.2,453.3350723777504,kenyatta_kenya
2022-09-01 06:00:00,0.5328257096324078,1,4.2,453.3350723777504,kenyatta_kenya
2022-09-01 07:00:00,0.5110808031561006,1,4.2,453.3350723777504,kenyatta_kenya
2022-09-01 08:00:00,0.4902233181182024,1,4.2,453.3350723777504,kenyatta_kenya
2022-09-01 09:00:00,0.47021703836803896,0,0.0,500.0,kenyatta_kenya
2022-09-01 10:00:00,0.4510272257557061,0,0.0,500.0,kenyatta_kenya
2022-09-01 11:00:00,0.4326205598140564,0,0.0,500.0,kenyatta_kenya
2022-09-01 12:00:00,0.41496507990229625,0,0.0,500.0,kenyatta_kenya
2022-09-01 13:00:00,0.3980301297107337,0,0.0,500.0,kenyatta_kenya
2022-09-01 14:00:00,0.38178630403031844,0,0.0,500.0,kenyatta_kenya
2022-09-01 15:00:00,0.3662053976945455,0,0.0,500.0,kenyatta_kenya
2022-09-01 16:00:00,0.35126035660506716,0,0.0,500.0,kenyatta_kenya
2022-09-01 17:00:00,0.33692523075597675,0,0.0,500.0,kenyatta_kenya
2022-09-01 18:00:00,0.32317512917519636,0,0.0,500.0,kenyatta_kenya
2022-09-01 19:00:00,0.3099861767047322,0,0.0,500.0,kenyatta_kenya
2022-09-01 20:00:00,0.2973354725447495,0,0.0,500.0,kenyatta_kenya
2022-09-01 21:00:00,0.28520105048948724,0,0.0,500.0,kenyatta_kenya
2022-09-01 22:00:00,0.27356184078596724,0,0.0,500.0,kenyatta_kenya
2022-09-01 23:00:00,0.2623976335492684,0,0.0,500.0,kenyatta_kenya
2022-09-02 00:00:00,0.2516890436708453,0,0.0,500.0,kenyatta_kenya
2022-09-02 01:00:00,0.24141747715895634,0,0.0,500.0,kenyatta_kenya
2022-09-02 02:00:00,0.2315650988527571,0,0.0,500.0,kenyatta_kenya
2022-09-02 03:00:00,0.22211480145399995,0,0.0,500.0,kenyatta_kenya
2022-09-02 04:00:00,0.21305017582256625,0,0.0,500.0,kenyatta_kenya
2022-09-02 05:00:00,0.2043554824842538,0,0.0,500.0,kenyatta_kenya
2022-09-02 06:00:00,0.1960156243013474,0,0.0,500.0,kenyatta_kenya
2022-09-02 07:00:00,0.1880161202585182,0,0.0,500.0,kenyatta_kenya
2022-09-02 08:00:00,0.18034308031853458,0,0.0,500.0,kenyatta_kenya
2022-09-02 09:00:00,0.17298318130412477,0,0.0,500.0,kenyatta_kenya
2022-09-02 10:00:00,0.16592364376411506,0,0.0,500.0,kenyatta_kenya
2022-09-02 11:00:00,0.15915220978367156,0,0.0,500.0,kenyatta_kenya
2022-09-02 12:00:00,0.15265712170011964,0,0.0,500.0,kenyatta_kenya
2022-09-02 13:00:00,0.14642710168738135,0,0.0,500.0,kenyatta_kenya
2022-09-02 14:00:00,0.14045133217358388,0,0.0,500.0,kenyatta_kenya
2022-09-02 15:00:00,0.1347194370578352,0,0.0,500.0,kenyatta_kenya
2022-09-02 16:00:00,0.12922146369355364,0,0.0,500.0,kenyatta_kenya
2022-09-02 17:00:00,0.12394786560706796,0,0.0,500.0,kenyatta_kenya
2022-09-02 18:00:00,0.11888948592147995,0,0.0,500.0,kenyatta_kenya
2022-09-02 19:00:00,0.1140375414570089,0,0.0,500.0,kenyatta_kenya
2022-09-02 20:00:00,0.10938360748020917,0,0.0,500.0,kenyatta_kenya
2022-09-02 21:00:00,0.10491960307558092,0,0.0,500.0,kenyatta_kenya
2022-09-02 22:00:00,0.10063777711417275,0,0.0,500.0,kenyatta_kenya
2022-09-02 23:00:00,0.09653069479481377,0,0.0,500.0,kenyatta_kenya
2022-09-03 00:00:00,0.09259122473460535,0,0.0,500.0,kenyatta_kenya
2022-09-03 01:00:00,0.08881252658625632,0,0.0,500.0,kenyatta_kenya
2022-09-03 02:00:00,0.08518803916076209,0,0.0,500.0,kenyatta_kenya
2022-09-03 03:00:00,0.08171146903480339,0,0.0,500.0,kenyatta_kenya
2022-09-03 04:00:00,0.07837677962308323,0,0.0,500.0,kenyatta_kenya
2022-09-03 05:00:00,0.07517818069662777,0,0.0,500.0,kenyatta_kenya
2022-09-03 06:00:00,0.07211011832885107,0,0.0,500.0,kenyatta_kenya
2022-09-03 07:00:00,0.06916726525192639,0,0.0,500.0,kenyatta_kenya
2022-09-03 08:00:00,0.06634451160671902,0,0.0,500.0,kenyatta_kenya
2022-09-03 09:00:00,0.06363695607021974,0,0.0,500.0,kenyatta_kenya
2022-09-03 10:00:00,0.061039897345072154,0,0.0,500.0,kenyatta_kenya
2022-09-03 11:00:00,0.05854882599641727,0,0.0,500.0,kenyatta_kenya
2022-09-03 12:00:00,0.056159416621880884,0,0.0,500.0,kenyatta_kenya
2022-09-03 13:00:00,0.05386752034110784,0,0.0,500.0,kenyatta_kenya
2022-09-03 14:00:00,0.05166915759180268,0,0.0,500.0,kenyatta_kenya
2022-09-03 15:00:00,0.04956051121976772,0,0.0,500.0,kenyatta_kenya
2022-09-03 16:00:00,0.04753791985094035,0,0.0,500.0,kenyatta_kenya
2022-09-03 17:00:00,0.045597871533921204,0,0.0,500.0,kenyatta_kenya
2022-09-03 18:00:00,0.0437369976419541,0,0.0,500.0,kenyatta_kenya
2022-09-03 19:00:00,0.0419520670237696,0,0.0,500.0,kenyatta_kenya
2022-09-03 20:00:00,0.04023998039313576,0,0.0,500.0,kenyatta_kenya
2022-09-03 21:00:00,0.03859776494737425,0,0.0,500.0,kenyatta_kenya
2022-09-03 22:00:00,0.03702256920549803,0,0.0,500.0,kenyatta_kenya
2022-09-03 23:00:00,0.035511658057007164,0,0.0,500.0,kenyatta_kenya
2022-09-04 00:00:00,0.03406240801274604,0,0.0,500.0,kenyatta_kenya
2022-09-04 01:00:00,0.03267230264957583,0,0.0,500.0,kenyatta_kenya
2022-09-04 02:00:00,1.664133233797241,1,4.4,308.68937491917086,kenyatta_kenya
2022-09-04 03:00:00,1.5962190530832505,1,4.4,308.68937491917086,kenyatta_kenya
2022-09-04 04:00:00,1.5310764869541855,1,4.4,308.68937491917086,kenyatta_kenya
2022-09-04 05:00:00,1.4685924243141517,1,4.4,308.68937491917086,kenyatta_kenya
2022-09-04 06:00:00,1.4086583701924842,1,4.4,308.68937491917086,kenyatta_kenya
2022-09-04 07:00:00,1.3511702573571722,1,4.4,308.68937491917086,kenyatta_kenya
2022-09-04 08:00:00,1.2960282656164408,1,4.4,308.68937491917086,kenyatta_kenya
2022-09-04 09:00:00,1.2431366484947315,1,4.4,308.68937491917086,kenyatta_kenya
2022-09-04 10:00:00,1.1924035669821353,1,4.4,308.68937491917086,kenyatta_kenya
2022-09-04 11:00:00,1.1437409300685941,1,4.4,308.68937491917086,kenyatta_kenya
2022-09-04 12:00:00,1.0970642417859957,1,4.4,308.68937491917086,kenyatta_kenya
2022-09-04 13:00:00,1.0522924544925576,1,4.4,308.68937491917086,kenyatta_kenya
2022-09-04 14:00:00,1.0093478281447588,1,4.4,308.68937491917086,kenyatta_kenya
2022-09-04 15:00:00,0.9681557953124588,1,4.4,308.68937491917086,kenyatta_kenya
2022-09-04 16:00:00,0.9286448317028233,1,4.4,308.68937491917086,kenyatta_kenya
2022-09-04 17:00:00,0.8907463319682379,1,4.4,308.68937491917086,kenyatta_kenya
2022-09-04 18:00:00,0.8543944905825704,1,4.4,308.68937491917086,kenyatta_kenya
2022-09-04 19:00:00,0.8195261875789343,1,4.4,308.68937491917086,kenyatta_kenya
2022-09-04 20:00:00,0.7860808789505599,1,4.4,308.68937491917086,kenyatta_kenya
2022-09-04 21:00:00,0.7540004915244616,1,4.4,308.68937491917086,kenyatta_kenya
2022-09-04 22:00:00,0.7232293221253718,1,4.4,308.68937491917086,kenyatta_kenya
2022-09-04 23:00:00,0.6937139408548454,1,4.4,308.68937491917086,kenyatta_kenya
2022-09-05 00:00:00,0.6654030983175999,1,4.4,308.68937491917086,kenyatta_kenya
2022-09-05 01:00:00,0.6382476366339971,1,4.4,308.68937491917086,kenyatta_kenya
2022-09-05 02:00:00,0.6122004040841542,0,0.0,500.0,kenyatta_kenya
2022-09-05 03:00:00,0.587216173235475,0,0.0,500.0,kenyatta_kenya
2022-09-05 04:00:00,0.5632515624114409,0,0.0,500.0,kenyatta_kenya
2022-09-05 05:00:00,0.5402649603653038,0,0.0,500.0,kenyatta_kenya
2022-09-05 06:00:00,0.5182164540278859,0,0.0,500.0,kenyatta_kenya
2022-09-05 07:00:00,0.4970677592040305,0,0.0,500.0,kenyatta_kenya
2022-09-05 08:00:00,0.47678215409736974,0,0.0,500.0,kenyatta_kenya
2022-09-05 09:00:00,0.4573244155479817,0,0.0,500.0,kenyatta_kenya
2022-09-05 10:00:00,0.43866075787222236,0,0.0,500.0,kenyatta_kenya
2022-09-05 11:00:00,0.4207587741985401,0,0.0,500.0,kenyatta_kenya
2022-09-05 12:00:00,0.40358738019740414,0,0.0,500.0,kenyatta_kenya
2022-09-05 13:00:00,0.38711676010764745,0,0.0,500.0,kenyatta_kenya
2022-09-05 14:00:00,0.3713183149655028,0,0.0,500.0,kenyatta_kenya
2022-09-05 15:00:00,0.35616461294644064,0,0.0,500.0,kenyatta_kenya
2022-09-05 16:00:00,0.34162934173358267,0,0.0,500.0,kenyatta_kenya
2022-09-05 17:00:00,0.32768726282998745,0,0.0,500.0,kenyatta_kenya
2022-09-05 18:00:00,0.3143141677354752,0,0.0,500.0,kenyatta_kenya
2022-09-05 19:00:00,0.30148683591190106,0,0.0,500.0,kenyatta_kenya
2022-09-05 20:00:00,0.2891829944638881,0,0.0,500.0,kenyatta_kenya
2022-09-05 21:00:00,0.2773812794650118,0,0.0,500.0,kenyatta_kenya
2022-09-05 22:00:00,0.2660611988622828,0,0.0,500.0,kenyatta_kenya
2022-09-05 23:00:00,0.7750857592401333,1,4.7,442.79578131557076,kenyatta_kenya
2022-09-06 00:00:00,0.7434540886185677,1,4.7,442.79578131557076,kenyatta_kenya
2022-09-06 01:00:00,0.7131133236476129,1,4.7,442.79578131557076,kenyatta_kenya
2022-09-06 02:00:00,0.6840107817668472,1,4.7,442.79578131557076,kenyatta_kenya
2022-09-06 03:00:00,0.6560959304197391,1,4.7,442.79578131557076,kenyatta_kenya
2022-09-06 04:00:00,0.6293202993108246,1,4.7,442.79578131557076,kenyatta_kenya
2022-09-06 05:00:00,0.6036373962437102,1,4.7,442.79578131557076,kenyatta_kenya
2022-09-06 06:00:00,0.5790026263937782,1,4.7,442.79578131557076,kenyatta_kenya
2022-09-06 07:00:00,0.5553732148754131,1,4.7,442.79578131557076,kenyatta_kenya
2022-09-06 08:00:00,0.5327081324693044,1,4.7,442.79578131557076,kenyatta_kenya
2022-09-06 09:00:00,0.5109680243808548,1,4.7,442.79578131557076,kenyatta_kenya
2022-09-06 10:00:00,0.490115141906001,1,4.7,442.79578131557076,kenyatta_kenya
2022-09-06 11:00:00,0.47011327688578536,1,4.7,442.79578131557076,kenyatta_kenya
2022-09-06 12:00:00,0.4509276988358744,1,4.7,442.79578131557076,kenyatta_kenya
2022-09-06 13:00:00,0.43252509464185535,1,4.7,442.79578131557076,kenyatta_kenya
2022-09-06 14:00:00,0.4148735107155999,1,4.7,442.79578131557076,kenyatta_kenya
2022-09-06 15:00:00,0.3979422975122584,1,4.7,442.79578131557076,kenyatta_kenya
2022-09-06 16:00:00,0.3817020563115464,1,4.7,442.79578131557076,kenyatta_kenya
2022-09-06 17:00:00,0.3661245881709139,1,4.7,442.79578131557076,kenyatta_kenya
2022-09-06 18:00:00,0.3511828449619656,1,4.7,442.79578131557076,kenyatta_kenya
2022-09-06 19:00:00,0.33685088240511046,1,4.7,442.79578131557076,kenyatta_kenya
2022-09-06 20:00:00,0.32310381502089214,1,4.7,442.79578131557076,kenyatta_kenya
2022-09-06 21:00:00,0.3099177729197809,1,4.7,442.79578131557076,kenyatta_kenya
2022-09-06 22:00:00,0.2972698603553978,1,4.7,442.79578131557076,kenyatta_kenya
2022-09-06 23:00:00,0.28513811596920335,0,0.0,500.0,kenyatta_kenya
2022-09-07 00:00:00,0.27350147465762265,0,0.0,500.0,kenyatta_kenya
2022-09-07 01:00:00,0.26233973099539376,0,0.0,500.0,kenyatta_kenya
2022-09-07 02:00:00,0.2516335041516291,0,0.0,500.0,kenyatta_kenya
2022-09-07 03:00:00,0.24136420423767116,0,0.0,500.0,kenyatta_kenya
2022-09-07 04:00:00,0.23151400002831093,0,0.0,500.0,kenyatta_kenya
2022-09-07 05:00:00,0.2220657880003205,0,0.0,500.0,kenyatta_kenya
2022-09-07 06:00:00,0.21300316263454047,0,0.0,500.0,kenyatta_kenya
2022-09-07 07:00:00,0.2043103879299543,0,0.0,500.0,kenyatta_kenya
2022-09-07 08:00:00,0.19597237008029028,0,0.0,500.0,kenyatta_kenya
2022-09-07 09:00:00,0.18797463126570477,0,0.0,500.0,kenyatta_kenya
2022-09-07 10:00:00,0.18030328451404176,0,0.0,500.0,kenyatta_kenya
2022-09-07 11:00:00,0.17294500958801823,0,0.0,500.0,kenyatta_kenya
2022-09-07 12:00:00,0.1658870298564659,0,0.0,500.0,kenyatta_kenya
2022-09-07 13:00:00,0.15911709010947092,0,0.0,500.0,kenyatta_kenya
2022-09-07 14:00:00,0.15262343527888925,0,0.0,500.0,kenyatta_kenya
2022-09-07 15:00:00,0.14639479002728945,0,0.0,500.0,kenyatta_kenya
2022-09-07 16:00:00,0.14042033916988206,0,0.0,500.0,kenyatta_kenya
2022-09-07 17:00:00,0.1346897088954402,0,0.0,500.0,kenyatta_kenya
2022-09-07 18:00:00,0.12919294875360518,0,0.0,500.0,kenyatta_kenya
2022-09-07 19:00:00,0.12392051437729924,0,0.0,500.0,kenyatta_kenya
2022-09-07 20:00:00,0.11886325091024681,0,0.0,500.0,kenyatta_kenya
2022-09-07 21:00:00,0.11401237711082693,0,0.0,500.0,kenyatta_kenya
2022-09-07 22:00:00,0.10935947010465641,0,0.0,500.0,kenyatta_kenya
2022-09-07 23:00:00,0.10489645075942838,0,0.0,500.0,kenyatta_kenya
2022-09-08 00:00:00,0.10061556965661159,0,0.0,500.0,kenyatta_kenya
2022-09-08 01:00:00,0.09650939363565195,0,0.0,500.0,kenyatta_kenya
2022-09-08 02:00:00,0.0925707928873131,0,0.0,500.0,kenyatta_kenya
2022-09-08 03:00:00,0.08879292857374434,0,0.0,500.0,kenyatta_kenya
2022-09-08 04:00:00,0.0851692409537803,0,0.0,500.0,kenyatta_kenya
2022-09-08 05:00:00,0.08169343799285392,0,0.0,500.0,kenyatta_kenya
2022-09-08 06:00:00,0.0783594844377446,0,0.0,500.0,kenyatta_kenya
2022-09-08 07:00:00,0.07516159133719219,0,0.0,500.0,kenyatta_kenya
2022-09-08 08:00:00,0.07209420599018028,0,0.0,500.0,kenyatta_kenya
2022-09-08 09:00:00,0.06915200230443541,0,0.0,500.0,kenyatta_kenya
2022-09-08 10:00:00,0.06632987154840127,0,0.0,500.0,kenyatta_kenya
2022-09-08 11:00:00,0.06362291348062987,0,0.0,500.0,kenyatta_kenya
2022-09-08 12:00:00,0.061026427841187045,0,0.0,500.0,kenyatta_kenya
2022-09-08 13:00:00,0.05853590619029819,0,0.0,500.0,kenyatta_kenya
2022-09-08 14:00:00,0.056147024080063564,0,0.0,500.0,kenyatta_kenya
2022-09-08 15:00:00,0.053855633545649866,0,0.0,500.0,kenyatta_kenya
2022-09-08 16:00:00,0.05165775590292058,0,0.0,500.0,kenyatta_kenya
2022-09-08 17:00:00,0.049549574839998785,0,0.0,500.0,kenyatta_kenya
2022-09-08 18:00:00,0.047527429790767045,0,0.0,500.0,kenyatta_kenya
2022-09-08 19:00:00,0.045587809578798516,0,0.0,500.0,kenyatta_kenya
2022-09-08 20:00:00,0.043727346320682536,0,0.0,500.0,kenyatta_kenya
2022-09-08 21:00:00,0.041942809578158734,0,0.0,500.0,kenyatta_kenya
2022-09-08 22:00:00,0.04023110074890604,0,0.0,500.0,kenyatta_kenya
2022-09-08 23:00:00,0.038589247686246234,0,0.0,500.0,kenyatta_kenya
2022-09-09 00:00:00,0.03701439953842059,0,0.0,500.0,kenyatta_kenya
2022-09-09 01:00:00,0.03550382179847838,0,0.0,500.0,kenyatta_kenya
2022-09-09 02:00:00,0.03405489155618206,0,0.0,500.0,kenyatta_kenya
2022-09-09 03:00:00,0.03266509294368484,0,0.0,500.0,kenyatta_kenya
2022-09-09 04:00:00,0.031332012767072606,0,0.0,500.0,kenyatta_kenya
2022-09-09 05:00:00,0.03005333631618497,0,0.0,500.0,kenyatta_kenya
2022-09-09 06:00:00,0.028826843345439796,0,0.0,500.0,kenyatta_kenya
2022-09-09 07:00:00,0.027650404218682575,0,0.0,500.0,kenyatta_kenya
2022-09-09 08:00:00,0.026521976211366368,0,0.0,500.0,kenyatta_kenya
2022-09-09 09:00:00,0.02543959996364198,0,0.0,500.0,kenyatta_kenya
2022-09-09 10:00:00,0.024401396078199397,0,0.0,500.0,kenyatta_kenya
2022-09-09 11:00:00,0.023405561856953142,0,0.0,500.0,kenyatta_kenya
2022-09-09 12:00:00,0.02245036817090523,0,0.0,500.0,kenyatta_kenya
2022-09-09 13:00:00,0.021534156457750867,0,0.0,500.0,kenyatta_kenya
2022-09-09 14:00:00,0.0206553358420133,0,0.0,500.0,kenyatta_kenya
2022-09-09 15:00:00,0.019812380372707657,0,0.0,500.0,kenyatta_kenya
2022-09-09 16:00:00,0.019003826373737202,0,0.0,500.0,kenyatta_kenya
2022-09-09 17:00:00,0.018228269902421313,0,0.0,500.0,kenyatta_kenya
2022-09-09 18:00:00,0.01748436431174234,0,0.0,500.0,kenyatta_kenya
2022-09-09 19:00:00,0.016770817912078524,0,0.0,500.0,kenyatta_kenya
2022-09-09 20:00:00,0.016086391728362813,0,0.0,500.0,kenyatta_kenya
2022-09-09 21:00:00,0.015429897348773257,0,0.0,500.0,kenyatta_kenya
2022-09-09 22:00:00,0.014800194861219548,0,0.0,500.0,kenyatta_kenya
2022-09-09 23:00:00,0.014196190874042636,0,0.0,500.0,kenyatta_kenya
2022-09-10 00:00:00,0.013616836617490661,0,0.0,500.0,kenyatta_kenya
2022-09-10 01:00:00,0.013061126122674696,0,0.0,500.0,kenyatta_kenya
2022-09-10 02:00:00,0.012528094474842327,0,0.0,500.0,kenyatta_kenya
2022-09-10 03:00:00,0.012016816137936011,0,0.0,500.0,kenyatta_kenya
2022-09-10 04:00:00,0.011526403347527173,0,0.0,500.0,kenyatta_kenya
2022-09-10 05:00:00,0.01105600456933554,0,0.0,500.0,kenyatta_kenya
2022-09-10 06:00:00,0.010604803020657111,0,0.0,500.0,kenyatta_kenya
2022-09-10 07:00:00,0.01017201525213344,0,0.0,500.0,kenyatta_kenya
2022-09-10 08:00:00,0.009756889787399746,0,0.0,500.0,kenyatta_kenya
2022-09-10 09:00:00,0.009358705818249663,0,0.0,500.0,kenyatta_kenya
2022-09-10 10:00:00,0.008976771953051027,0,0.0,500.0,kenyatta_kenya
2022-09-10 11:00:00,0.00861042501623955,0,0.0,500.0,kenyatta_kenya
2022-09-10 12:00:00,0.008259028896805758,0,0.0,500.0,kenyatta_kenya
2022-09-10 13:00:00,0.0079219734437758,0,0.0,500.0,kenyatta_kenya
2022-09-10 14:00:00,0.007598673406768316,0,0.0,500.0,kenyatta_kenya
2022-09-10 15:00:00,0.007288567419787748,0,0.0,500.0,kenyatta_kenya
2022-09-10 16:00:00,0.006991117026489562,0,0.0,500.0,kenyatta_kenya
2022-09-10 17:00:00,0.006705805745224974,0,0.0,500.0,kenyatta_kenya
2022-09-10 18:00:00,0.006432138172241685,0,0.0,500.0,kenyatta_kenya
2022-09-10 19:00:00,0.006169639121483466,0,0.0,500.0,kenyatta_kenya
2022-09-10 20:00:00,0.005917852799495024,0,0.0,500.0,kenyatta_kenya
2022-09-10 21:00:00,0.0056763420139994275,0,0.0,500.0,kenyatta_kenya
2022-09-10 22:00:00,0.005444687414773904,0,0.0,500.0,kenyatta_kenya
2022-09-10 23:00:00,0.005222486765505936,0,0.0,500.0,kenyatta_kenya
2022-09-11 00:00:00,0.005009354245365299,0,0.0,500.0,kenyatta_kenya
2022-09-11 01:00:00,0.004804919779079298,0,0.0,500.0,kenyatta_kenya
2022-09-11 02:00:00,0.0046088283943480305,0,0.0,500.0,kenyatta_kenya
2022-09-11 03:00:00,0.0044207396054838696,0,0.0,500.0,kenyatta_kenya
2022-09-11 04:00:00,0.004240326822204939,0,0.0,500.0,kenyatta_kenya
2022-09-11 05:00:00,0.004067276782556071,0,0.0,500.0,kenyatta_kenya
2022-09-11 06:00:00,0.003901289008972562,0,0.0,500.0,kenyatta_kenya
2022-09-11 07:00:00,0.003742075286542241,0,0.0,500.0,kenyatta_kenya
2022-09-11 08:00:00,0.0035893591625599736,0,0.0,500.0,kenyatta_kenya
2022-09-11 09:00:00,0.003442875466505611,0,0.0,500.0,kenyatta_kenya
2022-09-11 10:00:00,0.00330236984961189,0,0.0,500.0,kenyatta_kenya
2022-09-11 11:00:00,0.0031675983432228145,0,0.0,500.0,kenyatta_kenya
2022-09-11 12:00:00,0.003038326935175695,0,0.0,500.0,kenyatta_kenya
2022-09-11 13:00:00,0.002914331163471249,0,0.0,500.0,kenyatta_kenya
2022-09-11 14:00:00,0.0027953957265262294,0,0.0,500.0,kenyatta_kenya
2022-09-11 15:00:00,0.002681314109331898,0,0.0,500.0,kenyatta_kenya
2022-09-11 16:00:00,0.0025718882248691372,0,0.0,500.0,kenyatta_kenya
2022-09-11 17:00:00,0.002466928070157612,0,0.0,500.0,kenyatta_kenya
2022-09-11 18:00:00,0.0023662513963417734,0,0.0,500.0,kenyatta_kenya
2022-09-11 19:00:00,0.002269683392240807,0,0.0,500.0,kenyatta_kenya
2022-09-11 20:00:00,0.0021770563808130865,0,0.0,500.0,kenyatta_kenya
2022-09-11 21:00:00,0.0020882095280080892,0,0.0,500.0,kenyatta_kenya
2022-09-11 22:00:00,0.0020029885635002094,0,0.0,500.0,kenyatta_kenya
2022-09-11 23:00:00,0.0019212455128195783,0,0.0,500.0,kenyatta_kenya
2022-09-12 00:00:00,0.001842838440414778,0,0.0,500.0,kenyatta_kenya
2022-09-12 01:00:00,0.0017676312032013032,0,0.0,500.0,kenyatta_kenya
2022-09-12 02:00:00,0.0016954932141678301,0,0.0,500.0,kenyatta_kenya
2022-09-12 03:00:00,0.0016262992156298689,0,0.0,500.0,kenyatta_kenya
2022-09-12 04:00:00,0.0015599290617370313,0,0.0,500.0,kenyatta_kenya
2022-09-12 05:00:00,0.00149626750985631,0,0.0,500.0,kenyatta_kenya
2022-09-12 06:00:00,0.0014352040204691162,0,0.0,500.0,kenyatta_kenya
2022-09-12 07:00:00,0.0013766325652346241,0,0.0,500.0,kenyatta_kenya
2022-09-12 08:00:00,0.0013204514428861594,0,0.0,500.0,kenyatta_kenya
2022-09-12 09:00:00,0.0012665631026409533,0,0.0,500.0,kenyatta_kenya
2022-09-12 10:00:00,0.001214873974816642,0,0.0,500.0,kenyatta_kenya
2022-09-12 11:00:00,0.0011652943083603953,0,0.0,500.0,kenyatta_kenya
2022-09-12 12:00:00,0.0011177380150085763,0,0.0,500.0,kenyatta_kenya
2022-09-12 13:00:00,0.0010721225198063221,0,0.0,500.0,kenyatta_kenya
2022-09-12 14:00:00,0.0010283686177275074,0,0.0,500.0,kenyatta_kenya
2022-09-12 15:00:00,0.0009864003361461226,0,0.0,500.0,kenyatta_kenya
2022-09-12 16:00:00,0.0009461448029202707,0,0.0,500.0,kenyatta_kenya
2022-09-12 17:00:00,0.000907532119859727,0,0.0,500.0,kenyatta_kenya
2022-09-12 18:00:00,0.0008704952413573568,0,0.0,500.0,kenyatta_kenya
2022-09-12 19:00:00,0.0008349698579736514,0,0.0,500.0,kenyatta_kenya
2022-09-12 20:00:00,0.0008008942847722409,0,0.0,500.0,kenyatta_kenya
2022-09-12 21:00:00,0.0007682093542124973,0,0.0,500.0,kenyatta_kenya
2022-09-12 22:00:00,0.000736858313413247,0,0.0,500.0,kenyatta_kenya
2022-09-12 23:00:00,0.0007067867256092075,0,0.0,500.0,kenyatta_kenya
2022-09-13 00:00:00,2.6840721228537663,1,4.6,196.94904042744935,kenyatta_kenya
2022-09-13 01:00:00,2.574533682361876,1,4.6,196.94904042744935,kenyatta_kenya
2022-09-13 02:00:00,2.469465565093878,1,4.6,196.94904042744935,kenyatta_kenya
2022-09-13 03:00:00,2.368685334732108,1,4.6,196.94904042744935,kenyatta_kenya
2022-09-13 04:00:00,2.272018000284068,1,4.6,196.94904042744935,kenyatta_kenya
2022-09-13 05:00:00,2.179295712234665,1,4.6,196.94904042744935,kenyatta_kenya
2022-09-13 06:00:00,2.0903574710986415,1,4.6,196.94904042744935,kenyatta_kenya
2022-09-13 07:00:00,2.005048847867137,1,4.6,196.94904042744935,kenyatta_kenya
2022-09-13 08:00:00,1.9232217158629819,1,4.6,196.94904042744935,kenyatta_kenya
2022-09-13 09:00:00,1.844733993539119,1,4.6,196.94904042744935,kenyatta_kenya
2022-09-13 10:00:00,1.7694493977735597,1,4.6,196.94904042744935,kenyatta_kenya
2022-09-13 11:00:00,1.6972372072325124,1,4.6,196.94904042744935,kenyatta_kenya
2022-09-13 12:00:00,1.6279720353907834,1,4.6,196.94904042744935,kenyatta_kenya
2022-09-13 13:00:00,1.561533612815344,1,4.6,196.94904042744935,kenyatta_kenya
2022-09-13 14:00:00,1.497806578334021,1,4.6,196.94904042744935,kenyatta_kenya
2022-09-13 15:00:00,1.4366802787267052,1,4.6,196.94904042744935,kenyatta_kenya
2022-09-13 16:00:00,1.3780485765912742,1,4.6,196.94904042744935,kenyatta_kenya
2022-09-13 17:00:00,1.3218096660506047,1,4.6,196.94904042744935,kenyatta_kenya
2022-09-13 18:00:00,1.2678658959806905,1,4.6,196.94904042744935,kenyatta_kenya
2022-09-13 19:00:00,1.2161236004529101,1,4.6,196.94904042744935,kenyatta_kenya
2022-09-13 20:00:00,1.1664929360960372,1,4.6,196.94904042744935,kenyatta_kenya
2022-09-13 21:00:00,1.1188877260956025,1,4.6,196.94904042744935,kenyatta_kenya
2022-09-13 22:00:00,1.073225310559719,1,4.6,196.94904042744935,kenyatta_kenya
2022-09-13 23:00:00,1.0294264029915632,1,4.6,196.94904042744935,kenyatta_kenya
2022-09-14 00:00:00,0.9874149526192904,0,0.0,500.0,kenyatta_kenya
2022-09-14 01:00:00,0.9471180123443423,0,0.0,500.0,kenyatta_kenya
2022-09-14 02:00:00,0.908465612078856,0,0.0,500.0,kenyatta_kenya
2022-09-14 03:00:00,0.8713906372522386,0,0.0,500.0,kenyatta_kenya
2022-09-14 04:00:00,0.8358287122759608,0,0.0,500.0,kenyatta_kenya
2022-09-14 05:00:00,0.8017180887642091,0,0.0,500.0,kenyatta_kenya
2022-09-14 06:00:00,0.7689995383163174,0,0.0,500.0,kenyatta_kenya
2022-09-14 07:00:00,0.7376162496748064,0,0.0,500.0,kenyatta_kenya
2022-09-14 08:00:00,0.707513730080456,0,0.0,500.0,kenyatta_kenya
2022-09-14 09:00:00,0.6786397106531339,0,0.0,500.0,kenyatta_kenya
2022-09-14 10:00:00,0.6509440556340822,0,0.0,500.0,kenyatta_kenya
2022-09-14 11:00:00,0.6243786753320759,0,0.0,500.0,kenyatta_kenya
2022-09-14 12:00:00,0.5988974426222969,0,0.0,500.0,kenyatta_kenya
2022-09-14 13:00:00,0.5744561128529323,0,0.0,500.0,kenyatta_kenya
2022-09-14 14:00:00,0.5510122470204298,0,0.0,500.0,kenyatta_kenya
2022-09-14 15:00:00,0.5285251380800127,0,0.0,500.0,kenyatta_kenya
2022-09-14 16:00:00,0.5069557402634995,0,0.0,500.0,kenyatta_kenya
2022-09-14 17:00:00,0.48626660128170723,0,0.0,500.0,kenyatta_kenya
2022-09-14 18:00:00,0.46642179729370664,0,0.0,500.0,kenyatta_kenya
2022-09-14 19:00:00,0.447386870530019,0,0.0,500.0,kenyatta_kenya
2022-09-14 20:00:00,0.4291287694614452,0,0.0,500.0,kenyatta_kenya
2022-09-14 21:00:00,0.41161579140963617,0,0.0,500.0,kenyatta_kenya
2022-09-14 22:00:00,0.3948175274997571,0,0.0,500.0,kenyatta_kenya
2022-09-14 23:00:00,0.37870480985966426,0,0.0,500.0,kenyatta_kenya
2022-09-15 00:00:00,0.36324966097391076,0,0.0,500.0,kenyatta_kenya
2022-09-15 01:00:00,0.348425245104644,0,0.0,500.0,kenyatta_kenya
2022-09-15 02:00:00,0.33420582169504204,0,0.0,500.0,kenyatta_kenya
2022-09-15 03:00:00,0.3205667006743806,0,0.0,500.0,kenyatta_kenya
2022-09-15 04:00:00,0.30748419958712675,0,0.0,500.0,kenyatta_kenya
2022-09-15 05:00:00,0.29493560247161404,0,0.0,500.0,kenyatta_kenya
2022-09-15 06:00:00,0.282899120416904,0,0.0,500.0,kenyatta_kenya
2022-09-15 07:00:00,0.2713538537293429,0,0.0,500.0,kenyatta_kenya
2022-09-15 08:00:00,0.2602797556431209,0,0.0,500.0,kenyatta_kenya
2022-09-15 09:00:00,0.24965759751182426,0,0.0,500.0,kenyatta_kenya
2022-09-15 10:00:00,0.23946893542053851,0,0.0,500.0,kenyatta_kenya
2022-09-15 11:00:00,0.22969607816052964,0,0.0,500.0,kenyatta_kenya
2022-09-15 12:00:00,0.2203220565108965,0,0.0,500.0,kenyatta_kenya
2022-09-15 13:00:00,0.21133059377385574,0,0.0,500.0,kenyatta_kenya
2022-09-15 14:00:00,0.20270607751249653,0,0.0,500.0,kenyatta_kenya
2022-09-15 15:00:00,0.19443353244193434,0,0.0,500.0,kenyatta_kenya
2022-09-15 16:00:00,0.18649859442679098,0,0.0,500.0,kenyatta_kenya
2022-09-15 17:00:00,0.178887485539851,0,0.0,500.0,kenyatta_kenya
2022-09-15 18:00:00,0.17158699013858852,0,0.0,500.0,kenyatta_kenya
2022-09-15 19:00:00,0.1645844319180237,0,0.0,500.0,kenyatta_kenya
2022-09-15 20:00:00,0.15786765190006513,0,0.0,500.0,kenyatta_kenya
2022-09-15 21:00:00,0.15142498732111787,0,0.0,500.0,kenyatta_kenya
2022-09-15 22:00:00,0.14524525138130118,0,0.0,500.0,kenyatta_kenya
2022-09-15 23:00:00,0.13931771382011057,0,0.0,500.0,kenyatta_kenya
2022-09-16 00:00:00,0.13363208228479814,0,0.0,500.0,kenyatta_kenya
2022-09-16 01:00:00,0.1281784844591192,0,0.0,500.0,kenyatta_kenya
2022-09-16 02:00:00,0.12294745092141467,0,0.0,500.0,kenyatta_kenya
2022-09-16 03:00:00,0.11792989870226415,0,0.0,500.0,kenyatta_kenya
2022-09-16 04:00:00,0.1131171155131604,0,0.0,500.0,kenyatta_kenya
2022-09-16 05:00:00,0.10850074461881999,0,0.0,500.0,kenyatta_kenya
2022-09-16 06:00:00,0.10407277032686321,0,0.0,500.0,kenyatta_kenya
2022-09-16 07:00:00,0.09982550406966793,0,0.0,500.0,kenyatta_kenya
2022-09-16 08:00:00,0.09575157105423086,0,0.0,500.0,kenyatta_kenya
2022-09-16 09:00:00,0.09184389745685478,0,0.0,500.0,kenyatta_kenya
2022-09-16 10:00:00,0.08809569814042788,0,0.0,500.0,kenyatta_kenya
2022-09-16 11:00:00,0.08450046487296754,0,0.0,500.0,kenyatta_kenya
2022-09-16 12:00:00,0.08105195502697156,0,0.0,500.0,kenyatta_kenya
2022-09-16 13:00:00,0.07774418073995511,0,0.0,500.0,kenyatta_kenya
2022-09-16 14:00:00,0.07457139851735224,0,0.0,500.0,kenyatta_kenya
2022-09-16 15:00:00,0.0715280992597283,0,0.0,500.0,kenyatta_kenya
2022-09-16 16:00:00,0.06860899869698733,0,0.0,500.0,kenyatta_kenya
2022-09-16 17:00:00,0.06580902821296487,0,0.0,500.0,kenyatta_kenya
2022-09-16 18:00:00,0.06312332604447372,0,0.0,500.0,kenyatta_kenya
2022-09-16 19:00:00,0.060547228839521856,0,0.0,500.0,kenyatta_kenya
2022-09-16 20:00:00,0.05807626356004373,0,0.0,500.0,kenyatta_kenya
2022-09-16 21:00:00,0.05570613971508559,0,0.0,500.0,kenyatta_kenya
2022-09-16 22:00:00,0.05343274191095874,0,0.0,500.0,kenyatta_kenya
2022-09-16 23:00:00,0.05125212270542521,0,0.0,500.0,kenyatta_kenya
2022-09-17 00:00:00,0.04916049575350772,0,0.0,500.0,kenyatta_kenya
2022-09-17 01:00:00,0.0471542292330232,0,0.0,500.0,kenyatta_kenya
2022-09-17 02:00:00,0.04522983953842336,0,0.0,500.0,kenyatta_kenya
2022-09-17 03:00:00,0.04338398523199372,0,0.0,500.0,kenyatta_kenya
2022-09-17 04:00:00,0.04161346124190695,0,0.0,500.0,kenyatta_kenya
2022-09-17 05:00:00,0.03991519329705688,0,0.0,500.0,kenyatta_kenya
2022-09-17 06:00:00,0.038286232589010295,0,0.0,500.0,kenyatta_kenya
2022-09-17 07:00:00,0.036723750651807,0,0.0,500.0,kenyatta_kenya
2022-09-17 08:00:00,0.035225034450718104,0,0.0,500.0,kenyatta_kenya
2022-09-17 09:00:00,0.03378748167143498,0,0.0,500.0,kenyatta_kenya
2022-09-17 10:00:00,0.03240859620150869,0,0.0,500.0,kenyatta_kenya
2022-09-17 11:00:00,0.031085983796194386,0,0.0,500.0,kenyatta_kenya
2022-09-17 12:00:00,0.029817347921175155,0,0.0,500.0,kenyatta_kenya
2022-09-17 13:00:00,0.028600485764946303,0,0.0,500.0,kenyatta_kenya
2022-09-17 14:00:00,0.027433284413936467,0,0.0,500.0,kenyatta_kenya
2022-09-17 15:00:00,0.026313717183724293,0,0.0,500.0,kenyatta_kenya
2022-09-17 16:00:00,0.02523984009997992,0,0.0,500.0,kenyatta_kenya
2022-09-17 17:00:00,0.024209788523021195,0,0.0,500.0,kenyatta_kenya
2022-09-17 18:00:00,0.023221773910123734,0,0.0,500.0,kenyatta_kenya
2022-09-17 19:00:00,0.02227408070996275,0,0.0,500.0,kenyatta_kenya
2022-09-17 20:00:00,0.021365063383794288,0,0.0,500.0,kenyatta_kenya
2022-09-17 21:00:00,0.020493143548203967,0,0.0,500.0,kenyatta_kenya
2022-09-17 22:00:00,0.019656807234461407,0,0.0,500.0,kenyatta_kenya
2022-09-17 23:00:00,0.018854602259722016,0,0.0,500.0,kenyatta_kenya
2022-09-18 00:00:00,0.01808513570551148,0,0.0,500.0,kenyatta_kenya
2022-09-18 01:00:00,0.017347071499114665,0,0.0,500.0,kenyatta_kenya
2022-09-18 02:00:00,0.01663912809366919,0,0.0,500.0,kenyatta_kenya
2022-09-18 03:00:00,0.015960076242935956,0,0.0,500.0,kenyatta_kenya
2022-09-18 04:00:00,0.015308736866882203,0,0.0,500.0,kenyatta_kenya
2022-09-18 05:00:00,0.014683979004371387,0,0.0,500.0,kenyatta_kenya
2022-09-18 06:00:00,0.01408471784940497,0,0.0,500.0,kenyatta_kenya
2022-09-18 07:00:00,0.013509912867506146,0,0.0,500.0,kenyatta_kenya
2022-09-18 08:00:00,0.012958565988974968,0,0.0,500.0,kenyatta_kenya
2022-09-18 09:00:00,0.012429719875877848,0,0.0,500.0,kenyatta_kenya
2022-09-18 10:00:00,0.011922456259761936,0,0.0,500.0,kenyatta_kenya
2022-09-18 11:00:00,0.011435894347208493,0,0.0,500.0,kenyatta_kenya
2022-09-18 12:00:00,0.010969189290456382,0,0.0,500.0,kenyatta_kenya
2022-09-18 13:00:00,0.010521530720440226,0,0.0,500.0,kenyatta_kenya
2022-09-18 14:00:00,0.010092141339696178,0,0.0,500.0,kenyatta_kenya
2022-09-18 15:00:00,0.009680275572691873,0,0.0,500.0,kenyatta_kenya
2022-09-18 16:00:00,0.009285218271237168,0,0.0,500.0,kenyatta_kenya
2022-09-18 17:00:00,0.008906283472727828,0,0.0,500.0,kenyatta_kenya
2022-09-18 18:00:00,0.008542813209065898,0,0.0,500.0,kenyatta_kenya
2022-09-18 19:00:00,0.008194176364188692,0,0.0,500.0,kenyatta_kenya
2022-09-18 20:00:00,0.007859767578222682,0,0.0,500.0,kenyatta_kenya
2022-09-18 21:00:00,0.0075390061963594235,0,0.0,500.0,kenyatta_kenya
2022-09-18 22:00:00,0.007231335260628421,0,0.0,500.0,kenyatta_kenya
2022-09-18 23:00:00,0.006936220542816341,0,0.0,500.0,kenyatta_kenya
2022-09-19 00:00:00,0.0066531496168532635,0,0.0,500.0,kenyatta_kenya
2022-09-19 01:00:00,0.006381630969055352,0,0.0,500.0,kenyatta_kenya
2022-09-19 02:00:00,0.006121193144679063,0,0.0,500.0,kenyatta_kenya
2022-09-19 03:00:00,0.005871383929304893,0,0.0,500.0,kenyatta_kenya
2022-09-19 04:00:00,0.005631769563629277,0,0.0,500.0,kenyatta_kenya
2022-09-19 05:00:00,0.0054019339903013325,0,0.0,500.0,kenyatta_kenya
2022-09-19 06:00:00,0.005181478131496538,0,0.0,500.0,kenyatta_kenya
2022-09-19 07:00:00,0.004970019195973035,0,0.0,500.0,kenyatta_kenya
2022-09-19 08:00:00,0.0047671900144073695,0,0.0,500.0,kenyatta_kenya
2022-09-19 09:00:00,0.004572638401855512,0,0.0,500.0,kenyatta_kenya
2022-09-19 10:00:00,0.004386026546232186,0,0.0,500.0,kenyatta_kenya
2022-09-19 11:00:00,0.004207030421746717,0,0.0,500.0,kenyatta_kenya
2022-09-19 12:00:00,0.004035339226276865,0,0.0,500.0,kenyatta_kenya
2022-09-19 13:00:00,0.003870654841703714,0,0.0,500.0,kenyatta_kenya
2022-09-19 14:00:00,0.003712691316270642,0,0.0,500.0,kenyatta_kenya
2022-09-19 15:00:00,0.0035611743680674505,0,0.0,500.0,kenyatta_kenya
2022-09-19 16:00:00,0.0034158409087775947,0,0.0,500.0,kenyatta_kenya
2022-09-19 17:00:00,0.0032764385868615654,0,0.0,500.0,kenyatta_kenya
2022-09-19 18:00:00,0.003142725349383179,0,0.0,500.0,kenyatta_kenya
2022-09-19 19:00:00,0.003014469021717977,0,0.0,500.0,kenyatta_kenya
2022-09-19 20:00:00,0.0028914469044139805,0,0.0,500.0,kenyatta_kenya
2022-09-19 21:00:00,0.002773445386504745,0,0.0,500.0,kenyatta_kenya
2022-09-19 22:00:00,0.00266025957460333,0,0.0,500.0,kenyatta_kenya
2022-09-19 23:00:00,0.0025516929371331544,0,0.0,500.0,kenyatta_kenya
2022-09-20 00:00:00,0.0024475569630779737,0,0.0,500.0,kenyatta_kenya
2022-09-20 01:00:00,0.0023476708346584526,0,0.0,500.0,kenyatta_kenya
2022-09-20 02:00:00,0.0022518611133669976,0,0.0,500.0,kenyatta_kenya
2022-09-20 03:00:00,0.002159961438815671,0,0.0,500.0,kenyatta_kenya
2022-09-20 04:00:00,0.002071812239874276,0,0.0,500.0,kenyatta_kenya
2022-09-20 05:00:00,0.0019872604575970738,0,0.0,500.0,kenyatta_kenya
2022-09-20 06:00:00,0.0019061592794569959,0,0.0,500.0,kenyatta_kenya
2022-09-20 07:00:00,0.0018283678844259012,0,0.0,500.0,kenyatta_kenya
2022-09-20 08:00:00,0.001753751198458263,0,0.0,500.0,kenyatta_kenya
2022-09-20 09:00:00,0.0016821796599536829,0,0.0,500.0,kenyatta_kenya
2022-09-20 10:00:00,0.0016135289947910073,0,0.0,500.0,kenyatta_kenya
2022-09-20 11:00:00,0.0015476800005434393,0,0.0,500.0,kenyatta_kenya
2022-09-20 12:00:00,0.0014845183394999334,0,0.0,500.0,kenyatta_kenya
2022-09-20 13:00:00,0.0014239343401334999,0,0.0,500.0,kenyatta_kenya
2022-09-20 14:00:00,0.0013658228066717102,0,0.0,500.0,kenyatta_kenya
2022-09-20 15:00:00,0.001310082836438718,0,0.0,500.0,kenyatta_kenya
2022-09-20 16:00:00,0.0012566176446516533,0,0.0,500.0,kenyatta_kenya
2022-09-20 17:00:00,0.0012053343963671832,0,0.0,500.0,kenyatta_kenya
2022-09-20 18:00:00,0.0011561440452864096,0,0.0,500.0,kenyatta_kenya
2022-09-20 19:00:00,0.0011089611791382336,0,0.0,500.0,kenyatta_kenya
2022-09-20 20:00:00,0.0010637038713727119,0,0.0,500.0,kenyatta_kenya
2022-09-20 21:00:00,0.0010202935389068807,0,0.0,500.0,kenyatta_kenya
2022-09-20 22:00:00,0.000978654805676052,0,0.0,500.0,kenyatta_kenya
2022-09-20 23:00:00,0.0009387153717536611,0,0.0,500.0,kenyatta_kenya
2022-09-21 00:00:00,0.0009004058878123967,0,0.0,500.0,kenyatta_kenya
2022-09-21 01:00:00,0.0008636598347086449,0,0.0,500.0,kenyatta_kenya
2022-09-21 02:00:00,0.0008284134079811537,0,0.0,500.0,kenyatta_kenya
2022-09-21 03:00:00,0.0007946054070633729,0,0.0,500.0,kenyatta_kenya
2022-09-21 04:00:00,0.0007621771290171028,0,0.0,500.0,kenyatta_kenya
2022-09-21 05:00:00,0.000731072266602917,0,0.0,500.0,kenyatta_kenya
2022-09-21 06:00:00,0.0007012368105103981,0,0.0,500.0,kenyatta_kenya
2022-09-21 07:00:00,0.0006726189555784128,0,0.0,500.0,kenyatta_kenya
2022-09-21 08:00:00,0.0006451690108425736,0,0.0,500.0,kenyatta_kenya
2022-09-21 09:00:00,0.0006188393132537271,0,0.0,500.0,kenyatta_kenya
2022-09-21 10:00:00,0.0005935841449176348,0,0.0,500.0,kenyatta_kenya
2022-09-21 11:00:00,0.0005693596537121385,0,0.0,500.0,kenyatta_kenya
2022-09-21 12:00:00,0.0005461237771439925,0,0.0,500.0,kenyatta_kenya
2022-09-21 13:00:00,0.0005238361693131383,0,0.0,500.0,kenyatta_kenya
2022-09-21 14:00:00,0.0005024581308576002,0,0.0,500.0,kenyatta_kenya
2022-09-21 15:00:00,0.00048195254175737313,0,0.0,500.0,kenyatta_kenya
2022-09-21 16:00:00,0.0004622837968806243,0,0.0,500.0,kenyatta_kenya
2022-09-21 17:00:00,0.0004434177441602774,0,0.0,500.0,kenyatta_kenya
2022-09-21 18:00:00,0.0004253216252936547,0,0.0,500.0,kenyatta_kenya
2022-09-21 19:00:00,0.0004079640188621972,0,0.0,500.0,kenyatta_kenya
2022-09-21 20:00:00,0.00039131478577249327,0,0.0,500.0,kenyatta_kenya
2022-09-21 21:00:00,0.0003753450169238962,0,0.0,500.0,kenyatta_kenya
2022-09-21 22:00:00,0.00036002698301185247,0,0.0,500.0,kenyatta_kenya
2022-09-21 23:00:00,0.0003453340863797799,0,0.0,500.0,kenyatta_kenya
2022-09-22 00:00:00,0.0003312408148359009,0,0.0,500.0,kenyatta_kenya
2022-09-22 01:00:00,0.0003177226973548366,0,0.0,500.0,kenyatta_kenya
2022-09-22 02:00:00,0.0003047562615870369,0,0.0,500.0,kenyatta_kenya
2022-09-22 03:00:00,0.00029231899310228006,0,0.0,500.0,kenyatta_kenya
2022-09-22 04:00:00,0.00028038929629646607,0,0.0,500.0,kenyatta_kenya
2022-09-22 05:00:00,0.0002689464568938208,0,0.0,500.0,kenyatta_kenya
2022-09-22 06:00:00,0.0002579706059794098,0,0.0,500.0,kenyatta_kenya
2022-09-22 07:00:00,0.0002474426854995057,0,0.0,500.0,kenyatta_kenya
2022-09-22 08:00:00,0.00023734441516989823,0,0.0,500.0,kenyatta_kenya
2022-09-22 09:00:00,0.0002276582607347003,0,0.0,500.0,kenyatta_kenya
2022-09-22 10:00:00,0.0002183674035205279,0,0.0,500.0,kenyatta_kenya
2022-09-22 11:00:00,0.00020945571123318746,0,0.0,500.0,kenyatta_kenya
2022-09-22 12:00:00,0.00020090770994616921,0,0.0,500.0,kenyatta_kenya
2022-09-22 13:00:00,0.0001927085572323064,0,0.0,500.0,kenyatta_kenya
2022-09-22 14:00:00,0.00018484401639194136,0,0.0,500.0,kenyatta_kenya
2022-09-22 15:00:00,0.00017730043173285864,0,0.0,500.0,kenyatta_kenya
2022-09-22 16:00:00,0.00017006470485905664,0,0.0,500.0,kenyatta_kenya
2022-09-22 17:00:00,0.00016312427192718442,0,0.0,500.0,kenyatta_kenya
2022-09-22 18:00:00,0.00015646708183115929,0,0.0,500.0,kenyatta_kenya
2022-09-22 19:00:00,0.00015008157527708084,0,0.0,500.0,kenyatta_kenya
2022-09-22 20:00:00,0.00014395666471210753,0,0.0,500.0,kenyatta_kenya
2022-09-22 21:00:00,0.00013808171507244851,0,0.0,500.0,kenyatta_kenya
2022-09-22 22:00:00,0.00013244652531704064,0,0.0,500.0,kenyatta_kenya
2022-09-22 23:00:00,0.00012704131071484404,0,0.0,500.0,kenyatta_kenya
2022-09-23 00:00:00,0.00012185668585500443,0,0.0,500.0,kenyatta_kenya
2022-09-23 01:00:00,0.00011688364835038057,0,0.0,500.0,kenyatta_kenya
2022-09-23 02:00:00,0.00011211356320613703,0,0.0,500.0,kenyatta_kenya
2022-09-23 03:00:00,0.00010753814782626548,0,0.0,500.0,kenyatta_kenya
2022-09-23 04:00:00,0.00010314945763199789,0,0.0,500.0,kenyatta_kenya
2022-09-23 05:00:00,9.893987226713818e-05,0,0.0,500.0,kenyatta_kenya
2022-09-23 06:00:00,9.490208236636363e-05,0,0.0,500.0,kenyatta_kenya
2022-09-23 07:00:00,9.10290768635191e-05,0,0.0,500.0,kenyatta_kenya
2022-09-23 08:00:00,8.731413081786495e-05,0,0.0,500.0,kenyatta_kenya
2022-09-23 09:00:00,8.375079373714406e-05,0,0.0,500.0,kenyatta_kenya
2022-09-23 10:00:00,8.033287837719067e-05,0,0.0,500.0,kenyatta_kenya
2022-09-23 11:00:00,7.705444999863198e-05,0,0.0,500.0,kenyatta_kenya
2022-09-23 12:00:00,7.390981606203098e-05,0,0.0,500.0,kenyatta_kenya
2022-09-23 13:00:00,7.089351634357578e-05,0,0.0,500.0,kenyatta_kenya
2022-09-23 14:00:00,6.800031345415232e-05,0,0.0,500.0,kenyatta_kenya
2022-09-23 15:00:00,6.52251837453395e-05,0,0.0,500.0,kenyatta_kenya
2022-09-23 16:00:00,6.256330858653601e-05,0,0.0,500.0,kenyatta_kenya
2022-09-23 17:00:00,6.0010065998071005e-05,0,0.0,500.0,kenyatta_kenya
2022-09-23 18:00:00,5.756102262577322e-05,0,0.0,500.0,kenyatta_kenya
2022-09-23 19:00:00,5.5211926043062264e-05,0,0.0,500.0,kenyatta_kenya
2022-09-23 20:00:00,5.295869736719481e-05,0,0.0,500.0,kenyatta_kenya
2022-09-23 21:00:00,5.0797424176846684e-05,0,0.0,500.0,kenyatta_kenya
2022-09-23 22:00:00,4.8724353718732205e-05,0,0.0,500.0,kenyatta_kenya
2022-09-23 23:00:00,4.6735886391464384e-05,0,0.0,500.0,kenyatta_kenya
2022-09-24 00:00:00,4.482856949534302e-05,0,0.0,500.0,kenyatta_kenya
2022-09-24 01:00:00,4.299909123721738e-05,0,0.0,500.0,kenyatta_kenya
2022-09-24 02:00:00,4.124427498001286e-05,0,0.0,500.0,kenyatta_kenya
2022-09-24 03:00:00,3.9561073726938504e-05,0,0.0,500.0,kenyatta_kenya
2022-09-24 04:00:00,3.794656483079676e-05,0,0.0,500.0,kenyatta_kenya
2022-09-24 05:00:00,3.639794491920868e-05,0,0.0,500.0,kenyatta_kenya
2022-09-24 06:00:00,3.491252502694405e-05,0,0.0,500.0,kenyatta_kenya
2022-09-24 07:00:00,3.3487725926903685e-05,0,0.0,500.0,kenyatta_kenya
2022-09-24 08:00:00,3.212107365164637e-05,0,0.0,500.0,kenyatta_kenya
2022-09-24 09:00:00,3.081019519768529e-05,0,0.0,500.0,kenyatta_kenya
2022-09-24 10:00:00,2.9552814405094348e-05,0,0.0,500.0,kenyatta_kenya
2022-09-24 11:00:00,2.834674800526958e-05,0,0.0,500.0,kenyatta_kenya
2022-09-24 12:00:00,2.7189901829984046e-05,0,0.0,500.0,kenyatta_kenya
2022-09-24 13:00:00,2.6080267175153174e-05,0,0.0,500.0,kenyatta_kenya
2022-09-24 14:00:00,2.5015917312996467e-05,0,0.0,500.0,kenyatta_kenya
2022-09-24 15:00:00,2.3995004146540143e-05,0,0.0,500.0,kenyatta_kenya
2022-09-24 16:00:00,2.3015755000651373e-05,0,0.0,500.0,kenyatta_kenya
2022-09-24 17:00:00,2.2076469544031738e-05,0,0.0,500.0,kenyatta_kenya
2022-09-24 18:00:00,2.1175516836826198e-05,0,0.0,500.0,kenyatta_kenya
2022-09-24 19:00:00,2.0311332498720752e-05,0,0.0,500.0,kenyatta_kenya
2022-09-24 20:00:00,1.948241599261116e-05,0,0.0,500.0,kenyatta_kenya
2022-09-24 21:00:00,1.8687328019127068e-05,0,0.0,500.0,kenyatta_kenya
2022-09-24 22:00:00,1.792468801748689e-05,0,0.0,500.0,kenyatta_kenya
2022-09-24 23:00:00,1.7193171768343936e-05,0,0.0,500.0,kenyatta_kenya
2022-09-25 00:00:00,1.6491509094461962e-05,0,0.0,500.0,kenyatta_kenya
2022-09-25 01:00:00,1.5818481655227394e-05,0,0.0,500.0,kenyatta_kenya
2022-09-25 02:00:00,1.5172920831168432e-05,0,0.0,500.0,kenyatta_kenya
2022-09-25 03:00:00,1.4553705694808365e-05,0,0.0,500.0,kenyatta_kenya
2022-09-25 04:00:00,1.3959761064329416e-05,0,0.0,500.0,kenyatta_kenya
2022-09-25 05:00:00,1.3390055636667427e-05,0,0.0,500.0,kenyatta_kenya
2022-09-25 06:00:00,1.284360019679617e-05,0,0.0,500.0,kenyatta_kenya
2022-09-25 07:00:00,1.2319445900091746e-05,0,0.0,500.0,kenyatta_kenya
2022-09-25 08:00:00,1.1816682624794406e-05,0,0.0,500.0,kenyatta_kenya
2022-09-25 09:00:00,1.1334437391707517e-05,0,0.0,500.0,kenyatta_kenya
2022-09-25 10:00:00,1.0871872848389457e-05,0,0.0,500.0,kenyatta_kenya
2022-09-25 11:00:00,1.042818581520627e-05,0,0.0,500.0,kenyatta_kenya
2022-09-25 12:00:00,1.0002605890720906e-05,0,0.0,500.0,kenyatta_kenya
2022-09-25 13:00:00,9.59439411399726e-06,0,0.0,500.0,kenyatta_kenya
2022-09-25 14:00:00,9.202841681496146e-06,0,0.0,500.0,kenyatta_kenya
2022-09-25 15:00:00,8.827268716335628e-06,0,0.0,500.0,kenyatta_kenya
2022-09-25 16:00:00,8.467023087778456e-06,0,0.0,500.0,kenyatta_kenya
2022-09-25 17:00:00,8.12147927889676e-06,0,0.0,500.0,kenyatta_kenya
2022-09-25 18:00:00,7.790037300448092e-06,0,0.0,500.0,kenyatta_kenya
2022-09-25 19:00:00,7.472121649076743e-06,0,0.0,500.0,kenyatta_kenya
2022-09-25 20:00:00,7.167180308031365e-06,0,0.0,500.0,kenyatta_kenya
2022-09-25 21:00:00,6.874683788663901e-06,0,0.0,500.0,kenyatta_kenya
2022-09-25 22:00:00,6.594124211045525e-06,0,0.0,500.0,kenyatta_kenya
2022-09-25 23:00:00,6.325014422102985e-06,0,0.0,500.0,kenyatta_kenya
2022-09-26 00:00:00,6.066887149744424e-06,0,0.0,500.0,kenyatta_kenya
2022-09-26 01:00:00,5.819294191505765e-06,0,0.0,500.0,kenyatta_kenya
2022-09-26 02:00:00,5.5818056363087784e-06,0,0.0,500.0,kenyatta_kenya
2022-09-26 03:00:00,5.354009117979739e-06,0,0.0,500.0,kenyatta_kenya
2022-09-26 04:00:00,5.135509099232365e-06,0,0.0,500.0,kenyatta_kenya
2022-09-26 05:00:00,4.925926184871734e-06,0,0.0,500.0,kenyatta_kenya
2022-09-26 06:00:00,4.724896463026802e-06,0,0.0,500.0,kenyatta_kenya
2022-09-26 07:00:00,4.5320708732675674e-06,0,0.0,500.0,kenyatta_kenya
2022-09-26 08:00:00,4.347114600509658e-06,0,0.0,500.0,kenyatta_kenya
2022-09-26 09:00:00,4.169706493654062e-06,0,0.0,500.0,kenyatta_kenya
2022-09-26 10:00:00,3.99953850795249e-06,0,0.0,500.0,kenyatta_kenya
2022-09-26 11:00:00,3.836315170130045e-06,0,0.0,500.0,kenyatta_kenya
2022-09-26 12:00:00,3.679753065336584e-06,0,0.0,500.0,kenyatta_kenya
2022-09-26 13:00:00,3.5295803450358873e-06,0,0.0,500.0,kenyatta_kenya
2022-09-26 14:00:00,3.38553625497806e-06,0,0.0,500.0,kenyatta_kenya
2022-09-26 15:00:00,3.247370682435706e-06,0,0.0,500.0,kenyatta_kenya
2022-09-26 16:00:00,3.1148437219176377e-06,0,0.0,500.0,kenyatta_kenya
2022-09-26 17:00:00,2.9877252586059887e-06,0,0.0,500.0,kenyatta_kenya
2022-09-26 18:00:00,2.8657945687935343e-06,0,0.0,500.0,kenyatta_kenya
2022-09-26 19:00:00,2.7488399366273883e-06,0,0.0,500.0,kenyatta_kenya
2022-09-26 20:00:00,2.636658286493544e-06,0,0.0,500.0,kenyatta_kenya
2022-09-26 21:00:00,2.5290548304040503e-06,0,0.0,500.0,kenyatta_kenya
2022-09-26 22:00:00,2.4258427297745058e-06,0,0.0,500.0,kenyatta_kenya
2022-09-26 23:00:00,2.3268427710045597e-06,0,0.0,500.0,kenyatta_kenya
2022-09-27 00:00:00,2.231883054298184e-06,0,0.0,500.0,kenyatta_kenya
2022-09-27 01:00:00,2.1407986951833605e-06,0,0.0,500.0,kenyatta_kenya
2022-09-27 02:00:00,2.053431538212881e-06,0,0.0,500.0,kenyatta_kenya
2022-09-27 03:00:00,1.969629882349193e-06,0,0.0,500.0,kenyatta_kenya
2022-09-27 04:00:00,1.8892482175564597e-06,0,0.0,500.0,kenyatta_kenya
2022-09-27 05:00:00,1.812146972142389e-06,0,0.0,500.0,kenyatta_kenya
2022-09-27 06:00:00,1.738192270411224e-06,0,0.0,500.0,kenyatta_kenya
2022-09-27 07:00:00,1.6672557002070436e-06,0,0.0,500.0,kenyatta_kenya
2022-09-27 08:00:00,1.599214089943711e-06,0,0.0,500.0,kenyatta_kenya
2022-09-27 09:00:00,1.5339492947343906e-06,0,0.0,500.0,kenyatta_kenya
2022-09-27 10:00:00,1.4713479912492264e-06,0,0.0,500.0,kenyatta_kenya
2022-09-27 11:00:00,1.4113014809449673e-06,0,0.0,500.0,kenyatta_kenya
2022-09-27 12:00:00,1.3537055013249246e-06,0,0.0,500.0,kenyatta_kenya
2022-09-27 13:00:00,1.2984600449015089e-06,0,0.0,500.0,kenyatta_kenya
2022-09-27 14:00:00,1.245469185546986e-06,0,0.0,500.0,kenyatta_kenya
2022-09-27 15:00:00,1.1946409119309727e-06,0,0.0,500.0,kenyatta_kenya
2022-09-27 16:00:00,1.145886967755436e-06,0,0.0,500.0,kenyatta_kenya
2022-09-27 17:00:00,1.099122698509774e-06,0,0.0,500.0,kenyatta_kenya
2022-09-27 18:00:00,1.0542669044799198e-06,0,0.0,500.0,kenyatta_kenya
2022-09-27 19:00:00,1.0112416997562267e-06,0,0.0,500.0,kenyatta_kenya
2022-09-27 20:00:00,9.699723769952976e-07,0,0.0,500.0,kenyatta_kenya
2022-09-27 21:00:00,9.303872777009788e-07,0,0.0,500.0,kenyatta_kenya
2022-09-27 22:00:00,8.924176677992513e-07,0,0.0,500.0,kenyatta_kenya
2022-09-27 23:00:00,8.559976182909677e-07,0,0.0,500.0,kenyatta_kenya
2022-09-28 00:00:00,8.210638907752276e-07,0,0.0,500.0,kenyatta_kenya
2022-09-28 01:00:00,7.875558276446077e-07,0,0.0,500.0,kenyatta_kenya
2022-09-28 02:00:00,7.554152467615698e-07,0,0.0,500.0,kenyatta_kenya
2022-09-28 03:00:00,7.245863404331948e-07,0,0.0,500.0,kenyatta_kenya
2022-09-28 04:00:00,6.950155785088141e-07,0,0.0,500.0,kenyatta_kenya
2022-09-28 05:00:00,6.666516154322631e-07,0,0.0,500.0,kenyatta_kenya
2022-09-28 06:00:00,6.394452010874017e-07,0,0.0,500.0,kenyatta_kenya
2022-09-28 07:00:00,6.133490952820689e-07,0,0.0,500.0,kenyatta_kenya
2022-09-28 08:00:00,5.88317985721989e-07,0,0.0,500.0,kenyatta_kenya
2022-09-28 09:00:00,5.643084093322158e-07,0,0.0,500.0,kenyatta_kenya
2022-09-28 10:00:00,5.412786767894897e-07,0,0.0,500.0,kenyatta_kenya
2022-09-28 11:00:00,5.191888001344637e-07,0,0.0,500.0,kenyatta_kenya
2022-09-28 12:00:00,4.980004233381204e-07,0,0.0,500.0,kenyatta_kenya
2022-09-28 13:00:00,4.776767557018129e-07,0,0.0,500.0,kenyatta_kenya
2022-09-28 14:00:00,4.5818250797527673e-07,0,0.0,500.0,kenyatta_kenya
2022-09-28 15:00:00,4.394838310817085e-07,0,0.0,500.0,kenyatta_kenya
2022-09-28 16:00:00,4.2154825734350843e-07,0,0.0,500.0,kenyatta_kenya
2022-09-28 17:00:00,4.0434464410662333e-07,0,0.0,500.0,kenyatta_kenya
2022-09-28 18:00:00,3.8784311966561924e-07,0,0.0,500.0,kenyatta_kenya
2022-09-28 19:00:00,3.720150313955801e-07,0,0.0,500.0,kenyatta_kenya
2022-09-28 20:00:00,3.568328960007657e-07,0,0.0,500.0,kenyatta_kenya
2022-09-28 21:00:00,3.4227035179365564e-07,0,0.0,500.0,kenyatta_kenya
2022-09-28 22:00:00,3.283021129215105e-07,0,0.0,500.0,kenyatta_kenya
2022-09-28 23:00:00,3.149039254609668e-07,0,0.0,500.0,kenyatta_kenya
2022-09-29 00:00:00,3.0205252530444146e-07,0,0.0,500.0,kenyatta_kenya
2022-09-29 01:00:00,2.897255977652111e-07,0,0.0,500.0,kenyatta_kenya
2022-09-29 02:00:00,2.77901738831033e-07,0,0.0,500.0,kenyatta_kenya
2022-09-29 03:00:00,2.665604179990247e-07,0,0.0,500.0,kenyatta_kenya
2022-09-29 04:00:00,2.556819426272691e-07,0,0.0,500.0,kenyatta_kenya
2022-09-29 05:00:00,2.4524742374125984e-07,0,0.0,500.0,kenyatta_kenya
2022-09-29 06:00:00,2.3523874323579433e-07,0,0.0,500.0,kenyatta_kenya
2022-09-29 07:00:00,2.2563852241537721e-07,0,0.0,500.0,kenyatta_kenya
2022-09-29 08:00:00,2.1643009181851353e-07,0,0.0,500.0,kenyatta_kenya
2022-09-29 09:00:00,2.0759746227348143e-07,0,0.0,500.0,kenyatta_kenya
2022-09-29 10:00:00,1.9912529713533524e-07,0,0.0,500.0,kenyatta_kenya
2022-09-29 11:00:00,1.909988856559378e-07,0,0.0,500.0,kenyatta_kenya
2022-09-29 12:00:00,1.8320411744076975e-07,0,0.0,500.0,kenyatta_kenya
2022-09-29 13:00:00,1.7572745794817055e-07,0,0.0,500.0,kenyatta_kenya
2022-09-29 14:00:00,1.6855592498847435e-07,0,0.0,500.0,kenyatta_kenya
2022-09-29 15:00:00,1.6167706618222379e-07,0,0.0,500.0,kenyatta_kenya
2022-09-29 16:00:00,1.550789373383252e-07,0,0.0,500.0,kenyatta_kenya
2022-09-29 17:00:00,1.4875008171461007e-07,0,0.0,500.0,kenyatta_kenya
2022-09-29 18:00:00,1.426795101247771e-07,0,0.0,500.0,kenyatta_kenya
2022-09-29 19:00:00,1.3685668185718257e-07,0,0.0,500.0,kenyatta_kenya
2022-09-29 20:00:00,1.3127148637234883e-07,0,0.0,500.0,kenyatta_kenya
2022-09-29 21:00:00,1.2591422574740323e-07,0,0.0,500.0,kenyatta_kenya
2022-09-29 22:00:00,1.2077559783696902e-07,0,0.0,500.0,kenyatta_kenya
2022-09-29 23:00:00,1.1584668012127379e-07,0,0.0,500.0,kenyatta_kenya
2022-09-30 00:00:00,1.1111891421342084e-07,0,0.0,500.0,kenyatta_kenya
2022-09-30 01:00:00,1.0658409099892793e-07,0,0.0,500.0,kenyatta_kenya
2022-09-30 02:00:00,1.0223433638173251e-07,0,0.0,500.0,kenyatta_kenya
2022-09-30 03:00:00,9.806209761190727e-08,0,0.0,500.0,kenyatta_kenya
2022-09-30 04:00:00,9.406013017134854e-08,0,0.0,500.0,kenyatta_kenya
2022-09-30 05:00:00,9.022148519467057e-08,0,0.0,500.0,kenyatta_kenya
2022-09-30 06:00:00,8.65394974034564e-08,0,0.0,500.0,kenyatta_kenya
2022-09-30 07:00:00,8.300777353291894e-08,0,0.0,500.0,kenyatta_kenya
2022-09-30 08:00:00,7.962018123087871e-08,0,0.0,500.0,kenyatta_kenya
2022-09-30 09:00:00,7.637083840977793e-08,0,0.0,500.0,kenyatta_kenya
2022-09-30 10:00:00,7.325410303324453e-08,0,0.0,500.0,kenyatta_kenya
2022-09-30 11:00:00,7.02645633194746e-08,0,0.0,500.0,kenyatta_kenya
2022-09-30 12:00:00,6.739702834441765e-08,0,0.0,500.0,kenyatta_kenya
2022-09-30 13:00:00,6.464651902845111e-08,0,0.0,500.0,kenyatta_kenya
2022-09-30 14:00:00,6.20082594908955e-08,0,0.0,500.0,kenyatta_kenya
2022-09-30 15:00:00,5.947766875735477e-08,0,0.0,500.0,kenyatta_kenya
2022-09-30 16:00:00,5.705035280548421e-08,0,0.0,500.0,kenyatta_kenya
2022-09-30 17:00:00,5.4722096935377136e-08,0,0.0,500.0,kenyatta_kenya
2022-09-30 18:00:00,5.248885845131814e-08,0,0.0,500.0,kenyatta_kenya
2022-09-30 19:00:00,5.03467596421982e-08,0,0.0,500.0,kenyatta_kenya
2022-09-30 20:00:00,4.829208104840429e-08,0,0.0,500.0,kenyatta_kenya
2022-09-30 21:00:00,4.6321255003489525e-08,0,0.0,500.0,kenyatta_kenya
2022-09-30 22:00:00,4.443085943941102e-08,0,0.0,500.0,kenyatta_kenya
2022-09-30 23:00:00,4.2617611944581037e-08,0,0.0,500.0,kenyatta_kenya
2022-10-01 00:00:00,4.08783640644107e-08,0,0.0,500.0,kenyatta_kenya
2022-10-01 01:00:00,3.9210095834451754e-08,0,0.0,500.0,kenyatta_kenya
2022-10-01 02:00:00,3.760991053664502e-08,0,0.0,500.0,kenyatta_kenya
2022-10-01 03:00:00,3.6075029669567875e-08,0,0.0,500.0,kenyatta_kenya
2022-10-01 04:00:00,3.460278812394882e-08,0,0.0,500.0,kenyatta_kenya
2022-10-01 05:00:00,3.319062955507296e-08,0,0.0,500.0,kenyatta_kenya
2022-10-01 06:00:00,3.1836101944041034e-08,0,0.0,500.0,kenyatta_kenya
2022-10-01 07:00:00,3.053685334017586e-08,0,0.0,500.0,kenyatta_kenya
2022-10-01 08:00:00,2.9290627777184623e-08,0,0.0,500.0,kenyatta_kenya
2022-10-01 09:00:00,2.8095261355983627e-08,0,0.0,500.0,kenyatta_kenya
2022-10-01 10:00:00,2.6948678487385255e-08,0,0.0,500.0,kenyatta_kenya
2022-10-01 11:00:00,2.584888828812374e-08,0,0.0,500.0,kenyatta_kenya
2022-10-01 12:00:00,2.4793981123960235e-08,0,0.0,500.0,kenyatta_kenya
2022-10-01 13:00:00,2.37821252938656e-08,0,0.0,500.0,kenyatta_kenya
2022-10-01 14:00:00,2.2811563849524424e-08,0,0.0,500.0,kenyatta_kenya
2022-10-01 15:00:00,2.1880611544635827e-08,0,0.0,500.0,kenyatta_kenya
2022-10-01 16:00:00,2.0987651908715157e-08,0,0.0,500.0,kenyatta_kenya
2022-10-01 17:00:00,2.0131134440316035e-08,0,0.0,500.0,kenyatta_kenya
2022-10-01 18:00:00,1.930957191479786e-08,0,0.0,500.0,kenyatta_kenya
2022-10-01 19:00:00,1.8521537801964802e-08,0,0.0,500.0,kenyatta_kenya
2022-10-01 20:00:00,1.7765663789092976e-08,0,0.0,500.0,kenyatta_kenya
2022-10-01 21:00:00,1.7040637405043605e-08,0,0.0,500.0,kenyatta_kenya
2022-10-01 22:00:00,1.634519974133743e-08,0,0.0,500.0,kenyatta_kenya
2022-10-01 23:00:00,1.5678143266233856e-08,0,0.0,500.0,kenyatta_kenya
2022-10-02 00:00:00,1.503830972801818e-08,0,0.0,500.0,kenyatta_kenya
2022-10-02 01:00:00,1.442458814385681e-08,0,0.0,500.0,kenyatta_kenya
2022-10-02 02:00:00,1.3835912870728911e-08,0,0.0,500.0,kenyatta_kenya
2022-10-02 03:00:00,1.327126175508383e-08,0,0.0,500.0,kenyatta_kenya
2022-10-02 04:00:00,1.2729654358012116e-08,0,0.0,500.0,kenyatta_kenya
2022-10-02 05:00:00,1.2210150252848599e-08,0,0.0,500.0,kenyatta_kenya
2022-10-02 06:00:00,1.1711847392250881e-08,0,0.0,500.0,kenyatta_kenya
2022-10-02 07:00:00,1.1233880541918185e-08,0,0.0,500.0,kenyatta_kenya
2022-10-02 08:00:00,1.0775419778231404e-08,0,0.0,500.0,kenyatta_kenya
2022-10-02 09:00:00,1.0335669047204876e-08,0,0.0,500.0,kenyatta_kenya
2022-10-02 10:00:00,9.913864782248157e-09,0,0.0,500.0,kenyatta_kenya
2022-10-02 11:00:00,9.509274578338002e-09,0,0.0,500.0,kenyatta_kenya
2022-10-02 12:00:00,9.121195920297779e-09,0,0.0,500.0,kenyatta_kenya
2022-10-02 13:00:00,8.748954962976503e-09,0,0.0,500.0,kenyatta_kenya
2022-10-02 14:00:00,8.391905361209722e-09,0,0.0,500.0,kenyatta_kenya
2022-10-02 15:00:00,8.049427147530037e-09,0,0.0,500.0,kenyatta_kenya
2022-10-02 16:00:00,7.720925655678886e-09,0,0.0,500.0,kenyatta_kenya
2022-10-02 17:00:00,7.405830488050638e-09,0,0.0,500.0,kenyatta_kenya
2022-10-02 18:00:00,7.103594525275614e-09,0,0.0,500.0,kenyatta_kenya
2022-10-02 19:00:00,6.813692976222553e-09,0,0.0,500.0,kenyatta_kenya
2022-10-02 20:00:00,6.535622466771252e-09,0,0.0,500.0,kenyatta_kenya
2022-10-02 21:00:00,6.268900165772618e-09,0,0.0,500.0,kenyatta_kenya
2022-10-02 22:00:00,6.013062946678817e-09,0,0.0,500.0,kenyatta_kenya
2022-10-02 23:00:00,5.767666583387921e-09,0,0.0,500.0,kenyatta_kenya
2022-10-03 00:00:00,5.5322849789063925e-09,0,0.0,500.0,kenyatta_kenya
2022-10-03 01:00:00,5.306509425490257e-09,0,0.0,500.0,kenyatta_kenya
2022-10-03 02:00:00,5.089947894980517e-09,0,0.0,500.0,kenyatta_kenya
2022-10-03 03:00:00,4.882224358100175e-09,0,0.0,500.0,kenyatta_kenya
2022-10-03 04:00:00,4.682978131531113e-09,0,0.0,500.0,kenyatta_kenya
2022-10-03 05:00:00,4.491863251637288e-09,0,0.0,500.0,kenyatta_kenya
2022-10-03 06:00:00,4.308547873746468e-09,0,0.0,500.0,kenyatta_kenya
2022-10-03 07:00:00,4.132713695947603e-09,0,0.0,500.0,kenyatta_kenya
2022-10-03 08:00:00,3.964055406403476e-09,0,0.0,500.0,kenyatta_kenya
2022-10-03 09:00:00,3.802280153218703e-09,0,0.0,500.0,kenyatta_kenya
2022-10-03 10:00:00,3.6471070359426943e-09,0,0.0,500.0,kenyatta_kenya
2022-10-03 11:00:00,3.4982666178247863e-09,0,0.0,500.0,kenyatta_kenya
2022-10-03 12:00:00,3.3555004579743867e-09,0,0.0,500.0,kenyatta_kenya
2022-10-03 13:00:00,3.218560662613913e-09,0,0.0,500.0,kenyatta_kenya
2022-10-03 14:00:00,3.087209454645463e-09,0,0.0,500.0,kenyatta_kenya
2022-10-03 15:00:00,2.9612187607835875e-09,0,0.0,500.0,kenyatta_kenya
2022-10-03 16:00:00,2.8403698155374005e-09,0,0.0,500.0,kenyatta_kenya
2022-10-03 17:00:00,2.724452781354499e-09,0,0.0,500.0,kenyatta_kenya
2022-10-03 18:00:00,2.61326638426691e-09,0,0.0,500.0,kenyatta_kenya
2022-10-03 19:00:00,2.5066175644065343e-09,0,0.0,500.0,kenyatta_kenya
2022-10-03 20:00:00,2.4043211407833313e-09,0,0.0,500.0,kenyatta_kenya
2022-10-03 21:00:00,2.306199489743993e-09,0,0.0,500.0,kenyatta_kenya
2022-10-03 22:00:00,2.2120822365529094e-09,0,0.0,500.0,kenyatta_kenya
2022-10-03 23:00:00,2.12180595955995e-09,0,0.0,500.0,kenyatta_kenya
2022-10-04 00:00:00,2.035213906441248e-09,0,0.0,500.0,kenyatta_kenya
2022-10-04 01:00:00,1.9521557220203473e-09,0,0.0,500.0,kenyatta_kenya
2022-10-04 02:00:00,1.872487187197192e-09,0,0.0,500.0,kenyatta_kenya
2022-10-04 03:00:00,1.7960699685314962e-09,0,0.0,500.0,kenyatta_kenya
2022-10-04 04:00:00,1.7227713780457506e-09,0,0.0,500.0,kenyatta_kenya
2022-10-04 05:00:00,1.6524641428308632e-09,0,0.0,500.0,kenyatta_kenya
2022-10-04 06:00:00,1.585026184054257e-09,0,0.0,500.0,kenyatta_kenya
2022-10-04 07:00:00,1.5203404049867703e-09,0,0.0,500.0,kenyatta_kenya
2022-10-04 08:00:00,1.4582944876803505e-09,0,0.0,500.0,kenyatta_kenya
2022-10-04 09:00:00,1.3987806979433625e-09,0,0.0,500.0,kenyatta_kenya
2022-10-04 10:00:00,1.3416956982750386e-09,0,0.0,500.0,kenyatta_kenya
2022-10-04 11:00:00,1.2869403684340988e-09,0,0.0,500.0,kenyatta_kenya
2022-10-04 12:00:00,1.234419633330136e-09,0,0.0,500.0,kenyatta_kenya
2022-10-04 13:00:00,1.1840422979387973e-09,0,0.0,500.0,kenyatta_kenya
2022-10-04 14:00:00,1.1357208889541702e-09,0,0.0,500.0,kenyatta_kenya
2022-10-04 15:00:00,1.089371502903457e-09,0,0.0,500.0,kenyatta_kenya
2022-10-04 16:00:00,1.0449136604601354e-09,0,0.0,500.0,kenyatta_kenya
2022-10-04 17:00:00,1.0022701667026784e-09,0,0.0,500.0,kenyatta_kenya
2022-10-04 18:00:00,9.613669770762265e-10,0,0.0,500.0,kenyatta_kenya
2022-10-04 19:00:00,9.221330688244012e-10,0,0.0,500.0,kenyatta_kenya
2022-10-04 20:00:00,8.845003176680599e-10,0,0.0,500.0,kenyatta_kenya
2022-10-04 21:00:00,8.484033795168855e-10,0,0.0,500.0,kenyatta_kenya
2022-10-04 22:00:00,8.137795770083615e-10,0,0.0,500.0,kenyatta_kenya
2022-10-04 23:00:00,7.805687906771535e-10,0,0.0,500.0,kenyatta_kenya
2022-10-05 00:00:00,7.487133545659546e-10,0,0.0,500.0,kenyatta_kenya
2022-10-05 01:00:00,7.181579560964812e-10,0,0.0,500.0,kenyatta_kenya
2022-10-05 02:00:00,6.888495400267913e-10,0,0.0,500.0,kenyatta_kenya
2022-10-05 03:00:00,6.607372163281768e-10,0,0.0,500.0,kenyatta_kenya
2022-10-05 04:00:00,6.337721718216285e-10,0,0.0,500.0,kenyatta_kenya
2022-10-05 05:00:00,6.079075854204665e-10,0,0.0,500.0,kenyatta_kenya
2022-10-05 06:00:00,5.830985468319838e-10,0,0.0,500.0,kenyatta_kenya
2022-10-05 07:00:00,5.593019785768992e-10,0,0.0,500.0,kenyatta_kenya
2022-10-05 08:00:00,5.364765611912422e-10,0,0.0,500.0,kenyatta_kenya
2022-10-05 09:00:00,5.145826614808042e-10,0,0.0,500.0,kenyatta_kenya
2022-10-05 10:00:00,4.935822637035492e-10,0,0.0,500.0,kenyatta_kenya
2022-10-05 11:00:00,4.734389035605063e-10,0,0.0,500.0,kenyatta_kenya
2022-10-05 12:00:00,4.5411760488054717e-10,0,0.0,500.0,kenyatta_kenya
2022-10-05 13:00:00,4.3558481888907516e-10,0,0.0,500.0,kenyatta_kenya
2022-10-05 14:00:00,4.178083659551939e-10,0,0.0,500.0,kenyatta_kenya
2022-10-05 15:00:00,4.0075737971621804e-10,0,0.0,500.0,kenyatta_kenya
2022-10-05 16:00:00,3.8440225348248087e-10,0,0.0,500.0,kenyatta_kenya
2022-10-05 17:00:00,3.6871458882938965e-10,0,0.0,500.0,kenyatta_kenya
2022-10-05 18:00:00,3.5366714628748096e-10,0,0.0,500.0,kenyatta_kenya
2022-10-05 19:00:00,3.392337980448278e-10,0,0.0,500.0,kenyatta_kenya
2022-10-05 20:00:00,3.2538948257968905e-10,0,0.0,500.0,kenyatta_kenya
2022-10-05 21:00:00,3.1211016114463496e-10,0,0.0,500.0,kenyatta_kenya
2022-10-05 22:00:00,2.9937277602656875e-10,0,0.0,500.0,kenyatta_kenya
2022-10-05 23:00:00,2.871552105101797e-10,0,0.0,500.0,kenyatta_kenya
2022-10-06 00:00:00,2.754362504753193e-10,0,0.0,500.0,kenyatta_kenya
2022-10-06 01:00:00,2.6419554756159874e-10,0,0.0,500.0,kenyatta_kenya
2022-10-06 02:00:00,2.534135838362611e-10,0,0.0,500.0,kenyatta_kenya
2022-10-06 03:00:00,2.43071637903984e-10,0,0.0,500.0,kenyatta_kenya
2022-10-06 04:00:00,2.331517523997521e-10,0,0.0,500.0,kenyatta_kenya
2022-10-06 05:00:00,2.2363670280836214e-10,0,0.0,500.0,kenyatta_kenya
2022-10-06 06:00:00,2.1450996755643026e-10,0,0.0,500.0,kenyatta_kenya
2022-10-06 07:00:00,2.0575569932495165e-10,0,0.0,500.0,kenyatta_kenya
2022-10-06 08:00:00,1.9735869753261125e-10,0,0.0,500.0,kenyatta_kenya
2022-10-06 09:00:00,1.8930438194207176e-10,0,0.0,500.0,kenyatta_kenya
2022-10-06 10:00:00,1.815787673433972e-10,0,0.0,500.0,kenyatta_kenya
2022-10-06 11:00:00,1.7416843927065948e-10,0,0.0,500.0,kenyatta_kenya
2022-10-06 12:00:00,1.6706053070956954e-10,0,0.0,500.0,kenyatta_kenya
2022-10-06 13:00:00,1.602426997556769e-10,0,0.0,500.0,kenyatta_kenya
2022-10-06 14:00:00,1.5370310818435016e-10,0,0.0,500.0,kenyatta_kenya
2022-10-06 15:00:00,1.4743040089533378e-10,0,0.0,500.0,kenyatta_kenya
2022-10-06 16:00:00,1.4141368619617816e-10,0,0.0,500.0,kenyatta_kenya
2022-10-06 17:00:00,1.3564251689031402e-10,0,0.0,500.0,kenyatta_kenya
2022-10-06 18:00:00,1.3010687213693725e-10,0,0.0,500.0,kenyatta_kenya
2022-10-06 19:00:00,1.2479714005119718e-10,0,0.0,500.0,kenyatta_kenya
2022-10-06 20:00:00,1.1970410101448075e-10,0,0.0,500.0,kenyatta_kenya
2022-10-06 21:00:00,1.1481891166581712e-10,0,0.0,500.0,kenyatta_kenya
2022-10-06 22:00:00,1.1013308954659748e-10,0,0.0,500.0,kenyatta_kenya
2022-10-06 23:00:00,1.0563849837195281e-10,0,0.0,500.0,kenyatta_kenya
2022-10-07 00:00:00,1.0132733390321788e-10,0,0.0,500.0,kenyatta_kenya
2022-10-07 01:00:00,9.719211039694417e-11,0,0.0,500.0,kenyatta_kenya
2022-10-07 02:00:00,9.322564760693617e-11,0,0.0,500.0,kenyatta_kenya
2022-10-07 03:00:00,8.942105831674483e-11,0,0.0,500.0,kenyatta_kenya
2022-10-07 04:00:00,8.577173638096326e-11,0,0.0,500.0,kenyatta_kenya
2022-10-07 05:00:00,8.227134525456417e-11,0,0.0,500.0,kenyatta_kenya
2022-10-07 06:00:00,7.89138069903638e-11,0,0.0,500.0,kenyatta_kenya
2022-10-07 07:00:00,7.569329168550254e-11,0,0.0,500.0,kenyatta_kenya
2022-10-07 08:00:00,7.260420735862073e-11,0,0.0,500.0,kenyatta_kenya
2022-10-07 09:00:00,6.964119024015463e-11,0,0.0,500.0,kenyatta_kenya
2022-10-07 10:00:00,6.67990954588883e-11,0,0.0,500.0,kenyatta_kenya
2022-10-07 11:00:00,6.40729881085925e-11,0,0.0,500.0,kenyatta_kenya
2022-10-07 12:00:00,6.145813467924102e-11,0,0.0,500.0,kenyatta_kenya
2022-10-07 13:00:00,5.894999483792163e-11,0,0.0,500.0,kenyatta_kenya
2022-10-07 14:00:00,5.6544213545172493e-11,0,0.0,500.0,kenyatta_kenya
2022-10-07 15:00:00,5.42366134930571e-11,0,0.0,500.0,kenyatta_kenya
2022-10-07 16:00:00,5.2023187851843716e-11,0,0.0,500.0,kenyatta_kenya
2022-10-07 17:00:00,4.990009331269664e-11,0,0.0,500.0,kenyatta_kenya
2022-10-07 18:00:00,4.786364341430078e-11,0,0.0,500.0,kenyatta_kenya
2022-10-07 19:00:00,4.591030214182864e-11,0,0.0,500.0,kenyatta_kenya
2022-10-07 20:00:00,4.403667778713706e-11,0,0.0,500.0,kenyatta_kenya
2022-10-07 21:00:00,4.2239517059534e-11,0,0.0,500.0,kenyatta_kenya
2022-10-07 22:00:00,4.0515699436886696e-11,0,0.0,500.0,kenyatta_kenya
2022-10-07 23:00:00,3.886223174726432e-11,0,0.0,500.0,kenyatta_kenya
2022-10-08 00:00:00,3.727624297170794e-11,0,0.0,500.0,kenyatta_kenya
2022-10-08 01:00:00,3.575497925910094e-11,0,0.0,500.0,kenyatta_kenya
2022-10-08 02:00:00,3.429579914448549e-11,0,0.0,500.0,kenyatta_kenya
2022-10-08 03:00:00,3.289616896252304e-11,0,0.0,500.0,kenyatta_kenya
2022-10-08 04:00:00,3.155365844813303e-11,0,0.0,500.0,kenyatta_kenya
2022-10-08 05:00:00,3.0265936516671863e-11,0,0.0,500.0,kenyatta_kenya
2022-10-08 06:00:00,2.903076721632609e-11,0,0.0,500.0,kenyatta_kenya
2022-10-08 07:00:00,2.7846005845689655e-11,0,0.0,500.0,kenyatta_kenya
2022-10-08 08:00:00,2.6709595229784912e-11,0,0.0,500.0,kenyatta_kenya
2022-10-08 09:00:00,2.5619562148062192e-11,0,0.0,500.0,kenyatta_kenya
2022-10-08 10:00:00,2.457401390817366e-11,0,0.0,500.0,kenyatta_kenya
2022-10-08 11:00:00,2.3571135059573475e-11,0,0.0,500.0,kenyatta_kenya
2022-10-08 12:00:00,2.260918424123843e-11,0,0.0,500.0,kenyatta_kenya
2022-10-08 13:00:00,2.168649115803402e-11,0,0.0,500.0,kenyatta_kenya
2022-10-08 14:00:00,2.080145368047675e-11,0,0.0,500.0,kenyatta_kenya
2022-10-08 15:00:00,1.9952535062857357e-11,0,0.0,500.0,kenyatta_kenya
2022-10-08 16:00:00,1.913826127489324e-11,0,0.0,500.0,kenyatta_kenya
2022-10-08 17:00:00,1.835721844227767e-11,0,0.0,500.0,kenyatta_kenya
2022-10-08 18:00:00,1.7608050391682153e-11,0,0.0,500.0,kenyatta_kenya
2022-10-08 19:00:00,1.6889456295947996e-11,0,0.0,500.0,kenyatta_kenya
2022-10-08 20:00:00,1.6200188415378853e-11,0,0.0,500.0,kenyatta_kenya
2022-10-08 21:00:00,1.5539049931212975e-11,0,0.0,500.0,kenyatta_kenya
2022-10-08 22:00:00,1.4904892867512e-11,0,0.0,500.0,kenyatta_kenya
2022-10-08 23:00:00,1.4296616097858681e-11,0,0.0,500.0,kenyatta_kenya
2022-10-09 00:00:00,1.3713163433402817e-11,0,0.0,500.0,kenyatta_kenya
2022-10-09 01:00:00,1.3153521788934566e-11,0,0.0,500.0,kenyatta_kenya
2022-10-09 02:00:00,1.2616719423801354e-11,0,0.0,500.0,kenyatta_kenya
2022-10-09 03:00:00,1.2101824254614322e-11,0,0.0,500.0,kenyatta_kenya
2022-10-09 04:00:00,1.1607942236813741e-11,0,0.0,500.0,kenyatta_kenya
2022-10-09 05:00:00,1.1134215812283595e-11,0,0.0,500.0,kenyatta_kenya
2022-10-09 06:00:00,1.067982242032027e-11,0,0.0,500.0,kenyatta_kenya
2022-10-09 07:00:00,1.0243973069369026e-11,0,0.0,500.0,kenyatta_kenya
2022-10-09 08:00:00,9.825910967048696e-12,0,0.0,500.0,kenyatta_kenya
2022-10-09 09:00:00,9.424910206086155e-12,0,0.0,500.0,kenyatta_kenya
2022-10-09 10:00:00,9.040274503878175e-12,0,0.0,500.0,kenyatta_kenya
2022-10-09 11:00:00,8.67133599349248e-12,0,0.0,500.0,kenyatta_kenya
2022-10-09 12:00:00,8.317454064008973e-12,0,0.0,500.0,kenyatta_kenya
2022-10-09 13:00:00,7.978014248186982e-12,0,0.0,500.0,kenyatta_kenya
2022-10-09 14:00:00,7.652427155527429e-12,0,0.0,500.0,kenyatta_kenya
2022-10-09 15:00:00,7.340127448877576e-12,0,0.0,500.0,kenyatta_kenya
2022-10-09 16:00:00,7.040572862800781e-12,0,0.0,500.0,kenyatta_kenya
2022-10-09 17:00:00,6.753243262007203e-12,0,0.0,500.0,kenyatta_kenya
2022-10-09 18:00:00,6.477639738210628e-12,0,0.0,500.0,kenyatta_kenya
2022-10-09 19:00:00,6.213283743842845e-12,0,0.0,500.0,kenyatta_kenya
2022-10-09 20:00:00,5.959716261121646e-12,0,0.0,500.0,kenyatta_kenya
2022-10-09 21:00:00,5.716497005029767e-12,0,0.0,500.0,kenyatta_kenya
2022-10-09 22:00:00,5.48320365882053e-12,0,0.0,500.0,kenyatta_kenya
2022-10-09 23:00:00,5.259431140722898e-12,0,0.0,500.0,kenyatta_kenya
2022-10-10 00:00:00,5.044790900572887e-12,0,0.0,500.0,kenyatta_kenya
2022-10-10 01:00:00,4.838910245149639e-12,0,0.0,500.0,kenyatta_kenya
2022-10-10 02:00:00,4.641431691044923e-12,0,0.0,500.0,kenyatta_kenya
2022-10-10 03:00:00,4.452012343942525e-12,0,0.0,500.0,kenyatta_kenya
2022-10-10 04:00:00,4.270323303229422e-12,0,0.0,500.0,kenyatta_kenya
2022-10-10 05:00:00,4.096049090905125e-12,0,0.0,500.0,kenyatta_kenya
2022-10-10 06:00:00,3.928887103797661e-12,0,0.0,500.0,kenyatta_kenya
2022-10-10 07:00:00,3.7685470881347824e-12,0,0.0,500.0,kenyatta_kenya
2022-10-10 08:00:00,3.614750635558221e-12,0,0.0,500.0,kenyatta_kenya
2022-10-10 09:00:00,3.4672306997059982e-12,0,0.0,500.0,kenyatta_kenya
2022-10-10 10:00:00,3.3257311325231415e-12,0,0.0,500.0,kenyatta_kenya
2022-10-10 11:00:00,3.190006239495828e-12,0,0.0,500.0,kenyatta_kenya
2022-10-10 12:00:00,3.0598203530367626e-12,0,0.0,500.0,kenyatta_kenya
2022-10-10 13:00:00,0.445616746011908,1,4.4,447.67734591393827,kenyatta_kenya
2022-10-10 14:00:00,0.4274308846859028,1,4.4,447.67734591393827,kenyatta_kenya
2022-10-10 15:00:00,0.40998719823354973,1,4.4,447.67734591393827,kenyatta_kenya
2022-10-10 16:00:00,0.39325539809533516,1,4.4,447.67734591393827,kenyatta_kenya
2022-10-10 17:00:00,0.3772064318043025,1,4.4,447.67734591393827,kenyatta_kenya
2022-10-10 18:00:00,0.3618124325404441,1,4.4,447.67734591393827,kenyatta_kenya
2022-10-10 19:00:00,0.3470466707438053,1,4.4,447.67734591393827,kenyatta_kenya
2022-10-10 20:00:00,0.33288350770228436,1,4.4,447.67734591393827,kenyatta_kenya
2022-10-10 21:00:00,0.3192983510335398,1,4.4,447.67734591393827,kenyatta_kenya
2022-10-10 22:00:00,0.3062676119837041,1,4.4,447.67734591393827,kenyatta_kenya
2022-10-10 23:00:00,0.29376866446876126,1,4.4,447.67734591393827,kenyatta_kenya
2022-10-11 00:00:00,0.2817798057874677,1,4.4,447.67734591393827,kenyatta_kenya
2022-10-11 01:00:00,0.27028021893759957,1,4.4,447.67734591393827,kenyatta_kenya
2022-10-11 02:00:00,0.25924993647009514,1,4.4,447.67734591393827,kenyatta_kenya
2022-10-11 03:00:00,0.24866980581832906,1,4.4,447.67734591393827,kenyatta_kenya
2022-10-11 04:00:00,0.23852145604231792,1,4.4,447.67734591393827,kenyatta_kenya
2022-10-11 05:00:00,0.2287872659301121,1,4.4,447.67734591393827,kenyatta_kenya
2022-10-11 06:00:00,0.2194503334009882,1,4.4,447.67734591393827,kenyatta_kenya
2022-10-11 07:00:00,0.2104944461573133,1,4.4,447.67734591393827,kenyatta_kenya
2022-10-11 08:00:00,0.20190405353412202,1,4.4,447.67734591393827,kenyatta_kenya
2022-10-11 09:00:00,0.1936642394975289,1,4.4,447.67734591393827,kenyatta_kenya
2022-10-11 10:00:00,0.18576069674508885,1,4.4,447.67734591393827,kenyatta_kenya
2022-10-11 11:00:00,0.17817970186313706,1,4.4,447.67734591393827,kenyatta_kenya
2022-10-11 12:00:00,0.17090809149797048,1,4.4,447.67734591393827,kenyatta_kenya
2022-10-11 13:00:00,0.16393323949949723,0,0.0,500.0,kenyatta_kenya
2022-10-11 14:00:00,0.1572430349976651,0,0.0,500.0,kenyatta_kenya
2022-10-11 15:00:00,0.1508258613736036,0,0.0,500.0,kenyatta_kenya
2022-10-11 16:00:00,0.14467057608896497,0,0.0,500.0,kenyatta_kenya
2022-10-11 17:00:00,0.13876649133844055,0,0.0,500.0,kenyatta_kenya
2022-10-11 18:00:00,0.13310335549185875,0,0.0,500.0,kenyatta_kenya
2022-10-11 19:00:00,0.12767133529364064,0,0.0,500.0,kenyatta_kenya
2022-10-11 20:00:00,0.12246099878870588,0,0.0,500.0,kenyatta_kenya
2022-10-11 21:00:00,0.11746329894518166,0,0.0,500.0,kenyatta_kenya
2022-10-11 22:00:00,0.11266955794547717,0,0.0,500.0,kenyatta_kenya
2022-10-11 23:00:00,0.10807145211844885,0,0.0,500.0,kenyatta_kenya
2022-10-12 00:00:00,0.10366099748649117,0,0.0,500.0,kenyatta_kenya
2022-10-12 01:00:00,0.09943053590245919,0,0.0,500.0,kenyatta_kenya
2022-10-12 02:00:00,0.09537272175235051,0,0.0,500.0,kenyatta_kenya
2022-10-12 03:00:00,0.091480509200658,0,0.0,500.0,kenyatta_kenya
2022-10-12 04:00:00,0.08774713995624665,0,0.0,500.0,kenyatta_kenya
2022-10-12 05:00:00,0.08416613153751178,0,0.0,500.0,kenyatta_kenya
2022-10-12 06:00:00,0.08073126601644227,0,0.0,500.0,kenyatta_kenya
2022-10-12 07:00:00,0.07743657922204465,0,0.0,500.0,kenyatta_kenya
2022-10-12 08:00:00,0.0742763503843818,0,0.0,500.0,kenyatta_kenya
2022-10-12 09:00:00,0.07124509220124331,0,0.0,500.0,kenyatta_kenya
2022-10-12 10:00:00,0.06833754131020105,0,0.0,500.0,kenyatta_kenya
2022-10-12 11:00:00,0.06554864914950505,0,0.0,500.0,kenyatta_kenya
2022-10-12 12:00:00,0.06287357319195114,0,0.0,500.0,kenyatta_kenya
2022-10-12 13:00:00,0.060307668536499257,0,0.0,500.0,kenyatta_kenya
2022-10-12 14:00:00,0.0578464798430426,0,0.0,500.0,kenyatta_kenya
2022-10-12 15:00:00,0.05548573359632271,0,0.0,500.0,kenyatta_kenya
2022-10-12 16:00:00,0.053221330685559065,0,0.0,500.0,kenyatta_kenya
2022-10-12 17:00:00,0.051049339286907316,0,0.0,500.0,kenyatta_kenya
2022-10-12 18:00:00,0.04896598803638882,0,0.0,500.0,kenyatta_kenya
2022-10-12 19:00:00,0.04696765948143635,0,0.0,500.0,kenyatta_kenya
2022-10-12 20:00:00,0.04505088379968581,0,0.0,500.0,kenyatta_kenya
2022-10-12 21:00:00,0.043212332774107486,0,0.0,500.0,kenyatta_kenya
2022-10-12 22:00:00,0.04144881401401558,0,0.0,500.0,kenyatta_kenya
2022-10-12 23:00:00,0.03975726541192125,0,0.0,500.0,kenyatta_kenya
2022-10-13 00:00:00,0.038134749826604655,0,0.0,500.0,kenyatta_kenya
2022-10-13 01:00:00,0.03657844998317373,0,0.0,500.0,kenyatta_kenya
2022-10-13 02:00:00,0.035085663581254166,0,0.0,500.0,kenyatta_kenya
2022-10-13 03:00:00,0.033653798602817045,0,0.0,500.0,kenyatta_kenya
2022-10-13 04:00:00,0.03228036881149636,0,0.0,500.0,kenyatta_kenya
2022-10-13 05:00:00,0.030962989435581956,0,0.0,500.0,kenyatta_kenya
2022-10-13 06:00:00,0.029699373027191837,0,0.0,500.0,kenyatta_kenya
2022-10-13 07:00:00,0.02848732549043393,0,0.0,500.0,kenyatta_kenya
2022-10-13 08:00:00,0.027324742271660617,0,0.0,500.0,kenyatta_kenya
2022-10-13 09:00:00,0.026209604705201273,0,0.0,500.0,kenyatta_kenya
2022-10-13 10:00:00,0.02513997650822713,0,0.0,500.0,kenyatta_kenya
2022-10-13 11:00:00,0.024114000418662854,0,0.0,500.0,kenyatta_kenya
2022-10-13 12:00:00,0.023129894970306764,0,0.0,500.0,kenyatta_kenya
2022-10-13 13:00:00,0.022185951399559933,0,0.0,500.0,kenyatta_kenya
2022-10-13 14:00:00,0.02128053067839361,0,0.0,500.0,kenyatta_kenya
2022-10-13 15:00:00,0.02041206066840273,0,0.0,500.0,kenyatta_kenya
2022-10-13 16:00:00,0.01957903339100401,0,0.0,500.0,kenyatta_kenya
2022-10-13 17:00:00,0.01878000240903882,0,0.0,500.0,kenyatta_kenya
2022-10-13 18:00:00,0.018013580315234257,0,0.0,500.0,kenyatta_kenya
2022-10-13 19:00:00,0.017278436323161405,0,0.0,500.0,kenyatta_kenya
2022-10-13 20:00:00,0.016573293956508,0,0.0,500.0,kenyatta_kenya
2022-10-13 21:00:00,0.01589692883265307,0,0.0,500.0,kenyatta_kenya
2022-10-13 22:00:00,0.015248166536695106,0,0.0,500.0,kenyatta_kenya
2022-10-13 23:00:00,0.0146258805822423,0,0.0,500.0,kenyatta_kenya
2022-10-14 00:00:00,0.014028990455424084,0,0.0,500.0,kenyatta_kenya
2022-10-14 01:00:00,0.01345645973872751,0,0.0,500.0,kenyatta_kenya
2022-10-14 02:00:00,0.01290729431140101,0,0.0,500.0,kenyatta_kenya
2022-10-14 03:00:00,0.012380540623300606,0,0.0,500.0,kenyatta_kenya
2022-10-14 04:00:00,0.011875284039181342,0,0.0,500.0,kenyatta_kenya
2022-10-14 05:00:00,0.01139064725055916,0,0.0,500.0,kenyatta_kenya
2022-10-14 06:00:00,0.010925788752385542,0,0.0,500.0,kenyatta_kenya
2022-10-14 07:00:00,0.010479901381889816,0,0.0,500.0,kenyatta_kenya
2022-10-14 08:00:00,0.010052210917052199,0,0.0,500.0,kenyatta_kenya
2022-10-14 09:00:00,0.00964197473227385,0,0.0,500.0,kenyatta_kenya
2022-10-14 10:00:00,0.009248480508909786,0,0.0,500.0,kenyatta_kenya
2022-10-14 11:00:00,0.008871044998425618,0,0.0,500.0,kenyatta_kenya
2022-10-14 12:00:00,0.008509012836030606,0,0.0,500.0,kenyatta_kenya
2022-10-14 13:00:00,0.008161755402726883,0,0.0,500.0,kenyatta_kenya
2022-10-14 14:00:00,0.00782866973379918,0,0.0,500.0,kenyatta_kenya
2022-10-14 15:00:00,0.007509177471849573,0,0.0,500.0,kenyatta_kenya
2022-10-14 16:00:00,0.007202723862559561,0,0.0,500.0,kenyatta_kenya
2022-10-14 17:00:00,0.006908776791435545,0,0.0,500.0,kenyatta_kenya
2022-10-14 18:00:00,0.006626825859865272,0,0.0,500.0,kenyatta_kenya
2022-10-14 19:00:00,0.006356381498880966,0,0.0,500.0,kenyatta_kenya
2022-10-14 20:00:00,0.006096974119090208,0,0.0,500.0,kenyatta_kenya
2022-10-14 21:00:00,0.0058481532952986,0,0.0,500.0,kenyatta_kenya
2022-10-14 22:00:00,0.005609486984408481,0,0.0,500.0,kenyatta_kenya
2022-10-14 23:00:00,0.00538056077523555,0,0.0,500.0,kenyatta_kenya
2022-10-15 00:00:00,0.00516097716894091,0,0.0,500.0,kenyatta_kenya
2022-10-15 01:00:00,0.004950354888829086,0,0.0,500.0,kenyatta_kenya
2022-10-15 02:00:00,0.004748328218313542,0,0.0,500.0,kenyatta_kenya
2022-10-15 03:00:00,0.004554546365900167,0,0.0,500.0,kenyatta_kenya
2022-10-15 04:00:00,0.004368672856086178,0,0.0,500.0,kenyatta_kenya
2022-10-15 05:00:00,0.004190384945116731,0,0.0,500.0,kenyatta_kenya
2022-10-15 06:00:00,0.0040193730605848224,0,0.0,500.0,kenyatta_kenya
2022-10-15 07:00:00,0.00385534026390145,0,0.0,500.0,kenyatta_kenya
2022-10-15 08:00:00,0.0036980017347026358,0,0.0,500.0,kenyatta_kenya
2022-10-15 09:00:00,0.0035470842762980715,0,0.0,500.0,kenyatta_kenya
2022-10-15 10:00:00,0.0034023258413027066,0,0.0,500.0,kenyatta_kenya
2022-10-15 11:00:00,0.003263475076627536,0,0.0,500.0,kenyatta_kenya
2022-10-15 12:00:00,0.003130290887039569,0,0.0,500.0,kenyatta_kenya
2022-10-15 13:00:00,0.003002542016533166,0,0.0,500.0,kenyatta_kenya
2022-10-15 14:00:00,0.002880006646785826,0,0.0,500.0,kenyatta_kenya
2022-10-15 15:00:00,0.0027624720120012058,0,0.0,500.0,kenyatta_kenya
2022-10-15 16:00:00,0.0026497340294706242,0,0.0,500.0,kenyatta_kenya
2022-10-15 17:00:00,0.002541596945211539,0,0.0,500.0,kenyatta_kenya
2022-10-15 18:00:00,0.002437872994067699,0,0.0,500.0,kenyatta_kenya
2022-10-15 19:00:00,0.002338382073680825,0,0.0,500.0,kenyatta_kenya
2022-10-15 20:00:00,0.002242951431767653,0,0.0,500.0,kenyatta_kenya
2022-10-15 21:00:00,0.00215141536615938,0,0.0,500.0,kenyatta_kenya
2022-10-15 22:00:00,0.002063614937082673,0,0.0,500.0,kenyatta_kenya
2022-10-15 23:00:00,0.001979397691182637,0,0.0,500.0,kenyatta_kenya
2022-10-16 00:00:00,0.001898617396808556,0,0.0,500.0,kenyatta_kenya
2022-10-16 01:00:00,0.0018211337901027635,0,0.0,500.0,kenyatta_kenya
2022-10-16 02:00:00,0.0017468123314517763,0,0.0,500.0,kenyatta_kenya
2022-10-16 03:00:00,0.0016755239718767787,0,0.0,500.0,kenyatta_kenya
2022-10-16 04:00:00,0.0016071449289578334,0,0.0,500.0,kenyatta_kenya
2022-10-16 05:00:00,0.0015415564719027683,0,0.0,500.0,kenyatta_kenya
2022-10-16 06:00:00,0.0014786447153874956,0,0.0,500.0,kenyatta_kenya
2022-10-16 07:00:00,0.0014183004218098277,0,0.0,500.0,kenyatta_kenya
2022-10-16 08:00:00,0.0013604188116134298,0,0.0,500.0,kenyatta_kenya
2022-10-16 09:00:00,0.0013048993813525455,0,0.0,500.0,kenyatta_kenya
2022-10-16 10:00:00,0.0012516457291815984,0,0.0,500.0,kenyatta_kenya
2022-10-16 11:00:00,0.001200565387466668,0,0.0,500.0,kenyatta_kenya
2022-10-16 12:00:00,0.0011515696622281762,0,0.0,500.0,kenyatta_kenya
2022-10-16 13:00:00,0.0011045734791359978,0,0.0,500.0,kenyatta_kenya
2022-10-16 14:00:00,0.0010594952357896091,0,0.0,500.0,kenyatta_kenya
2022-10-16 15:00:00,0.0010162566600267543,0,0.0,500.0,kenyatta_kenya
2022-10-16 16:00:00,0.000974782674014608,0,0.0,500.0,kenyatta_kenya
2022-10-16 17:00:00,0.0009350012638874658,0,0.0,500.0,kenyatta_kenya
2022-10-16 18:00:00,0.0008968433547045769,0,0.0,500.0,kenyatta_kenya
2022-10-16 19:00:00,0.000860242690511021,0,0.0,500.0,kenyatta_kenya
2022-10-16 20:00:00,0.0008251357192933705,0,0.0,500.0,kenyatta_kenya
2022-10-16 21:00:00,0.0007914614826303666,0,0.0,500.0,kenyatta_kenya
2022-10-16 22:00:00,0.0007591615098470149,0,0.0,500.0,kenyatta_kenya
2022-10-16 23:00:00,0.0007281797164883115,0,0.0,500.0,kenyatta_kenya
2022-10-17 00:00:00,0.0006984623069363102,0,0.0,500.0,kenyatta_kenya
2022-10-17 01:00:00,0.0006699576810014354,0,0.0,500.0,kenyatta_kenya
2022-10-17 02:00:00,0.0006426163443258638,0,0.0,500.0,kenyatta_kenya
2022-10-17 03:00:00,0.0006163908224433846,0,0.0,500.0,kenyatta_kenya
2022-10-17 04:00:00,0.0005912355783465251,0,0.0,500.0,kenyatta_kenya
2022-10-17 05:00:00,0.0005671069334178108,0,0.0,500.0,kenyatta_kenya
2022-10-17 06:00:00,0.0005439629915878582,0,0.0,500.0,kenyatta_kenya
2022-10-17 07:00:00,0.0005217635665886203,0,0.0,500.0,kenyatta_kenya
2022-10-17 08:00:00,0.0005004701121754663,0,0.0,500.0,kenyatta_kenya
2022-10-17 09:00:00,0.00048004565519693524,0,0.0,500.0,kenyatta_kenya
2022-10-17 10:00:00,0.00046045473139594875,0,0.0,500.0,kenyatta_kenya
2022-10-17 11:00:00,0.0004416633238310139,0,0.0,500.0,kenyatta_kenya
2022-10-17 12:00:00,0.000423638803810488,0,0.0,500.0,kenyatta_kenya
2022-10-17 13:00:00,0.0004063498742373466,0,0.0,500.0,kenyatta_kenya
2022-10-17 14:00:00,0.00038976651526608695,0,0.0,500.0,kenyatta_kenya
2022-10-17 15:00:00,0.0003738599321773988,0,0.0,500.0,kenyatta_kenya
2022-10-17 16:00:00,0.00035860250538009825,0,0.0,500.0,kenyatta_kenya
2022-10-17 17:00:00,0.00034396774245351315,0,0.0,500.0,kenyatta_kenya
2022-10-17 18:00:00,0.0003299302321470413,0,0.0,500.0,kenyatta_kenya
2022-10-17 19:00:00,0.0003164656002570124,0,0.0,500.0,kenyatta_kenya
2022-10-17 20:00:00,0.0003035504673042412,0,0.0,500.0,kenyatta_kenya
2022-10-17 21:00:00,0.0002911624079387805,0,0.0,500.0,kenyatta_kenya
2022-10-17 22:00:00,0.00027927991200138826,0,0.0,500.0,kenyatta_kenya
2022-10-17 23:00:00,0.00026788234717409936,0,0.0,500.0,kenyatta_kenya
2022-10-18 00:00:00,0.0002569499231550462,0,0.0,500.0,kenyatta_kenya
2022-10-18 01:00:00,0.0002464636572953235,0,0.0,500.0,kenyatta_kenya
2022-10-18 02:00:00,0.0002364053416382339,0,0.0,500.0,kenyatta_kenya
2022-10-18 03:00:00,0.0002267575113036781,0,0.0,500.0,kenyatta_kenya
2022-10-18 04:00:00,0.00021750341416279417,0,0.0,500.0,kenyatta_kenya
2022-10-18 05:00:00,0.00020862698175019452,0,0.0,500.0,kenyatta_kenya
2022-10-18 06:00:00,0.0002001128013632873,0,0.0,500.0,kenyatta_kenya
2022-10-18 07:00:00,0.00019194608930024027,0,0.0,500.0,kenyatta_kenya
2022-10-18 08:00:00,0.00018411266519011954,0,0.0,500.0,kenyatta_kenya
2022-10-18 09:00:00,0.00017659892737062745,0,0.0,500.0,kenyatta_kenya
2022-10-18 10:00:00,0.0001693918292706882,0,0.0,500.0,kenyatta_kenya
2022-10-18 11:00:00,0.0001624788567568752,0,0.0,500.0,kenyatta_kenya
2022-10-18 12:00:00,0.00015584800640434064,0,0.0,500.0,kenyatta_kenya
2022-10-18 13:00:00,0.00014948776465452095,0,0.0,500.0,kenyatta_kenya
2022-10-18 14:00:00,0.00014338708782342865,0,0.0,500.0,kenyatta_kenya
2022-10-18 15:00:00,0.00013753538292581466,0,0.0,500.0,kenyatta_kenya
2022-10-18 16:00:00,0.0001319224892819097,0,0.0,500.0,kenyatta_kenya
2022-10-18 17:00:00,0.00012653866087480116,0,0.0,500.0,kenyatta_kenya
2022-10-18 18:00:00,0.00012137454942781772,0,0.0,500.0,kenyatta_kenya
2022-10-18 19:00:00,0.0001164211881725348,0,0.0,500.0,kenyatta_kenya
2022-10-18 20:00:00,0.00011166997627921455,0,0.0,500.0,kenyatta_kenya
2022-10-18 21:00:00,0.00010711266392265,0,0.0,500.0,kenyatta_kenya
2022-10-18 22:00:00,0.0001027413379574803,0,0.0,500.0,kenyatta_kenya
2022-10-18 23:00:00,9.854840817810206e-05,0,0.0,500.0,kenyatta_kenya
2022-10-19 00:00:00,9.452659413932336e-05,0,0.0,500.0,kenyatta_kenya
2022-10-19 01:00:00,9.066891251487347e-05,0,0.0,500.0,kenyatta_kenya
2022-10-19 02:00:00,8.696866497181748e-05,0,0.0,500.0,kenyatta_kenya
2022-10-19 03:00:00,8.341942653982403e-05,0,0.0,500.0,kenyatta_kenya
2022-10-19 04:00:00,8.001503445508951e-05,0,0.0,500.0,kenyatta_kenya
2022-10-19 05:00:00,7.674957745954632e-05,0,0.0,500.0,kenyatta_kenya
2022-10-19 06:00:00,7.361738553677791e-05,0,0.0,500.0,kenyatta_kenya
2022-10-19 07:00:00,7.061302006681617e-05,0,0.0,500.0,kenyatta_kenya
2022-10-19 08:00:00,6.773126438272611e-05,0,0.0,500.0,kenyatta_kenya
2022-10-19 09:00:00,6.49671147125825e-05,0,0.0,500.0,kenyatta_kenya
2022-10-19 10:00:00,6.231577149110915e-05,0,0.0,500.0,kenyatta_kenya
2022-10-19 11:00:00,5.9772631025894125e-05,0,0.0,500.0,kenyatta_kenya
2022-10-19 12:00:00,5.7333277503712156e-05,0,0.0,500.0,kenyatta_kenya
2022-10-19 13:00:00,5.499347532307324e-05,0,0.0,500.0,kenyatta_kenya
2022-10-19 14:00:00,5.274916173968345e-05,0,0.0,500.0,kenyatta_kenya
2022-10-19 15:00:00,5.0596439812049025e-05,0,0.0,500.0,kenyatta_kenya
2022-10-19 16:00:00,4.8531571634974524e-05,0,0.0,500.0,kenyatta_kenya
2022-10-19 17:00:00,4.6550971849204485e-05,0,0.0,500.0,kenyatta_kenya
2022-10-19 18:00:00,4.465120141594118e-05,0,0.0,500.0,kenyatta_kenya
2022-10-19 19:00:00,4.282896164542742e-05,0,0.0,500.0,kenyatta_kenya
2022-10-19 20:00:00,4.1081088469225654e-05,0,0.0,500.0,kenyatta_kenya
2022-10-19 21:00:00,3.940454694624899e-05,0,0.0,500.0,kenyatta_kenya
2022-10-19 22:00:00,3.779642599300413e-05,0,0.0,500.0,kenyatta_kenya
2022-10-19 23:00:00,3.625393332889538e-05,0,0.0,500.0,kenyatta_kenya
2022-10-20 00:00:00,3.4774390627814007e-05,0,0.0,500.0,kenyatta_kenya
2022-10-20 01:00:00,3.335522886759405e-05,0,0.0,500.0,kenyatta_kenya
2022-10-20 02:00:00,3.19939838692586e-05,0,0.0,500.0,kenyatta_kenya
2022-10-20 03:00:00,3.068829201831264e-05,0,0.0,500.0,kenyatta_kenya
2022-10-20 04:00:00,2.943588616065203e-05,0,0.0,500.0,kenyatta_kenya
2022-10-20 05:00:00,2.823459166596223e-05,0,0.0,500.0,kenyatta_kenya
2022-10-20 06:00:00,2.7082322651772476e-05,0,0.0,500.0,kenyatta_kenya
2022-10-20 07:00:00,2.5977078361608173e-05,0,0.0,500.0,kenyatta_kenya
2022-10-20 08:00:00,2.4916939690952495e-05,0,0.0,500.0,kenyatta_kenya
2022-10-20 09:00:00,2.3900065854985834e-05,0,0.0,500.0,kenyatta_kenya
2022-10-20 10:00:00,2.292469119231653e-05,0,0.0,500.0,kenyatta_kenya
2022-10-20 11:00:00,2.1989122099152744e-05,0,0.0,500.0,kenyatta_kenya
2022-10-20 12:00:00,2.109173408859285e-05,0,0.0,500.0,kenyatta_kenya
2022-10-20 13:00:00,2.023096896992769e-05,0,0.0,500.0,kenyatta_kenya
2022-10-20 14:00:00,1.9405332143056773e-05,0,0.0,500.0,kenyatta_kenya
2022-10-20 15:00:00,1.8613390003321114e-05,0,0.0,500.0,kenyatta_kenya
2022-10-20 16:00:00,1.7853767452246254e-05,0,0.0,500.0,kenyatta_kenya
2022-10-20 17:00:00,1.712514550987289e-05,0,0.0,500.0,kenyatta_kenya
2022-10-20 18:00:00,1.6426259024529956e-05,0,0.0,500.0,kenyatta_kenya
2022-10-20 19:00:00,1.5755894476072977e-05,0,0.0,500.0,kenyatta_kenya
2022-10-20 20:00:00,1.511288786877332e-05,0,0.0,500.0,kenyatta_kenya
2022-10-20 21:00:00,1.4496122710199942e-05,0,0.0,500.0,kenyatta_kenya
2022-10-20 22:00:00,1.390452807258414e-05,0,0.0,500.0,kenyatta_kenya
2022-10-20 23:00:00,1.333707673330076e-05,0,0.0,500.0,kenyatta_kenya
2022-10-21 00:00:00,1.279278339123766e-05,0,0.0,500.0,kenyatta_kenya
2022-10-21 01:00:00,1.2270702955956058e-05,0,0.0,500.0,kenyatta_kenya
2022-10-21 02:00:00,1.1769928906670994e-05,0,0.0,500.0,kenyatta_kenya
2022-10-21 03:00:00,1.1289591718202892e-05,0,0.0,500.0,kenyatta_kenya
2022-10-21 04:00:00,1.082885735116686e-05,0,0.0,500.0,kenyatta_kenya
2022-10-21 05:00:00,1.0386925803778046e-05,0,0.0,500.0,kenyatta_kenya
2022-10-21 06:00:00,9.963029722758754e-06,0,0.0,500.0,kenyatta_kenya
2022-10-21 07:00:00,9.55643307093518e-06,0,0.0,500.0,kenyatta_kenya
2022-10-21 08:00:00,9.166429849210136e-06,0,0.0,500.0,kenyatta_kenya
2022-10-21 09:00:00,8.79234287069286e-06,0,0.0,500.0,kenyatta_kenya
2022-10-21 10:00:00,8.433522584857288e-06,0,0.0,500.0,kenyatta_kenya
2022-10-21 11:00:00,8.089345949686924e-06,0,0.0,500.0,kenyatta_kenya
2022-10-21 12:00:00,7.7592153498482e-06,0,0.0,500.0,kenyatta_kenya
2022-10-21 13:00:00,7.44255755901379e-06,0,0.0,500.0,kenyatta_kenya
2022-10-21 14:00:00,7.138822744533953e-06,0,0.0,500.0,kenyatta_kenya
2022-10-21 15:00:00,6.847483512727881e-06,0,0.0,500.0,kenyatta_kenya
2022-10-21 16:00:00,6.568033993137236e-06,0,0.0,500.0,kenyatta_kenya
2022-10-21 17:00:00,6.2999889601516735e-06,0,0.0,500.0,kenyatta_kenya
2022-10-21 18:00:00,6.042882990481441e-06,0,0.0,500.0,kenyatta_kenya
2022-10-21 19:00:00,5.796269655013943e-06,0,0.0,500.0,kenyatta_kenya
2022-10-21 20:00:00,5.559720743650999e-06,0,0.0,500.0,kenyatta_kenya
2022-10-21 21:00:00,5.332825521781008e-06,0,0.0,500.0,kenyatta_kenya
2022-10-21 22:00:00,5.115190017094885e-06,0,0.0,500.0,kenyatta_kenya
2022-10-21 23:00:00,4.90643633550733e-06,0,0.0,500.0,kenyatta_kenya
2022-10-22 00:00:00,4.706202004995819e-06,0,0.0,500.0,kenyatta_kenya
2022-10-22 01:00:00,4.5141393462178805e-06,0,0.0,500.0,kenyatta_kenya
2022-10-22 02:00:00,4.329914868813731e-06,0,0.0,500.0,kenyatta_kenya
2022-10-22 03:00:00,4.153208692346223e-06,0,0.0,500.0,kenyatta_kenya
2022-10-22 04:00:00,3.983713990872529e-06,0,0.0,500.0,kenyatta_kenya
2022-10-22 05:00:00,3.8211364601831025e-06,0,0.0,500.0,kenyatta_kenya
2022-10-22 06:00:00,3.6651938067829594e-06,0,0.0,500.0,kenyatta_kenya
2022-10-22 07:00:00,3.515615257727925e-06,0,0.0,500.0,kenyatta_kenya
2022-10-22 08:00:00,3.3721410904646523e-06,0,0.0,500.0,kenyatta_kenya
2022-10-22 09:00:00,3.2345221818582045e-06,0,0.0,500.0,kenyatta_kenya
2022-10-22 10:00:00,3.1025195756240375e-06,0,0.0,500.0,kenyatta_kenya
2022-10-22 11:00:00,2.975904067413297e-06,0,0.0,500.0,kenyatta_kenya
2022-10-22 12:00:00,2.854455806831032e-06,0,0.0,500.0,kenyatta_kenya
2022-10-22 13:00:00,2.7379639156962864e-06,0,0.0,500.0,kenyatta_kenya
2022-10-22 14:00:00,2.6262261218811325e-06,0,0.0,500.0,kenyatta_kenya
2022-10-22 15:00:00,2.5190484080929985e-06,0,0.0,500.0,kenyatta_kenya
2022-10-22 16:00:00,2.416244674990359e-06,0,0.0,500.0,kenyatta_kenya
2022-10-22 17:00:00,2.3176364180468454e-06,0,0.0,500.0,kenyatta_kenya
2022-10-22 18:00:00,2.223052417602723e-06,0,0.0,500.0,kenyatta_kenya
2022-10-22 19:00:00,2.1323284415655135e-06,0,0.0,500.0,kenyatta_kenya
2022-10-22 20:00:00,2.0453069602435978e-06,0,0.0,500.0,kenyatta_kenya
2022-10-22 21:00:00,1.9618368728175997e-06,0,0.0,500.0,kenyatta_kenya
2022-10-22 22:00:00,1.8817732449746038e-06,0,0.0,500.0,kenyatta_kenya
2022-10-22 23:00:00,1.8049770572496894e-06,0,0.0,500.0,kenyatta_kenya
2022-10-23 00:00:00,1.7313149636377807e-06,0,0.0,500.0,kenyatta_kenya
2022-10-23 01:00:00,1.6606590600566508e-06,0,0.0,500.0,kenyatta_kenya
2022-10-23 02:00:00,1.5928866622591086e-06,0,0.0,500.0,kenyatta_kenya
2022-10-23 03:00:00,1.5278800928087024e-06,0,0.0,500.0,kenyatta_kenya
2022-10-23 04:00:00,1.4655264767490398e-06,0,0.0,500.0,kenyatta_kenya
2022-10-23 05:00:00,1.405717545611978e-06,0,0.0,500.0,kenyatta_kenya
2022-10-23 06:00:00,1.3483494494243442e-06,0,0.0,500.0,kenyatta_kenya
2022-10-23 07:00:00,1.2933225763867427e-06,0,0.0,500.0,kenyatta_kenya
2022-10-23 08:00:00,1.2405413799113904e-06,0,0.0,500.0,kenyatta_kenya
2022-10-23 09:00:00,1.1899142127186282e-06,0,0.0,500.0,kenyatta_kenya
2022-10-23 10:00:00,1.1413531677040293e-06,0,0.0,500.0,kenyatta_kenya
2022-10-23 11:00:00,1.094773925299822e-06,0,0.0,500.0,kenyatta_kenya
2022-10-23 12:00:00,1.0500956070655768e-06,0,0.0,500.0,kenyatta_kenya
2022-10-23 13:00:00,1.007240635253922e-06,0,0.0,500.0,kenyatta_kenya
2022-10-23 14:00:00,9.66134598107472e-07,0,0.0,500.0,kenyatta_kenya
2022-10-23 15:00:00,9.267061206530619e-07,0,0.0,500.0,kenyatta_kenya
2022-10-23 16:00:00,8.888867407689266e-07,0,0.0,500.0,kenyatta_kenya
2022-10-23 17:00:00,8.526107903096569e-07,0,0.0,500.0,kenyatta_kenya
2022-10-23 18:00:00,8.178152810825137e-07,0,0.0,500.0,kenyatta_kenya
2022-10-23 19:00:00,7.844397954770937e-07,0,0.0,500.0,kenyatta_kenya
2022-10-23 20:00:00,7.524263815584761e-07,0,0.0,500.0,kenyatta_kenya
2022-10-23 21:00:00,7.217194524416683e-07,0,0.0,500.0,kenyatta_kenya
2022-10-23 22:00:00,6.922656897726289e-07,0,0.0,500.0,kenyatta_kenya
2022-10-23 23:00:00,6.640139511482901e-07,0,0.0,500.0,kenyatta_kenya
2022-10-24 00:00:00,6.369151813148226e-07,0,0.0,500.0,kenyatta_kenya
2022-10-24 01:00:00,6.109223269899335e-07,0,0.0,500.0,kenyatta_kenya
2022-10-24 02:00:00,5.859902551613248e-07,0,0.0,500.0,kenyatta_kenya
2022-10-24 03:00:00,5.620756747194369e-07,0,0.0,500.0,kenyatta_kenya
2022-10-24 04:00:00,5.391370612883895e-07,0,0.0,500.0,kenyatta_kenya
2022-10-24 05:00:00,5.171345851246257e-07,0,0.0,500.0,kenyatta_kenya
2022-10-24 06:00:00,4.960300419580497e-07,0,0.0,500.0,kenyatta_kenya
2022-10-24 07:00:00,4.7578678665556495e-07,0,0.0,500.0,kenyatta_kenya
2022-10-24 08:00:00,4.563696695918521e-07,0,0.0,500.0,kenyatta_kenya
2022-10-24 09:00:00,4.3774497561688567e-07,0,0.0,500.0,kenyatta_kenya
2022-10-24 10:00:00,4.198803655142138e-07,0,0.0,500.0,kenyatta_kenya
2022-10-24 11:00:00,4.027448198483647e-07,0,0.0,500.0,kenyatta_kenya
2022-10-24 12:00:00,3.863085851038709e-07,0,0.0,500.0,kenyatta_kenya
2022-10-24 13:00:00,3.7054312202238145e-07,0,0.0,500.0,kenyatta_kenya
2022-10-24 14:00:00,3.5542105604817273e-07,0,0.0,500.0,kenyatta_kenya
2022-10-24 15:00:00,3.4091612979600366e-07,0,0.0,500.0,kenyatta_kenya
2022-10-24 16:00:00,3.2700315745877736e-07,0,0.0,500.0,kenyatta_kenya
2022-10-24 17:00:00,3.136579810758584e-07,0,0.0,500.0,kenyatta_kenya
2022-10-24 18:00:00,3.0085742858610106e-07,0,0.0,500.0,kenyatta_kenya
2022-10-24 19:00:00,2.885792735927538e-07,0,0.0,500.0,kenyatta_kenya
2022-10-24 20:00:00,2.7680219677038273e-07,0,0.0,500.0,kenyatta_kenya
2022-10-24 21:00:00,2.655057488468003e-07,0,0.0,500.0,kenyatta_kenya
2022-10-24 22:00:00,2.5467031509571776e-07,0,0.0,500.0,kenyatta_kenya
2022-10-24 23:00:00,2.4427708127847443e-07,0,0.0,500.0,kenyatta_kenya
2022-10-25 00:00:00,2.343080009757048e-07,0,0.0,500.0,kenyatta_kenya
2022-10-25 01:00:00,2.2474576425221384e-07,0,0.0,500.0,kenyatta_kenya
2022-10-25 02:00:00,2.1557376760065907e-07,0,0.0,500.0,kenyatta_kenya
2022-10-25 03:00:00,2.067760851118478e-07,0,0.0,500.0,kenyatta_kenya
2022-10-25 04:00:00,1.9833744082158638e-07,0,0.0,500.0,kenyatta_kenya
2022-10-25 05:00:00,1.9024318218607306e-07,0,0.0,500.0,kenyatta_kenya
2022-10-25 06:00:00,1.8247925463977436e-07,0,0.0,500.0,kenyatta_kenya
2022-10-25 07:00:00,1.750321771916055e-07,0,0.0,500.0,kenyatta_kenya
2022-10-25 08:00:00,1.6788901901704637e-07,0,0.0,500.0,kenyatta_kenya
2022-10-25 09:00:00,1.6103737700554654e-07,0,0.0,500.0,kenyatta_kenya
2022-10-25 10:00:00,1.5446535422422994e-07,0,0.0,500.0,kenyatta_kenya
2022-10-25 11:00:00,1.4816153926050964e-07,0,0.0,500.0,kenyatta_kenya
2022-10-25 12:00:00,1.4211498640774258e-07,0,0.0,500.0,kenyatta_kenya
2022-10-25 13:00:00,1.3631519665951527e-07,0,0.0,500.0,kenyatta_kenya
2022-10-25 14:00:00,1.307520994795657e-07,0,0.0,500.0,kenyatta_kenya
2022-10-25 15:00:00,1.2541603531568472e-07,0,0.0,500.0,kenyatta_kenya
2022-10-25 16:00:00,1.2029773882723221e-07,0,0.0,500.0,kenyatta_kenya
2022-10-25 17:00:00,1.153883227971496e-07,0,0.0,500.0,kenyatta_kenya
2022-10-25 18:00:00,1.1067926270053199e-07,0,0.0,500.0,kenyatta_kenya
2022-10-25 19:00:00,1.0616238190296304e-07,0,0.0,500.0,kenyatta_kenya
2022-10-25 20:00:00,1.01829837462916e-07,0,0.0,500.0,kenyatta_kenya
2022-10-25 21:00:00,9.767410651356622e-08,0,0.0,500.0,kenyatta_kenya
2022-10-25 22:00:00,9.368797320036777e-08,0,0.0,500.0,kenyatta_kenya
2022-10-25 23:00:00,8.986451615171614e-08,0,0.0,500.0,kenyatta_kenya
2022-10-26 00:00:00,8.619709646094005e-08,0,0.0,500.0,kenyatta_kenya
2022-10-26 01:00:00,8.267934615875313e-08,0,0.0,500.0,kenyatta_kenya
2022-10-26 02:00:00,7.930515715615285e-08,0,0.0,500.0,kenyatta_kenya
2022-10-26 03:00:00,7.606867063856518e-08,0,0.0,500.0,kenyatta_kenya
2022-10-26 04:00:00,7.296426689281921e-08,0,0.0,500.0,kenyatta_kenya
2022-10-26 05:00:00,6.998655554928945e-08,0,0.0,500.0,kenyatta_kenya
2022-10-26 06:00:00,6.713036622226154e-08,0,0.0,500.0,kenyatta_kenya
2022-10-26 07:00:00,6.439073953226872e-08,0,0.0,500.0,kenyatta_kenya
2022-10-26 08:00:00,6.176291849481267e-08,0,0.0,500.0,kenyatta_kenya
2022-10-26 09:00:00,5.9242340260515344e-08,0,0.0,500.0,kenyatta_kenya
2022-10-26 10:00:00,5.682462819235859e-08,0,0.0,500.0,kenyatta_kenya
2022-10-26 11:00:00,5.4505584266256997e-08,0,0.0,500.0,kenyatta_kenya
2022-10-26 12:00:00,5.228118178176747e-08,0,0.0,500.0,kenyatta_kenya
2022-10-26 13:00:00,5.0147558370277645e-08,0,0.0,500.0,kenyatta_kenya
2022-10-26 14:00:00,4.810100928853554e-08,0,0.0,500.0,kenyatta_kenya
2022-10-26 15:00:00,4.613798098587197e-08,0,0.0,500.0,kenyatta_kenya
2022-10-26 16:00:00,4.4255064933950216e-08,0,0.0,500.0,kenyatta_kenya
2022-10-26 17:00:00,4.244899170832547e-08,0,0.0,500.0,kenyatta_kenya
2022-10-26 18:00:00,4.0716625311538966e-08,0,0.0,500.0,kenyatta_kenya
2022-10-26 19:00:00,3.9054957727891216e-08,0,0.0,500.0,kenyatta_kenya
2022-10-26 20:00:00,3.7461103700436396e-08,0,0.0,500.0,kenyatta_kenya
2022-10-26 21:00:00,3.5932295721130677e-08,0,0.0,500.0,kenyatta_kenya
2022-10-26 22:00:00,3.446587922543631e-08,0,0.0,500.0,kenyatta_kenya
2022-10-26 23:00:00,3.305930798303545e-08,0,0.0,500.0,kenyatta_kenya
2022-10-27 00:00:00,3.1710139676651534e-08,0,0.0,500.0,kenyatta_kenya
2022-10-27 01:00:00,3.041603166130229e-08,0,0.0,500.0,kenyatta_kenya
2022-10-27 02:00:00,2.9174736896618967e-08,0,0.0,500.0,kenyatta_kenya
2022-10-27 03:00:00,2.798410004516986e-08,0,0.0,500.0,kenyatta_kenya
2022-10-27 04:00:00,2.6842053730014257e-08,0,0.0,500.0,kenyatta_kenya
2022-10-27 05:00:00,2.5746614944986757e-08,0,0.0,500.0,kenyatta_kenya
2022-10-27 06:00:00,2.4695881611479838e-08,0,0.0,500.0,kenyatta_kenya
2022-10-27 07:00:00,2.3688029275746867e-08,0,0.0,500.0,kenyatta_kenya
2022-10-27 08:00:00,2.2721307940989062e-08,0,0.0,500.0,kenyatta_kenya
2022-10-27 09:00:00,2.1794039028726824e-08,0,0.0,500.0,kenyatta_kenya
2022-10-27 10:00:00,2.0904612464179825e-08,0,0.0,500.0,kenyatta_kenya
2022-10-27 11:00:00,2.0051483880593617e-08,0,0.0,500.0,kenyatta_kenya
2022-10-27 12:00:00,1.9233171937659205e-08,0,0.0,500.0,kenyatta_kenya
2022-10-27 13:00:00,1.844825574937002e-08,0,0.0,500.0,kenyatta_kenya
2022-10-27 14:00:00,1.769537241684881e-08,0,0.0,500.0,kenyatta_kenya
2022-10-27 15:00:00,1.697321466186121e-08,0,0.0,500.0,kenyatta_kenya
2022-10-27 16:00:00,1.62805285569075e-08,0,0.0,500.0,kenyatta_kenya
2022-10-27 17:00:00,1.561611134794996e-08,0,0.0,500.0,kenyatta_kenya
2022-10-27 18:00:00,1.497880936599596e-08,0,0.0,500.0,kenyatta_kenya
2022-10-27 19:00:00,1.4367516023910922e-08,0,0.0,500.0,kenyatta_kenya
2022-10-27 20:00:00,1.3781169894981992e-08,0,0.0,500.0,kenyatta_kenya
2022-10-27 21:00:00,1.3218752869896561e-08,0,0.0,500.0,kenyatta_kenya
2022-10-27 22:00:00,1.267928838893593e-08,0,0.0,500.0,kenyatta_kenya
2022-10-27 23:00:00,1.2161839746313682e-08,0,0.0,500.0,kenyatta_kenya
2022-10-28 00:00:00,1.1665508463714947e-08,0,0.0,500.0,kenyatta_kenya
2022-10-28 01:00:00,1.1189432730212781e-08,0,0.0,500.0,kenyatta_kenya
2022-10-28 02:00:00,1.0732785905852047e-08,0,0.0,500.0,kenyatta_kenya
2022-10-28 03:00:00,1.0294775086302824e-08,0,0.0,500.0,kenyatta_kenya
2022-10-28 04:00:00,9.874639726091472e-09,0,0.0,500.0,kenyatta_kenya
2022-10-28 05:00:00,9.471650318018032e-09,0,0.0,500.0,kenyatta_kenya
2022-10-28 06:00:00,9.0851071264673e-09,0,0.0,500.0,kenyatta_kenya
2022-10-28 07:00:00,8.714338972414523e-09,0,0.0,500.0,kenyatta_kenya
2022-10-28 08:00:00,8.358702068015311e-09,0,0.0,500.0,kenyatta_kenya
2022-10-28 09:00:00,8.017578898756628e-09,0,0.0,500.0,kenyatta_kenya
2022-10-28 10:00:00,7.690377151228042e-09,0,0.0,500.0,kenyatta_kenya
2022-10-28 11:00:00,7.376528684650964e-09,0,0.0,500.0,kenyatta_kenya
2022-10-28 12:00:00,7.075488544380335e-09,0,0.0,500.0,kenyatta_kenya
2022-10-28 13:00:00,6.786734015666091e-09,0,0.0,500.0,kenyatta_kenya
2022-10-28 14:00:00,6.509763716030896e-09,0,0.0,500.0,kenyatta_kenya
2022-10-28 15:00:00,6.244096724688433e-09,0,0.0,500.0,kenyatta_kenya
2022-10-28 16:00:00,5.989271747490839e-09,0,0.0,500.0,kenyatta_kenya
2022-10-28 17:00:00,5.744846315954851e-09,0,0.0,500.0,kenyatta_kenya
2022-10-28 18:00:00,5.510396018976159e-09,0,0.0,500.0,kenyatta_kenya
2022-10-28 19:00:00,5.285513765898093e-09,0,0.0,500.0,kenyatta_kenya
2022-10-28 20:00:00,5.06980907965468e-09,0,0.0,500.0,kenyatta_kenya
2022-10-28 21:00:00,4.8629074187609465e-09,0,0.0,500.0,kenyatta_kenya
2022-10-28 22:00:00,4.6644495269733066e-09,0,0.0,500.0,kenyatta_kenya
2022-10-28 23:00:00,4.474090809490513e-09,0,0.0,500.0,kenyatta_kenya
2022-10-29 00:00:00,4.291500734612187e-09,0,0.0,500.0,kenyatta_kenya
2022-10-29 01:00:00,4.116362259816125e-09,0,0.0,500.0,kenyatta_kenya
2022-10-29 02:00:00,3.948371281257583e-09,0,0.0,500.0,kenyatta_kenya
2022-10-29 03:00:00,3.787236105734768e-09,0,0.0,500.0,kenyatta_kenya
2022-10-29 04:00:00,3.6326769442038563e-09,0,0.0,500.0,kenyatta_kenya
2022-10-29 05:00:00,3.4844254259637878e-09,0,0.0,500.0,kenyatta_kenya
2022-10-29 06:00:00,3.3422241326674784e-09,0,0.0,500.0,kenyatta_kenya
2022-10-29 07:00:00,3.205826151350376e-09,0,0.0,500.0,kenyatta_kenya
2022-10-29 08:00:00,3.074994645700052e-09,0,0.0,500.0,kenyatta_kenya
2022-10-29 09:00:00,2.949502444822536e-09,0,0.0,500.0,kenyatta_kenya
2022-10-29 10:00:00,2.8291316487914005e-09,0,0.0,500.0,kenyatta_kenya
2022-10-29 11:00:00,2.713673250294511e-09,0,0.0,500.0,kenyatta_kenya
2022-10-29 12:00:00,2.6029267717215793e-09,0,0.0,500.0,kenyatta_kenya
2022-10-29 13:00:00,2.4966999170624607e-09,0,0.0,500.0,kenyatta_kenya
2022-10-29 14:00:00,2.394808238011578e-09,0,0.0,500.0,kenyatta_kenya
2022-10-29 15:00:00,2.2970748136988137e-09,0,0.0,500.0,kenyatta_kenya
2022-10-29 16:00:00,2.2033299434908377e-09,0,0.0,500.0,kenyatta_kenya
2022-10-29 17:00:00,2.1134108523292896e-09,0,0.0,500.0,kenyatta_kenya
2022-10-29 18:00:00,2.02716140809429e-09,0,0.0,500.0,kenyatta_kenya
2022-10-29 19:00:00,1.944431850502556e-09,0,0.0,500.0,kenyatta_kenya
2022-10-29 20:00:00,1.865078531069268e-09,0,0.0,500.0,kenyatta_kenya
2022-10-29 21:00:00,1.7889636636822379e-09,0,0.0,500.0,kenyatta_kenya
2022-10-29 22:00:00,1.7159550853553389e-09,0,0.0,500.0,kenyatta_kenya
2022-10-29 23:00:00,1.6459260267456562e-09,0,0.0,500.0,kenyatta_kenya
2022-10-30 00:00:00,1.5787548920359649e-09,0,0.0,500.0,kenyatta_kenya
2022-10-30 01:00:00,1.5143250478003714e-09,0,0.0,500.0,kenyatta_kenya
2022-10-30 02:00:00,1.4525246204864113e-09,0,0.0,500.0,kenyatta_kenya
2022-10-30 03:00:00,1.3932463021620164e-09,0,0.0,500.0,kenyatta_kenya
2022-10-30 04:00:00,1.3363871641900972e-09,0,0.0,500.0,kenyatta_kenya
2022-10-30 05:00:00,1.281848478507123e-09,0,0.0,500.0,kenyatta_kenya
2022-10-30 06:00:00,1.229535546195421e-09,0,0.0,500.0,kenyatta_kenya
2022-10-30 07:00:00,1.1793575330515718e-09,0,0.0,500.0,kenyatta_kenya
2022-10-30 08:00:00,1.1312273118653124e-09,0,0.0,500.0,kenyatta_kenya
2022-10-30 09:00:00,1.0850613111351176e-09,0,0.0,500.0,kenyatta_kenya
2022-10-30 10:00:00,1.0407793699578217e-09,0,0.0,500.0,kenyatta_kenya
2022-10-30 11:00:00,9.983045988402363e-10,0,0.0,500.0,kenyatta_kenya
2022-10-30 12:00:00,9.575632461911213e-10,0,0.0,500.0,kenyatta_kenya
2022-10-30 13:00:00,9.184845702617244e-10,0,0.0,500.0,kenyatta_kenya
2022-10-30 14:00:00,8.810007163124656e-10,0,0.0,500.0,kenyatta_kenya
2022-10-30 15:00:00,8.450465987925148e-10,0,0.0,500.0,kenyatta_kenya
2022-10-30 16:00:00,8.105597883277149e-10,0,0.0,500.0,kenyatta_kenya
2022-10-30 17:00:00,7.774804033205607e-10,0,0.0,500.0,kenyatta_kenya
2022-10-30 18:00:00,7.457510059740415e-10,0,0.0,500.0,kenyatta_kenya
2022-10-30 19:00:00,7.153165025588337e-10,0,0.0,500.0,kenyatta_kenya
2022-10-30 20:00:00,6.861240477506169e-10,0,0.0,500.0,kenyatta_kenya
2022-10-30 21:00:00,6.581229528714379e-10,0,0.0,500.0,kenyatta_kenya
2022-10-30 22:00:00,6.312645978758166e-10,0,0.0,500.0,kenyatta_kenya
2022-10-30 23:00:00,6.055023469287245e-10,0,0.0,500.0,kenyatta_kenya
2022-10-31 00:00:00,5.807914674288713e-10,0,0.0,500.0,kenyatta_kenya
2022-10-31 01:00:00,5.570890523367183e-10,0,0.0,500.0,kenyatta_kenya
2022-10-31 02:00:00,5.343539456723024e-10,0,0.0,500.0,kenyatta_kenya
2022-10-31 03:00:00,5.12546671053541e-10,0,0.0,500.0,kenyatta_kenya
2022-10-31 04:00:00,4.916293631509414e-10,0,0.0,500.0,kenyatta_kenya
2022-10-31 05:00:00,4.71565701939664e-10,0,0.0,500.0,kenyatta_kenya
2022-10-31 06:00:00,4.523208496347954e-10,0,0.0,500.0,kenyatta_kenya
2022-10-31 07:00:00,4.3386139020034307e-10,0,0.0,500.0,kenyatta_kenya
2022-10-31 08:00:00,4.1615527132688395e-10,0,0.0,500.0,kenyatta_kenya
2022-10-31 09:00:00,3.991717487771395e-10,0,0.0,500.0,kenyatta_kenya
2022-10-31 10:00:00,3.828813330028493e-10,0,0.0,500.0,kenyatta_kenya
2022-10-31 11:00:00,3.672557379402271e-10,0,0.0,500.0,kenyatta_kenya
2022-10-31 12:00:00,3.522678318951018e-10,0,0.0,500.0,kenyatta_kenya
2022-10-31 13:00:00,3.378915904324755e-10,0,0.0,500.0,kenyatta_kenya
2022-10-31 14:00:00,3.241020511886702e-10,0,0.0,500.0,kenyatta_kenya
2022-10-31 15:00:00,3.1087527052761843e-10,0,0.0,500.0,kenyatta_kenya
2022-10-31 16:00:00,2.981882819660424e-10,0,0.0,500.0,kenyatta_kenya
2022-10-31 17:00:00,2.860190562953155e-10,0,0.0,500.0,kenyatta_kenya
2022-10-31 18:00:00,2.7434646333077135e-10,0,0.0,500.0,kenyatta_kenya
2022-10-31 19:00:00,2.631502352220543e-10,0,0.0,500.0,kenyatta_kenya
2022-10-31 20:00:00,2.5241093126078493e-10,0,0.0,500.0,kenyatta_kenya
2022-10-31 21:00:00,2.4210990412444395e-10,0,0.0,500.0,kenyatta_kenya
2022-10-31 22:00:00,2.3222926749787068e-10,0,0.0,500.0,kenyatta_kenya
2022-10-31 23:00:00,2.227518650161359e-10,0,0.0,500.0,kenyatta_kenya
2022-11-01 00:00:00,2.1366124047487522e-10,0,0.0,500.0,kenyatta_kenya
2022-11-01 01:00:00,2.049416092563603e-10,0,0.0,500.0,kenyatta_kenya
2022-11-01 02:00:00,1.9657783092168184e-10,0,0.0,500.0,kenyatta_kenya
2022-11-01 03:00:00,1.8855538292145977e-10,0,0.0,500.0,kenyatta_kenya
2022-11-01 04:00:00,1.8086033537944042e-10,0,0.0,500.0,kenyatta_kenya
2022-11-01 05:00:00,1.7347932690518252e-10,0,0.0,500.0,kenyatta_kenya
2022-11-01 06:00:00,1.6639954139384054e-10,0,0.0,500.0,kenyatta_kenya
2022-11-01 07:00:00,1.596086857727673e-10,0,0.0,500.0,kenyatta_kenya
2022-11-01 08:00:00,1.5309496865628405e-10,0,0.0,500.0,kenyatta_kenya
2022-11-01 09:00:00,1.4684707987156145e-10,0,0.0,500.0,kenyatta_kenya
2022-11-01 10:00:00,1.4085417082006513e-10,0,0.0,500.0,kenyatta_kenya
2022-11-01 11:00:00,1.351058356404564e-10,0,0.0,500.0,kenyatta_kenya
2022-11-01 12:00:00,1.2959209314024568e-10,0,0.0,500.0,kenyatta_kenya
2022-11-01 13:00:00,1.2430336946482897e-10,0,0.0,500.0,kenyatta_kenya
2022-11-01 14:00:00,1.192304814738062e-10,0,0.0,500.0,kenyatta_kenya
2022-11-01 15:00:00,1.1436462079572117e-10,0,0.0,500.0,kenyatta_kenya
2022-11-01 16:00:00,1.0969733853354015e-10,0,0.0,500.0,kenyatta_kenya
2022-11-01 17:00:00,1.0522053059430395e-10,0,0.0,500.0,kenyatta_kenya
2022-11-01 18:00:00,1.0092642361748576e-10,0,0.0,500.0,kenyatta_kenya
2022-11-01 19:00:00,9.680756147762293e-11,0,0.0,500.0,kenyatta_kenya
2022-11-01 20:00:00,9.285679233778091e-11,0,0.0,500.0,kenyatta_kenya
2022-11-01 21:00:00,8.906725623137194e-11,0,0.0,500.0,kenyatta_kenya
2022-11-01 22:00:00,8.543237315077006e-11,0,0.0,500.0,kenyatta_kenya
2022-11-01 23:00:00,8.194583162203264e-11,0,0.0,500.0,kenyatta_kenya
2022-11-02 00:00:00,7.860157774589424e-11,0,0.0,500.0,kenyatta_kenya
2022-11-02 01:00:00,7.539380468600593e-11,0,0.0,500.0,kenyatta_kenya
2022-11-02 02:00:00,7.231694258616258e-11,0,0.0,500.0,kenyatta_kenya
2022-11-02 03:00:00,6.936564889901393e-11,0,0.0,500.0,kenyatta_kenya
2022-11-02 04:00:00,6.653479910946819e-11,0,0.0,500.0,kenyatta_kenya
2022-11-02 05:00:00,6.381947783667651e-11,0,0.0,500.0,kenyatta_kenya
2022-11-02 06:00:00,6.121497029915035e-11,0,0.0,500.0,kenyatta_kenya
2022-11-02 07:00:00,5.871675412819398e-11,0,0.0,500.0,kenyatta_kenya
2022-11-02 08:00:00,5.6320491515433253e-11,0,0.0,500.0,kenyatta_kenya
2022-11-02 09:00:00,5.402202168080819e-11,0,0.0,500.0,kenyatta_kenya
2022-11-02 10:00:00,5.1817353647952435e-11,0,0.0,500.0,kenyatta_kenya
2022-11-02 11:00:00,4.970265931441183e-11,0,0.0,500.0,kenyatta_kenya
2022-11-02 12:00:00,4.767426680467108e-11,0,0.0,500.0,kenyatta_kenya
2022-11-02 13:00:00,4.5728654094448605e-11,0,0.0,500.0,kenyatta_kenya
2022-11-02 14:00:00,4.386244289518583e-11,0,0.0,500.0,kenyatta_kenya
2022-11-02 15:00:00,4.207239278811382e-11,0,0.0,500.0,kenyatta_kenya
2022-11-02 16:00:00,4.035539559771327e-11,0,0.0,500.0,kenyatta_kenya
2022-11-02 17:00:00,3.870846999479519e-11,0,0.0,500.0,kenyatta_kenya
2022-11-02 18:00:00,3.7128756319832917e-11,0,0.0,500.0,kenyatta_kenya
2022-11-02 19:00:00,3.561351161755798e-11,0,0.0,500.0,kenyatta_kenya
2022-11-02 20:00:00,3.41601048741955e-11,0,0.0,500.0,kenyatta_kenya
2022-11-02 21:00:00,3.276601244907077e-11,0,0.0,500.0,kenyatta_kenya
2022-11-02 22:00:00,3.1428813692655417e-11,0,0.0,500.0,kenyatta_kenya
2022-11-02 23:00:00,3.0146186743442466e-11,0,0.0,500.0,kenyatta_kenya
2022-11-03 00:00:00,2.891590449635325e-11,0,0.0,500.0,kenyatta_kenya
2022-11-03 01:00:00,2.773583073567673e-11,0,0.0,500.0,kenyatta_kenya
2022-11-03 02:00:00,2.6603916425824775e-11,0,0.0,500.0,kenyatta_kenya
2022-11-03 03:00:00,2.551819615346372e-11,0,0.0,500.0,kenyatta_kenya
2022-11-03 04:00:00,2.4476784714845337e-11,0,0.0,500.0,kenyatta_kenya
2022-11-03 05:00:00,2.3477873842409805e-11,0,0.0,500.0,kenyatta_kenya
2022-11-03 06:00:00,2.2519729064977866e-11,0,0.0,500.0,kenyatta_kenya
2022-11-03 07:00:00,2.1600686696080977e-11,0,0.0,500.0,kenyatta_kenya
2022-11-03 08:00:00,2.0719150945198546e-11,0,0.0,500.0,kenyatta_kenya
2022-11-03 09:00:00,1.9873591146887253e-11,0,0.0,500.0,kenyatta_kenya
2022-11-03 10:00:00,1.906253910299174e-11,0,0.0,500.0,kenyatta_kenya
2022-11-03 11:00:00,1.8284586533320404e-11,0,0.0,500.0,kenyatta_kenya
2022-11-03 12:00:00,1.753838263036064e-11,0,0.0,500.0,kenyatta_kenya
2022-11-03 13:00:00,1.6822631713787944e-11,0,0.0,500.0,kenyatta_kenya
2022-11-03 14:00:00,1.6136090980695263e-11,0,0.0,500.0,kenyatta_kenya
2022-11-03 15:00:00,1.5477568347636733e-11,0,0.0,500.0,kenyatta_kenya
2022-11-03 16:00:00,1.4845920380739244e-11,0,0.0,500.0,kenyatta_kenya
2022-11-03 17:00:00,1.4240050310286798e-11,0,0.0,500.0,kenyatta_kenya
2022-11-03 18:00:00,1.3658906126330792e-11,0,0.0,500.0,kenyatta_kenya
2022-11-03 19:00:00,1.3101478752019895e-11,0,0.0,500.0,kenyatta_kenya
2022-11-03 20:00:00,1.2566800291476905e-11,0,0.0,500.0,kenyatta_kenya
2022-11-03 21:00:00,1.2053942349180678e-11,0,0.0,500.0,kenyatta_kenya
2022-11-03 22:00:00,1.156201441793545e-11,0,0.0,500.0,kenyatta_kenya
2022-11-03 23:00:00,1.1090162332627558e-11,0,0.0,500.0,kenyatta_kenya
2022-11-04 00:00:00,1.063756678708523e-11,0,0.0,500.0,kenyatta_kenya
2022-11-04 01:00:00,1.0203441911466469e-11,0,0.0,500.0,kenyatta_kenya
2022-11-04 02:00:00,9.787033907704172e-12,0,0.0,500.0,kenyatta_kenya
2022-11-04 03:00:00,9.387619740639482e-12,0,0.0,500.0,kenyatta_kenya
2022-11-04 04:00:00,9.004505882571002e-12,0,0.0,500.0,kenyatta_kenya
2022-11-04 05:00:00,8.637027109039342e-12,0,0.0,500.0,kenyatta_kenya
2022-11-04 06:00:00,8.284545343756343e-12,0,0.0,500.0,kenyatta_kenya
2022-11-04 07:00:00,7.946448550673678e-12,0,0.0,500.0,kenyatta_kenya
2022-11-04 08:00:00,7.622149671266402e-12,0,0.0,500.0,kenyatta_kenya
2022-11-04 09:00:00,7.311085605186607e-12,0,0.0,500.0,kenyatta_kenya
2022-11-04 10:00:00,7.012716232517368e-12,0,0.0,500.0,kenyatta_kenya
2022-11-04 11:00:00,6.7265234759287924e-12,0,0.0,500.0,kenyatta_kenya
2022-11-04 12:00:00,6.452010401108003e-12,0,0.0,500.0,kenyatta_kenya
2022-11-04 13:00:00,6.188700353901291e-12,0,0.0,500.0,kenyatta_kenya
2022-11-04 14:00:00,5.936136132669724e-12,0,0.0,500.0,kenyatta_kenya
2022-11-04 15:00:00,5.693879194421406e-12,0,0.0,500.0,kenyatta_kenya
2022-11-04 16:00:00,5.461508893342078e-12,0,0.0,500.0,kenyatta_kenya
2022-11-04 17:00:00,5.238621750401531e-12,0,0.0,500.0,kenyatta_kenya
2022-11-04 18:00:00,5.024830752767761e-12,0,0.0,500.0,kenyatta_kenya
2022-11-04 19:00:00,4.819764681812606e-12,0,0.0,500.0,kenyatta_kenya
2022-11-04 20:00:00,4.623067468541642e-12,0,0.0,500.0,kenyatta_kenya
2022-11-04 21:00:00,4.43439757532937e-12,0,0.0,500.0,kenyatta_kenya
2022-11-04 22:00:00,4.253427402886252e-12,0,0.0,500.0,kenyatta_kenya
2022-11-04 23:00:00,4.079842721427606e-12,0,0.0,500.0,kenyatta_kenya
2022-11-05 00:00:00,3.913342125056809e-12,0,0.0,500.0,kenyatta_kenya
2022-11-05 01:00:00,3.7536365084155576e-12,0,0.0,500.0,kenyatta_kenya
2022-11-05 02:00:00,3.600448564692168e-12,0,0.0,500.0,kenyatta_kenya
2022-11-05 03:00:00,3.4535123041164522e-12,0,0.0,500.0,kenyatta_kenya
2022-11-05 04:00:00,3.3125725921051857e-12,0,0.0,500.0,kenyatta_kenya
2022-11-05 05:00:00,3.177384706255991e-12,0,0.0,500.0,kenyatta_kenya
2022-11-05 06:00:00,3.047713911420559e-12,0,0.0,500.0,kenyatta_kenya
2022-11-05 07:00:00,2.9233350521194503e-12,0,0.0,500.0,kenyatta_kenya
2022-11-05 08:00:00,2.804032161590576e-12,0,0.0,500.0,kenyatta_kenya
2022-11-05 09:00:00,2.6895980867926256e-12,0,0.0,500.0,kenyatta_kenya
2022-11-05 10:00:00,2.579834128712392e-12,0,0.0,500.0,kenyatta_kenya
2022-11-05 11:00:00,2.474549697351271e-12,0,0.0,500.0,kenyatta_kenya
2022-11-05 12:00:00,2.3735619807919455e-12,0,0.0,500.0,kenyatta_kenya
2022-11-05 13:00:00,2.2766956277707142e-12,0,0.0,500.0,kenyatta_kenya
2022-11-05 14:00:00,2.1837824432041446e-12,0,0.0,500.0,kenyatta_kenya
2022-11-05 15:00:00,2.0946610961414493e-12,0,0.0,500.0,kenyatta_kenya
2022-11-05 16:00:00,2.009176839635546e-12,0,0.0,500.0,kenyatta_kenya
2022-11-05 17:00:00,1.927181242046278e-12,0,0.0,500.0,kenyatta_kenya
2022-11-05 18:00:00,1.8485319293092817e-12,0,0.0,500.0,kenyatta_kenya
2022-11-05 19:00:00,1.7730923377230762e-12,0,0.0,500.0,kenyatta_kenya
2022-11-05 20:00:00,1.7007314768249739e-12,0,0.0,500.0,kenyatta_kenya
2022-11-05 21:00:00,1.6313237019441675e-12,0,0.0,500.0,kenyatta_kenya
2022-11-05 22:00:00,1.564748496037094e-12,0,0.0,500.0,kenyatta_kenya
2022-11-05 23:00:00,1.500890260426164e-12,0,0.0,500.0,kenyatta_kenya
2022-11-06 00:00:00,1.4396381140785636e-12,0,0.0,500.0,kenyatta_kenya
2022-11-06 01:00:00,1.3808857010766393e-12,0,0.0,500.0,kenyatta_kenya
2022-11-06 02:00:00,1.3245310059454768e-12,0,0.0,500.0,kenyatta_kenya
2022-11-06 03:00:00,1.2704761765170608e-12,0,0.0,500.0,kenyatta_kenya
2022-11-06 04:00:00,1.2186273540234918e-12,0,0.0,500.0,kenyatta_kenya
2022-11-06 05:00:00,1.1688945101241412e-12,0,0.0,500.0,kenyatta_kenya
2022-11-06 06:00:00,1.1211912905838258e-12,0,0.0,500.0,kenyatta_kenya
2022-11-06 07:00:00,1.0754348653305926e-12,0,0.0,500.0,kenyatta_kenya
2022-11-06 08:00:00,1.0315457846326927e-12,0,0.0,500.0,kenyatta_kenya
2022-11-06 09:00:00,9.894478411450513e-13,0,0.0,500.0,kenyatta_kenya
2022-11-06 10:00:00,9.490679375857297e-13,0,0.0,500.0,kenyatta_kenya
2022-11-06 11:00:00,9.103359598125474e-13,0,0.0,500.0,kenyatta_kenya
2022-11-06 12:00:00,8.731846550795227e-13,0,0.0,500.0,kenyatta_kenya
2022-11-06 13:00:00,8.375495152617565e-13,0,0.0,500.0,kenyatta_kenya
2022-11-06 14:00:00,8.033686648459477e-13,0,0.0,500.0,kenyatta_kenya
2022-11-06 15:00:00,7.705827534920771e-13,0,0.0,500.0,kenyatta_kenya
2022-11-06 16:00:00,7.391348529797292e-13,0,0.0,500.0,kenyatta_kenya
2022-11-06 17:00:00,7.08970358360071e-13,0,0.0,500.0,kenyatta_kenya
2022-11-06 18:00:00,6.800368931418669e-13,0,0.0,500.0,kenyatta_kenya
2022-11-06 19:00:00,6.522842183469315e-13,0,0.0,500.0,kenyatta_kenya
2022-11-06 20:00:00,6.256641452770531e-13,0,0.0,500.0,kenyatta_kenya
2022-11-06 21:00:00,6.00130451840949e-13,0,0.0,500.0,kenyatta_kenya
2022-11-06 22:00:00,5.756388022959809e-13,0,0.0,500.0,kenyatta_kenya
2022-11-06 23:00:00,5.521466702652378e-13,0,0.0,500.0,kenyatta_kenya
2022-11-07 00:00:00,5.296132648963311e-13,0,0.0,500.0,kenyatta_kenya
2022-11-07 01:00:00,5.079994600337094e-13,0,0.0,500.0,kenyatta_kenya
2022-11-07 02:00:00,4.872677262814703e-13,0,0.0,500.0,kenyatta_kenya
2022-11-07 03:00:00,4.67382065838727e-13,0,0.0,500.0,kenyatta_kenya
2022-11-07 04:00:00,4.4830794999439564e-13,0,0.0,500.0,kenyatta_kenya
2022-11-07 05:00:00,4.3001225917283597e-13,0,0.0,500.0,kenyatta_kenya
2022-11-07 06:00:00,4.124632254262661e-13,0,0.0,500.0,kenyatta_kenya
2022-11-07 07:00:00,3.9563037727410375e-13,0,0.0,500.0,kenyatta_kenya
2022-11-07 08:00:00,3.79484486793432e-13,0,0.0,500.0,kenyatta_kenya
2022-11-07 09:00:00,3.639975188687315e-13,0,0.0,500.0,kenyatta_kenya
2022-11-07 10:00:00,3.491425825127714e-13,0,0.0,500.0,kenyatta_kenya
2022-11-07 11:00:00,3.3489388417410853e-13,0,0.0,500.0,kenyatta_kenya
2022-11-07 12:00:00,3.212266829501334e-13,0,0.0,500.0,kenyatta_kenya
2022-11-07 13:00:00,3.0811724762790736e-13,0,0.0,500.0,kenyatta_kenya
2022-11-07 14:00:00,2.9554281547817507e-13,0,0.0,500.0,kenyatta_kenya
2022-11-07 15:00:00,2.8348155273101657e-13,0,0.0,500.0,kenyatta_kenya
2022-11-07 16:00:00,2.71912516664519e-13,0,0.0,500.0,kenyatta_kenya
2022-11-07 17:00:00,2.6081561924062013e-13,0,0.0,500.0,kenyatta_kenya
2022-11-07 18:00:00,2.5017159222499373e-13,0,0.0,500.0,kenyatta_kenya
2022-11-07 19:00:00,2.3996195373042016e-13,0,0.0,500.0,kenyatta_kenya
2022-11-07 20:00:00,2.3016897612553046e-13,0,0.0,500.0,kenyatta_kenya
2022-11-07 21:00:00,2.2077565525321347e-13,0,0.0,500.0,kenyatta_kenya
2022-11-07 22:00:00,2.1176568090524385e-13,0,0.0,500.0,kenyatta_kenya
2022-11-07 23:00:00,2.0312340850184828e-13,0,0.0,500.0,kenyatta_kenya
2022-11-08 00:00:00,1.9483383192704534e-13,0,0.0,500.0,kenyatta_kenya
2022-11-08 01:00:00,1.8688255747259548e-13,0,0.0,500.0,kenyatta_kenya
2022-11-08 02:00:00,1.7925577884530662e-13,0,0.0,500.0,kenyatta_kenya
2022-11-08 03:00:00,1.7194025319430515e-13,0,0.0,500.0,kenyatta_kenya
2022-11-08 04:00:00,1.6492327811665316e-13,0,0.0,500.0,kenyatta_kenya
2022-11-08 05:00:00,1.581926696013723e-13,0,0.0,500.0,kenyatta_kenya
2022-11-08 06:00:00,1.517367408735854e-13,0,0.0,500.0,kenyatta_kenya
2022-11-08 07:00:00,1.455442821020442e-13,0,0.0,500.0,kenyatta_kenya
2022-11-08 08:00:00,1.3960454093479934e-13,0,0.0,500.0,kenyatta_kenya
2022-11-08 09:00:00,1.339072038292205e-13,0,0.0,500.0,kenyatta_kenya
2022-11-08 10:00:00,1.2844237814395254e-13,0,0.0,500.0,kenyatta_kenya
2022-11-08 11:00:00,1.2320057496170478e-13,0,0.0,500.0,kenyatta_kenya
2022-11-08 12:00:00,1.1817269261305113e-13,0,0.0,500.0,kenyatta_kenya
2022-11-08 13:00:00,1.1335000087263747e-13,0,0.0,500.0,kenyatta_kenya
2022-11-08 14:00:00,1.0872412580034572e-13,0,0.0,500.0,kenyatta_kenya
2022-11-08 15:00:00,1.0428703520109915e-13,0,0.0,500.0,kenyatta_kenya
2022-11-08 16:00:00,1.0003102467806375e-13,0,0.0,500.0,kenyatta_kenya
2022-11-08 17:00:00,9.594870425502301e-14,0,0.0,500.0,kenyatta_kenya
2022-11-08 18:00:00,9.203298554470067e-14,0,0.0,500.0,kenyatta_kenya
2022-11-08 19:00:00,8.827706944075449e-14,0,0.0,500.0,kenyatta_kenya
2022-11-08 20:00:00,8.467443431206318e-14,0,0.0,500.0,kenyatta_kenya
2022-11-08 21:00:00,8.121882467881119e-14,0,0.0,500.0,kenyatta_kenya
2022-11-08 22:00:00,7.790424035071108e-14,0,0.0,500.0,kenyatta_kenya
2022-11-08 23:00:00,7.472492600849855e-14,0,0.0,500.0,kenyatta_kenya
2022-11-09 00:00:00,7.167536121061215e-14,0,0.0,500.0,kenyatta_kenya
2022-11-09 01:00:00,6.875025080770837e-14,0,0.0,500.0,kenyatta_kenya
2022-11-09 02:00:00,6.594451574836305e-14,0,0.0,500.0,kenyatta_kenya
2022-11-09 03:00:00,6.325328425999728e-14,0,0.0,500.0,kenyatta_kenya
2022-11-09 04:00:00,6.067188338971673e-14,0,0.0,500.0,kenyatta_kenya
2022-11-09 05:00:00,5.819583089037146e-14,0,0.0,500.0,kenyatta_kenya
2022-11-09 06:00:00,5.5820827437750546e-14,0,0.0,500.0,kenyatta_kenya
2022-11-09 07:00:00,5.354274916539877e-14,0,0.0,500.0,kenyatta_kenya
2022-11-09 08:00:00,5.1357640504089727e-14,0,0.0,500.0,kenyatta_kenya
2022-11-09 09:00:00,4.9261707313524056e-14,0,0.0,500.0,kenyatta_kenya
2022-11-09 10:00:00,4.7251310294328344e-14,0,0.0,500.0,kenyatta_kenya
2022-11-09 11:00:00,4.5322958668912346e-14,0,0.0,500.0,kenyatta_kenya
2022-11-09 12:00:00,4.347330412021389e-14,0,0.0,500.0,kenyatta_kenya
2022-11-09 13:00:00,4.1699134977808377e-14,0,0.0,500.0,kenyatta_kenya
2022-11-09 14:00:00,3.999737064128478e-14,0,0.0,500.0,kenyatta_kenya
2022-11-09 15:00:00,3.836505623120688e-14,0,0.0,500.0,kenyatta_kenya
2022-11-09 16:00:00,3.679935745837285e-14,0,0.0,500.0,kenyatta_kenya
2022-11-09 17:00:00,3.5297555702461846e-14,0,0.0,500.0,kenyatta_kenya
2022-11-09 18:00:00,3.3857043291523904e-14,0,0.0,500.0,kenyatta_kenya
2022-11-09 19:00:00,3.2475318974117374e-14,0,0.0,500.0,kenyatta_kenya
2022-11-09 20:00:00,3.1149983576229805e-14,0,0.0,500.0,kenyatta_kenya
2022-11-09 21:00:00,2.987873583544241e-14,0,0.0,500.0,kenyatta_kenya
2022-11-09 22:00:00,2.865936840510532e-14,0,0.0,500.0,kenyatta_kenya
2022-11-09 23:00:00,2.748976402158382e-14,0,0.0,500.0,kenyatta_kenya
2022-11-10 00:00:00,2.636789182792128e-14,0,0.0,500.0,kenyatta_kenya
2022-11-10 01:00:00,2.5291803847536255e-14,0,0.0,500.0,kenyatta_kenya
2022-11-10 02:00:00,2.4259631601829178e-14,0,0.0,500.0,kenyatta_kenya
2022-11-10 03:00:00,2.326958286582619e-14,0,0.0,500.0,kenyatta_kenya
2022-11-10 04:00:00,2.2319938556227902e-14,0,0.0,500.0,kenyatta_kenya
2022-11-10 05:00:00,2.1409049746457613e-14,0,0.0,500.0,kenyatta_kenya
2022-11-10 06:00:00,2.0535334803527187e-14,0,0.0,500.0,kenyatta_kenya
2022-11-10 07:00:00,1.9697276641749607e-14,0,0.0,500.0,kenyatta_kenya
2022-11-10 08:00:00,1.889342008852836e-14,0,0.0,500.0,kenyatta_kenya
2022-11-10 09:00:00,1.812236935765038e-14,0,0.0,500.0,kenyatta_kenya
2022-11-10 10:00:00,1.738278562569593e-14,0,0.0,500.0,kenyatta_kenya
2022-11-10 11:00:00,1.6673384707355853e-14,0,0.0,500.0,kenyatta_kenya
2022-11-10 12:00:00,1.5992934825620443e-14,0,0.0,500.0,kenyatta_kenya
2022-11-10 13:00:00,1.5340254472968686e-14,0,0.0,500.0,kenyatta_kenya
2022-11-10 14:00:00,1.47142103598429e-14,0,0.0,500.0,kenyatta_kenya
2022-11-10 15:00:00,1.4113715446847348e-14,0,0.0,500.0,kenyatta_kenya
2022-11-10 16:00:00,1.3537727057254351e-14,0,0.0,500.0,kenyatta_kenya
2022-11-10 17:00:00,1.2985245066539522e-14,0,0.0,500.0,kenyatta_kenya
2022-11-10 18:00:00,1.2455310165803145e-14,0,0.0,500.0,kenyatta_kenya
2022-11-10 19:00:00,1.1947002196062637e-14,0,0.0,500.0,kenyatta_kenya
2022-11-10 20:00:00,1.1459438550523028e-14,0,0.0,500.0,kenyatta_kenya
2022-11-10 21:00:00,1.09917726420517e-14,0,0.0,500.0,kenyatta_kenya
2022-11-10 22:00:00,1.0543192433196636e-14,0,0.0,500.0,kenyatta_kenya
2022-11-10 23:00:00,1.0112919026195078e-14,0,0.0,500.0,kenyatta_kenya
2022-11-11 00:00:00,9.70020531052472e-15,0,0.0,500.0,kenyatta_kenya
2022-11-11 01:00:00,9.304334665649373e-15,0,0.0,500.0,kenyatta_kenya
2022-11-11 02:00:00,8.924619716705978e-15,0,0.0,500.0,kenyatta_kenya
2022-11-11 03:00:00,8.560401140972709e-15,0,0.0,500.0,kenyatta_kenya
2022-11-11 04:00:00,8.21104652304605e-15,0,0.0,500.0,kenyatta_kenya
2022-11-11 05:00:00,7.875949256738435e-15,0,0.0,500.0,kenyatta_kenya
2022-11-11 06:00:00,7.554527491790052e-15,0,0.0,500.0,kenyatta_kenya
2022-11-11 07:00:00,7.24622312356615e-15,0,0.0,500.0,kenyatta_kenya
2022-11-11 08:00:00,6.9505008239851165e-15,0,0.0,500.0,kenyatta_kenya
2022-11-11 09:00:00,6.666847111994893e-15,0,0.0,500.0,kenyatta_kenya
2022-11-11 10:00:00,6.394769461983999e-15,0,0.0,500.0,kenyatta_kenya
2022-11-11 11:00:00,6.133795448578543e-15,0,0.0,500.0,kenyatta_kenya
2022-11-11 12:00:00,5.883471926340548e-15,0,0.0,500.0,kenyatta_kenya
2022-11-11 13:00:00,5.64336424294346e-15,0,0.0,500.0,kenyatta_kenya
2022-11-11 14:00:00,5.413055484458034e-15,0,0.0,500.0,kenyatta_kenya
2022-11-11 15:00:00,5.192145751438957e-15,0,0.0,500.0,kenyatta_kenya
2022-11-11 16:00:00,4.980251464554263e-15,0,0.0,500.0,kenyatta_kenya
2022-11-11 17:00:00,4.777004698552771e-15,0,0.0,500.0,kenyatta_kenya
2022-11-11 18:00:00,4.582052543412646e-15,0,0.0,500.0,kenyatta_kenya
2022-11-11 19:00:00,4.395056491561531e-15,0,0.0,500.0,kenyatta_kenya
2022-11-11 20:00:00,4.215691850104879e-15,0,0.0,500.0,kenyatta_kenya
2022-11-11 21:00:00,4.043647177041527e-15,0,0.0,500.0,kenyatta_kenya
2022-11-11 22:00:00,3.878623740487371e-15,0,0.0,500.0,kenyatta_kenya
2022-11-11 23:00:00,3.7203349999686784e-15,0,0.0,500.0,kenyatta_kenya
2022-11-12 00:00:00,3.56850610888409e-15,0,0.0,500.0,kenyatta_kenya
2022-11-12 01:00:00,3.4228734372711827e-15,0,0.0,500.0,kenyatta_kenya
2022-11-12 02:00:00,3.28318411404942e-15,0,0.0,500.0,kenyatta_kenya
2022-11-12 03:00:00,3.149195587944417e-15,0,0.0,500.0,kenyatta_kenya
2022-11-12 04:00:00,3.020675206330906e-15,0,0.0,500.0,kenyatta_kenya
2022-11-12 05:00:00,2.897399811263562e-15,0,0.0,500.0,kenyatta_kenya
2022-11-12 06:00:00,2.779155351994022e-15,0,0.0,500.0,kenyatta_kenya
2022-11-12 07:00:00,2.665736513301108e-15,0,0.0,500.0,kenyatta_kenya
2022-11-12 08:00:00,2.5569463589892847e-15,0,0.0,500.0,kenyatta_kenya
2022-11-12 09:00:00,2.4525959899361247e-15,0,0.0,500.0,kenyatta_kenya
2022-11-12 10:00:00,2.352504216094887e-15,0,0.0,500.0,kenyatta_kenya
2022-11-12 11:00:00,2.2564972418830027e-15,0,0.0,500.0,kenyatta_kenya
2022-11-12 12:00:00,2.16440836441003e-15,0,0.0,500.0,kenyatta_kenya
2022-11-12 13:00:00,2.0760776840209396e-15,0,0.0,500.0,kenyatta_kenya
2022-11-12 14:00:00,1.991351826652432e-15,0,0.0,500.0,kenyatta_kenya
2022-11-12 15:00:00,1.9100836775200416e-15,0,0.0,500.0,kenyatta_kenya
2022-11-12 16:00:00,1.83213212567348e-15,0,0.0,500.0,kenyatta_kenya
2022-11-12 17:00:00,1.7573618189769477e-15,0,0.0,500.0,kenyatta_kenya
2022-11-12 18:00:00,1.68564292908883e-15,0,0.0,500.0,kenyatta_kenya
2022-11-12 19:00:00,1.6168509260325764e-15,0,0.0,500.0,kenyatta_kenya
2022-11-12 20:00:00,1.5508663619675867e-15,0,0.0,500.0,kenyatta_kenya
2022-11-12 21:00:00,1.4875746637845172e-15,0,0.0,500.0,kenyatta_kenya
2022-11-12 22:00:00,1.4268659341647833e-15,0,0.0,500.0,kenyatta_kenya
2022-11-12 23:00:00,1.3686347607590353e-15,0,0.0,500.0,kenyatta_kenya
2022-11-13 00:00:00,1.3127800331531575e-15,0,0.0,500.0,kenyatta_kenya
2022-11-13 01:00:00,1.2592047673038964e-15,0,0.0,500.0,kenyatta_kenya
2022-11-13 02:00:00,1.2078159371394573e-15,0,0.0,500.0,kenyatta_kenya
2022-11-13 03:00:00,1.158524313032564e-15,0,0.0,500.0,kenyatta_kenya
2022-11-13 04:00:00,1.111244306865445e-15,0,0.0,500.0,kenyatta_kenya
2022-11-13 05:00:00,1.0658938234178816e-15,0,0.0,500.0,kenyatta_kenya
2022-11-13 06:00:00,1.022394117820184e-15,0,0.0,500.0,kenyatta_kenya
2022-11-13 07:00:00,9.806696588235207e-16,0,0.0,500.0,kenyatta_kenya
2022-11-13 08:00:00,9.406479976503322e-16,0,0.0,500.0,kenyatta_kenya
2022-11-13 09:00:00,9.022596421970222e-16,0,0.0,500.0,kenyatta_kenya
2022-11-13 10:00:00,8.654379363704491e-16,0,0.0,500.0,kenyatta_kenya
2022-11-13 11:00:00,8.301189443488199e-16,0,0.0,500.0,kenyatta_kenya
2022-11-13 12:00:00,7.962413395659573e-16,0,0.0,500.0,kenyatta_kenya
2022-11-13 13:00:00,7.637462982261254e-16,0,0.0,500.0,kenyatta_kenya
2022-11-13 14:00:00,7.325773971646277e-16,0,0.0,500.0,kenyatta_kenya
2022-11-13 15:00:00,7.026805158767665e-16,0,0.0,500.0,kenyatta_kenya
2022-11-13 16:00:00,6.740037425450063e-16,0,0.0,500.0,kenyatta_kenya
2022-11-13 17:00:00,6.464972839012689e-16,0,0.0,500.0,kenyatta_kenya
2022-11-13 18:00:00,6.20113378767792e-16,0,0.0,500.0,kenyatta_kenya
2022-11-13 19:00:00,5.948062151263933e-16,0,0.0,500.0,kenyatta_kenya
2022-11-13 20:00:00,5.705318505722237e-16,0,0.0,500.0,kenyatta_kenya
2022-11-13 21:00:00,5.472481360138444e-16,0,0.0,500.0,kenyatta_kenya
2022-11-13 22:00:00,5.249146424871086e-16,0,0.0,500.0,kenyatta_kenya
2022-11-13 23:00:00,5.034925909558445e-16,0,0.0,500.0,kenyatta_kenya
2022-11-14 00:00:00,4.829447849774111e-16,0,0.0,500.0,kenyatta_kenya
2022-11-14 01:00:00,4.632355461161735e-16,0,0.0,500.0,kenyatta_kenya
2022-11-14 02:00:00,4.443306519928256e-16,0,0.0,500.0,kenyatta_kenya
2022-11-14 03:00:00,4.261972768619487e-16,0,0.0,500.0,kenyatta_kenya
2022-11-14 04:00:00,4.088039346146066e-16,0,0.0,500.0,kenyatta_kenya
2022-11-14 05:00:00,3.921204241070623e-16,0,0.0,500.0,kenyatta_kenya
2022-11-14 06:00:00,3.7611777672065906e-16,0,0.0,500.0,kenyatta_kenya
2022-11-14 07:00:00,3.6076820606178584e-16,0,0.0,500.0,kenyatta_kenya
2022-11-14 08:00:00,3.460450597146404e-16,0,0.0,500.0,kenyatta_kenya
2022-11-14 09:00:00,3.3192277296298604e-16,0,0.0,500.0,kenyatta_kenya
2022-11-14 10:00:00,3.183768244005271e-16,0,0.0,500.0,kenyatta_kenya
2022-11-14 11:00:00,3.0538369335287147e-16,0,0.0,500.0,kenyatta_kenya
2022-11-14 12:00:00,2.9292081903712504e-16,0,0.0,500.0,kenyatta_kenya
2022-11-14 13:00:00,2.809665613881847e-16,0,0.0,500.0,kenyatta_kenya
2022-11-14 14:00:00,2.69500163483753e-16,0,0.0,500.0,kenyatta_kenya
2022-11-14 15:00:00,2.5850171550280564e-16,0,0.0,500.0,kenyatta_kenya
2022-11-14 16:00:00,2.4795212015491757e-16,0,0.0,500.0,kenyatta_kenya
2022-11-14 17:00:00,2.378330595204541e-16,0,0.0,500.0,kenyatta_kenya
2022-11-14 18:00:00,2.2812696324403026e-16,0,0.0,500.0,kenyatta_kenya
2022-11-14 19:00:00,2.1881697802599825e-16,0,0.0,500.0,kenyatta_kenya
2022-11-14 20:00:00,2.0988693835901848e-16,0,0.0,500.0,kenyatta_kenya
2022-11-14 21:00:00,2.0132133845888658e-16,0,0.0,500.0,kenyatta_kenya
2022-11-14 22:00:00,1.931053053408649e-16,0,0.0,500.0,kenyatta_kenya
2022-11-14 23:00:00,1.852245729947977e-16,0,0.0,500.0,kenyatta_kenya
2022-11-15 00:00:00,1.7766545761415235e-16,0,0.0,500.0,kenyatta_kenya
2022-11-15 01:00:00,1.704148338359658e-16,0,0.0,500.0,kenyatta_kenya
2022-11-15 02:00:00,1.6346011195046327e-16,0,0.0,500.0,kenyatta_kenya
2022-11-15 03:00:00,1.5678921604076418e-16,0,0.0,500.0,kenyatta_kenya
2022-11-15 04:00:00,1.5039056301470833e-16,0,0.0,500.0,kenyatta_kenya
2022-11-15 05:00:00,1.4425304249241503e-16,0,0.0,500.0,kenyatta_kenya
2022-11-15 06:00:00,1.3836599751464136e-16,0,0.0,500.0,kenyatta_kenya
2022-11-15 07:00:00,1.327192060384335e-16,0,0.0,500.0,kenyatta_kenya
2022-11-15 08:00:00,1.2730286318796032e-16,0,0.0,500.0,kenyatta_kenya
2022-11-15 09:00:00,1.2210756422969882e-16,0,0.0,500.0,kenyatta_kenya
2022-11-15 10:00:00,1.171242882424043e-16,0,0.0,500.0,kenyatta_kenya
2022-11-15 11:00:00,1.1234438245352548e-16,0,0.0,500.0,kenyatta_kenya
2022-11-15 12:00:00,1.0775954721485874e-16,0,0.0,500.0,kenyatta_kenya
2022-11-15 13:00:00,1.0336182159134714e-16,0,0.0,500.0,kenyatta_kenya
2022-11-15 14:00:00,9.914356953801539e-17,0,0.0,500.0,kenyatta_kenya
2022-11-15 15:00:00,9.509746664103132e-17,0,0.0,500.0,kenyatta_kenya
2022-11-15 16:00:00,9.121648739986541e-17,0,0.0,500.0,kenyatta_kenya
2022-11-15 17:00:00,8.749389302847904e-17,0,0.0,500.0,kenyatta_kenya
2022-11-15 18:00:00,8.392321975435201e-17,0,0.0,500.0,kenyatta_kenya
2022-11-15 19:00:00,8.049826759502801e-17,0,0.0,500.0,kenyatta_kenya
2022-11-15 20:00:00,7.721308959270067e-17,0,0.0,500.0,kenyatta_kenya
2022-11-15 21:00:00,7.406198148814197e-17,0,0.0,500.0,kenyatta_kenya
2022-11-15 22:00:00,7.103947181603813e-17,0,0.0,500.0,kenyatta_kenya
2022-11-15 23:00:00,6.814031240454521e-17,0,0.0,500.0,kenyatta_kenya
2022-11-16 00:00:00,6.535946926256294e-17,0,0.0,500.0,kenyatta_kenya
2022-11-16 01:00:00,6.269211383889929e-17,0,0.0,500.0,kenyatta_kenya
2022-11-16 02:00:00,6.013361463815783e-17,0,0.0,500.0,kenyatta_kenya
2022-11-16 03:00:00,5.767952917878488e-17,0,0.0,500.0,kenyatta_kenya
2022-11-16 04:00:00,5.5325596279309494e-17,0,0.0,500.0,kenyatta_kenya
2022-11-16 05:00:00,5.3067728659389964e-17,0,0.0,500.0,kenyatta_kenya
2022-11-16 06:00:00,5.090200584281543e-17,0,0.0,500.0,kenyatta_kenya
2022-11-16 07:00:00,4.8824667350136435e-17,0,0.0,500.0,kenyatta_kenya
2022-11-16 08:00:00,4.683210616911141e-17,0,0.0,500.0,kenyatta_kenya
2022-11-16 09:00:00,4.49208624916276e-17,0,0.0,500.0,kenyatta_kenya
2022-11-16 10:00:00,4.308761770621863e-17,0,0.0,500.0,kenyatta_kenya
2022-11-16 11:00:00,4.1329188635753746e-17,0,0.0,500.0,kenyatta_kenya
2022-11-16 12:00:00,3.964252201028989e-17,0,0.0,500.0,kenyatta_kenya
2022-11-16 13:00:00,3.802468916548711e-17,0,0.0,500.0,kenyatta_kenya
2022-11-16 14:00:00,3.647288095738714e-17,0,0.0,500.0,kenyatta_kenya
2022-11-16 15:00:00,3.498440288472248e-17,0,0.0,500.0,kenyatta_kenya
2022-11-16 16:00:00,3.35566704102844e-17,0,0.0,500.0,kenyatta_kenya
2022-11-16 17:00:00,3.2187204473230824e-17,0,0.0,500.0,kenyatta_kenya
2022-11-16 18:00:00,3.087362718453916e-17,0,0.0,500.0,kenyatta_kenya
2022-11-16 19:00:00,2.961365769812813e-17,0,0.0,500.0,kenyatta_kenya
2022-11-16 20:00:00,2.840510825048323e-17,0,0.0,500.0,kenyatta_kenya
2022-11-16 21:00:00,2.724588036190738e-17,0,0.0,500.0,kenyatta_kenya
2022-11-16 22:00:00,2.6133961192798528e-17,0,0.0,500.0,kenyatta_kenya
2022-11-16 23:00:00,2.5067420048631588e-17,0,0.0,500.0,kenyatta_kenya
2022-11-17 00:00:00,2.4044405027573718e-17,0,0.0,500.0,kenyatta_kenya
2022-11-17 01:00:00,2.306313980491072e-17,0,0.0,500.0,kenyatta_kenya
2022-11-17 02:00:00,2.2121920548704364e-17,0,0.0,500.0,kenyatta_kenya
2022-11-17 03:00:00,2.1219112961323277e-17,0,0.0,500.0,kenyatta_kenya
2022-11-17 04:00:00,2.03531494417092e-17,0,0.0,500.0,kenyatta_kenya
2022-11-17 05:00:00,1.9522526363454113e-17,0,0.0,500.0,kenyatta_kenya
2022-11-17 06:00:00,1.8725801463960438e-17,0,0.0,500.0,kenyatta_kenya
2022-11-17 07:00:00,1.796159134014976e-17,0,0.0,500.0,kenyatta_kenya
2022-11-17 08:00:00,1.722856904637436e-17,0,0.0,500.0,kenyatta_kenya
2022-11-17 09:00:00,1.6525461790359164e-17,0,0.0,500.0,kenyatta_kenya
2022-11-17 10:00:00,1.5851048723172456e-17,0,0.0,500.0,kenyatta_kenya
2022-11-17 11:00:00,1.520415881939021e-17,0,0.0,500.0,kenyatta_kenya
2022-11-17 12:00:00,1.458366884377205e-17,0,0.0,500.0,kenyatta_kenya
2022-11-17 13:00:00,1.3988501400917198e-17,0,0.0,500.0,kenyatta_kenya
2022-11-17 14:00:00,1.3417623064516118e-17,0,0.0,500.0,kenyatta_kenya
2022-11-17 15:00:00,1.2870042582948299e-17,0,0.0,500.0,kenyatta_kenya
2022-11-17 16:00:00,1.2344809158109699e-17,0,0.0,500.0,kenyatta_kenya
2022-11-17 17:00:00,1.1841010794483103e-17,0,0.0,500.0,kenyatta_kenya
2022-11-17 18:00:00,1.1357772715583719e-17,0,0.0,500.0,kenyatta_kenya
2022-11-17 19:00:00,1.0894255845029755e-17,0,0.0,500.0,kenyatta_kenya
2022-11-17 20:00:00,1.0449655349602097e-17,0,0.0,500.0,kenyatta_kenya
2022-11-17 21:00:00,1.0023199241762463e-17,0,0.0,500.0,kenyatta_kenya
2022-11-17 22:00:00,9.614147039202882e-18,0,0.0,500.0,kenyatta_kenya
2022-11-17 23:00:00,9.221788479100398e-18,0,0.0,500.0,kenyatta_kenya
2022-11-18 00:00:00,8.845442284843637e-18,0,0.0,500.0,kenyatta_kenya
2022-11-18 01:00:00,8.484454983089403e-18,0,0.0,500.0,kenyatta_kenya
2022-11-18 02:00:00,8.138199769096409e-18,0,0.0,500.0,kenyatta_kenya
2022-11-18 03:00:00,7.806075418365314e-18,0,0.0,500.0,kenyatta_kenya
2022-11-18 04:00:00,7.487505242694834e-18,0,0.0,500.0,kenyatta_kenya
2022-11-18 05:00:00,7.18193608884225e-18,0,0.0,500.0,kenyatta_kenya
2022-11-18 06:00:00,6.8888373780491415e-18,0,0.0,500.0,kenyatta_kenya
2022-11-18 07:00:00,6.607700184764111e-18,0,0.0,500.0,kenyatta_kenya
2022-11-18 08:00:00,6.33803635296381e-18,0,0.0,500.0,kenyatta_kenya
2022-11-18 09:00:00,6.079377648537353e-18,0,0.0,500.0,kenyatta_kenya
2022-11-18 10:00:00,5.831274946261986e-18,0,0.0,500.0,kenyatta_kenya
2022-11-18 11:00:00,5.5932974499591275e-18,0,0.0,500.0,kenyatta_kenya
2022-11-18 12:00:00,5.365031944476235e-18,0,0.0,500.0,kenyatta_kenya
2022-11-18 13:00:00,5.146082078195356e-18,0,0.0,500.0,kenyatta_kenya
2022-11-18 14:00:00,4.936067674823245e-18,0,0.0,500.0,kenyatta_kenya
2022-11-18 15:00:00,4.734624073267686e-18,0,0.0,500.0,kenyatta_kenya
2022-11-18 16:00:00,4.5414014944535e-18,0,0.0,500.0,kenyatta_kenya
2022-11-18 17:00:00,4.3560644339794596e-18,0,0.0,500.0,kenyatta_kenya
2022-11-18 18:00:00,4.178291079561194e-18,0,0.0,500.0,kenyatta_kenya
2022-11-18 19:00:00,4.007772752248266e-18,0,0.0,500.0,kenyatta_kenya
2022-11-18 20:00:00,3.844213370445792e-18,0,0.0,500.0,kenyatta_kenya
2022-11-18 21:00:00,3.687328935809599e-18,0,0.0,500.0,kenyatta_kenya
2022-11-18 22:00:00,3.536847040122034e-18,0,0.0,500.0,kenyatta_kenya
2022-11-18 23:00:00,3.3925063922926993e-18,0,0.0,500.0,kenyatta_kenya
2022-11-19 00:00:00,3.2540563646625235e-18,0,0.0,500.0,kenyatta_kenya
2022-11-19 01:00:00,3.121256557823189e-18,0,0.0,500.0,kenyatta_kenya
2022-11-19 02:00:00,2.993876383196748e-18,0,0.0,500.0,kenyatta_kenya
2022-11-19 03:00:00,2.8716946626503647e-18,0,0.0,500.0,kenyatta_kenya
2022-11-19 04:00:00,2.7544992444508202e-18,0,0.0,500.0,kenyatta_kenya
2022-11-19 05:00:00,2.642086634892301e-18,0,0.0,500.0,kenyatta_kenya
2022-11-19 06:00:00,2.534261644957662e-18,0,0.0,500.0,kenyatta_kenya
2022-11-19 07:00:00,2.430837051399457e-18,0,0.0,500.0,kenyatta_kenya
2022-11-19 08:00:00,2.3316332716526125e-18,0,0.0,500.0,kenyatta_kenya
2022-11-19 09:00:00,2.2364780520140788e-18,0,0.0,500.0,kenyatta_kenya
2022-11-19 10:00:00,2.1452061685478917e-18,0,0.0,500.0,kenyatta_kenya
2022-11-19 11:00:00,2.0576591401966172e-18,0,0.0,500.0,kenyatta_kenya
2022-11-19 12:00:00,1.9736849536008534e-18,0,0.0,500.0,kenyatta_kenya
2022-11-19 13:00:00,1.8931377991488817e-18,0,0.0,500.0,kenyatta_kenya
2022-11-19 14:00:00,1.8158778177983965e-18,0,0.0,500.0,kenyatta_kenya
2022-11-19 15:00:00,1.7417708582305744e-18,0,0.0,500.0,kenyatta_kenya
2022-11-19 16:00:00,1.670688243914706e-18,0,0.0,500.0,kenyatta_kenya
2022-11-19 17:00:00,1.602506549679159e-18,0,0.0,500.0,kenyatta_kenya
2022-11-19 18:00:00,1.5371073874005943e-18,0,0.0,500.0,kenyatta_kenya
2022-11-19 19:00:00,1.4743772004392252e-18,0,0.0,500.0,kenyatta_kenya
2022-11-19 20:00:00,1.414207066463385e-18,0,0.0,500.0,kenyatta_kenya
2022-11-19 21:00:00,1.3564925083209243e-18,0,0.0,500.0,kenyatta_kenya
2022-11-19 22:00:00,1.3011333126289635e-18,0,0.0,500.0,kenyatta_kenya
2022-11-19 23:00:00,1.2480333557671841e-18,0,0.0,500.0,kenyatta_kenya
2022-11-20 00:00:00,1.197100436972424e-18,0,0.0,500.0,kenyatta_kenya
2022-11-20 01:00:00,1.1482461182446944e-18,0,0.0,500.0,kenyatta_kenya
2022-11-20 02:00:00,1.1013855707867983e-18,0,0.0,500.0,kenyatta_kenya
2022-11-20 03:00:00,1.0564374277108299e-18,0,0.0,500.0,kenyatta_kenya
2022-11-20 04:00:00,1.013323642755728e-18,0,0.0,500.0,kenyatta_kenya
2022-11-20 05:00:00,9.719693547707164e-19,0,0.0,500.0,kenyatta_kenya
2022-11-20 06:00:00,9.32302757729245e-19,0,0.0,500.0,kenyatta_kenya
2022-11-20 07:00:00,8.942549760476691e-19,0,0.0,500.0,kenyatta_kenya
2022-11-20 08:00:00,8.577599449923048e-19,0,0.0,500.0,kenyatta_kenya
2022-11-20 09:00:00,8.227542959671351e-19,0,0.0,500.0,kenyatta_kenya
2022-11-20 10:00:00,7.891772464829295e-19,0,0.0,500.0,kenyatta_kenya
2022-11-20 11:00:00,7.569704946168419e-19,0,0.0,500.0,kenyatta_kenya
2022-11-20 12:00:00,7.260781177791661e-19,0,0.0,500.0,kenyatta_kenya
2022-11-20 13:00:00,6.96446475611425e-19,0,0.0,500.0,kenyatta_kenya
2022-11-20 14:00:00,6.680241168472921e-19,0,0.0,500.0,kenyatta_kenya
2022-11-20 15:00:00,6.407616899745671e-19,0,0.0,500.0,kenyatta_kenya
2022-11-20 16:00:00,6.146118575430406e-19,0,0.0,500.0,kenyatta_kenya
2022-11-20 17:00:00,5.8952921396954515e-19,0,0.0,500.0,kenyatta_kenya
2022-11-20 18:00:00,5.654702066974264e-19,0,0.0,500.0,kenyatta_kenya
2022-11-20 19:00:00,5.423930605734978e-19,0,0.0,500.0,kenyatta_kenya
2022-11-20 20:00:00,5.202577053112548e-19,0,0.0,500.0,kenyatta_kenya
2022-11-20 21:00:00,4.990257059143498e-19,0,0.0,500.0,kenyatta_kenya
2022-11-20 22:00:00,4.786601959394907e-19,0,0.0,500.0,kenyatta_kenya
2022-11-20 23:00:00,4.591258134829515e-19,0,0.0,500.0,kenyatta_kenya
2022-11-21 00:00:00,4.403886397795049e-19,0,0.0,500.0,kenyatta_kenya
2022-11-21 01:00:00,4.2241614030713605e-19,0,0.0,500.0,kenyatta_kenya
2022-11-21 02:00:00,4.051771082953375e-19,0,0.0,500.0,kenyatta_kenya
2022-11-21 03:00:00,3.8864161053885615e-19,0,0.0,500.0,kenyatta_kenya
2022-11-21 04:00:00,3.727809354227874e-19,0,0.0,500.0,kenyatta_kenya
2022-11-21 05:00:00,3.5756754306881846e-19,0,0.0,500.0,kenyatta_kenya
2022-11-21 06:00:00,3.4297501751602917e-19,0,0.0,500.0,kenyatta_kenya
2022-11-21 07:00:00,3.2897802085319795e-19,0,0.0,500.0,kenyatta_kenya
2022-11-21 08:00:00,3.155522492230162e-19,0,0.0,500.0,kenyatta_kenya
2022-11-21 09:00:00,3.026743906217931e-19,0,0.0,500.0,kenyatta_kenya
2022-11-21 10:00:00,2.9032208442135763e-19,0,0.0,500.0,kenyatta_kenya
2022-11-21 11:00:00,2.784738825429141e-19,0,0.0,500.0,kenyatta_kenya
2022-11-21 12:00:00,2.671092122154123e-19,0,0.0,500.0,kenyatta_kenya
2022-11-21 13:00:00,2.562083402537515e-19,0,0.0,500.0,kenyatta_kenya
2022-11-21 14:00:00,2.4575233879482813e-19,0,0.0,500.0,kenyatta_kenya
2022-11-21 15:00:00,2.357230524319128e-19,0,0.0,500.0,kenyatta_kenya
2022-11-21 16:00:00,2.261030666902758e-19,0,0.0,500.0,kenyatta_kenya
2022-11-21 17:00:00,2.168756777893559e-19,0,0.0,500.0,kenyatta_kenya
2022-11-21 18:00:00,2.080248636389492e-19,0,0.0,500.0,kenyatta_kenya
2022-11-21 19:00:00,1.9953525601904668e-19,0,0.0,500.0,kenyatta_kenya
2022-11-21 20:00:00,1.9139211389504132e-19,0,0.0,500.0,kenyatta_kenya
2022-11-21 21:00:00,1.8358129782195552e-19,0,0.0,500.0,kenyatta_kenya
2022-11-21 22:00:00,1.7608924539323291e-19,0,0.0,500.0,kenyatta_kenya
2022-11-21 23:00:00,1.689029476914921e-19,0,0.0,500.0,kenyatta_kenya
2022-11-22 00:00:00,1.6200992670033584e-19,0,0.0,500.0,kenyatta_kenya
2022-11-22 01:00:00,1.5539821363798678e-19,0,0.0,500.0,kenyatta_kenya
2022-11-22 02:00:00,1.490563281751497e-19,0,0.0,500.0,kenyatta_kenya
2022-11-22 03:00:00,1.429732585010037e-19,0,0.0,500.0,kenyatta_kenya
2022-11-22 04:00:00,1.3713844220270255e-19,0,0.0,500.0,kenyatta_kenya
2022-11-22 05:00:00,1.3154174792520349e-19,0,0.0,500.0,kenyatta_kenya
2022-11-22 06:00:00,1.2617345777956335e-19,0,0.0,500.0,kenyatta_kenya
2022-11-22 07:00:00,1.2102425046916157e-19,0,0.0,500.0,kenyatta_kenya
2022-11-22 08:00:00,1.1608518510455572e-19,0,0.0,500.0,kenyatta_kenya
2022-11-22 09:00:00,1.1134768567885288e-19,0,0.0,500.0,kenyatta_kenya
2022-11-22 10:00:00,1.0680352617665735e-19,0,0.0,500.0,kenyatta_kenya
2022-11-22 11:00:00,1.0244481629072984e-19,0,0.0,500.0,kenyatta_kenya
2022-11-22 12:00:00,9.826398772155077e-20,0,0.0,500.0,kenyatta_kenya
2022-11-22 13:00:00,9.425378103601288e-20,0,0.0,500.0,kenyatta_kenya
2022-11-22 14:00:00,9.040723306241698e-20,0,0.0,500.0,kenyatta_kenya
2022-11-22 15:00:00,8.671766479987928e-20,0,0.0,500.0,kenyatta_kenya
2022-11-22 16:00:00,8.317866982116803e-20,0,0.0,500.0,kenyatta_kenya
2022-11-22 17:00:00,7.978410314882661e-20,0,0.0,500.0,kenyatta_kenya
2022-11-22 18:00:00,7.652807058526266e-20,0,0.0,500.0,kenyatta_kenya
2022-11-22 19:00:00,7.340491847828755e-20,0,0.0,500.0,kenyatta_kenya
2022-11-22 20:00:00,7.040922390432935e-20,0,0.0,500.0,kenyatta_kenya
2022-11-22 21:00:00,6.753578525226958e-20,0,0.0,500.0,kenyatta_kenya
2022-11-22 22:00:00,6.477961319156349e-20,0,0.0,500.0,kenyatta_kenya
2022-11-22 23:00:00,6.213592200895591e-20,0,0.0,500.0,kenyatta_kenya
2022-11-23 00:00:00,5.960012129874631e-20,0,0.0,500.0,kenyatta_kenya
2022-11-23 01:00:00,5.716780799218299e-20,0,0.0,500.0,kenyatta_kenya
2022-11-23 02:00:00,5.483475871214158e-20,0,0.0,500.0,kenyatta_kenya
2022-11-23 03:00:00,5.259692243980978e-20,0,0.0,500.0,kenyatta_kenya
2022-11-23 04:00:00,5.045041348065235e-20,0,0.0,500.0,kenyatta_kenya
2022-11-23 05:00:00,4.83915047174386e-20,0,0.0,500.0,kenyatta_kenya
2022-11-23 06:00:00,4.641662113861434e-20,0,0.0,500.0,kenyatta_kenya
2022-11-23 07:00:00,4.4522333630787824e-20,0,0.0,500.0,kenyatta_kenya
2022-11-23 08:00:00,4.27053530245474e-20,0,0.0,500.0,kenyatta_kenya
2022-11-23 09:00:00,4.096252438326981e-20,0,0.0,500.0,kenyatta_kenya
2022-11-23 10:00:00,3.9290821525008217e-20,0,0.0,500.0,kenyatta_kenya
2022-11-23 11:00:00,3.768734176794476e-20,0,0.0,500.0,kenyatta_kenya
2022-11-23 12:00:00,3.614930089028157e-20,0,0.0,500.0,kenyatta_kenya
2022-11-23 13:00:00,3.46740282958239e-20,0,0.0,500.0,kenyatta_kenya
2022-11-23 14:00:00,3.32589623768583e-20,0,0.0,500.0,kenyatta_kenya
2022-11-23 15:00:00,3.190164606627205e-20,0,0.0,500.0,kenyatta_kenya
2022-11-23 16:00:00,3.059972257119521e-20,0,0.0,500.0,kenyatta_kenya
2022-11-23 17:00:00,2.935093128075504e-20,0,0.0,500.0,kenyatta_kenya
2022-11-23 18:00:00,2.8153103840835123e-20,0,0.0,500.0,kenyatta_kenya
2022-11-23 19:00:00,2.7004160389027706e-20,0,0.0,500.0,kenyatta_kenya
2022-11-23 20:00:00,2.5902105943239643e-20,0,0.0,500.0,kenyatta_kenya
2022-11-23 21:00:00,2.4845026937679476e-20,0,0.0,500.0,kenyatta_kenya
2022-11-23 22:00:00,2.383108790021457e-20,0,0.0,500.0,kenyatta_kenya
2022-11-23 23:00:00,2.2858528265327026e-20,0,0.0,500.0,kenyatta_kenya
2022-11-24 00:00:00,2.192565931713297e-20,0,0.0,500.0,kenyatta_kenya
2022-11-24 01:00:00,2.103086125716059e-20,0,0.0,500.0,kenyatta_kenya
2022-11-24 02:00:00,2.017258039179352e-20,0,0.0,500.0,kenyatta_kenya
2022-11-24 03:00:00,1.934932643449492e-20,0,0.0,500.0,kenyatta_kenya
2022-11-24 04:00:00,1.8559669918130592e-20,0,0.0,500.0,kenyatta_kenya
2022-11-24 05:00:00,1.7802239712896528e-20,0,0.0,500.0,kenyatta_kenya
2022-11-24 06:00:00,1.707572064554e-20,0,0.0,500.0,kenyatta_kenya
2022-11-24 07:00:00,1.6378851215742738e-20,0,0.0,500.0,kenyatta_kenya
2022-11-24 08:00:00,1.5710421405699663e-20,0,0.0,500.0,kenyatta_kenya
2022-11-24 09:00:00,1.5069270579088875e-20,0,0.0,500.0,kenyatta_kenya
2022-11-24 10:00:00,1.4454285465786903e-20,0,0.0,500.0,kenyatta_kenya
2022-11-24 11:00:00,1.3864398228828677e-20,0,0.0,500.0,kenyatta_kenya
2022-11-24 12:00:00,1.3298584610255107e-20,0,0.0,500.0,kenyatta_kenya
2022-11-24 13:00:00,1.2755862152630476e-20,0,0.0,500.0,kenyatta_kenya
2022-11-24 14:00:00,1.2235288493140656e-20,0,0.0,500.0,kenyatta_kenya
2022-11-24 15:00:00,1.17359597273093e-20,0,0.0,500.0,kenyatta_kenya
2022-11-24 16:00:00,1.1257008839492464e-20,0,0.0,500.0,kenyatta_kenya
2022-11-24 17:00:00,1.0797604197425573e-20,0,0.0,500.0,kenyatta_kenya
2022-11-24 18:00:00,1.035694810820801e-20,0,0.0,500.0,kenyatta_kenya
2022-11-24 19:00:00,9.934275433219511e-21,0,0.0,500.0,kenyatta_kenya
2022-11-24 20:00:00,9.528852259562493e-21,0,0.0,500.0,kenyatta_kenya
2022-11-24 21:00:00,9.139974625722953e-21,0,0.0,500.0,kenyatta_kenya
2022-11-24 22:00:00,8.766967299238458e-21,0,0.0,500.0,kenyatta_kenya
2022-11-24 23:00:00,8.409182604250123e-21,0,0.0,500.0,kenyatta_kenya
2022-11-25 00:00:00,8.065999296902304e-21,0,0.0,500.0,kenyatta_kenya
2022-11-25 01:00:00,7.736821486638375e-21,0,0.0,500.0,kenyatta_kenya
2022-11-25 02:00:00,7.421077601518996e-21,0,0.0,500.0,kenyatta_kenya
2022-11-25 03:00:00,7.118219395765808e-21,0,0.0,500.0,kenyatta_kenya
2022-11-25 04:00:00,6.827720997808312e-21,0,0.0,500.0,kenyatta_kenya
2022-11-25 05:00:00,6.549077997180431e-21,0,0.0,500.0,kenyatta_kenya
2022-11-25 06:00:00,6.281806568680915e-21,0,0.0,500.0,kenyatta_kenya
2022-11-25 07:00:00,6.025442632277637e-21,0,0.0,500.0,kenyatta_kenya
2022-11-25 08:00:00,5.779541047296657e-21,0,0.0,500.0,kenyatta_kenya
2022-11-25 09:00:00,5.543674839496474e-21,0,0.0,500.0,kenyatta_kenya
2022-11-25 10:00:00,5.317434459686186e-21,0,0.0,500.0,kenyatta_kenya
2022-11-25 11:00:00,5.100427072599828e-21,0,0.0,500.0,kenyatta_kenya
2022-11-25 12:00:00,4.8922758747917915e-21,0,0.0,500.0,kenyatta_kenya
2022-11-25 13:00:00,4.6926194403696504e-21,0,0.0,500.0,kenyatta_kenya
2022-11-25 14:00:00,4.501111093427964e-21,0,0.0,500.0,kenyatta_kenya
2022-11-25 15:00:00,4.317418306093098e-21,0,0.0,500.0,kenyatta_kenya
2022-11-25 16:00:00,4.141222121134474e-21,0,0.0,500.0,kenyatta_kenya
2022-11-25 17:00:00,3.97221659813934e-21,0,0.0,500.0,kenyatta_kenya
2022-11-25 18:00:00,3.8101082822891896e-21,0,0.0,500.0,kenyatta_kenya
2022-11-25 19:00:00,3.6546156948159816e-21,0,0.0,500.0,kenyatta_kenya
2022-11-25 20:00:00,3.505468844253086e-21,0,0.0,500.0,kenyatta_kenya
2022-11-25 21:00:00,3.362408757632123e-21,0,0.0,500.0,kenyatta_kenya
2022-11-25 22:00:00,3.2251870308121527e-21,0,0.0,500.0,kenyatta_kenya
2022-11-25 23:00:00,3.0935653971601493e-21,0,0.0,500.0,kenyatta_kenya
2022-11-26 00:00:00,2.9673153138336664e-21,0,0.0,500.0,kenyatta_kenya
2022-11-26 01:00:00,2.846217564947733e-21,0,0.0,500.0,kenyatta_kenya
2022-11-26 02:00:00,2.730061880936716e-21,0,0.0,500.0,kenyatta_kenya
2022-11-26 03:00:00,2.6186465734500474e-21,0,0.0,500.0,kenyatta_kenya
2022-11-26 04:00:00,2.5117781851482435e-21,0,0.0,500.0,kenyatta_kenya
2022-11-26 05:00:00,2.409271153790926e-21,0,0.0,500.0,kenyatta_kenya
2022-11-26 06:00:00,2.3109474900334307e-21,0,0.0,500.0,kenyatta_kenya
2022-11-26 07:00:00,2.2166364683728816e-21,0,0.0,500.0,kenyatta_kenya
2022-11-26 08:00:00,2.1261743307069063e-21,0,0.0,500.0,kenyatta_kenya
2022-11-26 09:00:00,2.0394040019901476e-21,0,0.0,500.0,kenyatta_kenya
2022-11-26 10:00:00,1.956174817495125e-21,0,0.0,500.0,kenyatta_kenya
2022-11-26 11:00:00,1.87634226120372e-21,0,0.0,500.0,kenyatta_kenya
2022-11-26 12:00:00,1.7997677148749337e-21,0,0.0,500.0,kenyatta_kenya
2022-11-26 13:00:00,1.7263182173534337e-21,0,0.0,500.0,kenyatta_kenya
2022-11-26 14:00:00,1.655866233700859e-21,0,0.0,500.0,kenyatta_kenya
2022-11-26 15:00:00,1.5882894337488844e-21,0,0.0,500.0,kenyatta_kenya
2022-11-26 16:00:00,1.5234704796897654e-21,0,0.0,500.0,kenyatta_kenya
2022-11-26 17:00:00,1.4612968223354278e-21,0,0.0,500.0,kenyatta_kenya
2022-11-26 18:00:00,1.401660505691231e-21,0,0.0,500.0,kenyatta_kenya
2022-11-26 19:00:00,1.3444579795052858e-21,0,0.0,500.0,kenyatta_kenya
2022-11-26 20:00:00,1.289589919467727e-21,0,0.0,500.0,kenyatta_kenya
2022-11-26 21:00:00,1.2369610547476693e-21,0,0.0,500.0,kenyatta_kenya
2022-11-26 22:00:00,1.1864800025685579e-21,0,0.0,500.0,kenyatta_kenya
2022-11-26 23:00:00,1.138059109534587e-21,0,0.0,500.0,kenyatta_kenya
2022-11-27 00:00:00,1.0916142994325922e-21,0,0.0,500.0,kenyatta_kenya
2022-11-27 01:00:00,1.0470649272453151e-21,0,0.0,500.0,kenyatta_kenya
2022-11-27 02:00:00,1.0043336391224557e-21,0,0.0,500.0,kenyatta_kenya
2022-11-27 03:00:00,9.633462380663155e-22,0,0.0,500.0,kenyatta_kenya
2022-11-27 04:00:00,9.240315550989554e-22,0,0.0,500.0,kenyatta_kenya
2022-11-27 05:00:00,8.86321325687082e-22,0,0.0,500.0,kenyatta_kenya
2022-11-27 06:00:00,8.501500712100458e-22,0,0.0,500.0,kenyatta_kenya
2022-11-27 07:00:00,8.154549852652552e-22,0,0.0,500.0,kenyatta_kenya
2022-11-27 08:00:00,7.821758246135222e-22,0,0.0,500.0,kenyatta_kenya
2022-11-27 09:00:00,7.502548045749385e-22,0,0.0,500.0,kenyatta_kenya
2022-11-27 10:00:00,7.196364986937546e-22,0,0.0,500.0,kenyatta_kenya
2022-11-27 11:00:00,6.90267742497985e-22,0,0.0,500.0,kenyatta_kenya
2022-11-27 12:00:00,6.620975411865943e-22,0,0.0,500.0,kenyatta_kenya
2022-11-27 13:00:00,6.350769810840616e-22,0,0.0,500.0,kenyatta_kenya
2022-11-27 14:00:00,6.091591447085329e-22,0,0.0,500.0,kenyatta_kenya
2022-11-27 15:00:00,5.842990293060459e-22,0,0.0,500.0,kenyatta_kenya
2022-11-27 16:00:00,5.6045346870946e-22,0,0.0,500.0,kenyatta_kenya
2022-11-27 17:00:00,5.375810583863616e-22,0,0.0,500.0,kenyatta_kenya
2022-11-27 18:00:00,5.156420835457713e-22,0,0.0,500.0,kenyatta_kenya
2022-11-27 19:00:00,4.94598450178891e-22,0,0.0,500.0,kenyatta_kenya
2022-11-27 20:00:00,4.744136189141127e-22,0,0.0,500.0,kenyatta_kenya
2022-11-27 21:00:00,4.550525415714104e-22,0,0.0,500.0,kenyatta_kenya
2022-11-27 22:00:00,4.364816003060126e-22,0,0.0,500.0,kenyatta_kenya
2022-11-27 23:00:00,4.186685492356531e-22,0,0.0,500.0,kenyatta_kenya
2022-11-28 00:00:00,4.015824584500175e-22,0,0.0,500.0,kenyatta_kenya
2022-11-28 01:00:00,3.851936603052235e-22,0,0.0,500.0,kenyatta_kenya
2022-11-28 02:00:00,3.6947369791004997e-22,0,0.0,500.0,kenyatta_kenya
2022-11-28 03:00:00,3.5439527571444743e-22,0,0.0,500.0,kenyatta_kenya
2022-11-28 04:00:00,3.399322121145826e-22,0,0.0,500.0,kenyatta_kenya
2022-11-28 05:00:00,3.260593939920956e-22,0,0.0,500.0,kenyatta_kenya
2022-11-28 06:00:00,3.1275273310861358e-22,0,0.0,500.0,kenyatta_kenya
2022-11-28 07:00:00,2.9998912427984883e-22,0,0.0,500.0,kenyatta_kenya
2022-11-28 08:00:00,2.8774640525663463e-22,0,0.0,500.0,kenyatta_kenya
2022-11-28 09:00:00,2.760033182432181e-22,0,0.0,500.0,kenyatta_kenya
2022-11-28 10:00:00,2.647394729860318e-22,0,0.0,500.0,kenyatta_kenya
2022-11-28 11:00:00,2.539353113688318e-22,0,0.0,500.0,kenyatta_kenya
2022-11-28 12:00:00,2.4357207345271036e-22,0,0.0,500.0,kenyatta_kenya
2022-11-28 13:00:00,2.336317649020512e-22,0,0.0,500.0,kenyatta_kenya
2022-11-28 14:00:00,2.2409712573984884e-22,0,0.0,500.0,kenyatta_kenya
2022-11-28 15:00:00,2.1495160037812443e-22,0,0.0,500.0,kenyatta_kenya
2022-11-28 16:00:00,2.061793088714326e-22,0,0.0,500.0,kenyatta_kenya
2022-11-28 17:00:00,1.9776501934352725e-22,0,0.0,500.0,kenyatta_kenya
2022-11-28 18:00:00,1.8969412153929654e-22,0,0.0,500.0,kenyatta_kenya
2022-11-28 19:00:00,1.8195260145607186e-22,0,0.0,500.0,kenyatta_kenya
2022-11-28 20:00:00,1.7452701701024535e-22,0,0.0,500.0,kenyatta_kenya
2022-11-28 21:00:00,1.6740447469693497e-22,0,0.0,500.0,kenyatta_kenya
2022-11-28 22:00:00,1.6057260720219275e-22,0,0.0,500.0,kenyatta_kenya
2022-11-28 23:00:00,1.5401955192887055e-22,0,0.0,500.0,kenyatta_kenya
2022-11-29 00:00:00,1.477339303988464e-22,0,0.0,500.0,kenyatta_kenya
2022-11-29 01:00:00,1.41704828495868e-22,0,0.0,500.0,kenyatta_kenya
2022-11-29 02:00:00,1.3592177751469552e-22,0,0.0,500.0,kenyatta_kenya
2022-11-29 03:00:00,1.3037473598363014e-22,0,0.0,500.0,kenyatta_kenya
2022-11-29 04:00:00,1.2505407222888485e-22,0,0.0,500.0,kenyatta_kenya
2022-11-29 05:00:00,1.1995054765051123e-22,0,0.0,500.0,kenyatta_kenya
2022-11-29 06:00:00,1.15055300680838e-22,0,0.0,500.0,kenyatta_kenya
2022-11-29 07:00:00,1.103598313975811e-22,0,0.0,500.0,kenyatta_kenya
2022-11-29 08:00:00,1.0585598676490213e-22,0,0.0,500.0,kenyatta_kenya
2022-11-29 09:00:00,1.0153594647677882e-22,0,0.0,500.0,kenyatta_kenya
2022-11-29 10:00:00,9.739220937812353e-23,0,0.0,500.0,kenyatta_kenya
2022-11-29 11:00:00,9.341758044006204e-23,0,0.0,500.0,kenyatta_kenya
2022-11-29 12:00:00,8.960515826675258e-23,0,0.0,500.0,kenyatta_kenya
2022-11-29 13:00:00,8.59483231120644e-23,0,0.0,500.0,kenyatta_kenya
2022-11-29 14:00:00,8.244072538530206e-23,0,0.0,500.0,kenyatta_kenya
2022-11-29 15:00:00,7.907627462601159e-23,0,0.0,500.0,kenyatta_kenya
2022-11-29 16:00:00,7.584912892873682e-23,0,0.0,500.0,kenyatta_kenya
2022-11-29 17:00:00,7.275368479935628e-23,0,0.0,500.0,kenyatta_kenya
2022-11-29 18:00:00,6.978456742538407e-23,0,0.0,500.0,kenyatta_kenya
2022-11-29 19:00:00,6.693662134334988e-23,0,0.0,500.0,kenyatta_kenya
2022-11-29 20:00:00,6.420490148704789e-23,0,0.0,500.0,kenyatta_kenya
2022-11-29 21:00:00,6.158466460110731e-23,0,0.0,500.0,kenyatta_kenya
2022-11-29 22:00:00,5.907136100498418e-23,0,0.0,500.0,kenyatta_kenya
2022-11-29 23:00:00,5.666062669306884e-23,0,0.0,500.0,kenyatta_kenya
2022-11-30 00:00:00,5.434827575718837e-23,0,0.0,500.0,kenyatta_kenya
2022-11-30 01:00:00,5.2130293118355e-23,0,0.0,500.0,kenyatta_kenya
2022-11-30 02:00:00,5.000282755513529e-23,0,0.0,500.0,kenyatta_kenya
2022-11-30 03:00:00,4.7962185016532185e-23,0,0.0,500.0,kenyatta_kenya
2022-11-30 04:00:00,4.600482220777533e-23,0,0.0,500.0,kenyatta_kenya
2022-11-30 05:00:00,4.412734043787855e-23,0,0.0,500.0,kenyatta_kenya
2022-11-30 06:00:00,4.2326479718278957e-23,0,0.0,500.0,kenyatta_kenya
2022-11-30 07:00:00,4.059911310231674e-23,0,0.0,500.0,kenyatta_kenya
2022-11-30 08:00:00,3.8942241255723784e-23,0,0.0,500.0,kenyatta_kenya
2022-11-30 09:00:00,3.7352987248690875e-23,0,0.0,500.0,kenyatta_kenya
2022-11-30 10:00:00,3.582859156047619e-23,0,0.0,500.0,kenyatta_kenya
2022-11-30 11:00:00,3.436640728787829e-23,0,0.0,500.0,kenyatta_kenya
2022-11-30 12:00:00,3.2963895549251584e-23,0,0.0,500.0,kenyatta_kenya
2022-11-30 13:00:00,3.1618621076088814e-23,0,0.0,500.0,kenyatta_kenya
2022-11-30 14:00:00,3.0328247984513255e-23,0,0.0,500.0,kenyatta_kenya
2022-11-30 15:00:00,2.909053571933665e-23,0,0.0,500.0,kenyatta_kenya
2022-11-30 16:00:00,2.790333516364438e-23,0,0.0,500.0,kenyatta_kenya
2022-11-30 17:00:00,2.676458490715045e-23,0,0.0,500.0,kenyatta_kenya
2022-11-30 18:00:00,2.567230766684113e-23,0,0.0,500.0,kenyatta_kenya
2022-11-30 19:00:00,2.4624606853695996e-23,0,0.0,500.0,kenyatta_kenya
2022-11-30 20:00:00,2.361966327952268e-23,0,0.0,500.0,kenyatta_kenya
2022-11-30 21:00:00,2.2655731998186056e-23,0,0.0,500.0,kenyatta_kenya
2022-11-30 22:00:00,2.173113927575011e-23,0,0.0,500.0,kenyatta_kenya
2022-11-30 23:00:00,2.0844279684269872e-23,0,0.0,500.0,kenyatta_kenya
2022-12-01 00:00:00,1.99936133141859e-23,0,0.0,500.0,kenyatta_kenya
2022-12-01 01:00:00,1.917766310048392e-23,0,0.0,500.0,kenyatta_kenya
2022-12-01 02:00:00,1.8395012257975168e-23,0,0.0,500.0,kenyatta_kenya
2022-12-01 03:00:00,1.7644301821243184e-23,0,0.0,500.0,kenyatta_kenya
2022-12-01 04:00:00,1.692422828498795e-23,0,0.0,500.0,kenyatta_kenya
2022-12-01 05:00:00,1.623354134066875e-23,0,0.0,500.0,kenyatta_kenya
2022-12-01 06:00:00,1.5571041705514848e-23,0,0.0,500.0,kenyatta_kenya
2022-12-01 07:00:00,1.4935579040136464e-23,0,0.0,500.0,kenyatta_kenya
2022-12-01 08:00:00,1.4326049951119153e-23,0,0.0,500.0,kenyatta_kenya
2022-12-01 09:00:00,1.374139607513241e-23,0,0.0,500.0,kenyatta_kenya
2022-12-01 10:00:00,1.3180602241227835e-23,0,0.0,500.0,kenyatta_kenya
2022-12-01 11:00:00,1.2642694708134845e-23,0,0.0,500.0,kenyatta_kenya
2022-12-01 12:00:00,1.2126739473492468e-23,0,0.0,500.0,kenyatta_kenya
2022-12-01 13:00:00,1.1631840652083141e-23,0,0.0,500.0,kenyatta_kenya
2022-12-01 14:00:00,1.115713892025166e-23,0,0.0,500.0,kenyatta_kenya
2022-12-01 15:00:00,1.0701810023807449e-23,0,0.0,500.0,kenyatta_kenya
2022-12-01 16:00:00,1.0265063346820953e-23,0,0.0,500.0,kenyatta_kenya
2022-12-01 17:00:00,9.846140538828126e-24,0,0.0,500.0,kenyatta_kenya
2022-12-01 18:00:00,9.444314198058849e-24,0,0.0,500.0,kenyatta_kenya
2022-12-01 19:00:00,9.05888660840415e-24,0,0.0,500.0,kenyatta_kenya
2022-12-01 20:00:00,8.68918852792844e-24,0,0.0,500.0,kenyatta_kenya
2022-12-01 21:00:00,8.33457802682265e-24,0,0.0,500.0,kenyatta_kenya
2022-12-01 22:00:00,7.994439372781734e-24,0,0.0,500.0,kenyatta_kenya
2022-12-01 23:00:00,7.66818196187045e-24,0,0.0,500.0,kenyatta_kenya
2022-12-02 00:00:00,7.35523929302062e-24,0,0.0,500.0,kenyatta_kenya
2022-12-02 01:00:00,7.055067984380213e-24,0,0.0,500.0,kenyatta_kenya
2022-12-02 02:00:00,6.767146829805738e-24,0,0.0,500.0,kenyatta_kenya
2022-12-02 03:00:00,6.490975893859206e-24,0,0.0,500.0,kenyatta_kenya
2022-12-02 04:00:00,6.226075643739285e-24,0,0.0,500.0,kenyatta_kenya
2022-12-02 05:00:00,5.9719861166387264e-24,0,0.0,500.0,kenyatta_kenya
2022-12-02 06:00:00,5.728266121082024e-24,0,0.0,500.0,kenyatta_kenya
2022-12-02 07:00:00,5.4944924708573094e-24,0,0.0,500.0,kenyatta_kenya
2022-12-02 08:00:00,5.270259250211883e-24,0,0.0,500.0,kenyatta_kenya
2022-12-02 09:00:00,5.0551771090351614e-24,0,0.0,500.0,kenyatta_kenya
2022-12-02 10:00:00,4.8488725868059564e-24,0,0.0,500.0,kenyatta_kenya
2022-12-02 11:00:00,4.650987464129798e-24,0,0.0,500.0,kenyatta_kenya
2022-12-02 12:00:00,4.461178140740079e-24,0,0.0,500.0,kenyatta_kenya
2022-12-02 13:00:00,4.279115038883612e-24,0,0.0,500.0,kenyatta_kenya
2022-12-02 14:00:00,4.104482031054329e-24,0,0.0,500.0,kenyatta_kenya
2022-12-02 15:00:00,3.936975891081224e-24,0,0.0,500.0,kenyatta_kenya
2022-12-02 16:00:00,3.776305767617947e-24,0,0.0,500.0,kenyatta_kenya
2022-12-02 17:00:00,3.622192679119575e-24,0,0.0,500.0,kenyatta_kenya
2022-12-02 18:00:00,3.474369029429408e-24,0,0.0,500.0,kenyatta_kenya
2022-12-02 19:00:00,3.332578143135181e-24,0,0.0,500.0,kenyatta_kenya
2022-12-02 20:00:00,3.1965738198876216e-24,0,0.0,500.0,kenyatta_kenya
2022-12-02 21:00:00,3.0661199069072995e-24,0,0.0,500.0,kenyatta_kenya
2022-12-02 22:00:00,2.9409898889379197e-24,0,0.0,500.0,kenyatta_kenya
2022-12-02 23:00:00,2.8209664949338352e-24,0,0.0,500.0,kenyatta_kenya
2022-12-03 00:00:00,2.7058413207986596e-24,0,0.0,500.0,kenyatta_kenya
2022-12-03 01:00:00,2.5954144675203276e-24,0,0.0,500.0,kenyatta_kenya
2022-12-03 02:00:00,2.4894941940740316e-24,0,0.0,500.0,kenyatta_kenya
2022-12-03 03:00:00,2.3878965844902276e-24,0,0.0,500.0,kenyatta_kenya
2022-12-03 04:00:00,2.290445228509936e-24,0,0.0,500.0,kenyatta_kenya
2022-12-03 05:00:00,2.1969709152726672e-24,0,0.0,500.0,kenyatta_kenya
2022-12-03 06:00:00,2.1073113395049604e-24,0,0.0,500.0,kenyatta_kenya
2022-12-03 07:00:00,2.0213108196996843e-24,0,0.0,500.0,kenyatta_kenya
2022-12-03 08:00:00,1.938820027796572e-24,0,0.0,500.0,kenyatta_kenya
2022-12-03 09:00:00,1.859695729894522e-24,0,0.0,500.0,kenyatta_kenya
2022-12-03 10:00:00,1.7838005375457014e-24,0,0.0,500.0,kenyatta_kenya
2022-12-03 11:00:00,1.711002669199454e-24,0,0.0,500.0,kenyatta_kenya
2022-12-03 12:00:00,1.6411757213817145e-24,0,0.0,500.0,kenyatta_kenya
2022-12-03 13:00:00,1.5741984492128176e-24,0,0.0,500.0,kenyatta_kenya
2022-12-03 14:00:00,1.5099545558824933e-24,0,0.0,500.0,kenyatta_kenya
2022-12-03 15:00:00,1.448332490716402e-24,0,0.0,500.0,kenyatta_kenya
2022-12-03 16:00:00,1.3892252554837852e-24,0,0.0,500.0,kenyatta_kenya
2022-12-03 17:00:00,1.3325302186097985e-24,0,0.0,500.0,kenyatta_kenya
2022-12-03 18:00:00,1.2781489369698571e-24,0,0.0,500.0,kenyatta_kenya
2022-12-03 19:00:00,1.2259869849567335e-24,0,0.0,500.0,kenyatta_kenya
2022-12-03 20:00:00,1.1759537905235212e-24,0,0.0,500.0,kenyatta_kenya
2022-12-03 21:00:00,1.127962477917692e-24,0,0.0,500.0,kenyatta_kenya
2022-12-03 22:00:00,1.0819297168333443e-24,0,0.0,500.0,kenyatta_kenya
2022-12-03 23:00:00,1.0377755777196213e-24,0,0.0,500.0,kenyatta_kenya
2022-12-04 00:00:00,9.954233929940084e-25,0,0.0,500.0,kenyatta_kenya
2022-12-04 01:00:00,9.547996239196549e-25,0,0.0,500.0,kenyatta_kenya
2022-12-04 02:00:00,9.15833732915505e-25,0,0.0,500.0,kenyatta_kenya
2022-12-04 03:00:00,8.784580610774608e-25,0,0.0,500.0,kenyatta_kenya
2022-12-04 04:00:00,8.426077106980318e-25,0,0.0,500.0,kenyatta_kenya
2022-12-04 05:00:00,8.0822043258042085e-25,0,0.0,500.0,kenyatta_kenya
2022-12-04 06:00:00,7.752365179513284e-25,0,0.0,500.0,kenyatta_kenya
2022-12-04 07:00:00,7.4359869478490985e-25,0,0.0,500.0,kenyatta_kenya
2022-12-04 08:00:00,7.132520283578031e-25,0,0.0,500.0,kenyatta_kenya
2022-12-04 09:00:00,6.841438258625145e-25,0,0.0,500.0,kenyatta_kenya
2022-12-04 10:00:00,6.562235449136309e-25,0,0.0,500.0,kenyatta_kenya
2022-12-04 11:00:00,6.294427057879412e-25,0,0.0,500.0,kenyatta_kenya
2022-12-04 12:00:00,6.037548072460439e-25,0,0.0,500.0,kenyatta_kenya
2022-12-04 13:00:00,5.791152457893624e-25,0,0.0,500.0,kenyatta_kenya
2022-12-04 14:00:00,5.55481238212325e-25,0,0.0,500.0,kenyatta_kenya
2022-12-04 15:00:00,5.328117473151932e-25,0,0.0,500.0,kenyatta_kenya
2022-12-04 16:00:00,5.110674106486289e-25,0,0.0,500.0,kenyatta_kenya
2022-12-04 17:00:00,4.9021047216623255e-25,0,0.0,500.0,kenyatta_kenya
2022-12-04 18:00:00,4.70204716666344e-25,0,0.0,500.0,kenyatta_kenya
2022-12-04 19:00:00,4.510154069093446e-25,0,0.0,500.0,kenyatta_kenya
2022-12-04 20:00:00,4.326092233012323e-25,0,0.0,500.0,kenyatta_kenya
2022-12-04 21:00:00,4.149542060387158e-25,0,0.0,500.0,kenyatta_kenya
2022-12-04 22:00:00,3.9801969961542745e-25,0,0.0,500.0,kenyatta_kenya
2022-12-04 23:00:00,3.8177629959286506e-25,0,0.0,500.0,kenyatta_kenya
2022-12-05 00:00:00,3.6619580154361674e-25,0,0.0,500.0,kenyatta_kenya
2022-12-05 01:00:00,3.512511520782659e-25,0,0.0,500.0,kenyatta_kenya
2022-12-05 02:00:00,3.3691640187091194e-25,0,0.0,500.0,kenyatta_kenya
2022-12-05 03:00:00,3.23166660601725e-25,0,0.0,500.0,kenyatta_kenya
2022-12-05 04:00:00,3.0997805373834026e-25,0,0.0,500.0,kenyatta_kenya
2022-12-05 05:00:00,2.973276810810266e-25,0,0.0,500.0,kenyatta_kenya
2022-12-05 06:00:00,2.8519357699962955e-25,0,0.0,500.0,kenyatta_kenya
2022-12-05 07:00:00,2.7355467229328657e-25,0,0.0,500.0,kenyatta_kenya
2022-12-05 08:00:00,2.6239075760666637e-25,0,0.0,500.0,kenyatta_kenya
2022-12-05 09:00:00,2.516824483391944e-25,0,0.0,500.0,kenyatta_kenya
2022-12-05 10:00:00,2.414111509863694e-25,0,0.0,500.0,kenyatta_kenya
2022-12-05 11:00:00,2.3155903085470845e-25,0,0.0,500.0,kenyatta_kenya
2022-12-05 12:00:00,2.2210898109424645e-25,0,0.0,500.0,kenyatta_kenya
2022-12-05 13:00:00,2.1304459299485313e-25,0,0.0,500.0,kenyatta_kenya
2022-12-05 14:00:00,2.0435012749477095e-25,0,0.0,500.0,kenyatta_kenya
2022-12-05 15:00:00,1.9601048785189303e-25,0,0.0,500.0,kenyatta_kenya
2022-12-05 16:00:00,1.8801119343035369e-25,0,0.0,500.0,kenyatta_kenya
2022-12-05 17:00:00,1.8033835455690256e-25,0,0.0,500.0,kenyatta_kenya
2022-12-05 18:00:00,1.7297864840339102e-25,0,0.0,500.0,kenyatta_kenya
2022-12-05 19:00:00,1.6591929585352034e-25,0,0.0,500.0,kenyatta_kenya
2022-12-05 20:00:00,1.5914803931366904e-25,0,0.0,500.0,kenyatta_kenya
2022-12-05 21:00:00,1.5265312142926234e-25,0,0.0,500.0,kenyatta_kenya
2022-12-05 22:00:00,1.464232646697488e-25,0,0.0,500.0,kenyatta_kenya
2022-12-05 23:00:00,1.4044765174672435e-25,0,0.0,500.0,kenyatta_kenya
2022-12-06 00:00:00,1.3471590683119415e-25,0,0.0,500.0,kenyatta_kenya
2022-12-06 01:00:00,1.2921807753737772e-25,0,0.0,500.0,kenyatta_kenya
2022-12-06 02:00:00,1.2394461764176417e-25,0,0.0,500.0,kenyatta_kenya
2022-12-06 03:00:00,1.188863705074038e-25,0,0.0,500.0,kenyatta_kenya
2022-12-06 04:00:00,1.140345531846719e-25,0,0.0,500.0,kenyatta_kenya
2022-12-06 05:00:00,1.0938074116088889e-25,0,0.0,500.0,kenyatta_kenya
2022-12-06 06:00:00,1.0491685373230842e-25,0,0.0,500.0,kenyatta_kenya
2022-12-06 07:00:00,1.0063513997309127e-25,0,0.0,500.0,kenyatta_kenya
2022-12-06 08:00:00,9.652816527689178e-26,0,0.0,500.0,kenyatta_kenya
2022-12-06 09:00:00,9.258879844768322e-26,0,0.0,500.0,kenyatta_kenya
2022-12-06 10:00:00,8.881019931742027e-26,0,0.0,500.0,kenyatta_kenya
2022-12-06 11:00:00,8.518580686903091e-26,0,0.0,500.0,kenyatta_kenya
2022-12-06 12:00:00,8.170932784410984e-26,0,0.0,500.0,kenyatta_kenya
2022-12-06 13:00:00,7.837472581554394e-26,0,0.0,500.0,kenyatta_kenya
2022-12-06 14:00:00,7.517621070608932e-26,0,0.0,500.0,kenyatta_kenya
2022-12-06 15:00:00,7.210822873469617e-26,0,0.0,500.0,kenyatta_kenya
2022-12-06 16:00:00,6.916545277313445e-26,0,0.0,500.0,kenyatta_kenya
2022-12-06 17:00:00,6.634277309617073e-26,0,0.0,500.0,kenyatta_kenya
2022-12-06 18:00:00,6.363528850923088e-26,0,0.0,500.0,kenyatta_kenya
2022-12-06 19:00:00,6.103829783815228e-26,0,0.0,500.0,kenyatta_kenya
2022-12-06 20:00:00,5.854729176624329e-26,0,0.0,500.0,kenyatta_kenya
2022-12-06 21:00:00,5.615794500447336e-26,0,0.0,500.0,kenyatta_kenya
2022-12-06 22:00:00,5.38661087812054e-26,0,0.0,500.0,kenyatta_kenya
2022-12-06 23:00:00,5.16678036384263e-26,0,0.0,500.0,kenyatta_kenya
2022-12-07 00:00:00,4.9559212521963784e-26,0,0.0,500.0,kenyatta_kenya
2022-12-07 01:00:00,4.753667415369863e-26,0,0.0,500.0,kenyatta_kenya
2022-12-07 02:00:00,4.5596676674260287e-26,0,0.0,500.0,kenyatta_kenya
2022-12-07 03:00:00,4.3735851545164745e-26,0,0.0,500.0,kenyatta_kenya
2022-12-07 04:00:00,4.195096769981223e-26,0,0.0,500.0,kenyatta_kenya
2022-12-07 05:00:00,4.0238925933185985e-26,0,0.0,500.0,kenyatta_kenya
2022-12-07 06:00:00,3.859675352050757e-26,0,0.0,500.0,kenyatta_kenya
2022-12-07 07:00:00,3.7021599055510704e-26,0,0.0,500.0,kenyatta_kenya
2022-12-07 08:00:00,3.551072749936758e-26,0,0.0,500.0,kenyatta_kenya
2022-12-07 09:00:00,3.4061515431669006e-26,0,0.0,500.0,kenyatta_kenya
2022-12-07 10:00:00,3.267144649521698e-26,0,0.0,500.0,kenyatta_kenya
2022-12-07 11:00:00,3.13381070267175e-26,0,0.0,500.0,kenyatta_kenya
2022-12-07 12:00:00,3.0059181865785306e-26,0,0.0,500.0,kenyatta_kenya
2022-12-07 13:00:00,2.883245033498732e-26,0,0.0,500.0,kenyatta_kenya
2022-12-07 14:00:00,2.765578238394274e-26,0,0.0,500.0,kenyatta_kenya
2022-12-07 15:00:00,2.652713489078257e-26,0,0.0,500.0,kenyatta_kenya
2022-12-07 16:00:00,2.5444548114550494e-26,0,0.0,500.0,kenyatta_kenya
2022-12-07 17:00:00,2.4406142292383085e-26,0,0.0,500.0,kenyatta_kenya
2022-12-07 18:00:00,2.3410114375559363e-26,0,0.0,500.0,kenyatta_kenya
2022-12-07 19:00:00,2.2454734898755513e-26,0,0.0,500.0,kenyatta_kenya
2022-12-07 20:00:00,2.153834497706697e-26,0,0.0,500.0,kenyatta_kenya
2022-12-07 21:00:00,2.065935342558225e-26,0,0.0,500.0,kenyatta_kenya
2022-12-07 22:00:00,1.9816233996509955e-26,0,0.0,500.0,kenyatta_kenya
2022-12-07 23:00:00,1.9007522729060082e-26,0,0.0,500.0,kenyatta_kenya
2022-12-08 00:00:00,1.823181540747679e-26,0,0.0,500.0,kenyatta_kenya
2022-12-08 01:00:00,1.7487765122811595e-26,0,0.0,500.0,kenyatta_kenya
2022-12-08 02:00:00,1.6774079934201817e-26,0,0.0,500.0,kenyatta_kenya
2022-12-08 03:00:00,1.6089520625592367e-26,0,0.0,500.0,kenyatta_kenya
2022-12-08 04:00:00,1.543289855400815e-26,0,0.0,500.0,kenyatta_kenya
2022-12-08 05:00:00,1.4803073585639517e-26,0,0.0,500.0,kenyatta_kenya
2022-12-08 06:00:00,1.4198952116156222e-26,0,0.0,500.0,kenyatta_kenya
2022-12-08 07:00:00,1.3619485171814474e-26,0,0.0,500.0,kenyatta_kenya
2022-12-08 08:00:00,1.3063666588058714e-26,0,0.0,500.0,kenyatta_kenya
2022-12-08 09:00:00,1.2530531262454855e-26,0,0.0,500.0,kenyatta_kenya
2022-12-08 10:00:00,1.2019153478923099e-26,0,0.0,500.0,kenyatta_kenya
2022-12-08 11:00:00,1.1528645300359685e-26,0,0.0,500.0,kenyatta_kenya
2022-12-08 12:00:00,1.1058155026855852e-26,0,0.0,500.0,kenyatta_kenya
2022-12-08 13:00:00,1.0606865716838498e-26,0,0.0,500.0,kenyatta_kenya
2022-12-08 14:00:00,1.0173993768563873e-26,0,0.0,500.0,kenyatta_kenya
2022-12-08 15:00:00,9.75878755950056e-27,0,0.0,500.0,kenyatta_kenya
2022-12-08 16:00:00,9.360526141240713e-27,0,0.0,500.0,kenyatta_kenya
2022-12-08 17:00:00,8.978517987672594e-27,0,0.0,500.0,kenyatta_kenya
2022-12-08 18:00:00,8.612099794240328e-27,0,0.0,500.0,kenyatta_kenya
2022-12-08 19:00:00,8.260635326207062e-27,0,0.0,500.0,kenyatta_kenya
2022-12-08 20:00:00,7.923514313921138e-27,0,0.0,500.0,kenyatta_kenya
2022-12-08 21:00:00,7.600151393166523e-27,0,0.0,500.0,kenyatta_kenya
2022-12-08 22:00:00,7.28998508875862e-27,0,0.0,500.0,kenyatta_kenya
2022-12-08 23:00:00,6.992476839620111e-27,0,0.0,500.0,kenyatta_kenya
2022-12-09 00:00:00,6.707110063643453e-27,0,0.0,500.0,kenyatta_kenya
2022-12-09 01:00:00,6.4333892607173705e-27,0,0.0,500.0,kenyatta_kenya
2022-12-09 02:00:00,6.170839152359267e-27,0,0.0,500.0,kenyatta_kenya
2022-12-09 03:00:00,5.919003856459315e-27,0,0.0,500.0,kenyatta_kenya
2022-12-09 04:00:00,5.677446095704078e-27,0,0.0,500.0,kenyatta_kenya
2022-12-09 05:00:00,5.445746438304805e-27,0,0.0,500.0,kenyatta_kenya
2022-12-09 06:00:00,5.223502569711621e-27,0,0.0,500.0,kenyatta_kenya
2022-12-09 07:00:00,5.010328594049855e-27,0,0.0,500.0,kenyatta_kenya
2022-12-09 08:00:00,4.805854364065082e-27,0,0.0,500.0,kenyatta_kenya
2022-12-09 09:00:00,4.60972483841318e-27,0,0.0,500.0,kenyatta_kenya
2022-12-09 10:00:00,4.421599465180027e-27,0,0.0,500.0,kenyatta_kenya
2022-12-09 11:00:00,4.2411515905600956e-27,0,0.0,500.0,kenyatta_kenya
2022-12-09 12:00:00,4.068067891666905e-27,0,0.0,500.0,kenyatta_kenya
2022-12-09 13:00:00,3.902047832491077e-27,0,0.0,500.0,kenyatta_kenya
2022-12-09 14:00:00,3.7428031420610144e-27,0,0.0,500.0,kenyatta_kenya
2022-12-09 15:00:00,3.5900573138998894e-27,0,0.0,500.0,kenyatta_kenya
2022-12-09 16:00:00,3.443545125910309e-27,0,0.0,500.0,kenyatta_kenya
2022-12-09 17:00:00,3.3030121798527376e-27,0,0.0,500.0,kenyatta_kenya
2022-12-09 18:00:00,3.1682144596178254e-27,0,0.0,500.0,kenyatta_kenya
2022-12-09 19:00:00,3.038917907526129e-27,0,0.0,500.0,kenyatta_kenya
2022-12-09 20:00:00,2.9148980179192324e-27,0,0.0,500.0,kenyatta_kenya
2022-12-09 21:00:00,2.7959394473364587e-27,0,0.0,500.0,kenyatta_kenya
2022-12-09 22:00:00,2.681835640600669e-27,0,0.0,500.0,kenyatta_kenya
2022-12-09 23:00:00,2.5723884721636994e-27,0,0.0,500.0,kenyatta_kenya
2022-12-10 00:00:00,2.46740790208851e-27,0,0.0,500.0,kenyatta_kenya
2022-12-10 01:00:00,2.366711646071064e-27,0,0.0,500.0,kenyatta_kenya
2022-12-10 02:00:00,2.2701248589287844e-27,0,0.0,500.0,kenyatta_kenya
2022-12-10 03:00:00,2.1774798310058648e-27,0,0.0,500.0,kenyatta_kenya
2022-12-10 04:00:00,2.0886156969686037e-27,0,0.0,500.0,kenyatta_kenya
2022-12-10 05:00:00,2.0033781564849435e-27,0,0.0,500.0,kenyatta_kenya
2022-12-10 06:00:00,1.921619206303104e-27,0,0.0,500.0,kenyatta_kenya
2022-12-10 07:00:00,1.843196883264358e-27,0,0.0,500.0,kenyatta_kenya
2022-12-10 08:00:00,1.7679750178035994e-27,0,0.0,500.0,kenyatta_kenya
2022-12-10 09:00:00,1.6958229975095578e-27,0,0.0,500.0,kenyatta_kenya
2022-12-10 10:00:00,1.6266155403343766e-27,0,0.0,500.0,kenyatta_kenya
2022-12-10 11:00:00,1.5602324770586216e-27,0,0.0,500.0,kenyatta_kenya
2022-12-10 12:00:00,1.4965585426339088e-27,0,0.0,500.0,kenyatta_kenya
2022-12-10 13:00:00,1.435483176041055e-27,0,0.0,500.0,kenyatta_kenya
2022-12-10 14:00:00,1.3769003283161245e-27,0,0.0,500.0,kenyatta_kenya
2022-12-10 15:00:00,1.3207082784109407e-27,0,0.0,500.0,kenyatta_kenya
2022-12-10 16:00:00,1.2668094565685287e-27,0,0.0,500.0,kenyatta_kenya
2022-12-10 17:00:00,1.2151102749066921e-27,0,0.0,500.0,kenyatta_kenya
2022-12-10 18:00:00,1.1655209649154889e-27,0,0.0,500.0,kenyatta_kenya
2022-12-10 19:00:00,1.1179554215866012e-27,0,0.0,500.0,kenyatta_kenya
2022-12-10 20:00:00,1.0723310539038723e-27,0,0.0,500.0,kenyatta_kenya
2022-12-10 21:00:00,1.0285686414353276e-27,0,0.0,500.0,kenyatta_kenya
2022-12-10 22:00:00,9.865921967778309e-28,0,0.0,500.0,kenyatta_kenya
2022-12-10 23:00:00,9.463288336154421e-28,0,0.0,500.0,kenyatta_kenya
2022-12-11 00:00:00,9.077086401623218e-28,0,0.0,500.0,kenyatta_kenya
2022-12-11 01:00:00,8.706645577705675e-28,0,0.0,500.0,kenyatta_kenya
2022-12-11 02:00:00,8.351322644921206e-28,0,0.0,500.0,kenyatta_kenya
2022-12-11 03:00:00,8.010500633925243e-28,0,0.0,500.0,kenyatta_kenya
2022-12-11 04:00:00,7.683587754227124e-28,0,0.0,500.0,kenyatta_kenya
2022-12-11 05:00:00,7.370016366627554e-28,0,0.0,500.0,kenyatta_kenya
2022-12-11 06:00:00,7.069241997590965e-28,0,0.0,500.0,kenyatta_kenya
2022-12-11 07:00:00,6.780742393842364e-28,0,0.0,500.0,kenyatta_kenya
2022-12-11 08:00:00,6.504016615546591e-28,0,0.0,500.0,kenyatta_kenya
2022-12-11 09:00:00,6.238584166494965e-28,0,0.0,500.0,kenyatta_kenya
2022-12-11 10:00:00,5.983984159789941e-28,0,0.0,500.0,kenyatta_kenya
2022-12-11 11:00:00,5.73977451757861e-28,0,0.0,500.0,kenyatta_kenya
2022-12-11 12:00:00,5.505531203445105e-28,0,0.0,500.0,kenyatta_kenya
2022-12-11 13:00:00,5.280847486129905e-28,0,0.0,500.0,kenyatta_kenya
2022-12-11 14:00:00,5.065333233297113e-28,0,0.0,500.0,kenyatta_kenya
2022-12-11 15:00:00,4.858614234123146e-28,0,0.0,500.0,kenyatta_kenya
2022-12-11 16:00:00,4.6603315495312885e-28,0,0.0,500.0,kenyatta_kenya
2022-12-11 17:00:00,4.470140888943517e-28,0,0.0,500.0,kenyatta_kenya
2022-12-11 18:00:00,4.287712012467102e-28,0,0.0,500.0,kenyatta_kenya
2022-12-11 19:00:00,4.112728157478631e-28,0,0.0,500.0,kenyatta_kenya
2022-12-11 20:00:00,3.944885488609403e-28,0,0.0,500.0,kenyatta_kenya
2022-12-11 21:00:00,3.783892570176979e-28,0,0.0,500.0,kenyatta_kenya
2022-12-11 22:00:00,3.629469860147341e-28,0,0.0,500.0,kenyatta_kenya
2022-12-11 23:00:00,3.481349224748717e-28,0,0.0,500.0,kenyatta_kenya
2022-12-12 00:00:00,3.339273472894048e-28,0,0.0,500.0,kenyatta_kenya
2022-12-12 01:00:00,3.2029959096041736e-28,0,0.0,500.0,kenyatta_kenya
2022-12-12 02:00:00,3.0722799076560243e-28,0,0.0,500.0,kenyatta_kenya
2022-12-12 03:00:00,2.9468984967119025e-28,0,0.0,500.0,kenyatta_kenya
2022-12-12 04:00:00,2.826633969216812e-28,0,0.0,500.0,kenyatta_kenya
2022-12-12 05:00:00,2.7112775023793285e-28,0,0.0,500.0,kenyatta_kenya
2022-12-12 06:00:00,2.6006287955794546e-28,0,0.0,500.0,kenyatta_kenya
2022-12-12 07:00:00,2.494495722574237e-28,0,0.0,500.0,kenyatta_kenya
2022-12-12 08:00:00,2.3926939978970554e-28,0,0.0,500.0,kenyatta_kenya
2022-12-12 09:00:00,2.2950468568711753e-28,0,0.0,500.0,kenyatta_kenya
2022-12-12 10:00:00,2.201384748682286e-28,0,0.0,500.0,kenyatta_kenya
2022-12-12 11:00:00,2.111545041976904e-28,0,0.0,500.0,kenyatta_kenya
2022-12-12 12:00:00,2.0253717424753234e-28,0,0.0,500.0,kenyatta_kenya
2022-12-12 13:00:00,1.9427152221090857e-28,0,0.0,500.0,kenyatta_kenya
2022-12-12 14:00:00,1.8634319592124775e-28,0,0.0,500.0,kenyatta_kenya
2022-12-12 15:00:00,1.787384289316838e-28,0,0.0,500.0,kenyatta_kenya
2022-12-12 16:00:00,1.7144401661152125e-28,0,0.0,500.0,kenyatta_kenya
2022-12-12 17:00:00,1.6444729321821553e-28,0,0.0,500.0,kenyatta_kenya
2022-12-12 18:00:00,1.5773610990504778e-28,0,0.0,500.0,kenyatta_kenya
2022-12-12 19:00:00,1.5129881362632942e-28,0,0.0,500.0,kenyatta_kenya
2022-12-12 20:00:00,1.4512422690349593e-28,0,0.0,500.0,kenyatta_kenya
2022-12-12 21:00:00,1.3920162841694797e-28,0,0.0,500.0,kenyatta_kenya
2022-12-12 22:00:00,1.3352073438995968e-28,0,0.0,500.0,kenyatta_kenya
2022-12-12 23:00:00,1.2807168073231916e-28,0,0.0,500.0,kenyatta_kenya
2022-12-13 00:00:00,1.2284500591268838e-28,0,0.0,500.0,kenyatta_kenya
2022-12-13 01:00:00,1.178316345299599e-28,0,0.0,500.0,kenyatta_kenya
2022-12-13 02:00:00,1.1302286155507488e-28,0,0.0,500.0,kenyatta_kenya
2022-12-13 03:00:00,1.084103372159338e-28,0,0.0,500.0,kenyatta_kenya
2022-12-13 04:00:00,1.0398605249916968e-28,0,0.0,500.0,kenyatta_kenya
2022-12-13 05:00:00,9.974232524360112e-29,0,0.0,500.0,kenyatta_kenya
2022-12-13 06:00:00,9.567178680121307e-29,0,0.0,500.0,kenyatta_kenya
2022-12-13 07:00:00,9.176736924251636e-29,0,0.0,500.0,kenyatta_kenya
2022-12-13 08:00:00,8.802229308406329e-29,0,0.0,500.0,kenyatta_kenya
2022-12-13 09:00:00,2.676971578589583,1,4.5,199.40540123969114,kenyatta_kenya
2022-12-13 10:00:00,2.5677229151639347,1,4.5,199.40540123969114,kenyatta_kenya
2022-12-13 11:00:00,2.462932749002788,1,4.5,199.40540123969114,kenyatta_kenya
2022-12-13 12:00:00,2.362419126412302,1,4.5,199.40540123969114,kenyatta_kenya
2022-12-13 13:00:00,2.26600751932766,1,4.5,199.40540123969114,kenyatta_kenya
2022-12-13 14:00:00,2.173530522269123,1,4.5,199.40540123969114,kenyatta_kenya
2022-12-13 15:00:00,2.084827561665462,1,4.5,199.40540123969114,kenyatta_kenya
2022-12-13 16:00:00,1.9997446170400628,1,4.5,199.40540123969114,kenyatta_kenya
2022-12-13 17:00:00,1.9181339535755793,1,4.5,199.40540123969114,kenyatta_kenya
2022-12-13 18:00:00,1.839853865592765,1,4.5,199.40540123969114,kenyatta_kenya
2022-12-13 19:00:00,1.7647684304980735,1,4.5,199.40540123969114,kenyatta_kenya
2022-12-13 20:00:00,1.692747272772793,1,4.5,199.40540123969114,kenyatta_kenya
2022-12-13 21:00:00,1.6236653375939094,1,4.5,199.40540123969114,kenyatta_kenya
2022-12-13 22:00:00,1.5574026736936275,1,4.5,199.40540123969114,kenyatta_kenya
2022-12-13 23:00:00,1.4938442250805106,1,4.5,199.40540123969114,kenyatta_kenya
2022-12-14 00:00:00,1.4328796312605967,1,4.5,199.40540123969114,kenyatta_kenya
2022-12-14 01:00:00,1.3744030356115937,1,4.5,199.40540123969114,kenyatta_kenya
2022-12-14 02:00:00,1.318312901577436,1,4.5,199.40540123969114,kenyatta_kenya
2022-12-14 03:00:00,1.2645118363640337,1,4.5,199.40540123969114,kenyatta_kenya
2022-12-14 04:00:00,1.2129064218300967,1,4.5,199.40540123969114,kenyatta_kenya
2022-12-14 05:00:00,1.1634070522793978,1,4.5,199.40540123969114,kenyatta_kenya
2022-12-14 06:00:00,1.1159277788728186,1,4.5,199.40540123969114,kenyatta_kenya
2022-12-14 07:00:00,1.070386160390025,1,4.5,199.40540123969114,kenyatta_kenya
2022-12-14 08:00:00,1.026703120081643,1,4.5,199.40540123969114,kenyatta_kenya
2022-12-14 09:00:00,0.9848028083633696,0,0.0,500.0,kenyatta_kenya
2022-12-14 10:00:00,0.944612471113615,0,0.0,500.0,kenyatta_kenya
2022-12-14 11:00:00,0.90606232334599,0,0.0,500.0,kenyatta_kenya
2022-12-14 12:00:00,0.8690854280372846,0,0.0,500.0,kenyatta_kenya
2022-12-14 13:00:00,0.833617579900546,0,0.0,500.0,kenyatta_kenya
2022-12-14 14:00:00,0.7995971939014384,0,0.0,500.0,kenyatta_kenya
2022-12-14 15:00:00,0.7669651983243108,0,0.0,500.0,kenyatta_kenya
2022-12-14 16:00:00,0.7356649322022982,0,0.0,500.0,kenyatta_kenya
2022-12-14 17:00:00,0.7056420469333534,0,0.0,500.0,kenyatta_kenya
2022-12-14 18:00:00,0.6768444119113842,0,0.0,500.0,kenyatta_kenya
2022-12-14 19:00:00,0.6492220240086345,0,0.0,500.0,kenyatta_kenya
2022-12-14 20:00:00,0.6227269207521381,0,0.0,500.0,kenyatta_kenya
2022-12-14 21:00:00,0.5973130970434886,0,0.0,500.0,kenyatta_kenya
2022-12-14 22:00:00,0.5729364252773218,0,0.0,500.0,kenyatta_kenya
2022-12-14 23:00:00,0.5495545787198047,0,0.0,500.0,kenyatta_kenya
2022-12-15 00:00:00,0.5271269580140906,0,0.0,500.0,kenyatta_kenya
2022-12-15 01:00:00,0.505614620685127,0,0.0,500.0,kenyatta_kenya
2022-12-15 02:00:00,0.48498021352140985,0,0.0,500.0,kenyatta_kenya
2022-12-15 03:00:00,0.46518790771627505,0,0.0,500.0,kenyatta_kenya
2022-12-15 04:00:00,0.4462033366561096,0,0.0,500.0,kenyatta_kenya
2022-12-15 05:00:00,0.4279935362474599,0,0.0,500.0,kenyatta_kenya
2022-12-15 06:00:00,0.4105268876794213,0,0.0,500.0,kenyatta_kenya
2022-12-15 07:00:00,0.3937730625219283,0,0.0,500.0,kenyatta_kenya
2022-12-15 08:00:00,0.3777029700646112,0,0.0,500.0,kenyatta_kenya
2022-12-15 09:00:00,0.3622887068047834,0,0.0,500.0,kenyatta_kenya
2022-12-15 10:00:00,0.3475035079968519,0,0.0,500.0,kenyatta_kenya
2022-12-15 11:00:00,0.3333217011790214,0,0.0,500.0,kenyatta_kenya
2022-12-15 12:00:00,0.3197186615966,0,0.0,500.0,kenyatta_kenya
2022-12-15 13:00:00,0.30667076944450306,0,0.0,500.0,kenyatta_kenya
2022-12-15 14:00:00,0.29415536885471444,0,0.0,500.0,kenyatta_kenya
2022-12-15 15:00:00,0.2821507285574919,0,0.0,500.0,kenyatta_kenya
2022-12-15 16:00:00,0.27063600414800854,0,0.0,500.0,kenyatta_kenya
2022-12-15 17:00:00,0.2595912018929147,0,0.0,500.0,kenyatta_kenya
2022-12-15 18:00:00,0.24899714401397358,0,0.0,500.0,kenyatta_kenya
2022-12-15 19:00:00,0.23883543538848923,0,0.0,500.0,kenyatta_kenya
2022-12-15 20:00:00,0.2290884316087096,0,0.0,500.0,kenyatta_kenya
2022-12-15 21:00:00,0.21973920834474212,0,0.0,500.0,kenyatta_kenya
2022-12-15 22:00:00,0.21077153195778503,0,0.0,500.0,kenyatta_kenya
2022-12-15 23:00:00,0.20216983131264912,0,0.0,500.0,kenyatta_kenya
2022-12-16 00:00:00,0.19391917074062598,0,0.0,500.0,kenyatta_kenya
2022-12-16 01:00:00,0.18600522410575535,0,0.0,500.0,kenyatta_kenya
2022-12-16 02:00:00,0.17841424992946298,0,0.0,500.0,kenyatta_kenya
2022-12-16 03:00:00,0.17113306753037572,0,0.0,500.0,kenyatta_kenya
2022-12-16 04:00:00,0.1641490341378826,0,0.0,500.0,kenyatta_kenya
2022-12-16 05:00:00,0.15745002293970498,0,0.0,500.0,kenyatta_kenya
2022-12-16 06:00:00,0.15102440202535697,0,0.0,500.0,kenyatta_kenya
2022-12-16 07:00:00,0.1448610141889344,0,0.0,500.0,kenyatta_kenya
2022-12-16 08:00:00,0.1389491575561631,0,0.0,500.0,kenyatta_kenya
2022-12-16 09:00:00,0.13327856700206822,0,0.0,500.0,kenyatta_kenya
2022-12-16 10:00:00,0.12783939632699773,0,0.0,500.0,kenyatta_kenya
2022-12-16 11:00:00,0.12262220116005289,0,0.0,500.0,kenyatta_kenya
2022-12-16 12:00:00,0.11761792256023867,0,0.0,500.0,kenyatta_kenya
2022-12-16 13:00:00,0.11281787128686001,0,0.0,500.0,kenyatta_kenya
2022-12-16 14:00:00,0.10821371271185184,0,0.0,500.0,kenyatta_kenya
2022-12-16 15:00:00,0.10379745234784545,0,0.0,500.0,kenyatta_kenya
2022-12-16 16:00:00,0.09956142196684153,0,0.0,500.0,kenyatta_kenya
2022-12-16 17:00:00,0.0954982662853885,0,0.0,500.0,kenyatta_kenya
2022-12-16 18:00:00,0.09160093019314573,0,0.0,500.0,kenyatta_kenya
2022-12-16 19:00:00,0.08786264650265554,0,0.0,500.0,kenyatta_kenya
2022-12-16 20:00:00,0.08427692419905425,0,0.0,500.0,kenyatta_kenya
2022-12-16 21:00:00,0.08083753716931887,0,0.0,500.0,kenyatta_kenya
2022-12-16 22:00:00,0.07753851339147876,0,0.0,500.0,kenyatta_kenya
2022-12-16 23:00:00,0.07437412456502211,0,0.0,500.0,kenyatta_kenya
2022-12-17 00:00:00,0.071338876164491,0,0.0,500.0,kenyatta_kenya
2022-12-17 01:00:00,0.06842749789899416,0,0.0,500.0,kenyatta_kenya
2022-12-17 02:00:00,0.06563493456107289,0,0.0,500.0,kenyatta_kenya
2022-12-17 03:00:00,0.06295633724902933,0,0.0,500.0,kenyatta_kenya
2022-12-17 04:00:00,0.06038705494747626,0,0.0,500.0,kenyatta_kenya
2022-12-17 05:00:00,0.05792262645148944,0,0.0,500.0,kenyatta_kenya
2022-12-17 06:00:00,0.055558772620339564,0,0.0,500.0,kenyatta_kenya
2022-12-17 07:00:00,0.05329138894735357,0,0.0,500.0,kenyatta_kenya
2022-12-17 08:00:00,0.051116538433003976,0,0.0,500.0,kenyatta_kenya
2022-12-17 09:00:00,0.04903044474885149,0,0.0,500.0,kenyatta_kenya
2022-12-17 10:00:00,0.04702948568047045,0,0.0,500.0,kenyatta_kenya
2022-12-17 11:00:00,0.045110186837972466,0,0.0,500.0,kenyatta_kenya
2022-12-17 12:00:00,0.04326921562320658,0,0.0,500.0,kenyatta_kenya
2022-12-17 13:00:00,0.04150337544316175,0,0.0,500.0,kenyatta_kenya
2022-12-17 14:00:00,0.03980960015952308,0,0.0,500.0,kenyatta_kenya
2022-12-17 15:00:00,0.03818494876474479,0,0.0,500.0,kenyatta_kenya
2022-12-17 16:00:00,0.036626600275395806,0,0.0,500.0,kenyatta_kenya
2022-12-17 17:00:00,0.03513184883391034,0,0.0,500.0,kenyatta_kenya
2022-12-17 18:00:00,0.033698099010238756,0,0.0,500.0,kenyatta_kenya
2022-12-17 19:00:00,0.03232286129524088,0,0.0,500.0,kenyatta_kenya
2022-12-17 20:00:00,0.031003747777996096,0,0.0,500.0,kenyatta_kenya
2022-12-17 21:00:00,0.02973846799952472,0,0.0,500.0,kenyatta_kenya
2022-12-17 22:00:00,0.028524824975721584,0,0.0,500.0,kenyatta_kenya
2022-12-17 23:00:00,0.02736071138259559,0,0.0,500.0,kenyatta_kenya
2022-12-18 00:00:00,0.026244105897191675,0,0.0,500.0,kenyatta_kenya
2022-12-18 01:00:00,0.02517306968784201,0,0.0,500.0,kenyatta_kenya
2022-12-18 02:00:00,0.02414574304765169,0,0.0,500.0,kenyatta_kenya
2022-12-18 03:00:00,0.02316034216537377,0,0.0,500.0,kenyatta_kenya
2022-12-18 04:00:00,0.022215156028066743,0,0.0,500.0,kenyatta_kenya
2022-12-18 05:00:00,0.021308543450156148,0,0.0,500.0,kenyatta_kenya
2022-12-18 06:00:00,0.020438930223741752,0,0.0,500.0,kenyatta_kenya
2022-12-18 07:00:00,0.019604806385202397,0,0.0,500.0,kenyatta_kenya
2022-12-18 08:00:00,0.018804723593352068,0,0.0,500.0,kenyatta_kenya
2022-12-18 09:00:00,0.018037292614594767,0,0.0,500.0,kenyatta_kenya
2022-12-18 10:00:00,0.017301180910711818,0,0.0,500.0,kenyatta_kenya
2022-12-18 11:00:00,0.01659511032509266,0,0.0,500.0,kenyatta_kenya
2022-12-18 12:00:00,0.015917854863391877,0,0.0,500.0,kenyatta_kenya
2022-12-18 13:00:00,0.015268238564758906,0,0.0,500.0,kenyatta_kenya
2022-12-18 14:00:00,0.014645133459943912,0,0.0,500.0,kenyatta_kenya
2022-12-18 15:00:00,0.014047457612734472,0,0.0,500.0,kenyatta_kenya
2022-12-18 16:00:00,0.013474173241322406,0,0.0,500.0,kenyatta_kenya
2022-12-18 17:00:00,0.01292428491633852,0,0.0,500.0,kenyatta_kenya
2022-12-18 18:00:00,0.012396837832426566,0,0.0,500.0,kenyatta_kenya
2022-12-18 19:00:00,0.01189091615035526,0,0.0,500.0,kenyatta_kenya
2022-12-18 20:00:00,0.011405641406789553,0,0.0,500.0,kenyatta_kenya
2022-12-18 21:00:00,0.010940170988959975,0,0.0,500.0,kenyatta_kenya
2022-12-18 22:00:00,0.010493696671581657,0,0.0,500.0,kenyatta_kenya
2022-12-18 23:00:00,0.010065443213482387,0,0.0,500.0,kenyatta_kenya
2022-12-19 00:00:00,0.009654667011503026,0,0.0,500.0,kenyatta_kenya
2022-12-19 01:00:00,0.00926065480933309,0,0.0,500.0,kenyatta_kenya
2022-12-19 02:00:00,0.008882722459039342,0,0.0,500.0,kenyatta_kenya
2022-12-19 03:00:00,0.008520213733137093,0,0.0,500.0,kenyatta_kenya
2022-12-19 04:00:00,0.008172499185141591,0,0.0,500.0,kenyatta_kenya
2022-12-19 05:00:00,0.007838975056620841,0,0.0,500.0,kenyatta_kenya
2022-12-19 06:00:00,0.0075190622288522175,0,0.0,500.0,kenyatta_kenya
2022-12-19 07:00:00,0.007212205217262583,0,0.0,500.0,kenyatta_kenya
2022-12-19 08:00:00,0.006917871206905795,0,0.0,500.0,kenyatta_kenya
2022-12-19 09:00:00,0.006635549127302906,0,0.0,500.0,kenyatta_kenya
2022-12-19 10:00:00,0.006364748765038688,0,0.0,500.0,kenyatta_kenya
2022-12-19 11:00:00,0.006104999912573522,0,0.0,500.0,kenyatta_kenya
2022-12-19 12:00:00,0.005855851551792729,0,0.0,500.0,kenyatta_kenya
2022-12-19 13:00:00,0.005616871070875771,0,0.0,500.0,kenyatta_kenya
2022-12-19 14:00:00,0.005387643513125357,0,0.0,500.0,kenyatta_kenya
2022-12-19 15:00:00,0.00516777085645228,0,0.0,500.0,kenyatta_kenya
2022-12-19 16:00:00,0.004956871322264888,0,0.0,500.0,kenyatta_kenya
2022-12-19 17:00:00,0.004754578712563116,0,0.0,500.0,kenyatta_kenya
2022-12-19 18:00:00,0.0045605417740860795,0,0.0,500.0,kenyatta_kenya
2022-12-19 19:00:00,0.004374423588409172,0,0.0,500.0,kenyatta_kenya
2022-12-19 20:00:00,0.004195900986931604,0,0.0,500.0,kenyatta_kenya
2022-12-19 21:00:00,0.00402466398973862,0,0.0,500.0,kenyatta_kenya
2022-12-19 22:00:00,0.003860415267364085,0,0.0,500.0,kenyatta_kenya
2022-12-19 23:00:00,0.0037028696245187866,0,0.0,500.0,kenyatta_kenya
2022-12-20 00:00:00,0.0035517535048880926,0,0.0,500.0,kenyatta_kenya
2022-12-20 01:00:00,0.003406804516139088,0,0.0,500.0,kenyatta_kenya
2022-12-20 02:00:00,0.003267770974312413,0,0.0,500.0,kenyatta_kenya
2022-12-20 03:00:00,0.0031344114668077224,0,0.0,500.0,kenyatta_kenya
2022-12-20 04:00:00,0.003006494433203956,0,0.0,500.0,kenyatta_kenya
2022-12-20 05:00:00,0.00288379776318655,0,0.0,500.0,kenyatta_kenya
2022-12-20 06:00:00,0.0027661084108834533,0,0.0,500.0,kenyatta_kenya
2022-12-20 07:00:00,0.0026532220249403196,0,0.0,500.0,kenyatta_kenya
2022-12-20 08:00:00,0.0025449425936925154,0,0.0,500.0,kenyatta_kenya
2022-12-20 09:00:00,0.0024410821048178447,0,0.0,500.0,kenyatta_kenya
2022-12-20 10:00:00,0.0023414602188790603,0,0.0,500.0,kenyatta_kenya
2022-12-20 11:00:00,0.002245903956189251,0,0.0,500.0,kenyatta_kenya
2022-12-20 12:00:00,0.0021542473964564325,0,0.0,500.0,kenyatta_kenya
2022-12-20 13:00:00,0.00206633139068582,0,0.0,500.0,kenyatta_kenya
2022-12-20 14:00:00,0.001982003284839503,0,0.0,500.0,kenyatta_kenya
2022-12-20 15:00:00,0.0019011166547737311,0,0.0,500.0,kenyatta_kenya
2022-12-20 16:00:00,0.0018235310519935553,0,0.0,500.0,kenyatta_kenya
2022-12-20 17:00:00,0.001749111759783355,0,0.0,500.0,kenyatta_kenya
2022-12-20 18:00:00,0.0016777295592898048,0,0.0,500.0,kenyatta_kenya
2022-12-20 19:00:00,0.0016092605051511411,0,0.0,500.0,kenyatta_kenya
2022-12-20 20:00:00,0.0015435857102831017,0,0.0,500.0,kenyatta_kenya
2022-12-20 21:00:00,0.0014805911394478713,0,0.0,500.0,kenyatta_kenya
2022-12-20 22:00:00,0.0014201674112476036,0,0.0,500.0,kenyatta_kenya
2022-12-20 23:00:00,0.0013622096081986796,0,0.0,500.0,kenyatta_kenya
2022-12-21 00:00:00,0.0013066170945569434,0,0.0,500.0,kenyatta_kenya
2022-12-21 01:00:00,0.0012532933415775934,0,0.0,500.0,kenyatta_kenya
2022-12-21 02:00:00,0.0012021457599063104,0,0.0,500.0,kenyatta_kenya
2022-12-21 03:00:00,0.0011530855388105856,0,0.0,500.0,kenyatta_kenya
2022-12-21 04:00:00,0.0011060274919721235,0,0.0,500.0,kenyatta_kenya
2022-12-21 05:00:00,0.0010608899095725234,0,0.0,500.0,kenyatta_kenya
2022-12-21 06:00:00,0.0010175944164154311,0,0.0,500.0,kenyatta_kenya
2022-12-21 07:00:00,0.0009760658358388075,0,0.0,500.0,kenyatta_kenya
2022-12-21 08:00:00,0.0009362320591810034,0,0.0,500.0,kenyatta_kenya
2022-12-21 09:00:00,0.0008980239205739971,0,0.0,500.0,kenyatta_kenya
2022-12-21 10:00:00,0.0008613750768463925,0,0.0,500.0,kenyatta_kenya
2022-12-21 11:00:00,0.0008262218923276325,0,0.0,500.0,kenyatta_kenya
2022-12-21 12:00:00,0.0007925033283534271,0,0.0,500.0,kenyatta_kenya
2022-12-21 13:00:00,0.0007601608372805092,0,0.0,500.0,kenyatta_kenya
2022-12-21 14:00:00,0.0007291382608267188,0,0.0,500.0,kenyatta_kenya
2022-12-21 15:00:00,0.000699381732559882,0,0.0,500.0,kenyatta_kenya
2022-12-21 16:00:00,0.000670839584366162,0,0.0,500.0,kenyatta_kenya
2022-12-21 17:00:00,0.000643462256735498,0,0.0,500.0,kenyatta_kenya
2022-12-21 18:00:00,0.0006172022127083436,0,0.0,500.0,kenyatta_kenya
2022-12-21 19:00:00,0.0005920138553342755,0,0.0,500.0,kenyatta_kenya
2022-12-21 20:00:00,0.0005678534484991707,0,0.0,500.0,kenyatta_kenya
2022-12-21 21:00:00,0.0005446790409834719,0,0.0,500.0,kenyatta_kenya
2022-12-21 22:00:00,0.0005224503936196627,0,0.0,500.0,kenyatta_kenya
2022-12-21 23:00:00,0.0005011289094224993,0,0.0,500.0,kenyatta_kenya
2022-12-22 00:00:00,0.0004806775665706619,0,0.0,500.0,kenyatta_kenya
2022-12-22 01:00:00,0.0004610608541234551,0,0.0,500.0,kenyatta_kenya
2022-12-22 02:00:00,0.00044224471036095187,0,0.0,500.0,kenyatta_kenya
2022-12-22 03:00:00,0.0004241964636405097,0,0.0,500.0,kenyatta_kenya
2022-12-22 04:00:00,0.00040688477566695703,0,0.0,500.0,kenyatta_kenya
2022-12-22 05:00:00,0.0003902795870779616,0,0.0,500.0,kenyatta_kenya
2022-12-22 06:00:00,0.00037435206525008875,0,0.0,500.0,kenyatta_kenya
2022-12-22 07:00:00,0.0003590745542349176,0,0.0,500.0,kenyatta_kenya
2022-12-22 08:00:00,0.000344420526738296,0,0.0,500.0,kenyatta_kenya
2022-12-22 09:00:00,0.00033036453805934966,0,0.0,500.0,kenyatta_kenya
2022-12-22 10:00:00,0.0003168821819092591,0,0.0,500.0,kenyatta_kenya
2022-12-22 11:00:00,0.00030395004803310103,0,0.0,500.0,kenyatta_kenya
2022-12-22 12:00:00,0.0002915456815611668,0,0.0,500.0,kenyatta_kenya
2022-12-22 13:00:00,0.0002796475440191694,0,0.0,500.0,kenyatta_kenya
2022-12-22 14:00:00,0.00026823497592965063,0,0.0,500.0,kenyatta_kenya
2022-12-22 15:00:00,0.0002572881609396445,0,0.0,500.0,kenyatta_kenya
2022-12-22 16:00:00,0.00024678809141230634,0,0.0,500.0,kenyatta_kenya
2022-12-22 17:00:00,0.00023671653542277018,0,0.0,500.0,kenyatta_kenya
2022-12-22 18:00:00,0.00022705600510092313,0,0.0,500.0,kenyatta_kenya
2022-12-22 19:00:00,0.0002177897262661243,0,0.0,500.0,kenyatta_kenya
2022-12-22 20:00:00,0.00020890160930115136,0,0.0,500.0,kenyatta_kenya
2022-12-22 21:00:00,0.0002003762212147968,0,0.0,500.0,kenyatta_kenya
2022-12-22 22:00:00,0.0001921987588446016,0,0.0,500.0,kenyatta_kenya
2022-12-22 23:00:00,0.00018435502315320337,0,0.0,500.0,kenyatta_kenya
2022-12-23 00:00:00,0.00017683139457366385,0,0.0,500.0,kenyatta_kenya
2022-12-23 01:00:00,0.00016961480936096454,0,0.0,500.0,kenyatta_kenya
2022-12-23 02:00:00,0.00016269273690861335,0,0.0,500.0,kenyatta_kenya
2022-12-23 03:00:00,0.00015605315799097278,0,0.0,500.0,kenyatta_kenya
2022-12-23 04:00:00,0.00014968454389352784,0,0.0,500.0,kenyatta_kenya
2022-12-23 05:00:00,0.00014357583639486177,0,0.0,500.0,kenyatta_kenya
2022-12-23 06:00:00,0.00013771642856557798,0,0.0,500.0,kenyatta_kenya
2022-12-23 07:00:00,0.0001320961463508262,0,0.0,500.0,kenyatta_kenya
2022-12-23 08:00:00,0.0001267052309044581,0,0.0,500.0,kenyatta_kenya
2022-12-23 09:00:00,0.00012153432164413527,0,0.0,500.0,kenyatta_kenya
2022-12-23 10:00:00,0.00011657443999796555,0,0.0,500.0,kenyatta_kenya
2022-12-23 11:00:00,0.00011181697381445025,0,0.0,500.0,kenyatta_kenya
2022-12-23 12:00:00,0.00010725366240866931,0,0.0,500.0,kenyatta_kenya
2022-12-23 13:00:00,0.00010287658221873836,0,0.0,500.0,kenyatta_kenya
2022-12-23 14:00:00,9.867813304763516e-05,0,0.0,500.0,kenyatta_kenya
2022-12-23 15:00:00,9.465102486650454e-05,0,0.0,500.0,kenyatta_kenya
2022-12-23 16:00:00,9.078826515652607e-05,0,0.0,500.0,kenyatta_kenya
2022-12-23 17:00:00,8.708314676736864e-05,0,0.0,500.0,kenyatta_kenya
2022-12-23 18:00:00,8.352923627114778e-05,0,0.0,500.0,kenyatta_kenya
2022-12-23 19:00:00,8.01203627916632e-05,0,0.0,500.0,kenyatta_kenya
2022-12-23 20:00:00,7.685060728952254e-05,0,0.0,500.0,kenyatta_kenya
2022-12-23 21:00:00,7.371429228454475e-05,0,0.0,500.0,kenyatta_kenya
2022-12-23 22:00:00,7.070597199759685e-05,0,0.0,500.0,kenyatta_kenya
2022-12-23 23:00:00,6.782042289474876e-05,0,0.0,500.0,kenyatta_kenya
2022-12-24 00:00:00,6.505263461732627e-05,0,0.0,500.0,kenyatta_kenya
2022-12-24 01:00:00,6.239780128211224e-05,0,0.0,500.0,kenyatta_kenya
2022-12-24 02:00:00,5.985131313659317e-05,0,0.0,500.0,kenyatta_kenya
2022-12-24 03:00:00,5.740874855475777e-05,0,0.0,500.0,kenyatta_kenya
2022-12-24 04:00:00,5.506586635955315e-05,0,0.0,500.0,kenyatta_kenya
2022-12-24 05:00:00,5.281859845866417e-05,0,0.0,500.0,kenyatta_kenya
2022-12-24 06:00:00,5.066304278083159e-05,0,0.0,500.0,kenyatta_kenya
2022-12-24 07:00:00,4.8595456500442934e-05,0,0.0,500.0,kenyatta_kenya
2022-12-24 08:00:00,4.6612249538630624e-05,0,0.0,500.0,kenyatta_kenya
2022-12-24 09:00:00,4.4709978329594727e-05,0,0.0,500.0,kenyatta_kenya
2022-12-24 10:00:00,4.288533984132532e-05,0,0.0,500.0,kenyatta_kenya
2022-12-24 11:00:00,4.1135165840341756e-05,0,0.0,500.0,kenyatta_kenya
2022-12-24 12:00:00,3.9456417390491733e-05,0,0.0,500.0,kenyatta_kenya
2022-12-24 13:00:00,3.7846179576257344e-05,0,0.0,500.0,kenyatta_kenya
2022-12-24 14:00:00,3.630165644140525e-05,0,0.0,500.0,kenyatta_kenya
2022-12-24 15:00:00,3.4820166134193915e-05,0,0.0,500.0,kenyatta_kenya
2022-12-24 16:00:00,3.339913625070748e-05,0,0.0,500.0,kenyatta_kenya
2022-12-24 17:00:00,3.203609936823027e-05,0,0.0,500.0,kenyatta_kenya
2022-12-24 18:00:00,3.0728688760907155e-05,0,0.0,500.0,kenyatta_kenya
2022-12-24 19:00:00,2.9474634290250226e-05,0,0.0,500.0,kenyatta_kenya
2022-12-24 20:00:00,2.8271758463355524e-05,0,0.0,500.0,kenyatta_kenya
2022-12-24 21:00:00,2.7117972651986634e-05,0,0.0,500.0,kenyatta_kenya
2022-12-24 22:00:00,2.6011273465959535e-05,0,0.0,500.0,kenyatta_kenya
2022-12-24 23:00:00,2.4949739274531072e-05,0,0.0,500.0,kenyatta_kenya
2022-12-25 00:00:00,2.393152686975197e-05,0,0.0,500.0,kenyatta_kenya
2022-12-25 01:00:00,2.2954868265990164e-05,0,0.0,500.0,kenyatta_kenya
2022-12-25 02:00:00,2.2018067630066896e-05,0,0.0,500.0,kenyatta_kenya
2022-12-25 03:00:00,2.1119498336676136e-05,0,0.0,500.0,kenyatta_kenya
2022-12-25 04:00:00,2.0257600143973738e-05,0,0.0,500.0,kenyatta_kenya
2022-12-25 05:00:00,1.943087648443218e-05,0,0.0,500.0,kenyatta_kenya
2022-12-25 06:00:00,1.8637891866257202e-05,0,0.0,500.0,kenyatta_kenya
2022-12-25 07:00:00,1.787726938085408e-05,0,0.0,500.0,kenyatta_kenya
2022-12-25 08:00:00,1.714768831201525e-05,0,0.0,500.0,kenyatta_kenya
2022-12-25 09:00:00,1.6447881842678605e-05,0,0.0,500.0,kenyatta_kenya
2022-12-25 10:00:00,1.577663485527415e-05,0,0.0,500.0,kenyatta_kenya
2022-12-25 11:00:00,1.5132781821839531e-05,0,0.0,500.0,kenyatta_kenya
2022-12-25 12:00:00,1.4515204780241276e-05,0,0.0,500.0,kenyatta_kenya
2022-12-25 13:00:00,1.3922831392987607e-05,0,0.0,500.0,kenyatta_kenya
2022-12-25 14:00:00,1.3354633085261855e-05,0,0.0,500.0,kenyatta_kenya
2022-12-25 15:00:00,1.280962325894404e-05,0,0.0,500.0,kenyatta_kenya
2022-12-25 16:00:00,1.2286855579519129e-05,0,0.0,500.0,kenyatta_kenya
2022-12-25 17:00:00,1.1785422332897346e-05,0,0.0,500.0,kenyatta_kenya
2022-12-25 18:00:00,1.1304452849293706e-05,0,0.0,500.0,kenyatta_kenya
2022-12-25 19:00:00,1.0843111991429887e-05,0,0.0,500.0,kenyatta_kenya
2022-12-25 20:00:00,1.0400598704433224e-05,0,0.0,500.0,kenyatta_kenya
2022-12-25 21:00:00,9.976144624915297e-06,0,0.0,500.0,kenyatta_kenya
2022-12-25 22:00:00,9.569012746814757e-06,0,0.0,500.0,kenyatta_kenya
2022-12-25 23:00:00,9.178496141687678e-06,0,0.0,500.0,kenyatta_kenya
2022-12-26 00:00:00,8.803916731223712e-06,0,0.0,500.0,kenyatta_kenya
2022-12-26 01:00:00,8.444624109856535e-06,0,0.0,500.0,kenyatta_kenya
2022-12-26 02:00:00,8.099994415424035e-06,0,0.0,500.0,kenyatta_kenya
2022-12-26 03:00:00,7.769429245917622e-06,0,0.0,500.0,kenyatta_kenya
2022-12-26 04:00:00,7.452354620439589e-06,0,0.0,500.0,kenyatta_kenya
2022-12-26 05:00:00,7.148219982564232e-06,0,0.0,500.0,kenyatta_kenya
2022-12-26 06:00:00,6.85649724437247e-06,0,0.0,500.0,kenyatta_kenya
2022-12-26 07:00:00,6.576679869499935e-06,0,0.0,500.0,kenyatta_kenya
2022-12-26 08:00:00,6.308281993606244e-06,0,0.0,500.0,kenyatta_kenya
2022-12-26 09:00:00,6.050837580738518e-06,0,0.0,500.0,kenyatta_kenya
2022-12-26 10:00:00,5.803899614124154e-06,0,0.0,500.0,kenyatta_kenya
2022-12-26 11:00:00,5.567039319987687e-06,0,0.0,500.0,kenyatta_kenya
2022-12-26 12:00:00,5.3398454230442094e-06,0,0.0,500.0,kenyatta_kenya
2022-12-26 13:00:00,5.121923432376495e-06,0,0.0,500.0,kenyatta_kenya
2022-12-26 14:00:00,4.912894956455787e-06,0,0.0,500.0,kenyatta_kenya
2022-12-26 15:00:00,4.712397046117043e-06,0,0.0,500.0,kenyatta_kenya
2022-12-26 16:00:00,4.520081564347715e-06,0,0.0,500.0,kenyatta_kenya
2022-12-26 17:00:00,4.335614581795712e-06,0,0.0,500.0,kenyatta_kenya
2022-12-26 18:00:00,4.1586757969470866e-06,0,0.0,500.0,kenyatta_kenya
2022-12-26 19:00:00,3.988957979966591e-06,0,0.0,500.0,kenyatta_kenya
2022-12-26 20:00:00,3.826166439235322e-06,0,0.0,500.0,kenyatta_kenya
2022-12-26 21:00:00,3.6700185096593285e-06,0,0.0,500.0,kenyatta_kenya
2022-12-26 22:00:00,3.5202430618606215e-06,0,0.0,500.0,kenyatta_kenya
2022-12-26 23:00:00,3.376580031398302e-06,0,0.0,500.0,kenyatta_kenya
2022-12-27 00:00:00,3.23877996720249e-06,0,0.0,500.0,kenyatta_kenya
2022-12-27 01:00:00,3.1066035984369104e-06,0,0.0,500.0,kenyatta_kenya
2022-12-27 02:00:00,2.9798214190379976e-06,0,0.0,500.0,kenyatta_kenya
2022-12-27 03:00:00,2.8582132892092348e-06,0,0.0,500.0,kenyatta_kenya
2022-12-27 04:00:00,2.741568053178732e-06,0,0.0,500.0,kenyatta_kenya
2022-12-27 05:00:00,2.629683172556267e-06,0,0.0,500.0,kenyatta_kenya
2022-12-27 06:00:00,2.522364374653278e-06,0,0.0,500.0,kenyatta_kenya
2022-12-27 07:00:00,2.4194253151551105e-06,0,0.0,500.0,kenyatta_kenya
2022-12-27 08:00:00,2.3206872545597374e-06,0,0.0,500.0,kenyatta_kenya
2022-12-27 09:00:00,2.225978747821248e-06,0,0.0,500.0,kenyatta_kenya
2022-12-27 10:00:00,2.1351353466591435e-06,0,0.0,500.0,kenyatta_kenya
2022-12-27 11:00:00,2.0479993140165167e-06,0,0.0,500.0,kenyatta_kenya
2022-12-27 12:00:00,1.9644193501713877e-06,0,0.0,500.0,kenyatta_kenya
2022-12-27 13:00:00,1.8842503300255805e-06,0,0.0,500.0,kenyatta_kenya
2022-12-27 14:00:00,1.8073530511149522e-06,0,0.0,500.0,kenyatta_kenya
2022-12-27 15:00:00,1.7335939919034933e-06,0,0.0,500.0,kenyatta_kenya
2022-12-27 16:00:00,1.6628450799415764e-06,0,0.0,500.0,kenyatta_kenya
2022-12-27 17:00:00,1.594983469485763e-06,0,0.0,500.0,kenyatta_kenya
2022-12-27 18:00:00,1.529891328194097e-06,0,0.0,500.0,kenyatta_kenya
2022-12-27 19:00:00,1.467455632526475e-06,0,0.0,500.0,kenyatta_kenya
2022-12-27 20:00:00,1.4075679714948174e-06,0,0.0,500.0,kenyatta_kenya
2022-12-27 21:00:00,1.3501243584223233e-06,0,0.0,500.0,kenyatta_kenya
2022-12-27 22:00:00,1.2950250503849325e-06,0,0.0,500.0,kenyatta_kenya
2022-12-27 23:00:00,1.2421743750214586e-06,0,0.0,500.0,kenyatta_kenya
2022-12-28 00:00:00,1.1914805644117143e-06,0,0.0,500.0,kenyatta_kenya
2022-12-28 01:00:00,1.1428555957341625e-06,0,0.0,500.0,kenyatta_kenya
2022-12-28 02:00:00,1.0962150384263927e-06,0,0.0,500.0,kenyatta_kenya
2022-12-28 03:00:00,1.0514779075830835e-06,0,0.0,500.0,kenyatta_kenya
2022-12-28 04:00:00,1.008566523336871e-06,0,0.0,500.0,kenyatta_kenya
2022-12-28 05:00:00,9.674063759779448e-07,0,0.0,500.0,kenyatta_kenya
2022-12-28 06:00:00,9.279259965782026e-07,0,0.0,500.0,kenyatta_kenya
2022-12-28 07:00:00,8.900568328953027e-07,0,0.0,500.0,kenyatta_kenya
2022-12-28 08:00:00,8.537331303411247e-07,0,0.0,500.0,kenyatta_kenya
2022-12-28 09:00:00,8.188918178079877e-07,0,0.0,500.0,kenyatta_kenya
2022-12-28 10:00:00,7.854723981543594e-07,0,0.0,500.0,kenyatta_kenya
2022-12-28 11:00:00,7.534168431598934e-07,0,0.0,500.0,kenyatta_kenya
2022-12-28 12:00:00,7.226694927674179e-07,0,0.0,500.0,kenyatta_kenya
2022-12-28 13:00:00,6.931769584369162e-07,0,0.0,500.0,kenyatta_kenya
2022-12-28 14:00:00,6.648880304436698e-07,0,0.0,500.0,kenyatta_kenya
2022-12-28 15:00:00,6.377535889596271e-07,0,0.0,500.0,kenyatta_kenya
2022-12-28 16:00:00,6.117265187635895e-07,0,0.0,500.0,kenyatta_kenya
2022-12-28 17:00:00,5.867616274321108e-07,0,0.0,500.0,kenyatta_kenya
2022-12-28 18:00:00,5.6281556686908e-07,0,0.0,500.0,kenyatta_kenya
2022-12-28 19:00:00,5.39846758037725e-07,0,0.0,500.0,kenyatta_kenya
2022-12-28 20:00:00,5.178153187643341e-07,0,0.0,500.0,kenyatta_kenya
2022-12-28 21:00:00,4.966829944883563e-07,0,0.0,500.0,kenyatta_kenya
2022-12-28 22:00:00,4.7641309183862795e-07,0,0.0,500.0,kenyatta_kenya
2022-12-28 23:00:00,4.5697041492037977e-07,0,0.0,500.0,kenyatta_kenya
2022-12-29 00:00:00,4.3832120420241615e-07,0,0.0,500.0,kenyatta_kenya
2022-12-29 01:00:00,4.2043307789833954e-07,0,0.0,500.0,kenyatta_kenya
2022-12-29 02:00:00,4.032749757400325e-07,0,0.0,500.0,kenyatta_kenya
2022-12-29 03:00:00,3.868171050457822e-07,0,0.0,500.0,kenyatta_kenya
2022-12-29 04:00:00,3.710308889893925e-07,0,0.0,500.0,kenyatta_kenya
2022-12-29 05:00:00,3.558889169804566e-07,0,0.0,500.0,kenyatta_kenya
2022-12-29 06:00:00,3.413648970696429e-07,0,0.0,500.0,kenyatta_kenya
2022-12-29 07:00:00,3.274336102963478e-07,0,0.0,500.0,kenyatta_kenya
2022-12-29 08:00:00,3.140708668994391e-07,0,0.0,500.0,kenyatta_kenya
2022-12-29 09:00:00,3.0125346431506957e-07,0,0.0,500.0,kenyatta_kenya
2022-12-29 10:00:00,2.889591468886184e-07,0,0.0,500.0,kenyatta_kenya
2022-12-29 11:00:00,2.771665672308132e-07,0,0.0,500.0,kenyatta_kenya
2022-12-29 12:00:00,2.658552491509278e-07,0,0.0,500.0,kenyatta_kenya
2022-12-29 13:00:00,2.5500555210269286e-07,0,0.0,500.0,kenyatta_kenya
2022-12-29 14:00:00,2.4459863708119773e-07,0,0.0,500.0,kenyatta_kenya
2022-12-29 15:00:00,2.3461643391154975e-07,0,0.0,500.0,kenyatta_kenya
2022-12-29 16:00:00,2.250416098725011e-07,0,0.0,500.0,kenyatta_kenya
2022-12-29 17:00:00,2.1585753960057052e-07,0,0.0,500.0,kenyatta_kenya
2022-12-29 18:00:00,2.0704827622238608e-07,0,0.0,500.0,kenyatta_kenya
2022-12-29 19:00:00,1.9859852366513313e-07,0,0.0,500.0,kenyatta_kenya
2022-12-29 20:00:00,1.9049361009703517e-07,0,0.0,500.0,kenyatta_kenya
2022-12-29 21:00:00,1.8271946245173542e-07,0,0.0,500.0,kenyatta_kenya
2022-12-29 22:00:00,1.7526258199235345e-07,0,0.0,500.0,kenyatta_kenya
2022-12-29 23:00:00,1.6811002087279115e-07,0,0.0,500.0,kenyatta_kenya
2022-12-30 00:00:00,1.612493596555788e-07,0,0.0,500.0,kenyatta_kenya
2022-12-30 01:00:00,1.546686857472306e-07,0,0.0,500.0,kenyatta_kenya
2022-12-30 02:00:00,1.4835657271366985e-07,0,0.0,500.0,kenyatta_kenya
2022-12-30 03:00:00,1.4230206043979772e-07,0,0.0,500.0,kenyatta_kenya
2022-12-30 04:00:00,1.3649463609876117e-07,0,0.0,500.0,kenyatta_kenya
2022-12-30 05:00:00,1.3092421589787997e-07,0,0.0,500.0,kenyatta_kenya
2022-12-30 06:00:00,1.2558112756952738e-07,0,0.0,500.0,kenyatta_kenya
2022-12-30 07:00:00,1.2045609357656826e-07,0,0.0,500.0,kenyatta_kenya
2022-12-30 08:00:00,1.155402150031959e-07,0,0.0,500.0,kenyatta_kenya
2022-12-30 09:00:00,1.1082495610318885e-07,0,0.0,500.0,kenyatta_kenya
2022-12-30 10:00:00,1.0630212947876166e-07,0,0.0,500.0,kenyatta_kenya
2022-12-30 11:00:00,1.019638818642786e-07,0,0.0,500.0,kenyatta_kenya
2022-12-30 12:00:00,9.78026804901379e-08,0,0.0,500.0,kenyatta_kenya
2022-12-30 13:00:00,9.381130000315378e-08,0,0.0,500.0,kenyatta_kenya
2022-12-30 14:00:00,8.998280992072745e-08,0,0.0,500.0,kenyatta_kenya
2022-12-30 15:00:00,8.631056259701755e-08,0,0.0,500.0,kenyatta_kenya
2022-12-30 16:00:00,8.278818168021744e-08,0,0.0,500.0,kenyatta_kenya
2022-12-30 17:00:00,7.940955104090038e-08,0,0.0,500.0,kenyatta_kenya
2022-12-30 18:00:00,7.616880415220182e-08,0,0.0,500.0,kenyatta_kenya
2022-12-30 19:00:00,7.306031390340264e-08,0,0.0,500.0,kenyatta_kenya
2022-12-30 20:00:00,7.007868282922792e-08,0,0.0,500.0,kenyatta_kenya
2022-12-30 21:00:00,6.721873373789077e-08,0,0.0,500.0,kenyatta_kenya
2022-12-30 22:00:00,6.447550072161107e-08,0,0.0,500.0,kenyatta_kenya
2022-12-30 23:00:00,6.184422053400191e-08,0,0.0,500.0,kenyatta_kenya
2022-12-31 00:00:00,5.9320324319347245e-08,0,0.0,500.0,kenyatta_kenya
2022-12-31 01:00:00,5.6899429679412624e-08,0,0.0,500.0,kenyatta_kenya
2022-12-31 02:00:00,5.457733306401532e-08,0,0.0,500.0,kenyatta_kenya
2022-12-31 03:00:00,5.23500024721376e-08,0,0.0,500.0,kenyatta_kenya
2022-12-31 04:00:00,5.0213570450911634e-08,0,0.0,500.0,kenyatta_kenya
2022-12-31 05:00:00,4.816432738032134e-08,0,0.0,500.0,kenyatta_kenya
2022-12-31 06:00:00,4.6198715031957336e-08,0,0.0,500.0,kenyatta_kenya
2022-12-31 07:00:00,4.431332039064289e-08,0,0.0,500.0,kenyatta_kenya
2022-12-31 08:00:00,4.250486972820401e-08,0,0.0,500.0,kenyatta_kenya
2022-12-31 09:00:00,4.0770222919090733e-08,0,0.0,500.0,kenyatta_kenya
2022-12-31 10:00:00,3.910636798798114e-08,0,0.0,500.0,kenyatta_kenya
2022-12-31 11:00:00,3.751041587990176e-08,0,0.0,500.0,kenyatta_kenya
2022-12-31 12:00:00,3.597959544378106e-08,0,0.0,500.0,kenyatta_kenya
2022-12-31 13:00:00,3.451124862072674e-08,0,0.0,500.0,kenyatta_kenya
2022-12-31 14:00:00,3.310282582867333e-08,0,0.0,500.0,kenyatta_kenya
2022-12-31 15:00:00,3.175188153538361e-08,0,0.0,500.0,kenyatta_kenya
2022-12-31 16:00:00,3.0456070012118236e-08,0,0.0,500.0,kenyatta_kenya
2022-12-31 17:00:00,2.9213141260601555e-08,0,0.0,500.0,kenyatta_kenya
2022-12-31 18:00:00,2.8020937106209037e-08,0,0.0,500.0,kenyatta_kenya
2022-12-31 19:00:00,2.6877387450593924e-08,0,0.0,500.0,kenyatta_kenya
2022-12-31 20:00:00,2.5780506677247114e-08,0,0.0,500.0,kenyatta_kenya
2022-12-31 21:00:00,2.472839020374723e-08,0,0.0,500.0,kenyatta_kenya
2022-12-31 22:00:00,2.371921117471521e-08,0,0.0,500.0,kenyatta_kenya
2022-12-31 23:00:00,2.275121728973206e-08,0,0.0,500.0,kenyatta_kenya
