datetime,eq_stress,eq_recent_count_24h,eq_max_mag_24h,eq_distance_min_km,hospital
2022-01-01 00:00:00,0.0,0,0.0,500.0,dhaka_bangladesh
2022-01-01 01:00:00,0.0,0,0.0,500.0,dhaka_bangladesh
2022-01-01 02:00:00,0.0,0,0.0,500.0,dhaka_bangladesh
2022-01-01 03:00:00,0.0,0,0.0,500.0,dhaka_bangladesh
2022-01-01 04:00:00,0.0,0,0.0,500.0,dhaka_bangladesh
2022-01-01 05:00:00,0.0,0,0.0,500.0,dhaka_bangladesh
2022-01-01 06:00:00,0.0,0,0.0,500.0,dhaka_bangladesh
2022-01-01 07:00:00,0.0,0,0.0,500.0,dhaka_bangladesh
2022-01-01 08:00:00,0.0,0,0.0,500.0,dhaka_bangladesh
2022-01-01 09:00:00,0.0,0,0.0,500.0,dhaka_bangladesh
2022-01-01 10:00:00,0.0,0,0.0,500.0,dhaka_bangladesh
2022-01-01 11:00:00,0.0,0,0.0,500.0,dhaka_bangladesh
2022-01-01 12:00:00,0.0,0,0.0,500.0,dhaka_bangladesh
2022-01-01 13:00:00,0.0,0,0.0,500.0,dhaka_bangladesh
2022-01-01 14:00:00,0.0,0,0.0,500.0,dhaka_bangladesh
2022-01-01 15:00:00,0.0,0,0.0,500.0,dhaka_bangladesh
2022-01-01 16:00:00,0.0,0,0.0,500.0,dhaka_bangladesh
2022-01-01 17:00:00,0.0,0,0.0,500.0,dhaka_bangladesh
2022-01-01 18:00:00,0.0,0,0.0,500.0,dhaka_bangladesh
2022-01-01 19:00:00,0.0,0,0.0,500.0,dhaka_bangladesh
2022-01-01 20:00:00,0.0,0,0.0,500.0,dhaka_bangladesh
2022-01-01 21:00:00,0.0,0,0.0,500.0,dhaka_bangladesh
2022-01-01 22:00:00,0.0,0,0.0,500.0,dhaka_bangladesh
2022-01-01 23:00:00,0.0,0,0.0,500.0,dhaka_bangladesh
2022-01-02 00:00:00,0.0,0,0.0,500.0,dhaka_bangladesh
2022-01-02 01:00:00,0.0,0,0.0,500.0,dhaka_bangladesh
2022-01-02 02:00:00,0.0,0,0.0,500.0,dhaka_bangladesh
2022-01-02 03:00:00,0.0,0,0.0,500.0,dhaka_bangladesh
2022-01-02 04:00:00,0.0,0,0.0,500.0,dhaka_bangladesh
2022-01-02 05:00:00,0.0,0,0.0,500.0,dhaka_bangladesh
2022-01-02 06:00:00,0.0,0,0.0,500.0,dhaka_bangladesh
2022-01-02 07:00:00,0.0,0,0.0,500.0,dhaka_bangladesh
2022-01-02 08:00:00,0.0,0,0.0,500.0,dhaka_bangladesh
2022-01-02 09:00:00,0.0,0,0.0,500.0,dhaka_bangladesh
2022-01-02 10:00:00,0.0,0,0.0,500.0,dhaka_bangladesh
2022-01-02 11:00:00,0.0,0,0.0,500.0,dhaka_bangladesh
2022-01-02 12:00:00,0.0,0,0.0,500.0,dhaka_bangladesh
2022-01-02 13:00:00,0.0,0,0.0,500.0,dhaka_bangladesh
2022-01-02 14:00:00,0.0,0,0.0,500.0,dhaka_bangladesh
2022-01-02 15:00:00,0.0,0,0.0,500.0,dhaka_bangladesh
2022-01-02 16:00:00,0.0,0,0.0,500.0,dhaka_bangladesh
2022-01-02 17:00:00,0.0,0,0.0,500.0,dhaka_bangladesh
2022-01-02 18:00:00,0.0,0,0.0,500.0,dhaka_bangladesh
2022-01-02 19:00:00,0.0,0,0.0,500.0,dhaka_bangladesh
2022-01-02 20:00:00,0.0,0,0.0,500.0,dhaka_bangladesh
2022-01-02 21:00:00,0.0,0,0.0,500.0,dhaka_bangladesh
2022-01-02 22:00:00,0.0,0,0.0,500.0,dhaka_bangladesh
2022-01-02 23:00:00,0.0,0,0.0,500.0,dhaka_bangladesh
2022-01-03 00:00:00,0.0,0,0.0,500.0,dhaka_bangladesh
2022-01-03 01:00:00,0.0,0,0.0,500.0,dhaka_bangladesh
2022-01-03 02:00:00,0.0,0,0.0,500.0,dhaka_bangladesh
2022-01-03 03:00:00,0.0,0,0.0,500.0,dhaka_bangladesh
2022-01-03 04:00:00,0.0,0,0.0,500.0,dhaka_bangladesh
2022-01-03 05:00:00,0.0,0,0.0,500.0,dhaka_bangladesh
2022-01-03 06:00:00,0.0,0,0.0,500.0,dhaka_bangladesh
2022-01-03 07:00:00,0.0,0,0.0,500.0,dhaka_bangladesh
2022-01-03 08:00:00,0.0,0,0.0,500.0,dhaka_bangladesh
2022-01-03 09:00:00,0.0,0,0.0,500.0,dhaka_bangladesh
2022-01-03 10:00:00,0.0,0,0.0,500.0,dhaka_bangladesh
2022-01-03 11:00:00,0.0,0,0.0,500.0,dhaka_bangladesh
2022-01-03 12:00:00,0.0,0,0.0,500.0,dhaka_bangladesh
2022-01-03 13:00:00,0.0,0,0.0,500.0,dhaka_bangladesh
2022-01-03 14:00:00,0.0,0,0.0,500.0,dhaka_bangladesh
2022-01-03 15:00:00,0.0,0,0.0,500.0,dhaka_bangladesh
2022-01-03 16:00:00,0.0,0,0.0,500.0,dhaka_bangladesh
2022-01-03 17:00:00,0.0,0,0.0,500.0,dhaka_bangladesh
2022-01-03 18:00:00,0.0,0,0.0,500.0,dhaka_bangladesh
2022-01-03 19:00:00,0.0,0,0.0,500.0,dhaka_bangladesh
2022-01-03 20:00:00,0.0,0,0.0,500.0,dhaka_bangladesh
2022-01-03 21:00:00,0.0,0,0.0,500.0,dhaka_bangladesh
2022-01-03 22:00:00,0.0,0,0.0,500.0,dhaka_bangladesh
2022-01-03 23:00:00,0.0,0,0.0,500.0,dhaka_bangladesh
2022-01-04 00:00:00,0.0,0,0.0,500.0,dhaka_bangladesh
2022-01-04 01:00:00,0.0,0,0.0,500.0,dhaka_bangladesh
2022-01-04 02:00:00,0.0,0,0.0,500.0,dhaka_bangladesh
2022-01-04 03:00:00,0.0,0,0.0,500.0,dhaka_bangladesh
2022-01-04 04:00:00,0.0,0,0.0,500.0,dhaka_bangladesh
2022-01-04 05:00:00,0.0,0,0.0,500.0,dhaka_bangladesh
2022-01-04 06:00:00,0.0,0,0.0,500.0,dhaka_bangladesh
2022-01-04 07:00:00,0.0,0,0.0,500.0,dhaka_bangladesh
2022-01-04 08:00:00,0.0,0,0.0,500.0,dhaka_bangladesh
2022-01-04 09:00:00,0.0,0,0.0,500.0,dhaka_bangladesh
2022-01-04 10:00:00,0.0,0,0.0,500.0,dhaka_bangladesh
2022-01-04 11:00:00,0.0,0,0.0,500.0,dhaka_bangladesh
2022-01-04 12:00:00,0.0,0,0.0,500.0,dhaka_bangladesh
2022-01-04 13:00:00,0.0,0,0.0,500.0,dhaka_bangladesh
2022-01-04 14:00:00,0.0,0,0.0,500.0,dhaka_bangladesh
2022-01-04 15:00:00,0.0,0,0.0,500.0,dhaka_bangladesh
2022-01-04 16:00:00,0.0,0,0.0,500.0,dhaka_bangladesh
2022-01-04 17:00:00,0.0,0,0.0,500.0,dhaka_bangladesh
2022-01-04 18:00:00,0.0,0,0.0,500.0,dhaka_bangladesh
2022-01-04 19:00:00,0.0,0,0.0,500.0,dhaka_bangladesh
2022-01-04 20:00:00,0.0,0,0.0,500.0,dhaka_bangladesh
2022-01-04 21:00:00,0.0,0,0.0,500.0,dhaka_bangladesh
2022-01-04 22:00:00,0.0,0,0.0,500.0,dhaka_bangladesh
2022-01-04 23:00:00,0.0,0,0.0,500.0,dhaka_bangladesh
2022-01-05 00:00:00,0.0,0,0.0,500.0,dhaka_bangladesh
2022-01-05 01:00:00,0.0,0,0.0,500.0,dhaka_bangladesh
2022-01-05 02:00:00,0.0,0,0.0,500.0,dhaka_bangladesh
2022-01-05 03:00:00,0.0,0,0.0,500.0,dhaka_bangladesh
2022-01-05 04:00:00,0.0,0,0.0,500.0,dhaka_bangladesh
2022-01-05 05:00:00,0.0,0,0.0,500.0,dhaka_bangladesh
2022-01-05 06:00:00,0.0,0,0.0,500.0,dhaka_bangladesh
2022-01-05 07:00:00,0.0,0,0.0,500.0,dhaka_bangladesh
2022-01-05 08:00:00,0.0,0,0.0,500.0,dhaka_bangladesh
2022-01-05 09:00:00,0.0,0,0.0,500.0,dhaka_bangladesh
2022-01-05 10:00:00,0.0,0,0.0,500.0,dhaka_bangladesh
2022-01-05 11:00:00,0.0,0,0.0,500.0,dhaka_bangladesh
2022-01-05 12:00:00,0.0,0,0.0,500.0,dhaka_bangladesh
2022-01-05 13:00:00,0.0,0,0.0,500.0,dhaka_bangladesh
2022-01-05 14:00:00,0.0,0,0.0,500.0,dhaka_bangladesh
2022-01-05 15:00:00,0.0,0,0.0,500.0,dhaka_bangladesh
2022-01-05 16:00:00,0.0,0,0.0,500.0,dhaka_bangladesh
2022-01-05 17:00:00,0.0,0,0.0,500.0,dhaka_bangladesh
2022-01-05 18:00:00,0.0,0,0.0,500.0,dhaka_bangladesh
2022-01-05 19:00:00,0.0,0,0.0,500.0,dhaka_bangladesh
2022-01-05 20:00:00,0.0,0,0.0,500.0,dhaka_bangladesh
2022-01-05 21:00:00,0.0,0,0.0,500.0,dhaka_bangladesh
2022-01-05 22:00:00,0.0,0,0.0,500.0,dhaka_bangladesh
2022-01-05 23:00:00,0.0,0,0.0,500.0,dhaka_bangladesh
2022-01-06 00:00:00,0.0,0,0.0,500.0,dhaka_bangladesh
2022-01-06 01:00:00,0.0,0,0.0,500.0,dhaka_bangladesh
2022-01-06 02:00:00,0.0,0,0.0,500.0,dhaka_bangladesh
2022-01-06 03:00:00,0.0,0,0.0,500.0,dhaka_bangladesh
2022-01-06 04:00:00,0.0,0,0.0,500.0,dhaka_bangladesh
2022-01-06 05:00:00,0.0,0,0.0,500.0,dhaka_bangladesh
2022-01-06 06:00:00,0.0,0,0.0,500.0,dhaka_bangladesh
2022-01-06 07:00:00,0.0,0,0.0,500.0,dhaka_bangladesh
2022-01-06 08:00:00,0.0,0,0.0,500.0,dhaka_bangladesh
2022-01-06 09:00:00,0.0,0,0.0,500.0,dhaka_bangladesh
2022-01-06 10:00:00,0.0,0,0.0,500.0,dhaka_bangladesh
2022-01-06 11:00:00,0.0,0,0.0,500.0,dhaka_bangladesh
2022-01-06 12:00:00,0.0,0,0.0,500.0,dhaka_bangladesh
2022-01-06 13:00:00,0.0,0,0.0,500.0,dhaka_bangladesh
2022-01-06 14:00:00,0.0,0,0.0,500.0,dhaka_bangladesh
2022-01-06 15:00:00,1.0891201221638631,1,4.2,369.0903734600094,dhaka_bangladesh
2022-01-06 16:00:00,1.0446725387049942,1,4.2,369.0903734600094,dhaka_bangladesh
2022-01-06 17:00:00,1.0020388852572686,1,4.2,369.0903734600094,dhaka_bangladesh
2022-01-06 18:00:00,0.9611451343521654,1,4.2,369.0903734600094,dhaka_bangladesh
2022-01-06 19:00:00,0.9219202796223432,1,4.2,369.0903734600094,dhaka_bangladesh
2022-01-06 20:00:00,0.8842962125088603,1,4.2,369.0903734600094,dhaka_bangladesh
2022-01-06 21:00:00,0.8482076040000408,1,4.2,369.0903734600094,dhaka_bangladesh
2022-01-06 22:00:00,0.8135917911966419,1,4.2,369.0903734600094,dhaka_bangladesh
2022-01-06 23:00:00,0.7803886685063584,1,4.2,369.0903734600094,dhaka_bangladesh
2022-01-07 00:00:00,0.7485405832787371,1,4.2,369.0903734600094,dhaka_bangladesh
2022-01-07 01:00:00,0.7179922356992895,1,4.2,369.0903734600094,dhaka_bangladesh
2022-01-07 02:00:00,0.6886905827689778,1,4.2,369.0903734600094,dhaka_bangladesh
2022-01-07 03:00:00,0.6605847462023519,1,4.2,369.0903734600094,dhaka_bangladesh
2022-01-07 04:00:00,0.6336259240844118,1,4.2,369.0903734600094,dhaka_bangladesh
2022-01-07 05:00:00,0.6077673061328028,1,4.2,369.0903734600094,dhaka_bangladesh
2022-01-07 06:00:00,0.5829639924182066,1,4.2,369.0903734600094,dhaka_bangladesh
2022-01-07 07:00:00,0.5591729154017954,1,4.2,369.0903734600094,dhaka_bangladesh
2022-01-07 08:00:00,0.536352765154382,1,4.2,369.0903734600094,dhaka_bangladesh
2022-01-07 09:00:00,0.5144639176274168,1,4.2,369.0903734600094,dhaka_bangladesh
2022-01-07 10:00:00,0.4934683658512824,1,4.2,369.0903734600094,dhaka_bangladesh
2022-01-07 11:00:00,0.47332965394142507,1,4.2,369.0903734600094,dhaka_bangladesh
2022-01-07 12:00:00,0.4540128137977318,1,4.2,369.0903734600094,dhaka_bangladesh
2022-01-07 13:00:00,0.4354843043872387,1,4.2,369.0903734600094,dhaka_bangladesh
2022-01-07 14:00:00,0.41771195350474605,1,4.2,369.0903734600094,dhaka_bangladesh
2022-01-07 15:00:00,0.40066490191021503,0,0.0,500.0,dhaka_bangladesh
2022-01-07 16:00:00,0.38431354974594517,0,0.0,500.0,dhaka_bangladesh
2022-01-07 17:00:00,0.368629505140499,0,0.0,500.0,dhaka_bangladesh
2022-01-07 18:00:00,0.3535855349101255,0,0.0,500.0,dhaka_bangladesh
2022-01-07 19:00:00,0.3391555172720874,0,0.0,500.0,dhaka_bangladesh
2022-01-07 20:00:00,0.32531439648778254,0,0.0,500.0,dhaka_bangladesh
2022-01-07 21:00:00,0.31203813935690305,0,0.0,500.0,dhaka_bangladesh
2022-01-07 22:00:00,0.2993036934870934,0,0.0,500.0,dhaka_bangladesh
2022-01-07 23:00:00,0.287088947266645,0,0.0,500.0,dhaka_bangladesh
2022-01-08 00:00:00,0.2753726914707273,0,0.0,500.0,dhaka_bangladesh
2022-01-08 01:00:00,0.2641345824344891,0,0.0,500.0,dhaka_bangladesh
2022-01-08 02:00:00,0.25335510672908657,0,0.0,500.0,dhaka_bangladesh
2022-01-08 03:00:00,0.24301554727930025,0,0.0,500.0,dhaka_bangladesh
2022-01-08 04:00:00,0.2330979508639121,0,0.0,500.0,dhaka_bangladesh
2022-01-08 05:00:00,0.22358509694240844,0,0.0,500.0,dhaka_bangladesh
2022-01-08 06:00:00,0.21446046775388278,0,0.0,500.0,dhaka_bangladesh
2022-01-08 07:00:00,0.20570821963621866,0,0.0,500.0,dhaka_bangladesh
2022-01-08 08:00:00,0.19731315551575193,0,0.0,500.0,dhaka_bangladesh
2022-01-08 09:00:00,0.18926069851964505,0,0.0,500.0,dhaka_bangladesh
2022-01-08 10:00:00,0.1815368666651546,0,0.0,500.0,dhaka_bangladesh
2022-01-08 11:00:00,0.1741282485818437,0,0.0,500.0,dhaka_bangladesh
2022-01-08 12:00:00,0.16702198022458367,0,0.0,500.0,dhaka_bangladesh
2022-01-08 13:00:00,0.16020572253691162,0,0.0,500.0,dhaka_bangladesh
2022-01-08 14:00:00,0.1536676400259575,0,0.0,500.0,dhaka_bangladesh
2022-01-08 15:00:00,0.14739638021174065,0,0.0,500.0,dhaka_bangladesh
2022-01-08 16:00:00,0.14138105391515163,0,0.0,500.0,dhaka_bangladesh
2022-01-08 17:00:00,0.13561121635039206,0,0.0,500.0,dhaka_bangladesh
2022-01-08 18:00:00,0.13007684898904245,0,0.0,500.0,dhaka_bangladesh
2022-01-08 19:00:00,0.12476834216426702,0,0.0,500.0,dhaka_bangladesh
2022-01-08 20:00:00,0.11967647838495045,0,0.0,500.0,dhaka_bangladesh
2022-01-08 21:00:00,0.11479241633079414,0,0.0,500.0,dhaka_bangladesh
2022-01-08 22:00:00,0.1101076755005806,0,0.0,500.0,dhaka_bangladesh
2022-01-08 23:00:00,0.10561412148695105,0,0.0,500.0,dhaka_bangladesh
2022-01-09 00:00:00,0.10130395185212716,0,0.0,500.0,dhaka_bangladesh
2022-01-09 01:00:00,0.09716968258005214,0,0.0,500.0,dhaka_bangladesh
2022-01-09 02:00:00,0.09320413508142744,0,0.0,500.0,dhaka_bangladesh
2022-01-09 03:00:00,0.08940042372908119,0,0.0,500.0,dhaka_bangladesh
2022-01-09 04:00:00,0.08575194390202433,0,0.0,500.0,dhaka_bangladesh
2022-01-09 05:00:00,0.08225236051743597,0,0.0,500.0,dhaka_bangladesh
2022-01-09 06:00:00,0.07889559703066452,0,0.0,500.0,dhaka_bangladesh
2022-01-09 07:00:00,0.07567582488414444,0,0.0,500.0,dhaka_bangladesh
2022-01-09 08:00:00,0.07258745338690871,0,0.0,500.0,dhaka_bangladesh
2022-01-09 09:00:00,0.06962512000712386,0,0.0,500.0,dhaka_bangladesh
2022-01-09 10:00:00,0.06678368106079173,0,0.0,500.0,dhaka_bangladesh
2022-01-09 11:00:00,0.06405820278045063,0,0.0,500.0,dhaka_bangladesh
2022-01-09 12:00:00,0.06144395274836753,0,0.0,500.0,dhaka_bangladesh
2022-01-09 13:00:00,0.0589363916793462,0,0.0,500.0,dhaka_bangladesh
2022-01-09 14:00:00,0.0565311655388836,0,0.0,500.0,dhaka_bangladesh
2022-01-09 15:00:00,0.054224097982988585,0,0.0,500.0,dhaka_bangladesh
2022-01-09 16:00:00,0.05201118310653549,0,0.0,500.0,dhaka_bangladesh
2022-01-09 17:00:00,0.049888578487561765,0,0.0,500.0,dhaka_bangladesh
2022-01-09 18:00:00,0.047852598515431014,0,0.0,500.0,dhaka_bangladesh
2022-01-09 19:00:00,0.04589970799127781,0,0.0,500.0,dhaka_bangladesh
2022-01-09 20:00:00,0.04402651598962174,0,0.0,500.0,dhaka_bangladesh
2022-01-09 21:00:00,0.04222976997049208,0,0.0,500.0,dhaka_bangladesh
2022-01-09 22:00:00,0.04050635013184007,0,0.0,500.0,dhaka_bangladesh
2022-01-09 23:00:00,0.03885326399243235,0,0.0,500.0,dhaka_bangladesh
2022-01-10 00:00:00,0.03726764119581922,0,0.0,500.0,dhaka_bangladesh
2022-01-10 01:00:00,0.03574672852635598,0,0.0,500.0,dhaka_bangladesh
2022-01-10 02:00:00,0.034287885128623144,0,0.0,500.0,dhaka_bangladesh
2022-01-10 03:00:00,0.03288857792194453,0,0.0,500.0,dhaka_bangladesh
2022-01-10 04:00:00,0.03154637720204155,0,0.0,500.0,dhaka_bangladesh
2022-01-10 05:00:00,0.03025895242218633,0,0.0,500.0,dhaka_bangladesh
2022-01-10 06:00:00,0.029024068146528158,0,0.0,500.0,dhaka_bangladesh
2022-01-10 07:00:00,0.027839580168566965,0,0.0,500.0,dhaka_bangladesh
2022-01-10 08:00:00,0.02670343178803408,0,0.0,500.0,dhaka_bangladesh
2022-01-10 09:00:00,0.02561365023971532,0,0.0,500.0,dhaka_bangladesh
2022-01-10 10:00:00,0.024568343268015876,0,0.0,500.0,dhaka_bangladesh
2022-01-10 11:00:00,0.0235656958413191,0,0.0,500.0,dhaka_bangladesh
2022-01-10 12:00:00,0.022603967000433947,0,0.0,500.0,dhaka_bangladesh
2022-01-10 13:00:00,0.021681486835659104,0,0.0,500.0,dhaka_bangladesh
2022-01-10 14:00:00,0.020796653587214785,0,0.0,500.0,dhaka_bangladesh
2022-01-10 15:00:00,0.019947930864007354,0,0.0,500.0,dhaka_bangladesh
2022-01-10 16:00:00,0.01913384497589785,0,0.0,500.0,dhaka_bangladesh
2022-01-10 17:00:00,0.018352982374841863,0,0.0,500.0,dhaka_bangladesh
2022-01-10 18:00:00,0.017603987200458145,0,0.0,500.0,dhaka_bangladesh
2022-01-10 19:00:00,0.016885558925763676,0,0.0,500.0,dhaka_bangladesh
2022-01-10 20:00:00,0.016196450098987618,0,0.0,500.0,dhaka_bangladesh
2022-01-10 21:00:00,0.015535464177543173,0,0.0,500.0,dhaka_bangladesh
2022-01-10 22:00:00,0.014901453450396111,0,0.0,500.0,dhaka_bangladesh
2022-01-10 23:00:00,0.014293317045222536,0,0.0,500.0,dhaka_bangladesh
2022-01-11 00:00:00,0.01370999901689579,0,0.0,500.0,dhaka_bangladesh
2022-01-11 01:00:00,0.013150486513983099,0,0.0,500.0,dhaka_bangladesh
2022-01-11 02:00:00,0.01261380802006849,0,0.0,500.0,dhaka_bangladesh
2022-01-11 03:00:00,0.012099031666848383,0,0.0,500.0,dhaka_bangladesh
2022-01-11 04:00:00,0.01160526361607058,0,0.0,500.0,dhaka_bangladesh
2022-01-11 05:00:00,0.011131646507507168,0,0.0,500.0,dhaka_bangladesh
2022-01-11 06:00:00,0.010677357970266631,0,0.0,500.0,dhaka_bangladesh
2022-01-11 07:00:00,0.010241609194859988,0,0.0,500.0,dhaka_bangladesh
2022-01-11 08:00:00,0.009823643563541706,0,0.0,500.0,dhaka_bangladesh
2022-01-11 09:00:00,0.009422735336547245,0,0.0,500.0,dhaka_bangladesh
2022-01-11 10:00:00,0.009038188391945852,0,0.0,500.0,dhaka_bangladesh
2022-01-11 11:00:00,0.008669335016920654,0,0.0,500.0,dhaka_bangladesh
2022-01-11 12:00:00,0.00831553474837736,0,0.0,500.0,dhaka_bangladesh
2022-01-11 13:00:00,0.007976173260868257,0,0.0,500.0,dhaka_bangladesh
2022-01-11 14:00:00,0.007650661299900647,0,0.0,500.0,dhaka_bangladesh
2022-01-11 15:00:00,0.0073384336587775925,0,0.0,500.0,dhaka_bangladesh
2022-01-11 16:00:00,0.00703894819719431,0,0.0,500.0,dhaka_bangladesh
2022-01-11 17:00:00,0.006751684899886155,0,0.0,500.0,dhaka_bangladesh
2022-01-11 18:00:00,0.006476144973693765,0,0.0,500.0,dhaka_bangladesh
2022-01-11 19:00:00,0.0062118499814774,0,0.0,500.0,dhaka_bangladesh
2022-01-11 20:00:00,0.005958341011376717,0,0.0,500.0,dhaka_bangladesh
2022-01-11 21:00:00,0.005715177879973544,0,0.0,500.0,dhaka_bangladesh
2022-01-11 22:00:00,0.005481938367973982,0,0.0,500.0,dhaka_bangladesh
2022-01-11 23:00:00,0.005258217487082722,0,0.0,500.0,dhaka_bangladesh
2022-01-12 00:00:00,0.005043626776796652,0,0.0,500.0,dhaka_bangladesh
2022-01-12 01:00:00,0.004837793629896691,0,0.0,500.0,dhaka_bangladesh
2022-01-12 02:00:00,0.004640360645466656,0,0.0,500.0,dhaka_bangladesh
2022-01-12 03:00:00,0.004450985008315772,0,0.0,500.0,dhaka_bangladesh
2022-01-12 04:00:00,0.004269337893727317,0,0.0,500.0,dhaka_bangladesh
2022-01-12 05:00:00,0.004095103896499779,0,0.0,500.0,dhaka_bangladesh
2022-01-12 06:00:00,0.003927980483289138,0,0.0,500.0,dhaka_bangladesh
2022-01-12 07:00:00,0.5246179841615376,1,4.6,441.69220403135165,dhaka_bangladesh
2022-01-12 08:00:00,0.5032080394175956,1,4.6,441.69220403135165,dhaka_bangladesh
2022-01-12 09:00:00,0.48267184614191744,1,4.6,441.69220403135165,dhaka_bangladesh
2022-01-12 10:00:00,0.4629737460627313,1,4.6,441.69220403135165,dhaka_bangladesh
2022-01-12 11:00:00,0.4440795361416952,1,4.6,441.69220403135165,dhaka_bangladesh
2022-01-12 12:00:00,0.4259564091850305,1,4.6,441.69220403135165,dhaka_bangladesh
2022-01-12 13:00:00,0.40857289687834736,1,4.6,441.69220403135165,dhaka_bangladesh
2022-01-12 14:00:00,0.3918988151462499,1,4.6,441.69220403135165,dhaka_bangladesh
2022-01-12 15:00:00,0.37590521174184593,1,4.6,441.69220403135165,dhaka_bangladesh
2022-01-12 16:00:00,0.3605643159751568,1,4.6,441.69220403135165,dhaka_bangladesh
2022-01-12 17:00:00,0.3458494904931385,1,4.6,441.69220403135165,dhaka_bangladesh
2022-01-12 18:00:00,0.33173518502758553,1,4.6,441.69220403135165,dhaka_bangladesh
2022-01-12 19:00:00,0.31819689203060925,1,4.6,441.69220403135165,dhaka_bangladesh
2022-01-12 20:00:00,0.3052111041206552,1,4.6,441.69220403135165,dhaka_bangladesh
2022-01-12 21:00:00,1.0940752095410473,2,4.6,410.1549093239828,dhaka_bangladesh
2022-01-12 22:00:00,1.0494254062762434,2,4.6,410.1549093239828,dhaka_bangladesh
2022-01-12 23:00:00,1.0065977857226467,2,4.6,410.1549093239828,dhaka_bangladesh
2022-01-13 00:00:00,0.9655179836145662,2,4.6,410.1549093239828,dhaka_bangladesh
2022-01-13 01:00:00,0.9261146705323656,2,4.6,410.1549093239828,dhaka_bangladesh
2022-01-13 02:00:00,0.8883194280487481,2,4.6,410.1549093239828,dhaka_bangladesh
2022-01-13 03:00:00,0.8520666299295789,2,4.6,410.1549093239828,dhaka_bangladesh
2022-01-13 04:00:00,0.8172933281829659,2,4.6,410.1549093239828,dhaka_bangladesh
2022-01-13 05:00:00,0.7839391437587396,2,4.6,410.1549093239828,dhaka_bangladesh
2022-01-13 06:00:00,0.7519461617085482,2,4.6,410.1549093239828,dhaka_bangladesh
2022-01-13 07:00:00,0.7212588306245225,1,4.5,410.1549093239828,dhaka_bangladesh
2022-01-13 08:00:00,0.6918238661819075,1,4.5,410.1549093239828,dhaka_bangladesh
2022-01-13 09:00:00,0.663590158618169,1,4.5,410.1549093239828,dhaka_bangladesh
2022-01-13 10:00:00,0.6365086839879284,1,4.5,410.1549093239828,dhaka_bangladesh
2022-01-13 11:00:00,0.610532419039633,1,4.5,410.1549093239828,dhaka_bangladesh
2022-01-13 12:00:00,0.5856162595661545,1,4.5,410.1549093239828,dhaka_bangladesh
2022-01-13 13:00:00,0.5617169420875437,1,4.5,410.1549093239828,dhaka_bangladesh
2022-01-13 14:00:00,0.5387929687299563,1,4.5,410.1549093239828,dhaka_bangladesh
2022-01-13 15:00:00,0.5168045351703078,1,4.5,410.1549093239828,dhaka_bangladesh
2022-01-13 16:00:00,0.49571346152154805,1,4.5,410.1549093239828,dhaka_bangladesh
2022-01-13 17:00:00,0.4754831260385453,1,4.5,410.1549093239828,dhaka_bangladesh
2022-01-13 18:00:00,0.4560784015294682,1,4.5,410.1549093239828,dhaka_bangladesh
2022-01-13 19:00:00,0.4374655943622541,1,4.5,410.1549093239828,dhaka_bangladesh
2022-01-13 20:00:00,0.45711321874041166,2,4.5,410.1549093239828,dhaka_bangladesh
2022-01-13 21:00:00,0.4384581801210261,1,4.1,495.24373024273115,dhaka_bangladesh
2022-01-13 22:00:00,0.4205644637553478,1,4.1,495.24373024273115,dhaka_bangladesh
2022-01-13 23:00:00,0.4034009996688879,1,4.1,495.24373024273115,dhaka_bangladesh
2022-01-14 00:00:00,0.3869379858696842,1,4.1,495.24373024273115,dhaka_bangladesh
2022-01-14 01:00:00,0.37114683660124587,1,4.1,495.24373024273115,dhaka_bangladesh
2022-01-14 02:00:00,0.35600013270732295,1,4.1,495.24373024273115,dhaka_bangladesh
2022-01-14 03:00:00,0.3414715740223182,1,4.1,495.24373024273115,dhaka_bangladesh
2022-01-14 04:00:00,0.3275359337046704,1,4.1,495.24373024273115,dhaka_bangladesh
2022-01-14 05:00:00,0.3141690144339175,1,4.1,495.24373024273115,dhaka_bangladesh
2022-01-14 06:00:00,0.30134760639538233,1,4.1,495.24373024273115,dhaka_bangladesh
2022-01-14 07:00:00,0.289049446979525,1,4.1,495.24373024273115,dhaka_bangladesh
2022-01-14 08:00:00,0.2772531821259872,1,4.1,495.24373024273115,dhaka_bangladesh
2022-01-14 09:00:00,0.7939793804108278,2,4.2,435.7743123916224,dhaka_bangladesh
2022-01-14 10:00:00,0.7615766508521119,2,4.2,435.7743123916224,dhaka_bangladesh
2022-01-14 11:00:00,0.7304962942778328,2,4.2,435.7743123916224,dhaka_bangladesh
2022-01-14 12:00:00,0.7006843439285917,2,4.2,435.7743123916224,dhaka_bangladesh
2022-01-14 13:00:00,0.6720890354577386,2,4.2,435.7743123916224,dhaka_bangladesh
2022-01-14 14:00:00,0.6446607170497125,2,4.2,435.7743123916224,dhaka_bangladesh
2022-01-14 15:00:00,0.6183517632065015,2,4.2,435.7743123916224,dhaka_bangladesh
2022-01-14 16:00:00,0.5931164920525225,2,4.2,435.7743123916224,dhaka_bangladesh
2022-01-14 17:00:00,0.5689110860143355,2,4.2,435.7743123916224,dhaka_bangladesh
2022-01-14 18:00:00,0.5456935157374607,2,4.2,435.7743123916224,dhaka_bangladesh
2022-01-14 19:00:00,0.5234234671081919,2,4.2,435.7743123916224,dhaka_bangladesh
2022-01-14 20:00:00,0.5020622712536895,1,4.2,435.7743123916224,dhaka_bangladesh
2022-01-14 21:00:00,0.4815728373988073,1,4.2,435.7743123916224,dhaka_bangladesh
2022-01-14 22:00:00,0.4619195884630693,1,4.2,435.7743123916224,dhaka_bangladesh
2022-01-14 23:00:00,0.44306839928596786,1,4.2,435.7743123916224,dhaka_bangladesh
2022-01-15 00:00:00,0.4249865373733224,1,4.2,435.7743123916224,dhaka_bangladesh
2022-01-15 01:00:00,0.4076426060618095,1,4.2,435.7743123916224,dhaka_bangladesh
2022-01-15 02:00:00,0.39100649000298143,1,4.2,435.7743123916224,dhaka_bangladesh
2022-01-15 03:00:00,0.3750493028721094,1,4.2,435.7743123916224,dhaka_bangladesh
2022-01-15 04:00:00,0.35974333721105944,1,4.2,435.7743123916224,dhaka_bangladesh
2022-01-15 05:00:00,0.3450620163181057,1,4.2,435.7743123916224,dhaka_bangladesh
2022-01-15 06:00:00,0.3309798481011484,1,4.2,435.7743123916224,dhaka_bangladesh
2022-01-15 07:00:00,0.31747238081420553,1,4.2,435.7743123916224,dhaka_bangladesh
2022-01-15 08:00:00,0.3045161606003233,1,4.2,435.7743123916224,dhaka_bangladesh
2022-01-15 09:00:00,0.29208869076718336,0,0.0,500.0,dhaka_bangladesh
2022-01-15 10:00:00,0.28016839272469357,0,0.0,500.0,dhaka_bangladesh
2022-01-15 11:00:00,0.26873456851673866,0,0.0,500.0,dhaka_bangladesh
2022-01-15 12:00:00,0.25776736488202895,0,0.0,500.0,dhaka_bangladesh
2022-01-15 13:00:00,0.24724773878164655,0,0.0,500.0,dhaka_bangladesh
2022-01-15 14:00:00,0.23715742433342957,0,0.0,500.0,dhaka_bangladesh
2022-01-15 15:00:00,0.22747890109578384,0,0.0,500.0,dhaka_bangladesh
2022-01-15 16:00:00,0.2181953636458482,0,0.0,500.0,dhaka_bangladesh
2022-01-15 17:00:00,0.20929069239919215,0,0.0,500.0,dhaka_bangladesh
2022-01-15 18:00:00,0.2007494256203768,0,0.0,500.0,dhaka_bangladesh
2022-01-15 19:00:00,0.19255673257578051,0,0.0,500.0,dhaka_bangladesh
2022-01-15 20:00:00,0.1846983877820724,0,0.0,500.0,dhaka_bangladesh
2022-01-15 21:00:00,0.17716074630561912,0,0.0,500.0,dhaka_bangladesh
2022-01-15 22:00:00,0.16993072006993656,0,0.0,500.0,dhaka_bangladesh
2022-01-15 23:00:00,0.16299575513004738,0,0.0,500.0,dhaka_bangladesh
2022-01-16 00:00:00,0.1563438098742842,0,0.0,500.0,dhaka_bangladesh
2022-01-16 01:00:00,0.14996333411568896,0,0.0,500.0,dhaka_bangladesh
2022-01-16 02:00:00,0.14384324903670398,0,0.0,500.0,dhaka_bangladesh
2022-01-16 03:00:00,0.13797292795233068,0,0.0,500.0,dhaka_bangladesh
2022-01-16 04:00:00,0.1323421778583543,0,0.0,500.0,dhaka_bangladesh
2022-01-16 05:00:00,0.12694122173259587,0,0.0,500.0,dhaka_bangladesh
2022-01-16 06:00:00,0.12176068155845936,0,0.0,500.0,dhaka_bangladesh
2022-01-16 07:00:00,0.11679156204129729,0,0.0,500.0,dhaka_bangladesh
2022-01-16 08:00:00,0.11202523498932015,0,0.0,500.0,dhaka_bangladesh
2022-01-16 09:00:00,0.10745342433192964,0,0.0,500.0,dhaka_bangladesh
2022-01-16 10:00:00,0.10306819174946147,0,0.0,500.0,dhaka_bangladesh
2022-01-16 11:00:00,0.7371113460353669,1,4.2,423.5405241984953,dhaka_bangladesh
2022-01-16 12:00:00,0.7070294318326495,1,4.2,423.5405241984953,dhaka_bangladesh
2022-01-16 13:00:00,0.6781751768797417,1,4.2,423.5405241984953,dhaka_bangladesh
2022-01-16 14:00:00,0.6504984797361731,1,4.2,423.5405241984953,dhaka_bangladesh
2022-01-16 15:00:00,0.6239512836284596,1,4.2,423.5405241984953,dhaka_bangladesh
2022-01-16 16:00:00,0.5984874930061321,1,4.2,423.5405241984953,dhaka_bangladesh
2022-01-16 17:00:00,0.5740628935031611,1,4.2,423.5405241984953,dhaka_bangladesh
2022-01-16 18:00:00,0.550635075165798,1,4.2,423.5405241984953,dhaka_bangladesh
2022-01-16 19:00:00,0.5281633588135313,1,4.2,423.5405241984953,dhaka_bangladesh
2022-01-16 20:00:00,0.50660872540529,1,4.2,423.5405241984953,dhaka_bangladesh
2022-01-16 21:00:00,0.4859337482882526,1,4.2,423.5405241984953,dhaka_bangladesh
2022-01-16 22:00:00,1.4478080829751312,2,4.6,389.4744250634373,dhaka_bangladesh
2022-01-16 23:00:00,1.3887222491071378,2,4.6,389.4744250634373,dhaka_bangladesh
2022-01-17 00:00:00,1.3320477401964574,2,4.6,389.4744250634373,dhaka_bangladesh
2022-01-17 01:00:00,1.277686148762494,2,4.6,389.4744250634373,dhaka_bangladesh
2022-01-17 02:00:00,1.225543083387362,2,4.6,389.4744250634373,dhaka_bangladesh
2022-01-17 03:00:00,1.1755280048181833,2,4.6,389.4744250634373,dhaka_bangladesh
2022-01-17 04:00:00,1.1275540687581418,2,4.6,389.4744250634373,dhaka_bangladesh
2022-01-17 05:00:00,1.0815379750733216,2,4.6,389.4744250634373,dhaka_bangladesh
2022-01-17 06:00:00,1.0373998231534962,2,4.6,389.4744250634373,dhaka_bangladesh
2022-01-17 07:00:00,0.9950629731757178,2,4.6,389.4744250634373,dhaka_bangladesh
2022-01-17 08:00:00,0.9544539130298219,2,4.6,389.4744250634373,dhaka_bangladesh
2022-01-17 09:00:00,0.9155021306747674,2,4.6,389.4744250634373,dhaka_bangladesh
2022-01-17 10:00:00,0.8781399917041892,2,4.6,389.4744250634373,dhaka_bangladesh
2022-01-17 11:00:00,0.8423026219085644,1,4.6,389.4744250634373,dhaka_bangladesh
2022-01-17 12:00:00,0.8079277946300798,1,4.6,389.4744250634373,dhaka_bangladesh
2022-01-17 13:00:00,0.7749558227146093,1,4.6,389.4744250634373,dhaka_bangladesh
2022-01-17 14:00:00,0.7433294548731917,1,4.6,389.4744250634373,dhaka_bangladesh
2022-01-17 15:00:00,0.7129937762730484,1,4.6,389.4744250634373,dhaka_bangladesh
2022-01-17 16:00:00,0.6838961131855397,1,4.6,389.4744250634373,dhaka_bangladesh
2022-01-17 17:00:00,0.6559859415254876,1,4.6,389.4744250634373,dhaka_bangladesh
2022-01-17 18:00:00,0.6292147991230593,1,4.6,389.4744250634373,dhaka_bangladesh
2022-01-17 19:00:00,0.6035362015758826,1,4.6,389.4744250634373,dhaka_bangladesh
2022-01-17 20:00:00,0.5789055615352822,1,4.6,389.4744250634373,dhaka_bangladesh
2022-01-17 21:00:00,0.555280111286488,1,4.6,389.4744250634373,dhaka_bangladesh
2022-01-17 22:00:00,0.5326188284883884,0,0.0,500.0,dhaka_bangladesh
2022-01-17 23:00:00,0.5108823649438825,0,0.0,500.0,dhaka_bangladesh
2022-01-18 00:00:00,0.49003297827715514,0,0.0,500.0,dhaka_bangladesh
2022-01-18 01:00:00,0.4700344663992386,0,0.0,500.0,dhaka_bangladesh
2022-01-18 02:00:00,0.4508521046480691,0,0.0,500.0,dhaka_bangladesh
2022-01-18 03:00:00,2.0193580085434313,1,4.5,318.99538459626996,dhaka_bangladesh
2022-01-18 04:00:00,1.9369469119237646,1,4.5,318.99538459626996,dhaka_bangladesh
2022-01-18 05:00:00,1.857899056897377,1,4.5,318.99538459626996,dhaka_bangladesh
2022-01-18 06:00:00,1.782077187748975,1,4.5,318.99538459626996,dhaka_bangladesh
2022-01-18 07:00:00,1.709349650243519,1,4.5,318.99538459626996,dhaka_bangladesh
2022-01-18 08:00:00,1.6395901630267764,1,4.5,318.99538459626996,dhaka_bangladesh
2022-01-18 09:00:00,1.572677598355137,1,4.5,318.99538459626996,dhaka_bangladesh
2022-01-18 10:00:00,1.5084957717739669,1,4.5,318.99538459626996,dhaka_bangladesh
2022-01-18 11:00:00,1.446933240379302,1,4.5,318.99538459626996,dhaka_bangladesh
2022-01-18 12:00:00,1.3878831093125885,1,4.5,318.99538459626996,dhaka_bangladesh
2022-01-18 13:00:00,1.3312428461524846,1,4.5,318.99538459626996,dhaka_bangladesh
2022-01-18 14:00:00,1.2769141028814255,1,4.5,318.99538459626996,dhaka_bangladesh
2022-01-18 15:00:00,1.224802545117837,1,4.5,318.99538459626996,dhaka_bangladesh
2022-01-18 16:00:00,1.1748176883174688,1,4.5,318.99538459626996,dhaka_bangladesh
2022-01-18 17:00:00,1.1268727406594459,1,4.5,318.99538459626996,dhaka_bangladesh
2022-01-18 18:00:00,1.0808844523442205,1,4.5,318.99538459626996,dhaka_bangladesh
2022-01-18 19:00:00,1.0367729710417608,1,4.5,318.99538459626996,dhaka_bangladesh
2022-01-18 20:00:00,0.9944617032389748,1,4.5,318.99538459626996,dhaka_bangladesh
2022-01-18 21:00:00,0.9538771812456209,1,4.5,318.99538459626996,dhaka_bangladesh
2022-01-18 22:00:00,0.9149489356277823,1,4.5,318.99538459626996,dhaka_bangladesh
2022-01-18 23:00:00,0.8776093728473963,1,4.5,318.99538459626996,dhaka_bangladesh
2022-01-19 00:00:00,0.8417936578953853,1,4.5,318.99538459626996,dhaka_bangladesh
2022-01-19 01:00:00,0.8074396017145903,1,4.5,318.99538459626996,dhaka_bangladesh
2022-01-19 02:00:00,0.7744875532170368,1,4.5,318.99538459626996,dhaka_bangladesh
2022-01-19 03:00:00,0.7428802957080342,0,0.0,500.0,dhaka_bangladesh
2022-01-19 04:00:00,0.7125629475372653,0,0.0,500.0,dhaka_bangladesh
2022-01-19 05:00:00,0.6834828668043568,0,0.0,500.0,dhaka_bangladesh
2022-01-19 06:00:00,0.6555895599534686,0,0.0,500.0,dhaka_bangladesh
2022-01-19 07:00:00,0.6288345940981862,0,0.0,500.0,dhaka_bangladesh
2022-01-19 08:00:00,0.6031715129244845,0,0.0,500.0,dhaka_bangladesh
2022-01-19 09:00:00,0.5785557560257338,0,0.0,500.0,dhaka_bangladesh
2022-01-19 10:00:00,0.5549445815296907,0,0.0,500.0,dhaka_bangladesh
2022-01-19 11:00:00,0.5322969918831216,0,0.0,500.0,dhaka_bangladesh
2022-01-19 12:00:00,0.510573662665199,0,0.0,500.0,dhaka_bangladesh
2022-01-19 13:00:00,0.48973687430605645,0,0.0,500.0,dhaka_bangladesh
2022-01-19 14:00:00,0.46975044659195253,0,0.0,500.0,dhaka_bangladesh
2022-01-19 15:00:00,0.45057967584331027,0,0.0,500.0,dhaka_bangladesh
2022-01-19 16:00:00,0.4321912746565562,0,0.0,500.0,dhaka_bangladesh
2022-01-19 17:00:00,0.4145533141051286,0,0.0,500.0,dhaka_bangladesh
2022-01-19 18:00:00,0.3976351682992924,0,0.0,500.0,dhaka_bangladesh
2022-01-19 19:00:00,0.38140746120849905,0,0.0,500.0,dhaka_bangladesh
2022-01-19 20:00:00,0.36584201565395486,0,0.0,500.0,dhaka_bangladesh
2022-01-19 21:00:00,0.3509118043828298,0,0.0,500.0,dhaka_bangladesh
2022-01-19 22:00:00,0.3365909031391546,0,0.0,500.0,dhaka_bangladesh
2022-01-19 23:00:00,0.3228544456499203,0,0.0,500.0,dhaka_bangladesh
2022-01-20 00:00:00,0.3096785804482188,0,0.0,500.0,dhaka_bangladesh
2022-01-20 01:00:00,0.2970404294584555,0,0.0,500.0,dhaka_bangladesh
2022-01-20 02:00:00,0.2849180482717213,0,0.0,500.0,dhaka_bangladesh
2022-01-20 03:00:00,0.27329038804234745,0,0.0,500.0,dhaka_bangladesh
2022-01-20 04:00:00,0.26213725893948503,0,0.0,500.0,dhaka_bangladesh
2022-01-20 05:00:00,0.2514392950902421,0,0.0,500.0,dhaka_bangladesh
2022-01-20 06:00:00,0.24117792095351387,0,0.0,500.0,dhaka_bangladesh
2022-01-20 07:00:00,0.23133531906611163,0,0.0,500.0,dhaka_bangladesh
2022-01-20 08:00:00,0.22189439910519276,0,0.0,500.0,dhaka_bangladesh
2022-01-20 09:00:00,0.21283876821326836,0,0.0,500.0,dhaka_bangladesh
2022-01-20 10:00:00,0.20415270253426254,0,0.0,500.0,dhaka_bangladesh
2022-01-20 11:00:00,0.19582111991120268,0,0.0,500.0,dhaka_bangladesh
2022-01-20 12:00:00,0.18782955369812995,0,0.0,500.0,dhaka_bangladesh
2022-01-20 13:00:00,0.18016412764076098,0,0.0,500.0,dhaka_bangladesh
2022-01-20 14:00:00,0.17281153178228298,0,0.0,500.0,dhaka_bangladesh
2022-01-20 15:00:00,0.16575899935244665,0,0.0,500.0,dhaka_bangladesh
2022-01-20 16:00:00,0.15899428459982728,0,0.0,500.0,dhaka_bangladesh
2022-01-20 17:00:00,0.1525056415287641,0,0.0,500.0,dhaka_bangladesh
2022-01-20 18:00:00,0.14628180350405606,0,0.0,500.0,dhaka_bangladesh
2022-01-20 19:00:00,0.14031196368800114,0,0.0,500.0,dhaka_bangladesh
2022-01-20 20:00:00,0.13458575627581096,0,0.0,500.0,dhaka_bangladesh
2022-01-20 21:00:00,0.12909323849681786,0,0.0,500.0,dhaka_bangladesh
2022-01-20 22:00:00,0.12382487335022324,0,0.0,500.0,dhaka_bangladesh
2022-01-20 23:00:00,0.11877151304540844,0,0.0,500.0,dhaka_bangladesh
2022-01-21 00:00:00,0.11392438311805621,0,0.0,500.0,dhaka_bangladesh
2022-01-21 01:00:00,0.10927506719450183,0,0.0,500.0,dhaka_bangladesh
2022-01-21 02:00:00,0.1048154923778588,0,0.0,500.0,dhaka_bangladesh
2022-01-21 03:00:00,0.1005379152305454,0,0.0,500.0,dhaka_bangladesh
2022-01-21 04:00:00,0.0964349083288714,0,0.0,500.0,dhaka_bangladesh
2022-01-21 05:00:00,0.09249934736633968,0,0.0,500.0,dhaka_bangladesh
2022-01-21 06:00:00,0.08872439878326892,0,0.0,500.0,dhaka_bangladesh
2022-01-21 07:00:00,0.0851035079012584,0,0.0,500.0,dhaka_bangladesh
2022-01-21 08:00:00,0.08163038754189131,0,0.0,500.0,dhaka_bangladesh
2022-01-21 09:00:00,0.07829900710991525,0,0.0,500.0,dhaka_bangladesh
2022-01-21 10:00:00,0.07510358212194419,0,0.0,500.0,dhaka_bangladesh
2022-01-21 11:00:00,1.5774020250481624,1,5.4,355.9431459267264,dhaka_bangladesh
2022-01-21 12:00:00,1.5130273920488022,1,5.4,355.9431459267264,dhaka_bangladesh
2022-01-21 13:00:00,1.4512799227705457,1,5.4,355.9431459267264,dhaka_bangladesh
2022-01-21 14:00:00,1.3920524012356716,1,5.4,355.9431459267264,dhaka_bangladesh
2022-01-21 15:00:00,1.335241987008716,1,5.4,355.9431459267264,dhaka_bangladesh
2022-01-21 16:00:00,1.2807500366282174,1,5.4,355.9431459267264,dhaka_bangladesh
2022-01-21 17:00:00,1.228481932325929,1,5.4,355.9431459267264,dhaka_bangladesh
2022-01-21 18:00:00,1.1783469177360928,1,5.4,355.9431459267264,dhaka_bangladesh
2022-01-21 19:00:00,1.1302579403095092,1,5.4,355.9431459267264,dhaka_bangladesh
2022-01-21 20:00:00,1.0841315001587706,1,5.4,355.9431459267264,dhaka_bangladesh
2022-01-21 21:00:00,1.0398875050722065,1,5.4,355.9431459267264,dhaka_bangladesh
2022-01-21 22:00:00,0.9974491314447861,1,5.4,355.9431459267264,dhaka_bangladesh
2022-01-21 23:00:00,0.9567426908845058,1,5.4,355.9431459267264,dhaka_bangladesh
2022-01-22 00:00:00,0.9176975022626452,1,5.4,355.9431459267264,dhaka_bangladesh
2022-01-22 01:00:00,0.8802457689857187,1,5.4,355.9431459267264,dhaka_bangladesh
2022-01-22 02:00:00,0.8443224612760275,1,5.4,355.9431459267264,dhaka_bangladesh
2022-01-22 03:00:00,0.8098652032564041,1,5.4,355.9431459267264,dhaka_bangladesh
2022-01-22 04:00:00,0.776814164643092,1,5.4,355.9431459267264,dhaka_bangladesh
2022-01-22 05:00:00,0.7451119568586961,1,5.4,355.9431459267264,dhaka_bangladesh
2022-01-22 06:00:00,0.7147035333848205,1,5.4,355.9431459267264,dhaka_bangladesh
2022-01-22 07:00:00,0.6855360941813687,1,5.4,355.9431459267264,dhaka_bangladesh
2022-01-22 08:00:00,0.6575589940065462,1,5.4,355.9431459267264,dhaka_bangladesh
2022-01-22 09:00:00,0.6307236544783701,1,5.4,355.9431459267264,dhaka_bangladesh
2022-01-22 10:00:00,0.6049834797249996,1,5.4,355.9431459267264,dhaka_bangladesh
2022-01-22 11:00:00,0.5802937754774196,0,0.0,500.0,dhaka_bangladesh
2022-01-22 12:00:00,0.5566116714639983,0,0.0,500.0,dhaka_bangladesh
2022-01-22 13:00:00,0.5338960469721625,0,0.0,500.0,dhaka_bangladesh
2022-01-22 14:00:00,0.5121074594479433,0,0.0,500.0,dhaka_bangladesh
2022-01-22 15:00:00,0.49120807600941285,0,0.0,500.0,dhaka_bangladesh
2022-01-22 16:00:00,0.47116160775509297,0,0.0,500.0,dhaka_bangladesh
2022-01-22 17:00:00,0.4519332467532763,0,0.0,500.0,dhaka_bangladesh
2022-01-22 18:00:00,1.2503138049019649,1,4.1,397.74562377578945,dhaka_bangladesh
2022-01-22 19:00:00,1.1992878197399766,1,4.1,397.74562377578945,dhaka_bangladesh
2022-01-22 20:00:00,1.15034423273399,1,4.1,397.74562377578945,dhaka_bangladesh
2022-01-22 21:00:00,1.1033980600847444,1,4.1,397.74562377578945,dhaka_bangladesh
2022-01-22 22:00:00,1.0583677862279623,1,4.1,397.74562377578945,dhaka_bangladesh
2022-01-22 23:00:00,1.0151752222937993,1,4.1,397.74562377578945,dhaka_bangladesh
2022-01-23 00:00:00,0.9737453703426382,1,4.1,397.74562377578945,dhaka_bangladesh
2022-01-23 01:00:00,0.9340062931414918,1,4.1,397.74562377578945,dhaka_bangladesh
2022-01-23 02:00:00,0.8958889892549061,1,4.1,397.74562377578945,dhaka_bangladesh
2022-01-23 03:00:00,0.8593272732334679,1,4.1,397.74562377578945,dhaka_bangladesh
2022-01-23 04:00:00,0.824257660691886,1,4.1,397.74562377578945,dhaka_bangladesh
2022-01-23 05:00:00,0.7906192580770983,1,4.1,397.74562377578945,dhaka_bangladesh
2022-01-23 06:00:00,0.7583536569350016,1,4.1,397.74562377578945,dhaka_bangladesh
2022-01-23 07:00:00,0.7274048324922138,1,4.1,397.74562377578945,dhaka_bangladesh
2022-01-23 08:00:00,0.6977190463767703,1,4.1,397.74562377578945,dhaka_bangladesh
2022-01-23 09:00:00,0.6692447533088398,1,4.1,397.74562377578945,dhaka_bangladesh
2022-01-23 10:00:00,0.6419325115994451,1,4.1,397.74562377578945,dhaka_bangladesh
2022-01-23 11:00:00,0.6157348973017773,1,4.1,397.74562377578945,dhaka_bangladesh
2022-01-23 12:00:00,0.5906064218660428,1,4.1,397.74562377578945,dhaka_bangladesh
2022-01-23 13:00:00,0.5665034531548602,1,4.1,397.74562377578945,dhaka_bangladesh
2022-01-23 14:00:00,0.5433841396820625,1,4.1,397.74562377578945,dhaka_bangladesh
2022-01-23 15:00:00,0.5212083379433536,1,4.1,397.74562377578945,dhaka_bangladesh
2022-01-23 16:00:00,0.4999375427126416,1,4.1,397.74562377578945,dhaka_bangladesh
2022-01-23 17:00:00,0.47953482018301535,1,4.1,397.74562377578945,dhaka_bangladesh
2022-01-23 18:00:00,0.4599647438362745,0,0.0,500.0,dhaka_bangladesh
2022-01-23 19:00:00,0.44119333292966,0,0.0,500.0,dhaka_bangladesh
2022-01-23 20:00:00,0.423187993492972,0,0.0,500.0,dhaka_bangladesh
2022-01-23 21:00:00,0.4059174617336292,0,0.0,500.0,dhaka_bangladesh
2022-01-23 22:00:00,0.38935174975139913,0,0.0,500.0,dhaka_bangladesh
2022-01-23 23:00:00,0.37346209346853754,0,0.0,500.0,dhaka_bangladesh
2022-01-24 00:00:00,0.35822090268492873,0,0.0,500.0,dhaka_bangladesh
2022-01-24 01:00:00,0.34360171317150223,0,0.0,500.0,dhaka_bangladesh
2022-01-24 02:00:00,0.3295791407187431,0,0.0,500.0,dhaka_bangladesh
2022-01-24 03:00:00,0.3161288370605075,0,0.0,500.0,dhaka_bangladesh
2022-01-24 04:00:00,0.30322744759661147,0,0.0,500.0,dhaka_bangladesh
2022-01-24 05:00:00,0.2908525708407833,0,0.0,500.0,dhaka_bangladesh
2022-01-24 06:00:00,0.27898271952356807,0,0.0,500.0,dhaka_bangladesh
2022-01-24 07:00:00,0.2675972832826422,0,0.0,500.0,dhaka_bangladesh
2022-01-24 08:00:00,0.2566764928757579,0,0.0,500.0,dhaka_bangladesh
2022-01-24 09:00:00,0.24620138585417578,0,0.0,500.0,dhaka_bangladesh
2022-01-24 10:00:00,0.23615377363698434,0,0.0,500.0,dhaka_bangladesh
2022-01-24 11:00:00,0.22651620992913324,0,0.0,500.0,dhaka_bangladesh
2022-01-24 12:00:00,0.21727196042834498,0,0.0,500.0,dhaka_bangladesh
2022-01-24 13:00:00,0.20840497376830233,0,0.0,500.0,dhaka_bangladesh
2022-01-24 14:00:00,0.1998998536476621,0,0.0,500.0,dhaka_bangladesh
2022-01-24 15:00:00,0.1917418320964972,0,0.0,500.0,dhaka_bangladesh
2022-01-24 16:00:00,0.18391674383375067,0,0.0,500.0,dhaka_bangladesh
2022-01-24 17:00:00,0.17641100167117577,0,0.0,500.0,dhaka_bangladesh
2022-01-24 18:00:00,0.16921157292105435,0,0.0,500.0,dhaka_bangladesh
2022-01-24 19:00:00,0.1623059567667295,0,0.0,500.0,dhaka_bangladesh
2022-01-24 20:00:00,0.15568216255665848,0,0.0,500.0,dhaka_bangladesh
2022-01-24 21:00:00,0.14932868898429782,0,0.0,500.0,dhaka_bangladesh
2022-01-24 22:00:00,0.143234504117668,0,0.0,500.0,dhaka_bangladesh
2022-01-24 23:00:00,0.13738902624392255,0,0.0,500.0,dhaka_bangladesh
2022-01-25 00:00:00,0.13178210549566124,0,0.0,500.0,dhaka_bangladesh
2022-01-25 01:00:00,0.12640400622708248,0,0.0,500.0,dhaka_bangladesh
2022-01-25 02:00:00,0.12124539010937539,0,0.0,500.0,dhaka_bangladesh
2022-01-25 03:00:00,0.11629729991599744,0,0.0,500.0,dhaka_bangladesh
2022-01-25 04:00:00,0.1115511439696842,0,0.0,500.0,dhaka_bangladesh
2022-01-25 05:00:00,0.10699868122418471,0,0.0,500.0,dhaka_bangladesh
2022-01-25 06:00:00,0.10263200695481947,0,0.0,500.0,dhaka_bangladesh
2022-01-25 07:00:00,0.09844353903301459,0,0.0,500.0,dhaka_bangladesh
2022-01-25 08:00:00,0.09442600476097952,0,0.0,500.0,dhaka_bangladesh
2022-01-25 09:00:00,0.0905724282436688,0,0.0,500.0,dhaka_bangladesh
2022-01-25 10:00:00,0.08687611827610105,0,0.0,500.0,dhaka_bangladesh
2022-01-25 11:00:00,0.08333065672500267,0,0.0,500.0,dhaka_bangladesh
2022-01-25 12:00:00,0.07992988738460326,0,0.0,500.0,dhaka_bangladesh
2022-01-25 13:00:00,0.07666790528723214,0,0.0,500.0,dhaka_bangladesh
2022-01-25 14:00:00,0.07353904645015504,0,0.0,500.0,dhaka_bangladesh
2022-01-25 15:00:00,0.07053787804084789,0,0.0,500.0,dhaka_bangladesh
2022-01-25 16:00:00,0.06765918894363149,0,0.0,500.0,dhaka_bangladesh
2022-01-25 17:00:00,0.06489798071128651,0,0.0,500.0,dhaka_bangladesh
2022-01-25 18:00:00,0.062249458885938226,0,0.0,500.0,dhaka_bangladesh
2022-01-25 19:00:00,0.059709024674140715,0,0.0,500.0,dhaka_bangladesh
2022-01-25 20:00:00,0.057272266961705176,0,0.0,500.0,dhaka_bangladesh
2022-01-25 21:00:00,0.05493495465440761,0,0.0,500.0,dhaka_bangladesh
2022-01-25 22:00:00,0.052693029331276356,0,0.0,500.0,dhaka_bangladesh
2022-01-25 23:00:00,0.050542598197702876,0,0.0,500.0,dhaka_bangladesh
2022-01-26 00:00:00,0.04847992732613994,0,0.0,500.0,dhaka_bangladesh
2022-01-26 01:00:00,0.046501435172650624,0,0.0,500.0,dhaka_bangladesh
2022-01-26 02:00:00,0.044603686358050544,0,0.0,500.0,dhaka_bangladesh
2022-01-26 03:00:00,0.04278338570284477,0,0.0,500.0,dhaka_bangladesh
2022-01-26 04:00:00,0.04103737250560254,0,0.0,500.0,dhaka_bangladesh
2022-01-26 05:00:00,0.03936261505483438,0,0.0,500.0,dhaka_bangladesh
2022-01-26 06:00:00,0.037756205364842574,0,0.0,500.0,dhaka_bangladesh
2022-01-26 07:00:00,0.036215354126404475,0,0.0,500.0,dhaka_bangladesh
2022-01-26 08:00:00,0.0347373858635211,0,0.0,500.0,dhaka_bangladesh
2022-01-26 09:00:00,0.03331973428782145,0,0.0,500.0,dhaka_bangladesh
2022-01-26 10:00:00,0.031959937842556206,0,0.0,500.0,dhaka_bangladesh
2022-01-26 11:00:00,0.03065563542844328,0,0.0,500.0,dhaka_bangladesh
2022-01-26 12:00:00,0.02940456230394417,0,0.0,500.0,dhaka_bangladesh
2022-01-26 13:00:00,0.028204546152852044,0,0.0,500.0,dhaka_bangladesh
2022-01-26 14:00:00,0.027053503312363787,0,0.0,500.0,dhaka_bangladesh
2022-01-26 15:00:00,0.025949435155086478,0,0.0,500.0,dhaka_bangladesh
2022-01-26 16:00:00,0.02489042461869619,0,0.0,500.0,dhaka_bangladesh
2022-01-26 17:00:00,0.023874632877223127,0,0.0,500.0,dhaka_bangladesh
2022-01-26 18:00:00,0.022900296148183633,0,0.0,500.0,dhaka_bangladesh
2022-01-26 19:00:00,0.021965722630014742,0,0.0,500.0,dhaka_bangladesh
2022-01-26 20:00:00,0.021069289564493762,0,0.0,500.0,dhaka_bangladesh
2022-01-26 21:00:00,0.020209440419041998,0,0.0,500.0,dhaka_bangladesh
2022-01-26 22:00:00,0.019384682184020365,0,0.0,500.0,dhaka_bangladesh
2022-01-26 23:00:00,0.018593582780323685,0,0.0,500.0,dhaka_bangladesh
2022-01-27 00:00:00,0.01783476857277249,0,0.0,500.0,dhaka_bangladesh
2022-01-27 01:00:00,0.017106921984984758,0,0.0,500.0,dhaka_bangladesh
2022-01-27 02:00:00,0.01640877921158592,0,0.0,500.0,dhaka_bangladesh
2022-01-27 03:00:00,0.01573912802378481,0,0.0,500.0,dhaka_bangladesh
2022-01-27 04:00:00,0.015096805664505369,0,0.0,500.0,dhaka_bangladesh
2022-01-27 05:00:00,0.014480696829419076,0,0.0,500.0,dhaka_bangladesh
2022-01-27 06:00:00,0.013889731730372498,0,0.0,500.0,dhaka_bangladesh
2022-01-27 07:00:00,0.013322884237847561,0,0.0,500.0,dhaka_bangladesh
2022-01-27 08:00:00,0.012779170099228907,0,0.0,500.0,dhaka_bangladesh
2022-01-27 09:00:00,0.012257645229784703,0,0.0,500.0,dhaka_bangladesh
2022-01-27 10:00:00,0.011757404073393603,0,0.0,500.0,dhaka_bangladesh
2022-01-27 11:00:00,0.011277578030171187,0,0.0,500.0,dhaka_bangladesh
2022-01-27 12:00:00,0.010817333948265841,0,0.0,500.0,dhaka_bangladesh
2022-01-27 13:00:00,0.010375872677205359,0,0.0,500.0,dhaka_bangladesh
2022-01-27 14:00:00,0.009952427680282155,0,0.0,500.0,dhaka_bangladesh
2022-01-27 15:00:00,0.009546263703567795,0,0.0,500.0,dhaka_bangladesh
2022-01-27 16:00:00,0.009156675499245861,0,0.0,500.0,dhaka_bangladesh
2022-01-27 17:00:00,0.00878298660104619,0,0.0,500.0,dhaka_bangladesh
2022-01-27 18:00:00,0.00842454814965433,0,0.0,500.0,dhaka_bangladesh
2022-01-27 19:00:00,0.008080737766056726,0,0.0,500.0,dhaka_bangladesh
2022-01-27 20:00:00,0.007750958470865267,0,0.0,500.0,dhaka_bangladesh
2022-01-27 21:00:00,0.007434637647744729,0,0.0,500.0,dhaka_bangladesh
2022-01-27 22:00:00,0.0071312260491434255,0,0.0,500.0,dhaka_bangladesh
2022-01-27 23:00:00,0.006840196842600431,0,0.0,500.0,dhaka_bangladesh
2022-01-28 00:00:00,0.0065610446959735455,0,0.0,500.0,dhaka_bangladesh
2022-01-28 01:00:00,0.0062932848999996535,0,0.0,500.0,dhaka_bangladesh
2022-01-28 02:00:00,0.006036452526663806,0,0.0,500.0,dhaka_bangladesh
2022-01-28 03:00:00,0.005790101621915739,0,0.0,500.0,dhaka_bangladesh
2022-01-28 04:00:00,0.005553804431332099,0,0.0,500.0,dhaka_bangladesh
2022-01-28 05:00:00,0.0053271506573797645,0,0.0,500.0,dhaka_bangladesh
2022-01-28 06:00:00,0.005109746746990683,0,0.0,500.0,dhaka_bangladesh
2022-01-28 07:00:00,0.004901215208211179,0,0.0,500.0,dhaka_bangladesh
2022-01-28 08:00:00,0.004701193954739133,0,0.0,500.0,dhaka_bangladesh
2022-01-28 09:00:00,0.00450933567721099,0,0.0,500.0,dhaka_bangladesh
2022-01-28 10:00:00,0.0043253072401468785,0,0.0,500.0,dhaka_bangladesh
2022-01-28 11:00:00,0.004148789103506709,0,0.0,500.0,dhaka_bangladesh
2022-01-28 12:00:00,0.003979474767852907,0,0.0,500.0,dhaka_bangladesh
2022-01-28 13:00:00,0.003817070242156345,0,0.0,500.0,dhaka_bangladesh
2022-01-28 14:00:00,0.0036612935333213904,0,0.0,500.0,dhaka_bangladesh
2022-01-28 15:00:00,0.0035118741565437423,0,0.0,500.0,dhaka_bangladesh
2022-01-28 16:00:00,0.0033685526656508052,0,0.0,500.0,dhaka_bangladesh
2022-01-28 17:00:00,0.0032310802026091377,0,0.0,500.0,dhaka_bangladesh
2022-01-28 18:00:00,0.0030992180654167414,0,0.0,500.0,dhaka_bangladesh
2022-01-28 19:00:00,0.002972737293629918,0,0.0,500.0,dhaka_bangladesh
2022-01-28 20:00:00,0.0028514182708049697,0,0.0,500.0,dhaka_bangladesh
2022-01-28 21:00:00,0.002735050343164496,0,0.0,500.0,dhaka_bangladesh
2022-01-28 22:00:00,0.0026234314538261163,0,0.0,500.0,dhaka_bangladesh
2022-01-28 23:00:00,0.002516367791958509,0,0.0,500.0,dhaka_bangladesh
2022-01-29 00:00:00,0.002413673456255603,0,0.0,500.0,dhaka_bangladesh
2022-01-29 01:00:00,0.0023151701321445493,0,0.0,500.0,dhaka_bangladesh
2022-01-29 02:00:00,0.0022206867821670225,0,0.0,500.0,dhaka_bangladesh
2022-01-29 03:00:00,0.002130059348996224,0,0.0,500.0,dhaka_bangladesh
2022-01-29 04:00:00,0.002043130470573933,0,0.0,500.0,dhaka_bangladesh
2022-01-29 05:00:00,0.001959749206872949,0,0.0,500.0,dhaka_bangladesh
2022-01-29 06:00:00,0.0018797707778105274,0,0.0,500.0,dhaka_bangladesh
2022-01-29 07:00:00,0.0018030563118577028,0,0.0,500.0,dhaka_bangladesh
2022-01-29 08:00:00,0.001729472604907995,0,0.0,500.0,dhaka_bangladesh
2022-01-29 09:00:00,0.001658891888986826,0,0.0,500.0,dhaka_bangladesh
2022-01-29 10:00:00,0.001591191610400027,0,0.0,500.0,dhaka_bangladesh
2022-01-29 11:00:00,0.0015262542169362165,0,0.0,500.0,dhaka_bangladesh
2022-01-29 12:00:00,0.0014639669537535825,0,0.0,500.0,dhaka_bangladesh
2022-01-29 13:00:00,0.0014042216675966186,0,0.0,500.0,dhaka_bangladesh
2022-01-29 14:00:00,0.0013469146190028887,0,0.0,500.0,dhaka_bangladesh
2022-01-29 15:00:00,0.0012919463021737422,0,0.0,500.0,dhaka_bangladesh
2022-01-29 16:00:00,0.0012392212721961911,0,0.0,500.0,dhaka_bangladesh
2022-01-29 17:00:00,0.0011886479793159594,0,0.0,500.0,dhaka_bangladesh
2022-01-29 18:00:00,0.0011401386099739491,0,0.0,500.0,dhaka_bangladesh
2022-01-29 19:00:00,0.0010936089343300806,0,0.0,500.0,dhaka_bangladesh
2022-01-29 20:00:00,0.0010489781600097722,0,0.0,500.0,dhaka_bangladesh
2022-01-29 21:00:00,0.0010061687918191163,0,0.0,500.0,dhaka_bangladesh
2022-01-29 22:00:00,0.0009651064971851361,0,0.0,500.0,dhaka_bangladesh
2022-01-29 23:00:00,0.0009257199770875122,0,0.0,500.0,dhaka_bangladesh
2022-01-30 00:00:00,0.0008879408422576547,0,0.0,500.0,dhaka_bangladesh
2022-01-30 01:00:00,0.0008517034944301513,0,0.0,500.0,dhaka_bangladesh
2022-01-30 02:00:00,0.0008169450124404123,0,0.0,500.0,dhaka_bangladesh
2022-01-30 03:00:00,0.0007836050429707371,0,0.0,500.0,dhaka_bangladesh
2022-01-30 04:00:00,0.0007516256957550846,0,0.0,500.0,dhaka_bangladesh
2022-01-30 05:00:00,0.0007209514430605976,0,0.0,500.0,dhaka_bangladesh
2022-01-30 06:00:00,0.0006915290232713442,0,0.0,500.0,dhaka_bangladesh
2022-01-30 07:00:00,0.0006633073484068536,0,0.0,500.0,dhaka_bangladesh
2022-01-30 08:00:00,0.0006362374154148716,0,0.0,500.0,dhaka_bangladesh
2022-01-30 09:00:00,0.0006102722210843121,0,0.0,500.0,dhaka_bangladesh
2022-01-30 10:00:00,0.0005853666804306494,0,0.0,500.0,dhaka_bangladesh
2022-01-30 11:00:00,0.0005614775484120529,0,0.0,500.0,dhaka_bangladesh
2022-01-30 12:00:00,0.0005385633448403268,0,0.0,500.0,dhaka_bangladesh
2022-01-30 13:00:00,0.0005165842823562749,0,0.0,500.0,dhaka_bangladesh
2022-01-30 14:00:00,0.0004955021973444288,0,0.0,500.0,dhaka_bangladesh
2022-01-30 15:00:00,0.00047528048366718764,0,0.0,500.0,dhaka_bangladesh
2022-01-30 16:00:00,0.00045588402910329864,0,0.0,500.0,dhaka_bangladesh
2022-01-30 17:00:00,0.0004372791543803193,0,0.0,500.0,dhaka_bangladesh
2022-01-30 18:00:00,0.00041943355469520175,0,0.0,500.0,dhaka_bangladesh
2022-01-30 19:00:00,0.0004023162436214465,0,0.0,500.0,dhaka_bangladesh
2022-01-30 20:00:00,0.0003858974993054429,0,0.0,500.0,dhaka_bangladesh
2022-01-30 21:00:00,0.00037014881285856203,0,0.0,500.0,dhaka_bangladesh
2022-01-30 22:00:00,0.000355042838855396,0,0.0,500.0,dhaka_bangladesh
2022-01-30 23:00:00,0.0003405533478521944,0,0.0,500.0,dhaka_bangladesh
2022-01-31 00:00:00,0.00032665518084304613,0,0.0,500.0,dhaka_bangladesh
2022-01-31 01:00:00,0.00031332420557472854,0,0.0,500.0,dhaka_bangladesh
2022-01-31 02:00:00,0.0003005372746443759,0,0.0,500.0,dhaka_bangladesh
2022-01-31 03:00:00,0.000288272185307199,0,0.0,500.0,dhaka_bangladesh
2022-01-31 04:00:00,0.00027650764092447696,0,0.0,500.0,dhaka_bangladesh
2022-01-31 05:00:00,0.00026522321398487754,0,0.0,500.0,dhaka_bangladesh
2022-01-31 06:00:00,0.0002543993106348956,0,0.0,500.0,dhaka_bangladesh
2022-01-31 07:00:00,0.0002440171366568244,0,0.0,500.0,dhaka_bangladesh
2022-01-31 08:00:00,0.0002340586648351858,0,0.0,500.0,dhaka_bangladesh
2022-01-31 09:00:00,0.0002245066036549517,0,0.0,500.0,dhaka_bangladesh
2022-01-31 10:00:00,0.0002153443672772095,0,0.0,500.0,dhaka_bangladesh
2022-01-31 11:00:00,0.00020655604674013741,0,0.0,500.0,dhaka_bangladesh
2022-01-31 12:00:00,0.0001981263823352823,0,0.0,500.0,dhaka_bangladesh
2022-01-31 13:00:00,0.00019004073711117685,0,0.0,500.0,dhaka_bangladesh
2022-01-31 14:00:00,0.00018228507145829015,0,0.0,500.0,dhaka_bangladesh
2022-01-31 15:00:00,0.00017484591873117794,0,0.0,500.0,dhaka_bangladesh
2022-01-31 16:00:00,0.00016771036186550697,0,0.0,500.0,dhaka_bangladesh
2022-01-31 17:00:00,0.0001608660109493527,0,0.0,500.0,dhaka_bangladesh
2022-01-31 18:00:00,0.00015430098170982239,0,0.0,500.0,dhaka_bangladesh
2022-01-31 19:00:00,0.00014800387487765154,0,0.0,500.0,dhaka_bangladesh
2022-01-31 20:00:00,0.00014196375639394335,0,0.0,500.0,dhaka_bangladesh
2022-01-31 21:00:00,0.00013617013842468056,0,0.0,500.0,dhaka_bangladesh
2022-01-31 22:00:00,0.00013061296115004551,0,0.0,500.0,dhaka_bangladesh
2022-01-31 23:00:00,0.0001252825752969291,0,0.0,500.0,dhaka_bangladesh
2022-02-01 00:00:00,0.0001201697253842962,0,0.0,500.0,dhaka_bangladesh
2022-02-01 01:00:00,0.00011526553365231726,0,0.0,500.0,dhaka_bangladesh
2022-02-01 02:00:00,0.00011056148464736127,0,0.0,500.0,dhaka_bangladesh
2022-02-01 03:00:00,0.00010604941043608284,0,0.0,500.0,dhaka_bangladesh
2022-02-01 04:00:00,0.00010172147642293043,0,0.0,500.0,dhaka_bangladesh
2022-02-01 05:00:00,9.757016774645062e-05,0,0.0,500.0,dhaka_bangladesh
2022-02-01 06:00:00,9.358827623076557e-05,0,0.0,500.0,dhaka_bangladesh
2022-02-01 07:00:00,8.976888786956804e-05,0,0.0,500.0,dhaka_bangladesh
2022-02-01 08:00:00,8.610537082090208e-05,0,0.0,500.0,dhaka_bangladesh
2022-02-01 09:00:00,8.259136389188212e-05,0,0.0,500.0,dhaka_bangladesh
2022-02-01 10:00:00,7.922076549335764e-05,0,0.0,500.0,dhaka_bangladesh
2022-02-01 11:00:00,7.598772304534407e-05,0,0.0,500.0,dhaka_bangladesh
2022-02-01 12:00:00,7.288662281482317e-05,0,0.0,500.0,dhaka_bangladesh
2022-02-01 13:00:00,6.991208016826872e-05,0,0.0,500.0,dhaka_bangladesh
2022-02-01 14:00:00,6.705893022197223e-05,0,0.0,500.0,dhaka_bangladesh
2022-02-01 15:00:00,6.432221887393315e-05,0,0.0,500.0,dhaka_bangladesh
2022-02-01 16:00:00,6.169719420174308e-05,0,0.0,500.0,dhaka_bangladesh
2022-02-01 17:00:00,5.9179298211526996e-05,0,0.0,500.0,dhaka_bangladesh
2022-02-01 18:00:00,5.67641589236144e-05,0,0.0,500.0,dhaka_bangladesh
2022-02-01 19:00:00,5.444758278119852e-05,0,0.0,500.0,dhaka_bangladesh
2022-02-01 20:00:00,5.222554736880267e-05,0,0.0,500.0,dhaka_bangladesh
2022-02-01 21:00:00,5.009419442790944e-05,0,0.0,500.0,dhaka_bangladesh
2022-02-01 22:00:00,4.8049823157626053e-05,0,0.0,500.0,dhaka_bangladesh
2022-02-01 23:00:00,4.608888378875342e-05,0,0.0,500.0,dhaka_bangladesh
2022-02-02 00:00:00,4.420797142010059e-05,0,0.0,500.0,dhaka_bangladesh
2022-02-02 01:00:00,4.240382010634255e-05,0,0.0,500.0,dhaka_bangladesh
2022-02-02 02:00:00,4.067329718715627e-05,0,0.0,500.0,dhaka_bangladesh
2022-02-02 03:00:00,3.901339784778708e-05,0,0.0,500.0,dhaka_bangladesh
2022-02-02 04:00:00,3.7421239901601676e-05,0,0.0,500.0,dhaka_bangladesh
2022-02-02 05:00:00,3.589405878556814e-05,0,0.0,500.0,dhaka_bangladesh
2022-02-02 06:00:00,3.4429202759972615e-05,0,0.0,500.0,dhaka_bangladesh
2022-02-02 07:00:00,3.302412830403856e-05,0,0.0,500.0,dhaka_bangladesh
2022-02-02 08:00:00,3.167639569945326e-05,0,0.0,500.0,dhaka_bangladesh
2022-02-02 09:00:00,3.0383664794132836e-05,0,0.0,500.0,dhaka_bangladesh
2022-02-02 10:00:00,2.9143690938870295e-05,0,0.0,500.0,dhaka_bangladesh
2022-02-02 11:00:00,2.7954321089811508e-05,0,0.0,500.0,dhaka_bangladesh
2022-02-02 12:00:00,2.6813490069990847e-05,0,0.0,500.0,dhaka_bangladesh
2022-02-02 13:00:00,2.5719216983435772e-05,0,0.0,500.0,dhaka_bangladesh
2022-02-02 14:00:00,2.4669601775613885e-05,0,0.0,500.0,dhaka_bangladesh
2022-02-02 15:00:00,2.3662821934249728e-05,0,0.0,500.0,dhaka_bangladesh
2022-02-02 16:00:00,2.269712932478319e-05,0,0.0,500.0,dhaka_bangladesh
2022-02-02 17:00:00,2.177084715497469e-05,0,0.0,500.0,dhaka_bangladesh
2022-02-02 18:00:00,2.0882367063386215e-05,0,0.0,500.0,dhaka_bangladesh
2022-02-02 19:00:00,2.0030146326683158e-05,0,0.0,500.0,dhaka_bangladesh
2022-02-02 20:00:00,1.9212705180907813e-05,0,0.0,500.0,dhaka_bangladesh
2022-02-02 21:00:00,1.84286242520729e-05,0,0.0,500.0,dhaka_bangladesh
2022-02-02 22:00:00,1.7676542091614095e-05,0,0.0,500.0,dhaka_bangladesh
2022-02-02 23:00:00,1.6955152812422153e-05,0,0.0,500.0,dhaka_bangladesh
2022-02-03 00:00:00,1.626320382134969e-05,0,0.0,500.0,dhaka_bangladesh
2022-02-03 01:00:00,1.5599493644255665e-05,0,0.0,500.0,dhaka_bangladesh
2022-02-03 02:00:00,1.4962869839811042e-05,0,0.0,500.0,dhaka_bangladesh
2022-02-03 03:00:00,1.4352226998443062e-05,0,0.0,500.0,dhaka_bangladesh
2022-02-03 04:00:00,1.3766504822943708e-05,0,0.0,500.0,dhaka_bangladesh
2022-02-03 05:00:00,1.3204686287409708e-05,0,0.0,500.0,dhaka_bangladesh
2022-02-03 06:00:00,1.2665795871317004e-05,0,0.0,500.0,dhaka_bangladesh
2022-02-03 07:00:00,1.2148897865663715e-05,0,0.0,500.0,dhaka_bangladesh
2022-02-03 08:00:00,1.1653094748240348e-05,0,0.0,500.0,dhaka_bangladesh
2022-02-03 09:00:00,1.1177525625206014e-05,0,0.0,500.0,dhaka_bangladesh
2022-02-03 10:00:00,1.0721364736264831e-05,0,0.0,500.0,dhaka_bangladesh
2022-02-03 11:00:00,1.0283820020846924e-05,0,0.0,500.0,dhaka_bangladesh
2022-02-03 12:00:00,9.86413174280425e-06,0,0.0,500.0,dhaka_bangladesh
2022-02-03 13:00:00,9.461571171233423e-06,0,0.0,500.0,dhaka_bangladesh
2022-02-03 14:00:00,9.07543931513486e-06,0,0.0,500.0,dhaka_bangladesh
2022-02-03 15:00:00,8.705065709711137e-06,0,0.0,500.0,dhaka_bangladesh
2022-02-03 16:00:00,8.349807252197194e-06,0,0.0,500.0,dhaka_bangladesh
2022-02-03 17:00:00,8.009047085200975e-06,0,0.0,500.0,dhaka_bangladesh
2022-02-03 18:00:00,7.682193525615453e-06,0,0.0,500.0,dhaka_bangladesh
2022-02-03 19:00:00,7.368679037242416e-06,0,0.0,500.0,dhaka_bangladesh
2022-02-03 20:00:00,7.067959245344041e-06,0,0.0,500.0,dhaka_bangladesh
2022-02-03 21:00:00,6.77951199141107e-06,0,0.0,500.0,dhaka_bangladesh
2022-02-03 22:00:00,6.502836426506473e-06,0,0.0,500.0,dhaka_bangladesh
2022-02-03 23:00:00,6.237452141610272e-06,0,0.0,500.0,dhaka_bangladesh
2022-02-04 00:00:00,5.98289833345539e-06,0,0.0,500.0,dhaka_bangladesh
2022-02-04 01:00:00,5.738733004406241e-06,0,0.0,500.0,dhaka_bangladesh
2022-02-04 02:00:00,5.504532194990716e-06,0,0.0,500.0,dhaka_bangladesh
2022-02-04 03:00:00,5.27988924775292e-06,0,0.0,500.0,dhaka_bangladesh
2022-02-04 04:00:00,5.064414101148496e-06,0,0.0,500.0,dhaka_bangladesh
2022-02-04 05:00:00,4.8577326122564894e-06,0,0.0,500.0,dhaka_bangladesh
2022-02-04 06:00:00,4.659485907131662e-06,0,0.0,500.0,dhaka_bangladesh
2022-02-04 07:00:00,4.469329757669297e-06,0,0.0,500.0,dhaka_bangladesh
2022-02-04 08:00:00,4.286933983900528e-06,0,0.0,500.0,dhaka_bangladesh
2022-02-04 09:00:00,4.111981880680264e-06,0,0.0,500.0,dhaka_bangladesh
2022-02-04 10:00:00,3.944169667772314e-06,0,0.0,500.0,dhaka_bangladesh
2022-02-04 11:00:00,3.7832059623768554e-06,0,0.0,500.0,dhaka_bangladesh
2022-02-04 12:00:00,3.6288112731843135e-06,0,0.0,500.0,dhaka_bangladesh
2022-02-04 13:00:00,3.4807175150771796e-06,0,0.0,500.0,dhaka_bangladesh
2022-02-04 14:00:00,3.338667543637149e-06,0,0.0,500.0,dhaka_bangladesh
2022-02-04 15:00:00,3.2024147086492186e-06,0,0.0,500.0,dhaka_bangladesh
2022-02-04 16:00:00,3.0717224258275606e-06,0,0.0,500.0,dhaka_bangladesh
2022-02-04 17:00:00,2.9463637660195033e-06,0,0.0,500.0,dhaka_bangladesh
2022-02-04 18:00:00,2.826121061174285e-06,0,0.0,500.0,dhaka_bangladesh
2022-02-04 19:00:00,2.7107855263924615e-06,0,0.0,500.0,dhaka_bangladesh
2022-02-04 20:00:00,2.6001568973996957e-06,0,0.0,500.0,dhaka_bangladesh
2022-02-04 21:00:00,2.494043082815396e-06,0,0.0,500.0,dhaka_bangladesh
2022-02-04 22:00:00,2.3922598306124994e-06,0,0.0,500.0,dhaka_bangladesh
2022-02-04 23:00:00,2.2946304081892024e-06,0,0.0,500.0,dhaka_bangladesh
2022-02-05 00:00:00,2.2009852954971227e-06,0,0.0,500.0,dhaka_bangladesh
2022-02-05 01:00:00,2.11116189069308e-06,0,0.0,500.0,dhaka_bangladesh
2022-02-05 02:00:00,2.0250042278033975e-06,0,0.0,500.0,dhaka_bangladesh
2022-02-05 03:00:00,1.942362705910451e-06,0,0.0,500.0,dhaka_bangladesh
2022-02-05 04:00:00,1.863093829391281e-06,0,0.0,500.0,dhaka_bangladesh
2022-02-05 05:00:00,1.7870599587572083e-06,0,0.0,500.0,dhaka_bangladesh
2022-02-05 06:00:00,1.7141290716618067e-06,0,0.0,500.0,dhaka_bangladesh
2022-02-05 07:00:00,1.6441745336622782e-06,0,0.0,500.0,dhaka_bangladesh
2022-02-05 08:00:00,1.5770748783361917e-06,0,0.0,500.0,dhaka_bangladesh
2022-02-05 09:00:00,1.5127135963717523e-06,0,0.0,500.0,dhaka_bangladesh
2022-02-05 10:00:00,1.4509789332654323e-06,0,0.0,500.0,dhaka_bangladesh
2022-02-05 11:00:00,1.3917636952756665e-06,0,0.0,500.0,dhaka_bangladesh
2022-02-05 12:00:00,1.3349650632956752e-06,0,0.0,500.0,dhaka_bangladesh
2022-02-05 13:00:00,1.2804844143222442e-06,0,0.0,500.0,dhaka_bangladesh
2022-02-05 14:00:00,1.2282271502104663e-06,0,0.0,500.0,dhaka_bangladesh
2022-02-05 15:00:00,1.1781025334170817e-06,0,0.0,500.0,dhaka_bangladesh
2022-02-05 16:00:00,1.13002352944723e-06,0,0.0,500.0,dhaka_bangladesh
2022-02-05 17:00:00,1.0839066557310411e-06,0,0.0,500.0,dhaka_bangladesh
2022-02-05 18:00:00,1.0396718366676393e-06,0,0.0,500.0,dhaka_bangladesh
2022-02-05 19:00:00,9.972422645848934e-07,0,0.0,500.0,dhaka_bangladesh
2022-02-05 20:00:00,9.565442663734712e-07,0,0.0,500.0,dhaka_bangladesh
2022-02-05 21:00:00,9.175071755636292e-07,0,0.0,500.0,dhaka_bangladesh
2022-02-05 22:00:00,8.800632096226158e-07,0,0.0,500.0,dhaka_bangladesh
2022-02-05 23:00:00,8.441473522596424e-07,0,0.0,500.0,dhaka_bangladesh
2022-02-06 00:00:00,8.096972405340435e-07,0,0.0,500.0,dhaka_bangladesh
2022-02-06 01:00:00,7.766530565706158e-07,0,0.0,500.0,dhaka_bangladesh
2022-02-06 02:00:00,7.449574236941219e-07,0,0.0,500.0,dhaka_bangladesh
2022-02-06 03:00:00,7.145553068025873e-07,0,0.0,500.0,dhaka_bangladesh
2022-02-06 04:00:00,6.85393916806427e-07,0,0.0,500.0,dhaka_bangladesh
2022-02-06 05:00:00,6.574226189674626e-07,0,0.0,500.0,dhaka_bangladesh
2022-02-06 06:00:00,6.305928449786687e-07,0,0.0,500.0,dhaka_bangladesh
2022-02-06 07:00:00,6.048580086319957e-07,0,0.0,500.0,dhaka_bangladesh
2022-02-06 08:00:00,5.801734249278384e-07,0,0.0,500.0,dhaka_bangladesh
2022-02-06 09:00:00,5.56496232485683e-07,0,0.0,500.0,dhaka_bangladesh
2022-02-06 10:00:00,5.337853191212227e-07,0,0.0,500.0,dhaka_bangladesh
2022-02-06 11:00:00,5.120012504607139e-07,0,0.0,500.0,dhaka_bangladesh
2022-02-06 12:00:00,4.911062014686121e-07,0,0.0,500.0,dhaka_bangladesh
2022-02-06 13:00:00,4.7106389076960854e-07,0,0.0,500.0,dhaka_bangladesh
2022-02-06 14:00:00,4.518395176510198e-07,0,0.0,500.0,dhaka_bangladesh
2022-02-06 15:00:00,4.333997016361365e-07,0,0.0,500.0,dhaka_bangladesh
2022-02-06 16:00:00,4.157124245236277e-07,0,0.0,500.0,dhaka_bangladesh
2022-02-06 17:00:00,3.987469747923425e-07,0,0.0,500.0,dhaka_bangladesh
2022-02-06 18:00:00,3.8247389427497824e-07,0,0.0,500.0,dhaka_bangladesh
2022-02-06 19:00:00,3.668649270080339e-07,0,0.0,500.0,dhaka_bangladesh
2022-02-06 20:00:00,3.5189297016922e-07,0,0.0,500.0,dhaka_bangladesh
2022-02-06 21:00:00,3.3753202701713635e-07,0,0.0,500.0,dhaka_bangladesh
2022-02-06 22:00:00,3.237571617515136e-07,0,0.0,500.0,dhaka_bangladesh
2022-02-06 23:00:00,3.105444562156301e-07,0,0.0,500.0,dhaka_bangladesh
2022-02-07 00:00:00,2.9787096836572275e-07,0,0.0,500.0,dhaka_bangladesh
2022-02-07 01:00:00,2.857146924352906e-07,0,0.0,500.0,dhaka_bangladesh
2022-02-07 02:00:00,2.7405452072511106e-07,0,0.0,500.0,dhaka_bangladesh
2022-02-07 03:00:00,2.6287020695262437e-07,0,0.0,500.0,dhaka_bangladesh
2022-02-07 04:00:00,2.5214233109705427e-07,0,0.0,500.0,dhaka_bangladesh
2022-02-07 05:00:00,2.4185226567921637e-07,0,0.0,500.0,dhaka_bangladesh
2022-02-07 06:00:00,2.3198214341746258e-07,0,0.0,500.0,dhaka_bangladesh
2022-02-07 07:00:00,2.2251482620360992e-07,0,0.0,500.0,dhaka_bangladesh
2022-02-07 08:00:00,2.134338753449751e-07,0,0.0,500.0,dhaka_bangladesh
2022-02-07 09:00:00,2.0472352302084608e-07,0,0.0,500.0,dhaka_bangladesh
2022-02-07 10:00:00,1.9636864490383528e-07,0,0.0,500.0,dhaka_bangladesh
2022-02-07 11:00:00,1.8835473389856715e-07,0,0.0,500.0,dhaka_bangladesh
2022-02-07 12:00:00,1.806678749521028e-07,0,0.0,500.0,dhaka_bangladesh
2022-02-07 13:00:00,1.7329472089236894e-07,0,0.0,500.0,dhaka_bangladesh
2022-02-07 14:00:00,1.662224692526312e-07,0,0.0,500.0,dhaka_bangladesh
2022-02-07 15:00:00,1.594388400417717e-07,0,0.0,500.0,dhaka_bangladesh
2022-02-07 16:00:00,1.5293205442177756e-07,0,0.0,500.0,dhaka_bangladesh
2022-02-07 17:00:00,1.466908142554102e-07,0,0.0,500.0,dhaka_bangladesh
2022-02-07 18:00:00,1.4070428248854415e-07,0,0.0,500.0,dhaka_bangladesh
2022-02-07 19:00:00,1.3496206433311766e-07,0,0.0,500.0,dhaka_bangladesh
2022-02-07 20:00:00,1.294541892180117e-07,0,0.0,500.0,dhaka_bangladesh
2022-02-07 21:00:00,1.241710934765282e-07,0,0.0,500.0,dhaka_bangladesh
2022-02-07 22:00:00,1.191036037403992e-07,0,0.0,500.0,dhaka_bangladesh
2022-02-07 23:00:00,1.1424292101149546e-07,0,0.0,500.0,dhaka_bangladesh
2022-02-08 00:00:00,1.0958060538357832e-07,0,0.0,500.0,dhaka_bangladesh
2022-02-08 01:00:00,1.0510856138756534e-07,0,0.0,500.0,dhaka_bangladesh
2022-02-08 02:00:00,1.0081902393486132e-07,0,0.0,500.0,dhaka_bangladesh
2022-02-08 03:00:00,9.670454483435272e-08,0,0.0,500.0,dhaka_bangladesh
2022-02-08 04:00:00,9.27579798596492e-08,0,0.0,500.0,dhaka_bangladesh
2022-02-08 05:00:00,8.897247634411732e-08,0,0.0,500.0,dhaka_bangladesh
2022-02-08 06:00:00,8.534146128216941e-08,0,0.0,500.0,dhaka_bangladesh
2022-02-08 07:00:00,8.185862991614472e-08,0,0.0,500.0,dhaka_bangladesh
2022-02-08 08:00:00,7.851793478896471e-08,0,0.0,500.0,dhaka_bangladesh
2022-02-08 09:00:00,7.531357524355768e-08,0,0.0,500.0,dhaka_bangladesh
2022-02-08 10:00:00,7.22399873508164e-08,0,0.0,500.0,dhaka_bangladesh
2022-02-08 11:00:00,6.92918342486006e-08,0,0.0,500.0,dhaka_bangladesh
2022-02-08 12:00:00,6.646399687501152e-08,0,0.0,500.0,dhaka_bangladesh
2022-02-08 13:00:00,6.375156507984581e-08,0,0.0,500.0,dhaka_bangladesh
2022-02-08 14:00:00,6.114982909879523e-08,0,0.0,500.0,dhaka_bangladesh
2022-02-08 15:00:00,5.86542713755899e-08,0,0.0,500.0,dhaka_bangladesh
2022-02-08 16:00:00,5.62605587178842e-08,0,0.0,500.0,dhaka_bangladesh
2022-02-08 17:00:00,5.3964534773264144e-08,0,0.0,500.0,dhaka_bangladesh
2022-02-08 18:00:00,5.1762212812314376e-08,0,0.0,500.0,dhaka_bangladesh
2022-02-08 19:00:00,4.964976880621156e-08,0,0.0,500.0,dhaka_bangladesh
2022-02-08 20:00:00,4.762353478682429e-08,0,0.0,500.0,dhaka_bangladesh
2022-02-08 21:00:00,4.5679992477792095e-08,0,0.0,500.0,dhaka_bangladesh
2022-02-08 22:00:00,4.381576718552297e-08,0,0.0,500.0,dhaka_bangladesh
2022-02-08 23:00:00,4.202762193950217e-08,0,0.0,500.0,dhaka_bangladesh
2022-02-09 00:00:00,4.031245187173915e-08,0,0.0,500.0,dhaka_bangladesh
2022-02-09 01:00:00,3.866727882559177e-08,0,0.0,500.0,dhaka_bangladesh
2022-02-09 02:00:00,3.7089246184607053e-08,0,0.0,500.0,dhaka_bangladesh
2022-02-09 03:00:00,3.557561391240037e-08,0,0.0,500.0,dhaka_bangladesh
2022-02-09 04:00:00,3.412375379495966e-08,0,0.0,500.0,dhaka_bangladesh
2022-02-09 05:00:00,3.2731144877113235e-08,0,0.0,500.0,dhaka_bangladesh
2022-02-09 06:00:00,3.139536908523876e-08,0,0.0,500.0,dhaka_bangladesh
2022-02-09 07:00:00,3.011410702861123e-08,0,0.0,500.0,dhaka_bangladesh
2022-02-09 08:00:00,2.8885133972100085e-08,0,0.0,500.0,dhaka_bangladesh
2022-02-09 09:00:00,2.770631597322337e-08,0,0.0,500.0,dhaka_bangladesh
2022-02-09 10:00:00,2.6575606176850397e-08,0,0.0,500.0,dhaka_bangladesh
2022-02-09 11:00:00,2.5491041261119396e-08,0,0.0,500.0,dhaka_bangladesh
2022-02-09 12:00:00,2.4450738028399725e-08,0,0.0,500.0,dhaka_bangladesh
2022-02-09 13:00:00,2.3452890135378523e-08,0,0.0,500.0,dhaka_bangladesh
2022-02-09 14:00:00,2.2495764956593985e-08,0,0.0,500.0,dhaka_bangladesh
2022-02-09 15:00:00,2.1577700575970132e-08,0,0.0,500.0,dhaka_bangladesh
2022-02-09 16:00:00,2.0697102901128355e-08,0,0.0,500.0,dhaka_bangladesh
2022-02-09 17:00:00,1.985244289546528e-08,0,0.0,500.0,dhaka_bangladesh
2022-02-09 18:00:00,1.9042253923191483e-08,0,0.0,500.0,dhaka_bangladesh
2022-02-09 19:00:00,1.8265129202720418e-08,0,0.0,500.0,dhaka_bangladesh
2022-02-09 20:00:00,1.751971936398567e-08,0,0.0,500.0,dhaka_bangladesh
2022-02-09 21:00:00,1.6804730105445845e-08,0,0.0,500.0,dhaka_bangladesh
2022-02-09 22:00:00,1.6118919946708212e-08,0,0.0,500.0,dhaka_bangladesh
2022-02-09 23:00:00,1.5461098072868703e-08,0,0.0,500.0,dhaka_bangladesh
2022-02-10 00:00:00,1.483012226682606e-08,0,0.0,500.0,dhaka_bangladesh
2022-02-10 01:00:00,1.4224896925979047e-08,0,0.0,500.0,dhaka_bangladesh
2022-02-10 02:00:00,1.364437115986329e-08,0,0.0,500.0,dhaka_bangladesh
2022-02-10 03:00:00,1.3087536965424837e-08,0,0.0,500.0,dhaka_bangladesh
2022-02-10 04:00:00,1.2553427476761642e-08,0,0.0,500.0,dhaka_bangladesh
2022-02-10 05:00:00,1.2041115286293939e-08,0,0.0,500.0,dhaka_bangladesh
2022-02-10 06:00:00,1.1549710834448815e-08,0,0.0,500.0,dhaka_bangladesh
2022-02-10 07:00:00,1.1078360865062506e-08,0,0.0,500.0,dhaka_bangladesh
2022-02-10 08:00:00,1.0626246943818423e-08,0,0.0,500.0,dhaka_bangladesh
2022-02-10 09:00:00,1.019258403714882e-08,0,0.0,500.0,dhaka_bangladesh
2022-02-10 10:00:00,9.776619149132057e-09,0,0.0,500.0,dhaka_bangladesh
2022-02-10 11:00:00,9.37763001401878e-09,0,0.0,500.0,dhaka_bangladesh
2022-02-10 12:00:00,8.994923842117025e-09,0,0.0,500.0,dhaka_bangladesh
2022-02-10 13:00:00,8.627836116858282e-09,0,0.0,500.0,dhaka_bangladesh
2022-02-10 14:00:00,8.275729440955911e-09,0,0.0,500.0,dhaka_bangladesh
2022-02-10 15:00:00,7.937992429652602e-09,0,0.0,500.0,dhaka_bangladesh
2022-02-10 16:00:00,7.614038649134939e-09,0,0.0,500.0,dhaka_bangladesh
2022-02-10 17:00:00,7.303305598271736e-09,0,0.0,500.0,dhaka_bangladesh
2022-02-10 18:00:00,7.005253731908389e-09,0,0.0,500.0,dhaka_bangladesh
2022-02-10 19:00:00,6.719365524020979e-09,0,0.0,500.0,dhaka_bangladesh
2022-02-10 20:00:00,6.445144569103544e-09,0,0.0,500.0,dhaka_bangladesh
2022-02-10 21:00:00,6.182114720228331e-09,0,0.0,500.0,dhaka_bangladesh
2022-02-10 22:00:00,5.929819262282232e-09,0,0.0,500.0,dhaka_bangladesh
2022-02-10 23:00:00,5.687820118943803e-09,0,0.0,500.0,dhaka_bangladesh
2022-02-11 00:00:00,5.455697092024135e-09,0,0.0,500.0,dhaka_bangladesh
2022-02-11 01:00:00,5.233047131850539e-09,0,0.0,500.0,dhaka_bangladesh
2022-02-11 02:00:00,5.019483637426251e-09,0,0.0,500.0,dhaka_bangladesh
2022-02-11 03:00:00,4.814635785151083e-09,0,0.0,500.0,dhaka_bangladesh
2022-02-11 04:00:00,4.618147884937302e-09,0,0.0,500.0,dhaka_bangladesh
2022-02-11 05:00:00,4.429678762602726e-09,0,0.0,500.0,dhaka_bangladesh
2022-02-11 06:00:00,4.248901167468782e-09,0,0.0,500.0,dhaka_bangladesh
2022-02-11 07:00:00,4.075501204134769e-09,0,0.0,500.0,dhaka_bangladesh
2022-02-11 08:00:00,3.909177787441668e-09,0,0.0,500.0,dhaka_bangladesh
2022-02-11 09:00:00,3.749642119679272e-09,0,0.0,500.0,dhaka_bangladesh
2022-02-11 10:00:00,3.5966171891287232e-09,0,0.0,500.0,dhaka_bangladesh
2022-02-11 11:00:00,3.4498372890697745e-09,0,0.0,500.0,dhaka_bangladesh
2022-02-11 12:00:00,3.309047556417694e-09,0,0.0,500.0,dhaka_bangladesh
2022-02-11 13:00:00,3.1740035291886117e-09,0,0.0,500.0,dhaka_bangladesh
2022-02-11 14:00:00,3.044470722024913e-09,0,0.0,500.0,dhaka_bangladesh
2022-02-11 15:00:00,2.9202242190437394e-09,0,0.0,500.0,dhaka_bangladesh
2022-02-11 16:00:00,2.8010482833015245e-09,0,0.0,500.0,dhaka_bangladesh
2022-02-11 17:00:00,2.6867359821964727e-09,0,0.0,500.0,dhaka_bangladesh
2022-02-11 18:00:00,2.577088828158619e-09,0,0.0,500.0,dhaka_bangladesh
2022-02-11 19:00:00,2.4719164340034933e-09,0,0.0,500.0,dhaka_bangladesh
2022-02-11 20:00:00,2.3710361823509673e-09,0,0.0,500.0,dhaka_bangladesh
2022-02-11 21:00:00,2.274272908535346e-09,0,0.0,500.0,dhaka_bangladesh
2022-02-11 22:00:00,2.181458596456042e-09,0,0.0,500.0,dhaka_bangladesh
2022-02-11 23:00:00,2.0924320868407334e-09,0,0.0,500.0,dhaka_bangladesh
2022-02-12 00:00:00,2.0070387974145016e-09,0,0.0,500.0,dhaka_bangladesh
2022-02-12 01:00:00,1.9251304544889955e-09,0,0.0,500.0,dhaka_bangladesh
2022-02-12 02:00:00,1.846564835505568e-09,0,0.0,500.0,dhaka_bangladesh
2022-02-12 03:00:00,1.7712055220854088e-09,0,0.0,500.0,dhaka_bangladesh
2022-02-12 04:00:00,1.698921663157813e-09,0,0.0,500.0,dhaka_bangladesh
2022-02-12 05:00:00,1.6295877477552968e-09,0,0.0,500.0,dhaka_bangladesh
2022-02-12 06:00:00,1.5630833870811044e-09,0,0.0,500.0,dhaka_bangladesh
2022-02-12 07:00:00,1.4992931054706395e-09,0,0.0,500.0,dhaka_bangladesh
2022-02-12 08:00:00,1.4381061398838565e-09,0,0.0,500.0,dhaka_bangladesh
2022-02-12 09:00:00,1.3794162475805129e-09,0,0.0,500.0,dhaka_bangladesh
2022-02-12 10:00:00,1.3231215216442785e-09,0,0.0,500.0,dhaka_bangladesh
2022-02-12 11:00:00,1.2691242140353921e-09,0,0.0,500.0,dhaka_bangladesh
2022-02-12 12:00:00,1.217330565864668e-09,0,0.0,500.0,dhaka_bangladesh
2022-02-12 13:00:00,1.1676506445940924e-09,0,0.0,500.0,dhaka_bangladesh
2022-02-12 14:00:00,1.1199981878813428e-09,0,0.0,500.0,dhaka_bangladesh
2022-02-12 15:00:00,1.0742904537971225e-09,0,0.0,500.0,dhaka_bangladesh
2022-02-12 16:00:00,1.0304480771551925e-09,0,0.0,500.0,dhaka_bangladesh
2022-02-12 17:00:00,9.883949317056447e-10,0,0.0,500.0,dhaka_bangladesh
2022-02-12 18:00:00,9.480579979521598e-10,0,0.0,500.0,dhaka_bangladesh
2022-02-12 19:00:00,9.093672363637097e-10,0,0.0,500.0,dhaka_bangladesh
2022-02-12 20:00:00,8.722554657605441e-10,0,0.0,500.0,dhaka_bangladesh
2022-02-12 21:00:00,8.366582466633336e-10,0,0.0,500.0,dhaka_bangladesh
2022-02-12 22:00:00,8.025137694028876e-10,0,0.0,500.0,dhaka_bangladesh
2022-02-12 23:00:00,7.697627467961637e-10,0,0.0,500.0,dhaka_bangladesh
2022-02-13 00:00:00,7.383483112022504e-10,0,0.0,500.0,dhaka_bangladesh
2022-02-13 01:00:00,7.082159157795365e-10,0,0.0,500.0,dhaka_bangladesh
2022-02-13 02:00:00,6.793132397726247e-10,0,0.0,500.0,dhaka_bangladesh
2022-02-13 03:00:00,6.515900976645529e-10,0,0.0,500.0,dhaka_bangladesh
2022-02-13 04:00:00,6.249983520365536e-10,0,0.0,500.0,dhaka_bangladesh
2022-02-13 05:00:00,5.994918299840479e-10,0,0.0,500.0,dhaka_bangladesh
2022-02-13 06:00:00,5.750262429437619e-10,0,0.0,500.0,dhaka_bangladesh
2022-02-13 07:00:00,5.515591097927352e-10,0,0.0,500.0,dhaka_bangladesh
2022-02-13 08:00:00,5.290496830856931e-10,0,0.0,500.0,dhaka_bangladesh
2022-02-13 09:00:00,5.074588783027269e-10,0,0.0,500.0,dhaka_bangladesh
2022-02-13 10:00:00,4.867492059844056e-10,0,0.0,500.0,dhaka_bangladesh
2022-02-13 11:00:00,4.66884706636486e-10,0,0.0,500.0,dhaka_bangladesh
2022-02-13 12:00:00,4.478308882912098e-10,0,0.0,500.0,dhaka_bangladesh
2022-02-13 13:00:00,4.295546666167491e-10,0,0.0,500.0,dhaka_bangladesh
2022-02-13 14:00:00,4.120243074708164e-10,0,0.0,500.0,dhaka_bangladesh
2022-02-13 15:00:00,3.952093717987006e-10,0,0.0,500.0,dhaka_bangladesh
2022-02-13 16:00:00,3.790806627800396e-10,0,0.0,500.0,dhaka_bangladesh
2022-02-13 17:00:00,3.636101751325585e-10,0,0.0,500.0,dhaka_bangladesh
2022-02-13 18:00:00,3.4877104648475697e-10,0,0.0,500.0,dhaka_bangladesh
2022-02-13 19:00:00,3.345375107331004e-10,0,0.0,500.0,dhaka_bangladesh
2022-02-13 20:00:00,3.2088485330272506e-10,0,0.0,500.0,dhaka_bangladesh
2022-02-13 21:00:00,3.0778936823398595e-10,0,0.0,500.0,dhaka_bangladesh
2022-02-13 22:00:00,2.9522831702032187e-10,0,0.0,500.0,dhaka_bangladesh
2022-02-13 23:00:00,2.8317988912596723e-10,0,0.0,500.0,dhaka_bangladesh
2022-02-14 00:00:00,2.7162316411496206e-10,0,0.0,500.0,dhaka_bangladesh
2022-02-14 01:00:00,2.6053807532569716e-10,0,0.0,500.0,dhaka_bangladesh
2022-02-14 02:00:00,2.4990537502791517e-10,0,0.0,500.0,dhaka_bangladesh
2022-02-14 03:00:00,2.397066010016813e-10,0,0.0,500.0,dhaka_bangladesh
2022-02-14 04:00:00,2.2992404448027973e-10,0,0.0,500.0,dhaka_bangladesh
2022-02-14 05:00:00,2.2054071940137686e-10,0,0.0,500.0,dhaka_bangladesh
2022-02-14 06:00:00,2.115403329130652e-10,0,0.0,500.0,dhaka_bangladesh
2022-02-14 07:00:00,2.0290725708356958e-10,0,0.0,500.0,dhaka_bangladesh
2022-02-14 08:00:00,1.9462650176549343e-10,0,0.0,500.0,dhaka_bangladesh
2022-02-14 09:00:00,1.866836885674942e-10,0,0.0,500.0,dhaka_bangladesh
2022-02-14 10:00:00,1.7906502588818632e-10,0,0.0,500.0,dhaka_bangladesh
2022-02-14 11:00:00,1.7175728496892328e-10,0,0.0,500.0,dhaka_bangladesh
2022-02-14 12:00:00,1.6474777692388085e-10,0,0.0,500.0,dhaka_bangladesh
2022-02-14 13:00:00,1.5802433070755488e-10,0,0.0,500.0,dhaka_bangladesh
2022-02-14 14:00:00,1.5157527198141443e-10,0,0.0,500.0,dhaka_bangladesh
2022-02-14 15:00:00,1.4538940284302273e-10,0,0.0,500.0,dhaka_bangladesh
2022-02-14 16:00:00,1.3945598238242092e-10,0,0.0,500.0,dhaka_bangladesh
2022-02-14 17:00:00,1.3376470803201604e-10,0,0.0,500.0,dhaka_bangladesh
2022-02-14 18:00:00,1.2830569767759168e-10,0,0.0,500.0,dhaka_bangladesh
2022-02-14 19:00:00,1.2306947249937866e-10,0,0.0,500.0,dhaka_bangladesh
2022-02-14 20:00:00,1.180469405133869e-10,0,0.0,500.0,dhaka_bangladesh
2022-02-14 21:00:00,1.1322938078443018e-10,0,0.0,500.0,dhaka_bangladesh
2022-02-14 22:00:00,1.086084282834217e-10,0,0.0,500.0,dhaka_bangladesh
2022-02-14 23:00:00,1.0417605936265192e-10,0,0.0,500.0,dhaka_bangladesh
2022-02-15 00:00:00,9.992457782383132e-11,0,0.0,500.0,dhaka_bangladesh
2022-02-15 01:00:00,9.584660155470084e-11,0,0.0,500.0,dhaka_bangladesh
2022-02-15 02:00:00,9.193504971100926e-11,0,0.0,500.0,dhaka_bangladesh
2022-02-15 03:00:00,8.818313042160451e-11,0,0.0,500.0,dhaka_bangladesh
2022-02-15 04:00:00,8.458432899528337e-11,0,0.0,500.0,dhaka_bangladesh
2022-02-15 05:00:00,8.113239660892647e-11,0,0.0,500.0,dhaka_bangladesh
2022-02-15 06:00:00,7.782133945727939e-11,0,0.0,500.0,dhaka_bangladesh
2022-02-15 07:00:00,7.464540834553391e-11,0,0.0,500.0,dhaka_bangladesh
2022-02-15 08:00:00,7.159908870664256e-11,0,0.0,500.0,dhaka_bangladesh
2022-02-15 09:00:00,6.867709102603341e-11,0,0.0,500.0,dhaka_bangladesh
2022-02-15 10:00:00,6.587434165709601e-11,0,0.0,500.0,dhaka_bangladesh
2022-02-15 11:00:00,6.318597401149174e-11,0,0.0,500.0,dhaka_bangladesh
2022-02-15 12:00:00,6.060732010899481e-11,0,0.0,500.0,dhaka_bangladesh
2022-02-15 13:00:00,5.813390247218661e-11,0,0.0,500.0,dhaka_bangladesh
2022-02-15 14:00:00,5.57614263519322e-11,0,0.0,500.0,dhaka_bangladesh
2022-02-15 15:00:00,5.348577227014098e-11,0,0.0,500.0,dhaka_bangladesh
2022-02-15 16:00:00,5.130298886685964e-11,0,0.0,500.0,dhaka_bangladesh
2022-02-15 17:00:00,4.9209286039279194e-11,0,0.0,500.0,dhaka_bangladesh
2022-02-15 18:00:00,4.720102836074444e-11,0,0.0,500.0,dhaka_bangladesh
2022-02-15 19:00:00,4.5274728768335615e-11,0,0.0,500.0,dhaka_bangladesh
2022-02-15 20:00:00,4.3427042508063254e-11,0,0.0,500.0,dhaka_bangladesh
2022-02-15 21:00:00,4.1654761327164616e-11,0,0.0,500.0,dhaka_bangladesh
2022-02-15 22:00:00,3.9954807903413853e-11,0,0.0,500.0,dhaka_bangladesh
2022-02-15 23:00:00,3.83242305017754e-11,0,0.0,500.0,dhaka_bangladesh
2022-02-16 00:00:00,3.676019784912337e-11,0,0.0,500.0,dhaka_bangladesh
2022-02-16 01:00:00,3.525999421812523e-11,0,0.0,500.0,dhaka_bangladesh
2022-02-16 02:00:00,3.382101471175486e-11,0,0.0,500.0,dhaka_bangladesh
2022-02-16 03:00:00,3.2440760740248285e-11,0,0.0,500.0,dhaka_bangladesh
2022-02-16 04:00:00,3.1116835682646265e-11,0,0.0,500.0,dhaka_bangladesh
2022-02-16 05:00:00,2.984694072539169e-11,0,0.0,500.0,dhaka_bangladesh
2022-02-16 06:00:00,2.862887087075705e-11,0,0.0,500.0,dhaka_bangladesh
2022-02-16 07:00:00,2.7460511108169138e-11,0,0.0,500.0,dhaka_bangladesh
2022-02-16 08:00:00,2.6339832741784192e-11,0,0.0,500.0,dhaka_bangladesh
2022-02-16 09:00:00,2.5264889867937446e-11,0,0.0,500.0,dhaka_bangladesh
2022-02-16 10:00:00,2.4233815996349144e-11,0,0.0,500.0,dhaka_bangladesh
2022-02-16 11:00:00,2.3244820809220856e-11,0,0.0,500.0,dhaka_bangladesh
2022-02-16 12:00:00,2.229618705259573e-11,0,0.0,500.0,dhaka_bangladesh
2022-02-16 13:00:00,2.138626755458314e-11,0,0.0,500.0,dhaka_bangladesh
2022-02-16 14:00:00,2.0513482365271354e-11,0,0.0,500.0,dhaka_bangladesh
2022-02-16 15:00:00,1.9676316013362485e-11,0,0.0,500.0,dhaka_bangladesh
2022-02-16 16:00:00,1.8873314874765052e-11,0,0.0,500.0,dhaka_bangladesh
2022-02-16 17:00:00,1.8103084648575685e-11,0,0.0,500.0,dhaka_bangladesh
2022-02-16 18:00:00,1.736428793606807e-11,0,0.0,500.0,dhaka_bangladesh
2022-02-16 19:00:00,1.6655641918483925e-11,0,0.0,500.0,dhaka_bangladesh
2022-02-16 20:00:00,1.5975916129594785e-11,0,0.0,500.0,dhaka_bangladesh
2022-02-16 21:00:00,1.532393031916713e-11,0,0.0,500.0,dhaka_bangladesh
2022-02-16 22:00:00,1.4698552403620214e-11,0,0.0,500.0,dhaka_bangladesh
2022-02-16 23:00:00,1.4098696500318673e-11,0,0.0,500.0,dhaka_bangladesh
2022-02-17 00:00:00,1.3523321042087163e-11,0,0.0,500.0,dhaka_bangladesh
2022-02-17 01:00:00,1.29714269686722e-11,0,0.0,500.0,dhaka_bangladesh
2022-02-17 02:00:00,1.2442055992011509e-11,0,0.0,500.0,dhaka_bangladesh
2022-02-17 03:00:00,1.1934288932299002e-11,0,0.0,500.0,dhaka_bangladesh
2022-02-17 04:00:00,1.1447244121955502e-11,0,0.0,500.0,dhaka_bangladesh
2022-02-17 05:00:00,1.0980075874734262e-11,0,0.0,500.0,dhaka_bangladesh
2022-02-17 06:00:00,1.0531973017303486e-11,0,0.0,500.0,dhaka_bangladesh
2022-02-17 07:00:00,1.0102157480755448e-11,0,0.0,500.0,dhaka_bangladesh
2022-02-17 08:00:00,9.689882949596827e-12,0,0.0,500.0,dhaka_bangladesh
2022-02-17 09:00:00,9.294433565874864e-12,0,0.0,500.0,dhaka_bangladesh
2022-02-17 10:00:00,8.915122686188482e-12,0,0.0,500.0,dhaka_bangladesh
2022-02-17 11:00:00,8.551291689426483e-12,0,0.0,500.0,dhaka_bangladesh
2022-02-17 12:00:00,8.202308833162863e-12,0,0.0,500.0,dhaka_bangladesh
2022-02-17 13:00:00,7.867568156722992e-12,0,0.0,500.0,dhaka_bangladesh
2022-02-17 14:00:00,7.546488429016261e-12,0,0.0,500.0,dhaka_bangladesh
2022-02-17 15:00:00,7.238512139308494e-12,0,0.0,500.0,dhaka_bangladesh
2022-02-17 16:00:00,6.943104529181237e-12,0,0.0,500.0,dhaka_bangladesh
2022-02-17 17:00:00,6.659752663997341e-12,0,0.0,500.0,dhaka_bangladesh
2022-02-17 18:00:00,6.3879645422607394e-12,0,0.0,500.0,dhaka_bangladesh
2022-02-17 19:00:00,6.127268241323517e-12,0,0.0,500.0,dhaka_bangladesh
2022-02-17 20:00:00,5.877211097957161e-12,0,0.0,500.0,dhaka_bangladesh
2022-02-17 21:00:00,5.637358922365325e-12,0,0.0,500.0,dhaka_bangladesh
2022-02-17 22:00:00,5.407295244272966e-12,0,0.0,500.0,dhaka_bangladesh
2022-02-17 23:00:00,5.186620589783003e-12,0,0.0,500.0,dhaka_bangladesh
2022-02-18 00:00:00,4.974951787745032e-12,0,0.0,500.0,dhaka_bangladesh
2022-02-18 01:00:00,4.771921304431304e-12,0,0.0,500.0,dhaka_bangladesh
2022-02-18 02:00:00,4.577176605364988e-12,0,0.0,500.0,dhaka_bangladesh
2022-02-18 03:00:00,4.390379543192686e-12,0,0.0,500.0,dhaka_bangladesh
2022-02-18 04:00:00,4.211205770538069e-12,0,0.0,500.0,dhaka_bangladesh
2022-02-18 05:00:00,4.0393441768172754e-12,0,0.0,500.0,dhaka_bangladesh
2022-02-18 06:00:00,3.8744963480383166e-12,0,0.0,500.0,dhaka_bangladesh
2022-02-18 07:00:00,3.71637604864622e-12,0,0.0,500.0,dhaka_bangladesh
2022-02-18 08:00:00,3.5647087245143676e-12,0,0.0,500.0,dhaka_bangladesh
2022-02-18 09:00:00,3.41923102621914e-12,0,0.0,500.0,dhaka_bangladesh
2022-02-18 10:00:00,3.279690351769867e-12,0,0.0,500.0,dhaka_bangladesh
2022-02-18 11:00:00,3.145844408000213e-12,0,0.0,500.0,dhaka_bangladesh
2022-02-18 12:00:00,3.0174607898595388e-12,0,0.0,500.0,dhaka_bangladesh
2022-02-18 13:00:00,2.8943165768734895e-12,0,0.0,500.0,dhaka_bangladesh
2022-02-18 14:00:00,2.7761979460732584e-12,0,0.0,500.0,dhaka_bangladesh
2022-02-18 15:00:00,2.66289980072151e-12,0,0.0,500.0,dhaka_bangladesh
2022-02-18 16:00:00,2.5542254141901036e-12,0,0.0,500.0,dhaka_bangladesh
2022-02-18 17:00:00,2.449986088371366e-12,0,0.0,500.0,dhaka_bangladesh
2022-02-18 18:00:00,2.350000826029869e-12,0,0.0,500.0,dhaka_bangladesh
2022-02-18 19:00:00,2.254096016525622e-12,0,0.0,500.0,dhaka_bangladesh
2022-02-18 20:00:00,2.1621051343630795e-12,0,0.0,500.0,dhaka_bangladesh
2022-02-18 21:00:00,2.0738684500426e-12,0,0.0,500.0,dhaka_bangladesh
2022-02-18 22:00:00,1.989232752712136e-12,0,0.0,500.0,dhaka_bangladesh
2022-02-18 23:00:00,1.9080510841376683e-12,0,0.0,500.0,dhaka_bangladesh
2022-02-19 00:00:00,1.83018248353051e-12,0,0.0,500.0,dhaka_bangladesh
2022-02-19 01:00:00,1.7554917427882887e-12,0,0.0,500.0,dhaka_bangladesh
2022-02-19 02:00:00,1.6838491717246712e-12,0,0.0,500.0,dhaka_bangladesh
2022-02-19 03:00:00,1.6151303728802578e-12,0,0.0,500.0,dhaka_bangladesh
2022-02-19 04:00:00,1.549216025523498e-12,0,0.0,500.0,dhaka_bangladesh
2022-02-19 05:00:00,1.485991678466659e-12,0,0.0,500.0,dhaka_bangladesh
2022-02-19 06:00:00,1.4253475513371302e-12,0,0.0,500.0,dhaka_bangladesh
2022-02-19 07:00:00,1.3671783439589042e-12,0,0.0,500.0,dhaka_bangladesh
2022-02-19 08:00:00,1.3113830535133105e-12,0,0.0,500.0,dhaka_bangladesh
2022-02-19 09:00:00,1.257864799161555e-12,0,0.0,500.0,dhaka_bangladesh
2022-02-19 10:00:00,1.2065306538244698e-12,0,0.0,500.0,dhaka_bangladesh
2022-02-19 11:00:00,1.1572914828274252e-12,0,0.0,500.0,dhaka_bangladesh
2022-02-19 12:00:00,1.1100617891302662e-12,0,0.0,500.0,dhaka_bangladesh
2022-02-19 13:00:00,1.0647595648734612e-12,0,0.0,500.0,dhaka_bangladesh
2022-02-19 14:00:00,1.0213061489827363e-12,0,0.0,500.0,dhaka_bangladesh
2022-02-19 15:00:00,9.796260905849744e-13,0,0.0,500.0,dhaka_bangladesh
2022-02-19 16:00:00,9.39647017998151e-13,0,0.0,500.0,dhaka_bangladesh
2022-02-19 17:00:00,9.012995130678661e-13,0,0.0,500.0,dhaka_bangladesh
2022-02-19 18:00:00,8.645169906322961e-13,0,0.0,500.0,dhaka_bangladesh
2022-02-19 19:00:00,8.292355829062198e-13,0,0.0,500.0,dhaka_bangladesh
2022-02-19 20:00:00,7.953940285833958e-13,0,0.0,500.0,dhaka_bangladesh
2022-02-19 21:00:00,7.629335664647572e-13,0,0.0,500.0,dhaka_bangladesh
2022-02-19 22:00:00,7.317978334276704e-13,0,0.0,500.0,dhaka_bangladesh
2022-02-19 23:00:00,7.0193276655913e-13,0,0.0,500.0,dhaka_bangladesh
2022-02-20 00:00:00,6.732865092829664e-13,0,0.0,500.0,dhaka_bangladesh
2022-02-20 01:00:00,6.458093213180368e-13,0,0.0,500.0,dhaka_bangladesh
2022-02-20 02:00:00,6.194534923110683e-13,0,0.0,500.0,dhaka_bangladesh
2022-02-20 03:00:00,5.941732589942125e-13,0,0.0,500.0,dhaka_bangladesh
2022-02-20 04:00:00,5.699247257234275e-13,0,0.0,500.0,dhaka_bangladesh
2022-02-20 05:00:00,5.466657882597281e-13,0,0.0,500.0,dhaka_bangladesh
2022-02-20 06:00:00,5.24356060660987e-13,0,0.0,500.0,dhaka_bangladesh
2022-02-20 07:00:00,5.029568051572995e-13,0,0.0,500.0,dhaka_bangladesh
2022-02-20 08:00:00,4.824308648881762e-13,0,0.0,500.0,dhaka_bangladesh
2022-02-20 09:00:00,4.627425993847814e-13,0,0.0,500.0,dhaka_bangladesh
2022-02-20 10:00:00,4.4385782268516075e-13,0,0.0,500.0,dhaka_bangladesh
2022-02-20 11:00:00,4.2574374397502307e-13,0,0.0,500.0,dhaka_bangladesh
2022-02-20 12:00:00,4.083689106510139e-13,0,0.0,500.0,dhaka_bangladesh
2022-02-20 13:00:00,3.917031537075969e-13,0,0.0,500.0,dhaka_bangladesh
2022-02-20 14:00:00,3.7571753535272676e-13,0,0.0,500.0,dhaka_bangladesh
2022-02-20 15:00:00,3.6038429876136517e-13,0,0.0,500.0,dhaka_bangladesh
2022-02-20 16:00:00,3.45676819879572e-13,0,0.0,500.0,dhaka_bangladesh
2022-02-20 17:00:00,3.3156956119549964e-13,0,0.0,500.0,dhaka_bangladesh
2022-02-20 18:00:00,3.180380273970262e-13,0,0.0,500.0,dhaka_bangladesh
2022-02-20 19:00:00,3.0505872283901537e-13,0,0.0,500.0,dhaka_bangladesh
2022-02-20 20:00:00,2.9260911074636195e-13,0,0.0,500.0,dhaka_bangladesh
2022-02-20 21:00:00,2.8066757408199024e-13,0,0.0,500.0,dhaka_bangladesh
2022-02-20 22:00:00,2.6921337801184367e-13,0,0.0,500.0,dhaka_bangladesh
2022-02-20 23:00:00,2.582266339016972e-13,0,0.0,500.0,dhaka_bangladesh
2022-02-21 00:00:00,2.4768826478328883e-13,0,0.0,500.0,dhaka_bangladesh
2022-02-21 01:00:00,2.3757997222978785e-13,0,0.0,500.0,dhaka_bangladesh
2022-02-21 02:00:00,2.278842045830941e-13,0,0.0,500.0,dhaka_bangladesh
2022-02-21 03:00:00,2.1858412647780554e-13,0,0.0,500.0,dhaka_bangladesh
2022-02-21 04:00:00,2.0966358960892195e-13,0,0.0,500.0,dhaka_bangladesh
2022-02-21 05:00:00,2.0110710469253476e-13,0,0.0,500.0,dhaka_bangladesh
2022-02-21 06:00:00,1.9289981457082282e-13,0,0.0,500.0,dhaka_bangladesh
2022-02-21 07:00:00,1.8502746841464142e-13,0,0.0,500.0,dhaka_bangladesh
2022-02-21 08:00:00,1.7747639697891793e-13,0,0.0,500.0,dhaka_bangladesh
2022-02-21 09:00:00,1.7023348886789396e-13,0,0.0,500.0,dhaka_bangladesh
2022-02-21 10:00:00,1.632861677689901e-13,0,0.0,500.0,dhaka_bangladesh
2022-02-21 11:00:00,1.5662237061576908e-13,0,0.0,500.0,dhaka_bangladesh
2022-02-21 12:00:00,1.502305266420856e-13,0,0.0,500.0,dhaka_bangladesh
2022-02-21 13:00:00,1.4409953729104238e-13,0,0.0,500.0,dhaka_bangladesh
2022-02-21 14:00:00,1.3821875694387277e-13,0,0.0,500.0,dhaka_bangladesh
2022-02-21 15:00:00,1.3257797443529307e-13,0,0.0,500.0,dhaka_bangladesh
2022-02-21 16:00:00,1.5445516914585933,1,4.6,327.8317159772758,dhaka_bangladesh
2022-02-21 17:00:00,1.4815176984071694,1,4.6,327.8317159772758,dhaka_bangladesh
2022-02-21 18:00:00,1.4210561568327527,1,4.6,327.8317159772758,dhaka_bangladesh
2022-02-21 19:00:00,1.3630620835940066,1,4.6,327.8317159772758,dhaka_bangladesh
2022-02-21 20:00:00,1.3074347799685857,1,4.6,327.8317159772758,dhaka_bangladesh
2022-02-21 21:00:00,1.2540776568036736,1,4.6,327.8317159772758,dhaka_bangladesh
2022-02-21 22:00:00,1.2028980668022151,1,4.6,327.8317159772758,dhaka_bangladesh
2022-02-21 23:00:00,1.1538071436536488,1,4.6,327.8317159772758,dhaka_bangladesh
2022-02-22 00:00:00,1.1067196477297887,1,4.6,327.8317159772758,dhaka_bangladesh
2022-02-22 01:00:00,1.061553818077953,1,4.6,327.8317159772758,dhaka_bangladesh
2022-02-22 02:00:00,1.0182312304543244,1,4.6,327.8317159772758,dhaka_bangladesh
2022-02-22 03:00:00,0.9766766611510532,1,4.6,327.8317159772758,dhaka_bangladesh
2022-02-22 04:00:00,0.9368179563806444,1,4.6,327.8317159772758,dhaka_bangladesh
2022-02-22 05:00:00,0.8985859069908427,1,4.6,327.8317159772758,dhaka_bangladesh
2022-02-22 06:00:00,0.8619141282924689,1,4.6,327.8317159772758,dhaka_bangladesh
2022-02-22 07:00:00,0.8267389447915494,1,4.6,327.8317159772758,dhaka_bangladesh
2022-02-22 08:00:00,0.792999279625588,1,4.6,327.8317159772758,dhaka_bangladesh
2022-02-22 09:00:00,0.7606365485120055,1,4.6,327.8317159772758,dhaka_bangladesh
2022-02-22 10:00:00,0.7295945580245992,1,4.6,327.8317159772758,dhaka_bangladesh
2022-02-22 11:00:00,0.6998194080213969,1,4.6,327.8317159772758,dhaka_bangladesh
2022-02-22 12:00:00,0.6712593980544822,1,4.6,327.8317159772758,dhaka_bangladesh
2022-02-22 13:00:00,0.6438649375992858,1,4.6,327.8317159772758,dhaka_bangladesh
2022-02-22 14:00:00,0.6175884599474678,1,4.6,327.8317159772758,dhaka_bangladesh
2022-02-22 15:00:00,0.5923843396138805,1,4.6,327.8317159772758,dhaka_bangladesh
2022-02-22 16:00:00,0.5682088131141932,0,0.0,500.0,dhaka_bangladesh
2022-02-22 17:00:00,0.5450199029756309,0,0.0,500.0,dhaka_bangladesh
2022-02-22 18:00:00,0.5227773448488705,0,0.0,500.0,dhaka_bangladesh
2022-02-22 19:00:00,0.5014425175945448,0,0.0,500.0,dhaka_bangladesh
2022-02-22 20:00:00,0.480978376222951,0,0.0,500.0,dhaka_bangladesh
2022-02-22 21:00:00,0.4613493875705271,0,0.0,500.0,dhaka_bangladesh
2022-02-22 22:00:00,0.4425214686014073,0,0.0,500.0,dhaka_bangladesh
2022-02-22 23:00:00,0.4244619272269225,0,0.0,500.0,dhaka_bangladesh
2022-02-23 00:00:00,0.40713940554029016,0,0.0,500.0,dhaka_bangladesh
2022-02-23 01:00:00,0.3905238253679282,0,0.0,500.0,dhaka_bangladesh
2022-02-23 02:00:00,0.3745863360428471,0,0.0,500.0,dhaka_bangladesh
2022-02-23 03:00:00,0.35929926430943954,0,0.0,500.0,dhaka_bangladesh
2022-02-23 04:00:00,0.3446360662726842,0,0.0,500.0,dhaka_bangladesh
2022-02-23 05:00:00,0.33057128130832497,0,0.0,500.0,dhaka_bangladesh
2022-02-23 06:00:00,0.31708048785400433,0,0.0,500.0,dhaka_bangladesh
2022-02-23 07:00:00,0.30414026100458325,0,0.0,500.0,dhaka_bangladesh
2022-02-23 08:00:00,0.2917281318380177,0,0.0,500.0,dhaka_bangladesh
2022-02-23 09:00:00,0.27982254840117127,0,0.0,500.0,dhaka_bangladesh
2022-02-23 10:00:00,0.2684028382878151,0,0.0,500.0,dhaka_bangladesh
2022-02-23 11:00:00,0.25744917274384105,0,0.0,500.0,dhaka_bangladesh
2022-02-23 12:00:00,0.24694253223736168,0,0.0,500.0,dhaka_bangladesh
2022-02-23 13:00:00,0.23686467343391085,0,0.0,500.0,dhaka_bangladesh
2022-02-23 14:00:00,0.2271980975194062,0,0.0,500.0,dhaka_bangladesh
2022-02-23 15:00:00,0.21792601981586826,0,0.0,500.0,dhaka_bangladesh
2022-02-23 16:00:00,0.20903234063713796,0,0.0,500.0,dhaka_bangladesh
2022-02-23 17:00:00,0.20050161733398886,0,0.0,500.0,dhaka_bangladesh
2022-02-23 18:00:00,0.192319037480093,0,0.0,500.0,dhaka_bangladesh
2022-02-23 19:00:00,0.1844703931522823,0,0.0,500.0,dhaka_bangladesh
2022-02-23 20:00:00,0.17694205626044698,0,0.0,500.0,dhaka_bangladesh
2022-02-23 21:00:00,0.16972095488423278,0,0.0,500.0,dhaka_bangladesh
2022-02-23 22:00:00,0.1627945505754517,0,0.0,500.0,dhaka_bangladesh
2022-02-23 23:00:00,0.1561508165867937,0,0.0,500.0,dhaka_bangladesh
2022-02-24 00:00:00,0.14977821698903526,0,0.0,500.0,dhaka_bangladesh
2022-02-24 01:00:00,0.14366568664048737,0,0.0,500.0,dhaka_bangladesh
2022-02-24 02:00:00,0.13780261197390067,0,0.0,500.0,dhaka_bangladesh
2022-02-24 03:00:00,0.13217881256746705,0,0.0,500.0,dhaka_bangladesh
2022-02-24 04:00:00,0.1267845234679192,0,0.0,500.0,dhaka_bangladesh
2022-02-24 05:00:00,0.12161037823503422,0,0.0,500.0,dhaka_bangladesh
2022-02-24 06:00:00,0.11664739267809945,0,0.0,500.0,dhaka_bangladesh
2022-02-24 07:00:00,0.11188694925610265,0,0.0,500.0,dhaka_bangladesh
2022-02-24 08:00:00,0.10732078211455878,0,0.0,500.0,dhaka_bangladesh
2022-02-24 09:00:00,0.10294096273299173,0,0.0,500.0,dhaka_bangladesh
2022-02-24 10:00:00,0.0987398861581504,0,0.0,500.0,dhaka_bangladesh
2022-02-24 11:00:00,0.09471025779905436,0,0.0,500.0,dhaka_bangladesh
2022-02-24 12:00:00,0.09084508076094147,0,0.0,500.0,dhaka_bangladesh
2022-02-24 13:00:00,0.08713764369612328,0,0.0,500.0,dhaka_bangladesh
2022-02-24 14:00:00,0.08358150915065399,0,0.0,500.0,dhaka_bangladesh
2022-02-24 15:00:00,0.08017050238657829,0,0.0,500.0,dhaka_bangladesh
2022-02-24 16:00:00,0.0768987006603489,0,0.0,500.0,dhaka_bangladesh
2022-02-24 17:00:00,0.07376042293879816,0,0.0,500.0,dhaka_bangladesh
2022-02-24 18:00:00,0.07075022003480623,0,0.0,500.0,dhaka_bangladesh
2022-02-24 19:00:00,0.06786286514553787,0,0.0,500.0,dhaka_bangladesh
2022-02-24 20:00:00,0.06509334477681912,0,0.0,500.0,dhaka_bangladesh
2022-02-24 21:00:00,0.062436850037895085,0,0.0,500.0,dhaka_bangladesh
2022-02-24 22:00:00,0.05988876829145328,0,0.0,500.0,dhaka_bangladesh
2022-02-24 23:00:00,0.05744467514441402,0,0.0,500.0,dhaka_bangladesh
2022-02-25 00:00:00,0.055100326765581284,0,0.0,500.0,dhaka_bangladesh
2022-02-25 01:00:00,0.05285165251681405,0,0.0,500.0,dhaka_bangladesh
2022-02-25 02:00:00,0.050694747884923674,0,0.0,500.0,dhaka_bangladesh
2022-02-25 03:00:00,0.04862586770202458,0,0.0,500.0,dhaka_bangladesh
2022-02-25 04:00:00,0.04664141964256573,0,0.0,500.0,dhaka_bangladesh
2022-02-25 05:00:00,0.0447379579857521,0,0.0,500.0,dhaka_bangladesh
2022-02-25 06:00:00,0.04291217763252501,0,0.0,500.0,dhaka_bangladesh
2022-02-25 07:00:00,0.04116090836671257,0,0.0,500.0,dhaka_bangladesh
2022-02-25 08:00:00,0.039481109350386005,0,0.0,500.0,dhaka_bangladesh
2022-02-25 09:00:00,0.037869863843863275,0,0.0,500.0,dhaka_bangladesh
2022-02-25 10:00:00,0.036324374141192196,0,0.0,500.0,dhaka_bangladesh
2022-02-25 11:00:00,0.03484195671231935,0,0.0,500.0,dhaka_bangladesh
2022-02-25 12:00:00,0.033420037543509695,0,0.0,500.0,dhaka_bangladesh
2022-02-25 13:00:00,0.03205614766792608,0,0.0,500.0,dhaka_bangladesh
2022-02-25 14:00:00,0.030747918878608383,0,0.0,500.0,dhaka_bangladesh
2022-02-25 15:00:00,0.029493079616408197,0,0.0,500.0,dhaka_bangladesh
2022-02-25 16:00:00,0.028289451025739164,0,0.0,500.0,dhaka_bangladesh
2022-02-25 17:00:00,0.027134943171294314,0,0.0,500.0,dhaka_bangladesh
2022-02-25 18:00:00,0.026027551409161107,0,0.0,500.0,dhaka_bangladesh
2022-02-25 19:00:00,0.024965352906033415,0,0.0,500.0,dhaka_bangladesh
2022-02-25 20:00:00,0.02394650330047625,0,0.0,500.0,dhaka_bangladesh
2022-02-25 21:00:00,0.022969233500445992,0,0.0,500.0,dhaka_bangladesh
2022-02-25 22:00:00,0.022031846611505815,0,0.0,500.0,dhaka_bangladesh
2022-02-25 23:00:00,0.021132714990402084,0,0.0,500.0,dhaka_bangladesh
2022-02-26 00:00:00,0.020270277418885915,0,0.0,500.0,dhaka_bangladesh
2022-02-26 01:00:00,0.019443036392872794,0,0.0,500.0,dhaka_bangladesh
2022-02-26 02:00:00,0.018649555522232884,0,0.0,500.0,dhaka_bangladesh
2022-02-26 03:00:00,0.017888457036697284,0,0.0,500.0,dhaka_bangladesh
2022-02-26 04:00:00,0.017158419393549805,0,0.0,500.0,dhaka_bangladesh
2022-02-26 05:00:00,0.016458174982949957,0,0.0,500.0,dhaka_bangladesh
2022-02-26 06:00:00,0.01578650792690297,0,0.0,500.0,dhaka_bangladesh
2022-02-26 07:00:00,0.015142251968055156,0,0.0,500.0,dhaka_bangladesh
2022-02-26 08:00:00,0.014524288444648613,0,0.0,500.0,dhaka_bangladesh
2022-02-26 09:00:00,0.013931544348119027,0,0.0,500.0,dhaka_bangladesh
2022-02-26 10:00:00,0.013362990459964169,0,0.0,500.0,dhaka_bangladesh
2022-02-26 11:00:00,0.012817639564647631,0,0.0,500.0,dhaka_bangladesh
2022-02-26 12:00:00,0.012294544735434967,0,0.0,500.0,dhaka_bangladesh
2022-02-26 13:00:00,0.011792797690185878,0,0.0,500.0,dhaka_bangladesh
2022-02-26 14:00:00,0.011311527214247299,0,0.0,500.0,dhaka_bangladesh
2022-02-26 15:00:00,0.010849897647709106,0,0.0,500.0,dhaka_bangladesh
2022-02-26 16:00:00,0.010407107434395811,0,0.0,500.0,dhaka_bangladesh
2022-02-26 17:00:00,0.0099823877300746,0,0.0,500.0,dhaka_bangladesh
2022-02-26 18:00:00,0.009575001067463174,0,0.0,500.0,dhaka_bangladesh
2022-02-26 19:00:00,0.009184240075719417,0,0.0,500.0,dhaka_bangladesh
2022-02-26 20:00:00,0.008809426252189303,0,0.0,500.0,dhaka_bangladesh
2022-02-26 21:00:00,0.008449908784280443,0,0.0,500.0,dhaka_bangladesh
2022-02-26 22:00:00,0.008105063419415694,0,0.0,500.0,dhaka_bangladesh
2022-02-26 23:00:00,0.00777429138110448,0,0.0,500.0,dhaka_bangladesh
2022-02-27 00:00:00,0.007457018329249855,0,0.0,500.0,dhaka_bangladesh
2022-02-27 01:00:00,0.0071526933628860605,0,0.0,500.0,dhaka_bangladesh
2022-02-27 02:00:00,0.00686078806361482,0,0.0,500.0,dhaka_bangladesh
2022-02-27 03:00:00,0.006580795578079552,0,0.0,500.0,dhaka_bangladesh
2022-02-27 04:00:00,0.006312229737884341,0,0.0,500.0,dhaka_bangladesh
2022-02-27 05:00:00,0.006054624215429441,0,0.0,500.0,dhaka_bangladesh
2022-02-27 06:00:00,0.005807531714197607,0,0.0,500.0,dhaka_bangladesh
2022-02-27 07:00:00,0.005570523192085304,0,0.0,500.0,dhaka_bangladesh
2022-02-27 08:00:00,0.0053431871164301694,0,0.0,500.0,dhaka_bangladesh
2022-02-27 09:00:00,0.0051251287494411945,0,0.0,500.0,dhaka_bangladesh
2022-02-27 10:00:00,0.004915969462790934,0,0.0,500.0,dhaka_bangladesh
2022-02-27 11:00:00,0.00471534608017954,0,0.0,500.0,dhaka_bangladesh
2022-02-27 12:00:00,0.0045229102467291135,0,0.0,500.0,dhaka_bangladesh
2022-02-27 13:00:00,0.004338327824113456,0,0.0,500.0,dhaka_bangladesh
2022-02-27 14:00:00,0.004161278310372858,0,0.0,500.0,dhaka_bangladesh
2022-02-27 15:00:00,0.003991454283406572,0,0.0,500.0,dhaka_bangladesh
2022-02-27 16:00:00,0.003828560867176693,0,0.0,500.0,dhaka_bangladesh
2022-02-27 17:00:00,0.003672315219696505,0,0.0,500.0,dhaka_bangladesh
2022-02-27 18:00:00,0.003522446041914316,0,0.0,500.0,dhaka_bangladesh
2022-02-27 19:00:00,0.0033786931066400244,0,0.0,500.0,dhaka_bangladesh
2022-02-27 20:00:00,0.0032408068066964338,0,0.0,500.0,dhaka_bangladesh
2022-02-27 21:00:00,0.003108547721510752,0,0.0,500.0,dhaka_bangladesh
2022-02-27 22:00:00,0.002981686201393745,0,0.0,500.0,dhaka_bangladesh
2022-02-27 23:00:00,0.002860001968784677,0,0.0,500.0,dhaka_bangladesh
2022-02-28 00:00:00,0.0027432837357696397,0,0.0,500.0,dhaka_bangladesh
2022-02-28 01:00:00,0.0026313288372092083,0,0.0,500.0,dhaka_bangladesh
2022-02-28 02:00:00,0.002523942878838322,0,0.0,500.0,dhaka_bangladesh
2022-02-28 03:00:00,0.0024209393997274044,0,0.0,500.0,dhaka_bangladesh
2022-02-28 04:00:00,0.002322139548518651,0,0.0,500.0,dhaka_bangladesh
2022-02-28 05:00:00,0.0022273717728752656,0,0.0,500.0,dhaka_bangladesh
2022-02-28 06:00:00,0.002136471521604444,0,0.0,500.0,dhaka_bangladesh
2022-02-28 07:00:00,0.0020492809589369005,0,0.0,500.0,dhaka_bangladesh
2022-02-28 08:00:00,0.001965648690466781,0,0.0,500.0,dhaka_bangladesh
2022-02-28 09:00:00,0.0018854295002761197,0,0.0,500.0,dhaka_bangladesh
2022-02-28 10:00:00,0.0018084840987874042,0,0.0,500.0,dhaka_bangladesh
2022-02-28 11:00:00,0.0017346788809064003,0,0.0,500.0,dhaka_bangladesh
2022-02-28 12:00:00,0.0016638856940352973,0,0.0,500.0,dhaka_bangladesh
2022-02-28 13:00:00,0.0015959816155533776,0,0.0,500.0,dhaka_bangladesh
2022-02-28 14:00:00,0.0015308487393788108,0,0.0,500.0,dhaka_bangladesh
2022-02-28 15:00:00,0.0014683739712409692,0,0.0,500.0,dhaka_bangladesh
2022-02-28 16:00:00,0.0014084488323078143,0,0.0,500.0,dhaka_bangladesh
2022-02-28 17:00:00,0.0013509692708273328,0,0.0,500.0,dhaka_bangladesh
2022-02-28 18:00:00,0.0012958354814559972,0,0.0,500.0,dhaka_bangladesh
2022-02-28 19:00:00,0.0012429517319605364,0,0.0,500.0,dhaka_bangladesh
2022-02-28 20:00:00,0.0011922261969920906,0,0.0,500.0,dhaka_bangladesh
2022-02-28 21:00:00,0.0011435707986441356,0,0.0,500.0,dhaka_bangladesh
2022-02-28 22:00:00,0.0010969010535173316,0,0.0,500.0,dhaka_bangladesh
2022-02-28 23:00:00,0.0010521359260257316,0,0.0,500.0,dhaka_bangladesh
2022-03-01 00:00:00,0.0010091976876896416,0,0.0,500.0,dhaka_bangladesh
2022-03-01 01:00:00,0.0009680117821708245,0,0.0,500.0,dhaka_bangladesh
2022-03-01 02:00:00,0.0009285066958156832,0,0.0,500.0,dhaka_bangladesh
2022-03-01 03:00:00,0.0008906138334816447,0,0.0,500.0,dhaka_bangladesh
2022-03-01 04:00:00,0.0008542673994311468,0,0.0,500.0,dhaka_bangladesh
2022-03-01 05:00:00,0.0008194042830863977,0,0.0,500.0,dhaka_bangladesh
2022-03-01 06:00:00,0.0007859639494465439,0,0.0,500.0,dhaka_bangladesh
2022-03-01 07:00:00,0.0007538883339769845,0,0.0,500.0,dhaka_bangladesh
2022-03-01 08:00:00,0.0007231217417882969,0,0.0,500.0,dhaka_bangladesh
2022-03-01 09:00:00,0.0006936107509297307,0,0.0,500.0,dhaka_bangladesh
2022-03-01 10:00:00,0.0006653041196293497,0,0.0,500.0,dhaka_bangladesh
2022-03-01 11:00:00,0.0006381526973197495,0,0.0,500.0,dhaka_bangladesh
2022-03-01 12:00:00,0.0006121093392948626,0,0.0,500.0,dhaka_bangladesh
2022-03-01 13:00:00,0.0005871288248496722,0,0.0,500.0,dhaka_bangladesh
2022-03-01 14:00:00,0.0005631677787606837,0,0.0,500.0,dhaka_bangladesh
2022-03-01 15:00:00,0.0005401845959708193,0,0.0,500.0,dhaka_bangladesh
2022-03-01 16:00:00,0.0005181393693479697,0,0.0,500.0,dhaka_bangladesh
2022-03-01 17:00:00,0.0004969938203917498,0,0.0,500.0,dhaka_bangladesh
2022-03-01 18:00:00,0.00047671123276815924,0,0.0,500.0,dhaka_bangladesh
2022-03-01 19:00:00,0.0004572563885567188,0,0.0,500.0,dhaka_bangladesh
2022-03-01 20:00:00,0.0004385955070994039,0,0.0,500.0,dhaka_bangladesh
2022-03-01 21:00:00,0.00042069618634518453,0,0.0,500.0,dhaka_bangladesh
2022-03-01 22:00:00,0.0004035273465883226,0,0.0,500.0,dhaka_bangladesh
2022-03-01 23:00:00,0.0003870591765027438,0,0.0,500.0,dhaka_bangladesh
2022-03-02 00:00:00,0.00037126308137877713,0,0.0,500.0,dhaka_bangladesh
2022-03-02 01:00:00,0.0003561116334723753,0,0.0,500.0,dhaka_bangladesh
2022-03-02 02:00:00,0.0003415785243806156,0,0.0,500.0,dhaka_bangladesh
2022-03-02 03:00:00,0.00032763851936078343,0,0.0,500.0,dhaka_bangladesh
2022-03-02 04:00:00,0.0003142674135137119,0,0.0,500.0,dhaka_bangladesh
2022-03-02 05:00:00,0.00030144198975531,0,0.0,500.0,dhaka_bangladesh
2022-03-02 06:00:00,0.00028913997850329434,0,0.0,500.0,dhaka_bangladesh
2022-03-02 07:00:00,0.00027734001900912294,0,0.0,500.0,dhaka_bangladesh
2022-03-02 08:00:00,0.00026602162226799843,0,0.0,500.0,dhaka_bangladesh
2022-03-02 09:00:00,0.0002551651354425338,0,0.0,500.0,dhaka_bangladesh
2022-03-02 10:00:00,0.00024475170773830386,0,0.0,500.0,dhaka_bangladesh
2022-03-02 11:00:00,0.00023476325767203782,0,0.0,500.0,dhaka_bangladesh
2022-03-02 12:00:00,0.0002251824416756148,0,0.0,500.0,dhaka_bangladesh
2022-03-02 13:00:00,0.00021599262398134327,0,0.0,500.0,dhaka_bangladesh
2022-03-02 14:00:00,0.00020717784773624263,0,0.0,500.0,dhaka_bangladesh
2022-03-02 15:00:00,0.00019872280729516637,0,0.0,500.0,dhaka_bangladesh
2022-03-02 16:00:00,0.00019061282164465463,0,0.0,500.0,dhaka_bangladesh
2022-03-02 17:00:00,0.00018283380891137707,0,0.0,500.0,dhaka_bangladesh
2022-03-02 18:00:00,0.0001753722619108998,0,0.0,500.0,dhaka_bangladesh
2022-03-02 19:00:00,0.00016821522469431766,0,0.0,500.0,dhaka_bangladesh
2022-03-02 20:00:00,0.00016135027005203403,0,0.0,500.0,dhaka_bangladesh
2022-03-02 21:00:00,0.00015476547793562346,0,0.0,500.0,dhaka_bangladesh
2022-03-02 22:00:00,0.0001484494147603071,0,0.0,500.0,dhaka_bangladesh
2022-03-02 23:00:00,0.00014239111355210802,0,0.0,500.0,dhaka_bangladesh
2022-03-03 00:00:00,0.00013658005490521224,0,0.0,500.0,dhaka_bangladesh
2022-03-03 01:00:00,0.00013100614871646693,0,0.0,500.0,dhaka_bangladesh
2022-03-03 02:00:00,0.00012565971666530677,0,0.0,500.0,dhaka_bangladesh
2022-03-03 03:00:00,0.00012053147540868379,0,0.0,500.0,dhaka_bangladesh
2022-03-03 04:00:00,0.0001156125204618189,0,0.0,500.0,dhaka_bangladesh
2022-03-03 05:00:00,0.00011089431073679107,0,0.0,500.0,dhaka_bangladesh
2022-03-03 06:00:00,0.00010636865371211476,0,0.0,500.0,dhaka_bangladesh
2022-03-03 07:00:00,0.00010202769120755334,0,0.0,500.0,dhaka_bangladesh
2022-03-03 08:00:00,9.786388573947175e-05,0,0.0,500.0,dhaka_bangladesh
2022-03-03 09:00:00,9.387000743303472e-05,0,0.0,500.0,dhaka_bangladesh
2022-03-03 10:00:00,9.003912146852337e-05,0,0.0,500.0,dhaka_bangladesh
2022-03-03 11:00:00,8.63645760399766e-05,0,0.0,500.0,dhaka_bangladesh
2022-03-03 12:00:00,8.283999080524609e-05,0,0.0,500.0,dhaka_bangladesh
2022-03-03 13:00:00,7.945924580741004e-05,0,0.0,500.0,dhaka_bangladesh
2022-03-03 14:00:00,7.621647084831111e-05,0,0.0,500.0,dhaka_bangladesh
2022-03-03 15:00:00,7.310603529576601e-05,0,0.0,500.0,dhaka_bangladesh
2022-03-03 16:00:00,7.012253830674735e-05,0,0.0,500.0,dhaka_bangladesh
2022-03-03 17:00:00,6.726079944956365e-05,0,0.0,500.0,dhaka_bangladesh
2022-03-03 18:00:00,6.451584970875364e-05,0,0.0,500.0,dhaka_bangladesh
2022-03-03 19:00:00,6.188292285707418e-05,0,0.0,500.0,dhaka_bangladesh
2022-03-03 20:00:00,5.935744717960359e-05,0,0.0,500.0,dhaka_bangladesh
2022-03-03 21:00:00,5.693503753558834e-05,0,0.0,500.0,dhaka_bangladesh
2022-03-03 22:00:00,5.461148774424942e-05,0,0.0,500.0,dhaka_bangladesh
2022-03-03 23:00:00,5.2382763281328896e-05,0,0.0,500.0,dhaka_bangladesh
2022-03-04 00:00:00,5.024499427369439e-05,0,0.0,500.0,dhaka_bangladesh
2022-03-04 01:00:00,4.8194468779836705e-05,0,0.0,500.0,dhaka_bangladesh
2022-03-04 02:00:00,4.622762634459484e-05,0,0.0,500.0,dhaka_bangladesh
2022-03-04 03:00:00,4.434105181691604e-05,0,0.0,500.0,dhaka_bangladesh
2022-03-04 04:00:00,4.2531469419915885e-05,0,0.0,500.0,dhaka_bangladesh
2022-03-04 05:00:00,4.079573706294298e-05,0,0.0,500.0,dhaka_bangladesh
2022-03-04 06:00:00,3.913084088577145e-05,0,0.0,500.0,dhaka_bangladesh
2022-03-04 07:00:00,3.753389002544721e-05,0,0.0,500.0,dhaka_bangladesh
2022-03-04 08:00:00,3.600211159670276e-05,0,0.0,500.0,dhaka_bangladesh
2022-03-04 09:00:00,3.453284587722388e-05,0,0.0,500.0,dhaka_bangladesh
2022-03-04 10:00:00,3.312354168940794e-05,0,0.0,500.0,dhaka_bangladesh
2022-03-04 11:00:00,3.1771751970595124e-05,0,0.0,500.0,dhaka_bangladesh
2022-03-04 12:00:00,3.047512952408129e-05,0,0.0,500.0,dhaka_bangladesh
2022-03-04 13:00:00,2.9231422943534225e-05,0,0.0,500.0,dhaka_bangladesh
2022-03-04 14:00:00,2.8038472703736216e-05,0,0.0,500.0,dhaka_bangladesh
2022-03-04 15:00:00,2.68942074108661e-05,0,0.0,500.0,dhaka_bangladesh
2022-03-04 16:00:00,2.5796640205809225e-05,0,0.0,500.0,dhaka_bangladesh
2022-03-04 17:00:00,2.4743865314249935e-05,0,0.0,500.0,dhaka_bangladesh
2022-03-04 18:00:00,2.3734054737557003e-05,0,0.0,500.0,dhaka_bangladesh
2022-03-04 19:00:00,2.276545507871588e-05,0,0.0,500.0,dhaka_bangladesh
2022-03-04 20:00:00,2.1836384497795974e-05,0,0.0,500.0,dhaka_bangladesh
2022-03-04 21:00:00,2.0945229791667303e-05,0,0.0,500.0,dhaka_bangladesh
2022-03-04 22:00:00,2.0090443592895515e-05,0,0.0,500.0,dhaka_bangladesh
2022-03-04 23:00:00,1.9270541682951227e-05,0,0.0,500.0,dhaka_bangladesh
2022-03-05 00:00:00,1.8484100415068978e-05,0,0.0,500.0,dhaka_bangladesh
2022-03-05 01:00:00,1.7729754242280817e-05,0,0.0,500.0,dhaka_bangladesh
2022-03-05 02:00:00,1.700619334633179e-05,0,0.0,500.0,dhaka_bangladesh
2022-03-05 03:00:00,1.631216136336101e-05,0,0.0,500.0,dhaka_bangladesh
2022-03-05 04:00:00,1.5646453202398917e-05,0,0.0,500.0,dhaka_bangladesh
2022-03-05 05:00:00,1.500791295289256e-05,0,0.0,500.0,dhaka_bangladesh
2022-03-05 06:00:00,1.43954318776262e-05,0,0.0,500.0,dhaka_bangladesh
2022-03-05 07:00:00,1.3807946487551862e-05,0,0.0,500.0,dhaka_bangladesh
2022-03-05 08:00:00,1.3244436695186914e-05,0,0.0,500.0,dhaka_bangladesh
2022-03-05 09:00:00,1.2703924043372669e-05,0,0.0,500.0,dhaka_bangladesh
2022-03-05 10:00:00,1.2185470006318366e-05,0,0.0,500.0,dhaka_bangladesh
2022-03-05 11:00:00,1.1688174359980205e-05,0,0.0,500.0,dhaka_bangladesh
2022-03-05 12:00:00,1.121117361894635e-05,0,0.0,500.0,dhaka_bangladesh
2022-03-05 13:00:00,1.0753639537113448e-05,0,0.0,500.0,dhaka_bangladesh
2022-03-05 14:00:00,1.0314777669551219e-05,0,0.0,500.0,dhaka_bangladesh
2022-03-05 15:00:00,9.893825993058282e-06,0,0.0,500.0,dhaka_bangladesh
2022-03-05 16:00:00,9.490053583013859e-06,0,0.0,500.0,dhaka_bangladesh
2022-03-05 17:00:00,9.102759344227701e-06,0,0.0,500.0,dhaka_bangladesh
2022-03-05 18:00:00,8.731270793584892e-06,0,0.0,500.0,dhaka_bangladesh
2022-03-05 19:00:00,8.374942892371572e-06,0,0.0,500.0,dhaka_bangladesh
2022-03-05 20:00:00,8.033156926253929e-06,0,0.0,500.0,dhaka_bangladesh
2022-03-05 21:00:00,7.70531943096601e-06,0,0.0,500.0,dhaka_bangladesh
2022-03-05 22:00:00,7.390861161840785e-06,0,0.0,500.0,dhaka_bangladesh
2022-03-05 23:00:00,7.089236105395081e-06,0,0.0,500.0,dhaka_bangladesh
2022-03-06 00:00:00,6.799920531252401e-06,0,0.0,500.0,dhaka_bangladesh
2022-03-06 01:00:00,6.522412082757277e-06,0,0.0,500.0,dhaka_bangladesh
2022-03-06 02:00:00,6.256228904702039e-06,0,0.0,500.0,dhaka_bangladesh
2022-03-06 03:00:00,6.000908806651641e-06,0,0.0,500.0,dhaka_bangladesh
2022-03-06 04:00:00,5.756008460413637e-06,0,0.0,500.0,dhaka_bangladesh
2022-03-06 05:00:00,5.521102630259766e-06,0,0.0,500.0,dhaka_bangladesh
2022-03-06 06:00:00,5.295783434562693e-06,0,0.0,500.0,dhaka_bangladesh
2022-03-06 07:00:00,5.079659637565761e-06,0,0.0,500.0,dhaka_bangladesh
2022-03-06 08:00:00,4.872355970055906e-06,0,0.0,500.0,dhaka_bangladesh
2022-03-06 09:00:00,4.673512477760388e-06,0,0.0,500.0,dhaka_bangladesh
2022-03-06 10:00:00,4.482783896335772e-06,0,0.0,500.0,dhaka_bangladesh
2022-03-06 11:00:00,4.299839051863898e-06,0,0.0,500.0,dhaka_bangladesh
2022-03-06 12:00:00,4.124360285813999e-06,0,0.0,500.0,dhaka_bangladesh
2022-03-06 13:00:00,3.956042903472422e-06,0,0.0,500.0,dhaka_bangladesh
2022-03-06 14:00:00,3.794594644882174e-06,0,0.0,500.0,dhaka_bangladesh
2022-03-06 15:00:00,3.639735177373771e-06,0,0.0,500.0,dhaka_bangladesh
2022-03-06 16:00:00,3.491195608806182e-06,0,0.0,500.0,dhaka_bangladesh
2022-03-06 17:00:00,3.348718020672611e-06,0,0.0,500.0,dhaka_bangladesh
2022-03-06 18:00:00,3.2120550202605457e-06,0,0.0,500.0,dhaka_bangladesh
2022-03-06 19:00:00,3.0809693110883968e-06,0,0.0,500.0,dhaka_bangladesh
2022-03-06 20:00:00,2.955233280872797e-06,0,0.0,500.0,dhaka_bangladesh
2022-03-06 21:00:00,2.834628606311232e-06,0,0.0,500.0,dhaka_bangladesh
2022-03-06 22:00:00,2.7189458739937045e-06,0,0.0,500.0,dhaka_bangladesh
2022-03-06 23:00:00,2.607984216785155e-06,0,0.0,500.0,dhaka_bangladesh
2022-03-07 00:00:00,2.501550965047351e-06,0,0.0,500.0,dhaka_bangladesh
2022-03-07 01:00:00,2.3994613120946105e-06,0,0.0,500.0,dhaka_bangladesh
2022-03-07 02:00:00,2.301537993302411e-06,0,0.0,500.0,dhaka_bangladesh
2022-03-07 03:00:00,2.2076109783117916e-06,0,0.0,500.0,dhaka_bangladesh
2022-03-07 04:00:00,2.1175171757950626e-06,0,0.0,500.0,dhaka_bangladesh
2022-03-07 05:00:00,2.031100150270143e-06,0,0.0,500.0,dhaka_bangladesh
2022-03-07 06:00:00,1.948209850471905e-06,0,0.0,500.0,dhaka_bangladesh
2022-03-07 07:00:00,1.8687023488088233e-06,0,0.0,500.0,dhaka_bangladesh
2022-03-07 08:00:00,1.7924395914525074e-06,0,0.0,500.0,dhaka_bangladesh
2022-03-07 09:00:00,1.719289158626254e-06,0,0.0,500.0,dhaka_bangladesh
2022-03-07 10:00:00,1.6491240346763443e-06,0,0.0,500.0,dhaka_bangladesh
2022-03-07 11:00:00,1.5818223875268355e-06,0,0.0,500.0,dhaka_bangladesh
2022-03-07 12:00:00,1.5172673571349443e-06,0,0.0,500.0,dhaka_bangladesh
2022-03-07 13:00:00,1.455346852579685e-06,0,0.0,500.0,dhaka_bangladesh
2022-03-07 14:00:00,1.3959533574314019e-06,0,0.0,500.0,dhaka_bangladesh
2022-03-07 15:00:00,1.3389837430643036e-06,0,0.0,500.0,dhaka_bangladesh
2022-03-07 16:00:00,1.2843390895878116e-06,0,0.0,500.0,dhaka_bangladesh
2022-03-07 17:00:00,1.2319245140857788e-06,0,0.0,500.0,dhaka_bangladesh
2022-03-07 18:00:00,1.181649005865376e-06,0,0.0,500.0,dhaka_bangladesh
2022-03-07 19:00:00,1.133425268429563e-06,0,0.0,500.0,dhaka_bangladesh
2022-03-07 20:00:00,1.0871695678987324e-06,0,0.0,500.0,dhaka_bangladesh
2022-03-07 21:00:00,1.0428015876183602e-06,0,0.0,500.0,dhaka_bangladesh
2022-03-07 22:00:00,1.000244288700203e-06,0,0.0,500.0,dhaka_bangladesh
2022-03-07 23:00:00,9.594237762548643e-07,0,0.0,500.0,dhaka_bangladesh
2022-03-08 00:00:00,9.202691710835017e-07,0,0.0,500.0,dhaka_bangladesh
2022-03-08 01:00:00,8.82712486605861e-07,0,0.0,500.0,dhaka_bangladesh
2022-03-08 02:00:00,8.466885108109337e-07,0,0.0,500.0,dhaka_bangladesh
2022-03-08 03:00:00,8.121346930252834e-07,0,0.0,500.0,dhaka_bangladesh
2022-03-08 04:00:00,7.789910353024186e-07,0,0.0,500.0,dhaka_bangladesh
2022-03-08 05:00:00,7.471999882446127e-07,0,0.0,500.0,dhaka_bangladesh
2022-03-08 06:00:00,7.167063510763036e-07,0,0.0,500.0,dhaka_bangladesh
2022-03-08 07:00:00,6.874571757955516e-07,0,0.0,500.0,dhaka_bangladesh
2022-03-08 08:00:00,6.594016752371168e-07,0,0.0,500.0,dhaka_bangladesh
2022-03-08 09:00:00,6.324911348875456e-07,0,0.0,500.0,dhaka_bangladesh
2022-03-08 10:00:00,6.066788282991279e-07,0,0.0,500.0,dhaka_bangladesh
2022-03-08 11:00:00,5.819199359558489e-07,0,0.0,500.0,dhaka_bangladesh
2022-03-08 12:00:00,5.581714674504745e-07,0,0.0,500.0,dhaka_bangladesh
2022-03-08 13:00:00,5.35392186837632e-07,0,0.0,500.0,dhaka_bangladesh
2022-03-08 14:00:00,5.135425410332627e-07,0,0.0,500.0,dhaka_bangladesh
2022-03-08 15:00:00,4.925845911361421e-07,0,0.0,500.0,dhaka_bangladesh
2022-03-08 16:00:00,4.7248194655220314e-07,0,0.0,500.0,dhaka_bangladesh
2022-03-08 17:00:00,4.5319970180727686e-07,0,0.0,500.0,dhaka_bangladesh
2022-03-08 18:00:00,4.347043759385448e-07,0,0.0,500.0,dhaka_bangladesh
2022-03-08 19:00:00,4.1696385435945966e-07,0,0.0,500.0,dhaka_bangladesh
2022-03-08 20:00:00,3.999473330971841e-07,0,0.0,500.0,dhaka_bangladesh
2022-03-08 21:00:00,3.836252653057352e-07,0,0.0,500.0,dhaka_bangladesh
2022-03-08 22:00:00,3.6796930996195754e-07,0,0.0,500.0,dhaka_bangladesh
2022-03-08 23:00:00,3.5295228265523447e-07,0,0.0,500.0,dhaka_bangladesh
2022-03-09 00:00:00,3.3854810838550507e-07,0,0.0,500.0,dhaka_bangladesh
2022-03-09 01:00:00,3.247317762876184e-07,0,0.0,500.0,dhaka_bangladesh
2022-03-09 02:00:00,3.11479296203407e-07,0,0.0,500.0,dhaka_bangladesh
2022-03-09 03:00:00,2.9876765702608215e-07,0,0.0,500.0,dhaka_bangladesh
2022-03-09 04:00:00,2.86574786744617e-07,0,0.0,500.0,dhaka_bangladesh
2022-03-09 05:00:00,2.7487951411873636e-07,0,0.0,500.0,dhaka_bangladesh
2022-03-09 06:00:00,2.6366153191797414e-07,0,0.0,500.0,dhaka_bangladesh
2022-03-09 07:00:00,2.529013616609655e-07,0,0.0,500.0,dhaka_bangladesh
2022-03-09 08:00:00,2.425803197937434e-07,0,0.0,500.0,dhaka_bangladesh
2022-03-09 09:00:00,2.326804852483216e-07,0,0.0,500.0,dhaka_bangladesh
2022-03-09 10:00:00,2.2318466832522855e-07,0,0.0,500.0,dhaka_bangladesh
2022-03-09 11:00:00,2.140763808459592e-07,0,0.0,500.0,dhaka_bangladesh
2022-03-09 12:00:00,2.0533980752352444e-07,0,0.0,500.0,dhaka_bangladesh
2022-03-09 13:00:00,1.9695977850138445e-07,0,0.0,500.0,dhaka_bangladesh
2022-03-09 14:00:00,1.8892174301307922e-07,0,0.0,500.0,dhaka_bangladesh
2022-03-09 15:00:00,1.8121174411682736e-07,0,0.0,500.0,dhaka_bangladesh
2022-03-09 16:00:00,1.738163944612198e-07,0,0.0,500.0,dhaka_bangladesh
2022-03-09 17:00:00,1.6672285303992503e-07,0,0.0,500.0,dhaka_bangladesh
2022-03-09 18:00:00,1.599188028950527e-07,0,0.0,500.0,dhaka_bangladesh
2022-03-09 19:00:00,1.5339242973044873e-07,0,0.0,500.0,dhaka_bangladesh
2022-03-09 20:00:00,1.4713240139780052e-07,0,0.0,500.0,dhaka_bangladesh
2022-03-09 21:00:00,1.4112784821992043e-07,0,0.0,500.0,dhaka_bangladesh
2022-03-09 22:00:00,1.3536834411704616e-07,0,0.0,500.0,dhaka_bangladesh
2022-03-09 23:00:00,1.2984388850339237e-07,0,0.0,500.0,dhaka_bangladesh
2022-03-10 00:00:00,1.2454488892250866e-07,0,0.0,500.0,dhaka_bangladesh
2022-03-10 01:00:00,1.194621443912989e-07,0,0.0,500.0,dhaka_bangladesh
2022-03-10 02:00:00,1.1458682942378332e-07,0,0.0,500.0,dhaka_bangladesh
2022-03-10 03:00:00,1.099104787068564e-07,0,0.0,500.0,dhaka_bangladesh
2022-03-10 04:00:00,1.0542497240143496e-07,0,0.0,500.0,dhaka_bangladesh
2022-03-10 05:00:00,1.0112252204347815e-07,0,0.0,500.0,dhaka_bangladesh
2022-03-10 06:00:00,9.699565702039089e-08,0,0.0,500.0,dhaka_bangladesh
2022-03-10 07:00:00,9.303721159933281e-08,0,0.0,500.0,dhaka_bangladesh
2022-03-10 08:00:00,8.924031248491195e-08,0,0.0,500.0,dhaka_bangladesh
2022-03-10 09:00:00,8.559836688465275e-08,0,0.0,500.0,dhaka_bangladesh
2022-03-10 10:00:00,8.21050510615188e-08,0,0.0,500.0,dhaka_bangladesh
2022-03-10 11:00:00,7.87542993536162e-08,0,0.0,500.0,dhaka_bangladesh
2022-03-10 12:00:00,7.554029364200585e-08,0,0.0,500.0,dhaka_bangladesh
2022-03-10 13:00:00,7.245745324834039e-08,0,0.0,500.0,dhaka_bangladesh
2022-03-10 14:00:00,6.950042524478628e-08,0,0.0,500.0,dhaka_bangladesh
2022-03-10 15:00:00,6.666407515940095e-08,0,0.0,500.0,dhaka_bangladesh
2022-03-10 16:00:00,6.394347806082853e-08,0,0.0,500.0,dhaka_bangladesh
2022-03-10 17:00:00,6.133391000683611e-08,0,0.0,500.0,dhaka_bangladesh
2022-03-10 18:00:00,5.8830839841838006e-08,0,0.0,500.0,dhaka_bangladesh
2022-03-10 19:00:00,5.6429921329167195e-08,0,0.0,500.0,dhaka_bangladesh
2022-03-10 20:00:00,5.4126985604435204e-08,0,0.0,500.0,dhaka_bangladesh
2022-03-10 21:00:00,5.191803393687246e-08,0,0.0,500.0,dhaka_bangladesh
2022-03-10 22:00:00,4.979923078608245e-08,0,0.0,500.0,dhaka_bangladesh
2022-03-10 23:00:00,4.776689714215505e-08,0,0.0,500.0,dhaka_bangladesh
2022-03-11 00:00:00,4.581750413757185e-08,0,0.0,500.0,dhaka_bangladesh
2022-03-11 01:00:00,4.394766691981319e-08,0,0.0,500.0,dhaka_bangladesh
2022-03-11 02:00:00,4.21541387740288e-08,0,0.0,500.0,dhaka_bangladesh
2022-03-11 03:00:00,4.043380548556405e-08,0,0.0,500.0,dhaka_bangladesh
2022-03-11 04:00:00,3.8783679932554627e-08,0,0.0,500.0,dhaka_bangladesh
2022-03-11 05:00:00,3.7200896899201604e-08,0,0.0,500.0,dhaka_bangladesh
2022-03-11 06:00:00,3.568270810071829e-08,0,0.0,500.0,dhaka_bangladesh
2022-03-11 07:00:00,3.422647741131178e-08,0,0.0,500.0,dhaka_bangladesh
2022-03-11 08:00:00,3.282967628691429e-08,0,0.0,500.0,dhaka_bangladesh
2022-03-11 09:00:00,3.1489879374714145e-08,0,0.0,500.0,dhaka_bangladesh
2022-03-11 10:00:00,3.020476030186427e-08,0,0.0,500.0,dhaka_bangladesh
2022-03-11 11:00:00,2.8972087636056807e-08,0,0.0,500.0,dhaka_bangladesh
2022-03-11 12:00:00,2.7789721010947765e-08,0,0.0,500.0,dhaka_bangladesh
2022-03-11 13:00:00,2.6655607409705368e-08,0,0.0,500.0,dhaka_bangladesh
2022-03-11 14:00:00,2.5567777600229585e-08,0,0.0,500.0,dhaka_bangladesh
2022-03-11 15:00:00,2.4524342715851457e-08,0,0.0,500.0,dhaka_bangladesh
2022-03-11 16:00:00,2.3523490975575976e-08,0,0.0,500.0,dhaka_bangladesh
2022-03-11 17:00:00,2.256348453817441e-08,0,0.0,500.0,dhaka_bangladesh
2022-03-11 18:00:00,2.1642656484661996e-08,0,0.0,500.0,dhaka_bangladesh
2022-03-11 19:00:00,2.075940792392248e-08,0,0.0,500.0,dhaka_bangladesh
2022-03-11 20:00:00,1.9912205216454326e-08,0,0.0,500.0,dhaka_bangladesh
2022-03-11 21:00:00,1.9099577311416616e-08,0,0.0,500.0,dhaka_bangladesh
2022-03-11 22:00:00,1.83201131923517e-08,0,0.0,500.0,dhaka_bangladesh
2022-03-11 23:00:00,1.7572459427149763e-08,0,0.0,500.0,dhaka_bangladesh
2022-03-12 00:00:00,1.6855317818000178e-08,0,0.0,500.0,dhaka_bangladesh
2022-03-12 01:00:00,1.6167443147249555e-08,0,0.0,500.0,dhaka_bangladesh
2022-03-12 02:00:00,1.5507641015253138e-08,0,0.0,500.0,dhaka_bangladesh
2022-03-12 03:00:00,1.48747657664641e-08,0,0.0,500.0,dhaka_bangladesh
2022-03-12 04:00:00,1.4267718500160275e-08,0,0.0,500.0,dhaka_bangladesh
2022-03-12 05:00:00,1.3685445162354725e-08,0,0.0,500.0,dhaka_bangladesh
2022-03-12 06:00:00,1.3126934715575943e-08,0,0.0,500.0,dhaka_bangladesh
2022-03-12 07:00:00,1.2591217383340372e-08,0,0.0,500.0,dhaka_bangladesh
2022-03-12 08:00:00,1.2077362966269382e-08,0,0.0,500.0,dhaka_bangladesh
2022-03-12 09:00:00,1.1584479226925968e-08,0,0.0,500.0,dhaka_bangladesh
2022-03-12 10:00:00,1.1111710340567193e-08,0,0.0,500.0,dhaka_bangladesh
2022-03-12 11:00:00,1.0658235409122632e-08,0,0.0,500.0,dhaka_bangladesh
2022-03-12 12:00:00,1.0223267035817755e-08,0,0.0,500.0,dhaka_bangladesh
2022-03-12 13:00:00,9.80604995796777e-09,0,0.0,500.0,dhaka_bangladesh
2022-03-12 14:00:00,9.405859735568182e-09,0,0.0,500.0,dhaka_bangladesh
2022-03-12 15:00:00,9.022001493404365e-09,0,0.0,500.0,dhaka_bangladesh
2022-03-12 16:00:00,8.653808714496356e-09,0,0.0,500.0,dhaka_bangladesh
2022-03-12 17:00:00,8.30064208278408e-09,0,0.0,500.0,dhaka_bangladesh
2022-03-12 18:00:00,7.961888373042948e-09,0,0.0,500.0,dhaka_bangladesh
2022-03-12 19:00:00,7.636959386102612e-09,0,0.0,500.0,dhaka_bangladesh
2022-03-12 20:00:00,7.325290927520294e-09,0,0.0,500.0,dhaka_bangladesh
2022-03-12 21:00:00,7.026341827934704e-09,0,0.0,500.0,dhaka_bangladesh
2022-03-12 22:00:00,6.7395930033999104e-09,0,0.0,500.0,dhaka_bangladesh
2022-03-12 23:00:00,6.464546554067698e-09,0,0.0,500.0,dhaka_bangladesh
2022-03-13 00:00:00,6.200724899652961e-09,0,0.0,500.0,dhaka_bangladesh
2022-03-13 01:00:00,5.947669950181232e-09,0,0.0,500.0,dhaka_bangladesh
2022-03-13 02:00:00,0.5439434176428524,1,4.5,437.4720474542745,dhaka_bangladesh
2022-03-13 03:00:00,0.5217447914669368,1,4.5,437.4720474542745,dhaka_bangladesh
2022-03-13 04:00:00,0.5004521032766914,1,4.5,437.4720474542745,dhaka_bangladesh
2022-03-13 05:00:00,0.4800283812510961,1,4.5,437.4720474542745,dhaka_bangladesh
2022-03-13 06:00:00,0.46043816240921737,1,4.5,437.4720474542745,dhaka_bangladesh
2022-03-13 07:00:00,0.4416474310336263,1,4.5,437.4720474542745,dhaka_bangladesh
2022-03-13 08:00:00,0.4236235596067896,1,4.5,437.4720474542745,dhaka_bangladesh
2022-03-13 09:00:00,0.40633525215787714,1,4.5,437.4720474542745,dhaka_bangladesh
2022-03-13 10:00:00,0.389752489921619,1,4.5,437.4720474542745,dhaka_bangladesh
2022-03-13 11:00:00,0.37384647921485253,1,4.5,437.4720474542745,dhaka_bangladesh
2022-03-13 12:00:00,0.35858960144025714,1,4.5,437.4720474542745,dhaka_bangladesh
2022-03-13 13:00:00,0.3439553651304625,1,4.5,437.4720474542745,dhaka_bangladesh
2022-03-13 14:00:00,0.3299183599492637,1,4.5,437.4720474542745,dhaka_bangladesh
2022-03-13 15:00:00,0.31645421257007145,1,4.5,437.4720474542745,dhaka_bangladesh
2022-03-13 16:00:00,0.30353954435498665,1,4.5,437.4720474542745,dhaka_bangladesh
2022-03-13 17:00:00,0.29115193076101487,1,4.5,437.4720474542745,dhaka_bangladesh
2022-03-13 18:00:00,0.2792698624029352,1,4.5,437.4720474542745,dhaka_bangladesh
2022-03-13 19:00:00,0.26787270770521515,1,4.5,437.4720474542745,dhaka_bangladesh
2022-03-13 20:00:00,0.2569406770781202,1,4.5,437.4720474542745,dhaka_bangladesh
2022-03-13 21:00:00,0.24645478855581646,1,4.5,437.4720474542745,dhaka_bangladesh
2022-03-13 22:00:00,0.23639683483680107,1,4.5,437.4720474542745,dhaka_bangladesh
2022-03-13 23:00:00,0.2267493516694298,1,4.5,437.4720474542745,dhaka_bangladesh
2022-03-14 00:00:00,0.21749558752764941,1,4.5,437.4720474542745,dhaka_bangladesh
2022-03-14 01:00:00,0.20861947452427912,1,4.5,437.4720474542745,dhaka_bangladesh
2022-03-14 02:00:00,0.20010560051133697,0,0.0,500.0,dhaka_bangladesh
2022-03-14 03:00:00,0.1919391823189674,0,0.0,500.0,dhaka_bangladesh
2022-03-14 04:00:00,0.18410604008650222,0,0.0,500.0,dhaka_bangladesh
2022-03-14 05:00:00,0.1765925726410853,0,0.0,500.0,dhaka_bangladesh
2022-03-14 06:00:00,0.16938573388110867,0,0.0,500.0,dhaka_bangladesh
2022-03-14 07:00:00,0.16247301012345358,0,0.0,500.0,dhaka_bangladesh
2022-03-14 08:00:00,0.15584239837520295,0,0.0,500.0,dhaka_bangladesh
2022-03-14 09:00:00,0.14948238549209697,0,0.0,500.0,dhaka_bangladesh
2022-03-14 10:00:00,0.14338192818754344,0,0.0,500.0,dhaka_bangladesh
2022-03-14 11:00:00,0.13753043385747118,0,0.0,500.0,dhaka_bangladesh
2022-03-14 12:00:00,0.13191774218773203,0,0.0,500.0,dhaka_bangladesh
2022-03-14 13:00:00,0.12653410751211394,0,0.0,500.0,dhaka_bangladesh
2022-03-14 14:00:00,0.12137018189033391,0,0.0,500.0,dhaka_bangladesh
2022-03-14 15:00:00,0.11641699887662672,0,0.0,500.0,dhaka_bangladesh
2022-03-14 16:00:00,0.11166595795074676,0,0.0,500.0,dhaka_bangladesh
2022-03-14 17:00:00,0.10710880958434862,0,0.0,500.0,dhaka_bangladesh
2022-03-14 18:00:00,0.1027376409168174,0,0.0,500.0,dhaka_bangladesh
2022-03-14 19:00:00,0.09854486201567568,0,0.0,500.0,dhaka_bangladesh
2022-03-14 20:00:00,0.0945231926977109,0,0.0,500.0,dhaka_bangladesh
2022-03-14 21:00:00,0.09066564988793975,0,0.0,500.0,dhaka_bangladesh
2022-03-14 22:00:00,0.08696553549446014,0,0.0,500.0,dhaka_bangladesh
2022-03-14 23:00:00,0.0834164247781367,0,0.0,500.0,dhaka_bangladesh
2022-03-15 00:00:00,0.08001215519692621,0,0.0,500.0,dhaka_bangladesh
2022-03-15 01:00:00,1.1945592896677666,1,4.1,360.4126349749475,dhaka_bangladesh
2022-03-15 02:00:00,1.1458086765411026,1,4.1,360.4126349749475,dhaka_bangladesh
2022-03-15 03:00:00,1.0990476024024003,1,4.1,360.4126349749475,dhaka_bangladesh
2022-03-15 04:00:00,1.0541948730854582,1,4.1,360.4126349749475,dhaka_bangladesh
2022-03-15 05:00:00,1.011172608002078,1,4.1,360.4126349749475,dhaka_bangladesh
2022-03-15 06:00:00,0.9699061049131443,1,4.1,360.4126349749475,dhaka_bangladesh
2022-03-15 07:00:00,0.9303237102184776,1,4.1,360.4126349749475,dhaka_bangladesh
2022-03-15 08:00:00,0.8923566945402208,1,4.1,360.4126349749475,dhaka_bangladesh
2022-03-15 09:00:00,0.8559391333837396,1,4.1,360.4126349749475,dhaka_bangladesh
2022-03-15 10:00:00,0.8210077926688152,1,4.1,360.4126349749475,dhaka_bangladesh
2022-03-15 11:00:00,0.7875020189323727,1,4.1,360.4126349749475,dhaka_bangladesh
2022-03-15 12:00:00,0.7553636340120929,1,4.1,360.4126349749475,dhaka_bangladesh
2022-03-15 13:00:00,0.7245368340280453,1,4.1,360.4126349749475,dhaka_bangladesh
2022-03-15 14:00:00,0.6949680924869345,1,4.1,360.4126349749475,dhaka_bangladesh
2022-03-15 15:00:00,0.6666060673407159,1,4.1,360.4126349749475,dhaka_bangladesh
2022-03-15 16:00:00,0.6394015118381989,1,4.1,360.4126349749475,dhaka_bangladesh
2022-03-15 17:00:00,0.6133071890148444,1,4.1,360.4126349749475,dhaka_bangladesh
2022-03-15 18:00:00,0.5882777896722802,1,4.1,360.4126349749475,dhaka_bangladesh
2022-03-15 19:00:00,0.5642698537051182,1,4.1,360.4126349749475,dhaka_bangladesh
2022-03-15 20:00:00,0.541241694638465,1,4.1,360.4126349749475,dhaka_bangladesh
2022-03-15 21:00:00,0.5191533272450992,1,4.1,360.4126349749475,dhaka_bangladesh
2022-03-15 22:00:00,0.49796639811662957,1,4.1,360.4126349749475,dhaka_bangladesh
2022-03-15 23:00:00,0.47764411906808285,1,4.1,360.4126349749475,dhaka_bangladesh
2022-03-16 00:00:00,0.45815120326028697,1,4.1,360.4126349749475,dhaka_bangladesh
2022-03-16 01:00:00,0.4394538039291331,0,0.0,500.0,dhaka_bangladesh
2022-03-16 02:00:00,0.42151945561533083,0,0.0,500.0,dhaka_bangladesh
2022-03-16 03:00:00,0.40431701779260865,0,0.0,500.0,dhaka_bangladesh
2022-03-16 04:00:00,0.38781662079647794,0,0.0,500.0,dhaka_bangladesh
2022-03-16 05:00:00,0.37198961395967434,0,0.0,500.0,dhaka_bangladesh
2022-03-16 06:00:00,0.3568085158642178,0,0.0,500.0,dhaka_bangladesh
2022-03-16 07:00:00,0.3422469666237165,0,0.0,500.0,dhaka_bangladesh
2022-03-16 08:00:00,0.328279682113052,0,0.0,500.0,dhaka_bangladesh
2022-03-16 09:00:00,0.3148824100659787,0,0.0,500.0,dhaka_bangladesh
2022-03-16 10:00:00,0.30203188796440317,0,0.0,500.0,dhaka_bangladesh
2022-03-16 11:00:00,0.2897058026462239,0,0.0,500.0,dhaka_bangladesh
2022-03-16 12:00:00,0.27788275156159864,0,0.0,500.0,dhaka_bangladesh
2022-03-16 13:00:00,0.2665422056103633,0,0.0,500.0,dhaka_bangladesh
2022-03-16 14:00:00,0.2556644734960767,0,0.0,500.0,dhaka_bangladesh
2022-03-16 15:00:00,0.24523066753479547,0,0.0,500.0,dhaka_bangladesh
2022-03-16 16:00:00,0.235222670859212,0,0.0,500.0,dhaka_bangladesh
2022-03-16 17:00:00,0.22562310596120908,0,0.0,500.0,dhaka_bangladesh
2022-03-16 18:00:00,0.21641530451820973,0,0.0,500.0,dhaka_bangladesh
2022-03-16 19:00:00,0.20758327845093033,0,0.0,500.0,dhaka_bangladesh
2022-03-16 20:00:00,0.199111692162283,0,0.0,500.0,dhaka_bangladesh
2022-03-16 21:00:00,0.19098583590922202,0,0.0,500.0,dhaka_bangladesh
2022-03-16 22:00:00,0.18319160026130163,0,0.0,500.0,dhaka_bangladesh
2022-03-16 23:00:00,0.17571545160159216,0,0.0,500.0,dhaka_bangladesh
2022-03-17 00:00:00,0.16854440862741826,0,0.0,500.0,dhaka_bangladesh
2022-03-17 01:00:00,0.1616660198101141,0,0.0,500.0,dhaka_bangladesh
2022-03-17 02:00:00,0.15506834177465847,0,0.0,500.0,dhaka_bangladesh
2022-03-17 03:00:00,0.14873991856164895,0,0.0,500.0,dhaka_bangladesh
2022-03-17 04:00:00,0.14266976173560553,0,0.0,500.0,dhaka_bangladesh
2022-03-17 05:00:00,0.13684733130506552,0,0.0,500.0,dhaka_bangladesh
2022-03-17 06:00:00,0.13126251742134015,0,0.0,500.0,dhaka_bangladesh
2022-03-17 07:00:00,0.1259056228241541,0,0.0,500.0,dhaka_bangladesh
2022-03-17 08:00:00,0.12076734600368826,0,0.0,500.0,dhaka_bangladesh
2022-03-17 09:00:00,0.1158387650497892,0,0.0,500.0,dhaka_bangladesh
2022-03-17 10:00:00,0.11111132216030033,0,0.0,500.0,dhaka_bangladesh
2022-03-17 11:00:00,0.10657680878161699,0,0.0,500.0,dhaka_bangladesh
2022-03-17 12:00:00,0.10222735135566365,0,0.0,500.0,dhaka_bangladesh
2022-03-17 13:00:00,0.09805539764854417,0,0.0,500.0,dhaka_bangladesh
2022-03-17 14:00:00,0.09405370363712771,0,0.0,500.0,dhaka_bangladesh
2022-03-17 15:00:00,0.09021532093080029,0,0.0,500.0,dhaka_bangladesh
2022-03-17 16:00:00,0.08653358470654103,0,0.0,500.0,dhaka_bangladesh
2022-03-17 17:00:00,0.0830021021363747,0,0.0,500.0,dhaka_bangladesh
2022-03-17 18:00:00,0.07961474128710645,0,0.0,500.0,dhaka_bangladesh
2022-03-17 19:00:00,0.07636562047306415,0,0.0,500.0,dhaka_bangladesh
2022-03-17 20:00:00,0.0732490980433609,0,0.0,500.0,dhaka_bangladesh
2022-03-17 21:00:00,0.07025976258594537,0,0.0,500.0,dhaka_bangladesh
2022-03-17 22:00:00,0.06739242353142988,0,0.0,500.0,dhaka_bangladesh
2022-03-17 23:00:00,0.06464210214038134,0,0.0,500.0,dhaka_bangladesh
2022-03-18 00:00:00,0.06200402285842582,0,0.0,500.0,dhaka_bangladesh
2022-03-18 01:00:00,0.05947360502415607,0,0.0,500.0,dhaka_bangladesh
2022-03-18 02:00:00,0.057046454915443606,0,0.0,500.0,dhaka_bangladesh
2022-03-18 03:00:00,0.05471835812034529,0,0.0,500.0,dhaka_bangladesh
2022-03-18 04:00:00,0.052485272219357386,0,0.0,500.0,dhaka_bangladesh
2022-03-18 05:00:00,0.05034331976631075,0,0.0,500.0,dhaka_bangladesh
2022-03-18 06:00:00,1.3253057371473804,1,4.4,352.886342249145,dhaka_bangladesh
2022-03-18 07:00:00,1.271219290518022,1,4.4,352.886342249145,dhaka_bangladesh
2022-03-18 08:00:00,1.2193401411386455,1,4.4,352.886342249145,dhaka_bangladesh
2022-03-18 09:00:00,1.169578208010157,1,4.4,352.886342249145,dhaka_bangladesh
2022-03-18 10:00:00,1.1218470863879413,1,4.4,352.886342249145,dhaka_bangladesh
2022-03-18 11:00:00,1.076063897751918,1,4.4,352.886342249145,dhaka_bangladesh
2022-03-18 12:00:00,1.0321491458994054,1,4.4,352.886342249145,dhaka_bangladesh
2022-03-18 13:00:00,0.9900265789109112,1,4.4,352.886342249145,dhaka_bangladesh
2022-03-18 14:00:00,0.9496230567491745,1,4.4,352.886342249145,dhaka_bangladesh
2022-03-18 15:00:00,0.9108684242615608,1,4.4,352.886342249145,dhaka_bangladesh
2022-03-18 16:00:00,0.8736953893653028,1,4.4,352.886342249145,dhaka_bangladesh
2022-03-18 17:00:00,0.8380394062040619,1,4.4,352.886342249145,dhaka_bangladesh
2022-03-18 18:00:00,0.8038385630729386,1,4.4,352.886342249145,dhaka_bangladesh
2022-03-18 19:00:00,0.7710334749173218,1,4.4,352.886342249145,dhaka_bangladesh
2022-03-18 20:00:00,0.739567180218918,1,4.4,352.886342249145,dhaka_bangladesh
2022-03-18 21:00:00,0.7093850420899201,1,4.4,352.886342249145,dhaka_bangladesh
2022-03-18 22:00:00,0.6804346534035737,1,4.4,352.886342249145,dhaka_bangladesh
2022-03-18 23:00:00,0.6526657457964185,1,4.4,352.886342249145,dhaka_bangladesh
2022-03-19 00:00:00,0.6260301023841974,1,4.4,352.886342249145,dhaka_bangladesh
2022-03-19 01:00:00,0.6004814740398767,1,4.4,352.886342249145,dhaka_bangladesh
2022-03-19 02:00:00,0.5759754990884044,1,4.4,352.886342249145,dhaka_bangladesh
2022-03-19 03:00:00,0.5524696262787715,1,4.4,352.886342249145,dhaka_bangladesh
2022-03-19 04:00:00,0.5299230408996233,1,4.4,352.886342249145,dhaka_bangladesh
2022-03-19 05:00:00,0.5082965939101333,1,4.4,352.886342249145,dhaka_bangladesh
2022-03-19 06:00:00,0.48755273396308485,0,0.0,500.0,dhaka_bangladesh
2022-03-19 07:00:00,0.4676554422021274,0,0.0,500.0,dhaka_bangladesh
2022-03-19 08:00:00,0.4485701697199925,0,0.0,500.0,dhaka_bangladesh
2022-03-19 09:00:00,0.4302637775690736,0,0.0,500.0,dhaka_bangladesh
2022-03-19 10:00:00,0.41270447922020675,0,0.0,500.0,dhaka_bangladesh
2022-03-19 11:00:00,0.3958617853697396,0,0.0,500.0,dhaka_bangladesh
2022-03-19 12:00:00,0.3797064509990548,0,0.0,500.0,dhaka_bangladesh
2022-03-19 13:00:00,0.3642104245946209,0,0.0,500.0,dhaka_bangladesh
2022-03-19 14:00:00,0.34934679944040314,0,0.0,500.0,dhaka_bangladesh
2022-03-19 15:00:00,0.3350897668980553,0,0.0,500.0,dhaka_bangladesh
2022-03-19 16:00:00,0.32141457159377335,0,0.0,500.0,dhaka_bangladesh
2022-03-19 17:00:00,0.30829746843399763,0,0.0,500.0,dhaka_bangladesh
2022-03-19 18:00:00,0.2957156813753279,0,0.0,500.0,dhaka_bangladesh
2022-03-19 19:00:00,0.2836473638770597,0,0.0,500.0,dhaka_bangladesh
2022-03-19 20:00:00,0.272071560967675,0,0.0,500.0,dhaka_bangladesh
2022-03-19 21:00:00,0.26096817285942003,0,0.0,500.0,dhaka_bangladesh
2022-03-19 22:00:00,0.25031792004779074,0,0.0,500.0,dhaka_bangladesh
2022-03-19 23:00:00,0.24010230983532907,0,0.0,500.0,dhaka_bangladesh
2022-03-20 00:00:00,0.2303036042215994,0,0.0,500.0,dhaka_bangladesh
2022-03-20 01:00:00,0.22090478910359376,0,0.0,500.0,dhaka_bangladesh
2022-03-20 02:00:00,0.21188954473308474,0,0.0,500.0,dhaka_bangladesh
2022-03-20 03:00:00,0.20324221737963002,0,0.0,500.0,dhaka_bangladesh
2022-03-20 04:00:00,0.1949477921500248,0,0.0,500.0,dhaka_bangladesh
2022-03-20 05:00:00,0.1869918669170074,0,0.0,500.0,dhaka_bangladesh
2022-03-20 06:00:00,0.17936062731194852,0,0.0,500.0,dhaka_bangladesh
2022-03-20 07:00:00,0.17204082273810237,0,0.0,500.0,dhaka_bangladesh
2022-03-20 08:00:00,0.1650197433627699,0,0.0,500.0,dhaka_bangladesh
2022-03-20 09:00:00,0.15828519804842453,0,0.0,500.0,dhaka_bangladesh
2022-03-20 10:00:00,0.15182549318448077,0,0.0,500.0,dhaka_bangladesh
2022-03-20 11:00:00,0.1456294123829493,0,0.0,500.0,dhaka_bangladesh
2022-03-20 12:00:00,0.1396861970027239,0,0.0,500.0,dhaka_bangladesh
2022-03-20 13:00:00,0.13398552746868286,0,0.0,500.0,dhaka_bangladesh
2022-03-20 14:00:00,0.12851750535316747,0,0.0,500.0,dhaka_bangladesh
2022-03-20 15:00:00,0.12327263618872544,0,0.0,500.0,dhaka_bangladesh
2022-03-20 16:00:00,0.11824181298227587,0,0.0,500.0,dhaka_bangladesh
2022-03-20 17:00:00,0.11341630040206946,0,0.0,500.0,dhaka_bangladesh
2022-03-20 18:00:00,0.10878771960998788,0,0.0,500.0,dhaka_bangladesh
2022-03-20 19:00:00,0.10434803371284547,0,0.0,500.0,dhaka_bangladesh
2022-03-20 20:00:00,0.10008953380743031,0,0.0,500.0,dhaka_bangladesh
2022-03-20 21:00:00,0.09600482559505576,0,0.0,500.0,dhaka_bangladesh
2022-03-20 22:00:00,0.09208681654237905,0,0.0,500.0,dhaka_bangladesh
2022-03-20 23:00:00,0.08832870356619338,0,0.0,500.0,dhaka_bangladesh
2022-03-21 00:00:00,0.08472396122081101,0,0.0,500.0,dhaka_bangladesh
2022-03-21 01:00:00,0.08126633036752538,0,0.0,500.0,dhaka_bangladesh
2022-03-21 02:00:00,0.07794980730647855,0,0.0,500.0,dhaka_bangladesh
2022-03-21 03:00:00,0.07476863335206309,0,0.0,500.0,dhaka_bangladesh
2022-03-21 04:00:00,0.0717172848337576,0,0.0,500.0,dhaka_bangladesh
2022-03-21 05:00:00,0.0687904635050334,0,0.0,500.0,dhaka_bangladesh
2022-03-21 06:00:00,0.06598308734367894,0,0.0,500.0,dhaka_bangladesh
2022-03-21 07:00:00,0.7854281116887913,1,4.5,418.4175303211098,dhaka_bangladesh
2022-03-21 08:00:00,0.7533743640490271,1,4.5,418.4175303211098,dhaka_bangladesh
2022-03-21 09:00:00,0.7226287472521286,1,4.5,418.4175303211098,dhaka_bangladesh
2022-03-21 10:00:00,0.6931378757682259,1,4.5,418.4175303211098,dhaka_bangladesh
2022-03-21 11:00:00,0.6648505427599058,1,4.5,418.4175303211098,dhaka_bangladesh
2022-03-21 12:00:00,0.63771763116859,1,4.5,418.4175303211098,dhaka_bangladesh
2022-03-21 13:00:00,0.6116920284295254,1,4.5,418.4175303211098,dhaka_bangladesh
2022-03-21 14:00:00,0.5867285446673041,1,4.5,418.4175303211098,dhaka_bangladesh
2022-03-21 15:00:00,0.5627838342298661,1,4.5,418.4175303211098,dhaka_bangladesh
2022-03-21 16:00:00,0.5398163204247444,1,4.5,418.4175303211098,dhaka_bangladesh
2022-03-21 17:00:00,0.5177861233268631,1,4.5,418.4175303211098,dhaka_bangladesh
2022-03-21 18:00:00,0.4966549905325392,1,4.5,418.4175303211098,dhaka_bangladesh
2022-03-21 19:00:00,0.4763862307394505,1,4.5,418.4175303211098,dhaka_bangladesh
2022-03-21 20:00:00,0.4569446500372421,1,4.5,418.4175303211098,dhaka_bangladesh
2022-03-21 21:00:00,0.4382964907981474,1,4.5,418.4175303211098,dhaka_bangladesh
2022-03-21 22:00:00,0.42040937306151543,1,4.5,418.4175303211098,dhaka_bangladesh
2022-03-21 23:00:00,0.4032522383104682,1,4.5,418.4175303211098,dhaka_bangladesh
2022-03-22 00:00:00,0.3867952955430628,1,4.5,418.4175303211098,dhaka_bangladesh
2022-03-22 01:00:00,0.371009969544319,1,4.5,418.4175303211098,dhaka_bangladesh
2022-03-22 02:00:00,0.3558688512692933,1,4.5,418.4175303211098,dhaka_bangladesh
2022-03-22 03:00:00,0.341345650251046,1,4.5,418.4175303211098,dhaka_bangladesh
2022-03-22 04:00:00,0.3274151489508666,1,4.5,418.4175303211098,dhaka_bangladesh
2022-03-22 05:00:00,0.3140531589714894,1,4.5,418.4175303211098,dhaka_bangladesh
2022-03-22 06:00:00,0.30123647905727274,1,4.5,418.4175303211098,dhaka_bangladesh
2022-03-22 07:00:00,0.2889428548084137,0,0.0,500.0,dhaka_bangladesh
2022-03-22 08:00:00,0.27715094003924684,0,0.0,500.0,dhaka_bangladesh
2022-03-22 09:00:00,0.2658402597135325,0,0.0,500.0,dhaka_bangladesh
2022-03-22 10:00:00,0.2549911743923756,0,0.0,500.0,dhaka_bangladesh
2022-03-22 11:00:00,0.24458484613304432,0,0.0,500.0,dhaka_bangladesh
2022-03-22 12:00:00,0.23460320577947685,0,0.0,500.0,dhaka_bangladesh
2022-03-22 13:00:00,0.22502892158767981,0,0.0,500.0,dhaka_bangladesh
2022-03-22 14:00:00,0.21584536913154148,0,0.0,500.0,dhaka_bangladesh
2022-03-22 15:00:00,0.20703660243680477,0,0.0,500.0,dhaka_bangladesh
2022-03-22 16:00:00,0.1985873262930793,0,0.0,500.0,dhaka_bangladesh
2022-03-22 17:00:00,0.19048286969581396,0,0.0,500.0,dhaka_bangladesh
2022-03-22 18:00:00,0.1827091603721185,0,0.0,500.0,dhaka_bangladesh
2022-03-22 19:00:00,0.17525270034619883,0,0.0,500.0,dhaka_bangladesh
2022-03-22 20:00:00,0.1681005425019809,0,0.0,500.0,dhaka_bangladesh
2022-03-22 21:00:00,0.1612402681022267,0,0.0,500.0,dhaka_bangladesh
2022-03-22 22:00:00,0.1546599652251067,0,0.0,500.0,dhaka_bangladesh
2022-03-22 23:00:00,0.1483482080807883,0,0.0,500.0,dhaka_bangladesh
2022-03-23 00:00:00,0.1422940371721248,0,0.0,500.0,dhaka_bangladesh
2022-03-23 01:00:00,0.13648694026499797,0,0.0,500.0,dhaka_bangladesh
2022-03-23 02:00:00,0.13091683413527072,0,0.0,500.0,dhaka_bangladesh
2022-03-23 03:00:00,0.12557404706065742,0,0.0,500.0,dhaka_bangladesh
2022-03-23 04:00:00,0.12044930202710935,0,0.0,500.0,dhaka_bangladesh
2022-03-23 05:00:00,0.11553370062055764,0,0.0,500.0,dhaka_bangladesh
2022-03-23 06:00:00,0.11081870757604238,0,0.0,500.0,dhaka_bangladesh
2022-03-23 07:00:00,0.10629613595740042,0,0.0,500.0,dhaka_bangladesh
2022-03-23 08:00:00,0.10195813294177805,0,0.0,500.0,dhaka_bangladesh
2022-03-23 09:00:00,0.09779716618428545,0,0.0,500.0,dhaka_bangladesh
2022-03-23 10:00:00,0.09380601073911692,0,0.0,500.0,dhaka_bangladesh
2022-03-23 11:00:00,0.08997773651442753,0,0.0,500.0,dhaka_bangladesh
2022-03-23 12:00:00,0.08630569623918286,0,0.0,500.0,dhaka_bangladesh
2022-03-23 13:00:00,0.08278351392108795,0,0.0,500.0,dhaka_bangladesh
2022-03-23 14:00:00,0.07940507377555515,0,0.0,500.0,dhaka_bangladesh
2022-03-23 15:00:00,0.07616450960648583,0,0.0,500.0,dhaka_bangladesh
2022-03-23 16:00:00,0.07305619462042887,0,0.0,500.0,dhaka_bangladesh
2022-03-23 17:00:00,0.07007473165642872,0,0.0,500.0,dhaka_bangladesh
2022-03-23 18:00:00,0.06721494381459842,0,0.0,500.0,dhaka_bangladesh
2022-03-23 19:00:00,0.06447186546714585,0,0.0,500.0,dhaka_bangladesh
2022-03-23 20:00:00,0.06184073363624504,0,0.0,500.0,dhaka_bangladesh
2022-03-23 21:00:00,0.0593169797237807,0,0.0,500.0,dhaka_bangladesh
2022-03-23 22:00:00,0.05689622157860695,0,0.0,500.0,dhaka_bangladesh
2022-03-23 23:00:00,0.05457425588754527,0,0.0,500.0,dhaka_bangladesh
2022-03-24 00:00:00,0.052347050876909725,0,0.0,500.0,dhaka_bangladesh
2022-03-24 01:00:00,0.05021073931188748,0,0.0,500.0,dhaka_bangladesh
2022-03-24 02:00:00,0.04816161178161782,0,0.0,500.0,dhaka_bangladesh
2022-03-24 03:00:00,0.04619611025831106,0,0.0,500.0,dhaka_bangladesh
2022-03-24 04:00:00,0.04431082191922328,0,0.0,500.0,dhaka_bangladesh
2022-03-24 05:00:00,0.04250247322075948,0,0.0,500.0,dhaka_bangladesh
2022-03-24 06:00:00,0.04076792421441596,0,0.0,500.0,dhaka_bangladesh
2022-03-24 07:00:00,0.03910416309469214,0,0.0,500.0,dhaka_bangladesh
2022-03-24 08:00:00,0.03750830096950495,0,0.0,500.0,dhaka_bangladesh
2022-03-24 09:00:00,0.035977566844025616,0,0.0,500.0,dhaka_bangladesh
2022-03-24 10:00:00,0.03450930280922866,0,0.0,500.0,dhaka_bangladesh
2022-03-24 11:00:00,0.03310095942679891,0,0.0,500.0,dhaka_bangladesh
2022-03-24 12:00:00,0.03175009130238284,0,0.0,500.0,dhaka_bangladesh
2022-03-24 13:00:00,0.030454352839498162,0,0.0,500.0,dhaka_bangladesh
2022-03-24 14:00:00,0.029211494166728393,0,0.0,500.0,dhaka_bangladesh
2022-03-24 15:00:00,0.028019357231130956,0,0.0,500.0,dhaka_bangladesh
2022-03-24 16:00:00,0.02687587205107551,0,0.0,500.0,dhaka_bangladesh
2022-03-24 17:00:00,0.025779053122005784,0,0.0,500.0,dhaka_bangladesh
2022-03-24 18:00:00,0.024726995968884356,0,0.0,500.0,dhaka_bangladesh
2022-03-24 19:00:00,0.02371787383933404,0,0.0,500.0,dhaka_bangladesh
2022-03-24 20:00:00,0.022749934531733847,0,0.0,500.0,dhaka_bangladesh
2022-03-24 21:00:00,0.02182149735276222,0,0.0,500.0,dhaka_bangladesh
2022-03-24 22:00:00,0.02093095019910449,0,0.0,500.0,dhaka_bangladesh
2022-03-24 23:00:00,0.02007674675825745,0,0.0,500.0,dhaka_bangladesh
2022-03-25 00:00:00,0.019257403823570607,0,0.0,500.0,dhaka_bangladesh
2022-03-25 01:00:00,0.018471498718862136,0,0.0,500.0,dhaka_bangladesh
2022-03-25 02:00:00,0.017717666828137513,0,0.0,500.0,dhaka_bangladesh
2022-03-25 03:00:00,0.016994599226121804,0,0.0,500.0,dhaka_bangladesh
2022-03-25 04:00:00,0.016301040405491154,0,0.0,500.0,dhaka_bangladesh
2022-03-25 05:00:00,0.01563578609685719,0,0.0,500.0,dhaka_bangladesh
2022-03-25 06:00:00,0.014997681177719055,0,0.0,500.0,dhaka_bangladesh
2022-03-25 07:00:00,0.014385617666752283,0,0.0,500.0,dhaka_bangladesh
2022-03-25 08:00:00,0.013798532799951746,0,0.0,500.0,dhaka_bangladesh
2022-03-25 09:00:00,0.013235407185288357,0,0.0,500.0,dhaka_bangladesh
2022-03-25 10:00:00,0.012695263032675123,0,0.0,500.0,dhaka_bangladesh
2022-03-25 11:00:00,0.01217716245616936,0,0.0,500.0,dhaka_bangladesh
2022-03-25 12:00:00,0.011680205845462874,0,0.0,500.0,dhaka_bangladesh
2022-03-25 13:00:00,0.011203530303832514,0,0.0,500.0,dhaka_bangladesh
2022-03-25 14:00:00,0.010746308149838884,0,0.0,500.0,dhaka_bangladesh
2022-03-25 15:00:00,0.010307745480171474,0,0.0,500.0,dhaka_bangladesh
2022-03-25 16:00:00,0.009887080791144845,0,0.0,500.0,dhaka_bangladesh
2022-03-25 17:00:00,0.00948358365645241,0,0.0,500.0,dhaka_bangladesh
2022-03-25 18:00:00,0.009096553458881686,0,0.0,500.0,dhaka_bangladesh
2022-03-25 19:00:00,0.008725318173788977,0,0.0,500.0,dhaka_bangladesh
2022-03-25 20:00:00,0.008369233202221145,0,0.0,500.0,dhaka_bangladesh
2022-03-25 21:00:00,0.008027680251658276,0,0.0,500.0,dhaka_bangladesh
2022-03-25 22:00:00,0.007700066262433849,0,0.0,500.0,dhaka_bangladesh
2022-03-25 23:00:00,0.007385822377968312,0,0.0,500.0,dhaka_bangladesh
2022-03-26 00:00:00,0.007084402957027954,0,0.0,500.0,dhaka_bangladesh
2022-03-26 01:00:00,0.006795284626294015,0,0.0,500.0,dhaka_bangladesh
2022-03-26 02:00:00,0.006517965371597026,0,0.0,500.0,dhaka_bangladesh
2022-03-26 03:00:00,0.006251963666238317,0,0.0,500.0,dhaka_bangladesh
2022-03-26 04:00:00,0.005996817634885188,0,0.0,500.0,dhaka_bangladesh
2022-03-26 05:00:00,0.005752084251588028,0,0.0,500.0,dhaka_bangladesh
2022-03-26 06:00:00,0.005517338570526747,0,0.0,500.0,dhaka_bangladesh
2022-03-26 07:00:00,0.0052921729881508575,0,0.0,500.0,dhaka_bangladesh
2022-03-26 08:00:00,0.005076196535432065,0,0.0,500.0,dhaka_bangladesh
2022-03-26 09:00:00,0.004869034199000374,0,0.0,500.0,dhaka_bangladesh
2022-03-26 10:00:00,0.004670326269984995,0,0.0,500.0,dhaka_bangladesh
2022-03-26 11:00:00,0.004479727719429452,0,0.0,500.0,dhaka_bangladesh
2022-03-26 12:00:00,0.004296907599196297,0,0.0,500.0,dhaka_bangladesh
2022-03-26 13:00:00,0.004121548467321224,0,0.0,500.0,dhaka_bangladesh
2022-03-26 14:00:00,0.003953345836818845,0,0.0,500.0,dhaka_bangladesh
2022-03-26 15:00:00,0.0037920076469829416,0,0.0,500.0,dhaka_bangladesh
2022-03-26 16:00:00,0.0036372537562632673,0,0.0,500.0,dhaka_bangladesh
2022-03-26 17:00:00,0.0034888154558383364,0,0.0,500.0,dhaka_bangladesh
2022-03-26 18:00:00,0.003346435003039546,0,0.0,500.0,dhaka_bangladesh
2022-03-26 19:00:00,0.0032098651738165186,0,0.0,500.0,dhaka_bangladesh
2022-03-26 20:00:00,0.003078868833466595,0,0.0,500.0,dhaka_bangladesh
2022-03-26 21:00:00,0.00295321852488307,0,0.0,500.0,dhaka_bangladesh
2022-03-26 22:00:00,0.002832696073607241,0,0.0,500.0,dhaka_bangladesh
2022-03-26 23:00:00,0.0027170922089985164,0,0.0,500.0,dhaka_bangladesh
2022-03-27 00:00:00,0.002606206200864757,0,0.0,500.0,dhaka_bangladesh
2022-03-27 01:00:00,0.0024998455109219355,0,0.0,500.0,dhaka_bangladesh
2022-03-27 02:00:00,0.002397825458477927,0,0.0,500.0,dhaka_bangladesh
2022-03-27 03:00:00,0.002299968899759914,0,0.0,500.0,dhaka_bangladesh
2022-03-27 04:00:00,0.0022061059203286135,0,0.0,500.0,dhaka_bangladesh
2022-03-27 05:00:00,0.0021160735400452576,0,0.0,500.0,dhaka_bangladesh
2022-03-27 06:00:00,0.0020297154300790237,0,0.0,500.0,dhaka_bangladesh
2022-03-27 07:00:00,0.0019468816414635395,0,0.0,500.0,dhaka_bangladesh
2022-03-27 08:00:00,0.00186742834473116,0,0.0,500.0,dhaka_bangladesh
2022-03-27 09:00:00,0.001791217580172896,0,0.0,500.0,dhaka_bangladesh
2022-03-27 10:00:00,0.0017181170182903854,0,0.0,500.0,dhaka_bangladesh
2022-03-27 11:00:00,0.0016479997300239257,0,0.0,500.0,dhaka_bangladesh
2022-03-27 12:00:00,0.0015807439663576546,0,0.0,500.0,dhaka_bangladesh
2022-03-27 13:00:00,0.0015162329469191457,0,0.0,500.0,dhaka_bangladesh
2022-03-27 14:00:00,0.0014543546572063637,0,0.0,500.0,dhaka_bangladesh
2022-03-27 15:00:00,0.0013950016540899182,0,0.0,500.0,dhaka_bangladesh
2022-03-27 16:00:00,0.0013380708792528591,0,0.0,500.0,dhaka_bangladesh
2022-03-27 17:00:00,0.001283463480244097,0,0.0,500.0,dhaka_bangladesh
2022-03-27 18:00:00,0.00123108463883474,0,0.0,500.0,dhaka_bangladesh
2022-03-27 19:00:00,0.0011808434063792944,0,0.0,500.0,dhaka_bangladesh
2022-03-27 20:00:00,0.0011326525458958607,0,0.0,500.0,dhaka_bangladesh
2022-03-27 21:00:00,0.0010864283805911332,0,0.0,500.0,dhaka_bangladesh
2022-03-27 22:00:00,0.00104209064856717,0,0.0,500.0,dhaka_bangladesh
2022-03-27 23:00:00,0.0009995623634576531,0,0.0,500.0,dhaka_bangladesh
2022-03-28 00:00:00,0.0009587696807516732,0,0.0,500.0,dhaka_bangladesh
2022-03-28 01:00:00,0.0009196417695728997,0,0.0,500.0,dhaka_bangladesh
2022-03-28 02:00:00,0.0008821106896915164,0,0.0,500.0,dhaka_bangladesh
2022-03-28 03:00:00,0.0008461112735553728,0,0.0,500.0,dhaka_bangladesh
2022-03-28 04:00:00,0.0008115810131355002,0,0.0,500.0,dhaka_bangladesh
2022-03-28 05:00:00,0.0007784599513895246,0,0.0,500.0,dhaka_bangladesh
2022-03-28 06:00:00,0.000746690578154524,0,0.0,500.0,dhaka_bangladesh
2022-03-28 07:00:00,0.0007162177302885468,0,0.0,500.0,dhaka_bangladesh
2022-03-28 08:00:00,0.0006869884958874102,0,0.0,500.0,dhaka_bangladesh
2022-03-28 09:00:00,0.0006589521224104679,0,0.0,500.0,dhaka_bangladesh
2022-03-28 10:00:00,0.0006320599285558116,0,0.0,500.0,dhaka_bangladesh
2022-03-28 11:00:00,0.0006062652197318894,0,0.0,500.0,dhaka_bangladesh
2022-03-28 12:00:00,0.0005815232069787833,0,0.0,500.0,dhaka_bangladesh
2022-03-28 13:00:00,0.0005577909291983444,0,0.0,500.0,dhaka_bangladesh
2022-03-28 14:00:00,0.0005350271785581616,0,0.0,500.0,dhaka_bangladesh
2022-03-28 15:00:00,0.0005131924289398368,0,0.0,500.0,dhaka_bangladesh
2022-03-28 16:00:00,0.0004922487673073223,0,0.0,500.0,dhaka_bangladesh
2022-03-28 17:00:00,0.0004721598278761528,0,0.0,500.0,dhaka_bangladesh
2022-03-28 18:00:00,0.000452890728969271,0,0.0,500.0,dhaka_bangladesh
2022-03-28 19:00:00,0.0004344080124497973,0,0.0,500.0,dhaka_bangladesh
2022-03-28 20:00:00,0.0004166795856255806,0,0.0,500.0,dhaka_bangladesh
2022-03-28 21:00:00,0.00039967466552466124,0,0.0,500.0,dhaka_bangladesh
2022-03-28 22:00:00,0.0003833637254448764,0,0.0,500.0,dhaka_bangladesh
2022-03-28 23:00:00,0.0003677184436848076,0,0.0,500.0,dhaka_bangladesh
2022-03-29 00:00:00,0.00035271165436704765,0,0.0,500.0,dhaka_bangladesh
2022-03-29 01:00:00,0.0003383173002683946,0,0.0,500.0,dhaka_bangladesh
2022-03-29 02:00:00,0.0003245103875750707,0,0.0,500.0,dhaka_bangladesh
2022-03-29 03:00:00,0.000311266942484408,0,0.0,500.0,dhaka_bangladesh
2022-03-29 04:00:00,0.00029856396957764073,0,0.0,500.0,dhaka_bangladesh
2022-03-29 05:00:00,0.0002863794118915264,0,0.0,500.0,dhaka_bangladesh
2022-03-29 06:00:00,0.00027469211261946745,0,0.0,500.0,dhaka_bangladesh
2022-03-29 07:00:00,0.0002634817783756292,0,0.0,500.0,dhaka_bangladesh
2022-03-29 08:00:00,0.00025272894395827013,0,0.0,500.0,dhaka_bangladesh
2022-03-29 09:00:00,0.00024241493855109905,0,0.0,500.0,dhaka_bangladesh
2022-03-29 10:00:00,0.00023252185330397356,0,0.0,500.0,dhaka_bangladesh
2022-03-29 11:00:00,0.0002230325102366492,0,0.0,500.0,dhaka_bangladesh
2022-03-29 12:00:00,0.00021393043241157997,0,0.0,500.0,dhaka_bangladesh
2022-03-29 13:00:00,0.00020519981532398634,0,0.0,500.0,dhaka_bangladesh
2022-03-29 14:00:00,0.00019682549945950996,0,0.0,500.0,dhaka_bangladesh
2022-03-29 15:00:00,0.00018879294397180244,0,0.0,500.0,dhaka_bangladesh
2022-03-29 16:00:00,0.00018108820143434898,0,0.0,500.0,dhaka_bangladesh
2022-03-29 17:00:00,0.0001736978936226835,0,0.0,500.0,dhaka_bangladesh
2022-03-29 18:00:00,0.00016660918828494272,0,0.0,500.0,dhaka_bangladesh
2022-03-29 19:00:00,0.00015980977686042821,0,0.0,500.0,dhaka_bangladesh
2022-03-29 20:00:00,0.00015328785310748675,0,0.0,500.0,dhaka_bangladesh
2022-03-29 21:00:00,0.0001470320926035956,0,0.0,500.0,dhaka_bangladesh
2022-03-29 22:00:00,0.00014103163308206327,0,0.0,500.0,dhaka_bangladesh
2022-03-29 23:00:00,0.0001352760555711995,0,0.0,500.0,dhaka_bangladesh
2022-03-30 00:00:00,0.00012975536630320455,0,0.0,500.0,dhaka_bangladesh
2022-03-30 01:00:00,0.00012445997936136796,0,0.0,500.0,dhaka_bangladesh
2022-03-30 02:00:00,0.00011938070003544518,0,0.0,500.0,dhaka_bangladesh
2022-03-30 03:00:00,0.00011450870885630758,0,0.0,500.0,dhaka_bangladesh
2022-03-30 04:00:00,0.00010983554628214992,0,0.0,500.0,dhaka_bangladesh
2022-03-30 05:00:00,0.00010535309800966105,0,0.0,500.0,dhaka_bangladesh
2022-03-30 06:00:00,0.00010105358088465266,0,0.0,500.0,dhaka_bangladesh
2022-03-30 07:00:00,9.692952938768426e-05,0,0.0,500.0,dhaka_bangladesh
2022-03-30 08:00:00,9.297378267121718e-05,0,0.0,500.0,dhaka_bangladesh
2022-03-30 09:00:00,8.917947212578784e-05,0,0.0,500.0,dhaka_bangladesh
2022-03-30 10:00:00,8.554000945361389e-05,0,0.0,500.0,dhaka_bangladesh
2022-03-30 11:00:00,8.204907522892248e-05,0,0.0,500.0,dhaka_bangladesh
2022-03-30 12:00:00,7.870060792513703e-05,0,0.0,500.0,dhaka_bangladesh
2022-03-30 13:00:00,7.548879338987126e-05,0,0.0,500.0,dhaka_bangladesh
2022-03-30 14:00:00,7.240805474945455e-05,0,0.0,500.0,dhaka_bangladesh
2022-03-30 15:00:00,6.94530427254581e-05,0,0.0,500.0,dhaka_bangladesh
2022-03-30 16:00:00,6.661862634640986e-05,0,0.0,500.0,dhaka_bangladesh
2022-03-30 17:00:00,6.389988403856943e-05,0,0.0,500.0,dhaka_bangladesh
2022-03-30 18:00:00,6.129209508029232e-05,0,0.0,500.0,dhaka_bangladesh
2022-03-30 19:00:00,5.879073140514722e-05,0,0.0,500.0,dhaka_bangladesh
2022-03-30 20:00:00,5.639144973955237e-05,0,0.0,500.0,dhaka_bangladesh
2022-03-30 21:00:00,5.4090084061278506e-05,0,0.0,500.0,dhaka_bangladesh
2022-03-30 22:00:00,5.188263836572533e-05,0,0.0,500.0,dhaka_bangladesh
2022-03-30 23:00:00,4.976527972740985e-05,0,0.0,500.0,dhaka_bangladesh
2022-03-31 00:00:00,4.7734331644618676e-05,0,0.0,500.0,dhaka_bangladesh
2022-03-31 01:00:00,4.578626765566929e-05,0,0.0,500.0,dhaka_bangladesh
2022-03-31 02:00:00,0.8402814661198609,1,4.0,391.89479713529204,dhaka_bangladesh
2022-03-31 03:00:00,0.80598912330638,1,4.0,391.89479713529204,dhaka_bangladesh
2022-03-31 04:00:00,0.7730962696201169,1,4.0,391.89479713529204,dhaka_bangladesh
2022-03-31 05:00:00,0.7415457911500197,1,4.0,391.89479713529204,dhaka_bangladesh
2022-03-31 06:00:00,0.7112829048347538,1,4.0,391.89479713529204,dhaka_bangladesh
2022-03-31 07:00:00,0.6822550633394584,1,4.0,391.89479713529204,dhaka_bangladesh
2022-03-31 08:00:00,0.6544118638145358,1,4.0,391.89479713529204,dhaka_bangladesh
2022-03-31 09:00:00,0.6277049603780439,1,4.0,391.89479713529204,dhaka_bangladesh
2022-03-31 10:00:00,0.6020879801697289,1,4.0,391.89479713529204,dhaka_bangladesh
2022-03-31 11:00:00,0.5775164428309398,1,4.0,391.89479713529204,dhaka_bangladesh
2022-03-31 12:00:00,0.5539476832706098,1,4.0,391.89479713529204,dhaka_bangladesh
2022-03-31 13:00:00,0.5313407775832011,1,4.0,391.89479713529204,dhaka_bangladesh
2022-03-31 14:00:00,0.5096564719899779,1,4.0,391.89479713529204,dhaka_bangladesh
2022-03-31 15:00:00,0.48885711468022564,1,4.0,391.89479713529204,dhaka_bangladesh
2022-03-31 16:00:00,0.4689065904340654,1,4.0,391.89479713529204,dhaka_bangladesh
2022-03-31 17:00:00,0.44977025791334824,1,4.0,391.89479713529204,dhaka_bangladesh
2022-03-31 18:00:00,0.43141488951174145,1,4.0,391.89479713529204,dhaka_bangladesh
2022-03-31 19:00:00,0.41380861365956617,1,4.0,391.89479713529204,dhaka_bangladesh
2022-03-31 20:00:00,0.3969208594832044,1,4.0,391.89479713529204,dhaka_bangladesh
2022-03-31 21:00:00,0.3807223037229873,1,4.0,391.89479713529204,dhaka_bangladesh
2022-03-31 22:00:00,0.3651848198173926,1,4.0,391.89479713529204,dhaka_bangladesh
2022-03-31 23:00:00,0.35028142906514326,1,4.0,391.89479713529204,dhaka_bangladesh
2022-04-01 00:00:00,0.3359862537804079,1,4.0,391.89479713529204,dhaka_bangladesh
2022-04-01 01:00:00,0.32227447235976264,1,4.0,391.89479713529204,dhaka_bangladesh
2022-04-01 02:00:00,0.30912227618289456,0,0.0,500.0,dhaka_bangladesh
2022-04-01 03:00:00,0.2965068282722118,0,0.0,500.0,dhaka_bangladesh
2022-04-01 04:00:00,0.2844062236395753,0,0.0,500.0,dhaka_bangladesh
2022-04-01 05:00:00,0.27279945125130434,0,0.0,500.0,dhaka_bangladesh
2022-04-01 06:00:00,0.2616663575454094,0,0.0,500.0,dhaka_bangladesh
2022-04-01 07:00:00,0.2509876114377068,0,0.0,500.0,dhaka_bangladesh
2022-04-01 08:00:00,0.24074467075605344,0,0.0,500.0,dhaka_bangladesh
2022-04-01 09:00:00,0.2309197500444171,0,0.0,500.0,dhaka_bangladesh
2022-04-01 10:00:00,0.2214957896808823,0,0.0,500.0,dhaka_bangladesh
2022-04-01 11:00:00,0.21245642625596542,0,0.0,500.0,dhaka_bangladesh
2022-04-01 12:00:00,0.20378596415980707,0,0.0,500.0,dhaka_bangladesh
2022-04-01 13:00:00,0.19546934832890758,0,0.0,500.0,dhaka_bangladesh
2022-04-01 14:00:00,0.18749213810508197,0,0.0,500.0,dhaka_bangladesh
2022-04-01 15:00:00,0.1798404821612451,0,0.0,500.0,dhaka_bangladesh
2022-04-01 16:00:00,0.17250109445049033,0,0.0,500.0,dhaka_bangladesh
2022-04-01 17:00:00,0.16546123113669803,0,0.0,500.0,dhaka_bangladesh
2022-04-01 18:00:00,0.158708668466619,0,0.0,500.0,dhaka_bangladesh
2022-04-01 19:00:00,0.15223168154501046,0,0.0,500.0,dhaka_bangladesh
2022-04-01 20:00:00,0.14601902397596983,0,0.0,500.0,dhaka_bangladesh
2022-04-01 21:00:00,0.14005990833511672,0,0.0,500.0,dhaka_bangladesh
2022-04-01 22:00:00,0.13434398743871626,0,0.0,500.0,dhaka_bangladesh
2022-04-01 23:00:00,0.12886133637721914,0,0.0,500.0,dhaka_bangladesh
2022-04-02 00:00:00,0.12360243528202286,0,0.0,500.0,dhaka_bangladesh
2022-04-02 01:00:00,0.11855815279553089,0,0.0,500.0,dhaka_bangladesh
2022-04-02 02:00:00,0.11371973021580752,0,0.0,500.0,dhaka_bangladesh
2022-04-02 03:00:00,0.10907876628829809,0,0.0,500.0,dhaka_bangladesh
2022-04-02 04:00:00,0.10462720261820721,0,0.0,500.0,dhaka_bangladesh
2022-04-02 05:00:00,0.10035730967820594,0,0.0,500.0,dhaka_bangladesh
2022-04-02 06:00:00,0.09626167338717202,0,0.0,500.0,dhaka_bangladesh
2022-04-02 07:00:00,0.09233318223665875,0,0.0,500.0,dhaka_bangladesh
2022-04-02 08:00:00,0.08856501494273979,0,0.0,500.0,dhaka_bangladesh
2022-04-02 09:00:00,0.0849506286017893,0,0.0,500.0,dhaka_bangladesh
2022-04-02 10:00:00,0.08148374732963032,0,0.0,500.0,dhaka_bangladesh
2022-04-02 11:00:00,0.07815835136432628,0,0.0,500.0,dhaka_bangladesh
2022-04-02 12:00:00,0.0749686666136934,0,0.0,500.0,dhaka_bangladesh
2022-04-02 13:00:00,0.07190915462938456,0,0.0,500.0,dhaka_bangladesh
2022-04-02 14:00:00,0.06897450299013642,0,0.0,500.0,dhaka_bangladesh
2022-04-02 15:00:00,0.0661596160774816,0,0.0,500.0,dhaka_bangladesh
2022-04-02 16:00:00,0.0634596062279086,0,0.0,500.0,dhaka_bangladesh
2022-04-02 17:00:00,0.06086978524610731,0,0.0,500.0,dhaka_bangladesh
2022-04-02 18:00:00,0.05838565626456351,0,0.0,500.0,dhaka_bangladesh
2022-04-02 19:00:00,0.05600290593536743,0,0.0,500.0,dhaka_bangladesh
2022-04-02 20:00:00,0.0537173969406792,0,0.0,500.0,dhaka_bangladesh
2022-04-02 21:00:00,0.05152516080884617,0,0.0,500.0,dhaka_bangladesh
2022-04-02 22:00:00,0.04942239102369821,0,0.0,500.0,dhaka_bangladesh
2022-04-02 23:00:00,0.047405436415056616,0,0.0,500.0,dhaka_bangladesh
2022-04-03 00:00:00,0.04547079481897994,0,0.0,500.0,dhaka_bangladesh
2022-04-03 01:00:00,0.04361510699673839,0,0.0,500.0,dhaka_bangladesh
2022-04-03 02:00:00,0.04183515080195845,0,0.0,500.0,dhaka_bangladesh
2022-04-03 03:00:00,0.04012783558580944,0,0.0,500.0,dhaka_bangladesh
2022-04-03 04:00:00,0.038490196830517305,0,0.0,500.0,dhaka_bangladesh
2022-04-03 05:00:00,0.036919391001887764,0,0.0,500.0,dhaka_bangladesh
2022-04-03 06:00:00,0.035412690611900735,0,0.0,500.0,dhaka_bangladesh
2022-04-03 07:00:00,0.03396747948280293,0,0.0,500.0,dhaka_bangladesh
2022-04-03 08:00:00,0.03258124820447554,0,0.0,500.0,dhaka_bangladesh
2022-04-03 09:00:00,0.031251589777188976,0,0.0,500.0,dhaka_bangladesh
2022-04-03 10:00:00,0.029976195432179383,0,0.0,500.0,dhaka_bangladesh
2022-04-03 11:00:00,0.028752850622789566,0,0.0,500.0,dhaka_bangladesh
2022-04-03 12:00:00,0.027579431179213677,0,0.0,500.0,dhaka_bangladesh
2022-04-03 13:00:00,0.026453899620168798,0,0.0,500.0,dhaka_bangladesh
2022-04-03 14:00:00,0.02537430161508935,0,0.0,500.0,dhaka_bangladesh
2022-04-03 15:00:00,0.024338762590701085,0,0.0,500.0,dhaka_bangladesh
2022-04-03 16:00:00,0.02334548447608277,0,0.0,500.0,dhaka_bangladesh
2022-04-03 17:00:00,0.02239274258056365,0,0.0,500.0,dhaka_bangladesh
2022-04-03 18:00:00,0.021478882599035534,0,0.0,500.0,dhaka_bangladesh
2022-04-03 19:00:00,0.020602317739479806,0,0.0,500.0,dhaka_bangladesh
2022-04-03 20:00:00,0.019761525967721603,0,0.0,500.0,dhaka_bangladesh
2022-04-03 21:00:00,0.018955047364627026,0,0.0,500.0,dhaka_bangladesh
2022-04-03 22:00:00,0.01818148159115459,0,0.0,500.0,dhaka_bangladesh
2022-04-03 23:00:00,0.017439485456859364,0,0.0,500.0,dhaka_bangladesh
2022-04-04 00:00:00,0.016727770587627644,0,0.0,500.0,dhaka_bangladesh
2022-04-04 01:00:00,0.016045101188592766,0,0.0,500.0,dhaka_bangladesh
2022-04-04 02:00:00,0.015390291898347484,0,0.0,500.0,dhaka_bangladesh
2022-04-04 03:00:00,0.014762205730727087,0,0.0,500.0,dhaka_bangladesh
2022-04-04 04:00:00,0.014159752100589533,0,0.0,500.0,dhaka_bangladesh
2022-04-04 05:00:00,0.013581884930164448,0,0.0,500.0,dhaka_bangladesh
2022-04-04 06:00:00,0.01302760083268322,0,0.0,500.0,dhaka_bangladesh
2022-04-04 07:00:00,0.012495937370135983,0,0.0,500.0,dhaka_bangladesh
2022-04-04 08:00:00,0.01198597138213052,0,0.0,500.0,dhaka_bangladesh
2022-04-04 09:00:00,0.011496817382951436,0,0.0,500.0,dhaka_bangladesh
2022-04-04 10:00:00,0.011027626024036098,0,0.0,500.0,dhaka_bangladesh
2022-04-04 11:00:00,0.010577582619197785,0,0.0,500.0,dhaka_bangladesh
2022-04-04 12:00:00,0.010145905730035376,0,0.0,500.0,dhaka_bangladesh
2022-04-04 13:00:00,0.009731845809073133,0,0.0,500.0,dhaka_bangladesh
2022-04-04 14:00:00,0.009334683898274698,0,0.0,500.0,dhaka_bangladesh
2022-04-04 15:00:00,0.008953730380671519,0,0.0,500.0,dhaka_bangladesh
2022-04-04 16:00:00,0.008588323782937918,0,0.0,500.0,dhaka_bangladesh
2022-04-04 17:00:00,0.008237829626833715,0,0.0,500.0,dhaka_bangladesh
2022-04-04 18:00:00,0.007901639327520204,0,0.0,500.0,dhaka_bangladesh
2022-04-04 19:00:00,0.0075791691368363254,0,0.0,500.0,dhaka_bangladesh
2022-04-04 20:00:00,0.0072698591297003685,0,0.0,500.0,dhaka_bangladesh
2022-04-04 21:00:00,0.0069731722318772055,0,0.0,500.0,dhaka_bangladesh
2022-04-04 22:00:00,0.006688593287422819,0,0.0,500.0,dhaka_bangladesh
2022-04-04 23:00:00,0.006415628164186918,0,0.0,500.0,dhaka_bangladesh
2022-04-05 00:00:00,0.006153802895820545,0,0.0,500.0,dhaka_bangladesh
2022-04-05 01:00:00,0.005902662858798755,0,0.0,500.0,dhaka_bangladesh
2022-04-05 02:00:00,0.00566177198302945,0,0.0,500.0,dhaka_bangladesh
2022-04-05 03:00:00,0.005430711994677745,0,0.0,500.0,dhaka_bangladesh
2022-04-05 04:00:00,0.005209081689891034,0,0.0,500.0,dhaka_bangladesh
2022-04-05 05:00:00,0.004996496238163732,0,0.0,500.0,dhaka_bangladesh
2022-04-05 06:00:00,0.0047925865141321185,0,0.0,500.0,dhaka_bangladesh
2022-04-05 07:00:00,0.004596998456638967,0,0.0,500.0,dhaka_bangladesh
2022-04-05 08:00:00,0.004409392453955076,0,0.0,500.0,dhaka_bangladesh
2022-04-05 09:00:00,0.004229442754090298,0,0.0,500.0,dhaka_bangladesh
2022-04-05 10:00:00,0.004056836899170054,0,0.0,500.0,dhaka_bangladesh
2022-04-05 11:00:00,0.0038912751828952454,0,0.0,500.0,dhaka_bangladesh
2022-04-05 12:00:00,0.0037324701301435525,0,0.0,500.0,dhaka_bangladesh
2022-04-05 13:00:00,0.0035801459978084672,0,0.0,500.0,dhaka_bangladesh
2022-04-05 14:00:00,0.0034340382960093598,0,0.0,500.0,dhaka_bangladesh
2022-04-05 15:00:00,0.0032938933288412064,0,0.0,500.0,dhaka_bangladesh
2022-04-05 16:00:00,0.003159467753866608,0,0.0,500.0,dhaka_bangladesh
2022-04-05 17:00:00,0.0030305281595851418,0,0.0,500.0,dhaka_bangladesh
2022-04-05 18:00:00,0.002906850660146427,0,0.0,500.0,dhaka_bangladesh
2022-04-05 19:00:00,0.00278822050660319,0,0.0,500.0,dhaka_bangladesh
2022-04-05 20:00:00,0.002674431714029282,0,0.0,500.0,dhaka_bangladesh
2022-04-05 21:00:00,0.0025652867038552084,0,0.0,500.0,dhaka_bangladesh
2022-04-05 22:00:00,0.0024605959608001667,0,0.0,500.0,dhaka_bangladesh
2022-04-05 23:00:00,0.002360177703804852,0,0.0,500.0,dhaka_bangladesh
2022-04-06 00:00:00,0.0022638575703936674,0,0.0,500.0,dhaka_bangladesh
2022-04-06 01:00:00,0.0021714683139183134,0,0.0,500.0,dhaka_bangladesh
2022-04-06 02:00:00,0.002082849513157004,0,0.0,500.0,dhaka_bangladesh
2022-04-06 03:00:00,0.0019978472937650996,0,0.0,500.0,dhaka_bangladesh
2022-04-06 04:00:00,0.0019163140610935058,0,0.0,500.0,dhaka_bangladesh
2022-04-06 05:00:00,0.0018381082439108889,0,0.0,500.0,dhaka_bangladesh
2022-04-06 06:00:00,0.0017630940485847165,0,0.0,500.0,dhaka_bangladesh
2022-04-06 07:00:00,0.001691141223294326,0,0.0,500.0,dhaka_bangladesh
2022-04-06 08:00:00,0.0016221248318665695,0,0.0,500.0,dhaka_bangladesh
2022-04-06 09:00:00,0.0015559250368413463,0,0.0,500.0,dhaka_bangladesh
2022-04-06 10:00:00,0.0014924268913903663,0,0.0,500.0,dhaka_bangladesh
2022-04-06 11:00:00,0.001431520139727805,0,0.0,500.0,dhaka_bangladesh
2022-04-06 12:00:00,0.0013730990256663107,0,0.0,500.0,dhaka_bangladesh
2022-04-06 13:00:00,0.0013170621089859545,0,0.0,500.0,dhaka_bangladesh
2022-04-06 14:00:00,0.0012633120892972553,0,0.0,500.0,dhaka_bangladesh
2022-04-06 15:00:00,0.001211755637092445,0,0.0,500.0,dhaka_bangladesh
2022-04-06 16:00:00,0.0011623032316916398,0,0.0,500.0,dhaka_bangladesh
2022-04-06 17:00:00,0.0011148690058025016,0,0.0,500.0,dhaka_bangladesh
2022-04-06 18:00:00,0.001069370596423506,0,0.0,500.0,dhaka_bangladesh
2022-04-06 19:00:00,0.0010257290018319373,0,0.0,500.0,dhaka_bangladesh
2022-04-06 20:00:00,0.0009838684444082749,0,0.0,500.0,dhaka_bangladesh
2022-04-06 21:00:00,0.0009437162390587852,0,0.0,500.0,dhaka_bangladesh
2022-04-06 22:00:00,0.0009052026670078735,0,0.0,500.0,dhaka_bangladesh
2022-04-06 23:00:00,0.0008682608547410268,0,0.0,500.0,dhaka_bangladesh
2022-04-07 00:00:00,0.0008328266578881615,0,0.0,500.0,dhaka_bangladesh
2022-04-07 01:00:00,0.0007988385498457634,0,0.0,500.0,dhaka_bangladesh
2022-04-07 02:00:00,0.0007662375149444094,0,0.0,500.0,dhaka_bangladesh
2022-04-07 03:00:00,0.0007349669459761831,0,0.0,500.0,dhaka_bangladesh
2022-04-07 04:00:00,0.0007049725459040561,0,0.0,500.0,dhaka_bangladesh
2022-04-07 05:00:00,0.0006762022335825591,0,0.0,500.0,dhaka_bangladesh
2022-04-07 06:00:00,0.0006486060533260412,0,0.0,500.0,dhaka_bangladesh
2022-04-07 07:00:00,0.0006221360881675061,0,0.0,500.0,dhaka_bangladesh
2022-04-07 08:00:00,0.0005967463766573934,0,0.0,500.0,dhaka_bangladesh
2022-04-07 09:00:00,0.0005723928330578503,0,0.0,500.0,dhaka_bangladesh
2022-04-07 10:00:00,0.0005490331707939208,0,0.0,500.0,dhaka_bangladesh
2022-04-07 11:00:00,0.00052662682902873,0,0.0,500.0,dhaka_bangladesh
2022-04-07 12:00:00,0.0005051349022351742,0,0.0,500.0,dhaka_bangladesh
2022-04-07 13:00:00,0.00048452007264183423,0,0.0,500.0,dhaka_bangladesh
2022-04-07 14:00:00,0.0004647465454358015,0,0.0,500.0,dhaka_bangladesh
2022-04-07 15:00:00,0.0004457799866099137,0,0.0,500.0,dhaka_bangladesh
2022-04-07 16:00:00,0.00042758746334648184,0,0.0,500.0,dhaka_bangladesh
2022-04-07 17:00:00,0.0004101373868339857,0,0.0,500.0,dhaka_bangladesh
2022-04-07 18:00:00,0.00039339945741745125,0,0.0,500.0,dhaka_bangladesh
2022-04-07 19:00:00,0.0003773446119872745,0,0.0,500.0,dhaka_bangladesh
2022-04-07 20:00:00,0.00036194497351513244,0,0.0,500.0,dhaka_bangladesh
2022-04-07 21:00:00,0.0003471738026493612,0,0.0,500.0,dhaka_bangladesh
2022-04-07 22:00:00,0.00033300545128575577,0,0.0,500.0,dhaka_bangladesh
2022-04-07 23:00:00,0.0003194153180331678,0,0.0,500.0,dhaka_bangladesh
2022-04-08 00:00:00,0.00030637980549657684,0,0.0,500.0,dhaka_bangladesh
2022-04-08 01:00:00,0.00029387627930346484,0,0.0,500.0,dhaka_bangladesh
2022-04-08 02:00:00,0.0002818830288023438,0,0.0,500.0,dhaka_bangladesh
2022-04-08 03:00:00,0.00027037922936519986,0,0.0,500.0,dhaka_bangladesh
2022-04-08 04:00:00,0.00025934490622839344,0,0.0,500.0,dhaka_bangladesh
2022-04-08 05:00:00,0.0002487608998092327,0,0.0,500.0,dhaka_bangladesh
2022-04-08 06:00:00,0.00023860883243799878,0,0.0,500.0,dhaka_bangladesh
2022-04-08 07:00:00,0.00022887107644764952,0,0.0,500.0,dhaka_bangladesh
2022-04-08 08:00:00,0.00021953072356580475,0,0.0,500.0,dhaka_bangladesh
2022-04-08 09:00:00,0.00021057155555586065,0,0.0,500.0,dhaka_bangladesh
2022-04-08 10:00:00,0.00020197801605625283,0,0.0,500.0,dhaka_bangladesh
2022-04-08 11:00:00,0.00019373518356897773,0,0.0,500.0,dhaka_bangladesh
2022-04-08 12:00:00,0.0001858287455504671,0,0.0,500.0,dhaka_bangladesh
2022-04-08 13:00:00,0.00017824497355982478,0,0.0,500.0,dhaka_bangladesh
2022-04-08 14:00:00,0.00017097069942128082,0,0.0,500.0,dhaka_bangladesh
2022-04-08 15:00:00,0.0001639932923594681,0,0.0,500.0,dhaka_bangladesh
2022-04-08 16:00:00,0.00015730063706781848,0,0.0,500.0,dhaka_bangladesh
2022-04-08 17:00:00,0.0001508811126720022,0,0.0,500.0,dhaka_bangladesh
2022-04-08 18:00:00,0.0001447235725518806,0,0.0,500.0,dhaka_bangladesh
2022-04-08 19:00:00,0.0001388173249869334,0,0.0,500.0,dhaka_bangladesh
2022-04-08 20:00:00,0.00013315211459155932,0,0.0,500.0,dhaka_bangladesh
2022-04-08 21:00:00,0.0001277181045080116,0,0.0,500.0,dhaka_bangladesh
2022-04-08 22:00:00,0.00012250585932604787,0,0.0,500.0,dhaka_bangladesh
2022-04-08 23:00:00,0.0001175063286996402,0,0.0,500.0,dhaka_bangladesh
2022-04-09 00:00:00,0.00011271083163229589,0,0.0,500.0,dhaka_bangladesh
2022-04-09 01:00:00,0.00010811104140370143,0,0.0,500.0,dhaka_bangladesh
2022-04-09 02:00:00,0.00010369897111151981,0,0.0,500.0,dhaka_bangladesh
2022-04-09 03:00:00,9.946695980323496e-05,0,0.0,500.0,dhaka_bangladesh
2022-04-09 04:00:00,9.540765917396146e-05,0,0.0,500.0,dhaka_bangladesh
2022-04-09 05:00:00,9.151402080712568e-05,0,0.0,500.0,dhaka_bangladesh
2022-04-09 06:00:00,8.77792839358613e-05,0,0.0,500.0,dhaka_bangladesh
2022-04-09 07:00:00,8.419696370386776e-05,0,0.0,500.0,dhaka_bangladesh
2022-04-09 08:00:00,8.076083990535062e-05,0,0.0,500.0,dhaka_bangladesh
2022-04-09 09:00:00,7.746494618449134e-05,0,0.0,500.0,dhaka_bangladesh
2022-04-09 10:00:00,7.43035596756909e-05,0,0.0,500.0,dhaka_bangladesh
2022-04-09 11:00:00,7.127119106660232e-05,0,0.0,500.0,dhaka_bangladesh
2022-04-09 12:00:00,6.836257506669598e-05,0,0.0,500.0,dhaka_bangladesh
2022-04-09 13:00:00,6.557266126480686e-05,0,0.0,500.0,dhaka_bangladesh
2022-04-09 14:00:00,6.289660535979143e-05,0,0.0,500.0,dhaka_bangladesh
2022-04-09 15:00:00,6.032976074906608e-05,0,0.0,500.0,dhaka_bangladesh
2022-04-09 16:00:00,5.786767046042093e-05,0,0.0,500.0,dhaka_bangladesh
2022-04-09 17:00:00,5.550605941310159e-05,0,0.0,500.0,dhaka_bangladesh
2022-04-09 18:00:00,5.324082699472051e-05,0,0.0,500.0,dhaka_bangladesh
2022-04-09 19:00:00,5.106803994110756e-05,0,0.0,500.0,dhaka_bangladesh
2022-04-09 20:00:00,4.8983925506738686e-05,0,0.0,500.0,dhaka_bangladesh
2022-04-09 21:00:00,4.698486491388318e-05,0,0.0,500.0,dhaka_bangladesh
2022-04-09 22:00:00,4.506738706909382e-05,0,0.0,500.0,dhaka_bangladesh
2022-04-09 23:00:00,4.3228162536131445e-05,0,0.0,500.0,dhaka_bangladesh
2022-04-10 00:00:00,4.1463997754857534e-05,0,0.0,500.0,dhaka_bangladesh
2022-04-10 01:00:00,3.977182949605635e-05,0,0.0,500.0,dhaka_bangladesh
2022-04-10 02:00:00,3.8148719542559455e-05,0,0.0,500.0,dhaka_bangladesh
2022-04-10 03:00:00,3.659184958743639e-05,0,0.0,500.0,dhaka_bangladesh
2022-04-10 04:00:00,3.5098516340392373e-05,0,0.0,500.0,dhaka_bangladesh
2022-04-10 05:00:00,3.3666126833877134e-05,0,0.0,500.0,dhaka_bangladesh
2022-04-10 06:00:00,3.229219392075402e-05,0,0.0,500.0,dhaka_bangladesh
2022-04-10 07:00:00,3.097433195571107e-05,0,0.0,500.0,dhaka_bangladesh
2022-04-10 08:00:00,2.9710252652916704e-05,0,0.0,500.0,dhaka_bangladesh
2022-04-10 09:00:00,2.8497761112726523e-05,0,0.0,500.0,dhaka_bangladesh
2022-04-10 10:00:00,2.7334752010542077e-05,0,0.0,500.0,dhaka_bangladesh
2022-04-10 11:00:00,2.621920594120475e-05,0,0.0,500.0,dhaka_bangladesh
2022-04-10 12:00:00,2.514918591257689e-05,0,0.0,500.0,dhaka_bangladesh
2022-04-10 13:00:00,2.412283398222143e-05,0,0.0,500.0,dhaka_bangladesh
2022-04-10 14:00:00,2.3138368031340813e-05,0,0.0,500.0,dhaka_bangladesh
2022-04-10 15:00:00,2.219407867037325e-05,0,0.0,500.0,dhaka_bangladesh
2022-04-10 16:00:00,2.128832627087283e-05,0,0.0,500.0,dhaka_bangladesh
2022-04-10 17:00:00,2.041953811852069e-05,0,0.0,500.0,dhaka_bangladesh
2022-04-10 18:00:00,1.958620568232319e-05,0,0.0,500.0,dhaka_bangladesh
2022-04-10 19:00:00,1.878688199525551e-05,0,0.0,500.0,dhaka_bangladesh
2022-04-10 20:00:00,1.802017914180259e-05,0,0.0,500.0,dhaka_bangladesh
2022-04-10 21:00:00,1.728476584803502e-05,0,0.0,500.0,dhaka_bangladesh
2022-04-10 22:00:00,1.657936517003529e-05,0,0.0,500.0,dhaka_bangladesh
2022-04-10 23:00:00,1.5902752276660315e-05,0,0.0,500.0,dhaka_bangladesh
2022-04-11 00:00:00,1.5253752322790902e-05,0,0.0,500.0,dhaka_bangladesh
2022-04-11 01:00:00,1.4631238409375071e-05,0,0.0,500.0,dhaka_bangladesh
2022-04-11 02:00:00,1.403412962672285e-05,0,0.0,500.0,dhaka_bangladesh
2022-04-11 03:00:00,1.3461389177655546e-05,0,0.0,500.0,dhaka_bangladesh
2022-04-11 04:00:00,1.291202257725026e-05,0,0.0,500.0,dhaka_bangladesh
2022-04-11 05:00:00,1.2385075926053621e-05,0,0.0,500.0,dhaka_bangladesh
2022-04-11 06:00:00,1.1879634253766814e-05,0,0.0,500.0,dhaka_bangladesh
2022-04-11 07:00:00,1.1394819930525718e-05,0,0.0,500.0,dhaka_bangladesh
2022-04-11 08:00:00,1.092979114301736e-05,0,0.0,500.0,dhaka_bangladesh
2022-04-11 09:00:00,1.0483740432787077e-05,0,0.0,500.0,dhaka_bangladesh
2022-04-11 10:00:00,1.0055893294198162e-05,0,0.0,500.0,dhaka_bangladesh
2022-04-11 11:00:00,9.645506829609365e-06,0,0.0,500.0,dhaka_bangladesh
2022-04-11 12:00:00,9.25186845943548e-06,0,0.0,500.0,dhaka_bangladesh
2022-04-11 13:00:00,8.87429468485108e-06,0,0.0,500.0,dhaka_bangladesh
2022-04-11 14:00:00,8.512129900988823e-06,0,0.0,500.0,dhaka_bangladesh
2022-04-11 15:00:00,8.164745258571921e-06,0,0.0,500.0,dhaka_bangladesh
2022-04-11 16:00:00,7.831537572004016e-06,0,0.0,500.0,dhaka_bangladesh
2022-04-11 17:00:00,7.511928272020357e-06,0,0.0,500.0,dhaka_bangladesh
2022-04-11 18:00:00,7.2053624010819834e-06,0,0.0,500.0,dhaka_bangladesh
2022-04-11 19:00:00,6.911307649768429e-06,0,0.0,500.0,dhaka_bangladesh
2022-04-11 20:00:00,6.629253432495616e-06,0,0.0,500.0,dhaka_bangladesh
2022-04-11 21:00:00,6.358710000954354e-06,0,0.0,500.0,dhaka_bangladesh
2022-04-11 22:00:00,6.0992075937298585e-06,0,0.0,500.0,dhaka_bangladesh
2022-04-11 23:00:00,5.850295620625679e-06,0,0.0,500.0,dhaka_bangladesh
2022-04-12 00:00:00,5.611541880275907e-06,0,0.0,500.0,dhaka_bangladesh
2022-04-12 01:00:00,5.382531809687043e-06,0,0.0,500.0,dhaka_bangladesh
2022-04-12 02:00:00,5.162867764406385e-06,0,0.0,500.0,dhaka_bangladesh
2022-04-12 03:00:00,4.952168328067225e-06,0,0.0,500.0,dhaka_bangladesh
2022-04-12 04:00:00,4.750067650111873e-06,0,0.0,500.0,dhaka_bangladesh
2022-04-12 05:00:00,4.55621481054249e-06,0,0.0,500.0,dhaka_bangladesh
2022-04-12 06:00:00,4.37027321059686e-06,0,0.0,500.0,dhaka_bangladesh
2022-04-12 07:00:00,4.191919988291015e-06,0,0.0,500.0,dhaka_bangladesh
2022-04-12 08:00:00,4.020845457813806e-06,0,0.0,500.0,dhaka_bangladesh
2022-04-12 09:00:00,3.856752571800163e-06,0,0.0,500.0,dhaka_bangladesh
2022-04-12 10:00:00,3.699356405549274e-06,0,0.0,500.0,dhaka_bangladesh
2022-04-12 11:00:00,3.548383662292023e-06,0,0.0,500.0,dhaka_bangladesh
2022-04-12 12:00:00,3.4035721986488176e-06,0,0.0,500.0,dhaka_bangladesh
2022-04-12 13:00:00,3.2646705694537167e-06,0,0.0,500.0,dhaka_bangladesh
2022-04-12 14:00:00,3.1314375911544936e-06,0,0.0,500.0,dhaka_bangladesh
2022-04-12 15:00:00,3.0036419230306224e-06,0,0.0,500.0,dhaka_bangladesh
2022-04-12 16:00:00,2.881061665501993e-06,0,0.0,500.0,dhaka_bangladesh
2022-04-12 17:00:00,2.763483974830807e-06,0,0.0,500.0,dhaka_bangladesh
2022-04-12 18:00:00,2.6507046935477625e-06,0,0.0,500.0,dhaka_bangladesh
2022-04-12 19:00:00,2.5425279959607236e-06,0,0.0,500.0,dhaka_bangladesh
2022-04-12 20:00:00,2.4387660481303536e-06,0,0.0,500.0,dhaka_bangladesh
2022-04-12 21:00:00,2.3392386817223493e-06,0,0.0,500.0,dhaka_bangladesh
2022-04-12 22:00:00,2.2437730811699573e-06,0,0.0,500.0,dhaka_bangladesh
2022-04-12 23:00:00,2.152203483603511e-06,0,0.0,500.0,dhaka_bangladesh
2022-04-13 00:00:00,2.064370891026045e-06,0,0.0,500.0,dhaka_bangladesh
2022-04-13 01:00:00,1.9801227942351814e-06,0,0.0,500.0,dhaka_bangladesh
2022-04-13 02:00:00,1.8993129080118745e-06,0,0.0,500.0,dhaka_bangladesh
2022-04-13 03:00:00,1.8218009171162863e-06,0,0.0,500.0,dhaka_bangladesh
2022-04-13 04:00:00,1.747452232649702e-06,0,0.0,500.0,dhaka_bangladesh
2022-04-13 05:00:00,1.67613775835942e-06,0,0.0,500.0,dhaka_bangladesh
2022-04-13 06:00:00,1.6077336664808981e-06,0,0.0,500.0,dhaka_bangladesh
2022-04-13 07:00:00,1.5421211827278978e-06,0,0.0,500.0,dhaka_bangladesh
2022-04-13 08:00:00,1.4791863800572752e-06,0,0.0,500.0,dhaka_bangladesh
2022-04-13 09:00:00,1.4188199808503674e-06,0,0.0,500.0,dhaka_bangladesh
2022-04-13 10:00:00,1.3609171671674625e-06,0,0.0,500.0,dhaka_bangladesh
2022-04-13 11:00:00,1.3053773987458654e-06,0,0.0,500.0,dhaka_bangladesh
2022-04-13 12:00:00,1.2521042384255843e-06,0,0.0,500.0,dhaka_bangladesh
2022-04-13 13:00:00,1.2010051846994876e-06,0,0.0,500.0,dhaka_bangladesh
2022-04-13 14:00:00,1.1519915110971625e-06,0,0.0,500.0,dhaka_bangladesh
2022-04-13 15:00:00,1.1049781121236217e-06,0,0.0,500.0,dhaka_bangladesh
2022-04-13 16:00:00,1.0598833554853377e-06,0,0.0,500.0,dhaka_bangladesh
2022-04-13 17:00:00,1.0166289403469935e-06,0,0.0,500.0,dhaka_bangladesh
2022-04-13 18:00:00,9.751397613728697e-07,0,0.0,500.0,dhaka_bangladesh
2022-04-13 19:00:00,9.353437783167784e-07,0,0.0,500.0,dhaka_bangladesh
2022-04-13 20:00:00,8.971718909340812e-07,0,0.0,500.0,dhaka_bangladesh
2022-04-13 21:00:00,8.605578189986392e-07,0,0.0,500.0,dhaka_bangladesh
2022-04-13 22:00:00,8.254379872163293e-07,0,0.0,500.0,dhaka_bangladesh
2022-04-13 23:00:00,7.917514148352912e-07,0,0.0,500.0,dhaka_bangladesh
2022-04-14 00:00:00,7.59439609761254e-07,0,0.0,500.0,dhaka_bangladesh
2022-04-14 01:00:00,7.284464669940735e-07,0,0.0,500.0,dhaka_bangladesh
2022-04-14 02:00:00,6.987181712091154e-07,0,0.0,500.0,dhaka_bangladesh
2022-04-14 03:00:00,6.702031033143604e-07,0,0.0,500.0,dhaka_bangladesh
2022-04-14 04:00:00,6.428517508209615e-07,0,0.0,500.0,dhaka_bangladesh
2022-04-14 05:00:00,6.166166218716173e-07,0,0.0,500.0,dhaka_bangladesh
2022-04-14 06:00:00,5.914521627775068e-07,0,0.0,500.0,dhaka_bangladesh
2022-04-14 07:00:00,5.673146789205827e-07,0,0.0,500.0,dhaka_bangladesh
2022-04-14 08:00:00,5.441622588838791e-07,0,0.0,500.0,dhaka_bangladesh
2022-04-14 09:00:00,5.219547016781096e-07,0,0.0,500.0,dhaka_bangladesh
2022-04-14 10:00:00,5.006534469381885e-07,0,0.0,500.0,dhaka_bangladesh
2022-04-14 11:00:00,4.802215079684599e-07,0,0.0,500.0,dhaka_bangladesh
2022-04-14 12:00:00,4.6062340752039833e-07,0,0.0,500.0,dhaka_bangladesh
2022-04-14 13:00:00,4.418251161912524e-07,0,0.0,500.0,dhaka_bangladesh
2022-04-14 14:00:00,4.237939933366695e-07,0,0.0,500.0,dhaka_bangladesh
2022-04-14 15:00:00,4.064987303947134e-07,0,0.0,500.0,dhaka_bangladesh
2022-04-14 16:00:00,3.899092965228592e-07,0,0.0,500.0,dhaka_bangladesh
2022-04-14 17:00:00,3.7399688645356753e-07,0,0.0,500.0,dhaka_bangladesh
2022-04-14 18:00:00,3.5873387047790503e-07,0,0.0,500.0,dhaka_bangladesh
2022-04-14 19:00:00,3.4409374647036183e-07,0,0.0,500.0,dhaka_bangladesh
2022-04-14 20:00:00,3.30051093871556e-07,0,0.0,500.0,dhaka_bangladesh
2022-04-14 21:00:00,3.165815295489346e-07,0,0.0,500.0,dhaka_bangladesh
2022-04-14 22:00:00,3.0366166545882336e-07,0,0.0,500.0,dhaka_bangladesh
2022-04-14 23:00:00,2.9126906803630573e-07,0,0.0,500.0,dhaka_bangladesh
2022-04-15 00:00:00,2.793822192424283e-07,0,0.0,500.0,dhaka_bangladesh
2022-04-15 01:00:00,2.6798047920109127e-07,0,0.0,500.0,dhaka_bangladesh
2022-04-15 02:00:00,2.570440503607416e-07,0,0.0,500.0,dhaka_bangladesh
2022-04-15 03:00:00,2.4655394311865333e-07,0,0.0,500.0,dhaka_bangladesh
2022-04-15 04:00:00,2.3649194284809862e-07,0,0.0,500.0,dhaka_bangladesh
2022-04-15 05:00:00,2.2684057827115318e-07,0,0.0,500.0,dhaka_bangladesh
2022-04-15 06:00:00,2.1758309112223015e-07,0,0.0,500.0,dhaka_bangladesh
2022-04-15 07:00:00,2.0870340704966017e-07,0,0.0,500.0,dhaka_bangladesh
2022-04-15 08:00:00,2.0018610770479116e-07,0,0.0,500.0,dhaka_bangladesh
2022-04-15 09:00:00,1.9201640397014984e-07,0,0.0,500.0,dhaka_bangladesh
2022-04-15 10:00:00,1.8418011028017714e-07,0,0.0,500.0,dhaka_bangladesh
2022-04-15 11:00:00,1.766636199899444e-07,0,0.0,500.0,dhaka_bangladesh
2022-04-15 12:00:00,1.6945388174908968e-07,0,0.0,500.0,dhaka_bangladesh
2022-04-15 13:00:00,1.625383768399455e-07,0,0.0,500.0,dhaka_bangladesh
2022-04-15 14:00:00,1.5590509744050795e-07,0,0.0,500.0,dhaka_bangladesh
2022-04-15 15:00:00,1.4954252577450792e-07,0,0.0,500.0,dhaka_bangladesh
2022-04-15 16:00:00,1.4343961411237967e-07,0,0.0,500.0,dhaka_bangladesh
2022-04-15 17:00:00,1.375857655883978e-07,0,0.0,500.0,dhaka_bangladesh
2022-04-15 18:00:00,1.3197081580068026e-07,0,0.0,500.0,dhaka_bangladesh
2022-04-15 19:00:00,1.2658501516210466e-07,0,0.0,500.0,dhaka_bangladesh
2022-04-15 20:00:00,1.2141901197149128e-07,0,0.0,500.0,dhaka_bangladesh
2022-04-15 21:00:00,1.1646383617566254e-07,0,0.0,500.0,dhaka_bangladesh
2022-04-15 22:00:00,1.1171088379418143e-07,0,0.0,500.0,dhaka_bangladesh
2022-04-15 23:00:00,1.0715190197972295e-07,0,0.0,500.0,dhaka_bangladesh
2022-04-16 00:00:00,1.0277897468814192e-07,0,0.0,500.0,dhaka_bangladesh
2022-04-16 01:00:00,9.858450893335276e-08,0,0.0,500.0,dhaka_bangladesh
2022-04-16 02:00:00,9.45612216031535e-08,0,0.0,500.0,dhaka_bangladesh
2022-04-16 03:00:00,9.070212681310595e-08,0,0.0,500.0,dhaka_bangladesh
2022-04-16 04:00:00,8.700052377650719e-08,0,0.0,500.0,dhaka_bangladesh
2022-04-16 05:00:00,8.34499851693985e-08,0,0.0,500.0,dhaka_bangladesh
2022-04-16 06:00:00,8.004434597040118e-08,0,0.0,500.0,dhaka_bangladesh
2022-04-16 07:00:00,7.677769275600504e-08,0,0.0,500.0,dhaka_bangladesh
2022-04-16 08:00:00,7.364435343272461e-08,0,0.0,500.0,dhaka_bangladesh
2022-04-16 09:00:00,7.063888738828877e-08,0,0.0,500.0,dhaka_bangladesh
2022-04-16 10:00:00,6.775607604476618e-08,0,0.0,500.0,dhaka_bangladesh
2022-04-16 11:00:00,6.499091379722468e-08,0,0.0,500.0,dhaka_bangladesh
2022-04-16 12:00:00,6.233859932218689e-08,0,0.0,500.0,dhaka_bangladesh
2022-04-16 13:00:00,5.979452724079245e-08,0,0.0,500.0,dhaka_bangladesh
2022-04-16 14:00:00,5.7354280122193226e-08,0,0.0,500.0,dhaka_bangladesh
2022-04-16 15:00:00,5.501362081329209e-08,0,0.0,500.0,dhaka_bangladesh
2022-04-16 16:00:00,5.2768485081509556e-08,0,0.0,500.0,dhaka_bangladesh
2022-04-16 17:00:00,5.061497455780475e-08,0,0.0,500.0,dhaka_bangladesh
2022-04-16 18:00:00,4.854934996769369e-08,0,0.0,500.0,dhaka_bangladesh
2022-04-16 19:00:00,4.6568024638513624e-08,0,0.0,500.0,dhaka_bangladesh
2022-04-16 20:00:00,4.4667558271660795e-08,0,0.0,500.0,dhaka_bangladesh
2022-04-16 21:00:00,4.284465096898521e-08,0,0.0,500.0,dhaka_bangladesh
2022-04-16 22:00:00,4.1096137502971394e-08,0,0.0,500.0,dhaka_bangladesh
2022-04-16 23:00:00,3.941898182075757e-08,0,0.0,500.0,dhaka_bangladesh
2022-04-17 00:00:00,0.13250427728286907,1,4.1,483.74455727037406,dhaka_bangladesh
2022-04-17 01:00:00,0.1270967057915939,1,4.1,483.74455727037406,dhaka_bangladesh
2022-04-17 02:00:00,0.12190982022859881,1,4.1,483.74455727037406,dhaka_bangladesh
2022-04-17 03:00:00,0.1169346142813423,1,4.1,483.74455727037406,dhaka_bangladesh
2022-04-17 04:00:00,0.11216244918978721,1,4.1,483.74455727037406,dhaka_bangladesh
2022-04-17 05:00:00,0.10758503874638328,1,4.1,483.74455727037406,dhaka_bangladesh
2022-04-17 06:00:00,0.10319443490820897,1,4.1,483.74455727037406,dhaka_bangladesh
2022-04-17 07:00:00,0.09898301399628927,1,4.1,483.74455727037406,dhaka_bangladesh
2022-04-17 08:00:00,0.09494346345812694,1,4.1,483.74455727037406,dhaka_bangladesh
2022-04-17 09:00:00,0.09106876917046207,1,4.1,483.74455727037406,dhaka_bangladesh
2022-04-17 10:00:00,0.08735220326021294,1,4.1,483.74455727037406,dhaka_bangladesh
2022-04-17 11:00:00,0.08378731242245072,1,4.1,483.74455727037406,dhaka_bangladesh
2022-04-17 12:00:00,0.08036790671512427,1,4.1,483.74455727037406,dhaka_bangladesh
2022-04-17 13:00:00,0.0770880488110779,1,4.1,483.74455727037406,dhaka_bangladesh
2022-04-17 14:00:00,0.07394204368870055,1,4.1,483.74455727037406,dhaka_bangladesh
2022-04-17 15:00:00,0.07092442874330487,1,4.1,483.74455727037406,dhaka_bangladesh
2022-04-17 16:00:00,0.06802996430206638,1,4.1,483.74455727037406,dhaka_bangladesh
2022-04-17 17:00:00,0.06525362452605309,1,4.1,483.74455727037406,dhaka_bangladesh
2022-04-17 18:00:00,0.06259058868354839,1,4.1,483.74455727037406,dhaka_bangladesh
2022-04-17 19:00:00,0.06003623277951416,1,4.1,483.74455727037406,dhaka_bangladesh
2022-04-17 20:00:00,0.057586121526660025,1,4.1,483.74455727037406,dhaka_bangladesh
2022-04-17 21:00:00,0.0552360006441779,1,4.1,483.74455727037406,dhaka_bangladesh
2022-04-17 22:00:00,0.052981789470769,1,4.1,483.74455727037406,dhaka_bangladesh
2022-04-17 23:00:00,0.050819573879137575,1,4.1,483.74455727037406,dhaka_bangladesh
2022-04-18 00:00:00,0.04874559947964771,0,0.0,500.0,dhaka_bangladesh
2022-04-18 01:00:00,0.04675626510134277,0,0.0,500.0,dhaka_bangladesh
2022-04-18 02:00:00,0.044848116539007915,0,0.0,500.0,dhaka_bangladesh
2022-04-18 03:00:00,0.5223771415921702,1,4.1,441.4549342433471,dhaka_bangladesh
2022-04-18 04:00:00,0.5010586468500172,1,4.1,441.4549342433471,dhaka_bangladesh
2022-04-18 05:00:00,0.4806101714519073,1,4.1,441.4549342433471,dhaka_bangladesh
2022-04-18 06:00:00,0.4609962094360848,1,4.1,441.4549342433471,dhaka_bangladesh
2022-04-18 07:00:00,0.44218270385836866,1,4.1,441.4549342433471,dhaka_bangladesh
2022-04-18 08:00:00,0.4241369876569595,1,4.1,441.4549342433471,dhaka_bangladesh
2022-04-18 09:00:00,0.4068277269305842,1,4.1,441.4549342433471,dhaka_bangladesh
2022-04-18 10:00:00,0.39022486653149185,1,4.1,441.4549342433471,dhaka_bangladesh
2022-04-18 11:00:00,0.3742995778788275,1,4.1,441.4549342433471,dhaka_bangladesh
2022-04-18 12:00:00,0.3590242089017721,1,4.1,441.4549342433471,dhaka_bangladesh
2022-04-18 13:00:00,0.3443722360255287,1,4.1,441.4549342433471,dhaka_bangladesh
2022-04-18 14:00:00,0.3303182181167869,1,4.1,441.4549342433471,dhaka_bangladesh
2022-04-18 15:00:00,0.3168377523086987,1,4.1,441.4549342433471,dhaka_bangladesh
2022-04-18 16:00:00,0.3039074316286603,1,4.1,441.4549342433471,dhaka_bangladesh
2022-04-18 17:00:00,0.29150480435532716,1,4.1,441.4549342433471,dhaka_bangladesh
2022-04-18 18:00:00,0.27960833503429183,1,4.1,441.4549342433471,dhaka_bangladesh
2022-04-18 19:00:00,0.2681973670847324,1,4.1,441.4549342433471,dhaka_bangladesh
2022-04-18 20:00:00,0.2572520869321047,1,4.1,441.4549342433471,dhaka_bangladesh
2022-04-18 21:00:00,0.2467534896045983,1,4.1,441.4549342433471,dhaka_bangladesh
2022-04-18 22:00:00,0.2366833457336201,1,4.1,441.4549342433471,dhaka_bangladesh
2022-04-18 23:00:00,0.22702416990100552,1,4.1,441.4549342433471,dhaka_bangladesh
2022-04-19 00:00:00,0.2177591902779982,1,4.1,441.4549342433471,dhaka_bangladesh
2022-04-19 01:00:00,0.20887231950327861,1,4.1,441.4549342433471,dhaka_bangladesh
2022-04-19 02:00:00,0.20034812674947627,1,4.1,441.4549342433471,dhaka_bangladesh
2022-04-19 03:00:00,0.19217181092966296,0,0.0,500.0,dhaka_bangladesh
2022-04-19 04:00:00,0.18432917499730336,0,0.0,500.0,dhaka_bangladesh
2022-04-19 05:00:00,0.17680660129503872,0,0.0,500.0,dhaka_bangladesh
2022-04-19 06:00:00,0.1695910279095001,0,0.0,500.0,dhaka_bangladesh
2022-04-19 07:00:00,0.16266992599109406,0,0.0,500.0,dhaka_bangladesh
2022-04-19 08:00:00,0.15603127799938118,0,0.0,500.0,dhaka_bangladesh
2022-04-19 09:00:00,0.14966355683627153,0,0.0,500.0,dhaka_bangladesh
2022-04-19 10:00:00,0.14355570583080587,0,0.0,500.0,dhaka_bangladesh
2022-04-19 11:00:00,0.13769711954076985,0,0.0,500.0,dhaka_bangladesh
2022-04-19 12:00:00,0.13207762533780315,0,0.0,500.0,dhaka_bangladesh
2022-04-19 13:00:00,0.12668746574403156,0,0.0,500.0,dhaka_bangladesh
2022-04-19 14:00:00,0.12151728148955016,0,0.0,500.0,dhaka_bangladesh
2022-04-19 15:00:00,0.11655809526133994,0,0.0,500.0,dhaka_bangladesh
2022-04-19 16:00:00,0.11180129611539986,0,0.0,500.0,dhaka_bangladesh
2022-04-19 17:00:00,0.1072386245250284,0,0.0,500.0,dhaka_bangladesh
2022-04-19 18:00:00,0.10286215803929273,0,0.0,500.0,dhaka_bangladesh
2022-04-19 19:00:00,0.09866429752678356,0,0.0,500.0,dhaka_bangladesh
2022-04-19 20:00:00,0.09463775398077,0,0.0,500.0,dhaka_bangladesh
2022-04-19 21:00:00,0.09077553586284295,0,0.0,500.0,dhaka_bangladesh
2022-04-19 22:00:00,0.08707093696307144,0,0.0,500.0,dhaka_bangladesh
2022-04-19 23:00:00,0.08351752475559249,0,0.0,500.0,dhaka_bangladesh
2022-04-20 00:00:00,0.08010912922941577,0,0.0,500.0,dhaka_bangladesh
2022-04-20 01:00:00,0.07683983217504908,0,0.0,500.0,dhaka_bangladesh
2022-04-20 02:00:00,0.07370395690834264,0,0.0,500.0,dhaka_bangladesh
2022-04-20 03:00:00,0.07069605841370849,0,0.0,500.0,dhaka_bangladesh
2022-04-20 04:00:00,0.06781091388960098,0,0.0,500.0,dhaka_bangladesh
2022-04-20 05:00:00,0.06504351367984088,0,0.0,500.0,dhaka_bangladesh
2022-04-20 06:00:00,0.062389052575037365,0,0.0,500.0,dhaka_bangladesh
2022-04-20 07:00:00,0.05984292146900357,0,0.0,500.0,dhaka_bangladesh
2022-04-20 08:00:00,0.05740069935567834,0,0.0,500.0,dhaka_bangladesh
2022-04-20 09:00:00,0.05505814565265793,0,0.0,500.0,dhaka_bangladesh
2022-04-20 10:00:00,0.05281119283800883,0,0.0,500.0,dhaka_bangladesh
2022-04-20 11:00:00,0.050655939387575705,0,0.0,500.0,dhaka_bangladesh
2022-04-20 12:00:00,0.04858864300052214,0,0.0,500.0,dhaka_bangladesh
2022-04-20 13:00:00,0.046605714101340574,0,0.0,500.0,dhaka_bangladesh
2022-04-20 14:00:00,0.04470370960704857,0,0.0,500.0,dhaka_bangladesh
2022-04-20 15:00:00,0.04287932694874947,0,0.0,500.0,dhaka_bangladesh
2022-04-20 16:00:00,0.04112939833717625,0,0.0,500.0,dhaka_bangladesh
2022-04-20 17:00:00,0.039450885262261585,0,0.0,500.0,dhaka_bangladesh
2022-04-20 18:00:00,0.03784087321718358,0,0.0,500.0,dhaka_bangladesh
2022-04-20 19:00:00,0.03629656663772604,0,0.0,500.0,dhaka_bangladesh
2022-04-20 20:00:00,0.0348152840481661,0,0.0,500.0,dhaka_bangladesh
2022-04-20 21:00:00,0.033394453405260885,0,0.0,500.0,dhaka_bangladesh
2022-04-20 22:00:00,0.032031607632248583,0,0.0,500.0,dhaka_bangladesh
2022-04-20 23:00:00,0.03072438033510945,0,0.0,500.0,dhaka_bangladesh
2022-04-21 00:00:00,0.029470501693648322,0,0.0,500.0,dhaka_bangladesh
2022-04-21 01:00:00,0.028267794520264462,0,0.0,500.0,dhaka_bangladesh
2022-04-21 02:00:00,0.027114170479565148,0,0.0,500.0,dhaka_bangladesh
2022-04-21 03:00:00,0.026007626462258713,0,0.0,500.0,dhaka_bangladesh
2022-04-21 04:00:00,0.024946241107031187,0,0.0,500.0,dhaka_bangladesh
2022-04-21 05:00:00,0.02392817146436692,0,0.0,500.0,dhaka_bangladesh
2022-04-21 06:00:00,0.022951649796520476,0,0.0,500.0,dhaka_bangladesh
2022-04-21 07:00:00,0.022014980508083534,0,0.0,500.0,dhaka_bangladesh
2022-04-21 08:00:00,0.021116537201816905,0,0.0,500.0,dhaka_bangladesh
2022-04-21 09:00:00,0.02025475985463568,0,0.0,500.0,dhaka_bangladesh
2022-04-21 10:00:00,0.019428152108843962,0,0.0,500.0,dhaka_bangladesh
2022-04-21 11:00:00,0.0186352786739158,0,0.0,500.0,dhaka_bangladesh
2022-04-21 12:00:00,0.017874762834310793,0,0.0,500.0,dhaka_bangladesh
2022-04-21 13:00:00,0.017145284058997172,0,0.0,500.0,dhaka_bangladesh
2022-04-21 14:00:00,0.016445575708531456,0,0.0,500.0,dhaka_bangladesh
2022-04-21 15:00:00,0.015774422835713522,0,0.0,500.0,dhaka_bangladesh
2022-04-21 16:00:00,0.015130660075998042,0,0.0,500.0,dhaka_bangladesh
2022-04-21 17:00:00,0.014513169623999476,0,0.0,500.0,dhaka_bangladesh
2022-04-21 18:00:00,0.013920879292576894,0,0.0,500.0,dhaka_bangladesh
2022-04-21 19:00:00,0.013352760651128672,0,0.0,500.0,dhaka_bangladesh
2022-04-21 20:00:00,0.012807827239864376,0,0.0,500.0,dhaka_bangladesh
2022-04-21 21:00:00,0.012285132856953143,0,0.0,500.0,dhaka_bangladesh
2022-04-21 22:00:00,0.011783769915574517,0,0.0,500.0,dhaka_bangladesh
2022-04-21 23:00:00,0.011302867868018918,0,0.0,500.0,dhaka_bangladesh
2022-04-22 00:00:00,0.01084159169410139,0,0.0,500.0,dhaka_bangladesh
2022-04-22 01:00:00,0.01039914045126405,0,0.0,500.0,dhaka_bangladesh
2022-04-22 02:00:00,0.009974745883849645,0,0.0,500.0,dhaka_bangladesh
2022-04-22 03:00:00,0.00956767108913135,0,0.0,500.0,dhaka_bangladesh
2022-04-22 04:00:00,0.0091772092377827,0,0.0,500.0,dhaka_bangladesh
2022-04-22 05:00:00,0.008802682346565754,0,0.0,500.0,dhaka_bangladesh
2022-04-22 06:00:00,0.008443440101106597,0,0.0,500.0,dhaka_bangladesh
2022-04-22 07:00:00,0.008098858726713969,0,0.0,500.0,dhaka_bangladesh
2022-04-22 08:00:00,0.007768339905280375,0,0.0,500.0,dhaka_bangladesh
2022-04-22 09:00:00,0.007451309736385135,0,0.0,500.0,dhaka_bangladesh
2022-04-22 10:00:00,0.007147217740795299,0,0.0,500.0,dhaka_bangladesh
2022-04-22 11:00:00,0.006855535904634241,0,0.0,500.0,dhaka_bangladesh
2022-04-22 12:00:00,0.00657575776255832,0,0.0,500.0,dhaka_bangladesh
2022-04-22 13:00:00,0.006307397518349521,0,0.0,500.0,dhaka_bangladesh
2022-04-22 14:00:00,0.0060499892013972,0,0.0,500.0,dhaka_bangladesh
2022-04-22 15:00:00,0.005803085857604326,0,0.0,500.0,dhaka_bangladesh
2022-04-22 16:00:00,0.005566258773313215,0,0.0,500.0,dhaka_bangladesh
2022-04-22 17:00:00,0.0053390967309032795,0,0.0,500.0,dhaka_bangladesh
2022-04-22 18:00:00,0.005121205294768289,0,0.0,500.0,dhaka_bangladesh
2022-04-22 19:00:00,0.00491220612643324,0,0.0,500.0,dhaka_bangladesh
2022-04-22 20:00:00,0.004711736327621683,0,0.0,500.0,dhaka_bangladesh
2022-04-22 21:00:00,0.004519447810132844,0,0.0,500.0,dhaka_bangladesh
2022-04-22 22:00:00,0.0043350066914344095,0,0.0,500.0,dhaka_bangladesh
2022-04-22 23:00:00,0.0041580927149214506,0,0.0,500.0,dhaka_bangladesh
2022-04-23 00:00:00,0.003988398693834968,0,0.0,500.0,dhaka_bangladesh
2022-04-23 01:00:00,0.003825629977874361,0,0.0,500.0,dhaka_bangladesh
2022-04-23 02:00:00,0.0036695039415777517,0,0.0,500.0,dhaka_bangladesh
2022-04-23 03:00:00,0.0035197494935818047,0,0.0,500.0,dhaka_bangladesh
2022-04-23 04:00:00,0.003376106605908898,0,0.0,500.0,dhaka_bangladesh
2022-04-23 05:00:00,0.0032383258624643302,0,0.0,500.0,dhaka_bangladesh
2022-04-23 06:00:00,0.003106168025959642,0,0.0,500.0,dhaka_bangladesh
2022-04-23 07:00:00,0.002979403622509994,0,0.0,500.0,dhaka_bangladesh
2022-04-23 08:00:00,0.00285781254318436,0,0.0,500.0,dhaka_bangladesh
2022-04-23 09:00:00,0.0027411836618166908,0,0.0,500.0,dhaka_bangladesh
2022-04-23 10:00:00,0.0026293144684143926,0,0.0,500.0,dhaka_bangladesh
2022-04-23 11:00:00,0.0025220107175276023,0,0.0,500.0,dhaka_bangladesh
2022-04-23 12:00:00,0.002419086090968729,0,0.0,500.0,dhaka_bangladesh
2022-04-23 13:00:00,0.0023203618742965635,0,0.0,500.0,dhaka_bangladesh
2022-04-23 14:00:00,0.0022256666465032622,0,0.0,500.0,dhaka_bangladesh
2022-04-23 15:00:00,0.0021348359823653794,0,0.0,500.0,dhaka_bangladesh
2022-04-23 16:00:00,0.002047712166942103,0,0.0,500.0,dhaka_bangladesh
2022-04-23 17:00:00,0.0019641439217249726,0,0.0,500.0,dhaka_bangladesh
2022-04-23 18:00:00,0.0018839861419635898,0,0.0,500.0,dhaka_bangladesh
2022-04-23 19:00:00,0.0018070996447111963,0,0.0,500.0,dhaka_bangladesh
2022-04-23 20:00:00,0.0017333509271526483,0,0.0,500.0,dhaka_bangladesh
2022-04-23 21:00:00,0.0016626119347951697,0,0.0,500.0,dhaka_bangladesh
2022-04-23 22:00:00,0.0015947598391193537,0,0.0,500.0,dhaka_bangladesh
2022-04-23 23:00:00,0.001529676824304349,0,0.0,500.0,dhaka_bangladesh
2022-04-24 00:00:00,0.0014672498826569186,0,0.0,500.0,dhaka_bangladesh
2022-04-24 01:00:00,0.0014073706183891374,0,0.0,500.0,dhaka_bangladesh
2022-04-24 02:00:00,0.0013499350594040284,0,0.0,500.0,dhaka_bangladesh
2022-04-24 03:00:00,0.0012948434767623416,0,0.0,500.0,dhaka_bangladesh
2022-04-24 04:00:00,0.0012420002115169802,0,0.0,500.0,dhaka_bangladesh
2022-04-24 05:00:00,0.001191313508614407,0,0.0,500.0,dhaka_bangladesh
2022-04-24 06:00:00,0.0011426953575746353,0,0.0,500.0,dhaka_bangladesh
2022-04-24 07:00:00,0.0010960613396731474,0,0.0,500.0,dhaka_bangladesh
2022-04-24 08:00:00,0.0010513304813594007,0,0.0,500.0,dhaka_bangladesh
2022-04-24 09:00:00,0.001008425113657412,0,0.0,500.0,dhaka_bangladesh
2022-04-24 10:00:00,0.0009672707373042746,0,0.0,500.0,dhaka_bangladesh
2022-04-24 11:00:00,0.0009277958933924427,0,0.0,500.0,dhaka_bangladesh
2022-04-24 12:00:00,0.0008899320392911847,0,0.0,500.0,dhaka_bangladesh
2022-04-24 13:00:00,0.0008536134296317404,0,0.0,500.0,dhaka_bangladesh
2022-04-24 14:00:00,0.0008187770021495382,0,0.0,500.0,dhaka_bangladesh
2022-04-24 15:00:00,0.0007853622681852629,0,0.0,500.0,dhaka_bangladesh
2022-04-24 16:00:00,0.0007533112076546243,0,0.0,500.0,dhaka_bangladesh
2022-04-24 17:00:00,0.0007225681683044683,0,0.0,500.0,dhaka_bangladesh
2022-04-24 18:00:00,0.0006930797690803069,0,0.0,500.0,dhaka_bangladesh
2022-04-24 19:00:00,0.0006647948074374668,0,0.0,500.0,dhaka_bangladesh
2022-04-24 20:00:00,0.0006376641704349176,0,0.0,500.0,dhaka_bangladesh
2022-04-24 21:00:00,0.0006116407494574176,0,0.0,500.0,dhaka_bangladesh
2022-04-24 22:00:00,0.0005866793584178872,0,0.0,500.0,dhaka_bangladesh
2022-04-24 23:00:00,0.0005627366552979904,0,0.0,500.0,dhaka_bangladesh
2022-04-25 00:00:00,0.0005397710668906915,0,0.0,500.0,dhaka_bangladesh
2022-04-25 01:00:00,0.000517742716614103,0,0.0,500.0,dhaka_bangladesh
2022-04-25 02:00:00,0.0004966133552712917,0,0.0,500.0,dhaka_bangladesh
2022-04-25 03:00:00,0.00047634629463581775,0,0.0,500.0,dhaka_bangladesh
2022-04-25 04:00:00,0.0004569063437476798,0,0.0,500.0,dhaka_bangladesh
2022-04-25 05:00:00,0.0004382597478090582,0,0.0,500.0,dhaka_bangladesh
2022-04-25 06:00:00,0.0004203741295737582,0,0.0,500.0,dhaka_bangladesh
2022-04-25 07:00:00,0.0004032184331285798,0,0.0,500.0,dhaka_bangladesh
2022-04-25 08:00:00,0.0003867628699689998,0,0.0,500.0,dhaka_bangladesh
2022-04-25 09:00:00,0.000370978867275537,0,0.0,500.0,dhaka_bangladesh
2022-04-25 10:00:00,0.00035583901830098556,0,0.0,500.0,dhaka_bangladesh
2022-04-25 11:00:00,0.0003413170347823709,0,0.0,500.0,dhaka_bangladesh
2022-04-25 12:00:00,0.00032738770129500314,0,0.0,500.0,dhaka_bangladesh
2022-04-25 13:00:00,0.00031402683146936283,0,0.0,500.0,dhaka_bangladesh
2022-04-25 14:00:00,0.00030121122599480096,0,0.0,500.0,dhaka_bangladesh
2022-04-25 15:00:00,0.00028891863233713094,0,0.0,500.0,dhaka_bangladesh
2022-04-25 16:00:00,0.0002771277061001675,0,0.0,500.0,dhaka_bangladesh
2022-04-25 17:00:00,0.0002658179739641204,0,0.0,500.0,dhaka_bangladesh
2022-04-25 18:00:00,0.0002549697981364956,0,0.0,500.0,dhaka_bangladesh
2022-04-25 19:00:00,0.0002445643422537719,0,0.0,500.0,dhaka_bangladesh
2022-04-25 20:00:00,0.0002345835386746489,0,0.0,500.0,dhaka_bangladesh
2022-04-25 21:00:00,0.00022501005710807694,0,0.0,500.0,dhaka_bangladesh
2022-04-25 22:00:00,0.0002158272745215926,0,0.0,500.0,dhaka_bangladesh
2022-04-25 23:00:00,0.00020701924627771132,0,0.0,500.0,dhaka_bangladesh
2022-04-26 00:00:00,0.00019857067844826083,0,0.0,500.0,dhaka_bangladesh
2022-04-26 01:00:00,0.0001904669012585806,0,0.0,500.0,dhaka_bangladesh
2022-04-26 02:00:00,0.00018269384361547773,0,0.0,500.0,dhaka_bangladesh
2022-04-26 03:00:00,0.000175238008674712,0,0.0,500.0,dhaka_bangladesh
2022-04-26 04:00:00,0.00016808645040558326,0,0.0,500.0,dhaka_bangladesh
2022-04-26 05:00:00,0.00016122675111193357,0,0.0,500.0,dhaka_bangladesh
2022-04-26 06:00:00,0.0001546469998705258,0,0.0,500.0,dhaka_bangladesh
2022-04-26 07:00:00,0.00014833577184936644,0,0.0,500.0,dhaka_bangladesh
2022-04-26 08:00:00,0.00014228210847005887,0,0.0,500.0,dhaka_bangladesh
2022-04-26 09:00:00,0.00013647549837973933,0,0.0,500.0,dhaka_bangladesh
2022-04-26 10:00:00,0.00013090585919956106,0,0.0,500.0,dhaka_bangladesh
2022-04-26 11:00:00,0.00012556352001803236,0,0.0,500.0,dhaka_bangladesh
2022-04-26 12:00:00,0.00012043920459880894,0,0.0,500.0,dhaka_bangladesh
2022-04-26 13:00:00,0.00011552401527378784,0,0.0,500.0,dhaka_bangladesh
2022-04-26 14:00:00,0.0001108094174935324,0,0.0,500.0,dhaka_bangladesh
2022-04-26 15:00:00,0.00010628722500820123,0,0.0,500.0,dhaka_bangladesh
2022-04-26 16:00:00,0.00010194958565325324,0,0.0,500.0,dhaka_bangladesh
2022-04-26 17:00:00,9.778896771524562e-05,0,0.0,500.0,dhaka_bangladesh
2022-04-26 18:00:00,9.379814685404954e-05,0,0.0,500.0,dhaka_bangladesh
2022-04-26 19:00:00,8.99701935587789e-05,0,0.0,500.0,dhaka_bangladesh
2022-04-26 20:00:00,8.629846111564925e-05,0,0.0,500.0,dhaka_bangladesh
2022-04-26 21:00:00,8.277657406687372e-05,0,0.0,500.0,dhaka_bangladesh
2022-04-26 22:00:00,7.93984171405589e-05,0,0.0,500.0,dhaka_bangladesh
2022-04-26 23:00:00,7.615812463237762e-05,0,0.0,500.0,dhaka_bangladesh
2022-04-27 00:00:00,7.30500702205804e-05,0,0.0,500.0,dhaka_bangladesh
2022-04-27 01:00:00,7.006885719666286e-05,0,0.0,500.0,dhaka_bangladesh
2022-04-27 02:00:00,6.720930909472483e-05,0,0.0,500.0,dhaka_bangladesh
2022-04-27 03:00:00,6.446646070324941e-05,0,0.0,500.0,dhaka_bangladesh
2022-04-27 04:00:00,6.183554944369732e-05,0,0.0,500.0,dhaka_bangladesh
2022-04-27 05:00:00,5.931200710094533e-05,0,0.0,500.0,dhaka_bangladesh
2022-04-27 06:00:00,5.6891451891209146e-05,0,0.0,500.0,dhaka_bangladesh
2022-04-27 07:00:00,5.456968085367948e-05,0,0.0,500.0,dhaka_bangladesh
2022-04-27 08:00:00,5.2342662552659784e-05,0,0.0,500.0,dhaka_bangladesh
2022-04-27 09:00:00,5.020653007753259e-05,0,0.0,500.0,dhaka_bangladesh
2022-04-27 10:00:00,4.815757432840205e-05,0,0.0,500.0,dhaka_bangladesh
2022-04-27 11:00:00,4.6192237575752956e-05,0,0.0,500.0,dhaka_bangladesh
2022-04-27 12:00:00,4.430710728294284e-05,0,0.0,500.0,dhaka_bangladesh
2022-04-27 13:00:00,4.249891018080223e-05,0,0.0,500.0,dhaka_bangladesh
2022-04-27 14:00:00,4.076450658405374e-05,0,0.0,500.0,dhaka_bangladesh
2022-04-27 15:00:00,3.910088493968043e-05,0,0.0,500.0,dhaka_bangladesh
2022-04-27 16:00:00,3.7505156597778894e-05,0,0.0,500.0,dhaka_bangladesh
2022-04-27 17:00:00,3.597455079581677e-05,0,0.0,500.0,dhaka_bangladesh
2022-04-27 18:00:00,3.450640984758462e-05,0,0.0,500.0,dhaka_bangladesh
2022-04-27 19:00:00,3.309818452849007e-05,0,0.0,500.0,dhaka_bangladesh
2022-04-27 20:00:00,3.17474296491805e-05,0,0.0,500.0,dhaka_bangladesh
2022-04-27 21:00:00,3.0451799809808014e-05,0,0.0,500.0,dhaka_bangladesh
2022-04-27 22:00:00,2.920904532756587e-05,0,0.0,500.0,dhaka_bangladesh
2022-04-27 23:00:00,2.8017008330424136e-05,0,0.0,500.0,dhaka_bangladesh
2022-04-28 00:00:00,2.687361901028174e-05,0,0.0,500.0,dhaka_bangladesh
2022-04-28 01:00:00,2.577689202902993e-05,0,0.0,500.0,dhaka_bangladesh
2022-04-28 02:00:00,2.4724923071286107e-05,0,0.0,500.0,dhaka_bangladesh
2022-04-28 03:00:00,2.3715885537812142e-05,0,0.0,500.0,dhaka_bangladesh
2022-04-28 04:00:00,2.2748027373876464e-05,0,0.0,500.0,dhaka_bangladesh
2022-04-28 05:00:00,2.1819668027052392e-05,0,0.0,500.0,dhaka_bangladesh
2022-04-28 06:00:00,2.092919552917001e-05,0,0.0,500.0,dhaka_bangladesh
2022-04-28 07:00:00,2.0075063697355563e-05,0,0.0,500.0,dhaka_bangladesh
2022-04-28 08:00:00,1.9255789449297862e-05,0,0.0,500.0,dhaka_bangladesh
2022-04-28 09:00:00,1.8469950228079902e-05,0,0.0,500.0,dhaka_bangladesh
2022-04-28 10:00:00,1.771618153210474e-05,0,0.0,500.0,dhaka_bangladesh
2022-04-28 11:00:00,1.6993174545826497e-05,0,0.0,500.0,dhaka_bangladesh
2022-04-28 12:00:00,1.6299673867172154e-05,0,0.0,500.0,dhaka_bangladesh
2022-04-28 13:00:00,1.5634475327708847e-05,0,0.0,500.0,dhaka_bangladesh
2022-04-28 14:00:00,1.4996423901771271e-05,0,0.0,500.0,dhaka_bangladesh
2022-04-28 15:00:00,1.43844117009185e-05,0,0.0,500.0,dhaka_bangladesh
2022-04-28 16:00:00,1.3797376050238334e-05,0,0.0,500.0,dhaka_bangladesh
2022-04-28 17:00:00,1.323429764315874e-05,0,0.0,500.0,dhaka_bangladesh
2022-04-28 18:00:00,1.2694198771562187e-05,0,0.0,500.0,dhaka_bangladesh
2022-04-28 19:00:00,1.2176141628130208e-05,0,0.0,500.0,dhaka_bangladesh
2022-04-28 20:00:00,1.1679226677970198e-05,0,0.0,500.0,dhaka_bangladesh
2022-04-28 21:00:00,1.1202591096696806e-05,0,0.0,500.0,dhaka_bangladesh
2022-04-28 22:00:00,1.0745407272256262e-05,0,0.0,500.0,dhaka_bangladesh
2022-04-28 23:00:00,1.0306881367892073e-05,0,0.0,500.0,dhaka_bangladesh
2022-04-29 00:00:00,9.886251943756695e-06,0,0.0,500.0,dhaka_bangladesh
2022-04-29 01:00:00,9.482788634776139e-06,0,0.0,500.0,dhaka_bangladesh
2022-04-29 02:00:00,9.095790882471635e-06,0,0.0,500.0,dhaka_bangladesh
2022-04-29 03:00:00,8.72458671853622e-06,0,0.0,500.0,dhaka_bangladesh
2022-04-29 04:00:00,8.368531598054346e-06,0,0.0,500.0,dhaka_bangladesh
2022-04-29 05:00:00,8.02700728033842e-06,0,0.0,500.0,dhaka_bangladesh
2022-04-29 06:00:00,7.699420755438913e-06,0,0.0,500.0,dhaka_bangladesh
2022-04-29 07:00:00,7.385203214464273e-06,0,0.0,500.0,dhaka_bangladesh
2022-04-29 08:00:00,7.083809061922653e-06,0,0.0,500.0,dhaka_bangladesh
2022-04-29 09:00:00,6.794714968370387e-06,0,0.0,500.0,dhaka_bangladesh
2022-04-29 10:00:00,6.517418961722518e-06,0,0.0,500.0,dhaka_bangladesh
2022-04-29 11:00:00,6.251439555647428e-06,0,0.0,500.0,dhaka_bangladesh
2022-04-29 12:00:00,5.9963149135320534e-06,0,0.0,500.0,dhaka_bangladesh
2022-04-29 13:00:00,5.751602046566233e-06,0,0.0,500.0,dhaka_bangladesh
2022-04-29 14:00:00,5.516876044553676e-06,0,0.0,500.0,dhaka_bangladesh
2022-04-29 15:00:00,5.291729338113853e-06,0,0.0,500.0,dhaka_bangladesh
2022-04-29 16:00:00,5.075770990993919e-06,0,0.0,500.0,dhaka_bangladesh
2022-04-29 17:00:00,4.868626021261774e-06,0,0.0,500.0,dhaka_bangladesh
2022-04-29 18:00:00,4.6699347502015075e-06,0,0.0,500.0,dhaka_bangladesh
2022-04-29 19:00:00,4.479352177780877e-06,0,0.0,500.0,dhaka_bangladesh
2022-04-29 20:00:00,4.296547383606278e-06,0,0.0,500.0,dhaka_bangladesh
2022-04-29 21:00:00,4.121202952324997e-06,0,0.0,500.0,dhaka_bangladesh
2022-04-29 22:00:00,3.953014422477186e-06,0,0.0,500.0,dhaka_bangladesh
2022-04-29 23:00:00,3.791689757840487e-06,0,0.0,500.0,dhaka_bangladesh
2022-04-30 00:00:00,3.6369488403492994e-06,0,0.0,500.0,dhaka_bangladesh
2022-04-30 01:00:00,3.4885229837083497e-06,0,0.0,500.0,dhaka_bangladesh
2022-04-30 02:00:00,3.346154466855965e-06,0,0.0,500.0,dhaka_bangladesh
2022-04-30 03:00:00,3.2095960864668923e-06,0,0.0,500.0,dhaka_bangladesh
2022-04-30 04:00:00,3.07861072771779e-06,0,0.0,500.0,dhaka_bangladesh
2022-04-30 05:00:00,2.9529709525699973e-06,0,0.0,500.0,dhaka_bangladesh
2022-04-30 06:00:00,2.8324586048546717e-06,0,0.0,500.0,dhaka_bangladesh
2022-04-30 07:00:00,2.7168644314746565e-06,0,0.0,500.0,dhaka_bangladesh
2022-04-30 08:00:00,2.6059877190653047e-06,0,0.0,500.0,dhaka_bangladesh
2022-04-30 09:00:00,2.499635945483332e-06,0,0.0,500.0,dhaka_bangladesh
2022-04-30 10:00:00,2.397624445518642e-06,0,0.0,500.0,dhaka_bangladesh
2022-04-30 11:00:00,2.2997760902486256e-06,0,0.0,500.0,dhaka_bangladesh
2022-04-30 12:00:00,2.2059209794781576e-06,0,0.0,500.0,dhaka_bangladesh
2022-04-30 13:00:00,2.1158961467313093e-06,0,0.0,500.0,dhaka_bangladesh
2022-04-30 14:00:00,2.0295452762825237e-06,0,0.0,500.0,dhaka_bangladesh
2022-04-30 15:00:00,1.9467184317358505e-06,0,0.0,500.0,dhaka_bangladesh
2022-04-30 16:00:00,1.8672717956810615e-06,0,0.0,500.0,dhaka_bangladesh
2022-04-30 17:00:00,1.7910674199745237e-06,0,0.0,500.0,dhaka_bangladesh
2022-04-30 18:00:00,1.7179729862112292e-06,0,0.0,500.0,dhaka_bangladesh
2022-04-30 19:00:00,1.6478615759721122e-06,0,0.0,500.0,dhaka_bangladesh
2022-04-30 20:00:00,1.5806114504477003e-06,0,0.0,500.0,dhaka_bangladesh
2022-04-30 21:00:00,1.516105839055418e-06,0,0.0,500.0,dhaka_bangladesh
2022-04-30 22:00:00,1.454232736683559e-06,0,0.0,500.0,dhaka_bangladesh
2022-04-30 23:00:00,1.3948847092098402e-06,0,0.0,500.0,dhaka_bangladesh
2022-05-01 00:00:00,1.337958706956825e-06,0,0.0,500.0,dhaka_bangladesh
2022-05-01 01:00:00,1.2833558857603603e-06,0,0.0,500.0,dhaka_bangladesh
2022-05-01 02:00:00,1.2309814353402979e-06,0,0.0,500.0,dhaka_bangladesh
2022-05-01 03:00:00,1.1807444146754886e-06,0,0.0,500.0,dhaka_bangladesh
2022-05-01 04:00:00,1.1325575940972276e-06,0,0.0,500.0,dhaka_bangladesh
2022-05-01 05:00:00,1.0863373038269523e-06,0,0.0,500.0,dhaka_bangladesh
2022-05-01 06:00:00,1.04200328869518e-06,0,0.0,500.0,dhaka_bangladesh
2022-05-01 07:00:00,9.994785687894649e-07,0,0.0,500.0,dhaka_bangladesh
2022-05-01 08:00:00,9.586893057893859e-07,0,0.0,500.0,dhaka_bangladesh
2022-05-01 09:00:00,9.195646747564584e-07,0,0.0,500.0,dhaka_bangladesh
2022-05-01 10:00:00,8.820367411563873e-07,0,0.0,500.0,dhaka_bangladesh
2022-05-01 11:00:00,8.460403429001091e-07,0,0.0,500.0,dhaka_bangladesh
2022-05-01 12:00:00,8.115129771987852e-07,0,0.0,500.0,dhaka_bangladesh
2022-05-01 13:00:00,7.783946920363224e-07,0,0.0,500.0,dhaka_bangladesh
2022-05-01 14:00:00,7.466279820709553e-07,0,0.0,500.0,dhaka_bangladesh
2022-05-01 15:00:00,7.161576887851314e-07,0,0.0,500.0,dhaka_bangladesh
2022-05-01 16:00:00,0.8624671215219186,1,5.0,411.05584743875335,dhaka_bangladesh
2022-05-01 17:00:00,0.8272693700670902,1,5.0,411.05584743875335,dhaka_bangladesh
2022-05-01 18:00:00,0.793508057957671,1,5.0,411.05584743875335,dhaka_bangladesh
2022-05-01 19:00:00,0.7611245633241449,1,5.0,411.05584743875335,dhaka_bangladesh
2022-05-01 20:00:00,0.7300626566873165,1,5.0,411.05584743875335,dhaka_bangladesh
2022-05-01 21:00:00,0.7002684033235622,1,5.0,411.05584743875335,dhaka_bangladesh
2022-05-01 22:00:00,0.6716900696146106,1,5.0,411.05584743875335,dhaka_bangladesh
2022-05-01 23:00:00,0.6442780332192377,1,5.0,411.05584743875335,dhaka_bangladesh
2022-05-02 00:00:00,0.6179846969109039,1,5.0,411.05584743875335,dhaka_bangladesh
2022-05-02 01:00:00,0.5927644059317251,1,5.0,411.05584743875335,dhaka_bangladesh
2022-05-02 02:00:00,0.5685733687192722,1,5.0,411.05584743875335,dhaka_bangladesh
2022-05-02 03:00:00,0.5453695808685528,1,5.0,411.05584743875335,dhaka_bangladesh
2022-05-02 04:00:00,0.5231127521971453,1,5.0,411.05584743875335,dhaka_bangladesh
2022-05-02 05:00:00,0.5017642367868469,1,5.0,411.05584743875335,dhaka_bangladesh
2022-05-02 06:00:00,0.48128696588035674,1,5.0,411.05584743875335,dhaka_bangladesh
2022-05-02 07:00:00,0.46164538351648365,1,5.0,411.05584743875335,dhaka_bangladesh
2022-05-02 08:00:00,0.44280538479211584,1,5.0,411.05584743875335,dhaka_bangladesh
2022-05-02 09:00:00,0.42473425664375264,1,5.0,411.05584743875335,dhaka_bangladesh
2022-05-02 10:00:00,0.4074006210457745,1,5.0,411.05584743875335,dhaka_bangladesh
2022-05-02 11:00:00,0.3907743805268222,1,5.0,411.05584743875335,dhaka_bangladesh
2022-05-02 12:00:00,0.37482666590968233,1,5.0,411.05584743875335,dhaka_bangladesh
2022-05-02 13:00:00,0.35952978618393644,1,5.0,411.05584743875335,dhaka_bangladesh
2022-05-02 14:00:00,0.3448571804243346,1,5.0,411.05584743875335,dhaka_bangladesh
2022-05-02 15:00:00,0.3307833716714056,1,5.0,411.05584743875335,dhaka_bangladesh
2022-05-02 16:00:00,0.31728392269422584,0,0.0,500.0,dhaka_bangladesh
2022-05-02 17:00:00,0.30433539355853223,0,0.0,500.0,dhaka_bangladesh
2022-05-02 18:00:00,0.2919153009265044,0,0.0,500.0,dhaka_bangladesh
2022-05-02 19:00:00,0.2800020790175445,0,0.0,500.0,dhaka_bangladesh
2022-05-02 20:00:00,0.2685750421622685,0,0.0,500.0,dhaka_bangladesh
2022-05-02 21:00:00,0.2576143488846902,0,0.0,500.0,dhaka_bangladesh
2022-05-02 22:00:00,0.2471009674502302,0,0.0,500.0,dhaka_bangladesh
2022-05-02 23:00:00,0.23701664281972906,0,0.0,500.0,dhaka_bangladesh
2022-05-03 00:00:00,0.2273438649520864,0,0.0,500.0,dhaka_bangladesh
2022-05-03 01:00:00,0.21806583840048502,0,0.0,500.0,dhaka_bangladesh
2022-05-03 02:00:00,0.20916645314941032,0,0.0,500.0,dhaka_bangladesh
2022-05-03 03:00:00,0.20063025664182682,0,0.0,500.0,dhaka_bangladesh
2022-05-03 04:00:00,0.19244242694794095,0,0.0,500.0,dhaka_bangladesh
2022-05-03 05:00:00,0.18458874702896047,0,0.0,500.0,dhaka_bangladesh
2022-05-03 06:00:00,0.17705558005116462,0,0.0,500.0,dhaka_bangladesh
2022-05-03 07:00:00,0.16982984570742019,0,0.0,500.0,dhaka_bangladesh
2022-05-03 08:00:00,0.16289899750502906,0,0.0,500.0,dhaka_bangladesh
2022-05-03 09:00:00,0.15625100098047168,0,0.0,500.0,dhaka_bangladesh
2022-05-03 10:00:00,0.14987431280321803,0,0.0,500.0,dhaka_bangladesh
2022-05-03 11:00:00,0.14375786073232388,0,0.0,500.0,dhaka_bangladesh
2022-05-03 12:00:00,0.13789102439100884,0,0.0,500.0,dhaka_bangladesh
2022-05-03 13:00:00,0.13226361682583468,0,0.0,500.0,dhaka_bangladesh
2022-05-03 14:00:00,0.12686586681846343,0,0.0,500.0,dhaka_bangladesh
2022-05-03 15:00:00,0.1216884019192822,0,0.0,500.0,dhaka_bangladesh
2022-05-03 16:00:00,0.11672223217343491,0,0.0,500.0,dhaka_bangladesh
2022-05-03 17:00:00,0.11195873451100379,0,0.0,500.0,dhaka_bangladesh
2022-05-03 18:00:00,0.10738963777423587,0,0.0,500.0,dhaka_bangladesh
2022-05-03 19:00:00,0.1030070083558163,0,0.0,500.0,dhaka_bangladesh
2022-05-03 20:00:00,0.09880323642325188,0,0.0,500.0,dhaka_bangladesh
2022-05-03 21:00:00,0.09477102270544481,0,0.0,500.0,dhaka_bangladesh
2022-05-03 22:00:00,0.09090336581851342,0,0.0,500.0,dhaka_bangladesh
2022-05-03 23:00:00,0.08719355010885327,0,0.0,500.0,dhaka_bangladesh
2022-05-04 00:00:00,0.08363513399232941,0,0.0,500.0,dhaka_bangladesh
2022-05-04 01:00:00,0.08022193876935249,0,0.0,500.0,dhaka_bangladesh
2022-05-04 02:00:00,0.07694803789641771,0,0.0,500.0,dhaka_bangladesh
2022-05-04 03:00:00,0.07380774669547832,0,0.0,500.0,dhaka_bangladesh
2022-05-04 04:00:00,0.07079561248328463,0,0.0,500.0,dhaka_bangladesh
2022-05-04 05:00:00,0.06790640510355068,0,0.0,500.0,dhaka_bangladesh
2022-05-04 06:00:00,0.06513510784550802,0,0.0,500.0,dhaka_bangladesh
2022-05-04 07:00:00,0.06247690873307801,0,0.0,500.0,dhaka_bangladesh
2022-05-04 08:00:00,0.05992719216953825,0,0.0,500.0,dhaka_bangladesh
2022-05-04 09:00:00,0.05748153092317441,0,0.0,500.0,dhaka_bangladesh
2022-05-04 10:00:00,0.05513567844000179,0,0.0,500.0,dhaka_bangladesh
2022-05-04 11:00:00,0.05288556147020933,0,0.0,500.0,dhaka_bangladesh
2022-05-04 12:00:00,0.050727272995522044,0,0.0,500.0,dhaka_bangladesh
2022-05-04 13:00:00,0.04865706544520184,0,0.0,500.0,dhaka_bangladesh
2022-05-04 14:00:00,0.04667134418890696,0,0.0,500.0,dhaka_bangladesh
2022-05-04 15:00:00,0.04476666129511139,0,0.0,500.0,dhaka_bangladesh
2022-05-04 16:00:00,0.04293970954424658,0,0.0,500.0,dhaka_bangladesh
2022-05-04 17:00:00,0.04118731668616995,0,0.0,500.0,dhaka_bangladesh
2022-05-04 18:00:00,0.03950643993198951,0,0.0,500.0,dhaka_bangladesh
2022-05-04 19:00:00,0.03789416067067979,0,0.0,500.0,dhaka_bangladesh
2022-05-04 20:00:00,0.036347679401315794,0,0.0,500.0,dhaka_bangladesh
2022-05-04 21:00:00,0.034864310872125104,0,0.0,500.0,dhaka_bangladesh
2022-05-04 22:00:00,0.03344147941791791,0,0.0,500.0,dhaka_bangladesh
2022-05-04 23:00:00,0.03207671448779909,0,0.0,500.0,dhaka_bangladesh
2022-05-05 00:00:00,0.030767646355396847,0,0.0,500.0,dhaka_bangladesh
2022-05-05 01:00:00,0.029512002004159054,0,0.0,500.0,dhaka_bangladesh
2022-05-05 02:00:00,0.028307601180573117,0,0.0,500.0,dhaka_bangladesh
2022-05-05 03:00:00,0.027152352608455933,0,0.0,500.0,dhaka_bangladesh
2022-05-05 04:00:00,0.026044250357740738,0,0.0,500.0,dhaka_bangladesh
2022-05-05 05:00:00,0.02498137036145581,0,0.0,500.0,dhaka_bangladesh
2022-05-05 06:00:00,0.023961867074847123,0,0.0,500.0,dhaka_bangladesh
2022-05-05 07:00:00,0.02298397027084394,0,0.0,500.0,dhaka_bangladesh
2022-05-05 08:00:00,0.022045981966303366,0,0.0,500.0,dhaka_bangladesh
2022-05-05 09:00:00,0.02114627347369638,0,0.0,500.0,dhaka_bangladesh
2022-05-05 10:00:00,0.020283282573116207,0,0.0,500.0,dhaka_bangladesh
2022-05-05 11:00:00,0.01945551079969857,0,0.0,500.0,dhaka_bangladesh
2022-05-05 12:00:00,0.018661520841743846,0,0.0,500.0,dhaka_bangladesh
2022-05-05 13:00:00,0.017899934045023155,0,0.0,500.0,dhaka_bangladesh
2022-05-05 14:00:00,0.01716942801893513,0,0.0,500.0,dhaka_bangladesh
2022-05-05 15:00:00,0.016468734340356818,0,0.0,500.0,dhaka_bangladesh
2022-05-05 16:00:00,0.01579663635120147,0,0.0,500.0,dhaka_bangladesh
2022-05-05 17:00:00,0.015151967045859426,0,0.0,500.0,dhaka_bangladesh
2022-05-05 18:00:00,0.014533607044853453,0,0.0,500.0,dhaka_bangladesh
2022-05-05 19:00:00,0.013940482651190522,0,0.0,500.0,dhaka_bangladesh
2022-05-05 20:00:00,0.013371563986034807,0,0.0,500.0,dhaka_bangladesh
2022-05-05 21:00:00,0.012825863200464825,0,0.0,500.0,dhaka_bangladesh
2022-05-05 22:00:00,0.012302432760209928,0,0.0,500.0,dhaka_bangladesh
2022-05-05 23:00:00,0.011800363800387442,0,0.0,500.0,dhaka_bangladesh
2022-05-06 00:00:00,0.011318784547383954,0,0.0,500.0,dhaka_bangladesh
2022-05-06 01:00:00,0.010856858805140516,0,0.0,500.0,dhaka_bangladesh
2022-05-06 02:00:00,0.010413784503213303,0,0.0,500.0,dhaka_bangladesh
2022-05-06 03:00:00,0.009988792304088723,0,0.0,500.0,dhaka_bangladesh
2022-05-06 04:00:00,0.009581144267334795,0,0.0,500.0,dhaka_bangladesh
2022-05-06 05:00:00,0.009190132568269197,0,0.0,500.0,dhaka_bangladesh
2022-05-06 06:00:00,0.008815078268919141,0,0.0,500.0,dhaka_bangladesh
2022-05-06 07:00:00,0.008455330139139109,0,0.0,500.0,dhaka_bangladesh
2022-05-06 08:00:00,0.00811026352583938,0,0.0,500.0,dhaka_bangladesh
2022-05-06 09:00:00,0.00777927926836192,0,0.0,500.0,dhaka_bangladesh
2022-05-06 10:00:00,0.00746180265812044,0,0.0,500.0,dhaka_bangladesh
2022-05-06 11:00:00,0.007157282440698074,0,0.0,500.0,dhaka_bangladesh
2022-05-06 12:00:00,0.006865189858669951,0,0.0,500.0,dhaka_bangladesh
2022-05-06 13:00:00,0.006585017733488789,0,0.0,500.0,dhaka_bangladesh
2022-05-06 14:00:00,0.0063162795848391625,0,0.0,500.0,dhaka_bangladesh
2022-05-06 15:00:00,0.0060585087859314065,0,0.0,500.0,dhaka_bangladesh
2022-05-06 16:00:00,0.00581125775326849,0,0.0,500.0,dhaka_bangladesh
2022-05-06 17:00:00,0.0055740971694788755,0,0.0,500.0,dhaka_bangladesh
2022-05-06 18:00:00,0.0053466152378660245,0,0.0,500.0,dhaka_bangladesh
2022-05-06 19:00:00,0.005128416967380157,0,0.0,500.0,dhaka_bangladesh
2022-05-06 20:00:00,0.004919123486770669,0,0.0,500.0,dhaka_bangladesh
2022-05-06 21:00:00,0.004718371386728368,0,0.0,500.0,dhaka_bangladesh
2022-05-06 22:00:00,0.004525812088875272,0,0.0,500.0,dhaka_bangladesh
2022-05-06 23:00:00,0.00434111124050625,0,0.0,500.0,dhaka_bangladesh
2022-05-07 00:00:00,0.0041639481340315695,0,0.0,500.0,dhaka_bangladesh
2022-05-07 01:00:00,0.00399401515011235,0,0.0,500.0,dhaka_bangladesh
2022-05-07 02:00:00,0.003831017223521936,0,0.0,500.0,dhaka_bangladesh
2022-05-07 03:00:00,0.003674671330805766,0,0.0,500.0,dhaka_bangladesh
2022-05-07 04:00:00,0.003524705998850096,0,0.0,500.0,dhaka_bangladesh
2022-05-07 05:00:00,0.003380860833506345,0,0.0,500.0,dhaka_bangladesh
2022-05-07 06:00:00,0.0032428860674525014,0,0.0,500.0,dhaka_bangladesh
2022-05-07 07:00:00,0.003110542126506552,0,0.0,500.0,dhaka_bangladesh
2022-05-07 08:00:00,0.002983599213638923,0,0.0,500.0,dhaka_bangladesh
2022-05-07 09:00:00,0.002861836909961572,0,0.0,500.0,dhaka_bangladesh
2022-05-07 10:00:00,0.0027450437920009335,0,0.0,500.0,dhaka_bangladesh
2022-05-07 11:00:00,0.002633017064590184,0,0.0,500.0,dhaka_bangladesh
2022-05-07 12:00:00,0.002525562208743357,0,0.0,500.0,dhaka_bangladesh
2022-05-07 13:00:00,0.0024224926438998957,0,0.0,500.0,dhaka_bangladesh
2022-05-07 14:00:00,0.0023236294039532214,0,0.0,500.0,dhaka_bangladesh
2022-05-07 15:00:00,0.0022288008265007216,0,0.0,500.0,dhaka_bangladesh
2022-05-07 16:00:00,0.002137842254775625,0,0.0,500.0,dhaka_bangladesh
2022-05-07 17:00:00,0.0020505957517432073,0,0.0,500.0,dhaka_bangladesh
2022-05-07 18:00:00,0.001966909825864873,0,0.0,500.0,dhaka_bangladesh
2022-05-07 19:00:00,0.0018866391680539569,0,0.0,500.0,dhaka_bangladesh
2022-05-07 20:00:00,0.0018096443993665101,0,0.0,500.0,dhaka_bangladesh
2022-05-07 21:00:00,0.0017357918289889565,0,0.0,500.0,dhaka_bangladesh
2022-05-07 22:00:00,0.0016649532221023947,0,0.0,500.0,dhaka_bangladesh
2022-05-07 23:00:00,0.0015970055772205059,0,0.0,500.0,dhaka_bangladesh
2022-05-08 00:00:00,0.0015318309126144038,0,0.0,500.0,dhaka_bangladesh
2022-05-08 01:00:00,0.0014693160614536053,0,0.0,500.0,dhaka_bangladesh
2022-05-08 02:00:00,0.0014093524753074202,0,0.0,500.0,dhaka_bangladesh
2022-05-08 03:00:00,0.0013518360356655455,0,0.0,500.0,dhaka_bangladesh
2022-05-08 04:00:00,0.0012966668731506038,0,0.0,500.0,dhaka_bangladesh
2022-05-08 05:00:00,0.001243749194108731,0,0.0,500.0,dhaka_bangladesh
2022-05-08 06:00:00,0.0011929911142770826,0,0.0,500.0,dhaka_bangladesh
2022-05-08 07:00:00,0.0011443044992394602,0,0.0,500.0,dhaka_bangladesh
2022-05-08 08:00:00,0.0010976048113930418,0,0.0,500.0,dhaka_bangladesh
2022-05-08 09:00:00,0.0010528109631604704,0,0.0,500.0,dhaka_bangladesh
2022-05-08 10:00:00,0.00100984517619244,0,0.0,500.0,dhaka_bangladesh
2022-05-08 11:00:00,0.0009686328463163084,0,0.0,500.0,dhaka_bangladesh
2022-05-08 12:00:00,0.0009291024139962197,0,0.0,500.0,dhaka_bangladesh
2022-05-08 13:00:00,0.0008911852400798235,0,0.0,500.0,dhaka_bangladesh
2022-05-08 14:00:00,0.0008548154866158425,0,0.0,500.0,dhaka_bangladesh
2022-05-08 15:00:00,0.0008199300025355344,0,0.0,500.0,dhaka_bangladesh
2022-05-08 16:00:00,0.0007864682139995531,0,0.0,500.0,dhaka_bangladesh
2022-05-08 17:00:00,0.0007543720192198247,0,0.0,500.0,dhaka_bangladesh
2022-05-08 18:00:00,0.0007235856875737886,0,0.0,500.0,dhaka_bangladesh
2022-05-08 19:00:00,0.0006940557628358445,0,0.0,500.0,dhaka_bangladesh
2022-05-08 20:00:00,0.0006657309703579822,0,0.0,500.0,dhaka_bangladesh
2022-05-08 21:00:00,0.0006385621280384131,0,0.0,500.0,dhaka_bangladesh
2022-05-08 22:00:00,0.0006125020609236212,0,0.0,500.0,dhaka_bangladesh
2022-05-08 23:00:00,0.0005875055192955564,0,0.0,500.0,dhaka_bangladesh
2022-05-09 00:00:00,0.0005635291001017274,0,0.0,500.0,dhaka_bangladesh
2022-05-09 01:00:00,0.0005405311715917769,0,0.0,500.0,dhaka_bangladesh
2022-05-09 02:00:00,0.0005184718010296827,0,0.0,500.0,dhaka_bangladesh
2022-05-09 03:00:00,0.0004973126853560588,0,0.0,500.0,dhaka_bangladesh
2022-05-09 04:00:00,0.0004770170846801656,0,0.0,500.0,dhaka_bangladesh
2022-05-09 05:00:00,0.00045754975848615173,0,0.0,500.0,dhaka_bangladesh
2022-05-09 06:00:00,0.00043887690444274936,0,0.0,500.0,dhaka_bangladesh
2022-05-09 07:00:00,0.0004209660997101798,0,0.0,500.0,dhaka_bangladesh
2022-05-09 08:00:00,0.00040378624464235856,0,0.0,500.0,dhaka_bangladesh
2022-05-09 09:00:00,0.00038730750878664176,0,0.0,500.0,dhaka_bangladesh
2022-05-09 10:00:00,0.00037150127908735164,0,0.0,500.0,dhaka_bangladesh
2022-05-09 11:00:00,0.00035634011020314714,0,0.0,500.0,dhaka_bangladesh
2022-05-09 12:00:00,0.00034179767685196734,0,0.0,500.0,dhaka_bangladesh
2022-05-09 13:00:00,0.00032784872810080317,0,0.0,500.0,dhaka_bangladesh
2022-05-09 14:00:00,0.00031446904352093073,0,0.0,500.0,dhaka_bangladesh
2022-05-09 15:00:00,0.00030163539113247165,0,0.0,500.0,dhaka_bangladesh
2022-05-09 16:00:00,0.0002893254870652579,0,0.0,500.0,dhaka_bangladesh
2022-05-09 17:00:00,0.000277517956865962,0,0.0,500.0,dhaka_bangladesh
2022-05-09 18:00:00,0.0002661922983842989,0,0.0,500.0,dhaka_bangladesh
2022-05-09 19:00:00,0.0002553288461738696,0,0.0,500.0,dhaka_bangladesh
2022-05-09 20:00:00,0.00024490873734581674,0,0.0,500.0,dhaka_bangladesh
2022-05-09 21:00:00,0.00023491387881601817,0,0.0,500.0,dhaka_bangladesh
2022-05-09 22:00:00,0.00022532691588893848,0,0.0,500.0,dhaka_bangladesh
2022-05-09 23:00:00,0.00021613120212358747,0,0.0,500.0,dhaka_bangladesh
2022-05-10 00:00:00,0.00020731077042926907,0,0.0,500.0,dhaka_bangladesh
2022-05-10 01:00:00,0.0001988503053409279,0,0.0,500.0,dhaka_bangladesh
2022-05-10 02:00:00,0.0001907351164259511,0,0.0,500.0,dhaka_bangladesh
2022-05-10 03:00:00,0.00018295111277625604,0,0.0,500.0,dhaka_bangladesh
2022-05-10 04:00:00,0.00017548477854136988,0,0.0,500.0,dhaka_bangladesh
2022-05-10 05:00:00,0.00016832314946001403,0,0.0,500.0,dhaka_bangladesh
2022-05-10 06:00:00,0.000161453790349451,0,0.0,500.0,dhaka_bangladesh
2022-05-10 07:00:00,0.00015486477351350263,0,0.0,500.0,dhaka_bangladesh
2022-05-10 08:00:00,0.00014854465803174627,0,0.0,500.0,dhaka_bangladesh
2022-05-10 09:00:00,0.00014248246989393313,0,0.0,500.0,dhaka_bangladesh
2022-05-10 10:00:00,0.00013666768294513093,0,0.0,500.0,dhaka_bangladesh
2022-05-10 11:00:00,0.00013109020060850403,0,0.0,500.0,dhaka_bangladesh
2022-05-10 12:00:00,0.00012574033835399887,0,0.0,500.0,dhaka_bangladesh
2022-05-10 13:00:00,0.00012060880688249159,0,0.0,500.0,dhaka_bangladesh
2022-05-10 14:00:00,0.00011568669599619807,0,0.0,500.0,dhaka_bangladesh
2022-05-10 15:00:00,0.00011096545912734302,0,0.0,500.0,dhaka_bangladesh
2022-05-10 16:00:00,0.00010643689849822245,0,0.0,500.0,dhaka_bangladesh
2022-05-10 17:00:00,0.00010209315088689052,0,0.0,500.0,dhaka_bangladesh
2022-05-10 18:00:00,9.792667397375771e-05,0,0.0,500.0,dhaka_bangladesh
2022-05-10 19:00:00,9.39302332453923e-05,0,0.0,500.0,dhaka_bangladesh
2022-05-10 20:00:00,9.009688943278262e-05,0,0.0,500.0,dhaka_bangladesh
2022-05-10 21:00:00,8.641998646225272e-05,0,0.0,500.0,dhaka_bangladesh
2022-05-10 22:00:00,8.289313989810728e-05,0,0.0,500.0,dhaka_bangladesh
2022-05-10 23:00:00,7.951022585693742e-05,0,0.0,500.0,dhaka_bangladesh
2022-05-11 00:00:00,7.626537037434068e-05,0,0.0,500.0,dhaka_bangladesh
2022-05-11 01:00:00,7.315293920559124e-05,0,0.0,500.0,dhaka_bangladesh
2022-05-11 02:00:00,7.016752804254888e-05,0,0.0,500.0,dhaka_bangladesh
2022-05-11 03:00:00,6.73039531298226e-05,0,0.0,500.0,dhaka_bangladesh
2022-05-11 04:00:00,6.455724226389347e-05,0,0.0,500.0,dhaka_bangladesh
2022-05-11 05:00:00,6.192262615956713e-05,0,0.0,500.0,dhaka_bangladesh
2022-05-11 06:00:00,5.9395530168767235e-05,0,0.0,500.0,dhaka_bangladesh
2022-05-11 07:00:00,5.697156633728932e-05,0,0.0,500.0,dhaka_bangladesh
2022-05-11 08:00:00,5.4646525785721824e-05,0,0.0,500.0,dhaka_bangladesh
2022-05-11 09:00:00,5.2416371401306974e-05,0,0.0,500.0,dhaka_bangladesh
2022-05-11 10:00:00,5.0277230828050636e-05,0,0.0,500.0,dhaka_bangladesh
2022-05-11 11:00:00,4.8225389742908736e-05,0,0.0,500.0,dhaka_bangladesh
2022-05-11 12:00:00,4.625728540637718e-05,0,0.0,500.0,dhaka_bangladesh
2022-05-11 13:00:00,4.436950047628541e-05,0,0.0,500.0,dhaka_bangladesh
2022-05-11 14:00:00,4.255875707405188e-05,0,0.0,500.0,dhaka_bangladesh
2022-05-11 15:00:00,4.0821911093099464e-05,0,0.0,500.0,dhaka_bangladesh
2022-05-11 16:00:00,3.91559467395476e-05,0,0.0,500.0,dhaka_bangladesh
2022-05-11 17:00:00,3.755797129570102e-05,0,0.0,500.0,dhaka_bangladesh
2022-05-11 18:00:00,3.602521009724401e-05,0,0.0,500.0,dhaka_bangladesh
2022-05-11 19:00:00,3.4555001715418156e-05,0,0.0,500.0,dhaka_bangladesh
2022-05-11 20:00:00,3.31447933358173e-05,0,0.0,500.0,dhaka_bangladesh
2022-05-11 21:00:00,3.1792136325777134e-05,0,0.0,500.0,dhaka_bangladesh
2022-05-11 22:00:00,3.04946819826619e-05,0,0.0,500.0,dhaka_bangladesh
2022-05-11 23:00:00,2.9250177455665305e-05,0,0.0,500.0,dhaka_bangladesh
2022-05-12 00:00:00,2.805646183404552e-05,0,0.0,500.0,dhaka_bangladesh
2022-05-12 01:00:00,2.6911462395001395e-05,0,0.0,500.0,dhaka_bangladesh
2022-05-12 02:00:00,2.581319100467439e-05,0,0.0,500.0,dhaka_bangladesh
2022-05-12 03:00:00,2.4759740666028087e-05,0,0.0,500.0,dhaka_bangladesh
2022-05-12 04:00:00,2.374928220761055e-05,0,0.0,500.0,dhaka_bangladesh
2022-05-12 05:00:00,2.278006110744969e-05,0,0.0,500.0,dhaka_bangladesh
2022-05-12 06:00:00,2.1850394446567635e-05,0,0.0,500.0,dhaka_bangladesh
2022-05-12 07:00:00,2.0958667986823754e-05,0,0.0,500.0,dhaka_bangladesh
2022-05-12 08:00:00,2.0103333368012127e-05,0,0.0,500.0,dhaka_bangladesh
2022-05-12 09:00:00,1.9282905419347582e-05,0,0.0,500.0,dhaka_bangladesh
2022-05-12 10:00:00,1.8495959580670845e-05,0,0.0,500.0,dhaka_bangladesh
2022-05-12 11:00:00,1.7741129428896242e-05,0,0.0,500.0,dhaka_bangladesh
2022-05-12 12:00:00,1.701710430540595e-05,0,0.0,500.0,dhaka_bangladesh
2022-05-12 13:00:00,1.6322627040271893e-05,0,0.0,500.0,dhaka_bangladesh
2022-05-12 14:00:00,1.5656491769353345e-05,0,0.0,500.0,dhaka_bangladesh
2022-05-12 15:00:00,1.5017541840479737e-05,0,0.0,500.0,dhaka_bangladesh
2022-05-12 16:00:00,1.4404667805083504e-05,0,0.0,500.0,dhaka_bangladesh
2022-05-12 17:00:00,1.381680549179554e-05,0,0.0,500.0,dhaka_bangladesh
2022-05-12 18:00:00,1.3252934158657929e-05,0,0.0,500.0,dhaka_bangladesh
2022-05-12 19:00:00,1.2712074720746237e-05,0,0.0,500.0,dhaka_bangladesh
2022-05-12 20:00:00,1.2193288050123391e-05,0,0.0,500.0,dhaka_bangladesh
2022-05-12 21:00:00,1.1695673345173205e-05,0,0.0,500.0,dhaka_bangladesh
2022-05-12 22:00:00,1.121836656648249e-05,0,0.0,500.0,dhaka_bangladesh
2022-05-12 23:00:00,1.0760538936555655e-05,0,0.0,500.0,dhaka_bangladesh
2022-05-13 00:00:00,1.0321395500756565e-05,0,0.0,500.0,dhaka_bangladesh
2022-05-13 01:00:00,9.90017374697938e-06,0,0.0,500.0,dhaka_bangladesh
2022-05-13 02:00:00,9.4961422816513e-06,0,0.0,500.0,dhaka_bangladesh
2022-05-13 03:00:00,9.108599559768247e-06,0,0.0,500.0,dhaka_bangladesh
2022-05-13 04:00:00,8.73687266675863e-06,0,0.0,500.0,dhaka_bangladesh
2022-05-13 05:00:00,8.380316150059885e-06,0,0.0,500.0,dhaka_bangladesh
2022-05-13 06:00:00,8.038310898378888e-06,0,0.0,500.0,dhaka_bangladesh
2022-05-13 07:00:00,7.710263066690504e-06,0,0.0,500.0,dhaka_bangladesh
2022-05-13 08:00:00,7.395603045107509e-06,0,0.0,500.0,dhaka_bangladesh
2022-05-13 09:00:00,7.0937844698313654e-06,0,0.0,500.0,dhaka_bangladesh
2022-05-13 10:00:00,6.8042832744667765e-06,0,0.0,500.0,dhaka_bangladesh
2022-05-13 11:00:00,6.52659678005258e-06,0,0.0,500.0,dhaka_bangladesh
2022-05-13 12:00:00,6.2602428222288864e-06,0,0.0,500.0,dhaka_bangladesh
2022-05-13 13:00:00,6.004758914025098e-06,0,0.0,500.0,dhaka_bangladesh
2022-05-13 14:00:00,5.759701442814996e-06,0,0.0,500.0,dhaka_bangladesh
2022-05-13 15:00:00,5.524644900044438e-06,0,0.0,500.0,dhaka_bangladesh
2022-05-13 16:00:00,5.299181142394387e-06,0,0.0,500.0,dhaka_bangladesh
2022-05-13 17:00:00,5.082918683096257e-06,0,0.0,500.0,dhaka_bangladesh
2022-05-13 18:00:00,4.875482012168999e-06,0,0.0,500.0,dhaka_bangladesh
2022-05-13 19:00:00,4.6765109443977615e-06,0,0.0,500.0,dhaka_bangladesh
2022-05-13 20:00:00,4.485659993921826e-06,0,0.0,500.0,dhaka_bangladesh
2022-05-13 21:00:00,4.302597774346059e-06,0,0.0,500.0,dhaka_bangladesh
2022-05-13 22:00:00,4.127006423333986e-06,0,0.0,500.0,dhaka_bangladesh
2022-05-13 23:00:00,3.958581050683647e-06,0,0.0,500.0,dhaka_bangladesh
2022-05-14 00:00:00,3.7970292089277716e-06,0,0.0,500.0,dhaka_bangladesh
2022-05-14 01:00:00,3.642070385538972e-06,0,0.0,500.0,dhaka_bangladesh
2022-05-14 02:00:00,3.4934355158583917e-06,0,0.0,500.0,dhaka_bangladesh
2022-05-14 03:00:00,3.350866515901994e-06,0,0.0,500.0,dhaka_bangladesh
2022-05-14 04:00:00,3.2141158342332258e-06,0,0.0,500.0,dhaka_bangladesh
2022-05-14 05:00:00,3.0829460221240484e-06,0,0.0,500.0,dhaka_bangladesh
2022-05-14 06:00:00,2.9571293212579452e-06,0,0.0,500.0,dhaka_bangladesh
2022-05-14 07:00:00,2.836447268258924e-06,0,0.0,500.0,dhaka_bangladesh
2022-05-14 08:00:00,2.7206903153599727e-06,0,0.0,500.0,dhaka_bangladesh
2022-05-14 09:00:00,2.609657466552224e-06,0,0.0,500.0,dhaka_bangladesh
2022-05-14 10:00:00,2.5031559285830376e-06,0,0.0,500.0,dhaka_bangladesh
2022-05-14 11:00:00,2.4010007761970815e-06,0,0.0,500.0,dhaka_bangladesh
2022-05-14 12:00:00,2.3030146310390995e-06,0,0.0,500.0,dhaka_bangladesh
2022-05-14 13:00:00,2.209027353660798e-06,0,0.0,500.0,dhaka_bangladesh
2022-05-14 14:00:00,2.1188757480971338e-06,0,0.0,500.0,dhaka_bangladesh
2022-05-14 15:00:00,2.03240327849901e-06,0,0.0,500.0,dhaka_bangladesh
2022-05-14 16:00:00,1.9494597973302995e-06,0,0.0,500.0,dhaka_bangladesh
2022-05-14 17:00:00,1.8699012846573379e-06,0,0.0,500.0,dhaka_bangladesh
2022-05-14 18:00:00,1.7935895980781532e-06,0,0.0,500.0,dhaka_bangladesh
2022-05-14 19:00:00,1.7203922328571824e-06,0,0.0,500.0,dhaka_bangladesh
2022-05-14 20:00:00,1.650182091849057e-06,0,0.0,500.0,dhaka_bangladesh
2022-05-14 21:00:00,1.5828372648119198e-06,0,0.0,500.0,dhaka_bangladesh
2022-05-14 22:00:00,1.5182408167270594e-06,0,0.0,500.0,dhaka_bangladesh
2022-05-14 23:00:00,1.456280584757361e-06,0,0.0,500.0,dhaka_bangladesh
2022-05-15 00:00:00,1.3968489834919921e-06,0,0.0,500.0,dhaka_bangladesh
2022-05-15 01:00:00,1.3398428181391366e-06,0,0.0,500.0,dhaka_bangladesh
2022-05-15 02:00:00,1.2851631053424545e-06,0,0.0,500.0,dhaka_bangladesh
2022-05-15 03:00:00,1.232714901310124e-06,0,0.0,500.0,dhaka_bangladesh
2022-05-15 04:00:00,1.182407136958003e-06,0,0.0,500.0,dhaka_bangladesh
2022-05-15 05:00:00,1.134152459780716e-06,0,0.0,500.0,dhaka_bangladesh
2022-05-15 06:00:00,1.0878670821760596e-06,0,0.0,500.0,dhaka_bangladesh
2022-05-15 07:00:00,1.0434706359593573e-06,0,0.0,500.0,dhaka_bangladesh
2022-05-15 08:00:00,1.0008860328151817e-06,0,0.0,500.0,dhaka_bangladesh
2022-05-15 09:00:00,9.600393304441138e-07,0,0.0,500.0,dhaka_bangladesh
2022-05-15 10:00:00,9.208596041721107e-07,0,0.0,500.0,dhaka_bangladesh
2022-05-15 11:00:00,8.832788237995816e-07,0,0.0,500.0,dhaka_bangladesh
2022-05-15 12:00:00,8.472317354763193e-07,0,0.0,500.0,dhaka_bangladesh
2022-05-15 13:00:00,8.126557483971644e-07,0,0.0,500.0,dhaka_bangladesh
2022-05-15 14:00:00,7.794908261216955e-07,0,0.0,500.0,dhaka_bangladesh
2022-05-15 15:00:00,7.476793823292231e-07,0,0.0,500.0,dhaka_bangladesh
2022-05-15 16:00:00,7.171661808280638e-07,0,0.0,500.0,dhaka_bangladesh
2022-05-15 17:00:00,1.1844053153976193,1,4.1,351.1905450827915,dhaka_bangladesh
2022-05-15 18:00:00,1.1360690914734202,1,4.1,351.1905450827915,dhaka_bangladesh
2022-05-15 19:00:00,1.0897054950888616,1,4.1,351.1905450827915,dhaka_bangladesh
2022-05-15 20:00:00,1.04523402224313,1,4.1,351.1905450827915,dhaka_bangladesh
2022-05-15 21:00:00,1.0025774543473887,1,4.1,351.1905450827915,dhaka_bangladesh
2022-05-15 22:00:00,0.9616617241453336,1,4.1,351.1905450827915,dhaka_bangladesh
2022-05-15 23:00:00,0.9224157871056001,1,4.1,351.1905450827915,dhaka_bangladesh
2022-05-16 00:00:00,0.8847714980627192,1,4.1,351.1905450827915,dhaka_bangladesh
2022-05-16 01:00:00,0.8486634928924184,1,4.1,351.1905450827915,dhaka_bangladesh
2022-05-16 02:00:00,0.8140290750158239,1,4.1,351.1905450827915,dhaka_bangladesh
2022-05-16 03:00:00,0.7808081065354818,1,4.1,351.1905450827915,dhaka_bangladesh
2022-05-16 04:00:00,0.7489429038141832,1,4.1,351.1905450827915,dhaka_bangladesh
2022-05-16 05:00:00,0.7183781373152678,1,4.1,351.1905450827915,dhaka_bangladesh
2022-05-16 06:00:00,0.6890607355305056,1,4.1,351.1905450827915,dhaka_bangladesh
2022-05-16 07:00:00,0.6609397928287292,1,4.1,351.1905450827915,dhaka_bangladesh
2022-05-16 08:00:00,0.6339664810652149,1,4.1,351.1905450827915,dhaka_bangladesh
2022-05-16 09:00:00,0.6080939647983342,1,4.1,351.1905450827915,dhaka_bangladesh
2022-05-16 10:00:00,0.5832773199662576,1,4.1,351.1905450827915,dhaka_bangladesh
2022-05-16 11:00:00,0.5594734558825076,1,4.1,351.1905450827915,dhaka_bangladesh
2022-05-16 12:00:00,0.5366410404149159,1,4.1,351.1905450827915,dhaka_bangladesh
2022-05-16 13:00:00,0.5147404282180664,1,4.1,351.1905450827915,dhaka_bangladesh
2022-05-16 14:00:00,0.49373359189461236,1,4.1,351.1905450827915,dhaka_bangladesh
2022-05-16 15:00:00,0.47358405596593794,1,4.1,351.1905450827915,dhaka_bangladesh
2022-05-16 16:00:00,0.45425683353751173,1,4.1,351.1905450827915,dhaka_bangladesh
2022-05-16 17:00:00,0.43571836554896215,0,0.0,500.0,dhaka_bangladesh
2022-05-16 18:00:00,0.41793646250339,0,0.0,500.0,dhaka_bangladesh
2022-05-16 19:00:00,0.40088024857474025,0,0.0,500.0,dhaka_bangladesh
2022-05-16 20:00:00,0.3845201079961815,0,0.0,500.0,dhaka_bangladesh
2022-05-16 21:00:00,0.3688276336364046,0,0.0,500.0,dhaka_bangladesh
2022-05-16 22:00:00,0.3537755776745509,0,0.0,500.0,dhaka_bangladesh
2022-05-16 23:00:00,0.3393378042881243,0,0.0,500.0,dhaka_bangladesh
2022-05-17 00:00:00,0.3254892442717329,0,0.0,500.0,dhaka_bangladesh
2022-05-17 01:00:00,0.3122058515078671,0,0.0,500.0,dhaka_bangladesh
2022-05-17 02:00:00,0.2994645612141274,0,0.0,500.0,dhaka_bangladesh
2022-05-17 03:00:00,0.2872432498944051,0,0.0,500.0,dhaka_bangladesh
2022-05-17 04:00:00,0.27552069692447895,0,0.0,500.0,dhaka_bangladesh
2022-05-17 05:00:00,0.2642765477053224,0,0.0,500.0,dhaka_bangladesh
2022-05-17 06:00:00,0.25349127832014534,0,0.0,500.0,dhaka_bangladesh
2022-05-17 07:00:00,0.2431461616338017,0,0.0,500.0,dhaka_bangladesh
2022-05-17 08:00:00,0.23322323477569704,0,0.0,500.0,dhaka_bangladesh
2022-05-17 09:00:00,0.22370526794973794,0,0.0,500.0,dhaka_bangladesh
2022-05-17 10:00:00,0.2145757345171634,0,0.0,500.0,dhaka_bangladesh
2022-05-17 11:00:00,0.20581878230031253,0,0.0,500.0,dhaka_bangladesh
2022-05-17 12:00:00,0.19741920605750068,0,0.0,500.0,dhaka_bangladesh
2022-05-17 13:00:00,0.18936242108121115,0,0.0,500.0,dhaka_bangladesh
2022-05-17 14:00:00,0.18163443787375896,0,0.0,500.0,dhaka_bangladesh
2022-05-17 15:00:00,0.17422183785645434,0,0.0,500.0,dhaka_bangladesh
2022-05-17 16:00:00,0.1671117500700887,0,0.0,500.0,dhaka_bangladesh
2022-05-17 17:00:00,0.16029182882628637,0,0.0,500.0,dhaka_bangladesh
2022-05-17 18:00:00,0.15375023227091653,0,0.0,500.0,dhaka_bangladesh
2022-05-17 19:00:00,0.14747560182234437,0,0.0,500.0,dhaka_bangladesh
2022-05-17 20:00:00,0.1414570424488179,0,0.0,500.0,dhaka_bangladesh
2022-05-17 21:00:00,0.13568410375074597,0,0.0,500.0,dhaka_bangladesh
2022-05-17 22:00:00,0.13014676181501802,0,0.0,500.0,dhaka_bangladesh
2022-05-17 23:00:00,0.12483540180985943,0,0.0,500.0,dhaka_bangladesh
2022-05-18 00:00:00,0.11974080129000018,0,0.0,500.0,dhaka_bangladesh
2022-05-18 01:00:00,0.11485411418316847,0,0.0,500.0,dhaka_bangladesh
2022-05-18 02:00:00,0.11016685543010432,0,0.0,500.0,dhaka_bangladesh
2022-05-18 03:00:00,0.10567088625142271,0,0.0,500.0,dhaka_bangladesh
2022-05-18 04:00:00,0.10135840001574366,0,0.0,500.0,dhaka_bangladesh
2022-05-18 05:00:00,0.09722190868455198,0,0.0,500.0,dhaka_bangladesh
2022-05-18 06:00:00,0.09325422981024964,0,0.0,500.0,dhaka_bangladesh
2022-05-18 07:00:00,0.08944847406482419,0,0.0,500.0,dhaka_bangladesh
2022-05-18 08:00:00,0.08579803327747952,0,0.0,500.0,dhaka_bangladesh
2022-05-18 09:00:00,0.08229656896045735,0,0.0,500.0,dhaka_bangladesh
2022-05-18 10:00:00,0.07893800130312585,0,0.0,500.0,dhaka_bangladesh
2022-05-18 11:00:00,0.07571649861522571,0,0.0,500.0,dhaka_bangladesh
2022-05-18 12:00:00,0.07262646720094318,0,0.0,500.0,dhaka_bangladesh
2022-05-18 13:00:00,0.06966254164622732,0,0.0,500.0,dhaka_bangladesh
2022-05-18 14:00:00,0.06681957550248749,0,0.0,500.0,dhaka_bangladesh
2022-05-18 15:00:00,0.06409263235049406,0,0.0,500.0,dhaka_bangladesh
2022-05-18 16:00:00,0.06147697722896598,0,0.0,500.0,dhaka_bangladesh
2022-05-18 17:00:00,0.05896806841296272,0,0.0,500.0,dhaka_bangladesh
2022-05-18 18:00:00,0.05656154952780424,0,0.0,500.0,dhaka_bangladesh
2022-05-18 19:00:00,0.054253241984826193,0,0.0,500.0,dhaka_bangladesh
2022-05-18 20:00:00,0.05203913772583612,0,0.0,500.0,dhaka_bangladesh
2022-05-18 21:00:00,0.04991539226367243,0,0.0,500.0,dhaka_bangladesh
2022-05-18 22:00:00,0.047878318006781634,0,0.0,500.0,dhaka_bangladesh
2022-05-18 23:00:00,0.04592437785622354,0,0.0,500.0,dhaka_bangladesh
2022-05-19 00:00:00,0.044050179063986,0,0.0,500.0,dhaka_bangladesh
2022-05-19 01:00:00,0.04225246734194506,0,0.0,500.0,dhaka_bangladesh
2022-05-19 02:00:00,0.04052812121124186,0,0.0,500.0,dhaka_bangladesh
2022-05-19 03:00:00,0.038874146582264436,0,0.0,500.0,dhaka_bangladesh
2022-05-19 04:00:00,0.037287671555823285,0,0.0,500.0,dhaka_bangladesh
2022-05-19 05:00:00,0.035765941436493975,0,0.0,500.0,dhaka_bangladesh
2022-05-19 06:00:00,0.0343063139494679,0,0.0,500.0,dhaka_bangladesh
2022-05-19 07:00:00,0.03290625465260577,0,0.0,500.0,dhaka_bangladesh
2022-05-19 08:00:00,0.03156333253572797,0,0.0,500.0,dhaka_bangladesh
2022-05-19 09:00:00,0.03027521579950012,0,0.0,500.0,dhaka_bangladesh
2022-05-19 10:00:00,0.029039667806584527,0,0.0,500.0,dhaka_bangladesh
2022-05-19 11:00:00,0.027854543198027524,0,0.0,500.0,dhaka_bangladesh
2022-05-19 12:00:00,0.026717784168139056,0,0.0,500.0,dhaka_bangladesh
2022-05-19 13:00:00,0.025627416891396436,0,0.0,500.0,dhaka_bangladesh
2022-05-19 14:00:00,0.0245815480951681,0,0.0,500.0,dhaka_bangladesh
2022-05-19 15:00:00,0.02357836177230646,0,0.0,500.0,dhaka_bangladesh
2022-05-19 16:00:00,0.022616116027901492,0,0.0,500.0,dhaka_bangladesh
2022-05-19 17:00:00,0.021693140054720114,0,0.0,500.0,dhaka_bangladesh
2022-05-19 18:00:00,0.020807831232079476,0,0.0,500.0,dhaka_bangladesh
2022-05-19 19:00:00,0.01995865234311688,0,0.0,500.0,dhaka_bangladesh
2022-05-19 20:00:00,0.019144128905624322,0,0.0,500.0,dhaka_bangladesh
2022-05-19 21:00:00,0.018362846611813147,0,0.0,500.0,dhaka_bangladesh
2022-05-19 22:00:00,0.01761344887256342,0,0.0,500.0,dhaka_bangladesh
2022-05-19 23:00:00,0.016894634461893685,0,0.0,500.0,dhaka_bangladesh
2022-05-20 00:00:00,0.016205155257561134,0,0.0,500.0,dhaka_bangladesh
2022-05-20 01:00:00,0.015543814073869356,0,0.0,500.0,dhaka_bangladesh
2022-05-20 02:00:00,0.01490946258292014,0,0.0,500.0,dhaka_bangladesh
2022-05-20 03:00:00,0.014300999320700175,0,0.0,500.0,dhaka_bangladesh
2022-05-20 04:00:00,0.01371736777454055,0,0.0,500.0,dhaka_bangladesh
2022-05-20 05:00:00,0.013157554548627944,0,0.0,500.0,dhaka_bangladesh
2022-05-20 06:00:00,0.012620587604382307,0,0.0,500.0,dhaka_bangladesh
2022-05-20 07:00:00,0.01210553457264578,0,0.0,500.0,dhaka_bangladesh
2022-05-20 08:00:00,0.011611501134752015,0,0.0,500.0,dhaka_bangladesh
2022-05-20 09:00:00,0.011137629469664923,0,0.0,500.0,dhaka_bangladesh
2022-05-20 10:00:00,0.010683096764490635,0,0.0,500.0,dhaka_bangladesh
2022-05-20 11:00:00,0.01024711378577617,0,0.0,500.0,dhaka_bangladesh
2022-05-20 12:00:00,0.009828923509114205,0,0.0,500.0,dhaka_bangladesh
2022-05-20 13:00:00,0.009427799804674498,0,0.0,500.0,dhaka_bangladesh
2022-05-20 14:00:00,0.009043046176379375,0,0.0,500.0,dhaka_bangladesh
2022-05-20 15:00:00,0.008673994552534198,0,0.0,500.0,dhaka_bangladesh
2022-05-20 16:00:00,0.008320004125812899,0,0.0,500.0,dhaka_bangladesh
2022-05-20 17:00:00,0.007980460240584266,0,0.0,500.0,dhaka_bangladesh
2022-05-20 18:00:00,0.007654773325647084,0,0.0,500.0,dhaka_bangladesh
2022-05-20 19:00:00,0.007342377870520937,0,0.0,500.0,dhaka_bangladesh
2022-05-20 20:00:00,0.007042731443515131,0,0.0,500.0,dhaka_bangladesh
2022-05-20 21:00:00,0.006755313749870734,0,0.0,500.0,dhaka_bangladesh
2022-05-20 22:00:00,0.006479625728340405,0,0.0,500.0,dhaka_bangladesh
2022-05-20 23:00:00,0.00621518868463724,0,0.0,500.0,dhaka_bangladesh
2022-05-21 00:00:00,0.0059615434602480494,0,0.0,500.0,dhaka_bangladesh
2022-05-21 01:00:00,0.005718249635167859,0,0.0,500.0,dhaka_bangladesh
2022-05-21 02:00:00,0.00548488476317119,0,0.0,500.0,dhaka_bangladesh
2022-05-21 03:00:00,0.0052610436382923564,0,0.0,500.0,dhaka_bangladesh
2022-05-21 04:00:00,1.4793854127541954,1,4.5,330.881490676394,dhaka_bangladesh
2022-05-21 05:00:00,1.419010890914875,1,4.5,330.881490676394,dhaka_bangladesh
2022-05-21 06:00:00,1.361100286088594,1,4.5,330.881490676394,dhaka_bangladesh
2022-05-21 07:00:00,1.3055530444844106,1,4.5,330.881490676394,dhaka_bangladesh
2022-05-21 08:00:00,1.2522727159661844,1,4.5,330.881490676394,dhaka_bangladesh
2022-05-21 09:00:00,1.2011667865801903,1,4.5,330.881490676394,dhaka_bangladesh
2022-05-21 10:00:00,1.1521465179173809,1,4.5,330.881490676394,dhaka_bangladesh
2022-05-21 11:00:00,1.1051267930313566,1,4.5,330.881490676394,dhaka_bangladesh
2022-05-21 12:00:00,1.06002596864451,1,4.5,330.881490676394,dhaka_bangladesh
2022-05-21 13:00:00,1.0167657333857159,1,4.5,330.881490676394,dhaka_bangladesh
2022-05-21 14:00:00,0.9752709718134195,1,4.5,330.881490676394,dhaka_bangladesh
2022-05-21 15:00:00,0.9354696339880152,1,4.5,330.881490676394,dhaka_bangladesh
2022-05-21 16:00:00,0.8972926103670488,1,4.5,330.881490676394,dhaka_bangladesh
2022-05-21 17:00:00,0.8606736118060107,1,4.5,330.881490676394,dhaka_bangladesh
2022-05-21 18:00:00,0.8255490544563687,1,4.5,330.881490676394,dhaka_bangladesh
2022-05-21 19:00:00,0.7918579493609668,1,4.5,330.881490676394,dhaka_bangladesh
2022-05-21 20:00:00,0.759541796555101,1,4.5,330.881490676394,dhaka_bangladesh
2022-05-21 21:00:00,0.7285444834893868,1,4.5,330.881490676394,dhaka_bangladesh
2022-05-21 22:00:00,0.6988121875980424,1,4.5,330.881490676394,dhaka_bangladesh
2022-05-21 23:00:00,0.6702932828434157,1,4.5,330.881490676394,dhaka_bangladesh
2022-05-22 00:00:00,0.6429382500744779,1,4.5,330.881490676394,dhaka_bangladesh
2022-05-22 01:00:00,0.6166995910436378,1,4.5,330.881490676394,dhaka_bangladesh
2022-05-22 02:00:00,0.5915317459325744,1,4.5,330.881490676394,dhaka_bangladesh
2022-05-22 03:00:00,0.5673910142438867,1,4.5,330.881490676394,dhaka_bangladesh
2022-05-22 04:00:00,0.544235478921197,0,0.0,500.0,dhaka_bangladesh
2022-05-22 05:00:00,0.5220249335659548,0,0.0,500.0,dhaka_bangladesh
2022-05-22 06:00:00,0.500720812624562,0,0.0,500.0,dhaka_bangladesh
2022-05-22 07:00:00,0.48028612442460017,0,0.0,500.0,dhaka_bangladesh
2022-05-22 08:00:00,0.4606853869438842,0,0.0,500.0,dhaka_bangladesh
2022-05-22 09:00:00,0.44188456620081756,0,0.0,500.0,dhaka_bangladesh
2022-05-22 10:00:00,0.4238510171590692,0,0.0,500.0,dhaka_bangladesh
2022-05-22 11:00:00,0.40655342704396374,0,0.0,500.0,dhaka_bangladesh
2022-05-22 12:00:00,0.3899617609721591,0,0.0,500.0,dhaka_bangladesh
2022-05-22 13:00:00,0.3740472098002089,0,0.0,500.0,dhaka_bangladesh
2022-05-22 14:00:00,0.3587821401014502,0,0.0,500.0,dhaka_bangladesh
2022-05-22 15:00:00,0.3441400461843648,0,0.0,500.0,dhaka_bangladesh
2022-05-22 16:00:00,0.33009550406909455,0,0.0,500.0,dhaka_bangladesh
2022-05-22 17:00:00,0.3166241273422021,0,0.0,500.0,dhaka_bangladesh
2022-05-22 18:00:00,0.3037025248130215,0,0.0,500.0,dhaka_bangladesh
2022-05-22 19:00:00,0.29130825989807657,0,0.0,500.0,dhaka_bangladesh
2022-05-22 20:00:00,0.2794198116630439,0,0.0,500.0,dhaka_bangladesh
2022-05-22 21:00:00,0.2680165374546126,0,0.0,500.0,dhaka_bangladesh
2022-05-22 22:00:00,0.2570786370573609,0,0.0,500.0,dhaka_bangladesh
2022-05-22 23:00:00,0.24658711831340724,0,0.0,500.0,dhaka_bangladesh
2022-05-23 00:00:00,0.2365237641451439,0,0.0,500.0,dhaka_bangladesh
2022-05-23 01:00:00,0.2268711009237904,0,0.0,500.0,dhaka_bangladesh
2022-05-23 02:00:00,0.21761236812884302,0,0.0,500.0,dhaka_bangladesh
2022-05-23 03:00:00,0.20873148924573887,0,0.0,500.0,dhaka_bangladesh
2022-05-23 04:00:00,1.1577280488387112,1,4.4,390.94677949088754,dhaka_bangladesh
2022-05-23 05:00:00,1.110480538645625,1,4.4,390.94677949088754,dhaka_bangladesh
2022-05-23 06:00:00,1.0651612249937603,1,4.4,390.94677949088754,dhaka_bangladesh
2022-05-23 07:00:00,1.0216914171354696,1,4.4,390.94677949088754,dhaka_bangladesh
2022-05-23 08:00:00,0.9799956357352371,1,4.4,390.94677949088754,dhaka_bangladesh
2022-05-23 09:00:00,0.9400014818102069,1,4.4,390.94677949088754,dhaka_bangladesh
2022-05-23 10:00:00,0.9016395110193178,1,4.4,390.94677949088754,dhaka_bangladesh
2022-05-23 11:00:00,0.8648431130827683,1,4.4,390.94677949088754,dhaka_bangladesh
2022-05-23 12:00:00,0.8295483961224377,1,4.4,390.94677949088754,dhaka_bangladesh
2022-05-23 13:00:00,0.7956940757224372,1,4.4,390.94677949088754,dhaka_bangladesh
2022-05-23 14:00:00,0.7632213685171619,1,4.4,390.94677949088754,dhaka_bangladesh
2022-05-23 15:00:00,0.7320738901220702,1,4.4,390.94677949088754,dhaka_bangladesh
2022-05-23 16:00:00,0.7021975572299634,1,4.4,390.94677949088754,dhaka_bangladesh
2022-05-23 17:00:00,0.6735404937027716,1,4.4,390.94677949088754,dhaka_bangladesh
2022-05-23 18:00:00,0.6460529404957823,1,4.4,390.94677949088754,dhaka_bangladesh
2022-05-23 19:00:00,0.619687169257912,1,4.4,390.94677949088754,dhaka_bangladesh
2022-05-23 20:00:00,0.5943973994579951,1,4.4,390.94677949088754,dhaka_bangladesh
2022-05-23 21:00:00,0.5701397188931978,1,4.4,390.94677949088754,dhaka_bangladesh
2022-05-23 22:00:00,0.5468720074415231,1,4.4,390.94677949088754,dhaka_bangladesh
2022-05-23 23:00:00,0.524553863926019,1,4.4,390.94677949088754,dhaka_bangladesh
2022-05-24 00:00:00,0.503146535963699,1,4.4,390.94677949088754,dhaka_bangladesh
2022-05-24 01:00:00,0.48261285267736387,1,4.4,390.94677949088754,dhaka_bangladesh
2022-05-24 02:00:00,0.4629171601534931,1,4.4,390.94677949088754,dhaka_bangladesh
2022-05-24 03:00:00,0.4440252595341331,1,4.4,390.94677949088754,dhaka_bangladesh
2022-05-24 04:00:00,0.42590434763528934,0,0.0,500.0,dhaka_bangladesh
2022-05-24 05:00:00,0.4085229599887148,0,0.0,500.0,dhaka_bangladesh
2022-05-24 06:00:00,0.39185091620819357,0,0.0,500.0,dhaka_bangladesh
2022-05-24 07:00:00,0.37585926758545557,0,0.0,500.0,dhaka_bangladesh
2022-05-24 08:00:00,0.3605202468247314,0,0.0,500.0,dhaka_bangladesh
2022-05-24 09:00:00,0.3458072198286667,0,0.0,500.0,dhaka_bangladesh
2022-05-24 10:00:00,0.3316946394518791,0,0.0,500.0,dhaka_bangladesh
2022-05-24 11:00:00,0.3181580011418594,0,0.0,500.0,dhaka_bangladesh
2022-05-24 12:00:00,0.3051738003901886,0,0.0,500.0,dhaka_bangladesh
2022-05-24 13:00:00,0.29271949192019747,0,0.0,500.0,dhaka_bangladesh
2022-05-24 14:00:00,0.280773450540197,0,0.0,500.0,dhaka_bangladesh
2022-05-24 15:00:00,0.2693149335943111,0,0.0,500.0,dhaka_bangladesh
2022-05-24 16:00:00,0.25832404494571076,0,0.0,500.0,dhaka_bangladesh
2022-05-24 17:00:00,0.24778170042971298,0,0.0,500.0,dhaka_bangladesh
2022-05-24 18:00:00,0.23766959471675547,0,0.0,500.0,dhaka_bangladesh
2022-05-24 19:00:00,0.22797016952771365,0,0.0,500.0,dhaka_bangladesh
2022-05-24 20:00:00,0.2186665831463658,0,0.0,500.0,dhaka_bangladesh
2022-05-24 21:00:00,0.20974268117607286,0,0.0,500.0,dhaka_bangladesh
2022-05-24 22:00:00,0.2011829684898924,0,0.0,500.0,dhaka_bangladesh
2022-05-24 23:00:00,0.19297258232542472,0,0.0,500.0,dhaka_bangladesh
2022-05-25 00:00:00,0.1850972664776726,0,0.0,500.0,dhaka_bangladesh
2022-05-25 01:00:00,0.1775433465451043,0,0.0,500.0,dhaka_bangladesh
2022-05-25 02:00:00,0.17029770618593817,0,0.0,500.0,dhaka_bangladesh
2022-05-25 03:00:00,0.16334776434342158,0,0.0,500.0,dhaka_bangladesh
2022-05-25 04:00:00,0.15668145340055795,0,0.0,500.0,dhaka_bangladesh
2022-05-25 05:00:00,0.15028719822635195,0,0.0,500.0,dhaka_bangladesh
2022-05-25 06:00:00,0.14415389607718793,0,0.0,500.0,dhaka_bangladesh
2022-05-25 07:00:00,0.138270897318445,0,0.0,500.0,dhaka_bangladesh
2022-05-25 08:00:00,0.13262798693287267,0,0.0,500.0,dhaka_bangladesh
2022-05-25 09:00:00,0.12721536678362003,0,0.0,500.0,dhaka_bangladesh
2022-05-25 10:00:00,0.12202363860112035,0,0.0,500.0,dhaka_bangladesh
2022-05-25 11:00:00,0.11704378766429034,0,0.0,500.0,dhaka_bangladesh
2022-05-25 12:00:00,0.11226716714770792,0,0.0,500.0,dhaka_bangladesh
2022-05-25 13:00:00,0.1076854831075908,0,0.0,500.0,dhaka_bangladesh
2022-05-25 14:00:00,0.10329078008050531,0,0.0,500.0,dhaka_bangladesh
2022-05-25 15:00:00,0.09907542726979926,0,0.0,500.0,dhaka_bangladesh
2022-05-25 16:00:00,0.09503210529577465,0,0.0,500.0,dhaka_bangladesh
2022-05-25 17:00:00,0.09115379348659257,0,0.0,500.0,dhaka_bangladesh
2022-05-25 18:00:00,0.08743375768784323,0,0.0,500.0,dhaka_bangladesh
2022-05-25 19:00:00,0.08386553856961425,0,0.0,500.0,dhaka_bangladesh
2022-05-25 20:00:00,0.0804429404107538,0,0.0,500.0,dhaka_bangladesh
2022-05-25 21:00:00,0.0771600203408537,0,0.0,500.0,dhaka_bangladesh
2022-05-25 22:00:00,0.07401107802127348,0,0.0,500.0,dhaka_bangladesh
2022-05-25 23:00:00,0.07099064574728739,0,0.0,500.0,dhaka_bangladesh
2022-05-26 00:00:00,0.06809347895416774,0,0.0,500.0,dhaka_bangladesh
2022-05-26 01:00:00,0.06531454711072068,0,0.0,500.0,dhaka_bangladesh
2022-05-26 02:00:00,0.06264902498446141,0,0.0,500.0,dhaka_bangladesh
2022-05-26 03:00:00,0.06009228426326238,0,0.0,500.0,dhaka_bangladesh
2022-05-26 04:00:00,0.05763988551892664,0,0.0,500.0,dhaka_bangladesh
2022-05-26 05:00:00,0.0552875704987321,0,0.0,500.0,dhaka_bangladesh
2022-05-26 06:00:00,0.05303125473156203,0,0.0,500.0,dhaka_bangladesh
2022-05-26 07:00:00,0.05086702043578341,0,0.0,500.0,dhaka_bangladesh
2022-05-26 08:00:00,0.048791109716558534,0,0.0,500.0,dhaka_bangladesh
2022-05-26 09:00:00,0.04679991804077817,0,0.0,500.0,dhaka_bangladesh
2022-05-26 10:00:00,0.04488998797828618,0,0.0,500.0,dhaka_bangladesh
2022-05-26 11:00:00,0.043058003198528066,0,0.0,500.0,dhaka_bangladesh
2022-05-26 12:00:00,0.04130078271219967,0,0.0,500.0,dhaka_bangladesh
2022-05-26 13:00:00,0.03961527534789728,0,0.0,500.0,dhaka_bangladesh
2022-05-26 14:00:00,0.037998554454178615,0,0.0,500.0,dhaka_bangladesh
2022-05-26 15:00:00,0.03644781281783561,0,0.0,500.0,dhaka_bangladesh
2022-05-26 16:00:00,0.03496035778955522,0,0.0,500.0,dhaka_bangladesh
2022-05-26 17:00:00,0.03353360660850471,0,0.0,500.0,dhaka_bangladesh
2022-05-26 18:00:00,0.032165081917723035,0,0.0,500.0,dhaka_bangladesh
2022-05-26 19:00:00,0.030852407462531716,0,0.0,500.0,dhaka_bangladesh
2022-05-26 20:00:00,0.029593303964495728,0,0.0,500.0,dhaka_bangladesh
2022-05-26 21:00:00,0.028385585163770356,0,0.0,500.0,dhaka_bangladesh
2022-05-26 22:00:00,0.027227154022962094,0,0.0,500.0,dhaka_bangladesh
2022-05-26 23:00:00,0.026115999085911907,0,0.0,500.0,dhaka_bangladesh
2022-05-27 00:00:00,0.025050190985078585,0,0.0,500.0,dhaka_bangladesh
2022-05-27 01:00:00,0.024027879091457753,0,0.0,500.0,dhaka_bangladesh
2022-05-27 02:00:00,0.023047288301219385,0,0.0,500.0,dhaka_bangladesh
2022-05-27 03:00:00,0.022106715953484405,0,0.0,500.0,dhaka_bangladesh
2022-05-27 04:00:00,0.021204528873888635,0,0.0,500.0,dhaka_bangladesh
2022-05-27 05:00:00,0.02033916053880028,0,0.0,500.0,dhaka_bangladesh
2022-05-27 06:00:00,0.019509108355267455,0,0.0,500.0,dhaka_bangladesh
2022-05-27 07:00:00,0.018712931051972335,0,0.0,500.0,dhaka_bangladesh
2022-05-27 08:00:00,0.01794924617666208,0,0.0,500.0,dhaka_bangladesh
2022-05-27 09:00:00,0.01721672769571078,0,0.0,500.0,dhaka_bangladesh
2022-05-27 10:00:00,0.016514103691644685,0,0.0,500.0,dhaka_bangladesh
2022-05-27 11:00:00,0.015840154154632673,0,0.0,500.0,dhaka_bangladesh
2022-05-27 12:00:00,0.015193708864107182,0,0.0,500.0,dhaka_bangladesh
2022-05-27 13:00:00,0.014573645356837263,0,0.0,500.0,dhaka_bangladesh
2022-05-27 14:00:00,0.013978886977925847,0,0.0,500.0,dhaka_bangladesh
2022-05-27 15:00:00,0.0134084010113467,0,0.0,500.0,dhaka_bangladesh
2022-05-27 16:00:00,0.012861196886775257,0,0.0,500.0,dhaka_bangladesh
2022-05-27 17:00:00,0.012336324459599694,0,0.0,500.0,dhaka_bangladesh
2022-05-27 18:00:00,0.01183287236112562,0,0.0,500.0,dhaka_bangladesh
2022-05-27 19:00:00,0.011349966416109808,0,0.0,500.0,dhaka_bangladesh
2022-05-27 20:00:00,0.010886768124875315,0,0.0,500.0,dhaka_bangladesh
2022-05-27 21:00:00,0.010442473207372228,0,0.0,500.0,dhaka_bangladesh
2022-05-27 22:00:00,0.010016310206656087,0,0.0,500.0,dhaka_bangladesh
2022-05-27 23:00:00,0.00960753914935917,0,0.0,500.0,dhaka_bangladesh
2022-05-28 00:00:00,0.009215450260828616,0,0.0,500.0,dhaka_bangladesh
2022-05-28 01:00:00,0.008839362732700463,0,0.0,500.0,dhaka_bangladesh
2022-05-28 02:00:00,0.008478623540769703,0,0.0,500.0,dhaka_bangladesh
2022-05-28 03:00:00,0.008132606311103656,0,0.0,500.0,dhaka_bangladesh
2022-05-28 04:00:00,0.007800710232429864,0,0.0,500.0,dhaka_bangladesh
2022-05-28 05:00:00,0.007482359012910098,0,0.0,500.0,dhaka_bangladesh
2022-05-28 06:00:00,0.007176999879488908,0,0.0,500.0,dhaka_bangladesh
2022-05-28 07:00:00,0.006884102618079313,0,0.0,500.0,dhaka_bangladesh
2022-05-28 08:00:00,0.006603158652919094,0,0.0,500.0,dhaka_bangladesh
2022-05-28 09:00:00,0.006333680163498976,0,0.0,500.0,dhaka_bangladesh
2022-05-28 10:00:00,0.006075199237529498,0,0.0,500.0,dhaka_bangladesh
2022-05-28 11:00:00,0.005827267058475769,0,0.0,500.0,dhaka_bangladesh
2022-05-28 12:00:00,0.005589453126249339,0,0.0,500.0,dhaka_bangladesh
2022-05-28 13:00:00,0.005361344509704083,0,0.0,500.0,dhaka_bangladesh
2022-05-28 14:00:00,0.005142545129638117,0,0.0,500.0,dhaka_bangladesh
2022-05-28 15:00:00,0.004932675071056826,0,0.0,500.0,dhaka_bangladesh
2022-05-28 16:00:00,0.004731369923502779,0,0.0,500.0,dhaka_bangladesh
2022-05-28 17:00:00,0.004538280148307134,0,0.0,500.0,dhaka_bangladesh
2022-05-28 18:00:00,0.004353070471663898,0,0.0,500.0,dhaka_bangladesh
2022-05-28 19:00:00,0.004175419302473116,0,0.0,500.0,dhaka_bangladesh
2022-05-28 20:00:00,0.0040050181739422035,0,0.0,500.0,dhaka_bangladesh
2022-05-28 21:00:00,0.0038415712079758538,0,0.0,500.0,dhaka_bangladesh
2022-05-28 22:00:00,0.003684794601424457,0,0.0,500.0,dhaka_bangladesh
2022-05-28 23:00:00,0.0035344161332990075,0,0.0,500.0,dhaka_bangladesh
2022-05-29 00:00:00,0.0033901746920968535,0,0.0,500.0,dhaka_bangladesh
2022-05-29 01:00:00,0.0032518198224175225,0,0.0,500.0,dhaka_bangladesh
2022-05-29 02:00:00,0.0031191112900813963,0,0.0,500.0,dhaka_bangladesh
2022-05-29 03:00:00,0.0029918186649961582,0,0.0,500.0,dhaka_bangladesh
2022-05-29 04:00:00,0.002869720921046653,0,0.0,500.0,dhaka_bangladesh
2022-05-29 05:00:00,0.0027526060523134738,0,0.0,500.0,dhaka_bangladesh
2022-05-29 06:00:00,0.0026402707049538892,0,0.0,500.0,dhaka_bangladesh
2022-05-29 07:00:00,0.002532519824105883,0,0.0,500.0,dhaka_bangladesh
2022-05-29 08:00:00,0.0024291663152022514,0,0.0,500.0,dhaka_bangladesh
2022-05-29 09:00:00,0.0023300307191066526,0,0.0,500.0,dhaka_bangladesh
2022-05-29 10:00:00,0.0022349409005075265,0,0.0,500.0,dhaka_bangladesh
2022-05-29 11:00:00,0.002143731749028822,0,0.0,500.0,dhaka_bangladesh
2022-05-29 12:00:00,0.0020562448925385787,0,0.0,500.0,dhaka_bangladesh
2022-05-29 13:00:00,0.0019723284221575183,0,0.0,500.0,dhaka_bangladesh
2022-05-29 14:00:00,0.0018918366284901922,0,0.0,500.0,dhaka_bangladesh
2022-05-29 15:00:00,0.0018146297486206899,0,0.0,500.0,dhaka_bangladesh
2022-05-29 16:00:00,0.0017405737234335724,0,0.0,500.0,dhaka_bangladesh
2022-05-29 17:00:00,0.0016695399648386786,0,0.0,500.0,dhaka_bangladesh
2022-05-29 18:00:00,0.0016014051324956217,0,0.0,500.0,dhaka_bangladesh
2022-05-29 19:00:00,0.0015360509196502639,0,0.0,500.0,dhaka_bangladesh
2022-05-29 20:00:00,0.001473363847711328,0,0.0,500.0,dhaka_bangladesh
2022-05-29 21:00:00,0.0014132350692104597,0,0.0,500.0,dhaka_bangladesh
2022-05-29 22:00:00,0.001355560178803577,0,0.0,500.0,dhaka_bangladesh
2022-05-29 23:00:00,0.0013002390319853687,0,0.0,500.0,dhaka_bangladesh
2022-05-30 00:00:00,0.001247175571202157,0,0.0,500.0,dhaka_bangladesh
2022-05-30 01:00:00,0.001196277659061177,0,0.0,500.0,dhaka_bangladesh
2022-05-30 02:00:00,0.0011474569183466804,0,0.0,500.0,dhaka_bangladesh
2022-05-30 03:00:00,0.0011006285785650771,0,0.0,500.0,dhaka_bangladesh
2022-05-30 04:00:00,0.001055711328752639,0,0.0,500.0,dhaka_bangladesh
2022-05-30 05:00:00,0.0010126271762902106,0,0.0,500.0,dhaka_bangladesh
2022-05-30 06:00:00,0.0009713013114797665,0,0.0,500.0,dhaka_bangladesh
2022-05-30 07:00:00,0.0009316619776476718,0,0.0,500.0,dhaka_bangladesh
2022-05-30 08:00:00,0.0008936403465490959,0,0.0,500.0,dhaka_bangladesh
2022-05-30 09:00:00,0.0008571703988572493,0,0.0,500.0,dhaka_bangladesh
2022-05-30 10:00:00,0.0008221888095299088,0,0.0,500.0,dhaka_bangladesh
2022-05-30 11:00:00,0.0007886348378542016,0,0.0,500.0,dhaka_bangladesh
2022-05-30 12:00:00,0.0007564502219787247,0,0.0,500.0,dhaka_bangladesh
2022-05-30 13:00:00,0.0007255790777498604,0,0.0,500.0,dhaka_bangladesh
2022-05-30 14:00:00,0.0006959678016766375,0,0.0,500.0,dhaka_bangladesh
2022-05-30 15:00:00,0.0006675649778556544,0,0.0,500.0,dhaka_bangladesh
2022-05-30 16:00:00,0.0006403212886944394,0,0.0,500.0,dhaka_bangladesh
2022-05-30 17:00:00,0.0006141894292782426,0,0.0,500.0,dhaka_bangladesh
2022-05-30 18:00:00,0.0005891240252315687,0,0.0,500.0,dhaka_bangladesh
2022-05-30 19:00:00,0.000565081553931819,0,0.0,500.0,dhaka_bangladesh
2022-05-30 20:00:00,0.0005420202689382494,0,0.0,500.0,dhaka_bangladesh
2022-05-30 21:00:00,0.0005199001275050286,0,0.0,500.0,dhaka_bangladesh
2022-05-30 22:00:00,0.0004986827210525203,0,0.0,500.0,dhaka_bangladesh
2022-05-30 23:00:00,0.00047833120847607454,0,0.0,500.0,dhaka_bangladesh
2022-05-31 00:00:00,0.0004588102521765239,0,0.0,500.0,dhaka_bangladesh
2022-05-31 01:00:00,0.000440085956701307,0,0.0,500.0,dhaka_bangladesh
2022-05-31 02:00:00,0.0004221258098896821,0,0.0,500.0,dhaka_bangladesh
2022-05-31 03:00:00,0.0004048986264198395,0,0.0,500.0,dhaka_bangladesh
2022-05-31 04:00:00,0.00038837449365988156,0,0.0,500.0,dhaka_bangladesh
2022-05-31 05:00:00,0.0003725247197286583,0,0.0,500.0,dhaka_bangladesh
2022-05-31 06:00:00,0.0003573217836762658,0,0.0,500.0,dhaka_bangladesh
2022-05-31 07:00:00,0.00034273928769770604,0,0.0,500.0,dhaka_bangladesh
2022-05-31 08:00:00,0.00032875191129673546,0,0.0,500.0,dhaka_bangladesh
2022-05-31 09:00:00,0.0003153353673203074,0,0.0,500.0,dhaka_bangladesh
2022-05-31 10:00:00,0.0003024663597872761,0,0.0,500.0,dhaka_bangladesh
2022-05-31 11:00:00,0.00029012254343813463,0,0.0,500.0,dhaka_bangladesh
2022-05-31 12:00:00,0.00027828248493554694,0,0.0,500.0,dhaka_bangladesh
2022-05-31 13:00:00,0.000266925625648309,0,0.0,500.0,dhaka_bangladesh
2022-05-31 14:00:00,0.00025603224595411857,0,0.0,500.0,dhaka_bangladesh
2022-05-31 15:00:00,0.0002455834309991645,0,0.0,500.0,dhaka_bangladesh
2022-05-31 16:00:00,0.0002355610378550879,0,0.0,500.0,dhaka_bangladesh
2022-05-31 17:00:00,0.00022594766401628694,0,0.0,500.0,dhaka_bangladesh
2022-05-31 18:00:00,0.00021672661718286039,0,0.0,500.0,dhaka_bangladesh
2022-05-31 19:00:00,0.0002078818862767277,0,0.0,500.0,dhaka_bangladesh
2022-05-31 20:00:00,0.00019939811364059817,0,0.0,500.0,dhaka_bangladesh
2022-05-31 21:00:00,0.00019126056837151168,0,0.0,500.0,dhaka_bangladesh
2022-05-31 22:00:00,0.0001834551207426553,0,0.0,500.0,dhaka_bangladesh
2022-05-31 23:00:00,0.00017596821766903902,0,0.0,500.0,dhaka_bangladesh
2022-06-01 00:00:00,0.0001687868591744283,0,0.0,500.0,dhaka_bangladesh
2022-06-01 01:00:00,0.00016189857581867627,0,0.0,500.0,dhaka_bangladesh
2022-06-01 02:00:00,0.00015529140704625887,0,0.0,500.0,dhaka_bangladesh
2022-06-01 03:00:00,0.00014895388041841526,0,0.0,500.0,dhaka_bangladesh
2022-06-01 04:00:00,0.00014287499169283904,0,0.0,500.0,dhaka_bangladesh
2022-06-01 05:00:00,0.000137044185716327,0,0.0,500.0,dhaka_bangladesh
2022-06-01 06:00:00,0.0001314513380972077,0,0.0,500.0,dhaka_bangladesh
2022-06-01 07:00:00,0.00012608673762573027,0,0.0,500.0,dhaka_bangladesh
2022-06-01 08:00:00,0.00012094106941188663,0,0.0,500.0,dhaka_bangladesh
2022-06-01 09:00:00,0.00011600539871138621,0,0.0,500.0,dhaka_bangladesh
2022-06-01 10:00:00,0.00011127115541170354,0,0.0,500.0,dhaka_bangladesh
2022-06-01 11:00:00,0.00010673011915125852,0,0.0,500.0,dhaka_bangladesh
2022-06-01 12:00:00,0.00010237440504588935,0,0.0,500.0,dhaka_bangladesh
2022-06-01 13:00:00,9.819644999783752e-05,0,0.0,500.0,dhaka_bangladesh
2022-06-01 14:00:00,9.418899956347046e-05,0,0.0,500.0,dhaka_bangladesh
2022-06-01 15:00:00,9.034509535693814e-05,0,0.0,500.0,dhaka_bangladesh
2022-06-01 16:00:00,8.66580629678947e-05,0,0.0,500.0,dhaka_bangladesh
2022-06-01 17:00:00,8.312150037230448e-05,0,0.0,500.0,dhaka_bangladesh
2022-06-01 18:00:00,7.972926681620784e-05,0,0.0,500.0,dhaka_bangladesh
2022-06-01 19:00:00,7.647547215314791e-05,0,0.0,500.0,dhaka_bangladesh
2022-06-01 20:00:00,7.335446661674301e-05,0,0.0,500.0,dhaka_bangladesh
2022-06-01 21:00:00,7.036083101064417e-05,0,0.0,500.0,dhaka_bangladesh
2022-06-01 22:00:00,6.74893672988475e-05,0,0.0,500.0,dhaka_bangladesh
2022-06-01 23:00:00,6.47350895800208e-05,0,0.0,500.0,dhaka_bangladesh
2022-06-02 00:00:00,6.209321543017162e-05,0,0.0,500.0,dhaka_bangladesh
2022-06-02 01:00:00,5.9559157598627016e-05,0,0.0,500.0,dhaka_bangladesh
2022-06-02 02:00:00,5.7128516042904676e-05,0,0.0,500.0,dhaka_bangladesh
2022-06-02 03:00:00,5.479707028864445e-05,0,0.0,500.0,dhaka_bangladesh
2022-06-02 04:00:00,5.25607721013361e-05,0,0.0,500.0,dhaka_bangladesh
2022-06-02 05:00:00,5.0415738457117745e-05,0,0.0,500.0,dhaka_bangladesh
2022-06-02 06:00:00,4.83582448004391e-05,0,0.0,500.0,dhaka_bangladesh
2022-06-02 07:00:00,4.638471857688393e-05,0,0.0,500.0,dhaka_bangladesh
2022-06-02 08:00:00,4.4491733029921476e-05,0,0.0,500.0,dhaka_bangladesh
2022-06-02 09:00:00,4.2676001250815114e-05,0,0.0,500.0,dhaka_bangladesh
2022-06-02 10:00:00,4.093437047135821e-05,0,0.0,500.0,dhaka_bangladesh
2022-06-02 11:00:00,3.926381658952643e-05,0,0.0,500.0,dhaka_bangladesh
2022-06-02 12:00:00,3.7661438918540664e-05,0,0.0,500.0,dhaka_bangladesh
2022-06-02 13:00:00,3.612445515022394e-05,0,0.0,500.0,dhaka_bangladesh
2022-06-02 14:00:00,3.4650196523906735e-05,0,0.0,500.0,dhaka_bangladesh
2022-06-02 15:00:00,3.323610319249106e-05,0,0.0,500.0,dhaka_bangladesh
2022-06-02 16:00:00,3.187971977762876e-05,0,0.0,500.0,dhaka_bangladesh
2022-06-02 17:00:00,3.05786911062952e-05,0,0.0,500.0,dhaka_bangladesh
2022-06-02 18:00:00,2.9330758121355348e-05,0,0.0,500.0,dhaka_bangladesh
2022-06-02 19:00:00,2.8133753959022253e-05,0,0.0,500.0,dhaka_bangladesh
2022-06-02 20:00:00,2.6985600186396676e-05,0,0.0,500.0,dhaka_bangladesh
2022-06-02 21:00:00,2.5884303192554066e-05,0,0.0,500.0,dhaka_bangladesh
2022-06-02 22:00:00,2.4827950726914273e-05,0,0.0,500.0,dhaka_bangladesh
2022-06-02 23:00:00,2.3814708578881347e-05,0,0.0,500.0,dhaka_bangladesh
2022-06-03 00:00:00,2.2842817392989512e-05,0,0.0,500.0,dhaka_bangladesh
2022-06-03 01:00:00,2.1910589614024795e-05,0,0.0,500.0,dhaka_bangladesh
2022-06-03 02:00:00,2.101640655681758e-05,0,0.0,500.0,dhaka_bangladesh
2022-06-03 03:00:00,2.015871559561877e-05,0,0.0,500.0,dhaka_bangladesh
2022-06-03 04:00:00,1.9336027468179094e-05,0,0.0,500.0,dhaka_bangladesh
2022-06-03 05:00:00,1.8546913689850093e-05,0,0.0,500.0,dhaka_bangladesh
2022-06-03 06:00:00,1.779000407321734e-05,0,0.0,500.0,dhaka_bangladesh
2022-06-03 07:00:00,1.7063984348958703e-05,0,0.0,500.0,dhaka_bangladesh
2022-06-03 08:00:00,1.6367593883796535e-05,0,0.0,500.0,dhaka_bangladesh
2022-06-03 09:00:00,1.569962349158164e-05,0,0.0,500.0,dhaka_bangladesh
2022-06-03 10:00:00,1.5058913333708069e-05,0,0.0,500.0,dhaka_bangladesh
2022-06-03 11:00:00,1.4444350905213015e-05,0,0.0,500.0,dhaka_bangladesh
2022-06-03 12:00:00,1.3854869103065148e-05,0,0.0,500.0,dhaka_bangladesh
2022-06-03 13:00:00,1.3289444373287234e-05,0,0.0,500.0,dhaka_bangladesh
2022-06-03 14:00:00,1.274709493369548e-05,0,0.0,500.0,dhaka_bangladesh
2022-06-03 15:00:00,1.2226879069170004e-05,0,0.0,500.0,dhaka_bangladesh
2022-06-03 16:00:00,1.1727893496496266e-05,0,0.0,500.0,dhaka_bangladesh
2022-06-03 17:00:00,1.1249271795938053e-05,0,0.0,500.0,dhaka_bangladesh
2022-06-03 18:00:00,1.0790182906818951e-05,0,0.0,500.0,dhaka_bangladesh
2022-06-03 19:00:00,1.0349829684499974e-05,0,0.0,500.0,dhaka_bangladesh
2022-06-03 20:00:00,9.927447516247578e-06,0,0.0,500.0,dhaka_bangladesh
2022-06-03 21:00:00,9.52230299358897e-06,0,0.0,500.0,dhaka_bangladesh
2022-06-03 22:00:00,9.133692638849325e-06,0,0.0,500.0,dhaka_bangladesh
2022-06-03 23:00:00,8.760941683659623e-06,0,0.0,500.0,dhaka_bangladesh
2022-06-04 00:00:00,8.403402897314285e-06,0,0.0,500.0,dhaka_bangladesh
2022-06-04 01:00:00,8.060455462944252e-06,0,0.0,500.0,dhaka_bangladesh
2022-06-04 02:00:00,7.731503899553888e-06,0,0.0,500.0,dhaka_bangladesh
2022-06-04 03:00:00,7.415977028050271e-06,0,0.0,500.0,dhaka_bangladesh
2022-06-04 04:00:00,7.1133269794693815e-06,0,0.0,500.0,dhaka_bangladesh
2022-06-04 05:00:00,6.8230282436770265e-06,0,0.0,500.0,dhaka_bangladesh
2022-06-04 06:00:00,6.5445767568928786e-06,0,0.0,500.0,dhaka_bangladesh
2022-06-04 07:00:00,6.277489026453165e-06,0,0.0,500.0,dhaka_bangladesh
2022-06-04 08:00:00,6.021301291292187e-06,0,0.0,500.0,dhaka_bangladesh
2022-06-04 09:00:00,5.775568716685102e-06,0,0.0,500.0,dhaka_bangladesh
2022-06-04 10:00:00,5.539864621853706e-06,0,0.0,500.0,dhaka_bangladesh
2022-06-04 11:00:00,5.313779739093981e-06,0,0.0,500.0,dhaka_bangladesh
2022-06-04 12:00:00,5.09692150313909e-06,0,0.0,500.0,dhaka_bangladesh
2022-06-04 13:00:00,4.888913369523878e-06,0,0.0,500.0,dhaka_bangladesh
2022-06-04 14:00:00,4.689394160767217e-06,0,0.0,500.0,dhaka_bangladesh
2022-06-04 15:00:00,4.498017439237065e-06,0,0.0,500.0,dhaka_bangladesh
2022-06-04 16:00:00,4.314450905609239e-06,0,0.0,500.0,dhaka_bangladesh
2022-06-04 17:00:00,4.138375821875357e-06,0,0.0,500.0,dhaka_bangladesh
2022-06-04 18:00:00,3.969486457898204e-06,0,0.0,500.0,dhaka_bangladesh
2022-06-04 19:00:00,3.8074895605534554e-06,0,0.0,500.0,dhaka_bangladesh
2022-06-04 20:00:00,3.6521038445359822e-06,0,0.0,500.0,dhaka_bangladesh
2022-06-04 21:00:00,3.5030595039466624e-06,0,0.0,500.0,dhaka_bangladesh
2022-06-04 22:00:00,3.360097743811607e-06,0,0.0,500.0,dhaka_bangladesh
2022-06-04 23:00:00,3.2229703307202974e-06,0,0.0,500.0,dhaka_bangladesh
2022-06-05 00:00:00,3.091439161802459e-06,0,0.0,500.0,dhaka_bangladesh
2022-06-05 01:00:00,2.9652758512952308e-06,0,0.0,500.0,dhaka_bangladesh
2022-06-05 02:00:00,2.8442613339827114e-06,0,0.0,500.0,dhaka_bangladesh
2022-06-05 03:00:00,2.7281854848193878e-06,0,0.0,500.0,dhaka_bangladesh
2022-06-05 04:00:00,2.6168467540769407e-06,0,0.0,500.0,dhaka_bangladesh
2022-06-05 05:00:00,2.5100518173808725e-06,0,0.0,500.0,dhaka_bangladesh
2022-06-05 06:00:00,2.4076152400293627e-06,0,0.0,500.0,dhaka_bangladesh
2022-06-05 07:00:00,2.309359155011452e-06,0,0.0,500.0,dhaka_bangladesh
2022-06-05 08:00:00,2.2151129541654543e-06,0,0.0,500.0,dhaka_bangladesh
2022-06-05 09:00:00,2.1247129919413797e-06,0,0.0,500.0,dhaka_bangladesh
2022-06-05 10:00:00,2.038002301252985e-06,0,0.0,500.0,dhaka_bangladesh
2022-06-05 11:00:00,1.954830320926026e-06,0,0.0,500.0,dhaka_bangladesh
2022-06-05 12:00:00,1.8750526342695157e-06,0,0.0,500.0,dhaka_bangladesh
2022-06-05 13:00:00,1.7985307183160367e-06,0,0.0,500.0,dhaka_bangladesh
2022-06-05 14:00:00,1.7251317032956686e-06,0,0.0,500.0,dhaka_bangladesh
2022-06-05 15:00:00,1.654728141925934e-06,0,0.0,500.0,dhaka_bangladesh
2022-06-05 16:00:00,1.5871977881171498e-06,0,0.0,500.0,dhaka_bangladesh
2022-06-05 17:00:00,1.522423384708915e-06,0,0.0,500.0,dhaka_bangladesh
2022-06-05 18:00:00,1.4602924598691995e-06,0,0.0,500.0,dhaka_bangladesh
2022-06-05 19:00:00,1.4006971318025058e-06,0,0.0,500.0,dhaka_bangladesh
2022-06-05 20:00:00,1.3435339214279734e-06,0,0.0,500.0,dhaka_bangladesh
2022-06-05 21:00:00,1.2887035727022082e-06,0,0.0,500.0,dhaka_bangladesh
2022-06-05 22:00:00,1.2361108802748387e-06,0,0.0,500.0,dhaka_bangladesh
2022-06-05 23:00:00,1.1856645241775216e-06,0,0.0,500.0,dhaka_bangladesh
2022-06-06 00:00:00,1.1372769112594006e-06,0,0.0,500.0,dhaka_bangladesh
2022-06-06 01:00:00,1.0908640230936622e-06,0,0.0,500.0,dhaka_bangladesh
2022-06-06 02:00:00,1.0463452700911009e-06,0,0.0,500.0,dhaka_bangladesh
2022-06-06 03:00:00,1.0036433515673967e-06,0,0.0,500.0,dhaka_bangladesh
2022-06-06 04:00:00,9.626841215211277e-07,0,0.0,500.0,dhaka_bangladesh
2022-06-06 05:00:00,9.233964598894385e-07,0,0.0,500.0,dhaka_bangladesh
2022-06-06 06:00:00,8.857121490578496e-07,0,0.0,500.0,dhaka_bangladesh
2022-06-06 07:00:00,8.495657554097675e-07,0,0.0,500.0,dhaka_bangladesh
2022-06-06 08:00:00,8.1489451571001e-07,0,0.0,500.0,dhaka_bangladesh
2022-06-06 09:00:00,7.816382281250977e-07,0,0.0,500.0,dhaka_bangladesh
2022-06-06 10:00:00,7.497391476910618e-07,0,0.0,500.0,dhaka_bangladesh
2022-06-06 11:00:00,7.191418860472579e-07,0,0.0,500.0,dhaka_bangladesh
2022-06-06 12:00:00,6.897933152621102e-07,0,0.0,500.0,dhaka_bangladesh
2022-06-06 13:00:00,6.616424755837764e-07,0,0.0,500.0,dhaka_bangladesh
2022-06-06 14:00:00,6.34640486955549e-07,0,0.0,500.0,dhaka_bangladesh
2022-06-06 15:00:00,6.087404641423714e-07,0,0.0,500.0,dhaka_bangladesh
2022-06-06 16:00:00,5.838974353210866e-07,0,0.0,500.0,dhaka_bangladesh
2022-06-06 17:00:00,5.600682639930514e-07,0,0.0,500.0,dhaka_bangladesh
2022-06-06 18:00:00,5.372115740835518e-07,0,0.0,500.0,dhaka_bangladesh
2022-06-06 19:00:00,5.152876780979481e-07,0,0.0,500.0,dhaka_bangladesh
2022-06-06 20:00:00,4.942585082097993e-07,0,0.0,500.0,dhaka_bangladesh
2022-06-06 21:00:00,4.740875501613293e-07,0,0.0,500.0,dhaka_bangladesh
2022-06-06 22:00:00,4.547397798614472e-07,0,0.0,500.0,dhaka_bangladesh
2022-06-06 23:00:00,4.3618160257123073e-07,0,0.0,500.0,dhaka_bangladesh
2022-06-07 00:00:00,4.183807945712921e-07,0,0.0,500.0,dhaka_bangladesh
2022-06-07 01:00:00,4.0130644720972797e-07,0,0.0,500.0,dhaka_bangladesh
2022-06-07 02:00:00,3.849289132334961e-07,0,0.0,500.0,dhaka_bangladesh
2022-06-07 03:00:00,3.692197553100473e-07,0,0.0,500.0,dhaka_bangladesh
2022-06-07 04:00:00,3.541516966498134e-07,0,0.0,500.0,dhaka_bangladesh
2022-06-07 05:00:00,3.396985736438148e-07,0,0.0,500.0,dhaka_bangladesh
2022-06-07 06:00:00,3.258352904341589e-07,0,0.0,500.0,dhaka_bangladesh
2022-06-07 07:00:00,3.1253777533853953e-07,0,0.0,500.0,dhaka_bangladesh
2022-06-07 08:00:00,2.9978293905307167e-07,0,0.0,500.0,dhaka_bangladesh
2022-06-07 09:00:00,2.8754863456089725e-07,0,0.0,500.0,dhaka_bangladesh
2022-06-07 10:00:00,2.7581361867694124e-07,0,0.0,500.0,dhaka_bangladesh
2022-06-07 11:00:00,2.6455751516204224e-07,0,0.0,500.0,dhaka_bangladesh
2022-06-07 12:00:00,2.537607793424216e-07,0,0.0,500.0,dhaka_bangladesh
2022-06-07 13:00:00,2.4340466417304936e-07,0,0.0,500.0,dhaka_bangladesh
2022-06-07 14:00:00,2.334711876859794e-07,0,0.0,500.0,dhaka_bangladesh
2022-06-07 15:00:00,2.2394310176714004e-07,0,0.0,500.0,dhaka_bangladesh
2022-06-07 16:00:00,2.1480386220735973e-07,0,0.0,500.0,dhaka_bangladesh
2022-06-07 17:00:00,2.0603759997562357e-07,0,0.0,500.0,dhaka_bangladesh
2022-06-07 18:00:00,1.9762909366468793e-07,0,0.0,500.0,dhaka_bangladesh
2022-06-07 19:00:00,1.895637430612032e-07,0,0.0,500.0,dhaka_bangladesh
2022-06-07 20:00:00,1.8182754379445172e-07,0,0.0,500.0,dhaka_bangladesh
2022-06-07 21:00:00,1.7440706301968798e-07,0,0.0,500.0,dhaka_bangladesh
2022-06-07 22:00:00,1.672894160938539e-07,0,0.0,500.0,dhaka_bangladesh
2022-06-07 23:00:00,1.604622442031685e-07,0,0.0,500.0,dhaka_bangladesh
2022-06-08 00:00:00,1.53913692903751e-07,0,0.0,500.0,dhaka_bangladesh
2022-06-08 01:00:00,1.4763239153801166e-07,0,0.0,500.0,dhaka_bangladesh
2022-06-08 02:00:00,1.4160743349106914e-07,0,0.0,500.0,dhaka_bangladesh
2022-06-08 03:00:00,1.3582835725291683e-07,0,0.0,500.0,dhaka_bangladesh
2022-06-08 04:00:00,1.3028512825345152e-07,0,0.0,500.0,dhaka_bangladesh
2022-06-08 05:00:00,1.2496812143882244e-07,0,0.0,500.0,dhaka_bangladesh
2022-06-08 06:00:00,1.1986810455885315e-07,0,0.0,500.0,dhaka_bangladesh
2022-06-08 07:00:00,1.149762221365077e-07,0,0.0,500.0,dhaka_bangladesh
2022-06-08 08:00:00,1.1028398009157638e-07,0,0.0,500.0,dhaka_bangladesh
2022-06-08 09:00:00,1.0578323099187433e-07,0,0.0,500.0,dhaka_bangladesh
2022-06-08 10:00:00,1.0146615990634645e-07,0,0.0,500.0,dhaka_bangladesh
2022-06-08 11:00:00,9.732527083551734e-08,0,0.0,500.0,dhaka_bangladesh
2022-06-08 12:00:00,9.335337369571989e-08,0,0.0,500.0,dhaka_bangladesh
2022-06-08 13:00:00,8.9543571834504e-08,0,0.0,500.0,dhaka_bangladesh
2022-06-08 14:00:00,8.588925005555091e-08,0,0.0,500.0,dhaka_bangladesh
2022-06-08 15:00:00,8.238406313229504e-08,0,0.0,500.0,dhaka_bangladesh
2022-06-08 16:00:00,7.9021924790311e-08,0,0.0,500.0,dhaka_bangladesh
2022-06-08 17:00:00,7.579699713933748e-08,0,0.0,500.0,dhaka_bangladesh
2022-06-08 18:00:00,7.270368053658413e-08,0,0.0,500.0,dhaka_bangladesh
2022-06-08 19:00:00,6.97366038637223e-08,0,0.0,500.0,dhaka_bangladesh
2022-06-08 20:00:00,6.689061520067873e-08,0,0.0,500.0,dhaka_bangladesh
2022-06-08 21:00:00,6.416077288003544e-08,0,0.0,500.0,dhaka_bangladesh
2022-06-08 22:00:00,6.154233690650387e-08,0,0.0,500.0,dhaka_bangladesh
2022-06-08 23:00:00,5.9030760726577044e-08,0,0.0,500.0,dhaka_bangladesh
2022-06-09 00:00:00,5.662168333406497e-08,0,0.0,500.0,dhaka_bangladesh
2022-06-09 01:00:00,5.4310921697807295e-08,0,0.0,500.0,dhaka_bangladesh
2022-06-09 02:00:00,5.209446349841663e-08,0,0.0,500.0,dhaka_bangladesh
2022-06-09 03:00:00,4.9968460161438156e-08,0,0.0,500.0,dhaka_bangladesh
2022-06-09 04:00:00,4.792922017482943e-08,0,0.0,500.0,dhaka_bangladesh
2022-06-09 05:00:00,4.597320267915894e-08,0,0.0,500.0,dhaka_bangladesh
2022-06-09 06:00:00,4.4097011319390926e-08,0,0.0,500.0,dhaka_bangladesh
2022-06-09 07:00:00,4.229738834758208e-08,0,0.0,500.0,dhaka_bangladesh
2022-06-09 08:00:00,4.057120896625159e-08,0,0.0,500.0,dhaka_bangladesh
2022-06-09 09:00:00,3.8915475902600324e-08,0,0.0,500.0,dhaka_bangladesh
2022-06-09 10:00:00,3.732731420415895e-08,0,0.0,500.0,dhaka_bangladesh
2022-06-09 11:00:00,3.5803966246829394e-08,0,0.0,500.0,dhaka_bangladesh
2022-06-09 12:00:00,3.434278694665025e-08,0,0.0,500.0,dhaka_bangladesh
2022-06-09 13:00:00,3.294123916697223e-08,0,0.0,500.0,dhaka_bangladesh
2022-06-09 14:00:00,3.1596889313070335e-08,0,0.0,500.0,dhaka_bangladesh
2022-06-09 15:00:00,3.030740310654152e-08,0,0.0,500.0,dhaka_bangladesh
2022-06-09 16:00:00,2.9070541532151353e-08,0,0.0,500.0,dhaka_bangladesh
2022-06-09 17:00:00,2.788415695009288e-08,0,0.0,500.0,dhaka_bangladesh
2022-06-09 18:00:00,2.6746189366905636e-08,0,0.0,500.0,dhaka_bangladesh
2022-06-09 19:00:00,2.5654662858580407e-08,0,0.0,500.0,dhaka_bangladesh
2022-06-09 20:00:00,2.4607682139639683e-08,0,0.0,500.0,dhaka_bangladesh
2022-06-09 21:00:00,2.3603429272235265e-08,0,0.0,500.0,dhaka_bangladesh
2022-06-09 22:00:00,2.2640160509549274e-08,0,0.0,500.0,dhaka_bangladesh
2022-06-09 23:00:00,2.1716203268018293e-08,0,0.0,500.0,dhaka_bangladesh
2022-06-10 00:00:00,2.0829953223122196e-08,0,0.0,500.0,dhaka_bangladesh
2022-06-10 01:00:00,1.9979871523695308e-08,0,0.0,500.0,dhaka_bangladesh
2022-06-10 02:00:00,1.9164482119923613e-08,0,0.0,500.0,dhaka_bangladesh
2022-06-10 03:00:00,1.8382369200387346e-08,0,0.0,500.0,dhaka_bangladesh
2022-06-10 04:00:00,1.763217473369927e-08,0,0.0,500.0,dhaka_bangladesh
2022-06-10 05:00:00,1.6912596110470448e-08,0,0.0,500.0,dhaka_bangladesh
2022-06-10 06:00:00,1.6222383881508294e-08,0,0.0,500.0,dhaka_bangladesh
2022-06-10 07:00:00,1.5560339588319966e-08,0,0.0,500.0,dhaka_bangladesh
2022-06-10 08:00:00,1.4925313682154444e-08,0,0.0,500.0,dhaka_bangladesh
2022-06-10 09:00:00,1.4316203527969338e-08,0,0.0,500.0,dhaka_bangladesh
2022-06-10 10:00:00,1.3731951489856833e-08,0,0.0,500.0,dhaka_bangladesh
2022-06-10 11:00:00,1.3171543094604778e-08,0,0.0,500.0,dhaka_bangladesh
2022-06-10 12:00:00,1.2634005270203597e-08,0,0.0,500.0,dhaka_bangladesh
2022-06-10 13:00:00,1.2118404656240572e-08,0,0.0,500.0,dhaka_bangladesh
2022-06-10 14:00:00,1.1623845983248235e-08,0,0.0,500.0,dhaka_bangladesh
2022-06-10 15:00:00,1.114947051819213e-08,0,0.0,500.0,dhaka_bangladesh
2022-06-10 16:00:00,1.0694454573399045e-08,0,0.0,500.0,dhaka_bangladesh
2022-06-10 17:00:00,1.025800807633696e-08,0,0.0,500.0,dhaka_bangladesh
2022-06-10 18:00:00,9.83937319776282e-09,0,0.0,500.0,dhaka_bangladesh
2022-06-10 19:00:00,9.437823035856319e-09,0,0.0,500.0,dhaka_bangladesh
2022-06-10 20:00:00,9.052660354055129e-09,0,0.0,500.0,dhaka_bangladesh
2022-06-10 21:00:00,8.683216370399572e-09,0,0.0,500.0,dhaka_bangladesh
2022-06-10 22:00:00,8.328849596284743e-09,0,0.0,500.0,dhaka_bangladesh
2022-06-10 23:00:00,7.988944722604017e-09,0,0.0,500.0,dhaka_bangladesh
2022-06-11 00:00:00,7.662911551349477e-09,0,0.0,500.0,dhaka_bangladesh
2022-06-11 01:00:00,7.3501839708142436e-09,0,0.0,500.0,dhaka_bangladesh
2022-06-11 02:00:00,7.050218972617595e-09,0,0.0,500.0,dhaka_bangladesh
2022-06-11 03:00:00,6.76249570884563e-09,0,0.0,500.0,dhaka_bangladesh
2022-06-11 04:00:00,6.486514587670512e-09,0,0.0,500.0,dhaka_bangladesh
2022-06-11 05:00:00,6.221796405878177e-09,0,0.0,500.0,dhaka_bangladesh
2022-06-11 06:00:00,5.967881516797886e-09,0,0.0,500.0,dhaka_bangladesh
2022-06-11 07:00:00,5.7243290321890225e-09,0,0.0,500.0,dhaka_bangladesh
2022-06-11 08:00:00,5.4907160566994605e-09,0,0.0,500.0,dhaka_bangladesh
2022-06-11 09:00:00,5.2666369535659915e-09,0,0.0,500.0,dhaka_bangladesh
2022-06-11 10:00:00,5.051702640281886e-09,0,0.0,500.0,dhaka_bangladesh
2022-06-11 11:00:00,4.8455399130087764e-09,0,0.0,500.0,dhaka_bangladesh
2022-06-11 12:00:00,4.6477907985595584e-09,0,0.0,500.0,dhaka_bangladesh
2022-06-11 13:00:00,4.4581119328271864e-09,0,0.0,500.0,dhaka_bangladesh
2022-06-11 14:00:00,4.276173964580275e-09,0,0.0,500.0,dhaka_bangladesh
2022-06-11 15:00:00,4.101660983589992e-09,0,0.0,500.0,dhaka_bangladesh
2022-06-11 16:00:00,3.934269972095416e-09,0,0.0,500.0,dhaka_bangladesh
2022-06-11 17:00:00,3.773710278654981e-09,0,0.0,500.0,dhaka_bangladesh
2022-06-11 18:00:00,3.6197031134702533e-09,0,0.0,500.0,dhaka_bangladesh
2022-06-11 19:00:00,3.471981064305787e-09,0,0.0,500.0,dhaka_bangladesh
2022-06-11 20:00:00,3.330287632164672e-09,0,0.0,500.0,dhaka_bangladesh
2022-06-11 21:00:00,3.194376785913315e-09,0,0.0,500.0,dhaka_bangladesh
2022-06-11 22:00:00,3.064012535082224e-09,0,0.0,500.0,dhaka_bangladesh
2022-06-11 23:00:00,2.9389685201011094e-09,0,0.0,500.0,dhaka_bangladesh
2022-06-12 00:00:00,2.819027619256635e-09,0,0.0,500.0,dhaka_bangladesh
2022-06-12 01:00:00,2.7039815716904372e-09,0,0.0,500.0,dhaka_bangladesh
2022-06-12 02:00:00,2.5936306157828617e-09,0,0.0,500.0,dhaka_bangladesh
2022-06-12 03:00:00,2.4877831422944073e-09,0,0.0,500.0,dhaka_bangladesh
2022-06-12 04:00:00,2.3862553616626368e-09,0,0.0,500.0,dhaka_bangladesh
2022-06-12 05:00:00,2.2888709848769523e-09,0,0.0,500.0,dhaka_bangladesh
2022-06-12 06:00:00,2.1954609173769856e-09,0,0.0,500.0,dhaka_bangladesh
2022-06-12 07:00:00,2.1058629654431602e-09,0,0.0,500.0,dhaka_bangladesh
2022-06-12 08:00:00,2.0199215545696624e-09,0,0.0,500.0,dhaka_bangladesh
2022-06-12 09:00:00,1.937487459330724e-09,0,0.0,500.0,dhaka_bangladesh
2022-06-12 10:00:00,1.8584175442711997e-09,0,0.0,500.0,dhaka_bangladesh
2022-06-12 11:00:00,1.7825745153715879e-09,0,0.0,500.0,dhaka_bangladesh
2022-06-12 12:00:00,1.7098266816558615e-09,0,0.0,500.0,dhaka_bangladesh
2022-06-12 13:00:00,1.6400477265282038e-09,0,0.0,500.0,dhaka_bangladesh
2022-06-12 14:00:00,1.5731164884416622e-09,0,0.0,500.0,dhaka_bangladesh
2022-06-12 15:00:00,1.5089167505177948e-09,0,0.0,500.0,dhaka_bangladesh
2022-06-12 16:00:00,1.4473370387520476e-09,0,0.0,500.0,dhaka_bangladesh
2022-06-12 17:00:00,1.3882704284545227e-09,0,0.0,500.0,dhaka_bangladesh
2022-06-12 18:00:00,1.3316143585899667e-09,0,0.0,500.0,dhaka_bangladesh
2022-06-12 19:00:00,1.2772704536946425e-09,0,0.0,500.0,dhaka_bangladesh
2022-06-12 20:00:00,1.2251443530609055e-09,0,0.0,500.0,dhaka_bangladesh
2022-06-12 21:00:00,1.1751455468928185e-09,0,0.0,500.0,dhaka_bangladesh
2022-06-12 22:00:00,1.1271872191483426e-09,0,0.0,500.0,dhaka_bangladesh
2022-06-12 23:00:00,1.0811860967952567e-09,0,0.0,500.0,dhaka_bangladesh
2022-06-13 00:00:00,1.0370623052189925e-09,0,0.0,500.0,dhaka_bangladesh
2022-06-13 01:00:00,9.947392295313562e-10,0,0.0,500.0,dhaka_bangladesh
2022-06-13 02:00:00,9.541433815393427e-10,0,0.0,500.0,dhaka_bangladesh
2022-06-13 03:00:00,9.152042721430012e-10,0,0.0,500.0,dhaka_bangladesh
2022-06-13 04:00:00,8.778542889408088e-10,0,0.0,500.0,dhaka_bangladesh
2022-06-13 05:00:00,8.420285788300619e-10,0,0.0,500.0,dhaka_bangladesh
2022-06-13 06:00:00,8.076649353983877e-10,0,0.0,500.0,dhaka_bangladesh
2022-06-13 07:00:00,7.747036909108663e-10,0,0.0,500.0,dhaka_bangladesh
2022-06-13 08:00:00,7.430876127052385e-10,0,0.0,500.0,dhaka_bangladesh
2022-06-13 09:00:00,7.127618038152645e-10,0,0.0,500.0,dhaka_bangladesh
2022-06-13 10:00:00,6.836736076496931e-10,0,0.0,500.0,dhaka_bangladesh
2022-06-13 11:00:00,6.557725165613544e-10,0,0.0,500.0,dhaka_bangladesh
2022-06-13 12:00:00,6.290100841475781e-10,0,0.0,500.0,dhaka_bangladesh
2022-06-13 13:00:00,6.033398411296884e-10,0,0.0,500.0,dhaka_bangladesh
2022-06-13 14:00:00,5.787172146655005e-10,0,0.0,500.0,dhaka_bangladesh
2022-06-13 15:00:00,5.550994509547133e-10,0,0.0,500.0,dhaka_bangladesh
2022-06-13 16:00:00,0.5996649500928503,1,4.3,429.52625555896185,dhaka_bangladesh
2022-06-13 17:00:00,0.5751922979269394,1,4.3,429.52625555896185,dhaka_bangladesh
2022-06-13 18:00:00,0.5517183879818988,1,4.3,429.52625555896185,dhaka_bangladesh
2022-06-13 19:00:00,0.5292024610454863,1,4.3,429.52625555896185,dhaka_bangladesh
2022-06-13 20:00:00,0.5076054213110399,1,4.3,429.52625555896185,dhaka_bangladesh
2022-06-13 21:00:00,0.4868897684929917,1,4.3,429.52625555896185,dhaka_bangladesh
2022-06-13 22:00:00,0.4670195327127866,1,4.3,429.52625555896185,dhaka_bangladesh
2022-06-13 23:00:00,0.44796021204214126,1,4.3,429.52625555896185,dhaka_bangladesh
2022-06-14 00:00:00,0.4296787125951959,1,4.3,429.52625555896185,dhaka_bangladesh
2022-06-14 01:00:00,0.4121432910655393,1,4.3,429.52625555896185,dhaka_bangladesh
2022-06-14 02:00:00,0.39532349960832813,1,4.3,429.52625555896185,dhaka_bangladesh
2022-06-14 03:00:00,0.3791901329717969,1,4.3,429.52625555896185,dhaka_bangladesh
2022-06-14 04:00:00,0.36371517778635976,1,4.3,429.52625555896185,dhaka_bangladesh
2022-06-14 05:00:00,0.34887176392325214,1,4.3,429.52625555896185,dhaka_bangladesh
2022-06-14 06:00:00,0.33463411783825164,1,4.3,429.52625555896185,dhaka_bangladesh
2022-06-14 07:00:00,0.320977517819468,1,4.3,429.52625555896185,dhaka_bangladesh
2022-06-14 08:00:00,0.30787825106149425,1,4.3,429.52625555896185,dhaka_bangladesh
2022-06-14 09:00:00,0.29531357249138557,1,4.3,429.52625555896185,dhaka_bangladesh
2022-06-14 10:00:00,0.2832616652749723,1,4.3,429.52625555896185,dhaka_bangladesh
2022-06-14 11:00:00,0.2717016029349311,1,4.3,429.52625555896185,dhaka_bangladesh
2022-06-14 12:00:00,0.2606133130148392,1,4.3,429.52625555896185,dhaka_bangladesh
2022-06-14 13:00:00,0.24997754222611746,1,4.3,429.52625555896185,dhaka_bangladesh
2022-06-14 14:00:00,0.23977582301734632,1,4.3,429.52625555896185,dhaka_bangladesh
2022-06-14 15:00:00,0.22999044150790518,1,4.3,429.52625555896185,dhaka_bangladesh
2022-06-14 16:00:00,0.22060440673025858,0,0.0,500.0,dhaka_bangladesh
2022-06-14 17:00:00,0.21160142112748023,0,0.0,500.0,dhaka_bangladesh
2022-06-14 18:00:00,0.20296585225478994,0,0.0,500.0,dhaka_bangladesh
2022-06-14 19:00:00,0.19468270563596543,0,0.0,500.0,dhaka_bangladesh
2022-06-14 20:00:00,0.18673759872749987,0,0.0,500.0,dhaka_bangladesh
2022-06-14 21:00:00,0.1791167359452947,0,0.0,500.0,dhaka_bangladesh
2022-06-14 22:00:00,0.17180688471052807,0,0.0,500.0,dhaka_bangladesh
2022-06-14 23:00:00,0.1647953524731037,0,0.0,500.0,dhaka_bangladesh
2022-06-15 00:00:00,0.15806996467278545,0,0.0,500.0,dhaka_bangladesh
2022-06-15 01:00:00,0.15161904359974973,0,0.0,500.0,dhaka_bangladesh
2022-06-15 02:00:00,0.14543138811785067,0,0.0,500.0,dhaka_bangladesh
2022-06-15 03:00:00,0.13949625421538958,0,0.0,500.0,dhaka_bangladesh
2022-06-15 04:00:00,0.13380333634961783,0,0.0,500.0,dhaka_bangladesh
2022-06-15 05:00:00,0.12834274955258135,0,0.0,500.0,dhaka_bangladesh
2022-06-15 06:00:00,0.12310501226723462,0,0.0,500.0,dhaka_bangladesh
2022-06-15 07:00:00,0.11808102988402253,0,0.0,500.0,dhaka_bangladesh
2022-06-15 08:00:00,0.11326207894934352,0,0.0,500.0,dhaka_bangladesh
2022-06-15 09:00:00,0.10863979201847317,0,0.0,500.0,dhaka_bangladesh
2022-06-15 10:00:00,0.10420614312664896,0,0.0,500.0,dhaka_bangladesh
2022-06-15 11:00:00,0.09995343385308754,0,0.0,500.0,dhaka_bangladesh
2022-06-15 12:00:00,0.09587427995373723,0,0.0,500.0,dhaka_bangladesh
2022-06-15 13:00:00,0.09196159853955473,0,0.0,500.0,dhaka_bangladesh
2022-06-15 14:00:00,0.08820859577804402,0,0.0,500.0,dhaka_bangladesh
2022-06-15 15:00:00,0.08460875509670146,0,0.0,500.0,dhaka_bangladesh
2022-06-15 16:00:00,0.0811558258678851,0,0.0,500.0,dhaka_bangladesh
2022-06-15 17:00:00,0.07784381255546045,0,0.0,500.0,dhaka_bangladesh
2022-06-15 18:00:00,0.07466696430437762,0,0.0,500.0,dhaka_bangladesh
2022-06-15 19:00:00,0.07161976495510337,0,0.0,500.0,dhaka_bangladesh
2022-06-15 20:00:00,0.0686969234655697,0,0.0,500.0,dhaka_bangladesh
2022-06-15 21:00:00,0.06589336472400781,0,0.0,500.0,dhaka_bangladesh
2022-06-15 22:00:00,0.0632042207367155,0,0.0,500.0,dhaka_bangladesh
2022-06-15 23:00:00,0.060624822175456276,0,0.0,500.0,dhaka_bangladesh
2022-06-16 00:00:00,0.05815069026981393,0,0.0,500.0,dhaka_bangladesh
2022-06-16 01:00:00,0.055777529030424475,0,0.0,500.0,dhaka_bangladesh
2022-06-16 02:00:00,0.05350121778958205,0,0.0,500.0,dhaka_bangladesh
2022-06-16 03:00:00,0.05131780404626696,0,0.0,500.0,dhaka_bangladesh
2022-06-16 04:00:00,0.04922349660317195,0,0.0,500.0,dhaka_bangladesh
2022-06-16 05:00:00,0.04721465898381001,0,0.0,500.0,dhaka_bangladesh
2022-06-16 06:00:00,0.04528780311827381,0,0.0,500.0,dhaka_bangladesh
2022-06-16 07:00:00,0.04343958328668259,0,0.0,500.0,dhaka_bangladesh
2022-06-16 08:00:00,0.04166679030980029,0,0.0,500.0,dhaka_bangladesh
2022-06-16 09:00:00,0.03996634597673762,0,0.0,500.0,dhaka_bangladesh
2022-06-16 10:00:00,0.03833529770006294,0,0.0,500.0,dhaka_bangladesh
2022-06-16 11:00:00,0.036770813389040584,0,0.0,500.0,dhaka_bangladesh
2022-06-16 12:00:00,0.03527017653209525,0,0.0,500.0,dhaka_bangladesh
2022-06-16 13:00:00,0.03383078147996391,0,0.0,500.0,dhaka_bangladesh
2022-06-16 14:00:00,0.03245012892134448,0,0.0,500.0,dhaka_bangladesh
2022-06-16 15:00:00,0.031125821543185946,0,0.0,500.0,dhaka_bangladesh
2022-06-16 16:00:00,0.02985555986808445,0,0.0,500.0,dhaka_bangladesh
2022-06-16 17:00:00,0.028637138261557303,0,0.0,500.0,dhaka_bangladesh
2022-06-16 18:00:00,0.027468441102262472,0,0.0,500.0,dhaka_bangladesh
2022-06-16 19:00:00,0.026347439108513483,0,0.0,500.0,dhaka_bangladesh
2022-06-16 20:00:00,0.025272185814711124,0,0.0,500.0,dhaka_bangladesh
2022-06-16 21:00:00,0.024240814191574023,0,0.0,500.0,dhaka_bangladesh
2022-06-16 22:00:00,0.02325153340429938,0,0.0,500.0,dhaka_bangladesh
2022-06-16 23:00:00,0.02230262570302492,0,0.0,500.0,dhaka_bangladesh
2022-06-17 00:00:00,0.021392443440192775,0,0.0,500.0,dhaka_bangladesh
2022-06-17 01:00:00,0.02051940620963646,0,0.0,500.0,dhaka_bangladesh
2022-06-17 02:00:00,0.01968199810242307,0,0.0,500.0,dhaka_bangladesh
2022-06-17 03:00:00,0.018878765074686266,0,0.0,500.0,dhaka_bangladesh
2022-06-17 04:00:00,0.018108312422879285,0,0.0,500.0,dhaka_bangladesh
2022-06-17 05:00:00,0.01736930236206425,0,0.0,500.0,dhaka_bangladesh
2022-06-17 06:00:00,0.01666045170303287,0,0.0,500.0,dhaka_bangladesh
2022-06-17 07:00:00,0.015980529624225123,0,0.0,500.0,dhaka_bangladesh
2022-06-17 08:00:00,0.015328355534576996,0,0.0,500.0,dhaka_bangladesh
2022-06-17 09:00:00,0.014702797023586756,0,0.0,500.0,dhaka_bangladesh
2022-06-17 10:00:00,0.014102767895040036,0,0.0,500.0,dhaka_bangladesh
2022-06-17 11:00:00,0.013527226280979637,0,0.0,500.0,dhaka_bangladesh
2022-06-17 12:00:00,0.01297517283264532,0,0.0,500.0,dhaka_bangladesh
2022-06-17 13:00:00,0.012445648985242306,0,0.0,500.0,dhaka_bangladesh
2022-06-17 14:00:00,0.011937735293525466,0,0.0,500.0,dhaka_bangladesh
2022-06-17 15:00:00,0.01145054983530929,0,0.0,500.0,dhaka_bangladesh
2022-06-17 16:00:00,0.01098324668013145,0,0.0,500.0,dhaka_bangladesh
2022-06-17 17:00:00,0.010535014420411024,0,0.0,500.0,dhaka_bangladesh
2022-06-17 18:00:00,0.010105074762550998,0,0.0,500.0,dhaka_bangladesh
2022-06-17 19:00:00,0.009692681175538544,0,0.0,500.0,dhaka_bangladesh
2022-06-17 20:00:00,0.009297117594696777,0,0.0,500.0,dhaka_bangladesh
2022-06-17 21:00:00,0.008917697178337021,0,0.0,500.0,dhaka_bangladesh
2022-06-17 22:00:00,0.00855376111515278,0,0.0,500.0,dhaka_bangladesh
2022-06-17 23:00:00,0.00820467748028465,0,0.0,500.0,dhaka_bangladesh
2022-06-18 00:00:00,0.00786984013806981,0,0.0,500.0,dhaka_bangladesh
2022-06-18 01:00:00,0.007548667689570883,0,0.0,500.0,dhaka_bangladesh
2022-06-18 02:00:00,0.007240602463056785,0,0.0,500.0,dhaka_bangladesh
2022-06-18 03:00:00,0.006945109545682531,0,0.0,500.0,dhaka_bangladesh
2022-06-18 04:00:00,0.0066616758546867196,0,0.0,500.0,dhaka_bangladesh
2022-06-18 05:00:00,0.006389809246494006,0,0.0,500.0,dhaka_bangladesh
2022-06-18 06:00:00,0.0061290376621755405,0,0.0,500.0,dhaka_bangladesh
2022-06-18 07:00:00,0.005878908307783617,0,0.0,500.0,dhaka_bangladesh
2022-06-18 08:00:00,0.005638986868137368,0,0.0,500.0,dhaka_bangladesh
2022-06-18 09:00:00,0.005408856752694244,0,0.0,500.0,dhaka_bangladesh
2022-06-18 10:00:00,0.0051881183721978865,0,0.0,500.0,dhaka_bangladesh
2022-06-18 11:00:00,0.004976388444846437,0,0.0,500.0,dhaka_bangladesh
2022-06-18 12:00:00,0.0047732993307764435,0,0.0,500.0,dhaka_bangladesh
2022-06-18 13:00:00,0.004578498393706868,0,0.0,500.0,dhaka_bangladesh
2022-06-18 14:00:00,0.004391647388634751,0,0.0,500.0,dhaka_bangladesh
2022-06-18 15:00:00,0.004212421874519333,0,0.0,500.0,dhaka_bangladesh
2022-06-18 16:00:00,0.004040510650934855,0,0.0,500.0,dhaka_bangladesh
2022-06-18 17:00:00,0.0038756152177138944,0,0.0,500.0,dhaka_bangladesh
2022-06-18 18:00:00,0.003717449256642907,0,0.0,500.0,dhaka_bangladesh
2022-06-18 19:00:00,0.003565738134310078,0,0.0,500.0,dhaka_bangladesh
2022-06-18 20:00:00,0.003420218425242234,0,0.0,500.0,dhaka_bangladesh
2022-06-18 21:00:00,0.0032806374545027712,0,0.0,500.0,dhaka_bangladesh
2022-06-18 22:00:00,0.003146752858956418,0,0.0,500.0,dhaka_bangladesh
2022-06-18 23:00:00,0.0030183321664390343,0,0.0,500.0,dhaka_bangladesh
2022-06-19 00:00:00,0.0028951523921017077,0,0.0,500.0,dhaka_bangladesh
2022-06-19 01:00:00,0.0027769996512282597,0,0.0,500.0,dhaka_bangladesh
2022-06-19 02:00:00,0.0026636687878538994,0,0.0,500.0,dhaka_bangladesh
2022-06-19 03:00:00,0.002554963018540139,0,0.0,500.0,dhaka_bangladesh
2022-06-19 04:00:00,0.0024506935906874402,0,0.0,500.0,dhaka_bangladesh
2022-06-19 05:00:00,0.00235067945479233,0,0.0,500.0,dhaka_bangladesh
2022-06-19 06:00:00,0.002254746950079861,0,0.0,500.0,dhaka_bangladesh
2022-06-19 07:00:00,0.0021627295029655867,0,0.0,500.0,dhaka_bangladesh
2022-06-19 08:00:00,0.0020744673378234766,0,0.0,500.0,dhaka_bangladesh
2022-06-19 09:00:00,0.0019898071995575408,0,0.0,500.0,dhaka_bangladesh
2022-06-19 10:00:00,0.0019086020874954516,0,0.0,500.0,dhaka_bangladesh
2022-06-19 11:00:00,0.0018307110001421296,0,0.0,500.0,dhaka_bangladesh
2022-06-19 12:00:00,0.0017559986903500574,0,0.0,500.0,dhaka_bangladesh
2022-06-19 13:00:00,0.0016843354304812291,0,0.0,500.0,dhaka_bangladesh
2022-06-19 14:00:00,0.001615596787152976,0,0.0,500.0,dhaka_bangladesh
2022-06-19 15:00:00,0.0015496634051765318,0,0.0,500.0,dhaka_bangladesh
2022-06-19 16:00:00,0.0014864208003131758,0,0.0,500.0,dhaka_bangladesh
2022-06-19 17:00:00,0.0014257591604881251,0,0.0,500.0,dhaka_bangladesh
2022-06-19 18:00:00,0.0013675731551169865,0,0.0,500.0,dhaka_bangladesh
2022-06-19 19:00:00,0.0013117617522136929,0,0.0,500.0,dhaka_bangladesh
2022-06-19 20:00:00,0.0012582280429623836,0,0.0,500.0,dhaka_bangladesh
2022-06-19 21:00:00,0.0012068790734485828,0,0.0,500.0,dhaka_bangladesh
2022-06-19 22:00:00,0.0011576256832575254,0,0.0,500.0,dhaka_bangladesh
2022-06-19 23:00:00,0.0011103823506593807,0,0.0,500.0,dhaka_bangladesh
2022-06-20 00:00:00,0.0010650670441125407,0,0.0,500.0,dhaka_bangladesh
2022-06-20 01:00:00,0.001021601079827142,0,0.0,500.0,dhaka_bangladesh
2022-06-20 02:00:00,0.0009799089851415053,0,0.0,500.0,dhaka_bangladesh
2022-06-20 03:00:00,0.0009399183674742477,0,0.0,500.0,dhaka_bangladesh
2022-06-20 04:00:00,0.0009015597886245309,0,0.0,500.0,dhaka_bangladesh
2022-06-20 05:00:00,0.000864766644202193,0,0.0,500.0,dhaka_bangladesh
2022-06-20 06:00:00,0.0008294750479783932,0,0.0,500.0,dhaka_bangladesh
2022-06-20 07:00:00,0.0007956237209559712,0,0.0,500.0,dhaka_bangladesh
2022-06-20 08:00:00,0.0007631538849669101,0,0.0,500.0,dhaka_bangladesh
2022-06-20 09:00:00,0.0007320091606121407,0,0.0,500.0,dhaka_bangladesh
2022-06-20 10:00:00,0.0007021354693664749,0,0.0,500.0,dhaka_bangladesh
2022-06-20 11:00:00,0.0006734809396786988,0,0.0,500.0,dhaka_bangladesh
2022-06-20 12:00:00,0.0006459958169037638,0,0.0,500.0,dhaka_bangladesh
2022-06-20 13:00:00,0.0006196323769106953,0,0.0,500.0,dhaka_bangladesh
2022-06-20 14:00:00,0.0005943448432162144,0,0.0,500.0,dhaka_bangladesh
2022-06-20 15:00:00,0.000570089307500177,0,0.0,500.0,dhaka_bangladesh
2022-06-20 16:00:00,0.0005468236533648192,0,0.0,500.0,dhaka_bangladesh
2022-06-20 17:00:00,0.0005245074832054361,0,0.0,500.0,dhaka_bangladesh
2022-06-20 18:00:00,0.0005031020480655031,0,0.0,500.0,dhaka_bangladesh
2022-06-20 19:00:00,0.00048257018035444534,0,0.0,500.0,dhaka_bangladesh
2022-06-20 20:00:00,0.0004628762293112392,0,0.0,500.0,dhaka_bangladesh
2022-06-20 21:00:00,0.0004439859991017727,0,0.0,500.0,dhaka_bangladesh
2022-06-20 22:00:00,0.00042586668944248753,0,0.0,500.0,dhaka_bangladesh
2022-06-20 23:00:00,0.0004084868386472055,0,0.0,500.0,dhaka_bangladesh
2022-06-21 00:00:00,0.0003918162689982414,0,0.0,500.0,dhaka_bangladesh
2022-06-21 01:00:00,0.0003758260343469511,0,0.0,500.0,dhaka_bangladesh
2022-06-21 02:00:00,0.00036048836985273216,0,0.0,500.0,dhaka_bangladesh
2022-06-21 03:00:00,0.00034577664377320066,0,0.0,500.0,dhaka_bangladesh
2022-06-21 04:00:00,0.0003316653112218361,0,0.0,500.0,dhaka_bangladesh
2022-06-21 05:00:00,0.0003181298698128062,0,0.0,500.0,dhaka_bangladesh
2022-06-21 06:00:00,0.0003051468171159466,0,0.0,500.0,dhaka_bangladesh
2022-06-21 07:00:00,0.0002926936098480262,0,0.0,500.0,dhaka_bangladesh
2022-06-21 08:00:00,0.00028074862472944205,0,0.0,500.0,dhaka_bangladesh
2022-06-21 09:00:00,0.00026929112093837087,0,0.0,500.0,dhaka_bangladesh
2022-06-21 10:00:00,0.00025830120409718724,0,0.0,500.0,dhaka_bangladesh
2022-06-21 11:00:00,0.0002477597917286176,0,0.0,500.0,dhaka_bangladesh
2022-06-21 12:00:00,0.00023764858012164598,0,0.0,500.0,dhaka_bangladesh
2022-06-21 13:00:00,0.00022795001254963907,0,0.0,500.0,dhaka_bangladesh
2022-06-21 14:00:00,0.00021864724878550948,0,0.0,500.0,dhaka_bangladesh
2022-06-21 15:00:00,0.00020972413586097964,0,0.0,500.0,dhaka_bangladesh
2022-06-21 16:00:00,0.00020116518001917608,0,0.0,500.0,dhaka_bangladesh
2022-06-21 17:00:00,0.0001929555198118557,0,0.0,500.0,dhaka_bangladesh
2022-06-21 18:00:00,0.00018508090029454522,0,0.0,500.0,dhaka_bangladesh
2022-06-21 19:00:00,0.00017752764827479547,0,0.0,500.0,dhaka_bangladesh
2022-06-21 20:00:00,0.0001702826485705632,0,0.0,500.0,dhaka_bangladesh
2022-06-21 21:00:00,0.0001633333212375045,0,0.0,500.0,dhaka_bangladesh
2022-06-21 22:00:00,0.0001566675997256345,0,0.0,500.0,dhaka_bangladesh
2022-06-21 23:00:00,0.0001502739099274232,0,0.0,500.0,dhaka_bangladesh
2022-06-22 00:00:00,0.00014414115008095247,0,0.0,500.0,dhaka_bangladesh
2022-06-22 01:00:00,0.00013825867149323568,0,0.0,500.0,dhaka_bangladesh
2022-06-22 02:00:00,0.00013261626005022745,0,0.0,500.0,dhaka_bangladesh
2022-06-22 03:00:00,0.00012720411848142184,0,0.0,500.0,dhaka_bangladesh
2022-06-22 04:00:00,0.00012201284934824157,0,0.0,500.0,dhaka_bangladesh
2022-06-22 05:00:00,0.00011703343872667896,0,0.0,500.0,dhaka_bangladesh
2022-06-22 06:00:00,0.00011225724055585865,0,0.0,500.0,dhaka_bangladesh
2022-06-22 07:00:00,0.00010767596162534405,0,0.0,500.0,dhaka_bangladesh
2022-06-22 08:00:00,0.00010328164717511823,0,0.0,500.0,dhaka_bangladesh
2022-06-22 09:00:00,9.906666708323907e-05,0,0.0,500.0,dhaka_bangladesh
2022-06-22 10:00:00,9.502370261718388e-05,0,0.0,500.0,dhaka_bangladesh
2022-06-22 11:00:00,9.114573372587685e-05,0,0.0,500.0,dhaka_bangladesh
2022-06-22 12:00:00,8.74260268503378e-05,0,0.0,500.0,dhaka_bangladesh
2022-06-22 13:00:00,8.385812323178447e-05,0,0.0,500.0,dhaka_bangladesh
2022-06-22 14:00:00,8.043582769688663e-05,0,0.0,500.0,dhaka_bangladesh
2022-06-22 15:00:00,7.715319790070078e-05,0,0.0,500.0,dhaka_bangladesh
2022-06-22 16:00:00,7.400453400860711e-05,0,0.0,500.0,dhaka_bangladesh
2022-06-22 17:00:00,7.098436879933064e-05,0,0.0,500.0,dhaka_bangladesh
2022-06-22 18:00:00,6.808745817186475e-05,0,0.0,500.0,dhaka_bangladesh
2022-06-22 19:00:00,6.530877203981212e-05,0,0.0,500.0,dhaka_bangladesh
2022-06-22 20:00:00,6.264348559733189e-05,0,0.0,500.0,dhaka_bangladesh
2022-06-22 21:00:00,6.0086970941528824e-05,0,0.0,500.0,dhaka_bangladesh
2022-06-22 22:00:00,5.763478903673763e-05,0,0.0,500.0,dhaka_bangladesh
2022-06-22 23:00:00,5.528268200674812e-05,0,0.0,500.0,dhaka_bangladesh
2022-06-23 00:00:00,5.302656574158978e-05,0,0.0,500.0,dhaka_bangladesh
2022-06-23 01:00:00,5.086252280603755e-05,0,0.0,500.0,dhaka_bangladesh
2022-06-23 02:00:00,4.878679563752435e-05,0,0.0,500.0,dhaka_bangladesh
2022-06-23 03:00:00,4.67957800216514e-05,0,0.0,500.0,dhaka_bangladesh
2022-06-23 04:00:00,4.488601883396649e-05,0,0.0,500.0,dhaka_bangladesh
2022-06-23 05:00:00,4.305419603714289e-05,0,0.0,500.0,dhaka_bangladesh
2022-06-23 06:00:00,4.129713092313746e-05,0,0.0,500.0,dhaka_bangladesh
2022-06-23 07:00:00,3.9611772590329234e-05,0,0.0,500.0,dhaka_bangladesh
2022-06-23 08:00:00,3.799519464604856e-05,0,0.0,500.0,dhaka_bangladesh
2022-06-23 09:00:00,3.644459012529931e-05,0,0.0,500.0,dhaka_bangladesh
2022-06-23 10:00:00,3.4957266616850936e-05,0,0.0,500.0,dhaka_bangladesh
2022-06-23 11:00:00,3.353064158823666e-05,0,0.0,500.0,dhaka_bangladesh
2022-06-23 12:00:00,3.216223790154177e-05,0,0.0,500.0,dhaka_bangladesh
2022-06-23 13:00:00,3.084967951219481e-05,0,0.0,500.0,dhaka_bangladesh
2022-06-23 14:00:00,2.959068734329307e-05,0,0.0,500.0,dhaka_bangladesh
2022-06-23 15:00:00,2.8383075328299495e-05,0,0.0,500.0,dhaka_bangladesh
2022-06-23 16:00:00,2.7224746615239382e-05,0,0.0,500.0,dhaka_bangladesh
2022-06-23 17:00:00,2.6113689925805324e-05,0,0.0,500.0,dhaka_bangladesh
2022-06-23 18:00:00,2.5047976063049554e-05,0,0.0,500.0,dhaka_bangladesh
2022-06-23 19:00:00,2.4025754561599202e-05,0,0.0,500.0,dhaka_bangladesh
2022-06-23 20:00:00,2.3045250474577755e-05,0,0.0,500.0,dhaka_bangladesh
2022-06-23 21:00:00,2.210476129165432e-05,0,0.0,500.0,dhaka_bangladesh
2022-06-23 22:00:00,2.1202653982869013e-05,0,0.0,500.0,dhaka_bangladesh
2022-06-23 23:00:00,2.0337362163101045e-05,0,0.0,500.0,dhaka_bangladesh
2022-06-24 00:00:00,1.95073833722568e-05,0,0.0,500.0,dhaka_bangladesh
2022-06-24 01:00:00,1.8711276466454836e-05,0,0.0,500.0,dhaka_bangladesh
2022-06-24 02:00:00,1.7947659115677818e-05,0,0.0,500.0,dhaka_bangladesh
2022-06-24 03:00:00,1.721520540354686e-05,0,0.0,500.0,dhaka_bangladesh
2022-06-24 04:00:00,1.6512643525050424e-05,0,0.0,500.0,dhaka_bangladesh
2022-06-24 05:00:00,1.5838753578229853e-05,0,0.0,500.0,dhaka_bangladesh
2022-06-24 06:00:00,1.5192365445987695e-05,0,0.0,500.0,dhaka_bangladesh
2022-06-24 07:00:00,1.4572356764340576e-05,0,0.0,500.0,dhaka_bangladesh
2022-06-24 08:00:00,1.3977650973588524e-05,0,0.0,500.0,dhaka_bangladesh
2022-06-24 09:00:00,1.3407215449017402e-05,0,0.0,500.0,dhaka_bangladesh
2022-06-24 10:00:00,1.2860059707888258e-05,0,0.0,500.0,dhaka_bangladesh
2022-06-24 11:00:00,1.2335233689600424e-05,0,0.0,500.0,dhaka_bangladesh
2022-06-24 12:00:00,1.1831826106042191e-05,0,0.0,500.0,dhaka_bangladesh
2022-06-24 13:00:00,1.1348962859264346e-05,0,0.0,500.0,dhaka_bangladesh
2022-06-24 14:00:00,1.0885805523729525e-05,0,0.0,500.0,dhaka_bangladesh
2022-06-24 15:00:00,1.044154989050179e-05,0,0.0,500.0,dhaka_bangladesh
2022-06-24 16:00:00,1.0015424570848398e-05,0,0.0,500.0,dhaka_bangladesh
2022-06-24 17:00:00,9.606689656829587e-06,0,0.0,500.0,dhaka_bangladesh
2022-06-24 18:00:00,9.21463543655035e-06,0,0.0,500.0,dhaka_bangladesh
2022-06-24 19:00:00,8.838581161843361e-06,0,0.0,500.0,dhaka_bangladesh
2022-06-24 20:00:00,8.477873866243578e-06,0,0.0,500.0,dhaka_bangladesh
2022-06-24 21:00:00,8.131887231201934e-06,0,0.0,500.0,dhaka_bangladesh
2022-06-24 22:00:00,7.80002049856932e-06,0,0.0,500.0,dhaka_bangladesh
2022-06-24 23:00:00,7.4816974274628476e-06,0,0.0,500.0,dhaka_bangladesh
2022-06-25 00:00:00,7.176365293702928e-06,0,0.0,500.0,dhaka_bangladesh
2022-06-25 01:00:00,6.883493930083777e-06,1,4.0,500.1099425473473,dhaka_bangladesh
2022-06-25 02:00:00,6.602574805811099e-06,1,4.0,500.1099425473473,dhaka_bangladesh
2022-06-25 03:00:00,6.333120143508425e-06,1,4.0,500.1099425473473,dhaka_bangladesh
2022-06-25 04:00:00,6.0746620722587975e-06,1,4.0,500.1099425473473,dhaka_bangladesh
2022-06-25 05:00:00,5.8267518152113805e-06,1,4.0,500.1099425473473,dhaka_bangladesh
2022-06-25 06:00:00,5.588958910342293e-06,1,4.0,500.1099425473473,dhaka_bangladesh
2022-06-25 07:00:00,5.360870463016508e-06,1,4.0,500.1099425473473,dhaka_bangladesh
2022-06-25 08:00:00,5.142090429053212e-06,1,4.0,500.1099425473473,dhaka_bangladesh
2022-06-25 09:00:00,4.932238927049649e-06,1,4.0,500.1099425473473,dhaka_bangladesh
2022-06-25 10:00:00,4.730951578769314e-06,1,4.0,500.1099425473473,dhaka_bangladesh
2022-06-25 11:00:00,4.537878876449353e-06,1,4.0,500.1099425473473,dhaka_bangladesh
2022-06-25 12:00:00,4.352685575928483e-06,1,4.0,500.1099425473473,dhaka_bangladesh
2022-06-25 13:00:00,4.175050114541621e-06,1,4.0,500.1099425473473,dhaka_bangladesh
2022-06-25 14:00:00,4.0046640527706174e-06,1,4.0,500.1099425473473,dhaka_bangladesh
2022-06-25 15:00:00,3.8412315386815325e-06,1,4.0,500.1099425473473,dhaka_bangladesh
2022-06-25 16:00:00,3.6844687942184415e-06,1,4.0,500.1099425473473,dhaka_bangladesh
2022-06-25 17:00:00,3.534103622461944e-06,1,4.0,500.1099425473473,dhaka_bangladesh
2022-06-25 18:00:00,3.389874934996712e-06,1,4.0,500.1099425473473,dhaka_bangladesh
2022-06-25 19:00:00,3.251532298567373e-06,1,4.0,500.1099425473473,dhaka_bangladesh
2022-06-25 20:00:00,3.1188355002356633e-06,1,4.0,500.1099425473473,dhaka_bangladesh
2022-06-25 21:00:00,2.9915541302837553e-06,1,4.0,500.1099425473473,dhaka_bangladesh
2022-06-25 22:00:00,2.8694671821394775e-06,1,4.0,500.1099425473473,dhaka_bangladesh
2022-06-25 23:00:00,2.7523626686288498e-06,1,4.0,500.1099425473473,dhaka_bangladesh
2022-06-26 00:00:00,2.6400372538895668e-06,1,4.0,500.1099425473473,dhaka_bangladesh
2022-06-26 01:00:00,2.5322959003062353e-06,0,0.0,500.0,dhaka_bangladesh
2022-06-26 02:00:00,2.428951529854431e-06,0,0.0,500.0,dhaka_bangladesh
2022-06-26 03:00:00,2.3298246992654835e-06,0,0.0,500.0,dhaka_bangladesh
2022-06-26 04:00:00,2.234743288447922e-06,0,0.0,500.0,dhaka_bangladesh
2022-06-26 05:00:00,2.14354220162465e-06,0,0.0,500.0,dhaka_bangladesh
2022-06-26 06:00:00,2.0560630806668762e-06,0,0.0,500.0,dhaka_bangladesh
2022-06-26 07:00:00,1.9721540301270044e-06,0,0.0,500.0,dhaka_bangladesh
2022-06-26 08:00:00,1.8916693534931177e-06,0,0.0,500.0,dhaka_bangladesh
2022-06-26 09:00:00,1.8144693002070593e-06,0,0.0,500.0,dhaka_bangladesh
2022-06-26 10:00:00,1.7404198230068081e-06,0,0.0,500.0,dhaka_bangladesh
2022-06-26 11:00:00,1.669392345171881e-06,0,0.0,500.0,dhaka_bangladesh
2022-06-26 12:00:00,1.6012635372675682e-06,0,0.0,500.0,dhaka_bangladesh
2022-06-26 13:00:00,1.535915103000338e-06,0,0.0,500.0,dhaka_bangladesh
2022-06-26 14:00:00,1.4732335738126185e-06,0,0.0,500.0,dhaka_bangladesh
2022-06-26 15:00:00,1.4131101118602818e-06,0,0.0,500.0,dhaka_bangladesh
2022-06-26 16:00:00,1.355440321030698e-06,0,0.0,500.0,dhaka_bangladesh
2022-06-26 17:00:00,1.3001240656732696e-06,0,0.0,500.0,dhaka_bangladesh
2022-06-26 18:00:00,1.2470652967276701e-06,0,0.0,500.0,dhaka_bangladesh
2022-06-26 19:00:00,1.196171884947861e-06,0,0.0,500.0,dhaka_bangladesh
2022-06-26 20:00:00,1.1473554609323516e-06,0,0.0,500.0,dhaka_bangladesh
2022-06-26 21:00:00,1.100531261682908e-06,0,0.0,500.0,dhaka_bangladesh
2022-06-26 22:00:00,1.055617983425264e-06,0,0.0,500.0,dhaka_bangladesh
2022-06-26 23:00:00,1.0125376404363209e-06,0,0.0,500.0,dhaka_bangladesh
2022-06-27 00:00:00,9.71215429632683e-07,0,0.0,500.0,dhaka_bangladesh
2022-06-27 01:00:00,9.315796006853922e-07,0,0.0,500.0,dhaka_bangladesh
2022-06-27 02:00:00,8.935613314353681e-07,0,0.0,500.0,dhaka_bangladesh
2022-06-27 03:00:00,8.5709460839321e-07,0,0.0,500.0,dhaka_bangladesh
2022-06-27 04:00:00,8.22116112115853e-07,0,0.0,500.0,dhaka_bangladesh
2022-06-27 05:00:00,7.885651072610795e-07,0,0.0,500.0,dhaka_bangladesh
2022-06-27 06:00:00,7.563833371289646e-07,0,0.0,500.0,dhaka_bangladesh
2022-06-27 07:00:00,7.255149225071301e-07,0,0.0,500.0,dhaka_bangladesh
2022-06-27 08:00:00,6.959062646441919e-07,0,0.0,500.0,dhaka_bangladesh
2022-06-27 09:00:00,6.675059521829109e-07,0,0.0,500.0,dhaka_bangladesh
2022-06-27 10:00:00,6.402646718914451e-07,0,0.0,500.0,dhaka_bangladesh
2022-06-27 11:00:00,6.141351230377149e-07,0,0.0,500.0,dhaka_bangladesh
2022-06-27 12:00:00,5.890719352581999e-07,0,0.0,500.0,dhaka_bangladesh
2022-06-27 13:00:00,5.650315897785426e-07,0,0.0,500.0,dhaka_bangladesh
2022-06-27 14:00:00,5.419723438491929e-07,0,0.0,500.0,dhaka_bangladesh
2022-06-27 15:00:00,5.198541582648749e-07,0,0.0,500.0,dhaka_bangladesh
2022-06-27 16:00:00,4.986386278420137e-07,0,0.0,500.0,dhaka_bangladesh
2022-06-27 17:00:00,4.78288914733426e-07,0,0.0,500.0,dhaka_bangladesh
2022-06-27 18:00:00,4.5876968446447405e-07,0,0.0,500.0,dhaka_bangladesh
2022-06-27 19:00:00,4.400470445796098e-07,0,0.0,500.0,dhaka_bangladesh
2022-06-27 20:00:00,4.2208848579279616e-07,0,0.0,500.0,dhaka_bangladesh
2022-06-27 21:00:00,4.048628255396106e-07,0,0.0,500.0,dhaka_bangladesh
2022-06-27 22:00:00,3.8834015383301097e-07,0,0.0,500.0,dhaka_bangladesh
2022-06-27 23:00:00,3.724917813287646e-07,0,0.0,500.0,dhaka_bangladesh
2022-06-28 00:00:00,3.572901895103537e-07,0,0.0,500.0,dhaka_bangladesh
2022-06-28 01:00:00,3.427089829068575e-07,0,0.0,500.0,dhaka_bangladesh
2022-06-28 02:00:00,3.2872284326085315e-07,0,0.0,500.0,dhaka_bangladesh
2022-06-28 03:00:00,3.1530748556675024e-07,0,0.0,500.0,dhaka_bangladesh
2022-06-28 04:00:00,3.0243961590321874e-07,0,0.0,500.0,dhaka_bangladesh
2022-06-28 05:00:00,2.9009689098650436e-07,0,0.0,500.0,dhaka_bangladesh
2022-06-28 06:00:00,2.7825787937439416e-07,0,0.0,500.0,dhaka_bangladesh
2022-06-28 07:00:00,2.6690202425346537e-07,0,0.0,500.0,dhaka_bangladesh
2022-06-28 08:00:00,2.560096077450112e-07,0,0.0,500.0,dhaka_bangladesh
2022-06-28 09:00:00,2.455617166676608e-07,0,0.0,500.0,dhaka_bangladesh
2022-06-28 10:00:00,2.3554020969724173e-07,0,0.0,500.0,dhaka_bangladesh
2022-06-28 11:00:00,2.259276858668696e-07,0,0.0,500.0,dhaka_bangladesh
2022-06-28 12:00:00,2.1670745435256663e-07,0,0.0,500.0,dhaka_bangladesh
2022-06-28 13:00:00,2.0786350549194188e-07,0,0.0,500.0,dhaka_bangladesh
2022-06-28 14:00:00,1.9938048298561784e-07,0,0.0,500.0,dhaka_bangladesh
2022-06-28 15:00:00,1.9124365723313268e-07,0,0.0,500.0,dhaka_bangladesh
2022-06-28 16:00:00,1.8343889975701477e-07,0,0.0,500.0,dhaka_bangladesh
2022-06-28 17:00:00,1.7595265867062843e-07,0,0.0,500.0,dhaka_bangladesh
2022-06-28 18:00:00,1.6877193514718966e-07,0,0.0,500.0,dhaka_bangladesh
2022-06-28 19:00:00,1.618842608490916e-07,0,0.0,500.0,dhaka_bangladesh
2022-06-28 20:00:00,1.552776762783541e-07,0,0.0,500.0,dhaka_bangladesh
2022-06-28 21:00:00,1.4894071001060307e-07,0,0.0,500.0,dhaka_bangladesh
2022-06-28 22:00:00,1.4286235877652002e-07,0,0.0,500.0,dhaka_bangladesh
2022-06-28 23:00:00,1.37032068356181e-07,0,0.0,500.0,dhaka_bangladesh
2022-06-29 00:00:00,1.3143971525310767e-07,0,0.0,500.0,dhaka_bangladesh
2022-06-29 01:00:00,1.2607558911620812e-07,0,0.0,500.0,dhaka_bangladesh
2022-06-29 02:00:00,1.2093037587909028e-07,0,0.0,500.0,dhaka_bangladesh
2022-06-29 03:00:00,1.1599514158746871e-07,0,0.0,500.0,dhaka_bangladesh
2022-06-29 04:00:00,1.1126131688658179e-07,0,0.0,500.0,dhaka_bangladesh
2022-06-29 05:00:00,1.0672068214168806e-07,0,0.0,500.0,dhaka_bangladesh
2022-06-29 06:00:00,1.0236535316580272e-07,0,0.0,500.0,dhaka_bangladesh
2022-06-29 07:00:00,9.818776752989159e-08,0,0.0,500.0,dhaka_bangladesh
2022-06-29 08:00:00,9.418067143175483e-08,0,0.0,500.0,dhaka_bangladesh
2022-06-29 09:00:00,9.03371071007991e-08,0,0.0,500.0,dhaka_bangladesh
2022-06-29 10:00:00,8.665040071682563e-08,0,0.0,500.0,dhaka_bangladesh
2022-06-29 11:00:00,8.311415082186113e-08,0,0.0,500.0,dhaka_bangladesh
2022-06-29 12:00:00,7.972221720490807e-08,0,0.0,500.0,dhaka_bangladesh
2022-06-29 13:00:00,7.646871024031262e-08,0,0.0,500.0,dhaka_bangladesh
2022-06-29 14:00:00,7.334798066124138e-08,0,0.0,500.0,dhaka_bangladesh
2022-06-29 15:00:00,7.03546097505077e-08,0,0.0,500.0,dhaka_bangladesh
2022-06-29 16:00:00,6.74833999317147e-08,0,0.0,500.0,dhaka_bangladesh
2022-06-29 17:00:00,6.472936574438044e-08,0,0.0,500.0,dhaka_bangladesh
2022-06-29 18:00:00,6.208772518737103e-08,0,0.0,500.0,dhaka_bangladesh
2022-06-29 19:00:00,0.6892476864634876,1,4.6,422.00104199059797,dhaka_bangladesh
2022-06-29 20:00:00,0.661119114192642,1,4.6,422.00104199059797,dhaka_bangladesh
2022-06-29 21:00:00,0.6341384842269149,1,4.6,422.00104199059797,dhaka_bangladesh
2022-06-29 22:00:00,0.6082589484176261,1,4.6,422.00104199059797,dhaka_bangladesh
2022-06-29 23:00:00,0.583435570514478,1,4.6,422.00104199059797,dhaka_bangladesh
2022-06-30 00:00:00,0.5596252481399425,1,4.6,422.00104199059797,dhaka_bangladesh
2022-06-30 01:00:00,0.5367866379479183,1,4.6,422.00104199059797,dhaka_bangladesh
2022-06-30 02:00:00,0.5148800838367033,1,4.6,422.00104199059797,dhaka_bangladesh
2022-06-30 03:00:00,0.49386754809163497,1,4.6,422.00104199059797,dhaka_bangladesh
2022-06-30 04:00:00,0.4737125453378365,1,4.6,422.00104199059797,dhaka_bangladesh
2022-06-30 05:00:00,0.4543800791883874,1,4.6,422.00104199059797,dhaka_bangladesh
2022-06-30 06:00:00,0.4358365814779166,1,4.6,422.00104199059797,dhaka_bangladesh
2022-06-30 07:00:00,0.41804985397610545,1,4.6,422.00104199059797,dhaka_bangladesh
2022-06-30 08:00:00,0.40098901247989505,1,4.6,422.00104199059797,dhaka_bangladesh
2022-06-30 09:00:00,0.38462443318732004,1,4.6,422.00104199059797,dhaka_bangladesh
2022-06-30 10:00:00,0.3689277012598555,1,4.6,422.00104199059797,dhaka_bangladesh
2022-06-30 11:00:00,0.35387156148396304,1,4.6,422.00104199059797,dhaka_bangladesh
2022-06-30 12:00:00,0.33942987094616556,1,4.6,422.00104199059797,dhaka_bangladesh
2022-06-30 13:00:00,0.32557755363947727,1,4.6,422.00104199059797,dhaka_bangladesh
2022-06-30 14:00:00,0.3122905569223716,1,4.6,422.00104199059797,dhaka_bangladesh
2022-06-30 15:00:00,0.29954580975468004,1,4.6,422.00104199059797,dhaka_bangladesh
2022-06-30 16:00:00,0.28732118263790873,1,4.6,422.00104199059797,dhaka_bangladesh
2022-06-30 17:00:00,0.27559544919041123,1,4.6,422.00104199059797,dhaka_bangladesh
2022-06-30 18:00:00,0.26434824929069956,1,4.6,422.00104199059797,dhaka_bangladesh
2022-06-30 19:00:00,0.25356005372489726,0,0.0,500.0,dhaka_bangladesh
2022-06-30 20:00:00,0.24321213027694807,0,0.0,500.0,dhaka_bangladesh
2022-06-30 21:00:00,0.2332865112027029,0,0.0,500.0,dhaka_bangladesh
2022-06-30 22:00:00,0.22376596203140545,0,0.0,500.0,dhaka_bangladesh
2022-06-30 23:00:00,0.21463395164040783,0,0.0,500.0,dhaka_bangladesh
2022-07-01 00:00:00,0.2058746235511518,0,0.0,500.0,dhaka_bangladesh
2022-07-01 01:00:00,0.19747276839657749,0,0.0,500.0,dhaka_bangladesh
2022-07-01 02:00:00,0.1894137975121517,0,0.0,500.0,dhaka_bangladesh
2022-07-01 03:00:00,0.18168371760466107,0,0.0,500.0,dhaka_bangladesh
2022-07-01 04:00:00,0.1742691064547848,0,0.0,500.0,dhaka_bangladesh
2022-07-01 05:00:00,0.16715708961125963,0,0.0,500.0,dhaka_bangladesh
2022-07-01 06:00:00,0.16033531803616774,0,0.0,500.0,dhaka_bangladesh
2022-07-01 07:00:00,0.1537919466625327,0,0.0,500.0,dhaka_bangladesh
2022-07-01 08:00:00,0.14751561382699227,0,0.0,500.0,dhaka_bangladesh
2022-07-01 09:00:00,0.14149542154183403,0,0.0,500.0,dhaka_bangladesh
2022-07-01 10:00:00,0.13572091657214042,0,0.0,500.0,dhaka_bangladesh
2022-07-01 11:00:00,0.130182072285186,0,0.0,500.0,dhaka_bangladesh
2022-07-01 12:00:00,0.12486927124057016,0,0.0,500.0,dhaka_bangladesh
2022-07-01 13:00:00,0.11977328849085622,0,0.0,500.0,dhaka_bangladesh
2022-07-01 14:00:00,0.11488527556372055,0,0.0,500.0,dhaka_bangladesh
2022-07-01 15:00:00,0.11019674509779888,0,0.0,500.0,dhaka_bangladesh
2022-07-01 16:00:00,0.10569955610555179,0,0.0,500.0,dhaka_bangladesh
2022-07-01 17:00:00,0.10138589983756109,0,0.0,500.0,dhaka_bangladesh
2022-07-01 18:00:00,0.09724828622371169,0,0.0,500.0,dhaka_bangladesh
2022-07-01 19:00:00,0.9446273711461767,1,4.2,396.50753777923103,dhaka_bangladesh
2022-07-01 20:00:00,0.9060766153001337,1,4.2,396.50753777923103,dhaka_bangladesh
2022-07-01 21:00:00,0.8690991367290206,1,4.2,396.50753777923103,dhaka_bangladesh
2022-07-01 22:00:00,1.6908066459629898,2,4.2,395.35430079706896,dhaka_bangladesh
2022-07-01 23:00:00,1.6218039088177627,2,4.2,395.35430079706896,dhaka_bangladesh
2022-07-02 00:00:00,1.5556172108363882,2,4.2,395.35430079706896,dhaka_bangladesh
2022-07-02 01:00:00,1.4921316279317873,2,4.2,395.35430079706896,dhaka_bangladesh
2022-07-02 02:00:00,1.4312369261312654,2,4.2,395.35430079706896,dhaka_bangladesh
2022-07-02 03:00:00,1.3728273701704,2,4.2,395.35430079706896,dhaka_bangladesh
2022-07-02 04:00:00,1.3168015398983122,2,4.2,395.35430079706896,dhaka_bangladesh
2022-07-02 05:00:00,1.2630621541755391,2,4.2,395.35430079706896,dhaka_bangladesh
2022-07-02 06:00:00,1.2115159019587338,2,4.2,395.35430079706896,dhaka_bangladesh
2022-07-02 07:00:00,1.162073280278886,2,4.2,395.35430079706896,dhaka_bangladesh
2022-07-02 08:00:00,1.11464843883174,2,4.2,395.35430079706896,dhaka_bangladesh
2022-07-02 09:00:00,1.0691590309105652,2,4.2,395.35430079706896,dhaka_bangladesh
2022-07-02 10:00:00,1.0255260704224372,2,4.2,395.35430079706896,dhaka_bangladesh
2022-07-02 11:00:00,0.9836737947397655,2,4.2,395.35430079706896,dhaka_bangladesh
2022-07-02 12:00:00,0.9435295331489213,2,4.2,395.35430079706896,dhaka_bangladesh
2022-07-02 13:00:00,0.9050235806675524,2,4.2,395.35430079706896,dhaka_bangladesh
2022-07-02 14:00:00,0.868089077011478,2,4.2,395.35430079706896,dhaka_bangladesh
2022-07-02 15:00:00,0.8326618905010124,2,4.2,395.35430079706896,dhaka_bangladesh
2022-07-02 16:00:00,0.7986805067051348,2,4.2,395.35430079706896,dhaka_bangladesh
2022-07-02 17:00:00,0.7660859216301497,2,4.2,395.35430079706896,dhaka_bangladesh
2022-07-02 18:00:00,0.734821539267377,2,4.2,395.35430079706896,dhaka_bangladesh
2022-07-02 19:00:00,0.7048330733219766,1,4.2,395.35430079706896,dhaka_bangladesh
2022-07-02 20:00:00,0.6760684529522721,1,4.2,395.35430079706896,dhaka_bangladesh
2022-07-02 21:00:00,0.648477732355905,1,4.2,395.35430079706896,dhaka_bangladesh
2022-07-02 22:00:00,0.6220130040458255,0,0.0,500.0,dhaka_bangladesh
2022-07-02 23:00:00,0.5966283156655394,0,0.0,500.0,dhaka_bangladesh
2022-07-03 00:00:00,0.5722795901991683,0,0.0,500.0,dhaka_bangladesh
2022-07-03 01:00:00,0.5489245494377804,0,0.0,500.0,dhaka_bangladesh
2022-07-03 02:00:00,0.5265226405691029,0,0.0,500.0,dhaka_bangladesh
2022-07-03 03:00:00,0.5050349657631475,0,0.0,500.0,dhaka_bangladesh
2022-07-03 04:00:00,0.4844242146314857,0,0.0,500.0,dhaka_bangladesh
2022-07-03 05:00:00,0.4646545994428955,0,0.0,500.0,dhaka_bangladesh
2022-07-03 06:00:00,0.4456917929828949,0,0.0,500.0,dhaka_bangladesh
2022-07-03 07:00:00,0.4275028689492615,0,0.0,500.0,dhaka_bangladesh
2022-07-03 08:00:00,0.4100562447800411,0,0.0,500.0,dhaka_bangladesh
2022-07-03 09:00:00,0.3933216268147795,0,0.0,500.0,dhaka_bangladesh
2022-07-03 10:00:00,0.37726995769375143,0,0.0,500.0,dhaka_bangladesh
2022-07-03 11:00:00,0.36187336590385694,0,0.0,500.0,dhaka_bangladesh
2022-07-03 12:00:00,0.347105117383577,0,0.0,500.0,dhaka_bangladesh
2022-07-03 13:00:00,0.332939569102957,0,0.0,500.0,dhaka_bangladesh
2022-07-03 14:00:00,0.3193521245380157,0,0.0,500.0,dhaka_bangladesh
2022-07-03 15:00:00,0.30631919096226917,0,0.0,500.0,dhaka_bangladesh
2022-07-03 16:00:00,0.2938181384812094,0,0.0,500.0,dhaka_bangladesh
2022-07-03 17:00:00,0.2818272607386088,0,0.0,500.0,dhaka_bangladesh
2022-07-03 18:00:00,0.2703257372264217,0,0.0,500.0,dhaka_bangladesh
2022-07-03 19:00:00,0.25929359713283906,0,0.0,500.0,dhaka_bangladesh
2022-07-03 20:00:00,0.24871168466572344,0,0.0,500.0,dhaka_bangladesh
2022-07-03 21:00:00,0.23856162579121445,0,0.0,500.0,dhaka_bangladesh
2022-07-03 22:00:00,0.2288257963297483,0,0.0,500.0,dhaka_bangladesh
2022-07-03 23:00:00,0.21948729135409756,0,0.0,500.0,dhaka_bangladesh
2022-07-04 00:00:00,0.2105298958362921,0,0.0,500.0,dhaka_bangladesh
2022-07-04 01:00:00,0.20193805649245636,0,0.0,500.0,dhaka_bangladesh
2022-07-04 02:00:00,0.19369685477667373,0,0.0,500.0,dhaka_bangladesh
2022-07-04 03:00:00,0.18579198097698527,0,0.0,500.0,dhaka_bangladesh
2022-07-04 04:00:00,0.1782097093685458,0,0.0,500.0,dhaka_bangladesh
2022-07-04 05:00:00,0.17093687438079275,0,0.0,500.0,dhaka_bangladesh
2022-07-04 06:00:00,0.1639608477372456,0,0.0,500.0,dhaka_bangladesh
2022-07-04 07:00:00,0.15726951652824261,0,0.0,500.0,dhaka_bangladesh
2022-07-04 08:00:00,0.1508512621785417,0,0.0,500.0,dhaka_bangladesh
2022-07-04 09:00:00,0.14469494027326368,0,0.0,500.0,dhaka_bangladesh
2022-07-04 10:00:00,0.13878986120715092,0,0.0,500.0,dhaka_bangladesh
2022-07-04 11:00:00,0.13312577162353978,0,0.0,500.0,dhaka_bangladesh
2022-07-04 12:00:00,0.12769283661081823,0,0.0,500.0,dhaka_bangladesh
2022-07-04 13:00:00,0.12248162262545657,0,0.0,500.0,dhaka_bangladesh
2022-07-04 14:00:00,0.11748308111195803,0,0.0,500.0,dhaka_bangladesh
2022-07-04 15:00:00,0.1126885327912879,0,0.0,500.0,dhaka_bangladesh
2022-07-04 16:00:00,0.10808965259050074,0,0.0,500.0,dhaka_bangladesh
2022-07-04 17:00:00,0.10367845518739775,0,0.0,500.0,dhaka_bangladesh
2022-07-04 18:00:00,0.09944728114511418,0,0.0,500.0,dhaka_bangladesh
2022-07-04 19:00:00,0.0953887836125619,0,0.0,500.0,dhaka_bangladesh
2022-07-04 20:00:00,0.0914959155676343,0,0.0,500.0,dhaka_bangladesh
2022-07-04 21:00:00,0.0877619175810227,0,0.0,500.0,dhaka_bangladesh
2022-07-04 22:00:00,0.0841803060793981,0,0.0,500.0,dhaka_bangladesh
2022-07-04 23:00:00,0.08074486208757894,0,0.0,500.0,dhaka_bangladesh
2022-07-05 00:00:00,0.07744962043013708,0,0.0,500.0,dhaka_bangladesh
2022-07-05 01:00:00,0.074288859373692,0,0.0,500.0,dhaka_bangladesh
2022-07-05 02:00:00,0.07125709069190873,0,0.0,500.0,dhaka_bangladesh
2022-07-05 03:00:00,0.06834905013594858,0,0.0,500.0,dhaka_bangladesh
2022-07-05 04:00:00,0.06555968829382577,0,0.0,500.0,dhaka_bangladesh
2022-07-05 05:00:00,0.06288416182279906,0,0.0,500.0,dhaka_bangladesh
2022-07-05 06:00:00,0.06031782503957383,0,0.0,500.0,dhaka_bangladesh
2022-07-05 07:00:00,0.0578562218537128,0,0.0,500.0,dhaka_bangladesh
2022-07-05 08:00:00,0.05549507803024864,0,0.0,500.0,dhaka_bangladesh
2022-07-05 09:00:00,0.05323029376806346,0,0.0,500.0,dhaka_bangladesh
2022-07-05 10:00:00,0.05105793658114874,0,0.0,500.0,dhaka_bangladesh
2022-07-05 11:00:00,0.048974234470384855,0,0.0,500.0,dhaka_bangladesh
2022-07-05 12:00:00,0.046975569373984095,0,0.0,500.0,dhaka_bangladesh
2022-07-05 13:00:00,0.04505847088522446,0,0.0,500.0,dhaka_bangladesh
2022-07-05 14:00:00,0.04321961022656636,0,0.0,500.0,dhaka_bangladesh
2022-07-05 15:00:00,0.041455794469688736,0,0.0,500.0,dhaka_bangladesh
2022-07-05 16:00:00,0.03976396099140876,0,0.0,500.0,dhaka_bangladesh
2022-07-05 17:00:00,0.03814117215585831,0,0.0,500.0,dhaka_bangladesh
2022-07-05 18:00:00,0.03658461021368392,0,0.0,500.0,dhaka_bangladesh
2022-07-05 19:00:00,0.035091572409412915,0,0.0,500.0,dhaka_bangladesh
2022-07-05 20:00:00,0.03365946628849077,0,0.0,500.0,dhaka_bangladesh
2022-07-05 21:00:00,0.032285805195840796,0,0.0,500.0,dhaka_bangladesh
2022-07-05 22:00:00,0.03096820395812994,0,0.0,500.0,dhaka_bangladesh
2022-07-05 23:00:00,0.029704374742243727,0,0.0,500.0,dhaka_bangladesh
2022-07-06 00:00:00,0.028492123082779142,0,0.0,500.0,dhaka_bangladesh
2022-07-06 01:00:00,0.027329344071657678,0,0.0,500.0,dhaka_bangladesh
2022-07-06 02:00:00,0.026214018703242175,0,0.0,500.0,dhaka_bangladesh
2022-07-06 03:00:00,0.025144210368611652,0,0.0,500.0,dhaka_bangladesh
2022-07-06 04:00:00,0.024118061492906576,0,0.0,500.0,dhaka_bangladesh
2022-07-06 05:00:00,0.023133790309905873,0,0.0,500.0,dhaka_bangladesh
2022-07-06 06:00:00,0.02218968776823525,0,0.0,500.0,dhaka_bangladesh
2022-07-06 07:00:00,0.021284114563834857,0,0.0,500.0,dhaka_bangladesh
2022-07-06 08:00:00,0.02041549829353346,0,0.0,500.0,dhaka_bangladesh
2022-07-06 09:00:00,0.01958233072478689,0,0.0,500.0,dhaka_bangladesh
2022-07-06 10:00:00,0.018783165176839933,0,0.0,500.0,dhaka_bangladesh
2022-07-06 11:00:00,0.01801661400876437,0,0.0,500.0,dhaka_bangladesh
2022-07-06 12:00:00,0.017281346210011587,0,0.0,500.0,dhaka_bangladesh
2022-07-06 13:00:00,0.01657608508929608,0,0.0,500.0,dhaka_bangladesh
2022-07-06 14:00:00,0.01589960605779679,0,0.0,500.0,dhaka_bangladesh
2022-07-06 15:00:00,0.01525073450282726,0,0.0,500.0,dhaka_bangladesh
2022-07-06 16:00:00,0.014628343748282485,0,0.0,500.0,dhaka_bangladesh
2022-07-06 17:00:00,0.014031353098320935,0,0.0,500.0,dhaka_bangladesh
2022-07-06 18:00:00,0.013458725960885078,0,0.0,500.0,dhaka_bangladesh
2022-07-06 19:00:00,0.012909468047802027,0,0.0,500.0,dhaka_bangladesh
2022-07-06 20:00:00,0.01238262564833899,0,0.0,500.0,dhaka_bangladesh
2022-07-06 21:00:00,0.011877283973215963,0,0.0,500.0,dhaka_bangladesh
2022-07-06 22:00:00,0.01139256556620009,0,0.0,500.0,dhaka_bangladesh
2022-07-06 23:00:00,0.010927628780523727,0,0.0,500.0,dhaka_bangladesh
2022-07-07 00:00:00,0.010481666317480747,0,0.0,500.0,dhaka_bangladesh
2022-07-07 01:00:00,0.010053903824663497,0,0.0,500.0,dhaka_bangladesh
2022-07-07 02:00:00,0.00964359855140647,0,0.0,500.0,dhaka_bangladesh
2022-07-07 03:00:00,0.009250038059102043,0,0.0,500.0,dhaka_bangladesh
2022-07-07 04:00:00,0.008872538984148953,0,0.0,500.0,dhaka_bangladesh
2022-07-07 05:00:00,0.008510445851385502,0,0.0,500.0,dhaka_bangladesh
2022-07-07 06:00:00,0.008163129935947179,0,0.0,500.0,dhaka_bangladesh
2022-07-07 07:00:00,0.007829988171572527,0,0.0,500.0,dhaka_bangladesh
2022-07-07 08:00:00,0.007510442103461627,0,0.0,500.0,dhaka_bangladesh
2022-07-07 09:00:00,0.007203936883868973,0,0.0,500.0,dhaka_bangladesh
2022-07-07 10:00:00,0.006909940308686776,0,0.0,500.0,dhaka_bangladesh
2022-07-07 11:00:00,0.006627941893345818,0,0.0,500.0,dhaka_bangladesh
2022-07-07 12:00:00,0.00635745198642929,0,0.0,500.0,dhaka_bangladesh
2022-07-07 13:00:00,0.006098000919460522,0,0.0,500.0,dhaka_bangladesh
2022-07-07 14:00:00,0.005849138191388363,0,0.0,500.0,dhaka_bangladesh
2022-07-07 15:00:00,0.005610431686354132,0,0.0,500.0,dhaka_bangladesh
2022-07-07 16:00:00,0.005381466923381926,0,0.0,500.0,dhaka_bangladesh
2022-07-07 17:00:00,0.0051618463366894934,0,0.0,500.0,dhaka_bangladesh
2022-07-07 18:00:00,0.00495118858536999,0,0.0,500.0,dhaka_bangladesh
2022-07-07 19:00:00,0.004749127891246002,0,0.0,500.0,dhaka_bangladesh
2022-07-07 20:00:00,0.004555313403746118,0,0.0,500.0,dhaka_bangladesh
2022-07-07 21:00:00,0.0043694085907012205,0,0.0,500.0,dhaka_bangladesh
2022-07-07 22:00:00,0.004191090654002708,0,0.0,500.0,dhaka_bangladesh
2022-07-07 23:00:00,0.00402004996910804,0,0.0,500.0,dhaka_bangladesh
2022-07-08 00:00:00,0.003855989547420349,0,0.0,500.0,dhaka_bangladesh
2022-07-08 01:00:00,0.0036986245206086354,0,0.0,500.0,dhaka_bangladesh
2022-07-08 02:00:00,0.003547681645973144,0,0.0,500.0,dhaka_bangladesh
2022-07-08 03:00:00,0.0034028988319970343,0,0.0,500.0,dhaka_bangladesh
2022-07-08 04:00:00,0.003264024683260555,0,0.0,500.0,dhaka_bangladesh
2022-07-08 05:00:00,0.0031308180639275187,0,0.0,500.0,dhaka_bangladesh
2022-07-08 06:00:00,0.0030030476790461206,0,0.0,500.0,dhaka_bangladesh
2022-07-08 07:00:00,0.0028804916729371047,0,0.0,500.0,dhaka_bangladesh
2022-07-08 08:00:00,0.002762937243971935,0,0.0,500.0,dhaka_bangladesh
2022-07-08 09:00:00,0.0026501802750720587,0,0.0,500.0,dhaka_bangladesh
2022-07-08 10:00:00,0.0025420249792877142,0,0.0,500.0,dhaka_bangladesh
2022-07-08 11:00:00,0.002438283559840851,0,0.0,500.0,dhaka_bangladesh
2022-07-08 12:00:00,0.0023387758840418835,0,0.0,500.0,dhaka_bangladesh
2022-07-08 13:00:00,0.002243329170514078,0,0.0,500.0,dhaka_bangladesh
2022-07-08 14:00:00,0.002151777689182492,0,0.0,500.0,dhaka_bangladesh
2022-07-08 15:00:00,0.002063962473506511,0,0.0,500.0,dhaka_bangladesh
2022-07-08 16:00:00,0.0019797310444563438,0,0.0,500.0,dhaka_bangladesh
2022-07-08 17:00:00,0.0018989371457541879,0,0.0,500.0,dhaka_bangladesh
2022-07-08 18:00:00,0.001821440489920336,0,0.0,500.0,dhaka_bangladesh
2022-07-08 19:00:00,0.0017471065146832893,0,0.0,500.0,dhaka_bangladesh
2022-07-08 20:00:00,0.0016758061493309028,0,0.0,500.0,dhaka_bangladesh
2022-07-08 21:00:00,0.0016074155905968642,0,0.0,500.0,dhaka_bangladesh
2022-07-08 22:00:00,0.0015418160876933707,0,0.0,500.0,dhaka_bangladesh
2022-07-08 23:00:00,0.0014788937361167396,0,0.0,500.0,dhaka_bangladesh
2022-07-09 00:00:00,0.0014185392798679206,0,0.0,500.0,dhaka_bangladesh
2022-07-09 01:00:00,0.0013606479217444984,0,0.0,500.0,dhaka_bangladesh
2022-07-09 02:00:00,0.001305119141374783,0,0.0,500.0,dhaka_bangladesh
2022-07-09 03:00:00,0.0012518565206780226,0,0.0,500.0,dhaka_bangladesh
2022-07-09 04:00:00,0.0012007675764476868,0,0.0,500.0,dhaka_bangladesh
2022-07-09 05:00:00,0.0011517635997671124,0,0.0,500.0,dhaka_bangladesh
2022-07-09 06:00:00,0.0011047595019786837,0,0.0,500.0,dhaka_bangladesh
2022-07-09 07:00:00,0.0010596736669390952,0,0.0,500.0,dhaka_bangladesh
2022-07-09 08:00:00,0.0010164278093041602,0,0.0,500.0,dhaka_bangladesh
2022-07-09 09:00:00,0.0009749468385970883,0,0.0,500.0,dhaka_bangladesh
2022-07-09 10:00:00,0.0009351587288242115,0,0.0,500.0,dhaka_bangladesh
2022-07-09 11:00:00,0.0008969943934117673,0,0.0,500.0,dhaka_bangladesh
2022-07-09 12:00:00,0.000860387565246574,0,0.0,500.0,dhaka_bangladesh
2022-07-09 13:00:00,0.0008252746816123144,0,0.0,500.0,dhaka_bangladesh
2022-07-09 14:00:00,0.0007915947738216327,0,0.0,500.0,dhaka_bangladesh
2022-07-09 15:00:00,0.000759289361352403,0,0.0,500.0,dhaka_bangladesh
2022-07-09 16:00:00,0.0007283023503043556,0,0.0,500.0,dhaka_bangladesh
2022-07-09 17:00:00,0.0006985799359997441,0,0.0,500.0,dhaka_bangladesh
2022-07-09 18:00:00,0.0006700705095589314,0,0.0,500.0,dhaka_bangladesh
2022-07-09 19:00:00,0.000642724568288675,0,0.0,500.0,dhaka_bangladesh
2022-07-09 20:00:00,0.0006164946297275189,0,0.0,500.0,dhaka_bangladesh
2022-07-09 21:00:00,0.0005913351491990386,0,0.0,500.0,dhaka_bangladesh
2022-07-09 22:00:00,0.0005672024407297769,0,0.0,500.0,dhaka_bangladesh
2022-07-09 23:00:00,0.0005440546011945727,0,0.0,500.0,dhaka_bangladesh
2022-07-10 00:00:00,0.0005218514375575508,0,0.0,500.0,dhaka_bangladesh
2022-07-10 01:00:00,0.0005005543970824505,0,0.0,500.0,dhaka_bangladesh
2022-07-10 02:00:00,0.0004801265003911077,0,0.0,500.0,dhaka_bangladesh
2022-07-10 03:00:00,0.0004605322772538569,0,0.0,500.0,dhaka_bangladesh
2022-07-10 04:00:00,0.0004417377050003624,0,0.0,500.0,dhaka_bangladesh
2022-07-10 05:00:00,0.0004237101494439341,0,0.0,500.0,dhaka_bangladesh
2022-07-10 06:00:00,0.0004064183082167588,0,0.0,500.0,dhaka_bangladesh
2022-07-10 07:00:00,0.0003898321564176475,0,0.0,500.0,dhaka_bangladesh
2022-07-10 08:00:00,0.0003739228944779279,0,0.0,500.0,dhaka_bangladesh
2022-07-10 09:00:00,0.0003586628981549611,0,0.0,500.0,dhaka_bangladesh
2022-07-10 10:00:00,0.0003440256705664474,0,0.0,500.0,dhaka_bangladesh
2022-07-10 11:00:00,0.0003299857961822379,0,0.0,500.0,dhaka_bangladesh
2022-07-10 12:00:00,0.0003165188966937673,0,0.0,500.0,dhaka_bangladesh
2022-07-10 13:00:00,0.00030360158868447825,0,0.0,500.0,dhaka_bangladesh
2022-07-10 14:00:00,0.0002912114430277365,0,0.0,500.0,dhaka_bangladesh
2022-07-10 15:00:00,0.0002793269459417432,0,0.0,500.0,dhaka_bangladesh
2022-07-10 16:00:00,0.00026792746163381445,0,0.0,500.0,dhaka_bangladesh
2022-07-10 17:00:00,0.0002569931964691678,0,0.0,500.0,dhaka_bangladesh
2022-07-10 18:00:00,0.0002465051646020031,0,0.0,500.0,dhaka_bangladesh
2022-07-10 19:00:00,0.00023644515500919426,0,0.0,500.0,dhaka_bangladesh
2022-07-10 20:00:00,0.000226795699869355,0,0.0,500.0,dhaka_bangladesh
2022-07-10 21:00:00,0.0002175400442323736,0,0.0,500.0,dhaka_bangladesh
2022-07-10 22:00:00,0.00020866211692674845,0,0.0,500.0,dhaka_bangladesh
2022-07-10 23:00:00,0.00020014650265421134,0,0.0,500.0,dhaka_bangladesh
2022-07-11 00:00:00,0.00019197841522318557,0,0.0,500.0,dhaka_bangladesh
2022-07-11 01:00:00,0.00018414367187460017,0,0.0,500.0,dhaka_bangladesh
2022-07-11 02:00:00,0.00017662866865548096,0,0.0,500.0,dhaka_bangladesh
2022-07-11 03:00:00,0.00016942035679756061,0,0.0,500.0,dhaka_bangladesh
2022-07-11 04:00:00,0.00016250622005988872,0,0.0,500.0,dhaka_bangladesh
2022-07-11 05:00:00,0.00015587425299610276,0,0.0,500.0,dhaka_bangladesh
2022-07-11 06:00:00,0.00014951294010862425,0,0.0,500.0,dhaka_bangladesh
2022-07-11 07:00:00,0.00014341123585358243,0,0.0,500.0,dhaka_bangladesh
2022-07-11 08:00:00,0.0001375585454617483,0,0.0,500.0,dhaka_bangladesh
2022-07-11 09:00:00,0.000131944706542177,0,0.0,500.0,dhaka_bangladesh
2022-07-11 10:00:00,0.00012655997143661539,0,0.0,500.0,dhaka_bangladesh
2022-07-11 11:00:00,0.00012139499029403511,0,0.0,500.0,dhaka_bangladesh
2022-07-11 12:00:00,0.00011644079483590463,0,0.0,500.0,dhaka_bangladesh
2022-07-11 13:00:00,0.00011168878278400797,0,0.0,500.0,dhaka_bangladesh
2022-07-11 14:00:00,0.00010713070292377302,0,0.0,500.0,dhaka_bangladesh
2022-07-11 15:00:00,0.00010275864077717418,0,0.0,500.0,dhaka_bangladesh
2022-07-11 16:00:00,9.856500486033071e-05,0,0.0,500.0,dhaka_bangladesh
2022-07-11 17:00:00,9.454251350194015e-05,0,0.0,500.0,dhaka_bangladesh
2022-07-11 18:00:00,9.068418219965932e-05,0,0.0,500.0,dhaka_bangladesh
2022-07-11 19:00:00,8.698331149247745e-05,0,0.0,500.0,dhaka_bangladesh
2022-07-11 20:00:00,8.343347532802448e-05,0,0.0,500.0,dhaka_bangladesh
2022-07-11 21:00:00,8.002850990461643e-05,0,0.0,500.0,dhaka_bangladesh
2022-07-11 22:00:00,7.676250296866237e-05,0,0.0,500.0,dhaka_bangladesh
2022-07-11 23:00:00,7.362978354884985e-05,0,0.0,500.0,dhaka_bangladesh
2022-07-12 00:00:00,7.062491210928462e-05,0,0.0,500.0,dhaka_bangladesh
2022-07-12 01:00:00,6.774267110448535e-05,0,0.0,500.0,dhaka_bangladesh
2022-07-12 02:00:00,6.497805591983419e-05,0,0.0,500.0,dhaka_bangladesh
2022-07-12 03:00:00,6.232626618175296e-05,0,0.0,500.0,dhaka_bangladesh
2022-07-12 04:00:00,5.9782697422515306e-05,0,0.0,500.0,dhaka_bangladesh
2022-07-12 05:00:00,5.7342933085222316e-05,0,0.0,500.0,dhaka_bangladesh
2022-07-12 06:00:00,5.500273685506001e-05,0,0.0,500.0,dhaka_bangladesh
2022-07-12 07:00:00,5.275804530352183e-05,0,0.0,500.0,dhaka_bangladesh
2022-07-12 08:00:00,5.060496083282441e-05,0,0.0,500.0,dhaka_bangladesh
2022-07-12 09:00:00,4.853974490826603e-05,0,0.0,500.0,dhaka_bangladesh
2022-07-12 10:00:00,4.6558811566775775e-05,0,0.0,500.0,dhaka_bangladesh
2022-07-12 11:00:00,4.4658721190382314e-05,0,0.0,500.0,dhaka_bangladesh
2022-07-12 12:00:00,4.283617453379112e-05,0,0.0,500.0,dhaka_bangladesh
2022-07-12 13:00:00,4.108800699569942e-05,0,0.0,500.0,dhaka_bangladesh
2022-07-12 14:00:00,3.941118312390142e-05,0,0.0,500.0,dhaka_bangladesh
2022-07-12 15:00:00,3.780279134464383e-05,0,0.0,500.0,dhaka_bangladesh
2022-07-12 16:00:00,3.626003890707896e-05,0,0.0,500.0,dhaka_bangladesh
2022-07-12 17:00:00,3.478024703403728e-05,0,0.0,500.0,dhaka_bangladesh
2022-07-12 18:00:00,3.3360846270699926e-05,0,0.0,500.0,dhaka_bangladesh
2022-07-12 19:00:00,3.1999372023094097e-05,0,0.0,500.0,dhaka_bangladesh
2022-07-12 20:00:00,3.069346027866496e-05,0,0.0,500.0,dhaka_bangladesh
2022-07-12 21:00:00,2.9440843501493536e-05,0,0.0,500.0,dhaka_bangladesh
2022-07-12 22:00:00,2.82393466950327e-05,0,0.0,500.0,dhaka_bangladesh
2022-07-12 23:00:00,2.7086883625525144e-05,0,0.0,500.0,dhaka_bangladesh
2022-07-13 00:00:00,2.5981453199545858e-05,0,0.0,500.0,dhaka_bangladesh
2022-07-13 01:00:00,2.4921135989378887e-05,0,0.0,500.0,dhaka_bangladesh
2022-07-13 02:00:00,2.3904090900195333e-05,0,0.0,500.0,dhaka_bangladesh
2022-07-13 03:00:00,2.2928551973245846e-05,0,0.0,500.0,dhaka_bangladesh
2022-07-13 04:00:00,2.1992825319516354e-05,0,0.0,500.0,dhaka_bangladesh
2022-07-13 05:00:00,2.1095286178522994e-05,0,0.0,500.0,dhaka_bangladesh
2022-07-13 06:00:00,2.023437609713937e-05,0,0.0,500.0,dhaka_bangladesh
2022-07-13 07:00:00,1.9408600223557252e-05,0,0.0,500.0,dhaka_bangladesh
2022-07-13 08:00:00,1.861652471168217e-05,0,0.0,500.0,dhaka_bangladesh
2022-07-13 09:00:00,1.7856774231457273e-05,0,0.0,500.0,dhaka_bangladesh
2022-07-13 10:00:00,1.712802958079196e-05,0,0.0,500.0,dhaka_bangladesh
2022-07-13 11:00:00,1.642902539494909e-05,0,0.0,500.0,dhaka_bangladesh
2022-07-13 12:00:00,1.575854794941346e-05,0,0.0,500.0,dhaka_bangladesh
2022-07-13 13:00:00,1.5115433052426228e-05,0,0.0,500.0,dhaka_bangladesh
2022-07-13 14:00:00,1.4498564023526234e-05,0,0.0,500.0,dhaka_bangladesh
2022-07-13 15:00:00,1.3906869754588208e-05,0,0.0,500.0,dhaka_bangladesh
2022-07-13 16:00:00,1.3339322849990962e-05,0,0.0,500.0,dhaka_bangladesh
2022-07-13 17:00:00,1.279493784268635e-05,0,0.0,500.0,dhaka_bangladesh
2022-07-13 18:00:00,1.2272769483071484e-05,0,0.0,500.0,dhaka_bangladesh
2022-07-13 19:00:00,1.1771911097692943e-05,0,0.0,500.0,dhaka_bangladesh
2022-07-13 20:00:00,1.1291493014933131e-05,0,0.0,500.0,dhaka_bangladesh
2022-07-13 21:00:00,1.083068105494533e-05,0,0.0,500.0,dhaka_bangladesh
2022-07-13 22:00:00,1.0388675081215246e-05,0,0.0,500.0,dhaka_bangladesh
2022-07-13 23:00:00,9.964707611234081e-06,0,0.0,500.0,dhaka_bangladesh
2022-07-14 00:00:00,9.558042483870914e-06,0,0.0,500.0,dhaka_bangladesh
2022-07-14 01:00:00,9.167973581130224e-06,0,0.0,500.0,dhaka_bangladesh
2022-07-14 02:00:00,8.793823602075218e-06,0,0.0,500.0,dhaka_bangladesh
2022-07-14 03:00:00,8.434942886788053e-06,0,0.0,500.0,dhaka_bangladesh
2022-07-14 04:00:00,8.090708288324827e-06,0,0.0,500.0,dhaka_bangladesh
2022-07-14 05:00:00,7.760522090706691e-06,0,0.0,500.0,dhaka_bangladesh
2022-07-14 06:00:00,7.443810971068423e-06,0,0.0,500.0,dhaka_bangladesh
2022-07-14 07:00:00,7.140025004162172e-06,0,0.0,500.0,dhaka_bangladesh
2022-07-14 08:00:00,6.848636707487982e-06,0,0.0,500.0,dhaka_bangladesh
2022-07-14 09:00:00,6.569140125393112e-06,0,0.0,500.0,dhaka_bangladesh
2022-07-14 10:00:00,6.301049950549678e-06,0,0.0,500.0,dhaka_bangladesh
2022-07-14 11:00:00,6.043900681285307e-06,0,0.0,500.0,dhaka_bangladesh
2022-07-14 12:00:00,5.797245813303602e-06,0,0.0,500.0,dhaka_bangladesh
2022-07-14 13:00:00,5.560657064390911e-06,0,0.0,500.0,dhaka_bangladesh
2022-07-14 14:00:00,5.3337236307632095e-06,0,0.0,500.0,dhaka_bangladesh
2022-07-14 15:00:00,5.116051473761943e-06,0,0.0,500.0,dhaka_bangladesh
2022-07-14 16:00:00,4.907262635660127e-06,0,0.0,500.0,dhaka_bangladesh
2022-07-14 17:00:00,4.706994583390793e-06,0,0.0,500.0,dhaka_bangladesh
2022-07-14 18:00:00,4.514899579058269e-06,0,0.0,500.0,dhaka_bangladesh
2022-07-14 19:00:00,4.330644076139181e-06,0,0.0,500.0,dhaka_bangladesh
2022-07-14 20:00:00,4.1539081403248435e-06,0,0.0,500.0,dhaka_bangladesh
2022-07-14 21:00:00,3.9843848939994155e-06,0,0.0,500.0,dhaka_bangladesh
2022-07-14 22:00:00,3.8217799833891535e-06,0,0.0,500.0,dhaka_bangladesh
2022-07-14 23:00:00,3.6658110674576114e-06,0,0.0,500.0,dhaka_bangladesh
2022-07-15 00:00:00,3.5162073276593367e-06,0,0.0,500.0,dhaka_bangladesh
2022-07-15 01:00:00,3.372708997700734e-06,0,0.0,500.0,dhaka_bangladesh
2022-07-15 02:00:00,3.2350669124916713e-06,0,0.0,500.0,dhaka_bangladesh
2022-07-15 03:00:00,3.103042075504622e-06,0,0.0,500.0,dhaka_bangladesh
2022-07-15 04:00:00,2.976405243790093e-06,0,0.0,500.0,dhaka_bangladesh
2022-07-15 05:00:00,2.8549365299278105e-06,0,0.0,500.0,dhaka_bangladesh
2022-07-15 06:00:00,2.7384250202225025e-06,0,0.0,500.0,dhaka_bangladesh
2022-07-15 07:00:00,2.626668408481305e-06,0,0.0,500.0,dhaka_bangladesh
2022-07-15 08:00:00,2.5194726447369056e-06,0,0.0,500.0,dhaka_bangladesh
2022-07-15 09:00:00,2.4166515983065167e-06,0,0.0,500.0,dhaka_bangladesh
2022-07-15 10:00:00,2.31802673460156e-06,0,0.0,500.0,dhaka_bangladesh
2022-07-15 11:00:00,2.223426805126939e-06,0,0.0,500.0,dhaka_bangladesh
2022-07-15 12:00:00,2.1326875501316127e-06,0,0.0,500.0,dhaka_bangladesh
2022-07-15 13:00:00,2.045651413394161e-06,0,0.0,500.0,dhaka_bangladesh
2022-07-15 14:00:00,1.9621672686480855e-06,0,0.0,500.0,dhaka_bangladesh
2022-07-15 15:00:00,1.8820901571718777e-06,0,0.0,500.0,dhaka_bangladesh
2022-07-15 16:00:00,1.8052810360881466e-06,0,0.0,500.0,dhaka_bangladesh
2022-07-15 17:00:00,1.7316065369348115e-06,0,0.0,500.0,dhaka_bangladesh
2022-07-15 18:00:00,1.6609387340891362e-06,0,0.0,500.0,dhaka_bangladesh
2022-07-15 19:00:00,1.5931549226424989e-06,0,0.0,500.0,dhaka_bangladesh
2022-07-15 20:00:00,1.528137405340209e-06,0,0.0,500.0,dhaka_bangladesh
2022-07-15 21:00:00,1.4657732882164416e-06,0,0.0,500.0,dhaka_bangladesh
2022-07-15 22:00:00,1.4059542845694056e-06,0,0.0,500.0,dhaka_bangladesh
2022-07-15 23:00:00,1.348576526936395e-06,0,0.0,500.0,dhaka_bangladesh
2022-07-16 00:00:00,1.293540386742247e-06,0,0.0,500.0,dhaka_bangladesh
2022-07-16 01:00:00,1.2407503013080414e-06,0,0.0,500.0,dhaka_bangladesh
2022-07-16 02:00:00,1.1901146079196597e-06,0,0.0,500.0,dhaka_bangladesh
2022-07-16 03:00:00,1.1415453846681128e-06,0,0.0,500.0,dhaka_bangladesh
2022-07-16 04:00:00,1.09495829778525e-06,0,0.0,500.0,dhaka_bangladesh
2022-07-16 05:00:00,1.0502724552097798e-06,0,0.0,500.0,dhaka_bangladesh
2022-07-16 06:00:00,1.0074102661293502e-06,0,0.0,500.0,dhaka_bangladesh
2022-07-16 07:00:00,9.66297306254784e-07,0,0.0,500.0,dhaka_bangladesh
2022-07-16 08:00:00,9.268621885925488e-07,0,0.0,500.0,dhaka_bangladesh
2022-07-16 09:00:00,8.890364394910745e-07,0,0.0,500.0,dhaka_bangladesh
2022-07-16 10:00:00,8.527543797456851e-07,0,0.0,500.0,dhaka_bangladesh
2022-07-16 11:00:00,8.179530105557035e-07,0,0.0,500.0,dhaka_bangladesh
2022-07-16 12:00:00,7.8457190413571e-07,0,0.0,500.0,dhaka_bangladesh
2022-07-16 13:00:00,7.52553098791015e-07,0,0.0,500.0,dhaka_bangladesh
2022-07-16 14:00:00,7.218409982751531e-07,0,0.0,500.0,dhaka_bangladesh
2022-07-16 15:00:00,6.923822752546624e-07,0,0.0,500.0,dhaka_bangladesh
2022-07-16 16:00:00,6.641257787135098e-07,0,0.0,500.0,dhaka_bangladesh
2022-07-16 17:00:00,6.370224451363949e-07,0,0.0,500.0,dhaka_bangladesh
2022-07-16 18:00:00,6.110252133167142e-07,0,0.0,500.0,dhaka_bangladesh
2022-07-16 19:00:00,0.7449316131541718,1,4.5,414.4719399910153,dhaka_bangladesh
2022-07-16 20:00:00,0.7145305496047845,1,4.5,414.4719399910153,dhaka_bangladesh
2022-07-16 21:00:00,0.6853701699633074,1,4.5,414.4719399910153,dhaka_bangladesh
2022-07-16 22:00:00,0.6573998412459027,1,4.5,414.4719399910153,dhaka_bangladesh
2022-07-16 23:00:00,0.630570996828291,1,4.5,414.4719399910153,dhaka_bangladesh
2022-07-17 00:00:00,0.6048370521164964,1,4.5,414.4719399910153,dhaka_bangladesh
2022-07-17 01:00:00,0.5801533236591138,1,4.5,414.4719399910153,dhaka_bangladesh
2022-07-17 02:00:00,0.5564769515606476,1,4.5,414.4719399910153,dhaka_bangladesh
2022-07-17 03:00:00,0.5337668250612057,1,4.5,414.4719399910153,dhaka_bangladesh
2022-07-17 04:00:00,0.5119835111533262,1,4.5,414.4719399910153,dhaka_bangladesh
2022-07-17 05:00:00,0.4910891861119894,1,4.5,414.4719399910153,dhaka_bangladesh
2022-07-17 06:00:00,0.4710475698189276,1,4.5,414.4719399910153,dhaka_bangladesh
2022-07-17 07:00:00,0.4518238627671961,1,4.5,414.4719399910153,dhaka_bangladesh
2022-07-17 08:00:00,0.4333846856366206,1,4.5,414.4719399910153,dhaka_bangladesh
2022-07-17 09:00:00,0.41569802133520456,1,4.5,414.4719399910153,dhaka_bangladesh
2022-07-17 10:00:00,0.39873315940585785,1,4.5,414.4719399910153,dhaka_bangladesh
2022-07-17 11:00:00,0.38246064270191626,1,4.5,414.4719399910153,dhaka_bangladesh
2022-07-17 12:00:00,0.3668522162388631,1,4.5,414.4719399910153,dhaka_bangladesh
2022-07-17 13:00:00,0.3518807781334393,1,4.5,414.4719399910153,dhaka_bangladesh
2022-07-17 14:00:00,0.3375203325449547,1,4.5,414.4719399910153,dhaka_bangladesh
2022-07-17 15:00:00,0.3237459445370909,1,4.5,414.4719399910153,dhaka_bangladesh
2022-07-17 16:00:00,0.3105336967818174,1,4.5,414.4719399910153,dhaka_bangladesh
2022-07-17 17:00:00,0.2978606480302451,1,4.5,414.4719399910153,dhaka_bangladesh
2022-07-17 18:00:00,0.28570479327830695,1,4.5,414.4719399910153,dhaka_bangladesh
2022-07-17 19:00:00,0.2740450255580978,0,0.0,500.0,dhaka_bangladesh
2022-07-17 20:00:00,0.26286109928853174,0,0.0,500.0,dhaka_bangladesh
2022-07-17 21:00:00,0.25213359512167804,0,0.0,500.0,dhaka_bangladesh
2022-07-17 22:00:00,0.2418438862237376,0,0.0,500.0,dhaka_bangladesh
2022-07-17 23:00:00,0.231974105932111,0,0.0,500.0,dhaka_bangladesh
2022-07-18 00:00:00,0.2225071167323993,0,0.0,500.0,dhaka_bangladesh
2022-07-18 01:00:00,0.2134264805014697,0,0.0,500.0,dhaka_bangladesh
2022-07-18 02:00:00,0.2047164299649188,0,0.0,500.0,dhaka_bangladesh
2022-07-18 03:00:00,0.19636184131937134,0,0.0,500.0,dhaka_bangladesh
2022-07-18 04:00:00,0.18834820797207857,0,0.0,500.0,dhaka_bangladesh
2022-07-18 05:00:00,0.18066161535221711,0,0.0,500.0,dhaka_bangladesh
2022-07-18 06:00:00,0.17328871675015306,0,0.0,500.0,dhaka_bangladesh
2022-07-18 07:00:00,0.16621671014271844,0,0.0,500.0,dhaka_bangladesh
2022-07-18 08:00:00,0.15943331596426116,0,0.0,500.0,dhaka_bangladesh
2022-07-18 09:00:00,0.15292675578486933,0,0.0,500.0,dhaka_bangladesh
2022-07-18 10:00:00,0.14668573185875053,0,0.0,500.0,dhaka_bangladesh
2022-07-18 11:00:00,0.1406994075072516,0,0.0,500.0,dhaka_bangladesh
2022-07-18 12:00:00,0.13495738830245804,0,0.0,500.0,dhaka_bangladesh
2022-07-18 13:00:00,0.12944970401870184,0,0.0,500.0,dhaka_bangladesh
2022-07-18 14:00:00,0.12416679132063731,0,0.0,500.0,dhaka_bangladesh
2022-07-18 15:00:00,0.11909947715782572,0,0.0,500.0,dhaka_bangladesh
2022-07-18 16:00:00,0.11423896283699704,0,0.0,500.0,dhaka_bangladesh
2022-07-18 17:00:00,0.10957680874433023,0,0.0,500.0,dhaka_bangladesh
2022-07-18 18:00:00,0.10510491969122597,0,0.0,500.0,dhaka_bangladesh
2022-07-18 19:00:00,0.10081553085812663,0,0.0,500.0,dhaka_bangladesh
2022-07-18 20:00:00,0.096701194311976,0,0.0,500.0,dhaka_bangladesh
2022-07-18 21:00:00,0.09275476607390958,0,0.0,500.0,dhaka_bangladesh
2022-07-18 22:00:00,0.08896939371471844,0,0.0,500.0,dhaka_bangladesh
2022-07-18 23:00:00,0.08533850445654992,0,0.0,500.0,dhaka_bangladesh
2022-07-19 00:00:00,0.08185579376018391,0,0.0,500.0,dhaka_bangladesh
2022-07-19 01:00:00,0.07851521437806841,0,0.0,500.0,dhaka_bangladesh
2022-07-19 02:00:00,0.075310965854107,0,0.0,500.0,dhaka_bangladesh
2022-07-19 03:00:00,0.07223748445196573,0,0.0,500.0,dhaka_bangladesh
2022-07-19 04:00:00,0.06928943349441086,0,0.0,500.0,dhaka_bangladesh
2022-07-19 05:00:00,0.06646169409690367,0,0.0,500.0,dhaka_bangladesh
2022-07-19 06:00:00,0.06374935627936265,0,0.0,500.0,dhaka_bangladesh
2022-07-19 07:00:00,0.06114771044065889,0,0.0,500.0,dhaka_bangladesh
2022-07-19 08:00:00,0.058652239181042364,0,0.0,500.0,dhaka_bangladesh
2022-07-19 09:00:00,0.056258609458299365,0,0.0,500.0,dhaka_bangladesh
2022-07-19 10:00:00,0.0539626650640212,0,0.0,500.0,dhaka_bangladesh
2022-07-19 11:00:00,0.05176041940692075,0,0.0,500.0,dhaka_bangladesh
2022-07-19 12:00:00,0.04964804859066562,0,0.0,500.0,dhaka_bangladesh
2022-07-19 13:00:00,0.047621884774208666,0,0.0,500.0,dhaka_bangladesh
2022-07-19 14:00:00,0.04567840980308713,0,0.0,500.0,dhaka_bangladesh
2022-07-19 15:00:00,0.043814249100631884,0,0.0,500.0,dhaka_bangladesh
2022-07-19 16:00:00,0.04202616580847965,0,0.0,500.0,dhaka_bangladesh
2022-07-19 17:00:00,0.04031105516621421,0,0.0,500.0,dhaka_bangladesh
2022-07-19 18:00:00,0.03866593912037754,0,0.0,500.0,dhaka_bangladesh
2022-07-19 19:00:00,0.03708796115348992,0,0.0,500.0,dhaka_bangladesh
2022-07-19 20:00:00,0.0355743813241008,0,0.0,500.0,dhaka_bangladesh
2022-07-19 21:00:00,0.03412257150925771,0,0.0,500.0,dhaka_bangladesh
2022-07-19 22:00:00,0.6698443246440265,1,4.3,424.7909639879045,dhaka_bangladesh
2022-07-19 23:00:00,0.6425076141029411,1,4.3,424.7909639879045,dhaka_bangladesh
2022-07-20 00:00:00,0.6162865295598879,1,4.3,424.7909639879045,dhaka_bangladesh
2022-07-20 01:00:00,0.5911355417122236,1,4.3,424.7909639879045,dhaka_bangladesh
2022-07-20 02:00:00,0.5670109793328642,1,4.3,424.7909639879045,dhaka_bangladesh
2022-07-20 03:00:00,0.5438709534412106,1,4.3,424.7909639879045,dhaka_bangladesh
2022-07-20 04:00:00,0.5216752845687043,1,4.3,424.7909639879045,dhaka_bangladesh
2022-07-20 05:00:00,0.5003854329927107,1,4.3,424.7909639879045,dhaka_bangladesh
2022-07-20 06:00:00,0.4799644318175992,1,4.3,424.7909639879045,dhaka_bangladesh
2022-07-20 07:00:00,0.46037682278681885,1,4.3,424.7909639879045,dhaka_bangladesh
2022-07-20 08:00:00,0.4415885947145187,1,4.3,424.7909639879045,dhaka_bangladesh
2022-07-20 09:00:00,0.42356712442980643,1,4.3,424.7909639879045,dhaka_bangladesh
2022-07-20 10:00:00,0.4062811201311049,1,4.3,424.7909639879045,dhaka_bangladesh
2022-07-20 11:00:00,0.3897005670522471,1,4.3,424.7909639879045,dhaka_bangladesh
2022-07-20 12:00:00,0.37379667534596805,1,4.3,424.7909639879045,dhaka_bangladesh
2022-07-20 13:00:00,0.35854183009429996,1,4.3,424.7909639879045,dhaka_bangladesh
2022-07-20 14:00:00,0.3439095433590684,1,4.3,424.7909639879045,dhaka_bangladesh
2022-07-20 15:00:00,0.32987440818923647,1,4.3,424.7909639879045,dhaka_bangladesh
2022-07-20 16:00:00,0.31641205450523197,1,4.3,424.7909639879045,dhaka_bangladesh
2022-07-20 17:00:00,0.30349910678366043,1,4.3,424.7909639879045,dhaka_bangladesh
2022-07-20 18:00:00,0.2911131434689277,1,4.3,424.7909639879045,dhaka_bangladesh
2022-07-20 19:00:00,0.2792326580412954,1,4.3,424.7909639879045,dhaka_bangladesh
2022-07-20 20:00:00,0.26783702167377177,1,4.3,424.7909639879045,dhaka_bangladesh
2022-07-20 21:00:00,0.25690644741299357,1,4.3,424.7909639879045,dhaka_bangladesh
2022-07-20 22:00:00,0.24642195582190665,0,0.0,500.0,dhaka_bangladesh
2022-07-20 23:00:00,0.23636534202458667,0,0.0,500.0,dhaka_bangladesh
2022-07-21 00:00:00,0.2267191440959791,0,0.0,500.0,dhaka_bangladesh
2022-07-21 01:00:00,0.21746661274167067,0,0.0,500.0,dhaka_bangladesh
2022-07-21 02:00:00,0.20859168221504626,0,0.0,500.0,dhaka_bangladesh
2022-07-21 03:00:00,0.20007894242133212,0,0.0,500.0,dhaka_bangladesh
2022-07-21 04:00:00,0.19191361216008807,0,0.0,500.0,dhaka_bangladesh
2022-07-21 05:00:00,0.18408151345968857,0,0.0,500.0,dhaka_bangladesh
2022-07-21 06:00:00,0.17656904695922723,0,0.0,500.0,dhaka_bangladesh
2022-07-21 07:00:00,0.1693631682950991,0,0.0,500.0,dhaka_bangladesh
2022-07-21 08:00:00,0.1624513654512597,0,0.0,500.0,dhaka_bangladesh
2022-07-21 09:00:00,0.15582163703383198,0,0.0,500.0,dhaka_bangladesh
2022-07-21 10:00:00,0.14946247143233848,0,0.0,500.0,dhaka_bangladesh
2022-07-21 11:00:00,0.14336282683137483,0,0.0,500.0,dhaka_bangladesh
2022-07-21 12:00:00,0.13751211203801783,0,0.0,500.0,dhaka_bangladesh
2022-07-21 13:00:00,0.13190016809167732,0,0.0,500.0,dhaka_bangladesh
2022-07-21 14:00:00,0.12651725062446,0,0.0,500.0,dhaka_bangladesh
2022-07-21 15:00:00,0.12135401294141658,0,0.0,500.0,dhaka_bangladesh
2022-07-21 16:00:00,0.1164014897912927,0,0.0,500.0,dhaka_bangladesh
2022-07-21 17:00:00,0.11165108179960491,0,0.0,500.0,dhaka_bangladesh
2022-07-21 18:00:00,0.10709454053701103,0,0.0,500.0,dhaka_bangladesh
2022-07-21 19:00:00,0.10272395419704822,0,0.0,500.0,dhaka_bangladesh
2022-07-21 20:00:00,0.09853173385837063,0,0.0,500.0,dhaka_bangladesh
2022-07-21 21:00:00,0.09451060030763263,0,0.0,500.0,dhaka_bangladesh
2022-07-21 22:00:00,0.09065357140013686,0,0.0,500.0,dhaka_bangladesh
2022-07-21 23:00:00,0.08695394993630182,0,0.0,500.0,dhaka_bangladesh
2022-07-22 00:00:00,0.08340531203289653,0,0.0,500.0,dhaka_bangladesh
2022-07-22 01:00:00,0.08000149596885225,0,0.0,500.0,dhaka_bangladesh
2022-07-22 02:00:00,0.07673659148628233,0,0.0,500.0,dhaka_bangladesh
2022-07-22 03:00:00,0.07360492952813287,0,0.0,500.0,dhaka_bangladesh
2022-07-22 04:00:00,0.07060107239464612,0,0.0,500.0,dhaka_bangladesh
2022-07-22 05:00:00,0.06771980430154358,0,0.0,500.0,dhaka_bangladesh
2022-07-22 06:00:00,0.06495612232353468,0,0.0,500.0,dhaka_bangladesh
2022-07-22 07:00:00,0.06230522770742597,0,0.0,500.0,dhaka_bangladesh
2022-07-22 08:00:00,0.05976251753974718,0,0.0,500.0,dhaka_bangladesh
2022-07-22 09:00:00,0.05732357675442544,0,0.0,500.0,dhaka_bangladesh
2022-07-22 10:00:00,0.05498417046663134,0,0.0,500.0,dhaka_bangladesh
2022-07-22 11:00:00,0.05274023661948443,0,0.0,500.0,dhaka_bangladesh
2022-07-22 12:00:00,0.05058787893085077,0,0.0,500.0,dhaka_bangladesh
2022-07-22 13:00:00,0.04852336012798555,0,0.0,500.0,dhaka_bangladesh
2022-07-22 14:00:00,0.04654309545827368,0,0.0,500.0,dhaka_bangladesh
2022-07-22 15:00:00,0.04464364646480031,0,0.0,500.0,dhaka_bangladesh
2022-07-22 16:00:00,0.04282171501594412,0,0.0,500.0,dhaka_bangladesh
2022-07-22 17:00:00,0.04107413757862567,0,0.0,500.0,dhaka_bangladesh
2022-07-22 18:00:00,0.039397879725267995,0,0.0,500.0,dhaka_bangladesh
2022-07-22 19:00:00,0.03779003086493094,0,0.0,500.0,dhaka_bangladesh
2022-07-22 20:00:00,0.036247799189470686,0,0.0,500.0,dhaka_bangladesh
2022-07-22 21:00:00,0.03476850682594945,0,0.0,500.0,dhaka_bangladesh
2022-07-22 22:00:00,0.03334958518687782,0,0.0,500.0,dhaka_bangladesh
2022-07-22 23:00:00,0.031988570510216294,0,0.0,500.0,dhaka_bangladesh
2022-07-23 00:00:00,0.03068309958139175,0,0.0,500.0,dhaka_bangladesh
2022-07-23 01:00:00,0.02943090562990078,0,0.0,500.0,dhaka_bangladesh
2022-07-23 02:00:00,0.02822981439337481,0,0.0,500.0,dhaka_bangladesh
2022-07-23 03:00:00,0.02707774034227291,0,0.0,500.0,dhaka_bangladesh
2022-07-23 04:00:00,0.02597268305864697,0,0.0,500.0,dhaka_bangladesh
2022-07-23 05:00:00,0.024912723762691297,0,0.0,500.0,dhaka_bangladesh
2022-07-23 06:00:00,0.023896021981045786,0,0.0,500.0,dhaka_bangladesh
2022-07-23 07:00:00,0.022920812351067344,0,0.0,500.0,dhaka_bangladesh
2022-07-23 08:00:00,0.02198540155552072,0,0.0,500.0,dhaka_bangladesh
2022-07-23 09:00:00,0.02108816538236631,0,0.0,500.0,dhaka_bangladesh
2022-07-23 10:00:00,0.020227545904539672,0,0.0,500.0,dhaka_bangladesh
2022-07-23 11:00:00,0.019402048774825577,0,0.0,500.0,dhaka_bangladesh
2022-07-23 12:00:00,0.018610240631129964,0,0.0,500.0,dhaka_bangladesh
2022-07-23 13:00:00,0.017850746607643977,0,0.0,500.0,dhaka_bangladesh
2022-07-23 14:00:00,0.01712224794757882,0,0.0,500.0,dhaka_bangladesh
2022-07-23 15:00:00,0.01642347971332618,0,0.0,500.0,dhaka_bangladesh
2022-07-23 16:00:00,0.015753228590068287,0,0.0,500.0,dhaka_bangladesh
2022-07-23 17:00:00,0.015110330779023755,0,0.0,500.0,dhaka_bangladesh
2022-07-23 18:00:00,0.01449366997667129,0,0.0,500.0,dhaka_bangladesh
2022-07-23 19:00:00,0.013902175436442352,0,0.0,500.0,dhaka_bangladesh
2022-07-23 20:00:00,0.013334820109517139,0,0.0,500.0,dhaka_bangladesh
2022-07-23 21:00:00,0.012790618861495759,0,0.0,500.0,dhaka_bangladesh
2022-07-23 22:00:00,0.012268626761848022,0,0.0,500.0,dhaka_bangladesh
2022-07-23 23:00:00,0.011767937443171644,0,0.0,500.0,dhaka_bangladesh
2022-07-24 00:00:00,0.011287681527410116,0,0.0,500.0,dhaka_bangladesh
2022-07-24 01:00:00,0.010827025116297356,0,0.0,500.0,dhaka_bangladesh
2022-07-24 02:00:00,0.01038516834340826,0,0.0,500.0,dhaka_bangladesh
2022-07-24 03:00:00,0.009961343985300783,0,0.0,500.0,dhaka_bangladesh
2022-07-24 04:00:00,0.009554816129338034,0,0.0,500.0,dhaka_bangladesh
2022-07-24 05:00:00,0.009164878895877382,0,0.0,500.0,dhaka_bangladesh
2022-07-24 06:00:00,0.008790855212607628,0,0.0,500.0,dhaka_bangladesh
2022-07-24 07:00:00,0.008432095638906149,0,0.0,500.0,dhaka_bangladesh
2022-07-24 08:00:00,0.008087977238174717,0,0.0,500.0,dhaka_bangladesh
2022-07-24 09:00:00,0.007757902496195879,0,0.0,500.0,dhaka_bangladesh
2022-07-24 10:00:00,0.007441298283631752,0,0.0,500.0,dhaka_bangladesh
2022-07-24 11:00:00,0.007137614860863898,0,0.0,500.0,dhaka_bangladesh
2022-07-24 12:00:00,0.006846324923446163,0,0.0,500.0,dhaka_bangladesh
2022-07-24 13:00:00,0.006566922686513086,0,0.0,500.0,dhaka_bangladesh
2022-07-24 14:00:00,0.006298923006554169,0,0.0,500.0,dhaka_bangladesh
2022-07-24 15:00:00,0.0060418605390289565,0,0.0,500.0,dhaka_bangladesh
2022-07-24 16:00:00,0.005795288930360309,0,0.0,500.0,dhaka_bangladesh
2022-07-24 17:00:00,0.005558780042902901,0,0.0,500.0,dhaka_bangladesh
2022-07-24 18:00:00,0.005331923211541148,0,0.0,500.0,dhaka_bangladesh
2022-07-24 19:00:00,0.005114324530625765,0,0.0,500.0,dhaka_bangladesh
2022-07-24 20:00:00,0.004905606170010874,0,0.0,500.0,dhaka_bangladesh
2022-07-24 21:00:00,0.004705405719003972,0,0.0,500.0,dhaka_bangladesh
2022-07-24 22:00:00,0.004513375557089652,0,0.0,500.0,dhaka_bangladesh
2022-07-24 23:00:00,0.004329182250334477,0,0.0,500.0,dhaka_bangladesh
2022-07-25 00:00:00,0.004152505972424846,0,0.0,500.0,dhaka_bangladesh
2022-07-25 01:00:00,0.003983039949332642,0,0.0,500.0,dhaka_bangladesh
2022-07-25 02:00:00,0.0038204899266443843,0,0.0,500.0,dhaka_bangladesh
2022-07-25 03:00:00,0.0036645736586289604,0,0.0,500.0,dhaka_bangladesh
2022-07-25 04:00:00,0.003515020418156759,0,0.0,500.0,dhaka_bangladesh
2022-07-25 05:00:00,0.003371570526619317,0,0.0,500.0,dhaka_bangladesh
2022-07-25 06:00:00,0.0032339749030331553,0,0.0,500.0,dhaka_bangladesh
2022-07-25 07:00:00,0.003101994631544949,0,0.0,500.0,dhaka_bangladesh
2022-07-25 08:00:00,0.0029754005465870603,0,0.0,500.0,dhaka_bangladesh
2022-07-25 09:00:00,0.002853972834963077,0,0.0,500.0,dhaka_bangladesh
2022-07-25 10:00:00,0.002737500654172461,0,0.0,500.0,dhaka_bangladesh
2022-07-25 11:00:00,0.002625781766311593,0,0.0,500.0,dhaka_bangladesh
2022-07-25 12:00:00,0.0025186221869154925,0,0.0,500.0,dhaka_bangladesh
2022-07-25 13:00:00,0.0024158358481305,0,0.0,500.0,dhaka_bangladesh
2022-07-25 14:00:00,0.002317244275633089,0,0.0,500.0,dhaka_bangladesh
2022-07-25 15:00:00,0.0022226762787337625,0,0.0,500.0,dhaka_bangladesh
2022-07-25 16:00:00,0.002131967653127996,0,0.0,500.0,dhaka_bangladesh
2022-07-25 17:00:00,0.0020449608957780856,0,0.0,500.0,dhaka_bangladesh
2022-07-25 18:00:00,0.0019615049314308003,0,0.0,500.0,dhaka_bangladesh
2022-07-25 19:00:00,0.0018814548502960053,0,0.0,500.0,dhaka_bangladesh
2022-07-25 20:00:00,0.0018046716564307798,0,0.0,500.0,dhaka_bangladesh
2022-07-25 21:00:00,0.0017310220263920901,0,0.0,500.0,dhaka_bangladesh
2022-07-25 22:00:00,0.0016603780777389885,0,0.0,500.0,dhaka_bangladesh
2022-07-25 23:00:00,0.0015926171469823746,0,0.0,500.0,dhaka_bangladesh
2022-07-26 00:00:00,0.0015276215765967268,0,0.0,500.0,dhaka_bangladesh
2022-07-26 01:00:00,0.0014652785107240208,0,0.0,500.0,dhaka_bangladesh
2022-07-26 02:00:00,0.0014054796992150594,0,0.0,500.0,dhaka_bangladesh
2022-07-26 03:00:00,0.0013481213096680073,0,0.0,500.0,dhaka_bangladesh
2022-07-26 04:00:00,0.0012931037471377172,0,0.0,500.0,dhaka_bangladesh
2022-07-26 05:00:00,0.001240331481202819,0,0.0,500.0,dhaka_bangladesh
2022-07-26 06:00:00,0.0011897128800903048,0,0.0,500.0,dhaka_bangladesh
2022-07-26 07:00:00,0.0011411600515695691,0,0.0,500.0,dhaka_bangladesh
2022-07-26 08:00:00,0.001094588690339651,0,0.0,500.0,dhaka_bangladesh
2022-07-26 09:00:00,0.0010499179316446922,0,0.0,500.0,dhaka_bangladesh
2022-07-26 10:00:00,0.0010070702108634219,0,0.0,500.0,dhaka_bangladesh
2022-07-26 11:00:00,0.0009659711288288709,0,0.0,500.0,dhaka_bangladesh
2022-07-26 12:00:00,0.0009265493226444658,0,0.0,500.0,dhaka_bangladesh
2022-07-26 13:00:00,0.0008887363417721852,0,0.0,500.0,dhaka_bangladesh
2022-07-26 14:00:00,0.0008524665291776236,0,0.0,500.0,dhaka_bangladesh
2022-07-26 15:00:00,0.0008176769073255961,0,0.0,500.0,dhaka_bangladesh
2022-07-26 16:00:00,1.845317461201407,1,4.6,292.959563722888,dhaka_bangladesh
2022-07-26 17:00:00,1.7700090538037905,1,4.6,292.959563722888,dhaka_bangladesh
2022-07-26 18:00:00,1.6977740233963174,1,4.6,292.959563722888,dhaka_bangladesh
2022-07-26 19:00:00,1.6284869437955107,1,4.6,292.959563722888,dhaka_bangladesh
2022-07-26 20:00:00,1.5620275075285357,1,4.6,292.959563722888,dhaka_bangladesh
2022-07-26 21:00:00,1.4982803169358365,1,4.6,292.959563722888,dhaka_bangladesh
2022-07-26 22:00:00,1.4371346837989925,1,4.6,292.959563722888,dhaka_bangladesh
2022-07-26 23:00:00,1.3784844371458684,1,4.6,292.959563722888,dhaka_bangladesh
2022-07-27 00:00:00,1.3222277388993418,1,4.6,292.959563722888,dhaka_bangladesh
2022-07-27 01:00:00,1.2682669070495027,1,4.6,292.959563722888,dhaka_bangladesh
2022-07-27 02:00:00,1.2165082460422982,1,4.6,292.959563722888,dhaka_bangladesh
2022-07-27 03:00:00,1.1668618840901022,1,4.6,292.959563722888,dhaka_bangladesh
2022-07-27 04:00:00,1.1192416171217312,1,4.6,292.959563722888,dhaka_bangladesh
2022-07-27 05:00:00,1.0735647591009476,1,4.6,292.959563722888,dhaka_bangladesh
2022-07-27 06:00:00,1.0297519984535402,1,4.6,292.959563722888,dhaka_bangladesh
2022-07-27 07:00:00,0.9877272603537015,1,4.6,292.959563722888,dhaka_bangladesh
2022-07-27 08:00:00,0.9474175746305634,1,4.6,292.959563722888,dhaka_bangladesh
2022-07-27 09:00:00,0.9087529490655463,1,4.6,292.959563722888,dhaka_bangladesh
2022-07-27 10:00:00,0.8716662478605097,1,4.6,292.959563722888,dhaka_bangladesh
2022-07-27 11:00:00,0.8360930750656819,1,4.6,292.959563722888,dhaka_bangladesh
2022-07-27 12:00:00,0.8019716627649613,1,4.6,292.959563722888,dhaka_bangladesh
2022-07-27 13:00:00,0.769242763824436,1,4.6,292.959563722888,dhaka_bangladesh
2022-07-27 14:00:00,0.7378495490178938,1,4.6,292.959563722888,dhaka_bangladesh
2022-07-27 15:00:00,0.7077375083506959,1,4.6,292.959563722888,dhaka_bangladesh
2022-07-27 16:00:00,0.6788543564106783,0,0.0,500.0,dhaka_bangladesh
2022-07-27 17:00:00,0.6511499415817318,0,0.0,500.0,dhaka_bangladesh
2022-07-27 18:00:00,0.6245761589624284,0,0.0,500.0,dhaka_bangladesh
2022-07-27 19:00:00,0.5990868668384826,0,0.0,500.0,dhaka_bangladesh
2022-07-27 20:00:00,0.5746378065640187,0,0.0,500.0,dhaka_bangladesh
2022-07-27 21:00:00,0.551186525712527,0,0.0,500.0,dhaka_bangladesh
2022-07-27 22:00:00,0.5286923043640708,0,0.0,500.0,dhaka_bangladesh
2022-07-27 23:00:00,0.5071160844007524,0,0.0,500.0,dhaka_bangladesh
2022-07-28 00:00:00,0.4864204016876694,0,0.0,500.0,dhaka_bangladesh
2022-07-28 01:00:00,0.4665693210216047,0,0.0,500.0,dhaka_bangladesh
2022-07-28 02:00:00,0.44752837373449217,0,0.0,500.0,dhaka_bangladesh
2022-07-28 03:00:00,0.429264497843323,0,0.0,500.0,dhaka_bangladesh
2022-07-28 04:00:00,0.41174598064256385,0,0.0,500.0,dhaka_bangladesh
2022-07-28 05:00:00,0.3949424036394105,0,0.0,500.0,dhaka_bangladesh
2022-07-28 06:00:00,0.37882458973626426,0,0.0,500.0,dhaka_bangladesh
2022-07-28 07:00:00,0.36336455256871936,0,0.0,500.0,dhaka_bangladesh
2022-07-28 08:00:00,0.34853544791109486,0,0.0,500.0,dhaka_bangladesh
2022-07-28 09:00:00,0.3343115270651334,0,0.0,500.0,dhaka_bangladesh
2022-07-28 10:00:00,0.3206680921509322,0,0.0,500.0,dhaka_bangladesh
2022-07-28 11:00:00,0.3075814532224758,0,0.0,500.0,dhaka_bangladesh
2022-07-28 12:00:00,0.2950288871333062,0,0.0,500.0,dhaka_bangladesh
2022-07-28 13:00:00,0.2829885980809093,0,0.0,500.0,dhaka_bangladesh
2022-07-28 14:00:00,0.27143967976130345,0,0.0,500.0,dhaka_bangladesh
2022-07-28 15:00:00,0.260362079068123,0,0.0,500.0,dhaka_bangladesh
2022-07-28 16:00:00,0.24973656127315938,0,0.0,500.0,dhaka_bangladesh
2022-07-28 17:00:00,0.23954467662790482,0,0.0,500.0,dhaka_bangladesh
2022-07-28 18:00:00,0.22976872832810408,0,0.0,500.0,dhaka_bangladesh
2022-07-28 19:00:00,0.22039174178569118,0,0.0,500.0,dhaka_bangladesh
2022-07-28 20:00:00,0.21139743515475448,0,0.0,500.0,dhaka_bangladesh
2022-07-28 21:00:00,0.20277019106035327,0,0.0,500.0,dhaka_bangladesh
2022-07-28 22:00:00,0.1944950294810964,0,0.0,500.0,dhaka_bangladesh
2022-07-28 23:00:00,0.18655758173839873,0,0.0,500.0,dhaka_bangladesh
2022-07-29 00:00:00,0.17894406554724837,0,0.0,500.0,dhaka_bangladesh
2022-07-29 01:00:00,0.17164126108516714,0,0.0,500.0,dhaka_bangladesh
2022-07-29 02:00:00,0.1646364880378094,0,0.0,500.0,dhaka_bangladesh
2022-07-29 03:00:00,0.1579175835813415,0,0.0,500.0,dhaka_bangladesh
2022-07-29 04:00:00,0.15147288126337385,0,0.0,500.0,dhaka_bangladesh
2022-07-29 05:00:00,0.14529119074577254,0,0.0,500.0,dhaka_bangladesh
2022-07-29 06:00:00,0.13936177837417782,0,0.0,500.0,dhaka_bangladesh
2022-07-29 07:00:00,0.13367434854049162,0,0.0,500.0,dhaka_bangladesh
2022-07-29 08:00:00,0.12821902580597197,0,0.0,500.0,dhaka_bangladesh
2022-07-29 09:00:00,0.12298633775389278,0,0.0,500.0,dhaka_bangladesh
2022-07-29 10:00:00,0.11796719854199755,0,0.0,500.0,dhaka_bangladesh
2022-07-29 11:00:00,0.11315289312618457,0,0.0,500.0,dhaka_bangladesh
2022-07-29 12:00:00,0.10853506212803327,0,0.0,500.0,dhaka_bangladesh
2022-07-29 13:00:00,0.10410568731989484,0,0.0,500.0,dhaka_bangladesh
2022-07-29 14:00:00,0.09985707770234363,0,0.0,500.0,dhaka_bangladesh
2022-07-29 15:00:00,0.09578185614981599,0,0.0,500.0,dhaka_bangladesh
2022-07-29 16:00:00,0.09187294660124756,0,0.0,500.0,dhaka_bangladesh
2022-07-29 17:00:00,0.08812356177346753,0,0.0,500.0,dhaka_bangladesh
2022-07-29 18:00:00,0.0845271913760159,0,0.0,500.0,dhaka_bangladesh
2022-07-29 19:00:00,0.08107759080692091,0,0.0,500.0,dhaka_bangladesh
2022-07-29 20:00:00,0.07776877030980735,0,0.0,500.0,dhaka_bangladesh
2022-07-29 21:00:00,0.07459498457350935,0,0.0,500.0,dhaka_bangladesh
2022-07-29 22:00:00,0.07155072275612896,0,0.0,500.0,dhaka_bangladesh
2022-07-29 23:00:00,0.06863069891621781,0,0.0,500.0,dhaka_bangladesh
2022-07-30 00:00:00,0.06582984283446768,0,0.0,500.0,dhaka_bangladesh
2022-07-30 01:00:00,0.06314329120997295,0,0.0,500.0,dhaka_bangladesh
2022-07-30 02:00:00,0.06056637921577818,0,0.0,500.0,dhaka_bangladesh
2022-07-30 03:00:00,0.058094632399048454,0,0.0,500.0,dhaka_bangladesh
2022-07-30 04:00:00,0.055723758911798246,0,0.0,500.0,dhaka_bangladesh
2022-07-30 05:00:00,0.05344964205868826,0,0.0,500.0,dhaka_bangladesh
2022-07-30 06:00:00,0.051268333148950934,0,0.0,500.0,dhaka_bangladesh
2022-07-30 07:00:00,0.04917604464003268,0,0.0,500.0,dhaka_bangladesh
2022-07-30 08:00:00,0.047169143561047705,0,0.0,500.0,dhaka_bangladesh
2022-07-30 09:00:00,0.04524414520462434,0,0.0,500.0,dhaka_bangladesh
2022-07-30 10:00:00,0.043397707076190645,0,0.0,500.0,dhaka_bangladesh
2022-07-30 11:00:00,0.0416266230901927,0,0.0,500.0,dhaka_bangladesh
2022-07-30 12:00:00,0.03992781800316864,0,0.0,500.0,dhaka_bangladesh
2022-07-30 13:00:00,0.038298342074011824,0,0.0,500.0,dhaka_bangladesh
2022-07-30 14:00:00,0.03673536594215147,0,0.0,500.0,dhaka_bangladesh
2022-07-30 15:00:00,0.03523617571475778,0,0.0,500.0,dhaka_bangladesh
2022-07-30 16:00:00,0.033798168254440715,0,0.0,500.0,dhaka_bangladesh
2022-07-30 17:00:00,0.0324188466592603,0,0.0,500.0,dhaka_bangladesh
2022-07-30 18:00:00,0.03109581592720029,0,0.0,500.0,dhaka_bangladesh
2022-07-30 19:00:00,0.029826778797576937,0,0.0,500.0,dhaka_bangladesh
2022-07-30 20:00:00,0.028609531762162164,0,0.0,500.0,dhaka_bangladesh
2022-07-30 21:00:00,2.4737577508486703,1,4.0,181.2011747685957,dhaka_bangladesh
2022-07-30 22:00:00,2.3728023540560588,1,4.0,181.2011747685957,dhaka_bangladesh
2022-07-30 23:00:00,2.2759670018143163,1,4.0,181.2011747685957,dhaka_bangladesh
2022-07-31 00:00:00,2.183083552868587,1,4.0,181.2011747685957,dhaka_bangladesh
2022-07-31 01:00:00,2.093990727899908,1,4.0,181.2011747685957,dhaka_bangladesh
2022-07-31 02:00:00,2.008533829485882,1,4.0,181.2011747685957,dhaka_bangladesh
2022-07-31 03:00:00,1.9265644734899017,1,4.0,181.2011747685957,dhaka_bangladesh
2022-07-31 04:00:00,1.8479403314125316,1,4.0,181.2011747685957,dhaka_bangladesh
2022-07-31 05:00:00,1.772524883257667,1,4.0,181.2011747685957,dhaka_bangladesh
2022-07-31 06:00:00,1.70018718048436,1,4.0,181.2011747685957,dhaka_bangladesh
2022-07-31 07:00:00,1.6308016186327097,1,4.0,181.2011747685957,dhaka_bangladesh
2022-07-31 08:00:00,1.564247719229013,1,4.0,181.2011747685957,dhaka_bangladesh
2022-07-31 09:00:00,1.5004099205914845,1,4.0,181.2011747685957,dhaka_bangladesh
2022-07-31 10:00:00,1.4391773771733112,1,4.0,181.2011747685957,dhaka_bangladesh
2022-07-31 11:00:00,1.3804437670946215,1,4.0,181.2011747685957,dhaka_bangladesh
2022-07-31 12:00:00,1.324107107529184,1,4.0,181.2011747685957,dhaka_bangladesh
2022-07-31 13:00:00,1.270069577625269,1,4.0,181.2011747685957,dhaka_bangladesh
2022-07-31 14:00:00,1.218237348653214,1,4.0,181.2011747685957,dhaka_bangladesh
2022-07-31 15:00:00,1.1685204210847524,1,4.0,181.2011747685957,dhaka_bangladesh
2022-07-31 16:00:00,1.1208324683212252,1,4.0,181.2011747685957,dhaka_bangladesh
2022-07-31 17:00:00,1.0750906867993315,1,4.0,181.2011747685957,dhaka_bangladesh
2022-07-31 18:00:00,1.0312156522141411,1,4.0,181.2011747685957,dhaka_bangladesh
2022-07-31 19:00:00,0.9891311816097279,1,4.0,181.2011747685957,dhaka_bangladesh
2022-07-31 20:00:00,0.9487642010979552,1,4.0,181.2011747685957,dhaka_bangladesh
2022-07-31 21:00:00,0.910044618975733,0,0.0,500.0,dhaka_bangladesh
2022-07-31 22:00:00,0.8729052040204257,0,0.0,500.0,dhaka_bangladesh
2022-07-31 23:00:00,0.8372814687520936,0,0.0,500.0,dhaka_bangladesh
2022-08-01 00:00:00,0.8031115574598626,0,0.0,500.0,dhaka_bangladesh
2022-08-01 01:00:00,0.770336138798,0,0.0,500.0,dhaka_bangladesh
2022-08-01 02:00:00,0.7388983027652032,0,0.0,500.0,dhaka_bangladesh
2022-08-01 03:00:00,0.7087434618882191,0,0.0,500.0,dhaka_bangladesh
2022-08-01 04:00:00,0.6798192564382121,0,0.0,500.0,dhaka_bangladesh
2022-08-01 05:00:00,0.6520754635153065,0,0.0,500.0,dhaka_bangladesh
2022-08-01 06:00:00,0.6254639098434365,0,0.0,500.0,dhaka_bangladesh
2022-08-01 07:00:00,0.5999383881240847,0,0.0,500.0,dhaka_bangladesh
2022-08-01 08:00:00,0.5754545768036724,0,0.0,500.0,dhaka_bangladesh
2022-08-01 09:00:00,0.5519699631152833,0,0.0,500.0,dhaka_bangladesh
2022-08-01 10:00:00,0.5294437692610996,0,0.0,500.0,dhaka_bangladesh
2022-08-01 11:00:00,0.5078368816073701,0,0.0,500.0,dhaka_bangladesh
2022-08-01 12:00:00,0.4871117827689709,0,0.0,500.0,dhaka_bangladesh
2022-08-01 13:00:00,0.46723248646563365,0,0.0,500.0,dhaka_bangladesh
2022-08-01 14:00:00,0.44816447503672385,0,0.0,500.0,dhaka_bangladesh
2022-08-01 15:00:00,0.4298746395060772,0,0.0,500.0,dhaka_bangladesh
2022-08-01 16:00:00,0.4123312220928206,0,0.0,500.0,dhaka_bangladesh
2022-08-01 17:00:00,0.39550376106836005,0,0.0,500.0,dhaka_bangladesh
2022-08-01 18:00:00,0.37936303786378256,0,0.0,500.0,dhaka_bangladesh
2022-08-01 19:00:00,0.363881026335835,0,0.0,500.0,dhaka_bangladesh
2022-08-01 20:00:00,0.3490308441033857,0,0.0,500.0,dhaka_bangladesh
2022-08-01 21:00:00,0.33478670586987075,0,0.0,500.0,dhaka_bangladesh
2022-08-01 22:00:00,0.32112387865067804,0,0.0,500.0,dhaka_bangladesh
2022-08-01 23:00:00,0.3080186388277246,0,0.0,500.0,dhaka_bangladesh
2022-08-02 00:00:00,0.2954482309566609,0,0.0,500.0,dhaka_bangladesh
2022-08-02 01:00:00,0.2833908282551748,0,0.0,500.0,dhaka_bangladesh
2022-08-02 02:00:00,0.27182549470379014,0,0.0,500.0,dhaka_bangladesh
2022-08-02 03:00:00,0.2607321486933513,0,0.0,500.0,dhaka_bangladesh
2022-08-02 04:00:00,0.25009152815607494,0,0.0,500.0,dhaka_bangladesh
2022-08-02 05:00:00,0.23988515711962013,0,0.0,500.0,dhaka_bangladesh
2022-08-02 06:00:00,0.2300953136261088,0,0.0,500.0,dhaka_bangladesh
2022-08-02 07:00:00,0.2207049989603842,0,0.0,500.0,dhaka_bangladesh
2022-08-02 08:00:00,0.21169790813408376,0,0.0,500.0,dhaka_bangladesh
2022-08-02 09:00:00,0.20305840157427207,0,0.0,500.0,dhaka_bangladesh
2022-08-02 10:00:00,0.1947714779674754,0,0.0,500.0,dhaka_bangladesh
2022-08-02 11:00:00,0.18682274821196715,0,0.0,500.0,dhaka_bangladesh
2022-08-02 12:00:00,0.179198410433074,0,0.0,500.0,dhaka_bangladesh
2022-08-02 13:00:00,0.17188522601812078,0,0.0,500.0,dhaka_bangladesh
2022-08-02 14:00:00,0.16487049662940279,0,0.0,500.0,dhaka_bangladesh
2022-08-02 15:00:00,0.15814204215527086,0,0.0,500.0,dhaka_bangladesh
2022-08-02 16:00:00,0.15168817956104477,0,0.0,500.0,dhaka_bangladesh
2022-08-02 17:00:00,0.1454977026030319,0,0.0,500.0,dhaka_bangladesh
2022-08-02 18:00:00,0.13955986237042903,0,0.0,500.0,dhaka_bangladesh
2022-08-02 19:00:00,0.1338643486213179,0,0.0,500.0,dhaka_bangladesh
2022-08-02 20:00:00,0.1284012718803503,0,0.0,500.0,dhaka_bangladesh
2022-08-02 21:00:00,0.12316114626703607,0,0.0,500.0,dhaka_bangladesh
2022-08-02 22:00:00,0.11813487302481752,0,0.0,500.0,dhaka_bangladesh
2022-08-02 23:00:00,0.11331372472233166,0,0.0,500.0,dhaka_bangladesh
2022-08-03 00:00:00,0.10868933009942765,0,0.0,500.0,dhaka_bangladesh
2022-08-03 01:00:00,0.10425365953162592,0,0.0,500.0,dhaka_bangladesh
2022-08-03 02:00:00,0.09999901108778117,0,0.0,500.0,dhaka_bangladesh
2022-08-03 03:00:00,0.09591799715673952,0,0.0,500.0,dhaka_bangladesh
2022-08-03 04:00:00,0.09200353161976887,0,0.0,500.0,dhaka_bangladesh
2022-08-03 05:00:00,0.0882488175464895,0,0.0,500.0,dhaka_bangladesh
2022-08-03 06:00:00,0.08464733539294066,0,0.0,500.0,dhaka_bangladesh
2022-08-03 07:00:00,0.0811928316812899,0,0.0,500.0,dhaka_bangladesh
2022-08-03 08:00:00,0.07787930814153006,0,0.0,500.0,dhaka_bangladesh
2022-08-03 09:00:00,0.07470101129630953,0,0.0,500.0,dhaka_bangladesh
2022-08-03 10:00:00,0.07165242247081076,0,0.0,500.0,dhaka_bangladesh
2022-08-03 11:00:00,0.06872824821033155,0,0.0,500.0,dhaka_bangladesh
2022-08-03 12:00:00,0.06592341108893003,0,0.0,500.0,dhaka_bangladesh
2022-08-03 13:00:00,0.06323304089317335,0,0.0,500.0,dhaka_bangladesh
2022-08-03 14:00:00,0.06065246616568285,0,0.0,500.0,dhaka_bangladesh
2022-08-03 15:00:00,0.05817720609379171,0,0.0,500.0,dhaka_bangladesh
2022-08-03 16:00:00,0.055802962729230535,0,0.0,500.0,dhaka_bangladesh
2022-08-03 17:00:00,0.05352561352533209,0,0.0,500.0,dhaka_bangladesh
2022-08-03 18:00:00,0.05134120417879684,0,0.0,500.0,dhaka_bangladesh
2022-08-03 19:00:00,0.04924594176358957,0,0.0,500.0,dhaka_bangladesh
2022-08-03 20:00:00,0.047236188145045696,0,0.0,500.0,dhaka_bangladesh
2022-08-03 21:00:00,0.045308453662751505,0,0.0,500.0,dhaka_bangladesh
2022-08-03 22:00:00,0.04345939107122914,0,0.0,500.0,dhaka_bangladesh
2022-08-03 23:00:00,0.041685789727906035,0,0.0,500.0,dhaka_bangladesh
2022-08-04 00:00:00,0.03998457001827586,0,0.0,500.0,dhaka_bangladesh
2022-08-04 01:00:00,0.03835277800857234,0,0.0,500.0,dhaka_bangladesh
2022-08-04 02:00:00,0.036787580316669816,0,0.0,500.0,dhaka_bangladesh
2022-08-04 03:00:00,0.03528625919230533,0,0.0,500.0,dhaka_bangladesh
2022-08-04 04:00:00,0.033846207798079675,0,0.0,500.0,dhaka_bangladesh
2022-08-04 05:00:00,0.03246492568304315,0,0.0,500.0,dhaka_bangladesh
2022-08-04 06:00:00,0.031140014441006662,0,0.0,500.0,dhaka_bangladesh
2022-08-04 07:00:00,0.029869173546039893,0,0.0,500.0,dhaka_bangladesh
2022-08-04 08:00:00,0.028650196357924654,0,0.0,500.0,dhaka_bangladesh
2022-08-04 09:00:00,0.02748096629062795,0,0.0,500.0,dhaka_bangladesh
2022-08-04 10:00:00,0.02635945313714194,0,0.0,500.0,dhaka_bangladesh
2022-08-04 11:00:00,0.025283709544308964,0,0.0,500.0,dhaka_bangladesh
2022-08-04 12:00:00,0.02425186763151084,0,0.0,500.0,dhaka_bangladesh
2022-08-04 13:00:00,0.02326213574735156,0,0.0,500.0,dhaka_bangladesh
2022-08-04 14:00:00,0.022312795358701232,0,0.0,500.0,dhaka_bangladesh
2022-08-04 15:00:00,0.021402198066699924,0,0.0,500.0,dhaka_bangladesh
2022-08-04 16:00:00,0.020528762744540144,0,0.0,500.0,dhaka_bangladesh
2022-08-04 17:00:00,0.01969097279205777,0,0.0,500.0,dhaka_bangladesh
2022-08-04 18:00:00,0.0188873735023647,0,0.0,500.0,dhaka_bangladesh
2022-08-04 19:00:00,0.018116569535950713,0,0.0,500.0,dhaka_bangladesh
2022-08-04 20:00:00,0.01737722249786853,0,0.0,500.0,dhaka_bangladesh
2022-08-04 21:00:00,0.01666804861379521,0,0.0,500.0,dhaka_bangladesh
2022-08-04 22:00:00,0.015987816500934948,0,0.0,500.0,dhaka_bangladesh
2022-08-04 23:00:00,0.015335345029892321,0,0.0,500.0,dhaka_bangladesh
2022-08-05 00:00:00,0.014709501273803735,0,0.0,500.0,dhaka_bangladesh
2022-08-05 01:00:00,0.014109198541165973,0,0.0,500.0,dhaka_bangladesh
2022-08-05 02:00:00,0.013533394488946044,0,0.0,500.0,dhaka_bangladesh
2022-08-05 03:00:00,0.012981089312695955,0,0.0,500.0,dhaka_bangladesh
2022-08-05 04:00:00,0.012451324010530066,0,0.0,500.0,dhaka_bangladesh
2022-08-05 05:00:00,0.011943178717950318,0,0.0,500.0,dhaka_bangladesh
2022-08-05 06:00:00,0.011455771110628184,0,0.0,500.0,dhaka_bangladesh
2022-08-05 07:00:00,0.010988254872369993,0,0.0,500.0,dhaka_bangladesh
2022-08-05 08:00:00,0.010539818225605416,0,0.0,500.0,dhaka_bangladesh
2022-08-05 09:00:00,0.010109682521847465,0,0.0,500.0,dhaka_bangladesh
2022-08-05 10:00:00,0.009697100889676607,0,0.0,500.0,dhaka_bangladesh
2022-08-05 11:00:00,0.009301356937901444,0,0.0,500.0,dhaka_bangladesh
2022-08-05 12:00:00,0.008921763511644006,0,0.0,500.0,dhaka_bangladesh
2022-08-05 13:00:00,0.008557661499189932,0,0.0,500.0,dhaka_bangladesh
2022-08-05 14:00:00,0.008208418687531763,0,0.0,500.0,dhaka_bangladesh
2022-08-05 15:00:00,0.0078734286646181,0,0.0,500.0,dhaka_bangladesh
2022-08-05 16:00:00,0.007552109766402558,0,0.0,500.0,dhaka_bangladesh
2022-08-05 17:00:00,0.007243904066864289,0,0.0,500.0,dhaka_bangladesh
2022-08-05 18:00:00,0.00694827640924624,0,0.0,500.0,dhaka_bangladesh
2022-08-05 19:00:00,0.006664713476829132,0,0.0,500.0,dhaka_bangladesh
2022-08-05 20:00:00,0.00639272290162769,0,0.0,500.0,dhaka_bangladesh
2022-08-05 21:00:00,0.006131832409461422,0,0.0,500.0,dhaka_bangladesh
2022-08-05 22:00:00,0.005881588999915518,0,0.0,500.0,dhaka_bangladesh
2022-08-05 23:00:00,0.005641558159768043,0,0.0,500.0,dhaka_bangladesh
2022-08-06 00:00:00,0.0054113231085175404,0,0.0,500.0,dhaka_bangladesh
2022-08-06 01:00:00,0.005190484074701073,0,0.0,500.0,dhaka_bangladesh
2022-08-06 02:00:00,0.004978657601746147,0,0.0,500.0,dhaka_bangladesh
2022-08-06 03:00:00,0.0047754758821511745,0,0.0,500.0,dhaka_bangladesh
2022-08-06 04:00:00,0.0045805861188383664,0,0.0,500.0,dhaka_bangladesh
2022-08-06 05:00:00,0.0043936499125702255,0,0.0,500.0,dhaka_bangladesh
2022-08-06 06:00:00,0.004214342674365851,0,0.0,500.0,dhaka_bangladesh
2022-08-06 07:00:00,0.004042353061896852,0,0.0,500.0,dhaka_bangladesh
2022-08-06 08:00:00,0.0038773824388843026,0,0.0,500.0,dhaka_bangladesh
2022-08-06 09:00:00,0.003719144356557942,0,0.0,500.0,dhaka_bangladesh
2022-08-06 10:00:00,0.003567364056277327,0,0.0,500.0,dhaka_bangladesh
2022-08-06 11:00:00,0.0034217779924513012,0,0.0,500.0,dhaka_bangladesh
2022-08-06 12:00:00,0.0032821333749273626,0,0.0,500.0,dhaka_bangladesh
2022-08-06 13:00:00,0.0031481877300563593,0,0.0,500.0,dhaka_bangladesh
2022-08-06 14:00:00,0.0030197084796704083,0,0.0,500.0,dhaka_bangladesh
2022-08-06 15:00:00,0.002896472537242922,0,0.0,500.0,dhaka_bangladesh
2022-08-06 16:00:00,0.002778265920529565,0,0.0,500.0,dhaka_bangladesh
2022-08-06 17:00:00,0.0026648833800175732,0,0.0,500.0,dhaka_bangladesh
2022-08-06 18:00:00,0.002556128042538222,0,0.0,500.0,dhaka_bangladesh
2022-08-06 19:00:00,0.002451811069423681,0,0.0,500.0,dhaka_bangladesh
2022-08-06 20:00:00,0.0023517513286146754,0,0.0,500.0,dhaka_bangladesh
2022-08-06 21:00:00,0.0022557750801496064,0,0.0,500.0,dhaka_bangladesh
2022-08-06 22:00:00,0.0021637156744890224,0,0.0,500.0,dhaka_bangladesh
2022-08-06 23:00:00,0.002075413263151658,0,0.0,500.0,dhaka_bangladesh
2022-08-07 00:00:00,0.001990714521159545,0,0.0,500.0,dhaka_bangladesh
2022-08-07 01:00:00,0.0019094723808103016,0,0.0,500.0,dhaka_bangladesh
2022-08-07 02:00:00,0.0018315457763143262,0,0.0,500.0,dhaka_bangladesh
2022-08-07 03:00:00,0.0017567993988534746,0,0.0,500.0,dhaka_bangladesh
2022-08-07 04:00:00,0.001685103461635924,0,0.0,500.0,dhaka_bangladesh
2022-08-07 05:00:00,0.0016163334745392909,0,0.0,500.0,dhaka_bangladesh
2022-08-07 06:00:00,0.0015503700279506706,0,0.0,500.0,dhaka_bangladesh
2022-08-07 07:00:00,0.0014870985854282827,0,0.0,500.0,dhaka_bangladesh
2022-08-07 08:00:00,0.0014264092848247213,0,0.0,500.0,dhaka_bangladesh
2022-08-07 09:00:00,0.0013681967475264593,0,0.0,500.0,dhaka_bangladesh
2022-08-07 10:00:00,0.0013123598954783927,0,0.0,500.0,dhaka_bangladesh
2022-08-07 11:00:00,0.0012588017756757243,0,0.0,500.0,dhaka_bangladesh
2022-08-07 12:00:00,0.001207429391818418,0,0.0,500.0,dhaka_bangladesh
2022-08-07 13:00:00,0.0011581535428359247,0,0.0,500.0,dhaka_bangladesh
2022-08-07 14:00:00,0.0011108886680018155,0,0.0,500.0,dhaka_bangladesh
2022-08-07 15:00:00,0.0010655526983693558,0,0.0,500.0,dhaka_bangladesh
2022-08-07 16:00:00,0.0010220669142700792,0,0.0,500.0,dhaka_bangladesh
2022-08-07 17:00:00,0.000980355808627929,0,0.0,500.0,dhaka_bangladesh
2022-08-07 18:00:00,0.000940346955851614,0,0.0,500.0,dhaka_bangladesh
2022-08-07 19:00:00,0.00090197088607754,0,0.0,500.0,dhaka_bangladesh
2022-08-07 20:00:00,0.0008651609645449639,0,0.0,500.0,dhaka_bangladesh
2022-08-07 21:00:00,0.0008298532758939019,0,0.0,500.0,dhaka_bangladesh
2022-08-07 22:00:00,0.0007959865131849123,0,0.0,500.0,dhaka_bangladesh
2022-08-07 23:00:00,0.0007635018714480321,0,0.0,500.0,dhaka_bangladesh
2022-08-08 00:00:00,0.0007323429455760481,0,0.0,500.0,dhaka_bangladesh
2022-08-08 01:00:00,0.0007024556323847971,0,0.0,500.0,dhaka_bangladesh
2022-08-08 02:00:00,0.0006737880366704302,0,0.0,500.0,dhaka_bangladesh
2022-08-08 03:00:00,0.0006462903811005414,0,0.0,500.0,dhaka_bangladesh
2022-08-08 04:00:00,0.0006199149197826866,0,0.0,500.0,dhaka_bangladesh
2022-08-08 05:00:00,0.0005946158553602106,0,0.0,500.0,dhaka_bangladesh
2022-08-08 06:00:00,0.0005703492594914455,0,0.0,500.0,dhaka_bangladesh
2022-08-08 07:00:00,0.000547072996574199,0,0.0,500.0,dhaka_bangladesh
2022-08-08 08:00:00,0.0005247466505830757,0,0.0,500.0,dhaka_bangladesh
2022-08-08 09:00:00,0.0005033314548926183,0,0.0,500.0,dhaka_bangladesh
2022-08-08 10:00:00,0.0004827902249644036,0,0.0,500.0,dhaka_bangladesh
2022-08-08 11:00:00,0.0004630872937812052,0,0.0,500.0,dhaka_bangladesh
2022-08-08 12:00:00,0.0004441884499161337,0,0.0,500.0,dhaka_bangladesh
2022-08-08 13:00:00,0.0004260608781292062,0,0.0,500.0,dhaka_bangladesh
2022-08-08 14:00:00,0.00040867310238819614,0,0.0,500.0,dhaka_bangladesh
2022-08-08 15:00:00,0.0003919949312148407,0,0.0,500.0,dhaka_bangladesh
2022-08-08 16:00:00,0.0003759974052614972,0,0.0,500.0,dhaka_bangladesh
2022-08-08 17:00:00,0.00036065274702722034,0,0.0,500.0,dhaka_bangladesh
2022-08-08 18:00:00,0.00034593431262595843,0,0.0,500.0,dhaka_bangladesh
2022-08-08 19:00:00,0.000331816545523116,0,0.0,500.0,dhaka_bangladesh
2022-08-08 20:00:00,0.0003182749321601476,0,0.0,500.0,dhaka_bangladesh
2022-08-08 21:00:00,0.00030528595939013946,0,0.0,500.0,dhaka_bangladesh
2022-08-08 22:00:00,0.0002928270736504704,0,0.0,500.0,dhaka_bangladesh
2022-08-08 23:00:00,0.0002808766418016525,0,0.0,500.0,dhaka_bangladesh
2022-08-09 00:00:00,0.0002694139135643646,0,0.0,500.0,dhaka_bangladesh
2022-08-09 01:00:00,0.00025841898548945133,0,0.0,500.0,dhaka_bangladesh
2022-08-09 02:00:00,0.0002478727663983212,0,0.0,500.0,dhaka_bangladesh
2022-08-09 03:00:00,0.00023775694423374565,0,0.0,500.0,dhaka_bangladesh
2022-08-09 04:00:00,0.0002280539542634943,0,0.0,500.0,dhaka_bangladesh
2022-08-09 05:00:00,0.00021874694858159345,0,0.0,500.0,dhaka_bangladesh
2022-08-09 06:00:00,0.00020981976685425894,0,0.0,500.0,dhaka_bangladesh
2022-08-09 07:00:00,0.0002012569082597027,0,0.0,500.0,dhaka_bangladesh
2022-08-09 08:00:00,0.00019304350457308796,0,0.0,500.0,dhaka_bangladesh
2022-08-09 09:00:00,0.00018516529434990547,0,0.0,500.0,dhaka_bangladesh
2022-08-09 10:00:00,0.00017760859816293972,0,0.0,500.0,dhaka_bangladesh
2022-08-09 11:00:00,0.00017036029484982532,0,0.0,500.0,dhaka_bangladesh
2022-08-09 12:00:00,0.00016340779872995649,0,0.0,500.0,dhaka_bangladesh
2022-08-09 13:00:00,0.00015673903775118635,0,0.0,500.0,dhaka_bangladesh
2022-08-09 14:00:00,0.00015034243252836922,0,0.0,500.0,dhaka_bangladesh
2022-08-09 15:00:00,0.00014420687623735356,0,0.0,500.0,dhaka_bangladesh
2022-08-09 16:00:00,0.0001383217153295119,0,0.0,500.0,dhaka_bangladesh
2022-08-09 17:00:00,0.00013267673103331936,0,0.0,500.0,dhaka_bangladesh
2022-08-09 18:00:00,0.00012726212161086464,0,0.0,500.0,dhaka_bangladesh
2022-08-09 19:00:00,0.00012206848533848243,0,0.0,500.0,dhaka_bangladesh
2022-08-09 20:00:00,0.00011708680418195381,0,0.0,500.0,dhaka_bangladesh
2022-08-09 21:00:00,0.00011230842813793211,0,0.0,500.0,dhaka_bangladesh
2022-08-09 22:00:00,0.00010772506021440383,0,0.0,500.0,dhaka_bangladesh
2022-08-09 23:00:00,0.00010332874202410329,0,0.0,500.0,dhaka_bangladesh
2022-08-10 00:00:00,9.911183996586972e-05,0,0.0,500.0,dhaka_bangladesh
2022-08-10 01:00:00,9.50670319699504e-05,0,0.0,500.0,dhaka_bangladesh
2022-08-10 02:00:00,9.118729478423388e-05,0,0.0,500.0,dhaka_bangladesh
2022-08-10 03:00:00,8.746589177934014e-05,0,0.0,500.0,dhaka_bangladesh
2022-08-10 04:00:00,8.389636125139196e-05,0,0.0,500.0,dhaka_bangladesh
2022-08-10 05:00:00,8.047250520215482e-05,0,0.0,500.0,dhaka_bangladesh
2022-08-10 06:00:00,7.718837857706708e-05,0,0.0,500.0,dhaka_bangladesh
2022-08-10 07:00:00,7.403827894247166e-05,0,0.0,500.0,dhaka_bangladesh
2022-08-10 08:00:00,7.101673658412437e-05,0,0.0,500.0,dhaka_bangladesh
2022-08-10 09:00:00,6.811850500978884e-05,0,0.0,500.0,dhaka_bangladesh
2022-08-10 10:00:00,6.533855183942552e-05,0,0.0,500.0,dhaka_bangladesh
2022-08-10 11:00:00,6.267205006715588e-05,0,0.0,500.0,dhaka_bangladesh
2022-08-10 12:00:00,6.0114369679831906e-05,0,0.0,500.0,dhaka_bangladesh
2022-08-10 13:00:00,5.766106961765602e-05,0,0.0,500.0,dhaka_bangladesh
2022-08-10 14:00:00,5.530789006289174e-05,0,0.0,500.0,dhaka_bangladesh
2022-08-10 15:00:00,5.305074504327697e-05,0,0.0,500.0,dhaka_bangladesh
2022-08-10 16:00:00,5.0885715337296164e-05,0,0.0,500.0,dhaka_bangladesh
2022-08-10 17:00:00,4.880904166899129e-05,0,0.0,500.0,dhaka_bangladesh
2022-08-10 18:00:00,4.681711818049701e-05,0,0.0,500.0,dhaka_bangladesh
2022-08-10 19:00:00,4.49064861709653e-05,0,0.0,500.0,dhaka_bangladesh
2022-08-10 20:00:00,4.3073828091007264e-05,0,0.0,500.0,dhaka_bangladesh
2022-08-10 21:00:00,4.131596178222555e-05,0,0.0,500.0,dhaka_bangladesh
2022-08-10 22:00:00,3.9629834951834854e-05,0,0.0,500.0,dhaka_bangladesh
2022-08-10 23:00:00,3.801251987277525e-05,0,0.0,500.0,dhaka_bangladesh
2022-08-11 00:00:00,3.6461208300117574e-05,0,0.0,500.0,dhaka_bangladesh
2022-08-11 01:00:00,3.497320659493299e-05,0,0.0,500.0,dhaka_bangladesh
2022-08-11 02:00:00,3.3545931047159527e-05,0,0.0,500.0,dhaka_bangladesh
2022-08-11 03:00:00,3.2176903389345506e-05,0,0.0,500.0,dhaka_bangladesh
2022-08-11 04:00:00,3.0863746493479525e-05,0,0.0,500.0,dhaka_bangladesh
2022-08-11 05:00:00,2.9604180243434703e-05,0,0.0,500.0,dhaka_bangladesh
2022-08-11 06:00:00,2.839601757586117e-05,0,0.0,500.0,dhaka_bangladesh
2022-08-11 07:00:00,2.7237160682651836e-05,0,0.0,500.0,dhaka_bangladesh
2022-08-11 08:00:00,2.61255973683872e-05,0,0.0,500.0,dhaka_bangladesh
2022-08-11 09:00:00,2.5059397556435216e-05,0,0.0,500.0,dhaka_bangladesh
2022-08-11 10:00:00,2.403670993763917e-05,0,0.0,500.0,dhaka_bangladesh
2022-08-11 11:00:00,2.3055758755773955e-05,0,0.0,500.0,dhaka_bangladesh
2022-08-11 12:00:00,2.2114840724190056e-05,0,0.0,500.0,dhaka_bangladesh
2022-08-11 13:00:00,2.1212322068290934e-05,0,0.0,500.0,dhaka_bangladesh
2022-08-11 14:00:00,2.0346635688708183e-05,0,0.0,500.0,dhaka_bangladesh
2022-08-11 15:00:00,1.9516278440249394e-05,0,0.0,500.0,dhaka_bangladesh
2022-08-11 16:00:00,1.8719808521893603e-05,0,0.0,500.0,dhaka_bangladesh
2022-08-11 17:00:00,1.7955842973302158e-05,0,0.0,500.0,dhaka_bangladesh
2022-08-11 18:00:00,1.7223055273498612e-05,0,0.0,500.0,dhaka_bangladesh
2022-08-11 19:00:00,1.6520173037547823e-05,0,0.0,500.0,dhaka_bangladesh
2022-08-11 20:00:00,1.5845975807234527e-05,0,0.0,500.0,dhaka_bangladesh
2022-08-11 21:00:00,1.5199292931905803e-05,0,0.0,500.0,dhaka_bangladesh
2022-08-11 22:00:00,1.45790015357975e-05,0,0.0,500.0,dhaka_bangladesh
2022-08-11 23:00:00,1.3984024568314904e-05,0,0.0,500.0,dhaka_bangladesh
2022-08-12 00:00:00,1.3413328933882807e-05,0,0.0,500.0,dhaka_bangladesh
2022-08-12 01:00:00,1.2865923698117351e-05,0,0.0,500.0,dhaka_bangladesh
2022-08-12 02:00:00,1.2340858367204786e-05,0,0.0,500.0,dhaka_bangladesh
2022-08-12 03:00:00,1.1837221237499912e-05,0,0.0,500.0,dhaka_bangladesh
2022-08-12 04:00:00,1.1354137812478309e-05,0,0.0,500.0,dhaka_bangladesh
2022-08-12 05:00:00,1.089076928429341e-05,0,0.0,500.0,dhaka_bangladesh
2022-08-12 06:00:00,1.0446311077302263e-05,0,0.0,500.0,dhaka_bangladesh
2022-08-12 07:00:00,1.0019991451030739e-05,0,0.0,500.0,dhaka_bangladesh
2022-08-12 08:00:00,9.611070160152385e-06,0,0.0,500.0,dhaka_bangladesh
2022-08-12 09:00:00,9.218837169154394e-06,0,0.0,500.0,dhaka_bangladesh
2022-08-12 10:00:00,8.842611419458753e-06,0,0.0,500.0,dhaka_bangladesh
2022-08-12 11:00:00,8.481739646857714e-06,0,0.0,500.0,dhaka_bangladesh
2022-08-12 12:00:00,8.135595247210493e-06,0,0.0,500.0,dhaka_bangladesh
2022-08-12 13:00:00,7.803577188431522e-06,0,0.0,500.0,dhaka_bangladesh
2022-08-12 14:00:00,7.485108966880891e-06,0,0.0,500.0,dhaka_bangladesh
2022-08-12 15:00:00,7.179637606345215e-06,0,0.0,500.0,dhaka_bangladesh
2022-08-12 16:00:00,6.886632697870624e-06,0,0.0,500.0,dhaka_bangladesh
2022-08-12 17:00:00,6.605585478780568e-06,0,0.0,500.0,dhaka_bangladesh
2022-08-12 18:00:00,6.336007949279531e-06,0,0.0,500.0,dhaka_bangladesh
2022-08-12 19:00:00,6.077432025108622e-06,0,0.0,500.0,dhaka_bangladesh
2022-08-12 20:00:00,5.829408724781631e-06,0,0.0,500.0,dhaka_bangladesh
2022-08-12 21:00:00,5.591507389990561e-06,0,0.0,500.0,dhaka_bangladesh
2022-08-12 22:00:00,5.363314937826783e-06,0,0.0,500.0,dhaka_bangladesh
2022-08-12 23:00:00,5.144435143519407e-06,0,0.0,500.0,dhaka_bangladesh
2022-08-13 00:00:00,4.9344879524455455e-06,0,0.0,500.0,dhaka_bangladesh
2022-08-13 01:00:00,4.733108820217829e-06,0,0.0,500.0,dhaka_bangladesh
2022-08-13 02:00:00,4.539948079703216e-06,0,0.0,500.0,dhaka_bangladesh
2022-08-13 03:00:00,4.3546703338741954e-06,0,0.0,500.0,dhaka_bangladesh
2022-08-13 04:00:00,4.176953873438062e-06,0,0.0,500.0,dhaka_bangladesh
2022-08-13 05:00:00,4.006490118232969e-06,0,0.0,500.0,dhaka_bangladesh
2022-08-13 06:00:00,3.842983081421003e-06,0,0.0,500.0,dhaka_bangladesh
2022-08-13 07:00:00,3.686148855547818e-06,0,0.0,500.0,dhaka_bangladesh
2022-08-13 08:00:00,3.535715119576384e-06,0,0.0,500.0,dhaka_bangladesh
2022-08-13 09:00:00,3.3914206660390394e-06,0,0.0,500.0,dhaka_bangladesh
2022-08-13 10:00:00,3.2530149474867006e-06,0,0.0,500.0,dhaka_bangladesh
2022-08-13 11:00:00,3.120257641447682e-06,0,0.0,500.0,dhaka_bangladesh
2022-08-13 12:00:00,2.9929182331408384e-06,0,0.0,500.0,dhaka_bangladesh
2022-08-13 13:00:00,2.8707756152184035e-06,0,0.0,500.0,dhaka_bangladesh
2022-08-13 14:00:00,2.753617703843494e-06,0,0.0,500.0,dhaka_bangladesh
2022-08-13 15:00:00,2.6412410704357497e-06,0,0.0,500.0,dhaka_bangladesh
2022-08-13 16:00:00,2.5334505884456277e-06,0,0.0,500.0,dhaka_bangladesh
2022-08-13 17:00:00,2.430059094543989e-06,0,0.0,500.0,dhaka_bangladesh
2022-08-13 18:00:00,2.3308870636387706e-06,0,0.0,500.0,dhaka_bangladesh
2022-08-13 19:00:00,2.2357622971543863e-06,0,0.0,500.0,dhaka_bangladesh
2022-08-13 20:00:00,2.144519624032597e-06,0,0.0,500.0,dhaka_bangladesh
2022-08-13 21:00:00,2.0570006139357173e-06,0,0.0,500.0,dhaka_bangladesh
2022-08-13 22:00:00,1.9730533021541655e-06,0,0.0,500.0,dhaka_bangladesh
2022-08-13 23:00:00,1.8925319257406481e-06,0,0.0,500.0,dhaka_bangladesh
2022-08-14 00:00:00,1.815296670412882e-06,0,0.0,500.0,dhaka_bangladesh
2022-08-14 01:00:00,1.7412134277853593e-06,0,0.0,500.0,dhaka_bangladesh
2022-08-14 02:00:00,1.6701535625085815e-06,0,0.0,500.0,dhaka_bangladesh
2022-08-14 03:00:00,1.6019936889114975e-06,0,0.0,500.0,dhaka_bangladesh
2022-08-14 04:00:00,1.5366154567592856e-06,0,0.0,500.0,dhaka_bangladesh
2022-08-14 05:00:00,1.4739053457544508e-06,0,0.0,500.0,dhaka_bangladesh
2022-08-14 06:00:00,1.4137544684244661e-06,0,0.0,500.0,dhaka_bangladesh
2022-08-14 07:00:00,1.356058381053683e-06,0,0.0,500.0,dhaka_bangladesh
2022-08-14 08:00:00,1.3007169023311795e-06,0,0.0,500.0,dhaka_bangladesh
2022-08-14 09:00:00,1.2476339393997226e-06,0,0.0,500.0,dhaka_bangladesh
2022-08-14 10:00:00,1.1967173210037563e-06,0,0.0,500.0,dhaka_bangladesh
2022-08-14 11:00:00,1.147878637446696e-06,0,0.0,500.0,dhaka_bangladesh
2022-08-14 12:00:00,1.1010330870796721e-06,0,0.0,500.0,dhaka_bangladesh
2022-08-14 13:00:00,1.0560993290551498e-06,0,0.0,500.0,dhaka_bangladesh
2022-08-14 14:00:00,1.012999342089735e-06,0,0.0,500.0,dhaka_bangladesh
2022-08-14 15:00:00,9.716582889909657e-07,0,0.0,500.0,dhaka_bangladesh
2022-08-14 16:00:00,9.320043867128392e-07,0,0.0,500.0,dhaka_bangladesh
2022-08-14 17:00:00,8.939687817144239e-07,0,0.0,500.0,dhaka_bangladesh
2022-08-14 18:00:00,8.57485430405175e-07,0,0.0,500.0,dhaka_bangladesh
2022-08-14 19:00:00,8.22490984469336e-07,0,0.0,500.0,dhaka_bangladesh
2022-08-14 20:00:00,7.889246808703036e-07,0,0.0,500.0,dhaka_bangladesh
2022-08-14 21:00:00,7.567282363439855e-07,0,0.0,500.0,dhaka_bangladesh
2022-08-14 22:00:00,7.258457461979435e-07,0,0.0,500.0,dhaka_bangladesh
2022-08-14 23:00:00,6.962235872405832e-07,0,0.0,500.0,dhaka_bangladesh
2022-08-15 00:00:00,6.678103246718709e-07,0,0.0,500.0,dhaka_bangladesh
2022-08-15 01:00:00,6.405566227738896e-07,0,0.0,500.0,dhaka_bangladesh
2022-08-15 02:00:00,6.144151592461505e-07,0,0.0,500.0,dhaka_bangladesh
2022-08-15 03:00:00,5.89340543036939e-07,0,0.0,500.0,dhaka_bangladesh
2022-08-15 04:00:00,5.652892355280065e-07,0,0.0,500.0,dhaka_bangladesh
2022-08-15 05:00:00,5.422194749357486e-07,0,0.0,500.0,dhaka_bangladesh
2022-08-15 06:00:00,5.200912037976222e-07,0,0.0,500.0,dhaka_bangladesh
2022-08-15 07:00:00,4.988659994178796e-07,0,0.0,500.0,dhaka_bangladesh
2022-08-15 08:00:00,4.78507007151844e-07,0,0.0,500.0,dhaka_bangladesh
2022-08-15 09:00:00,4.589788764128951e-07,0,0.0,500.0,dhaka_bangladesh
2022-08-15 10:00:00,4.4024769929104736e-07,0,0.0,500.0,dhaka_bangladesh
2022-08-15 11:00:00,4.2228095167652707e-07,0,0.0,500.0,dhaka_bangladesh
2022-08-15 12:00:00,4.0504743678613774e-07,0,0.0,500.0,dhaka_bangladesh
2022-08-15 13:00:00,3.885172309943437e-07,0,0.0,500.0,dhaka_bangladesh
2022-08-15 14:00:00,3.726616318750104e-07,0,0.0,500.0,dhaka_bangladesh
2022-08-15 15:00:00,3.5745310836359626e-07,0,0.0,500.0,dhaka_bangladesh
2022-08-15 16:00:00,3.428652529532521e-07,0,0.0,500.0,dhaka_bangladesh
2022-08-15 17:00:00,3.2887273584181737e-07,0,0.0,500.0,dhaka_bangladesh
2022-08-15 18:00:00,3.1545126095010945e-07,0,0.0,500.0,dhaka_bangladesh
2022-08-15 19:00:00,3.025775237351288e-07,0,0.0,500.0,dhaka_bangladesh
2022-08-15 20:00:00,2.9022917072492577e-07,0,0.0,500.0,dhaka_bangladesh
2022-08-15 21:00:00,2.7838476070487704e-07,0,0.0,500.0,dhaka_bangladesh
2022-08-15 22:00:00,2.67023727487968e-07,0,0.0,500.0,dhaka_bangladesh
2022-08-15 23:00:00,2.5612634420444223e-07,0,0.0,500.0,dhaka_bangladesh
2022-08-16 00:00:00,2.456736890488078e-07,0,0.0,500.0,dhaka_bangladesh
2022-08-16 01:00:00,2.3564761242472486e-07,0,0.0,500.0,dhaka_bangladesh
2022-08-16 02:00:00,2.260307054307362e-07,0,0.0,500.0,dhaka_bangladesh
2022-08-16 03:00:00,2.168062696321039e-07,0,0.0,500.0,dhaka_bangladesh
2022-08-16 04:00:00,2.0795828806627493e-07,0,0.0,500.0,dhaka_bangladesh
2022-08-16 05:00:00,1.9947139743163577e-07,0,0.0,500.0,dhaka_bangladesh
2022-08-16 06:00:00,1.913308614112523e-07,0,0.0,500.0,dhaka_bangladesh
2022-08-16 07:00:00,1.8352254508528262e-07,0,0.0,500.0,dhaka_bangladesh
2022-08-16 08:00:00,1.7603289038763936e-07,0,0.0,500.0,dhaka_bangladesh
2022-08-16 09:00:00,1.6884889256427263e-07,0,0.0,500.0,dhaka_bangladesh
2022-08-16 10:00:00,1.6195807759220368e-07,0,0.0,500.0,dhaka_bangladesh
2022-08-16 11:00:00,1.5534848052010532e-07,0,0.0,500.0,dhaka_bangladesh
2022-08-16 12:00:00,1.4900862469280973e-07,0,0.0,500.0,dhaka_bangladesh
2022-08-16 13:00:00,1.4292750182367534e-07,0,0.0,500.0,dhaka_bangladesh
2022-08-16 14:00:00,1.3709455288021632e-07,0,0.0,500.0,dhaka_bangladesh
2022-08-16 15:00:00,1.3149964974979502e-07,0,0.0,500.0,dhaka_bangladesh
2022-08-16 16:00:00,1.261330776535476e-07,0,0.0,500.0,dhaka_bangladesh
2022-08-16 17:00:00,1.2098551827801092e-07,0,0.0,500.0,dhaka_bangladesh
2022-08-16 18:00:00,1.160480335951533e-07,0,0.0,500.0,dhaka_bangladesh
2022-08-16 19:00:00,1.1131205034271798e-07,0,0.0,500.0,dhaka_bangladesh
2022-08-16 20:00:00,1.067693451379366e-07,0,0.0,500.0,dhaka_bangladesh
2022-08-16 21:00:00,1.0241203019875585e-07,0,0.0,500.0,dhaka_bangladesh
2022-08-16 22:00:00,9.823253964778917e-08,0,0.0,500.0,dhaka_bangladesh
2022-08-16 23:00:00,9.422361637521469e-08,0,0.0,500.0,dhaka_bangladesh
2022-08-17 00:00:00,9.03782994378021e-08,0,0.0,500.0,dhaka_bangladesh
2022-08-17 01:00:00,8.66899119721924e-08,0,0.0,500.0,dhaka_bangladesh
2022-08-17 02:00:00,8.315204960144613e-08,0,0.0,500.0,dhaka_bangladesh
2022-08-17 03:00:00,7.975856931472342e-08,0,0.0,500.0,dhaka_bangladesh
2022-08-17 04:00:00,7.650357880079104e-08,0,0.0,500.0,dhaka_bangladesh
2022-08-17 05:00:00,7.338142621683686e-08,0,0.0,500.0,dhaka_bangladesh
2022-08-17 06:00:00,7.038669037482218e-08,0,0.0,500.0,dhaka_bangladesh
2022-08-17 07:00:00,6.751417132833462e-08,0,0.0,500.0,dhaka_bangladesh
2022-08-17 08:00:00,6.475888134359854e-08,0,0.0,500.0,dhaka_bangladesh
2022-08-17 09:00:00,6.211603623896153e-08,0,0.0,500.0,dhaka_bangladesh
2022-08-17 10:00:00,5.958104707782099e-08,0,0.0,500.0,dhaka_bangladesh
2022-08-17 11:00:00,5.714951220056906e-08,0,0.0,500.0,dhaka_bangladesh
2022-08-17 12:00:00,5.481720958171603e-08,0,0.0,500.0,dhaka_bangladesh
2022-08-17 13:00:00,5.258008949892399e-08,0,0.0,500.0,dhaka_bangladesh
2022-08-17 14:00:00,5.0434267501222736e-08,0,0.0,500.0,dhaka_bangladesh
2022-08-17 15:00:00,4.8376017664194994e-08,0,0.0,500.0,dhaka_bangladesh
2022-08-17 16:00:00,4.6401766120421224e-08,0,0.0,500.0,dhaka_bangladesh
2022-08-17 17:00:00,4.450808485395198e-08,0,0.0,500.0,dhaka_bangladesh
2022-08-17 18:00:00,4.2691685748029756e-08,0,0.0,500.0,dhaka_bangladesh
2022-08-17 19:00:00,4.0949414875726544e-08,0,0.0,500.0,dhaka_bangladesh
2022-08-17 20:00:00,3.9278247023584976e-08,0,0.0,500.0,dhaka_bangladesh
2022-08-17 21:00:00,3.767528043875118e-08,0,0.0,500.0,dhaka_bangladesh
2022-08-17 22:00:00,3.6137731790480236e-08,0,0.0,500.0,dhaka_bangladesh
2022-08-17 23:00:00,3.4662931337266337e-08,0,0.0,500.0,dhaka_bangladesh
2022-08-18 00:00:00,3.3248318291203915e-08,0,0.0,500.0,dhaka_bangladesh
2022-08-18 01:00:00,3.189143637153167e-08,0,0.0,500.0,dhaka_bangladesh
2022-08-18 02:00:00,3.058992953964005e-08,0,0.0,500.0,dhaka_bangladesh
2022-08-18 03:00:00,2.9341537908134202e-08,0,0.0,500.0,dhaka_bangladesh
2022-08-18 04:00:00,2.814409381685041e-08,0,0.0,500.0,dhaka_bangladesh
2022-08-18 05:00:00,2.6995518069013364e-08,0,0.0,500.0,dhaka_bangladesh
2022-08-18 06:00:00,2.589381632099692e-08,0,0.0,500.0,dhaka_bangladesh
2022-08-18 07:00:00,2.483707561942075e-08,0,0.0,500.0,dhaka_bangladesh
2022-08-18 08:00:00,2.3823461079570774e-08,0,0.0,500.0,dhaka_bangladesh
2022-08-18 09:00:00,2.2851212699374225e-08,0,0.0,500.0,dhaka_bangladesh
2022-08-18 10:00:00,2.1918642303398183e-08,0,0.0,500.0,dhaka_bangladesh
2022-08-18 11:00:00,2.1024130611565866e-08,0,0.0,500.0,dhaka_bangladesh
2022-08-18 12:00:00,2.0166124427499527e-08,0,0.0,500.0,dhaka_bangladesh
2022-08-18 13:00:00,1.934313394160858e-08,0,0.0,500.0,dhaka_bangladesh
2022-08-18 14:00:00,1.855373014424085e-08,0,0.0,500.0,dhaka_bangladesh
2022-08-18 15:00:00,1.779654234440388e-08,0,0.0,500.0,dhaka_bangladesh
2022-08-18 16:00:00,1.7070255789748524e-08,0,0.0,500.0,dhaka_bangladesh
2022-08-18 17:00:00,1.6373609383682995e-08,0,0.0,500.0,dhaka_bangladesh
2022-08-18 18:00:00,1.5705393495652016e-08,0,0.0,500.0,dhaka_bangladesh
2022-08-18 19:00:00,1.5064447860779827e-08,0,0.0,500.0,dhaka_bangladesh
2022-08-18 20:00:00,1.4449659565230306e-08,0,0.0,500.0,dhaka_bangladesh
2022-08-18 21:00:00,1.3859961113785157e-08,0,0.0,500.0,dhaka_bangladesh
2022-08-18 22:00:00,1.3294328576285336e-08,0,0.0,500.0,dhaka_bangladesh
2022-08-18 23:00:00,1.2751779809717617e-08,0,0.0,500.0,dhaka_bangladesh
2022-08-19 00:00:00,1.223137275285834e-08,0,0.0,500.0,dhaka_bangladesh
2022-08-19 01:00:00,1.173220379051368e-08,0,0.0,500.0,dhaka_bangladesh
2022-08-19 02:00:00,1.1253406184516579e-08,0,0.0,500.0,dhaka_bangladesh
2022-08-19 03:00:00,1.0794148568755102e-08,0,0.0,500.0,dhaka_bangladesh
2022-08-19 04:00:00,1.0353633505619572e-08,0,0.0,500.0,dhaka_bangladesh
2022-08-19 05:00:00,9.93109610136221e-09,0,0.0,500.0,dhaka_bangladesh
2022-08-19 06:00:00,9.525802677964319e-09,0,0.0,500.0,dhaka_bangladesh
2022-08-19 07:00:00,9.137049499205361e-09,0,0.0,500.0,dhaka_bangladesh
2022-08-19 08:00:00,8.764161548722101e-09,0,0.0,500.0,dhaka_bangladesh
2022-08-19 09:00:00,8.406491357935557e-09,0,0.0,500.0,dhaka_bangladesh
2022-08-19 10:00:00,8.063417881810859e-09,0,0.0,500.0,dhaka_bangladesh
2022-08-19 11:00:00,7.734345420498264e-09,0,0.0,500.0,dhaka_bangladesh
2022-08-19 12:00:00,7.418702584982298e-09,0,0.0,500.0,dhaka_bangladesh
2022-08-19 13:00:00,7.1159413049433225e-09,0,0.0,500.0,dhaka_bangladesh
2022-08-19 14:00:00,6.82553587710907e-09,0,0.0,500.0,dhaka_bangladesh
2022-08-19 15:00:00,6.5469820524432085e-09,0,0.0,500.0,dhaka_bangladesh
2022-08-19 16:00:00,6.279796160586265e-09,0,0.0,500.0,dhaka_bangladesh
2022-08-19 17:00:00,6.023514270028783e-09,0,0.0,500.0,dhaka_bangladesh
2022-08-19 18:00:00,5.777691382558069e-09,0,0.0,500.0,dhaka_bangladesh
2022-08-19 19:00:00,5.541900660580014e-09,0,0.0,500.0,dhaka_bangladesh
2022-08-19 20:00:00,5.315732685974512e-09,0,0.0,500.0,dhaka_bangladesh
2022-08-19 21:00:00,5.0987947491972045e-09,0,0.0,500.0,dhaka_bangladesh
2022-08-19 22:00:00,4.8907101673933865e-09,0,0.0,500.0,dhaka_bangladesh
2022-08-19 23:00:00,4.691117630340198e-09,0,0.0,500.0,dhaka_bangladesh
2022-08-20 00:00:00,4.499670573081132e-09,0,0.0,500.0,dhaka_bangladesh
2022-08-20 01:00:00,4.316036574163651e-09,0,0.0,500.0,dhaka_bangladesh
2022-08-20 02:00:00,4.1398967784352115e-09,0,0.0,500.0,dhaka_bangladesh
2022-08-20 03:00:00,3.970945343395151e-09,0,0.0,500.0,dhaka_bangladesh
2022-08-20 04:00:00,3.808888908141251e-09,0,0.0,500.0,dhaka_bangladesh
2022-08-20 05:00:00,3.6534460839890193e-09,0,0.0,500.0,dhaka_bangladesh
2022-08-20 06:00:00,3.5043469658789425e-09,0,0.0,500.0,dhaka_bangladesh
2022-08-20 07:00:00,3.3613326637234744e-09,0,0.0,500.0,dhaka_bangladesh
2022-08-20 08:00:00,3.2241548528801293e-09,0,0.0,500.0,dhaka_bangladesh
2022-08-20 09:00:00,3.092575342969892e-09,0,0.0,500.0,dhaka_bangladesh
2022-08-20 10:00:00,2.9663656642923937e-09,0,0.0,500.0,dhaka_bangladesh
2022-08-20 11:00:00,2.845306671119806e-09,0,0.0,500.0,dhaka_bangladesh
2022-08-20 12:00:00,2.729188161180422e-09,0,0.0,500.0,dhaka_bangladesh
2022-08-20 13:00:00,2.6178085106713334e-09,0,0.0,500.0,dhaka_bangladesh
2022-08-20 14:00:00,2.510974324166515e-09,0,0.0,500.0,dhaka_bangladesh
2022-08-20 15:00:00,2.40850009881227e-09,0,0.0,500.0,dhaka_bangladesh
2022-08-20 16:00:00,2.310207902227044e-09,0,0.0,500.0,dhaka_bangladesh
2022-08-20 17:00:00,2.2159270635463966e-09,0,0.0,500.0,dhaka_bangladesh
2022-08-20 18:00:00,2.12549387707652e-09,0,0.0,500.0,dhaka_bangladesh
2022-08-20 19:00:00,2.038751318041822e-09,0,0.0,500.0,dhaka_bangladesh
2022-08-20 20:00:00,1.9555487699330737e-09,0,0.0,500.0,dhaka_bangladesh
2022-08-20 21:00:00,1.875741762982552e-09,0,0.0,500.0,dhaka_bangladesh
2022-08-20 22:00:00,1.7991917233121696e-09,0,0.0,500.0,dhaka_bangladesh
2022-08-20 23:00:00,1.7257657323190529e-09,0,0.0,500.0,dhaka_bangladesh
2022-08-21 00:00:00,1.6553362958806706e-09,0,0.0,500.0,dhaka_bangladesh
2022-08-21 01:00:00,1.58778112297883e-09,0,0.0,500.0,dhaka_bangladesh
2022-08-21 02:00:00,1.5229829133582e-09,0,0.0,500.0,dhaka_bangladesh
2022-08-21 03:00:00,1.4608291538505489e-09,0,0.0,500.0,dhaka_bangladesh
2022-08-21 04:00:00,1.4012119230111083e-09,0,0.0,500.0,dhaka_bangladesh
2022-08-21 05:00:00,1.3440277037278746e-09,0,0.0,500.0,dhaka_bangladesh
2022-08-21 06:00:00,1.2891772034783847e-09,0,0.0,500.0,dhaka_bangladesh
2022-08-21 07:00:00,1.2365651819219077e-09,0,0.0,500.0,dhaka_bangladesh
2022-08-21 08:00:00,1.1861002855277359e-09,0,0.0,500.0,dhaka_bangladesh
2022-08-21 09:00:00,1.1376948889523452e-09,0,0.0,500.0,dhaka_bangladesh
2022-08-21 10:00:00,1.09126494289004e-09,0,0.0,500.0,dhaka_bangladesh
2022-08-21 11:00:00,1.046729828132931e-09,0,0.0,500.0,dhaka_bangladesh
2022-08-21 12:00:00,1.00401221558677e-09,0,0.0,500.0,dhaka_bangladesh
2022-08-21 13:00:00,9.630379319996158e-10,0,0.0,500.0,dhaka_bangladesh
2022-08-21 14:00:00,9.237358311702175e-10,0,0.0,500.0,dhaka_bangladesh
2022-08-21 15:00:00,8.860376704124215e-10,0,0.0,500.0,dhaka_bangladesh
2022-08-21 16:00:00,8.498779920611351e-10,0,0.0,500.0,dhaka_bangladesh
2022-08-21 17:00:00,8.151940098141238e-10,0,0.0,500.0,dhaka_bangladesh
2022-08-21 18:00:00,7.819254997122328e-10,0,0.0,500.0,dhaka_bangladesh
2022-08-21 19:00:00,7.500146955687671e-10,0,0.0,500.0,dhaka_bangladesh
2022-08-21 20:00:00,7.194061886664804e-10,0,0.0,500.0,dhaka_bangladesh
2022-08-21 21:00:00,6.900468315479573e-10,0,0.0,500.0,dhaka_bangladesh
2022-08-21 22:00:00,6.618856457323652e-10,0,0.0,500.0,dhaka_bangladesh
2022-08-21 23:00:00,6.348737331983581e-10,0,0.0,500.0,dhaka_bangladesh
2022-08-22 00:00:00,6.089641914793864e-10,0,0.0,500.0,dhaka_bangladesh
2022-08-22 01:00:00,5.841120322240172e-10,0,0.0,500.0,dhaka_bangladesh
2022-08-22 02:00:00,5.602741030798697e-10,0,0.0,500.0,dhaka_bangladesh
2022-08-22 03:00:00,5.37409012765491e-10,0,0.0,500.0,dhaka_bangladesh
2022-08-22 04:00:00,5.154770592000886e-10,0,0.0,500.0,dhaka_bangladesh
2022-08-22 05:00:00,4.944401605663475e-10,0,0.0,500.0,dhaka_bangladesh
2022-08-22 06:00:00,4.74261789186591e-10,0,0.0,500.0,dhaka_bangladesh
2022-08-22 07:00:00,4.549069080974943e-10,0,0.0,500.0,dhaka_bangladesh
2022-08-22 08:00:00,4.363419102132316e-10,0,0.0,500.0,dhaka_bangladesh
2022-08-22 09:00:00,4.185345599713949e-10,0,0.0,500.0,dhaka_bangladesh
2022-08-22 10:00:00,4.014539373603739e-10,0,0.0,500.0,dhaka_bangladesh
2022-08-22 11:00:00,3.850703842310225e-10,0,0.0,500.0,dhaka_bangladesh
2022-08-22 12:00:00,3.6935545279936267e-10,0,0.0,500.0,dhaka_bangladesh
2022-08-22 13:00:00,3.542818562509202e-10,0,0.0,500.0,dhaka_bangladesh
2022-08-22 14:00:00,3.398234213609374e-10,0,0.0,500.0,dhaka_bangladesh
2022-08-22 15:00:00,3.259550430481682e-10,0,0.0,500.0,dhaka_bangladesh
2022-08-22 16:00:00,3.126526407833579e-10,0,0.0,500.0,dhaka_bangladesh
2022-08-22 17:00:00,2.998931167767271e-10,0,0.0,500.0,dhaka_bangladesh
2022-08-22 18:00:00,2.8765431587183697e-10,0,0.0,500.0,dhaka_bangladesh
2022-08-22 19:00:00,2.759149870762075e-10,0,0.0,500.0,dhaka_bangladesh
2022-08-22 20:00:00,2.6465474666190207e-10,0,0.0,500.0,dhaka_bangladesh
2022-08-22 21:00:00,2.538540427719869e-10,0,0.0,500.0,dhaka_bangladesh
2022-08-22 22:00:00,2.434941214714218e-10,0,0.0,500.0,dhaka_bangladesh
2022-08-22 23:00:00,2.335569941834393e-10,0,0.0,500.0,dhaka_bangladesh
2022-08-23 00:00:00,2.2402540645485584e-10,0,0.0,500.0,dhaka_bangladesh
2022-08-23 01:00:00,2.1488280799608695e-10,0,0.0,500.0,dhaka_bangladesh
2022-08-23 02:00:00,2.061133239438536e-10,0,0.0,500.0,dhaka_bangladesh
2022-08-23 03:00:00,1.977017272966653e-10,0,0.0,500.0,dhaka_bangladesh
2022-08-23 04:00:00,1.8963341247522705e-10,0,0.0,500.0,dhaka_bangladesh
2022-08-23 05:00:00,1.818943699618661e-10,0,0.0,500.0,dhaka_bangladesh
2022-08-23 06:00:00,1.744711619749315e-10,0,0.0,500.0,dhaka_bangladesh
2022-08-23 07:00:00,1.673508991359348e-10,0,0.0,500.0,dhaka_bangladesh
2022-08-23 08:00:00,1.6052121808892333e-10,0,0.0,500.0,dhaka_bangladesh
2022-08-23 09:00:00,1.5397026003321227e-10,0,0.0,500.0,dhaka_bangladesh
2022-08-23 10:00:00,1.4768665013220957e-10,0,0.0,500.0,dhaka_bangladesh
2022-08-23 11:00:00,1.4165947776258117e-10,0,0.0,500.0,dhaka_bangladesh
2022-08-23 12:00:00,1.3587827756945459e-10,0,0.0,500.0,dhaka_bangladesh
2022-08-23 13:00:00,1.3033301129476976e-10,0,0.0,500.0,dhaka_bangladesh
2022-08-23 14:00:00,1.2501405034722927e-10,0,0.0,500.0,dhaka_bangladesh
2022-08-23 15:00:00,1.1991215908357356e-10,0,0.0,500.0,dhaka_bangladesh
2022-08-23 16:00:00,1.1501847877215739e-10,0,0.0,500.0,dhaka_bangladesh
2022-08-23 17:00:00,1.1032451221098445e-10,0,0.0,500.0,dhaka_bangladesh
2022-08-23 18:00:00,1.0582210897348492e-10,0,0.0,500.0,dhaka_bangladesh
2022-08-23 19:00:00,1.0150345125642094e-10,0,0.0,500.0,dhaka_bangladesh
2022-08-23 20:00:00,9.736104030535016e-11,0,0.0,500.0,dhaka_bangladesh
2022-08-23 21:00:00,9.338768339406998e-11,0,0.0,500.0,dhaka_bangladesh
2022-08-23 22:00:00,8.957648133543794e-11,0,0.0,500.0,dhaka_bangladesh
2022-08-23 23:00:00,8.592081650188547e-11,0,0.0,500.0,dhaka_bangladesh
2022-08-24 00:00:00,8.24143413348176e-11,0,0.0,500.0,dhaka_bangladesh
2022-08-24 01:00:00,7.905096732295081e-11,0,0.0,500.0,dhaka_bangladesh
2022-08-24 02:00:00,7.582485443045333e-11,0,0.0,500.0,dhaka_bangladesh
2022-08-24 03:00:00,7.27304009565256e-11,0,0.0,500.0,dhaka_bangladesh
2022-08-24 04:00:00,6.97622338088199e-11,0,0.0,500.0,dhaka_bangladesh
2022-08-24 05:00:00,6.691519917380264e-11,0,0.0,500.0,dhaka_bangladesh
2022-08-24 06:00:00,6.418435356786954e-11,0,0.0,500.0,dhaka_bangladesh
2022-08-24 07:00:00,6.156495525366591e-11,0,0.0,500.0,dhaka_bangladesh
2022-08-24 08:00:00,5.905245600671212e-11,0,0.0,500.0,dhaka_bangladesh
2022-08-24 09:00:00,5.664249321803939e-11,0,0.0,500.0,dhaka_bangladesh
2022-08-24 10:00:00,5.433088231911938e-11,0,0.0,500.0,dhaka_bangladesh
2022-08-24 11:00:00,5.2113609515936534e-11,0,0.0,500.0,dhaka_bangladesh
2022-08-24 12:00:00,4.998682481958872e-11,0,0.0,500.0,dhaka_bangladesh
2022-08-24 13:00:00,4.7946835361311013e-11,0,0.0,500.0,dhaka_bangladesh
2022-08-24 14:00:00,4.599009898031709e-11,0,0.0,500.0,dhaka_bangladesh
2022-08-24 15:00:00,4.411321807332582e-11,0,0.0,500.0,dhaka_bangladesh
2022-08-24 16:00:00,4.231293369509052e-11,0,0.0,500.0,dhaka_bangladesh
2022-08-24 17:00:00,4.058611989968878e-11,0,0.0,500.0,dhaka_bangladesh
2022-08-24 18:00:00,3.892977831274883e-11,0,0.0,500.0,dhaka_bangladesh
2022-08-24 19:00:00,3.7341032925184744e-11,0,0.0,500.0,dhaka_bangladesh
2022-08-24 20:00:00,3.5817125099402365e-11,0,0.0,500.0,dhaka_bangladesh
2022-08-24 21:00:00,3.43554087793058e-11,0,0.0,500.0,dhaka_bangladesh
2022-08-24 22:00:00,0.7714735954319789,1,5.0,422.21716753667215,dhaka_bangladesh
2022-08-24 23:00:00,0.7399893391764346,1,5.0,422.21716753667215,dhaka_bangladesh
2022-08-25 00:00:00,0.7097899725111944,1,5.0,422.21716753667215,dhaka_bangladesh
2022-08-25 01:00:00,0.6808230583945227,1,5.0,422.21716753667215,dhaka_bangladesh
2022-08-25 02:00:00,0.6530382997688253,1,5.0,422.21716753667215,dhaka_bangladesh
2022-08-25 03:00:00,0.6263874522267341,1,5.0,422.21716753667215,dhaka_bangladesh
2022-08-25 04:00:00,0.6008242402413372,1,5.0,422.21716753667215,dhaka_bangladesh
2022-08-25 05:00:00,0.5763042768150988,1,5.0,422.21716753667215,dhaka_bangladesh
2022-08-25 06:00:00,0.552784986407949,1,5.0,422.21716753667215,dhaka_bangladesh
2022-08-25 07:00:00,0.5302255310107229,1,5.0,422.21716753667215,dhaka_bangladesh
2022-08-25 08:00:00,0.5085867392355798,1,5.0,422.21716753667215,dhaka_bangladesh
2022-08-25 09:00:00,0.4878310383002827,1,5.0,422.21716753667215,dhaka_bangladesh
2022-08-25 10:00:00,0.4679223887882353,1,5.0,422.21716753667215,dhaka_bangladesh
2022-08-25 11:00:00,0.4488262220709986,1,5.0,422.21716753667215,dhaka_bangladesh
2022-08-25 12:00:00,0.4305093802846267,1,5.0,422.21716753667215,dhaka_bangladesh
2022-08-25 13:00:00,0.4129400587556025,1,5.0,422.21716753667215,dhaka_bangladesh
2022-08-25 14:00:00,0.39608775077640196,1,5.0,422.21716753667215,dhaka_bangladesh
2022-08-25 15:00:00,0.3799231946347967,1,5.0,422.21716753667215,dhaka_bangladesh
2022-08-25 16:00:00,0.36441832280492004,1,5.0,422.21716753667215,dhaka_bangladesh
2022-08-25 17:00:00,0.34954621321187396,1,5.0,422.21716753667215,dhaka_bangladesh
2022-08-25 18:00:00,0.3352810424852524,1,5.0,422.21716753667215,dhaka_bangladesh
2022-08-25 19:00:00,0.32159804112041523,1,5.0,422.21716753667215,dhaka_bangladesh
2022-08-25 20:00:00,0.3084734504696533,1,5.0,422.21716753667215,dhaka_bangladesh
2022-08-25 21:00:00,0.29588448148856944,1,5.0,422.21716753667215,dhaka_bangladesh
2022-08-25 22:00:00,0.2838092751660397,0,0.0,500.0,dhaka_bangladesh
2022-08-25 23:00:00,0.2722268645690517,0,0.0,500.0,dhaka_bangladesh
2022-08-26 00:00:00,0.2611171384365116,0,0.0,500.0,dhaka_bangladesh
2022-08-26 01:00:00,0.2504608062588092,0,0.0,500.0,dhaka_bangladesh
2022-08-26 02:00:00,0.24023936478250424,0,0.0,500.0,dhaka_bangladesh
2022-08-26 03:00:00,0.23043506588197443,0,0.0,500.0,dhaka_bangladesh
2022-08-26 04:00:00,0.22103088574223956,0,0.0,500.0,dhaka_bangladesh
2022-08-26 05:00:00,0.21201049529945074,0,0.0,500.0,dhaka_bangladesh
2022-08-26 06:00:00,0.20335823188771962,0,0.0,500.0,dhaka_bangladesh
2022-08-26 07:00:00,0.19505907204305603,0,0.0,500.0,dhaka_bangladesh
2022-08-26 08:00:00,0.1870986054171912,0,0.0,500.0,dhaka_bangladesh
2022-08-26 09:00:00,0.17946300975599247,0,0.0,500.0,dhaka_bangladesh
2022-08-26 10:00:00,0.1721390268990224,0,0.0,500.0,dhaka_bangladesh
2022-08-26 11:00:00,0.16511393975856867,0,0.0,500.0,dhaka_bangladesh
2022-08-26 12:00:00,0.15837555023817243,0,0.0,500.0,dhaka_bangladesh
2022-08-26 13:00:00,0.15191215805231364,0,0.0,500.0,dhaka_bangladesh
2022-08-26 14:00:00,0.14571254041047635,0,0.0,500.0,dhaka_bangladesh
2022-08-26 15:00:00,0.13976593253031816,0,0.0,500.0,dhaka_bangladesh
2022-08-26 16:00:00,0.1340620089461083,0,0.0,500.0,dhaka_bangladesh
2022-08-26 17:00:00,0.12859086557997804,0,0.0,500.0,dhaka_bangladesh
2022-08-26 18:00:00,0.1233430025448533,0,0.0,500.0,dhaka_bangladesh
2022-08-26 19:00:00,0.1183093076492089,0,0.0,500.0,dhaka_bangladesh
2022-08-26 20:00:00,0.1134810405750027,0,0.0,500.0,dhaka_bangladesh
2022-08-26 21:00:00,0.10884981770131691,0,0.0,500.0,dhaka_bangladesh
2022-08-26 22:00:00,0.1044075975473548,0,0.0,500.0,dhaka_bangladesh
2022-08-26 23:00:00,0.10014666680951667,0,0.0,500.0,dhaka_bangladesh
2022-08-27 00:00:00,0.09605962696831005,0,0.0,500.0,dhaka_bangladesh
2022-08-27 01:00:00,0.09213938144183961,0,0.0,500.0,dhaka_bangladesh
2022-08-27 02:00:00,0.08837912326356998,0,0.0,500.0,dhaka_bangladesh
2022-08-27 03:00:00,0.08477232326296527,0,0.0,500.0,dhaka_bangladesh
2022-08-27 04:00:00,0.08131271872848403,0,0.0,500.0,dhaka_bangladesh
2022-08-27 05:00:00,0.07799430253324266,0,0.0,500.0,dhaka_bangladesh
2022-08-27 06:00:00,0.07481131270446689,0,0.0,500.0,dhaka_bangladesh
2022-08-27 07:00:00,0.07175822241861955,0,0.0,500.0,dhaka_bangladesh
2022-08-27 08:00:00,0.0688297304048325,0,0.0,500.0,dhaka_bangladesh
2022-08-27 09:00:00,0.06602075173997965,0,0.0,500.0,dhaka_bangladesh
2022-08-27 10:00:00,0.06332640901940825,0,0.0,500.0,dhaka_bangladesh
2022-08-27 11:00:00,0.06074202388799744,0,0.0,500.0,dhaka_bangladesh
2022-08-27 12:00:00,0.05826310891683857,0,0.0,500.0,dhaka_bangladesh
2022-08-27 13:00:00,0.05588535981143296,0,0.0,500.0,dhaka_bangladesh
2022-08-27 14:00:00,0.05360464793787724,0,0.0,500.0,dhaka_bangladesh
2022-08-27 15:00:00,0.05141701315405895,0,0.0,500.0,dhaka_bangladesh
2022-08-27 16:00:00,0.04931865693341522,0,0.0,500.0,dhaka_bangladesh
2022-08-27 17:00:00,0.04730593576931438,0,0.0,500.0,dhaka_bangladesh
2022-08-27 18:00:00,0.04537535484860843,0,0.0,500.0,dhaka_bangladesh
2022-08-27 19:00:00,0.043523561983371206,0,0.0,500.0,dhaka_bangladesh
2022-08-27 20:00:00,0.04174734179028576,0,0.0,500.0,dhaka_bangladesh
2022-08-27 21:00:00,0.04004361010757384,0,0.0,500.0,dhaka_bangladesh
2022-08-27 22:00:00,0.03840940863977375,0,0.0,500.0,dhaka_bangladesh
2022-08-27 23:00:00,0.03684189982106762,0,0.0,500.0,dhaka_bangladesh
2022-08-28 00:00:00,0.03533836188823912,0,0.0,500.0,dhaka_bangladesh
2022-08-28 01:00:00,0.03389618415470633,0,0.0,500.0,dhaka_bangladesh
2022-08-28 02:00:00,0.03251286247742413,0,0.0,500.0,dhaka_bangladesh
2022-08-28 03:00:00,0.03118599490878453,0,0.0,500.0,dhaka_bangladesh
2022-08-28 04:00:00,0.02991327752596537,0,0.0,500.0,dhaka_bangladesh
2022-08-28 05:00:00,0.028692500430485716,0,0.0,500.0,dhaka_bangladesh
2022-08-28 06:00:00,0.027521543911021313,0,0.0,500.0,dhaka_bangladesh
2022-08-28 07:00:00,0.02639837476281783,0,0.0,500.0,dhaka_bangladesh
2022-08-28 08:00:00,0.025321042757310817,0,0.0,500.0,dhaka_bangladesh
2022-08-28 09:00:00,0.02428767725582224,0,0.0,500.0,dhaka_bangladesh
2022-08-28 10:00:00,0.023296483961454093,0,0.0,500.0,dhaka_bangladesh
2022-08-28 11:00:00,0.022345741803538894,0,0.0,500.0,dhaka_bangladesh
2022-08-28 12:00:00,0.021433799949237452,0,0.0,500.0,dhaka_bangladesh
2022-08-28 13:00:00,0.02055907493709494,0,0.0,500.0,dhaka_bangladesh
2022-08-28 14:00:00,0.01972004792757819,0,0.0,500.0,dhaka_bangladesh
2022-08-28 15:00:00,0.01891526206581991,0,0.0,500.0,dhaka_bangladesh
2022-08-28 16:00:00,0.01814331995199087,0,0.0,500.0,dhaka_bangladesh
2022-08-28 17:00:00,0.01740288121490752,0,0.0,500.0,dhaka_bangladesh
2022-08-28 18:00:00,0.016692660184661964,0,0.0,500.0,dhaka_bangladesh
2022-08-28 19:00:00,0.016011423660233233,0,0.0,500.0,dhaka_bangladesh
2022-08-28 20:00:00,0.015357988768203525,0,0.0,500.0,dhaka_bangladesh
2022-08-28 21:00:00,0.014731220908861387,0,0.0,500.0,dhaka_bangladesh
2022-08-28 22:00:00,0.014130031786125541,0,0.0,500.0,dhaka_bangladesh
2022-08-28 23:00:00,0.013553377517868618,0,0.0,500.0,dhaka_bangladesh
2022-08-29 00:00:00,0.013000256823359597,0,0.0,500.0,dhaka_bangladesh
2022-08-29 01:00:00,0.012469709284677668,0,0.0,500.0,dhaka_bangladesh
2022-08-29 02:00:00,0.011960813679078747,0,0.0,500.0,dhaka_bangladesh
2022-08-29 03:00:00,0.011472686379419094,0,0.0,500.0,dhaka_bangladesh
2022-08-29 04:00:00,0.011004479819858411,0,0.0,500.0,dhaka_bangladesh
2022-08-29 05:00:00,0.010555381024178453,0,0.0,500.0,dhaka_bangladesh
2022-08-29 06:00:00,0.010124610194161826,0,0.0,500.0,dhaka_bangladesh
2022-08-29 07:00:00,0.009711419355579736,0,0.0,500.0,dhaka_bangladesh
2022-08-29 08:00:00,0.009315091059437699,0,0.0,500.0,dhaka_bangladesh
2022-08-29 09:00:00,0.00893493713622423,0,0.0,500.0,dhaka_bangladesh
2022-08-29 10:00:00,0.008570297500999203,0,0.0,500.0,dhaka_bangladesh
2022-08-29 11:00:00,0.008220539007247224,0,0.0,500.0,dhaka_bangladesh
2022-08-29 12:00:00,0.007885054347505959,0,0.0,500.0,dhaka_bangladesh
2022-08-29 13:00:00,0.007563260998860295,0,0.0,500.0,dhaka_bangladesh
2022-08-29 14:00:00,0.0072546002114715225,0,0.0,500.0,dhaka_bangladesh
2022-08-29 15:00:00,0.006958536038385207,0,0.0,500.0,dhaka_bangladesh
2022-08-29 16:00:00,0.006674554404933084,0,0.0,500.0,dhaka_bangladesh
2022-08-29 17:00:00,0.00640216221611317,0,0.0,500.0,dhaka_bangladesh
2022-08-29 18:00:00,0.006140886500398226,0,0.0,500.0,dhaka_bangladesh
2022-08-29 19:00:00,0.005890273588485814,0,0.0,500.0,dhaka_bangladesh
2022-08-29 20:00:00,0.005649888325564002,0,0.0,500.0,dhaka_bangladesh
2022-08-29 21:00:00,0.0054193133157249915,0,0.0,500.0,dhaka_bangladesh
2022-08-29 22:00:00,0.005198148197214579,0,0.0,500.0,dhaka_bangladesh
2022-08-29 23:00:00,0.004986008947259097,0,0.0,500.0,dhaka_bangladesh
2022-08-30 00:00:00,0.004782527215262758,0,0.0,500.0,dhaka_bangladesh
2022-08-30 01:00:00,0.004587349683217565,0,0.0,500.0,dhaka_bangladesh
2022-08-30 02:00:00,0.004400137452215232,0,0.0,500.0,dhaka_bangladesh
2022-08-30 03:00:00,0.0042205654539959146,0,0.0,500.0,dhaka_bangladesh
2022-08-30 04:00:00,0.004048321886511927,0,0.0,500.0,dhaka_bangladesh
2022-08-30 05:00:00,0.0038831076725264163,0,0.0,500.0,dhaka_bangladesh
2022-08-30 06:00:00,0.0037246359403069404,0,0.0,500.0,dhaka_bangladesh
2022-08-30 07:00:00,0.0035726315255121977,0,0.0,500.0,dhaka_bangladesh
2022-08-30 08:00:00,0.0034268304934070366,0,0.0,500.0,dhaka_bangladesh
2022-08-30 09:00:00,0.0032869796805761373,0,0.0,500.0,dhaka_bangladesh
2022-08-30 10:00:00,0.0031528362553405924,0,0.0,500.0,dhaka_bangladesh
2022-08-30 11:00:00,0.00302416729611415,0,0.0,500.0,dhaka_bangladesh
2022-08-30 12:00:00,0.002900749386966944,0,0.0,500.0,dhaka_bangladesh
2022-08-30 13:00:00,0.0027823682296944877,0,0.0,500.0,dhaka_bangladesh
2022-08-30 14:00:00,0.002668818271718369,0,0.0,500.0,dhaka_bangladesh
2022-08-30 15:00:00,0.002559902349172492,0,0.0,500.0,dhaka_bangladesh
2022-08-30 16:00:00,0.0024554313445551692,0,0.0,500.0,dhaka_bangladesh
2022-08-30 17:00:00,0.002355223858352633,0,0.0,500.0,dhaka_bangladesh
2022-08-30 18:00:00,0.0022591058940637536,0,0.0,500.0,dhaka_bangladesh
2022-08-30 19:00:00,0.0021669105560790654,0,0.0,500.0,dhaka_bangladesh
2022-08-30 20:00:00,0.0020784777598895393,0,0.0,500.0,dhaka_bangladesh
2022-08-30 21:00:00,0.0019936539541218655,0,0.0,500.0,dhaka_bangladesh
2022-08-30 22:00:00,0.0019122918539176386,0,0.0,500.0,dhaka_bangladesh
2022-08-30 23:00:00,0.0018342501851934864,0,0.0,500.0,dhaka_bangladesh
2022-08-31 00:00:00,0.0017593934393380774,0,0.0,500.0,dhaka_bangladesh
2022-08-31 01:00:00,0.0016875916379200699,0,0.0,500.0,dhaka_bangladesh
2022-08-31 02:00:00,0.001618720106998472,0,0.0,500.0,dhaka_bangladesh
2022-08-31 03:00:00,0.0015526592606435114,0,0.0,500.0,dhaka_bangladesh
2022-08-31 04:00:00,0.0014892943932921254,0,0.0,500.0,dhaka_bangladesh
2022-08-31 05:00:00,0.001428515480577557,0,0.0,500.0,dhaka_bangladesh
2022-08-31 06:00:00,0.001370216988287187,0,0.0,500.0,dhaka_bangladesh
2022-08-31 07:00:00,0.001314297689116905,0,0.0,500.0,dhaka_bangladesh
2022-08-31 08:00:00,0.0012606604869038385,0,0.0,500.0,dhaka_bangladesh
2022-08-31 09:00:00,0.0012092122480322352,0,0.0,500.0,dhaka_bangladesh
2022-08-31 10:00:00,0.0011598636397197604,0,0.0,500.0,dhaka_bangladesh
2022-08-31 11:00:00,0.0011125289749034253,0,0.0,500.0,dhaka_bangladesh
2022-08-31 12:00:00,0.0010671260634558032,0,0.0,500.0,dhaka_bangladesh
2022-08-31 13:00:00,0.0010235760694731835,0,0.0,500.0,dhaka_bangladesh
2022-08-31 14:00:00,0.000981803374387888,0,0.0,500.0,dhaka_bangladesh
2022-08-31 15:00:00,0.0009417354456670387,0,0.0,500.0,dhaka_bangladesh
2022-08-31 16:00:00,0.000903302710869799,0,0.0,500.0,dhaka_bangladesh
2022-08-31 17:00:00,0.000866438436844415,0,0.0,500.0,dhaka_bangladesh
2022-08-31 18:00:00,0.0008310786138552851,0,0.0,500.0,dhaka_bangladesh
2022-08-31 19:00:00,0.0007971618444388658,0,0.0,500.0,dhaka_bangladesh
2022-08-31 20:00:00,0.0007646292367954349,0,0.0,500.0,dhaka_bangladesh
2022-08-31 21:00:00,0.0007334243025315881,0,0.0,500.0,dhaka_bangladesh
2022-08-31 22:00:00,0.0007034928585759224,0,0.0,500.0,dhaka_bangladesh
2022-08-31 23:00:00,0.0006747829330975944,0,0.0,500.0,dhaka_bangladesh
2022-09-01 00:00:00,0.0006472446752643938,0,0.0,500.0,dhaka_bangladesh
2022-09-01 01:00:00,0.0006208302686836342,0,0.0,500.0,dhaka_bangladesh
2022-09-01 02:00:00,0.0005954938483755754,0,0.0,500.0,dhaka_bangladesh
2022-09-01 03:00:00,0.0005711914211351998,0,0.0,500.0,dhaka_bangladesh
2022-09-01 04:00:00,0.0005478807891440694,0,0.0,500.0,dhaka_bangladesh
2022-09-01 05:00:00,0.0005255214766996259,0,0.0,500.0,dhaka_bangladesh
2022-09-01 06:00:00,0.0005040746599347071,0,0.0,500.0,dhaka_bangladesh
2022-09-01 07:00:00,0.000483503099405245,0,0.0,500.0,dhaka_bangladesh
2022-09-01 08:00:00,0.00046377107542910255,0,0.0,500.0,dhaka_bangladesh
2022-09-01 09:00:00,0.0004448443260637622,0,0.0,500.0,dhaka_bangladesh
2022-09-01 10:00:00,0.00042668998761518045,0,0.0,500.0,dhaka_bangladesh
2022-09-01 11:00:00,0.00040927653757450973,0,0.0,500.0,dhaka_bangladesh
2022-09-01 12:00:00,0.000392573739883602,0,0.0,500.0,dhaka_bangladesh
2022-09-01 13:00:00,0.0003765525924342561,0,0.0,500.0,dhaka_bangladesh
2022-09-01 14:00:00,0.0003611852767100526,0,0.0,500.0,dhaka_bangladesh
2022-09-01 15:00:00,0.0003464451094833294,0,0.0,500.0,dhaka_bangladesh
2022-09-01 16:00:00,0.0003323064964834306,0,0.0,500.0,dhaka_bangladesh
2022-09-01 17:00:00,0.0003187448879557814,0,0.0,500.0,dhaka_bangladesh
2022-09-01 18:00:00,0.00030573673603461924,0,0.0,500.0,dhaka_bangladesh
2022-09-01 19:00:00,0.0002932594538553662,0,0.0,500.0,dhaka_bangladesh
2022-09-01 20:00:00,0.0002812913763356511,0,0.0,500.0,dhaka_bangladesh
2022-09-01 21:00:00,0.00026981172255687556,0,0.0,500.0,dhaka_bangladesh
2022-09-01 22:00:00,0.0002588005596810108,0,0.0,500.0,dhaka_bangladesh
2022-09-01 23:00:00,0.00024823876833997,0,0.0,500.0,dhaka_bangladesh
2022-09-02 00:00:00,0.00023810800943745665,0,0.0,500.0,dhaka_bangladesh
2022-09-02 01:00:00,0.00022839069230565172,0,0.0,500.0,dhaka_bangladesh
2022-09-02 02:00:00,0.00021906994416143844,0,0.0,500.0,dhaka_bangladesh
2022-09-02 03:00:00,0.00021012958080913907,0,0.0,500.0,dhaka_bangladesh
2022-09-02 04:00:00,0.00020155407853888902,0,0.0,500.0,dhaka_bangladesh
2022-09-02 05:00:00,0.00019332854717184968,0,0.0,500.0,dhaka_bangladesh
2022-09-02 06:00:00,0.00018543870420546473,0,0.0,500.0,dhaka_bangladesh
2022-09-02 07:00:00,0.00017787085001386184,0,0.0,500.0,dhaka_bangladesh
2022-09-02 08:00:00,0.0001706118440603372,0,0.0,500.0,dhaka_bangladesh
2022-09-02 09:00:00,0.00016364908208062358,0,0.0,500.0,dhaka_bangladesh
2022-09-02 10:00:00,0.0001569704741973222,0,0.0,500.0,dhaka_bangladesh
2022-09-02 11:00:00,0.0001505644239274936,0,0.0,500.0,dhaka_bangladesh
2022-09-02 12:00:00,0.00014441980804696255,0,0.0,500.0,dhaka_bangladesh
2022-09-02 13:00:00,0.00013852595727637201,0,0.0,500.0,dhaka_bangladesh
2022-09-02 14:00:00,0.00013287263775544703,0,0.0,500.0,dhaka_bangladesh
2022-09-02 15:00:00,0.00012745003327330626,0,0.0,500.0,dhaka_bangladesh
2022-09-02 16:00:00,0.0001222487282239643,0,0.0,500.0,dhaka_bangladesh
2022-09-02 17:00:00,0.00011725969125742697,0,0.0,500.0,dhaka_bangladesh
2022-09-02 18:00:00,0.00011247425959799639,0,0.0,500.0,dhaka_bangladesh
2022-09-02 19:00:00,0.0001078841240025545,0,0.0,500.0,dhaka_bangladesh
2022-09-02 20:00:00,0.00010348131433270527,0,0.0,500.0,dhaka_bangladesh
2022-09-02 21:00:00,9.925818571572752e-05,0,0.0,500.0,dhaka_bangladesh
2022-09-02 22:00:00,9.520740527030676e-05,0,0.0,500.0,dhaka_bangladesh
2022-09-02 23:00:00,9.132193937399529e-05,0,0.0,500.0,dhaka_bangladesh
2022-09-03 00:00:00,8.759504145029607e-05,0,0.0,500.0,dhaka_bangladesh
2022-09-03 01:00:00,8.4020240254162e-05,0,0.0,500.0,dhaka_bangladesh
2022-09-03 02:00:00,8.059132863556905e-05,0,0.0,500.0,dhaka_bangladesh
2022-09-03 03:00:00,7.730235276165555e-05,0,0.0,500.0,dhaka_bangladesh
2022-09-03 04:00:00,7.414760177871149e-05,0,0.0,500.0,dhaka_bangladesh
2022-09-03 05:00:00,7.11215978960669e-05,0,0.0,500.0,dhaka_bangladesh
2022-09-03 06:00:00,6.821908687466273e-05,0,0.0,500.0,dhaka_bangladesh
2022-09-03 07:00:00,6.543502890378893e-05,0,0.0,500.0,dhaka_bangladesh
2022-09-03 08:00:00,6.276458985014611e-05,0,0.0,500.0,dhaka_bangladesh
2022-09-03 09:00:00,6.020313286403931e-05,0,0.0,500.0,dhaka_bangladesh
2022-09-03 10:00:00,5.7746210328127215e-05,0,0.0,500.0,dhaka_bangladesh
2022-09-03 11:00:00,5.538955613474648e-05,0,0.0,500.0,dhaka_bangladesh
2022-09-03 12:00:00,5.312907827840354e-05,0,0.0,500.0,dhaka_bangladesh
2022-09-03 13:00:00,5.096085175057083e-05,0,0.0,500.0,dhaka_bangladesh
2022-09-03 14:00:00,4.888111172444934e-05,0,0.0,500.0,dhaka_bangladesh
2022-09-03 15:00:00,4.688624701786564e-05,0,0.0,500.0,dhaka_bangladesh
2022-09-03 16:00:00,4.4972793822951514e-05,0,0.0,500.0,dhaka_bangladesh
2022-09-03 17:00:00,4.313742969171808e-05,0,0.0,500.0,dhaka_bangladesh
2022-09-03 18:00:00,4.137696776708265e-05,0,0.0,500.0,dhaka_bangladesh
2022-09-03 19:00:00,3.968835124933034e-05,0,0.0,500.0,dhaka_bangladesh
2022-09-03 20:00:00,3.806864808840198e-05,0,0.0,500.0,dhaka_bangladesh
2022-09-03 21:00:00,3.6515045892793084e-05,0,0.0,500.0,dhaka_bangladesh
2022-09-03 22:00:00,3.502484704622348e-05,0,0.0,500.0,dhaka_bangladesh
2022-09-03 23:00:00,3.3595464023597717e-05,0,0.0,500.0,dhaka_bangladesh
2022-09-04 00:00:00,3.222441489812424e-05,0,0.0,500.0,dhaka_bangladesh
2022-09-04 01:00:00,3.0909319031791434e-05,0,0.0,500.0,dhaka_bangladesh
2022-09-04 02:00:00,2.9647892941717196e-05,0,0.0,500.0,dhaka_bangladesh
2022-09-04 03:00:00,2.843794633519554e-05,0,0.0,500.0,dhaka_bangladesh
2022-09-04 04:00:00,2.727737830655503e-05,0,0.0,500.0,dhaka_bangladesh
2022-09-04 05:00:00,2.6164173689225118e-05,0,0.0,500.0,dhaka_bangladesh
2022-09-04 06:00:00,2.5096399556677005e-05,0,0.0,500.0,dhaka_bangladesh
2022-09-04 07:00:00,2.407220186616305e-05,0,0.0,500.0,dhaka_bangladesh
2022-09-04 08:00:00,2.3089802239426533e-05,0,0.0,500.0,dhaka_bangladesh
2022-09-04 09:00:00,2.2147494874792868e-05,0,0.0,500.0,dhaka_bangladesh
2022-09-04 10:00:00,2.1243643585280012e-05,0,0.0,500.0,dhaka_bangladesh
2022-09-04 11:00:00,2.037667895758477e-05,0,0.0,500.0,dhaka_bangladesh
2022-09-04 12:00:00,1.954509562701291e-05,0,0.0,500.0,dhaka_bangladesh
2022-09-04 13:00:00,1.874744966362072e-05,0,0.0,500.0,dhaka_bangladesh
2022-09-04 14:00:00,1.798235606502923e-05,0,0.0,500.0,dhaka_bangladesh
2022-09-04 15:00:00,1.7248486351558617e-05,0,0.0,500.0,dhaka_bangladesh
2022-09-04 16:00:00,1.654456625950587e-05,0,0.0,500.0,dhaka_bangladesh
2022-09-04 17:00:00,1.5869373528561607e-05,0,0.0,500.0,dhaka_bangladesh
2022-09-04 18:00:00,1.5221735779523147e-05,0,0.0,500.0,dhaka_bangladesh
2022-09-04 19:00:00,1.4600528478619535e-05,0,0.0,500.0,dhaka_bangladesh
2022-09-04 20:00:00,1.400467298491359e-05,0,0.0,500.0,dhaka_bangladesh
2022-09-04 21:00:00,1.343313467739029e-05,0,0.0,500.0,dhaka_bangladesh
2022-09-04 22:00:00,1.2884921158479914e-05,0,0.0,500.0,dhaka_bangladesh
2022-09-04 23:00:00,1.2359080530896403e-05,0,0.0,500.0,dhaka_bangladesh
2022-09-05 00:00:00,1.185469974479865e-05,0,0.0,500.0,dhaka_bangladesh
2022-09-05 01:00:00,1.1370903012405241e-05,0,0.0,500.0,dhaka_bangladesh
2022-09-05 02:00:00,1.0906850287309654e-05,0,0.0,500.0,dhaka_bangladesh
2022-09-05 03:00:00,1.04617358058552e-05,0,0.0,500.0,dhaka_bangladesh
2022-09-05 04:00:00,1.003478668803747e-05,0,0.0,500.0,dhaka_bangladesh
2022-09-05 05:00:00,9.625261595504673e-06,0,0.0,500.0,dhaka_bangladesh
2022-09-05 06:00:00,9.23244944432557e-06,0,0.0,500.0,dhaka_bangladesh
2022-09-05 07:00:00,8.855668170290199e-06,0,0.0,500.0,dhaka_bangladesh
2022-09-05 08:00:00,8.494263544599335e-06,0,0.0,500.0,dhaka_bangladesh
2022-09-05 09:00:00,8.147608037886186e-06,0,0.0,500.0,dhaka_bangladesh
2022-09-05 10:00:00,7.815099730598092e-06,0,0.0,500.0,dhaka_bangladesh
2022-09-05 11:00:00,7.49616126784616e-06,0,0.0,500.0,dhaka_bangladesh
2022-09-05 12:00:00,7.190238856907911e-06,0,0.0,500.0,dhaka_bangladesh
2022-09-05 13:00:00,6.896801305642521e-06,0,0.0,500.0,dhaka_bangladesh
2022-09-05 14:00:00,6.615339100148851e-06,0,0.0,500.0,dhaka_bangladesh
2022-09-05 15:00:00,6.345363520064634e-06,0,0.0,500.0,dhaka_bangladesh
2022-09-05 16:00:00,6.086405789970919e-06,0,0.0,500.0,dhaka_bangladesh
2022-09-05 17:00:00,5.838016265428124e-06,0,0.0,500.0,dhaka_bangladesh
2022-09-05 18:00:00,5.5997636522303235e-06,0,0.0,500.0,dhaka_bangladesh
2022-09-05 19:00:00,5.371234257522283e-06,0,0.0,500.0,dhaka_bangladesh
2022-09-05 20:00:00,5.152031271478807e-06,0,0.0,500.0,dhaka_bangladesh
2022-09-05 21:00:00,4.941774078299062e-06,0,0.0,500.0,dhaka_bangladesh
2022-09-05 22:00:00,4.740097595319684e-06,0,0.0,500.0,dhaka_bangladesh
2022-09-05 23:00:00,4.54665163909902e-06,0,0.0,500.0,dhaka_bangladesh
2022-09-06 00:00:00,4.361100317371766e-06,0,0.0,500.0,dhaka_bangladesh
2022-09-06 01:00:00,4.18312144581831e-06,0,0.0,500.0,dhaka_bangladesh
2022-09-06 02:00:00,4.01240598863606e-06,0,0.0,500.0,dhaka_bangladesh
2022-09-06 03:00:00,3.84865752194128e-06,0,0.0,500.0,dhaka_bangladesh
2022-09-06 04:00:00,3.6915917190698528e-06,0,0.0,500.0,dhaka_bangladesh
2022-09-06 05:00:00,3.5409358568832045e-06,0,0.0,500.0,dhaka_bangladesh
2022-09-06 06:00:00,3.3964283422220843e-06,0,0.0,500.0,dhaka_bangladesh
2022-09-06 07:00:00,3.2578182576860874e-06,0,0.0,500.0,dhaka_bangladesh
2022-09-06 08:00:00,3.1248649259501584e-06,0,0.0,500.0,dhaka_bangladesh
2022-09-06 09:00:00,2.997337491861521e-06,0,0.0,500.0,dhaka_bangladesh
2022-09-06 10:00:00,2.875014521591515e-06,0,0.0,500.0,dhaka_bangladesh
2022-09-06 11:00:00,2.757683618146256e-06,0,0.0,500.0,dhaka_bangladesh
2022-09-06 12:00:00,2.6451410525684723e-06,0,0.0,500.0,dhaka_bangladesh
2022-09-06 13:00:00,2.537191410190245e-06,0,0.0,500.0,dhaka_bangladesh
2022-09-06 14:00:00,2.433647251322351e-06,0,0.0,500.0,dhaka_bangladesh
2022-09-06 15:00:00,2.3343287857910334e-06,0,0.0,500.0,dhaka_bangladesh
2022-09-06 16:00:00,2.239063560757132e-06,0,0.0,500.0,dhaka_bangladesh
2022-09-06 17:00:00,2.147686161275489e-06,0,0.0,500.0,dhaka_bangladesh
2022-09-06 18:00:00,2.0600379230746467e-06,0,0.0,500.0,dhaka_bangladesh
2022-09-06 19:00:00,1.975966657058204e-06,0,0.0,500.0,dhaka_bangladesh
2022-09-06 20:00:00,1.1901525043939811,1,4.2,354.420778855835,dhaka_bangladesh
2022-09-06 21:00:00,1.141581734566744,1,4.2,354.420778855835,dhaka_bangladesh
2022-09-06 22:00:00,1.0949931642247837,1,4.2,354.420778855835,dhaka_bangladesh
2022-09-06 23:00:00,1.0503058987309877,1,4.2,354.420778855835,dhaka_bangladesh
2022-09-07 00:00:00,1.0074423448023015,1,4.2,354.420778855835,dhaka_bangladesh
2022-09-07 01:00:00,0.9663280757796768,1,4.2,354.420778855835,dhaka_bangladesh
2022-09-07 02:00:00,0.9268917023964264,1,4.2,354.420778855835,dhaka_bangladesh
2022-09-07 03:00:00,0.8890647488205932,1,4.2,354.420778855835,dhaka_bangladesh
2022-09-07 04:00:00,0.852781533756097,1,4.2,354.420778855835,dhaka_bangladesh
2022-09-07 05:00:00,0.817979056396209,1,4.2,354.420778855835,dhaka_bangladesh
2022-09-07 06:00:00,0.7845968870313247,1,4.2,354.420778855835,dhaka_bangladesh
2022-09-07 07:00:00,0.7525770621210962,1,4.2,354.420778855835,dhaka_bangladesh
2022-09-07 08:00:00,0.7218639836487244,1,4.2,354.420778855835,dhaka_bangladesh
2022-09-07 09:00:00,0.6924043225826597,1,4.2,354.420778855835,dhaka_bangladesh
2022-09-07 10:00:00,0.664146926278082,1,4.2,354.420778855835,dhaka_bangladesh
2022-09-07 11:00:00,0.6370427296573763,1,4.2,354.420778855835,dhaka_bangladesh
2022-09-07 12:00:00,0.6110446700153822,1,4.2,354.420778855835,dhaka_bangladesh
2022-09-07 13:00:00,0.5861076053014871,1,4.2,354.420778855835,dhaka_bangladesh
2022-09-07 14:00:00,0.5621882357366702,1,4.2,354.420778855835,dhaka_bangladesh
2022-09-07 15:00:00,0.5392450286294009,1,4.2,354.420778855835,dhaka_bangladesh
2022-09-07 16:00:00,0.5172381462598367,1,4.2,354.420778855835,dhaka_bangladesh
2022-09-07 17:00:00,0.49612937670711,1,4.2,354.420778855835,dhaka_bangladesh
2022-09-07 18:00:00,0.47588206749958784,1,4.2,354.420778855835,dhaka_bangladesh
2022-09-07 19:00:00,0.45646106197290387,1,4.2,354.420778855835,dhaka_bangladesh
2022-09-07 20:00:00,0.4378326382252504,0,0.0,500.0,dhaka_bangladesh
2022-09-07 21:00:00,0.4199644505639396,0,0.0,500.0,dhaka_bangladesh
2022-09-07 22:00:00,0.40282547334156277,0,0.0,500.0,dhaka_bangladesh
2022-09-07 23:00:00,0.38638594708422513,0,0.0,500.0,dhaka_bangladesh
2022-09-08 00:00:00,0.3706173268183181,0,0.0,500.0,dhaka_bangladesh
2022-09-08 01:00:00,0.3554922325061027,0,0.0,500.0,dhaka_bangladesh
2022-09-08 02:00:00,0.3409844015040441,0,0.0,500.0,dhaka_bangladesh
2022-09-08 03:00:00,0.32706864296134847,0,0.0,500.0,dhaka_bangladesh
2022-09-08 04:00:00,0.3137207940795184,0,0.0,500.0,dhaka_bangladesh
2022-09-08 05:00:00,0.300917678156981,0,0.0,500.0,dhaka_bangladesh
2022-09-08 06:00:00,0.288637064345937,0,0.0,500.0,dhaka_bangladesh
2022-09-08 07:00:00,0.2768576290515547,0,0.0,500.0,dhaka_bangladesh
2022-09-08 08:00:00,0.2655589189064839,0,0.0,500.0,dhaka_bangladesh
2022-09-08 09:00:00,0.2547213152563999,0,0.0,500.0,dhaka_bangladesh
2022-09-08 10:00:00,0.24432600009491193,0,0.0,500.0,dhaka_bangladesh
2022-09-08 11:00:00,0.23435492338868585,0,0.0,500.0,dhaka_bangladesh
2022-09-08 12:00:00,0.22479077173604725,0,0.0,500.0,dhaka_bangladesh
2022-09-08 13:00:00,0.21561693830464332,0,0.0,500.0,dhaka_bangladesh
2022-09-08 14:00:00,0.20681749399596538,0,0.0,500.0,dhaka_bangladesh
2022-09-08 15:00:00,0.19837715978666245,0,0.0,500.0,dhaka_bangladesh
2022-09-08 16:00:00,0.19028128019862153,0,0.0,500.0,dhaka_bangladesh
2022-09-08 17:00:00,0.1825157978517476,0,0.0,500.0,dhaka_bangladesh
2022-09-08 18:00:00,0.17506722905525898,0,0.0,500.0,dhaka_bangladesh
2022-09-08 19:00:00,0.167922640395115,0,0.0,500.0,dhaka_bangladesh
2022-09-08 20:00:00,0.1610696262769234,0,0.0,500.0,dhaka_bangladesh
2022-09-08 21:00:00,0.15449628738533397,0,0.0,500.0,dhaka_bangladesh
2022-09-08 22:00:00,0.1481912100225159,0,0.0,500.0,dhaka_bangladesh
2022-09-08 23:00:00,0.14214344628984324,0,0.0,500.0,dhaka_bangladesh
2022-09-09 00:00:00,0.13634249507837667,0,0.0,500.0,dhaka_bangladesh
2022-09-09 01:00:00,0.1307782838351335,0,0.0,500.0,dhaka_bangladesh
2022-09-09 02:00:00,0.12544115107348647,0,0.0,500.0,dhaka_bangladesh
2022-09-09 03:00:00,0.1203218295973229,0,0.0,500.0,dhaka_bangladesh
2022-09-09 04:00:00,0.11541143040983441,0,0.0,500.0,dhaka_bangladesh
2022-09-09 05:00:00,0.1107014272789981,0,0.0,500.0,dhaka_bangladesh
2022-09-09 06:00:00,0.10618364193294896,0,0.0,500.0,dhaka_bangladesh
2022-09-09 07:00:00,0.10185022985953644,0,0.0,500.0,dhaka_bangladesh
2022-09-09 08:00:00,0.09769366668540964,0,0.0,500.0,dhaka_bangladesh
2022-09-09 09:00:00,0.0937067351109792,0,0.0,500.0,dhaka_bangladesh
2022-09-09 10:00:00,0.08988251237856996,0,0.0,500.0,dhaka_bangladesh
2022-09-09 11:00:00,0.08621435825200588,0,0.0,500.0,dhaka_bangladesh
2022-09-09 12:00:00,0.08269590348675429,0,0.0,500.0,dhaka_bangladesh
2022-09-09 13:00:00,0.07932103877060956,0,0.0,500.0,dhaka_bangladesh
2022-09-09 14:00:00,0.07608390411571385,0,0.0,500.0,dhaka_bangladesh
2022-09-09 15:00:00,0.07297887868349531,0,0.0,500.0,dhaka_bangladesh
2022-09-09 16:00:00,0.07000057102485553,0,0.0,500.0,dhaka_bangladesh
2022-09-09 17:00:00,0.06714380971866084,0,0.0,500.0,dhaka_bangladesh
2022-09-09 18:00:00,0.06440363439228157,0,0.0,500.0,dhaka_bangladesh
2022-09-09 19:00:00,0.061775287108587984,0,0.0,500.0,dhaka_bangladesh
2022-09-09 20:00:00,0.05925420410444764,0,0.0,500.0,dhaka_bangladesh
2022-09-09 21:00:00,0.05683600786637921,0,0.0,500.0,dhaka_bangladesh
2022-09-09 22:00:00,0.05451649952960299,0,0.0,500.0,dhaka_bangladesh
2022-09-09 23:00:00,0.05229165158729046,0,0.0,500.0,dhaka_bangladesh
2022-09-10 00:00:00,0.05015760089735334,0,0.0,500.0,dhaka_bangladesh
2022-09-10 01:00:00,0.048110641974629186,0,0.0,500.0,dhaka_bangladesh
2022-09-10 02:00:00,0.04614722055681667,0,0.0,500.0,dhaka_bangladesh
2022-09-10 03:00:00,0.044263927432988646,0,0.0,500.0,dhaka_bangladesh
2022-09-10 04:00:00,0.04245749252396668,0,0.0,500.0,dhaka_bangladesh
2022-09-10 05:00:00,0.040724779204278874,0,0.0,500.0,dhaka_bangladesh
2022-09-10 06:00:00,0.03906277885584178,0,0.0,500.0,dhaka_bangladesh
2022-09-10 07:00:00,0.03746860564390921,0,0.0,500.0,dhaka_bangladesh
2022-09-10 08:00:00,0.03593949150621766,0,0.0,500.0,dhaka_bangladesh
2022-09-10 09:00:00,0.0344727813466274,0,0.0,500.0,dhaka_bangladesh
2022-09-10 10:00:00,0.033065928424913564,0,0.0,500.0,dhaka_bangladesh
2022-09-10 11:00:00,0.031716489934702455,0,0.0,500.0,dhaka_bangladesh
2022-09-10 12:00:00,0.0304221227618747,0,0.0,500.0,dhaka_bangladesh
2022-09-10 13:00:00,0.029180579416070156,0,0.0,500.0,dhaka_bangladesh
2022-09-10 14:00:00,0.027989704128230417,0,0.0,500.0,dhaka_bangladesh
2022-09-10 15:00:00,0.02684742910740274,0,0.0,500.0,dhaka_bangladesh
2022-09-10 16:00:00,0.025751770950305716,0,0.0,500.0,dhaka_bangladesh
2022-09-10 17:00:00,0.024700827197422604,0,0.0,500.0,dhaka_bangladesh
2022-09-10 18:00:00,0.023692773029642424,0,0.0,500.0,dhaka_bangladesh
2022-09-10 19:00:00,0.022725858099712754,0,0.0,500.0,dhaka_bangladesh
2022-09-10 20:00:00,0.021798403493002785,0,0.0,500.0,dhaka_bangladesh
2022-09-10 21:00:00,0.020908798812299283,0,0.0,500.0,dhaka_bangladesh
2022-09-10 22:00:00,0.020055499381573538,0,0.0,500.0,dhaka_bangladesh
2022-09-10 23:00:00,0.019237023563864187,0,0.0,500.0,dhaka_bangladesh
2022-09-11 00:00:00,0.018451950188618584,0,0.0,500.0,dhaka_bangladesh
2022-09-11 01:00:00,0.017698916084025913,0,0.0,500.0,dhaka_bangladesh
2022-09-11 02:00:00,0.01697661371005702,0,0.0,500.0,dhaka_bangladesh
2022-09-11 03:00:00,0.01628378888810114,0,0.0,500.0,dhaka_bangladesh
2022-09-11 04:00:00,0.015619238623257547,0,0.0,500.0,dhaka_bangladesh
2022-09-11 05:00:00,0.014981809015500497,0,0.0,500.0,dhaka_bangladesh
2022-09-11 06:00:00,0.014370393256090712,0,0.0,500.0,dhaka_bangladesh
2022-09-11 07:00:00,0.013783929705754466,0,0.0,500.0,dhaka_bangladesh
2022-09-11 08:00:00,0.013221400051293157,0,0.0,500.0,dhaka_bangladesh
2022-09-11 09:00:00,0.01268182753742261,0,0.0,500.0,dhaka_bangladesh
2022-09-11 10:00:00,0.012164275270772108,0,0.0,500.0,dhaka_bangladesh
2022-09-11 11:00:00,0.01166784459309802,0,0.0,500.0,dhaka_bangladesh
2022-09-11 12:00:00,0.01119167352088748,0,0.0,500.0,dhaka_bangladesh
2022-09-11 13:00:00,0.010734935248642776,0,0.0,500.0,dhaka_bangladesh
2022-09-11 14:00:00,0.010296836713247421,0,0.0,500.0,dhaka_bangladesh
2022-09-11 15:00:00,0.009876617216921235,0,0.0,500.0,dhaka_bangladesh
2022-09-11 16:00:00,0.009473547106373444,0,0.0,500.0,dhaka_bangladesh
2022-09-11 17:00:00,0.009086926505860194,0,0.0,500.0,dhaka_bangladesh
2022-09-11 18:00:00,0.008716084101946676,0,0.0,500.0,dhaka_bangladesh
2022-09-11 19:00:00,0.008360375977863821,0,0.0,500.0,dhaka_bangladesh
2022-09-11 20:00:00,0.008019184495435483,0,0.0,500.0,dhaka_bangladesh
2022-09-11 21:00:00,0.007691917222634777,0,0.0,500.0,dhaka_bangladesh
2022-09-11 22:00:00,0.0073780059049074805,0,0.0,500.0,dhaka_bangladesh
2022-09-11 23:00:00,0.007076905478476225,0,0.0,500.0,dhaka_bangladesh
2022-09-12 00:00:00,0.006788093123912295,0,0.0,500.0,dhaka_bangladesh
2022-09-12 01:00:00,0.006511067358331706,0,0.0,500.0,dhaka_bangladesh
2022-09-12 02:00:00,0.006245347164639223,0,0.0,500.0,dhaka_bangladesh
2022-09-12 03:00:00,0.00599047115630839,0,0.0,500.0,dhaka_bangladesh
2022-09-12 04:00:00,0.005745996776247395,0,0.0,500.0,dhaka_bangladesh
2022-09-12 05:00:00,0.005511499528359594,0,0.0,500.0,dhaka_bangladesh
2022-09-12 06:00:00,0.005286572240464509,0,0.0,500.0,dhaka_bangladesh
2022-09-12 07:00:00,0.005070824357299396,0,0.0,500.0,dhaka_bangladesh
2022-09-12 08:00:00,0.0048638812623738,0,0.0,500.0,dhaka_bangladesh
2022-09-12 09:00:00,0.004665383627499634,0,0.0,500.0,dhaka_bangladesh
2022-09-12 10:00:00,0.004474986788867238,0,0.0,500.0,dhaka_bangladesh
2022-09-12 11:00:00,0.0042923601485841305,0,0.0,500.0,dhaka_bangladesh
2022-09-12 12:00:00,0.00411718660063731,0,0.0,500.0,dhaka_bangladesh
2022-09-12 13:00:00,0.003949161980282322,0,0.0,500.0,dhaka_bangladesh
2022-09-12 14:00:00,0.003787994535903049,0,0.0,500.0,dhaka_bangladesh
2022-09-12 15:00:00,0.003633404422425227,0,0.0,500.0,dhaka_bangladesh
2022-09-12 16:00:00,0.0034851232154039973,0,0.0,500.0,dhaka_bangladesh
2022-09-12 17:00:00,0.003342893444941813,0,0.0,500.0,dhaka_bangladesh
2022-09-12 18:00:00,0.003206468148627434,0,0.0,500.0,dhaka_bangladesh
2022-09-12 19:00:00,0.0030756104427196924,0,0.0,500.0,dhaka_bangladesh
2022-09-12 20:00:00,0.0029500931108314976,0,0.0,500.0,dhaka_bangladesh
2022-09-12 21:00:00,0.0028296982093998714,0,0.0,500.0,dhaka_bangladesh
2022-09-12 22:00:00,0.002714216689256965,0,0.0,500.0,dhaka_bangladesh
2022-09-12 23:00:00,0.00260344803264495,0,0.0,500.0,dhaka_bangladesh
2022-09-13 00:00:00,0.0024971999050445626,0,0.0,500.0,dhaka_bangladesh
2022-09-13 01:00:00,0.002395287821212687,0,0.0,500.0,dhaka_bangladesh
2022-09-13 02:00:00,0.002297534824849127,0,0.0,500.0,dhaka_bangladesh
2022-09-13 03:00:00,0.0022037711813363723,0,0.0,500.0,dhaka_bangladesh
2022-09-13 04:00:00,0.0021138340830188004,0,0.0,500.0,dhaka_bangladesh
2022-09-13 05:00:00,0.0020275673665095953,0,0.0,500.0,dhaka_bangladesh
2022-09-13 06:00:00,0.0019448212415345435,0,0.0,500.0,dhaka_bangladesh
2022-09-13 07:00:00,0.00186545203084184,0,0.0,500.0,dhaka_bangladesh
2022-09-13 08:00:00,0.0017893219207263235,0,0.0,500.0,dhaka_bangladesh
2022-09-13 09:00:00,0.0017162987217349622,0,0.0,500.0,dhaka_bangladesh
2022-09-13 10:00:00,0.0016462556391380668,0,0.0,500.0,dhaka_bangladesh
2022-09-13 11:00:00,0.001579071052767699,0,0.0,500.0,dhaka_bangladesh
2022-09-13 12:00:00,0.0015146283058410043,0,0.0,500.0,dhaka_bangladesh
2022-09-13 13:00:00,0.0014528155024017672,0,0.0,500.0,dhaka_bangladesh
2022-09-13 14:00:00,0.0013935253130284906,0,0.0,500.0,dhaka_bangladesh
2022-09-13 15:00:00,0.0013366547884716394,0,0.0,500.0,dhaka_bangladesh
2022-09-13 16:00:00,0.0012821051808964425,0,0.0,500.0,dhaka_bangladesh
2022-09-13 17:00:00,0.0012297817724208715,0,0.0,500.0,dhaka_bangladesh
2022-09-13 18:00:00,0.0011795937106510895,0,0.0,500.0,dhaka_bangladesh
2022-09-13 19:00:00,0.001131453850928773,0,0.0,500.0,dhaka_bangladesh
2022-09-13 20:00:00,0.0010852786050164131,0,0.0,500.0,dhaka_bangladesh
2022-09-13 21:00:00,0.0010409877959578558,0,0.0,500.0,dhaka_bangladesh
2022-09-13 22:00:00,0.0009985045188620548,0,0.0,500.0,dhaka_bangladesh
2022-09-13 23:00:00,0.0009577550073683152,0,0.0,500.0,dhaka_bangladesh
2022-09-14 00:00:00,0.0009186685055611727,0,0.0,500.0,dhaka_bangladesh
2022-09-14 01:00:00,0.000881177145112485,0,0.0,500.0,dhaka_bangladesh
2022-09-14 02:00:00,0.0008452158274374245,0,0.0,500.0,dhaka_bangladesh
2022-09-14 03:00:00,0.000810722110659754,0,0.0,500.0,dhaka_bangladesh
2022-09-14 04:00:00,0.0007776361011901044,0,0.0,500.0,dhaka_bangladesh
2022-09-14 05:00:00,0.000745900349729003,0,0.0,500.0,dhaka_bangladesh
2022-09-14 06:00:00,0.0007154597515140785,0,0.0,500.0,dhaka_bangladesh
2022-09-14 07:00:00,0.0006862614506382281,0,0.0,500.0,dhaka_bangladesh
2022-09-14 08:00:00,0.0006582547482726117,0,0.0,500.0,dhaka_bangladesh
2022-09-14 09:00:00,0.0006313910146351184,0,0.0,500.0,dhaka_bangladesh
2022-09-14 10:00:00,0.0006056236045514477,0,0.0,500.0,dhaka_bangladesh
2022-09-14 11:00:00,0.0005809077764621823,0,0.0,500.0,dhaka_bangladesh
2022-09-14 12:00:00,0.000557200614735237,0,0.0,500.0,dhaka_bangladesh
2022-09-14 13:00:00,0.0005344609551487704,0,0.0,500.0,dhaka_bangladesh
2022-09-14 14:00:00,0.0005126493134151804,0,0.0,500.0,dhaka_bangladesh
2022-09-14 15:00:00,0.0004917278166220792,0,0.0,500.0,dhaka_bangladesh
2022-09-14 16:00:00,0.00047166013747119425,0,0.0,500.0,dhaka_bangladesh
2022-09-14 17:00:00,0.0004524114312010162,0,0.0,500.0,dhaka_bangladesh
2022-09-14 18:00:00,0.0004339482750836708,0,0.0,500.0,dhaka_bangladesh
2022-09-14 19:00:00,0.00041623861039095337,0,0.0,500.0,dhaka_bangladesh
2022-09-14 20:00:00,0.0003992516867287606,0,0.0,500.0,dhaka_bangladesh
2022-09-14 21:00:00,0.0003829580086432677,0,0.0,500.0,dhaka_bangladesh
2022-09-14 22:00:00,0.00036732928440613217,0,0.0,500.0,dhaka_bangladesh
2022-09-14 23:00:00,0.00035233837688980636,0,0.0,500.0,dhaka_bangladesh
2022-09-15 00:00:00,0.0003379592564476485,0,0.0,500.0,dhaka_bangladesh
2022-09-15 01:00:00,0.00032416695571702757,0,0.0,500.0,dhaka_bangladesh
2022-09-15 02:00:00,0.0003109375262669379,0,0.0,500.0,dhaka_bangladesh
2022-09-15 03:00:00,0.0002982479970148428,0,0.0,500.0,dhaka_bangladesh
2022-09-15 04:00:00,0.00028607633434055455,0,0.0,500.0,dhaka_bangladesh
2022-09-15 05:00:00,0.000274401403827889,0,0.0,500.0,dhaka_bangladesh
2022-09-15 06:00:00,0.0002632029335676584,0,0.0,500.0,dhaka_bangladesh
2022-09-15 07:00:00,0.0002524614789582945,0,0.0,500.0,dhaka_bangladesh
2022-09-15 08:00:00,0.00024215838894297678,0,0.0,500.0,dhaka_bangladesh
2022-09-15 09:00:00,0.0002322757736246376,0,0.0,500.0,dhaka_bangladesh
2022-09-15 10:00:00,0.00022279647320262098,0,0.0,500.0,dhaka_bangladesh
2022-09-15 11:00:00,0.00021370402817705276,0,0.0,500.0,dhaka_bangladesh
2022-09-15 12:00:00,0.00020498265076918332,0,0.0,500.0,dhaka_bangladesh
2022-09-15 13:00:00,0.00019661719750808476,0,0.0,500.0,dhaka_bangladesh
2022-09-15 14:00:00,0.00018859314293610016,0,0.0,500.0,dhaka_bangladesh
2022-09-15 15:00:00,0.00018089655438738411,0,0.0,500.0,dhaka_bangladesh
2022-09-15 16:00:00,0.00017351406779574845,0,0.0,500.0,dhaka_bangladesh
2022-09-15 17:00:00,0.00016643286448980225,0,0.0,500.0,dhaka_bangladesh
2022-09-15 18:00:00,0.00015964064893509228,0,0.0,500.0,dhaka_bangladesh
2022-09-15 19:00:00,0.0001531256273846015,0,0.0,500.0,dhaka_bangladesh
2022-09-15 20:00:00,0.00014687648740053217,0,0.0,500.0,dhaka_bangladesh
2022-09-15 21:00:00,0.00014088237821181373,0,0.0,500.0,dhaka_bangladesh
2022-09-15 22:00:00,0.00013513289187323373,0,0.0,500.0,dhaka_bangladesh
2022-09-15 23:00:00,0.00012961804519347498,0,0.0,500.0,dhaka_bangladesh
2022-09-16 00:00:00,0.0001243282624006771,0,0.0,500.0,dhaka_bangladesh
2022-09-16 01:00:00,0.00011925435851542782,0,0.0,500.0,dhaka_bangladesh
2022-09-16 02:00:00,0.0001143875234023118,0,0.0,500.0,dhaka_bangladesh
2022-09-16 03:00:00,0.00010971930647232236,0,0.0,500.0,dhaka_bangladesh
2022-09-16 04:00:00,0.00010524160200957792,0,0.0,500.0,dhaka_bangladesh
2022-09-16 05:00:00,0.00010094663509686309,0,0.0,500.0,dhaka_bangladesh
2022-09-16 06:00:00,9.682694811555442e-05,0,0.0,500.0,dhaka_bangladesh
2022-09-16 07:00:00,9.287538779649322e-05,0,0.0,500.0,dhaka_bangladesh
2022-09-16 08:00:00,8.908509279931907e-05,0,0.0,500.0,dhaka_bangladesh
2022-09-16 09:00:00,8.54494817986961e-05,0,0.0,500.0,dhaka_bangladesh
2022-09-16 10:00:00,8.196224205674841e-05,0,0.0,500.0,dhaka_bangladesh
2022-09-16 11:00:00,7.861731846186033e-05,0,0.0,500.0,dhaka_bangladesh
2022-09-16 12:00:00,7.540890301480806e-05,0,0.0,500.0,dhaka_bangladesh
2022-09-16 13:00:00,7.233142474396933e-05,0,0.0,500.0,dhaka_bangladesh
2022-09-16 14:00:00,6.937954003209847e-05,0,0.0,500.0,dhaka_bangladesh
2022-09-16 15:00:00,6.654812333787029e-05,0,0.0,500.0,dhaka_bangladesh
2022-09-16 16:00:00,6.38322582960837e-05,0,0.0,500.0,dhaka_bangladesh
2022-09-16 17:00:00,6.122722918107084e-05,0,0.0,500.0,dhaka_bangladesh
2022-09-16 18:00:00,5.872851271848816e-05,0,0.0,500.0,dhaka_bangladesh
2022-09-16 19:00:00,5.633177023127371e-05,0,0.0,500.0,dhaka_bangladesh
2022-09-16 20:00:00,5.403284010613217e-05,0,0.0,500.0,dhaka_bangladesh
2022-09-16 21:00:00,5.182773056746582e-05,0,0.0,500.0,dhaka_bangladesh
2022-09-16 22:00:00,4.9712612746206165e-05,0,0.0,500.0,dhaka_bangladesh
2022-09-16 23:00:00,4.768381403151034e-05,0,0.0,500.0,dhaka_bangladesh
2022-09-17 00:00:00,4.5737811693777546e-05,0,0.0,500.0,dhaka_bangladesh
2022-09-17 01:00:00,4.387122676791442e-05,0,0.0,500.0,dhaka_bangladesh
2022-09-17 02:00:00,4.2080818186227743e-05,0,0.0,500.0,dhaka_bangladesh
2022-09-17 03:00:00,4.0363477150756155e-05,0,0.0,500.0,dhaka_bangladesh
2022-09-17 04:00:00,3.871622173527086e-05,0,0.0,500.0,dhaka_bangladesh
2022-09-17 05:00:00,3.7136191707571494e-05,0,0.0,500.0,dhaka_bangladesh
2022-09-17 06:00:00,3.56206435630864e-05,0,0.0,500.0,dhaka_bangladesh
2022-09-17 07:00:00,3.416694576115492e-05,0,0.0,500.0,dhaka_bangladesh
2022-09-17 08:00:00,3.277257415571958e-05,0,0.0,500.0,dhaka_bangladesh
2022-09-17 09:00:00,3.143510761249366e-05,0,0.0,500.0,dhaka_bangladesh
2022-09-17 10:00:00,3.0152223804995097e-05,0,0.0,500.0,dhaka_bangladesh
2022-09-17 11:00:00,2.8921695182146498e-05,0,0.0,500.0,dhaka_bangladesh
2022-09-17 12:00:00,2.7741385100439087e-05,0,0.0,500.0,dhaka_bangladesh
2022-09-17 13:00:00,2.660924411394572e-05,0,0.0,500.0,dhaka_bangladesh
2022-09-17 14:00:00,2.5523306415740142e-05,0,0.0,500.0,dhaka_bangladesh
2022-09-17 15:00:00,2.448168642454394e-05,0,0.0,500.0,dhaka_bangladesh
2022-09-17 16:00:00,2.3482575510674473e-05,0,0.0,500.0,dhaka_bangladesh
2022-09-17 17:00:00,2.2524238855608208e-05,0,0.0,500.0,dhaka_bangladesh
2022-09-17 18:00:00,2.1605012439707366e-05,0,0.0,500.0,dhaka_bangladesh
2022-09-17 19:00:00,2.0723300152879098e-05,0,0.0,500.0,dhaka_bangladesh
2022-09-17 20:00:00,1.9877571023149836e-05,0,0.0,500.0,dhaka_bangladesh
2022-09-17 21:00:00,1.90663565583434e-05,0,0.0,500.0,dhaka_bangladesh
2022-09-17 22:00:00,1.8288248196246675e-05,0,0.0,500.0,dhaka_bangladesh
2022-09-17 23:00:00,1.7541894858835036e-05,0,0.0,500.0,dhaka_bangladesh
2022-09-18 00:00:00,1.6826000606311538e-05,0,0.0,500.0,dhaka_bangladesh
2022-09-18 01:00:00,1.6139322386886005e-05,0,0.0,500.0,dhaka_bangladesh
2022-09-18 02:00:00,1.5480667878386555e-05,0,0.0,500.0,dhaka_bangladesh
2022-09-18 03:00:00,1.484889341795646e-05,0,0.0,500.0,dhaka_bangladesh
2022-09-18 04:00:00,1.4242902016241119e-05,0,0.0,500.0,dhaka_bangladesh
2022-09-18 05:00:00,1.3661641452616979e-05,0,0.0,500.0,dhaka_bangladesh
2022-09-18 06:00:00,1.310410244815536e-05,0,0.0,500.0,dhaka_bangladesh
2022-09-18 07:00:00,1.2569316913148675e-05,0,0.0,500.0,dhaka_bangladesh
2022-09-18 08:00:00,1.2056356266155794e-05,0,0.0,500.0,dhaka_bangladesh
2022-09-18 09:00:00,1.156432982164832e-05,0,0.0,500.0,dhaka_bangladesh
2022-09-18 10:00:00,1.1092383243457873e-05,0,0.0,500.0,dhaka_bangladesh
2022-09-18 11:00:00,1.0639697061338868e-05,0,0.0,500.0,dhaka_bangladesh
2022-09-18 12:00:00,1.0205485248071306e-05,0,0.0,500.0,dhaka_bangladesh
2022-09-18 13:00:00,9.788993854632842e-06,0,0.0,500.0,dhaka_bangladesh
2022-09-18 14:00:00,9.389499701069971e-06,0,0.0,500.0,dhaka_bangladesh
2022-09-18 15:00:00,9.006309120795711e-06,0,0.0,500.0,dhaka_bangladesh
2022-09-18 16:00:00,8.638756756133123e-06,0,0.0,500.0,dhaka_bangladesh
2022-09-18 17:00:00,8.286204403013233e-06,0,0.0,500.0,dhaka_bangladesh
2022-09-18 18:00:00,7.948039902821606e-06,0,0.0,500.0,dhaka_bangladesh
2022-09-18 19:00:00,7.623676079469228e-06,0,0.0,500.0,dhaka_bangladesh
2022-09-18 20:00:00,7.312549719842016e-06,0,0.0,500.0,dhaka_bangladesh
2022-09-18 21:00:00,7.014120595858836e-06,0,0.0,500.0,dhaka_bangladesh
2022-09-18 22:00:00,6.727870526439866e-06,0,0.0,500.0,dhaka_bangladesh
2022-09-18 23:00:00,6.45330247775643e-06,0,0.0,500.0,dhaka_bangladesh
2022-09-19 00:00:00,6.189939700200239e-06,0,0.0,500.0,dhaka_bangladesh
2022-09-19 01:00:00,5.937324900573372e-06,0,0.0,500.0,dhaka_bangladesh
2022-09-19 02:00:00,5.695019448061544e-06,0,0.0,500.0,dhaka_bangladesh
2022-09-19 03:00:00,5.46260261261213e-06,0,0.0,500.0,dhaka_bangladesh
2022-09-19 04:00:00,5.239670834394392e-06,0,0.0,500.0,dhaka_bangladesh
2022-09-19 05:00:00,5.025837023073345e-06,0,0.0,500.0,dhaka_bangladesh
2022-09-19 06:00:00,4.8207298856807224e-06,0,0.0,500.0,dhaka_bangladesh
2022-09-19 07:00:00,4.623993281915893e-06,0,0.0,500.0,dhaka_bangladesh
2022-09-19 08:00:00,4.435285605757211e-06,0,0.0,500.0,dhaka_bangladesh
2022-09-19 09:00:00,4.254279192310228e-06,0,0.0,500.0,dhaka_bangladesh
2022-09-19 10:00:00,4.080659748862754e-06,0,0.0,500.0,dhaka_bangladesh
2022-09-19 11:00:00,3.914125809158779e-06,0,0.0,500.0,dhaka_bangladesh
2022-09-19 12:00:00,3.754388209943872e-06,0,0.0,500.0,dhaka_bangladesh
2022-09-19 13:00:00,3.6011695888730133e-06,0,0.0,500.0,dhaka_bangladesh
2022-09-19 14:00:00,3.454203902909046e-06,0,0.0,500.0,dhaka_bangladesh
2022-09-19 15:00:00,3.31323596637559e-06,0,0.0,500.0,dhaka_bangladesh
2022-09-19 16:00:00,3.178021007862275e-06,0,0.0,500.0,dhaka_bangladesh
2022-09-19 17:00:00,3.048324245212853e-06,0,0.0,500.0,dhaka_bangladesh
2022-09-19 18:00:00,2.9239204778583367e-06,0,0.0,500.0,dhaka_bangladesh
2022-09-19 19:00:00,2.804593695787231e-06,0,0.0,500.0,dhaka_bangladesh
2022-09-19 20:00:00,2.690136704473868e-06,0,0.0,500.0,dhaka_bangladesh
2022-09-19 21:00:00,2.580350765113652e-06,0,0.0,500.0,dhaka_bangladesh
2022-09-19 22:00:00,2.475045249540515e-06,0,0.0,500.0,dhaka_bangladesh
2022-09-19 23:00:00,2.3740373092273193e-06,0,0.0,500.0,dhaka_bangladesh
2022-09-20 00:00:00,2.277151557794589e-06,0,0.0,500.0,dhaka_bangladesh
2022-09-20 01:00:00,2.184219766476221e-06,0,0.0,500.0,dhaka_bangladesh
2022-09-20 02:00:00,2.0950805720133767e-06,0,0.0,500.0,dhaka_bangladesh
2022-09-20 03:00:00,2.009579196469411e-06,0,0.0,500.0,dhaka_bangladesh
2022-09-20 04:00:00,1.9275671784793136e-06,0,0.0,500.0,dhaka_bangladesh
2022-09-20 05:00:00,1.8489021154669675e-06,0,0.0,500.0,dhaka_bangladesh
2022-09-20 06:00:00,1.7734474163826955e-06,0,0.0,500.0,dhaka_bangladesh
2022-09-20 07:00:00,1.7010720645317226e-06,0,0.0,500.0,dhaka_bangladesh
2022-09-20 08:00:00,1.6316503900817048e-06,0,0.0,500.0,dhaka_bangladesh
2022-09-20 09:00:00,1.565061851854382e-06,0,0.0,500.0,dhaka_bangladesh
2022-09-20 10:00:00,1.501190828022428e-06,0,0.0,500.0,dhaka_bangladesh
2022-09-20 11:00:00,1.439926415348051e-06,0,0.0,500.0,dhaka_bangladesh
2022-09-20 12:00:00,1.3811622366148032e-06,0,0.0,500.0,dhaka_bangladesh
2022-09-20 13:00:00,1.324796255918197e-06,0,0.0,500.0,dhaka_bangladesh
2022-09-20 14:00:00,1.2707306014943946e-06,0,0.0,500.0,dhaka_bangladesh
2022-09-20 15:00:00,1.2188713957793758e-06,0,0.0,500.0,dhaka_bangladesh
2022-09-20 16:00:00,1.1691285924034777e-06,0,0.0,500.0,dhaka_bangladesh
2022-09-20 17:00:00,1.1214158198382633e-06,0,0.0,500.0,dhaka_bangladesh
2022-09-20 18:00:00,1.0756502314242616e-06,0,0.0,500.0,dhaka_bangladesh
2022-09-20 19:00:00,1.0317523615191568e-06,0,0.0,500.0,dhaka_bangladesh
2022-09-20 20:00:00,9.89645987516632e-07,0,0.0,500.0,dhaka_bangladesh
2022-09-20 21:00:00,9.492579974963141e-07,0,0.0,500.0,dhaka_bangladesh
2022-09-20 22:00:00,9.105182632749977e-07,0,0.0,500.0,dhaka_bangladesh
2022-09-20 23:00:00,8.733595186387009e-07,0,0.0,500.0,dhaka_bangladesh
2022-09-21 00:00:00,8.377172425441529e-07,0,0.0,500.0,dhaka_bangladesh
2022-09-21 01:00:00,8.035295470868906e-07,0,0.0,500.0,dhaka_bangladesh
2022-09-21 02:00:00,7.707370700414268e-07,0,0.0,500.0,dhaka_bangladesh
2022-09-21 03:00:00,7.39282871786923e-07,0,0.0,500.0,dhaka_bangladesh
2022-09-21 04:00:00,7.091123364393836e-07,0,0.0,500.0,dhaka_bangladesh
2022-09-21 05:00:00,6.801730770186855e-07,0,0.0,500.0,dhaka_bangladesh
2022-09-21 06:00:00,6.524148444858042e-07,0,0.0,500.0,dhaka_bangladesh
2022-09-21 07:00:00,6.257894404922817e-07,0,0.0,500.0,dhaka_bangladesh
2022-09-21 08:00:00,6.002506336904234e-07,0,0.0,500.0,dhaka_bangladesh
2022-09-21 09:00:00,5.757540794589328e-07,0,0.0,500.0,dhaka_bangladesh
2022-09-21 10:00:00,5.522572429045856e-07,0,0.0,500.0,dhaka_bangladesh
2022-09-21 11:00:00,5.297193250062391e-07,0,0.0,500.0,dhaka_bangladesh
2022-09-21 12:00:00,5.081011917729532e-07,0,0.0,500.0,dhaka_bangladesh
2022-09-21 13:00:00,4.873653062932052e-07,0,0.0,500.0,dhaka_bangladesh
2022-09-21 14:00:00,4.6747566355720876e-07,0,0.0,500.0,dhaka_bangladesh
2022-09-21 15:00:00,4.483977279391727e-07,0,0.0,500.0,dhaka_bangladesh
2022-09-21 16:00:00,4.3009837323094633e-07,0,0.0,500.0,dhaka_bangladesh
2022-09-21 17:00:00,4.125458251229152e-07,0,0.0,500.0,dhaka_bangladesh
2022-09-21 18:00:00,3.9570960603229e-07,0,0.0,500.0,dhaka_bangladesh
2022-09-21 19:00:00,3.7956048218298336e-07,0,0.0,500.0,dhaka_bangladesh
2022-09-21 20:00:00,3.6407041284517876e-07,0,0.0,500.0,dhaka_bangladesh
2022-09-21 21:00:00,3.492125016464664e-07,0,0.0,500.0,dhaka_bangladesh
2022-09-21 22:00:00,3.3496094986999837e-07,0,0.0,500.0,dhaka_bangladesh
2022-09-21 23:00:00,3.212910116585651e-07,0,0.0,500.0,dhaka_bangladesh
2022-09-22 00:00:00,3.081789510468245e-07,0,0.0,500.0,dhaka_bangladesh
2022-09-22 01:00:00,2.9560200074706747e-07,0,0.0,500.0,dhaka_bangladesh
2022-09-22 02:00:00,2.835383226169549e-07,0,0.0,500.0,dhaka_bangladesh
2022-09-22 03:00:00,2.719669697405923e-07,0,0.0,500.0,dhaka_bangladesh
2022-09-22 04:00:00,2.608678500570963e-07,0,0.0,500.0,dhaka_bangladesh
2022-09-22 05:00:00,2.502216914734944e-07,0,0.0,500.0,dhaka_bangladesh
2022-09-22 06:00:00,2.4001000840139104e-07,0,0.0,500.0,dhaka_bangladesh
2022-09-22 07:00:00,2.3021506965929017e-07,0,0.0,500.0,dhaka_bangladesh
2022-09-22 08:00:00,2.2081986768483713e-07,0,0.0,500.0,dhaka_bangladesh
2022-09-22 09:00:00,2.118080890035304e-07,0,0.0,500.0,dhaka_bangladesh
2022-09-22 10:00:00,2.0316408590262046e-07,0,0.0,500.0,dhaka_bangladesh
2022-09-22 11:00:00,1.9487284926100895e-07,0,0.0,500.0,dhaka_bangladesh
2022-09-22 12:00:00,1.8691998248797785e-07,0,0.0,500.0,dhaka_bangladesh
2022-09-22 13:00:00,1.792916765254932e-07,0,0.0,500.0,dhaka_bangladesh
2022-09-22 14:00:00,1.7197468587067514e-07,0,0.0,500.0,dhaka_bangladesh
2022-09-22 15:00:00,1.649563055768073e-07,0,0.0,500.0,dhaka_bangladesh
2022-09-22 16:00:00,1.5822434919294693e-07,0,0.0,500.0,dhaka_bangladesh
2022-09-22 17:00:00,1.5176712760382956e-07,0,0.0,500.0,dhaka_bangladesh
2022-09-22 18:00:00,1.4557342873333044e-07,0,0.0,500.0,dhaka_bangladesh
2022-09-22 19:00:00,1.3963249807623913e-07,0,0.0,500.0,dhaka_bangladesh
2022-09-22 20:00:00,1.3393402002454043e-07,0,0.0,500.0,dhaka_bangladesh
2022-09-22 21:00:00,1.2846809995578366e-07,0,0.0,500.0,dhaka_bangladesh
2022-09-22 22:00:00,1.2322524705243048e-07,0,0.0,500.0,dhaka_bangladesh
2022-09-22 23:00:00,1.181963578223601e-07,0,0.0,500.0,dhaka_bangladesh
2022-09-23 00:00:00,1.133727002919073e-07,0,0.0,500.0,dhaka_bangladesh
2022-09-23 01:00:00,1.0874589884399145e-07,0,0.0,500.0,dhaka_bangladesh
2022-09-23 02:00:00,1.0430791967501331e-07,0,0.0,500.0,dhaka_bangladesh
2022-09-23 03:00:00,1.0005105684525987e-07,0,0.0,500.0,dhaka_bangladesh
2022-09-23 04:00:00,9.596791889860019e-08,0,0.0,500.0,dhaka_bangladesh
2022-09-23 05:00:00,9.2051416028242e-08,0,0.0,500.0,dhaka_bangladesh
2022-09-23 06:00:00,8.829474776625707e-08,0,0.0,500.0,dhaka_bangladesh
2022-09-23 07:00:00,8.469139117550432e-08,0,0.0,500.0,dhaka_bangladesh
2022-09-23 08:00:00,8.123508952344957e-08,0,0.0,500.0,dhaka_bangladesh
2022-09-23 09:00:00,7.791984141821e-08,0,0.0,500.0,dhaka_bangladesh
2022-09-23 10:00:00,7.473989038796292e-08,0,0.0,500.0,dhaka_bangladesh
2022-09-23 11:00:00,7.168971488562654e-08,0,0.0,500.0,dhaka_bangladesh
2022-09-23 12:00:00,6.87640187014532e-08,0,0.0,500.0,dhaka_bangladesh
2022-09-23 13:00:00,6.595772176688944e-08,0,0.0,500.0,dhaka_bangladesh
2022-09-23 14:00:00,6.326595133373818e-08,0,0.0,500.0,dhaka_bangladesh
2022-09-23 15:00:00,6.068403351330164e-08,0,0.0,500.0,dhaka_bangladesh
2022-09-23 16:00:00,5.8207485160816476e-08,0,0.0,500.0,dhaka_bangladesh
2022-09-23 17:00:00,5.583200609109171e-08,0,0.0,500.0,dhaka_bangladesh
2022-09-23 18:00:00,5.355347161182848e-08,0,0.0,500.0,dhaka_bangladesh
2022-09-23 19:00:00,5.136792536165934e-08,0,0.0,500.0,dhaka_bangladesh
2022-09-23 20:00:00,4.9271572440472705e-08,0,0.0,500.0,dhaka_bangladesh
2022-09-23 21:00:00,4.726077282009069e-08,0,0.0,500.0,dhaka_bangladesh
2022-09-23 22:00:00,4.533203502386105e-08,0,0.0,500.0,dhaka_bangladesh
2022-09-23 23:00:00,4.3482010064189674e-08,0,0.0,500.0,dhaka_bangladesh
2022-09-24 00:00:00,4.170748562748427e-08,0,0.0,500.0,dhaka_bangladesh
2022-09-24 01:00:00,4.000538049641378e-08,0,0.0,500.0,dhaka_bangladesh
2022-09-24 02:00:00,3.837273919979959e-08,0,0.0,500.0,dhaka_bangladesh
2022-09-24 03:00:00,3.68067268808464e-08,0,0.0,500.0,dhaka_bangladesh
2022-09-24 04:00:00,3.5304624374803334e-08,0,0.0,500.0,dhaka_bangladesh
2022-09-24 05:00:00,3.3863823487509625e-08,0,0.0,500.0,dhaka_bangladesh
2022-09-24 06:00:00,3.248182246662411e-08,0,0.0,500.0,dhaka_bangladesh
2022-09-24 07:00:00,3.1156221657676554e-08,0,0.0,500.0,dhaka_bangladesh
2022-09-24 08:00:00,2.9884719337398706e-08,0,0.0,500.0,dhaka_bangladesh
2022-09-24 09:00:00,2.8665107717098503e-08,0,0.0,500.0,dhaka_bangladesh
2022-09-24 10:00:00,2.749526910913865e-08,0,0.0,500.0,dhaka_bangladesh
2022-09-24 11:00:00,2.637317224986433e-08,0,0.0,500.0,dhaka_bangladesh
2022-09-24 12:00:00,2.529686877259321e-08,0,0.0,500.0,dhaka_bangladesh
2022-09-24 13:00:00,2.426448982454476e-08,0,0.0,500.0,dhaka_bangladesh
2022-09-24 14:00:00,2.327424282183527e-08,0,0.0,500.0,dhaka_bangladesh
2022-09-24 15:00:00,2.2324408336902484e-08,0,0.0,500.0,dhaka_bangladesh
2022-09-24 16:00:00,2.1413337112956184e-08,0,0.0,500.0,dhaka_bangladesh
2022-09-24 17:00:00,2.0539447200271378e-08,0,0.0,500.0,dhaka_bangladesh
2022-09-24 18:00:00,1.9701221209350162e-08,0,0.0,500.0,dhaka_bangladesh
2022-09-24 19:00:00,1.8897203676183595e-08,0,0.0,500.0,dhaka_bangladesh
2022-09-24 20:00:00,1.8125998535039335e-08,0,0.0,500.0,dhaka_bangladesh
2022-09-24 21:00:00,1.7386266694385454e-08,0,0.0,500.0,dhaka_bangladesh
2022-09-24 22:00:00,1.6676723711742253e-08,0,0.0,500.0,dhaka_bangladesh
2022-09-24 23:00:00,1.5996137563425128e-08,0,0.0,500.0,dhaka_bangladesh
2022-09-25 00:00:00,1.5343326505304875e-08,0,0.0,500.0,dhaka_bangladesh
2022-09-25 01:00:00,1.4717157020871617e-08,0,0.0,500.0,dhaka_bangladesh
2022-09-25 02:00:00,1.4116541853039775e-08,0,0.0,500.0,dhaka_bangladesh
2022-09-25 03:00:00,1.3540438116275677e-08,0,0.0,500.0,dhaka_bangladesh
2022-09-25 04:00:00,1.2987845485770335e-08,0,0.0,500.0,dhaka_bangladesh
2022-09-25 05:00:00,1.2457804460513404e-08,0,0.0,500.0,dhaka_bangladesh
2022-09-25 06:00:00,1.194939469725168e-08,0,0.0,500.0,dhaka_bangladesh
2022-09-25 07:00:00,1.146173341243964e-08,0,0.0,500.0,dhaka_bangladesh
2022-09-25 08:00:00,1.0993973849407633e-08,0,0.0,500.0,dhaka_bangladesh
2022-09-25 09:00:00,1.0545303808085396e-08,0,0.0,500.0,dhaka_bangladesh
2022-09-25 10:00:00,1.0114944234728348e-08,0,0.0,500.0,dhaka_bangladesh
2022-09-25 11:00:00,9.702147869198278e-09,0,0.0,500.0,dhaka_bangladesh
2022-09-25 12:00:00,9.306197947448902e-09,0,0.0,500.0,dhaka_bangladesh
2022-09-25 13:00:00,8.926406956963674e-09,0,0.0,500.0,dhaka_bangladesh
2022-09-25 14:00:00,8.562115442985213e-09,0,0.0,500.0,dhaka_bangladesh
2022-09-25 15:00:00,8.212690863462773e-09,0,0.0,500.0,dhaka_bangladesh
2022-09-25 16:00:00,7.877526490730029e-09,0,0.0,500.0,dhaka_bangladesh
2022-09-25 17:00:00,7.55604035800618e-09,0,0.0,500.0,dhaka_bangladesh
2022-09-25 18:00:00,7.247674248890706e-09,0,0.0,500.0,dhaka_bangladesh
2022-09-25 19:00:00,6.951892728097349e-09,0,0.0,500.0,dhaka_bangladesh
2022-09-25 20:00:00,6.668182211744653e-09,0,0.0,500.0,dhaka_bangladesh
2022-09-25 21:00:00,6.3960500755881805e-09,0,0.0,500.0,dhaka_bangladesh
2022-09-25 22:00:00,6.135023799646282e-09,0,0.0,500.0,dhaka_bangladesh
2022-09-25 23:00:00,5.884650147734353e-09,0,0.0,500.0,dhaka_bangladesh
2022-09-26 00:00:00,5.644494380482536e-09,0,0.0,500.0,dhaka_bangladesh
2022-09-26 01:00:00,5.41413950047062e-09,0,0.0,500.0,dhaka_bangladesh
2022-09-26 02:00:00,5.193185528169547e-09,0,0.0,500.0,dhaka_bangladesh
2022-09-26 03:00:00,4.981248807431993e-09,0,0.0,500.0,dhaka_bangladesh
2022-09-26 04:00:00,4.77796133932623e-09,0,0.0,500.0,dhaka_bangladesh
2022-09-26 05:00:00,4.582970143156772e-09,0,0.0,500.0,dhaka_bangladesh
2022-09-26 06:00:00,4.395936643561944e-09,0,0.0,500.0,dhaka_bangladesh
2022-09-26 07:00:00,4.2165360826243425e-09,0,0.0,500.0,dhaka_bangladesh
2022-09-26 08:00:00,4.044456955973531e-09,0,0.0,500.0,dhaka_bangladesh
2022-09-26 09:00:00,3.879400471901538e-09,0,0.0,500.0,dhaka_bangladesh
2022-09-26 10:00:00,3.721080032552167e-09,0,0.0,500.0,dhaka_bangladesh
2022-09-26 11:00:00,3.5692207362833627e-09,0,0.0,500.0,dhaka_bangladesh
2022-09-26 12:00:00,3.4235589003383253e-09,0,0.0,500.0,dhaka_bangladesh
2022-09-26 13:00:00,3.283841602996673e-09,0,0.0,500.0,dhaka_bangladesh
2022-09-26 14:00:00,3.149826244410777e-09,0,0.0,500.0,dhaka_bangladesh
2022-09-26 15:00:00,3.0212801253644952e-09,0,0.0,500.0,dhaka_bangladesh
2022-09-26 16:00:00,2.897980043222996e-09,0,0.0,500.0,dhaka_bangladesh
2022-09-26 17:00:00,2.779711904372179e-09,0,0.0,500.0,dhaka_bangladesh
2022-09-26 18:00:00,2.6662703524745652e-09,0,0.0,500.0,dhaka_bangladesh
2022-09-26 19:00:00,2.5574584118962658e-09,0,0.0,500.0,dhaka_bangladesh
2022-09-26 20:00:00,2.453087145685975e-09,0,0.0,500.0,dhaka_bangladesh
2022-09-26 21:00:00,2.352975327511941e-09,0,0.0,500.0,dhaka_bangladesh
2022-09-26 22:00:00,2.256949126987373e-09,0,0.0,500.0,dhaka_bangladesh
2022-09-26 23:00:00,2.164841807837959e-09,0,0.0,500.0,dhaka_bangladesh
2022-09-27 00:00:00,2.0764934383872622e-09,0,0.0,500.0,dhaka_bangladesh
2022-09-27 01:00:00,1.991750613857363e-09,0,0.0,500.0,dhaka_bangladesh
2022-09-27 02:00:00,1.9104661900026347e-09,0,0.0,500.0,dhaka_bangladesh
2022-09-27 03:00:00,1.8324990276139953e-09,0,0.0,500.0,dhaka_bangladesh
2022-09-27 04:00:00,1.75771374745009e-09,0,0.0,500.0,dhaka_bangladesh
2022-09-27 05:00:00,1.6859804951699182e-09,0,0.0,500.0,dhaka_bangladesh
2022-09-27 06:00:00,1.6171747158586339e-09,0,0.0,500.0,dhaka_bangladesh
2022-09-27 07:00:00,1.5511769377550662e-09,0,0.0,500.0,dhaka_bangladesh
2022-09-27 08:00:00,1.487872564805495e-09,0,0.0,500.0,dhaka_bangladesh
2022-09-27 09:00:00,1.4271516776833676e-09,0,0.0,500.0,dhaka_bangladesh
2022-09-27 10:00:00,1.3689088429295033e-09,0,0.0,500.0,dhaka_bangladesh
2022-09-27 11:00:00,1.3130429298814473e-09,0,0.0,500.0,dhaka_bangladesh
2022-09-27 12:00:00,1.2594569350739804e-09,0,0.0,500.0,dhaka_bangladesh
2022-09-27 13:00:00,1.208057813805949e-09,0,0.0,500.0,dhaka_bangladesh
2022-09-27 14:00:00,1.1587563185809793e-09,0,0.0,500.0,dhaka_bangladesh
2022-09-27 15:00:00,1.1114668441414756e-09,0,0.0,500.0,dhaka_bangladesh
2022-09-27 16:00:00,1.0661072788268679e-09,0,0.0,500.0,dhaka_bangladesh
2022-09-27 17:00:00,1.0225988619980428e-09,0,0.0,500.0,dhaka_bangladesh
2022-09-27 18:00:00,9.808660472803275e-10,0,0.0,500.0,dhaka_bangladesh
2022-09-27 19:00:00,9.408363713876027e-10,0,0.0,500.0,dhaka_bangladesh
2022-09-27 20:00:00,9.024403282998051e-10,0,0.0,500.0,dhaka_bangladesh
2022-09-27 21:00:00,8.656112485752845e-10,0,0.0,500.0,dhaka_bangladesh
2022-09-27 22:00:00,8.302851835884895e-10,0,0.0,500.0,dhaka_bangladesh
2022-09-27 23:00:00,7.964007944920033e-10,0,0.0,500.0,dhaka_bangladesh
2022-09-28 00:00:00,7.638992457100728e-10,0,0.0,500.0,dhaka_bangladesh
2022-09-28 01:00:00,7.327241027787241e-10,0,0.0,500.0,dhaka_bangladesh
2022-09-28 02:00:00,7.028212343551037e-10,0,0.0,500.0,dhaka_bangladesh
2022-09-28 03:00:00,6.741387182258479e-10,0,0.0,500.0,dhaka_bangladesh
2022-09-28 04:00:00,6.466267511513029e-10,0,0.0,500.0,dhaka_bangladesh
2022-09-28 05:00:00,6.202375623890634e-10,0,0.0,500.0,dhaka_bangladesh
2022-09-28 06:00:00,5.949253307466601e-10,0,0.0,500.0,dhaka_bangladesh
2022-09-28 07:00:00,5.706461050193648e-10,0,0.0,500.0,dhaka_bangladesh
2022-09-28 08:00:00,5.473577276749682e-10,0,0.0,500.0,dhaka_bangladesh
2022-09-28 09:00:00,5.250197616530436e-10,0,0.0,500.0,dhaka_bangladesh
2022-09-28 10:00:00,5.035934201515532e-10,0,0.0,500.0,dhaka_bangladesh
2022-09-28 11:00:00,4.830414992789019e-10,0,0.0,500.0,dhaka_bangladesh
2022-09-28 12:00:00,4.633283134545135e-10,0,0.0,500.0,dhaka_bangladesh
2022-09-28 13:00:00,4.444196334457285e-10,0,0.0,500.0,dhaka_bangladesh
2022-09-28 14:00:00,4.2628262693345006e-10,0,0.0,500.0,dhaka_bangladesh
2022-09-28 15:00:00,4.088858015033527e-10,0,0.0,500.0,dhaka_bangladesh
2022-09-28 16:00:00,3.921989499636367e-10,0,0.0,500.0,dhaka_bangladesh
2022-09-28 17:00:00,3.761930978943942e-10,0,0.0,500.0,dhaka_bangladesh
2022-09-28 18:00:00,3.608404533375284e-10,0,0.0,500.0,dhaka_bangladesh
2022-09-28 19:00:00,3.4611435853984004e-10,0,0.0,500.0,dhaka_bangladesh
2022-09-28 20:00:00,3.3198924366550637e-10,0,0.0,500.0,dhaka_bangladesh
2022-09-28 21:00:00,3.184405823975901e-10,0,0.0,500.0,dhaka_bangladesh
2022-09-28 22:00:00,3.054448493514629e-10,0,0.0,500.0,dhaka_bangladesh
2022-09-28 23:00:00,2.929794792262119e-10,0,0.0,500.0,dhaka_bangladesh
2022-09-29 00:00:00,2.810228276231079e-10,0,0.0,500.0,dhaka_bangladesh
2022-09-29 01:00:00,2.6955413346308444e-10,0,0.0,500.0,dhaka_bangladesh
2022-09-29 02:00:00,2.5855348293797984e-10,0,0.0,500.0,dhaka_bangladesh
2022-09-29 03:00:00,2.480017749329574e-10,0,0.0,500.0,dhaka_bangladesh
2022-09-29 04:00:00,2.378806878600466e-10,0,0.0,500.0,dhaka_bangladesh
2022-09-29 05:00:00,2.2817264784522626e-10,0,0.0,500.0,dhaka_bangladesh
2022-09-29 06:00:00,2.1886079821381687e-10,0,0.0,500.0,dhaka_bangladesh
2022-09-29 07:00:00,2.0992897022118412e-10,0,0.0,500.0,dhaka_bangladesh
2022-09-29 08:00:00,2.0136165497793782e-10,0,0.0,500.0,dhaka_bangladesh
2022-09-29 09:00:00,1.9314397652088552e-10,0,0.0,500.0,dhaka_bangladesh
2022-09-29 10:00:00,1.8526166598296872e-10,0,0.0,500.0,dhaka_bangladesh
2022-09-29 11:00:00,1.7770103681733806e-10,0,0.0,500.0,dhaka_bangladesh
2022-09-29 12:00:00,1.7044896103255328e-10,0,0.0,500.0,dhaka_bangladesh
2022-09-29 13:00:00,1.6349284639763182e-10,0,0.0,500.0,dhaka_bangladesh
2022-09-29 14:00:00,1.56820614577372e-10,0,0.0,500.0,dhaka_bangladesh
2022-09-29 15:00:00,1.504206801599907e-10,0,0.0,500.0,dhaka_bangladesh
2022-09-29 16:00:00,1.442819305406491e-10,0,0.0,500.0,dhaka_bangladesh
2022-09-29 17:00:00,1.3839370662594342e-10,0,0.0,500.0,dhaka_bangladesh
2022-09-29 18:00:00,1.3274578432585987e-10,0,0.0,500.0,dhaka_bangladesh
2022-09-29 19:00:00,1.2732835680104858e-10,0,0.0,500.0,dhaka_bangladesh
2022-09-29 20:00:00,1.221320174345963e-10,0,0.0,500.0,dhaka_bangladesh
2022-09-29 21:00:00,1.1714774349873405e-10,0,0.0,500.0,dhaka_bangladesh
2022-09-29 22:00:00,1.1236688048811158e-10,0,0.0,500.0,dhaka_bangladesh
2022-09-29 23:00:00,0.39138211232730025,1,5.6,464.1359878110296,dhaka_bangladesh
2022-09-30 00:00:00,0.37540959584545086,1,5.6,464.1359878110296,dhaka_bangladesh
2022-09-30 01:00:00,0.360088926432559,1,5.6,464.1359878110296,dhaka_bangladesh
2022-09-30 02:00:00,0.3453935018558587,1,5.6,464.1359878110296,dhaka_bangladesh
2022-09-30 03:00:00,0.5693646365769215,2,5.6,464.1359878110296,dhaka_bangladesh
2022-09-30 04:00:00,0.5461285566553592,2,5.6,464.1359878110296,dhaka_bangladesh
2022-09-30 05:00:00,0.5238407537700511,2,5.6,464.1359878110296,dhaka_bangladesh
2022-09-30 06:00:00,0.5024625282203371,2,5.6,464.1359878110296,dhaka_bangladesh
2022-09-30 07:00:00,0.4819567596613501,2,5.6,464.1359878110296,dhaka_bangladesh
2022-09-30 08:00:00,0.46228784264964984,2,5.6,464.1359878110296,dhaka_bangladesh
2022-09-30 09:00:00,0.4434216248192723,2,5.6,464.1359878110296,dhaka_bangladesh
2022-09-30 10:00:00,0.4253253475808498,2,5.6,464.1359878110296,dhaka_bangladesh
2022-09-30 11:00:00,0.4079675892408308,2,5.6,464.1359878110296,dhaka_bangladesh
2022-09-30 12:00:00,0.39131821044203635,2,5.6,464.1359878110296,dhaka_bangladesh
2022-09-30 13:00:00,0.37534830183081636,2,5.6,464.1359878110296,dhaka_bangladesh
2022-09-30 14:00:00,0.36003013385993765,2,5.6,464.1359878110296,dhaka_bangladesh
2022-09-30 15:00:00,0.345337108640044,2,5.6,464.1359878110296,dhaka_bangladesh
2022-09-30 16:00:00,0.33124371375608325,2,5.6,464.1359878110296,dhaka_bangladesh
2022-09-30 17:00:00,0.3177254779685123,2,5.6,464.1359878110296,dhaka_bangladesh
2022-09-30 18:00:00,0.3047589287223587,2,5.6,464.1359878110296,dhaka_bangladesh
2022-09-30 19:00:00,0.2923215513903618,2,5.6,464.1359878110296,dhaka_bangladesh
2022-09-30 20:00:00,0.2803917501794222,2,5.6,464.1359878110296,dhaka_bangladesh
2022-09-30 21:00:00,0.26894881063248105,2,5.6,464.1359878110296,dhaka_bangladesh
2022-09-30 22:00:00,0.2579728636607179,2,5.6,464.1359878110296,dhaka_bangladesh
2022-09-30 23:00:00,0.24744485104361374,1,4.6,473.4545039206104,dhaka_bangladesh
2022-10-01 00:00:00,0.2373464923369754,1,4.6,473.4545039206104,dhaka_bangladesh
2022-10-01 01:00:00,0.22766025313146168,1,4.6,473.4545039206104,dhaka_bangladesh
2022-10-01 02:00:00,0.2183693146064957,1,4.6,473.4545039206104,dhaka_bangladesh
2022-10-01 03:00:00,0.20945754432669925,0,0.0,500.0,dhaka_bangladesh
2022-10-01 04:00:00,0.2009094682301399,0,0.0,500.0,dhaka_bangladesh
2022-10-01 05:00:00,0.1927102437597535,0,0.0,500.0,dhaka_bangladesh
2022-10-01 06:00:00,0.18484563409128765,0,0.0,500.0,dhaka_bangladesh
2022-10-01 07:00:00,0.17730198341301664,0,0.0,500.0,dhaka_bangladesh
2022-10-01 08:00:00,0.17006619321430486,0,0.0,500.0,dhaka_bangladesh
2022-10-01 09:00:00,0.16312569954184686,0,0.0,500.0,dhaka_bangladesh
2022-10-01 10:00:00,0.15646845118409247,0,0.0,500.0,dhaka_bangladesh
2022-10-01 11:00:00,0.15008288874597733,0,0.0,500.0,dhaka_bangladesh
2022-10-01 12:00:00,0.1439579245776252,0,0.0,500.0,dhaka_bangladesh
2022-10-01 13:00:00,0.1380829235221706,0,0.0,500.0,dhaka_bangladesh
2022-10-01 14:00:00,0.13244768444927346,0,0.0,500.0,dhaka_bangladesh
2022-10-01 15:00:00,0.12704242254226103,0,0.0,500.0,dhaka_bangladesh
2022-10-01 16:00:00,0.12185775230814111,0,0.0,500.0,dhaka_bangladesh
2022-10-01 17:00:00,0.1168846712809857,0,0.0,500.0,dhaka_bangladesh
2022-10-01 18:00:00,0.11211454439038873,0,0.0,500.0,dhaka_bangladesh
2022-10-01 19:00:00,0.10753908896785534,0,0.0,500.0,dhaka_bangladesh
2022-10-01 20:00:00,0.10315036036508847,0,0.0,500.0,dhaka_bangladesh
2022-10-01 21:00:00,0.09894073815920118,0,0.0,500.0,dhaka_bangladesh
2022-10-01 22:00:00,0.0949029129209016,0,0.0,500.0,dhaka_bangladesh
2022-10-01 23:00:00,0.09102987352267541,0,0.0,500.0,dhaka_bangladesh
2022-10-02 00:00:00,0.08731489496492856,0,0.0,500.0,dhaka_bangladesh
2022-10-02 01:00:00,0.08375152669895121,0,0.0,500.0,dhaka_bangladesh
2022-10-02 02:00:00,0.08033358142642852,0,0.0,500.0,dhaka_bangladesh
2022-10-02 03:00:00,0.07705512435604872,0,0.0,500.0,dhaka_bangladesh
2022-10-02 04:00:00,0.0739104628985555,0,0.0,500.0,dhaka_bangladesh
2022-10-02 05:00:00,0.07089413678235056,0,0.0,500.0,dhaka_bangladesh
2022-10-02 06:00:00,0.06800090857248382,0,0.0,500.0,dhaka_bangladesh
2022-10-02 07:00:00,0.06522575457656889,0,0.0,500.0,dhaka_bangladesh
2022-10-02 08:00:00,0.06256385612183299,0,0.0,500.0,dhaka_bangladesh
2022-10-02 09:00:00,0.06001059118815523,0,0.0,500.0,dhaka_bangladesh
2022-10-02 10:00:00,0.05756152638256504,0,0.0,500.0,dhaka_bangladesh
2022-10-02 11:00:00,0.05521240924126589,0,0.0,500.0,dhaka_bangladesh
2022-10-02 12:00:00,0.0529591608458174,0,0.0,500.0,dhaka_bangladesh
2022-10-02 13:00:00,0.05079786874065512,0,0.0,500.0,dhaka_bangladesh
2022-10-02 14:00:00,0.04872478013965024,0,0.0,500.0,dhaka_bangladesh
2022-10-02 15:00:00,0.04673629540991323,0,0.0,500.0,dhaka_bangladesh
2022-10-02 16:00:00,0.04482896182152699,0,0.0,500.0,dhaka_bangladesh
2022-10-02 17:00:00,0.042999467552356764,0,0.0,500.0,dhaka_bangladesh
2022-10-02 18:00:00,0.04124463593752708,0,0.0,500.0,dhaka_bangladesh
2022-10-02 19:00:00,0.03956141995358066,0,0.0,500.0,dhaka_bangladesh
2022-10-02 20:00:00,0.037946896927741655,0,0.0,500.0,dhaka_bangladesh
2022-10-02 21:00:00,0.03639826346309694,0,0.0,500.0,dhaka_bangladesh
2022-10-02 22:00:00,0.03491283057088334,0,0.0,500.0,dhaka_bangladesh
2022-10-02 23:00:00,0.033488019001428906,0,0.0,500.0,dhaka_bangladesh
2022-10-03 00:00:00,0.03212135476564109,0,0.0,500.0,dhaka_bangladesh
2022-10-03 01:00:00,0.030810464839265313,0,0.0,500.0,dhaka_bangladesh
2022-10-03 02:00:00,0.029553073042455073,0,0.0,500.0,dhaka_bangladesh
2022-10-03 03:00:00,0.028346996087499195,0,0.0,500.0,dhaka_bangladesh
2022-10-03 04:00:00,0.027190139787843216,0,0.0,500.0,dhaka_bangladesh
2022-10-03 05:00:00,0.026080495421822912,0,0.0,500.0,dhaka_bangladesh
2022-10-03 06:00:00,0.02501613624479568,0,0.0,500.0,dhaka_bangladesh
2022-10-03 07:00:00,0.023995214143613806,0,0.0,500.0,dhaka_bangladesh
2022-10-03 08:00:00,0.023015956427630435,0,0.0,500.0,dhaka_bangladesh
2022-10-03 09:00:00,0.02207666275066642,0,0.0,500.0,dhaka_bangladesh
2022-10-03 10:00:00,0.021175702158593258,0,0.0,500.0,dhaka_bangladesh
2022-10-03 11:00:00,0.02031151025740587,0,0.0,500.0,dhaka_bangladesh
2022-10-03 12:00:00,0.01948258649686783,0,0.0,500.0,dhaka_bangladesh
2022-10-03 13:00:00,0.018687491565012485,0,0.0,500.0,dhaka_bangladesh
2022-10-03 14:00:00,0.017924844888975916,0,0.0,500.0,dhaka_bangladesh
2022-10-03 15:00:00,0.017193322237822325,0,0.0,500.0,dhaka_bangladesh
2022-10-03 16:00:00,0.01649165342319927,0,0.0,500.0,dhaka_bangladesh
2022-10-03 17:00:00,0.01581862009383056,0,0.0,500.0,dhaka_bangladesh
2022-10-03 18:00:00,0.015173053620017045,0,0.0,500.0,dhaka_bangladesh
2022-10-03 19:00:00,0.014553833064471996,0,0.0,500.0,dhaka_bangladesh
2022-10-03 20:00:00,0.013959883235967915,0,0.0,500.0,dhaka_bangladesh
2022-10-03 21:00:00,0.013390172822415026,0,0.0,500.0,dhaka_bangladesh
2022-10-03 22:00:00,0.012843712600129805,0,0.0,500.0,dhaka_bangladesh
2022-10-03 23:00:00,0.012319553716184307,0,0.0,500.0,dhaka_bangladesh
2022-10-04 00:00:00,0.011816786040853688,0,0.0,500.0,dhaka_bangladesh
2022-10-04 01:00:00,0.01133453658730129,0,0.0,500.0,dhaka_bangladesh
2022-10-04 02:00:00,0.010871967995757192,0,0.0,500.0,dhaka_bangladesh
2022-10-04 03:00:00,0.010428277079558264,0,0.0,500.0,dhaka_bangladesh
2022-10-04 04:00:00,0.010002693430525159,0,0.0,500.0,dhaka_bangladesh
2022-10-04 05:00:00,0.009594478081254576,0,0.0,500.0,dhaka_bangladesh
2022-10-04 06:00:00,0.0092029222220041,0,0.0,500.0,dhaka_bangladesh
2022-10-04 07:00:00,0.008827345969941731,0,0.0,500.0,dhaka_bangladesh
2022-10-04 08:00:00,0.008467097188622954,0,0.0,500.0,dhaka_bangladesh
2022-10-04 09:00:00,0.008121550355645558,0,0.0,500.0,dhaka_bangladesh
2022-10-04 10:00:00,0.0077901054765161905,0,0.0,500.0,dhaka_bangladesh
2022-10-04 11:00:00,0.0074721870428424925,0,0.0,500.0,dhaka_bangladesh
2022-10-04 12:00:00,0.007167243033042025,0,0.0,500.0,dhaka_bangladesh
2022-10-04 13:00:00,0.00687474395383283,0,0.0,500.0,dhaka_bangladesh
2022-10-04 14:00:00,0.006594181920841247,0,0.0,500.0,dhaka_bangladesh
2022-10-04 15:00:00,0.006325069776730609,0,0.0,500.0,dhaka_bangladesh
2022-10-04 16:00:00,0.006066940245319649,0,0.0,500.0,dhaka_bangladesh
2022-10-04 17:00:00,0.005819345120221738,0,0.0,500.0,dhaka_bangladesh
2022-10-04 18:00:00,0.0055818544865962,0,0.0,500.0,dhaka_bangladesh
2022-10-04 19:00:00,0.005354055974660415,0,0.0,500.0,dhaka_bangladesh
2022-10-04 20:00:00,0.005135554043666464,0,0.0,500.0,dhaka_bangladesh
2022-10-04 21:00:00,0.004925969295099074,0,0.0,500.0,dhaka_bangladesh
2022-10-04 22:00:00,0.004724937813902363,0,0.0,500.0,dhaka_bangladesh
2022-10-04 23:00:00,0.004532110536591449,0,0.0,500.0,dhaka_bangladesh
2022-10-05 00:00:00,0.004347152645151756,0,0.0,500.0,dhaka_bangladesh
2022-10-05 01:00:00,0.004169742985673666,0,0.0,500.0,dhaka_bangladesh
2022-10-05 02:00:00,0.003999573510712962,0,0.0,500.0,dhaka_bangladesh
2022-10-05 03:00:00,0.0038363487444088547,0,0.0,500.0,dhaka_bangladesh
2022-10-05 04:00:00,0.0036797852694308523,0,0.0,500.0,dhaka_bangladesh
2022-10-05 05:00:00,0.003529611234863585,0,0.0,500.0,dhaka_bangladesh
2022-10-05 06:00:00,0.003385565884175116,0,0.0,500.0,dhaka_bangladesh
2022-10-05 07:00:00,0.00324739910244915,0,0.0,500.0,dhaka_bangladesh
2022-10-05 08:00:00,0.003114870982094903,0,0.0,500.0,dhaka_bangladesh
2022-10-05 09:00:00,0.002987751406280619,0,0.0,500.0,dhaka_bangladesh
2022-10-05 10:00:00,0.0028658196493673697,0,0.0,500.0,dhaka_bangladesh
2022-10-05 11:00:00,0.0027488639936493874,0,0.0,500.0,dhaka_bangladesh
2022-10-05 12:00:00,0.002636681361735414,0,0.0,500.0,dhaka_bangladesh
2022-10-05 13:00:00,0.0025290769639327755,0,0.0,500.0,dhaka_bangladesh
2022-10-05 14:00:00,0.002425863960021905,0,0.0,500.0,dhaka_bangladesh
2022-10-05 15:00:00,0.002326863134834036,0,0.0,500.0,dhaka_bangladesh
2022-10-05 16:00:00,0.002231902587068727,0,0.0,500.0,dhaka_bangladesh
2022-10-05 17:00:00,0.0021408174308109327,0,0.0,500.0,dhaka_bangladesh
2022-10-05 18:00:00,0.002053449509229319,0,0.0,500.0,dhaka_bangladesh
2022-10-05 19:00:00,0.0019696471199586963,0,0.0,500.0,dhaka_bangladesh
2022-10-05 20:00:00,0.0018892647516897591,0,0.0,500.0,dhaka_bangladesh
2022-10-05 21:00:00,0.0018121628315087312,0,0.0,500.0,dhaka_bangladesh
2022-10-05 22:00:00,0.0017382074825482187,0,0.0,500.0,dhaka_bangladesh
2022-10-05 23:00:00,0.0016672702915284674,0,0.0,500.0,dhaka_bangladesh
2022-10-06 00:00:00,0.0015992280857853854,0,0.0,500.0,dhaka_bangladesh
2022-10-06 01:00:00,0.0015339627193981702,0,0.0,500.0,dhaka_bangladesh
2022-10-06 02:00:00,0.0014713608680451875,0,0.0,500.0,dhaka_bangladesh
2022-10-06 03:00:00,0.001411313832231894,0,0.0,500.0,dhaka_bangladesh
2022-10-06 04:00:00,0.001353717348549128,0,0.0,500.0,dhaka_bangladesh
2022-10-06 05:00:00,0.00129847140863406,0,0.0,500.0,dhaka_bangladesh
2022-10-06 06:00:00,0.0012454800855194429,0,0.0,500.0,dhaka_bangladesh
2022-10-06 07:00:00,0.001194651367069637,0,0.0,500.0,dhaka_bangladesh
2022-10-06 08:00:00,0.0011458969962142146,0,0.0,500.0,dhaka_bangladesh
2022-10-06 09:00:00,0.0010991323177017053,0,0.0,500.0,dhaka_bangladesh
2022-10-06 10:00:00,0.001054276131107407,0,0.0,500.0,dhaka_bangladesh
2022-10-06 11:00:00,0.0010112505498400361,0,0.0,500.0,dhaka_bangladesh
2022-10-06 12:00:00,0.0009699808659023823,0,0.0,500.0,dhaka_bangladesh
2022-10-06 13:00:00,0.0009303954201711576,0,0.0,500.0,dhaka_bangladesh
2022-10-06 14:00:00,0.000892425477970801,0,0.0,500.0,dhaka_bangladesh
2022-10-06 15:00:00,0.0008560051097251762,0,0.0,500.0,dhaka_bangladesh
2022-10-06 16:00:00,0.0008210710764799398,0,0.0,500.0,dhaka_bangladesh
2022-10-06 17:00:00,0.0007875627200968089,0,0.0,500.0,dhaka_bangladesh
2022-10-06 18:00:00,0.0007554218579290548,0,0.0,500.0,dhaka_bangladesh
2022-10-06 19:00:00,0.0007245926817953462,0,0.0,500.0,dhaka_bangladesh
2022-10-06 20:00:00,0.0006950216610765326,0,0.0,500.0,dhaka_bangladesh
2022-10-06 21:00:00,0.0006666574497670912,0,0.0,500.0,dhaka_bangladesh
2022-10-06 22:00:00,0.0006394507973198584,0,0.0,500.0,dhaka_bangladesh
2022-10-06 23:00:00,0.0006133544631292405,0,0.0,500.0,dhaka_bangladesh
2022-10-07 00:00:00,0.0005883231345044035,0,0.0,500.0,dhaka_bangladesh
2022-10-07 01:00:00,0.000564313347990025,0,0.0,500.0,dhaka_bangladesh
2022-10-07 02:00:00,0.000541283413897992,0,0.0,500.0,dhaka_bangladesh
2022-10-07 03:00:00,0.0005191933439189963,0,0.0,500.0,dhaka_bangladesh
2022-10-07 04:00:00,0.00049800478168834,0,0.0,500.0,dhaka_bangladesh
2022-10-07 05:00:00,0.0004776809361853936,0,0.0,500.0,dhaka_bangladesh
2022-10-07 06:00:00,0.00045818651785105286,0,0.0,500.0,dhaka_bangladesh
2022-10-07 07:00:00,0.0004394876773122777,0,0.0,500.0,dhaka_bangladesh
2022-10-07 08:00:00,0.0004215519466073196,0,0.0,500.0,dhaka_bangladesh
2022-10-07 09:00:00,0.00040434818280957554,0,0.0,500.0,dhaka_bangladesh
2022-10-07 10:00:00,0.00038784651395218323,0,0.0,500.0,dhaka_bangladesh
2022-10-07 11:00:00,0.00037201828715946624,0,0.0,500.0,dhaka_bangladesh
2022-10-07 12:00:00,0.00035683601889516015,0,0.0,500.0,dhaka_bangladesh
2022-10-07 13:00:00,0.00034227334724103473,0,0.0,500.0,dhaka_bangladesh
2022-10-07 14:00:00,0.0003283049861230556,0,0.0,500.0,dhaka_bangladesh
2022-10-07 15:00:00,0.000314906681405597,0,0.0,500.0,dhaka_bangladesh
2022-10-07 16:00:00,0.0003020551687774748,0,0.0,500.0,dhaka_bangladesh
2022-10-07 17:00:00,0.00028972813335667515,0,0.0,500.0,dhaka_bangladesh
2022-10-07 18:00:00,0.00027790417094363337,0,0.0,500.0,dhaka_bangladesh
2022-10-07 19:00:00,0.0002665627508557887,0,0.0,500.0,dhaka_bangladesh
2022-10-07 20:00:00,0.0002556841802788824,0,0.0,500.0,dhaka_bangladesh
2022-10-07 21:00:00,0.0002452495700730964,0,0.0,500.0,dhaka_bangladesh
2022-10-07 22:00:00,0.00023524080197466276,0,0.0,500.0,dhaka_bangladesh
2022-10-07 23:00:00,0.0002256404971359951,0,0.0,500.0,dhaka_bangladesh
2022-10-08 00:00:00,0.0002164319859497111,0,0.0,500.0,dhaka_bangladesh
2022-10-08 01:00:00,0.0002075992791041561,0,0.0,500.0,dhaka_bangladesh
2022-10-08 02:00:00,0.00019912703982016396,0,0.0,500.0,dhaka_bangladesh
2022-10-08 03:00:00,0.0001910005572208527,0,0.0,500.0,dhaka_bangladesh
2022-10-08 04:00:00,0.00018320572078821265,0,0.0,500.0,dhaka_bangladesh
2022-10-08 05:00:00,0.00017572899586213413,0,0.0,500.0,dhaka_bangladesh
2022-10-08 06:00:00,0.00016855740013933424,0,0.0,500.0,dhaka_bangladesh
2022-10-08 07:00:00,0.00016167848113137588,0,0.0,500.0,dhaka_bangladesh
2022-10-08 08:00:00,0.00015508029454263454,0,0.0,500.0,dhaka_bangladesh
2022-10-08 09:00:00,0.00014875138353067472,0,0.0,500.0,dhaka_bangladesh
2022-10-08 10:00:00,0.00014268075881302116,0,0.0,500.0,dhaka_bangladesh
2022-10-08 11:00:00,0.00013685787958578173,0,0.0,500.0,dhaka_bangladesh
2022-10-08 12:00:00,0.00013127263522099363,0,0.0,500.0,dhaka_bangladesh
2022-10-08 13:00:00,0.0001259153277109109,0,0.0,500.0,dhaka_bangladesh
2022-10-08 14:00:00,0.0001207766548287479,0,0.0,500.0,dhaka_bangladesh
2022-10-08 15:00:00,0.00011584769397664436,0,0.0,500.0,dhaka_bangladesh
2022-10-08 16:00:00,0.00011111988669280313,0,0.0,500.0,dhaka_bangladesh
2022-10-08 17:00:00,0.00010658502379089885,0,0.0,500.0,dhaka_bangladesh
2022-10-08 18:00:00,0.00010223523110595672,0,0.0,500.0,dhaka_bangladesh
2022-10-08 19:00:00,9.806295582194997e-05,0,0.0,500.0,dhaka_bangladesh
2022-10-08 20:00:00,9.406095335737364e-05,0,0.0,500.0,dhaka_bangladesh
2022-10-08 21:00:00,9.02222747860271e-05,0,0.0,500.0,dhaka_bangladesh
2022-10-08 22:00:00,8.654025477116085e-05,0,0.0,500.0,dhaka_bangladesh
2022-10-08 23:00:00,8.300849999203634e-05,0,0.0,500.0,dhaka_bangladesh
2022-10-09 00:00:00,7.962087804280516e-05,0,0.0,500.0,dhaka_bangladesh
2022-10-09 01:00:00,7.637150678443122e-05,0,0.0,500.0,dhaka_bangladesh
2022-10-09 02:00:00,7.325474413116549e-05,0,0.0,500.0,dhaka_bangladesh
2022-10-09 03:00:00,7.026517825384138e-05,0,0.0,500.0,dhaka_bangladesh
2022-10-09 04:00:00,6.739761818297896e-05,0,0.0,500.0,dhaka_bangladesh
2022-10-09 05:00:00,6.464708479538062e-05,0,0.0,500.0,dhaka_bangladesh
2022-10-09 06:00:00,6.200880216856946e-05,0,0.0,500.0,dhaka_bangladesh
2022-10-09 07:00:00,5.9478189288058144e-05,0,0.0,500.0,dhaka_bangladesh
2022-10-09 08:00:00,5.705085209304708e-05,0,0.0,500.0,dhaka_bangladesh
2022-10-09 09:00:00,5.47225758467435e-05,0,0.0,500.0,dhaka_bangladesh
2022-10-09 10:00:00,5.2489317818051565e-05,0,0.0,500.0,dhaka_bangladesh
2022-10-09 11:00:00,5.034720026192593e-05,0,0.0,500.0,dhaka_bangladesh
2022-10-09 12:00:00,4.829250368620173e-05,0,0.0,500.0,dhaka_bangladesh
2022-10-09 13:00:00,4.632166039320893e-05,0,0.0,500.0,dhaka_bangladesh
2022-10-09 14:00:00,4.443124828495596e-05,0,0.0,500.0,dhaka_bangladesh
2022-10-09 15:00:00,4.261798492112819e-05,0,0.0,500.0,dhaka_bangladesh
2022-10-09 16:00:00,4.087872181958241e-05,0,0.0,500.0,dhaka_bangladesh
2022-10-09 17:00:00,3.921043898944075e-05,0,0.0,500.0,dhaka_bangladesh
2022-10-09 18:00:00,3.761023968729261e-05,0,0.0,500.0,dhaka_bangladesh
2022-10-09 19:00:00,3.60753453873988e-05,0,0.0,500.0,dhaka_bangladesh
2022-10-09 20:00:00,3.460309095716372e-05,0,0.0,500.0,dhaka_bangladesh
2022-10-09 21:00:00,3.319092002949996e-05,0,0.0,500.0,dhaka_bangladesh
2022-10-09 22:00:00,3.18363805640489e-05,0,0.0,500.0,dhaka_bangladesh
2022-10-09 23:00:00,3.0537120589550006e-05,0,0.0,500.0,dhaka_bangladesh
2022-10-10 00:00:00,2.9290884119966724e-05,0,0.0,500.0,dhaka_bangladesh
2022-10-10 01:00:00,2.8095507237277572e-05,0,0.0,500.0,dhaka_bangladesh
2022-10-10 02:00:00,2.694891433413015e-05,0,0.0,500.0,dhaka_bangladesh
2022-10-10 03:00:00,2.5849114509834946e-05,0,0.0,500.0,dhaka_bangladesh
2022-10-10 04:00:00,2.479419811344054e-05,0,0.0,500.0,dhaka_bangladesh
2022-10-10 05:00:00,2.3782333427887466e-05,0,0.0,500.0,dhaka_bangladesh
2022-10-10 06:00:00,2.281176348948386e-05,0,0.0,500.0,dhaka_bangladesh
2022-10-10 07:00:00,2.1880803037180095e-05,0,0.0,500.0,dhaka_bangladesh
2022-10-10 08:00:00,2.098783558634477e-05,0,0.0,500.0,dhaka_bangladesh
2022-10-10 09:00:00,2.013131062196187e-05,0,0.0,500.0,dhaka_bangladesh
2022-10-10 10:00:00,1.9309740906375044e-05,0,0.0,500.0,dhaka_bangladesh
2022-10-10 11:00:00,1.8521699896904004e-05,0,0.0,500.0,dhaka_bangladesh
2022-10-10 12:00:00,1.776581926884971e-05,0,0.0,500.0,dhaka_bangladesh
2022-10-10 13:00:00,1.704078653958703e-05,0,0.0,500.0,dhaka_bangladesh
2022-10-10 14:00:00,1.6345342789619207e-05,0,0.0,500.0,dhaka_bangladesh
2022-10-10 15:00:00,1.5678280476637593e-05,0,0.0,500.0,dhaka_bangladesh
2022-10-10 16:00:00,1.5038441338790804e-05,0,0.0,500.0,dhaka_bangladesh
2022-10-10 17:00:00,1.4424714383522382e-05,0,0.0,500.0,dhaka_bangladesh
2022-10-10 18:00:00,1.3836033958485208e-05,0,0.0,500.0,dhaka_bangladesh
2022-10-10 19:00:00,1.3271377901183022e-05,0,0.0,500.0,dhaka_bangladesh
2022-10-10 20:00:00,1.2729765764125966e-05,0,0.0,500.0,dhaka_bangladesh
2022-10-10 21:00:00,1.2210257112418477e-05,0,0.0,500.0,dhaka_bangladesh
2022-10-10 22:00:00,1.1711949890823668e-05,0,0.0,500.0,dhaka_bangladesh
2022-10-10 23:00:00,1.123397885746859e-05,0,0.0,500.0,dhaka_bangladesh
2022-10-11 00:00:00,1.0775514081470831e-05,0,0.0,500.0,dhaka_bangladesh
2022-10-11 01:00:00,1.0335759501877877e-05,0,0.0,500.0,dhaka_bangladesh
2022-10-11 02:00:00,9.91395154541686e-06,0,0.0,500.0,dhaka_bangladesh
2022-10-11 03:00:00,9.509357800654702e-06,0,0.0,500.0,dhaka_bangladesh
2022-10-11 04:00:00,9.121275746266527e-06,0,0.0,500.0,dhaka_bangladesh
2022-10-11 05:00:00,8.749031531204145e-06,0,0.0,500.0,dhaka_bangladesh
2022-10-11 06:00:00,8.391978804646434e-06,0,0.0,500.0,dhaka_bangladesh
2022-10-11 07:00:00,8.049497593700204e-06,0,0.0,500.0,dhaka_bangladesh
2022-10-11 08:00:00,7.720993226902617e-06,0,0.0,500.0,dhaka_bangladesh
2022-10-11 09:00:00,7.405895301656054e-06,0,0.0,500.0,dhaka_bangladesh
2022-10-11 10:00:00,7.103656693802583e-06,0,0.0,500.0,dhaka_bangladesh
2022-10-11 11:00:00,6.813752607618199e-06,0,0.0,500.0,dhaka_bangladesh
2022-10-11 12:00:00,6.535679664577275e-06,0,0.0,500.0,dhaka_bangladesh
2022-10-11 13:00:00,6.268955029305107e-06,0,0.0,500.0,dhaka_bangladesh
2022-10-11 14:00:00,6.013115571200771e-06,0,0.0,500.0,dhaka_bangladesh
2022-10-11 15:00:00,5.767717060274572e-06,0,0.0,500.0,dhaka_bangladesh
2022-10-11 16:00:00,5.532333395803879e-06,0,0.0,500.0,dhaka_bangladesh
2022-10-11 17:00:00,5.306555866467881e-06,0,0.0,500.0,dhaka_bangladesh
2022-10-11 18:00:00,5.089992440676638e-06,0,0.0,500.0,dhaka_bangladesh
2022-10-11 19:00:00,4.88226708586224e-06,0,0.0,500.0,dhaka_bangladesh
2022-10-11 20:00:00,4.683019115550018e-06,0,0.0,500.0,dhaka_bangladesh
2022-10-11 21:00:00,4.4919025630761375e-06,0,0.0,500.0,dhaka_bangladesh
2022-10-11 22:00:00,4.308585580864145e-06,0,0.0,500.0,dhaka_bangladesh
2022-10-11 23:00:00,4.132749864217342e-06,0,0.0,500.0,dhaka_bangladesh
2022-10-12 00:00:00,3.964090098626497e-06,0,0.0,500.0,dhaka_bangladesh
2022-10-12 01:00:00,3.8023134296332583e-06,0,0.0,500.0,dhaka_bangladesh
2022-10-12 02:00:00,3.6471389543287117e-06,0,0.0,500.0,dhaka_bangladesh
2022-10-12 03:00:00,3.4982972336041467e-06,0,0.0,500.0,dhaka_bangladesh
2022-10-12 04:00:00,3.3555298243071605e-06,0,0.0,500.0,dhaka_bangladesh
2022-10-12 05:00:00,3.218588830490709e-06,0,0.0,500.0,dhaka_bangladesh
2022-10-12 06:00:00,3.0872364729759162e-06,0,0.0,500.0,dhaka_bangladesh
2022-10-12 07:00:00,2.961244676481298e-06,0,0.0,500.0,dhaka_bangladesh
2022-10-12 08:00:00,2.840394673601422e-06,0,0.0,500.0,dhaka_bangladesh
2022-10-12 09:00:00,2.7244766249474367e-06,0,0.0,500.0,dhaka_bangladesh
2022-10-12 10:00:00,2.613289254789868e-06,0,0.0,500.0,dhaka_bangladesh
2022-10-12 11:00:00,2.5066395015710373e-06,0,0.0,500.0,dhaka_bangladesh
2022-10-12 12:00:00,2.4043421826802457e-06,0,0.0,500.0,dhaka_bangladesh
2022-10-12 13:00:00,2.306219672909664e-06,0,0.0,500.0,dhaka_bangladesh
2022-10-12 14:00:00,2.2121015960326343e-06,0,0.0,500.0,dhaka_bangladesh
2022-10-12 15:00:00,2.121824528968802e-06,0,0.0,500.0,dhaka_bangladesh
2022-10-12 16:00:00,2.035231718022437e-06,0,0.0,500.0,dhaka_bangladesh
2022-10-12 17:00:00,1.9521728067012395e-06,0,0.0,500.0,dhaka_bangladesh
2022-10-12 18:00:00,1.872503574642986e-06,0,0.0,500.0,dhaka_bangladesh
2022-10-12 19:00:00,1.7960856871967254e-06,0,0.0,500.0,dhaka_bangladesh
2022-10-12 20:00:00,1.7227864552237204e-06,0,0.0,500.0,dhaka_bangladesh
2022-10-12 21:00:00,1.652478604701018e-06,0,0.0,500.0,dhaka_bangladesh
2022-10-12 22:00:00,1.585040055727635e-06,0,0.0,500.0,dhaka_bangladesh
2022-10-12 23:00:00,1.520353710549628e-06,0,0.0,500.0,dhaka_bangladesh
2022-10-13 00:00:00,1.4583072502359625e-06,0,0.0,500.0,dhaka_bangladesh
2022-10-13 01:00:00,1.3987929396521524e-06,0,0.0,500.0,dhaka_bangladesh
2022-10-13 02:00:00,1.3417074403930433e-06,0,0.0,500.0,dhaka_bangladesh
2022-10-13 03:00:00,1.2869516313498952e-06,0,0.0,500.0,dhaka_bangladesh
2022-10-13 04:00:00,1.2344304366002252e-06,0,0.0,500.0,dhaka_bangladesh
2022-10-13 05:00:00,1.1840526603215663e-06,0,0.0,500.0,dhaka_bangladesh
2022-10-13 06:00:00,1.1357308284424748e-06,0,0.0,500.0,dhaka_bangladesh
2022-10-13 07:00:00,1.0893810367558487e-06,0,0.0,500.0,dhaka_bangladesh
2022-10-13 08:00:00,1.0449228052308323e-06,0,0.0,500.0,dhaka_bangladesh
2022-10-13 09:00:00,1.0022789382703204e-06,0,0.0,500.0,dhaka_bangladesh
2022-10-13 10:00:00,9.613753906714315e-07,0,0.0,500.0,dhaka_bangladesh
2022-10-13 11:00:00,9.221411390562159e-07,0,0.0,500.0,dhaka_bangladesh
2022-10-13 12:00:00,8.845080585493347e-07,0,0.0,500.0,dhaka_bangladesh
2022-10-13 13:00:00,8.484108044885937e-07,0,0.0,500.0,dhaka_bangladesh
2022-10-13 14:00:00,8.137866989629412e-07,0,0.0,500.0,dhaka_bangladesh
2022-10-13 15:00:00,7.805756219809017e-07,0,0.0,500.0,dhaka_bangladesh
2022-10-13 16:00:00,7.487199070804887e-07,0,0.0,500.0,dhaka_bangladesh
2022-10-13 17:00:00,7.181642411993382e-07,0,0.0,500.0,dhaka_bangladesh
2022-10-13 18:00:00,6.8885556863119e-07,0,0.0,500.0,dhaka_bangladesh
2022-10-13 19:00:00,6.607429989019573e-07,0,0.0,500.0,dhaka_bangladesh
2022-10-13 20:00:00,6.337777184054324e-07,0,0.0,500.0,dhaka_bangladesh
2022-10-13 21:00:00,6.079129056451753e-07,0,0.0,500.0,dhaka_bangladesh
2022-10-13 22:00:00,5.83103649935434e-07,0,0.0,500.0,dhaka_bangladesh
2022-10-13 23:00:00,5.593068734199259e-07,0,0.0,500.0,dhaka_bangladesh
2022-10-14 00:00:00,5.364812562730685e-07,0,0.0,500.0,dhaka_bangladesh
2022-10-14 01:00:00,5.145871649537928e-07,0,0.0,500.0,dhaka_bangladesh
2022-10-14 02:00:00,4.935865833873589e-07,0,0.0,500.0,dhaka_bangladesh
2022-10-14 03:00:00,4.7344304695567553e-07,0,0.0,500.0,dhaka_bangladesh
2022-10-14 04:00:00,4.541215791815104e-07,0,0.0,500.0,dhaka_bangladesh
2022-10-14 05:00:00,4.355886309966574e-07,0,0.0,500.0,dhaka_bangladesh
2022-10-14 06:00:00,4.178120224885968e-07,0,0.0,500.0,dhaka_bangladesh
2022-10-14 07:00:00,4.0076088702450804e-07,0,0.0,500.0,dhaka_bangladesh
2022-10-14 08:00:00,3.8440561765561443e-07,0,0.0,500.0,dhaka_bangladesh
2022-10-14 09:00:00,3.68717815708792e-07,0,0.0,500.0,dhaka_bangladesh
2022-10-14 10:00:00,3.536702414761833e-07,0,0.0,500.0,dhaka_bangladesh
2022-10-14 11:00:00,3.3923676691719796e-07,0,0.0,500.0,dhaka_bangladesh
2022-10-14 12:00:00,3.253923302907666e-07,0,0.0,500.0,dhaka_bangladesh
2022-10-14 13:00:00,3.121128926390777e-07,0,0.0,500.0,dhaka_bangladesh
2022-10-14 14:00:00,2.9937539604723956e-07,0,0.0,500.0,dhaka_bangladesh
2022-10-14 15:00:00,2.8715772360638515e-07,0,0.0,500.0,dhaka_bangladesh
2022-10-14 16:00:00,2.7543866101070443e-07,0,0.0,500.0,dhaka_bangladesh
2022-10-14 17:00:00,2.641978597217255e-07,0,0.0,500.0,dhaka_bangladesh
2022-10-14 18:00:00,2.534158016358782e-07,0,0.0,500.0,dhaka_bangladesh
2022-10-14 19:00:00,2.4307376519399497e-07,0,0.0,500.0,dhaka_bangladesh
2022-10-14 20:00:00,2.3315379287390217e-07,0,0.0,500.0,dhaka_bangladesh
2022-10-14 21:00:00,2.236386600096548e-07,0,0.0,500.0,dhaka_bangladesh
2022-10-14 22:00:00,2.1451184488327584e-07,0,0.0,500.0,dhaka_bangladesh
2022-10-14 23:00:00,2.0575750003706896e-07,0,0.0,500.0,dhaka_bangladesh
2022-10-15 00:00:00,1.9736042475668978e-07,0,0.0,500.0,dhaka_bangladesh
2022-10-15 01:00:00,1.893060386771981e-07,0,0.0,500.0,dhaka_bangladesh
2022-10-15 02:00:00,1.8158035646626317e-07,0,0.0,500.0,dhaka_bangladesh
2022-10-15 03:00:00,1.7416996354055883e-07,0,0.0,500.0,dhaka_bangladesh
2022-10-15 04:00:00,1.6706199277318694e-07,0,0.0,500.0,dhaka_bangladesh
2022-10-15 05:00:00,1.6024410215168392e-07,0,0.0,500.0,dhaka_bangladesh
2022-10-15 06:00:00,1.537044533478151e-07,0,0.0,500.0,dhaka_bangladesh
2022-10-15 07:00:00,1.4743169116194755e-07,0,0.0,500.0,dhaka_bangladesh
2022-10-15 08:00:00,1.4141492380631055e-07,0,0.0,500.0,dhaka_bangladesh
2022-10-15 09:00:00,1.3564370399290526e-07,0,0.0,500.0,dhaka_bangladesh
2022-10-15 10:00:00,1.3010801079322738e-07,0,0.0,500.0,dhaka_bangladesh
2022-10-15 11:00:00,1.2479823223830565e-07,0,0.0,500.0,dhaka_bangladesh
2022-10-15 12:00:00,1.197051486288406e-07,0,0.0,500.0,dhaka_bangladesh
2022-10-15 13:00:00,1.1481991652646627e-07,0,0.0,500.0,dhaka_bangladesh
2022-10-15 14:00:00,1.1013405339833775e-07,0,0.0,500.0,dhaka_bangladesh
2022-10-15 15:00:00,1.0563942288838046e-07,0,0.0,500.0,dhaka_bangladesh
2022-10-15 16:00:00,1.0132822068962827e-07,0,0.0,500.0,dhaka_bangladesh
2022-10-15 17:00:00,9.719296099311947e-08,0,0.0,500.0,dhaka_bangladesh
2022-10-15 18:00:00,9.322646348981997e-08,0,0.0,500.0,dhaka_bangladesh
2022-10-15 19:00:00,8.942184090300528e-08,0,0.0,500.0,dhaka_bangladesh
2022-10-15 20:00:00,8.577248702945332e-08,0,0.0,500.0,dhaka_bangladesh
2022-10-15 21:00:00,8.227206526868201e-08,0,0.0,500.0,dhaka_bangladesh
2022-10-15 22:00:00,7.891449762031462e-08,0,0.0,500.0,dhaka_bangladesh
2022-10-15 23:00:00,7.569395413046995e-08,0,0.0,500.0,dhaka_bangladesh
2022-10-16 00:00:00,7.260484276884945e-08,0,0.0,500.0,dhaka_bangladesh
2022-10-16 01:00:00,6.964179971894716e-08,0,0.0,500.0,dhaka_bangladesh
2022-10-16 02:00:00,6.679968006452017e-08,0,0.0,500.0,dhaka_bangladesh
2022-10-16 03:00:00,6.407354885615121e-08,0,0.0,500.0,dhaka_bangladesh
2022-10-16 04:00:00,6.145867254238756e-08,0,0.0,500.0,dhaka_bangladesh
2022-10-16 05:00:00,5.8950510750581046e-08,0,0.0,500.0,dhaka_bangladesh
2022-10-16 06:00:00,5.654470840315618e-08,0,0.0,500.0,dhaka_bangladesh
2022-10-16 07:00:00,5.423708815561795e-08,0,0.0,500.0,dhaka_bangladesh
2022-10-16 08:00:00,5.202364314316767e-08,0,0.0,500.0,dhaka_bangladesh
2022-10-16 09:00:00,4.9900530023334474e-08,0,0.0,500.0,dhaka_bangladesh
2022-10-16 10:00:00,4.7864062302540486e-08,0,0.0,500.0,dhaka_bangladesh
2022-10-16 11:00:00,4.591070393501179e-08,0,0.0,500.0,dhaka_bangladesh
2022-10-16 12:00:00,4.403706318292228e-08,0,0.0,500.0,dhaka_bangladesh
2022-10-16 13:00:00,4.2239886727108074e-08,0,0.0,500.0,dhaka_bangladesh
2022-10-16 14:00:00,4.05160540181263e-08,0,0.0,500.0,dhaka_bangladesh
2022-10-16 15:00:00,3.886257185785104e-08,0,0.0,500.0,dhaka_bangladesh
2022-10-16 16:00:00,3.727656920219704e-08,0,0.0,500.0,dhaka_bangladesh
2022-10-16 17:00:00,3.57552921759466e-08,0,0.0,500.0,dhaka_bangladesh
2022-10-16 18:00:00,3.429609929102481e-08,0,0.0,500.0,dhaka_bangladesh
2022-10-16 19:00:00,3.2896456859919215e-08,0,0.0,500.0,dhaka_bangladesh
2022-10-16 20:00:00,3.1553934596280104e-08,0,0.0,500.0,dhaka_bangladesh
2022-10-16 21:00:00,3.026620139506313e-08,0,0.0,500.0,dhaka_bangladesh
2022-10-16 22:00:00,2.903102128488647e-08,0,0.0,500.0,dhaka_bangladesh
2022-10-16 23:00:00,2.7846249545574093e-08,0,0.0,500.0,dhaka_bangladesh
2022-10-17 00:00:00,2.6709828984144768e-08,0,0.0,500.0,dhaka_bangladesh
2022-10-17 01:00:00,2.5619786362779773e-08,0,0.0,500.0,dhaka_bangladesh
2022-10-17 02:00:00,2.4574228972566835e-08,0,0.0,500.0,dhaka_bangladesh
2022-10-17 03:00:00,2.357134134707201e-08,0,0.0,500.0,dhaka_bangladesh
2022-10-17 04:00:00,2.2609382110032204e-08,0,0.0,500.0,dhaka_bangladesh
2022-10-17 05:00:00,2.1686680951694858e-08,0,0.0,500.0,dhaka_bangladesh
2022-10-17 06:00:00,2.0801635728555255e-08,0,0.0,500.0,dhaka_bangladesh
2022-10-17 07:00:00,1.9952709681454986e-08,0,0.0,500.0,dhaka_bangladesh
2022-10-17 08:00:00,1.9138428767211054e-08,0,0.0,500.0,dhaka_bangladesh
2022-10-17 09:00:00,1.8357379099143064e-08,0,0.0,500.0,dhaka_bangladesh
2022-10-17 10:00:00,1.7608204492053695e-08,0,0.0,500.0,dhaka_bangladesh
2022-10-17 11:00:00,1.6889604107399675e-08,0,0.0,500.0,dhaka_bangladesh
2022-10-17 12:00:00,1.6200330194564946e-08,0,0.0,500.0,dhaka_bangladesh
2022-10-17 13:00:00,1.5539185924313544e-08,0,0.0,500.0,dhaka_bangladesh
2022-10-17 14:00:00,1.4905023310660273e-08,0,0.0,500.0,dhaka_bangladesh
2022-10-17 15:00:00,1.4296741217551258e-08,0,0.0,500.0,dhaka_bangladesh
2022-10-17 16:00:00,1.3713283446892844e-08,0,0.0,500.0,dhaka_bangladesh
2022-10-17 17:00:00,1.3153636904608883e-08,0,0.0,500.0,dhaka_bangladesh
2022-10-17 18:00:00,1.2616829841542504e-08,0,0.0,500.0,dhaka_bangladesh
2022-10-17 19:00:00,1.2101930166147538e-08,0,0.0,500.0,dhaka_bangladesh
2022-10-17 20:00:00,1.1608043826039763e-08,0,0.0,500.0,dhaka_bangladesh
2022-10-17 21:00:00,1.1134313255598152e-08,0,0.0,500.0,dhaka_bangladesh
2022-10-17 22:00:00,1.0679915886920283e-08,0,0.0,500.0,dhaka_bangladesh
2022-10-17 23:00:00,1.0244062721546329e-08,0,0.0,500.0,dhaka_bangladesh
2022-10-18 00:00:00,9.825996960471972e-09,0,0.0,500.0,dhaka_bangladesh
2022-10-18 01:00:00,9.42499269007116e-09,0,0.0,500.0,dhaka_bangladesh
2022-10-18 02:00:00,9.040353621646955e-09,0,0.0,500.0,dhaka_bangladesh
2022-10-18 03:00:00,8.671411882422163e-09,0,0.0,500.0,dhaka_bangladesh
2022-10-18 04:00:00,8.317526855870252e-09,0,0.0,500.0,dhaka_bangladesh
2022-10-18 05:00:00,7.978084069372866e-09,0,0.0,500.0,dhaka_bangladesh
2022-10-18 06:00:00,7.652494127272815e-09,0,0.0,500.0,dhaka_bangladesh
2022-10-18 07:00:00,7.340191687469686e-09,0,0.0,500.0,dhaka_bangladesh
2022-10-18 08:00:00,7.04063447978106e-09,0,0.0,500.0,dhaka_bangladesh
2022-10-18 09:00:00,6.7533023643650664e-09,0,0.0,500.0,dhaka_bangladesh
2022-10-18 10:00:00,6.477696428569193e-09,0,0.0,500.0,dhaka_bangladesh
2022-10-18 11:00:00,6.213338120637089e-09,0,0.0,500.0,dhaka_bangladesh
2022-10-18 12:00:00,5.959768418769396e-09,0,0.0,500.0,dhaka_bangladesh
2022-10-18 13:00:00,5.7165470340956085e-09,0,0.0,500.0,dhaka_bangladesh
2022-10-18 14:00:00,5.483251646173023e-09,0,0.0,500.0,dhaka_bangladesh
2022-10-18 15:00:00,5.259477169685484e-09,0,0.0,500.0,dhaka_bangladesh
2022-10-18 16:00:00,5.04483505106853e-09,0,0.0,500.0,dhaka_bangladesh
2022-10-18 17:00:00,4.838952593839576e-09,0,0.0,500.0,dhaka_bangladesh
2022-10-18 18:00:00,4.641472311461834e-09,0,0.0,500.0,dhaka_bangladesh
2022-10-18 19:00:00,4.452051306618177e-09,0,0.0,500.0,dhaka_bangladesh
2022-10-18 20:00:00,4.27036067581712e-09,0,0.0,500.0,dhaka_bangladesh
2022-10-18 21:00:00,4.0960849382972295e-09,0,0.0,500.0,dhaka_bangladesh
2022-10-18 22:00:00,3.928921488238242e-09,0,0.0,500.0,dhaka_bangladesh
2022-10-18 23:00:00,3.768580069327668e-09,0,0.0,500.0,dhaka_bangladesh
2022-10-19 00:00:00,3.6147822707707195e-09,0,0.0,500.0,dhaka_bangladesh
2022-10-19 01:00:00,3.4672610438683076e-09,0,0.0,500.0,dhaka_bangladesh
2022-10-19 02:00:00,3.3257602383237062e-09,0,0.0,500.0,dhaka_bangladesh
2022-10-19 03:00:00,3.1900341574728705e-09,0,0.0,500.0,dhaka_bangladesh
2022-10-19 04:00:00,3.0598471316660122e-09,0,0.0,500.0,dhaka_bangladesh
2022-10-19 05:00:00,2.934973109059677e-09,0,0.0,500.0,dhaka_bangladesh
2022-10-19 06:00:00,2.8151952631088677e-09,0,0.0,500.0,dhaka_bangladesh
2022-10-19 07:00:00,2.7003056160776143e-09,0,0.0,500.0,dhaka_bangladesh
2022-10-19 08:00:00,2.5901046779142452e-09,0,0.0,500.0,dhaka_bangladesh
2022-10-19 09:00:00,2.4844010998644004e-09,0,0.0,500.0,dhaka_bangladesh
2022-10-19 10:00:00,2.3830113422202824e-09,0,0.0,500.0,dhaka_bangladesh
2022-10-19 11:00:00,2.285759355629192e-09,0,0.0,500.0,dhaka_bangladesh
2022-10-19 12:00:00,2.1924762754080957e-09,0,0.0,500.0,dhaka_bangladesh
2022-10-19 13:00:00,2.1030001283333587e-09,0,0.0,500.0,dhaka_bangladesh
2022-10-19 14:00:00,2.017175551396523e-09,0,0.0,500.0,dhaka_bangladesh
2022-10-19 15:00:00,1.9348535220378547e-09,0,0.0,500.0,dhaka_bangladesh
2022-10-19 16:00:00,1.8558910993891954e-09,0,0.0,500.0,dhaka_bangladesh
2022-10-19 17:00:00,1.7801511760768046e-09,0,0.0,500.0,dhaka_bangladesh
2022-10-19 18:00:00,1.7075022401533022e-09,0,0.0,500.0,dhaka_bangladesh
2022-10-19 19:00:00,1.6378181467452844e-09,0,0.0,500.0,dhaka_bangladesh
2022-10-19 20:00:00,1.5709778990201047e-09,0,0.0,500.0,dhaka_bangladesh
2022-10-19 21:00:00,1.5068654380915468e-09,0,0.0,500.0,dhaka_bangladesh
2022-10-19 22:00:00,1.445369441499556e-09,0,0.0,500.0,dhaka_bangladesh
2022-10-19 23:00:00,1.3863831299140977e-09,0,0.0,500.0,dhaka_bangladesh
2022-10-20 00:00:00,1.3298040817275697e-09,0,0.0,500.0,dhaka_bangladesh
2022-10-20 01:00:00,1.2755340552137846e-09,0,0.0,500.0,dhaka_bangladesh
2022-10-20 02:00:00,1.223478817944728e-09,0,0.0,500.0,dhaka_bangladesh
2022-10-20 03:00:00,1.1735479831689323e-09,0,0.0,500.0,dhaka_bangladesh
2022-10-20 04:00:00,1.1256548528673331e-09,0,0.0,500.0,dhaka_bangladesh
2022-10-20 05:00:00,1.0797162672140844e-09,0,0.0,500.0,dhaka_bangladesh
2022-10-20 06:00:00,1.0356524601809816e-09,0,0.0,500.0,dhaka_bangladesh
2022-10-20 07:00:00,9.933869210347402e-10,0,0.0,500.0,dhaka_bangladesh
2022-10-20 08:00:00,9.52846261486631e-10,0,0.0,500.0,dhaka_bangladesh
2022-10-20 09:00:00,9.139600882638324e-10,0,0.0,500.0,dhaka_bangladesh
2022-10-20 10:00:00,8.766608808812062e-10,0,0.0,500.0,dhaka_bangladesh
2022-10-20 11:00:00,8.408838744012633e-10,0,0.0,500.0,dhaka_bangladesh
2022-10-20 12:00:00,8.065669469787755e-10,0,0.0,500.0,dhaka_bangladesh
2022-10-20 13:00:00,7.736505119947474e-10,0,0.0,500.0,dhaka_bangladesh
2022-10-20 14:00:00,7.420774145924489e-10,0,0.0,500.0,dhaka_bangladesh
2022-10-20 15:00:00,7.117928324358829e-10,0,0.0,500.0,dhaka_bangladesh
2022-10-20 16:00:00,6.827441805183508e-10,0,0.0,500.0,dhaka_bangladesh
2022-10-20 17:00:00,6.548810198558208e-10,0,0.0,500.0,dhaka_bangladesh
2022-10-20 18:00:00,6.281549699065825e-10,0,0.0,500.0,dhaka_bangladesh
2022-10-20 19:00:00,6.025196245651025e-10,0,0.0,500.0,dhaka_bangladesh
2022-10-20 20:00:00,5.779304715842027e-10,0,0.0,500.0,dhaka_bangladesh
2022-10-20 21:00:00,5.543448152856789e-10,0,0.0,500.0,dhaka_bangladesh
2022-10-20 22:00:00,5.317217024251364e-10,0,0.0,500.0,dhaka_bangladesh
2022-10-20 23:00:00,5.100218510823133e-10,0,0.0,500.0,dhaka_bangladesh
2022-10-21 00:00:00,4.892075824534415e-10,0,0.0,500.0,dhaka_bangladesh
2022-10-21 01:00:00,4.692427554271908e-10,0,0.0,500.0,dhaka_bangladesh
2022-10-21 02:00:00,4.5009270383060334e-10,0,0.0,500.0,dhaka_bangladesh
2022-10-21 03:00:00,4.3172417623606004e-10,0,0.0,500.0,dhaka_bangladesh
2022-10-21 04:00:00,4.141052782247567e-10,0,0.0,500.0,dhaka_bangladesh
2022-10-21 05:00:00,3.9720541700643314e-10,0,0.0,500.0,dhaka_bangladesh
2022-10-21 06:00:00,3.8099524829920893e-10,0,0.0,500.0,dhaka_bangladesh
2022-10-21 07:00:00,3.6544662537727984e-10,0,0.0,500.0,dhaka_bangladesh
2022-10-21 08:00:00,3.5053255019799976e-10,0,0.0,500.0,dhaka_bangladesh
2022-10-21 09:00:00,3.362271265235008e-10,0,0.0,500.0,dhaka_bangladesh
2022-10-21 10:00:00,3.225055149554425e-10,0,0.0,500.0,dhaka_bangladesh
2022-10-21 11:00:00,3.09343889804814e-10,0,0.0,500.0,dhaka_bangladesh
2022-10-21 12:00:00,2.9671939772190825e-10,0,0.0,500.0,dhaka_bangladesh
2022-10-21 13:00:00,2.8461011801462796e-10,0,0.0,500.0,dhaka_bangladesh
2022-10-21 14:00:00,2.729950245862188e-10,0,0.0,500.0,dhaka_bangladesh
2022-10-21 15:00:00,2.618539494263507e-10,0,0.0,500.0,dhaka_bangladesh
2022-10-21 16:00:00,2.511675475921453e-10,0,0.0,500.0,dhaka_bangladesh
2022-10-21 17:00:00,0.5987850430355984,1,4.5,430.67275138509876,dhaka_bangladesh
2022-10-21 18:00:00,0.5743483003543874,1,4.5,430.67275138509876,dhaka_bangladesh
2022-10-21 19:00:00,0.5509088344084813,1,4.5,430.67275138509876,dhaka_bangladesh
2022-10-21 20:00:00,0.5284259457928991,1,4.5,430.67275138509876,dhaka_bangladesh
2022-10-21 21:00:00,0.5068605960674739,1,4.5,430.67275138509876,dhaka_bangladesh
2022-10-21 22:00:00,0.4861753399719745,1,4.5,430.67275138509876,dhaka_bangladesh
2022-10-21 23:00:00,0.46633426040756887,1,4.5,430.67275138509876,dhaka_bangladesh
2022-10-22 00:00:00,0.4473029060717274,1,4.5,430.67275138509876,dhaka_bangladesh
2022-10-22 01:00:00,0.4290482316382801,1,4.5,430.67275138509876,dhaka_bangladesh
2022-10-22 02:00:00,0.41153854037875776,1,4.5,430.67275138509876,dhaka_bangladesh
2022-10-22 03:00:00,0.39474342912538773,1,4.5,430.67275138509876,dhaka_bangladesh
2022-10-22 04:00:00,0.37863373548018026,1,4.5,430.67275138509876,dhaka_bangladesh
2022-10-22 05:00:00,0.3631814871784391,1,4.5,430.67275138509876,dhaka_bangladesh
2022-10-22 06:00:00,0.34835985351877646,1,4.5,430.67275138509876,dhaka_bangladesh
2022-10-22 07:00:00,0.3341430987752941,1,4.5,430.67275138509876,dhaka_bangladesh
2022-10-22 08:00:00,0.3205065375110394,1,4.5,430.67275138509876,dhaka_bangladesh
2022-10-22 09:00:00,0.3074264917151436,1,4.5,430.67275138509876,dhaka_bangladesh
2022-10-22 10:00:00,0.29488024968921556,1,4.5,430.67275138509876,dhaka_bangladesh
2022-10-22 11:00:00,0.28284602661160574,1,4.5,430.67275138509876,dhaka_bangladesh
2022-10-22 12:00:00,0.271302926711063,1,4.5,430.67275138509876,dhaka_bangladesh
2022-10-22 13:00:00,0.2602309069841048,1,4.5,430.67275138509876,dhaka_bangladesh
2022-10-22 14:00:00,0.24961074239310216,1,4.5,430.67275138509876,dhaka_bangladesh
2022-10-22 15:00:00,0.23942399248464857,1,4.5,430.67275138509876,dhaka_bangladesh
2022-10-22 16:00:00,0.22965296937025245,1,4.5,430.67275138509876,dhaka_bangladesh
2022-10-22 17:00:00,0.22028070701375402,0,0.0,500.0,dhaka_bangladesh
2022-10-22 18:00:00,0.2112909317721398,0,0.0,500.0,dhaka_bangladesh
2022-10-22 19:00:00,0.20266803413860274,0,0.0,500.0,dhaka_bangladesh
2022-10-22 20:00:00,0.19439704163878266,0,0.0,500.0,dhaka_bangladesh
2022-10-22 21:00:00,0.18646359283312644,0,0.0,500.0,dhaka_bangladesh
2022-10-22 22:00:00,0.17885391238022597,0,0.0,500.0,dhaka_bangladesh
2022-10-22 23:00:00,0.17155478711783434,0,0.0,500.0,dhaka_bangladesh
2022-10-23 00:00:00,0.16455354312002926,0,0.0,500.0,dhaka_bangladesh
2022-10-23 01:00:00,0.15783802369068603,0,0.0,500.0,dhaka_bangladesh
2022-10-23 02:00:00,0.15139656825504844,0,0.0,500.0,dhaka_bangladesh
2022-10-23 03:00:00,0.14521799211274652,0,0.0,500.0,dhaka_bangladesh
2022-10-23 04:00:00,0.13929156701710443,0,0.0,500.0,dhaka_bangladesh
2022-10-23 05:00:00,0.13360700254701752,0,0.0,500.0,dhaka_bangladesh
2022-10-23 06:00:00,0.128154428239053,0,0.0,500.0,dhaka_bangladesh
2022-10-23 07:00:00,0.12292437644874926,0,0.0,500.0,dhaka_bangladesh
2022-10-23 08:00:00,0.11790776591135514,0,0.0,500.0,dhaka_bangladesh
2022-10-23 09:00:00,0.11309588597346408,0,0.0,500.0,dhaka_bangladesh
2022-10-23 10:00:00,0.10848038146816401,0,0.0,500.0,dhaka_bangladesh
2022-10-23 11:00:00,0.10405323820744045,0,0.0,500.0,dhaka_bangladesh
2022-10-23 12:00:00,0.09980676906664263,0,0.0,500.0,dhaka_bangladesh
2022-10-23 13:00:00,0.09573360063685009,0,0.0,500.0,dhaka_bangladesh
2022-10-23 14:00:00,0.09182666042196327,0,0.0,500.0,dhaka_bangladesh
2022-10-23 15:00:00,0.08807916455828814,0,0.0,500.0,dhaka_bangladesh
2022-10-23 16:00:00,0.08448460603529084,0,0.0,500.0,dhaka_bangladesh
2022-10-23 17:00:00,0.08103674339707008,0,0.0,500.0,dhaka_bangladesh
2022-10-23 18:00:00,0.07772958990492813,0,0.0,500.0,dhaka_bangladesh
2022-10-23 19:00:00,0.07455740314222399,0,0.0,500.0,dhaka_bangladesh
2022-10-23 20:00:00,0.071514675043457,0,0.0,500.0,dhaka_bangladesh
2022-10-23 21:00:00,0.06859612233026992,0,0.0,500.0,dhaka_bangladesh
2022-10-23 22:00:00,0.06579667733776365,0,0.0,500.0,dhaka_bangladesh
2022-10-23 23:00:00,0.06311147921519464,0,0.0,500.0,dhaka_bangladesh
2022-10-24 00:00:00,0.060535865485777204,0,0.0,500.0,dhaka_bangladesh
2022-10-24 01:00:00,0.058065363950934465,0,0.0,500.0,dhaka_bangladesh
2022-10-24 02:00:00,0.055695684924941355,0,0.0,500.0,dhaka_bangladesh
2022-10-24 03:00:00,0.0534227137864761,0,0.0,500.0,dhaka_bangladesh
2022-10-24 04:00:00,0.051242503834146885,0,0.0,500.0,dhaka_bangladesh
2022-10-24 05:00:00,0.049151269433588295,0,0.0,500.0,dhaka_bangladesh
2022-10-24 06:00:00,0.047145379444228516,0,0.0,500.0,dhaka_bangladesh
2022-10-24 07:00:00,0.04522135091431388,0,0.0,500.0,dhaka_bangladesh
2022-10-24 08:00:00,0.04337584303324256,0,0.0,500.0,dhaka_bangladesh
2022-10-24 09:00:00,0.04160565133070712,0,0.0,500.0,dhaka_bangladesh
2022-10-24 10:00:00,0.03990770211257306,0,0.0,500.0,dhaka_bangladesh
2022-10-24 11:00:00,0.03827904712383216,0,0.0,500.0,dhaka_bangladesh
2022-10-24 12:00:00,0.03671685842936368,0,0.0,500.0,dhaka_bangladesh
2022-10-24 13:00:00,0.03521842350361444,0,0.0,500.0,dhaka_bangladesh
2022-10-24 14:00:00,0.03378114052067165,0,0.0,500.0,dhaka_bangladesh
2022-10-24 15:00:00,0.032402513836550545,0,0.0,500.0,dhaka_bangladesh
2022-10-24 16:00:00,0.03108014965585226,0,0.0,500.0,dhaka_bangladesh
2022-10-24 17:00:00,0.029811751875267696,0,0.0,500.0,dhaka_bangladesh
2022-10-24 18:00:00,0.028595118096710354,0,0.0,500.0,dhaka_bangladesh
2022-10-24 19:00:00,0.027428135803155302,0,0.0,500.0,dhaka_bangladesh
2022-10-24 20:00:00,0.026308778690544248,0,0.0,500.0,dhaka_bangladesh
2022-10-24 21:00:00,0.02523510314938759,0,0.0,500.0,dhaka_bangladesh
2022-10-24 22:00:00,0.02420524488995419,0,0.0,500.0,dhaka_bangladesh
2022-10-24 23:00:00,0.023217415705188905,0,0.0,500.0,dhaka_bangladesh
2022-10-25 00:00:00,0.02226990036573732,0,0.0,500.0,dhaka_bangladesh
2022-10-25 01:00:00,0.021361053641686185,0,0.0,500.0,dhaka_bangladesh
2022-10-25 02:00:00,0.02048929744584815,0,0.0,500.0,dhaka_bangladesh
2022-10-25 03:00:00,0.019653118093630732,0,0.0,500.0,dhaka_bangladesh
2022-10-25 04:00:00,0.018851063674731446,0,0.0,500.0,dhaka_bangladesh
2022-10-25 05:00:00,0.018081741532095453,0,0.0,500.0,dhaka_bangladesh
2022-10-25 06:00:00,0.017343815843758388,0,0.0,500.0,dhaka_bangladesh
2022-10-25 07:00:00,0.016636005303375483,0,0.0,500.0,dhaka_bangladesh
2022-10-25 08:00:00,0.015957080895409474,0,0.0,500.0,dhaka_bangladesh
2022-10-25 09:00:00,0.015305863761114412,0,0.0,500.0,dhaka_bangladesh
2022-10-25 10:00:00,0.014681223151609765,0,0.0,500.0,dhaka_bangladesh
2022-10-25 11:00:00,0.014082074464490685,0,0.0,500.0,dhaka_bangladesh
2022-10-25 12:00:00,0.013507377360565275,0,0.0,500.0,dhaka_bangladesh
2022-10-25 13:00:00,0.01295613395744887,0,0.0,500.0,dhaka_bangladesh
2022-10-25 14:00:00,0.012427387096878652,0,0.0,500.0,dhaka_bangladesh
2022-10-25 15:00:00,0.011920218682740142,0,0.0,500.0,dhaka_bangladesh
2022-10-25 16:00:00,0.011433748086919724,0,0.0,500.0,dhaka_bangladesh
2022-10-25 17:00:00,0.010967130620215173,0,0.0,500.0,dhaka_bangladesh
2022-10-25 18:00:00,0.010519556065649206,0,0.0,500.0,dhaka_bangladesh
2022-10-25 19:00:00,0.0100902472716392,0,0.0,500.0,dhaka_bangladesh
2022-10-25 20:00:00,0.009678458802580565,0,0.0,500.0,dhaka_bangladesh
2022-10-25 21:00:00,0.009283475644500416,0,0.0,500.0,dhaka_bangladesh
2022-10-25 22:00:00,0.008904611963534259,0,0.0,500.0,dhaka_bangladesh
2022-10-25 23:00:00,0.00854120991506996,0,0.0,500.0,dhaka_bangladesh
2022-10-26 00:00:00,0.008192638501491148,0,0.0,500.0,dhaka_bangladesh
2022-10-26 01:00:00,0.007858292476536716,0,0.0,500.0,dhaka_bangladesh
2022-10-26 02:00:00,0.007537591294374074,0,0.0,500.0,dhaka_bangladesh
2022-10-26 03:00:00,0.00722997810156124,0,0.0,500.0,dhaka_bangladesh
2022-10-26 04:00:00,0.00693491877014748,0,0.0,500.0,dhaka_bangladesh
2022-10-26 05:00:00,0.006651900970233732,0,0.0,500.0,dhaka_bangladesh
2022-10-26 06:00:00,0.006380433280382247,0,0.0,500.0,dhaka_bangladesh
2022-10-26 07:00:00,0.006120044334330923,0,0.0,500.0,dhaka_bangladesh
2022-10-26 08:00:00,0.0058702820025307335,0,0.0,500.0,dhaka_bangladesh
2022-10-26 09:00:00,0.0056307126070850025,0,0.0,500.0,dhaka_bangladesh
2022-10-26 10:00:00,0.005400920168727442,0,0.0,500.0,dhaka_bangladesh
2022-10-26 11:00:00,0.005180505684531469,0,0.0,500.0,dhaka_bangladesh
2022-10-26 12:00:00,0.004969086435096546,0,0.0,500.0,dhaka_bangladesh
2022-10-26 13:00:00,0.004766295320008638,0,0.0,500.0,dhaka_bangladesh
2022-10-26 14:00:00,0.004571780220420911,0,0.0,500.0,dhaka_bangladesh
2022-10-26 15:00:00,0.004385203387647832,0,0.0,500.0,dhaka_bangladesh
2022-10-26 16:00:00,0.004206240856711076,0,0.0,500.0,dhaka_bangladesh
2022-10-26 17:00:00,0.004034581883818973,0,0.0,500.0,dhaka_bangladesh
2022-10-26 18:00:00,0.003869928406802686,0,0.0,500.0,dhaka_bangladesh
2022-10-26 19:00:00,0.0037119945275723,0,0.0,500.0,dhaka_bangladesh
2022-10-26 20:00:00,0.0035605060156941645,0,0.0,500.0,dhaka_bangladesh
2022-10-26 21:00:00,0.003415199832227509,0,0.0,500.0,dhaka_bangladesh
2022-10-26 22:00:00,0.0032758236729935226,0,0.0,500.0,dhaka_bangladesh
2022-10-26 23:00:00,0.0031421355304839193,0,0.0,500.0,dhaka_bangladesh
2022-10-27 00:00:00,0.0030139032736482066,0,0.0,500.0,dhaka_bangladesh
2022-10-27 01:00:00,0.002890904244830074,0,0.0,500.0,dhaka_bangladesh
2022-10-27 02:00:00,0.002772924873153063,0,0.0,500.0,dhaka_bangladesh
2022-10-27 03:00:00,0.002659760303684112,0,0.0,500.0,dhaka_bangladesh
2022-10-27 04:00:00,0.002551214041731199,0,0.0,500.0,dhaka_bangladesh
2022-10-27 05:00:00,0.0024470976116573607,0,0.0,500.0,dhaka_bangladesh
2022-10-27 06:00:00,0.0023472302296186917,0,0.0,500.0,dhaka_bangladesh
2022-10-27 07:00:00,0.00225143848965811,0,0.0,500.0,dhaka_bangladesh
2022-10-27 08:00:00,0.0021595560626097815,0,0.0,500.0,dhaka_bangladesh
2022-10-27 09:00:00,0.0020714234072914243,0,0.0,500.0,dhaka_bangladesh
2022-10-27 10:00:00,0.0019868874934830215,0,0.0,500.0,dhaka_bangladesh
2022-10-27 11:00:00,0.001905801536210917,0,0.0,500.0,dhaka_bangladesh
2022-10-27 12:00:00,0.0018280247408759105,0,0.0,500.0,dhaka_bangladesh
2022-10-27 13:00:00,0.001753422058782837,0,0.0,500.0,dhaka_bangladesh
2022-10-27 14:00:00,0.0016818639526470977,0,0.0,500.0,dhaka_bangladesh
2022-10-27 15:00:00,0.0016132261716709988,0,0.0,500.0,dhaka_bangladesh
2022-10-27 16:00:00,0.001547389535799358,0,0.0,500.0,dhaka_bangladesh
2022-10-27 17:00:00,0.0014842397287797482,0,0.0,500.0,dhaka_bangladesh
2022-10-27 18:00:00,0.0014236670996680611,0,0.0,500.0,dhaka_bangladesh
2022-10-27 19:00:00,0.0013655664724347484,0,0.0,500.0,dhaka_bangladesh
2022-10-27 20:00:00,0.0013098369633411276,0,0.0,500.0,dhaka_bangladesh
2022-10-27 21:00:00,0.0012563818057686582,0,0.0,500.0,dhaka_bangladesh
2022-10-27 22:00:00,0.0012051081821970377,0,0.0,500.0,dhaka_bangladesh
2022-10-27 23:00:00,0.0011559270630393578,0,0.0,500.0,dhaka_bangladesh
2022-10-28 00:00:00,0.0011087530520544817,0,0.0,500.0,dhaka_bangladesh
2022-10-28 01:00:00,0.0010635042380682381,0,0.0,500.0,dhaka_bangladesh
2022-10-28 02:00:00,0.0010201020527459415,0,0.0,500.0,dhaka_bangladesh
2022-10-28 03:00:00,0.0009784711341692968,0,0.0,500.0,dhaka_bangladesh
2022-10-28 04:00:00,0.0009385391959808101,0,0.0,500.0,dhaka_bangladesh
2022-10-28 05:00:00,0.0009002369018684809,0,0.0,500.0,dhaka_bangladesh
2022-10-28 06:00:00,0.0008634977451728405,0,0.0,500.0,dhaka_bangladesh
2022-10-28 07:00:00,0.0008282579334073015,0,0.0,500.0,dhaka_bangladesh
2022-10-28 08:00:00,0.0007944562774912868,0,0.0,500.0,dhaka_bangladesh
2022-10-28 09:00:00,0.000762034085503814,0,0.0,500.0,dhaka_bangladesh
2022-10-28 10:00:00,0.0007309350607730618,0,0.0,500.0,dhaka_bangladesh
2022-10-28 11:00:00,0.0007011052041249484,0,0.0,500.0,dhaka_bangladesh
2022-10-28 12:00:00,0.0006724927201210007,0,0.0,500.0,dhaka_bangladesh
2022-10-28 13:00:00,0.00064504792712271,0,0.0,500.0,dhaka_bangladesh
2022-10-28 14:00:00,0.0006187231710262075,0,0.0,500.0,dhaka_bangladesh
2022-10-28 15:00:00,0.0005934727425174723,0,0.0,500.0,dhaka_bangladesh
2022-10-28 16:00:00,0.0005692527977044055,0,0.0,500.0,dhaka_bangladesh
2022-10-28 17:00:00,0.000546021281987947,0,0.0,500.0,dhaka_bangladesh
2022-10-28 18:00:00,0.0005237378570400544,0,0.0,500.0,dhaka_bangladesh
2022-10-28 19:00:00,0.000502363830761753,0,0.0,500.0,dhaka_bangladesh
2022-10-28 20:00:00,0.00048186209009963316,0,0.0,500.0,dhaka_bangladesh
2022-10-28 21:00:00,0.00046219703660414156,0,0.0,500.0,dhaka_bangladesh
2022-10-28 22:00:00,0.00044333452461777894,0,0.0,500.0,dhaka_bangladesh
2022-10-28 23:00:00,0.00042524180198586544,0,0.0,500.0,dhaka_bangladesh
2022-10-29 00:00:00,0.00040788745318693384,0,0.0,500.0,dhaka_bangladesh
2022-10-29 01:00:00,0.000391241344784004,0,0.0,500.0,dhaka_bangladesh
2022-10-29 02:00:00,0.0003752745731020181,0,0.0,500.0,dhaka_bangladesh
2022-10-29 03:00:00,0.00035995941404058825,0,0.0,500.0,dhaka_bangladesh
2022-10-29 04:00:00,0.0003452692749349152,0,0.0,500.0,dhaka_bangladesh
2022-10-29 05:00:00,0.00033117864838128736,0,0.0,500.0,dhaka_bangladesh
2022-10-29 06:00:00,0.7213329042726563,1,4.4,416.82508981622556,dhaka_bangladesh
2022-10-29 07:00:00,0.691894916844247,1,4.4,416.82508981622556,dhaka_bangladesh
2022-10-29 08:00:00,0.6636583096644056,1,4.4,416.82508981622556,dhaka_bangladesh
2022-10-29 09:00:00,0.6365740537529696,1,4.4,416.82508981622556,dhaka_bangladesh
2022-10-29 10:00:00,0.6105951210290741,1,4.4,416.82508981622556,dhaka_bangladesh
2022-10-29 11:00:00,0.5856764026533662,1,4.4,416.82508981622556,dhaka_bangladesh
2022-10-29 12:00:00,0.5617746307027155,1,4.4,416.82508981622556,dhaka_bangladesh
2022-10-29 13:00:00,0.5388483030414242,1,4.4,416.82508981622556,dhaka_bangladesh
2022-10-29 14:00:00,0.5168576112584841,1,4.4,416.82508981622556,dhaka_bangladesh
2022-10-29 15:00:00,0.49576437154575126,1,4.4,416.82508981622556,dhaka_bangladesh
2022-10-29 16:00:00,0.4755319583970223,1,4.4,416.82508981622556,dhaka_bangladesh
2022-10-29 17:00:00,0.45612524101288504,1,4.4,416.82508981622556,dhaka_bangladesh
2022-10-29 18:00:00,0.43751052230092397,1,4.4,416.82508981622556,dhaka_bangladesh
2022-10-29 19:00:00,0.41965548036535877,1,4.4,416.82508981622556,dhaka_bangladesh
2022-10-29 20:00:00,0.40252911238452316,1,4.4,416.82508981622556,dhaka_bangladesh
2022-10-29 21:00:00,0.38610168077873397,1,4.4,416.82508981622556,dhaka_bangladesh
2022-10-29 22:00:00,0.37034466157507956,1,4.4,416.82508981622556,dhaka_bangladesh
2022-10-29 23:00:00,0.3552306948794681,1,4.4,416.82508981622556,dhaka_bangladesh
2022-10-30 00:00:00,0.340733537369939,1,4.4,416.82508981622556,dhaka_bangladesh
2022-10-30 01:00:00,0.32682801672874795,1,4.4,416.82508981622556,dhaka_bangladesh
2022-10-30 02:00:00,0.3134899879341041,1,4.4,416.82508981622556,dhaka_bangladesh
2022-10-30 03:00:00,0.30069629133566356,1,4.4,416.82508981622556,dhaka_bangladesh
2022-10-30 04:00:00,0.28842471244098644,1,4.4,416.82508981622556,dhaka_bangladesh
2022-10-30 05:00:00,0.2766539433431291,1,4.4,416.82508981622556,dhaka_bangladesh
2022-10-30 06:00:00,0.26536354572239823,0,0.0,500.0,dhaka_bangladesh
2022-10-30 07:00:00,0.2545339153580231,0,0.0,500.0,dhaka_bangladesh
2022-10-30 08:00:00,0.24414624808812554,0,0.0,500.0,dhaka_bangladesh
2022-10-30 09:00:00,0.2341825071588821,0,0.0,500.0,dhaka_bangladesh
2022-10-30 10:00:00,0.22462539190618505,0,0.0,500.0,dhaka_bangladesh
2022-10-30 11:00:00,0.21545830771542102,0,0.0,500.0,dhaka_bangladesh
2022-10-30 12:00:00,0.2066653372072083,0,0.0,500.0,dhaka_bangladesh
2022-10-30 13:00:00,0.19823121259905913,0,0.0,500.0,dhaka_bangladesh
2022-10-30 14:00:00,0.19014128919497772,0,0.0,500.0,dhaka_bangladesh
2022-10-30 15:00:00,2.348546124566165,1,4.2,239.44228307338628,dhaka_bangladesh
2022-10-30 16:00:00,2.2527006822183906,1,4.2,239.44228307338628,dhaka_bangladesh
2022-10-30 17:00:00,2.1607667444064433,1,4.2,239.44228307338628,dhaka_bangladesh
2022-10-30 18:00:00,2.0725846805066954,1,4.2,239.44228307338628,dhaka_bangladesh
2022-10-30 19:00:00,1.9880013745079348,1,4.2,239.44228307338628,dhaka_bangladesh
2022-10-30 20:00:00,1.9068699591464864,1,4.2,239.44228307338628,dhaka_bangladesh
2022-10-30 21:00:00,1.8290495608914428,1,4.2,239.44228307338628,dhaka_bangladesh
2022-10-30 22:00:00,1.7544050553371704,1,4.2,239.44228307338628,dhaka_bangladesh
2022-10-30 23:00:00,1.6828068325783885,1,4.2,239.44228307338628,dhaka_bangladesh
2022-10-31 00:00:00,1.6141305721604124,1,4.2,239.44228307338628,dhaka_bangladesh
2022-10-31 01:00:00,1.5482570272138088,1,4.2,239.44228307338628,dhaka_bangladesh
2022-10-31 02:00:00,1.4850718173986215,1,4.2,239.44228307338628,dhaka_bangladesh
2022-10-31 03:00:00,1.4244652302986647,1,4.2,239.44228307338628,dhaka_bangladesh
2022-10-31 04:00:00,1.3663320309210198,1,4.2,239.44228307338628,dhaka_bangladesh
2022-10-31 05:00:00,1.310571278969959,1,4.2,239.44228307338628,dhaka_bangladesh
2022-10-31 06:00:00,1.2570861535780238,1,4.2,239.44228307338628,dhaka_bangladesh
2022-10-31 07:00:00,1.2057837851899194,1,4.2,239.44228307338628,dhaka_bangladesh
2022-10-31 08:00:00,1.1565750943073208,1,4.2,239.44228307338628,dhaka_bangladesh
2022-10-31 09:00:00,1.1093746368145894,1,4.2,239.44228307338628,dhaka_bangladesh
2022-10-31 10:00:00,1.0641004556168332,1,4.2,239.44228307338628,dhaka_bangladesh
2022-10-31 11:00:00,1.0206739383326968,1,4.2,239.44228307338628,dhaka_bangladesh
2022-10-31 12:00:00,0.9790196807947855,1,4.2,239.44228307338628,dhaka_bangladesh
2022-10-31 13:00:00,0.9390653561207121,1,4.2,239.44228307338628,dhaka_bangladesh
2022-10-31 14:00:00,0.9007415891274252,1,4.2,239.44228307338628,dhaka_bangladesh
2022-10-31 15:00:00,0.8639818358707575,0,0.0,500.0,dhaka_bangladesh
2022-10-31 16:00:00,0.8287222681010283,0,0.0,500.0,dhaka_bangladesh
2022-10-31 17:00:00,0.794901662434079,0,0.0,500.0,dhaka_bangladesh
2022-10-31 18:00:00,0.762461294045296,0,0.0,500.0,dhaka_bangladesh
2022-10-31 19:00:00,0.7313448347020383,0,0.0,500.0,dhaka_bangladesh
2022-10-31 20:00:00,0.7014982549574205,0,0.0,500.0,dhaka_bangladesh
2022-10-31 21:00:00,0.6728697303356161,0,0.0,500.0,dhaka_bangladesh
2022-10-31 22:00:00,0.6454095513457917,0,0.0,500.0,dhaka_bangladesh
2022-10-31 23:00:00,0.6190700371684225,0,0.0,500.0,dhaka_bangladesh
2022-11-01 00:00:00,0.5938054528641131,0,0.0,500.0,dhaka_bangladesh
2022-11-01 01:00:00,0.5695719299611747,0,0.0,500.0,dhaka_bangladesh
2022-11-01 02:00:00,0.5463273902840631,0,0.0,500.0,dhaka_bangladesh
2022-11-01 03:00:00,0.5240314728904228,0,0.0,500.0,dhaka_bangladesh
2022-11-01 04:00:00,0.5026454639898665,0,0.0,500.0,dhaka_bangladesh
2022-11-01 05:00:00,0.482132229722811,0,0.0,500.0,dhaka_bangladesh
2022-11-01 06:00:00,0.46245615168264137,0,0.0,500.0,dhaka_bangladesh
2022-11-01 07:00:00,0.44358306506925405,0,0.0,500.0,dhaka_bangladesh
2022-11-01 08:00:00,0.42548019936658527,0,0.0,500.0,dhaka_bangladesh
2022-11-01 09:00:00,0.4081161214411229,0,0.0,500.0,dhaka_bangladesh
2022-11-01 10:00:00,0.39146068096259773,0,0.0,500.0,dhaka_bangladesh
2022-11-01 11:00:00,0.3754849580520877,0,0.0,500.0,dhaka_bangladesh
2022-11-01 12:00:00,0.36016121306662946,0,0.0,500.0,dhaka_bangladesh
2022-11-01 13:00:00,0.34546283843314907,0,0.0,500.0,dhaka_bangladesh
2022-11-01 14:00:00,0.3313643124480742,0,0.0,500.0,dhaka_bangladesh
2022-11-01 15:00:00,0.3178411549624111,0,0.0,500.0,dhaka_bangladesh
2022-11-01 16:00:00,0.30486988487533645,0,0.0,500.0,dhaka_bangladesh
2022-11-01 17:00:00,0.2924279793624995,0,0.0,500.0,dhaka_bangladesh
2022-11-01 18:00:00,0.2804938347682382,0,0.0,500.0,dhaka_bangladesh
2022-11-01 19:00:00,0.2690467290938066,0,0.0,500.0,dhaka_bangladesh
2022-11-01 20:00:00,0.25806678601647776,0,0.0,500.0,dhaka_bangladesh
2022-11-01 21:00:00,0.24753494037704546,0,0.0,500.0,dhaka_bangladesh
2022-11-01 22:00:00,0.23743290507580106,0,0.0,500.0,dhaka_bangladesh
2022-11-01 23:00:00,0.22774313931950324,0,0.0,500.0,dhaka_bangladesh
2022-11-02 00:00:00,0.21844881816420514,0,0.0,500.0,dhaka_bangladesh
2022-11-02 01:00:00,0.2095338033010567,0,0.0,500.0,dhaka_bangladesh
2022-11-02 02:00:00,0.20098261503435355,0,0.0,500.0,dhaka_bangladesh
2022-11-02 03:00:00,0.19278040540317654,0,0.0,500.0,dhaka_bangladesh
2022-11-02 04:00:00,0.1849129323999524,0,0.0,500.0,dhaka_bangladesh
2022-11-02 05:00:00,0.17736653524116916,0,0.0,500.0,dhaka_bangladesh
2022-11-02 06:00:00,0.1701281106473059,0,0.0,500.0,dhaka_bangladesh
2022-11-02 07:00:00,0.16318509009079268,0,0.0,500.0,dhaka_bangladesh
2022-11-02 08:00:00,0.15652541797249325,0,0.0,500.0,dhaka_bangladesh
2022-11-02 09:00:00,0.15013753068881677,0,0.0,500.0,dhaka_bangladesh
2022-11-02 10:00:00,0.1440103365531127,0,0.0,500.0,dhaka_bangladesh
2022-11-02 11:00:00,0.1381331965364845,0,0.0,500.0,dhaka_bangladesh
2022-11-02 12:00:00,0.13249590579458045,0,0.0,500.0,dhaka_bangladesh
2022-11-02 13:00:00,0.1270886759482871,0,0.0,500.0,dhaka_bangladesh
2022-11-02 14:00:00,0.12190211808755669,0,0.0,500.0,dhaka_bangladesh
2022-11-02 15:00:00,0.11692722646885759,0,0.0,500.0,dhaka_bangladesh
2022-11-02 16:00:00,0.11215536287794074,0,0.0,500.0,dhaka_bangladesh
2022-11-02 17:00:00,0.10757824163077036,0,0.0,500.0,dhaka_bangladesh
2022-11-02 18:00:00,0.10318791518657434,0,0.0,500.0,dhaka_bangladesh
2022-11-02 19:00:00,0.09897676034803402,0,0.0,500.0,dhaka_bangladesh
2022-11-02 20:00:00,0.09493746502465203,0,0.0,500.0,dhaka_bangladesh
2022-11-02 21:00:00,0.0910630155363138,0,0.0,500.0,dhaka_bangladesh
2022-11-02 22:00:00,0.08734668443499782,0,0.0,500.0,dhaka_bangladesh
2022-11-02 23:00:00,0.08378201882348878,0,0.0,500.0,dhaka_bangladesh
2022-11-03 00:00:00,0.0803628291508098,0,0.0,500.0,dhaka_bangladesh
2022-11-03 01:00:00,0.07708317846491965,0,0.0,500.0,dhaka_bangladesh
2022-11-03 02:00:00,0.07393737210401312,0,0.0,500.0,dhaka_bangladesh
2022-11-03 03:00:00,0.07091994780852469,0,0.0,500.0,dhaka_bangladesh
2022-11-03 04:00:00,0.0680256662366672,0,0.0,500.0,dhaka_bangladesh
2022-11-03 05:00:00,0.06524950186703625,0,0.0,500.0,dhaka_bangladesh
2022-11-03 06:00:00,0.06258663427248419,0,0.0,500.0,dhaka_bangladesh
2022-11-03 07:00:00,0.06003243975011229,0,0.0,500.0,dhaka_bangladesh
2022-11-03 08:00:00,0.05758248329284725,0,0.0,500.0,dhaka_bangladesh
2022-11-03 09:00:00,0.05523251088866219,0,0.0,500.0,dhaka_bangladesh
2022-11-03 10:00:00,0.052978442134070436,0,0.0,500.0,dhaka_bangladesh
2022-11-03 11:00:00,0.05081636314906692,0,0.0,500.0,dhaka_bangladesh
2022-11-03 12:00:00,0.04874251978121432,0,0.0,500.0,dhaka_bangladesh
2022-11-03 13:00:00,0.04675331108707439,0,0.0,500.0,dhaka_bangladesh
2022-11-03 14:00:00,0.04484528307966553,0,0.0,500.0,dhaka_bangladesh
2022-11-03 15:00:00,0.04301512273109,0,0.0,500.0,dhaka_bangladesh
2022-11-03 16:00:00,0.04125965221991719,0,0.0,500.0,dhaka_bangladesh
2022-11-03 17:00:00,0.039575823413334196,0,0.0,500.0,dhaka_bangladesh
2022-11-03 18:00:00,0.03796071257448315,0,0.0,500.0,dhaka_bangladesh
2022-11-03 19:00:00,0.03641151528579453,0,0.0,500.0,dhaka_bangladesh
2022-11-03 20:00:00,0.03492554157950234,0,0.0,500.0,dhaka_bangladesh
2022-11-03 21:00:00,0.033500211266885474,0,0.0,500.0,dhaka_bangladesh
2022-11-03 22:00:00,0.03213304945812532,0,0.0,500.0,dhaka_bangladesh
2022-11-03 23:00:00,0.03082168226500031,0,0.0,500.0,dhaka_bangladesh
2022-11-04 00:00:00,0.029563832678955994,0,0.0,500.0,dhaka_bangladesh
2022-11-04 01:00:00,0.028357316617393217,0,0.0,500.0,dhaka_bangladesh
2022-11-04 02:00:00,0.027200039131309327,0,0.0,500.0,dhaka_bangladesh
2022-11-04 03:00:00,0.026089990767707905,0,0.0,500.0,dhaka_bangladesh
2022-11-04 04:00:00,0.02502524408046019,0,0.0,500.0,dhaka_bangladesh
2022-11-04 05:00:00,0.024003950283560272,0,0.0,500.0,dhaka_bangladesh
2022-11-04 06:00:00,0.023024336040962916,0,0.0,500.0,dhaka_bangladesh
2022-11-04 07:00:00,0.022084700387429598,0,0.0,500.0,dhaka_bangladesh
2022-11-04 08:00:00,0.02118341177503656,0,0.0,500.0,dhaka_bangladesh
2022-11-04 09:00:00,0.020318905240216643,0,0.0,500.0,dhaka_bangladesh
2022-11-04 10:00:00,0.019489679686415438,0,0.0,500.0,dhaka_bangladesh
2022-11-04 11:00:00,0.018694295277643814,0,0.0,500.0,dhaka_bangladesh
2022-11-04 12:00:00,0.017931370938401088,0,0.0,500.0,dhaka_bangladesh
2022-11-04 13:00:00,0.01719958195562753,0,0.0,500.0,dhaka_bangladesh
2022-11-04 14:00:00,0.016497657678522494,0,0.0,500.0,dhaka_bangladesh
2022-11-04 15:00:00,0.015824379312234394,0,0.0,500.0,dhaka_bangladesh
2022-11-04 16:00:00,0.015178577801591191,0,0.0,500.0,dhaka_bangladesh
2022-11-04 17:00:00,0.014559131801197068,0,0.0,500.0,dhaka_bangladesh
2022-11-04 18:00:00,0.0139649657283706,0,0.0,500.0,dhaka_bangladesh
2022-11-04 19:00:00,0.013395047895543525,0,0.0,500.0,dhaka_bangladesh
2022-11-04 20:00:00,0.012848388718877293,0,0.0,500.0,dhaka_bangladesh
2022-11-04 21:00:00,0.012324038999987083,0,0.0,500.0,dhaka_bangladesh
2022-11-04 22:00:00,0.011821088277789464,0,0.0,500.0,dhaka_bangladesh
2022-11-04 23:00:00,0.011338663247612067,0,0.0,500.0,dhaka_bangladesh
2022-11-05 00:00:00,0.010875926244820354,0,0.0,500.0,dhaka_bangladesh
2022-11-05 01:00:00,0.01043207379032827,0,0.0,500.0,dhaka_bangladesh
2022-11-05 02:00:00,0.010006335195467439,0,0.0,500.0,dhaka_bangladesh
2022-11-05 03:00:00,0.009597971223792473,0,0.0,500.0,dhaka_bangladesh
2022-11-05 04:00:00,0.009206272807498637,0,0.0,500.0,dhaka_bangladesh
2022-11-05 05:00:00,0.008830559816223238,0,0.0,500.0,dhaka_bangladesh
2022-11-05 06:00:00,0.008470179876092936,0,0.0,500.0,dhaka_bangladesh
2022-11-05 07:00:00,0.008124507236966335,0,0.0,500.0,dhaka_bangladesh
2022-11-05 08:00:00,0.0077929416859050015,0,0.0,500.0,dhaka_bangladesh
2022-11-05 09:00:00,0.007474907504986388,0,0.0,500.0,dhaka_bangladesh
2022-11-05 10:00:00,0.007169852471648921,0,0.0,500.0,dhaka_bangladesh
2022-11-05 11:00:00,0.006877246899833538,0,0.0,500.0,dhaka_bangladesh
2022-11-05 12:00:00,0.006596582720256834,0,0.0,500.0,dhaka_bangladesh
2022-11-05 13:00:00,0.006327372598218678,0,0.0,500.0,dhaka_bangladesh
2022-11-05 14:00:00,0.0060691490874126095,0,0.0,500.0,dhaka_bangladesh
2022-11-05 15:00:00,0.005821463818269721,0,0.0,500.0,dhaka_bangladesh
2022-11-05 16:00:00,0.005583886719426627,0,0.0,500.0,dhaka_bangladesh
2022-11-05 17:00:00,0.005356005270965751,0,0.0,500.0,dhaka_bangladesh
2022-11-05 18:00:00,0.00513742378813132,0,0.0,500.0,dhaka_bangladesh
2022-11-05 19:00:00,0.004927762734277256,0,0.0,500.0,dhaka_bangladesh
2022-11-05 20:00:00,0.004726658061854043,0,0.0,500.0,dhaka_bangladesh
2022-11-05 21:00:00,0.004533760580290309,0,0.0,500.0,dhaka_bangladesh
2022-11-05 22:00:00,0.004348735349671475,0,0.0,500.0,dhaka_bangladesh
2022-11-05 23:00:00,0.0041712610991627,0,0.0,500.0,dhaka_bangladesh
2022-11-06 00:00:00,0.004001029669166336,0,0.0,500.0,dhaka_bangladesh
2022-11-06 01:00:00,0.003837745476245214,0,0.0,500.0,dhaka_bangladesh
2022-11-06 02:00:00,0.0036811249998826966,0,0.0,500.0,dhaka_bangladesh
2022-11-06 03:00:00,0.0035308962901883594,0,0.0,500.0,dhaka_bangladesh
2022-11-06 04:00:00,0.003386798495694445,0,0.0,500.0,dhaka_bangladesh
2022-11-06 05:00:00,0.003248581410423199,0,0.0,500.0,dhaka_bangladesh
2022-11-06 06:00:00,0.003116005039438666,0,0.0,500.0,dhaka_bangladesh
2022-11-06 07:00:00,0.0029888391821285146,0,0.0,500.0,dhaka_bangladesh
2022-11-06 08:00:00,0.0028668630324923698,0,0.0,500.0,dhaka_bangladesh
2022-11-06 09:00:00,0.0027498647957426127,0,0.0,500.0,dhaka_bangladesh
2022-11-06 10:00:00,0.0026376413205518898,0,0.0,500.0,dhaka_bangladesh
2022-11-06 11:00:00,0.0025299977463087964,0,0.0,500.0,dhaka_bangladesh
2022-11-06 12:00:00,0.002426747164769277,0,0.0,500.0,dhaka_bangladesh
2022-11-06 13:00:00,0.002327710295516184,0,0.0,500.0,dhaka_bangladesh
2022-11-06 14:00:00,0.0022327151746635195,0,0.0,500.0,dhaka_bangladesh
2022-11-06 15:00:00,0.002141596856264836,0,0.0,500.0,dhaka_bangladesh
2022-11-06 16:00:00,0.002054197125907306,0,0.0,500.0,dhaka_bangladesh
2022-11-06 17:00:00,0.00197036422599418,0,0.0,500.0,dhaka_bangladesh
2022-11-06 18:00:00,0.0018899525922386243,0,0.0,500.0,dhaka_bangladesh
2022-11-06 19:00:00,0.0018128226009113753,0,0.0,500.0,dhaka_bangladesh
2022-11-06 20:00:00,0.0017388403264033579,0,0.0,500.0,dhaka_bangladesh
2022-11-06 21:00:00,0.001667877308682313,0,0.0,500.0,dhaka_bangladesh
2022-11-06 22:00:00,0.001599810330239639,0,0.0,500.0,dhaka_bangladesh
2022-11-06 23:00:00,0.0015345212021401504,0,0.0,500.0,dhaka_bangladesh
2022-11-07 00:00:00,0.001471896558803272,0,0.0,500.0,dhaka_bangladesh
2022-11-07 01:00:00,0.0014118276611593198,0,0.0,500.0,dhaka_bangladesh
2022-11-07 02:00:00,0.0013542102078390723,0,0.0,500.0,dhaka_bangladesh
2022-11-07 03:00:00,0.0012989441540688124,0,0.0,500.0,dhaka_bangladesh
2022-11-07 04:00:00,0.0012459335379563538,0,0.0,500.0,dhaka_bangladesh
2022-11-07 05:00:00,0.0011950863138664224,0,0.0,500.0,dhaka_bangladesh
2022-11-07 06:00:00,0.0011463141925960943,0,0.0,500.0,dhaka_bangladesh
2022-11-07 07:00:00,0.001099532488072749,0,0.0,500.0,dhaka_bangladesh
2022-11-07 08:00:00,0.0010546599703083594,0,0.0,500.0,dhaka_bangladesh
2022-11-07 09:00:00,0.0010116187243548146,0,0.0,500.0,dhaka_bangladesh
2022-11-07 10:00:00,0.0009703340150153342,0,0.0,500.0,dhaka_bangladesh
2022-11-07 11:00:00,0.0009307341570770887,0,0.0,500.0,dhaka_bangladesh
2022-11-07 12:00:00,0.0008927503908397036,0,0.0,500.0,dhaka_bangladesh
2022-11-07 13:00:00,0.0008563167627235066,0,0.0,500.0,dhaka_bangladesh
2022-11-07 14:00:00,0.000821370010750215,0,0.0,500.0,dhaka_bangladesh
2022-11-07 15:00:00,0.0007878494546972259,0,0.0,500.0,dhaka_bangladesh
2022-11-07 16:00:00,0.000755696890734762,0,0.0,500.0,dhaka_bangladesh
2022-11-07 17:00:00,0.0007248564903629405,0,0.0,500.0,dhaka_bangladesh
2022-11-07 18:00:00,0.0006952747034732644,0,0.0,500.0,dhaka_bangladesh
2022-11-07 19:00:00,0.0006669001653662369,0,0.0,500.0,dhaka_bangladesh
2022-11-07 20:00:00,0.0006396836075636356,0,0.0,500.0,dhaka_bangladesh
2022-11-07 21:00:00,0.0006135777722605789,0,0.0,500.0,dhaka_bangladesh
2022-11-07 22:00:00,0.0005885373302688585,0,0.0,500.0,dhaka_bangladesh
2022-11-07 23:00:00,0.0005645188023090485,0,0.0,500.0,dhaka_bangladesh
2022-11-08 00:00:00,0.0005414804835147172,0,0.0,500.0,dhaka_bangladesh
2022-11-08 01:00:00,0.0005193823710176747,0,0.0,500.0,dhaka_bangladesh
2022-11-08 02:00:00,0.0004981860944885006,0,0.0,500.0,dhaka_bangladesh
2022-11-08 03:00:00,0.000477854849511747,0,0.0,500.0,dhaka_bangladesh
2022-11-08 04:00:00,0.0004583533336801411,0,0.0,500.0,dhaka_bangladesh
2022-11-08 05:00:00,0.00043964768529681847,0,0.0,500.0,dhaka_bangladesh
2022-11-08 06:00:00,0.0004217054245791447,0,0.0,500.0,dhaka_bangladesh
2022-11-08 07:00:00,0.6792894079006617,1,4.7,426.10582258311126,dhaka_bangladesh
2022-11-08 08:00:00,0.6515672383842236,1,4.7,426.10582258311126,dhaka_bangladesh
2022-11-08 09:00:00,0.6249764256558639,1,4.7,426.10582258311126,dhaka_bangladesh
2022-11-08 10:00:00,0.5994707984308576,1,4.7,426.10582258311126,dhaka_bangladesh
2022-11-08 11:00:00,0.5750060696996759,1,4.7,426.10582258311126,dhaka_bangladesh
2022-11-08 12:00:00,0.5515397598296915,1,4.7,426.10582258311126,dhaka_bangladesh
2022-11-08 13:00:00,0.5290311228051462,1,4.7,426.10582258311126,dhaka_bangladesh
2022-11-08 14:00:00,0.5074410754773061,1,4.7,426.10582258311126,dhaka_bangladesh
2022-11-08 15:00:00,0.48673212970195445,1,4.7,426.10582258311126,dhaka_bangladesh
2022-11-08 16:00:00,0.4668683272463923,1,4.7,426.10582258311126,dhaka_bangladesh
2022-11-08 17:00:00,0.4478151773529185,1,4.7,426.10582258311126,dhaka_bangladesh
2022-11-08 18:00:00,0.42953959685037835,1,4.7,426.10582258311126,dhaka_bangladesh
2022-11-08 19:00:00,0.41200985270979246,1,4.7,426.10582258311126,dhaka_bangladesh
2022-11-08 20:00:00,0.3951955069443218,1,4.7,426.10582258311126,dhaka_bangladesh
2022-11-08 21:00:00,0.37906736375789474,1,4.7,426.10582258311126,dhaka_bangladesh
2022-11-08 22:00:00,0.36359741885072727,1,4.7,426.10582258311126,dhaka_bangladesh
2022-11-08 23:00:00,0.34875881079371307,1,4.7,426.10582258311126,dhaka_bangladesh
2022-11-09 00:00:00,0.3345257743872502,1,4.7,426.10582258311126,dhaka_bangladesh
2022-11-09 01:00:00,0.3208735959235206,1,4.7,426.10582258311126,dhaka_bangladesh
2022-11-09 02:00:00,0.3077785702745387,1,4.7,426.10582258311126,dhaka_bangladesh
2022-11-09 03:00:00,0.2952179597314615,1,4.7,426.10582258311126,dhaka_bangladesh
2022-11-09 04:00:00,0.283169954523688,1,4.7,426.10582258311126,dhaka_bangladesh
2022-11-09 05:00:00,0.27161363494919566,1,4.7,426.10582258311126,dhaka_bangladesh
2022-11-09 06:00:00,0.26052893505035857,1,4.7,426.10582258311126,dhaka_bangladesh
2022-11-09 07:00:00,0.2498966077721754,0,0.0,500.0,dhaka_bangladesh
2022-11-09 08:00:00,0.23969819154240815,0,0.0,500.0,dhaka_bangladesh
2022-11-09 09:00:00,0.22991597821560464,0,0.0,500.0,dhaka_bangladesh
2022-11-09 10:00:00,0.22053298232534232,0,0.0,500.0,dhaka_bangladesh
2022-11-09 11:00:00,0.21153291159130427,0,0.0,500.0,dhaka_bangladesh
2022-11-09 12:00:00,0.20290013862997844,0,0.0,500.0,dhaka_bangladesh
2022-11-09 13:00:00,0.1946196738198579,0,0.0,500.0,dhaka_bangladesh
2022-11-09 14:00:00,0.18667713927402707,0,0.0,500.0,dhaka_bangladesh
2022-11-09 15:00:00,0.17905874387494095,0,0.0,500.0,dhaka_bangladesh
2022-11-09 16:00:00,0.17175125932804888,0,0.0,500.0,dhaka_bangladesh
2022-11-09 17:00:00,0.164741997192682,0,0.0,500.0,dhaka_bangladesh
2022-11-09 18:00:00,0.15801878685032383,0,0.0,500.0,dhaka_bangladesh
2022-11-09 19:00:00,0.15156995437200674,0,0.0,500.0,dhaka_bangladesh
2022-11-09 20:00:00,0.14538430224814197,0,0.0,500.0,dhaka_bangladesh
2022-11-09 21:00:00,0.13945108994558614,0,0.0,500.0,dhaka_bangladesh
2022-11-09 22:00:00,0.1337600152581844,0,0.0,500.0,dhaka_bangladesh
2022-11-09 23:00:00,0.12830119641840793,0,0.0,500.0,dhaka_bangladesh
2022-11-10 00:00:00,0.12306515493902562,0,0.0,500.0,dhaka_bangladesh
2022-11-10 01:00:00,0.11804279915501593,0,0.0,500.0,dhaka_bangladesh
2022-11-10 02:00:00,0.11322540843714278,0,0.0,500.0,dhaka_bangladesh
2022-11-10 03:00:00,0.10860461804978341,0,0.0,500.0,dhaka_bangladesh
2022-11-10 04:00:00,0.10417240462671708,0,0.0,500.0,dhaka_bangladesh
2022-11-10 05:00:00,0.09992107223965424,0,0.0,500.0,dhaka_bangladesh
2022-11-10 06:00:00,0.0958432390353169,0,0.0,500.0,dhaka_bangladesh
2022-11-10 07:00:00,0.09193182441786697,0,0.0,500.0,dhaka_bangladesh
2022-11-10 08:00:00,0.08818003675442644,0,0.0,500.0,dhaka_bangladesh
2022-11-10 09:00:00,0.08458136158234218,0,0.0,500.0,dhaka_bangladesh
2022-11-10 10:00:00,0.08112955029771848,0,0.0,500.0,dhaka_bangladesh
2022-11-10 11:00:00,0.07781860930557712,0,0.0,500.0,dhaka_bangladesh
2022-11-10 12:00:00,0.07464278961280466,0,0.0,500.0,dhaka_bangladesh
2022-11-10 13:00:00,0.0715965768458177,0,0.0,500.0,dhaka_bangladesh
2022-11-10 14:00:00,0.06867468167561258,0,0.0,500.0,dhaka_bangladesh
2022-11-10 15:00:00,0.06587203063357373,0,0.0,500.0,dhaka_bangladesh
2022-11-10 16:00:00,0.06318375730209408,0,0.0,500.0,dhaka_bangladesh
2022-11-10 17:00:00,0.06060519386471117,0,0.0,500.0,dhaka_bangladesh
2022-11-10 18:00:00,0.05813186300108639,0,0.0,500.0,dhaka_bangladesh
2022-11-10 19:00:00,0.055759470112754846,0,0.0,500.0,dhaka_bangladesh
2022-11-10 20:00:00,0.05348389586614654,0,0.0,500.0,dhaka_bangladesh
2022-11-10 21:00:00,0.051301189039930785,0,0.0,500.0,dhaka_bangladesh
2022-11-10 22:00:00,0.04920755966426446,0,0.0,500.0,dhaka_bangladesh
2022-11-10 23:00:00,0.04719937244003137,0,0.0,500.0,dhaka_bangladesh
2022-11-11 00:00:00,0.0452731404266457,0,0.0,500.0,dhaka_bangladesh
2022-11-11 01:00:00,0.04342551898746006,0,0.0,500.0,dhaka_bangladesh
2022-11-11 02:00:00,0.9777458984347313,1,4.2,386.39742429358694,dhaka_bangladesh
2022-11-11 03:00:00,0.9378435575102965,1,4.2,386.39742429358694,dhaka_bangladesh
2022-11-11 04:00:00,0.8995696527816042,1,4.2,386.39742429358694,dhaka_bangladesh
2022-11-11 05:00:00,0.862857726883443,1,4.2,386.39742429358694,dhaka_bangladesh
2022-11-11 06:00:00,0.8276440346117546,1,4.2,386.39742429358694,dhaka_bangladesh
2022-11-11 07:00:00,0.7938674322388656,1,4.2,386.39742429358694,dhaka_bangladesh
2022-11-11 08:00:00,0.7614692713458231,1,4.2,386.39742429358694,dhaka_bangladesh
2022-11-11 09:00:00,0.730393296987491,1,4.2,386.39742429358694,dhaka_bangladesh
2022-11-11 10:00:00,0.700585550013585,1,4.2,386.39742429358694,dhaka_bangladesh
2022-11-11 11:00:00,0.6719942733760377,1,4.2,386.39742429358694,dhaka_bangladesh
2022-11-11 12:00:00,0.6445698222600112,1,4.2,386.39742429358694,dhaka_bangladesh
2022-11-11 13:00:00,0.6182645778825139,1,4.2,386.39742429358694,dhaka_bangladesh
2022-11-11 14:00:00,0.593032864808939,1,4.2,386.39742429358694,dhaka_bangladesh
2022-11-11 15:00:00,0.5688308716439631,1,4.2,386.39742429358694,dhaka_bangladesh
2022-11-11 16:00:00,0.5456165749590909,1,4.2,386.39742429358694,dhaka_bangladesh
2022-11-11 17:00:00,0.5233496663247577,1,4.2,386.39742429358694,dhaka_bangladesh
2022-11-11 18:00:00,0.501991482320293,1,4.2,386.39742429358694,dhaka_bangladesh
2022-11-11 19:00:00,0.48150493740021344,1,4.2,386.39742429358694,dhaka_bangladesh
2022-11-11 20:00:00,0.46185445950028026,1,4.2,386.39742429358694,dhaka_bangladesh
2022-11-11 21:00:00,0.4430059282715083,1,4.2,386.39742429358694,dhaka_bangladesh
2022-11-11 22:00:00,0.42492661583487784,1,4.2,386.39742429358694,dhaka_bangladesh
2022-11-11 23:00:00,0.4075851299538798,1,4.2,386.39742429358694,dhaka_bangladesh
2022-11-12 00:00:00,0.3909513595262195,1,4.2,386.39742429358694,dhaka_bangladesh
2022-11-12 01:00:00,0.37499642230003405,1,4.2,386.39742429358694,dhaka_bangladesh
2022-11-12 02:00:00,0.35969261472383873,0,0.0,500.0,dhaka_bangladesh
2022-11-12 03:00:00,0.3450133638431253,0,0.0,500.0,dhaka_bangladesh
2022-11-12 04:00:00,0.33093318116008497,0,0.0,500.0,dhaka_bangladesh
2022-11-12 05:00:00,0.3174276183763419,0,0.0,500.0,dhaka_bangladesh
2022-11-12 06:00:00,0.3044732249418502,0,0.0,500.0,dhaka_bangladesh
2022-11-12 07:00:00,0.29204750733624174,0,0.0,500.0,dhaka_bangladesh
2022-11-12 08:00:00,0.2801288900119267,0,0.0,500.0,dhaka_bangladesh
2022-11-12 09:00:00,0.26869667793112545,0,0.0,500.0,dhaka_bangladesh
2022-11-12 10:00:00,0.25773102063178527,0,0.0,500.0,dhaka_bangladesh
2022-11-12 11:00:00,0.24721287775998613,0,0.0,500.0,dhaka_bangladesh
2022-11-12 12:00:00,0.23712398600898887,0,0.0,500.0,dhaka_bangladesh
2022-11-12 13:00:00,0.2274468274075169,0,0.0,500.0,dhaka_bangladesh
2022-11-12 14:00:00,0.2181645989022119,0,0.0,500.0,dhaka_bangladesh
2022-11-12 15:00:00,0.20926118318144551,0,0.0,500.0,dhaka_bangladesh
2022-11-12 16:00:00,0.20072112068982667,0,0.0,500.0,dhaka_bangladesh
2022-11-12 17:00:00,0.19252958278481264,0,0.0,500.0,dhaka_bangladesh
2022-11-12 18:00:00,0.18467234598881332,0,0.0,500.0,dhaka_bangladesh
2022-11-12 19:00:00,0.17713576729208078,0,0.0,500.0,dhaka_bangladesh
2022-11-12 20:00:00,0.1699067604635016,0,0.0,500.0,dhaka_bangladesh
2022-11-12 21:00:00,0.1629727733281585,0,0.0,500.0,dhaka_bangladesh
2022-11-12 22:00:00,0.156321765972207,0,0.0,500.0,dhaka_bangladesh
2022-11-12 23:00:00,0.149942189837223,0,0.0,500.0,dhaka_bangladesh
2022-11-13 00:00:00,0.14382296766772124,0,0.0,500.0,dhaka_bangladesh
2022-11-13 01:00:00,0.13795347427702664,0,0.0,500.0,dhaka_bangladesh
2022-11-13 02:00:00,0.13232351809810067,0,0.0,500.0,dhaka_bangladesh
2022-11-13 03:00:00,0.1269233234872884,0,0.0,500.0,dhaka_bangladesh
2022-11-13 04:00:00,0.12174351375025966,0,0.0,500.0,dhaka_bangladesh
2022-11-13 05:00:00,0.11677509486067049,0,0.0,500.0,dhaka_bangladesh
2022-11-13 06:00:00,0.11200943984327465,0,0.0,500.0,dhaka_bangladesh
2022-11-13 07:00:00,0.10743827379436925,0,0.0,500.0,dhaka_bangladesh
2022-11-13 08:00:00,0.103053659513564,0,0.0,500.0,dhaka_bangladesh
2022-11-13 09:00:00,0.09884798372192544,0,0.0,500.0,dhaka_bangladesh
2022-11-13 10:00:00,0.09481394384256658,0,0.0,500.0,dhaka_bangladesh
2022-11-13 11:00:00,0.09094453532072776,0,0.0,500.0,dhaka_bangladesh
2022-11-13 12:00:00,0.08723303946133171,0,0.0,500.0,dhaka_bangladesh
2022-11-13 13:00:00,0.08367301176289478,0,0.0,500.0,dhaka_bangladesh
2022-11-13 14:00:00,0.08025827072753758,0,0.0,500.0,dhaka_bangladesh
2022-11-13 15:00:00,0.07698288712766503,0,0.0,500.0,dhaka_bangladesh
2022-11-13 16:00:00,0.07384117371067904,0,0.0,500.0,dhaka_bangladesh
2022-11-13 17:00:00,0.07082767532384782,0,0.0,500.0,dhaka_bangladesh
2022-11-13 18:00:00,0.06793715944218393,0,0.0,500.0,dhaka_bangladesh
2022-11-13 19:00:00,0.06516460708288534,0,0.0,500.0,dhaka_bangladesh
2022-11-13 20:00:00,0.06250520409056311,0,0.0,500.0,dhaka_bangladesh
2022-11-13 21:00:00,0.0599543327781231,0,0.0,500.0,dhaka_bangladesh
2022-11-13 22:00:00,0.05750756390878851,0,0.0,500.0,dhaka_bangladesh
2022-11-13 23:00:00,0.05516064900533992,0,0.0,500.0,dhaka_bangladesh
2022-11-14 00:00:00,0.05290951297321971,0,0.0,500.0,dhaka_bangladesh
2022-11-14 01:00:00,0.050750247024691525,0,0.0,500.0,dhaka_bangladesh
2022-11-14 02:00:00,0.04867910189176853,0,0.0,500.0,dhaka_bangladesh
2022-11-14 03:00:00,0.04669248131612586,0,0.0,500.0,dhaka_bangladesh
2022-11-14 04:00:00,0.04478693580469335,0,0.0,500.0,dhaka_bangladesh
2022-11-14 05:00:00,0.04295915664008564,0,0.0,500.0,dhaka_bangladesh
2022-11-14 06:00:00,0.041205970135470164,0,0.0,500.0,dhaka_bangladesh
2022-11-14 07:00:00,0.039524332123897,0,0.0,500.0,dhaka_bangladesh
2022-11-14 08:00:00,0.037911322672522035,0,0.0,500.0,dhaka_bangladesh
2022-11-14 09:00:00,0.03636414101254576,0,0.0,500.0,dhaka_bangladesh
2022-11-14 10:00:00,0.034880100676063924,0,0.0,500.0,dhaka_bangladesh
2022-11-14 11:00:00,0.03345662483138583,0,0.0,500.0,dhaka_bangladesh
2022-11-14 12:00:00,0.03209124180872109,0,0.0,500.0,dhaka_bangladesh
2022-11-14 13:00:00,0.030781580808465266,0,0.0,500.0,dhaka_bangladesh
2022-11-14 14:00:00,0.02952536778463287,0,0.0,500.0,dhaka_bangladesh
2022-11-14 15:00:00,0.02832042149628963,0,0.0,500.0,dhaka_bangladesh
2022-11-14 16:00:00,0.027164649720128026,0,0.0,500.0,dhaka_bangladesh
2022-11-14 17:00:00,0.0260560456176095,0,0.0,500.0,dhaka_bangladesh
2022-11-14 18:00:00,0.02499268425036579,0,0.0,500.0,dhaka_bangladesh
2022-11-14 19:00:00,0.023972719237808478,0,0.0,500.0,dhaka_bangladesh
2022-11-14 20:00:00,0.022994379551143303,0,0.0,500.0,dhaka_bangladesh
2022-11-14 21:00:00,0.022055966438222614,0,0.0,500.0,dhaka_bangladesh
2022-11-14 22:00:00,0.021155850473896124,0,0.0,500.0,dhaka_bangladesh
2022-11-14 23:00:00,0.02029246873073852,0,0.0,500.0,dhaka_bangladesh
2022-11-15 00:00:00,0.019464322065241246,0,0.0,500.0,dhaka_bangladesh
2022-11-15 01:00:00,0.01866997251475617,0,0.0,500.0,dhaka_bangladesh
2022-11-15 02:00:00,0.017908040800671498,0,0.0,500.0,dhaka_bangladesh
2022-11-15 03:00:00,0.017177203933484403,0,0.0,500.0,dhaka_bangladesh
2022-11-15 04:00:00,0.016476192915611854,0,0.0,500.0,dhaka_bangladesh
2022-11-15 05:00:00,0.015803790537951154,0,0.0,500.0,dhaka_bangladesh
2022-11-15 06:00:00,0.015158829266363912,0,0.0,500.0,dhaka_bangladesh
2022-11-15 07:00:00,0.014540189214413713,0,0.0,500.0,dhaka_bangladesh
2022-11-15 08:00:00,0.013946796198837631,0,0.0,500.0,dhaka_bangladesh
2022-11-15 09:00:00,0.013377619874374868,0,0.0,500.0,dhaka_bangladesh
2022-11-15 10:00:00,0.012831671944714042,0,0.0,500.0,dhaka_bangladesh
2022-11-15 11:00:00,0.012308004446452818,0,0.0,500.0,dhaka_bangladesh
2022-11-15 12:00:00,0.011805708103089946,0,0.0,500.0,dhaka_bangladesh
2022-11-15 13:00:00,0.011323910746191795,0,0.0,500.0,dhaka_bangladesh
2022-11-15 14:00:00,0.010861775800992037,0,0.0,500.0,dhaka_bangladesh
2022-11-15 15:00:00,0.010418500833794735,0,0.0,500.0,dhaka_bangladesh
2022-11-15 16:00:00,0.009993316158658675,0,0.0,500.0,dhaka_bangladesh
2022-11-15 17:00:00,0.009585483500943789,0,0.0,500.0,dhaka_bangladesh
2022-11-15 18:00:00,0.009194294715398878,0,0.0,500.0,dhaka_bangladesh
2022-11-15 19:00:00,0.008819070556564867,0,0.0,500.0,dhaka_bangladesh
2022-11-15 20:00:00,0.008459159499358635,0,0.0,500.0,dhaka_bangladesh
2022-11-15 21:00:00,0.008113936607789423,0,0.0,500.0,dhaka_bangladesh
2022-11-15 22:00:00,0.007782802449843499,0,0.0,500.0,dhaka_bangladesh
2022-11-15 23:00:00,0.0074651820566530545,0,0.0,500.0,dhaka_bangladesh
2022-11-16 00:00:00,0.007160523924141926,0,0.0,500.0,dhaka_bangladesh
2022-11-16 01:00:00,0.006868299055414687,0,0.0,500.0,dhaka_bangladesh
2022-11-16 02:00:00,0.006588000042226419,0,0.0,500.0,dhaka_bangladesh
2022-11-16 03:00:00,0.006319140183938143,0,0.0,500.0,dhaka_bangladesh
2022-11-16 04:00:00,0.006061252642428163,0,0.0,500.0,dhaka_bangladesh
2022-11-16 05:00:00,0.005813889631491998,0,0.0,500.0,dhaka_bangladesh
2022-11-16 06:00:00,0.005576621639323261,0,0.0,500.0,dhaka_bangladesh
2022-11-16 07:00:00,0.005349036682725549,0,0.0,500.0,dhaka_bangladesh
2022-11-16 08:00:00,0.005130739591760384,0,0.0,500.0,dhaka_bangladesh
2022-11-16 09:00:00,0.004921351323589008,0,0.0,500.0,dhaka_bangladesh
2022-11-16 10:00:00,0.004720508304316681,0,0.0,500.0,dhaka_bangladesh
2022-11-16 11:00:00,0.004527861797696694,0,0.0,500.0,dhaka_bangladesh
2022-11-16 12:00:00,0.004343077299597898,0,0.0,500.0,dhaka_bangladesh
2022-11-16 13:00:00,0.0041658339571843325,0,0.0,500.0,dhaka_bangladesh
2022-11-16 14:00:00,0.003995824011798451,0,0.0,500.0,dhaka_bangladesh
2022-11-16 15:00:00,0.003832752264580613,0,0.0,500.0,dhaka_bangladesh
2022-11-16 16:00:00,0.0036763355638969003,0,0.0,500.0,dhaka_bangladesh
2022-11-16 17:00:00,0.003526302313685284,0,0.0,500.0,dhaka_bangladesh
2022-11-16 18:00:00,0.0033823920018664845,0,0.0,500.0,dhaka_bangladesh
2022-11-16 19:00:00,0.0032443547480006064,0,0.0,500.0,dhaka_bangladesh
2022-11-16 20:00:00,0.0031119508694041564,0,0.0,500.0,dhaka_bangladesh
2022-11-16 21:00:00,0.002984950464974082,0,0.0,500.0,dhaka_bangladesh
2022-11-16 22:00:00,0.002863133015996161,0,0.0,500.0,dhaka_bangladesh
2022-11-16 23:00:00,0.0027462870032446064,0,0.0,500.0,dhaka_bangladesh
2022-11-17 00:00:00,0.0026342095397080753,0,0.0,500.0,dhaka_bangladesh
2022-11-17 01:00:00,0.0025267060183043026,0,0.0,500.0,dhaka_bangladesh
2022-11-17 02:00:00,0.0024235897739716956,0,0.0,500.0,dhaka_bangladesh
2022-11-17 03:00:00,0.002324681759551169,0,0.0,500.0,dhaka_bangladesh
2022-11-17 04:00:00,0.0022298102348954035,0,0.0,500.0,dhaka_bangladesh
2022-11-17 05:00:00,0.002138810468665721,0,0.0,500.0,dhaka_bangladesh
2022-11-17 06:00:00,0.0020515244522988137,0,0.0,500.0,dhaka_bangladesh
2022-11-17 07:00:00,0.001967800625646622,0,0.0,500.0,dhaka_bangladesh
2022-11-17 08:00:00,0.0018874936138130055,0,0.0,500.0,dhaka_bangladesh
2022-11-17 09:00:00,0.0018104639747302618,0,0.0,500.0,dhaka_bangladesh
2022-11-17 10:00:00,0.001736577957037173,0,0.0,500.0,dhaka_bangladesh
2022-11-17 11:00:00,0.0016657072678381822,0,0.0,500.0,dhaka_bangladesh
2022-11-17 12:00:00,0.0015977288499404512,0,0.0,500.0,dhaka_bangladesh
2022-11-17 13:00:00,0.00153252466818199,0,0.0,500.0,dhaka_bangladesh
2022-11-17 14:00:00,0.0014699815044798448,0,0.0,500.0,dhaka_bangladesh
2022-11-17 15:00:00,0.001409990761242496,0,0.0,500.0,dhaka_bangladesh
2022-11-17 16:00:00,0.0013524482728050913,0,0.0,500.0,dhaka_bangladesh
2022-11-17 17:00:00,0.0012972541245601067,0,0.0,500.0,dhaka_bangladesh
2022-11-17 18:00:00,0.0012443124794693985,0,0.0,500.0,dhaka_bangladesh
2022-11-17 19:00:00,0.0011935314116563785,0,0.0,500.0,dhaka_bangladesh
2022-11-17 20:00:00,0.0011448227467893849,0,0.0,500.0,dhaka_bangladesh
2022-11-17 21:00:00,0.0010981019089791023,0,0.0,500.0,dhaka_bangladesh
2022-11-17 22:00:00,0.0010532877739241736,0,0.0,500.0,dhaka_bangladesh
2022-11-17 23:00:00,0.0010103025280500208,0,0.0,500.0,dhaka_bangladesh
2022-11-18 00:00:00,0.0009690715333962889,0,0.0,500.0,dhaka_bangladesh
2022-11-18 01:00:00,0.000929523198018307,0,0.0,500.0,dhaka_bangladesh
2022-11-18 02:00:00,0.0008915888516775297,0,0.0,500.0,dhaka_bangladesh
2022-11-18 03:00:00,0.0008552026266051293,0,0.0,500.0,dhaka_bangladesh
2022-11-18 04:00:00,0.0008203013431316836,0,0.0,500.0,dhaka_bangladesh
2022-11-18 05:00:00,0.0007868243999843761,0,0.0,500.0,dhaka_bangladesh
2022-11-18 06:00:00,0.000754713669061237,0,0.0,500.0,dhaka_bangladesh
2022-11-18 07:00:00,0.000723913394499694,0,0.0,500.0,dhaka_bangladesh
2022-11-18 08:00:00,0.0006943700958641947,0,0.0,500.0,dhaka_bangladesh
2022-11-18 09:00:00,0.000666032475284797,0,0.0,500.0,dhaka_bangladesh
2022-11-18 10:00:00,0.0006388513283854802,0,0.0,500.0,dhaka_bangladesh
2022-11-18 11:00:00,0.0006127794588475205,0,0.0,500.0,dhaka_bangladesh
2022-11-18 12:00:00,0.0005877715964595845,0,0.0,500.0,dhaka_bangladesh
2022-11-18 13:00:00,0.0005637843185122406,0,0.0,500.0,dhaka_bangladesh
2022-11-18 14:00:00,0.0005407759744004014,0,0.0,500.0,dhaka_bangladesh
2022-11-18 15:00:00,0.000518706613302786,0,0.0,500.0,dhaka_bangladesh
2022-11-18 16:00:00,0.0004975379148128193,0,0.0,500.0,dhaka_bangladesh
2022-11-18 17:00:00,0.0004772331224005207,0,0.0,500.0,dhaka_bangladesh
2022-11-18 18:00:00,0.00045775697958985414,0,0.0,500.0,dhaka_bangladesh
2022-11-18 19:00:00,0.00043907566874071133,0,0.0,500.0,dhaka_bangladesh
2022-11-18 20:00:00,0.00042115675232923445,0,0.0,500.0,dhaka_bangladesh
2022-11-18 21:00:00,0.0004039691166245261,0,0.0,500.0,dhaka_bangladesh
2022-11-18 22:00:00,0.00038748291766393754,0,0.0,500.0,dhaka_bangladesh
2022-11-18 23:00:00,0.000371669529433137,0,0.0,500.0,dhaka_bangladesh
2022-11-19 00:00:00,0.0003565014941609795,0,0.0,500.0,dhaka_bangladesh
2022-11-19 01:00:00,0.0003419524746428667,0,0.0,500.0,dhaka_bangladesh
2022-11-19 02:00:00,0.0003279972085098176,0,0.0,500.0,dhaka_bangladesh
2022-11-19 03:00:00,0.0003146114643638449,0,0.0,500.0,dhaka_bangladesh
2022-11-19 04:00:00,0.00030177199970346703,0,0.0,500.0,dhaka_bangladesh
2022-11-19 05:00:00,0.00028945652056630767,0,0.0,500.0,dhaka_bangladesh
2022-11-19 06:00:00,0.0002776436428186969,0,0.0,500.0,dhaka_bangladesh
2022-11-19 07:00:00,0.00026631285502506913,0,0.0,500.0,dhaka_bangladesh
2022-11-19 08:00:00,0.0002554444828326808,0,0.0,500.0,dhaka_bangladesh
2022-11-19 09:00:00,0.0002450196548098038,0,0.0,500.0,dhaka_bangladesh
2022-11-19 10:00:00,0.00023502026967808388,0,0.0,500.0,dhaka_bangladesh
2022-11-19 11:00:00,0.00022542896488216468,0,0.0,500.0,dhaka_bangladesh
2022-11-19 12:00:00,0.00021622908644199863,0,0.0,500.0,dhaka_bangladesh
2022-11-19 13:00:00,0.0002074046600355053,0,0.0,500.0,dhaka_bangladesh
2022-11-19 14:00:00,0.00019894036326136182,0,0.0,500.0,dhaka_bangladesh
2022-11-19 15:00:00,0.0001908214990337605,0,0.0,500.0,dhaka_bangladesh
2022-11-19 16:00:00,0.00018303397006294448,0,0.0,500.0,dhaka_bangladesh
2022-11-19 17:00:00,0.00017556425437720605,0,0.0,500.0,dhaka_bangladesh
2022-11-19 18:00:00,0.00016839938184384301,0,0.0,500.0,dhaka_bangladesh
2022-11-19 19:00:00,0.0001615269116483101,0,0.0,500.0,dhaka_bangladesh
2022-11-19 20:00:00,0.00015493491069245834,0,0.0,500.0,dhaka_bangladesh
2022-11-19 21:00:00,0.00014861193287435203,0,0.0,500.0,dhaka_bangladesh
2022-11-19 22:00:00,0.00014254699921368926,0,0.0,500.0,dhaka_bangladesh
2022-11-19 23:00:00,0.0001367295787883154,0,0.0,500.0,dhaka_bangladesh
2022-11-20 00:00:00,0.00013114957044872548,0,0.0,500.0,dhaka_bangladesh
2022-11-20 01:00:00,0.00012579728527880953,0,0.0,500.0,dhaka_bangladesh
2022-11-20 02:00:00,0.00012066342977238472,0,0.0,500.0,dhaka_bangladesh
2022-11-20 03:00:00,0.00011573908969630042,0,0.0,500.0,dhaka_bangladesh
2022-11-20 04:00:00,0.00011101571461210013,0,0.0,500.0,dhaka_bangladesh
2022-11-20 05:00:00,0.00010648510302936337,0,0.0,500.0,dhaka_bangladesh
2022-11-20 06:00:00,0.00010213938816494578,0,0.0,500.0,dhaka_bangladesh
2022-11-20 07:00:00,9.797102428339376e-05,0,0.0,500.0,dhaka_bangladesh
2022-11-20 08:00:00,9.39727735948147e-05,0,0.0,500.0,dhaka_bangladesh
2022-11-20 09:00:00,9.013769368745032e-05,0,0.0,500.0,dhaka_bangladesh
2022-11-20 10:00:00,8.645912547313517e-05,0,0.0,500.0,dhaka_bangladesh
2022-11-20 11:00:00,8.293068162470744e-05,0,0.0,500.0,dhaka_bangladesh
2022-11-20 12:00:00,7.954623548529396e-05,0,0.0,500.0,dhaka_bangladesh
2022-11-20 13:00:00,7.629991043021468e-05,0,0.0,500.0,dhaka_bangladesh
2022-11-20 14:00:00,7.318606966303353e-05,0,0.0,500.0,dhaka_bangladesh
2022-11-20 15:00:00,7.019930642803672e-05,0,0.0,500.0,dhaka_bangladesh
2022-11-20 16:00:00,6.733443462214652e-05,0,0.0,500.0,dhaka_bangladesh
2022-11-20 17:00:00,6.458647978996752e-05,0,0.0,500.0,dhaka_bangladesh
2022-11-20 18:00:00,6.19506704863293e-05,0,0.0,500.0,dhaka_bangladesh
2022-11-20 19:00:00,5.942242999132924e-05,0,0.0,500.0,dhaka_bangladesh
2022-11-20 20:00:00,5.6997368363488905e-05,0,0.0,500.0,dhaka_bangladesh
2022-11-20 21:00:00,5.467127481722452e-05,0,0.0,500.0,dhaka_bangladesh
2022-11-20 22:00:00,5.244011041139803e-05,0,0.0,500.0,dhaka_bangladesh
2022-11-20 23:00:00,5.030000103625217e-05,0,0.0,500.0,dhaka_bangladesh
2022-11-21 00:00:00,4.8247230686551825e-05,0,0.0,500.0,dhaka_bangladesh
2022-11-21 01:00:00,4.627823500925296e-05,0,0.0,500.0,dhaka_bangladesh
2022-11-21 02:00:00,4.438959511449447e-05,0,0.0,500.0,dhaka_bangladesh
2022-11-21 03:00:00,4.257803163916643e-05,0,0.0,500.0,dhaka_bangladesh
2022-11-21 04:00:00,4.084039905274771e-05,0,0.0,500.0,dhaka_bangladesh
2022-11-21 05:00:00,3.917368019552566e-05,0,0.0,500.0,dhaka_bangladesh
2022-11-21 06:00:00,3.7574981039713275e-05,0,0.0,500.0,dhaka_bangladesh
2022-11-21 07:00:00,3.604152566436869e-05,0,0.0,500.0,dhaka_bangladesh
2022-11-21 08:00:00,3.4570651435390897e-05,0,0.0,500.0,dhaka_bangladesh
2022-11-21 09:00:00,3.315980438222187e-05,0,0.0,500.0,dhaka_bangladesh
2022-11-21 10:00:00,3.180653476322857e-05,0,0.0,500.0,dhaka_bangladesh
2022-11-21 11:00:00,3.050849281206417e-05,0,0.0,500.0,dhaka_bangladesh
2022-11-21 12:00:00,2.9263424657621893e-05,0,0.0,500.0,dhaka_bangladesh
2022-11-21 13:00:00,2.806916841049848e-05,0,0.0,500.0,dhaka_bangladesh
2022-11-21 14:00:00,2.692365040917102e-05,0,0.0,500.0,dhaka_bangladesh
2022-11-21 15:00:00,2.5824881619368992e-05,0,0.0,500.0,dhaka_bangladesh
2022-11-21 16:00:00,2.477095418039028e-05,0,0.0,500.0,dhaka_bangladesh
2022-11-21 17:00:00,2.37600380923639e-05,0,0.0,500.0,dhaka_bangladesh
2022-11-21 18:00:00,2.2790378038706988e-05,0,0.0,500.0,dhaka_bangladesh
2022-11-21 19:00:00,2.1860290338259356e-05,0,0.0,500.0,dhaka_bangladesh
2022-11-21 20:00:00,2.096816002180314e-05,0,0.0,500.0,dhaka_bangladesh
2022-11-21 21:00:00,2.0112438027890902e-05,0,0.0,500.0,dhaka_bangladesh
2022-11-21 22:00:00,1.9291638513113834e-05,0,0.0,500.0,dhaka_bangladesh
2022-11-21 23:00:00,1.8504336272139414e-05,0,0.0,500.0,dhaka_bangladesh
2022-11-22 00:00:00,1.7749164263038354e-05,0,0.0,500.0,dhaka_bangladesh
2022-11-22 01:00:00,1.702481123360465e-05,0,0.0,500.0,dhaka_bangladesh
2022-11-22 02:00:00,1.6330019444546814e-05,0,0.0,500.0,dhaka_bangladesh
2022-11-22 03:00:00,1.566358248559654e-05,0,0.0,500.0,dhaka_bangladesh
2022-11-22 04:00:00,1.5024343180743531e-05,0,0.0,500.0,dhaka_bangladesh
2022-11-22 05:00:00,1.4411191578958777e-05,0,0.0,500.0,dhaka_bangladesh
2022-11-22 06:00:00,1.382306302691726e-05,0,0.0,500.0,dhaka_bangladesh
2022-11-22 07:00:00,1.3258936320374155e-05,0,0.0,500.0,dhaka_bangladesh
2022-11-22 08:00:00,1.2717831930984326e-05,0,0.0,500.0,dhaka_bangladesh
2022-11-22 09:00:00,1.2198810305486127e-05,0,0.0,500.0,dhaka_bangladesh
2022-11-22 10:00:00,1.1700970234296584e-05,0,0.0,500.0,dhaka_bangladesh
2022-11-22 11:00:00,1.122344728668513e-05,0,0.0,500.0,dhaka_bangladesh
2022-11-22 12:00:00,1.0765412309808548e-05,0,0.0,500.0,dhaka_bangladesh
2022-11-22 13:00:00,1.0326069989001283e-05,0,0.0,500.0,dhaka_bangladesh
2022-11-22 14:00:00,9.904657466821112e-06,0,0.0,500.0,dhaka_bangladesh
2022-11-22 15:00:00,9.500443018452119e-06,0,0.0,500.0,dhaka_bangladesh
2022-11-22 16:00:00,9.112724781165379e-06,0,0.0,500.0,dhaka_bangladesh
2022-11-22 17:00:00,8.740829535631017e-06,0,0.0,500.0,dhaka_bangladesh
2022-11-22 18:00:00,8.384111536965437e-06,0,0.0,500.0,dhaka_bangladesh
2022-11-22 19:00:00,8.041951393484332e-06,0,0.0,500.0,dhaka_bangladesh
2022-11-22 20:00:00,7.713754991214318e-06,0,0.0,500.0,dhaka_bangladesh
2022-11-22 21:00:00,7.398952462295771e-06,0,0.0,500.0,dhaka_bangladesh
2022-11-22 22:00:00,7.096997195485794e-06,0,0.0,500.0,dhaka_bangladesh
2022-11-22 23:00:00,6.807364887043098e-06,0,0.0,500.0,dhaka_bangladesh
2022-11-23 00:00:00,6.529552630346683e-06,0,0.0,500.0,dhaka_bangladesh
2022-11-23 01:00:00,6.263078042667774e-06,0,0.0,500.0,dhaka_bangladesh
2022-11-23 02:00:00,6.007478427578669e-06,0,0.0,500.0,dhaka_bangladesh
2022-11-23 03:00:00,5.762309971544046e-06,0,0.0,500.0,dhaka_bangladesh
2022-11-23 04:00:00,5.5271469732999005e-06,0,0.0,500.0,dhaka_bangladesh
2022-11-23 05:00:00,5.30158110468195e-06,0,0.0,500.0,dhaka_bangladesh
2022-11-23 06:00:00,5.085220701619948e-06,0,0.0,500.0,dhaka_bangladesh
2022-11-23 07:00:00,4.877690084066985e-06,0,0.0,500.0,dhaka_bangladesh
2022-11-23 08:00:00,4.678628903682839e-06,0,0.0,500.0,dhaka_bangladesh
2022-11-23 09:00:00,4.487691518138667e-06,0,0.0,500.0,dhaka_bangladesh
2022-11-23 10:00:00,4.304546390956708e-06,0,0.0,500.0,dhaka_bangladesh
2022-11-23 11:00:00,4.128875515842868e-06,0,0.0,500.0,dhaka_bangladesh
2022-11-23 12:00:00,3.960373864512535e-06,0,0.0,500.0,dhaka_bangladesh
2022-11-23 13:00:00,3.7987488570509933e-06,0,0.0,500.0,dhaka_bangladesh
2022-11-23 14:00:00,3.6437198538887034e-06,0,0.0,500.0,dhaka_bangladesh
2022-11-23 15:00:00,3.495017668509296e-06,0,0.0,500.0,dhaka_bangladesh
2022-11-23 16:00:00,3.352384100044274e-06,0,0.0,500.0,dhaka_bangladesh
2022-11-23 17:00:00,3.2155714849427753e-06,0,0.0,500.0,dhaka_bangladesh
2022-11-23 18:00:00,3.0843422669378875e-06,0,0.0,500.0,dhaka_bangladesh
2022-11-23 19:00:00,2.9584685845629183e-06,0,0.0,500.0,dhaka_bangladesh
2022-11-23 20:00:00,2.8377318755013466e-06,0,0.0,500.0,dhaka_bangladesh
2022-11-23 21:00:00,2.7219224970834348e-06,0,0.0,500.0,dhaka_bangladesh
2022-11-23 22:00:00,2.610839362270607e-06,0,0.0,500.0,dhaka_bangladesh
2022-11-23 23:00:00,2.5042895904955135e-06,0,0.0,500.0,dhaka_bangladesh
2022-11-24 00:00:00,2.402088172751459e-06,0,0.0,500.0,dhaka_bangladesh
2022-11-24 01:00:00,2.3040576503497513e-06,0,0.0,500.0,dhaka_bangladesh
2022-11-24 02:00:00,2.210027806787136e-06,0,0.0,500.0,dhaka_bangladesh
2022-11-24 03:00:00,2.1198353721882535e-06,0,0.0,500.0,dhaka_bangladesh
2022-11-24 04:00:00,2.033323739809996e-06,0,0.0,500.0,dhaka_bangladesh
2022-11-24 05:00:00,1.9503426941154737e-06,0,0.0,500.0,dhaka_bangladesh
2022-11-24 06:00:00,1.8707481499453961e-06,0,0.0,500.0,dhaka_bangladesh
2022-11-24 07:00:00,1.7944019023340474e-06,0,0.0,500.0,dhaka_bangladesh
2022-11-24 08:00:00,1.7211713865354007e-06,0,0.0,500.0,dhaka_bangladesh
2022-11-24 09:00:00,1.6509294478426745e-06,0,0.0,500.0,dhaka_bangladesh
2022-11-24 10:00:00,1.5835541208017023e-06,0,0.0,500.0,dhaka_bangladesh
2022-11-24 11:00:00,1.5189284174347247e-06,0,0.0,500.0,dhaka_bangladesh
2022-11-24 12:00:00,1.4569401241068566e-06,0,0.0,500.0,dhaka_bangladesh
2022-11-24 13:00:00,1.3974816066825747e-06,0,0.0,500.0,dhaka_bangladesh
2022-11-24 14:00:00,1.340449623633866e-06,0,0.0,500.0,dhaka_bangladesh
2022-11-24 15:00:00,1.285745146775517e-06,0,0.0,500.0,dhaka_bangladesh
2022-11-24 16:00:00,1.233273189316316e-06,0,0.0,500.0,dhaka_bangladesh
2022-11-24 17:00:00,1.182942640927573e-06,0,0.0,500.0,dhaka_bangladesh
2022-11-24 18:00:00,1.1346661095425698e-06,0,0.0,500.0,dhaka_bangladesh
2022-11-24 19:00:00,1.088359769612274e-06,0,0.0,500.0,dhaka_bangladesh
2022-11-24 20:00:00,1.0439432165538246e-06,0,0.0,500.0,dhaka_bangladesh
2022-11-24 21:00:00,1.0013393271390308e-06,0,0.0,500.0,dhaka_bangladesh
2022-11-24 22:00:00,9.604741255805155e-07,0,0.0,500.0,dhaka_bangladesh
2022-11-24 23:00:00,9.212766550829497e-07,0,0.0,500.0,dhaka_bangladesh
2022-11-25 00:00:00,8.836788546363378e-07,0,0.0,500.0,dhaka_bangladesh
2022-11-25 01:00:00,8.476154408374529e-07,0,0.0,500.0,dhaka_bangladesh
2022-11-25 02:00:00,8.130237945341998e-07,0,0.0,500.0,dhaka_bangladesh
2022-11-25 03:00:00,7.79843852096071e-07,0,0.0,500.0,dhaka_bangladesh
2022-11-25 04:00:00,7.480180011219288e-07,0,0.0,500.0,dhaka_bangladesh
2022-11-25 05:00:00,7.174909804040059e-07,0,0.0,500.0,dhaka_bangladesh
2022-11-25 06:00:00,6.88209783974422e-07,0,0.0,500.0,dhaka_bangladesh
2022-11-25 07:00:00,6.601235690676222e-07,0,0.0,500.0,dhaka_bangladesh
2022-11-25 08:00:00,6.331835678389198e-07,0,0.0,500.0,dhaka_bangladesh
2022-11-25 09:00:00,6.07343002685841e-07,0,0.0,500.0,dhaka_bangladesh
2022-11-25 10:00:00,5.825570050252649e-07,0,0.0,500.0,dhaka_bangladesh
2022-11-25 11:00:00,5.587825373853098e-07,0,0.0,500.0,dhaka_bangladesh
2022-11-25 12:00:00,5.359783186766823e-07,0,0.0,500.0,dhaka_bangladesh
2022-11-25 13:00:00,5.141047525137549e-07,0,0.0,500.0,dhaka_bangladesh
2022-11-25 14:00:00,4.931238584608967e-07,0,0.0,500.0,dhaka_bangladesh
2022-11-25 15:00:00,4.729992060846712e-07,0,0.0,500.0,dhaka_bangladesh
2022-11-25 16:00:00,4.536958516974087e-07,0,0.0,500.0,dhaka_bangladesh
2022-11-25 17:00:00,4.3518027768230585e-07,0,0.0,500.0,dhaka_bangladesh
2022-11-25 18:00:00,4.1742033429469513e-07,0,0.0,500.0,dhaka_bangladesh
2022-11-25 19:00:00,4.0038518383844313e-07,0,0.0,500.0,dhaka_bangladesh
2022-11-25 20:00:00,3.8404524712053895e-07,0,0.0,500.0,dhaka_bangladesh
2022-11-25 21:00:00,3.6837215209089477e-07,0,0.0,500.0,dhaka_bangladesh
2022-11-25 22:00:00,3.533386845781899e-07,0,0.0,500.0,dhaka_bangladesh
2022-11-25 23:00:00,3.3891874103621114e-07,0,0.0,500.0,dhaka_bangladesh
2022-11-26 00:00:00,3.250872832186362e-07,0,0.0,500.0,dhaka_bangladesh
2022-11-26 01:00:00,3.1182029470356786e-07,0,0.0,500.0,dhaka_bangladesh
2022-11-26 02:00:00,2.99094739192327e-07,0,0.0,500.0,dhaka_bangladesh
2022-11-26 03:00:00,2.868885205100875e-07,0,0.0,500.0,dhaka_bangladesh
2022-11-26 04:00:00,2.751804442389144e-07,0,0.0,500.0,dhaka_bangladesh
2022-11-26 05:00:00,2.6395018091657594e-07,0,0.0,500.0,dhaka_bangladesh
2022-11-26 06:00:00,2.531782307372294e-07,0,0.0,500.0,dhaka_bangladesh
2022-11-26 07:00:00,2.4284588969269497e-07,0,0.0,500.0,dhaka_bangladesh
2022-11-26 08:00:00,2.3293521709552182e-07,0,0.0,500.0,dhaka_bangladesh
2022-11-26 09:00:00,2.2342900442745298e-07,0,0.0,500.0,dhaka_bangladesh
2022-11-26 10:00:00,2.143107454592036e-07,0,0.0,500.0,dhaka_bangladesh
2022-11-26 11:00:00,2.0556460758966832e-07,0,0.0,500.0,dhaka_bangladesh
2022-11-26 12:00:00,1.9717540435478708e-07,0,0.0,500.0,dhaka_bangladesh
2022-11-26 13:00:00,1.8912856905834278e-07,0,0.0,500.0,dhaka_bangladesh
2022-11-26 14:00:00,1.8141012947890012e-07,0,0.0,500.0,dhaka_bangladesh
2022-11-26 15:00:00,1.7400668360896472e-07,0,0.0,500.0,dhaka_bangladesh
2022-11-26 16:00:00,1.669053763842443e-07,0,0.0,500.0,dhaka_bangladesh
2022-11-26 17:00:00,1.6009387736259978e-07,0,0.0,500.0,dhaka_bangladesh
2022-11-26 18:00:00,1.5356035931392908e-07,0,0.0,500.0,dhaka_bangladesh
2022-11-26 19:00:00,1.4729347768381163e-07,0,0.0,500.0,dhaka_bangladesh
2022-11-26 20:00:00,1.4128235089525237e-07,0,0.0,500.0,dhaka_bangladesh
2022-11-26 21:00:00,1.3551654145431995e-07,0,0.0,500.0,dhaka_bangladesh
2022-11-26 22:00:00,1.2998603782687702e-07,0,0.0,500.0,dhaka_bangladesh
2022-11-26 23:00:00,1.2468123705493016e-07,0,0.0,500.0,dhaka_bangladesh
2022-11-27 00:00:00,1.195929280824143e-07,0,0.0,500.0,dhaka_bangladesh
2022-11-27 01:00:00,1.1471227576146303e-07,0,0.0,500.0,dhaka_bangladesh
2022-11-27 02:00:00,1.1003080551139153e-07,0,0.0,500.0,dhaka_bangladesh
2022-11-27 03:00:00,1.0554038860375268e-07,0,0.0,500.0,dhaka_bangladesh
2022-11-27 04:00:00,1.0123322804792124e-07,0,0.0,500.0,dhaka_bangladesh
2022-11-27 05:00:00,9.710184505269106e-08,0,0.0,500.0,dhaka_bangladesh
2022-11-27 06:00:00,9.313906604038629e-08,0,0.0,500.0,dhaka_bangladesh
2022-11-27 07:00:00,8.933801019093048e-08,0,0.0,500.0,dhaka_bangladesh
2022-11-27 08:00:00,8.56920774942492e-08,0,0.0,500.0,dhaka_bangladesh
2022-11-27 09:00:00,8.219493729026297e-08,0,0.0,500.0,dhaka_bangladesh
2022-11-27 10:00:00,7.884051727656718e-08,0,0.0,500.0,dhaka_bangladesh
2022-11-27 11:00:00,7.562299296471403e-08,0,0.0,500.0,dhaka_bangladesh
2022-11-27 12:00:00,7.253677756679212e-08,0,0.0,500.0,dhaka_bangladesh
2022-11-27 13:00:00,6.957651229473781e-08,0,0.0,500.0,dhaka_bangladesh
2022-11-27 14:00:00,6.673705705553678e-08,0,0.0,500.0,dhaka_bangladesh
2022-11-27 15:00:00,6.401348152616182e-08,0,0.0,500.0,dhaka_bangladesh
2022-11-27 16:00:00,6.140105659274515e-08,0,0.0,500.0,dhaka_bangladesh
2022-11-27 17:00:00,5.889524613912262e-08,0,0.0,500.0,dhaka_bangladesh
2022-11-27 18:00:00,5.6491699170494015e-08,0,0.0,500.0,dhaka_bangladesh
2022-11-27 19:00:00,5.418624225851904e-08,0,0.0,500.0,dhaka_bangladesh
2022-11-27 20:00:00,5.197487229473306e-08,0,0.0,500.0,dhaka_bangladesh
2022-11-27 21:00:00,4.9853749539701733e-08,0,0.0,500.0,dhaka_bangladesh
2022-11-27 22:00:00,4.781919095584156e-08,0,0.0,500.0,dhaka_bangladesh
2022-11-27 23:00:00,4.5867663812331826e-08,0,0.0,500.0,dhaka_bangladesh
2022-11-28 00:00:00,4.399577955101498e-08,0,0.0,500.0,dhaka_bangladesh
2022-11-28 01:00:00,4.2200287902631465e-08,0,0.0,500.0,dhaka_bangladesh
2022-11-28 02:00:00,4.047807124317438e-08,0,0.0,500.0,dhaka_bangladesh
2022-11-28 03:00:00,3.8826139180565396e-08,0,0.0,500.0,dhaka_bangladesh
2022-11-28 04:00:00,3.7241623362250454e-08,0,0.0,500.0,dhaka_bangladesh
2022-11-28 05:00:00,3.572177249469996e-08,0,0.0,500.0,dhaka_bangladesh
2022-11-28 06:00:00,3.426394756616737e-08,0,0.0,500.0,dhaka_bangladesh
2022-11-28 07:00:00,3.2865617264408136e-08,0,0.0,500.0,dhaka_bangladesh
2022-11-28 08:00:00,3.152435358140432e-08,0,0.0,500.0,dhaka_bangladesh
2022-11-28 09:00:00,3.0237827597463686e-08,0,0.0,500.0,dhaka_bangladesh
2022-11-28 10:00:00,2.9003805437370975e-08,0,0.0,500.0,dhaka_bangladesh
2022-11-28 11:00:00,2.7820144391570904e-08,0,0.0,500.0,dhaka_bangladesh
2022-11-28 12:00:00,2.66847891956487e-08,0,0.0,500.0,dhaka_bangladesh
2022-11-28 13:00:00,2.559576846164613e-08,0,0.0,500.0,dhaka_bangladesh
2022-11-28 14:00:00,2.4551191255017527e-08,0,0.0,500.0,dhaka_bangladesh
2022-11-28 15:00:00,2.3549243811282856e-08,0,0.0,500.0,dhaka_bangladesh
2022-11-28 16:00:00,2.2588186386675186e-08,0,0.0,500.0,dhaka_bangladesh
2022-11-28 17:00:00,2.166635023731497e-08,0,0.0,500.0,dhaka_bangladesh
2022-11-28 18:00:00,2.078213472166657e-08,0,0.0,500.0,dhaka_bangladesh
2022-11-28 19:00:00,1.993400452124437e-08,0,0.0,500.0,dhaka_bangladesh
2022-11-28 20:00:00,1.9120486974743478e-08,0,0.0,500.0,dhaka_bangladesh
2022-11-28 21:00:00,1.8340169520966524e-08,0,0.0,500.0,dhaka_bangladesh
2022-11-28 22:00:00,1.7591697246105485e-08,0,0.0,500.0,dhaka_bangladesh
2022-11-28 23:00:00,1.6873770531120216e-08,0,0.0,500.0,dhaka_bangladesh
2022-11-29 00:00:00,1.6185142795129357e-08,0,0.0,500.0,dhaka_bangladesh
2022-11-29 01:00:00,1.5524618330894045e-08,0,0.0,500.0,dhaka_bangladesh
2022-11-29 02:00:00,1.4891050228636818e-08,0,0.0,500.0,dhaka_bangladesh
2022-11-29 03:00:00,1.4283338384591038e-08,0,0.0,500.0,dhaka_bangladesh
2022-11-29 04:00:00,1.3700427590822025e-08,0,0.0,500.0,dhaka_bangladesh
2022-11-29 05:00:00,1.314130570300362e-08,0,0.0,500.0,dhaka_bangladesh
2022-11-29 06:00:00,1.2605001882969251e-08,0,0.0,500.0,dhaka_bangladesh
2022-11-29 07:00:00,1.2090584912984968e-08,0,0.0,500.0,dhaka_bangladesh
2022-11-29 08:00:00,1.1597161578817974e-08,0,0.0,500.0,dhaka_bangladesh
2022-11-29 09:00:00,1.1123875118793357e-08,0,0.0,500.0,dhaka_bangladesh
2022-11-29 10:00:00,1.0669903736145274e-08,0,0.0,500.0,dhaka_bangladesh
2022-11-29 11:00:00,1.023445917207994e-08,0,0.0,500.0,dhaka_bangladesh
2022-11-29 12:00:00,9.816785337072985e-09,0,0.0,500.0,dhaka_bangladesh
2022-11-29 13:00:00,9.416156998024006e-09,0,0.0,500.0,dhaka_bangladesh
2022-11-29 14:00:00,9.031878518989048e-09,0,0.0,500.0,dhaka_bangladesh
2022-11-29 15:00:00,8.663282653304783e-09,0,0.0,500.0,dhaka_bangladesh
2022-11-29 16:00:00,8.309729385006448e-09,0,0.0,500.0,dhaka_bangladesh
2022-11-29 17:00:00,7.970604817528178e-09,0,0.0,500.0,dhaka_bangladesh
2022-11-29 18:00:00,7.645320107756326e-09,0,0.0,500.0,dhaka_bangladesh
2022-11-29 19:00:00,7.333310443584386e-09,0,0.0,500.0,dhaka_bangladesh
2022-11-29 20:00:00,7.034034063194472e-09,0,0.0,500.0,dhaka_bangladesh
2022-11-29 21:00:00,6.746971314362683e-09,0,0.0,500.0,dhaka_bangladesh
2022-11-29 22:00:00,6.4716237521544845e-09,0,0.0,500.0,dhaka_bangladesh
2022-11-29 23:00:00,6.207513273443657e-09,0,0.0,500.0,dhaka_bangladesh
2022-11-30 00:00:00,5.954181286752184e-09,0,0.0,500.0,dhaka_bangladesh
2022-11-30 01:00:00,5.711187915969231e-09,0,0.0,500.0,dhaka_bangladesh
2022-11-30 02:00:00,5.478111236566789e-09,0,0.0,500.0,dhaka_bangladesh
2022-11-30 03:00:00,5.254546542985963e-09,0,0.0,500.0,dhaka_bangladesh
2022-11-30 04:00:00,5.040105645921416e-09,0,0.0,500.0,dhaka_bangladesh
2022-11-30 05:00:00,4.83441619828406e-09,0,0.0,500.0,dhaka_bangladesh
2022-11-30 06:00:00,4.637121048671705e-09,0,0.0,500.0,dhaka_bangladesh
2022-11-30 07:00:00,4.447877621224782e-09,0,0.0,500.0,dhaka_bangladesh
2022-11-30 08:00:00,4.266357320790479e-09,0,0.0,500.0,dhaka_bangladesh
2022-11-30 09:00:00,4.092244962362612e-09,0,0.0,500.0,dhaka_bangladesh
2022-11-30 10:00:00,3.925238223806208e-09,0,0.0,500.0,dhaka_bangladesh
2022-11-30 11:00:00,3.76504712091671e-09,0,0.0,500.0,dhaka_bangladesh
2022-11-30 12:00:00,3.6113935039024187e-09,0,0.0,500.0,dhaka_bangladesh
2022-11-30 13:00:00,3.464010574415638e-09,0,0.0,500.0,dhaka_bangladesh
2022-11-30 14:00:00,3.3226424222940457e-09,0,0.0,500.0,dhaka_bangladesh
2022-11-30 15:00:00,3.1870435812080133e-09,0,0.0,500.0,dhaka_bangladesh
2022-11-30 16:00:00,3.056978602442086e-09,0,0.0,500.0,dhaka_bangladesh
2022-11-30 17:00:00,2.9322216460706722e-09,0,0.0,500.0,dhaka_bangladesh
2022-11-30 18:00:00,2.8125560888181887e-09,0,0.0,500.0,dhaka_bangladesh
2022-11-30 19:00:00,2.6977741479225255e-09,0,0.0,500.0,dhaka_bangladesh
2022-11-30 20:00:00,2.5876765203488714e-09,0,0.0,500.0,dhaka_bangladesh
2022-11-30 21:00:00,2.4820720367274955e-09,0,0.0,500.0,dhaka_bangladesh
2022-11-30 22:00:00,2.380777329414425e-09,0,0.0,500.0,dhaka_bangladesh
2022-11-30 23:00:00,2.2836165140987626e-09,0,0.0,500.0,dhaka_bangladesh
2022-12-01 00:00:00,2.1904208844038527e-09,0,0.0,500.0,dhaka_bangladesh
2022-12-01 01:00:00,2.101028618951855e-09,0,0.0,500.0,dhaka_bangladesh
2022-12-01 02:00:00,2.01528450038319e-09,0,0.0,500.0,dhaka_bangladesh
2022-12-01 03:00:00,1.9330396458430097e-09,0,0.0,500.0,dhaka_bangladesh
2022-12-01 04:00:00,1.8541512484666022e-09,0,0.0,500.0,dhaka_bangladesh
2022-12-01 05:00:00,1.7784823294149088e-09,0,0.0,500.0,dhaka_bangladesh
2022-12-01 06:00:00,1.7059015000296796e-09,0,0.0,500.0,dhaka_bangladesh
2022-12-01 07:00:00,1.636282733695137e-09,0,0.0,500.0,dhaka_bangladesh
2022-12-01 08:00:00,1.569505147010093e-09,0,0.0,500.0,dhaka_bangladesh
2022-12-01 09:00:00,1.5054527898906075e-09,0,0.0,500.0,dhaka_bangladesh
2022-12-01 10:00:00,1.4440144442386124e-09,0,0.0,500.0,dhaka_bangladesh
2022-12-01 11:00:00,1.3850834308269872e-09,0,0.0,500.0,dhaka_bangladesh
2022-12-01 12:00:00,1.3285574240657988e-09,0,0.0,500.0,dhaka_bangladesh
2022-12-01 13:00:00,1.2743382743279917e-09,0,0.0,500.0,dhaka_bangladesh
2022-12-01 14:00:00,1.222331837526061e-09,0,0.0,500.0,dhaka_bangladesh
2022-12-01 15:00:00,1.1724478116438364e-09,0,0.0,500.0,dhaka_bangladesh
2022-12-01 16:00:00,1.124599579939451e-09,0,0.0,500.0,dhaka_bangladesh
2022-12-01 17:00:00,1.0787040605472855e-09,0,0.0,500.0,dhaka_bangladesh
2022-12-01 18:00:00,1.0346815622177727e-09,0,0.0,500.0,dhaka_bangladesh
2022-12-01 19:00:00,9.924556459445028e-10,0,0.0,500.0,dhaka_bangladesh
2022-12-01 20:00:00,9.519529922384054e-10,0,0.0,500.0,dhaka_bangladesh
2022-12-01 21:00:00,9.131032738185746e-10,0,0.0,500.0,dhaka_bangladesh
2022-12-01 22:00:00,8.758390334986174e-10,0,0.0,500.0,dhaka_bangladesh
2022-12-01 23:00:00,8.400955670565303e-10,0,0.0,500.0,dhaka_bangladesh
2022-12-02 00:00:00,8.058108108847458e-10,0,0.0,500.0,dhaka_bangladesh
2022-12-02 01:00:00,7.729252342252155e-10,0,0.0,500.0,dhaka_bangladesh
2022-12-02 02:00:00,7.413817358024371e-10,0,0.0,500.0,dhaka_bangladesh
2022-12-02 03:00:00,7.111255446749693e-10,0,0.0,500.0,dhaka_bangladesh
2022-12-02 04:00:00,6.821041251332257e-10,0,0.0,500.0,dhaka_bangladesh
2022-12-02 05:00:00,6.542670854784417e-10,0,0.0,500.0,dhaka_bangladesh
2022-12-02 06:00:00,6.275660905244438e-10,0,0.0,500.0,dhaka_bangladesh
2022-12-02 07:00:00,6.019547776702468e-10,0,0.0,500.0,dhaka_bangladesh
2022-12-02 08:00:00,5.773886763977755e-10,0,0.0,500.0,dhaka_bangladesh
2022-12-02 09:00:00,5.538251310549454e-10,0,0.0,500.0,dhaka_bangladesh
2022-12-02 10:00:00,5.312232267899917e-10,0,0.0,500.0,dhaka_bangladesh
2022-12-02 11:00:00,5.095437185084562e-10,0,0.0,500.0,dhaka_bangladesh
2022-12-02 12:00:00,4.887489627294971e-10,0,0.0,500.0,dhaka_bangladesh
2022-12-02 13:00:00,4.688028522231618e-10,0,0.0,500.0,dhaka_bangladesh
2022-12-02 14:00:00,4.4967075331514943e-10,0,0.0,500.0,dhaka_bangladesh
2022-12-02 15:00:00,4.313194457502149e-10,0,0.0,500.0,dhaka_bangladesh
2022-12-02 16:00:00,4.13717065009764e-10,0,0.0,500.0,dhaka_bangladesh
2022-12-02 17:00:00,3.968330469835011e-10,0,0.0,500.0,dhaka_bangladesh
2022-12-02 18:00:00,3.806380748990691e-10,0,0.0,500.0,dhaka_bangladesh
2022-12-02 19:00:00,3.651040284175064e-10,0,0.0,500.0,dhaka_bangladesh
2022-12-02 20:00:00,3.5020393480614696e-10,0,0.0,500.0,dhaka_bangladesh
2022-12-02 21:00:00,3.359119221041917e-10,0,0.0,500.0,dhaka_bangladesh
2022-12-02 22:00:00,3.2220317419960754e-10,0,0.0,500.0,dhaka_bangladesh
2022-12-02 23:00:00,3.090538877393623e-10,0,0.0,500.0,dhaka_bangladesh
2022-12-03 00:00:00,2.9644123079818706e-10,0,0.0,500.0,dhaka_bangladesh
2022-12-03 01:00:00,2.843433032340785e-10,0,0.0,500.0,dhaka_bangladesh
2022-12-03 02:00:00,2.7273909866171447e-10,0,0.0,500.0,dhaka_bangladesh
2022-12-03 03:00:00,2.6160846797776524e-10,0,0.0,500.0,dhaka_bangladesh
2022-12-03 04:00:00,2.509320843747466e-10,0,0.0,500.0,dhaka_bangladesh
2022-12-03 05:00:00,2.406914097826774e-10,0,0.0,500.0,dhaka_bangladesh
2022-12-03 06:00:00,2.3086866268027917e-10,0,0.0,500.0,dhaka_bangladesh
2022-12-03 07:00:00,2.2144678721981023e-10,0,0.0,500.0,dhaka_bangladesh
2022-12-03 08:00:00,2.1240942361193235e-10,0,0.0,500.0,dhaka_bangladesh
2022-12-03 09:00:00,2.0374087971919413e-10,0,0.0,500.0,dhaka_bangladesh
2022-12-03 10:00:00,1.9542610380879251e-10,0,0.0,500.0,dhaka_bangladesh
2022-12-03 11:00:00,1.8745065841730958e-10,0,0.0,500.0,dhaka_bangladesh
2022-12-03 12:00:00,1.7980069528204947e-10,0,0.0,500.0,dhaka_bangladesh
2022-12-03 13:00:00,1.72462931295435e-10,0,0.0,500.0,dhaka_bangladesh
2022-12-03 14:00:00,1.6542462544071869e-10,0,0.0,500.0,dhaka_bangladesh
2022-12-03 15:00:00,1.586735566689653e-10,0,0.0,500.0,dhaka_bangladesh
2022-12-03 16:00:00,1.5219800267888127e-10,0,0.0,500.0,dhaka_bangladesh
2022-12-03 17:00:00,1.4598671956265113e-10,0,0.0,500.0,dhaka_bangladesh
2022-12-03 18:00:00,1.4002892228244314e-10,0,0.0,500.0,dhaka_bangladesh
2022-12-03 19:00:00,1.3431426594367468e-10,0,0.0,500.0,dhaka_bangladesh
2022-12-03 20:00:00,1.288328278325256e-10,0,0.0,500.0,dhaka_bangladesh
2022-12-03 21:00:00,1.235750901865151e-10,0,0.0,500.0,dhaka_bangladesh
2022-12-03 22:00:00,1.1853192366821651e-10,0,0.0,500.0,dhaka_bangladesh
2022-12-03 23:00:00,1.1369457151341826e-10,0,0.0,500.0,dhaka_bangladesh
2022-12-04 00:00:00,1.0905463432621163e-10,0,0.0,500.0,dhaka_bangladesh
2022-12-04 01:00:00,1.0460405549459477e-10,0,0.0,500.0,dhaka_bangladesh
2022-12-04 02:00:00,1.0033510720127438e-10,0,0.0,500.0,dhaka_bangladesh
2022-12-04 03:00:00,9.624037700537746e-11,0,0.0,500.0,dhaka_bangladesh
2022-12-04 04:00:00,9.2312754971767e-11,0,0.0,500.0,dhaka_bangladesh
2022-12-04 05:00:00,8.8545421325618e-11,0,0.0,500.0,dhaka_bangladesh
2022-12-04 06:00:00,8.493183461081932e-11,0,0.0,500.0,dhaka_bangladesh
2022-12-04 07:00:00,8.14657203316351e-11,0,0.0,500.0,dhaka_bangladesh
2022-12-04 08:00:00,7.814106005790585e-11,0,0.0,500.0,dhaka_bangladesh
2022-12-04 09:00:00,7.495208097487519e-11,0,0.0,500.0,dhaka_bangladesh
2022-12-04 10:00:00,7.189324585949087e-11,0,0.0,500.0,dhaka_bangladesh
2022-12-04 11:00:00,6.895924346577877e-11,0,0.0,500.0,dhaka_bangladesh
2022-12-04 12:00:00,6.614497930259715e-11,0,0.0,500.0,dhaka_bangladesh
2022-12-04 13:00:00,6.344556678775349e-11,0,0.0,500.0,dhaka_bangladesh
2022-12-04 14:00:00,6.085631876312675e-11,0,0.0,500.0,dhaka_bangladesh
2022-12-04 15:00:00,5.837273935606415e-11,0,0.0,500.0,dhaka_bangladesh
2022-12-04 16:00:00,5.599051617291653e-11,0,0.0,500.0,dhaka_bangladesh
2022-12-04 17:00:00,5.3705512811160155e-11,0,0.0,500.0,dhaka_bangladesh
2022-12-04 18:00:00,5.1513761677104515e-11,0,0.0,500.0,dhaka_bangladesh
2022-12-04 19:00:00,4.941145709671152e-11,0,0.0,500.0,dhaka_bangladesh
2022-12-04 20:00:00,4.7394948707566144e-11,0,0.0,500.0,dhaka_bangladesh
2022-12-04 21:00:00,4.546073512052577e-11,0,0.0,500.0,dhaka_bangladesh
2022-12-04 22:00:00,4.3605457840039555e-11,0,0.0,500.0,dhaka_bangladesh
2022-12-04 23:00:00,4.18258954325829e-11,0,0.0,500.0,dhaka_bangladesh
2022-12-05 00:00:00,4.011895793308272e-11,0,0.0,500.0,dhaka_bangladesh
2022-12-05 01:00:00,3.8481681479618054e-11,0,0.0,500.0,dhaka_bangladesh
2022-12-05 02:00:00,3.6911223167081585e-11,0,0.0,500.0,dhaka_bangladesh
2022-12-05 03:00:00,3.540485611086718e-11,0,0.0,500.0,dhaka_bangladesh
2022-12-05 04:00:00,3.3959964712009926e-11,0,0.0,500.0,dhaka_bangladesh
2022-12-05 05:00:00,3.257404011555826e-11,0,0.0,500.0,dhaka_bangladesh
2022-12-05 06:00:00,3.124467585429358e-11,0,0.0,500.0,dhaka_bangladesh
2022-12-05 07:00:00,2.9969563670230924e-11,0,0.0,500.0,dhaka_bangladesh
2022-12-05 08:00:00,2.8746489506646516e-11,0,0.0,500.0,dhaka_bangladesh
2022-12-05 09:00:00,2.757332966367378e-11,0,0.0,500.0,dhaka_bangladesh
2022-12-05 10:00:00,2.6448047110790607e-11,0,0.0,500.0,dhaka_bangladesh
2022-12-05 11:00:00,2.5368687949796122e-11,0,0.0,500.0,dhaka_bangladesh
2022-12-05 12:00:00,2.4333378022136058e-11,0,0.0,500.0,dhaka_bangladesh
2022-12-05 13:00:00,2.3340319654684168e-11,0,0.0,500.0,dhaka_bangladesh
2022-12-05 14:00:00,2.2387788538330234e-11,0,0.0,500.0,dhaka_bangladesh
2022-12-05 15:00:00,2.1474130733955135e-11,0,0.0,500.0,dhaka_bangladesh
2022-12-05 16:00:00,2.0597759800593135e-11,0,0.0,500.0,dhaka_bangladesh
2022-12-05 17:00:00,1.9757154040795336e-11,0,0.0,500.0,dhaka_bangladesh
2022-12-05 18:00:00,1.8950853858412068e-11,0,0.0,500.0,dhaka_bangladesh
2022-12-05 19:00:00,1.8177459224204936e-11,0,0.0,500.0,dhaka_bangladesh
2022-12-05 20:00:00,1.7435627244888606e-11,0,0.0,500.0,dhaka_bangladesh
2022-12-05 21:00:00,1.6724069831381974e-11,0,0.0,500.0,dhaka_bangladesh
2022-12-05 22:00:00,1.6041551462218636e-11,0,0.0,500.0,dhaka_bangladesh
2022-12-05 23:00:00,1.5386887038233775e-11,0,0.0,500.0,dhaka_bangladesh
2022-12-06 00:00:00,1.4758939824803073e-11,0,0.0,500.0,dhaka_bangladesh
2022-12-06 01:00:00,1.4156619478059334e-11,0,0.0,500.0,dhaka_bangladesh
2022-12-06 02:00:00,1.3578880151660368e-11,0,0.0,500.0,dhaka_bangladesh
2022-12-06 03:00:00,1.3024718680821143e-11,0,0.0,500.0,dhaka_bangladesh
2022-12-06 04:00:00,1.2493172840456114e-11,0,0.0,500.0,dhaka_bangladesh
2022-12-06 05:00:00,1.1983319674407716e-11,0,0.0,500.0,dhaka_bangladesh
2022-12-06 06:00:00,1.1494273892860377e-11,0,0.0,500.0,dhaka_bangladesh
2022-12-06 07:00:00,1.1025186335156512e-11,0,0.0,500.0,dhaka_bangladesh
2022-12-06 08:00:00,1.057524249534585e-11,0,0.0,500.0,dhaka_bangladesh
2022-12-06 09:00:00,1.0143661107908262e-11,0,0.0,500.0,dhaka_bangladesh
2022-12-06 10:00:00,9.729692791193627e-12,0,0.0,500.0,dhaka_bangladesh
2022-12-06 11:00:00,9.3326187462237e-12,0,0.0,500.0,dhaka_bangladesh
2022-12-06 12:00:00,8.951749508596866e-12,0,0.0,500.0,dhaka_bangladesh
2022-12-06 13:00:00,8.586423751328045e-12,0,0.0,500.0,dhaka_bangladesh
2022-12-06 14:00:00,8.236007136545346e-12,0,0.0,500.0,dhaka_bangladesh
2022-12-06 15:00:00,7.89989121404991e-12,0,0.0,500.0,dhaka_bangladesh
2022-12-06 16:00:00,7.577492364825802e-12,0,0.0,500.0,dhaka_bangladesh
2022-12-06 17:00:00,7.268250787665892e-12,0,0.0,500.0,dhaka_bangladesh
2022-12-06 18:00:00,6.971629527154304e-12,0,0.0,500.0,dhaka_bangladesh
2022-12-06 19:00:00,6.6871135413171895e-12,0,0.0,500.0,dhaka_bangladesh
2022-12-06 20:00:00,6.414208807323194e-12,0,0.0,500.0,dhaka_bangladesh
2022-12-06 21:00:00,6.15244146368098e-12,0,0.0,500.0,dhaka_bangladesh
2022-12-06 22:00:00,5.901356987443924e-12,0,0.0,500.0,dhaka_bangladesh
2022-12-06 23:00:00,5.660519404993552e-12,0,0.0,500.0,dhaka_bangladesh
2022-12-07 00:00:00,5.429510535031501e-12,0,0.0,500.0,dhaka_bangladesh
2022-12-07 01:00:00,5.207929262465223e-12,0,0.0,500.0,dhaka_bangladesh
2022-12-07 02:00:00,4.995390841926806e-12,0,0.0,500.0,dhaka_bangladesh
2022-12-07 03:00:00,4.7915262297157285e-12,0,0.0,500.0,dhaka_bangladesh
2022-12-07 04:00:00,4.595981443005236e-12,0,0.0,500.0,dhaka_bangladesh
2022-12-07 05:00:00,4.408416945199861e-12,0,0.0,500.0,dhaka_bangladesh
2022-12-07 06:00:00,4.228507056376974e-12,0,0.0,500.0,dhaka_bangladesh
2022-12-07 07:00:00,4.055939387788401e-12,0,0.0,500.0,dhaka_bangladesh
2022-12-07 08:00:00,3.890414299440322e-12,0,0.0,500.0,dhaka_bangladesh
2022-12-07 09:00:00,3.731644379809785e-12,0,0.0,500.0,dhaka_bangladesh
2022-12-07 10:00:00,3.5793539467941234e-12,0,0.0,500.0,dhaka_bangladesh
2022-12-07 11:00:00,3.4332785690269014e-12,0,0.0,500.0,dhaka_bangladesh
2022-12-07 12:00:00,3.293164606729349e-12,0,0.0,500.0,dhaka_bangladesh
2022-12-07 13:00:00,3.1587687712997598e-12,0,0.0,500.0,dhaka_bangladesh
2022-12-07 14:00:00,3.0298577028763126e-12,0,0.0,500.0,dhaka_bangladesh
2022-12-07 15:00:00,2.906207565139868e-12,0,0.0,500.0,dhaka_bangladesh
2022-12-07 16:00:00,2.7876036566529866e-12,0,0.0,500.0,dhaka_bangladesh
2022-12-07 17:00:00,2.6738400380604236e-12,0,0.0,500.0,dhaka_bangladesh
2022-12-07 18:00:00,2.564719174503852e-12,0,0.0,500.0,dhaka_bangladesh
2022-12-07 19:00:00,2.4600515926297532e-12,0,0.0,500.0,dhaka_bangladesh
2022-12-07 20:00:00,2.3596555515950004e-12,0,0.0,500.0,dhaka_bangladesh
2022-12-07 21:00:00,2.26335672749897e-12,0,0.0,500.0,dhaka_bangladesh
2022-12-07 22:00:00,2.1709879106940578e-12,0,0.0,500.0,dhaka_bangladesh
2022-12-07 23:00:00,2.082388715449133e-12,0,0.0,500.0,dhaka_bangladesh
2022-12-08 00:00:00,1.9974053014618472e-12,0,0.0,500.0,dhaka_bangladesh
2022-12-08 01:00:00,1.9158901067361076e-12,0,0.0,500.0,dhaka_bangladesh
2022-12-08 02:00:00,1.837701591360974e-12,0,0.0,500.0,dhaka_bangladesh
2022-12-08 03:00:00,1.7627039917461302e-12,0,0.0,500.0,dhaka_bangladesh
2022-12-08 04:00:00,1.6907670848870853e-12,0,0.0,500.0,dhaka_bangladesh
2022-12-08 05:00:00,1.6217659622508415e-12,0,0.0,500.0,dhaka_bangladesh
2022-12-08 06:00:00,1.5555808128894617e-12,0,0.0,500.0,dhaka_bangladesh
2022-12-08 07:00:00,1.4920967154048384e-12,0,0.0,500.0,dhaka_bangladesh
2022-12-08 08:00:00,1.4312034384034934e-12,0,0.0,500.0,dhaka_bangladesh
2022-12-08 09:00:00,1.372795249094977e-12,0,0.0,500.0,dhaka_bangladesh
2022-12-08 10:00:00,1.3167707297014182e-12,0,0.0,500.0,dhaka_bangladesh
2022-12-08 11:00:00,1.2630326013595059e-12,0,0.0,500.0,dhaka_bangladesh
2022-12-08 12:00:00,1.2114875552091654e-12,0,0.0,500.0,dhaka_bangladesh
2022-12-08 13:00:00,1.1620460903755591e-12,0,0.0,500.0,dhaka_bangladesh
2022-12-08 14:00:00,1.114622358563128e-12,0,0.0,500.0,dhaka_bangladesh
2022-12-08 15:00:00,1.0691340149918725e-12,0,0.0,500.0,dhaka_bangladesh
2022-12-08 16:00:00,1.02550207541697e-12,0,0.0,500.0,dhaka_bangladesh
2022-12-08 17:00:00,9.836507789834966e-13,0,0.0,500.0,dhaka_bangladesh
2022-12-08 18:00:00,9.4350745667816e-13,0,0.0,500.0,dhaka_bangladesh
2022-12-08 19:00:00,9.0500240514955e-13,0,0.0,500.0,dhaka_bangladesh
2022-12-08 20:00:00,8.680687656778602e-13,0,0.0,500.0,dhaka_bangladesh
2022-12-08 21:00:00,8.326424080839455e-13,0,0.0,500.0,dhaka_bangladesh
2022-12-08 22:00:00,7.98661819376087e-13,0,0.0,500.0,dhaka_bangladesh
2022-12-08 23:00:00,7.660679969411446e-13,0,0.0,500.0,dhaka_bangladesh
2022-12-09 00:00:00,7.348043460946606e-13,0,0.0,500.0,dhaka_bangladesh
2022-12-09 01:00:00,7.048165818119744e-13,0,0.0,500.0,dhaka_bangladesh
2022-12-09 02:00:00,6.760526344697454e-13,0,0.0,500.0,dhaka_bangladesh
2022-12-09 03:00:00,6.48462559434237e-13,0,0.0,500.0,dhaka_bangladesh
2022-12-09 04:00:00,6.219984503393294e-13,0,0.0,500.0,dhaka_bangladesh
2022-12-09 05:00:00,5.96614355903706e-13,0,0.0,500.0,dhaka_bangladesh
2022-12-09 06:00:00,5.722662001427931e-13,0,0.0,500.0,dhaka_bangladesh
2022-12-09 07:00:00,5.489117058368766e-13,0,0.0,500.0,dhaka_bangladesh
2022-12-09 08:00:00,5.26510321122524e-13,0,0.0,500.0,dhaka_bangladesh
2022-12-09 09:00:00,5.050231490798711e-13,0,0.0,500.0,dhaka_bangladesh
2022-12-09 10:00:00,4.844128801934702e-13,0,0.0,500.0,dhaka_bangladesh
2022-12-09 11:00:00,4.646437275694482e-13,0,0.0,500.0,dhaka_bangladesh
2022-12-09 12:00:00,4.456813647965046e-13,0,0.0,500.0,dhaka_bangladesh
2022-12-09 13:00:00,4.274928663428201e-13,0,0.0,500.0,dhaka_bangladesh
2022-12-09 14:00:00,4.100466503853985e-13,0,0.0,500.0,dhaka_bangladesh
2022-12-09 15:00:00,3.933124239725905e-13,0,0.0,500.0,dhaka_bangladesh
2022-12-09 16:00:00,3.772611304245491e-13,0,0.0,500.0,dhaka_bangladesh
2022-12-09 17:00:00,3.6186489888030263e-13,0,0.0,500.0,dhaka_bangladesh
2022-12-09 18:00:00,3.4709699590385027e-13,0,0.0,500.0,dhaka_bangladesh
2022-12-09 19:00:00,3.329317790652278e-13,0,0.0,500.0,dhaka_bangladesh
2022-12-09 20:00:00,3.19344652415955e-13,0,0.0,500.0,dhaka_bangladesh
2022-12-09 21:00:00,3.063120237815659e-13,0,0.0,500.0,dhaka_bangladesh
2022-12-09 22:00:00,2.938112637970423e-13,0,0.0,500.0,dhaka_bangladesh
2022-12-09 23:00:00,2.8182066661403446e-13,0,0.0,500.0,dhaka_bangladesh
2022-12-10 00:00:00,2.7031941221165083e-13,0,0.0,500.0,dhaka_bangladesh
2022-12-10 01:00:00,2.5928753024535526e-13,0,0.0,500.0,dhaka_bangladesh
2022-12-10 02:00:00,2.487058653712113e-13,0,0.0,500.0,dhaka_bangladesh
2022-12-10 03:00:00,2.385560439852703e-13,0,0.0,500.0,dhaka_bangladesh
2022-12-10 04:00:00,2.288204423203356e-13,0,0.0,500.0,dhaka_bangladesh
2022-12-10 05:00:00,2.1948215584471537e-13,0,0.0,500.0,dhaka_bangladesh
2022-12-10 06:00:00,2.1052496990983552e-13,0,0.0,500.0,dhaka_bangladesh
2022-12-10 07:00:00,2.0193333159573326e-13,0,0.0,500.0,dhaka_bangladesh
2022-12-10 08:00:00,1.9369232270555076e-13,0,0.0,500.0,dhaka_bangladesh
2022-12-10 09:00:00,1.8578763386214505e-13,0,0.0,500.0,dhaka_bangladesh
2022-12-10 10:00:00,1.7820553966182263e-13,0,0.0,500.0,dhaka_bangladesh
2022-12-10 11:00:00,1.7093287484206445e-13,0,0.0,500.0,dhaka_bangladesh
2022-12-10 12:00:00,1.6395701142186386e-13,0,0.0,500.0,dhaka_bangladesh
2022-12-10 13:00:00,1.572658367749747e-13,0,0.0,500.0,dhaka_bangladesh
2022-12-10 14:00:00,1.5084773259800217e-13,0,0.0,500.0,dhaka_bangladesh
2022-12-10 15:00:00,1.4469155473682203e-13,0,0.0,500.0,dhaka_bangladesh
2022-12-10 16:00:00,1.3878661383628978e-13,0,0.0,500.0,dhaka_bangladesh
2022-12-10 17:00:00,1.3312265677964625e-13,0,0.0,500.0,dhaka_bangladesh
2022-12-10 18:00:00,1.276898488853949e-13,0,0.0,500.0,dhaka_bangladesh
2022-12-10 19:00:00,1.2247875683073008e-13,0,0.0,500.0,dhaka_bangladesh
2022-12-10 20:00:00,1.1748033227186998e-13,0,0.0,500.0,dhaka_bangladesh
2022-12-10 21:00:00,1.1268589613285605e-13,0,0.0,500.0,dhaka_bangladesh
2022-12-10 22:00:00,1.0808712353553112e-13,0,0.0,500.0,dhaka_bangladesh
2022-12-10 23:00:00,1.0367602934453435e-13,0,0.0,500.0,dhaka_bangladesh
2022-12-11 00:00:00,9.944495430221488e-14,0,0.0,500.0,dhaka_bangladesh
2022-12-11 01:00:00,9.538655172938475e-14,0,0.0,500.0,dhaka_bangladesh
2022-12-11 02:00:00,9.149377476882119e-14,0,0.0,500.0,dhaka_bangladesh
2022-12-11 03:00:00,8.775986414937128e-14,0,0.0,500.0,dhaka_bangladesh
2022-12-11 04:00:00,8.417833644940733e-14,0,0.0,500.0,dhaka_bangladesh
2022-12-11 05:00:00,8.074297283925732e-14,0,0.0,500.0,dhaka_bangladesh
2022-12-11 06:00:00,7.744780828306502e-14,0,0.0,500.0,dhaka_bangladesh
2022-12-11 07:00:00,7.42871211813259e-14,0,0.0,500.0,dhaka_bangladesh
2022-12-11 08:00:00,7.125542343611669e-14,0,0.0,500.0,dhaka_bangladesh
2022-12-11 09:00:00,6.834745092177046e-14,0,0.0,500.0,dhaka_bangladesh
2022-12-11 10:00:00,6.555815434444661e-14,0,0.0,500.0,dhaka_bangladesh
2022-12-11 11:00:00,6.288269047472676e-14,0,0.0,500.0,dhaka_bangladesh
2022-12-11 12:00:00,6.031641373801507e-14,0,0.0,500.0,dhaka_bangladesh
2022-12-11 13:00:00,5.785486814813695e-14,0,0.0,500.0,dhaka_bangladesh
2022-12-11 14:00:00,5.54937795701322e-14,0,0.0,500.0,dhaka_bangladesh
2022-12-11 15:00:00,5.3229048298809245e-14,0,0.0,500.0,dhaka_bangladesh
2022-12-11 16:00:00,5.1056741940171046e-14,0,0.0,500.0,dhaka_bangladesh
2022-12-11 17:00:00,4.897308858335397e-14,0,0.0,500.0,dhaka_bangladesh
2022-12-11 18:00:00,4.6974470251224983e-14,0,0.0,500.0,dhaka_bangladesh
2022-12-11 19:00:00,4.5057416618261944e-14,0,0.0,500.0,dhaka_bangladesh
2022-12-11 20:00:00,4.321859898481089e-14,0,0.0,500.0,dhaka_bangladesh
2022-12-11 21:00:00,4.145482449725827e-14,0,0.0,500.0,dhaka_bangladesh
2022-12-11 22:00:00,3.9763030604079846e-14,0,0.0,500.0,dhaka_bangladesh
2022-12-11 23:00:00,3.8140279738141354e-14,0,0.0,500.0,dhaka_bangladesh
2022-12-12 00:00:00,3.658375421601843e-14,0,0.0,500.0,dhaka_bangladesh
2022-12-12 01:00:00,3.5090751345476934e-14,0,0.0,500.0,dhaka_bangladesh
2022-12-12 02:00:00,3.3658678732619745e-14,0,0.0,500.0,dhaka_bangladesh
2022-12-12 03:00:00,3.22850497805524e-14,0,0.0,500.0,dhaka_bangladesh
2022-12-12 04:00:00,3.0967479371749615e-14,0,0.0,500.0,dhaka_bangladesh
2022-12-12 05:00:00,2.9703679726626926e-14,0,0.0,500.0,dhaka_bangladesh
2022-12-12 06:00:00,2.849145643112696e-14,0,0.0,500.0,dhaka_bangladesh
2022-12-12 07:00:00,2.732870462642139e-14,0,0.0,500.0,dhaka_bangladesh
2022-12-12 08:00:00,2.62134053541131e-14,0,0.0,500.0,dhaka_bangladesh
2022-12-12 09:00:00,2.5143622050593495e-14,0,0.0,500.0,dhaka_bangladesh
2022-12-12 10:00:00,2.4117497184466182e-14,0,0.0,500.0,dhaka_bangladesh
2022-12-12 11:00:00,2.3133249031199263e-14,0,0.0,500.0,dhaka_bangladesh
2022-12-12 12:00:00,2.2189168579406492e-14,0,0.0,500.0,dhaka_bangladesh
2022-12-12 13:00:00,2.1283616563384107e-14,0,0.0,500.0,dhaka_bangladesh
2022-12-12 14:00:00,2.041502061675144e-14,0,0.0,500.0,dhaka_bangladesh
2022-12-12 15:00:00,1.9581872542253656e-14,0,0.0,500.0,dhaka_bangladesh
2022-12-12 16:00:00,1.878272569298466e-14,0,0.0,500.0,dhaka_bangladesh
2022-12-12 17:00:00,1.8016192460483798e-14,0,0.0,500.0,dhaka_bangladesh
2022-12-12 18:00:00,1.7280941865345187e-14,0,0.0,500.0,dhaka_bangladesh
2022-12-12 19:00:00,1.6575697246155064e-14,0,0.0,500.0,dhaka_bangladesh
2022-12-12 20:00:00,1.5899234042744895e-14,0,0.0,500.0,dhaka_bangladesh
2022-12-12 21:00:00,1.525037766991159e-14,0,0.0,500.0,dhaka_bangladesh
2022-12-12 22:00:00,1.462800147791185e-14,0,0.0,500.0,dhaka_bangladesh
2022-12-12 23:00:00,1.4031024796189923e-14,0,0.0,500.0,dhaka_bangladesh
2022-12-13 00:00:00,1.3458411056942256e-14,0,0.0,500.0,dhaka_bangladesh
2022-12-13 01:00:00,1.2909165995260094e-14,0,0.0,500.0,dhaka_bangladesh
2022-12-13 02:00:00,1.2382335922725263e-14,0,0.0,500.0,dhaka_bangladesh
2022-12-13 03:00:00,1.1877006071461854e-14,0,0.0,500.0,dhaka_bangladesh
2022-12-13 04:00:00,1.1392299005767378e-14,0,0.0,500.0,dhaka_bangladesh
2022-12-13 05:00:00,1.0927373098567012e-14,0,0.0,500.0,dhaka_bangladesh
2022-12-13 06:00:00,1.048142107004352e-14,0,0.0,500.0,dhaka_bangladesh
2022-12-13 07:00:00,1.0053668585907279e-14,0,0.0,500.0,dhaka_bangladesh
2022-12-13 08:00:00,9.643372912871622e-15,0,0.0,500.0,dhaka_bangladesh
2022-12-13 09:00:00,9.24982162899832e-15,0,0.0,500.0,dhaka_bangladesh
2022-12-13 10:00:00,8.87233138667522e-15,0,0.0,500.0,dhaka_bangladesh
2022-12-13 11:00:00,8.510246726077395e-15,0,0.0,500.0,dhaka_bangladesh
2022-12-13 12:00:00,8.162938937051015e-15,0,0.0,500.0,dhaka_bangladesh
2022-12-13 13:00:00,7.829804967444973e-15,0,0.0,500.0,dhaka_bangladesh
2022-12-13 14:00:00,7.510266375993993e-15,0,0.0,500.0,dhaka_bangladesh
2022-12-13 15:00:00,7.203768327934709e-15,0,0.0,500.0,dhaka_bangladesh
2022-12-13 16:00:00,6.909778631611666e-15,0,0.0,500.0,dhaka_bangladesh
2022-12-13 17:00:00,6.6277868143999326e-15,0,0.0,500.0,dhaka_bangladesh
2022-12-13 18:00:00,6.3573032363393915e-15,0,0.0,500.0,dhaka_bangladesh
2022-12-13 19:00:00,6.09785823994252e-15,0,0.0,500.0,dhaka_bangladesh
2022-12-13 20:00:00,5.8490013346989635e-15,0,0.0,500.0,dhaka_bangladesh
2022-12-13 21:00:00,5.610300414860538e-15,0,0.0,500.0,dhaka_bangladesh
2022-12-13 22:00:00,5.381341009149225e-15,0,0.0,500.0,dhaka_bangladesh
2022-12-13 23:00:00,5.161725561084999e-15,0,0.0,500.0,dhaka_bangladesh
2022-12-14 00:00:00,4.951072738683495e-15,0,0.0,500.0,dhaka_bangladesh
2022-12-14 01:00:00,4.7490167723256525e-15,0,0.0,500.0,dhaka_bangladesh
2022-12-14 02:00:00,4.555206819649245e-15,0,0.0,500.0,dhaka_bangladesh
2022-12-14 03:00:00,4.369306356359215e-15,0,0.0,500.0,dhaka_bangladesh
2022-12-14 04:00:00,4.1909925918996814e-15,0,0.0,500.0,dhaka_bangladesh
2022-12-14 05:00:00,4.019955908972685e-15,0,0.0,500.0,dhaka_bangladesh
2022-12-14 06:00:00,3.855899325930191e-15,0,0.0,500.0,dhaka_bangladesh
2022-12-14 07:00:00,3.698537981106454e-15,0,0.0,500.0,dhaka_bangladesh
2022-12-14 08:00:00,3.547598638195036e-15,0,0.0,500.0,dhaka_bangladesh
2022-12-14 09:00:00,3.4028192118114223e-15,0,0.0,500.0,dhaka_bangladesh
2022-12-14 10:00:00,3.2639483124179285e-15,0,0.0,500.0,dhaka_bangladesh
2022-12-14 11:00:00,3.130744809820448e-15,0,0.0,500.0,dhaka_bangladesh
2022-12-14 12:00:00,3.002977414478935e-15,0,0.0,500.0,dhaka_bangladesh
2022-12-14 13:00:00,2.8804242759050392e-15,0,0.0,500.0,dhaka_bangladesh
2022-12-14 14:00:00,2.7628725974493435e-15,0,0.0,500.0,dhaka_bangladesh
2022-12-14 15:00:00,2.6501182668091563e-15,0,0.0,500.0,dhaka_bangladesh
2022-12-14 16:00:00,2.541965501615673e-15,0,0.0,500.0,dhaka_bangladesh
2022-12-14 17:00:00,2.4382265094849015e-15,0,0.0,500.0,dhaka_bangladesh
2022-12-14 18:00:00,2.3387211619419374e-15,0,0.0,500.0,dhaka_bangladesh
2022-12-14 19:00:00,2.243276681652729e-15,0,0.0,500.0,dhaka_bangladesh
2022-12-14 20:00:00,2.151727342420075e-15,0,0.0,500.0,dhaka_bangladesh
2022-12-14 21:00:00,2.0639141814228054e-15,0,0.0,500.0,dhaka_bangladesh
2022-12-14 22:00:00,1.979684723198783e-15,0,0.0,500.0,dhaka_bangladesh
2022-12-14 23:00:00,1.8988927148923e-15,0,0.0,500.0,dhaka_bangladesh
2022-12-15 00:00:00,1.8213978723060463e-15,0,0.0,500.0,dhaka_bangladesh
2022-12-15 01:00:00,1.7470656363169676e-15,0,0.0,500.0,dhaka_bangladesh
2022-12-15 02:00:00,1.6757669392329075e-15,0,0.0,500.0,dhaka_bangladesh
2022-12-15 03:00:00,1.6073779806842586e-15,0,0.0,500.0,dhaka_bangladesh
2022-12-15 04:00:00,1.5417800126617094e-15,0,0.0,500.0,dhaka_bangladesh
2022-12-15 05:00:00,1.4788591333267086e-15,0,0.0,500.0,dhaka_bangladesh
2022-12-15 06:00:00,1.4185060892365396e-15,0,0.0,500.0,dhaka_bangladesh
2022-12-15 07:00:00,1.3606160856407968e-15,0,0.0,500.0,dhaka_bangladesh
2022-12-15 08:00:00,1.3050886045197596e-15,0,0.0,500.0,dhaka_bangladesh
2022-12-15 09:00:00,1.251827230048634e-15,0,0.0,500.0,dhaka_bangladesh
2022-12-15 10:00:00,1.2007394811847799e-15,0,0.0,500.0,dhaka_bangladesh
2022-12-15 11:00:00,1.1517366510871397e-15,0,0.0,500.0,dhaka_bangladesh
2022-12-15 12:00:00,1.1047336530889735e-15,0,0.0,500.0,dhaka_bangladesh
2022-12-15 13:00:00,1.0596488729566021e-15,0,0.0,500.0,dhaka_bangladesh
2022-12-15 14:00:00,1.0164040271775556e-15,0,0.0,500.0,dhaka_bangladesh
2022-12-15 15:00:00,9.749240270319836e-16,0,0.0,500.0,dhaka_bangladesh
2022-12-15 16:00:00,9.351368482114589e-16,0,0.0,500.0,dhaka_bangladesh
2022-12-15 17:00:00,8.969734057587018e-16,0,0.0,500.0,dhaka_bangladesh
2022-12-15 18:00:00,0.08086897860131488,1,4.4,490.5046891906774,dhaka_bangladesh
2022-12-15 19:00:00,0.07756867168156575,1,4.4,490.5046891906774,dhaka_bangladesh
2022-12-15 20:00:00,0.07440305207891804,1,4.4,490.5046891906774,dhaka_bangladesh
2022-12-15 21:00:00,0.07136662313084031,1,4.4,490.5046891906774,dhaka_bangladesh
2022-12-15 22:00:00,0.06845411249658319,1,4.4,490.5046891906774,dhaka_bangladesh
2022-12-15 23:00:00,0.0656604630024855,1,4.4,490.5046891906774,dhaka_bangladesh
2022-12-16 00:00:00,0.06298082386088871,1,4.4,490.5046891906774,dhaka_bangladesh
2022-12-16 01:00:00,0.06041054224741211,1,4.4,490.5046891906774,dhaka_bangladesh
2022-12-16 02:00:00,0.05794515522196388,1,4.4,490.5046891906774,dhaka_bangladesh
2022-12-16 03:00:00,0.05558038197946028,1,4.4,490.5046891906774,dhaka_bangladesh
2022-12-16 04:00:00,0.05331211641679703,1,4.4,490.5046891906774,dhaka_bangladesh
2022-12-16 05:00:00,0.05113642000316671,1,4.4,490.5046891906774,dhaka_bangladesh
2022-12-16 06:00:00,0.049049514941342354,1,4.4,490.5046891906774,dhaka_bangladesh
2022-12-16 07:00:00,0.047047777608052746,1,4.4,490.5046891906774,dhaka_bangladesh
2022-12-16 08:00:00,0.045127732262059565,1,4.4,490.5046891906774,dhaka_bangladesh
2022-12-16 09:00:00,0.04328604500901147,1,4.4,490.5046891906774,dhaka_bangladesh
2022-12-16 10:00:00,0.04151951801259542,1,4.4,490.5046891906774,dhaka_bangladesh
2022-12-16 11:00:00,0.039825083941934486,1,4.4,490.5046891906774,dhaka_bangladesh
2022-12-16 12:00:00,0.038199800645590004,1,4.4,490.5046891906774,dhaka_bangladesh
2022-12-16 13:00:00,0.03664084604292078,1,4.4,490.5046891906774,dhaka_bangladesh
2022-12-16 14:00:00,0.0351455132239287,1,4.4,490.5046891906774,dhaka_bangladesh
2022-12-16 15:00:00,0.0337112057490822,1,4.4,490.5046891906774,dhaka_bangladesh
2022-12-16 16:00:00,0.03233543314095661,1,4.4,490.5046891906774,dhaka_bangladesh
2022-12-16 17:00:00,0.031015806559863014,1,4.4,490.5046891906774,dhaka_bangladesh
2022-12-16 18:00:00,0.02975003465595705,0,0.0,500.0,dhaka_bangladesh
2022-12-16 19:00:00,0.028535919590625493,0,0.0,500.0,dhaka_bangladesh
2022-12-16 20:00:00,0.02737135322024209,0,0.0,500.0,dhaka_bangladesh
2022-12-16 21:00:00,0.026254313435666466,0,0.0,500.0,dhaka_bangladesh
2022-12-16 22:00:00,0.025182860651130068,0,0.0,500.0,dhaka_bangladesh
2022-12-16 23:00:00,0.024155134436412533,0,0.0,500.0,dhaka_bangladesh
2022-12-17 00:00:00,0.023169350286460784,0,0.0,500.0,dhaka_bangladesh
2022-12-17 01:00:00,0.022223796522841774,0,0.0,500.0,dhaka_bangladesh
2022-12-17 02:00:00,0.02131683132164856,0,0.0,500.0,dhaka_bangladesh
2022-12-17 03:00:00,0.02044687986269915,0,0.0,500.0,dhaka_bangladesh
2022-12-17 04:00:00,0.01961243159507817,0,0.0,500.0,dhaka_bangladesh
2022-12-17 05:00:00,0.018812037614273136,0,0.0,500.0,dhaka_bangladesh
2022-12-17 06:00:00,0.018044308146351336,0,0.0,500.0,dhaka_bangladesh
2022-12-17 07:00:00,0.017307910134808736,0,0.0,500.0,dhaka_bangladesh
2022-12-17 08:00:00,0.01660156492590095,0,0.0,500.0,dhaka_bangladesh
2022-12-17 09:00:00,0.01592404604843704,0,0.0,500.0,dhaka_bangladesh
2022-12-17 10:00:00,0.015274177084181238,0,0.0,500.0,dhaka_bangladesh
2022-12-17 11:00:00,0.014650829625164643,0,0.0,500.0,dhaka_bangladesh
2022-12-17 12:00:00,0.014052921314360152,0,0.0,500.0,dhaka_bangladesh
2022-12-17 13:00:00,0.01347941396631855,0,0.0,500.0,dhaka_bangladesh
2022-12-17 14:00:00,0.012929311764502426,0,0.0,500.0,dhaka_bangladesh
2022-12-17 15:00:00,0.012401659532187876,0,0.0,500.0,dhaka_bangladesh
2022-12-17 16:00:00,0.011895541073931657,0,0.0,500.0,dhaka_bangladesh
2022-12-17 17:00:00,0.4718307579992354,1,4.2,443.08174726740157,dhaka_bangladesh
2022-12-17 18:00:00,0.4525750886126798,1,4.2,443.08174726740157,dhaka_bangladesh
2022-12-17 19:00:00,0.43410525354751645,1,4.2,443.08174726740157,dhaka_bangladesh
2022-12-17 20:00:00,0.4163891824784671,1,4.2,443.08174726740157,dhaka_bangladesh
2022-12-17 21:00:00,0.39939611388763874,1,4.2,443.08174726740157,dhaka_bangladesh
2022-12-17 22:00:00,0.3830965416513838,1,4.2,443.08174726740157,dhaka_bangladesh
2022-12-17 23:00:00,0.36746216380697905,1,4.2,443.08174726740157,dhaka_bangladesh
2022-12-18 00:00:00,0.3524658334101655,1,4.2,443.08174726740157,dhaka_bangladesh
2022-12-18 01:00:00,0.33808151139821657,1,4.2,443.08174726740157,dhaka_bangladesh
2022-12-18 02:00:00,0.3242842213766923,1,4.2,443.08174726740157,dhaka_bangladesh
2022-12-18 03:00:00,0.31105000625136897,1,4.2,443.08174726740157,dhaka_bangladesh
2022-12-18 04:00:00,0.29835588663004475,1,4.2,443.08174726740157,dhaka_bangladesh
2022-12-18 05:00:00,0.2861798209219882,1,4.2,443.08174726740157,dhaka_bangladesh
2022-12-18 06:00:00,0.27450066706575227,1,4.2,443.08174726740157,dhaka_bangladesh
2022-12-18 07:00:00,0.2632981458188952,1,4.2,443.08174726740157,dhaka_bangladesh
2022-12-18 08:00:00,1.3074990133068254,2,4.2,370.9365238873696,dhaka_bangladesh
2022-12-18 09:00:00,1.2541392687445079,2,4.2,370.9365238873696,dhaka_bangladesh
2022-12-18 10:00:00,1.2029571643262957,2,4.2,370.9365238873696,dhaka_bangladesh
2022-12-18 11:00:00,1.1538638293756882,2,4.2,370.9365238873696,dhaka_bangladesh
2022-12-18 12:00:00,1.1067740200767378,2,4.2,370.9365238873696,dhaka_bangladesh
2022-12-18 13:00:00,1.0616059714599044,2,4.2,370.9365238873696,dhaka_bangladesh
2022-12-18 14:00:00,1.0182812554284448,2,4.2,370.9365238873696,dhaka_bangladesh
2022-12-18 15:00:00,0.9767246445788217,2,4.2,370.9365238873696,dhaka_bangladesh
2022-12-18 16:00:00,0.9368639815786759,2,4.2,370.9365238873696,dhaka_bangladesh
2022-12-18 17:00:00,0.8986300538755557,1,4.2,370.9365238873696,dhaka_bangladesh
2022-12-18 18:00:00,0.8619564735188501,1,4.2,370.9365238873696,dhaka_bangladesh
2022-12-18 19:00:00,0.8267795618862529,1,4.2,370.9365238873696,dhaka_bangladesh
2022-12-18 20:00:00,0.793038239114606,1,4.2,370.9365238873696,dhaka_bangladesh
2022-12-18 21:00:00,0.760673918043126,1,4.2,370.9365238873696,dhaka_bangladesh
2022-12-18 22:00:00,0.7296304024848671,1,4.2,370.9365238873696,dhaka_bangladesh
2022-12-18 23:00:00,0.6998537896497817,1,4.2,370.9365238873696,dhaka_bangladesh
2022-12-19 00:00:00,0.6712923765499471,1,4.2,370.9365238873696,dhaka_bangladesh
2022-12-19 01:00:00,0.6438965702244468,1,4.2,370.9365238873696,dhaka_bangladesh
2022-12-19 02:00:00,0.6176188016280233,1,4.2,370.9365238873696,dhaka_bangladesh
2022-12-19 03:00:00,0.5924134430339802,1,4.2,370.9365238873696,dhaka_bangladesh
2022-12-19 04:00:00,0.5682367288079188,1,4.2,370.9365238873696,dhaka_bangladesh
2022-12-19 05:00:00,0.54504667941474,1,4.2,370.9365238873696,dhaka_bangladesh
2022-12-19 06:00:00,0.5228030285269631,1,4.2,370.9365238873696,dhaka_bangladesh
2022-12-19 07:00:00,0.501467153107791,1,4.2,370.9365238873696,dhaka_bangladesh
2022-12-19 08:00:00,0.4810020063475271,0,0.0,500.0,dhaka_bangladesh
2022-12-19 09:00:00,0.46137205333689074,0,0.0,500.0,dhaka_bangladesh
2022-12-19 10:00:00,0.4425432093655406,0,0.0,500.0,dhaka_bangladesh
2022-12-19 11:00:00,0.42448278073866863,0,0.0,500.0,dhaka_bangladesh
2022-12-19 12:00:00,0.4071594080089009,0,0.0,500.0,dhaka_bangladesh
2022-12-19 13:00:00,0.39054301152493576,0,0.0,500.0,dhaka_bangladesh
2022-12-19 14:00:00,0.3746047392023709,0,0.0,500.0,dhaka_bangladesh
2022-12-19 15:00:00,0.35931691642603253,0,0.0,500.0,dhaka_bangladesh
2022-12-19 16:00:00,0.34465299799681576,0,0.0,500.0,dhaka_bangladesh
2022-12-19 17:00:00,0.3305875220396026,0,0.0,500.0,dhaka_bangladesh
2022-12-19 18:00:00,0.31709606579222166,0,0.0,500.0,dhaka_bangladesh
2022-12-19 19:00:00,0.30415520319868466,0,0.0,500.0,dhaka_bangladesh
2022-12-19 20:00:00,0.2917424642330659,0,0.0,500.0,dhaka_bangladesh
2022-12-19 21:00:00,0.27983629588339665,0,0.0,500.0,dhaka_bangladesh
2022-12-19 22:00:00,0.2684160247278274,0,0.0,500.0,dhaka_bangladesh
2022-12-19 23:00:00,0.2574618210380778,0,0.0,500.0,dhaka_bangladesh
2022-12-20 00:00:00,0.2469546643478439,0,0.0,500.0,dhaka_bangladesh
2022-12-20 01:00:00,0.23687631042637783,0,0.0,500.0,dhaka_bangladesh
2022-12-20 02:00:00,0.22720925959989305,0,0.0,500.0,dhaka_bangladesh
2022-12-20 03:00:00,0.21793672636579065,0,0.0,500.0,dhaka_bangladesh
2022-12-20 04:00:00,0.20904261024694556,0,0.0,500.0,dhaka_bangladesh
2022-12-20 05:00:00,0.20051146783544488,0,0.0,500.0,dhaka_bangladesh
2022-12-20 06:00:00,0.19232848597723676,0,0.0,500.0,dhaka_bangladesh
2022-12-20 07:00:00,0.18447945605112825,0,0.0,500.0,dhaka_bangladesh
2022-12-20 08:00:00,0.17695074929747087,0,0.0,500.0,dhaka_bangladesh
2022-12-20 09:00:00,0.16972929315369623,0,0.0,500.0,dhaka_bangladesh
2022-12-20 10:00:00,0.1628025485556117,0,0.0,500.0,dhaka_bangladesh
2022-12-20 11:00:00,0.1561584881650413,0,0.0,500.0,dhaka_bangladesh
2022-12-20 12:00:00,0.1497855754860097,0,0.0,500.0,dhaka_bangladesh
2022-12-20 13:00:00,0.1436727448332055,0,0.0,500.0,dhaka_bangladesh
2022-12-20 14:00:00,0.13780938211794214,0,0.0,500.0,dhaka_bangladesh
2022-12-20 15:00:00,0.13218530641825468,0,0.0,500.0,dhaka_bangladesh
2022-12-20 16:00:00,0.1267907523011308,0,0.0,500.0,dhaka_bangladesh
2022-12-20 17:00:00,0.12161635286618087,0,0.0,500.0,dhaka_bangladesh
2022-12-20 18:00:00,0.1166531234813054,0,0.0,500.0,dhaka_bangladesh
2022-12-20 19:00:00,0.11189244618211858,0,0.0,500.0,dhaka_bangladesh
2022-12-20 20:00:00,0.1073260547080398,0,0.0,500.0,dhaka_bangladesh
2022-12-20 21:00:00,0.10294602014907035,0,0.0,500.0,dhaka_bangladesh
2022-12-20 22:00:00,0.09874473717833318,0,0.0,500.0,dhaka_bangladesh
2022-12-20 23:00:00,0.09471491084646996,0,0.0,500.0,dhaka_bangladesh
2022-12-21 00:00:00,0.09084954391496593,0,0.0,500.0,dhaka_bangladesh
2022-12-21 01:00:00,0.087141924706409,0,0.0,500.0,dhaka_bangladesh
2022-12-21 02:00:00,0.08358561545058583,0,0.0,500.0,dhaka_bangladesh
2022-12-21 03:00:00,0.0801744411061806,0,0.0,500.0,dhaka_bangladesh
2022-12-21 04:00:00,0.07690247863866595,0,0.0,500.0,dhaka_bangladesh
2022-12-21 05:00:00,0.07376404673576908,0,0.0,500.0,dhaka_bangladesh
2022-12-21 06:00:00,0.07075369594265545,0,0.0,500.0,dhaka_bangladesh
2022-12-21 07:00:00,0.06786619919970072,0,0.0,500.0,dhaka_bangladesh
2022-12-21 08:00:00,0.06509654276642156,0,0.0,500.0,dhaka_bangladesh
2022-12-21 09:00:00,0.06243991751580573,0,0.0,500.0,dhaka_bangladesh
2022-12-21 10:00:00,0.059891710583925055,0,0.0,500.0,dhaka_bangladesh
2022-12-21 11:00:00,0.0574474973603327,0,0.0,500.0,dhaka_bangladesh
2022-12-21 12:00:00,0.05510303380533618,0,0.0,500.0,dhaka_bangladesh
2022-12-21 13:00:00,0.05285424908080688,0,0.0,500.0,dhaka_bangladesh
2022-12-21 14:00:00,0.05069723848173033,0,0.0,500.0,dhaka_bangladesh
2022-12-21 15:00:00,0.04862825665622344,0,0.0,500.0,dhaka_bangladesh
2022-12-21 16:00:00,0.04664371110224678,0,0.0,500.0,dhaka_bangladesh
2022-12-21 17:00:00,0.04474015592971957,0,0.0,500.0,dhaka_bangladesh
2022-12-21 18:00:00,0.042914285877205915,0,0.0,500.0,dhaka_bangladesh
2022-12-21 19:00:00,0.04116293057278348,0,0.0,500.0,dhaka_bangladesh
2022-12-21 20:00:00,0.039483049029129344,0,0.0,500.0,dhaka_bangladesh
2022-12-21 21:00:00,0.03787172436326407,0,0.0,500.0,dhaka_bangladesh
2022-12-21 22:00:00,0.03632615873178617,0,0.0,500.0,dhaka_bangladesh
2022-12-21 23:00:00,0.034843668472802354,0,0.0,500.0,dhaka_bangladesh
2022-12-22 00:00:00,0.0334216794461181,0,0.0,500.0,dhaka_bangladesh
2022-12-22 01:00:00,0.03205772256359765,0,0.0,500.0,dhaka_bangladesh
2022-12-22 02:00:00,0.030749429501932605,0,0.0,500.0,dhaka_bangladesh
2022-12-22 03:00:00,0.029494528590374453,0,0.0,500.0,dhaka_bangladesh
2022-12-22 04:00:00,0.02829084086629122,0,0.0,500.0,dhaka_bangladesh
2022-12-22 05:00:00,0.02713627629169891,0,0.0,500.0,dhaka_bangladesh
2022-12-22 06:00:00,0.02602883012419825,0,0.0,500.0,dhaka_bangladesh
2022-12-22 07:00:00,0.02496657943601569,0,0.0,500.0,dhaka_bangladesh
2022-12-22 08:00:00,0.02394767977510407,0,0.0,500.0,dhaka_bangladesh
2022-12-22 09:00:00,0.022970361962505556,0,0.0,500.0,dhaka_bangladesh
2022-12-22 10:00:00,0.02203292902041611,0,0.0,500.0,dhaka_bangladesh
2022-12-22 11:00:00,0.021133753225617103,0,0.0,500.0,dhaka_bangladesh
2022-12-22 12:00:00,0.020271273283158163,0,0.0,500.0,dhaka_bangladesh
2022-12-22 13:00:00,0.01944399161538346,0,0.0,500.0,dhaka_bangladesh
2022-12-22 14:00:00,0.018650471761594296,0,0.0,500.0,dhaka_bangladesh
2022-12-22 15:00:00,0.01788933588383294,0,0.0,500.0,dhaka_bangladesh
2022-12-22 16:00:00,0.01715926237445675,0,0.0,500.0,dhaka_bangladesh
2022-12-22 17:00:00,0.01645898356134843,0,0.0,500.0,dhaka_bangladesh
2022-12-22 18:00:00,0.01578728350677802,0,0.0,500.0,dhaka_bangladesh
2022-12-22 19:00:00,0.01514299589609447,0,0.0,500.0,dhaka_bangladesh
2022-12-22 20:00:00,0.014525002012580761,0,0.0,500.0,dhaka_bangladesh
2022-12-22 21:00:00,0.013932228794956477,0,0.0,500.0,dhaka_bangladesh
2022-12-22 22:00:00,0.013363646974154611,0,0.0,500.0,dhaka_bangladesh
2022-12-22 23:00:00,0.012818269286137536,0,0.0,500.0,dhaka_bangladesh
2022-12-23 00:00:00,0.012295148757649001,0,0.0,500.0,dhaka_bangladesh
2022-12-23 01:00:00,0.011793377061925443,0,0.0,500.0,dhaka_bangladesh
2022-12-23 02:00:00,0.011312082941511627,0,0.0,500.0,dhaka_bangladesh
2022-12-23 03:00:00,0.010850430695442078,0,0.0,500.0,dhaka_bangladesh
2022-12-23 04:00:00,0.01040761872816142,0,0.0,500.0,dhaka_bangladesh
2022-12-23 05:00:00,0.009982878157664049,0,0.0,500.0,dhaka_bangladesh
2022-12-23 06:00:00,0.009575471480436451,0,0.0,500.0,dhaka_bangladesh
2022-12-23 07:00:00,0.009184691290883881,0,0.0,500.0,dhaka_bangladesh
2022-12-23 08:00:00,0.008809859053017935,0,0.0,500.0,dhaka_bangladesh
2022-12-23 09:00:00,0.008450323922272296,0,0.0,500.0,dhaka_bangladesh
2022-12-23 10:00:00,0.008105461615400733,0,0.0,500.0,dhaka_bangladesh
2022-12-23 11:00:00,0.007774673326495186,0,0.0,500.0,dhaka_bangladesh
2022-12-23 12:00:00,0.007457384687241811,0,0.0,500.0,dhaka_bangladesh
2022-12-23 13:00:00,0.007153044769609478,0,0.0,500.0,dhaka_bangladesh
2022-12-23 14:00:00,0.0068611251292390735,0,0.0,500.0,dhaka_bangladesh
2022-12-23 15:00:00,0.00658111888787269,0,0.0,500.0,dhaka_bangladesh
2022-12-23 16:00:00,0.006312539853229301,0,0.0,500.0,dhaka_bangladesh
2022-12-23 17:00:00,0.00605492167479881,0,0.0,500.0,dhaka_bangladesh
2022-12-23 18:00:00,0.005807817034088629,0,0.0,500.0,dhaka_bangladesh
2022-12-23 19:00:00,0.005570796867916675,0,0.0,500.0,dhaka_bangladesh
2022-12-23 20:00:00,0.005343449623402282,0,0.0,500.0,dhaka_bangladesh
2022-12-23 21:00:00,0.005125380543361267,0,0.0,500.0,dhaka_bangladesh
2022-12-23 22:00:00,0.004916210980864431,0,0.0,500.0,dhaka_bangladesh
2022-12-23 23:00:00,0.004715577741769336,0,0.0,500.0,dhaka_bangladesh
2022-12-24 00:00:00,0.004523132454083668,0,0.0,500.0,dhaka_bangladesh
2022-12-24 01:00:00,0.004338540963065236,0,0.0,500.0,dhaka_bangladesh
2022-12-24 02:00:00,0.004161482751008301,0,0.0,500.0,dhaka_bangladesh
2022-12-24 03:00:00,0.003991650380708697,0,0.0,500.0,dhaka_bangladesh
2022-12-24 04:00:00,0.0038287489616414586,0,0.0,500.0,dhaka_bangladesh
2022-12-24 05:00:00,0.003672495637924046,0,0.0,500.0,dhaka_bangladesh
2022-12-24 06:00:00,0.003522619097176046,0,0.0,500.0,dhaka_bangladesh
2022-12-24 07:00:00,0.0033788590994225736,0,0.0,500.0,dhaka_bangladesh
2022-12-24 08:00:00,0.0032409660252234085,0,0.0,500.0,dhaka_bangladesh
2022-12-24 09:00:00,0.0031087004422432046,0,0.0,500.0,dhaka_bangladesh
2022-12-24 10:00:00,0.0029818326895101966,0,0.0,500.0,dhaka_bangladesh
2022-12-24 11:00:00,0.0028601424786415665,0,0.0,500.0,dhaka_bangladesh
2022-12-24 12:00:00,0.0027434185113429897,0,0.0,500.0,dhaka_bangladesh
2022-12-24 13:00:00,0.002631458112518242,0,0.0,500.0,dhaka_bangladesh
2022-12-24 14:00:00,0.0025240668783518094,0,0.0,500.0,dhaka_bangladesh
2022-12-24 15:00:00,0.0024210583387534305,0,0.0,500.0,dhaka_bangladesh
2022-12-24 16:00:00,0.0023222536335784543,0,0.0,500.0,dhaka_bangladesh
2022-12-24 17:00:00,0.0022274812020618403,0,0.0,500.0,dhaka_bangladesh
2022-12-24 18:00:00,0.0021365764849265085,0,0.0,500.0,dhaka_bangladesh
2022-12-24 19:00:00,0.0020493816386488077,0,0.0,500.0,dhaka_bangladesh
2022-12-24 20:00:00,0.0019657452613849853,0,0.0,500.0,dhaka_bangladesh
2022-12-24 21:00:00,0.001885522130082726,0,0.0,500.0,dhaka_bangladesh
2022-12-24 22:00:00,0.0018085729483213152,0,0.0,500.0,dhaka_bangladesh
2022-12-24 23:00:00,0.0017347641044425954,0,0.0,500.0,dhaka_bangladesh
2022-12-25 00:00:00,0.0016639674395527142,0,0.0,500.0,dhaka_bangladesh
2022-12-25 01:00:00,0.0015960600249918502,0,0.0,500.0,dhaka_bangladesh
2022-12-25 02:00:00,0.0015309239488855298,0,0.0,500.0,dhaka_bangladesh
2022-12-25 03:00:00,0.0014684461114068904,0,0.0,500.0,dhaka_bangladesh
2022-12-25 04:00:00,0.0014085180283944,0,0.0,500.0,dhaka_bangladesh
2022-12-25 05:00:00,0.0013510356429840577,0,0.0,500.0,dhaka_bangladesh
2022-12-25 06:00:00,0.0012958991449289745,0,0.0,500.0,dhaka_bangladesh
2022-12-25 07:00:00,0.0012430127972926192,0,0.0,500.0,dhaka_bangladesh
2022-12-25 08:00:00,0.0011922847702148182,0,0.0,500.0,dhaka_bangladesh
2022-12-25 09:00:00,0.0011436269814618456,0,0.0,500.0,dhaka_bangladesh
2022-12-25 10:00:00,0.00109695494348375,0,0.0,500.0,dhaka_bangladesh
2022-12-25 11:00:00,0.0010521876167133629,0,0.0,500.0,dhaka_bangladesh
2022-12-25 12:00:00,0.0010092472688522493,0,0.0,500.0,dhaka_bangladesh
2022-12-25 13:00:00,0.0009680593398992693,0,0.0,500.0,dhaka_bangladesh
2022-12-25 14:00:00,0.0009285523126874105,0,0.0,500.0,dhaka_bangladesh
2022-12-25 15:00:00,0.0008906575887040725,0,0.0,500.0,dhaka_bangladesh
2022-12-25 16:00:00,0.0008543093689791929,0,0.0,500.0,dhaka_bangladesh
2022-12-25 17:00:00,0.0008194445398344027,0,0.0,500.0,dhaka_bangladesh
2022-12-25 18:00:00,0.0007860025632948083,0,0.0,500.0,dhaka_bangladesh
2022-12-25 19:00:00,0.0007539253719731382,0,0.0,500.0,dhaka_bangladesh
2022-12-25 20:00:00,0.0007231572682437193,0,0.0,500.0,dhaka_bangladesh
2022-12-25 21:00:00,0.0006936448275312207,0,0.0,500.0,dhaka_bangladesh
2022-12-25 22:00:00,0.0006653368055462334,0,0.0,500.0,dhaka_bangladesh
2022-12-25 23:00:00,0.0006381840493066197,0,0.0,500.0,dhaka_bangladesh
2022-12-26 00:00:00,0.0006121394117901282,0,0.0,500.0,dhaka_bangladesh
2022-12-26 01:00:00,0.0005871576700700802,0,0.0,500.0,dhaka_bangladesh
2022-12-26 02:00:00,0.0005631954467919866,0,0.0,500.0,dhaka_bangladesh
2022-12-26 03:00:00,0.0005402111348547443,0,0.0,500.0,dhaka_bangladesh
2022-12-26 04:00:00,0.0005181648251656335,0,0.0,500.0,dhaka_bangladesh
2022-12-26 05:00:00,0.0004970182373436755,0,0.0,500.0,dhaka_bangladesh
2022-12-26 06:00:00,0.00047673465325102096,0,0.0,500.0,dhaka_bangladesh
2022-12-26 07:00:00,0.00045727885323696,0,0.0,500.0,dhaka_bangladesh
2022-12-26 08:00:00,0.00043861705498384927,0,0.0,500.0,dhaka_bangladesh
2022-12-26 09:00:00,0.0004207168548487668,0,0.0,500.0,dhaka_bangladesh
2022-12-26 10:00:00,0.00040354717159905303,0,0.0,500.0,dhaka_bangladesh
2022-12-26 11:00:00,0.0003870781924440241,0,0.0,500.0,dhaka_bangladesh
2022-12-26 12:00:00,0.0003712813212691696,0,0.0,500.0,dhaka_bangladesh
2022-12-26 13:00:00,0.0003561291289829385,0,0.0,500.0,dhaka_bangladesh
2022-12-26 14:00:00,0.0003415953058898952,0,0.0,500.0,dhaka_bangladesh
2022-12-26 15:00:00,0.00032765461600755825,0,0.0,500.0,dhaka_bangladesh
2022-12-26 16:00:00,0.0003142828532475931,0,0.0,500.0,dhaka_bangladesh
2022-12-26 17:00:00,0.0003014567993852699,0,0.0,500.0,dhaka_bangladesh
2022-12-26 18:00:00,0.0002891541837442151,0,0.0,500.0,dhaka_bangladesh
2022-12-26 19:00:00,0.00027735364452644983,0,0.0,500.0,dhaka_bangladesh
2022-12-26 20:00:00,0.00026603469172056647,0,0.0,500.0,dhaka_bangladesh
2022-12-26 21:00:00,0.00025517767152364673,0,0.0,500.0,dhaka_bangladesh
2022-12-26 22:00:00,0.0002447637322151409,0,0.0,500.0,dhaka_bangladesh
2022-12-26 23:00:00,0.00023477479142344765,0,0.0,500.0,dhaka_bangladesh
2022-12-27 00:00:00,0.0002251935047283676,0,0.0,500.0,dhaka_bangladesh
2022-12-27 01:00:00,0.0002160032355449072,0,0.0,500.0,dhaka_bangladesh
2022-12-27 02:00:00,0.00020718802623613696,0,0.0,500.0,dhaka_bangladesh
2022-12-27 03:00:00,0.00019873257040495387,0,0.0,500.0,dhaka_bangladesh
2022-12-27 04:00:00,0.00019062218631663136,0,0.0,500.0,dhaka_bangladesh
2022-12-27 05:00:00,0.0001828427914060067,0,0.0,500.0,dhaka_bangladesh
2022-12-27 06:00:00,0.0001753808778250468,0,0.0,500.0,dhaka_bangladesh
2022-12-27 07:00:00,0.00016822348898833084,0,0.0,500.0,dhaka_bangladesh
2022-12-27 08:00:00,0.00016135819707572226,0,0.0,500.0,dhaka_bangladesh
2022-12-27 09:00:00,0.00015477308145317112,0,0.0,500.0,dhaka_bangladesh
2022-12-27 10:00:00,0.00014845670797417575,0,0.0,500.0,dhaka_bangladesh
2022-12-27 11:00:00,0.00014239810912595959,0,0.0,500.0,dhaka_bangladesh
2022-12-27 12:00:00,0.00013658676498589685,0,0.0,500.0,dhaka_bangladesh
2022-12-27 13:00:00,0.0001310125849551159,0,0.0,500.0,dhaka_bangladesh
2022-12-27 14:00:00,0.00012566589023756255,0,0.0,500.0,dhaka_bangladesh
2022-12-27 15:00:00,0.00012053739703410403,0,0.0,500.0,dhaka_bangladesh
2022-12-27 16:00:00,0.00011561820042249097,0,0.0,500.0,dhaka_bangladesh
2022-12-27 17:00:00,0.00011089975889518469,0,0.0,500.0,dhaka_bangladesh
2022-12-27 18:00:00,0.0001063738795282064,0,0.0,500.0,dhaka_bangladesh
2022-12-27 19:00:00,0.00010203270375525324,0,0.0,500.0,dhaka_bangladesh
2022-12-27 20:00:00,9.786869372237892e-05,0,0.0,500.0,dhaka_bangladesh
2022-12-27 21:00:00,9.387461919954905e-05,0,0.0,500.0,dhaka_bangladesh
2022-12-27 22:00:00,9.004354502634258e-05,0,0.0,500.0,dhaka_bangladesh
2022-12-27 23:00:00,8.636881906999984e-05,0,0.0,500.0,dhaka_bangladesh
2022-12-28 00:00:00,8.284406067491043e-05,0,0.0,500.0,dhaka_bangladesh
2022-12-28 01:00:00,7.946314958348387e-05,0,0.0,500.0,dhaka_bangladesh
2022-12-28 02:00:00,7.622021530916419e-05,0,0.0,500.0,dhaka_bangladesh
2022-12-28 03:00:00,7.310962694313874e-05,0,0.0,500.0,dhaka_bangladesh
2022-12-28 04:00:00,7.012598337704091e-05,0,0.0,500.0,dhaka_bangladesh
2022-12-28 05:00:00,0.9992644503444514,1,4.5,385.6985819059449,dhaka_bangladesh
2022-12-28 06:00:00,0.9584839256343557,1,4.5,385.6985819059449,dhaka_bangladesh
2022-12-28 07:00:00,0.9193676762770533,1,4.5,385.6985819059449,dhaka_bangladesh
2022-12-28 08:00:00,0.8818477822918765,1,4.5,385.6985819059449,dhaka_bangladesh
2022-12-28 09:00:00,0.8458590955494426,1,4.5,385.6985819059449,dhaka_bangladesh
2022-12-28 10:00:00,0.8113391266508966,1,4.5,385.6985819059449,dhaka_bangladesh
2022-12-28 11:00:00,0.7782279364236757,1,4.5,385.6985819059449,dhaka_bangladesh
2022-12-28 12:00:00,0.7464680318453903,1,4.5,385.6985819059449,dhaka_bangladesh
2022-12-28 13:00:00,0.7160042662151069,1,4.5,385.6985819059449,dhaka_bangladesh
2022-12-28 14:00:00,0.6867837433986952,1,4.5,385.6985819059449,dhaka_bangladesh
2022-12-28 15:00:00,0.6587557259819762,1,4.5,385.6985819059449,dhaka_bangladesh
2022-12-28 16:00:00,0.631871547172188,1,4.5,385.6985819059449,dhaka_bangladesh
2022-12-28 17:00:00,0.6060845262948021,1,4.5,385.6985819059449,dhaka_bangladesh
2022-12-28 18:00:00,0.5813498877389605,1,4.5,385.6985819059449,dhaka_bangladesh
2022-12-28 19:00:00,0.5576246832107918,1,4.5,385.6985819059449,dhaka_bangladesh
2022-12-28 20:00:00,0.5348677171596147,1,4.5,385.6985819059449,dhaka_bangladesh
2022-12-28 21:00:00,0.5130394752475349,1,4.5,385.6985819059449,dhaka_bangladesh
2022-12-28 22:00:00,0.49210205573824006,1,4.5,385.6985819059449,dhaka_bangladesh
2022-12-28 23:00:00,0.4720191036858534,1,4.5,385.6985819059449,dhaka_bangladesh
2022-12-29 00:00:00,0.4527557478095758,1,4.5,385.6985819059449,dhaka_bangladesh
2022-12-29 01:00:00,0.4342785399445089,1,4.5,385.6985819059449,dhaka_bangladesh
2022-12-29 02:00:00,0.41655539696352273,1,4.5,385.6985819059449,dhaka_bangladesh
2022-12-29 03:00:00,0.39955554506932284,1,4.5,385.6985819059449,dhaka_bangladesh
2022-12-29 04:00:00,0.3832494663599896,1,4.5,385.6985819059449,dhaka_bangladesh
2022-12-29 05:00:00,0.36760884757520523,0,0.0,500.0,dhaka_bangladesh
2022-12-29 06:00:00,0.3526065309341771,0,0.0,500.0,dhaka_bangladesh
2022-12-29 07:00:00,0.33821646697988983,0,0.0,500.0,dhaka_bangladesh
2022-12-29 08:00:00,0.3244136693478113,0,0.0,500.0,dhaka_bangladesh
2022-12-29 09:00:00,0.3111741713805107,0,0.0,500.0,dhaka_bangladesh
2022-12-29 10:00:00,0.29847498451285787,0,0.0,500.0,dhaka_bangladesh
2022-12-29 11:00:00,0.28629405835554655,0,0.0,500.0,dhaka_bangladesh
2022-12-29 12:00:00,0.27461024240762866,0,0.0,500.0,dhaka_bangladesh
2022-12-29 13:00:00,0.26340324933158216,0,0.0,500.0,dhaka_bangladesh
2022-12-29 14:00:00,0.2526536197271433,0,0.0,500.0,dhaka_bangladesh
2022-12-29 15:00:00,0.24234268834273717,0,0.0,500.0,dhaka_bangladesh
2022-12-29 16:00:00,0.23245255166583917,0,0.0,500.0,dhaka_bangladesh
2022-12-29 17:00:00,0.22296603683599014,0,0.0,500.0,dhaka_bangladesh
2022-12-29 18:00:00,0.21386667182648952,0,0.0,500.0,dhaka_bangladesh
2022-12-29 19:00:00,0.2051386568429887,0,0.0,500.0,dhaka_bangladesh
2022-12-29 20:00:00,0.19676683688932411,0,0.0,500.0,dhaka_bangladesh
2022-12-29 21:00:00,0.18873667545295314,0,0.0,500.0,dhaka_bangladesh
2022-12-29 22:00:00,0.1810342292643017,0,0.0,500.0,dhaka_bangladesh
2022-12-29 23:00:00,0.17364612408619687,0,0.0,500.0,dhaka_bangladesh
2022-12-30 00:00:00,0.16655953149134523,0,0.0,500.0,dhaka_bangladesh
2022-12-30 01:00:00,0.1597621465875358,0,0.0,500.0,dhaka_bangladesh
2022-12-30 02:00:00,0.15324216665188903,0,0.0,500.0,dhaka_bangladesh
2022-12-30 03:00:00,0.1469882706370535,0,0.0,500.0,dhaka_bangladesh
2022-12-30 04:00:00,0.1409895995137664,0,0.0,500.0,dhaka_bangladesh
2022-12-30 05:00:00,0.1352357374156444,0,0.0,500.0,dhaka_bangladesh
2022-12-30 06:00:00,0.12971669355346593,0,0.0,500.0,dhaka_bangladesh
2022-12-30 07:00:00,0.12442288486754145,0,0.0,500.0,dhaka_bangladesh
2022-12-30 08:00:00,0.11934511938804987,0,0.0,500.0,dhaka_bangladesh
2022-12-30 09:00:00,0.4153199681913103,1,4.2,463.00558294347314,dhaka_bangladesh
2022-12-30 10:00:00,0.3983705348160075,1,4.2,463.00558294347314,dhaka_bangladesh
2022-12-30 11:00:00,0.3821128170184432,1,4.2,463.00558294347314,dhaka_bangladesh
2022-12-30 12:00:00,0.36651858551036404,1,4.2,463.00558294347314,dhaka_bangladesh
2022-12-30 13:00:00,0.3515607630560953,1,4.2,463.00558294347314,dhaka_bangladesh
2022-12-30 14:00:00,0.3372133774566504,1,4.2,463.00558294347314,dhaka_bangladesh
2022-12-30 15:00:00,0.3234515164525834,1,4.2,463.00558294347314,dhaka_bangladesh
2022-12-30 16:00:00,0.31025128446728095,1,4.2,463.00558294347314,dhaka_bangladesh
2022-12-30 17:00:00,0.297589761115584,1,4.2,463.00558294347314,dhaka_bangladesh
2022-12-30 18:00:00,0.28544496140569514,1,4.2,463.00558294347314,dhaka_bangladesh
2022-12-30 19:00:00,0.2737957975652677,1,4.2,463.00558294347314,dhaka_bangladesh
2022-12-30 20:00:00,0.26262204242539255,1,4.2,463.00558294347314,dhaka_bangladesh
2022-12-30 21:00:00,0.2519042942989054,1,4.2,463.00558294347314,dhaka_bangladesh
2022-12-30 22:00:00,0.2416239432920276,1,4.2,463.00558294347314,dhaka_bangladesh
2022-12-30 23:00:00,0.23176313899084916,1,4.2,463.00558294347314,dhaka_bangladesh
2022-12-31 00:00:00,0.22230475946654235,1,4.2,463.00558294347314,dhaka_bangladesh
2022-12-31 01:00:00,0.21323238154549032,1,4.2,463.00558294347314,dhaka_bangladesh
2022-12-31 02:00:00,0.20453025229270744,1,4.2,463.00558294347314,dhaka_bangladesh
2022-12-31 03:00:00,0.19618326165903713,1,4.2,463.00558294347314,dhaka_bangladesh
2022-12-31 04:00:00,0.18817691624463187,1,4.2,463.00558294347314,dhaka_bangladesh
2022-12-31 05:00:00,0.18049731413316017,1,4.2,463.00558294347314,dhaka_bangladesh
2022-12-31 06:00:00,0.17313112075304346,1,4.2,463.00558294347314,dhaka_bangladesh
2022-12-31 07:00:00,0.16606554572380847,1,4.2,463.00558294347314,dhaka_bangladesh
2022-12-31 08:00:00,0.15928832064735254,1,4.2,463.00558294347314,dhaka_bangladesh
2022-12-31 09:00:00,0.15278767780556043,0,0.0,500.0,dhaka_bangladesh
2022-12-31 10:00:00,0.14655232972728144,0,0.0,500.0,dhaka_bangladesh
2022-12-31 11:00:00,0.1405714495891905,0,0.0,500.0,dhaka_bangladesh
2022-12-31 12:00:00,0.13483465241650025,0,0.0,500.0,dhaka_bangladesh
2022-12-31 13:00:00,0.12933197705088223,0,0.0,500.0,dhaka_bangladesh
2022-12-31 14:00:00,0.1240538688542872,0,0.0,500.0,dhaka_bangladesh
2022-12-31 15:00:00,0.11899116311863199,0,0.0,500.0,dhaka_bangladesh
2022-12-31 16:00:00,0.1141350691525455,0,0.0,500.0,dhaka_bangladesh
2022-12-31 17:00:00,0.10947715501754404,0,0.0,500.0,dhaka_bangladesh
2022-12-31 18:00:00,0.10500933288713105,0,0.0,500.0,dhaka_bangladesh
2022-12-31 19:00:00,0.1007238450034,0,0.0,500.0,dhaka_bangladesh
2022-12-31 20:00:00,0.09661325020675623,0,0.0,500.0,dhaka_bangladesh
2022-12-31 21:00:00,0.09267041101536783,0,0.0,500.0,dhaka_bangladesh
2022-12-31 22:00:00,0.08888848123191137,0,0.0,500.0,dhaka_bangladesh
2022-12-31 23:00:00,0.08526089405609288,0,0.0,500.0,dhaka_bangladesh
