datetime,eq_stress,eq_recent_count_24h,eq_max_mag_24h,eq_distance_min_km,hospital
2022-01-01 00:00:00,0.0,0,0.0,500.0,phoenix_usa
2022-01-01 01:00:00,0.0,0,0.0,500.0,phoenix_usa
2022-01-01 02:00:00,0.0,0,0.0,500.0,phoenix_usa
2022-01-01 03:00:00,0.0,0,0.0,500.0,phoenix_usa
2022-01-01 04:00:00,0.0,0,0.0,500.0,phoenix_usa
2022-01-01 05:00:00,0.0,0,0.0,500.0,phoenix_usa
2022-01-01 06:00:00,0.0,0,0.0,500.0,phoenix_usa
2022-01-01 07:00:00,0.0,0,0.0,500.0,phoenix_usa
2022-01-01 08:00:00,0.0,0,0.0,500.0,phoenix_usa
2022-01-01 09:00:00,0.0,0,0.0,500.0,phoenix_usa
2022-01-01 10:00:00,0.0,0,0.0,500.0,phoenix_usa
2022-01-01 11:00:00,0.0,0,0.0,500.0,phoenix_usa
2022-01-01 12:00:00,0.0,0,0.0,500.0,phoenix_usa
2022-01-01 13:00:00,0.7082068841713006,1,3.1,384.57310110055846,phoenix_usa
2022-01-01 14:00:00,0.6793045767492242,1,3.1,384.57310110055846,phoenix_usa
2022-01-01 15:00:00,0.6515817881838413,1,3.1,384.57310110055846,phoenix_usa
2022-01-01 16:00:00,0.6249903816702601,1,3.1,384.57310110055846,phoenix_usa
2022-01-01 17:00:00,0.5994841848927299,1,3.1,384.57310110055846,phoenix_usa
2022-01-01 18:00:00,0.5750189098527717,1,3.1,384.57310110055846,phoenix_usa
2022-01-01 19:00:00,0.5515520759691687,1,3.1,384.57310110055846,phoenix_usa
2022-01-01 20:00:00,0.5290429363162851,1,3.1,384.57310110055846,phoenix_usa
2022-01-01 21:00:00,0.5074524068726418,1,3.1,384.57310110055846,phoenix_usa
2022-01-01 22:00:00,0.4867429986568948,1,3.1,384.57310110055846,phoenix_usa
2022-01-01 23:00:00,0.4668787526333809,1,3.1,384.57310110055846,phoenix_usa
2022-01-02 00:00:00,0.44782517727420423,1,3.1,384.57310110055846,phoenix_usa
2022-01-02 01:00:00,0.4295491886694475,1,3.1,384.57310110055846,phoenix_usa
2022-01-02 02:00:00,0.41201905308151815,1,3.1,384.57310110055846,phoenix_usa
2022-01-02 03:00:00,0.39520433184388254,1,3.1,384.57310110055846,phoenix_usa
2022-01-02 04:00:00,0.37907582850851346,1,3.1,384.57310110055846,phoenix_usa
2022-01-02 05:00:00,0.36360553815027774,1,3.1,384.57310110055846,phoenix_usa
2022-01-02 06:00:00,0.348766598740241,1,3.1,384.57310110055846,phoenix_usa
2022-01-02 07:00:00,0.3345332445034524,1,3.1,384.57310110055846,phoenix_usa
2022-01-02 08:00:00,0.32088076118022507,1,3.1,384.57310110055846,phoenix_usa
2022-01-02 09:00:00,0.30778544311322714,1,3.1,384.57310110055846,phoenix_usa
2022-01-02 10:00:00,0.29522455208587184,1,3.1,384.57310110055846,phoenix_usa
2022-01-02 11:00:00,0.2831762778405359,1,3.1,384.57310110055846,phoenix_usa
2022-01-02 12:00:00,0.2716197002080501,1,3.1,384.57310110055846,phoenix_usa
2022-01-02 13:00:00,0.2605347527827065,0,0.0,500.0,phoenix_usa
2022-01-02 14:00:00,0.24990218807970777,0,0.0,500.0,phoenix_usa
2022-01-02 15:00:00,0.2397035441145606,0,0.0,500.0,phoenix_usa
2022-01-02 16:00:00,0.2299211123463818,0,0.0,500.0,phoenix_usa
2022-01-02 17:00:00,0.2205379069294551,0,0.0,500.0,phoenix_usa
2022-01-02 18:00:00,0.21153763521964966,0,0.0,500.0,phoenix_usa
2022-01-02 19:00:00,0.20290466948448668,0,0.0,500.0,phoenix_usa
2022-01-02 20:00:00,0.1946240197677339,0,0.0,500.0,phoenix_usa
2022-01-02 21:00:00,0.18668130786141085,0,0.0,500.0,phoenix_usa
2022-01-02 22:00:00,0.1790627423400106,0,0.0,500.0,phoenix_usa
2022-01-02 23:00:00,0.17175509461358823,0,0.0,500.0,phoenix_usa
2022-01-03 00:00:00,0.16474567595813636,0,0.0,500.0,phoenix_usa
2022-01-03 01:00:00,0.15802231548336285,0,0.0,500.0,phoenix_usa
2022-01-03 02:00:00,0.15157333899961573,0,0.0,500.0,phoenix_usa
2022-01-03 03:00:00,0.14538754874726076,0,0.0,500.0,phoenix_usa
2022-01-03 04:00:00,0.13945420395331345,0,0.0,500.0,phoenix_usa
2022-01-03 05:00:00,0.13376300218156573,0,0.0,500.0,phoenix_usa
2022-01-03 06:00:00,0.1283040614438245,0,0.0,500.0,phoenix_usa
2022-01-03 07:00:00,0.12306790304119956,0,0.0,500.0,phoenix_usa
2022-01-03 08:00:00,0.11804543510564826,0,0.0,500.0,phoenix_usa
2022-01-03 09:00:00,0.11322793681319873,0,0.0,500.0,phoenix_usa
2022-01-03 10:00:00,0.1086070432414399,0,0.0,500.0,phoenix_usa
2022-01-03 11:00:00,0.10417473084498544,0,0.0,500.0,phoenix_usa
2022-01-03 12:00:00,0.09992330352369218,0,0.0,500.0,phoenix_usa
2022-01-03 13:00:00,0.09584537925944193,0,0.0,500.0,phoenix_usa
2022-01-03 14:00:00,0.09193387729828356,0,0.0,500.0,phoenix_usa
2022-01-03 15:00:00,0.08818200585567874,0,0.0,500.0,phoenix_usa
2022-01-03 16:00:00,0.0845832503235033,0,0.0,500.0,phoenix_usa
2022-01-03 17:00:00,0.08113136195832749,0,0.0,500.0,phoenix_usa
2022-01-03 18:00:00,0.07782034703133316,0,0.0,500.0,phoenix_usa
2022-01-03 19:00:00,0.07464445642102915,0,0.0,500.0,phoenix_usa
2022-01-03 20:00:00,0.07159817563069369,0,0.0,500.0,phoenix_usa
2022-01-03 21:00:00,0.06867621521320982,0,0.0,500.0,phoenix_usa
2022-01-03 22:00:00,0.06587350158666905,0,0.0,500.0,phoenix_usa
2022-01-03 23:00:00,0.06318516822479504,0,0.0,500.0,phoenix_usa
2022-01-04 00:00:00,0.06060654720689074,0,0.0,500.0,phoenix_usa
2022-01-04 01:00:00,0.05813316111263687,0,0.0,500.0,phoenix_usa
2022-01-04 02:00:00,0.05576071524766822,0,0.0,500.0,phoenix_usa
2022-01-04 03:00:00,0.053485090186428136,0,0.0,500.0,phoenix_usa
2022-01-04 04:00:00,0.05130233461935328,0,0.0,500.0,phoenix_usa
2022-01-04 05:00:00,0.04920865849196882,0,0.0,500.0,phoenix_usa
2022-01-04 06:00:00,0.047200426423980577,0,0.0,500.0,phoenix_usa
2022-01-04 07:00:00,0.04527415139693773,0,0.0,500.0,phoenix_usa
2022-01-04 08:00:00,0.04342648869950563,0,0.0,500.0,phoenix_usa
2022-01-04 09:00:00,0.04165423011983494,0,0.0,500.0,phoenix_usa
2022-01-04 10:00:00,0.039954298374943575,0,0.0,500.0,phoenix_usa
2022-01-04 11:00:00,0.038323741767438656,0,0.0,500.0,phoenix_usa
2022-01-04 12:00:00,0.0367597290603003,0,0.0,500.0,phoenix_usa
2022-01-04 13:00:00,0.035259544560828436,0,0.0,500.0,phoenix_usa
2022-01-04 14:00:00,0.03382058340521651,0,0.0,500.0,phoenix_usa
2022-01-04 15:00:00,0.03244034703556395,0,0.0,500.0,phoenix_usa
2022-01-04 16:00:00,0.03111643886147462,0,0.0,500.0,phoenix_usa
2022-01-04 17:00:00,0.02984656009870753,0,0.0,500.0,phoenix_usa
2022-01-04 18:00:00,0.02862850577765455,0,0.0,500.0,phoenix_usa
2022-01-04 19:00:00,0.02746016091471428,0,0.0,500.0,phoenix_usa
2022-01-04 20:00:00,0.026339496839914375,0,0.0,500.0,phoenix_usa
2022-01-04 21:00:00,0.025264567674405332,0,0.0,500.0,phoenix_usa
2022-01-04 22:00:00,0.024233506951709925,0,0.0,500.0,phoenix_usa
2022-01-04 23:00:00,0.023244524376861173,0,0.0,500.0,phoenix_usa
2022-01-05 00:00:00,0.022295902717801602,0,0.0,500.0,phoenix_usa
2022-01-05 01:00:00,0.021385994823646268,0,0.0,500.0,phoenix_usa
2022-01-05 02:00:00,0.02051322076463211,0,0.0,500.0,phoenix_usa
2022-01-05 03:00:00,0.019676065088787376,0,0.0,500.0,phoenix_usa
2022-01-05 04:00:00,0.018873074190558024,0,0.0,500.0,phoenix_usa
2022-01-05 05:00:00,0.018102853786821842,0,0.0,500.0,phoenix_usa
2022-01-05 06:00:00,0.01736406649590775,0,0.0,500.0,phoenix_usa
2022-01-05 07:00:00,0.016655429515416726,0,0.0,500.0,phoenix_usa
2022-01-05 08:00:00,0.01597571239481209,0,0.0,500.0,phoenix_usa
2022-01-05 09:00:00,0.01532373489891154,0,0.0,500.0,phoenix_usa
2022-01-05 10:00:00,0.014698364958571308,0,0.0,500.0,phoenix_usa
2022-01-05 11:00:00,0.014098516705003996,0,0.0,500.0,phoenix_usa
2022-01-05 12:00:00,0.013523148584316903,0,0.0,500.0,phoenix_usa
2022-01-05 13:00:00,0.01297126154899714,0,0.0,500.0,phoenix_usa
2022-01-05 14:00:00,0.012441897323203202,0,0.0,500.0,phoenix_usa
2022-01-05 15:00:00,0.011934136738850914,0,0.0,500.0,phoenix_usa
2022-01-05 16:00:00,0.01144709813960464,0,0.0,500.0,phoenix_usa
2022-01-05 17:00:00,0.010979935850002395,0,0.0,500.0,phoenix_usa
2022-01-05 18:00:00,0.010531838707056958,0,0.0,500.0,phoenix_usa
2022-01-05 19:00:00,0.010102028651782977,0,0.0,500.0,phoenix_usa
2022-01-05 20:00:00,0.00968975937820467,0,0.0,500.0,phoenix_usa
2022-01-05 21:00:00,0.009294315037498316,0,0.0,500.0,phoenix_usa
2022-01-05 22:00:00,0.008915008995019314,0,0.0,500.0,phoenix_usa
2022-01-05 23:00:00,0.008551182638055658,0,0.0,500.0,phoenix_usa
2022-01-06 00:00:00,0.008202204232237692,0,0.0,500.0,phoenix_usa
2022-01-06 01:00:00,0.007867467824618352,0,0.0,500.0,phoenix_usa
2022-01-06 02:00:00,0.007546392191519287,0,0.0,500.0,phoenix_usa
2022-01-06 03:00:00,0.007238419829316022,0,0.0,500.0,phoenix_usa
2022-01-06 04:00:00,0.00694301598640966,0,0.0,500.0,phoenix_usa
2022-01-06 05:00:00,0.006659667734704347,0,0.0,500.0,phoenix_usa
2022-01-06 06:00:00,0.006387883078978305,0,0.0,500.0,phoenix_usa
2022-01-06 07:00:00,0.006127190102601854,0,0.0,500.0,phoenix_usa
2022-01-06 08:00:00,0.005877136148119156,0,0.0,500.0,phoenix_usa
2022-01-06 09:00:00,0.005637287031270903,0,0.0,500.0,phoenix_usa
2022-01-06 10:00:00,0.005407226287093126,0,0.0,500.0,phoenix_usa
2022-01-06 11:00:00,0.005186554446783114,0,0.0,500.0,phoenix_usa
2022-01-06 12:00:00,0.004974888344076881,0,0.0,500.0,phoenix_usa
2022-01-06 13:00:00,0.004771860449933685,0,0.0,500.0,phoenix_usa
2022-01-06 14:00:00,0.004577118234372459,0,0.0,500.0,phoenix_usa
2022-01-06 15:00:00,0.0043903235543520545,0,0.0,500.0,phoenix_usa
2022-01-06 16:00:00,0.0042111520666324115,0,0.0,500.0,phoenix_usa
2022-01-06 17:00:00,0.004039292664597166,0,0.0,500.0,phoenix_usa
2022-01-06 18:00:00,0.00387444693805988,0,0.0,500.0,phoenix_usa
2022-01-06 19:00:00,0.0037163286551158206,0,0.0,500.0,phoenix_usa
2022-01-06 20:00:00,0.003564663265139677,0,0.0,500.0,phoenix_usa
2022-01-06 21:00:00,0.0034191874220662138,0,0.0,500.0,phoenix_usa
2022-01-06 22:00:00,0.0032796485271260867,0,0.0,500.0,phoenix_usa
2022-01-06 23:00:00,0.003145804290242855,0,0.0,500.0,phoenix_usa
2022-01-07 00:00:00,0.003017422309329641,0,0.0,500.0,phoenix_usa
2022-01-07 01:00:00,0.0028942796667549026,0,0.0,500.0,phoenix_usa
2022-01-07 02:00:00,0.002776162542276651,0,0.0,500.0,phoenix_usa
2022-01-07 03:00:00,0.0026628658417730653,0,0.0,500.0,phoenix_usa
2022-01-07 04:00:00,0.002554192841124776,0,0.0,500.0,phoenix_usa
2022-01-07 05:00:00,0.0024499548446305208,0,0.0,500.0,phoenix_usa
2022-01-07 06:00:00,0.0023499708573630515,0,0.0,500.0,phoenix_usa
2022-01-07 07:00:00,0.0022540672708963624,0,0.0,500.0,phoenix_usa
2022-01-07 08:00:00,0.002162077561858558,0,0.0,500.0,phoenix_usa
2022-01-07 09:00:00,0.002073842002786959,0,0.0,500.0,phoenix_usa
2022-01-07 10:00:00,0.001989207384783352,0,0.0,500.0,phoenix_usa
2022-01-07 11:00:00,0.0019080267514878313,0,0.0,500.0,phoenix_usa
2022-01-07 12:00:00,0.001830159143909325,0,0.0,500.0,phoenix_usa
2022-01-07 13:00:00,0.0017554693556697115,0,0.0,500.0,phoenix_usa
2022-01-07 14:00:00,0.001683827698236559,0,0.0,500.0,phoenix_usa
2022-01-07 15:00:00,0.001615109775736854,0,0.0,500.0,phoenix_usa
2022-01-07 16:00:00,0.0015491962689606958,0,0.0,500.0,phoenix_usa
2022-01-07 17:00:00,0.0014859727281799119,0,0.0,500.0,phoenix_usa
2022-01-07 18:00:00,0.0014253293744218743,0,0.0,500.0,phoenix_usa
2022-01-07 19:00:00,0.001367160908853426,0,0.0,500.0,phoenix_usa
2022-01-07 20:00:00,0.0013113663299439532,0,0.0,500.0,phoenix_usa
2022-01-07 21:00:00,0.0012578487580901432,0,0.0,500.0,phoenix_usa
2022-01-07 22:00:00,0.0012065152673978888,0,0.0,500.0,phoenix_usa
2022-01-07 23:00:00,0.0011572767243292672,0,0.0,500.0,phoenix_usa
2022-01-08 00:00:00,0.0011100476329344315,0,0.0,500.0,phoenix_usa
2022-01-08 01:00:00,0.0010647459863996616,0,0.0,500.0,phoenix_usa
2022-01-08 02:00:00,0.001021293124653825,0,0.0,500.0,phoenix_usa
2022-01-08 03:00:00,0.0009796135977859976,0,0.0,500.0,phoenix_usa
2022-01-08 04:00:00,0.0009396350350370812,0,0.0,500.0,phoenix_usa
2022-01-08 05:00:00,0.0009012880191379438,0,0.0,500.0,phoenix_usa
2022-01-08 06:00:00,0.0008645059657758945,0,0.0,500.0,phoenix_usa
2022-01-08 07:00:00,0.000829225007980192,0,0.0,500.0,phoenix_usa
2022-01-08 08:00:00,0.0007953838852258409,0,0.0,500.0,phoenix_usa
2022-01-08 09:00:00,0.0007629238370631313,0,0.0,500.0,phoenix_usa
2022-01-08 10:00:00,0.0007317885010882058,0,0.0,500.0,phoenix_usa
2022-01-08 11:00:00,0.0007019238150775059,0,0.0,500.0,phoenix_usa
2022-01-08 12:00:00,0.0006732779231161678,0,0.0,500.0,phoenix_usa
2022-01-08 13:00:00,0.0006458010855573654,0,0.0,500.0,phoenix_usa
2022-01-08 14:00:00,0.0006194455926562612,0,0.0,500.0,phoenix_usa
2022-01-08 15:00:00,0.0005941656817286074,0,0.0,500.0,phoenix_usa
2022-01-08 16:00:00,0.0005699174576901442,0,0.0,500.0,phoenix_usa
2022-01-08 17:00:00,0.0005466588168388295,0,0.0,500.0,phoenix_usa
2022-01-08 18:00:00,0.0005243493737475606,0,0.0,500.0,phoenix_usa
2022-01-08 19:00:00,0.0005029503911404395,0,0.0,500.0,phoenix_usa
2022-01-08 20:00:00,0.00048242471263082676,0,0.0,500.0,phoenix_usa
2022-01-08 21:00:00,0.0004627366982043946,0,0.0,500.0,phoenix_usa
2022-01-08 22:00:00,0.0004438521623351486,0,0.0,500.0,phoenix_usa
2022-01-08 23:00:00,0.00042573831462696814,0,0.0,500.0,phoenix_usa
2022-01-09 00:00:00,0.33659784746480415,1,3.21,447.13349209240835,phoenix_usa
2022-01-09 01:00:00,0.32286110657386996,1,3.21,447.13349209240835,phoenix_usa
2022-01-09 02:00:00,0.3096849695362459,1,3.21,447.13349209240835,phoenix_usa
2022-01-09 03:00:00,0.29704655780433176,1,3.21,447.13349209240835,phoenix_usa
2022-01-09 04:00:00,0.2849239265164752,1,3.21,447.13349209240835,phoenix_usa
2022-01-09 05:00:00,0.2732960263927418,1,3.21,447.13349209240835,phoenix_usa
2022-01-09 06:00:00,0.26214266718573875,1,3.21,447.13349209240835,phoenix_usa
2022-01-09 07:00:00,0.25144448262303026,1,3.21,447.13349209240835,phoenix_usa
2022-01-09 08:00:00,0.24118289678027252,1,3.21,447.13349209240835,phoenix_usa
2022-01-09 09:00:00,0.23134009182667886,1,3.21,447.13349209240835,phoenix_usa
2022-01-09 10:00:00,0.22189897708681028,1,3.21,447.13349209240835,phoenix_usa
2022-01-09 11:00:00,0.21284315936497064,1,3.21,447.13349209240835,phoenix_usa
2022-01-09 12:00:00,0.20415691448067996,1,3.21,447.13349209240835,phoenix_usa
2022-01-09 13:00:00,0.19582515996580022,1,3.21,447.13349209240835,phoenix_usa
2022-01-09 14:00:00,0.18783342887590604,1,3.21,447.13349209240835,phoenix_usa
2022-01-09 15:00:00,0.18016784467042826,1,3.21,447.13349209240835,phoenix_usa
2022-01-09 16:00:00,0.17281509711795157,1,3.21,447.13349209240835,phoenix_usa
2022-01-09 17:00:00,0.16576241918483098,1,3.21,447.13349209240835,phoenix_usa
2022-01-09 18:00:00,0.1589975648669954,1,3.21,447.13349209240835,phoenix_usa
2022-01-09 19:00:00,0.1525087879264483,1,3.21,447.13349209240835,phoenix_usa
2022-01-09 20:00:00,0.14628482149554264,1,3.21,447.13349209240835,phoenix_usa
2022-01-09 21:00:00,0.14031485851361672,1,3.21,447.13349209240835,phoenix_usa
2022-01-09 22:00:00,0.13458853296202158,1,3.21,447.13349209240835,phoenix_usa
2022-01-09 23:00:00,0.12909590186495684,1,3.21,447.13349209240835,phoenix_usa
2022-01-10 00:00:00,0.12382742802486253,0,0.0,500.0,phoenix_usa
2022-01-10 01:00:00,0.11877396346238878,0,0.0,500.0,phoenix_usa
2022-01-10 02:00:00,0.11392673353218928,0,0.0,500.0,phoenix_usa
2022-01-10 03:00:00,0.1092773216869581,0,0.0,500.0,phoenix_usa
2022-01-10 04:00:00,0.10481765486325399,0,0.0,500.0,phoenix_usa
2022-01-10 05:00:00,0.1005399894637376,0,0.0,500.0,phoenix_usa
2022-01-10 06:00:00,0.09643689791148097,0,0.0,500.0,phoenix_usa
2022-01-10 07:00:00,0.0925012557530028,0,0.0,500.0,phoenix_usa
2022-01-10 08:00:00,0.08872622928763632,0,0.0,500.0,phoenix_usa
2022-01-10 09:00:00,0.0851052637017488,0,0.0,500.0,phoenix_usa
2022-01-10 10:00:00,0.08163207168721047,0,0.0,500.0,phoenix_usa
2022-01-10 11:00:00,0.07830062252434966,0,0.0,500.0,phoenix_usa
2022-01-10 12:00:00,0.0751051316104385,0,0.0,500.0,phoenix_usa
2022-01-10 13:00:00,0.07204005041552689,0,0.0,500.0,phoenix_usa
2022-01-10 14:00:00,0.06910005684818418,0,0.0,500.0,phoenix_usa
2022-01-10 15:00:00,0.06628004601442038,0,0.0,500.0,phoenix_usa
2022-01-10 16:00:00,0.06357512135374058,0,0.0,500.0,phoenix_usa
2022-01-10 17:00:00,0.060980586136942,0,0.0,500.0,phoenix_usa
2022-01-10 18:00:00,0.05849193531089042,0,0.0,500.0,phoenix_usa
2022-01-10 19:00:00,0.05610484767611582,0,0.0,500.0,phoenix_usa
2022-01-10 20:00:00,0.05381517838364443,0,0.0,500.0,phoenix_usa
2022-01-10 21:00:00,0.05161895173803932,0,0.0,500.0,phoenix_usa
2022-01-10 22:00:00,0.04951235429415276,0,0.0,500.0,phoenix_usa
2022-01-10 23:00:00,0.04749172823560368,0,0.0,500.0,phoenix_usa
2022-01-11 00:00:00,0.04555356502348344,0,0.0,500.0,phoenix_usa
2022-01-11 01:00:00,0.043694499304260885,0,0.0,500.0,phoenix_usa
2022-01-11 02:00:00,0.041911303066309614,0,0.0,500.0,phoenix_usa
2022-01-11 03:00:00,0.04020088003491009,0,0.0,500.0,phoenix_usa
2022-01-11 04:00:00,0.03856026029599499,0,0.0,500.0,phoenix_usa
2022-01-11 05:00:00,0.0369865951393025,0,0.0,500.0,phoenix_usa
2022-01-11 06:00:00,0.03547715211198306,0,0.0,500.0,phoenix_usa
2022-01-11 07:00:00,0.034029310274071335,0,0.0,500.0,phoenix_usa
2022-01-11 08:00:00,0.032640555647584904,0,0.0,500.0,phoenix_usa
2022-01-11 09:00:00,0.031308476851347584,0,0.0,500.0,phoenix_usa
2022-01-11 10:00:00,0.0300307609139581,0,0.0,500.0,phoenix_usa
2022-01-11 11:00:00,0.028805189257633805,0,0.0,500.0,phoenix_usa
2022-01-11 12:00:00,0.027629633845955747,0,0.0,500.0,phoenix_usa
2022-01-11 13:00:00,0.026502053488826557,0,0.0,500.0,phoenix_usa
2022-01-11 14:00:00,0.02542049029822489,0,0.0,500.0,phoenix_usa
2022-01-11 15:00:00,0.02438306628860245,0,0.0,500.0,phoenix_usa
2022-01-11 16:00:00,0.023387980116020706,0,0.0,500.0,phoenix_usa
2022-01-11 17:00:00,0.022433503950365218,0,0.0,500.0,phoenix_usa
2022-01-11 18:00:00,0.021517980475206522,0,0.0,500.0,phoenix_usa
2022-01-11 19:00:00,0.020639820010098384,0,0.0,500.0,phoenix_usa
2022-01-11 20:00:00,0.019797497750316584,0,0.0,500.0,phoenix_usa
2022-01-11 21:00:00,0.01898955111924555,0,0.0,500.0,phoenix_usa
2022-01-11 22:00:00,0.018214577228815372,0,0.0,500.0,phoenix_usa
2022-01-11 23:00:00,0.017471230443579885,0,0.0,500.0,phoenix_usa
2022-01-12 00:00:00,0.01675822004420604,0,0.0,500.0,phoenix_usa
2022-01-12 01:00:00,0.01607430798631747,0,0.0,500.0,phoenix_usa
2022-01-12 02:00:00,0.015418306750800932,0,0.0,500.0,phoenix_usa
2022-01-12 03:00:00,0.6013413219229999,1,3.0,400.9039619651288,phoenix_usa
2022-01-12 04:00:00,0.5768002561126138,1,3.0,400.9039619651288,phoenix_usa
2022-01-12 05:00:00,0.5532607245210699,1,3.0,400.9039619651288,phoenix_usa
2022-01-12 06:00:00,0.5306818539931735,1,3.0,400.9039619651288,phoenix_usa
2022-01-12 07:00:00,0.509024439429383,1,3.0,400.9039619651288,phoenix_usa
2022-01-12 08:00:00,0.4882508757115533,1,3.0,400.9039619651288,phoenix_usa
2022-01-12 09:00:00,0.46832509240682607,1,3.0,400.9039619651288,phoenix_usa
2022-01-12 10:00:00,0.4492124911362905,1,3.0,400.9039619651288,phoenix_usa
2022-01-12 11:00:00,0.4308798854996621,1,3.0,400.9039619651288,phoenix_usa
2022-01-12 12:00:00,0.41329544345166846,1,3.0,400.9039619651288,phoenix_usa
2022-01-12 13:00:00,0.3964286320300864,1,3.0,400.9039619651288,phoenix_usa
2022-01-12 14:00:00,0.38025016433945685,1,3.0,400.9039619651288,phoenix_usa
2022-01-12 15:00:00,0.36473194869842424,1,3.0,400.9039619651288,phoenix_usa
2022-01-12 16:00:00,0.3498470398623996,1,3.0,400.9039619651288,phoenix_usa
2022-01-12 17:00:00,0.33556959223685406,1,3.0,400.9039619651288,phoenix_usa
2022-01-12 18:00:00,0.321874815000003,1,3.0,400.9039619651288,phoenix_usa
2022-01-12 19:00:00,0.3087389290569571,1,3.0,400.9039619651288,phoenix_usa
2022-01-12 20:00:00,0.2961391257505994,1,3.0,400.9039619651288,phoenix_usa
2022-01-12 21:00:00,0.2840535272574923,1,3.0,400.9039619651288,phoenix_usa
2022-01-12 22:00:00,0.2724611486000498,1,3.0,400.9039619651288,phoenix_usa
2022-01-12 23:00:00,0.261341861209014,1,3.0,400.9039619651288,phoenix_usa
2022-01-13 00:00:00,0.25067635797296584,1,3.0,400.9039619651288,phoenix_usa
2022-01-13 01:00:00,0.24044611971418509,1,3.0,400.9039619651288,phoenix_usa
2022-01-13 02:00:00,0.23063338303264805,1,3.0,400.9039619651288,phoenix_usa
2022-01-13 03:00:00,0.22122110946232962,0,0.0,500.0,phoenix_usa
2022-01-13 04:00:00,0.9202229225527894,1,3.86,405.64695145274146,phoenix_usa
2022-01-13 05:00:00,0.8826681255027944,1,3.86,405.64695145274146,phoenix_usa
2022-01-13 06:00:00,0.8466459601085661,1,3.86,405.64695145274146,phoenix_usa
2022-01-13 07:00:00,0.8120938788401807,1,3.86,405.64695145274146,phoenix_usa
2022-01-13 08:00:00,0.778951886766367,1,3.86,405.64695145274146,phoenix_usa
2022-01-13 09:00:00,0.7471624373815706,1,3.86,405.64695145274146,phoenix_usa
2022-01-13 10:00:00,0.7166703326843691,1,3.86,405.64695145274146,phoenix_usa
2022-01-13 11:00:00,0.6874226273337455,1,3.86,405.64695145274146,phoenix_usa
2022-01-13 12:00:00,0.6593685367167927,1,3.86,405.64695145274146,phoenix_usa
2022-01-13 13:00:00,0.6324593487682273,1,3.86,405.64695145274146,phoenix_usa
2022-01-13 14:00:00,0.6066483393885951,1,3.86,405.64695145274146,phoenix_usa
2022-01-13 15:00:00,0.5818906913143065,1,3.86,405.64695145274146,phoenix_usa
2022-01-13 16:00:00,0.5581434162986308,1,3.86,405.64695145274146,phoenix_usa
2022-01-13 17:00:00,0.5353652804685234,1,3.86,405.64695145274146,phoenix_usa
2022-01-13 18:00:00,0.5135167327276846,1,3.86,405.64695145274146,phoenix_usa
2022-01-13 19:00:00,0.4925598360815262,1,3.86,405.64695145274146,phoenix_usa
2022-01-13 20:00:00,0.47245820176480513,1,3.86,405.64695145274146,phoenix_usa
2022-01-13 21:00:00,0.45317692605754306,1,3.86,405.64695145274146,phoenix_usa
2022-01-13 22:00:00,0.43468252967952287,1,3.86,405.64695145274146,phoenix_usa
2022-01-13 23:00:00,0.4169428996581284,1,3.86,405.64695145274146,phoenix_usa
2022-01-14 00:00:00,0.39992723356859006,1,3.86,405.64695145274146,phoenix_usa
2022-01-14 01:00:00,0.38360598604981544,1,3.86,405.64695145274146,phoenix_usa
2022-01-14 02:00:00,0.367950817502938,1,3.86,405.64695145274146,phoenix_usa
2022-01-14 03:00:00,0.3529345448835068,1,3.86,405.64695145274146,phoenix_usa
2022-01-14 04:00:00,0.3385310945018715,0,0.0,500.0,phoenix_usa
2022-01-14 05:00:00,0.32471545674981256,0,0.0,500.0,phoenix_usa
2022-01-14 06:00:00,0.3114636426747986,0,0.0,500.0,phoenix_usa
2022-01-14 07:00:00,0.2987526423264746,0,0.0,500.0,phoenix_usa
2022-01-14 08:00:00,0.28656038480305174,0,0.0,500.0,phoenix_usa
2022-01-14 09:00:00,0.2748656999282249,0,0.0,500.0,phoenix_usa
2022-01-14 10:00:00,0.26364828149207736,0,0.0,500.0,phoenix_usa
2022-01-14 11:00:00,0.2528886519921429,0,0.0,500.0,phoenix_usa
2022-01-14 12:00:00,0.2425681288134054,0,0.0,500.0,phoenix_usa
2022-01-14 13:00:00,0.2326687917885098,0,0.0,500.0,phoenix_usa
2022-01-14 14:00:00,0.22317345208185976,0,0.0,500.0,phoenix_usa
2022-01-14 15:00:00,0.21406562234357135,0,0.0,500.0,phoenix_usa
2022-01-14 16:00:00,0.20532948808146007,0,0.0,500.0,phoenix_usa
2022-01-14 17:00:00,0.19694988020135296,0,0.0,500.0,phoenix_usa
2022-01-14 18:00:00,0.1889122486680455,0,0.0,500.0,phoenix_usa
2022-01-14 19:00:00,0.18120263724116908,0,0.0,500.0,phoenix_usa
2022-01-14 20:00:00,0.17380765924210112,0,0.0,500.0,phoenix_usa
2022-01-14 21:00:00,0.16671447430984102,0,0.0,500.0,phoenix_usa
2022-01-14 22:00:00,0.15991076610549174,0,0.0,500.0,phoenix_usa
2022-01-14 23:00:00,0.15338472092663308,0,0.0,500.0,phoenix_usa
2022-01-15 00:00:00,0.14712500719445382,0,0.0,500.0,phoenix_usa
2022-01-15 01:00:00,0.1411207557780262,0,0.0,500.0,phoenix_usa
2022-01-15 02:00:00,0.13536154112155624,0,0.0,500.0,phoenix_usa
2022-01-15 03:00:00,0.1298373631418418,0,0.0,500.0,phoenix_usa
2022-01-15 04:00:00,0.12453862986450527,0,0.0,500.0,phoenix_usa
2022-01-15 05:00:00,0.11945614076885072,0,0.0,500.0,phoenix_usa
2022-01-15 06:00:00,0.1145810708124267,0,0.0,500.0,phoenix_usa
2022-01-15 07:00:00,0.5971582209325927,1,3.22,422.9490358578876,phoenix_usa
2022-01-15 08:00:00,1.066915735673019,2,3.22,417.6688373067464,phoenix_usa
2022-01-15 09:00:00,1.0233743252814,2,3.22,417.6688373067464,phoenix_usa
2022-01-15 10:00:00,0.9816098634860966,2,3.22,417.6688373067464,phoenix_usa
2022-01-15 11:00:00,0.9415498320502041,2,3.22,417.6688373067464,phoenix_usa
2022-01-15 12:00:00,0.9031246722454356,2,3.22,417.6688373067464,phoenix_usa
2022-01-15 13:00:00,0.8662676640729678,2,3.22,417.6688373067464,phoenix_usa
2022-01-15 14:00:00,0.8309148104133511,2,3.22,417.6688373067464,phoenix_usa
2022-01-15 15:00:00,0.7970047259043249,2,3.22,417.6688373067464,phoenix_usa
2022-01-15 16:00:00,0.7644785303535868,2,3.22,417.6688373067464,phoenix_usa
2022-01-15 17:00:00,0.7332797465014487,2,3.22,417.6688373067464,phoenix_usa
2022-01-15 18:00:00,0.7033542019558511,2,3.22,417.6688373067464,phoenix_usa
2022-01-15 19:00:00,0.6746499351294639,2,3.22,417.6688373067464,phoenix_usa
2022-01-15 20:00:00,0.647117105015546,2,3.22,417.6688373067464,phoenix_usa
2022-01-15 21:00:00,0.6207079046458986,2,3.22,417.6688373067464,phoenix_usa
2022-01-15 22:00:00,0.5953764780806503,2,3.22,417.6688373067464,phoenix_usa
2022-01-15 23:00:00,0.5710788407857295,2,3.22,417.6688373067464,phoenix_usa
2022-01-16 00:00:00,0.5477728032597798,2,3.22,417.6688373067464,phoenix_usa
2022-01-16 01:00:00,0.525417897777899,2,3.22,417.6688373067464,phoenix_usa
2022-01-16 02:00:00,0.5039753081250077,2,3.22,417.6688373067464,phoenix_usa
2022-01-16 03:00:00,0.4834078021968367,2,3.22,417.6688373067464,phoenix_usa
2022-01-16 04:00:00,0.4636796673515054,2,3.22,417.6688373067464,phoenix_usa
2022-01-16 05:00:00,0.44475664839943635,2,3.22,417.6688373067464,phoenix_usa
2022-01-16 06:00:00,0.4266058881239352,2,3.22,417.6688373067464,phoenix_usa
2022-01-16 07:00:00,0.4091958702291591,1,3.03,417.6688373067464,phoenix_usa
2022-01-16 08:00:00,0.3924963646164086,0,0.0,500.0,phoenix_usa
2022-01-16 09:00:00,0.37647837489372327,0,0.0,500.0,phoenix_usa
2022-01-16 10:00:00,0.361114088027641,0,0.0,500.0,phoenix_usa
2022-01-16 11:00:00,0.34637682604969444,0,0.0,500.0,phoenix_usa
2022-01-16 12:00:00,0.33224099973379284,0,0.0,500.0,phoenix_usa
2022-01-16 13:00:00,0.31868206416405404,0,0.0,500.0,phoenix_usa
2022-01-16 14:00:00,0.3056764761159386,0,0.0,500.0,phoenix_usa
2022-01-16 15:00:00,0.29320165317668156,0,0.0,500.0,phoenix_usa
2022-01-16 16:00:00,0.281235934534043,0,0.0,500.0,phoenix_usa
2022-01-16 17:00:00,0.26975854336528987,0,0.0,500.0,phoenix_usa
2022-01-16 18:00:00,0.25874955076110434,0,0.0,500.0,phoenix_usa
2022-01-16 19:00:00,0.24818984112177703,0,0.0,500.0,phoenix_usa
2022-01-16 20:00:00,0.23806107896560055,0,0.0,500.0,phoenix_usa
2022-01-16 21:00:00,0.22834567709183,0,0.0,500.0,phoenix_usa
2022-01-16 22:00:00,0.21902676604293106,0,0.0,500.0,phoenix_usa
2022-01-16 23:00:00,0.21008816481308928,0,0.0,500.0,phoenix_usa
2022-01-17 00:00:00,0.2015143527521222,0,0.0,500.0,phoenix_usa
2022-01-17 01:00:00,0.1932904426160075,0,0.0,500.0,phoenix_usa
2022-01-17 02:00:00,0.18540215471723326,0,0.0,500.0,phoenix_usa
2022-01-17 03:00:00,0.17783579213008738,0,0.0,500.0,phoenix_usa
2022-01-17 04:00:00,0.1705782169078321,0,0.0,500.0,phoenix_usa
2022-01-17 05:00:00,0.16361682727046828,0,0.0,500.0,phoenix_usa
2022-01-17 06:00:00,0.15693953572348007,0,0.0,500.0,phoenix_usa
2022-01-17 07:00:00,0.1505347480695651,0,0.0,500.0,phoenix_usa
2022-01-17 08:00:00,0.14439134327690703,0,0.0,500.0,phoenix_usa
2022-01-17 09:00:00,0.13849865416903565,0,0.0,500.0,phoenix_usa
2022-01-17 10:00:00,0.13284644890274358,0,0.0,500.0,phoenix_usa
2022-01-17 11:00:00,0.1274249132018995,0,0.0,500.0,phoenix_usa
2022-01-17 12:00:00,0.12222463331630903,0,0.0,500.0,phoenix_usa
2022-01-17 13:00:00,0.11723657967603394,0,0.0,500.0,phoenix_usa
2022-01-17 14:00:00,0.11245209121278721,0,0.0,500.0,phoenix_usa
2022-01-17 15:00:00,0.10786286032118067,0,0.0,500.0,phoenix_usa
2022-01-17 16:00:00,0.10346091843371207,0,0.0,500.0,phoenix_usa
2022-01-17 17:00:00,0.09923862218444511,0,0.0,500.0,phoenix_usa
2022-01-17 18:00:00,0.0951886401373568,0,0.0,500.0,phoenix_usa
2022-01-17 19:00:00,0.09130394005630839,0,0.0,500.0,phoenix_usa
2022-01-17 20:00:00,0.08757777669453573,0,0.0,500.0,phoenix_usa
2022-01-17 21:00:00,0.08400368008245708,0,0.0,500.0,phoenix_usa
2022-01-17 22:00:00,0.08057544429346172,0,0.0,500.0,phoenix_usa
2022-01-17 23:00:00,0.07728711666817313,0,0.0,500.0,phoenix_usa
2022-01-18 00:00:00,0.07413298747847562,0,0.0,500.0,phoenix_usa
2022-01-18 01:00:00,0.07110758001335758,0,0.0,500.0,phoenix_usa
2022-01-18 02:00:00,0.06820564106935707,0,0.0,500.0,phoenix_usa
2022-01-18 03:00:00,0.06542213182909733,0,0.0,500.0,phoenix_usa
2022-01-18 04:00:00,0.06275221911207436,0,0.0,500.0,phoenix_usa
2022-01-18 05:00:00,0.06019126698250428,0,0.0,500.0,phoenix_usa
2022-01-18 06:00:00,0.05773482869965946,0,0.0,500.0,phoenix_usa
2022-01-18 07:00:00,0.05537863899671546,0,0.0,500.0,phoenix_usa
2022-01-18 08:00:00,0.4932573490413273,1,3.45,435.28604134628074,phoenix_usa
2022-01-18 09:00:00,0.4731272488420434,1,3.45,435.28604134628074,phoenix_usa
2022-01-18 10:00:00,0.45381866896033973,1,3.45,435.28604134628074,phoenix_usa
2022-01-18 11:00:00,0.43529808270606,1,3.45,435.28604134628074,phoenix_usa
2022-01-18 12:00:00,0.4175333316314743,1,3.45,435.28604134628074,phoenix_usa
2022-01-18 13:00:00,0.40049356969256367,1,3.45,435.28604134628074,phoenix_usa
2022-01-18 14:00:00,0.38414920968911104,1,3.45,435.28604134628074,phoenix_usa
2022-01-18 15:00:00,0.3684718718906028,1,3.45,435.28604134628074,phoenix_usa
2022-01-18 16:00:00,0.3534343347587352,1,3.45,435.28604134628074,phoenix_usa
2022-01-18 17:00:00,0.3390104876809607,1,3.45,435.28604134628074,phoenix_usa
2022-01-18 18:00:00,0.32517528563300485,1,3.45,435.28604134628074,phoenix_usa
2022-01-18 19:00:00,0.3119047056916309,1,3.45,435.28604134628074,phoenix_usa
2022-01-18 20:00:00,0.29917570532214094,1,3.45,435.28604134628074,phoenix_usa
2022-01-18 21:00:00,0.2869661823681879,1,3.45,435.28604134628074,phoenix_usa
2022-01-18 22:00:00,0.275254936674424,1,3.45,435.28604134628074,phoenix_usa
2022-01-18 23:00:00,0.26402163327535105,1,3.45,435.28604134628074,phoenix_usa
2022-01-19 00:00:00,0.25324676708645194,1,3.45,435.28604134628074,phoenix_usa
2022-01-19 01:00:00,0.24291162903629812,1,3.45,435.28604134628074,phoenix_usa
2022-01-19 02:00:00,0.2329982735808232,1,3.45,435.28604134628074,phoenix_usa
2022-01-19 03:00:00,0.22348948754335626,1,3.45,435.28604134628074,phoenix_usa
2022-01-19 04:00:00,0.2143687602263114,1,3.45,435.28604134628074,phoenix_usa
2022-01-19 05:00:00,0.2056202547426346,1,3.45,435.28604134628074,phoenix_usa
2022-01-19 06:00:00,0.19722878051723042,1,3.45,435.28604134628074,phoenix_usa
2022-01-19 07:00:00,0.18917976691061963,1,3.45,435.28604134628074,phoenix_usa
2022-01-19 08:00:00,0.18145923791903054,0,0.0,500.0,phoenix_usa
2022-01-19 09:00:00,0.17405378790699283,0,0.0,500.0,phoenix_usa
2022-01-19 10:00:00,0.16695055833029757,0,0.0,500.0,phoenix_usa
2022-01-19 11:00:00,0.16013721540890566,0,0.0,500.0,phoenix_usa
2022-01-19 12:00:00,0.15360192871103726,0,0.0,500.0,phoenix_usa
2022-01-19 13:00:00,0.14733335061125644,0,0.0,500.0,phoenix_usa
2022-01-19 14:00:00,0.14132059658688134,0,0.0,500.0,phoenix_usa
2022-01-19 15:00:00,0.13555322631851022,0,0.0,500.0,phoenix_usa
2022-01-19 16:00:00,0.13002122556184398,0,0.0,500.0,phoenix_usa
2022-01-19 17:00:00,0.1247149887593299,0,0.0,500.0,phoenix_usa
2022-01-19 18:00:00,0.11962530236143393,0,0.0,500.0,phoenix_usa
2022-01-19 19:00:00,0.11474332882858031,0,0.0,500.0,phoenix_usa
2022-01-19 20:00:00,0.11006059128598127,0,0.0,500.0,phoenix_usa
2022-01-19 21:00:00,0.10556895880471115,0,0.0,500.0,phoenix_usa
2022-01-19 22:00:00,0.10126063228346785,0,0.0,500.0,phoenix_usa
2022-01-19 23:00:00,0.09712813090650761,0,0.0,500.0,phoenix_usa
2022-01-20 00:00:00,0.09316427915423832,0,0.0,500.0,phoenix_usa
2022-01-20 01:00:00,0.08936219434391805,0,0.0,500.0,phoenix_usa
2022-01-20 02:00:00,0.08571527467882406,0,0.0,500.0,phoenix_usa
2022-01-20 03:00:00,0.08221718778514192,0,0.0,500.0,phoenix_usa
2022-01-20 04:00:00,0.07886185971667034,0,0.0,500.0,phoenix_usa
2022-01-20 05:00:00,0.07564346440825002,0,0.0,500.0,phoenix_usa
2022-01-20 06:00:00,0.0725564135596038,0,0.0,500.0,phoenix_usa
2022-01-20 07:00:00,0.06959534693202246,0,0.0,500.0,phoenix_usa
2022-01-20 08:00:00,0.06675512304104875,0,0.0,500.0,phoenix_usa
2022-01-20 09:00:00,0.06403081022899725,0,0.0,500.0,phoenix_usa
2022-01-20 10:00:00,0.06141767810181013,0,0.0,500.0,phoenix_usa
2022-01-20 11:00:00,0.05891118931537908,0,0.0,500.0,phoenix_usa
2022-01-20 12:00:00,0.056506991697072094,0,0.0,500.0,phoenix_usa
2022-01-20 13:00:00,0.05420091068878517,0,0.0,500.0,phoenix_usa
2022-01-20 14:00:00,0.05198894209839674,0,0.0,500.0,phoenix_usa
2022-01-20 15:00:00,0.04986724514703958,0,0.0,500.0,phoenix_usa
2022-01-20 16:00:00,0.04783213580011721,0,0.0,500.0,phoenix_usa
2022-01-20 17:00:00,0.045880080370485014,0,0.0,500.0,phoenix_usa
2022-01-20 18:00:00,0.044007689382689126,0,0.0,500.0,phoenix_usa
2022-01-20 19:00:00,0.042211711687609184,0,0.0,500.0,phoenix_usa
2022-01-20 20:00:00,0.04048902881728532,0,0.0,500.0,phoenix_usa
2022-01-20 21:00:00,0.03883664957012815,0,0.0,500.0,phoenix_usa
2022-01-20 22:00:00,0.037251704817109065,0,0.0,500.0,phoenix_usa
2022-01-20 23:00:00,0.03573144251991271,0,0.0,500.0,phoenix_usa
2022-01-21 00:00:00,0.03427322295240146,0,0.0,500.0,phoenix_usa
2022-01-21 01:00:00,0.03287451411709441,0,0.0,500.0,phoenix_usa
2022-01-21 02:00:00,0.03153288734870248,0,0.0,500.0,phoenix_usa
2022-01-21 03:00:00,0.030246013097085547,0,0.0,500.0,phoenix_usa
2022-01-21 04:00:00,0.02901165688230937,0,0.0,500.0,phoenix_usa
2022-01-21 05:00:00,0.027827675414778912,0,0.0,500.0,phoenix_usa
2022-01-21 06:00:00,0.026692012873711105,0,0.0,500.0,phoenix_usa
2022-01-21 07:00:00,0.02560269733748508,0,0.0,500.0,phoenix_usa
2022-01-21 08:00:00,0.02455783735967189,0,0.0,500.0,phoenix_usa
2022-01-21 09:00:00,0.023555618684798187,0,0.0,500.0,phoenix_usa
2022-01-21 10:00:00,0.022594301098141454,0,0.0,500.0,phoenix_usa
2022-01-21 11:00:00,0.021672215404086703,0,0.0,500.0,phoenix_usa
2022-01-21 12:00:00,0.020787760527798224,0,0.0,500.0,phoenix_usa
2022-01-21 13:00:00,0.019939400735173557,0,0.0,500.0,phoenix_usa
2022-01-21 14:00:00,0.019125662966252666,0,0.0,500.0,phoenix_usa
2022-01-21 15:00:00,0.018345134277452248,0,0.0,500.0,phoenix_usa
2022-01-21 16:00:00,0.017596459388183668,0,0.0,500.0,phoenix_usa
2022-01-21 17:00:00,0.016878338327594885,0,0.0,500.0,phoenix_usa
2022-01-21 18:00:00,0.016189524177350097,0,0.0,500.0,phoenix_usa
2022-01-21 19:00:00,0.015528820906527711,0,0.0,500.0,phoenix_usa
2022-01-21 20:00:00,0.014895081294877346,0,0.0,500.0,phoenix_usa
2022-01-21 21:00:00,0.014287204940829879,0,0.0,500.0,phoenix_usa
2022-01-21 22:00:00,0.013704136350801614,0,0.0,500.0,phoenix_usa
2022-01-21 23:00:00,0.013144863106475002,0,0.0,500.0,phoenix_usa
2022-01-22 00:00:00,0.012608414106873701,0,0.0,500.0,phoenix_usa
2022-01-22 01:00:00,0.012093857882179385,0,0.0,500.0,phoenix_usa
2022-01-22 02:00:00,0.7112056210657716,1,3.01,378.9853361427523,phoenix_usa
2022-01-22 03:00:00,0.6821809335630449,1,3.01,378.9853361427523,phoenix_usa
2022-01-22 04:00:00,0.654340759314542,1,3.01,378.9853361427523,phoenix_usa
2022-01-22 05:00:00,0.627636757691297,1,3.01,378.9853361427523,phoenix_usa
2022-01-22 06:00:00,0.6020225608716547,1,3.01,378.9853361427523,phoenix_usa
2022-01-22 07:00:00,0.5774536933299358,1,3.01,378.9853361427523,phoenix_usa
2022-01-22 08:00:00,0.5538874946108078,1,3.01,378.9853361427523,phoenix_usa
2022-01-22 09:00:00,0.5312830452552815,1,3.01,378.9853361427523,phoenix_usa
2022-01-22 10:00:00,0.5096010957497031,1,3.01,378.9853361427523,phoenix_usa
2022-01-22 11:00:00,0.4888039983743797,1,3.01,378.9853361427523,phoenix_usa
2022-01-22 12:00:00,0.46885564183349726,1,3.01,378.9853361427523,phoenix_usa
2022-01-22 13:00:00,0.4497213885528288,1,3.01,378.9853361427523,phoenix_usa
2022-01-22 14:00:00,0.43136801453635565,1,3.01,378.9853361427523,phoenix_usa
2022-01-22 15:00:00,0.4137636516773738,1,3.01,378.9853361427523,phoenix_usa
2022-01-22 16:00:00,0.3968777324239148,1,3.01,378.9853361427523,phoenix_usa
2022-01-22 17:00:00,0.38068093670240055,1,3.01,378.9853361427523,phoenix_usa
2022-01-22 18:00:00,0.36514514100737383,1,3.01,378.9853361427523,phoenix_usa
2022-01-22 19:00:00,0.3502433695689026,1,3.01,378.9853361427523,phoenix_usa
2022-01-22 20:00:00,0.33594974751287093,1,3.01,378.9853361427523,phoenix_usa
2022-01-22 21:00:00,0.32223945593282277,1,3.01,378.9853361427523,phoenix_usa
2022-01-22 22:00:00,0.3090886887953483,1,3.01,378.9853361427523,phoenix_usa
2022-01-22 23:00:00,0.29647461160418553,1,3.01,378.9853361427523,phoenix_usa
2022-01-23 00:00:00,0.2843753217512613,1,3.01,378.9853361427523,phoenix_usa
2022-01-23 01:00:00,0.2727698104858288,1,3.01,378.9853361427523,phoenix_usa
2022-01-23 02:00:00,0.26163792643566464,0,0.0,500.0,phoenix_usa
2022-01-23 03:00:00,0.25096034061698574,0,0.0,500.0,phoenix_usa
2022-01-23 04:00:00,0.24071851287233104,0,0.0,500.0,phoenix_usa
2022-01-23 05:00:00,0.23089465967813028,0,0.0,500.0,phoenix_usa
2022-01-23 06:00:00,0.22147172326606498,0,0.0,500.0,phoenix_usa
2022-01-23 07:00:00,0.21243334200460218,0,0.0,500.0,phoenix_usa
2022-01-23 08:00:00,0.20376382198927429,0,0.0,500.0,phoenix_usa
2022-01-23 09:00:00,0.19544810979237504,0,0.0,500.0,phoenix_usa
2022-01-23 10:00:00,0.18747176632475543,0,0.0,500.0,phoenix_usa
2022-01-23 11:00:00,0.1798209417643334,0,0.0,500.0,phoenix_usa
2022-01-23 12:00:00,0.17248235150778488,0,0.0,500.0,phoenix_usa
2022-01-23 13:00:00,0.1654432531036597,0,0.0,500.0,phoenix_usa
2022-01-23 14:00:00,0.1586914241268691,0,0.0,500.0,phoenix_usa
2022-01-23 15:00:00,0.15221514095612756,0,0.0,500.0,phoenix_usa
2022-01-23 16:00:00,0.14600315841749895,0,0.0,500.0,phoenix_usa
2022-01-23 17:00:00,0.1400446902587003,0,0.0,500.0,phoenix_usa
2022-01-23 18:00:00,0.13432939042026018,0,0.0,500.0,phoenix_usa
2022-01-23 19:00:00,0.12884733507101082,0,0.0,500.0,phoenix_usa
2022-01-23 20:00:00,0.1235890053767221,0,0.0,500.0,phoenix_usa
2022-01-23 21:00:00,0.749668115182584,1,3.21,401.5066185885996,phoenix_usa
2022-01-23 22:00:00,0.7190737524140137,1,3.21,401.5066185885996,phoenix_usa
2022-01-23 23:00:00,0.6897279621994287,1,3.21,401.5066185885996,phoenix_usa
2022-01-24 00:00:00,0.6615797896150623,1,3.21,401.5066185885996,phoenix_usa
2022-01-24 01:00:00,0.6345803592352492,1,3.21,401.5066185885996,phoenix_usa
2022-01-24 02:00:00,0.6086827902669807,1,3.21,401.5066185885996,phoenix_usa
2022-01-24 03:00:00,0.5838421151478607,1,3.21,401.5066185885996,phoenix_usa
2022-01-24 04:00:00,0.5600152014661274,1,3.21,401.5066185885996,phoenix_usa
2022-01-24 05:00:00,0.5371606770671594,1,3.21,401.5066185885996,phoenix_usa
2022-01-24 06:00:00,0.5152388582164257,1,3.21,401.5066185885996,phoenix_usa
2022-01-24 07:00:00,0.4942116806941456,1,3.21,401.5066185885996,phoenix_usa
2022-01-24 08:00:00,0.4740426337020122,1,3.21,401.5066185885996,phoenix_usa
2022-01-24 09:00:00,0.45469669646721905,1,3.21,401.5066185885996,phoenix_usa
2022-01-24 10:00:00,0.4361402774337106,1,3.21,401.5066185885996,phoenix_usa
2022-01-24 11:00:00,0.4183411559350697,1,3.21,401.5066185885996,phoenix_usa
2022-01-24 12:00:00,0.40126842624776876,1,3.21,401.5066185885996,phoenix_usa
2022-01-24 13:00:00,0.3848924439276356,1,3.21,401.5066185885996,phoenix_usa
2022-01-24 14:00:00,0.36918477433635827,1,3.21,401.5066185885996,phoenix_usa
2022-01-24 15:00:00,0.35411814326865115,1,3.21,401.5066185885996,phoenix_usa
2022-01-24 16:00:00,0.3396663895943536,1,3.21,401.5066185885996,phoenix_usa
2022-01-24 17:00:00,0.32580441983322905,1,3.21,401.5066185885996,phoenix_usa
2022-01-24 18:00:00,0.31250816458359265,1,3.21,401.5066185885996,phoenix_usa
2022-01-24 19:00:00,0.29975453672910946,1,3.21,401.5066185885996,phoenix_usa
2022-01-24 20:00:00,0.2875213913511957,1,3.21,401.5066185885996,phoenix_usa
2022-01-24 21:00:00,0.27578748727741753,0,0.0,500.0,phoenix_usa
2022-01-24 22:00:00,0.2645324501991195,0,0.0,500.0,phoenix_usa
2022-01-24 23:00:00,0.2537367372942435,0,0.0,500.0,phoenix_usa
2022-01-25 00:00:00,0.24338160329390945,0,0.0,500.0,phoenix_usa
2022-01-25 01:00:00,0.2334490679338366,0,0.0,500.0,phoenix_usa
2022-01-25 02:00:00,0.22392188473409108,0,0.0,500.0,phoenix_usa
2022-01-25 03:00:00,0.21478351105294785,0,0.0,500.0,phoenix_usa
2022-01-25 04:00:00,0.2060180793628716,0,0.0,500.0,phoenix_usa
2022-01-25 05:00:00,0.19761036969874016,0,0.0,500.0,phoenix_usa
2022-01-25 06:00:00,0.18954578323047067,0,0.0,500.0,phoenix_usa
2022-01-25 07:00:00,0.18181031691416158,0,0.0,500.0,phoenix_usa
2022-01-25 08:00:00,0.17439053917773503,0,0.0,500.0,phoenix_usa
2022-01-25 09:00:00,0.16727356659886153,0,0.0,500.0,phoenix_usa
2022-01-25 10:00:00,0.1604470415346712,0,0.0,500.0,phoenix_usa
2022-01-25 11:00:00,0.1538991106644086,0,0.0,500.0,phoenix_usa
2022-01-25 12:00:00,0.14761840440777332,0,0.0,500.0,phoenix_usa
2022-01-25 13:00:00,0.1415940171832093,0,0.0,500.0,phoenix_usa
2022-01-25 14:00:00,0.13581548847186448,0,0.0,500.0,phoenix_usa
2022-01-25 15:00:00,0.13027278465434017,0,0.0,500.0,phoenix_usa
2022-01-25 16:00:00,0.12495628158869215,0,0.0,500.0,phoenix_usa
2022-01-25 17:00:00,0.11985674789943422,0,0.0,500.0,phoenix_usa
2022-01-25 18:00:00,0.11496532894852517,0,0.0,500.0,phoenix_usa
2022-01-25 19:00:00,0.11027353146050935,0,0.0,500.0,phoenix_usa
2022-01-25 20:00:00,0.1057732087751134,0,0.0,500.0,phoenix_usa
2022-01-25 21:00:00,0.10145654670169256,0,0.0,500.0,phoenix_usa
2022-01-25 22:00:00,0.09731604995096443,0,0.0,500.0,phoenix_usa
2022-01-25 23:00:00,0.09334452912047136,0,0.0,500.0,phoenix_usa
2022-01-26 00:00:00,0.08953508821117302,0,0.0,500.0,phoenix_usa
2022-01-26 01:00:00,0.08588111265349385,0,0.0,500.0,phoenix_usa
2022-01-26 02:00:00,0.08237625782203355,0,0.0,500.0,phoenix_usa
2022-01-26 03:00:00,0.07901443801899873,0,0.0,500.0,phoenix_usa
2022-01-26 04:00:00,0.07578981590722704,0,0.0,500.0,phoenix_usa
2022-01-26 05:00:00,0.07269679237445464,0,0.0,500.0,phoenix_usa
2022-01-26 06:00:00,0.06972999681122888,0,0.0,500.0,phoenix_usa
2022-01-26 07:00:00,0.06688427778558456,0,0.0,500.0,phoenix_usa
2022-01-26 08:00:00,0.06415469409829166,0,0.0,500.0,phoenix_usa
2022-01-26 09:00:00,0.061536506203143194,0,0.0,500.0,phoenix_usa
2022-01-26 10:00:00,0.059025167977386044,0,0.0,500.0,phoenix_usa
2022-01-26 11:00:00,0.05661631882800461,0,0.0,500.0,phoenix_usa
2022-01-26 12:00:00,0.054305776120151604,0,0.0,500.0,phoenix_usa
2022-01-26 13:00:00,0.05208952791457865,0,0.0,500.0,phoenix_usa
2022-01-26 14:00:00,0.049963726001455974,0,0.0,500.0,phoenix_usa
2022-01-26 15:00:00,0.0479246792184863,0,0.0,500.0,phoenix_usa
2022-01-26 16:00:00,0.04596884704170948,0,0.0,500.0,phoenix_usa
2022-01-26 17:00:00,0.04409283343787031,0,0.0,500.0,phoenix_usa
2022-01-26 18:00:00,0.042293380967674474,0,0.0,500.0,phoenix_usa
2022-01-26 19:00:00,0.04056736512969365,0,0.0,500.0,phoenix_usa
2022-01-26 20:00:00,0.03891178893509902,0,0.0,500.0,phoenix_usa
2022-01-26 21:00:00,0.03732377770380301,0,0.0,500.0,phoenix_usa
2022-01-26 22:00:00,0.03580057407297298,0,0.0,500.0,phoenix_usa
2022-01-26 23:00:00,0.034339533209250435,0,0.0,500.0,phoenix_usa
2022-01-27 00:00:00,0.03293811821636214,0,0.0,500.0,phoenix_usa
2022-01-27 01:00:00,0.03159389573014902,0,0.0,500.0,phoenix_usa
2022-01-27 02:00:00,0.03030453169336435,0,0.0,500.0,phoenix_usa
2022-01-27 03:00:00,0.029067787302904824,0,0.0,500.0,phoenix_usa
2022-01-27 04:00:00,0.02788151512243718,0,0.0,500.0,phoenix_usa
2022-01-27 05:00:00,0.026743655353670747,0,0.0,500.0,phoenix_usa
2022-01-27 06:00:00,0.025652232259801337,0,0.0,500.0,phoenix_usa
2022-01-27 07:00:00,0.024605350734916376,0,0.0,500.0,phoenix_usa
2022-01-27 08:00:00,0.023601193013404364,0,0.0,500.0,phoenix_usa
2022-01-27 09:00:00,0.02263801551365532,0,0.0,500.0,phoenix_usa
2022-01-27 10:00:00,0.021714145810571295,0,0.0,500.0,phoenix_usa
2022-01-27 11:00:00,0.020827979731630544,0,0.0,500.0,phoenix_usa
2022-01-27 12:00:00,0.019977978571462836,0,0.0,500.0,phoenix_usa
2022-01-27 13:00:00,0.01916266642009944,0,0.0,500.0,phoenix_usa
2022-01-27 14:00:00,0.018380627600258687,0,0.0,500.0,phoenix_usa
2022-01-27 15:00:00,0.017630504209217378,0,0.0,500.0,phoenix_usa
2022-01-27 16:00:00,0.016910993760999592,0,0.0,500.0,phoenix_usa
2022-01-27 17:00:00,0.016220846924789215,0,0.0,500.0,phoenix_usa
2022-01-27 18:00:00,0.015558865355639002,0,0.0,500.0,phoenix_usa
2022-01-27 19:00:00,0.014923899613709558,0,0.0,500.0,phoenix_usa
2022-01-27 20:00:00,0.014314847168425347,0,0.0,500.0,phoenix_usa
2022-01-27 21:00:00,0.013730650484082191,0,0.0,500.0,phoenix_usa
2022-01-27 22:00:00,0.01317029518358212,0,0.0,500.0,phoenix_usa
2022-01-27 23:00:00,0.012632808287107236,0,0.0,500.0,phoenix_usa
2022-01-28 00:00:00,0.01211725652267421,0,0.0,500.0,phoenix_usa
2022-01-28 01:00:00,0.011622744705636035,0,0.0,500.0,phoenix_usa
2022-01-28 02:00:00,0.011148414184317144,0,0.0,500.0,phoenix_usa
2022-01-28 03:00:00,0.01069344134908298,0,0.0,500.0,phoenix_usa
2022-01-28 04:00:00,0.010257036202255309,0,0.0,500.0,phoenix_usa
2022-01-28 05:00:00,0.00983844098639005,0,0.0,500.0,phoenix_usa
2022-01-28 06:00:00,0.009436928868535765,0,0.0,500.0,phoenix_usa
2022-01-28 07:00:00,0.009051802678188371,0,0.0,500.0,phoenix_usa
2022-01-28 08:00:00,0.008682393696750553,0,0.0,500.0,phoenix_usa
2022-01-28 09:00:00,0.008328060496393964,0,0.0,500.0,phoenix_usa
2022-01-28 10:00:00,0.00798818782630818,0,0.0,500.0,phoenix_usa
2022-01-28 11:00:00,0.007662185544402375,0,0.0,500.0,phoenix_usa
2022-01-28 12:00:00,0.0073494875926047995,0,0.0,500.0,phoenix_usa
2022-01-28 13:00:00,0.007049551013980943,0,0.0,500.0,phoenix_usa
2022-01-28 14:00:00,0.006761855009963559,0,0.0,500.0,phoenix_usa
2022-01-28 15:00:00,0.006485900036057651,0,0.0,500.0,phoenix_usa
2022-01-28 16:00:00,0.006221206934450276,0,0.0,500.0,phoenix_usa
2022-01-28 17:00:00,0.005967316102018969,0,0.0,500.0,phoenix_usa
2022-01-28 18:00:00,0.005723786692294192,0,0.0,500.0,phoenix_usa
2022-01-28 19:00:00,0.005490195849990174,0,0.0,500.0,phoenix_usa
2022-01-28 20:00:00,0.005266137976774921,0,0.0,500.0,phoenix_usa
2022-01-28 21:00:00,0.005051224027004551,0,0.0,500.0,phoenix_usa
2022-01-28 22:00:00,0.004845080832199129,0,0.0,500.0,phoenix_usa
2022-01-28 23:00:00,0.0046473504530869765,0,0.0,500.0,phoenix_usa
2022-01-29 00:00:00,0.004457689558092402,0,0.0,500.0,phoenix_usa
2022-01-29 01:00:00,0.0042757688271877255,0,0.0,500.0,phoenix_usa
2022-01-29 02:00:00,0.004101272380074372,0,0.0,500.0,phoenix_usa
2022-01-29 03:00:00,0.003933897227700241,0,0.0,500.0,phoenix_usa
2022-01-29 04:00:00,0.0037733527461609353,0,0.0,500.0,phoenix_usa
2022-01-29 05:00:00,0.0036193601720713826,0,0.0,500.0,phoenix_usa
2022-01-29 06:00:00,0.0034716521185315856,0,0.0,500.0,phoenix_usa
2022-01-29 07:00:00,0.0033299721108461023,0,0.0,500.0,phoenix_usa
2022-01-29 08:00:00,0.0031940741411910435,0,0.0,500.0,phoenix_usa
2022-01-29 09:00:00,0.003063722241455373,0,0.0,500.0,phoenix_usa
2022-01-29 10:00:00,0.0029386900735147727,0,0.0,500.0,phoenix_usa
2022-01-29 11:00:00,0.0028187605362266473,0,0.0,500.0,phoenix_usa
2022-01-29 12:00:00,0.0027037253884639,0,0.0,500.0,phoenix_usa
2022-01-29 13:00:00,0.002593384887532884,0,0.0,500.0,phoenix_usa
2022-01-29 14:00:00,0.0024875474423477102,0,0.0,500.0,phoenix_usa
2022-01-29 15:00:00,0.002386029280758725,0,0.0,500.0,phoenix_usa
2022-01-29 16:00:00,0.0022886541304574697,0,0.0,500.0,phoenix_usa
2022-01-29 17:00:00,0.0021952529129040865,0,0.0,500.0,phoenix_usa
2022-01-29 18:00:00,0.0021056634497457244,0,0.0,500.0,phoenix_usa
2022-01-29 19:00:00,0.002019730181216157,0,0.0,500.0,phoenix_usa
2022-01-29 20:00:00,0.0019373038960276662,0,0.0,500.0,phoenix_usa
2022-01-29 21:00:00,0.001858241472286196,0,0.0,500.0,phoenix_usa
2022-01-29 22:00:00,0.0017824056289798824,0,0.0,500.0,phoenix_usa
2022-01-29 23:00:00,0.0017096646876094846,0,0.0,500.0,phoenix_usa
2022-01-30 00:00:00,0.0016398923435468058,0,0.0,500.0,phoenix_usa
2022-01-30 01:00:00,0.0015729674467240937,0,0.0,500.0,phoenix_usa
2022-01-30 02:00:00,0.0015087737912736305,0,0.0,500.0,phoenix_usa
2022-01-30 03:00:00,0.0014471999137522496,0,0.0,500.0,phoenix_usa
2022-01-30 04:00:00,0.0013881388996004125,0,0.0,500.0,phoenix_usa
2022-01-30 05:00:00,0.0013314881974997958,0,0.0,500.0,phoenix_usa
2022-01-30 06:00:00,0.0012771494413070536,0,0.0,500.0,phoenix_usa
2022-01-30 07:00:00,0.0012250282792545528,0,0.0,500.0,phoenix_usa
2022-01-30 08:00:00,0.0011750342101215156,0,0.0,500.0,phoenix_usa
2022-01-30 09:00:00,0.0011270804260911213,0,0.0,500.0,phoenix_usa
2022-01-30 10:00:00,0.0010810836620206792,0,0.0,500.0,phoenix_usa
2022-01-30 11:00:00,0.001036964050863174,0,0.0,500.0,phoenix_usa
2022-01-30 12:00:00,0.0009946449849891406,0,0.0,500.0,phoenix_usa
2022-01-30 13:00:00,0.0009540529831680614,0,0.0,500.0,phoenix_usa
2022-01-30 14:00:00,0.0009151175629783262,0,0.0,500.0,phoenix_usa
2022-01-30 15:00:00,0.0008777711184242179,0,0.0,500.0,phoenix_usa
2022-01-30 16:00:00,0.000841948802547407,0,0.0,500.0,phoenix_usa
2022-01-30 17:00:00,0.0008075884148291364,0,0.0,500.0,phoenix_usa
2022-01-30 18:00:00,0.3977301277790895,1,4.0,449.91143667149106,phoenix_usa
2022-01-30 19:00:00,0.381498545340373,1,4.0,449.91143667149106,phoenix_usa
2022-01-30 20:00:00,0.3659293825929583,1,4.0,449.91143667149106,phoenix_usa
2022-01-30 21:00:00,0.3509956058296218,1,4.0,449.91143667149106,phoenix_usa
2022-01-30 22:00:00,0.33667128460340795,1,4.0,449.91143667149106,phoenix_usa
2022-01-30 23:00:00,0.32293154670297913,1,4.0,449.91143667149106,phoenix_usa
2022-01-31 00:00:00,0.3097525349654448,1,4.0,449.91143667149106,phoenix_usa
2022-01-31 01:00:00,0.29711136585168435,1,4.0,449.91143667149106,phoenix_usa
2022-01-31 02:00:00,0.28498608971223166,1,4.0,449.91143667149106,phoenix_usa
2022-01-31 03:00:00,0.2733556526747316,1,4.0,449.91143667149106,phoenix_usa
2022-01-31 04:00:00,0.26219986008679,1,4.0,449.91143667149106,phoenix_usa
2022-01-31 05:00:00,0.2514993414507401,1,4.0,449.91143667149106,phoenix_usa
2022-01-31 06:00:00,0.24123551678944116,1,4.0,449.91143667149106,phoenix_usa
2022-01-31 07:00:00,0.23139056438470643,1,4.0,449.91143667149106,phoenix_usa
2022-01-31 08:00:00,0.22194738983234363,1,4.0,449.91143667149106,phoenix_usa
2022-01-31 09:00:00,0.21288959636007598,1,4.0,449.91143667149106,phoenix_usa
2022-01-31 10:00:00,0.2042014563568048,1,4.0,449.91143667149106,phoenix_usa
2022-01-31 11:00:00,0.19586788406377897,1,4.0,449.91143667149106,phoenix_usa
2022-01-31 12:00:00,0.1878744093802518,1,4.0,449.91143667149106,phoenix_usa
2022-01-31 13:00:00,0.1802071527381437,1,4.0,449.91143667149106,phoenix_usa
2022-01-31 14:00:00,0.17285280100208358,1,4.0,449.91143667149106,phoenix_usa
2022-01-31 15:00:00,0.16579858435298248,1,4.0,449.91143667149106,phoenix_usa
2022-01-31 16:00:00,0.15903225411500088,1,4.0,449.91143667149106,phoenix_usa
2022-01-31 17:00:00,0.1525420614874102,1,4.0,449.91143667149106,phoenix_usa
2022-01-31 18:00:00,0.1463167371444178,0,0.0,500.0,phoenix_usa
2022-01-31 19:00:00,0.14034547166753458,0,0.0,500.0,phoenix_usa
2022-01-31 20:00:00,0.13461789677650843,0,0.0,500.0,phoenix_usa
2022-01-31 21:00:00,0.1291240673262331,0,0.0,500.0,phoenix_usa
2022-01-31 22:00:00,0.12385444403837334,0,0.0,500.0,phoenix_usa
2022-01-31 23:00:00,0.11879987693772148,0,0.0,500.0,phoenix_usa
2022-02-01 00:00:00,0.11395158946452548,0,0.0,500.0,phoenix_usa
2022-02-01 01:00:00,0.10930116323520157,0,0.0,500.0,phoenix_usa
2022-02-01 02:00:00,0.10484052342497029,0,0.0,500.0,phoenix_usa
2022-02-01 03:00:00,0.10056192474703514,0,0.0,500.0,phoenix_usa
2022-02-01 04:00:00,0.09645793800395866,0,0.0,500.0,phoenix_usa
2022-02-01 05:00:00,0.09252143718788403,0,0.0,500.0,phoenix_usa
2022-02-01 06:00:00,0.0887455871072037,0,0.0,500.0,phoenix_usa
2022-02-01 07:00:00,0.08512383151819046,0,0.0,500.0,phoenix_usa
2022-02-01 08:00:00,0.08164988174098282,0,0.0,500.0,phoenix_usa
2022-02-01 09:00:00,0.07831770574015864,0,0.0,500.0,phoenix_usa
2022-02-01 10:00:00,0.07512151765093604,0,0.0,500.0,phoenix_usa
2022-02-01 11:00:00,0.07205576773281586,0,0.0,500.0,phoenix_usa
2022-02-01 12:00:00,0.0691151327332218,0,0.0,500.0,phoenix_usa
2022-02-01 13:00:00,0.06629450664440506,0,0.0,500.0,phoenix_usa
2022-02-01 14:00:00,0.06358899183756503,0,0.0,500.0,phoenix_usa
2022-02-01 15:00:00,0.06099389055879142,0,0.0,500.0,phoenix_usa
2022-02-01 16:00:00,0.05850469677206134,0,0.0,500.0,phoenix_usa
2022-02-01 17:00:00,0.05611708833512826,0,0.0,500.0,phoenix_usa
2022-02-01 18:00:00,0.05382691949471724,0,0.0,500.0,phoenix_usa
2022-02-01 19:00:00,0.0516302136879951,0,0.0,500.0,phoenix_usa
2022-02-01 20:00:00,0.049523156637816826,0,0.0,500.0,phoenix_usa
2022-02-01 21:00:00,0.04750208972975835,0,0.0,500.0,phoenix_usa
2022-02-01 22:00:00,0.04556350365943646,0,0.0,500.0,phoenix_usa
2022-02-01 23:00:00,0.0437040323390851,0,0.0,500.0,phoenix_usa
2022-02-02 00:00:00,0.04192044705280725,0,0.0,500.0,phoenix_usa
2022-02-02 01:00:00,0.04020965085035455,0,0.0,500.0,phoenix_usa
2022-02-02 02:00:00,0.03856867316969958,0,0.0,500.0,phoenix_usa
2022-02-02 03:00:00,0.03699466467906394,0,0.0,500.0,phoenix_usa
2022-02-02 04:00:00,0.035484892329445926,0,0.0,500.0,phoenix_usa
2022-02-02 05:00:00,0.03403673460905747,0,0.0,500.0,phoenix_usa
2022-02-02 06:00:00,0.03264767699142966,0,0.0,500.0,phoenix_usa
2022-02-02 07:00:00,0.03131530756928392,0,0.0,500.0,phoenix_usa
2022-02-02 08:00:00,0.030037312866587118,0,0.0,500.0,phoenix_usa
2022-02-02 09:00:00,0.028811473821519027,0,0.0,500.0,phoenix_usa
2022-02-02 10:00:00,0.027635661933376982,0,0.0,500.0,phoenix_usa
2022-02-02 11:00:00,0.026507835566727547,0,0.0,500.0,phoenix_usa
2022-02-02 12:00:00,0.025426036406387704,0,0.0,500.0,phoenix_usa
2022-02-02 13:00:00,0.0243883860570802,0,0.0,500.0,phoenix_usa
2022-02-02 14:00:00,0.023393082781858834,0,0.0,500.0,phoenix_usa
2022-02-02 15:00:00,0.0224383983736403,0,0.0,500.0,phoenix_usa
2022-02-02 16:00:00,0.021522675154410607,0,0.0,500.0,phoenix_usa
2022-02-02 17:00:00,0.02064432309689545,0,0.0,500.0,phoenix_usa
2022-02-02 18:00:00,0.01980181706369679,0,0.0,500.0,phoenix_usa
2022-02-02 19:00:00,0.01899369415910179,0,0.0,500.0,phoenix_usa
2022-02-02 20:00:00,0.018218551188965853,0,0.0,500.0,phoenix_usa
2022-02-02 21:00:00,0.017475042224259208,0,0.0,500.0,phoenix_usa
2022-02-02 22:00:00,0.01676187626404645,0,0.0,500.0,phoenix_usa
2022-02-02 23:00:00,0.016077814993841266,0,0.0,500.0,phoenix_usa
2022-02-03 00:00:00,0.015421670635443769,0,0.0,500.0,phoenix_usa
2022-02-03 01:00:00,0.014792303884527245,0,0.0,500.0,phoenix_usa
2022-02-03 02:00:00,0.014188621932393083,0,0.0,500.0,phoenix_usa
2022-02-03 03:00:00,0.013609576568458936,0,0.0,500.0,phoenix_usa
2022-02-03 04:00:00,0.013054162360185369,0,0.0,500.0,phoenix_usa
2022-02-03 05:00:00,0.012521414907280754,0,0.0,500.0,phoenix_usa
2022-02-03 06:00:00,0.012010409167152897,0,0.0,500.0,phoenix_usa
2022-02-03 07:00:00,0.011520257848700002,0,0.0,500.0,phoenix_usa
2022-02-03 08:00:00,0.011050109871651845,0,0.0,500.0,phoenix_usa
2022-02-03 09:00:00,0.010599148888786063,0,0.0,500.0,phoenix_usa
2022-02-03 10:00:00,0.010166591868453626,0,0.0,500.0,phoenix_usa
2022-02-03 11:00:00,0.009751687734952214,0,0.0,500.0,phoenix_usa
2022-02-03 12:00:00,0.009353716064386657,0,0.0,500.0,phoenix_usa
2022-02-03 13:00:00,0.008971985833752059,0,0.0,500.0,phoenix_usa
2022-02-03 14:00:00,0.008605834221067516,0,0.0,500.0,phoenix_usa
2022-02-03 15:00:00,0.008254625454476998,0,0.0,500.0,phoenix_usa
2022-02-03 16:00:00,0.007917749708319061,0,0.0,500.0,phoenix_usa
2022-02-03 17:00:00,0.007594622044248598,0,0.0,500.0,phoenix_usa
2022-02-03 18:00:00,0.0072846813955719045,0,0.0,500.0,phoenix_usa
2022-02-03 19:00:00,0.006987389593031659,0,0.0,500.0,phoenix_usa
2022-02-03 20:00:00,0.006702230430350076,0,0.0,500.0,phoenix_usa
2022-02-03 21:00:00,0.006428708767907831,0,0.0,500.0,phoenix_usa
2022-02-03 22:00:00,0.006166349673002274,0,0.0,500.0,phoenix_usa
2022-02-03 23:00:00,0.005914697595192161,0,0.0,500.0,phoenix_usa
2022-02-04 00:00:00,0.005673315575297092,0,0.0,500.0,phoenix_usa
2022-02-04 01:00:00,0.00544178448667804,0,0.0,500.0,phoenix_usa
2022-02-04 02:00:00,0.005219702307481637,0,0.0,500.0,phoenix_usa
2022-02-04 03:00:00,0.005006683422584627,0,0.0,500.0,phoenix_usa
2022-02-04 04:00:00,0.004802357954026274,0,0.0,500.0,phoenix_usa
2022-02-04 05:00:00,0.004606371118766212,0,0.0,500.0,phoenix_usa
2022-02-04 06:00:00,0.004418382612652574,0,0.0,500.0,phoenix_usa
2022-02-04 07:00:00,0.004238066019530681,0,0.0,500.0,phoenix_usa
2022-02-04 08:00:00,0.004065108244466319,0,0.0,500.0,phoenix_usa
2022-02-04 09:00:00,0.003899208970099529,0,0.0,500.0,phoenix_usa
2022-02-04 10:00:00,0.00374008013518485,0,0.0,500.0,phoenix_usa
2022-02-04 11:00:00,0.003587445434412628,0,0.0,500.0,phoenix_usa
2022-02-04 12:00:00,0.003441039838642904,0,0.0,500.0,phoenix_usa
2022-02-04 13:00:00,0.0033006091347188063,0,0.0,500.0,phoenix_usa
2022-02-04 14:00:00,0.003165909484060393,0,0.0,500.0,phoenix_usa
2022-02-04 15:00:00,0.003036706999272559,0,0.0,500.0,phoenix_usa
2022-02-04 16:00:00,0.002912777338031768,0,0.0,500.0,phoenix_usa
2022-02-04 17:00:00,0.0027939053135464906,0,0.0,500.0,phoenix_usa
2022-02-04 18:00:00,0.0026798845209149943,0,0.0,500.0,phoenix_usa
2022-02-04 19:00:00,0.002570516978731638,0,0.0,500.0,phoenix_usa
2022-02-04 20:00:00,0.002465612785319421,0,0.0,500.0,phoenix_usa
2022-02-04 21:00:00,0.002364989788991885,0,0.0,500.0,phoenix_usa
2022-02-04 22:00:00,0.0022684732717717826,0,0.0,500.0,phoenix_usa
2022-02-04 23:00:00,0.002175895646017366,0,0.0,500.0,phoenix_usa
2022-02-05 00:00:00,0.0020870961634295348,0,0.0,500.0,phoenix_usa
2022-02-05 01:00:00,0.002001920635934542,0,0.0,500.0,phoenix_usa
2022-02-05 02:00:00,0.0019202211679576332,0,0.0,500.0,phoenix_usa
2022-02-05 03:00:00,0.0018418558996227566,0,0.0,500.0,phoenix_usa
2022-02-05 04:00:00,0.001766688760432416,0,0.0,500.0,phoenix_usa
2022-02-05 05:00:00,0.0016945892329999848,0,0.0,500.0,phoenix_usa
2022-02-05 06:00:00,0.001625432126424246,0,0.0,500.0,phoenix_usa
2022-02-05 07:00:00,0.0015590973589126257,0,0.0,500.0,phoenix_usa
2022-02-05 08:00:00,0.0014954697492756922,0,0.0,500.0,phoenix_usa
2022-02-05 09:00:00,0.0014344388169308898,0,0.0,500.0,phoenix_usa
2022-02-05 10:00:00,0.0013758985900682154,0,0.0,500.0,phoenix_usa
2022-02-05 11:00:00,0.0013197474216447597,0,0.0,500.0,phoenix_usa
2022-02-05 12:00:00,0.0012658878128886217,0,0.0,500.0,phoenix_usa
2022-02-05 13:00:00,0.0012142262440057118,0,0.0,500.0,phoenix_usa
2022-02-05 14:00:00,0.0011646730117955064,0,0.0,500.0,phoenix_usa
2022-02-05 15:00:00,0.0011171420738937967,0,0.0,500.0,phoenix_usa
2022-02-05 16:00:00,0.001071550899371968,0,0.0,500.0,phoenix_usa
2022-02-05 17:00:00,0.0010278203254334064,0,0.0,500.0,phoenix_usa
2022-02-05 18:00:00,0.0009858744199582067,0,0.0,500.0,phoenix_usa
2022-02-05 19:00:00,0.0009456403496574995,0,0.0,500.0,phoenix_usa
2022-02-05 20:00:00,0.0009070482536084721,0,0.0,500.0,phoenix_usa
2022-02-05 21:00:00,0.000870031121950502,0,0.0,500.0,phoenix_usa
2022-02-05 22:00:00,0.0008345246795317568,0,0.0,500.0,phoenix_usa
2022-02-05 23:00:00,0.0008004672743042432,0,0.0,500.0,phoenix_usa
2022-02-06 00:00:00,0.0007677997702735183,0,0.0,500.0,phoenix_usa
2022-02-06 01:00:00,0.0007364654448171775,0,0.0,500.0,phoenix_usa
2022-02-06 02:00:00,0.0007064098901938283,0,0.0,500.0,phoenix_usa
2022-02-06 03:00:00,0.0006775809190715439,0,0.0,500.0,phoenix_usa
2022-02-06 04:00:00,0.0006499284739117454,0,0.0,500.0,phoenix_usa
2022-02-06 05:00:00,0.0006234045400511778,0,0.0,500.0,phoenix_usa
2022-02-06 06:00:00,0.0005979630623310609,0,0.0,500.0,phoenix_usa
2022-02-06 07:00:00,0.0005735598651286484,0,0.0,500.0,phoenix_usa
2022-02-06 08:00:00,0.0005501525756523386,0,0.0,500.0,phoenix_usa
2022-02-06 09:00:00,0.0005277005503671606,0,0.0,500.0,phoenix_usa
2022-02-06 10:00:00,0.0005061648044228706,0,0.0,500.0,phoenix_usa
2022-02-06 11:00:00,0.0004855079439621261,0,0.0,500.0,phoenix_usa
2022-02-06 12:00:00,0.00046569410119120543,0,0.0,500.0,phoenix_usa
2022-02-06 13:00:00,0.0004466888721005207,0,0.0,500.0,phoenix_usa
2022-02-06 14:00:00,0.00042845925672679164,0,0.0,500.0,phoenix_usa
2022-02-06 15:00:00,0.00041097360185315593,0,0.0,500.0,phoenix_usa
2022-02-06 16:00:00,0.000394201546047716,0,0.0,500.0,phoenix_usa
2022-02-06 17:00:00,0.00037811396694509156,0,0.0,500.0,phoenix_usa
2022-02-06 18:00:00,0.00036268293067944483,0,0.0,500.0,phoenix_usa
2022-02-06 19:00:00,0.00034788164338116814,0,0.0,500.0,phoenix_usa
2022-02-06 20:00:00,0.0003336844046530174,0,0.0,500.0,phoenix_usa
2022-02-06 21:00:00,0.00032006656294491365,0,0.0,500.0,phoenix_usa
2022-02-06 22:00:00,0.00030700447274991966,0,0.0,500.0,phoenix_usa
2022-02-06 23:00:00,0.0002944754535470726,0,0.0,500.0,phoenix_usa
2022-02-07 00:00:00,0.0002824577504197837,0,0.0,500.0,phoenix_usa
2022-02-07 01:00:00,0.00027093049628142097,0,0.0,500.0,phoenix_usa
2022-02-07 02:00:00,0.0002598736756424855,0,0.0,500.0,phoenix_usa
2022-02-07 03:00:00,0.00024926808985647184,0,0.0,500.0,phoenix_usa
2022-02-07 04:00:00,0.00023909532378406124,0,0.0,500.0,phoenix_usa
2022-02-07 05:00:00,0.00022933771381776727,0,0.0,500.0,phoenix_usa
2022-02-07 06:00:00,0.00021997831721151502,0,0.0,500.0,phoenix_usa
2022-02-07 07:00:00,0.00021100088266189497,0,0.0,500.0,phoenix_usa
2022-02-07 08:00:00,0.00020238982209001198,0,0.0,500.0,phoenix_usa
2022-02-07 09:00:00,0.0001941301835749336,0,0.0,500.0,phoenix_usa
2022-02-07 10:00:00,0.00018620762539173796,0,0.0,500.0,phoenix_usa
2022-02-07 11:00:00,0.00017860839110908289,0,0.0,500.0,phoenix_usa
2022-02-07 12:00:00,0.00017131928570305775,0,0.0,500.0,phoenix_usa
2022-02-07 13:00:00,0.00016432765264584142,0,0.0,500.0,phoenix_usa
2022-02-07 14:00:00,0.00015762135192938365,0,0.0,500.0,phoenix_usa
2022-02-07 15:00:00,0.00015118873898595383,0,0.0,500.0,phoenix_usa
2022-02-07 16:00:00,0.0001450186444689524,0,0.0,500.0,phoenix_usa
2022-02-07 17:00:00,0.00013910035485887746,0,0.0,500.0,phoenix_usa
2022-02-07 18:00:00,0.00013342359386077523,0,0.0,500.0,phoenix_usa
2022-02-07 19:00:00,0.00012797850456086702,0,0.0,500.0,phoenix_usa
2022-02-07 20:00:00,0.0001227556323113775,0,0.0,500.0,phoenix_usa
2022-02-07 21:00:00,0.0001177459083138392,0,0.0,500.0,phoenix_usa
2022-02-07 22:00:00,0.00011294063387237364,0,0.0,500.0,phoenix_usa
2022-02-07 23:00:00,0.00010833146528960409,0,0.0,500.0,phoenix_usa
2022-02-08 00:00:00,0.00010391039937897286,0,0.0,500.0,phoenix_usa
2022-02-08 01:00:00,9.966975956831059e-05,0,0.0,500.0,phoenix_usa
2022-02-08 02:00:00,9.560218257052623e-05,0,0.0,500.0,phoenix_usa
2022-02-08 03:00:00,9.170060559827181e-05,0,0.0,500.0,phoenix_usa
2022-02-08 04:00:00,8.795825410038543e-05,0,0.0,500.0,phoenix_usa
2022-02-08 05:00:00,8.436862999881638e-05,0,0.0,500.0,phoenix_usa
2022-02-08 06:00:00,8.09255004056065e-05,0,0.0,500.0,phoenix_usa
2022-02-08 07:00:00,7.762288680033891e-05,0,0.0,500.0,phoenix_usa
2022-02-08 08:00:00,7.445505464926122e-05,0,0.0,500.0,phoenix_usa
2022-02-08 09:00:00,7.141650344805616e-05,0,0.0,500.0,phoenix_usa
2022-02-08 10:00:00,6.85019571709738e-05,0,0.0,500.0,phoenix_usa
2022-02-08 11:00:00,6.570635510973983e-05,0,0.0,500.0,phoenix_usa
2022-02-08 12:00:00,6.302484308633161e-05,0,0.0,500.0,phoenix_usa
2022-02-08 13:00:00,6.045276502436698e-05,0,0.0,500.0,phoenix_usa
2022-02-08 14:00:00,5.798565486446891e-05,0,0.0,500.0,phoenix_usa
2022-02-08 15:00:00,5.56192288095678e-05,0,0.0,500.0,phoenix_usa
2022-02-08 16:00:00,5.334937788667823e-05,0,0.0,500.0,phoenix_usa
2022-02-08 17:00:00,5.1172160812233176e-05,0,0.0,500.0,phoenix_usa
2022-02-08 18:00:00,4.908379714858748e-05,0,0.0,500.0,phoenix_usa
2022-02-08 19:00:00,4.7080660739808634e-05,0,0.0,500.0,phoenix_usa
2022-02-08 20:00:00,4.515927341535659e-05,0,0.0,500.0,phoenix_usa
2022-02-08 21:00:00,4.331629895071905e-05,0,0.0,500.0,phoenix_usa
2022-02-08 22:00:00,4.1548537274517285e-05,0,0.0,500.0,phoenix_usa
2022-02-08 23:00:00,3.9852918912023056e-05,0,0.0,500.0,phoenix_usa
2022-02-09 00:00:00,3.8226499655437924e-05,0,0.0,500.0,phoenix_usa
2022-02-09 01:00:00,3.666645545168212e-05,0,0.0,500.0,phoenix_usa
2022-02-09 02:00:00,3.51700774988154e-05,0,0.0,500.0,phoenix_usa
2022-02-09 03:00:00,3.373476754257507e-05,0,0.0,500.0,phoenix_usa
2022-02-09 04:00:00,3.2358033364865515e-05,0,0.0,500.0,phoenix_usa
2022-02-09 05:00:00,3.1037484456364755e-05,0,0.0,500.0,phoenix_usa
2022-02-09 06:00:00,2.9770827865733846e-05,0,0.0,500.0,phoenix_usa
2022-02-09 07:00:00,2.8555864218222816e-05,0,0.0,500.0,phoenix_usa
2022-02-09 08:00:00,2.7390483896759414e-05,0,0.0,500.0,phoenix_usa
2022-02-09 09:00:00,2.6272663378889278e-05,0,0.0,500.0,phoenix_usa
2022-02-09 10:00:00,2.5200461723207915e-05,0,0.0,500.0,phoenix_usa
2022-02-09 11:00:00,2.4172017199183428e-05,0,0.0,500.0,phoenix_usa
2022-02-09 12:00:00,2.3185544054517518e-05,0,0.0,500.0,phoenix_usa
2022-02-09 13:00:00,2.2239329414432636e-05,0,0.0,500.0,phoenix_usa
2022-02-09 14:00:00,2.1331730307500942e-05,0,0.0,500.0,phoenix_usa
2022-02-09 15:00:00,2.0461170812850392e-05,0,0.0,500.0,phoenix_usa
2022-02-09 16:00:00,1.9626139323795283e-05,0,0.0,500.0,phoenix_usa
2022-02-09 17:00:00,1.8825185923139518e-05,0,0.0,500.0,phoenix_usa
2022-02-09 18:00:00,1.80569198655948e-05,0,0.0,500.0,phoenix_usa
2022-02-09 19:00:00,1.7320007162943067e-05,0,0.0,500.0,phoenix_usa
2022-02-09 20:00:00,1.661316826774976e-05,0,0.0,500.0,phoenix_usa
2022-02-09 21:00:00,1.5935175851605663e-05,0,0.0,500.0,phoenix_usa
2022-02-09 22:00:00,1.5284852674040263e-05,0,0.0,500.0,phoenix_usa
2022-02-09 23:00:00,1.4661069538405845e-05,0,0.0,500.0,phoenix_usa
2022-02-10 00:00:00,1.4062743331182836e-05,0,0.0,500.0,phoenix_usa
2022-02-10 01:00:00,1.34888351413024e-05,0,0.0,500.0,phoenix_usa
2022-02-10 02:00:00,1.2938348456220523e-05,0,0.0,500.0,phoenix_usa
2022-02-10 03:00:00,1.2410327431611026e-05,0,0.0,500.0,phoenix_usa
2022-02-10 04:00:00,1.1903855231673611e-05,0,0.0,500.0,phoenix_usa
2022-02-10 05:00:00,1.1418052437174794e-05,0,0.0,500.0,phoenix_usa
2022-02-10 06:00:00,1.0952075518457367e-05,0,0.0,500.0,phoenix_usa
2022-02-10 07:00:00,1.0505115370767393e-05,0,0.0,500.0,phoenix_usa
2022-02-10 08:00:00,1.0076395909355243e-05,0,0.0,500.0,phoenix_usa
2022-02-10 09:00:00,9.665172721911204e-06,0,0.0,500.0,phoenix_usa
2022-02-10 10:00:00,9.27073177599605e-06,0,0.0,500.0,phoenix_usa
2022-02-10 11:00:00,8.892388179222092e-06,0,0.0,500.0,phoenix_usa
2022-02-10 12:00:00,8.529484990031763e-06,0,0.0,500.0,phoenix_usa
2022-02-10 13:00:00,8.181392077009099e-06,0,0.0,500.0,phoenix_usa
2022-02-10 14:00:00,7.847505024743367e-06,0,0.0,500.0,phoenix_usa
2022-02-10 15:00:00,7.527244084344828e-06,0,0.0,500.0,phoenix_usa
2022-02-10 16:00:00,7.220053166790679e-06,0,0.0,500.0,phoenix_usa
2022-02-10 17:00:00,6.9253988773530694e-06,0,0.0,500.0,phoenix_usa
2022-02-10 18:00:00,6.64276958943253e-06,0,0.0,500.0,phoenix_usa
2022-02-10 19:00:00,6.371674556188872e-06,0,0.0,500.0,phoenix_usa
2022-02-10 20:00:00,6.111643058426917e-06,0,0.0,500.0,phoenix_usa
2022-02-10 21:00:00,5.862223587257351e-06,0,0.0,500.0,phoenix_usa
2022-02-10 22:00:00,5.6229830601137575e-06,0,0.0,500.0,phoenix_usa
2022-02-10 23:00:00,5.393506068764399e-06,0,0.0,500.0,phoenix_usa
2022-02-11 00:00:00,5.173394158012968e-06,0,0.0,500.0,phoenix_usa
2022-02-11 01:00:00,4.9622651338360405e-06,0,0.0,500.0,phoenix_usa
2022-02-11 02:00:00,4.759752399755799e-06,0,0.0,500.0,phoenix_usa
2022-02-11 03:00:00,4.565504320295686e-06,0,0.0,500.0,phoenix_usa
2022-02-11 04:00:00,4.379183610413838e-06,0,0.0,500.0,phoenix_usa
2022-02-11 05:00:00,4.200466749854088e-06,0,0.0,500.0,phoenix_usa
2022-02-11 06:00:00,4.029043421397531e-06,0,0.0,500.0,phoenix_usa
2022-02-11 07:00:00,3.864615972039438e-06,0,0.0,500.0,phoenix_usa
2022-02-11 08:00:00,3.706898896155815e-06,0,0.0,500.0,phoenix_usa
2022-02-11 09:00:00,3.555618339762162e-06,0,0.0,500.0,phoenix_usa
2022-02-11 10:00:00,3.4105116250037595e-06,0,0.0,500.0,phoenix_usa
2022-02-11 11:00:00,3.2713267940517634e-06,0,0.0,500.0,phoenix_usa
2022-02-11 12:00:00,3.1378221716130896e-06,0,0.0,500.0,phoenix_usa
2022-02-11 13:00:00,3.0097659452945726e-06,0,0.0,500.0,phoenix_usa
2022-02-11 14:00:00,2.8869357630926752e-06,0,0.0,500.0,phoenix_usa
2022-02-11 15:00:00,2.7691183473098206e-06,0,0.0,500.0,phoenix_usa
2022-02-11 16:00:00,2.6561091242270573e-06,0,0.0,500.0,phoenix_usa
2022-02-11 17:00:00,2.5477118688899814e-06,0,0.0,500.0,phoenix_usa
2022-02-11 18:00:00,2.44373836439109e-06,0,0.0,500.0,phoenix_usa
2022-02-11 19:00:00,2.34400807505706e-06,0,0.0,500.0,phoenix_usa
2022-02-11 20:00:00,2.2483478329734196e-06,0,0.0,500.0,phoenix_usa
2022-02-11 21:00:00,2.156591537302283e-06,0,0.0,500.0,phoenix_usa
2022-02-11 22:00:00,2.068579865871136e-06,0,0.0,500.0,phoenix_usa
2022-02-11 23:00:00,1.98415999853183e-06,0,0.0,500.0,phoenix_usa
2022-02-12 00:00:00,1.9031853518094151e-06,0,0.0,500.0,phoenix_usa
2022-02-12 01:00:00,1.8255153243801349e-06,0,0.0,500.0,phoenix_usa
2022-02-12 02:00:00,1.7510150529365948e-06,0,0.0,500.0,phoenix_usa
2022-02-12 03:00:00,1.6795551780161824e-06,0,0.0,500.0,phoenix_usa
2022-02-12 04:00:00,1.6110116193861818e-06,0,0.0,500.0,phoenix_usa
2022-02-12 05:00:00,1.5452653605955465e-06,0,0.0,500.0,phoenix_usa
2022-02-12 06:00:00,1.4822022423191998e-06,0,0.0,500.0,phoenix_usa
2022-02-12 07:00:00,1.4217127641360987e-06,0,0.0,500.0,phoenix_usa
2022-02-12 08:00:00,1.3636918943968379e-06,0,0.0,500.0,phoenix_usa
2022-02-12 09:00:00,1.308038887850636e-06,0,0.0,500.0,phoenix_usa
2022-02-12 10:00:00,1.254657110715091e-06,0,0.0,500.0,phoenix_usa
2022-02-12 11:00:00,1.2034538728849283e-06,0,0.0,500.0,phoenix_usa
2022-02-12 12:00:00,1.154340266988385e-06,0,0.0,500.0,phoenix_usa
2022-02-12 13:00:00,1.1072310140118058e-06,0,0.0,500.0,phoenix_usa
2022-02-12 14:00:00,1.0620443152243848e-06,0,0.0,500.0,phoenix_usa
2022-02-12 15:00:00,1.0187017101459247e-06,0,0.0,500.0,phoenix_usa
2022-02-12 16:00:00,9.77127940311019e-07,0,0.0,500.0,phoenix_usa
2022-02-12 17:00:00,9.37250818593097e-07,0,0.0,500.0,phoenix_usa
2022-02-12 18:00:00,8.990011038614089e-07,0,0.0,500.0,phoenix_usa
2022-02-12 19:00:00,8.623123807533398e-07,0,0.0,500.0,phoenix_usa
2022-02-12 20:00:00,8.271209443532848e-07,0,0.0,500.0,phoenix_usa
2022-02-12 21:00:00,7.933656895778254e-07,0,0.0,500.0,phoenix_usa
2022-02-12 22:00:00,7.609880050751705e-07,0,0.0,500.0,phoenix_usa
2022-02-12 23:00:00,7.299316714546193e-07,0,0.0,500.0,phoenix_usa
2022-02-13 00:00:00,7.001427636693225e-07,0,0.0,500.0,phoenix_usa
2022-02-13 01:00:00,6.715695573828685e-07,0,0.0,500.0,phoenix_usa
2022-02-13 02:00:00,6.441624391570982e-07,0,0.0,500.0,phoenix_usa
2022-02-13 03:00:00,6.178738203051954e-07,0,0.0,500.0,phoenix_usa
2022-02-13 04:00:00,5.92658054260489e-07,0,0.0,500.0,phoenix_usa
2022-02-13 05:00:00,5.68471357317477e-07,0,0.0,500.0,phoenix_usa
2022-02-13 06:00:00,5.45271732607446e-07,0,0.0,500.0,phoenix_usa
2022-02-13 07:00:00,5.230188971766946e-07,0,0.0,500.0,phoenix_usa
2022-02-13 08:00:00,5.016742120407342e-07,0,0.0,500.0,phoenix_usa
2022-02-13 09:00:00,4.812006150930066e-07,0,0.0,500.0,phoenix_usa
2022-02-13 10:00:00,4.61562556751644e-07,0,0.0,500.0,phoenix_usa
2022-02-13 11:00:00,4.4272593823251544e-07,0,0.0,500.0,phoenix_usa
2022-02-13 12:00:00,4.2465805234138066e-07,0,0.0,500.0,phoenix_usa
2022-02-13 13:00:00,4.073275266823524e-07,0,0.0,500.0,phoenix_usa
2022-02-13 14:00:00,3.9070426918405375e-07,0,0.0,500.0,phoenix_usa
2022-02-13 15:00:00,3.7475941584887535e-07,0,0.0,500.0,phoenix_usa
2022-02-13 16:00:00,3.594652806346201e-07,0,0.0,500.0,phoenix_usa
2022-02-13 17:00:00,3.447953073815055e-07,0,0.0,500.0,phoenix_usa
2022-02-13 18:00:00,3.307240237010448e-07,0,0.0,500.0,phoenix_usa
2022-02-13 19:00:00,3.1722699674675457e-07,0,0.0,500.0,phoenix_usa
2022-02-13 20:00:00,3.042807907898821e-07,0,0.0,500.0,phoenix_usa
2022-02-13 21:00:00,2.918629265264864e-07,0,0.0,500.0,phoenix_usa
2022-02-13 22:00:00,2.799518420452245e-07,0,0.0,500.0,phoenix_usa
2022-02-13 23:00:00,2.685268553880622e-07,0,0.0,500.0,phoenix_usa
2022-02-14 00:00:00,2.5756812863889957e-07,0,0.0,500.0,phoenix_usa
2022-02-14 01:00:00,2.470566334777625e-07,0,0.0,500.0,phoenix_usa
2022-02-14 02:00:00,2.3697411814074645e-07,0,0.0,500.0,phoenix_usa
2022-02-14 03:00:00,2.273030757283395e-07,0,0.0,500.0,phoenix_usa
2022-02-14 04:00:00,2.18026713807103e-07,0,0.0,500.0,phoenix_usa
2022-02-14 05:00:00,2.091289252519247e-07,0,0.0,500.0,phoenix_usa
2022-02-14 06:00:00,2.0059426027821138e-07,0,0.0,500.0,phoenix_usa
2022-02-14 07:00:00,1.924078996154665e-07,0,0.0,500.0,phoenix_usa
2022-02-14 08:00:00,1.8455562877566897e-07,0,0.0,500.0,phoenix_usa
2022-02-14 09:00:00,0.4622266226268024,1,3.03,423.36083859342864,phoenix_usa
2022-02-14 10:00:00,0.9404540741981914,2,3.36,423.36083859342864,phoenix_usa
2022-02-14 11:00:00,0.9020736328662403,2,3.36,423.36083859342864,phoenix_usa
2022-02-14 12:00:00,0.8652595181814372,2,3.36,423.36083859342864,phoenix_usa
2022-02-14 13:00:00,0.8299478075029673,2,3.36,423.36083859342864,phoenix_usa
2022-02-14 14:00:00,0.7960771869076906,2,3.36,423.36083859342864,phoenix_usa
2022-02-14 15:00:00,0.7635888447269576,2,3.36,423.36083859342864,phoenix_usa
2022-02-14 16:00:00,0.7324263694282445,2,3.36,423.36083859342864,phoenix_usa
2022-02-14 17:00:00,0.7025356516642949,2,3.36,423.36083859342864,phoenix_usa
2022-02-14 18:00:00,0.6738647903196896,2,3.36,423.36083859342864,phoenix_usa
2022-02-14 19:00:00,0.6463640023917064,2,3.36,423.36083859342864,phoenix_usa
2022-02-14 20:00:00,0.6199855365489905,2,3.36,423.36083859342864,phoenix_usa
2022-02-14 21:00:00,0.5946835902179441,2,3.36,423.36083859342864,phoenix_usa
2022-02-14 22:00:00,0.5704142300528628,2,3.36,423.36083859342864,phoenix_usa
2022-02-14 23:00:00,0.5471353156517327,2,3.36,423.36083859342864,phoenix_usa
2022-02-15 00:00:00,0.5248064263852223,2,3.36,423.36083859342864,phoenix_usa
2022-02-15 01:00:00,0.5033887912118284,2,3.36,423.36083859342864,phoenix_usa
2022-02-15 02:00:00,0.482845221357299,2,3.36,423.36083859342864,phoenix_usa
2022-02-15 03:00:00,0.46314004574144924,2,3.36,423.36083859342864,phoenix_usa
2022-02-15 04:00:00,0.4442390490402421,2,3.36,423.36083859342864,phoenix_usa
2022-02-15 05:00:00,0.4261094122755897,2,3.36,423.36083859342864,phoenix_usa
2022-02-15 06:00:00,0.40871965582971675,2,3.36,423.36083859342864,phoenix_usa
2022-02-15 07:00:00,0.39203958478513984,2,3.36,423.36083859342864,phoenix_usa
2022-02-15 08:00:00,0.3760402364953503,2,3.36,423.36083859342864,phoenix_usa
2022-02-15 09:00:00,0.36069383029516694,1,3.36,423.5935315978888,phoenix_usa
2022-02-15 10:00:00,0.34597371926343673,0,0.0,500.0,phoenix_usa
2022-02-15 11:00:00,0.3318543439543253,0,0.0,500.0,phoenix_usa
2022-02-15 12:00:00,0.31831118801685854,0,0.0,500.0,phoenix_usa
2022-02-15 13:00:00,0.30532073562565537,0,0.0,500.0,phoenix_usa
2022-02-15 14:00:00,0.292860430648935,0,0.0,500.0,phoenix_usa
2022-02-15 15:00:00,0.2809086374829004,0,0.0,500.0,phoenix_usa
2022-02-15 16:00:00,0.26944460348449095,0,0.0,500.0,phoenix_usa
2022-02-15 17:00:00,0.258448422937276,0,0.0,500.0,phoenix_usa
2022-02-15 18:00:00,0.2479010024879186,0,0.0,500.0,phoenix_usa
2022-02-15 19:00:00,0.23778402799319778,0,0.0,500.0,phoenix_usa
2022-02-15 20:00:00,0.2280799327200195,0,0.0,500.0,phoenix_usa
2022-02-15 21:00:00,0.21877186684320424,0,0.0,500.0,phoenix_usa
2022-02-15 22:00:00,0.20984366818808575,0,0.0,500.0,phoenix_usa
2022-02-15 23:00:00,0.2012798341671201,0,0.0,500.0,phoenix_usa
2022-02-16 00:00:00,0.1930654948617773,0,0.0,500.0,phoenix_usa
2022-02-16 01:00:00,0.18518638720297528,0,0.0,500.0,phoenix_usa
2022-02-16 02:00:00,0.17762883020522452,0,0.0,500.0,phoenix_usa
2022-02-16 03:00:00,0.17037970121148058,0,0.0,500.0,phoenix_usa
2022-02-16 04:00:00,0.16342641310745726,0,0.0,500.0,phoenix_usa
2022-02-16 05:00:00,0.15675689246583566,0,0.0,500.0,phoenix_usa
2022-02-16 06:00:00,0.15035955858242042,0,0.0,500.0,phoenix_usa
2022-02-16 07:00:00,0.14422330336784153,0,0.0,500.0,phoenix_usa
2022-02-16 08:00:00,0.13833747205988645,0,0.0,500.0,phoenix_usa
2022-02-16 09:00:00,0.13269184472297305,0,0.0,500.0,phoenix_usa
2022-02-16 10:00:00,0.1272766185026386,0,0.0,500.0,phoenix_usa
2022-02-16 11:00:00,0.1220823906042328,0,0.0,500.0,phoenix_usa
2022-02-16 12:00:00,0.11710014196625981,0,0.0,500.0,phoenix_usa
2022-02-16 13:00:00,0.11232122160001975,0,0.0,500.0,phoenix_usa
2022-02-16 14:00:00,0.10773733156835816,0,0.0,500.0,phoenix_usa
2022-02-16 15:00:00,0.10334051257744067,0,0.0,500.0,phoenix_usa
2022-02-16 16:00:00,0.0991231301565354,0,0.0,500.0,phoenix_usa
2022-02-16 17:00:00,0.09507786140180563,0,0.0,500.0,phoenix_usa
2022-02-16 18:00:00,0.09119768226109584,0,0.0,500.0,phoenix_usa
2022-02-16 19:00:00,0.08747585533763219,0,0.0,500.0,phoenix_usa
2022-02-16 20:00:00,0.08390591819146091,0,0.0,500.0,phoenix_usa
2022-02-16 21:00:00,0.08048167211831118,0,0.0,500.0,phoenix_usa
2022-02-16 22:00:00,0.07719717138639853,0,0.0,500.0,phoenix_usa
2022-02-16 23:00:00,0.07404671291248074,0,0.0,500.0,phoenix_usa
2022-02-17 00:00:00,0.0710248263592386,0,0.0,500.0,phoenix_usa
2022-02-17 01:00:00,0.06812626463678888,0,0.0,500.0,phoenix_usa
2022-02-17 02:00:00,0.06534599479183502,0,0.0,500.0,phoenix_usa
2022-02-17 03:00:00,0.06267918926863679,0,0.0,500.0,phoenix_usa
2022-02-17 04:00:00,0.06012121752662466,0,0.0,500.0,phoenix_usa
2022-02-17 05:00:00,0.0576676380001035,0,0.0,500.0,phoenix_usa
2022-02-17 06:00:00,0.05531419038608558,0,0.0,500.0,phoenix_usa
2022-02-17 07:00:00,0.053056788246860956,0,0.0,500.0,phoenix_usa
2022-02-17 08:00:00,0.050891511914461056,0,0.0,500.0,phoenix_usa
2022-02-17 09:00:00,0.048814601684695126,0,0.0,500.0,phoenix_usa
2022-02-17 10:00:00,0.04682245128894154,0,0.0,500.0,phoenix_usa
2022-02-17 11:00:00,0.044911601632358904,0,0.0,500.0,phoenix_usa
2022-02-17 12:00:00,0.043078734787644214,0,0.0,500.0,phoenix_usa
2022-02-17 13:00:00,0.04132066823390901,0,0.0,500.0,phoenix_usa
2022-02-17 14:00:00,0.03963434933066999,0,0.0,500.0,phoenix_usa
2022-02-17 15:00:00,0.03801685001735928,0,0.0,500.0,phoenix_usa
2022-02-17 16:00:00,0.03646536172915037,0,0.0,500.0,phoenix_usa
2022-02-17 17:00:00,0.034977190520272095,0,0.0,500.0,phoenix_usa
2022-02-17 18:00:00,0.03354975238634268,0,0.0,500.0,phoenix_usa
2022-02-17 19:00:00,0.032180568777602045,0,0.0,500.0,phoenix_usa
2022-02-17 20:00:00,0.0308672622952514,0,0.0,500.0,phoenix_usa
2022-02-17 21:00:00,0.02960755256342756,0,0.0,500.0,phoenix_usa
2022-02-17 22:00:00,0.028399252269644352,0,0.0,500.0,phoenix_usa
2022-02-17 23:00:00,0.027240263366825626,0,0.0,500.0,phoenix_usa
2022-02-18 00:00:00,0.02612857343033542,0,0.0,500.0,phoenix_usa
2022-02-18 01:00:00,0.025062252163679685,0,0.0,500.0,phoenix_usa
2022-02-18 02:00:00,0.02403944804681224,0,0.0,500.0,phoenix_usa
2022-02-18 03:00:00,0.023058385121225163,0,0.0,500.0,phoenix_usa
2022-02-18 04:00:00,0.022117359906241394,0,0.0,500.0,phoenix_usa
2022-02-18 05:00:00,0.021214738441155102,0,0.0,500.0,phoenix_usa
2022-02-18 06:00:00,0.02034895344808393,0,0.0,500.0,phoenix_usa
2022-02-18 07:00:00,0.019518501610606746,0,0.0,500.0,phoenix_usa
2022-02-18 08:00:00,0.018721940963461726,0,0.0,500.0,phoenix_usa
2022-02-18 09:00:00,0.017957888388772183,0,0.0,500.0,phoenix_usa
2022-02-18 10:00:00,0.017225017214452895,0,0.0,500.0,phoenix_usa
2022-02-18 11:00:00,0.016522054910626624,0,0.0,500.0,phoenix_usa
2022-02-18 12:00:00,0.015847780880051333,0,0.0,500.0,phoenix_usa
2022-02-18 13:00:00,0.015201024338721014,0,0.0,500.0,phoenix_usa
2022-02-18 14:00:00,0.014580662282960599,0,0.0,500.0,phoenix_usa
2022-02-18 15:00:00,0.01398561753948467,0,0.0,500.0,phoenix_usa
2022-02-18 16:00:00,0.013414856895034343,0,0.0,500.0,phoenix_usa
2022-02-18 17:00:00,0.012867389302344765,0,0.0,500.0,phoenix_usa
2022-02-18 18:00:00,0.012342264159328011,0,0.0,500.0,phoenix_usa
2022-02-18 19:00:00,0.01183856965848341,0,0.0,500.0,phoenix_usa
2022-02-18 20:00:00,0.011355431203669416,0,0.0,500.0,phoenix_usa
2022-02-18 21:00:00,0.010892009891487838,0,0.0,500.0,phoenix_usa
2022-02-18 22:00:00,0.010447501054643583,0,0.0,500.0,phoenix_usa
2022-02-18 23:00:00,0.010021132864750723,0,0.0,500.0,phoenix_usa
2022-02-19 00:00:00,0.009612164992158789,0,0.0,500.0,phoenix_usa
2022-02-19 01:00:00,0.009219887320472252,0,0.0,500.0,phoenix_usa
2022-02-19 02:00:00,0.008843618713531206,0,0.0,500.0,phoenix_usa
2022-02-19 03:00:00,0.008482705832712215,0,0.0,500.0,phoenix_usa
2022-02-19 04:00:00,0.00813652200249575,0,0.0,500.0,phoenix_usa
2022-02-19 05:00:00,0.007804466122330453,0,0.0,500.0,phoenix_usa
2022-02-19 06:00:00,0.007485961622904811,0,0.0,500.0,phoenix_usa
2022-02-19 07:00:00,0.007180455465013908,0,0.0,500.0,phoenix_usa
2022-02-19 08:00:00,0.006887417179283033,0,0.0,500.0,phoenix_usa
2022-02-19 09:00:00,0.006606337945080646,0,0.0,500.0,phoenix_usa
2022-02-19 10:00:00,0.006336729707021404,0,0.0,500.0,phoenix_usa
2022-02-19 11:00:00,0.006078124327525208,0,0.0,500.0,phoenix_usa
2022-02-19 12:00:00,0.005830072773960751,0,0.0,500.0,phoenix_usa
2022-02-19 13:00:00,0.005592144338962181,0,0.0,500.0,phoenix_usa
2022-02-19 14:00:00,0.005363925892565074,0,0.0,500.0,phoenix_usa
2022-02-19 15:00:00,0.005145021164863143,0,0.0,500.0,phoenix_usa
2022-02-19 16:00:00,0.004935050057940104,0,0.0,500.0,phoenix_usa
2022-02-19 17:00:00,0.00473364798588199,0,0.0,500.0,phoenix_usa
2022-02-19 18:00:00,0.004540465241723911,0,0.0,500.0,phoenix_usa
2022-02-19 19:00:00,0.00435516639023207,0,0.0,500.0,phoenix_usa
2022-02-19 20:00:00,0.004177429685466665,0,0.0,500.0,phoenix_usa
2022-02-19 21:00:00,0.004006946512114368,0,0.0,500.0,phoenix_usa
2022-02-19 22:00:00,0.0038434208496203348,0,0.0,500.0,phoenix_usa
2022-02-19 23:00:00,0.0036865687581892717,0,0.0,500.0,phoenix_usa
2022-02-20 00:00:00,0.0035361178857630784,0,0.0,500.0,phoenix_usa
2022-02-20 01:00:00,0.0033918069951189996,0,0.0,500.0,phoenix_usa
2022-02-20 02:00:00,0.0032533855102671707,0,0.0,500.0,phoenix_usa
2022-02-20 03:00:00,0.0031206130813599044,0,0.0,500.0,phoenix_usa
2022-02-20 04:00:00,0.002993259167357281,0,0.0,500.0,phoenix_usa
2022-02-20 05:00:00,0.0028711026357243815,0,0.0,500.0,phoenix_usa
2022-02-20 06:00:00,0.0027539313784650864,0,0.0,500.0,phoenix_usa
2022-02-20 07:00:00,0.0026415419438257457,0,0.0,500.0,phoenix_usa
2022-02-20 08:00:00,0.002533739183029235,0,0.0,500.0,phoenix_usa
2022-02-20 09:00:00,0.002430335911425964,0,0.0,500.0,phoenix_usa
2022-02-20 10:00:00,0.002331152583473512,0,0.0,500.0,phoenix_usa
2022-02-20 11:00:00,0.002236016980980522,0,0.0,500.0,phoenix_usa
2022-02-20 12:00:00,0.00214476391407352,0,0.0,500.0,phoenix_usa
2022-02-20 13:00:00,0.0020572349343674504,0,0.0,500.0,phoenix_usa
2022-02-20 14:00:00,0.001973278059841869,0,0.0,500.0,phoenix_usa
2022-02-20 15:00:00,0.0018927475109450954,0,0.0,500.0,phoenix_usa
2022-02-20 16:00:00,0.0018155034574680986,0,0.0,500.0,phoenix_usa
2022-02-20 17:00:00,0.001741411775748589,0,0.0,500.0,phoenix_usa
2022-02-20 18:00:00,0.0016703438157837488,0,0.0,500.0,phoenix_usa
2022-02-20 19:00:00,0.0016021761778472208,0,0.0,500.0,phoenix_usa
2022-02-20 20:00:00,0.00153679049822247,0,0.0,500.0,phoenix_usa
2022-02-20 21:00:00,0.0014740732436804925,0,0.0,500.0,phoenix_usa
2022-02-20 22:00:00,0.0014139155143449982,0,0.0,500.0,phoenix_usa
2022-02-20 23:00:00,0.001356212854602767,0,0.0,500.0,phoenix_usa
2022-02-21 00:00:00,0.0013008650717308621,0,0.0,500.0,phoenix_usa
2022-02-21 01:00:00,0.0012477760619257659,0,0.0,500.0,phoenix_usa
2022-02-21 02:00:00,0.001196853643432354,0,0.0,500.0,phoenix_usa
2022-02-21 03:00:00,0.0011480093964829734,0,0.0,500.0,phoenix_usa
2022-02-21 04:00:00,0.001101158509768693,0,0.0,500.0,phoenix_usa
2022-02-21 05:00:00,0.0010562196331761402,0,0.0,500.0,phoenix_usa
2022-02-21 06:00:00,0.0010131147365342347,0,0.0,500.0,phoenix_usa
2022-02-21 07:00:00,0.0009717689741255402,0,0.0,500.0,phoenix_usa
2022-02-21 08:00:00,0.0009321105547269814,0,0.0,500.0,phoenix_usa
2022-02-21 09:00:00,0.0008940706169542706,0,0.0,500.0,phoenix_usa
2022-02-21 10:00:00,0.0008575831096935991,0,0.0,500.0,phoenix_usa
2022-02-21 11:00:00,0.00082258467741297,0,0.0,500.0,phoenix_usa
2022-02-21 12:00:00,0.000789014550154042,0,0.0,500.0,phoenix_usa
2022-02-21 13:00:00,0.0007568144380134666,0,0.0,500.0,phoenix_usa
2022-02-21 14:00:00,0.0007259284299304947,0,0.0,500.0,phoenix_usa
2022-02-21 15:00:00,0.0006963028966051201,0,0.0,500.0,phoenix_usa
2022-02-21 16:00:00,0.0006678863973781855,0,0.0,500.0,phoenix_usa
2022-02-21 17:00:00,0.0006406295909117599,0,0.0,500.0,phoenix_usa
2022-02-21 18:00:00,0.0006144851495147001,0,0.0,500.0,phoenix_usa
2022-02-21 19:00:00,0.000589407676964633,0,0.0,500.0,phoenix_usa
2022-02-21 20:00:00,0.0005653536296836647,0,0.0,500.0,phoenix_usa
2022-02-21 21:00:00,0.0005422812411309549,0,0.0,500.0,phoenix_usa
2022-02-21 22:00:00,0.0005201504492808705,0,0.0,500.0,phoenix_usa
2022-02-21 23:00:00,0.0004989228270607923,0,0.0,500.0,phoenix_usa
2022-02-22 00:00:00,0.00047856151562779785,0,0.0,500.0,phoenix_usa
2022-02-22 01:00:00,0.0004590311603683538,0,0.0,500.0,phoenix_usa
2022-02-22 02:00:00,0.00044029784950989903,0,0.0,500.0,phoenix_usa
2022-02-22 03:00:00,0.00042232905523772096,0,0.0,500.0,phoenix_usa
2022-02-22 04:00:00,0.0004050935772148849,0,0.0,500.0,phoenix_usa
2022-02-22 05:00:00,0.00038856148840714426,0,0.0,500.0,phoenix_usa
2022-02-22 06:00:00,0.0003727040831187673,0,0.0,500.0,phoenix_usa
2022-02-22 07:00:00,0.0003574938271490496,0,0.0,500.0,phoenix_usa
2022-02-22 08:00:00,0.00034290430998296496,0,0.0,500.0,phoenix_usa
2022-02-22 09:00:00,0.0003289101989329437,0,0.0,500.0,phoenix_usa
2022-02-22 10:00:00,0.000315487195152149,0,0.0,500.0,phoenix_usa
2022-02-22 11:00:00,0.0003026119914428744,0,0.0,500.0,phoenix_usa
2022-02-22 12:00:00,0.00029026223178680606,0,0.0,500.0,phoenix_usa
2022-02-22 13:00:00,0.0002784164725268733,0,0.0,500.0,phoenix_usa
2022-02-22 14:00:00,0.00026705414513329283,0,0.0,500.0,phoenix_usa
2022-02-22 15:00:00,0.00025615552048914824,0,0.0,500.0,phoenix_usa
2022-02-22 16:00:00,0.0002457016746334948,0,0.0,500.0,phoenix_usa
2022-02-22 17:00:00,0.0002356744559025079,0,0.0,500.0,phoenix_usa
2022-02-22 18:00:00,0.00022605645341161818,0,0.0,500.0,phoenix_usa
2022-02-22 19:00:00,0.00021683096682390714,0,0.0,500.0,phoenix_usa
2022-02-22 20:00:00,0.00020798197735227305,0,0.0,500.0,phoenix_usa
2022-02-22 21:00:00,0.00019949411994501194,0,0.0,500.0,phoenix_usa
2022-02-22 22:00:00,0.00019135265660652124,0,0.0,500.0,phoenix_usa
2022-02-22 23:00:00,0.0001835434508068004,0,0.0,500.0,phoenix_usa
2022-02-23 00:00:00,0.00017605294293531279,0,0.0,500.0,phoenix_usa
2022-02-23 01:00:00,0.00016886812675658873,0,0.0,500.0,phoenix_usa
2022-02-23 02:00:00,0.00016197652682668943,0,0.0,500.0,phoenix_usa
2022-02-23 03:00:00,0.00015536617683131607,0,0.0,500.0,phoenix_usa
2022-02-23 04:00:00,0.00014902559880795236,0,0.0,500.0,phoenix_usa
2022-02-23 05:00:00,0.000142943783215964,0,0.0,500.0,phoenix_usa
2022-02-23 06:00:00,0.000137110169820047,0,0.0,500.0,phoenix_usa
2022-02-23 07:00:00,0.00013151462935383256,0,0.0,500.0,phoenix_usa
2022-02-23 08:00:00,0.00012614744593181213,0,0.0,500.0,phoenix_usa
2022-02-23 09:00:00,0.00012099930017903931,0,0.0,500.0,phoenix_usa
2022-02-23 10:00:00,0.00011606125304931834,0,0.0,500.0,phoenix_usa
2022-02-23 11:00:00,0.00011132473030378195,0,0.0,500.0,phoenix_usa
2022-02-23 12:00:00,0.00010678150762290589,0,0.0,500.0,phoenix_usa
2022-02-23 13:00:00,0.00010242369632611034,0,0.0,500.0,phoenix_usa
2022-02-23 14:00:00,9.824372967415301e-05,0,0.0,500.0,phoenix_usa
2022-02-23 15:00:00,9.42343497305278e-05,0,0.0,500.0,phoenix_usa
2022-02-23 16:00:00,9.038859475905759e-05,0,0.0,500.0,phoenix_usa
2022-02-23 17:00:00,8.669978713579833e-05,0,0.0,500.0,phoenix_usa
2022-02-23 18:00:00,8.316152175426429e-05,0,0.0,500.0,phoenix_usa
2022-02-23 19:00:00,7.976765490384251e-05,0,0.0,500.0,phoenix_usa
2022-02-23 20:00:00,7.651229360208577e-05,0,0.0,500.0,phoenix_usa
2022-02-23 21:00:00,7.33897853623597e-05,0,0.0,500.0,phoenix_usa
2022-02-23 22:00:00,7.039470837907793e-05,0,0.0,500.0,phoenix_usa
2022-02-23 23:00:00,6.752186211348385e-05,0,0.0,500.0,phoenix_usa
2022-02-24 00:00:00,6.476625826363069e-05,0,0.0,500.0,phoenix_usa
2022-02-24 01:00:00,6.212311210288214e-05,0,0.0,500.0,phoenix_usa
2022-02-24 02:00:00,5.958783417189364e-05,0,0.0,500.0,phoenix_usa
2022-02-24 03:00:00,5.715602230964805e-05,0,0.0,500.0,phoenix_usa
2022-02-24 04:00:00,5.482345400970909e-05,0,0.0,500.0,phoenix_usa
2022-02-24 05:00:00,5.258607908842065e-05,0,0.0,500.0,phoenix_usa
2022-02-24 06:00:00,5.044001265232043e-05,0,0.0,500.0,phoenix_usa
2022-02-24 07:00:00,4.838152835255728e-05,0,0.0,500.0,phoenix_usa
2022-02-24 08:00:00,4.640705191459979e-05,0,0.0,500.0,phoenix_usa
2022-02-24 09:00:00,4.4513154932000584e-05,0,0.0,500.0,phoenix_usa
2022-02-24 10:00:00,4.269654891344058e-05,0,0.0,500.0,phoenix_usa
2022-02-24 11:00:00,4.0954079572716825e-05,0,0.0,500.0,phoenix_usa
2022-02-24 12:00:00,3.928272135175872e-05,0,0.0,500.0,phoenix_usa
2022-02-24 13:00:00,3.7679572167162976e-05,0,0.0,500.0,phoenix_usa
2022-02-24 14:00:00,3.614184837112565e-05,0,0.0,500.0,phoenix_usa
2022-02-24 15:00:00,3.466687991802082e-05,0,0.0,500.0,phoenix_usa
2022-02-24 16:00:00,3.325210572823407e-05,0,0.0,500.0,phoenix_usa
2022-02-24 17:00:00,3.1895069241200486e-05,0,0.0,500.0,phoenix_usa
2022-02-24 18:00:00,3.059341414992549e-05,0,0.0,500.0,phoenix_usa
2022-02-24 19:00:00,2.934488030958204e-05,0,0.0,500.0,phoenix_usa
2022-02-24 20:00:00,2.8147299813080632e-05,0,0.0,500.0,phoenix_usa
2022-02-24 21:00:00,2.6998593226796975e-05,0,0.0,500.0,phoenix_usa
2022-02-24 22:00:00,2.589676597992184e-05,0,0.0,500.0,phoenix_usa
2022-02-24 23:00:00,2.483990490116362e-05,0,0.0,500.0,phoenix_usa
2022-02-25 00:00:00,2.382617489678976e-05,0,0.0,500.0,phoenix_usa
2022-02-25 01:00:00,2.285381576423915e-05,0,0.0,500.0,phoenix_usa
2022-02-25 02:00:00,2.1921139135772825e-05,0,0.0,500.0,phoenix_usa
2022-02-25 03:00:00,2.1026525546855812e-05,0,0.0,500.0,phoenix_usa
2022-02-25 04:00:00,2.0168421624180065e-05,0,0.0,500.0,phoenix_usa
2022-02-25 05:00:00,1.934533738844547e-05,0,0.0,500.0,phoenix_usa
2022-02-25 06:00:00,1.8555843667216123e-05,0,0.0,500.0,phoenix_usa
2022-02-25 07:00:00,1.779856961335908e-05,0,0.0,500.0,phoenix_usa
2022-02-25 08:00:00,1.7072200324757096e-05,0,0.0,500.0,phoenix_usa
2022-02-25 09:00:00,1.6375474561162206e-05,0,0.0,500.0,phoenix_usa
2022-02-25 10:00:00,0.8895698344350372,1,4.4,395.9348214340756,phoenix_usa
2022-02-25 11:00:00,0.8532660065524093,1,4.4,395.9348214340756,phoenix_usa
2022-02-25 12:00:00,0.8184437575946877,1,4.4,395.9348214340756,phoenix_usa
2022-02-25 13:00:00,0.7850426235216116,1,4.4,395.9348214340756,phoenix_usa
2022-02-25 14:00:00,0.7530046078632283,1,4.4,395.9348214340756,phoenix_usa
2022-02-25 15:00:00,0.7222740810170093,1,4.4,395.9348214340756,phoenix_usa
2022-02-25 16:00:00,0.6927976836547068,1,4.4,395.9348214340756,phoenix_usa
2022-02-25 17:00:00,0.6645242340712266,1,4.4,395.9348214340756,phoenix_usa
2022-02-25 18:00:00,0.6374046393146459,1,4.4,395.9348214340756,phoenix_usa
2022-02-25 19:00:00,0.6113918099430612,1,4.4,395.9348214340756,phoenix_usa
2022-02-25 20:00:00,0.5864405782602583,1,4.4,395.9348214340756,phoenix_usa
2022-02-25 21:00:00,0.5625076198882261,1,4.4,395.9348214340756,phoenix_usa
2022-02-25 22:00:00,0.539551378540341,1,4.4,395.9348214340756,phoenix_usa
2022-02-25 23:00:00,0.5175319938645969,1,4.4,395.9348214340756,phoenix_usa
2022-02-26 00:00:00,0.49641123223159256,1,4.4,395.9348214340756,phoenix_usa
2022-02-26 01:00:00,0.4761524203470996,1,4.4,395.9348214340756,phoenix_usa
2022-02-26 02:00:00,0.4567203815739366,1,4.4,395.9348214340756,phoenix_usa
2022-02-26 03:00:00,0.43808137485258264,1,4.4,395.9348214340756,phoenix_usa
2022-02-26 04:00:00,0.4202030361144737,1,4.4,395.9348214340756,phoenix_usa
2022-02-26 05:00:00,0.4030543220862536,1,4.4,395.9348214340756,phoenix_usa
2022-02-26 06:00:00,0.3866054563874053,1,4.4,395.9348214340756,phoenix_usa
2022-02-26 07:00:00,0.37082787782766585,1,4.4,395.9348214340756,phoenix_usa
2022-02-26 08:00:00,0.3556941908144527,1,4.4,395.9348214340756,phoenix_usa
2022-02-26 09:00:00,0.34117811778418905,1,4.4,395.9348214340756,phoenix_usa
2022-02-26 10:00:00,0.3272544535749339,0,0.0,500.0,phoenix_usa
2022-02-26 11:00:00,0.31389902166108846,0,0.0,500.0,phoenix_usa
2022-02-26 12:00:00,0.30108863217418913,0,0.0,500.0,phoenix_usa
2022-02-26 13:00:00,0.2888010416368934,0,0.0,500.0,phoenix_usa
2022-02-26 14:00:00,0.27701491434024544,0,0.0,500.0,phoenix_usa
2022-02-26 15:00:00,0.2657097852971545,0,0.0,500.0,phoenix_usa
2022-02-26 16:00:00,0.25486602470776326,0,0.0,500.0,phoenix_usa
2022-02-26 17:00:00,0.2444648038750036,0,0.0,500.0,phoenix_usa
2022-02-26 18:00:00,0.23448806251115667,0,0.0,500.0,phoenix_usa
2022-02-26 19:00:00,0.22491847737865003,0,0.0,500.0,phoenix_usa
2022-02-26 20:00:00,0.2157394322106413,0,0.0,500.0,phoenix_usa
2022-02-26 21:00:00,0.20693498885915873,0,0.0,500.0,phoenix_usa
2022-02-26 22:00:00,0.19848985962070206,0,0.0,500.0,phoenix_usa
2022-02-26 23:00:00,0.19038938069125025,0,0.0,500.0,phoenix_usa
2022-02-27 00:00:00,0.18261948670458536,0,0.0,500.0,phoenix_usa
2022-02-27 01:00:00,0.1751666863097207,0,0.0,500.0,phoenix_usa
2022-02-27 02:00:00,0.16801803874502774,0,0.0,500.0,phoenix_usa
2022-02-27 03:00:00,0.16116113136838528,0,0.0,500.0,phoenix_usa
2022-02-27 04:00:00,0.154584058104336,0,0.0,500.0,phoenix_usa
2022-02-27 05:00:00,0.14827539877082552,0,0.0,500.0,phoenix_usa
2022-02-27 06:00:00,0.1422241992496291,0,0.0,500.0,phoenix_usa
2022-02-27 07:00:00,0.13641995246603364,0,0.0,500.0,phoenix_usa
2022-02-27 08:00:00,0.1308525801447492,0,0.0,500.0,phoenix_usa
2022-02-27 09:00:00,0.12551241531037202,0,0.0,500.0,phoenix_usa
2022-02-27 10:00:00,0.1203901855020124,0,0.0,500.0,phoenix_usa
2022-02-27 11:00:00,0.11547699667294371,0,0.0,500.0,phoenix_usa
2022-02-27 12:00:00,0.11076431774731467,0,0.0,500.0,phoenix_usa
2022-02-27 13:00:00,0.10624396580711079,0,0.0,500.0,phoenix_usa
2022-02-27 14:00:00,0.10190809188364448,0,0.0,500.0,phoenix_usa
2022-02-27 15:00:00,0.09774916732890111,0,0.0,500.0,phoenix_usa
2022-02-27 16:00:00,0.09375997074307894,0,0.0,500.0,phoenix_usa
2022-02-27 17:00:00,0.0899335754356226,0,0.0,500.0,phoenix_usa
2022-02-27 18:00:00,0.08626333739797859,0,0.0,500.0,phoenix_usa
2022-02-27 19:00:00,0.08274288376718945,0,0.0,500.0,phoenix_usa
2022-02-27 20:00:00,0.079366101760295,0,0.0,500.0,phoenix_usa
2022-02-27 21:00:00,0.07612712806032598,0,0.0,500.0,phoenix_usa
2022-02-27 22:00:00,0.0730203386354619,0,0.0,500.0,phoenix_usa
2022-02-27 23:00:00,0.07004033897367412,0,0.0,500.0,phoenix_usa
2022-02-28 00:00:00,0.06718195471589852,0,0.0,500.0,phoenix_usa
2022-02-28 01:00:00,0.06444022267147338,0,0.0,500.0,phoenix_usa
2022-02-28 02:00:00,0.06181038220024255,0,0.0,500.0,phoenix_usa
2022-02-28 03:00:00,0.05928786694635899,0,0.0,500.0,phoenix_usa
2022-02-28 04:00:00,0.05686829690943688,0,0.0,500.0,phoenix_usa
2022-02-28 05:00:00,0.05454747083928405,0,0.0,500.0,phoenix_usa
2022-02-28 06:00:00,0.05232135894100943,0,0.0,500.0,phoenix_usa
2022-02-28 07:00:00,0.05018609587783917,0,0.0,500.0,phoenix_usa
2022-02-28 08:00:00,0.04813797405949172,0,0.0,500.0,phoenix_usa
2022-02-28 09:00:00,0.04617343720445764,0,0.0,500.0,phoenix_usa
2022-02-28 10:00:00,0.0442890741650066,0,0.0,500.0,phoenix_usa
2022-02-28 11:00:00,0.04248161300419904,0,0.0,500.0,phoenix_usa
2022-02-28 12:00:00,1.1395176197620263,1,3.26,331.1751637557491,phoenix_usa
2022-02-28 13:00:00,1.0930132870658356,1,3.26,331.1751637557491,phoenix_usa
2022-02-28 14:00:00,1.0484068214337532,1,3.26,331.1751637557491,phoenix_usa
2022-02-28 15:00:00,1.005620769880559,1,3.26,331.1751637557491,phoenix_usa
2022-02-28 16:00:00,0.9645808403194068,1,3.26,331.1751637557491,phoenix_usa
2022-02-28 17:00:00,0.9252157725638483,1,3.26,331.1751637557491,phoenix_usa
2022-02-28 18:00:00,0.8874572145943295,1,3.26,331.1751637557491,phoenix_usa
2022-02-28 19:00:00,0.8512396038743228,1,3.26,331.1751637557491,phoenix_usa
2022-02-28 20:00:00,0.8165000535100095,1,3.26,331.1751637557491,phoenix_usa
2022-02-28 21:00:00,0.7831782430558483,1,3.26,331.1751637557491,phoenix_usa
2022-02-28 22:00:00,0.751216313776428,1,3.26,331.1751637557491,phoenix_usa
2022-02-28 23:00:00,0.72055876818274,1,3.26,331.1751637557491,phoenix_usa
2022-03-01 00:00:00,0.6911523736684315,1,3.26,331.1751637557491,phoenix_usa
2022-03-01 01:00:00,0.6629460700787151,1,3.26,331.1751637557491,phoenix_usa
2022-03-01 02:00:00,0.6358908810514394,1,3.26,331.1751637557491,phoenix_usa
2022-03-01 03:00:00,0.6099398289763817,1,3.26,331.1751637557491,phoenix_usa
2022-03-01 04:00:00,0.5850478534250962,1,3.26,331.1751637557491,phoenix_usa
2022-03-01 05:00:00,0.5611717329096847,1,3.26,331.1751637557491,phoenix_usa
2022-03-01 06:00:00,0.5382700098346348,1,3.26,331.1751637557491,phoenix_usa
2022-03-01 07:00:00,0.5163029185114137,1,3.26,331.1751637557491,phoenix_usa
2022-03-01 08:00:00,0.4952323161108266,1,3.26,331.1751637557491,phoenix_usa
2022-03-01 09:00:00,0.4750216164332449,1,3.26,331.1751637557491,phoenix_usa
2022-03-01 10:00:00,0.4556357263817094,1,3.26,331.1751637557491,phoenix_usa
2022-03-01 11:00:00,0.4370409850275998,1,3.26,331.1751637557491,phoenix_usa
2022-03-01 12:00:00,0.41920510516306636,0,0.0,500.0,phoenix_usa
2022-03-01 13:00:00,0.40209711723874075,0,0.0,500.0,phoenix_usa
2022-03-01 14:00:00,0.38568731558937724,0,0.0,500.0,phoenix_usa
2022-03-01 15:00:00,0.36994720685405563,0,0.0,500.0,phoenix_usa
2022-03-01 16:00:00,0.35484946050138366,0,0.0,500.0,phoenix_usa
2022-03-01 17:00:00,0.3403678613737927,0,0.0,500.0,phoenix_usa
2022-03-01 18:00:00,0.3264772641685266,0,0.0,500.0,phoenix_usa
2022-03-01 19:00:00,0.3131535497762858,0,0.0,500.0,phoenix_usa
2022-03-01 20:00:00,0.3003735834017151,0,0.0,500.0,phoenix_usa
2022-03-01 21:00:00,0.28811517439301754,0,0.0,500.0,phoenix_usa
2022-03-01 22:00:00,0.27635703771094317,0,0.0,500.0,phoenix_usa
2022-03-01 23:00:00,0.26507875697024913,0,0.0,500.0,phoenix_usa
2022-03-02 00:00:00,0.2542607489894585,0,0.0,500.0,phoenix_usa
2022-03-02 01:00:00,0.24388422978736157,0,0.0,500.0,phoenix_usa
2022-03-02 02:00:00,0.9064074668540076,1,3.1,389.85966932161784,phoenix_usa
2022-03-02 03:00:00,0.8694164860513649,1,3.1,389.85966932161784,phoenix_usa
2022-03-02 04:00:00,0.8339351272573431,1,3.1,389.85966932161784,phoenix_usa
2022-03-02 05:00:00,0.799901781978211,1,3.1,389.85966932161784,phoenix_usa
2022-03-02 06:00:00,0.7672573559963126,1,3.1,389.85966932161784,phoenix_usa
2022-03-02 07:00:00,0.7359451667610958,1,3.1,389.85966932161784,phoenix_usa
2022-03-02 08:00:00,0.7059108449676699,1,3.1,389.85966932161784,phoenix_usa
2022-03-02 09:00:00,0.6771022401519922,1,3.1,389.85966932161784,phoenix_usa
2022-03-02 10:00:00,0.6494693301387706,1,3.1,389.85966932161784,phoenix_usa
2022-03-02 11:00:00,0.6229641341848429,1,3.1,389.85966932161784,phoenix_usa
2022-03-02 12:00:00,0.5975406296672239,1,3.1,389.85966932161784,phoenix_usa
2022-03-02 13:00:00,0.573154672171157,1,3.1,389.85966932161784,phoenix_usa
2022-03-02 14:00:00,0.5497639188394182,1,3.1,389.85966932161784,phoenix_usa
2022-03-02 15:00:00,0.5273277548497739,1,3.1,389.85966932161784,phoenix_usa
2022-03-02 16:00:00,0.5058072228929354,1,3.1,389.85966932161784,phoenix_usa
2022-03-02 17:00:00,0.48516495552855554,1,3.1,389.85966932161784,phoenix_usa
2022-03-02 18:00:00,0.4653651103018143,1,3.1,389.85966932161784,phoenix_usa
2022-03-02 19:00:00,0.4463733075079315,1,3.1,389.85966932161784,phoenix_usa
2022-03-02 20:00:00,0.4281565704965432,1,3.1,389.85966932161784,phoenix_usa
2022-03-02 21:00:00,0.4106832684122897,1,3.1,389.85966932161784,phoenix_usa
2022-03-02 22:00:00,0.3939230612721907,1,3.1,389.85966932161784,phoenix_usa
2022-03-02 23:00:00,0.37784684728444234,1,3.1,389.85966932161784,phoenix_usa
2022-03-03 00:00:00,0.36242671231716367,1,3.1,389.85966932161784,phoenix_usa
2022-03-03 01:00:00,0.34763588142935004,1,3.1,389.85966932161784,phoenix_usa
2022-03-03 02:00:00,0.33344867237987497,0,0.0,500.0,phoenix_usa
2022-03-03 03:00:00,0.31984045103381514,0,0.0,500.0,phoenix_usa
2022-03-03 04:00:00,0.30678758858866706,0,0.0,500.0,phoenix_usa
2022-03-03 05:00:00,0.29426742054618515,0,0.0,500.0,phoenix_usa
2022-03-03 06:00:00,0.28225820735860185,0,0.0,500.0,phoenix_usa
2022-03-03 07:00:00,0.27073909668089585,0,0.0,500.0,phoenix_usa
2022-03-03 08:00:00,0.25969008716356695,0,0.0,500.0,phoenix_usa
2022-03-03 09:00:00,0.24909199372304658,0,0.0,500.0,phoenix_usa
2022-03-03 10:00:00,0.2389264142294419,0,0.0,500.0,phoenix_usa
2022-03-03 11:00:00,0.22917569755377148,0,0.0,500.0,phoenix_usa
2022-03-03 12:00:00,0.21982291291921008,0,0.0,500.0,phoenix_usa
2022-03-03 13:00:00,0.21085182050312654,0,0.0,500.0,phoenix_usa
2022-03-03 14:00:00,0.20224684323886735,0,0.0,500.0,phoenix_usa
2022-03-03 15:00:00,0.19399303976832616,0,0.0,500.0,phoenix_usa
2022-03-03 16:00:00,0.18607607849833221,0,0.0,500.0,phoenix_usa
2022-03-03 17:00:00,0.17848221271581266,0,0.0,500.0,phoenix_usa
2022-03-03 18:00:00,0.17119825671851807,0,0.0,500.0,phoenix_usa
2022-03-03 19:00:00,0.16421156291986622,0,0.0,500.0,phoenix_usa
2022-03-03 20:00:00,0.15750999988814957,0,0.0,500.0,phoenix_usa
2022-03-03 21:00:00,0.15108193128197459,0,0.0,500.0,phoenix_usa
2022-03-03 22:00:00,0.14491619564535732,0,0.0,500.0,phoenix_usa
2022-03-03 23:00:00,0.13900208702739192,0,0.0,500.0,phoenix_usa
2022-03-04 00:00:00,0.13332933639284128,0,0.0,500.0,phoenix_usa
2022-03-04 01:00:00,0.1278880937913711,0,0.0,500.0,phoenix_usa
2022-03-04 02:00:00,0.12266891125446777,0,0.0,500.0,phoenix_usa
2022-03-04 03:00:00,0.117662726390342,0,0.0,500.0,phoenix_usa
2022-03-04 04:00:00,0.11286084664833318,0,0.0,500.0,phoenix_usa
2022-03-04 05:00:00,0.10825493422549244,0,0.0,500.0,phoenix_usa
2022-03-04 06:00:00,0.10383699158913555,0,0.0,500.0,phoenix_usa
2022-03-04 07:00:00,0.09959934759022908,0,0.0,500.0,phoenix_usa
2022-03-04 08:00:00,0.09553464414349619,0,0.0,500.0,phoenix_usa
2022-03-04 09:00:00,0.09163582345111482,0,0.0,500.0,phoenix_usa
2022-03-04 10:00:00,0.08789611574782362,0,0.0,500.0,phoenix_usa
2022-03-04 11:00:00,0.08430902754615693,0,0.0,500.0,phoenix_usa
2022-03-04 12:00:00,0.08086833036139762,0,0.0,500.0,phoenix_usa
2022-03-04 13:00:00,0.07756804989667143,0,0.0,500.0,phoenix_usa
2022-03-04 14:00:00,0.07440245566940283,0,0.0,500.0,phoenix_usa
2022-03-04 15:00:00,0.0713660510611212,0,0.0,500.0,phoenix_usa
2022-03-04 16:00:00,0.06845356377333989,0,0.0,500.0,phoenix_usa
2022-03-04 17:00:00,0.06565993667293567,0,0.0,500.0,phoenix_usa
2022-03-04 18:00:00,0.06298031901113353,0,0.0,500.0,phoenix_usa
2022-03-04 19:00:00,0.060410058000849524,0,0.0,500.0,phoenix_usa
2022-03-04 20:00:00,0.05794469073776638,0,0.0,500.0,phoenix_usa
2022-03-04 21:00:00,0.055579936451115045,0,0.0,500.0,phoenix_usa
2022-03-04 22:00:00,0.05331168907070545,0,0.0,500.0,phoenix_usa
2022-03-04 23:00:00,0.05113601009730113,0,0.0,500.0,phoenix_usa
2022-03-05 00:00:00,0.04904912176395767,0,0.0,500.0,phoenix_usa
2022-03-05 01:00:00,0.0470474004764506,0,0.0,500.0,phoenix_usa
2022-03-05 02:00:00,0.045127370521402844,0,0.0,500.0,phoenix_usa
2022-03-05 03:00:00,0.043285698031187314,0,0.0,500.0,phoenix_usa
2022-03-05 04:00:00,0.04151918519512467,0,0.0,500.0,phoenix_usa
2022-03-05 05:00:00,0.039824764706925385,0,0.0,500.0,phoenix_usa
2022-03-05 06:00:00,0.03819949443873493,0,0.0,500.0,phoenix_usa
2022-03-05 07:00:00,0.03664055233253371,0,0.0,500.0,phoenix_usa
2022-03-05 08:00:00,0.03514523150002197,0,0.0,500.0,phoenix_usa
2022-03-05 09:00:00,0.033710935522481056,0,0.0,500.0,phoenix_usa
2022-03-05 10:00:00,0.03233517394244977,0,0.0,500.0,phoenix_usa
2022-03-05 11:00:00,0.031015557939387935,0,0.0,500.0,phoenix_usa
2022-03-05 12:00:00,0.029749796181818538,0,0.0,500.0,phoenix_usa
2022-03-05 13:00:00,0.02853569084874604,0,0.0,500.0,phoenix_usa
2022-03-05 14:00:00,0.027371133813442913,0,0.0,500.0,phoenix_usa
2022-03-05 15:00:00,0.026254102982977885,0,0.0,500.0,phoenix_usa
2022-03-05 16:00:00,0.02518265878712997,0,0.0,500.0,phoenix_usa
2022-03-05 17:00:00,0.024154940810591854,0,0.0,500.0,phoenix_usa
2022-03-05 18:00:00,0.023169164562614964,0,0.0,500.0,phoenix_usa
2022-03-05 19:00:00,0.022223618378486937,0,0.0,500.0,phoenix_usa
2022-03-05 20:00:00,0.021316660447461555,0,0.0,500.0,phoenix_usa
2022-03-05 21:00:00,0.020446715961980486,0,0.0,500.0,phoenix_usa
2022-03-05 22:00:00,0.019612274383236813,0,0.0,500.0,phoenix_usa
2022-03-05 23:00:00,0.018811886818332374,0,0.0,500.0,phoenix_usa
2022-03-06 00:00:00,0.018044163504474787,0,0.0,500.0,phoenix_usa
2022-03-06 01:00:00,0.017307771395845696,0,0.0,500.0,phoenix_usa
2022-03-06 02:00:00,0.01660143184895031,0,0.0,500.0,phoenix_usa
2022-03-06 03:00:00,0.015923918402429,0,0.0,500.0,phoenix_usa
2022-03-06 04:00:00,0.01527405464747608,0,0.0,500.0,phoenix_usa
2022-03-06 05:00:00,0.014650712185167898,0,0.0,500.0,phoenix_usa
2022-03-06 06:00:00,0.014052808667153426,0,0.0,500.0,phoenix_usa
2022-03-06 07:00:00,0.013479305916305485,0,0.0,500.0,phoenix_usa
2022-03-06 08:00:00,0.01292920812406906,0,0.0,500.0,phoenix_usa
2022-03-06 09:00:00,0.012401560121376857,0,0.0,500.0,phoenix_usa
2022-03-06 10:00:00,0.011895445720129802,0,0.0,500.0,phoenix_usa
2022-03-06 11:00:00,0.011409986122362532,0,0.0,500.0,phoenix_usa
2022-03-06 12:00:00,0.010944338394331714,0,0.0,500.0,phoenix_usa
2022-03-06 13:00:00,0.010497694002877731,0,0.0,500.0,phoenix_usa
2022-03-06 14:00:00,0.010069277411518153,0,0.0,500.0,phoenix_usa
2022-03-06 15:00:00,0.009658344733835405,0,0.0,500.0,phoenix_usa
2022-03-06 16:00:00,0.009264182441820482,0,0.0,500.0,phoenix_usa
2022-03-06 17:00:00,0.008886106126929803,0,0.0,500.0,phoenix_usa
2022-03-06 18:00:00,0.008523459311703981,0,0.0,500.0,phoenix_usa
2022-03-06 19:00:00,0.008175612309885167,0,0.0,500.0,phoenix_usa
2022-03-06 20:00:00,0.007841961133053545,0,0.0,500.0,phoenix_usa
2022-03-06 21:00:00,0.007521926441884591,0,0.0,500.0,phoenix_usa
2022-03-06 22:00:00,0.00721495254020615,0,0.0,500.0,phoenix_usa
2022-03-06 23:00:00,0.006920506410108538,0,0.0,500.0,phoenix_usa
2022-03-07 00:00:00,0.006638076786432317,0,0.0,500.0,phoenix_usa
2022-03-07 01:00:00,0.006367173269026786,0,0.0,500.0,phoenix_usa
2022-03-07 02:00:00,0.006107325471237624,0,0.0,500.0,phoenix_usa
2022-03-07 03:00:00,0.005858082203145226,0,0.0,500.0,phoenix_usa
2022-03-07 04:00:00,0.005619010688135571,0,0.0,500.0,phoenix_usa
2022-03-07 05:00:00,0.005389695811443207,0,0.0,500.0,phoenix_usa
2022-03-07 06:00:00,0.005169739399361604,0,0.0,500.0,phoenix_usa
2022-03-07 07:00:00,0.004958759527869378,0,0.0,500.0,phoenix_usa
2022-03-07 08:00:00,0.004756389859471798,0,0.0,500.0,phoenix_usa
2022-03-07 09:00:00,0.004562279007106162,0,0.0,500.0,phoenix_usa
2022-03-07 10:00:00,0.004376089924006577,0,0.0,500.0,phoenix_usa
2022-03-07 11:00:00,0.004197499318468642,0,0.0,500.0,phoenix_usa
2022-03-07 12:00:00,0.004026197092497911,0,0.0,500.0,phoenix_usa
2022-03-07 13:00:00,0.0038618858033674613,0,0.0,500.0,phoenix_usa
2022-03-07 14:00:00,0.0037042801471495255,0,0.0,500.0,phoenix_usa
2022-03-07 15:00:00,0.0035531064633245106,0,0.0,500.0,phoenix_usa
2022-03-07 16:00:00,0.0034081022596072065,0,0.0,500.0,phoenix_usa
2022-03-07 17:00:00,0.0032690157561650647,0,0.0,500.0,phoenix_usa
2022-03-07 18:00:00,0.0031356054484371868,0,0.0,500.0,phoenix_usa
2022-03-07 19:00:00,0.0030076396877949207,0,0.0,500.0,phoenix_usa
2022-03-07 20:00:00,0.00288489627931591,0,0.0,500.0,phoenix_usa
2022-03-07 21:00:00,0.0027671620959731987,0,0.0,500.0,phoenix_usa
2022-03-07 22:00:00,0.0026542327085695167,0,0.0,500.0,phoenix_usa
2022-03-07 23:00:00,0.0025459120307741133,0,0.0,500.0,phoenix_usa
2022-03-08 00:00:00,0.002442011978645845,0,0.0,500.0,phoenix_usa
2022-03-08 01:00:00,0.0023423521440513197,0,0.0,500.0,phoenix_usa
2022-03-08 02:00:00,0.0022467594814110127,0,0.0,500.0,phoenix_usa
2022-03-08 03:00:00,0.0021550680072294375,0,0.0,500.0,phoenix_usa
2022-03-08 04:00:00,0.0020671185118876756,0,0.0,500.0,phoenix_usa
2022-03-08 05:00:00,0.0019827582831977906,0,0.0,500.0,phoenix_usa
2022-03-08 06:00:00,0.0019018408412391347,0,0.0,500.0,phoenix_usa
2022-03-08 07:00:00,0.0018242256840161517,0,0.0,500.0,phoenix_usa
2022-03-08 08:00:00,0.001749778043496,0,0.0,500.0,phoenix_usa
2022-03-08 09:00:00,0.0016783686516024178,0,0.0,500.0,phoenix_usa
2022-03-08 10:00:00,0.001609873515759519,0,0.0,500.0,phoenix_usa
2022-03-08 11:00:00,0.0015441737035957535,0,0.0,500.0,phoenix_usa
2022-03-08 12:00:00,0.001481155136434218,0,0.0,500.0,phoenix_usa
2022-03-08 13:00:00,0.0014207083912107486,0,0.0,500.0,phoenix_usa
2022-03-08 14:00:00,0.0013627285104758353,0,0.0,500.0,phoenix_usa
2022-03-08 15:00:00,0.001307114820150461,0,0.0,500.0,phoenix_usa
2022-03-08 16:00:00,0.001253770754719429,0,0.0,500.0,phoenix_usa
2022-03-08 17:00:00,0.001202603689558644,0,0.0,500.0,phoenix_usa
2022-03-08 18:00:00,0.0011535247801052022,0,0.0,500.0,phoenix_usa
2022-03-08 19:00:00,0.0011064488075910469,0,0.0,500.0,phoenix_usa
2022-03-08 20:00:00,0.0010612940310723098,0,0.0,500.0,phoenix_usa
2022-03-08 21:00:00,0.0010179820454974174,0,0.0,500.0,phoenix_usa
2022-03-08 22:00:00,0.0009764376455675178,0,0.0,500.0,phoenix_usa
2022-03-08 23:00:00,0.0009365886951528326,0,0.0,500.0,phoenix_usa
2022-03-09 00:00:00,0.0008983660020382015,0,0.0,500.0,phoenix_usa
2022-03-09 01:00:00,0.0008617031977803295,0,0.0,500.0,phoenix_usa
2022-03-09 02:00:00,0.0008265366224681226,0,0.0,500.0,phoenix_usa
2022-03-09 03:00:00,0.0007928052141860193,0,0.0,500.0,phoenix_usa
2022-03-09 04:00:00,0.0007604504029883818,0,0.0,500.0,phoenix_usa
2022-03-09 05:00:00,0.0007294160092008513,0,0.0,500.0,phoenix_usa
2022-03-09 06:00:00,0.0006996481458720787,0,0.0,500.0,phoenix_usa
2022-03-09 07:00:00,0.0006710951252064542,0,0.0,500.0,phoenix_usa
2022-03-09 08:00:00,0.0006437073688153681,0,0.0,500.0,phoenix_usa
2022-03-09 09:00:00,0.0006174373216311646,0,0.0,500.0,phoenix_usa
2022-03-09 10:00:00,0.0005922393693343171,0,0.0,500.0,phoenix_usa
2022-03-09 11:00:00,0.0005680697591504421,0,0.0,500.0,phoenix_usa
2022-03-09 12:00:00,0.0005448865238796314,0,0.0,500.0,phoenix_usa
2022-03-09 13:00:00,0.000522649409026189,0,0.0,500.0,phoenix_usa
2022-03-09 14:00:00,0.0005013198029022423,0,0.0,500.0,phoenix_usa
2022-03-09 15:00:00,0.0004808606695838619,0,0.0,500.0,phoenix_usa
2022-03-09 16:00:00,0.0004612364846032811,0,0.0,500.0,phoenix_usa
2022-03-09 17:00:00,0.0004424131732655486,0,0.0,500.0,phoenix_usa
2022-03-09 18:00:00,0.0004243580514825127,0,0.0,500.0,phoenix_usa
2022-03-09 19:00:00,0.000407039769021403,0,0.0,500.0,phoenix_usa
2022-03-09 20:00:00,0.00039042825506946854,0,0.0,500.0,phoenix_usa
2022-03-09 21:00:00,0.00037449466602015175,0,0.0,500.0,phoenix_usa
2022-03-09 22:00:00,0.0003592113353901373,0,0.0,500.0,phoenix_usa
2022-03-09 23:00:00,0.0003445517257803144,0,0.0,500.0,phoenix_usa
2022-03-10 00:00:00,0.0003304903827972364,0,0.0,500.0,phoenix_usa
2022-03-10 01:00:00,0.0003170028908550724,0,0.0,500.0,phoenix_usa
2022-03-10 02:00:00,0.00030406583078130417,0,0.0,500.0,phoenix_usa
2022-03-10 03:00:00,0.00029165673915255833,0,0.0,500.0,phoenix_usa
2022-03-10 04:00:00,0.0002797540692899641,0,0.0,500.0,phoenix_usa
2022-03-10 05:00:00,0.0002683371538463126,0,0.0,500.0,phoenix_usa
2022-03-10 06:00:00,0.0002573861689200561,0,0.0,500.0,phoenix_usa
2022-03-10 07:00:00,0.00024688209963382964,0,0.0,500.0,phoenix_usa
2022-03-10 08:00:00,0.00023680670711773697,0,0.0,500.0,phoenix_usa
2022-03-10 09:00:00,0.00022714249684006494,0,0.0,500.0,phoenix_usa
2022-03-10 10:00:00,0.00021787268823043613,0,0.0,500.0,phoenix_usa
2022-03-10 11:00:00,0.0002089811855426603,0,0.0,500.0,phoenix_usa
2022-03-10 12:00:00,0.00020045254990668854,0,0.0,500.0,phoenix_usa
2022-03-10 13:00:00,0.00019227197252113913,0,0.0,500.0,phoenix_usa
2022-03-10 14:00:00,0.00018442524893985438,0,0.0,500.0,phoenix_usa
2022-03-10 15:00:00,0.00017689875440783664,0,0.0,500.0,phoenix_usa
2022-03-10 16:00:00,0.0001696794202037357,0,0.0,500.0,phoenix_usa
2022-03-10 17:00:00,0.00016275471094781443,0,0.0,500.0,phoenix_usa
2022-03-10 18:00:00,0.00015611260283598894,0,0.0,500.0,phoenix_usa
2022-03-10 19:00:00,0.00014974156276214678,0,0.0,500.0,phoenix_usa
2022-03-10 20:00:00,0.00014363052829249737,0,0.0,500.0,phoenix_usa
2022-03-10 21:00:00,0.0001377688884571793,0,0.0,500.0,phoenix_usa
2022-03-10 22:00:00,0.00013214646532577133,0,0.0,500.0,phoenix_usa
2022-03-10 23:00:00,0.00012675349633471802,0,0.0,500.0,phoenix_usa
2022-03-11 00:00:00,0.00012158061733598338,0,0.0,500.0,phoenix_usa
2022-03-11 01:00:00,0.00011661884633749584,0,0.0,500.0,phoenix_usa
2022-03-11 02:00:00,0.00011185956790715651,0,0.0,500.0,phoenix_usa
2022-03-11 03:00:00,0.0001072945182133283,0,0.0,500.0,phoenix_usa
2022-03-11 04:00:00,0.00010291577067582897,0,0.0,500.0,phoenix_usa
2022-03-11 05:00:00,9.871572220251684e-05,0,0.0,500.0,phoenix_usa
2022-03-11 06:00:00,9.468707998756868e-05,0,0.0,500.0,phoenix_usa
2022-03-11 07:00:00,9.08228488485256e-05,0,0.0,500.0,phoenix_usa
2022-03-11 08:00:00,8.711631908012248e-05,0,0.0,500.0,phoenix_usa
2022-03-11 09:00:00,8.356105480380919e-05,0,0.0,500.0,phoenix_usa
2022-03-11 10:00:00,8.015088279273272e-05,0,0.0,500.0,phoenix_usa
2022-03-11 11:00:00,7.687988175277937e-05,0,0.0,500.0,phoenix_usa
2022-03-11 12:00:00,7.374237204106324e-05,0,0.0,500.0,phoenix_usa
2022-03-11 13:00:00,7.073290580400758e-05,0,0.0,500.0,phoenix_usa
2022-03-11 14:00:00,6.784625751789774e-05,0,0.0,500.0,phoenix_usa
2022-03-11 15:00:00,6.507741491547917e-05,0,0.0,500.0,phoenix_usa
2022-03-11 16:00:00,6.242157028284463e-05,0,0.0,500.0,phoenix_usa
2022-03-11 17:00:00,5.987411211150159e-05,0,0.0,500.0,phoenix_usa
2022-03-11 18:00:00,5.743061709112292e-05,0,0.0,500.0,phoenix_usa
2022-03-11 19:00:00,5.508684242907701e-05,0,0.0,500.0,phoenix_usa
2022-03-11 20:00:00,5.283871848340296e-05,0,0.0,500.0,phoenix_usa
2022-03-11 21:00:00,5.06823416964379e-05,0,0.0,500.0,phoenix_usa
2022-03-11 22:00:00,4.8613967816826135e-05,0,0.0,500.0,phoenix_usa
2022-03-11 23:00:00,4.663000539814253e-05,0,0.0,500.0,phoenix_usa
2022-03-12 00:00:00,4.472700956284054e-05,0,0.0,500.0,phoenix_usa
2022-03-12 01:00:00,4.290167602069627e-05,0,0.0,500.0,phoenix_usa
2022-03-12 02:00:00,4.115083533136374e-05,0,0.0,500.0,phoenix_usa
2022-03-12 03:00:00,3.947144740107836e-05,0,0.0,500.0,phoenix_usa
2022-03-12 04:00:00,3.786059620395227e-05,0,0.0,500.0,phoenix_usa
2022-03-12 05:00:00,3.6315484718697235e-05,0,0.0,500.0,phoenix_usa
2022-03-12 06:00:00,3.4833430071982425e-05,0,0.0,500.0,phoenix_usa
2022-03-12 07:00:00,3.341185887999397e-05,0,0.0,500.0,phoenix_usa
2022-03-12 08:00:00,3.2048302780108517e-05,0,0.0,500.0,phoenix_usa
2022-03-12 09:00:00,3.074039414492159e-05,0,0.0,500.0,phoenix_usa
2022-03-12 10:00:00,2.9485861971188287e-05,0,0.0,500.0,phoenix_usa
2022-03-12 11:00:00,2.8282527936539047e-05,0,0.0,500.0,phoenix_usa
2022-03-12 12:00:00,2.7128302617122935e-05,0,0.0,500.0,phoenix_usa
2022-03-12 13:00:00,2.602118185961058e-05,0,0.0,500.0,phoenix_usa
2022-03-12 14:00:00,2.4959243301257995e-05,0,0.0,500.0,phoenix_usa
2022-03-12 15:00:00,2.3940643031988565e-05,0,0.0,500.0,phoenix_usa
2022-03-12 16:00:00,2.2963612392696798e-05,0,0.0,500.0,phoenix_usa
2022-03-12 17:00:00,2.2026454904215495e-05,0,0.0,500.0,phoenix_usa
2022-03-12 18:00:00,2.1127543321613357e-05,0,0.0,500.0,phoenix_usa
2022-03-12 19:00:00,2.0265316808708123e-05,0,0.0,500.0,phoenix_usa
2022-03-12 20:00:00,1.9438278227889444e-05,0,0.0,500.0,phoenix_usa
2022-03-12 21:00:00,1.864499154054564e-05,0,0.0,500.0,phoenix_usa
2022-03-12 22:00:00,1.788407931358046e-05,0,0.0,500.0,phoenix_usa
2022-03-12 23:00:00,1.7154220327690014e-05,0,0.0,500.0,phoenix_usa
2022-03-13 00:00:00,1.645414728324751e-05,0,0.0,500.0,phoenix_usa
2022-03-13 01:00:00,1.578264459981199e-05,0,0.0,500.0,phoenix_usa
2022-03-13 02:00:00,1.5138546305440138e-05,0,0.0,500.0,phoenix_usa
2022-03-13 03:00:00,1.4520734012136665e-05,0,0.0,500.0,phoenix_usa
2022-03-13 04:00:00,1.3928134973927574e-05,0,0.0,500.0,phoenix_usa
2022-03-13 05:00:00,1.3359720224184393e-05,0,0.0,500.0,phoenix_usa
2022-03-13 06:00:00,1.2814502788965392e-05,0,0.0,500.0,phoenix_usa
2022-03-13 07:00:00,1.2291535973271258e-05,0,0.0,500.0,phoenix_usa
2022-03-13 08:00:00,1.1789911717239502e-05,0,0.0,500.0,phoenix_usa
2022-03-13 09:00:00,1.1308759019423618e-05,0,0.0,500.0,phoenix_usa
2022-03-13 10:00:00,1.0847242424419016e-05,0,0.0,500.0,phoenix_usa
2022-03-13 11:00:00,1.0404560572209688e-05,0,0.0,500.0,phoenix_usa
2022-03-13 12:00:00,9.97994480671695e-06,0,0.0,500.0,phoenix_usa
2022-03-13 13:00:00,9.572657841133998e-06,0,0.0,500.0,phoenix_usa
2022-03-13 14:00:00,9.181992477728855e-06,0,0.0,500.0,phoenix_usa
2022-03-13 15:00:00,8.807270379892926e-06,0,0.0,500.0,phoenix_usa
2022-03-13 16:00:00,8.447840894302895e-06,0,0.0,500.0,phoenix_usa
2022-03-13 17:00:00,8.103079921150771e-06,0,0.0,500.0,phoenix_usa
2022-03-13 18:00:00,7.772388830480559e-06,0,0.0,500.0,phoenix_usa
2022-03-13 19:00:00,7.455193422749782e-06,0,0.0,500.0,phoenix_usa
2022-03-13 20:00:00,7.150942931810984e-06,0,0.0,500.0,phoenix_usa
2022-03-13 21:00:00,6.8591090685822e-06,0,0.0,500.0,phoenix_usa
2022-03-13 22:00:00,6.579185103745731e-06,0,0.0,500.0,phoenix_usa
2022-03-13 23:00:00,6.310684987882397e-06,0,0.0,500.0,phoenix_usa
2022-03-14 00:00:00,6.053142507513702e-06,0,0.0,500.0,phoenix_usa
2022-03-14 01:00:00,5.806110475586319e-06,0,0.0,500.0,phoenix_usa
2022-03-14 02:00:00,5.569159954993322e-06,0,0.0,500.0,phoenix_usa
2022-03-14 03:00:00,5.341879513783992e-06,0,0.0,500.0,phoenix_usa
2022-03-14 04:00:00,5.123874510768897e-06,0,0.0,500.0,phoenix_usa
2022-03-14 05:00:00,4.9147664102797765e-06,0,0.0,500.0,phoenix_usa
2022-03-14 06:00:00,4.71419212489449e-06,0,0.0,500.0,phoenix_usa
2022-03-14 07:00:00,4.521803384985717e-06,0,0.0,500.0,phoenix_usa
2022-03-14 08:00:00,4.3372661339987135e-06,0,0.0,500.0,phoenix_usa
2022-03-14 09:00:00,4.16025994840808e-06,0,0.0,500.0,phoenix_usa
2022-03-14 10:00:00,3.990477481346434e-06,0,0.0,500.0,phoenix_usa
2022-03-14 11:00:00,3.8276239289389275e-06,0,0.0,500.0,phoenix_usa
2022-03-14 12:00:00,3.6714165184168792e-06,0,0.0,500.0,phoenix_usa
2022-03-14 13:00:00,3.5215840171218053e-06,0,0.0,500.0,phoenix_usa
2022-03-14 14:00:00,3.377866261547283e-06,0,0.0,500.0,phoenix_usa
2022-03-14 15:00:00,3.2400137056008144e-06,0,0.0,500.0,phoenix_usa
2022-03-14 16:00:00,3.10778698730141e-06,0,0.0,500.0,phoenix_usa
2022-03-14 17:00:00,2.9809565131604844e-06,0,0.0,500.0,phoenix_usa
2022-03-14 18:00:00,2.859302059524356e-06,0,0.0,500.0,phoenix_usa
2022-03-14 19:00:00,2.742612390186206e-06,0,0.0,500.0,phoenix_usa
2022-03-14 20:00:00,2.630684889603503e-06,0,0.0,500.0,phoenix_usa
2022-03-14 21:00:00,2.5233252110839987e-06,0,0.0,500.0,phoenix_usa
2022-03-14 22:00:00,2.4203469393294607e-06,0,0.0,500.0,phoenix_usa
2022-03-14 23:00:00,2.32157126675119e-06,0,0.0,500.0,phoenix_usa
2022-03-15 00:00:00,2.2268266829952493e-06,0,0.0,500.0,phoenix_usa
2022-03-15 01:00:00,2.1359486771383544e-06,0,0.0,500.0,phoenix_usa
2022-03-15 02:00:00,2.04877945203732e-06,0,0.0,500.0,phoenix_usa
2022-03-15 03:00:00,1.965167650336036e-06,0,0.0,500.0,phoenix_usa
2022-03-15 04:00:00,1.884968091654262e-06,0,0.0,500.0,phoenix_usa
2022-03-15 05:00:00,1.8080415205018998e-06,0,0.0,500.0,phoenix_usa
2022-03-15 06:00:00,1.7342543644809992e-06,0,0.0,500.0,phoenix_usa
2022-03-15 07:00:00,1.6634785023556818e-06,0,0.0,500.0,phoenix_usa
2022-03-15 08:00:00,1.5955910415872687e-06,0,0.0,500.0,phoenix_usa
2022-03-15 09:00:00,1.5304741049482977e-06,0,0.0,500.0,phoenix_usa
2022-03-15 10:00:00,1.468014625844951e-06,0,0.0,500.0,phoenix_usa
2022-03-15 11:00:00,1.408104151992493e-06,0,0.0,500.0,phoenix_usa
2022-03-15 12:00:00,1.3506386571028037e-06,0,0.0,500.0,phoenix_usa
2022-03-15 13:00:00,1.2955183602570527e-06,0,0.0,500.0,phoenix_usa
2022-03-15 14:00:00,1.2426475526498836e-06,0,0.0,500.0,phoenix_usa
2022-03-15 15:00:00,1.1919344314042416e-06,0,0.0,500.0,phoenix_usa
2022-03-15 16:00:00,1.143290940168323e-06,0,0.0,500.0,phoenix_usa
2022-03-15 17:00:00,1.0966326162178503e-06,0,0.0,500.0,phoenix_usa
2022-03-15 18:00:00,1.0518784437981743e-06,0,0.0,500.0,phoenix_usa
2022-03-15 19:00:00,1.008950713451575e-06,0,0.0,500.0,phoenix_usa
2022-03-15 20:00:00,9.677748870854941e-07,0,0.0,500.0,phoenix_usa
2022-03-15 21:00:00,9.282794685473933e-07,0,0.0,500.0,phoenix_usa
2022-03-15 22:00:00,8.903958794815327e-07,0,0.0,500.0,phoenix_usa
2022-03-15 23:00:00,8.540583402521051e-07,0,0.0,500.0,phoenix_usa
2022-03-16 00:00:00,8.192037557259489e-07,0,0.0,500.0,phoenix_usa
2022-03-16 01:00:00,7.857716057165392e-07,0,0.0,500.0,phoenix_usa
2022-03-16 02:00:00,7.537038398990232e-07,0,0.0,500.0,phoenix_usa
2022-03-16 03:00:00,7.229447770138172e-07,0,0.0,500.0,phoenix_usa
2022-03-16 04:00:00,6.934410081837698e-07,0,0.0,500.0,phoenix_usa
2022-03-16 05:00:00,6.651413041770037e-07,0,0.0,500.0,phoenix_usa
2022-03-16 06:00:00,6.379965264544049e-07,0,0.0,500.0,phoenix_usa
2022-03-16 07:00:00,6.119595418473161e-07,0,0.0,500.0,phoenix_usa
2022-03-16 08:00:00,5.869851407172842e-07,0,0.0,500.0,phoenix_usa
2022-03-16 09:00:00,5.630299584557431e-07,0,0.0,500.0,phoenix_usa
2022-03-16 10:00:00,5.400524001873445e-07,0,0.0,500.0,phoenix_usa
2022-03-16 11:00:00,5.18012568546186e-07,0,0.0,500.0,phoenix_usa
2022-03-16 12:00:00,4.968721943995268e-07,0,0.0,500.0,phoenix_usa
2022-03-16 13:00:00,4.765945703987077e-07,0,0.0,500.0,phoenix_usa
2022-03-16 14:00:00,4.571444872418998e-07,0,0.0,500.0,phoenix_usa
2022-03-16 15:00:00,4.3848817253799334e-07,0,0.0,500.0,phoenix_usa
2022-03-16 16:00:00,4.205932321654954e-07,0,0.0,500.0,phoenix_usa
2022-03-16 17:00:00,4.034285940245997e-07,0,0.0,500.0,phoenix_usa
2022-03-16 18:00:00,3.8696445408475875e-07,0,0.0,500.0,phoenix_usa
2022-03-16 19:00:00,3.7117222463409334e-07,0,0.0,500.0,phoenix_usa
2022-03-16 20:00:00,3.5602448464076745e-07,0,0.0,500.0,phoenix_usa
2022-03-16 21:00:00,3.4149493214013844e-07,0,0.0,500.0,phoenix_usa
2022-03-16 22:00:00,3.27558338565021e-07,0,0.0,500.0,phoenix_usa
2022-03-16 23:00:00,3.141905049397541e-07,0,0.0,500.0,phoenix_usa
2022-03-17 00:00:00,3.0136821986200876e-07,0,0.0,500.0,phoenix_usa
2022-03-17 01:00:00,2.890692191993873e-07,0,0.0,500.0,phoenix_usa
2022-03-17 02:00:00,2.7727214743082303e-07,0,0.0,500.0,phoenix_usa
2022-03-17 03:00:00,2.6595652056565613e-07,0,0.0,500.0,phoenix_usa
2022-03-17 04:00:00,2.551026905760067e-07,0,0.0,500.0,phoenix_usa
2022-03-17 05:00:00,2.4469181128068063e-07,0,0.0,500.0,phoenix_usa
2022-03-17 06:00:00,2.3470580562136777e-07,0,0.0,500.0,phoenix_usa
2022-03-17 07:00:00,2.2512733427432236e-07,0,0.0,500.0,phoenix_usa
2022-03-17 08:00:00,2.1593976554301496e-07,0,0.0,500.0,phoenix_usa
2022-03-17 09:00:00,2.0712714647947917e-07,0,0.0,500.0,phoenix_usa
2022-03-17 10:00:00,1.9867417518421632e-07,0,0.0,500.0,phoenix_usa
2022-03-17 11:00:00,1.9056617423655447e-07,0,0.0,500.0,phoenix_usa
2022-03-17 12:00:00,1.8278906520932617e-07,0,0.0,500.0,phoenix_usa
2022-03-17 13:00:00,1.7532934422362024e-07,0,0.0,500.0,phoenix_usa
2022-03-17 14:00:00,1.6817405850115565e-07,0,0.0,500.0,phoenix_usa
2022-03-17 15:00:00,1.6131078387356397e-07,0,0.0,500.0,phoenix_usa
2022-03-17 16:00:00,1.5472760320953316e-07,0,0.0,500.0,phoenix_usa
2022-03-17 17:00:00,1.484130857223504e-07,0,0.0,500.0,phoenix_usa
2022-03-17 18:00:00,1.4235626712191326e-07,0,0.0,500.0,phoenix_usa
2022-03-17 19:00:00,1.3654663057675132e-07,0,0.0,500.0,phoenix_usa
2022-03-17 20:00:00,1.3097408845299628e-07,0,0.0,500.0,phoenix_usa
2022-03-17 21:00:00,1.2562896479859375e-07,0,0.0,500.0,phoenix_usa
2022-03-17 22:00:00,1.2050197854234604e-07,0,0.0,500.0,phoenix_usa
2022-03-17 23:00:00,1.1558422737861004e-07,0,0.0,500.0,phoenix_usa
2022-03-18 00:00:00,1.1086717230966816e-07,0,0.0,500.0,phoenix_usa
2022-03-18 01:00:00,1.0634262281893577e-07,0,0.0,500.0,phoenix_usa
2022-03-18 02:00:00,1.0200272264925695e-07,0,0.0,500.0,phoenix_usa
2022-03-18 03:00:00,9.783993616159466e-08,0,0.0,500.0,phoenix_usa
2022-03-18 04:00:00,9.384703525043285e-08,0,0.0,500.0,phoenix_usa
2022-03-18 05:00:00,9.001708679316481e-08,0,0.0,500.0,phoenix_usa
2022-03-18 06:00:00,8.634344061168183e-08,0,0.0,500.0,phoenix_usa
2022-03-18 07:00:00,8.281971792525432e-08,0,0.0,500.0,phoenix_usa
2022-03-18 08:00:00,7.943980027465663e-08,0,0.0,500.0,phoenix_usa
2022-03-18 09:00:00,7.619781889830616e-08,0,0.0,500.0,phoenix_usa
2022-03-18 10:00:00,7.308814454196682e-08,0,0.0,500.0,phoenix_usa
2022-03-18 11:00:00,7.010537768432337e-08,0,0.0,500.0,phoenix_usa
2022-03-18 12:00:00,6.724433916145713e-08,0,0.0,500.0,phoenix_usa
2022-03-18 13:00:00,6.450006117394094e-08,0,0.0,500.0,phoenix_usa
2022-03-18 14:00:00,6.186777866093859e-08,0,0.0,500.0,phoenix_usa
2022-03-18 15:00:00,5.934292102633394e-08,0,0.0,500.0,phoenix_usa
2022-03-18 16:00:00,5.692110420251979e-08,0,0.0,500.0,phoenix_usa
2022-03-18 17:00:00,5.459812303806763e-08,0,0.0,500.0,phoenix_usa
2022-03-18 18:00:00,5.2369943996061966e-08,0,0.0,500.0,phoenix_usa
2022-03-18 19:00:00,5.023269815041872e-08,0,0.0,500.0,phoenix_usa
2022-03-18 20:00:00,4.818267446802733e-08,0,0.0,500.0,phoenix_usa
2022-03-18 21:00:00,4.621631336505342e-08,0,0.0,500.0,phoenix_usa
2022-03-18 22:00:00,4.4330200526211454e-08,0,0.0,500.0,phoenix_usa
2022-03-18 23:00:00,4.252106097627598e-08,0,0.0,500.0,phoenix_usa
2022-03-19 00:00:00,4.078575339353868e-08,0,0.0,500.0,phoenix_usa
2022-03-19 01:00:00,3.912126465533561e-08,0,0.0,500.0,phoenix_usa
2022-03-19 02:00:00,3.7524704606174263e-08,0,0.0,500.0,phoenix_usa
2022-03-19 03:00:00,3.5993301039377036e-08,0,0.0,500.0,phoenix_usa
2022-03-19 04:00:00,3.452439488352589e-08,0,0.0,500.0,phoenix_usa
2022-03-19 05:00:00,3.311543558535069e-08,0,0.0,500.0,phoenix_usa
2022-03-19 06:00:00,3.1763976681045126e-08,0,0.0,500.0,phoenix_usa
2022-03-19 07:00:00,3.0467671548319046e-08,0,0.0,500.0,phoenix_usa
2022-03-19 08:00:00,2.922426933181167e-08,0,0.0,500.0,phoenix_usa
2022-03-19 09:00:00,2.8031611034791644e-08,0,0.0,500.0,phoenix_usa
2022-03-19 10:00:00,2.6887625770356364e-08,0,0.0,500.0,phoenix_usa
2022-03-19 11:00:00,2.5790327165621785e-08,0,0.0,500.0,phoenix_usa
2022-03-19 12:00:00,2.473780991265979e-08,0,0.0,500.0,phoenix_usa
2022-03-19 13:00:00,2.3728246460193233e-08,0,0.0,500.0,phoenix_usa
2022-03-19 14:00:00,2.275988384030457e-08,0,0.0,500.0,phoenix_usa
2022-03-19 15:00:00,2.1831040624648763e-08,0,0.0,500.0,phoenix_usa
2022-03-19 16:00:00,2.094010400488442e-08,0,0.0,500.0,phoenix_usa
2022-03-19 17:00:00,2.008552699225397e-08,0,0.0,500.0,phoenix_usa
2022-03-19 18:00:00,1.9265825731451006e-08,0,0.0,500.0,phoenix_usa
2022-03-19 19:00:00,1.847957692410978e-08,0,0.0,500.0,phoenix_usa
2022-03-19 20:00:00,1.7725415357443412e-08,0,0.0,500.0,phoenix_usa
2022-03-19 21:00:00,1.7002031533740106e-08,0,0.0,500.0,phoenix_usa
2022-03-19 22:00:00,1.630816939660065e-08,0,0.0,500.0,phoenix_usa
2022-03-19 23:00:00,1.5642624149969234e-08,0,0.0,500.0,phoenix_usa
2022-03-20 00:00:00,1.5004240166171265e-08,0,0.0,500.0,phoenix_usa
2022-03-20 01:00:00,1.4391908979324963e-08,0,0.0,500.0,phoenix_usa
2022-03-20 02:00:00,1.3804567360642835e-08,0,0.0,500.0,phoenix_usa
2022-03-20 03:00:00,1.3241195472281517e-08,0,0.0,500.0,phoenix_usa
2022-03-20 04:00:00,1.2700815096533704e-08,0,0.0,500.0,phoenix_usa
2022-03-20 05:00:00,1.2182487937287707e-08,0,0.0,500.0,phoenix_usa
2022-03-20 06:00:00,1.1685313990805606e-08,0,0.0,500.0,phoenix_usa
2022-03-20 07:00:00,1.1208429982990663e-08,0,0.0,500.0,phoenix_usa
2022-03-20 08:00:00,1.0751007870430598e-08,0,0.0,500.0,phoenix_usa
2022-03-20 09:00:00,1.0312253402614385e-08,0,0.0,500.0,phoenix_usa
2022-03-20 10:00:00,9.891404742825568e-09,0,0.0,500.0,phoenix_usa
2022-03-20 11:00:00,9.487731145317612e-09,0,0.0,500.0,phoenix_usa
2022-03-20 12:00:00,9.10053168647465e-09,0,0.0,500.0,phoenix_usa
2022-03-20 13:00:00,8.729134047754142e-09,0,0.0,500.0,phoenix_usa
2022-03-20 14:00:00,8.372893348298187e-09,0,0.0,500.0,phoenix_usa
2022-03-20 15:00:00,8.031191025186843e-09,0,0.0,500.0,phoenix_usa
2022-03-20 16:00:00,7.703433759388763e-09,0,0.0,500.0,phoenix_usa
2022-03-20 17:00:00,7.389052445544311e-09,0,0.0,500.0,phoenix_usa
2022-03-20 18:00:00,7.08750120379259e-09,0,0.0,500.0,phoenix_usa
2022-03-20 19:00:00,6.798256431926188e-09,0,0.0,500.0,phoenix_usa
2022-03-20 20:00:00,6.520815896227985e-09,0,0.0,500.0,phoenix_usa
2022-03-20 21:00:00,6.254697859411552e-09,0,0.0,500.0,phoenix_usa
2022-03-20 22:00:00,5.999440244150664e-09,0,0.0,500.0,phoenix_usa
2022-03-20 23:00:00,5.754599830745589e-09,0,0.0,500.0,phoenix_usa
2022-03-21 00:00:00,5.519751487533194e-09,0,0.0,500.0,phoenix_usa
2022-03-21 01:00:00,5.29448743270433e-09,0,0.0,500.0,phoenix_usa
2022-03-21 02:00:00,5.078416526246819e-09,0,0.0,500.0,phoenix_usa
2022-03-21 03:00:00,4.871163590784756e-09,0,0.0,500.0,phoenix_usa
2022-03-21 04:00:00,4.672368760134637e-09,0,0.0,500.0,phoenix_usa
2022-03-21 05:00:00,4.4816868544472384e-09,0,0.0,500.0,phoenix_usa
2022-03-21 06:00:00,4.298786780850403e-09,0,0.0,500.0,phoenix_usa
2022-03-21 07:00:00,4.123350958551844e-09,0,0.0,500.0,phoenix_usa
2022-03-21 08:00:00,3.955074767403787e-09,0,0.0,500.0,phoenix_usa
2022-03-21 09:00:00,3.793666018972086e-09,0,0.0,500.0,phoenix_usa
2022-03-21 10:00:00,3.638844449191224e-09,0,0.0,500.0,phoenix_usa
2022-03-21 11:00:00,3.490341231724331e-09,0,0.0,500.0,phoenix_usa
2022-03-21 12:00:00,3.3478985111832978e-09,0,0.0,500.0,phoenix_usa
2022-03-21 13:00:00,3.2112689553984043e-09,0,0.0,500.0,phoenix_usa
2022-03-21 14:00:00,3.0802153259600234e-09,0,0.0,500.0,phoenix_usa
2022-03-21 15:00:00,2.9545100662868384e-09,0,0.0,500.0,phoenix_usa
2022-03-21 16:00:00,2.8339349065051608e-09,0,0.0,500.0,phoenix_usa
2022-03-21 17:00:00,2.7182804844533207e-09,0,0.0,500.0,phoenix_usa
2022-03-21 18:00:00,2.607345982153143e-09,0,0.0,500.0,phoenix_usa
2022-03-21 19:00:00,2.500938777117169e-09,0,0.0,500.0,phoenix_usa
2022-03-21 20:00:00,2.398874107886209e-09,0,0.0,500.0,phoenix_usa
2022-03-21 21:00:00,2.3009747532165402e-09,0,0.0,500.0,phoenix_usa
2022-03-21 22:00:00,2.2070707243596093e-09,0,0.0,500.0,phoenix_usa
2022-03-21 23:00:00,2.1169989698999643e-09,0,0.0,500.0,phoenix_usa
2022-03-22 00:00:00,2.030603092638951e-09,0,0.0,500.0,phoenix_usa
2022-03-22 01:00:00,1.947733078032495e-09,0,0.0,500.0,phoenix_usa
2022-03-22 02:00:00,1.868245033711497e-09,0,0.0,500.0,phoenix_usa
2022-03-22 03:00:00,1.792000939632574e-09,0,0.0,500.0,phoenix_usa
2022-03-22 04:00:00,1.7188684084252367e-09,0,0.0,500.0,phoenix_usa
2022-03-22 05:00:00,1.6487204555194495e-09,0,0.0,500.0,phoenix_usa
2022-03-22 06:00:00,1.581435278654431e-09,0,0.0,500.0,phoenix_usa
2022-03-22 07:00:00,1.5168960463857846e-09,0,0.0,500.0,phoenix_usa
2022-03-22 08:00:00,1.4549906952237772e-09,0,0.0,500.0,phoenix_usa
2022-03-22 09:00:00,1.3956117350505423e-09,0,0.0,500.0,phoenix_usa
2022-03-22 10:00:00,1.3386560624782735e-09,0,0.0,500.0,phoenix_usa
2022-03-22 11:00:00,1.2840247818243908e-09,0,0.0,500.0,phoenix_usa
2022-03-22 12:00:00,0.5213884128634173,1,3.03,413.94287793078564,phoenix_usa
2022-03-22 13:00:00,0.5001102686774563,1,3.03,413.94287793078564,phoenix_usa
2022-03-22 14:00:00,0.4797004971074347,1,3.03,413.94287793078564,phoenix_usa
2022-03-22 15:00:00,0.4601236593954639,1,3.03,413.94287793078564,phoenix_usa
2022-03-22 16:00:00,0.4413457630586051,1,3.03,413.94287793078564,phoenix_usa
2022-03-22 17:00:00,0.4233342028656018,1,3.03,413.94287793078564,phoenix_usa
2022-03-22 18:00:00,0.4060577042223863,1,3.03,413.94287793078564,phoenix_usa
2022-03-22 19:00:00,0.38948626886805376,1,3.03,413.94287793078564,phoenix_usa
2022-03-22 20:00:00,0.3735911227870123,1,3.03,413.94287793078564,phoenix_usa
2022-03-22 21:00:00,0.35834466624686767,1,3.03,413.94287793078564,phoenix_usa
2022-03-22 22:00:00,0.3437204258752883,1,3.03,413.94287793078564,phoenix_usa
2022-03-22 23:00:00,0.3296930086926395,1,3.03,413.94287793078564,phoenix_usa
2022-03-23 00:00:00,0.31623805802057137,1,3.03,413.94287793078564,phoenix_usa
2022-03-23 01:00:00,0.30333221119,1,3.03,413.94287793078564,phoenix_usa
2022-03-23 02:00:00,0.2909530589750505,1,3.03,413.94287793078564,phoenix_usa
2022-03-23 03:00:00,0.27907910668252184,1,3.03,413.94287793078564,phoenix_usa
2022-03-23 04:00:00,0.26768973682931135,1,3.03,413.94287793078564,phoenix_usa
2022-03-23 05:00:00,0.2567651733429952,1,3.03,413.94287793078564,phoenix_usa
2022-03-23 06:00:00,0.24628644722340132,1,3.03,413.94287793078564,phoenix_usa
2022-03-23 07:00:00,0.2362353636055528,1,3.03,413.94287793078564,phoenix_usa
2022-03-23 08:00:00,0.22659447016679002,1,3.03,413.94287793078564,phoenix_usa
2022-03-23 09:00:00,0.2173470268232161,1,3.03,413.94287793078564,phoenix_usa
2022-03-23 10:00:00,0.20847697666284598,1,3.03,413.94287793078564,phoenix_usa
2022-03-23 11:00:00,0.1999689180649897,1,3.03,413.94287793078564,phoenix_usa
2022-03-23 12:00:00,0.19180807795745922,0,0.0,500.0,phoenix_usa
2022-03-23 13:00:00,0.18398028616516254,0,0.0,500.0,phoenix_usa
2022-03-23 14:00:00,0.1764719508055462,0,0.0,500.0,phoenix_usa
2022-03-23 15:00:00,0.16927003468816235,0,0.0,500.0,phoenix_usa
2022-03-23 16:00:00,0.16236203267738342,0,0.0,500.0,phoenix_usa
2022-03-23 17:00:00,0.1557359499789556,0,0.0,500.0,phoenix_usa
2022-03-23 18:00:00,0.1493802813126903,0,0.0,500.0,phoenix_usa
2022-03-23 19:00:00,0.14328399093512975,0,0.0,500.0,phoenix_usa
2022-03-23 20:00:00,0.1374364934774978,0,0.0,500.0,phoenix_usa
2022-03-23 21:00:00,0.13182763556566474,0,0.0,500.0,phoenix_usa
2022-03-23 22:00:00,0.12644767819021124,0,0.0,500.0,phoenix_usa
2022-03-23 23:00:00,0.12128727979597975,0,0.0,500.0,phoenix_usa
2022-03-24 00:00:00,0.11633748006174996,0,0.0,500.0,phoenix_usa
2022-03-24 01:00:00,0.11158968434187508,0,0.0,500.0,phoenix_usa
2022-03-24 02:00:00,0.10703564874286327,0,0.0,500.0,phoenix_usa
2022-03-24 03:00:00,0.10266746580899144,0,0.0,500.0,phoenix_usa
2022-03-24 04:00:00,0.09847755079209751,0,0.0,500.0,phoenix_usa
2022-03-24 05:00:00,0.09445862848170959,0,0.0,500.0,phoenix_usa
2022-03-24 06:00:00,0.09060372057264479,0,0.0,500.0,phoenix_usa
2022-03-24 07:00:00,0.0869061335481432,0,0.0,500.0,phoenix_usa
2022-03-24 08:00:00,0.08335944705749773,0,0.0,500.0,phoenix_usa
2022-03-24 09:00:00,0.07995750276799922,0,0.0,500.0,phoenix_usa
2022-03-24 10:00:00,0.07669439367183958,0,0.0,500.0,phoenix_usa
2022-03-24 11:00:00,0.07356445382940632,0,0.0,500.0,phoenix_usa
2022-03-24 12:00:00,0.07056224853115851,0,0.0,500.0,phoenix_usa
2022-03-24 13:00:00,0.06768256486100203,0,0.0,500.0,phoenix_usa
2022-03-24 14:00:00,0.06492040264477858,0,0.0,500.0,phoenix_usa
2022-03-24 15:00:00,0.0622709657681518,0,0.0,500.0,phoenix_usa
2022-03-24 16:00:00,0.05972965384881526,0,0.0,500.0,phoenix_usa
2022-03-24 17:00:00,0.05729205424856186,0,0.0,500.0,phoenix_usa
2022-03-24 18:00:00,0.05495393441134533,0,0.0,500.0,phoenix_usa
2022-03-24 19:00:00,0.05271123451402952,0,0.0,500.0,phoenix_usa
2022-03-24 20:00:00,0.050560060417064456,0,0.0,500.0,phoenix_usa
2022-03-24 21:00:00,0.04849667690284927,0,0.0,500.0,phoenix_usa
2022-03-24 22:00:00,0.04651750119004128,0,0.0,500.0,phoenix_usa
2022-03-24 23:00:00,0.044619096712549385,0,0.0,500.0,phoenix_usa
2022-03-25 00:00:00,0.04279816715241037,0,0.0,500.0,phoenix_usa
2022-03-25 01:00:00,0.04105155071618666,0,0.0,500.0,phoenix_usa
2022-03-25 02:00:00,0.03937621464494734,0,0.0,500.0,phoenix_usa
2022-03-25 03:00:00,0.03776924994829992,0,0.0,500.0,phoenix_usa
2022-03-25 04:00:00,0.03622786635332917,0,0.0,500.0,phoenix_usa
2022-03-25 05:00:00,0.03474938745967222,0,0.0,500.0,phoenix_usa
2022-03-25 06:00:00,0.033331246092318086,0,0.0,500.0,phoenix_usa
2022-03-25 07:00:00,0.03197097984406168,0,0.0,500.0,phoenix_usa
2022-03-25 08:00:00,0.0306662267998727,0,0.0,500.0,phoenix_usa
2022-03-25 09:00:00,0.029414721435755613,0,0.0,500.0,phoenix_usa
2022-03-25 10:00:00,0.028214290684978955,0,0.0,500.0,phoenix_usa
2022-03-25 11:00:00,0.027062850164844374,0,0.0,500.0,phoenix_usa
2022-03-25 12:00:00,0.02595840055744303,0,0.0,500.0,phoenix_usa
2022-03-25 13:00:00,0.024899024138115337,0,0.0,500.0,phoenix_usa
2022-03-25 14:00:00,0.02388288144558617,0,0.0,500.0,phoenix_usa
2022-03-25 15:00:00,0.02290820808799371,0,0.0,500.0,phoenix_usa
2022-03-25 16:00:00,0.021973311679265858,0,0.0,500.0,phoenix_usa
2022-03-25 17:00:00,0.021076568900524895,0,0.0,500.0,phoenix_usa
2022-03-25 18:00:00,0.020216422681417823,0,0.0,500.0,phoenix_usa
2022-03-25 19:00:00,0.019391379496478033,0,0.0,500.0,phoenix_usa
2022-03-25 20:00:00,0.018600006771824034,0,0.0,500.0,phoenix_usa
2022-03-25 21:00:00,0.01784093039769219,0,0.0,500.0,phoenix_usa
2022-03-25 22:00:00,0.017112832342484296,0,0.0,500.0,phoenix_usa
2022-03-25 23:00:00,0.01641444836418721,0,0.0,500.0,phoenix_usa
2022-03-26 00:00:00,0.015744565815190716,0,0.0,500.0,phoenix_usa
2022-03-26 01:00:00,0.015102021536691877,0,0.0,500.0,phoenix_usa
2022-03-26 02:00:00,0.01448569983902999,0,0.0,500.0,phoenix_usa
2022-03-26 03:00:00,0.013894530564445107,0,0.0,500.0,phoenix_usa
2022-03-26 04:00:00,0.013327487228896434,0,0.0,500.0,phoenix_usa
2022-03-26 05:00:00,0.01278358523971414,0,0.0,500.0,phoenix_usa
2022-03-26 06:00:00,0.0122618801859898,0,0.0,500.0,phoenix_usa
2022-03-26 07:00:00,0.011761466198736855,0,0.0,500.0,phoenix_usa
2022-03-26 08:00:00,0.01128147437797388,0,0.0,500.0,phoenix_usa
2022-03-26 09:00:00,0.010821071283999421,0,0.0,500.0,phoenix_usa
2022-03-26 10:00:00,0.01037945749023869,0,0.0,500.0,phoenix_usa
2022-03-26 11:00:00,0.009955866195149423,0,0.0,500.0,phoenix_usa
2022-03-26 12:00:00,0.0095495618907766,0,0.0,500.0,phoenix_usa
2022-03-26 13:00:00,0.009159839085644118,0,0.0,500.0,phoenix_usa
2022-03-26 14:00:00,0.008786021079766051,0,0.0,500.0,phoenix_usa
2022-03-26 15:00:00,0.008427458789650242,0,0.0,500.0,phoenix_usa
2022-03-26 16:00:00,0.008083529621254247,0,0.0,500.0,phoenix_usa
2022-03-26 17:00:00,0.007753636388936503,0,0.0,500.0,phoenix_usa
2022-03-26 18:00:00,0.007437206278525661,0,0.0,500.0,phoenix_usa
2022-03-26 19:00:00,0.007133689852707701,0,0.0,500.0,phoenix_usa
2022-03-26 20:00:00,0.006842560097003671,0,0.0,500.0,phoenix_usa
2022-03-26 21:00:00,0.006563311504681602,0,0.0,500.0,phoenix_usa
2022-03-26 22:00:00,0.0062954591990137055,0,0.0,500.0,phoenix_usa
2022-03-26 23:00:00,0.00603853809135469,0,0.0,500.0,phoenix_usa
2022-03-27 00:00:00,0.005792102073579355,0,0.0,500.0,phoenix_usa
2022-03-27 01:00:00,0.0055557232434772915,0,0.0,500.0,phoenix_usa
2022-03-27 02:00:00,0.005328991161759607,0,0.0,500.0,phoenix_usa
2022-03-27 03:00:00,0.005111512139387591,0,0.0,500.0,phoenix_usa
2022-03-27 04:00:00,0.004902908553985952,0,0.0,500.0,phoenix_usa
2022-03-27 05:00:00,0.004702818194153538,0,0.0,500.0,phoenix_usa
2022-03-27 06:00:00,0.004510893630533108,0,0.0,500.0,phoenix_usa
2022-03-27 07:00:00,0.004326801612548121,0,0.0,500.0,phoenix_usa
2022-03-27 08:00:00,0.004150222489758978,0,0.0,500.0,phoenix_usa
2022-03-27 09:00:00,0.003980849656834048,0,0.0,500.0,phoenix_usa
2022-03-27 10:00:00,0.0038183890211717485,0,0.0,500.0,phoenix_usa
2022-03-27 11:00:00,0.003662558492249225,0,0.0,500.0,phoenix_usa
2022-03-27 12:00:00,0.003513087491810997,0,0.0,500.0,phoenix_usa
2022-03-27 13:00:00,0.0033697164840470937,0,0.0,500.0,phoenix_usa
2022-03-27 14:00:00,0.0032321965249448477,0,0.0,500.0,phoenix_usa
2022-03-27 15:00:00,0.0031002888300318897,0,0.0,500.0,phoenix_usa
2022-03-27 16:00:00,0.002973764359759814,0,0.0,500.0,phoenix_usa
2022-03-27 17:00:00,0.002852403421808521,0,0.0,500.0,phoenix_usa
2022-03-27 18:00:00,0.002735995289620762,0,0.0,500.0,phoenix_usa
2022-03-27 19:00:00,0.002624337836504497,0,0.0,500.0,phoenix_usa
2022-03-27 20:00:00,0.0025172371846677206,0,0.0,500.0,phoenix_usa
2022-03-27 21:00:00,0.0024145073685763654,0,0.0,500.0,phoenix_usa
2022-03-27 22:00:00,0.0023159700120507776,0,0.0,500.0,phoenix_usa
2022-03-27 23:00:00,0.002221454018540031,0,0.0,500.0,phoenix_usa
2022-03-28 00:00:00,0.0021307952740363244,0,0.0,500.0,phoenix_usa
2022-03-28 01:00:00,0.002043836362113619,0,0.0,500.0,phoenix_usa
2022-03-28 02:00:00,0.00196042629059568,0,0.0,500.0,phoenix_usa
2022-03-28 03:00:00,0.001880420229378951,0,0.0,500.0,phoenix_usa
2022-03-28 04:00:00,0.0018036792589550365,0,0.0,500.0,phoenix_usa
2022-03-28 05:00:00,0.001730070129196095,0,0.0,500.0,phoenix_usa
2022-03-28 06:00:00,0.0016594650279843383,0,0.0,500.0,phoenix_usa
2022-03-28 07:00:00,0.001591741359283898,0,0.0,500.0,phoenix_usa
2022-03-28 08:00:00,0.0015267815302696846,0,0.0,500.0,phoenix_usa
2022-03-28 09:00:00,0.0014644727471436376,0,0.0,500.0,phoenix_usa
2022-03-28 10:00:00,0.0014047068192838332,0,0.0,500.0,phoenix_usa
2022-03-28 11:00:00,0.0013473799713863653,0,0.0,500.0,phoenix_usa
2022-03-28 12:00:00,0.0012923926632738135,0,0.0,500.0,phoenix_usa
2022-03-28 13:00:00,0.0012396494170574422,0,0.0,500.0,phoenix_usa
2022-03-28 14:00:00,0.001189058651352988,0,0.0,500.0,phoenix_usa
2022-03-28 15:00:00,0.0011405325222621965,0,0.0,500.0,phoenix_usa
2022-03-28 16:00:00,1.0083088531713422,1,3.04,330.20910139376053,phoenix_usa
2022-03-28 17:00:00,0.9671592214717576,1,3.04,330.20910139376053,phoenix_usa
2022-03-28 18:00:00,0.9276889285815919,1,3.04,330.20910139376053,phoenix_usa
2022-03-28 19:00:00,0.8898294397723352,1,3.04,330.20910139376053,phoenix_usa
2022-03-28 20:00:00,0.8535150172549547,1,3.04,330.20910139376053,phoenix_usa
2022-03-28 21:00:00,0.8186826060352768,1,3.04,330.20910139376053,phoenix_usa
2022-03-28 22:00:00,0.7852717244276716,1,3.04,330.20910139376053,phoenix_usa
2022-03-28 23:00:00,0.753224359036935,1,3.04,330.20910139376053,phoenix_usa
2022-03-29 00:00:00,0.7224848640260164,1,3.04,330.20910139376053,phoenix_usa
2022-03-29 01:00:00,0.6929998644946841,1,3.04,330.20910139376053,phoenix_usa
2022-03-29 02:00:00,0.6647181638013625,1,3.04,330.20910139376053,phoenix_usa
2022-03-29 03:00:00,0.637590654667212,1,3.04,330.20910139376053,phoenix_usa
2022-03-29 04:00:00,0.6115702339081032,1,3.04,330.20910139376053,phoenix_usa
2022-03-29 05:00:00,0.586611720646422,1,3.04,330.20910139376053,phoenix_usa
2022-03-29 06:00:00,0.562671777860699,1,3.04,330.20910139376053,phoenix_usa
2022-03-29 07:00:00,0.5397088371368375,1,3.04,330.20910139376053,phoenix_usa
2022-03-29 08:00:00,0.5176830264902873,1,3.04,330.20910139376053,phoenix_usa
2022-03-29 09:00:00,0.4965561011338344,1,3.04,330.20910139376053,phoenix_usa
2022-03-29 10:00:00,0.47629137707079294,1,3.04,330.20910139376053,phoenix_usa
2022-03-29 11:00:00,0.45685366739829775,1,3.04,330.20910139376053,phoenix_usa
2022-03-29 12:00:00,0.4382092212100919,1,3.04,330.20910139376053,phoenix_usa
2022-03-29 13:00:00,0.42032566499272633,1,3.04,330.20910139376053,phoenix_usa
2022-03-29 14:00:00,0.40317194641341064,1,3.04,330.20910139376053,phoenix_usa
2022-03-29 15:00:00,0.3867182804019139,1,3.04,330.20910139376053,phoenix_usa
2022-03-29 16:00:00,0.37093609743289124,0,0.0,500.0,phoenix_usa
2022-03-29 17:00:00,0.3557979939188374,0,0.0,500.0,phoenix_usa
2022-03-29 18:00:00,0.3412776846275301,0,0.0,500.0,phoenix_usa
2022-03-29 19:00:00,0.32734995704134423,0,0.0,500.0,phoenix_usa
2022-03-29 20:00:00,0.3139906275791867,0,0.0,500.0,phoenix_usa
2022-03-29 21:00:00,0.30117649960503773,0,0.0,500.0,phoenix_usa
2022-03-29 22:00:00,0.28888532315018667,0,0.0,500.0,phoenix_usa
2022-03-29 23:00:00,0.27709575627922545,0,0.0,500.0,phoenix_usa
2022-03-30 00:00:00,0.26578732803271643,0,0.0,500.0,phoenix_usa
2022-03-30 01:00:00,0.2549404028821898,0,0.0,500.0,phoenix_usa
2022-03-30 02:00:00,0.24453614663575252,0,0.0,500.0,phoenix_usa
2022-03-30 03:00:00,0.23455649373510803,0,0.0,500.0,phoenix_usa
2022-03-30 04:00:00,0.2249841158872013,0,0.0,500.0,phoenix_usa
2022-03-30 05:00:00,0.21580239197602405,0,0.0,500.0,phoenix_usa
2022-03-30 06:00:00,0.20699537920233588,0,0.0,500.0,phoenix_usa
2022-03-30 07:00:00,0.19854778540118878,0,0.0,500.0,phoenix_usa
2022-03-30 08:00:00,0.19044494248918792,0,0.0,500.0,phoenix_usa
2022-03-30 09:00:00,0.18267278099538523,0,0.0,500.0,phoenix_usa
2022-03-30 10:00:00,0.17521780563158001,0,0.0,500.0,phoenix_usa
2022-03-30 11:00:00,0.16806707185960973,0,0.0,500.0,phoenix_usa
2022-03-30 12:00:00,0.16120816341494157,0,0.0,500.0,phoenix_usa
2022-03-30 13:00:00,0.1546291707475391,0,0.0,500.0,phoenix_usa
2022-03-30 14:00:00,0.14831867034256824,0,0.0,500.0,phoenix_usa
2022-03-30 15:00:00,0.14226570488503723,0,0.0,500.0,phoenix_usa
2022-03-30 16:00:00,0.1364597642339277,0,0.0,500.0,phoenix_usa
2022-03-30 17:00:00,0.13089076717278217,0,0.0,500.0,phoenix_usa
2022-03-30 18:00:00,0.12554904390505953,0,0.0,500.0,phoenix_usa
2022-03-30 19:00:00,0.12042531926386539,0,0.0,500.0,phoenix_usa
2022-03-30 20:00:00,0.11551069660690168,0,0.0,500.0,phoenix_usa
2022-03-30 21:00:00,0.11079664236867244,0,0.0,500.0,phoenix_usa
2022-03-30 22:00:00,0.1062749712431222,0,0.0,500.0,phoenix_usa
2022-03-30 23:00:00,0.10193783197097968,0,0.0,500.0,phoenix_usa
2022-03-31 00:00:00,0.09777769370712656,0,0.0,500.0,phoenix_usa
2022-03-31 01:00:00,0.0937873329443223,0,0.0,500.0,phoenix_usa
2022-03-31 02:00:00,0.0899598209705785,0,0.0,500.0,phoenix_usa
2022-03-31 03:00:00,0.08628851183840448,0,0.0,500.0,phoenix_usa
2022-03-31 04:00:00,0.0827670308250346,0,0.0,500.0,phoenix_usa
2022-03-31 05:00:00,0.07938926336360026,0,0.0,500.0,phoenix_usa
2022-03-31 06:00:00,0.07614934442602614,0,0.0,500.0,phoenix_usa
2022-03-31 07:00:00,0.07304164833921677,0,0.0,500.0,phoenix_usa
2022-03-31 08:00:00,0.07006077901684989,0,0.0,500.0,phoenix_usa
2022-03-31 09:00:00,0.06720156058981556,0,0.0,500.0,phoenix_usa
2022-03-31 10:00:00,0.06445902841903205,0,0.0,500.0,phoenix_usa
2022-03-31 11:00:00,0.06182842047503386,0,0.0,500.0,phoenix_usa
2022-03-31 12:00:00,0.05930516906936326,0,0.0,500.0,phoenix_usa
2022-03-31 13:00:00,0.056884892923408197,0,0.0,500.0,phoenix_usa
2022-03-31 14:00:00,0.05456338956091535,0,0.0,500.0,phoenix_usa
2022-03-31 15:00:00,0.05233662801096882,0,0.0,500.0,phoenix_usa
2022-03-31 16:00:00,0.050200741808764104,0,0.0,500.0,phoenix_usa
2022-03-31 17:00:00,0.04815202228202445,0,0.0,500.0,phoenix_usa
2022-03-31 18:00:00,0.046186912111402155,0,0.0,500.0,phoenix_usa
2022-03-31 19:00:00,0.04430199915368332,0,0.0,500.0,phoenix_usa
2022-03-31 20:00:00,0.042494010517070996,0,0.0,500.0,phoenix_usa
2022-03-31 21:00:00,0.04075980687825935,0,0.0,500.0,phoenix_usa
2022-03-31 22:00:00,0.039096377031430894,0,0.0,500.0,phoenix_usa
2022-03-31 23:00:00,0.03750083265971237,0,0.0,500.0,phoenix_usa
2022-04-01 00:00:00,0.035970403320010155,0,0.0,500.0,phoenix_usa
2022-04-01 01:00:00,0.03450243163251729,0,0.0,500.0,phoenix_usa
2022-04-01 02:00:00,0.033094368666539406,0,0.0,500.0,phoenix_usa
2022-04-01 03:00:00,0.031743769514627616,0,0.0,500.0,phoenix_usa
2022-04-01 04:00:00,0.030448289047333273,0,0.0,500.0,phoenix_usa
2022-04-01 05:00:00,0.029205677841213706,0,0.0,500.0,phoenix_usa
2022-04-01 06:00:00,0.02801377827301817,0,0.0,500.0,phoenix_usa
2022-04-01 07:00:00,0.02687052077327207,0,0.0,500.0,phoenix_usa
2022-04-01 08:00:00,0.025773920232754655,0,0.0,500.0,phoenix_usa
2022-04-01 09:00:00,0.02472207255563017,0,0.0,500.0,phoenix_usa
2022-04-01 10:00:00,0.023713151353247634,0,0.0,500.0,phoenix_usa
2022-04-01 11:00:00,0.022745404772868412,0,0.0,500.0,phoenix_usa
2022-04-01 12:00:00,0.021817152455815263,0,0.0,500.0,phoenix_usa
2022-04-01 13:00:00,0.020926782619760744,0,0.0,500.0,phoenix_usa
2022-04-01 14:00:00,0.020072749260089253,0,0.0,500.0,phoenix_usa
2022-04-01 15:00:00,0.019253569465472867,0,0.0,500.0,phoenix_usa
2022-04-01 16:00:00,0.018467820842999992,0,0.0,500.0,phoenix_usa
2022-04-01 17:00:00,0.017714139048386,0,0.0,500.0,phoenix_usa
2022-04-01 18:00:00,0.01699121541697715,0,0.0,500.0,phoenix_usa
2022-04-01 19:00:00,0.016297794691434726,0,0.0,500.0,phoenix_usa
2022-04-01 20:00:00,0.01563267284215348,0,0.0,500.0,phoenix_usa
2022-04-01 21:00:00,0.014994694976629955,0,0.0,500.0,phoenix_usa
2022-04-01 22:00:00,0.014382753334150806,0,0.0,500.0,phoenix_usa
2022-04-01 23:00:00,0.013795785362318767,0,0.0,500.0,phoenix_usa
2022-04-02 00:00:00,0.01323277187207673,0,0.0,500.0,phoenix_usa
2022-04-02 01:00:00,0.012692735268026348,0,0.0,500.0,phoenix_usa
2022-04-02 02:00:00,0.012174737850968212,0,0.0,500.0,phoenix_usa
2022-04-02 03:00:00,0.01167788018971627,0,0.0,500.0,phoenix_usa
2022-04-02 04:00:00,0.011201299559359508,0,0.0,500.0,phoenix_usa
2022-04-02 05:00:00,0.010744168443258881,0,0.0,500.0,phoenix_usa
2022-04-02 06:00:00,0.010305693096178618,0,0.0,500.0,phoenix_usa
2022-04-02 07:00:00,0.009885112166056958,0,0.0,500.0,phoenix_usa
2022-04-02 08:00:00,0.009481695372023117,0,0.0,500.0,phoenix_usa
2022-04-02 09:00:00,0.009094742236365078,0,0.0,500.0,phoenix_usa
2022-04-02 10:00:00,0.008723580868246565,0,0.0,500.0,phoenix_usa
2022-04-02 11:00:00,0.008367566797061094,0,0.0,500.0,phoenix_usa
2022-04-02 12:00:00,0.008026081853397475,0,0.0,500.0,phoenix_usa
2022-04-02 13:00:00,0.0076985330956738296,0,0.0,500.0,phoenix_usa
2022-04-02 14:00:00,0.0073843517805761184,0,0.0,500.0,phoenix_usa
2022-04-02 15:00:00,0.007082992375513703,0,0.0,500.0,phoenix_usa
2022-04-02 16:00:00,0.0067939316113771525,0,0.0,500.0,phoenix_usa
2022-04-02 17:00:00,0.006516667573953467,0,0.0,500.0,phoenix_usa
2022-04-02 18:00:00,0.006250718832421147,0,0.0,500.0,phoenix_usa
2022-04-02 19:00:00,0.005995623603411907,0,0.0,500.0,phoenix_usa
2022-04-02 20:00:00,0.005750938949187405,0,0.0,500.0,phoenix_usa
2022-04-02 21:00:00,0.005516240008538862,0,0.0,500.0,phoenix_usa
2022-04-02 22:00:00,0.005291119259074097,0,0.0,500.0,phoenix_usa
2022-04-02 23:00:00,0.005075185809610992,0,0.0,500.0,phoenix_usa
2022-04-03 00:00:00,0.004868064721448772,0,0.0,500.0,phoenix_usa
2022-04-03 01:00:00,0.004669396357338594,0,0.0,500.0,phoenix_usa
2022-04-03 02:00:00,0.0044788357570229925,0,0.0,500.0,phoenix_usa
2022-04-03 03:00:00,0.004296052038259883,0,0.0,500.0,phoenix_usa
2022-04-03 04:00:00,0.004120727822291103,0,0.0,500.0,phoenix_usa
2022-04-03 05:00:00,0.0039525586827579215,0,0.0,500.0,phoenix_usa
2022-04-03 06:00:00,0.0037912526171065847,0,0.0,500.0,phoenix_usa
2022-04-03 07:00:00,0.0036365295395660627,0,0.0,500.0,phoenix_usa
2022-04-03 08:00:00,0.0034881207948177146,0,0.0,500.0,phoenix_usa
2022-04-03 09:00:00,0.0033457686915123012,0,0.0,500.0,phoenix_usa
2022-04-03 10:00:00,0.11642510225162538,1,3.62,484.2699647519422,phoenix_usa
2022-04-03 11:00:00,0.11167373062261243,1,3.62,484.2699647519422,phoenix_usa
2022-04-03 12:00:00,0.10711626504925578,1,3.62,484.2699647519422,phoenix_usa
2022-04-03 13:00:00,0.1027447921201542,1,3.62,484.2699647519422,phoenix_usa
2022-04-03 14:00:00,0.09855172137452195,1,3.62,484.2699647519422,phoenix_usa
2022-04-03 15:00:00,0.09452977212239876,1,3.62,484.2699647519422,phoenix_usa
2022-04-03 16:00:00,0.09067196080273421,1,3.62,484.2699647519422,phoenix_usa
2022-04-03 17:00:00,0.08697158885739568,1,3.62,484.2699647519422,phoenix_usa
2022-04-03 18:00:00,0.08342223110004454,1,3.62,484.2699647519422,phoenix_usa
2022-04-03 19:00:00,0.08001772455968478,1,3.62,484.2699647519422,phoenix_usa
2022-04-03 20:00:00,0.0767521577795126,1,3.62,484.2699647519422,phoenix_usa
2022-04-03 21:00:00,0.07361986055248562,1,3.62,484.2699647519422,phoenix_usa
2022-04-03 22:00:00,0.1295233105201476,2,3.62,484.2699647519422,phoenix_usa
2022-04-03 23:00:00,0.12423739390079867,2,3.62,484.2699647519422,phoenix_usa
2022-04-04 00:00:00,0.11916719840836126,2,3.62,484.2699647519422,phoenix_usa
2022-04-04 01:00:00,0.11430392034653297,2,3.62,484.2699647519422,phoenix_usa
2022-04-04 02:00:00,0.10963911530263713,2,3.62,484.2699647519422,phoenix_usa
2022-04-04 03:00:00,0.10516468348506271,2,3.62,484.2699647519422,phoenix_usa
2022-04-04 04:00:00,0.10087285565909167,2,3.62,484.2699647519422,phoenix_usa
2022-04-04 05:00:00,0.09675617965669261,2,3.62,484.2699647519422,phoenix_usa
2022-04-04 06:00:00,0.09280750743685721,2,3.62,484.2699647519422,phoenix_usa
2022-04-04 07:00:00,0.08901998267401137,2,3.62,484.2699647519422,phoenix_usa
2022-04-04 08:00:00,0.08538702885294984,2,3.62,484.2699647519422,phoenix_usa
2022-04-04 09:00:00,0.08190233784962328,2,3.62,484.2699647519422,phoenix_usa
2022-04-04 10:00:00,0.0785598589779494,1,3.0,490.0360108320438,phoenix_usa
2022-04-04 11:00:00,0.07535378848362972,1,3.0,490.0360108320438,phoenix_usa
2022-04-04 12:00:00,0.07227855946672963,1,3.0,490.0360108320438,phoenix_usa
2022-04-04 13:00:00,0.06932883221552297,1,3.0,490.0360108320438,phoenix_usa
2022-04-04 14:00:00,0.06649948493481798,1,3.0,490.0360108320438,phoenix_usa
2022-04-04 15:00:00,0.06378560485266538,1,3.0,490.0360108320438,phoenix_usa
2022-04-04 16:00:00,0.06118247969000612,1,3.0,490.0360108320438,phoenix_usa
2022-04-04 17:00:00,0.05868558947844784,1,3.0,490.0360108320438,phoenix_usa
2022-04-04 18:00:00,0.05629059871196213,1,3.0,490.0360108320438,phoenix_usa
2022-04-04 19:00:00,0.05399334881887531,1,3.0,490.0360108320438,phoenix_usa
2022-04-04 20:00:00,0.051789850941081336,1,3.0,490.0360108320438,phoenix_usa
2022-04-04 21:00:00,0.04967627900793901,1,3.0,490.0360108320438,phoenix_usa
2022-04-04 22:00:00,0.04764896309282709,0,0.0,500.0,phoenix_usa
2022-04-04 23:00:00,0.04570438304082217,0,0.0,500.0,phoenix_usa
2022-04-05 00:00:00,0.04383916235643432,0,0.0,500.0,phoenix_usa
2022-04-05 01:00:00,0.0420500623407876,0,0.0,500.0,phoenix_usa
2022-04-05 02:00:00,0.04033397646806548,0,0.0,500.0,phoenix_usa
2022-04-05 03:00:00,0.03868792499145648,0,0.0,500.0,phoenix_usa
2022-04-05 04:00:00,0.0371090497692342,0,0.0,500.0,phoenix_usa
2022-04-05 05:00:00,0.03559460930198775,0,0.0,500.0,phoenix_usa
2022-04-05 06:00:00,0.034141973972385505,0,0.0,500.0,phoenix_usa
2022-04-05 07:00:00,0.03274862147920678,0,0.0,500.0,phoenix_usa
2022-04-05 08:00:00,0.03141213245771301,0,0.0,500.0,phoenix_usa
2022-04-05 09:00:00,0.03013018627875408,0,0.0,500.0,phoenix_usa
2022-04-05 10:00:00,0.028900557019315334,0,0.0,500.0,phoenix_usa
2022-04-05 11:00:00,0.027721109597508762,0,0.0,500.0,phoenix_usa
2022-04-05 12:00:00,0.026589796065297346,0,0.0,500.0,phoenix_usa
2022-04-05 13:00:00,0.025504652052515266,0,0.0,500.0,phoenix_usa
2022-04-05 14:00:00,0.02446379335600958,0,0.0,500.0,phoenix_usa
2022-04-05 15:00:00,0.023465412667980978,0,0.0,500.0,phoenix_usa
2022-04-05 16:00:00,0.022507776437842568,0,0.0,500.0,phoenix_usa
2022-04-05 17:00:00,0.02158922186214806,0,0.0,500.0,phoenix_usa
2022-04-05 18:00:00,0.020708153997362533,0,0.0,500.0,phoenix_usa
2022-04-05 19:00:00,0.0198630429904626,0,0.0,500.0,phoenix_usa
2022-04-05 20:00:00,0.019052421422557295,0,0.0,500.0,phoenix_usa
2022-04-05 21:00:00,0.018274881760917246,0,0.0,500.0,phoenix_usa
2022-04-05 22:00:00,0.017529073914987908,0,0.0,500.0,phoenix_usa
2022-04-05 23:00:00,0.016813702892143206,0,0.0,500.0,phoenix_usa
2022-04-06 00:00:00,0.01612752654910919,0,0.0,500.0,phoenix_usa
2022-04-06 01:00:00,0.015469353435153252,0,0.0,500.0,phoenix_usa
2022-04-06 02:00:00,0.01483804072329403,0,0.0,500.0,phoenix_usa
2022-04-06 03:00:00,0.01423249222593969,0,0.0,500.0,phoenix_usa
2022-04-06 04:00:00,0.013651656491509116,0,0.0,500.0,phoenix_usa
2022-04-06 05:00:00,0.013094524978731075,0,0.0,500.0,phoenix_usa
2022-04-06 06:00:00,0.01256013030545111,0,0.0,500.0,phoenix_usa
2022-04-06 07:00:00,0.01204754456890568,0,0.0,500.0,phoenix_usa
2022-04-06 08:00:00,0.01155587773454679,0,0.0,500.0,phoenix_usa
2022-04-06 09:00:00,0.011084276090619512,0,0.0,500.0,phoenix_usa
2022-04-06 10:00:00,0.010631920765809126,0,0.0,500.0,phoenix_usa
2022-04-06 11:00:00,0.01019802630738383,0,0.0,500.0,phoenix_usa
2022-04-06 12:00:00,0.009781839317364207,0,0.0,500.0,phoenix_usa
2022-04-06 13:00:00,0.009382637144351395,0,0.0,500.0,phoenix_usa
2022-04-06 14:00:00,0.008999726628742452,0,0.0,500.0,phoenix_usa
2022-04-06 15:00:00,0.008632442899154128,0,0.0,500.0,phoenix_usa
2022-04-06 16:00:00,0.00828014821796528,0,0.0,500.0,phoenix_usa
2022-04-06 17:00:00,0.007942230873973315,0,0.0,500.0,phoenix_usa
2022-04-06 18:00:00,0.007618104120241901,0,0.0,500.0,phoenix_usa
2022-04-06 19:00:00,0.007307205155295717,0,0.0,500.0,phoenix_usa
2022-04-06 20:00:00,0.007008994145893196,0,0.0,500.0,phoenix_usa
2022-04-06 21:00:00,0.006722953289680422,0,0.0,500.0,phoenix_usa
2022-04-06 22:00:00,0.006448585916098658,0,0.0,500.0,phoenix_usa
2022-04-06 23:00:00,0.0061854156239843075,0,0.0,500.0,phoenix_usa
2022-04-07 00:00:00,0.0059329854543638885,0,0.0,500.0,phoenix_usa
2022-04-07 01:00:00,0.0056908570970077114,0,0.0,500.0,phoenix_usa
2022-04-07 02:00:00,0.005458610129364513,0,0.0,500.0,phoenix_usa
2022-04-07 03:00:00,0.005235841286555591,0,0.0,500.0,phoenix_usa
2022-04-07 04:00:00,0.005022163761160868,0,0.0,500.0,phoenix_usa
2022-04-07 05:00:00,0.004817206531581081,0,0.0,500.0,phoenix_usa
2022-04-07 06:00:00,0.004620613717809851,0,0.0,500.0,phoenix_usa
2022-04-07 07:00:00,0.004432043963497068,0,0.0,500.0,phoenix_usa
2022-04-07 08:00:00,0.004251169843230587,0,0.0,500.0,phoenix_usa
2022-04-07 09:00:00,0.004077677294007085,0,0.0,500.0,phoenix_usa
2022-04-07 10:00:00,0.0039112650699049175,0,0.0,500.0,phoenix_usa
2022-04-07 11:00:00,0.0037516442190120318,0,0.0,500.0,phoenix_usa
2022-04-07 12:00:00,0.003598537581700787,0,0.0,500.0,phoenix_usa
2022-04-07 13:00:00,0.00345167930937841,0,0.0,500.0,phoenix_usa
2022-04-07 14:00:00,0.003310814402877522,0,0.0,500.0,phoenix_usa
2022-04-07 15:00:00,0.003175698269685205,0,0.0,500.0,phoenix_usa
2022-04-07 16:00:00,0.0030460962992417823,0,0.0,500.0,phoenix_usa
2022-04-07 17:00:00,0.002921783455571879,0,0.0,500.0,phoenix_usa
2022-04-07 18:00:00,0.0028025438865404524,0,0.0,500.0,phoenix_usa
2022-04-07 19:00:00,0.0026881705490552714,0,0.0,500.0,phoenix_usa
2022-04-07 20:00:00,0.0025784648495650996,0,0.0,500.0,phoenix_usa
2022-04-07 21:00:00,0.0024732362992293433,0,0.0,500.0,phoenix_usa
2022-04-07 22:00:00,0.0023723021831604085,0,0.0,500.0,phoenix_usa
2022-04-07 23:00:00,0.002275487243164455,0,0.0,500.0,phoenix_usa
2022-04-08 00:00:00,0.0021826233734296833,0,0.0,500.0,phoenix_usa
2022-04-08 01:00:00,0.002093549328633734,0,0.0,500.0,phoenix_usa
2022-04-08 02:00:00,0.0020081104439633912,0,0.0,500.0,phoenix_usa
2022-04-08 03:00:00,0.001926158366560436,0,0.0,500.0,phoenix_usa
2022-04-08 04:00:00,0.0018475507979273293,0,0.0,500.0,phoenix_usa
2022-04-08 05:00:00,0.00177215124684547,0,0.0,500.0,phoenix_usa
2022-04-08 06:00:00,0.0016998287923769887,0,0.0,500.0,phoenix_usa
2022-04-08 07:00:00,0.001630457856538566,0,0.0,500.0,phoenix_usa
2022-04-08 08:00:00,0.0015639179862525557,0,0.0,500.0,phoenix_usa
2022-04-08 09:00:00,0.0015000936441968056,0,0.0,500.0,phoenix_usa
2022-04-08 10:00:00,0.0014388740081900033,0,0.0,500.0,phoenix_usa
2022-04-08 11:00:00,0.0013801527787642184,0,0.0,500.0,phoenix_usa
2022-04-08 12:00:00,0.001323827994590519,0,0.0,500.0,phoenix_usa
2022-04-08 13:00:00,0.0012698018554371596,0,0.0,500.0,phoenix_usa
2022-04-08 14:00:00,0.001217980552352945,0,0.0,500.0,phoenix_usa
2022-04-08 15:00:00,0.0011682741047809098,0,0.0,500.0,phoenix_usa
2022-04-08 16:00:00,0.0011205962043194654,0,0.0,500.0,phoenix_usa
2022-04-08 17:00:00,0.0010748640648597485,0,0.0,500.0,phoenix_usa
2022-04-08 18:00:00,0.0010309982788389439,0,0.0,500.0,phoenix_usa
2022-04-08 19:00:00,0.0009889226793599827,0,0.0,500.0,phoenix_usa
2022-04-08 20:00:00,0.0009485642079382157,0,0.0,500.0,phoenix_usa
2022-04-08 21:00:00,0.0009098527876454169,0,0.0,500.0,phoenix_usa
2022-04-08 22:00:00,0.0008727212014308438,0,0.0,500.0,phoenix_usa
2022-04-08 23:00:00,0.0008371049754080855,0,0.0,500.0,phoenix_usa
2022-04-09 00:00:00,0.0008029422669050401,0,0.0,500.0,phoenix_usa
2022-04-09 01:00:00,0.0007701737570826264,0,0.0,500.0,phoenix_usa
2022-04-09 02:00:00,0.0007387425479357894,0,0.0,500.0,phoenix_usa
2022-04-09 03:00:00,0.0007085940634979515,0,0.0,500.0,phoenix_usa
2022-04-09 04:00:00,0.0006796759550773583,0,0.0,500.0,phoenix_usa
2022-04-09 05:00:00,0.0006519380103607862,0,0.0,500.0,phoenix_usa
2022-04-09 06:00:00,0.0006253320662267742,0,0.0,500.0,phoenix_usa
2022-04-09 07:00:00,0.0005998119251169954,0,0.0,500.0,phoenix_usa
2022-04-09 08:00:00,0.0005753332748205575,0,0.0,500.0,phoenix_usa
2022-04-09 09:00:00,0.0005518536115319534,0,0.0,500.0,phoenix_usa
2022-04-09 10:00:00,0.0005293321660490517,0,0.0,500.0,phoenix_usa
2022-04-09 11:00:00,0.0005077298329829938,0,0.0,500.0,phoenix_usa
2022-04-09 12:00:00,0.0004870091028570714,0,0.0,500.0,phoenix_usa
2022-04-09 13:00:00,0.0004671339969766828,0,0.0,500.0,phoenix_usa
2022-04-09 14:00:00,0.000448070004957286,0,0.0,500.0,phoenix_usa
2022-04-09 15:00:00,0.00042978402480186814,0,0.0,500.0,phoenix_usa
2022-04-09 16:00:00,0.00041224430542388435,0,0.0,500.0,phoenix_usa
2022-04-09 17:00:00,0.0003954203915158693,0,0.0,500.0,phoenix_usa
2022-04-09 18:00:00,0.00037928307066798953,0,0.0,500.0,phoenix_usa
2022-04-09 19:00:00,0.0003638043226447158,0,0.0,500.0,phoenix_usa
2022-04-09 20:00:00,0.0003489572707315426,0,0.0,500.0,phoenix_usa
2022-04-09 21:00:00,0.000334716135067275,0,0.0,500.0,phoenix_usa
2022-04-09 22:00:00,0.0003210561878808485,0,0.0,500.0,phoenix_usa
2022-04-09 23:00:00,0.0003079537105549605,0,0.0,500.0,phoenix_usa
2022-04-10 00:00:00,0.0002953859524419573,0,0.0,500.0,phoenix_usa
2022-04-10 01:00:00,0.0002833310913604667,0,0.0,500.0,phoenix_usa
2022-04-10 02:00:00,0.00027176819570418564,0,0.0,500.0,phoenix_usa
2022-04-10 03:00:00,0.00026067718809702793,0,0.0,500.0,phoenix_usa
2022-04-10 04:00:00,0.00025003881053152493,0,0.0,500.0,phoenix_usa
2022-04-10 05:00:00,0.000239834590929948,0,0.0,500.0,phoenix_usa
2022-04-10 06:00:00,0.00023004681107008905,0,0.0,500.0,phoenix_usa
2022-04-10 07:00:00,0.5830443803195041,1,3.09,405.57881516598934,phoenix_usa
2022-04-10 08:00:00,0.5592500226291992,1,3.09,405.57881516598934,phoenix_usa
2022-04-10 09:00:00,0.5364267255939749,1,3.09,405.57881516598934,phoenix_usa
2022-04-10 10:00:00,0.5145348597013174,1,3.09,405.57881516598934,phoenix_usa
2022-04-10 11:00:00,0.4935364127406331,1,3.09,405.57881516598934,phoenix_usa
2022-04-10 12:00:00,0.4733949238002795,1,3.09,405.57881516598934,phoenix_usa
2022-04-10 13:00:00,0.4540754199582118,1,3.09,405.57881516598934,phoenix_usa
2022-04-10 14:00:00,0.4355443555563212,1,3.09,405.57881516598934,phoenix_usa
2022-04-10 15:00:00,0.41776955395301724,1,3.09,405.57881516598934,phoenix_usa
2022-04-10 16:00:00,0.40072015165292135,1,3.09,405.57881516598934,phoenix_usa
2022-04-10 17:00:00,0.38436654471665715,1,3.09,405.57881516598934,phoenix_usa
2022-04-10 18:00:00,0.3686803373576857,1,3.09,405.57881516598934,phoenix_usa
2022-04-10 19:00:00,0.3536342926369325,1,3.09,405.57881516598934,phoenix_usa
2022-04-10 20:00:00,0.3392022851695934,1,3.09,405.57881516598934,phoenix_usa
2022-04-10 21:00:00,0.32535925576200136,1,3.09,405.57881516598934,phoenix_usa
2022-04-10 22:00:00,0.3120811678997873,1,3.09,405.57881516598934,phoenix_usa
2022-04-10 23:00:00,0.2993449660117828,1,3.09,405.57881516598934,phoenix_usa
2022-04-11 00:00:00,0.2871285354371953,1,3.09,405.57881516598934,phoenix_usa
2022-04-11 01:00:00,0.2754106640265454,1,3.09,405.57881516598934,phoenix_usa
2022-04-11 02:00:00,0.26417100530968923,1,3.09,405.57881516598934,phoenix_usa
2022-04-11 03:00:00,0.25339004316697616,1,3.09,405.57881516598934,phoenix_usa
2022-04-11 04:00:00,0.24304905794219295,1,3.09,405.57881516598934,phoenix_usa
2022-04-11 05:00:00,0.2331300939384595,1,3.09,405.57881516598934,phoenix_usa
2022-04-11 06:00:00,0.22361592824063337,1,3.09,405.57881516598934,phoenix_usa
2022-04-11 07:00:00,0.21449004081008913,0,0.0,500.0,phoenix_usa
2022-04-11 08:00:00,0.20573658579994625,0,0.0,500.0,phoenix_usa
2022-04-11 09:00:00,0.19734036404093808,0,0.0,500.0,phoenix_usa
2022-04-11 10:00:00,0.18928679665014705,0,0.0,500.0,phoenix_usa
2022-04-11 11:00:00,0.1815618997167824,0,0.0,500.0,phoenix_usa
2022-04-11 12:00:00,0.1741522600210443,0,0.0,500.0,phoenix_usa
2022-04-11 13:00:00,0.16704501174391498,0,0.0,500.0,phoenix_usa
2022-04-11 14:00:00,0.16022781412743545,0,0.0,500.0,phoenix_usa
2022-04-11 15:00:00,0.15368883004667871,0,0.0,500.0,phoenix_usa
2022-04-11 16:00:00,0.14741670545621233,0,0.0,500.0,phoenix_usa
2022-04-11 17:00:00,0.14140054967536206,0,0.0,500.0,phoenix_usa
2022-04-11 18:00:00,0.13562991647804426,0,0.0,500.0,phoenix_usa
2022-04-11 19:00:00,0.13009478595433302,0,0.0,500.0,phoenix_usa
2022-04-11 20:00:00,0.1247855471122662,0,0.0,500.0,phoenix_usa
2022-04-11 21:00:00,0.11969298118968143,0,0.0,500.0,phoenix_usa
2022-04-11 22:00:00,0.11480824564710482,0,0.0,500.0,phoenix_usa
2022-04-11 23:00:00,0.11012285881389905,0,0.0,500.0,phoenix_usa
2022-04-12 00:00:00,1.1699587781215408,1,3.24,333.4944548521235,phoenix_usa
2022-04-12 01:00:00,1.1222121252264714,1,3.24,333.4944548521235,phoenix_usa
2022-04-12 02:00:00,1.0764140391572712,1,3.24,333.4944548521235,phoenix_usa
2022-04-12 03:00:00,1.0324849978439177,1,3.24,333.4944548521235,phoenix_usa
2022-04-12 04:00:00,0.990348724555237,1,3.24,333.4944548521235,phoenix_usa
2022-04-12 05:00:00,0.9499320554548654,1,3.24,333.4944548521235,phoenix_usa
2022-04-12 06:00:00,0.91116481256232,1,3.24,333.4944548521235,phoenix_usa
2022-04-12 07:00:00,0.8739796818986013,1,3.24,333.4944548521235,phoenix_usa
2022-04-12 08:00:00,0.8383120966047366,1,3.24,333.4944548521235,phoenix_usa
2022-04-12 09:00:00,0.8041001248303209,1,3.24,333.4944548521235,phoenix_usa
2022-04-12 10:00:00,0.7712843621973857,1,3.24,333.4944548521235,phoenix_usa
2022-04-12 11:00:00,0.7398078286528784,1,3.24,333.4944548521235,phoenix_usa
2022-04-12 12:00:00,0.7096158695306447,1,3.24,333.4944548521235,phoenix_usa
2022-04-12 13:00:00,0.680656060651128,1,3.24,333.4944548521235,phoenix_usa
2022-04-12 14:00:00,0.6528781172940002,1,3.24,333.4944548521235,phoenix_usa
2022-04-12 15:00:00,0.6262338068856682,1,3.24,333.4944548521235,phoenix_usa
2022-04-12 16:00:00,0.600676865250053,1,3.24,333.4944548521235,phoenix_usa
2022-04-12 17:00:00,0.5761629162772173,1,3.24,333.4944548521235,phoenix_usa
2022-04-12 18:00:00,0.5526493948703618,1,3.24,333.4944548521235,phoenix_usa
2022-04-12 19:00:00,0.5300954730373961,1,3.24,333.4944548521235,phoenix_usa
2022-04-12 20:00:00,0.5084619889987518,1,3.24,333.4944548521235,phoenix_usa
2022-04-12 21:00:00,0.4877113791883453,1,3.24,333.4944548521235,phoenix_usa
2022-04-12 22:00:00,0.46780761302961793,1,3.24,333.4944548521235,phoenix_usa
2022-04-12 23:00:00,0.4487161303734011,1,3.24,333.4944548521235,phoenix_usa
2022-04-13 00:00:00,0.43040378148897585,0,0.0,500.0,phoenix_usa
2022-04-13 01:00:00,0.4128387695041309,0,0.0,500.0,phoenix_usa
2022-04-13 02:00:00,0.395990595194272,0,0.0,500.0,phoenix_usa
2022-04-13 03:00:00,0.3798300040247181,0,0.0,500.0,phoenix_usa
2022-04-13 04:00:00,0.3643289353542313,0,0.0,500.0,phoenix_usa
2022-04-13 05:00:00,0.34946047371157535,0,0.0,500.0,phoenix_usa
2022-04-13 06:00:00,0.33519880206050817,0,0.0,500.0,phoenix_usa
2022-04-13 07:00:00,0.32151915697205236,0,0.0,500.0,phoenix_usa
2022-04-13 08:00:00,0.3083977856262106,0,0.0,500.0,phoenix_usa
2022-04-13 09:00:00,0.2958119045684654,0,0.0,500.0,phoenix_usa
2022-04-13 10:00:00,0.2837396601494465,0,0.0,500.0,phoenix_usa
2022-04-13 11:00:00,0.272160090579079,0,0.0,500.0,phoenix_usa
2022-04-13 12:00:00,0.2610530895293206,0,0.0,500.0,phoenix_usa
2022-04-13 13:00:00,0.2503993712222923,0,0.0,500.0,phoenix_usa
2022-04-13 14:00:00,0.24018043694318011,0,0.0,500.0,phoenix_usa
2022-04-13 15:00:00,0.23037854291976456,0,0.0,500.0,phoenix_usa
2022-04-13 16:00:00,0.22097666951280331,0,0.0,500.0,phoenix_usa
2022-04-13 17:00:00,0.21195849166377118,0,0.0,500.0,phoenix_usa
2022-04-13 18:00:00,0.20330835054864455,0,0.0,500.0,phoenix_usa
2022-04-13 19:00:00,0.19501122638850868,0,0.0,500.0,phoenix_usa
2022-04-13 20:00:00,0.18705271236978088,0,0.0,500.0,phoenix_usa
2022-04-13 21:00:00,0.17941898962876193,0,0.0,500.0,phoenix_usa
2022-04-13 22:00:00,0.17209680325708226,0,0.0,500.0,phoenix_usa
2022-04-13 23:00:00,0.16507343928637888,0,0.0,500.0,phoenix_usa
2022-04-14 00:00:00,0.15833670261224,0,0.0,500.0,phoenix_usa
2022-04-14 01:00:00,0.1518748958190856,0,0.0,500.0,phoenix_usa
2022-04-14 02:00:00,0.14567679886921564,0,0.0,500.0,phoenix_usa
2022-04-14 03:00:00,0.13973164962076,0,0.0,500.0,phoenix_usa
2022-04-14 04:00:00,0.13402912514070112,0,0.0,500.0,phoenix_usa
2022-04-14 05:00:00,0.1285593237805219,0,0.0,500.0,phoenix_usa
2022-04-14 06:00:00,0.12331274798335666,0,0.0,500.0,phoenix_usa
2022-04-14 07:00:00,0.11828028779279187,0,0.0,500.0,phoenix_usa
2022-04-14 08:00:00,0.1134532050346807,0,0.0,500.0,phoenix_usa
2022-04-14 09:00:00,0.10882311814450708,0,0.0,500.0,phoenix_usa
2022-04-14 10:00:00,0.10438198761395337,0,0.0,500.0,phoenix_usa
2022-04-14 11:00:00,0.10012210203140073,0,0.0,500.0,phoenix_usa
2022-04-14 12:00:00,0.09603606469212497,0,0.0,500.0,phoenix_usa
2022-04-14 13:00:00,0.09211678075493746,0,0.0,500.0,phoenix_usa
2022-04-14 14:00:00,0.08835744492296997,0,0.0,500.0,phoenix_usa
2022-04-14 15:00:00,0.08475152962721412,0,0.0,500.0,phoenix_usa
2022-04-14 16:00:00,0.08129277369229657,0,0.0,500.0,phoenix_usa
2022-04-14 17:00:00,0.07797517146480998,0,0.0,500.0,phoenix_usa
2022-04-14 18:00:00,0.07479296238532303,0,0.0,500.0,phoenix_usa
2022-04-14 19:00:00,0.0717406209859622,0,0.0,500.0,phoenix_usa
2022-04-14 20:00:00,0.06881284729619754,0,0.0,500.0,phoenix_usa
2022-04-14 21:00:00,0.06600455764017372,0,0.0,500.0,phoenix_usa
2022-04-14 22:00:00,0.06331087580960706,0,0.0,500.0,phoenix_usa
2022-04-14 23:00:00,0.06072712459692109,0,0.0,500.0,phoenix_usa
2022-04-15 00:00:00,0.058248817673919706,0,0.0,500.0,phoenix_usa
2022-04-15 01:00:00,0.05587165180189621,0,0.0,500.0,phoenix_usa
2022-04-15 02:00:00,0.05359149935965161,0,0.0,500.0,phoenix_usa
2022-04-15 03:00:00,0.051404401176448955,0,0.0,500.0,phoenix_usa
2022-04-15 04:00:00,0.04930655965745843,0,0.0,500.0,phoenix_usa
2022-04-15 05:00:00,0.20865683353596604,1,4.53,481.82640544807197,phoenix_usa
2022-04-15 06:00:00,0.20014143488147507,1,4.53,481.82640544807197,phoenix_usa
2022-04-15 07:00:00,0.19197355426900603,1,4.53,481.82640544807197,phoenix_usa
2022-04-15 08:00:00,0.18413900929859953,1,4.53,481.82640544807197,phoenix_usa
2022-04-15 09:00:00,0.17662419636173823,1,4.53,481.82640544807197,phoenix_usa
2022-04-15 10:00:00,0.16941606702055353,1,4.53,481.82640544807197,phoenix_usa
2022-04-15 11:00:00,0.1625021053510101,1,4.53,481.82640544807197,phoenix_usa
2022-04-15 12:00:00,0.1558703062107274,1,4.53,481.82640544807197,phoenix_usa
2022-04-15 13:00:00,0.14950915439370271,1,4.53,481.82640544807197,phoenix_usa
2022-04-15 14:00:00,0.14340760463574204,1,4.53,481.82640544807197,phoenix_usa
2022-04-15 15:00:00,0.13755506243587934,1,4.53,481.82640544807197,phoenix_usa
2022-04-15 16:00:00,0.1319413656604847,1,4.53,481.82640544807197,phoenix_usa
2022-04-15 17:00:00,0.12655676689811862,1,4.53,481.82640544807197,phoenix_usa
2022-04-15 18:00:00,0.12139191653449413,1,4.53,481.82640544807197,phoenix_usa
2022-04-15 19:00:00,0.11643784651815926,1,4.53,481.82640544807197,phoenix_usa
2022-04-15 20:00:00,0.11168595478871032,1,4.53,481.82640544807197,phoenix_usa
2022-04-15 21:00:00,0.1071279903404988,1,4.53,481.82640544807197,phoenix_usa
2022-04-15 22:00:00,0.10275603889589606,1,4.53,481.82640544807197,phoenix_usa
2022-04-15 23:00:00,0.09856250916324003,1,4.53,481.82640544807197,phoenix_usa
2022-04-16 00:00:00,0.09454011965560266,1,4.53,481.82640544807197,phoenix_usa
2022-04-16 01:00:00,0.09068188604749047,1,4.53,481.82640544807197,phoenix_usa
2022-04-16 02:00:00,0.08698110904752512,1,4.53,481.82640544807197,phoenix_usa
2022-04-16 03:00:00,0.08343136276604636,1,4.53,481.82640544807197,phoenix_usa
2022-04-16 04:00:00,0.08002648355743956,1,4.53,481.82640544807197,phoenix_usa
2022-04-16 05:00:00,0.07676055931781384,0,0.0,500.0,phoenix_usa
2022-04-16 06:00:00,0.07362791921944767,0,0.0,500.0,phoenix_usa
2022-04-16 07:00:00,0.07062312386417748,0,0.0,500.0,phoenix_usa
2022-04-16 08:00:00,0.06774095583863181,0,0.0,500.0,phoenix_usa
2022-04-16 09:00:00,0.06497641065491135,0,0.0,500.0,phoenix_usa
2022-04-16 10:00:00,0.062324688060984845,0,0.0,500.0,phoenix_usa
2022-04-16 11:00:00,0.05978118370571245,0,0.0,500.0,phoenix_usa
2022-04-16 12:00:00,0.05734148114402398,0,0.0,500.0,phoenix_usa
2022-04-16 13:00:00,0.055001344168370235,0,0.0,500.0,phoenix_usa
2022-04-16 14:00:00,0.05275670945313191,0,0.0,500.0,phoenix_usa
2022-04-16 15:00:00,0.050603679499214155,0,0.0,500.0,phoenix_usa
2022-04-16 16:00:00,0.04853851586657603,0,0.0,500.0,phoenix_usa
2022-04-16 17:00:00,0.04655763268294438,0,0.0,500.0,phoenix_usa
2022-04-16 18:00:00,0.04465759041744009,0,0.0,500.0,phoenix_usa
2022-04-16 19:00:00,0.042835089908306596,0,0.0,500.0,phoenix_usa
2022-04-16 20:00:00,0.04108696663436973,0,0.0,500.0,phoenix_usa
2022-04-16 21:00:00,0.03941018522028238,0,0.0,500.0,phoenix_usa
2022-04-16 22:00:00,0.03780183416601323,0,0.0,500.0,phoenix_usa
2022-04-16 23:00:00,0.036259120791427915,0,0.0,500.0,phoenix_usa
2022-04-17 00:00:00,0.034779366387184395,0,0.0,500.0,phoenix_usa
2022-04-17 01:00:00,0.033360001563523214,0,0.0,500.0,phoenix_usa
2022-04-17 02:00:00,0.03199856178887584,0,0.0,500.0,phoenix_usa
2022-04-17 03:00:00,0.030692683110545023,0,0.0,500.0,phoenix_usa
2022-04-17 04:00:00,0.02944009805002649,0,0.0,500.0,phoenix_usa
2022-04-17 05:00:00,0.028238631665844706,0,0.0,500.0,phoenix_usa
2022-04-17 06:00:00,0.665270691032153,1,3.77,414.08239129582734,phoenix_usa
2022-04-17 07:00:00,0.638120632961752,1,3.77,414.08239129582734,phoenix_usa
2022-04-17 08:00:00,0.6120785835007224,1,3.77,414.08239129582734,phoenix_usa
2022-04-17 09:00:00,0.5870993242161883,1,3.77,414.08239129582734,phoenix_usa
2022-04-17 10:00:00,0.5631394820640675,1,3.77,414.08239129582734,phoenix_usa
2022-04-17 11:00:00,0.5401574540777542,1,3.77,414.08239129582734,phoenix_usa
2022-04-17 12:00:00,0.5181133351302953,1,3.77,414.08239129582734,phoenix_usa
2022-04-17 13:00:00,0.496968848644633,1,3.77,414.08239129582734,phoenix_usa
2022-04-17 14:00:00,0.47668728013159894,1,3.77,414.08239129582734,phoenix_usa
2022-04-17 15:00:00,0.45723341344026003,1,3.77,414.08239129582734,phoenix_usa
2022-04-17 16:00:00,0.43857346960992116,1,3.77,414.08239129582734,phoenix_usa
2022-04-17 17:00:00,0.42067504821761137,1,3.77,414.08239129582734,phoenix_usa
2022-04-17 18:00:00,0.40350707111921136,1,3.77,414.08239129582734,phoenix_usa
2022-04-17 19:00:00,0.3870397284865346,1,3.77,414.08239129582734,phoenix_usa
2022-04-17 20:00:00,0.3712444270466673,1,3.77,414.08239129582734,phoenix_usa
2022-04-17 21:00:00,0.35609374043368597,1,3.77,414.08239129582734,phoenix_usa
2022-04-17 22:00:00,0.34156136156654965,1,3.77,414.08239129582734,phoenix_usa
2022-04-17 23:00:00,0.32762205697047675,1,3.77,414.08239129582734,phoenix_usa
2022-04-18 00:00:00,0.31425162296249076,1,3.77,414.08239129582734,phoenix_usa
2022-04-18 01:00:00,0.30142684362505706,1,3.77,414.08239129582734,phoenix_usa
2022-04-18 02:00:00,0.28912545049483956,1,3.77,414.08239129582734,phoenix_usa
2022-04-18 03:00:00,0.2773260838965802,1,3.77,414.08239129582734,phoenix_usa
2022-04-18 04:00:00,0.2660082558549641,1,3.77,414.08239129582734,phoenix_usa
2022-04-18 05:00:00,0.2551523145200717,1,3.77,414.08239129582734,phoenix_usa
2022-04-18 06:00:00,0.2447394100446477,0,0.0,500.0,phoenix_usa
2022-04-18 07:00:00,0.23475146185393628,0,0.0,500.0,phoenix_usa
2022-04-18 08:00:00,0.2251711272512538,0,0.0,500.0,phoenix_usa
2022-04-18 09:00:00,0.21598177130478274,0,0.0,500.0,phoenix_usa
2022-04-18 10:00:00,0.2071674379633046,0,0.0,500.0,phoenix_usa
2022-04-18 11:00:00,0.19871282235071325,0,0.0,500.0,phoenix_usa
2022-04-18 12:00:00,0.19060324419120525,0,0.0,500.0,phoenix_usa
2022-04-18 13:00:00,0.18282462231900265,0,0.0,500.0,phoenix_usa
2022-04-18 14:00:00,0.1753634502283474,0,0.0,500.0,phoenix_usa
2022-04-18 15:00:00,0.16820677262131395,0,0.0,500.0,phoenix_usa
2022-04-18 16:00:00,0.16134216291271838,0,0.0,500.0,phoenix_usa
2022-04-18 17:00:00,0.15475770165306443,0,0.0,500.0,phoenix_usa
2022-04-18 18:00:00,0.14844195583206085,0,0.0,500.0,phoenix_usa
2022-04-18 19:00:00,0.14238395902677314,0,0.0,500.0,phoenix_usa
2022-04-18 20:00:00,0.13657319235994028,0,0.0,500.0,phoenix_usa
2022-04-18 21:00:00,0.13099956623539302,0,0.0,500.0,phoenix_usa
2022-04-18 22:00:00,0.12565340281885923,0,0.0,500.0,phoenix_usa
2022-04-18 23:00:00,1.3015782242530565,1,3.31,318.54121616055016,phoenix_usa
2022-04-19 00:00:00,1.2484601103063653,1,3.31,318.54121616055016,phoenix_usa
2022-04-19 01:00:00,1.1975097754271773,1,3.31,318.54121616055016,phoenix_usa
2022-04-19 02:00:00,1.1486387513748801,1,3.31,318.54121616055016,phoenix_usa
2022-04-19 03:00:00,1.1017621803457898,1,3.31,318.54121616055016,phoenix_usa
2022-04-19 04:00:00,1.0567986676292582,1,3.31,318.54121616055016,phoenix_usa
2022-04-19 05:00:00,1.0136701402769692,1,3.31,318.54121616055016,phoenix_usa
2022-04-19 06:00:00,0.9723017115400097,1,3.31,318.54121616055016,phoenix_usa
2022-04-19 07:00:00,0.932621550838348,1,3.31,318.54121616055016,phoenix_usa
2022-04-19 08:00:00,0.8945607590369173,1,3.31,318.54121616055016,phoenix_usa
2022-04-19 09:00:00,0.8580532488117595,1,3.31,318.54121616055016,phoenix_usa
2022-04-19 10:00:00,0.8230356298984837,1,3.31,318.54121616055016,phoenix_usa
2022-04-19 11:00:00,0.7894470990238042,1,3.31,318.54121616055016,phoenix_usa
2022-04-19 12:00:00,0.7572293343290267,1,3.31,318.54121616055016,phoenix_usa
2022-04-19 13:00:00,0.7263263941021734,1,3.31,318.54121616055016,phoenix_usa
2022-04-19 14:00:00,0.6966846196429016,1,3.31,318.54121616055016,phoenix_usa
2022-04-19 15:00:00,0.6682525420915612,1,3.31,318.54121616055016,phoenix_usa
2022-04-19 16:00:00,0.6409807930606062,1,3.31,318.54121616055016,phoenix_usa
2022-04-19 17:00:00,0.6148220189131876,1,3.31,318.54121616055016,phoenix_usa
2022-04-19 18:00:00,0.5897307985400847,1,3.31,318.54121616055016,phoenix_usa
2022-04-19 19:00:00,0.5656635644922025,1,3.31,318.54121616055016,phoenix_usa
2022-04-19 20:00:00,0.5425785273316955,1,3.31,318.54121616055016,phoenix_usa
2022-04-19 21:00:00,3.010001237470429,3,3.72,318.54121616055016,phoenix_usa
2022-04-19 22:00:00,2.8871614528670952,3,3.72,318.54121616055016,phoenix_usa
2022-04-19 23:00:00,2.7693348265620203,2,3.72,326.04919385310836,phoenix_usa
2022-04-20 00:00:00,2.656316768843453,2,3.72,326.04919385310836,phoenix_usa
2022-04-20 01:00:00,2.5479110394168516,2,3.72,326.04919385310836,phoenix_usa
2022-04-20 02:00:00,2.44392940666063,2,3.72,326.04919385310836,phoenix_usa
2022-04-20 03:00:00,2.344191320787868,2,3.72,326.04919385310836,phoenix_usa
2022-04-20 04:00:00,3.389211348187134,3,3.72,326.04919385310836,phoenix_usa
2022-04-20 05:00:00,3.2508957930957476,3,3.72,326.04919385310836,phoenix_usa
2022-04-20 06:00:00,4.27458458294922,4,3.72,325.6393706081139,phoenix_usa
2022-04-20 07:00:00,4.100136465486155,4,3.72,325.6393706081139,phoenix_usa
2022-04-20 08:00:00,3.932807670403046,4,3.72,325.6393706081139,phoenix_usa
2022-04-20 09:00:00,3.772307654288552,4,3.72,325.6393706081139,phoenix_usa
2022-04-20 10:00:00,3.6183577309656827,4,3.72,325.6393706081139,phoenix_usa
2022-04-20 11:00:00,3.4706905875916263,4,3.72,325.6393706081139,phoenix_usa
2022-04-20 12:00:00,3.3290498205058077,4,3.72,325.6393706081139,phoenix_usa
2022-04-20 13:00:00,3.1931894900202398,4,3.72,325.6393706081139,phoenix_usa
2022-04-20 14:00:00,3.062873693379119,4,3.72,325.6393706081139,phoenix_usa
2022-04-20 15:00:00,2.9378761551461787,4,3.72,325.6393706081139,phoenix_usa
2022-04-20 16:00:00,2.8179798343085456,4,3.72,325.6393706081139,phoenix_usa
2022-04-20 17:00:00,2.7029765474149126,4,3.72,325.6393706081139,phoenix_usa
2022-04-20 18:00:00,2.5926666070936424,4,3.72,325.6393706081139,phoenix_usa
2022-04-20 19:00:00,2.4868584753231424,4,3.72,325.6393706081139,phoenix_usa
2022-04-20 20:00:00,2.385368430852464,4,3.72,325.6393706081139,phoenix_usa
2022-04-20 21:00:00,2.2880202501946516,2,3.41,325.6393706081139,phoenix_usa
2022-04-20 22:00:00,2.194644901638923,2,3.41,325.6393706081139,phoenix_usa
2022-04-20 23:00:00,2.105080251750376,2,3.41,325.6393706081139,phoenix_usa
2022-04-21 00:00:00,3.144753657304843,3,3.41,325.6393706081139,phoenix_usa
2022-04-21 01:00:00,3.0164145532922095,3,3.41,325.6393706081139,phoenix_usa
2022-04-21 02:00:00,2.8933130377884577,3,3.41,325.6393706081139,phoenix_usa
2022-04-21 03:00:00,2.7752353619631025,3,3.41,325.6393706081139,phoenix_usa
2022-04-21 04:00:00,2.6619765001914706,2,3.41,325.6393706081139,phoenix_usa
2022-04-21 05:00:00,2.5533397940559404,2,3.41,325.6393706081139,phoenix_usa
2022-04-21 06:00:00,2.449136610875676,1,3.25,325.9645166197631,phoenix_usa
2022-04-21 07:00:00,2.3491860161719544,1,3.25,325.9645166197631,phoenix_usa
2022-04-21 08:00:00,2.253314459500356,1,3.25,325.9645166197631,phoenix_usa
2022-04-21 09:00:00,2.161355473104318,1,3.25,325.9645166197631,phoenix_usa
2022-04-21 10:00:00,2.073149382866795,1,3.25,325.9645166197631,phoenix_usa
2022-04-21 11:00:00,1.9885430310581462,1,3.25,325.9645166197631,phoenix_usa
2022-04-21 12:00:00,1.9073895103988234,1,3.25,325.9645166197631,phoenix_usa
2022-04-21 13:00:00,1.8295479089751123,1,3.25,325.9645166197631,phoenix_usa
2022-04-21 14:00:00,1.754883065564997,1,3.25,325.9645166197631,phoenix_usa
2022-04-21 15:00:00,1.6832653349493094,1,3.25,325.9645166197631,phoenix_usa
2022-04-21 16:00:00,1.61457036280066,1,3.25,325.9645166197631,phoenix_usa
2022-04-21 17:00:00,1.5486788697592693,1,3.25,325.9645166197631,phoenix_usa
2022-04-21 18:00:00,1.485476444320787,1,3.25,325.9645166197631,phoenix_usa
2022-04-21 19:00:00,2.680907751208336,2,3.62,325.9645166197631,phoenix_usa
2022-04-21 20:00:00,2.5714984504412044,2,3.62,325.9645166197631,phoenix_usa
2022-04-21 21:00:00,2.4665542026356886,2,3.62,325.9645166197631,phoenix_usa
2022-04-21 22:00:00,2.3658927865563895,2,3.62,325.9645166197631,phoenix_usa
2022-04-21 23:00:00,2.2693394175154493,2,3.62,325.9645166197631,phoenix_usa
2022-04-22 00:00:00,2.1767264438830116,1,3.62,326.37173022079776,phoenix_usa
2022-04-22 01:00:00,2.087893055983251,1,3.62,326.37173022079776,phoenix_usa
2022-04-22 02:00:00,2.0026850068705135,1,3.62,326.37173022079776,phoenix_usa
2022-04-22 03:00:00,1.920954344500739,1,3.62,326.37173022079776,phoenix_usa
2022-04-22 04:00:00,1.8425591548331042,1,3.62,326.37173022079776,phoenix_usa
2022-04-22 05:00:00,1.767363315415838,1,3.62,326.37173022079776,phoenix_usa
2022-04-22 06:00:00,1.6952362590283239,1,3.62,326.37173022079776,phoenix_usa
2022-04-22 07:00:00,1.6260527469691044,1,3.62,326.37173022079776,phoenix_usa
2022-04-22 08:00:00,1.5596926515961183,1,3.62,326.37173022079776,phoenix_usa
2022-04-22 09:00:00,1.496040747741593,1,3.62,326.37173022079776,phoenix_usa
2022-04-22 10:00:00,1.4349865126394077,1,3.62,326.37173022079776,phoenix_usa
2022-04-22 11:00:00,1.3764239340175286,1,3.62,326.37173022079776,phoenix_usa
2022-04-22 12:00:00,1.3202513260222977,1,3.62,326.37173022079776,phoenix_usa
2022-04-22 13:00:00,1.2663711526549475,1,3.62,326.37173022079776,phoenix_usa
2022-04-22 14:00:00,1.2146898584137724,1,3.62,326.37173022079776,phoenix_usa
2022-04-22 15:00:00,1.1651177058478825,1,3.62,326.37173022079776,phoenix_usa
2022-04-22 16:00:00,1.1175686197404748,1,3.62,326.37173022079776,phoenix_usa
2022-04-22 17:00:00,1.071960037651075,1,3.62,326.37173022079776,phoenix_usa
2022-04-22 18:00:00,1.0282127665572258,1,3.62,326.37173022079776,phoenix_usa
2022-04-22 19:00:00,0.9862508453467105,0,0.0,500.0,phoenix_usa
2022-04-22 20:00:00,0.94600141292154,0,0.0,500.0,phoenix_usa
2022-04-22 21:00:00,0.9073945816846896,0,0.0,500.0,phoenix_usa
2022-04-22 22:00:00,0.8703633161899109,0,0.0,500.0,phoenix_usa
2022-04-22 23:00:00,0.8348433167439098,0,0.0,500.0,phoenix_usa
2022-04-23 00:00:00,0.8007729077587833,0,0.0,500.0,phoenix_usa
2022-04-23 01:00:00,0.7680929306608532,0,0.0,500.0,phoenix_usa
2022-04-23 02:00:00,0.7367466411699508,0,0.0,500.0,phoenix_usa
2022-04-23 03:00:00,0.706679610770786,0,0.0,500.0,phoenix_usa
2022-04-23 04:00:00,0.6778396322053275,0,0.0,500.0,phoenix_usa
2022-04-23 05:00:00,0.6501766288220859,0,0.0,500.0,phoenix_usa
2022-04-23 06:00:00,0.6236425676249062,0,0.0,500.0,phoenix_usa
2022-04-23 07:00:00,0.5981913758702827,0,0.0,500.0,phoenix_usa
2022-04-23 08:00:00,0.573778861068385,0,0.0,500.0,phoenix_usa
2022-04-23 09:00:00,0.5503626342488839,0,0.0,500.0,phoenix_usa
2022-04-23 10:00:00,0.5279020363583421,0,0.0,500.0,phoenix_usa
2022-04-23 11:00:00,0.5063580676613667,0,0.0,500.0,phoenix_usa
2022-04-23 12:00:00,0.4856933200229386,0,0.0,500.0,phoenix_usa
2022-04-23 13:00:00,0.4658719119543374,0,0.0,500.0,phoenix_usa
2022-04-23 14:00:00,0.4468594263098771,0,0.0,500.0,phoenix_usa
2022-04-23 15:00:00,0.42862285052627197,0,0.0,500.0,phoenix_usa
2022-04-23 16:00:00,0.411130519300866,0,0.0,500.0,phoenix_usa
2022-04-23 17:00:00,0.3943520596091957,0,0.0,500.0,phoenix_usa
2022-04-23 18:00:00,0.37825833796641506,0,0.0,500.0,phoenix_usa
2022-04-23 19:00:00,0.36282140984101047,0,0.0,500.0,phoenix_usa
2022-04-23 20:00:00,0.348014471132971,0,0.0,500.0,phoenix_usa
2022-04-23 21:00:00,0.3338118116321584,0,0.0,500.0,phoenix_usa
2022-04-23 22:00:00,0.32018877037606774,0,0.0,500.0,phoenix_usa
2022-04-23 23:00:00,0.307121692829463,0,0.0,500.0,phoenix_usa
2022-04-24 00:00:00,0.29458788981153217,0,0.0,500.0,phoenix_usa
2022-04-24 01:00:00,0.2825655980992501,0,0.0,500.0,phoenix_usa
2022-04-24 02:00:00,0.27103394263853864,0,0.0,500.0,phoenix_usa
2022-04-24 03:00:00,0.2599729002976092,0,0.0,500.0,phoenix_usa
2022-04-24 04:00:00,0.2493632650995518,0,0.0,500.0,phoenix_usa
2022-04-24 05:00:00,0.23918661487380127,0,0.0,500.0,phoenix_usa
2022-04-24 06:00:00,0.22942527926857395,0,0.0,500.0,phoenix_usa
2022-04-24 07:00:00,0.2200623090687358,0,0.0,500.0,phoenix_usa
2022-04-24 08:00:00,0.21108144676582413,0,0.0,500.0,phoenix_usa
2022-04-24 09:00:00,0.2024670983291223,0,0.0,500.0,phoenix_usa
2022-04-24 10:00:00,0.19420430612877332,0,0.0,500.0,phoenix_usa
2022-04-24 11:00:00,0.18627872296391496,0,0.0,500.0,phoenix_usa
2022-04-24 12:00:00,0.1786765871507412,0,0.0,500.0,phoenix_usa
2022-04-24 13:00:00,0.171384698627233,0,0.0,500.0,phoenix_usa
2022-04-24 14:00:00,0.16439039603306888,0,0.0,500.0,phoenix_usa
2022-04-24 15:00:00,0.15768153472491558,0,0.0,500.0,phoenix_usa
2022-04-24 16:00:00,0.15124646568892747,0,0.0,500.0,phoenix_usa
2022-04-24 17:00:00,0.1450740153138383,0,0.0,500.0,phoenix_usa
2022-04-24 18:00:00,0.13915346598952333,0,0.0,500.0,phoenix_usa
2022-04-24 19:00:00,0.1334745374973458,0,0.0,500.0,phoenix_usa
2022-04-24 20:00:00,0.12802736915997243,0,0.0,500.0,phoenix_usa
2022-04-24 21:00:00,0.12280250271966518,0,0.0,500.0,phoenix_usa
2022-04-24 22:00:00,0.11779086591531907,0,0.0,500.0,phoenix_usa
2022-04-24 23:00:00,0.11298375672973021,0,0.0,500.0,phoenix_usa
2022-04-25 00:00:00,0.10837282827974087,0,0.0,500.0,phoenix_usa
2022-04-25 01:00:00,0.1039500743230265,0,0.0,500.0,phoenix_usa
2022-04-25 02:00:00,0.09970781535635835,0,0.0,500.0,phoenix_usa
2022-04-25 03:00:00,0.09563868528120355,0,0.0,500.0,phoenix_usa
2022-04-25 04:00:00,0.09173561861350937,0,0.0,500.0,phoenix_usa
2022-04-25 05:00:00,0.087991838215463,0,0.0,500.0,phoenix_usa
2022-04-25 06:00:00,0.08440084352792507,0,0.0,500.0,phoenix_usa
2022-04-25 07:00:00,0.08095639928310377,0,0.0,500.0,phoenix_usa
2022-04-25 08:00:00,0.07765252467787094,0,0.0,500.0,phoenix_usa
2022-04-25 09:00:00,0.07448348298892096,0,0.0,500.0,phoenix_usa
2022-04-25 10:00:00,0.07144377161174084,0,0.0,500.0,phoenix_usa
2022-04-25 11:00:00,0.06852811250609495,0,0.0,500.0,phoenix_usa
2022-04-25 12:00:00,0.06573144303143516,0,0.0,500.0,phoenix_usa
2022-04-25 13:00:00,0.06304890715632254,0,0.0,500.0,phoenix_usa
2022-04-25 14:00:00,0.06047584702659748,0,0.0,500.0,phoenix_usa
2022-04-25 15:00:00,0.05800779487765732,0,0.0,500.0,phoenix_usa
2022-04-25 16:00:00,0.05564046527679837,0,0.0,500.0,phoenix_usa
2022-04-25 17:00:00,0.05336974768215209,0,0.0,500.0,phoenix_usa
2022-04-25 18:00:00,0.051191699305295144,0,0.0,500.0,phoenix_usa
2022-04-25 19:00:00,0.0491025382651403,0,0.0,500.0,phoenix_usa
2022-04-25 20:00:00,0.04709863702122061,0,0.0,500.0,phoenix_usa
2022-04-25 21:00:00,0.04517651607496494,0,0.0,500.0,phoenix_usa
2022-04-25 22:00:00,0.04333283792802789,0,0.0,500.0,phoenix_usa
2022-04-25 23:00:00,0.04156440128718335,0,0.0,500.0,phoenix_usa
2022-04-26 00:00:00,0.03986813550571974,0,0.0,500.0,phoenix_usa
2022-04-26 01:00:00,0.0382410952516849,0,0.0,500.0,phoenix_usa
2022-04-26 02:00:00,0.03668045539372247,0,0.0,500.0,phoenix_usa
2022-04-26 03:00:00,0.035183506095620605,0,0.0,500.0,phoenix_usa
2022-04-26 04:00:00,0.0337476481110544,0,0.0,500.0,phoenix_usa
2022-04-26 05:00:00,0.0323703882703525,0,0.0,500.0,phoenix_usa
2022-04-26 06:00:00,0.03104933515145141,0,0.0,500.0,phoenix_usa
2022-04-26 07:00:00,0.029782194927520378,0,0.0,500.0,phoenix_usa
2022-04-26 08:00:00,0.028566767384046794,0,0.0,500.0,phoenix_usa
2022-04-26 09:00:00,0.02740094209846687,0,0.0,500.0,phoenix_usa
2022-04-26 10:00:00,0.02628269477570738,0,0.0,500.0,phoenix_usa
2022-04-26 11:00:00,0.025210083733275938,0,0.0,500.0,phoenix_usa
2022-04-26 12:00:00,0.02418124652979686,0,0.0,500.0,phoenix_usa
2022-04-26 13:00:00,0.02319439673113809,0,0.0,500.0,phoenix_usa
2022-04-26 14:00:00,0.02224782080851431,0,0.0,500.0,phoenix_usa
2022-04-26 15:00:00,0.021339875163180224,0,0.0,500.0,phoenix_usa
2022-04-26 16:00:00,0.02046898327254763,0,0.0,500.0,phoenix_usa
2022-04-26 17:00:00,0.01963363295277099,0,0.0,500.0,phoenix_usa
2022-04-26 18:00:00,0.018832373733048486,0,0.0,500.0,phoenix_usa
2022-04-26 19:00:00,0.018063814337079178,0,0.0,500.0,phoenix_usa
2022-04-26 20:00:00,0.01732662026730324,0,0.0,500.0,phoenix_usa
2022-04-26 21:00:00,0.016619511487730783,0,0.0,500.0,phoenix_usa
2022-04-26 22:00:00,0.015941260201335582,0,0.0,500.0,phoenix_usa
2022-04-26 23:00:00,0.015290688718154583,0,0.0,500.0,phoenix_usa
2022-04-27 00:00:00,0.01466666741039152,0,0.0,500.0,phoenix_usa
2022-04-27 01:00:00,0.014068112750973735,0,0.0,500.0,phoenix_usa
2022-04-27 02:00:00,0.01349398543215664,0,0.0,500.0,phoenix_usa
2022-04-27 03:00:00,0.012943288560908947,0,0.0,500.0,phoenix_usa
2022-04-27 04:00:00,0.012415065927945175,0,0.0,500.0,phoenix_usa
2022-04-27 05:00:00,0.01190840034739989,0,0.0,500.0,phoenix_usa
2022-04-27 06:00:00,0.011422412064260772,0,0.0,500.0,phoenix_usa
2022-04-27 07:00:00,0.010956257226795163,0,0.0,500.0,phoenix_usa
2022-04-27 08:00:00,0.010509126421317723,0,0.0,500.0,phoenix_usa
2022-04-27 09:00:00,0.010080243266755044,0,0.0,500.0,phoenix_usa
2022-04-27 10:00:00,0.009668863066566821,0,0.0,500.0,phoenix_usa
2022-04-27 11:00:00,0.009274271515682822,0,0.0,500.0,phoenix_usa
2022-04-27 12:00:00,0.00889578346021055,0,0.0,500.0,phoenix_usa
2022-04-27 13:00:00,0.00853274170775981,0,0.0,500.0,phoenix_usa
2022-04-27 14:00:00,0.008184515886318633,0,0.0,500.0,phoenix_usa
2022-04-27 15:00:00,0.007850501349699085,0,0.0,500.0,phoenix_usa
2022-04-27 16:00:00,0.007530118127652425,0,0.0,500.0,phoenix_usa
2022-04-27 17:00:00,0.007222809918830607,0,0.0,500.0,phoenix_usa
2022-04-27 18:00:00,0.006928043124845628,0,0.0,500.0,phoenix_usa
2022-04-27 19:00:00,0.006645305923749378,0,0.0,500.0,phoenix_usa
2022-04-27 20:00:00,0.006374107381325305,0,0.0,500.0,phoenix_usa
2022-04-27 21:00:00,0.006113976598648768,0,0.0,500.0,phoenix_usa
2022-04-27 22:00:00,0.005864461894435889,0,0.0,500.0,phoenix_usa
2022-04-27 23:00:00,0.005625130020761187,0,0.0,500.0,phoenix_usa
2022-04-28 00:00:00,0.005395565410782238,0,0.0,500.0,phoenix_usa
2022-04-28 01:00:00,0.00517536945716506,0,0.0,500.0,phoenix_usa
2022-04-28 02:00:00,0.004964159819957369,0,0.0,500.0,phoenix_usa
2022-04-28 03:00:00,0.004761569762707906,0,0.0,500.0,phoenix_usa
2022-04-28 04:00:00,0.0045672475156790845,0,0.0,500.0,phoenix_usa
2022-04-28 05:00:00,0.00438085566504728,0,0.0,500.0,phoenix_usa
2022-04-28 06:00:00,0.004202070567030193,0,0.0,500.0,phoenix_usa
2022-04-28 07:00:00,0.0040305817859239805,0,0.0,500.0,phoenix_usa
2022-04-28 08:00:00,0.0038660915550744026,0,0.0,500.0,phoenix_usa
2022-04-28 09:00:00,0.00370831425984604,0,0.0,500.0,phoenix_usa
2022-04-28 10:00:00,0.0035569759416917996,0,0.0,500.0,phoenix_usa
2022-04-28 11:00:00,0.003411813822461622,0,0.0,500.0,phoenix_usa
2022-04-28 12:00:00,0.003272575848124417,0,0.0,500.0,phoenix_usa
2022-04-28 13:00:00,0.0031390202511109378,0,0.0,500.0,phoenix_usa
2022-04-28 14:00:00,0.00301091513051769,0,0.0,500.0,phoenix_usa
2022-04-28 15:00:00,0.0028880380494429535,0,0.0,500.0,phoenix_usa
2022-04-28 16:00:00,0.0027701756487557216,0,0.0,500.0,phoenix_usa
2022-04-28 17:00:00,0.0026571232766269544,0,0.0,500.0,phoenix_usa
2022-04-28 18:00:00,0.0025486846331798626,0,0.0,500.0,phoenix_usa
2022-04-28 19:00:00,0.002444671429642196,0,0.0,500.0,phoenix_usa
2022-04-28 20:00:00,0.002344903061408718,0,0.0,500.0,phoenix_usa
2022-04-28 21:00:00,0.0022492062944461846,0,0.0,500.0,phoenix_usa
2022-04-28 22:00:00,0.0021574149644962926,0,0.0,500.0,phoenix_usa
2022-04-28 23:00:00,0.002069369688554329,0,0.0,500.0,phoenix_usa
2022-04-29 00:00:00,0.0019849175881225334,0,0.0,500.0,phoenix_usa
2022-04-29 01:00:00,0.0019039120237576332,0,0.0,500.0,phoenix_usa
2022-04-29 02:00:00,0.001826212340451645,0,0.0,500.0,phoenix_usa
2022-04-29 03:00:00,0.0017516836234038212,0,0.0,500.0,phoenix_usa
2022-04-29 04:00:00,0.0016801964637596797,0,0.0,500.0,phoenix_usa
2022-04-29 05:00:00,0.001611626733910341,0,0.0,500.0,phoenix_usa
2022-04-29 06:00:00,0.0015458553719620333,0,0.0,500.0,phoenix_usa
2022-04-29 07:00:00,0.001482768175001508,0,0.0,500.0,phoenix_usa
2022-04-29 08:00:00,0.001422255600798404,0,0.0,500.0,phoenix_usa
2022-04-29 09:00:00,0.001364212577600252,0,0.0,500.0,phoenix_usa
2022-04-29 10:00:00,0.001308538321689844,0,0.0,500.0,phoenix_usa
2022-04-29 11:00:00,0.0012551361623881843,0,0.0,500.0,phoenix_usa
2022-04-29 12:00:00,0.0012039133741991693,0,0.0,500.0,phoenix_usa
2022-04-29 13:00:00,0.0011547810158045323,0,0.0,500.0,phoenix_usa
2022-04-29 14:00:00,0.0011076537756294883,0,0.0,500.0,phoenix_usa
2022-04-29 15:00:00,0.0010624498237109359,0,0.0,500.0,phoenix_usa
2022-04-29 16:00:00,0.0010190906696109924,0,0.0,500.0,phoenix_usa
2022-04-29 17:00:00,0.000977501026129156,0,0.0,500.0,phoenix_usa
2022-04-29 18:00:00,0.0009376086785764502,0,0.0,500.0,phoenix_usa
2022-04-29 19:00:00,0.0008993443593845616,0,0.0,500.0,phoenix_usa
2022-04-29 20:00:00,0.0008626416278322438,0,0.0,500.0,phoenix_usa
2022-04-29 21:00:00,0.0008274367546801533,0,0.0,500.0,phoenix_usa
2022-04-29 22:00:00,0.0007936686115138029,0,0.0,500.0,phoenix_usa
2022-04-29 23:00:00,0.0007612785646024882,0,0.0,500.0,phoenix_usa
2022-04-30 00:00:00,0.0007302103730898848,0,0.0,500.0,phoenix_usa
2022-04-30 01:00:00,0.0007004100913395476,0,0.0,500.0,phoenix_usa
2022-04-30 02:00:00,0.0006718259752657429,0,0.0,500.0,phoenix_usa
2022-04-30 03:00:00,0.0006444083924869653,0,0.0,500.0,phoenix_usa
2022-04-30 04:00:00,0.0006181097361461443,0,0.0,500.0,phoenix_usa
2022-04-30 05:00:00,0.0005928843422478931,0,0.0,500.0,phoenix_usa
2022-04-30 06:00:00,0.0005686884103692651,0,0.0,500.0,phoenix_usa
2022-04-30 07:00:00,0.0005454799276063539,0,0.0,500.0,phoenix_usa
2022-04-30 08:00:00,0.0005232185956246708,0,0.0,500.0,phoenix_usa
2022-04-30 09:00:00,0.0005018657606866337,0,0.0,500.0,phoenix_usa
2022-04-30 10:00:00,0.0004813843465346766,0,0.0,500.0,phoenix_usa
2022-04-30 11:00:00,0.0004617387900134339,0,0.0,500.0,phoenix_usa
2022-04-30 12:00:00,0.0004428949793192161,0,0.0,500.0,phoenix_usa
2022-04-30 13:00:00,0.0004248201947695617,0,0.0,500.0,phoenix_usa
2022-04-30 14:00:00,0.00040748305199001433,0,0.0,500.0,phoenix_usa
2022-04-30 15:00:00,0.00039085344741947666,0,0.0,500.0,phoenix_usa
2022-04-30 16:00:00,0.00037490250603952266,0,0.0,500.0,phoenix_usa
2022-04-30 17:00:00,0.0003596025312369053,0,0.0,500.0,phoenix_usa
2022-04-30 18:00:00,0.00034492695671219917,0,0.0,500.0,phoenix_usa
2022-04-30 19:00:00,0.00033085030035108135,0,0.0,500.0,phoenix_usa
2022-04-30 20:00:00,0.0003173481199781491,0,0.0,500.0,phoenix_usa
2022-04-30 21:00:00,0.0003043969709164465,0,0.0,500.0,phoenix_usa
2022-04-30 22:00:00,0.0002919743652790123,0,0.0,500.0,phoenix_usa
2022-04-30 23:00:00,0.00028005873292176117,0,0.0,500.0,phoenix_usa
2022-05-01 00:00:00,0.0002686293839898972,0,0.0,500.0,phoenix_usa
2022-05-01 01:00:00,0.0002576664729928316,0,0.0,500.0,phoenix_usa
2022-05-01 02:00:00,0.0002471509643452208,0,0.0,500.0,phoenix_usa
2022-05-01 03:00:00,0.0002370645993142922,0,0.0,500.0,phoenix_usa
2022-05-01 04:00:00,0.0002273898643160712,0,0.0,500.0,phoenix_usa
2022-05-01 05:00:00,0.00021810996050545303,0,0.0,500.0,phoenix_usa
2022-05-01 06:00:00,0.00020920877460732108,0,0.0,500.0,phoenix_usa
2022-05-01 07:00:00,0.00020067085093806422,0,0.0,500.0,phoenix_usa
2022-05-01 08:00:00,0.00019248136456891075,0,0.0,500.0,phoenix_usa
2022-05-01 09:00:00,0.00018462609558447959,0,0.0,500.0,phoenix_usa
2022-05-01 10:00:00,0.00017709140439185674,0,0.0,500.0,phoenix_usa
2022-05-01 11:00:00,0.00016986420803732002,0,0.0,500.0,phoenix_usa
2022-05-01 12:00:00,0.00016293195748959068,0,0.0,500.0,phoenix_usa
2022-05-01 13:00:00,0.0001562826158501696,0,0.0,500.0,phoenix_usa
2022-05-01 14:00:00,0.00014990463745292028,0,0.0,500.0,phoenix_usa
2022-05-01 15:00:00,0.00014378694781660875,0,0.0,500.0,phoenix_usa
2022-05-01 16:00:00,0.0001379189244155928,0,0.0,500.0,phoenix_usa
2022-05-01 17:00:00,0.0001322903782352688,0,0.0,500.0,phoenix_usa
2022-05-01 18:00:00,0.00012689153608025008,0,0.0,500.0,phoenix_usa
2022-05-01 19:00:00,0.00012171302360455958,0,0.0,500.0,phoenix_usa
2022-05-01 20:00:00,0.00011674584903436931,0,0.0,500.0,phoenix_usa
2022-05-01 21:00:00,0.00011198138755502212,0,0.0,500.0,phoenix_usa
2022-05-01 22:00:00,0.00010741136633522959,0,0.0,500.0,phoenix_usa
2022-05-01 23:00:00,0.00010302785016243969,0,0.0,500.0,phoenix_usa
2022-05-02 00:00:00,9.882322766443216e-05,0,0.0,500.0,phoenix_usa
2022-05-02 01:00:00,9.479019809321938e-05,0,0.0,500.0,phoenix_usa
2022-05-02 02:00:00,9.092175864830281e-05,0,0.0,500.0,phoenix_usa
2022-05-02 03:00:00,8.721119231727367e-05,0,0.0,500.0,phoenix_usa
2022-05-02 04:00:00,8.365205621264632e-05,0,0.0,500.0,phoenix_usa
2022-05-02 05:00:00,8.023817038467138e-05,0,0.0,500.0,phoenix_usa
2022-05-02 06:00:00,7.696360709070349e-05,0,0.0,500.0,phoenix_usa
2022-05-02 07:00:00,7.382268050249284e-05,0,0.0,500.0,phoenix_usa
2022-05-02 08:00:00,7.080993683352752e-05,0,0.0,500.0,phoenix_usa
2022-05-02 09:00:00,6.792014486928366e-05,0,0.0,500.0,phoenix_usa
2022-05-02 10:00:00,6.514828688394215e-05,0,0.0,500.0,phoenix_usa
2022-05-02 11:00:00,6.248954992779889e-05,0,0.0,500.0,phoenix_usa
2022-05-02 12:00:00,5.9939317470239824e-05,0,0.0,500.0,phoenix_usa
2022-05-02 13:00:00,5.749316138377157e-05,0,0.0,500.0,phoenix_usa
2022-05-02 14:00:00,5.514683425518795e-05,0,0.0,500.0,phoenix_usa
2022-05-02 15:00:00,5.289626201052137e-05,0,0.0,500.0,phoenix_usa
2022-05-02 16:00:00,5.0737536840974675e-05,0,0.0,500.0,phoenix_usa
2022-05-02 17:00:00,4.866691041754943e-05,0,0.0,500.0,phoenix_usa
2022-05-02 18:00:00,4.6680787382588316e-05,0,0.0,500.0,phoenix_usa
2022-05-02 19:00:00,4.477571910693195e-05,0,0.0,500.0,phoenix_usa
2022-05-02 20:00:00,4.294839770184935e-05,0,0.0,500.0,phoenix_usa
2022-05-02 21:00:00,4.119565027534425e-05,0,0.0,500.0,phoenix_usa
2022-05-02 22:00:00,3.9514433422865335e-05,0,0.0,500.0,phoenix_usa
2022-05-02 23:00:00,3.7901827942853404e-05,0,0.0,500.0,phoenix_usa
2022-05-03 00:00:00,3.635503376794953e-05,0,0.0,500.0,phoenix_usa
2022-05-03 01:00:00,3.487136510306387e-05,0,0.0,500.0,phoenix_usa
2022-05-03 02:00:00,3.34482457618624e-05,0,0.0,500.0,phoenix_usa
2022-05-03 03:00:00,3.208320469357384e-05,0,0.0,500.0,phoenix_usa
2022-05-03 04:00:00,3.0773871692350414e-05,0,0.0,500.0,phoenix_usa
2022-05-03 05:00:00,2.9517973281731887e-05,0,0.0,500.0,phoenix_usa
2022-05-03 06:00:00,2.8313328767066466e-05,0,0.0,500.0,phoenix_usa
2022-05-03 07:00:00,2.7157846449035007e-05,0,0.0,500.0,phoenix_usa
2022-05-03 08:00:00,2.6049519991703238e-05,0,0.0,500.0,phoenix_usa
2022-05-03 09:00:00,2.4986424938795473e-05,0,0.0,500.0,phoenix_usa
2022-05-03 10:00:00,2.3966715372141438e-05,0,0.0,500.0,phoenix_usa
2022-05-03 11:00:00,2.29886207064936e-05,0,0.0,500.0,phoenix_usa
2022-05-03 12:00:00,2.2050442615149495e-05,0,0.0,500.0,phoenix_usa
2022-05-03 13:00:00,2.1150552081041428e-05,0,0.0,500.0,phoenix_usa
2022-05-03 14:00:00,2.02873865681727e-05,0,0.0,500.0,phoenix_usa
2022-05-03 15:00:00,1.9459447308488794e-05,0,0.0,500.0,phoenix_usa
2022-05-03 16:00:00,1.866529669947323e-05,0,0.0,500.0,phoenix_usa
2022-05-03 17:00:00,1.790355580794873e-05,0,0.0,500.0,phoenix_usa
2022-05-03 18:00:00,1.7172901975749506e-05,0,0.0,500.0,phoenix_usa
2022-05-03 19:00:00,1.64720665231076e-05,0,0.0,500.0,phoenix_usa
2022-05-03 20:00:00,1.5799832545765197e-05,0,0.0,500.0,phoenix_usa
2022-05-03 21:00:00,1.5155032801987815e-05,0,0.0,500.0,phoenix_usa
2022-05-03 22:00:00,1.4536547685809862e-05,0,0.0,500.0,phoenix_usa
2022-05-03 23:00:00,1.3943303282993071e-05,0,0.0,500.0,phoenix_usa
2022-05-04 00:00:00,1.3374269506322188e-05,0,0.0,500.0,phoenix_usa
2022-05-04 01:00:00,1.282845830700047e-05,0,0.0,500.0,phoenix_usa
2022-05-04 02:00:00,1.2304921959039003e-05,0,0.0,500.0,phoenix_usa
2022-05-04 03:00:00,1.1802751413660938e-05,0,0.0,500.0,phoenix_usa
2022-05-04 04:00:00,1.1321074720863539e-05,0,0.0,500.0,phoenix_usa
2022-05-04 05:00:00,1.0859055515397091e-05,0,0.0,500.0,phoenix_usa
2022-05-04 06:00:00,1.0415891564531733e-05,0,0.0,500.0,phoenix_usa
2022-05-04 07:00:00,9.990813375090836e-06,0,0.0,500.0,phoenix_usa
2022-05-04 08:00:00,9.583082857332103e-06,0,0.0,500.0,phoenix_usa
2022-05-04 09:00:00,9.19199204335627e-06,0,0.0,500.0,phoenix_usa
2022-05-04 10:00:00,8.81686185781841e-06,0,0.0,500.0,phoenix_usa
2022-05-04 11:00:00,8.457040938807114e-06,0,0.0,500.0,phoenix_usa
2022-05-04 12:00:00,8.111904506844153e-06,0,0.0,500.0,phoenix_usa
2022-05-04 13:00:00,7.780853280041009e-06,0,0.0,500.0,phoenix_usa
2022-05-04 14:00:00,7.463312433528396e-06,0,0.0,500.0,phoenix_usa
2022-05-04 15:00:00,7.158730601351985e-06,0,0.0,500.0,phoenix_usa
2022-05-04 16:00:00,6.866578919101381e-06,0,0.0,500.0,phoenix_usa
2022-05-04 17:00:00,6.586350105609908e-06,0,0.0,500.0,phoenix_usa
2022-05-04 18:00:00,6.317557582130685e-06,0,0.0,500.0,phoenix_usa
2022-05-04 19:00:00,6.059734627459646e-06,0,0.0,500.0,phoenix_usa
2022-05-04 20:00:00,5.812433567538468e-06,0,0.0,500.0,phoenix_usa
2022-05-04 21:00:00,5.575224998130155e-06,0,0.0,500.0,phoenix_usa
2022-05-04 22:00:00,5.347697039217756e-06,0,0.0,500.0,phoenix_usa
2022-05-04 23:00:00,5.129454619831427e-06,0,0.0,500.0,phoenix_usa
2022-05-05 00:00:00,4.920118792062069e-06,0,0.0,500.0,phoenix_usa
2022-05-05 01:00:00,4.71932607307048e-06,0,0.0,500.0,phoenix_usa
2022-05-05 02:00:00,4.5267278139494775e-06,0,0.0,500.0,phoenix_usa
2022-05-05 03:00:00,4.341989594343038e-06,0,0.0,500.0,phoenix_usa
2022-05-05 04:00:00,4.164790641771421e-06,0,0.0,500.0,phoenix_usa
2022-05-05 05:00:00,3.994823274653951e-06,0,0.0,500.0,phoenix_usa
2022-05-05 06:00:00,3.8317923680622744e-06,0,0.0,500.0,phoenix_usa
2022-05-05 07:00:00,3.675414841276588e-06,0,0.0,500.0,phoenix_usa
2022-05-05 08:00:00,3.525419166254962e-06,0,0.0,500.0,phoenix_usa
2022-05-05 09:00:00,3.381544896162249e-06,0,0.0,500.0,phoenix_usa
2022-05-05 10:00:00,3.2435422131400417e-06,0,0.0,500.0,phoenix_usa
2022-05-05 11:00:00,3.1111714945323705e-06,0,0.0,500.0,phoenix_usa
2022-05-05 12:00:00,2.984202896813932e-06,0,0.0,500.0,phoenix_usa
2022-05-05 13:00:00,2.8624159564984698e-06,0,0.0,500.0,phoenix_usa
2022-05-05 14:00:00,2.7455992073343034e-06,0,0.0,500.0,phoenix_usa
2022-05-05 15:00:00,2.6335498131222714e-06,0,0.0,500.0,phoenix_usa
2022-05-05 16:00:00,2.526073215518622e-06,0,0.0,500.0,phoenix_usa
2022-05-05 17:00:00,2.4229827962112434e-06,0,0.0,500.0,phoenix_usa
2022-05-05 18:00:00,2.324099552882645e-06,0,0.0,500.0,phoenix_usa
2022-05-05 19:00:00,2.229251788397093e-06,0,0.0,500.0,phoenix_usa
2022-05-05 20:00:00,2.138274812672184e-06,0,0.0,500.0,phoenix_usa
2022-05-05 21:00:00,2.0510106567171778e-06,0,0.0,500.0,phoenix_usa
2022-05-05 22:00:00,1.9673077983416045e-06,0,0.0,500.0,phoenix_usa
2022-05-05 23:00:00,1.8870208990578579e-06,0,0.0,500.0,phoenix_usa
2022-05-06 00:00:00,1.8100105517209064e-06,0,0.0,500.0,phoenix_usa
2022-05-06 01:00:00,1.7361430384669858e-06,0,0.0,500.0,phoenix_usa
2022-05-06 02:00:00,1.6652900985309582e-06,0,0.0,500.0,phoenix_usa
2022-05-06 03:00:00,1.5973287055391341e-06,0,0.0,500.0,phoenix_usa
2022-05-06 04:00:00,1.532140853890923e-06,0,0.0,500.0,phoenix_usa
2022-05-06 05:00:00,1.4696133538583662e-06,0,0.0,500.0,phoenix_usa
2022-05-06 06:00:00,1.4096376350477467e-06,0,0.0,500.0,phoenix_usa
2022-05-06 07:00:00,1.3521095578820571e-06,0,0.0,500.0,phoenix_usa
2022-05-06 08:00:00,1.2969292327769672e-06,0,0.0,500.0,phoenix_usa
2022-05-06 09:00:00,1.244000846696311e-06,0,0.0,500.0,phoenix_usa
2022-05-06 10:00:00,1.193232496785942e-06,0,0.0,500.0,phoenix_usa
2022-05-06 11:00:00,1.1445360307970892e-06,0,0.0,500.0,phoenix_usa
2022-05-06 12:00:00,1.0978268940221087e-06,0,0.0,500.0,phoenix_usa
2022-05-06 13:00:00,1.053023982476877e-06,0,0.0,500.0,phoenix_usa
2022-05-06 14:00:00,1.0100495020748985e-06,0,0.0,500.0,phoenix_usa
2022-05-06 15:00:00,9.688288335485777e-07,0,0.0,500.0,phoenix_usa
2022-05-06 16:00:00,9.292904028831393e-07,0,0.0,500.0,phoenix_usa
2022-05-06 17:00:00,8.913655570382108e-07,0,0.0,500.0,phoenix_usa
2022-05-06 18:00:00,8.549884447412664e-07,0,0.0,500.0,phoenix_usa
2022-05-06 19:00:00,8.200959021459612e-07,0,0.0,500.0,phoenix_usa
2022-05-06 20:00:00,7.866273431568134e-07,0,0.0,500.0,phoenix_usa
2022-05-06 21:00:00,7.545246542297881e-07,0,0.0,500.0,phoenix_usa
2022-05-06 22:00:00,7.237320934661303e-07,0,0.0,500.0,phoenix_usa
2022-05-06 23:00:00,6.941961938242374e-07,0,0.0,500.0,phoenix_usa
2022-05-07 00:00:00,6.658656702815005e-07,0,0.0,500.0,phoenix_usa
2022-05-07 01:00:00,6.38691330784925e-07,0,0.0,500.0,phoenix_usa
2022-05-07 02:00:00,6.12625990835905e-07,0,0.0,500.0,phoenix_usa
2022-05-07 03:00:00,5.876243915608397e-07,0,0.0,500.0,phoenix_usa
2022-05-07 04:00:00,5.636431211253296e-07,0,0.0,500.0,phoenix_usa
2022-05-07 05:00:00,5.406405393555049e-07,0,0.0,500.0,phoenix_usa
2022-05-07 06:00:00,5.185767054355984e-07,0,0.0,500.0,phoenix_usa
2022-05-07 07:00:00,4.974133085562172e-07,0,0.0,500.0,phoenix_usa
2022-05-07 08:00:00,4.771136013928982e-07,0,0.0,500.0,phoenix_usa
2022-05-07 09:00:00,4.576423362994398e-07,0,0.0,500.0,phoenix_usa
2022-05-07 10:00:00,4.389657041052173e-07,0,0.0,500.0,phoenix_usa
2022-05-07 11:00:00,4.210512754102139e-07,0,0.0,500.0,phoenix_usa
2022-05-07 12:00:00,4.038679442758334e-07,0,0.0,500.0,phoenix_usa
2022-05-07 13:00:00,3.873858742137204e-07,0,0.0,500.0,phoenix_usa
2022-05-07 14:00:00,3.715764463788072e-07,0,0.0,500.0,phoenix_usa
2022-05-07 15:00:00,3.5641220987663094e-07,0,0.0,500.0,phoenix_usa
2022-05-07 16:00:00,3.418668340986339e-07,0,0.0,500.0,phoenix_usa
2022-05-07 17:00:00,3.279150630026884e-07,0,0.0,500.0,phoenix_usa
2022-05-07 18:00:00,3.145326712594575e-07,0,0.0,500.0,phoenix_usa
2022-05-07 19:00:00,3.0169642218844635e-07,0,0.0,500.0,phoenix_usa
2022-05-07 20:00:00,2.893840274107049e-07,0,0.0,500.0,phoenix_usa
2022-05-07 21:00:00,2.775741081481298e-07,0,0.0,500.0,phoenix_usa
2022-05-07 22:00:00,2.662461581021584e-07,0,0.0,500.0,phoenix_usa
2022-05-07 23:00:00,2.553805078474027e-07,0,0.0,500.0,phoenix_usa
2022-05-08 00:00:00,2.449582906784061e-07,0,0.0,500.0,phoenix_usa
2022-05-08 01:00:00,2.3496140985020324e-07,0,0.0,500.0,phoenix_usa
2022-05-08 02:00:00,2.2537250715581386e-07,0,0.0,500.0,phoenix_usa
2022-05-08 03:00:00,2.1617493278611035e-07,0,0.0,500.0,phoenix_usa
2022-05-08 04:00:00,2.07352716419714e-07,0,0.0,500.0,phoenix_usa
2022-05-08 05:00:00,1.9889053949273031e-07,0,0.0,500.0,phoenix_usa
2022-05-08 06:00:00,1.9077370860017548e-07,0,0.0,500.0,phoenix_usa
2022-05-08 07:00:00,1.829881299828996e-07,0,0.0,500.0,phoenix_usa
2022-05-08 08:00:00,1.7552028505571365e-07,0,0.0,500.0,phoenix_usa
2022-05-08 09:00:00,1.6835720693423105e-07,0,0.0,500.0,phoenix_usa
2022-05-08 10:00:00,1.614864579196562e-07,0,0.0,500.0,phoenix_usa
2022-05-08 11:00:00,1.5489610790243253e-07,0,0.0,500.0,phoenix_usa
2022-05-08 12:00:00,1.4857471364725267e-07,0,0.0,500.0,phoenix_usa
2022-05-08 13:00:00,1.425112989234542e-07,0,0.0,500.0,phoenix_usa
2022-05-08 14:00:00,1.36695335446306e-07,0,0.0,500.0,phoenix_usa
2022-05-08 15:00:00,1.311167245960937e-07,0,0.0,500.0,phoenix_usa
2022-05-08 16:00:00,1.2576577988325574e-07,0,0.0,500.0,phoenix_usa
2022-05-08 17:00:00,1.206332101291273e-07,0,0.0,500.0,phoenix_usa
2022-05-08 18:00:00,1.1571010333309012e-07,0,0.0,500.0,phoenix_usa
2022-05-08 19:00:00,1.1098791119810918e-07,0,0.0,500.0,phoenix_usa
2022-05-08 20:00:00,1.0645843428779146e-07,0,0.0,500.0,phoenix_usa
2022-05-08 21:00:00,1.0211380778919552e-07,0,0.0,500.0,phoenix_usa
2022-05-08 22:00:00,9.794648785666547e-08,0,0.0,500.0,phoenix_usa
2022-05-08 23:00:00,9.394923851298165e-08,0,0.0,500.0,phoenix_usa
2022-05-09 00:00:00,9.011511908508378e-08,0,0.0,500.0,phoenix_usa
2022-05-09 01:00:00,8.6437472152547e-08,0,0.0,500.0,phoenix_usa
2022-05-09 02:00:00,8.290991198788768e-08,0,0.0,500.0,phoenix_usa
2022-05-09 03:00:00,7.952631346862838e-08,0,0.0,500.0,phoenix_usa
2022-05-09 04:00:00,7.628080144186494e-08,0,0.0,500.0,phoenix_usa
2022-05-09 05:00:00,7.316774052287231e-08,0,0.0,500.0,phoenix_usa
2022-05-09 06:00:00,7.018172531003613e-08,0,0.0,500.0,phoenix_usa
2022-05-09 07:00:00,6.731757099911633e-08,0,0.0,500.0,phoenix_usa
2022-05-09 08:00:00,6.457030438054819e-08,0,0.0,500.0,phoenix_usa
2022-05-09 09:00:00,6.19351552041498e-08,0,0.0,500.0,phoenix_usa
2022-05-09 10:00:00,5.9407547896238755e-08,0,0.0,500.0,phoenix_usa
2022-05-09 11:00:00,5.6983093614778314e-08,0,0.0,500.0,phoenix_usa
2022-05-09 12:00:00,5.465758262875838e-08,0,0.0,500.0,phoenix_usa
2022-05-09 13:00:00,5.2426977008576704e-08,0,0.0,500.0,phoenix_usa
2022-05-09 14:00:00,5.028740361472989e-08,0,0.0,500.0,phoenix_usa
2022-05-09 15:00:00,4.823514737264085e-08,0,0.0,500.0,phoenix_usa
2022-05-09 16:00:00,4.626664482194274e-08,0,0.0,500.0,phoenix_usa
2022-05-09 17:00:00,4.437847792902052e-08,0,0.0,500.0,phoenix_usa
2022-05-09 18:00:00,4.256736815206704e-08,0,0.0,500.0,phoenix_usa
2022-05-09 19:00:00,4.0830170748346075e-08,0,0.0,500.0,phoenix_usa
2022-05-09 20:00:00,3.916386931377944e-08,0,0.0,500.0,phoenix_usa
2022-05-09 21:00:00,3.756557054537731e-08,0,0.0,500.0,phoenix_usa
2022-05-09 22:00:00,0.6893835767377278,1,3.54,400.96268758520654,phoenix_usa
2022-05-09 23:00:00,0.661249458711017,1,3.54,400.96268758520654,phoenix_usa
2022-05-10 00:00:00,0.634263509314732,1,3.54,400.96268758520654,phoenix_usa
2022-05-10 01:00:00,0.6083788711637345,1,3.54,400.96268758520654,phoenix_usa
2022-05-10 02:00:00,0.583550599148213,1,3.54,400.96268758520654,phoenix_usa
2022-05-10 03:00:00,0.5597355823926866,1,3.54,400.96268758520654,phoenix_usa
2022-05-10 04:00:00,0.5368924693999083,1,3.54,400.96268758520654,phoenix_usa
2022-05-10 05:00:00,0.5149815962496828,1,3.54,400.96268758520654,phoenix_usa
2022-05-10 06:00:00,0.4939649177279305,1,3.54,400.96268758520654,phoenix_usa
2022-05-10 07:00:00,0.47380594126641384,1,3.54,400.96268758520654,phoenix_usa
2022-05-10 08:00:00,0.4544696635784157,1,3.54,400.96268758520654,phoenix_usa
2022-05-10 09:00:00,0.43592250988035325,1,3.54,400.96268758520654,phoenix_usa
2022-05-10 10:00:00,0.41813227559378896,1,3.54,400.96268758520654,phoenix_usa
2022-05-10 11:00:00,0.40106807042661496,1,3.54,400.96268758520654,phoenix_usa
2022-05-10 12:00:00,0.3847002647363143,1,3.54,400.96268758520654,phoenix_usa
2022-05-10 13:00:00,0.36900043808216715,1,3.54,400.96268758520654,phoenix_usa
2022-05-10 14:00:00,0.35394132987706806,1,3.54,400.96268758520654,phoenix_usa
2022-05-10 15:00:00,0.3394967920532714,1,3.54,400.96268758520654,phoenix_usa
2022-05-10 16:00:00,0.32564174365987125,1,3.54,400.96268758520654,phoenix_usa
2022-05-10 17:00:00,0.31235212731318507,1,3.54,400.96268758520654,phoenix_usa
2022-05-10 18:00:00,0.29960486742441844,1,3.54,400.96268758520654,phoenix_usa
2022-05-10 19:00:00,0.2873778301320832,1,3.54,400.96268758520654,phoenix_usa
2022-05-10 20:00:00,0.275649784869595,1,3.54,400.96268758520654,phoenix_usa
2022-05-10 21:00:00,0.2644003675013177,1,3.54,400.96268758520654,phoenix_usa
2022-05-10 22:00:00,0.2536100449630455,0,0.0,500.0,phoenix_usa
2022-05-10 23:00:00,0.2432600813455277,0,0.0,500.0,phoenix_usa
2022-05-11 00:00:00,0.2333325053621415,0,0.0,500.0,phoenix_usa
2022-05-11 01:00:00,0.22381007914422754,0,0.0,500.0,phoenix_usa
2022-05-11 02:00:00,0.21467626830990488,0,0.0,500.0,phoenix_usa
2022-05-11 03:00:00,0.20591521325439333,0,0.0,500.0,phoenix_usa
2022-05-11 04:00:00,0.197511701611994,0,0.0,500.0,phoenix_usa
2022-05-11 05:00:00,0.18945114184191064,0,0.0,500.0,phoenix_usa
2022-05-11 06:00:00,0.18171953789204853,0,0.0,500.0,phoenix_usa
2022-05-11 07:00:00,0.17430346489679752,0,0.0,500.0,phoenix_usa
2022-05-11 08:00:00,0.16719004586660097,0,0.0,500.0,phoenix_usa
2022-05-11 09:00:00,0.16036692932883687,0,0.0,500.0,phoenix_usa
2022-05-11 10:00:00,0.1538222678811866,0,0.0,500.0,phoenix_usa
2022-05-11 11:00:00,0.14754469762025177,0,0.0,500.0,phoenix_usa
2022-05-11 12:00:00,0.14152331840970123,0,0.0,500.0,phoenix_usa
2022-05-11 13:00:00,0.13574767495368498,0,0.0,500.0,phoenix_usa
2022-05-11 14:00:00,0.1302077386426529,0,0.0,500.0,phoenix_usa
2022-05-11 15:00:00,0.12489389014005478,0,0.0,500.0,phoenix_usa
2022-05-11 16:00:00,0.11979690267968746,0,0.0,500.0,phoenix_usa
2022-05-11 17:00:00,0.1149079260446857,0,0.0,500.0,phoenix_usa
2022-05-11 18:00:00,0.11021847120033908,0,0.0,500.0,phoenix_usa
2022-05-11 19:00:00,0.10572039555405242,0,0.0,500.0,phoenix_usa
2022-05-11 20:00:00,0.10140588881685487,0,0.0,500.0,phoenix_usa
2022-05-11 21:00:00,0.09726745944190865,0,0.0,500.0,phoenix_usa
2022-05-11 22:00:00,0.09329792161646952,0,0.0,500.0,phoenix_usa
2022-05-11 23:00:00,0.08949038278471229,0,0.0,500.0,phoenix_usa
2022-05-12 00:00:00,0.08583823167975717,0,0.0,500.0,phoenix_usa
2022-05-12 01:00:00,0.0823351268441147,0,0.0,500.0,phoenix_usa
2022-05-12 02:00:00,0.0789749856186184,0,0.0,500.0,phoenix_usa
2022-05-12 03:00:00,0.07575197358072458,0,0.0,500.0,phoenix_usa
2022-05-12 04:00:00,0.072660494413841,0,0.0,500.0,phoenix_usa
2022-05-12 05:00:00,0.0696951801900937,0,0.0,500.0,phoenix_usa
2022-05-12 06:00:00,0.06685088204965955,0,0.0,500.0,phoenix_usa
2022-05-12 07:00:00,0.06412266126047998,0,0.0,500.0,phoenix_usa
2022-05-12 08:00:00,0.06150578064283295,0,0.0,500.0,phoenix_usa
2022-05-12 09:00:00,0.05899569634387268,0,0.0,500.0,phoenix_usa
2022-05-12 10:00:00,0.056588049947854824,0,0.0,500.0,phoenix_usa
2022-05-12 11:00:00,0.05427866090834763,0,0.0,500.0,phoenix_usa
2022-05-12 12:00:00,0.05206351928928898,0,0.0,500.0,phoenix_usa
2022-05-12 13:00:00,0.049938778802284256,0,0.0,500.0,phoenix_usa
2022-05-12 14:00:00,0.047900750128056356,0,0.0,500.0,phoenix_usa
2022-05-12 15:00:00,0.045945894510450856,0,0.0,500.0,phoenix_usa
2022-05-12 16:00:00,0.0440708176118731,0,0.0,500.0,phoenix_usa
2022-05-12 17:00:00,0.042272263619488396,0,0.0,500.0,phoenix_usa
2022-05-12 18:00:00,0.04054710959195145,0,0.0,500.0,phoenix_usa
2022-05-12 19:00:00,0.03889236003684865,0,0.0,500.0,phoenix_usa
2022-05-12 20:00:00,0.03730514170943799,0,0.0,500.0,phoenix_usa
2022-05-12 21:00:00,0.03578269862365529,0,0.0,500.0,phoenix_usa
2022-05-12 22:00:00,0.03432238726672382,0,0.0,500.0,phoenix_usa
2022-05-12 23:00:00,0.03292167200905842,0,0.0,500.0,phoenix_usa
2022-05-13 00:00:00,0.03157812070149386,0,0.0,500.0,phoenix_usa
2022-05-13 01:00:00,0.03028940045219274,0,0.0,500.0,phoenix_usa
2022-05-13 02:00:00,0.029053273575900027,0,0.0,500.0,phoenix_usa
2022-05-13 03:00:00,0.02786759370851082,0,0.0,500.0,phoenix_usa
2022-05-13 04:00:00,0.02673030208020453,0,0.0,500.0,phoenix_usa
2022-05-13 05:00:00,0.025639423940674647,0,0.0,500.0,phoenix_usa
2022-05-13 06:00:00,0.02459306513024676,0,0.0,500.0,phoenix_usa
2022-05-13 07:00:00,0.023589408790931066,0,0.0,500.0,phoenix_usa
2022-05-13 08:00:00,0.022626712211698697,0,0.0,500.0,phoenix_usa
2022-05-13 09:00:00,0.02170330380250398,0,0.0,500.0,phoenix_usa
2022-05-13 10:00:00,0.020817580191798492,0,0.0,500.0,phoenix_usa
2022-05-13 11:00:00,0.01996800344249714,0,0.0,500.0,phoenix_usa
2022-05-13 12:00:00,0.019153098381562237,0,0.0,500.0,phoenix_usa
2022-05-13 13:00:00,0.018371450038568597,0,0.0,500.0,phoenix_usa
2022-05-13 14:00:00,0.3961388040645757,1,3.48,444.5710233611328,phoenix_usa
2022-05-13 15:00:00,0.3799721644105637,1,3.48,444.5710233611328,phoenix_usa
2022-05-13 16:00:00,0.36446529409755274,1,3.48,444.5710233611328,phoenix_usa
2022-05-13 17:00:00,0.3495912675805539,1,3.48,444.5710233611328,phoenix_usa
2022-05-13 18:00:00,0.335324258160687,1,3.48,444.5710233611328,phoenix_usa
2022-05-13 19:00:00,0.3216394931406739,1,3.48,444.5710233611328,phoenix_usa
2022-05-13 20:00:00,0.3085132108104614,1,3.48,444.5710233611328,phoenix_usa
2022-05-13 21:00:00,0.29592261918828355,1,3.48,444.5710233611328,phoenix_usa
2022-05-13 22:00:00,0.2838458564455239,1,3.48,444.5710233611328,phoenix_usa
2022-05-13 23:00:00,0.27226195294666045,1,3.48,444.5710233611328,phoenix_usa
2022-05-14 00:00:00,0.26115079483838094,1,3.48,444.5710233611328,phoenix_usa
2022-05-14 01:00:00,0.2504930891246465,1,3.48,444.5710233611328,phoenix_usa
2022-05-14 02:00:00,0.2402703301670607,1,3.48,444.5710233611328,phoenix_usa
2022-05-14 03:00:00,0.2304647675523764,1,3.48,444.5710233611328,phoenix_usa
2022-05-14 04:00:00,0.2210593752713476,1,3.48,444.5710233611328,phoenix_usa
2022-05-14 05:00:00,0.21203782215540917,1,3.48,444.5710233611328,phoenix_usa
2022-05-14 06:00:00,0.20338444351985088,1,3.48,444.5710233611328,phoenix_usa
2022-05-14 07:00:00,0.19508421396424994,1,3.48,444.5710233611328,phoenix_usa
2022-05-14 08:00:00,0.1871227212829319,1,3.48,444.5710233611328,phoenix_usa
2022-05-14 09:00:00,0.17948614144016,1,3.48,444.5710233611328,phoenix_usa
2022-05-14 10:00:00,0.1721612145666011,1,3.48,444.5710233611328,phoenix_usa
2022-05-14 11:00:00,0.16513522193538793,1,3.48,444.5710233611328,phoenix_usa
2022-05-14 12:00:00,0.15839596387780183,1,3.48,444.5710233611328,phoenix_usa
2022-05-14 13:00:00,0.15193173860022738,1,3.48,444.5710233611328,phoenix_usa
2022-05-14 14:00:00,0.1457313218655996,0,0.0,500.0,phoenix_usa
2022-05-14 15:00:00,0.13978394750406153,0,0.0,500.0,phoenix_usa
2022-05-14 16:00:00,0.13407928871899302,0,0.0,500.0,phoenix_usa
2022-05-14 17:00:00,0.12860744015595033,0,0.0,500.0,phoenix_usa
2022-05-14 18:00:00,0.123358900703382,0,0.0,500.0,phoenix_usa
2022-05-14 19:00:00,0.11832455699525705,0,0.0,500.0,phoenix_usa
2022-05-14 20:00:00,0.1134956675869599,0,0.0,500.0,phoenix_usa
2022-05-14 21:00:00,0.10886384777697529,0,0.0,500.0,phoenix_usa
2022-05-14 22:00:00,0.10442105504800878,0,0.0,500.0,phoenix_usa
2022-05-14 23:00:00,0.10015957510226296,0,0.0,500.0,phoenix_usa
2022-05-15 00:00:00,0.09607200846662158,0,0.0,500.0,phoenix_usa
2022-05-15 01:00:00,0.09215125764448327,0,0.0,500.0,phoenix_usa
2022-05-15 02:00:00,0.08839051479193621,0,0.0,500.0,phoenix_usa
2022-05-15 03:00:00,0.7261098673691636,1,3.24,398.7059554113454,phoenix_usa
2022-05-15 04:00:00,0.6964769294834162,1,3.24,398.7059554113454,phoenix_usa
2022-05-15 05:00:00,0.6680533278802375,1,3.24,398.7059554113454,phoenix_usa
2022-05-15 06:00:00,0.6407897088893981,1,3.24,398.7059554113454,phoenix_usa
2022-05-15 07:00:00,0.6146387329907445,1,3.24,398.7059554113454,phoenix_usa
2022-05-15 08:00:00,0.5895549926156408,1,3.24,398.7059554113454,phoenix_usa
2022-05-15 09:00:00,0.5654949333029783,1,3.24,398.7059554113454,phoenix_usa
2022-05-15 10:00:00,0.5424167780728523,1,3.24,398.7059554113454,phoenix_usa
2022-05-15 11:00:00,0.5202804548865871,1,3.24,398.7059554113454,phoenix_usa
2022-05-15 12:00:00,0.4990475270671608,1,3.24,398.7059554113454,phoenix_usa
2022-05-15 13:00:00,0.4786811265592079,1,3.24,398.7059554113454,phoenix_usa
2022-05-15 14:00:00,0.4591458899127173,1,3.24,398.7059554113454,phoenix_usa
2022-05-15 15:00:00,0.44040789687927157,1,3.24,398.7059554113454,phoenix_usa
2022-05-15 16:00:00,0.42243461151420564,1,3.24,398.7059554113454,phoenix_usa
2022-05-15 17:00:00,0.4051948256824207,1,3.24,398.7059554113454,phoenix_usa
2022-05-15 18:00:00,0.38865860486975295,1,3.24,398.7059554113454,phoenix_usa
2022-05-15 19:00:00,0.3727972362058135,1,3.24,398.7059554113454,phoenix_usa
2022-05-15 20:00:00,0.35758317860804134,1,3.24,398.7059554113454,phoenix_usa
2022-05-15 21:00:00,0.3429900149604072,1,3.24,398.7059554113454,phoenix_usa
2022-05-15 22:00:00,0.3289924062437281,1,3.24,398.7059554113454,phoenix_usa
2022-05-15 23:00:00,0.3155660475379507,1,3.24,398.7059554113454,phoenix_usa
2022-05-16 00:00:00,0.3026876258200033,1,3.24,398.7059554113454,phoenix_usa
2022-05-16 01:00:00,0.290334779483943,1,3.24,398.7059554113454,phoenix_usa
2022-05-16 02:00:00,0.2784860595131046,1,3.24,398.7059554113454,phoenix_usa
2022-05-16 03:00:00,0.267120892236838,0,0.0,500.0,phoenix_usa
2022-05-16 04:00:00,0.2562195436071612,0,0.0,500.0,phoenix_usa
2022-05-16 05:00:00,0.24576308493330412,0,0.0,500.0,phoenix_usa
2022-05-16 06:00:00,0.235733360014643,0,0.0,500.0,phoenix_usa
2022-05-16 07:00:00,0.8882609995670389,1,3.76,409.26923246356426,phoenix_usa
2022-05-16 08:00:00,0.8520105859459285,1,3.76,409.26923246356426,phoenix_usa
2022-05-16 09:00:00,0.8172395713847138,1,3.76,409.26923246356426,phoenix_usa
2022-05-16 10:00:00,0.7838875808046085,1,3.76,409.26923246356426,phoenix_usa
2022-05-16 11:00:00,0.7518967030665681,1,3.76,409.26923246356426,phoenix_usa
2022-05-16 12:00:00,0.7212113904165721,1,3.76,409.26923246356426,phoenix_usa
2022-05-16 13:00:00,0.6917783620345987,1,3.76,409.26923246356426,phoenix_usa
2022-05-16 14:00:00,0.6635465115198157,1,3.76,409.26923246356426,phoenix_usa
2022-05-16 15:00:00,0.6364668181513544,1,3.76,409.26923246356426,phoenix_usa
2022-05-16 16:00:00,0.6104922617705782,1,3.76,409.26923246356426,phoenix_usa
2022-05-16 17:00:00,0.5855777411370509,1,3.76,409.26923246356426,phoenix_usa
2022-05-16 18:00:00,0.5616799956164432,1,3.76,409.26923246356426,phoenix_usa
2022-05-16 19:00:00,0.5387575300643992,1,3.76,409.26923246356426,phoenix_usa
2022-05-16 20:00:00,0.5167705427759313,1,3.76,409.26923246356426,phoenix_usa
2022-05-16 21:00:00,0.4956808563752402,1,3.76,409.26923246356426,phoenix_usa
2022-05-16 22:00:00,0.4754518515259594,1,3.76,409.26923246356426,phoenix_usa
2022-05-16 23:00:00,0.4560484033467196,1,3.76,409.26923246356426,phoenix_usa
2022-05-17 00:00:00,0.4374368204216292,1,3.76,409.26923246356426,phoenix_usa
2022-05-17 01:00:00,0.4195847862997701,1,3.76,409.26923246356426,phoenix_usa
2022-05-17 02:00:00,0.4024613033821303,1,3.76,409.26923246356426,phoenix_usa
2022-05-17 03:00:00,0.38603663909854163,1,3.76,409.26923246356426,phoenix_usa
2022-05-17 04:00:00,0.37028227428116645,1,3.76,409.26923246356426,phoenix_usa
2022-05-17 05:00:00,0.3551708536448891,1,3.76,409.26923246356426,phoenix_usa
2022-05-17 06:00:00,0.34067613828863036,1,3.76,409.26923246356426,phoenix_usa
2022-05-17 07:00:00,0.32677296013510904,0,0.0,500.0,phoenix_usa
2022-05-17 08:00:00,0.3134371782299413,0,0.0,500.0,phoenix_usa
2022-05-17 09:00:00,0.30064563682419754,0,0.0,500.0,phoenix_usa
2022-05-17 10:00:00,0.28837612516763317,0,0.0,500.0,phoenix_usa
2022-05-17 11:00:00,0.2766073389427789,0,0.0,500.0,phoenix_usa
2022-05-17 12:00:00,0.2653188432729275,0,0.0,500.0,phoenix_usa
2022-05-17 13:00:00,0.2544910372397839,0,0.0,500.0,phoenix_usa
2022-05-17 14:00:00,0.24410511984916974,0,0.0,500.0,phoenix_usa
2022-05-17 15:00:00,0.23414305738568625,0,0.0,500.0,phoenix_usa
2022-05-17 16:00:00,0.22458755209965017,0,0.0,500.0,phoenix_usa
2022-05-17 17:00:00,0.2154220121719337,0,0.0,500.0,phoenix_usa
2022-05-17 18:00:00,0.2066305229045553,0,0.0,500.0,phoenix_usa
2022-05-17 19:00:00,0.1981978190869978,0,0.0,500.0,phoenix_usa
2022-05-17 20:00:00,0.19010925849027258,0,0.0,500.0,phoenix_usa
2022-05-17 21:00:00,0.18235079644270538,0,0.0,500.0,phoenix_usa
2022-05-17 22:00:00,0.17490896144329754,0,0.0,500.0,phoenix_usa
2022-05-17 23:00:00,0.16777083177031976,0,0.0,500.0,phoenix_usa
2022-05-18 00:00:00,0.16092401304452156,0,0.0,500.0,phoenix_usa
2022-05-18 01:00:00,0.1543566167079985,0,0.0,500.0,phoenix_usa
2022-05-18 02:00:00,0.1480572393813484,0,0.0,500.0,phoenix_usa
2022-05-18 03:00:00,0.1420149430632733,0,0.0,500.0,phoenix_usa
2022-05-18 04:00:00,0.13621923613824627,0,0.0,500.0,phoenix_usa
2022-05-18 05:00:00,0.13066005515926596,0,0.0,500.0,phoenix_usa
2022-05-18 06:00:00,0.12532774737406635,0,0.0,500.0,phoenix_usa
2022-05-18 07:00:00,0.12021305396444192,0,0.0,500.0,phoenix_usa
2022-05-18 08:00:00,0.11530709396958458,0,0.0,500.0,phoenix_usa
2022-05-18 09:00:00,0.1106013488655182,0,0.0,500.0,phoenix_usa
2022-05-18 10:00:00,0.1060876477738548,0,0.0,500.0,phoenix_usa
2022-05-18 11:00:00,0.10175815327418926,0,0.0,500.0,phoenix_usa
2022-05-18 12:00:00,0.09760534779549808,0,0.0,500.0,phoenix_usa
2022-05-18 13:00:00,0.0936220205629124,0,0.0,500.0,phoenix_usa
2022-05-18 14:00:00,0.08980125507720052,0,0.0,500.0,phoenix_usa
2022-05-18 15:00:00,0.08613641710521922,0,0.0,500.0,phoenix_usa
2022-05-18 16:00:00,0.08262114316048151,0,0.0,500.0,phoenix_usa
2022-05-18 17:00:00,0.07924932945383863,0,0.0,500.0,phoenix_usa
2022-05-18 18:00:00,0.07601512129509072,0,0.0,500.0,phoenix_usa
2022-05-18 19:00:00,0.07291290292712337,0,0.0,500.0,phoenix_usa
2022-05-18 20:00:00,0.06993728777491874,0,0.0,500.0,phoenix_usa
2022-05-18 21:00:00,0.06708310909250988,0,0.0,500.0,phoenix_usa
2022-05-18 22:00:00,0.06434541099163765,0,0.0,500.0,phoenix_usa
2022-05-18 23:00:00,0.06171943983653329,0,0.0,500.0,phoenix_usa
2022-05-19 00:00:00,0.05920063598988445,0,0.0,500.0,phoenix_usa
2022-05-19 01:00:00,0.056784625895652995,0,0.0,500.0,phoenix_usa
2022-05-19 02:00:00,0.0544672144849969,0,0.0,500.0,phoenix_usa
2022-05-19 03:00:00,0.05224437789211114,0,0.0,500.0,phoenix_usa
2022-05-19 04:00:00,0.05011225646733877,0,0.0,500.0,phoenix_usa
2022-05-19 05:00:00,0.048067148075420583,0,0.0,500.0,phoenix_usa
2022-05-19 06:00:00,0.04610550166724721,0,0.0,500.0,phoenix_usa
2022-05-19 07:00:00,0.044223911113951325,0,0.0,500.0,phoenix_usa
2022-05-19 08:00:00,0.042419109292633754,0,0.0,500.0,phoenix_usa
2022-05-19 09:00:00,0.04068796241345456,0,0.0,500.0,phoenix_usa
2022-05-19 10:00:00,0.039027464578238504,0,0.0,500.0,phoenix_usa
2022-05-19 11:00:00,0.03743473256114672,0,0.0,500.0,phoenix_usa
2022-05-19 12:00:00,0.03590700080235208,0,0.0,500.0,phoenix_usa
2022-05-19 13:00:00,0.034441616606025495,0,0.0,500.0,phoenix_usa
2022-05-19 14:00:00,0.03303603553429467,0,0.0,500.0,phoenix_usa
2022-05-19 15:00:00,0.03168781698917829,0,0.0,500.0,phoenix_usa
2022-05-19 16:00:00,0.030394619974823664,0,0.0,500.0,phoenix_usa
2022-05-19 17:00:00,0.02915419903268968,0,0.0,500.0,phoenix_usa
2022-05-19 18:00:00,0.027964400342617365,0,0.0,500.0,phoenix_usa
2022-05-19 19:00:00,0.026823157983017754,0,0.0,500.0,phoenix_usa
2022-05-19 20:00:00,0.025728490343683453,0,0.0,500.0,phoenix_usa
2022-05-19 21:00:00,0.024678496684995426,0,0.0,500.0,phoenix_usa
2022-05-19 22:00:00,0.023671353837550434,0,0.0,500.0,phoenix_usa
2022-05-19 23:00:00,0.022705313036478315,0,0.0,500.0,phoenix_usa
2022-05-20 00:00:00,0.02177869688495267,0,0.0,500.0,phoenix_usa
2022-05-20 01:00:00,0.020889896441622233,0,0.0,500.0,phoenix_usa
2022-05-20 02:00:00,0.020037368426905747,0,0.0,500.0,phoenix_usa
2022-05-20 03:00:00,0.019219632543299506,0,0.0,500.0,phoenix_usa
2022-05-20 04:00:00,0.01843526890504458,0,0.0,500.0,phoenix_usa
2022-05-20 05:00:00,0.017682915572690694,0,0.0,500.0,phoenix_usa
2022-05-20 06:00:00,0.016961266188275904,0,0.0,500.0,phoenix_usa
2022-05-20 07:00:00,0.01626906770701595,0,0.0,500.0,phoenix_usa
2022-05-20 08:00:00,0.015605118221564435,0,0.0,500.0,phoenix_usa
2022-05-20 09:00:00,0.01496826487506632,0,0.0,500.0,phoenix_usa
2022-05-20 10:00:00,0.014357401859380644,0,0.0,500.0,phoenix_usa
2022-05-20 11:00:00,0.013771468494997045,0,0.0,500.0,phoenix_usa
2022-05-20 12:00:00,0.01320944738931182,0,0.0,500.0,phoenix_usa
2022-05-20 13:00:00,0.012670362670065726,0,0.0,500.0,phoenix_usa
2022-05-20 14:00:00,0.012153278290876233,0,0.0,500.0,phoenix_usa
2022-05-20 15:00:00,0.011657296405921851,0,0.0,500.0,phoenix_usa
2022-05-20 16:00:00,0.011181555810956487,0,0.0,500.0,phoenix_usa
2022-05-20 17:00:00,0.010725230447946882,0,0.0,500.0,phoenix_usa
2022-05-20 18:00:00,0.01028752797073657,0,0.0,500.0,phoenix_usa
2022-05-20 19:00:00,0.009867688369245885,0,0.0,500.0,phoenix_usa
2022-05-20 20:00:00,0.009464982649819114,0,0.0,500.0,phoenix_usa
2022-05-20 21:00:00,0.009078711569427411,0,0.0,500.0,phoenix_usa
2022-05-20 22:00:00,0.00870820442152953,0,0.0,500.0,phoenix_usa
2022-05-20 23:00:00,0.008352817871482303,0,0.0,500.0,phoenix_usa
2022-05-21 00:00:00,0.008011934839478622,0,0.0,500.0,phoenix_usa
2022-05-21 01:00:00,0.0076849634290732894,0,0.0,500.0,phoenix_usa
2022-05-21 02:00:00,0.007371335899436387,0,0.0,500.0,phoenix_usa
2022-05-21 03:00:00,0.0070705076795494915,0,0.0,500.0,phoenix_usa
2022-05-21 04:00:00,0.006781956422633069,0,0.0,500.0,phoenix_usa
2022-05-21 05:00:00,0.006505181099163245,0,0.0,500.0,phoenix_usa
2022-05-21 06:00:00,0.006239701126903021,0,0.0,500.0,phoenix_usa
2022-05-21 07:00:00,0.005985055536437387,0,0.0,500.0,phoenix_usa
2022-05-21 08:00:00,0.005740802170763416,0,0.0,500.0,phoenix_usa
2022-05-21 09:00:00,0.005506516917545524,0,0.0,500.0,phoenix_usa
2022-05-21 10:00:00,0.005281792972702778,0,0.0,500.0,phoenix_usa
2022-05-21 11:00:00,0.005066240134049637,0,0.0,500.0,phoenix_usa
2022-05-21 12:00:00,0.0048594841237636,0,0.0,500.0,phoenix_usa
2022-05-21 13:00:00,0.004661165938503284,0,0.0,500.0,phoenix_usa
2022-05-21 14:00:00,0.00447094122604857,0,0.0,500.0,phoenix_usa
2022-05-21 15:00:00,0.004288479687380394,0,0.0,500.0,phoenix_usa
2022-05-21 16:00:00,0.004113464503161967,0,0.0,500.0,phoenix_usa
2022-05-21 17:00:00,0.003945591783625636,0,0.0,500.0,phoenix_usa
2022-05-21 18:00:00,0.0037845700409101517,0,0.0,500.0,phoenix_usa
2022-05-21 19:00:00,0.003630119682932117,0,0.0,500.0,phoenix_usa
2022-05-21 20:00:00,0.003481972527912853,0,0.0,500.0,phoenix_usa
2022-05-21 21:00:00,0.0033398713387176645,0,0.0,500.0,phoenix_usa
2022-05-21 22:00:00,0.003203569376198967,0,0.0,500.0,phoenix_usa
2022-05-21 23:00:00,0.0030728299707677466,0,0.0,500.0,phoenix_usa
2022-05-22 00:00:00,0.002947426111449405,0,0.0,500.0,phoenix_usa
2022-05-22 01:00:00,0.002827140051710453,0,0.0,500.0,phoenix_usa
2022-05-22 02:00:00,0.0027117629313716486,0,0.0,500.0,phoenix_usa
2022-05-22 03:00:00,0.0026010944139510587,0,0.0,500.0,phoenix_usa
2022-05-22 04:00:00,0.0024949423388073272,0,0.0,500.0,phoenix_usa
2022-05-22 05:00:00,0.0023931223874792034,0,0.0,500.0,phoenix_usa
2022-05-22 06:00:00,0.0022954577636419026,0,0.0,500.0,phoenix_usa
2022-05-22 07:00:00,0.0022017788861246326,0,0.0,500.0,phoenix_usa
2022-05-22 08:00:00,0.0021119230944562487,0,0.0,500.0,phoenix_usa
2022-05-22 09:00:00,0.002025734366427741,0,0.0,500.0,phoenix_usa
2022-05-22 10:00:00,0.0019430630471811488,0,0.0,500.0,phoenix_usa
2022-05-22 11:00:00,0.0018637655893545134,0,0.0,500.0,phoenix_usa
2022-05-22 12:00:00,0.0017877043038316493,0,0.0,500.0,phoenix_usa
2022-05-22 13:00:00,0.0017147471206639493,0,0.0,500.0,phoenix_usa
2022-05-22 14:00:00,0.0016447673597491112,0,0.0,500.0,phoenix_usa
2022-05-22 15:00:00,0.0015776435108685813,0,0.0,500.0,phoenix_usa
2022-05-22 16:00:00,0.0015132590227017889,0,0.0,500.0,phoenix_usa
2022-05-22 17:00:00,0.0014515021004508335,0,0.0,500.0,phoenix_usa
2022-05-22 18:00:00,0.001392265511724209,0,0.0,500.0,phoenix_usa
2022-05-22 19:00:00,0.0013354464003425203,0,0.0,500.0,phoenix_usa
2022-05-22 20:00:00,0.001280946107742895,0,0.0,500.0,phoenix_usa
2022-05-22 21:00:00,0.0012286700016719712,0,0.0,500.0,phoenix_usa
2022-05-22 22:00:00,0.001178527311870022,0,0.0,500.0,phoenix_usa
2022-05-22 23:00:00,0.0011304309724608985,0,0.0,500.0,phoenix_usa
2022-05-23 00:00:00,0.0010842974707741245,0,0.0,500.0,phoenix_usa
2022-05-23 01:00:00,0.0010400467023366437,0,0.0,500.0,phoenix_usa
2022-05-23 02:00:00,0.0009976018317824345,0,0.0,500.0,phoenix_usa
2022-05-23 03:00:00,0.0009568891594384756,0,0.0,500.0,phoenix_usa
2022-05-23 04:00:00,0.0009178379933554107,0,0.0,500.0,phoenix_usa
2022-05-23 05:00:00,0.0008803805265607171,0,0.0,500.0,phoenix_usa
2022-05-23 06:00:00,0.000844451719321232,0,0.0,500.0,phoenix_usa
2022-05-23 07:00:00,0.0008099891862106104,0,0.0,500.0,phoenix_usa
2022-05-23 08:00:00,0.0007769330877856279,0,0.0,500.0,phoenix_usa
2022-05-23 09:00:00,0.0007452260266832233,0,0.0,500.0,phoenix_usa
2022-05-23 10:00:00,0.0007148129479578808,0,0.0,500.0,phoenix_usa
2022-05-23 11:00:00,0.0006856410434863023,0,0.0,500.0,phoenix_usa
2022-05-23 12:00:00,0.0006576596602733696,0,0.0,500.0,phoenix_usa
2022-05-23 13:00:00,0.0006308202125001935,0,0.0,500.0,phoenix_usa
2022-05-23 14:00:00,0.0006050760971615317,0,0.0,500.0,phoenix_usa
2022-05-23 15:00:00,0.0005803826131460862,0,0.0,500.0,phoenix_usa
2022-05-23 16:00:00,0.0005566968836191769,0,0.0,500.0,phoenix_usa
2022-05-23 17:00:00,0.0005339777815730274,0,0.0,500.0,phoenix_usa
2022-05-23 18:00:00,0.0005121858584153744,0,0.0,500.0,phoenix_usa
2022-05-23 19:00:00,0.0004912832754724206,0,0.0,500.0,phoenix_usa
2022-05-23 20:00:00,0.0004712337382871903,0,0.0,500.0,phoenix_usa
2022-05-23 21:00:00,0.00045200243359920007,0,0.0,500.0,phoenix_usa
2022-05-23 22:00:00,0.0004335559688960257,0,0.0,500.0,phoenix_usa
2022-05-23 23:00:00,0.00041586231443180527,0,0.0,500.0,phoenix_usa
2022-05-24 00:00:00,0.00039889074761199325,0,0.0,500.0,phoenix_usa
2022-05-24 01:00:00,0.00038261179964780586,0,0.0,500.0,phoenix_usa
2022-05-24 02:00:00,0.00036699720438772927,0,0.0,500.0,phoenix_usa
2022-05-24 03:00:00,0.00035201984923723757,0,0.0,500.0,phoenix_usa
2022-05-24 04:00:00,0.0003376537280815065,0,0.0,500.0,phoenix_usa
2022-05-24 05:00:00,0.0003238738961293768,0,0.0,500.0,phoenix_usa
2022-05-24 06:00:00,0.0003106564266001585,0,0.0,500.0,phoenix_usa
2022-05-24 07:00:00,0.0002979783691780707,0,0.0,500.0,phoenix_usa
2022-05-24 08:00:00,0.0002858177101621801,0,0.0,500.0,phoenix_usa
2022-05-24 09:00:00,0.0002741533342426384,0,0.0,500.0,phoenix_usa
2022-05-24 10:00:00,0.0002629649878368565,0,0.0,500.0,phoenix_usa
2022-05-24 11:00:00,0.0002522332439219456,0,0.0,500.0,phoenix_usa
2022-05-24 12:00:00,0.00024193946830236768,0,0.0,500.0,phoenix_usa
2022-05-24 13:00:00,0.0002320657872542216,0,0.0,500.0,phoenix_usa
2022-05-24 14:00:00,0.00022259505648998174,0,0.0,500.0,phoenix_usa
2022-05-24 15:00:00,0.00021351083138980334,0,0.0,500.0,phoenix_usa
2022-05-24 16:00:00,0.00020479733844770627,0,0.0,500.0,phoenix_usa
2022-05-24 17:00:00,0.00019643944788305193,0,0.0,500.0,phoenix_usa
2022-05-24 18:00:00,0.00018842264736976326,0,0.0,500.0,phoenix_usa
2022-05-24 19:00:00,0.00018073301683766985,0,0.0,500.0,phoenix_usa
2022-05-24 20:00:00,0.00017335720430222137,0,0.0,500.0,phoenix_usa
2022-05-24 21:00:00,0.00016628240268060554,0,0.0,500.0,phoenix_usa
2022-05-24 22:00:00,0.00015949632755401317,0,0.0,500.0,phoenix_usa
2022-05-24 23:00:00,0.00015298719583743523,0,0.0,500.0,phoenix_usa
2022-05-25 00:00:00,0.0001467437053199588,0,0.0,500.0,phoenix_usa
2022-05-25 01:00:00,0.00014075501504003468,0,0.0,500.0,phoenix_usa
2022-05-25 02:00:00,0.00013501072646163954,0,0.0,500.0,phoenix_usa
2022-05-25 03:00:00,0.00012950086541865027,0,0.0,500.0,phoenix_usa
2022-05-25 04:00:00,0.00012421586479607874,0,0.0,500.0,phoenix_usa
2022-05-25 05:00:00,0.00011914654791809294,0,0.0,500.0,phoenix_usa
2022-05-25 06:00:00,0.00011428411261398341,0,0.0,500.0,phoenix_usa
2022-05-25 07:00:00,0.0001096201159344064,0,0.0,500.0,phoenix_usa
2022-05-25 08:00:00,0.00010514645949136412,0,0.0,500.0,phoenix_usa
2022-05-25 09:00:00,0.00010085537539646944,0,0.0,500.0,phoenix_usa
2022-05-25 10:00:00,9.673941277307788e-05,0,0.0,500.0,phoenix_usa
2022-05-25 11:00:00,9.279142481886546e-05,0,0.0,500.0,phoenix_usa
2022-05-25 12:00:00,8.900455639639089e-05,0,0.0,500.0,phoenix_usa
2022-05-25 13:00:00,8.537223213009387e-05,0,0.0,500.0,phoenix_usa
2022-05-25 14:00:00,8.188814498906012e-05,0,0.0,500.0,phoenix_usa
2022-05-25 15:00:00,7.85462453357309e-05,0,0.0,500.0,phoenix_usa
2022-05-25 16:00:00,7.534073042154093e-05,0,0.0,500.0,phoenix_usa
2022-05-25 17:00:00,7.22660343112438e-05,0,0.0,500.0,phoenix_usa
2022-05-25 18:00:00,6.931681821843224e-05,0,0.0,500.0,phoenix_usa
2022-05-25 19:00:00,6.648796123547086e-05,0,0.0,500.0,phoenix_usa
2022-05-25 20:00:00,6.377455144174473e-05,0,0.0,500.0,phoenix_usa
2022-05-25 21:00:00,6.117187737478589e-05,0,0.0,500.0,phoenix_usa
2022-05-25 22:00:00,5.867541984946768e-05,0,0.0,500.0,phoenix_usa
2022-05-25 23:00:00,5.628084411106167e-05,0,0.0,500.0,phoenix_usa
2022-05-26 00:00:00,5.3983992308533243e-05,0,0.0,500.0,phoenix_usa
2022-05-26 01:00:00,5.178087627500592e-05,0,0.0,500.0,phoenix_usa
2022-05-26 02:00:00,4.966767060285839e-05,0,0.0,500.0,phoenix_usa
2022-05-26 03:00:00,4.7640706001431204e-05,0,0.0,500.0,phoenix_usa
2022-05-26 04:00:00,4.569646292580889e-05,0,0.0,500.0,phoenix_usa
2022-05-26 05:00:00,4.38315654656145e-05,0,0.0,500.0,phoenix_usa
2022-05-26 06:00:00,4.2042775483206386e-05,0,0.0,500.0,phoenix_usa
2022-05-26 07:00:00,4.0326986991098144e-05,0,0.0,500.0,phoenix_usa
2022-05-26 08:00:00,3.868122075883871e-05,0,0.0,500.0,phoenix_usa
2022-05-26 09:00:00,3.71026191399892e-05,0,0.0,500.0,phoenix_usa
2022-05-26 10:00:00,3.5588441110213384e-05,0,0.0,500.0,phoenix_usa
2022-05-26 11:00:00,3.413605750786611e-05,0,0.0,500.0,phoenix_usa
2022-05-26 12:00:00,3.2742946468816386e-05,0,0.0,500.0,phoenix_usa
2022-05-26 13:00:00,3.140668904757759e-05,0,0.0,500.0,phoenix_usa
2022-05-26 14:00:00,3.0124965017141465e-05,0,0.0,500.0,phoenix_usa
2022-05-26 15:00:00,2.889554884022368e-05,0,0.0,500.0,phoenix_usa
2022-05-26 16:00:00,2.7716305804924755e-05,0,0.0,500.0,phoenix_usa
2022-05-26 17:00:00,2.6585188318096645e-05,0,0.0,500.0,phoenix_usa
2022-05-26 18:00:00,2.5500232349979293e-05,0,0.0,500.0,phoenix_usa
2022-05-26 19:00:00,2.445955402393354e-05,0,0.0,500.0,phoenix_usa
2022-05-26 20:00:00,2.3461346345348456e-05,0,0.0,500.0,phoenix_usa
2022-05-26 21:00:00,2.2503876064044233e-05,0,0.0,500.0,phoenix_usa
2022-05-26 22:00:00,2.158548066472193e-05,0,0.0,500.0,phoenix_usa
2022-05-26 23:00:00,2.070456548023443e-05,0,0.0,500.0,phoenix_usa
2022-05-27 00:00:00,1.9859600922666646e-05,0,0.0,500.0,phoenix_usa
2022-05-27 01:00:00,1.9049119827416774e-05,0,0.0,500.0,phoenix_usa
2022-05-27 02:00:00,1.827171490566682e-05,0,0.0,500.0,phoenix_usa
2022-05-27 03:00:00,1.752603630081949e-05,0,0.0,500.0,phoenix_usa
2022-05-27 04:00:00,1.6810789244658106e-05,0,0.0,500.0,phoenix_usa
2022-05-27 05:00:00,1.6124731809159753e-05,0,0.0,500.0,phoenix_usa
2022-05-27 06:00:00,1.5466672750058377e-05,0,0.0,500.0,phoenix_usa
2022-05-27 07:00:00,1.4835469438413207e-05,0,0.0,500.0,phoenix_usa
2022-05-27 08:00:00,1.4230025876590778e-05,0,0.0,500.0,phoenix_usa
2022-05-27 09:00:00,1.3649290795216087e-05,0,0.0,500.0,phoenix_usa
2022-05-27 10:00:00,1.3092255827788083e-05,0,0.0,500.0,phoenix_usa
2022-05-27 11:00:00,1.2557953759790003e-05,0,0.0,500.0,phoenix_usa
2022-05-27 12:00:00,1.2045456849254626e-05,0,0.0,500.0,phoenix_usa
2022-05-27 13:00:00,1.1553875215868101e-05,0,0.0,500.0,phoenix_usa
2022-05-27 14:00:00,1.1082355295815252e-05,0,0.0,500.0,phoenix_usa
2022-05-27 15:00:00,1.0630078359683606e-05,0,0.0,500.0,phoenix_usa
2022-05-27 16:00:00,1.0196259090852524e-05,0,0.0,500.0,phoenix_usa
2022-05-27 17:00:00,9.780144221898948e-06,0,0.0,500.0,phoenix_usa
2022-05-27 18:00:00,9.38101122665232e-06,0,0.0,500.0,phoenix_usa
2022-05-27 19:00:00,8.998167065627375e-06,0,0.0,500.0,phoenix_usa
2022-05-27 20:00:00,8.63094698265645e-06,0,0.0,500.0,phoenix_usa
2022-05-27 21:00:00,8.278713350631989e-06,0,0.0,500.0,phoenix_usa
2022-05-27 22:00:00,7.940854564354876e-06,0,0.0,500.0,phoenix_usa
2022-05-27 23:00:00,7.616783978566176e-06,0,0.0,500.0,phoenix_usa
2022-05-28 00:00:00,7.305938889318467e-06,0,0.0,500.0,phoenix_usa
2022-05-28 01:00:00,7.0077795569179245e-06,0,0.0,500.0,phoenix_usa
2022-05-28 02:00:00,6.721788268740622e-06,0,0.0,500.0,phoenix_usa
2022-05-28 03:00:00,6.447468440295887e-06,0,0.0,500.0,phoenix_usa
2022-05-28 04:00:00,6.184343752975716e-06,0,0.0,500.0,phoenix_usa
2022-05-28 05:00:00,5.931957326993069e-06,0,0.0,500.0,phoenix_usa
2022-05-28 06:00:00,5.689870928073052e-06,0,0.0,500.0,phoenix_usa
2022-05-28 07:00:00,5.457664206519462e-06,0,0.0,500.0,phoenix_usa
2022-05-28 08:00:00,5.234933967335379e-06,0,0.0,500.0,phoenix_usa
2022-05-28 09:00:00,5.021293470130606e-06,0,0.0,500.0,phoenix_usa
2022-05-28 10:00:00,4.816371757600239e-06,0,0.0,500.0,phoenix_usa
2022-05-28 11:00:00,4.61981301140836e-06,0,0.0,500.0,phoenix_usa
2022-05-28 12:00:00,4.431275934358514e-06,0,0.0,500.0,phoenix_usa
2022-05-28 13:00:00,4.250433157778134e-06,0,0.0,500.0,phoenix_usa
2022-05-28 14:00:00,4.07697067308789e-06,0,0.0,500.0,phoenix_usa
2022-05-28 15:00:00,3.910587286569047e-06,0,0.0,500.0,phoenix_usa
2022-05-28 16:00:00,3.7509940963820647e-06,0,0.0,500.0,phoenix_usa
2022-05-28 17:00:00,3.5979139909282956e-06,0,0.0,500.0,phoenix_usa
2022-05-28 18:00:00,3.451081167683882e-06,0,0.0,500.0,phoenix_usa
2022-05-28 19:00:00,3.3102406716702757e-06,0,0.0,500.0,phoenix_usa
2022-05-28 20:00:00,3.1751479527600005e-06,0,0.0,500.0,phoenix_usa
2022-05-28 21:00:00,3.0455684410490545e-06,0,0.0,500.0,phoenix_usa
2022-05-28 22:00:00,2.9212771395585687e-06,0,0.0,500.0,phoenix_usa
2022-05-28 23:00:00,2.8020582335585202e-06,0,0.0,500.0,phoenix_usa
2022-05-29 00:00:00,2.6877047158351855e-06,0,0.0,500.0,phoenix_usa
2022-05-29 01:00:00,2.578018027251624e-06,0,0.0,500.0,phoenix_usa
2022-05-29 02:00:00,2.472807711977057e-06,0,0.0,500.0,phoenix_usa
2022-05-29 03:00:00,2.3718910867865613e-06,0,0.0,500.0,phoenix_usa
2022-05-29 04:00:00,2.275092923856807e-06,0,0.0,500.0,phoenix_usa
2022-05-29 05:00:00,2.182245146507053e-06,0,0.0,500.0,phoenix_usa
2022-05-29 06:00:00,2.09318653735715e-06,0,0.0,500.0,phoenix_usa
2022-05-29 07:00:00,2.007762458395763e-06,0,0.0,500.0,phoenix_usa
2022-05-29 08:00:00,1.925824582472741e-06,0,0.0,500.0,phoenix_usa
2022-05-29 09:00:00,1.8472306357494598e-06,0,0.0,500.0,phoenix_usa
2022-05-29 10:00:00,1.7718441506598935e-06,0,0.0,500.0,phoenix_usa
2022-05-29 11:00:00,1.6995342289534655e-06,0,0.0,500.0,phoenix_usa
2022-05-29 12:00:00,1.630175314408271e-06,0,0.0,500.0,phoenix_usa
2022-05-29 13:00:00,1.5636469748199892e-06,0,0.0,500.0,phoenix_usa
2022-05-29 14:00:00,1.4998336928879318e-06,0,0.0,500.0,phoenix_usa
2022-05-29 15:00:00,1.438624665635168e-06,0,0.0,500.0,phoenix_usa
2022-05-29 16:00:00,0.5782814500742328,1,3.83,422.7530771055451,phoenix_usa
2022-05-29 17:00:00,0.5546814701529886,1,3.83,422.7530771055451,phoenix_usa
2022-05-29 18:00:00,0.5320446182245439,1,3.83,422.7530771055451,phoenix_usa
2022-05-29 19:00:00,0.5103315885126388,1,3.83,422.7530771055451,phoenix_usa
2022-05-29 20:00:00,0.48950467933108227,1,3.83,422.7530771055451,phoenix_usa
2022-05-29 21:00:00,0.4695277276199635,1,3.83,422.7530771055451,phoenix_usa
2022-05-29 22:00:00,0.4503660461534801,1,3.83,422.7530771055451,phoenix_usa
2022-05-29 23:00:00,0.4319863633103456,1,3.83,422.7530771055451,phoenix_usa
2022-05-30 00:00:00,0.41435676530220145,1,3.83,422.7530771055451,phoenix_usa
2022-05-30 01:00:00,0.39744664075971714,1,3.83,422.7530771055451,phoenix_usa
2022-05-30 02:00:00,0.38122662758016385,1,3.83,422.7530771055451,phoenix_usa
2022-05-30 03:00:00,0.3656685619441649,1,3.83,422.7530771055451,phoenix_usa
2022-05-30 04:00:00,0.35074542941310277,1,3.83,422.7530771055451,phoenix_usa
2022-05-30 05:00:00,0.3364313180222656,1,3.83,422.7530771055451,phoenix_usa
2022-05-30 06:00:00,0.32270137328828874,1,3.83,422.7530771055451,phoenix_usa
2022-05-30 07:00:00,0.3095317550527671,1,3.83,422.7530771055451,phoenix_usa
2022-05-30 08:00:00,0.29689959608710237,1,3.83,422.7530771055451,phoenix_usa
2022-05-30 09:00:00,0.28478296238671014,1,3.83,422.7530771055451,phoenix_usa
2022-05-30 10:00:00,0.2731608150856406,1,3.83,422.7530771055451,phoenix_usa
2022-05-30 11:00:00,0.26201297392548534,1,3.83,422.7530771055451,phoenix_usa
2022-05-30 12:00:00,0.2513200822151371,1,3.83,422.7530771055451,phoenix_usa
2022-05-30 13:00:00,0.24106357322056124,1,3.83,422.7530771055451,phoenix_usa
2022-05-30 14:00:00,0.23122563792621914,1,3.83,422.7530771055451,phoenix_usa
2022-05-30 15:00:00,0.22178919411216425,1,3.83,422.7530771055451,phoenix_usa
2022-05-30 16:00:00,0.21273785669312012,0,0.0,500.0,phoenix_usa
2022-05-30 17:00:00,0.20405590926803552,0,0.0,500.0,phoenix_usa
2022-05-30 18:00:00,0.19572827683071856,0,0.0,500.0,phoenix_usa
2022-05-30 19:00:00,0.1877404995941641,0,0.0,500.0,phoenix_usa
2022-05-30 20:00:00,0.18007870788312455,0,0.0,500.0,phoenix_usa
2022-05-30 21:00:00,0.17272959805132937,0,0.0,500.0,phoenix_usa
2022-05-30 22:00:00,0.16568040938153428,0,0.0,500.0,phoenix_usa
2022-05-30 23:00:00,0.15891890192829364,0,0.0,500.0,phoenix_usa
2022-05-31 00:00:00,0.15243333526498035,0,0.0,500.0,phoenix_usa
2022-05-31 01:00:00,0.14621244809815176,0,0.0,500.0,phoenix_usa
2022-05-31 02:00:00,0.14024543871386425,0,0.0,500.0,phoenix_usa
2022-05-31 03:00:00,0.13452194622198432,0,0.0,500.0,phoenix_usa
2022-05-31 04:00:00,0.12903203256592985,0,0.0,500.0,phoenix_usa
2022-05-31 05:00:00,0.12376616526660288,0,0.0,500.0,phoenix_usa
2022-05-31 06:00:00,0.11871520087055266,0,0.0,500.0,phoenix_usa
2022-05-31 07:00:00,0.11387036907362776,0,0.0,500.0,phoenix_usa
2022-05-31 08:00:00,0.10922325749255019,0,0.0,500.0,phoenix_usa
2022-05-31 09:00:00,0.1047657970579708,0,0.0,500.0,phoenix_usa
2022-05-31 10:00:00,0.10049024800364117,0,0.0,500.0,phoenix_usa
2022-05-31 11:00:00,0.09638918642737523,0,0.0,500.0,phoenix_usa
2022-05-31 12:00:00,0.09245549140046555,0,0.0,500.0,phoenix_usa
2022-05-31 13:00:00,0.08868233260317117,0,0.0,500.0,phoenix_usa
2022-05-31 14:00:00,0.08506315846480778,0,0.0,500.0,phoenix_usa
2022-05-31 15:00:00,0.08159168478784755,0,0.0,500.0,phoenix_usa
2022-05-31 16:00:00,0.07826188383627541,0,0.0,500.0,phoenix_usa
2022-05-31 17:00:00,0.07506797386925546,0,0.0,500.0,phoenix_usa
2022-05-31 18:00:00,0.07200440910193412,0,0.0,500.0,phoenix_usa
2022-05-31 19:00:00,0.06906587007594846,0,0.0,500.0,phoenix_usa
2022-05-31 20:00:00,0.06624725442291929,0,0.0,500.0,phoenix_usa
2022-05-31 21:00:00,0.06354366800489092,0,0.0,500.0,phoenix_usa
2022-05-31 22:00:00,0.06095041641633462,0,0.0,500.0,phoenix_usa
2022-05-31 23:00:00,0.05846299683295992,0,0.0,500.0,phoenix_usa
2022-06-01 00:00:00,0.05607709019318009,0,0.0,500.0,phoenix_usa
2022-06-01 01:00:00,0.05378855369865657,0,0.0,500.0,phoenix_usa
2022-06-01 02:00:00,0.05159341362090013,0,0.0,500.0,phoenix_usa
2022-06-01 03:00:00,0.04948785840143842,0,0.0,500.0,phoenix_usa
2022-06-01 04:00:00,0.047468232033569605,0,0.0,500.0,phoenix_usa
2022-06-01 05:00:00,0.04553102771421025,0,0.0,500.0,phoenix_usa
2022-06-01 06:00:00,0.043672881754814465,0,0.0,500.0,phoenix_usa
2022-06-01 07:00:00,0.04189056774079205,0,0.0,500.0,phoenix_usa
2022-06-01 08:00:00,0.04018099092928391,0,0.0,500.0,phoenix_usa
2022-06-01 09:00:00,0.03854118287556704,0,0.0,500.0,phoenix_usa
2022-06-01 10:00:00,0.03696829627875916,0,0.0,500.0,phoenix_usa
2022-06-01 11:00:00,0.03545960003787277,0,0.0,500.0,phoenix_usa
2022-06-01 12:00:00,0.03401247450963436,0,0.0,500.0,phoenix_usa
2022-06-01 13:00:00,0.03262440695983459,0,0.0,500.0,phoenix_usa
2022-06-01 14:00:00,0.03129298720031132,0,0.0,500.0,phoenix_usa
2022-06-01 15:00:00,0.03001590340398983,0,0.0,500.0,phoenix_usa
2022-06-01 16:00:00,0.02879093809071333,0,0.0,500.0,phoenix_usa
2022-06-01 17:00:00,0.02761596427689414,0,0.0,500.0,phoenix_usa
2022-06-01 18:00:00,0.026488941782299442,0,0.0,500.0,phoenix_usa
2022-06-01 19:00:00,0.025407913687559357,0,0.0,500.0,phoenix_usa
2022-06-01 20:00:00,0.02437100293624591,0,0.0,500.0,phoenix_usa
2022-06-01 21:00:00,0.02337640907562293,0,0.0,500.0,phoenix_usa
2022-06-01 22:00:00,0.022422405130407885,0,0.0,500.0,phoenix_usa
2022-06-01 23:00:00,0.021507334604117096,0,0.0,500.0,phoenix_usa
2022-06-02 00:00:00,0.020629608602787657,0,0.0,500.0,phoenix_usa
2022-06-02 01:00:00,0.019787703076081894,0,0.0,500.0,phoenix_usa
2022-06-02 02:00:00,0.018980156170983822,0,0.0,500.0,phoenix_usa
2022-06-02 03:00:00,0.01820556569349263,0,0.0,500.0,phoenix_usa
2022-06-02 04:00:00,0.017462586673905944,0,0.0,500.0,phoenix_usa
2022-06-02 05:00:00,0.016749929031465112,0,0.0,500.0,phoenix_usa
2022-06-02 06:00:00,0.01606635533430762,0,0.0,500.0,phoenix_usa
2022-06-02 07:00:00,0.015410678650837027,0,0.0,500.0,phoenix_usa
2022-06-02 08:00:00,0.014781760488779758,0,0.0,500.0,phoenix_usa
2022-06-02 09:00:00,0.014178508818349969,0,0.0,500.0,phoenix_usa
2022-06-02 10:00:00,0.013599876176090231,0,0.0,500.0,phoenix_usa
2022-06-02 11:00:00,0.01304485784609549,0,0.0,500.0,phoenix_usa
2022-06-02 12:00:00,0.012512490115462219,0,0.0,500.0,phoenix_usa
2022-06-02 13:00:00,0.01200184860093366,0,0.0,500.0,phoenix_usa
2022-06-02 14:00:00,0.011512046643835627,0,0.0,500.0,phoenix_usa
2022-06-02 15:00:00,0.011042233770515775,0,0.0,500.0,phoenix_usa
2022-06-02 16:00:00,0.010591594215613218,0,0.0,500.0,phoenix_usa
2022-06-02 17:00:00,0.010159345505594329,0,0.0,500.0,phoenix_usa
2022-06-02 18:00:00,0.009744737100095184,0,0.0,500.0,phoenix_usa
2022-06-02 19:00:00,0.009347049088711583,0,0.0,500.0,phoenix_usa
2022-06-02 20:00:00,0.008965590940973723,0,0.0,500.0,phoenix_usa
2022-06-02 21:00:00,0.008599700307335192,0,0.0,500.0,phoenix_usa
2022-06-02 22:00:00,0.008248741869094137,0,0.0,500.0,phoenix_usa
2022-06-02 23:00:00,0.007912106235249818,0,0.0,500.0,phoenix_usa
2022-06-03 00:00:00,0.0075892088843791,0,0.0,500.0,phoenix_usa
2022-06-03 01:00:00,0.007279489149695442,0,0.0,500.0,phoenix_usa
2022-06-03 02:00:00,0.006982409245528231,0,0.0,500.0,phoenix_usa
2022-06-03 03:00:00,0.006697453333532049,0,0.0,500.0,phoenix_usa
2022-06-03 04:00:00,0.006424126627004398,0,0.0,500.0,phoenix_usa
2022-06-03 05:00:00,0.006161954531756705,0,0.0,500.0,phoenix_usa
2022-06-03 06:00:00,0.0059104818220469075,0,0.0,500.0,phoenix_usa
2022-06-03 07:00:00,0.005669271850142606,0,0.0,500.0,phoenix_usa
2022-06-03 08:00:00,0.005437905788142403,0,0.0,500.0,phoenix_usa
2022-06-03 09:00:00,0.005215981900738951,0,0.0,500.0,phoenix_usa
2022-06-03 10:00:00,0.005003114847660886,0,0.0,500.0,phoenix_usa
2022-06-03 11:00:00,0.5318999039853384,1,3.68,427.40653545354814,phoenix_usa
2022-06-03 12:00:00,0.5101927801400995,1,3.68,427.40653545354814,phoenix_usa
2022-06-03 13:00:00,0.4893715358035839,1,3.68,427.40653545354814,phoenix_usa
2022-06-03 14:00:00,0.4694000177521049,1,3.68,427.40653545354814,phoenix_usa
2022-06-03 15:00:00,0.4502435481946613,1,3.68,427.40653545354814,phoenix_usa
2022-06-03 16:00:00,0.43186886455972917,1,3.68,427.40653545354814,phoenix_usa
2022-06-03 17:00:00,0.4142440617393866,1,3.68,427.40653545354814,phoenix_usa
2022-06-03 18:00:00,0.3973385366904865,1,3.68,427.40653545354814,phoenix_usa
2022-06-03 19:00:00,0.38112293529668717,1,3.68,427.40653545354814,phoenix_usa
2022-06-03 20:00:00,0.3655691013990706,1,3.68,427.40653545354814,phoenix_usa
2022-06-03 21:00:00,0.35065002790685007,1,3.68,427.40653545354814,phoenix_usa
2022-06-03 22:00:00,0.33633980990327567,1,3.68,427.40653545354814,phoenix_usa
2022-06-03 23:00:00,0.32261359966531367,1,3.68,427.40653545354814,phoenix_usa
2022-06-04 00:00:00,0.309447563518997,1,3.68,427.40653545354814,phoenix_usa
2022-06-04 01:00:00,0.29681884045553236,1,3.68,427.40653545354814,phoenix_usa
2022-06-04 02:00:00,0.28470550243630594,1,3.68,427.40653545354814,phoenix_usa
2022-06-04 03:00:00,0.27308651631786474,1,3.68,427.40653545354814,phoenix_usa
2022-06-04 04:00:00,0.2619417073307585,1,3.68,427.40653545354814,phoenix_usa
2022-06-04 05:00:00,0.25125172404883095,1,3.68,427.40653545354814,phoenix_usa
2022-06-04 06:00:00,0.24099800478813319,1,3.68,427.40653545354814,phoenix_usa
2022-06-04 07:00:00,0.23116274537711498,1,3.68,427.40653545354814,phoenix_usa
2022-06-04 08:00:00,0.22172886824213286,1,3.68,427.40653545354814,phoenix_usa
2022-06-04 09:00:00,0.21267999275459507,1,3.68,427.40653545354814,phoenix_usa
2022-06-04 10:00:00,0.20400040678825548,1,3.68,427.40653545354814,phoenix_usa
2022-06-04 11:00:00,0.19567503943727016,0,0.0,500.0,phoenix_usa
2022-06-04 12:00:00,0.18768943484764433,0,0.0,500.0,phoenix_usa
2022-06-04 13:00:00,0.1800297271166329,0,0.0,500.0,phoenix_usa
2022-06-04 14:00:00,0.17268261621650946,0,0.0,500.0,phoenix_usa
2022-06-04 15:00:00,0.16563534490089937,0,0.0,500.0,phoenix_usa
2022-06-04 16:00:00,0.15887567655357845,0,0.0,500.0,phoenix_usa
2022-06-04 17:00:00,0.152391873941274,0,0.0,500.0,phoenix_usa
2022-06-04 18:00:00,0.14617267883357485,0,0.0,500.0,phoenix_usa
2022-06-04 19:00:00,0.1402072924545651,0,0.0,500.0,phoenix_usa
2022-06-04 20:00:00,0.1344853567322364,0,0.0,500.0,phoenix_usa
2022-06-04 21:00:00,0.12899693631312267,0,0.0,500.0,phoenix_usa
2022-06-04 22:00:00,0.1237325013109262,0,0.0,500.0,phoenix_usa
2022-06-04 23:00:00,0.118682910759183,0,0.0,500.0,phoenix_usa
2022-06-05 00:00:00,0.11383939673923309,0,0.0,500.0,phoenix_usa
2022-06-05 01:00:00,0.10919354915593676,0,0.0,500.0,phoenix_usa
2022-06-05 02:00:00,0.10473730113470295,0,0.0,500.0,phoenix_usa
2022-06-05 03:00:00,0.10046291501447208,0,0.0,500.0,phoenix_usa
2022-06-05 04:00:00,0.09636296891233297,0,0.0,500.0,phoenix_usa
2022-06-05 05:00:00,0.0924303438364454,0,0.0,500.0,phoenix_usa
2022-06-05 06:00:00,0.08865821132489106,0,0.0,500.0,phoenix_usa
2022-06-05 07:00:00,0.08504002158898949,0,0.0,500.0,phoenix_usa
2022-06-05 08:00:00,0.08156949214049221,0,0.0,500.0,phoenix_usa
2022-06-05 09:00:00,0.07824059688290685,0,0.0,500.0,phoenix_usa
2022-06-05 10:00:00,0.07504755564801036,0,0.0,500.0,phoenix_usa
2022-06-05 11:00:00,0.07198482415938288,0,0.0,500.0,phoenix_usa
2022-06-05 12:00:00,0.06904708440553523,0,0.0,500.0,phoenix_usa
2022-06-05 13:00:00,0.0662292354059142,0,0.0,500.0,phoenix_usa
2022-06-05 14:00:00,0.06352638435375214,0,0.0,500.0,phoenix_usa
2022-06-05 15:00:00,0.06093383812038195,0,0.0,500.0,phoenix_usa
2022-06-05 16:00:00,0.05844709510626528,0,0.0,500.0,phoenix_usa
2022-06-05 17:00:00,0.05606183742458479,0,0.0,500.0,phoenix_usa
2022-06-05 18:00:00,0.053773923403828215,0,0.0,500.0,phoenix_usa
2022-06-05 19:00:00,0.05157938039634639,0,0.0,500.0,phoenix_usa
2022-06-05 20:00:00,0.049474397880397224,0,0.0,500.0,phoenix_usa
2022-06-05 21:00:00,0.04745532084369969,0,0.0,500.0,phoenix_usa
2022-06-05 22:00:00,0.045518643437008274,0,0.0,500.0,phoenix_usa
2022-06-05 23:00:00,0.043661002886688415,0,0.0,500.0,phoenix_usa
2022-06-06 00:00:00,0.04187917365572316,0,0.0,500.0,phoenix_usa
2022-06-06 01:00:00,0.04017006184301243,0,0.0,500.0,phoenix_usa
2022-06-06 02:00:00,0.0385306998112396,0,0.0,500.0,phoenix_usa
2022-06-06 03:00:00,0.03695824103397809,0,0.0,500.0,phoenix_usa
2022-06-06 04:00:00,0.03544995515309011,0,0.0,500.0,phoenix_usa
2022-06-06 05:00:00,0.034003223237835806,0,0.0,500.0,phoenix_usa
2022-06-06 06:00:00,0.03261553323746055,0,0.0,500.0,phoenix_usa
2022-06-06 07:00:00,0.031284475619364836,0,0.0,500.0,phoenix_usa
2022-06-06 08:00:00,0.03000773918528264,0,0.0,500.0,phoenix_usa
2022-06-06 09:00:00,0.02878310705820386,0,0.0,500.0,phoenix_usa
2022-06-06 10:00:00,0.02760845283307277,0,0.0,500.0,phoenix_usa
2022-06-06 11:00:00,0.02648173688457832,0,0.0,500.0,phoenix_usa
2022-06-06 12:00:00,0.025401002825625695,0,0.0,500.0,phoenix_usa
2022-06-06 13:00:00,0.024364374110339603,0,0.0,500.0,phoenix_usa
2022-06-06 14:00:00,0.02337005077570058,0,0.0,500.0,phoenix_usa
2022-06-06 15:00:00,0.022416306316157236,0,0.0,500.0,phoenix_usa
2022-06-06 16:00:00,0.02150148468578701,0,0.0,500.0,phoenix_usa
2022-06-06 17:00:00,0.02062399742280048,0,0.0,500.0,phoenix_usa
2022-06-06 18:00:00,0.019782320891396258,0,0.0,500.0,phoenix_usa
2022-06-06 19:00:00,0.018974993636177145,0,0.0,500.0,phoenix_usa
2022-06-06 20:00:00,0.018200613844534103,0,0.0,500.0,phoenix_usa
2022-06-06 21:00:00,0.017457836912591732,0,0.0,500.0,phoenix_usa
2022-06-06 22:00:00,0.01674537311048874,0,0.0,500.0,phoenix_usa
2022-06-06 23:00:00,0.01606198534293965,0,0.0,500.0,phoenix_usa
2022-06-07 00:00:00,0.01540648700118922,0,0.0,500.0,phoenix_usa
2022-06-07 01:00:00,0.014777739902629684,0,0.0,500.0,phoenix_usa
2022-06-07 02:00:00,0.014174652314503414,0,0.0,500.0,phoenix_usa
2022-06-07 03:00:00,0.013596177058259317,0,0.0,500.0,phoenix_usa
2022-06-07 04:00:00,0.013041309691271478,0,0.0,500.0,phoenix_usa
2022-06-07 05:00:00,0.012509086762762828,0,0.0,500.0,phoenix_usa
2022-06-07 06:00:00,0.011998584140905585,0,0.0,500.0,phoenix_usa
2022-06-07 07:00:00,0.011508915408193546,0,0.0,500.0,phoenix_usa
2022-06-07 08:00:00,0.011039230322300156,0,0.0,500.0,phoenix_usa
2022-06-07 09:00:00,0.010588713339749829,0,0.0,500.0,phoenix_usa
2022-06-07 10:00:00,0.010156582199838926,0,0.0,500.0,phoenix_usa
2022-06-07 11:00:00,0.009742086566347839,0,0.0,500.0,phoenix_usa
2022-06-07 12:00:00,0.00934450672468541,0,0.0,500.0,phoenix_usa
2022-06-07 13:00:00,0.008963152332203685,0,0.0,500.0,phoenix_usa
2022-06-07 14:00:00,0.008597361219512965,0,0.0,500.0,phoenix_usa
2022-06-07 15:00:00,0.008246498240715796,0,0.0,500.0,phoenix_usa
2022-06-07 16:00:00,0.007909954170563647,0,0.0,500.0,phoenix_usa
2022-06-07 17:00:00,0.007587144646621111,0,0.0,500.0,phoenix_usa
2022-06-07 18:00:00,0.007277509154601004,0,0.0,500.0,phoenix_usa
2022-06-07 19:00:00,0.00698051005510852,0,0.0,500.0,phoenix_usa
2022-06-07 20:00:00,0.006695631650104426,0,0.0,500.0,phoenix_usa
2022-06-07 21:00:00,0.006422379287466425,0,0.0,500.0,phoenix_usa
2022-06-07 22:00:00,0.0061602785020938924,0,0.0,500.0,phoenix_usa
2022-06-07 23:00:00,0.0059088741920645385,0,0.0,500.0,phoenix_usa
2022-06-08 00:00:00,0.005667729828412581,0,0.0,500.0,phoenix_usa
2022-06-08 01:00:00,0.0054364266971563295,0,0.0,500.0,phoenix_usa
2022-06-08 02:00:00,0.005214563172259009,0,0.0,500.0,phoenix_usa
2022-06-08 03:00:00,0.005001754018260423,0,0.0,500.0,phoenix_usa
2022-06-08 04:00:00,0.004797629721368664,0,0.0,500.0,phoenix_usa
2022-06-08 05:00:00,0.004601835847850276,0,0.0,500.0,phoenix_usa
2022-06-08 06:00:00,0.004414032428604877,0,0.0,500.0,phoenix_usa
2022-06-08 07:00:00,0.004233893368855642,0,0.0,500.0,phoenix_usa
2022-06-08 08:00:00,0.0040611058819306255,0,0.0,500.0,phoenix_usa
2022-06-08 09:00:00,0.0038953699461517634,0,0.0,500.0,phoenix_usa
2022-06-08 10:00:00,0.0037363977838885615,0,0.0,500.0,phoenix_usa
2022-06-08 11:00:00,0.003583913361871859,0,0.0,500.0,phoenix_usa
2022-06-08 12:00:00,0.003437651911900053,0,0.0,500.0,phoenix_usa
2022-06-08 13:00:00,0.003297359471105602,0,0.0,500.0,phoenix_usa
2022-06-08 14:00:00,0.003162792440983459,0,0.0,500.0,phoenix_usa
2022-06-08 15:00:00,0.7495991422002659,1,3.05,376.0339286196485,phoenix_usa
2022-06-08 16:00:00,0.7190075942565488,1,3.05,376.0339286196485,phoenix_usa
2022-06-08 17:00:00,0.6896645039922864,1,3.05,376.0339286196485,phoenix_usa
2022-06-08 18:00:00,0.6615189211718044,1,3.05,376.0339286196485,phoenix_usa
2022-06-08 19:00:00,0.6345219748662058,1,3.05,376.0339286196485,phoenix_usa
2022-06-08 20:00:00,0.6086267885957342,1,3.05,376.0339286196485,phoenix_usa
2022-06-08 21:00:00,0.5837883989352204,1,3.05,376.0339286196485,phoenix_usa
2022-06-08 22:00:00,0.559963677441287,1,3.05,376.0339286196485,phoenix_usa
2022-06-08 23:00:00,0.5371112557657446,1,3.05,376.0339286196485,phoenix_usa
2022-06-09 00:00:00,0.5151914538251521,1,3.05,376.0339286196485,phoenix_usa
2022-06-09 01:00:00,0.4941662109018153,1,3.05,376.0339286196485,phoenix_usa
2022-06-09 02:00:00,0.47399901955659207,1,3.05,376.0339286196485,phoenix_usa
2022-06-09 03:00:00,0.45465486223875134,1,3.05,376.0339286196485,phoenix_usa
2022-06-09 04:00:00,0.43610015048281786,1,3.05,376.0339286196485,phoenix_usa
2022-06-09 05:00:00,0.41830266658682763,1,3.05,376.0339286196485,phoenix_usa
2022-06-09 06:00:00,0.4012315076707241,1,3.05,376.0339286196485,phoenix_usa
2022-06-09 07:00:00,0.3848570320177628,1,3.05,376.0339286196485,phoenix_usa
2022-06-09 08:00:00,0.3691508076057522,1,3.05,376.0339286196485,phoenix_usa
2022-06-09 09:00:00,0.3540855627387613,1,3.05,376.0339286196485,phoenix_usa
2022-06-09 10:00:00,0.3396351386935761,1,3.05,376.0339286196485,phoenix_usa
2022-06-09 11:00:00,0.3257744442986781,1,3.05,376.0339286196485,phoenix_usa
2022-06-09 12:00:00,0.31247941236688026,1,3.05,376.0339286196485,phoenix_usa
2022-06-09 13:00:00,0.29972695790597037,1,3.05,376.0339286196485,phoenix_usa
2022-06-09 14:00:00,0.2874949380348012,1,3.05,376.0339286196485,phoenix_usa
2022-06-09 15:00:00,0.27576211353522634,0,0.0,500.0,phoenix_usa
2022-06-09 16:00:00,0.26450811197312235,0,0.0,500.0,phoenix_usa
2022-06-09 17:00:00,0.25371339232446233,0,0.0,500.0,phoenix_usa
2022-06-09 18:00:00,0.2433592110450188,0,0.0,500.0,phoenix_usa
2022-06-09 19:00:00,0.23342758952477974,0,0.0,500.0,phoenix_usa
2022-06-09 20:00:00,0.2239012828705682,0,0.0,500.0,phoenix_usa
2022-06-09 21:00:00,0.21476374996265998,0,0.0,500.0,phoenix_usa
2022-06-09 22:00:00,0.20599912473340648,0,0.0,500.0,phoenix_usa
2022-06-09 23:00:00,0.19759218861799374,0,0.0,500.0,phoenix_usa
2022-06-10 00:00:00,0.1895283441294999,0,0.0,500.0,phoenix_usa
2022-06-10 01:00:00,0.1817935895123689,0,0.0,500.0,phoenix_usa
2022-06-10 02:00:00,0.17437449443029066,0,0.0,500.0,phoenix_usa
2022-06-10 03:00:00,0.1672581766462709,0,0.0,500.0,phoenix_usa
2022-06-10 04:00:00,0.16043227965440104,0,0.0,500.0,phoenix_usa
2022-06-10 05:00:00,0.15388495122448634,0,0.0,500.0,phoenix_usa
2022-06-10 06:00:00,0.14760482282228124,0,0.0,500.0,phoenix_usa
2022-06-10 07:00:00,0.14158098986959444,0,0.0,500.0,phoenix_usa
2022-06-10 08:00:00,0.13580299280999072,0,0.0,500.0,phoenix_usa
2022-06-10 09:00:00,0.1302607989472112,0,0.0,500.0,phoenix_usa
2022-06-10 10:00:00,0.12494478502477811,0,0.0,500.0,phoenix_usa
2022-06-10 11:00:00,0.1198457205165349,0,0.0,500.0,phoenix_usa
2022-06-10 12:00:00,0.11495475159910862,0,0.0,500.0,phoenix_usa
2022-06-10 13:00:00,0.11026338577846483,0,0.0,500.0,phoenix_usa
2022-06-10 14:00:00,0.10576347714386115,0,0.0,500.0,phoenix_usa
2022-06-10 15:00:00,0.10144721222359493,0,0.0,500.0,phoenix_usa
2022-06-10 16:00:00,0.0973070964179855,0,0.0,500.0,phoenix_usa
2022-06-10 17:00:00,0.09333594098603411,0,0.0,500.0,phoenix_usa
2022-06-10 18:00:00,0.0895268505631646,0,0.0,500.0,phoenix_usa
2022-06-10 19:00:00,0.0858732111883728,0,0.0,500.0,phoenix_usa
2022-06-10 20:00:00,0.0823686788199937,0,0.0,500.0,phoenix_usa
2022-06-10 21:00:00,0.07900716832014672,0,0.0,500.0,phoenix_usa
2022-06-10 22:00:00,0.07578284288873183,0,0.0,500.0,phoenix_usa
2022-06-10 23:00:00,0.07269010392862978,0,0.0,500.0,phoenix_usa
2022-06-11 00:00:00,0.06972358132450926,0,0.0,500.0,phoenix_usa
2022-06-11 01:00:00,0.06687812411836086,0,0.0,500.0,phoenix_usa
2022-06-11 02:00:00,0.06414879156556813,0,0.0,500.0,phoenix_usa
2022-06-11 03:00:00,0.061530844555984565,0,0.0,500.0,phoenix_usa
2022-06-11 04:00:00,0.05901973738512159,0,0.0,500.0,phoenix_usa
2022-06-11 05:00:00,0.056611109861158686,0,0.0,500.0,phoenix_usa
2022-06-11 06:00:00,0.05430077973407059,0,0.0,500.0,phoenix_usa
2022-06-11 07:00:00,0.05208473543372604,0,0.0,500.0,phoenix_usa
2022-06-11 08:00:00,0.049959129104348785,0,0.0,500.0,phoenix_usa
2022-06-11 09:00:00,0.04792026992324566,0,0.0,500.0,phoenix_usa
2022-06-11 10:00:00,0.045964617692201365,0,0.0,500.0,phoenix_usa
2022-06-11 11:00:00,0.044088776690411724,0,0.0,500.0,phoenix_usa
2022-06-11 12:00:00,0.04228948977828204,0,0.0,500.0,phoenix_usa
2022-06-11 13:00:00,0.0405636327418528,0,0.0,500.0,phoenix_usa
2022-06-11 14:00:00,0.03890820886803225,0,0.0,500.0,phoenix_usa
2022-06-11 15:00:00,0.037320343741216816,0,0.0,500.0,phoenix_usa
2022-06-11 16:00:00,0.035797280252264155,0,0.0,500.0,phoenix_usa
2022-06-11 17:00:00,0.03433637381115294,0,0.0,500.0,phoenix_usa
2022-06-11 18:00:00,0.0329350877550162,0,0.0,500.0,phoenix_usa
2022-06-11 19:00:00,0.03159098894357582,0,0.0,500.0,phoenix_usa
2022-06-11 20:00:00,0.030301743534329278,0,0.0,500.0,phoenix_usa
2022-06-11 21:00:00,0.029065112930153635,0,0.0,500.0,phoenix_usa
2022-06-11 22:00:00,0.02787894989228986,0,0.0,500.0,phoenix_usa
2022-06-11 23:00:00,0.026741194811958385,0,0.0,500.0,phoenix_usa
2022-06-12 00:00:00,0.025649872134132057,0,0.0,500.0,phoenix_usa
2022-06-12 01:00:00,0.02460308692725694,0,0.0,500.0,phoenix_usa
2022-06-12 02:00:00,0.023599021592964523,0,0.0,500.0,phoenix_usa
2022-06-12 03:00:00,0.022635932710062465,0,0.0,500.0,phoenix_usa
2022-06-12 04:00:00,0.021712148007323805,0,0.0,500.0,phoenix_usa
2022-06-12 05:00:00,0.020826063459818175,0,0.0,500.0,phoenix_usa
2022-06-12 06:00:00,0.019976140503743457,0,0.0,500.0,phoenix_usa
2022-06-12 07:00:00,0.019160903364921555,0,0.0,500.0,phoenix_usa
2022-06-12 08:00:00,0.01837893649631976,0,0.0,500.0,phoenix_usa
2022-06-12 09:00:00,0.017628882120148275,0,0.0,500.0,phoenix_usa
2022-06-12 10:00:00,0.016909437870266015,0,0.0,500.0,phoenix_usa
2022-06-12 11:00:00,0.01621935453080117,0,0.0,500.0,phoenix_usa
2022-06-12 12:00:00,0.015557433867059807,0,0.0,500.0,phoenix_usa
2022-06-12 13:00:00,0.014922526544956422,0,0.0,500.0,phoenix_usa
2022-06-12 14:00:00,0.014313530135353456,0,0.0,500.0,phoenix_usa
2022-06-12 15:00:00,0.01372938719984497,0,0.0,500.0,phoenix_usa
2022-06-12 16:00:00,0.013169083454660445,0,0.0,500.0,phoenix_usa
2022-06-12 17:00:00,0.012631646009500683,0,0.0,500.0,phoenix_usa
2022-06-12 18:00:00,0.012116141678247778,0,0.0,500.0,phoenix_usa
2022-06-12 19:00:00,0.011621675358615885,0,0.0,500.0,phoenix_usa
2022-06-12 20:00:00,0.011147388477929414,0,0.0,500.0,phoenix_usa
2022-06-12 21:00:00,0.010692457502329788,0,0.0,500.0,phoenix_usa
2022-06-12 22:00:00,0.010256092506822235,0,0.0,500.0,phoenix_usa
2022-06-12 23:00:00,1.0959358402825454,1,3.06,320.6362994738558,phoenix_usa
2022-06-13 00:00:00,1.0512101036670618,1,3.06,320.6362994738558,phoenix_usa
2022-06-13 01:00:00,1.00830964864405,1,3.06,320.6362994738558,phoenix_usa
2022-06-13 02:00:00,0.967159984480792,1,3.06,320.6362994738558,phoenix_usa
2022-06-13 03:00:00,0.9276896604518134,1,3.06,320.6362994738558,phoenix_usa
2022-06-13 04:00:00,0.8898301417745358,1,3.06,320.6362994738558,phoenix_usa
2022-06-13 05:00:00,0.8535156906080643,1,3.06,320.6362994738558,phoenix_usa
2022-06-13 06:00:00,0.8186832519084803,1,3.06,320.6362994738558,phoenix_usa
2022-06-13 07:00:00,0.785272343942439,1,3.06,320.6362994738558,phoenix_usa
2022-06-13 08:00:00,0.7532249532689685,1,3.06,320.6362994738558,phoenix_usa
2022-06-13 09:00:00,0.7224854340071182,1,3.06,320.6362994738558,phoenix_usa
2022-06-13 10:00:00,0.6930004112145476,1,3.06,320.6362994738558,phoenix_usa
2022-06-13 11:00:00,0.6647186882092916,1,3.06,320.6362994738558,phoenix_usa
2022-06-13 12:00:00,0.637591157673769,1,3.06,320.6362994738558,phoenix_usa
2022-06-13 13:00:00,0.611570716386689,1,3.06,320.6362994738558,phoenix_usa
2022-06-13 14:00:00,0.5866121834347952,1,3.06,320.6362994738558,phoenix_usa
2022-06-13 15:00:00,0.5626722217624274,1,3.06,320.6362994738558,phoenix_usa
2022-06-13 16:00:00,0.5397092629226952,1,3.06,320.6362994738558,phoenix_usa
2022-06-13 17:00:00,0.5176834348995932,1,3.06,320.6362994738558,phoenix_usa
2022-06-13 18:00:00,0.49655649287573456,1,3.06,320.6362994738558,phoenix_usa
2022-06-13 19:00:00,0.4762917528254936,1,3.06,320.6362994738558,phoenix_usa
2022-06-13 20:00:00,0.4568540278182451,1,3.06,320.6362994738558,phoenix_usa
2022-06-13 21:00:00,0.43820956692110546,1,3.06,320.6362994738558,phoenix_usa
2022-06-13 22:00:00,0.4203259965950857,1,3.06,320.6362994738558,phoenix_usa
2022-06-13 23:00:00,0.40317226448289767,0,0.0,500.0,phoenix_usa
2022-06-14 00:00:00,0.38671858549081267,0,0.0,500.0,phoenix_usa
2022-06-14 01:00:00,0.37093639007094636,0,0.0,500.0,phoenix_usa
2022-06-14 02:00:00,0.35579827461417457,0,0.0,500.0,phoenix_usa
2022-06-14 03:00:00,0.3412779538675382,0,0.0,500.0,phoenix_usa
2022-06-14 04:00:00,0.3273502152935214,0,0.0,500.0,phoenix_usa
2022-06-14 05:00:00,0.3139908752919523,0,0.0,500.0,phoenix_usa
2022-06-14 06:00:00,0.3011767372085109,0,0.0,500.0,phoenix_usa
2022-06-14 07:00:00,0.2888855510569331,0,0.0,500.0,phoenix_usa
2022-06-14 08:00:00,0.2770959748849738,0,0.0,500.0,phoenix_usa
2022-06-14 09:00:00,0.26578753771704555,0,0.0,500.0,phoenix_usa
2022-06-14 10:00:00,0.2549406040091875,0,0.0,500.0,phoenix_usa
2022-06-14 11:00:00,0.2445363395546483,0,0.0,500.0,phoenix_usa
2022-06-14 12:00:00,0.2345566787808791,0,0.0,500.0,phoenix_usa
2022-06-14 13:00:00,0.22498429338115392,0,0.0,500.0,phoenix_usa
2022-06-14 14:00:00,0.2158025622263521,0,0.0,500.0,phoenix_usa
2022-06-14 15:00:00,0.20699554250465563,0,0.0,500.0,phoenix_usa
2022-06-14 16:00:00,0.19854794203905216,0,0.0,500.0,phoenix_usa
2022-06-14 17:00:00,0.19044509273457513,0,0.0,500.0,phoenix_usa
2022-06-14 18:00:00,0.18267292510917663,0,0.0,500.0,phoenix_usa
2022-06-14 19:00:00,0.17521794386400932,0,0.0,500.0,phoenix_usa
2022-06-14 20:00:00,0.1680672044506986,0,0.0,500.0,phoenix_usa
2022-06-14 21:00:00,0.16120829059491612,0,0.0,500.0,phoenix_usa
2022-06-14 22:00:00,0.15462929273722975,0,0.0,500.0,phoenix_usa
2022-06-14 23:00:00,0.1483187873537934,0,0.0,500.0,phoenix_usa
2022-06-15 00:00:00,0.14226581712097083,0,0.0,500.0,phoenix_usa
2022-06-15 01:00:00,0.13645987188945194,0,0.0,500.0,phoenix_usa
2022-06-15 02:00:00,0.13089087043482592,0,0.0,500.0,phoenix_usa
2022-06-15 03:00:00,0.12554914295292324,0,0.0,500.0,phoenix_usa
2022-06-15 04:00:00,0.12042541426953206,0,0.0,500.0,phoenix_usa
2022-06-15 05:00:00,0.11551078773533548,0,0.0,500.0,phoenix_usa
2022-06-15 06:00:00,0.11079672977810534,0,0.0,500.0,phoenix_usa
2022-06-15 07:00:00,0.10627505508532877,0,0.0,500.0,phoenix_usa
2022-06-15 08:00:00,0.10193791239154024,0,0.0,500.0,phoenix_usa
2022-06-15 09:00:00,0.09777777084568039,0,0.0,500.0,phoenix_usa
2022-06-15 10:00:00,0.09378740693480991,0,0.0,500.0,phoenix_usa
2022-06-15 11:00:00,0.08995989194147411,0,0.0,500.0,phoenix_usa
2022-06-15 12:00:00,0.08628857991293928,0,0.0,500.0,phoenix_usa
2022-06-15 13:00:00,0.08276709612141074,0,0.0,500.0,phoenix_usa
2022-06-15 14:00:00,0.07938932599519578,0,0.0,500.0,phoenix_usa
2022-06-15 15:00:00,0.07614940450159224,0,0.0,500.0,phoenix_usa
2022-06-15 16:00:00,0.07304170596306642,0,0.0,500.0,phoenix_usa
2022-06-15 17:00:00,0.07006083428903898,0,0.0,500.0,phoenix_usa
2022-06-15 18:00:00,0.06720161360631659,0,0.0,500.0,phoenix_usa
2022-06-15 19:00:00,0.06445907927190091,0,0.0,500.0,phoenix_usa
2022-06-15 20:00:00,0.06182846925256953,0,0.0,500.0,phoenix_usa
2022-06-15 21:00:00,0.059305215856261195,0,0.0,500.0,phoenix_usa
2022-06-15 22:00:00,0.05688493780090744,0,0.0,500.0,phoenix_usa
2022-06-15 23:00:00,0.054563432606939494,0,0.0,500.0,phoenix_usa
2022-06-16 00:00:00,0.05233666930026133,0,0.0,500.0,phoenix_usa
2022-06-16 01:00:00,0.050200781413018175,0,0.0,500.0,phoenix_usa
2022-06-16 02:00:00,0.04815206027000742,0,0.0,500.0,phoenix_usa
2022-06-16 03:00:00,0.0461869485490749,0,0.0,500.0,phoenix_usa
2022-06-16 04:00:00,0.04430203410431487,0,0.0,500.0,phoenix_usa
2022-06-16 05:00:00,0.042494044041348315,0,0.0,500.0,phoenix_usa
2022-06-16 06:00:00,0.040759839034392675,0,0.0,500.0,phoenix_usa
2022-06-16 07:00:00,0.03909640787525498,0,0.0,500.0,phoenix_usa
2022-06-16 08:00:00,0.037500862244783266,0,0.0,500.0,phoenix_usa
2022-06-16 09:00:00,0.03597043169769822,0,0.0,500.0,phoenix_usa
2022-06-16 10:00:00,0.034502458852096504,0,0.0,500.0,phoenix_usa
2022-06-16 11:00:00,0.033094394775272824,0,0.0,500.0,phoenix_usa
2022-06-16 12:00:00,0.03174379455784943,0,0.0,500.0,phoenix_usa
2022-06-16 13:00:00,0.030448313068527622,0,0.0,500.0,phoenix_usa
2022-06-16 14:00:00,0.02920570088209009,0,0.0,500.0,phoenix_usa
2022-06-16 15:00:00,0.028013800373583864,0,0.0,500.0,phoenix_usa
2022-06-16 16:00:00,0.026870541971901685,0,0.0,500.0,phoenix_usa
2022-06-16 17:00:00,0.02577394056625669,0,0.0,500.0,phoenix_usa
2022-06-16 18:00:00,0.02472209205931094,0,0.0,500.0,phoenix_usa
2022-06-16 19:00:00,0.0237131700609726,0,0.0,500.0,phoenix_usa
2022-06-16 20:00:00,0.022745422717120982,0,0.0,500.0,phoenix_usa
2022-06-16 21:00:00,0.021817169667753124,0,0.0,500.0,phoenix_usa
2022-06-16 22:00:00,0.020926799129270084,0,0.0,500.0,phoenix_usa
2022-06-16 23:00:00,0.02007276509583655,0,0.0,500.0,phoenix_usa
2022-06-17 00:00:00,0.01925358465495473,0,0.0,500.0,phoenix_usa
2022-06-17 01:00:00,0.018467835412590852,0,0.0,500.0,phoenix_usa
2022-06-17 02:00:00,0.017714153023383934,0,0.0,500.0,phoenix_usa
2022-06-17 03:00:00,0.01699122882164784,0,0.0,500.0,phoenix_usa
2022-06-17 04:00:00,0.016297807549053533,0,0.0,500.0,phoenix_usa
2022-06-17 05:00:00,0.015632685175045867,0,0.0,500.0,phoenix_usa
2022-06-17 06:00:00,0.01499470680621033,0,0.0,500.0,phoenix_usa
2022-06-17 07:00:00,0.014382764680959581,0,0.0,500.0,phoenix_usa
2022-06-17 08:00:00,0.013795796246058102,0,0.0,500.0,phoenix_usa
2022-06-17 09:00:00,0.013232782311644764,0,0.0,500.0,phoenix_usa
2022-06-17 10:00:00,0.012692745281549945,0,0.0,500.0,phoenix_usa
2022-06-17 11:00:00,0.012174747455834464,0,0.0,500.0,phoenix_usa
2022-06-17 12:00:00,0.011677889402602728,0,0.0,500.0,phoenix_usa
2022-06-17 13:00:00,0.011201308396263066,0,0.0,500.0,phoenix_usa
2022-06-17 14:00:00,0.010744176919523599,0,0.0,500.0,phoenix_usa
2022-06-17 15:00:00,0.010305701226522378,0,0.0,500.0,phoenix_usa
2022-06-17 16:00:00,0.009885119964596978,0,0.0,500.0,phoenix_usa
2022-06-17 17:00:00,0.009481702852300477,0,0.0,500.0,phoenix_usa
2022-06-17 18:00:00,0.009094749411368263,0,0.0,500.0,phoenix_usa
2022-06-17 19:00:00,0.008723587750433977,0,0.0,500.0,phoenix_usa
2022-06-17 20:00:00,0.008367573398382695,0,0.0,500.0,phoenix_usa
2022-06-17 21:00:00,0.008026088185315567,0,0.0,500.0,phoenix_usa
2022-06-17 22:00:00,0.007698539169182904,0,0.0,500.0,phoenix_usa
2022-06-17 23:00:00,0.007384357606221983,0,0.0,500.0,phoenix_usa
2022-06-18 00:00:00,0.007082997963411803,0,0.0,500.0,phoenix_usa
2022-06-18 01:00:00,0.006793936971230097,0,0.0,500.0,phoenix_usa
2022-06-18 02:00:00,0.006516672715067897,0,0.0,500.0,phoenix_usa
2022-06-18 03:00:00,0.006250723763723913,0,0.0,500.0,phoenix_usa
2022-06-18 04:00:00,0.005995628333465527,0,0.0,500.0,phoenix_usa
2022-06-18 05:00:00,0.9802064033625009,1,5.2,405.7474164503029,phoenix_usa
2022-06-18 06:00:00,2.815152819011146,3,5.2,399.13818984885205,phoenix_usa
2022-06-18 07:00:00,2.700264904146561,3,5.2,399.13818984885205,phoenix_usa
2022-06-18 08:00:00,2.590065627459199,3,5.2,399.13818984885205,phoenix_usa
2022-06-18 09:00:00,2.4843636430796283,3,5.2,399.13818984885205,phoenix_usa
2022-06-18 10:00:00,2.3829754140672295,3,5.2,399.13818984885205,phoenix_usa
2022-06-18 11:00:00,2.28572489372357,3,5.2,399.13818984885205,phoenix_usa
2022-06-18 12:00:00,2.1924432199115538,3,5.2,399.13818984885205,phoenix_usa
2022-06-18 13:00:00,2.102968421849574,3,5.2,399.13818984885205,phoenix_usa
2022-06-18 14:00:00,2.017145138871554,3,5.2,399.13818984885205,phoenix_usa
2022-06-18 15:00:00,1.9348243506645426,3,5.2,399.13818984885205,phoenix_usa
2022-06-18 16:00:00,1.8558631185154637,3,5.2,399.13818984885205,phoenix_usa
2022-06-18 17:00:00,1.7801243371177198,3,5.2,399.13818984885205,phoenix_usa
2022-06-18 18:00:00,1.7074764965067102,3,5.2,399.13818984885205,phoenix_usa
2022-06-18 19:00:00,1.6377934537108847,3,5.2,399.13818984885205,phoenix_usa
2022-06-18 20:00:00,1.570954213721844,3,5.2,399.13818984885205,phoenix_usa
2022-06-18 21:00:00,1.5068427194031686,3,5.2,399.13818984885205,phoenix_usa
2022-06-18 22:00:00,1.4453476499731825,3,5.2,399.13818984885205,phoenix_usa
2022-06-18 23:00:00,3.2417081712438036,4,5.2,188.1274977213675,phoenix_usa
2022-06-19 00:00:00,3.1094123008816013,4,5.2,188.1274977213675,phoenix_usa
2022-06-19 01:00:00,2.9825154968110987,4,5.2,188.1274977213675,phoenix_usa
2022-06-19 02:00:00,2.86079742020583,4,5.2,188.1274977213675,phoenix_usa
2022-06-19 03:00:00,2.744046724386453,4,5.2,188.1274977213675,phoenix_usa
2022-06-19 04:00:00,2.632060687846351,4,5.2,188.1274977213675,phoenix_usa
2022-06-19 05:00:00,2.524644862253646,3,5.1,188.1274977213675,phoenix_usa
2022-06-19 06:00:00,2.4216127348184493,1,3.0,188.1274977213675,phoenix_usa
2022-06-19 07:00:00,2.322785404439084,1,3.0,188.1274977213675,phoenix_usa
2022-06-19 08:00:00,2.227991271064955,1,3.0,188.1274977213675,phoenix_usa
2022-06-19 09:00:00,2.1370657377366933,1,3.0,188.1274977213675,phoenix_usa
2022-06-19 10:00:00,2.0498509247861985,1,3.0,188.1274977213675,phoenix_usa
2022-06-19 11:00:00,1.9661953957003384,1,3.0,188.1274977213675,phoenix_usa
2022-06-19 12:00:00,1.8859538941722949,1,3.0,188.1274977213675,phoenix_usa
2022-06-19 13:00:00,1.808987091883989,1,3.0,188.1274977213675,phoenix_usa
2022-06-19 14:00:00,1.7351613465816418,1,3.0,188.1274977213675,phoenix_usa
2022-06-19 15:00:00,1.664348470024406,1,3.0,188.1274977213675,phoenix_usa
2022-06-19 16:00:00,1.5964255054031349,1,3.0,188.1274977213675,phoenix_usa
2022-06-19 17:00:00,1.5312745138428145,1,3.0,188.1274977213675,phoenix_usa
2022-06-19 18:00:00,1.4687823696179487,1,3.0,188.1274977213675,phoenix_usa
2022-06-19 19:00:00,1.4088405637253136,1,3.0,188.1274977213675,phoenix_usa
2022-06-19 20:00:00,1.3513450154730162,1,3.0,188.1274977213675,phoenix_usa
2022-06-19 21:00:00,1.296195891758702,1,3.0,188.1274977213675,phoenix_usa
2022-06-19 22:00:00,1.2432974337231248,1,3.0,188.1274977213675,phoenix_usa
2022-06-19 23:00:00,1.1925577904780686,0,0.0,500.0,phoenix_usa
2022-06-20 00:00:00,1.1438888596199324,0,0.0,500.0,phoenix_usa
2022-06-20 01:00:00,1.0972061342520338,0,0.0,500.0,phoenix_usa
2022-06-20 02:00:00,1.0524285562500244,0,0.0,500.0,phoenix_usa
2022-06-20 03:00:00,1.009478375515615,0,0.0,500.0,phoenix_usa
2022-06-20 04:00:00,2.3210827654670085,1,3.75,317.1658860057172,phoenix_usa
2022-06-20 05:00:00,2.2263581177136773,1,3.75,317.1658860057172,phoenix_usa
2022-06-20 06:00:00,2.1354992342603047,1,3.75,317.1658860057172,phoenix_usa
2022-06-20 07:00:00,2.048348351167122,1,3.75,317.1658860057172,phoenix_usa
2022-06-20 08:00:00,1.9647541429263897,1,3.75,317.1658860057172,phoenix_usa
2022-06-20 09:00:00,1.8845714597064944,1,3.75,317.1658860057172,phoenix_usa
2022-06-20 10:00:00,1.8076610753192481,1,3.75,317.1658860057172,phoenix_usa
2022-06-20 11:00:00,1.733889445472791,1,3.75,317.1658860057172,phoenix_usa
2022-06-20 12:00:00,1.6631284758903109,1,3.75,317.1658860057172,phoenix_usa
2022-06-20 13:00:00,1.5952552998919756,1,3.75,317.1658860057172,phoenix_usa
2022-06-20 14:00:00,1.5301520650538594,1,3.75,317.1658860057172,phoenix_usa
2022-06-20 15:00:00,1.4677057285734378,1,3.75,317.1658860057172,phoenix_usa
2022-06-20 16:00:00,1.4078078609863283,1,3.75,317.1658860057172,phoenix_usa
2022-06-20 17:00:00,1.3503544578934534,1,3.75,317.1658860057172,phoenix_usa
2022-06-20 18:00:00,1.2952457593717261,1,3.75,317.1658860057172,phoenix_usa
2022-06-20 19:00:00,1.2423860767546795,1,3.75,317.1658860057172,phoenix_usa
2022-06-20 20:00:00,1.191683626482273,1,3.75,317.1658860057172,phoenix_usa
2022-06-20 21:00:00,1.1430503707313804,1,3.75,317.1658860057172,phoenix_usa
2022-06-20 22:00:00,1.0964018645502318,1,3.75,317.1658860057172,phoenix_usa
2022-06-20 23:00:00,1.051657109231384,1,3.75,317.1658860057172,phoenix_usa
2022-06-21 00:00:00,1.0087384116686167,1,3.75,317.1658860057172,phoenix_usa
2022-06-21 01:00:00,0.967571249453555,1,3.75,317.1658860057172,phoenix_usa
2022-06-21 02:00:00,0.9280841414777657,1,3.75,317.1658860057172,phoenix_usa
2022-06-21 03:00:00,0.8902085238156587,1,3.75,317.1658860057172,phoenix_usa
2022-06-21 04:00:00,0.853878630672669,0,0.0,500.0,phoenix_usa
2022-06-21 05:00:00,0.8190313801920117,0,0.0,500.0,phoenix_usa
2022-06-21 06:00:00,0.7856062649217239,0,0.0,500.0,phoenix_usa
2022-06-21 07:00:00,0.7535452467518062,0,0.0,500.0,phoenix_usa
2022-06-21 08:00:00,0.7227926561390363,0,0.0,500.0,phoenix_usa
2022-06-21 09:00:00,0.6932950954444743,0,0.0,500.0,phoenix_usa
2022-06-21 10:00:00,0.6650013462158134,0,0.0,500.0,phoenix_usa
2022-06-21 11:00:00,0.6378622802535923,0,0.0,500.0,phoenix_usa
2022-06-21 12:00:00,0.61183077430684,0,0.0,500.0,phoenix_usa
2022-06-21 13:00:00,0.5868616282500416,0,0.0,500.0,phoenix_usa
2022-06-21 14:00:00,0.5629114865993423,0,0.0,500.0,phoenix_usa
2022-06-21 15:00:00,0.5399387632317211,0,0.0,500.0,phoenix_usa
2022-06-21 16:00:00,0.5179035691764141,0,0.0,500.0,phoenix_usa
2022-06-21 17:00:00,0.4967676433532095,0,0.0,500.0,phoenix_usa
2022-06-21 18:00:00,0.47649428613735106,0,0.0,500.0,phoenix_usa
2022-06-21 19:00:00,0.4570482956356921,0,0.0,500.0,phoenix_usa
2022-06-21 20:00:00,0.43839590656345634,0,0.0,500.0,phoenix_usa
2022-06-21 21:00:00,0.42050473161547025,0,0.0,500.0,phoenix_usa
2022-06-21 22:00:00,0.40334370523006674,0,0.0,500.0,phoenix_usa
2022-06-21 23:00:00,0.386883029648016,0,0.0,500.0,phoenix_usa
2022-06-22 00:00:00,0.37109412317281915,0,0.0,500.0,phoenix_usa
2022-06-22 01:00:00,0.35594957054252796,0,0.0,500.0,phoenix_usa
2022-06-22 02:00:00,0.34142307532691835,0,0.0,500.0,phoenix_usa
2022-06-22 03:00:00,0.3274894142673592,0,0.0,500.0,phoenix_usa
2022-06-22 04:00:00,0.3141243934800979,0,0.0,500.0,phoenix_usa
2022-06-22 05:00:00,0.3013048064469125,0,0.0,500.0,phoenix_usa
2022-06-22 06:00:00,0.2890083937201879,0,0.0,500.0,phoenix_usa
2022-06-22 07:00:00,0.27721380427245107,0,0.0,500.0,phoenix_usa
2022-06-22 08:00:00,0.2659005584232512,0,0.0,500.0,phoenix_usa
2022-06-22 09:00:00,0.255049012279015,0,0.0,500.0,phoenix_usa
2022-06-22 10:00:00,0.24464032362413032,0,0.0,500.0,phoenix_usa
2022-06-22 11:00:00,0.23465641920403346,0,0.0,500.0,phoenix_usa
2022-06-22 12:00:00,0.2250799633434912,0,0.0,500.0,phoenix_usa
2022-06-22 13:00:00,0.21589432784558807,0,0.0,500.0,phoenix_usa
2022-06-22 14:00:00,0.20708356311915194,0,0.0,500.0,phoenix_usa
2022-06-22 15:00:00,0.19863237048448523,0,0.0,500.0,phoenix_usa
2022-06-22 16:00:00,0.19052607560931462,0,0.0,500.0,phoenix_usa
2022-06-22 17:00:00,0.18275060302883314,0,0.0,500.0,phoenix_usa
2022-06-22 18:00:00,0.17529245170559404,0,0.0,500.0,phoenix_usa
2022-06-22 19:00:00,0.16813867158681856,0,0.0,500.0,phoenix_usa
2022-06-22 20:00:00,0.1612768411184122,0,0.0,500.0,phoenix_usa
2022-06-22 21:00:00,0.15469504567664658,0,0.0,500.0,phoenix_usa
2022-06-22 22:00:00,0.14838185688005595,0,0.0,500.0,phoenix_usa
2022-06-22 23:00:00,0.1423263127456267,0,0.0,500.0,phoenix_usa
2022-06-23 00:00:00,0.13651789865482308,0,0.0,500.0,phoenix_usa
2022-06-23 01:00:00,0.13094652909640012,0,0.0,500.0,phoenix_usa
2022-06-23 02:00:00,0.12560253015430198,0,0.0,500.0,phoenix_usa
2022-06-23 03:00:00,0.12047662271023907,0,0.0,500.0,phoenix_usa
2022-06-23 04:00:00,0.11555990633177671,0,0.0,500.0,phoenix_usa
2022-06-23 05:00:00,0.11084384381795971,0,0.0,500.0,phoenix_usa
2022-06-23 06:00:00,0.10632024637563887,0,0.0,500.0,phoenix_usa
2022-06-23 07:00:00,0.10198125940075888,0,0.0,500.0,phoenix_usa
2022-06-23 08:00:00,0.0978193488399201,0,0.0,500.0,phoenix_usa
2022-06-23 09:00:00,0.09382728810853236,0,0.0,500.0,phoenix_usa
2022-06-23 10:00:00,0.08999814554284584,0,0.0,500.0,phoenix_usa
2022-06-23 11:00:00,0.08632527236407152,0,0.0,500.0,phoenix_usa
2022-06-23 12:00:00,0.08280229113369225,0,0.0,500.0,phoenix_usa
2022-06-23 13:00:00,0.07942308467991908,0,0.0,500.0,phoenix_usa
2022-06-23 14:00:00,0.0761817854760647,0,0.0,500.0,phoenix_usa
2022-06-23 15:00:00,0.07307276545239133,0,0.0,500.0,phoenix_usa
2022-06-23 16:00:00,0.07009062622374262,0,0.0,500.0,phoenix_usa
2022-06-23 17:00:00,0.0672301897159912,0,0.0,500.0,phoenix_usa
2022-06-23 18:00:00,0.06448648917502597,0,0.0,500.0,phoenix_usa
2022-06-23 19:00:00,0.061854760542667475,0,0.0,500.0,phoenix_usa
2022-06-23 20:00:00,0.05933043418453696,0,0.0,500.0,phoenix_usa
2022-06-23 21:00:00,0.05690912695551546,0,0.0,500.0,phoenix_usa
2022-06-23 22:00:00,0.0545866345890159,0,0.0,500.0,phoenix_usa
2022-06-23 23:00:00,0.052358924396853065,0,0.0,500.0,phoenix_usa
2022-06-24 00:00:00,0.05022212826703591,0,0.0,500.0,phoenix_usa
2022-06-24 01:00:00,0.048172535947323666,0,0.0,500.0,phoenix_usa
2022-06-24 02:00:00,0.04620658860288383,0,0.0,500.0,phoenix_usa
2022-06-24 03:00:00,0.04432087263686544,0,0.0,500.0,phoenix_usa
2022-06-24 04:00:00,0.04251211376315822,0,0.0,500.0,phoenix_usa
2022-06-24 05:00:00,0.040777171321045656,0,0.0,500.0,phoenix_usa
2022-06-24 06:00:00,0.039113032821880084,0,0.0,500.0,phoenix_usa
2022-06-24 07:00:00,0.03751680871831107,0,0.0,500.0,phoenix_usa
2022-06-24 08:00:00,0.035985727386984176,0,0.0,500.0,phoenix_usa
2022-06-24 09:00:00,0.0345171303159988,0,0.0,500.0,phoenix_usa
2022-06-24 10:00:00,0.033108467488768265,0,0.0,500.0,phoenix_usa
2022-06-24 11:00:00,0.031757292956267176,0,0.0,500.0,phoenix_usa
2022-06-24 12:00:00,0.030461260589977772,0,0.0,500.0,phoenix_usa
2022-06-24 13:00:00,0.02921812000816077,0,0.0,500.0,phoenix_usa
2022-06-24 14:00:00,0.02802571266837737,0,0.0,500.0,phoenix_usa
2022-06-24 15:00:00,0.02688196811947759,0,0.0,500.0,phoenix_usa
2022-06-24 16:00:00,0.025784900406546872,0,0.0,500.0,phoenix_usa
2022-06-24 17:00:00,0.02473260462256889,0,0.0,500.0,phoenix_usa
2022-06-24 18:00:00,0.023723253600816813,0,0.0,500.0,phoenix_usa
2022-06-24 19:00:00,0.022755094742229892,0,0.0,500.0,phoenix_usa
2022-06-24 20:00:00,0.02182644697226649,0,0.0,500.0,phoenix_usa
2022-06-24 21:00:00,0.02093569782194969,0,0.0,500.0,phoenix_usa
2022-06-24 22:00:00,0.020081300628036893,0,0.0,500.0,phoenix_usa
2022-06-24 23:00:00,1.0099602841211068,1,3.42,352.20263110284833,phoenix_usa
2022-06-25 00:00:00,0.9687432566279156,1,3.42,352.20263110284833,phoenix_usa
2022-06-25 01:00:00,0.9292083184030688,1,3.42,352.20263110284833,phoenix_usa
2022-06-25 02:00:00,0.8912868224703349,1,3.42,352.20263110284833,phoenix_usa
2022-06-25 03:00:00,0.8549129233738495,1,3.42,352.20263110284833,phoenix_usa
2022-06-25 04:00:00,0.8200234628465488,1,3.42,352.20263110284833,phoenix_usa
2022-06-25 05:00:00,0.7865578601445367,1,3.42,352.20263110284833,phoenix_usa
2022-06-25 06:00:00,0.7544580068569635,1,3.42,352.20263110284833,phoenix_usa
2022-06-25 07:00:00,0.7236681660087735,1,3.42,352.20263110284833,phoenix_usa
2022-06-25 08:00:00,0.6941348752811209,1,3.42,352.20263110284833,phoenix_usa
2022-06-25 09:00:00,0.6658068541814177,1,3.42,352.20263110284833,phoenix_usa
2022-06-25 10:00:00,0.6386349150018171,1,3.42,352.20263110284833,phoenix_usa
2022-06-25 11:00:00,0.6125718774115336,1,3.42,352.20263110284833,phoenix_usa
2022-06-25 12:00:00,0.5875724865346944,1,3.42,352.20263110284833,phoenix_usa
2022-06-25 13:00:00,0.5635933343714802,1,3.42,352.20263110284833,phoenix_usa
2022-06-25 14:00:00,0.540592784426109,1,3.42,352.20263110284833,phoenix_usa
2022-06-25 15:00:00,0.5185308994107969,1,3.42,352.20263110284833,phoenix_usa
2022-06-25 16:00:00,0.49736937190015534,1,3.42,352.20263110284833,phoenix_usa
2022-06-25 17:00:00,0.47707145781562316,1,3.42,352.20263110284833,phoenix_usa
2022-06-25 18:00:00,0.4576019126244327,1,3.42,352.20263110284833,phoenix_usa
2022-06-25 19:00:00,0.4389269301423328,1,3.42,352.20263110284833,phoenix_usa
2022-06-25 20:00:00,0.42101408383380473,1,3.42,352.20263110284833,phoenix_usa
2022-06-25 21:00:00,0.4038322705078486,1,3.42,352.20263110284833,phoenix_usa
2022-06-25 22:00:00,0.38735165631157376,1,3.42,352.20263110284833,phoenix_usa
2022-06-25 23:00:00,0.371543624927824,0,0.0,500.0,phoenix_usa
2022-06-26 00:00:00,0.3563807278868807,0,0.0,500.0,phoenix_usa
2022-06-26 01:00:00,0.34183663690597665,0,0.0,500.0,phoenix_usa
2022-06-26 02:00:00,0.32788609817385733,0,0.0,500.0,phoenix_usa
2022-06-26 03:00:00,0.31450488850101577,0,0.0,500.0,phoenix_usa
2022-06-26 04:00:00,0.3016697732594594,0,0.0,500.0,phoenix_usa
2022-06-26 05:00:00,0.28935846603897764,0,0.0,500.0,phoenix_usa
2022-06-26 06:00:00,0.2775495899498599,0,0.0,500.0,phoenix_usa
2022-06-26 07:00:00,0.2662226405048701,0,0.0,500.0,phoenix_usa
2022-06-26 08:00:00,0.2553579500160276,0,0.0,500.0,phoenix_usa
2022-06-26 09:00:00,0.2449366534443759,0,0.0,500.0,phoenix_usa
2022-06-26 10:00:00,0.23494065564344008,0,0.0,500.0,phoenix_usa
2022-06-26 11:00:00,0.22535259993949625,0,0.0,500.0,phoenix_usa
2022-06-26 12:00:00,0.21615583799409818,0,0.0,500.0,phoenix_usa
2022-06-26 13:00:00,0.20733440089652988,0,0.0,500.0,phoenix_usa
2022-06-26 14:00:00,0.19887297143599092,0,0.0,500.0,phoenix_usa
2022-06-26 15:00:00,0.19075685750536925,0,0.0,500.0,phoenix_usa
2022-06-26 16:00:00,0.18297196659042034,0,0.0,500.0,phoenix_usa
2022-06-26 17:00:00,0.17550478130005667,0,0.0,500.0,phoenix_usa
2022-06-26 18:00:00,0.1683423358952594,0,0.0,500.0,phoenix_usa
2022-06-26 19:00:00,0.16147219377585803,0,0.0,500.0,phoenix_usa
2022-06-26 20:00:00,0.15488242588608683,0,0.0,500.0,phoenix_usa
2022-06-26 21:00:00,0.148561590001422,0,0.0,500.0,phoenix_usa
2022-06-26 22:00:00,0.14249871086073432,0,0.0,500.0,phoenix_usa
2022-06-26 23:00:00,0.1366832611092598,0,0.0,500.0,phoenix_usa
2022-06-27 00:00:00,0.1311051430192975,0,0.0,500.0,phoenix_usa
2022-06-27 01:00:00,0.12575467095689594,0,0.0,500.0,phoenix_usa
2022-06-27 02:00:00,0.12062255456408325,0,0.0,500.0,phoenix_usa
2022-06-27 03:00:00,0.11569988262744041,0,0.0,500.0,phoenix_usa
2022-06-27 04:00:00,0.1109781076050056,0,0.0,500.0,phoenix_usa
2022-06-27 05:00:00,0.10644903078464484,0,0.0,500.0,phoenix_usa
2022-06-27 06:00:00,0.10210478804811741,0,0.0,500.0,phoenix_usa
2022-06-27 07:00:00,0.09793783621611737,0,0.0,500.0,phoenix_usa
2022-06-27 08:00:00,0.0939409399505813,0,0.0,500.0,phoenix_usa
2022-06-27 09:00:00,0.09010715919152025,0,0.0,500.0,phoenix_usa
2022-06-27 10:00:00,0.08642983710656099,0,0.0,500.0,phoenix_usa
2022-06-27 11:00:00,0.08290258853227346,0,0.0,500.0,phoenix_usa
2022-06-27 12:00:00,0.07951928888721367,0,0.0,500.0,phoenix_usa
2022-06-27 13:00:00,0.07627406353743121,0,0.0,500.0,phoenix_usa
2022-06-27 14:00:00,0.07316127759597656,0,0.0,500.0,phoenix_usa
2022-06-27 15:00:00,0.07017552613869572,0,0.0,500.0,phoenix_usa
2022-06-27 16:00:00,0.06731162481932368,0,0.0,500.0,phoenix_usa
2022-06-27 17:00:00,0.06456460086758106,0,0.0,500.0,phoenix_usa
2022-06-27 18:00:00,0.06192968445464329,0,0.0,500.0,phoenix_usa
2022-06-27 19:00:00,0.05940230041098952,0,0.0,500.0,phoenix_usa
2022-06-27 20:00:00,0.056978060282250984,0,0.0,500.0,phoenix_usa
2022-06-27 21:00:00,0.05465275470926407,0,0.0,500.0,phoenix_usa
2022-06-27 22:00:00,0.052422346119097886,0,0.0,500.0,phoenix_usa
2022-06-27 23:00:00,0.05028296171436485,0,0.0,500.0,phoenix_usa
2022-06-28 00:00:00,0.04823088674864121,0,0.0,500.0,phoenix_usa
2022-06-28 01:00:00,0.04626255807632147,0,0.0,500.0,phoenix_usa
2022-06-28 02:00:00,0.04437455796570677,0,0.0,500.0,phoenix_usa
2022-06-28 03:00:00,0.042563608164584286,0,0.0,500.0,phoenix_usa
2022-06-28 04:00:00,0.04082656420799365,0,0.0,500.0,phoenix_usa
2022-06-28 05:00:00,0.03916040995829682,0,0.0,500.0,phoenix_usa
2022-06-28 06:00:00,0.03756225236807001,0,0.0,500.0,phoenix_usa
2022-06-28 07:00:00,0.03602931645672551,0,0.0,500.0,phoenix_usa
2022-06-28 08:00:00,0.03455894049213989,0,0.0,500.0,phoenix_usa
2022-06-28 09:00:00,0.03314857136892267,0,0.0,500.0,phoenix_usa
2022-06-28 10:00:00,0.031795760175300454,0,0.0,500.0,phoenix_usa
2022-06-28 11:00:00,0.0304981579409188,0,0.0,500.0,phoenix_usa
2022-06-28 12:00:00,0.02925351155817866,0,0.0,500.0,phoenix_usa
2022-06-28 13:00:00,0.028059659870025285,0,0.0,500.0,phoenix_usa
2022-06-28 14:00:00,0.026914529917396617,0,0.0,500.0,phoenix_usa
2022-06-28 15:00:00,0.025816133339815323,0,0.0,500.0,phoenix_usa
2022-06-28 16:00:00,0.02476256292287458,0,0.0,500.0,phoenix_usa
2022-06-28 17:00:00,0.023751989286622945,0,0.0,500.0,phoenix_usa
2022-06-28 18:00:00,0.02278265770909793,0,0.0,500.0,phoenix_usa
2022-06-28 19:00:00,0.021852885079492963,0,0.0,500.0,phoenix_usa
2022-06-28 20:00:00,0.020961056975667244,0,0.0,500.0,phoenix_usa
2022-06-28 21:00:00,0.02010562486092398,0,0.0,500.0,phoenix_usa
2022-06-28 22:00:00,0.019285103395189657,0,0.0,500.0,phoenix_usa
2022-06-28 23:00:00,0.01849806785592557,0,0.0,500.0,phoenix_usa
2022-06-29 00:00:00,0.017743151664293244,0,0.0,500.0,phoenix_usa
2022-06-29 01:00:00,0.017019044012278543,0,0.0,500.0,phoenix_usa
2022-06-29 02:00:00,0.01632448758665398,0,0.0,500.0,phoenix_usa
2022-06-29 03:00:00,0.015658276385827494,0,0.0,500.0,phoenix_usa
2022-06-29 04:00:00,0.015019253625786723,0,0.0,500.0,phoenix_usa
2022-06-29 05:00:00,1.0126284103527845,1,3.02,330.03044126313205,phoenix_usa
2022-06-29 06:00:00,0.9713024951795771,1,3.02,330.03044126313205,phoenix_usa
2022-06-29 07:00:00,0.9316631130400498,1,3.02,330.03044126313205,phoenix_usa
2022-06-29 08:00:00,0.893641435605495,1,3.02,330.03044126313205,phoenix_usa
2022-06-29 09:00:00,0.8571714434686656,1,3.02,330.03044126313205,phoenix_usa
2022-06-29 10:00:00,0.8221898115101658,1,3.02,330.03044126313205,phoenix_usa
2022-06-29 11:00:00,0.7886357989431004,1,3.02,330.03044126313205,phoenix_usa
2022-06-29 12:00:00,0.7564511438450641,1,3.02,330.03044126313205,phoenix_usa
2022-06-29 13:00:00,0.7255799619943334,1,3.02,330.03044126313205,phoenix_usa
2022-06-29 14:00:00,0.6959686498346139,1,3.02,330.03044126313205,phoenix_usa
2022-06-29 15:00:00,0.6675657913998432,1,3.02,330.03044126313205,phoenix_usa
2022-06-29 16:00:00,0.6403220690374478,1,3.02,330.03044126313205,phoenix_usa
2022-06-29 17:00:00,0.6141901777750296,1,3.02,330.03044126313205,phoenix_usa
2022-06-29 18:00:00,0.5891247431817959,1,3.02,330.03044126313205,phoenix_usa
2022-06-29 19:00:00,0.5650822425821073,1,3.02,330.03044126313205,phoenix_usa
2022-06-29 20:00:00,0.5420209294843457,1,3.02,330.03044126313205,phoenix_usa
2022-06-29 21:00:00,0.51990076109388,1,3.02,330.03044126313205,phoenix_usa
2022-06-29 22:00:00,0.4986833287842666,1,3.02,330.03044126313205,phoenix_usa
2022-06-29 23:00:00,0.47833179140595844,1,3.02,330.03044126313205,phoenix_usa
2022-06-30 00:00:00,0.45881081131672286,1,3.02,330.03044126313205,phoenix_usa
2022-06-30 01:00:00,0.4400864930226906,1,3.02,330.03044126313205,phoenix_usa
2022-06-30 02:00:00,0.4221263243234991,1,3.02,330.03044126313205,phoenix_usa
2022-06-30 03:00:00,0.40489911985933325,1,3.02,330.03044126313205,phoenix_usa
2022-06-30 04:00:00,0.38837496696184165,1,3.02,330.03044126313205,phoenix_usa
2022-06-30 05:00:00,0.3725251737149084,0,0.0,500.0,phoenix_usa
2022-06-30 06:00:00,0.35732221913509027,0,0.0,500.0,phoenix_usa
2022-06-30 07:00:00,0.34273970538521986,0,0.0,500.0,phoenix_usa
2022-06-30 08:00:00,0.328752311938195,0,0.0,500.0,phoenix_usa
2022-06-30 09:00:00,0.3153357516113713,0,0.0,500.0,phoenix_usa
2022-06-30 10:00:00,0.3024667283952133,0,0.0,500.0,phoenix_usa
2022-06-30 11:00:00,0.29012289700298177,0,0.0,500.0,phoenix_usa
2022-06-30 12:00:00,0.2782828240712205,0,0.0,500.0,phoenix_usa
2022-06-30 13:00:00,0.26692595094367183,0,0.0,500.0,phoenix_usa
2022-06-30 14:00:00,0.25603255797400104,0,0.0,500.0,phoenix_usa
2022-06-30 15:00:00,0.24558373028534597,0,0.0,500.0,phoenix_usa
2022-06-30 16:00:00,0.23556132492723802,0,0.0,500.0,phoenix_usa
2022-06-30 17:00:00,0.22594793937286672,0,0.0,500.0,phoenix_usa
2022-06-30 18:00:00,0.2167268813019885,0,0.0,500.0,phoenix_usa
2022-06-30 19:00:00,0.207882139617011,0,0.0,500.0,phoenix_usa
2022-06-30 20:00:00,0.19939835664192684,0,0.0,500.0,phoenix_usa
2022-06-30 21:00:00,0.19126080145582408,0,0.0,500.0,phoenix_usa
2022-06-30 22:00:00,0.18345534431467064,0,0.0,500.0,phoenix_usa
2022-06-30 23:00:00,0.17596843211695895,0,0.0,500.0,phoenix_usa
2022-07-01 00:00:00,0.16878706487061207,0,0.0,500.0,phoenix_usa
2022-07-01 01:00:00,0.1618987731202873,0,0.0,500.0,phoenix_usa
2022-07-01 02:00:00,0.1552915962958839,0,0.0,500.0,phoenix_usa
2022-07-01 03:00:00,0.14895406194466032,0,0.0,500.0,phoenix_usa
2022-07-01 04:00:00,0.14287516581089968,0,0.0,500.0,phoenix_usa
2022-07-01 05:00:00,0.137044352728535,0,0.0,500.0,phoenix_usa
2022-07-01 06:00:00,0.13145149829355668,0,0.0,500.0,phoenix_usa
2022-07-01 07:00:00,0.12608689128437942,0,0.0,500.0,phoenix_usa
2022-07-01 08:00:00,0.12094121679964286,0,0.0,500.0,phoenix_usa
2022-07-01 09:00:00,0.11600554008416804,0,0.0,500.0,phoenix_usa
2022-07-01 10:00:00,0.11127129101498547,0,0.0,500.0,phoenix_usa
2022-07-01 11:00:00,0.10673024922049683,0,0.0,500.0,phoenix_usa
2022-07-01 12:00:00,0.10237452980693142,0,0.0,500.0,phoenix_usa
2022-07-01 13:00:00,0.09819656966731377,0,0.0,500.0,phoenix_usa
2022-07-01 14:00:00,0.0941891143491704,0,0.0,500.0,phoenix_usa
2022-07-01 15:00:00,0.09034520545817132,0,0.0,500.0,phoenix_usa
2022-07-01 16:00:00,0.08665816857583686,0,0.0,500.0,phoenix_usa
2022-07-01 17:00:00,0.08312160167032913,0,0.0,500.0,phoenix_usa
2022-07-01 18:00:00,0.07972936398020507,0,0.0,500.0,phoenix_usa
2022-07-01 19:00:00,0.07647556535182976,0,0.0,500.0,phoenix_usa
2022-07-01 20:00:00,0.07335455601193601,0,0.0,500.0,phoenix_usa
2022-07-01 21:00:00,0.07036091675757077,0,0.0,500.0,phoenix_usa
2022-07-01 22:00:00,0.06748944954639553,0,0.0,500.0,phoenix_usa
2022-07-01 23:00:00,0.06473516847100172,0,0.0,500.0,phoenix_usa
2022-07-02 00:00:00,0.06209329110156875,0,0.0,500.0,phoenix_usa
2022-07-02 01:00:00,0.0595592301818334,0,0.0,500.0,phoenix_usa
2022-07-02 02:00:00,0.057128585663950994,0,0.0,500.0,phoenix_usa
2022-07-02 03:00:00,0.05479713706841806,0,0.0,500.0,phoenix_usa
2022-07-02 04:00:00,0.05256083615579093,0,0.0,500.0,phoenix_usa
2022-07-02 05:00:00,0.050415799897475466,0,0.0,500.0,phoenix_usa
2022-07-02 06:00:00,0.04835830373338246,0,0.0,500.0,phoenix_usa
2022-07-02 07:00:00,0.04638477510474191,0,0.0,500.0,phoenix_usa
2022-07-02 08:00:00,0.04449178725084687,0,0.0,500.0,phoenix_usa
2022-07-02 09:00:00,0.042676053258955085,0,0.0,500.0,phoenix_usa
2022-07-02 10:00:00,0.040934420357017776,0,0.0,500.0,phoenix_usa
2022-07-02 11:00:00,0.039263864439325155,0,0.0,500.0,phoenix_usa
2022-07-02 12:00:00,0.0376614848155631,0,0.0,500.0,phoenix_usa
2022-07-02 13:00:00,0.036124499174164,0,0.0,500.0,phoenix_usa
2022-07-02 14:00:00,0.03465023875120589,0,0.0,500.0,phoenix_usa
2022-07-02 15:00:00,0.03323614369647121,0,0.0,500.0,phoenix_usa
2022-07-02 16:00:00,0.03187975862861951,0,0.0,500.0,phoenix_usa
2022-07-02 17:00:00,0.030578728371755914,0,0.0,500.0,phoenix_usa
2022-07-02 18:00:00,0.02933079386599236,0,0.0,500.0,phoenix_usa
2022-07-02 19:00:00,0.02813378824490124,0,0.0,500.0,phoenix_usa
2022-07-02 20:00:00,0.026985633073050276,0,0.0,500.0,phoenix_usa
2022-07-02 21:00:00,0.025884334737085506,0,0.0,500.0,phoenix_usa
2022-07-02 22:00:00,0.02482798098409625,0,0.0,500.0,phoenix_usa
2022-07-02 23:00:00,0.02381473760125129,0,0.0,500.0,phoenix_usa
2022-07-03 00:00:00,0.02284284523094081,0,0.0,500.0,phoenix_usa
2022-07-03 01:00:00,0.021910616315894173,0,0.0,500.0,phoenix_usa
2022-07-03 02:00:00,0.021016432168969163,0,0.0,500.0,phoenix_usa
2022-07-03 03:00:00,0.020158740162524558,0,0.0,500.0,phoenix_usa
2022-07-03 04:00:00,0.019336051032496106,0,0.0,500.0,phoenix_usa
2022-07-03 05:00:00,0.018546936292494536,0,0.0,500.0,phoenix_usa
2022-07-03 06:00:00,0.017790025753435603,0,0.0,500.0,phoenix_usa
2022-07-03 07:00:00,0.01706400514439549,0,0.0,500.0,phoenix_usa
2022-07-03 08:00:00,0.016367613830560245,0,0.0,500.0,phoenix_usa
2022-07-03 09:00:00,0.0156996426243071,0,0.0,500.0,phoenix_usa
2022-07-03 10:00:00,0.015058931685616622,0,0.0,500.0,phoenix_usa
2022-07-03 11:00:00,0.014444368508170203,0,0.0,500.0,phoenix_usa
2022-07-03 12:00:00,0.013854885987636102,0,0.0,500.0,phoenix_usa
2022-07-03 13:00:00,0.01328946056878969,0,0.0,500.0,phoenix_usa
2022-07-03 14:00:00,0.012747110468250679,0,0.0,500.0,phoenix_usa
2022-07-03 15:00:00,0.012226893969751575,0,0.0,500.0,phoenix_usa
2022-07-03 16:00:00,0.011727907788977017,0,0.0,500.0,phoenix_usa
2022-07-03 17:00:00,0.011249285505134892,0,0.0,500.0,phoenix_usa
2022-07-03 18:00:00,0.010790196056536035,0,0.0,500.0,phoenix_usa
2022-07-03 19:00:00,0.010349842297569967,0,0.0,500.0,phoenix_usa
2022-07-03 20:00:00,0.009927459614571327,0,0.0,500.0,phoenix_usa
2022-07-03 21:00:00,0.009522314598173565,0,0.0,500.0,phoenix_usa
2022-07-03 22:00:00,0.009133703769844528,0,0.0,500.0,phoenix_usa
2022-07-03 23:00:00,0.00876095236039286,0,0.0,500.0,phoenix_usa
2022-07-04 00:00:00,0.008403413138324246,0,0.0,500.0,phoenix_usa
2022-07-04 01:00:00,0.008060465286013039,0,0.0,500.0,phoenix_usa
2022-07-04 02:00:00,0.007731513321737898,0,0.0,500.0,phoenix_usa
2022-07-04 03:00:00,0.0074159860657098415,0,0.0,500.0,phoenix_usa
2022-07-04 04:00:00,0.007113335648297161,0,0.0,500.0,phoenix_usa
2022-07-04 05:00:00,0.006823036558725231,0,0.0,500.0,phoenix_usa
2022-07-04 06:00:00,0.006544584732599456,0,0.0,500.0,phoenix_usa
2022-07-04 07:00:00,0.00627749667666683,0,0.0,500.0,phoenix_usa
2022-07-04 08:00:00,0.006021308629296473,0,0.0,500.0,phoenix_usa
2022-07-04 09:00:00,0.005775575755221452,0,0.0,500.0,phoenix_usa
2022-07-04 10:00:00,0.005539871373143568,0,0.0,500.0,phoenix_usa
2022-07-04 11:00:00,0.005313786214860033,0,0.0,500.0,phoenix_usa
2022-07-04 12:00:00,0.005096927714625617,0,0.0,500.0,phoenix_usa
2022-07-04 13:00:00,0.004888919327516267,0,0.0,500.0,phoenix_usa
2022-07-04 14:00:00,0.004689399875610705,0,0.0,500.0,phoenix_usa
2022-07-04 15:00:00,0.004498022920854691,0,0.0,500.0,phoenix_usa
2022-07-04 16:00:00,0.00431445616351907,0,0.0,500.0,phoenix_usa
2022-07-04 17:00:00,0.004138380865207034,0,0.0,500.0,phoenix_usa
2022-07-04 18:00:00,0.003969491295408779,0,0.0,500.0,phoenix_usa
2022-07-04 19:00:00,0.003807494200642596,0,0.0,500.0,phoenix_usa
2022-07-04 20:00:00,0.003652108295260566,0,0.0,500.0,phoenix_usa
2022-07-04 21:00:00,0.003503063773034761,0,0.0,500.0,phoenix_usa
2022-07-04 22:00:00,0.0033601018386759007,0,0.0,500.0,phoenix_usa
2022-07-04 23:00:00,0.0032229742584709564,0,0.0,500.0,phoenix_usa
2022-07-05 00:00:00,0.0030914429292594834,0,0.0,500.0,phoenix_usa
2022-07-05 01:00:00,0.0029652794650002856,0,0.0,500.0,phoenix_usa
2022-07-05 02:00:00,0.002844264800210502,0,0.0,500.0,phoenix_usa
2022-07-05 03:00:00,0.0027281888095885424,0,0.0,500.0,phoenix_usa
2022-07-05 04:00:00,0.002616849943160459,0,0.0,500.0,phoenix_usa
2022-07-05 05:00:00,0.002510054876316161,0,0.0,500.0,phoenix_usa
2022-07-05 06:00:00,0.0024076181741278404,0,0.0,500.0,phoenix_usa
2022-07-05 07:00:00,0.0023093619693677777,0,0.0,500.0,phoenix_usa
2022-07-05 08:00:00,0.0022151156536663686,0,0.0,500.0,phoenix_usa
2022-07-05 09:00:00,0.0021247155812741995,0,0.0,500.0,phoenix_usa
2022-07-05 10:00:00,0.0020380047849137247,0,0.0,500.0,phoenix_usa
2022-07-05 11:00:00,0.0019548327032272213,0,0.0,500.0,phoenix_usa
2022-07-05 12:00:00,0.0018750549193477086,0,0.0,500.0,phoenix_usa
2022-07-05 13:00:00,0.0017985329101389469,0,0.0,500.0,phoenix_usa
2022-07-05 14:00:00,0.0017251338056690944,0,0.0,500.0,phoenix_usa
2022-07-05 15:00:00,0.0016547301585003614,0,0.0,500.0,phoenix_usa
2022-07-05 16:00:00,0.001587199722394079,0,0.0,500.0,phoenix_usa
2022-07-05 17:00:00,0.0015224252400469513,0,0.0,500.0,phoenix_usa
2022-07-05 18:00:00,0.0014602942394898854,0,0.0,500.0,phoenix_usa
2022-07-05 19:00:00,0.0014006988387959046,0,0.0,500.0,phoenix_usa
2022-07-05 20:00:00,0.0013435355587580438,0,0.0,500.0,phoenix_usa
2022-07-05 21:00:00,0.001288705143211951,0,0.0,500.0,phoenix_usa
2022-07-05 22:00:00,0.0012361123866912254,0,0.0,500.0,phoenix_usa
2022-07-05 23:00:00,0.0011856659691162372,0,0.0,500.0,phoenix_usa
2022-07-06 00:00:00,0.0011372782972293844,0,0.0,500.0,phoenix_usa
2022-07-06 01:00:00,0.0010908653525014578,0,0.0,500.0,phoenix_usa
2022-07-06 02:00:00,0.001046346545245042,0,0.0,500.0,phoenix_usa
2022-07-06 03:00:00,0.0010036445746816143,0,0.0,500.0,phoenix_usa
2022-07-06 04:00:00,0.0009626852947193895,0,0.0,500.0,phoenix_usa
2022-07-06 05:00:00,0.0009233975852088415,0,0.0,500.0,phoenix_usa
2022-07-06 06:00:00,0.0008857132284523585,0,0.0,500.0,phoenix_usa
2022-07-06 07:00:00,0.0008495667907535996,0,0.0,500.0,phoenix_usa
2022-07-06 08:00:00,0.0008148955088008976,0,0.0,500.0,phoenix_usa
2022-07-06 09:00:00,0.0007816391806874085,0,0.0,500.0,phoenix_usa
2022-07-06 10:00:00,0.0007497400613787868,0,0.0,500.0,phoenix_usa
2022-07-06 11:00:00,0.00071914276244689,0,0.0,500.0,phoenix_usa
2022-07-06 12:00:00,0.0006897941558953989,0,0.0,500.0,phoenix_usa
2022-07-06 13:00:00,0.0006616432819103637,0,0.0,500.0,phoenix_usa
2022-07-06 14:00:00,0.00063464126037551,0,0.0,500.0,phoenix_usa
2022-07-06 15:00:00,0.000608741205998645,0,0.0,500.0,phoenix_usa
2022-07-06 16:00:00,0.0005838981469018022,0,0.0,500.0,phoenix_usa
2022-07-06 17:00:00,0.0005600689465337712,0,0.0,500.0,phoenix_usa
2022-07-06 18:00:00,0.0005372122287694153,0,0.0,500.0,phoenix_usa
2022-07-06 19:00:00,0.0005152883060657255,0,0.0,500.0,phoenix_usa
2022-07-06 20:00:00,0.0004942591105498706,0,0.0,500.0,phoenix_usa
2022-07-06 21:00:00,0.00047408812791957603,0,0.0,500.0,phoenix_usa
2022-07-06 22:00:00,0.0004547403340410658,0,0.0,500.0,phoenix_usa
2022-07-06 23:00:00,0.0004361821341344779,0,0.0,500.0,phoenix_usa
2022-07-07 00:00:00,0.00041838130444115534,0,0.0,500.0,phoenix_usa
2022-07-07 01:00:00,0.0004013069362715248,0,0.0,500.0,phoenix_usa
2022-07-07 02:00:00,0.8624574824072366,1,3.54,375.7202049945928,phoenix_usa
2022-07-07 03:00:00,0.8272601243299114,1,3.54,375.7202049945928,phoenix_usa
2022-07-07 04:00:00,0.7934991895440459,1,3.54,375.7202049945928,phoenix_usa
2022-07-07 05:00:00,0.7611160568352946,1,3.54,375.7202049945928,phoenix_usa
2022-07-07 06:00:00,0.7300544973528942,1,3.54,375.7202049945928,phoenix_usa
2022-07-07 07:00:00,0.7002605769760072,1,3.54,375.7202049945928,phoenix_usa
2022-07-07 08:00:00,0.6716825626645484,1,3.54,375.7202049945928,phoenix_usa
2022-07-07 09:00:00,0.6442708326318828,1,3.54,375.7202049945928,phoenix_usa
2022-07-07 10:00:00,0.6179777901834281,1,3.54,375.7202049945928,phoenix_usa
2022-07-07 11:00:00,0.5927577810715473,1,3.54,375.7202049945928,phoenix_usa
2022-07-07 12:00:00,0.5685670142232349,1,3.54,375.7202049945928,phoenix_usa
2022-07-07 13:00:00,0.5453634857029482,1,3.54,375.7202049945928,phoenix_usa
2022-07-07 14:00:00,0.5231069057785582,1,3.54,375.7202049945928,phoenix_usa
2022-07-07 15:00:00,0.5017586289637763,1,3.54,375.7202049945928,phoenix_usa
2022-07-07 16:00:00,0.48128158691559025,1,3.54,375.7202049945928,phoenix_usa
2022-07-07 17:00:00,0.46164022407018945,1,3.54,375.7202049945928,phoenix_usa
2022-07-07 18:00:00,0.44280043590562584,1,3.54,375.7202049945928,phoenix_usa
2022-07-07 19:00:00,0.42472950972400697,1,3.54,375.7202049945928,phoenix_usa
2022-07-07 20:00:00,0.40739606785040067,1,3.54,375.7202049945928,phoenix_usa
2022-07-07 21:00:00,0.39077001314982346,1,3.54,375.7202049945928,phoenix_usa
2022-07-07 22:00:00,0.37482247676770997,1,3.54,375.7202049945928,phoenix_usa
2022-07-07 23:00:00,0.35952576800312225,1,3.54,375.7202049945928,phoenix_usa
2022-07-08 00:00:00,0.3448533262276608,1,3.54,375.7202049945928,phoenix_usa
2022-07-08 01:00:00,0.3307796747665905,1,3.54,375.7202049945928,phoenix_usa
2022-07-08 02:00:00,0.3172803766621033,0,0.0,500.0,phoenix_usa
2022-07-08 03:00:00,0.3043319922419057,0,0.0,500.0,phoenix_usa
2022-07-08 04:00:00,0.291912038419456,0,0.0,500.0,phoenix_usa
2022-07-08 05:00:00,0.27999894965517985,0,0.0,500.0,phoenix_usa
2022-07-08 06:00:00,0.26857204051088085,0,0.0,500.0,phoenix_usa
2022-07-08 07:00:00,0.25761146973232535,0,0.0,500.0,phoenix_usa
2022-07-08 08:00:00,0.2470982057976363,0,0.0,500.0,phoenix_usa
2022-07-08 09:00:00,0.2370139938716769,0,0.0,500.0,phoenix_usa
2022-07-08 10:00:00,0.22734132410904231,0,0.0,500.0,phoenix_usa
2022-07-08 11:00:00,0.975451589561883,1,3.11,375.65986577223225,phoenix_usa
2022-07-08 12:00:00,0.9356428806281085,1,3.11,375.65986577223225,phoenix_usa
2022-07-08 13:00:00,0.8974587867177055,1,3.11,375.65986577223225,phoenix_usa
2022-07-08 14:00:00,0.8608330064095819,1,3.11,375.65986577223225,phoenix_usa
2022-07-08 15:00:00,0.8257019440796342,1,3.11,375.65986577223225,phoenix_usa
2022-07-08 16:00:00,0.7920045994757042,1,3.11,375.65986577223225,phoenix_usa
2022-07-08 17:00:00,0.7596824617990412,1,3.11,375.65986577223225,phoenix_usa
2022-07-08 18:00:00,0.7286794081083559,1,3.11,375.65986577223225,phoenix_usa
2022-07-08 19:00:00,0.6989416058700618,1,3.11,375.65986577223225,phoenix_usa
2022-07-08 20:00:00,0.6704174194854942,1,3.11,375.65986577223225,phoenix_usa
2022-07-08 21:00:00,0.6430573206328004,1,3.11,375.65986577223225,phoenix_usa
2022-07-08 22:00:00,0.6168138022678328,1,3.11,375.65986577223225,phoenix_usa
2022-07-08 23:00:00,0.591641296134706,1,3.11,375.65986577223225,phoenix_usa
2022-07-09 00:00:00,0.5674960936427954,1,3.11,375.65986577223225,phoenix_usa
2022-07-09 01:00:00,0.5443362699727895,1,3.11,375.65986577223225,phoenix_usa
2022-07-09 02:00:00,0.5221216112800132,1,3.11,375.65986577223225,phoenix_usa
2022-07-09 03:00:00,0.5008135448686244,1,3.11,375.65986577223225,phoenix_usa
2022-07-09 04:00:00,0.4803750722154389,1,3.11,375.65986577223225,phoenix_usa
2022-07-09 05:00:00,0.4607707047270898,1,3.11,375.65986577223225,phoenix_usa
2022-07-09 06:00:00,0.44196640211897226,1,3.11,375.65986577223225,phoenix_usa
2022-07-09 07:00:00,0.4239295133089761,1,3.11,375.65986577223225,phoenix_usa
2022-07-09 08:00:00,0.40662871972337805,1,3.11,375.65986577223225,phoenix_usa
2022-07-09 09:00:00,0.3900339809164508,1,3.11,375.65986577223225,phoenix_usa
2022-07-09 10:00:00,0.3741164824093665,1,3.11,375.65986577223225,phoenix_usa
2022-07-09 11:00:00,0.35884858565782063,0,0.0,500.0,phoenix_usa
2022-07-09 12:00:00,0.34420378006150704,0,0.0,500.0,phoenix_usa
2022-07-09 13:00:00,0.3301566369321102,0,0.0,500.0,phoenix_usa
2022-07-09 14:00:00,0.31668276533988954,0,0.0,500.0,phoenix_usa
2022-07-09 15:00:00,0.3037587697621893,0,0.0,500.0,phoenix_usa
2022-07-09 16:00:00,0.2913622094603341,0,0.0,500.0,phoenix_usa
2022-07-09 17:00:00,0.2794715595143768,0,0.0,500.0,phoenix_usa
2022-07-09 18:00:00,0.26806617344803935,0,0.0,500.0,phoenix_usa
2022-07-09 19:00:00,0.25712624737894896,0,0.0,500.0,phoenix_usa
2022-07-09 20:00:00,0.24663278563192395,0,0.0,500.0,phoenix_usa
2022-07-09 21:00:00,0.23656756775559962,0,0.0,500.0,phoenix_usa
2022-07-09 22:00:00,0.22691311688512286,0,0.0,500.0,phoenix_usa
2022-07-09 23:00:00,0.21765266939598335,0,0.0,500.0,phoenix_usa
2022-07-10 00:00:00,0.208770145796288,0,0.0,500.0,phoenix_usa
2022-07-10 01:00:00,0.2002501228069372,0,0.0,500.0,phoenix_usa
2022-07-10 02:00:00,0.19207780658122428,0,0.0,500.0,phoenix_usa
2022-07-10 03:00:00,0.18423900701735862,0,0.0,500.0,phoenix_usa
2022-07-10 04:00:00,0.17672011311930688,0,0.0,500.0,phoenix_usa
2022-07-10 05:00:00,0.16950806936317347,0,0.0,500.0,phoenix_usa
2022-07-10 06:00:00,0.1625903530280805,0,0.0,500.0,phoenix_usa
2022-07-10 07:00:00,0.15595495245218766,0,0.0,500.0,phoenix_usa
2022-07-10 08:00:00,0.14959034617609532,0,0.0,500.0,phoenix_usa
2022-07-10 09:00:00,0.1434854829374169,0,0.0,500.0,phoenix_usa
2022-07-10 10:00:00,0.13762976248178344,0,0.0,500.0,phoenix_usa
2022-07-10 11:00:00,0.13201301715696148,0,0.0,500.0,phoenix_usa
2022-07-10 12:00:00,0.12662549425812528,0,0.0,500.0,phoenix_usa
2022-07-10 13:00:00,0.12145783909362744,0,0.0,500.0,phoenix_usa
2022-07-10 14:00:00,0.11650107874186558,0,0.0,500.0,phoenix_usa
2022-07-10 15:00:00,0.11174660647103901,0,0.0,500.0,phoenix_usa
2022-07-10 16:00:00,0.1071861667947444,0,0.0,500.0,phoenix_usa
2022-07-10 17:00:00,0.1028118411374604,0,0.0,500.0,phoenix_usa
2022-07-10 18:00:00,0.09861603408503164,0,0.0,500.0,phoenix_usa
2022-07-10 19:00:00,0.09459146019627773,0,0.0,500.0,phoenix_usa
2022-07-10 20:00:00,0.0907311313528283,0,0.0,500.0,phoenix_usa
2022-07-10 21:00:00,0.0870283446252173,0,0.0,500.0,phoenix_usa
2022-07-10 22:00:00,0.08347667063416916,0,0.0,500.0,phoenix_usa
2022-07-10 23:00:00,0.08006994238686707,0,0.0,500.0,phoenix_usa
2022-07-11 00:00:00,0.07680224456881898,0,0.0,500.0,phoenix_usa
2022-07-11 01:00:00,0.07366790327272874,0,0.0,500.0,phoenix_usa
2022-07-11 02:00:00,0.07066147614653719,0,0.0,500.0,phoenix_usa
2022-07-11 03:00:00,0.06777774294352733,0,0.0,500.0,phoenix_usa
2022-07-11 04:00:00,0.0650116964580847,0,0.0,500.0,phoenix_usa
2022-07-11 05:00:00,0.06235853383137435,0,0.0,500.0,phoenix_usa
2022-07-11 06:00:00,0.05981364821183778,0,0.0,500.0,phoenix_usa
2022-07-11 07:00:00,0.05737262075602966,0,0.0,500.0,phoenix_usa
2022-07-11 08:00:00,0.055031212955904574,0,0.0,500.0,phoenix_usa
2022-07-11 09:00:00,0.052785359279231475,0,0.0,500.0,phoenix_usa
2022-07-11 10:00:00,0.05063116011035684,0,0.0,500.0,phoenix_usa
2022-07-11 11:00:00,0.048564874979059036,0,0.0,500.0,phoenix_usa
2022-07-11 12:00:00,0.0465829160657368,0,0.0,500.0,phoenix_usa
2022-07-11 13:00:00,0.044681841971654646,0,0.0,500.0,phoenix_usa
2022-07-11 14:00:00,0.04285835174342772,0,0.0,500.0,phoenix_usa
2022-07-11 15:00:00,0.04110927914137092,0,0.0,500.0,phoenix_usa
2022-07-11 16:00:00,0.039431587141759594,0,0.0,500.0,phoenix_usa
2022-07-11 17:00:00,0.037822362663456066,0,0.0,500.0,phoenix_usa
2022-07-11 18:00:00,0.03627881150974535,0,0.0,500.0,phoenix_usa
2022-07-11 19:00:00,0.0347982535165974,0,0.0,500.0,phoenix_usa
2022-07-11 20:00:00,0.03337811789893121,0,0.0,500.0,phoenix_usa
2022-07-11 21:00:00,0.03201593878680064,0,0.0,500.0,phoenix_usa
2022-07-11 22:00:00,0.03070935094375071,0,0.0,500.0,phoenix_usa
2022-07-11 23:00:00,0.029456085659910244,0,0.0,500.0,phoenix_usa
2022-07-12 00:00:00,0.028253966812689574,0,0.0,500.0,phoenix_usa
2022-07-12 01:00:00,0.027100907088243323,0,0.0,500.0,phoenix_usa
2022-07-12 02:00:00,0.02599490435713731,0,0.0,500.0,phoenix_usa
2022-07-12 03:00:00,0.0249340381979265,0,0.0,500.0,phoenix_usa
2022-07-12 04:00:00,0.02391646656260764,0,0.0,500.0,phoenix_usa
2022-07-12 05:00:00,0.022940422578156473,0,0.0,500.0,phoenix_usa
2022-07-12 06:00:00,0.02200421147859613,0,0.0,500.0,phoenix_usa
2022-07-12 07:00:00,0.021106207662269286,0,0.0,500.0,phoenix_usa
2022-07-12 08:00:00,0.020244851869204803,0,0.0,500.0,phoenix_usa
2022-07-12 09:00:00,0.019418648473677476,0,0.0,500.0,phoenix_usa
2022-07-12 10:00:00,0.0186261628872599,0,0.0,500.0,phoenix_usa
2022-07-12 11:00:00,0.0178660190678572,0,0.0,500.0,phoenix_usa
2022-07-12 12:00:00,0.01713689713039946,0,0.0,500.0,phoenix_usa
2022-07-12 13:00:00,0.016437531055042996,0,0.0,500.0,phoenix_usa
2022-07-12 14:00:00,0.015766706488901296,0,0.0,500.0,phoenix_usa
2022-07-12 15:00:00,0.015123258637488363,0,0.0,500.0,phoenix_usa
2022-07-12 16:00:00,0.014506070242213545,0,0.0,500.0,phoenix_usa
2022-07-12 17:00:00,0.013914069640415834,0,0.0,500.0,phoenix_usa
2022-07-12 18:00:00,0.01334622890456921,0,0.0,500.0,phoenix_usa
2022-07-12 19:00:00,0.012801562057428027,0,0.0,500.0,phoenix_usa
2022-07-12 20:00:00,0.012279123360013328,0,0.0,500.0,phoenix_usa
2022-07-12 21:00:00,0.011778005669467326,0,0.0,500.0,phoenix_usa
2022-07-12 22:00:00,0.011297338863924714,0,0.0,500.0,phoenix_usa
2022-07-12 23:00:00,0.010836288331665913,0,0.0,500.0,phoenix_usa
2022-07-13 00:00:00,0.01039405352192872,0,0.0,500.0,phoenix_usa
2022-07-13 01:00:00,0.00996986655486213,0,0.0,500.0,phoenix_usa
2022-07-13 02:00:00,0.00956299088820876,0,0.0,500.0,phoenix_usa
2022-07-13 03:00:00,0.0091727200384006,0,0.0,500.0,phoenix_usa
2022-07-13 04:00:00,0.00879837635384758,0,0.0,500.0,phoenix_usa
2022-07-13 05:00:00,0.008439309838288939,0,0.0,500.0,phoenix_usa
2022-07-13 06:00:00,0.00809489702216418,0,0.0,500.0,phoenix_usa
2022-07-13 07:00:00,0.007764539880044038,0,0.0,500.0,phoenix_usa
2022-07-13 08:00:00,0.007447664792241691,0,0.0,500.0,phoenix_usa
2022-07-13 09:00:00,0.007143721548801154,0,0.0,500.0,phoenix_usa
2022-07-13 10:00:00,0.006852182394133429,0,0.0,500.0,phoenix_usa
2022-07-13 11:00:00,0.0065725411106416385,0,0.0,500.0,phoenix_usa
2022-07-13 12:00:00,0.006304312139743847,0,0.0,500.0,phoenix_usa
2022-07-13 13:00:00,0.006047029738767449,0,0.0,500.0,phoenix_usa
2022-07-13 14:00:00,0.005800247172251162,0,0.0,500.0,phoenix_usa
2022-07-13 15:00:00,0.0055635359362504085,0,0.0,500.0,phoenix_usa
2022-07-13 16:00:00,0.005336485014299208,0,0.0,500.0,phoenix_usa
2022-07-13 17:00:00,0.6584028989618715,1,3.27,395.97570156664807,phoenix_usa
2022-07-13 18:00:00,0.6315331192143203,1,3.27,395.97570156664807,phoenix_usa
2022-07-13 19:00:00,0.6057599097656245,1,3.27,395.97570156664807,phoenix_usa
2022-07-13 20:00:00,0.5810385189865701,1,3.27,395.97570156664807,phoenix_usa
2022-07-13 21:00:00,0.5573260215862258,1,3.27,395.97570156664807,phoenix_usa
2022-07-13 22:00:00,0.5345812440780876,1,3.27,395.97570156664807,phoenix_usa
2022-07-13 23:00:00,0.5127646932879886,1,3.27,395.97570156664807,phoenix_usa
2022-07-14 00:00:00,0.49183848777963957,1,3.27,395.97570156664807,phoenix_usa
2022-07-14 01:00:00,0.471766292078732,1,3.27,395.97570156664807,phoenix_usa
2022-07-14 02:00:00,0.45251325358139,1,3.27,395.97570156664807,phoenix_usa
2022-07-14 03:00:00,0.4340459420374233,1,3.27,395.97570156664807,phoenix_usa
2022-07-14 04:00:00,0.4163322915033004,1,3.27,395.97570156664807,phoenix_usa
2022-07-14 05:00:00,0.39934154466405425,1,3.27,395.97570156664807,phoenix_usa
2022-07-14 06:00:00,0.3830441994274389,1,3.27,395.97570156664807,phoenix_usa
2022-07-14 07:00:00,0.36741195769760954,1,3.27,395.97570156664807,phoenix_usa
2022-07-14 08:00:00,0.3524176762393758,1,3.27,395.97570156664807,phoenix_usa
2022-07-14 09:00:00,0.3380353195477109,1,3.27,395.97570156664807,phoenix_usa
2022-07-14 10:00:00,0.32423991464068286,1,3.27,395.97570156664807,phoenix_usa
2022-07-14 11:00:00,0.3110075076973099,1,3.27,395.97570156664807,phoenix_usa
2022-07-14 12:00:00,0.2983151224650488,1,3.27,395.97570156664807,phoenix_usa
2022-07-14 13:00:00,0.28614072036469623,1,3.27,395.97570156664807,phoenix_usa
2022-07-14 14:00:00,0.2744631622234307,1,3.27,395.97570156664807,phoenix_usa
2022-07-14 15:00:00,0.26326217156954984,1,3.27,395.97570156664807,phoenix_usa
2022-07-14 16:00:00,0.2525182994251693,1,3.27,395.97570156664807,phoenix_usa
2022-07-14 17:00:00,0.2422128905357509,0,0.0,500.0,phoenix_usa
2022-07-14 18:00:00,0.23232805097782203,0,0.0,500.0,phoenix_usa
2022-07-14 19:00:00,1.192041576481123,1,3.58,364.0774544733555,phoenix_usa
2022-07-14 20:00:00,1.1433937125964495,1,3.58,364.0774544733555,phoenix_usa
2022-07-14 21:00:00,1.0967311944473905,1,3.58,364.0774544733555,phoenix_usa
2022-07-14 22:00:00,1.051972998996649,1,3.58,364.0774544733555,phoenix_usa
2022-07-14 23:00:00,1.0090414098010678,1,3.58,364.0774544733555,phoenix_usa
2022-07-15 00:00:00,0.9678618820677258,1,3.58,364.0774544733555,phoenix_usa
2022-07-15 01:00:00,0.9283629132171706,1,3.58,364.0774544733555,phoenix_usa
2022-07-15 02:00:00,0.8904759187290358,1,3.58,364.0774544733555,phoenix_usa
2022-07-15 03:00:00,0.8541351130544649,1,3.58,364.0774544733555,phoenix_usa
2022-07-15 04:00:00,0.8192773953885646,1,3.58,364.0774544733555,phoenix_usa
2022-07-15 05:00:00,0.7858422401045458,1,3.58,364.0774544733555,phoenix_usa
2022-07-15 06:00:00,0.7537715916593086,1,3.58,364.0774544733555,phoenix_usa
2022-07-15 07:00:00,0.7230097637879832,1,3.58,364.0774544733555,phoenix_usa
2022-07-15 08:00:00,0.6935033428124019,1,3.58,364.0774544733555,phoenix_usa
2022-07-15 09:00:00,0.6652010948956003,1,3.58,364.0774544733555,phoenix_usa
2022-07-15 10:00:00,0.638053877081315,1,3.58,364.0774544733555,phoenix_usa
2022-07-15 11:00:00,0.6120145519640074,1,3.58,364.0774544733555,phoenix_usa
2022-07-15 12:00:00,0.5870379058412486,1,3.58,364.0774544733555,phoenix_usa
2022-07-15 13:00:00,0.5630805702063528,1,3.58,364.0774544733555,phoenix_usa
2022-07-15 14:00:00,0.5401009464449354,1,3.58,364.0774544733555,phoenix_usa
2022-07-15 15:00:00,0.5180591336046493,1,3.58,364.0774544733555,phoenix_usa
2022-07-15 16:00:00,0.496916859112674,1,3.58,364.0774544733555,phoenix_usa
2022-07-15 17:00:00,0.47663741232066387,1,3.58,364.0774544733555,phoenix_usa
2022-07-15 18:00:00,0.45718558076176213,1,3.58,364.0774544733555,phoenix_usa
2022-07-15 19:00:00,0.4385275890090006,0,0.0,500.0,phoenix_usa
2022-07-15 20:00:00,0.4206310400289226,0,0.0,500.0,phoenix_usa
2022-07-15 21:00:00,0.40346485892859446,0,0.0,500.0,phoenix_usa
2022-07-15 22:00:00,0.38699923899833355,0,0.0,500.0,phoenix_usa
2022-07-15 23:00:00,0.3712055899564612,0,0.0,500.0,phoenix_usa
2022-07-16 00:00:00,0.3560564883062154,0,0.0,500.0,phoenix_usa
2022-07-16 01:00:00,0.3415256297186248,0,0.0,500.0,phoenix_usa
2022-07-16 02:00:00,0.32758778335866434,0,0.0,500.0,phoenix_usa
2022-07-16 03:00:00,0.3142187480753833,0,0.0,500.0,phoenix_usa
2022-07-16 04:00:00,0.30139531037993994,0,0.0,500.0,phoenix_usa
2022-07-16 05:00:00,0.28909520413857476,0,0.0,500.0,phoenix_usa
2022-07-16 06:00:00,0.27729707191053504,0,0.0,500.0,phoenix_usa
2022-07-16 07:00:00,0.26598042786381976,0,0.0,500.0,phoenix_usa
2022-07-16 08:00:00,0.2551256222043536,0,0.0,500.0,phoenix_usa
2022-07-16 09:00:00,0.24471380705682505,0,0.0,500.0,phoenix_usa
2022-07-16 10:00:00,0.23472690373794636,0,0.0,500.0,phoenix_usa
2022-07-16 11:00:00,0.24267172818390356,1,4.0,497.7798539322919,phoenix_usa
2022-07-16 12:00:00,0.2327681632124548,1,4.0,497.7798539322919,phoenix_usa
2022-07-16 13:00:00,0.22326876810404578,1,4.0,497.7798539322919,phoenix_usa
2022-07-16 14:00:00,0.21415704846714573,1,4.0,497.7798539322919,phoenix_usa
2022-07-16 15:00:00,0.2054171830552969,1,4.0,497.7798539322919,phoenix_usa
2022-07-16 16:00:00,0.19703399629569868,1,4.0,497.7798539322919,phoenix_usa
2022-07-16 17:00:00,0.1889929319389152,1,4.0,497.7798539322919,phoenix_usa
2022-07-16 18:00:00,0.18128002778395236,1,4.0,497.7798539322919,phoenix_usa
2022-07-16 19:00:00,0.17388189143481875,1,4.0,497.7798539322919,phoenix_usa
2022-07-16 20:00:00,0.16678567704647393,1,4.0,497.7798539322919,phoenix_usa
2022-07-16 21:00:00,0.15997906301978734,1,4.0,497.7798539322919,phoenix_usa
2022-07-16 22:00:00,0.15345023060677843,1,4.0,497.7798539322919,phoenix_usa
2022-07-16 23:00:00,0.14718784338898785,1,4.0,497.7798539322919,phoenix_usa
2022-07-17 00:00:00,0.14118102759334814,1,4.0,497.7798539322919,phoenix_usa
2022-07-17 01:00:00,0.13541935321137386,1,4.0,497.7798539322919,phoenix_usa
2022-07-17 02:00:00,0.12989281588888832,1,4.0,497.7798539322919,phoenix_usa
2022-07-17 03:00:00,0.12459181955484,1,4.0,497.7798539322919,phoenix_usa
2022-07-17 04:00:00,0.1195071597590467,1,4.0,497.7798539322919,phoenix_usa
2022-07-17 05:00:00,0.11463000768993506,1,4.0,497.7798539322919,phoenix_usa
2022-07-17 06:00:00,0.10995189484452512,1,4.0,497.7798539322919,phoenix_usa
2022-07-17 07:00:00,0.10546469832404112,1,4.0,497.7798539322919,phoenix_usa
2022-07-17 08:00:00,0.10116062672961605,1,4.0,497.7798539322919,phoenix_usa
2022-07-17 09:00:00,0.09703220663360058,1,4.0,497.7798539322919,phoenix_usa
2022-07-17 10:00:00,0.09307226960298505,1,4.0,497.7798539322919,phoenix_usa
2022-07-17 11:00:00,0.08927393975240258,0,0.0,500.0,phoenix_usa
2022-07-17 12:00:00,0.08563062180510093,0,0.0,500.0,phoenix_usa
2022-07-17 13:00:00,0.0821359896411527,0,0.0,500.0,phoenix_usa
2022-07-17 14:00:00,0.07878397531301906,0,0.0,500.0,phoenix_usa
2022-07-17 15:00:00,0.0755687585093945,0,0.0,500.0,phoenix_usa
2022-07-17 16:00:00,0.07248475644903768,0,0.0,500.0,phoenix_usa
2022-07-17 17:00:00,0.06952661418704056,0,0.0,500.0,phoenix_usa
2022-07-17 18:00:00,0.06668919531670392,0,0.0,500.0,phoenix_usa
2022-07-17 19:00:00,0.9789403800835853,1,3.46,363.9269798091053,phoenix_usa
2022-07-17 20:00:00,0.9389892917145874,1,3.46,363.9269798091053,phoenix_usa
2022-07-17 21:00:00,0.9006686289510093,1,3.46,363.9269798091053,phoenix_usa
2022-07-17 22:00:00,0.8639118532387505,1,3.46,363.9269798091053,phoenix_usa
2022-07-17 23:00:00,0.8286551414982266,1,3.46,363.9269798091053,phoenix_usa
2022-07-18 00:00:00,0.7948372753043801,1,3.46,363.9269798091053,phoenix_usa
2022-07-18 01:00:00,0.7623995345893149,1,3.46,363.9269798091053,phoenix_usa
2022-07-18 02:00:00,0.7312855956829846,1,3.46,363.9269798091053,phoenix_usa
2022-07-18 03:00:00,0.7014414335148947,1,3.46,363.9269798091053,phoenix_usa
2022-07-18 04:00:00,0.6728152278070074,1,3.46,363.9269798091053,phoenix_usa
2022-07-18 05:00:00,0.6453572730949646,1,3.46,363.9269798091053,phoenix_usa
2022-07-18 06:00:00,0.6190198924213931,1,3.46,363.9269798091053,phoenix_usa
2022-07-18 07:00:00,0.5937573545514331,1,3.46,363.9269798091053,phoenix_usa
2022-07-18 08:00:00,0.5695257945667471,1,3.46,363.9269798091053,phoenix_usa
2022-07-18 09:00:00,0.5462831377001287,1,3.46,363.9269798091053,phoenix_usa
2022-07-18 10:00:00,0.5239890262784632,1,3.46,363.9269798091053,phoenix_usa
2022-07-18 11:00:00,0.5026047496471849,1,3.46,363.9269798091053,phoenix_usa
2022-07-18 12:00:00,0.4820931769545577,1,3.46,363.9269798091053,phoenix_usa
2022-07-18 13:00:00,0.46241869267906194,1,3.46,363.9269798091053,phoenix_usa
2022-07-18 14:00:00,0.44354713478794666,1,3.46,363.9269798091053,phoenix_usa
2022-07-18 15:00:00,0.4254457354195644,1,3.46,363.9269798091053,phoenix_usa
2022-07-18 16:00:00,0.40808306398648997,1,3.46,363.9269798091053,phoenix_usa
2022-07-18 17:00:00,0.39142897260063503,1,3.46,363.9269798091053,phoenix_usa
2022-07-18 18:00:00,0.37545454372559095,1,3.46,363.9269798091053,phoenix_usa
2022-07-18 19:00:00,0.3601320399653087,0,0.0,500.0,phoenix_usa
2022-07-18 20:00:00,0.3454348559019309,0,0.0,500.0,phoenix_usa
2022-07-18 21:00:00,0.3313374718991465,0,0.0,500.0,phoenix_usa
2022-07-18 22:00:00,0.3178154097908567,0,0.0,500.0,phoenix_usa
2022-07-18 23:00:00,0.3048451903782101,0,0.0,500.0,phoenix_usa
2022-07-19 00:00:00,0.2924042926612072,0,0.0,500.0,phoenix_usa
2022-07-19 01:00:00,0.2804711147340849,0,0.0,500.0,phoenix_usa
2022-07-19 02:00:00,0.2690249362765817,0,0.0,500.0,phoenix_usa
2022-07-19 03:00:00,0.2580458825759549,0,0.0,500.0,phoenix_usa
2022-07-19 04:00:00,0.24751489001727853,0,0.0,500.0,phoenix_usa
2022-07-19 05:00:00,0.23741367298210148,0,0.0,500.0,phoenix_usa
2022-07-19 06:00:00,0.2277246920979884,0,0.0,500.0,phoenix_usa
2022-07-19 07:00:00,0.21843112378381513,0,0.0,500.0,phoenix_usa
2022-07-19 08:00:00,0.20951683103793659,0,0.0,500.0,phoenix_usa
2022-07-19 09:00:00,0.20096633541850548,0,0.0,500.0,phoenix_usa
2022-07-19 10:00:00,0.1927647901672892,0,0.0,500.0,phoenix_usa
2022-07-19 11:00:00,0.18489795443031906,0,0.0,500.0,phoenix_usa
2022-07-19 12:00:00,0.17735216853060792,0,0.0,500.0,phoenix_usa
2022-07-19 13:00:00,0.17011433025000222,0,0.0,500.0,phoenix_usa
2022-07-19 14:00:00,0.16317187207898418,0,0.0,500.0,phoenix_usa
2022-07-19 15:00:00,0.15651273939492266,0,0.0,500.0,phoenix_usa
2022-07-19 16:00:00,0.15012536953087988,0,0.0,500.0,phoenix_usa
2022-07-19 17:00:00,0.14399867169863342,0,0.0,500.0,phoenix_usa
2022-07-19 18:00:00,0.13812200773104924,0,0.0,500.0,phoenix_usa
2022-07-19 19:00:00,0.13248517361036927,0,0.0,500.0,phoenix_usa
2022-07-19 20:00:00,0.12707838175034006,0,0.0,500.0,phoenix_usa
2022-07-19 21:00:00,0.12189224400141645,0,0.0,500.0,phoenix_usa
2022-07-19 22:00:00,0.11691775534953328,0,0.0,500.0,phoenix_usa
2022-07-19 23:00:00,0.11214627828013789,0,0.0,500.0,phoenix_usa
2022-07-20 00:00:00,0.10756952778033574,0,0.0,500.0,phoenix_usa
2022-07-20 01:00:00,0.10317955695310661,0,0.0,500.0,phoenix_usa
2022-07-20 02:00:00,0.09896874321861175,0,0.0,500.0,phoenix_usa
2022-07-20 03:00:00,0.0949297750786339,0,0.0,500.0,phoenix_usa
2022-07-20 04:00:00,0.09105563942116746,0,0.0,500.0,phoenix_usa
2022-07-20 05:00:00,0.08733960934311508,0,0.0,500.0,phoenix_usa
2022-07-20 06:00:00,0.08377523246994671,0,0.0,500.0,phoenix_usa
2022-07-20 07:00:00,0.08035631975204006,0,0.0,500.0,phoenix_usa
2022-07-20 08:00:00,0.07707693471824761,0,0.0,500.0,phoenix_usa
2022-07-20 09:00:00,0.0739313831680324,0,0.0,500.0,phoenix_usa
2022-07-20 10:00:00,0.07091420328427268,0,0.0,500.0,phoenix_usa
2022-07-20 11:00:00,0.06802015614956859,0,0.0,500.0,phoenix_usa
2022-07-20 12:00:00,0.06524421664958352,0,0.0,500.0,phoenix_usa
2022-07-20 13:00:00,0.06258156474762501,0,0.0,500.0,phoenix_usa
2022-07-20 14:00:00,0.060027577115314805,0,0.0,500.0,phoenix_usa
2022-07-20 15:00:00,0.05757781910481574,0,0.0,500.0,phoenix_usa
2022-07-20 16:00:00,0.05522803704867639,0,0.0,500.0,phoenix_usa
2022-07-20 17:00:00,0.052974150873923265,0,0.0,500.0,phoenix_usa
2022-07-20 18:00:00,0.05081224701757605,0,0.0,500.0,phoenix_usa
2022-07-20 19:00:00,0.048738571631284186,0,0.0,500.0,phoenix_usa
2022-07-20 20:00:00,0.04674952406328632,0,0.0,500.0,phoenix_usa
2022-07-20 21:00:00,0.044841650606374184,0,0.0,500.0,phoenix_usa
2022-07-20 22:00:00,0.043011638501005735,0,0.0,500.0,phoenix_usa
2022-07-20 23:00:00,0.04125631018315419,0,0.0,500.0,phoenix_usa
2022-07-21 00:00:00,0.03957261776690587,0,0.0,500.0,phoenix_usa
2022-07-21 01:00:00,0.03795763775222589,0,0.0,500.0,phoenix_usa
2022-07-21 02:00:00,0.03640856594870287,0,0.0,500.0,phoenix_usa
2022-07-21 03:00:00,0.03492271260645857,0,0.0,500.0,phoenix_usa
2022-07-21 04:00:00,0.03349749774576744,0,0.0,500.0,phoenix_usa
2022-07-21 05:00:00,0.032130446677277255,0,0.0,500.0,phoenix_usa
2022-07-21 06:00:00,0.030819185705051683,0,0.0,500.0,phoenix_usa
2022-07-21 07:00:00,0.029561438004974246,0,0.0,500.0,phoenix_usa
2022-07-21 08:00:00,0.028355019671356677,0,0.0,500.0,phoenix_usa
2022-07-21 09:00:00,0.027197835924887552,0,0.0,500.0,phoenix_usa
2022-07-21 10:00:00,0.026087877475336307,0,0.0,500.0,phoenix_usa
2022-07-21 11:00:00,0.025023217032697543,0,0.0,500.0,phoenix_usa
2022-07-21 12:00:00,0.024002005960717297,0,0.0,500.0,phoenix_usa
2022-07-21 13:00:00,0.023022471066990728,0,0.0,500.0,phoenix_usa
2022-07-21 14:00:00,0.022082911524057666,0,0.0,500.0,phoenix_usa
2022-07-21 15:00:00,0.02118169591615001,0,0.0,500.0,phoenix_usa
2022-07-21 16:00:00,0.02031725940646278,0,0.0,500.0,phoenix_usa
2022-07-21 17:00:00,0.019488101020030558,0,0.0,500.0,phoenix_usa
2022-07-21 18:00:00,0.018692781037491158,0,0.0,500.0,phoenix_usa
2022-07-21 19:00:00,0.017929918495211136,0,0.0,500.0,phoenix_usa
2022-07-21 20:00:00,0.017198188787432674,0,0.0,500.0,phoenix_usa
2022-07-21 21:00:00,0.01649632136627801,0,0.0,500.0,phoenix_usa
2022-07-21 22:00:00,0.015823097535618075,0,0.0,500.0,phoenix_usa
2022-07-21 23:00:00,0.015177348334974448,0,0.0,500.0,phoenix_usa
2022-07-22 00:00:00,0.014557952509780422,0,0.0,500.0,phoenix_usa
2022-07-22 01:00:00,0.013963834564476897,0,0.0,500.0,phoenix_usa
2022-07-22 02:00:00,0.013393962895062417,0,0.0,500.0,phoenix_usa
2022-07-22 03:00:00,0.01284734799785486,0,0.0,500.0,phoenix_usa
2022-07-22 04:00:00,0.012323040751354573,0,0.0,500.0,phoenix_usa
2022-07-22 05:00:00,0.011820130768225585,0,0.0,500.0,phoenix_usa
2022-07-22 06:00:00,0.011337744814533318,0,0.0,500.0,phoenix_usa
2022-07-22 07:00:00,0.010875045293494156,0,0.0,500.0,phoenix_usa
2022-07-22 08:00:00,0.010431228791103954,0,0.0,500.0,phoenix_usa
2022-07-22 09:00:00,0.010005524681120209,0,0.0,500.0,phoenix_usa
2022-07-22 10:00:00,0.009597193786975773,0,0.0,500.0,phoenix_usa
2022-07-22 11:00:00,0.009205527098300493,0,0.0,500.0,phoenix_usa
2022-07-22 12:00:00,0.008829844539822305,0,0.0,500.0,phoenix_usa
2022-07-22 13:00:00,0.008469493790510244,0,0.0,500.0,phoenix_usa
2022-07-22 14:00:00,0.008123849150908743,0,0.0,500.0,phoenix_usa
2022-07-22 15:00:00,0.0077923104566966885,0,0.0,500.0,phoenix_usa
2022-07-22 16:00:00,0.007474302036584755,0,0.0,500.0,phoenix_usa
2022-07-22 17:00:00,0.007169271712741462,0,0.0,500.0,phoenix_usa
2022-07-22 18:00:00,0.00687668984201238,0,0.0,500.0,phoenix_usa
2022-07-22 19:00:00,0.006596048396267779,0,0.0,500.0,phoenix_usa
2022-07-22 20:00:00,0.006326860080281697,0,0.0,500.0,phoenix_usa
2022-07-22 21:00:00,0.006068657485610876,0,0.0,500.0,phoenix_usa
2022-07-22 22:00:00,0.0058209922790044034,0,0.0,500.0,phoenix_usa
2022-07-22 23:00:00,0.005583434423934722,0,0.0,500.0,phoenix_usa
2022-07-23 00:00:00,0.005355571433898417,0,0.0,500.0,phoenix_usa
2022-07-23 01:00:00,0.0051370076561902305,0,0.0,500.0,phoenix_usa
2022-07-23 02:00:00,0.004927363584906597,0,0.0,500.0,phoenix_usa
2022-07-23 03:00:00,0.004726275201985891,0,0.0,500.0,phoenix_usa
2022-07-23 04:00:00,0.00453339334514123,0,0.0,500.0,phoenix_usa
2022-07-23 05:00:00,0.004348383101588196,0,0.0,500.0,phoenix_usa
2022-07-23 06:00:00,0.004170923226514932,0,0.0,500.0,phoenix_usa
2022-07-23 07:00:00,0.004000705585284754,0,0.0,500.0,phoenix_usa
2022-07-23 08:00:00,0.0038374346184027793,0,0.0,500.0,phoenix_usa
2022-07-23 09:00:00,0.0036808268283175737,0,0.0,500.0,phoenix_usa
2022-07-23 10:00:00,0.0035306102871666863,0,0.0,500.0,phoenix_usa
2022-07-23 11:00:00,0.0033865241646113516,0,0.0,500.0,phoenix_usa
2022-07-23 12:00:00,0.0032483182749405387,0,0.0,500.0,phoenix_usa
2022-07-23 13:00:00,0.00311575264265791,0,0.0,500.0,phoenix_usa
2022-07-23 14:00:00,0.002988597085797402,0,0.0,500.0,phoenix_usa
2022-07-23 15:00:00,0.0028666308162439615,0,0.0,500.0,phoenix_usa
2022-07-23 16:00:00,0.0027496420563653734,0,0.0,500.0,phoenix_usa
2022-07-23 17:00:00,0.0026374276712895555,0,0.0,500.0,phoenix_usa
2022-07-23 18:00:00,0.0025297928161888464,0,0.0,500.0,phoenix_usa
2022-07-23 19:00:00,0.0024265505979587797,0,0.0,500.0,phoenix_usa
2022-07-23 20:00:00,0.0023275217507039356,0,0.0,500.0,phoenix_usa
2022-07-23 21:00:00,0.0022325343244674178,0,0.0,500.0,phoenix_usa
2022-07-23 22:00:00,0.00214142338666342,0,0.0,500.0,phoenix_usa
2022-07-23 23:00:00,0.002054030735694498,0,0.0,500.0,phoenix_usa
2022-07-24 00:00:00,0.0019702046262562883,0,0.0,500.0,phoenix_usa
2022-07-24 01:00:00,0.0018897995058526828,0,0.0,500.0,phoenix_usa
2022-07-24 02:00:00,0.001812675762063952,0,0.0,500.0,phoenix_usa
2022-07-24 03:00:00,0.0017386994801290151,0,0.0,500.0,phoenix_usa
2022-07-24 04:00:00,0.001667742210420892,0,0.0,500.0,phoenix_usa
2022-07-24 05:00:00,0.0015996807454116088,0,0.0,500.0,phoenix_usa
2022-07-24 06:00:00,0.0015343969057393019,0,0.0,500.0,phoenix_usa
2022-07-24 07:00:00,1.0883504232851426,1,3.09,318.1711968398522,phoenix_usa
2022-07-24 08:00:00,1.043934251655377,1,3.09,318.1711968398522,phoenix_usa
2022-07-24 09:00:00,1.001330728102955,1,3.09,318.1711968398522,phoenix_usa
2022-07-24 10:00:00,0.9604658774757716,1,3.09,318.1711968398522,phoenix_usa
2022-07-24 11:00:00,0.9212687435878375,1,3.09,318.1711968398522,phoenix_usa
2022-07-24 12:00:00,0.8836712660136358,1,3.09,318.1711968398522,phoenix_usa
2022-07-24 13:00:00,0.847608161910564,1,3.09,318.1711968398522,phoenix_usa
2022-07-24 14:00:00,0.8130168126642685,1,3.09,318.1711968398522,phoenix_usa
2022-07-24 15:00:00,0.7798371551600416,1,3.09,318.1711968398522,phoenix_usa
2022-07-24 16:00:00,0.748011577491495,1,3.09,318.1711968398522,phoenix_usa
2022-07-24 17:00:00,0.717484818925417,1,3.09,318.1711968398522,phoenix_usa
2022-07-24 18:00:00,0.6882038739491191,1,3.09,318.1711968398522,phoenix_usa
2022-07-24 19:00:00,0.6601179002336612,1,3.09,318.1711968398522,phoenix_usa
2022-07-24 20:00:00,0.63317813035315,1,3.09,318.1711968398522,phoenix_usa
2022-07-24 21:00:00,0.6073377871068171,1,3.09,318.1711968398522,phoenix_usa
2022-07-24 22:00:00,0.5825520022968532,1,3.09,318.1711968398522,phoenix_usa
2022-07-24 23:00:00,0.55877773882096,1,3.09,318.1711968398522,phoenix_usa
2022-07-25 00:00:00,0.5359737159443483,1,3.09,318.1711968398522,phoenix_usa
2022-07-25 01:00:00,0.5141003376214272,1,3.09,318.1711968398522,phoenix_usa
2022-07-25 02:00:00,0.49311962374272134,1,3.09,318.1711968398522,phoenix_usa
2022-07-25 03:00:00,0.47299514418764343,1,3.09,318.1711968398522,phoenix_usa
2022-07-25 04:00:00,0.4536919555686041,1,3.09,318.1711968398522,phoenix_usa
2022-07-25 05:00:00,0.4351765405566327,1,3.09,318.1711968398522,phoenix_usa
2022-07-25 06:00:00,0.41741674968314935,1,3.09,318.1711968398522,phoenix_usa
2022-07-25 07:00:00,0.40038174551684114,0,0.0,500.0,phoenix_usa
2022-07-25 08:00:00,0.38404194911870787,0,0.0,500.0,phoenix_usa
2022-07-25 09:00:00,0.3683689886823086,0,0.0,500.0,phoenix_usa
2022-07-25 10:00:00,0.35333565027002606,0,0.0,500.0,phoenix_usa
2022-07-25 11:00:00,0.3389158305598104,0,0.0,500.0,phoenix_usa
2022-07-25 12:00:00,0.5642708231761966,1,4.29,471.3600200803447,phoenix_usa
2022-07-25 13:00:00,0.5412426245449026,1,4.29,471.3600200803447,phoenix_usa
2022-07-25 14:00:00,0.51915421920155,1,4.29,471.3600200803447,phoenix_usa
2022-07-25 15:00:00,0.4979672536718534,1,4.29,471.3600200803447,phoenix_usa
2022-07-25 16:00:00,0.4776449397076336,1,4.29,471.3600200803447,phoenix_usa
2022-07-25 17:00:00,0.45815199040909205,1,4.29,471.3600200803447,phoenix_usa
2022-07-25 18:00:00,0.4394545589539681,1,4.29,471.3600200803447,phoenix_usa
2022-07-25 19:00:00,0.4215201798271923,1,4.29,471.3600200803447,phoenix_usa
2022-07-25 20:00:00,0.40431771244899095,1,4.29,471.3600200803447,phoenix_usa
2022-07-25 21:00:00,0.38781728710355634,1,4.29,471.3600200803447,phoenix_usa
2022-07-25 22:00:00,0.3719902530743989,1,4.29,471.3600200803447,phoenix_usa
2022-07-25 23:00:00,0.35680912889632366,1,4.29,471.3600200803447,phoenix_usa
2022-07-26 00:00:00,0.34224755463764917,1,4.29,471.3600200803447,phoenix_usa
2022-07-26 01:00:00,0.3282802461298168,1,4.29,471.3600200803447,phoenix_usa
2022-07-26 02:00:00,0.31488295106491326,1,4.29,471.3600200803447,phoenix_usa
2022-07-26 03:00:00,0.3020324068848774,1,4.29,471.3600200803447,phoenix_usa
2022-07-26 04:00:00,0.28970630038927203,1,4.29,471.3600200803447,phoenix_usa
2022-07-26 05:00:00,0.2778832289914827,1,4.29,471.3600200803447,phoenix_usa
2022-07-26 06:00:00,0.2665426635560746,1,4.29,471.3600200803447,phoenix_usa
2022-07-26 07:00:00,0.2556649127527748,1,4.29,471.3600200803447,phoenix_usa
2022-07-26 08:00:00,0.2452310888651893,1,4.29,471.3600200803447,phoenix_usa
2022-07-26 09:00:00,0.23522307499488376,1,4.29,471.3600200803447,phoenix_usa
2022-07-26 10:00:00,0.22562349360388465,1,4.29,471.3600200803447,phoenix_usa
2022-07-26 11:00:00,0.21641567634097716,1,4.29,471.3600200803447,phoenix_usa
2022-07-26 12:00:00,0.20758363509940891,0,0.0,500.0,phoenix_usa
2022-07-26 13:00:00,0.1991120342557435,0,0.0,500.0,phoenix_usa
2022-07-26 14:00:00,0.19098616404166266,0,0.0,500.0,phoenix_usa
2022-07-26 15:00:00,0.18319191500247925,0,0.0,500.0,phoenix_usa
2022-07-26 16:00:00,0.1757157534980115,0,0.0,500.0,phoenix_usa
2022-07-26 17:00:00,0.16854469820328072,0,0.0,500.0,phoenix_usa
2022-07-26 18:00:00,0.16166629756822842,0,0.0,500.0,phoenix_usa
2022-07-26 19:00:00,0.1550686081973134,0,0.0,500.0,phoenix_usa
2022-07-26 20:00:00,0.14874017411145068,0,0.0,500.0,phoenix_usa
2022-07-26 21:00:00,0.1426700068562811,0,0.0,500.0,phoenix_usa
2022-07-26 22:00:00,0.13684756642223328,0,0.0,500.0,phoenix_usa
2022-07-26 23:00:00,0.1312627429432487,0,0.0,500.0,phoenix_usa
2022-07-27 00:00:00,0.1259058391423911,0,0.0,500.0,phoenix_usa
2022-07-27 01:00:00,0.12076755349386058,0,0.0,500.0,phoenix_usa
2022-07-27 02:00:00,0.11583896407217492,0,0.0,500.0,phoenix_usa
2022-07-27 03:00:00,0.11111151306047444,0,0.0,500.0,phoenix_usa
2022-07-27 04:00:00,0.10657699189105138,0,0.0,500.0,phoenix_usa
2022-07-27 05:00:00,0.10222752699230261,0,0.0,500.0,phoenix_usa
2022-07-27 06:00:00,0.09805556611735651,0,0.0,500.0,phoenix_usa
2022-07-27 07:00:00,0.0940538652306364,0,0.0,500.0,phoenix_usa
2022-07-27 08:00:00,0.09021547592959017,0,0.0,500.0,phoenix_usa
2022-07-27 09:00:00,0.08653373337974613,0,0.0,500.0,phoenix_usa
2022-07-27 10:00:00,0.0830022447421456,0,0.0,500.0,phoenix_usa
2022-07-27 11:00:00,0.07961487807305845,0,0.0,500.0,phoenix_usa
2022-07-27 12:00:00,0.07636575167670717,0,0.0,500.0,phoenix_usa
2022-07-27 13:00:00,0.07324922389251201,0,0.0,500.0,phoenix_usa
2022-07-27 14:00:00,0.0702598832991243,0,0.0,500.0,phoenix_usa
2022-07-27 15:00:00,0.06739253931823845,0,0.0,500.0,phoenix_usa
2022-07-27 16:00:00,0.06464221320186737,0,0.0,500.0,phoenix_usa
2022-07-27 17:00:00,0.06200412938743234,0,0.0,500.0,phoenix_usa
2022-07-27 18:00:00,0.059473707205656,0,0.0,500.0,phoenix_usa
2022-07-27 19:00:00,0.057046552926861005,0,0.0,500.0,phoenix_usa
2022-07-27 20:00:00,0.054718452131863535,0,0.0,500.0,phoenix_usa
2022-07-27 21:00:00,0.05248536239421455,0,0.0,500.0,phoenix_usa
2022-07-27 22:00:00,0.05034340626108302,0,0.0,500.0,phoenix_usa
2022-07-27 23:00:00,0.048288864520593,0,0.0,500.0,phoenix_usa
2022-07-28 00:00:00,0.04631816974392434,0,0.0,500.0,phoenix_usa
2022-07-28 01:00:00,0.04442790009096369,0,0.0,500.0,phoenix_usa
2022-07-28 02:00:00,0.0426147733687505,0,0.0,500.0,phoenix_usa
2022-07-28 03:00:00,0.040875641332400764,0,0.0,500.0,phoenix_usa
2022-07-28 04:00:00,0.039207484218613316,0,0.0,500.0,phoenix_usa
2022-07-28 05:00:00,0.037607405502266815,0,0.0,500.0,phoenix_usa
2022-07-28 06:00:00,0.03607262686700253,0,0.0,500.0,phoenix_usa
2022-07-28 07:00:00,0.034600483381060664,0,0.0,500.0,phoenix_usa
2022-07-28 08:00:00,0.03318841886999334,0,0.0,500.0,phoenix_usa
2022-07-28 09:00:00,0.031833981478219586,0,0.0,500.0,phoenix_usa
2022-07-28 10:00:00,0.030534819411715805,0,0.0,500.0,phoenix_usa
2022-07-28 11:00:00,0.029288676854449257,0,0.0,500.0,phoenix_usa
2022-07-28 12:00:00,0.02809339005146416,0,0.0,500.0,phoenix_usa
2022-07-28 13:00:00,0.02694688355181917,0,0.0,500.0,phoenix_usa
2022-07-28 14:00:00,0.025847166604852596,0,0.0,500.0,phoenix_usa
2022-07-28 15:00:00,0.024792329703518003,0,0.0,500.0,phoenix_usa
2022-07-28 16:00:00,0.0237805412687882,0,0.0,500.0,phoenix_usa
2022-07-28 17:00:00,0.022810044469370412,0,0.0,500.0,phoenix_usa
2022-07-28 18:00:00,0.0218791541712107,0,0.0,500.0,phoenix_usa
2022-07-28 19:00:00,0.020986254011490735,0,0.0,500.0,phoenix_usa
2022-07-28 20:00:00,0.02012979359203627,0,0.0,500.0,phoenix_usa
2022-07-28 21:00:00,0.01930828578726427,0,0.0,500.0,phoenix_usa
2022-07-28 22:00:00,0.01852030416199411,0,0.0,500.0,phoenix_usa
2022-07-28 23:00:00,0.017764480494639245,0,0.0,500.0,phoenix_usa
2022-07-29 00:00:00,0.01703950240147889,0,0.0,500.0,phoenix_usa
2022-07-29 01:00:00,0.016344111057884397,0,0.0,500.0,phoenix_usa
2022-07-29 02:00:00,0.015677099012543595,0,0.0,500.0,phoenix_usa
2022-07-29 03:00:00,0.015037308090887892,0,0.0,500.0,phoenix_usa
2022-07-29 04:00:00,0.014423627384081613,0,0.0,500.0,phoenix_usa
2022-07-29 05:00:00,0.013834991320081739,0,0.0,500.0,phoenix_usa
2022-07-29 06:00:00,0.013270377813418837,0,0.0,500.0,phoenix_usa
2022-07-29 07:00:00,0.012728806490486376,0,0.0,500.0,phoenix_usa
2022-07-29 08:00:00,0.012209336987256897,0,0.0,500.0,phoenix_usa
2022-07-29 09:00:00,0.011711067316469462,0,0.0,500.0,phoenix_usa
2022-07-29 10:00:00,0.01123313230145292,0,0.0,500.0,phoenix_usa
2022-07-29 11:00:00,0.010774702073865747,0,0.0,500.0,phoenix_usa
2022-07-29 12:00:00,0.010334980632743991,0,0.0,500.0,phoenix_usa
2022-07-29 13:00:00,0.009913204462355168,0,0.0,500.0,phoenix_usa
2022-07-29 14:00:00,0.00950864120645834,0,0.0,500.0,phoenix_usa
2022-07-29 15:00:00,0.009120588396668359,0,0.0,500.0,phoenix_usa
2022-07-29 16:00:00,0.008748372232716227,0,0.0,500.0,phoenix_usa
2022-07-29 17:00:00,0.008391346412487738,0,0.0,500.0,phoenix_usa
2022-07-29 18:00:00,0.008048891009808828,0,0.0,500.0,phoenix_usa
2022-07-29 19:00:00,0.0077204113980291495,0,0.0,500.0,phoenix_usa
2022-07-29 20:00:00,0.007405337217534785,0,0.0,500.0,phoenix_usa
2022-07-29 21:00:00,0.0071031213853972874,0,0.0,500.0,phoenix_usa
2022-07-29 22:00:00,0.0068132391454395315,0,0.0,500.0,phoenix_usa
2022-07-29 23:00:00,0.006535187157068875,0,0.0,500.0,phoenix_usa
2022-07-30 00:00:00,0.006268482621295506,0,0.0,500.0,phoenix_usa
2022-07-30 01:00:00,0.006012662442418501,0,0.0,500.0,phoenix_usa
2022-07-30 02:00:00,0.005767282423923909,0,0.0,500.0,phoenix_usa
2022-07-30 03:00:00,0.005531916497198649,0,0.0,500.0,phoenix_usa
2022-07-30 04:00:00,0.005306155981721055,0,0.0,500.0,phoenix_usa
2022-07-30 05:00:00,0.005089608875443427,0,0.0,500.0,phoenix_usa
2022-07-30 06:00:00,0.004881899174134433,0,0.0,500.0,phoenix_usa
2022-07-30 07:00:00,0.0046826662184995555,0,0.0,500.0,phoenix_usa
2022-07-30 08:00:00,0.00449156406794589,0,0.0,500.0,phoenix_usa
2022-07-30 09:00:00,0.004308260899903931,0,0.0,500.0,phoenix_usa
2022-07-30 10:00:00,0.004132438433663378,0,0.0,500.0,phoenix_usa
2022-07-30 11:00:00,0.003963791377722514,0,0.0,500.0,phoenix_usa
2022-07-30 12:00:00,0.0038020268996915405,0,0.0,500.0,phoenix_usa
2022-07-30 13:00:00,0.003646864117829468,0,0.0,500.0,phoenix_usa
2022-07-30 14:00:00,0.003498033613331644,0,0.0,500.0,phoenix_usa
2022-07-30 15:00:00,0.003355276962521097,0,0.0,500.0,phoenix_usa
2022-07-30 16:00:00,0.0032183462881314085,0,0.0,500.0,phoenix_usa
2022-07-30 17:00:00,0.003087003828901976,0,0.0,500.0,phoenix_usa
2022-07-30 18:00:00,0.002961021526738318,0,0.0,500.0,phoenix_usa
2022-07-30 19:00:00,0.0028401806307205976,0,0.0,500.0,phoenix_usa
2022-07-30 20:00:00,0.0027242713172727813,0,0.0,500.0,phoenix_usa
2022-07-30 21:00:00,0.002613092325832875,0,0.0,500.0,phoenix_usa
2022-07-30 22:00:00,0.002506450609391691,0,0.0,500.0,phoenix_usa
2022-07-30 23:00:00,0.0024041609992932855,0,0.0,500.0,phoenix_usa
2022-07-31 00:00:00,0.0023060458837150886,0,0.0,500.0,phoenix_usa
2022-07-31 01:00:00,0.0022119348992694385,0,0.0,500.0,phoenix_usa
2022-07-31 02:00:00,0.00212166463519101,0,0.0,500.0,phoenix_usa
2022-07-31 03:00:00,0.0020350783495965215,0,0.0,500.0,phoenix_usa
2022-07-31 04:00:00,0.001952025697324049,0,0.0,500.0,phoenix_usa
2022-07-31 05:00:00,0.0018723624688793418,0,0.0,500.0,phoenix_usa
2022-07-31 06:00:00,0.001795950340035901,0,0.0,500.0,phoenix_usa
2022-07-31 07:00:00,0.001722656631654008,0,0.0,500.0,phoenix_usa
2022-07-31 08:00:00,0.0016523540793016648,0,0.0,500.0,phoenix_usa
2022-07-31 09:00:00,0.0015849206122774333,0,0.0,500.0,phoenix_usa
2022-07-31 10:00:00,0.0015202391416514745,0,0.0,500.0,phoenix_usa
2022-07-31 11:00:00,0.0014581973569567405,0,0.0,500.0,phoenix_usa
2022-07-31 12:00:00,0.0013986875311773155,0,0.0,500.0,phoenix_usa
2022-07-31 13:00:00,0.0013416063336952903,0,0.0,500.0,phoenix_usa
2022-07-31 14:00:00,0.0012868546508713673,0,0.0,500.0,phoenix_usa
2022-07-31 15:00:00,0.0012343374139476755,0,0.0,500.0,phoenix_usa
2022-07-31 16:00:00,0.0011839634339739689,0,0.0,500.0,phoenix_usa
2022-07-31 17:00:00,0.001135645243470562,0,0.0,500.0,phoenix_usa
2022-07-31 18:00:00,0.0010892989445531033,0,0.0,500.0,phoenix_usa
2022-07-31 19:00:00,0.0010448440632554483,0,0.0,500.0,phoenix_usa
2022-07-31 20:00:00,0.0010022034097976998,0,0.0,500.0,phoenix_usa
2022-07-31 21:00:00,0.0009613029445567824,0,0.0,500.0,phoenix_usa
2022-07-31 22:00:00,0.0009220716495068362,0,0.0,500.0,phoenix_usa
2022-07-31 23:00:00,0.0008844414049061901,0,0.0,500.0,phoenix_usa
2022-08-01 00:00:00,0.0008483468710168118,0,0.0,500.0,phoenix_usa
2022-08-01 01:00:00,0.0008137253746508519,0,0.0,500.0,phoenix_usa
2022-08-01 02:00:00,0.0007805168003472806,0,0.0,500.0,phoenix_usa
2022-08-01 03:00:00,0.0007486634859896695,0,0.0,500.0,phoenix_usa
2022-08-01 04:00:00,0.000718110122683866,0,0.0,500.0,phoenix_usa
2022-08-01 05:00:00,0.0006888036587217142,0,0.0,500.0,phoenix_usa
2022-08-01 06:00:00,0.000660693207464069,0,0.0,500.0,phoenix_usa
2022-08-01 07:00:00,0.000633729958983156,0,0.0,500.0,phoenix_usa
2022-08-01 08:00:00,0.0006078670953108493,0,0.0,500.0,phoenix_usa
2022-08-01 09:00:00,0.0005830597091457224,0,0.0,500.0,phoenix_usa
2022-08-01 10:00:00,0.0005592647258776979,0,0.0,500.0,phoenix_usa
2022-08-01 11:00:00,0.0005364408287949196,0,0.0,500.0,phoenix_usa
2022-08-01 12:00:00,0.0005145483873429751,0,0.0,500.0,phoenix_usa
2022-08-01 13:00:00,0.0004935493883118911,0,0.0,500.0,phoenix_usa
2022-08-01 14:00:00,0.00047340736983142977,0,0.0,500.0,phoenix_usa
2022-08-01 15:00:00,0.00045408735806007426,0,0.0,500.0,phoenix_usa
2022-08-01 16:00:00,0.00043555580645776565,0,0.0,500.0,phoenix_usa
2022-08-01 17:00:00,0.00041778053753695676,0,0.0,500.0,phoenix_usa
2022-08-01 18:00:00,0.0004007306869908376,0,0.0,500.0,phoenix_usa
2022-08-01 19:00:00,0.00038437665010171375,0,0.0,500.0,phoenix_usa
2022-08-01 20:00:00,0.0003686900303364916,0,0.0,500.0,phoenix_usa
2022-08-01 21:00:00,0.0003536435900400112,0,0.0,500.0,phoenix_usa
2022-08-01 22:00:00,0.00033921120314060516,0,0.0,500.0,phoenix_usa
2022-08-01 23:00:00,0.0003253678097857743,0,0.0,500.0,phoenix_usa
2022-08-02 00:00:00,0.00031208937282920635,0,0.0,500.0,phoenix_usa
2022-08-02 01:00:00,0.000299352836093578,0,0.0,500.0,phoenix_usa
2022-08-02 02:00:00,0.0002871360843366797,0,0.0,500.0,phoenix_usa
2022-08-02 03:00:00,0.00027541790485134356,0,0.0,500.0,phoenix_usa
2022-08-02 04:00:00,0.00026417795063249665,0,0.0,500.0,phoenix_usa
2022-08-02 05:00:00,0.000253396705047389,0,0.0,500.0,phoenix_usa
2022-08-02 06:00:00,0.0002430554479476495,0,0.0,500.0,phoenix_usa
2022-08-02 07:00:00,0.00023313622316432448,0,0.0,500.0,phoenix_usa
2022-08-02 08:00:00,0.00022362180732946312,0,0.0,500.0,phoenix_usa
2022-08-02 09:00:00,0.00021449567997011202,0,0.0,500.0,phoenix_usa
2022-08-02 10:00:00,0.00020574199482278733,0,0.0,500.0,phoenix_usa
2022-08-02 11:00:00,0.00019734555231862037,0,0.0,500.0,phoenix_usa
2022-08-02 12:00:00,0.00018929177319140062,0,0.0,500.0,phoenix_usa
2022-08-02 13:00:00,0.00018156667316268564,0,0.0,500.0,phoenix_usa
2022-08-02 14:00:00,0.0001741568386600287,0,0.0,500.0,phoenix_usa
2022-08-02 15:00:00,0.00016704940352615678,0,0.0,500.0,phoenix_usa
2022-08-02 16:00:00,0.00016023202667865964,0,0.0,500.0,phoenix_usa
2022-08-02 17:00:00,0.0001536928706814004,0,0.0,500.0,phoenix_usa
2022-08-02 18:00:00,0.00014742058119043757,0,0.0,500.0,phoenix_usa
2022-08-02 19:00:00,0.00014140426723876942,0,0.0,500.0,phoenix_usa
2022-08-02 20:00:00,0.00013563348232567066,0,0.0,500.0,phoenix_usa
2022-08-02 21:00:00,0.000130098206277782,0,0.0,500.0,phoenix_usa
2022-08-02 22:00:00,0.0001247888278504584,0,0.0,500.0,phoenix_usa
2022-08-02 23:00:00,0.00011969612803916683,0,0.0,500.0,phoenix_usa
2022-08-03 00:00:00,0.0001148112640719544,0,0.0,500.0,phoenix_usa
2022-08-03 01:00:00,0.0001101257540551918,0,0.0,500.0,phoenix_usa
2022-08-03 02:00:00,0.00010563146224593385,0,0.0,500.0,phoenix_usa
2022-08-03 03:00:00,0.00010132058492532179,0,0.0,500.0,phoenix_usa
2022-08-03 04:00:00,9.71856368484997e-05,0,0.0,500.0,phoenix_usa
2022-08-03 05:00:00,9.321943824751826e-05,0,0.0,500.0,phoenix_usa
2022-08-03 06:00:00,8.941510236465592e-05,0,0.0,500.0,phoenix_usa
2022-08-03 07:00:00,8.576602349451232e-05,0,0.0,500.0,phoenix_usa
2022-08-03 08:00:00,8.226586551411083e-05,0,0.0,500.0,phoenix_usa
2022-08-03 09:00:00,7.890855088109338e-05,0,0.0,500.0,phoenix_usa
2022-08-03 10:00:00,7.568825008090477e-05,0,0.0,500.0,phoenix_usa
2022-08-03 11:00:00,7.25993715046437e-05,0,0.0,500.0,phoenix_usa
2022-08-03 12:00:00,6.963655174000386e-05,0,0.0,500.0,phoenix_usa
2022-08-03 13:00:00,6.67946462584467e-05,0,0.0,500.0,phoenix_usa
2022-08-03 14:00:00,6.40687204824364e-05,0,0.0,500.0,phoenix_usa
2022-08-03 15:00:00,6.145404121722532e-05,0,0.0,500.0,phoenix_usa
2022-08-03 16:00:00,5.8946068432312945e-05,0,0.0,500.0,phoenix_usa
2022-08-03 17:00:00,5.654044737830835e-05,0,0.0,500.0,phoenix_usa
2022-08-03 18:00:00,5.423300102550741e-05,0,0.0,500.0,phoenix_usa
2022-08-03 19:00:00,5.201972281105578e-05,0,0.0,500.0,phoenix_usa
2022-08-03 20:00:00,4.9896769682104426e-05,0,0.0,500.0,phoenix_usa
2022-08-03 21:00:00,4.7860455422877476e-05,0,0.0,500.0,phoenix_usa
2022-08-03 22:00:00,4.590724425406595e-05,0,0.0,500.0,phoenix_usa
2022-08-03 23:00:00,4.403374469343409e-05,0,0.0,500.0,phoenix_usa
2022-08-04 00:00:00,4.223670366697742e-05,0,0.0,500.0,phoenix_usa
2022-08-04 01:00:00,4.0513000860407614e-05,0,0.0,500.0,phoenix_usa
2022-08-04 02:00:00,3.885964330115645e-05,0,0.0,500.0,phoenix_usa
2022-08-04 03:00:00,3.7273760161491e-05,0,0.0,500.0,phoenix_usa
2022-08-04 04:00:00,3.5752597773716776e-05,0,0.0,500.0,phoenix_usa
2022-08-04 05:00:00,3.42935148488128e-05,0,0.0,500.0,phoenix_usa
2022-08-04 06:00:00,3.2893977890196904e-05,0,0.0,500.0,phoenix_usa
2022-08-04 07:00:00,3.155155679465796e-05,0,0.0,500.0,phoenix_usa
2022-08-04 08:00:00,3.0263920632816117e-05,0,0.0,500.0,phoenix_usa
2022-08-04 09:00:00,2.902883360178493e-05,0,0.0,500.0,phoenix_usa
2022-08-04 10:00:00,2.7844151143007587e-05,0,0.0,500.0,phoenix_usa
2022-08-04 11:00:00,2.6707816218526253e-05,0,0.0,500.0,phoenix_usa
2022-08-04 12:00:00,2.5617855739218824e-05,0,0.0,500.0,phoenix_usa
2022-08-04 13:00:00,2.457237713880152e-05,0,0.0,500.0,phoenix_usa
2022-08-04 14:00:00,2.3569565087648045e-05,0,0.0,500.0,phoenix_usa
2022-08-04 15:00:00,2.2607678340719613e-05,0,0.0,500.0,phoenix_usa
2022-08-04 16:00:00,2.1685046714132867e-05,0,0.0,500.0,phoenix_usa
2022-08-04 17:00:00,2.0800068185115412e-05,0,0.0,500.0,phoenix_usa
2022-08-04 18:00:00,1.9951206110313904e-05,0,0.0,500.0,phoenix_usa
2022-08-04 19:00:00,1.913698655762451e-05,0,0.0,500.0,phoenix_usa
2022-08-04 20:00:00,1.8355995746912743e-05,0,0.0,500.0,phoenix_usa
2022-08-04 21:00:00,1.7606877595178874e-05,0,0.0,500.0,phoenix_usa
2022-08-04 22:00:00,1.688833136190667e-05,0,0.0,500.0,phoenix_usa
2022-08-04 23:00:00,1.61991093905065e-05,0,0.0,500.0,phoenix_usa
2022-08-05 00:00:00,1.553801494193147e-05,0,0.0,500.0,phoenix_usa
2022-08-05 01:00:00,1.490390011670492e-05,0,0.0,500.0,phoenix_usa
2022-08-05 02:00:00,1.4295663861751019e-05,0,0.0,500.0,phoenix_usa
2022-08-05 03:00:00,1.3712250058567682e-05,0,0.0,500.0,phoenix_usa
2022-08-05 04:00:00,1.3152645689422291e-05,0,0.0,500.0,phoenix_usa
2022-08-05 05:00:00,1.261587907838582e-05,0,0.0,500.0,phoenix_usa
2022-08-05 06:00:00,1.2101018204151416e-05,0,0.0,500.0,phoenix_usa
2022-08-05 07:00:00,1.16071690817078e-05,0,0.0,500.0,phoenix_usa
2022-08-05 08:00:00,1.1133474210057286e-05,0,0.0,500.0,phoenix_usa
2022-08-05 09:00:00,1.0679111083283426e-05,0,0.0,500.0,phoenix_usa
2022-08-05 10:00:00,1.0243290762382816e-05,0,0.0,500.0,phoenix_usa
2022-08-05 11:00:00,9.825256505381029e-06,0,0.0,500.0,phoenix_usa
2022-08-05 12:00:00,9.424282453354445e-06,0,0.0,500.0,phoenix_usa
2022-08-05 13:00:00,9.039672370076236e-06,0,0.0,500.0,phoenix_usa
2022-08-05 14:00:00,8.670758433097904e-06,0,0.0,500.0,phoenix_usa
2022-08-05 15:00:00,8.316900074167652e-06,0,0.0,500.0,phoenix_usa
2022-08-05 16:00:00,7.977482866971825e-06,0,0.0,500.0,phoenix_usa
2022-08-05 17:00:00,7.65191746026816e-06,0,0.0,500.0,phoenix_usa
2022-08-05 18:00:00,7.3396385545585436e-06,0,0.0,500.0,phoenix_usa
2022-08-05 19:00:00,7.040103920524313e-06,0,0.0,500.0,phoenix_usa
2022-08-05 20:00:00,6.752793457519636e-06,0,0.0,500.0,phoenix_usa
2022-08-05 21:00:00,6.477208290488391e-06,0,0.0,500.0,phoenix_usa
2022-08-05 22:00:00,6.212869903736374e-06,0,0.0,500.0,phoenix_usa
2022-08-05 23:00:00,5.9593193100545995e-06,0,0.0,500.0,phoenix_usa
2022-08-06 00:00:00,5.716116253751268e-06,0,0.0,500.0,phoenix_usa
2022-08-06 01:00:00,5.4828384462084025e-06,0,0.0,500.0,phoenix_usa
2022-08-06 02:00:00,5.259080832635752e-06,0,0.0,500.0,phoenix_usa
2022-08-06 03:00:00,5.044454888748955e-06,0,0.0,500.0,phoenix_usa
2022-08-06 04:00:00,4.838587946150651e-06,0,0.0,500.0,phoenix_usa
2022-08-06 05:00:00,4.641122545243066e-06,0,0.0,500.0,phoenix_usa
2022-08-06 06:00:00,4.451715814548673e-06,0,0.0,500.0,phoenix_usa
2022-08-06 07:00:00,4.270038875361109e-06,0,0.0,500.0,phoenix_usa
2022-08-06 08:00:00,4.0957762706925396e-06,0,0.0,500.0,phoenix_usa
2022-08-06 09:00:00,3.928625417526063e-06,0,0.0,500.0,phoenix_usa
2022-08-06 10:00:00,3.768296081421988e-06,0,0.0,500.0,phoenix_usa
2022-08-06 11:00:00,3.6145098725656517e-06,0,0.0,500.0,phoenix_usa
2022-08-06 12:00:00,3.4669997623818634e-06,0,0.0,500.0,phoenix_usa
2022-08-06 13:00:00,3.325509619876573e-06,0,0.0,500.0,phoenix_usa
2022-08-06 14:00:00,3.189793766900628e-06,0,0.0,500.0,phoenix_usa
2022-08-06 15:00:00,3.0596165515635203e-06,0,0.0,500.0,phoenix_usa
2022-08-06 16:00:00,2.9347519390563485e-06,0,0.0,500.0,phoenix_usa
2022-08-06 17:00:00,2.814983119173449e-06,0,0.0,500.0,phoenix_usa
2022-08-06 18:00:00,2.700102129851368e-06,0,0.0,500.0,phoenix_usa
2022-08-06 19:00:00,2.5899094960713626e-06,0,0.0,500.0,phoenix_usa
2022-08-06 20:00:00,2.484213883498492e-06,0,0.0,500.0,phoenix_usa
2022-08-06 21:00:00,2.382831766255901e-06,0,0.0,500.0,phoenix_usa
2022-08-06 22:00:00,2.285587108257408e-06,0,0.0,500.0,phoenix_usa
2022-08-06 23:00:00,2.1923110575450678e-06,0,0.0,500.0,phoenix_usa
2022-08-07 00:00:00,2.1028416531010136e-06,0,0.0,500.0,phoenix_usa
2022-08-07 01:00:00,2.0170235436244453e-06,0,0.0,500.0,phoenix_usa
2022-08-07 02:00:00,1.934707717785481e-06,0,0.0,500.0,phoenix_usa
2022-08-07 03:00:00,1.8557512454875146e-06,0,0.0,500.0,phoenix_usa
2022-08-07 04:00:00,1.780017029688777e-06,0,0.0,500.0,phoenix_usa
2022-08-07 05:00:00,1.707373568352199e-06,0,0.0,500.0,phoenix_usa
2022-08-07 06:00:00,1.6376947261102368e-06,0,0.0,500.0,phoenix_usa
2022-08-07 07:00:00,1.5708595152481778e-06,0,0.0,500.0,phoenix_usa
2022-08-07 08:00:00,1.5067518856256232e-06,0,0.0,500.0,phoenix_usa
2022-08-07 09:00:00,0.6879341340055022,1,3.52,400.9177853530484,phoenix_usa
2022-08-07 10:00:00,0.6598591685235828,1,3.52,400.9177853530484,phoenix_usa
2022-08-07 11:00:00,0.6329299576246227,1,3.52,400.9177853530484,phoenix_usa
2022-08-07 12:00:00,0.6070997424420717,1,3.52,400.9177853530484,phoenix_usa
2022-08-07 13:00:00,0.5823236723641083,1,3.52,400.9177853530484,phoenix_usa
2022-08-07 14:00:00,0.5585587271567287,1,3.52,400.9177853530484,phoenix_usa
2022-08-07 15:00:00,0.5357636422650339,1,3.52,400.9177853530484,phoenix_usa
2022-08-07 16:00:00,0.5138988371630123,1,3.52,400.9177853530484,phoenix_usa
2022-08-07 17:00:00,0.49292634662740714,1,3.52,400.9177853530484,phoenix_usa
2022-08-07 18:00:00,0.4728097548163335,1,3.52,400.9177853530484,phoenix_usa
2022-08-07 19:00:00,0.45351413203818364,1,3.52,400.9177853530484,phoenix_usa
2022-08-07 20:00:00,0.4350059741010275,1,3.52,400.9177853530484,phoenix_usa
2022-08-07 21:00:00,0.41725314413719633,1,3.52,400.9177853530484,phoenix_usa
2022-08-07 22:00:00,0.40022481680203836,1,3.52,400.9177853530484,phoenix_usa
2022-08-07 23:00:00,0.38389142474995147,1,3.52,400.9177853530484,phoenix_usa
2022-08-08 00:00:00,0.36822460729475953,1,3.52,400.9177853530484,phoenix_usa
2022-08-08 01:00:00,0.35319716116528593,1,3.52,400.9177853530484,phoenix_usa
2022-08-08 02:00:00,0.3387829932706195,1,3.52,400.9177853530484,phoenix_usa
2022-08-08 03:00:00,0.32495707539305435,1,3.52,400.9177853530484,phoenix_usa
2022-08-08 04:00:00,0.3116954007300371,1,3.52,400.9177853530484,phoenix_usa
2022-08-08 05:00:00,0.2989749422096596,1,3.52,400.9177853530484,phoenix_usa
2022-08-08 06:00:00,0.2867736125073193,1,3.52,400.9177853530484,phoenix_usa
2022-08-08 07:00:00,0.275070225694122,1,3.52,400.9177853530484,phoenix_usa
2022-08-08 08:00:00,0.26384446045043297,1,3.52,400.9177853530484,phoenix_usa
2022-08-08 09:00:00,0.2530768247807043,0,0.0,500.0,phoenix_usa
2022-08-08 10:00:00,0.2427486221683082,0,0.0,500.0,phoenix_usa
2022-08-08 11:00:00,0.2328419191116109,0,0.0,500.0,phoenix_usa
2022-08-08 12:00:00,0.22333951398491594,0,0.0,500.0,phoenix_usa
2022-08-08 13:00:00,0.21422490717021025,0,0.0,500.0,phoenix_usa
2022-08-08 14:00:00,0.20548227240784955,0,0.0,500.0,phoenix_usa
2022-08-08 15:00:00,0.19709642931643723,0,0.0,500.0,phoenix_usa
2022-08-08 16:00:00,0.18905281703418303,0,0.0,500.0,phoenix_usa
2022-08-08 17:00:00,0.18133746893597125,0,0.0,500.0,phoenix_usa
2022-08-08 18:00:00,0.17393698838223948,0,0.0,500.0,phoenix_usa
2022-08-08 19:00:00,0.16683852545755878,0,0.0,500.0,phoenix_usa
2022-08-08 20:00:00,0.16002975465852487,0,0.0,500.0,phoenix_usa
2022-08-08 21:00:00,0.15349885349221906,0,0.0,500.0,phoenix_usa
2022-08-08 22:00:00,0.14723448194807678,0,0.0,500.0,phoenix_usa
2022-08-08 23:00:00,0.14122576280752097,0,0.0,500.0,phoenix_usa
2022-08-09 00:00:00,0.1354622627571699,0,0.0,500.0,phoenix_usa
2022-08-09 01:00:00,0.1299339742728253,0,0.0,500.0,phoenix_usa
2022-08-09 02:00:00,0.12463129824278397,0,0.0,500.0,phoenix_usa
2022-08-09 03:00:00,0.11954502730030307,0,0.0,500.0,phoenix_usa
2022-08-09 04:00:00,0.11466632983627481,0,0.0,500.0,phoenix_usa
2022-08-09 05:00:00,0.1099867346643538,0,0.0,500.0,phoenix_usa
2022-08-09 06:00:00,0.10549811631190834,0,0.0,500.0,phoenix_usa
2022-08-09 07:00:00,0.1011926809112561,0,0.0,500.0,phoenix_usa
2022-08-09 08:00:00,0.09706295266668598,0,0.0,500.0,phoenix_usa
2022-08-09 09:00:00,0.09310176087376852,0,0.0,500.0,phoenix_usa
2022-08-09 10:00:00,0.0893022274684148,0,0.0,500.0,phoenix_usa
2022-08-09 11:00:00,0.08565775508406558,0,0.0,500.0,phoenix_usa
2022-08-09 12:00:00,0.08216201559627238,0,0.0,500.0,phoenix_usa
2022-08-09 13:00:00,0.07880893913478103,0,0.0,500.0,phoenix_usa
2022-08-09 14:00:00,0.07559270354403776,0,0.0,500.0,phoenix_usa
2022-08-09 15:00:00,0.0725077242738176,0,0.0,500.0,phoenix_usa
2022-08-09 16:00:00,0.06954864468242215,0,0.0,500.0,phoenix_usa
2022-08-09 17:00:00,0.06671032673560888,0,0.0,500.0,phoenix_usa
2022-08-09 18:00:00,0.06398784208510191,0,0.0,500.0,phoenix_usa
2022-08-09 19:00:00,0.061376463511194156,0,0.0,500.0,phoenix_usa
2022-08-09 20:00:00,0.05887165671458116,0,0.0,500.0,phoenix_usa
2022-08-09 21:00:00,0.05646907244317466,0,0.0,500.0,phoenix_usa
2022-08-09 22:00:00,0.05416453894022528,0,0.0,500.0,phoenix_usa
2022-08-09 23:00:00,0.05195405470064147,0,0.0,500.0,phoenix_usa
2022-08-10 00:00:00,0.04983378152292676,0,0.0,500.0,phoenix_usa
2022-08-10 01:00:00,0.04780003784467152,0,0.0,500.0,phoenix_usa
2022-08-10 02:00:00,0.04584929235002674,0,0.0,500.0,phoenix_usa
2022-08-10 03:00:00,0.04397815783806032,0,0.0,500.0,phoenix_usa
2022-08-10 04:00:00,0.04218338534134905,0,0.0,500.0,phoenix_usa
2022-08-10 05:00:00,0.04046185848459418,0,0.0,500.0,phoenix_usa
2022-08-10 06:00:00,0.03881058807346468,0,0.0,500.0,phoenix_usa
2022-08-10 07:00:00,0.03722670690427296,0,0.0,500.0,phoenix_usa
2022-08-10 08:00:00,0.0357074647854706,0,0.0,500.0,phoenix_usa
2022-08-10 09:00:00,0.03425022376231922,0,0.0,500.0,phoenix_usa
2022-08-10 10:00:00,0.03285245353644547,0,0.0,500.0,phoenix_usa
2022-08-10 11:00:00,0.03151172707232631,0,0.0,500.0,phoenix_usa
2022-08-10 12:00:00,0.030225716383076015,0,0.0,500.0,phoenix_usa
2022-08-10 13:00:00,0.028992188488217458,0,0.0,500.0,phoenix_usa
2022-08-10 14:00:00,0.027809001536419107,0,0.0,500.0,phoenix_usa
2022-08-10 15:00:00,0.026674101086465042,0,0.0,500.0,phoenix_usa
2022-08-10 16:00:00,0.025585516540000675,0,0.0,500.0,phoenix_usa
2022-08-10 17:00:00,0.024541357719860126,0,0.0,500.0,phoenix_usa
2022-08-10 18:00:00,0.023539811588033796,0,0.0,500.0,phoenix_usa
2022-08-10 19:00:00,0.022579139097577527,0,0.0,500.0,phoenix_usa
2022-08-10 20:00:00,0.021657672172997106,0,0.0,500.0,phoenix_usa
2022-08-10 21:00:00,0.02077381081386479,0,0.0,500.0,phoenix_usa
2022-08-10 22:00:00,0.019926020316638905,0,0.0,500.0,phoenix_usa
2022-08-10 23:00:00,0.019112828609862534,0,0.0,500.0,phoenix_usa
2022-08-11 00:00:00,0.018332823698114044,0,0.0,500.0,phoenix_usa
2022-08-11 01:00:00,0.01758465121027155,0,0.0,500.0,phoenix_usa
2022-08-11 02:00:00,0.016867012047833925,0,0.0,500.0,phoenix_usa
2022-08-11 03:00:00,0.016178660129215115,0,0.0,500.0,phoenix_usa
2022-08-11 04:00:00,0.015518400226095103,0,0.0,500.0,phoenix_usa
2022-08-11 05:00:00,0.01488508588807049,0,0.0,500.0,phoenix_usa
2022-08-11 06:00:00,0.01427761745200123,0,0.0,500.0,phoenix_usa
2022-08-11 07:00:00,0.013694940132597009,0,0.0,500.0,phoenix_usa
2022-08-11 08:00:00,0.013136042190927876,0,0.0,500.0,phoenix_usa
2022-08-11 09:00:00,0.012599953177678844,0,0.0,500.0,phoenix_usa
2022-08-11 10:00:00,0.012085742248098335,0,0.0,500.0,phoenix_usa
2022-08-11 11:00:00,0.011592516545714417,0,0.0,500.0,phoenix_usa
2022-08-11 12:00:00,0.011119419652012508,0,0.0,500.0,phoenix_usa
2022-08-11 13:00:00,0.010665630099382567,0,0.0,500.0,phoenix_usa
2022-08-11 14:00:00,0.010230359944753645,0,0.0,500.0,phoenix_usa
2022-08-11 15:00:00,0.009812853401439317,0,0.0,500.0,phoenix_usa
2022-08-11 16:00:00,0.009412385526818147,0,0.0,500.0,phoenix_usa
2022-08-11 17:00:00,0.009028260963570605,0,0.0,500.0,phoenix_usa
2022-08-11 18:00:00,0.00865981273228691,0,0.0,500.0,phoenix_usa
2022-08-11 19:00:00,0.00830640107334909,0,0.0,500.0,phoenix_usa
2022-08-11 20:00:00,0.007967412336076472,0,0.0,500.0,phoenix_usa
2022-08-11 21:00:00,0.00764225791320584,0,0.0,500.0,phoenix_usa
2022-08-11 22:00:00,0.007330373218855928,0,0.0,500.0,phoenix_usa
2022-08-11 23:00:00,0.0070312167082017835,0,0.0,500.0,phoenix_usa
2022-08-12 00:00:00,0.006744268937156768,0,0.0,500.0,phoenix_usa
2022-08-12 01:00:00,0.006469031660429427,0,0.0,500.0,phoenix_usa
2022-08-12 02:00:00,0.006205026966389129,0,0.0,500.0,phoenix_usa
2022-08-12 03:00:00,0.0059517964472383484,0,0.0,500.0,phoenix_usa
2022-08-12 04:00:00,0.005708900403050652,0,0.0,500.0,phoenix_usa
2022-08-12 05:00:00,0.005475917078292293,0,0.0,500.0,phoenix_usa
2022-08-12 06:00:00,0.005252441929501841,0,0.0,500.0,phoenix_usa
2022-08-12 07:00:00,0.005038086922856149,0,0.0,500.0,phoenix_usa
2022-08-12 08:00:00,0.004832479860403037,0,0.0,500.0,phoenix_usa
2022-08-12 09:00:00,0.004635263733790831,0,0.0,500.0,phoenix_usa
2022-08-12 10:00:00,0.004446096104372507,0,0.0,500.0,phoenix_usa
2022-08-12 11:00:00,0.004264648508608118,0,0.0,500.0,phoenix_usa
2022-08-12 12:00:00,0.004090605887733115,0,0.0,500.0,phoenix_usa
2022-08-12 13:00:00,0.003923666040702174,0,0.0,500.0,phoenix_usa
2022-08-12 14:00:00,0.0037635390994586785,0,0.0,500.0,phoenix_usa
2022-08-12 15:00:00,0.0036099470256187828,0,0.0,500.0,phoenix_usa
2022-08-12 16:00:00,0.003462623127696031,0,0.0,500.0,phoenix_usa
2022-08-12 17:00:00,0.003321311598028301,0,0.0,500.0,phoenix_usa
2022-08-12 18:00:00,0.0031857670686030494,0,0.0,500.0,phoenix_usa
2022-08-12 19:00:00,0.0030557541850095315,0,0.0,500.0,phoenix_usa
2022-08-12 20:00:00,0.002931047197778268,0,0.0,500.0,phoenix_usa
2022-08-12 21:00:00,0.0028114295703981973,0,0.0,500.0,phoenix_usa
2022-08-12 22:00:00,0.002696693603330826,0,0.0,500.0,phoenix_usa
2022-08-12 23:00:00,0.00258664007336858,0,0.0,500.0,phoenix_usa
2022-08-13 00:00:00,0.0024810778877111484,0,0.0,500.0,phoenix_usa
2022-08-13 01:00:00,0.002379823752159146,0,0.0,500.0,phoenix_usa
2022-08-13 02:00:00,0.0022827018528489627,0,0.0,500.0,phoenix_usa
2022-08-13 03:00:00,0.00218954355097622,0,0.0,500.0,phoenix_usa
2022-08-13 04:00:00,0.0021001870899776958,0,0.0,500.0,phoenix_usa
2022-08-13 05:00:00,0.0020144773146633264,0,0.0,500.0,phoenix_usa
2022-08-13 06:00:00,0.0019322654018105896,0,0.0,500.0,phoenix_usa
2022-08-13 07:00:00,0.0018534086017534715,0,0.0,500.0,phoenix_usa
2022-08-13 08:00:00,0.0017777699905173186,0,0.0,500.0,phoenix_usa
2022-08-13 09:00:00,0.0017052182320692242,0,0.0,500.0,phoenix_usa
2022-08-13 10:00:00,0.0016356273502710844,0,0.0,500.0,phoenix_usa
2022-08-13 11:00:00,0.0015688765101393794,0,0.0,500.0,phoenix_usa
2022-08-13 12:00:00,0.00150484980803187,0,0.0,500.0,phoenix_usa
2022-08-13 13:00:00,0.001443436070396881,0,0.0,500.0,phoenix_usa
2022-08-13 14:00:00,0.001384528660735732,0,0.0,500.0,phoenix_usa
2022-08-13 15:00:00,0.001328025294443148,0,0.0,500.0,phoenix_usa
2022-08-13 16:00:00,0.0012738278612041277,0,0.0,500.0,phoenix_usa
2022-08-13 17:00:00,0.0012218422546388815,0,0.0,500.0,phoenix_usa
2022-08-13 18:00:00,0.0011719782089000736,0,0.0,500.0,phoenix_usa
2022-08-13 19:00:00,0.0011241491419386024,0,0.0,500.0,phoenix_usa
2022-08-13 20:00:00,0.0010782720051657915,0,0.0,500.0,phoenix_usa
2022-08-13 21:00:00,0.0010342671392509569,0,0.0,500.0,phoenix_usa
2022-08-13 22:00:00,0.0009920581358039476,0,0.0,500.0,phoenix_usa
2022-08-13 23:00:00,0.0009515717047024917,0,0.0,500.0,phoenix_usa
2022-08-14 00:00:00,0.0009127375468339999,0,0.0,500.0,phoenix_usa
2022-08-14 01:00:00,0.0008754882320308316,0,0.0,500.0,phoenix_usa
2022-08-14 02:00:00,0.0008397590819870924,0,0.0,500.0,phoenix_usa
2022-08-14 03:00:00,0.000805488057953667,0,0.0,500.0,phoenix_usa
2022-08-14 04:00:00,0.0007726156530164725,0,0.0,500.0,phoenix_usa
2022-08-14 05:00:00,0.0007410847887708922,0,0.0,500.0,phoenix_usa
2022-08-14 06:00:00,0.0007108407162129921,0,0.0,500.0,phoenix_usa
2022-08-14 07:00:00,0.0006818309206754115,0,0.0,500.0,phoenix_usa
2022-08-14 08:00:00,0.0006540050306428714,0,0.0,500.0,phoenix_usa
2022-08-14 09:00:00,0.000627314730288981,0,0.0,500.0,phoenix_usa
2022-08-14 10:00:00,0.0006017136755824536,0,0.0,500.0,phoenix_usa
2022-08-14 11:00:00,0.0005771574138170777,0,0.0,500.0,phoenix_usa
2022-08-14 12:00:00,0.0005536033064257167,0,0.0,500.0,phoenix_usa
2022-08-14 13:00:00,0.0005310104549443073,0,0.0,500.0,phoenix_usa
2022-08-14 14:00:00,0.0005093396299973064,0,0.0,500.0,phoenix_usa
2022-08-14 15:00:00,0.0004885532031812856,0,0.0,500.0,phoenix_usa
2022-08-14 16:00:00,0.0004686150817283881,0,0.0,500.0,phoenix_usa
2022-08-14 17:00:00,0.00044949064583620687,0,0.0,500.0,phoenix_usa
2022-08-14 18:00:00,0.000431146688555267,0,0.0,500.0,phoenix_usa
2022-08-14 19:00:00,0.00041355135812972955,0,0.0,500.0,phoenix_usa
2022-08-14 20:00:00,0.000396674102691202,0,0.0,500.0,phoenix_usa
2022-08-14 21:00:00,0.00038048561720962836,0,0.0,500.0,phoenix_usa
2022-08-14 22:00:00,0.00036495779260913903,0,0.0,500.0,phoenix_usa
2022-08-14 23:00:00,0.00035006366696050946,0,0.0,500.0,phoenix_usa
2022-08-15 00:00:00,0.00033577737866548514,0,0.0,500.0,phoenix_usa
2022-08-15 01:00:00,0.0003220741215516763,0,0.0,500.0,phoenix_usa
2022-08-15 02:00:00,0.0003089301018000549,0,0.0,500.0,phoenix_usa
2022-08-15 03:00:00,0.0002963224966302654,0,0.0,500.0,phoenix_usa
2022-08-15 04:00:00,0.0002842294146720089,0,0.0,500.0,phoenix_usa
2022-08-15 05:00:00,0.0002726298579536923,0,0.0,500.0,phoenix_usa
2022-08-15 06:00:00,0.0002615036854423434,0,0.0,500.0,phoenix_usa
2022-08-15 07:00:00,0.00025083157807148036,0,0.0,500.0,phoenix_usa
2022-08-15 08:00:00,0.0002405950051962116,0,0.0,500.0,phoenix_usa
2022-08-15 09:00:00,0.0002307761924173246,0,0.0,500.0,phoenix_usa
2022-08-15 10:00:00,0.00022135809071848736,0,0.0,500.0,phoenix_usa
2022-08-15 11:00:00,0.00021232434686298138,0,0.0,500.0,phoenix_usa
2022-08-15 12:00:00,0.00020365927499855555,0,0.0,500.0,phoenix_usa
2022-08-15 13:00:00,0.00019534782942110494,0,0.0,500.0,phoenix_usa
2022-08-15 14:00:00,0.00018737557844987832,0,0.0,500.0,phoenix_usa
2022-08-15 15:00:00,0.00017972867936884963,0,0.0,500.0,phoenix_usa
2022-08-15 16:00:00,0.00017239385439074906,0,0.0,500.0,phoenix_usa
2022-08-15 17:00:00,0.00016535836760201447,0,0.0,500.0,phoenix_usa
2022-08-15 18:00:00,0.00015861000284862967,0,0.0,500.0,phoenix_usa
2022-08-15 19:00:00,0.0001521370425244558,0,0.0,500.0,phoenix_usa
2022-08-15 20:00:00,0.00014592824722522266,0,0.0,500.0,phoenix_usa
2022-08-15 21:00:00,0.00013997283623284952,0,0.0,500.0,phoenix_usa
2022-08-15 22:00:00,0.00013426046879621312,0,0.0,500.0,phoenix_usa
2022-08-15 23:00:00,0.0001287812261758581,0,0.0,500.0,phoenix_usa
2022-08-16 00:00:00,0.00012352559442147058,0,0.0,500.0,phoenix_usa
2022-08-16 01:00:00,0.00011848444785221378,0,0.0,500.0,phoenix_usa
2022-08-16 02:00:00,0.00011364903321124099,0,0.0,500.0,phoenix_usa
2022-08-16 03:00:00,0.00010901095446686872,0,0.0,500.0,phoenix_usa
2022-08-16 04:00:00,0.00010456215823402468,0,0.0,500.0,phoenix_usa
2022-08-16 05:00:00,0.00010029491979065399,0,0.0,500.0,phoenix_usa
2022-08-16 06:00:00,9.620182966480201e-05,0,0.0,500.0,phoenix_usa
2022-08-16 07:00:00,9.22757807690871e-05,0,0.0,500.0,phoenix_usa
2022-08-16 08:00:00,8.850995606022257e-05,0,0.0,500.0,phoenix_usa
2022-08-16 09:00:00,8.489781670215862e-05,0,0.0,500.0,phoenix_usa
2022-08-16 10:00:00,8.143309071229457e-05,0,0.0,500.0,phoenix_usa
2022-08-16 11:00:00,7.810976207104508e-05,0,0.0,500.0,phoenix_usa
2022-08-16 12:00:00,7.492206027584971e-05,0,0.0,500.0,phoenix_usa
2022-08-16 13:00:00,7.186445032149033e-05,0,0.0,500.0,phoenix_usa
2022-08-16 14:00:00,6.893162308931698e-05,0,0.0,500.0,phoenix_usa
2022-08-16 15:00:00,6.611848612869373e-05,0,0.0,500.0,phoenix_usa
2022-08-16 16:00:00,6.342015481465976e-05,0,0.0,500.0,phoenix_usa
2022-08-16 17:00:00,6.0831943866451015e-05,0,0.0,500.0,phoenix_usa
2022-08-16 18:00:00,5.834935921215475e-05,0,0.0,500.0,phoenix_usa
2022-08-16 19:00:00,5.5968090185372743e-05,0,0.0,500.0,phoenix_usa
2022-08-16 20:00:00,5.3684002040343e-05,0,0.0,500.0,phoenix_usa
2022-08-16 21:00:00,5.14931287725225e-05,0,0.0,500.0,phoenix_usa
2022-08-16 22:00:00,4.939166623216675e-05,0,0.0,500.0,phoenix_usa
2022-08-16 23:00:00,4.737596551894779e-05,0,0.0,500.0,phoenix_usa
2022-08-17 00:00:00,4.544252664614082e-05,0,0.0,500.0,phoenix_usa
2022-08-17 01:00:00,0.38915247422128424,1,3.19,438.71483056242226,phoenix_usa
2022-08-17 02:00:00,0.37327095048099157,1,3.19,438.71483056242226,phoenix_usa
2022-08-17 03:00:00,0.35803756034647427,1,3.19,438.71483056242226,phoenix_usa
2022-08-17 04:00:00,0.343425853133415,1,3.19,438.71483056242226,phoenix_usa
2022-08-17 05:00:00,0.329410457624283,1,3.19,438.71483056242226,phoenix_usa
2022-08-17 06:00:00,0.3159670380147087,1,3.19,438.71483056242226,phoenix_usa
2022-08-17 07:00:00,0.30307225165771084,1,3.19,438.71483056242226,phoenix_usa
2022-08-17 08:00:00,0.29070370853240385,1,3.19,438.71483056242226,phoenix_usa
2022-08-17 09:00:00,0.27883993236680954,1,3.19,438.71483056242226,phoenix_usa
2022-08-17 10:00:00,0.2674603233472688,1,3.19,438.71483056242226,phoenix_usa
2022-08-17 11:00:00,0.25654512234970134,1,3.19,438.71483056242226,phoenix_usa
2022-08-17 12:00:00,0.2460753766306075,1,3.19,438.71483056242226,phoenix_usa
2022-08-17 13:00:00,0.23603290691823917,1,3.19,438.71483056242226,phoenix_usa
2022-08-17 14:00:00,0.2264002758467975,1,3.19,438.71483056242226,phoenix_usa
2022-08-17 15:00:00,0.21716075767884885,1,3.19,438.71483056242226,phoenix_usa
2022-08-17 16:00:00,0.20829830926338416,1,3.19,438.71483056242226,phoenix_usa
2022-08-17 17:00:00,0.1997975421790968,1,3.19,438.71483056242226,phoenix_usa
2022-08-17 18:00:00,0.19164369601450804,1,3.19,438.71483056242226,phoenix_usa
2022-08-17 19:00:00,0.18382261273854464,1,3.19,438.71483056242226,phoenix_usa
2022-08-17 20:00:00,0.17632071211706804,1,3.19,438.71483056242226,phoenix_usa
2022-08-17 21:00:00,0.1691249681326671,1,3.19,438.71483056242226,phoenix_usa
2022-08-17 22:00:00,0.16222288636677323,1,3.19,438.71483056242226,phoenix_usa
2022-08-17 23:00:00,0.15560248230482265,1,3.19,438.71483056242226,phoenix_usa
2022-08-18 00:00:00,0.14925226052679713,1,3.19,438.71483056242226,phoenix_usa
2022-08-18 01:00:00,0.1431611947470102,0,0.0,500.0,phoenix_usa
2022-08-18 02:00:00,0.1373187086684803,0,0.0,500.0,phoenix_usa
2022-08-18 03:00:00,0.13171465761864756,0,0.0,500.0,phoenix_usa
2022-08-18 04:00:00,0.12633931093454656,0,0.0,500.0,phoenix_usa
2022-08-18 05:00:00,0.1211833350668503,0,0.0,500.0,phoenix_usa
2022-08-18 06:00:00,0.11623777737344693,0,0.0,500.0,phoenix_usa
2022-08-18 07:00:00,0.11149405057440945,0,0.0,500.0,phoenix_usa
2022-08-18 08:00:00,0.10694391784136659,0,0.0,500.0,phoenix_usa
2022-08-18 09:00:00,0.10257947849538467,0,0.0,500.0,phoenix_usa
2022-08-18 10:00:00,0.09839315428852655,0,0.0,500.0,phoenix_usa
2022-08-18 11:00:00,0.09437767624526745,0,0.0,500.0,phoenix_usa
2022-08-18 12:00:00,0.0905260720409201,0,0.0,500.0,phoenix_usa
2022-08-18 13:00:00,0.08683165389515288,0,0.0,500.0,phoenix_usa
2022-08-18 14:00:00,0.08328800695958027,0,0.0,500.0,phoenix_usa
2022-08-18 15:00:00,0.07988897817926192,0,0.0,500.0,phoenix_usa
2022-08-18 16:00:00,0.07662866560877,0,0.0,500.0,phoenix_usa
2022-08-18 17:00:00,0.07350140816427383,0,0.0,500.0,phoenix_usa
2022-08-18 18:00:00,0.07050177579384698,0,0.0,500.0,phoenix_usa
2022-08-18 19:00:00,0.06762456004893025,0,0.0,500.0,phoenix_usa
2022-08-18 20:00:00,0.06486476504057773,0,0.0,500.0,phoenix_usa
2022-08-18 21:00:00,0.06221759876478357,0,0.0,500.0,phoenix_usa
2022-08-18 22:00:00,0.05967846478182692,0,0.0,500.0,phoenix_usa
2022-08-18 23:00:00,0.0572429542351874,0,0.0,500.0,phoenix_usa
2022-08-19 00:00:00,0.05490683819617264,0,0.0,500.0,phoenix_usa
2022-08-19 01:00:00,0.05266606032096612,0,0.0,500.0,phoenix_usa
2022-08-19 02:00:00,0.05051672980734461,0,0.0,500.0,phoenix_usa
2022-08-19 03:00:00,0.048455114638835915,0,0.0,500.0,phoenix_usa
2022-08-19 04:00:00,0.04647763510458607,0,0.0,500.0,phoenix_usa
2022-08-19 05:00:00,0.04458085758368454,0,0.0,500.0,phoenix_usa
2022-08-19 06:00:00,0.04276148858315417,0,0.0,500.0,phoenix_usa
2022-08-19 07:00:00,0.04101636901925427,0,0.0,500.0,phoenix_usa
2022-08-19 08:00:00,0.03934246873216657,0,0.0,500.0,phoenix_usa
2022-08-19 09:00:00,0.037736881224540095,0,0.0,500.0,phoenix_usa
2022-08-19 10:00:00,0.03619681861475866,0,0.0,500.0,phoenix_usa
2022-08-19 11:00:00,0.034719606796168284,0,0.0,500.0,phoenix_usa
2022-08-19 12:00:00,0.03330268079385942,0,0.0,500.0,phoenix_usa
2022-08-19 13:00:00,0.03194358031094094,0,0.0,500.0,phoenix_usa
2022-08-19 14:00:00,0.030639945456573586,0,0.0,500.0,phoenix_usa
2022-08-19 15:00:00,0.02938951264834443,0,0.0,500.0,phoenix_usa
2022-08-19 16:00:00,0.02819011068186764,0,0.0,500.0,phoenix_usa
2022-08-19 17:00:00,0.027039656960787136,0,0.0,500.0,phoenix_usa
2022-08-19 18:00:00,0.025936153880634742,0,0.0,500.0,phoenix_usa
2022-08-19 19:00:00,0.02487768536026511,0,0.0,500.0,phoenix_usa
2022-08-19 20:00:00,0.023862413514844635,0,0.0,500.0,phoenix_usa
2022-08-19 21:00:00,0.022888575464617596,0,0.0,500.0,phoenix_usa
2022-08-19 22:00:00,0.0219544802739081,0,0.0,500.0,phoenix_usa
2022-08-19 23:00:00,0.021058506015043183,0,0.0,500.0,phoenix_usa
2022-08-20 00:00:00,0.020199096952098795,0,0.0,500.0,phoenix_usa
2022-08-20 01:00:00,0.01937476083957849,0,0.0,500.0,phoenix_usa
2022-08-20 02:00:00,0.018584066331334685,0,0.0,500.0,phoenix_usa
2022-08-20 03:00:00,0.01782564049523313,0,0.0,500.0,phoenix_usa
2022-08-20 04:00:00,0.017098166429245335,0,0.0,500.0,phoenix_usa
2022-08-20 05:00:00,0.016400380974829525,0,0.0,500.0,phoenix_usa
2022-08-20 06:00:00,0.015731072523629767,0,0.0,500.0,phoenix_usa
2022-08-20 07:00:00,0.015089078913684918,0,0.0,500.0,phoenix_usa
2022-08-20 08:00:00,0.014473285411494381,0,0.0,500.0,phoenix_usa
2022-08-20 09:00:00,0.013882622776436905,0,0.0,500.0,phoenix_usa
2022-08-20 10:00:00,0.013316065404181475,0,0.0,500.0,phoenix_usa
2022-08-20 11:00:00,0.012772629545866603,0,0.0,500.0,phoenix_usa
2022-08-20 12:00:00,0.012251371599955927,0,0.0,500.0,phoenix_usa
2022-08-20 13:00:00,0.011751386473804038,0,0.0,500.0,phoenix_usa
2022-08-20 14:00:00,0.011271806012087762,0,0.0,500.0,phoenix_usa
2022-08-20 15:00:00,0.010811797489373984,0,0.0,500.0,phoenix_usa
2022-08-20 16:00:00,0.010370562164206575,0,0.0,500.0,phoenix_usa
2022-08-20 17:00:00,0.00994733389220187,0,0.0,500.0,phoenix_usa
2022-08-20 18:00:00,0.009541377795744444,0,0.0,500.0,phoenix_usa
2022-08-20 19:00:00,0.009151988987973302,0,0.0,500.0,phoenix_usa
2022-08-20 20:00:00,0.00877849134884292,0,0.0,500.0,phoenix_usa
2022-08-20 21:00:00,0.008420236351133906,0,0.0,500.0,phoenix_usa
2022-08-20 22:00:00,0.008076601934374763,0,0.0,500.0,phoenix_usa
2022-08-20 23:00:00,0.007746991424719541,0,0.0,500.0,phoenix_usa
2022-08-21 00:00:00,0.007430832498905888,0,0.0,500.0,phoenix_usa
2022-08-21 01:00:00,0.007127576190494477,0,0.0,500.0,phoenix_usa
2022-08-21 02:00:00,0.006836695936664421,0,0.0,500.0,phoenix_usa
2022-08-21 03:00:00,0.006557686663909396,0,0.0,500.0,phoenix_usa
2022-08-21 04:00:00,0.006290063911047086,0,0.0,500.0,phoenix_usa
2022-08-21 05:00:00,0.006033362988019041,0,0.0,500.0,phoenix_usa
2022-08-21 06:00:00,0.00578713816902035,0,0.0,500.0,phoenix_usa
2022-08-21 07:00:00,0.005550961918558199,0,0.0,500.0,phoenix_usa
2022-08-21 08:00:00,0.005324424149095344,0,0.0,500.0,phoenix_usa
2022-08-21 09:00:00,0.005107131508989546,0,0.0,500.0,phoenix_usa
2022-08-21 10:00:00,0.004898706699492653,0,0.0,500.0,phoenix_usa
2022-08-21 11:00:00,0.00469878781962326,0,0.0,500.0,phoenix_usa
2022-08-21 12:00:00,0.004507027737775466,0,0.0,500.0,phoenix_usa
2022-08-21 13:00:00,0.004323093488972676,0,0.0,500.0,phoenix_usa
2022-08-21 14:00:00,0.004146665696719751,0,0.0,500.0,phoenix_usa
2022-08-21 15:00:00,0.003977438018449704,0,0.0,500.0,phoenix_usa
2022-08-21 16:00:00,0.0038151166136020168,0,0.0,500.0,phoenix_usa
2022-08-21 17:00:00,0.0036594196334089747,0,0.0,500.0,phoenix_usa
2022-08-21 18:00:00,0.003510076731504075,0,0.0,500.0,phoenix_usa
2022-08-21 19:00:00,0.0033668285945028104,0,0.0,500.0,phoenix_usa
2022-08-21 20:00:00,0.003229426491740675,0,0.0,500.0,phoenix_usa
2022-08-21 21:00:00,0.003097631843386606,0,0.0,500.0,phoenix_usa
2022-08-21 22:00:00,0.002971215806181977,0,0.0,500.0,phoenix_usa
2022-08-21 23:00:00,0.0028499588760857826,0,0.0,500.0,phoenix_usa
2022-08-22 00:00:00,0.0027336505071360907,0,0.0,500.0,phoenix_usa
2022-08-22 01:00:00,0.002622088745865986,0,0.0,500.0,phoenix_usa
2022-08-22 02:00:00,0.002515079880639178,0,0.0,500.0,phoenix_usa
2022-08-22 03:00:00,0.0024124381052964086,0,0.0,500.0,phoenix_usa
2022-08-22 04:00:00,0.002313985196528659,0,0.0,500.0,phoenix_usa
2022-08-22 05:00:00,0.0022195502044169077,0,0.0,500.0,phoenix_usa
2022-08-22 06:00:00,0.00212896915560113,0,0.0,500.0,phoenix_usa
2022-08-22 07:00:00,0.002042084768563148,0,0.0,500.0,phoenix_usa
2022-08-22 08:00:00,0.0019587461805289277,0,0.0,500.0,phoenix_usa
2022-08-22 09:00:00,0.0018788086855161374,0,0.0,500.0,phoenix_usa
2022-08-22 10:00:00,0.0018021334830721585,0,0.0,500.0,phoenix_usa
2022-08-22 11:00:00,0.0017285874372661835,0,0.0,500.0,phoenix_usa
2022-08-22 12:00:00,0.0016580428455170266,0,0.0,500.0,phoenix_usa
2022-08-22 13:00:00,0.0015903772168551682,0,0.0,500.0,phoenix_usa
2022-08-22 14:00:00,0.0015254730592340507,0,0.0,500.0,phoenix_usa
2022-08-22 15:00:00,0.0014632176755213246,0,0.0,500.0,phoenix_usa
2022-08-22 16:00:00,0.0014035029678157952,0,0.0,500.0,phoenix_usa
2022-08-22 17:00:00,0.0013462252497502966,0,0.0,500.0,phoenix_usa
2022-08-22 18:00:00,0.0012912850664546006,0,0.0,500.0,phoenix_usa
2022-08-22 19:00:00,0.0012385870218657267,0,0.0,500.0,phoenix_usa
2022-08-22 20:00:00,0.00118803961308581,0,0.0,500.0,phoenix_usa
2022-08-22 21:00:00,0.0011395550714999282,0,0.0,500.0,phoenix_usa
2022-08-22 22:00:00,0.0010930492103779822,0,0.0,500.0,phoenix_usa
2022-08-22 23:00:00,0.0010484412786960283,0,0.0,500.0,phoenix_usa
2022-08-23 00:00:00,0.0010056538209232539,0,0.0,500.0,phoenix_usa
2022-08-23 01:00:00,0.0009646125425311073,0,0.0,500.0,phoenix_usa
2022-08-23 02:00:00,0.0009252461809910777,0,0.0,500.0,phoenix_usa
2022-08-23 03:00:00,0.0008874863820371349,0,0.0,500.0,phoenix_usa
2022-08-23 04:00:00,0.0008512675809779533,0,0.0,500.0,phoenix_usa
2022-08-23 05:00:00,0.0008165268888528523,0,0.0,500.0,phoenix_usa
2022-08-23 06:00:00,0.0007832039832337804,0,0.0,500.0,phoenix_usa
2022-08-23 07:00:00,0.0007512410034837249,0,0.0,500.0,phoenix_usa
2022-08-23 08:00:00,0.000720582450289678,0,0.0,500.0,phoenix_usa
2022-08-23 09:00:00,0.0006911750892957288,0,0.0,500.0,phoenix_usa
2022-08-23 10:00:00,0.0006629678586689305,0,0.0,500.0,phoenix_usa
2022-08-23 11:00:00,0.0006359117804374592,0,0.0,500.0,phoenix_usa
2022-08-23 12:00:00,0.0006099598754471117,0,0.0,500.0,phoenix_usa
2022-08-23 13:00:00,0.000585067081788473,0,0.0,500.0,phoenix_usa
2022-08-23 14:00:00,0.0005611901765531131,0,0.0,500.0,phoenix_usa
2022-08-23 15:00:00,0.0005382877007829616,0,0.0,500.0,phoenix_usa
2022-08-23 16:00:00,0.0005163198874825356,0,0.0,500.0,phoenix_usa
2022-08-23 17:00:00,0.0004952485925690244,0,0.0,500.0,phoenix_usa
2022-08-23 18:00:00,0.0004750372286403472,0,0.0,500.0,phoenix_usa
2022-08-23 19:00:00,0.0004556507014461645,0,0.0,500.0,phoenix_usa
2022-08-23 20:00:00,0.0004370553489515444,0,0.0,500.0,phoenix_usa
2022-08-23 21:00:00,0.00041921888288747673,0,0.0,500.0,phoenix_usa
2022-08-23 22:00:00,0.0004021103326867384,0,0.0,500.0,phoenix_usa
2022-08-23 23:00:00,0.0003856999917077674,0,0.0,500.0,phoenix_usa
2022-08-24 00:00:00,0.00036995936565317245,0,0.0,500.0,phoenix_usa
2022-08-24 01:00:00,0.00035486112309330783,0,0.0,500.0,phoenix_usa
2022-08-24 02:00:00,0.0003403790480090089,0,0.0,500.0,phoenix_usa
2022-08-24 03:00:00,0.0003264879942710864,0,0.0,500.0,phoenix_usa
2022-08-24 04:00:00,0.00031316384197753493,0,0.0,500.0,phoenix_usa
2022-08-24 05:00:00,0.00030038345557264367,0,0.0,500.0,phoenix_usa
2022-08-24 06:00:00,0.00028812464367529086,0,0.0,500.0,phoenix_usa
2022-08-24 07:00:00,0.00027636612054666635,0,0.0,500.0,phoenix_usa
2022-08-24 08:00:00,0.00026508746913051536,0,0.0,500.0,phoenix_usa
2022-08-24 09:00:00,0.00025426910560173444,0,0.0,500.0,phoenix_usa
2022-08-24 10:00:00,0.0002438922453617539,0,0.0,500.0,phoenix_usa
2022-08-24 11:00:00,0.0002339388704216694,0,0.0,500.0,phoenix_usa
2022-08-24 12:00:00,0.0002243916981164861,0,0.0,500.0,phoenix_usa
2022-08-24 13:00:00,0.00021523415109615,0,0.0,500.0,phoenix_usa
2022-08-24 14:00:00,0.0002064503285412623,0,0.0,500.0,phoenix_usa
2022-08-24 15:00:00,0.0001980249785534965,0,0.0,500.0,phoenix_usa
2022-08-24 16:00:00,0.00018994347167277718,0,0.0,500.0,phoenix_usa
2022-08-24 17:00:00,0.00018219177547523603,0,0.0,500.0,phoenix_usa
2022-08-24 18:00:00,0.0001747564302078416,0,0.0,500.0,phoenix_usa
2022-08-24 19:00:00,0.0001676245254173907,0,0.0,500.0,phoenix_usa
2022-08-24 20:00:00,0.00016078367753328385,0,0.0,500.0,phoenix_usa
2022-08-24 21:00:00,0.00015422200836516124,0,0.0,500.0,phoenix_usa
2022-08-24 22:00:00,0.00014792812447806005,0,0.0,500.0,phoenix_usa
2022-08-24 23:00:00,0.00014189109740928344,0,0.0,500.0,phoenix_usa
2022-08-25 00:00:00,0.00013610044469263035,0,0.0,500.0,phoenix_usa
2022-08-25 01:00:00,0.0001305461116570364,0,0.0,500.0,phoenix_usa
2022-08-25 02:00:00,0.0001252184539680217,0,0.0,500.0,phoenix_usa
2022-08-25 03:00:00,0.00012010822088163242,0,0.0,500.0,phoenix_usa
2022-08-25 04:00:00,0.00011520653918179734,0,0.0,500.0,phoenix_usa
2022-08-25 05:00:00,0.0001105048977732109,0,0.0,500.0,phoenix_usa
2022-08-25 06:00:00,0.00010599513290298705,0,0.0,500.0,phoenix_usa
2022-08-25 07:00:00,0.00010166941398542697,0,0.0,500.0,phoenix_usa
2022-08-25 08:00:00,0.6566111666942848,1,3.27,397.70557679527815,phoenix_usa
2022-08-25 09:00:00,0.6298145085132888,1,3.27,397.70557679527815,phoenix_usa
2022-08-25 10:00:00,0.6041114365003202,1,3.27,397.70557679527815,phoenix_usa
2022-08-25 11:00:00,0.5794573208101637,1,3.27,397.70557679527815,phoenix_usa
2022-08-25 12:00:00,0.5558093529658167,1,3.27,397.70557679527815,phoenix_usa
2022-08-25 13:00:00,0.5331264715274633,1,3.27,397.70557679527815,phoenix_usa
2022-08-25 14:00:00,0.5113692907949378,1,3.27,397.70557679527815,phoenix_usa
2022-08-25 15:00:00,0.4905000324198813,1,3.27,397.70557679527815,phoenix_usa
2022-08-25 16:00:00,0.4704824598088407,1,3.27,397.70557679527815,phoenix_usa
2022-08-25 17:00:00,0.4512818152034138,1,3.27,397.70557679527815,phoenix_usa
2022-08-25 18:00:00,0.4328647593281889,1,3.27,397.70557679527815,phoenix_usa
2022-08-25 19:00:00,0.41519931350168326,1,3.27,397.70557679527815,phoenix_usa
2022-08-25 20:00:00,0.3982548041097664,1,3.27,397.70557679527815,phoenix_usa
2022-08-25 21:00:00,0.38200180934515304,1,3.27,397.70557679527815,phoenix_usa
2022-08-25 22:00:00,0.36641210812048586,1,3.27,397.70557679527815,phoenix_usa
2022-08-25 23:00:00,0.3514586310663036,1,3.27,397.70557679527815,phoenix_usa
2022-08-26 00:00:00,0.33711541352880864,1,3.27,397.70557679527815,phoenix_usa
2022-08-26 01:00:00,0.32335755048582066,1,3.27,397.70557679527815,phoenix_usa
2022-08-26 02:00:00,0.31016115330263505,1,3.27,397.70557679527815,phoenix_usa
2022-08-26 03:00:00,0.2975033082526987,1,3.27,397.70557679527815,phoenix_usa
2022-08-26 04:00:00,0.28536203673107874,1,3.27,397.70557679527815,phoenix_usa
2022-08-26 05:00:00,0.27371625709164127,1,3.27,397.70557679527815,phoenix_usa
2022-08-26 06:00:00,0.26254574804167674,1,3.27,397.70557679527815,phoenix_usa
2022-08-26 07:00:00,0.25183111353040843,1,3.27,397.70557679527815,phoenix_usa
2022-08-26 08:00:00,0.24155374907042226,0,0.0,500.0,phoenix_usa
2022-08-26 09:00:00,0.23169580943353538,0,0.0,500.0,phoenix_usa
2022-08-26 10:00:00,0.22224017766501508,0,0.0,500.0,phoenix_usa
2022-08-26 11:00:00,0.2131704353623442,0,0.0,500.0,phoenix_usa
2022-08-26 12:00:00,0.2044708341669256,0,0.0,500.0,phoenix_usa
2022-08-26 13:00:00,0.19612626841922598,0,0.0,500.0,phoenix_usa
2022-08-26 14:00:00,0.18812224892987847,0,0.0,500.0,phoenix_usa
2022-08-26 15:00:00,0.18044487782120033,0,0.0,500.0,phoenix_usa
2022-08-26 16:00:00,0.17308082439544184,0,0.0,500.0,phoenix_usa
2022-08-26 17:00:00,0.16601730198786593,0,0.0,500.0,phoenix_usa
2022-08-26 18:00:00,0.15924204576446505,0,0.0,500.0,phoenix_usa
2022-08-26 19:00:00,0.1527432914257657,0,0.0,500.0,phoenix_usa
2022-08-26 20:00:00,0.1465097547797431,0,0.0,500.0,phoenix_usa
2022-08-26 21:00:00,1.2066752268989696,1,3.19,329.2904078377873,phoenix_usa
2022-08-26 22:00:00,1.1574301557962685,1,3.19,329.2904078377873,phoenix_usa
2022-08-26 23:00:00,1.1101948027799684,1,3.19,329.2904078377873,phoenix_usa
2022-08-27 00:00:00,1.0648871501639048,1,3.19,329.2904078377873,phoenix_usa
2022-08-27 01:00:00,1.0214285274482129,1,3.19,329.2904078377873,phoenix_usa
2022-08-27 02:00:00,0.9797434747188378,1,3.19,329.2904078377873,phoenix_usa
2022-08-27 03:00:00,1.152647453491235,2,3.3,329.2904078377873,phoenix_usa
2022-08-27 04:00:00,1.1056072851524883,2,3.3,329.2904078377873,phoenix_usa
2022-08-27 05:00:00,1.0604868516213235,2,3.3,329.2904078377873,phoenix_usa
2022-08-27 06:00:00,1.0172078074780364,2,3.3,329.2904078377873,phoenix_usa
2022-08-27 07:00:00,0.9756950046220344,2,3.3,329.2904078377873,phoenix_usa
2022-08-27 08:00:00,0.9358763617875072,2,3.3,329.2904078377873,phoenix_usa
2022-08-27 09:00:00,0.8976827393842345,2,3.3,329.2904078377873,phoenix_usa
2022-08-27 10:00:00,0.8610478194462079,2,3.3,329.2904078377873,phoenix_usa
2022-08-27 11:00:00,0.8259079904796154,2,3.3,329.2904078377873,phoenix_usa
2022-08-27 12:00:00,0.7922022370102415,2,3.3,329.2904078377873,phoenix_usa
2022-08-27 13:00:00,0.7598720336384983,2,3.3,329.2904078377873,phoenix_usa
2022-08-27 14:00:00,0.7288612434181279,2,3.3,329.2904078377873,phoenix_usa
2022-08-27 15:00:00,0.6991160203821257,2,3.3,329.2904078377873,phoenix_usa
2022-08-27 16:00:00,0.6705847160466323,2,3.3,329.2904078377873,phoenix_usa
2022-08-27 17:00:00,0.6432177897304547,2,3.3,329.2904078377873,phoenix_usa
2022-08-27 18:00:00,0.6169677225344947,2,3.3,329.2904078377873,phoenix_usa
2022-08-27 19:00:00,0.5917889348317233,2,3.3,329.2904078377873,phoenix_usa
2022-08-27 20:00:00,0.567637707124436,2,3.3,329.2904078377873,phoenix_usa
2022-08-27 21:00:00,0.5444721041313637,1,3.3,467.0925244162113,phoenix_usa
2022-08-27 22:00:00,0.5222519019728329,1,3.3,467.0925244162113,phoenix_usa
2022-08-27 23:00:00,0.5009385183275364,1,3.3,467.0925244162113,phoenix_usa
2022-08-28 00:00:00,0.48049494543964577,1,3.3,467.0925244162113,phoenix_usa
2022-08-28 01:00:00,0.4608856858599387,1,3.3,467.0925244162113,phoenix_usa
2022-08-28 02:00:00,0.4420766908093675,1,3.3,467.0925244162113,phoenix_usa
2022-08-28 03:00:00,0.4240353010580415,0,0.0,500.0,phoenix_usa
2022-08-28 04:00:00,0.40673019021697276,0,0.0,500.0,phoenix_usa
2022-08-28 05:00:00,0.3901313103441147,0,0.0,500.0,phoenix_usa
2022-08-28 06:00:00,0.3742098397702481,0,0.0,500.0,phoenix_usa
2022-08-28 07:00:00,0.35893813305412187,0,0.0,500.0,phoenix_usa
2022-08-28 08:00:00,0.3442896729799507,0,0.0,500.0,phoenix_usa
2022-08-28 09:00:00,0.3302390245139217,0,0.0,500.0,phoenix_usa
2022-08-28 10:00:00,0.3167617906397599,0,0.0,500.0,phoenix_usa
2022-08-28 11:00:00,0.3038345699966698,0,0.0,500.0,phoenix_usa
2022-08-28 12:00:00,0.29143491624609413,0,0.0,500.0,phoenix_usa
2022-08-28 13:00:00,0.2795412990967382,0,0.0,500.0,phoenix_usa
2022-08-28 14:00:00,0.2681330669201835,0,0.0,500.0,phoenix_usa
2022-08-28 15:00:00,0.2571904108921791,0,0.0,500.0,phoenix_usa
2022-08-28 16:00:00,0.2466943305973454,0,0.0,500.0,phoenix_usa
2022-08-28 17:00:00,0.23662660103757,0,0.0,500.0,phoenix_usa
2022-08-28 18:00:00,0.22696974098680742,0,0.0,500.0,phoenix_usa
2022-08-28 19:00:00,0.21770698263733754,0,0.0,500.0,phoenix_usa
2022-08-28 20:00:00,0.20882224248477635,0,0.0,500.0,phoenix_usa
2022-08-28 21:00:00,0.20030009340128543,0,0.0,500.0,phoenix_usa
2022-08-28 22:00:00,0.19212573784848866,0,0.0,500.0,phoenix_usa
2022-08-28 23:00:00,0.1842849821835844,0,0.0,500.0,phoenix_usa
2022-08-29 00:00:00,0.17676421201403958,0,0.0,500.0,phoenix_usa
2022-08-29 01:00:00,0.1695503685580712,0,0.0,500.0,phoenix_usa
2022-08-29 02:00:00,0.16263092596987058,0,0.0,500.0,phoenix_usa
2022-08-29 03:00:00,0.15599386959019665,0,0.0,500.0,phoenix_usa
2022-08-29 04:00:00,0.14962767508457445,0,0.0,500.0,phoenix_usa
2022-08-29 05:00:00,0.14352128843287543,0,0.0,500.0,phoenix_usa
2022-08-29 06:00:00,0.13766410673553386,0,0.0,500.0,phoenix_usa
2022-08-29 07:00:00,0.13204595980307116,0,0.0,500.0,phoenix_usa
2022-08-29 08:00:00,0.12665709249696291,0,0.0,500.0,phoenix_usa
2022-08-29 09:00:00,0.12148814779118375,0,0.0,500.0,phoenix_usa
2022-08-29 10:00:00,0.1165301505250203,0,0.0,500.0,phoenix_usa
2022-08-29 11:00:00,0.11177449181894035,0,0.0,500.0,phoenix_usa
2022-08-29 12:00:00,0.10721291412645921,0,0.0,500.0,phoenix_usa
2022-08-29 13:00:00,0.10283749689604706,0,0.0,500.0,phoenix_usa
2022-08-29 14:00:00,0.09864064281818208,0,0.0,500.0,phoenix_usa
2022-08-29 15:00:00,0.0946150646336685,0,0.0,500.0,phoenix_usa
2022-08-29 16:00:00,0.09075377248031449,0,0.0,500.0,phoenix_usa
2022-08-29 17:00:00,0.08705006175599911,0,0.0,500.0,phoenix_usa
2022-08-29 18:00:00,0.08349750147705375,0,0.0,500.0,phoenix_usa
2022-08-29 19:00:00,0.08008992311174463,0,0.0,500.0,phoenix_usa
2022-08-29 20:00:00,0.07682140986946696,0,0.0,500.0,phoenix_usa
2022-08-29 21:00:00,0.07368628642705262,0,0.0,500.0,phoenix_usa
2022-08-29 22:00:00,0.070679109074353,0,0.0,500.0,phoenix_usa
2022-08-29 23:00:00,0.06779465626198623,0,0.0,500.0,phoenix_usa
2022-08-30 00:00:00,0.06502791953483518,0,0.0,500.0,phoenix_usa
2022-08-30 01:00:00,0.062374094835555303,0,0.0,500.0,phoenix_usa
2022-08-30 02:00:00,0.05982857416299019,0,0.0,500.0,phoenix_usa
2022-08-30 03:00:00,0.057386937571012375,0,0.0,500.0,phoenix_usa
2022-08-30 04:00:00,0.055044945493895374,0,0.0,500.0,phoenix_usa
2022-08-30 05:00:00,0.0527985313848916,0,0.0,500.0,phoenix_usa
2022-08-30 06:00:00,0.05064379465523397,0,0.0,500.0,phoenix_usa
2022-08-30 07:00:00,0.04857699390130054,0,0.0,500.0,phoenix_usa
2022-08-30 08:00:00,0.04659454040818239,0,0.0,500.0,phoenix_usa
2022-08-30 09:00:00,1.50804355585066,1,4.03,316.5006830821286,phoenix_usa
2022-08-30 10:00:00,1.4464994796333288,1,4.03,316.5006830821286,phoenix_usa
2022-08-30 11:00:00,1.3874670505781435,1,4.03,316.5006830821286,phoenix_usa
2022-08-30 12:00:00,1.3308437670008666,1,4.03,316.5006830821286,phoenix_usa
2022-08-30 13:00:00,1.2765313103666418,1,4.03,316.5006830821286,phoenix_usa
2022-08-30 14:00:00,1.2244353745733958,1,4.03,316.5006830821286,phoenix_usa
2022-08-30 15:00:00,1.1744655022022799,1,4.03,316.5006830821286,phoenix_usa
2022-08-30 16:00:00,1.1265349274508163,1,4.03,316.5006830821286,phoenix_usa
2022-08-30 17:00:00,1.0805604254760308,1,4.03,316.5006830821286,phoenix_usa
2022-08-30 18:00:00,1.0364621678859731,1,4.03,316.5006830821286,phoenix_usa
2022-08-30 19:00:00,0.9941635841287072,1,4.03,316.5006830821286,phoenix_usa
2022-08-30 20:00:00,0.9535912285380899,1,4.03,316.5006830821286,phoenix_usa
2022-08-30 21:00:00,0.9146746528054865,1,4.03,316.5006830821286,phoenix_usa
2022-08-30 22:00:00,0.877346283655984,1,4.03,316.5006830821286,phoenix_usa
2022-08-30 23:00:00,0.8415413055167033,1,4.03,316.5006830821286,phoenix_usa
2022-08-31 00:00:00,0.8071975479734819,1,4.03,316.5006830821286,phoenix_usa
2022-08-31 01:00:00,0.7742553778205117,1,4.03,316.5006830821286,phoenix_usa
2022-08-31 02:00:00,0.7426575955154872,1,4.03,316.5006830821286,phoenix_usa
2022-08-31 03:00:00,0.7123493358604782,1,4.03,316.5006830821286,phoenix_usa
2022-08-31 04:00:00,0.6832779727360673,1,4.03,316.5006830821286,phoenix_usa
2022-08-31 05:00:00,0.6553930277233407,1,4.03,316.5006830821286,phoenix_usa
2022-08-31 06:00:00,0.6286460824550657,1,4.03,316.5006830821286,phoenix_usa
2022-08-31 07:00:00,0.602990694543861,1,4.03,316.5006830821286,phoenix_usa
2022-08-31 08:00:00,0.5783823169413881,1,4.03,316.5006830821286,phoenix_usa
2022-08-31 09:00:00,0.5547782205885357,0,0.0,500.0,phoenix_usa
2022-08-31 10:00:00,0.532137420222291,0,0.0,500.0,phoenix_usa
2022-08-31 11:00:00,0.5104206032104769,0,0.0,500.0,phoenix_usa
2022-08-31 12:00:00,0.4895900612907761,0,0.0,500.0,phoenix_usa
2022-08-31 13:00:00,0.46960962509552917,0,0.0,500.0,phoenix_usa
2022-08-31 14:00:00,0.4504446013486066,0,0.0,500.0,phoenix_usa
2022-08-31 15:00:00,0.4320617126253121,0,0.0,500.0,phoenix_usa
2022-08-31 16:00:00,0.4144290395707176,0,0.0,500.0,phoenix_usa
2022-08-31 17:00:00,0.3975159654760982,0,0.0,500.0,phoenix_usa
2022-08-31 18:00:00,0.3812931231172335,0,0.0,500.0,phoenix_usa
2022-08-31 19:00:00,0.3657323437622669,0,0.0,500.0,phoenix_usa
2022-08-31 20:00:00,0.3508066082605816,0,0.0,500.0,phoenix_usa
2022-08-31 21:00:00,0.33649000012776537,0,0.0,500.0,phoenix_usa
2022-08-31 22:00:00,0.32275766054520505,0,0.0,500.0,phoenix_usa
2022-08-31 23:00:00,0.3095857451961708,0,0.0,500.0,phoenix_usa
2022-09-01 00:00:00,0.296951382863443,0,0.0,500.0,phoenix_usa
2022-09-01 01:00:00,0.28483263571659373,0,0.0,500.0,phoenix_usa
2022-09-01 02:00:00,0.2732084612199645,0,0.0,500.0,phoenix_usa
2022-09-01 03:00:00,0.26205867559520085,0,0.0,500.0,phoenix_usa
2022-09-01 04:00:00,0.2513639187749004,0,0.0,500.0,phoenix_usa
2022-09-01 05:00:00,0.24110562078652226,0,0.0,500.0,phoenix_usa
2022-09-01 06:00:00,0.23126596950818604,0,0.0,500.0,phoenix_usa
2022-09-01 07:00:00,0.2218278797403754,0,0.0,500.0,phoenix_usa
2022-09-01 08:00:00,0.2127749635398419,0,0.0,500.0,phoenix_usa
2022-09-01 09:00:00,0.2040915017641976,0,0.0,500.0,phoenix_usa
2022-09-01 10:00:00,0.1957624167777895,0,0.0,500.0,phoenix_usa
2022-09-01 11:00:00,0.1877732462714607,0,0.0,500.0,phoenix_usa
2022-09-01 12:00:00,0.18011011815074288,0,0.0,500.0,phoenix_usa
2022-09-01 13:00:00,0.17275972644887386,0,0.0,500.0,phoenix_usa
2022-09-01 14:00:00,0.16570930822281849,0,0.0,500.0,phoenix_usa
2022-09-01 15:00:00,0.15894662139217614,0,0.0,500.0,phoenix_usa
2022-09-01 16:00:00,0.15245992348249315,0,0.0,500.0,phoenix_usa
2022-09-01 17:00:00,0.14623795123607333,0,0.0,500.0,phoenix_usa
2022-09-01 18:00:00,0.14026990105488182,0,0.0,500.0,phoenix_usa
2022-09-01 19:00:00,0.13454541024158465,0,0.0,500.0,phoenix_usa
2022-09-01 20:00:00,0.1290545390061518,0,0.0,500.0,phoenix_usa
2022-09-01 21:00:00,0.12378775320678087,0,0.0,500.0,phoenix_usa
2022-09-01 22:00:00,0.11873590779517215,0,0.0,500.0,phoenix_usa
2022-09-01 23:00:00,0.11389023093741184,0,0.0,500.0,phoenix_usa
2022-09-02 00:00:00,0.10924230878289046,0,0.0,500.0,phoenix_usa
2022-09-02 01:00:00,0.10478407085480954,0,0.0,500.0,phoenix_usa
2022-09-02 02:00:00,0.10050777603691019,0,0.0,500.0,phoenix_usa
2022-09-02 03:00:00,0.09640599913209076,0,0.0,500.0,phoenix_usa
2022-09-02 04:00:00,0.09247161796957422,0,0.0,500.0,phoenix_usa
2022-09-02 05:00:00,0.08869780103823947,0,0.0,500.0,phoenix_usa
2022-09-02 06:00:00,0.08507799562464329,0,0.0,500.0,phoenix_usa
2022-09-02 07:00:00,0.08160591643513525,0,0.0,500.0,phoenix_usa
2022-09-02 08:00:00,0.07827553468231105,0,0.0,500.0,phoenix_usa
2022-09-02 09:00:00,0.07508106761685346,0,0.0,500.0,phoenix_usa
2022-09-02 10:00:00,0.07201696848658411,0,0.0,500.0,phoenix_usa
2022-09-02 11:00:00,0.06907791690529255,0,0.0,500.0,phoenix_usa
2022-09-02 12:00:00,0.06625880961461772,0,0.0,500.0,phoenix_usa
2022-09-02 13:00:00,0.0635547516229429,0,0.0,500.0,phoenix_usa
2022-09-02 14:00:00,0.06096104770591673,0,0.0,500.0,phoenix_usa
2022-09-02 15:00:00,0.05847319425384254,0,0.0,500.0,phoenix_usa
2022-09-02 16:00:00,0.05608687145178039,0,0.0,500.0,phoenix_usa
2022-09-02 17:00:00,0.05379793577878326,0,0.0,500.0,phoenix_usa
2022-09-02 18:00:00,0.0516024128132434,0,0.0,500.0,phoenix_usa
2022-09-02 19:00:00,0.04949649033185657,0,0.0,500.0,phoenix_usa
2022-09-02 20:00:00,0.04747651169022121,0,0.0,500.0,phoenix_usa
2022-09-02 21:00:00,0.04553896947357895,0,0.0,500.0,phoenix_usa
2022-09-02 22:00:00,0.04368049940667179,0,0.0,500.0,phoenix_usa
2022-09-02 23:00:00,0.04189787451214156,0,0.0,500.0,phoenix_usa
2022-09-03 00:00:00,0.040187999507327855,0,0.0,500.0,phoenix_usa
2022-09-03 01:00:00,0.038547905429736115,0,0.0,500.0,phoenix_usa
2022-09-03 02:00:00,0.03697474448184299,0,0.0,500.0,phoenix_usa
2022-09-03 03:00:00,0.03546578508628809,0,0.0,500.0,phoenix_usa
2022-09-03 04:00:00,0.03401840714286603,0,0.0,500.0,phoenix_usa
2022-09-03 05:00:00,0.03263009747908329,0,0.0,500.0,phoenix_usa
2022-09-03 06:00:00,0.03129844548638017,0,0.0,500.0,phoenix_usa
2022-09-03 07:00:00,0.030021138934440948,0,0.0,500.0,phoenix_usa
2022-09-03 08:00:00,0.028795959956324425,0,0.0,500.0,phoenix_usa
2022-09-03 09:00:00,0.027620781197443302,0,0.0,500.0,phoenix_usa
2022-09-03 10:00:00,0.026493562121705942,0,0.0,500.0,phoenix_usa
2022-09-03 11:00:00,0.025412345468406348,0,0.0,500.0,phoenix_usa
2022-09-03 12:00:00,0.02437525385371055,0,0.0,500.0,phoenix_usa
2022-09-03 13:00:00,0.023380486510838065,0,0.0,500.0,phoenix_usa
2022-09-03 14:00:00,0.02242631616327828,0,0.0,500.0,phoenix_usa
2022-09-03 15:00:00,0.02151108602561278,0,0.0,500.0,phoenix_usa
2022-09-03 16:00:00,0.020633206926735502,0,0.0,500.0,phoenix_usa
2022-09-03 17:00:00,0.01979115455047593,0,0.0,500.0,phoenix_usa
2022-09-03 18:00:00,0.01898346678883405,0,0.0,500.0,phoenix_usa
2022-09-03 19:00:00,0.0182087412032311,0,0.0,500.0,phoenix_usa
2022-09-03 20:00:00,0.01746563258936803,0,0.0,500.0,phoenix_usa
2022-09-03 21:00:00,0.01675285064146359,0,0.0,500.0,phoenix_usa
2022-09-03 22:00:00,0.016069157711815947,0,0.0,500.0,phoenix_usa
2022-09-03 23:00:00,0.015413366661797854,0,0.0,500.0,phoenix_usa
2022-09-04 00:00:00,0.014784338800553968,0,0.0,500.0,phoenix_usa
2022-09-04 01:00:00,0.014180981907820935,0,0.0,500.0,phoenix_usa
2022-09-04 02:00:00,0.013602248337437272,0,0.0,500.0,phoenix_usa
2022-09-04 03:00:00,0.013047133198250129,0,0.0,500.0,phoenix_usa
2022-09-04 04:00:00,0.01251467260926016,0,0.0,500.0,phoenix_usa
2022-09-04 05:00:00,0.012003942025974849,0,0.0,500.0,phoenix_usa
2022-09-04 06:00:00,0.011514054635064384,0,0.0,500.0,phoenix_usa
2022-09-04 07:00:00,0.01104415981453237,0,0.0,500.0,phoenix_usa
2022-09-04 08:00:00,0.01059344165672786,0,0.0,500.0,phoenix_usa
2022-09-04 09:00:00,0.010161117551634125,0,0.0,500.0,phoenix_usa
2022-09-04 10:00:00,0.009746436827974075,0,0.0,500.0,phoenix_usa
2022-09-04 11:00:00,0.009348679449772962,0,0.0,500.0,phoenix_usa
2022-09-04 12:00:00,0.00896715476611508,0,0.0,500.0,phoenix_usa
2022-09-04 13:00:00,0.00860120031192355,0,0.0,500.0,phoenix_usa
2022-09-04 14:00:00,0.008250180657680899,0,0.0,500.0,phoenix_usa
2022-09-04 15:00:00,0.007913486306093252,0,0.0,500.0,phoenix_usa
2022-09-04 16:00:00,0.00759053263378219,0,0.0,500.0,phoenix_usa
2022-09-04 17:00:00,0.007280758876166734,0,0.0,500.0,phoenix_usa
2022-09-04 18:00:00,0.006983627153772907,0,0.0,500.0,phoenix_usa
2022-09-04 19:00:00,0.006698621538280072,0,0.0,500.0,phoenix_usa
2022-09-04 20:00:00,0.006425247156682442,0,0.0,500.0,phoenix_usa
2022-09-04 21:00:00,0.0061630293320102635,0,0.0,500.0,phoenix_usa
2022-09-04 22:00:00,0.005911512759118623,0,0.0,500.0,phoenix_usa
2022-09-04 23:00:00,0.005670260714112734,0,0.0,500.0,phoenix_usa
2022-09-05 00:00:00,0.005438854296037066,0,0.0,500.0,phoenix_usa
2022-09-05 01:00:00,0.0052168916995114995,0,0.0,500.0,phoenix_usa
2022-09-05 02:00:00,0.0050039875170516035,0,0.0,500.0,phoenix_usa
2022-09-05 03:00:00,0.00479977206986163,0,0.0,500.0,phoenix_usa
2022-09-05 04:00:00,0.004603890765938184,0,0.0,500.0,phoenix_usa
2022-09-05 05:00:00,0.004416003484370021,0,0.0,500.0,phoenix_usa
2022-09-05 06:00:00,0.0042357839847649405,0,0.0,500.0,phoenix_usa
2022-09-05 07:00:00,0.004062919340778268,0,0.0,500.0,phoenix_usa
2022-09-05 08:00:00,0.0038971093967593235,0,0.0,500.0,phoenix_usa
2022-09-05 09:00:00,0.0037380662465724963,0,0.0,500.0,phoenix_usa
2022-09-05 10:00:00,0.0035855137336878676,0,0.0,500.0,phoenix_usa
2022-09-05 11:00:00,0.0034391869716734265,0,0.0,500.0,phoenix_usa
2022-09-05 12:00:00,0.003298831884256258,0,0.0,500.0,phoenix_usa
2022-09-05 13:00:00,0.0031642047641540732,0,0.0,500.0,phoenix_usa
2022-09-05 14:00:00,0.0030350718499110945,0,0.0,500.0,phoenix_usa
2022-09-05 15:00:00,0.0029112089200034517,0,0.0,500.0,phoenix_usa
2022-09-05 16:00:00,0.0027924009035093906,0,0.0,500.0,phoenix_usa
2022-09-05 17:00:00,0.0026784415066682388,0,0.0,500.0,phoenix_usa
2022-09-05 18:00:00,0.002569132854679691,0,0.0,500.0,phoenix_usa
2022-09-05 19:00:00,0.002464285148121463,0,0.0,500.0,phoenix_usa
2022-09-05 20:00:00,0.0023637163333887377,0,0.0,500.0,phoenix_usa
2022-09-05 21:00:00,0.0022672517865831468,0,0.0,500.0,phoenix_usa
2022-09-05 22:00:00,0.0021747240103024115,0,0.0,500.0,phoenix_usa
2022-09-05 23:00:00,0.0020859723428041776,0,0.0,500.0,phoenix_usa
2022-09-06 00:00:00,0.0020008426790390174,0,0.0,500.0,phoenix_usa
2022-09-06 01:00:00,0.0019191872030682284,0,0.0,500.0,phoenix_usa
2022-09-06 02:00:00,0.0018408641314018185,0,0.0,500.0,phoenix_usa
2022-09-06 03:00:00,0.0017657374668109964,0,0.0,500.0,phoenix_usa
2022-09-06 04:00:00,0.0016936767621877043,0,0.0,500.0,phoenix_usa
2022-09-06 05:00:00,0.0016245568940411867,0,0.0,500.0,phoenix_usa
2022-09-06 06:00:00,0.0015582578452382745,0,0.0,500.0,phoenix_usa
2022-09-06 07:00:00,0.0014946644966101553,0,0.0,500.0,phoenix_usa
2022-09-06 08:00:00,0.0014336664270637983,0,0.0,500.0,phoenix_usa
2022-09-06 09:00:00,0.001375157721850923,0,0.0,500.0,phoenix_usa
2022-09-06 10:00:00,0.0013190367886616256,0,0.0,500.0,phoenix_usa
2022-09-06 11:00:00,0.0012652061812233255,0,0.0,500.0,phoenix_usa
2022-09-06 12:00:00,0.34789236434158527,1,3.19,445.4880315993896,phoenix_usa
2022-09-06 13:00:00,0.3336946880852197,1,3.19,445.4880315993896,phoenix_usa
2022-09-06 14:00:00,0.3200764267046651,1,3.19,445.4880315993896,phoenix_usa
2022-09-06 15:00:00,0.30701393396428056,1,3.19,445.4880315993896,phoenix_usa
2022-09-06 16:00:00,0.29448452864413904,1,3.19,445.4880315993896,phoenix_usa
2022-09-06 17:00:00,0.2824664551572121,1,3.19,445.4880315993896,phoenix_usa
2022-09-06 18:00:00,0.27093884577378907,1,3.19,445.4880315993896,phoenix_usa
2022-09-06 19:00:00,0.2598816843875372,1,3.19,445.4880315993896,phoenix_usa
2022-09-06 20:00:00,0.24927577176029023,1,3.19,445.4880315993896,phoenix_usa
2022-09-06 21:00:00,0.2391026921852142,1,3.19,445.4880315993896,phoenix_usa
2022-09-06 22:00:00,0.22934478151046908,1,3.19,445.4880315993896,phoenix_usa
2022-09-06 23:00:00,0.2199850964678407,1,3.19,445.4880315993896,phoenix_usa
2022-09-07 00:00:00,0.2110073852530895,1,3.19,445.4880315993896,phoenix_usa
2022-09-07 01:00:00,0.20239605930692972,1,3.19,445.4880315993896,phoenix_usa
2022-09-07 02:00:00,0.19413616624764288,1,3.19,445.4880315993896,phoenix_usa
2022-09-07 03:00:00,0.18621336390832594,1,3.19,445.4880315993896,phoenix_usa
2022-09-07 04:00:00,0.17861389543369352,1,3.19,445.4880315993896,phoenix_usa
2022-09-07 05:00:00,0.1713245653931929,1,3.19,445.4880315993896,phoenix_usa
2022-09-07 06:00:00,0.16433271686895573,1,3.19,445.4880315993896,phoenix_usa
2022-09-07 07:00:00,0.15762620947880335,1,3.19,445.4880315993896,phoenix_usa
2022-09-07 08:00:00,0.1511933982961447,1,3.19,445.4880315993896,phoenix_usa
2022-09-07 09:00:00,0.14502311363016468,1,3.19,445.4880315993896,phoenix_usa
2022-09-07 10:00:00,0.13910464163119454,1,3.19,445.4880315993896,phoenix_usa
2022-09-07 11:00:00,0.13342770568758672,1,3.19,445.4880315993896,phoenix_usa
2022-09-07 12:00:00,0.12798244858179422,0,0.0,500.0,phoenix_usa
2022-09-07 13:00:00,0.12275941537466936,0,0.0,500.0,phoenix_usa
2022-09-07 14:00:00,0.1177495369882643,0,0.0,500.0,phoenix_usa
2022-09-07 15:00:00,0.1129441144586256,0,0.0,500.0,phoenix_usa
2022-09-07 16:00:00,0.10833480383124146,0,0.0,500.0,phoenix_usa
2022-09-07 17:00:00,0.10391360167291351,0,0.0,500.0,phoenix_usa
2022-09-07 18:00:00,0.09967283117489711,0,0.0,500.0,phoenix_usa
2022-09-07 19:00:00,0.09560512882318035,0,0.0,500.0,phoenix_usa
2022-09-07 20:00:00,0.09170343161275558,0,0.0,500.0,phoenix_usa
2022-09-07 21:00:00,0.08796096478368401,0,0.0,500.0,phoenix_usa
2022-09-07 22:00:00,0.0843712300576579,0,0.0,500.0,phoenix_usa
2022-09-07 23:00:00,0.0809279943546351,0,0.0,500.0,phoenix_usa
2022-09-08 00:00:00,0.07762527896995382,0,0.0,500.0,phoenix_usa
2022-09-08 01:00:00,0.0744573491931354,0,0.0,500.0,phoenix_usa
2022-09-08 02:00:00,0.07141870435034908,0,0.0,500.0,phoenix_usa
2022-09-08 03:00:00,0.06850406825324937,0,0.0,500.0,phoenix_usa
2022-09-08 04:00:00,0.0657083800376016,0,0.0,500.0,phoenix_usa
2022-09-08 05:00:00,0.06302678537578804,0,0.0,500.0,phoenix_usa
2022-09-08 06:00:00,0.06045462804793629,0,0.0,500.0,phoenix_usa
2022-09-08 07:00:00,0.05798744185703488,0,0.0,500.0,phoenix_usa
2022-09-08 08:00:00,0.05562094287399701,0,0.0,500.0,phoenix_usa
2022-09-08 09:00:00,0.05335102199920757,0,0.0,500.0,phoenix_usa
2022-09-08 10:00:00,0.05117373782763761,0,0.0,500.0,phoenix_usa
2022-09-08 11:00:00,0.04908530980513709,0,0.0,500.0,phoenix_usa
2022-09-08 12:00:00,0.0470821116640233,0,0.0,500.0,phoenix_usa
2022-09-08 13:00:00,0.045160665126566336,0,0.0,500.0,phoenix_usa
2022-09-08 14:00:00,0.04331763386543875,0,0.0,500.0,phoenix_usa
2022-09-08 15:00:00,0.04154981771064261,0,0.0,500.0,phoenix_usa
2022-09-08 16:00:00,0.03985414709285495,0,0.0,500.0,phoenix_usa
2022-09-08 17:00:00,0.03822767771354327,0,0.0,500.0,phoenix_usa
2022-09-08 18:00:00,0.03666758543259667,0,0.0,500.0,phoenix_usa
2022-09-08 19:00:00,0.035171161364595346,0,0.0,500.0,phoenix_usa
2022-09-08 20:00:00,0.033735807175204094,0,0.0,500.0,phoenix_usa
2022-09-08 21:00:00,0.03235903056952259,0,0.0,500.0,phoenix_usa
2022-09-08 22:00:00,0.03103844096455839,0,0.0,500.0,phoenix_usa
2022-09-08 23:00:00,0.02977174533830879,0,0.0,500.0,phoenix_usa
2022-09-09 00:00:00,0.02855674424824392,0,0.0,500.0,phoenix_usa
2022-09-09 01:00:00,0.0273913280122776,0,0.0,500.0,phoenix_usa
2022-09-09 02:00:00,0.026273473045594867,0,0.0,500.0,phoenix_usa
2022-09-09 03:00:00,0.025201238346975723,0,0.0,500.0,phoenix_usa
2022-09-09 04:00:00,0.024172762128513645,0,0.0,500.0,phoenix_usa
2022-09-09 05:00:00,0.02318625858287733,0,0.0,500.0,phoenix_usa
2022-09-09 06:00:00,0.022240014782502204,0,0.0,500.0,phoenix_usa
2022-09-09 07:00:00,0.0213323877053275,0,0.0,500.0,phoenix_usa
2022-09-09 08:00:00,0.02046180138191473,0,0.0,500.0,phoenix_usa
2022-09-09 09:00:00,0.019626744158993813,0,0.0,500.0,phoenix_usa
2022-09-09 10:00:00,0.018825766074685224,0,0.0,500.0,phoenix_usa
2022-09-09 11:00:00,0.01805747634084095,0,0.0,500.0,phoenix_usa
2022-09-09 12:00:00,0.017320540928132337,0,0.0,500.0,phoenix_usa
2022-09-09 13:00:00,0.01661368024969185,0,0.0,500.0,phoenix_usa
2022-09-09 14:00:00,0.015935666939286736,0,0.0,500.0,phoenix_usa
2022-09-09 15:00:00,0.015285323720166496,0,0.0,500.0,phoenix_usa
2022-09-09 16:00:00,0.014661521360883927,0,0.0,500.0,phoenix_usa
2022-09-09 17:00:00,0.014063176714540288,0,0.0,500.0,phoenix_usa
2022-09-09 18:00:00,0.013489250838049777,0,0.0,500.0,phoenix_usa
2022-09-09 19:00:00,0.012938747188157946,0,0.0,500.0,phoenix_usa
2022-09-09 20:00:00,0.012410709891081614,0,0.0,500.0,phoenix_usa
2022-09-09 21:00:00,0.011904222082765585,0,0.0,500.0,phoenix_usa
2022-09-09 22:00:00,0.011418404316874532,0,0.0,500.0,phoenix_usa
2022-09-09 23:00:00,0.010952413037755524,0,0.0,500.0,phoenix_usa
2022-09-10 00:00:00,0.01050543911571977,0,0.0,500.0,phoenix_usa
2022-09-10 01:00:00,0.010076706442100349,0,0.0,500.0,phoenix_usa
2022-09-10 02:00:00,0.00966547058164639,0,0.0,500.0,phoenix_usa
2022-09-10 03:00:00,0.009271017479913747,0,0.0,500.0,phoenix_usa
2022-09-10 04:00:00,0.008892662223407795,0,0.0,500.0,phoenix_usa
2022-09-10 05:00:00,0.008529747850325465,0,0.0,500.0,phoenix_usa
2022-09-10 06:00:00,0.008181644209831524,0,0.0,500.0,phoenix_usa
2022-09-10 07:00:00,0.00784774686788842,0,0.0,500.0,phoenix_usa
2022-09-10 08:00:00,0.007527476057739836,0,0.0,500.0,phoenix_usa
2022-09-10 09:00:00,0.007220275673225509,0,0.0,500.0,phoenix_usa
2022-09-10 10:00:00,0.006925612303179491,0,0.0,500.0,phoenix_usa
2022-09-10 11:00:00,0.006642974305235105,0,0.0,500.0,phoenix_usa
2022-09-10 12:00:00,0.006371870917428413,0,0.0,500.0,phoenix_usa
2022-09-10 13:00:00,0.006111831406057669,0,0.0,500.0,phoenix_usa
2022-09-10 14:00:00,0.005862404248319036,0,0.0,500.0,phoenix_usa
2022-09-10 15:00:00,0.005623156348299439,0,0.0,500.0,phoenix_usa
2022-09-10 16:00:00,0.0053936722849651465,0,0.0,500.0,phoenix_usa
2022-09-10 17:00:00,0.005173553590840321,0,0.0,500.0,phoenix_usa
2022-09-10 18:00:00,0.00496241806012316,0,0.0,500.0,phoenix_usa
2022-09-10 19:00:00,0.004759899085038119,0,0.0,500.0,phoenix_usa
2022-09-10 20:00:00,0.0045656450192719964,0,0.0,500.0,phoenix_usa
2022-09-10 21:00:00,0.004379318567388544,0,0.0,500.0,phoenix_usa
2022-09-10 22:00:00,0.00420059619916139,0,0.0,500.0,phoenix_usa
2022-09-10 23:00:00,0.004029167587808321,0,0.0,500.0,phoenix_usa
2022-09-11 00:00:00,0.0038647350711515983,0,0.0,500.0,phoenix_usa
2022-09-11 01:00:00,0.00370701313476855,0,0.0,500.0,phoenix_usa
2022-09-11 02:00:00,0.0035557279162350894,0,0.0,500.0,phoenix_usa
2022-09-11 03:00:00,0.003410616729601342,0,0.0,500.0,phoenix_usa
2022-09-11 04:00:00,0.0032714276092736566,0,0.0,500.0,phoenix_usa
2022-09-11 05:00:00,0.0031379188725110447,0,0.0,500.0,phoenix_usa
2022-09-11 06:00:00,0.003009858699776386,0,0.0,500.0,phoenix_usa
2022-09-11 07:00:00,0.002887024732213731,0,0.0,500.0,phoenix_usa
2022-09-11 08:00:00,0.0027692036855527418,0,0.0,500.0,phoenix_usa
2022-09-11 09:00:00,0.0026561909797699584,0,0.0,500.0,phoenix_usa
2022-09-11 10:00:00,0.002547790383863739,0,0.0,500.0,phoenix_usa
2022-09-11 11:00:00,0.0024438136751261407,0,0.0,500.0,phoenix_usa
2022-09-11 12:00:00,0.00234408031232013,0,0.0,500.0,phoenix_usa
2022-09-11 13:00:00,0.002248417122194566,0,0.0,500.0,phoenix_usa
2022-09-11 14:00:00,0.002156657998792696,0,0.0,500.0,phoenix_usa
2022-09-11 15:00:00,0.0020686436150320455,0,0.0,500.0,phoenix_usa
2022-09-11 16:00:00,0.001984221146054874,0,0.0,500.0,phoenix_usa
2022-09-11 17:00:00,0.0019032440038688461,0,0.0,500.0,phoenix_usa
2022-09-11 18:00:00,0.0018255715828171806,0,0.0,500.0,phoenix_usa
2022-09-11 19:00:00,0.0017510690154362827,0,0.0,500.0,phoenix_usa
2022-09-11 20:00:00,0.001679606938276962,0,0.0,500.0,phoenix_usa
2022-09-11 21:00:00,0.0016110612672826205,0,0.0,500.0,phoenix_usa
2022-09-11 22:00:00,0.0015453129823343765,0,0.0,500.0,phoenix_usa
2022-09-11 23:00:00,0.0014822479205890144,0,0.0,500.0,phoenix_usa
2022-09-12 00:00:00,0.0014217565782509258,0,0.0,500.0,phoenix_usa
2022-09-12 01:00:00,0.0013637339204338509,0,0.0,500.0,phoenix_usa
2022-09-12 02:00:00,0.0013080791987822628,0,0.0,500.0,phoenix_usa
2022-09-12 03:00:00,0.0012546957765357148,0,0.0,500.0,phoenix_usa
2022-09-12 04:00:00,0.0012034909607324205,0,0.0,500.0,phoenix_usa
2022-09-12 05:00:00,0.001154375841260686,0,0.0,500.0,phoenix_usa
2022-09-12 06:00:00,0.0011072651364787422,0,0.0,500.0,phoenix_usa
2022-09-12 07:00:00,0.00106207704513492,0,0.0,500.0,phoenix_usa
2022-09-12 08:00:00,0.0010187331043310425,0,0.0,500.0,phoenix_usa
2022-09-12 09:00:00,0.000977158053282399,0,0.0,500.0,phoenix_usa
2022-09-12 10:00:00,0.0009372797026377665,0,0.0,500.0,phoenix_usa
2022-09-12 11:00:00,0.0008990288091325342,0,0.0,500.0,phoenix_usa
2022-09-12 12:00:00,0.0008623389553573102,0,0.0,500.0,phoenix_usa
2022-09-12 13:00:00,0.0008271464344332396,0,0.0,500.0,phoenix_usa
2022-09-12 14:00:00,0.0007933901393937789,0,0.0,500.0,phoenix_usa
2022-09-12 15:00:00,0.000761011457080862,0,0.0,500.0,phoenix_usa
2022-09-12 16:00:00,0.0007299541663712261,0,0.0,500.0,phoenix_usa
2022-09-12 17:00:00,0.0007001643405561703,0,0.0,500.0,phoenix_usa
2022-09-12 18:00:00,0.0006715902537052505,0,0.0,500.0,phoenix_usa
2022-09-12 19:00:00,0.0006441822908513274,0,0.0,500.0,phoenix_usa
2022-09-12 20:00:00,0.0006178928618410059,0,0.0,500.0,phoenix_usa
2022-09-12 21:00:00,0.0005926763187008861,0,0.0,500.0,phoenix_usa
2022-09-12 22:00:00,0.0005684888763761453,0,0.0,500.0,phoenix_usa
2022-09-12 23:00:00,0.0005452885367038191,0,0.0,500.0,phoenix_usa
2022-09-13 00:00:00,0.0005230350154887725,0,0.0,500.0,phoenix_usa
2022-09-13 01:00:00,0.0005016896725557452,0,0.0,500.0,phoenix_usa
2022-09-13 02:00:00,0.0004812154446560069,0,0.0,500.0,phoenix_usa
2022-09-13 03:00:00,0.00046157678111212767,0,0.0,500.0,phoenix_usa
2022-09-13 04:00:00,0.00044273958208912516,0,0.0,500.0,phoenix_usa
2022-09-13 05:00:00,0.00042467113938479494,0,0.0,500.0,phoenix_usa
2022-09-13 06:00:00,0.00040734007963642046,0,0.0,500.0,phoenix_usa
2022-09-13 07:00:00,0.00039071630984525106,0,0.0,500.0,phoenix_usa
2022-09-13 08:00:00,0.00037477096512415244,0,0.0,500.0,phoenix_usa
2022-09-13 09:00:00,0.00035947635857770346,0,0.0,500.0,phoenix_usa
2022-09-13 10:00:00,0.00034480593322771717,0,0.0,500.0,phoenix_usa
2022-09-13 11:00:00,0.00033073421590070395,0,0.0,500.0,phoenix_usa
2022-09-13 12:00:00,0.00031723677299721266,0,0.0,500.0,phoenix_usa
2022-09-13 13:00:00,0.00030429016806625116,0,0.0,500.0,phoenix_usa
2022-09-13 14:00:00,0.00029187192111111606,0,0.0,500.0,phoenix_usa
2022-09-13 15:00:00,0.0002799604695559725,0,0.0,500.0,phoenix_usa
2022-09-13 16:00:00,0.0002685351308054127,0,0.0,500.0,phoenix_usa
2022-09-13 17:00:00,0.0002575760663319753,0,0.0,500.0,phoenix_usa
2022-09-13 18:00:00,0.0002470642472292747,0,0.0,500.0,phoenix_usa
2022-09-13 19:00:00,0.0002369814211709259,0,0.0,500.0,phoenix_usa
2022-09-13 20:00:00,0.0002273100807178925,0,0.0,500.0,phoenix_usa
2022-09-13 21:00:00,0.00021803343291922962,0,0.0,500.0,phoenix_usa
2022-09-13 22:00:00,0.00020913537015343755,0,0.0,500.0,phoenix_usa
2022-09-13 23:00:00,0.0002006004421597945,0,0.0,500.0,phoenix_usa
2022-09-14 00:00:00,0.0001924138292111063,0,0.0,500.0,phoenix_usa
2022-09-14 01:00:00,0.00018456131638129147,0,0.0,500.0,phoenix_usa
2022-09-14 02:00:00,0.00017702926886311893,0,0.0,500.0,phoenix_usa
2022-09-14 03:00:00,0.00016980460829324264,0,0.0,500.0,phoenix_usa
2022-09-14 04:00:00,0.00016287479004342524,0,0.0,500.0,phoenix_usa
2022-09-14 05:00:00,0.00015622778143851803,0,0.0,500.0,phoenix_usa
2022-09-14 06:00:00,0.00014985204086337715,0,0.0,500.0,phoenix_usa
2022-09-14 07:00:00,0.00014373649772243908,0,0.0,500.0,phoenix_usa
2022-09-14 08:00:00,0.0001378705332171553,0,0.0,500.0,phoenix_usa
2022-09-14 09:00:00,0.00013224396190791057,0,0.0,500.0,phoenix_usa
2022-09-14 10:00:00,0.00012684701402841027,0,0.0,500.0,phoenix_usa
2022-09-14 11:00:00,0.00012167031852182612,0,0.0,500.0,phoenix_usa
2022-09-14 12:00:00,0.00011670488676924629,0,0.0,500.0,phoenix_usa
2022-09-14 13:00:00,0.00011194209698217687,0,0.0,500.0,phoenix_usa
2022-09-14 14:00:00,0.00010737367923199261,0,0.0,500.0,phoenix_usa
2022-09-14 15:00:00,0.00010299170109034578,0,0.0,500.0,phoenix_usa
2022-09-14 16:00:00,9.878855385559546e-05,0,0.0,500.0,phoenix_usa
2022-09-14 17:00:00,9.475693934134537e-05,0,0.0,500.0,phoenix_usa
2022-09-14 18:00:00,9.088985720414866e-05,0,0.0,500.0,phoenix_usa
2022-09-14 19:00:00,8.718059278837449e-05,0,0.0,500.0,phoenix_usa
2022-09-14 20:00:00,8.362270546713368e-05,0,0.0,500.0,phoenix_usa
2022-09-14 21:00:00,8.021001745901737e-05,0,0.0,500.0,phoenix_usa
2022-09-14 22:00:00,7.69366031012294e-05,0,0.0,500.0,phoenix_usa
2022-09-14 23:00:00,7.379677856048938e-05,0,0.0,500.0,phoenix_usa
2022-09-15 00:00:00,7.078509196383914e-05,0,0.0,500.0,phoenix_usa
2022-09-15 01:00:00,6.789631393221534e-05,0,0.0,500.0,phoenix_usa
2022-09-15 02:00:00,6.512542850035316e-05,0,0.0,500.0,phoenix_usa
2022-09-15 03:00:00,6.246762440725378e-05,0,0.0,500.0,phoenix_usa
2022-09-15 04:00:00,5.9918286742091325e-05,0,0.0,500.0,phoenix_usa
2022-09-15 05:00:00,5.747298893105619e-05,0,0.0,500.0,phoenix_usa
2022-09-15 06:00:00,5.5127485051219326e-05,0,0.0,500.0,phoenix_usa
2022-09-15 07:00:00,5.2877702458071226e-05,0,0.0,500.0,phoenix_usa
2022-09-15 08:00:00,5.071973471393582e-05,0,0.0,500.0,phoenix_usa
2022-09-15 09:00:00,4.864983480497964e-05,0,0.0,500.0,phoenix_usa
2022-09-15 10:00:00,4.66644086350377e-05,0,0.0,500.0,phoenix_usa
2022-09-15 11:00:00,4.476000878496075e-05,0,0.0,500.0,phoenix_usa
2022-09-15 12:00:00,4.2933328526646775e-05,0,0.0,500.0,phoenix_usa
2022-09-15 13:00:00,4.118119608136262e-05,0,0.0,500.0,phoenix_usa
2022-09-15 14:00:00,3.950056911238713e-05,0,0.0,500.0,phoenix_usa
2022-09-15 15:00:00,3.788852944241263e-05,0,0.0,500.0,phoenix_usa
2022-09-15 16:00:00,3.634227798653138e-05,0,0.0,500.0,phoenix_usa
2022-09-15 17:00:00,3.485912989201039e-05,0,0.0,500.0,phoenix_usa
2022-09-15 18:00:00,3.3436509876414395e-05,0,0.0,500.0,phoenix_usa
2022-09-15 19:00:00,3.2071947755982275e-05,0,0.0,500.0,phoenix_usa
2022-09-15 20:00:00,3.0763074156493246e-05,0,0.0,500.0,phoenix_usa
2022-09-15 21:00:00,2.9507616399174934e-05,0,0.0,500.0,phoenix_usa
2022-09-15 22:00:00,2.8303394554509324e-05,0,0.0,500.0,phoenix_usa
2022-09-15 23:00:00,2.7148317657085503e-05,0,0.0,500.0,phoenix_usa
2022-09-16 00:00:00,2.6040380074926296e-05,0,0.0,500.0,phoenix_usa
2022-09-16 01:00:00,2.4977658026984184e-05,0,0.0,500.0,phoenix_usa
2022-09-16 02:00:00,2.3958306242760643e-05,0,0.0,500.0,phoenix_usa
2022-09-16 03:00:00,2.2980554758248067e-05,0,0.0,500.0,phoenix_usa
2022-09-16 04:00:00,2.20427058426308e-05,0,0.0,500.0,phoenix_usa
2022-09-16 05:00:00,2.114313105040944e-05,0,0.0,500.0,phoenix_usa
2022-09-16 06:00:00,2.0280268393829607e-05,0,0.0,500.0,phoenix_usa
2022-09-16 07:00:00,1.945261963070505e-05,0,0.0,500.0,phoenix_usa
2022-09-16 08:00:00,1.8658747662926518e-05,0,0.0,500.0,phoenix_usa
2022-09-16 09:00:00,1.78972740411389e-05,0,0.0,500.0,phoenix_usa
2022-09-16 10:00:00,1.7166876571253498e-05,0,0.0,500.0,phoenix_usa
2022-09-16 11:00:00,1.646628701864021e-05,0,0.0,500.0,phoenix_usa
2022-09-16 12:00:00,1.579428890601276e-05,0,0.0,500.0,phoenix_usa
2022-09-16 13:00:00,1.514971540118327e-05,0,0.0,500.0,phoenix_usa
2022-09-16 14:00:00,1.4531447291018914e-05,0,0.0,500.0,phoenix_usa
2022-09-16 15:00:00,1.3938411038082497e-05,0,0.0,500.0,phoenix_usa
2022-09-16 16:00:00,1.336957691658238e-05,0,0.0,500.0,phoenix_usa
2022-09-16 17:00:00,1.2823957224395503e-05,0,0.0,500.0,phoenix_usa
2022-09-16 18:00:00,1.230060456805874e-05,0,0.0,500.0,phoenix_usa
2022-09-16 19:00:00,1.1798610217750454e-05,0,0.0,500.0,phoenix_usa
2022-09-16 20:00:00,1.1317102529406376e-05,0,0.0,500.0,phoenix_usa
2022-09-16 21:00:00,1.0855245431229763e-05,0,0.0,500.0,phoenix_usa
2022-09-16 22:00:00,1.0412236971967734e-05,0,0.0,500.0,phoenix_usa
2022-09-16 23:00:00,9.987307928433417e-06,0,0.0,500.0,phoenix_usa
2022-09-17 00:00:00,9.579720469855846e-06,0,0.0,500.0,phoenix_usa
2022-09-17 01:00:00,9.188766876738335e-06,0,0.0,500.0,phoenix_usa
2022-09-17 02:00:00,8.813768312001062e-06,0,0.0,500.0,phoenix_usa
2022-09-17 03:00:00,8.454073642274029e-06,0,0.0,500.0,phoenix_usa
2022-09-17 04:00:00,8.109058307293504e-06,0,0.0,500.0,phoenix_usa
2022-09-17 05:00:00,7.778123235439208e-06,0,0.0,500.0,phoenix_usa
2022-09-17 06:00:00,7.460693803528913e-06,0,0.0,500.0,phoenix_usa
2022-09-17 07:00:00,7.1562188390643995e-06,0,0.0,500.0,phoenix_usa
2022-09-17 08:00:00,6.8641696631963745e-06,0,0.0,500.0,phoenix_usa
2022-09-17 09:00:00,6.58403917274635e-06,0,0.0,500.0,phoenix_usa
2022-09-17 10:00:00,6.315340959691864e-06,0,0.0,500.0,phoenix_usa
2022-09-17 11:00:00,6.0576084665859455e-06,0,0.0,500.0,phoenix_usa
2022-09-17 12:00:00,5.810394176444295e-06,0,0.0,500.0,phoenix_usa
2022-09-17 13:00:00,5.573268835693696e-06,0,0.0,500.0,phoenix_usa
2022-09-17 14:00:00,5.345820708832317e-06,0,0.0,500.0,phoenix_usa
2022-09-17 15:00:00,5.127654863507663e-06,0,0.0,500.0,phoenix_usa
2022-09-17 16:00:00,4.91839248477094e-06,0,0.0,500.0,phoenix_usa
2022-09-17 17:00:00,4.717670217317107e-06,0,0.0,500.0,phoenix_usa
2022-09-17 18:00:00,4.525139534568349e-06,0,0.0,500.0,phoenix_usa
2022-09-17 19:00:00,4.340466133505706e-06,0,0.0,500.0,phoenix_usa
2022-09-17 20:00:00,4.163329354197942e-06,0,0.0,500.0,phoenix_usa
2022-09-17 21:00:00,3.993421623019664e-06,0,0.0,500.0,phoenix_usa
2022-09-17 22:00:00,3.830447918592121e-06,0,0.0,500.0,phoenix_usa
2022-09-17 23:00:00,3.674125259519207e-06,0,0.0,500.0,phoenix_usa
2022-09-18 00:00:00,3.524182213029202e-06,0,0.0,500.0,phoenix_usa
2022-09-18 01:00:00,3.3803584236691576e-06,0,0.0,500.0,phoenix_usa
2022-09-18 02:00:00,3.242404161233523e-06,0,0.0,500.0,phoenix_usa
2022-09-18 03:00:00,3.1100798871419954e-06,0,0.0,500.0,phoenix_usa
2022-09-18 04:00:00,2.9831558385137773e-06,0,0.0,500.0,phoenix_usa
2022-09-18 05:00:00,2.8614116292159874e-06,0,0.0,500.0,phoenix_usa
2022-09-18 06:00:00,2.744635867193459e-06,0,0.0,500.0,phoenix_usa
2022-09-18 07:00:00,0.9867777339253235,1,3.53,359.8219958375011,phoenix_usa
2022-09-18 08:00:00,0.9465067988912168,1,3.53,359.8219958375011,phoenix_usa
2022-09-18 09:00:00,0.9078793425785744,1,3.53,359.8219958375011,phoenix_usa
2022-09-18 10:00:00,1.764727286678538,2,3.53,359.8219958375011,phoenix_usa
2022-09-18 11:00:00,1.692707808054869,2,3.53,359.8219958375011,phoenix_usa
2022-09-18 12:00:00,1.6236274834525493,2,3.53,359.8219958375011,phoenix_usa
2022-09-18 13:00:00,1.5573663644003268,2,3.53,359.8219958375011,phoenix_usa
2022-09-18 14:00:00,1.493809397589182,2,3.53,359.8219958375011,phoenix_usa
2022-09-18 15:00:00,1.432846225098096,2,3.53,359.8219958375011,phoenix_usa
2022-09-18 16:00:00,1.3743709927727208,2,3.53,359.8219958375011,phoenix_usa
2022-09-18 17:00:00,1.3182821664242135,2,3.53,359.8219958375011,phoenix_usa
2022-09-18 18:00:00,1.2644823555290998,2,3.53,359.8219958375011,phoenix_usa
2022-09-18 19:00:00,1.2128781441240413,2,3.53,359.8219958375011,phoenix_usa
2022-09-18 20:00:00,1.1633799286018784,2,3.53,359.8219958375011,phoenix_usa
2022-09-18 21:00:00,1.1159017621273035,2,3.53,359.8219958375011,phoenix_usa
2022-09-18 22:00:00,1.0703612054020193,2,3.53,359.8219958375011,phoenix_usa
2022-09-18 23:00:00,1.0266791835202456,2,3.53,359.8219958375011,phoenix_usa
2022-09-19 00:00:00,0.9847798486660375,2,3.53,359.8219958375011,phoenix_usa
2022-09-19 01:00:00,0.9445904484139959,2,3.53,359.8219958375011,phoenix_usa
2022-09-19 02:00:00,0.9060411994046981,2,3.53,359.8219958375011,phoenix_usa
2022-09-19 03:00:00,0.8690651661755046,2,3.53,359.8219958375011,phoenix_usa
2022-09-19 04:00:00,0.8335981449363454,2,3.53,359.8219958375011,phoenix_usa
2022-09-19 05:00:00,0.7995785520886778,2,3.53,359.8219958375011,phoenix_usa
2022-09-19 06:00:00,0.7669473172940495,2,3.53,359.8219958375011,phoenix_usa
2022-09-19 07:00:00,0.7356477809065893,1,3.3,360.10281737706504,phoenix_usa
2022-09-19 08:00:00,0.7056255955913339,1,3.3,360.10281737706504,phoenix_usa
2022-09-19 09:00:00,0.6768286319575636,1,3.3,360.10281737706504,phoenix_usa
2022-09-19 10:00:00,0.6492068880432961,0,0.0,500.0,phoenix_usa
2022-09-19 11:00:00,0.6227124024937625,0,0.0,500.0,phoenix_usa
2022-09-19 12:00:00,0.5972991712831192,0,0.0,500.0,phoenix_usa
2022-09-19 13:00:00,0.5729230678347931,0,0.0,500.0,phoenix_usa
2022-09-19 14:00:00,0.5495417664017571,0,0.0,500.0,phoenix_usa
2022-09-19 15:00:00,0.5271146685736983,0,0.0,500.0,phoenix_usa
2022-09-19 16:00:00,0.5056028327834691,0,0.0,500.0,phoenix_usa
2022-09-19 17:00:00,0.4849689066904179,0,0.0,500.0,phoenix_usa
2022-09-19 18:00:00,0.4651770623231943,0,0.0,500.0,phoenix_usa
2022-09-19 19:00:00,0.4461929338694084,0,0.0,500.0,phoenix_usa
2022-09-19 20:00:00,0.42798355800413146,0,0.0,500.0,phoenix_usa
2022-09-19 21:00:00,0.4105173166536203,0,0.0,500.0,phoenix_usa
2022-09-19 22:00:00,1.4054307807990927,1,4.4,381.6551063435994,phoenix_usa
2022-09-19 23:00:00,1.348074387639154,1,4.4,381.6551063435994,phoenix_usa
2022-09-20 00:00:00,1.2930587400223337,1,4.4,381.6551063435994,phoenix_usa
2022-09-20 01:00:00,1.2402883108522489,1,4.4,381.6551063435994,phoenix_usa
2022-09-20 02:00:00,1.1896714715451784,1,4.4,381.6551063435994,phoenix_usa
2022-09-20 03:00:00,1.1411203329296495,1,4.4,381.6551063435994,phoenix_usa
2022-09-20 04:00:00,1.0945505926389891,1,4.4,381.6551063435994,phoenix_usa
2022-09-20 05:00:00,1.0498813887318779,1,4.4,381.6551063435994,phoenix_usa
2022-09-20 06:00:00,1.0070351592867177,1,4.4,381.6551063435994,phoenix_usa
2022-09-20 07:00:00,0.9659375077260415,1,4.4,381.6551063435994,phoenix_usa
2022-09-20 08:00:00,0.9265170736370956,1,4.4,381.6551063435994,phoenix_usa
2022-09-20 09:00:00,0.888705408864313,1,4.4,381.6551063435994,phoenix_usa
2022-09-20 10:00:00,0.8524368586585154,1,4.4,381.6551063435994,phoenix_usa
2022-09-20 11:00:00,0.8176484476764804,1,4.4,381.6551063435994,phoenix_usa
2022-09-20 12:00:00,0.7842797706329327,1,4.4,381.6551063435994,phoenix_usa
2022-09-20 13:00:00,0.7522728874150822,1,4.4,381.6551063435994,phoenix_usa
2022-09-20 14:00:00,0.7215722224775964,1,4.4,381.6551063435994,phoenix_usa
2022-09-20 15:00:00,0.6921244683433201,1,4.4,381.6551063435994,phoenix_usa
2022-09-20 16:00:00,0.66387849304218,1,4.4,381.6551063435994,phoenix_usa
2022-09-20 17:00:00,0.6367852513275616,1,4.4,381.6551063435994,phoenix_usa
2022-09-20 18:00:00,0.6107976995159897,1,4.4,381.6551063435994,phoenix_usa
2022-09-20 19:00:00,1.6422955378634894,2,4.4,345.5232623934765,phoenix_usa
2022-09-20 20:00:00,1.5752725653760404,2,4.4,345.5232623934765,phoenix_usa
2022-09-20 21:00:00,1.5109848367819638,2,4.4,345.5232623934765,phoenix_usa
2022-09-20 22:00:00,1.4493207252930314,1,3.48,345.5232623934765,phoenix_usa
2022-09-20 23:00:00,1.3901731596708453,1,3.48,345.5232623934765,phoenix_usa
2022-09-21 00:00:00,1.3334394383123735,1,3.48,345.5232623934765,phoenix_usa
2022-09-21 01:00:00,1.2790210509227598,1,3.48,345.5232623934765,phoenix_usa
2022-09-21 02:00:00,1.226823507465761,1,3.48,345.5232623934765,phoenix_usa
2022-09-21 03:00:00,1.1767561740948123,1,3.48,345.5232623934765,phoenix_usa
2022-09-21 04:00:00,1.1287321157798293,1,3.48,345.5232623934765,phoenix_usa
2022-09-21 05:00:00,1.0826679453565036,1,3.48,345.5232623934765,phoenix_usa
2022-09-21 06:00:00,1.0384836787359708,1,3.48,345.5232623934765,phoenix_usa
2022-09-21 07:00:00,0.9961025960234563,1,3.48,345.5232623934765,phoenix_usa
2022-09-21 08:00:00,0.9554511083047423,1,3.48,345.5232623934765,phoenix_usa
2022-09-21 09:00:00,0.91645862986915,1,3.48,345.5232623934765,phoenix_usa
2022-09-21 10:00:00,0.8790574556471747,1,3.48,345.5232623934765,phoenix_usa
2022-09-21 11:00:00,0.8431826436499539,1,3.48,345.5232623934765,phoenix_usa
2022-09-21 12:00:00,0.8087719022064471,1,3.48,345.5232623934765,phoenix_usa
2022-09-21 13:00:00,0.7757654818025271,1,3.48,345.5232623934765,phoenix_usa
2022-09-21 14:00:00,0.7441060713341751,1,3.48,345.5232623934765,phoenix_usa
2022-09-21 15:00:00,0.713738698594641,1,3.48,345.5232623934765,phoenix_usa
2022-09-21 16:00:00,0.6846106348227765,1,3.48,345.5232623934765,phoenix_usa
2022-09-21 17:00:00,0.6566713031468014,1,3.48,345.5232623934765,phoenix_usa
2022-09-21 18:00:00,0.6298721907645309,1,3.48,345.5232623934765,phoenix_usa
2022-09-21 19:00:00,0.6041667647075739,0,0.0,500.0,phoenix_usa
2022-09-21 20:00:00,0.5795103910432422,0,0.0,500.0,phoenix_usa
2022-09-21 21:00:00,0.5558602573738718,0,0.0,500.0,phoenix_usa
2022-09-21 22:00:00,0.5331752984989899,0,0.0,500.0,phoenix_usa
2022-09-21 23:00:00,0.5114161251112489,0,0.0,500.0,phoenix_usa
2022-09-22 00:00:00,0.4905449554023179,0,0.0,500.0,phoenix_usa
2022-09-22 01:00:00,0.47052554945997566,0,0.0,500.0,phoenix_usa
2022-09-22 02:00:00,0.45132314634249304,0,0.0,500.0,phoenix_usa
2022-09-22 03:00:00,0.432904403721044,0,0.0,500.0,phoenix_usa
2022-09-22 04:00:00,0.4152373399853434,0,0.0,500.0,phoenix_usa
2022-09-22 05:00:00,0.39829127871198416,0,0.0,500.0,phoenix_usa
2022-09-22 06:00:00,0.38203679539905255,0,0.0,500.0,phoenix_usa
2022-09-22 07:00:00,0.36644566637453213,0,0.0,500.0,phoenix_usa
2022-09-22 08:00:00,0.35149081978978386,0,0.0,500.0,phoenix_usa
2022-09-22 09:00:00,0.3371462886130087,0,0.0,500.0,phoenix_usa
2022-09-22 10:00:00,0.32338716554107266,0,0.0,500.0,phoenix_usa
2022-09-22 11:00:00,0.31018955975140444,0,0.0,500.0,phoenix_usa
2022-09-22 12:00:00,0.2975305554188722,0,0.0,500.0,phoenix_usa
2022-09-22 13:00:00,0.2853881719256084,0,0.0,500.0,phoenix_usa
2022-09-22 14:00:00,0.2737413256946937,0,0.0,500.0,phoenix_usa
2022-09-22 15:00:00,0.262569793581429,0,0.0,500.0,phoenix_usa
2022-09-22 16:00:00,0.2518541777586294,0,0.0,500.0,phoenix_usa
2022-09-22 17:00:00,0.2415758720349681,0,0.0,500.0,phoenix_usa
2022-09-22 18:00:00,0.23171702954788773,0,0.0,500.0,phoenix_usa
2022-09-22 19:00:00,0.22226053177498048,0,0.0,500.0,phoenix_usa
2022-09-22 20:00:00,0.21318995881003192,0,0.0,500.0,phoenix_usa
2022-09-22 21:00:00,0.2044895608521141,0,0.0,500.0,phoenix_usa
2022-09-22 22:00:00,0.19614423085822535,0,0.0,500.0,phoenix_usa
2022-09-22 23:00:00,0.18813947831199065,0,0.0,500.0,phoenix_usa
2022-09-23 00:00:00,0.18046140406287484,0,0.0,500.0,phoenix_usa
2022-09-23 01:00:00,0.17309667619222166,0,0.0,500.0,phoenix_usa
2022-09-23 02:00:00,0.16603250686421342,0,0.0,500.0,phoenix_usa
2022-09-23 03:00:00,0.15925663012155414,0,0.0,500.0,phoenix_usa
2022-09-23 04:00:00,0.15275728058732432,0,0.0,500.0,phoenix_usa
2022-09-23 05:00:00,0.1465231730360239,0,0.0,500.0,phoenix_usa
2022-09-23 06:00:00,0.14054348279833212,0,0.0,500.0,phoenix_usa
2022-09-23 07:00:00,0.13480782696555965,0,0.0,500.0,phoenix_usa
2022-09-23 08:00:00,0.12930624636115778,0,0.0,500.0,phoenix_usa
2022-09-23 09:00:00,0.12402918824797944,0,0.0,500.0,phoenix_usa
2022-09-23 10:00:00,0.11896748974126649,0,0.0,500.0,phoenix_usa
2022-09-23 11:00:00,0.11411236189856239,0,0.0,500.0,phoenix_usa
2022-09-23 12:00:00,0.10945537445892359,0,0.0,500.0,phoenix_usa
2022-09-23 13:00:00,0.1049884412049323,0,0.0,500.0,phoenix_usa
2022-09-23 14:00:00,0.1007038059220937,0,0.0,500.0,phoenix_usa
2022-09-23 15:00:00,0.09659402893123709,0,0.0,500.0,phoenix_usa
2022-09-23 16:00:00,0.09265197417053764,0,0.0,500.0,phoenix_usa
2022-09-23 17:00:00,0.08887079680472793,0,0.0,500.0,phoenix_usa
2022-09-23 18:00:00,0.08524393133998354,0,0.0,500.0,phoenix_usa
2022-09-23 19:00:00,0.08176508022384744,0,0.0,500.0,phoenix_usa
2022-09-23 20:00:00,0.07842820291039734,0,0.0,500.0,phoenix_usa
2022-09-23 21:00:00,0.07522750537166938,0,0.0,500.0,phoenix_usa
2022-09-23 22:00:00,0.07215743003712632,0,0.0,500.0,phoenix_usa
2022-09-23 23:00:00,0.06921264614370182,0,0.0,500.0,phoenix_usa
2022-09-24 00:00:00,0.06638804047966423,0,0.0,500.0,phoenix_usa
2022-09-24 01:00:00,0.06367870850622862,0,0.0,500.0,phoenix_usa
2022-09-24 02:00:00,0.0610799458415005,0,0.0,500.0,phoenix_usa
2022-09-24 03:00:00,0.05858724009196443,0,0.0,500.0,phoenix_usa
2022-09-24 04:00:00,0.05619626301733408,0,0.0,500.0,phoenix_usa
2022-09-24 05:00:00,0.05390286301515902,0,0.0,500.0,phoenix_usa
2022-09-24 06:00:00,0.05170305791213863,0,0.0,500.0,phoenix_usa
2022-09-24 07:00:00,0.04959302804962658,0,0.0,500.0,phoenix_usa
2022-09-24 08:00:00,0.04756910965131958,0,0.0,500.0,phoenix_usa
2022-09-24 09:00:00,0.045627788461614305,0,0.0,500.0,phoenix_usa
2022-09-24 10:00:00,0.04376569364358641,0,0.0,500.0,phoenix_usa
2022-09-24 11:00:00,0.041979591925996526,0,0.0,500.0,phoenix_usa
2022-09-24 12:00:00,0.040266381989159765,0,0.0,500.0,phoenix_usa
2022-09-24 13:00:00,0.038623089079931325,0,0.0,500.0,phoenix_usa
2022-09-24 14:00:00,0.03704685984645721,0,0.0,500.0,phoenix_usa
2022-09-24 15:00:00,0.03553495738372163,0,0.0,500.0,phoenix_usa
2022-09-24 16:00:00,0.03408475648128831,0,0.0,500.0,phoenix_usa
2022-09-24 17:00:00,0.032693739064984115,0,0.0,500.0,phoenix_usa
2022-09-24 18:00:00,0.03135948982460993,0,0.0,500.0,phoenix_usa
2022-09-24 19:00:00,0.030079692020087152,0,0.0,500.0,phoenix_usa
2022-09-24 20:00:00,0.028852123458757463,0,0.0,500.0,phoenix_usa
2022-09-24 21:00:00,0.0276746526368514,0,0.0,500.0,phoenix_usa
2022-09-24 22:00:00,0.026545235038425482,0,0.0,500.0,phoenix_usa
2022-09-24 23:00:00,0.025461909585341808,0,0.0,500.0,phoenix_usa
2022-09-25 00:00:00,0.024422795232125965,0,0.0,500.0,phoenix_usa
2022-09-25 01:00:00,0.023426087699790567,0,0.0,500.0,phoenix_usa
2022-09-25 02:00:00,0.022470056342953168,0,0.0,500.0,phoenix_usa
2022-09-25 03:00:00,0.02155304114480899,0,0.0,500.0,phoenix_usa
2022-09-25 04:00:00,0.020673449834740263,0,0.0,500.0,phoenix_usa
2022-09-25 05:00:00,0.019829755123557512,0,0.0,500.0,phoenix_usa
2022-09-25 06:00:00,0.01902049205157227,0,0.0,500.0,phoenix_usa
2022-09-25 07:00:00,0.018244255444896298,0,0.0,500.0,phoenix_usa
2022-09-25 08:00:00,0.017499697475550514,0,0.0,500.0,phoenix_usa
2022-09-25 09:00:00,0.016785525321147448,0,0.0,500.0,phoenix_usa
2022-09-25 10:00:00,0.016100498920083122,0,0.0,500.0,phoenix_usa
2022-09-25 11:00:00,0.015443428818340788,0,0.0,500.0,phoenix_usa
2022-09-25 12:00:00,0.01481317410416792,0,0.0,500.0,phoenix_usa
2022-09-25 13:00:00,0.01420864042703998,0,0.0,500.0,phoenix_usa
2022-09-25 14:00:00,0.013628778097471424,0,0.0,500.0,phoenix_usa
2022-09-25 15:00:00,0.013072580264374528,0,0.0,500.0,phoenix_usa
2022-09-25 16:00:00,0.012539081166801044,0,0.0,500.0,phoenix_usa
2022-09-25 17:00:00,0.01202735445703131,0,0.0,500.0,phoenix_usa
2022-09-25 18:00:00,0.01153651159209903,0,0.0,500.0,phoenix_usa
2022-09-25 19:00:00,0.011065700290958757,0,0.0,500.0,phoenix_usa
2022-09-25 20:00:00,0.010614103054617158,0,0.0,500.0,phoenix_usa
2022-09-25 21:00:00,0.010180935746658674,0,0.0,500.0,phoenix_usa
2022-09-25 22:00:00,0.009765446231700557,0,0.0,500.0,phoenix_usa
2022-09-25 23:00:00,0.009366913069413335,0,0.0,500.0,phoenix_usa
2022-09-26 00:00:00,0.008984644261839066,0,0.0,500.0,phoenix_usa
2022-09-26 01:00:00,0.00861797605183215,0,0.0,500.0,phoenix_usa
2022-09-26 02:00:00,0.008266271770536432,0,0.0,500.0,phoenix_usa
2022-09-26 03:00:00,0.007928920731897436,0,0.0,500.0,phoenix_usa
2022-09-26 04:00:00,0.007605337172290089,0,0.0,500.0,phoenix_usa
2022-09-26 05:00:00,0.007294959233420877,0,0.0,500.0,phoenix_usa
2022-09-26 06:00:00,0.006997247986738269,0,0.0,500.0,phoenix_usa
2022-09-26 07:00:00,0.0067116864976574896,0,0.0,500.0,phoenix_usa
2022-09-26 08:00:00,0.006437778927974818,0,0.0,500.0,phoenix_usa
2022-09-26 09:00:00,0.006175049674912818,0,0.0,500.0,phoenix_usa
2022-09-26 10:00:00,0.005923042545301586,0,0.0,500.0,phoenix_usa
2022-09-26 11:00:00,0.005681319963462155,0,0.0,500.0,phoenix_usa
2022-09-26 12:00:00,0.005449462211416576,0,0.0,500.0,phoenix_usa
2022-09-26 13:00:00,0.005227066700105428,0,0.0,500.0,phoenix_usa
2022-09-26 14:00:00,0.005013747270347378,0,0.0,500.0,phoenix_usa
2022-09-26 15:00:00,0.0048091335223269275,0,0.0,500.0,phoenix_usa
2022-09-26 16:00:00,0.004612870172446122,0,0.0,500.0,phoenix_usa
2022-09-26 17:00:00,0.004424616436423532,0,0.0,500.0,phoenix_usa
2022-09-26 18:00:00,0.004244045437569258,0,0.0,500.0,phoenix_usa
2022-09-26 19:00:00,0.0040708436392085726,0,0.0,500.0,phoenix_usa
2022-09-26 20:00:00,0.0039047103002686568,0,0.0,500.0,phoenix_usa
2022-09-26 21:00:00,0.0037453569530831537,0,0.0,500.0,phoenix_usa
2022-09-26 22:00:00,0.003592506902507766,0,0.0,500.0,phoenix_usa
2022-09-26 23:00:00,0.0034458947454772556,0,0.0,500.0,phoenix_usa
2022-09-27 00:00:00,0.003305265910169561,0,0.0,500.0,phoenix_usa
2022-09-27 01:00:00,0.0031703762139768834,0,0.0,500.0,phoenix_usa
2022-09-27 02:00:00,0.0030409914395162106,0,0.0,500.0,phoenix_usa
2022-09-27 03:00:00,0.0029168869279430913,0,0.0,500.0,phoenix_usa
2022-09-27 04:00:00,0.0027978471888624756,0,0.0,500.0,phoenix_usa
2022-09-27 05:00:00,0.0026836655261593258,0,0.0,500.0,phoenix_usa
2022-09-27 06:00:00,0.0025741436790992743,0,0.0,500.0,phoenix_usa
2022-09-27 07:00:00,0.002469091478076152,0,0.0,500.0,phoenix_usa
2022-09-27 08:00:00,0.0023683265144086633,0,0.0,500.0,phoenix_usa
2022-09-27 09:00:00,0.0022716738236128247,0,0.0,500.0,phoenix_usa
2022-09-27 10:00:00,0.0021789655816002247,0,0.0,500.0,phoenix_usa
2022-09-27 11:00:00,0.002090040813274617,0,0.0,500.0,phoenix_usa
2022-09-27 12:00:00,0.0020047451130208215,0,0.0,500.0,phoenix_usa
2022-09-27 13:00:00,0.0019229303766006402,0,0.0,500.0,phoenix_usa
2022-09-27 14:00:00,0.5011362565978206,1,3.33,422.002346953548,phoenix_usa
2022-09-27 15:00:00,0.48068461390376926,1,3.33,422.002346953548,phoenix_usa
2022-09-27 16:00:00,0.46106761385107214,1,3.33,422.002346953548,phoenix_usa
2022-09-27 17:00:00,0.44225119422041564,1,3.33,422.002346953548,phoenix_usa
2022-09-27 18:00:00,0.42420268289014856,1,3.33,422.002346953548,phoenix_usa
2022-09-27 19:00:00,0.40689074110564144,1,3.33,422.002346953548,phoenix_usa
2022-09-27 20:00:00,0.39028530906385517,1,3.33,422.002346953548,phoenix_usa
2022-09-27 21:00:00,0.37435755371863144,1,3.33,422.002346953548,phoenix_usa
2022-09-27 22:00:00,0.3590798187160791,1,3.33,422.002346953548,phoenix_usa
2022-09-27 23:00:00,0.34442557637312365,1,3.33,422.002346953548,phoenix_usa
2022-09-28 00:00:00,0.3303693816158385,1,3.33,422.002346953548,phoenix_usa
2022-09-28 01:00:00,0.31688682779757793,1,3.33,422.002346953548,phoenix_usa
2022-09-28 02:00:00,0.30395450432019566,1,3.33,422.002346953548,phoenix_usa
2022-09-28 03:00:00,0.29154995598476563,1,3.33,422.002346953548,phoenix_usa
2022-09-28 04:00:00,0.27965164400122056,1,3.33,422.002346953548,phoenix_usa
2022-09-28 05:00:00,0.2682389085892087,1,3.33,422.002346953548,phoenix_usa
2022-09-28 06:00:00,0.2572919331052308,1,3.33,422.002346953548,phoenix_usa
2022-09-28 07:00:00,0.24679170963376704,1,3.33,422.002346953548,phoenix_usa
2022-09-28 08:00:00,0.2367200059826491,1,3.33,422.002346953548,phoenix_usa
2022-09-28 09:00:00,0.22705933402536918,1,3.33,422.002346953548,phoenix_usa
2022-09-28 10:00:00,0.21779291933535627,1,3.33,422.002346953548,phoenix_usa
2022-09-28 11:00:00,0.2089046720594947,1,3.33,422.002346953548,phoenix_usa
2022-09-28 12:00:00,0.2003791589803093,1,3.33,422.002346953548,phoenix_usa
2022-09-28 13:00:00,0.19220157671830856,1,3.33,422.002346953548,phoenix_usa
2022-09-28 14:00:00,0.18435772602795475,0,0.0,500.0,phoenix_usa
2022-09-28 15:00:00,0.17683398714262916,0,0.0,500.0,phoenix_usa
2022-09-28 16:00:00,0.1696172961257828,0,0.0,500.0,phoenix_usa
2022-09-28 17:00:00,0.16269512218720952,0,0.0,500.0,phoenix_usa
2022-09-28 18:00:00,0.1560554459250544,0,0.0,500.0,phoenix_usa
2022-09-28 19:00:00,0.14968673845577746,0,0.0,500.0,phoenix_usa
2022-09-28 20:00:00,0.1435779413958347,0,0.0,500.0,phoenix_usa
2022-09-28 21:00:00,0.1377184476603183,0,0.0,500.0,phoenix_usa
2022-09-28 22:00:00,0.13209808304521403,0,0.0,500.0,phoenix_usa
2022-09-28 23:00:00,0.12670708856129667,0,0.0,500.0,phoenix_usa
2022-09-29 00:00:00,0.12153610348898965,0,0.0,500.0,phoenix_usa
2022-09-29 01:00:00,0.11657614912476402,0,0.0,500.0,phoenix_usa
2022-09-29 02:00:00,0.11181861319085634,0,0.0,500.0,phoenix_usa
2022-09-29 03:00:00,0.10725523488123422,0,0.0,500.0,phoenix_usa
2022-09-29 04:00:00,0.10287809051784415,0,0.0,500.0,phoenix_usa
2022-09-29 05:00:00,0.09867957979223568,0,0.0,500.0,phoenix_usa
2022-09-29 06:00:00,0.09465241256867245,0,0.0,500.0,phoenix_usa
2022-09-29 07:00:00,0.09078959622581509,0,0.0,500.0,phoenix_usa
2022-09-29 08:00:00,0.08708442351499743,0,0.0,500.0,phoenix_usa
2022-09-29 09:00:00,0.08353046091401266,0,0.0,500.0,phoenix_usa
2022-09-29 10:00:00,0.0801215374561879,0,0.0,500.0,phoenix_usa
2022-09-29 11:00:00,0.07685173401535035,0,0.0,500.0,phoenix_usa
2022-09-29 12:00:00,0.07371537302807979,0,0.0,500.0,phoenix_usa
2022-09-29 13:00:00,0.07070700863540146,0,0.0,500.0,phoenix_usa
2022-09-29 14:00:00,0.06782141722680186,0,0.0,500.0,phoenix_usa
2022-09-29 15:00:00,0.06505358837014844,0,0.0,500.0,phoenix_usa
2022-09-29 16:00:00,0.062398716111764015,0,0.0,500.0,phoenix_usa
2022-09-29 17:00:00,0.05985219063155015,0,0.0,500.0,phoenix_usa
2022-09-29 18:00:00,0.05740959023866926,0,0.0,500.0,phoenix_usa
2022-09-29 19:00:00,0.05506667369388723,0,0.0,500.0,phoenix_usa
2022-09-29 20:00:00,0.052819372845245766,0,0.0,500.0,phoenix_usa
2022-09-29 21:00:00,0.05066378556427644,0,0.0,500.0,phoenix_usa
2022-09-29 22:00:00,0.04859616897049211,0,0.0,500.0,phoenix_usa
2022-09-29 23:00:00,0.04661293293239027,0,0.0,500.0,phoenix_usa
2022-09-30 00:00:00,0.0447106338336841,0,0.0,500.0,phoenix_usa
2022-09-30 01:00:00,0.04288596859393691,0,0.0,500.0,phoenix_usa
2022-09-30 02:00:00,0.0411357689332179,0,0.0,500.0,phoenix_usa
2022-09-30 03:00:00,0.03945699587082023,0,0.0,500.0,phoenix_usa
2022-09-30 04:00:00,0.03784673444848955,0,0.0,500.0,phoenix_usa
2022-09-30 05:00:00,0.036302188669000424,0,0.0,500.0,phoenix_usa
2022-09-30 06:00:00,0.034820676641292014,0,0.0,500.0,phoenix_usa
2022-09-30 07:00:00,0.03339962592373374,0,0.0,500.0,phoenix_usa
2022-09-30 08:00:00,0.032036569057434454,0,0.0,500.0,phoenix_usa
2022-09-30 09:00:00,0.03072913928183997,0,0.0,500.0,phoenix_usa
2022-09-30 10:00:00,0.02947506642517918,0,0.0,500.0,phoenix_usa
2022-09-30 11:00:00,0.0282721729626234,0,0.0,500.0,phoenix_usa
2022-09-30 12:00:00,0.6222868516124895,1,3.41,412.1357065184661,phoenix_usa
2022-09-30 13:00:00,0.5968909873643387,1,3.41,412.1357065184661,phoenix_usa
2022-09-30 14:00:00,0.5725315421233375,1,3.41,412.1357065184661,phoenix_usa
2022-09-30 15:00:00,0.5491662190671418,1,3.41,412.1357065184661,phoenix_usa
2022-09-30 16:00:00,0.5267544475296898,1,3.41,412.1357065184661,phoenix_usa
2022-09-30 17:00:00,0.5052573125558272,1,3.41,412.1357065184661,phoenix_usa
2022-09-30 18:00:00,0.484637487330846,1,3.41,412.1357065184661,phoenix_usa
2022-09-30 19:00:00,0.46485916836761093,1,3.41,412.1357065184661,phoenix_usa
2022-09-30 20:00:00,0.4458880133387343,1,3.41,412.1357065184661,phoenix_usa
2022-09-30 21:00:00,0.42769108144585266,1,3.41,412.1357065184661,phoenix_usa
2022-09-30 22:00:00,0.4102367762224676,1,3.41,412.1357065184661,phoenix_usa
2022-09-30 23:00:00,0.3934947906710317,1,3.41,412.1357065184661,phoenix_usa
2022-10-01 00:00:00,0.3774360546390209,1,3.41,412.1357065184661,phoenix_usa
2022-10-01 01:00:00,0.36203268434261754,1,3.41,412.1357065184661,phoenix_usa
2022-10-01 02:00:00,0.3472579339503593,1,3.41,412.1357065184661,phoenix_usa
2022-10-01 03:00:00,0.333086149142686,1,3.41,412.1357065184661,phoenix_usa
2022-10-01 04:00:00,0.3194927225667465,1,3.41,412.1357065184661,phoenix_usa
2022-10-01 05:00:00,0.3064540511091181,1,3.41,412.1357065184661,phoenix_usa
2022-10-01 06:00:00,0.29394749491225103,1,3.41,412.1357065184661,phoenix_usa
2022-10-01 07:00:00,0.2819513380634732,1,3.41,412.1357065184661,phoenix_usa
2022-10-01 08:00:00,0.270444750888298,1,3.41,412.1357065184661,phoenix_usa
2022-10-01 09:00:00,0.2594077537825627,1,3.41,412.1357065184661,phoenix_usa
2022-10-01 10:00:00,0.2488211825205973,1,3.41,412.1357065184661,phoenix_usa
2022-10-01 11:00:00,0.23866665497918543,1,3.41,412.1357065184661,phoenix_usa
2022-10-01 12:00:00,0.22892653921953887,0,0.0,500.0,phoenix_usa
2022-10-01 13:00:00,0.21958392287186337,0,0.0,500.0,phoenix_usa
2022-10-01 14:00:00,0.21062258376935747,0,0.0,500.0,phoenix_usa
2022-10-01 15:00:00,0.202026961780654,0,0.0,500.0,phoenix_usa
2022-10-01 16:00:00,0.19378213179179415,0,0.0,500.0,phoenix_usa
2022-10-01 17:00:00,0.1858737777908225,0,0.0,500.0,phoenix_usa
2022-10-01 18:00:00,0.1782881680100036,0,0.0,500.0,phoenix_usa
2022-10-01 19:00:00,0.17101213108249813,0,0.0,500.0,phoenix_usa
2022-10-01 20:00:00,0.1640330331720982,0,0.0,500.0,phoenix_usa
2022-10-01 21:00:00,0.15733875603631006,0,0.0,500.0,phoenix_usa
2022-10-01 22:00:00,0.15091767598469544,0,0.0,500.0,phoenix_usa
2022-10-01 23:00:00,0.14475864369593286,0,0.0,500.0,phoenix_usa
2022-10-02 00:00:00,0.138850964858557,0,0.0,500.0,phoenix_usa
2022-10-02 01:00:00,0.13318438160175936,0,0.0,500.0,phoenix_usa
2022-10-02 02:00:00,0.1277490546840078,0,0.0,500.0,phoenix_usa
2022-10-02 03:00:00,0.12253554640855904,0,0.0,500.0,phoenix_usa
2022-10-02 04:00:00,0.11753480423619736,0,0.0,500.0,phoenix_usa
2022-10-02 05:00:00,0.112738145066747,0,0.0,500.0,phoenix_usa
2022-10-02 06:00:00,0.10813724016206429,0,0.0,500.0,phoenix_usa
2022-10-02 07:00:00,0.10372410068433097,0,0.0,500.0,phoenix_usa
2022-10-02 08:00:00,0.099491063824537,0,0.0,500.0,phoenix_usa
2022-10-02 09:00:00,0.09543077949706828,0,0.0,500.0,phoenix_usa
2022-10-02 10:00:00,0.09153619757729478,0,0.0,500.0,phoenix_usa
2022-10-02 11:00:00,0.0878005556600002,0,0.0,500.0,phoenix_usa
2022-10-02 12:00:00,0.08421736731739626,0,0.0,500.0,phoenix_usa
2022-10-02 13:00:00,0.08078041083633418,0,0.0,500.0,phoenix_usa
2022-10-02 14:00:00,0.07748371841515651,0,0.0,500.0,phoenix_usa
2022-10-02 15:00:00,0.07432156580143134,0,0.0,500.0,phoenix_usa
2022-10-02 16:00:00,0.071288462352576,0,0.0,500.0,phoenix_usa
2022-10-02 17:00:00,0.06837914150211263,0,0.0,500.0,phoenix_usa
2022-10-02 18:00:00,0.06558855161500037,0,0.0,500.0,phoenix_usa
2022-10-02 19:00:00,0.06291184721616687,0,0.0,500.0,phoenix_usa
2022-10-02 20:00:00,0.06034438057700815,0,0.0,500.0,phoenix_usa
2022-10-02 21:00:00,0.05788169364524768,0,0.0,500.0,phoenix_usa
2022-10-02 22:00:00,0.05551951030414256,0,0.0,500.0,phoenix_usa
2022-10-02 23:00:00,0.0532537289475957,0,0.0,500.0,phoenix_usa
2022-10-03 00:00:00,0.051080415358281527,0,0.0,500.0,phoenix_usa
2022-10-03 01:00:00,0.04899579587641934,0,0.0,500.0,phoenix_usa
2022-10-03 02:00:00,0.04699625084733282,0,0.0,500.0,phoenix_usa
2022-10-03 03:00:00,0.045078308336418044,0,0.0,500.0,phoenix_usa
2022-10-03 04:00:00,0.04323863810060715,0,0.0,500.0,phoenix_usa
2022-10-03 05:00:00,0.04147404580585988,0,0.0,500.0,phoenix_usa
2022-10-03 06:00:00,0.03978146748064227,0,0.0,500.0,phoenix_usa
2022-10-03 07:00:00,0.038157964195762076,0,0.0,500.0,phoenix_usa
2022-10-03 08:00:00,0.036600716961322964,0,0.0,500.0,phoenix_usa
2022-10-03 09:00:00,0.035107021831936605,0,0.0,500.0,phoenix_usa
2022-10-03 10:00:00,0.03367428521169393,0,0.0,500.0,phoenix_usa
2022-10-03 11:00:00,0.03230001935074298,0,0.0,500.0,phoenix_usa
2022-10-03 12:00:00,0.030981838025653834,0,0.0,500.0,phoenix_usa
2022-10-03 13:00:00,0.029717452396070137,0,0.0,500.0,phoenix_usa
2022-10-03 14:00:00,0.028504667030453183,0,0.0,500.0,phoenix_usa
2022-10-03 15:00:00,0.027341376094017142,0,0.0,500.0,phoenix_usa
2022-10-03 16:00:00,0.026225559692237065,0,0.0,500.0,phoenix_usa
2022-10-03 17:00:00,0.30434949741758116,1,3.01,451.92241229764625,phoenix_usa
2022-10-03 18:00:00,0.2919288291994088,1,3.01,451.92241229764625,phoenix_usa
2022-10-03 19:00:00,0.28001505519428727,1,3.01,451.92241229764625,phoenix_usa
2022-10-03 20:00:00,0.26858748877419375,1,3.01,451.92241229764625,phoenix_usa
2022-10-03 21:00:00,0.25762628754362565,1,3.01,451.92241229764625,phoenix_usa
2022-10-03 22:00:00,0.247112418886013,1,3.01,451.92241229764625,phoenix_usa
2022-10-03 23:00:00,0.23702762691620077,1,3.01,451.92241229764625,phoenix_usa
2022-10-04 00:00:00,0.22735440078161795,1,3.01,451.92241229764625,phoenix_usa
2022-10-04 01:00:00,0.21807594425709353,1,3.01,451.92241229764625,phoenix_usa
2022-10-04 02:00:00,0.20917614658052427,1,3.01,451.92241229764625,phoenix_usa
2022-10-04 03:00:00,0.2006395544787546,1,3.01,451.92241229764625,phoenix_usa
2022-10-04 04:00:00,0.19245134533509595,1,3.01,451.92241229764625,phoenix_usa
2022-10-04 05:00:00,0.18459730145189396,1,3.01,451.92241229764625,phoenix_usa
2022-10-04 06:00:00,0.17706378536345407,1,3.01,451.92241229764625,phoenix_usa
2022-10-04 07:00:00,0.16983771615646046,1,3.01,451.92241229764625,phoenix_usa
2022-10-04 08:00:00,0.16290654675677127,1,3.01,451.92241229764625,phoenix_usa
2022-10-04 09:00:00,0.15625824214315187,1,3.01,451.92241229764625,phoenix_usa
2022-10-04 10:00:00,0.14988125845011807,1,3.01,451.92241229764625,phoenix_usa
2022-10-04 11:00:00,0.1437645229236032,1,3.01,451.92241229764625,phoenix_usa
2022-10-04 12:00:00,0.1378974146946452,1,3.01,451.92241229764625,phoenix_usa
2022-10-04 13:00:00,0.13226974633771044,1,3.01,451.92241229764625,phoenix_usa
2022-10-04 14:00:00,0.12687174618163188,1,3.01,451.92241229764625,phoenix_usa
2022-10-04 15:00:00,0.12169404134244786,1,3.01,451.92241229764625,phoenix_usa
2022-10-04 16:00:00,0.1167276414486796,1,3.01,451.92241229764625,phoenix_usa
2022-10-04 17:00:00,1.3703536901978555,1,3.57,321.1118509902148,phoenix_usa
2022-10-04 18:00:00,1.3144288121483851,1,3.57,321.1118509902148,phoenix_usa
2022-10-04 19:00:00,1.260786258733219,1,3.57,321.1118509902148,phoenix_usa
2022-10-04 20:00:00,1.2093328870449782,1,3.57,321.1118509902148,phoenix_usa
2022-10-04 21:00:00,1.1599793553888988,1,3.57,321.1118509902148,phoenix_usa
2022-10-04 22:00:00,1.1126399681532861,1,3.57,321.1118509902148,phoenix_usa
2022-10-04 23:00:00,1.0672325270108791,1,3.57,321.1118509902148,phoenix_usa
2022-10-05 00:00:00,1.0236781881927792,1,3.57,321.1118509902148,phoenix_usa
2022-10-05 01:00:00,0.9819013255870979,1,3.57,321.1118509902148,phoenix_usa
2022-10-05 02:00:00,0.9418293994246314,1,3.57,321.1118509902148,phoenix_usa
2022-10-05 03:00:00,0.9033928303235379,1,3.57,321.1118509902148,phoenix_usa
2022-10-05 04:00:00,0.8665248784743224,1,3.57,321.1118509902148,phoenix_usa
2022-10-05 05:00:00,0.831161527755347,1,3.57,321.1118509902148,phoenix_usa
2022-10-05 06:00:00,0.7972413745776531,1,3.57,321.1118509902148,phoenix_usa
2022-10-05 07:00:00,0.7647055212660823,1,3.57,321.1118509902148,phoenix_usa
2022-10-05 08:00:00,0.7334974737915739,1,3.57,321.1118509902148,phoenix_usa
2022-10-05 09:00:00,0.703563043677064,1,3.57,321.1118509902148,phoenix_usa
2022-10-05 10:00:00,0.674850253906656,1,3.57,321.1118509902148,phoenix_usa
2022-10-05 11:00:00,0.6473092486746895,1,3.57,321.1118509902148,phoenix_usa
2022-10-05 12:00:00,0.6208922068179995,1,3.57,321.1118509902148,phoenix_usa
2022-10-05 13:00:00,0.5955532587810518,1,3.57,321.1118509902148,phoenix_usa
2022-10-05 14:00:00,0.5712484069697751,1,3.57,321.1118509902148,phoenix_usa
2022-10-05 15:00:00,0.5479354493557986,1,3.57,321.1118509902148,phoenix_usa
2022-10-05 16:00:00,0.5255739061984402,1,3.57,321.1118509902148,phoenix_usa
2022-10-05 17:00:00,0.5041249497572109,0,0.0,500.0,phoenix_usa
2022-10-05 18:00:00,0.4835513368727907,0,0.0,500.0,phoenix_usa
2022-10-05 19:00:00,0.46381734429941013,0,0.0,500.0,phoenix_usa
2022-10-05 20:00:00,0.44488870667635344,0,0.0,500.0,phoenix_usa
2022-10-05 21:00:00,0.42673255703087803,0,0.0,500.0,phoenix_usa
2022-10-05 22:00:00,0.4093173697092422,0,0.0,500.0,phoenix_usa
2022-10-05 23:00:00,0.39261290563674855,0,0.0,500.0,phoenix_usa
2022-10-06 00:00:00,0.3765901598117541,0,0.0,500.0,phoenix_usa
2022-10-06 01:00:00,0.36122131094247995,0,0.0,500.0,phoenix_usa
2022-10-06 02:00:00,0.3464796731391686,0,0.0,500.0,phoenix_usa
2022-10-06 03:00:00,0.3323396495777107,0,0.0,500.0,phoenix_usa
2022-10-06 04:00:00,0.31877668805428555,0,0.0,500.0,phoenix_usa
2022-10-06 05:00:00,0.30576723835383934,0,0.0,500.0,phoenix_usa
2022-10-06 06:00:00,0.2932887113583796,0,0.0,500.0,phoenix_usa
2022-10-06 07:00:00,0.28131943982408286,0,0.0,500.0,phoenix_usa
2022-10-06 08:00:00,0.2698386407591089,0,0.0,500.0,phoenix_usa
2022-10-06 09:00:00,0.2588263793367974,0,0.0,500.0,phoenix_usa
2022-10-06 10:00:00,0.2482635342815866,0,0.0,500.0,phoenix_usa
2022-10-06 11:00:00,0.23813176466755098,0,0.0,500.0,phoenix_usa
2022-10-06 12:00:00,0.22841347807190923,0,0.0,500.0,phoenix_usa
2022-10-06 13:00:00,0.21909180002820466,0,0.0,500.0,phoenix_usa
2022-10-06 14:00:00,0.21015054472611752,0,0.0,500.0,phoenix_usa
2022-10-06 15:00:00,0.2015741869070343,0,0.0,500.0,phoenix_usa
2022-10-06 16:00:00,0.1933478349065742,0,0.0,500.0,phoenix_usa
2022-10-06 17:00:00,0.18545720479726413,0,0.0,500.0,phoenix_usa
2022-10-06 18:00:00,0.17788859558646608,0,0.0,500.0,phoenix_usa
2022-10-06 19:00:00,0.17062886542648945,0,0.0,500.0,phoenix_usa
2022-10-06 20:00:00,0.1636654087955826,0,0.0,500.0,phoenix_usa
2022-10-06 21:00:00,0.15698613461018004,0,0.0,500.0,phoenix_usa
2022-10-06 22:00:00,0.15057944523040073,0,0.0,500.0,phoenix_usa
2022-10-06 23:00:00,0.1444342163223432,0,0.0,500.0,phoenix_usa
2022-10-07 00:00:00,0.13853977754221225,0,0.0,500.0,phoenix_usa
2022-10-07 01:00:00,0.13288589400873532,0,0.0,500.0,phoenix_usa
2022-10-07 02:00:00,0.1274627485317013,0,0.0,500.0,phoenix_usa
2022-10-07 03:00:00,0.12226092456576118,0,0.0,500.0,phoenix_usa
2022-10-07 04:00:00,0.11727138985989381,0,0.0,500.0,phoenix_usa
2022-10-07 05:00:00,0.11248548077414558,0,0.0,500.0,phoenix_usa
2022-10-07 06:00:00,0.10789488723641312,0,0.0,500.0,phoenix_usa
2022-10-07 07:00:00,0.10349163831314681,0,0.0,500.0,phoenix_usa
2022-10-07 08:00:00,0.09926808836892255,0,0.0,500.0,phoenix_usa
2022-10-07 09:00:00,0.09521690379084874,0,0.0,500.0,phoenix_usa
2022-10-07 10:00:00,0.09133105025475727,0,0.0,500.0,phoenix_usa
2022-10-07 11:00:00,0.08760378051106806,0,0.0,500.0,phoenix_usa
2022-10-07 12:00:00,0.08402862266911944,0,0.0,500.0,phoenix_usa
2022-10-07 13:00:00,0.08059936895962132,0,0.0,500.0,phoenix_usa
2022-10-07 14:00:00,0.0773100649557183,0,0.0,500.0,phoenix_usa
2022-10-07 15:00:00,0.07415499923394762,0,0.0,500.0,phoenix_usa
2022-10-07 16:00:00,0.07112869345713878,0,0.0,500.0,phoenix_usa
2022-10-07 17:00:00,0.06822589286203527,0,0.0,500.0,phoenix_usa
2022-10-07 18:00:00,0.0654415571351218,0,0.0,500.0,phoenix_usa
2022-10-07 19:00:00,0.06277085166081414,0,0.0,500.0,phoenix_usa
2022-10-07 20:00:00,0.06020913912681458,0,0.0,500.0,phoenix_usa
2022-10-07 21:00:00,0.05775197147205783,0,0.0,500.0,phoenix_usa
2022-10-07 22:00:00,0.0553950821632656,0,0.0,500.0,phoenix_usa
2022-10-07 23:00:00,0.7330667958142391,1,3.47,401.00741102743683,phoenix_usa
2022-10-08 00:00:00,0.7031499419017954,1,3.47,401.00741102743683,phoenix_usa
2022-10-08 01:00:00,0.6744540110391051,1,3.47,401.00741102743683,phoenix_usa
2022-10-08 02:00:00,0.64692917669368,1,3.47,401.00741102743683,phoenix_usa
2022-10-08 03:00:00,0.6205276457808725,1,3.47,401.00741102743683,phoenix_usa
2022-10-08 04:00:00,0.5952035756777669,1,3.47,401.00741102743683,phoenix_usa
2022-10-08 05:00:00,0.570912994623775,1,3.47,401.00741102743683,phoenix_usa
2022-10-08 06:00:00,0.5476137253697311,1,3.47,401.00741102743683,phoenix_usa
2022-10-08 07:00:00,0.525265311942905,1,3.47,401.00741102743683,phoenix_usa
2022-10-08 08:00:00,0.5038289494007773,1,3.47,401.00741102743683,phoenix_usa
2022-10-08 09:00:00,0.48326741645159893,1,3.47,401.00741102743683,phoenix_usa
2022-10-08 10:00:00,0.4635450108247449,1,3.47,401.00741102743683,phoenix_usa
2022-10-08 11:00:00,0.4446274872786367,1,3.47,401.00741102743683,phoenix_usa
2022-10-08 12:00:00,0.4264819981385958,1,3.47,401.00741102743683,phoenix_usa
2022-10-08 13:00:00,0.4090770362613802,1,3.47,401.00741102743683,phoenix_usa
2022-10-08 14:00:00,0.39238238032736844,1,3.47,401.00741102743683,phoenix_usa
2022-10-08 15:00:00,0.37636904236540003,1,3.47,401.00741102743683,phoenix_usa
2022-10-08 16:00:00,0.36100921741915426,1,3.47,401.00741102743683,phoenix_usa
2022-10-08 17:00:00,0.34627623526767337,1,3.47,401.00741102743683,phoenix_usa
2022-10-08 18:00:00,0.3321445141161959,1,3.47,401.00741102743683,phoenix_usa
2022-10-08 19:00:00,0.3185895161768924,1,3.47,401.00741102743683,phoenix_usa
2022-10-08 20:00:00,0.30558770506237637,1,3.47,401.00741102743683,phoenix_usa
2022-10-08 21:00:00,0.2931165049180082,1,3.47,401.00741102743683,phoenix_usa
2022-10-08 22:00:00,0.28115426122203235,1,3.47,401.00741102743683,phoenix_usa
2022-10-08 23:00:00,0.269680203185482,0,0.0,500.0,phoenix_usa
2022-10-09 00:00:00,0.2586744076865646,0,0.0,500.0,phoenix_usa
2022-10-09 01:00:00,0.24811776467690383,0,0.0,500.0,phoenix_usa
2022-10-09 02:00:00,0.23799194399957227,0,0.0,500.0,phoenix_usa
2022-10-09 03:00:00,0.2282793635612981,0,0.0,500.0,phoenix_usa
2022-10-09 04:00:00,0.21896315880358114,0,0.0,500.0,phoenix_usa
2022-10-09 05:00:00,0.21002715341970898,0,0.0,500.0,phoenix_usa
2022-10-09 06:00:00,0.2014558312668283,0,0.0,500.0,phoenix_usa
2022-10-09 07:00:00,0.19323430942429923,0,0.0,500.0,phoenix_usa
2022-10-09 08:00:00,0.1853483123515528,0,0.0,500.0,phoenix_usa
2022-10-09 09:00:00,0.1777841471005809,0,0.0,500.0,phoenix_usa
2022-10-09 10:00:00,0.17052867954001738,0,0.0,500.0,phoenix_usa
2022-10-09 11:00:00,0.1635693115495275,0,0.0,500.0,phoenix_usa
2022-10-09 12:00:00,0.15689395914490673,0,0.0,500.0,phoenix_usa
2022-10-09 13:00:00,0.1504910314959064,0,0.0,500.0,phoenix_usa
2022-10-09 14:00:00,0.1443494108003527,0,0.0,500.0,phoenix_usa
2022-10-09 15:00:00,0.13845843297961427,0,0.0,500.0,phoenix_usa
2022-10-09 16:00:00,0.13280786916189818,0,0.0,500.0,phoenix_usa
2022-10-09 17:00:00,0.1273879079212226,0,0.0,500.0,phoenix_usa
2022-10-09 18:00:00,0.12218913824122639,0,0.0,500.0,phoenix_usa
2022-10-09 19:00:00,0.11720253317423536,0,0.0,500.0,phoenix_usa
2022-10-09 20:00:00,0.11241943416721059,0,0.0,500.0,phoenix_usa
2022-10-09 21:00:00,0.10783153602736323,0,0.0,500.0,phoenix_usa
2022-10-09 22:00:00,0.10343087250133101,0,0.0,500.0,phoenix_usa
2022-10-09 23:00:00,0.09920980244287615,0,0.0,500.0,phoenix_usa
2022-10-10 00:00:00,0.09516099654508724,0,0.0,500.0,phoenix_usa
2022-10-10 01:00:00,0.09127742461404682,0,0.0,500.0,phoenix_usa
2022-10-10 02:00:00,0.08755234336186782,0,0.0,500.0,phoenix_usa
2022-10-10 03:00:00,0.08397928469790288,0,0.0,500.0,phoenix_usa
2022-10-10 04:00:00,0.08055204449779524,0,0.0,500.0,phoenix_usa
2022-10-10 05:00:00,0.07726467183087132,0,0.0,500.0,phoenix_usa
2022-10-10 06:00:00,0.0741114586271692,0,0.0,500.0,phoenix_usa
2022-10-10 07:00:00,0.07108692976616077,0,0.0,500.0,phoenix_usa
2022-10-10 08:00:00,0.06818583356995918,0,0.0,500.0,phoenix_usa
2022-10-10 09:00:00,0.06540313268450322,0,0.0,500.0,phoenix_usa
2022-10-10 10:00:00,0.06273399533288557,0,0.0,500.0,phoenix_usa
2022-10-10 11:00:00,0.0601737869256377,0,0.0,500.0,phoenix_usa
2022-10-10 12:00:00,0.0577180620134034,0,0.0,500.0,phoenix_usa
2022-10-10 13:00:00,0.055362556568027986,0,0.0,500.0,phoenix_usa
2022-10-10 14:00:00,0.053103180578660696,0,0.0,500.0,phoenix_usa
2022-10-10 15:00:00,0.05093601095001408,0,0.0,500.0,phoenix_usa
2022-10-10 16:00:00,0.04885728469044912,0,0.0,500.0,phoenix_usa
2022-10-10 17:00:00,0.046863392378058505,0,0.0,500.0,phoenix_usa
2022-10-10 18:00:00,0.04495087189340245,0,0.0,500.0,phoenix_usa
2022-10-10 19:00:00,0.04311640240801513,0,0.0,500.0,phoenix_usa
2022-10-10 20:00:00,0.04135679861824317,0,0.0,500.0,phoenix_usa
2022-10-10 21:00:00,0.03966900521440461,0,0.0,500.0,phoenix_usa
2022-10-10 22:00:00,0.038050091575664344,0,0.0,500.0,phoenix_usa
2022-10-10 23:00:00,0.036497246681414484,0,0.0,500.0,phoenix_usa
2022-10-11 00:00:00,0.03500777423032424,0,0.0,500.0,phoenix_usa
2022-10-11 01:00:00,0.033579087958583984,0,0.0,500.0,phoenix_usa
2022-10-11 02:00:00,0.03220870714921418,0,0.0,500.0,phoenix_usa
2022-10-11 03:00:00,0.030894252324641956,0,0.0,500.0,phoenix_usa
2022-10-11 04:00:00,0.029633441115066054,0,0.0,500.0,phoenix_usa
2022-10-11 05:00:00,0.028424084295435827,0,0.0,500.0,phoenix_usa
2022-10-11 06:00:00,0.027264081984163458,0,0.0,500.0,phoenix_usa
2022-10-11 07:00:00,2.792797855992366,2,3.8,304.58630135840764,phoenix_usa
2022-10-11 08:00:00,2.6788222593048827,2,3.8,304.58630135840764,phoenix_usa
2022-10-11 09:00:00,2.569498068594526,2,3.8,304.58630135840764,phoenix_usa
2022-10-11 10:00:00,2.464635457458162,2,3.8,304.58630135840764,phoenix_usa
2022-10-11 11:00:00,2.3640523464112273,2,3.8,304.58630135840764,phoenix_usa
2022-10-11 12:00:00,2.267574086731769,2,3.8,304.58630135840764,phoenix_usa
2022-10-11 13:00:00,2.1750331572069954,2,3.8,304.58630135840764,phoenix_usa
2022-10-11 14:00:00,3.3153420672310743,3,3.8,304.58630135840764,phoenix_usa
2022-10-11 15:00:00,3.180041157598463,3,3.8,304.58630135840764,phoenix_usa
2022-10-11 16:00:00,3.0502619515415845,3,3.8,304.58630135840764,phoenix_usa
2022-10-11 17:00:00,2.9257791053398328,3,3.8,304.58630135840764,phoenix_usa
2022-10-11 18:00:00,2.806376471672174,3,3.8,304.58630135840764,phoenix_usa
2022-10-11 19:00:00,2.691846724307091,3,3.8,304.58630135840764,phoenix_usa
2022-10-11 20:00:00,2.5819909981091307,3,3.8,304.58630135840764,phoenix_usa
2022-10-11 21:00:00,2.4766185437369788,3,3.8,304.58630135840764,phoenix_usa
2022-10-11 22:00:00,2.3755463964334975,3,3.8,304.58630135840764,phoenix_usa
2022-10-11 23:00:00,2.278599058332616,3,3.8,304.58630135840764,phoenix_usa
2022-10-12 00:00:00,2.185608193731455,3,3.8,304.58630135840764,phoenix_usa
2022-10-12 01:00:00,2.0964123367985588,3,3.8,304.58630135840764,phoenix_usa
2022-10-12 02:00:00,2.0108566112107096,3,3.8,304.58630135840764,phoenix_usa
2022-10-12 03:00:00,1.9287924612315217,3,3.8,304.58630135840764,phoenix_usa
2022-10-12 04:00:00,1.8500773937648616,3,3.8,304.58630135840764,phoenix_usa
2022-10-12 05:00:00,1.7745747309352071,3,3.8,304.58630135840764,phoenix_usa
2022-10-12 06:00:00,1.702153372765336,3,3.8,304.58630135840764,phoenix_usa
2022-10-12 07:00:00,1.6326875695392715,1,3.22,305.979335838165,phoenix_usa
2022-10-12 08:00:00,1.5660567034552122,1,3.22,305.979335838165,phoenix_usa
2022-10-12 09:00:00,1.5021450791893316,1,3.22,305.979335838165,phoenix_usa
2022-10-12 10:00:00,1.4408417230067783,1,3.22,305.979335838165,phoenix_usa
2022-10-12 11:00:00,1.382040190071067,1,3.22,305.979335838165,phoenix_usa
2022-10-12 12:00:00,1.3256383796172768,1,3.22,305.979335838165,phoenix_usa
2022-10-12 13:00:00,1.2715383576681334,1,3.22,305.979335838165,phoenix_usa
2022-10-12 14:00:00,1.219646186985142,0,0.0,500.0,phoenix_usa
2022-10-12 15:00:00,1.1698717639595086,0,0.0,500.0,phoenix_usa
2022-10-12 16:00:00,1.1221286621596311,0,0.0,500.0,phoenix_usa
2022-10-12 17:00:00,1.0763339822635003,0,0.0,500.0,phoenix_usa
2022-10-12 18:00:00,1.0324082081154435,0,0.0,500.0,phoenix_usa
2022-10-12 19:00:00,0.9902750686572704,0,0.0,500.0,phoenix_usa
2022-10-12 20:00:00,0.9498614054940817,0,0.0,500.0,phoenix_usa
2022-10-12 21:00:00,0.9110970458647913,0,0.0,500.0,phoenix_usa
2022-10-12 22:00:00,0.8739146807967889,0,0.0,500.0,phoenix_usa
2022-10-12 23:00:00,0.8382497482331775,0,0.0,500.0,phoenix_usa
2022-10-13 00:00:00,0.8040403209296534,0,0.0,500.0,phoenix_usa
2022-10-13 01:00:00,0.7712269989263715,0,0.0,500.0,phoenix_usa
2022-10-13 02:00:00,0.7397528064080962,0,0.0,500.0,phoenix_usa
2022-10-13 03:00:00,0.7095630927735431,0,0.0,500.0,phoenix_usa
2022-10-13 04:00:00,0.6806054377421361,0,0.0,500.0,phoenix_usa
2022-10-13 05:00:00,0.6528295603334067,0,0.0,500.0,phoenix_usa
2022-10-13 06:00:00,0.6261872315609978,0,0.0,500.0,phoenix_usa
2022-10-13 07:00:00,0.6006321906896677,0,0.0,500.0,phoenix_usa
2022-10-13 08:00:00,0.5761200649098948,0,0.0,500.0,phoenix_usa
2022-10-13 09:00:00,0.5526082922906034,0,0.0,500.0,phoenix_usa
2022-10-13 10:00:00,0.5300560478762318,0,0.0,500.0,phoenix_usa
2022-10-13 11:00:00,0.5084241727998181,0,0.0,500.0,phoenix_usa
2022-10-13 12:00:00,0.4876751062890202,0,0.0,500.0,phoenix_usa
2022-10-13 13:00:00,0.46777282044700647,0,0.0,500.0,phoenix_usa
2022-10-13 14:00:00,0.4486827576949745,0,0.0,500.0,phoenix_usa
2022-10-13 15:00:00,0.43037177076767363,0,0.0,500.0,phoenix_usa
2022-10-13 16:00:00,0.4128080651577433,0,0.0,500.0,phoenix_usa
2022-10-13 17:00:00,0.3959611439089296,0,0.0,500.0,phoenix_usa
2022-10-13 18:00:00,0.3798017546623195,0,0.0,500.0,phoenix_usa
2022-10-13 19:00:00,0.36430183886364836,0,0.0,500.0,phoenix_usa
2022-10-13 20:00:00,0.3494344830434837,0,0.0,500.0,phoenix_usa
2022-10-13 21:00:00,0.3351738720856914,0,0.0,500.0,phoenix_usa
2022-10-13 22:00:00,0.32149524440304206,0,0.0,500.0,phoenix_usa
2022-10-13 23:00:00,0.3083748489421236,0,0.0,500.0,phoenix_usa
2022-10-14 00:00:00,0.29578990394290805,0,0.0,500.0,phoenix_usa
2022-10-14 01:00:00,0.2837185573813621,0,0.0,500.0,phoenix_usa
2022-10-14 02:00:00,0.2721398490264166,0,0.0,500.0,phoenix_usa
2022-10-14 03:00:00,0.26103367404541133,0,0.0,500.0,phoenix_usa
2022-10-14 04:00:00,0.2503807480948218,0,0.0,500.0,phoenix_usa
2022-10-14 05:00:00,0.24016257383565204,0,0.0,500.0,phoenix_usa
2022-10-14 06:00:00,0.2303614088153524,0,0.0,500.0,phoenix_usa
2022-10-14 07:00:00,0.22096023466049408,0,0.0,500.0,phoenix_usa
2022-10-14 08:00:00,0.21194272752670712,0,0.0,500.0,phoenix_usa
2022-10-14 09:00:00,0.20329322975457212,0,0.0,500.0,phoenix_usa
2022-10-14 10:00:00,0.19499672268225138,0,0.0,500.0,phoenix_usa
2022-10-14 11:00:00,0.18703880056764985,0,0.0,500.0,phoenix_usa
2022-10-14 12:00:00,0.1794056455748284,0,0.0,500.0,phoenix_usa
2022-10-14 13:00:00,0.17208400378123415,0,0.0,500.0,phoenix_usa
2022-10-14 14:00:00,0.16506116216408884,0,0.0,500.0,phoenix_usa
2022-10-14 15:00:00,0.15832492652597582,0,0.0,500.0,phoenix_usa
2022-10-14 16:00:00,0.151863600321295,0,0.0,500.0,phoenix_usa
2022-10-14 17:00:00,0.14566596434682205,0,0.0,500.0,phoenix_usa
2022-10-14 18:00:00,0.13972125726110732,0,0.0,500.0,phoenix_usa
2022-10-14 19:00:00,0.13401915689888777,0,0.0,500.0,phoenix_usa
2022-10-14 20:00:00,0.12854976234806859,0,0.0,500.0,phoenix_usa
2022-10-14 21:00:00,0.12330357675815261,0,0.0,500.0,phoenix_usa
2022-10-14 22:00:00,0.11827149085026736,0,0.0,500.0,phoenix_usa
2022-10-14 23:00:00,0.11344476710015639,0,0.0,500.0,phoenix_usa
2022-10-15 00:00:00,0.1088150245666716,0,0.0,500.0,phoenix_usa
2022-10-15 01:00:00,0.10437422433942328,0,0.0,500.0,phoenix_usa
2022-10-15 02:00:00,0.10011465558031882,0,0.0,500.0,phoenix_usa
2022-10-15 03:00:00,0.09602892213475432,0,0.0,500.0,phoenix_usa
2022-10-15 04:00:00,0.09210992968921072,0,0.0,500.0,phoenix_usa
2022-10-15 05:00:00,0.08835087345295493,0,0.0,500.0,phoenix_usa
2022-10-15 06:00:00,0.08474522634245799,0,0.0,500.0,phoenix_usa
2022-10-15 07:00:00,0.08128672764801333,0,0.0,500.0,phoenix_usa
2022-10-15 08:00:00,0.07796937216287626,0,0.0,500.0,phoenix_usa
2022-10-15 09:00:00,0.07478739975604966,0,0.0,500.0,phoenix_usa
2022-10-15 10:00:00,0.07173528537060936,0,0.0,500.0,phoenix_usa
2022-10-15 11:00:00,0.06880772943020388,0,0.0,500.0,phoenix_usa
2022-10-15 12:00:00,0.06599964863706975,0,0.0,500.0,phoenix_usa
2022-10-15 13:00:00,0.06330616714558479,0,0.0,500.0,phoenix_usa
2022-10-15 14:00:00,0.060722608096033824,0,0.0,500.0,phoenix_usa
2022-10-15 15:00:00,0.058244485493885674,0,0.0,500.0,phoenix_usa
2022-10-15 16:00:00,0.05586749642048126,0,0.0,500.0,phoenix_usa
2022-10-15 17:00:00,0.05358751356160812,0,0.0,500.0,phoenix_usa
2022-10-15 18:00:00,0.051400578040987514,0,0.0,500.0,phoenix_usa
2022-10-15 19:00:00,0.04930289254623067,0,0.0,500.0,phoenix_usa
2022-10-15 20:00:00,0.04729081473532917,0,0.0,500.0,phoenix_usa
2022-10-15 21:00:00,0.045360850912229245,0,0.0,500.0,phoenix_usa
2022-10-15 22:00:00,0.04350964996050971,0,0.0,500.0,phoenix_usa
2022-10-15 23:00:00,0.04173399752462993,0,0.0,500.0,phoenix_usa
2022-10-16 00:00:00,0.040030810428643926,0,0.0,500.0,phoenix_usa
2022-10-16 01:00:00,0.038397131322689786,0,0.0,500.0,phoenix_usa
2022-10-16 02:00:00,0.03683012354795909,0,0.0,500.0,phoenix_usa
2022-10-16 03:00:00,0.03532706621122939,0,0.0,500.0,phoenix_usa
2022-10-16 04:00:00,0.033885349460407686,0,0.0,500.0,phoenix_usa
2022-10-16 05:00:00,0.03250246995288186,0,0.0,500.0,phoenix_usa
2022-10-16 06:00:00,0.03117602650881085,0,0.0,500.0,phoenix_usa
2022-10-16 07:00:00,0.029903715941806373,0,0.0,500.0,phoenix_usa
2022-10-16 08:00:00,0.028683329059767122,0,0.0,500.0,phoenix_usa
2022-10-16 09:00:00,0.02751274682892082,0,0.0,500.0,phoenix_usa
2022-10-16 10:00:00,0.026389936694413713,0,0.0,500.0,phoenix_usa
2022-10-16 11:00:00,0.025312949051059207,0,0.0,500.0,phoenix_usa
2022-10-16 12:00:00,0.024279913858116765,0,0.0,500.0,phoenix_usa
2022-10-16 13:00:00,0.02328903739222366,0,0.0,500.0,phoenix_usa
2022-10-16 14:00:00,0.022338599132841423,0,0.0,500.0,phoenix_usa
2022-10-16 15:00:00,0.021426948774808843,0,0.0,500.0,phoenix_usa
2022-10-16 16:00:00,0.020552503362814202,0,0.0,500.0,phoenix_usa
2022-10-16 17:00:00,0.01971374454281149,0,0.0,500.0,phoenix_usa
2022-10-16 18:00:00,0.018909215925607598,0,0.0,500.0,phoenix_usa
2022-10-16 19:00:00,0.018137520558043015,0,0.0,500.0,phoenix_usa
2022-10-16 20:00:00,0.01739731849737511,0,0.0,500.0,phoenix_usa
2022-10-16 21:00:00,0.016687324484652006,0,0.0,500.0,phoenix_usa
2022-10-16 22:00:00,0.016006305713037388,0,0.0,500.0,phoenix_usa
2022-10-16 23:00:00,0.015353079687211222,0,0.0,500.0,phoenix_usa
2022-10-17 00:00:00,0.014726512170129474,0,0.0,500.0,phoenix_usa
2022-10-17 01:00:00,0.014125515213577607,0,0.0,500.0,phoenix_usa
2022-10-17 02:00:00,0.013549045269098371,0,0.0,500.0,phoenix_usa
2022-10-17 03:00:00,0.012996101376013609,0,0.0,500.0,phoenix_usa
2022-10-17 04:00:00,0.012465723423393818,0,0.0,500.0,phoenix_usa
2022-10-17 05:00:00,0.011956990482957779,0,0.0,500.0,phoenix_usa
2022-10-17 06:00:00,0.01146901921000741,0,0.0,500.0,phoenix_usa
2022-10-17 07:00:00,0.011000962309621283,0,0.0,500.0,phoenix_usa
2022-10-17 08:00:00,0.010552007065443722,0,0.0,500.0,phoenix_usa
2022-10-17 09:00:00,0.010121373928514756,0,0.0,500.0,phoenix_usa
2022-10-17 10:00:00,0.009708315163690655,0,0.0,500.0,phoenix_usa
2022-10-17 11:00:00,0.009312113551304851,0,0.0,500.0,phoenix_usa
2022-10-17 12:00:00,0.00893208114181475,0,0.0,500.0,phoenix_usa
2022-10-17 13:00:00,0.008567558061272063,0,0.0,500.0,phoenix_usa
2022-10-17 14:00:00,0.008217911365542568,0,0.0,500.0,phoenix_usa
2022-10-17 15:00:00,0.007882533941285793,0,0.0,500.0,phoenix_usa
2022-10-17 16:00:00,0.0075608434517862744,0,0.0,500.0,phoenix_usa
2022-10-17 17:00:00,0.007252281325806056,0,0.0,500.0,phoenix_usa
2022-10-17 18:00:00,0.006956311787702649,0,0.0,500.0,phoenix_usa
2022-10-17 19:00:00,0.006672420927128407,0,0.0,500.0,phoenix_usa
2022-10-17 20:00:00,0.006400115806695948,0,0.0,500.0,phoenix_usa
2022-10-17 21:00:00,0.006138923606060299,0,0.0,500.0,phoenix_usa
2022-10-17 22:00:00,0.005888390800931454,0,0.0,500.0,phoenix_usa
2022-10-17 23:00:00,0.0056480823755918836,0,0.0,500.0,phoenix_usa
2022-10-18 00:00:00,0.0054175810675516686,0,0.0,500.0,phoenix_usa
2022-10-18 01:00:00,0.005196486643029633,0,0.0,500.0,phoenix_usa
2022-10-18 02:00:00,0.004984415202002481,0,0.0,500.0,phoenix_usa
2022-10-18 03:00:00,0.0047809985116152925,0,0.0,500.0,phoenix_usa
2022-10-18 04:00:00,0.004585883366795873,0,0.0,500.0,phoenix_usa
2022-10-18 05:00:00,0.004398730976962759,0,0.0,500.0,phoenix_usa
2022-10-18 06:00:00,0.004219216377762057,0,0.0,500.0,phoenix_usa
2022-10-18 07:00:00,0.004047027866811575,0,0.0,500.0,phoenix_usa
2022-10-18 08:00:00,0.003881866462472546,0,0.0,500.0,phoenix_usa
2022-10-18 09:00:00,0.0037234453847092112,0,0.0,500.0,phoenix_usa
2022-10-18 10:00:00,0.0035714895571347565,0,0.0,500.0,phoenix_usa
2022-10-18 11:00:00,0.003425735129379043,0,0.0,500.0,phoenix_usa
2022-10-18 12:00:00,0.003285929018948786,0,0.0,500.0,phoenix_usa
2022-10-18 13:00:00,0.0031518284717846515,0,0.0,500.0,phoenix_usa
2022-10-18 14:00:00,0.003023200640752243,0,0.0,500.0,phoenix_usa
2022-10-18 15:00:00,0.0028998221813351425,0,0.0,500.0,phoenix_usa
2022-10-18 16:00:00,0.0027814788638278938,0,0.0,500.0,phoenix_usa
2022-10-18 17:00:00,0.002667965201355619,0,0.0,500.0,phoenix_usa
2022-10-18 18:00:00,0.0025590840930743678,0,0.0,500.0,phoenix_usa
2022-10-18 19:00:00,0.0024546464819326357,0,0.0,500.0,phoenix_usa
2022-10-18 20:00:00,0.00235447102639982,0,0.0,500.0,phoenix_usa
2022-10-18 21:00:00,0.0022583837855916383,0,0.0,500.0,phoenix_usa
2022-10-18 22:00:00,0.002166217917245725,0,0.0,500.0,phoenix_usa
2022-10-18 23:00:00,0.0020778133880230147,0,0.0,500.0,phoenix_usa
2022-10-19 00:00:00,0.001993016695631894,0,0.0,500.0,phoenix_usa
2022-10-19 01:00:00,0.0019116806022926058,0,0.0,500.0,phoenix_usa
2022-10-19 02:00:00,0.0018336638790791143,0,0.0,500.0,phoenix_usa
2022-10-19 03:00:00,0.0017588310606945314,0,0.0,500.0,phoenix_usa
2022-10-19 04:00:00,0.0016870522102542783,0,0.0,500.0,phoenix_usa
2022-10-19 05:00:00,0.0016182026936685725,0,0.0,500.0,phoenix_usa
2022-10-19 06:00:00,0.0015521629632325024,0,0.0,500.0,phoenix_usa
2022-10-19 07:00:00,0.0014888183500478954,0,0.0,500.0,phoenix_usa
2022-10-19 08:00:00,0.001428058864916564,0,0.0,500.0,phoenix_usa
2022-10-19 09:00:00,0.0013697790073592118,0,0.0,500.0,phoenix_usa
2022-10-19 10:00:00,0.0013138775824283757,0,0.0,500.0,phoenix_usa
2022-10-19 11:00:00,0.001260257524997341,0,0.0,500.0,phoenix_usa
2022-10-19 12:00:00,0.0012088257312199058,0,0.0,500.0,phoenix_usa
2022-10-19 13:00:00,0.001159492896868378,0,0.0,500.0,phoenix_usa
2022-10-19 14:00:00,0.0011121733622690814,0,0.0,500.0,phoenix_usa
2022-10-19 15:00:00,0.0010667849635661259,0,0.0,500.0,phoenix_usa
2022-10-19 16:00:00,0.001023248890055183,0,0.0,500.0,phoenix_usa
2022-10-19 17:00:00,0.0009814895473395596,0,0.0,500.0,phoenix_usa
2022-10-19 18:00:00,0.0009414344260709267,0,0.0,500.0,phoenix_usa
2022-10-19 19:00:00,0.0009030139760468241,0,0.0,500.0,phoenix_usa
2022-10-19 20:00:00,0.0008661614854463182,0,0.0,500.0,phoenix_usa
2022-10-19 21:00:00,0.0008308129649940988,0,0.0,500.0,phoenix_usa
2022-10-19 22:00:00,0.0007969070368519222,0,0.0,500.0,phoenix_usa
2022-10-19 23:00:00,0.0007643848280444478,0,0.0,500.0,phoenix_usa
2022-10-20 00:00:00,0.0007331898682344163,0,0.0,500.0,phoenix_usa
2022-10-20 01:00:00,0.0007032679916696894,0,0.0,500.0,phoenix_usa
2022-10-20 02:00:00,0.0006745672431318838,0,0.0,500.0,phoenix_usa
2022-10-20 03:00:00,0.00064703778772328,0,0.0,500.0,phoenix_usa
2022-10-20 04:00:00,0.00062063182433539,0,0.0,500.0,phoenix_usa
2022-10-20 05:00:00,0.0005953035026489171,0,0.0,500.0,phoenix_usa
2022-10-20 06:00:00,0.0005710088435209834,0,0.0,500.0,phoenix_usa
2022-10-20 07:00:00,0.0005477056626214084,0,0.0,500.0,phoenix_usa
2022-10-20 08:00:00,0.0005253534971854299,0,0.0,500.0,phoenix_usa
2022-10-20 09:00:00,0.00050391353575568,0,0.0,500.0,phoenix_usa
2022-10-20 10:00:00,0.00048334855079143637,0,0.0,500.0,phoenix_usa
2022-10-20 11:00:00,0.00046362283402812685,0,0.0,500.0,phoenix_usa
2022-10-20 12:00:00,0.0004447021344748393,0,0.0,500.0,phoenix_usa
2022-10-20 13:00:00,0.00042655359894219557,0,0.0,500.0,phoenix_usa
2022-10-20 14:00:00,0.0004091457149973138,0,0.0,500.0,phoenix_usa
2022-10-20 15:00:00,0.0003924482562468039,0,0.0,500.0,phoenix_usa
2022-10-20 16:00:00,0.0003764322298527993,0,0.0,500.0,phoenix_usa
2022-10-20 17:00:00,0.0003610698261908891,0,0.0,500.0,phoenix_usa
2022-10-20 18:00:00,0.00034633437056253005,0,0.0,500.0,phoenix_usa
2022-10-20 19:00:00,0.00033220027687810784,0,0.0,500.0,phoenix_usa
2022-10-20 20:00:00,0.00031864300323021787,0,0.0,500.0,phoenix_usa
2022-10-20 21:00:00,0.00030563900928001823,0,0.0,500.0,phoenix_usa
2022-10-20 22:00:00,0.0002931657153826752,0,0.0,500.0,phoenix_usa
2022-10-20 23:00:00,0.0002812014633809205,0,0.0,500.0,phoenix_usa
2022-10-21 00:00:00,0.00026972547899864046,0,0.0,500.0,phoenix_usa
2022-10-21 01:00:00,0.0002587178357692079,0,0.0,500.0,phoenix_usa
2022-10-21 02:00:00,0.00024815942043591787,0,0.0,500.0,phoenix_usa
2022-10-21 03:00:00,0.00023803189976444653,0,0.0,500.0,phoenix_usa
2022-10-21 04:00:00,0.00022831768870971606,0,0.0,500.0,phoenix_usa
2022-10-21 05:00:00,0.00021899991988188583,0,0.0,500.0,phoenix_usa
2022-10-21 06:00:00,0.00021006241425845096,0,0.0,500.0,phoenix_usa
2022-10-21 07:00:00,0.00020148965309159823,0,0.0,500.0,phoenix_usa
2022-10-21 08:00:00,0.0001932667509620388,0,0.0,500.0,phoenix_usa
2022-10-21 09:00:00,0.00018537942993252513,0,0.0,500.0,phoenix_usa
2022-10-21 10:00:00,0.0001778139947561801,0,0.0,500.0,phoenix_usa
2022-10-21 11:00:00,0.00017055730909658765,0,0.0,500.0,phoenix_usa
2022-10-21 12:00:00,0.00016359677271835147,0,0.0,500.0,phoenix_usa
2022-10-21 13:00:00,0.0001569202996085224,0,0.0,500.0,phoenix_usa
2022-10-21 14:00:00,0.00015051629699090204,0,0.0,500.0,phoenix_usa
2022-10-21 15:00:00,0.0001443736451967812,0,0.0,500.0,phoenix_usa
2022-10-21 16:00:00,0.00013848167835716772,0,0.0,500.0,phoenix_usa
2022-10-21 17:00:00,0.0001328301658829741,0,0.0,500.0,phoenix_usa
2022-10-21 18:00:00,0.00012740929470100675,0,0.0,500.0,phoenix_usa
2022-10-21 19:00:00,0.00012220965221491673,0,0.0,500.0,phoenix_usa
2022-10-21 20:00:00,0.00011722220996152265,0,0.0,500.0,phoenix_usa
2022-10-21 21:00:00,0.00011243830793412637,0,0.0,500.0,phoenix_usa
2022-10-21 22:00:00,0.00010784963954560466,0,0.0,500.0,phoenix_usa
2022-10-21 23:00:00,0.00010344823720516491,0,0.0,500.0,phoenix_usa
2022-10-22 00:00:00,9.922645848371946e-05,0,0.0,500.0,phoenix_usa
2022-10-22 01:00:00,9.517697284386125e-05,0,0.0,500.0,phoenix_usa
2022-10-22 02:00:00,9.129274891139451e-05,0,0.0,500.0,phoenix_usa
2022-10-22 03:00:00,8.756704226632135e-05,0,0.0,500.0,phoenix_usa
2022-10-22 04:00:00,8.39933837320857e-05,0,0.0,500.0,phoenix_usa
2022-10-22 05:00:00,8.056556814273887e-05,0,0.0,500.0,phoenix_usa
2022-10-22 06:00:00,7.727764356852298e-05,0,0.0,500.0,phoenix_usa
2022-10-22 07:00:00,7.412390098116504e-05,0,0.0,500.0,phoenix_usa
2022-10-22 08:00:00,7.109886434093524e-05,0,0.0,500.0,phoenix_usa
2022-10-22 09:00:00,6.819728108825789e-05,0,0.0,500.0,phoenix_usa
2022-10-22 10:00:00,6.541411302336539e-05,0,0.0,500.0,phoenix_usa
2022-10-22 11:00:00,6.274452755815768e-05,0,0.0,500.0,phoenix_usa
2022-10-22 12:00:00,6.01838893250786e-05,0,0.0,500.0,phoenix_usa
2022-10-22 13:00:00,5.77277521284386e-05,0,0.0,500.0,phoenix_usa
2022-10-22 14:00:00,5.537185122420796e-05,0,0.0,500.0,phoenix_usa
2022-10-22 15:00:00,5.311209591487596e-05,0,0.0,500.0,phoenix_usa
2022-10-22 16:00:00,5.094456244651835e-05,0,0.0,500.0,phoenix_usa
2022-10-22 17:00:00,4.886548719573856e-05,0,0.0,500.0,phoenix_usa
2022-10-22 18:00:00,4.6871260134653976e-05,0,0.0,500.0,phoenix_usa
2022-10-22 19:00:00,4.495841856257994e-05,0,0.0,500.0,phoenix_usa
2022-10-22 20:00:00,4.3123641093526485e-05,0,0.0,500.0,phoenix_usa
2022-10-22 21:00:00,4.136374188906896e-05,0,0.0,500.0,phoenix_usa
2022-10-22 22:00:00,3.967566512657857e-05,0,0.0,500.0,phoenix_usa
2022-10-22 23:00:00,3.805647969320689e-05,0,0.0,500.0,phoenix_usa
2022-10-23 00:00:00,3.650337409641204e-05,0,0.0,500.0,phoenix_usa
2022-10-23 01:00:00,3.5013651582189244e-05,0,0.0,500.0,phoenix_usa
2022-10-23 02:00:00,3.358472545252863e-05,0,0.0,500.0,phoenix_usa
2022-10-23 03:00:00,3.2214114573970374e-05,0,0.0,500.0,phoenix_usa
2022-10-23 04:00:00,3.0899439069458224e-05,0,0.0,500.0,phoenix_usa
2022-10-23 05:00:00,2.9638416186010544e-05,0,0.0,500.0,phoenix_usa
2022-10-23 06:00:00,2.842885633103413e-05,0,0.0,500.0,phoenix_usa
2022-10-23 07:00:00,2.726865927039831e-05,0,0.0,500.0,phoenix_usa
2022-10-23 08:00:00,2.6155810481667442e-05,0,0.0,500.0,phoenix_usa
2022-10-23 09:00:00,2.508837765616009e-05,0,0.0,500.0,phoenix_usa
2022-10-23 10:00:00,0.6123465872428066,1,3.27,404.06710431643484,phoenix_usa
2022-10-23 11:00:00,0.587356390580061,1,3.27,404.06710431643484,phoenix_usa
2022-10-23 12:00:00,0.5633860574100716,1,3.27,404.06710431643484,phoenix_usa
2022-10-23 13:00:00,0.5403939665500243,1,3.27,404.06710431643484,phoenix_usa
2022-10-23 14:00:00,0.5183401954001717,1,3.27,404.06710431643484,phoenix_usa
2022-10-23 15:00:00,0.4971864506237353,1,3.27,404.06710431643484,phoenix_usa
2022-10-23 16:00:00,0.47689600165579993,1,3.27,404.06710431643484,phoenix_usa
2022-10-23 17:00:00,0.45743361692574547,1,3.27,404.06710431643484,phoenix_usa
2022-10-23 18:00:00,0.4387655026824753,1,3.27,404.06710431643484,phoenix_usa
2022-10-23 19:00:00,0.42085924431622146,1,3.27,404.06710431643484,phoenix_usa
2022-10-23 20:00:00,0.4036837500750388,1,3.27,404.06710431643484,phoenix_usa
2022-10-23 21:00:00,0.3872091970782575,1,3.27,404.06710431643484,phoenix_usa
2022-10-23 22:00:00,0.371406979533159,1,3.27,404.06710431643484,phoenix_usa
2022-10-23 23:00:00,0.3562496590649556,1,3.27,404.06710431643484,phoenix_usa
2022-10-24 00:00:00,0.34171091707383033,1,3.27,404.06710431643484,phoenix_usa
2022-10-24 01:00:00,0.3277655090363131,1,3.27,404.06710431643484,phoenix_usa
2022-10-24 02:00:00,0.31438922067164143,1,3.27,404.06710431643484,phoenix_usa
2022-10-24 03:00:00,0.3015588258969969,1,3.27,404.06710431643484,phoenix_usa
2022-10-24 04:00:00,0.28925204649860947,1,3.27,404.06710431643484,phoenix_usa
2022-10-24 05:00:00,0.2774475134487084,1,3.27,404.06710431643484,phoenix_usa
2022-10-24 06:00:00,0.2661247298011469,1,3.27,404.06710431643484,phoenix_usa
2022-10-24 07:00:00,0.2552640351012782,1,3.27,404.06710431643484,phoenix_usa
2022-10-24 08:00:00,0.24484657124828305,1,3.27,404.06710431643484,phoenix_usa
2022-10-24 09:00:00,0.23485424975067457,1,3.27,404.06710431643484,phoenix_usa
2022-10-24 10:00:00,0.22526972031812345,0,0.0,500.0,phoenix_usa
2022-10-24 11:00:00,0.2160763407350682,0,0.0,500.0,phoenix_usa
2022-10-24 12:00:00,0.2072581479637993,0,0.0,500.0,phoenix_usa
2022-10-24 13:00:00,0.19879983042684202,0,0.0,500.0,phoenix_usa
2022-10-24 14:00:00,0.19068670142051142,0,0.0,500.0,phoenix_usa
2022-10-24 15:00:00,0.18290467361347262,0,0.0,500.0,phoenix_usa
2022-10-24 16:00:00,0.17544023458603092,0,0.0,500.0,phoenix_usa
2022-10-24 17:00:00,0.16828042336767485,0,0.0,500.0,phoenix_usa
2022-10-24 18:00:00,0.16141280793213597,0,0.0,500.0,phoenix_usa
2022-10-24 19:00:00,0.15482546361088706,0,0.0,500.0,phoenix_usa
2022-10-24 20:00:00,0.1485069523875974,0,0.0,500.0,phoenix_usa
2022-10-24 21:00:00,0.1424463030375922,0,0.0,500.0,phoenix_usa
2022-10-24 22:00:00,0.13663299207783183,0,0.0,500.0,phoenix_usa
2022-10-24 23:00:00,0.1310569254943327,0,0.0,500.0,phoenix_usa
2022-10-25 00:00:00,0.12570842121530174,0,0.0,500.0,phoenix_usa
2022-10-25 01:00:00,0.12057819229955213,0,0.0,500.0,phoenix_usa
2022-10-25 02:00:00,0.11565733081100871,0,0.0,500.0,phoenix_usa
2022-10-25 03:00:00,0.11093729235130344,0,0.0,500.0,phoenix_usa
2022-10-25 04:00:00,0.1064098812236045,0,0.0,500.0,phoenix_usa
2022-10-25 05:00:00,0.10206723620191707,0,0.0,500.0,phoenix_usa
2022-10-25 06:00:00,0.09790181688114702,0,0.0,500.0,phoenix_usa
2022-10-25 07:00:00,0.09390639058422565,0,0.0,500.0,phoenix_usa
2022-10-25 08:00:00,0.09007401980356208,0,0.0,500.0,phoenix_usa
2022-10-25 09:00:00,0.08639805015501648,0,0.0,500.0,phoenix_usa
2022-10-25 10:00:00,0.08287209882347836,0,0.0,500.0,phoenix_usa
2022-10-25 11:00:00,0.07949004347998706,0,0.0,500.0,phoenix_usa
2022-10-25 12:00:00,0.07624601165115058,0,0.0,500.0,phoenix_usa
2022-10-25 13:00:00,0.07313437052240417,0,0.0,500.0,phoenix_usa
2022-10-25 14:00:00,0.07014971715740337,0,0.0,500.0,phoenix_usa
2022-10-25 15:00:00,0.06728686911656935,0,0.0,500.0,phoenix_usa
2022-10-25 16:00:00,0.0645408554584958,0,0.0,500.0,phoenix_usa
2022-10-25 17:00:00,0.061906908108593936,0,0.0,500.0,phoenix_usa
2022-10-25 18:00:00,0.05938045357998753,0,0.0,500.0,phoenix_usa
2022-10-25 19:00:00,0.05695710503228262,0,0.0,500.0,phoenix_usa
2022-10-25 20:00:00,0.054632654654423324,0,0.0,500.0,phoenix_usa
2022-10-25 21:00:00,0.052403066358407344,0,0.0,500.0,phoenix_usa
2022-10-25 22:00:00,0.0502644687711749,0,0.0,500.0,phoenix_usa
2022-10-25 23:00:00,0.048213148512502475,0,0.0,500.0,phoenix_usa
2022-10-26 00:00:00,0.0462455437472295,0,0.0,500.0,phoenix_usa
2022-10-26 01:00:00,0.04435823800062197,0,0.0,500.0,phoenix_usa
2022-10-26 02:00:00,0.04254795422613453,0,0.0,500.0,phoenix_usa
2022-10-26 03:00:00,0.040811549115270455,0,0.0,500.0,phoenix_usa
2022-10-26 04:00:00,0.039146007639659176,0,0.0,500.0,phoenix_usa
2022-10-26 05:00:00,0.03754843781587488,0,0.0,500.0,phoenix_usa
2022-10-26 06:00:00,0.03601606568390526,0,0.0,500.0,phoenix_usa
2022-10-26 07:00:00,0.034546230490552145,0,0.0,500.0,phoenix_usa
2022-10-26 08:00:00,0.03313638006939987,0,0.0,500.0,phoenix_usa
2022-10-26 09:00:00,0.03178406640932973,0,0.0,500.0,phoenix_usa
2022-10-26 10:00:00,0.03048694140388577,0,0.0,500.0,phoenix_usa
2022-10-26 11:00:00,0.029242752774111303,0,0.0,500.0,phoenix_usa
2022-10-26 12:00:00,0.028049340157776565,0,0.0,500.0,phoenix_usa
2022-10-26 13:00:00,0.026904631358207247,0,0.0,500.0,phoenix_usa
2022-10-26 14:00:00,0.025806638746200306,0,0.0,500.0,phoenix_usa
2022-10-26 15:00:00,0.024753455808779527,0,0.0,500.0,phoenix_usa
2022-10-26 16:00:00,0.023743253838798273,0,0.0,500.0,phoenix_usa
2022-10-26 17:00:00,0.02277427875964138,0,0.0,500.0,phoenix_usa
2022-10-26 18:00:00,0.021844848079512598,0,0.0,500.0,phoenix_usa
2022-10-26 19:00:00,0.02095334797001928,0,0.0,500.0,phoenix_usa
2022-10-26 20:00:00,0.020098230463981653,0,0.0,500.0,phoenix_usa
2022-10-26 21:00:00,0.01927801076760091,0,0.0,500.0,phoenix_usa
2022-10-26 22:00:00,0.018491264682319236,0,0.0,500.0,phoenix_usa
2022-10-26 23:00:00,0.017736626131895167,0,0.0,500.0,phoenix_usa
2022-10-27 00:00:00,0.017012784790400283,0,0.0,500.0,phoenix_usa
2022-10-27 01:00:00,0.016318483807018645,0,0.0,500.0,phoenix_usa
2022-10-27 02:00:00,0.015652517623698483,0,0.0,500.0,phoenix_usa
2022-10-27 03:00:00,0.015013729881866562,0,0.0,500.0,phoenix_usa
2022-10-27 04:00:00,0.014401011414570833,0,0.0,500.0,phoenix_usa
2022-10-27 05:00:00,0.013813298320564701,0,0.0,500.0,phoenix_usa
2022-10-27 06:00:00,0.013249570116989027,0,0.0,500.0,phoenix_usa
2022-10-27 07:00:00,0.01270884796744416,0,0.0,500.0,phoenix_usa
2022-10-27 08:00:00,0.01219019298237534,0,0.0,500.0,phoenix_usa
2022-10-27 09:00:00,0.011692704588820232,0,0.0,500.0,phoenix_usa
2022-10-27 10:00:00,0.01121551896668801,0,0.0,500.0,phoenix_usa
2022-10-27 11:00:00,0.010757807548854711,0,0.0,500.0,phoenix_usa
2022-10-27 12:00:00,0.010318775582470534,0,0.0,500.0,phoenix_usa
2022-10-27 13:00:00,0.009897660748980948,0,0.0,500.0,phoenix_usa
2022-10-27 14:00:00,0.00949373184046546,0,0.0,500.0,phoenix_usa
2022-10-27 15:00:00,0.0091062874899958,0,0.0,500.0,phoenix_usa
2022-10-27 16:00:00,0.008734654953808816,0,0.0,500.0,phoenix_usa
2022-10-27 17:00:00,0.00837818894317952,0,0.0,500.0,phoenix_usa
2022-10-27 18:00:00,0.008036270503966146,0,0.0,500.0,phoenix_usa
2022-10-27 19:00:00,0.007708305941881471,0,0.0,500.0,phoenix_usa
2022-10-27 20:00:00,0.0073937257916244295,0,0.0,500.0,phoenix_usa
2022-10-27 21:00:00,0.007091983828082068,0,0.0,500.0,phoenix_usa
2022-10-27 22:00:00,0.006802556117884831,0,0.0,500.0,phoenix_usa
2022-10-27 23:00:00,0.006524940109668395,0,0.0,500.0,phoenix_usa
2022-10-28 00:00:00,0.006258653761462466,0,0.0,500.0,phoenix_usa
2022-10-28 01:00:00,0.006003234703691252,0,0.0,500.0,phoenix_usa
2022-10-28 02:00:00,0.00575823943633235,0,0.0,500.0,phoenix_usa
2022-10-28 03:00:00,0.0055232425588400535,0,0.0,500.0,phoenix_usa
2022-10-28 04:00:00,0.005297836031495881,0,0.0,500.0,phoenix_usa
2022-10-28 05:00:00,0.005081628466903764,0,0.0,500.0,phoenix_usa
2022-10-28 06:00:00,0.004874244450399762,0,0.0,500.0,phoenix_usa
2022-10-28 07:00:00,0.00467532388819618,0,0.0,500.0,phoenix_usa
2022-10-28 08:00:00,0.004484521382128278,0,0.0,500.0,phoenix_usa
2022-10-28 09:00:00,0.004301505629917944,0,0.0,500.0,phoenix_usa
2022-10-28 10:00:00,0.004125958849912896,0,0.0,500.0,phoenix_usa
2022-10-28 11:00:00,0.003957576229302593,0,0.0,500.0,phoenix_usa
2022-10-28 12:00:00,0.0037960653948527845,0,0.0,500.0,phoenix_usa
2022-10-28 13:00:00,0.003641145905239631,0,0.0,500.0,phoenix_usa
2022-10-28 14:00:00,0.0034925487641019625,0,0.0,500.0,phoenix_usa
2022-10-28 15:00:00,0.0033500159529661513,0,0.0,500.0,phoenix_usa
2022-10-28 16:00:00,0.003213299983232557,0,0.0,500.0,phoenix_usa
2022-10-28 17:00:00,0.0030821634664456384,0,0.0,500.0,phoenix_usa
2022-10-28 18:00:00,0.0029563787021016125,0,0.0,500.0,phoenix_usa
2022-10-28 19:00:00,0.002835727282277864,0,0.0,500.0,phoenix_usa
2022-10-28 20:00:00,0.002719999712397677,0,0.0,500.0,phoenix_usa
2022-10-28 21:00:00,0.00260899504747174,0,0.0,500.0,phoenix_usa
2022-10-28 22:00:00,0.002502520543184848,0,0.0,500.0,phoenix_usa
2022-10-28 23:00:00,0.0024003913212219414,0,0.0,500.0,phoenix_usa
2022-10-29 00:00:00,0.00230243004825236,0,0.0,500.0,phoenix_usa
2022-10-29 01:00:00,0.002208466628014947,0,0.0,500.0,phoenix_usa
2022-10-29 02:00:00,0.0021183379059693075,0,0.0,500.0,phoenix_usa
2022-10-29 03:00:00,0.0020318873860004083,0,0.0,500.0,phoenix_usa
2022-10-29 04:00:00,0.0019489649586846367,0,0.0,500.0,phoenix_usa
2022-10-29 05:00:00,0.001869426640645452,0,0.0,500.0,phoenix_usa
2022-10-29 06:00:00,0.0017931343245460702,0,0.0,500.0,phoenix_usa
2022-10-29 07:00:00,0.0017199555392851057,0,0.0,500.0,phoenix_usa
2022-10-29 08:00:00,0.0016497632199787367,0,0.0,500.0,phoenix_usa
2022-10-29 09:00:00,0.0015824354873300276,0,0.0,500.0,phoenix_usa
2022-10-29 10:00:00,0.001517855436002323,0,0.0,500.0,phoenix_usa
2022-10-29 11:00:00,0.0014559109316292238,0,0.0,500.0,phoenix_usa
2022-10-29 12:00:00,0.001396494416108694,0,0.0,500.0,phoenix_usa
2022-10-29 13:00:00,0.001339502720843241,0,0.0,500.0,phoenix_usa
2022-10-29 14:00:00,0.0012848368876018424,0,0.0,500.0,phoenix_usa
2022-10-29 15:00:00,0.0012324019966926058,0,0.0,500.0,phoenix_usa
2022-10-29 16:00:00,0.001182107002147798,0,0.0,500.0,phoenix_usa
2022-10-29 17:00:00,0.0011338645736350581,0,0.0,500.0,phoenix_usa
2022-10-29 18:00:00,0.0010875909448202956,0,0.0,500.0,phoenix_usa
2022-10-29 19:00:00,0.001043205767918993,0,0.0,500.0,phoenix_usa
2022-10-29 20:00:00,0.0010006319741833415,0,0.0,500.0,phoenix_usa
2022-10-29 21:00:00,0.0009597956400829643,0,0.0,500.0,phoenix_usa
2022-10-29 22:00:00,0.0009206258589468959,0,0.0,500.0,phoenix_usa
2022-10-29 23:00:00,0.0008830546178439077,0,0.0,500.0,phoenix_usa
2022-10-30 00:00:00,0.000847016679487415,0,0.0,500.0,phoenix_usa
2022-10-30 01:00:00,0.0008124494689599183,0,0.0,500.0,phoenix_usa
2022-10-30 02:00:00,0.0007792929650602723,0,0.0,500.0,phoenix_usa
2022-10-30 03:00:00,0.0007474895960851329,0,0.0,500.0,phoenix_usa
2022-10-30 04:00:00,0.0007169841398636273,0,0.0,500.0,phoenix_usa
2022-10-30 05:00:00,0.0006877236278716554,0,0.0,500.0,phoenix_usa
2022-10-30 06:00:00,0.00065965725325934,0,0.0,500.0,phoenix_usa
2022-10-30 07:00:00,0.0006327362826319315,0,0.0,500.0,phoenix_usa
2022-10-30 08:00:00,0.000606913971430977,0,0.0,500.0,phoenix_usa
2022-10-30 09:00:00,0.0005821454827688296,0,0.0,500.0,phoenix_usa
2022-10-30 10:00:00,0.0005583878095755707,0,0.0,500.0,phoenix_usa
2022-10-30 11:00:00,0.0005355996999231527,0,0.0,500.0,phoenix_usa
2022-10-30 12:00:00,0.0005137415853971059,0,0.0,500.0,phoenix_usa
2022-10-30 13:00:00,0.000492775512391438,0,0.0,500.0,phoenix_usa
2022-10-30 14:00:00,0.0004726650762074211,0,0.0,500.0,phoenix_usa
2022-10-30 15:00:00,0.0004533753578418456,0,0.0,500.0,phoenix_usa
2022-10-30 16:00:00,0.0004348728633549809,0,0.0,500.0,phoenix_usa
2022-10-30 17:00:00,0.0004171254657129608,0,0.0,500.0,phoenix_usa
2022-10-30 18:00:00,0.0004001023490036112,0,0.0,500.0,phoenix_usa
2022-10-30 19:00:00,0.0003837739549288647,0,0.0,500.0,phoenix_usa
2022-10-30 20:00:00,0.0003681119314808448,0,0.0,500.0,phoenix_usa
2022-10-30 21:00:00,0.00035308908371250764,0,0.0,500.0,phoenix_usa
2022-10-30 22:00:00,0.00033867932651736316,0,0.0,500.0,phoenix_usa
2022-10-30 23:00:00,0.0003248576393362783,0,0.0,500.0,phoenix_usa
2022-10-31 00:00:00,0.00031160002271272096,0,0.0,500.0,phoenix_usa
2022-10-31 01:00:00,0.00029888345662100983,0,0.0,500.0,phoenix_usa
2022-10-31 02:00:00,0.0002866858604952093,0,0.0,500.0,phoenix_usa
2022-10-31 03:00:00,0.0002749860548892658,0,0.0,500.0,phoenix_usa
2022-10-31 04:00:00,0.00026376372470181844,0,0.0,500.0,phoenix_usa
2022-10-31 05:00:00,0.0002529993839018216,0,0.0,500.0,phoenix_usa
2022-10-31 06:00:00,0.00024267434169373457,0,0.0,500.0,phoenix_usa
2022-10-31 07:00:00,0.00023277067006353074,0,0.0,500.0,phoenix_usa
2022-10-31 08:00:00,0.00022327117264916852,0,0.0,500.0,phoenix_usa
2022-10-31 09:00:00,0.00021415935488147653,0,0.0,500.0,phoenix_usa
2022-10-31 10:00:00,0.00020541939534360684,0,0.0,500.0,phoenix_usa
2022-10-31 11:00:00,0.00019703611829932144,0,0.0,500.0,phoenix_usa
2022-10-31 12:00:00,0.0001889949673424182,0,0.0,500.0,phoenix_usa
2022-10-31 13:00:00,0.00018128198012153354,0,0.0,500.0,phoenix_usa
2022-10-31 14:00:00,0.0001738837640964431,0,0.0,500.0,phoenix_usa
2022-10-31 15:00:00,0.00016678747328376082,0,0.0,500.0,phoenix_usa
2022-10-31 16:00:00,0.00015998078595165553,0,0.0,500.0,phoenix_usa
2022-10-31 17:00:00,0.00015345188322486155,0,0.0,500.0,phoenix_usa
2022-10-31 18:00:00,0.00014718942856282988,0,0.0,500.0,phoenix_usa
2022-10-31 19:00:00,0.00014118254807538513,0,0.0,500.0,phoenix_usa
2022-10-31 20:00:00,0.0001354208116417133,0,0.0,500.0,phoenix_usa
2022-10-31 21:00:00,0.00012989421479989394,0,0.0,500.0,phoenix_usa
2022-10-31 22:00:00,0.00012459316137552817,0,0.0,500.0,phoenix_usa
2022-10-31 23:00:00,0.00011950844681930392,0,0.0,500.0,phoenix_usa
2022-11-01 00:00:00,0.0001146312422245645,0,0.0,500.0,phoenix_usa
2022-11-01 01:00:00,0.00010995307899712622,0,0.0,500.0,phoenix_usa
2022-11-01 02:00:00,0.00010546583415073158,0,0.0,500.0,phoenix_usa
2022-11-01 03:00:00,0.00010116171620260268,0,0.0,500.0,phoenix_usa
2022-11-01 04:00:00,9.703325164460324e-05,0,0.0,500.0,phoenix_usa
2022-11-01 05:00:00,9.307327196652125e-05,0,0.0,500.0,phoenix_usa
2022-11-01 06:00:00,8.927490120893872e-05,0,0.0,500.0,phoenix_usa
2022-11-01 07:00:00,8.563154402407393e-05,0,0.0,500.0,phoenix_usa
2022-11-01 08:00:00,8.213687422386864e-05,0,0.0,500.0,phoenix_usa
2022-11-01 09:00:00,7.878482379543417e-05,0,0.0,500.0,phoenix_usa
2022-11-01 10:00:00,7.556957236478168e-05,0,0.0,500.0,phoenix_usa
2022-11-01 11:00:00,7.248553709054457e-05,0,0.0,500.0,phoenix_usa
2022-11-01 12:00:00,6.95273629701438e-05,0,0.0,500.0,phoenix_usa
2022-11-01 13:00:00,6.668991354156227e-05,0,0.0,500.0,phoenix_usa
2022-11-01 14:00:00,6.396826196458638e-05,0,0.0,500.0,phoenix_usa
2022-11-01 15:00:00,6.135768246602678e-05,0,0.0,500.0,phoenix_usa
2022-11-01 16:00:00,5.885364213406316e-05,0,0.0,500.0,phoenix_usa
2022-11-01 17:00:00,5.645179304746749e-05,0,0.0,500.0,phoenix_usa
2022-11-01 18:00:00,5.414796472603778e-05,0,0.0,500.0,phoenix_usa
2022-11-01 19:00:00,5.193815688913299e-05,0,0.0,500.0,phoenix_usa
2022-11-01 20:00:00,4.981853250973663e-05,0,0.0,500.0,phoenix_usa
2022-11-01 21:00:00,4.778541115198829e-05,0,0.0,500.0,phoenix_usa
2022-11-01 22:00:00,4.583526258061262e-05,0,0.0,500.0,phoenix_usa
2022-11-01 23:00:00,4.396470063115256e-05,0,0.0,500.0,phoenix_usa
2022-11-02 00:00:00,4.217047733036104e-05,0,0.0,500.0,phoenix_usa
2022-11-02 01:00:00,4.044947725654224e-05,0,0.0,500.0,phoenix_usa
2022-11-02 02:00:00,3.879871213005115e-05,0,0.0,500.0,phoenix_usa
2022-11-02 03:00:00,3.721531562455751e-05,0,0.0,500.0,phoenix_usa
2022-11-02 04:00:00,3.569653839006457e-05,0,0.0,500.0,phoenix_usa
2022-11-02 05:00:00,3.423974327904151e-05,0,0.0,500.0,phoenix_usa
2022-11-02 06:00:00,2.3968626048261568,2,3.1,299.80086640783617,phoenix_usa
2022-11-02 07:00:00,2.2990453406883957,2,3.1,299.80086640783617,phoenix_usa
2022-11-02 08:00:00,2.2052200522041963,2,3.1,299.80086640783617,phoenix_usa
2022-11-02 09:00:00,2.115223824679928,2,3.1,299.80086640783617,phoenix_usa
2022-11-02 10:00:00,2.028900392059055,2,3.1,299.80086640783617,phoenix_usa
2022-11-02 11:00:00,1.946099865587643,2,3.1,299.80086640783617,phoenix_usa
2022-11-02 12:00:00,1.8666784735531778,2,3.1,299.80086640783617,phoenix_usa
2022-11-02 13:00:00,1.7904983116447875,2,3.1,299.80086640783617,phoenix_usa
2022-11-02 14:00:00,1.7174271035013922,2,3.1,299.80086640783617,phoenix_usa
2022-11-02 15:00:00,1.6473379710320202,2,3.1,299.80086640783617,phoenix_usa
2022-11-02 16:00:00,1.5801092141094724,2,3.1,299.80086640783617,phoenix_usa
2022-11-02 17:00:00,1.5156240992548118,2,3.1,299.80086640783617,phoenix_usa
2022-11-02 18:00:00,1.4537706569457496,2,3.1,299.80086640783617,phoenix_usa
2022-11-02 19:00:00,1.3944414871969892,2,3.1,299.80086640783617,phoenix_usa
2022-11-02 20:00:00,1.3375335730749387,2,3.1,299.80086640783617,phoenix_usa
2022-11-02 21:00:00,1.2829481018229967,2,3.1,299.80086640783617,phoenix_usa
2022-11-02 22:00:00,1.2305902932867994,2,3.1,299.80086640783617,phoenix_usa
2022-11-02 23:00:00,1.1803692353415403,2,3.1,299.80086640783617,phoenix_usa
2022-11-03 00:00:00,1.1321977260355807,2,3.1,299.80086640783617,phoenix_usa
2022-11-03 01:00:00,1.0859921221762694,2,3.1,299.80086640783617,phoenix_usa
2022-11-03 02:00:00,1.0416721940950568,2,3.1,299.80086640783617,phoenix_usa
2022-11-03 03:00:00,0.9991609863397224,2,3.1,299.80086640783617,phoenix_usa
2022-11-03 04:00:00,0.9583846840518292,2,3.1,299.80086640783617,phoenix_usa
2022-11-03 05:00:00,0.919272484797387,2,3.1,299.80086640783617,phoenix_usa
2022-11-03 06:00:00,0.8817564756281742,0,0.0,500.0,phoenix_usa
2022-11-03 07:00:00,0.8457715151602554,0,0.0,500.0,phoenix_usa
2022-11-03 08:00:00,0.8112551204649384,0,0.0,500.0,phoenix_usa
2022-11-03 09:00:00,0.778147358575773,0,0.0,500.0,phoenix_usa
2022-11-03 10:00:00,0.7463907424232056,0,0.0,500.0,phoenix_usa
2022-11-03 11:00:00,0.7159301310162012,0,0.0,500.0,phoenix_usa
2022-11-03 12:00:00,0.6867126336975041,0,0.0,500.0,phoenix_usa
2022-11-03 13:00:00,0.6586875183062955,0,0.0,500.0,phoenix_usa
2022-11-03 14:00:00,0.6318061230887813,0,0.0,500.0,phoenix_usa
2022-11-03 15:00:00,0.6060217722037573,0,0.0,500.0,phoenix_usa
2022-11-03 16:00:00,0.5812896946764399,0,0.0,500.0,phoenix_usa
2022-11-03 17:00:00,0.557566946659831,0,0.0,500.0,phoenix_usa
2022-11-03 18:00:00,0.534812336868643,0,0.0,500.0,phoenix_usa
2022-11-03 19:00:00,0.5129863550563033,0,0.0,500.0,phoenix_usa
2022-11-03 20:00:00,1.6869028057105484,2,3.27,399.0355001760881,phoenix_usa
2022-11-03 21:00:00,1.6180593864053825,2,3.27,399.0355001760881,phoenix_usa
2022-11-03 22:00:00,1.5520255044165243,2,3.27,399.0355001760881,phoenix_usa
2022-11-03 23:00:00,1.4886865010008221,2,3.27,399.0355001760881,phoenix_usa
2022-11-04 00:00:00,1.4279323967006812,2,3.27,399.0355001760881,phoenix_usa
2022-11-04 01:00:00,1.369657700379877,2,3.27,399.0355001760881,phoenix_usa
2022-11-04 02:00:00,1.313761226052725,2,3.27,399.0355001760881,phoenix_usa
2022-11-04 03:00:00,1.2601459171885487,2,3.27,399.0355001760881,phoenix_usa
2022-11-04 04:00:00,1.2087186781863815,2,3.27,399.0355001760881,phoenix_usa
2022-11-04 05:00:00,1.1593902127272702,2,3.27,399.0355001760881,phoenix_usa
2022-11-04 06:00:00,1.1120748687235187,2,3.27,399.0355001760881,phoenix_usa
2022-11-04 07:00:00,1.0666904895956277,2,3.27,399.0355001760881,phoenix_usa
2022-11-04 08:00:00,1.023158271618711,2,3.27,399.0355001760881,phoenix_usa
2022-11-04 09:00:00,0.9814026270906755,2,3.27,399.0355001760881,phoenix_usa
2022-11-04 10:00:00,0.9413510530845872,2,3.27,399.0355001760881,phoenix_usa
2022-11-04 11:00:00,0.9029340055573207,2,3.27,399.0355001760881,phoenix_usa
2022-11-04 12:00:00,0.8660847785959062,2,3.27,399.0355001760881,phoenix_usa
2022-11-04 13:00:00,0.8307393885918953,2,3.27,399.0355001760881,phoenix_usa
2022-11-04 14:00:00,0.7968364631426375,2,3.27,399.0355001760881,phoenix_usa
2022-11-04 15:00:00,0.7643171344865521,2,3.27,399.0355001760881,phoenix_usa
2022-11-04 16:00:00,0.733124937287368,2,3.27,399.0355001760881,phoenix_usa
2022-11-04 17:00:00,0.7032057105898417,2,3.27,399.0355001760881,phoenix_usa
2022-11-04 18:00:00,0.674507503776716,2,3.27,399.0355001760881,phoenix_usa
2022-11-04 19:00:00,0.646980486363628,2,3.27,399.0355001760881,phoenix_usa
2022-11-04 20:00:00,0.6205768614753345,0,0.0,500.0,phoenix_usa
2022-11-04 21:00:00,0.595250782853019,0,0.0,500.0,phoenix_usa
2022-11-04 22:00:00,0.5709582752485769,0,0.0,500.0,phoenix_usa
2022-11-04 23:00:00,0.5476571580676524,0,0.0,500.0,phoenix_usa
2022-11-05 00:00:00,0.5253069721288449,0,0.0,500.0,phoenix_usa
2022-11-05 01:00:00,0.503868909411912,0,0.0,500.0,phoenix_usa
2022-11-05 02:00:00,0.48330574567298534,0,0.0,500.0,phoenix_usa
2022-11-05 03:00:00,0.463581775809798,0,0.0,500.0,phoenix_usa
2022-11-05 04:00:00,0.44466275186469045,0,0.0,500.0,phoenix_usa
2022-11-05 05:00:00,0.42651582355774775,0,0.0,500.0,phoenix_usa
2022-11-05 06:00:00,0.40910948124681307,0,0.0,500.0,phoenix_usa
2022-11-05 07:00:00,0.39241350121533175,0,0.0,500.0,phoenix_usa
2022-11-05 08:00:00,0.37639889319303027,0,0.0,500.0,phoenix_usa
2022-11-05 09:00:00,0.36103785001830313,0,0.0,500.0,phoenix_usa
2022-11-05 10:00:00,0.3463036993549067,0,0.0,500.0,phoenix_usa
2022-11-05 11:00:00,0.33217085737911917,0,0.0,500.0,phoenix_usa
2022-11-05 12:00:00,0.31861478435695423,0,0.0,500.0,phoenix_usa
2022-11-05 13:00:00,0.3056119420342921,0,0.0,500.0,phoenix_usa
2022-11-05 14:00:00,0.293139752765942,0,0.0,500.0,phoenix_usa
2022-11-05 15:00:00,0.28117656031267096,0,0.0,500.0,phoenix_usa
2022-11-05 16:00:00,0.2697015922381257,0,0.0,500.0,phoenix_usa
2022-11-05 17:00:00,0.2586949238403579,0,0.0,500.0,phoenix_usa
2022-11-05 18:00:00,0.24813744355532275,0,0.0,500.0,phoenix_usa
2022-11-05 19:00:00,0.23801081977227947,0,0.0,500.0,phoenix_usa
2022-11-05 20:00:00,0.2282974690034737,0,0.0,500.0,phoenix_usa
2022-11-05 21:00:00,0.21898052535283227,0,0.0,500.0,phoenix_usa
2022-11-05 22:00:00,0.210043811230657,0,0.0,500.0,phoenix_usa
2022-11-05 23:00:00,0.2014718092634682,0,0.0,500.0,phoenix_usa
2022-11-06 00:00:00,0.1932496353502219,0,0.0,500.0,phoenix_usa
2022-11-06 01:00:00,0.18536301281811826,0,0.0,500.0,phoenix_usa
2022-11-06 02:00:00,0.1777982476331251,0,0.0,500.0,phoenix_usa
2022-11-06 03:00:00,0.17054220462217337,0,0.0,500.0,phoenix_usa
2022-11-06 04:00:00,0.163582284665738,0,0.0,500.0,phoenix_usa
2022-11-06 05:00:00,0.15690640282120177,0,0.0,500.0,phoenix_usa
2022-11-06 06:00:00,0.15050296733901625,0,0.0,500.0,phoenix_usa
2022-11-06 07:00:00,0.14436085953522537,0,0.0,500.0,phoenix_usa
2022-11-06 08:00:00,0.13846941448540134,0,0.0,500.0,phoenix_usa
2022-11-06 09:00:00,0.1328184025064724,0,0.0,500.0,phoenix_usa
2022-11-06 10:00:00,0.12739801139428625,0,0.0,500.0,phoenix_usa
2022-11-06 11:00:00,0.12219882938606923,0,0.0,500.0,phoenix_usa
2022-11-06 12:00:00,0.8563494004475848,1,3.78,400.8552475538687,phoenix_usa
2022-11-06 13:00:00,0.8214013165110547,1,3.78,400.8552475538687,phoenix_usa
2022-11-06 14:00:00,0.7878794828529699,1,3.78,400.8552475538687,phoenix_usa
2022-11-06 15:00:00,0.7557256934251688,1,3.78,400.8552475538687,phoenix_usa
2022-11-06 16:00:00,0.7248841175999147,1,3.78,400.8552475538687,phoenix_usa
2022-11-06 17:00:00,0.6953012032276987,1,3.78,400.8552475538687,phoenix_usa
2022-11-06 18:00:00,0.6669255836513069,1,3.78,400.8552475538687,phoenix_usa
2022-11-06 19:00:00,0.6397079885146923,1,3.78,400.8552475538687,phoenix_usa
2022-11-06 20:00:00,0.6136011582117865,1,3.78,400.8552475538687,phoenix_usa
2022-11-06 21:00:00,0.5885597618267019,1,3.78,400.8552475538687,phoenix_usa
2022-11-06 22:00:00,0.5645403184228377,1,3.78,400.8552475538687,phoenix_usa
2022-11-06 23:00:00,0.5415011215442219,1,3.78,400.8552475538687,phoenix_usa
2022-11-07 00:00:00,0.5194021667979917,1,3.78,400.8552475538687,phoenix_usa
2022-11-07 01:00:00,0.4982050823922757,1,3.78,400.8552475538687,phoenix_usa
2022-11-07 02:00:00,0.4778730625088603,1,3.78,400.8552475538687,phoenix_usa
2022-11-07 03:00:00,0.458370803394955,1,3.78,400.8552475538687,phoenix_usa
2022-11-07 04:00:00,0.4396644420630864,1,3.78,400.8552475538687,phoenix_usa
2022-11-07 05:00:00,2.504349040536041,4,4.04,400.12692364246385,phoenix_usa
2022-11-07 06:00:00,3.067590244418541,5,4.04,400.12692364246385,phoenix_usa
2022-11-07 07:00:00,2.9424002211771096,5,4.04,400.12692364246385,phoenix_usa
2022-11-07 08:00:00,2.8223192707486797,5,4.04,400.12692364246385,phoenix_usa
2022-11-07 09:00:00,2.707138889098084,5,4.04,400.12692364246385,phoenix_usa
2022-11-07 10:00:00,2.5966590813530273,5,4.04,400.12692364246385,phoenix_usa
2022-11-07 11:00:00,2.490688014540524,5,4.04,400.12692364246385,phoenix_usa
2022-11-07 12:00:00,2.389041684495362,4,4.04,400.12692364246385,phoenix_usa
2022-11-07 13:00:00,2.2915435963622075,4,4.04,400.12692364246385,phoenix_usa
2022-11-07 14:00:00,2.198024458136588,4,4.04,400.12692364246385,phoenix_usa
2022-11-07 15:00:00,2.108321886712641,4,4.04,400.12692364246385,phoenix_usa
2022-11-07 16:00:00,2.022280125927213,4,4.04,400.12692364246385,phoenix_usa
2022-11-07 17:00:00,1.9397497761107225,4,4.04,400.12692364246385,phoenix_usa
2022-11-07 18:00:00,1.8605875346752163,4,4.04,400.12692364246385,phoenix_usa
2022-11-07 19:00:00,1.7846559472891503,4,4.04,400.12692364246385,phoenix_usa
2022-11-07 20:00:00,1.711823169206875,4,4.04,400.12692364246385,phoenix_usa
2022-11-07 21:00:00,1.6419627363383869,4,4.04,400.12692364246385,phoenix_usa
2022-11-07 22:00:00,1.5749533456618523,4,4.04,400.12692364246385,phoenix_usa
2022-11-07 23:00:00,1.510678644597613,4,4.04,400.12692364246385,phoenix_usa
2022-11-08 00:00:00,1.4490270289779532,4,4.04,400.12692364246385,phoenix_usa
2022-11-08 01:00:00,1.3898914492618302,4,4.04,400.12692364246385,phoenix_usa
2022-11-08 02:00:00,1.3331692246580882,4,4.04,400.12692364246385,phoenix_usa
2022-11-08 03:00:00,1.2787618648344024,4,4.04,400.12692364246385,phoenix_usa
2022-11-08 04:00:00,1.2265748989023795,4,4.04,400.12692364246385,phoenix_usa
2022-11-08 05:00:00,1.1765177113818697,1,3.81,409.613641961681,phoenix_usa
2022-11-08 06:00:00,1.128503384859661,0,0.0,500.0,phoenix_usa
2022-11-08 07:00:00,1.0824485490693634,0,0.0,500.0,phoenix_usa
2022-11-08 08:00:00,1.0382732361304168,0,0.0,500.0,phoenix_usa
2022-11-08 09:00:00,0.9959007416948824,0,0.0,500.0,phoenix_usa
2022-11-08 10:00:00,0.9552574917609025,0,0.0,500.0,phoenix_usa
2022-11-08 11:00:00,0.9162729149215771,0,0.0,500.0,phoenix_usa
2022-11-08 12:00:00,0.878879319827435,0,0.0,500.0,phoenix_usa
2022-11-08 13:00:00,0.8430117776497261,0,0.0,500.0,phoenix_usa
2022-11-08 14:00:00,0.8086080093404504,0,0.0,500.0,phoenix_usa
2022-11-08 15:00:00,0.7756082774933675,0,0.0,500.0,phoenix_usa
2022-11-08 16:00:00,0.7439552826182169,0,0.0,500.0,phoenix_usa
2022-11-08 17:00:00,0.713594063648043,0,0.0,500.0,phoenix_usa
2022-11-08 18:00:00,0.6844719025068702,0,0.0,500.0,phoenix_usa
2022-11-08 19:00:00,0.6565382325720237,0,0.0,500.0,phoenix_usa
2022-11-08 20:00:00,0.6297445508721525,0,0.0,500.0,phoenix_usa
2022-11-08 21:00:00,0.6040443338684981,0,0.0,500.0,phoenix_usa
2022-11-08 22:00:00,0.5793929566731756,0,0.0,500.0,phoenix_usa
2022-11-08 23:00:00,0.5557476155642018,0,0.0,500.0,phoenix_usa
2022-11-09 00:00:00,0.5330672536627248,0,0.0,500.0,phoenix_usa
2022-11-09 01:00:00,0.5113124896434083,0,0.0,500.0,phoenix_usa
2022-11-09 02:00:00,0.4904455493541826,0,0.0,500.0,phoenix_usa
2022-11-09 03:00:00,0.4704302002266314,0,0.0,500.0,phoenix_usa
2022-11-09 04:00:00,0.45123168836312577,0,0.0,500.0,phoenix_usa
2022-11-09 05:00:00,0.43281667819146646,0,0.0,500.0,phoenix_usa
2022-11-09 06:00:00,0.4151531945822533,0,0.0,500.0,phoenix_usa
2022-11-09 07:00:00,0.39821056732847593,0,0.0,500.0,phoenix_usa
2022-11-09 08:00:00,0.3819593778909227,0,0.0,500.0,phoenix_usa
2022-11-09 09:00:00,0.3663714083169384,0,0.0,500.0,phoenix_usa
2022-11-09 10:00:00,0.3514195922438345,0,0.0,500.0,phoenix_usa
2022-11-09 11:00:00,0.3370779679018783,0,0.0,500.0,phoenix_usa
2022-11-09 12:00:00,0.32332163303525413,0,0.0,500.0,phoenix_usa
2022-11-09 13:00:00,0.31012670166272543,0,0.0,500.0,phoenix_usa
2022-11-09 14:00:00,0.29747026260291726,0,0.0,500.0,phoenix_usa
2022-11-09 15:00:00,0.285330339692205,0,0.0,500.0,phoenix_usa
2022-11-09 16:00:00,0.2736858536261321,0,0.0,500.0,phoenix_usa
2022-11-09 17:00:00,0.2625165853581007,0,0.0,500.0,phoenix_usa
2022-11-09 18:00:00,0.25180314099178136,0,0.0,500.0,phoenix_usa
2022-11-09 19:00:00,0.24152691810628252,0,0.0,500.0,phoenix_usa
2022-11-09 20:00:00,0.2316700734556084,0,0.0,500.0,phoenix_usa
2022-11-09 21:00:00,0.22221549198631918,0,0.0,500.0,phoenix_usa
2022-11-09 22:00:00,0.21314675711959755,0,0.0,500.0,phoenix_usa
2022-11-09 23:00:00,0.20444812224612008,0,0.0,500.0,phoenix_usa
2022-11-10 00:00:00,0.1961044833842386,0,0.0,500.0,phoenix_usa
2022-11-10 01:00:00,0.1881013529539959,0,0.0,500.0,phoenix_usa
2022-11-10 02:00:00,0.18042483462143769,0,0.0,500.0,phoenix_usa
2022-11-10 03:00:00,0.17306159916954283,0,0.0,500.0,phoenix_usa
2022-11-10 04:00:00,0.16599886135387312,0,0.0,500.0,phoenix_usa
2022-11-10 05:00:00,0.1592243577027566,0,0.0,500.0,phoenix_usa
2022-11-10 06:00:00,0.15272632522345836,0,0.0,500.0,phoenix_usa
2022-11-10 07:00:00,0.14649348097736273,0,0.0,500.0,phoenix_usa
2022-11-10 08:00:00,0.14051500248870444,0,0.0,500.0,phoenix_usa
2022-11-10 09:00:00,0.13478050895282956,0,0.0,500.0,phoenix_usa
2022-11-10 10:00:00,0.12928004321135794,0,0.0,500.0,phoenix_usa
2022-11-10 11:00:00,0.12400405446294836,0,0.0,500.0,phoenix_usa
2022-11-10 12:00:00,0.11894338167964742,0,0.0,500.0,phoenix_usa
2022-11-10 13:00:00,0.11408923770002605,0,0.0,500.0,phoenix_usa
2022-11-10 14:00:00,0.10943319397148339,0,0.0,500.0,phoenix_usa
2022-11-10 15:00:00,0.10496716591522617,0,0.0,500.0,phoenix_usa
2022-11-10 16:00:00,0.10068339888851063,0,0.0,500.0,phoenix_usa
2022-11-10 17:00:00,0.09657445471977331,0,0.0,500.0,phoenix_usa
2022-11-10 18:00:00,0.09263319879327042,0,0.0,500.0,phoenix_usa
2022-11-10 19:00:00,0.08885278766079993,0,0.0,500.0,phoenix_usa
2022-11-10 20:00:00,0.08522665715899623,0,0.0,500.0,phoenix_usa
2022-11-10 21:00:00,0.08174851101156422,0,0.0,500.0,phoenix_usa
2022-11-10 22:00:00,0.0784123098966627,0,0.0,500.0,phoenix_usa
2022-11-10 23:00:00,0.0752122609604534,0,0.0,500.0,phoenix_usa
2022-11-11 00:00:00,0.0721428077586081,0,0.0,500.0,phoenix_usa
2022-11-11 01:00:00,0.06919862060830825,0,0.0,500.0,phoenix_usa
2022-11-11 02:00:00,0.06637458733398441,0,0.0,500.0,phoenix_usa
2022-11-11 03:00:00,0.06366580439072758,0,0.0,500.0,phoenix_usa
2022-11-11 04:00:00,0.06106756834995858,0,0.0,500.0,phoenix_usa
2022-11-11 05:00:00,0.05857536773257195,0,0.0,500.0,phoenix_usa
2022-11-11 06:00:00,0.05618487517537383,0,0.0,500.0,phoenix_usa
2022-11-11 07:00:00,0.053891939917211515,0,0.0,500.0,phoenix_usa
2022-11-11 08:00:00,0.05169258059174841,0,0.0,500.0,phoenix_usa
2022-11-11 09:00:00,0.04958297831436953,0,0.0,500.0,phoenix_usa
2022-11-11 10:00:00,0.047559470051214275,0,0.0,500.0,phoenix_usa
2022-11-11 11:00:00,0.04561854225882254,0,0.0,500.0,phoenix_usa
2022-11-11 12:00:00,0.04375682478335028,0,0.0,500.0,phoenix_usa
2022-11-11 13:00:00,0.04197108500876143,0,0.0,500.0,phoenix_usa
2022-11-11 14:00:00,0.040258222243835365,0,0.0,500.0,phoenix_usa
2022-11-11 15:00:00,0.03861526233824347,0,0.0,500.0,phoenix_usa
2022-11-11 16:00:00,0.03703935251834671,0,0.0,500.0,phoenix_usa
2022-11-11 17:00:00,0.03552775643374696,0,0.0,500.0,phoenix_usa
2022-11-11 18:00:00,0.034077849405991456,0,0.0,500.0,phoenix_usa
2022-11-11 19:00:00,0.032687113871179896,0,0.0,500.0,phoenix_usa
2022-11-11 20:00:00,0.03135313500856163,0,0.0,500.0,phoenix_usa
2022-11-11 21:00:00,0.030073596547531747,0,0.0,500.0,phoenix_usa
2022-11-11 22:00:00,0.028846276745746226,0,0.0,500.0,phoenix_usa
2022-11-11 23:00:00,0.027669044531372276,0,0.0,500.0,phoenix_usa
2022-11-12 00:00:00,0.026539855802775552,0,0.0,500.0,phoenix_usa
2022-11-12 01:00:00,0.025456749879219084,0,0.0,500.0,phoenix_usa
2022-11-12 02:00:00,0.02441784609641127,0,0.0,500.0,phoenix_usa
2022-11-12 03:00:00,0.023421340540991223,0,0.0,500.0,phoenix_usa
2022-11-12 04:00:00,0.022465502918281616,0,0.0,500.0,phoenix_usa
2022-11-12 05:00:00,0.021548673547870302,0,0.0,500.0,phoenix_usa
2022-11-12 06:00:00,0.020669260481803765,0,0.0,500.0,phoenix_usa
2022-11-12 07:00:00,0.019825736740388712,0,0.0,500.0,phoenix_usa
2022-11-12 08:00:00,0.01901663766080215,0,0.0,500.0,phoenix_usa
2022-11-12 09:00:00,0.018240558353906002,0,0.0,500.0,phoenix_usa
2022-11-12 10:00:00,0.017496151264850653,0,0.0,500.0,phoenix_usa
2022-11-12 11:00:00,0.01678212383323146,0,0.0,500.0,phoenix_usa
2022-11-12 12:00:00,0.016097236248735616,0,0.0,500.0,phoenix_usa
2022-11-12 13:00:00,0.015440299298382256,0,0.0,500.0,phoenix_usa
2022-11-12 14:00:00,0.014810172301617883,0,0.0,500.0,phoenix_usa
2022-11-12 15:00:00,0.014205761129681652,0,0.0,500.0,phoenix_usa
2022-11-12 16:00:00,0.013626016305801444,0,0.0,500.0,phoenix_usa
2022-11-12 17:00:00,0.01306993118292195,0,0.0,500.0,phoenix_usa
2022-11-12 18:00:00,0.0125365401958007,0,0.0,500.0,phoenix_usa
2022-11-12 19:00:00,0.012024917184436965,0,0.0,500.0,phoenix_usa
2022-11-12 20:00:00,0.011534173785922438,0,0.0,500.0,phoenix_usa
2022-11-12 21:00:00,0.011063457891921393,0,0.0,500.0,phoenix_usa
2022-11-12 22:00:00,0.010611952169101897,0,0.0,500.0,phoenix_usa
2022-11-12 23:00:00,0.010178872639948986,0,0.0,500.0,phoenix_usa
2022-11-13 00:00:00,0.009763467321495727,0,0.0,500.0,phoenix_usa
2022-11-13 01:00:00,0.009365014919608302,0,0.0,500.0,phoenix_usa
2022-11-13 02:00:00,0.008982823576558064,0,0.0,500.0,phoenix_usa
2022-11-13 03:00:00,0.008616229669705896,0,0.0,500.0,phoenix_usa
2022-11-13 04:00:00,0.00826459665921285,0,0.0,500.0,phoenix_usa
2022-11-13 05:00:00,0.007927313982776369,0,0.0,500.0,phoenix_usa
2022-11-13 06:00:00,0.007603795995472944,0,0.0,500.0,phoenix_usa
2022-11-13 07:00:00,0.007293480952866336,0,0.0,500.0,phoenix_usa
2022-11-13 08:00:00,0.0069958300356157,0,0.0,500.0,phoenix_usa
2022-11-13 09:00:00,0.0067103264138900255,0,0.0,500.0,phoenix_usa
2022-11-13 10:00:00,0.006436474349964285,0,0.0,500.0,phoenix_usa
2022-11-13 11:00:00,0.006173798337439135,0,0.0,500.0,phoenix_usa
2022-11-13 12:00:00,0.0059218422755895435,0,0.0,500.0,phoenix_usa
2022-11-13 13:00:00,0.00568016867740868,0,0.0,500.0,phoenix_usa
2022-11-13 14:00:00,0.005448357909971961,0,0.0,500.0,phoenix_usa
2022-11-13 15:00:00,0.005226007465802284,0,0.0,500.0,phoenix_usa
2022-11-13 16:00:00,0.005012731263971197,0,0.0,500.0,phoenix_usa
2022-11-13 17:00:00,0.004808158979722536,0,0.0,500.0,phoenix_usa
2022-11-13 18:00:00,0.004611935401454487,0,0.0,500.0,phoenix_usa
2022-11-13 19:00:00,0.004423719813943545,0,0.0,500.0,phoenix_usa
2022-11-13 20:00:00,0.004243185406739446,0,0.0,500.0,phoenix_usa
2022-11-13 21:00:00,0.004070018706703827,0,0.0,500.0,phoenix_usa
2022-11-13 22:00:00,0.0039039190337072814,0,0.0,500.0,phoenix_usa
2022-11-13 23:00:00,0.0037445979785397173,0,0.0,500.0,phoenix_usa
2022-11-14 00:00:00,0.0035917789021274885,0,0.0,500.0,phoenix_usa
2022-11-14 01:00:00,0.003445196455187722,0,0.0,500.0,phoenix_usa
2022-11-14 02:00:00,0.003304596117485838,0,0.0,500.0,phoenix_usa
2022-11-14 03:00:00,0.003169733755896207,0,0.0,500.0,phoenix_usa
2022-11-14 04:00:00,0.0030403752004985927,0,0.0,500.0,phoenix_usa
2022-11-14 05:00:00,0.002916295837974332,0,0.0,500.0,phoenix_usa
2022-11-14 06:00:00,0.002797280221596239,0,0.0,500.0,phoenix_usa
2022-11-14 07:00:00,0.002683121697135026,0,0.0,500.0,phoenix_usa
2022-11-14 08:00:00,0.0025736220440326953,0,0.0,500.0,phoenix_usa
2022-11-14 09:00:00,0.002468591131219831,0,0.0,500.0,phoenix_usa
2022-11-14 10:00:00,0.002367846586979184,0,0.0,500.0,phoenix_usa
2022-11-14 11:00:00,0.0022712134822822885,0,0.0,500.0,phoenix_usa
2022-11-14 12:00:00,0.0021785240270493036,0,0.0,500.0,phoenix_usa
2022-11-14 13:00:00,0.0020896172788046354,0,0.0,500.0,phoenix_usa
2022-11-14 14:00:00,0.0020043388632224922,0,0.0,500.0,phoenix_usa
2022-11-14 15:00:00,0.0019225407060771298,0,0.0,500.0,phoenix_usa
2022-11-14 16:00:00,0.0018440807761323417,0,0.0,500.0,phoenix_usa
2022-11-14 17:00:00,0.0017688228385237784,0,0.0,500.0,phoenix_usa
2022-11-14 18:00:00,0.001696636218205868,0,0.0,500.0,phoenix_usa
2022-11-14 19:00:00,0.0016273955730525883,0,0.0,500.0,phoenix_usa
2022-11-14 20:00:00,0.0015609806762181262,0,0.0,500.0,phoenix_usa
2022-11-14 21:00:00,0.0014972762073795203,0,0.0,500.0,phoenix_usa
2022-11-14 22:00:00,0.0014361715524987917,0,0.0,500.0,phoenix_usa
2022-11-14 23:00:00,0.0013775606117569037,0,0.0,500.0,phoenix_usa
2022-11-15 00:00:00,0.0013213416153260368,0,0.0,500.0,phoenix_usa
2022-11-15 01:00:00,0.0012674169466602935,0,0.0,500.0,phoenix_usa
2022-11-15 02:00:00,0.0012156929729980079,0,0.0,500.0,phoenix_usa
2022-11-15 03:00:00,0.0011660798827813534,0,0.0,500.0,phoenix_usa
2022-11-15 04:00:00,0.0011184915297109343,0,0.0,500.0,phoenix_usa
2022-11-15 05:00:00,0.0010728452831646003,0,0.0,500.0,phoenix_usa
2022-11-15 06:00:00,0.0010290618847207528,0,0.0,500.0,phoenix_usa
2022-11-15 07:00:00,0.000987065310537005,0,0.0,500.0,phoenix_usa
2022-11-15 08:00:00,0.0009467826393452532,0,0.0,500.0,phoenix_usa
2022-11-15 09:00:00,0.0009081439258339303,0,0.0,500.0,phoenix_usa
2022-11-15 10:00:00,0.0008710820791976088,0,0.0,500.0,phoenix_usa
2022-11-15 11:00:00,0.000835532746643054,0,0.0,500.0,phoenix_usa
2022-11-15 12:00:00,0.000801434201649458,0,0.0,500.0,phoenix_usa
2022-11-15 13:00:00,0.0007687272367888388,0,0.0,500.0,phoenix_usa
2022-11-15 14:00:00,0.0007373550609204948,0,0.0,500.0,phoenix_usa
2022-11-15 15:00:00,0.0007072632005810047,0,0.0,500.0,phoenix_usa
2022-11-15 16:00:00,0.0006783994053985651,0,0.0,500.0,phoenix_usa
2022-11-15 17:00:00,0.0006507135573674121,0,0.0,500.0,phoenix_usa
2022-11-15 18:00:00,0.0006241575838248041,0,0.0,500.0,phoenix_usa
2022-11-15 19:00:00,0.0005986853739794651,0,0.0,500.0,phoenix_usa
2022-11-15 20:00:00,0.0005742526988465447,0,0.0,500.0,phoenix_usa
2022-11-15 21:00:00,0.0005508171344500745,0,0.0,500.0,phoenix_usa
2022-11-15 22:00:00,0.0005283379881595781,0,0.0,500.0,phoenix_usa
2022-11-15 23:00:00,0.0005067762280329201,0,0.0,500.0,phoenix_usa
2022-11-16 00:00:00,0.0004860944150427135,0,0.0,500.0,phoenix_usa
2022-11-16 01:00:00,0.0004662566380686043,0,0.0,500.0,phoenix_usa
2022-11-16 02:00:00,0.0004472284515425567,0,0.0,500.0,phoenix_usa
2022-11-16 03:00:00,0.00042897681563886533,0,0.0,500.0,phoenix_usa
2022-11-16 04:00:00,0.00041147003890505007,0,0.0,500.0,phoenix_usa
2022-11-16 05:00:00,0.00039467772323401105,0,0.0,500.0,phoenix_usa
2022-11-16 06:00:00,0.00037857071108190175,0,0.0,500.0,phoenix_usa
2022-11-16 07:00:00,0.00036312103484006957,0,0.0,500.0,phoenix_usa
2022-11-16 08:00:00,0.00034830186827315495,0,0.0,500.0,phoenix_usa
2022-11-16 09:00:00,0.000334087479939026,0,0.0,500.0,phoenix_usa
2022-11-16 10:00:00,0.0003204531885096744,0,0.0,500.0,phoenix_usa
2022-11-16 11:00:00,0.000307375319915487,0,0.0,500.0,phoenix_usa
2022-11-16 12:00:00,0.0002948311662384836,0,0.0,500.0,phoenix_usa
2022-11-16 13:00:00,0.00028279894628314506,0,0.0,500.0,phoenix_usa
2022-11-16 14:00:00,0.0002712577677563664,0,0.0,500.0,phoenix_usa
2022-11-16 15:00:00,0.0002601875909908657,0,0.0,500.0,phoenix_usa
2022-11-16 16:00:00,0.0002495691941490629,0,0.0,500.0,phoenix_usa
2022-11-16 17:00:00,0.00023938413984700486,0,0.0,500.0,phoenix_usa
2022-11-16 18:00:00,0.00022961474314038658,0,0.0,500.0,phoenix_usa
2022-11-16 19:00:00,0.00022024404081708157,0,0.0,500.0,phoenix_usa
2022-11-16 20:00:00,0.00021125576194285943,0,0.0,500.0,phoenix_usa
2022-11-16 21:00:00,0.00020263429960914865,0,0.0,500.0,phoenix_usa
2022-11-16 22:00:00,0.00019436468383378968,0,0.0,500.0,phoenix_usa
2022-11-16 23:00:00,0.00018643255556772208,0,0.0,500.0,phoenix_usa
2022-11-17 00:00:00,0.00017882414176247256,0,0.0,500.0,phoenix_usa
2022-11-17 01:00:00,0.00017152623145515357,0,0.0,500.0,phoenix_usa
2022-11-17 02:00:00,0.00016452615282944524,0,0.0,500.0,phoenix_usa
2022-11-17 03:00:00,0.0001578117512127306,0,0.0,500.0,phoenix_usa
2022-11-17 04:00:00,0.00015137136797118144,0,0.0,500.0,phoenix_usa
2022-11-17 05:00:00,0.00014519382026614516,0,0.0,500.0,phoenix_usa
2022-11-17 06:00:00,0.0001392683816366855,0,0.0,500.0,phoenix_usa
2022-11-17 07:00:00,0.00013358476337456063,0,0.0,500.0,phoenix_usa
2022-11-17 08:00:00,0.00012813309665929756,0,0.0,500.0,phoenix_usa
2022-11-17 09:00:00,0.00012290391542234432,0,0.0,500.0,phoenix_usa
2022-11-17 10:00:00,0.00011788813991054584,0,0.0,500.0,phoenix_usa
2022-11-17 11:00:00,0.00011307706092040268,0,0.0,500.0,phoenix_usa
2022-11-17 12:00:00,0.00010846232467573793,0,0.0,500.0,phoenix_usa
2022-11-17 13:00:00,0.00010403591832251614,0,0.0,500.0,phoenix_usa
2022-11-17 14:00:00,9.979015601562494e-05,0,0.0,500.0,phoenix_usa
2022-11-17 15:00:00,9.571766557346347e-05,0,0.0,500.0,phoenix_usa
2022-11-17 16:00:00,9.181137567716445e-05,0,0.0,500.0,phoenix_usa
2022-11-17 17:00:00,8.806450359222256e-05,0,0.0,500.0,phoenix_usa
2022-11-17 18:00:00,8.447054339120968e-05,0,0.0,500.0,phoenix_usa
2022-11-17 19:00:00,8.102325465712828e-05,0,0.0,500.0,phoenix_usa
2022-11-17 20:00:00,7.771665164778636e-05,0,0.0,500.0,phoenix_usa
2022-11-17 21:00:00,7.454499290238017e-05,0,0.0,500.0,phoenix_usa
2022-11-17 22:00:00,7.150277127223856e-05,0,0.0,500.0,phoenix_usa
2022-11-17 23:00:00,6.858470435841738e-05,0,0.0,500.0,phoenix_usa
2022-11-18 00:00:00,6.578572533954114e-05,0,0.0,500.0,phoenix_usa
2022-11-18 01:00:00,6.310097417396531e-05,0,0.0,500.0,phoenix_usa
2022-11-18 02:00:00,6.052578916098355e-05,0,0.0,500.0,phoenix_usa
2022-11-18 03:00:00,5.805569884642599e-05,0,0.0,500.0,phoenix_usa
2022-11-18 04:00:00,5.568641425859494e-05,0,0.0,500.0,phoenix_usa
2022-11-18 05:00:00,5.341382146105627e-05,0,0.0,500.0,phoenix_usa
2022-11-18 06:00:00,5.1233974409355004e-05,0,0.0,500.0,phoenix_usa
2022-11-18 07:00:00,4.9143088099252686e-05,0,0.0,500.0,phoenix_usa
2022-11-18 08:00:00,4.713753199458873e-05,0,0.0,500.0,phoenix_usa
2022-11-18 09:00:00,4.521382372335421e-05,0,0.0,500.0,phoenix_usa
2022-11-18 10:00:00,4.336862303103238e-05,0,0.0,500.0,phoenix_usa
2022-11-18 11:00:00,4.159872598070682e-05,0,0.0,500.0,phoenix_usa
2022-11-18 12:00:00,3.9901059389866e-05,0,0.0,500.0,phoenix_usa
2022-11-18 13:00:00,3.827267549424503e-05,0,0.0,500.0,phoenix_usa
2022-11-18 14:00:00,3.671074682943911e-05,0,0.0,500.0,phoenix_usa
2022-11-18 15:00:00,3.5212561321400725e-05,0,0.0,500.0,phoenix_usa
2022-11-18 16:00:00,3.377551757729659e-05,0,0.0,500.0,phoenix_usa
2022-11-18 17:00:00,3.239712036854727e-05,0,0.0,500.0,phoenix_usa
2022-11-18 18:00:00,3.107497629820627e-05,0,0.0,500.0,phoenix_usa
2022-11-18 19:00:00,2.9806789645155794e-05,0,0.0,500.0,phoenix_usa
2022-11-18 20:00:00,2.859035837790327e-05,0,0.0,500.0,phoenix_usa
2022-11-18 21:00:00,2.742357033105675e-05,0,0.0,500.0,phoenix_usa
2022-11-18 22:00:00,2.630439953784058e-05,0,0.0,500.0,phoenix_usa
2022-11-18 23:00:00,2.5230902712283173e-05,0,0.0,500.0,phoenix_usa
2022-11-19 00:00:00,2.420121587496839e-05,0,0.0,500.0,phoenix_usa
2022-11-19 01:00:00,2.3213551116491974e-05,0,0.0,500.0,phoenix_usa
2022-11-19 02:00:00,2.2266193493003168e-05,0,0.0,500.0,phoenix_usa
2022-11-19 03:00:00,2.1357498048440745e-05,0,0.0,500.0,phoenix_usa
2022-11-19 04:00:00,2.0485886958293345e-05,0,0.0,500.0,phoenix_usa
2022-11-19 05:00:00,1.964984678992457e-05,0,0.0,500.0,phoenix_usa
2022-11-19 06:00:00,1.8847925874705498e-05,0,0.0,500.0,phoenix_usa
2022-11-19 07:00:00,1.8078731787392038e-05,0,0.0,500.0,phoenix_usa
2022-11-19 08:00:00,1.7340928928370287e-05,0,0.0,500.0,phoenix_usa
2022-11-19 09:00:00,1.663323620457166e-05,0,0.0,500.0,phoenix_usa
2022-11-19 10:00:00,1.595442480503114e-05,0,0.0,500.0,phoenix_usa
2022-11-19 11:00:00,1.53033160672264e-05,0,0.0,500.0,phoenix_usa
2022-11-19 12:00:00,1.467877943049244e-05,0,0.0,500.0,phoenix_usa
2022-11-19 13:00:00,1.4079730472958822e-05,0,0.0,500.0,phoenix_usa
2022-11-19 14:00:00,1.3505129028600369e-05,0,0.0,500.0,phoenix_usa
2022-11-19 15:00:00,1.2953977381132052e-05,0,0.0,500.0,phoenix_usa
2022-11-19 16:00:00,1.24253185316121e-05,0,0.0,500.0,phoenix_usa
2022-11-19 17:00:00,1.1918234536745133e-05,0,0.0,500.0,phoenix_usa
2022-11-19 18:00:00,1.1431844914999943e-05,0,0.0,500.0,phoenix_usa
2022-11-19 19:00:00,1.0965305117774651e-05,0,0.0,500.0,phoenix_usa
2022-11-19 20:00:00,1.051780506295433e-05,0,0.0,500.0,phoenix_usa
2022-11-19 21:00:00,1.0088567728314907e-05,0,0.0,500.0,phoenix_usa
2022-11-19 22:00:00,9.676847802331141e-06,0,0.0,500.0,phoenix_usa
2022-11-19 23:00:00,9.28193039004577e-06,0,0.0,500.0,phoenix_usa
2022-11-20 00:00:00,8.903129771752813e-06,0,0.0,500.0,phoenix_usa
2022-11-20 01:00:00,8.539788212339782e-06,0,0.0,500.0,phoenix_usa
2022-11-20 02:00:00,8.191274819221218e-06,0,0.0,500.0,phoenix_usa
2022-11-20 03:00:00,7.856984446880553e-06,0,0.0,500.0,phoenix_usa
2022-11-20 04:00:00,7.536336646118298e-06,0,0.0,500.0,phoenix_usa
2022-11-20 05:00:00,7.228774656181917e-06,0,0.0,500.0,phoenix_usa
2022-11-20 06:00:00,6.933764438027429e-06,0,0.0,500.0,phoenix_usa
2022-11-20 07:00:00,6.650793747034175e-06,0,0.0,500.0,phoenix_usa
2022-11-20 08:00:00,6.379371243562565e-06,0,0.0,500.0,phoenix_usa
2022-11-20 09:00:00,6.119025639810423e-06,0,0.0,500.0,phoenix_usa
2022-11-20 10:00:00,5.869304881486654e-06,0,0.0,500.0,phoenix_usa
2022-11-20 11:00:00,5.6297753628812015e-06,0,0.0,500.0,phoenix_usa
2022-11-20 12:00:00,5.400021173968422e-06,0,0.0,500.0,phoenix_usa
2022-11-20 13:00:00,5.179643378236619e-06,0,0.0,500.0,phoenix_usa
2022-11-20 14:00:00,4.968259319989727e-06,0,0.0,500.0,phoenix_usa
2022-11-20 15:00:00,4.765501959918363e-06,0,0.0,500.0,phoenix_usa
2022-11-20 16:00:00,4.571019237786625e-06,0,0.0,500.0,phoenix_usa
2022-11-20 17:00:00,4.384473461127983e-06,0,0.0,500.0,phoenix_usa
2022-11-20 18:00:00,4.205540718888773e-06,0,0.0,500.0,phoenix_usa
2022-11-20 19:00:00,4.033910319001295e-06,0,0.0,500.0,phoenix_usa
2022-11-20 20:00:00,3.869284248909806e-06,0,0.0,500.0,phoenix_usa
2022-11-20 21:00:00,3.711376658112736e-06,0,0.0,500.0,phoenix_usa
2022-11-20 22:00:00,3.55991336182268e-06,0,0.0,500.0,phoenix_usa
2022-11-20 23:00:00,3.4146313648822663e-06,0,0.0,500.0,phoenix_usa
2022-11-21 00:00:00,3.2752784051092555e-06,0,0.0,500.0,phoenix_usa
2022-11-21 01:00:00,3.1416125152780296e-06,0,0.0,500.0,phoenix_usa
2022-11-21 02:00:00,3.0134016029768093e-06,0,0.0,500.0,phoenix_usa
2022-11-21 03:00:00,2.890423047611132e-06,0,0.0,500.0,phoenix_usa
2022-11-21 04:00:00,2.772463313853861e-06,0,0.0,500.0,phoenix_usa
2022-11-21 05:00:00,2.659317580870489e-06,0,0.0,500.0,phoenix_usa
2022-11-21 06:00:00,2.5507893866759505e-06,0,0.0,500.0,phoenix_usa
2022-11-21 07:00:00,2.4466902870054547e-06,0,0.0,500.0,phoenix_usa
2022-11-21 08:00:00,2.346839528106966e-06,0,0.0,500.0,phoenix_usa
2022-11-21 09:00:00,2.251063732887186e-06,0,0.0,500.0,phoenix_usa
2022-11-21 10:00:00,2.1591965998661294e-06,0,0.0,500.0,phoenix_usa
2022-11-21 11:00:00,2.0710786144174908e-06,0,0.0,500.0,phoenix_usa
2022-11-21 12:00:00,1.9865567717934587e-06,0,0.0,500.0,phoenix_usa
2022-11-21 13:00:00,1.9054843114530489e-06,0,0.0,500.0,phoenix_usa
2022-11-21 14:00:00,1.827720462232631e-06,0,0.0,500.0,phoenix_usa
2022-11-21 15:00:00,1.7531301979161804e-06,0,0.0,500.0,phoenix_usa
2022-11-21 16:00:00,1.6815840027808563e-06,0,0.0,500.0,phoenix_usa
2022-11-21 17:00:00,1.6129576467107817e-06,0,0.0,500.0,phoenix_usa
2022-11-21 18:00:00,1.5471319694885479e-06,0,0.0,500.0,phoenix_usa
2022-11-21 19:00:00,1.4839926738899113e-06,0,0.0,500.0,phoenix_usa
2022-11-21 20:00:00,1.4234301272224032e-06,0,0.0,500.0,phoenix_usa
2022-11-21 21:00:00,1.3653391709632483e-06,0,0.0,500.0,phoenix_usa
2022-11-21 22:00:00,1.3096189381660782e-06,0,0.0,500.0,phoenix_usa
2022-11-21 23:00:00,1.2561726783193673e-06,0,0.0,500.0,phoenix_usa
2022-11-22 00:00:00,1.2049075893524858e-06,0,0.0,500.0,phoenix_usa
2022-11-22 01:00:00,1.1557346564976909e-06,0,0.0,500.0,phoenix_usa
2022-11-22 02:00:00,1.1085684977282372e-06,0,0.0,500.0,phoenix_usa
2022-11-22 03:00:00,1.0633272155042404e-06,0,0.0,500.0,phoenix_usa
2022-11-22 04:00:00,1.0199322545688833e-06,0,0.0,500.0,phoenix_usa
2022-11-22 05:00:00,9.783082655480272e-07,0,0.0,500.0,phoenix_usa
2022-11-22 06:00:00,9.383829741163947e-07,0,0.0,500.0,phoenix_usa
2022-11-22 07:00:00,9.000870555031627e-07,0,0.0,500.0,phoenix_usa
2022-11-22 08:00:00,8.633540141190418e-07,0,0.0,500.0,phoenix_usa
2022-11-22 09:00:00,8.281200680958389e-07,0,0.0,500.0,phoenix_usa
2022-11-22 10:00:00,7.943240385380299e-07,0,0.0,500.0,phoenix_usa
2022-11-22 11:00:00,7.619072432940316e-07,0,0.0,500.0,phoenix_usa
2022-11-22 12:00:00,7.308133950627224e-07,0,0.0,500.0,phoenix_usa
2022-11-22 13:00:00,7.009885036582982e-07,0,0.0,500.0,phoenix_usa
2022-11-22 14:00:00,6.723807822637504e-07,0,0.0,500.0,phoenix_usa
2022-11-22 15:00:00,6.449405575101846e-07,0,0.0,500.0,phoenix_usa
2022-11-22 16:00:00,6.186201832258585e-07,0,0.0,500.0,phoenix_usa
2022-11-22 17:00:00,5.933739577051671e-07,0,0.0,500.0,phoenix_usa
2022-11-22 18:00:00,5.691580443539201e-07,0,0.0,500.0,phoenix_usa
2022-11-22 19:00:00,5.45930395573135e-07,0,0.0,500.0,phoenix_usa
2022-11-22 20:00:00,5.236506797491726e-07,0,0.0,500.0,phoenix_usa
2022-11-22 21:00:00,5.022802112234402e-07,0,0.0,500.0,phoenix_usa
2022-11-22 22:00:00,0.022018314906946848,1,4.5,497.45115380774234,phoenix_usa
2022-11-22 23:00:00,0.0211197355220524,1,4.5,497.45115380774234,phoenix_usa
2022-11-23 00:00:00,0.02025782764968602,1,4.5,497.45115380774234,phoenix_usa
2022-11-23 01:00:00,0.01943109470551282,1,4.5,497.45115380774234,phoenix_usa
2022-11-23 02:00:00,0.018638101181617094,1,4.5,497.45115380774234,phoenix_usa
2022-11-23 03:00:00,0.01787747015394049,1,4.5,497.45115380774234,phoenix_usa
2022-11-23 04:00:00,0.017147880891442997,1,4.5,497.45115380774234,phoenix_usa
2022-11-23 05:00:00,0.01644806656283537,1,4.5,497.45115380774234,phoenix_usa
2022-11-23 06:00:00,0.01577681203690103,1,4.5,497.45115380774234,phoenix_usa
2022-11-23 07:00:00,0.015132951772588015,1,4.5,497.45115380774234,phoenix_usa
2022-11-23 08:00:00,0.014515367795207465,1,4.5,497.45115380774234,phoenix_usa
2022-11-23 09:00:00,0.013922987755224523,1,4.5,497.45115380774234,phoenix_usa
2022-11-23 10:00:00,0.013354783066270989,1,4.5,497.45115380774234,phoenix_usa
2022-11-23 11:00:00,0.012809767119146777,1,4.5,497.45115380774234,phoenix_usa
2022-11-23 12:00:00,0.01228699356870889,1,4.5,497.45115380774234,phoenix_usa
2022-11-23 13:00:00,0.011785554690673352,1,4.5,497.45115380774234,phoenix_usa
2022-11-23 14:00:00,0.01130457980547703,1,4.5,497.45115380774234,phoenix_usa
2022-11-23 15:00:00,0.01084323376646244,1,4.5,497.45115380774234,phoenix_usa
2022-11-23 16:00:00,0.010400715509760584,1,4.5,497.45115380774234,phoenix_usa
2022-11-23 17:00:00,0.009976256663353843,1,4.5,497.45115380774234,phoenix_usa
2022-11-23 18:00:00,0.009569120212903796,1,4.5,497.45115380774234,phoenix_usa
2022-11-23 19:00:00,0.009178599222027274,1,4.5,497.45115380774234,phoenix_usa
2022-11-23 20:00:00,0.008804015604798697,1,4.5,497.45115380774234,phoenix_usa
2022-11-23 21:00:00,0.008444718948347245,1,4.5,497.45115380774234,phoenix_usa
2022-11-23 22:00:00,0.008100085383504447,0,0.0,500.0,phoenix_usa
2022-11-23 23:00:00,0.007769516501541295,0,0.0,500.0,phoenix_usa
2022-11-24 00:00:00,0.007452438315113886,0,0.0,500.0,phoenix_usa
2022-11-24 01:00:00,0.007148300261613428,0,0.0,500.0,phoenix_usa
2022-11-24 02:00:00,0.006856574247190095,0,0.0,500.0,phoenix_usa
2022-11-24 03:00:00,0.006576753729790766,0,0.0,500.0,phoenix_usa
2022-11-24 04:00:00,0.006308352839618504,0,0.0,500.0,phoenix_usa
2022-11-24 05:00:00,0.006050905535486565,0,0.0,500.0,phoenix_usa
2022-11-24 06:00:00,0.005803964795602036,0,0.0,500.0,phoenix_usa
2022-11-24 07:00:00,0.005567101841374067,0,0.0,500.0,phoenix_usa
2022-11-24 08:00:00,1.0048611992805765,1,3.01,329.39840551674354,phoenix_usa
2022-11-24 09:00:00,0.9638522682079738,1,3.01,329.39840551674354,phoenix_usa
2022-11-24 10:00:00,0.9245169338758178,1,3.01,329.39840551674354,phoenix_usa
2022-11-24 11:00:00,0.8867868958925507,1,3.01,329.39840551674354,phoenix_usa
2022-11-24 12:00:00,0.8505966412426733,1,3.01,329.39840551674354,phoenix_usa
2022-11-24 13:00:00,0.8158833305324162,1,3.01,329.39840551674354,phoenix_usa
2022-11-24 14:00:00,0.782586688877784,1,3.01,329.39840551674354,phoenix_usa
2022-11-24 15:00:00,0.7506489012455196,1,3.01,329.39840551674354,phoenix_usa
2022-11-24 16:00:00,0.720014512065261,1,3.01,329.39840551674354,phoenix_usa
2022-11-24 17:00:00,0.6906303289385787,1,3.01,329.39840551674354,phoenix_usa
2022-11-24 18:00:00,0.662445330277701,1,3.01,329.39840551674354,phoenix_usa
2022-11-24 19:00:00,0.6354105767135516,1,3.01,329.39840551674354,phoenix_usa
2022-11-24 20:00:00,0.609479126119276,1,3.01,329.39840551674354,phoenix_usa
2022-11-24 21:00:00,0.5846059521017003,1,3.01,329.39840551674354,phoenix_usa
2022-11-24 22:00:00,0.5607478658192009,1,3.01,329.39840551674354,phoenix_usa
2022-11-24 23:00:00,0.537863440990227,1,3.01,329.39840551674354,phoenix_usa
2022-11-25 00:00:00,0.515912941962269,1,3.01,329.39840551674354,phoenix_usa
2022-11-25 01:00:00,0.49485825471636696,1,3.01,329.39840551674354,phoenix_usa
2022-11-25 02:00:00,0.47466282068736765,1,3.01,329.39840551674354,phoenix_usa
2022-11-25 03:00:00,0.45529157328500836,1,3.01,329.39840551674354,phoenix_usa
2022-11-25 04:00:00,0.4367108770056126,1,3.01,329.39840551674354,phoenix_usa
2022-11-25 05:00:00,0.4188884690286691,1,3.01,329.39840551674354,phoenix_usa
2022-11-25 06:00:00,0.40179340319688717,1,3.01,329.39840551674354,phoenix_usa
2022-11-25 07:00:00,0.3853959962824553,1,3.01,329.39840551674354,phoenix_usa
2022-11-25 08:00:00,0.3696677764462038,0,0.0,500.0,phoenix_usa
2022-11-25 09:00:00,0.35458143380017637,0,0.0,500.0,phoenix_usa
2022-11-25 10:00:00,0.340110772987771,0,0.0,500.0,phoenix_usa
2022-11-25 11:00:00,0.3262306676991096,0,0.0,500.0,phoenix_usa
2022-11-25 12:00:00,0.3129170170426605,0,0.0,500.0,phoenix_usa
2022-11-25 13:00:00,0.30014670369736046,0,0.0,500.0,phoenix_usa
2022-11-25 14:00:00,0.28789755377256854,0,0.0,500.0,phoenix_usa
2022-11-25 15:00:00,0.27614829830615895,0,0.0,500.0,phoenix_usa
2022-11-25 16:00:00,0.264878536333897,0,0.0,500.0,phoenix_usa
2022-11-25 17:00:00,0.2540686994659738,0,0.0,500.0,phoenix_usa
2022-11-25 18:00:00,0.24370001790919218,0,0.0,500.0,phoenix_usa
2022-11-25 19:00:00,0.23375448787580527,0,0.0,500.0,phoenix_usa
2022-11-25 20:00:00,0.22421484032241826,0,0.0,500.0,phoenix_usa
2022-11-25 21:00:00,0.21506451096467252,0,0.0,500.0,phoenix_usa
2022-11-25 22:00:00,0.20628761151564654,0,0.0,500.0,phoenix_usa
2022-11-25 23:00:00,0.1978689020980338,0,0.0,500.0,phoenix_usa
2022-11-26 00:00:00,0.18979376478219429,0,0.0,500.0,phoenix_usa
2022-11-26 01:00:00,0.18204817820413238,0,0.0,500.0,phoenix_usa
2022-11-26 02:00:00,0.17461869321932935,0,0.0,500.0,phoenix_usa
2022-11-26 03:00:00,0.16749240955015568,0,0.0,500.0,phoenix_usa
2022-11-26 04:00:00,0.16065695338631525,0,0.0,500.0,phoenix_usa
2022-11-26 05:00:00,0.15410045589942784,0,0.0,500.0,phoenix_usa
2022-11-26 06:00:00,0.14781153263444288,0,0.0,500.0,phoenix_usa
2022-11-26 07:00:00,0.14177926374210095,0,0.0,500.0,phoenix_usa
2022-11-26 08:00:00,0.13599317501811917,0,0.0,500.0,phoenix_usa
2022-11-26 09:00:00,0.13044321971617767,0,0.0,500.0,phoenix_usa
2022-11-26 10:00:00,0.1251197611031285,0,0.0,500.0,phoenix_usa
2022-11-26 11:00:00,0.12001355572613492,0,0.0,500.0,phoenix_usa
2022-11-26 12:00:00,0.11511573736268864,0,0.0,500.0,phoenix_usa
2022-11-26 13:00:00,0.11041780162563546,0,0.0,500.0,phoenix_usa
2022-11-26 14:00:00,0.10591159119647782,0,0.0,500.0,phoenix_usa
2022-11-26 15:00:00,0.10158928166131449,0,0.0,500.0,phoenix_usa
2022-11-26 16:00:00,0.0974433679248236,0,0.0,500.0,phoenix_usa
2022-11-26 17:00:00,0.09346665117869755,0,0.0,500.0,phoenix_usa
2022-11-26 18:00:00,0.08965222640190407,0,0.0,500.0,phoenix_usa
2022-11-26 19:00:00,0.08599347037106793,0,0.0,500.0,phoenix_usa
2022-11-26 20:00:00,0.08248403016015543,0,0.0,500.0,phoenix_usa
2022-11-26 21:00:00,0.07911781210949324,0,0.0,500.0,phoenix_usa
2022-11-26 22:00:00,0.07588897124496763,0,0.0,500.0,phoenix_usa
2022-11-26 23:00:00,0.07279190112903151,0,0.0,500.0,phoenix_usa
2022-11-27 00:00:00,0.0698212241258978,0,0.0,500.0,phoenix_usa
2022-11-27 01:00:00,0.06697178206401536,0,0.0,500.0,phoenix_usa
2022-11-27 02:00:00,0.06423862727961441,0,0.0,500.0,phoenix_usa
2022-11-27 03:00:00,0.06161701402576963,0,0.0,500.0,phoenix_usa
2022-11-27 04:00:00,0.05910239023206413,0,0.0,500.0,phoenix_usa
2022-11-27 05:00:00,0.05669038960054602,0,0.0,500.0,phoenix_usa
2022-11-27 06:00:00,0.05437682402425326,0,0.0,500.0,phoenix_usa
2022-11-27 07:00:00,0.052157676315142634,0,0.0,500.0,phoenix_usa
2022-11-27 08:00:00,0.05002909322879583,0,0.0,500.0,phoenix_usa
2022-11-27 09:00:00,0.04798737877379111,0,0.0,500.0,phoenix_usa
2022-11-27 10:00:00,0.04602898779412329,0,0.0,500.0,phoenix_usa
2022-11-27 11:00:00,0.04415051981352828,0,0.0,500.0,phoenix_usa
2022-11-27 12:00:00,0.04234871313102443,0,0.0,500.0,phoenix_usa
2022-11-27 13:00:00,0.04062043915741795,0,0.0,500.0,phoenix_usa
2022-11-27 14:00:00,0.0389626969829385,0,0.0,500.0,phoenix_usa
2022-11-27 15:00:00,0.03737260816657263,0,0.0,500.0,phoenix_usa
2022-11-27 16:00:00,0.03584741173804735,0,0.0,500.0,phoenix_usa
2022-11-27 17:00:00,0.0343844594037854,0,0.0,500.0,phoenix_usa
2022-11-27 18:00:00,0.03298121094850811,0,0.0,500.0,phoenix_usa
2022-11-27 19:00:00,0.031635229824501454,0,0.0,500.0,phoenix_usa
2022-11-27 20:00:00,0.030344178920886377,0,0.0,500.0,phoenix_usa
2022-11-27 21:00:00,0.029105816505547548,0,0.0,500.0,phoenix_usa
2022-11-27 22:00:00,0.027917992332674352,0,0.0,500.0,phoenix_usa
2022-11-27 23:00:00,0.026778643909154996,0,0.0,500.0,phoenix_usa
2022-11-28 00:00:00,0.0256857929133413,0,0.0,500.0,phoenix_usa
2022-11-28 01:00:00,0.024637541759965596,0,0.0,500.0,phoenix_usa
2022-11-28 02:00:00,0.023632070305245126,0,0.0,500.0,phoenix_usa
2022-11-28 03:00:00,0.022667632686453047,0,0.0,500.0,phoenix_usa
2022-11-28 04:00:00,0.02174255429046826,0,0.0,500.0,phoenix_usa
2022-11-28 05:00:00,0.020855228846040217,0,0.0,500.0,phoenix_usa
2022-11-28 06:00:00,0.020004115634720147,0,0.0,500.0,phoenix_usa
2022-11-28 07:00:00,0.019187736815615645,0,0.0,500.0,phoenix_usa
2022-11-28 08:00:00,0.018404674859323393,0,0.0,500.0,phoenix_usa
2022-11-28 09:00:00,0.017653570086584615,0,0.0,500.0,phoenix_usa
2022-11-28 10:00:00,0.016933118307389215,0,0.0,500.0,phoenix_usa
2022-11-28 11:00:00,0.016242068556429467,0,0.0,500.0,phoenix_usa
2022-11-28 12:00:00,0.01557922092097099,0,0.0,500.0,phoenix_usa
2022-11-28 13:00:00,0.01494342445736949,0,0.0,500.0,phoenix_usa
2022-11-28 14:00:00,0.014333575192615654,0,0.0,500.0,phoenix_usa
2022-11-28 15:00:00,0.01374861420743803,0,0.0,500.0,phoenix_usa
2022-11-28 16:00:00,0.013187525797635463,0,0.0,500.0,phoenix_usa
2022-11-28 17:00:00,0.012649335710446711,0,0.0,500.0,phoenix_usa
2022-11-28 18:00:00,0.01213310945289462,0,0.0,500.0,phoenix_usa
2022-11-28 19:00:00,0.011637950669167743,0,0.0,500.0,phoenix_usa
2022-11-28 20:00:00,0.011162999584221935,0,0.0,500.0,phoenix_usa
2022-11-28 21:00:00,0.010707431510899377,0,0.0,500.0,phoenix_usa
2022-11-28 22:00:00,0.01027045541797285,0,0.0,500.0,phoenix_usa
2022-11-28 23:00:00,0.009851312556628985,0,0.0,500.0,phoenix_usa
2022-11-29 00:00:00,0.009449275143005396,0,0.0,500.0,phoenix_usa
2022-11-29 01:00:00,0.009063645094494217,0,0.0,500.0,phoenix_usa
2022-11-29 02:00:00,0.008693752817617808,0,0.0,500.0,phoenix_usa
2022-11-29 03:00:00,0.008338956045371873,0,0.0,500.0,phoenix_usa
2022-11-29 04:00:00,0.007998638722017209,0,0.0,500.0,phoenix_usa
2022-11-29 05:00:00,0.007672209933383815,0,0.0,500.0,phoenix_usa
2022-11-29 06:00:00,0.007359102880829763,0,0.0,500.0,phoenix_usa
2022-11-29 07:00:00,0.007058773897073394,0,0.0,500.0,phoenix_usa
2022-11-29 08:00:00,0.006770701502189983,0,0.0,500.0,phoenix_usa
2022-11-29 09:00:00,0.0064943854981336395,0,0.0,500.0,phoenix_usa
2022-11-29 10:00:00,0.006229346100212263,0,0.0,500.0,phoenix_usa
2022-11-29 11:00:00,0.005975123104007527,0,0.0,500.0,phoenix_usa
2022-11-29 12:00:00,0.00573127508629325,0,0.0,500.0,phoenix_usa
2022-11-29 13:00:00,0.005497378638564751,0,0.0,500.0,phoenix_usa
2022-11-29 14:00:00,0.0052730276318482955,0,0.0,500.0,phoenix_usa
2022-11-29 15:00:00,0.005057832511514053,0,0.0,500.0,phoenix_usa
2022-11-29 16:00:00,0.004851419620868113,0,0.0,500.0,phoenix_usa
2022-11-29 17:00:00,0.004653430552349105,0,0.0,500.0,phoenix_usa
2022-11-29 18:00:00,0.0044635215252028185,0,0.0,500.0,phoenix_usa
2022-11-29 19:00:00,0.004281362788554241,0,0.0,500.0,phoenix_usa
2022-11-29 20:00:00,0.004106638048840608,0,0.0,500.0,phoenix_usa
2022-11-29 21:00:00,0.0039390439206111565,0,0.0,500.0,phoenix_usa
2022-11-29 22:00:00,0.0037782893997400646,0,0.0,500.0,phoenix_usa
2022-11-29 23:00:00,0.003624095358137883,0,0.0,500.0,phoenix_usa
2022-11-30 00:00:00,0.0034761940590840256,0,0.0,500.0,phoenix_usa
2022-11-30 01:00:00,0.0033343286923388175,0,0.0,500.0,phoenix_usa
2022-11-30 02:00:00,0.0031982529282278916,0,0.0,500.0,phoenix_usa
2022-11-30 03:00:00,0.003067730489924625,0,0.0,500.0,phoenix_usa
2022-11-30 04:00:00,0.002942534743187951,0,0.0,500.0,phoenix_usa
2022-11-30 05:00:00,0.0028224483028432266,0,0.0,500.0,phoenix_usa
2022-11-30 06:00:00,0.0027072626553228045,0,0.0,500.0,phoenix_usa
2022-11-30 07:00:00,0.002596777796610924,0,0.0,500.0,phoenix_usa
2022-11-30 08:00:00,0.0024908018849642954,0,0.0,500.0,phoenix_usa
2022-11-30 09:00:00,0.0023891509078053184,0,0.0,500.0,phoenix_usa
2022-11-30 10:00:00,0.002291648362209589,0,0.0,500.0,phoenix_usa
2022-11-30 11:00:00,0.0021981249484328605,0,0.0,500.0,phoenix_usa
2022-11-30 12:00:00,0.002108418275945367,0,0.0,500.0,phoenix_usa
2022-11-30 13:00:00,0.0020223725814630233,0,0.0,500.0,phoenix_usa
2022-11-30 14:00:00,0.0019398384584859232,0,0.0,500.0,phoenix_usa
2022-11-30 15:00:00,0.0018606725978745397,0,0.0,500.0,phoenix_usa
2022-11-30 16:00:00,0.0017847375390131306,0,0.0,500.0,phoenix_usa
2022-11-30 17:00:00,0.0017119014311283035,0,0.0,500.0,phoenix_usa
2022-11-30 18:00:00,0.0016420378043483135,0,0.0,500.0,phoenix_usa
2022-11-30 19:00:00,0.0015750253501055412,0,0.0,500.0,phoenix_usa
2022-11-30 20:00:00,0.0015107477105008639,0,0.0,500.0,phoenix_usa
2022-11-30 21:00:00,0.0014490932762641962,0,0.0,500.0,phoenix_usa
2022-11-30 22:00:00,0.0013899549929603577,0,0.0,500.0,phoenix_usa
2022-11-30 23:00:00,0.0013332301751037814,0,0.0,500.0,phoenix_usa
2022-12-01 00:00:00,0.0012788203278593171,0,0.0,500.0,phoenix_usa
2022-12-01 01:00:00,0.0012266309760195085,0,0.0,500.0,phoenix_usa
2022-12-01 02:00:00,0.001176571499961405,0,0.0,500.0,phoenix_usa
2022-12-01 03:00:00,0.001128554978298064,0,0.0,500.0,phoenix_usa
2022-12-01 04:00:00,0.0010824980369515357,0,0.0,500.0,phoenix_usa
2022-12-01 05:00:00,0.001038320704385251,0,0.0,500.0,phoenix_usa
2022-12-01 06:00:00,0.000995946272744467,0,0.0,500.0,phoenix_usa
2022-12-01 07:00:00,0.0009553011646636351,0,0.0,500.0,phoenix_usa
2022-12-01 08:00:00,0.14393475694801147,1,3.4,478.82739770602024,phoenix_usa
2022-12-01 09:00:00,0.13806070137609883,1,3.4,478.82739770602024,phoenix_usa
2022-12-01 10:00:00,0.13242636920104708,1,3.4,478.82739770602024,phoenix_usa
2022-12-01 11:00:00,0.1270219771808867,1,3.4,478.82739770602024,phoenix_usa
2022-12-01 12:00:00,0.12183814133306403,1,3.4,478.82739770602024,phoenix_usa
2022-12-01 13:00:00,0.11686586064044813,1,3.4,478.82739770602024,phoenix_usa
2022-12-01 14:00:00,0.11209650142230362,1,3.4,478.82739770602024,phoenix_usa
2022-12-01 15:00:00,0.10752178234309316,1,3.4,478.82739770602024,phoenix_usa
2022-12-01 16:00:00,1.0309004826994947,2,3.82,375.8784091219974,phoenix_usa
2022-12-01 17:00:00,0.9888288743340768,2,3.82,375.8784091219974,phoenix_usa
2022-12-01 18:00:00,0.9484742311463435,2,3.82,375.8784091219974,phoenix_usa
2022-12-01 19:00:00,0.9097664828552685,2,3.82,375.8784091219974,phoenix_usa
2022-12-01 20:00:00,0.872638418786035,2,3.82,375.8784091219974,phoenix_usa
2022-12-01 21:00:00,0.8370255711679536,2,3.82,375.8784091219974,phoenix_usa
2022-12-01 22:00:00,0.8028661031950557,2,3.82,375.8784091219974,phoenix_usa
2022-12-01 23:00:00,0.770100701654995,2,3.82,375.8784091219974,phoenix_usa
2022-12-02 00:00:00,0.7386724739398209,2,3.82,375.8784091219974,phoenix_usa
2022-12-02 01:00:00,0.708526849259801,2,3.82,375.8784091219974,phoenix_usa
2022-12-02 02:00:00,0.6796114838887567,2,3.82,375.8784091219974,phoenix_usa
2022-12-02 03:00:00,0.6518761702763923,2,3.82,375.8784091219974,phoenix_usa
2022-12-02 04:00:00,0.6252727498697968,2,3.82,375.8784091219974,phoenix_usa
2022-12-02 05:00:00,0.5997550294927485,2,3.82,375.8784091219974,phoenix_usa
2022-12-02 06:00:00,0.5752787011376245,2,3.82,375.8784091219974,phoenix_usa
2022-12-02 07:00:00,0.5518012650306483,2,3.82,375.8784091219974,phoenix_usa
2022-12-02 08:00:00,0.5292819558368831,1,3.82,375.8784091219974,phoenix_usa
2022-12-02 09:00:00,0.5076816718768428,1,3.82,375.8784091219974,phoenix_usa
2022-12-02 10:00:00,0.4869629072318084,1,3.82,375.8784091219974,phoenix_usa
2022-12-02 11:00:00,0.467089686619966,1,3.82,375.8784091219974,phoenix_usa
2022-12-02 12:00:00,0.44802750293028265,1,3.82,375.8784091219974,phoenix_usa
2022-12-02 13:00:00,0.42974325730566065,1,3.82,375.8784091219974,phoenix_usa
2022-12-02 14:00:00,0.41220520167132935,1,3.82,375.8784091219974,phoenix_usa
2022-12-02 15:00:00,0.3953828836086852,1,3.82,375.8784091219974,phoenix_usa
2022-12-02 16:00:00,0.3792470934788603,0,0.0,500.0,phoenix_usa
2022-12-02 17:00:00,0.3637698137042065,0,0.0,500.0,phoenix_usa
2022-12-02 18:00:00,0.34892417011963023,0,0.0,500.0,phoenix_usa
2022-12-02 19:00:00,0.3346843853093048,0,0.0,500.0,phoenix_usa
2022-12-02 20:00:00,0.3210257338477375,0,0.0,500.0,phoenix_usa
2022-12-02 21:00:00,0.3079244993674741,0,0.0,500.0,phoenix_usa
2022-12-02 22:00:00,0.2953579333788907,0,0.0,500.0,phoenix_usa
2022-12-02 23:00:00,0.28330421577057524,0,0.0,500.0,phoenix_usa
2022-12-03 00:00:00,0.2717424169217082,0,0.0,500.0,phoenix_usa
2022-12-03 01:00:00,0.26065246136065834,0,0.0,500.0,phoenix_usa
2022-12-03 02:00:00,0.2500150929066905,0,0.0,500.0,phoenix_usa
2022-12-03 03:00:00,0.2398118412342592,0,0.0,500.0,phoenix_usa
2022-12-03 04:00:00,0.23002498980183192,0,0.0,500.0,phoenix_usa
2022-12-03 05:00:00,0.22063754508955424,0,0.0,500.0,phoenix_usa
2022-12-03 06:00:00,0.21163320709234248,0,0.0,500.0,phoenix_usa
2022-12-03 07:00:00,0.2029963410171698,0,0.0,500.0,phoenix_usa
2022-12-03 08:00:00,0.1947119501354006,0,0.0,500.0,phoenix_usa
2022-12-03 09:00:00,0.18676564974303653,0,0.0,500.0,phoenix_usa
2022-12-03 10:00:00,0.17914364218365858,0,0.0,500.0,phoenix_usa
2022-12-03 11:00:00,0.17183269289069728,0,0.0,500.0,phoenix_usa
2022-12-03 12:00:00,0.16482010740742914,0,0.0,500.0,phoenix_usa
2022-12-03 13:00:00,0.1580937093448018,0,0.0,500.0,phoenix_usa
2022-12-03 14:00:00,0.15164181923881034,0,0.0,500.0,phoenix_usa
2022-12-03 15:00:00,0.14545323427071655,0,0.0,500.0,phoenix_usa
2022-12-03 16:00:00,0.1395172088148969,0,0.0,500.0,phoenix_usa
2022-12-03 17:00:00,0.1338234357805432,0,0.0,500.0,phoenix_usa
2022-12-03 18:00:00,0.12836202871481886,0,0.0,500.0,phoenix_usa
2022-12-03 19:00:00,0.12312350463639475,0,0.0,500.0,phoenix_usa
2022-12-03 20:00:00,0.1180987675695579,0,0.0,500.0,phoenix_usa
2022-12-03 21:00:00,0.11327909275030254,0,0.0,500.0,phoenix_usa
2022-12-03 22:00:00,0.10865611147697843,0,0.0,500.0,phoenix_usa
2022-12-03 23:00:00,0.10422179657919291,0,0.0,500.0,phoenix_usa
2022-12-04 00:00:00,0.0999684484797351,0,0.0,500.0,phoenix_usa
2022-12-04 01:00:00,0.09588868182531997,0,0.0,500.0,phoenix_usa
2022-12-04 02:00:00,0.09197541266293952,0,0.0,500.0,phoenix_usa
2022-12-04 03:00:00,0.08822184613955392,0,0.0,500.0,phoenix_usa
2022-12-04 04:00:00,0.08462146470376467,0,0.0,500.0,phoenix_usa
2022-12-04 05:00:00,0.08116801678898411,0,0.0,500.0,phoenix_usa
2022-12-04 06:00:00,0.07785550595845106,0,0.0,500.0,phoenix_usa
2022-12-04 07:00:00,0.07467818049324397,0,0.0,500.0,phoenix_usa
2022-12-04 08:00:00,0.0716305234052129,0,0.0,500.0,phoenix_usa
2022-12-04 09:00:00,0.06870724285748954,0,0.0,500.0,phoenix_usa
2022-12-04 10:00:00,0.06590326297594114,0,0.0,500.0,phoenix_usa
2022-12-04 11:00:00,0.06321371503561377,0,0.0,500.0,phoenix_usa
2022-12-04 12:00:00,0.060633929006862104,0,0.0,500.0,phoenix_usa
2022-12-04 13:00:00,0.05815942544648609,0,0.0,500.0,phoenix_usa
2022-12-04 14:00:00,0.0557859077197944,0,0.0,500.0,phoenix_usa
2022-12-04 15:00:00,0.05350925454009005,0,0.0,500.0,phoenix_usa
2022-12-04 16:00:00,0.05132551281262368,0,0.0,500.0,phoenix_usa
2022-12-04 17:00:00,0.04923089077058863,0,0.0,500.0,phoenix_usa
2022-12-04 18:00:00,0.04722175139124017,0,0.0,500.0,phoenix_usa
2022-12-04 19:00:00,0.045294606080706366,0,0.0,500.0,phoenix_usa
2022-12-04 20:00:00,0.04344610861652501,0,0.0,500.0,phoenix_usa
2022-12-04 21:00:00,0.04167304933738926,0,0.0,500.0,phoenix_usa
2022-12-04 22:00:00,0.03997234957001274,0,0.0,500.0,phoenix_usa
2022-12-04 23:00:00,0.038341056283437217,0,0.0,500.0,phoenix_usa
2022-12-05 00:00:00,0.03677633696150106,0,0.0,500.0,phoenix_usa
2022-12-05 01:00:00,0.03527547468456494,0,0.0,500.0,phoenix_usa
2022-12-05 02:00:00,0.03383586341195499,0,0.0,500.0,phoenix_usa
2022-12-05 03:00:00,0.03245500345693206,0,0.0,500.0,phoenix_usa
2022-12-05 04:00:00,0.03113049714632986,0,0.0,500.0,phoenix_usa
2022-12-05 05:00:00,0.029860044657325717,0,0.0,500.0,phoenix_usa
2022-12-05 06:00:00,0.028641440024114867,0,0.0,500.0,phoenix_usa
2022-12-05 07:00:00,0.02747256730755469,0,0.0,500.0,phoenix_usa
2022-12-05 08:00:00,0.026351396921127646,0,0.0,500.0,phoenix_usa
2022-12-05 09:00:00,0.02527598210684383,0,0.0,500.0,phoenix_usa
2022-12-05 10:00:00,0.024244455554963826,0,0.0,500.0,phoenix_usa
2022-12-05 11:00:00,0.023255026161672382,0,0.0,500.0,phoenix_usa
2022-12-05 12:00:00,0.022305975919073344,0,0.0,500.0,phoenix_usa
2022-12-05 13:00:00,0.021395656932105468,0,0.0,500.0,phoenix_usa
2022-12-05 14:00:00,0.02052248855719962,0,0.0,500.0,phoenix_usa
2022-12-05 15:00:00,0.019684954657708795,0,0.0,500.0,phoenix_usa
2022-12-05 16:00:00,0.0188816009713457,0,0.0,500.0,phoenix_usa
2022-12-05 17:00:00,0.018111032585056457,0,0.0,500.0,phoenix_usa
2022-12-05 18:00:00,0.01737191151294622,0,0.0,500.0,phoenix_usa
2022-12-05 19:00:00,0.016662954373050872,0,0.0,500.0,phoenix_usa
2022-12-05 20:00:00,0.015982930158921004,0,0.0,500.0,phoenix_usa
2022-12-05 21:00:00,0.015330658102148714,0,0.0,500.0,phoenix_usa
2022-12-05 22:00:00,0.01470500562212583,0,0.0,500.0,phoenix_usa
2022-12-05 23:00:00,0.0141048863594737,0,0.0,500.0,phoenix_usa
2022-12-06 00:00:00,0.013529258289729671,0,0.0,500.0,phoenix_usa
2022-12-06 01:00:00,0.012977121914015106,0,0.0,500.0,phoenix_usa
2022-12-06 02:00:00,0.01244751852354325,0,0.0,500.0,phoenix_usa
2022-12-06 03:00:00,0.011939528534953394,0,0.0,500.0,phoenix_usa
2022-12-06 04:00:00,0.011452269893581009,0,0.0,500.0,phoenix_usa
2022-12-06 05:00:00,0.010984896541891293,0,0.0,500.0,phoenix_usa
2022-12-06 06:00:00,0.010536596950416765,0,0.0,500.0,phoenix_usa
2022-12-06 07:00:00,0.010106592708648054,0,0.0,500.0,phoenix_usa
2022-12-06 08:00:00,0.009694137173431297,0,0.0,500.0,phoenix_usa
2022-12-06 09:00:00,0.009298514172525089,0,0.0,500.0,phoenix_usa
2022-12-06 10:00:00,0.008919036761065962,0,0.0,500.0,phoenix_usa
2022-12-06 11:00:00,0.008555046028783306,0,0.0,500.0,phoenix_usa
2022-12-06 12:00:00,0.008205909955892352,0,0.0,500.0,phoenix_usa
2022-12-06 13:00:00,0.007871022315678855,0,0.0,500.0,phoenix_usa
2022-12-06 14:00:00,0.0075498016218699115,0,0.0,500.0,phoenix_usa
2022-12-06 15:00:00,0.007241690118963096,0,0.0,500.0,phoenix_usa
2022-12-06 16:00:00,0.00694615281376082,0,0.0,500.0,phoenix_usa
2022-12-06 17:00:00,0.0066626765464283515,0,0.0,500.0,phoenix_usa
2022-12-06 18:00:00,0.006390769099462402,0,0.0,500.0,phoenix_usa
2022-12-06 19:00:00,0.0061299583430231945,0,0.0,500.0,phoenix_usa
2022-12-06 20:00:00,0.005879791415146048,0,0.0,500.0,phoenix_usa
2022-12-06 21:00:00,0.005639833935408914,0,0.0,500.0,phoenix_usa
2022-12-06 22:00:00,0.00540966925069057,0,0.0,500.0,phoenix_usa
2022-12-06 23:00:00,0.0051888977117098825,0,0.0,500.0,phoenix_usa
2022-12-07 00:00:00,0.004977135979089856,0,0.0,500.0,phoenix_usa
2022-12-07 01:00:00,0.004774016357741554,0,0.0,500.0,phoenix_usa
2022-12-07 02:00:00,0.0045791861584122675,0,0.0,500.0,phoenix_usa
2022-12-07 03:00:00,0.0043923070852891445,0,0.0,500.0,phoenix_usa
2022-12-07 04:00:00,0.004213054648595114,0,0.0,500.0,phoenix_usa
2022-12-07 05:00:00,0.004041117601157078,0,0.0,500.0,phoenix_usa
2022-12-07 06:00:00,0.003876197397968043,0,0.0,500.0,phoenix_usa
2022-12-07 07:00:00,0.00371800767780482,0,0.0,500.0,phoenix_usa
2022-12-07 08:00:00,0.0035662737660012113,0,0.0,500.0,phoenix_usa
2022-12-07 09:00:00,0.003420732197513266,0,0.0,500.0,phoenix_usa
2022-12-07 10:00:00,0.0032811302594484976,0,0.0,500.0,phoenix_usa
2022-12-07 11:00:00,0.00314722555226477,0,0.0,500.0,phoenix_usa
2022-12-07 12:00:00,0.003018785568876853,0,0.0,500.0,phoenix_usa
2022-12-07 13:00:00,0.0028955872909398896,0,0.0,500.0,phoenix_usa
2022-12-07 14:00:00,0.002777416801608751,0,0.0,500.0,phoenix_usa
2022-12-07 15:00:00,0.0026640689141008995,0,0.0,500.0,phoenix_usa
2022-12-07 16:00:00,0.0025553468154177715,0,0.0,500.0,phoenix_usa
2022-12-07 17:00:00,0.002451061724606137,0,0.0,500.0,phoenix_usa
2022-12-07 18:00:00,0.0023510325649659506,0,0.0,500.0,phoenix_usa
2022-12-07 19:00:00,0.002255085649635594,0,0.0,500.0,phoenix_usa
2022-12-07 20:00:00,0.0021630543800085725,0,0.0,500.0,phoenix_usa
2022-12-07 21:00:00,0.0020747789564579673,0,0.0,500.0,phoenix_usa
2022-12-07 22:00:00,0.0019901061008663814,0,0.0,500.0,phoenix_usa
2022-12-07 23:00:00,0.0019088887904796078,0,0.0,500.0,phoenix_usa
2022-12-08 00:00:00,0.0018309860026218554,0,0.0,500.0,phoenix_usa
2022-12-08 01:00:00,0.001756262469829288,0,0.0,500.0,phoenix_usa
2022-12-08 02:00:00,0.0016845884449767084,0,0.0,500.0,phoenix_usa
2022-12-08 03:00:00,0.001615839475989537,0,0.0,500.0,phoenix_usa
2022-12-08 04:00:00,0.0015498961897499183,0,0.0,500.0,phoenix_usa
2022-12-08 05:00:00,0.0014866440848217454,0,0.0,500.0,phoenix_usa
2022-12-08 06:00:00,0.0014259733326346823,0,0.0,500.0,phoenix_usa
2022-12-08 07:00:00,0.0013677785867819694,0,0.0,500.0,phoenix_usa
2022-12-08 08:00:00,0.0013119588001009007,0,0.0,500.0,phoenix_usa
2022-12-08 09:00:00,0.0012584170492183403,0,0.0,500.0,phoenix_usa
2022-12-08 10:00:00,0.0012070603662566227,0,0.0,500.0,phoenix_usa
2022-12-08 11:00:00,0.0011577995774076475,0,0.0,500.0,phoenix_usa
2022-12-08 12:00:00,0.0011105491480948317,0,0.0,500.0,phoenix_usa
2022-12-08 13:00:00,0.001065227034454097,0,0.0,500.0,phoenix_usa
2022-12-08 14:00:00,0.0010217545408760023,0,0.0,500.0,phoenix_usa
2022-12-08 15:00:00,0.0009800561833616498,0,0.0,500.0,phoenix_usa
2022-12-08 16:00:00,0.0009400595584551149,0,0.0,500.0,phoenix_usa
2022-12-08 17:00:00,0.0009016952175248174,0,0.0,500.0,phoenix_usa
2022-12-08 18:00:00,0.0008648965461755363,0,0.0,500.0,phoenix_usa
2022-12-08 19:00:00,0.0008295996485816812,0,0.0,500.0,phoenix_usa
2022-12-08 20:00:00,0.0007957432365409943,0,0.0,500.0,phoenix_usa
2022-12-08 21:00:00,0.0007632685230560254,0,0.0,500.0,phoenix_usa
2022-12-08 22:00:00,0.0007321191202586025,0,0.0,500.0,phoenix_usa
2022-12-08 23:00:00,0.0007022409415000686,0,0.0,500.0,phoenix_usa
2022-12-09 00:00:00,0.0006735821074372612,0,0.0,500.0,phoenix_usa
2022-12-09 01:00:00,0.0006460928559511755,0,0.0,500.0,phoenix_usa
2022-12-09 02:00:00,0.0006197254557419005,0,0.0,500.0,phoenix_usa
2022-12-09 03:00:00,0.5497973540869739,1,3.28,413.72404975604655,phoenix_usa
2022-12-09 04:00:00,0.5273598255867252,1,3.28,413.72404975604655,phoenix_usa
2022-12-09 05:00:00,0.5058379848057006,1,3.28,413.72404975604655,phoenix_usa
2022-12-09 06:00:00,0.4851944620309606,1,3.28,413.72404975604655,phoenix_usa
2022-12-09 07:00:00,0.46539341262783734,1,3.28,413.72404975604655,phoenix_usa
2022-12-09 08:00:00,0.4464004548006644,1,3.28,413.72404975604655,phoenix_usa
2022-12-09 09:00:00,0.42818260989352175,1,3.28,413.72404975604655,phoenix_usa
2022-12-09 10:00:00,0.41070824512734105,1,3.28,413.72404975604655,phoenix_usa
2022-12-09 11:00:00,0.3939470186739411,1,3.28,413.72404975604655,phoenix_usa
2022-12-09 12:00:00,0.37786982697162114,1,3.28,413.72404975604655,phoenix_usa
2022-12-09 13:00:00,0.3624487541908332,1,3.28,413.72404975604655,phoenix_usa
2022-12-09 14:00:00,0.3476570237621887,1,3.28,413.72404975604655,phoenix_usa
2022-12-09 15:00:00,0.3334689518826326,1,3.28,413.72404975604655,phoenix_usa
2022-12-09 16:00:00,0.3198599029190557,1,3.28,413.72404975604655,phoenix_usa
2022-12-09 17:00:00,0.30680624663191064,1,3.28,413.72404975604655,phoenix_usa
2022-12-09 18:00:00,0.2942853171445547,1,3.28,413.72404975604655,phoenix_usa
2022-12-09 19:00:00,0.28227537358707605,1,3.28,413.72404975604655,phoenix_usa
2022-12-09 20:00:00,0.27075556234626663,1,3.28,413.72404975604655,phoenix_usa
2022-12-09 21:00:00,0.25970588085619495,1,3.28,413.72404975604655,phoenix_usa
2022-12-09 22:00:00,0.24910714286650415,1,3.28,413.72404975604655,phoenix_usa
2022-12-09 23:00:00,0.23894094512813063,1,3.28,413.72404975604655,phoenix_usa
2022-12-10 00:00:00,0.22918963543859597,1,3.28,413.72404975604655,phoenix_usa
2022-12-10 01:00:00,0.21983628199138816,1,3.28,413.72404975604655,phoenix_usa
2022-12-10 02:00:00,0.21086464397621105,1,3.28,413.72404975604655,phoenix_usa
2022-12-10 03:00:00,0.20225914337905354,0,0.0,500.0,phoenix_usa
2022-12-10 04:00:00,0.19400483793311374,0,0.0,500.0,phoenix_usa
2022-12-10 05:00:00,0.1860873951736097,0,0.0,500.0,phoenix_usa
2022-12-10 06:00:00,0.17849306755142838,0,0.0,500.0,phoenix_usa
2022-12-10 07:00:00,0.1712086685623993,0,0.0,500.0,phoenix_usa
2022-12-10 08:00:00,0.16422154985074613,0,0.0,500.0,phoenix_usa
2022-12-10 09:00:00,0.16520512378843624,1,4.4,499.1042250176153,phoenix_usa
2022-12-10 10:00:00,0.15846301299827817,1,4.4,499.1042250176153,phoenix_usa
2022-12-10 11:00:00,0.15199605140969674,1,4.4,499.1042250176153,phoenix_usa
2022-12-10 12:00:00,0.14579301003439968,1,4.4,499.1042250176153,phoenix_usa
2022-12-10 13:00:00,0.13984311814520295,1,4.4,499.1042250176153,phoenix_usa
2022-12-10 14:00:00,0.1341360445741463,1,4.4,499.1042250176153,phoenix_usa
2022-12-10 15:00:00,0.12866187977384252,1,4.4,499.1042250176153,phoenix_usa
2022-12-10 16:00:00,0.12341111861091322,1,4.4,499.1042250176153,phoenix_usa
2022-12-10 17:00:00,0.11837464386163332,1,4.4,499.1042250176153,phoenix_usa
2022-12-10 18:00:00,0.11354371038112766,1,4.4,499.1042250176153,phoenix_usa
2022-12-10 19:00:00,0.10890992991863105,1,4.4,499.1042250176153,phoenix_usa
2022-12-10 20:00:00,0.104465256552446,1,4.4,499.1042250176153,phoenix_usa
2022-12-10 21:00:00,0.10020197271930752,1,4.4,499.1042250176153,phoenix_usa
2022-12-10 22:00:00,0.09611267581389724,1,4.4,499.1042250176153,phoenix_usa
2022-12-10 23:00:00,0.0921902653352387,1,4.4,499.1042250176153,phoenix_usa
2022-12-11 00:00:00,0.08842793055765501,1,4.4,499.1042250176153,phoenix_usa
2022-12-11 01:00:00,0.08481913870488168,1,4.4,499.1042250176153,phoenix_usa
2022-12-11 02:00:00,0.08135762360680016,1,4.4,499.1042250176153,phoenix_usa
2022-12-11 03:00:00,0.07803737481909624,1,4.4,499.1042250176153,phoenix_usa
2022-12-11 04:00:00,0.07485262718695125,1,4.4,499.1042250176153,phoenix_usa
2022-12-11 05:00:00,0.07179785083464447,1,4.4,499.1042250176153,phoenix_usa
2022-12-11 06:00:00,0.06886774156368553,1,4.4,499.1042250176153,phoenix_usa
2022-12-11 07:00:00,0.06605721164280398,1,4.4,499.1042250176153,phoenix_usa
2022-12-11 08:00:00,0.06336138097380457,1,4.4,499.1042250176153,phoenix_usa
2022-12-11 09:00:00,0.060775568617948895,0,0.0,500.0,phoenix_usa
2022-12-11 10:00:00,0.05829528466814958,0,0.0,500.0,phoenix_usa
2022-12-11 11:00:00,0.055916222452865046,0,0.0,500.0,phoenix_usa
2022-12-11 12:00:00,0.05363425105815743,0,0.0,500.0,phoenix_usa
2022-12-11 13:00:00,0.05144540815492926,0,0.0,500.0,phoenix_usa
2022-12-11 14:00:00,0.04934589311888462,0,0.0,500.0,phoenix_usa
2022-12-11 15:00:00,0.047332060431268495,0,0.0,500.0,phoenix_usa
2022-12-11 16:00:00,0.045400413348925354,0,0.0,500.0,phoenix_usa
2022-12-11 17:00:00,0.04354759783268618,0,0.0,500.0,phoenix_usa
2022-12-11 18:00:00,0.04177039672354133,0,0.0,500.0,phoenix_usa
2022-12-11 19:00:00,0.04006572415648694,0,0.0,500.0,phoenix_usa
2022-12-11 20:00:00,0.03843062020234519,0,0.0,500.0,phoenix_usa
2022-12-11 21:00:00,0.03686224572825496,0,0.0,500.0,phoenix_usa
2022-12-11 22:00:00,0.16525359072867424,1,3.3,480.29505013451563,phoenix_usa
2022-12-11 23:00:00,0.1585095019763727,1,3.3,480.29505013451563,phoenix_usa
2022-12-12 00:00:00,0.1520406431473568,1,3.3,480.29505013451563,phoenix_usa
2022-12-12 01:00:00,0.1458357819590374,1,3.3,480.29505013451563,phoenix_usa
2022-12-12 02:00:00,0.13988414452437573,1,3.3,480.29505013451563,phoenix_usa
2022-12-12 03:00:00,0.1341753966445122,1,3.3,480.29505013451563,phoenix_usa
2022-12-12 04:00:00,0.12869962586485295,1,3.3,480.29505013451563,phoenix_usa
2022-12-12 05:00:00,0.12344732426345749,1,3.3,480.29505013451563,phoenix_usa
2022-12-12 06:00:00,0.1184093719418415,1,3.3,480.29505013451563,phoenix_usa
2022-12-12 07:00:00,0.11357702118952899,1,3.3,480.29505013451563,phoenix_usa
2022-12-12 08:00:00,0.10894188129485738,1,3.3,480.29505013451563,phoenix_usa
2022-12-12 09:00:00,0.10449590397566244,1,3.3,480.29505013451563,phoenix_usa
2022-12-12 10:00:00,0.10023136940454429,1,3.3,480.29505013451563,phoenix_usa
2022-12-12 11:00:00,0.09614087280445031,1,3.3,480.29505013451563,phoenix_usa
2022-12-12 12:00:00,0.09221731159129938,1,3.3,480.29505013451563,phoenix_usa
2022-12-12 13:00:00,0.08845387304132273,1,3.3,480.29505013451563,phoenix_usa
2022-12-12 14:00:00,0.08484402246170698,1,3.3,480.29505013451563,phoenix_usa
2022-12-12 15:00:00,0.08138149184400024,1,3.3,480.29505013451563,phoenix_usa
2022-12-12 16:00:00,0.07806026898057833,1,3.3,480.29505013451563,phoenix_usa
2022-12-12 17:00:00,0.07487458702527423,1,3.3,480.29505013451563,phoenix_usa
2022-12-12 18:00:00,0.07181891448004371,1,3.3,480.29505013451563,phoenix_usa
2022-12-12 19:00:00,0.06888794559028076,1,3.3,480.29505013451563,phoenix_usa
2022-12-12 20:00:00,0.06607659113210525,1,3.3,480.29505013451563,phoenix_usa
2022-12-12 21:00:00,0.06337996957562653,1,3.3,480.29505013451563,phoenix_usa
2022-12-12 22:00:00,0.060793398608838915,0,0.0,500.0,phoenix_usa
2022-12-12 23:00:00,0.058312387007431625,0,0.0,500.0,phoenix_usa
2022-12-13 00:00:00,0.0559326268363963,0,0.0,500.0,phoenix_usa
2022-12-13 01:00:00,0.05364998596989099,0,0.0,500.0,phoenix_usa
2022-12-13 02:00:00,0.051460500916372616,0,0.0,500.0,phoenix_usa
2022-12-13 03:00:00,0.04936036993653975,0,0.0,500.0,phoenix_usa
2022-12-13 04:00:00,0.0473459464421358,0,0.0,500.0,phoenix_usa
2022-12-13 05:00:00,0.045413732664150566,0,0.0,500.0,phoenix_usa
2022-12-13 06:00:00,0.043560373579426125,0,0.0,500.0,phoenix_usa
2022-12-13 07:00:00,0.04178265108512099,0,0.0,500.0,phoenix_usa
2022-12-13 08:00:00,0.04007747841091775,0,0.0,500.0,phoenix_usa
2022-12-13 09:00:00,0.0384418947592714,0,0.0,500.0,phoenix_usa
2022-12-13 10:00:00,0.03687306016439215,0,0.0,500.0,phoenix_usa
2022-12-13 11:00:00,0.035368250561035895,0,0.0,500.0,phoenix_usa
2022-12-13 12:00:00,0.033924853054539995,0,0.0,500.0,phoenix_usa
2022-12-13 13:00:00,0.032540361383891506,0,0.0,500.0,phoenix_usa
2022-12-13 14:00:00,0.03121237156995006,0,0.0,500.0,phoenix_usa
2022-12-13 15:00:00,0.029938577741269092,0,0.0,500.0,phoenix_usa
2022-12-13 16:00:00,0.02871676813026763,0,0.0,500.0,phoenix_usa
2022-12-13 17:00:00,0.02754482123280041,0,0.0,500.0,phoenix_usa
2022-12-13 18:00:00,0.02642070212445809,0,0.0,500.0,phoenix_usa
2022-12-13 19:00:00,0.025342458927201206,0,0.0,500.0,phoenix_usa
2022-12-13 20:00:00,0.024308219420192758,0,0.0,500.0,phoenix_usa
2022-12-13 21:00:00,0.023316187788944506,0,0.0,500.0,phoenix_usa
2022-12-13 22:00:00,0.022364641507132396,0,0.0,500.0,phoenix_usa
2022-12-13 23:00:00,0.02145192834566682,0,0.0,500.0,phoenix_usa
2022-12-14 00:00:00,0.020576463503824284,0,0.0,500.0,phoenix_usa
2022-12-14 01:00:00,0.019736726857459218,0,0.0,500.0,phoenix_usa
2022-12-14 02:00:00,0.018931260319517657,0,0.0,500.0,phoenix_usa
2022-12-14 03:00:00,0.018158665308269907,0,0.0,500.0,phoenix_usa
2022-12-14 04:00:00,0.01741760031886595,0,0.0,500.0,phoenix_usa
2022-12-14 05:00:00,0.01670677859399699,0,0.0,500.0,phoenix_usa
2022-12-14 06:00:00,0.016024965889618534,0,0.0,500.0,phoenix_usa
2022-12-14 07:00:00,0.01537097833185566,0,0.0,500.0,phoenix_usa
2022-12-14 08:00:00,0.014743680361368965,0,0.0,500.0,phoenix_usa
2022-12-14 09:00:00,0.014141982761612156,0,0.0,500.0,phoenix_usa
2022-12-14 10:00:00,0.013564840767557554,0,0.0,500.0,phoenix_usa
2022-12-14 11:00:00,0.013011252251605439,0,0.0,500.0,phoenix_usa
2022-12-14 12:00:00,0.012480255983527469,0,0.0,500.0,phoenix_usa
2022-12-14 13:00:00,0.011970929961422789,0,0.0,500.0,phoenix_usa
2022-12-14 14:00:00,0.011482389810788642,0,0.0,500.0,phoenix_usa
2022-12-14 15:00:00,0.011013787248925856,0,0.0,500.0,phoenix_usa
2022-12-14 16:00:00,0.01056430861201274,0,0.0,500.0,phoenix_usa
2022-12-14 17:00:00,0.010133173442289898,0,0.0,500.0,phoenix_usa
2022-12-14 18:00:00,0.00971963313290278,0,0.0,500.0,phoenix_usa
2022-12-14 19:00:00,0.009322969628049009,0,0.0,500.0,phoenix_usa
2022-12-14 20:00:00,0.008942494176173314,0,0.0,500.0,phoenix_usa
2022-12-14 21:00:00,0.008577546134045308,0,0.0,500.0,phoenix_usa
2022-12-14 22:00:00,0.008227491819643508,0,0.0,500.0,phoenix_usa
2022-12-14 23:00:00,0.007891723411853733,0,0.0,500.0,phoenix_usa
2022-12-15 00:00:00,0.007569657895071456,0,0.0,500.0,phoenix_usa
2022-12-15 01:00:00,0.007260736046875493,0,0.0,500.0,phoenix_usa
2022-12-15 02:00:00,0.006964421467015256,0,0.0,500.0,phoenix_usa
2022-12-15 03:00:00,0.006680199646025589,0,0.0,500.0,phoenix_usa
2022-12-15 04:00:00,0.006407577071851941,0,0.0,500.0,phoenix_usa
2022-12-15 05:00:00,0.006146080372934627,0,0.0,500.0,phoenix_usa
2022-12-15 06:00:00,0.005895255496264293,0,0.0,500.0,phoenix_usa
2022-12-15 07:00:00,0.00565466691898141,0,0.0,500.0,phoenix_usa
2022-12-15 08:00:00,0.005423896892150783,0,0.0,500.0,phoenix_usa
2022-12-15 09:00:00,0.005202544715398049,0,0.0,500.0,phoenix_usa
2022-12-15 10:00:00,0.0049902260411486725,0,0.0,500.0,phoenix_usa
2022-12-15 11:00:00,0.0047865722072612795,0,0.0,500.0,phoenix_usa
2022-12-15 12:00:00,0.004591229596896634,0,0.0,500.0,phoenix_usa
2022-12-15 13:00:00,0.004403859024510691,0,0.0,500.0,phoenix_usa
2022-12-15 14:00:00,0.004224135146905589,0,0.0,500.0,phoenix_usa
2022-12-15 15:00:00,0.0040517458983159995,0,0.0,500.0,phoenix_usa
2022-12-15 16:00:00,0.0038863919485499026,0,0.0,500.0,phoenix_usa
2022-12-15 17:00:00,0.003727786183242907,0,0.0,500.0,phoenix_usa
2022-12-15 18:00:00,0.0035756532053237097,0,0.0,500.0,phoenix_usa
2022-12-15 19:00:00,0.003429728856824999,0,0.0,500.0,phoenix_usa
2022-12-15 20:00:00,0.003289759760209516,0,0.0,500.0,phoenix_usa
2022-12-15 21:00:00,0.003155502878414854,0,0.0,500.0,phoenix_usa
2022-12-15 22:00:00,0.003026725092853067,0,0.0,500.0,phoenix_usa
2022-12-15 23:00:00,0.0029032027986323388,0,0.0,500.0,phoenix_usa
2022-12-16 00:00:00,0.0027847215162978846,0,0.0,500.0,phoenix_usa
2022-12-16 01:00:00,0.0026710755194179034,0,0.0,500.0,phoenix_usa
2022-12-16 02:00:00,0.0025620674773679675,0,0.0,500.0,phoenix_usa
2022-12-16 03:00:00,0.002457508112693561,0,0.0,500.0,phoenix_usa
2022-12-16 04:00:00,0.002357215872455839,0,0.0,500.0,phoenix_usa
2022-12-16 05:00:00,0.0022610166129899594,0,0.0,500.0,phoenix_usa
2022-12-16 06:00:00,0.0021687432975285824,0,0.0,500.0,phoenix_usa
2022-12-16 07:00:00,0.002080235706165523,0,0.0,500.0,phoenix_usa
2022-12-16 08:00:00,0.001995340157655952,0,0.0,500.0,phoenix_usa
2022-12-16 09:00:00,0.0019139092425700757,0,0.0,500.0,phoenix_usa
2022-12-16 10:00:00,0.0018358015673369526,0,0.0,500.0,phoenix_usa
2022-12-16 11:00:00,0.0017608815087340357,0,0.0,500.0,phoenix_usa
2022-12-16 12:00:00,0.001689018978396121,0,0.0,500.0,phoenix_usa
2022-12-16 13:00:00,0.0016200891969348058,0,0.0,500.0,phoenix_usa
2022-12-16 14:00:00,0.001553972477276276,0,0.0,500.0,phoenix_usa
2022-12-16 15:00:00,0.0014905540168411741,0,0.0,500.0,phoenix_usa
2022-12-16 16:00:00,0.001429723698205731,0,0.0,500.0,phoenix_usa
2022-12-16 17:00:00,0.0013713758978980241,0,0.0,500.0,phoenix_usa
2022-12-16 18:00:00,0.0013154093029973633,0,0.0,500.0,phoenix_usa
2022-12-16 19:00:00,0.0012617267352183503,0,0.0,500.0,phoenix_usa
2022-12-16 20:00:00,0.0012102349821741748,0,0.0,500.0,phoenix_usa
2022-12-16 21:00:00,0.0011608446355261346,0,0.0,500.0,phoenix_usa
2022-12-16 22:00:00,0.001113469935738368,0,0.0,500.0,phoenix_usa
2022-12-16 23:00:00,0.0010680286231682325,0,0.0,500.0,phoenix_usa
2022-12-17 00:00:00,0.0010244417952337574,0,0.0,500.0,phoenix_usa
2022-12-17 01:00:00,0.0009826337694101785,0,0.0,500.0,phoenix_usa
2022-12-17 02:00:00,0.0009425319518176549,0,0.0,500.0,phoenix_usa
2022-12-17 03:00:00,0.0009040667111719931,0,0.0,500.0,phoenix_usa
2022-12-17 04:00:00,0.0008671712578795081,0,0.0,500.0,phoenix_usa
2022-12-17 05:00:00,0.0008317815280660936,0,0.0,500.0,phoenix_usa
2022-12-17 06:00:00,0.000797836072339126,0,0.0,500.0,phoenix_usa
2022-12-17 07:00:00,0.0007652759490890534,0,0.0,500.0,phoenix_usa
2022-12-17 08:00:00,0.0007340446221454093,0,0.0,500.0,phoenix_usa
2022-12-17 09:00:00,0.000704087862609538,0,0.0,500.0,phoenix_usa
2022-12-17 10:00:00,0.0006753536546935761,0,0.0,500.0,phoenix_usa
2022-12-17 11:00:00,0.0006477921054022032,0,0.0,500.0,phoenix_usa
2022-12-17 12:00:00,0.0006213553579003255,0,0.0,500.0,phoenix_usa
2022-12-17 13:00:00,0.0005959975084162673,0,0.0,500.0,phoenix_usa
2022-12-17 14:00:00,0.0005716745265361981,0,0.0,500.0,phoenix_usa
2022-12-17 15:00:00,0.0005483441787513799,0,0.0,500.0,phoenix_usa
2022-12-17 16:00:00,0.0005259659551254922,0,0.0,500.0,phoenix_usa
2022-12-17 17:00:00,0.0005045009989547099,0,0.0,500.0,phoenix_usa
2022-12-17 18:00:00,0.0004839120392983864,0,0.0,500.0,phoenix_usa
2022-12-17 19:00:00,0.0004641633262631951,0,0.0,500.0,phoenix_usa
2022-12-17 20:00:00,0.0004452205689283658,0,0.0,500.0,phoenix_usa
2022-12-17 21:00:00,0.0004270508758042211,0,0.0,500.0,phoenix_usa
2022-12-17 22:00:00,0.00040962269772063274,0,0.0,500.0,phoenix_usa
2022-12-17 23:00:00,0.0003929057730462341,0,0.0,500.0,phoenix_usa
2022-12-18 00:00:00,0.0003768710751432638,0,0.0,500.0,phoenix_usa
2022-12-18 01:00:00,0.0003614907619668044,0,0.0,500.0,phoenix_usa
2022-12-18 02:00:00,0.0003467381277209076,0,0.0,500.0,phoenix_usa
2022-12-18 03:00:00,0.0003325875564876566,0,0.0,500.0,phoenix_usa
2022-12-18 04:00:00,0.0003190144777486501,0,0.0,500.0,phoenix_usa
2022-12-18 05:00:00,0.00030599532372168286,0,0.0,500.0,phoenix_usa
2022-12-18 06:00:00,0.0002935074884385361,0,0.0,500.0,phoenix_usa
2022-12-18 07:00:00,0.0002815292884928261,0,0.0,500.0,phoenix_usa
2022-12-18 08:00:00,0.0002700399253897557,0,0.0,500.0,phoenix_usa
2022-12-18 09:00:00,0.000259019449432392,0,0.0,500.0,phoenix_usa
2022-12-18 10:00:00,0.00024844872508176396,0,0.0,500.0,phoenix_usa
2022-12-18 11:00:00,0.00023830939773063459,0,0.0,500.0,phoenix_usa
2022-12-18 12:00:00,0.00022858386183325323,0,0.0,500.0,phoenix_usa
2022-12-18 13:00:00,0.0002192552303357484,0,0.0,500.0,phoenix_usa
2022-12-18 14:00:00,0.00021030730535408543,0,0.0,500.0,phoenix_usa
2022-12-18 15:00:00,0.0002017245500486711,0,0.0,500.0,phoenix_usa
2022-12-18 16:00:00,0.00019349206164676996,0,0.0,500.0,phoenix_usa
2022-12-18 17:00:00,0.0001855955455658931,0,0.0,500.0,phoenix_usa
2022-12-18 18:00:00,0.00017802129059322344,0,0.0,500.0,phoenix_usa
2022-12-18 19:00:00,0.0001707561450779821,0,0.0,500.0,phoenix_usa
2022-12-18 20:00:00,0.00016378749409539877,0,0.0,500.0,phoenix_usa
2022-12-18 21:00:00,0.00015710323754263188,0,0.0,500.0,phoenix_usa
2022-12-18 22:00:00,0.00015069176912860501,0,0.0,500.0,phoenix_usa
2022-12-18 23:00:00,0.00014454195622128215,0,0.0,500.0,phoenix_usa
2022-12-19 00:00:00,0.00013864312051738452,0,0.0,500.0,phoenix_usa
2022-12-19 01:00:00,0.00013298501950098689,0,0.0,500.0,phoenix_usa
2022-12-19 02:00:00,0.0001275578286587997,0,0.0,500.0,phoenix_usa
2022-12-19 03:00:00,0.00012235212442125463,0,0.0,500.0,phoenix_usa
2022-12-19 04:00:00,0.00011735886779977294,0,0.0,500.0,phoenix_usa
2022-12-19 05:00:00,0.00011256938869180726,0,0.0,500.0,phoenix_usa
2022-12-19 06:00:00,0.00010797537082640224,0,0.0,500.0,phoenix_usa
2022-12-19 07:00:00,0.00010356883732413462,0,0.0,500.0,phoenix_usa
2022-12-19 08:00:00,9.93421368463613e-05,0,0.0,500.0,phoenix_usa
2022-12-19 09:00:00,9.528793030972304e-05,0,0.0,500.0,phoenix_usa
2022-12-19 10:00:00,9.139917814283665e-05,0,0.0,500.0,phoenix_usa
2022-12-19 11:00:00,8.766912806304886e-05,0,0.0,500.0,phoenix_usa
2022-12-19 12:00:00,8.409130335202738e-05,0,0.0,500.0,phoenix_usa
2022-12-19 13:00:00,8.065949160983098e-05,0,0.0,500.0,phoenix_usa
2022-12-19 14:00:00,7.736773396793284e-05,0,0.0,500.0,phoenix_usa
2022-12-19 15:00:00,7.421031474246577e-05,0,0.0,500.0,phoenix_usa
2022-12-19 16:00:00,7.1181751509724e-05,0,0.0,500.0,phoenix_usa
2022-12-19 17:00:00,6.827678558668973e-05,0,0.0,500.0,phoenix_usa
2022-12-19 18:00:00,6.549037290005397e-05,0,0.0,500.0,phoenix_usa
2022-12-19 19:00:00,6.281767522787778e-05,0,0.0,500.0,phoenix_usa
2022-12-19 20:00:00,6.025405179868624e-05,0,0.0,500.0,phoenix_usa
2022-12-19 21:00:00,5.779505123340779e-05,0,0.0,500.0,phoenix_usa
2022-12-19 22:00:00,5.5436403816167214e-05,0,0.0,500.0,phoenix_usa
2022-12-19 23:00:00,5.3174014080512414e-05,0,0.0,500.0,phoenix_usa
2022-12-20 00:00:00,5.1003953698200334e-05,0,0.0,500.0,phoenix_usa
2022-12-20 01:00:00,4.892245465819642e-05,0,0.0,500.0,phoenix_usa
2022-12-20 02:00:00,4.692590272404187e-05,0,0.0,500.0,phoenix_usa
2022-12-20 03:00:00,4.501083115822992e-05,0,0.0,500.0,phoenix_usa
2022-12-20 04:00:00,4.317391470269365e-05,0,0.0,500.0,phoenix_usa
2022-12-20 05:00:00,4.1411963804952975e-05,0,0.0,500.0,phoenix_usa
2022-12-20 06:00:00,3.972191907989609e-05,0,0.0,500.0,phoenix_usa
2022-12-20 07:00:00,3.8100845997578663e-05,0,0.0,500.0,phoenix_usa
2022-12-20 08:00:00,3.654592978781638e-05,0,0.0,500.0,phoenix_usa
2022-12-20 09:00:00,3.505447055272425e-05,0,0.0,500.0,phoenix_usa
2022-12-20 10:00:00,3.362387857871585e-05,0,0.0,500.0,phoenix_usa
2022-12-20 11:00:00,3.225166983982206e-05,0,0.0,500.0,phoenix_usa
2022-12-20 12:00:00,3.093546168452206e-05,0,0.0,500.0,phoenix_usa
2022-12-20 13:00:00,2.967296869859726e-05,0,0.0,500.0,phoenix_usa
2022-12-20 14:00:00,2.8461998736823977e-05,0,0.0,500.0,phoenix_usa
2022-12-20 15:00:00,2.730044911661514e-05,0,0.0,500.0,phoenix_usa
2022-12-20 16:00:00,2.6186302967001736e-05,0,0.0,500.0,phoenix_usa
2022-12-20 17:00:00,2.511762572661383e-05,0,0.0,500.0,phoenix_usa
2022-12-20 18:00:00,2.409256178458122e-05,0,0.0,500.0,phoenix_usa
2022-12-20 19:00:00,2.3109331258520836e-05,0,0.0,500.0,phoenix_usa
2022-12-20 20:00:00,2.216622690401585e-05,0,0.0,500.0,phoenix_usa
2022-12-20 21:00:00,2.1261611150220917e-05,0,0.0,500.0,phoenix_usa
2022-12-20 22:00:00,2.0393913256446008e-05,0,0.0,500.0,phoenix_usa
2022-12-20 23:00:00,1.9561626584781315e-05,0,0.0,500.0,phoenix_usa
2022-12-21 00:00:00,1.876330598402806e-05,0,0.0,500.0,phoenix_usa
2022-12-21 01:00:00,1.799756528039252e-05,0,0.0,500.0,phoenix_usa
2022-12-21 02:00:00,1.7263074870585985e-05,0,0.0,500.0,phoenix_usa
2022-12-21 03:00:00,1.6558559413151764e-05,0,0.0,500.0,phoenix_usa
2022-12-21 04:00:00,1.588279561401046e-05,0,0.0,500.0,phoenix_usa
2022-12-21 05:00:00,1.52346101023781e-05,0,0.0,500.0,phoenix_usa
2022-12-21 06:00:00,1.461287739336942e-05,0,0.0,500.0,phoenix_usa
2022-12-21 07:00:00,1.4016517933748416e-05,0,0.0,500.0,phoenix_usa
2022-12-21 08:00:00,1.3444496227432653e-05,0,0.0,500.0,phoenix_usa
2022-12-21 09:00:00,1.2895819037496968e-05,0,0.0,500.0,phoenix_usa
2022-12-21 10:00:00,1.2369533661554413e-05,0,0.0,500.0,phoenix_usa
2022-12-21 11:00:00,1.1864726277519596e-05,0,0.0,500.0,phoenix_usa
2022-12-21 12:00:00,1.1380520356882535e-05,0,0.0,500.0,phoenix_usa
2022-12-21 13:00:00,1.091607514273766e-05,0,0.0,500.0,phoenix_usa
2022-12-21 14:00:00,1.0470584189925098e-05,0,0.0,500.0,phoenix_usa
2022-12-21 15:00:00,1.0043273964749768e-05,0,0.0,500.0,phoenix_usa
2022-12-21 16:00:00,9.63340250184668e-06,0,0.0,500.0,phoenix_usa
2022-12-21 17:00:00,9.240258115860133e-06,0,0.0,500.0,phoenix_usa
2022-12-21 18:00:00,8.863158165700182e-06,0,0.0,500.0,phoenix_usa
2022-12-21 19:00:00,8.501447869230384e-06,0,0.0,500.0,phoenix_usa
2022-12-21 20:00:00,8.15449916632874e-06,0,0.0,500.0,phoenix_usa
2022-12-21 21:00:00,7.821709628347773e-06,0,0.0,500.0,phoenix_usa
2022-12-21 22:00:00,7.502501412080224e-06,0,0.0,500.0,phoenix_usa
2022-12-21 23:00:00,7.196320256413777e-06,0,0.0,500.0,phoenix_usa
2022-12-22 00:00:00,6.902634519933017e-06,0,0.0,500.0,phoenix_usa
2022-12-22 01:00:00,6.6209342577973516e-06,0,0.0,500.0,phoenix_usa
2022-12-22 02:00:00,6.35073033629194e-06,0,0.0,500.0,phoenix_usa
2022-12-22 03:00:00,6.091553583514392e-06,0,0.0,500.0,phoenix_usa
2022-12-22 04:00:00,5.842953974722399e-06,0,0.0,500.0,phoenix_usa
2022-12-22 05:00:00,5.604499850927662e-06,0,0.0,500.0,phoenix_usa
2022-12-22 06:00:00,5.375777169379544e-06,0,0.0,500.0,phoenix_usa
2022-12-22 07:00:00,5.156388784636867e-06,0,0.0,500.0,phoenix_usa
2022-12-22 08:00:00,4.9459537589794885e-06,0,0.0,500.0,phoenix_usa
2022-12-22 09:00:00,4.744106700962432e-06,0,0.0,500.0,phoenix_usa
2022-12-22 10:00:00,4.550497130963981e-06,0,0.0,500.0,phoenix_usa
2022-12-22 11:00:00,4.364788872626036e-06,0,0.0,500.0,phoenix_usa
2022-12-22 12:00:00,4.18665946913017e-06,0,0.0,500.0,phoenix_usa
2022-12-22 13:00:00,4.0157996232958014e-06,0,0.0,500.0,phoenix_usa
2022-12-22 14:00:00,3.8519126605281844e-06,0,0.0,500.0,phoenix_usa
2022-12-22 15:00:00,3.694714013683841e-06,0,0.0,500.0,phoenix_usa
2022-12-22 16:00:00,3.5439307289589295e-06,0,0.0,500.0,phoenix_usa
2022-12-22 17:00:00,3.399300991942511e-06,0,0.0,500.0,phoenix_usa
2022-12-22 18:00:00,3.2605736730118884e-06,0,0.0,500.0,phoenix_usa
2022-12-22 19:00:00,3.127507891280623e-06,0,0.0,500.0,phoenix_usa
2022-12-22 20:00:00,2.999872596342008e-06,0,0.0,500.0,phoenix_usa
2022-12-22 21:00:00,2.8774461670818687e-06,0,0.0,500.0,phoenix_usa
2022-12-22 22:00:00,2.76001602686403e-06,0,0.0,500.0,phoenix_usa
2022-12-22 23:00:00,2.64737827442023e-06,0,0.0,500.0,phoenix_usa
2022-12-23 00:00:00,2.539337329803665e-06,0,0.0,500.0,phoenix_usa
2022-12-23 01:00:00,2.4357055947913477e-06,0,0.0,500.0,phoenix_usa
2022-12-23 02:00:00,2.3363031271456045e-06,0,0.0,500.0,phoenix_usa
2022-12-23 03:00:00,2.2409573281691716e-06,0,0.0,500.0,phoenix_usa
2022-12-23 04:00:00,2.149502643011334e-06,0,0.0,500.0,phoenix_usa
2022-12-23 05:00:00,2.0617802732047e-06,0,0.0,500.0,phoenix_usa
2022-12-23 06:00:00,1.9776379009335444e-06,0,0.0,500.0,phoenix_usa
2022-12-23 07:00:00,1.8969294245549038e-06,0,0.0,500.0,phoenix_usa
2022-12-23 08:00:00,1.8195147049131687e-06,0,0.0,500.0,phoenix_usa
2022-12-23 09:00:00,1.7452593220077545e-06,0,0.0,500.0,phoenix_usa
2022-12-23 10:00:00,1.6740343415912812e-06,0,0.0,500.0,phoenix_usa
2022-12-23 11:00:00,1.6057160912929956e-06,0,0.0,500.0,phoenix_usa
2022-12-23 12:00:00,1.5401859458787343e-06,0,0.0,500.0,phoenix_usa
2022-12-23 13:00:00,1.4773301212745483e-06,0,0.0,500.0,phoenix_usa
2022-12-23 14:00:00,1.4170394769963121e-06,0,0.0,500.0,phoenix_usa
2022-12-23 15:00:00,1.3592093266423078e-06,0,0.0,500.0,phoenix_usa
2022-12-23 16:00:00,1.3037392561197135e-06,0,0.0,500.0,phoenix_usa
2022-12-23 17:00:00,1.2505329492893402e-06,0,0.0,500.0,phoenix_usa
2022-12-23 18:00:00,1.1994980207259305e-06,0,0.0,500.0,phoenix_usa
2022-12-23 19:00:00,1.1505458553035917e-06,0,0.0,500.0,phoenix_usa
2022-12-23 20:00:00,1.1035914543278217e-06,0,0.0,500.0,phoenix_usa
2022-12-23 21:00:00,1.0585532879469864e-06,0,0.0,500.0,phoenix_usa
2022-12-23 22:00:00,1.0153531535869638e-06,0,0.0,500.0,phoenix_usa
2022-12-23 23:00:00,9.739160401631318e-07,0,0.0,500.0,phoenix_usa
2022-12-24 00:00:00,9.341699978339549e-07,0,0.0,500.0,phoenix_usa
2022-12-24 01:00:00,8.960460130699965e-07,0,0.0,500.0,phoenix_usa
2022-12-24 02:00:00,8.594778888214193e-07,0,0.0,500.0,phoenix_usa
2022-12-24 03:00:00,8.244021295759256e-07,0,0.0,500.0,phoenix_usa
2022-12-24 04:00:00,7.90757831107549e-07,0,0.0,500.0,phoenix_usa
2022-12-24 05:00:00,7.584865747248498e-07,0,0.0,500.0,phoenix_usa
2022-12-24 06:00:00,7.275323258348987e-07,0,0.0,500.0,phoenix_usa
2022-12-24 07:00:00,6.978413366469244e-07,0,0.0,500.0,phoenix_usa
2022-12-24 08:00:00,6.693620528466793e-07,0,0.0,500.0,phoenix_usa
2022-12-24 09:00:00,6.420450240794647e-07,0,0.0,500.0,phoenix_usa
2022-12-24 10:00:00,6.158428180864048e-07,0,0.0,500.0,phoenix_usa
2022-12-24 11:00:00,5.907099383448607e-07,0,0.0,500.0,phoenix_usa
2022-12-24 12:00:00,5.666027450699796e-07,0,0.0,500.0,phoenix_usa
2022-12-24 13:00:00,5.434793794402207e-07,0,0.0,500.0,phoenix_usa
2022-12-24 14:00:00,5.212996909152769e-07,0,0.0,500.0,phoenix_usa
2022-12-24 15:00:00,5.000251675201861e-07,0,0.0,500.0,phoenix_usa
2022-12-24 16:00:00,4.796188689745928e-07,0,0.0,500.0,phoenix_usa
2022-12-24 17:00:00,4.6004536255103893e-07,0,0.0,500.0,phoenix_usa
2022-12-24 18:00:00,4.4127066155090763e-07,0,0.0,500.0,phoenix_usa
2022-12-24 19:00:00,4.2326216629120507e-07,0,0.0,500.0,phoenix_usa
2022-12-24 20:00:00,4.0598860749969896e-07,0,0.0,500.0,phoenix_usa
2022-12-24 21:00:00,3.8941999202013135e-07,0,0.0,500.0,phoenix_usa
2022-12-24 22:00:00,3.735275507332344e-07,0,0.0,500.0,phoenix_usa
2022-12-24 23:00:00,3.5828368860311746e-07,0,0.0,500.0,phoenix_usa
2022-12-25 00:00:00,3.436619367622838e-07,0,0.0,500.0,phoenix_usa
2022-12-25 01:00:00,3.296369065520897e-07,0,0.0,500.0,phoenix_usa
2022-12-25 02:00:00,3.161842454388348e-07,0,0.0,500.0,phoenix_usa
2022-12-25 03:00:00,3.0328059472893864e-07,0,0.0,500.0,phoenix_usa
2022-12-25 04:00:00,2.9090354900978683e-07,0,0.0,500.0,phoenix_usa
2022-12-25 05:00:00,2.790316172458191e-07,0,0.0,500.0,phoenix_usa
2022-12-25 06:00:00,2.6764418546230234e-07,0,0.0,500.0,phoenix_usa
2022-12-25 07:00:00,2.56721480952003e-07,0,0.0,500.0,phoenix_usa
2022-12-25 08:00:00,2.4624453794260575e-07,0,0.0,500.0,phoenix_usa
2022-12-25 09:00:00,2.361951646652588e-07,0,0.0,500.0,phoenix_usa
2022-12-25 10:00:00,2.2655591176707277e-07,0,0.0,500.0,phoenix_usa
2022-12-25 11:00:00,2.1731004201272445e-07,0,0.0,500.0,phoenix_usa
2022-12-25 12:00:00,2.0844150122254935e-07,0,0.0,500.0,phoenix_usa
2022-12-25 13:00:00,1.9993489039667066e-07,0,0.0,500.0,phoenix_usa
2022-12-25 14:00:00,1.917754389767576e-07,0,0.0,500.0,phoenix_usa
2022-12-25 15:00:00,1.8394897919898297e-07,0,0.0,500.0,phoenix_usa
2022-12-25 16:00:00,1.7644192149365243e-07,0,0.0,500.0,phoenix_usa
2022-12-25 17:00:00,1.6924123088878967e-07,0,0.0,500.0,phoenix_usa
2022-12-25 18:00:00,1.6233440437670066e-07,0,0.0,500.0,phoenix_usa
2022-12-25 19:00:00,1.557094492042226e-07,0,0.0,500.0,phoenix_usa
2022-12-25 20:00:00,1.4935486204896124e-07,0,0.0,500.0,phoenix_usa
2022-12-25 21:00:00,1.4325960904535352e-07,0,0.0,500.0,phoenix_usa
2022-12-25 22:00:00,1.3741310662587985e-07,0,0.0,500.0,phoenix_usa
2022-12-25 23:00:00,1.318052031441578e-07,0,0.0,500.0,phoenix_usa
2022-12-26 00:00:00,1.2642616124800455e-07,0,0.0,500.0,phoenix_usa
2022-12-26 01:00:00,1.212666409718657e-07,0,0.0,500.0,phoenix_usa
2022-12-26 02:00:00,1.1631768351925266e-07,0,0.0,500.0,phoenix_usa
2022-12-26 03:00:00,1.1157069570702464e-07,0,0.0,500.0,phoenix_usa
2022-12-26 04:00:00,1.0701743504450966e-07,0,0.0,500.0,phoenix_usa
2022-12-26 05:00:00,1.0264999542155572e-07,0,0.0,500.0,phoenix_usa
2022-12-26 06:00:00,9.846079338065765e-08,0,0.0,500.0,phoenix_usa
2022-12-26 07:00:00,9.44425549493279e-08,0,0.0,500.0,phoenix_usa
2022-12-26 08:00:00,9.058830300984582e-08,0,0.0,500.0,phoenix_usa
2022-12-26 09:00:00,8.689134518445221e-08,0,0.0,500.0,phoenix_usa
2022-12-26 10:00:00,8.334526221495734e-08,0,0.0,500.0,phoenix_usa
2022-12-26 11:00:00,7.994389681658371e-08,0,0.0,500.0,phoenix_usa
2022-12-26 12:00:00,7.668134298668796e-08,0,0.0,500.0,phoenix_usa
2022-12-26 13:00:00,7.355193574980078e-08,0,0.0,500.0,phoenix_usa
2022-12-26 14:00:00,7.055024132117763e-08,0,0.0,500.0,phoenix_usa
2022-12-26 15:00:00,6.767104767177911e-08,0,0.0,500.0,phoenix_usa
2022-12-26 16:00:00,6.490935547830035e-08,0,0.0,500.0,phoenix_usa
2022-12-26 17:00:00,6.2260369442535e-08,0,0.0,500.0,phoenix_usa
2022-12-26 18:00:00,5.971948996499956e-08,0,0.0,500.0,phoenix_usa
2022-12-26 19:00:00,5.7282305158362495e-08,0,0.0,500.0,phoenix_usa
2022-12-26 20:00:00,5.494458318680972e-08,0,0.0,500.0,phoenix_usa
2022-12-26 21:00:00,5.270226491804395e-08,0,0.0,500.0,phoenix_usa
2022-12-26 22:00:00,5.055145687516049e-08,0,0.0,500.0,phoenix_usa
2022-12-26 23:00:00,4.848842447616122e-08,0,0.0,500.0,phoenix_usa
2022-12-27 00:00:00,4.6509585549366565e-08,0,0.0,500.0,phoenix_usa
2022-12-27 01:00:00,4.461150411346789e-08,0,0.0,500.0,phoenix_usa
2022-12-27 02:00:00,4.279088441141936e-08,0,0.0,500.0,phoenix_usa
2022-12-27 03:00:00,4.1044565187809265e-08,0,0.0,500.0,phoenix_usa
2022-12-27 04:00:00,0.5838178448868273,1,3.32,408.4332727527911,phoenix_usa
2022-12-27 05:00:00,0.5599919216876229,1,3.32,408.4332727527911,phoenix_usa
2022-12-27 06:00:00,0.5371383473490541,1,3.32,408.4332727527911,phoenix_usa
2022-12-27 07:00:00,0.515217439786239,1,3.32,408.4332727527911,phoenix_usa
2022-12-27 08:00:00,0.49419113636172257,1,3.32,408.4332727527911,phoenix_usa
2022-12-27 09:00:00,0.47402292779494876,1,3.32,408.4332727527911,phoenix_usa
2022-12-27 10:00:00,0.4546777947689211,1,3.32,408.4332727527911,phoenix_usa
2022-12-27 11:00:00,0.4361221471239816,1,3.32,408.4332727527911,phoenix_usa
2022-12-27 12:00:00,0.4183237655331236,1,3.32,408.4332727527911,phoenix_usa
2022-12-27 13:00:00,0.40125174555756715,1,3.32,408.4332727527911,phoenix_usa
2022-12-27 14:00:00,0.384876443985457,1,3.32,408.4332727527911,phoenix_usa
2022-12-27 15:00:00,0.36916942736050606,1,3.32,408.4332727527911,phoenix_usa
2022-12-27 16:00:00,0.3541034226112153,1,3.32,408.4332727527911,phoenix_usa
2022-12-27 17:00:00,0.3396522696949393,1,3.32,408.4332727527911,phoenix_usa
2022-12-27 18:00:00,0.32579087617457547,1,3.32,408.4332727527911,phoenix_usa
2022-12-27 19:00:00,0.3124951736490015,1,3.32,408.4332727527911,phoenix_usa
2022-12-27 20:00:00,0.2997420759616116,1,3.32,408.4332727527911,phoenix_usa
2022-12-27 21:00:00,0.28750943911438426,1,3.32,408.4332727527911,phoenix_usa
2022-12-27 22:00:00,0.2757760228178791,1,3.32,408.4332727527911,phoenix_usa
2022-12-27 23:00:00,0.26452145361039875,1,3.32,408.4332727527911,phoenix_usa
2022-12-28 00:00:00,0.25372618948227843,1,3.32,408.4332727527911,phoenix_usa
2022-12-28 01:00:00,0.24337148594387703,1,3.32,408.4332727527911,phoenix_usa
2022-12-28 02:00:00,0.23343936347835165,1,3.32,408.4332727527911,phoenix_usa
2022-12-28 03:00:00,0.2239125763227029,1,3.32,408.4332727527911,phoenix_usa
2022-12-28 04:00:00,0.21477458252288184,0,0.0,500.0,phoenix_usa
2022-12-28 05:00:00,0.2060095152109648,0,0.0,500.0,phoenix_usa
2022-12-28 06:00:00,0.19760215505452214,0,0.0,500.0,phoenix_usa
2022-12-28 07:00:00,0.18953790383034286,0,0.0,500.0,phoenix_usa
2022-12-28 08:00:00,0.18180275907663052,0,0.0,500.0,phoenix_usa
2022-12-28 09:00:00,0.17438328977965672,0,0.0,500.0,phoenix_usa
2022-12-28 10:00:00,0.16726661305265442,0,0.0,500.0,phoenix_usa
2022-12-28 11:00:00,0.16044037176645987,0,0.0,500.0,phoenix_usa
2022-12-28 12:00:00,0.15389271309305894,0,0.0,500.0,phoenix_usa
2022-12-28 13:00:00,0.14761226792478357,0,0.0,500.0,phoenix_usa
2022-12-28 14:00:00,0.1415881311334218,0,0.0,500.0,phoenix_usa
2022-12-28 15:00:00,0.13580984263496435,0,0.0,500.0,phoenix_usa
2022-12-28 16:00:00,0.13026736922710894,0,0.0,500.0,phoenix_usa
2022-12-28 17:00:00,0.12495108716798628,0,0.0,500.0,phoenix_usa
2022-12-28 18:00:00,0.11985176546585735,0,0.0,500.0,phoenix_usa
2022-12-28 19:00:00,0.11496054985076747,0,0.0,500.0,phoenix_usa
2022-12-28 20:00:00,0.1102689474003257,0,0.0,500.0,phoenix_usa
2022-12-28 21:00:00,0.10576881179291452,0,0.0,500.0,phoenix_usa
2022-12-28 22:00:00,0.10145232916272427,0,0.0,500.0,phoenix_usa
2022-12-28 23:00:00,0.09731200453205109,0,0.0,500.0,phoenix_usa
2022-12-29 00:00:00,0.09334064879730007,0,0.0,500.0,phoenix_usa
2022-12-29 01:00:00,0.08953136624609698,0,0.0,500.0,phoenix_usa
2022-12-29 02:00:00,0.08587754258383322,0,0.0,500.0,phoenix_usa
2022-12-29 03:00:00,0.08237283344885385,0,0.0,500.0,phoenix_usa
2022-12-29 04:00:00,0.0790111533963476,0,0.0,500.0,phoenix_usa
2022-12-29 05:00:00,0.07578666533180944,0,0.0,500.0,phoenix_usa
2022-12-29 06:00:00,0.07269377037573027,0,0.0,500.0,phoenix_usa
2022-12-29 07:00:00,0.0697270981419131,0,0.0,500.0,phoenix_usa
2022-12-29 08:00:00,0.0668814974125372,0,0.0,500.0,phoenix_usa
2022-12-29 09:00:00,0.0641520271937778,0,0.0,500.0,phoenix_usa
2022-12-29 10:00:00,0.061533948136450405,0,0.0,500.0,phoenix_usa
2022-12-29 11:00:00,0.059022714306783707,0,0.0,500.0,phoenix_usa
2022-12-29 12:00:00,0.05661396529303164,0,0.0,500.0,phoenix_usa
2022-12-29 13:00:00,0.05430351863421861,0,0.0,500.0,phoenix_usa
2022-12-29 14:00:00,0.05208736255787211,0,0.0,500.0,phoenix_usa
2022-12-29 15:00:00,0.04996164901413221,0,0.0,500.0,phoenix_usa
2022-12-29 16:00:00,0.04792268699414279,0,0.0,500.0,phoenix_usa
2022-12-29 17:00:00,0.045966936121122966,0,0.0,500.0,phoenix_usa
2022-12-29 18:00:00,0.04409100050299037,0,0.0,500.0,phoenix_usa
2022-12-29 19:00:00,0.04229162283586208,0,0.0,500.0,phoenix_usa
2022-12-29 20:00:00,0.040565678748194986,0,0.0,500.0,phoenix_usa
2022-12-29 21:00:00,0.038910171375744866,0,0.0,500.0,phoenix_usa
2022-12-29 22:00:00,0.03732222615792423,0,0.0,500.0,phoenix_usa
2022-12-29 23:00:00,0.035799085846523825,0,0.0,500.0,phoenix_usa
2022-12-30 00:00:00,0.034338105718130625,0,0.0,500.0,phoenix_usa
2022-12-30 01:00:00,0.0329367489819299,0,0.0,500.0,phoenix_usa
2022-12-30 02:00:00,0.0315925823749173,0,0.0,500.0,phoenix_usa
2022-12-30 03:00:00,0.030303271936872656,0,0.0,500.0,phoenix_usa
2022-12-30 04:00:00,0.029066578957759458,0,0.0,500.0,phoenix_usa
2022-12-30 05:00:00,0.027880356090513203,0,0.0,500.0,phoenix_usa
2022-12-30 06:00:00,0.026742543622468813,0,0.0,500.0,phoenix_usa
2022-12-30 07:00:00,0.0256511658989533,0,0.0,500.0,phoenix_usa
2022-12-30 08:00:00,0.02460432789283346,0,0.0,500.0,phoenix_usa
2022-12-30 09:00:00,0.023600211914062155,0,0.0,500.0,phoenix_usa
2022-12-30 10:00:00,0.022637074453509893,0,0.0,500.0,phoenix_usa
2022-12-30 11:00:00,0.021713243155601292,0,0.0,500.0,phoenix_usa
2022-12-30 12:00:00,0.02082711391449992,0,0.0,500.0,phoenix_usa
2022-12-30 13:00:00,0.019977148088799346,0,0.0,500.0,phoenix_usa
2022-12-30 14:00:00,0.01916186982988431,0,0.0,500.0,phoenix_usa
2022-12-30 15:00:00,0.018379863519322703,0,0.0,500.0,phoenix_usa
2022-12-30 16:00:00,0.017629771310839194,0,0.0,500.0,phoenix_usa
2022-12-30 17:00:00,0.016910290772602112,0,0.0,500.0,phoenix_usa
2022-12-30 18:00:00,0.016220172625729886,0,0.0,500.0,phoenix_usa
2022-12-30 19:00:00,0.01555821857509035,0,0.0,500.0,phoenix_usa
2022-12-30 20:00:00,0.014923279228626225,0,0.0,500.0,phoenix_usa
2022-12-30 21:00:00,0.014314252101594071,0,0.0,500.0,phoenix_usa
2022-12-30 22:00:00,0.013730079702251352,0,0.0,500.0,phoenix_usa
2022-12-30 23:00:00,0.013169747695667674,0,0.0,500.0,phoenix_usa
2022-12-31 00:00:00,0.012632283142471801,0,0.0,500.0,phoenix_usa
2022-12-31 01:00:00,0.012116752809476446,0,0.0,500.0,phoenix_usa
2022-12-31 02:00:00,0.011622261549247337,0,0.0,500.0,phoenix_usa
2022-12-31 03:00:00,0.011147950745802963,0,0.0,500.0,phoenix_usa
2022-12-31 04:00:00,0.01069299682374616,0,0.0,500.0,phoenix_usa
2022-12-31 05:00:00,0.010256609818238812,0,0.0,500.0,phoenix_usa
2022-12-31 06:00:00,0.00983803200333674,0,0.0,500.0,phoenix_usa
2022-12-31 07:00:00,0.009436536576302904,0,0.0,500.0,phoenix_usa
2022-12-31 08:00:00,0.009051426395614504,0,0.0,500.0,phoenix_usa
2022-12-31 09:00:00,0.008682032770472798,0,0.0,500.0,phoenix_usa
2022-12-31 10:00:00,0.008327714299713556,0,0.0,500.0,phoenix_usa
2022-12-31 11:00:00,0.007987855758102248,0,0.0,500.0,phoenix_usa
2022-12-31 12:00:00,0.28912277062826036,1,3.47,458.90950904320823,phoenix_usa
2022-12-31 13:00:00,1.0684717501347885,2,4.14,401.24250789789363,phoenix_usa
2022-12-31 14:00:00,1.0248668379482384,2,4.14,401.24250789789363,phoenix_usa
2022-12-31 15:00:00,0.98304146590073,2,4.14,401.24250789789363,phoenix_usa
2022-12-31 16:00:00,0.9429230099930926,2,4.14,401.24250789789363,phoenix_usa
2022-12-31 17:00:00,0.904441810050989,2,4.14,401.24250789789363,phoenix_usa
2022-12-31 18:00:00,0.8675310487696144,2,4.14,401.24250789789363,phoenix_usa
2022-12-31 19:00:00,0.8321266356946476,2,4.14,401.24250789789363,phoenix_usa
2022-12-31 20:00:00,0.7981670959380026,2,4.14,401.24250789789363,phoenix_usa
2022-12-31 21:00:00,0.7655934634351502,2,4.14,401.24250789789363,phoenix_usa
2022-12-31 22:00:00,0.7343491785586664,2,4.14,401.24250789789363,phoenix_usa
2022-12-31 23:00:00,0.7043799899102289,2,4.14,401.24250789789363,phoenix_usa
