datetime,eq_stress,eq_recent_count_24h,eq_max_mag_24h,eq_distance_min_km,hospital
2022-01-01 00:00:00,0.0,0,0.0,500.0,john_radcliffe_nhs
2022-01-01 01:00:00,0.0,0,0.0,500.0,john_radcliffe_nhs
2022-01-01 02:00:00,0.0,0,0.0,500.0,john_radcliffe_nhs
2022-01-01 03:00:00,0.0,0,0.0,500.0,john_radcliffe_nhs
2022-01-01 04:00:00,0.0,0,0.0,500.0,john_radcliffe_nhs
2022-01-01 05:00:00,0.0,0,0.0,500.0,john_radcliffe_nhs
2022-01-01 06:00:00,0.0,0,0.0,500.0,john_radcliffe_nhs
2022-01-01 07:00:00,0.0,0,0.0,500.0,john_radcliffe_nhs
2022-01-01 08:00:00,0.0,0,0.0,500.0,john_radcliffe_nhs
2022-01-01 09:00:00,0.0,0,0.0,500.0,john_radcliffe_nhs
2022-01-01 10:00:00,0.0,0,0.0,500.0,john_radcliffe_nhs
2022-01-01 11:00:00,0.0,0,0.0,500.0,john_radcliffe_nhs
2022-01-01 12:00:00,0.0,0,0.0,500.0,john_radcliffe_nhs
2022-01-01 13:00:00,0.0,0,0.0,500.0,john_radcliffe_nhs
2022-01-01 14:00:00,0.0,0,0.0,500.0,john_radcliffe_nhs
2022-01-01 15:00:00,0.0,0,0.0,500.0,john_radcliffe_nhs
2022-01-01 16:00:00,0.0,0,0.0,500.0,john_radcliffe_nhs
2022-01-01 17:00:00,0.0,0,0.0,500.0,john_radcliffe_nhs
2022-01-01 18:00:00,0.0,0,0.0,500.0,john_radcliffe_nhs
2022-01-01 19:00:00,0.0,0,0.0,500.0,john_radcliffe_nhs
2022-01-01 20:00:00,0.0,0,0.0,500.0,john_radcliffe_nhs
2022-01-01 21:00:00,0.0,0,0.0,500.0,john_radcliffe_nhs
2022-01-01 22:00:00,0.0,0,0.0,500.0,john_radcliffe_nhs
2022-01-01 23:00:00,0.0,0,0.0,500.0,john_radcliffe_nhs
2022-01-02 00:00:00,0.0,0,0.0,500.0,john_radcliffe_nhs
2022-01-02 01:00:00,0.0,0,0.0,500.0,john_radcliffe_nhs
2022-01-02 02:00:00,0.0,0,0.0,500.0,john_radcliffe_nhs
2022-01-02 03:00:00,0.0,0,0.0,500.0,john_radcliffe_nhs
2022-01-02 04:00:00,0.0,0,0.0,500.0,john_radcliffe_nhs
2022-01-02 05:00:00,0.0,0,0.0,500.0,john_radcliffe_nhs
2022-01-02 06:00:00,0.0,0,0.0,500.0,john_radcliffe_nhs
2022-01-02 07:00:00,0.0,0,0.0,500.0,john_radcliffe_nhs
2022-01-02 08:00:00,0.0,0,0.0,500.0,john_radcliffe_nhs
2022-01-02 09:00:00,0.0,0,0.0,500.0,john_radcliffe_nhs
2022-01-02 10:00:00,0.0,0,0.0,500.0,john_radcliffe_nhs
2022-01-02 11:00:00,0.0,0,0.0,500.0,john_radcliffe_nhs
2022-01-02 12:00:00,0.0,0,0.0,500.0,john_radcliffe_nhs
2022-01-02 13:00:00,0.0,0,0.0,500.0,john_radcliffe_nhs
2022-01-02 14:00:00,0.0,0,0.0,500.0,john_radcliffe_nhs
2022-01-02 15:00:00,0.0,0,0.0,500.0,john_radcliffe_nhs
2022-01-02 16:00:00,0.0,0,0.0,500.0,john_radcliffe_nhs
2022-01-02 17:00:00,0.0,0,0.0,500.0,john_radcliffe_nhs
2022-01-02 18:00:00,0.0,0,0.0,500.0,john_radcliffe_nhs
2022-01-02 19:00:00,0.0,0,0.0,500.0,john_radcliffe_nhs
2022-01-02 20:00:00,0.0,0,0.0,500.0,john_radcliffe_nhs
2022-01-02 21:00:00,0.0,0,0.0,500.0,john_radcliffe_nhs
2022-01-02 22:00:00,0.0,0,0.0,500.0,john_radcliffe_nhs
2022-01-02 23:00:00,0.0,0,0.0,500.0,john_radcliffe_nhs
2022-01-03 00:00:00,0.0,0,0.0,500.0,john_radcliffe_nhs
2022-01-03 01:00:00,0.0,0,0.0,500.0,john_radcliffe_nhs
2022-01-03 02:00:00,0.0,0,0.0,500.0,john_radcliffe_nhs
2022-01-03 03:00:00,0.0,0,0.0,500.0,john_radcliffe_nhs
2022-01-03 04:00:00,0.0,0,0.0,500.0,john_radcliffe_nhs
2022-01-03 05:00:00,0.0,0,0.0,500.0,john_radcliffe_nhs
2022-01-03 06:00:00,0.0,0,0.0,500.0,john_radcliffe_nhs
2022-01-03 07:00:00,0.0,0,0.0,500.0,john_radcliffe_nhs
2022-01-03 08:00:00,0.0,0,0.0,500.0,john_radcliffe_nhs
2022-01-03 09:00:00,0.0,0,0.0,500.0,john_radcliffe_nhs
2022-01-03 10:00:00,0.0,0,0.0,500.0,john_radcliffe_nhs
2022-01-03 11:00:00,0.0,0,0.0,500.0,john_radcliffe_nhs
2022-01-03 12:00:00,0.0,0,0.0,500.0,john_radcliffe_nhs
2022-01-03 13:00:00,0.0,0,0.0,500.0,john_radcliffe_nhs
2022-01-03 14:00:00,0.0,0,0.0,500.0,john_radcliffe_nhs
2022-01-03 15:00:00,0.0,0,0.0,500.0,john_radcliffe_nhs
2022-01-03 16:00:00,0.0,0,0.0,500.0,john_radcliffe_nhs
2022-01-03 17:00:00,0.0,0,0.0,500.0,john_radcliffe_nhs
2022-01-03 18:00:00,0.0,0,0.0,500.0,john_radcliffe_nhs
2022-01-03 19:00:00,0.0,0,0.0,500.0,john_radcliffe_nhs
2022-01-03 20:00:00,0.0,0,0.0,500.0,john_radcliffe_nhs
2022-01-03 21:00:00,0.0,0,0.0,500.0,john_radcliffe_nhs
2022-01-03 22:00:00,0.0,0,0.0,500.0,john_radcliffe_nhs
2022-01-03 23:00:00,0.0,0,0.0,500.0,john_radcliffe_nhs
2022-01-04 00:00:00,0.0,0,0.0,500.0,john_radcliffe_nhs
2022-01-04 01:00:00,0.0,0,0.0,500.0,john_radcliffe_nhs
2022-01-04 02:00:00,0.0,0,0.0,500.0,john_radcliffe_nhs
2022-01-04 03:00:00,0.0,0,0.0,500.0,john_radcliffe_nhs
2022-01-04 04:00:00,0.0,0,0.0,500.0,john_radcliffe_nhs
2022-01-04 05:00:00,0.0,0,0.0,500.0,john_radcliffe_nhs
2022-01-04 06:00:00,0.0,0,0.0,500.0,john_radcliffe_nhs
2022-01-04 07:00:00,0.0,0,0.0,500.0,john_radcliffe_nhs
2022-01-04 08:00:00,0.0,0,0.0,500.0,john_radcliffe_nhs
2022-01-04 09:00:00,0.0,0,0.0,500.0,john_radcliffe_nhs
2022-01-04 10:00:00,0.0,0,0.0,500.0,john_radcliffe_nhs
2022-01-04 11:00:00,0.0,0,0.0,500.0,john_radcliffe_nhs
2022-01-04 12:00:00,0.0,0,0.0,500.0,john_radcliffe_nhs
2022-01-04 13:00:00,0.0,0,0.0,500.0,john_radcliffe_nhs
2022-01-04 14:00:00,0.0,0,0.0,500.0,john_radcliffe_nhs
2022-01-04 15:00:00,0.0,0,0.0,500.0,john_radcliffe_nhs
2022-01-04 16:00:00,0.0,0,0.0,500.0,john_radcliffe_nhs
2022-01-04 17:00:00,0.0,0,0.0,500.0,john_radcliffe_nhs
2022-01-04 18:00:00,0.0,0,0.0,500.0,john_radcliffe_nhs
2022-01-04 19:00:00,0.0,0,0.0,500.0,john_radcliffe_nhs
2022-01-04 20:00:00,0.0,0,0.0,500.0,john_radcliffe_nhs
2022-01-04 21:00:00,0.0,0,0.0,500.0,john_radcliffe_nhs
2022-01-04 22:00:00,0.0,0,0.0,500.0,john_radcliffe_nhs
2022-01-04 23:00:00,0.0,0,0.0,500.0,john_radcliffe_nhs
2022-01-05 00:00:00,0.0,0,0.0,500.0,john_radcliffe_nhs
2022-01-05 01:00:00,0.0,0,0.0,500.0,john_radcliffe_nhs
2022-01-05 02:00:00,0.0,0,0.0,500.0,john_radcliffe_nhs
2022-01-05 03:00:00,0.0,0,0.0,500.0,john_radcliffe_nhs
2022-01-05 04:00:00,0.0,0,0.0,500.0,john_radcliffe_nhs
2022-01-05 05:00:00,0.0,0,0.0,500.0,john_radcliffe_nhs
2022-01-05 06:00:00,0.0,0,0.0,500.0,john_radcliffe_nhs
2022-01-05 07:00:00,0.0,0,0.0,500.0,john_radcliffe_nhs
2022-01-05 08:00:00,0.0,0,0.0,500.0,john_radcliffe_nhs
2022-01-05 09:00:00,0.0,0,0.0,500.0,john_radcliffe_nhs
2022-01-05 10:00:00,0.0,0,0.0,500.0,john_radcliffe_nhs
2022-01-05 11:00:00,0.0,0,0.0,500.0,john_radcliffe_nhs
2022-01-05 12:00:00,0.0,0,0.0,500.0,john_radcliffe_nhs
2022-01-05 13:00:00,0.0,0,0.0,500.0,john_radcliffe_nhs
2022-01-05 14:00:00,0.0,0,0.0,500.0,john_radcliffe_nhs
2022-01-05 15:00:00,0.0,0,0.0,500.0,john_radcliffe_nhs
2022-01-05 16:00:00,0.0,0,0.0,500.0,john_radcliffe_nhs
2022-01-05 17:00:00,0.0,0,0.0,500.0,john_radcliffe_nhs
2022-01-05 18:00:00,0.0,0,0.0,500.0,john_radcliffe_nhs
2022-01-05 19:00:00,0.0,0,0.0,500.0,john_radcliffe_nhs
2022-01-05 20:00:00,0.0,0,0.0,500.0,john_radcliffe_nhs
2022-01-05 21:00:00,0.0,0,0.0,500.0,john_radcliffe_nhs
2022-01-05 22:00:00,0.0,0,0.0,500.0,john_radcliffe_nhs
2022-01-05 23:00:00,0.0,0,0.0,500.0,john_radcliffe_nhs
2022-01-06 00:00:00,0.0,0,0.0,500.0,john_radcliffe_nhs
2022-01-06 01:00:00,0.0,0,0.0,500.0,john_radcliffe_nhs
2022-01-06 02:00:00,0.0,0,0.0,500.0,john_radcliffe_nhs
2022-01-06 03:00:00,0.0,0,0.0,500.0,john_radcliffe_nhs
2022-01-06 04:00:00,0.0,0,0.0,500.0,john_radcliffe_nhs
2022-01-06 05:00:00,0.0,0,0.0,500.0,john_radcliffe_nhs
2022-01-06 06:00:00,0.0,0,0.0,500.0,john_radcliffe_nhs
2022-01-06 07:00:00,0.0,0,0.0,500.0,john_radcliffe_nhs
2022-01-06 08:00:00,0.0,0,0.0,500.0,john_radcliffe_nhs
2022-01-06 09:00:00,0.0,0,0.0,500.0,john_radcliffe_nhs
2022-01-06 10:00:00,0.0,0,0.0,500.0,john_radcliffe_nhs
2022-01-06 11:00:00,0.0,0,0.0,500.0,john_radcliffe_nhs
2022-01-06 12:00:00,0.0,0,0.0,500.0,john_radcliffe_nhs
2022-01-06 13:00:00,0.0,0,0.0,500.0,john_radcliffe_nhs
2022-01-06 14:00:00,0.0,0,0.0,500.0,john_radcliffe_nhs
2022-01-06 15:00:00,0.0,0,0.0,500.0,john_radcliffe_nhs
2022-01-06 16:00:00,0.0,0,0.0,500.0,john_radcliffe_nhs
2022-01-06 17:00:00,0.0,0,0.0,500.0,john_radcliffe_nhs
2022-01-06 18:00:00,0.0,0,0.0,500.0,john_radcliffe_nhs
2022-01-06 19:00:00,0.0,0,0.0,500.0,john_radcliffe_nhs
2022-01-06 20:00:00,0.0,0,0.0,500.0,john_radcliffe_nhs
2022-01-06 21:00:00,0.0,0,0.0,500.0,john_radcliffe_nhs
2022-01-06 22:00:00,0.0,0,0.0,500.0,john_radcliffe_nhs
2022-01-06 23:00:00,0.0,0,0.0,500.0,john_radcliffe_nhs
2022-01-07 00:00:00,0.0,0,0.0,500.0,john_radcliffe_nhs
2022-01-07 01:00:00,0.0,0,0.0,500.0,john_radcliffe_nhs
2022-01-07 02:00:00,0.0,0,0.0,500.0,john_radcliffe_nhs
2022-01-07 03:00:00,0.0,0,0.0,500.0,john_radcliffe_nhs
2022-01-07 04:00:00,0.0,0,0.0,500.0,john_radcliffe_nhs
2022-01-07 05:00:00,0.0,0,0.0,500.0,john_radcliffe_nhs
2022-01-07 06:00:00,0.0,0,0.0,500.0,john_radcliffe_nhs
2022-01-07 07:00:00,0.0,0,0.0,500.0,john_radcliffe_nhs
2022-01-07 08:00:00,0.0,0,0.0,500.0,john_radcliffe_nhs
2022-01-07 09:00:00,0.0,0,0.0,500.0,john_radcliffe_nhs
2022-01-07 10:00:00,0.0,0,0.0,500.0,john_radcliffe_nhs
2022-01-07 11:00:00,0.0,0,0.0,500.0,john_radcliffe_nhs
2022-01-07 12:00:00,0.0,0,0.0,500.0,john_radcliffe_nhs
2022-01-07 13:00:00,0.0,0,0.0,500.0,john_radcliffe_nhs
2022-01-07 14:00:00,0.0,0,0.0,500.0,john_radcliffe_nhs
2022-01-07 15:00:00,0.0,0,0.0,500.0,john_radcliffe_nhs
2022-01-07 16:00:00,0.0,0,0.0,500.0,john_radcliffe_nhs
2022-01-07 17:00:00,0.0,0,0.0,500.0,john_radcliffe_nhs
2022-01-07 18:00:00,0.0,0,0.0,500.0,john_radcliffe_nhs
2022-01-07 19:00:00,0.0,0,0.0,500.0,john_radcliffe_nhs
2022-01-07 20:00:00,0.0,0,0.0,500.0,john_radcliffe_nhs
2022-01-07 21:00:00,0.0,0,0.0,500.0,john_radcliffe_nhs
2022-01-07 22:00:00,0.0,0,0.0,500.0,john_radcliffe_nhs
2022-01-07 23:00:00,0.0,0,0.0,500.0,john_radcliffe_nhs
2022-01-08 00:00:00,0.0,0,0.0,500.0,john_radcliffe_nhs
2022-01-08 01:00:00,0.0,0,0.0,500.0,john_radcliffe_nhs
2022-01-08 02:00:00,0.0,0,0.0,500.0,john_radcliffe_nhs
2022-01-08 03:00:00,0.0,0,0.0,500.0,john_radcliffe_nhs
2022-01-08 04:00:00,0.0,0,0.0,500.0,john_radcliffe_nhs
2022-01-08 05:00:00,0.0,0,0.0,500.0,john_radcliffe_nhs
2022-01-08 06:00:00,0.0,0,0.0,500.0,john_radcliffe_nhs
2022-01-08 07:00:00,0.0,0,0.0,500.0,john_radcliffe_nhs
2022-01-08 08:00:00,0.0,0,0.0,500.0,john_radcliffe_nhs
2022-01-08 09:00:00,0.0,0,0.0,500.0,john_radcliffe_nhs
2022-01-08 10:00:00,0.0,0,0.0,500.0,john_radcliffe_nhs
2022-01-08 11:00:00,0.0,0,0.0,500.0,john_radcliffe_nhs
2022-01-08 12:00:00,0.0,0,0.0,500.0,john_radcliffe_nhs
2022-01-08 13:00:00,0.0,0,0.0,500.0,john_radcliffe_nhs
2022-01-08 14:00:00,0.0,0,0.0,500.0,john_radcliffe_nhs
2022-01-08 15:00:00,0.0,0,0.0,500.0,john_radcliffe_nhs
2022-01-08 16:00:00,0.0,0,0.0,500.0,john_radcliffe_nhs
2022-01-08 17:00:00,0.0,0,0.0,500.0,john_radcliffe_nhs
2022-01-08 18:00:00,0.0,0,0.0,500.0,john_radcliffe_nhs
2022-01-08 19:00:00,0.0,0,0.0,500.0,john_radcliffe_nhs
2022-01-08 20:00:00,0.0,0,0.0,500.0,john_radcliffe_nhs
2022-01-08 21:00:00,0.0,0,0.0,500.0,john_radcliffe_nhs
2022-01-08 22:00:00,0.0,0,0.0,500.0,john_radcliffe_nhs
2022-01-08 23:00:00,0.0,0,0.0,500.0,john_radcliffe_nhs
2022-01-09 00:00:00,0.0,0,0.0,500.0,john_radcliffe_nhs
2022-01-09 01:00:00,0.0,0,0.0,500.0,john_radcliffe_nhs
2022-01-09 02:00:00,0.0,0,0.0,500.0,john_radcliffe_nhs
2022-01-09 03:00:00,0.0,0,0.0,500.0,john_radcliffe_nhs
2022-01-09 04:00:00,0.0,0,0.0,500.0,john_radcliffe_nhs
2022-01-09 05:00:00,0.0,0,0.0,500.0,john_radcliffe_nhs
2022-01-09 06:00:00,0.0,0,0.0,500.0,john_radcliffe_nhs
2022-01-09 07:00:00,0.0,0,0.0,500.0,john_radcliffe_nhs
2022-01-09 08:00:00,0.0,0,0.0,500.0,john_radcliffe_nhs
2022-01-09 09:00:00,0.0,0,0.0,500.0,john_radcliffe_nhs
2022-01-09 10:00:00,0.0,0,0.0,500.0,john_radcliffe_nhs
2022-01-09 11:00:00,0.0,0,0.0,500.0,john_radcliffe_nhs
2022-01-09 12:00:00,0.0,0,0.0,500.0,john_radcliffe_nhs
2022-01-09 13:00:00,0.0,0,0.0,500.0,john_radcliffe_nhs
2022-01-09 14:00:00,0.0,0,0.0,500.0,john_radcliffe_nhs
2022-01-09 15:00:00,0.0,0,0.0,500.0,john_radcliffe_nhs
2022-01-09 16:00:00,0.0,0,0.0,500.0,john_radcliffe_nhs
2022-01-09 17:00:00,0.0,0,0.0,500.0,john_radcliffe_nhs
2022-01-09 18:00:00,0.0,0,0.0,500.0,john_radcliffe_nhs
2022-01-09 19:00:00,0.0,0,0.0,500.0,john_radcliffe_nhs
2022-01-09 20:00:00,0.0,0,0.0,500.0,john_radcliffe_nhs
2022-01-09 21:00:00,0.0,0,0.0,500.0,john_radcliffe_nhs
2022-01-09 22:00:00,0.0,0,0.0,500.0,john_radcliffe_nhs
2022-01-09 23:00:00,0.0,0,0.0,500.0,john_radcliffe_nhs
2022-01-10 00:00:00,0.0,0,0.0,500.0,john_radcliffe_nhs
2022-01-10 01:00:00,0.0,0,0.0,500.0,john_radcliffe_nhs
2022-01-10 02:00:00,0.0,0,0.0,500.0,john_radcliffe_nhs
2022-01-10 03:00:00,0.0,0,0.0,500.0,john_radcliffe_nhs
2022-01-10 04:00:00,0.0,0,0.0,500.0,john_radcliffe_nhs
2022-01-10 05:00:00,0.0,0,0.0,500.0,john_radcliffe_nhs
2022-01-10 06:00:00,0.0,0,0.0,500.0,john_radcliffe_nhs
2022-01-10 07:00:00,0.0,0,0.0,500.0,john_radcliffe_nhs
2022-01-10 08:00:00,0.0,0,0.0,500.0,john_radcliffe_nhs
2022-01-10 09:00:00,0.0,0,0.0,500.0,john_radcliffe_nhs
2022-01-10 10:00:00,0.0,0,0.0,500.0,john_radcliffe_nhs
2022-01-10 11:00:00,0.0,0,0.0,500.0,john_radcliffe_nhs
2022-01-10 12:00:00,0.0,0,0.0,500.0,john_radcliffe_nhs
2022-01-10 13:00:00,0.0,0,0.0,500.0,john_radcliffe_nhs
2022-01-10 14:00:00,0.0,0,0.0,500.0,john_radcliffe_nhs
2022-01-10 15:00:00,0.0,0,0.0,500.0,john_radcliffe_nhs
2022-01-10 16:00:00,0.0,0,0.0,500.0,john_radcliffe_nhs
2022-01-10 17:00:00,0.0,0,0.0,500.0,john_radcliffe_nhs
2022-01-10 18:00:00,0.0,0,0.0,500.0,john_radcliffe_nhs
2022-01-10 19:00:00,0.0,0,0.0,500.0,john_radcliffe_nhs
2022-01-10 20:00:00,0.0,0,0.0,500.0,john_radcliffe_nhs
2022-01-10 21:00:00,0.0,0,0.0,500.0,john_radcliffe_nhs
2022-01-10 22:00:00,0.0,0,0.0,500.0,john_radcliffe_nhs
2022-01-10 23:00:00,0.0,0,0.0,500.0,john_radcliffe_nhs
2022-01-11 00:00:00,0.0,0,0.0,500.0,john_radcliffe_nhs
2022-01-11 01:00:00,0.0,0,0.0,500.0,john_radcliffe_nhs
2022-01-11 02:00:00,0.0,0,0.0,500.0,john_radcliffe_nhs
2022-01-11 03:00:00,0.0,0,0.0,500.0,john_radcliffe_nhs
2022-01-11 04:00:00,0.0,0,0.0,500.0,john_radcliffe_nhs
2022-01-11 05:00:00,0.0,0,0.0,500.0,john_radcliffe_nhs
2022-01-11 06:00:00,0.0,0,0.0,500.0,john_radcliffe_nhs
2022-01-11 07:00:00,0.0,0,0.0,500.0,john_radcliffe_nhs
2022-01-11 08:00:00,0.0,0,0.0,500.0,john_radcliffe_nhs
2022-01-11 09:00:00,0.0,0,0.0,500.0,john_radcliffe_nhs
2022-01-11 10:00:00,0.0,0,0.0,500.0,john_radcliffe_nhs
2022-01-11 11:00:00,0.0,0,0.0,500.0,john_radcliffe_nhs
2022-01-11 12:00:00,0.0,0,0.0,500.0,john_radcliffe_nhs
2022-01-11 13:00:00,0.0,0,0.0,500.0,john_radcliffe_nhs
2022-01-11 14:00:00,0.0,0,0.0,500.0,john_radcliffe_nhs
2022-01-11 15:00:00,0.0,0,0.0,500.0,john_radcliffe_nhs
2022-01-11 16:00:00,0.0,0,0.0,500.0,john_radcliffe_nhs
2022-01-11 17:00:00,0.0,0,0.0,500.0,john_radcliffe_nhs
2022-01-11 18:00:00,0.0,0,0.0,500.0,john_radcliffe_nhs
2022-01-11 19:00:00,0.0,0,0.0,500.0,john_radcliffe_nhs
2022-01-11 20:00:00,0.0,0,0.0,500.0,john_radcliffe_nhs
2022-01-11 21:00:00,0.0,0,0.0,500.0,john_radcliffe_nhs
2022-01-11 22:00:00,0.0,0,0.0,500.0,john_radcliffe_nhs
2022-01-11 23:00:00,0.0,0,0.0,500.0,john_radcliffe_nhs
2022-01-12 00:00:00,0.0,0,0.0,500.0,john_radcliffe_nhs
2022-01-12 01:00:00,0.0,0,0.0,500.0,john_radcliffe_nhs
2022-01-12 02:00:00,0.0,0,0.0,500.0,john_radcliffe_nhs
2022-01-12 03:00:00,0.0,0,0.0,500.0,john_radcliffe_nhs
2022-01-12 04:00:00,0.0,0,0.0,500.0,john_radcliffe_nhs
2022-01-12 05:00:00,0.0,0,0.0,500.0,john_radcliffe_nhs
2022-01-12 06:00:00,0.0,0,0.0,500.0,john_radcliffe_nhs
2022-01-12 07:00:00,0.0,0,0.0,500.0,john_radcliffe_nhs
2022-01-12 08:00:00,0.0,0,0.0,500.0,john_radcliffe_nhs
2022-01-12 09:00:00,0.0,0,0.0,500.0,john_radcliffe_nhs
2022-01-12 10:00:00,0.0,0,0.0,500.0,john_radcliffe_nhs
2022-01-12 11:00:00,0.0,0,0.0,500.0,john_radcliffe_nhs
2022-01-12 12:00:00,0.0,0,0.0,500.0,john_radcliffe_nhs
2022-01-12 13:00:00,0.0,0,0.0,500.0,john_radcliffe_nhs
2022-01-12 14:00:00,0.0,0,0.0,500.0,john_radcliffe_nhs
2022-01-12 15:00:00,0.0,0,0.0,500.0,john_radcliffe_nhs
2022-01-12 16:00:00,0.0,0,0.0,500.0,john_radcliffe_nhs
2022-01-12 17:00:00,0.0,0,0.0,500.0,john_radcliffe_nhs
2022-01-12 18:00:00,0.0,0,0.0,500.0,john_radcliffe_nhs
2022-01-12 19:00:00,0.0,0,0.0,500.0,john_radcliffe_nhs
2022-01-12 20:00:00,0.0,0,0.0,500.0,john_radcliffe_nhs
2022-01-12 21:00:00,0.0,0,0.0,500.0,john_radcliffe_nhs
2022-01-12 22:00:00,0.0,0,0.0,500.0,john_radcliffe_nhs
2022-01-12 23:00:00,0.0,0,0.0,500.0,john_radcliffe_nhs
2022-01-13 00:00:00,0.0,0,0.0,500.0,john_radcliffe_nhs
2022-01-13 01:00:00,0.0,0,0.0,500.0,john_radcliffe_nhs
2022-01-13 02:00:00,0.0,0,0.0,500.0,john_radcliffe_nhs
2022-01-13 03:00:00,0.0,0,0.0,500.0,john_radcliffe_nhs
2022-01-13 04:00:00,0.0,0,0.0,500.0,john_radcliffe_nhs
2022-01-13 05:00:00,0.0,0,0.0,500.0,john_radcliffe_nhs
2022-01-13 06:00:00,0.0,0,0.0,500.0,john_radcliffe_nhs
2022-01-13 07:00:00,0.0,0,0.0,500.0,john_radcliffe_nhs
2022-01-13 08:00:00,0.0,0,0.0,500.0,john_radcliffe_nhs
2022-01-13 09:00:00,0.0,0,0.0,500.0,john_radcliffe_nhs
2022-01-13 10:00:00,0.0,0,0.0,500.0,john_radcliffe_nhs
2022-01-13 11:00:00,0.0,0,0.0,500.0,john_radcliffe_nhs
2022-01-13 12:00:00,0.0,0,0.0,500.0,john_radcliffe_nhs
2022-01-13 13:00:00,0.0,0,0.0,500.0,john_radcliffe_nhs
2022-01-13 14:00:00,0.0,0,0.0,500.0,john_radcliffe_nhs
2022-01-13 15:00:00,0.0,0,0.0,500.0,john_radcliffe_nhs
2022-01-13 16:00:00,0.0,0,0.0,500.0,john_radcliffe_nhs
2022-01-13 17:00:00,0.0,0,0.0,500.0,john_radcliffe_nhs
2022-01-13 18:00:00,0.0,0,0.0,500.0,john_radcliffe_nhs
2022-01-13 19:00:00,0.0,0,0.0,500.0,john_radcliffe_nhs
2022-01-13 20:00:00,0.0,0,0.0,500.0,john_radcliffe_nhs
2022-01-13 21:00:00,0.0,0,0.0,500.0,john_radcliffe_nhs
2022-01-13 22:00:00,0.0,0,0.0,500.0,john_radcliffe_nhs
2022-01-13 23:00:00,0.0,0,0.0,500.0,john_radcliffe_nhs
2022-01-14 00:00:00,0.0,0,0.0,500.0,john_radcliffe_nhs
2022-01-14 01:00:00,0.0,0,0.0,500.0,john_radcliffe_nhs
2022-01-14 02:00:00,0.0,0,0.0,500.0,john_radcliffe_nhs
2022-01-14 03:00:00,0.0,0,0.0,500.0,john_radcliffe_nhs
2022-01-14 04:00:00,0.0,0,0.0,500.0,john_radcliffe_nhs
2022-01-14 05:00:00,0.0,0,0.0,500.0,john_radcliffe_nhs
2022-01-14 06:00:00,0.0,0,0.0,500.0,john_radcliffe_nhs
2022-01-14 07:00:00,0.0,0,0.0,500.0,john_radcliffe_nhs
2022-01-14 08:00:00,0.0,0,0.0,500.0,john_radcliffe_nhs
2022-01-14 09:00:00,0.0,0,0.0,500.0,john_radcliffe_nhs
2022-01-14 10:00:00,0.0,0,0.0,500.0,john_radcliffe_nhs
2022-01-14 11:00:00,0.0,0,0.0,500.0,john_radcliffe_nhs
2022-01-14 12:00:00,0.0,0,0.0,500.0,john_radcliffe_nhs
2022-01-14 13:00:00,0.0,0,0.0,500.0,john_radcliffe_nhs
2022-01-14 14:00:00,0.0,0,0.0,500.0,john_radcliffe_nhs
2022-01-14 15:00:00,0.0,0,0.0,500.0,john_radcliffe_nhs
2022-01-14 16:00:00,0.0,0,0.0,500.0,john_radcliffe_nhs
2022-01-14 17:00:00,0.0,0,0.0,500.0,john_radcliffe_nhs
2022-01-14 18:00:00,0.0,0,0.0,500.0,john_radcliffe_nhs
2022-01-14 19:00:00,0.0,0,0.0,500.0,john_radcliffe_nhs
2022-01-14 20:00:00,0.0,0,0.0,500.0,john_radcliffe_nhs
2022-01-14 21:00:00,0.0,0,0.0,500.0,john_radcliffe_nhs
2022-01-14 22:00:00,0.0,0,0.0,500.0,john_radcliffe_nhs
2022-01-14 23:00:00,0.0,0,0.0,500.0,john_radcliffe_nhs
2022-01-15 00:00:00,0.0,0,0.0,500.0,john_radcliffe_nhs
2022-01-15 01:00:00,0.0,0,0.0,500.0,john_radcliffe_nhs
2022-01-15 02:00:00,0.0,0,0.0,500.0,john_radcliffe_nhs
2022-01-15 03:00:00,0.0,0,0.0,500.0,john_radcliffe_nhs
2022-01-15 04:00:00,0.0,0,0.0,500.0,john_radcliffe_nhs
2022-01-15 05:00:00,0.0,0,0.0,500.0,john_radcliffe_nhs
2022-01-15 06:00:00,0.0,0,0.0,500.0,john_radcliffe_nhs
2022-01-15 07:00:00,0.0,0,0.0,500.0,john_radcliffe_nhs
2022-01-15 08:00:00,0.0,0,0.0,500.0,john_radcliffe_nhs
2022-01-15 09:00:00,0.0,0,0.0,500.0,john_radcliffe_nhs
2022-01-15 10:00:00,0.0,0,0.0,500.0,john_radcliffe_nhs
2022-01-15 11:00:00,0.0,0,0.0,500.0,john_radcliffe_nhs
2022-01-15 12:00:00,0.0,0,0.0,500.0,john_radcliffe_nhs
2022-01-15 13:00:00,0.0,0,0.0,500.0,john_radcliffe_nhs
2022-01-15 14:00:00,0.0,0,0.0,500.0,john_radcliffe_nhs
2022-01-15 15:00:00,0.0,0,0.0,500.0,john_radcliffe_nhs
2022-01-15 16:00:00,0.0,0,0.0,500.0,john_radcliffe_nhs
2022-01-15 17:00:00,0.0,0,0.0,500.0,john_radcliffe_nhs
2022-01-15 18:00:00,0.0,0,0.0,500.0,john_radcliffe_nhs
2022-01-15 19:00:00,0.0,0,0.0,500.0,john_radcliffe_nhs
2022-01-15 20:00:00,0.0,0,0.0,500.0,john_radcliffe_nhs
2022-01-15 21:00:00,0.0,0,0.0,500.0,john_radcliffe_nhs
2022-01-15 22:00:00,0.0,0,0.0,500.0,john_radcliffe_nhs
2022-01-15 23:00:00,0.0,0,0.0,500.0,john_radcliffe_nhs
2022-01-16 00:00:00,0.0,0,0.0,500.0,john_radcliffe_nhs
2022-01-16 01:00:00,0.0,0,0.0,500.0,john_radcliffe_nhs
2022-01-16 02:00:00,0.0,0,0.0,500.0,john_radcliffe_nhs
2022-01-16 03:00:00,0.0,0,0.0,500.0,john_radcliffe_nhs
2022-01-16 04:00:00,0.0,0,0.0,500.0,john_radcliffe_nhs
2022-01-16 05:00:00,0.0,0,0.0,500.0,john_radcliffe_nhs
2022-01-16 06:00:00,0.0,0,0.0,500.0,john_radcliffe_nhs
2022-01-16 07:00:00,0.0,0,0.0,500.0,john_radcliffe_nhs
2022-01-16 08:00:00,0.0,0,0.0,500.0,john_radcliffe_nhs
2022-01-16 09:00:00,0.0,0,0.0,500.0,john_radcliffe_nhs
2022-01-16 10:00:00,0.0,0,0.0,500.0,john_radcliffe_nhs
2022-01-16 11:00:00,0.0,0,0.0,500.0,john_radcliffe_nhs
2022-01-16 12:00:00,0.0,0,0.0,500.0,john_radcliffe_nhs
2022-01-16 13:00:00,0.0,0,0.0,500.0,john_radcliffe_nhs
2022-01-16 14:00:00,0.0,0,0.0,500.0,john_radcliffe_nhs
2022-01-16 15:00:00,0.0,0,0.0,500.0,john_radcliffe_nhs
2022-01-16 16:00:00,0.0,0,0.0,500.0,john_radcliffe_nhs
2022-01-16 17:00:00,0.0,0,0.0,500.0,john_radcliffe_nhs
2022-01-16 18:00:00,0.0,0,0.0,500.0,john_radcliffe_nhs
2022-01-16 19:00:00,0.0,0,0.0,500.0,john_radcliffe_nhs
2022-01-16 20:00:00,0.0,0,0.0,500.0,john_radcliffe_nhs
2022-01-16 21:00:00,0.0,0,0.0,500.0,john_radcliffe_nhs
2022-01-16 22:00:00,0.0,0,0.0,500.0,john_radcliffe_nhs
2022-01-16 23:00:00,0.0,0,0.0,500.0,john_radcliffe_nhs
2022-01-17 00:00:00,0.0,0,0.0,500.0,john_radcliffe_nhs
2022-01-17 01:00:00,0.0,0,0.0,500.0,john_radcliffe_nhs
2022-01-17 02:00:00,0.0,0,0.0,500.0,john_radcliffe_nhs
2022-01-17 03:00:00,0.0,0,0.0,500.0,john_radcliffe_nhs
2022-01-17 04:00:00,0.0,0,0.0,500.0,john_radcliffe_nhs
2022-01-17 05:00:00,0.0,0,0.0,500.0,john_radcliffe_nhs
2022-01-17 06:00:00,0.0,0,0.0,500.0,john_radcliffe_nhs
2022-01-17 07:00:00,0.0,0,0.0,500.0,john_radcliffe_nhs
2022-01-17 08:00:00,0.0,0,0.0,500.0,john_radcliffe_nhs
2022-01-17 09:00:00,0.0,0,0.0,500.0,john_radcliffe_nhs
2022-01-17 10:00:00,0.0,0,0.0,500.0,john_radcliffe_nhs
2022-01-17 11:00:00,0.0,0,0.0,500.0,john_radcliffe_nhs
2022-01-17 12:00:00,0.0,0,0.0,500.0,john_radcliffe_nhs
2022-01-17 13:00:00,0.0,0,0.0,500.0,john_radcliffe_nhs
2022-01-17 14:00:00,0.0,0,0.0,500.0,john_radcliffe_nhs
2022-01-17 15:00:00,0.0,0,0.0,500.0,john_radcliffe_nhs
2022-01-17 16:00:00,0.0,0,0.0,500.0,john_radcliffe_nhs
2022-01-17 17:00:00,0.0,0,0.0,500.0,john_radcliffe_nhs
2022-01-17 18:00:00,0.0,0,0.0,500.0,john_radcliffe_nhs
2022-01-17 19:00:00,0.0,0,0.0,500.0,john_radcliffe_nhs
2022-01-17 20:00:00,0.0,0,0.0,500.0,john_radcliffe_nhs
2022-01-17 21:00:00,0.0,0,0.0,500.0,john_radcliffe_nhs
2022-01-17 22:00:00,0.0,0,0.0,500.0,john_radcliffe_nhs
2022-01-17 23:00:00,0.0,0,0.0,500.0,john_radcliffe_nhs
2022-01-18 00:00:00,0.0,0,0.0,500.0,john_radcliffe_nhs
2022-01-18 01:00:00,0.0,0,0.0,500.0,john_radcliffe_nhs
2022-01-18 02:00:00,0.0,0,0.0,500.0,john_radcliffe_nhs
2022-01-18 03:00:00,0.0,0,0.0,500.0,john_radcliffe_nhs
2022-01-18 04:00:00,0.0,0,0.0,500.0,john_radcliffe_nhs
2022-01-18 05:00:00,0.0,0,0.0,500.0,john_radcliffe_nhs
2022-01-18 06:00:00,0.0,0,0.0,500.0,john_radcliffe_nhs
2022-01-18 07:00:00,0.0,0,0.0,500.0,john_radcliffe_nhs
2022-01-18 08:00:00,0.0,0,0.0,500.0,john_radcliffe_nhs
2022-01-18 09:00:00,0.0,0,0.0,500.0,john_radcliffe_nhs
2022-01-18 10:00:00,0.0,0,0.0,500.0,john_radcliffe_nhs
2022-01-18 11:00:00,0.0,0,0.0,500.0,john_radcliffe_nhs
2022-01-18 12:00:00,0.0,0,0.0,500.0,john_radcliffe_nhs
2022-01-18 13:00:00,0.0,0,0.0,500.0,john_radcliffe_nhs
2022-01-18 14:00:00,0.0,0,0.0,500.0,john_radcliffe_nhs
2022-01-18 15:00:00,0.0,0,0.0,500.0,john_radcliffe_nhs
2022-01-18 16:00:00,0.0,0,0.0,500.0,john_radcliffe_nhs
2022-01-18 17:00:00,0.0,0,0.0,500.0,john_radcliffe_nhs
2022-01-18 18:00:00,0.0,0,0.0,500.0,john_radcliffe_nhs
2022-01-18 19:00:00,0.0,0,0.0,500.0,john_radcliffe_nhs
2022-01-18 20:00:00,0.0,0,0.0,500.0,john_radcliffe_nhs
2022-01-18 21:00:00,0.0,0,0.0,500.0,john_radcliffe_nhs
2022-01-18 22:00:00,0.0,0,0.0,500.0,john_radcliffe_nhs
2022-01-18 23:00:00,0.0,0,0.0,500.0,john_radcliffe_nhs
2022-01-19 00:00:00,0.0,0,0.0,500.0,john_radcliffe_nhs
2022-01-19 01:00:00,0.0,0,0.0,500.0,john_radcliffe_nhs
2022-01-19 02:00:00,0.0,0,0.0,500.0,john_radcliffe_nhs
2022-01-19 03:00:00,0.0,0,0.0,500.0,john_radcliffe_nhs
2022-01-19 04:00:00,0.0,0,0.0,500.0,john_radcliffe_nhs
2022-01-19 05:00:00,0.0,0,0.0,500.0,john_radcliffe_nhs
2022-01-19 06:00:00,0.0,0,0.0,500.0,john_radcliffe_nhs
2022-01-19 07:00:00,0.0,0,0.0,500.0,john_radcliffe_nhs
2022-01-19 08:00:00,0.0,0,0.0,500.0,john_radcliffe_nhs
2022-01-19 09:00:00,0.0,0,0.0,500.0,john_radcliffe_nhs
2022-01-19 10:00:00,0.0,0,0.0,500.0,john_radcliffe_nhs
2022-01-19 11:00:00,0.0,0,0.0,500.0,john_radcliffe_nhs
2022-01-19 12:00:00,0.0,0,0.0,500.0,john_radcliffe_nhs
2022-01-19 13:00:00,0.0,0,0.0,500.0,john_radcliffe_nhs
2022-01-19 14:00:00,0.0,0,0.0,500.0,john_radcliffe_nhs
2022-01-19 15:00:00,0.0,0,0.0,500.0,john_radcliffe_nhs
2022-01-19 16:00:00,0.0,0,0.0,500.0,john_radcliffe_nhs
2022-01-19 17:00:00,0.0,0,0.0,500.0,john_radcliffe_nhs
2022-01-19 18:00:00,0.0,0,0.0,500.0,john_radcliffe_nhs
2022-01-19 19:00:00,0.0,0,0.0,500.0,john_radcliffe_nhs
2022-01-19 20:00:00,0.0,0,0.0,500.0,john_radcliffe_nhs
2022-01-19 21:00:00,0.0,0,0.0,500.0,john_radcliffe_nhs
2022-01-19 22:00:00,0.0,0,0.0,500.0,john_radcliffe_nhs
2022-01-19 23:00:00,0.0,0,0.0,500.0,john_radcliffe_nhs
2022-01-20 00:00:00,0.0,0,0.0,500.0,john_radcliffe_nhs
2022-01-20 01:00:00,0.0,0,0.0,500.0,john_radcliffe_nhs
2022-01-20 02:00:00,0.0,0,0.0,500.0,john_radcliffe_nhs
2022-01-20 03:00:00,0.0,0,0.0,500.0,john_radcliffe_nhs
2022-01-20 04:00:00,0.0,0,0.0,500.0,john_radcliffe_nhs
2022-01-20 05:00:00,0.0,0,0.0,500.0,john_radcliffe_nhs
2022-01-20 06:00:00,0.0,0,0.0,500.0,john_radcliffe_nhs
2022-01-20 07:00:00,0.0,0,0.0,500.0,john_radcliffe_nhs
2022-01-20 08:00:00,0.0,0,0.0,500.0,john_radcliffe_nhs
2022-01-20 09:00:00,0.0,0,0.0,500.0,john_radcliffe_nhs
2022-01-20 10:00:00,0.0,0,0.0,500.0,john_radcliffe_nhs
2022-01-20 11:00:00,0.0,0,0.0,500.0,john_radcliffe_nhs
2022-01-20 12:00:00,0.0,0,0.0,500.0,john_radcliffe_nhs
2022-01-20 13:00:00,0.0,0,0.0,500.0,john_radcliffe_nhs
2022-01-20 14:00:00,0.0,0,0.0,500.0,john_radcliffe_nhs
2022-01-20 15:00:00,0.0,0,0.0,500.0,john_radcliffe_nhs
2022-01-20 16:00:00,0.0,0,0.0,500.0,john_radcliffe_nhs
2022-01-20 17:00:00,0.0,0,0.0,500.0,john_radcliffe_nhs
2022-01-20 18:00:00,0.0,0,0.0,500.0,john_radcliffe_nhs
2022-01-20 19:00:00,0.0,0,0.0,500.0,john_radcliffe_nhs
2022-01-20 20:00:00,0.0,0,0.0,500.0,john_radcliffe_nhs
2022-01-20 21:00:00,0.0,0,0.0,500.0,john_radcliffe_nhs
2022-01-20 22:00:00,0.0,0,0.0,500.0,john_radcliffe_nhs
2022-01-20 23:00:00,0.0,0,0.0,500.0,john_radcliffe_nhs
2022-01-21 00:00:00,0.0,0,0.0,500.0,john_radcliffe_nhs
2022-01-21 01:00:00,0.0,0,0.0,500.0,john_radcliffe_nhs
2022-01-21 02:00:00,0.0,0,0.0,500.0,john_radcliffe_nhs
2022-01-21 03:00:00,0.0,0,0.0,500.0,john_radcliffe_nhs
2022-01-21 04:00:00,0.0,0,0.0,500.0,john_radcliffe_nhs
2022-01-21 05:00:00,0.0,0,0.0,500.0,john_radcliffe_nhs
2022-01-21 06:00:00,0.0,0,0.0,500.0,john_radcliffe_nhs
2022-01-21 07:00:00,0.0,0,0.0,500.0,john_radcliffe_nhs
2022-01-21 08:00:00,0.0,0,0.0,500.0,john_radcliffe_nhs
2022-01-21 09:00:00,0.0,0,0.0,500.0,john_radcliffe_nhs
2022-01-21 10:00:00,0.0,0,0.0,500.0,john_radcliffe_nhs
2022-01-21 11:00:00,0.0,0,0.0,500.0,john_radcliffe_nhs
2022-01-21 12:00:00,0.0,0,0.0,500.0,john_radcliffe_nhs
2022-01-21 13:00:00,0.0,0,0.0,500.0,john_radcliffe_nhs
2022-01-21 14:00:00,0.0,0,0.0,500.0,john_radcliffe_nhs
2022-01-21 15:00:00,0.0,0,0.0,500.0,john_radcliffe_nhs
2022-01-21 16:00:00,0.0,0,0.0,500.0,john_radcliffe_nhs
2022-01-21 17:00:00,0.0,0,0.0,500.0,john_radcliffe_nhs
2022-01-21 18:00:00,0.0,0,0.0,500.0,john_radcliffe_nhs
2022-01-21 19:00:00,0.0,0,0.0,500.0,john_radcliffe_nhs
2022-01-21 20:00:00,0.0,0,0.0,500.0,john_radcliffe_nhs
2022-01-21 21:00:00,0.0,0,0.0,500.0,john_radcliffe_nhs
2022-01-21 22:00:00,0.0,0,0.0,500.0,john_radcliffe_nhs
2022-01-21 23:00:00,0.0,0,0.0,500.0,john_radcliffe_nhs
2022-01-22 00:00:00,0.0,0,0.0,500.0,john_radcliffe_nhs
2022-01-22 01:00:00,0.0,0,0.0,500.0,john_radcliffe_nhs
2022-01-22 02:00:00,0.0,0,0.0,500.0,john_radcliffe_nhs
2022-01-22 03:00:00,0.0,0,0.0,500.0,john_radcliffe_nhs
2022-01-22 04:00:00,0.0,0,0.0,500.0,john_radcliffe_nhs
2022-01-22 05:00:00,0.0,0,0.0,500.0,john_radcliffe_nhs
2022-01-22 06:00:00,0.0,0,0.0,500.0,john_radcliffe_nhs
2022-01-22 07:00:00,0.0,0,0.0,500.0,john_radcliffe_nhs
2022-01-22 08:00:00,0.0,0,0.0,500.0,john_radcliffe_nhs
2022-01-22 09:00:00,0.0,0,0.0,500.0,john_radcliffe_nhs
2022-01-22 10:00:00,0.0,0,0.0,500.0,john_radcliffe_nhs
2022-01-22 11:00:00,0.0,0,0.0,500.0,john_radcliffe_nhs
2022-01-22 12:00:00,0.0,0,0.0,500.0,john_radcliffe_nhs
2022-01-22 13:00:00,0.0,0,0.0,500.0,john_radcliffe_nhs
2022-01-22 14:00:00,0.0,0,0.0,500.0,john_radcliffe_nhs
2022-01-22 15:00:00,0.0,0,0.0,500.0,john_radcliffe_nhs
2022-01-22 16:00:00,0.0,0,0.0,500.0,john_radcliffe_nhs
2022-01-22 17:00:00,0.0,0,0.0,500.0,john_radcliffe_nhs
2022-01-22 18:00:00,0.0,0,0.0,500.0,john_radcliffe_nhs
2022-01-22 19:00:00,0.0,0,0.0,500.0,john_radcliffe_nhs
2022-01-22 20:00:00,0.0,0,0.0,500.0,john_radcliffe_nhs
2022-01-22 21:00:00,0.0,0,0.0,500.0,john_radcliffe_nhs
2022-01-22 22:00:00,0.0,0,0.0,500.0,john_radcliffe_nhs
2022-01-22 23:00:00,0.0,0,0.0,500.0,john_radcliffe_nhs
2022-01-23 00:00:00,0.0,0,0.0,500.0,john_radcliffe_nhs
2022-01-23 01:00:00,0.0,0,0.0,500.0,john_radcliffe_nhs
2022-01-23 02:00:00,0.0,0,0.0,500.0,john_radcliffe_nhs
2022-01-23 03:00:00,0.0,0,0.0,500.0,john_radcliffe_nhs
2022-01-23 04:00:00,0.0,0,0.0,500.0,john_radcliffe_nhs
2022-01-23 05:00:00,0.0,0,0.0,500.0,john_radcliffe_nhs
2022-01-23 06:00:00,0.0,0,0.0,500.0,john_radcliffe_nhs
2022-01-23 07:00:00,0.0,0,0.0,500.0,john_radcliffe_nhs
2022-01-23 08:00:00,0.0,0,0.0,500.0,john_radcliffe_nhs
2022-01-23 09:00:00,0.0,0,0.0,500.0,john_radcliffe_nhs
2022-01-23 10:00:00,0.0,0,0.0,500.0,john_radcliffe_nhs
2022-01-23 11:00:00,0.0,0,0.0,500.0,john_radcliffe_nhs
2022-01-23 12:00:00,0.0,0,0.0,500.0,john_radcliffe_nhs
2022-01-23 13:00:00,0.0,0,0.0,500.0,john_radcliffe_nhs
2022-01-23 14:00:00,0.0,0,0.0,500.0,john_radcliffe_nhs
2022-01-23 15:00:00,0.0,0,0.0,500.0,john_radcliffe_nhs
2022-01-23 16:00:00,0.0,0,0.0,500.0,john_radcliffe_nhs
2022-01-23 17:00:00,0.0,0,0.0,500.0,john_radcliffe_nhs
2022-01-23 18:00:00,0.0,0,0.0,500.0,john_radcliffe_nhs
2022-01-23 19:00:00,0.0,0,0.0,500.0,john_radcliffe_nhs
2022-01-23 20:00:00,0.0,0,0.0,500.0,john_radcliffe_nhs
2022-01-23 21:00:00,0.0,0,0.0,500.0,john_radcliffe_nhs
2022-01-23 22:00:00,0.0,0,0.0,500.0,john_radcliffe_nhs
2022-01-23 23:00:00,0.0,0,0.0,500.0,john_radcliffe_nhs
2022-01-24 00:00:00,0.0,0,0.0,500.0,john_radcliffe_nhs
2022-01-24 01:00:00,0.0,0,0.0,500.0,john_radcliffe_nhs
2022-01-24 02:00:00,0.0,0,0.0,500.0,john_radcliffe_nhs
2022-01-24 03:00:00,0.0,0,0.0,500.0,john_radcliffe_nhs
2022-01-24 04:00:00,0.0,0,0.0,500.0,john_radcliffe_nhs
2022-01-24 05:00:00,0.0,0,0.0,500.0,john_radcliffe_nhs
2022-01-24 06:00:00,0.0,0,0.0,500.0,john_radcliffe_nhs
2022-01-24 07:00:00,0.0,0,0.0,500.0,john_radcliffe_nhs
2022-01-24 08:00:00,0.0,0,0.0,500.0,john_radcliffe_nhs
2022-01-24 09:00:00,0.0,0,0.0,500.0,john_radcliffe_nhs
2022-01-24 10:00:00,0.0,0,0.0,500.0,john_radcliffe_nhs
2022-01-24 11:00:00,0.0,0,0.0,500.0,john_radcliffe_nhs
2022-01-24 12:00:00,0.0,0,0.0,500.0,john_radcliffe_nhs
2022-01-24 13:00:00,0.0,0,0.0,500.0,john_radcliffe_nhs
2022-01-24 14:00:00,0.0,0,0.0,500.0,john_radcliffe_nhs
2022-01-24 15:00:00,0.0,0,0.0,500.0,john_radcliffe_nhs
2022-01-24 16:00:00,0.0,0,0.0,500.0,john_radcliffe_nhs
2022-01-24 17:00:00,0.0,0,0.0,500.0,john_radcliffe_nhs
2022-01-24 18:00:00,0.0,0,0.0,500.0,john_radcliffe_nhs
2022-01-24 19:00:00,0.0,0,0.0,500.0,john_radcliffe_nhs
2022-01-24 20:00:00,0.0,0,0.0,500.0,john_radcliffe_nhs
2022-01-24 21:00:00,0.0,0,0.0,500.0,john_radcliffe_nhs
2022-01-24 22:00:00,0.0,0,0.0,500.0,john_radcliffe_nhs
2022-01-24 23:00:00,0.0,0,0.0,500.0,john_radcliffe_nhs
2022-01-25 00:00:00,0.0,0,0.0,500.0,john_radcliffe_nhs
2022-01-25 01:00:00,0.0,0,0.0,500.0,john_radcliffe_nhs
2022-01-25 02:00:00,0.0,0,0.0,500.0,john_radcliffe_nhs
2022-01-25 03:00:00,0.0,0,0.0,500.0,john_radcliffe_nhs
2022-01-25 04:00:00,0.0,0,0.0,500.0,john_radcliffe_nhs
2022-01-25 05:00:00,0.0,0,0.0,500.0,john_radcliffe_nhs
2022-01-25 06:00:00,0.0,0,0.0,500.0,john_radcliffe_nhs
2022-01-25 07:00:00,0.0,0,0.0,500.0,john_radcliffe_nhs
2022-01-25 08:00:00,0.0,0,0.0,500.0,john_radcliffe_nhs
2022-01-25 09:00:00,0.0,0,0.0,500.0,john_radcliffe_nhs
2022-01-25 10:00:00,0.0,0,0.0,500.0,john_radcliffe_nhs
2022-01-25 11:00:00,0.0,0,0.0,500.0,john_radcliffe_nhs
2022-01-25 12:00:00,0.0,0,0.0,500.0,john_radcliffe_nhs
2022-01-25 13:00:00,0.0,0,0.0,500.0,john_radcliffe_nhs
2022-01-25 14:00:00,0.0,0,0.0,500.0,john_radcliffe_nhs
2022-01-25 15:00:00,0.0,0,0.0,500.0,john_radcliffe_nhs
2022-01-25 16:00:00,0.0,0,0.0,500.0,john_radcliffe_nhs
2022-01-25 17:00:00,0.0,0,0.0,500.0,john_radcliffe_nhs
2022-01-25 18:00:00,0.0,0,0.0,500.0,john_radcliffe_nhs
2022-01-25 19:00:00,0.0,0,0.0,500.0,john_radcliffe_nhs
2022-01-25 20:00:00,0.0,0,0.0,500.0,john_radcliffe_nhs
2022-01-25 21:00:00,0.0,0,0.0,500.0,john_radcliffe_nhs
2022-01-25 22:00:00,0.0,0,0.0,500.0,john_radcliffe_nhs
2022-01-25 23:00:00,0.0,0,0.0,500.0,john_radcliffe_nhs
2022-01-26 00:00:00,0.0,0,0.0,500.0,john_radcliffe_nhs
2022-01-26 01:00:00,0.0,0,0.0,500.0,john_radcliffe_nhs
2022-01-26 02:00:00,0.0,0,0.0,500.0,john_radcliffe_nhs
2022-01-26 03:00:00,0.0,0,0.0,500.0,john_radcliffe_nhs
2022-01-26 04:00:00,0.0,0,0.0,500.0,john_radcliffe_nhs
2022-01-26 05:00:00,0.0,0,0.0,500.0,john_radcliffe_nhs
2022-01-26 06:00:00,0.0,0,0.0,500.0,john_radcliffe_nhs
2022-01-26 07:00:00,0.0,0,0.0,500.0,john_radcliffe_nhs
2022-01-26 08:00:00,0.0,0,0.0,500.0,john_radcliffe_nhs
2022-01-26 09:00:00,0.0,0,0.0,500.0,john_radcliffe_nhs
2022-01-26 10:00:00,0.0,0,0.0,500.0,john_radcliffe_nhs
2022-01-26 11:00:00,0.0,0,0.0,500.0,john_radcliffe_nhs
2022-01-26 12:00:00,0.0,0,0.0,500.0,john_radcliffe_nhs
2022-01-26 13:00:00,0.0,0,0.0,500.0,john_radcliffe_nhs
2022-01-26 14:00:00,0.0,0,0.0,500.0,john_radcliffe_nhs
2022-01-26 15:00:00,0.0,0,0.0,500.0,john_radcliffe_nhs
2022-01-26 16:00:00,0.0,0,0.0,500.0,john_radcliffe_nhs
2022-01-26 17:00:00,0.0,0,0.0,500.0,john_radcliffe_nhs
2022-01-26 18:00:00,0.0,0,0.0,500.0,john_radcliffe_nhs
2022-01-26 19:00:00,0.0,0,0.0,500.0,john_radcliffe_nhs
2022-01-26 20:00:00,0.0,0,0.0,500.0,john_radcliffe_nhs
2022-01-26 21:00:00,0.0,0,0.0,500.0,john_radcliffe_nhs
2022-01-26 22:00:00,0.0,0,0.0,500.0,john_radcliffe_nhs
2022-01-26 23:00:00,0.0,0,0.0,500.0,john_radcliffe_nhs
2022-01-27 00:00:00,0.0,0,0.0,500.0,john_radcliffe_nhs
2022-01-27 01:00:00,0.0,0,0.0,500.0,john_radcliffe_nhs
2022-01-27 02:00:00,0.0,0,0.0,500.0,john_radcliffe_nhs
2022-01-27 03:00:00,0.0,0,0.0,500.0,john_radcliffe_nhs
2022-01-27 04:00:00,0.0,0,0.0,500.0,john_radcliffe_nhs
2022-01-27 05:00:00,0.0,0,0.0,500.0,john_radcliffe_nhs
2022-01-27 06:00:00,0.0,0,0.0,500.0,john_radcliffe_nhs
2022-01-27 07:00:00,0.0,0,0.0,500.0,john_radcliffe_nhs
2022-01-27 08:00:00,0.0,0,0.0,500.0,john_radcliffe_nhs
2022-01-27 09:00:00,0.0,0,0.0,500.0,john_radcliffe_nhs
2022-01-27 10:00:00,0.0,0,0.0,500.0,john_radcliffe_nhs
2022-01-27 11:00:00,0.0,0,0.0,500.0,john_radcliffe_nhs
2022-01-27 12:00:00,0.0,0,0.0,500.0,john_radcliffe_nhs
2022-01-27 13:00:00,0.0,0,0.0,500.0,john_radcliffe_nhs
2022-01-27 14:00:00,0.0,0,0.0,500.0,john_radcliffe_nhs
2022-01-27 15:00:00,0.0,0,0.0,500.0,john_radcliffe_nhs
2022-01-27 16:00:00,0.0,0,0.0,500.0,john_radcliffe_nhs
2022-01-27 17:00:00,0.0,0,0.0,500.0,john_radcliffe_nhs
2022-01-27 18:00:00,0.0,0,0.0,500.0,john_radcliffe_nhs
2022-01-27 19:00:00,0.0,0,0.0,500.0,john_radcliffe_nhs
2022-01-27 20:00:00,0.0,0,0.0,500.0,john_radcliffe_nhs
2022-01-27 21:00:00,0.0,0,0.0,500.0,john_radcliffe_nhs
2022-01-27 22:00:00,0.0,0,0.0,500.0,john_radcliffe_nhs
2022-01-27 23:00:00,0.0,0,0.0,500.0,john_radcliffe_nhs
2022-01-28 00:00:00,0.0,0,0.0,500.0,john_radcliffe_nhs
2022-01-28 01:00:00,0.0,0,0.0,500.0,john_radcliffe_nhs
2022-01-28 02:00:00,0.0,0,0.0,500.0,john_radcliffe_nhs
2022-01-28 03:00:00,0.0,0,0.0,500.0,john_radcliffe_nhs
2022-01-28 04:00:00,0.0,0,0.0,500.0,john_radcliffe_nhs
2022-01-28 05:00:00,0.0,0,0.0,500.0,john_radcliffe_nhs
2022-01-28 06:00:00,0.0,0,0.0,500.0,john_radcliffe_nhs
2022-01-28 07:00:00,0.0,0,0.0,500.0,john_radcliffe_nhs
2022-01-28 08:00:00,0.0,0,0.0,500.0,john_radcliffe_nhs
2022-01-28 09:00:00,0.0,0,0.0,500.0,john_radcliffe_nhs
2022-01-28 10:00:00,0.0,0,0.0,500.0,john_radcliffe_nhs
2022-01-28 11:00:00,0.0,0,0.0,500.0,john_radcliffe_nhs
2022-01-28 12:00:00,0.0,0,0.0,500.0,john_radcliffe_nhs
2022-01-28 13:00:00,0.0,0,0.0,500.0,john_radcliffe_nhs
2022-01-28 14:00:00,0.0,0,0.0,500.0,john_radcliffe_nhs
2022-01-28 15:00:00,0.0,0,0.0,500.0,john_radcliffe_nhs
2022-01-28 16:00:00,0.0,0,0.0,500.0,john_radcliffe_nhs
2022-01-28 17:00:00,0.0,0,0.0,500.0,john_radcliffe_nhs
2022-01-28 18:00:00,0.0,0,0.0,500.0,john_radcliffe_nhs
2022-01-28 19:00:00,0.0,0,0.0,500.0,john_radcliffe_nhs
2022-01-28 20:00:00,0.0,0,0.0,500.0,john_radcliffe_nhs
2022-01-28 21:00:00,0.0,0,0.0,500.0,john_radcliffe_nhs
2022-01-28 22:00:00,0.0,0,0.0,500.0,john_radcliffe_nhs
2022-01-28 23:00:00,0.0,0,0.0,500.0,john_radcliffe_nhs
2022-01-29 00:00:00,0.0,0,0.0,500.0,john_radcliffe_nhs
2022-01-29 01:00:00,0.0,0,0.0,500.0,john_radcliffe_nhs
2022-01-29 02:00:00,0.0,0,0.0,500.0,john_radcliffe_nhs
2022-01-29 03:00:00,0.0,0,0.0,500.0,john_radcliffe_nhs
2022-01-29 04:00:00,0.0,0,0.0,500.0,john_radcliffe_nhs
2022-01-29 05:00:00,0.0,0,0.0,500.0,john_radcliffe_nhs
2022-01-29 06:00:00,0.0,0,0.0,500.0,john_radcliffe_nhs
2022-01-29 07:00:00,0.0,0,0.0,500.0,john_radcliffe_nhs
2022-01-29 08:00:00,0.0,0,0.0,500.0,john_radcliffe_nhs
2022-01-29 09:00:00,0.0,0,0.0,500.0,john_radcliffe_nhs
2022-01-29 10:00:00,0.0,0,0.0,500.0,john_radcliffe_nhs
2022-01-29 11:00:00,0.0,0,0.0,500.0,john_radcliffe_nhs
2022-01-29 12:00:00,0.0,0,0.0,500.0,john_radcliffe_nhs
2022-01-29 13:00:00,0.0,0,0.0,500.0,john_radcliffe_nhs
2022-01-29 14:00:00,0.0,0,0.0,500.0,john_radcliffe_nhs
2022-01-29 15:00:00,0.0,0,0.0,500.0,john_radcliffe_nhs
2022-01-29 16:00:00,0.0,0,0.0,500.0,john_radcliffe_nhs
2022-01-29 17:00:00,0.0,0,0.0,500.0,john_radcliffe_nhs
2022-01-29 18:00:00,0.0,0,0.0,500.0,john_radcliffe_nhs
2022-01-29 19:00:00,0.0,0,0.0,500.0,john_radcliffe_nhs
2022-01-29 20:00:00,0.0,0,0.0,500.0,john_radcliffe_nhs
2022-01-29 21:00:00,0.0,0,0.0,500.0,john_radcliffe_nhs
2022-01-29 22:00:00,0.0,0,0.0,500.0,john_radcliffe_nhs
2022-01-29 23:00:00,0.0,0,0.0,500.0,john_radcliffe_nhs
2022-01-30 00:00:00,0.0,0,0.0,500.0,john_radcliffe_nhs
2022-01-30 01:00:00,0.0,0,0.0,500.0,john_radcliffe_nhs
2022-01-30 02:00:00,0.0,0,0.0,500.0,john_radcliffe_nhs
2022-01-30 03:00:00,0.0,0,0.0,500.0,john_radcliffe_nhs
2022-01-30 04:00:00,0.0,0,0.0,500.0,john_radcliffe_nhs
2022-01-30 05:00:00,0.0,0,0.0,500.0,john_radcliffe_nhs
2022-01-30 06:00:00,0.0,0,0.0,500.0,john_radcliffe_nhs
2022-01-30 07:00:00,0.0,0,0.0,500.0,john_radcliffe_nhs
2022-01-30 08:00:00,0.0,0,0.0,500.0,john_radcliffe_nhs
2022-01-30 09:00:00,0.0,0,0.0,500.0,john_radcliffe_nhs
2022-01-30 10:00:00,0.0,0,0.0,500.0,john_radcliffe_nhs
2022-01-30 11:00:00,0.0,0,0.0,500.0,john_radcliffe_nhs
2022-01-30 12:00:00,0.0,0,0.0,500.0,john_radcliffe_nhs
2022-01-30 13:00:00,0.0,0,0.0,500.0,john_radcliffe_nhs
2022-01-30 14:00:00,0.0,0,0.0,500.0,john_radcliffe_nhs
2022-01-30 15:00:00,0.0,0,0.0,500.0,john_radcliffe_nhs
2022-01-30 16:00:00,0.0,0,0.0,500.0,john_radcliffe_nhs
2022-01-30 17:00:00,0.0,0,0.0,500.0,john_radcliffe_nhs
2022-01-30 18:00:00,0.0,0,0.0,500.0,john_radcliffe_nhs
2022-01-30 19:00:00,0.0,0,0.0,500.0,john_radcliffe_nhs
2022-01-30 20:00:00,0.0,0,0.0,500.0,john_radcliffe_nhs
2022-01-30 21:00:00,0.0,0,0.0,500.0,john_radcliffe_nhs
2022-01-30 22:00:00,0.0,0,0.0,500.0,john_radcliffe_nhs
2022-01-30 23:00:00,0.0,0,0.0,500.0,john_radcliffe_nhs
2022-01-31 00:00:00,0.0,0,0.0,500.0,john_radcliffe_nhs
2022-01-31 01:00:00,0.0,0,0.0,500.0,john_radcliffe_nhs
2022-01-31 02:00:00,0.0,0,0.0,500.0,john_radcliffe_nhs
2022-01-31 03:00:00,0.0,0,0.0,500.0,john_radcliffe_nhs
2022-01-31 04:00:00,0.0,0,0.0,500.0,john_radcliffe_nhs
2022-01-31 05:00:00,0.0,0,0.0,500.0,john_radcliffe_nhs
2022-01-31 06:00:00,0.0,0,0.0,500.0,john_radcliffe_nhs
2022-01-31 07:00:00,0.0,0,0.0,500.0,john_radcliffe_nhs
2022-01-31 08:00:00,0.0,0,0.0,500.0,john_radcliffe_nhs
2022-01-31 09:00:00,0.0,0,0.0,500.0,john_radcliffe_nhs
2022-01-31 10:00:00,0.0,0,0.0,500.0,john_radcliffe_nhs
2022-01-31 11:00:00,0.0,0,0.0,500.0,john_radcliffe_nhs
2022-01-31 12:00:00,0.0,0,0.0,500.0,john_radcliffe_nhs
2022-01-31 13:00:00,0.0,0,0.0,500.0,john_radcliffe_nhs
2022-01-31 14:00:00,0.0,0,0.0,500.0,john_radcliffe_nhs
2022-01-31 15:00:00,0.0,0,0.0,500.0,john_radcliffe_nhs
2022-01-31 16:00:00,0.0,0,0.0,500.0,john_radcliffe_nhs
2022-01-31 17:00:00,0.0,0,0.0,500.0,john_radcliffe_nhs
2022-01-31 18:00:00,0.0,0,0.0,500.0,john_radcliffe_nhs
2022-01-31 19:00:00,0.0,0,0.0,500.0,john_radcliffe_nhs
2022-01-31 20:00:00,0.0,0,0.0,500.0,john_radcliffe_nhs
2022-01-31 21:00:00,0.0,0,0.0,500.0,john_radcliffe_nhs
2022-01-31 22:00:00,0.0,0,0.0,500.0,john_radcliffe_nhs
2022-01-31 23:00:00,0.0,0,0.0,500.0,john_radcliffe_nhs
2022-02-01 00:00:00,0.0,0,0.0,500.0,john_radcliffe_nhs
2022-02-01 01:00:00,0.0,0,0.0,500.0,john_radcliffe_nhs
2022-02-01 02:00:00,0.0,0,0.0,500.0,john_radcliffe_nhs
2022-02-01 03:00:00,0.0,0,0.0,500.0,john_radcliffe_nhs
2022-02-01 04:00:00,0.0,0,0.0,500.0,john_radcliffe_nhs
2022-02-01 05:00:00,0.0,0,0.0,500.0,john_radcliffe_nhs
2022-02-01 06:00:00,0.0,0,0.0,500.0,john_radcliffe_nhs
2022-02-01 07:00:00,0.0,0,0.0,500.0,john_radcliffe_nhs
2022-02-01 08:00:00,0.0,0,0.0,500.0,john_radcliffe_nhs
2022-02-01 09:00:00,0.0,0,0.0,500.0,john_radcliffe_nhs
2022-02-01 10:00:00,0.0,0,0.0,500.0,john_radcliffe_nhs
2022-02-01 11:00:00,0.0,0,0.0,500.0,john_radcliffe_nhs
2022-02-01 12:00:00,0.0,0,0.0,500.0,john_radcliffe_nhs
2022-02-01 13:00:00,0.0,0,0.0,500.0,john_radcliffe_nhs
2022-02-01 14:00:00,0.0,0,0.0,500.0,john_radcliffe_nhs
2022-02-01 15:00:00,0.0,0,0.0,500.0,john_radcliffe_nhs
2022-02-01 16:00:00,0.0,0,0.0,500.0,john_radcliffe_nhs
2022-02-01 17:00:00,0.0,0,0.0,500.0,john_radcliffe_nhs
2022-02-01 18:00:00,0.0,0,0.0,500.0,john_radcliffe_nhs
2022-02-01 19:00:00,0.0,0,0.0,500.0,john_radcliffe_nhs
2022-02-01 20:00:00,0.0,0,0.0,500.0,john_radcliffe_nhs
2022-02-01 21:00:00,0.0,0,0.0,500.0,john_radcliffe_nhs
2022-02-01 22:00:00,0.0,0,0.0,500.0,john_radcliffe_nhs
2022-02-01 23:00:00,0.0,0,0.0,500.0,john_radcliffe_nhs
2022-02-02 00:00:00,0.0,0,0.0,500.0,john_radcliffe_nhs
2022-02-02 01:00:00,0.0,0,0.0,500.0,john_radcliffe_nhs
2022-02-02 02:00:00,0.0,0,0.0,500.0,john_radcliffe_nhs
2022-02-02 03:00:00,0.0,0,0.0,500.0,john_radcliffe_nhs
2022-02-02 04:00:00,0.0,0,0.0,500.0,john_radcliffe_nhs
2022-02-02 05:00:00,0.0,0,0.0,500.0,john_radcliffe_nhs
2022-02-02 06:00:00,0.0,0,0.0,500.0,john_radcliffe_nhs
2022-02-02 07:00:00,0.0,0,0.0,500.0,john_radcliffe_nhs
2022-02-02 08:00:00,0.0,0,0.0,500.0,john_radcliffe_nhs
2022-02-02 09:00:00,0.0,0,0.0,500.0,john_radcliffe_nhs
2022-02-02 10:00:00,0.0,0,0.0,500.0,john_radcliffe_nhs
2022-02-02 11:00:00,0.0,0,0.0,500.0,john_radcliffe_nhs
2022-02-02 12:00:00,0.0,0,0.0,500.0,john_radcliffe_nhs
2022-02-02 13:00:00,0.0,0,0.0,500.0,john_radcliffe_nhs
2022-02-02 14:00:00,0.0,0,0.0,500.0,john_radcliffe_nhs
2022-02-02 15:00:00,0.0,0,0.0,500.0,john_radcliffe_nhs
2022-02-02 16:00:00,0.0,0,0.0,500.0,john_radcliffe_nhs
2022-02-02 17:00:00,0.0,0,0.0,500.0,john_radcliffe_nhs
2022-02-02 18:00:00,0.0,0,0.0,500.0,john_radcliffe_nhs
2022-02-02 19:00:00,0.0,0,0.0,500.0,john_radcliffe_nhs
2022-02-02 20:00:00,0.0,0,0.0,500.0,john_radcliffe_nhs
2022-02-02 21:00:00,0.0,0,0.0,500.0,john_radcliffe_nhs
2022-02-02 22:00:00,0.0,0,0.0,500.0,john_radcliffe_nhs
2022-02-02 23:00:00,0.0,0,0.0,500.0,john_radcliffe_nhs
2022-02-03 00:00:00,0.0,0,0.0,500.0,john_radcliffe_nhs
2022-02-03 01:00:00,0.0,0,0.0,500.0,john_radcliffe_nhs
2022-02-03 02:00:00,0.0,0,0.0,500.0,john_radcliffe_nhs
2022-02-03 03:00:00,0.0,0,0.0,500.0,john_radcliffe_nhs
2022-02-03 04:00:00,0.0,0,0.0,500.0,john_radcliffe_nhs
2022-02-03 05:00:00,0.0,0,0.0,500.0,john_radcliffe_nhs
2022-02-03 06:00:00,0.0,0,0.0,500.0,john_radcliffe_nhs
2022-02-03 07:00:00,0.0,0,0.0,500.0,john_radcliffe_nhs
2022-02-03 08:00:00,0.0,0,0.0,500.0,john_radcliffe_nhs
2022-02-03 09:00:00,0.0,0,0.0,500.0,john_radcliffe_nhs
2022-02-03 10:00:00,0.0,0,0.0,500.0,john_radcliffe_nhs
2022-02-03 11:00:00,0.0,0,0.0,500.0,john_radcliffe_nhs
2022-02-03 12:00:00,0.0,0,0.0,500.0,john_radcliffe_nhs
2022-02-03 13:00:00,0.0,0,0.0,500.0,john_radcliffe_nhs
2022-02-03 14:00:00,0.0,0,0.0,500.0,john_radcliffe_nhs
2022-02-03 15:00:00,0.0,0,0.0,500.0,john_radcliffe_nhs
2022-02-03 16:00:00,0.0,0,0.0,500.0,john_radcliffe_nhs
2022-02-03 17:00:00,0.0,0,0.0,500.0,john_radcliffe_nhs
2022-02-03 18:00:00,0.0,0,0.0,500.0,john_radcliffe_nhs
2022-02-03 19:00:00,0.0,0,0.0,500.0,john_radcliffe_nhs
2022-02-03 20:00:00,0.0,0,0.0,500.0,john_radcliffe_nhs
2022-02-03 21:00:00,0.0,0,0.0,500.0,john_radcliffe_nhs
2022-02-03 22:00:00,0.0,0,0.0,500.0,john_radcliffe_nhs
2022-02-03 23:00:00,0.0,0,0.0,500.0,john_radcliffe_nhs
2022-02-04 00:00:00,0.0,0,0.0,500.0,john_radcliffe_nhs
2022-02-04 01:00:00,0.0,0,0.0,500.0,john_radcliffe_nhs
2022-02-04 02:00:00,0.0,0,0.0,500.0,john_radcliffe_nhs
2022-02-04 03:00:00,0.0,0,0.0,500.0,john_radcliffe_nhs
2022-02-04 04:00:00,0.0,0,0.0,500.0,john_radcliffe_nhs
2022-02-04 05:00:00,0.0,0,0.0,500.0,john_radcliffe_nhs
2022-02-04 06:00:00,0.0,0,0.0,500.0,john_radcliffe_nhs
2022-02-04 07:00:00,0.0,0,0.0,500.0,john_radcliffe_nhs
2022-02-04 08:00:00,0.0,0,0.0,500.0,john_radcliffe_nhs
2022-02-04 09:00:00,0.0,0,0.0,500.0,john_radcliffe_nhs
2022-02-04 10:00:00,0.0,0,0.0,500.0,john_radcliffe_nhs
2022-02-04 11:00:00,0.0,0,0.0,500.0,john_radcliffe_nhs
2022-02-04 12:00:00,0.0,0,0.0,500.0,john_radcliffe_nhs
2022-02-04 13:00:00,0.0,0,0.0,500.0,john_radcliffe_nhs
2022-02-04 14:00:00,0.0,0,0.0,500.0,john_radcliffe_nhs
2022-02-04 15:00:00,0.0,0,0.0,500.0,john_radcliffe_nhs
2022-02-04 16:00:00,0.0,0,0.0,500.0,john_radcliffe_nhs
2022-02-04 17:00:00,0.0,0,0.0,500.0,john_radcliffe_nhs
2022-02-04 18:00:00,0.0,0,0.0,500.0,john_radcliffe_nhs
2022-02-04 19:00:00,0.0,0,0.0,500.0,john_radcliffe_nhs
2022-02-04 20:00:00,0.0,0,0.0,500.0,john_radcliffe_nhs
2022-02-04 21:00:00,0.0,0,0.0,500.0,john_radcliffe_nhs
2022-02-04 22:00:00,0.0,0,0.0,500.0,john_radcliffe_nhs
2022-02-04 23:00:00,0.0,0,0.0,500.0,john_radcliffe_nhs
2022-02-05 00:00:00,0.0,0,0.0,500.0,john_radcliffe_nhs
2022-02-05 01:00:00,0.0,0,0.0,500.0,john_radcliffe_nhs
2022-02-05 02:00:00,0.0,0,0.0,500.0,john_radcliffe_nhs
2022-02-05 03:00:00,0.0,0,0.0,500.0,john_radcliffe_nhs
2022-02-05 04:00:00,0.0,0,0.0,500.0,john_radcliffe_nhs
2022-02-05 05:00:00,0.0,0,0.0,500.0,john_radcliffe_nhs
2022-02-05 06:00:00,0.0,0,0.0,500.0,john_radcliffe_nhs
2022-02-05 07:00:00,0.0,0,0.0,500.0,john_radcliffe_nhs
2022-02-05 08:00:00,0.0,0,0.0,500.0,john_radcliffe_nhs
2022-02-05 09:00:00,0.0,0,0.0,500.0,john_radcliffe_nhs
2022-02-05 10:00:00,0.0,0,0.0,500.0,john_radcliffe_nhs
2022-02-05 11:00:00,0.0,0,0.0,500.0,john_radcliffe_nhs
2022-02-05 12:00:00,0.0,0,0.0,500.0,john_radcliffe_nhs
2022-02-05 13:00:00,0.0,0,0.0,500.0,john_radcliffe_nhs
2022-02-05 14:00:00,0.0,0,0.0,500.0,john_radcliffe_nhs
2022-02-05 15:00:00,0.0,0,0.0,500.0,john_radcliffe_nhs
2022-02-05 16:00:00,0.0,0,0.0,500.0,john_radcliffe_nhs
2022-02-05 17:00:00,0.0,0,0.0,500.0,john_radcliffe_nhs
2022-02-05 18:00:00,0.0,0,0.0,500.0,john_radcliffe_nhs
2022-02-05 19:00:00,0.0,0,0.0,500.0,john_radcliffe_nhs
2022-02-05 20:00:00,0.0,0,0.0,500.0,john_radcliffe_nhs
2022-02-05 21:00:00,0.0,0,0.0,500.0,john_radcliffe_nhs
2022-02-05 22:00:00,0.0,0,0.0,500.0,john_radcliffe_nhs
2022-02-05 23:00:00,0.0,0,0.0,500.0,john_radcliffe_nhs
2022-02-06 00:00:00,0.0,0,0.0,500.0,john_radcliffe_nhs
2022-02-06 01:00:00,0.0,0,0.0,500.0,john_radcliffe_nhs
2022-02-06 02:00:00,0.0,0,0.0,500.0,john_radcliffe_nhs
2022-02-06 03:00:00,0.0,0,0.0,500.0,john_radcliffe_nhs
2022-02-06 04:00:00,0.0,0,0.0,500.0,john_radcliffe_nhs
2022-02-06 05:00:00,0.0,0,0.0,500.0,john_radcliffe_nhs
2022-02-06 06:00:00,0.0,0,0.0,500.0,john_radcliffe_nhs
2022-02-06 07:00:00,0.0,0,0.0,500.0,john_radcliffe_nhs
2022-02-06 08:00:00,0.0,0,0.0,500.0,john_radcliffe_nhs
2022-02-06 09:00:00,0.0,0,0.0,500.0,john_radcliffe_nhs
2022-02-06 10:00:00,0.0,0,0.0,500.0,john_radcliffe_nhs
2022-02-06 11:00:00,0.0,0,0.0,500.0,john_radcliffe_nhs
2022-02-06 12:00:00,0.0,0,0.0,500.0,john_radcliffe_nhs
2022-02-06 13:00:00,0.0,0,0.0,500.0,john_radcliffe_nhs
2022-02-06 14:00:00,0.0,0,0.0,500.0,john_radcliffe_nhs
2022-02-06 15:00:00,0.0,0,0.0,500.0,john_radcliffe_nhs
2022-02-06 16:00:00,0.0,0,0.0,500.0,john_radcliffe_nhs
2022-02-06 17:00:00,0.0,0,0.0,500.0,john_radcliffe_nhs
2022-02-06 18:00:00,0.0,0,0.0,500.0,john_radcliffe_nhs
2022-02-06 19:00:00,0.0,0,0.0,500.0,john_radcliffe_nhs
2022-02-06 20:00:00,0.0,0,0.0,500.0,john_radcliffe_nhs
2022-02-06 21:00:00,0.0,0,0.0,500.0,john_radcliffe_nhs
2022-02-06 22:00:00,0.0,0,0.0,500.0,john_radcliffe_nhs
2022-02-06 23:00:00,0.0,0,0.0,500.0,john_radcliffe_nhs
2022-02-07 00:00:00,0.0,0,0.0,500.0,john_radcliffe_nhs
2022-02-07 01:00:00,0.0,0,0.0,500.0,john_radcliffe_nhs
2022-02-07 02:00:00,0.0,0,0.0,500.0,john_radcliffe_nhs
2022-02-07 03:00:00,0.0,0,0.0,500.0,john_radcliffe_nhs
2022-02-07 04:00:00,0.0,0,0.0,500.0,john_radcliffe_nhs
2022-02-07 05:00:00,0.0,0,0.0,500.0,john_radcliffe_nhs
2022-02-07 06:00:00,0.0,0,0.0,500.0,john_radcliffe_nhs
2022-02-07 07:00:00,0.0,0,0.0,500.0,john_radcliffe_nhs
2022-02-07 08:00:00,0.0,0,0.0,500.0,john_radcliffe_nhs
2022-02-07 09:00:00,0.0,0,0.0,500.0,john_radcliffe_nhs
2022-02-07 10:00:00,0.0,0,0.0,500.0,john_radcliffe_nhs
2022-02-07 11:00:00,0.0,0,0.0,500.0,john_radcliffe_nhs
2022-02-07 12:00:00,0.0,0,0.0,500.0,john_radcliffe_nhs
2022-02-07 13:00:00,0.0,0,0.0,500.0,john_radcliffe_nhs
2022-02-07 14:00:00,0.0,0,0.0,500.0,john_radcliffe_nhs
2022-02-07 15:00:00,0.0,0,0.0,500.0,john_radcliffe_nhs
2022-02-07 16:00:00,0.0,0,0.0,500.0,john_radcliffe_nhs
2022-02-07 17:00:00,0.0,0,0.0,500.0,john_radcliffe_nhs
2022-02-07 18:00:00,0.0,0,0.0,500.0,john_radcliffe_nhs
2022-02-07 19:00:00,0.0,0,0.0,500.0,john_radcliffe_nhs
2022-02-07 20:00:00,0.0,0,0.0,500.0,john_radcliffe_nhs
2022-02-07 21:00:00,0.0,0,0.0,500.0,john_radcliffe_nhs
2022-02-07 22:00:00,0.0,0,0.0,500.0,john_radcliffe_nhs
2022-02-07 23:00:00,0.0,0,0.0,500.0,john_radcliffe_nhs
2022-02-08 00:00:00,0.0,0,0.0,500.0,john_radcliffe_nhs
2022-02-08 01:00:00,0.0,0,0.0,500.0,john_radcliffe_nhs
2022-02-08 02:00:00,0.0,0,0.0,500.0,john_radcliffe_nhs
2022-02-08 03:00:00,0.0,0,0.0,500.0,john_radcliffe_nhs
2022-02-08 04:00:00,0.0,0,0.0,500.0,john_radcliffe_nhs
2022-02-08 05:00:00,0.0,0,0.0,500.0,john_radcliffe_nhs
2022-02-08 06:00:00,0.0,0,0.0,500.0,john_radcliffe_nhs
2022-02-08 07:00:00,0.0,0,0.0,500.0,john_radcliffe_nhs
2022-02-08 08:00:00,0.0,0,0.0,500.0,john_radcliffe_nhs
2022-02-08 09:00:00,0.0,0,0.0,500.0,john_radcliffe_nhs
2022-02-08 10:00:00,0.0,0,0.0,500.0,john_radcliffe_nhs
2022-02-08 11:00:00,0.0,0,0.0,500.0,john_radcliffe_nhs
2022-02-08 12:00:00,0.0,0,0.0,500.0,john_radcliffe_nhs
2022-02-08 13:00:00,0.0,0,0.0,500.0,john_radcliffe_nhs
2022-02-08 14:00:00,0.0,0,0.0,500.0,john_radcliffe_nhs
2022-02-08 15:00:00,0.0,0,0.0,500.0,john_radcliffe_nhs
2022-02-08 16:00:00,0.0,0,0.0,500.0,john_radcliffe_nhs
2022-02-08 17:00:00,0.0,0,0.0,500.0,john_radcliffe_nhs
2022-02-08 18:00:00,0.0,0,0.0,500.0,john_radcliffe_nhs
2022-02-08 19:00:00,0.0,0,0.0,500.0,john_radcliffe_nhs
2022-02-08 20:00:00,0.0,0,0.0,500.0,john_radcliffe_nhs
2022-02-08 21:00:00,0.0,0,0.0,500.0,john_radcliffe_nhs
2022-02-08 22:00:00,0.0,0,0.0,500.0,john_radcliffe_nhs
2022-02-08 23:00:00,0.0,0,0.0,500.0,john_radcliffe_nhs
2022-02-09 00:00:00,0.0,0,0.0,500.0,john_radcliffe_nhs
2022-02-09 01:00:00,0.0,0,0.0,500.0,john_radcliffe_nhs
2022-02-09 02:00:00,0.0,0,0.0,500.0,john_radcliffe_nhs
2022-02-09 03:00:00,0.0,0,0.0,500.0,john_radcliffe_nhs
2022-02-09 04:00:00,0.0,0,0.0,500.0,john_radcliffe_nhs
2022-02-09 05:00:00,0.0,0,0.0,500.0,john_radcliffe_nhs
2022-02-09 06:00:00,0.0,0,0.0,500.0,john_radcliffe_nhs
2022-02-09 07:00:00,0.0,0,0.0,500.0,john_radcliffe_nhs
2022-02-09 08:00:00,0.0,0,0.0,500.0,john_radcliffe_nhs
2022-02-09 09:00:00,0.0,0,0.0,500.0,john_radcliffe_nhs
2022-02-09 10:00:00,0.0,0,0.0,500.0,john_radcliffe_nhs
2022-02-09 11:00:00,0.0,0,0.0,500.0,john_radcliffe_nhs
2022-02-09 12:00:00,0.0,0,0.0,500.0,john_radcliffe_nhs
2022-02-09 13:00:00,0.0,0,0.0,500.0,john_radcliffe_nhs
2022-02-09 14:00:00,0.0,0,0.0,500.0,john_radcliffe_nhs
2022-02-09 15:00:00,0.0,0,0.0,500.0,john_radcliffe_nhs
2022-02-09 16:00:00,0.0,0,0.0,500.0,john_radcliffe_nhs
2022-02-09 17:00:00,0.0,0,0.0,500.0,john_radcliffe_nhs
2022-02-09 18:00:00,0.0,0,0.0,500.0,john_radcliffe_nhs
2022-02-09 19:00:00,0.0,0,0.0,500.0,john_radcliffe_nhs
2022-02-09 20:00:00,0.0,0,0.0,500.0,john_radcliffe_nhs
2022-02-09 21:00:00,0.0,0,0.0,500.0,john_radcliffe_nhs
2022-02-09 22:00:00,0.0,0,0.0,500.0,john_radcliffe_nhs
2022-02-09 23:00:00,0.0,0,0.0,500.0,john_radcliffe_nhs
2022-02-10 00:00:00,0.0,0,0.0,500.0,john_radcliffe_nhs
2022-02-10 01:00:00,0.0,0,0.0,500.0,john_radcliffe_nhs
2022-02-10 02:00:00,0.0,0,0.0,500.0,john_radcliffe_nhs
2022-02-10 03:00:00,0.0,0,0.0,500.0,john_radcliffe_nhs
2022-02-10 04:00:00,0.0,0,0.0,500.0,john_radcliffe_nhs
2022-02-10 05:00:00,0.0,0,0.0,500.0,john_radcliffe_nhs
2022-02-10 06:00:00,0.0,0,0.0,500.0,john_radcliffe_nhs
2022-02-10 07:00:00,0.0,0,0.0,500.0,john_radcliffe_nhs
2022-02-10 08:00:00,0.0,0,0.0,500.0,john_radcliffe_nhs
2022-02-10 09:00:00,0.0,0,0.0,500.0,john_radcliffe_nhs
2022-02-10 10:00:00,0.0,0,0.0,500.0,john_radcliffe_nhs
2022-02-10 11:00:00,0.0,0,0.0,500.0,john_radcliffe_nhs
2022-02-10 12:00:00,0.0,0,0.0,500.0,john_radcliffe_nhs
2022-02-10 13:00:00,0.0,0,0.0,500.0,john_radcliffe_nhs
2022-02-10 14:00:00,0.0,0,0.0,500.0,john_radcliffe_nhs
2022-02-10 15:00:00,0.0,0,0.0,500.0,john_radcliffe_nhs
2022-02-10 16:00:00,0.0,0,0.0,500.0,john_radcliffe_nhs
2022-02-10 17:00:00,0.0,0,0.0,500.0,john_radcliffe_nhs
2022-02-10 18:00:00,0.0,0,0.0,500.0,john_radcliffe_nhs
2022-02-10 19:00:00,0.0,0,0.0,500.0,john_radcliffe_nhs
2022-02-10 20:00:00,0.0,0,0.0,500.0,john_radcliffe_nhs
2022-02-10 21:00:00,0.0,0,0.0,500.0,john_radcliffe_nhs
2022-02-10 22:00:00,0.0,0,0.0,500.0,john_radcliffe_nhs
2022-02-10 23:00:00,0.0,0,0.0,500.0,john_radcliffe_nhs
2022-02-11 00:00:00,0.0,0,0.0,500.0,john_radcliffe_nhs
2022-02-11 01:00:00,0.0,0,0.0,500.0,john_radcliffe_nhs
2022-02-11 02:00:00,0.0,0,0.0,500.0,john_radcliffe_nhs
2022-02-11 03:00:00,0.0,0,0.0,500.0,john_radcliffe_nhs
2022-02-11 04:00:00,0.0,0,0.0,500.0,john_radcliffe_nhs
2022-02-11 05:00:00,0.0,0,0.0,500.0,john_radcliffe_nhs
2022-02-11 06:00:00,0.0,0,0.0,500.0,john_radcliffe_nhs
2022-02-11 07:00:00,0.0,0,0.0,500.0,john_radcliffe_nhs
2022-02-11 08:00:00,0.0,0,0.0,500.0,john_radcliffe_nhs
2022-02-11 09:00:00,0.0,0,0.0,500.0,john_radcliffe_nhs
2022-02-11 10:00:00,0.0,0,0.0,500.0,john_radcliffe_nhs
2022-02-11 11:00:00,0.0,0,0.0,500.0,john_radcliffe_nhs
2022-02-11 12:00:00,0.0,0,0.0,500.0,john_radcliffe_nhs
2022-02-11 13:00:00,0.0,0,0.0,500.0,john_radcliffe_nhs
2022-02-11 14:00:00,0.0,0,0.0,500.0,john_radcliffe_nhs
2022-02-11 15:00:00,0.0,0,0.0,500.0,john_radcliffe_nhs
2022-02-11 16:00:00,0.0,0,0.0,500.0,john_radcliffe_nhs
2022-02-11 17:00:00,0.0,0,0.0,500.0,john_radcliffe_nhs
2022-02-11 18:00:00,0.0,0,0.0,500.0,john_radcliffe_nhs
2022-02-11 19:00:00,0.0,0,0.0,500.0,john_radcliffe_nhs
2022-02-11 20:00:00,0.0,0,0.0,500.0,john_radcliffe_nhs
2022-02-11 21:00:00,0.0,0,0.0,500.0,john_radcliffe_nhs
2022-02-11 22:00:00,0.0,0,0.0,500.0,john_radcliffe_nhs
2022-02-11 23:00:00,0.0,0,0.0,500.0,john_radcliffe_nhs
2022-02-12 00:00:00,0.0,0,0.0,500.0,john_radcliffe_nhs
2022-02-12 01:00:00,0.0,0,0.0,500.0,john_radcliffe_nhs
2022-02-12 02:00:00,0.0,0,0.0,500.0,john_radcliffe_nhs
2022-02-12 03:00:00,0.0,0,0.0,500.0,john_radcliffe_nhs
2022-02-12 04:00:00,0.0,0,0.0,500.0,john_radcliffe_nhs
2022-02-12 05:00:00,0.0,0,0.0,500.0,john_radcliffe_nhs
2022-02-12 06:00:00,0.0,0,0.0,500.0,john_radcliffe_nhs
2022-02-12 07:00:00,0.0,0,0.0,500.0,john_radcliffe_nhs
2022-02-12 08:00:00,0.0,0,0.0,500.0,john_radcliffe_nhs
2022-02-12 09:00:00,0.0,0,0.0,500.0,john_radcliffe_nhs
2022-02-12 10:00:00,0.0,0,0.0,500.0,john_radcliffe_nhs
2022-02-12 11:00:00,0.0,0,0.0,500.0,john_radcliffe_nhs
2022-02-12 12:00:00,0.0,0,0.0,500.0,john_radcliffe_nhs
2022-02-12 13:00:00,0.0,0,0.0,500.0,john_radcliffe_nhs
2022-02-12 14:00:00,0.0,0,0.0,500.0,john_radcliffe_nhs
2022-02-12 15:00:00,0.0,0,0.0,500.0,john_radcliffe_nhs
2022-02-12 16:00:00,0.0,0,0.0,500.0,john_radcliffe_nhs
2022-02-12 17:00:00,0.0,0,0.0,500.0,john_radcliffe_nhs
2022-02-12 18:00:00,0.0,0,0.0,500.0,john_radcliffe_nhs
2022-02-12 19:00:00,0.0,0,0.0,500.0,john_radcliffe_nhs
2022-02-12 20:00:00,0.0,0,0.0,500.0,john_radcliffe_nhs
2022-02-12 21:00:00,0.0,0,0.0,500.0,john_radcliffe_nhs
2022-02-12 22:00:00,0.0,0,0.0,500.0,john_radcliffe_nhs
2022-02-12 23:00:00,0.0,0,0.0,500.0,john_radcliffe_nhs
2022-02-13 00:00:00,0.0,0,0.0,500.0,john_radcliffe_nhs
2022-02-13 01:00:00,0.0,0,0.0,500.0,john_radcliffe_nhs
2022-02-13 02:00:00,0.0,0,0.0,500.0,john_radcliffe_nhs
2022-02-13 03:00:00,0.0,0,0.0,500.0,john_radcliffe_nhs
2022-02-13 04:00:00,0.0,0,0.0,500.0,john_radcliffe_nhs
2022-02-13 05:00:00,0.0,0,0.0,500.0,john_radcliffe_nhs
2022-02-13 06:00:00,0.0,0,0.0,500.0,john_radcliffe_nhs
2022-02-13 07:00:00,0.0,0,0.0,500.0,john_radcliffe_nhs
2022-02-13 08:00:00,0.0,0,0.0,500.0,john_radcliffe_nhs
2022-02-13 09:00:00,0.0,0,0.0,500.0,john_radcliffe_nhs
2022-02-13 10:00:00,0.0,0,0.0,500.0,john_radcliffe_nhs
2022-02-13 11:00:00,0.0,0,0.0,500.0,john_radcliffe_nhs
2022-02-13 12:00:00,0.0,0,0.0,500.0,john_radcliffe_nhs
2022-02-13 13:00:00,0.0,0,0.0,500.0,john_radcliffe_nhs
2022-02-13 14:00:00,0.0,0,0.0,500.0,john_radcliffe_nhs
2022-02-13 15:00:00,0.0,0,0.0,500.0,john_radcliffe_nhs
2022-02-13 16:00:00,0.0,0,0.0,500.0,john_radcliffe_nhs
2022-02-13 17:00:00,0.0,0,0.0,500.0,john_radcliffe_nhs
2022-02-13 18:00:00,0.0,0,0.0,500.0,john_radcliffe_nhs
2022-02-13 19:00:00,0.0,0,0.0,500.0,john_radcliffe_nhs
2022-02-13 20:00:00,0.0,0,0.0,500.0,john_radcliffe_nhs
2022-02-13 21:00:00,0.0,0,0.0,500.0,john_radcliffe_nhs
2022-02-13 22:00:00,0.0,0,0.0,500.0,john_radcliffe_nhs
2022-02-13 23:00:00,0.0,0,0.0,500.0,john_radcliffe_nhs
2022-02-14 00:00:00,0.0,0,0.0,500.0,john_radcliffe_nhs
2022-02-14 01:00:00,0.0,0,0.0,500.0,john_radcliffe_nhs
2022-02-14 02:00:00,0.0,0,0.0,500.0,john_radcliffe_nhs
2022-02-14 03:00:00,0.0,0,0.0,500.0,john_radcliffe_nhs
2022-02-14 04:00:00,0.0,0,0.0,500.0,john_radcliffe_nhs
2022-02-14 05:00:00,0.0,0,0.0,500.0,john_radcliffe_nhs
2022-02-14 06:00:00,0.0,0,0.0,500.0,john_radcliffe_nhs
2022-02-14 07:00:00,0.0,0,0.0,500.0,john_radcliffe_nhs
2022-02-14 08:00:00,0.0,0,0.0,500.0,john_radcliffe_nhs
2022-02-14 09:00:00,0.0,0,0.0,500.0,john_radcliffe_nhs
2022-02-14 10:00:00,0.0,0,0.0,500.0,john_radcliffe_nhs
2022-02-14 11:00:00,0.0,0,0.0,500.0,john_radcliffe_nhs
2022-02-14 12:00:00,0.0,0,0.0,500.0,john_radcliffe_nhs
2022-02-14 13:00:00,0.0,0,0.0,500.0,john_radcliffe_nhs
2022-02-14 14:00:00,0.0,0,0.0,500.0,john_radcliffe_nhs
2022-02-14 15:00:00,0.0,0,0.0,500.0,john_radcliffe_nhs
2022-02-14 16:00:00,0.0,0,0.0,500.0,john_radcliffe_nhs
2022-02-14 17:00:00,0.0,0,0.0,500.0,john_radcliffe_nhs
2022-02-14 18:00:00,0.0,0,0.0,500.0,john_radcliffe_nhs
2022-02-14 19:00:00,0.0,0,0.0,500.0,john_radcliffe_nhs
2022-02-14 20:00:00,0.0,0,0.0,500.0,john_radcliffe_nhs
2022-02-14 21:00:00,0.0,0,0.0,500.0,john_radcliffe_nhs
2022-02-14 22:00:00,0.0,0,0.0,500.0,john_radcliffe_nhs
2022-02-14 23:00:00,0.0,0,0.0,500.0,john_radcliffe_nhs
2022-02-15 00:00:00,0.0,0,0.0,500.0,john_radcliffe_nhs
2022-02-15 01:00:00,0.0,0,0.0,500.0,john_radcliffe_nhs
2022-02-15 02:00:00,0.0,0,0.0,500.0,john_radcliffe_nhs
2022-02-15 03:00:00,0.0,0,0.0,500.0,john_radcliffe_nhs
2022-02-15 04:00:00,0.0,0,0.0,500.0,john_radcliffe_nhs
2022-02-15 05:00:00,0.0,0,0.0,500.0,john_radcliffe_nhs
2022-02-15 06:00:00,0.0,0,0.0,500.0,john_radcliffe_nhs
2022-02-15 07:00:00,0.0,0,0.0,500.0,john_radcliffe_nhs
2022-02-15 08:00:00,0.0,0,0.0,500.0,john_radcliffe_nhs
2022-02-15 09:00:00,0.0,0,0.0,500.0,john_radcliffe_nhs
2022-02-15 10:00:00,0.0,0,0.0,500.0,john_radcliffe_nhs
2022-02-15 11:00:00,0.0,0,0.0,500.0,john_radcliffe_nhs
2022-02-15 12:00:00,0.0,0,0.0,500.0,john_radcliffe_nhs
2022-02-15 13:00:00,0.0,0,0.0,500.0,john_radcliffe_nhs
2022-02-15 14:00:00,0.0,0,0.0,500.0,john_radcliffe_nhs
2022-02-15 15:00:00,0.0,0,0.0,500.0,john_radcliffe_nhs
2022-02-15 16:00:00,0.0,0,0.0,500.0,john_radcliffe_nhs
2022-02-15 17:00:00,0.0,0,0.0,500.0,john_radcliffe_nhs
2022-02-15 18:00:00,0.0,0,0.0,500.0,john_radcliffe_nhs
2022-02-15 19:00:00,0.0,0,0.0,500.0,john_radcliffe_nhs
2022-02-15 20:00:00,0.0,0,0.0,500.0,john_radcliffe_nhs
2022-02-15 21:00:00,0.0,0,0.0,500.0,john_radcliffe_nhs
2022-02-15 22:00:00,0.0,0,0.0,500.0,john_radcliffe_nhs
2022-02-15 23:00:00,0.0,0,0.0,500.0,john_radcliffe_nhs
2022-02-16 00:00:00,0.0,0,0.0,500.0,john_radcliffe_nhs
2022-02-16 01:00:00,0.0,0,0.0,500.0,john_radcliffe_nhs
2022-02-16 02:00:00,0.0,0,0.0,500.0,john_radcliffe_nhs
2022-02-16 03:00:00,0.0,0,0.0,500.0,john_radcliffe_nhs
2022-02-16 04:00:00,0.0,0,0.0,500.0,john_radcliffe_nhs
2022-02-16 05:00:00,0.0,0,0.0,500.0,john_radcliffe_nhs
2022-02-16 06:00:00,0.0,0,0.0,500.0,john_radcliffe_nhs
2022-02-16 07:00:00,0.0,0,0.0,500.0,john_radcliffe_nhs
2022-02-16 08:00:00,0.0,0,0.0,500.0,john_radcliffe_nhs
2022-02-16 09:00:00,0.0,0,0.0,500.0,john_radcliffe_nhs
2022-02-16 10:00:00,0.0,0,0.0,500.0,john_radcliffe_nhs
2022-02-16 11:00:00,0.0,0,0.0,500.0,john_radcliffe_nhs
2022-02-16 12:00:00,0.0,0,0.0,500.0,john_radcliffe_nhs
2022-02-16 13:00:00,0.0,0,0.0,500.0,john_radcliffe_nhs
2022-02-16 14:00:00,0.0,0,0.0,500.0,john_radcliffe_nhs
2022-02-16 15:00:00,0.0,0,0.0,500.0,john_radcliffe_nhs
2022-02-16 16:00:00,0.0,0,0.0,500.0,john_radcliffe_nhs
2022-02-16 17:00:00,0.0,0,0.0,500.0,john_radcliffe_nhs
2022-02-16 18:00:00,0.0,0,0.0,500.0,john_radcliffe_nhs
2022-02-16 19:00:00,0.0,0,0.0,500.0,john_radcliffe_nhs
2022-02-16 20:00:00,0.0,0,0.0,500.0,john_radcliffe_nhs
2022-02-16 21:00:00,0.0,0,0.0,500.0,john_radcliffe_nhs
2022-02-16 22:00:00,0.0,0,0.0,500.0,john_radcliffe_nhs
2022-02-16 23:00:00,0.0,0,0.0,500.0,john_radcliffe_nhs
2022-02-17 00:00:00,0.0,0,0.0,500.0,john_radcliffe_nhs
2022-02-17 01:00:00,0.0,0,0.0,500.0,john_radcliffe_nhs
2022-02-17 02:00:00,0.0,0,0.0,500.0,john_radcliffe_nhs
2022-02-17 03:00:00,0.0,0,0.0,500.0,john_radcliffe_nhs
2022-02-17 04:00:00,0.0,0,0.0,500.0,john_radcliffe_nhs
2022-02-17 05:00:00,0.0,0,0.0,500.0,john_radcliffe_nhs
2022-02-17 06:00:00,0.0,0,0.0,500.0,john_radcliffe_nhs
2022-02-17 07:00:00,0.0,0,0.0,500.0,john_radcliffe_nhs
2022-02-17 08:00:00,0.0,0,0.0,500.0,john_radcliffe_nhs
2022-02-17 09:00:00,0.0,0,0.0,500.0,john_radcliffe_nhs
2022-02-17 10:00:00,0.0,0,0.0,500.0,john_radcliffe_nhs
2022-02-17 11:00:00,0.0,0,0.0,500.0,john_radcliffe_nhs
2022-02-17 12:00:00,0.0,0,0.0,500.0,john_radcliffe_nhs
2022-02-17 13:00:00,0.0,0,0.0,500.0,john_radcliffe_nhs
2022-02-17 14:00:00,0.0,0,0.0,500.0,john_radcliffe_nhs
2022-02-17 15:00:00,0.0,0,0.0,500.0,john_radcliffe_nhs
2022-02-17 16:00:00,0.0,0,0.0,500.0,john_radcliffe_nhs
2022-02-17 17:00:00,0.0,0,0.0,500.0,john_radcliffe_nhs
2022-02-17 18:00:00,0.0,0,0.0,500.0,john_radcliffe_nhs
2022-02-17 19:00:00,0.0,0,0.0,500.0,john_radcliffe_nhs
2022-02-17 20:00:00,0.0,0,0.0,500.0,john_radcliffe_nhs
2022-02-17 21:00:00,0.0,0,0.0,500.0,john_radcliffe_nhs
2022-02-17 22:00:00,0.0,0,0.0,500.0,john_radcliffe_nhs
2022-02-17 23:00:00,0.0,0,0.0,500.0,john_radcliffe_nhs
2022-02-18 00:00:00,0.0,0,0.0,500.0,john_radcliffe_nhs
2022-02-18 01:00:00,0.0,0,0.0,500.0,john_radcliffe_nhs
2022-02-18 02:00:00,0.0,0,0.0,500.0,john_radcliffe_nhs
2022-02-18 03:00:00,0.0,0,0.0,500.0,john_radcliffe_nhs
2022-02-18 04:00:00,0.0,0,0.0,500.0,john_radcliffe_nhs
2022-02-18 05:00:00,0.0,0,0.0,500.0,john_radcliffe_nhs
2022-02-18 06:00:00,0.0,0,0.0,500.0,john_radcliffe_nhs
2022-02-18 07:00:00,0.0,0,0.0,500.0,john_radcliffe_nhs
2022-02-18 08:00:00,0.0,0,0.0,500.0,john_radcliffe_nhs
2022-02-18 09:00:00,0.0,0,0.0,500.0,john_radcliffe_nhs
2022-02-18 10:00:00,0.0,0,0.0,500.0,john_radcliffe_nhs
2022-02-18 11:00:00,0.0,0,0.0,500.0,john_radcliffe_nhs
2022-02-18 12:00:00,0.0,0,0.0,500.0,john_radcliffe_nhs
2022-02-18 13:00:00,0.0,0,0.0,500.0,john_radcliffe_nhs
2022-02-18 14:00:00,0.0,0,0.0,500.0,john_radcliffe_nhs
2022-02-18 15:00:00,0.0,0,0.0,500.0,john_radcliffe_nhs
2022-02-18 16:00:00,0.0,0,0.0,500.0,john_radcliffe_nhs
2022-02-18 17:00:00,0.0,0,0.0,500.0,john_radcliffe_nhs
2022-02-18 18:00:00,0.0,0,0.0,500.0,john_radcliffe_nhs
2022-02-18 19:00:00,0.0,0,0.0,500.0,john_radcliffe_nhs
2022-02-18 20:00:00,0.0,0,0.0,500.0,john_radcliffe_nhs
2022-02-18 21:00:00,0.0,0,0.0,500.0,john_radcliffe_nhs
2022-02-18 22:00:00,0.0,0,0.0,500.0,john_radcliffe_nhs
2022-02-18 23:00:00,0.0,0,0.0,500.0,john_radcliffe_nhs
2022-02-19 00:00:00,0.0,0,0.0,500.0,john_radcliffe_nhs
2022-02-19 01:00:00,0.0,0,0.0,500.0,john_radcliffe_nhs
2022-02-19 02:00:00,0.0,0,0.0,500.0,john_radcliffe_nhs
2022-02-19 03:00:00,0.0,0,0.0,500.0,john_radcliffe_nhs
2022-02-19 04:00:00,0.0,0,0.0,500.0,john_radcliffe_nhs
2022-02-19 05:00:00,0.0,0,0.0,500.0,john_radcliffe_nhs
2022-02-19 06:00:00,0.0,0,0.0,500.0,john_radcliffe_nhs
2022-02-19 07:00:00,0.0,0,0.0,500.0,john_radcliffe_nhs
2022-02-19 08:00:00,0.0,0,0.0,500.0,john_radcliffe_nhs
2022-02-19 09:00:00,0.0,0,0.0,500.0,john_radcliffe_nhs
2022-02-19 10:00:00,0.0,0,0.0,500.0,john_radcliffe_nhs
2022-02-19 11:00:00,0.0,0,0.0,500.0,john_radcliffe_nhs
2022-02-19 12:00:00,0.0,0,0.0,500.0,john_radcliffe_nhs
2022-02-19 13:00:00,0.0,0,0.0,500.0,john_radcliffe_nhs
2022-02-19 14:00:00,0.0,0,0.0,500.0,john_radcliffe_nhs
2022-02-19 15:00:00,0.0,0,0.0,500.0,john_radcliffe_nhs
2022-02-19 16:00:00,0.0,0,0.0,500.0,john_radcliffe_nhs
2022-02-19 17:00:00,0.0,0,0.0,500.0,john_radcliffe_nhs
2022-02-19 18:00:00,0.0,0,0.0,500.0,john_radcliffe_nhs
2022-02-19 19:00:00,0.0,0,0.0,500.0,john_radcliffe_nhs
2022-02-19 20:00:00,0.0,0,0.0,500.0,john_radcliffe_nhs
2022-02-19 21:00:00,0.0,0,0.0,500.0,john_radcliffe_nhs
2022-02-19 22:00:00,0.0,0,0.0,500.0,john_radcliffe_nhs
2022-02-19 23:00:00,0.0,0,0.0,500.0,john_radcliffe_nhs
2022-02-20 00:00:00,0.0,0,0.0,500.0,john_radcliffe_nhs
2022-02-20 01:00:00,0.0,0,0.0,500.0,john_radcliffe_nhs
2022-02-20 02:00:00,0.0,0,0.0,500.0,john_radcliffe_nhs
2022-02-20 03:00:00,0.0,0,0.0,500.0,john_radcliffe_nhs
2022-02-20 04:00:00,0.0,0,0.0,500.0,john_radcliffe_nhs
2022-02-20 05:00:00,0.0,0,0.0,500.0,john_radcliffe_nhs
2022-02-20 06:00:00,0.0,0,0.0,500.0,john_radcliffe_nhs
2022-02-20 07:00:00,0.0,0,0.0,500.0,john_radcliffe_nhs
2022-02-20 08:00:00,0.0,0,0.0,500.0,john_radcliffe_nhs
2022-02-20 09:00:00,0.0,0,0.0,500.0,john_radcliffe_nhs
2022-02-20 10:00:00,0.0,0,0.0,500.0,john_radcliffe_nhs
2022-02-20 11:00:00,0.0,0,0.0,500.0,john_radcliffe_nhs
2022-02-20 12:00:00,0.0,0,0.0,500.0,john_radcliffe_nhs
2022-02-20 13:00:00,0.0,0,0.0,500.0,john_radcliffe_nhs
2022-02-20 14:00:00,0.0,0,0.0,500.0,john_radcliffe_nhs
2022-02-20 15:00:00,0.0,0,0.0,500.0,john_radcliffe_nhs
2022-02-20 16:00:00,0.0,0,0.0,500.0,john_radcliffe_nhs
2022-02-20 17:00:00,0.0,0,0.0,500.0,john_radcliffe_nhs
2022-02-20 18:00:00,0.0,0,0.0,500.0,john_radcliffe_nhs
2022-02-20 19:00:00,0.0,0,0.0,500.0,john_radcliffe_nhs
2022-02-20 20:00:00,0.0,0,0.0,500.0,john_radcliffe_nhs
2022-02-20 21:00:00,0.0,0,0.0,500.0,john_radcliffe_nhs
2022-02-20 22:00:00,0.0,0,0.0,500.0,john_radcliffe_nhs
2022-02-20 23:00:00,0.0,0,0.0,500.0,john_radcliffe_nhs
2022-02-21 00:00:00,0.0,0,0.0,500.0,john_radcliffe_nhs
2022-02-21 01:00:00,0.0,0,0.0,500.0,john_radcliffe_nhs
2022-02-21 02:00:00,0.0,0,0.0,500.0,john_radcliffe_nhs
2022-02-21 03:00:00,0.0,0,0.0,500.0,john_radcliffe_nhs
2022-02-21 04:00:00,0.0,0,0.0,500.0,john_radcliffe_nhs
2022-02-21 05:00:00,0.0,0,0.0,500.0,john_radcliffe_nhs
2022-02-21 06:00:00,0.0,0,0.0,500.0,john_radcliffe_nhs
2022-02-21 07:00:00,0.0,0,0.0,500.0,john_radcliffe_nhs
2022-02-21 08:00:00,0.0,0,0.0,500.0,john_radcliffe_nhs
2022-02-21 09:00:00,0.0,0,0.0,500.0,john_radcliffe_nhs
2022-02-21 10:00:00,0.0,0,0.0,500.0,john_radcliffe_nhs
2022-02-21 11:00:00,0.0,0,0.0,500.0,john_radcliffe_nhs
2022-02-21 12:00:00,0.0,0,0.0,500.0,john_radcliffe_nhs
2022-02-21 13:00:00,0.0,0,0.0,500.0,john_radcliffe_nhs
2022-02-21 14:00:00,0.0,0,0.0,500.0,john_radcliffe_nhs
2022-02-21 15:00:00,0.0,0,0.0,500.0,john_radcliffe_nhs
2022-02-21 16:00:00,0.0,0,0.0,500.0,john_radcliffe_nhs
2022-02-21 17:00:00,0.0,0,0.0,500.0,john_radcliffe_nhs
2022-02-21 18:00:00,0.0,0,0.0,500.0,john_radcliffe_nhs
2022-02-21 19:00:00,0.0,0,0.0,500.0,john_radcliffe_nhs
2022-02-21 20:00:00,0.0,0,0.0,500.0,john_radcliffe_nhs
2022-02-21 21:00:00,0.0,0,0.0,500.0,john_radcliffe_nhs
2022-02-21 22:00:00,0.0,0,0.0,500.0,john_radcliffe_nhs
2022-02-21 23:00:00,2.562659712808588,1,3.2,99.43531610134744,john_radcliffe_nhs
2022-02-22 00:00:00,2.4580761786843297,1,3.2,99.43531610134744,john_radcliffe_nhs
2022-02-22 01:00:00,2.357760755365127,1,3.2,99.43531610134744,john_radcliffe_nhs
2022-02-22 02:00:00,2.261539258931908,1,3.2,99.43531610134744,john_radcliffe_nhs
2022-02-22 03:00:00,2.1692446140059,1,3.2,99.43531610134744,john_radcliffe_nhs
2022-02-22 04:00:00,2.080716563645241,1,3.2,99.43531610134744,john_radcliffe_nhs
2022-02-22 05:00:00,1.99580139108087,1,3.2,99.43531610134744,john_radcliffe_nhs
2022-02-22 06:00:00,1.9143516528085227,1,3.2,99.43531610134744,john_radcliffe_nhs
2022-02-22 07:00:00,1.8362259225733881,1,3.2,99.43531610134744,john_radcliffe_nhs
2022-02-22 08:00:00,1.7612885458028946,1,3.2,99.43531610134744,john_radcliffe_nhs
2022-02-22 09:00:00,1.6894094040612218,1,3.2,99.43531610134744,john_radcliffe_nhs
2022-02-22 10:00:00,1.620463689116556,1,3.2,99.43531610134744,john_radcliffe_nhs
2022-02-22 11:00:00,1.5543316862287806,1,3.2,99.43531610134744,john_radcliffe_nhs
2022-02-22 12:00:00,1.4908985662813157,1,3.2,99.43531610134744,john_radcliffe_nhs
2022-02-22 13:00:00,1.4300541863961675,1,3.2,99.43531610134744,john_radcliffe_nhs
2022-02-22 14:00:00,1.3716928986859902,1,3.2,99.43531610134744,john_radcliffe_nhs
2022-02-22 15:00:00,1.3157133668110752,1,3.2,99.43531610134744,john_radcliffe_nhs
2022-02-22 16:00:00,1.2620183900227515,1,3.2,99.43531610134744,john_radcliffe_nhs
2022-02-22 17:00:00,1.2105147343876717,1,3.2,99.43531610134744,john_radcliffe_nhs
2022-02-22 18:00:00,1.1611129708999233,1,3.2,99.43531610134744,john_radcliffe_nhs
2022-02-22 19:00:00,1.113727320199876,1,3.2,99.43531610134744,john_radcliffe_nhs
2022-02-22 20:00:00,1.0682755036301346,1,3.2,99.43531610134744,john_radcliffe_nhs
2022-02-22 21:00:00,1.02467860036998,1,3.2,99.43531610134744,john_radcliffe_nhs
2022-02-22 22:00:00,0.9828609104002326,1,3.2,99.43531610134744,john_radcliffe_nhs
2022-02-22 23:00:00,0.9427498230605924,0,0.0,500.0,john_radcliffe_nhs
2022-02-23 00:00:00,0.9042756909712258,0,0.0,500.0,john_radcliffe_nhs
2022-02-23 01:00:00,0.8673717090996809,0,0.0,500.0,john_radcliffe_nhs
2022-02-23 02:00:00,0.8319737987631481,0,0.0,500.0,john_radcliffe_nhs
2022-02-23 03:00:00,0.7980204963646516,0,0.0,500.0,john_radcliffe_nhs
2022-02-23 04:00:00,0.7654528466699749,0,0.0,500.0,john_radcliffe_nhs
2022-02-23 05:00:00,0.7342143004400177,0,0.0,500.0,john_radcliffe_nhs
2022-02-23 06:00:00,0.7042506162408263,0,0.0,500.0,john_radcliffe_nhs
2022-02-23 07:00:00,0.675509766260814,0,0.0,500.0,john_radcliffe_nhs
2022-02-23 08:00:00,0.6479418459716312,0,0.0,500.0,john_radcliffe_nhs
2022-02-23 09:00:00,0.6214989874758217,0,0.0,500.0,john_radcliffe_nhs
2022-02-23 10:00:00,0.5961352763908124,0,0.0,500.0,john_radcliffe_nhs
2022-02-23 11:00:00,0.5718066721249095,0,0.0,500.0,john_radcliffe_nhs
2022-02-23 12:00:00,0.548470931406875,0,0.0,500.0,john_radcliffe_nhs
2022-02-23 13:00:00,0.5260875349363039,0,0.0,500.0,john_radcliffe_nhs
2022-02-23 14:00:00,0.504617617027438,0,0.0,500.0,john_radcliffe_nhs
2022-02-23 15:00:00,0.4840238981242552,0,0.0,500.0,john_radcliffe_nhs
2022-02-23 16:00:00,0.4642706200696533,0,0.0,500.0,john_radcliffe_nhs
2022-02-23 17:00:00,0.44532348401633365,0,0.0,500.0,john_radcliffe_nhs
2022-02-23 18:00:00,0.427149590871577,0,0.0,500.0,john_radcliffe_nhs
2022-02-23 19:00:00,0.40971738417249853,0,0.0,500.0,john_radcliffe_nhs
2022-02-23 20:00:00,0.392996595292595,0,0.0,500.0,john_radcliffe_nhs
2022-02-23 21:00:00,0.3769581908844439,0,0.0,500.0,john_radcliffe_nhs
2022-02-23 22:00:00,0.36157432246729265,0,0.0,500.0,john_radcliffe_nhs
2022-02-23 23:00:00,0.3468182780720069,0,0.0,500.0,john_radcliffe_nhs
2022-02-24 00:00:00,0.3326644358594145,0,0.0,500.0,john_radcliffe_nhs
2022-02-24 01:00:00,0.31908821963150935,0,0.0,500.0,john_radcliffe_nhs
2022-02-24 02:00:00,0.306066056158269,0,0.0,500.0,john_radcliffe_nhs
2022-02-24 03:00:00,0.2935753342459851,0,0.0,500.0,john_radcliffe_nhs
2022-02-24 04:00:00,0.2815943654760401,0,0.0,500.0,john_radcliffe_nhs
2022-02-24 05:00:00,0.2701023465459552,0,0.0,500.0,john_radcliffe_nhs
2022-02-24 06:00:00,0.25907932314731913,0,0.0,500.0,john_radcliffe_nhs
2022-02-24 07:00:00,0.24850615531787992,0,0.0,500.0,john_radcliffe_nhs
2022-02-24 08:00:00,0.2383644842076365,0,0.0,500.0,john_radcliffe_nhs
2022-02-24 09:00:00,0.22863670020122262,0,0.0,500.0,john_radcliffe_nhs
2022-02-24 10:00:00,0.21930591234123542,0,0.0,500.0,john_radcliffe_nhs
2022-02-24 11:00:00,0.21035591899941386,0,0.0,500.0,john_radcliffe_nhs
2022-02-24 12:00:00,0.20177117974474168,0,0.0,500.0,john_radcliffe_nhs
2022-02-24 13:00:00,0.19353678835962906,0,0.0,500.0,john_radcliffe_nhs
2022-02-24 14:00:00,0.1856384469573188,0,0.0,500.0,john_radcliffe_nhs
2022-02-24 15:00:00,0.17806244115557412,0,0.0,500.0,john_radcliffe_nhs
2022-02-24 16:00:00,0.17079561626354303,0,0.0,500.0,john_radcliffe_nhs
2022-02-24 17:00:00,0.16382535444044846,0,0.0,500.0,john_radcliffe_nhs
2022-02-24 18:00:00,0.15713955278644595,0,0.0,500.0,john_radcliffe_nhs
2022-02-24 19:00:00,0.15072660232760388,0,0.0,500.0,john_radcliffe_nhs
2022-02-24 20:00:00,0.14457536785851927,0,0.0,500.0,john_radcliffe_nhs
2022-02-24 21:00:00,0.13867516860756707,0,0.0,500.0,john_radcliffe_nhs
2022-02-24 22:00:00,0.1330157596912105,0,0.0,500.0,john_radcliffe_nhs
2022-02-24 23:00:00,0.12758731432517173,0,0.0,500.0,john_radcliffe_nhs
2022-02-25 00:00:00,0.12238040676157448,0,0.0,500.0,john_radcliffe_nhs
2022-02-25 01:00:00,0.11738599592243013,0,0.0,500.0,john_radcliffe_nhs
2022-02-25 02:00:00,0.11259540970105124,0,0.0,500.0,john_radcliffe_nhs
2022-02-25 03:00:00,0.10800032990413233,0,0.0,500.0,john_radcliffe_nhs
2022-02-25 04:00:00,0.10359277780835253,0,0.0,500.0,john_radcliffe_nhs
2022-02-25 05:00:00,0.09936510030642122,0,0.0,500.0,john_radcliffe_nhs
2022-02-25 06:00:00,0.09530995661851123,0,0.0,500.0,john_radcliffe_nhs
2022-02-25 07:00:00,0.09142030554600532,0,0.0,500.0,john_radcliffe_nhs
2022-02-25 08:00:00,0.08768939324542437,0,0.0,500.0,john_radcliffe_nhs
2022-02-25 09:00:00,0.08411074150130833,0,0.0,500.0,john_radcliffe_nhs
2022-02-25 10:00:00,0.080678136477687,0,0.0,500.0,john_radcliffe_nhs
2022-02-25 11:00:00,0.07738561792860954,0,0.0,500.0,john_radcliffe_nhs
2022-02-25 12:00:00,0.07422746884899817,0,0.0,500.0,john_radcliffe_nhs
2022-02-25 13:00:00,0.07119820554785605,0,0.0,500.0,john_radcliffe_nhs
2022-02-25 14:00:00,0.06829256812659285,0,0.0,500.0,john_radcliffe_nhs
2022-02-25 15:00:00,0.06550551134593545,0,0.0,500.0,john_radcliffe_nhs
2022-02-25 16:00:00,0.06283219586556431,0,0.0,500.0,john_radcliffe_nhs
2022-02-25 17:00:00,0.060267979841265654,0,0.0,500.0,john_radcliffe_nhs
2022-02-25 18:00:00,0.05780841086500809,0,0.0,500.0,john_radcliffe_nhs
2022-02-25 19:00:00,0.05544921823394914,0,0.0,500.0,john_radcliffe_nhs
2022-02-25 20:00:00,0.05318630553494777,0,0.0,500.0,john_radcliffe_nhs
2022-02-25 21:00:00,0.05101574353170732,0,0.0,500.0,john_radcliffe_nhs
2022-02-25 22:00:00,0.04893376334219737,0,0.0,500.0,john_radcliffe_nhs
2022-02-25 23:00:00,0.04693674989450935,0,0.0,500.0,john_radcliffe_nhs
2022-02-26 00:00:00,0.04502123564978182,0,0.0,500.0,john_radcliffe_nhs
2022-02-26 01:00:00,0.04318389458129678,0,0.0,500.0,john_radcliffe_nhs
2022-02-26 02:00:00,0.041421536399292344,0,0.0,500.0,john_radcliffe_nhs
2022-02-26 03:00:00,0.03973110101146361,0,0.0,500.0,john_radcliffe_nhs
2022-02-26 04:00:00,0.038109653209534106,0,0.0,500.0,john_radcliffe_nhs
2022-02-26 05:00:00,0.03655437757267056,0,0.0,500.0,john_radcliffe_nhs
2022-02-26 06:00:00,0.03506257357889233,0,0.0,500.0,john_radcliffe_nhs
2022-02-26 07:00:00,0.03363165091598693,0,0.0,500.0,john_radcliffe_nhs
2022-02-26 08:00:00,0.03225912498378958,0,0.0,500.0,john_radcliffe_nhs
2022-02-26 09:00:00,0.03094261258001695,0,0.0,500.0,john_radcliffe_nhs
2022-02-26 10:00:00,0.02967982776216484,0,0.0,500.0,john_radcliffe_nhs
2022-02-26 11:00:00,0.02846857787828364,0,0.0,500.0,john_radcliffe_nhs
2022-02-26 12:00:00,0.027306759759740094,0,0.0,500.0,john_radcliffe_nhs
2022-02-26 13:00:00,0.026192356069354755,0,0.0,500.0,john_radcliffe_nhs
2022-02-26 14:00:00,0.025123431798573643,0,0.0,500.0,john_radcliffe_nhs
2022-02-26 15:00:00,0.0240981309075923,0,0.0,500.0,john_radcliffe_nhs
2022-02-26 16:00:00,0.023114673102598397,0,0.0,500.0,john_radcliffe_nhs
2022-02-26 17:00:00,0.02217135074453657,0,0.0,500.0,john_radcliffe_nhs
2022-02-26 18:00:00,0.021266525884028314,0,0.0,500.0,john_radcliffe_nhs
2022-02-26 19:00:00,0.020398627417298545,0,0.0,500.0,john_radcliffe_nhs
2022-02-26 20:00:00,0.019566148358170186,0,0.0,500.0,john_radcliffe_nhs
2022-02-26 21:00:00,0.018767643221390108,0,0.0,500.0,john_radcliffe_nhs
2022-02-26 22:00:00,0.018001725512743174,0,0.0,500.0,john_radcliffe_nhs
2022-02-26 23:00:00,0.017267065321595856,0,0.0,500.0,john_radcliffe_nhs
2022-02-27 00:00:00,0.016562387011689553,0,0.0,500.0,john_radcliffe_nhs
2022-02-27 01:00:00,0.015886467006173938,0,0.0,500.0,john_radcliffe_nhs
2022-02-27 02:00:00,0.015238131663034225,0,0.0,500.0,john_radcliffe_nhs
2022-02-27 03:00:00,0.014616255237223362,0,0.0,500.0,john_radcliffe_nhs
2022-02-27 04:00:00,0.014019757925960871,0,0.0,500.0,john_radcliffe_nhs
2022-02-27 05:00:00,0.013447603993803953,0,0.0,500.0,john_radcliffe_nhs
2022-02-27 06:00:00,0.012898799974235488,0,0.0,500.0,john_radcliffe_nhs
2022-02-27 07:00:00,0.0123723929446463,0,0.0,500.0,john_radcliffe_nhs
2022-02-27 08:00:00,0.011867468871716212,0,0.0,500.0,john_radcliffe_nhs
2022-02-27 09:00:00,0.011383151024321065,0,0.0,500.0,john_radcliffe_nhs
2022-02-27 10:00:00,0.010918598451209861,0,0.0,500.0,john_radcliffe_nhs
2022-02-27 11:00:00,0.01047300452080866,0,0.0,500.0,john_radcliffe_nhs
2022-02-27 12:00:00,0.010045595520616004,0,0.0,500.0,john_radcliffe_nhs
2022-02-27 13:00:00,0.009635629313757662,0,0.0,500.0,john_radcliffe_nhs
2022-02-27 14:00:00,0.009242394050368107,0,0.0,500.0,john_radcliffe_nhs
2022-02-27 15:00:00,0.00886520693156131,0,0.0,500.0,john_radcliffe_nhs
2022-02-27 16:00:00,0.008503413023844468,0,0.0,500.0,john_radcliffe_nhs
2022-02-27 17:00:00,0.008156384121916148,0,0.0,500.0,john_radcliffe_nhs
2022-02-27 18:00:00,0.007823517657874342,0,0.0,500.0,john_radcliffe_nhs
2022-02-27 19:00:00,0.007504235654940251,0,0.0,500.0,john_radcliffe_nhs
2022-02-27 20:00:00,0.007197983723881175,0,0.0,500.0,john_radcliffe_nhs
2022-02-27 21:00:00,0.006904230100389995,0,0.0,500.0,john_radcliffe_nhs
2022-02-27 22:00:00,0.006622464721749654,0,0.0,500.0,john_radcliffe_nhs
2022-02-27 23:00:00,0.006352198341179469,0,0.0,500.0,john_radcliffe_nhs
2022-02-28 00:00:00,0.006092961678325501,0,0.0,500.0,john_radcliffe_nhs
2022-02-28 01:00:00,0.005844304604419825,0,0.0,500.0,john_radcliffe_nhs
2022-02-28 02:00:00,0.005605795360693886,0,0.0,500.0,john_radcliffe_nhs
2022-02-28 03:00:00,0.005377019808688892,0,0.0,500.0,john_radcliffe_nhs
2022-02-28 04:00:00,0.005157580711161384,0,0.0,500.0,john_radcliffe_nhs
2022-02-28 05:00:00,0.004947097042335449,0,0.0,500.0,john_radcliffe_nhs
2022-02-28 06:00:00,0.004745203326303961,0,0.0,500.0,john_radcliffe_nhs
2022-02-28 07:00:00,0.004551549002429977,0,0.0,500.0,john_radcliffe_nhs
2022-02-28 08:00:00,0.004365797816646448,0,0.0,500.0,john_radcliffe_nhs
2022-02-28 09:00:00,0.004187627237597366,0,0.0,500.0,john_radcliffe_nhs
2022-02-28 10:00:00,0.0040167278966064595,0,0.0,500.0,john_radcliffe_nhs
2022-02-28 11:00:00,0.0038528030505010796,0,0.0,500.0,john_radcliffe_nhs
2022-02-28 12:00:00,0.0036955680663585603,0,0.0,500.0,john_radcliffe_nhs
2022-02-28 13:00:00,0.003544749927280337,0,0.0,500.0,john_radcliffe_nhs
2022-02-28 14:00:00,0.003400086758335683,0,0.0,500.0,john_radcliffe_nhs
2022-02-28 15:00:00,0.003261327371851972,0,0.0,500.0,john_radcliffe_nhs
2022-02-28 16:00:00,0.003128230831261867,0,0.0,500.0,john_radcliffe_nhs
2022-02-28 17:00:00,0.0030005660327501373,0,0.0,500.0,john_radcliffe_nhs
2022-02-28 18:00:00,0.0028781113039737243,0,0.0,500.0,john_radcliffe_nhs
2022-02-28 19:00:00,0.002760654019158232,0,0.0,500.0,john_radcliffe_nhs
2022-02-28 20:00:00,0.0026479902299025443,0,0.0,500.0,john_radcliffe_nhs
2022-02-28 21:00:00,0.002539924311050523,0,0.0,500.0,john_radcliffe_nhs
2022-02-28 22:00:00,0.002436268621014854,0,0.0,500.0,john_radcliffe_nhs
2022-02-28 23:00:00,0.002336843175963266,0,0.0,500.0,john_radcliffe_nhs
2022-03-01 00:00:00,0.0022414753373013988,0,0.0,500.0,john_radcliffe_nhs
2022-03-01 01:00:00,0.0021499995119096523,0,0.0,500.0,john_radcliffe_nhs
2022-03-01 02:00:00,0.002062256864613531,0,0.0,500.0,john_radcliffe_nhs
2022-03-01 03:00:00,0.0019780950423882457,0,0.0,500.0,john_radcliffe_nhs
2022-03-01 04:00:00,0.0018973679098186601,0,0.0,500.0,john_radcliffe_nhs
2022-03-01 05:00:00,0.0018199352953552604,0,0.0,500.0,john_radcliffe_nhs
2022-03-01 06:00:00,0.0017456627479255707,0,0.0,500.0,john_radcliffe_nhs
2022-03-01 07:00:00,0.0016744213034783752,0,0.0,500.0,john_radcliffe_nhs
2022-03-01 08:00:00,0.0016060872610553978,0,0.0,500.0,john_radcliffe_nhs
2022-03-01 09:00:00,0.0015405419680016295,0,0.0,500.0,john_radcliffe_nhs
2022-03-01 10:00:00,0.001477671613941327,0,0.0,500.0,john_radcliffe_nhs
2022-03-01 11:00:00,0.001417367033161965,0,0.0,500.0,john_radcliffe_nhs
2022-03-01 12:00:00,0.0013595235150630149,0,0.0,500.0,john_radcliffe_nhs
2022-03-01 13:00:00,0.001304040622340401,0,0.0,500.0,john_radcliffe_nhs
2022-03-01 14:00:00,0.0012508220165909517,0,0.0,500.0,john_radcliffe_nhs
2022-03-01 15:00:00,0.001199775291034032,0,0.0,500.0,john_radcliffe_nhs
2022-03-01 16:00:00,0.0011508118100598923,0,0.0,500.0,john_radcliffe_nhs
2022-03-01 17:00:00,0.0011038465553261324,0,0.0,500.0,john_radcliffe_nhs
2022-03-01 18:00:00,0.001058797978135065,0,0.0,500.0,john_radcliffe_nhs
2022-03-01 19:00:00,0.0010155878578356266,0,0.0,500.0,john_radcliffe_nhs
2022-03-01 20:00:00,0.000974141166003987,0,0.0,500.0,john_radcliffe_nhs
2022-03-01 21:00:00,0.000934385936167027,0,0.0,500.0,john_radcliffe_nhs
2022-03-01 22:00:00,0.0008962531388424649,0,0.0,500.0,john_radcliffe_nhs
2022-03-01 23:00:00,0.0008596765616786647,0,0.0,500.0,john_radcliffe_nhs
2022-03-02 00:00:00,0.0008245926944860094,0,0.0,500.0,john_radcliffe_nhs
2022-03-02 01:00:00,0.0007909406189601958,0,0.0,500.0,john_radcliffe_nhs
2022-03-02 02:00:00,0.0007586619029059965,0,0.0,500.0,john_radcliffe_nhs
2022-03-02 03:00:00,0.0007277004987777889,0,0.0,500.0,john_radcliffe_nhs
2022-03-02 04:00:00,0.0006980026463607156,0,0.0,500.0,john_radcliffe_nhs
2022-03-02 05:00:00,0.0006695167794234769,0,0.0,500.0,john_radcliffe_nhs
2022-03-02 06:00:00,0.0006421934361806638,0,0.0,500.0,john_radcliffe_nhs
2022-03-02 07:00:00,0.0006159851734091823,0,0.0,500.0,john_radcliffe_nhs
2022-03-02 08:00:00,0.0005908464840696322,0,0.0,500.0,john_radcliffe_nhs
2022-03-02 09:00:00,0.0005667337182895939,0,0.0,500.0,john_radcliffe_nhs
2022-03-02 10:00:00,0.0005436050075716382,0,0.0,500.0,john_radcliffe_nhs
2022-03-02 11:00:00,0.0005214201920944489,0,0.0,500.0,john_radcliffe_nhs
2022-03-02 12:00:00,0.0005001407509808173,0,0.0,500.0,john_radcliffe_nhs
2022-03-02 13:00:00,0.00047972973541144623,0,0.0,500.0,john_radcliffe_nhs
2022-03-02 14:00:00,0.00046015170446841585,0,0.0,500.0,john_radcliffe_nhs
2022-03-02 15:00:00,0.0004413726635969047,0,0.0,500.0,john_radcliffe_nhs
2022-03-02 16:00:00,0.00042336000557832877,0,0.0,500.0,john_radcliffe_nhs
2022-03-02 17:00:00,0.0004060824539123991,0,0.0,500.0,john_radcliffe_nhs
2022-03-02 18:00:00,0.00038951000850978096,0,0.0,500.0,john_radcliffe_nhs
2022-03-02 19:00:00,0.00037361389360107217,0,0.0,500.0,john_radcliffe_nhs
2022-03-02 20:00:00,0.00035836650777164395,0,0.0,500.0,john_radcliffe_nhs
2022-03-02 21:00:00,0.00034374137603558115,0,0.0,500.0,john_radcliffe_nhs
2022-03-02 22:00:00,0.00032971310386551675,0,0.0,500.0,john_radcliffe_nhs
2022-03-02 23:00:00,0.0003162573330985341,0,0.0,500.0,john_radcliffe_nhs
2022-03-03 00:00:00,0.00030335069964156704,0,0.0,500.0,john_radcliffe_nhs
2022-03-03 01:00:00,0.00029097079290287155,0,0.0,500.0,john_radcliffe_nhs
2022-03-03 02:00:00,0.000279096116879121,0,0.0,500.0,john_radcliffe_nhs
2022-03-03 03:00:00,0.00026770605283055285,0,0.0,500.0,john_radcliffe_nhs
2022-03-03 04:00:00,0.00025678082347936794,0,0.0,500.0,john_radcliffe_nhs
2022-03-03 05:00:00,0.0002463014586692125,0,0.0,500.0,john_radcliffe_nhs
2022-03-03 06:00:00,0.00023624976242611094,0,0.0,500.0,john_radcliffe_nhs
2022-03-03 07:00:00,0.00022660828136366394,0,0.0,500.0,john_radcliffe_nhs
2022-03-03 08:00:00,0.0002173602743776478,0,0.0,500.0,john_radcliffe_nhs
2022-03-03 09:00:00,0.0002084896835773894,0,0.0,500.0,john_radcliffe_nhs
2022-03-03 10:00:00,0.0001999811064034519,0,0.0,500.0,john_radcliffe_nhs
2022-03-03 11:00:00,0.00019181976888321196,0,0.0,500.0,john_radcliffe_nhs
2022-03-03 12:00:00,0.00018399149997788857,0,0.0,500.0,john_radcliffe_nhs
2022-03-03 13:00:00,0.0001764827069764867,0,0.0,500.0,john_radcliffe_nhs
2022-03-03 14:00:00,0.00016928035189392752,0,0.0,500.0,john_radcliffe_nhs
2022-03-03 15:00:00,0.00016237192883238028,0,0.0,500.0,john_radcliffe_nhs
2022-03-03 16:00:00,0.0001557454422664943,0,0.0,500.0,john_radcliffe_nhs
2022-03-03 17:00:00,0.0001493893862148214,0,0.0,500.0,john_radcliffe_nhs
2022-03-03 18:00:00,0.000143292724261262,0,0.0,500.0,john_radcliffe_nhs
2022-03-03 19:00:00,0.00013744487039184914,0,0.0,500.0,john_radcliffe_nhs
2022-03-03 20:00:00,0.00013183567061359372,0,0.0,500.0,john_radcliffe_nhs
2022-03-03 21:00:00,0.00012645538532347222,0,0.0,500.0,john_radcliffe_nhs
2022-03-03 22:00:00,0.00012129467239694804,0,0.0,500.0,john_radcliffe_nhs
2022-03-03 23:00:00,0.00011634457096665942,0,0.0,500.0,john_radcliffe_nhs
2022-03-04 00:00:00,0.00011159648586310572,0,0.0,500.0,john_radcliffe_nhs
2022-03-04 01:00:00,0.00010704217269031987,0,0.0,500.0,john_radcliffe_nhs
2022-03-04 02:00:00,0.00010267372351061058,0,0.0,500.0,john_radcliffe_nhs
2022-03-04 03:00:00,9.848355311351639e-05,0,0.0,500.0,john_radcliffe_nhs
2022-03-04 04:00:00,9.446438584513265e-05,0,0.0,500.0,john_radcliffe_nhs
2022-03-04 05:00:00,9.060924297494099e-05,0,0.0,500.0,john_radcliffe_nhs
2022-03-04 06:00:00,8.691143057820369e-05,0,0.0,500.0,john_radcliffe_nhs
2022-03-04 07:00:00,8.336452791288566e-05,0,0.0,500.0,john_radcliffe_nhs
2022-03-04 08:00:00,7.996237627092043e-05,0,0.0,500.0,john_radcliffe_nhs
2022-03-04 09:00:00,7.669906828446085e-05,0,0.0,500.0,john_radcliffe_nhs
2022-03-04 10:00:00,7.356893766854864e-05,0,0.0,500.0,john_radcliffe_nhs
2022-03-04 11:00:00,7.056654938239125e-05,0,0.0,500.0,john_radcliffe_nhs
2022-03-04 12:00:00,6.768669019216109e-05,0,0.0,500.0,john_radcliffe_nhs
2022-03-04 13:00:00,6.492435961893334e-05,0,0.0,500.0,john_radcliffe_nhs
2022-03-04 14:00:00,6.227476125604317e-05,0,0.0,500.0,john_radcliffe_nhs
2022-03-04 15:00:00,5.9733294440785276e-05,0,0.0,500.0,john_radcliffe_nhs
2022-03-04 16:00:00,5.729554626599716e-05,0,0.0,500.0,john_radcliffe_nhs
2022-03-04 17:00:00,5.4957283917653354e-05,0,0.0,500.0,john_radcliffe_nhs
2022-03-04 18:00:00,5.2714447325166624e-05,0,0.0,500.0,john_radcliffe_nhs
2022-03-04 19:00:00,5.056314211163487e-05,0,0.0,500.0,john_radcliffe_nhs
2022-03-04 20:00:00,4.849963283179129e-05,0,0.0,500.0,john_radcliffe_nhs
2022-03-04 21:00:00,4.652033648591836e-05,0,0.0,500.0,john_radcliffe_nhs
2022-03-04 22:00:00,4.462181629846249e-05,0,0.0,500.0,john_radcliffe_nhs
2022-03-04 23:00:00,4.280077575054596e-05,0,0.0,500.0,john_radcliffe_nhs
2022-03-05 00:00:00,4.10540528560161e-05,0,0.0,500.0,john_radcliffe_nhs
2022-03-05 01:00:00,3.937861467109197e-05,0,0.0,500.0,john_radcliffe_nhs
2022-03-05 02:00:00,3.7771552028074675e-05,0,0.0,500.0,john_radcliffe_nhs
2022-03-05 03:00:00,3.623007448397847e-05,0,0.0,500.0,john_radcliffe_nhs
2022-03-05 04:00:00,3.475150547531097e-05,0,0.0,500.0,john_radcliffe_nhs
2022-03-05 05:00:00,3.333327767058879e-05,0,0.0,500.0,john_radcliffe_nhs
2022-03-05 06:00:00,3.197292851252018e-05,0,0.0,500.0,john_radcliffe_nhs
2022-03-05 07:00:00,3.066809594211353e-05,0,0.0,500.0,john_radcliffe_nhs
2022-03-05 08:00:00,2.9416514297286864e-05,0,0.0,500.0,john_radcliffe_nhs
2022-03-05 09:00:00,2.8216010378857755e-05,0,0.0,500.0,john_radcliffe_nhs
2022-03-05 10:00:00,2.7064499677082395e-05,0,0.0,500.0,john_radcliffe_nhs
2022-03-05 11:00:00,2.5959982752191122e-05,0,0.0,500.0,john_radcliffe_nhs
2022-03-05 12:00:00,2.4900541762636765e-05,0,0.0,500.0,john_radcliffe_nhs
2022-03-05 13:00:00,2.3884337135026998e-05,0,0.0,500.0,john_radcliffe_nhs
2022-03-05 14:00:00,2.2909604369958187e-05,0,0.0,500.0,john_radcliffe_nhs
2022-03-05 15:00:00,2.1974650978205308e-05,0,0.0,500.0,john_radcliffe_nhs
2022-03-05 16:00:00,2.107785354194755e-05,0,0.0,500.0,john_radcliffe_nhs
2022-03-05 17:00:00,2.021765489592661e-05,0,0.0,500.0,john_radcliffe_nhs
2022-03-05 18:00:00,1.9392561423643733e-05,0,0.0,500.0,john_radcliffe_nhs
2022-03-05 19:00:00,1.8601140463900457e-05,0,0.0,500.0,john_radcliffe_nhs
2022-03-05 20:00:00,1.7842017823179516e-05,0,0.0,500.0,john_radcliffe_nhs
2022-03-05 21:00:00,1.711387538954711e-05,0,0.0,500.0,john_radcliffe_nhs
2022-03-05 22:00:00,1.6415448843933142e-05,0,0.0,500.0,john_radcliffe_nhs
2022-03-05 23:00:00,1.5745525464815068e-05,0,0.0,500.0,john_radcliffe_nhs
2022-03-06 00:00:00,1.5102942022494058e-05,0,0.0,500.0,john_radcliffe_nhs
2022-03-06 01:00:00,1.4486582759306872e-05,0,0.0,500.0,john_radcliffe_nhs
2022-03-06 02:00:00,1.3895377452266167e-05,0,0.0,500.0,john_radcliffe_nhs
2022-03-06 03:00:00,1.3328299554765731e-05,0,0.0,500.0,john_radcliffe_nhs
2022-03-06 04:00:00,1.2784364414123716e-05,0,0.0,500.0,john_radcliffe_nhs
2022-03-06 05:00:00,1.226262756186872e-05,0,0.0,500.0,john_radcliffe_nhs
2022-03-06 06:00:00,1.17621830738004e-05,0,0.0,500.0,john_radcliffe_nhs
2022-03-06 07:00:00,1.1282161996976907e-05,0,0.0,500.0,john_radcliffe_nhs
2022-03-06 08:00:00,1.0821730840897636e-05,0,0.0,500.0,john_radcliffe_nhs
2022-03-06 09:00:00,1.0380090130261809e-05,0,0.0,500.0,john_radcliffe_nhs
2022-03-06 10:00:00,9.956473016789751e-06,0,0.0,500.0,john_radcliffe_nhs
2022-03-06 11:00:00,9.550143947696351e-06,0,0.0,500.0,john_radcliffe_nhs
2022-03-06 12:00:00,9.160397388504973e-06,0,0.0,500.0,john_radcliffe_nhs
2022-03-06 13:00:00,8.786556597984059e-06,0,0.0,500.0,john_radcliffe_nhs
2022-03-06 14:00:00,8.427972453079051e-06,0,0.0,500.0,john_radcliffe_nhs
2022-03-06 15:00:00,8.084022321799658e-06,0,0.0,500.0,john_radcliffe_nhs
2022-03-06 16:00:00,7.754108982105172e-06,0,0.0,500.0,john_radcliffe_nhs
2022-03-06 17:00:00,7.437659584910557e-06,0,0.0,500.0,john_radcliffe_nhs
2022-03-06 18:00:00,7.134124659412927e-06,0,0.0,500.0,john_radcliffe_nhs
2022-03-06 19:00:00,6.842977159011205e-06,0,0.0,500.0,john_radcliffe_nhs
2022-03-06 20:00:00,6.563711546162194e-06,0,0.0,500.0,john_radcliffe_nhs
2022-03-06 21:00:00,6.29584291458429e-06,0,0.0,500.0,john_radcliffe_nhs
2022-03-06 22:00:00,6.038906147284522e-06,0,0.0,500.0,john_radcliffe_nhs
2022-03-06 23:00:00,5.792455108946881e-06,0,0.0,500.0,john_radcliffe_nhs
2022-03-07 00:00:00,5.556061871279807e-06,0,0.0,500.0,john_radcliffe_nhs
2022-03-07 01:00:00,5.329315969977663e-06,0,0.0,500.0,john_radcliffe_nhs
2022-03-07 02:00:00,5.1118236920059384e-06,0,0.0,500.0,john_radcliffe_nhs
2022-03-07 03:00:00,4.9032073919728e-06,0,0.0,500.0,john_radcliffe_nhs
2022-03-07 04:00:00,4.703104836399906e-06,0,0.0,500.0,john_radcliffe_nhs
2022-03-07 05:00:00,4.511168574753791e-06,0,0.0,500.0,john_radcliffe_nhs
2022-03-07 06:00:00,4.327065336145889e-06,0,0.0,500.0,john_radcliffe_nhs
2022-03-07 07:00:00,4.150475450653549e-06,0,0.0,500.0,john_radcliffe_nhs
2022-03-07 08:00:00,3.981092294257184e-06,0,0.0,500.0,john_radcliffe_nhs
2022-03-07 09:00:00,3.818621756429918e-06,0,0.0,500.0,john_radcliffe_nhs
2022-03-07 10:00:00,3.6627817294551582e-06,0,0.0,500.0,john_radcliffe_nhs
2022-03-07 11:00:00,3.513301618585366e-06,0,0.0,500.0,john_radcliffe_nhs
2022-03-07 12:00:00,3.36992187219155e-06,0,0.0,500.0,john_radcliffe_nhs
2022-03-07 13:00:00,3.232393531087625e-06,0,0.0,500.0,john_radcliffe_nhs
2022-03-07 14:00:00,3.1004777962470314e-06,0,0.0,500.0,john_radcliffe_nhs
2022-03-07 15:00:00,2.9739456141611236e-06,0,0.0,500.0,john_radcliffe_nhs
2022-03-07 16:00:00,2.852577279119312e-06,0,0.0,500.0,john_radcliffe_nhs
2022-03-07 17:00:00,2.7361620517203175e-06,0,0.0,500.0,john_radcliffe_nhs
2022-03-07 18:00:00,2.6244977929522337e-06,0,0.0,500.0,john_radcliffe_nhs
2022-03-07 19:00:00,2.5173906132059857e-06,0,0.0,500.0,john_radcliffe_nhs
2022-03-07 20:00:00,2.4146545356126914e-06,0,0.0,500.0,john_radcliffe_nhs
2022-03-07 21:00:00,2.316111173120453e-06,0,0.0,500.0,john_radcliffe_nhs
2022-03-07 22:00:00,2.2215894187498177e-06,0,0.0,500.0,john_radcliffe_nhs
2022-03-07 23:00:00,2.130925148490045e-06,0,0.0,500.0,john_radcliffe_nhs
2022-03-08 00:00:00,2.0439609363203733e-06,0,0.0,500.0,john_radcliffe_nhs
2022-03-08 01:00:00,1.960545780861426e-06,0,0.0,500.0,john_radcliffe_nhs
2022-03-08 02:00:00,1.8805348431820836e-06,0,0.0,500.0,john_radcliffe_nhs
2022-03-08 03:00:00,1.803789195306639e-06,0,0.0,500.0,john_radcliffe_nhs
2022-03-08 04:00:00,1.7301755789855054e-06,0,0.0,500.0,john_radcliffe_nhs
2022-03-08 05:00:00,1.6595661743105967e-06,0,0.0,500.0,john_radcliffe_nhs
2022-03-08 06:00:00,1.5918383777736684e-06,0,0.0,500.0,john_radcliffe_nhs
2022-03-08 07:00:00,1.5268745893822175e-06,0,0.0,500.0,john_radcliffe_nhs
2022-03-08 08:00:00,1.4645620084632683e-06,0,0.0,500.0,john_radcliffe_nhs
2022-03-08 09:00:00,1.4047924378005498e-06,0,0.0,500.0,john_radcliffe_nhs
2022-03-08 10:00:00,1.3474620957649328e-06,0,0.0,500.0,john_radcliffe_nhs
2022-03-08 11:00:00,1.2924714361119084e-06,0,0.0,500.0,john_radcliffe_nhs
2022-03-08 12:00:00,1.2397249751332478e-06,0,0.0,500.0,john_radcliffe_nhs
2022-03-08 13:00:00,1.1891311258627006e-06,0,0.0,500.0,john_radcliffe_nhs
2022-03-08 14:00:00,1.1406020390478227e-06,0,0.0,500.0,john_radcliffe_nhs
2022-03-08 15:00:00,1.0940534506118559e-06,0,0.0,500.0,john_radcliffe_nhs
2022-03-08 16:00:00,1.0494045353407661e-06,0,0.0,500.0,john_radcliffe_nhs
2022-03-08 17:00:00,1.0065777665413773e-06,0,0.0,500.0,john_radcliffe_nhs
2022-03-08 18:00:00,9.654987814269514e-07,0,0.0,500.0,john_radcliffe_nhs
2022-03-08 19:00:00,9.260962519964527e-07,0,0.0,500.0,john_radcliffe_nhs
2022-03-08 20:00:00,8.883017611832855e-07,0,0.0,500.0,john_radcliffe_nhs
2022-03-08 21:00:00,8.520496840584859e-07,0,0.0,500.0,john_radcliffe_nhs
2022-03-08 22:00:00,8.172770738820724e-07,0,0.0,500.0,john_radcliffe_nhs
2022-03-08 23:00:00,7.839235528046904e-07,0,0.0,500.0,john_radcliffe_nhs
2022-03-09 00:00:00,7.519312070297969e-07,0,0.0,500.0,john_radcliffe_nhs
2022-03-09 01:00:00,7.212444862543303e-07,0,0.0,500.0,john_radcliffe_nhs
2022-03-09 02:00:00,6.918101072132508e-07,0,0.0,500.0,john_radcliffe_nhs
2022-03-09 03:00:00,6.635769611604919e-07,0,0.0,500.0,john_radcliffe_nhs
2022-03-09 04:00:00,6.364960251256644e-07,0,0.0,500.0,john_radcliffe_nhs
2022-03-09 05:00:00,6.105202767924107e-07,0,0.0,500.0,john_radcliffe_nhs
2022-03-09 06:00:00,5.856046128506325e-07,0,0.0,500.0,john_radcliffe_nhs
2022-03-09 07:00:00,5.617057706808056e-07,0,0.0,500.0,john_radcliffe_nhs
2022-03-09 08:00:00,5.387822532343923e-07,0,0.0,500.0,john_radcliffe_nhs
2022-03-09 09:00:00,5.167942569799344e-07,0,0.0,500.0,john_radcliffe_nhs
2022-03-09 10:00:00,4.95703602789704e-07,0,0.0,500.0,john_radcliffe_nhs
2022-03-09 11:00:00,4.754736696469003e-07,0,0.0,500.0,john_radcliffe_nhs
2022-03-09 12:00:00,4.560693310582995e-07,0,0.0,500.0,john_radcliffe_nhs
2022-03-09 13:00:00,4.3745689406193834e-07,0,0.0,500.0,john_radcliffe_nhs
2022-03-09 14:00:00,4.196040407239207e-07,0,0.0,500.0,john_radcliffe_nhs
2022-03-09 15:00:00,4.0247977202277773e-07,0,0.0,500.0,john_radcliffe_nhs
2022-03-09 16:00:00,3.860543540239381e-07,0,0.0,500.0,john_radcliffe_nhs
2022-03-09 17:00:00,3.7029926625084045e-07,0,0.0,500.0,john_radcliffe_nhs
2022-03-09 18:00:00,3.551871521630554e-07,0,0.0,500.0,john_radcliffe_nhs
2022-03-09 19:00:00,3.406917716554222e-07,0,0.0,500.0,john_radcliffe_nhs
2022-03-09 20:00:00,3.267879554957151e-07,0,0.0,500.0,john_radcliffe_nhs
2022-03-09 21:00:00,3.1345156162173985e-07,0,0.0,500.0,john_radcliffe_nhs
2022-03-09 22:00:00,3.0065943322196837e-07,0,0.0,500.0,john_radcliffe_nhs
2022-03-09 23:00:00,2.8838935852692067e-07,0,0.0,500.0,john_radcliffe_nhs
2022-03-10 00:00:00,2.766200322414903e-07,0,0.0,500.0,john_radcliffe_nhs
2022-03-10 01:00:00,2.6533101855122707e-07,0,0.0,500.0,john_radcliffe_nhs
2022-03-10 02:00:00,2.5450271563836586e-07,0,0.0,500.0,john_radcliffe_nhs
2022-03-10 03:00:00,2.441163216459661e-07,0,0.0,500.0,john_radcliffe_nhs
2022-03-10 04:00:00,2.341538020310737e-07,0,0.0,500.0,john_radcliffe_nhs
2022-03-10 05:00:00,2.2459785825022595e-07,0,0.0,500.0,john_radcliffe_nhs
2022-03-10 06:00:00,2.1543189772290992e-07,0,0.0,500.0,john_radcliffe_nhs
2022-03-10 07:00:00,2.066400050208291e-07,0,0.0,500.0,john_radcliffe_nhs
2022-03-10 08:00:00,1.9820691423295841e-07,0,0.0,500.0,john_radcliffe_nhs
2022-03-10 09:00:00,1.9011798245838935e-07,0,0.0,500.0,john_radcliffe_nhs
2022-03-10 10:00:00,1.823591643809469e-07,0,0.0,500.0,john_radcliffe_nhs
2022-03-10 11:00:00,1.7491698788143636e-07,0,0.0,500.0,john_radcliffe_nhs
2022-03-10 12:00:00,1.6777853064516104e-07,0,0.0,500.0,john_radcliffe_nhs
2022-03-10 13:00:00,1.6093139772410074e-07,0,0.0,500.0,john_radcliffe_nhs
2022-03-10 14:00:00,1.543637000147948e-07,0,0.0,500.0,john_radcliffe_nhs
2022-03-10 15:00:00,1.4806403361454923e-07,0,0.0,500.0,john_radcliffe_nhs
2022-03-10 16:00:00,1.420214600201285e-07,0,0.0,500.0,john_radcliffe_nhs
2022-03-10 17:00:00,1.3622548713455408e-07,0,0.0,500.0,john_radcliffe_nhs
2022-03-10 18:00:00,1.3066605104902112e-07,0,0.0,500.0,john_radcliffe_nhs
2022-03-10 19:00:00,1.2533349856830536e-07,0,0.0,500.0,john_radcliffe_nhs
2022-03-10 20:00:00,1.2021857044932162e-07,0,0.0,500.0,john_radcliffe_nhs
2022-03-10 21:00:00,1.1531238532372175e-07,0,0.0,500.0,john_radcliffe_nhs
2022-03-10 22:00:00,1.106064242766203e-07,0,0.0,500.0,john_radcliffe_nhs
2022-03-10 23:00:00,1.060925160546743e-07,0,0.0,500.0,john_radcliffe_nhs
2022-03-11 00:00:00,1.0176282287782582e-07,0,0.0,500.0,john_radcliffe_nhs
2022-03-11 01:00:00,9.7609826830075e-08,0,0.0,500.0,john_radcliffe_nhs
2022-03-11 02:00:00,9.362631680565653e-08,0,0.0,500.0,john_radcliffe_nhs
2022-03-11 03:00:00,8.980537598794609e-08,0,0.0,500.0,john_radcliffe_nhs
2022-03-11 04:00:00,8.614036983935992e-08,0,0.0,500.0,john_radcliffe_nhs
2022-03-11 05:00:00,8.262493458139592e-08,0,0.0,500.0,john_radcliffe_nhs
2022-03-11 06:00:00,7.925296614480743e-08,0,0.0,500.0,john_radcliffe_nhs
2022-03-11 07:00:00,7.601860957072664e-08,0,0.0,500.0,john_radcliffe_nhs
2022-03-11 08:00:00,7.291624884433674e-08,0,0.0,500.0,john_radcliffe_nhs
2022-03-11 09:00:00,6.994049714343434e-08,0,0.0,500.0,john_radcliffe_nhs
2022-03-11 10:00:00,6.708618748495394e-08,0,0.0,500.0,john_radcliffe_nhs
2022-03-11 11:00:00,6.434836375321477e-08,0,0.0,500.0,john_radcliffe_nhs
2022-03-11 12:00:00,6.172227209430755e-08,0,0.0,500.0,john_radcliffe_nhs
2022-03-11 13:00:00,5.9203352661681304e-08,0,0.0,500.0,john_radcliffe_nhs
2022-03-11 14:00:00,5.678723169859887e-08,0,0.0,500.0,john_radcliffe_nhs
2022-03-11 15:00:00,5.446971394371002e-08,0,0.0,500.0,john_radcliffe_nhs
2022-03-11 16:00:00,5.224677534655721e-08,0,0.0,500.0,john_radcliffe_nhs
2022-03-11 17:00:00,5.011455608036725e-08,0,0.0,500.0,john_radcliffe_nhs
2022-03-11 18:00:00,4.806935383999303e-08,0,0.0,500.0,john_radcliffe_nhs
2022-03-11 19:00:00,4.610761741336994e-08,0,0.0,500.0,john_radcliffe_nhs
2022-03-11 20:00:00,4.4225940515326106e-08,0,0.0,500.0,john_radcliffe_nhs
2022-03-11 21:00:00,4.242105587303679e-08,0,0.0,500.0,john_radcliffe_nhs
2022-03-11 22:00:00,4.068982955285453e-08,0,0.0,500.0,john_radcliffe_nhs
2022-03-11 23:00:00,3.902925551866585e-08,0,0.0,500.0,john_radcliffe_nhs
2022-03-12 00:00:00,3.743645041232302e-08,0,0.0,500.0,john_radcliffe_nhs
2022-03-12 01:00:00,3.590864854708925e-08,0,0.0,500.0,john_radcliffe_nhs
2022-03-12 02:00:00,3.444319710540534e-08,0,0.0,500.0,john_radcliffe_nhs
2022-03-12 03:00:00,3.303755153263687e-08,0,0.0,500.0,john_radcliffe_nhs
2022-03-12 04:00:00,3.1689271118805096e-08,0,0.0,500.0,john_radcliffe_nhs
2022-03-12 05:00:00,3.039601476063092e-08,0,0.0,500.0,john_radcliffe_nhs
2022-03-12 06:00:00,2.915553689653099e-08,0,0.0,500.0,john_radcliffe_nhs
2022-03-12 07:00:00,2.7965683607508972e-08,0,0.0,500.0,john_radcliffe_nhs
2022-03-12 08:00:00,2.6824388877172425e-08,0,0.0,500.0,john_radcliffe_nhs
2022-03-12 09:00:00,2.5729671004379485e-08,0,0.0,500.0,john_radcliffe_nhs
2022-03-12 10:00:00,2.467962916228746e-08,0,0.0,500.0,john_radcliffe_nhs
2022-03-12 11:00:00,2.367244009782934e-08,0,0.0,500.0,john_radcliffe_nhs
2022-03-12 12:00:00,2.2706354965885572e-08,0,0.0,500.0,john_radcliffe_nhs
2022-03-12 13:00:00,2.177969629265514e-08,0,0.0,500.0,john_radcliffe_nhs
2022-03-12 14:00:00,2.0890855062953767e-08,0,0.0,500.0,john_radcliffe_nhs
2022-03-12 15:00:00,2.0038287926380363e-08,0,0.0,500.0,john_radcliffe_nhs
2022-03-12 16:00:00,1.9220514517501358e-08,0,0.0,500.0,john_radcliffe_nhs
2022-03-12 17:00:00,1.8436114885400413e-08,0,0.0,500.0,john_radcliffe_nhs
2022-03-12 18:00:00,1.7683727028128965e-08,0,0.0,500.0,john_radcliffe_nhs
2022-03-12 19:00:00,1.6962044527777197e-08,0,0.0,500.0,john_radcliffe_nhs
2022-03-12 20:00:00,1.626981428205962e-08,0,0.0,500.0,john_radcliffe_nhs
2022-03-12 21:00:00,1.5605834328475305e-08,0,0.0,500.0,john_radcliffe_nhs
2022-03-12 22:00:00,1.4968951757265362e-08,0,0.0,500.0,john_radcliffe_nhs
2022-03-12 23:00:00,1.4358060709544228e-08,0,0.0,500.0,john_radcliffe_nhs
2022-03-13 00:00:00,1.3772100457127804e-08,0,0.0,500.0,john_radcliffe_nhs
2022-03-13 01:00:00,1.3210053560724918e-08,0,0.0,500.0,john_radcliffe_nhs
2022-03-13 02:00:00,1.2670944103294356e-08,0,0.0,500.0,john_radcliffe_nhs
2022-03-13 03:00:00,1.215383599549918e-08,0,0.0,500.0,john_radcliffe_nhs
2022-03-13 04:00:00,1.1657831350316346e-08,0,0.0,500.0,john_radcliffe_nhs
2022-03-13 05:00:00,1.1182068923979815e-08,0,0.0,500.0,john_radcliffe_nhs
2022-03-13 06:00:00,1.0725722620549189e-08,0,0.0,500.0,john_radcliffe_nhs
2022-03-13 07:00:00,1.0288000057507768e-08,0,0.0,500.0,john_radcliffe_nhs
2022-03-13 08:00:00,9.868141189899645e-09,0,0.0,500.0,john_radcliffe_nhs
2022-03-13 09:00:00,9.46541699061619e-09,0,0.0,500.0,john_radcliffe_nhs
2022-03-13 10:00:00,9.079128184540745e-09,0,0.0,500.0,john_radcliffe_nhs
2022-03-13 11:00:00,8.708604034353901e-09,0,0.0,500.0,john_radcliffe_nhs
2022-03-13 12:00:00,8.353201175890388e-09,0,0.0,500.0,john_radcliffe_nhs
2022-03-13 13:00:00,8.012302501025707e-09,0,0.0,500.0,john_radcliffe_nhs
2022-03-13 14:00:00,7.685316086153028e-09,0,0.0,500.0,john_radcliffe_nhs
2022-03-13 15:00:00,7.3716741643892684e-09,0,0.0,500.0,john_radcliffe_nhs
2022-03-13 16:00:00,7.070832139725994e-09,0,0.0,500.0,john_radcliffe_nhs
2022-03-13 17:00:00,6.782267641413613e-09,0,0.0,500.0,john_radcliffe_nhs
2022-03-13 18:00:00,6.505479616936415e-09,0,0.0,500.0,john_radcliffe_nhs
2022-03-13 19:00:00,6.239987462003796e-09,0,0.0,500.0,john_radcliffe_nhs
2022-03-13 20:00:00,5.985330186047243e-09,0,0.0,500.0,john_radcliffe_nhs
2022-03-13 21:00:00,5.741065611773606e-09,0,0.0,500.0,john_radcliffe_nhs
2022-03-13 22:00:00,5.506769607385061e-09,0,0.0,500.0,john_radcliffe_nhs
2022-03-13 23:00:00,5.282035350132773e-09,0,0.0,500.0,john_radcliffe_nhs
2022-03-14 00:00:00,5.066472619925142e-09,0,0.0,500.0,john_radcliffe_nhs
2022-03-14 01:00:00,4.859707121764305e-09,0,0.0,500.0,john_radcliffe_nhs
2022-03-14 02:00:00,4.66137983583451e-09,0,0.0,500.0,john_radcliffe_nhs
2022-03-14 03:00:00,4.471146394113599e-09,0,0.0,500.0,john_radcliffe_nhs
2022-03-14 04:00:00,4.288676482425299e-09,0,0.0,500.0,john_radcliffe_nhs
2022-03-14 05:00:00,4.113653266894245e-09,0,0.0,500.0,john_radcliffe_nhs
2022-03-14 06:00:00,3.945772843807533e-09,0,0.0,500.0,john_radcliffe_nhs
2022-03-14 07:00:00,3.784743711927724e-09,0,0.0,500.0,john_radcliffe_nhs
2022-03-14 08:00:00,3.6302862663411734e-09,0,0.0,500.0,john_radcliffe_nhs
2022-03-14 09:00:00,3.4821323129625585e-09,0,0.0,500.0,john_radcliffe_nhs
2022-03-14 10:00:00,3.34002460285274e-09,0,0.0,500.0,john_radcliffe_nhs
2022-03-14 11:00:00,3.203716385541481e-09,0,0.0,500.0,john_radcliffe_nhs
2022-03-14 12:00:00,3.072970980579191e-09,0,0.0,500.0,john_radcliffe_nhs
2022-03-14 13:00:00,2.9475613665738868e-09,0,0.0,500.0,john_radcliffe_nhs
2022-03-14 14:00:00,2.827269786999872e-09,0,0.0,500.0,john_radcliffe_nhs
2022-03-14 15:00:00,2.7118873720934828e-09,0,0.0,500.0,john_radcliffe_nhs
2022-03-14 16:00:00,2.6012137761794718e-09,0,0.0,500.0,john_radcliffe_nhs
2022-03-14 17:00:00,2.4950568297983967e-09,0,0.0,500.0,john_radcliffe_nhs
2022-03-14 18:00:00,2.393232206030777e-09,0,0.0,500.0,john_radcliffe_nhs
2022-03-14 19:00:00,2.2955631004387635e-09,0,0.0,500.0,john_radcliffe_nhs
2022-03-14 20:00:00,2.2018799240696247e-09,0,0.0,500.0,john_radcliffe_nhs
2022-03-14 21:00:00,2.1120200089878587e-09,0,0.0,500.0,john_radcliffe_nhs
2022-03-14 22:00:00,2.025827325824699e-09,0,0.0,500.0,john_radcliffe_nhs
2022-03-14 23:00:00,1.943152212854648e-09,0,0.0,500.0,john_radcliffe_nhs
2022-03-15 00:00:00,1.863851116128475e-09,0,0.0,500.0,john_radcliffe_nhs
2022-03-15 01:00:00,1.7877863402115309e-09,0,0.0,500.0,john_radcliffe_nhs
2022-03-15 02:00:00,1.7148258090946292e-09,0,0.0,500.0,john_radcliffe_nhs
2022-03-15 03:00:00,1.64484283686222e-09,0,0.0,500.0,john_radcliffe_nhs
2022-03-15 04:00:00,1.5777159077197259e-09,0,0.0,500.0,john_radcliffe_nhs
2022-03-15 05:00:00,1.513328464998133e-09,0,0.0,500.0,john_radcliffe_nhs
2022-03-15 06:00:00,1.451568708769368e-09,0,0.0,500.0,john_radcliffe_nhs
2022-03-15 07:00:00,1.3923294017211061e-09,0,0.0,500.0,john_radcliffe_nhs
2022-03-15 08:00:00,1.3355076829539576e-09,0,0.0,500.0,john_radcliffe_nhs
2022-03-15 09:00:00,1.2810048893776881e-09,0,0.0,500.0,john_radcliffe_nhs
2022-03-15 10:00:00,1.228726384396339e-09,0,0.0,500.0,john_radcliffe_nhs
2022-03-15 11:00:00,1.1785813935847972e-09,0,0.0,500.0,john_radcliffe_nhs
2022-03-15 12:00:00,1.130482847071532e-09,0,0.0,500.0,john_radcliffe_nhs
2022-03-15 13:00:00,1.084347228353738e-09,0,0.0,500.0,john_radcliffe_nhs
2022-03-15 14:00:00,1.0400944292824195e-09,0,0.0,500.0,john_radcliffe_nhs
2022-03-15 15:00:00,9.976476109656418e-10,0,0.0,500.0,john_radcliffe_nhs
2022-03-15 16:00:00,9.56933070348365e-10,0,0.0,500.0,john_radcliffe_nhs
2022-03-15 17:00:00,9.178801122372277e-10,0,0.0,500.0,john_radcliffe_nhs
2022-03-15 18:00:00,8.804209265481003e-10,0,0.0,500.0,john_radcliffe_nhs
2022-03-15 19:00:00,8.444904705631987e-10,0,0.0,500.0,john_radcliffe_nhs
2022-03-15 20:00:00,8.100263559933543e-10,0,0.0,500.0,john_radcliffe_nhs
2022-03-15 21:00:00,7.769687406493581e-10,0,0.0,500.0,john_radcliffe_nhs
2022-03-15 22:00:00,7.452602245342302e-10,0,0.0,500.0,john_radcliffe_nhs
2022-03-15 23:00:00,7.148457501760219e-10,0,0.0,500.0,john_radcliffe_nhs
2022-03-16 00:00:00,6.856725070281123e-10,0,0.0,500.0,john_radcliffe_nhs
2022-03-16 01:00:00,6.576898397709583e-10,0,0.0,500.0,john_radcliffe_nhs
2022-03-16 02:00:00,6.308491603561009e-10,0,0.0,500.0,john_radcliffe_nhs
2022-03-16 03:00:00,6.051038636397234e-10,0,0.0,500.0,john_radcliffe_nhs
2022-03-16 04:00:00,5.804092464592296e-10,0,0.0,500.0,john_radcliffe_nhs
2022-03-16 05:00:00,5.567224300123518e-10,0,0.0,500.0,john_radcliffe_nhs
2022-03-16 06:00:00,5.340022854040272e-10,0,0.0,500.0,john_radcliffe_nhs
2022-03-16 07:00:00,5.122093622317291e-10,0,0.0,500.0,john_radcliffe_nhs
2022-03-16 08:00:00,4.913058200852696e-10,0,0.0,500.0,john_radcliffe_nhs
2022-03-16 09:00:00,4.712553628421492e-10,0,0.0,500.0,john_radcliffe_nhs
2022-03-16 10:00:00,4.52023175644332e-10,0,0.0,500.0,john_radcliffe_nhs
2022-03-16 11:00:00,4.3357586444703493e-10,0,0.0,500.0,john_radcliffe_nhs
2022-03-16 12:00:00,4.1588139803457626e-10,0,0.0,500.0,john_radcliffe_nhs
2022-03-16 13:00:00,3.9890905240257553e-10,0,0.0,500.0,john_radcliffe_nhs
2022-03-16 14:00:00,3.8262935740994674e-10,0,0.0,500.0,john_radcliffe_nhs
2022-03-16 15:00:00,3.670140456080648e-10,0,0.0,500.0,john_radcliffe_nhs
2022-03-16 16:00:00,3.5203600315822896e-10,0,0.0,500.0,john_radcliffe_nhs
2022-03-16 17:00:00,3.376692227522121e-10,0,0.0,500.0,john_radcliffe_nhs
2022-03-16 18:00:00,3.238887584541586e-10,0,0.0,500.0,john_radcliffe_nhs
2022-03-16 19:00:00,3.1067068238539786e-10,0,0.0,500.0,john_radcliffe_nhs
2022-03-16 20:00:00,2.97992043176975e-10,0,0.0,500.0,john_radcliffe_nhs
2022-03-16 21:00:00,2.858308261177651e-10,0,0.0,500.0,john_radcliffe_nhs
2022-03-16 22:00:00,2.741659149289563e-10,0,0.0,500.0,john_radcliffe_nhs
2022-03-16 23:00:00,2.6297705509853543e-10,0,0.0,500.0,john_radcliffe_nhs
2022-03-17 00:00:00,2.522448187121238e-10,0,0.0,500.0,john_radcliffe_nhs
2022-03-17 01:00:00,2.419505707190756e-10,0,0.0,500.0,john_radcliffe_nhs
2022-03-17 02:00:00,2.3207643657527602e-10,0,0.0,500.0,john_radcliffe_nhs
2022-03-17 03:00:00,2.2260527120646204e-10,0,0.0,500.0,john_radcliffe_nhs
2022-03-17 04:00:00,2.135206292381593e-10,0,0.0,500.0,john_radcliffe_nhs
2022-03-17 05:00:00,2.0480673644055137e-10,0,0.0,500.0,john_radcliffe_nhs
2022-03-17 06:00:00,1.964484623387066e-10,0,0.0,500.0,john_radcliffe_nhs
2022-03-17 07:00:00,1.884312939405894e-10,0,0.0,500.0,john_radcliffe_nhs
2022-03-17 08:00:00,1.8074131053724616e-10,0,0.0,500.0,john_radcliffe_nhs
2022-03-17 09:00:00,1.7336515953141512e-10,0,0.0,500.0,john_radcliffe_nhs
2022-03-17 10:00:00,1.6629003325257762e-10,0,0.0,500.0,john_radcliffe_nhs
2022-03-17 11:00:00,1.5950364671820025e-10,0,0.0,500.0,john_radcliffe_nhs
2022-03-17 12:00:00,1.5299421630255807e-10,0,0.0,500.0,john_radcliffe_nhs
2022-03-17 13:00:00,1.467504392760891e-10,0,0.0,500.0,john_radcliffe_nhs
2022-03-17 14:00:00,1.4076147417975927e-10,0,0.0,500.0,john_radcliffe_nhs
2022-03-17 15:00:00,1.350169220003651e-10,0,0.0,500.0,john_radcliffe_nhs
2022-03-17 16:00:00,1.295068081140774e-10,0,0.0,500.0,john_radcliffe_nhs
2022-03-17 17:00:00,1.2422156496687907e-10,0,0.0,500.0,john_radcliffe_nhs
2022-03-17 18:00:00,1.1915201546182812e-10,0,0.0,500.0,john_radcliffe_nhs
2022-03-17 19:00:00,1.1428935702429084e-10,0,0.0,500.0,john_radcliffe_nhs
2022-03-17 20:00:00,1.0962514631748186e-10,0,0.0,500.0,john_radcliffe_nhs
2022-03-17 21:00:00,1.0515128458177515e-10,0,0.0,500.0,john_radcliffe_nhs
2022-03-17 22:00:00,1.0086000357232162e-10,0,0.0,500.0,john_radcliffe_nhs
2022-03-17 23:00:00,9.674385207056079e-11,0,0.0,500.0,john_radcliffe_nhs
2022-03-18 00:00:00,9.279568294620789e-11,0,0.0,500.0,john_radcliffe_nhs
2022-03-18 01:00:00,8.900864074724506e-11,0,0.0,500.0,john_radcliffe_nhs
2022-03-18 02:00:00,8.537614979637222e-11,0,0.0,500.0,john_radcliffe_nhs
2022-03-18 03:00:00,8.189190277325062e-11,0,0.0,500.0,john_radcliffe_nhs
2022-03-18 04:00:00,7.854984976270879e-11,0,0.0,500.0,john_radcliffe_nhs
2022-03-18 05:00:00,7.534418774989692e-11,0,0.0,500.0,john_radcliffe_nhs
2022-03-18 06:00:00,7.226935054415252e-11,0,0.0,500.0,john_radcliffe_nhs
2022-03-18 07:00:00,6.931999911407581e-11,0,0.0,500.0,john_radcliffe_nhs
2022-03-18 08:00:00,6.649101231703625e-11,0,0.0,500.0,john_radcliffe_nhs
2022-03-18 09:00:00,6.377747800701495e-11,0,0.0,500.0,john_radcliffe_nhs
2022-03-18 10:00:00,6.117468450533881e-11,0,0.0,500.0,john_radcliffe_nhs
2022-03-18 11:00:00,5.867811241949867e-11,0,0.0,500.0,john_radcliffe_nhs
2022-03-18 12:00:00,5.6283426795847843e-11,0,0.0,500.0,john_radcliffe_nhs
2022-03-18 13:00:00,5.398646959255134e-11,0,0.0,500.0,john_radcliffe_nhs
2022-03-18 14:00:00,5.178325245971825e-11,0,0.0,500.0,john_radcliffe_nhs
2022-03-18 15:00:00,4.966994981418254e-11,0,0.0,500.0,john_radcliffe_nhs
2022-03-18 16:00:00,4.7642892196904e-11,0,0.0,500.0,john_radcliffe_nhs
2022-03-18 17:00:00,4.5698559901457486e-11,0,0.0,500.0,john_radcliffe_nhs
2022-03-18 18:00:00,4.383357686254839e-11,0,0.0,500.0,john_radcliffe_nhs
2022-03-18 19:00:00,4.204470479393957e-11,0,0.0,500.0,john_radcliffe_nhs
2022-03-18 20:00:00,4.032883756561283e-11,0,0.0,500.0,john_radcliffe_nhs
2022-03-18 21:00:00,3.868299581040274e-11,0,0.0,500.0,john_radcliffe_nhs
2022-03-18 22:00:00,3.710432175073536e-11,0,0.0,500.0,john_radcliffe_nhs
2022-03-18 23:00:00,3.5590074236490595e-11,0,0.0,500.0,john_radcliffe_nhs
2022-03-19 00:00:00,3.41376239853733e-11,0,0.0,500.0,john_radcliffe_nhs
2022-03-19 01:00:00,3.2744449017526184e-11,0,0.0,500.0,john_radcliffe_nhs
2022-03-19 02:00:00,3.140813027645876e-11,0,0.0,500.0,john_radcliffe_nhs
2022-03-19 03:00:00,3.012634742868953e-11,0,0.0,500.0,john_radcliffe_nhs
2022-03-19 04:00:00,2.8896874834806055e-11,0,0.0,500.0,john_radcliffe_nhs
2022-03-19 05:00:00,2.7717577684948308e-11,0,0.0,500.0,john_radcliffe_nhs
2022-03-19 06:00:00,2.6586408292005894e-11,0,0.0,500.0,john_radcliffe_nhs
2022-03-19 07:00:00,2.5501402536091087e-11,0,0.0,500.0,john_radcliffe_nhs
2022-03-19 08:00:00,2.4460676454114778e-11,0,0.0,500.0,john_radcliffe_nhs
2022-03-19 09:00:00,2.346242296854461e-11,0,0.0,500.0,john_radcliffe_nhs
2022-03-19 10:00:00,2.250490874966333e-11,0,0.0,500.0,john_radcliffe_nhs
2022-03-19 11:00:00,2.158647120588024e-11,0,0.0,500.0,john_radcliffe_nhs
2022-03-19 12:00:00,2.0705515596870286e-11,0,0.0,500.0,john_radcliffe_nhs
2022-03-19 13:00:00,1.986051226452685e-11,0,0.0,500.0,john_radcliffe_nhs
2022-03-19 14:00:00,1.9049993976920867e-11,0,0.0,500.0,john_radcliffe_nhs
2022-03-19 15:00:00,1.8272553380655056e-11,0,0.0,500.0,john_radcliffe_nhs
2022-03-19 16:00:00,1.7526840557188316e-11,0,0.0,500.0,john_radcliffe_nhs
2022-03-19 17:00:00,1.6811560678887867e-11,0,0.0,500.0,john_radcliffe_nhs
2022-03-19 18:00:00,1.6125471760739763e-11,0,0.0,500.0,john_radcliffe_nhs
2022-03-19 19:00:00,1.546738250381275e-11,0,0.0,500.0,john_radcliffe_nhs
2022-03-19 20:00:00,1.4836150226731516e-11,0,0.0,500.0,john_radcliffe_nhs
2022-03-19 21:00:00,1.4230678881568206e-11,0,0.0,500.0,john_radcliffe_nhs
2022-03-19 22:00:00,1.3649917150705915e-11,0,0.0,500.0,john_radcliffe_nhs
2022-03-19 23:00:00,1.3092856621370308e-11,0,0.0,500.0,john_radcliffe_nhs
2022-03-20 00:00:00,1.2558530034659954e-11,0,0.0,500.0,john_radcliffe_nhs
2022-03-20 01:00:00,1.2046009606034318e-11,0,0.0,500.0,john_radcliffe_nhs
2022-03-20 02:00:00,1.1554405414343507e-11,0,0.0,500.0,john_radcliffe_nhs
2022-03-20 03:00:00,1.1082863856603022e-11,0,0.0,500.0,john_radcliffe_nhs
2022-03-20 04:00:00,1.0630566165829567e-11,0,0.0,500.0,john_radcliffe_nhs
2022-03-20 05:00:00,1.0196726989364823e-11,0,0.0,500.0,john_radcliffe_nhs
2022-03-20 06:00:00,9.78059302521893e-12,0,0.0,500.0,john_radcliffe_nhs
2022-03-20 07:00:00,9.381441714065191e-12,0,0.0,500.0,john_radcliffe_nhs
2022-03-20 08:00:00,8.998579984615202e-12,0,0.0,500.0,john_radcliffe_nhs
2022-03-20 09:00:00,8.631343050196203e-12,0,0.0,500.0,john_radcliffe_nhs
2022-03-20 10:00:00,8.27909325444045e-12,0,0.0,500.0,john_radcliffe_nhs
2022-03-20 11:00:00,7.941218964082653e-12,0,0.0,500.0,john_radcliffe_nhs
2022-03-20 12:00:00,7.617133506943223e-12,0,0.0,500.0,john_radcliffe_nhs
2022-03-20 13:00:00,7.306274153252713e-12,0,0.0,500.0,john_radcliffe_nhs
2022-03-20 14:00:00,7.008101138548991e-12,0,0.0,500.0,john_radcliffe_nhs
2022-03-20 15:00:00,6.722096726450731e-12,0,0.0,500.0,john_radcliffe_nhs
2022-03-20 16:00:00,6.447764309679407e-12,0,0.0,500.0,john_radcliffe_nhs
2022-03-20 17:00:00,6.184627547769061e-12,0,0.0,500.0,john_radcliffe_nhs
2022-03-20 18:00:00,5.932229539966819e-12,0,0.0,500.0,john_radcliffe_nhs
2022-03-20 19:00:00,5.690132031887579e-12,0,0.0,500.0,john_radcliffe_nhs
2022-03-20 20:00:00,5.457914654545557e-12,0,0.0,500.0,john_radcliffe_nhs
2022-03-20 21:00:00,5.235174194441558e-12,0,0.0,500.0,john_radcliffe_nhs
2022-03-20 22:00:00,5.021523893438179e-12,0,0.0,500.0,john_radcliffe_nhs
2022-03-20 23:00:00,4.816592777207527e-12,0,0.0,500.0,john_radcliffe_nhs
2022-03-21 00:00:00,4.620025011085478e-12,0,0.0,500.0,john_radcliffe_nhs
2022-03-21 01:00:00,4.431479282213731e-12,0,0.0,500.0,john_radcliffe_nhs
2022-03-21 02:00:00,4.250628206896977e-12,0,0.0,500.0,john_radcliffe_nhs
2022-03-21 03:00:00,4.077157762146296e-12,0,0.0,500.0,john_radcliffe_nhs
2022-03-21 04:00:00,3.910766740421423e-12,0,0.0,500.0,john_radcliffe_nhs
2022-03-21 05:00:00,3.751166226625295e-12,0,0.0,500.0,john_radcliffe_nhs
2022-03-21 06:00:00,3.598079096442847e-12,0,0.0,500.0,john_radcliffe_nhs
2022-03-21 07:00:00,3.4512395351527606e-12,0,0.0,500.0,john_radcliffe_nhs
2022-03-21 08:00:00,3.3103925760767673e-12,0,0.0,500.0,john_radcliffe_nhs
2022-03-21 09:00:00,3.1752936578651915e-12,0,0.0,500.0,john_radcliffe_nhs
2022-03-21 10:00:00,3.04570819984981e-12,0,0.0,500.0,john_radcliffe_nhs
2022-03-21 11:00:00,2.9214111947267867e-12,0,0.0,500.0,john_radcliffe_nhs
2022-03-21 12:00:00,2.8021868178625416e-12,0,0.0,500.0,john_radcliffe_nhs
2022-03-21 13:00:00,2.6878280525439612e-12,0,0.0,500.0,john_radcliffe_nhs
2022-03-21 14:00:00,2.578136330522351e-12,0,0.0,500.0,john_radcliffe_nhs
2022-03-21 15:00:00,2.4729211872270767e-12,0,0.0,500.0,john_radcliffe_nhs
2022-03-21 16:00:00,2.371999931050031e-12,0,0.0,500.0,john_radcliffe_nhs
2022-03-21 17:00:00,2.2751973261267895e-12,0,0.0,500.0,john_radcliffe_nhs
2022-03-21 18:00:00,2.1823452880637155e-12,0,0.0,500.0,john_radcliffe_nhs
2022-03-21 19:00:00,2.093282592082526e-12,0,0.0,500.0,john_radcliffe_nhs
2022-03-21 20:00:00,2.0078545930756456e-12,0,0.0,500.0,john_radcliffe_nhs
2022-03-21 21:00:00,1.9259129570863157e-12,0,0.0,500.0,john_radcliffe_nhs
2022-03-21 22:00:00,1.8473154037470826e-12,0,0.0,500.0,john_radcliffe_nhs
2022-03-21 23:00:00,1.7719254592295105e-12,0,0.0,500.0,john_radcliffe_nhs
2022-03-22 00:00:00,1.6996122192762124e-12,0,0.0,500.0,john_radcliffe_nhs
2022-03-22 01:00:00,1.6302501219036115e-12,0,0.0,500.0,john_radcliffe_nhs
2022-03-22 02:00:00,1.5637187293808297e-12,0,0.0,500.0,john_radcliffe_nhs
2022-03-22 03:00:00,1.4999025191061876e-12,0,0.0,500.0,john_radcliffe_nhs
2022-03-22 04:00:00,1.4386906830180963e-12,0,0.0,500.0,john_radcliffe_nhs
2022-03-22 05:00:00,1.3799769351921015e-12,0,0.0,500.0,john_radcliffe_nhs
2022-03-22 06:00:00,1.3236593272900425e-12,0,0.0,500.0,john_radcliffe_nhs
2022-03-22 07:00:00,1.2696400715407859e-12,0,0.0,500.0,john_radcliffe_nhs
2022-03-22 08:00:00,1.2178253709452124e-12,0,0.0,500.0,john_radcliffe_nhs
2022-03-22 09:00:00,1.1681252564106716e-12,0,0.0,500.0,john_radcliffe_nhs
2022-03-22 10:00:00,1.1204534305320277e-12,0,0.0,500.0,john_radcliffe_nhs
2022-03-22 11:00:00,1.0747271177480857e-12,0,0.0,500.0,john_radcliffe_nhs
2022-03-22 12:00:00,1.030866920613254e-12,0,0.0,500.0,john_radcliffe_nhs
2022-03-22 13:00:00,9.887966819347986e-13,0,0.0,500.0,john_radcliffe_nhs
2022-03-22 14:00:00,9.484433525363555e-13,0,0.0,500.0,john_radcliffe_nhs
2022-03-22 15:00:00,9.097368644181167e-13,0,0.0,500.0,john_radcliffe_nhs
2022-03-22 16:00:00,8.726100090933851e-13,0,0.0,500.0,john_radcliffe_nhs
2022-03-22 17:00:00,8.369983208902832e-13,0,0.0,500.0,john_radcliffe_nhs
2022-03-22 18:00:00,8.0283996501601e-13,0,0.0,500.0,john_radcliffe_nhs
2022-03-22 19:00:00,7.70075630189228e-13,0,0.0,500.0,john_radcliffe_nhs
2022-03-22 20:00:00,7.38648425654182e-13,0,0.0,500.0,john_radcliffe_nhs
2022-03-22 21:00:00,7.085037823977537e-13,0,0.0,500.0,john_radcliffe_nhs
2022-03-22 22:00:00,6.79589358397874e-13,0,0.0,500.0,john_radcliffe_nhs
2022-03-22 23:00:00,6.518549477388036e-13,0,0.0,500.0,john_radcliffe_nhs
2022-03-23 00:00:00,6.25252393435488e-13,0,0.0,500.0,john_radcliffe_nhs
2022-03-23 01:00:00,5.997355038155763e-13,0,0.0,500.0,john_radcliffe_nhs
2022-03-23 02:00:00,5.752599723139375e-13,0,0.0,500.0,john_radcliffe_nhs
2022-03-23 03:00:00,5.517833005404229e-13,0,0.0,500.0,john_radcliffe_nhs
2022-03-23 04:00:00,5.292647244872579e-13,0,0.0,500.0,john_radcliffe_nhs
2022-03-23 05:00:00,5.076651437479499e-13,0,0.0,500.0,john_radcliffe_nhs
2022-03-23 06:00:00,4.869470536248281e-13,0,0.0,500.0,john_radcliffe_nhs
2022-03-23 07:00:00,4.670744800072943e-13,0,0.0,500.0,john_radcliffe_nhs
2022-03-23 08:00:00,4.4801291690772917e-13,0,0.0,500.0,john_radcliffe_nhs
2022-03-23 09:00:00,4.297292665466057e-13,0,0.0,500.0,john_radcliffe_nhs
2022-03-23 10:00:00,4.1219178188274783e-13,0,0.0,500.0,john_radcliffe_nhs
2022-03-23 11:00:00,3.953700114889607e-13,0,0.0,500.0,john_radcliffe_nhs
2022-03-23 12:00:00,3.7923474667732954e-13,0,0.0,500.0,john_radcliffe_nhs
2022-03-23 13:00:00,3.637579707823501e-13,0,0.0,500.0,john_radcliffe_nhs
2022-03-23 14:00:00,3.489128105138437e-13,0,0.0,500.0,john_radcliffe_nhs
2022-03-23 15:00:00,3.346734892951969e-13,0,0.0,500.0,john_radcliffe_nhs
2022-03-23 16:00:00,3.210152825058817e-13,0,0.0,500.0,john_radcliffe_nhs
2022-03-23 17:00:00,3.079144745505529e-13,0,0.0,500.0,john_radcliffe_nhs
2022-03-23 18:00:00,2.9534831768019004e-13,0,0.0,500.0,john_radcliffe_nhs
2022-03-23 19:00:00,2.832949924937595e-13,0,0.0,500.0,john_radcliffe_nhs
2022-03-23 20:00:00,2.717335700518262e-13,0,0.0,500.0,john_radcliffe_nhs
2022-03-23 21:00:00,2.6064397553633884e-13,0,0.0,500.0,john_radcliffe_nhs
2022-03-23 22:00:00,2.5000695339346895e-13,0,0.0,500.0,john_radcliffe_nhs
2022-03-23 23:00:00,2.3980403389899083e-13,0,0.0,500.0,john_radcliffe_nhs
2022-03-24 00:00:00,2.3001750108815406e-13,0,0.0,500.0,john_radcliffe_nhs
2022-03-24 01:00:00,2.2063036199434765e-13,0,0.0,500.0,john_radcliffe_nhs
2022-03-24 02:00:00,2.116263171431507e-13,0,0.0,500.0,john_radcliffe_nhs
2022-03-24 03:00:00,2.029897322505448e-13,0,0.0,500.0,john_radcliffe_nhs
2022-03-24 04:00:00,1.9470561107612985e-13,0,0.0,500.0,john_radcliffe_nhs
2022-03-24 05:00:00,1.8675956938421573e-13,0,0.0,500.0,john_radcliffe_nhs
2022-03-24 06:00:00,1.7913780996758212e-13,0,0.0,500.0,john_radcliffe_nhs
2022-03-24 07:00:00,1.7182709869052546e-13,0,0.0,500.0,john_radcliffe_nhs
2022-03-24 08:00:00,1.6481474150960324e-13,0,0.0,500.0,john_radcliffe_nhs
2022-03-24 09:00:00,1.5808856243217905e-13,0,0.0,500.0,john_radcliffe_nhs
2022-03-24 10:00:00,1.516368823744863e-13,0,0.0,500.0,john_radcliffe_nhs
2022-03-24 11:00:00,1.454484988825056e-13,0,0.0,500.0,john_radcliffe_nhs
2022-03-24 12:00:00,1.3951266668044947e-13,0,0.0,500.0,john_radcliffe_nhs
2022-03-24 13:00:00,1.3381907901306879e-13,0,0.0,500.0,john_radcliffe_nhs
2022-03-24 14:00:00,1.2835784974939017e-13,0,0.0,500.0,john_radcliffe_nhs
2022-03-24 15:00:00,1.2311949621681374e-13,0,0.0,500.0,john_radcliffe_nhs
2022-03-24 16:00:00,1.1809492273575647e-13,0,0.0,500.0,john_radcliffe_nhs
2022-03-24 17:00:00,1.1327540482625572e-13,0,0.0,500.0,john_radcliffe_nhs
2022-03-24 18:00:00,1.0865257405911395e-13,0,0.0,500.0,john_radcliffe_nhs
2022-03-24 19:00:00,1.0421840352527217e-13,0,0.0,500.0,john_radcliffe_nhs
2022-03-24 20:00:00,9.99651938981868e-14,0,0.0,500.0,john_radcliffe_nhs
2022-03-24 21:00:00,9.588556006501142e-14,0,0.0,500.0,john_radcliffe_nhs
2022-03-24 22:00:00,9.197241830336417e-14,0,0.0,500.0,john_radcliffe_nhs
2022-03-24 23:00:00,8.821897398141835e-14,0,0.0,500.0,john_radcliffe_nhs
2022-03-25 00:00:00,8.461870975996176e-14,0,0.0,500.0,john_radcliffe_nhs
2022-03-25 01:00:00,8.116537427593365e-14,0,0.0,500.0,john_radcliffe_nhs
2022-03-25 02:00:00,7.785297128779271e-14,0,0.0,500.0,john_radcliffe_nhs
2022-03-25 03:00:00,7.467574926387111e-14,0,0.0,500.0,john_radcliffe_nhs
2022-03-25 04:00:00,7.162819139563083e-14,0,0.0,500.0,john_radcliffe_nhs
2022-03-25 05:00:00,6.870500601848451e-14,0,0.0,500.0,john_radcliffe_nhs
2022-03-25 06:00:00,6.590111742355013e-14,0,0.0,500.0,john_radcliffe_nhs
2022-03-25 07:00:00,6.321165704438077e-14,0,0.0,500.0,john_radcliffe_nhs
2022-03-25 08:00:00,6.063195500336855e-14,0,0.0,500.0,john_radcliffe_nhs
2022-03-25 09:00:00,5.815753200314671e-14,0,0.0,500.0,john_radcliffe_nhs
2022-03-25 10:00:00,5.578409154890575e-14,0,0.0,500.0,john_radcliffe_nhs
2022-03-25 11:00:00,5.350751248812131e-14,0,0.0,500.0,john_radcliffe_nhs
2022-03-25 12:00:00,5.132384185474145e-14,0,0.0,500.0,john_radcliffe_nhs
2022-03-25 13:00:00,4.922928800540484e-14,0,0.0,500.0,john_radcliffe_nhs
2022-03-25 14:00:00,4.7220214035773617e-14,0,0.0,500.0,john_radcliffe_nhs
2022-03-25 15:00:00,4.5293131465550946e-14,0,0.0,500.0,john_radcliffe_nhs
2022-03-25 16:00:00,4.344469418121474e-14,0,0.0,500.0,john_radcliffe_nhs
2022-03-25 17:00:00,4.1671692625951857e-14,0,0.0,500.0,john_radcliffe_nhs
2022-03-25 18:00:00,3.9971048226705586e-14,0,0.0,500.0,john_radcliffe_nhs
2022-03-25 19:00:00,3.8339808048657004e-14,0,0.0,500.0,john_radcliffe_nhs
2022-03-25 20:00:00,3.6775139667859834e-14,0,0.0,500.0,john_radcliffe_nhs
2022-03-25 21:00:00,3.5274326253127164e-14,0,0.0,500.0,john_radcliffe_nhs
2022-03-25 22:00:00,3.383476184862775e-14,0,0.0,500.0,john_radcliffe_nhs
2022-03-25 23:00:00,3.2453946849002196e-14,0,0.0,500.0,john_radcliffe_nhs
2022-03-26 00:00:00,3.1129483659143313e-14,0,0.0,500.0,john_radcliffe_nhs
2022-03-26 01:00:00,2.985907253110132e-14,0,0.0,500.0,john_radcliffe_nhs
2022-03-26 02:00:00,2.8640507570889526e-14,0,0.0,500.0,john_radcliffe_nhs
2022-03-26 03:00:00,2.7471672908251747e-14,0,0.0,500.0,john_radcliffe_nhs
2022-03-26 04:00:00,2.6350539022745687e-14,0,0.0,500.0,john_radcliffe_nhs
2022-03-26 05:00:00,2.5275159219760658e-14,0,0.0,500.0,john_radcliffe_nhs
2022-03-26 06:00:00,2.424366625034931e-14,0,0.0,500.0,john_radcliffe_nhs
2022-03-26 07:00:00,2.3254269069007583e-14,0,0.0,500.0,john_radcliffe_nhs
2022-03-26 08:00:00,2.230524972377126e-14,0,0.0,500.0,john_radcliffe_nhs
2022-03-26 09:00:00,2.139496037322796e-14,0,0.0,500.0,john_radcliffe_nhs
2022-03-26 10:00:00,2.0521820425267954e-14,0,0.0,500.0,john_radcliffe_nhs
2022-03-26 11:00:00,1.968431379260404e-14,0,0.0,500.0,john_radcliffe_nhs
2022-03-26 12:00:00,1.8880986260293835e-14,0,0.0,500.0,john_radcliffe_nhs
2022-03-26 13:00:00,1.8110442960696255e-14,0,0.0,500.0,john_radcliffe_nhs
2022-03-26 14:00:00,1.7371345951476295e-14,0,0.0,500.0,john_radcliffe_nhs
2022-03-26 15:00:00,1.6662411892451614e-14,0,0.0,500.0,john_radcliffe_nhs
2022-03-26 16:00:00,1.5982409817249435e-14,0,0.0,500.0,john_radcliffe_nhs
2022-03-26 17:00:00,1.5330158995903284e-14,0,0.0,500.0,john_radcliffe_nhs
2022-03-26 18:00:00,1.4704526884677275e-14,0,0.0,500.0,john_radcliffe_nhs
2022-03-26 19:00:00,1.4104427159560257e-14,0,0.0,500.0,john_radcliffe_nhs
2022-03-26 20:00:00,1.3528817830014018e-14,0,0.0,500.0,john_radcliffe_nhs
2022-03-26 21:00:00,1.2976699429699605e-14,0,0.0,500.0,john_radcliffe_nhs
2022-03-26 22:00:00,1.2447113281041968e-14,0,0.0,500.0,john_radcliffe_nhs
2022-03-26 23:00:00,1.1939139830618618e-14,0,0.0,500.0,john_radcliffe_nhs
2022-03-27 00:00:00,1.1451897052481186e-14,0,0.0,500.0,john_radcliffe_nhs
2022-03-27 01:00:00,1.0984538916639117e-14,0,0.0,500.0,john_radcliffe_nhs
2022-03-27 02:00:00,1.0536253920045302e-14,0,0.0,500.0,john_radcliffe_nhs
2022-03-27 03:00:00,1.0106263677532305e-14,0,0.0,500.0,john_radcliffe_nhs
2022-03-27 04:00:00,9.693821570253968e-15,0,0.0,500.0,john_radcliffe_nhs
2022-03-27 05:00:00,9.29821144928478e-15,0,0.0,500.0,john_radcliffe_nhs
2022-03-27 06:00:00,8.918746392125461e-15,0,0.0,500.0,john_radcliffe_nhs
2022-03-27 07:00:00,8.554767509956866e-15,0,0.0,500.0,john_radcliffe_nhs
2022-03-27 08:00:00,8.205642803570439e-15,0,0.0,500.0,john_radcliffe_nhs
2022-03-27 09:00:00,7.870766065988256e-15,0,0.0,500.0,john_radcliffe_nhs
2022-03-27 10:00:00,7.549555829868266e-15,0,0.0,500.0,john_radcliffe_nhs
2022-03-27 11:00:00,7.241454357866489e-15,0,0.0,500.0,john_radcliffe_nhs
2022-03-27 12:00:00,6.945926674202576e-15,0,0.0,500.0,john_radcliffe_nhs
2022-03-27 13:00:00,6.66245963574822e-15,0,0.0,500.0,john_radcliffe_nhs
2022-03-27 14:00:00,6.390561041024896e-15,0,0.0,500.0,john_radcliffe_nhs
2022-03-27 15:00:00,6.1297587755634935e-15,0,0.0,500.0,john_radcliffe_nhs
2022-03-27 16:00:00,5.879599992142695e-15,0,0.0,500.0,john_radcliffe_nhs
2022-03-27 17:00:00,5.639650324482258e-15,0,0.0,500.0,john_radcliffe_nhs
2022-03-27 18:00:00,5.409493133025526e-15,0,0.0,500.0,john_radcliffe_nhs
2022-03-27 19:00:00,5.18872878150234e-15,0,0.0,500.0,john_radcliffe_nhs
2022-03-27 20:00:00,4.976973943015802e-15,0,0.0,500.0,john_radcliffe_nhs
2022-03-27 21:00:00,4.773860934447665e-15,0,0.0,500.0,john_radcliffe_nhs
2022-03-27 22:00:00,4.579037078027357e-15,0,0.0,500.0,john_radcliffe_nhs
2022-03-27 23:00:00,4.3921640889556854e-15,0,0.0,500.0,john_radcliffe_nhs
2022-03-28 00:00:00,4.212917488019666e-15,0,0.0,500.0,john_radcliffe_nhs
2022-03-28 01:00:00,4.040986038179159e-15,0,0.0,500.0,john_radcliffe_nhs
2022-03-28 02:00:00,3.876071204146684e-15,0,0.0,500.0,john_radcliffe_nhs
2022-03-28 03:00:00,3.7178866340218306e-15,0,0.0,500.0,john_radcliffe_nhs
2022-03-28 04:00:00,3.5661576620807034e-15,0,0.0,500.0,john_radcliffe_nhs
2022-03-28 05:00:00,3.4206208318567914e-15,0,0.0,500.0,john_radcliffe_nhs
2022-03-28 06:00:00,3.2810234386849326e-15,0,0.0,500.0,john_radcliffe_nhs
2022-03-28 07:00:00,3.1471230909145426e-15,0,0.0,500.0,john_radcliffe_nhs
2022-03-28 08:00:00,3.0186872890299605e-15,0,0.0,500.0,john_radcliffe_nhs
2022-03-28 09:00:00,2.8954930219469106e-15,0,0.0,500.0,john_radcliffe_nhs
2022-03-28 10:00:00,2.7773263797845423e-15,0,0.0,500.0,john_radcliffe_nhs
2022-03-28 11:00:00,2.6639821824404295e-15,0,0.0,500.0,john_radcliffe_nhs
2022-03-28 12:00:00,2.555263623323459e-15,0,0.0,500.0,john_radcliffe_nhs
2022-03-28 13:00:00,2.4509819276263462e-15,0,0.0,500.0,john_radcliffe_nhs
2022-03-28 14:00:00,2.3509560245442295e-15,0,0.0,500.0,john_radcliffe_nhs
2022-03-28 15:00:00,2.2550122328700427e-15,0,0.0,500.0,john_radcliffe_nhs
2022-03-28 16:00:00,2.1629839594210715e-15,0,0.0,500.0,john_radcliffe_nhs
2022-03-28 17:00:00,2.0747114097728766e-15,0,0.0,500.0,john_radcliffe_nhs
2022-03-28 18:00:00,1.990041310798185e-15,0,0.0,500.0,john_radcliffe_nhs
2022-03-28 19:00:00,1.90882664452926e-15,0,0.0,500.0,john_radcliffe_nhs
2022-03-28 20:00:00,1.8309263928814827e-15,0,0.0,500.0,john_radcliffe_nhs
2022-03-28 21:00:00,1.7562052927947865e-15,0,0.0,500.0,john_radcliffe_nhs
2022-03-28 22:00:00,1.6845336013680182e-15,0,0.0,500.0,john_radcliffe_nhs
2022-03-28 23:00:00,1.6157868705782947e-15,0,0.0,500.0,john_radcliffe_nhs
2022-03-29 00:00:00,1.5498457311940714e-15,0,0.0,500.0,john_radcliffe_nhs
2022-03-29 01:00:00,1.4865956855069496e-15,0,0.0,500.0,john_radcliffe_nhs
2022-03-29 02:00:00,1.4259269085222017e-15,0,0.0,500.0,john_radcliffe_nhs
2022-03-29 03:00:00,1.3677340572627255e-15,0,0.0,500.0,john_radcliffe_nhs
2022-03-29 04:00:00,1.3119160878555064e-15,0,0.0,500.0,john_radcliffe_nhs
2022-03-29 05:00:00,1.2583760800828707e-15,0,0.0,500.0,john_radcliffe_nhs
2022-03-29 06:00:00,1.2070210690938172e-15,0,0.0,500.0,john_radcliffe_nhs
2022-03-29 07:00:00,1.1577618839833843e-15,0,0.0,500.0,john_radcliffe_nhs
2022-03-29 08:00:00,1.110512992959678e-15,0,0.0,500.0,john_radcliffe_nhs
2022-03-29 09:00:00,1.0651923548296404e-15,0,0.0,500.0,john_radcliffe_nhs
2022-03-29 10:00:00,1.0217212765458425e-15,0,0.0,500.0,john_radcliffe_nhs
2022-03-29 11:00:00,9.800242765668644e-16,0,0.0,500.0,john_radcliffe_nhs
2022-03-29 12:00:00,9.400289537939488e-16,0,0.0,500.0,john_radcliffe_nhs
2022-03-29 13:00:00,9.016658618564846e-16,0,0.0,500.0,john_radcliffe_nhs
2022-03-29 14:00:00,8.648683885279668e-16,0,0.0,500.0,john_radcliffe_nhs
2022-03-29 15:00:00,8.295726400629976e-16,0,0.0,500.0,john_radcliffe_nhs
2022-03-29 16:00:00,7.957173302546174e-16,0,0.0,500.0,john_radcliffe_nhs
2022-03-29 17:00:00,7.632436740192611e-16,0,0.0,500.0,john_radcliffe_nhs
2022-03-29 18:00:00,7.320952853245208e-16,0,0.0,500.0,john_radcliffe_nhs
2022-03-29 19:00:00,7.022180792825834e-16,0,0.0,500.0,john_radcliffe_nhs
2022-03-29 20:00:00,6.735601782392846e-16,0,0.0,500.0,john_radcliffe_nhs
2022-03-29 21:00:00,6.460718216956753e-16,0,0.0,500.0,john_radcliffe_nhs
2022-03-29 22:00:00,6.197052799057838e-16,0,0.0,500.0,john_radcliffe_nhs
2022-03-29 23:00:00,5.944147710004967e-16,0,0.0,500.0,john_radcliffe_nhs
2022-03-30 00:00:00,5.701563814936204e-16,0,0.0,500.0,john_radcliffe_nhs
2022-03-30 01:00:00,5.468879900321739e-16,0,0.0,500.0,john_radcliffe_nhs
2022-03-30 02:00:00,5.245691942584699e-16,0,0.0,500.0,john_radcliffe_nhs
2022-03-30 03:00:00,5.031612406569609e-16,0,0.0,500.0,john_radcliffe_nhs
2022-03-30 04:00:00,4.826269572641086e-16,0,0.0,500.0,john_radcliffe_nhs
2022-03-30 05:00:00,4.629306891243966e-16,0,0.0,500.0,john_radcliffe_nhs
2022-03-30 06:00:00,4.440382363803902e-16,0,0.0,500.0,john_radcliffe_nhs
2022-03-30 07:00:00,4.259167948894037e-16,0,0.0,500.0,john_radcliffe_nhs
2022-03-30 08:00:00,4.0853489926363223e-16,0,0.0,500.0,john_radcliffe_nhs
2022-03-30 09:00:00,3.918623682348208e-16,0,0.0,500.0,john_radcliffe_nhs
2022-03-30 10:00:00,3.758702522486571e-16,0,0.0,500.0,john_radcliffe_nhs
2022-03-30 11:00:00,3.6053078319786513e-16,0,0.0,500.0,john_radcliffe_nhs
2022-03-30 12:00:00,3.458173262066935e-16,0,0.0,500.0,john_radcliffe_nhs
2022-03-30 13:00:00,3.3170433338313053e-16,0,0.0,500.0,john_radcliffe_nhs
2022-03-30 14:00:00,3.1816729945851433e-16,0,0.0,500.0,john_radcliffe_nhs
2022-03-30 15:00:00,3.0518271923749367e-16,0,0.0,500.0,john_radcliffe_nhs
2022-03-30 16:00:00,2.927280467845007e-16,0,0.0,500.0,john_radcliffe_nhs
2022-03-30 17:00:00,2.807816562758443e-16,0,0.0,500.0,john_radcliffe_nhs
2022-03-30 18:00:00,2.693228044494323e-16,0,0.0,500.0,john_radcliffe_nhs
2022-03-30 19:00:00,2.583315945869604e-16,0,0.0,500.0,john_radcliffe_nhs
2022-03-30 20:00:00,2.477889419660051e-16,0,0.0,500.0,john_radcliffe_nhs
2022-03-30 21:00:00,2.3767654072202075e-16,0,0.0,500.0,john_radcliffe_nhs
2022-03-30 22:00:00,2.2797683206273197e-16,0,0.0,500.0,john_radcliffe_nhs
2022-03-30 23:00:00,2.186729737797136e-16,0,0.0,500.0,john_radcliffe_nhs
2022-03-31 00:00:00,2.0974881100420475e-16,0,0.0,500.0,john_radcliffe_nhs
2022-03-31 01:00:00,2.0118884815640942e-16,0,0.0,500.0,john_radcliffe_nhs
2022-03-31 02:00:00,1.9297822203955967e-16,0,0.0,500.0,john_radcliffe_nhs
2022-03-31 03:00:00,1.8510267603201242e-16,0,0.0,500.0,john_radcliffe_nhs
2022-03-31 04:00:00,1.7754853533259383e-16,0,0.0,500.0,john_radcliffe_nhs
2022-03-31 05:00:00,1.703026832161937e-16,0,0.0,500.0,john_radcliffe_nhs
2022-03-31 06:00:00,1.6335253825837076e-16,0,0.0,500.0,john_radcliffe_nhs
2022-03-31 07:00:00,1.5668603248944565e-16,0,0.0,500.0,john_radcliffe_nhs
2022-03-31 08:00:00,1.5029159044013652e-16,0,0.0,500.0,john_radcliffe_nhs
2022-03-31 09:00:00,1.4415810904234382e-16,0,0.0,500.0,john_radcliffe_nhs
2022-03-31 10:00:00,1.3827493835020505e-16,0,0.0,500.0,john_radcliffe_nhs
2022-03-31 11:00:00,1.3263186304793305e-16,0,0.0,500.0,john_radcliffe_nhs
2022-03-31 12:00:00,1.2721908471232079e-16,0,0.0,500.0,john_radcliffe_nhs
2022-03-31 13:00:00,1.2202720479913185e-16,0,0.0,500.0,john_radcliffe_nhs
2022-03-31 14:00:00,1.170472083238252e-16,0,0.0,500.0,john_radcliffe_nhs
2022-03-31 15:00:00,1.1227044820827035e-16,0,0.0,500.0,john_radcliffe_nhs
2022-03-31 16:00:00,1.0768863026628994e-16,0,0.0,500.0,john_radcliffe_nhs
2022-03-31 17:00:00,1.032937988019496e-16,0,0.0,500.0,john_radcliffe_nhs
2022-03-31 18:00:00,9.907832279558281e-17,0,0.0,500.0,john_radcliffe_nhs
2022-03-31 19:00:00,9.503488265357858e-17,0,0.0,500.0,john_radcliffe_nhs
2022-03-31 20:00:00,9.115645749891691e-17,0,0.0,500.0,john_radcliffe_nhs
2022-03-31 21:00:00,8.743631298037853e-17,0,0.0,500.0,john_radcliffe_nhs
2022-03-31 22:00:00,8.38679895792736e-17,0,0.0,500.0,john_radcliffe_nhs
2022-03-31 23:00:00,8.044529139337849e-17,0,0.0,500.0,john_radcliffe_nhs
2022-04-01 00:00:00,7.716227537860132e-17,0,0.0,500.0,john_radcliffe_nhs
2022-04-01 01:00:00,7.401324102970607e-17,0,0.0,500.0,john_radcliffe_nhs
2022-04-01 02:00:00,7.099272048217173e-17,0,0.0,500.0,john_radcliffe_nhs
2022-04-01 03:00:00,6.809546901799526e-17,0,0.0,500.0,john_radcliffe_nhs
2022-04-01 04:00:00,6.531645595896269e-17,0,0.0,500.0,john_radcliffe_nhs
2022-04-01 05:00:00,6.265085593157051e-17,0,0.0,500.0,john_radcliffe_nhs
2022-04-01 06:00:00,6.00940404884261e-17,0,0.0,500.0,john_radcliffe_nhs
2022-04-01 07:00:00,5.764157007158772e-17,0,0.0,500.0,john_radcliffe_nhs
2022-04-01 08:00:00,5.52891863038847e-17,0,0.0,500.0,john_radcliffe_nhs
2022-04-01 09:00:00,5.303280459482929e-17,0,0.0,500.0,john_radcliffe_nhs
2022-04-01 10:00:00,5.086850704828908e-17,0,0.0,500.0,john_radcliffe_nhs
2022-04-01 11:00:00,4.8792535659600875e-17,0,0.0,500.0,john_radcliffe_nhs
2022-04-01 12:00:00,4.680128579031095e-17,0,0.0,500.0,john_radcliffe_nhs
2022-04-01 13:00:00,4.489129990921777e-17,0,0.0,500.0,john_radcliffe_nhs
2022-04-01 14:00:00,4.3059261588846205e-17,0,0.0,500.0,john_radcliffe_nhs
2022-04-01 15:00:00,4.130198974692585e-17,0,0.0,500.0,john_radcliffe_nhs
2022-04-01 16:00:00,3.961643312288081e-17,0,0.0,500.0,john_radcliffe_nhs
2022-04-01 17:00:00,3.799966497973661e-17,0,0.0,500.0,john_radcliffe_nhs
2022-04-01 18:00:00,3.644887802224278e-17,0,0.0,500.0,john_radcliffe_nhs
2022-04-01 19:00:00,3.496137952239208e-17,0,0.0,500.0,john_radcliffe_nhs
2022-04-01 20:00:00,3.3534586643869886e-17,0,0.0,500.0,john_radcliffe_nhs
2022-04-01 21:00:00,3.2166021957312984e-17,0,0.0,500.0,john_radcliffe_nhs
2022-04-01 22:00:00,3.0853309138595514e-17,0,0.0,500.0,john_radcliffe_nhs
2022-04-01 23:00:00,2.959416884266991e-17,0,0.0,500.0,john_radcliffe_nhs
2022-04-02 00:00:00,2.83864147457968e-17,0,0.0,500.0,john_radcliffe_nhs
2022-04-02 01:00:00,2.7227949749295536e-17,0,0.0,500.0,john_radcliffe_nhs
2022-04-02 02:00:00,2.6116762338221737e-17,0,0.0,500.0,john_radcliffe_nhs
2022-04-02 03:00:00,2.5050923088647356e-17,0,0.0,500.0,john_radcliffe_nhs
2022-04-02 04:00:00,2.402858131748232e-17,0,0.0,500.0,john_radcliffe_nhs
2022-04-02 05:00:00,2.3047961869018703e-17,0,0.0,500.0,john_radcliffe_nhs
2022-04-02 06:00:00,2.2107362032616218e-17,0,0.0,500.0,john_radcliffe_nhs
2022-04-02 07:00:00,2.1205148586180225e-17,0,0.0,500.0,john_radcliffe_nhs
2022-04-02 08:00:00,2.0339754960296867e-17,0,0.0,500.0,john_radcliffe_nhs
2022-04-02 09:00:00,1.9509678518100098e-17,0,0.0,500.0,john_radcliffe_nhs
2022-04-02 10:00:00,1.871347794615016e-17,0,0.0,500.0,john_radcliffe_nhs
2022-04-02 11:00:00,1.7949770751791646e-17,0,0.0,500.0,john_radcliffe_nhs
2022-04-02 12:00:00,1.7217230862644556e-17,0,0.0,500.0,john_radcliffe_nhs
2022-04-02 13:00:00,1.6514586324062652e-17,0,0.0,500.0,john_radcliffe_nhs
2022-04-02 14:00:00,1.5840617090559692e-17,0,0.0,500.0,john_radcliffe_nhs
2022-04-02 15:00:00,1.5194152907367723e-17,0,0.0,500.0,john_radcliffe_nhs
2022-04-02 16:00:00,1.457407127845121e-17,0,0.0,500.0,john_radcliffe_nhs
2022-04-02 17:00:00,1.3979295517447532e-17,0,0.0,500.0,john_radcliffe_nhs
2022-04-02 18:00:00,1.340879287814874e-17,0,0.0,500.0,john_radcliffe_nhs
2022-04-02 19:00:00,1.2861572761280307e-17,0,0.0,500.0,john_radcliffe_nhs
2022-04-02 20:00:00,1.2336684994462165e-17,0,0.0,500.0,john_radcliffe_nhs
2022-04-02 21:00:00,1.1833218182364646e-17,0,0.0,500.0,john_radcliffe_nhs
2022-04-02 22:00:00,1.1350298124196273e-17,0,0.0,500.0,john_radcliffe_nhs
2022-04-02 23:00:00,1.0887086295774718e-17,0,0.0,500.0,john_radcliffe_nhs
2022-04-03 00:00:00,1.0442778393544514e-17,0,0.0,500.0,john_radcliffe_nhs
2022-04-03 01:00:00,1.0016602938014955e-17,0,0.0,500.0,john_radcliffe_nhs
2022-04-03 02:00:00,9.607819934192385e-18,0,0.0,500.0,john_radcliffe_nhs
2022-04-03 03:00:00,9.215719586680372e-18,0,0.0,500.0,john_radcliffe_nhs
2022-04-03 04:00:00,8.839621067217956e-18,0,0.0,500.0,john_radcliffe_nhs
2022-04-03 05:00:00,8.478871332515312e-18,0,0.0,500.0,john_radcliffe_nhs
2022-04-03 06:00:00,8.132843990333616e-18,0,0.0,500.0,john_radcliffe_nhs
2022-04-03 07:00:00,7.80093821184138e-18,0,0.0,500.0,john_radcliffe_nhs
2022-04-03 08:00:00,7.482577688358084e-18,0,0.0,500.0,john_radcliffe_nhs
2022-04-03 09:00:00,7.177209630673157e-18,0,0.0,500.0,john_radcliffe_nhs
2022-04-03 10:00:00,6.884303809203831e-18,0,0.0,500.0,john_radcliffe_nhs
2022-04-03 11:00:00,6.603351633324611e-18,0,0.0,500.0,john_radcliffe_nhs
2022-04-03 12:00:00,6.333865268269389e-18,0,0.0,500.0,john_radcliffe_nhs
2022-04-03 13:00:00,6.075376788073712e-18,0,0.0,500.0,john_radcliffe_nhs
2022-04-03 14:00:00,5.827437363085898e-18,0,0.0,500.0,john_radcliffe_nhs
2022-04-03 15:00:00,5.5896164806358825e-18,0,0.0,500.0,john_radcliffe_nhs
2022-04-03 16:00:00,5.3615011975093996e-18,0,0.0,500.0,john_radcliffe_nhs
2022-04-03 17:00:00,5.142695422929047e-18,0,0.0,500.0,john_radcliffe_nhs
2022-04-03 18:00:00,4.932819230796974e-18,0,0.0,500.0,john_radcliffe_nhs
2022-04-03 19:00:00,4.7315082000056436e-18,0,0.0,500.0,john_radcliffe_nhs
2022-04-03 20:00:00,4.53841278167086e-18,0,0.0,500.0,john_radcliffe_nhs
2022-04-03 21:00:00,4.353197692188057e-18,0,0.0,500.0,john_radcliffe_nhs
2022-04-03 22:00:00,4.175541331058595e-18,0,0.0,500.0,john_radcliffe_nhs
2022-04-03 23:00:00,4.005135222474872e-18,0,0.0,500.0,john_radcliffe_nhs
2022-04-04 00:00:00,3.841683479694369e-18,0,0.0,500.0,john_radcliffe_nhs
2022-04-04 01:00:00,3.684902291273169e-18,0,0.0,500.0,john_radcliffe_nhs
2022-04-04 02:00:00,3.534519428266539e-18,0,0.0,500.0,john_radcliffe_nhs
2022-04-04 03:00:00,3.390273771540691e-18,0,0.0,500.0,john_radcliffe_nhs
2022-04-04 04:00:00,3.2519148583754496e-18,0,0.0,500.0,john_radcliffe_nhs
2022-04-04 05:00:00,3.1192024475702954e-18,0,0.0,500.0,john_radcliffe_nhs
2022-04-04 06:00:00,2.9919061022984537e-18,0,0.0,500.0,john_radcliffe_nhs
2022-04-04 07:00:00,2.8698047899851575e-18,0,0.0,500.0,john_radcliffe_nhs
2022-04-04 08:00:00,2.7526864985150745e-18,0,0.0,500.0,john_radcliffe_nhs
2022-04-04 09:00:00,2.640347868102335e-18,0,0.0,500.0,john_radcliffe_nhs
2022-04-04 10:00:00,2.5325938381843373e-18,0,0.0,500.0,john_radcliffe_nhs
2022-04-04 11:00:00,2.4292373087259886e-18,0,0.0,500.0,john_radcliffe_nhs
2022-04-04 12:00:00,2.3300988153461504e-18,0,0.0,500.0,john_radcliffe_nhs
2022-04-04 13:00:00,2.2350062177025097e-18,0,0.0,500.0,john_radcliffe_nhs
2022-04-04 14:00:00,2.1437944005936237e-18,0,0.0,500.0,john_radcliffe_nhs
2022-04-04 15:00:00,2.056304987259013e-18,0,0.0,500.0,john_radcliffe_nhs
2022-04-04 16:00:00,1.9723860643797765e-18,0,0.0,500.0,john_radcliffe_nhs
2022-04-04 17:00:00,1.891891918302072e-18,0,0.0,500.0,john_radcliffe_nhs
2022-04-04 18:00:00,1.814682782025335e-18,0,0.0,500.0,john_radcliffe_nhs
2022-04-04 19:00:00,1.7406245925161735e-18,0,0.0,500.0,john_radcliffe_nhs
2022-04-04 20:00:00,1.669588757926407e-18,0,0.0,500.0,john_radcliffe_nhs
2022-04-04 21:00:00,1.6014519343109545e-18,0,0.0,500.0,john_radcliffe_nhs
2022-04-04 22:00:00,1.5360958114580964e-18,0,0.0,500.0,john_radcliffe_nhs
2022-04-04 23:00:00,1.4734069074601158e-18,0,0.0,500.0,john_radcliffe_nhs
2022-04-05 00:00:00,1.4132763716675264e-18,0,0.0,500.0,john_radcliffe_nhs
2022-04-05 01:00:00,1.3555997956849406e-18,0,0.0,500.0,john_radcliffe_nhs
2022-04-05 02:00:00,1.3002770320803e-18,0,0.0,500.0,john_radcliffe_nhs
2022-04-05 03:00:00,1.2472120204925873e-18,0,0.0,500.0,john_radcliffe_nhs
2022-04-05 04:00:00,1.1963126208362704e-18,0,0.0,500.0,john_radcliffe_nhs
2022-04-05 05:00:00,1.1474904533127552e-18,0,0.0,500.0,john_radcliffe_nhs
2022-04-05 06:00:00,1.1006607449509834e-18,0,0.0,500.0,john_radcliffe_nhs
2022-04-05 07:00:00,1.0557421824108682e-18,0,0.0,500.0,john_radcliffe_nhs
2022-04-05 08:00:00,1.0126567707938998e-18,0,0.0,500.0,john_radcliffe_nhs
2022-04-05 09:00:00,9.71329698215696e-19,0,0.0,500.0,john_radcliffe_nhs
2022-04-05 10:00:00,9.316892059054921e-19,0,0.0,500.0,john_radcliffe_nhs
2022-04-05 11:00:00,8.936664636069351e-19,0,0.0,500.0,john_radcliffe_nhs
2022-04-05 12:00:00,8.571954500637816e-19,0,0.0,500.0,john_radcliffe_nhs
2022-04-05 13:00:00,8.222128383830983e-19,0,0.0,500.0,john_radcliffe_nhs
2022-04-05 14:00:00,7.886578860768494e-19,0,0.0,500.0,john_radcliffe_nhs
2022-04-05 15:00:00,7.564723295908955e-19,0,0.0,500.0,john_radcliffe_nhs
2022-04-05 16:00:00,7.256002831383726e-19,0,0.0,500.0,john_radcliffe_nhs
2022-04-05 17:00:00,6.959881416617343e-19,0,0.0,500.0,john_radcliffe_nhs
2022-04-05 18:00:00,6.675844877549184e-19,0,0.0,500.0,john_radcliffe_nhs
2022-04-05 19:00:00,6.403400023841193e-19,0,0.0,500.0,john_radcliffe_nhs
2022-04-05 20:00:00,6.142073792520891e-19,0,0.0,500.0,john_radcliffe_nhs
2022-04-05 21:00:00,5.891412426572393e-19,0,0.0,500.0,john_radcliffe_nhs
2022-04-05 22:00:00,5.6509806870499775e-19,0,0.0,500.0,john_radcliffe_nhs
2022-04-05 23:00:00,5.420361097345705e-19,0,0.0,500.0,john_radcliffe_nhs
2022-04-06 00:00:00,5.199153218298532e-19,0,0.0,500.0,john_radcliffe_nhs
2022-04-06 01:00:00,4.986972952886973e-19,0,0.0,500.0,john_radcliffe_nhs
2022-04-06 02:00:00,4.783451879297624e-19,0,0.0,500.0,john_radcliffe_nhs
2022-04-06 03:00:00,4.588236611211185e-19,0,0.0,500.0,john_radcliffe_nhs
2022-04-06 04:00:00,4.400988184195908e-19,0,0.0,500.0,john_radcliffe_nhs
2022-04-06 05:00:00,4.221381467142614e-19,0,0.0,500.0,john_radcliffe_nhs
2022-04-06 06:00:00,4.049104597719111e-19,0,0.0,500.0,john_radcliffe_nhs
2022-04-06 07:00:00,3.883858440864291e-19,0,0.0,500.0,john_radcliffe_nhs
2022-04-06 08:00:00,3.7253560693813723e-19,0,0.0,500.0,john_radcliffe_nhs
2022-04-06 09:00:00,3.57332226572816e-19,0,0.0,500.0,john_radcliffe_nhs
2022-04-06 10:00:00,3.4274930441397727e-19,0,0.0,500.0,john_radcliffe_nhs
2022-04-06 11:00:00,3.287615192253784e-19,0,0.0,500.0,john_radcliffe_nhs
2022-04-06 12:00:00,3.1534458314416694e-19,0,0.0,500.0,john_radcliffe_nhs
2022-04-06 13:00:00,3.024751995083596e-19,0,0.0,500.0,john_radcliffe_nhs
2022-04-06 14:00:00,2.9013102240540234e-19,0,0.0,500.0,john_radcliffe_nhs
2022-04-06 15:00:00,2.7829061787155776e-19,0,0.0,500.0,john_radcliffe_nhs
2022-04-06 16:00:00,2.6693342667478487e-19,0,0.0,500.0,john_radcliffe_nhs
2022-04-06 17:00:00,2.5603972861646942e-19,0,0.0,500.0,john_radcliffe_nhs
2022-04-06 18:00:00,2.45590608290003e-19,0,0.0,500.0,john_radcliffe_nhs
2022-04-06 19:00:00,2.3556792223678985e-19,0,0.0,500.0,john_radcliffe_nhs
2022-04-06 20:00:00,2.2595426744263466e-19,0,0.0,500.0,john_radcliffe_nhs
2022-04-06 21:00:00,2.167329511197943e-19,0,0.0,500.0,john_radcliffe_nhs
2022-04-06 22:00:00,2.0788796172225587e-19,0,0.0,500.0,john_radcliffe_nhs
2022-04-06 23:00:00,1.9940394114389639e-19,0,0.0,500.0,john_radcliffe_nhs
2022-04-07 00:00:00,1.9126615805123696e-19,0,0.0,500.0,john_radcliffe_nhs
2022-04-07 01:00:00,1.8346048230451573e-19,0,0.0,500.0,john_radcliffe_nhs
2022-04-07 02:00:00,1.7597336042264953e-19,0,0.0,500.0,john_radcliffe_nhs
2022-04-07 03:00:00,1.6879179204947232e-19,0,0.0,500.0,john_radcliffe_nhs
2022-04-07 04:00:00,1.6190330738041112e-19,0,0.0,500.0,john_radcliffe_nhs
2022-04-07 05:00:00,1.5529594551039084e-19,0,0.0,500.0,john_radcliffe_nhs
2022-04-07 06:00:00,1.4895823366536243e-19,0,0.0,500.0,john_radcliffe_nhs
2022-04-07 07:00:00,1.4287916728141447e-19,0,0.0,500.0,john_radcliffe_nhs
2022-04-07 08:00:00,1.37048190896866e-19,0,0.0,500.0,john_radcliffe_nhs
2022-04-07 09:00:00,1.3145517982415476e-19,0,0.0,500.0,john_radcliffe_nhs
2022-04-07 10:00:00,1.2609042256971454e-19,0,0.0,500.0,john_radcliffe_nhs
2022-04-07 11:00:00,1.209446039713066e-19,0,0.0,500.0,john_radcliffe_nhs
2022-04-07 12:00:00,1.1600878902351757e-19,0,0.0,500.0,john_radcliffe_nhs
2022-04-07 13:00:00,1.1127440736335585e-19,0,0.0,500.0,john_radcliffe_nhs
2022-04-07 14:00:00,1.0673323838899863e-19,0,0.0,500.0,john_radcliffe_nhs
2022-04-07 15:00:00,1.0237739698584406e-19,0,0.0,500.0,john_radcliffe_nhs
2022-04-07 16:00:00,9.819931983509803e-20,0,0.0,500.0,john_radcliffe_nhs
2022-04-07 17:00:00,9.419175228111451e-20,0,0.0,500.0,john_radcliffe_nhs
2022-04-07 18:00:00,9.034773573468087e-20,0,0.0,500.0,john_radcliffe_nhs
2022-04-07 19:00:00,8.666059559038804e-20,0,0.0,500.0,john_radcliffe_nhs
2022-04-07 20:00:00,8.312392963709907e-20,0,0.0,500.0,john_radcliffe_nhs
2022-04-07 21:00:00,7.973159694138745e-20,0,0.0,500.0,john_radcliffe_nhs
2022-04-07 22:00:00,7.647770718465369e-20,0,0.0,500.0,john_radcliffe_nhs
2022-04-07 23:00:00,7.335661043539977e-20,0,0.0,500.0,john_radcliffe_nhs
2022-04-08 00:00:00,7.036288733889782e-20,0,0.0,500.0,john_radcliffe_nhs
2022-04-08 01:00:00,6.749133970722854e-20,0,0.0,500.0,john_radcliffe_nhs
2022-04-08 02:00:00,6.47369814933451e-20,0,0.0,500.0,john_radcliffe_nhs
2022-04-08 03:00:00,6.209503013348618e-20,0,0.0,500.0,john_radcliffe_nhs
2022-04-08 04:00:00,5.95608982429139e-20,0,0.0,500.0,john_radcliffe_nhs
2022-04-08 05:00:00,5.713018565055333e-20,0,0.0,500.0,john_radcliffe_nhs
2022-04-08 06:00:00,5.479867175869866e-20,0,0.0,500.0,john_radcliffe_nhs
2022-04-08 07:00:00,5.256230821452779e-20,0,0.0,500.0,john_radcliffe_nhs
2022-04-08 08:00:00,5.0417211880696216e-20,0,0.0,500.0,john_radcliffe_nhs
2022-04-08 09:00:00,4.835965809280152e-20,0,0.0,500.0,john_radcliffe_nhs
2022-04-08 10:00:00,4.63860741920176e-20,0,0.0,500.0,john_radcliffe_nhs
2022-04-08 11:00:00,4.4493033321665676e-20,0,0.0,500.0,john_radcliffe_nhs
2022-04-08 12:00:00,4.26772484769474e-20,0,0.0,500.0,john_radcliffe_nhs
2022-04-08 13:00:00,4.093556679751478e-20,0,0.0,500.0,john_radcliffe_nhs
2022-04-08 14:00:00,3.926496409296315e-20,0,0.0,500.0,john_radcliffe_nhs
2022-04-08 15:00:00,3.7662539591739215e-20,0,0.0,500.0,john_radcliffe_nhs
2022-04-08 16:00:00,3.6125510904351593e-20,0,0.0,500.0,john_radcliffe_nhs
2022-04-08 17:00:00,3.465120919213534e-20,0,0.0,500.0,john_radcliffe_nhs
2022-04-08 18:00:00,3.3237074533179555e-20,0,0.0,500.0,john_radcliffe_nhs
2022-04-08 19:00:00,3.188065147737631e-20,0,0.0,500.0,john_radcliffe_nhs
2022-04-08 20:00:00,3.05795847828703e-20,0,0.0,500.0,john_radcliffe_nhs
2022-04-08 21:00:00,2.9331615326504294e-20,0,0.0,500.0,john_radcliffe_nhs
2022-04-08 22:00:00,2.8134576181163597e-20,0,0.0,500.0,john_radcliffe_nhs
2022-04-08 23:00:00,2.6986388853206068e-20,0,0.0,500.0,john_radcliffe_nhs
2022-04-09 00:00:00,2.5885059673442886e-20,0,0.0,500.0,john_radcliffe_nhs
2022-04-09 01:00:00,2.482867633540721e-20,0,0.0,500.0,john_radcliffe_nhs
2022-04-09 02:00:00,2.3815404574897804e-20,0,0.0,500.0,john_radcliffe_nhs
2022-04-09 03:00:00,2.2843484985030763e-20,0,0.0,500.0,john_radcliffe_nhs
2022-04-09 04:00:00,2.19112299612723e-20,0,0.0,500.0,john_radcliffe_nhs
2022-04-09 05:00:00,2.1017020771146315e-20,0,0.0,500.0,john_radcliffe_nhs
2022-04-09 06:00:00,2.0159304743527363e-20,0,0.0,500.0,john_radcliffe_nhs
2022-04-09 07:00:00,1.9336592572641594e-20,0,0.0,500.0,john_radcliffe_nhs
2022-04-09 08:00:00,1.8547455732092726e-20,0,0.0,500.0,john_radcliffe_nhs
2022-04-09 09:00:00,1.7790523994421838e-20,0,0.0,500.0,john_radcliffe_nhs
2022-04-09 10:00:00,1.70644830518965e-20,0,0.0,500.0,john_radcliffe_nhs
2022-04-09 11:00:00,1.6368072234396734e-20,0,0.0,500.0,john_radcliffe_nhs
2022-04-09 12:00:00,1.5700082320434195e-20,0,0.0,500.0,john_radcliffe_nhs
2022-04-09 13:00:00,1.5059353437505985e-20,0,0.0,500.0,john_radcliffe_nhs
2022-04-09 14:00:00,1.4444773048136035e-20,0,0.0,500.0,john_radcliffe_nhs
2022-04-09 15:00:00,1.3855274018106346e-20,0,0.0,500.0,john_radcliffe_nhs
2022-04-09 16:00:00,1.328983276352571e-20,0,0.0,500.0,john_radcliffe_nhs
2022-04-09 17:00:00,1.2747467473517496e-20,0,0.0,500.0,john_radcliffe_nhs
2022-04-09 18:00:00,1.2227236405439672e-20,0,0.0,500.0,john_radcliffe_nhs
2022-04-09 19:00:00,1.1728236249678712e-20,0,0.0,500.0,john_radcliffe_nhs
2022-04-09 20:00:00,1.1249600561177067e-20,0,0.0,500.0,john_radcliffe_nhs
2022-04-09 21:00:00,1.0790498254970113e-20,0,0.0,500.0,john_radcliffe_nhs
2022-04-09 22:00:00,1.0350132163121836e-20,0,0.0,500.0,john_radcliffe_nhs
2022-04-09 23:00:00,9.927737650552689e-21,0,0.0,500.0,john_radcliffe_nhs
2022-04-10 00:00:00,9.522581287355606e-21,0,0.0,500.0,john_radcliffe_nhs
2022-04-10 01:00:00,9.133959575296219e-21,0,0.0,500.0,john_radcliffe_nhs
2022-04-10 02:00:00,8.761197726285216e-21,0,0.0,500.0,john_radcliffe_nhs
2022-04-10 03:00:00,8.403648490701351e-21,0,0.0,500.0,john_radcliffe_nhs
2022-04-10 04:00:00,8.060691033531819e-21,0,0.0,500.0,john_radcliffe_nhs
2022-04-10 05:00:00,7.731729856377902e-21,0,0.0,500.0,john_radcliffe_nhs
2022-04-10 06:00:00,7.416193763453652e-21,0,0.0,500.0,john_radcliffe_nhs
2022-04-10 07:00:00,7.113534869783252e-21,0,0.0,500.0,john_radcliffe_nhs
2022-04-10 08:00:00,6.823227649874337e-21,0,0.0,500.0,john_radcliffe_nhs
2022-04-10 09:00:00,6.544768025215042e-21,0,0.0,500.0,john_radcliffe_nhs
2022-04-10 10:00:00,6.2776724890112326e-21,0,0.0,500.0,john_radcliffe_nhs
2022-04-10 11:00:00,6.02147726664367e-21,0,0.0,500.0,john_radcliffe_nhs
2022-04-10 12:00:00,5.775737510386972e-21,0,0.0,500.0,john_radcliffe_nhs
2022-04-10 13:00:00,5.540026526992941e-21,0,0.0,500.0,john_radcliffe_nhs
2022-04-10 14:00:00,5.313935036796596e-21,0,0.0,500.0,john_radcliffe_nhs
2022-04-10 15:00:00,5.097070463058166e-21,0,0.0,500.0,john_radcliffe_nhs
2022-04-10 16:00:00,4.889056250307764e-21,0,0.0,500.0,john_radcliffe_nhs
2022-04-10 17:00:00,4.689531210508753e-21,0,0.0,500.0,john_radcliffe_nhs
2022-04-10 18:00:00,4.498148895904262e-21,0,0.0,500.0,john_radcliffe_nhs
2022-04-10 19:00:00,4.314576997458457e-21,0,0.0,500.0,john_radcliffe_nhs
2022-04-10 20:00:00,4.138496767847763e-21,0,0.0,500.0,john_radcliffe_nhs
2022-04-10 21:00:00,3.969602467999829e-21,0,0.0,500.0,john_radcliffe_nhs
2022-04-10 22:00:00,3.807600836219833e-21,0,0.0,500.0,john_radcliffe_nhs
2022-04-10 23:00:00,3.6522105789820105e-21,0,0.0,500.0,john_radcliffe_nhs
2022-04-11 00:00:00,3.503161882502014e-21,0,0.0,500.0,john_radcliffe_nhs
2022-04-11 01:00:00,3.3601959442425175e-21,0,0.0,500.0,john_radcliffe_nhs
2022-04-11 02:00:00,3.223064523538316e-21,0,0.0,500.0,john_radcliffe_nhs
2022-04-11 03:00:00,3.091529510560448e-21,0,0.0,500.0,john_radcliffe_nhs
2022-04-11 04:00:00,2.9653625128713415e-21,0,0.0,500.0,john_radcliffe_nhs
2022-04-11 05:00:00,2.8443444588528587e-21,0,0.0,500.0,john_radcliffe_nhs
2022-04-11 06:00:00,2.7282652173184656e-21,0,0.0,500.0,john_radcliffe_nhs
2022-04-11 07:00:00,2.616923232649431e-21,0,0.0,500.0,john_radcliffe_nhs
2022-04-11 08:00:00,2.510125174821305e-21,0,0.0,500.0,john_radcliffe_nhs
2022-04-11 09:00:00,2.4076856037128336e-21,0,0.0,500.0,john_radcliffe_nhs
2022-04-11 10:00:00,2.3094266471147896e-21,0,0.0,500.0,john_radcliffe_nhs
2022-04-11 11:00:00,2.2151776918794175e-21,0,0.0,500.0,john_radcliffe_nhs
2022-04-11 12:00:00,2.1247750876740975e-21,0,0.0,500.0,john_radcliffe_nhs
2022-04-11 13:00:00,2.0380618628251148e-21,0,0.0,500.0,john_radcliffe_nhs
2022-04-11 14:00:00,1.9548874517580653e-21,0,0.0,500.0,john_radcliffe_nhs
2022-04-11 15:00:00,1.8751074335612766e-21,0,0.0,500.0,john_radcliffe_nhs
2022-04-11 16:00:00,1.7985832812189544e-21,0,0.0,500.0,john_radcliffe_nhs
2022-04-11 17:00:00,1.7251821210779853e-21,0,0.0,500.0,john_radcliffe_nhs
2022-04-11 18:00:00,1.6547765021311766e-21,0,0.0,500.0,john_radcliffe_nhs
2022-04-11 19:00:00,1.5872441747161655e-21,0,0.0,500.0,john_radcliffe_nhs
2022-04-11 20:00:00,1.5224678782456444e-21,0,0.0,500.0,john_radcliffe_nhs
2022-04-11 21:00:00,1.4603351376005345e-21,0,0.0,500.0,john_radcliffe_nhs
2022-04-11 22:00:00,1.4007380678324586e-21,0,0.0,500.0,john_radcliffe_nhs
2022-04-11 23:00:00,1.3435731868363223e-21,0,0.0,500.0,john_radcliffe_nhs
2022-04-12 00:00:00,1.2887412356679206e-21,0,0.0,500.0,john_radcliffe_nhs
2022-04-12 01:00:00,1.2361470061944754e-21,0,0.0,500.0,john_radcliffe_nhs
2022-04-12 02:00:00,1.1856991757787682e-21,0,0.0,500.0,john_radcliffe_nhs
2022-04-12 03:00:00,1.137310148709984e-21,0,0.0,500.0,john_radcliffe_nhs
2022-04-12 04:00:00,1.0908959041058453e-21,0,0.0,500.0,john_radcliffe_nhs
2022-04-12 05:00:00,1.0463758500218706e-21,0,0.0,500.0,john_radcliffe_nhs
2022-04-12 06:00:00,1.0036726835145863e-21,0,0.0,500.0,john_radcliffe_nhs
2022-04-12 07:00:00,9.627122564156303e-22,0,0.0,500.0,john_radcliffe_nhs
2022-04-12 08:00:00,9.23423446583624e-22,0,0.0,500.0,john_radcliffe_nhs
2022-04-12 09:00:00,8.857380344103913e-22,0,0.0,500.0,john_radcliffe_nhs
2022-04-12 10:00:00,8.495905843670206e-22,0,0.0,500.0,john_radcliffe_nhs
2022-04-12 11:00:00,8.149183313840398e-22,0,0.0,500.0,john_radcliffe_nhs
2022-04-12 12:00:00,7.816610718685382e-22,0,0.0,500.0,john_radcliffe_nhs
2022-04-12 13:00:00,7.497610591689319e-22,0,0.0,500.0,john_radcliffe_nhs
2022-04-12 14:00:00,7.19162903305822e-22,0,0.0,500.0,john_radcliffe_nhs
2022-04-12 15:00:00,6.898134747949399e-22,0,0.0,500.0,john_radcliffe_nhs
2022-04-12 16:00:00,6.616618123951281e-22,0,0.0,500.0,john_radcliffe_nhs
2022-04-12 17:00:00,6.346590346211328e-22,0,0.0,500.0,john_radcliffe_nhs
2022-04-12 18:00:00,6.087582548676513e-22,0,0.0,500.0,john_radcliffe_nhs
2022-04-12 19:00:00,5.839144999972101e-22,0,0.0,500.0,john_radcliffe_nhs
2022-04-12 20:00:00,5.600846322504792e-22,0,0.0,500.0,john_radcliffe_nhs
2022-04-12 21:00:00,5.37227274343506e-22,0,0.0,500.0,john_radcliffe_nhs
2022-04-12 22:00:00,5.153027376217707e-22,0,0.0,500.0,john_radcliffe_nhs
2022-04-12 23:00:00,4.942729531462801e-22,0,0.0,500.0,john_radcliffe_nhs
2022-04-13 00:00:00,4.741014055921087e-22,0,0.0,500.0,john_radcliffe_nhs
2022-04-13 01:00:00,4.547530698445752e-22,0,0.0,500.0,john_radcliffe_nhs
2022-04-13 02:00:00,4.361943501829331e-22,0,0.0,500.0,john_radcliffe_nhs
2022-04-13 03:00:00,4.183930219460388e-22,0,0.0,500.0,john_radcliffe_nhs
2022-04-13 04:00:00,4.013181755786737e-22,0,0.0,500.0,john_radcliffe_nhs
2022-04-13 05:00:00,3.849401629613388e-22,0,0.0,500.0,john_radcliffe_nhs
2022-04-13 06:00:00,3.692305459303879e-22,0,0.0,500.0,john_radcliffe_nhs
2022-04-13 07:00:00,3.5416204689908034e-22,0,0.0,500.0,john_radcliffe_nhs
2022-04-13 08:00:00,3.397085014937909e-22,0,0.0,500.0,john_radcliffe_nhs
2022-04-13 09:00:00,3.2584481312318653e-22,0,0.0,500.0,john_radcliffe_nhs
2022-04-13 10:00:00,3.1254690940145865e-22,0,0.0,500.0,john_radcliffe_nhs
2022-04-13 11:00:00,2.997917003499248e-22,0,0.0,500.0,john_radcliffe_nhs
2022-04-13 12:00:00,2.8755703830446845e-22,0,0.0,500.0,john_radcliffe_nhs
2022-04-13 13:00:00,2.7582167945917543e-22,0,0.0,500.0,john_radcliffe_nhs
2022-04-13 14:00:00,2.645652469793778e-22,0,0.0,500.0,john_radcliffe_nhs
2022-04-13 15:00:00,2.5376819562009324e-22,0,0.0,500.0,john_radcliffe_nhs
2022-04-13 16:00:00,2.4341177778840344e-22,0,0.0,500.0,john_radcliffe_nhs
2022-04-13 17:00:00,2.334780109908294e-22,0,0.0,500.0,john_radcliffe_nhs
2022-04-13 18:00:00,2.23949646609214e-22,0,0.0,500.0,john_radcliffe_nhs
2022-04-13 19:00:00,2.1481013995087586e-22,0,0.0,500.0,john_radcliffe_nhs
2022-04-13 20:00:00,2.0604362152101907e-22,0,0.0,500.0,john_radcliffe_nhs
2022-04-13 21:00:00,1.9763486946754606e-22,0,0.0,500.0,john_radcliffe_nhs
2022-04-13 22:00:00,1.8956928315041137e-22,0,0.0,500.0,john_radcliffe_nhs
2022-04-13 23:00:00,1.81832857789612e-22,0,0.0,500.0,john_radcliffe_nhs
2022-04-14 00:00:00,1.7441216014782026e-22,0,0.0,500.0,john_radcliffe_nhs
2022-04-14 01:00:00,1.6729430520542018e-22,0,0.0,500.0,john_radcliffe_nhs
2022-04-14 02:00:00,1.604669337874378e-22,0,0.0,500.0,john_radcliffe_nhs
2022-04-14 03:00:00,1.5391819110353977e-22,0,0.0,500.0,john_radcliffe_nhs
2022-04-14 04:00:00,1.4763670616382527e-22,0,0.0,500.0,john_radcliffe_nhs
2022-04-14 05:00:00,1.4161157203466124e-22,0,0.0,500.0,john_radcliffe_nhs
2022-04-14 06:00:00,1.3583232690029767e-22,0,0.0,500.0,john_radcliffe_nhs
2022-04-14 07:00:00,1.3028893589736783e-22,0,0.0,500.0,john_radcliffe_nhs
2022-04-14 08:00:00,1.2497177369072387e-22,0,0.0,500.0,john_radcliffe_nhs
2022-04-14 09:00:00,1.1987160776037092e-22,0,0.0,500.0,john_radcliffe_nhs
2022-04-14 10:00:00,1.1497958237047e-22,0,0.0,500.0,john_radcliffe_nhs
2022-04-14 11:00:00,1.1028720319256682e-22,0,0.0,500.0,john_radcliffe_nhs
2022-04-14 12:00:00,1.057863225563629e-22,0,0.0,500.0,john_radcliffe_nhs
2022-04-14 13:00:00,1.0146912530241013e-22,0,0.0,500.0,john_radcliffe_nhs
2022-04-14 14:00:00,9.732811521215813e-23,0,0.0,500.0,john_radcliffe_nhs
2022-04-14 15:00:00,9.335610199180517e-23,0,0.0,500.0,john_radcliffe_nhs
2022-04-14 16:00:00,8.954618878734514e-23,0,0.0,500.0,john_radcliffe_nhs
2022-04-14 17:00:00,8.589176020912618e-23,0,0.0,500.0,john_radcliffe_nhs
2022-04-14 18:00:00,8.238647084513962e-23,0,0.0,500.0,john_radcliffe_nhs
2022-04-14 19:00:00,7.902423424308752e-23,0,0.0,500.0,john_radcliffe_nhs
2022-04-14 20:00:00,7.579921234209268e-23,0,0.0,500.0,john_radcliffe_nhs
2022-04-14 21:00:00,7.270580533571181e-23,0,0.0,500.0,john_radcliffe_nhs
2022-04-14 22:00:00,6.973864194864426e-23,0,0.0,500.0,john_radcliffe_nhs
2022-04-14 23:00:00,6.689257011024881e-23,0,0.0,500.0,john_radcliffe_nhs
2022-04-15 00:00:00,6.416264800868422e-23,0,0.0,500.0,john_radcliffe_nhs
2022-04-15 01:00:00,6.154413551013468e-23,0,0.0,500.0,john_radcliffe_nhs
2022-04-15 02:00:00,5.903248592821746e-23,0,0.0,500.0,john_radcliffe_nhs
2022-04-15 03:00:00,5.662333812928948e-23,0,0.0,500.0,john_radcliffe_nhs
2022-04-15 04:00:00,5.431250895994047e-23,0,0.0,500.0,john_radcliffe_nhs
2022-04-15 05:00:00,5.209598598352063e-23,0,0.0,500.0,john_radcliffe_nhs
2022-04-15 06:00:00,4.996992051309818e-23,0,0.0,500.0,john_radcliffe_nhs
2022-04-15 07:00:00,4.793062092874556e-23,0,0.0,500.0,john_radcliffe_nhs
2022-04-15 08:00:00,4.597454626754745e-23,0,0.0,500.0,john_radcliffe_nhs
2022-04-15 09:00:00,4.409830007520758e-23,0,0.0,500.0,john_radcliffe_nhs
2022-04-15 10:00:00,4.229862450857432e-23,0,0.0,500.0,john_radcliffe_nhs
2022-04-15 11:00:00,4.057239467884279e-23,0,0.0,500.0,john_radcliffe_nhs
2022-04-15 12:00:00,3.8916613225616716e-23,0,0.0,500.0,john_radcliffe_nhs
2022-04-15 13:00:00,3.73284051124057e-23,0,0.0,500.0,john_radcliffe_nhs
2022-04-15 14:00:00,3.5805012634518483e-23,0,0.0,500.0,john_radcliffe_nhs
2022-04-15 15:00:00,3.4343790630689456e-23,0,0.0,500.0,john_radcliffe_nhs
2022-04-15 16:00:00,3.2942201890121004e-23,0,0.0,500.0,john_radcliffe_nhs
2022-04-15 17:00:00,3.159781274696487e-23,0,0.0,500.0,john_radcliffe_nhs
2022-04-15 18:00:00,3.03082888545973e-23,0,0.0,500.0,john_radcliffe_nhs
2022-04-15 19:00:00,2.907139113234819e-23,0,0.0,500.0,john_radcliffe_nhs
2022-04-15 20:00:00,2.788497187764454e-23,0,0.0,500.0,john_radcliffe_nhs
2022-04-15 21:00:00,2.6746971036821325e-23,0,0.0,500.0,john_radcliffe_nhs
2022-04-15 22:00:00,2.5655412628122554e-23,0,0.0,500.0,john_radcliffe_nhs
2022-04-15 23:00:00,2.4608401310679854e-23,0,0.0,500.0,john_radcliffe_nhs
2022-04-16 00:00:00,2.3604119093514707e-23,0,0.0,500.0,john_radcliffe_nhs
2022-04-16 01:00:00,2.264082217884787e-23,0,0.0,500.0,john_radcliffe_nhs
2022-04-16 02:00:00,2.1716837934233676e-23,0,0.0,500.0,john_radcliffe_nhs
2022-04-16 03:00:00,2.0830561988264635e-23,0,0.0,500.0,john_radcliffe_nhs
2022-04-16 04:00:00,1.9980455444801853e-23,0,0.0,500.0,john_radcliffe_nhs
2022-04-16 05:00:00,1.916504221089286e-23,0,0.0,500.0,john_radcliffe_nhs
2022-04-16 06:00:00,1.8382906433739953e-23,0,0.0,500.0,john_radcliffe_nhs
2022-04-16 07:00:00,1.7632690042267152e-23,0,0.0,500.0,john_radcliffe_nhs
2022-04-16 08:00:00,1.6913090389015975e-23,0,0.0,500.0,john_radcliffe_nhs
2022-04-16 09:00:00,1.6222857988277938e-23,0,0.0,500.0,john_radcliffe_nhs
2022-04-16 10:00:00,1.5560794346535e-23,0,0.0,500.0,john_radcliffe_nhs
2022-04-16 11:00:00,1.4925749881439886e-23,0,0.0,500.0,john_radcliffe_nhs
2022-04-16 12:00:00,1.4316621925725044e-23,0,0.0,500.0,john_radcliffe_nhs
2022-04-16 13:00:00,1.373235281257302e-23,0,0.0,500.0,john_radcliffe_nhs
2022-04-16 14:00:00,1.3171928039123092e-23,0,0.0,500.0,john_radcliffe_nhs
2022-04-16 15:00:00,1.2634374504927054e-23,0,0.0,500.0,john_radcliffe_nhs
2022-04-16 16:00:00,1.2118758822294547e-23,0,0.0,500.0,john_radcliffe_nhs
2022-04-16 17:00:00,1.1624185695593313e-23,0,0.0,500.0,john_radcliffe_nhs
2022-04-16 18:00:00,1.1149796366691907e-23,0,0.0,500.0,john_radcliffe_nhs
2022-04-16 19:00:00,1.0694767123844677e-23,0,0.0,500.0,john_radcliffe_nhs
2022-04-16 20:00:00,1.0258307871429258e-23,0,0.0,500.0,john_radcliffe_nhs
2022-04-16 21:00:00,9.839660758054583e-24,0,0.0,500.0,john_radcliffe_nhs
2022-04-16 22:00:00,9.438098860656489e-24,0,0.0,500.0,john_radcliffe_nhs
2022-04-16 23:00:00,9.052924922295495e-24,0,0.0,500.0,john_radcliffe_nhs
2022-04-17 00:00:00,8.683470141466362e-24,0,0.0,500.0,john_radcliffe_nhs
2022-04-17 01:00:00,8.32909301081655e-24,0,0.0,500.0,john_radcliffe_nhs
2022-04-17 02:00:00,7.989178203256664e-24,0,0.0,500.0,john_radcliffe_nhs
2022-04-17 03:00:00,7.663135503529882e-24,0,0.0,500.0,john_radcliffe_nhs
2022-04-17 04:00:00,7.350398783384607e-24,0,0.0,500.0,john_radcliffe_nhs
2022-04-17 05:00:00,7.05042501857037e-24,0,0.0,500.0,john_radcliffe_nhs
2022-04-17 06:00:00,6.762693345951165e-24,0,0.0,500.0,john_radcliffe_nhs
2022-04-17 07:00:00,6.486704159098495e-24,0,0.0,500.0,john_radcliffe_nhs
2022-04-17 08:00:00,6.221978240793289e-24,0,0.0,500.0,john_radcliffe_nhs
2022-04-17 09:00:00,5.968055930931357e-24,0,0.0,500.0,john_radcliffe_nhs
2022-04-17 10:00:00,5.724496328387034e-24,0,0.0,500.0,john_radcliffe_nhs
2022-04-17 11:00:00,5.490876525448827e-24,0,0.0,500.0,john_radcliffe_nhs
2022-04-17 12:00:00,5.266790873498547e-24,0,0.0,500.0,john_radcliffe_nhs
2022-04-17 13:00:00,5.0518502786584466e-24,0,0.0,500.0,john_radcliffe_nhs
2022-04-17 14:00:00,4.845681526183055e-24,0,0.0,500.0,john_radcliffe_nhs
2022-04-17 15:00:00,4.647926632423283e-24,0,0.0,500.0,john_radcliffe_nhs
2022-04-17 16:00:00,4.458242223237204e-24,0,0.0,500.0,john_radcliffe_nhs
2022-04-17 17:00:00,4.276298937767941e-24,0,0.0,500.0,john_radcliffe_nhs
2022-04-17 18:00:00,4.101780856553996e-24,0,0.0,500.0,john_radcliffe_nhs
2022-04-17 19:00:00,3.9343849529786935e-24,0,0.0,500.0,john_radcliffe_nhs
2022-04-17 20:00:00,3.773820567106004e-24,0,0.0,500.0,john_radcliffe_nhs
2022-04-17 21:00:00,3.619808900989691e-24,0,0.0,500.0,john_radcliffe_nhs
2022-04-17 22:00:00,3.472082534579135e-24,0,0.0,500.0,john_radcliffe_nhs
2022-04-17 23:00:00,3.330384961381089e-24,0,0.0,500.0,john_radcliffe_nhs
2022-04-18 00:00:00,3.1944701430715505e-24,0,0.0,500.0,john_radcliffe_nhs
2022-04-18 01:00:00,3.0641020822841582e-24,0,0.0,500.0,john_radcliffe_nhs
2022-04-18 02:00:00,2.939054412833129e-24,0,0.0,500.0,john_radcliffe_nhs
2022-04-18 03:00:00,2.8191100066596128e-24,0,0.0,500.0,john_radcliffe_nhs
2022-04-18 04:00:00,2.704060596818779e-24,0,0.0,500.0,john_radcliffe_nhs
2022-04-18 05:00:00,2.5937064158528233e-24,0,0.0,500.0,john_radcliffe_nhs
2022-04-18 06:00:00,2.487855848922346e-24,0,0.0,500.0,john_radcliffe_nhs
2022-04-18 07:00:00,2.386325101093625e-24,0,0.0,500.0,john_radcliffe_nhs
2022-04-18 08:00:00,2.2889378782039092e-24,0,0.0,500.0,john_radcliffe_nhs
2022-04-18 09:00:00,2.1955250807509395e-24,0,0.0,500.0,john_radcliffe_nhs
2022-04-18 10:00:00,2.1059245102749954e-24,0,0.0,500.0,john_radcliffe_nhs
2022-04-18 11:00:00,2.0199805877235053e-24,0,0.0,500.0,john_radcliffe_nhs
2022-04-18 12:00:00,1.9375440833094977e-24,0,0.0,500.0,john_radcliffe_nhs
2022-04-18 13:00:00,1.8584718573946645e-24,0,0.0,500.0,john_radcliffe_nhs
2022-04-18 14:00:00,1.7826266119470042e-24,0,0.0,500.0,john_radcliffe_nhs
2022-04-18 15:00:00,1.7098766521417413e-24,0,0.0,500.0,john_radcliffe_nhs
2022-04-18 16:00:00,1.6400956576914313e-24,0,0.0,500.0,john_radcliffe_nhs
2022-04-18 17:00:00,1.5731624635081028e-24,0,0.0,500.0,john_radcliffe_nhs
2022-04-18 18:00:00,1.5089608493168042e-24,0,0.0,500.0,john_radcliffe_nhs
2022-04-18 19:00:00,1.447379337855133e-24,0,0.0,500.0,john_radcliffe_nhs
2022-04-18 20:00:00,1.3883110013082521e-24,0,0.0,500.0,john_radcliffe_nhs
2022-04-18 21:00:00,1.3316532756435001e-24,0,0.0,500.0,john_radcliffe_nhs
2022-04-18 22:00:00,1.2773077825220976e-24,0,0.0,500.0,john_radcliffe_nhs
2022-04-18 23:00:00,1.2251801584786509e-24,0,0.0,500.0,john_radcliffe_nhs
2022-04-19 00:00:00,1.1751798910720191e-24,0,0.0,500.0,john_radcliffe_nhs
2022-04-19 01:00:00,1.127220161722949e-24,0,0.0,500.0,john_radcliffe_nhs
2022-04-19 02:00:00,1.081217694965513e-24,0,0.0,500.0,john_radcliffe_nhs
2022-04-19 03:00:00,1.0370926138507594e-24,0,0.0,500.0,john_radcliffe_nhs
2022-04-19 04:00:00,9.947683012514092e-25,0,0.0,500.0,john_radcliffe_nhs
2022-04-19 05:00:00,9.541712668267211e-25,0,0.0,500.0,john_radcliffe_nhs
2022-04-19 06:00:00,9.15231019416657e-25,0,0.0,500.0,john_radcliffe_nhs
2022-04-19 07:00:00,8.778799446437083e-25,0,0.0,500.0,john_radcliffe_nhs
2022-04-19 08:00:00,8.42053187509801e-25,0,0.0,500.0,john_radcliffe_nhs
2022-04-19 09:00:00,8.076885397845415e-25,0,0.0,500.0,john_radcliffe_nhs
2022-04-19 10:00:00,7.747263319892087e-25,0,0.0,500.0,john_radcliffe_nhs
2022-04-19 11:00:00,7.431093297888848e-25,0,0.0,500.0,john_radcliffe_nhs
2022-04-19 12:00:00,7.127826346129325e-25,0,0.0,500.0,john_radcliffe_nhs
2022-04-19 13:00:00,6.836935883312016e-25,0,0.0,500.0,john_radcliffe_nhs
2022-04-19 14:00:00,6.557916818204054e-25,0,0.0,500.0,john_radcliffe_nhs
2022-04-19 15:00:00,6.290284672620004e-25,0,0.0,500.0,john_radcliffe_nhs
2022-04-19 16:00:00,6.033574740192329e-25,0,0.0,500.0,john_radcliffe_nhs
2022-04-19 17:00:00,5.787341279472504e-25,0,0.0,500.0,john_radcliffe_nhs
2022-04-19 18:00:00,5.551156739962509e-25,0,0.0,500.0,john_radcliffe_nhs
2022-04-19 19:00:00,5.324611019732385e-25,0,0.0,500.0,john_radcliffe_nhs
2022-04-19 20:00:00,5.107310753334454e-25,0,0.0,500.0,john_radcliffe_nhs
2022-04-19 21:00:00,4.8988786287785155e-25,0,0.0,500.0,john_radcliffe_nhs
2022-04-19 22:00:00,4.698952732381635e-25,0,0.0,500.0,john_radcliffe_nhs
2022-04-19 23:00:00,4.507185920354652e-25,0,0.0,500.0,john_radcliffe_nhs
2022-04-20 00:00:00,4.323245216034909e-25,0,0.0,500.0,john_radcliffe_nhs
2022-04-20 01:00:00,4.146811231718214e-25,0,0.0,500.0,john_radcliffe_nhs
2022-04-20 02:00:00,3.977577614085879e-25,0,0.0,500.0,john_radcliffe_nhs
2022-04-20 03:00:00,3.815250512264477e-25,0,0.0,500.0,john_radcliffe_nhs
2022-04-20 04:00:00,3.6595480675943343e-25,0,0.0,500.0,john_radcliffe_nhs
2022-04-20 05:00:00,3.510199924220613e-25,0,0.0,500.0,john_radcliffe_nhs
2022-04-20 06:00:00,3.366946759657693e-25,0,0.0,500.0,john_radcliffe_nhs
2022-04-20 07:00:00,3.229539834511442e-25,0,0.0,500.0,john_radcliffe_nhs
2022-04-20 08:00:00,3.097740560577373e-25,0,0.0,500.0,john_radcliffe_nhs
2022-04-20 09:00:00,2.9713200865651533e-25,0,0.0,500.0,john_radcliffe_nhs
2022-04-20 10:00:00,2.8500589007299145e-25,0,0.0,500.0,john_radcliffe_nhs
2022-04-20 11:00:00,2.7337464497202002e-25,0,0.0,500.0,john_radcliffe_nhs
2022-04-20 12:00:00,2.6221807729811403e-25,0,0.0,500.0,john_radcliffe_nhs
2022-04-20 13:00:00,2.515168152077806e-25,0,0.0,500.0,john_radcliffe_nhs
2022-04-20 14:00:00,2.412522774329711e-25,0,0.0,500.0,john_radcliffe_nhs
2022-04-20 15:00:00,2.3140664101727364e-25,0,0.0,500.0,john_radcliffe_nhs
2022-04-20 16:00:00,2.2196281036880845e-25,0,0.0,500.0,john_radcliffe_nhs
2022-04-20 17:00:00,2.1290438757607645e-25,0,0.0,500.0,john_radcliffe_nhs
2022-04-20 18:00:00,2.0421564393524938e-25,0,0.0,500.0,john_radcliffe_nhs
2022-04-20 19:00:00,1.9588149263944536e-25,0,0.0,500.0,john_radcliffe_nhs
2022-04-20 20:00:00,1.878874625825577e-25,0,0.0,500.0,john_radcliffe_nhs
2022-04-20 21:00:00,1.8021967323217618e-25,0,0.0,500.0,john_radcliffe_nhs
2022-04-20 22:00:00,1.7286481052795774e-25,0,0.0,500.0,john_radcliffe_nhs
2022-04-20 23:00:00,1.6581010376358621e-25,0,0.0,500.0,john_radcliffe_nhs
2022-04-21 00:00:00,1.590433034122034e-25,0,0.0,500.0,john_radcliffe_nhs
2022-04-21 01:00:00,1.5255265985679565e-25,0,0.0,500.0,john_radcliffe_nhs
2022-04-21 02:00:00,1.463269029885952e-25,0,0.0,500.0,john_radcliffe_nhs
2022-04-21 03:00:00,1.403552226380915e-25,0,0.0,500.0,john_radcliffe_nhs
2022-04-21 04:00:00,1.3462724980466354e-25,0,0.0,500.0,john_radcliffe_nhs
2022-04-21 05:00:00,1.2913303865223186e-25,0,0.0,500.0,john_radcliffe_nhs
2022-04-21 06:00:00,1.2386304923968704e-25,0,0.0,500.0,john_radcliffe_nhs
2022-04-21 07:00:00,1.1880813095609813e-25,0,0.0,500.0,john_radcliffe_nhs
2022-04-21 08:00:00,1.1395950663193142e-25,0,0.0,500.0,john_radcliffe_nhs
2022-04-21 09:00:00,1.0930875729870703e-25,0,0.0,500.0,john_radcliffe_nhs
2022-04-21 10:00:00,1.048478075706216e-25,0,0.0,500.0,john_radcliffe_nhs
2022-04-21 11:00:00,1.0056891162274816e-25,0,0.0,500.0,john_radcliffe_nhs
2022-04-21 12:00:00,9.646463974148023e-26,0,0.0,500.0,john_radcliffe_nhs
2022-04-21 13:00:00,9.252786542385924e-26,0,0.0,500.0,john_radcliffe_nhs
2022-04-21 14:00:00,8.875175300337915e-26,0,0.0,500.0,john_radcliffe_nhs
2022-04-21 15:00:00,8.512974578079519e-26,0,0.0,500.0,john_radcliffe_nhs
2022-04-21 16:00:00,8.165555463932007e-26,0,0.0,500.0,john_radcliffe_nhs
2022-04-21 17:00:00,7.832314712443517e-26,0,0.0,500.0,john_radcliffe_nhs
2022-04-21 18:00:00,7.512673696936577e-26,0,0.0,500.0,john_radcliffe_nhs
2022-04-21 19:00:00,7.206077404802715e-26,0,0.0,500.0,john_radcliffe_nhs
2022-04-21 20:00:00,6.91199347379916e-26,0,0.0,500.0,john_radcliffe_nhs
2022-04-21 21:00:00,6.629911267675291e-26,0,0.0,500.0,john_radcliffe_nhs
2022-04-21 22:00:00,6.359340989523236e-26,0,0.0,500.0,john_radcliffe_nhs
2022-04-21 23:00:00,6.099812831312697e-26,0,0.0,500.0,john_radcliffe_nhs
2022-04-22 00:00:00,5.850876158134154e-26,0,0.0,500.0,john_radcliffe_nhs
2022-04-22 01:00:00,5.61209872573351e-26,0,0.0,500.0,john_radcliffe_nhs
2022-04-22 02:00:00,5.383065929979226e-26,0,0.0,500.0,john_radcliffe_nhs
2022-04-22 03:00:00,5.163380086959447e-26,0,0.0,500.0,john_radcliffe_nhs
2022-04-22 04:00:00,4.952659742458779e-26,0,0.0,500.0,john_radcliffe_nhs
2022-04-22 05:00:00,4.750539009615331e-26,0,0.0,500.0,john_radcliffe_nhs
2022-04-22 06:00:00,4.5566669336086913e-26,0,0.0,500.0,john_radcliffe_nhs
2022-04-22 07:00:00,4.370706882275292e-26,0,0.0,500.0,john_radcliffe_nhs
2022-04-22 08:00:00,4.192335961592822e-26,0,0.0,500.0,john_radcliffe_nhs
2022-04-22 09:00:00,4.021244455019316e-26,0,0.0,500.0,john_radcliffe_nhs
2022-04-22 10:00:00,3.857135285713119e-26,0,0.0,500.0,john_radcliffe_nhs
2022-04-22 11:00:00,3.699723500699676e-26,0,0.0,500.0,john_radcliffe_nhs
2022-04-22 12:00:00,3.5487357760900265e-26,0,0.0,500.0,john_radcliffe_nhs
2022-04-22 13:00:00,3.403909942491576e-26,0,0.0,500.0,john_radcliffe_nhs
2022-04-22 14:00:00,3.2649945297869e-26,0,0.0,500.0,john_radcliffe_nhs
2022-04-22 15:00:00,3.131748330490588e-26,0,0.0,500.0,john_radcliffe_nhs
2022-04-22 16:00:00,3.003939980925724e-26,0,0.0,500.0,john_radcliffe_nhs
2022-04-22 17:00:00,2.881347559492587e-26,0,0.0,500.0,john_radcliffe_nhs
2022-04-22 18:00:00,2.763758201332422e-26,0,0.0,500.0,john_radcliffe_nhs
2022-04-22 19:00:00,2.65096772871698e-26,0,0.0,500.0,john_radcliffe_nhs
2022-04-22 20:00:00,2.542780296521891e-26,0,0.0,500.0,john_radcliffe_nhs
2022-04-22 21:00:00,2.4390080521686348e-26,0,0.0,500.0,john_radcliffe_nhs
2022-04-22 22:00:00,2.3394708094444547e-26,0,0.0,500.0,john_radcliffe_nhs
2022-04-22 23:00:00,2.2439957356337077e-26,0,0.0,500.0,john_radcliffe_nhs
2022-04-23 00:00:00,2.1524170514177077e-26,0,0.0,500.0,john_radcliffe_nhs
2022-04-23 01:00:00,2.0645757430218077e-26,0,0.0,500.0,john_radcliffe_nhs
2022-04-23 02:00:00,1.980319286109788e-26,0,0.0,500.0,john_radcliffe_nhs
2022-04-23 03:00:00,1.8995013809463946e-26,0,0.0,500.0,john_radcliffe_nhs
2022-04-23 04:00:00,1.8219816983680348e-26,0,0.0,500.0,john_radcliffe_nhs
2022-04-23 05:00:00,1.7476256361204253e-26,0,0.0,500.0,john_radcliffe_nhs
2022-04-23 06:00:00,1.676304085140355e-26,0,0.0,500.0,john_radcliffe_nhs
2022-04-23 07:00:00,1.6078932053756113e-26,0,0.0,500.0,john_radcliffe_nhs
2022-04-23 08:00:00,1.5422742107537083e-26,0,0.0,500.0,john_radcliffe_nhs
2022-04-23 09:00:00,1.479333162926267e-26,0,0.0,500.0,john_radcliffe_nhs
2022-04-23 10:00:00,1.418960773430794e-26,0,0.0,500.0,john_radcliffe_nhs
2022-04-23 11:00:00,1.3610522139262494e-26,0,0.0,500.0,john_radcliffe_nhs
2022-04-23 12:00:00,1.3055069341731036e-26,0,0.0,500.0,john_radcliffe_nhs
2022-04-23 13:00:00,1.2522284874417175e-26,0,0.0,500.0,john_radcliffe_nhs
2022-04-23 14:00:00,1.2011243630458212e-26,0,0.0,500.0,john_radcliffe_nhs
2022-04-23 15:00:00,1.1521058257104749e-26,0,0.0,500.0,john_radcliffe_nhs
2022-04-23 16:00:00,1.1050877614955087e-26,0,0.0,500.0,john_radcliffe_nhs
2022-04-23 17:00:00,1.0599885300068321e-26,0,0.0,500.0,john_radcliffe_nhs
2022-04-23 18:00:00,1.0167298226391619e-26,0,0.0,500.0,john_radcliffe_nhs
2022-04-23 19:00:00,9.752365266039303e-27,0,0.0,500.0,john_radcliffe_nhs
2022-04-23 20:00:00,9.354365945062279e-27,0,0.0,500.0,john_radcliffe_nhs
2022-04-23 21:00:00,8.972609192444453e-27,0,0.0,500.0,john_radcliffe_nhs
2022-04-23 22:00:00,8.606432140153278e-27,0,0.0,500.0,john_radcliffe_nhs
2022-04-23 23:00:00,8.255198972160282e-27,0,0.0,500.0,john_radcliffe_nhs
2022-04-24 00:00:00,7.918299820434298e-27,0,0.0,500.0,john_radcliffe_nhs
2022-04-24 01:00:00,7.595149705989779e-27,0,0.0,500.0,john_radcliffe_nhs
2022-04-24 02:00:00,7.285187523150984e-27,0,0.0,500.0,john_radcliffe_nhs
2022-04-24 03:00:00,6.987875065269427e-27,0,0.0,500.0,john_radcliffe_nhs
2022-04-24 04:00:00,6.702696090202282e-27,0,0.0,500.0,john_radcliffe_nhs
2022-04-24 05:00:00,6.4291554239286836e-27,0,0.0,500.0,john_radcliffe_nhs
2022-04-24 06:00:00,6.166778100748396e-27,0,0.0,500.0,john_radcliffe_nhs
2022-04-24 07:00:00,5.915108538569391e-27,0,0.0,500.0,john_radcliffe_nhs
2022-04-24 08:00:00,5.673709747852015e-27,0,0.0,500.0,john_radcliffe_nhs
2022-04-24 09:00:00,5.442162572836974e-27,0,0.0,500.0,john_radcliffe_nhs
2022-04-24 10:00:00,5.22006496373918e-27,0,0.0,500.0,john_radcliffe_nhs
2022-04-24 11:00:00,5.007031278643429e-27,0,0.0,500.0,john_radcliffe_nhs
2022-04-24 12:00:00,4.802691613890442e-27,0,0.0,500.0,john_radcliffe_nhs
2022-04-24 13:00:00,4.606691161790195e-27,0,0.0,500.0,john_radcliffe_nhs
2022-04-24 14:00:00,4.418689594547012e-27,0,0.0,500.0,john_radcliffe_nhs
2022-04-24 15:00:00,4.238360473327327e-27,0,0.0,500.0,john_radcliffe_nhs
2022-04-24 16:00:00,4.065390681443678e-27,0,0.0,500.0,john_radcliffe_nhs
2022-04-24 17:00:00,3.89947988067052e-27,0,0.0,500.0,john_radcliffe_nhs
2022-04-24 18:00:00,3.7403399897483455e-27,0,0.0,500.0,john_radcliffe_nhs
2022-04-24 19:00:00,3.5876946841703236e-27,0,0.0,500.0,john_radcliffe_nhs
2022-04-24 20:00:00,3.441278916382682e-27,0,0.0,500.0,john_radcliffe_nhs
2022-04-24 21:00:00,3.300838455566213e-27,0,0.0,500.0,john_radcliffe_nhs
2022-04-24 22:00:00,3.166129446199529e-27,0,0.0,500.0,john_radcliffe_nhs
2022-04-24 23:00:00,3.0369179846373895e-27,0,0.0,500.0,john_radcliffe_nhs
2022-04-25 00:00:00,2.9129797129693023e-27,0,0.0,500.0,john_radcliffe_nhs
2022-04-25 01:00:00,2.794099429452964e-27,0,0.0,500.0,john_radcliffe_nhs
2022-04-25 02:00:00,2.680070714845948e-27,0,0.0,500.0,john_radcliffe_nhs
2022-04-25 03:00:00,2.570695573987173e-27,0,0.0,500.0,john_radcliffe_nhs
2022-04-25 04:00:00,2.4657840920056267e-27,0,0.0,500.0,john_radcliffe_nhs
2022-04-25 05:00:00,2.3651541045592316e-27,0,0.0,500.0,john_radcliffe_nhs
2022-04-25 06:00:00,2.2686308815316088e-27,0,0.0,500.0,john_radcliffe_nhs
2022-04-25 07:00:00,2.1760468236373343e-27,0,0.0,500.0,john_radcliffe_nhs
2022-04-25 08:00:00,2.0872411714087642e-27,0,0.0,500.0,john_radcliffe_nhs
2022-04-25 09:00:00,2.002059726059405e-27,0,0.0,500.0,john_radcliffe_nhs
2022-04-25 10:00:00,1.920354581738995e-27,0,0.0,500.0,john_radcliffe_nhs
2022-04-25 11:00:00,1.8419838687152772e-27,0,0.0,500.0,john_radcliffe_nhs
2022-04-25 12:00:00,1.7668115070367883e-27,0,0.0,500.0,john_radcliffe_nhs
2022-04-25 13:00:00,1.6947069702487992e-27,0,0.0,500.0,john_radcliffe_nhs
2022-04-25 14:00:00,1.625545058752022e-27,0,0.0,500.0,john_radcliffe_nhs
2022-04-25 15:00:00,1.5592056824107867e-27,0,0.0,500.0,john_radcliffe_nhs
2022-04-25 16:00:00,1.4955736520330892e-27,0,0.0,500.0,john_radcliffe_nhs
2022-04-25 17:00:00,1.4345384793603536e-27,0,0.0,500.0,john_radcliffe_nhs
2022-04-25 18:00:00,1.3759941852198196e-27,0,0.0,500.0,john_radcliffe_nhs
2022-04-25 19:00:00,1.3198391155063328e-27,0,0.0,500.0,john_radcliffe_nhs
2022-04-25 20:00:00,1.2659757646739276e-27,0,0.0,500.0,john_radcliffe_nhs
2022-04-25 21:00:00,1.214310606430905e-27,0,0.0,500.0,john_radcliffe_nhs
2022-04-25 22:00:00,1.1647539313443308e-27,0,0.0,500.0,john_radcliffe_nhs
2022-04-25 23:00:00,1.1172196910719056e-27,0,0.0,500.0,john_radcliffe_nhs
2022-04-26 00:00:00,1.0716253489508952e-27,0,0.0,500.0,john_radcliffe_nhs
2022-04-26 01:00:00,1.0278917366846023e-27,0,0.0,500.0,john_radcliffe_nhs
2022-04-26 02:00:00,9.859429168774755e-28,0,0.0,500.0,john_radcliffe_nhs
2022-04-26 03:00:00,9.457060511803013e-28,0,0.0,500.0,john_radcliffe_nhs
2022-04-26 04:00:00,9.07111273816462e-28,0,0.0,500.0,john_radcliffe_nhs
2022-04-26 05:00:00,8.700915702695933e-28,0,0.0,500.0,john_radcliffe_nhs
2022-04-26 06:00:00,8.345826609221247e-28,0,0.0,500.0,john_radcliffe_nhs
2022-04-26 07:00:00,8.005228894425948e-28,0,0.0,500.0,john_radcliffe_nhs
2022-04-26 08:00:00,7.678531157278828e-28,0,0.0,500.0,john_radcliffe_nhs
2022-04-26 09:00:00,7.365166132145847e-28,0,0.0,500.0,john_radcliffe_nhs
2022-04-26 10:00:00,7.064589703811603e-28,0,0.0,500.0,john_radcliffe_nhs
2022-04-26 11:00:00,6.776279962697875e-28,0,0.0,500.0,john_radcliffe_nhs
2022-04-26 12:00:00,6.499736298639676e-28,0,0.0,500.0,john_radcliffe_nhs
2022-04-26 13:00:00,6.234478531644764e-28,0,0.0,500.0,john_radcliffe_nhs
2022-04-26 14:00:00,5.980046078126933e-28,0,0.0,500.0,john_radcliffe_nhs
2022-04-26 15:00:00,5.735997151166175e-28,0,0.0,500.0,john_radcliffe_nhs
2022-04-26 16:00:00,5.50190799340666e-28,0,0.0,500.0,john_radcliffe_nhs
2022-04-26 17:00:00,5.277372141260175e-28,0,0.0,500.0,john_radcliffe_nhs
2022-04-26 18:00:00,5.061999719138214e-28,0,0.0,500.0,john_radcliffe_nhs
2022-04-26 19:00:00,4.855416762486804e-28,0,0.0,500.0,john_radcliffe_nhs
2022-04-26 20:00:00,4.6572645684483385e-28,0,0.0,500.0,john_radcliffe_nhs
2022-04-26 21:00:00,4.467199073023565e-28,0,0.0,500.0,john_radcliffe_nhs
2022-04-26 22:00:00,4.284890253651929e-28,0,0.0,500.0,john_radcliffe_nhs
2022-04-26 23:00:00,4.110021556172612e-28,0,0.0,500.0,john_radcliffe_nhs
2022-04-27 00:00:00,3.9422893451721003e-28,0,0.0,500.0,john_radcliffe_nhs
2022-04-27 01:00:00,3.7814023767627485e-28,0,0.0,500.0,john_radcliffe_nhs
2022-04-27 02:00:00,3.6270812928782487e-28,0,0.0,500.0,john_radcliffe_nhs
2022-04-27 03:00:00,3.4790581362066317e-28,0,0.0,500.0,john_radcliffe_nhs
2022-04-27 04:00:00,3.3370758849191525e-28,0,0.0,500.0,john_radcliffe_nhs
2022-04-27 05:00:00,3.2008880063875843e-28,0,0.0,500.0,john_radcliffe_nhs
2022-04-27 06:00:00,3.0702580291140875e-28,0,0.0,500.0,john_radcliffe_nhs
2022-04-27 07:00:00,2.9449591321309005e-28,0,0.0,500.0,john_radcliffe_nhs
2022-04-27 08:00:00,2.8247737511572235e-28,0,0.0,500.0,john_radcliffe_nhs
2022-04-27 09:00:00,2.7094932008286668e-28,0,0.0,500.0,john_radcliffe_nhs
2022-04-27 10:00:00,2.5989173123437377e-28,0,0.0,500.0,john_radcliffe_nhs
2022-04-27 11:00:00,2.4928540858985184e-28,0,0.0,500.0,john_radcliffe_nhs
2022-04-27 12:00:00,2.3911193573053194e-28,0,0.0,500.0,john_radcliffe_nhs
2022-04-27 13:00:00,2.29353647821683e-28,0,0.0,500.0,john_radcliffe_nhs
2022-04-27 14:00:00,2.1999360094007955e-28,0,0.0,500.0,john_radcliffe_nhs
2022-04-27 15:00:00,2.110155426532013e-28,0,0.0,500.0,john_radcliffe_nhs
2022-04-27 16:00:00,2.024038837991134e-28,0,0.0,500.0,john_radcliffe_nhs
2022-04-27 17:00:00,1.9414367141805175e-28,0,0.0,500.0,john_radcliffe_nhs
2022-04-27 18:00:00,1.8622056278865772e-28,0,0.0,500.0,john_radcliffe_nhs
2022-04-27 19:00:00,1.7862080052380993e-28,0,0.0,500.0,john_radcliffe_nhs
2022-04-27 20:00:00,1.7133118868283211e-28,0,0.0,500.0,john_radcliffe_nhs
2022-04-27 21:00:00,1.643390698585506e-28,0,0.0,500.0,john_radcliffe_nhs
2022-04-27 22:00:00,1.5763230319944312e-28,0,0.0,500.0,john_radcliffe_nhs
2022-04-27 23:00:00,1.5119924332873622e-28,0,0.0,500.0,john_radcliffe_nhs
2022-04-28 00:00:00,1.4502872012380435e-28,0,0.0,500.0,john_radcliffe_nhs
2022-04-28 01:00:00,1.391100193207844e-28,0,0.0,500.0,john_radcliffe_nhs
2022-04-28 02:00:00,1.3343286391074425e-28,0,0.0,500.0,john_radcliffe_nhs
2022-04-28 03:00:00,1.2798739629506552e-28,0,0.0,500.0,john_radcliffe_nhs
2022-04-28 04:00:00,1.2276416116907543e-28,0,0.0,500.0,john_radcliffe_nhs
2022-04-28 05:00:00,1.1775408910422366e-28,0,0.0,500.0,john_radcliffe_nhs
2022-04-28 06:00:00,1.1294848080026245e-28,0,0.0,500.0,john_radcliffe_nhs
2022-04-28 07:00:00,1.0833899198010514e-28,0,0.0,500.0,john_radcliffe_nhs
2022-04-28 08:00:00,1.0391761890114785e-28,0,0.0,500.0,john_radcliffe_nhs
2022-04-28 09:00:00,9.967668445786725e-29,0,0.0,500.0,john_radcliffe_nhs
2022-04-28 10:00:00,9.56088248515801e-29,0,0.0,500.0,john_radcliffe_nhs
2022-04-28 11:00:00,9.170697680422937e-29,0,0.0,500.0,john_radcliffe_nhs
2022-04-28 12:00:00,8.796436529396993e-29,0,0.0,500.0,john_radcliffe_nhs
2022-04-28 13:00:00,8.437449179127251e-29,0,0.0,500.0,john_radcliffe_nhs
2022-04-28 14:00:00,8.093112297512975e-29,0,0.0,500.0,john_radcliffe_nhs
2022-04-28 15:00:00,7.762827990974834e-29,0,0.0,500.0,john_radcliffe_nhs
2022-04-28 16:00:00,7.446022766294739e-29,0,0.0,500.0,john_radcliffe_nhs
2022-04-28 17:00:00,7.142146534824499e-29,0,0.0,500.0,john_radcliffe_nhs
2022-04-28 18:00:00,6.850671657332289e-29,0,0.0,500.0,john_radcliffe_nhs
2022-04-28 19:00:00,6.571092027829488e-29,0,0.0,500.0,john_radcliffe_nhs
2022-04-28 20:00:00,6.302922194787922e-29,0,0.0,500.0,john_radcliffe_nhs
2022-04-28 21:00:00,6.045696518219822e-29,0,0.0,500.0,john_radcliffe_nhs
2022-04-28 22:00:00,5.79896836115785e-29,0,0.0,500.0,john_radcliffe_nhs
2022-04-28 23:00:00,5.562309314132041e-29,0,0.0,500.0,john_radcliffe_nhs
2022-04-29 00:00:00,5.335308451295465e-29,0,0.0,500.0,john_radcliffe_nhs
2022-04-29 01:00:00,5.11757161690787e-29,0,0.0,500.0,john_radcliffe_nhs
2022-04-29 02:00:00,4.908720740938971e-29,0,0.0,500.0,john_radcliffe_nhs
2022-04-29 03:00:00,4.708393182601663e-29,0,0.0,500.0,john_radcliffe_nhs
2022-04-29 04:00:00,4.516241100676035e-29,0,0.0,500.0,john_radcliffe_nhs
2022-04-29 05:00:00,4.3319308495314027e-29,0,0.0,500.0,john_radcliffe_nhs
2022-04-29 06:00:00,4.155142399796392e-29,0,0.0,500.0,john_radcliffe_nhs
2022-04-29 07:00:00,3.985568782671845e-29,0,0.0,500.0,john_radcliffe_nhs
2022-04-29 08:00:00,3.8229155569221176e-29,0,0.0,500.0,john_radcliffe_nhs
2022-04-29 09:00:00,3.666900297618239e-29,0,0.0,500.0,john_radcliffe_nhs
2022-04-29 10:00:00,3.51725210574576e-29,0,0.0,500.0,john_radcliffe_nhs
2022-04-29 11:00:00,3.3737111378262324e-29,0,0.0,500.0,john_radcliffe_nhs
2022-04-29 12:00:00,3.236028154734628e-29,0,0.0,500.0,john_radcliffe_nhs
2022-04-29 13:00:00,3.103964088929779e-29,0,0.0,500.0,john_radcliffe_nhs
2022-04-29 14:00:00,2.977289629346801e-29,0,0.0,500.0,john_radcliffe_nhs
2022-04-29 15:00:00,2.855784823229853e-29,0,0.0,500.0,john_radcliffe_nhs
2022-04-29 16:00:00,2.7392386942143456e-29,0,0.0,500.0,john_radcliffe_nhs
2022-04-29 17:00:00,2.62744887599579e-29,0,0.0,500.0,john_radcliffe_nhs
2022-04-29 18:00:00,2.520221260948441e-29,0,0.0,500.0,john_radcliffe_nhs
2022-04-29 19:00:00,2.4173696630840312e-29,0,0.0,500.0,john_radcliffe_nhs
2022-04-29 20:00:00,2.3187154947656614e-29,0,0.0,500.0,john_radcliffe_nhs
2022-04-29 21:00:00,2.2240874566148426e-29,0,0.0,500.0,john_radcliffe_nhs
2022-04-29 22:00:00,2.1333212400736247e-29,0,0.0,500.0,john_radcliffe_nhs
2022-04-29 23:00:00,2.046259242105604e-29,0,0.0,500.0,john_radcliffe_nhs
2022-04-30 00:00:00,1.9627502915398493e-29,0,0.0,500.0,john_radcliffe_nhs
2022-04-30 01:00:00,1.8826493865829017e-29,0,0.0,500.0,john_radcliffe_nhs
2022-04-30 02:00:00,1.8058174430432972e-29,0,0.0,500.0,john_radcliffe_nhs
2022-04-30 03:00:00,1.7321210528309288e-29,0,0.0,500.0,john_radcliffe_nhs
2022-04-30 04:00:00,1.6614322523121994e-29,0,0.0,500.0,john_radcliffe_nhs
2022-04-30 05:00:00,1.5936283001189436e-29,0,0.0,500.0,john_radcliffe_nhs
2022-04-30 06:00:00,1.5285914640248626e-29,0,0.0,500.0,john_radcliffe_nhs
2022-04-30 07:00:00,1.466208816519664e-29,0,0.0,500.0,john_radcliffe_nhs
2022-04-30 08:00:00,1.4063720387261217e-29,0,0.0,500.0,john_radcliffe_nhs
2022-04-30 09:00:00,1.3489772323191934e-29,0,0.0,500.0,john_radcliffe_nhs
2022-04-30 10:00:00,1.2939247391208285e-29,0,0.0,500.0,john_radcliffe_nhs
2022-04-30 11:00:00,1.2411189680573854e-29,0,0.0,500.0,john_radcliffe_nhs
2022-04-30 12:00:00,1.1904682291788285e-29,0,0.0,500.0,john_radcliffe_nhs
2022-04-30 13:00:00,1.1418845744517118e-29,0,0.0,500.0,john_radcliffe_nhs
2022-04-30 14:00:00,1.0952836450496319e-29,0,0.0,500.0,john_radcliffe_nhs
2022-04-30 15:00:00,1.0505845248756842e-29,0,0.0,500.0,john_radcliffe_nhs
2022-04-30 16:00:00,1.0077096000627646e-29,0,0.0,500.0,john_radcliffe_nhs
2022-04-30 17:00:00,9.665844242078655e-30,0,0.0,500.0,john_radcliffe_nhs
2022-04-30 18:00:00,9.271375891061002e-30,0,0.0,500.0,john_radcliffe_nhs
2022-04-30 19:00:00,8.893006007601512e-30,0,0.0,500.0,john_radcliffe_nhs
2022-04-30 20:00:00,8.53007760449956e-30,0,0.0,500.0,john_radcliffe_nhs
2022-04-30 21:00:00,8.181960506558828e-30,0,0.0,500.0,john_radcliffe_nhs
2022-04-30 22:00:00,7.848050256374534e-30,0,0.0,500.0,john_radcliffe_nhs
2022-04-30 23:00:00,7.527767064777086e-30,0,0.0,500.0,john_radcliffe_nhs
2022-05-01 00:00:00,7.220554804107652e-30,0,0.0,500.0,john_radcliffe_nhs
2022-05-01 01:00:00,6.925880042578767e-30,0,0.0,500.0,john_radcliffe_nhs
2022-05-01 02:00:00,6.64323111804411e-30,0,0.0,500.0,john_radcliffe_nhs
2022-05-01 03:00:00,6.372117249567324e-30,0,0.0,500.0,john_radcliffe_nhs
2022-05-01 04:00:00,6.112067685248228e-30,0,0.0,500.0,john_radcliffe_nhs
2022-05-01 05:00:00,5.862630884827525e-30,0,0.0,500.0,john_radcliffe_nhs
2022-05-01 06:00:00,5.623373735649034e-30,0,0.0,500.0,john_radcliffe_nhs
2022-05-01 07:00:00,5.393880800618958e-30,0,0.0,500.0,john_radcliffe_nhs
2022-05-01 08:00:00,5.173753596857078e-30,0,0.0,500.0,john_radcliffe_nhs
2022-05-01 09:00:00,4.962609903785838e-30,0,0.0,500.0,john_radcliffe_nhs
2022-05-01 10:00:00,4.760083099456748e-30,0,0.0,500.0,john_radcliffe_nhs
2022-05-01 11:00:00,4.56582152396228e-30,0,0.0,500.0,john_radcliffe_nhs
2022-05-01 12:00:00,4.379487868826638e-30,0,0.0,500.0,john_radcliffe_nhs
2022-05-01 13:00:00,4.2007585913158604e-30,0,0.0,500.0,john_radcliffe_nhs
2022-05-01 14:00:00,4.029323352650789e-30,0,0.0,500.0,john_radcliffe_nhs
2022-05-01 15:00:00,3.86488447914632e-30,0,0.0,500.0,john_radcliffe_nhs
2022-05-01 16:00:00,3.707156445341875e-30,0,0.0,500.0,john_radcliffe_nhs
2022-05-01 17:00:00,3.555865378226099e-30,0,0.0,500.0,john_radcliffe_nhs
2022-05-01 18:00:00,3.410748581693904e-30,0,0.0,500.0,john_radcliffe_nhs
2022-05-01 19:00:00,3.271554080410724e-30,0,0.0,500.0,john_radcliffe_nhs
2022-05-01 20:00:00,3.138040182292333e-30,0,0.0,500.0,john_radcliffe_nhs
2022-05-01 21:00:00,3.009975058839673e-30,0,0.0,500.0,john_radcliffe_nhs
2022-05-01 22:00:00,2.887136342600458e-30,0,0.0,500.0,john_radcliffe_nhs
2022-05-01 23:00:00,2.7693107410589827e-30,0,0.0,500.0,john_radcliffe_nhs
2022-05-02 00:00:00,2.656293666282897e-30,0,0.0,500.0,john_radcliffe_nhs
2022-05-02 01:00:00,2.5478888796843212e-30,0,0.0,500.0,john_radcliffe_nhs
2022-05-02 02:00:00,2.443908151278803e-30,0,0.0,500.0,john_radcliffe_nhs
2022-05-02 03:00:00,2.344170932849735e-30,0,0.0,500.0,john_radcliffe_nhs
2022-05-02 04:00:00,2.2485040444511487e-30,0,0.0,500.0,john_radcliffe_nhs
2022-05-02 05:00:00,2.1567413737047887e-30,0,0.0,500.0,john_radcliffe_nhs
2022-05-02 06:00:00,2.0687235873687327e-30,0,0.0,500.0,john_radcliffe_nhs
2022-05-02 07:00:00,1.984297854677074e-30,0,0.0,500.0,john_radcliffe_nhs
2022-05-02 08:00:00,1.9033175819705215e-30,0,0.0,500.0,john_radcliffe_nhs
2022-05-02 09:00:00,1.8256421581565993e-30,0,0.0,500.0,john_radcliffe_nhs
2022-05-02 10:00:00,1.7511367105577756e-30,0,0.0,500.0,john_radcliffe_nhs
2022-05-02 11:00:00,1.6796718707237868e-30,0,0.0,500.0,john_radcliffe_nhs
2022-05-02 12:00:00,1.6111235498010547e-30,0,0.0,500.0,john_radcliffe_nhs
2022-05-02 13:00:00,1.5453727230694142e-30,0,0.0,500.0,john_radcliffe_nhs
2022-05-02 14:00:00,1.482305223272215e-30,0,0.0,500.0,john_radcliffe_nhs
2022-05-02 15:00:00,1.421811542380529e-30,0,0.0,500.0,john_radcliffe_nhs
2022-05-02 16:00:00,1.3637866414474796e-30,0,0.0,500.0,john_radcliffe_nhs
2022-05-02 17:00:00,1.3081297682226967e-30,0,0.0,500.0,john_radcliffe_nhs
2022-05-02 18:00:00,1.254744282209843e-30,0,0.0,500.0,john_radcliffe_nhs
2022-05-02 19:00:00,1.203537486863649e-30,0,0.0,500.0,john_radcliffe_nhs
2022-05-02 20:00:00,1.1544204686352344e-30,0,0.0,500.0,john_radcliffe_nhs
2022-05-02 21:00:00,1.107307942585918e-30,0,0.0,500.0,john_radcliffe_nhs
2022-05-02 22:00:00,1.0621181043016183e-30,0,0.0,500.0,john_radcliffe_nhs
2022-05-02 23:00:00,1.0187724878508516e-30,0,0.0,500.0,john_radcliffe_nhs
2022-05-03 00:00:00,9.771958295393936e-31,0,0.0,500.0,john_radcliffe_nhs
2022-05-03 01:00:00,9.373159372252005e-31,0,0.0,500.0,john_radcliffe_nhs
2022-05-03 02:00:00,8.990635649667789e-31,0,0.0,500.0,john_radcliffe_nhs
2022-05-03 03:00:00,8.623722927870991e-31,0,0.0,500.0,john_radcliffe_nhs
2022-05-03 04:00:00,8.271784113444164e-31,0,0.0,500.0,john_radcliffe_nhs
2022-05-03 05:00:00,7.934208113098466e-31,0,0.0,500.0,john_radcliffe_nhs
2022-05-03 06:00:00,7.610408772593908e-31,0,0.0,500.0,john_radcliffe_nhs
2022-05-03 07:00:00,7.299823858962938e-31,0,0.0,500.0,john_radcliffe_nhs
2022-05-03 08:00:00,7.001914084270962e-31,0,0.0,500.0,john_radcliffe_nhs
2022-05-03 09:00:00,6.716162169216757e-31,0,0.0,500.0,john_radcliffe_nhs
2022-05-03 10:00:00,6.442071944947922e-31,0,0.0,500.0,john_radcliffe_nhs
2022-05-03 11:00:00,6.179167491532578e-31,0,0.0,500.0,john_radcliffe_nhs
2022-05-03 12:00:00,5.926992311589624e-31,0,0.0,500.0,john_radcliffe_nhs
2022-05-03 13:00:00,5.685108537643662e-31,0,0.0,500.0,john_radcliffe_nhs
2022-05-03 14:00:00,5.4530961718289245e-31,0,0.0,500.0,john_radcliffe_nhs
2022-05-03 15:00:00,5.2305523566205545e-31,0,0.0,500.0,john_radcliffe_nhs
2022-05-03 16:00:00,5.01709067532777e-31,0,0.0,500.0,john_radcliffe_nhs
2022-05-03 17:00:00,4.81234048113494e-31,0,0.0,500.0,john_radcliffe_nhs
2022-05-03 18:00:00,4.615946253524196e-31,0,0.0,500.0,john_radcliffe_nhs
2022-05-03 19:00:00,4.427566980962813e-31,0,0.0,500.0,john_radcliffe_nhs
2022-05-03 20:00:00,4.246875568784046e-31,0,0.0,500.0,john_radcliffe_nhs
2022-05-03 21:00:00,4.0735582712320704e-31,0,0.0,500.0,john_radcliffe_nhs
2022-05-03 22:00:00,3.9073141466855104e-31,0,0.0,500.0,john_radcliffe_nhs
2022-05-03 23:00:00,3.747854535114113e-31,0,0.0,500.0,john_radcliffe_nhs
2022-05-04 00:00:00,3.5949025568601615e-31,0,0.0,500.0,john_radcliffe_nhs
2022-05-04 01:00:00,3.4481926318749343e-31,0,0.0,500.0,john_radcliffe_nhs
2022-05-04 02:00:00,3.307470018575833e-31,0,0.0,500.0,john_radcliffe_nhs
2022-05-04 03:00:00,3.172490371522535e-31,0,0.0,500.0,john_radcliffe_nhs
2022-05-04 04:00:00,3.0430193171446536e-31,0,0.0,500.0,john_radcliffe_nhs
2022-05-04 05:00:00,2.918832046784587e-31,0,0.0,500.0,john_radcliffe_nhs
2022-05-04 06:00:00,2.7997129263480896e-31,0,0.0,500.0,john_radcliffe_nhs
2022-05-04 07:00:00,2.6854551218852476e-31,0,0.0,500.0,john_radcliffe_nhs
2022-05-04 08:00:00,2.575860240452053e-31,0,0.0,500.0,john_radcliffe_nhs
2022-05-04 09:00:00,2.470737985628242e-31,0,0.0,500.0,john_radcliffe_nhs
2022-05-04 10:00:00,2.3699058270936682e-31,0,0.0,500.0,john_radcliffe_nhs
2022-05-04 11:00:00,2.2731886836897483e-31,0,0.0,500.0,john_radcliffe_nhs
2022-05-04 12:00:00,2.1804186194150267e-31,0,0.0,500.0,john_radcliffe_nhs
2022-05-04 13:00:00,2.0914345518273458e-31,0,0.0,500.0,john_radcliffe_nhs
2022-05-04 14:00:00,2.0060819723465563e-31,0,0.0,500.0,john_radcliffe_nhs
2022-05-04 15:00:00,1.9242126779715406e-31,0,0.0,500.0,john_radcliffe_nhs
2022-05-04 16:00:00,1.8456845139460338e-31,0,0.0,500.0,john_radcliffe_nhs
2022-05-04 17:00:00,1.770361126926632e-31,0,0.0,500.0,john_radcliffe_nhs
2022-05-04 18:00:00,1.698111728223894e-31,0,0.0,500.0,john_radcliffe_nhs
2022-05-04 19:00:00,1.6288108667057297e-31,0,0.0,500.0,john_radcliffe_nhs
2022-05-04 20:00:00,1.5623382109689263e-31,0,0.0,500.0,john_radcliffe_nhs
2022-05-04 21:00:00,1.4985783404001607e-31,0,0.0,500.0,john_radcliffe_nhs
2022-05-04 22:00:00,1.4374205447639369e-31,0,0.0,500.0,john_radcliffe_nhs
2022-05-04 23:00:00,1.3787586319696354e-31,0,0.0,500.0,john_radcliffe_nhs
2022-05-05 00:00:00,1.3224907436835053e-31,0,0.0,500.0,john_radcliffe_nhs
2022-05-05 01:00:00,1.268519178465636e-31,0,0.0,500.0,john_radcliffe_nhs
2022-05-05 02:00:00,1.2167502221249774e-31,0,0.0,500.0,john_radcliffe_nhs
2022-05-05 03:00:00,1.1670939849974916e-31,0,0.0,500.0,john_radcliffe_nhs
2022-05-05 04:00:00,1.1194642458650793e-31,0,0.0,500.0,john_radcliffe_nhs
2022-05-05 05:00:00,1.073778302244411e-31,0,0.0,500.0,john_radcliffe_nhs
2022-05-05 06:00:00,1.0299568267853984e-31,0,0.0,500.0,john_radcliffe_nhs
2022-05-05 07:00:00,9.879237295301325e-32,0,0.0,500.0,john_radcliffe_nhs
2022-05-05 08:00:00,9.476060257932382e-32,0,0.0,500.0,john_radcliffe_nhs
2022-05-05 09:00:00,9.089337094339728e-32,0,0.0,500.0,john_radcliffe_nhs
2022-05-05 10:00:00,8.718396313001634e-32,0,0.0,500.0,john_radcliffe_nhs
2022-05-05 11:00:00,8.36259382633031e-32,0,0.0,500.0,john_radcliffe_nhs
2022-05-05 12:00:00,8.021311832302076e-32,0,0.0,500.0,john_radcliffe_nhs
2022-05-05 13:00:00,7.693957741728899e-32,0,0.0,500.0,john_radcliffe_nhs
2022-05-05 14:00:00,7.379963149309557e-32,0,0.0,500.0,john_radcliffe_nhs
2022-05-05 15:00:00,7.078782846671749e-32,0,0.0,500.0,john_radcliffe_nhs
2022-05-05 16:00:00,6.789893875692522e-32,0,0.0,500.0,john_radcliffe_nhs
2022-05-05 17:00:00,6.512794620454142e-32,0,0.0,500.0,john_radcliffe_nhs
2022-05-05 18:00:00,6.247003936256784e-32,0,0.0,500.0,john_radcliffe_nhs
2022-05-05 19:00:00,5.992060314176763e-32,0,0.0,500.0,john_radcliffe_nhs
2022-05-05 20:00:00,5.747521079720395e-32,0,0.0,500.0,john_radcliffe_nhs
2022-05-05 21:00:00,5.512961624180387e-32,0,0.0,500.0,john_radcliffe_nhs
2022-05-05 22:00:00,5.287974667361072e-32,0,0.0,500.0,john_radcliffe_nhs
2022-05-05 23:00:00,5.072169550392918e-32,0,0.0,500.0,john_radcliffe_nhs
2022-05-06 00:00:00,4.8651715574069317e-32,0,0.0,500.0,john_radcliffe_nhs
2022-05-06 01:00:00,4.666621264891952e-32,0,0.0,500.0,john_radcliffe_nhs
2022-05-06 02:00:00,4.476173917605651e-32,0,0.0,500.0,john_radcliffe_nhs
2022-05-06 03:00:00,4.2934988299542887e-32,0,0.0,500.0,john_radcliffe_nhs
2022-05-06 04:00:00,4.1182788118025553e-32,0,0.0,500.0,john_radcliffe_nhs
2022-05-06 05:00:00,3.9502096177169406e-32,0,0.0,500.0,john_radcliffe_nhs
2022-05-06 06:00:00,3.7889994186852444e-32,0,0.0,500.0,john_radcliffe_nhs
2022-05-06 07:00:00,3.634368295395522e-32,0,0.0,500.0,john_radcliffe_nhs
2022-05-06 08:00:00,3.486047752195079e-32,0,0.0,500.0,john_radcliffe_nhs
2022-05-06 09:00:00,3.3437802508845604e-32,0,0.0,500.0,john_radcliffe_nhs
2022-05-06 10:00:00,3.2073187635382044e-32,0,0.0,500.0,john_radcliffe_nhs
2022-05-06 11:00:00,3.0764263435741484e-32,0,0.0,500.0,john_radcliffe_nhs
2022-05-06 12:00:00,2.950875714329166e-32,0,0.0,500.0,john_radcliffe_nhs
2022-05-06 13:00:00,2.8304488744239195e-32,0,0.0,500.0,john_radcliffe_nhs
2022-05-06 14:00:00,2.714936719233838e-32,0,0.0,500.0,john_radcliffe_nhs
2022-05-06 15:00:00,2.604138677807594e-32,0,0.0,500.0,john_radcliffe_nhs
2022-05-06 16:00:00,2.4978623646031633e-32,0,0.0,500.0,john_radcliffe_nhs
2022-05-06 17:00:00,2.3959232454370455e-32,0,0.0,500.0,john_radcliffe_nhs
2022-05-06 18:00:00,2.2981443170659456e-32,0,0.0,500.0,john_radcliffe_nhs
2022-05-06 19:00:00,2.204355799844925e-32,0,0.0,500.0,john_radcliffe_nhs
2022-05-06 20:00:00,2.1143948429286237e-32,0,0.0,500.0,john_radcliffe_nhs
2022-05-06 21:00:00,2.0281052415030873e-32,0,0.0,500.0,john_radcliffe_nhs
2022-05-06 22:00:00,1.9453371655575348e-32,0,0.0,500.0,john_radcliffe_nhs
2022-05-06 23:00:00,1.8659468997253525e-32,0,0.0,500.0,john_radcliffe_nhs
2022-05-07 00:00:00,1.7897965937420576e-32,0,0.0,500.0,john_radcliffe_nhs
2022-05-07 01:00:00,1.7167540230872209e-32,0,0.0,500.0,john_radcliffe_nhs
2022-05-07 02:00:00,1.6466923593949526e-32,0,0.0,500.0,john_radcliffe_nhs
2022-05-07 03:00:00,1.5794899502338253e-32,0,0.0,500.0,john_radcliffe_nhs
2022-05-07 04:00:00,1.5150301078741153e-32,0,0.0,500.0,john_radcliffe_nhs
2022-05-07 05:00:00,1.4532009066757647e-32,0,0.0,500.0,john_radcliffe_nhs
2022-05-07 06:00:00,1.3938949887448473e-32,0,0.0,500.0,john_radcliffe_nhs
2022-05-07 07:00:00,1.3370093775213123e-32,0,0.0,500.0,john_radcliffe_nhs
2022-05-07 08:00:00,1.2824452989744883e-32,0,0.0,500.0,john_radcliffe_nhs
2022-05-07 09:00:00,1.2301080100955174e-32,0,0.0,500.0,john_radcliffe_nhs
2022-05-07 10:00:00,1.179906634389116e-32,0,0.0,500.0,john_radcliffe_nhs
2022-05-07 11:00:00,1.1317540040791611e-32,0,0.0,500.0,john_radcliffe_nhs
2022-05-07 12:00:00,1.0855665087537942e-32,0,0.0,500.0,john_radcliffe_nhs
2022-05-07 13:00:00,1.0412639501874094e-32,0,0.0,500.0,john_radcliffe_nhs
2022-05-07 14:00:00,9.987694030875732e-33,0,0.0,500.0,john_radcliffe_nhs
2022-05-07 15:00:00,9.580090815247965e-33,0,0.0,500.0,john_radcliffe_nhs
2022-05-07 16:00:00,9.189122108133892e-33,0,0.0,500.0,john_radcliffe_nhs
2022-05-07 17:00:00,8.814109046210487e-33,0,0.0,500.0,john_radcliffe_nhs
2022-05-07 18:00:00,8.454400470935462e-33,0,0.0,500.0,john_radcliffe_nhs
2022-05-07 19:00:00,8.109371797899788e-33,0,0.0,500.0,john_radcliffe_nhs
2022-05-07 20:00:00,7.778423932323617e-33,0,0.0,500.0,john_radcliffe_nhs
2022-05-07 21:00:00,7.46098222881029e-33,0,0.0,500.0,john_radcliffe_nhs
2022-05-07 22:00:00,7.156495493553435e-33,0,0.0,500.0,john_radcliffe_nhs
2022-05-07 23:00:00,6.86443502726548e-33,0,0.0,500.0,john_radcliffe_nhs
2022-05-08 00:00:00,6.584293707163792e-33,0,0.0,500.0,john_radcliffe_nhs
2022-05-08 01:00:00,6.315585106421521e-33,0,0.0,500.0,john_radcliffe_nhs
2022-05-08 02:00:00,6.057842649554989e-33,0,0.0,500.0,john_radcliffe_nhs
2022-05-08 03:00:00,5.8106188022792884e-33,0,0.0,500.0,john_radcliffe_nhs
2022-05-08 04:00:00,5.573484294426395e-33,0,0.0,500.0,john_radcliffe_nhs
2022-05-08 05:00:00,5.346027374577137e-33,0,0.0,500.0,john_radcliffe_nhs
2022-05-08 06:00:00,5.127853095111284e-33,0,0.0,500.0,john_radcliffe_nhs
2022-05-08 07:00:00,4.9185826264351825e-33,0,0.0,500.0,john_radcliffe_nhs
2022-05-08 08:00:00,4.71785259919678e-33,0,0.0,500.0,john_radcliffe_nhs
2022-05-08 09:00:00,4.525314473344538e-33,0,0.0,500.0,john_radcliffe_nhs
2022-05-08 10:00:00,4.3406339329354535e-33,0,0.0,500.0,john_radcliffe_nhs
2022-05-08 11:00:00,4.16349030564184e-33,0,0.0,500.0,john_radcliffe_nhs
2022-05-08 12:00:00,3.9935760059477956e-33,0,0.0,500.0,john_radcliffe_nhs
2022-05-08 13:00:00,3.8305960010691275e-33,0,0.0,500.0,john_radcliffe_nhs
2022-05-08 14:00:00,3.674267298669915e-33,0,0.0,500.0,john_radcliffe_nhs
2022-05-08 15:00:00,3.524318455485089e-33,0,0.0,500.0,john_radcliffe_nhs
2022-05-08 16:00:00,3.3804891059964425e-33,0,0.0,500.0,john_radcliffe_nhs
2022-05-08 17:00:00,3.2425295103440685e-33,0,0.0,500.0,john_radcliffe_nhs
2022-05-08 18:00:00,3.1102001206873166e-33,0,0.0,500.0,john_radcliffe_nhs
2022-05-08 19:00:00,2.9832711652628285e-33,0,0.0,500.0,john_radcliffe_nhs
2022-05-08 20:00:00,2.8615222494177852e-33,0,0.0,500.0,john_radcliffe_nhs
2022-05-08 21:00:00,2.7447419729247914e-33,0,0.0,500.0,john_radcliffe_nhs
2022-05-08 22:00:00,2.632727562914383e-33,0,0.0,500.0,john_radcliffe_nhs
2022-05-08 23:00:00,2.525284521788099e-33,0,0.0,500.0,john_radcliffe_nhs
2022-05-09 00:00:00,2.4222262895000598e-33,0,0.0,500.0,john_radcliffe_nhs
2022-05-09 01:00:00,2.3233739196210334e-33,0,0.0,500.0,john_radcliffe_nhs
2022-05-09 02:00:00,2.2285557686228188e-33,0,0.0,500.0,john_radcliffe_nhs
2022-05-09 03:00:00,2.13760719784278e-33,0,0.0,500.0,john_radcliffe_nhs
2022-05-09 04:00:00,2.0503702876113925e-33,0,0.0,500.0,john_radcliffe_nhs
2022-05-09 05:00:00,1.96669356304667e-33,0,0.0,500.0,john_radcliffe_nhs
2022-05-09 06:00:00,1.8864317310387896e-33,0,0.0,500.0,john_radcliffe_nhs
2022-05-09 07:00:00,1.8094454279685403e-33,0,0.0,500.0,john_radcliffe_nhs
2022-05-09 08:00:00,1.735600977721748e-33,0,0.0,500.0,john_radcliffe_nhs
2022-05-09 09:00:00,1.6647701595790287e-33,0,0.0,500.0,john_radcliffe_nhs
2022-05-09 10:00:00,1.5968299855780944e-33,0,0.0,500.0,john_radcliffe_nhs
2022-05-09 11:00:00,1.531662486962238e-33,0,0.0,500.0,john_radcliffe_nhs
2022-05-09 12:00:00,1.4691545093437553e-33,0,0.0,500.0,john_radcliffe_nhs
2022-05-09 13:00:00,1.4091975162268725e-33,0,0.0,500.0,john_radcliffe_nhs
2022-05-09 14:00:00,1.3516874005491933e-33,0,0.0,500.0,john_radcliffe_nhs
2022-05-09 15:00:00,1.296524303914055e-33,0,0.0,500.0,john_radcliffe_nhs
2022-05-09 16:00:00,1.2436124432001199e-33,0,0.0,500.0,john_radcliffe_nhs
2022-05-09 17:00:00,1.1928599442472863e-33,0,0.0,500.0,john_radcliffe_nhs
2022-05-09 18:00:00,1.1441786823298022e-33,0,0.0,500.0,john_radcliffe_nhs
2022-05-09 19:00:00,1.097484129139767e-33,0,0.0,500.0,john_radcliffe_nhs
2022-05-09 20:00:00,1.0526952060154633e-33,0,0.0,500.0,john_radcliffe_nhs
2022-05-09 21:00:00,1.0097341431593744e-33,0,0.0,500.0,john_radcliffe_nhs
2022-05-09 22:00:00,9.685263446015964e-34,0,0.0,500.0,john_radcliffe_nhs
2022-05-09 23:00:00,9.29000258674299e-34,0,0.0,500.0,john_radcliffe_nhs
2022-05-10 00:00:00,8.910872537720581e-34,0,0.0,500.0,john_radcliffe_nhs
2022-05-10 01:00:00,8.547214991824894e-34,0,0.0,500.0,john_radcliffe_nhs
2022-05-10 02:00:00,8.198398507803567e-34,0,0.0,500.0,john_radcliffe_nhs
2022-05-10 03:00:00,7.863817413864547e-34,0,0.0,500.0,john_radcliffe_nhs
2022-05-10 04:00:00,7.542890756010086e-34,0,0.0,500.0,john_radcliffe_nhs
2022-05-10 05:00:00,7.235061289290817e-34,0,0.0,500.0,john_radcliffe_nhs
2022-05-10 06:00:00,6.939794510226267e-34,0,0.0,500.0,john_radcliffe_nhs
2022-05-10 07:00:00,6.656577728712878e-34,0,0.0,500.0,john_radcliffe_nhs
2022-05-10 08:00:00,6.384919177808855e-34,0,0.0,500.0,john_radcliffe_nhs
2022-05-10 09:00:00,6.1243471598482595e-34,0,0.0,500.0,john_radcliffe_nhs
2022-05-10 10:00:00,5.874409227402715e-34,0,0.0,500.0,john_radcliffe_nhs
2022-05-10 11:00:00,5.634671397669297e-34,0,0.0,500.0,john_radcliffe_nhs
2022-05-10 12:00:00,5.404717398918853e-34,0,0.0,500.0,john_radcliffe_nhs
2022-05-10 13:00:00,5.184147947697263e-34,0,0.0,500.0,john_radcliffe_nhs
2022-05-10 14:00:00,4.972580055525167e-34,0,0.0,500.0,john_radcliffe_nhs
2022-05-10 15:00:00,4.769646363890959e-34,0,0.0,500.0,john_radcliffe_nhs
2022-05-10 16:00:00,4.574994506383122e-34,0,0.0,500.0,john_radcliffe_nhs
2022-05-10 17:00:00,4.388286496854896e-34,0,0.0,500.0,john_radcliffe_nhs
2022-05-10 18:00:00,4.2091981425576495e-34,0,0.0,500.0,john_radcliffe_nhs
2022-05-10 19:00:00,4.037418481224646e-34,0,0.0,500.0,john_radcliffe_nhs
2022-05-10 20:00:00,3.87264924112825e-34,0,0.0,500.0,john_radcliffe_nhs
2022-05-10 21:00:00,3.7146043231719574e-34,0,0.0,500.0,john_radcliffe_nhs
2022-05-10 22:00:00,3.5630093041185504e-34,0,0.0,500.0,john_radcliffe_nhs
2022-05-10 23:00:00,3.4176009600922647e-34,0,0.0,500.0,john_radcliffe_nhs
2022-05-11 00:00:00,3.2781268095266e-34,0,0.0,500.0,john_radcliffe_nhs
2022-05-11 01:00:00,3.1443446747647153e-34,0,0.0,500.0,john_radcliffe_nhs
2022-05-11 02:00:00,3.0160222615515633e-34,0,0.0,500.0,john_radcliffe_nhs
2022-05-11 03:00:00,2.8929367556867463e-34,0,0.0,500.0,john_radcliffe_nhs
2022-05-11 04:00:00,2.7748744361382284e-34,0,0.0,500.0,john_radcliffe_nhs
2022-05-11 05:00:00,2.661630303945441e-34,0,0.0,500.0,john_radcliffe_nhs
2022-05-11 06:00:00,2.5530077262666824e-34,0,0.0,500.0,john_radcliffe_nhs
2022-05-11 07:00:00,2.448818094953163e-34,0,0.0,500.0,john_radcliffe_nhs
2022-05-11 08:00:00,2.348880499057147e-34,0,0.0,500.0,john_radcliffe_nhs
2022-05-11 09:00:00,2.2530214107048875e-34,0,0.0,500.0,john_radcliffe_nhs
2022-05-11 10:00:00,2.1610743837892754e-34,0,0.0,500.0,john_radcliffe_nhs
2022-05-11 11:00:00,2.0728797649592907e-34,0,0.0,500.0,john_radcliffe_nhs
2022-05-11 12:00:00,1.988284416403839e-34,0,0.0,500.0,john_radcliffe_nhs
2022-05-11 13:00:00,1.907141449948949e-34,0,0.0,500.0,john_radcliffe_nhs
2022-05-11 14:00:00,1.8293099720068585e-34,0,0.0,500.0,john_radcliffe_nhs
2022-05-11 15:00:00,1.7546548389336075e-34,0,0.0,500.0,john_radcliffe_nhs
2022-05-11 16:00:00,1.6830464223706413e-34,0,0.0,500.0,john_radcliffe_nhs
2022-05-11 17:00:00,1.6143603841631653e-34,0,0.0,500.0,john_radcliffe_nhs
2022-05-11 18:00:00,1.548477460463981e-34,0,0.0,500.0,john_radcliffe_nhs
2022-05-11 19:00:00,1.4852832546481757e-34,0,0.0,500.0,john_radcliffe_nhs
2022-05-11 20:00:00,1.4246680386792707e-34,0,0.0,500.0,john_radcliffe_nhs
2022-05-11 21:00:00,1.3665265625815233e-34,0,0.0,500.0,john_radcliffe_nhs
2022-05-11 22:00:00,1.3107578716877821e-34,0,0.0,500.0,john_radcliffe_nhs
2022-05-11 23:00:00,1.2572651313457273e-34,0,0.0,500.0,john_radcliffe_nhs
2022-05-12 00:00:00,1.2059554587777686e-34,0,0.0,500.0,john_radcliffe_nhs
2022-05-12 01:00:00,1.1567397618028443e-34,0,0.0,500.0,john_radcliffe_nhs
2022-05-12 02:00:00,1.1095325841402187e-34,0,0.0,500.0,john_radcliffe_nhs
2022-05-12 03:00:00,1.0642519570263657e-34,0,0.0,500.0,john_radcliffe_nhs
2022-05-12 04:00:00,1.0208192568874526e-34,0,0.0,500.0,john_radcliffe_nhs
2022-05-12 05:00:00,9.79159068820425e-35,0,0.0,500.0,john_radcliffe_nhs
2022-05-12 06:00:00,9.391990556453617e-35,0,0.0,500.0,john_radcliffe_nhs
2022-05-12 07:00:00,9.008698323018853e-35,0,0.0,500.0,john_radcliffe_nhs
2022-05-12 08:00:00,8.641048453716416e-35,0,0.0,500.0,john_radcliffe_nhs
2022-05-12 09:00:00,8.288402575174087e-35,0,0.0,500.0,john_radcliffe_nhs
2022-05-12 10:00:00,7.950148366383177e-35,0,0.0,500.0,john_radcliffe_nhs
2022-05-12 11:00:00,7.625698495488145e-35,0,0.0,500.0,john_radcliffe_nhs
2022-05-12 12:00:00,7.314489599965316e-35,0,0.0,500.0,john_radcliffe_nhs
2022-05-12 13:00:00,7.015981308421135e-35,0,0.0,500.0,john_radcliffe_nhs
2022-05-12 14:00:00,6.729655302312299e-35,0,0.0,500.0,john_radcliffe_nhs
2022-05-12 15:00:00,6.455014415956628e-35,0,0.0,500.0,john_radcliffe_nhs
2022-05-12 16:00:00,6.191581773273069e-35,0,0.0,500.0,john_radcliffe_nhs
2022-05-12 17:00:00,5.938899959752602e-35,0,0.0,500.0,john_radcliffe_nhs
2022-05-12 18:00:00,5.696530228220635e-35,0,0.0,500.0,john_radcliffe_nhs
2022-05-12 19:00:00,5.46405173701272e-35,0,0.0,500.0,john_radcliffe_nhs
2022-05-12 20:00:00,5.24106081924145e-35,0,0.0,500.0,john_radcliffe_nhs
2022-05-12 21:00:00,5.027170281884228e-35,0,0.0,500.0,john_radcliffe_nhs
2022-05-12 22:00:00,4.822008733475703e-35,0,0.0,500.0,john_radcliffe_nhs
2022-05-12 23:00:00,4.6252199392380616e-35,0,0.0,500.0,john_radcliffe_nhs
2022-05-13 00:00:00,4.436462202528159e-35,0,0.0,500.0,john_radcliffe_nhs
2022-05-13 01:00:00,4.255407771528176e-35,0,0.0,500.0,john_radcliffe_nhs
2022-05-13 02:00:00,4.0817422701500997e-35,0,0.0,500.0,john_radcliffe_nhs
2022-05-13 03:00:00,3.9151641521647317e-35,0,0.0,500.0,john_radcliffe_nhs
2022-05-13 04:00:00,3.7553841776080307e-35,0,0.0,500.0,john_radcliffe_nhs
2022-05-13 05:00:00,3.602124910556078e-35,0,0.0,500.0,john_radcliffe_nhs
2022-05-13 06:00:00,3.45512023739562e-35,0,0.0,500.0,john_radcliffe_nhs
2022-05-13 07:00:00,3.314114904754286e-35,0,0.0,500.0,john_radcliffe_nhs
2022-05-13 08:00:00,3.1788640762885515e-35,0,0.0,500.0,john_radcliffe_nhs
2022-05-13 09:00:00,3.0491329075589864e-35,0,0.0,500.0,john_radcliffe_nhs
2022-05-13 10:00:00,2.9246961382550985e-35,0,0.0,500.0,john_radcliffe_nhs
2022-05-13 11:00:00,2.805337701062088e-35,0,0.0,500.0,john_radcliffe_nhs
2022-05-13 12:00:00,2.690850346489567e-35,0,0.0,500.0,john_radcliffe_nhs
2022-05-13 13:00:00,2.581035283011252e-35,0,0.0,500.0,john_radcliffe_nhs
2022-05-13 14:00:00,2.475701831891082e-35,0,0.0,500.0,john_radcliffe_nhs
2022-05-13 15:00:00,2.3746670960957282e-35,0,0.0,500.0,john_radcliffe_nhs
2022-05-13 16:00:00,2.2777556427189847e-35,0,0.0,500.0,john_radcliffe_nhs
2022-05-13 17:00:00,2.1847991983668884e-35,0,0.0,500.0,john_radcliffe_nhs
2022-05-13 18:00:00,2.0956363569740355e-35,0,0.0,500.0,john_radcliffe_nhs
2022-05-13 19:00:00,2.0101122995440883e-35,0,0.0,500.0,john_radcliffe_nhs
2022-05-13 20:00:00,1.9280785253280862e-35,0,0.0,500.0,john_radcliffe_nhs
2022-05-13 21:00:00,1.849392593973252e-35,0,0.0,500.0,john_radcliffe_nhs
2022-05-13 22:00:00,1.773917878194856e-35,0,0.0,500.0,john_radcliffe_nhs
2022-05-13 23:00:00,1.7015233265419104e-35,0,0.0,500.0,john_radcliffe_nhs
2022-05-14 00:00:00,1.6320832358442855e-35,0,0.0,500.0,john_radcliffe_nhs
2022-05-14 01:00:00,1.5654770329463982e-35,0,0.0,500.0,john_radcliffe_nhs
2022-05-14 02:00:00,1.501589065348673e-35,0,0.0,500.0,john_radcliffe_nhs
2022-05-14 03:00:00,1.4403084003928256e-35,0,0.0,500.0,john_radcliffe_nhs
2022-05-14 04:00:00,1.381528632642519e-35,0,0.0,500.0,john_radcliffe_nhs
2022-05-14 05:00:00,1.3251476991251014e-35,0,0.0,500.0,john_radcliffe_nhs
2022-05-14 06:00:00,1.2710677021132415e-35,0,0.0,500.0,john_radcliffe_nhs
2022-05-14 07:00:00,1.2191947391389545e-35,0,0.0,500.0,john_radcliffe_nhs
2022-05-14 08:00:00,1.1694387399450055e-35,0,0.0,500.0,john_radcliffe_nhs
2022-05-14 09:00:00,1.121713310090255e-35,0,0.0,500.0,john_radcliffe_nhs
2022-05-14 10:00:00,1.075935580937561e-35,0,0.0,500.0,john_radcliffe_nhs
2022-05-14 11:00:00,1.0320260657638995e-35,0,0.0,500.0,john_radcliffe_nhs
2022-05-14 12:00:00,9.899085217425639e-36,0,0.0,500.0,john_radcliffe_nhs
2022-05-14 13:00:00,9.495098175579547e-36,0,0.0,500.0,john_radcliffe_nhs
2022-05-14 14:00:00,9.107598064232074e-36,0,0.0,500.0,john_radcliffe_nhs
2022-05-14 15:00:00,8.735912042799082e-36,0,0.0,500.0,john_radcliffe_nhs
2022-05-14 16:00:00,8.379394729685594e-36,0,0.0,500.0,john_radcliffe_nhs
2022-05-14 17:00:00,8.03742708167026e-36,0,0.0,500.0,john_radcliffe_nhs
2022-05-14 18:00:00,7.709415319021655e-36,0,0.0,500.0,john_radcliffe_nhs
2022-05-14 19:00:00,7.39478989448122e-36,0,0.0,500.0,john_radcliffe_nhs
2022-05-14 20:00:00,7.093004504323549e-36,0,0.0,500.0,john_radcliffe_nhs
2022-05-14 21:00:00,6.803535139774841e-36,0,0.0,500.0,john_radcliffe_nhs
2022-05-14 22:00:00,6.525879177143544e-36,0,0.0,500.0,john_radcliffe_nhs
2022-05-14 23:00:00,6.259554505084116e-36,0,0.0,500.0,john_radcliffe_nhs
2022-05-15 00:00:00,6.00409868747675e-36,0,0.0,500.0,john_radcliffe_nhs
2022-05-15 01:00:00,5.7590681604704855e-36,0,0.0,500.0,john_radcliffe_nhs
2022-05-15 02:00:00,5.524037462296182e-36,0,0.0,500.0,john_radcliffe_nhs
2022-05-15 03:00:00,5.298598494510467e-36,0,0.0,500.0,john_radcliffe_nhs
2022-05-15 04:00:00,5.0823598133887674e-36,0,0.0,500.0,john_radcliffe_nhs
2022-05-15 05:00:00,4.874945950237649e-36,0,0.0,500.0,john_radcliffe_nhs
2022-05-15 06:00:00,4.675996759444887e-36,0,0.0,500.0,john_radcliffe_nhs
2022-05-15 07:00:00,4.48516679313601e-36,0,0.0,500.0,john_radcliffe_nhs
2022-05-15 08:00:00,4.302124701352043e-36,0,0.0,500.0,john_radcliffe_nhs
2022-05-15 09:00:00,4.126552656705718e-36,0,0.0,500.0,john_radcliffe_nhs
2022-05-15 10:00:00,3.958145802517811e-36,0,0.0,500.0,john_radcliffe_nhs
2022-05-15 11:00:00,3.796611723475855e-36,0,0.0,500.0,john_radcliffe_nhs
2022-05-15 12:00:00,3.64166993789503e-36,0,0.0,500.0,john_radcliffe_nhs
2022-05-15 13:00:00,3.493051410700186e-36,0,0.0,500.0,john_radcliffe_nhs
2022-05-15 14:00:00,3.350498086283805e-36,0,0.0,500.0,john_radcliffe_nhs
2022-05-15 15:00:00,3.2137624404277994e-36,0,0.0,500.0,john_radcliffe_nhs
2022-05-15 16:00:00,3.082607050511665e-36,0,0.0,500.0,john_radcliffe_nhs
2022-05-15 17:00:00,2.9568041832610724e-36,0,0.0,500.0,john_radcliffe_nhs
2022-05-15 18:00:00,2.836135399320243e-36,0,0.0,500.0,john_radcliffe_nhs
2022-05-15 19:00:00,2.7203911739619802e-36,0,0.0,500.0,john_radcliffe_nhs
2022-05-15 20:00:00,2.6093705332770704e-36,0,0.0,500.0,john_radcliffe_nhs
2022-05-15 21:00:00,2.5028807052106394e-36,0,0.0,500.0,john_radcliffe_nhs
2022-05-15 22:00:00,2.4007367848399184e-36,0,0.0,500.0,john_radcliffe_nhs
2022-05-15 23:00:00,2.3027614133125286e-36,0,0.0,500.0,john_radcliffe_nhs
2022-05-16 00:00:00,2.208784469887137e-36,0,0.0,500.0,john_radcliffe_nhs
2022-05-16 01:00:00,2.1186427765421283e-36,0,0.0,500.0,john_radcliffe_nhs
2022-05-16 02:00:00,2.032179814639632e-36,0,0.0,500.0,john_radcliffe_nhs
2022-05-16 03:00:00,1.949245453152356e-36,0,0.0,500.0,john_radcliffe_nhs
2022-05-16 04:00:00,1.8696956879816557e-36,0,0.0,500.0,john_radcliffe_nhs
2022-05-16 05:00:00,1.7933923919144122e-36,0,0.0,500.0,john_radcliffe_nhs
2022-05-16 06:00:00,1.7202030747840602e-36,0,0.0,500.0,john_radcliffe_nhs
2022-05-16 07:00:00,1.650000653419585e-36,0,0.0,500.0,john_radcliffe_nhs
2022-05-16 08:00:00,1.5826632309832478e-36,0,0.0,500.0,john_radcliffe_nhs
2022-05-16 09:00:00,1.5180738853134303e-36,0,0.0,500.0,john_radcliffe_nhs
2022-05-16 10:00:00,1.4561204659053424e-36,0,0.0,500.0,john_radcliffe_nhs
2022-05-16 11:00:00,1.3966953991772441e-36,0,0.0,500.0,john_radcliffe_nhs
2022-05-16 12:00:00,1.3396955016836644e-36,0,0.0,500.0,john_radcliffe_nhs
2022-05-16 13:00:00,1.2850218009515026e-36,0,0.0,500.0,john_radcliffe_nhs
2022-05-16 14:00:00,1.2325793636280731e-36,0,0.0,500.0,john_radcliffe_nhs
2022-05-16 15:00:00,1.1822771306423495e-36,0,0.0,500.0,john_radcliffe_nhs
2022-05-16 16:00:00,1.1340277590933797e-36,0,0.0,500.0,john_radcliffe_nhs
2022-05-16 17:00:00,1.0877474705914662e-36,0,0.0,500.0,john_radcliffe_nhs
2022-05-16 18:00:00,1.0433559057884764e-36,0,0.0,500.0,john_radcliffe_nhs
2022-05-16 19:00:00,1.0007759848448571e-36,0,0.0,500.0,john_radcliffe_nhs
2022-05-16 20:00:00,9.599337735911971e-37,0,0.0,500.0,john_radcliffe_nhs
2022-05-16 21:00:00,9.207583551516755e-37,0,0.0,500.0,john_radcliffe_nhs
2022-05-16 22:00:00,8.831817068066346e-37,0,0.0,500.0,john_radcliffe_nhs
2022-05-16 23:00:00,8.471385818805737e-37,0,0.0,500.0,john_radcliffe_nhs
2022-05-17 00:00:00,8.125663964502405e-37,0,0.0,500.0,john_radcliffe_nhs
2022-05-17 01:00:00,7.794051206762312e-37,0,0.0,500.0,john_radcliffe_nhs
2022-05-17 02:00:00,7.4759717456951304e-37,0,0.0,500.0,john_radcliffe_nhs
2022-05-17 03:00:00,7.170873280116636e-37,0,0.0,500.0,john_radcliffe_nhs
2022-05-17 04:00:00,6.878226048553468e-37,0,0.0,500.0,john_radcliffe_nhs
2022-05-17 05:00:00,6.597521909385902e-37,0,0.0,500.0,john_radcliffe_nhs
2022-05-17 06:00:00,6.328273458529569e-37,0,0.0,500.0,john_radcliffe_nhs
2022-05-17 07:00:00,6.070013183125117e-37,0,0.0,500.0,john_radcliffe_nhs
2022-05-17 08:00:00,5.822292649767065e-37,0,0.0,500.0,john_radcliffe_nhs
2022-05-17 09:00:00,5.5846817258606495e-37,0,0.0,500.0,john_radcliffe_nhs
2022-05-17 10:00:00,5.356767832755576e-37,0,0.0,500.0,john_radcliffe_nhs
2022-05-17 11:00:00,5.138155229360491e-37,0,0.0,500.0,john_radcliffe_nhs
2022-05-17 12:00:00,4.928464324992815e-37,0,0.0,500.0,john_radcliffe_nhs
2022-05-17 13:00:00,4.727331020271592e-37,0,0.0,500.0,john_radcliffe_nhs
2022-05-17 14:00:00,4.5344060749094746e-37,0,0.0,500.0,john_radcliffe_nhs
2022-05-17 15:00:00,4.349354501304839e-37,0,0.0,500.0,john_radcliffe_nhs
2022-05-17 16:00:00,4.171854982881755e-37,0,0.0,500.0,john_radcliffe_nhs
2022-05-17 17:00:00,4.001599316168385e-37,0,0.0,500.0,john_radcliffe_nhs
2022-05-17 18:00:00,3.838291875643887e-37,0,0.0,500.0,john_radcliffe_nhs
2022-05-17 19:00:00,3.681649100425259e-37,0,0.0,500.0,john_radcliffe_nhs
2022-05-17 20:00:00,3.531399001903234e-37,0,0.0,500.0,john_radcliffe_nhs
2022-05-17 21:00:00,3.387280691471348e-37,0,0.0,500.0,john_radcliffe_nhs
2022-05-17 22:00:00,3.249043927528653e-37,0,0.0,500.0,john_radcliffe_nhs
2022-05-17 23:00:00,3.116448680969936e-37,0,0.0,500.0,john_radcliffe_nhs
2022-05-18 00:00:00,2.989264718408071e-37,0,0.0,500.0,john_radcliffe_nhs
2022-05-18 01:00:00,2.8672712024053248e-37,0,0.0,500.0,john_radcliffe_nhs
2022-05-18 02:00:00,2.750256308019817e-37,0,0.0,500.0,john_radcliffe_nhs
2022-05-18 03:00:00,2.6380168550005354e-37,0,0.0,500.0,john_radcliffe_nhs
2022-05-18 04:00:00,2.530357954992708e-37,0,0.0,500.0,john_radcliffe_nhs
2022-05-18 05:00:00,2.4270926731412332e-37,0,0.0,500.0,john_radcliffe_nhs
2022-05-18 06:00:00,2.3280417035039284e-37,0,0.0,500.0,john_radcliffe_nhs
2022-05-18 07:00:00,2.233033057711387e-37,0,0.0,500.0,john_radcliffe_nhs
2022-05-18 08:00:00,2.1419017663329344e-37,0,0.0,500.0,john_radcliffe_nhs
2022-05-18 09:00:00,2.0544895924299818e-37,0,0.0,500.0,john_radcliffe_nhs
2022-05-18 10:00:00,1.9706447567993078e-37,0,0.0,500.0,john_radcliffe_nhs
2022-05-18 11:00:00,1.8902216744292887e-37,0,0.0,500.0,john_radcliffe_nhs
2022-05-18 12:00:00,1.8130807017117468e-37,0,0.0,500.0,john_radcliffe_nhs
2022-05-18 13:00:00,1.7390878939699623e-37,0,0.0,500.0,john_radcliffe_nhs
2022-05-18 14:00:00,1.6681147728821144e-37,0,0.0,500.0,john_radcliffe_nhs
2022-05-18 15:00:00,1.6000381033965213e-37,0,0.0,500.0,john_radcliffe_nhs
2022-05-18 16:00:00,1.5347396797508586e-37,0,0.0,500.0,john_radcliffe_nhs
2022-05-18 17:00:00,1.4721061202240718e-37,0,0.0,500.0,john_radcliffe_nhs
2022-05-18 18:00:00,1.4120286702647607e-37,0,0.0,500.0,john_radcliffe_nhs
2022-05-18 19:00:00,1.3544030136538068e-37,0,0.0,500.0,john_radcliffe_nhs
2022-05-18 20:00:00,1.2991290913735695e-37,0,0.0,500.0,john_radcliffe_nhs
2022-05-18 21:00:00,1.2461109278692962e-37,0,0.0,500.0,john_radcliffe_nhs
2022-05-18 22:00:00,1.195256464400726e-37,0,0.0,500.0,john_radcliffe_nhs
2022-05-18 23:00:00,1.1464773991947148e-37,0,0.0,500.0,john_radcliffe_nhs
2022-05-19 00:00:00,1.0996890341214702e-37,0,0.0,500.0,john_radcliffe_nhs
2022-05-19 01:00:00,1.0548101276278554e-37,0,0.0,500.0,john_radcliffe_nhs
2022-05-19 02:00:00,1.0117627536725785e-37,0,0.0,500.0,john_radcliffe_nhs
2022-05-19 03:00:00,9.70472166418443e-38,0,0.0,500.0,john_radcliffe_nhs
2022-05-19 04:00:00,9.308666704464441e-38,0,0.0,500.0,john_radcliffe_nhs
2022-05-19 05:00:00,8.928774962665116e-38,0,0.0,500.0,john_radcliffe_nhs
2022-05-19 06:00:00,8.564386809088378e-38,0,0.0,500.0,john_radcliffe_nhs
2022-05-19 07:00:00,8.214869533882223e-38,0,0.0,500.0,john_radcliffe_nhs
2022-05-19 08:00:00,7.879616248426851e-38,0,0.0,500.0,john_radcliffe_nhs
2022-05-19 09:00:00,7.558044831556859e-38,0,0.0,500.0,john_radcliffe_nhs
2022-05-19 10:00:00,7.24959691878762e-38,0,0.0,500.0,john_radcliffe_nhs
2022-05-19 11:00:00,6.953736932791946e-38,0,0.0,500.0,john_radcliffe_nhs
2022-05-19 12:00:00,6.669951153444439e-38,0,0.0,500.0,john_radcliffe_nhs
2022-05-19 13:00:00,6.397746825816902e-38,0,0.0,500.0,john_radcliffe_nhs
2022-05-19 14:00:00,6.136651304576996e-38,0,0.0,500.0,john_radcliffe_nhs
2022-05-19 15:00:00,5.886211233305267e-38,0,0.0,500.0,john_radcliffe_nhs
2022-05-19 16:00:00,5.645991757303844e-38,0,0.0,500.0,john_radcliffe_nhs
2022-05-19 17:00:00,5.415575768530917e-38,0,0.0,500.0,john_radcliffe_nhs
2022-05-19 18:00:00,5.194563181350549e-38,0,0.0,500.0,john_radcliffe_nhs
2022-05-19 19:00:00,4.982570237838798e-38,0,0.0,500.0,john_radcliffe_nhs
2022-05-19 20:00:00,4.779228841440724e-38,0,0.0,500.0,john_radcliffe_nhs
2022-05-19 21:00:00,4.584185917821841e-38,0,0.0,500.0,john_radcliffe_nhs
2022-05-19 22:00:00,4.39710280180293e-38,0,0.0,500.0,john_radcliffe_nhs
2022-05-19 23:00:00,4.217654649314403e-38,0,0.0,500.0,john_radcliffe_nhs
2022-05-20 00:00:00,4.045529873349695e-38,0,0.0,500.0,john_radcliffe_nhs
2022-05-20 01:00:00,3.880429602937132e-38,0,0.0,500.0,john_radcliffe_nhs
2022-05-20 02:00:00,3.7220671641914784e-38,0,0.0,500.0,john_radcliffe_nhs
2022-05-20 03:00:00,3.570167582544557e-38,0,0.0,500.0,john_radcliffe_nhs
2022-05-20 04:00:00,3.4244671052895907e-38,0,0.0,500.0,john_radcliffe_nhs
2022-05-20 05:00:00,3.284712743610808e-38,0,0.0,500.0,john_radcliffe_nhs
2022-05-20 06:00:00,3.1506618333035046e-38,0,0.0,500.0,john_radcliffe_nhs
2022-05-20 07:00:00,3.0220816134208994e-38,0,0.0,500.0,john_radcliffe_nhs
2022-05-20 08:00:00,2.898748822116687e-38,0,0.0,500.0,john_radcliffe_nhs
2022-05-20 09:00:00,2.780449308981846e-38,0,0.0,500.0,john_radcliffe_nhs
2022-05-20 10:00:00,2.6669776632018e-38,0,0.0,500.0,john_radcliffe_nhs
2022-05-20 11:00:00,2.5581368568887206e-38,0,0.0,500.0,john_radcliffe_nhs
2022-05-20 12:00:00,2.4537379029699574e-38,0,0.0,500.0,john_radcliffe_nhs
2022-05-20 13:00:00,2.353599527037891e-38,0,0.0,500.0,john_radcliffe_nhs
2022-05-20 14:00:00,2.2575478525917882e-38,0,0.0,500.0,john_radcliffe_nhs
2022-05-20 15:00:00,2.1654160991254077e-38,0,0.0,500.0,john_radcliffe_nhs
2022-05-20 16:00:00,2.0770442925355072e-38,0,0.0,500.0,john_radcliffe_nhs
2022-05-20 17:00:00,1.9922789873487578e-38,0,0.0,500.0,john_radcliffe_nhs
2022-05-20 18:00:00,1.9109730002849897e-38,0,0.0,500.0,john_radcliffe_nhs
2022-05-20 19:00:00,1.8329851546935977e-38,0,0.0,500.0,john_radcliffe_nhs
2022-05-20 20:00:00,1.7581800354196533e-38,0,0.0,500.0,john_radcliffe_nhs
2022-05-20 21:00:00,1.6864277536742945e-38,0,0.0,500.0,john_radcliffe_nhs
2022-05-20 22:00:00,1.6176037215006453e-38,0,0.0,500.0,john_radcliffe_nhs
2022-05-20 23:00:00,1.5515884354439181e-38,0,0.0,500.0,john_radcliffe_nhs
2022-05-21 00:00:00,1.488267269050262e-38,0,0.0,500.0,john_radcliffe_nhs
2022-05-21 01:00:00,1.427530273833634e-38,0,0.0,500.0,john_radcliffe_nhs
2022-05-21 02:00:00,1.3692719883653363e-38,0,0.0,500.0,john_radcliffe_nhs
2022-05-21 03:00:00,1.313391255154891e-38,0,0.0,500.0,john_radcliffe_nhs
2022-05-21 04:00:00,1.2597910450039212e-38,0,0.0,500.0,john_radcliffe_nhs
2022-05-21 05:00:00,1.2083782885282594e-38,0,0.0,500.0,john_radcliffe_nhs
2022-05-21 06:00:00,1.1590637145558853e-38,0,0.0,500.0,john_radcliffe_nhs
2022-05-21 07:00:00,1.1117616951197712e-38,0,0.0,500.0,john_radcliffe_nhs
2022-05-21 08:00:00,1.0663900967766634e-38,0,0.0,500.0,john_radcliffe_nhs
2022-05-21 09:00:00,1.0228701379937642e-38,0,0.0,500.0,john_radcliffe_nhs
2022-05-21 10:00:00,9.811262523553973e-39,0,0.0,500.0,john_radcliffe_nhs
2022-05-21 11:00:00,9.410859573522924e-39,0,0.0,500.0,john_radcliffe_nhs
2022-05-21 12:00:00,9.026797285257747e-39,0,0.0,500.0,john_radcliffe_nhs
2022-05-21 13:00:00,8.658408787480702e-39,0,0.0,500.0,john_radcliffe_nhs
2022-05-21 14:00:00,8.305054424292567e-39,0,0.0,500.0,john_radcliffe_nhs
2022-05-21 15:00:00,7.966120644498997e-39,0,0.0,500.0,john_radcliffe_nhs
2022-05-21 16:00:00,7.641018936262962e-39,0,0.0,500.0,john_radcliffe_nhs
2022-05-21 17:00:00,7.32918480523468e-39,0,0.0,500.0,john_radcliffe_nhs
2022-05-21 18:00:00,7.030076794385565e-39,0,0.0,500.0,john_radcliffe_nhs
2022-05-21 19:00:00,6.743175543842304e-39,0,0.0,500.0,john_radcliffe_nhs
2022-05-21 20:00:00,6.467982889089687e-39,0,0.0,500.0,john_radcliffe_nhs
2022-05-21 21:00:00,6.204020995977102e-39,0,0.0,500.0,john_radcliffe_nhs
2022-05-21 22:00:00,5.950831531025028e-39,0,0.0,500.0,john_radcliffe_nhs
2022-05-21 23:00:00,5.707974865591811e-39,0,0.0,500.0,john_radcliffe_nhs
2022-05-22 00:00:00,5.4750293125195895e-39,0,0.0,500.0,john_radcliffe_nhs
2022-05-22 01:00:00,5.251590393932333e-39,0,0.0,500.0,john_radcliffe_nhs
2022-05-22 02:00:00,5.037270138915496e-39,0,0.0,500.0,john_radcliffe_nhs
2022-05-22 03:00:00,4.8316964098584045e-39,0,0.0,500.0,john_radcliffe_nhs
2022-05-22 04:00:00,4.634512256288299e-39,0,0.0,500.0,john_radcliffe_nhs
2022-05-22 05:00:00,4.4453752950747994e-39,0,0.0,500.0,john_radcliffe_nhs
2022-05-22 06:00:00,4.263957115929152e-39,0,0.0,500.0,john_radcliffe_nhs
2022-05-22 07:00:00,4.0899427111647687e-39,0,0.0,500.0,john_radcliffe_nhs
2022-05-22 08:00:00,3.923029928729592e-39,0,0.0,500.0,john_radcliffe_nhs
2022-05-22 09:00:00,3.762928947561021e-39,0,0.0,500.0,john_radcliffe_nhs
2022-05-22 10:00:00,3.6093617743513504e-39,0,0.0,500.0,john_radcliffe_nhs
2022-05-22 11:00:00,3.4620617608505316e-39,0,0.0,500.0,john_radcliffe_nhs
2022-05-22 12:00:00,3.320773140868512e-39,0,0.0,500.0,john_radcliffe_nhs
2022-05-22 13:00:00,3.185250586172306e-39,0,0.0,500.0,john_radcliffe_nhs
2022-05-22 14:00:00,3.055258780507164e-39,0,0.0,500.0,john_radcliffe_nhs
2022-05-22 15:00:00,2.9305720110025807e-39,0,0.0,500.0,john_radcliffe_nhs
2022-05-22 16:00:00,2.8109737762528272e-39,0,0.0,500.0,john_radcliffe_nhs
2022-05-22 17:00:00,2.6962564103919605e-39,0,0.0,500.0,john_radcliffe_nhs
2022-05-22 18:00:00,2.5862207225108863e-39,0,0.0,500.0,john_radcliffe_nhs
2022-05-22 19:00:00,2.4806756507896435e-39,0,0.0,500.0,john_radcliffe_nhs
2022-05-22 20:00:00,2.3794379307447647e-39,0,0.0,500.0,john_radcliffe_nhs
2022-05-22 21:00:00,2.2823317770159513e-39,0,0.0,500.0,john_radcliffe_nhs
2022-05-22 22:00:00,2.189188578138886e-39,0,0.0,500.0,john_radcliffe_nhs
2022-05-22 23:00:00,2.099846603774554e-39,0,0.0,500.0,john_radcliffe_nhs
2022-05-23 00:00:00,2.0141507238869725e-39,0,0.0,500.0,john_radcliffe_nhs
2022-05-23 01:00:00,1.9319521393811415e-39,0,0.0,500.0,john_radcliffe_nhs
2022-05-23 02:00:00,1.8531081237338262e-39,0,0.0,500.0,john_radcliffe_nhs
2022-05-23 03:00:00,1.7774817751687743e-39,0,0.0,500.0,john_radcliffe_nhs
2022-05-23 04:00:00,1.70494177894554e-39,0,0.0,500.0,john_radcliffe_nhs
2022-05-23 05:00:00,1.635362179349453e-39,0,0.0,500.0,john_radcliffe_nhs
2022-05-23 06:00:00,1.5686221609870115e-39,0,0.0,500.0,john_radcliffe_nhs
2022-05-23 07:00:00,1.504605839006509e-39,0,0.0,500.0,john_radcliffe_nhs
2022-05-23 08:00:00,1.4432020578798858e-39,0,0.0,500.0,john_radcliffe_nhs
2022-05-23 09:00:00,1.384304198396592e-39,0,0.0,500.0,john_radcliffe_nhs
2022-05-23 10:00:00,1.3278099925339405e-39,0,0.0,500.0,john_radcliffe_nhs
2022-05-23 11:00:00,1.2736213458827131e-39,0,0.0,500.0,john_radcliffe_nhs
2022-05-23 12:00:00,1.2216441673198437e-39,0,0.0,500.0,john_radcliffe_nhs
2022-05-23 13:00:00,1.1717882056320772e-39,0,0.0,500.0,john_radcliffe_nhs
2022-05-23 14:00:00,1.123966892807118e-39,0,0.0,500.0,john_radcliffe_nhs
2022-05-23 15:00:00,1.0780971937202993e-39,0,0.0,500.0,john_radcliffe_nhs
2022-05-23 16:00:00,1.034099461955469e-39,0,0.0,500.0,john_radcliffe_nhs
2022-05-23 17:00:00,9.918973015099133e-40,0,0.0,500.0,john_radcliffe_nhs
2022-05-23 18:00:00,9.514174341433087e-40,0,0.0,500.0,john_radcliffe_nhs
2022-05-23 19:00:00,9.125895721400981e-40,0,0.0,500.0,john_radcliffe_nhs
2022-05-23 20:00:00,8.753462962645173e-40,0,0.0,500.0,john_radcliffe_nhs
2022-05-23 21:00:00,8.396229386964531e-40,0,0.0,500.0,john_radcliffe_nhs
2022-05-23 22:00:00,8.053574707446377e-40,0,0.0,500.0,john_radcliffe_nhs
2022-05-23 23:00:00,7.72490395142334e-40,0,0.0,500.0,john_radcliffe_nhs
2022-05-24 00:00:00,7.409646427385955e-40,0,0.0,500.0,john_radcliffe_nhs
2022-05-24 01:00:00,7.107254734055067e-40,0,0.0,500.0,john_radcliffe_nhs
2022-05-24 02:00:00,6.8172038098945995e-40,0,0.0,500.0,john_radcliffe_nhs
2022-05-24 03:00:00,6.538990021415119e-40,0,0.0,500.0,john_radcliffe_nhs
2022-05-24 04:00:00,6.272130288683299e-40,0,0.0,500.0,john_radcliffe_nhs
2022-05-24 05:00:00,6.0161612465198874e-40,0,0.0,500.0,john_radcliffe_nhs
2022-05-24 06:00:00,5.77063843993042e-40,0,0.0,500.0,john_radcliffe_nhs
2022-05-24 07:00:00,5.535135552370035e-40,0,0.0,500.0,john_radcliffe_nhs
2022-05-24 08:00:00,5.309243665503279e-40,0,0.0,500.0,john_radcliffe_nhs
2022-05-24 09:00:00,5.092570549174197e-40,0,0.0,500.0,john_radcliffe_nhs
2022-05-24 10:00:00,4.884739980352429e-40,0,0.0,500.0,john_radcliffe_nhs
2022-05-24 11:00:00,4.685391089873527e-40,0,0.0,500.0,john_radcliffe_nhs
2022-05-24 12:00:00,4.49417773583976e-40,0,0.0,500.0,john_radcliffe_nhs
2022-05-24 13:00:00,4.310767902592157e-40,0,0.0,500.0,john_radcliffe_nhs
2022-05-24 14:00:00,4.13484312421085e-40,0,0.0,500.0,john_radcliffe_nhs
2022-05-24 15:00:00,3.966097931543239e-40,0,0.0,500.0,john_radcliffe_nhs
2022-05-24 16:00:00,3.804239321798671e-40,0,0.0,500.0,john_radcliffe_nhs
2022-05-24 17:00:00,3.6489862497892863e-40,0,0.0,500.0,john_radcliffe_nhs
2022-05-24 18:00:00,3.500069139934079e-40,0,0.0,500.0,john_radcliffe_nhs
2022-05-24 19:00:00,3.357229418177849e-40,0,0.0,500.0,john_radcliffe_nhs
2022-05-24 20:00:00,3.2202190630128237e-40,0,0.0,500.0,john_radcliffe_nhs
2022-05-24 21:00:00,3.0888001748237534e-40,0,0.0,500.0,john_radcliffe_nhs
2022-05-24 22:00:00,2.9627445628078353e-40,0,0.0,500.0,john_radcliffe_nhs
2022-05-24 23:00:00,2.841833348752685e-40,0,0.0,500.0,john_radcliffe_nhs
2022-05-25 00:00:00,2.7258565869847192e-40,0,0.0,500.0,john_radcliffe_nhs
2022-05-25 01:00:00,2.614612899827266e-40,0,0.0,500.0,john_radcliffe_nhs
2022-05-25 02:00:00,2.5079091279358528e-40,0,0.0,500.0,john_radcliffe_nhs
2022-05-25 03:00:00,2.4055599949038314e-40,0,0.0,500.0,john_radcliffe_nhs
2022-05-25 04:00:00,2.3073877855552894e-40,0,0.0,500.0,john_radcliffe_nhs
2022-05-25 05:00:00,2.213222037367024e-40,0,0.0,500.0,john_radcliffe_nhs
2022-05-25 06:00:00,2.122899244484046e-40,0,0.0,500.0,john_radcliffe_nhs
2022-05-25 07:00:00,2.036262573814071e-40,0,0.0,500.0,john_radcliffe_nhs
2022-05-25 08:00:00,1.9531615927083663e-40,0,0.0,500.0,john_radcliffe_nhs
2022-05-25 09:00:00,1.873452007756349e-40,0,0.0,500.0,john_radcliffe_nhs
2022-05-25 10:00:00,1.796995414239854e-40,0,0.0,500.0,john_radcliffe_nhs
2022-05-25 11:00:00,1.7236590558123282e-40,0,0.0,500.0,john_radcliffe_nhs
2022-05-25 12:00:00,1.6533155939858691e-40,0,0.0,500.0,john_radcliffe_nhs
2022-05-25 13:00:00,1.5858428870253933e-40,0,0.0,500.0,john_radcliffe_nhs
2022-05-25 14:00:00,1.5211237778662678e-40,0,0.0,500.0,john_radcliffe_nhs
2022-05-25 15:00:00,1.45904589068734e-40,0,0.0,500.0,john_radcliffe_nhs
2022-05-25 16:00:00,1.3995014357857218e-40,0,0.0,500.0,john_radcliffe_nhs
2022-05-25 17:00:00,1.3423870224147599e-40,0,0.0,500.0,john_radcliffe_nhs
2022-05-25 18:00:00,1.2876034792603595e-40,0,0.0,500.0,john_radcliffe_nhs
2022-05-25 19:00:00,1.2350556822435938e-40,0,0.0,500.0,john_radcliffe_nhs
2022-05-25 20:00:00,1.1846523893507833e-40,0,0.0,500.0,john_radcliffe_nhs
2022-05-25 21:00:00,1.1363060822044158e-40,0,0.0,500.0,john_radcliffe_nhs
2022-05-25 22:00:00,1.0899328140994757e-40,0,0.0,500.0,john_radcliffe_nhs
2022-05-25 23:00:00,1.0454520642415065e-40,0,0.0,500.0,john_radcliffe_nhs
2022-05-26 00:00:00,1.0027865979334336e-40,0,0.0,500.0,john_radcliffe_nhs
2022-05-26 01:00:00,9.61862332468099e-41,0,0.0,500.0,john_radcliffe_nhs
2022-05-26 02:00:00,9.226082084938008e-41,0,0.0,500.0,john_radcliffe_nhs
2022-05-26 03:00:00,8.849560666295991e-41,0,0.0,500.0,john_radcliffe_nhs
2022-05-26 04:00:00,8.488405291158915e-41,0,0.0,500.0,john_radcliffe_nhs
2022-05-26 05:00:00,8.141988862949019e-41,0,0.0,500.0,john_radcliffe_nhs
2022-05-26 06:00:00,7.809709877240681e-41,0,0.0,500.0,john_radcliffe_nhs
2022-05-26 07:00:00,7.490991377330433e-41,0,0.0,500.0,john_radcliffe_nhs
2022-05-26 08:00:00,7.185279952430781e-41,0,0.0,500.0,john_radcliffe_nhs
2022-05-26 09:00:00,6.892044776749222e-41,0,0.0,500.0,john_radcliffe_nhs
2022-05-26 10:00:00,6.610776687782021e-41,0,0.0,500.0,john_radcliffe_nhs
2022-05-26 11:00:00,6.340987302223353e-41,0,0.0,500.0,john_radcliffe_nhs
2022-05-26 12:00:00,6.082208167955527e-41,0,0.0,500.0,john_radcliffe_nhs
2022-05-26 13:00:00,5.833989950646084e-41,0,0.0,500.0,john_radcliffe_nhs
2022-05-26 14:00:00,5.595901653540358e-41,0,0.0,500.0,john_radcliffe_nhs
2022-05-26 15:00:00,5.36752986909548e-41,0,0.0,500.0,john_radcliffe_nhs
2022-05-26 16:00:00,5.148478061154825e-41,0,0.0,500.0,john_radcliffe_nhs
2022-05-26 17:00:00,4.938365876417383e-41,0,0.0,500.0,john_radcliffe_nhs
2022-05-26 18:00:00,4.736828484007059e-41,0,0.0,500.0,john_radcliffe_nhs
2022-05-26 19:00:00,4.5435159419938767e-41,0,0.0,500.0,john_radcliffe_nhs
2022-05-26 20:00:00,4.3580925897678003e-41,0,0.0,500.0,john_radcliffe_nhs
2022-05-26 21:00:00,4.180236465210715e-41,0,0.0,500.0,john_radcliffe_nhs
2022-05-26 22:00:00,4.0096387456533265e-41,0,0.0,500.0,john_radcliffe_nhs
2022-05-26 23:00:00,3.8460032116469617e-41,0,0.0,500.0,john_radcliffe_nhs
2022-05-27 00:00:00,3.6890457326196333e-41,0,0.0,500.0,john_radcliffe_nhs
2022-05-27 01:00:00,3.538493773522243e-41,0,0.0,500.0,john_radcliffe_nhs
2022-05-27 02:00:00,3.39408592160885e-41,0,0.0,500.0,john_radcliffe_nhs
2022-05-27 03:00:00,3.2555714325297463e-41,0,0.0,500.0,john_radcliffe_nhs
2022-05-27 04:00:00,3.122709794948256e-41,0,0.0,500.0,john_radcliffe_nhs
2022-05-27 05:00:00,2.995270312925792e-41,0,0.0,500.0,john_radcliffe_nhs
2022-05-27 06:00:00,2.873031705350395e-41,0,0.0,500.0,john_radcliffe_nhs
2022-05-27 07:00:00,2.755781721712413e-41,0,0.0,500.0,john_radcliffe_nhs
2022-05-27 08:00:00,2.643316773560603e-41,0,0.0,500.0,john_radcliffe_nhs
2022-05-27 09:00:00,2.5354415809990615e-41,0,0.0,500.0,john_radcliffe_nhs
2022-05-27 10:00:00,2.4319688336104483e-41,0,0.0,500.0,john_radcliffe_nhs
2022-05-27 11:00:00,2.332718865217138e-41,0,0.0,500.0,john_radcliffe_nhs
2022-05-27 12:00:00,2.2375193419158615e-41,0,0.0,500.0,john_radcliffe_nhs
2022-05-27 13:00:00,2.1462049628434918e-41,0,0.0,500.0,john_radcliffe_nhs
2022-05-27 14:00:00,2.0586171731547772e-41,0,0.0,500.0,john_radcliffe_nhs
2022-05-27 15:00:00,1.97460388871387e-41,0,0.0,500.0,john_radcliffe_nhs
2022-05-27 16:00:00,1.894019232021068e-41,0,0.0,500.0,john_radcliffe_nhs
2022-05-27 17:00:00,1.8167232789165465e-41,0,0.0,500.0,john_radcliffe_nhs
2022-05-27 18:00:00,1.7425818156214875e-41,0,0.0,500.0,john_radcliffe_nhs
2022-05-27 19:00:00,1.671466105694247e-41,0,0.0,500.0,john_radcliffe_nhs
2022-05-27 20:00:00,1.6032526664971822e-41,0,0.0,500.0,john_radcliffe_nhs
2022-05-27 21:00:00,1.537823054786203e-41,0,0.0,500.0,john_radcliffe_nhs
2022-05-27 22:00:00,1.4750636610503084e-41,0,0.0,500.0,john_radcliffe_nhs
2022-05-27 23:00:00,1.4148655122442567e-41,0,0.0,500.0,john_radcliffe_nhs
2022-05-28 00:00:00,1.3571240825720049e-41,0,0.0,500.0,john_radcliffe_nhs
2022-05-28 01:00:00,1.301739111991991e-41,0,0.0,500.0,john_radcliffe_nhs
2022-05-28 02:00:00,1.2486144321293236e-41,0,0.0,500.0,john_radcliffe_nhs
2022-05-28 03:00:00,1.197657799292755e-41,0,0.0,500.0,john_radcliffe_nhs
2022-05-28 04:00:00,1.148780734306154e-41,0,0.0,500.0,john_radcliffe_nhs
2022-05-28 05:00:00,1.1018983688765514e-41,0,0.0,500.0,john_radcliffe_nhs
2022-05-28 06:00:00,1.0569292982321394e-41,0,0.0,500.0,john_radcliffe_nhs
2022-05-28 07:00:00,1.0137954397740376e-41,0,0.0,500.0,john_radcliffe_nhs
2022-05-28 08:00:00,9.724218974965746e-42,0,0.0,500.0,john_radcliffe_nhs
2022-05-28 09:00:00,9.32736831940773e-42,0,0.0,500.0,john_radcliffe_nhs
2022-05-28 10:00:00,8.94671335454976e-42,0,0.0,500.0,john_radcliffe_nhs
2022-05-28 11:00:00,8.58159312546162e-42,0,0.0,500.0,john_radcliffe_nhs
2022-05-28 12:00:00,8.231373651143004e-42,0,0.0,500.0,john_radcliffe_nhs
2022-05-28 13:00:00,7.895446823702399e-42,0,0.0,500.0,john_radcliffe_nhs
2022-05-28 14:00:00,7.573229352461137e-42,0,0.0,500.0,john_radcliffe_nhs
2022-05-28 15:00:00,7.264161751150153e-42,0,0.0,500.0,john_radcliffe_nhs
2022-05-28 16:00:00,6.967707366438749e-42,0,0.0,500.0,john_radcliffe_nhs
2022-05-28 17:00:00,6.683351446109695e-42,0,0.0,500.0,john_radcliffe_nhs
2022-05-28 18:00:00,6.410600245263502e-42,0,0.0,500.0,john_radcliffe_nhs
2022-05-28 19:00:00,6.148980168998065e-42,0,0.0,500.0,john_radcliffe_nhs
2022-05-28 20:00:00,5.898036950076081e-42,0,0.0,500.0,john_radcliffe_nhs
2022-05-28 21:00:00,5.657334860153088e-42,0,0.0,500.0,john_radcliffe_nhs
2022-05-28 22:00:00,5.4264559531948937e-42,0,0.0,500.0,john_radcliffe_nhs
2022-05-28 23:00:00,5.204999339771637e-42,0,0.0,500.0,john_radcliffe_nhs
2022-05-29 00:00:00,4.9925804909689547e-42,0,0.0,500.0,john_radcliffe_nhs
2022-05-29 01:00:00,4.788830570706232e-42,0,0.0,500.0,john_radcliffe_nhs
2022-05-29 02:00:00,4.5933957953033326e-42,0,0.0,500.0,john_radcliffe_nhs
2022-05-29 03:00:00,4.405936819184381e-42,0,0.0,500.0,john_radcliffe_nhs
2022-05-29 04:00:00,4.2261281456506694e-42,0,0.0,500.0,john_radcliffe_nhs
2022-05-29 05:00:00,4.053657561700295e-42,0,0.0,500.0,john_radcliffe_nhs
2022-05-29 06:00:00,3.888225595913641e-42,0,0.0,500.0,john_radcliffe_nhs
2022-05-29 07:00:00,3.7295449984622963e-42,0,0.0,500.0,john_radcliffe_nhs
2022-05-29 08:00:00,3.577340242339134e-42,0,0.0,500.0,john_radcliffe_nhs
2022-05-29 09:00:00,3.431347044943931e-42,0,0.0,500.0,john_radcliffe_nhs
2022-05-29 10:00:00,3.291311909192846e-42,0,0.0,500.0,john_radcliffe_nhs
2022-05-29 11:00:00,3.156991683355512e-42,0,0.0,500.0,john_radcliffe_nhs
2022-05-29 12:00:00,3.028153138855824e-42,0,0.0,500.0,john_radcliffe_nhs
2022-05-29 13:00:00,2.9045725653024774e-42,0,0.0,500.0,john_radcliffe_nhs
2022-05-29 14:00:00,2.7860353820465673e-42,0,0.0,500.0,john_radcliffe_nhs
2022-05-29 15:00:00,2.6723357655920845e-42,0,0.0,500.0,john_radcliffe_nhs
2022-05-29 16:00:00,2.5632762922116288e-42,0,0.0,500.0,john_radcliffe_nhs
2022-05-29 17:00:00,2.4586675951471856e-42,0,0.0,500.0,john_radcliffe_nhs
2022-05-29 18:00:00,2.358328035801048e-42,0,0.0,500.0,john_radcliffe_nhs
2022-05-29 19:00:00,2.262083388345289e-42,0,0.0,500.0,john_radcliffe_nhs
2022-05-29 20:00:00,2.169766537202507e-42,0,0.0,500.0,john_radcliffe_nhs
2022-05-29 21:00:00,2.0812171868728378e-42,0,0.0,500.0,john_radcliffe_nhs
2022-05-29 22:00:00,1.996281583602784e-42,0,0.0,500.0,john_radcliffe_nhs
2022-05-29 23:00:00,1.9148122484129158e-42,0,0.0,500.0,john_radcliffe_nhs
2022-05-30 00:00:00,1.836667721021104e-42,0,0.0,500.0,john_radcliffe_nhs
2022-05-30 01:00:00,1.7617123142161276e-42,0,0.0,500.0,john_radcliffe_nhs
2022-05-30 02:00:00,1.689815878255443e-42,0,0.0,500.0,john_radcliffe_nhs
2022-05-30 03:00:00,1.6208535748782324e-42,0,0.0,500.0,john_radcliffe_nhs
2022-05-30 04:00:00,1.554705660540872e-42,0,0.0,500.0,john_radcliffe_nhs
2022-05-30 05:00:00,1.491257278498696e-42,0,0.0,500.0,john_radcliffe_nhs
2022-05-30 06:00:00,1.4303982593732087e-42,0,0.0,500.0,john_radcliffe_nhs
2022-05-30 07:00:00,1.3720229298580572e-42,0,0.0,500.0,john_radcliffe_nhs
2022-05-30 08:00:00,1.3160299292318329e-42,0,0.0,500.0,john_radcliffe_nhs
2022-05-30 09:00:00,1.2623220333592532e-42,0,0.0,500.0,john_radcliffe_nhs
2022-05-30 10:00:00,1.2108059858747769e-42,0,0.0,500.0,john_radcliffe_nhs
2022-05-30 11:00:00,1.1613923362557167e-42,0,0.0,500.0,john_radcliffe_nhs
2022-05-30 12:00:00,1.1139952845038293e-42,0,0.0,500.0,john_radcliffe_nhs
2022-05-30 13:00:00,1.068532532165378e-42,0,0.0,500.0,john_radcliffe_nhs
2022-05-30 14:00:00,1.024925139431157e-42,0,0.0,500.0,john_radcliffe_nhs
2022-05-30 15:00:00,2.431073094455274,1,3.6,156.89893706277738,john_radcliffe_nhs
2022-05-30 16:00:00,2.331859681663187,1,3.6,156.89893706277738,john_radcliffe_nhs
2022-05-30 17:00:00,2.2366952221092,1,3.6,156.89893706277738,john_radcliffe_nhs
2022-05-30 18:00:00,2.145414475813527,1,3.6,156.89893706277738,john_radcliffe_nhs
2022-05-30 19:00:00,2.0578589463296635,1,3.6,156.89893706277738,john_radcliffe_nhs
2022-05-30 20:00:00,1.9738766055371328,1,3.6,156.89893706277738,john_radcliffe_nhs
2022-05-30 21:00:00,1.893321629665591,1,3.6,156.89893706277738,john_radcliffe_nhs
2022-05-30 22:00:00,1.8160541460919268,1,3.6,156.89893706277738,john_radcliffe_nhs
2022-05-30 23:00:00,1.741939990470715,1,3.6,156.89893706277738,john_radcliffe_nhs
2022-05-31 00:00:00,1.6708504737763026,1,3.6,156.89893706277738,john_radcliffe_nhs
2022-05-31 01:00:00,1.6026621588520378,1,3.6,156.89893706277738,john_radcliffe_nhs
2022-05-31 02:00:00,1.5372566460786456,1,3.6,156.89893706277738,john_radcliffe_nhs
2022-05-31 03:00:00,1.4745203677895906,1,3.6,156.89893706277738,john_radcliffe_nhs
2022-05-31 04:00:00,1.4143443910764641,1,3.6,156.89893706277738,john_radcliffe_nhs
2022-05-31 05:00:00,1.3566242286419883,1,3.6,156.89893706277738,john_radcliffe_nhs
2022-05-31 06:00:00,1.3012596573722122,1,3.6,156.89893706277738,john_radcliffe_nhs
2022-05-31 07:00:00,1.2481545443128752,1,3.6,156.89893706277738,john_radcliffe_nhs
2022-05-31 08:00:00,1.1972166797477706,1,3.6,156.89893706277738,john_radcliffe_nhs
2022-05-31 09:00:00,1.148357617089269,1,3.6,156.89893706277738,john_radcliffe_nhs
2022-05-31 10:00:00,1.1014925193029996,1,3.6,156.89893706277738,john_radcliffe_nhs
2022-05-31 11:00:00,1.0565400116000212,1,3.6,156.89893706277738,john_radcliffe_nhs
2022-05-31 12:00:00,1.0134220401407068,1,3.6,156.89893706277738,john_radcliffe_nhs
2022-05-31 13:00:00,0.9720637365049999,1,3.6,156.89893706277738,john_radcliffe_nhs
2022-05-31 14:00:00,0.9323932876937111,1,3.6,156.89893706277738,john_radcliffe_nhs
2022-05-31 15:00:00,0.894341811435135,0,0.0,500.0,john_radcliffe_nhs
2022-05-31 16:00:00,0.8578432365804707,0,0.0,500.0,john_radcliffe_nhs
2022-05-31 17:00:00,0.8228341883803676,0,0.0,500.0,john_radcliffe_nhs
2022-05-31 18:00:00,0.7892538784434031,0,0.0,500.0,john_radcliffe_nhs
2022-05-31 19:00:00,0.7570439991854097,0,0.0,500.0,john_radcliffe_nhs
2022-05-31 20:00:00,0.7261486225863839,0,0.0,500.0,john_radcliffe_nhs
2022-05-31 21:00:00,0.6965141030791819,0,0.0,500.0,john_radcliffe_nhs
2022-05-31 22:00:00,0.668088984401379,0,0.0,500.0,john_radcliffe_nhs
2022-05-31 23:00:00,0.6408239102485542,0,0.0,500.0,john_radcliffe_nhs
2022-06-01 00:00:00,0.6146715385738658,0,0.0,500.0,john_radcliffe_nhs
2022-06-01 01:00:00,0.589586459385105,0,0.0,500.0,john_radcliffe_nhs
2022-06-01 02:00:00,0.5655251158964979,0,0.0,500.0,john_radcliffe_nhs
2022-06-01 03:00:00,0.5424457288983443,0,0.0,500.0,john_radcliffe_nhs
2022-06-01 04:00:00,0.5203082242131735,0,0.0,500.0,john_radcliffe_nhs
2022-06-01 05:00:00,0.4990741631124535,0,0.0,500.0,john_radcliffe_nhs
2022-06-01 06:00:00,0.4787066755730318,0,0.0,500.0,john_radcliffe_nhs
2022-06-01 07:00:00,0.4591703962574168,0,0.0,500.0,john_radcliffe_nhs
2022-06-01 08:00:00,0.44043140310673945,0,0.0,500.0,john_radcliffe_nhs
2022-06-01 09:00:00,0.4224571584397694,0,0.0,500.0,john_radcliffe_nhs
2022-06-01 10:00:00,0.4052164524557116,0,0.0,500.0,john_radcliffe_nhs
2022-06-01 11:00:00,0.3886793490426849,0,0.0,500.0,john_radcliffe_nhs
2022-06-01 12:00:00,0.3728171337977862,0,0.0,500.0,john_radcliffe_nhs
2022-06-01 13:00:00,0.3576022641684834,0,0.0,500.0,john_radcliffe_nhs
2022-06-01 14:00:00,0.3430083216287662,0,0.0,500.0,john_radcliffe_nhs
2022-06-01 15:00:00,0.32900996580701286,0,0.0,500.0,john_radcliffe_nhs
2022-06-01 16:00:00,0.31558289048592486,0,0.0,500.0,john_radcliffe_nhs
2022-06-01 17:00:00,0.3027037813981269,0,0.0,500.0,john_radcliffe_nhs
2022-06-01 18:00:00,0.2903502757441525,0,0.0,500.0,john_radcliffe_nhs
2022-06-01 19:00:00,0.2785009233625223,0,0.0,500.0,john_radcliffe_nhs
2022-06-01 20:00:00,0.26713514948449146,0,0.0,500.0,john_radcliffe_nhs
2022-06-01 21:00:00,0.25623321900879775,0,0.0,500.0,john_radcliffe_nhs
2022-06-01 22:00:00,0.24577620223437568,0,0.0,500.0,john_radcliffe_nhs
2022-06-01 23:00:00,0.23574594199153662,0,0.0,500.0,john_radcliffe_nhs
2022-06-02 00:00:00,0.22612502211454433,0,0.0,500.0,john_radcliffe_nhs
2022-06-02 01:00:00,0.21689673720084168,0,0.0,500.0,john_radcliffe_nhs
2022-06-02 02:00:00,0.2080450636044188,0,0.0,500.0,john_radcliffe_nhs
2022-06-02 03:00:00,0.1995546316129585,0,0.0,500.0,john_radcliffe_nhs
2022-06-02 04:00:00,0.19141069876044778,0,0.0,500.0,john_radcliffe_nhs
2022-06-02 05:00:00,0.18359912422891467,0,0.0,500.0,john_radcliffe_nhs
2022-06-02 06:00:00,0.17610634429484587,0,0.0,500.0,john_radcliffe_nhs
2022-06-02 07:00:00,0.16891934877764828,0,0.0,500.0,john_radcliffe_nhs
2022-06-02 08:00:00,0.1620256584492616,0,0.0,500.0,john_radcliffe_nhs
2022-06-02 09:00:00,0.15541330336569786,0,0.0,500.0,john_radcliffe_nhs
2022-06-02 10:00:00,0.14907080208288156,0,0.0,500.0,john_radcliffe_nhs
2022-06-02 11:00:00,0.14298714172070293,0,0.0,500.0,john_radcliffe_nhs
2022-06-02 12:00:00,0.13715175884066844,0,0.0,500.0,john_radcliffe_nhs
2022-06-02 13:00:00,0.13155452110394425,0,0.0,500.0,john_radcliffe_nhs
2022-06-02 14:00:00,0.1261857096779449,0,0.0,500.0,john_radcliffe_nhs
2022-06-02 15:00:00,0.1210360023609193,0,0.0,500.0,john_radcliffe_nhs
2022-06-02 16:00:00,0.11609645739523057,0,0.0,500.0,john_radcliffe_nhs
2022-06-02 17:00:00,0.11135849794122539,0,0.0,500.0,john_radcliffe_nhs
2022-06-02 18:00:00,0.10681389718473307,0,0.0,500.0,john_radcliffe_nhs
2022-06-02 19:00:00,0.10245476405233543,0,0.0,500.0,john_radcliffe_nhs
2022-06-02 20:00:00,0.09827352950960444,0,0.0,500.0,john_radcliffe_nhs
2022-06-02 21:00:00,0.09426293341851635,0,0.0,500.0,john_radcliffe_nhs
2022-06-02 22:00:00,0.09041601193122155,0,0.0,500.0,john_radcliffe_nhs
2022-06-02 23:00:00,0.08672608539828176,0,0.0,500.0,john_radcliffe_nhs
2022-06-03 00:00:00,0.08318674677037864,0,0.0,500.0,john_radcliffe_nhs
2022-06-03 01:00:00,0.07979185047335487,0,0.0,500.0,john_radcliffe_nhs
2022-06-03 02:00:00,0.07653550173727075,0,0.0,500.0,john_radcliffe_nhs
2022-06-03 03:00:00,0.07341204636094825,0,0.0,500.0,john_radcliffe_nhs
2022-06-03 04:00:00,0.07041606089422883,0,0.0,500.0,john_radcliffe_nhs
2022-06-03 05:00:00,0.06754234322089936,0,0.0,500.0,john_radcliffe_nhs
2022-06-03 06:00:00,0.06478590352593354,0,0.0,500.0,john_radcliffe_nhs
2022-06-03 07:00:00,0.0621419556313652,0,0.0,500.0,john_radcliffe_nhs
2022-06-03 08:00:00,0.059605908685749324,0,0.0,500.0,john_radcliffe_nhs
2022-06-03 09:00:00,0.05717335919278077,0,0.0,500.0,john_radcliffe_nhs
2022-06-03 10:00:00,0.05484008336522916,0,0.0,500.0,john_radcliffe_nhs
2022-06-03 11:00:00,0.05260202979091401,0,0.0,500.0,john_radcliffe_nhs
2022-06-03 12:00:00,0.050455312397985536,0,0.0,500.0,john_radcliffe_nhs
2022-06-03 13:00:00,0.04839620370729573,0,0.0,500.0,john_radcliffe_nhs
2022-06-03 14:00:00,0.04642112836014423,0,0.0,500.0,john_radcliffe_nhs
2022-06-03 15:00:00,0.04452665691016036,0,0.0,500.0,john_radcliffe_nhs
2022-06-03 16:00:00,0.04270949986854157,0,0.0,500.0,john_radcliffe_nhs
2022-06-03 17:00:00,0.040966501992309216,0,0.0,500.0,john_radcliffe_nhs
2022-06-03 18:00:00,0.039294636805663495,0,0.0,500.0,john_radcliffe_nhs
2022-06-03 19:00:00,0.03769100134492512,0,0.0,500.0,john_radcliffe_nhs
2022-06-03 20:00:00,0.03615281111793854,0,0.0,500.0,john_radcliffe_nhs
2022-06-03 21:00:00,0.034677395269184674,0,0.0,500.0,john_radcliffe_nhs
2022-06-03 22:00:00,0.03326219194220823,0,0.0,500.0,john_radcliffe_nhs
2022-06-03 23:00:00,0.03190474383130669,0,0.0,500.0,john_radcliffe_nhs
2022-06-04 00:00:00,0.030602693914757177,0,0.0,500.0,john_radcliffe_nhs
2022-06-04 01:00:00,0.029353781362173054,0,0.0,500.0,john_radcliffe_nhs
2022-06-04 02:00:00,0.028155837608883127,0,0.0,500.0,john_radcliffe_nhs
2022-06-04 03:00:00,0.027006782590517656,0,0.0,500.0,john_radcliffe_nhs
2022-06-04 04:00:00,0.025904621131263145,0,0.0,500.0,john_radcliffe_nhs
2022-06-04 05:00:00,0.024847439479514226,0,0.0,500.0,john_radcliffe_nhs
2022-06-04 06:00:00,0.023833401984907406,0,0.0,500.0,john_radcliffe_nhs
2022-06-04 07:00:00,0.022860747910967184,0,0.0,500.0,john_radcliffe_nhs
2022-06-04 08:00:00,0.02192778837782949,0,0.0,500.0,john_radcliffe_nhs
2022-06-04 09:00:00,0.021032903429734334,0,0.0,500.0,john_radcliffe_nhs
2022-06-04 10:00:00,0.0201745392221958,0,0.0,500.0,john_radcliffe_nhs
2022-06-04 11:00:00,0.019351205323965018,0,0.0,500.0,john_radcliffe_nhs
2022-06-04 12:00:00,0.018561472129101465,0,0.0,500.0,john_radcliffe_nhs
2022-06-04 13:00:00,0.017803968374659227,0,0.0,500.0,john_radcliffe_nhs
2022-06-04 14:00:00,0.01707737875967766,0,0.0,500.0,john_radcliffe_nhs
2022-06-04 15:00:00,0.016380441661342338,0,0.0,500.0,john_radcliffe_nhs
2022-06-04 16:00:00,0.015711946944350862,0,0.0,500.0,john_radcliffe_nhs
2022-06-04 17:00:00,0.015070733859679492,0,0.0,500.0,john_radcliffe_nhs
2022-06-04 18:00:00,0.014455689029102277,0,0.0,500.0,john_radcliffe_nhs
2022-06-04 19:00:00,0.013865744511963134,0,0.0,500.0,john_radcliffe_nhs
2022-06-04 20:00:00,0.01329987595084394,0,0.0,500.0,john_radcliffe_nhs
2022-06-04 21:00:00,0.012757100792908876,0,0.0,500.0,john_radcliffe_nhs
2022-06-04 22:00:00,0.012236476583836815,0,0.0,500.0,john_radcliffe_nhs
2022-06-04 23:00:00,0.011737099331379125,0,0.0,500.0,john_radcliffe_nhs
2022-06-05 00:00:00,0.011258101935701578,0,0.0,500.0,john_radcliffe_nhs
2022-06-05 01:00:00,0.010798652683784934,0,0.0,500.0,john_radcliffe_nhs
2022-06-05 02:00:00,0.010357953805269804,0,0.0,500.0,john_radcliffe_nhs
2022-06-05 03:00:00,0.00993524008723828,0,0.0,500.0,john_radcliffe_nhs
2022-06-05 04:00:00,0.009529777545527031,0,0.0,500.0,john_radcliffe_nhs
2022-06-05 05:00:00,0.009140862150264925,0,0.0,500.0,john_radcliffe_nhs
2022-06-05 06:00:00,0.00876781860342209,0,0.0,500.0,john_radcliffe_nhs
2022-06-05 07:00:00,0.008409999166247833,0,0.0,500.0,john_radcliffe_nhs
2022-06-05 08:00:00,0.008066782534561561,0,0.0,500.0,john_radcliffe_nhs
2022-06-05 09:00:00,0.007737572759943587,0,0.0,500.0,john_radcliffe_nhs
2022-06-05 10:00:00,0.0074217982149527425,0,0.0,500.0,john_radcliffe_nhs
2022-06-05 11:00:00,0.00711891060057409,0,0.0,500.0,john_radcliffe_nhs
2022-06-05 12:00:00,0.006828383994173155,0,0.0,500.0,john_radcliffe_nhs
2022-06-05 13:00:00,0.006549713936303674,0,0.0,500.0,john_radcliffe_nhs
2022-06-05 14:00:00,0.0062824165547832765,0,0.0,500.0,john_radcliffe_nhs
2022-06-05 15:00:00,0.006026027724516036,0,0.0,500.0,john_radcliffe_nhs
2022-06-05 16:00:00,0.005780102261603151,0,0.0,500.0,john_radcliffe_nhs
2022-06-05 17:00:00,0.005544213150342427,0,0.0,500.0,john_radcliffe_nhs
2022-06-05 18:00:00,0.0053179508017743,0,0.0,500.0,john_radcliffe_nhs
2022-06-05 19:00:00,0.005100922342486995,0,0.0,500.0,john_radcliffe_nhs
2022-06-05 20:00:00,0.004892750932445972,0,0.0,500.0,john_radcliffe_nhs
2022-06-05 21:00:00,0.004693075110663085,0,0.0,500.0,john_radcliffe_nhs
2022-06-05 22:00:00,0.004501548167569332,0,0.0,500.0,john_radcliffe_nhs
2022-06-05 23:00:00,0.004317837543001462,0,0.0,500.0,john_radcliffe_nhs
2022-06-06 00:00:00,0.00414162424875703,0,0.0,500.0,john_radcliffe_nhs
2022-06-06 01:00:00,0.003972602314715297,0,0.0,500.0,john_radcliffe_nhs
2022-06-06 02:00:00,0.00381047825756227,0,0.0,500.0,john_radcliffe_nhs
2022-06-06 03:00:00,0.0036549705711973308,0,0.0,500.0,john_radcliffe_nhs
2022-06-06 04:00:00,0.0035058092379366434,0,0.0,500.0,john_radcliffe_nhs
2022-06-06 05:00:00,0.0033627352596646495,0,0.0,500.0,john_radcliffe_nhs
2022-06-06 06:00:00,0.0032255002081194944,0,0.0,500.0,john_radcliffe_nhs
2022-06-06 07:00:00,0.0030938657935315485,0,0.0,500.0,john_radcliffe_nhs
2022-06-06 08:00:00,0.0029676034508660585,0,0.0,500.0,john_radcliffe_nhs
2022-06-06 09:00:00,0.0028464939429514217,0,0.0,500.0,john_radcliffe_nhs
2022-06-06 10:00:00,0.002730326979804023,0,0.0,500.0,john_radcliffe_nhs
2022-06-06 11:00:00,0.002618900853488653,0,0.0,500.0,john_radcliffe_nhs
2022-06-06 12:00:00,0.0025120220878804412,0,0.0,500.0,john_radcliffe_nhs
2022-06-06 13:00:00,0.0024095051027202036,0,0.0,500.0,john_radcliffe_nhs
2022-06-06 14:00:00,0.0023111718913798895,0,0.0,500.0,john_radcliffe_nhs
2022-06-06 15:00:00,0.0022168517117785776,0,0.0,500.0,john_radcliffe_nhs
2022-06-06 16:00:00,0.0021263807899123566,0,0.0,500.0,john_radcliffe_nhs
2022-06-06 17:00:00,0.002039602035483334,0,0.0,500.0,john_radcliffe_nhs
2022-06-06 18:00:00,0.001956364769133953,0,0.0,500.0,john_radcliffe_nhs
2022-06-06 19:00:00,0.0018765244608130404,0,0.0,500.0,john_radcliffe_nhs
2022-06-06 20:00:00,0.0017999424788192778,0,0.0,500.0,john_radcliffe_nhs
2022-06-06 21:00:00,0.0017264858490863406,0,0.0,500.0,john_radcliffe_nhs
2022-06-06 22:00:00,0.0016560270242917362,0,0.0,500.0,john_radcliffe_nhs
2022-06-06 23:00:00,0.0015884436623884513,0,0.0,500.0,john_radcliffe_nhs
2022-06-07 00:00:00,0.001523618414174831,0,0.0,500.0,john_radcliffe_nhs
2022-06-07 01:00:00,0.0014614387195338416,0,0.0,500.0,john_radcliffe_nhs
2022-06-07 02:00:00,0.0014017966119879393,0,0.0,500.0,john_radcliffe_nhs
2022-06-07 03:00:00,0.0013445885312301411,0,0.0,500.0,john_radcliffe_nhs
2022-06-07 04:00:00,0.0012897151433058124,0,0.0,500.0,john_radcliffe_nhs
2022-06-07 05:00:00,0.0012370811681329363,0,0.0,500.0,john_radcliffe_nhs
2022-06-07 06:00:00,0.0011865952140613703,0,0.0,500.0,john_radcliffe_nhs
2022-06-07 07:00:00,0.0011381696191838271,0,0.0,500.0,john_radcliffe_nhs
2022-06-07 08:00:00,0.0010917202991230495,0,0.0,500.0,john_radcliffe_nhs
2022-06-07 09:00:00,0.0010471666010308642,0,0.0,500.0,john_radcliffe_nhs
2022-06-07 10:00:00,0.001004431163545616,0,0.0,500.0,john_radcliffe_nhs
2022-06-07 11:00:00,0.0009634397824648189,0,0.0,500.0,john_radcliffe_nhs
2022-06-07 12:00:00,0.0009241212818997765,0,0.0,500.0,john_radcliffe_nhs
2022-06-07 13:00:00,0.0008864073906884472,0,0.0,500.0,john_radcliffe_nhs
2022-06-07 14:00:00,0.0008502326238519791,0,0.0,500.0,john_radcliffe_nhs
2022-06-07 15:00:00,0.0008155341688890577,0,0.0,500.0,john_radcliffe_nhs
2022-06-07 16:00:00,0.000782251776710648,0,0.0,500.0,john_radcliffe_nhs
2022-06-07 17:00:00,0.0007503276570257457,0,0.0,500.0,john_radcliffe_nhs
2022-06-07 18:00:00,0.0007197063779964958,0,0.0,500.0,john_radcliffe_nhs
2022-06-07 19:00:00,0.0006903347699884434,0,0.0,500.0,john_radcliffe_nhs
2022-06-07 20:00:00,0.0006621618332487771,0,0.0,500.0,john_radcliffe_nhs
2022-06-07 21:00:00,0.0006351386493522855,0,0.0,500.0,john_radcliffe_nhs
2022-06-07 22:00:00,0.0006092182962612504,0,0.0,500.0,john_radcliffe_nhs
2022-06-07 23:00:00,0.0005843557668517832,0,0.0,500.0,john_radcliffe_nhs
2022-06-08 00:00:00,0.0005605078907651554,0,0.0,500.0,john_radcliffe_nhs
2022-06-08 01:00:00,0.0005376332594484179,0,0.0,500.0,john_radcliffe_nhs
2022-06-08 02:00:00,0.0005156921542541447,0,0.0,500.0,john_radcliffe_nhs
2022-06-08 03:00:00,0.0004946464774744744,0,0.0,500.0,john_radcliffe_nhs
2022-06-08 04:00:00,0.00047445968618968894,0,0.0,500.0,john_radcliffe_nhs
2022-06-08 05:00:00,0.00045509672881646014,0,0.0,500.0,john_radcliffe_nhs
2022-06-08 06:00:00,0.0004365239842456045,0,0.0,500.0,john_radcliffe_nhs
2022-06-08 07:00:00,0.00041870920346365957,0,0.0,500.0,john_radcliffe_nhs
2022-06-08 08:00:00,0.0004016214535569076,0,0.0,500.0,john_radcliffe_nhs
2022-06-08 09:00:00,0.0003852310640006327,0,0.0,500.0,john_radcliffe_nhs
2022-06-08 10:00:00,0.00036950957514034276,0,0.0,500.0,john_radcliffe_nhs
2022-06-08 11:00:00,0.0003544296887754939,0,0.0,500.0,john_radcliffe_nhs
2022-06-08 12:00:00,0.00033996522075992636,0,0.0,500.0,john_radcliffe_nhs
2022-06-08 13:00:00,0.0003260910555367023,0,0.0,500.0,john_radcliffe_nhs
2022-06-08 14:00:00,0.0003127831025283955,0,0.0,500.0,john_radcliffe_nhs
2022-06-08 15:00:00,0.00030001825430712325,0,0.0,500.0,john_radcliffe_nhs
2022-06-08 16:00:00,0.00028777434647168107,0,0.0,500.0,john_radcliffe_nhs
2022-06-08 17:00:00,0.00027603011916210897,0,0.0,500.0,john_radcliffe_nhs
2022-06-08 18:00:00,0.0002647651801448737,0,0.0,500.0,john_radcliffe_nhs
2022-06-08 19:00:00,0.0002539599694045647,0,0.0,500.0,john_radcliffe_nhs
2022-06-08 20:00:00,0.00024359572518061794,0,0.0,500.0,john_radcliffe_nhs
2022-06-08 21:00:00,0.00023365445139010346,0,0.0,500.0,john_radcliffe_nhs
2022-06-08 22:00:00,0.000224118886380007,0,0.0,500.0,john_radcliffe_nhs
2022-06-08 23:00:00,0.0002149724729547437,0,0.0,500.0,john_radcliffe_nhs
2022-06-09 00:00:00,0.00020619932962686918,0,0.0,500.0,john_radcliffe_nhs
2022-06-09 01:00:00,0.00019778422304106503,0,0.0,500.0,john_radcliffe_nhs
2022-06-09 02:00:00,0.00018971254152351196,0,0.0,500.0,john_radcliffe_nhs
2022-06-09 03:00:00,0.0001819702697107321,0,0.0,500.0,john_radcliffe_nhs
2022-06-09 04:00:00,0.00017454396421384067,0,0.0,500.0,john_radcliffe_nhs
2022-06-09 05:00:00,0.00016742073027595076,0,0.0,500.0,john_radcliffe_nhs
2022-06-09 06:00:00,0.0001605881993822045,0,0.0,500.0,john_radcliffe_nhs
2022-06-09 07:00:00,0.00015403450778355083,0,0.0,500.0,john_radcliffe_nhs
2022-06-09 08:00:00,0.00014774827589697756,0,0.0,500.0,john_radcliffe_nhs
2022-06-09 09:00:00,0.0001417185885464329,0,0.0,500.0,john_radcliffe_nhs
2022-06-09 10:00:00,0.00013593497601012636,0,0.0,500.0,john_radcliffe_nhs
2022-06-09 11:00:00,0.0001303873958412969,0,0.0,500.0,john_radcliffe_nhs
2022-06-09 12:00:00,0.00012506621543088774,0,0.0,500.0,john_radcliffe_nhs
2022-06-09 13:00:00,0.00011996219528184781,0,0.0,500.0,john_radcliffe_nhs
2022-06-09 14:00:00,0.0001150664729660161,0,0.0,500.0,john_radcliffe_nhs
2022-06-09 15:00:00,0.00011037054773573616,0,0.0,500.0,john_radcliffe_nhs
2022-06-09 16:00:00,0.00010586626576347906,0,0.0,500.0,john_radcliffe_nhs
2022-06-09 17:00:00,0.00010154580598384327,0,0.0,500.0,john_radcliffe_nhs
2022-06-09 18:00:00,9.74016665133524e-05,0,0.0,500.0,john_radcliffe_nhs
2022-06-09 19:00:00,9.342665162446785e-05,0,0.0,500.0,john_radcliffe_nhs
2022-06-09 20:00:00,8.961385925119797e-05,0,0.0,500.0,john_radcliffe_nhs
2022-06-09 21:00:00,8.59566690046112e-05,0,0.0,500.0,john_radcliffe_nhs
2022-06-09 22:00:00,8.244873067744296e-05,0,0.0,500.0,john_radcliffe_nhs
2022-06-09 23:00:00,7.90839532178341e-05,0,0.0,500.0,john_radcliffe_nhs
2022-06-10 00:00:00,7.585649415305867e-05,0,0.0,500.0,john_radcliffe_nhs
2022-06-10 01:00:00,7.276074944487491e-05,0,0.0,500.0,john_radcliffe_nhs
2022-06-10 02:00:00,6.979134375888363e-05,0,0.0,500.0,john_radcliffe_nhs
2022-06-10 03:00:00,6.694312113100076e-05,0,0.0,500.0,john_radcliffe_nhs
2022-06-10 04:00:00,6.421113601483592e-05,0,0.0,500.0,john_radcliffe_nhs
2022-06-10 05:00:00,6.159064469443153e-05,0,0.0,500.0,john_radcliffe_nhs
2022-06-10 06:00:00,5.907709704745354e-05,0,0.0,500.0,john_radcliffe_nhs
2022-06-10 07:00:00,5.666612864453087e-05,0,0.0,500.0,john_radcliffe_nhs
2022-06-10 08:00:00,5.435355317102418e-05,0,0.0,500.0,john_radcliffe_nhs
2022-06-10 09:00:00,5.21353551580673e-05,0,0.0,500.0,john_radcliffe_nhs
2022-06-10 10:00:00,5.000768301025871e-05,0,0.0,500.0,john_radcliffe_nhs
2022-06-10 11:00:00,4.796684231789595e-05,0,0.0,500.0,john_radcliffe_nhs
2022-06-10 12:00:00,4.6009289442142196e-05,0,0.0,500.0,john_radcliffe_nhs
2022-06-10 13:00:00,4.413162536198561e-05,0,0.0,500.0,john_radcliffe_nhs
2022-06-10 14:00:00,4.2330589772306875e-05,0,0.0,500.0,john_radcliffe_nhs
2022-06-10 15:00:00,4.060305542280862e-05,0,0.0,500.0,john_radcliffe_nhs
2022-06-10 16:00:00,3.8946022687976073e-05,0,0.0,500.0,john_radcliffe_nhs
2022-06-10 17:00:00,3.735661435863996e-05,0,0.0,500.0,john_radcliffe_nhs
2022-06-10 18:00:00,3.5832070646099266e-05,0,0.0,500.0,john_radcliffe_nhs
2022-06-10 19:00:00,3.436974439012826e-05,0,0.0,500.0,john_radcliffe_nhs
2022-06-10 20:00:00,3.2967096462546993e-05,0,0.0,500.0,john_radcliffe_nhs
2022-06-10 21:00:00,3.1621691358375e-05,0,0.0,500.0,john_radcliffe_nhs
2022-06-10 22:00:00,3.0331192966912463e-05,0,0.0,500.0,john_radcliffe_nhs
2022-06-10 23:00:00,2.9093360515405297e-05,0,0.0,500.0,john_radcliffe_nhs
2022-06-11 00:00:00,2.7906044678252007e-05,0,0.0,500.0,john_radcliffe_nhs
2022-06-11 01:00:00,2.676718384499591e-05,0,0.0,500.0,john_radcliffe_nhs
2022-06-11 02:00:00,2.5674800540622136e-05,0,0.0,500.0,john_radcliffe_nhs
2022-06-11 03:00:00,2.462699799194473e-05,0,0.0,500.0,john_radcliffe_nhs
2022-06-11 04:00:00,2.3621956834121314e-05,0,0.0,500.0,john_radcliffe_nhs
2022-06-11 05:00:00,2.2657931951576336e-05,0,0.0,500.0,john_radcliffe_nhs
2022-06-11 06:00:00,2.173324944784827e-05,0,0.0,500.0,john_radcliffe_nhs
2022-06-11 07:00:00,2.0846303739099075e-05,0,0.0,500.0,john_radcliffe_nhs
2022-06-11 08:00:00,1.999555476623865e-05,0,0.0,500.0,john_radcliffe_nhs
2022-06-11 09:00:00,1.917952532082447e-05,0,0.0,500.0,john_radcliffe_nhs
2022-06-11 10:00:00,1.8396798480092604e-05,0,0.0,500.0,john_radcliffe_nhs
2022-06-11 11:00:00,1.7646015146666253e-05,0,0.0,500.0,john_radcliffe_nhs
2022-06-11 12:00:00,1.692587168867041e-05,0,0.0,500.0,john_radcliffe_nhs
2022-06-11 13:00:00,1.6235117676154716e-05,0,0.0,500.0,john_radcliffe_nhs
2022-06-11 14:00:00,1.5572553709893826e-05,0,0.0,500.0,john_radcliffe_nhs
2022-06-11 15:00:00,1.4937029338795935e-05,0,0.0,500.0,john_radcliffe_nhs
2022-06-11 16:00:00,1.4327441062302951e-05,0,0.0,500.0,john_radcliffe_nhs
2022-06-11 17:00:00,1.3742730414313549e-05,0,0.0,500.0,john_radcliffe_nhs
2022-06-11 18:00:00,1.3181882125302618e-05,0,0.0,500.0,john_radcliffe_nhs
2022-06-11 19:00:00,1.2643922359445678e-05,0,0.0,500.0,john_radcliffe_nhs
2022-06-11 20:00:00,1.2127917023686778e-05,0,0.0,500.0,john_radcliffe_nhs
2022-06-11 21:00:00,1.16329701458148e-05,0,0.0,500.0,john_radcliffe_nhs
2022-06-11 22:00:00,1.115822231873092e-05,0,0.0,500.0,john_radcliffe_nhs
2022-06-11 23:00:00,1.0702849208206568e-05,0,0.0,500.0,john_radcliffe_nhs
2022-06-12 00:00:00,1.0266060121540633e-05,0,0.0,500.0,john_radcliffe_nhs
2022-06-12 01:00:00,9.847096634630339e-06,0,0.0,500.0,john_radcliffe_nhs
2022-06-12 02:00:00,9.445231275072285e-06,0,0.0,500.0,john_radcliffe_nhs
2022-06-12 03:00:00,9.059766259006842e-06,0,0.0,500.0,john_radcliffe_nhs
2022-06-12 04:00:00,8.690032279512467e-06,0,0.0,500.0,john_radcliffe_nhs
2022-06-12 05:00:00,8.33538734444644e-06,0,0.0,500.0,john_radcliffe_nhs
2022-06-12 06:00:00,7.995215661713967e-06,0,0.0,500.0,john_radcliffe_nhs
2022-06-12 07:00:00,7.668926570029904e-06,0,0.0,500.0,john_radcliffe_nhs
2022-06-12 08:00:00,7.355953513316819e-06,0,0.0,500.0,john_radcliffe_nhs
2022-06-12 09:00:00,7.055753056958421e-06,0,0.0,500.0,john_radcliffe_nhs
2022-06-12 10:00:00,6.767803944200094e-06,0,0.0,500.0,john_radcliffe_nhs
2022-06-12 11:00:00,6.491606191058365e-06,0,0.0,500.0,john_radcliffe_nhs
2022-06-12 12:00:00,6.226680218167597e-06,0,0.0,500.0,john_radcliffe_nhs
2022-06-12 13:00:00,5.972566018056391e-06,0,0.0,500.0,john_radcliffe_nhs
2022-06-12 14:00:00,5.728822356407991e-06,0,0.0,500.0,john_radcliffe_nhs
2022-06-12 15:00:00,5.495026005917678e-06,0,0.0,500.0,john_radcliffe_nhs
2022-06-12 16:00:00,5.270771011416777e-06,0,0.0,500.0,john_radcliffe_nhs
2022-06-12 17:00:00,5.055667984987435e-06,0,0.0,500.0,john_radcliffe_nhs
2022-06-12 18:00:00,4.8493434298441515e-06,0,0.0,500.0,john_radcliffe_nhs
2022-06-12 19:00:00,4.65143909180798e-06,0,0.0,500.0,john_radcliffe_nhs
2022-06-12 20:00:00,4.461611337247514e-06,0,0.0,500.0,john_radcliffe_nhs
2022-06-12 21:00:00,4.279530556406421e-06,0,0.0,500.0,john_radcliffe_nhs
2022-06-12 22:00:00,4.1048805910814455e-06,0,0.0,500.0,john_radcliffe_nhs
2022-06-12 23:00:00,3.937358185657246e-06,0,0.0,500.0,john_radcliffe_nhs
2022-06-13 00:00:00,3.776672460544797e-06,0,0.0,500.0,john_radcliffe_nhs
2022-06-13 01:00:00,3.6225444071089986e-06,0,0.0,500.0,john_radcliffe_nhs
2022-06-13 02:00:00,3.4747064032086217e-06,0,0.0,500.0,john_radcliffe_nhs
2022-06-13 03:00:00,3.3329017485073256e-06,0,0.0,500.0,john_radcliffe_nhs
2022-06-13 04:00:00,3.196884218748841e-06,0,0.0,500.0,john_radcliffe_nhs
2022-06-13 05:00:00,3.0664176382224688e-06,0,0.0,500.0,john_radcliffe_nhs
2022-06-13 06:00:00,2.9412754696764976e-06,0,0.0,500.0,john_radcliffe_nhs
2022-06-13 07:00:00,2.8212404209674267e-06,0,0.0,500.0,john_radcliffe_nhs
2022-06-13 08:00:00,2.7061040677620995e-06,0,0.0,500.0,john_radcliffe_nhs
2022-06-13 09:00:00,2.5956664916375597e-06,0,0.0,500.0,john_radcliffe_nhs
2022-06-13 10:00:00,2.4897359329502142e-06,0,0.0,500.0,john_radcliffe_nhs
2022-06-13 11:00:00,2.3881284578716264e-06,0,0.0,500.0,john_radcliffe_nhs
2022-06-13 12:00:00,2.2906676390127703e-06,0,0.0,500.0,john_radcliffe_nhs
2022-06-13 13:00:00,2.197184249082132e-06,0,0.0,500.0,john_radcliffe_nhs
2022-06-13 14:00:00,2.107515967045837e-06,0,0.0,500.0,john_radcliffe_nhs
2022-06-13 15:00:00,2.0215070962795378e-06,0,0.0,500.0,john_radcliffe_nhs
2022-06-13 16:00:00,1.9390082942226416e-06,0,0.0,500.0,john_radcliffe_nhs
2022-06-13 17:00:00,1.8598763130655291e-06,0,0.0,500.0,john_radcliffe_nhs
2022-06-13 18:00:00,1.7839737510194718e-06,0,0.0,500.0,john_radcliffe_nhs
2022-06-13 19:00:00,1.7111688137373209e-06,0,0.0,500.0,john_radcliffe_nhs
2022-06-13 20:00:00,1.6413350854707868e-06,0,0.0,500.0,john_radcliffe_nhs
2022-06-13 21:00:00,1.5743513095669058e-06,0,0.0,500.0,john_radcliffe_nhs
2022-06-13 22:00:00,1.510101177922542e-06,0,0.0,500.0,john_radcliffe_nhs
2022-06-13 23:00:00,1.4484731290313917e-06,0,0.0,500.0,john_radcliffe_nhs
2022-06-14 00:00:00,1.389360154272796e-06,0,0.0,500.0,john_radcliffe_nhs
2022-06-14 01:00:00,1.3326596121059924e-06,0,0.0,500.0,john_radcliffe_nhs
2022-06-14 02:00:00,1.27827304984722e-06,0,0.0,500.0,john_radcliffe_nhs
2022-06-14 03:00:00,1.226106032720198e-06,0,0.0,500.0,john_radcliffe_nhs
2022-06-14 04:00:00,1.1760679798831268e-06,0,0.0,500.0,john_radcliffe_nhs
2022-06-14 05:00:00,1.1280720071475358e-06,0,0.0,500.0,john_radcliffe_nhs
2022-06-14 06:00:00,1.0820347761158615e-06,0,0.0,500.0,john_radcliffe_nhs
2022-06-14 07:00:00,1.0378763494757815e-06,0,0.0,500.0,john_radcliffe_nhs
2022-06-14 08:00:00,9.95520052200088e-07,0,0.0,500.0,john_radcliffe_nhs
2022-06-14 09:00:00,9.54892338411064e-07,0,0.0,500.0,john_radcliffe_nhs
2022-06-14 10:00:00,9.159226636781843e-07,0,0.0,500.0,john_radcliffe_nhs
2022-06-14 11:00:00,8.785433625274324e-07,0,0.0,500.0,john_radcliffe_nhs
2022-06-14 12:00:00,8.426895309495251e-07,0,0.0,500.0,john_radcliffe_nhs
2022-06-14 13:00:00,8.082989137030298e-07,0,0.0,500.0,john_radcliffe_nhs
2022-06-14 14:00:00,7.753117962167143e-07,0,0.0,500.0,john_radcliffe_nhs
2022-06-14 15:00:00,7.436709009034215e-07,0,0.0,500.0,john_radcliffe_nhs
2022-06-14 16:00:00,7.13321287705417e-07,0,0.0,500.0,john_radcliffe_nhs
2022-06-14 17:00:00,6.842102586985494e-07,0,0.0,500.0,john_radcliffe_nhs
2022-06-14 18:00:00,6.562872665895652e-07,0,0.0,500.0,john_radcliffe_nhs
2022-06-14 19:00:00,6.295038269476855e-07,0,0.0,500.0,john_radcliffe_nhs
2022-06-14 20:00:00,6.038134340180747e-07,0,0.0,500.0,john_radcliffe_nhs
2022-06-14 21:00:00,5.791714799710018e-07,0,0.0,500.0,john_radcliffe_nhs
2022-06-14 22:00:00,5.555351774464817e-07,0,0.0,500.0,john_radcliffe_nhs
2022-06-14 23:00:00,5.328634852599188e-07,0,0.0,500.0,john_radcliffe_nhs
2022-06-15 00:00:00,5.111170371397451e-07,0,0.0,500.0,john_radcliffe_nhs
2022-06-15 01:00:00,4.902580733733036e-07,0,0.0,500.0,john_radcliffe_nhs
2022-06-15 02:00:00,4.7025037524231056e-07,0,0.0,500.0,john_radcliffe_nhs
2022-06-15 03:00:00,4.5105920213404067e-07,0,0.0,500.0,john_radcliffe_nhs
2022-06-15 04:00:00,4.3265123121903173e-07,0,0.0,500.0,john_radcliffe_nhs
2022-06-15 05:00:00,4.1499449959058276e-07,0,0.0,500.0,john_radcliffe_nhs
2022-06-15 06:00:00,3.980583487655698e-07,0,0.0,500.0,john_radcliffe_nhs
2022-06-15 07:00:00,3.8181337145020717e-07,0,0.0,500.0,john_radcliffe_nhs
2022-06-15 08:00:00,3.6623136047833346e-07,0,0.0,500.0,john_radcliffe_nhs
2022-06-15 09:00:00,3.512852598335539e-07,0,0.0,500.0,john_radcliffe_nhs
2022-06-15 10:00:00,3.369491176701894e-07,0,0.0,500.0,john_radcliffe_nhs
2022-06-15 11:00:00,3.231980412514716e-07,0,0.0,500.0,john_radcliffe_nhs
2022-06-15 12:00:00,3.1000815372673614e-07,0,0.0,500.0,john_radcliffe_nhs
2022-06-15 13:00:00,2.973565526725545e-07,0,0.0,500.0,john_radcliffe_nhs
2022-06-15 14:00:00,2.8522127032583204e-07,0,0.0,500.0,john_radcliffe_nhs
2022-06-15 15:00:00,2.7358123543981373e-07,0,0.0,500.0,john_radcliffe_nhs
2022-06-15 16:00:00,2.62416236696762e-07,0,0.0,500.0,john_radcliffe_nhs
2022-06-15 17:00:00,2.5170688761379084e-07,0,0.0,500.0,john_radcliffe_nhs
2022-06-15 18:00:00,2.4143459288090256e-07,0,0.0,500.0,john_radcliffe_nhs
2022-06-15 19:00:00,2.3158151607279846e-07,0,0.0,500.0,john_radcliffe_nhs
2022-06-15 20:00:00,2.2213054867837923e-07,0,0.0,500.0,john_radcliffe_nhs
2022-06-15 21:00:00,2.1306528039416934e-07,0,0.0,500.0,john_radcliffe_nhs
2022-06-15 22:00:00,2.0436997063008933e-07,0,0.0,500.0,john_radcliffe_nhs
2022-06-15 23:00:00,1.9602952117808637e-07,0,0.0,500.0,john_radcliffe_nhs
2022-06-16 00:00:00,1.8802944999617277e-07,0,0.0,500.0,john_radcliffe_nhs
2022-06-16 01:00:00,1.8035586606235859e-07,0,0.0,500.0,john_radcliffe_nhs
2022-06-16 02:00:00,1.729954452548026e-07,0,0.0,500.0,john_radcliffe_nhs
2022-06-16 03:00:00,1.6593540721630752e-07,0,0.0,500.0,john_radcliffe_nhs
2022-06-16 04:00:00,1.591634931629936e-07,0,0.0,500.0,john_radcliffe_nhs
2022-06-16 05:00:00,1.5266794459860621e-07,0,0.0,500.0,john_radcliffe_nhs
2022-06-16 06:00:00,1.464374828975049e-07,0,0.0,500.0,john_radcliffe_nhs
2022-06-16 07:00:00,1.4046128972088626e-07,0,0.0,500.0,john_radcliffe_nhs
2022-06-16 08:00:00,1.347289882322266e-07,0,0.0,500.0,john_radcliffe_nhs
2022-06-16 09:00:00,1.2923062507933275e-07,0,0.0,500.0,john_radcliffe_nhs
2022-06-16 10:00:00,1.239566531117196e-07,0,0.0,500.0,john_radcliffe_nhs
2022-06-16 11:00:00,1.1889791480329638e-07,0,0.0,500.0,john_radcliffe_nhs
2022-06-16 12:00:00,1.1404562635158227e-07,0,0.0,500.0,john_radcliffe_nhs
2022-06-16 13:00:00,1.0939136242584571e-07,0,0.0,500.0,john_radcliffe_nhs
2022-06-16 14:00:00,1.0492704153767616e-07,0,0.0,500.0,john_radcliffe_nhs
2022-06-16 15:00:00,1.0064491200859148e-07,0,0.0,500.0,john_radcliffe_nhs
2022-06-16 16:00:00,9.653753851031773e-08,0,0.0,500.0,john_radcliffe_nhs
2022-06-16 17:00:00,9.259778915436439e-08,0,0.0,500.0,john_radcliffe_nhs
2022-06-16 18:00:00,8.881882310848113e-08,0,0.0,500.0,john_radcliffe_nhs
2022-06-16 19:00:00,8.519407871849649e-08,0,0.0,500.0,john_radcliffe_nhs
2022-06-16 20:00:00,8.171726211490803e-08,0,0.0,500.0,john_radcliffe_nhs
2022-06-16 21:00:00,7.838233628444369e-08,0,0.0,500.0,john_radcliffe_nhs
2022-06-16 22:00:00,7.518351058762134e-08,0,0.0,500.0,john_radcliffe_nhs
2022-06-16 23:00:00,7.211523070409984e-08,0,0.0,500.0,john_radcliffe_nhs
2022-06-17 00:00:00,6.91721689883657e-08,0,0.0,500.0,john_radcliffe_nhs
2022-06-17 01:00:00,6.634921521901197e-08,0,0.0,500.0,john_radcliffe_nhs
2022-06-17 02:00:00,6.364146772554162e-08,0,0.0,500.0,john_radcliffe_nhs
2022-06-17 03:00:00,6.104422487729093e-08,0,0.0,500.0,john_radcliffe_nhs
2022-06-17 04:00:00,5.8552976919696754e-08,0,0.0,500.0,john_radcliffe_nhs
2022-06-17 05:00:00,5.616339814372797e-08,0,0.0,500.0,john_radcliffe_nhs
2022-06-17 06:00:00,5.387133937488675e-08,0,0.0,500.0,john_radcliffe_nhs
2022-06-17 07:00:00,5.167282076873969e-08,0,0.0,500.0,john_radcliffe_nhs
2022-06-17 08:00:00,4.9564024900465355e-08,0,0.0,500.0,john_radcliffe_nhs
2022-06-17 09:00:00,4.754129013642111e-08,0,0.0,500.0,john_radcliffe_nhs
2022-06-17 10:00:00,4.560110427622173e-08,0,0.0,500.0,john_radcliffe_nhs
2022-06-17 11:00:00,4.374009845428643e-08,0,0.0,500.0,john_radcliffe_nhs
2022-06-17 12:00:00,4.1955041290267203e-08,0,0.0,500.0,john_radcliffe_nhs
2022-06-17 13:00:00,4.024283327820283e-08,0,0.0,500.0,john_radcliffe_nhs
2022-06-17 14:00:00,3.860050140465302e-08,0,0.0,500.0,john_radcliffe_nhs
2022-06-17 15:00:00,3.702519398646962e-08,0,0.0,500.0,john_radcliffe_nhs
2022-06-17 16:00:00,3.5514175719242273e-08,0,0.0,500.0,john_radcliffe_nhs
2022-06-17 17:00:00,3.406482292781862e-08,0,0.0,500.0,john_radcliffe_nhs
2022-06-17 18:00:00,3.267461901065322e-08,0,0.0,500.0,john_radcliffe_nhs
2022-06-17 19:00:00,3.134115007007635e-08,0,0.0,500.0,john_radcliffe_nhs
2022-06-17 20:00:00,3.0062100720892636e-08,0,0.0,500.0,john_radcliffe_nhs
2022-06-17 21:00:00,2.8835250070033207e-08,0,0.0,500.0,john_radcliffe_nhs
2022-06-17 22:00:00,2.7658467860281355e-08,0,0.0,500.0,john_radcliffe_nhs
2022-06-17 23:00:00,2.6529710771373883e-08,0,0.0,500.0,john_radcliffe_nhs
2022-06-18 00:00:00,2.5447018872056542e-08,0,0.0,500.0,john_radcliffe_nhs
2022-06-18 01:00:00,2.440851221693388e-08,0,0.0,500.0,john_radcliffe_nhs
2022-06-18 02:00:00,2.3412387582202633e-08,0,0.0,500.0,john_radcliffe_nhs
2022-06-18 03:00:00,2.245691533460164e-08,0,0.0,500.0,john_radcliffe_nhs
2022-06-18 04:00:00,2.1540436428142405e-08,0,0.0,500.0,john_radcliffe_nhs
2022-06-18 05:00:00,2.0661359523403867e-08,0,0.0,500.0,john_radcliffe_nhs
2022-06-18 06:00:00,1.9818158224390453e-08,0,0.0,500.0,john_radcliffe_nhs
2022-06-18 07:00:00,1.9009368428156057e-08,0,0.0,500.0,john_radcliffe_nhs
2022-06-18 08:00:00,1.8233585782590647e-08,0,0.0,500.0,john_radcliffe_nhs
2022-06-18 09:00:00,1.7489463247956002e-08,0,0.0,500.0,john_radcliffe_nhs
2022-06-18 10:00:00,1.677570875793712e-08,0,0.0,500.0,john_radcliffe_nhs
2022-06-18 11:00:00,1.609108297614676e-08,0,0.0,500.0,john_radcliffe_nhs
2022-06-18 12:00:00,1.5434397144188286e-08,0,0.0,500.0,john_radcliffe_nhs
2022-06-18 13:00:00,1.480451101754078e-08,0,0.0,500.0,john_radcliffe_nhs
2022-06-18 14:00:00,1.4200330885681228e-08,0,0.0,500.0,john_radcliffe_nhs
2022-06-18 15:00:00,1.3620807673006691e-08,0,0.0,500.0,john_radcliffe_nhs
2022-06-18 16:00:00,1.3064935117259253e-08,0,0.0,500.0,john_radcliffe_nhs
2022-06-18 17:00:00,1.253174802229005e-08,0,0.0,500.0,john_radcliffe_nhs
2022-06-18 18:00:00,1.2020320582128894e-08,0,0.0,500.0,john_radcliffe_nhs
2022-06-18 19:00:00,1.152976477345e-08,0,0.0,500.0,john_radcliffe_nhs
2022-06-18 20:00:00,1.1059228813641598e-08,0,0.0,500.0,john_radcliffe_nhs
2022-06-18 21:00:00,1.0607895681802608e-08,0,0.0,500.0,john_radcliffe_nhs
2022-06-18 22:00:00,1.0174981700098604e-08,0,0.0,500.0,john_radcliffe_nhs
2022-06-18 23:00:00,9.759735173013018e-09,0,0.0,500.0,john_radcliffe_nhs
2022-06-19 00:00:00,9.361435082131307e-09,0,0.0,500.0,john_radcliffe_nhs
2022-06-19 01:00:00,8.97938983419196e-09,0,0.0,500.0,john_radcliffe_nhs
2022-06-19 02:00:00,8.612936060229919e-09,0,0.0,500.0,john_radcliffe_nhs
2022-06-19 03:00:00,8.261437463727646e-09,0,0.0,500.0,john_radcliffe_nhs
2022-06-19 04:00:00,7.924283715774007e-09,0,0.0,500.0,john_radcliffe_nhs
2022-06-19 05:00:00,7.600889395312072e-09,0,0.0,500.0,john_radcliffe_nhs
2022-06-19 06:00:00,7.290692972635983e-09,0,0.0,500.0,john_radcliffe_nhs
2022-06-19 07:00:00,6.99315583437211e-09,0,0.0,500.0,john_radcliffe_nhs
2022-06-19 08:00:00,6.707761348251002e-09,0,0.0,500.0,john_radcliffe_nhs
2022-06-19 09:00:00,6.4340139660465315e-09,0,0.0,500.0,john_radcliffe_nhs
2022-06-19 10:00:00,6.171438363124779e-09,0,0.0,500.0,john_radcliffe_nhs
2022-06-19 11:00:00,5.919578613108178e-09,0,0.0,500.0,john_radcliffe_nhs
2022-06-19 12:00:00,5.677997396222092e-09,0,0.0,500.0,john_radcliffe_nhs
2022-06-19 13:00:00,5.446275239949363e-09,0,0.0,500.0,john_radcliffe_nhs
2022-06-19 14:00:00,5.224009790673983e-09,0,0.0,500.0,john_radcliffe_nhs
2022-06-19 15:00:00,5.010815115049395e-09,0,0.0,500.0,john_radcliffe_nhs
2022-06-19 16:00:00,4.806321029878487e-09,0,0.0,500.0,john_radcliffe_nhs
2022-06-19 17:00:00,4.61017245934139e-09,0,0.0,500.0,john_radcliffe_nhs
2022-06-19 18:00:00,4.422028818455163e-09,0,0.0,500.0,john_radcliffe_nhs
2022-06-19 19:00:00,4.241563421694967e-09,0,0.0,500.0,john_radcliffe_nhs
2022-06-19 20:00:00,4.068462915749583e-09,0,0.0,500.0,john_radcliffe_nhs
2022-06-19 21:00:00,3.9024267354265e-09,0,0.0,500.0,john_radcliffe_nhs
2022-06-19 22:00:00,3.743166581761927e-09,0,0.0,500.0,john_radcliffe_nhs
2022-06-19 23:00:00,3.5904059214292993e-09,0,0.0,500.0,john_radcliffe_nhs
2022-06-20 00:00:00,3.4438795065772006e-09,0,0.0,500.0,john_radcliffe_nhs
2022-06-20 01:00:00,3.303332914263068e-09,0,0.0,500.0,john_radcliffe_nhs
2022-06-20 02:00:00,3.1685221046827464e-09,0,0.0,500.0,john_radcliffe_nhs
2022-06-20 03:00:00,3.039212997428945e-09,0,0.0,500.0,john_radcliffe_nhs
2022-06-20 04:00:00,2.9151810650429025e-09,0,0.0,500.0,john_radcliffe_nhs
2022-06-20 05:00:00,2.7962109431533476e-09,0,0.0,500.0,john_radcliffe_nhs
2022-06-20 06:00:00,2.6820960565258872e-09,0,0.0,500.0,john_radcliffe_nhs
2022-06-20 07:00:00,2.572638260373623e-09,0,0.0,500.0,john_radcliffe_nhs
2022-06-20 08:00:00,2.467647496305979e-09,0,0.0,500.0,john_radcliffe_nhs
2022-06-20 09:00:00,2.3669414623184532e-09,0,0.0,500.0,john_radcliffe_nhs
2022-06-20 10:00:00,2.2703452962503442e-09,0,0.0,500.0,john_radcliffe_nhs
2022-06-20 11:00:00,2.1776912721606584e-09,0,0.0,500.0,john_radcliffe_nhs
2022-06-20 12:00:00,2.0888185090950876e-09,0,0.0,500.0,john_radcliffe_nhs
2022-06-20 13:00:00,2.0035726917384343e-09,0,0.0,500.0,john_radcliffe_nhs
2022-06-20 14:00:00,1.921805802467288e-09,0,0.0,500.0,john_radcliffe_nhs
2022-06-20 15:00:00,1.8433758643377877e-09,0,0.0,500.0,john_radcliffe_nhs
2022-06-20 16:00:00,1.7681466945622488e-09,0,0.0,500.0,john_radcliffe_nhs
2022-06-20 17:00:00,1.6959876680464846e-09,0,0.0,500.0,john_radcliffe_nhs
2022-06-20 18:00:00,1.6267734905772989e-09,0,0.0,500.0,john_radcliffe_nhs
2022-06-20 19:00:00,1.5603839812663751e-09,0,0.0,500.0,john_radcliffe_nhs
2022-06-20 20:00:00,1.4967038638726936e-09,0,0.0,500.0,john_radcliffe_nhs
2022-06-20 21:00:00,1.4356225666411966e-09,0,0.0,500.0,john_radcliffe_nhs
2022-06-20 22:00:00,1.3770340303101955e-09,0,0.0,500.0,john_radcliffe_nhs
2022-06-20 23:00:00,1.320836523954048e-09,0,0.0,500.0,john_radcliffe_nhs
2022-06-21 00:00:00,1.2669324683414077e-09,0,0.0,500.0,john_radcliffe_nhs
2022-06-21 01:00:00,1.2152282665023337e-09,0,0.0,500.0,john_radcliffe_nhs
2022-06-21 02:00:00,1.1656341412100512e-09,0,0.0,500.0,john_radcliffe_nhs
2022-06-21 03:00:00,1.118063979095148e-09,0,0.0,500.0,john_radcliffe_nhs
2022-06-21 04:00:00,1.0724351811215567e-09,0,0.0,500.0,john_radcliffe_nhs
2022-06-21 05:00:00,1.028668519164725e-09,0,0.0,500.0,john_radcliffe_nhs
2022-06-21 06:00:00,9.866879984428761e-10,0,0.0,500.0,john_radcliffe_nhs
2022-06-21 07:00:00,9.464207255625235e-10,0,0.0,500.0,john_radcliffe_nhs
2022-06-21 08:00:00,9.077967819491524e-10,0,0.0,500.0,john_radcliffe_nhs
2022-06-21 09:00:00,8.707491024432321e-10,0,0.0,500.0,john_radcliffe_nhs
2022-06-21 10:00:00,8.352133588507922e-10,0,0.0,500.0,john_radcliffe_nhs
2022-06-21 11:00:00,8.011278482463903e-10,0,0.0,500.0,john_radcliffe_nhs
2022-06-21 12:00:00,7.68433385834469e-10,0,0.0,500.0,john_radcliffe_nhs
2022-06-21 13:00:00,7.370732021831005e-10,0,0.0,500.0,john_radcliffe_nhs
2022-06-21 14:00:00,7.069928446517012e-10,0,0.0,500.0,john_radcliffe_nhs
2022-06-21 15:00:00,6.781400828415122e-10,0,0.0,500.0,john_radcliffe_nhs
2022-06-21 16:00:00,6.504648179046954e-10,0,0.0,500.0,john_radcliffe_nhs
2022-06-21 17:00:00,6.239189955545984e-10,0,0.0,500.0,john_radcliffe_nhs
2022-06-21 18:00:00,5.984565226260954e-10,0,0.0,500.0,john_radcliffe_nhs
2022-06-21 19:00:00,5.740331870411465e-10,0,0.0,500.0,john_radcliffe_nhs
2022-06-21 20:00:00,5.50606581040625e-10,0,0.0,500.0,john_radcliffe_nhs
2022-06-21 21:00:00,5.28136027549077e-10,0,0.0,500.0,john_radcliffe_nhs
2022-06-21 22:00:00,5.065825095445755e-10,0,0.0,500.0,john_radcliffe_nhs
2022-06-21 23:00:00,4.859086023110455e-10,0,0.0,500.0,john_radcliffe_nhs
2022-06-22 00:00:00,4.660784084553931e-10,0,0.0,500.0,john_radcliffe_nhs
2022-06-22 01:00:00,4.470574955766191e-10,0,0.0,500.0,john_radcliffe_nhs
2022-06-22 02:00:00,4.2881283647870777e-10,0,0.0,500.0,john_radcliffe_nhs
2022-06-22 03:00:00,4.1131275182344226e-10,0,0.0,500.0,john_radcliffe_nhs
2022-06-22 04:00:00,3.945268551235928e-10,0,0.0,500.0,john_radcliffe_nhs
2022-06-22 05:00:00,3.784259999809742e-10,0,0.0,500.0,john_radcliffe_nhs
2022-06-22 06:00:00,3.629822294777342e-10,0,0.0,500.0,john_radcliffe_nhs
2022-06-22 07:00:00,3.481687276330121e-10,0,0.0,500.0,john_radcliffe_nhs
2022-06-22 08:00:00,3.339597728406879e-10,0,0.0,500.0,john_radcliffe_nhs
2022-06-22 09:00:00,3.203306932073513e-10,0,0.0,500.0,john_radcliffe_nhs
2022-06-22 10:00:00,3.0725782371295284e-10,0,0.0,500.0,john_radcliffe_nhs
2022-06-22 11:00:00,2.9471846511976213e-10,0,0.0,500.0,john_radcliffe_nhs
2022-06-22 12:00:00,2.8269084455826376e-10,0,0.0,500.0,john_radcliffe_nhs
2022-06-22 13:00:00,2.7115407772156447e-10,0,0.0,500.0,john_radcliffe_nhs
2022-06-22 14:00:00,2.600881326026762e-10,0,0.0,500.0,john_radcliffe_nhs
2022-06-22 15:00:00,2.4947379471169113e-10,0,0.0,500.0,john_radcliffe_nhs
2022-06-22 16:00:00,2.392926337124633e-10,0,0.0,500.0,john_radcliffe_nhs
2022-06-22 17:00:00,2.2952697142087327e-10,0,0.0,500.0,john_radcliffe_nhs
2022-06-22 18:00:00,2.2015985110909263e-10,0,0.0,500.0,john_radcliffe_nhs
2022-06-22 19:00:00,2.1117500806255897e-10,0,0.0,500.0,john_radcliffe_nhs
2022-06-22 20:00:00,2.025568413385436e-10,0,0.0,500.0,john_radcliffe_nhs
2022-06-22 21:00:00,1.9429038667725993e-10,0,0.0,500.0,john_radcliffe_nhs
2022-06-22 22:00:00,1.8636129051848528e-10,0,0.0,500.0,john_radcliffe_nhs
2022-06-22 23:00:00,1.7875578507858405e-10,0,0.0,500.0,john_radcliffe_nhs
2022-06-23 00:00:00,1.7146066444464524e-10,0,0.0,500.0,john_radcliffe_nhs
2022-06-23 01:00:00,1.644632616442312e-10,0,0.0,500.0,john_radcliffe_nhs
2022-06-23 02:00:00,1.5775142665092808e-10,0,0.0,500.0,john_radcliffe_nhs
2022-06-23 03:00:00,1.5131350528749608e-10,0,0.0,500.0,john_radcliffe_nhs
2022-06-23 04:00:00,1.451383189899939e-10,0,0.0,500.0,john_radcliffe_nhs
2022-06-23 05:00:00,1.3921514539774504e-10,0,0.0,500.0,john_radcliffe_nhs
2022-06-23 06:00:00,1.335336997354331e-10,0,0.0,500.0,john_radcliffe_nhs
2022-06-23 07:00:00,1.2808411695500458e-10,0,0.0,500.0,john_radcliffe_nhs
2022-06-23 08:00:00,1.2285693460637408e-10,0,0.0,500.0,john_radcliffe_nhs
2022-06-23 09:00:00,1.1784307640718113e-10,0,0.0,500.0,john_radcliffe_nhs
2022-06-23 10:00:00,1.130338364830746e-10,0,0.0,500.0,john_radcliffe_nhs
2022-06-23 11:00:00,1.084208642511633e-10,0,0.0,500.0,john_radcliffe_nhs
2022-06-23 12:00:00,1.0399614992037714e-10,0,0.0,500.0,john_radcliffe_nhs
2022-06-23 13:00:00,9.975201058356698e-11,0,0.0,500.0,john_radcliffe_nhs
2022-06-23 14:00:00,9.56810768771965e-11,0,0.0,500.0,john_radcliffe_nhs
2022-06-23 15:00:00,9.177628018545604e-11,0,0.0,500.0,john_radcliffe_nhs
2022-06-23 16:00:00,8.803084036658365e-11,0,0.0,500.0,john_radcliffe_nhs
2022-06-23 17:00:00,8.443825398008447e-11,0,0.0,500.0,john_radcliffe_nhs
2022-06-23 18:00:00,8.099228299440093e-11,0,0.0,500.0,john_radcliffe_nhs
2022-06-23 19:00:00,7.768694395542904e-11,0,0.0,500.0,john_radcliffe_nhs
2022-06-23 20:00:00,7.451649759707593e-11,0,0.0,500.0,john_radcliffe_nhs
2022-06-23 21:00:00,7.147543887581383e-11,0,0.0,500.0,john_radcliffe_nhs
2022-06-23 22:00:00,6.855848741192918e-11,0,0.0,500.0,john_radcliffe_nhs
2022-06-23 23:00:00,6.576057832087195e-11,0,0.0,500.0,john_radcliffe_nhs
2022-06-24 00:00:00,6.307685341878029e-11,0,0.0,500.0,john_radcliffe_nhs
2022-06-24 01:00:00,6.050265278691247e-11,0,0.0,500.0,john_radcliffe_nhs
2022-06-24 02:00:00,5.803350668034119e-11,0,0.0,500.0,john_radcliffe_nhs
2022-06-24 03:00:00,5.5665127766856145e-11,0,0.0,500.0,john_radcliffe_nhs
2022-06-24 04:00:00,5.339340368260149e-11,0,0.0,500.0,john_radcliffe_nhs
2022-06-24 05:00:00,5.1214389891523526e-11,0,0.0,500.0,john_radcliffe_nhs
2022-06-24 06:00:00,4.91243028362263e-11,0,0.0,500.0,john_radcliffe_nhs
2022-06-24 07:00:00,4.7119513368344746e-11,0,0.0,500.0,john_radcliffe_nhs
2022-06-24 08:00:00,4.5196540447029324e-11,0,0.0,500.0,john_radcliffe_nhs
2022-06-24 09:00:00,4.335204509459737e-11,0,0.0,500.0,john_radcliffe_nhs
2022-06-24 10:00:00,4.158282459885767e-11,0,0.0,500.0,john_radcliffe_nhs
2022-06-24 11:00:00,3.9885806952042763e-11,0,0.0,500.0,john_radcliffe_nhs
2022-06-24 12:00:00,3.825804551668988e-11,0,0.0,500.0,john_radcliffe_nhs
2022-06-24 13:00:00,3.669671390921042e-11,0,0.0,500.0,john_radcliffe_nhs
2022-06-24 14:00:00,3.519910109226486e-11,0,0.0,500.0,john_radcliffe_nhs
2022-06-24 15:00:00,3.3762606667419285e-11,0,0.0,500.0,john_radcliffe_nhs
2022-06-24 16:00:00,3.238473635991124e-11,0,0.0,500.0,john_radcliffe_nhs
2022-06-24 17:00:00,3.106309768768579e-11,0,0.0,500.0,john_radcliffe_nhs
2022-06-24 18:00:00,2.979539580717953e-11,0,0.0,500.0,john_radcliffe_nhs
2022-06-24 19:00:00,2.857942952864039e-11,0,0.0,500.0,john_radcliffe_nhs
2022-06-24 20:00:00,2.7413087494065416e-11,0,0.0,500.0,john_radcliffe_nhs
2022-06-24 21:00:00,2.629434451111797e-11,0,0.0,500.0,john_radcliffe_nhs
2022-06-24 22:00:00,2.522125803665987e-11,0,0.0,500.0,john_radcliffe_nhs
2022-06-24 23:00:00,2.419196480379324e-11,0,0.0,500.0,john_radcliffe_nhs
2022-06-25 00:00:00,2.3204677586553872e-11,0,0.0,500.0,john_radcliffe_nhs
2022-06-25 01:00:00,2.2257682096639167e-11,0,0.0,500.0,john_radcliffe_nhs
2022-06-25 02:00:00,2.1349334006783084e-11,0,0.0,500.0,john_radcliffe_nhs
2022-06-25 03:00:00,2.0478056095607977e-11,0,0.0,500.0,john_radcliffe_nhs
2022-06-25 04:00:00,1.9642335508996665e-11,0,0.0,500.0,john_radcliffe_nhs
2022-06-25 05:00:00,1.884072113323004e-11,0,0.0,500.0,john_radcliffe_nhs
2022-06-25 06:00:00,1.807182107532763e-11,0,0.0,500.0,john_radcliffe_nhs
2022-06-25 07:00:00,1.7334300246216973e-11,0,0.0,500.0,john_radcliffe_nhs
2022-06-25 08:00:00,1.662687804253564e-11,0,0.0,500.0,john_radcliffe_nhs
2022-06-25 09:00:00,1.5948326123039646e-11,0,0.0,500.0,john_radcliffe_nhs
2022-06-25 10:00:00,1.5297466275757866e-11,0,0.0,500.0,john_radcliffe_nhs
2022-06-25 11:00:00,1.4673168372189522e-11,0,0.0,500.0,john_radcliffe_nhs
2022-06-25 12:00:00,1.4074348404991478e-11,0,0.0,500.0,john_radcliffe_nhs
2022-06-25 13:00:00,1.3499966605748624e-11,0,0.0,500.0,john_radcliffe_nhs
2022-06-25 14:00:00,1.2949025639559502e-11,0,0.0,500.0,john_radcliffe_nhs
2022-06-25 15:00:00,1.2420568873301419e-11,0,0.0,500.0,john_radcliffe_nhs
2022-06-25 16:00:00,1.1913678714568634e-11,0,0.0,500.0,john_radcliffe_nhs
2022-06-25 17:00:00,1.142747501839977e-11,0,0.0,500.0,john_radcliffe_nhs
2022-06-25 18:00:00,1.0961113559027142e-11,0,0.0,500.0,john_radcliffe_nhs
2022-06-25 19:00:00,1.0513784563994844e-11,0,0.0,500.0,john_radcliffe_nhs
2022-06-25 20:00:00,1.0084711308100641e-11,0,0.0,500.0,john_radcliffe_nhs
2022-06-25 21:00:00,9.673148764719462e-12,0,0.0,500.0,john_radcliffe_nhs
2022-06-25 22:00:00,9.27838231216718e-12,0,0.0,500.0,john_radcliffe_nhs
2022-06-25 23:00:00,8.899726492858657e-12,0,0.0,500.0,john_radcliffe_nhs
2022-06-26 00:00:00,8.536523823104932e-12,0,0.0,500.0,john_radcliffe_nhs
2022-06-26 01:00:00,8.188143651483234e-12,0,0.0,500.0,john_radcliffe_nhs
2022-06-26 02:00:00,7.85398106379783e-12,0,0.0,500.0,john_radcliffe_nhs
2022-06-26 03:00:00,7.53345583272971e-12,0,0.0,500.0,john_radcliffe_nhs
2022-06-26 04:00:00,7.226011410351673e-12,0,0.0,500.0,john_radcliffe_nhs
2022-06-26 05:00:00,6.93111396175965e-12,0,0.0,500.0,john_radcliffe_nhs
2022-06-26 06:00:00,6.648251438141823e-12,0,0.0,500.0,john_radcliffe_nhs
2022-06-26 07:00:00,6.376932687676295e-12,0,0.0,500.0,john_radcliffe_nhs
2022-06-26 08:00:00,6.116686602713735e-12,0,0.0,500.0,john_radcliffe_nhs
2022-06-26 09:00:00,5.867061301763741e-12,0,0.0,500.0,john_radcliffe_nhs
2022-06-26 10:00:00,5.627623344864788e-12,0,0.0,500.0,john_radcliffe_nhs
2022-06-26 11:00:00,5.397956980975563e-12,0,0.0,500.0,john_radcliffe_nhs
2022-06-26 12:00:00,5.177663426080446e-12,0,0.0,500.0,john_radcliffe_nhs
2022-06-26 13:00:00,4.9663601707559366e-12,0,0.0,500.0,john_radcliffe_nhs
2022-06-26 14:00:00,4.763680315995829e-12,0,0.0,500.0,john_radcliffe_nhs
2022-06-26 15:00:00,4.569271936141538e-12,0,0.0,500.0,john_radcliffe_nhs
2022-06-26 16:00:00,4.382797467811617e-12,0,0.0,500.0,john_radcliffe_nhs
2022-06-26 17:00:00,4.203933123769525e-12,0,0.0,500.0,john_radcliffe_nhs
2022-06-26 18:00:00,4.032368330711624e-12,0,0.0,500.0,john_radcliffe_nhs
2022-06-26 19:00:00,3.86780518999936e-12,0,0.0,500.0,john_radcliffe_nhs
2022-06-26 20:00:00,3.709957960399388e-12,0,0.0,500.0,john_radcliffe_nhs
2022-06-26 21:00:00,3.5585525619332232e-12,0,0.0,500.0,john_radcliffe_nhs
2022-06-26 22:00:00,3.413326099975057e-12,0,0.0,500.0,john_radcliffe_nhs
2022-06-26 23:00:00,3.2740264087715233e-12,0,0.0,500.0,john_radcliffe_nhs
2022-06-27 00:00:00,3.1404116135905464e-12,0,0.0,500.0,john_radcliffe_nhs
2022-06-27 01:00:00,3.012249710739145e-12,0,0.0,500.0,john_radcliffe_nhs
2022-06-27 02:00:00,2.889318164721036e-12,0,0.0,500.0,john_radcliffe_nhs
2022-06-27 03:00:00,2.7714035218343484e-12,0,0.0,500.0,john_radcliffe_nhs
2022-06-27 04:00:00,2.658301039538639e-12,0,0.0,500.0,john_radcliffe_nhs
2022-06-27 05:00:00,2.549814330947722e-12,0,0.0,500.0,john_radcliffe_nhs
2022-06-27 06:00:00,2.4457550238308515e-12,0,0.0,500.0,john_radcliffe_nhs
2022-06-27 07:00:00,2.3459424335302595e-12,0,0.0,500.0,john_radcliffe_nhs
2022-06-27 08:00:00,2.250203249227177e-12,0,0.0,500.0,john_radcliffe_nhs
2022-06-27 09:00:00,2.15837123301144e-12,0,0.0,500.0,john_radcliffe_nhs
2022-06-27 10:00:00,2.0702869312322218e-12,0,0.0,500.0,john_radcliffe_nhs
2022-06-27 11:00:00,1.985797397628776e-12,0,0.0,500.0,john_radcliffe_nhs
2022-06-27 12:00:00,1.9047559277602897e-12,0,0.0,500.0,john_radcliffe_nhs
2022-06-27 13:00:00,1.827021804273803e-12,0,0.0,500.0,john_radcliffe_nhs
2022-06-27 14:00:00,1.752460052567945e-12,0,0.0,500.0,john_radcliffe_nhs
2022-06-27 15:00:00,1.680941206428103e-12,0,0.0,500.0,john_radcliffe_nhs
2022-06-27 16:00:00,1.61234108322615e-12,0,0.0,500.0,john_radcliffe_nhs
2022-06-27 17:00:00,1.5465405682944488e-12,0,0.0,500.0,john_radcliffe_nhs
2022-06-27 18:00:00,1.483425408099614e-12,0,0.0,500.0,john_radcliffe_nhs
2022-06-27 19:00:00,1.4228860118569688e-12,0,0.0,500.0,john_radcliffe_nhs
2022-06-27 20:00:00,1.3648172612412709e-12,0,0.0,500.0,john_radcliffe_nhs
2022-06-27 21:00:00,1.3091183278631987e-12,0,0.0,500.0,john_radcliffe_nhs
2022-06-27 22:00:00,1.2556924981947228e-12,0,0.0,500.0,john_radcliffe_nhs
2022-06-27 23:00:00,1.2044470056394121e-12,0,0.0,500.0,john_radcliffe_nhs
2022-06-28 00:00:00,1.1552928694559977e-12,0,0.0,500.0,john_radcliffe_nhs
2022-06-28 01:00:00,1.1081447402555554e-12,0,0.0,500.0,john_radcliffe_nhs
2022-06-28 02:00:00,1.062920751804072e-12,0,0.0,500.0,john_radcliffe_nhs
2022-06-28 03:00:00,1.0195423788729873e-12,0,0.0,500.0,john_radcliffe_nhs
2022-06-28 04:00:00,9.779343008909387e-13,0,0.0,500.0,john_radcliffe_nhs
2022-06-28 05:00:00,9.38024271159983e-13,0,0.0,500.0,john_radcliffe_nhs
2022-06-28 06:00:00,8.997429914091413e-13,0,0.0,500.0,john_radcliffe_nhs
2022-06-28 07:00:00,8.630239914674852e-13,0,0.0,500.0,john_radcliffe_nhs
2022-06-28 08:00:00,8.278035138478576e-13,0,0.0,500.0,john_radcliffe_nhs
2022-06-28 09:00:00,7.940204030407653e-13,0,0.0,500.0,john_radcliffe_nhs
2022-06-28 10:00:00,7.616159993262498e-13,0,0.0,500.0,john_radcliffe_nhs
2022-06-28 11:00:00,7.305340369193786e-13,0,0.0,500.0,john_radcliffe_nhs
2022-06-28 12:00:00,7.007205462724476e-13,0,0.0,500.0,john_radcliffe_nhs
2022-06-28 13:00:00,6.721237603642868e-13,0,0.0,500.0,john_radcliffe_nhs
2022-06-28 14:00:00,6.446940248139721e-13,0,0.0,500.0,john_radcliffe_nhs
2022-06-28 15:00:00,6.183837116628207e-13,0,0.0,500.0,john_radcliffe_nhs
2022-06-28 16:00:00,5.93147136674994e-13,0,0.0,500.0,john_radcliffe_nhs
2022-06-28 17:00:00,5.689404800131267e-13,0,0.0,500.0,john_radcliffe_nhs
2022-06-28 18:00:00,5.457217101512047e-13,0,0.0,500.0,john_radcliffe_nhs
2022-06-28 19:00:00,5.234505108926039e-13,0,0.0,500.0,john_radcliffe_nhs
2022-06-28 20:00:00,5.020882113665772e-13,0,0.0,500.0,john_radcliffe_nhs
2022-06-28 21:00:00,4.815977188816065e-13,0,0.0,500.0,john_radcliffe_nhs
2022-06-28 22:00:00,4.619434545190469e-13,0,0.0,500.0,john_radcliffe_nhs
2022-06-28 23:00:00,4.4309129135524394e-13,0,0.0,500.0,john_radcliffe_nhs
2022-06-29 00:00:00,4.250084952048245e-13,0,0.0,500.0,john_radcliffe_nhs
2022-06-29 01:00:00,4.0766366778228683e-13,0,0.0,500.0,john_radcliffe_nhs
2022-06-29 02:00:00,3.9102669218321133e-13,0,0.0,500.0,john_radcliffe_nhs
2022-06-29 03:00:00,3.750686805903974e-13,0,0.0,500.0,john_radcliffe_nhs
2022-06-29 04:00:00,3.5976192411414366e-13,0,0.0,500.0,john_radcliffe_nhs
2022-06-29 05:00:00,3.45079844679584e-13,0,0.0,500.0,john_radcliffe_nhs
2022-06-29 06:00:00,3.3099694887751673e-13,0,0.0,500.0,john_radcliffe_nhs
2022-06-29 07:00:00,3.17488783698606e-13,0,0.0,500.0,john_radcliffe_nhs
2022-06-29 08:00:00,3.0453189407410616e-13,0,0.0,500.0,john_radcliffe_nhs
2022-06-29 09:00:00,2.9210378214936015e-13,0,0.0,500.0,john_radcliffe_nhs
2022-06-29 10:00:00,2.801828682193704e-13,0,0.0,500.0,john_radcliffe_nhs
2022-06-29 11:00:00,2.687484532586188e-13,0,0.0,500.0,john_radcliffe_nhs
2022-06-29 12:00:00,2.577806829800558e-13,0,0.0,500.0,john_radcliffe_nhs
2022-06-29 13:00:00,2.472605133608623e-13,0,0.0,500.0,john_radcliffe_nhs
2022-06-29 14:00:00,2.3716967757513205e-13,0,0.0,500.0,john_radcliffe_nhs
2022-06-29 15:00:00,2.2749065427604075e-13,0,0.0,500.0,john_radcliffe_nhs
2022-06-29 16:00:00,2.1820663717243793e-13,0,0.0,500.0,john_radcliffe_nhs
2022-06-29 17:00:00,2.0930150584704118e-13,0,0.0,500.0,john_radcliffe_nhs
2022-06-29 18:00:00,2.0075979776554902e-13,0,0.0,500.0,john_radcliffe_nhs
2022-06-29 19:00:00,1.9256668142807712e-13,0,0.0,500.0,john_radcliffe_nhs
2022-06-29 20:00:00,1.8470793061630545e-13,0,0.0,500.0,john_radcliffe_nhs
2022-06-29 21:00:00,1.7716989969160682e-13,0,0.0,500.0,john_radcliffe_nhs
2022-06-29 22:00:00,1.6993949990127258e-13,0,0.0,500.0,john_radcliffe_nhs
2022-06-29 23:00:00,1.630041766516999e-13,0,0.0,500.0,john_radcliffe_nhs
2022-06-30 00:00:00,1.5635188770906648e-13,0,0.0,500.0,john_radcliffe_nhs
2022-06-30 01:00:00,1.499710822896482e-13,0,0.0,500.0,john_radcliffe_nhs
2022-06-30 02:00:00,1.4385068100347736e-13,0,0.0,500.0,john_radcliffe_nhs
2022-06-30 03:00:00,1.379800566165056e-13,0,0.0,500.0,john_radcliffe_nhs
2022-06-30 04:00:00,1.3234901559787401e-13,0,0.0,500.0,john_radcliffe_nhs
2022-06-30 05:00:00,1.269477804202535e-13,0,0.0,500.0,john_radcliffe_nhs
2022-06-30 06:00:00,1.217669725825133e-13,0,0.0,500.0,john_radcliffe_nhs
2022-06-30 07:00:00,1.1679759632524412e-13,0,0.0,500.0,john_radcliffe_nhs
2022-06-30 08:00:00,1.1203102301086306e-13,0,0.0,500.0,john_radcliffe_nhs
2022-06-30 09:00:00,1.0745897614117137e-13,0,0.0,500.0,john_radcliffe_nhs
2022-06-30 10:00:00,1.0307351698635387e-13,0,0.0,500.0,john_radcliffe_nhs
2022-06-30 11:00:00,9.886703080047018e-14,0,0.0,500.0,john_radcliffe_nhs
2022-06-30 12:00:00,9.483221359949565e-14,0,0.0,500.0,john_radcliffe_nhs
2022-06-30 13:00:00,9.096205947895795e-14,0,0.0,500.0,john_radcliffe_nhs
2022-06-30 14:00:00,8.724984844915074e-14,0,0.0,500.0,john_radcliffe_nhs
2022-06-30 15:00:00,8.368913476679567e-14,0,0.0,500.0,john_radcliffe_nhs
2022-06-30 16:00:00,8.027373574289614e-14,0,0.0,500.0,john_radcliffe_nhs
2022-06-30 17:00:00,7.699772100735088e-14,0,0.0,500.0,john_radcliffe_nhs
2022-06-30 18:00:00,7.385540221168195e-14,0,0.0,500.0,john_radcliffe_nhs
2022-06-30 19:00:00,7.084132315200018e-14,0,0.0,500.0,john_radcliffe_nhs
2022-06-30 20:00:00,6.795025029505999e-14,0,0.0,500.0,john_radcliffe_nhs
2022-06-30 21:00:00,6.51771636909488e-14,0,0.0,500.0,john_radcliffe_nhs
2022-06-30 22:00:00,6.251724825663453e-14,0,0.0,500.0,john_radcliffe_nhs
2022-06-30 23:00:00,5.996588541523842e-14,0,0.0,500.0,john_radcliffe_nhs
2022-07-01 00:00:00,5.751864507651146e-14,0,0.0,500.0,john_radcliffe_nhs
2022-07-01 01:00:00,5.5171277944592174e-14,0,0.0,500.0,john_radcliffe_nhs
2022-07-01 02:00:00,5.291970813969067e-14,0,0.0,500.0,john_radcliffe_nhs
2022-07-01 03:00:00,5.076002612088406e-14,0,0.0,500.0,john_radcliffe_nhs
2022-07-01 04:00:00,4.8688481897736396e-14,0,0.0,500.0,john_radcliffe_nhs
2022-07-01 05:00:00,4.670147851895782e-14,0,0.0,500.0,john_radcliffe_nhs
2022-07-01 06:00:00,4.479556582679334e-14,0,0.0,500.0,john_radcliffe_nhs
2022-07-01 07:00:00,4.296743446629851e-14,0,0.0,500.0,john_radcliffe_nhs
2022-07-01 08:00:00,4.1213910139101293e-14,0,0.0,500.0,john_radcliffe_nhs
2022-07-01 09:00:00,3.9531948091669474e-14,0,0.0,500.0,john_radcliffe_nhs
2022-07-01 10:00:00,3.7918627828515023e-14,0,0.0,500.0,john_radcliffe_nhs
2022-07-01 11:00:00,3.6371148041156744e-14,0,0.0,500.0,john_radcliffe_nhs
2022-07-01 12:00:00,3.488682174403331e-14,0,0.0,500.0,john_radcliffe_nhs
2022-07-01 13:00:00,3.346307160892255e-14,0,0.0,500.0,john_radcliffe_nhs
2022-07-01 14:00:00,3.20974254897666e-14,0,0.0,500.0,john_radcliffe_nhs
2022-07-01 15:00:00,3.0787512130130205e-14,0,0.0,500.0,john_radcliffe_nhs
2022-07-01 16:00:00,2.9531057045840663e-14,0,0.0,500.0,john_radcliffe_nhs
2022-07-01 17:00:00,2.8325878575658963e-14,0,0.0,500.0,john_radcliffe_nhs
2022-07-01 18:00:00,2.716988409312556e-14,0,0.0,500.0,john_radcliffe_nhs
2022-07-01 19:00:00,2.606106637300338e-14,0,0.0,500.0,john_radcliffe_nhs
2022-07-01 20:00:00,2.4997500106006387e-14,0,0.0,500.0,john_radcliffe_nhs
2022-07-01 21:00:00,2.3977338555765775e-14,0,0.0,500.0,john_radcliffe_nhs
2022-07-01 22:00:00,2.299881035222704e-14,0,0.0,500.0,john_radcliffe_nhs
2022-07-01 23:00:00,2.2060216415908735e-14,0,0.0,500.0,john_radcliffe_nhs
2022-07-02 00:00:00,2.1159927007685498e-14,0,0.0,500.0,john_radcliffe_nhs
2022-07-02 01:00:00,2.029637889897089e-14,0,0.0,500.0,john_radcliffe_nhs
2022-07-02 02:00:00,1.94680726573853e-14,0,0.0,500.0,john_radcliffe_nhs
2022-07-02 03:00:00,1.8673570043198577e-14,0,0.0,500.0,john_radcliffe_nhs
2022-07-02 04:00:00,1.7911491512025152e-14,0,0.0,500.0,john_radcliffe_nhs
2022-07-02 05:00:00,1.7180513819434382e-14,0,0.0,500.0,john_radcliffe_nhs
2022-07-02 06:00:00,1.6479367723319233e-14,0,0.0,500.0,john_radcliffe_nhs
2022-07-02 07:00:00,1.5806835780032466e-14,0,0.0,500.0,john_radcliffe_nhs
2022-07-02 08:00:00,1.516175023046268e-14,0,0.0,500.0,john_radcliffe_nhs
2022-07-02 09:00:00,1.454299097238178e-14,0,0.0,500.0,john_radcliffe_nhs
2022-07-02 10:00:00,1.394948361554201e-14,0,0.0,500.0,john_radcliffe_nhs
2022-07-02 11:00:00,1.3380197616144589e-14,0,0.0,500.0,john_radcliffe_nhs
2022-07-02 12:00:00,1.2834144487442652e-14,0,0.0,500.0,john_radcliffe_nhs
2022-07-02 13:00:00,1.2310376083370386e-14,0,0.0,500.0,john_radcliffe_nhs
2022-07-02 14:00:00,1.1807982952217388e-14,0,0.0,500.0,john_radcliffe_nhs
2022-07-02 15:00:00,1.1326092757491301e-14,0,0.0,500.0,john_radcliffe_nhs
2022-07-02 16:00:00,1.0863868763225848e-14,0,0.0,500.0,john_radcliffe_nhs
2022-07-02 17:00:00,1.0420508381103551e-14,0,0.0,500.0,john_radcliffe_nhs
2022-07-02 18:00:00,9.995241776871892e-15,0,0.0,500.0,john_radcliffe_nhs
2022-07-02 19:00:00,9.587330533632352e-15,0,0.0,500.0,john_radcliffe_nhs
2022-07-02 20:00:00,9.1960663696807e-15,0,0.0,500.0,john_radcliffe_nhs
2022-07-02 21:00:00,8.820769908673593e-15,0,0.0,500.0,john_radcliffe_nhs
2022-07-02 22:00:00,8.460789499985267e-15,0,0.0,500.0,john_radcliffe_nhs
2022-07-02 23:00:00,8.115500087205582e-15,0,0.0,500.0,john_radcliffe_nhs
2022-07-03 00:00:00,7.78430212281585e-15,0,0.0,500.0,john_radcliffe_nhs
2022-07-03 01:00:00,7.466620527157265e-15,0,0.0,500.0,john_radcliffe_nhs
2022-07-03 02:00:00,7.16190368988394e-15,0,0.0,500.0,john_radcliffe_nhs
2022-07-03 03:00:00,6.869622512167679e-15,0,0.0,500.0,john_radcliffe_nhs
2022-07-03 04:00:00,6.5892694879908454e-15,0,0.0,500.0,john_radcliffe_nhs
2022-07-03 05:00:00,6.3203578229317625e-15,0,0.0,500.0,john_radcliffe_nhs
2022-07-03 06:00:00,6.062420588913384e-15,0,0.0,500.0,john_radcliffe_nhs
2022-07-03 07:00:00,5.8150099134471035e-15,0,0.0,500.0,john_radcliffe_nhs
2022-07-03 08:00:00,5.577696201963597e-15,0,0.0,500.0,john_radcliffe_nhs
2022-07-03 09:00:00,5.35006739188114e-15,0,0.0,500.0,john_radcliffe_nhs
2022-07-03 10:00:00,5.131728237115785e-15,0,0.0,500.0,john_radcliffe_nhs
2022-07-03 11:00:00,4.922299621790737e-15,0,0.0,500.0,john_radcliffe_nhs
2022-07-03 12:00:00,4.7214179019539506e-15,0,0.0,500.0,john_radcliffe_nhs
2022-07-03 13:00:00,4.528734274160586e-15,0,0.0,500.0,john_radcliffe_nhs
2022-07-03 14:00:00,4.34391416982365e-15,0,0.0,500.0,john_radcliffe_nhs
2022-07-03 15:00:00,4.16663667428182e-15,0,0.0,500.0,john_radcliffe_nhs
2022-07-03 16:00:00,3.9965939695754136e-15,0,0.0,500.0,john_radcliffe_nhs
2022-07-03 17:00:00,3.8334907999627056e-15,0,0.0,500.0,john_radcliffe_nhs
2022-07-03 18:00:00,3.677043959249086e-15,0,0.0,500.0,john_radcliffe_nhs
2022-07-03 19:00:00,3.526981799038575e-15,0,0.0,500.0,john_radcliffe_nhs
2022-07-03 20:00:00,3.38304375705363e-15,0,0.0,500.0,john_radcliffe_nhs
2022-07-03 21:00:00,3.2449799047047153e-15,0,0.0,500.0,john_radcliffe_nhs
2022-07-03 22:00:00,3.1125505131237866e-15,0,0.0,500.0,john_radcliffe_nhs
2022-07-03 23:00:00,2.9855256369079814e-15,0,0.0,500.0,john_radcliffe_nhs
2022-07-04 00:00:00,2.863684714851167e-15,0,0.0,500.0,john_radcliffe_nhs
2022-07-04 01:00:00,2.7468161869698344e-15,0,0.0,500.0,john_radcliffe_nhs
2022-07-04 02:00:00,2.6347171271581953e-15,0,0.0,500.0,john_radcliffe_nhs
2022-07-04 03:00:00,2.527192890835005e-15,0,0.0,500.0,john_radcliffe_nhs
2022-07-04 04:00:00,2.424056776970108e-15,0,0.0,500.0,john_radcliffe_nhs
2022-07-04 05:00:00,2.325129703903691e-15,0,0.0,500.0,john_radcliffe_nhs
2022-07-04 06:00:00,2.2302398983957016e-15,0,0.0,500.0,john_radcliffe_nhs
2022-07-04 07:00:00,2.1392225973653174e-15,0,0.0,500.0,john_radcliffe_nhs
2022-07-04 08:00:00,2.0519197618024443e-15,0,0.0,500.0,john_radcliffe_nhs
2022-07-04 09:00:00,1.9681798023547892e-15,0,0.0,500.0,john_radcliffe_nhs
2022-07-04 10:00:00,1.887857316113866e-15,0,0.0,500.0,john_radcliffe_nhs
2022-07-04 11:00:00,1.810812834142778e-15,0,0.0,500.0,john_radcliffe_nhs
2022-07-04 12:00:00,1.736912579307663e-15,0,0.0,500.0,john_radcliffe_nhs
2022-07-04 13:00:00,1.6660282339921542e-15,0,0.0,500.0,john_radcliffe_nhs
2022-07-04 14:00:00,1.5980367172914343e-15,0,0.0,500.0,john_radcliffe_nhs
2022-07-04 15:00:00,1.532819971299233e-15,0,0.0,500.0,john_radcliffe_nhs
2022-07-04 16:00:00,1.4702647561165595e-15,0,0.0,500.0,john_radcliffe_nhs
2022-07-04 17:00:00,1.4102624532261454e-15,0,0.0,500.0,john_radcliffe_nhs
2022-07-04 18:00:00,1.3527088768913812e-15,0,0.0,500.0,john_radcliffe_nhs
2022-07-04 19:00:00,1.2975040932521593e-15,0,0.0,500.0,john_radcliffe_nhs
2022-07-04 20:00:00,1.2445522468034264e-15,0,0.0,500.0,john_radcliffe_nhs
2022-07-04 21:00:00,1.1937613939553309e-15,0,0.0,500.0,john_radcliffe_nhs
2022-07-04 22:00:00,1.1450433433858647e-15,0,0.0,500.0,john_radcliffe_nhs
2022-07-04 23:00:00,1.0983135029087225e-15,0,0.0,500.0,john_radcliffe_nhs
2022-07-05 00:00:00,1.0534907325906486e-15,0,0.0,500.0,john_radcliffe_nhs
2022-07-05 01:00:00,1.0104972038631347e-15,0,0.0,500.0,john_radcliffe_nhs
2022-07-05 02:00:00,9.692582643837847e-16,0,0.0,500.0,john_radcliffe_nhs
2022-07-05 03:00:00,9.297023084128236e-16,0,0.0,500.0,john_radcliffe_nhs
2022-07-05 04:00:00,8.917606524796107e-16,0,0.0,500.0,john_radcliffe_nhs
2022-07-05 05:00:00,8.553674161232109e-16,0,0.0,500.0,john_radcliffe_nhs
2022-07-05 06:00:00,8.204594075000649e-16,0,0.0,500.0,john_radcliffe_nhs
2022-07-05 07:00:00,7.869760136600744e-16,0,0.0,500.0,john_radcliffe_nhs
2022-07-05 08:00:00,7.5485909530052225e-16,0,0.0,500.0,john_radcliffe_nhs
2022-07-05 09:00:00,7.240528858151999e-16,0,0.0,500.0,john_radcliffe_nhs
2022-07-05 10:00:00,6.945038944633878e-16,0,0.0,500.0,john_radcliffe_nhs
2022-07-05 11:00:00,6.661608134905208e-16,0,0.0,500.0,john_radcliffe_nhs
2022-07-05 12:00:00,6.389744290393515e-16,0,0.0,500.0,john_radcliffe_nhs
2022-07-05 13:00:00,6.1289753569687855e-16,0,0.0,500.0,john_radcliffe_nhs
2022-07-05 14:00:00,5.878848545286189e-16,0,0.0,500.0,john_radcliffe_nhs
2022-07-05 15:00:00,5.63892954457988e-16,0,0.0,500.0,john_radcliffe_nhs
2022-07-05 16:00:00,5.408801768542268e-16,0,0.0,500.0,john_radcliffe_nhs
2022-07-05 17:00:00,5.188065631979017e-16,0,0.0,500.0,john_radcliffe_nhs
2022-07-05 18:00:00,4.976337856984507e-16,0,0.0,500.0,john_radcliffe_nhs
2022-07-05 19:00:00,4.773250807432633e-16,0,0.0,500.0,john_radcliffe_nhs
2022-07-05 20:00:00,4.578451850627074e-16,0,0.0,500.0,john_radcliffe_nhs
2022-07-05 21:00:00,4.3916027450032916e-16,0,0.0,500.0,john_radcliffe_nhs
2022-07-05 22:00:00,4.212379052818718e-16,0,0.0,500.0,john_radcliffe_nhs
2022-07-05 23:00:00,4.0404695768111017e-16,0,0.0,500.0,john_radcliffe_nhs
2022-07-06 00:00:00,3.8755758198474117e-16,0,0.0,500.0,john_radcliffe_nhs
2022-07-06 01:00:00,3.71741146662475e-16,0,0.0,500.0,john_radcliffe_nhs
2022-07-06 02:00:00,3.565701886523088e-16,0,0.0,500.0,john_radcliffe_nhs
2022-07-06 03:00:00,3.4201836567470946e-16,0,0.0,500.0,john_radcliffe_nhs
2022-07-06 04:00:00,3.2806041049288007e-16,0,0.0,500.0,john_radcliffe_nhs
2022-07-06 05:00:00,3.146720870396674e-16,0,0.0,500.0,john_radcliffe_nhs
2022-07-06 06:00:00,3.0183014833497657e-16,0,0.0,500.0,john_radcliffe_nhs
2022-07-06 07:00:00,2.895122961205975e-16,0,0.0,500.0,john_radcliffe_nhs
2022-07-06 08:00:00,2.776971421423366e-16,0,0.0,500.0,john_radcliffe_nhs
2022-07-06 09:00:00,2.663641710122658e-16,0,0.0,500.0,john_radcliffe_nhs
2022-07-06 10:00:00,2.5549370458658153e-16,0,0.0,500.0,john_radcliffe_nhs
2022-07-06 11:00:00,2.4506686779720623e-16,0,0.0,500.0,john_radcliffe_nhs
2022-07-06 12:00:00,2.3506555587783806e-16,0,0.0,500.0,john_radcliffe_nhs
2022-07-06 13:00:00,2.254724029275218e-16,0,0.0,500.0,john_radcliffe_nhs
2022-07-06 14:00:00,2.1627075175714302e-16,0,0.0,500.0,john_radcliffe_nhs
2022-07-06 15:00:00,2.074446249665182e-16,0,0.0,500.0,john_radcliffe_nhs
2022-07-06 16:00:00,1.9897869720184388e-16,0,0.0,500.0,john_radcliffe_nhs
2022-07-06 17:00:00,1.9085826854532065e-16,0,0.0,500.0,john_radcliffe_nhs
2022-07-06 18:00:00,1.8306923899077536e-16,0,0.0,500.0,john_radcliffe_nhs
2022-07-06 19:00:00,1.7559808396094528e-16,0,0.0,500.0,john_radcliffe_nhs
2022-07-06 20:00:00,1.684318308239044e-16,0,0.0,500.0,john_radcliffe_nhs
2022-07-06 21:00:00,1.615580363678783e-16,0,0.0,500.0,john_radcliffe_nhs
2022-07-06 22:00:00,1.5496476519532394e-16,0,0.0,500.0,john_radcliffe_nhs
2022-07-06 23:00:00,1.4864056899874821e-16,0,0.0,500.0,john_radcliffe_nhs
2022-07-07 00:00:00,1.42574466682302e-16,0,0.0,500.0,john_radcliffe_nhs
2022-07-07 01:00:00,1.367559252946225e-16,0,0.0,500.0,john_radcliffe_nhs
2022-07-07 02:00:00,1.3117484173980712e-16,0,0.0,500.0,john_radcliffe_nhs
2022-07-07 03:00:00,1.2582152523478213e-16,0,0.0,500.0,john_radcliffe_nhs
2022-07-07 04:00:00,1.2068668048259468e-16,0,0.0,500.0,john_radcliffe_nhs
2022-07-07 05:00:00,1.157613915324043e-16,0,0.0,500.0,john_radcliffe_nhs
2022-07-07 06:00:00,1.1103710629816472e-16,0,0.0,500.0,john_radcliffe_nhs
2022-07-07 07:00:00,1.0650562170910654e-16,0,0.0,500.0,john_radcliffe_nhs
2022-07-07 08:00:00,1.021590694662294e-16,0,0.0,500.0,john_radcliffe_nhs
2022-07-07 09:00:00,9.798990238008683e-17,0,0.0,500.0,john_radcliffe_nhs
2022-07-07 10:00:00,9.399088126613317e-17,0,0.0,500.0,john_radcliffe_nhs
2022-07-07 11:00:00,9.015506237487196e-17,0,0.0,500.0,john_radcliffe_nhs
2022-07-07 12:00:00,8.64757853349935e-17,0,0.0,500.0,john_radcliffe_nhs
2022-07-07 13:00:00,8.294666158855899e-17,0,0.0,500.0,john_radcliffe_nhs
2022-07-07 14:00:00,7.956156329814551e-17,0,0.0,500.0,john_radcliffe_nhs
2022-07-07 15:00:00,7.631461270670215e-17,0,0.0,500.0,john_radcliffe_nhs
2022-07-07 16:00:00,7.320017193163594e-17,0,0.0,500.0,john_radcliffe_nhs
2022-07-07 17:00:00,7.021283317540162e-17,0,0.0,500.0,john_radcliffe_nhs
2022-07-07 18:00:00,6.734740933560765e-17,0,0.0,500.0,john_radcliffe_nhs
2022-07-07 19:00:00,6.459892499832856e-17,0,0.0,500.0,john_radcliffe_nhs
2022-07-07 20:00:00,6.196260779898086e-17,0,0.0,500.0,john_radcliffe_nhs
2022-07-07 21:00:00,5.943388013577062e-17,0,0.0,500.0,john_radcliffe_nhs
2022-07-07 22:00:00,5.700835122131955e-17,0,0.0,500.0,john_radcliffe_nhs
2022-07-07 23:00:00,5.468180945866471e-17,0,0.0,500.0,john_radcliffe_nhs
2022-07-08 00:00:00,5.245021512840169e-17,0,0.0,500.0,john_radcliffe_nhs
2022-07-08 01:00:00,5.030969337426924e-17,0,0.0,500.0,john_radcliffe_nhs
2022-07-08 02:00:00,4.825652747499263e-17,0,0.0,500.0,john_radcliffe_nhs
2022-07-08 03:00:00,4.628715239071017e-17,0,0.0,500.0,john_radcliffe_nhs
2022-07-08 04:00:00,4.439814857277335e-17,0,0.0,500.0,john_radcliffe_nhs
2022-07-08 05:00:00,4.2586236026169425e-17,0,0.0,500.0,john_radcliffe_nhs
2022-07-08 06:00:00,4.084826861426288e-17,0,0.0,500.0,john_radcliffe_nhs
2022-07-08 07:00:00,3.918122859596316e-17,0,0.0,500.0,john_radcliffe_nhs
2022-07-08 08:00:00,3.7582221385831025e-17,0,0.0,500.0,john_radcliffe_nhs
2022-07-08 09:00:00,3.6048470528030536e-17,0,0.0,500.0,john_radcliffe_nhs
2022-07-08 10:00:00,3.457731287539646e-17,0,0.0,500.0,john_radcliffe_nhs
2022-07-08 11:00:00,3.316619396524442e-17,0,0.0,500.0,john_radcliffe_nhs
2022-07-08 12:00:00,3.181266358389902e-17,0,0.0,500.0,john_radcliffe_nhs
2022-07-08 13:00:00,3.051437151223582e-17,0,0.0,500.0,john_radcliffe_nhs
2022-07-08 14:00:00,2.9269063444848105e-17,0,0.0,500.0,john_radcliffe_nhs
2022-07-08 15:00:00,2.807457707575664e-17,0,0.0,500.0,john_radcliffe_nhs
2022-07-08 16:00:00,2.6928838343863733e-17,0,0.0,500.0,john_radcliffe_nhs
2022-07-08 17:00:00,2.5829857831630462e-17,0,0.0,500.0,john_radcliffe_nhs
2022-07-08 18:00:00,2.477572731072772e-17,0,0.0,500.0,john_radcliffe_nhs
2022-07-08 19:00:00,2.3764616428661028e-17,0,0.0,500.0,john_radcliffe_nhs
2022-07-08 20:00:00,2.279476953061433e-17,0,0.0,500.0,john_radcliffe_nhs
2022-07-08 21:00:00,2.1864502610997782e-17,0,0.0,500.0,john_radcliffe_nhs
2022-07-08 22:00:00,2.0972200389404346e-17,0,0.0,500.0,john_radcliffe_nhs
2022-07-08 23:00:00,2.0116313505896862e-17,0,0.0,500.0,john_radcliffe_nhs
2022-07-09 00:00:00,1.9295355830758342e-17,0,0.0,500.0,john_radcliffe_nhs
2022-07-09 01:00:00,1.8507901884032784e-17,0,0.0,500.0,john_radcliffe_nhs
2022-07-09 02:00:00,1.7752584360374644e-17,0,0.0,500.0,john_radcliffe_nhs
2022-07-09 03:00:00,1.702809175491185e-17,0,0.0,500.0,john_radcliffe_nhs
2022-07-09 04:00:00,1.6333166085998528e-17,0,0.0,500.0,john_radcliffe_nhs
2022-07-09 05:00:00,1.566660071090235e-17,0,0.0,500.0,john_radcliffe_nhs
2022-07-09 06:00:00,1.5027238230635996e-17,0,0.0,500.0,john_radcliffe_nhs
2022-07-09 07:00:00,1.441396848029346e-17,0,0.0,500.0,john_radcliffe_nhs
2022-07-09 08:00:00,1.3825726601400947e-17,0,0.0,500.0,john_radcliffe_nhs
2022-07-09 09:00:00,1.3261491192937082e-17,0,0.0,500.0,john_radcliffe_nhs
2022-07-09 10:00:00,1.2720282537810966e-17,0,0.0,500.0,john_radcliffe_nhs
2022-07-09 11:00:00,1.2201160901717781e-17,0,0.0,500.0,john_radcliffe_nhs
2022-07-09 12:00:00,1.1703224901419866e-17,0,0.0,500.0,john_radcliffe_nhs
2022-07-09 13:00:00,1.1225609939619094e-17,0,0.0,500.0,john_radcliffe_nhs
2022-07-09 14:00:00,1.076748670370221e-17,0,0.0,500.0,john_radcliffe_nhs
2022-07-09 15:00:00,1.0328059725753938e-17,0,0.0,500.0,john_radcliffe_nhs
2022-07-09 16:00:00,9.906566001336698e-18,0,0.0,500.0,john_radcliffe_nhs
2022-07-09 17:00:00,9.502273664638017e-18,0,0.0,500.0,john_radcliffe_nhs
2022-07-09 18:00:00,9.114480717686556e-18,0,0.0,500.0,john_radcliffe_nhs
2022-07-09 19:00:00,8.742513811429497e-18,0,0.0,500.0,john_radcliffe_nhs
2022-07-09 20:00:00,8.385727076554221e-18,0,0.0,500.0,john_radcliffe_nhs
2022-07-09 21:00:00,8.043501002025406e-18,0,0.0,500.0,john_radcliffe_nhs
2022-07-09 22:00:00,7.715241359389577e-18,0,0.0,500.0,john_radcliffe_nhs
2022-07-09 23:00:00,7.400378170978875e-18,0,0.0,500.0,john_radcliffe_nhs
2022-07-10 00:00:00,7.09836472022351e-18,0,0.0,500.0,john_radcliffe_nhs
2022-07-10 01:00:00,6.808676602353865e-18,0,0.0,500.0,john_radcliffe_nhs
2022-07-10 02:00:00,6.53081081384351e-18,0,0.0,500.0,john_radcliffe_nhs
2022-07-10 03:00:00,6.264284879013016e-18,0,0.0,500.0,john_radcliffe_nhs
2022-07-10 04:00:00,6.008636012277492e-18,0,0.0,500.0,john_radcliffe_nhs
2022-07-10 05:00:00,5.7634203145828785e-18,0,0.0,500.0,john_radcliffe_nhs
2022-07-10 06:00:00,5.528212002636504e-18,0,0.0,500.0,john_radcliffe_nhs
2022-07-10 07:00:00,5.3026026695931424e-18,0,0.0,500.0,john_radcliffe_nhs
2022-07-10 08:00:00,5.0862005759125245e-18,0,0.0,500.0,john_radcliffe_nhs
2022-07-10 09:00:00,4.8786299691576976e-18,0,0.0,500.0,john_radcliffe_nhs
2022-07-10 10:00:00,4.679530431552755e-18,0,0.0,500.0,john_radcliffe_nhs
2022-07-10 11:00:00,4.488556254166789e-18,0,0.0,500.0,john_radcliffe_nhs
2022-07-10 12:00:00,4.305375836638049e-18,0,0.0,500.0,john_radcliffe_nhs
2022-07-10 13:00:00,4.129671111395661e-18,0,0.0,500.0,john_radcliffe_nhs
2022-07-10 14:00:00,3.9611369913789044e-18,0,0.0,500.0,john_radcliffe_nhs
2022-07-10 15:00:00,3.799480840295639e-18,0,0.0,500.0,john_radcliffe_nhs
2022-07-10 16:00:00,3.644421964499754e-18,0,0.0,500.0,john_radcliffe_nhs
2022-07-10 17:00:00,3.495691125605147e-18,0,0.0,500.0,john_radcliffe_nhs
2022-07-10 18:00:00,3.3530300729904166e-18,0,0.0,500.0,john_radcliffe_nhs
2022-07-10 19:00:00,3.216191095382299e-18,0,0.0,500.0,john_radcliffe_nhs
2022-07-10 20:00:00,3.084936590739e-18,0,0.0,500.0,john_radcliffe_nhs
2022-07-10 21:00:00,2.9590386536870428e-18,0,0.0,500.0,john_radcliffe_nhs
2022-07-10 22:00:00,2.8382786797950365e-18,0,0.0,500.0,john_radcliffe_nhs
2022-07-10 23:00:00,2.7224469859970487e-18,0,0.0,500.0,john_radcliffe_nhs
2022-07-11 00:00:00,2.6113424465069065e-18,0,0.0,500.0,john_radcliffe_nhs
2022-07-11 01:00:00,2.5047721435910144e-18,0,0.0,500.0,john_radcliffe_nhs
2022-07-11 02:00:00,2.402551032593163e-18,0,0.0,500.0,john_radcliffe_nhs
2022-07-11 03:00:00,2.3045016206300242e-18,0,0.0,500.0,john_radcliffe_nhs
2022-07-11 04:00:00,2.2104536583992475e-18,0,0.0,500.0,john_radcliffe_nhs
2022-07-11 05:00:00,2.1202438445648874e-18,0,0.0,500.0,john_radcliffe_nhs
2022-07-11 06:00:00,2.033715542207177e-18,0,0.0,500.0,john_radcliffe_nhs
2022-07-11 07:00:00,1.950718506844123e-18,0,0.0,500.0,john_radcliffe_nhs
2022-07-11 08:00:00,1.8711086255525676e-18,0,0.0,500.0,john_radcliffe_nhs
2022-07-11 09:00:00,1.794747666735985e-18,0,0.0,500.0,john_radcliffe_nhs
2022-07-11 10:00:00,1.7215030401043855e-18,0,0.0,500.0,john_radcliffe_nhs
2022-07-11 11:00:00,1.6512475664494603e-18,0,0.0,500.0,john_radcliffe_nhs
2022-07-11 12:00:00,1.5838592568154362e-18,0,0.0,500.0,john_radcliffe_nhs
2022-07-11 13:00:00,1.5192211006820848e-18,0,0.0,500.0,john_radcliffe_nhs
2022-07-11 14:00:00,1.4572208627919999e-18,0,0.0,500.0,john_radcliffe_nhs
2022-07-11 15:00:00,1.3977508882695617e-18,0,0.0,500.0,john_radcliffe_nhs
2022-07-11 16:00:00,1.3407079156930999e-18,0,0.0,500.0,john_radcliffe_nhs
2022-07-11 17:00:00,1.2859928977955916e-18,0,0.0,500.0,john_radcliffe_nhs
2022-07-11 18:00:00,1.233510829482755e-18,0,0.0,500.0,john_radcliffe_nhs
2022-07-11 19:00:00,1.1831705828698093e-18,0,0.0,500.0,john_radcliffe_nhs
2022-07-11 20:00:00,1.1348847490503977e-18,0,0.0,500.0,john_radcliffe_nhs
2022-07-11 21:00:00,1.0885694863230863e-18,0,0.0,500.0,john_radcliffe_nhs
2022-07-11 22:00:00,1.044144374611817e-18,0,0.0,500.0,john_radcliffe_nhs
2022-07-11 23:00:00,1.0015322758274717e-18,0,0.0,500.0,john_radcliffe_nhs
2022-07-12 00:00:00,9.606591999282278e-19,0,0.0,500.0,john_radcliffe_nhs
2022-07-12 01:00:00,9.21454176446058e-19,0,0.0,500.0,john_radcliffe_nhs
2022-07-12 02:00:00,8.838491312562445e-19,0,0.0,500.0,john_radcliffe_nhs
2022-07-12 03:00:00,8.477787683760566e-19,0,0.0,500.0,john_radcliffe_nhs
2022-07-12 04:00:00,8.131804565872854e-19,0,0.0,500.0,john_radcliffe_nhs
2022-07-12 05:00:00,7.799941206857213e-19,0,0.0,500.0,john_radcliffe_nhs
2022-07-12 06:00:00,7.48162137168853e-19,0,0.0,500.0,john_radcliffe_nhs
2022-07-12 07:00:00,7.176292341806014e-19,0,0.0,500.0,john_radcliffe_nhs
2022-07-12 08:00:00,6.883423955393394e-19,0,0.0,500.0,john_radcliffe_nhs
2022-07-12 09:00:00,6.602507686825841e-19,0,0.0,500.0,john_radcliffe_nhs
2022-07-12 10:00:00,6.333055763685359e-19,0,0.0,500.0,john_radcliffe_nhs
2022-07-12 11:00:00,6.074600319811274e-19,0,0.0,500.0,john_radcliffe_nhs
2022-07-12 12:00:00,5.826692582914785e-19,0,0.0,500.0,john_radcliffe_nhs
2022-07-12 13:00:00,5.58890209534785e-19,0,0.0,500.0,john_radcliffe_nhs
2022-07-12 14:00:00,5.3608159666728405e-19,0,0.0,500.0,john_radcliffe_nhs
2022-07-12 15:00:00,5.142038156734934e-19,0,0.0,500.0,john_radcliffe_nhs
2022-07-12 16:00:00,4.932188787993032e-19,0,0.0,500.0,john_radcliffe_nhs
2022-07-12 17:00:00,4.730903485914826e-19,0,0.0,500.0,john_radcliffe_nhs
2022-07-12 18:00:00,4.537832746290382e-19,0,0.0,500.0,john_radcliffe_nhs
2022-07-12 19:00:00,4.3526413283663205e-19,0,0.0,500.0,john_radcliffe_nhs
2022-07-12 20:00:00,4.1750076727464993e-19,0,0.0,500.0,john_radcliffe_nhs
2022-07-12 21:00:00,4.00462334304821e-19,0,0.0,500.0,john_radcliffe_nhs
2022-07-12 22:00:00,3.841192490344977e-19,0,0.0,500.0,john_radcliffe_nhs
2022-07-12 23:00:00,3.684431339465705e-19,0,0.0,500.0,john_radcliffe_nhs
2022-07-13 00:00:00,3.5340676962580137e-19,0,0.0,500.0,john_radcliffe_nhs
2022-07-13 01:00:00,3.3898404749606503e-19,0,0.0,500.0,john_radcliffe_nhs
2022-07-13 02:00:00,3.251499244864097e-19,0,0.0,500.0,john_radcliffe_nhs
2022-07-13 03:00:00,3.1188037954719735e-19,0,0.0,500.0,john_radcliffe_nhs
2022-07-13 04:00:00,2.991523719408668e-19,0,0.0,500.0,john_radcliffe_nhs
2022-07-13 05:00:00,2.8694380123487164e-19,0,0.0,500.0,john_radcliffe_nhs
2022-07-13 06:00:00,2.752334689273096e-19,0,0.0,500.0,john_radcliffe_nhs
2022-07-13 07:00:00,2.6400104163864974e-19,0,0.0,500.0,john_radcliffe_nhs
2022-07-13 08:00:00,2.53227015805624e-19,0,0.0,500.0,john_radcliffe_nhs
2022-07-13 09:00:00,2.4289268381596423e-19,0,0.0,500.0,john_radcliffe_nhs
2022-07-13 10:00:00,2.329801015252152e-19,0,0.0,500.0,john_radcliffe_nhs
2022-07-13 11:00:00,2.234720570992036e-19,0,0.0,500.0,john_radcliffe_nhs
2022-07-13 12:00:00,2.1435204112804792e-19,0,0.0,500.0,john_radcliffe_nhs
2022-07-13 13:00:00,2.0560421795984696e-19,0,0.0,500.0,john_radcliffe_nhs
2022-07-13 14:00:00,1.9721339820425502e-19,0,0.0,500.0,john_radcliffe_nhs
2022-07-13 15:00:00,1.8916501235818812e-19,0,0.0,500.0,john_radcliffe_nhs
2022-07-13 16:00:00,1.8144508550789298e-19,0,0.0,500.0,john_radcliffe_nhs
2022-07-13 17:00:00,1.7404021306343746e-19,0,0.0,500.0,john_radcliffe_nhs
2022-07-13 18:00:00,1.6693753748347772e-19,0,0.0,500.0,john_radcliffe_nhs
2022-07-13 19:00:00,1.6012472594991267e-19,0,0.0,500.0,john_radcliffe_nhs
2022-07-13 20:00:00,1.535899489536466e-19,0,0.0,500.0,john_radcliffe_nhs
2022-07-13 21:00:00,1.4732185975426888e-19,0,0.0,500.0,john_radcliffe_nhs
2022-07-13 22:00:00,1.4130957467800507e-19,0,0.0,500.0,john_radcliffe_nhs
2022-07-13 23:00:00,1.3554265421971924e-19,0,0.0,500.0,john_radcliffe_nhs
2022-07-14 00:00:00,1.3001108491614444e-19,0,0.0,500.0,john_radcliffe_nhs
2022-07-14 01:00:00,1.2470526195888607e-19,0,0.0,500.0,john_radcliffe_nhs
2022-07-14 02:00:00,1.1961597251699706e-19,0,0.0,500.0,john_radcliffe_nhs
2022-07-14 03:00:00,1.147343797401603e-19,0,0.0,500.0,john_radcliffe_nhs
2022-07-14 04:00:00,1.1005200741471753e-19,0,0.0,500.0,john_radcliffe_nhs
2022-07-14 05:00:00,1.05560725245894e-19,0,0.0,500.0,john_radcliffe_nhs
2022-07-14 06:00:00,1.0125273474065621e-19,0,0.0,500.0,john_radcliffe_nhs
2022-07-14 07:00:00,9.712055566670515e-20,0,0.0,500.0,john_radcliffe_nhs
2022-07-14 08:00:00,9.315701306408496e-20,0,0.0,500.0,john_radcliffe_nhs
2022-07-14 09:00:00,8.935522478684875e-20,0,0.0,500.0,john_radcliffe_nhs
2022-07-14 10:00:00,8.570858955316207e-20,0,0.0,500.0,john_radcliffe_nhs
2022-07-14 11:00:00,8.221077548308767e-20,0,0.0,500.0,john_radcliffe_nhs
2022-07-14 12:00:00,7.885570910414428e-20,0,0.0,500.0,john_radcliffe_nhs
2022-07-14 13:00:00,7.563756480555993e-20,0,0.0,500.0,john_radcliffe_nhs
2022-07-14 14:00:00,7.255075472290246e-20,0,0.0,500.0,john_radcliffe_nhs
2022-07-14 15:00:00,6.958991903551922e-20,0,0.0,500.0,john_radcliffe_nhs
2022-07-14 16:00:00,6.674991665994824e-20,0,0.0,500.0,john_radcliffe_nhs
2022-07-14 17:00:00,6.402581632313612e-20,0,0.0,500.0,john_radcliffe_nhs
2022-07-14 18:00:00,6.141288799995848e-20,0,0.0,500.0,john_radcliffe_nhs
2022-07-14 19:00:00,5.89065947001842e-20,0,0.0,500.0,john_radcliffe_nhs
2022-07-14 20:00:00,5.650258459061786e-20,0,0.0,500.0,john_radcliffe_nhs
2022-07-14 21:00:00,5.4196683438738025e-20,0,0.0,500.0,john_radcliffe_nhs
2022-07-14 22:00:00,5.198488736471871e-20,0,0.0,500.0,john_radcliffe_nhs
2022-07-14 23:00:00,4.986335588924435e-20,0,0.0,500.0,john_radcliffe_nhs
2022-07-15 00:00:00,4.782840526504415e-20,0,0.0,500.0,john_radcliffe_nhs
2022-07-15 01:00:00,4.587650208057333e-20,0,0.0,500.0,john_radcliffe_nhs
2022-07-15 02:00:00,4.400425712473148e-20,0,0.0,500.0,john_radcliffe_nhs
2022-07-15 03:00:00,4.2208419501962215e-20,0,0.0,500.0,john_radcliffe_nhs
2022-07-15 04:00:00,4.048587098752171e-20,0,0.0,500.0,john_radcliffe_nhs
2022-07-15 05:00:00,3.8833620613111654e-20,0,0.0,500.0,john_radcliffe_nhs
2022-07-15 06:00:00,3.724879947347289e-20,0,0.0,500.0,john_radcliffe_nhs
2022-07-15 07:00:00,3.572865574492744e-20,0,0.0,500.0,john_radcliffe_nhs
2022-07-15 08:00:00,3.427054990721633e-20,0,0.0,500.0,john_radcliffe_nhs
2022-07-15 09:00:00,3.287195016033453e-20,0,0.0,500.0,john_radcliffe_nhs
2022-07-15 10:00:00,3.153042802840978e-20,0,0.0,500.0,john_radcliffe_nhs
2022-07-15 11:00:00,3.02436541429892e-20,0,0.0,500.0,john_radcliffe_nhs
2022-07-15 12:00:00,2.900939419841042e-20,0,0.0,500.0,john_radcliffe_nhs
2022-07-15 13:00:00,2.7825505072238145e-20,0,0.0,500.0,john_radcliffe_nhs
2022-07-15 14:00:00,2.6689931104027734e-20,0,0.0,500.0,john_radcliffe_nhs
2022-07-15 15:00:00,2.560070052595273e-20,0,0.0,500.0,john_radcliffe_nhs
2022-07-15 16:00:00,2.4555922039102108e-20,0,0.0,500.0,john_radcliffe_nhs
2022-07-15 17:00:00,2.355378152950073e-20,0,0.0,500.0,john_radcliffe_nhs
2022-07-15 18:00:00,2.2592538918149103e-20,0,0.0,500.0,john_radcliffe_nhs
2022-07-15 19:00:00,2.1670525139616414e-20,0,0.0,500.0,john_radcliffe_nhs
2022-07-15 20:00:00,2.0786139243938645e-20,0,0.0,500.0,john_radcliffe_nhs
2022-07-15 21:00:00,1.9937845616788512e-20,0,0.0,500.0,john_radcliffe_nhs
2022-07-15 22:00:00,1.912417131309309e-20,0,0.0,500.0,john_radcliffe_nhs
2022-07-15 23:00:00,1.834370349946796e-20,0,0.0,500.0,john_radcliffe_nhs
2022-07-16 00:00:00,1.759508700102571e-20,0,0.0,500.0,john_radcliffe_nhs
2022-07-16 01:00:00,1.6877021948301826e-20,0,0.0,500.0,john_radcliffe_nhs
2022-07-16 02:00:00,1.618826152021068e-20,0,0.0,500.0,john_radcliffe_nhs
2022-07-16 03:00:00,1.552760977911167e-20,0,0.0,500.0,john_radcliffe_nhs
2022-07-16 04:00:00,1.48939195942286e-20,0,0.0,500.0,john_radcliffe_nhs
2022-07-16 05:00:00,1.428609064981532e-20,0,0.0,500.0,john_radcliffe_nhs
2022-07-16 06:00:00,1.370306753460832e-20,0,0.0,500.0,john_radcliffe_nhs
2022-07-16 07:00:00,1.314383790925075e-20,0,0.0,500.0,john_radcliffe_nhs
2022-07-16 08:00:00,1.2607430748504766e-20,0,0.0,500.0,john_radcliffe_nhs
2022-07-16 09:00:00,1.2092914655199372e-20,0,0.0,500.0,john_radcliffe_nhs
2022-07-16 10:00:00,1.1599396242987771e-20,0,0.0,500.0,john_radcliffe_nhs
2022-07-16 11:00:00,1.1126018585105243e-20,0,0.0,500.0,john_radcliffe_nhs
2022-07-16 12:00:00,1.0671959726433306e-20,0,0.0,500.0,john_radcliffe_nhs
2022-07-16 13:00:00,1.0236431256288102e-20,0,0.0,500.0,john_radcliffe_nhs
2022-07-16 14:00:00,9.818676939454021e-21,0,0.0,500.0,john_radcliffe_nhs
2022-07-16 15:00:00,9.41797140308494e-21,0,0.0,500.0,john_radcliffe_nhs
2022-07-16 16:00:00,9.033618877194388e-21,0,0.0,500.0,john_radcliffe_nhs
2022-07-16 17:00:00,8.664951986546968e-21,0,0.0,500.0,john_radcliffe_nhs
2022-07-16 18:00:00,8.311330591852753e-21,0,0.0,500.0,john_radcliffe_nhs
2022-07-16 19:00:00,7.972140678253779e-21,0,0.0,500.0,john_radcliffe_nhs
2022-07-16 20:00:00,7.646793289171937e-21,0,0.0,500.0,john_radcliffe_nhs
2022-07-16 21:00:00,7.334723503666648e-21,0,0.0,500.0,john_radcliffe_nhs
2022-07-16 22:00:00,7.035389455527615e-21,0,0.0,500.0,john_radcliffe_nhs
2022-07-16 23:00:00,6.7482713923989034e-21,0,0.0,500.0,john_radcliffe_nhs
2022-07-17 00:00:00,6.472870773300248e-21,0,0.0,500.0,john_radcliffe_nhs
2022-07-17 01:00:00,6.208709402979443e-21,0,0.0,500.0,john_radcliffe_nhs
2022-07-17 02:00:00,5.9553286015922664e-21,0,0.0,500.0,john_radcliffe_nhs
2022-07-17 03:00:00,5.712288408267823e-21,0,0.0,500.0,john_radcliffe_nhs
2022-07-17 04:00:00,5.4791668171772104e-21,0,0.0,500.0,john_radcliffe_nhs
2022-07-17 05:00:00,5.255559044778626e-21,0,0.0,500.0,john_radcliffe_nhs
2022-07-17 06:00:00,5.0410768269662435e-21,0,0.0,500.0,john_radcliffe_nhs
2022-07-17 07:00:00,4.835347744903184e-21,0,0.0,500.0,john_radcliffe_nhs
2022-07-17 08:00:00,4.638014578367593e-21,0,0.0,500.0,john_radcliffe_nhs
2022-07-17 09:00:00,4.4487346854886904e-21,0,0.0,500.0,john_radcliffe_nhs
2022-07-17 10:00:00,4.267179407796469e-21,0,0.0,500.0,john_radcliffe_nhs
2022-07-17 11:00:00,4.093033499551599e-21,0,0.0,500.0,john_radcliffe_nhs
2022-07-17 12:00:00,3.925994580364423e-21,0,0.0,500.0,john_radcliffe_nhs
2022-07-17 13:00:00,3.7657726101531516e-21,0,0.0,500.0,john_radcliffe_nhs
2022-07-17 14:00:00,3.612089385529272e-21,0,0.0,500.0,john_radcliffe_nhs
2022-07-17 15:00:00,3.4646780567355115e-21,0,0.0,500.0,john_radcliffe_nhs
2022-07-17 16:00:00,3.323282664298064e-21,0,0.0,500.0,john_radcliffe_nhs
2022-07-17 17:00:00,3.1876576945882774e-21,0,0.0,500.0,john_radcliffe_nhs
2022-07-17 18:00:00,3.0575676535219044e-21,0,0.0,500.0,john_radcliffe_nhs
2022-07-17 19:00:00,2.932786657656123e-21,0,0.0,500.0,john_radcliffe_nhs
2022-07-17 20:00:00,2.813098041974107e-21,0,0.0,500.0,john_radcliffe_nhs
2022-07-17 21:00:00,2.69829398367593e-21,0,0.0,500.0,john_radcliffe_nhs
2022-07-17 22:00:00,2.5881751413229566e-21,0,0.0,500.0,john_radcliffe_nhs
2022-07-17 23:00:00,2.48255030870894e-21,0,0.0,500.0,john_radcliffe_nhs
2022-07-18 00:00:00,2.3812360828566573e-21,0,0.0,500.0,john_radcliffe_nhs
2022-07-18 01:00:00,2.2840565455639567e-21,0,0.0,500.0,john_radcliffe_nhs
2022-07-18 02:00:00,2.1908429579460705e-21,0,0.0,500.0,john_radcliffe_nhs
2022-07-18 03:00:00,2.1014334674436747e-21,0,0.0,500.0,john_radcliffe_nhs
2022-07-18 04:00:00,2.015672826788291e-21,0,0.0,500.0,john_radcliffe_nhs
2022-07-18 05:00:00,1.933412124436694e-21,0,0.0,500.0,john_radcliffe_nhs
2022-07-18 06:00:00,1.8545085260066625e-21,0,0.0,500.0,john_radcliffe_nhs
2022-07-18 07:00:00,1.7788250262646026e-21,0,0.0,500.0,john_radcliffe_nhs
2022-07-18 08:00:00,1.7062302112348847e-21,0,0.0,500.0,john_radcliffe_nhs
2022-07-18 09:00:00,1.6365980300176032e-21,0,0.0,500.0,john_radcliffe_nhs
2022-07-18 10:00:00,1.5698075759184735e-21,0,0.0,500.0,john_radcliffe_nhs
2022-07-18 11:00:00,1.5057428765110456e-21,0,0.0,500.0,john_radcliffe_nhs
2022-07-18 12:00:00,1.4442926922665855e-21,0,0.0,500.0,john_radcliffe_nhs
2022-07-18 13:00:00,1.3853503234018849e-21,0,0.0,500.0,john_radcliffe_nhs
2022-07-18 14:00:00,1.3288134246098167e-21,0,0.0,500.0,john_radcliffe_nhs
2022-07-18 15:00:00,1.274583827350828e-21,0,0.0,500.0,john_radcliffe_nhs
2022-07-18 16:00:00,1.2225673693967309e-21,0,0.0,500.0,john_radcliffe_nhs
2022-07-18 17:00:00,1.172673731330992e-21,0,0.0,500.0,john_radcliffe_nhs
2022-07-18 18:00:00,1.1248162797215243e-21,0,0.0,500.0,john_radcliffe_nhs
2022-07-18 19:00:00,1.078911916693612e-21,0,0.0,500.0,john_radcliffe_nhs
2022-07-18 20:00:00,1.0348809356419205e-21,0,0.0,500.0,john_radcliffe_nhs
2022-07-18 21:00:00,9.92646882830973e-22,0,0.0,500.0,john_radcliffe_nhs
2022-07-18 22:00:00,9.521364246437215e-22,0,0.0,500.0,john_radcliffe_nhs
2022-07-18 23:00:00,9.13279220247843e-22,0,0.0,500.0,john_radcliffe_nhs
2022-07-19 00:00:00,8.760077994585875e-22,0,0.0,500.0,john_radcliffe_nhs
2022-07-19 01:00:00,8.402574455860554e-22,0,0.0,500.0,john_radcliffe_nhs
2022-07-19 02:00:00,8.059660830635957e-22,0,0.0,500.0,john_radcliffe_nhs
2022-07-19 03:00:00,7.730741696621509e-22,0,0.0,500.0,john_radcliffe_nhs
2022-07-19 04:00:00,7.41524593103338e-22,0,0.0,500.0,john_radcliffe_nhs
2022-07-19 05:00:00,7.112625718918621e-22,0,0.0,500.0,john_radcliffe_nhs
2022-07-19 06:00:00,6.822355601950062e-22,0,0.0,500.0,john_radcliffe_nhs
2022-07-19 07:00:00,6.543931566039982e-22,0,0.0,500.0,john_radcliffe_nhs
2022-07-19 08:00:00,6.276870166189213e-22,0,0.0,500.0,john_radcliffe_nhs
2022-07-19 09:00:00,6.020707687051593e-22,0,0.0,500.0,john_radcliffe_nhs
2022-07-19 10:00:00,5.774999337755846e-22,0,0.0,500.0,john_radcliffe_nhs
2022-07-19 11:00:00,5.539318479587636e-22,0,0.0,500.0,john_radcliffe_nhs
2022-07-19 12:00:00,5.313255885190294e-22,0,0.0,500.0,john_radcliffe_nhs
2022-07-19 13:00:00,5.096419027997622e-22,0,0.0,500.0,john_radcliffe_nhs
2022-07-19 14:00:00,4.888431400665698e-22,0,0.0,500.0,john_radcliffe_nhs
2022-07-19 15:00:00,4.688931861319806e-22,0,0.0,500.0,john_radcliffe_nhs
2022-07-19 16:00:00,4.497574006481097e-22,0,0.0,500.0,john_radcliffe_nhs
2022-07-19 17:00:00,4.314025569584755e-22,0,0.0,500.0,john_radcliffe_nhs
2022-07-19 18:00:00,4.137967844044951e-22,0,0.0,500.0,john_radcliffe_nhs
2022-07-19 19:00:00,3.969095129864557e-22,0,0.0,500.0,john_radcliffe_nhs
2022-07-19 20:00:00,3.8071142028292906e-22,0,0.0,500.0,john_radcliffe_nhs
2022-07-19 21:00:00,3.651743805364325e-22,0,0.0,500.0,john_radcliffe_nhs
2022-07-19 22:00:00,3.5027141581690743e-22,0,0.0,500.0,john_radcliffe_nhs
2022-07-19 23:00:00,3.3597664917826703e-22,0,0.0,500.0,john_radcliffe_nhs
2022-07-20 00:00:00,3.222652597266501e-22,0,0.0,500.0,john_radcliffe_nhs
2022-07-20 01:00:00,3.091134395223416e-22,0,0.0,500.0,john_radcliffe_nhs
2022-07-20 02:00:00,2.964983522405719e-22,0,0.0,500.0,john_radcliffe_nhs
2022-07-20 03:00:00,2.8439809351938885e-22,0,0.0,500.0,john_radcliffe_nhs
2022-07-20 04:00:00,2.7279165292573717e-22,0,0.0,500.0,john_radcliffe_nhs
2022-07-20 05:00:00,2.61658877473741e-22,0,0.0,500.0,john_radcliffe_nhs
2022-07-20 06:00:00,2.5098043663182475e-22,0,0.0,500.0,john_radcliffe_nhs
2022-07-20 07:00:00,2.40737788757895e-22,0,0.0,500.0,john_radcliffe_nhs
2022-07-20 08:00:00,2.3091314890433863e-22,0,0.0,500.0,john_radcliffe_nhs
2022-07-20 09:00:00,2.2148945793691466e-22,0,0.0,500.0,john_radcliffe_nhs
2022-07-20 10:00:00,2.1245035291390697e-22,0,0.0,500.0,john_radcliffe_nhs
2022-07-20 11:00:00,2.037801386741343e-22,0,0.0,500.0,john_radcliffe_nhs
2022-07-20 12:00:00,1.9546376058446823e-22,0,0.0,500.0,john_radcliffe_nhs
2022-07-20 13:00:00,1.874867783995271e-22,0,0.0,500.0,john_radcliffe_nhs
2022-07-20 14:00:00,1.7983534118818282e-22,0,0.0,500.0,john_radcliffe_nhs
2022-07-20 15:00:00,1.7249616328333015e-22,0,0.0,500.0,john_radcliffe_nhs
2022-07-20 16:00:00,1.6545650121314708e-22,0,0.0,500.0,john_radcliffe_nhs
2022-07-20 17:00:00,1.5870413157381527e-22,0,0.0,500.0,john_radcliffe_nhs
2022-07-20 18:00:00,1.5222732980526547e-22,0,0.0,500.0,john_radcliffe_nhs
2022-07-20 19:00:00,1.4601484983308667e-22,0,0.0,500.0,john_radcliffe_nhs
2022-07-20 20:00:00,1.4005590454127007e-22,0,0.0,500.0,john_radcliffe_nhs
2022-07-20 21:00:00,1.3434014704187042e-22,0,0.0,500.0,john_radcliffe_nhs
2022-07-20 22:00:00,1.288576527090538e-22,0,0.0,500.0,john_radcliffe_nhs
2022-07-20 23:00:00,1.235989019463546e-22,0,0.0,500.0,john_radcliffe_nhs
2022-07-21 00:00:00,1.1855476365720974e-22,0,0.0,500.0,john_radcliffe_nhs
2022-07-21 01:00:00,1.137164793900615e-22,0,0.0,500.0,john_radcliffe_nhs
2022-07-21 02:00:00,1.0907564813051507e-22,0,0.0,500.0,john_radcliffe_nhs
2022-07-21 03:00:00,1.0462421171413637e-22,0,0.0,500.0,john_radcliffe_nhs
2022-07-21 04:00:00,1.0035444083455423e-22,0,0.0,500.0,john_radcliffe_nhs
2022-07-21 05:00:00,9.625892162258673e-23,0,0.0,500.0,john_radcliffe_nhs
2022-07-21 06:00:00,9.233054277308028e-23,0,0.0,500.0,john_radcliffe_nhs
2022-07-21 07:00:00,8.856248319710315e-23,0,0.0,500.0,john_radcliffe_nhs
2022-07-21 08:00:00,8.494820017806614e-23,0,0.0,500.0,john_radcliffe_nhs
2022-07-21 09:00:00,8.148141801119785e-23,0,0.0,500.0,john_radcliffe_nhs
2022-07-21 10:00:00,7.81561171066438e-23,0,0.0,500.0,john_radcliffe_nhs
2022-07-21 11:00:00,7.496652353727955e-23,0,0.0,500.0,john_radcliffe_nhs
2022-07-21 12:00:00,7.190709901308276e-23,0,0.0,500.0,john_radcliffe_nhs
2022-07-21 13:00:00,6.897253126465207e-23,0,0.0,500.0,john_radcliffe_nhs
2022-07-21 14:00:00,6.615772481918436e-23,0,0.0,500.0,john_radcliffe_nhs
2022-07-21 15:00:00,6.345779215288935e-23,0,0.0,500.0,john_radcliffe_nhs
2022-07-21 16:00:00,6.086804520447462e-23,0,0.0,500.0,john_radcliffe_nhs
2022-07-21 17:00:00,5.838398723497422e-23,0,0.0,500.0,john_radcliffe_nhs
2022-07-21 18:00:00,5.600130501978191e-23,0,0.0,500.0,john_radcliffe_nhs
2022-07-21 19:00:00,5.371586135932798e-23,0,0.0,500.0,john_radcliffe_nhs
2022-07-21 20:00:00,5.1523687895403296e-23,0,0.0,500.0,john_radcliffe_nhs
2022-07-21 21:00:00,4.9420978220652687e-23,0,0.0,500.0,john_radcliffe_nhs
2022-07-21 22:00:00,4.74040812692705e-23,0,0.0,500.0,john_radcliffe_nhs
2022-07-21 23:00:00,4.5469494977428825e-23,0,0.0,500.0,john_radcliffe_nhs
2022-07-22 00:00:00,4.361386020242674e-23,0,0.0,500.0,john_radcliffe_nhs
2022-07-22 01:00:00,4.183395488999965e-23,0,0.0,500.0,john_radcliffe_nhs
2022-07-22 02:00:00,4.0126688479666763e-23,0,0.0,500.0,john_radcliffe_nhs
2022-07-22 03:00:00,3.8489096538399156e-23,0,0.0,500.0,john_radcliffe_nhs
2022-07-22 04:00:00,3.691833561328838e-23,0,0.0,500.0,john_radcliffe_nhs
2022-07-22 05:00:00,3.5411678294282876e-23,0,0.0,500.0,john_radcliffe_nhs
2022-07-22 06:00:00,3.396650847841673e-23,0,0.0,500.0,john_radcliffe_nhs
2022-07-22 07:00:00,3.258031682730556e-23,0,0.0,500.0,john_radcliffe_nhs
2022-07-22 08:00:00,3.1250696410026794e-23,0,0.0,500.0,john_radcliffe_nhs
2022-07-22 09:00:00,2.9975338523816164e-23,0,0.0,500.0,john_radcliffe_nhs
2022-07-22 10:00:00,2.875202868532193e-23,0,0.0,500.0,john_radcliffe_nhs
2022-07-22 11:00:00,2.7578642785460176e-23,0,0.0,500.0,john_radcliffe_nhs
2022-07-22 12:00:00,2.6453143401192458e-23,0,0.0,500.0,john_radcliffe_nhs
2022-07-22 13:00:00,2.5373576257820038e-23,0,0.0,500.0,john_radcliffe_nhs
2022-07-22 14:00:00,2.4338066835655604e-23,0,0.0,500.0,john_radcliffe_nhs
2022-07-22 15:00:00,2.3344817115178475e-23,0,0.0,500.0,john_radcliffe_nhs
2022-07-22 16:00:00,2.239210245502021e-23,0,0.0,500.0,john_radcliffe_nhs
2022-07-22 17:00:00,2.1478268597362933e-23,0,0.0,500.0,john_radcliffe_nhs
2022-07-22 18:00:00,2.0601728795548858e-23,0,0.0,500.0,john_radcliffe_nhs
2022-07-22 19:00:00,1.9760961058912253e-23,0,0.0,500.0,john_radcliffe_nhs
2022-07-22 20:00:00,1.8954505510052774e-23,0,0.0,500.0,john_radcliffe_nhs
2022-07-22 21:00:00,1.8180961849959733e-23,0,0.0,500.0,john_radcliffe_nhs
2022-07-22 22:00:00,1.7438986926584868e-23,0,0.0,500.0,john_radcliffe_nhs
2022-07-22 23:00:00,1.6727292402644218e-23,0,0.0,500.0,john_radcliffe_nhs
2022-07-23 00:00:00,1.604464251859816e-23,0,0.0,500.0,john_radcliffe_nhs
2022-07-23 01:00:00,1.53898519469244e-23,0,0.0,500.0,john_radcliffe_nhs
2022-07-23 02:00:00,1.476178373396036e-23,0,0.0,500.0,john_radcliffe_nhs
2022-07-23 03:00:00,1.4159347325739978e-23,0,0.0,500.0,john_radcliffe_nhs
2022-07-23 04:00:00,1.3581496674396287e-23,0,0.0,500.0,john_radcliffe_nhs
2022-07-23 05:00:00,1.3027228421843678e-23,0,0.0,500.0,john_radcliffe_nhs
2022-07-23 06:00:00,1.2495580157585003e-23,0,0.0,500.0,john_radcliffe_nhs
2022-07-23 07:00:00,1.1985628747617708e-23,0,0.0,500.0,john_radcliffe_nhs
2022-07-23 08:00:00,1.1496488731539055e-23,0,0.0,500.0,john_radcliffe_nhs
2022-07-23 09:00:00,1.1027310785066295e-23,0,0.0,500.0,john_radcliffe_nhs
2022-07-23 10:00:00,1.057728024530151e-23,0,0.0,500.0,john_radcliffe_nhs
2022-07-23 11:00:00,1.014561569618192e-23,0,0.0,500.0,john_radcliffe_nhs
2022-07-23 12:00:00,9.731567611658709e-24,0,0.0,500.0,john_radcliffe_nhs
2022-07-23 13:00:00,9.334417054247812e-24,0,0.0,500.0,john_radcliffe_nhs
2022-07-23 14:00:00,8.953474426694197e-24,0,0.0,500.0,john_radcliffe_nhs
2022-07-23 15:00:00,8.588078274581379e-24,0,0.0,500.0,john_radcliffe_nhs
2022-07-23 16:00:00,8.237594137806517e-24,0,0.0,500.0,john_radcliffe_nhs
2022-07-23 17:00:00,7.901413448928016e-24,0,0.0,500.0,john_radcliffe_nhs
2022-07-23 18:00:00,7.578952476472124e-24,0,0.0,500.0,john_radcliffe_nhs
2022-07-23 19:00:00,7.269651311363272e-24,0,0.0,500.0,john_radcliffe_nhs
2022-07-23 20:00:00,6.972972894719239e-24,0,0.0,500.0,john_radcliffe_nhs
2022-07-23 21:00:00,6.688402085322497e-24,0,0.0,500.0,john_radcliffe_nhs
2022-07-23 22:00:00,6.41544476514813e-24,0,0.0,500.0,john_radcliffe_nhs
2022-07-23 23:00:00,6.153626981396067e-24,0,0.0,500.0,john_radcliffe_nhs
2022-07-24 00:00:00,5.902494123537453e-24,0,0.0,500.0,john_radcliffe_nhs
2022-07-24 01:00:00,5.661610133945782e-24,0,0.0,500.0,john_radcliffe_nhs
2022-07-24 02:00:00,5.430556750743023e-24,0,0.0,500.0,john_radcliffe_nhs
2022-07-24 03:00:00,5.208932781545579e-24,0,0.0,500.0,john_radcliffe_nhs
2022-07-24 04:00:00,4.996353406848709e-24,0,0.0,500.0,john_radcliffe_nhs
2022-07-24 05:00:00,4.792449511840584e-24,0,0.0,500.0,john_radcliffe_nhs
2022-07-24 06:00:00,4.596867045485333e-24,0,0.0,500.0,john_radcliffe_nhs
2022-07-24 07:00:00,4.409266405761976e-24,0,0.0,500.0,john_radcliffe_nhs
2022-07-24 08:00:00,4.22932184999237e-24,0,0.0,500.0,john_radcliffe_nhs
2022-07-24 09:00:00,4.056720929234008e-24,0,0.0,500.0,john_radcliffe_nhs
2022-07-24 10:00:00,3.8911639457552554e-24,0,0.0,500.0,john_radcliffe_nhs
2022-07-24 11:00:00,3.732363432651618e-24,0,0.0,500.0,john_radcliffe_nhs
2022-07-24 12:00:00,3.5800436546991135e-24,0,0.0,500.0,john_radcliffe_nhs
2022-07-24 13:00:00,3.433940129577866e-24,0,0.0,500.0,john_radcliffe_nhs
2022-07-24 14:00:00,3.293799168635061e-24,0,0.0,500.0,john_radcliffe_nhs
2022-07-24 15:00:00,3.1593774363896025e-24,0,0.0,500.0,john_radcliffe_nhs
2022-07-24 16:00:00,3.030441528013411e-24,0,0.0,500.0,john_radcliffe_nhs
2022-07-24 17:00:00,2.906767564056157e-24,0,0.0,500.0,john_radcliffe_nhs
2022-07-24 18:00:00,2.7881408017094835e-24,0,0.0,500.0,john_radcliffe_nhs
2022-07-24 19:00:00,2.6743552619355634e-24,0,0.0,500.0,john_radcliffe_nhs
2022-07-24 20:00:00,2.565213371812928e-24,0,0.0,500.0,john_radcliffe_nhs
2022-07-24 21:00:00,2.46052562147835e-24,0,0.0,500.0,john_radcliffe_nhs
2022-07-24 22:00:00,2.360110235068949e-24,0,0.0,500.0,john_radcliffe_nhs
2022-07-24 23:00:00,2.263792855093495e-24,0,0.0,500.0,john_radcliffe_nhs
2022-07-25 00:00:00,2.1714062396846806e-24,0,0.0,500.0,john_radcliffe_nhs
2022-07-25 01:00:00,2.0827899722065486e-24,0,0.0,500.0,john_radcliffe_nhs
2022-07-25 02:00:00,1.9977901827131473e-24,0,0.0,500.0,john_radcliffe_nhs
2022-07-25 03:00:00,1.9162592807745943e-24,0,0.0,500.0,john_radcliffe_nhs
2022-07-25 04:00:00,1.838055699206535e-24,0,0.0,500.0,john_radcliffe_nhs
2022-07-25 05:00:00,1.7630436482582653e-24,0,0.0,500.0,john_radcliffe_nhs
2022-07-25 06:00:00,1.691092879832564e-24,0,0.0,500.0,john_radcliffe_nhs
2022-07-25 07:00:00,1.6220784613277299e-24,0,0.0,500.0,john_radcliffe_nhs
2022-07-25 08:00:00,1.5558805587093643e-24,0,0.0,500.0,john_radcliffe_nhs
2022-07-25 09:00:00,1.4923842284351012e-24,0,0.0,500.0,john_radcliffe_nhs
2022-07-25 10:00:00,1.431479217870908e-24,0,0.0,500.0,john_radcliffe_nhs
2022-07-25 11:00:00,1.3730597738526036e-24,0,0.0,500.0,john_radcliffe_nhs
2022-07-25 12:00:00,1.3170244590600781e-24,0,0.0,500.0,john_radcliffe_nhs
2022-07-25 13:00:00,1.2632759758852954e-24,0,0.0,500.0,john_radcliffe_nhs
2022-07-25 14:00:00,1.2117209974884276e-24,0,0.0,500.0,john_radcliffe_nhs
2022-07-25 15:00:00,1.162270005748671e-24,0,0.0,500.0,john_radcliffe_nhs
2022-07-25 16:00:00,1.1148371358283055e-24,0,0.0,500.0,john_radcliffe_nhs
2022-07-25 17:00:00,1.0693400270802538e-24,0,0.0,500.0,john_radcliffe_nhs
2022-07-25 18:00:00,1.025699680040182e-24,0,0.0,500.0,john_radcliffe_nhs
2022-07-25 19:00:00,9.838403192547613e-25,0,0.0,500.0,john_radcliffe_nhs
2022-07-25 20:00:00,9.436892617080513e-25,0,0.0,500.0,john_radcliffe_nhs
2022-07-25 21:00:00,9.051767906174712e-25,0,0.0,500.0,john_radcliffe_nhs
2022-07-25 22:00:00,8.682360343801664e-25,0,0.0,500.0,john_radcliffe_nhs
2022-07-25 23:00:00,8.328028504596988e-25,0,0.0,500.0,john_radcliffe_nhs
2022-07-26 00:00:00,7.988157140113832e-25,0,0.0,500.0,john_radcliffe_nhs
2022-07-26 01:00:00,7.662156110528292e-25,0,0.0,500.0,john_radcliffe_nhs
2022-07-26 02:00:00,7.349459359943063e-25,0,0.0,500.0,john_radcliffe_nhs
2022-07-26 03:00:00,7.049523933509477e-25,0,0.0,500.0,john_radcliffe_nhs
2022-07-26 04:00:00,6.761829034660848e-25,0,0.0,500.0,john_radcliffe_nhs
2022-07-26 05:00:00,6.485875120821115e-25,0,0.0,500.0,john_radcliffe_nhs
2022-07-26 06:00:00,6.221183036018086e-25,0,0.0,500.0,john_radcliffe_nhs
2022-07-26 07:00:00,5.967293178894784e-25,0,0.0,500.0,john_radcliffe_nhs
2022-07-26 08:00:00,5.723764704675123e-25,0,0.0,500.0,john_radcliffe_nhs
2022-07-26 09:00:00,5.490174759697791e-25,0,0.0,500.0,john_radcliffe_nhs
2022-07-26 10:00:00,5.26611774718883e-25,0,0.0,500.0,john_radcliffe_nhs
2022-07-26 11:00:00,5.051204622998827e-25,0,0.0,500.0,john_radcliffe_nhs
2022-07-26 12:00:00,4.845062220081426e-25,0,0.0,500.0,john_radcliffe_nhs
2022-07-26 13:00:00,4.6473326005399095e-25,0,0.0,500.0,john_radcliffe_nhs
2022-07-26 14:00:00,4.457672434117454e-25,0,0.0,500.0,john_radcliffe_nhs
2022-07-26 15:00:00,4.275752402051502e-25,0,0.0,500.0,john_radcliffe_nhs
2022-07-26 16:00:00,4.1012566252568835e-25,0,0.0,500.0,john_radcliffe_nhs
2022-07-26 17:00:00,3.9338821158453872e-25,0,0.0,500.0,john_radcliffe_nhs
2022-07-26 18:00:00,3.773338251029094e-25,0,0.0,500.0,john_radcliffe_nhs
2022-07-26 19:00:00,3.6193462684937504e-25,0,0.0,500.0,john_radcliffe_nhs
2022-07-26 20:00:00,3.4716387823664884e-25,0,0.0,500.0,john_radcliffe_nhs
2022-07-26 21:00:00,3.3299593189371497e-25,0,0.0,500.0,john_radcliffe_nhs
2022-07-26 22:00:00,3.194061871326848e-25,0,0.0,500.0,john_radcliffe_nhs
2022-07-26 23:00:00,3.0637104723309826e-25,0,0.0,500.0,john_radcliffe_nhs
2022-07-27 00:00:00,2.938678784694744e-25,0,0.0,500.0,john_radcliffe_nhs
2022-07-27 01:00:00,2.8187497081095e-25,0,0.0,500.0,john_radcliffe_nhs
2022-07-27 02:00:00,2.70371500224808e-25,0,0.0,500.0,john_radcliffe_nhs
2022-07-27 03:00:00,2.593374925184174e-25,0,0.0,500.0,john_radcliffe_nhs
2022-07-27 04:00:00,2.487537886567866e-25,0,0.0,500.0,john_radcliffe_nhs
2022-07-27 05:00:00,2.386020114955433e-25,0,0.0,500.0,john_radcliffe_nhs
2022-07-27 06:00:00,2.2886453387155905e-25,0,0.0,500.0,john_radcliffe_nhs
2022-07-27 07:00:00,2.1952444799579727e-25,0,0.0,500.0,john_radcliffe_nhs
2022-07-27 08:00:00,2.10565536095271e-25,0,0.0,500.0,john_radcliffe_nhs
2022-07-27 09:00:00,2.019722422531181e-25,0,0.0,500.0,john_radcliffe_nhs
2022-07-27 10:00:00,1.9372964539788414e-25,0,0.0,500.0,john_radcliffe_nhs
2022-07-27 11:00:00,1.8582343339514148e-25,0,0.0,500.0,john_radcliffe_nhs
2022-07-27 12:00:00,1.782398781964423e-25,0,0.0,500.0,john_radcliffe_nhs
2022-07-27 13:00:00,1.7096581200244479e-25,0,0.0,500.0,john_radcliffe_nhs
2022-07-27 14:00:00,1.639886043988472e-25,0,0.0,500.0,john_radcliffe_nhs
2022-07-27 15:00:00,1.5729614042541586e-25,0,0.0,500.0,john_radcliffe_nhs
2022-07-27 16:00:00,1.5087679954001776e-25,0,0.0,500.0,john_radcliffe_nhs
2022-07-27 17:00:00,1.447194354411532e-25,0,0.0,500.0,john_radcliffe_nhs
2022-07-27 18:00:00,1.3881335671394108e-25,0,0.0,500.0,john_radcliffe_nhs
2022-07-27 19:00:00,1.3314830826594258e-25,0,0.0,500.0,john_radcliffe_nhs
2022-07-27 20:00:00,1.2771445352060903e-25,0,0.0,500.0,john_radcliffe_nhs
2022-07-27 21:00:00,1.2250235733742353e-25,0,0.0,500.0,john_radcliffe_nhs
2022-07-27 22:00:00,1.1750296962907321e-25,0,0.0,500.0,john_radcliffe_nhs
2022-07-27 23:00:00,1.1270760964722176e-25,0,0.0,500.0,john_radcliffe_nhs
2022-07-28 00:00:00,1.0810795090958754e-25,0,0.0,500.0,john_radcliffe_nhs
2022-07-28 01:00:00,1.0369600674214888e-25,0,0.0,500.0,john_radcliffe_nhs
2022-07-28 02:00:00,9.946411641138687e-26,0,0.0,500.0,john_radcliffe_nhs
2022-07-28 03:00:00,9.540493182247851e-26,0,0.0,500.0,john_radcliffe_nhs
2022-07-28 04:00:00,9.151140476033772e-26,0,0.0,500.0,john_radcliffe_nhs
2022-07-28 05:00:00,8.777677465136254e-26,0,0.0,500.0,john_radcliffe_nhs
2022-07-28 06:00:00,8.419455682463178e-26,0,0.0,500.0,john_radcliffe_nhs
2022-07-28 07:00:00,8.075853125216325e-26,0,0.0,500.0,john_radcliffe_nhs
2022-07-28 08:00:00,7.746273174869346e-26,0,0.0,500.0,john_radcliffe_nhs
2022-07-28 09:00:00,7.430143561222025e-26,0,0.0,500.0,john_radcliffe_nhs
2022-07-28 10:00:00,7.12691536873153e-26,0,0.0,500.0,john_radcliffe_nhs
2022-07-28 11:00:00,6.836062083396337e-26,0,0.0,500.0,john_radcliffe_nhs
2022-07-28 12:00:00,6.557078678537313e-26,0,0.0,500.0,john_radcliffe_nhs
2022-07-28 13:00:00,6.289480737888125e-26,0,0.0,500.0,john_radcliffe_nhs
2022-07-28 14:00:00,6.032803614473264e-26,0,0.0,500.0,john_radcliffe_nhs
2022-07-28 15:00:00,5.78660162381267e-26,0,0.0,500.0,john_radcliffe_nhs
2022-07-28 16:00:00,5.550447270051746e-26,0,0.0,500.0,john_radcliffe_nhs
2022-07-28 17:00:00,5.323930503673807e-26,0,0.0,500.0,john_radcliffe_nhs
2022-07-28 18:00:00,5.106658009505672e-26,0,0.0,500.0,john_radcliffe_nhs
2022-07-28 19:00:00,4.898252523779789e-26,0,0.0,500.0,john_radcliffe_nhs
2022-07-28 20:00:00,4.69835217906778e-26,0,0.0,500.0,john_radcliffe_nhs
2022-07-28 21:00:00,4.5066098759475707e-26,0,0.0,500.0,john_radcliffe_nhs
2022-07-28 22:00:00,4.322692680312841e-26,0,0.0,500.0,john_radcliffe_nhs
2022-07-28 23:00:00,4.1462812452788997e-26,0,0.0,500.0,john_radcliffe_nhs
2022-07-29 00:00:00,3.977069256680878e-26,0,0.0,500.0,john_radcliffe_nhs
2022-07-29 01:00:00,3.8147629012011857e-26,0,0.0,500.0,john_radcliffe_nhs
2022-07-29 02:00:00,3.6590803562032276e-26,0,0.0,500.0,john_radcliffe_nhs
2022-07-29 03:00:00,3.509751300385294e-26,0,0.0,500.0,john_radcliffe_nhs
2022-07-29 04:00:00,3.366516444404671e-26,0,0.0,500.0,john_radcliffe_nhs
2022-07-29 05:00:00,3.229127080657487e-26,0,0.0,500.0,john_radcliffe_nhs
2022-07-29 06:00:00,3.097344651432278e-26,0,0.0,500.0,john_radcliffe_nhs
2022-07-29 07:00:00,2.970940334687227e-26,0,0.0,500.0,john_radcliffe_nhs
2022-07-29 08:00:00,2.8496946467322693e-26,0,0.0,500.0,john_radcliffe_nhs
2022-07-29 09:00:00,2.733397061125949e-26,0,0.0,500.0,john_radcliffe_nhs
2022-07-29 10:00:00,2.621845643125119e-26,0,0.0,500.0,john_radcliffe_nhs
2022-07-29 11:00:00,2.5148466990531306e-26,0,0.0,500.0,john_radcliffe_nhs
2022-07-29 12:00:00,2.4122144399774857e-26,0,0.0,500.0,john_radcliffe_nhs
2022-07-29 13:00:00,2.313770659112834e-26,0,0.0,500.0,john_radcliffe_nhs
2022-07-29 14:00:00,2.2193444223894818e-26,0,0.0,500.0,john_radcliffe_nhs
2022-07-29 15:00:00,2.1287717716499658e-26,0,0.0,500.0,john_radcliffe_nhs
2022-07-29 16:00:00,2.0418954399581936e-26,0,0.0,500.0,john_radcliffe_nhs
2022-07-29 17:00:00,1.9585645785271157e-26,0,0.0,500.0,john_radcliffe_nhs
2022-07-29 18:00:00,1.8786344947906163e-26,0,0.0,500.0,john_radcliffe_nhs
2022-07-29 19:00:00,1.801966401164716e-26,0,0.0,500.0,john_radcliffe_nhs
2022-07-29 20:00:00,1.7284271740620831e-26,0,0.0,500.0,john_radcliffe_nhs
2022-07-29 21:00:00,1.6578891227412956e-26,0,0.0,500.0,john_radcliffe_nhs
2022-07-29 22:00:00,1.590229767589372e-26,0,0.0,500.0,john_radcliffe_nhs
2022-07-29 23:00:00,1.5253316274528335e-26,0,0.0,500.0,john_radcliffe_nhs
2022-07-30 00:00:00,1.4630820156478853e-26,0,0.0,500.0,john_radcliffe_nhs
2022-07-30 01:00:00,1.403372844295442e-26,0,0.0,500.0,john_radcliffe_nhs
2022-07-30 02:00:00,1.346100436641446e-26,0,0.0,500.0,john_radcliffe_nhs
2022-07-30 03:00:00,1.2911653470364854e-26,0,0.0,500.0,john_radcliffe_nhs
2022-07-30 04:00:00,1.2384721882620613e-26,0,0.0,500.0,john_radcliffe_nhs
2022-07-30 05:00:00,1.1879294659038474e-26,0,0.0,500.0,john_radcliffe_nhs
2022-07-30 06:00:00,1.1394494194842625e-26,0,0.0,500.0,john_radcliffe_nhs
2022-07-30 07:00:00,1.0929478700784348e-26,0,0.0,500.0,john_radcliffe_nhs
2022-07-30 08:00:00,1.0483440741491179e-26,0,0.0,500.0,john_radcliffe_nhs
2022-07-30 09:00:00,1.0055605833466768e-26,0,0.0,500.0,john_radcliffe_nhs
2022-07-30 10:00:00,9.645231100306496e-27,0,0.0,500.0,john_radcliffe_nhs
2022-07-30 11:00:00,9.25160398279512e-27,0,0.0,500.0,john_radcliffe_nhs
2022-07-30 12:00:00,8.874041001646013e-27,0,0.0,500.0,john_radcliffe_nhs
2022-07-30 13:00:00,8.511886570733093e-27,0,0.0,500.0,john_radcliffe_nhs
2022-07-30 14:00:00,8.164511858756e-27,0,0.0,500.0,john_radcliffe_nhs
2022-07-30 15:00:00,7.831313697361308e-27,0,0.0,500.0,john_radcliffe_nhs
2022-07-30 16:00:00,7.511713533823366e-27,0,0.0,500.0,john_radcliffe_nhs
2022-07-30 17:00:00,7.205156426467368e-27,0,0.0,500.0,john_radcliffe_nhs
2022-07-30 18:00:00,6.911110081089669e-27,0,0.0,500.0,john_radcliffe_nhs
2022-07-30 19:00:00,6.629063926701907e-27,0,0.0,500.0,john_radcliffe_nhs
2022-07-30 20:00:00,6.358528228994944e-27,0,0.0,500.0,john_radcliffe_nhs
2022-07-30 21:00:00,6.099033239982804e-27,0,0.0,500.0,john_radcliffe_nhs
2022-07-30 22:00:00,5.850128382349708e-27,0,0.0,500.0,john_radcliffe_nhs
2022-07-30 23:00:00,5.611381467084751e-27,0,0.0,500.0,john_radcliffe_nhs
2022-07-31 00:00:00,5.382377943045314e-27,0,0.0,500.0,john_radcliffe_nhs
2022-07-31 01:00:00,5.162720177145848e-27,0,0.0,500.0,john_radcliffe_nhs
2022-07-31 02:00:00,4.952026763922896e-27,0,0.0,500.0,john_radcliffe_nhs
2022-07-31 03:00:00,4.749931863277136e-27,0,0.0,500.0,john_radcliffe_nhs
2022-07-31 04:00:00,4.556084565242204e-27,0,0.0,500.0,john_radcliffe_nhs
2022-07-31 05:00:00,4.370148280677973e-27,0,0.0,500.0,john_radcliffe_nhs
2022-07-31 06:00:00,4.191800156829949e-27,0,0.0,500.0,john_radcliffe_nhs
2022-07-31 07:00:00,4.020730516739727e-27,0,0.0,500.0,john_radcliffe_nhs
2022-07-31 08:00:00,3.856642321533706e-27,0,0.0,500.0,john_radcliffe_nhs
2022-07-31 09:00:00,3.69925065465605e-27,0,0.0,500.0,john_radcliffe_nhs
2022-07-31 10:00:00,3.5482822271501695e-27,0,0.0,500.0,john_radcliffe_nhs
2022-07-31 11:00:00,3.4034749031301585e-27,0,0.0,500.0,john_radcliffe_nhs
2022-07-31 12:00:00,3.264577244618002e-27,0,0.0,500.0,john_radcliffe_nhs
2022-07-31 13:00:00,3.1313480749559947e-27,0,0.0,500.0,john_radcliffe_nhs
2022-07-31 14:00:00,3.003556060036771e-27,0,0.0,500.0,john_radcliffe_nhs
2022-07-31 15:00:00,2.8809793066235392e-27,0,0.0,500.0,john_radcliffe_nhs
2022-07-31 16:00:00,2.7634049770629005e-27,0,0.0,500.0,john_radcliffe_nhs
2022-07-31 17:00:00,2.6506289197216418e-27,0,0.0,500.0,john_radcliffe_nhs
2022-07-31 18:00:00,2.542455314505589e-27,0,0.0,500.0,john_radcliffe_nhs
2022-07-31 19:00:00,2.4386963328448646e-27,0,0.0,500.0,john_radcliffe_nhs
2022-07-31 20:00:00,2.3391718115555007e-27,0,0.0,500.0,john_radcliffe_nhs
2022-07-31 21:00:00,2.2437089400109255e-27,0,0.0,500.0,john_radcliffe_nhs
2022-07-31 22:00:00,2.1521419600800047e-27,0,0.0,500.0,john_radcliffe_nhs
2022-07-31 23:00:00,2.0643118783109262e-27,0,0.0,500.0,john_radcliffe_nhs
2022-08-01 00:00:00,1.9800661898610075e-27,0,0.0,500.0,john_radcliffe_nhs
2022-08-01 01:00:00,1.899258613692944e-27,0,0.0,500.0,john_radcliffe_nhs
2022-08-01 02:00:00,1.821748838577981e-27,0,0.0,500.0,john_radcliffe_nhs
2022-08-01 03:00:00,1.7474022794648204e-27,0,0.0,500.0,john_radcliffe_nhs
2022-08-01 04:00:00,1.6760898437911357e-27,0,0.0,500.0,john_radcliffe_nhs
2022-08-01 05:00:00,1.607687707332152e-27,0,0.0,500.0,john_radcliffe_nhs
2022-08-01 06:00:00,1.5420770991969657e-27,0,0.0,500.0,john_radcliffe_nhs
2022-08-01 07:00:00,1.4791440955991756e-27,0,0.0,500.0,john_radcliffe_nhs
2022-08-01 08:00:00,1.4187794220439537e-27,0,0.0,500.0,john_radcliffe_nhs
2022-08-01 09:00:00,1.36087826358796e-27,0,0.0,500.0,john_radcliffe_nhs
2022-08-01 10:00:00,1.3053400828425653e-27,0,0.0,500.0,john_radcliffe_nhs
2022-08-01 11:00:00,1.2520684454045516e-27,0,0.0,500.0,john_radcliffe_nhs
2022-08-01 12:00:00,1.2009708524110772e-27,0,0.0,500.0,john_radcliffe_nhs
2022-08-01 13:00:00,1.1519585799280828e-27,0,0.0,500.0,john_radcliffe_nhs
2022-08-01 14:00:00,1.1049465248934264e-27,0,0.0,500.0,john_radcliffe_nhs
2022-08-01 15:00:00,1.0598530573471572e-27,0,0.0,500.0,john_radcliffe_nhs
2022-08-01 16:00:00,1.0165998786922823e-27,0,0.0,500.0,john_radcliffe_nhs
2022-08-01 17:00:00,9.751118857400614e-28,0,0.0,500.0,john_radcliffe_nhs
2022-08-01 18:00:00,9.353170403036796e-28,0,0.0,500.0,john_radcliffe_nhs
2022-08-01 19:00:00,8.971462441138145e-28,0,0.0,500.0,john_radcliffe_nhs
2022-08-01 20:00:00,8.60533218839028e-28,0,0.0,500.0,john_radcliffe_nhs
2022-08-01 21:00:00,8.254143910025884e-28,0,0.0,500.0,john_radcliffe_nhs
2022-08-01 22:00:00,7.917287815958446e-28,0,0.0,500.0,john_radcliffe_nhs
2022-08-01 23:00:00,7.59417900196594e-28,0,0.0,500.0,john_radcliffe_nhs
2022-08-02 00:00:00,7.284256434085344e-28,0,0.0,500.0,john_radcliffe_nhs
2022-08-02 01:00:00,6.9869819744540855e-28,0,0.0,500.0,john_radcliffe_nhs
2022-08-02 02:00:00,6.701839446907916e-28,0,0.0,500.0,john_radcliffe_nhs
2022-08-02 03:00:00,6.428333740712227e-28,0,0.0,500.0,john_radcliffe_nhs
2022-08-02 04:00:00,6.16598995087013e-28,0,0.0,500.0,john_radcliffe_nhs
2022-08-02 05:00:00,5.914352553515494e-28,0,0.0,500.0,john_radcliffe_nhs
2022-08-02 06:00:00,5.672984614958586e-28,0,0.0,500.0,john_radcliffe_nhs
2022-08-02 07:00:00,5.441467033010631e-28,0,0.0,500.0,john_radcliffe_nhs
2022-08-02 08:00:00,5.219397809270716e-28,0,0.0,500.0,john_radcliffe_nhs
2022-08-02 09:00:00,5.006391351111015e-28,0,0.0,500.0,john_radcliffe_nhs
2022-08-02 10:00:00,4.802077802148071e-28,0,0.0,500.0,john_radcliffe_nhs
2022-08-02 11:00:00,4.60610240003823e-28,0,0.0,500.0,john_radcliffe_nhs
2022-08-02 12:00:00,4.4181248604817784e-28,0,0.0,500.0,john_radcliffe_nhs
2022-08-02 13:00:00,4.2378187863659145e-28,0,0.0,500.0,john_radcliffe_nhs
2022-08-02 14:00:00,4.064871101021208e-28,0,0.0,500.0,john_radcliffe_nhs
2022-08-02 15:00:00,3.8989815046071677e-28,0,0.0,500.0,john_radcliffe_nhs
2022-08-02 16:00:00,3.739861952682702e-28,0,0.0,500.0,john_radcliffe_nhs
2022-08-02 17:00:00,3.587236156056876e-28,0,0.0,500.0,john_radcliffe_nhs
2022-08-02 18:00:00,3.4408391010504505e-28,0,0.0,500.0,john_radcliffe_nhs
2022-08-02 19:00:00,3.300416589336461e-28,0,0.0,500.0,john_radcliffe_nhs
2022-08-02 20:00:00,3.165724796559664e-28,0,0.0,500.0,john_radcliffe_nhs
2022-08-02 21:00:00,3.0365298489689863e-28,0,0.0,500.0,john_radcliffe_nhs
2022-08-02 22:00:00,2.912607417328242e-28,0,0.0,500.0,john_radcliffe_nhs
2022-08-02 23:00:00,2.7937423273991512e-28,0,0.0,500.0,john_radcliffe_nhs
2022-08-03 00:00:00,2.6797281863207997e-28,0,0.0,500.0,john_radcliffe_nhs
2022-08-03 01:00:00,2.570367024237091e-28,0,0.0,500.0,john_radcliffe_nhs
2022-08-03 02:00:00,2.4654689505492298e-28,0,0.0,500.0,john_radcliffe_nhs
2022-08-03 03:00:00,2.364851824196741e-28,0,0.0,500.0,john_radcliffe_nhs
2022-08-03 04:00:00,2.2683409373948166e-28,0,0.0,500.0,john_radcliffe_nhs
2022-08-03 05:00:00,2.175768712278188e-28,0,0.0,500.0,john_radcliffe_nhs
2022-08-03 06:00:00,2.0869744099251545e-28,0,0.0,500.0,john_radcliffe_nhs
2022-08-03 07:00:00,2.0018038512567634e-28,0,0.0,500.0,john_radcliffe_nhs
2022-08-03 08:00:00,1.920109149325975e-28,0,0.0,500.0,john_radcliffe_nhs
2022-08-03 09:00:00,1.8417484525322624e-28,0,0.0,500.0,john_radcliffe_nhs
2022-08-03 10:00:00,1.7665856983160078e-28,0,0.0,500.0,john_radcliffe_nhs
2022-08-03 11:00:00,1.6944903769045153e-28,0,0.0,500.0,john_radcliffe_nhs
2022-08-03 12:00:00,1.6253373046996933e-28,0,0.0,500.0,john_radcliffe_nhs
2022-08-03 13:00:00,1.5590064069141213e-28,0,0.0,500.0,john_radcliffe_nhs
2022-08-03 14:00:00,1.4953825090776384e-28,0,0.0,500.0,john_radcliffe_nhs
2022-08-03 15:00:00,1.4343551370526743e-28,0,0.0,500.0,john_radcliffe_nhs
2022-08-03 16:00:00,1.3758183252112515e-28,0,0.0,500.0,john_radcliffe_nhs
2022-08-03 17:00:00,1.3196704324401966e-28,0,0.0,500.0,john_radcliffe_nhs
2022-08-03 18:00:00,1.2658139656552877e-28,0,0.0,500.0,john_radcliffe_nhs
2022-08-03 19:00:00,1.2141554105180549e-28,0,0.0,500.0,john_radcliffe_nhs
2022-08-03 20:00:00,1.164605069060947e-28,0,0.0,500.0,john_radcliffe_nhs
2022-08-03 21:00:00,1.1170769039391149e-28,0,0.0,500.0,john_radcliffe_nhs
2022-08-03 22:00:00,1.0714883890385114e-28,0,0.0,500.0,john_radcliffe_nhs
2022-08-03 23:00:00,1.0277603661806045e-28,0,0.0,500.0,john_radcliffe_nhs
2022-08-04 00:00:00,9.858169076750585e-29,0,0.0,500.0,john_radcliffe_nhs
2022-08-04 01:00:00,9.455851844818443e-29,0,0.0,500.0,john_radcliffe_nhs
2022-08-04 02:00:00,9.069953397535931e-29,0,0.0,500.0,john_radcliffe_nhs
2022-08-04 03:00:00,8.699803675387631e-29,0,0.0,500.0,john_radcliffe_nhs
2022-08-04 04:00:00,8.344759964351107e-29,0,0.0,500.0,john_radcliffe_nhs
2022-08-04 05:00:00,8.004205779912087e-29,0,0.0,500.0,john_radcliffe_nhs
2022-08-04 06:00:00,7.677549796623662e-29,0,0.0,500.0,john_radcliffe_nhs
2022-08-04 07:00:00,7.364224821351793e-29,0,0.0,500.0,john_radcliffe_nhs
2022-08-04 08:00:00,7.063686808422131e-29,0,0.0,500.0,john_radcliffe_nhs
2022-08-04 09:00:00,6.775413914959374e-29,0,0.0,500.0,john_radcliffe_nhs
2022-08-04 10:00:00,6.498905594779551e-29,0,0.0,500.0,john_radcliffe_nhs
2022-08-04 11:00:00,6.233681729260198e-29,0,0.0,500.0,john_radcliffe_nhs
2022-08-04 12:00:00,5.979281793680214e-29,0,0.0,500.0,john_radcliffe_nhs
2022-08-04 13:00:00,5.735264057582652e-29,0,0.0,500.0,john_radcliffe_nhs
2022-08-04 14:00:00,5.501204817770309e-29,0,0.0,500.0,john_radcliffe_nhs
2022-08-04 15:00:00,5.276697662603253e-29,0,0.0,500.0,john_radcliffe_nhs
2022-08-04 16:00:00,5.061352766321448e-29,0,0.0,500.0,john_radcliffe_nhs
2022-08-04 17:00:00,4.854796212165751e-29,0,0.0,500.0,john_radcliffe_nhs
2022-08-04 18:00:00,4.656669343122746e-29,0,0.0,500.0,john_radcliffe_nhs
2022-08-04 19:00:00,4.4666281391666515e-29,0,0.0,500.0,john_radcliffe_nhs
2022-08-04 20:00:00,4.284342619915702e-29,0,0.0,500.0,john_radcliffe_nhs
2022-08-04 21:00:00,4.1094962716664654e-29,0,0.0,500.0,john_radcliffe_nhs
2022-08-04 22:00:00,3.941785497811765e-29,0,0.0,500.0,john_radcliffe_nhs
2022-08-04 23:00:00,3.780919091686777e-29,0,0.0,500.0,john_radcliffe_nhs
2022-08-05 00:00:00,3.6266177309285983e-29,0,0.0,500.0,john_radcliffe_nhs
2022-08-05 01:00:00,3.478613492471761e-29,0,0.0,500.0,john_radcliffe_nhs
2022-08-05 02:00:00,3.336649387336543e-29,0,0.0,500.0,john_radcliffe_nhs
2022-08-05 03:00:00,3.2004789144028614e-29,0,0.0,500.0,john_radcliffe_nhs
2022-08-05 04:00:00,3.06986563239531e-29,0,0.0,500.0,john_radcliffe_nhs
2022-08-05 05:00:00,2.944582749335287e-29,0,0.0,500.0,john_radcliffe_nhs
2022-08-05 06:00:00,2.824412728747834e-29,0,0.0,500.0,john_radcliffe_nhs
2022-08-05 07:00:00,2.7091469119397614e-29,0,0.0,500.0,john_radcliffe_nhs
2022-08-05 08:00:00,2.598585155692423e-29,0,0.0,500.0,john_radcliffe_nhs
2022-08-05 09:00:00,2.4925354847404684e-29,0,0.0,500.0,john_radcliffe_nhs
2022-08-05 10:00:00,2.3908137584334615e-29,0,0.0,500.0,john_radcliffe_nhs
2022-08-05 11:00:00,2.2932433510008718e-29,0,0.0,500.0,john_radcliffe_nhs
2022-08-05 12:00:00,2.1996548448656565e-29,0,0.0,500.0,john_radcliffe_nhs
2022-08-05 13:00:00,2.1098857364741647e-29,0,0.0,500.0,john_radcliffe_nhs
2022-08-05 14:00:00,2.0237801541309874e-29,0,0.0,500.0,john_radcliffe_nhs
2022-08-05 15:00:00,1.9411885873491408e-29,0,0.0,500.0,john_radcliffe_nhs
2022-08-05 16:00:00,1.861967627245868e-29,0,0.0,500.0,john_radcliffe_nhs
2022-08-05 17:00:00,1.7859797175327712e-29,0,0.0,500.0,john_radcliffe_nhs
2022-08-05 18:00:00,1.7130929156681827e-29,0,0.0,500.0,john_radcliffe_nhs
2022-08-05 19:00:00,1.6431806637572674e-29,0,0.0,500.0,john_radcliffe_nhs
2022-08-05 20:00:00,1.5761215688015816e-29,0,0.0,500.0,john_radcliffe_nhs
2022-08-05 21:00:00,1.511799191916785e-29,0,0.0,500.0,john_radcliffe_nhs
2022-08-05 22:00:00,1.450101846152688e-29,0,0.0,500.0,john_radcliffe_nhs
2022-08-05 23:00:00,1.390922402564169e-29,0,0.0,500.0,john_radcliffe_nhs
2022-08-06 00:00:00,1.334158104196457e-29,0,0.0,500.0,john_radcliffe_nhs
2022-08-06 01:00:00,1.2797103876619506e-29,0,0.0,500.0,john_radcliffe_nhs
2022-08-06 02:00:00,1.2274847119984028e-29,0,0.0,500.0,john_radcliffe_nhs
2022-08-06 03:00:00,1.1773903945115092e-29,0,0.0,500.0,john_radcliffe_nhs
2022-08-06 04:00:00,1.1293404533170032e-29,0,0.0,500.0,john_radcliffe_nhs
2022-08-06 05:00:00,1.0832514563085345e-29,0,0.0,500.0,john_radcliffe_nhs
2022-08-06 06:00:00,1.0390433762892617e-29,0,0.0,500.0,john_radcliffe_nhs
2022-08-06 07:00:00,9.966394520157382e-30,0,0.0,500.0,john_radcliffe_nhs
2022-08-06 08:00:00,9.559660549125338e-30,0,0.0,500.0,john_radcliffe_nhs
2022-08-06 09:00:00,9.169525612263137e-30,0,0.0,500.0,john_radcliffe_nhs
2022-08-06 10:00:00,8.795312293974975e-30,0,0.0,500.0,john_radcliffe_nhs
2022-08-06 11:00:00,8.436370824363265e-30,0,0.0,500.0,john_radcliffe_nhs
2022-08-06 12:00:00,8.092077950992335e-30,0,0.0,500.0,john_radcliffe_nhs
2022-08-06 13:00:00,7.761835856697127e-30,0,0.0,500.0,john_radcliffe_nhs
2022-08-06 14:00:00,7.44507112155563e-30,0,0.0,500.0,john_radcliffe_nhs
2022-08-06 15:00:00,7.141233727223835e-30,0,0.0,500.0,john_radcliffe_nhs
2022-08-06 16:00:00,6.849796101905264e-30,0,0.0,500.0,john_radcliffe_nhs
2022-08-06 17:00:00,6.570252204294864e-30,0,0.0,500.0,john_radcliffe_nhs
2022-08-06 18:00:00,6.30211664490768e-30,0,0.0,500.0,john_radcliffe_nhs
2022-08-06 19:00:00,6.0449238432674315e-30,0,0.0,500.0,john_radcliffe_nhs
2022-08-06 20:00:00,5.798227219489828e-30,0,0.0,500.0,john_radcliffe_nhs
2022-08-06 21:00:00,5.561598418857849e-30,0,0.0,500.0,john_radcliffe_nhs
2022-08-06 22:00:00,5.334626568043277e-30,0,0.0,500.0,john_radcliffe_nhs
2022-08-06 23:00:00,5.1169175616814635e-30,0,0.0,500.0,john_radcliffe_nhs
2022-08-07 00:00:00,4.908093378061435e-30,0,0.0,500.0,john_radcliffe_nhs
2022-08-07 01:00:00,4.707791422743682e-30,0,0.0,500.0,john_radcliffe_nhs
2022-08-07 02:00:00,4.515663898964612e-30,0,0.0,500.0,john_radcliffe_nhs
2022-08-07 03:00:00,4.33137720373518e-30,0,0.0,500.0,john_radcliffe_nhs
2022-08-07 04:00:00,4.1546113485856245e-30,0,0.0,500.0,john_radcliffe_nhs
2022-08-07 05:00:00,3.9850594039493475e-30,0,0.0,500.0,john_radcliffe_nhs
2022-08-07 06:00:00,3.8224269662218224e-30,0,0.0,500.0,john_radcliffe_nhs
2022-08-07 07:00:00,3.6664316465696224e-30,0,0.0,500.0,john_radcliffe_nhs
2022-08-07 08:00:00,3.516802580600913e-30,0,0.0,500.0,john_radcliffe_nhs
2022-08-07 09:00:00,3.37327995804659e-30,0,0.0,500.0,john_radcliffe_nhs
2022-08-07 10:00:00,3.23561457163583e-30,0,0.0,500.0,john_radcliffe_nhs
2022-08-07 11:00:00,3.1035673843818182e-30,0,0.0,500.0,john_radcliffe_nhs
2022-08-07 12:00:00,2.97690911452681e-30,0,0.0,500.0,john_radcliffe_nhs
2022-08-07 13:00:00,2.8554198374262024e-30,0,0.0,500.0,john_radcliffe_nhs
2022-08-07 14:00:00,2.7388886036795287e-30,0,0.0,500.0,john_radcliffe_nhs
2022-08-07 15:00:00,2.62711307284576e-30,0,0.0,500.0,john_radcliffe_nhs
2022-08-07 16:00:00,2.5198991621072327e-30,0,0.0,500.0,john_radcliffe_nhs
2022-08-07 17:00:00,2.4170607092714315e-30,0,0.0,500.0,john_radcliffe_nhs
2022-08-07 18:00:00,2.3184191495258817e-30,0,0.0,500.0,john_radcliffe_nhs
2022-08-07 19:00:00,2.2238032053851502e-30,0,0.0,500.0,john_radcliffe_nhs
2022-08-07 20:00:00,2.1330485892909636e-30,0,0.0,500.0,john_radcliffe_nhs
2022-08-07 21:00:00,2.0459977183494028e-30,0,0.0,500.0,john_radcliffe_nhs
2022-08-07 22:00:00,1.96249944071009e-30,0,0.0,500.0,john_radcliffe_nhs
2022-08-07 23:00:00,1.882408773111716e-30,0,0.0,500.0,john_radcliffe_nhs
2022-08-08 00:00:00,1.805586649138497e-30,0,0.0,500.0,john_radcliffe_nhs
2022-08-08 01:00:00,1.731899677750655e-30,0,0.0,500.0,john_radcliffe_nhs
2022-08-08 02:00:00,1.6612199116691582e-30,0,0.0,500.0,john_radcliffe_nhs
2022-08-08 03:00:00,1.5934246252128227e-30,0,0.0,500.0,john_radcliffe_nhs
2022-08-08 04:00:00,1.5283961012022121e-30,0,0.0,500.0,john_radcliffe_nhs
2022-08-08 05:00:00,1.466021426559887e-30,0,0.0,500.0,john_radcliffe_nhs
2022-08-08 06:00:00,1.4061922962523357e-30,0,0.0,500.0,john_radcliffe_nhs
2022-08-08 07:00:00,1.348804825233324e-30,0,0.0,500.0,john_radcliffe_nhs
2022-08-08 08:00:00,1.2937593680617502e-30,0,0.0,500.0,john_radcliffe_nhs
2022-08-08 09:00:00,1.2409603458810058e-30,0,0.0,500.0,john_radcliffe_nhs
2022-08-08 10:00:00,1.190316080459565e-30,0,0.0,500.0,john_radcliffe_nhs
2022-08-08 11:00:00,1.1417386350042982e-30,0,0.0,500.0,john_radcliffe_nhs
2022-08-08 12:00:00,1.095143661470296e-30,0,0.0,500.0,john_radcliffe_nhs
2022-08-08 13:00:00,1.050450254102202e-30,0,0.0,500.0,john_radcliffe_nhs
2022-08-08 14:00:00,1.007580808952457e-30,0,0.0,500.0,john_radcliffe_nhs
2022-08-08 15:00:00,9.66460889132689e-31,0,0.0,500.0,john_radcliffe_nhs
2022-08-08 16:00:00,9.270190955643945e-31,0,0.0,500.0,john_radcliffe_nhs
2022-08-08 17:00:00,8.891869430042243e-31,0,0.0,500.0,john_radcliffe_nhs
2022-08-08 18:00:00,8.528987411287521e-31,0,0.0,500.0,john_radcliffe_nhs
2022-08-08 19:00:00,8.180914804723511e-31,0,0.0,500.0,john_radcliffe_nhs
2022-08-08 20:00:00,7.847047230198931e-31,0,0.0,500.0,john_radcliffe_nhs
2022-08-08 21:00:00,7.526804972644244e-31,0,0.0,500.0,john_radcliffe_nhs
2022-08-08 22:00:00,7.219631975476959e-31,0,0.0,500.0,john_radcliffe_nhs
2022-08-08 23:00:00,6.9249948750855855e-31,0,0.0,500.0,john_radcliffe_nhs
2022-08-09 00:00:00,6.642382074716875e-31,0,0.0,500.0,john_radcliffe_nhs
2022-08-09 01:00:00,6.37130285615912e-31,0,0.0,500.0,john_radcliffe_nhs
2022-08-09 02:00:00,6.111286527677226e-31,0,0.0,500.0,john_radcliffe_nhs
2022-08-09 03:00:00,5.861881606721081e-31,0,0.0,500.0,john_radcliffe_nhs
2022-08-09 04:00:00,5.62265503598881e-31,0,0.0,500.0,john_radcliffe_nhs
2022-08-09 05:00:00,5.393191431482119e-31,0,0.0,500.0,john_radcliffe_nhs
2022-08-09 06:00:00,5.173092361248965e-31,0,0.0,500.0,john_radcliffe_nhs
2022-08-09 07:00:00,4.961975653561802e-31,0,0.0,500.0,john_radcliffe_nhs
2022-08-09 08:00:00,4.75947473332875e-31,0,0.0,500.0,john_radcliffe_nhs
2022-08-09 09:00:00,4.5652379855862425e-31,0,0.0,500.0,john_radcliffe_nhs
2022-08-09 10:00:00,4.378928144968463e-31,0,0.0,500.0,john_radcliffe_nhs
2022-08-09 11:00:00,4.200221710092265e-31,0,0.0,500.0,john_radcliffe_nhs
2022-08-09 12:00:00,4.028808381841397e-31,0,0.0,500.0,john_radcliffe_nhs
2022-08-09 13:00:00,3.8643905245751768e-31,0,0.0,500.0,john_radcliffe_nhs
2022-08-09 14:00:00,3.7066826493249968e-31,0,0.0,500.0,john_radcliffe_nhs
2022-08-09 15:00:00,3.555410918081889e-31,0,0.0,500.0,john_radcliffe_nhs
2022-08-09 16:00:00,3.410312668314853e-31,0,0.0,500.0,john_radcliffe_nhs
2022-08-09 17:00:00,3.271135956893372e-31,0,0.0,500.0,john_radcliffe_nhs
2022-08-09 18:00:00,3.1376391226227195e-31,0,0.0,500.0,john_radcliffe_nhs
2022-08-09 19:00:00,3.0095903666328643e-31,0,0.0,500.0,john_radcliffe_nhs
2022-08-09 20:00:00,2.886767349891497e-31,0,0.0,500.0,john_radcliffe_nhs
2022-08-09 21:00:00,2.7689568071427976e-31,0,0.0,500.0,john_radcliffe_nhs
2022-08-09 22:00:00,2.65595417660194e-31,0,0.0,500.0,john_radcliffe_nhs
2022-08-09 23:00:00,2.547563244761587e-31,0,0.0,500.0,john_radcliffe_nhs
2022-08-10 00:00:00,2.4435958056940494e-31,0,0.0,500.0,john_radcliffe_nhs
2022-08-10 01:00:00,2.3438713342578317e-31,0,0.0,500.0,john_radcliffe_nhs
2022-08-10 02:00:00,2.248216672640462e-31,0,0.0,500.0,john_radcliffe_nhs
2022-08-10 03:00:00,2.1564657296937075e-31,0,0.0,500.0,john_radcliffe_nhs
2022-08-10 04:00:00,2.068459192539359e-31,0,0.0,500.0,john_radcliffe_nhs
2022-08-10 05:00:00,1.984044249944253e-31,0,0.0,500.0,john_radcliffe_nhs
2022-08-10 06:00:00,1.9030743269845264e-31,0,0.0,500.0,john_radcliffe_nhs
2022-08-10 07:00:00,1.8254088305386177e-31,0,0.0,500.0,john_radcliffe_nhs
2022-08-10 08:00:00,1.7509129051665801e-31,0,0.0,500.0,john_radcliffe_nhs
2022-08-10 09:00:00,1.679457198952108e-31,0,0.0,500.0,john_radcliffe_nhs
2022-08-10 10:00:00,1.6109176389008987e-31,0,0.0,500.0,john_radcliffe_nhs
2022-08-10 11:00:00,1.5451752155049024e-31,0,0.0,500.0,john_radcliffe_nhs
2022-08-10 12:00:00,1.482115776098636e-31,0,0.0,500.0,john_radcliffe_nhs
2022-08-10 13:00:00,1.4216298266489328e-31,0,0.0,500.0,john_radcliffe_nhs
2022-08-10 14:00:00,1.3636123416335611e-31,0,0.0,500.0,john_radcliffe_nhs
2022-08-10 15:00:00,1.3079625816788098e-31,0,0.0,500.0,john_radcliffe_nhs
2022-08-10 16:00:00,1.2545839186395585e-31,0,0.0,500.0,john_radcliffe_nhs
2022-08-10 17:00:00,1.2033836678177448e-31,0,0.0,500.0,john_radcliffe_nhs
2022-08-10 18:00:00,1.1542729270281007e-31,0,0.0,500.0,john_radcliffe_nhs
2022-08-10 19:00:00,1.1071664222318545e-31,0,0.0,500.0,john_radcliffe_nhs
2022-08-10 20:00:00,1.0619823594700495e-31,0,0.0,500.0,john_radcliffe_nhs
2022-08-10 21:00:00,1.0186422828395534e-31,0,0.0,500.0,john_radcliffe_nhs
2022-08-10 22:00:00,9.770709382652799e-32,0,0.0,500.0,john_radcliffe_nhs
2022-08-10 23:00:00,9.37196142831799e-32,0,0.0,500.0,john_radcliffe_nhs
2022-08-11 00:00:00,8.989486594476074e-32,0,0.0,500.0,john_radcliffe_nhs
2022-08-11 01:00:00,8.622620766245339e-32,0,0.0,500.0,john_radcliffe_nhs
2022-08-11 02:00:00,8.270726931632926e-32,0,0.0,500.0,john_radcliffe_nhs
2022-08-11 03:00:00,7.933194075450877e-32,0,0.0,500.0,john_radcliffe_nhs
2022-08-11 04:00:00,7.609436118373122e-32,0,0.0,500.0,john_radcliffe_nhs
2022-08-11 05:00:00,7.298890899289052e-32,0,0.0,500.0,john_radcliffe_nhs
2022-08-11 06:00:00,7.001019199187862e-32,0,0.0,500.0,john_radcliffe_nhs
2022-08-11 07:00:00,6.715303804879627e-32,0,0.0,500.0,john_radcliffe_nhs
2022-08-11 08:00:00,6.44124861092548e-32,0,0.0,500.0,john_radcliffe_nhs
2022-08-11 09:00:00,6.178377758218573e-32,0,0.0,500.0,john_radcliffe_nhs
2022-08-11 10:00:00,5.92623480772082e-32,0,0.0,500.0,john_radcliffe_nhs
2022-08-11 11:00:00,5.684381947919064e-32,0,0.0,500.0,john_radcliffe_nhs
2022-08-11 12:00:00,5.452399234625447e-32,0,0.0,500.0,john_radcliffe_nhs
2022-08-11 13:00:00,5.229883861802638e-32,0,0.0,500.0,john_radcliffe_nhs
2022-08-11 14:00:00,5.016449462146364e-32,0,0.0,500.0,john_radcliffe_nhs
2022-08-11 15:00:00,4.811725436211576e-32,0,0.0,500.0,john_radcliffe_nhs
2022-08-11 16:00:00,4.615356308917991e-32,0,0.0,500.0,john_radcliffe_nhs
2022-08-11 17:00:00,4.427001112316325e-32,0,0.0,500.0,john_radcliffe_nhs
2022-08-11 18:00:00,4.246332793544226e-32,0,0.0,500.0,john_radcliffe_nhs
2022-08-11 19:00:00,4.073037646944398e-32,0,0.0,500.0,john_radcliffe_nhs
2022-08-11 20:00:00,3.9068147693577156e-32,0,0.0,500.0,john_radcliffe_nhs
2022-08-11 21:00:00,3.7473755376461724e-32,0,0.0,500.0,john_radcliffe_nhs
2022-08-11 22:00:00,3.5944431075388795e-32,0,0.0,500.0,john_radcliffe_nhs
2022-08-11 23:00:00,3.4477519329299346e-32,0,0.0,500.0,john_radcliffe_nhs
2022-08-12 00:00:00,3.30704730479403e-32,0,0.0,500.0,john_radcliffe_nhs
2022-08-12 01:00:00,3.1720849089196097e-32,0,0.0,500.0,john_radcliffe_nhs
2022-08-12 02:00:00,3.0426304016907185e-32,0,0.0,500.0,john_radcliffe_nhs
2022-08-12 03:00:00,2.918459003181466e-32,0,0.0,500.0,john_radcliffe_nhs
2022-08-12 04:00:00,2.799355106856894e-32,0,0.0,500.0,john_radcliffe_nhs
2022-08-12 05:00:00,2.6851119052017827e-32,0,0.0,500.0,john_radcliffe_nhs
2022-08-12 06:00:00,2.5755310306277694e-32,0,0.0,500.0,john_radcliffe_nhs
2022-08-12 07:00:00,2.470422211035578e-32,0,0.0,500.0,john_radcliffe_nhs
2022-08-12 08:00:00,2.369602939433595e-32,0,0.0,500.0,john_radcliffe_nhs
2022-08-12 09:00:00,2.272898157039517e-32,0,0.0,500.0,john_radcliffe_nhs
2022-08-12 10:00:00,2.180139949315085e-32,0,0.0,500.0,john_radcliffe_nhs
2022-08-12 11:00:00,2.0911672544055004e-32,0,0.0,500.0,john_radcliffe_nhs
2022-08-12 12:00:00,2.0058255834776092e-32,0,0.0,500.0,john_radcliffe_nhs
2022-08-12 13:00:00,1.9239667524714991e-32,0,0.0,500.0,john_radcliffe_nhs
2022-08-12 14:00:00,1.8454486247991866e-32,0,0.0,500.0,john_radcliffe_nhs
2022-08-12 15:00:00,1.7701348645439288e-32,0,0.0,500.0,john_radcliffe_nhs
2022-08-12 16:00:00,1.6978946997318411e-32,0,0.0,500.0,john_radcliffe_nhs
2022-08-12 17:00:00,1.6286026952642833e-32,0,0.0,500.0,john_radcliffe_nhs
2022-08-12 18:00:00,1.5621385351170196e-32,0,0.0,500.0,john_radcliffe_nhs
2022-08-12 19:00:00,1.4983868134281515e-32,0,0.0,500.0,john_radcliffe_nhs
2022-08-12 20:00:00,1.4372368341116537e-32,0,0.0,500.0,john_radcliffe_nhs
2022-08-12 21:00:00,1.378582418648807e-32,0,0.0,500.0,john_radcliffe_nhs
2022-08-12 22:00:00,1.3223217217239457e-32,0,0.0,500.0,john_radcliffe_nhs
2022-08-12 23:00:00,1.2683570543840242e-32,0,0.0,500.0,john_radcliffe_nhs
2022-08-13 00:00:00,1.2165947144151522e-32,0,0.0,500.0,john_radcliffe_nhs
2022-08-13 01:00:00,1.1669448236417114e-32,0,0.0,500.0,john_radcliffe_nhs
2022-08-13 02:00:00,1.1193211718652227e-32,0,0.0,500.0,john_radcliffe_nhs
2022-08-13 03:00:00,1.0736410671721622e-32,0,0.0,500.0,john_radcliffe_nhs
2022-08-13 04:00:00,1.0298251923509371e-32,0,0.0,500.0,john_radcliffe_nhs
2022-08-13 05:00:00,9.877974671684186e-33,0,0.0,500.0,john_radcliffe_nhs
2022-08-13 06:00:00,9.474849162670527e-33,0,0.0,500.0,john_radcliffe_nhs
2022-08-13 07:00:00,9.088175424532873e-33,0,0.0,500.0,john_radcliffe_nhs
2022-08-13 08:00:00,8.717282051570381e-33,0,0.0,500.0,john_radcliffe_nhs
2022-08-13 09:00:00,8.361525038512987e-33,0,0.0,500.0,john_radcliffe_nhs
2022-08-13 10:00:00,8.0202866622957e-33,0,0.0,500.0,john_radcliffe_nhs
2022-08-13 11:00:00,7.692974409467149e-33,0,0.0,500.0,john_radcliffe_nhs
2022-08-13 12:00:00,7.379019947371252e-33,0,0.0,500.0,john_radcliffe_nhs
2022-08-13 13:00:00,7.077878137316499e-33,0,0.0,500.0,john_radcliffe_nhs
2022-08-13 14:00:00,6.789026088017315e-33,0,0.0,500.0,john_radcliffe_nhs
2022-08-13 15:00:00,6.511962247665074e-33,0,0.0,500.0,john_radcliffe_nhs
2022-08-13 16:00:00,6.246205533053036e-33,0,0.0,500.0,john_radcliffe_nhs
2022-08-13 17:00:00,5.9912944942412926e-33,0,0.0,500.0,john_radcliffe_nhs
2022-08-13 18:00:00,5.746786513312248e-33,0,0.0,500.0,john_radcliffe_nhs
2022-08-13 19:00:00,5.512257035826065e-33,0,0.0,500.0,john_radcliffe_nhs
2022-08-13 20:00:00,5.287298833640081e-33,0,0.0,500.0,john_radcliffe_nhs
2022-08-13 21:00:00,5.071521297812985e-33,0,0.0,500.0,john_radcliffe_nhs
2022-08-13 22:00:00,4.864549760366646e-33,0,0.0,500.0,john_radcliffe_nhs
2022-08-13 23:00:00,4.6660248437265156e-33,0,0.0,500.0,john_radcliffe_nhs
2022-08-14 00:00:00,4.475601836711767e-33,0,0.0,500.0,john_radcliffe_nhs
2022-08-14 01:00:00,4.292950095992201e-33,0,0.0,500.0,john_radcliffe_nhs
2022-08-14 02:00:00,4.117752471971421e-33,0,0.0,500.0,john_radcliffe_nhs
2022-08-14 03:00:00,3.94970475810006e-33,0,0.0,500.0,john_radcliffe_nhs
2022-08-14 04:00:00,3.788515162663359e-33,0,0.0,500.0,john_radcliffe_nhs
2022-08-14 05:00:00,3.63390380212484e-33,0,0.0,500.0,john_radcliffe_nhs
2022-08-14 06:00:00,3.485602215146942e-33,0,0.0,500.0,john_radcliffe_nhs
2022-08-14 07:00:00,3.3433528964451894e-33,0,0.0,500.0,john_radcliffe_nhs
2022-08-14 08:00:00,3.206908849665556e-33,0,0.0,500.0,john_radcliffe_nhs
2022-08-14 09:00:00,3.0760331585091808e-33,0,0.0,500.0,john_radcliffe_nhs
2022-08-14 10:00:00,2.950498575360115e-33,0,0.0,500.0,john_radcliffe_nhs
2022-08-14 11:00:00,2.830087126700981e-33,0,0.0,500.0,john_radcliffe_nhs
2022-08-14 12:00:00,2.7145897346318616e-33,0,0.0,500.0,john_radcliffe_nhs
2022-08-14 13:00:00,2.6038058538355623e-33,0,0.0,500.0,john_radcliffe_nhs
2022-08-14 14:00:00,2.497543123358153e-33,0,0.0,500.0,john_radcliffe_nhs
2022-08-14 15:00:00,2.3956170326005566e-33,0,0.0,500.0,john_radcliffe_nhs
2022-08-14 16:00:00,2.297850600941522e-33,0,0.0,500.0,john_radcliffe_nhs
2022-08-14 17:00:00,2.2040740704350258e-33,0,0.0,500.0,john_radcliffe_nhs
2022-08-14 18:00:00,2.1141246110488914e-33,0,0.0,500.0,john_radcliffe_nhs
2022-08-14 19:00:00,2.027846037933044e-33,0,0.0,500.0,john_radcliffe_nhs
2022-08-14 20:00:00,1.945088540225932e-33,0,0.0,500.0,john_radcliffe_nhs
2022-08-14 21:00:00,1.8657084209285088e-33,0,0.0,500.0,john_radcliffe_nhs
2022-08-14 22:00:00,1.7895678473943555e-33,0,0.0,500.0,john_radcliffe_nhs
2022-08-14 23:00:00,1.716534612002177e-33,0,0.0,500.0,john_radcliffe_nhs
2022-08-15 00:00:00,1.6464819025954056e-33,0,0.0,500.0,john_radcliffe_nhs
2022-08-15 01:00:00,1.5792880822905007e-33,0,0.0,500.0,john_radcliffe_nhs
2022-08-15 02:00:00,1.5148364782711716e-33,0,0.0,500.0,john_radcliffe_nhs
2022-08-15 03:00:00,1.4530151792020369e-33,0,0.0,500.0,john_radcliffe_nhs
2022-08-15 04:00:00,1.3937168409101324e-33,0,0.0,500.0,john_radcliffe_nhs
2022-08-15 05:00:00,1.3368384999964658e-33,0,0.0,500.0,john_radcliffe_nhs
2022-08-15 06:00:00,1.2822813950541985e-33,0,0.0,500.0,john_radcliffe_nhs
2022-08-15 07:00:00,1.229950795183179e-33,0,0.0,500.0,john_radcliffe_nhs
2022-08-15 08:00:00,1.1797558355027175e-33,0,0.0,500.0,john_radcliffe_nhs
2022-08-15 09:00:00,1.131609359377184e-33,0,0.0,500.0,john_radcliffe_nhs
2022-08-15 10:00:00,1.0854277670806157e-33,0,0.0,500.0,john_radcliffe_nhs
2022-08-15 11:00:00,1.0411308706372496e-33,0,0.0,500.0,john_radcliffe_nhs
2022-08-15 12:00:00,9.986417545861033e-34,0,0.0,500.0,john_radcliffe_nhs
2022-08-15 13:00:00,9.57886642427957e-34,0,0.0,500.0,john_radcliffe_nhs
2022-08-15 14:00:00,9.18794768522576e-34,0,0.0,500.0,john_radcliffe_nhs
2022-08-15 15:00:00,8.812982552138817e-34,0,0.0,500.0,john_radcliffe_nhs
2022-08-15 16:00:00,8.453319949698299e-34,0,0.0,500.0,john_radcliffe_nhs
2022-08-15 17:00:00,8.108335373321036e-34,0,0.0,500.0,john_radcliffe_nhs
2022-08-15 18:00:00,7.777429804794588e-34,0,0.0,500.0,john_radcliffe_nhs
2022-08-15 19:00:00,7.460028672165318e-34,0,0.0,500.0,john_radcliffe_nhs
2022-08-15 20:00:00,7.155580852072923e-34,0,0.0,500.0,john_radcliffe_nhs
2022-08-15 21:00:00,6.863557712800339e-34,0,0.0,500.0,john_radcliffe_nhs
2022-08-15 22:00:00,6.583452196378164e-34,0,0.0,500.0,john_radcliffe_nhs
2022-08-15 23:00:00,6.314777938147995e-34,0,0.0,500.0,john_radcliffe_nhs
2022-08-16 00:00:00,6.057068422256909e-34,0,0.0,500.0,john_radcliffe_nhs
2022-08-16 01:00:00,5.809876171617481e-34,0,0.0,500.0,john_radcliffe_nhs
2022-08-16 02:00:00,5.5727719709251426e-34,0,0.0,500.0,john_radcliffe_nhs
2022-08-16 03:00:00,5.345344121384685e-34,0,0.0,500.0,john_radcliffe_nhs
2022-08-16 04:00:00,5.127197725852475e-34,0,0.0,500.0,john_radcliffe_nhs
2022-08-16 05:00:00,4.91795400315169e-34,0,0.0,500.0,john_radcliffe_nhs
2022-08-16 06:00:00,4.717249630370759e-34,0,0.0,500.0,john_radcliffe_nhs
2022-08-16 07:00:00,4.5247361120035905e-34,0,0.0,500.0,john_radcliffe_nhs
2022-08-16 08:00:00,4.3400791748348775e-34,0,0.0,500.0,john_radcliffe_nhs
2022-08-16 09:00:00,4.162958187520523e-34,0,0.0,500.0,john_radcliffe_nhs
2022-08-16 10:00:00,3.9930656038558335e-34,0,0.0,500.0,john_radcliffe_nhs
2022-08-16 11:00:00,3.8301064287636864e-34,0,0.0,500.0,john_radcliffe_nhs
2022-08-16 12:00:00,3.6737977060760433e-34,0,0.0,500.0,john_radcliffe_nhs
2022-08-16 13:00:00,3.52386802721986e-34,0,0.0,500.0,john_radcliffe_nhs
2022-08-16 14:00:00,3.3800570599532994e-34,0,0.0,500.0,john_radcliffe_nhs
2022-08-16 15:00:00,3.2421150963344993e-34,0,0.0,500.0,john_radcliffe_nhs
2022-08-16 16:00:00,3.109802619138415e-34,0,0.0,500.0,john_radcliffe_nhs
2022-08-16 17:00:00,2.982889885967981e-34,0,0.0,500.0,john_radcliffe_nhs
2022-08-16 18:00:00,2.861156530337953e-34,0,0.0,500.0,john_radcliffe_nhs
2022-08-16 19:00:00,2.7443911790391137e-34,0,0.0,500.0,john_radcliffe_nhs
2022-08-16 20:00:00,2.63239108511766e-34,0,0.0,500.0,john_radcliffe_nhs
2022-08-16 21:00:00,2.5249617758329316e-34,0,0.0,500.0,john_radcliffe_nhs
2022-08-16 22:00:00,2.4219167149825035e-34,0,0.0,500.0,john_radcliffe_nhs
2022-08-16 23:00:00,2.323076979007637e-34,0,0.0,500.0,john_radcliffe_nhs
2022-08-17 00:00:00,2.2282709463170618e-34,0,0.0,500.0,john_radcliffe_nhs
2022-08-17 01:00:00,2.137333999289918e-34,0,0.0,500.0,john_radcliffe_nhs
2022-08-17 02:00:00,2.0501082384398187e-34,0,0.0,500.0,john_radcliffe_nhs
2022-08-17 03:00:00,1.9664422082440523e-34,0,0.0,500.0,john_radcliffe_nhs
2022-08-17 04:00:00,1.8861906341620982e-34,0,0.0,500.0,john_radcliffe_nhs
2022-08-17 05:00:00,1.8092141703863012e-34,0,0.0,500.0,john_radcliffe_nhs
2022-08-17 06:00:00,1.7353791578869879e-34,0,0.0,500.0,john_radcliffe_nhs
2022-08-17 07:00:00,1.6645573923321256e-34,0,0.0,500.0,john_radcliffe_nhs
2022-08-17 08:00:00,1.5966259014780693e-34,0,0.0,500.0,john_radcliffe_nhs
2022-08-17 09:00:00,1.5314667316451305e-34,0,0.0,500.0,john_radcliffe_nhs
2022-08-17 10:00:00,1.468966742907392e-34,0,0.0,500.0,john_radcliffe_nhs
2022-08-17 11:00:00,1.4090174126407334e-34,0,0.0,500.0,john_radcliffe_nhs
2022-08-17 12:00:00,1.3515146470881813e-34,0,0.0,500.0,john_radcliffe_nhs
2022-08-17 13:00:00,1.2963586006155551e-34,0,0.0,500.0,john_radcliffe_nhs
2022-08-17 14:00:00,1.2434535023432083e-34,0,0.0,500.0,john_radcliffe_nhs
2022-08-17 15:00:00,1.1927074898530326e-34,0,0.0,500.0,john_radcliffe_nhs
2022-08-17 16:00:00,1.144032449682128e-34,0,0.0,500.0,john_radcliffe_nhs
2022-08-17 17:00:00,1.097343864325848e-34,0,0.0,500.0,john_radcliffe_nhs
2022-08-17 18:00:00,1.0525606654847491e-34,0,0.0,500.0,john_radcliffe_nhs
2022-08-17 19:00:00,1.0096050933007448e-34,0,0.0,500.0,john_radcliffe_nhs
2022-08-17 20:00:00,9.684025613377715e-35,0,0.0,500.0,john_radcliffe_nhs
2022-08-17 21:00:00,9.288815270726716e-35,0,0.0,500.0,john_radcliffe_nhs
2022-08-17 22:00:00,8.909733676715388e-35,0,0.0,500.0,john_radcliffe_nhs
2022-08-17 23:00:00,8.54612260835572e-35,0,0.0,500.0,john_radcliffe_nhs
2022-08-18 00:00:00,8.197350705096815e-35,0,0.0,500.0,john_radcliffe_nhs
2022-08-18 01:00:00,7.862812372554988e-35,0,0.0,500.0,john_radcliffe_nhs
2022-08-18 02:00:00,7.541926730982106e-35,0,0.0,500.0,john_radcliffe_nhs
2022-08-18 03:00:00,7.234136606647589e-35,0,0.0,500.0,john_radcliffe_nhs
2022-08-18 04:00:00,6.93890756438361e-35,0,0.0,500.0,john_radcliffe_nhs
2022-08-18 05:00:00,6.655726979611672e-35,0,0.0,500.0,john_radcliffe_nhs
2022-08-18 06:00:00,6.384103148240333e-35,0,0.0,500.0,john_radcliffe_nhs
2022-08-18 07:00:00,6.123564432889357e-35,0,0.0,500.0,john_radcliffe_nhs
2022-08-18 08:00:00,5.873658443956025e-35,0,0.0,500.0,john_radcliffe_nhs
2022-08-18 09:00:00,5.633951254102658e-35,0,0.0,500.0,john_radcliffe_nhs
2022-08-18 10:00:00,5.404026644802051e-35,0,0.0,500.0,john_radcliffe_nhs
2022-08-18 11:00:00,5.183485383631047e-35,0,0.0,500.0,john_radcliffe_nhs
2022-08-18 12:00:00,4.971944531058194e-35,0,0.0,500.0,john_radcliffe_nhs
2022-08-18 13:00:00,4.769036775522433e-35,0,0.0,500.0,john_radcliffe_nhs
2022-08-18 14:00:00,4.5744097956469216e-35,0,0.0,500.0,john_radcliffe_nhs
2022-08-18 15:00:00,4.387725648481274e-35,0,0.0,500.0,john_radcliffe_nhs
2022-08-18 16:00:00,4.208660182710574e-35,0,0.0,500.0,john_radcliffe_nhs
2022-08-18 17:00:00,4.03690247581104e-35,0,0.0,500.0,john_radcliffe_nhs
2022-08-18 18:00:00,3.872154294175709e-35,0,0.0,500.0,john_radcliffe_nhs
2022-08-18 19:00:00,3.714129575273199e-35,0,0.0,500.0,john_radcliffe_nhs
2022-08-18 20:00:00,3.562553930939327e-35,0,0.0,500.0,john_radcliffe_nhs
2022-08-18 21:00:00,3.4171641709397036e-35,0,0.0,500.0,john_radcliffe_nhs
2022-08-18 22:00:00,3.277707845976437e-35,0,0.0,500.0,john_radcliffe_nhs
2022-08-18 23:00:00,3.1439428093445315e-35,0,0.0,500.0,john_radcliffe_nhs
2022-08-19 00:00:00,3.0156367964773456e-35,0,0.0,500.0,john_radcliffe_nhs
2022-08-19 01:00:00,2.8925670216514316e-35,0,0.0,500.0,john_radcliffe_nhs
2022-08-19 02:00:00,2.77451979114966e-35,0,0.0,500.0,john_radcliffe_nhs
2022-08-19 03:00:00,2.661290132211389e-35,0,0.0,500.0,john_radcliffe_nhs
2022-08-19 04:00:00,2.5526814371257366e-35,0,0.0,500.0,john_radcliffe_nhs
2022-08-19 05:00:00,2.4485051218492337e-35,0,0.0,500.0,john_radcliffe_nhs
2022-08-19 06:00:00,2.3485802985554995e-35,0,0.0,500.0,john_radcliffe_nhs
2022-08-19 07:00:00,2.2527334615486566e-35,0,0.0,500.0,john_radcliffe_nhs
2022-08-19 08:00:00,2.1607981859944658e-35,0,0.0,500.0,john_radcliffe_nhs
2022-08-19 09:00:00,2.0726148389464327e-35,0,0.0,500.0,john_radcliffe_nhs
2022-08-19 10:00:00,1.9880303021653628e-35,0,0.0,500.0,john_radcliffe_nhs
2022-08-19 11:00:00,1.9068977062505288e-35,0,0.0,500.0,john_radcliffe_nhs
2022-08-19 12:00:00,1.8290761756210967e-35,0,0.0,500.0,john_radcliffe_nhs
2022-08-19 13:00:00,1.7544305839052502e-35,0,0.0,500.0,john_radcliffe_nhs
2022-08-19 14:00:00,1.6828313193117612e-35,0,0.0,500.0,john_radcliffe_nhs
2022-08-19 15:00:00,1.6141540595768953e-35,0,0.0,500.0,john_radcliffe_nhs
2022-08-19 16:00:00,1.5482795560960663e-35,0,0.0,500.0,john_radcliffe_nhs
2022-08-19 17:00:00,1.4850934268649773e-35,0,0.0,500.0,john_radcliffe_nhs
2022-08-19 18:00:00,1.4244859578709604e-35,0,0.0,500.0,john_radcliffe_nhs
2022-08-19 19:00:00,1.3663519125898308e-35,0,0.0,500.0,john_radcliffe_nhs
2022-08-19 20:00:00,1.3105903492570848e-35,0,0.0,500.0,john_radcliffe_nhs
2022-08-19 21:00:00,1.257104445596373e-35,0,0.0,500.0,john_radcliffe_nhs
2022-08-19 22:00:00,1.2058013307010636e-35,0,0.0,500.0,john_radcliffe_nhs
2022-08-19 23:00:00,1.1565919237766405e-35,0,0.0,500.0,john_radcliffe_nhs
2022-08-20 00:00:00,1.1093907794641244e-35,0,0.0,500.0,john_radcliffe_nhs
2022-08-20 01:00:00,1.064115939476072e-35,0,0.0,500.0,john_radcliffe_nhs
2022-08-20 02:00:00,1.0206887902872438e-35,0,0.0,500.0,john_radcliffe_nhs
2022-08-20 03:00:00,9.790339266329996e-36,0,0.0,500.0,john_radcliffe_nhs
2022-08-20 04:00:00,9.390790205785303e-36,0,0.0,500.0,john_radcliffe_nhs
2022-08-20 05:00:00,9.007546959313103e-36,0,0.0,500.0,john_radcliffe_nhs
2022-08-20 06:00:00,8.639944077788562e-36,0,0.0,500.0,john_radcliffe_nhs
2022-08-20 07:00:00,8.287343269427286e-36,0,0.0,500.0,john_radcliffe_nhs
2022-08-20 08:00:00,7.949132291479105e-36,0,0.0,500.0,john_radcliffe_nhs
2022-08-20 09:00:00,7.624723887152524e-36,0,0.0,500.0,john_radcliffe_nhs
2022-08-20 10:00:00,7.313554765924874e-36,0,0.0,500.0,john_radcliffe_nhs
2022-08-20 11:00:00,7.015084625465496e-36,0,0.0,500.0,john_radcliffe_nhs
2022-08-20 12:00:00,6.72879521347488e-36,0,0.0,500.0,john_radcliffe_nhs
2022-08-20 13:00:00,6.454189427811507e-36,0,0.0,500.0,john_radcliffe_nhs
2022-08-20 14:00:00,6.190790453342117e-36,0,0.0,500.0,john_radcliffe_nhs
2022-08-20 15:00:00,5.938140934017633e-36,0,0.0,500.0,john_radcliffe_nhs
2022-08-20 16:00:00,5.695802178737897e-36,0,0.0,500.0,john_radcliffe_nhs
2022-08-20 17:00:00,5.463353399624701e-36,0,0.0,500.0,john_radcliffe_nhs
2022-08-20 18:00:00,5.2403909813813575e-36,0,0.0,500.0,john_radcliffe_nhs
2022-08-20 19:00:00,5.026527780470784e-36,0,0.0,500.0,john_radcliffe_nhs
2022-08-20 20:00:00,4.8213924528938184e-36,0,0.0,500.0,john_radcliffe_nhs
2022-08-20 21:00:00,4.624628809401295e-36,0,0.0,500.0,john_radcliffe_nhs
2022-08-20 22:00:00,4.435895197020888e-36,0,0.0,500.0,john_radcliffe_nhs
2022-08-20 23:00:00,4.2548639058235395e-36,0,0.0,500.0,john_radcliffe_nhs
2022-08-21 00:00:00,4.0812205999001284e-36,0,0.0,500.0,john_radcliffe_nhs
2022-08-21 01:00:00,3.9146637715608175e-36,0,0.0,500.0,john_radcliffe_nhs
2022-08-21 02:00:00,3.7549042178082674e-36,0,0.0,500.0,john_radcliffe_nhs
2022-08-21 03:00:00,3.601664538176308e-36,0,0.0,500.0,john_radcliffe_nhs
2022-08-21 04:00:00,3.4546786530625514e-36,0,0.0,500.0,john_radcliffe_nhs
2022-08-21 05:00:00,3.3136913417176286e-36,0,0.0,500.0,john_radcliffe_nhs
2022-08-21 06:00:00,3.178457799089369e-36,0,0.0,500.0,john_radcliffe_nhs
2022-08-21 07:00:00,3.0487432107528235e-36,0,0.0,500.0,john_radcliffe_nhs
2022-08-21 08:00:00,2.9243223451871995e-36,0,0.0,500.0,john_radcliffe_nhs
2022-08-21 09:00:00,2.8049791626922187e-36,0,0.0,500.0,john_radcliffe_nhs
2022-08-21 10:00:00,2.6905064402651815e-36,0,0.0,500.0,john_radcliffe_nhs
2022-08-21 11:00:00,2.5807054117866233e-36,0,0.0,500.0,john_radcliffe_nhs
2022-08-21 12:00:00,2.4753854228902146e-36,0,0.0,500.0,john_radcliffe_nhs
2022-08-21 13:00:00,2.3743635999179284e-36,0,0.0,500.0,john_radcliffe_nhs
2022-08-21 14:00:00,2.2774645323849984e-36,0,0.0,500.0,john_radcliffe_nhs
2022-08-21 15:00:00,2.184519968403673e-36,0,0.0,500.0,john_radcliffe_nhs
2022-08-21 16:00:00,2.095368522537181e-36,0,0.0,500.0,john_radcliffe_nhs
2022-08-21 17:00:00,2.009855395576035e-36,0,0.0,500.0,john_radcliffe_nhs
2022-08-21 18:00:00,1.9278321057504398e-36,0,0.0,500.0,john_radcliffe_nhs
2022-08-21 19:00:00,1.8491562309123225e-36,0,0.0,500.0,john_radcliffe_nhs
2022-08-21 20:00:00,1.7736911612387874e-36,0,0.0,500.0,john_radcliffe_nhs
2022-08-21 21:00:00,1.7013058620279013e-36,0,0.0,500.0,john_radcliffe_nhs
2022-08-21 22:00:00,1.6318746461751292e-36,0,0.0,500.0,john_radcliffe_nhs
2022-08-21 23:00:00,1.565276955934904e-36,0,0.0,500.0,john_radcliffe_nhs
2022-08-22 00:00:00,1.501397153588638e-36,0,0.0,500.0,john_radcliffe_nhs
2022-08-22 01:00:00,1.4401243206558841e-36,0,0.0,500.0,john_radcliffe_nhs
2022-08-22 02:00:00,1.381352065299597e-36,0,0.0,500.0,john_radcliffe_nhs
2022-08-22 03:00:00,1.324978337591301e-36,0,0.0,500.0,john_radcliffe_nhs
2022-08-22 04:00:00,1.2709052523155625e-36,0,0.0,500.0,john_radcliffe_nhs
2022-08-22 05:00:00,1.2190389190057281e-36,0,0.0,500.0,john_radcliffe_nhs
2022-08-22 06:00:00,1.1692892789160095e-36,0,0.0,500.0,john_radcliffe_nhs
2022-08-22 07:00:00,1.1215699486469777e-36,0,0.0,500.0,john_radcliffe_nhs
2022-08-22 08:00:00,1.0757980701526286e-36,0,0.0,500.0,john_radcliffe_nhs
2022-08-22 09:00:00,1.0318941668687534e-36,0,0.0,500.0,john_radcliffe_nhs
2022-08-22 10:00:00,9.897820057129215e-37,0,0.0,500.0,john_radcliffe_nhs
2022-08-22 11:00:00,9.493884647161799e-37,0,0.0,500.0,john_radcliffe_nhs
2022-08-22 12:00:00,9.106434060567865e-37,0,0.0,500.0,john_radcliffe_nhs
2022-08-22 13:00:00,8.734795542756216e-37,0,0.0,500.0,john_radcliffe_nhs
2022-08-22 14:00:00,8.378323794615733e-37,0,0.0,500.0,john_radcliffe_nhs
2022-08-22 15:00:00,8.036399852042e-37,0,0.0,500.0,john_radcliffe_nhs
2022-08-22 16:00:00,7.70843001119209e-37,0,0.0,500.0,john_radcliffe_nhs
2022-08-22 17:00:00,7.393844797599198e-37,0,0.0,500.0,john_radcliffe_nhs
2022-08-22 18:00:00,7.092097977358367e-37,0,0.0,500.0,john_radcliffe_nhs
2022-08-22 19:00:00,6.802665608667157e-37,0,0.0,500.0,john_radcliffe_nhs
2022-08-22 20:00:00,6.525045132072517e-37,0,0.0,500.0,john_radcliffe_nhs
2022-08-22 21:00:00,6.258754497845233e-37,0,0.0,500.0,john_radcliffe_nhs
2022-08-22 22:00:00,6.003331328967517e-37,0,0.0,500.0,john_radcliffe_nhs
2022-08-22 23:00:00,5.758332118278688e-37,0,0.0,500.0,john_radcliffe_nhs
2022-08-23 00:00:00,5.523331458385822e-37,0,0.0,500.0,john_radcliffe_nhs
2022-08-23 01:00:00,5.2979213030028965e-37,0,0.0,500.0,john_radcliffe_nhs
2022-08-23 02:00:00,5.081710258434335e-37,0,0.0,500.0,john_radcliffe_nhs
2022-08-23 03:00:00,4.874322903973545e-37,0,0.0,500.0,john_radcliffe_nhs
2022-08-23 04:00:00,4.675399140037e-37,0,0.0,500.0,john_radcliffe_nhs
2022-08-23 05:00:00,4.484593562900664e-37,0,0.0,500.0,john_radcliffe_nhs
2022-08-23 06:00:00,4.301574864953804e-37,0,0.0,500.0,john_radcliffe_nhs
2022-08-23 07:00:00,4.126025259429334e-37,0,0.0,500.0,john_radcliffe_nhs
2022-08-23 08:00:00,3.957639928610651e-37,0,0.0,500.0,john_radcliffe_nhs
2022-08-23 09:00:00,3.796126494557481e-37,0,0.0,500.0,john_radcliffe_nhs
2022-08-23 10:00:00,3.6412045114321885e-37,0,0.0,500.0,john_radcliffe_nhs
2022-08-23 11:00:00,3.492604978544019e-37,0,0.0,500.0,john_radcliffe_nhs
2022-08-23 12:00:00,3.3500698732662954e-37,0,0.0,500.0,john_radcliffe_nhs
2022-08-23 13:00:00,3.213351703015962e-37,0,0.0,500.0,john_radcliffe_nhs
2022-08-23 14:00:00,3.082213075516634e-37,0,0.0,500.0,john_radcliffe_nhs
2022-08-23 15:00:00,2.956426286599473e-37,0,0.0,500.0,john_radcliffe_nhs
2022-08-23 16:00:00,2.835772924826521e-37,0,0.0,500.0,john_radcliffe_nhs
2022-08-23 17:00:00,2.720043492249169e-37,0,0.0,500.0,john_radcliffe_nhs
2022-08-23 18:00:00,2.6090370406437126e-37,0,0.0,500.0,john_radcliffe_nhs
2022-08-23 19:00:00,2.502560822592663e-37,0,0.0,500.0,john_radcliffe_nhs
2022-08-23 20:00:00,2.4004299568052777e-37,0,0.0,500.0,john_radcliffe_nhs
2022-08-23 21:00:00,2.3024671070965554e-37,0,0.0,500.0,john_radcliffe_nhs
2022-08-23 22:00:00,2.2085021744675825e-37,0,0.0,500.0,john_radcliffe_nhs
2022-08-23 23:00:00,2.1183720017519015e-37,0,0.0,500.0,john_radcliffe_nhs
2022-08-24 00:00:00,2.0319200903155953e-37,0,0.0,500.0,john_radcliffe_nhs
2022-08-24 01:00:00,1.948996328318985e-37,0,0.0,500.0,john_radcliffe_nhs
2022-08-24 02:00:00,1.8694567300679825e-37,0,0.0,500.0,john_radcliffe_nhs
2022-08-24 03:00:00,1.7931631860029241e-37,0,0.0,500.0,john_radcliffe_nhs
2022-08-24 04:00:00,1.7199832228902535e-37,0,0.0,500.0,john_radcliffe_nhs
2022-08-24 05:00:00,1.6497897738009205e-37,0,0.0,500.0,john_radcliffe_nhs
2022-08-24 06:00:00,1.5824609574763051e-37,0,0.0,500.0,john_radcliffe_nhs
2022-08-24 07:00:00,1.5178798666981187e-37,0,0.0,500.0,john_radcliffe_nhs
2022-08-24 08:00:00,1.4559343652950525e-37,0,0.0,500.0,john_radcliffe_nhs
2022-08-24 09:00:00,1.3965168934338924e-37,0,0.0,500.0,john_radcliffe_nhs
2022-08-24 10:00:00,1.339524280856608e-37,0,0.0,500.0,john_radcliffe_nhs
2022-08-24 11:00:00,1.284857567739353e-37,0,0.0,500.0,john_radcliffe_nhs
2022-08-24 12:00:00,1.2324218328624717e-37,0,0.0,500.0,john_radcliffe_nhs
2022-08-24 13:00:00,1.1821260287928145e-37,0,0.0,500.0,john_radcliffe_nhs
2022-08-24 14:00:00,1.1338828237923558e-37,0,0.0,500.0,john_radcliffe_nhs
2022-08-24 15:00:00,1.087608450178761e-37,0,0.0,500.0,john_radcliffe_nhs
2022-08-24 16:00:00,1.0432225588742871e-37,0,0.0,500.0,john_radcliffe_nhs
2022-08-24 17:00:00,1.0006480798906285e-37,0,0.0,500.0,john_radcliffe_nhs
2022-08-24 18:00:00,9.59811088507589e-38,0,0.0,500.0,john_radcliffe_nhs
2022-08-24 19:00:00,9.20640676912934e-38,0,0.0,500.0,john_radcliffe_nhs
2022-08-24 20:00:00,8.830688310807024e-38,0,0.0,500.0,john_radcliffe_nhs
2022-08-24 21:00:00,8.470303126742962e-38,0,0.0,500.0,john_radcliffe_nhs
2022-08-24 22:00:00,8.124625457690494e-38,0,0.0,500.0,john_radcliffe_nhs
2022-08-24 23:00:00,7.793055081977192e-38,0,0.0,500.0,john_radcliffe_nhs
2022-08-25 00:00:00,7.475016273303279e-38,0,0.0,500.0,john_radcliffe_nhs
2022-08-25 01:00:00,7.169956801071811e-38,0,0.0,500.0,john_radcliffe_nhs
2022-08-25 02:00:00,6.877346971516012e-38,0,0.0,500.0,john_radcliffe_nhs
2022-08-25 03:00:00,6.596678707959588e-38,0,0.0,500.0,john_radcliffe_nhs
2022-08-25 04:00:00,6.327464668611227e-38,0,0.0,500.0,john_radcliffe_nhs
2022-08-25 05:00:00,6.069237400362428e-38,0,0.0,500.0,john_radcliffe_nhs
2022-08-25 06:00:00,5.821548527120086e-38,0,0.0,500.0,john_radcliffe_nhs
2022-08-25 07:00:00,5.583967971262873e-38,0,0.0,500.0,john_radcliffe_nhs
2022-08-25 08:00:00,5.356083206870424e-38,0,0.0,500.0,john_radcliffe_nhs
2022-08-25 09:00:00,5.137498543429391e-38,0,0.0,500.0,john_radcliffe_nhs
2022-08-25 10:00:00,4.927834438771072e-38,0,0.0,500.0,john_radcliffe_nhs
2022-08-25 11:00:00,4.726726840048517e-38,0,0.0,500.0,john_radcliffe_nhs
2022-08-25 12:00:00,4.5338265516093076e-38,0,0.0,500.0,john_radcliffe_nhs
2022-08-25 13:00:00,4.3487986286651696e-38,0,0.0,500.0,john_radcliffe_nhs
2022-08-25 14:00:00,4.1713217957062884e-38,0,0.0,500.0,john_radcliffe_nhs
2022-08-25 15:00:00,4.001087888651012e-38,0,0.0,500.0,john_radcliffe_nhs
2022-08-25 16:00:00,3.837801319761148e-38,0,0.0,500.0,john_radcliffe_nhs
2022-08-25 17:00:00,3.6811785643944123e-38,0,0.0,500.0,john_radcliffe_nhs
2022-08-25 18:00:00,3.530947668703256e-38,0,0.0,500.0,john_radcliffe_nhs
2022-08-25 19:00:00,3.3868477774242855e-38,0,0.0,500.0,john_radcliffe_nhs
2022-08-25 20:00:00,3.2486286809388764e-38,0,0.0,500.0,john_radcliffe_nhs
2022-08-25 21:00:00,3.1160503808189215e-38,0,0.0,500.0,john_radcliffe_nhs
2022-08-25 22:00:00,2.9888826731024534e-38,0,0.0,500.0,john_radcliffe_nhs
2022-08-25 23:00:00,2.866904748576038e-38,0,0.0,500.0,john_radcliffe_nhs
2022-08-26 00:00:00,2.749904809370247e-38,0,0.0,500.0,john_radcliffe_nhs
2022-08-26 01:00:00,2.63767970120168e-38,0,0.0,500.0,john_radcliffe_nhs
2022-08-26 02:00:00,2.530034560623422e-38,0,0.0,500.0,john_radcliffe_nhs
2022-08-26 03:00:00,2.426782476671725e-38,0,0.0,500.0,john_radcliffe_nhs
2022-08-26 04:00:00,2.327744166320744e-38,0,0.0,500.0,john_radcliffe_nhs
2022-08-26 05:00:00,2.2327476631821476e-38,0,0.0,500.0,john_radcliffe_nhs
2022-08-26 06:00:00,2.141628018909371e-38,0,0.0,500.0,john_radcliffe_nhs
2022-08-26 07:00:00,2.0542270167874178e-38,0,0.0,500.0,john_radcliffe_nhs
2022-08-26 08:00:00,1.9703928970112385e-38,0,0.0,500.0,john_radcliffe_nhs
2022-08-26 09:00:00,1.8899800931759032e-38,0,0.0,500.0,john_radcliffe_nhs
2022-08-26 10:00:00,1.8128489795204897e-38,0,0.0,500.0,john_radcliffe_nhs
2022-08-26 11:00:00,1.738865628487106e-38,0,0.0,500.0,john_radcliffe_nhs
2022-08-26 12:00:00,1.6679015781742795e-38,0,0.0,500.0,john_radcliffe_nhs
2022-08-26 13:00:00,1.5998336092804772e-38,0,0.0,500.0,john_radcliffe_nhs
2022-08-26 14:00:00,1.5345435311506866e-38,0,0.0,500.0,john_radcliffe_nhs
2022-08-26 15:00:00,1.47191797655476e-38,0,0.0,500.0,john_radcliffe_nhs
2022-08-26 16:00:00,1.4118482048407548e-38,0,0.0,500.0,john_radcliffe_nhs
2022-08-26 17:00:00,1.3542299131217085e-38,0,0.0,500.0,john_radcliffe_nhs
2022-08-26 18:00:00,1.2989630551681608e-38,0,0.0,500.0,john_radcliffe_nhs
2022-08-26 19:00:00,1.2459516676915875e-38,0,0.0,500.0,john_radcliffe_nhs
2022-08-26 20:00:00,1.1951037037173137e-38,0,0.0,500.0,john_radcliffe_nhs
2022-08-26 21:00:00,1.1463308727577249e-38,0,0.0,500.0,john_radcliffe_nhs
2022-08-26 22:00:00,1.099548487507937e-38,0,0.0,500.0,john_radcliffe_nhs
2022-08-26 23:00:00,1.0546753167979072e-38,0,0.0,500.0,john_radcliffe_nhs
2022-08-27 00:00:00,1.0116334445457882e-38,0,0.0,500.0,john_radcliffe_nhs
2022-08-27 01:00:00,9.703481344673311e-39,0,0.0,500.0,john_radcliffe_nhs
2022-08-27 02:00:00,9.307477003065802e-39,0,0.0,500.0,john_radcliffe_nhs
2022-08-27 03:00:00,8.927633813626433e-39,0,0.0,500.0,john_radcliffe_nhs
2022-08-27 04:00:00,8.563292230961603e-39,0,0.0,500.0,john_radcliffe_nhs
2022-08-27 05:00:00,8.21381962608292e-39,0,0.0,500.0,john_radcliffe_nhs
2022-08-27 06:00:00,7.878609187934824e-39,0,0.0,500.0,john_radcliffe_nhs
2022-08-27 07:00:00,7.557078869750343e-39,0,0.0,500.0,john_radcliffe_nhs
2022-08-27 08:00:00,7.248670378406737e-39,0,0.0,500.0,john_radcliffe_nhs
2022-08-27 09:00:00,6.952848205027016e-39,0,0.0,500.0,john_radcliffe_nhs
2022-08-27 10:00:00,6.669098695142173e-39,0,0.0,500.0,john_radcliffe_nhs
2022-08-27 11:00:00,6.396929156800654e-39,0,0.0,500.0,john_radcliffe_nhs
2022-08-27 12:00:00,6.135867005077206e-39,0,0.0,500.0,john_radcliffe_nhs
2022-08-27 13:00:00,5.885458941493934e-39,0,0.0,500.0,john_radcliffe_nhs
2022-08-27 14:00:00,5.645270166929663e-39,0,0.0,500.0,john_radcliffe_nhs
2022-08-27 15:00:00,5.414883626651653e-39,0,0.0,500.0,john_radcliffe_nhs
2022-08-27 16:00:00,5.193899286157209e-39,0,0.0,500.0,john_radcliffe_nhs
2022-08-27 17:00:00,4.98193343656865e-39,0,0.0,500.0,john_radcliffe_nhs
2022-08-27 18:00:00,4.7786180283761236e-39,0,0.0,500.0,john_radcliffe_nhs
2022-08-27 19:00:00,4.583600032370078e-39,0,0.0,500.0,john_radcliffe_nhs
2022-08-27 20:00:00,4.396540826654463e-39,0,0.0,500.0,john_radcliffe_nhs
2022-08-27 21:00:00,4.217115608676837e-39,0,0.0,500.0,john_radcliffe_nhs
2022-08-27 22:00:00,4.045012831253245e-39,0,0.0,500.0,john_radcliffe_nhs
2022-08-27 23:00:00,3.87993366160928e-39,0,0.0,500.0,john_radcliffe_nhs
2022-08-28 00:00:00,3.721591462498458e-39,0,0.0,500.0,john_radcliffe_nhs
2022-08-28 01:00:00,3.5697112944959336e-39,0,0.0,500.0,john_radcliffe_nhs
2022-08-28 02:00:00,3.424029438603897e-39,0,0.0,500.0,john_radcliffe_nhs
2022-08-28 03:00:00,3.284292938340164e-39,0,0.0,500.0,john_radcliffe_nhs
2022-08-28 04:00:00,3.150259160513908e-39,0,0.0,500.0,john_radcliffe_nhs
2022-08-28 05:00:00,3.0216953739264107e-39,0,0.0,500.0,john_radcliffe_nhs
2022-08-28 06:00:00,2.8983783452656544e-39,0,0.0,500.0,john_radcliffe_nhs
2022-08-28 07:00:00,2.7800939514922713e-39,0,0.0,500.0,john_radcliffe_nhs
2022-08-28 08:00:00,2.666636808044258e-39,0,0.0,500.0,john_radcliffe_nhs
2022-08-28 09:00:00,2.557809912215205e-39,0,0.0,500.0,john_radcliffe_nhs
2022-08-28 10:00:00,2.4534243010860983e-39,0,0.0,500.0,john_radcliffe_nhs
2022-08-28 11:00:00,2.35329872341713e-39,0,0.0,500.0,john_radcliffe_nhs
2022-08-28 12:00:00,2.2572593249300943e-39,0,0.0,500.0,john_radcliffe_nhs
2022-08-28 13:00:00,2.165139346434257e-39,0,0.0,500.0,john_radcliffe_nhs
2022-08-28 14:00:00,2.0767788342718996e-39,0,0.0,500.0,john_radcliffe_nhs
2022-08-28 15:00:00,1.992024362581003e-39,0,0.0,500.0,john_radcliffe_nhs
2022-08-28 16:00:00,1.9107287668922676e-39,0,0.0,500.0,john_radcliffe_nhs
2022-08-28 17:00:00,1.8327508885981984e-39,0,0.0,500.0,john_radcliffe_nhs
2022-08-28 18:00:00,1.7579553298507884e-39,0,0.0,500.0,john_radcliffe_nhs
2022-08-28 19:00:00,1.6862122184617093e-39,0,0.0,500.0,john_radcliffe_nhs
2022-08-28 20:00:00,1.6173969823970747e-39,0,0.0,500.0,john_radcliffe_nhs
2022-08-28 21:00:00,1.5513901334754012e-39,0,0.0,500.0,john_radcliffe_nhs
2022-08-28 22:00:00,1.4880770598927574e-39,0,0.0,500.0,john_radcliffe_nhs
2022-08-28 23:00:00,1.4273478272150898e-39,0,0.0,500.0,john_radcliffe_nhs
2022-08-29 00:00:00,1.3690969874923435e-39,0,0.0,500.0,john_radcliffe_nhs
2022-08-29 01:00:00,1.3132233961625502e-39,0,0.0,500.0,john_radcliffe_nhs
2022-08-29 02:00:00,1.259630036428169e-39,0,0.0,500.0,john_radcliffe_nhs
2022-08-29 03:00:00,1.2082238507998938e-39,0,0.0,500.0,john_radcliffe_nhs
2022-08-29 04:00:00,1.1589155795150733e-39,0,0.0,500.0,john_radcliffe_nhs
2022-08-29 05:00:00,1.1116196055503804e-39,0,0.0,500.0,john_radcliffe_nhs
2022-08-29 06:00:00,1.0662538059597385e-39,0,0.0,500.0,john_radcliffe_nhs
2022-08-29 07:00:00,1.0227394092790837e-39,0,0.0,500.0,john_radcliffe_nhs
2022-08-29 08:00:00,9.810008587505204e-40,0,0.0,500.0,john_radcliffe_nhs
2022-08-29 09:00:00,9.409656811285055e-40,0,0.0,500.0,john_radcliffe_nhs
2022-08-29 10:00:00,9.025643608399902e-40,0,0.0,500.0,john_radcliffe_nhs
2022-08-29 11:00:00,8.657302192801624e-40,0,0.0,500.0,john_radcliffe_nhs
2022-08-29 12:00:00,8.303992990343102e-40,0,0.0,500.0,john_radcliffe_nhs
2022-08-29 13:00:00,7.965102528245365e-40,0,0.0,500.0,john_radcliffe_nhs
2022-08-29 14:00:00,7.640042369886259e-40,0,0.0,500.0,john_radcliffe_nhs
2022-08-29 15:00:00,7.328248093061979e-40,0,0.0,500.0,john_radcliffe_nhs
2022-08-29 16:00:00,7.029178309945263e-40,0,0.0,500.0,john_radcliffe_nhs
2022-08-29 17:00:00,6.742313727039695e-40,0,0.0,500.0,john_radcliffe_nhs
2022-08-29 18:00:00,6.467156243498664e-40,0,0.0,500.0,john_radcliffe_nhs
2022-08-29 19:00:00,6.203228086241517e-40,0,0.0,500.0,john_radcliffe_nhs
2022-08-29 20:00:00,5.9500709803661295e-40,0,0.0,500.0,john_radcliffe_nhs
2022-08-29 21:00:00,5.7072453534182e-40,0,0.0,500.0,john_radcliffe_nhs
2022-08-29 22:00:00,5.474329572133906e-40,0,0.0,500.0,john_radcliffe_nhs
2022-08-29 23:00:00,5.250919210331597e-40,0,0.0,500.0,john_radcliffe_nhs
2022-08-30 00:00:00,5.036626346681884e-40,0,0.0,500.0,john_radcliffe_nhs
2022-08-30 01:00:00,4.8310788911354255e-40,0,0.0,500.0,john_radcliffe_nhs
2022-08-30 02:00:00,4.633919938839583e-40,0,0.0,500.0,john_radcliffe_nhs
2022-08-30 03:00:00,4.4448071504227304e-40,0,0.0,500.0,john_radcliffe_nhs
2022-08-30 04:00:00,4.263412157568835e-40,0,0.0,500.0,john_radcliffe_nhs
2022-08-30 05:00:00,4.089419992850931e-40,0,0.0,500.0,john_radcliffe_nhs
2022-08-30 06:00:00,3.922528542833921e-40,0,0.0,500.0,john_radcliffe_nhs
2022-08-30 07:00:00,3.7624480234960036e-40,0,0.0,500.0,john_radcliffe_nhs
2022-08-30 08:00:00,3.6089004770584647e-40,0,0.0,500.0,john_radcliffe_nhs
2022-08-30 09:00:00,3.461619289350602e-40,0,0.0,500.0,john_radcliffe_nhs
2022-08-30 10:00:00,3.3203487268707566e-40,0,0.0,500.0,john_radcliffe_nhs
2022-08-30 11:00:00,3.1848434927401637e-40,0,0.0,500.0,john_radcliffe_nhs
2022-08-30 12:00:00,3.0548683007789943e-40,0,0.0,500.0,john_radcliffe_nhs
2022-08-30 13:00:00,2.930197466964147e-40,0,0.0,500.0,john_radcliffe_nhs
2022-08-30 14:00:00,2.8106145175598987e-40,0,0.0,500.0,john_radcliffe_nhs
2022-08-30 15:00:00,2.6959118132413292e-40,0,0.0,500.0,john_radcliffe_nhs
2022-08-30 16:00:00,2.585890188557087e-40,0,0.0,500.0,john_radcliffe_nhs
2022-08-30 17:00:00,2.4803586061059076e-40,0,0.0,500.0,john_radcliffe_nhs
2022-08-30 18:00:00,2.379133824826693e-40,0,0.0,500.0,john_radcliffe_nhs
2022-08-30 19:00:00,2.282040081825525e-40,0,0.0,500.0,john_radcliffe_nhs
2022-08-30 20:00:00,2.188908787187508e-40,0,0.0,500.0,john_radcliffe_nhs
2022-08-30 21:00:00,2.099578231243798e-40,0,0.0,500.0,john_radcliffe_nhs
2022-08-30 22:00:00,2.013893303784922e-40,0,0.0,500.0,john_radcliffe_nhs
2022-08-30 23:00:00,1.931705224733179e-40,0,0.0,500.0,john_radcliffe_nhs
2022-08-31 00:00:00,1.852871285806695e-40,0,0.0,500.0,john_radcliffe_nhs
2022-08-31 01:00:00,1.7772546027260516e-40,0,0.0,500.0,john_radcliffe_nhs
2022-08-31 02:00:00,1.7047238775335103e-40,0,0.0,500.0,john_radcliffe_nhs
2022-08-31 03:00:00,1.635153170612345e-40,0,0.0,500.0,john_radcliffe_nhs
2022-08-31 04:00:00,1.5684216820099558e-40,0,0.0,500.0,john_radcliffe_nhs
2022-08-31 05:00:00,1.504413541685324e-40,0,0.0,500.0,john_radcliffe_nhs
2022-08-31 06:00:00,1.443017608316775e-40,0,0.0,500.0,john_radcliffe_nhs
2022-08-31 07:00:00,1.3841272763203076e-40,0,0.0,500.0,john_radcliffe_nhs
2022-08-31 08:00:00,1.3276402907436195e-40,0,0.0,500.0,john_radcliffe_nhs
2022-08-31 09:00:00,1.2734585697145847e-40,0,0.0,500.0,john_radcliffe_nhs
2022-08-31 10:00:00,1.2214880341355239e-40,0,0.0,500.0,john_radcliffe_nhs
2022-08-31 11:00:00,1.1716384443277558e-40,0,0.0,500.0,john_radcliffe_nhs
2022-08-31 12:00:00,1.12382324334293e-40,0,0.0,500.0,john_radcliffe_nhs
2022-08-31 13:00:00,1.0779594066687464e-40,0,0.0,500.0,john_radcliffe_nhs
2022-08-31 14:00:00,1.0339672980682785e-40,0,0.0,500.0,john_radcliffe_nhs
2022-08-31 15:00:00,9.917705313027098e-41,0,0.0,500.0,john_radcliffe_nhs
2022-08-31 16:00:00,9.512958374970967e-41,0,0.0,500.0,john_radcliffe_nhs
2022-08-31 17:00:00,9.124729379190189e-41,0,0.0,500.0,john_radcliffe_nhs
2022-08-31 18:00:00,8.7523442194932e-41,0,0.0,500.0,john_radcliffe_nhs
2022-08-31 19:00:00,8.395156300328064e-41,0,0.0,500.0,john_radcliffe_nhs
2022-08-31 20:00:00,8.052545414057999e-41,0,0.0,500.0,john_radcliffe_nhs
2022-08-31 21:00:00,7.723916664056937e-41,0,0.0,500.0,john_radcliffe_nhs
2022-08-31 22:00:00,7.408699431753068e-41,0,0.0,500.0,john_radcliffe_nhs
2022-08-31 23:00:00,7.106346385827973e-41,0,0.0,500.0,john_radcliffe_nhs
2022-09-01 00:00:00,6.816332531851787e-41,0,0.0,500.0,john_radcliffe_nhs
2022-09-01 01:00:00,6.538154300702336e-41,0,0.0,500.0,john_radcliffe_nhs
2022-09-01 02:00:00,6.271328674186421e-41,0,0.0,500.0,john_radcliffe_nhs
2022-09-01 03:00:00,6.015392346345815e-41,0,0.0,500.0,john_radcliffe_nhs
2022-09-01 04:00:00,5.769900918989962e-41,0,0.0,500.0,john_radcliffe_nhs
2022-09-01 05:00:00,5.534428130059474e-41,0,0.0,500.0,john_radcliffe_nhs
2022-09-01 06:00:00,5.308565113481264e-41,0,0.0,500.0,john_radcliffe_nhs
2022-09-01 07:00:00,5.091919689228652e-41,0,0.0,500.0,john_radcliffe_nhs
2022-09-01 08:00:00,4.884115682354539e-41,0,0.0,500.0,john_radcliffe_nhs
2022-09-01 09:00:00,4.684792269815856e-41,0,0.0,500.0,john_radcliffe_nhs
2022-09-01 10:00:00,4.493603353953801e-41,0,0.0,500.0,john_radcliffe_nhs
2022-09-01 11:00:00,4.3102169615427284e-41,0,0.0,500.0,john_radcliffe_nhs
2022-09-01 12:00:00,4.134314667364749e-41,0,0.0,500.0,john_radcliffe_nhs
2022-09-01 13:00:00,3.965591041307979e-41,0,0.0,500.0,john_radcliffe_nhs
2022-09-01 14:00:00,3.803753118029044e-41,0,0.0,500.0,john_radcliffe_nhs
2022-09-01 15:00:00,3.648519888259454e-41,0,0.0,500.0,john_radcliffe_nhs
2022-09-01 16:00:00,3.4996218108715115e-41,0,0.0,500.0,john_radcliffe_nhs
2022-09-01 17:00:00,3.356800344857129e-41,0,0.0,500.0,john_radcliffe_nhs
2022-09-01 18:00:00,3.219807500407262e-41,0,0.0,500.0,john_radcliffe_nhs
2022-09-01 19:00:00,3.0884054083116016e-41,0,0.0,500.0,john_radcliffe_nhs
2022-09-01 20:00:00,2.962365906931318e-41,0,0.0,500.0,john_radcliffe_nhs
2022-09-01 21:00:00,2.8414701460280567e-41,0,0.0,500.0,john_radcliffe_nhs
2022-09-01 22:00:00,2.725508206760501e-41,0,0.0,500.0,john_radcliffe_nhs
2022-09-01 23:00:00,2.6142787371890936e-41,0,0.0,500.0,john_radcliffe_nhs
2022-09-02 00:00:00,2.5075886026563585e-41,0,0.0,500.0,john_radcliffe_nhs
2022-09-02 01:00:00,2.4052525504350376e-41,0,0.0,500.0,john_radcliffe_nhs
2022-09-02 02:00:00,2.307092888062143e-41,0,0.0,500.0,john_radcliffe_nhs
2022-09-02 03:00:00,2.21293917480067e-41,0,0.0,500.0,john_radcliffe_nhs
2022-09-02 04:00:00,2.1226279256926188e-41,0,0.0,500.0,john_radcliffe_nhs
2022-09-02 05:00:00,2.0360023276897898e-41,0,0.0,500.0,john_radcliffe_nhs
2022-09-02 06:00:00,1.9529119673697017e-41,0,0.0,500.0,john_radcliffe_nhs
2022-09-02 07:00:00,1.8732125697633007e-41,0,0.0,500.0,john_radcliffe_nhs
2022-09-02 08:00:00,1.7967657478412655e-41,0,0.0,500.0,john_radcliffe_nhs
2022-09-02 09:00:00,1.7234387622241502e-41,0,0.0,500.0,john_radcliffe_nhs
2022-09-02 10:00:00,1.6531042906986434e-41,0,0.0,500.0,john_radcliffe_nhs
2022-09-02 11:00:00,1.5856402071400113e-41,0,0.0,500.0,john_radcliffe_nhs
2022-09-02 12:00:00,1.5209293694570414e-41,0,0.0,500.0,john_radcliffe_nhs
2022-09-02 13:00:00,1.4588594161908573e-41,0,0.0,500.0,john_radcliffe_nhs
2022-09-02 14:00:00,1.399322571414656e-41,0,0.0,500.0,john_radcliffe_nhs
2022-09-02 15:00:00,1.342215457595781e-41,0,0.0,500.0,john_radcliffe_nhs
2022-09-02 16:00:00,1.2874389160948027e-41,0,0.0,500.0,john_radcliffe_nhs
2022-09-02 17:00:00,1.2348978349901453e-41,0,0.0,500.0,john_radcliffe_nhs
2022-09-02 18:00:00,1.184500983929442e-41,0,0.0,500.0,john_radcliffe_nhs
2022-09-02 19:00:00,1.1361608557205322e-41,0,0.0,500.0,john_radcliffe_nhs
2022-09-02 20:00:00,1.0897935143872261e-41,0,0.0,500.0,john_radcliffe_nhs
2022-09-02 21:00:00,1.0453184494261382e-41,0,0.0,500.0,john_radcliffe_nhs
2022-09-02 22:00:00,1.0026584360112331e-41,0,0.0,500.0,john_radcliffe_nhs
2022-09-02 23:00:00,9.617394009035078e-42,0,0.0,500.0,john_radcliffe_nhs
2022-09-03 00:00:00,9.224902938330991e-42,0,0.0,500.0,john_radcliffe_nhs
2022-09-03 01:00:00,8.84842964130228e-42,0,0.0,500.0,john_radcliffe_nhs
2022-09-03 02:00:00,8.4873204239091e-42,0,0.0,500.0,john_radcliffe_nhs
2022-09-03 03:00:00,8.140948269720631e-42,0,0.0,500.0,john_radcliffe_nhs
2022-09-03 04:00:00,7.808711751186984e-42,0,0.0,500.0,john_radcliffe_nhs
2022-09-03 05:00:00,7.490033985342756e-42,0,0.0,500.0,john_radcliffe_nhs
2022-09-03 06:00:00,7.18436163212988e-42,0,0.0,500.0,john_radcliffe_nhs
2022-09-03 07:00:00,6.891163933598445e-42,0,0.0,500.0,john_radcliffe_nhs
2022-09-03 08:00:00,6.609931792318334e-42,0,0.0,500.0,john_radcliffe_nhs
2022-09-03 09:00:00,6.340176887402225e-42,0,0.0,500.0,john_radcliffe_nhs
2022-09-03 10:00:00,6.081430826603304e-42,0,0.0,500.0,john_radcliffe_nhs
2022-09-03 11:00:00,5.833244333016374e-42,0,0.0,500.0,john_radcliffe_nhs
2022-09-03 12:00:00,5.595186464970906e-42,0,0.0,500.0,john_radcliffe_nhs
2022-09-03 13:00:00,5.366843867759892e-42,0,0.0,500.0,john_radcliffe_nhs
2022-09-03 14:00:00,5.1478200559060936e-42,0,0.0,500.0,john_radcliffe_nhs
2022-09-03 15:00:00,4.937734724720076e-42,0,0.0,500.0,john_radcliffe_nhs
2022-09-03 16:00:00,4.736223089953234e-42,0,0.0,500.0,john_radcliffe_nhs
2022-09-03 17:00:00,4.5429352543999866e-42,0,0.0,500.0,john_radcliffe_nhs
2022-09-03 18:00:00,4.3575356003498676e-42,0,0.0,500.0,john_radcliffe_nhs
2022-09-03 19:00:00,4.179702206833371e-42,0,0.0,500.0,john_radcliffe_nhs
2022-09-03 20:00:00,4.009126290650349e-42,0,0.0,500.0,john_radcliffe_nhs
2022-09-03 21:00:00,3.845511670210863e-42,0,0.0,500.0,john_radcliffe_nhs
2022-09-03 22:00:00,3.688574251256448e-42,0,0.0,500.0,john_radcliffe_nhs
2022-09-03 23:00:00,3.538041533569401e-42,0,0.0,500.0,john_radcliffe_nhs
2022-09-04 00:00:00,3.393652137814001e-42,0,0.0,500.0,john_radcliffe_nhs
2022-09-04 01:00:00,3.255155351687108e-42,0,0.0,500.0,john_radcliffe_nhs
2022-09-04 02:00:00,3.1223106945906485e-42,0,0.0,500.0,john_radcliffe_nhs
2022-09-04 03:00:00,2.9948875000704456e-42,0,0.0,500.0,john_radcliffe_nhs
2022-09-04 04:00:00,2.8726645152955425e-42,0,0.0,500.0,john_radcliffe_nhs
2022-09-04 05:00:00,2.755429516883004e-42,0,0.0,500.0,john_radcliffe_nhs
2022-09-04 06:00:00,2.6429789424014908e-42,0,0.0,500.0,john_radcliffe_nhs
2022-09-04 07:00:00,2.5351175369129946e-42,0,0.0,500.0,john_radcliffe_nhs
2022-09-04 08:00:00,2.4316580139394192e-42,0,0.0,500.0,john_radcliffe_nhs
2022-09-04 09:00:00,2.3324207302656253e-42,0,0.0,500.0,john_radcliffe_nhs
2022-09-04 10:00:00,2.237233374013606e-42,0,0.0,500.0,john_radcliffe_nhs
2022-09-04 11:00:00,2.1459306654465462e-42,0,0.0,500.0,john_radcliffe_nhs
2022-09-04 12:00:00,2.0583540699835145e-42,0,0.0,500.0,john_radcliffe_nhs
2022-09-04 13:00:00,1.974351522925891e-42,0,0.0,500.0,john_radcliffe_nhs
2022-09-04 14:00:00,1.8937771654178765e-42,0,0.0,500.0,john_radcliffe_nhs
2022-09-04 15:00:00,1.8164910911828473e-42,0,0.0,500.0,john_radcliffe_nhs
2022-09-04 16:00:00,1.7423591035952775e-42,0,0.0,500.0,john_radcliffe_nhs
2022-09-04 17:00:00,1.6712524826667113e-42,0,0.0,500.0,john_radcliffe_nhs
2022-09-04 18:00:00,1.6030477615413745e-42,0,0.0,500.0,john_radcliffe_nhs
2022-09-04 19:00:00,1.5376265121129048e-42,0,0.0,500.0,john_radcliffe_nhs
2022-09-04 20:00:00,1.4748751393901877e-42,0,0.0,500.0,john_radcliffe_nhs
2022-09-04 21:00:00,1.414684684255432e-42,0,0.0,500.0,john_radcliffe_nhs
2022-09-04 22:00:00,1.3569506342715934e-42,0,0.0,500.0,john_radcliffe_nhs
2022-09-04 23:00:00,1.3015727422108641e-42,0,0.0,500.0,john_radcliffe_nhs
2022-09-05 00:00:00,1.2484548519892852e-42,0,0.0,500.0,john_radcliffe_nhs
2022-09-05 01:00:00,1.1975047317048832e-42,0,0.0,500.0,john_radcliffe_nhs
2022-09-05 02:00:00,1.1486339134896259e-42,0,0.0,500.0,john_radcliffe_nhs
2022-09-05 03:00:00,1.1017575398972536e-42,0,0.0,500.0,john_radcliffe_nhs
2022-09-05 04:00:00,1.0567942165599564e-42,0,0.0,500.0,john_radcliffe_nhs
2022-09-05 05:00:00,1.0136658708582168e-42,0,0.0,500.0,john_radcliffe_nhs
2022-09-05 06:00:00,9.722976163585501e-43,0,0.0,500.0,john_radcliffe_nhs
2022-09-05 07:00:00,9.326176227834757e-43,0,0.0,500.0,john_radcliffe_nhs
2022-09-05 08:00:00,8.945569912880928e-43,0,0.0,500.0,john_radcliffe_nhs
2022-09-05 09:00:00,8.580496348268057e-43,0,0.0,500.0,john_radcliffe_nhs
2022-09-05 10:00:00,8.230321634022258e-43,0,0.0,500.0,john_radcliffe_nhs
2022-09-05 11:00:00,7.894437739971368e-43,0,0.0,500.0,john_radcliffe_nhs
2022-09-05 12:00:00,7.572261449984993e-43,0,0.0,500.0,john_radcliffe_nhs
2022-09-05 13:00:00,7.263233349299628e-43,0,0.0,500.0,john_radcliffe_nhs
2022-09-05 14:00:00,6.966816853171665e-43,0,0.0,500.0,john_radcliffe_nhs
2022-09-05 15:00:00,6.682497275172493e-43,0,0.0,500.0,john_radcliffe_nhs
2022-09-05 16:00:00,6.40978093350606e-43,0,0.0,500.0,john_radcliffe_nhs
2022-09-05 17:00:00,6.148194293798152e-43,0,0.0,500.0,john_radcliffe_nhs
2022-09-05 18:00:00,5.897283146869723e-43,0,0.0,500.0,john_radcliffe_nhs
2022-09-05 19:00:00,5.656611820064894e-43,0,0.0,500.0,john_radcliffe_nhs
2022-09-05 20:00:00,5.425762420765154e-43,0,0.0,500.0,john_radcliffe_nhs
2022-09-05 21:00:00,5.204334110776867e-43,0,0.0,500.0,john_radcliffe_nhs
2022-09-05 22:00:00,4.99194241033068e-43,0,0.0,500.0,john_radcliffe_nhs
2022-09-05 23:00:00,4.788218530485144e-43,0,0.0,500.0,john_radcliffe_nhs
2022-09-06 00:00:00,4.59280873277594e-43,0,0.0,500.0,john_radcliffe_nhs
2022-09-06 01:00:00,4.405373714997505e-43,0,0.0,500.0,john_radcliffe_nhs
2022-09-06 02:00:00,4.225588022051303e-43,0,0.0,500.0,john_radcliffe_nhs
2022-09-06 03:00:00,4.053139480838248e-43,0,0.0,500.0,john_radcliffe_nhs
2022-09-06 04:00:00,3.8877286582128894e-43,0,0.0,500.0,john_radcliffe_nhs
2022-09-06 05:00:00,3.729068341058842e-43,0,0.0,500.0,john_radcliffe_nhs
2022-09-06 06:00:00,3.576883037583088e-43,0,0.0,500.0,john_radcliffe_nhs
2022-09-06 07:00:00,3.4309084989622402e-43,0,0.0,500.0,john_radcliffe_nhs
2022-09-06 08:00:00,3.2908912605107038e-43,0,0.0,500.0,john_radcliffe_nhs
2022-09-06 09:00:00,3.1565882015744545e-43,0,0.0,500.0,john_radcliffe_nhs
2022-09-06 10:00:00,3.0277661233853407e-43,0,0.0,500.0,john_radcliffe_nhs
2022-09-06 11:00:00,2.9042013441434112e-43,0,0.0,500.0,john_radcliffe_nhs
2022-09-06 12:00:00,2.785679310624535e-43,0,0.0,500.0,john_radcliffe_nhs
2022-09-06 13:00:00,2.671994225638131e-43,0,0.0,500.0,john_radcliffe_nhs
2022-09-06 14:00:00,2.5629486906885785e-43,0,0.0,500.0,john_radcliffe_nhs
2022-09-06 15:00:00,2.458353363220143e-43,0,0.0,500.0,john_radcliffe_nhs
2022-09-06 16:00:00,2.358026627849575e-43,0,0.0,500.0,john_radcliffe_nhs
2022-09-06 17:00:00,2.2617942810159154e-43,0,0.0,500.0,john_radcliffe_nhs
2022-09-06 18:00:00,2.169489228500199e-43,0,0.0,500.0,john_radcliffe_nhs
2022-09-06 19:00:00,2.0809511952892486e-43,0,0.0,500.0,john_radcliffe_nhs
2022-09-06 20:00:00,1.996026447280097e-43,0,0.0,500.0,john_radcliffe_nhs
2022-09-06 21:00:00,1.9145675243420686e-43,0,0.0,500.0,john_radcliffe_nhs
2022-09-06 22:00:00,1.836432984272473e-43,0,0.0,500.0,john_radcliffe_nhs
2022-09-06 23:00:00,1.7614871572016198e-43,0,0.0,500.0,john_radcliffe_nhs
2022-09-07 00:00:00,1.6895999100209329e-43,0,0.0,500.0,john_radcliffe_nhs
2022-09-07 01:00:00,1.6206464204246426e-43,0,0.0,500.0,john_radcliffe_nhs
2022-09-07 02:00:00,1.5545069601729738e-43,0,0.0,500.0,john_radcliffe_nhs
2022-09-07 03:00:00,1.4910666872006844e-43,0,0.0,500.0,john_radcliffe_nhs
2022-09-07 04:00:00,1.430215446209559e-43,0,0.0,500.0,john_radcliffe_nhs
2022-09-07 05:00:00,1.3718475773988442e-43,0,0.0,500.0,john_radcliffe_nhs
2022-09-07 06:00:00,1.3158617330016775e-43,0,0.0,500.0,john_radcliffe_nhs
2022-09-07 07:00:00,1.262160701308581e-43,0,0.0,500.0,john_radcliffe_nhs
2022-09-07 08:00:00,1.210651237872661e-43,0,0.0,500.0,john_radcliffe_nhs
2022-09-07 09:00:00,1.1612439036035785e-43,0,0.0,500.0,john_radcliffe_nhs
2022-09-07 10:00:00,1.1138529094688232e-43,0,0.0,500.0,john_radcliffe_nhs
2022-09-07 11:00:00,1.0683959675328298e-43,0,0.0,500.0,john_radcliffe_nhs
2022-09-07 12:00:00,1.0247941480754024e-43,0,0.0,500.0,john_radcliffe_nhs
2022-09-07 13:00:00,9.829717425410764e-44,0,0.0,500.0,john_radcliffe_nhs
2022-09-07 14:00:00,9.42856132081594e-44,0,0.0,500.0,john_radcliffe_nhs
2022-09-07 15:00:00,9.04377661463362e-44,0,0.0,500.0,john_radcliffe_nhs
2022-09-07 16:00:00,8.674695181206822e-44,0,0.0,500.0,john_radcliffe_nhs
2022-09-07 17:00:00,8.32067616144899e-44,0,0.0,500.0,john_radcliffe_nhs
2022-09-07 18:00:00,7.981104850081167e-44,0,0.0,500.0,john_radcliffe_nhs
2022-09-07 19:00:00,7.655391628280538e-44,0,0.0,500.0,john_radcliffe_nhs
2022-09-07 20:00:00,7.342970939888215e-44,0,0.0,500.0,john_radcliffe_nhs
2022-09-07 21:00:00,7.043300309399521e-44,0,0.0,500.0,john_radcliffe_nhs
2022-09-07 22:00:00,6.755859400029616e-44,0,0.0,500.0,john_radcliffe_nhs
2022-09-07 23:00:00,6.480149110220044e-44,0,0.0,500.0,john_radcliffe_nhs
2022-09-08 00:00:00,6.215690707018201e-44,0,0.0,500.0,john_radcliffe_nhs
2022-09-08 01:00:00,5.962024994823159e-44,0,0.0,500.0,john_radcliffe_nhs
2022-09-08 02:00:00,5.718711518055511e-44,0,0.0,500.0,john_radcliffe_nhs
2022-09-08 03:00:00,5.485327796367415e-44,0,0.0,500.0,john_radcliffe_nhs
2022-09-08 04:00:00,5.261468591063376e-44,0,0.0,500.0,john_radcliffe_nhs
2022-09-08 05:00:00,5.046745201458838e-44,0,0.0,500.0,john_radcliffe_nhs
2022-09-08 06:00:00,4.840784789955428e-44,0,0.0,500.0,john_radcliffe_nhs
2022-09-08 07:00:00,4.643229734659565e-44,0,0.0,500.0,john_radcliffe_nhs
2022-09-08 08:00:00,4.4537370084210947e-44,0,0.0,500.0,john_radcliffe_nhs
2022-09-08 09:00:00,4.271977583214287e-44,0,0.0,500.0,john_radcliffe_nhs
2022-09-08 10:00:00,4.097635858825759e-44,0,0.0,500.0,john_radcliffe_nhs
2022-09-08 11:00:00,3.9304091148579983e-44,0,0.0,500.0,john_radcliffe_nhs
2022-09-08 12:00:00,3.7700069850974337e-44,0,0.0,500.0,john_radcliffe_nhs
2022-09-08 13:00:00,3.6161509533333003e-44,0,0.0,500.0,john_radcliffe_nhs
2022-09-08 14:00:00,3.468573869752444e-44,0,0.0,500.0,john_radcliffe_nhs
2022-09-08 15:00:00,3.327019487070774e-44,0,0.0,500.0,john_radcliffe_nhs
2022-09-08 16:00:00,3.191242015594969e-44,0,0.0,500.0,john_radcliffe_nhs
2022-09-08 17:00:00,3.0610056964423963e-44,0,0.0,500.0,john_radcliffe_nhs
2022-09-08 18:00:00,2.9360843921785477e-44,0,0.0,500.0,john_radcliffe_nhs
2022-09-08 19:00:00,2.8162611941603815e-44,0,0.0,500.0,john_radcliffe_nhs
2022-09-08 20:00:00,2.701328045904217e-44,0,0.0,500.0,john_radcliffe_nhs
2022-09-08 21:00:00,2.5910853818245426e-44,0,0.0,500.0,john_radcliffe_nhs
2022-09-08 22:00:00,2.4853417807157303e-44,0,0.0,500.0,john_radcliffe_nhs
2022-09-08 23:00:00,2.3839136333753696e-44,0,0.0,500.0,john_radcliffe_nhs
2022-09-09 00:00:00,2.2866248237923826e-44,0,0.0,500.0,john_radcliffe_nhs
2022-09-09 01:00:00,2.1933064233457149e-44,0,0.0,500.0,john_radcliffe_nhs
2022-09-09 02:00:00,2.103796397482952e-44,0,0.0,500.0,john_radcliffe_nhs
2022-09-09 03:00:00,2.017939324369824e-44,0,0.0,500.0,john_radcliffe_nhs
2022-09-09 04:00:00,1.9355861250214906e-44,0,0.0,500.0,john_radcliffe_nhs
2022-09-09 05:00:00,1.8565938044473355e-44,0,0.0,500.0,john_radcliffe_nhs
2022-09-09 06:00:00,1.7808252033600208e-44,0,0.0,500.0,john_radcliffe_nhs
2022-09-09 07:00:00,1.7081487600171851e-44,0,0.0,500.0,john_radcliffe_nhs
2022-09-09 08:00:00,1.6384382817825238e-44,0,0.0,500.0,john_radcliffe_nhs
2022-09-09 09:00:00,1.5715727260098008e-44,0,0.0,500.0,john_radcliffe_nhs
2022-09-09 10:00:00,1.5074359898688833e-44,0,0.0,500.0,john_radcliffe_nhs
2022-09-09 11:00:00,1.4459167087491037e-44,0,0.0,500.0,john_radcliffe_nhs
2022-09-09 12:00:00,1.3869080628900779e-44,0,0.0,500.0,john_radcliffe_nhs
2022-09-09 13:00:00,1.330307591903833e-44,0,0.0,500.0,john_radcliffe_nhs
2022-09-09 14:00:00,1.2760170168663964e-44,0,0.0,500.0,john_radcliffe_nhs
2022-09-09 15:00:00,1.2239420696700952e-44,0,0.0,500.0,john_radcliffe_nhs
2022-09-09 16:00:00,1.1739923293399047e-44,0,0.0,500.0,john_radcliffe_nhs
2022-09-09 17:00:00,1.1260810650298303e-44,0,0.0,500.0,john_radcliffe_nhs
2022-09-09 18:00:00,1.080125085426838e-44,0,0.0,500.0,john_radcliffe_nhs
2022-09-09 19:00:00,1.03604459430054e-44,0,0.0,500.0,john_radcliffe_nhs
2022-09-09 20:00:00,9.937630519479878e-45,0,0.0,500.0,john_radcliffe_nhs
2022-09-09 21:00:00,9.532070422931061e-45,0,0.0,500.0,john_radcliffe_nhs
2022-09-09 22:00:00,9.143061454097404e-45,0,0.0,500.0,john_radcliffe_nhs
2022-09-09 23:00:00,8.769928152471135e-45,0,0.0,500.0,john_radcliffe_nhs
2022-09-10 00:00:00,8.412022623454895e-45,0,0.0,500.0,john_radcliffe_nhs
2022-09-10 01:00:00,8.068723413381565e-45,0,0.0,500.0,john_radcliffe_nhs
2022-09-10 02:00:00,7.739434430445219e-45,0,0.0,500.0,john_radcliffe_nhs
2022-09-10 03:00:00,7.423583909670486e-45,0,0.0,500.0,john_radcliffe_nhs
2022-09-10 04:00:00,7.120623420121036e-45,0,0.0,500.0,john_radcliffe_nhs
2022-09-10 05:00:00,6.830026912624478e-45,0,0.0,500.0,john_radcliffe_nhs
2022-09-10 06:00:00,6.551289806361046e-45,0,0.0,500.0,john_radcliffe_nhs
2022-09-10 07:00:00,6.283928112728142e-45,0,0.0,500.0,john_radcliffe_nhs
2022-09-10 08:00:00,6.02747759496053e-45,0,0.0,500.0,john_radcliffe_nhs
2022-09-10 09:00:00,5.781492962047657e-45,0,0.0,500.0,john_radcliffe_nhs
2022-09-10 10:00:00,5.545547095546848e-45,0,0.0,500.0,john_radcliffe_nhs
2022-09-10 11:00:00,5.3192303079507134e-45,0,0.0,500.0,john_radcliffe_nhs
2022-09-10 12:00:00,5.1021496313216945e-45,0,0.0,500.0,john_radcliffe_nhs
2022-09-10 13:00:00,4.893928134957092e-45,0,0.0,500.0,john_radcliffe_nhs
2022-09-10 14:00:00,4.694204270900608e-45,0,0.0,500.0,john_radcliffe_nhs
2022-09-10 15:00:00,4.5026312461645306e-45,0,0.0,500.0,john_radcliffe_nhs
2022-09-10 16:00:00,4.3188764205712395e-45,0,0.0,500.0,john_radcliffe_nhs
2022-09-10 17:00:00,4.1426207291691655e-45,0,0.0,500.0,john_radcliffe_nhs
2022-09-10 18:00:00,3.973558128220815e-45,0,0.0,500.0,john_radcliffe_nhs
2022-09-10 19:00:00,3.811395063799763e-45,0,0.0,500.0,john_radcliffe_nhs
2022-09-10 20:00:00,3.655849962074527e-45,0,0.0,500.0,john_radcliffe_nhs
2022-09-10 21:00:00,3.5066527403947125e-45,0,0.0,500.0,john_radcliffe_nhs
2022-09-10 22:00:00,3.3635443383295073e-45,0,0.0,500.0,john_radcliffe_nhs
2022-09-10 23:00:00,3.22627626784478e-45,0,0.0,500.0,john_radcliffe_nhs
2022-09-11 00:00:00,3.094610181838117e-45,0,0.0,500.0,john_radcliffe_nhs
2022-09-11 01:00:00,2.968317460281743e-45,0,0.0,500.0,john_radcliffe_nhs
2022-09-11 02:00:00,2.8471788132552075e-45,0,0.0,500.0,john_radcliffe_nhs
2022-09-11 03:00:00,2.7309839001788897e-45,0,0.0,500.0,john_radcliffe_nhs
2022-09-11 04:00:00,2.619530964586411e-45,0,0.0,500.0,john_radcliffe_nhs
2022-09-11 05:00:00,2.5126264838022045e-45,0,0.0,500.0,john_radcliffe_nhs
2022-09-11 06:00:00,2.410084832916268e-45,0,0.0,500.0,john_radcliffe_nhs
2022-09-11 07:00:00,2.3117279624719448e-45,0,0.0,500.0,john_radcliffe_nhs
2022-09-11 08:00:00,2.2173850893074685e-45,0,0.0,500.0,john_radcliffe_nhs
2022-09-11 09:00:00,2.126892400014719e-45,0,0.0,500.0,john_radcliffe_nhs
2022-09-11 10:00:00,2.0400927664996892e-45,0,0.0,500.0,john_radcliffe_nhs
2022-09-11 11:00:00,1.9568354731511075e-45,0,0.0,500.0,john_radcliffe_nhs
2022-09-11 12:00:00,1.8769759551437056e-45,0,0.0,500.0,john_radcliffe_nhs
2022-09-11 13:00:00,1.800375547421214e-45,0,0.0,500.0,john_radcliffe_nhs
2022-09-11 14:00:00,1.7269012439235136e-45,0,0.0,500.0,john_radcliffe_nhs
2022-09-11 15:00:00,1.6564254666400825e-45,0,0.0,500.0,john_radcliffe_nhs
2022-09-11 16:00:00,1.588825844088267e-45,0,0.0,500.0,john_radcliffe_nhs
2022-09-11 17:00:00,1.5239849988319856e-45,0,0.0,500.0,john_radcliffe_nhs
2022-09-11 18:00:00,1.4617903436721158e-45,0,0.0,500.0,john_radcliffe_nhs
2022-09-11 19:00:00,1.4021338861542508e-45,0,0.0,500.0,john_radcliffe_nhs
2022-09-11 20:00:00,1.3449120410546156e-45,0,0.0,500.0,john_radcliffe_nhs
2022-09-11 21:00:00,1.2900254505187135e-45,0,0.0,500.0,john_radcliffe_nhs
2022-09-11 22:00:00,1.237378811540028e-45,0,0.0,500.0,john_radcliffe_nhs
2022-09-11 23:00:00,1.1868807104794243e-45,0,0.0,500.0,john_radcliffe_nhs
2022-09-12 00:00:00,1.138443464338062e-45,0,0.0,500.0,john_radcliffe_nhs
2022-09-12 01:00:00,1.0919829685078825e-45,0,0.0,500.0,john_radcliffe_nhs
2022-09-12 02:00:00,1.047418550735496e-45,0,0.0,500.0,john_radcliffe_nhs
2022-09-12 03:00:00,1.004672831046016e-45,0,0.0,500.0,john_radcliffe_nhs
2022-09-12 04:00:00,9.63671587383338e-46,0,0.0,500.0,john_radcliffe_nhs
2022-09-12 05:00:00,9.243436267337212e-46,0,0.0,500.0,john_radcliffe_nhs
2022-09-12 06:00:00,8.866206615090056e-46,0,0.0,500.0,john_radcliffe_nhs
2022-09-12 07:00:00,8.504371909745761e-46,0,0.0,500.0,john_radcliffe_nhs
2022-09-12 08:00:00,8.157303875163203e-46,0,0.0,500.0,john_radcliffe_nhs
2022-09-12 09:00:00,7.824399875492024e-46,0,0.0,500.0,john_radcliffe_nhs
2022-09-12 10:00:00,7.505081868778075e-46,0,0.0,500.0,john_radcliffe_nhs
2022-09-12 11:00:00,7.198795403272844e-46,0,0.0,500.0,john_radcliffe_nhs
2022-09-12 12:00:00,6.905008654705006e-46,0,0.0,500.0,john_radcliffe_nhs
2022-09-12 13:00:00,6.623211502840458e-46,0,0.0,500.0,john_radcliffe_nhs
2022-09-12 14:00:00,6.352914645728508e-46,0,0.0,500.0,john_radcliffe_nhs
2022-09-12 15:00:00,6.0936487500969914e-46,0,0.0,500.0,john_radcliffe_nhs
2022-09-12 16:00:00,5.844963636419367e-46,0,0.0,500.0,john_radcliffe_nhs
2022-09-12 17:00:00,5.606427497239721e-46,0,0.0,500.0,john_radcliffe_nhs
2022-09-12 18:00:00,5.377626147399086e-46,0,0.0,500.0,john_radcliffe_nhs
2022-09-12 19:00:00,5.158162304859685e-46,0,0.0,500.0,john_radcliffe_nhs
2022-09-12 20:00:00,4.947654900879159e-46,0,0.0,500.0,john_radcliffe_nhs
2022-09-12 21:00:00,4.7457384183376246e-46,0,0.0,500.0,john_radcliffe_nhs
2022-09-12 22:00:00,4.55206225706729e-46,0,0.0,500.0,john_radcliffe_nhs
2022-09-12 23:00:00,4.3662901250833505e-46,0,0.0,500.0,john_radcliffe_nhs
2022-09-13 00:00:00,4.188099454659671e-46,0,0.0,500.0,john_radcliffe_nhs
2022-09-13 01:00:00,4.017180842234125e-46,0,0.0,500.0,john_radcliffe_nhs
2022-09-13 02:00:00,3.8532375111717625e-46,0,0.0,500.0,john_radcliffe_nhs
2022-09-13 03:00:00,3.695984796453392e-46,0,0.0,500.0,john_radcliffe_nhs
2022-09-13 04:00:00,3.5451496503937915e-46,0,0.0,500.0,john_radcliffe_nhs
2022-09-13 05:00:00,3.4004701685318558e-46,0,0.0,500.0,john_radcliffe_nhs
2022-09-13 06:00:00,3.261695134869875e-46,0,0.0,500.0,john_radcliffe_nhs
2022-09-13 07:00:00,3.1285835856713825e-46,0,0.0,500.0,john_radcliffe_nhs
2022-09-13 08:00:00,3.00090439106068e-46,0,0.0,500.0,john_radcliffe_nhs
2022-09-13 09:00:00,2.878435853697909e-46,0,0.0,500.0,john_radcliffe_nhs
2022-09-13 10:00:00,2.760965323832002e-46,0,0.0,500.0,john_radcliffe_nhs
2022-09-13 11:00:00,2.6482888300635614e-46,0,0.0,500.0,john_radcliffe_nhs
2022-09-13 12:00:00,2.54021072517685e-46,0,0.0,500.0,john_radcliffe_nhs
2022-09-13 13:00:00,2.4365433464252163e-46,0,0.0,500.0,john_radcliffe_nhs
2022-09-13 14:00:00,2.337106689680475e-46,0,0.0,500.0,john_radcliffe_nhs
2022-09-13 15:00:00,2.241728096880739e-46,0,0.0,500.0,john_radcliffe_nhs
2022-09-13 16:00:00,2.1502419562333583e-46,0,0.0,500.0,john_radcliffe_nhs
2022-09-13 17:00:00,2.0624894146527564e-46,0,0.0,500.0,john_radcliffe_nhs
2022-09-13 18:00:00,1.978318101934112e-46,0,0.0,500.0,john_radcliffe_nhs
2022-09-13 19:00:00,1.8975818661833796e-46,0,0.0,500.0,john_radcliffe_nhs
2022-09-13 20:00:00,1.8201405200445725e-46,0,0.0,500.0,john_radcliffe_nhs
2022-09-13 21:00:00,1.74585959728389e-46,0,0.0,500.0,john_radcliffe_nhs
2022-09-13 22:00:00,1.674610119307529e-46,0,0.0,500.0,john_radcliffe_nhs
2022-09-13 23:00:00,1.60626837120805e-46,0,0.0,500.0,john_radcliffe_nhs
2022-09-14 00:00:00,1.5407156869506217e-46,0,0.0,500.0,john_radcliffe_nhs
2022-09-14 01:00:00,1.477838243325714e-46,0,0.0,500.0,john_radcliffe_nhs
2022-09-14 02:00:00,1.4175268623107075e-46,0,0.0,500.0,john_radcliffe_nhs
2022-09-14 03:00:00,1.359676821497421e-46,0,0.0,500.0,john_radcliffe_nhs
2022-09-14 04:00:00,1.304187672256002e-46,0,0.0,500.0,john_radcliffe_nhs
2022-09-14 05:00:00,1.2509630653196592e-46,0,0.0,500.0,john_radcliffe_nhs
2022-09-14 06:00:00,1.1999105834875417e-46,0,0.0,500.0,john_radcliffe_nhs
2022-09-14 07:00:00,1.1509415811549354e-46,0,0.0,500.0,john_radcliffe_nhs
2022-09-14 08:00:00,1.1039710303923304e-46,0,0.0,500.0,john_radcliffe_nhs
2022-09-14 09:00:00,1.0589173733062302e-46,0,0.0,500.0,john_radcliffe_nhs
2022-09-14 10:00:00,1.0157023804250474e-46,0,0.0,500.0,john_radcliffe_nhs
2022-09-14 11:00:00,9.742510148643558e-47,0,0.0,500.0,john_radcliffe_nhs
2022-09-14 12:00:00,9.344913020357639e-47,0,0.0,500.0,john_radcliffe_nhs
2022-09-14 13:00:00,8.963542046729046e-47,0,0.0,500.0,john_radcliffe_nhs
2022-09-14 14:00:00,8.597735029576927e-47,0,0.0,500.0,john_radcliffe_nhs
2022-09-14 15:00:00,8.246856795388074e-47,0,0.0,500.0,john_radcliffe_nhs
2022-09-14 16:00:00,7.910298092425167e-47,0,0.0,500.0,john_radcliffe_nhs
2022-09-14 17:00:00,7.587474532844712e-47,0,0.0,500.0,john_radcliffe_nhs
2022-09-14 18:00:00,7.277825577988697e-47,0,0.0,500.0,john_radcliffe_nhs
2022-09-14 19:00:00,6.980813565086044e-47,0,0.0,500.0,john_radcliffe_nhs
2022-09-14 20:00:00,6.695922773674959e-47,0,0.0,500.0,john_radcliffe_nhs
2022-09-14 21:00:00,6.422658530125969e-47,0,0.0,500.0,john_radcliffe_nhs
2022-09-14 22:00:00,6.160546348708961e-47,0,0.0,500.0,john_radcliffe_nhs
2022-09-14 23:00:00,5.909131107713803e-47,0,0.0,500.0,john_radcliffe_nhs
2022-09-15 00:00:00,5.667976259194698e-47,0,0.0,500.0,john_radcliffe_nhs
2022-09-15 01:00:00,5.4366630709644965e-47,0,0.0,500.0,john_radcliffe_nhs
2022-09-15 02:00:00,5.214789899523711e-47,0,0.0,500.0,john_radcliffe_nhs
2022-09-15 03:00:00,5.001971492662341e-47,0,0.0,500.0,john_radcliffe_nhs
2022-09-15 04:00:00,4.7978383205222225e-47,0,0.0,500.0,john_radcliffe_nhs
2022-09-15 05:00:00,4.602035933959108e-47,0,0.0,500.0,john_radcliffe_nhs
2022-09-15 06:00:00,4.414224349090961e-47,0,0.0,500.0,john_radcliffe_nhs
2022-09-15 07:00:00,4.2340774569625387e-47,0,0.0,500.0,john_radcliffe_nhs
2022-09-15 08:00:00,4.0612824573019187e-47,0,0.0,500.0,john_radcliffe_nhs
2022-09-15 09:00:00,3.895539315386276e-47,0,0.0,500.0,john_radcliffe_nhs
2022-09-15 10:00:00,3.7365602410727014e-47,0,0.0,500.0,john_radcliffe_nhs
2022-09-15 11:00:00,3.5840691890900973e-47,0,0.0,500.0,john_radcliffe_nhs
2022-09-15 12:00:00,3.437801379724904e-47,0,0.0,500.0,john_radcliffe_nhs
2022-09-15 13:00:00,3.297502839067408e-47,0,0.0,500.0,john_radcliffe_nhs
2022-09-15 14:00:00,3.162929958020894e-47,0,0.0,500.0,john_radcliffe_nhs
2022-09-15 15:00:00,3.0338490693082757e-47,0,0.0,500.0,john_radcliffe_nhs
2022-09-15 16:00:00,2.910036041740897e-47,0,0.0,500.0,john_radcliffe_nhs
2022-09-15 17:00:00,2.791275891045463e-47,0,0.0,500.0,john_radcliffe_nhs
2022-09-15 18:00:00,2.6773624065737112e-47,0,0.0,500.0,john_radcliffe_nhs
2022-09-15 19:00:00,2.568097793245878e-47,0,0.0,500.0,john_radcliffe_nhs
2022-09-15 20:00:00,2.4632923281066776e-47,0,0.0,500.0,john_radcliffe_nhs
2022-09-15 21:00:00,2.3627640308977383e-47,0,0.0,500.0,john_radcliffe_nhs
2022-09-15 22:00:00,2.266338348073822e-47,0,0.0,500.0,john_radcliffe_nhs
2022-09-15 23:00:00,2.17384784971454e-47,0,0.0,500.0,john_radcliffe_nhs
2022-09-16 00:00:00,2.085131938805547e-47,0,0.0,500.0,john_radcliffe_nhs
2022-09-16 01:00:00,2.0000365723838365e-47,0,0.0,500.0,john_radcliffe_nhs
2022-09-16 02:00:00,1.9184139940632645e-47,0,0.0,500.0,john_radcliffe_nhs
2022-09-16 03:00:00,1.8401224774761077e-47,0,0.0,500.0,john_radcliffe_nhs
2022-09-16 04:00:00,1.7650260801846466e-47,0,0.0,500.0,john_radcliffe_nhs
2022-09-16 05:00:00,1.6929944076357737e-47,0,0.0,500.0,john_radcliffe_nhs
2022-09-16 06:00:00,1.623902386748957e-47,0,0.0,500.0,john_radcliffe_nhs
2022-09-16 07:00:00,1.5576300487439804e-47,0,0.0,500.0,john_radcliffe_nhs
2022-09-16 08:00:00,1.494062320831612e-47,0,0.0,500.0,john_radcliffe_nhs
2022-09-16 09:00:00,1.433088826405686e-47,0,0.0,500.0,john_radcliffe_nhs
2022-09-16 10:00:00,1.3746036933892552e-47,0,0.0,500.0,john_radcliffe_nhs
2022-09-16 11:00:00,1.3185053704022495e-47,0,0.0,500.0,john_radcliffe_nhs
2022-09-16 12:00:00,1.2646964504316108e-47,0,0.0,500.0,john_radcliffe_nhs
2022-09-16 13:00:00,1.2130835016973624e-47,0,0.0,500.0,john_radcliffe_nhs
2022-09-16 14:00:00,1.1635769054211399e-47,0,0.0,500.0,john_radcliffe_nhs
2022-09-16 15:00:00,1.1160907002156288e-47,0,0.0,500.0,john_radcliffe_nhs
2022-09-16 16:00:00,1.0705424328243972e-47,0,0.0,500.0,john_radcliffe_nhs
2022-09-16 17:00:00,1.0268530149531247e-47,0,0.0,500.0,john_radcliffe_nhs
2022-09-16 18:00:00,9.849465859437647e-48,0,0.0,500.0,john_radcliffe_nhs
2022-09-16 19:00:00,9.447503810529077e-48,0,0.0,500.0,john_radcliffe_nhs
2022-09-16 20:00:00,9.061946051057857e-48,0,0.0,500.0,john_radcliffe_nhs
2022-09-16 21:00:00,8.692123113066444e-48,0,0.0,500.0,john_radcliffe_nhs
2022-09-16 22:00:00,8.337392849948075e-48,0,0.0,500.0,john_radcliffe_nhs
2022-09-16 23:00:00,7.997139321447266e-48,0,0.0,500.0,john_radcliffe_nhs
2022-09-17 00:00:00,7.670771724165108e-48,0,0.0,500.0,john_radcliffe_nhs
2022-09-17 01:00:00,7.357723365710127e-48,0,0.0,500.0,john_radcliffe_nhs
2022-09-17 02:00:00,7.057450680714684e-48,0,0.0,500.0,john_radcliffe_nhs
2022-09-17 03:00:00,6.769432287009203e-48,0,0.0,500.0,john_radcliffe_nhs
2022-09-17 04:00:00,6.493168080313491e-48,0,0.0,500.0,john_radcliffe_nhs
2022-09-17 05:00:00,6.228178365874254e-48,0,0.0,500.0,john_radcliffe_nhs
2022-09-17 06:00:00,5.974003025541776e-48,0,0.0,500.0,john_radcliffe_nhs
2022-09-17 07:00:00,5.730200718837819e-48,0,0.0,500.0,john_radcliffe_nhs
2022-09-17 08:00:00,5.496348116628415e-48,0,0.0,500.0,john_radcliffe_nhs
2022-09-17 09:00:00,5.272039166071619e-48,0,0.0,500.0,john_radcliffe_nhs
2022-09-17 10:00:00,5.056884385562398e-48,0,0.0,500.0,john_radcliffe_nhs
2022-09-17 11:00:00,4.850510188451251e-48,0,0.0,500.0,john_radcliffe_nhs
2022-09-17 12:00:00,4.6525582343628777e-48,0,0.0,500.0,john_radcliffe_nhs
2022-09-17 13:00:00,4.4626848069872217e-48,0,0.0,500.0,john_radcliffe_nhs
2022-09-17 14:00:00,4.2805602172632514e-48,0,0.0,500.0,john_radcliffe_nhs
2022-09-17 15:00:00,4.105868230919693e-48,0,0.0,500.0,john_radcliffe_nhs
2022-09-17 16:00:00,3.9383055193775556e-48,0,0.0,500.0,john_radcliffe_nhs
2022-09-17 17:00:00,3.777581133061662e-48,0,0.0,500.0,john_radcliffe_nhs
2022-09-17 18:00:00,3.6234159962071213e-48,0,0.0,500.0,john_radcliffe_nhs
2022-09-17 19:00:00,3.475542422282509e-48,0,0.0,500.0,john_radcliffe_nhs
2022-09-17 20:00:00,3.3337036491889237e-48,0,0.0,500.0,john_radcliffe_nhs
2022-09-17 21:00:00,3.197653393428261e-48,0,0.0,500.0,john_radcliffe_nhs
2022-09-17 22:00:00,3.067155422465676e-48,0,0.0,500.0,john_radcliffe_nhs
2022-09-17 23:00:00,2.9419831445441875e-48,0,0.0,500.0,john_radcliffe_nhs
2022-09-18 00:00:00,2.821919215239561e-48,0,0.0,500.0,john_radcliffe_nhs
2022-09-18 01:00:00,2.7067551600715053e-48,0,0.0,500.0,john_radcliffe_nhs
2022-09-18 02:00:00,2.5962910125163334e-48,0,0.0,500.0,john_radcliffe_nhs
2022-09-18 03:00:00,2.4903349667928646e-48,0,0.0,500.0,john_radcliffe_nhs
2022-09-18 04:00:00,2.388703044817974e-48,0,0.0,500.0,john_radcliffe_nhs
2022-09-18 05:00:00,2.291218776753887e-48,0,0.0,500.0,john_radcliffe_nhs
2022-09-18 06:00:00,2.1977128945928145e-48,0,0.0,500.0,john_radcliffe_nhs
2022-09-18 07:00:00,2.108023038246254e-48,0,0.0,500.0,john_radcliffe_nhs
2022-09-18 08:00:00,2.0219934736289712e-48,0,0.0,500.0,john_radcliffe_nhs
2022-09-18 09:00:00,1.9394748222483838e-48,0,0.0,500.0,john_radcliffe_nhs
2022-09-18 10:00:00,1.8603238018292876e-48,0,0.0,500.0,john_radcliffe_nhs
2022-09-18 11:00:00,1.7844029775238337e-48,0,0.0,500.0,john_radcliffe_nhs
2022-09-18 12:00:00,1.7115805232750076e-48,0,0.0,500.0,john_radcliffe_nhs
2022-09-18 13:00:00,1.6417299929187446e-48,0,0.0,500.0,john_radcliffe_nhs
2022-09-18 14:00:00,1.5747301006275127e-48,0,0.0,500.0,john_radcliffe_nhs
2022-09-18 15:00:00,1.5104645103143152e-48,0,0.0,500.0,john_radcliffe_nhs
2022-09-18 16:00:00,1.4488216336310217e-48,0,0.0,500.0,john_radcliffe_nhs
2022-09-18 17:00:00,1.3896944362105083e-48,0,0.0,500.0,john_radcliffe_nhs
2022-09-18 18:00:00,1.332980251816341e-48,0,0.0,500.0,john_radcliffe_nhs
2022-09-18 19:00:00,1.2785806040769305e-48,0,0.0,500.0,john_radcliffe_nhs
2022-09-18 20:00:00,1.226401035494819e-48,0,0.0,500.0,john_radcliffe_nhs
2022-09-18 21:00:00,1.176350943434355e-48,0,0.0,500.0,john_radcliffe_nhs
2022-09-18 22:00:00,1.128343422802632e-48,0,0.0,500.0,john_radcliffe_nhs
2022-09-18 23:00:00,1.0822951151507183e-48,0,0.0,500.0,john_radcliffe_nhs
2022-09-19 00:00:00,1.0381260639332847e-48,0,0.0,500.0,john_radcliffe_nhs
2022-09-19 01:00:00,9.957595756750233e-49,0,0.0,500.0,john_radcliffe_nhs
2022-09-19 02:00:00,9.551220868029471e-49,0,0.0,500.0,john_radcliffe_nhs
2022-09-19 03:00:00,9.161430359134615e-49,0,0.0,500.0,john_radcliffe_nhs
2022-09-19 04:00:00,8.787547412521591e-49,0,0.0,500.0,john_radcliffe_nhs
2022-09-19 05:00:00,8.428922831937356e-49,0,0.0,500.0,john_radcliffe_nhs
2022-09-19 06:00:00,8.084933915180776e-49,0,0.0,500.0,john_radcliffe_nhs
2022-09-19 07:00:00,7.754983372865579e-49,0,0.0,500.0,john_radcliffe_nhs
2022-09-19 08:00:00,7.438498291309294e-49,0,0.0,500.0,john_radcliffe_nhs
2022-09-19 09:00:00,7.13492913774818e-49,0,0.0,500.0,john_radcliffe_nhs
2022-09-19 10:00:00,6.843748806148913e-49,0,0.0,500.0,john_radcliffe_nhs
2022-09-19 11:00:00,6.564451701961257e-49,0,0.0,500.0,john_radcliffe_nhs
2022-09-19 12:00:00,6.296552864223346e-49,0,0.0,500.0,john_radcliffe_nhs
2022-09-19 13:00:00,6.039587123493438e-49,0,0.0,500.0,john_radcliffe_nhs
2022-09-19 14:00:00,5.793108294146984e-49,0,0.0,500.0,john_radcliffe_nhs
2022-09-19 15:00:00,5.556688399637265e-49,0,0.0,500.0,john_radcliffe_nhs
2022-09-19 16:00:00,5.329916929372765e-49,0,0.0,500.0,john_radcliffe_nhs
2022-09-19 17:00:00,5.1124001259218436e-49,0,0.0,500.0,john_radcliffe_nhs
2022-09-19 18:00:00,4.9037603013076395e-49,0,0.0,500.0,john_radcliffe_nhs
2022-09-19 19:00:00,4.703635181204663e-49,0,0.0,500.0,john_radcliffe_nhs
2022-09-19 20:00:00,4.511677275899122e-49,0,0.0,500.0,john_radcliffe_nhs
2022-09-19 21:00:00,4.3275532769212934e-49,0,0.0,500.0,john_radcliffe_nhs
2022-09-19 22:00:00,4.150943478301047e-49,0,0.0,500.0,john_radcliffe_nhs
2022-09-19 23:00:00,3.9815412214422805e-49,0,0.0,500.0,john_radcliffe_nhs
2022-09-20 00:00:00,3.819052362652858e-49,0,0.0,500.0,john_radcliffe_nhs
2022-09-20 01:00:00,3.663194762404401e-49,0,0.0,500.0,john_radcliffe_nhs
2022-09-20 02:00:00,3.513697795435699e-49,0,0.0,500.0,john_radcliffe_nhs
2022-09-20 03:00:00,3.3703018808495283e-49,0,0.0,500.0,john_radcliffe_nhs
2022-09-20 04:00:00,3.2327580313859968e-49,0,0.0,500.0,john_radcliffe_nhs
2022-09-20 05:00:00,3.100827421090326e-49,0,0.0,500.0,john_radcliffe_nhs
2022-09-20 06:00:00,2.9742809706247447e-49,0,0.0,500.0,john_radcliffe_nhs
2022-09-20 07:00:00,2.8528989495036167e-49,0,0.0,500.0,john_radcliffe_nhs
2022-09-20 08:00:00,2.7364705945615913e-49,0,0.0,500.0,john_radcliffe_nhs
2022-09-20 09:00:00,2.6247937439926415e-49,0,0.0,500.0,john_radcliffe_nhs
2022-09-20 10:00:00,2.517674486323787e-49,0,0.0,500.0,john_radcliffe_nhs
2022-09-20 11:00:00,2.4149268237144304e-49,0,0.0,500.0,john_radcliffe_nhs
2022-09-20 12:00:00,2.3163723489969293e-49,0,0.0,500.0,john_radcliffe_nhs
2022-09-20 13:00:00,2.221839935897005e-49,0,0.0,500.0,john_radcliffe_nhs
2022-09-20 14:00:00,2.1311654418964403e-49,0,0.0,500.0,john_radcliffe_nhs
2022-09-20 15:00:00,2.0441914232223934e-49,0,0.0,500.0,john_radcliffe_nhs
2022-09-20 16:00:00,1.960766861467863e-49,0,0.0,500.0,john_radcliffe_nhs
2022-09-20 17:00:00,1.8807469013689392e-49,0,0.0,500.0,john_radcliffe_nhs
2022-09-20 18:00:00,1.803992599283758e-49,0,0.0,500.0,john_radcliffe_nhs
2022-09-20 19:00:00,1.730370681935907e-49,0,0.0,500.0,john_radcliffe_nhs
2022-09-20 20:00:00,1.6597533150036644e-49,0,0.0,500.0,john_radcliffe_nhs
2022-09-20 21:00:00,1.5920178811534496e-49,0,0.0,500.0,john_radcliffe_nhs
2022-09-20 22:00:00,1.5270467671316324e-49,0,0.0,500.0,john_radcliffe_nhs
2022-09-20 23:00:00,1.464727159545248e-49,0,0.0,500.0,john_radcliffe_nhs
2022-09-21 00:00:00,1.40495084897721e-49,0,0.0,500.0,john_radcliffe_nhs
2022-09-21 01:00:00,1.3476140420954854e-49,0,0.0,500.0,john_radcliffe_nhs
2022-09-21 02:00:00,1.292617181430214e-49,0,0.0,500.0,john_radcliffe_nhs
2022-09-21 03:00:00,1.2398647725059854e-49,0,0.0,500.0,john_radcliffe_nhs
2022-09-21 04:00:00,1.1892652180287726e-49,0,0.0,500.0,john_radcliffe_nhs
2022-09-21 05:00:00,1.1407306588397937e-49,0,0.0,500.0,john_radcliffe_nhs
2022-09-21 06:00:00,1.094176821360286e-49,0,0.0,500.0,john_radcliffe_nhs
2022-09-21 07:00:00,1.0495228712619852e-49,0,0.0,500.0,john_radcliffe_nhs
2022-09-21 08:00:00,1.0066912731094027e-49,0,0.0,500.0,john_radcliffe_nhs
2022-09-21 09:00:00,9.656076557303107e-50,0,0.0,500.0,john_radcliffe_nhs
2022-09-21 10:00:00,9.262006830803931e-50,0,0.0,500.0,john_radcliffe_nhs
2022-09-21 11:00:00,8.88401930377991e-50,0,0.0,500.0,john_radcliffe_nhs
2022-09-21 12:00:00,8.521457652939716e-50,0,0.0,500.0,john_radcliffe_nhs
2022-09-21 13:00:00,8.173692339901833e-50,0,0.0,500.0,john_radcliffe_nhs
2022-09-21 14:00:00,7.840119518087524e-50,0,0.0,500.0,john_radcliffe_nhs
2022-09-21 15:00:00,7.520159984225096e-50,0,0.0,500.0,john_radcliffe_nhs
2022-09-21 16:00:00,7.213258172642801e-50,0,0.0,500.0,john_radcliffe_nhs
2022-09-21 17:00:00,6.91888119060527e-50,0,0.0,500.0,john_radcliffe_nhs
2022-09-21 18:00:00,6.636517893019266e-50,0,0.0,500.0,john_radcliffe_nhs
2022-09-21 19:00:00,6.365677994900291e-50,0,0.0,500.0,john_radcliffe_nhs
2022-09-21 20:00:00,6.105891220059969e-50,0,0.0,500.0,john_radcliffe_nhs
2022-09-21 21:00:00,5.856706484536747e-50,0,0.0,500.0,john_radcliffe_nhs
2022-09-21 22:00:00,5.617691113350425e-50,0,0.0,500.0,john_radcliffe_nhs
2022-09-21 23:00:00,5.388430089221398e-50,0,0.0,500.0,john_radcliffe_nhs
2022-09-22 00:00:00,5.168525331950794e-50,0,0.0,500.0,john_radcliffe_nhs
2022-09-22 01:00:00,4.957595007208757e-50,0,0.0,500.0,john_radcliffe_nhs
2022-09-22 02:00:00,4.755272863531519e-50,0,0.0,500.0,john_radcliffe_nhs
2022-09-22 03:00:00,4.561207596376594e-50,0,0.0,500.0,john_radcliffe_nhs
2022-09-22 04:00:00,4.3750622381305825e-50,0,0.0,500.0,john_radcliffe_nhs
2022-09-22 05:00:00,4.196513573011145e-50,0,0.0,500.0,john_radcliffe_nhs
2022-09-22 06:00:00,4.025251575847671e-50,0,0.0,500.0,john_radcliffe_nhs
2022-09-22 07:00:00,3.860978873765067e-50,0,0.0,500.0,john_radcliffe_nhs
2022-09-22 08:00:00,3.7034102298365494e-50,0,0.0,500.0,john_radcliffe_nhs
2022-09-22 09:00:00,3.5522720478093316e-50,0,0.0,500.0,john_radcliffe_nhs
2022-09-22 10:00:00,3.4073018970422316e-50,0,0.0,500.0,john_radcliffe_nhs
2022-09-22 11:00:00,3.268248056830859e-50,0,0.0,500.0,john_radcliffe_nhs
2022-09-22 12:00:00,3.134869079329573e-50,0,0.0,500.0,john_radcliffe_nhs
2022-09-22 13:00:00,3.0069333703103856e-50,0,0.0,500.0,john_radcliffe_nhs
2022-09-22 14:00:00,2.884218787031356e-50,0,0.0,500.0,john_radcliffe_nhs
2022-09-22 15:00:00,2.7665122525165705e-50,0,0.0,500.0,john_radcliffe_nhs
2022-09-22 16:00:00,2.6536093855771733e-50,0,0.0,500.0,john_radcliffe_nhs
2022-09-22 17:00:00,2.5453141459314705e-50,0,0.0,500.0,john_radcliffe_nhs
2022-09-22 18:00:00,2.441438493808205e-50,0,0.0,500.0,john_radcliffe_nhs
2022-09-22 19:00:00,2.341802063441267e-50,0,0.0,500.0,john_radcliffe_nhs
2022-09-22 20:00:00,2.246231849889278e-50,0,0.0,500.0,john_radcliffe_nhs
2022-09-22 21:00:00,2.154561908636541e-50,0,0.0,500.0,john_radcliffe_nhs
2022-09-22 22:00:00,2.0666330674531322e-50,0,0.0,500.0,john_radcliffe_nhs
2022-09-22 23:00:00,1.9822926500141536e-50,0,0.0,500.0,john_radcliffe_nhs
2022-09-23 00:00:00,1.9013942107985018e-50,0,0.0,500.0,john_radcliffe_nhs
2022-09-23 01:00:00,1.8237972808062902e-50,0,0.0,500.0,john_radcliffe_nhs
2022-09-23 02:00:00,1.7493671236536995e-50,0,0.0,500.0,john_radcliffe_nhs
2022-09-23 03:00:00,1.6779745016219587e-50,0,0.0,500.0,john_radcliffe_nhs
2022-09-23 04:00:00,1.6094954512537587e-50,0,0.0,500.0,john_radcliffe_nhs
2022-09-23 05:00:00,1.5438110681077128e-50,0,0.0,500.0,john_radcliffe_nhs
2022-09-23 06:00:00,1.4808073002973087e-50,0,0.0,500.0,john_radcliffe_nhs
2022-09-23 07:00:00,1.4203747504554376e-50,0,0.0,500.0,john_radcliffe_nhs
2022-09-23 08:00:00,1.3624084857808726e-50,0,0.0,500.0,john_radcliffe_nhs
2022-09-23 09:00:00,1.3068078558370318e-50,0,0.0,500.0,john_radcliffe_nhs
2022-09-23 10:00:00,1.2534763177862914e-50,0,0.0,500.0,john_radcliffe_nhs
2022-09-23 11:00:00,1.202321268756589e-50,0,0.0,500.0,john_radcliffe_nhs
2022-09-23 12:00:00,1.153253885049397e-50,0,0.0,500.0,john_radcliffe_nhs
2022-09-23 13:00:00,1.1061889679095462e-50,0,0.0,500.0,john_radcliffe_nhs
2022-09-23 14:00:00,1.0610447955892705e-50,0,0.0,500.0,john_radcliffe_nhs
2022-09-23 15:00:00,1.0177429814497441e-50,0,0.0,500.0,john_radcliffe_nhs
2022-09-23 16:00:00,9.762083378534248e-51,0,0.0,500.0,john_radcliffe_nhs
2022-09-23 17:00:00,9.363687456110365e-51,0,0.0,500.0,john_radcliffe_nhs
2022-09-23 18:00:00,8.981550287566104e-51,0,0.0,500.0,john_radcliffe_nhs
2022-09-23 19:00:00,8.615008344329036e-51,0,0.0,500.0,john_radcliffe_nhs
2022-09-23 20:00:00,8.263425176787626e-51,0,0.0,500.0,john_radcliffe_nhs
2022-09-23 21:00:00,7.92619030918487e-51,0,0.0,500.0,john_radcliffe_nhs
2022-09-23 22:00:00,7.602718179610819e-51,0,0.0,500.0,john_radcliffe_nhs
2022-09-23 23:00:00,7.292447123254643e-51,0,0.0,500.0,john_radcliffe_nhs
2022-09-24 00:00:00,6.994838397151683e-51,0,0.0,500.0,john_radcliffe_nhs
2022-09-24 01:00:00,6.709375244730142e-51,0,0.0,500.0,john_radcliffe_nhs
2022-09-24 02:00:00,6.435561998534165e-51,0,0.0,500.0,john_radcliffe_nhs
2022-09-24 03:00:00,6.172923219566157e-51,0,0.0,500.0,john_radcliffe_nhs
2022-09-24 04:00:00,5.921002871752112e-51,0,0.0,500.0,john_radcliffe_nhs
2022-09-24 05:00:00,5.679363530097529e-51,0,0.0,500.0,john_radcliffe_nhs
2022-09-24 06:00:00,5.447585621159662e-51,0,0.0,500.0,john_radcliffe_nhs
2022-09-24 07:00:00,5.225266694515733e-51,0,0.0,500.0,john_radcliffe_nhs
2022-09-24 08:00:00,5.012020723962983e-51,0,0.0,500.0,john_radcliffe_nhs
2022-09-24 09:00:00,4.80747743723778e-51,0,0.0,500.0,john_radcliffe_nhs
2022-09-24 10:00:00,4.611281673088581e-51,0,0.0,500.0,john_radcliffe_nhs
2022-09-24 11:00:00,4.423092764587134e-51,0,0.0,500.0,john_radcliffe_nhs
2022-09-24 12:00:00,4.24258394760767e-51,0,0.0,500.0,john_radcliffe_nhs
2022-09-24 13:00:00,4.0694417934457836e-51,0,0.0,500.0,john_radcliffe_nhs
2022-09-24 14:00:00,3.9033656645924805e-51,0,0.0,500.0,john_radcliffe_nhs
2022-09-24 15:00:00,3.7440671927188944e-51,0,0.0,500.0,john_radcliffe_nhs
2022-09-24 16:00:00,3.591269777964205e-51,0,0.0,500.0,john_radcliffe_nhs
2022-09-24 17:00:00,3.444708108657925e-51,0,0.0,500.0,john_radcliffe_nhs
2022-09-24 18:00:00,3.304127700643026e-51,0,0.0,500.0,john_radcliffe_nhs
2022-09-24 19:00:00,3.169284455399079e-51,0,0.0,500.0,john_radcliffe_nhs
2022-09-24 20:00:00,3.0399442361986586e-51,0,0.0,500.0,john_radcliffe_nhs
2022-09-24 21:00:00,2.915882461561431e-51,0,0.0,500.0,john_radcliffe_nhs
2022-09-24 22:00:00,2.796883715299193e-51,0,0.0,500.0,john_radcliffe_nhs
2022-09-24 23:00:00,2.68274137247521e-51,0,0.0,500.0,john_radcliffe_nhs
2022-09-25 00:00:00,2.5732572406287087e-51,0,0.0,500.0,john_radcliffe_nhs
2022-09-25 01:00:00,2.4682412156408336e-51,0,0.0,500.0,john_radcliffe_nhs
2022-09-25 02:00:00,2.3675109516449192e-51,0,0.0,500.0,john_radcliffe_nhs
2022-09-25 03:00:00,2.2708915444082182e-51,0,0.0,500.0,john_radcliffe_nhs
2022-09-25 04:00:00,2.1782152276346716e-51,0,0.0,500.0,john_radcliffe_nhs
2022-09-25 05:00:00,2.0893210816617487e-51,0,0.0,500.0,john_radcliffe_nhs
2022-09-25 06:00:00,2.0040547540458007e-51,0,0.0,500.0,john_radcliffe_nhs
2022-09-25 07:00:00,1.9222681915501974e-51,0,0.0,500.0,john_radcliffe_nhs
2022-09-25 08:00:00,1.84381938307119e-51,0,0.0,500.0,john_radcliffe_nhs
2022-09-25 09:00:00,1.7685721130553522e-51,0,0.0,500.0,john_radcliffe_nhs
2022-09-25 10:00:00,1.696395724979941e-51,0,0.0,500.0,john_radcliffe_nhs
2022-09-25 11:00:00,1.6271648944857648e-51,0,0.0,500.0,john_radcliffe_nhs
2022-09-25 12:00:00,1.5607594117688414e-51,0,0.0,500.0,john_radcliffe_nhs
2022-09-25 13:00:00,1.497063972852547e-51,0,0.0,500.0,john_radcliffe_nhs
2022-09-25 14:00:00,1.4359679793780772e-51,0,0.0,500.0,john_radcliffe_nhs
2022-09-25 15:00:00,1.3773653465657578e-51,0,0.0,500.0,john_radcliffe_nhs
2022-09-25 16:00:00,1.3211543190133616e-51,0,0.0,500.0,john_radcliffe_nhs
2022-09-25 17:00:00,1.2672372940118132e-51,0,0.0,500.0,john_radcliffe_nhs
2022-09-25 18:00:00,1.215520652071639e-51,0,0.0,500.0,john_radcliffe_nhs
2022-09-25 19:00:00,1.1659145943655521e-51,0,0.0,500.0,john_radcliffe_nhs
2022-09-25 20:00:00,1.1183329868051093e-51,0,0.0,500.0,john_radcliffe_nhs
2022-09-25 21:00:00,1.0726932104808291e-51,0,0.0,500.0,john_radcliffe_nhs
2022-09-25 22:00:00,1.0289160182057746e-51,0,0.0,500.0,john_radcliffe_nhs
2022-09-25 23:00:00,9.869253969136884e-52,0,0.0,500.0,john_radcliffe_nhs
2022-09-26 00:00:00,9.46648435672857e-52,0,0.0,500.0,john_radcliffe_nhs
2022-09-26 01:00:00,9.080151990862713e-52,0,0.0,500.0,john_radcliffe_nhs
2022-09-26 02:00:00,8.709586058584026e-52,0,0.0,500.0,john_radcliffe_nhs
2022-09-26 03:00:00,8.35414312317849e-52,0,0.0,500.0,john_radcliffe_nhs
2022-09-26 04:00:00,8.01320600693369e-52,0,0.0,500.0,john_radcliffe_nhs
2022-09-26 05:00:00,7.686182719494376e-52,0,0.0,500.0,john_radcliffe_nhs
2022-09-26 06:00:00,7.372505429953415e-52,0,0.0,500.0,john_radcliffe_nhs
2022-09-26 07:00:00,7.071629480891257e-52,0,0.0,500.0,john_radcliffe_nhs
2022-09-26 08:00:00,6.783032442653028e-52,0,0.0,500.0,john_radcliffe_nhs
2022-09-26 09:00:00,6.506213206222e-52,0,0.0,500.0,john_radcliffe_nhs
2022-09-26 10:00:00,6.240691113112444e-52,0,0.0,500.0,john_radcliffe_nhs
2022-09-26 11:00:00,5.986005120772121e-52,0,0.0,500.0,john_radcliffe_nhs
2022-09-26 12:00:00,5.741713002045904e-52,0,0.0,500.0,john_radcliffe_nhs
2022-09-26 13:00:00,5.507390577308943e-52,0,0.0,500.0,john_radcliffe_nhs
2022-09-26 14:00:00,5.2826309779369225e-52,0,0.0,500.0,john_radcliffe_nhs
2022-09-26 15:00:00,5.067043939835209e-52,0,0.0,500.0,john_radcliffe_nhs
2022-09-26 16:00:00,4.860255125798729e-52,0,0.0,500.0,john_radcliffe_nhs
2022-09-26 17:00:00,4.661905475526767e-52,0,0.0,500.0,john_radcliffe_nhs
2022-09-26 18:00:00,4.471650582164617e-52,0,0.0,500.0,john_radcliffe_nhs
2022-09-26 19:00:00,4.289160094288281e-52,0,0.0,500.0,john_radcliffe_nhs
2022-09-26 20:00:00,4.114117142294537e-52,0,0.0,500.0,john_radcliffe_nhs
2022-09-26 21:00:00,3.946217788200877e-52,0,0.0,500.0,john_radcliffe_nhs
2022-09-26 22:00:00,3.785170497898859e-52,0,0.0,500.0,john_radcliffe_nhs
2022-09-26 23:00:00,3.630695634945116e-52,0,0.0,500.0,john_radcliffe_nhs
2022-09-27 00:00:00,3.482524975011507e-52,0,0.0,500.0,john_radcliffe_nhs
2022-09-27 01:00:00,3.340401240150334e-52,0,0.0,500.0,john_radcliffe_nhs
2022-09-27 02:00:00,3.2040776520664757e-52,0,0.0,500.0,john_radcliffe_nhs
2022-09-27 03:00:00,3.0733175036211505e-52,0,0.0,500.0,john_radcliffe_nhs
2022-09-27 04:00:00,2.947893747822411e-52,0,0.0,500.0,john_radcliffe_nhs
2022-09-27 05:00:00,2.827588603589188e-52,0,0.0,500.0,john_radcliffe_nhs
2022-09-27 06:00:00,2.7121931776046865e-52,0,0.0,500.0,john_radcliffe_nhs
2022-09-27 07:00:00,2.6015071016017722e-52,0,0.0,500.0,john_radcliffe_nhs
2022-09-27 08:00:00,2.4953381844509597e-52,0,0.0,500.0,john_radcliffe_nhs
2022-09-27 09:00:00,2.393502078447207e-52,0,0.0,500.0,john_radcliffe_nhs
2022-09-27 10:00:00,2.2958219592153924e-52,0,0.0,500.0,john_radcliffe_nhs
2022-09-27 11:00:00,2.2021282186790393e-52,0,0.0,500.0,john_radcliffe_nhs
2022-09-27 12:00:00,2.1122581705594514e-52,0,0.0,500.0,john_radcliffe_nhs
2022-09-27 13:00:00,2.026055767893281e-52,0,0.0,500.0,john_radcliffe_nhs
2022-09-27 14:00:00,1.9433713320783852e-52,0,0.0,500.0,john_radcliffe_nhs
2022-09-27 15:00:00,1.8640612929777202e-52,0,0.0,500.0,john_radcliffe_nhs
2022-09-27 16:00:00,1.7879879396294745e-52,0,0.0,500.0,john_radcliffe_nhs
2022-09-27 17:00:00,1.715019181130874e-52,0,0.0,500.0,john_radcliffe_nhs
2022-09-27 18:00:00,1.6450283172806741e-52,0,0.0,500.0,john_radcliffe_nhs
2022-09-27 19:00:00,1.5778938185816236e-52,0,0.0,500.0,john_radcliffe_nhs
2022-09-27 20:00:00,1.5134991152211654e-52,0,0.0,500.0,john_radcliffe_nhs
2022-09-27 21:00:00,1.4517323946641438e-52,0,0.0,500.0,john_radcliffe_nhs
2022-09-27 22:00:00,1.3924864075056626e-52,0,0.0,500.0,john_radcliffe_nhs
2022-09-27 23:00:00,1.3356582812472044e-52,0,0.0,500.0,john_radcliffe_nhs
2022-09-28 00:00:00,1.2811493416728245e-52,0,0.0,500.0,john_radcliffe_nhs
2022-09-28 01:00:00,1.2288649415148978e-52,0,0.0,500.0,john_radcliffe_nhs
2022-09-28 02:00:00,1.178714296112122e-52,0,0.0,500.0,john_radcliffe_nhs
2022-09-28 03:00:00,1.1306103257745612e-52,0,0.0,500.0,john_radcliffe_nhs
2022-09-28 04:00:00,1.0844695045816975e-52,0,0.0,500.0,john_radcliffe_nhs
2022-09-28 05:00:00,1.0402117153511294e-52,0,0.0,500.0,john_radcliffe_nhs
2022-09-28 06:00:00,9.977601105262106e-53,0,0.0,500.0,john_radcliffe_nhs
2022-09-28 07:00:00,9.570409787407986e-53,0,0.0,500.0,john_radcliffe_nhs
2022-09-28 08:00:00,9.179836168295805e-53,0,0.0,500.0,john_radcliffe_nhs
2022-09-28 09:00:00,8.805202070618443e-53,0,0.0,500.0,john_radcliffe_nhs
2022-09-28 10:00:00,8.445856993852844e-53,0,0.0,500.0,john_radcliffe_nhs
2022-09-28 11:00:00,8.101176984755088e-53,0,0.0,500.0,john_radcliffe_nhs
2022-09-28 12:00:00,7.770563553952242e-53,0,0.0,500.0,john_radcliffe_nhs
2022-09-28 13:00:00,7.453442636747576e-53,0,0.0,500.0,john_radcliffe_nhs
2022-09-28 14:00:00,7.149263596335978e-53,0,0.0,500.0,john_radcliffe_nhs
2022-09-28 15:00:00,6.857498267699598e-53,0,0.0,500.0,john_radcliffe_nhs
2022-09-28 16:00:00,6.577640040521696e-53,0,0.0,500.0,john_radcliffe_nhs
2022-09-28 17:00:00,6.309202979527305e-53,0,0.0,500.0,john_radcliffe_nhs
2022-09-28 18:00:00,6.051720980724125e-53,0,0.0,500.0,john_radcliffe_nhs
2022-09-28 19:00:00,5.80474696207681e-53,0,0.0,500.0,john_radcliffe_nhs
2022-09-28 20:00:00,5.567852087210348e-53,0,0.0,500.0,john_radcliffe_nhs
2022-09-28 21:00:00,5.340625020795249e-53,0,0.0,500.0,john_radcliffe_nhs
2022-09-28 22:00:00,5.122671214320124e-53,0,0.0,500.0,john_radcliffe_nhs
2022-09-28 23:00:00,4.913612221012306e-53,0,0.0,500.0,john_radcliffe_nhs
2022-09-29 00:00:00,4.713085038717599e-53,0,0.0,500.0,john_radcliffe_nhs
2022-09-29 01:00:00,4.520741479596778e-53,0,0.0,500.0,john_radcliffe_nhs
2022-09-29 02:00:00,4.336247565545174e-53,0,0.0,500.0,john_radcliffe_nhs
2022-09-29 03:00:00,4.1592829482860785e-53,0,0.0,500.0,john_radcliffe_nhs
2022-09-29 04:00:00,3.989540353129857e-53,0,0.0,500.0,john_radcliffe_nhs
2022-09-29 05:00:00,3.8267250454336087e-53,0,0.0,500.0,john_radcliffe_nhs
2022-09-29 06:00:00,3.6705543188353883e-53,0,0.0,500.0,john_radcliffe_nhs
2022-09-29 07:00:00,3.520757004373352e-53,0,0.0,500.0,john_radcliffe_nhs
2022-09-29 08:00:00,3.3770729996380547e-53,0,0.0,500.0,john_radcliffe_nhs
2022-09-29 09:00:00,3.23925281714074e-53,0,0.0,500.0,john_radcliffe_nhs
2022-09-29 10:00:00,3.1070571511125016e-53,0,0.0,500.0,john_radcliffe_nhs
2022-09-29 11:00:00,2.980256461982652e-53,0,0.0,500.0,john_radcliffe_nhs
2022-09-29 12:00:00,2.8586305778151273e-53,0,0.0,500.0,john_radcliffe_nhs
2022-09-29 13:00:00,2.7419683120101e-53,0,0.0,500.0,john_radcliffe_nhs
2022-09-29 14:00:00,2.6300670966074155e-53,0,0.0,500.0,john_radcliffe_nhs
2022-09-29 15:00:00,2.522732630555462e-53,0,0.0,500.0,john_radcliffe_nhs
2022-09-29 16:00:00,2.419778542334025e-53,0,0.0,500.0,john_radcliffe_nhs
2022-09-29 17:00:00,2.321026066345704e-53,0,0.0,500.0,john_radcliffe_nhs
2022-09-29 18:00:00,2.226303732514284e-53,0,0.0,500.0,john_radcliffe_nhs
2022-09-29 19:00:00,2.135447068550444e-53,0,0.0,500.0,john_radcliffe_nhs
2022-09-29 20:00:00,2.048298314368191e-53,0,0.0,500.0,john_radcliffe_nhs
2022-09-29 21:00:00,1.9647061481563789e-53,0,0.0,500.0,john_radcliffe_nhs
2022-09-29 22:00:00,1.8845254236291212e-53,0,0.0,500.0,john_radcliffe_nhs
2022-09-29 23:00:00,1.8076169179991768e-53,0,0.0,500.0,john_radcliffe_nhs
2022-09-30 00:00:00,1.7338470902369157e-53,0,0.0,500.0,john_radcliffe_nhs
2022-09-30 01:00:00,1.6630878491946218e-53,0,0.0,500.0,john_radcliffe_nhs
2022-09-30 02:00:00,1.5952163311937862e-53,0,0.0,500.0,john_radcliffe_nhs
2022-09-30 03:00:00,1.5301146866893915e-53,0,0.0,500.0,john_radcliffe_nhs
2022-09-30 04:00:00,1.4676698756403306e-53,0,0.0,500.0,john_radcliffe_nhs
2022-09-30 05:00:00,1.4077734712308781e-53,0,0.0,500.0,john_radcliffe_nhs
2022-09-30 06:00:00,1.3503214716025868e-53,0,0.0,500.0,john_radcliffe_nhs
2022-09-30 07:00:00,1.2952141192693098e-53,0,0.0,500.0,john_radcliffe_nhs
2022-09-30 08:00:00,1.242355727902014e-53,0,0.0,500.0,john_radcliffe_nhs
2022-09-30 09:00:00,1.1916545161827555e-53,0,0.0,500.0,john_radcliffe_nhs
2022-09-30 10:00:00,1.143022448439001e-53,0,0.0,500.0,john_radcliffe_nhs
2022-09-30 11:00:00,1.096375081781758e-53,0,0.0,500.0,john_radcliffe_nhs
2022-09-30 12:00:00,1.0516314194822265e-53,0,0.0,500.0,john_radcliffe_nhs
2022-09-30 13:00:00,1.0087137703320786e-53,0,0.0,500.0,john_radcliffe_nhs
2022-09-30 14:00:00,9.675476137433338e-54,0,0.0,500.0,john_radcliffe_nhs
2022-09-30 15:00:00,9.280614703537061e-54,0,0.0,500.0,john_radcliffe_nhs
2022-09-30 16:00:00,8.901867779124884e-54,0,0.0,500.0,john_radcliffe_nhs
2022-09-30 17:00:00,8.538577722316085e-54,0,0.0,500.0,john_radcliffe_nhs
2022-09-30 18:00:00,8.190113729952509e-54,0,0.0,500.0,john_radcliffe_nhs
2022-09-30 19:00:00,7.85587074229532e-54,0,0.0,500.0,john_radcliffe_nhs
2022-09-30 20:00:00,7.535268392421775e-54,0,0.0,500.0,john_radcliffe_nhs
2022-09-30 21:00:00,7.227749998498657e-54,0,0.0,500.0,john_radcliffe_nhs
2022-09-30 22:00:00,6.932781597180568e-54,0,0.0,500.0,john_radcliffe_nhs
2022-09-30 23:00:00,6.649851016455821e-54,0,0.0,500.0,john_radcliffe_nhs
2022-10-01 00:00:00,6.378466986330879e-54,0,0.0,500.0,john_radcliffe_nhs
2022-10-01 01:00:00,6.118158285807335e-54,0,0.0,500.0,john_radcliffe_nhs
2022-10-01 02:00:00,5.868472924671285e-54,0,0.0,500.0,john_radcliffe_nhs
2022-10-01 03:00:00,5.6289773586751e-54,0,0.0,500.0,john_radcliffe_nhs
2022-10-01 04:00:00,5.39925573674725e-54,0,0.0,500.0,john_radcliffe_nhs
2022-10-01 05:00:00,5.178909178923971e-54,0,0.0,500.0,john_radcliffe_nhs
2022-10-01 06:00:00,4.9675550837495926e-54,0,0.0,500.0,john_radcliffe_nhs
2022-10-01 07:00:00,4.764826463941556e-54,0,0.0,500.0,john_radcliffe_nhs
2022-10-01 08:00:00,4.5703713091673343e-54,0,0.0,500.0,john_radcliffe_nhs
2022-10-01 09:00:00,4.383851974827376e-54,0,0.0,500.0,john_radcliffe_nhs
2022-10-01 10:00:00,4.2049445957815337e-54,0,0.0,500.0,john_radcliffe_nhs
2022-10-01 11:00:00,4.033338524001675e-54,0,0.0,500.0,john_radcliffe_nhs
2022-10-01 12:00:00,3.868735789174521e-54,0,0.0,500.0,john_radcliffe_nhs
2022-10-01 13:00:00,3.7108505813170364e-54,0,0.0,500.0,john_radcliffe_nhs
2022-10-01 14:00:00,3.559408754506602e-54,0,0.0,500.0,john_radcliffe_nhs
2022-10-01 15:00:00,3.414147350864685e-54,0,0.0,500.0,john_radcliffe_nhs
2022-10-01 16:00:00,3.2748141439665303e-54,0,0.0,500.0,john_radcliffe_nhs
2022-10-01 17:00:00,3.1411672008845686e-54,0,0.0,500.0,john_radcliffe_nhs
2022-10-01 18:00:00,3.012974462105486e-54,0,0.0,500.0,john_radcliffe_nhs
2022-10-01 19:00:00,2.890013338590686e-54,0,0.0,500.0,john_radcliffe_nhs
2022-10-01 20:00:00,2.7720703252809554e-54,0,0.0,500.0,john_radcliffe_nhs
2022-10-01 21:00:00,2.6589406303745794e-54,0,0.0,500.0,john_radcliffe_nhs
2022-10-01 22:00:00,2.550427819734446e-54,0,0.0,500.0,john_radcliffe_nhs
2022-10-01 23:00:00,2.4463434758071144e-54,0,0.0,500.0,john_radcliffe_nhs
2022-10-02 00:00:00,2.3465068704618975e-54,0,0.0,500.0,john_radcliffe_nhs
2022-10-02 01:00:00,2.2507446511812317e-54,0,0.0,500.0,john_radcliffe_nhs
2022-10-02 02:00:00,2.158890540057812e-54,0,0.0,500.0,john_radcliffe_nhs
2022-10-02 03:00:00,2.070785045076097e-54,0,0.0,500.0,john_radcliffe_nhs
2022-10-02 04:00:00,1.9862751831762823e-54,0,0.0,500.0,john_radcliffe_nhs
2022-10-02 05:00:00,1.9052142146202034e-54,0,0.0,500.0,john_radcliffe_nhs
2022-10-02 06:00:00,1.8274613881981572e-54,0,0.0,500.0,john_radcliffe_nhs
2022-10-02 07:00:00,1.752881696833719e-54,0,0.0,500.0,john_radcliffe_nhs
2022-10-02 08:00:00,1.6813456431624723e-54,0,0.0,500.0,john_radcliffe_nhs
2022-10-02 09:00:00,1.6127290146778186e-54,0,0.0,500.0,john_radcliffe_nhs
2022-10-02 10:00:00,1.5469126680529868e-54,0,0.0,500.0,john_radcliffe_nhs
2022-10-02 11:00:00,1.483782322264986e-54,0,0.0,500.0,john_radcliffe_nhs
2022-10-02 12:00:00,1.4232283601614815e-54,0,0.0,500.0,john_radcliffe_nhs
2022-10-02 13:00:00,1.3651456381256335e-54,0,0.0,500.0,john_radcliffe_nhs
2022-10-02 14:00:00,1.3094333035086282e-54,0,0.0,500.0,john_radcliffe_nhs
2022-10-02 15:00:00,1.2559946195130604e-54,0,0.0,500.0,john_radcliffe_nhs
2022-10-02 16:00:00,1.2047367972227423e-54,0,0.0,500.0,john_radcliffe_nhs
2022-10-02 17:00:00,1.1555708344874788e-54,0,0.0,500.0,john_radcliffe_nhs
2022-10-02 18:00:00,1.1084113613831932e-54,0,0.0,500.0,john_radcliffe_nhs
2022-10-02 19:00:00,1.0631764919787561e-54,0,0.0,500.0,john_radcliffe_nhs
2022-10-02 20:00:00,1.0197876821522962e-54,0,0.0,500.0,john_radcliffe_nhs
2022-10-02 21:00:00,9.781695932102426e-55,0,0.0,500.0,john_radcliffe_nhs
2022-10-02 22:00:00,9.382499610720082e-55,0,0.0,500.0,john_radcliffe_nhs
2022-10-02 23:00:00,8.999594707933252e-55,0,0.0,500.0,john_radcliffe_nhs
2022-10-03 00:00:00,8.63231636210473e-55,0,0.0,500.0,john_radcliffe_nhs
2022-10-03 01:00:00,8.280026844961643e-55,0,0.0,500.0,john_radcliffe_nhs
2022-10-03 02:00:00,7.942114454267813e-55,0,0.0,500.0,john_radcliffe_nhs
2022-10-03 03:00:00,7.617992451687746e-55,0,0.0,500.0,john_radcliffe_nhs
2022-10-03 04:00:00,7.307098043995951e-55,0,0.0,500.0,john_radcliffe_nhs
2022-10-03 05:00:00,7.008891405863688e-55,0,0.0,500.0,john_radcliffe_nhs
2022-10-03 06:00:00,6.722854742527264e-55,0,0.0,500.0,john_radcliffe_nhs
2022-10-03 07:00:00,6.4484913907083816e-55,0,0.0,500.0,john_radcliffe_nhs
2022-10-03 08:00:00,6.185324956226495e-55,0,0.0,500.0,john_radcliffe_nhs
2022-10-03 09:00:00,5.932898486806468e-55,0,0.0,500.0,john_radcliffe_nhs
2022-10-03 10:00:00,5.690773678643577e-55,0,0.0,500.0,john_radcliffe_nhs
2022-10-03 11:00:00,5.45853011534908e-55,0,0.0,500.0,john_radcliffe_nhs
2022-10-03 12:00:00,5.235764537955542e-55,0,0.0,500.0,john_radcliffe_nhs
2022-10-03 13:00:00,5.022090144712901e-55,0,0.0,500.0,john_radcliffe_nhs
2022-10-03 14:00:00,4.817135919460297e-55,0,0.0,500.0,john_radcliffe_nhs
2022-10-03 15:00:00,4.62054598740803e-55,0,0.0,500.0,john_radcliffe_nhs
2022-10-03 16:00:00,4.431978997209757e-55,0,0.0,500.0,john_radcliffe_nhs
2022-10-03 17:00:00,4.251107528252709e-55,0,0.0,500.0,john_radcliffe_nhs
2022-10-03 18:00:00,4.077617522137267e-55,0,0.0,500.0,john_radcliffe_nhs
2022-10-03 19:00:00,3.911207737357592e-55,0,0.0,500.0,john_radcliffe_nhs
2022-10-03 20:00:00,3.751589226237071e-55,0,0.0,500.0,john_radcliffe_nhs
2022-10-03 21:00:00,3.5984848332108116e-55,0,0.0,500.0,john_radcliffe_nhs
2022-10-03 22:00:00,3.4516287135829785e-55,0,0.0,500.0,john_radcliffe_nhs
2022-10-03 23:00:00,3.310765871923955e-55,0,0.0,500.0,john_radcliffe_nhs
2022-10-04 00:00:00,3.1756517193061853e-55,0,0.0,500.0,john_radcliffe_nhs
2022-10-04 01:00:00,3.04605164860903e-55,0,0.0,500.0,john_radcliffe_nhs
2022-10-04 02:00:00,2.921740627155677e-55,0,0.0,500.0,john_radcliffe_nhs
2022-10-04 03:00:00,2.802502805975154e-55,0,0.0,500.0,john_radcliffe_nhs
2022-10-04 04:00:00,2.68813114501017e-55,0,0.0,500.0,john_radcliffe_nhs
2022-10-04 05:00:00,2.5784270536204583e-55,0,0.0,500.0,john_radcliffe_nhs
2022-10-04 06:00:00,2.4732000457577107e-55,0,0.0,500.0,john_radcliffe_nhs
2022-10-04 07:00:00,2.3722674092126565e-55,0,0.0,500.0,john_radcliffe_nhs
2022-10-04 08:00:00,2.275453888360379e-55,0,0.0,500.0,john_radcliffe_nhs
2022-10-04 09:00:00,2.182591379853259e-55,0,0.0,500.0,john_radcliffe_nhs
2022-10-04 10:00:00,2.093518640732552e-55,0,0.0,500.0,john_radcliffe_nhs
2022-10-04 11:00:00,2.0080810084521083e-55,0,0.0,500.0,john_radcliffe_nhs
2022-10-04 12:00:00,1.926130132328339e-55,0,0.0,500.0,john_radcliffe_nhs
2022-10-04 13:00:00,1.84752371594959e-55,0,0.0,500.0,john_radcliffe_nhs
2022-10-04 14:00:00,1.7721252700979362e-55,0,0.0,500.0,john_radcliffe_nhs
2022-10-04 15:00:00,1.6998038757546164e-55,0,0.0,500.0,john_radcliffe_nhs
2022-10-04 16:00:00,1.6304339567770947e-55,0,0.0,500.0,john_radcliffe_nhs
2022-10-04 17:00:00,1.5638950618533181e-55,0,0.0,500.0,john_radcliffe_nhs
2022-10-04 18:00:00,1.5000716553547392e-55,0,0.0,500.0,john_radcliffe_nhs
2022-10-04 19:00:00,1.4388529167245322e-55,0,0.0,500.0,john_radcliffe_nhs
2022-10-04 20:00:00,1.3801325480528977e-55,0,0.0,500.0,john_radcliffe_nhs
2022-10-04 21:00:00,1.3238085895055044e-55,0,0.0,500.0,john_radcliffe_nhs
2022-10-04 22:00:00,1.2697832422842104e-55,0,0.0,500.0,john_radcliffe_nhs
2022-10-04 23:00:00,1.2179626988128673e-55,0,0.0,500.0,john_radcliffe_nhs
2022-10-05 00:00:00,1.1682569798534895e-55,0,0.0,500.0,john_radcliffe_nhs
2022-10-05 01:00:00,1.1205797782696405e-55,0,0.0,500.0,john_radcliffe_nhs
2022-10-05 02:00:00,1.0748483091659301e-55,0,0.0,500.0,john_radcliffe_nhs
2022-10-05 03:00:00,1.0309831661435386e-55,0,0.0,500.0,john_radcliffe_nhs
2022-10-05 04:00:00,9.889081834218906e-56,0,0.0,500.0,john_radcliffe_nhs
2022-10-05 05:00:00,9.485503035872228e-56,0,0.0,500.0,john_radcliffe_nhs
2022-10-05 06:00:00,9.098394507385322e-56,0,0.0,500.0,john_radcliffe_nhs
2022-10-05 07:00:00,8.727084088103773e-56,0,0.0,500.0,john_radcliffe_nhs
2022-10-05 08:00:00,8.370927048614018e-56,0,0.0,500.0,john_radcliffe_nhs
2022-10-05 09:00:00,8.029304971260242e-56,0,0.0,500.0,john_radcliffe_nhs
2022-10-05 10:00:00,7.701624676346888e-56,0,0.0,500.0,john_radcliffe_nhs
2022-10-05 11:00:00,7.387317192163479e-56,0,0.0,500.0,john_radcliffe_nhs
2022-10-05 12:00:00,7.085836767044257e-56,0,0.0,500.0,john_radcliffe_nhs
2022-10-05 13:00:00,6.796659921745216e-56,0,0.0,500.0,john_radcliffe_nhs
2022-10-05 14:00:00,6.519284540494201e-56,0,0.0,500.0,john_radcliffe_nhs
2022-10-05 15:00:00,6.253228999136689e-56,0,0.0,500.0,john_radcliffe_nhs
2022-10-05 16:00:00,5.9980313288609265e-56,0,0.0,500.0,john_radcliffe_nhs
2022-10-05 17:00:00,5.75324841405377e-56,0,0.0,500.0,john_radcliffe_nhs
2022-10-05 18:00:00,5.518455222890297e-56,0,0.0,500.0,john_radcliffe_nhs
2022-10-05 19:00:00,5.293244069325132e-56,0,0.0,500.0,john_radcliffe_nhs
2022-10-05 20:00:00,5.077223905202188e-56,0,0.0,500.0,john_radcliffe_nhs
2022-10-05 21:00:00,4.870019641252471e-56,0,0.0,500.0,john_radcliffe_nhs
2022-10-05 22:00:00,4.6712714958037085e-56,0,0.0,500.0,john_radcliffe_nhs
2022-10-05 23:00:00,4.480634370069393e-56,0,0.0,500.0,john_radcliffe_nhs
2022-10-06 00:00:00,4.297777248931448e-56,0,0.0,500.0,john_radcliffe_nhs
2022-10-06 01:00:00,4.122382626178482e-56,0,0.0,500.0,john_radcliffe_nhs
2022-10-06 02:00:00,3.9541459532003195e-56,0,0.0,500.0,john_radcliffe_nhs
2022-10-06 03:00:00,3.7927751101805466e-56,0,0.0,500.0,john_radcliffe_nhs
2022-10-06 04:00:00,3.637989898871061e-56,0,0.0,500.0,john_radcliffe_nhs
2022-10-06 05:00:00,3.4895215560666944e-56,0,0.0,500.0,john_radcliffe_nhs
2022-10-06 06:00:00,3.34711228693428e-56,0,0.0,500.0,john_radcliffe_nhs
2022-10-06 07:00:00,3.210514817387757e-56,0,0.0,500.0,john_radcliffe_nhs
2022-10-06 08:00:00,3.0794919647310353e-56,0,0.0,500.0,john_radcliffe_nhs
2022-10-06 09:00:00,2.953816225822343e-56,0,0.0,500.0,john_radcliffe_nhs
2022-10-06 10:00:00,2.8332693820466437e-56,0,0.0,500.0,john_radcliffe_nhs
2022-10-06 11:00:00,2.717642120409289e-56,0,0.0,500.0,john_radcliffe_nhs
2022-10-06 12:00:00,2.6067336700923376e-56,0,0.0,500.0,john_radcliffe_nhs
2022-10-06 13:00:00,2.5003514538439336e-56,0,0.0,500.0,john_radcliffe_nhs
2022-10-06 14:00:00,2.3983107535946297e-56,0,0.0,500.0,john_radcliffe_nhs
2022-10-06 15:00:00,2.3004343897194626e-56,0,0.0,500.0,john_radcliffe_nhs
2022-10-06 16:00:00,2.206552413390161e-56,0,0.0,500.0,john_radcliffe_nhs
2022-10-06 17:00:00,2.1165018114825876e-56,0,0.0,500.0,john_radcliffe_nhs
2022-10-06 18:00:00,2.0301262235265098e-56,0,0.0,500.0,john_radcliffe_nhs
2022-10-06 19:00:00,1.947275670207381e-56,0,0.0,500.0,john_radcliffe_nhs
2022-10-06 20:00:00,1.8678062929480688e-56,0,0.0,500.0,john_radcliffe_nhs
2022-10-06 21:00:00,1.7915801041179071e-56,0,0.0,500.0,john_radcliffe_nhs
2022-10-06 22:00:00,1.7184647474363558e-56,0,0.0,500.0,john_radcliffe_nhs
2022-10-06 23:00:00,1.6483332681546862e-56,0,0.0,500.0,john_radcliffe_nhs
2022-10-07 00:00:00,1.5810638926162398e-56,0,0.0,500.0,john_radcliffe_nhs
2022-10-07 01:00:00,1.5165398168134031e-56,0,0.0,500.0,john_radcliffe_nhs
2022-10-07 02:00:00,1.4546490035736537e-56,0,0.0,500.0,john_radcliffe_nhs
2022-10-07 03:00:00,1.3952839880221749e-56,0,0.0,500.0,john_radcliffe_nhs
2022-10-07 04:00:00,1.3383416909840379e-56,0,0.0,500.0,john_radcliffe_nhs
2022-10-07 05:00:00,1.2837232400015174e-56,0,0.0,500.0,john_radcliffe_nhs
2022-10-07 06:00:00,1.231333797655451e-56,0,0.0,500.0,john_radcliffe_nhs
2022-10-07 07:00:00,1.1810823968932433e-56,0,0.0,500.0,john_radcliffe_nhs
2022-10-07 08:00:00,1.1328817830772003e-56,0,0.0,500.0,john_radcliffe_nhs
2022-10-07 09:00:00,1.0866482624786626e-56,0,0.0,500.0,john_radcliffe_nhs
2022-10-07 10:00:00,1.042301556955477e-56,0,0.0,500.0,john_radcliffe_nhs
2022-10-07 11:00:00,9.997646645601429e-57,0,0.0,500.0,john_radcliffe_nhs
2022-10-07 12:00:00,9.589637258363521e-57,0,0.0,500.0,john_radcliffe_nhs
2022-10-07 13:00:00,9.198278955723097e-57,0,0.0,500.0,john_radcliffe_nhs
2022-10-07 14:00:00,8.82289219787853e-57,0,0.0,500.0,john_radcliffe_nhs
2022-10-07 15:00:00,8.462825177415639e-57,0,0.0,500.0,john_radcliffe_nhs
2022-10-07 16:00:00,8.1174526875347e-57,0,0.0,500.0,john_radcliffe_nhs
2022-10-07 17:00:00,7.786175036465596e-57,0,0.0,500.0,john_radcliffe_nhs
2022-10-07 18:00:00,7.46841700618423e-57,0,0.0,500.0,john_radcliffe_nhs
2022-10-07 19:00:00,7.163626853626372e-57,0,0.0,500.0,john_radcliffe_nhs
2022-10-07 20:00:00,6.871275352662389e-57,0,0.0,500.0,john_radcliffe_nhs
2022-10-07 21:00:00,6.590854875167701e-57,0,0.0,500.0,john_radcliffe_nhs
2022-10-07 22:00:00,6.321878509597104e-57,0,0.0,500.0,john_radcliffe_nhs
2022-10-07 23:00:00,6.063879215530431e-57,0,0.0,500.0,john_radcliffe_nhs
2022-10-08 00:00:00,5.816409012720076e-57,0,0.0,500.0,john_radcliffe_nhs
2022-10-08 01:00:00,5.579038203235562e-57,0,0.0,500.0,john_radcliffe_nhs
2022-10-08 02:00:00,5.351354625352711e-57,0,0.0,500.0,john_radcliffe_nhs
2022-10-08 03:00:00,5.132962937890592e-57,0,0.0,500.0,john_radcliffe_nhs
2022-10-08 04:00:00,4.92348393375651e-57,0,0.0,500.0,john_radcliffe_nhs
2022-10-08 05:00:00,4.722553881505516e-57,0,0.0,500.0,john_radcliffe_nhs
2022-10-08 06:00:00,4.5298238937699715e-57,0,0.0,500.0,john_radcliffe_nhs
2022-10-08 07:00:00,4.3449593214651394e-57,0,0.0,500.0,john_radcliffe_nhs
2022-10-08 08:00:00,4.167639172717477e-57,0,0.0,500.0,john_radcliffe_nhs
2022-10-08 09:00:00,3.9975555555056917e-57,0,0.0,500.0,john_radcliffe_nhs
2022-10-08 10:00:00,3.834413143049051e-57,0,0.0,500.0,john_radcliffe_nhs
2022-10-08 11:00:00,3.677928661013398e-57,0,0.0,500.0,john_radcliffe_nhs
2022-10-08 12:00:00,3.527830395643615e-57,0,0.0,500.0,john_radcliffe_nhs
2022-10-08 13:00:00,3.383857721970451e-57,0,0.0,500.0,john_radcliffe_nhs
2022-10-08 14:00:00,3.245760651271432e-57,0,0.0,500.0,john_radcliffe_nhs
2022-10-08 15:00:00,3.1132993969992773e-57,0,0.0,500.0,john_radcliffe_nhs
2022-10-08 16:00:00,2.9862439584258876e-57,0,0.0,500.0,john_radcliffe_nhs
2022-10-08 17:00:00,2.864373721277998e-57,0,0.0,500.0,john_radcliffe_nhs
2022-10-08 18:00:00,2.747477074670351e-57,0,0.0,500.0,john_radcliffe_nhs
2022-10-08 19:00:00,2.635351043672807e-57,0,0.0,500.0,john_radcliffe_nhs
2022-10-08 20:00:00,2.5278009368725444e-57,0,0.0,500.0,john_radcliffe_nhs
2022-10-08 21:00:00,2.42464000831877e-57,0,0.0,500.0,john_radcliffe_nhs
2022-10-08 22:00:00,2.325689133264333e-57,0,0.0,500.0,john_radcliffe_nhs
2022-10-08 23:00:00,2.230776497140459e-57,0,0.0,500.0,john_radcliffe_nhs
2022-10-09 00:00:00,2.139737297224002e-57,0,0.0,500.0,john_radcliffe_nhs
2022-10-09 01:00:00,2.0524134564804263e-57,0,0.0,500.0,john_radcliffe_nhs
2022-10-09 02:00:00,1.9686533490849684e-57,0,0.0,500.0,john_radcliffe_nhs
2022-10-09 03:00:00,1.8883115371449158e-57,0,0.0,500.0,john_radcliffe_nhs
2022-10-09 04:00:00,1.81124851816692e-57,0,0.0,500.0,john_radcliffe_nhs
2022-10-09 05:00:00,1.7373304828302752e-57,0,0.0,500.0,john_radcliffe_nhs
2022-10-09 06:00:00,1.666429082645144e-57,0,0.0,500.0,john_radcliffe_nhs
2022-10-09 07:00:00,1.5984212070932448e-57,0,0.0,500.0,john_radcliffe_nhs
2022-10-09 08:00:00,1.5331887698635174e-57,0,0.0,500.0,john_radcliffe_nhs
2022-10-09 09:00:00,1.4706185038112283e-57,0,0.0,500.0,john_radcliffe_nhs
2022-10-09 10:00:00,1.4106017642853186e-57,0,0.0,500.0,john_radcliffe_nhs
2022-10-09 11:00:00,1.35303434048204e-57,0,0.0,500.0,john_radcliffe_nhs
2022-10-09 12:00:00,1.2978162744970012e-57,0,0.0,500.0,john_radcliffe_nhs
2022-10-09 13:00:00,1.2448516877621592e-57,0,0.0,500.0,john_radcliffe_nhs
2022-10-09 14:00:00,1.1940486145659911e-57,0,0.0,500.0,john_radcliffe_nhs
2022-10-09 15:00:00,1.1453188423674825e-57,0,0.0,500.0,john_radcliffe_nhs
2022-10-09 16:00:00,1.0985777586273112e-57,0,0.0,500.0,john_radcliffe_nhs
2022-10-09 17:00:00,1.0537442038899148e-57,0,0.0,500.0,john_radcliffe_nhs
2022-10-09 18:00:00,1.0107403308610779e-57,0,0.0,500.0,john_radcliffe_nhs
2022-10-09 19:00:00,9.694914692369297e-58,0,0.0,500.0,john_radcliffe_nhs
2022-10-09 20:00:00,9.2992599604932e-58,0,0.0,500.0,john_radcliffe_nhs
2022-10-09 21:00:00,8.919752113022304e-58,0,0.0,500.0,john_radcliffe_nhs
2022-10-09 22:00:00,8.555732186837789e-58,0,0.0,500.0,john_radcliffe_nhs
2022-10-09 23:00:00,8.206568111464195e-58,0,0.0,500.0,john_radcliffe_nhs
2022-10-10 00:00:00,7.871653611564582e-58,0,0.0,500.0,john_radcliffe_nhs
2022-10-10 01:00:00,7.550407154227676e-58,0,0.0,500.0,john_radcliffe_nhs
2022-10-10 02:00:00,7.242270939216667e-58,0,0.0,500.0,john_radcliffe_nhs
2022-10-10 03:00:00,6.946709930424588e-58,0,0.0,500.0,john_radcliffe_nhs
2022-10-10 04:00:00,6.663210926858494e-58,0,0.0,500.0,john_radcliffe_nhs
2022-10-10 05:00:00,6.391281671537136e-58,0,0.0,500.0,john_radcliffe_nhs
2022-10-10 06:00:00,6.130449996753349e-58,0,0.0,500.0,john_radcliffe_nhs
2022-10-10 07:00:00,5.8802630042204514e-58,0,0.0,500.0,john_radcliffe_nhs
2022-10-10 08:00:00,5.6402862786772186e-58,0,0.0,500.0,john_radcliffe_nhs
2022-10-10 09:00:00,5.410103133584574e-58,0,0.0,500.0,john_radcliffe_nhs
2022-10-10 10:00:00,5.1893138876073356e-58,0,0.0,500.0,john_radcliffe_nhs
2022-10-10 11:00:00,4.9775351706230385e-58,0,0.0,500.0,john_radcliffe_nhs
2022-10-10 12:00:00,4.7743992580516005e-58,0,0.0,500.0,john_radcliffe_nhs
2022-10-10 13:00:00,4.579553432352699e-58,0,0.0,500.0,john_radcliffe_nhs
2022-10-10 14:00:00,4.3926593705807184e-58,0,0.0,500.0,john_radcliffe_nhs
2022-10-10 15:00:00,4.2133925569327275e-58,0,0.0,500.0,john_radcliffe_nhs
2022-10-10 16:00:00,4.04144171927191e-58,0,0.0,500.0,john_radcliffe_nhs
2022-10-10 17:00:00,3.876508288646682e-58,0,0.0,500.0,john_radcliffe_nhs
2022-10-10 18:00:00,3.7183058808661206e-58,0,0.0,500.0,john_radcliffe_nhs
2022-10-10 19:00:00,3.566559799233622e-58,0,0.0,500.0,john_radcliffe_nhs
2022-10-10 20:00:00,3.421006557574207e-58,0,0.0,500.0,john_radcliffe_nhs
2022-10-10 21:00:00,3.281393422726437e-58,0,0.0,500.0,john_radcliffe_nhs
2022-10-10 22:00:00,3.147477975706408e-58,0,0.0,500.0,john_radcliffe_nhs
2022-10-10 23:00:00,3.019027690780827e-58,0,0.0,500.0,john_radcliffe_nhs
2022-10-11 00:00:00,2.8958195317175444e-58,0,0.0,500.0,john_radcliffe_nhs
2022-10-11 01:00:00,2.7776395645141373e-58,0,0.0,500.0,john_radcliffe_nhs
2022-10-11 02:00:00,2.664282585931204e-58,0,0.0,500.0,john_radcliffe_nhs
2022-10-11 03:00:00,2.5555517671847066e-58,0,0.0,500.0,john_radcliffe_nhs
2022-10-11 04:00:00,2.4512583121801506e-58,0,0.0,500.0,john_radcliffe_nhs
2022-10-11 05:00:00,2.3512211296943635e-58,0,0.0,500.0,john_radcliffe_nhs
2022-10-11 06:00:00,2.2552665189350927e-58,0,0.0,500.0,john_radcliffe_nhs
2022-10-11 07:00:00,2.1632278679337264e-58,0,0.0,500.0,john_radcliffe_nhs
2022-10-11 08:00:00,2.074945364246729e-58,0,0.0,500.0,john_radcliffe_nhs
2022-10-11 09:00:00,1.990265717462962e-58,0,0.0,500.0,john_radcliffe_nhs
2022-10-11 10:00:00,1.9090418930361917e-58,0,0.0,500.0,john_radcliffe_nhs
2022-10-11 11:00:00,1.8311328569800035e-58,0,0.0,500.0,john_radcliffe_nhs
2022-10-11 12:00:00,1.7564033309813714e-58,0,0.0,500.0,john_radcliffe_nhs
2022-10-11 13:00:00,1.6847235575086718e-58,0,0.0,500.0,john_radcliffe_nhs
2022-10-11 14:00:00,1.6159690745057342e-58,0,0.0,500.0,john_radcliffe_nhs
2022-10-11 15:00:00,1.5500204992803263e-58,0,0.0,500.0,john_radcliffe_nhs
2022-10-11 16:00:00,1.4867633212127032e-58,0,0.0,500.0,john_radcliffe_nhs
2022-10-11 17:00:00,1.4260877029238056e-58,0,0.0,500.0,john_radcliffe_nhs
2022-10-11 18:00:00,1.3678882895575159e-58,0,0.0,500.0,john_radcliffe_nhs
2022-10-11 19:00:00,1.3120640258465966e-58,0,0.0,500.0,john_radcliffe_nhs
2022-10-11 20:00:00,1.258517980644239e-58,0,0.0,500.0,john_radcliffe_nhs
2022-10-11 21:00:00,1.2071571786162481e-58,0,0.0,500.0,john_radcliffe_nhs
2022-10-11 22:00:00,1.1578924388022957e-58,0,0.0,500.0,john_radcliffe_nhs
2022-10-11 23:00:00,1.1106382197655608e-58,0,0.0,500.0,john_radcliffe_nhs
2022-10-12 00:00:00,1.065312471061598e-58,0,0.0,500.0,john_radcliffe_nhs
2022-10-12 01:00:00,1.0218364907691492e-58,0,0.0,500.0,john_radcliffe_nhs
2022-10-12 02:00:00,9.801347888351767e-59,0,0.0,500.0,john_radcliffe_nhs
2022-10-12 03:00:00,9.401349559966017e-59,0,0.0,500.0,john_radcliffe_nhs
2022-10-12 04:00:00,9.017675380516868e-59,0,0.0,500.0,john_radcliffe_nhs
2022-10-12 05:00:00,8.649659152624498e-59,0,0.0,500.0,john_radcliffe_nhs
2022-10-12 06:00:00,8.296661866785058e-59,0,0.0,500.0,john_radcliffe_nhs
2022-10-12 07:00:00,7.958070591819499e-59,0,0.0,500.0,john_radcliffe_nhs
2022-10-12 08:00:00,7.633297410603616e-59,0,0.0,500.0,john_radcliffe_nhs
2022-10-12 09:00:00,7.321778399229541e-59,0,0.0,500.0,john_radcliffe_nhs
2022-10-12 10:00:00,7.022972647830266e-59,0,0.0,500.0,john_radcliffe_nhs
2022-10-12 11:00:00,6.736361321364703e-59,0,0.0,500.0,john_radcliffe_nhs
2022-10-12 12:00:00,6.461446758730867e-59,0,0.0,500.0,john_radcliffe_nhs
2022-10-12 13:00:00,6.197751608646543e-59,0,0.0,500.0,john_radcliffe_nhs
2022-10-12 14:00:00,5.944818000795023e-59,0,0.0,500.0,john_radcliffe_nhs
2022-10-12 15:00:00,5.702206750795264e-59,0,0.0,500.0,john_radcliffe_nhs
2022-10-12 16:00:00,5.469496597619269e-59,0,0.0,500.0,john_radcliffe_nhs
2022-10-12 17:00:00,5.246283472130754e-59,0,0.0,500.0,john_radcliffe_nhs
2022-10-12 18:00:00,5.03217979547379e-59,0,0.0,500.0,john_radcliffe_nhs
2022-10-12 19:00:00,4.826813806095987e-59,0,0.0,500.0,john_radcliffe_nhs
2022-10-12 20:00:00,4.6298289142361475e-59,0,0.0,500.0,john_radcliffe_nhs
2022-10-12 21:00:00,4.440883082754403e-59,0,0.0,500.0,john_radcliffe_nhs
2022-10-12 22:00:00,4.259648233232271e-59,0,0.0,500.0,john_radcliffe_nhs
2022-10-12 23:00:00,4.08580967631e-59,0,0.0,500.0,john_radcliffe_nhs
2022-10-13 00:00:00,3.9190655652710895e-59,0,0.0,500.0,john_radcliffe_nhs
2022-10-13 01:00:00,3.759126371927423e-59,0,0.0,500.0,john_radcliffe_nhs
2022-10-13 02:00:00,3.605714383893744e-59,0,0.0,500.0,john_radcliffe_nhs
2022-10-13 03:00:00,3.4585632223776834e-59,0,0.0,500.0,john_radcliffe_nhs
2022-10-13 04:00:00,3.317417379650019e-59,0,0.0,500.0,john_radcliffe_nhs
2022-10-13 05:00:00,3.1820317753909516e-59,0,0.0,500.0,john_radcliffe_nhs
2022-10-13 06:00:00,3.052171331141303e-59,0,0.0,500.0,john_radcliffe_nhs
2022-10-13 07:00:00,2.9276105621214464e-59,0,0.0,500.0,john_radcliffe_nhs
2022-10-13 08:00:00,2.8081331857082757e-59,0,0.0,500.0,john_radcliffe_nhs
2022-10-13 09:00:00,2.6935317458897013e-59,0,0.0,500.0,john_radcliffe_nhs
2022-10-13 10:00:00,2.5836072530461225e-59,0,0.0,500.0,john_radcliffe_nhs
2022-10-13 11:00:00,2.478168838432566e-59,0,0.0,500.0,john_radcliffe_nhs
2022-10-13 12:00:00,2.377033422760939e-59,0,0.0,500.0,john_radcliffe_nhs
2022-10-13 13:00:00,2.280025398308298e-59,0,0.0,500.0,john_radcliffe_nhs
2022-10-13 14:00:00,2.186976323998404e-59,0,0.0,500.0,john_radcliffe_nhs
2022-10-13 15:00:00,2.097724632926588e-59,0,0.0,500.0,john_radcliffe_nhs
2022-10-13 16:00:00,2.0121153518212813e-59,0,0.0,500.0,john_radcliffe_nhs
2022-10-13 17:00:00,1.9299998319544358e-59,0,0.0,500.0,john_radcliffe_nhs
2022-10-13 18:00:00,1.8512354910331209e-59,0,0.0,500.0,john_radcliffe_nhs
2022-10-13 19:00:00,1.7756855656251942e-59,0,0.0,500.0,john_radcliffe_nhs
2022-10-13 20:00:00,1.7032188736885795e-59,0,0.0,500.0,john_radcliffe_nhs
2022-10-13 21:00:00,1.6337095867914015e-59,0,0.0,500.0,john_radcliffe_nhs
2022-10-13 22:00:00,1.5670370116284092e-59,0,0.0,500.0,john_radcliffe_nhs
2022-10-13 23:00:00,1.5030853804537945e-59,0,0.0,500.0,john_radcliffe_nhs
2022-10-14 00:00:00,1.4417436500661712e-59,0,0.0,500.0,john_radcliffe_nhs
2022-10-14 01:00:00,1.382905308997492e-59,0,0.0,500.0,john_radcliffe_nhs
2022-10-14 02:00:00,1.3264681925706618e-59,0,0.0,500.0,john_radcliffe_nhs
2022-10-14 03:00:00,1.272334305504405e-59,0,0.0,500.0,john_radcliffe_nhs
2022-10-14 04:00:00,1.2204096517580793e-59,0,0.0,500.0,john_radcliffe_nhs
2022-10-14 05:00:00,1.1706040713205958e-59,0,0.0,500.0,john_radcliffe_nhs
2022-10-14 06:00:00,1.1228310836597597e-59,0,0.0,500.0,john_radcliffe_nhs
2022-10-14 07:00:00,1.0770077375608499e-59,0,0.0,500.0,john_radcliffe_nhs
2022-10-14 08:00:00,1.0330544670933426e-59,0,0.0,500.0,john_radcliffe_nhs
2022-10-14 09:00:00,9.908949534554427e-60,0,0.0,500.0,john_radcliffe_nhs
2022-10-14 10:00:00,9.504559924570928e-60,0,0.0,500.0,john_radcliffe_nhs
2022-10-14 11:00:00,9.116673674110547e-60,0,0.0,500.0,john_radcliffe_nhs
2022-10-14 12:00:00,8.744617272111349e-60,0,0.0,500.0,john_radcliffe_nhs
2022-10-14 13:00:00,8.38774469386352e-60,0,0.0,500.0,john_radcliffe_nhs
2022-10-14 14:00:00,8.04543627927708e-60,0,0.0,500.0,john_radcliffe_nhs
2022-10-14 15:00:00,7.717097656926021e-60,0,0.0,500.0,john_radcliffe_nhs
2022-10-14 16:00:00,7.402158712004931e-60,0,0.0,500.0,john_radcliffe_nhs
2022-10-14 17:00:00,7.100072596403756e-60,0,0.0,500.0,john_radcliffe_nhs
2022-10-14 18:00:00,6.810314779180052e-60,0,0.0,500.0,john_radcliffe_nhs
2022-10-14 19:00:00,6.53238213578393e-60,0,0.0,500.0,john_radcliffe_nhs
2022-10-14 20:00:00,6.26579207445208e-60,0,0.0,500.0,john_radcliffe_nhs
2022-10-14 21:00:00,6.010081698252488e-60,0,0.0,500.0,john_radcliffe_nhs
2022-10-14 22:00:00,5.764807001328263e-60,0,0.0,500.0,john_radcliffe_nhs
2022-10-14 23:00:00,5.529542097943067e-60,0,0.0,500.0,john_radcliffe_nhs
2022-10-15 00:00:00,5.303878482988186e-60,0,0.0,500.0,john_radcliffe_nhs
2022-10-15 01:00:00,5.087424322670181e-60,0,0.0,500.0,john_radcliffe_nhs
2022-10-15 02:00:00,4.8798037741458816e-60,0,0.0,500.0,john_radcliffe_nhs
2022-10-15 03:00:00,4.6806563329221575e-60,0,0.0,500.0,john_radcliffe_nhs
2022-10-15 04:00:00,4.4896362068899685e-60,0,0.0,500.0,john_radcliffe_nhs
2022-10-15 05:00:00,4.3064117159043596e-60,0,0.0,500.0,john_radcliffe_nhs
2022-10-15 06:00:00,4.1306647158667735e-60,0,0.0,500.0,john_radcliffe_nhs
2022-10-15 07:00:00,3.9620900463120485e-60,0,0.0,500.0,john_radcliffe_nhs
2022-10-15 08:00:00,3.80039500053961e-60,0,0.0,500.0,john_radcliffe_nhs
2022-10-15 09:00:00,3.645298817367906e-60,0,0.0,500.0,john_radcliffe_nhs
2022-10-15 10:00:00,3.496532193631639e-60,0,0.0,500.0,john_radcliffe_nhs
2022-10-15 11:00:00,3.353836816574188e-60,0,0.0,500.0,john_radcliffe_nhs
2022-10-15 12:00:00,3.2169649153224656e-60,0,0.0,500.0,john_radcliffe_nhs
2022-10-15 13:00:00,3.0856788306672415e-60,0,0.0,500.0,john_radcliffe_nhs
2022-10-15 14:00:00,2.9597506024009005e-60,0,0.0,500.0,john_radcliffe_nhs
2022-10-15 15:00:00,2.8389615734953916e-60,0,0.0,500.0,john_radcliffe_nhs
2022-10-15 16:00:00,2.723102010434698e-60,0,0.0,500.0,john_radcliffe_nhs
2022-10-15 17:00:00,2.6119707390416854e-60,0,0.0,500.0,john_radcliffe_nhs
2022-10-15 18:00:00,2.505374795166372e-60,0,0.0,500.0,john_radcliffe_nhs
2022-10-15 19:00:00,2.4031290896305052e-60,0,0.0,500.0,john_radcliffe_nhs
2022-10-15 20:00:00,2.3050560868458835e-60,0,0.0,500.0,john_radcliffe_nhs
2022-10-15 21:00:00,2.2109854965478387e-60,0,0.0,500.0,john_radcliffe_nhs
2022-10-15 22:00:00,2.1207539781098593e-60,0,0.0,500.0,john_radcliffe_nhs
2022-10-15 23:00:00,2.03420485692526e-60,0,0.0,500.0,john_radcliffe_nhs
2022-10-16 00:00:00,1.951187852362931e-60,0,0.0,500.0,john_radcliffe_nhs
2022-10-16 01:00:00,1.8715588168259094e-60,0,0.0,500.0,john_radcliffe_nhs
2022-10-16 02:00:00,1.7951794854590824e-60,0,0.0,500.0,john_radcliffe_nhs
2022-10-16 03:00:00,1.7219172360709756e-60,0,0.0,500.0,john_radcliffe_nhs
2022-10-16 04:00:00,1.6516448588537556e-60,0,0.0,500.0,john_radcliffe_nhs
2022-10-16 05:00:00,1.584240335501048e-60,0,0.0,500.0,john_radcliffe_nhs
2022-10-16 06:00:00,1.5195866273396634e-60,0,0.0,500.0,john_radcliffe_nhs
2022-10-16 07:00:00,1.4575714721082103e-60,0,0.0,500.0,john_radcliffe_nhs
2022-10-16 08:00:00,1.3980871890292548e-60,0,0.0,500.0,john_radcliffe_nhs
2022-10-16 09:00:00,1.3410304918362249e-60,0,0.0,500.0,john_radcliffe_nhs
2022-10-16 10:00:00,1.2863023094311647e-60,0,0.0,500.0,john_radcliffe_nhs
2022-10-16 11:00:00,1.2338076138615212e-60,0,0.0,500.0,john_radcliffe_nhs
2022-10-16 12:00:00,1.183455255316965e-60,0,0.0,500.0,john_radcliffe_nhs
2022-10-16 13:00:00,1.1351578038604147e-60,0,0.0,500.0,john_radcliffe_nhs
2022-10-16 14:00:00,1.0888313976180829e-60,0,0.0,500.0,john_radcliffe_nhs
2022-10-16 15:00:00,1.0443955971646832e-60,0,0.0,500.0,john_radcliffe_nhs
2022-10-16 16:00:00,1.0017732458515477e-60,0,0.0,500.0,john_radcliffe_nhs
2022-10-16 17:00:00,9.608903358348142e-61,0,0.0,500.0,john_radcliffe_nhs
2022-10-16 18:00:00,9.216758795708218e-61,0,0.0,500.0,john_radcliffe_nhs
2022-10-16 19:00:00,8.840617865561072e-61,0,0.0,500.0,john_radcliffe_nhs
2022-10-16 20:00:00,8.479827450976953e-61,0,0.0,500.0,john_radcliffe_nhs
2022-10-16 21:00:00,8.133761089081827e-61,0,0.0,500.0,john_radcliffe_nhs
2022-10-16 22:00:00,7.801817883291684e-61,0,0.0,500.0,john_radcliffe_nhs
2022-10-16 23:00:00,7.483421459938986e-61,0,0.0,500.0,john_radcliffe_nhs
2022-10-17 00:00:00,7.178018967477817e-61,0,0.0,500.0,john_radcliffe_nhs
2022-10-17 01:00:00,6.885080116534014e-61,0,0.0,500.0,john_radcliffe_nhs
2022-10-17 02:00:00,6.604096259131245e-61,0,0.0,500.0,john_radcliffe_nhs
2022-10-17 03:00:00,6.33457950549265e-61,0,0.0,500.0,john_radcliffe_nhs
2022-10-17 04:00:00,6.076061876888052e-61,0,0.0,500.0,john_radcliffe_nhs
2022-10-17 05:00:00,5.828094493053838e-61,0,0.0,500.0,john_radcliffe_nhs
2022-10-17 06:00:00,5.590246792773121e-61,0,0.0,500.0,john_radcliffe_nhs
2022-10-17 07:00:00,5.36210578626605e-61,0,0.0,500.0,john_radcliffe_nhs
2022-10-17 08:00:00,5.14327533809035e-61,0,0.0,500.0,john_radcliffe_nhs
2022-10-17 09:00:00,4.933375479305748e-61,0,0.0,500.0,john_radcliffe_nhs
2022-10-17 10:00:00,4.7320417477107253e-61,0,0.0,500.0,john_radcliffe_nhs
2022-10-17 11:00:00,4.538924555004471e-61,0,0.0,500.0,john_radcliffe_nhs
2022-10-17 12:00:00,4.353688579774116e-61,0,0.0,500.0,john_radcliffe_nhs
2022-10-17 13:00:00,4.176012185255711e-61,0,0.0,500.0,john_radcliffe_nhs
2022-10-17 14:00:00,4.005586860856609e-61,0,0.0,500.0,john_radcliffe_nhs
2022-10-17 15:00:00,3.842116686468584e-61,0,0.0,500.0,john_radcliffe_nhs
2022-10-17 16:00:00,3.685317818643692e-61,0,0.0,500.0,john_radcliffe_nhs
2022-10-17 17:00:00,3.53491799773951e-61,0,0.0,500.0,john_radcliffe_nhs
2022-10-17 18:00:00,3.3906560751771144e-61,0,0.0,500.0,john_radcliffe_nhs
2022-10-17 19:00:00,3.252281559992876e-61,0,0.0,500.0,john_radcliffe_nhs
2022-10-17 20:00:00,3.119554183895657e-61,0,0.0,500.0,john_radcliffe_nhs
2022-10-17 21:00:00,2.9922434840734444e-61,0,0.0,500.0,john_radcliffe_nhs
2022-10-17 22:00:00,2.870128403026709e-61,0,0.0,500.0,john_radcliffe_nhs
2022-10-17 23:00:00,2.7529969047327332e-61,0,0.0,500.0,john_radcliffe_nhs
2022-10-18 00:00:00,2.640645606473753e-61,0,0.0,500.0,john_radcliffe_nhs
2022-10-18 01:00:00,2.5328794256911417e-61,0,0.0,500.0,john_radcliffe_nhs
2022-10-18 02:00:00,2.4295112412516153e-61,0,0.0,500.0,john_radcliffe_nhs
2022-10-18 03:00:00,2.3303615685367077e-61,0,0.0,500.0,john_radcliffe_nhs
2022-10-18 04:00:00,2.2352582477926817e-61,0,0.0,500.0,john_radcliffe_nhs
2022-10-18 05:00:00,2.1440361451990063e-61,0,0.0,500.0,john_radcliffe_nhs
2022-10-18 06:00:00,2.0565368661358236e-61,0,0.0,500.0,john_radcliffe_nhs
2022-10-18 07:00:00,1.9726084801537115e-61,0,0.0,500.0,john_radcliffe_nhs
2022-10-18 08:00:00,1.8921052571675388e-61,0,0.0,500.0,john_radcliffe_nhs
2022-10-18 09:00:00,1.8148874144158952e-61,0,0.0,500.0,john_radcliffe_nhs
2022-10-18 10:00:00,1.7408208737477568e-61,0,0.0,500.0,john_radcliffe_nhs
2022-10-18 11:00:00,1.6697770288143822e-61,0,0.0,500.0,john_radcliffe_nhs
2022-10-18 12:00:00,1.6016325217617924e-61,0,0.0,500.0,john_radcliffe_nhs
2022-10-18 13:00:00,1.5362690290370046e-61,0,0.0,500.0,john_radcliffe_nhs
2022-10-18 14:00:00,1.4735730559356012e-61,0,0.0,500.0,john_radcliffe_nhs
2022-10-18 15:00:00,1.4134357395335366e-61,0,0.0,500.0,john_radcliffe_nhs
2022-10-18 16:00:00,1.3557526596618005e-61,0,0.0,500.0,john_radcliffe_nhs
2022-10-18 17:00:00,1.3004236575952848e-61,0,0.0,500.0,john_radcliffe_nhs
2022-10-18 18:00:00,1.2473526621407128e-61,0,0.0,500.0,john_radcliffe_nhs
2022-10-18 19:00:00,1.196447522822366e-61,0,0.0,500.0,john_radcliffe_nhs
2022-10-18 20:00:00,1.1476198498755692e-61,0,0.0,500.0,john_radcliffe_nhs
2022-10-18 21:00:00,1.1007848607698283e-61,0,0.0,500.0,john_radcliffe_nhs
2022-10-18 22:00:00,1.05586123299575e-61,0,0.0,500.0,john_radcliffe_nhs
2022-10-18 23:00:00,1.0127709628597884e-61,0,0.0,500.0,john_radcliffe_nhs
2022-10-19 00:00:00,9.714392300413887e-62,0,0.0,500.0,john_radcliffe_nhs
2022-10-19 01:00:00,9.317942676779011e-62,0,0.0,500.0,john_radcliffe_nhs
2022-10-19 02:00:00,8.937672377513814e-62,0,0.0,500.0,john_radcliffe_nhs
2022-10-19 03:00:00,8.572921115606898e-62,0,0.0,500.0,john_radcliffe_nhs
2022-10-19 04:00:00,8.22305555071829e-62,0,0.0,500.0,john_radcliffe_nhs
2022-10-19 05:00:00,7.887468189471837e-62,0,0.0,500.0,john_radcliffe_nhs
2022-10-19 06:00:00,7.565576330625161e-62,0,0.0,500.0,john_radcliffe_nhs
2022-10-19 07:00:00,7.256821053289956e-62,0,0.0,500.0,john_radcliffe_nhs
2022-10-19 08:00:00,6.960666246443423e-62,0,0.0,500.0,john_radcliffe_nhs
2022-10-19 09:00:00,6.676597678044033e-62,0,0.0,500.0,john_radcliffe_nhs
2022-10-19 10:00:00,6.4041221021390685e-62,0,0.0,500.0,john_radcliffe_nhs
2022-10-19 11:00:00,6.142766402411463e-62,0,0.0,500.0,john_radcliffe_nhs
2022-10-19 12:00:00,5.892076770677361e-62,0,0.0,500.0,john_radcliffe_nhs
2022-10-19 13:00:00,5.651617918911274e-62,0,0.0,500.0,john_radcliffe_nhs
2022-10-19 14:00:00,5.420972323428834e-62,0,0.0,500.0,john_radcliffe_nhs
2022-10-19 15:00:00,5.199739499913416e-62,0,0.0,500.0,john_radcliffe_nhs
2022-10-19 16:00:00,4.987535308030797e-62,0,0.0,500.0,john_radcliffe_nhs
2022-10-19 17:00:00,4.783991284422764e-62,0,0.0,500.0,john_radcliffe_nhs
2022-10-19 18:00:00,4.588754002920363e-62,0,0.0,500.0,john_radcliffe_nhs
2022-10-19 19:00:00,4.401484460868484e-62,0,0.0,500.0,john_radcliffe_nhs
2022-10-19 20:00:00,4.22185749049479e-62,0,0.0,500.0,john_radcliffe_nhs
2022-10-19 21:00:00,4.049561194299884e-62,0,0.0,500.0,john_radcliffe_nhs
2022-10-19 22:00:00,3.884296403490665e-62,0,0.0,500.0,john_radcliffe_nhs
2022-10-19 23:00:00,3.7257761585152244e-62,0,0.0,500.0,john_radcliffe_nhs
2022-10-20 00:00:00,3.573725210796422e-62,0,0.0,500.0,john_radcliffe_nhs
2022-10-20 01:00:00,3.4278795448009964e-62,0,0.0,500.0,john_radcliffe_nhs
2022-10-20 02:00:00,3.2879859196132185e-62,0,0.0,500.0,john_radcliffe_nhs
2022-10-20 03:00:00,3.1538014292163236e-62,0,0.0,500.0,john_radcliffe_nhs
2022-10-20 04:00:00,3.025093080719972e-62,0,0.0,500.0,john_radcliffe_nhs
2022-10-20 05:00:00,2.901637389800428e-62,0,0.0,500.0,john_radcliffe_nhs
2022-10-20 06:00:00,2.7832199926502757e-62,0,0.0,500.0,john_radcliffe_nhs
2022-10-20 07:00:00,2.6696352737654665e-62,0,0.0,500.0,john_radcliffe_nhs
2022-10-20 08:00:00,2.560686008922528e-62,0,0.0,500.0,john_radcliffe_nhs
2022-10-20 09:00:00,2.4561830227253883e-62,0,0.0,500.0,john_radcliffe_nhs
2022-10-20 10:00:00,2.355944860128603e-62,0,0.0,500.0,john_radcliffe_nhs
2022-10-20 11:00:00,2.2597974713658406e-62,0,0.0,500.0,john_radcliffe_nhs
2022-10-20 12:00:00,2.167573909736024e-62,0,0.0,500.0,john_radcliffe_nhs
2022-10-20 13:00:00,2.0791140417235897e-62,0,0.0,500.0,john_radcliffe_nhs
2022-10-20 14:00:00,1.994264268948855e-62,0,0.0,500.0,john_radcliffe_nhs
2022-10-20 15:00:00,1.9128772614652228e-62,0,0.0,500.0,john_radcliffe_nhs
2022-10-20 16:00:00,1.8348117019412072e-62,0,0.0,500.0,john_radcliffe_nhs
2022-10-20 17:00:00,1.759932040282497e-62,0,0.0,500.0,john_radcliffe_nhs
2022-10-20 18:00:00,1.6881082582675622e-62,0,0.0,500.0,john_radcliffe_nhs
2022-10-20 19:00:00,1.619215643789085e-62,0,0.0,500.0,john_radcliffe_nhs
2022-10-20 20:00:00,1.5531345743086912e-62,0,0.0,500.0,john_radcliffe_nhs
2022-10-20 21:00:00,1.4897503091486002e-62,0,0.0,500.0,john_radcliffe_nhs
2022-10-20 22:00:00,1.4289527902603893e-62,0,0.0,500.0,john_radcliffe_nhs
2022-10-20 23:00:00,1.3706364511244639e-62,0,0.0,500.0,john_radcliffe_nhs
2022-10-21 00:00:00,1.314700033448083e-62,0,0.0,500.0,john_radcliffe_nhs
2022-10-21 01:00:00,1.2610464113444085e-62,0,0.0,500.0,john_radcliffe_nhs
2022-10-21 02:00:00,1.2095824226868817e-62,0,0.0,500.0,john_radcliffe_nhs
2022-10-21 03:00:00,1.160218707345797e-62,0,0.0,500.0,john_radcliffe_nhs
2022-10-21 04:00:00,1.1128695520268602e-62,0,0.0,500.0,john_radcliffe_nhs
2022-10-21 05:00:00,1.0674527414419439e-62,0,0.0,500.0,john_radcliffe_nhs
2022-10-21 06:00:00,1.0238894155533692e-62,0,0.0,500.0,john_radcliffe_nhs
2022-10-21 07:00:00,9.821039326444105e-63,0,0.0,500.0,john_radcliffe_nhs
2022-10-21 08:00:00,9.420237379779504e-63,0,0.0,500.0,john_radcliffe_nhs
2022-10-21 09:00:00,9.035792378149999e-63,0,0.0,500.0,john_radcliffe_nhs
2022-10-21 10:00:00,8.667036785748422e-63,0,0.0,500.0,john_radcliffe_nhs
2022-10-21 11:00:00,8.313330309267037e-63,0,0.0,500.0,john_radcliffe_nhs
2022-10-21 12:00:00,7.974058786114869e-63,0,0.0,500.0,john_radcliffe_nhs
2022-10-21 13:00:00,7.64863311800973e-63,0,0.0,500.0,john_radcliffe_nhs
2022-10-21 14:00:00,7.336488248090798e-63,0,0.0,500.0,john_radcliffe_nhs
2022-10-21 15:00:00,7.037082179773851e-63,0,0.0,500.0,john_radcliffe_nhs
2022-10-21 16:00:00,6.749895035649542e-63,0,0.0,500.0,john_radcliffe_nhs
2022-10-21 17:00:00,6.474428154788413e-63,0,0.0,500.0,john_radcliffe_nhs
2022-10-21 18:00:00,6.210203226883676e-63,0,0.0,500.0,john_radcliffe_nhs
2022-10-21 19:00:00,5.956761461731859e-63,0,0.0,500.0,john_radcliffe_nhs
2022-10-21 20:00:00,5.713662792607272e-63,0,0.0,500.0,john_radcliffe_nhs
2022-10-21 21:00:00,5.480485112145703e-63,0,0.0,500.0,john_radcliffe_nhs
2022-10-21 22:00:00,5.256823539413652e-63,0,0.0,500.0,john_radcliffe_nhs
2022-10-21 23:00:00,5.042289716888767e-63,0,0.0,500.0,john_radcliffe_nhs
2022-10-22 00:00:00,4.8365111361295725e-63,0,0.0,500.0,john_radcliffe_nhs
2022-10-22 01:00:00,4.639130490966338e-63,0,0.0,500.0,john_radcliffe_nhs
2022-10-22 02:00:00,4.4498050570884937e-63,0,0.0,500.0,john_radcliffe_nhs
2022-10-22 03:00:00,4.26820609695025e-63,0,0.0,500.0,john_radcliffe_nhs
2022-10-22 04:00:00,4.0940182889635467e-63,0,0.0,500.0,john_radcliffe_nhs
2022-10-22 05:00:00,3.9269391799858644e-63,0,0.0,500.0,john_radcliffe_nhs
2022-10-22 06:00:00,3.766678660151281e-63,0,0.0,500.0,john_radcliffe_nhs
2022-10-22 07:00:00,3.6129584591350154e-63,0,0.0,500.0,john_radcliffe_nhs
2022-10-22 08:00:00,3.4655116629756164e-63,0,0.0,500.0,john_radcliffe_nhs
2022-10-22 09:00:00,3.3240822506149995e-63,0,0.0,500.0,john_radcliffe_nhs
2022-10-22 10:00:00,3.188424649353463e-63,0,0.0,500.0,john_radcliffe_nhs
2022-10-22 11:00:00,3.0583033084467716e-63,0,0.0,500.0,john_radcliffe_nhs
2022-10-22 12:00:00,2.933492290104168e-63,0,0.0,500.0,john_radcliffe_nhs
2022-10-22 13:00:00,2.813774877178806e-63,0,0.0,500.0,john_radcliffe_nhs
2022-10-22 14:00:00,2.698943196868497e-63,0,0.0,500.0,john_radcliffe_nhs
2022-10-22 15:00:00,2.5887978597727197e-63,0,0.0,500.0,john_radcliffe_nhs
2022-10-22 16:00:00,2.4831476136806466e-63,0,0.0,500.0,john_radcliffe_nhs
2022-10-22 17:00:00,2.381809011488214e-63,0,0.0,500.0,john_radcliffe_nhs
2022-10-22 18:00:00,2.2846060926670545e-63,0,0.0,500.0,john_radcliffe_nhs
2022-10-22 19:00:00,2.1913700777335e-63,0,0.0,500.0,john_radcliffe_nhs
2022-10-22 20:00:00,2.101939075186426e-63,0,0.0,500.0,john_radcliffe_nhs
2022-10-22 21:00:00,2.0161578004045707e-63,0,0.0,500.0,john_radcliffe_nhs
2022-10-22 22:00:00,1.933877306016378e-63,0,0.0,500.0,john_radcliffe_nhs
2022-10-22 23:00:00,1.85495472327355e-63,0,0.0,500.0,john_radcliffe_nhs
2022-10-23 00:00:00,1.779253013978805e-63,0,0.0,500.0,john_radcliffe_nhs
2022-10-23 01:00:00,1.7066407325380953e-63,0,0.0,500.0,john_radcliffe_nhs
2022-10-23 02:00:00,1.636991797723573e-63,0,0.0,500.0,john_radcliffe_nhs
2022-10-23 03:00:00,1.570185273750601e-63,0,0.0,500.0,john_radcliffe_nhs
2022-10-23 04:00:00,1.5061051602895741e-63,0,0.0,500.0,john_radcliffe_nhs
2022-10-23 05:00:00,1.4446401910474416e-63,0,0.0,500.0,john_radcliffe_nhs
2022-10-23 06:00:00,1.3856836405688504e-63,0,0.0,500.0,john_radcliffe_nhs
2022-10-23 07:00:00,1.3291331389222245e-63,0,0.0,500.0,john_radcliffe_nhs
2022-10-23 08:00:00,1.2748904939485854e-63,0,0.0,500.0,john_radcliffe_nhs
2022-10-23 09:00:00,1.2228615207641563e-63,0,0.0,500.0,john_radcliffe_nhs
2022-10-23 10:00:00,1.1729558782214039e-63,0,0.0,500.0,john_radcliffe_nhs
2022-10-23 11:00:00,1.1250869120441716e-63,0,0.0,500.0,john_radcliffe_nhs
2022-10-23 12:00:00,1.0791715043642558e-63,0,0.0,500.0,john_radcliffe_nhs
2022-10-23 13:00:00,1.0351299293987827e-63,0,0.0,500.0,john_radcliffe_nhs
2022-10-23 14:00:00,9.928857150174483e-64,0,0.0,500.0,john_radcliffe_nhs
2022-10-23 15:00:00,9.52365509959014e-64,0,0.0,500.0,john_radcliffe_nhs
2022-10-23 16:00:00,9.134989564670369e-64,0,0.0,500.0,john_radcliffe_nhs
2022-10-23 17:00:00,8.762185681233895e-64,0,0.0,500.0,john_radcliffe_nhs
2022-10-23 18:00:00,8.404596126672285e-64,0,0.0,500.0,john_radcliffe_nhs
2022-10-23 19:00:00,8.061599995964201e-64,0,0.0,500.0,john_radcliffe_nhs
2022-10-23 20:00:00,7.732601723560005e-64,0,0.0,500.0,john_radcliffe_nhs
2022-10-23 21:00:00,7.417030049262779e-64,0,0.0,500.0,john_radcliffe_nhs
2022-10-23 22:00:00,7.114337026314394e-64,0,0.0,500.0,john_radcliffe_nhs
2022-10-23 23:00:00,6.823997069962009e-64,0,0.0,500.0,john_radcliffe_nhs
2022-10-24 00:00:00,6.545506044851272e-64,0,0.0,500.0,john_radcliffe_nhs
2022-10-24 01:00:00,6.278380389665354e-64,0,0.0,500.0,john_radcliffe_nhs
2022-10-24 02:00:00,6.022156277487828e-64,0,0.0,500.0,john_radcliffe_nhs
2022-10-24 03:00:00,5.776388810429993e-64,0,0.0,500.0,john_radcliffe_nhs
2022-10-24 04:00:00,5.5406512471275406e-64,0,0.0,500.0,john_radcliffe_nhs
2022-10-24 05:00:00,5.314534261763386e-64,0,0.0,500.0,john_radcliffe_nhs
2022-10-24 06:00:00,5.0976452333287847e-64,0,0.0,500.0,john_radcliffe_nhs
2022-10-24 07:00:00,4.88960756389153e-64,0,0.0,500.0,john_radcliffe_nhs
2022-10-24 08:00:00,4.690060024685897e-64,0,0.0,500.0,john_radcliffe_nhs
2022-10-24 09:00:00,4.4986561288877796e-64,0,0.0,500.0,john_radcliffe_nhs
2022-10-24 10:00:00,4.315063529988484e-64,0,0.0,500.0,john_radcliffe_nhs
2022-10-24 11:00:00,4.138963444721134e-64,0,0.0,500.0,john_radcliffe_nhs
2022-10-24 12:00:00,3.9700500995366717e-64,0,0.0,500.0,john_radcliffe_nhs
2022-10-24 13:00:00,3.808030199670588e-64,0,0.0,500.0,john_radcliffe_nhs
2022-10-24 14:00:00,3.652622419877269e-64,0,0.0,500.0,john_radcliffe_nhs
2022-10-24 15:00:00,3.503556915946777e-64,0,0.0,500.0,john_radcliffe_nhs
2022-10-24 16:00:00,3.3605748561578916e-64,0,0.0,500.0,john_radcliffe_nhs
2022-10-24 17:00:00,3.223427971852739e-64,0,0.0,500.0,john_radcliffe_nhs
2022-10-24 18:00:00,3.091878126351869e-64,0,0.0,500.0,john_radcliffe_nhs
2022-10-24 19:00:00,2.965696901463012e-64,0,0.0,500.0,john_radcliffe_nhs
2022-10-24 20:00:00,2.8446652008645868e-64,0,0.0,500.0,john_radcliffe_nhs
2022-10-24 21:00:00,2.7285728696745865e-64,0,0.0,500.0,john_radcliffe_nhs
2022-10-24 22:00:00,2.61721832954584e-64,0,0.0,500.0,john_radcliffe_nhs
2022-10-24 23:00:00,2.510408228653184e-64,0,0.0,500.0,john_radcliffe_nhs
2022-10-25 00:00:00,2.407957105964183e-64,0,0.0,500.0,john_radcliffe_nhs
2022-10-25 01:00:00,2.3096870692118327e-64,0,0.0,500.0,john_radcliffe_nhs
2022-10-25 02:00:00,2.2154274860093156e-64,0,0.0,500.0,john_radcliffe_nhs
2022-10-25 03:00:00,2.1250146875699586e-64,0,0.0,500.0,john_radcliffe_nhs
2022-10-25 04:00:00,2.0382916845191346e-64,0,0.0,500.0,john_radcliffe_nhs
2022-10-25 05:00:00,1.9551078943039982e-64,0,0.0,500.0,john_radcliffe_nhs
2022-10-25 06:00:00,1.8753188797272597e-64,0,0.0,500.0,john_radcliffe_nhs
2022-10-25 07:00:00,1.7987860981520736e-64,0,0.0,500.0,john_radcliffe_nhs
2022-10-25 08:00:00,1.7253766609419686e-64,0,0.0,500.0,john_radcliffe_nhs
2022-10-25 09:00:00,1.6549631027177205e-64,0,0.0,500.0,john_radcliffe_nhs
2022-10-25 10:00:00,1.5874231600314353e-64,0,0.0,500.0,john_radcliffe_nhs
2022-10-25 11:00:00,1.5226395590730387e-64,0,0.0,500.0,john_radcliffe_nhs
2022-10-25 12:00:00,1.4604998120401797e-64,0,0.0,500.0,john_radcliffe_nhs
2022-10-25 13:00:00,1.4008960218187916e-64,0,0.0,500.0,john_radcliffe_nhs
2022-10-25 14:00:00,1.343724694634731e-64,0,0.0,500.0,john_radcliffe_nhs
2022-10-25 15:00:00,1.2888865603508425e-64,0,0.0,500.0,john_radcliffe_nhs
2022-10-25 16:00:00,1.2362864000981656e-64,0,0.0,500.0,john_radcliffe_nhs
2022-10-25 17:00:00,1.1858328809415814e-64,0,0.0,500.0,john_radcliffe_nhs
2022-10-25 18:00:00,1.1374383972925315e-64,0,0.0,500.0,john_radcliffe_nhs
2022-10-25 19:00:00,1.091018918794091e-64,0,0.0,500.0,john_radcliffe_nhs
2022-10-25 20:00:00,1.0464938444139127e-64,0,0.0,500.0,john_radcliffe_nhs
2022-10-25 21:00:00,1.0037858624914455e-64,0,0.0,500.0,john_radcliffe_nhs
2022-10-25 22:00:00,9.628208164969795e-65,0,0.0,500.0,john_radcliffe_nhs
2022-10-25 23:00:00,9.235275762691236e-65,0,0.0,500.0,john_radcliffe_nhs
2022-10-26 00:00:00,8.858379145069074e-65,0,0.0,500.0,john_radcliffe_nhs
2022-10-26 01:00:00,8.496863883025556e-65,0,0.0,500.0,john_radcliffe_nhs
2022-10-26 02:00:00,8.150102255089603e-65,0,0.0,500.0,john_radcliffe_nhs
2022-10-26 03:00:00,7.817492157443434e-65,0,0.0,500.0,john_radcliffe_nhs
2022-10-26 04:00:00,7.49845605845297e-65,0,0.0,500.0,john_radcliffe_nhs
2022-10-26 05:00:00,7.1924399958643e-65,0,0.0,500.0,john_radcliffe_nhs
2022-10-26 06:00:00,6.898912614923196e-65,0,0.0,500.0,john_radcliffe_nhs
2022-10-26 07:00:00,6.61736424575144e-65,0,0.0,500.0,john_radcliffe_nhs
2022-10-26 08:00:00,6.347306018375806e-65,0,0.0,500.0,john_radcliffe_nhs
2022-10-26 09:00:00,6.088269013871512e-65,0,0.0,500.0,john_radcliffe_nhs
2022-10-26 10:00:00,5.8398034501496935e-65,0,0.0,500.0,john_radcliffe_nhs
2022-10-26 11:00:00,5.60147790097321e-65,0,0.0,500.0,john_radcliffe_nhs
2022-10-26 12:00:00,5.372878546843379e-65,0,0.0,500.0,john_radcliffe_nhs
2022-10-26 13:00:00,5.153608456459938e-65,0,0.0,500.0,john_radcliffe_nhs
2022-10-26 14:00:00,4.943286897504918e-65,0,0.0,500.0,john_radcliffe_nhs
2022-10-26 15:00:00,4.7415486755525035e-65,0,0.0,500.0,john_radcliffe_nhs
2022-10-26 16:00:00,4.548043499959673e-65,0,0.0,500.0,john_radcliffe_nhs
2022-10-26 17:00:00,4.362435375635105e-65,0,0.0,500.0,john_radcliffe_nhs
2022-10-26 18:00:00,4.184402019629175e-65,0,0.0,500.0,john_radcliffe_nhs
2022-10-26 19:00:00,4.013634301534414e-65,0,0.0,500.0,john_radcliffe_nhs
2022-10-26 20:00:00,3.849835706723446e-65,0,0.0,500.0,john_radcliffe_nhs
2022-10-26 21:00:00,3.692721821491473e-65,0,0.0,500.0,john_radcliffe_nhs
2022-10-26 22:00:00,3.5420198392114067e-65,0,0.0,500.0,john_radcliffe_nhs
2022-10-26 23:00:00,3.397468086643018e-65,0,0.0,500.0,john_radcliffe_nhs
2022-10-27 00:00:00,3.2588155695727696e-65,0,0.0,500.0,john_radcliffe_nhs
2022-10-27 01:00:00,3.1258215369972526e-65,0,0.0,500.0,john_radcliffe_nhs
2022-10-27 02:00:00,2.9982550630924754e-65,0,0.0,500.0,john_radcliffe_nhs
2022-10-27 03:00:00,2.8758946462424236e-65,0,0.0,500.0,john_radcliffe_nhs
2022-10-27 04:00:00,2.7585278244322952e-65,0,0.0,500.0,john_radcliffe_nhs
2022-10-27 05:00:00,2.64595080633769e-65,0,0.0,500.0,john_radcliffe_nhs
2022-10-27 06:00:00,2.5379681174685597e-65,0,0.0,500.0,john_radcliffe_nhs
2022-10-27 07:00:00,2.4343922607549226e-65,0,0.0,500.0,john_radcliffe_nhs
2022-10-27 08:00:00,2.335043390984224e-65,0,0.0,500.0,john_radcliffe_nhs
2022-10-27 09:00:00,2.2397490025244603e-65,0,0.0,500.0,john_radcliffe_nhs
2022-10-27 10:00:00,2.14834362979213e-65,0,0.0,500.0,john_radcliffe_nhs
2022-10-27 11:00:00,2.060668559944208e-65,0,0.0,500.0,john_radcliffe_nhs
2022-10-27 12:00:00,1.9765715572947733e-65,0,0.0,500.0,john_radcliffe_nhs
2022-10-27 13:00:00,1.8959065989789017e-65,0,0.0,500.0,john_radcliffe_nhs
2022-10-27 14:00:00,1.8185336214042222e-65,0,0.0,500.0,john_radcliffe_nhs
2022-10-27 15:00:00,1.7443182770494475e-65,0,0.0,500.0,john_radcliffe_nhs
2022-10-27 16:00:00,1.6731317011885754e-65,0,0.0,500.0,john_radcliffe_nhs
2022-10-27 17:00:00,1.6048502881351737e-65,0,0.0,500.0,john_radcliffe_nhs
2022-10-27 18:00:00,1.5393554766178357e-65,0,0.0,500.0,john_radcliffe_nhs
2022-10-27 19:00:00,1.4765335439150126e-65,0,0.0,500.0,john_radcliffe_nhs
2022-10-27 20:00:00,1.416275408391286e-65,0,0.0,500.0,john_radcliffe_nhs
2022-10-27 21:00:00,1.3584764400918734e-65,0,0.0,500.0,john_radcliffe_nhs
2022-10-27 22:00:00,1.3030362790672542e-65,0,0.0,500.0,john_radcliffe_nhs
2022-10-27 23:00:00,1.249858661112043e-65,0,0.0,500.0,john_radcliffe_nhs
2022-10-28 00:00:00,1.198851250615226e-65,0,0.0,500.0,john_radcliffe_nhs
2022-10-28 01:00:00,1.1499254802322081e-65,0,0.0,500.0,john_radcliffe_nhs
2022-10-28 02:00:00,1.1029963970999073e-65,0,0.0,500.0,john_radcliffe_nhs
2022-10-28 03:00:00,1.0579825153276053e-65,0,0.0,500.0,john_radcliffe_nhs
2022-10-28 04:00:00,1.0148056745080272e-65,0,0.0,500.0,john_radcliffe_nhs
2022-10-28 05:00:00,9.733909040026364e-66,0,0.0,500.0,john_radcliffe_nhs
2022-10-28 06:00:00,9.33666292765271e-66,0,0.0,500.0,john_radcliffe_nhs
2022-10-28 07:00:00,8.95562864478605e-66,0,0.0,500.0,john_radcliffe_nhs
2022-10-28 08:00:00,8.590144577863461e-66,0,0.0,500.0,john_radcliffe_nhs
2022-10-28 09:00:00,8.239576114129937e-66,0,0.0,500.0,john_radcliffe_nhs
2022-10-28 10:00:00,7.903314539721567e-66,0,0.0,500.0,john_radcliffe_nhs
2022-10-28 11:00:00,7.58077598271836e-66,0,0.0,500.0,john_radcliffe_nhs
2022-10-28 12:00:00,7.271400399329687e-66,0,0.0,500.0,john_radcliffe_nhs
2022-10-28 13:00:00,6.974650601456081e-66,0,0.0,500.0,john_radcliffe_nhs
2022-10-28 14:00:00,6.690011323936645e-66,0,0.0,500.0,john_radcliffe_nhs
2022-10-28 15:00:00,6.416988329860839e-66,0,0.0,500.0,john_radcliffe_nhs
2022-10-28 16:00:00,6.155107552394776e-66,0,0.0,500.0,john_radcliffe_nhs
2022-10-28 17:00:00,5.903914271629958e-66,0,0.0,500.0,john_radcliffe_nhs
2022-10-28 18:00:00,5.662972325023686e-66,0,0.0,500.0,john_radcliffe_nhs
2022-10-28 19:00:00,5.43186335006344e-66,0,0.0,500.0,john_radcliffe_nhs
2022-10-28 20:00:00,5.210186057838426e-66,0,0.0,500.0,john_radcliffe_nhs
2022-10-28 21:00:00,4.997555536255687e-66,0,0.0,500.0,john_radcliffe_nhs
2022-10-28 22:00:00,4.79360258169377e-66,0,0.0,500.0,john_radcliffe_nhs
2022-10-28 23:00:00,4.5979730579318545e-66,0,0.0,500.0,john_radcliffe_nhs
2022-10-29 00:00:00,4.410327281240141e-66,0,0.0,500.0,john_radcliffe_nhs
2022-10-29 01:00:00,4.2303394305662726e-66,0,0.0,500.0,john_radcliffe_nhs
2022-10-29 02:00:00,4.057696981792282e-66,0,0.0,500.0,john_radcliffe_nhs
2022-10-29 03:00:00,3.8921001650787636e-66,0,0.0,500.0,john_radcliffe_nhs
2022-10-29 04:00:00,3.733261444356216e-66,0,0.0,500.0,john_radcliffe_nhs
2022-10-29 05:00:00,3.5809050180585505e-66,0,0.0,500.0,john_radcliffe_nhs
2022-10-29 06:00:00,3.4347663402310016e-66,0,0.0,500.0,john_radcliffe_nhs
2022-10-29 07:00:00,3.294591661182854e-66,0,0.0,500.0,john_radcliffe_nhs
2022-10-29 08:00:00,3.1601375868863045e-66,0,0.0,500.0,john_radcliffe_nhs
2022-10-29 09:00:00,3.0311706563556856e-66,0,0.0,500.0,john_radcliffe_nhs
2022-10-29 10:00:00,2.907466936274905e-66,0,0.0,500.0,john_radcliffe_nhs
2022-10-29 11:00:00,2.788811632168322e-66,0,0.0,500.0,john_radcliffe_nhs
2022-10-29 12:00:00,2.6749987154392074e-66,0,0.0,500.0,john_radcliffe_nhs
2022-10-29 13:00:00,2.565830565629727e-66,0,0.0,500.0,john_radcliffe_nhs
2022-10-29 14:00:00,2.4611176272804343e-66,0,0.0,500.0,john_radcliffe_nhs
2022-10-29 15:00:00,2.3606780807928723e-66,0,0.0,500.0,john_radcliffe_nhs
2022-10-29 16:00:00,2.2643375267251143e-66,0,0.0,500.0,john_radcliffe_nhs
2022-10-29 17:00:00,2.1719286829713319e-66,0,0.0,500.0,john_radcliffe_nhs
2022-10-29 18:00:00,2.0832910942990572e-66,0,0.0,500.0,john_radcliffe_nhs
2022-10-29 19:00:00,1.9982708537409772e-66,0,0.0,500.0,john_radcliffe_nhs
2022-10-29 20:00:00,1.91672033535684e-66,0,0.0,500.0,john_radcliffe_nhs
2022-10-29 21:00:00,1.83849793790099e-66,0,0.0,500.0,john_radcliffe_nhs
2022-10-29 22:00:00,1.7634678389514875e-66,0,0.0,500.0,john_radcliffe_nhs
2022-10-29 23:00:00,1.6914997590733182e-66,0,0.0,500.0,john_radcliffe_nhs
2022-10-30 00:00:00,1.6224687356057895e-66,0,0.0,500.0,john_radcliffe_nhs
2022-10-30 01:00:00,1.5562549056822374e-66,0,0.0,500.0,john_radcliffe_nhs
2022-10-30 02:00:00,1.4927432981047927e-66,0,0.0,500.0,john_radcliffe_nhs
2022-10-30 03:00:00,1.431823633712454e-66,0,0.0,500.0,john_radcliffe_nhs
2022-10-30 04:00:00,1.3733901338966564e-66,0,0.0,500.0,john_radcliffe_nhs
2022-10-30 05:00:00,1.317341336931393e-66,0,0.0,500.0,john_radcliffe_nhs
2022-10-30 06:00:00,1.263579921798661e-66,0,0.0,500.0,john_radcliffe_nhs
2022-10-30 07:00:00,1.212012539204042e-66,0,0.0,500.0,john_radcliffe_nhs
2022-10-30 08:00:00,1.1625496494886041e-66,0,0.0,500.0,john_radcliffe_nhs
2022-10-30 09:00:00,1.1151053671554036e-66,0,0.0,500.0,john_radcliffe_nhs
2022-10-30 10:00:00,1.0695973117412577e-66,0,0.0,500.0,john_radcliffe_nhs
2022-10-30 11:00:00,1.0259464647745004e-66,0,0.0,500.0,john_radcliffe_nhs
2022-10-30 12:00:00,9.840770325701018e-67,0,0.0,500.0,john_radcliffe_nhs
2022-10-30 13:00:00,9.439163146244698e-67,0,0.0,500.0,john_radcliffe_nhs
2022-10-30 14:00:00,9.053945773811121e-67,0,0.0,500.0,john_radcliffe_nhs
2022-10-30 15:00:00,8.684449331477549e-67,0,0.0,500.0,john_radcliffe_nhs
2022-10-30 16:00:00,8.330032239551609e-67,0,0.0,500.0,john_radcliffe_nhs
2022-10-30 17:00:00,7.990079101557204e-67,0,0.0,500.0,john_radcliffe_nhs
2022-10-30 18:00:00,7.663999635681795e-67,0,0.0,500.0,john_radcliffe_nhs
2022-10-30 19:00:00,7.351227649834116e-67,0,0.0,500.0,john_radcliffe_nhs
2022-10-30 20:00:00,7.051220058530138e-67,0,0.0,500.0,john_radcliffe_nhs
2022-10-30 21:00:00,6.763455939898653e-67,0,0.0,500.0,john_radcliffe_nhs
2022-10-30 22:00:00,6.487435631172842e-67,0,0.0,500.0,john_radcliffe_nhs
2022-10-30 23:00:00,6.222679861095217e-67,0,0.0,500.0,john_radcliffe_nhs
2022-10-31 00:00:00,5.968728917727945e-67,0,0.0,500.0,john_radcliffe_nhs
2022-10-31 01:00:00,5.725141850226972e-67,0,0.0,500.0,john_radcliffe_nhs
2022-10-31 02:00:00,5.491495703192069e-67,0,0.0,500.0,john_radcliffe_nhs
2022-10-31 03:00:00,5.267384782262016e-67,0,0.0,500.0,john_radcliffe_nhs
2022-10-31 04:00:00,5.0524199496827435e-67,0,0.0,500.0,john_radcliffe_nhs
2022-10-31 05:00:00,4.846227948623616e-67,0,0.0,500.0,john_radcliffe_nhs
2022-10-31 06:00:00,4.648450755067462e-67,0,0.0,500.0,john_radcliffe_nhs
2022-10-31 07:00:00,4.4587449561516376e-67,0,0.0,500.0,john_radcliffe_nhs
2022-10-31 08:00:00,4.276781153879238e-67,0,0.0,500.0,john_radcliffe_nhs
2022-10-31 09:00:00,4.102243393164059e-67,0,0.0,500.0,john_radcliffe_nhs
2022-10-31 10:00:00,3.934828613218509e-67,0,0.0,500.0,john_radcliffe_nhs
2022-10-31 11:00:00,3.7742461213306004e-67,0,0.0,500.0,john_radcliffe_nhs
2022-10-31 12:00:00,3.620217088115403e-67,0,0.0,500.0,john_radcliffe_nhs
2022-10-31 13:00:00,3.4724740633665727e-67,0,0.0,500.0,john_radcliffe_nhs
2022-10-31 14:00:00,3.330760511666177e-67,0,0.0,500.0,john_radcliffe_nhs
2022-10-31 15:00:00,3.194830366945666e-67,0,0.0,500.0,john_radcliffe_nhs
2022-10-31 16:00:00,3.0644476052263446e-67,0,0.0,500.0,john_radcliffe_nhs
2022-10-31 17:00:00,2.9393858347964835e-67,0,0.0,500.0,john_radcliffe_nhs
2022-10-31 18:00:00,2.8194279031127567e-67,0,0.0,500.0,john_radcliffe_nhs
2022-10-31 19:00:00,2.7043655197450298e-67,0,0.0,500.0,john_radcliffe_nhs
2022-10-31 20:00:00,2.5939988947089323e-67,0,0.0,500.0,john_radcliffe_nhs
2022-10-31 21:00:00,2.4881363915575887e-67,0,0.0,500.0,john_radcliffe_nhs
2022-10-31 22:00:00,2.3865941946315682e-67,0,0.0,500.0,john_radcliffe_nhs
2022-10-31 23:00:00,2.2891959898884962e-67,0,0.0,500.0,john_radcliffe_nhs
2022-11-01 00:00:00,2.1957726587575837e-67,0,0.0,500.0,john_radcliffe_nhs
2022-11-01 01:00:00,2.1061619844887363e-67,0,0.0,500.0,john_radcliffe_nhs
2022-11-01 02:00:00,2.020208370485675e-67,0,0.0,500.0,john_radcliffe_nhs
2022-11-01 03:00:00,1.9377625701335095e-67,0,0.0,500.0,john_radcliffe_nhs
2022-11-01 04:00:00,1.8586814276527343e-67,0,0.0,500.0,john_radcliffe_nhs
2022-11-01 05:00:00,1.782827629529081e-67,0,0.0,500.0,john_radcliffe_nhs
2022-11-01 06:00:00,1.7100694660871872e-67,0,0.0,500.0,john_radcliffe_nhs
2022-11-01 07:00:00,1.640280602795052e-67,0,0.0,500.0,john_radcliffe_nhs
2022-11-01 08:00:00,1.5733398609016506e-67,0,0.0,500.0,john_radcliffe_nhs
2022-11-01 09:00:00,1.5091310070264355e-67,0,0.0,500.0,john_radcliffe_nhs
2022-11-01 10:00:00,1.4475425513362261e-67,0,0.0,500.0,john_radcliffe_nhs
2022-11-01 11:00:00,1.3884675539585846e-67,0,0.0,500.0,john_radcliffe_nhs
2022-11-01 12:00:00,1.3318034392952006e-67,0,0.0,500.0,john_radcliffe_nhs
2022-11-01 13:00:00,1.2774518179136223e-67,0,0.0,500.0,john_radcliffe_nhs
2022-11-01 14:00:00,1.2253183157076605e-67,0,0.0,500.0,john_radcliffe_nhs
2022-11-01 15:00:00,1.1753124100295259e-67,0,0.0,500.0,john_radcliffe_nhs
2022-11-01 16:00:00,1.1273472725098322e-67,0,0.0,500.0,john_radcliffe_nhs
2022-11-01 17:00:00,1.081339618292184e-67,0,0.0,500.0,john_radcliffe_nhs
2022-11-01 18:00:00,1.0372095614202924e-67,0,0.0,500.0,john_radcliffe_nhs
2022-11-01 19:00:00,9.948804761271187e-68,0,0.0,500.0,john_radcliffe_nhs
2022-11-01 20:00:00,9.542788637848611e-68,0,0.0,500.0,john_radcliffe_nhs
2022-11-01 21:00:00,9.153342252845348e-68,0,0.0,500.0,john_radcliffe_nhs
2022-11-01 22:00:00,8.7797893862407e-68,0,0.0,500.0,john_radcliffe_nhs
2022-11-01 23:00:00,8.421481414920868e-68,0,0.0,500.0,john_radcliffe_nhs
2022-11-02 00:00:00,8.077796186432721e-68,0,0.0,500.0,john_radcliffe_nhs
2022-11-02 01:00:00,7.748136938702522e-68,0,0.0,500.0,john_radcliffe_nhs
2022-11-02 02:00:00,7.431931263841403e-68,0,0.0,500.0,john_radcliffe_nhs
2022-11-02 03:00:00,7.128630114236534e-68,0,0.0,500.0,john_radcliffe_nhs
2022-11-02 04:00:00,6.837706849206265e-68,0,0.0,500.0,john_radcliffe_nhs
2022-11-02 05:00:00,6.5586563205616545e-68,0,0.0,500.0,john_radcliffe_nhs
2022-11-02 06:00:00,6.290993995485012e-68,0,0.0,500.0,john_radcliffe_nhs
2022-11-02 07:00:00,6.034255115206001e-68,0,0.0,500.0,john_radcliffe_nhs
2022-11-02 08:00:00,5.787993888012541e-68,0,0.0,500.0,john_radcliffe_nhs
2022-11-02 09:00:00,5.551782715193811e-68,0,0.0,500.0,john_radcliffe_nhs
2022-11-02 10:00:00,5.3252114485745484e-68,0,0.0,500.0,john_radcliffe_nhs
2022-11-02 11:00:00,5.107886678349636e-68,0,0.0,500.0,john_radcliffe_nhs
2022-11-02 12:00:00,4.899431049981233e-68,0,0.0,500.0,john_radcliffe_nhs
2022-11-02 13:00:00,4.699482608975064e-68,0,0.0,500.0,john_radcliffe_nhs
2022-11-02 14:00:00,4.507694172396671e-68,0,0.0,500.0,john_radcliffe_nhs
2022-11-02 15:00:00,4.32373272603523e-68,0,0.0,500.0,john_radcliffe_nhs
2022-11-02 16:00:00,4.147278846170668e-68,0,0.0,500.0,john_radcliffe_nhs
2022-11-02 17:00:00,3.978026144938693e-68,0,0.0,500.0,john_radcliffe_nhs
2022-11-02 18:00:00,3.815680738329739e-68,0,0.0,500.0,john_radcliffe_nhs
2022-11-02 19:00:00,3.6599607359002288e-68,0,0.0,500.0,john_radcliffe_nhs
2022-11-02 20:00:00,3.510595751308936e-68,0,0.0,500.0,john_radcliffe_nhs
2022-11-02 21:00:00,3.367326432827697e-68,0,0.0,500.0,john_radcliffe_nhs
2022-11-02 22:00:00,3.2299040130131882e-68,0,0.0,500.0,john_radcliffe_nhs
2022-11-02 23:00:00,3.0980898767567767e-68,0,0.0,500.0,john_radcliffe_nhs
2022-11-03 00:00:00,2.971655146961678e-68,0,0.0,500.0,john_radcliffe_nhs
2022-11-03 01:00:00,2.8503802871296937e-68,0,0.0,500.0,john_radcliffe_nhs
2022-11-03 02:00:00,2.7340547201665464e-68,0,0.0,500.0,john_radcliffe_nhs
2022-11-03 03:00:00,2.622476462743251e-68,0,0.0,500.0,john_radcliffe_nhs
2022-11-03 04:00:00,2.515451774580144e-68,0,0.0,500.0,john_radcliffe_nhs
2022-11-03 05:00:00,2.41279482204377e-68,0,0.0,500.0,john_radcliffe_nhs
2022-11-03 06:00:00,2.314327355471925e-68,0,0.0,500.0,john_radcliffe_nhs
2022-11-03 07:00:00,2.2198783996679015e-68,0,0.0,500.0,john_radcliffe_nhs
2022-11-03 08:00:00,2.129283957025777e-68,0,0.0,500.0,john_radcliffe_nhs
2022-11-03 09:00:00,2.0423867227707716e-68,0,0.0,500.0,john_radcliffe_nhs
2022-11-03 10:00:00,1.9590358118213713e-68,0,0.0,500.0,john_radcliffe_nhs
2022-11-03 11:00:00,1.879086496798319e-68,0,0.0,500.0,john_radcliffe_nhs
2022-11-03 12:00:00,1.802399956725109e-68,0,0.0,500.0,john_radcliffe_nhs
2022-11-03 13:00:00,1.7288430359846587e-68,0,0.0,500.0,john_radcliffe_nhs
2022-11-03 14:00:00,1.6582880131130545e-68,0,0.0,500.0,john_radcliffe_nhs
2022-11-03 15:00:00,1.5906123790285175e-68,0,0.0,500.0,john_radcliffe_nhs
2022-11-03 16:00:00,1.5256986243114096e-68,0,0.0,500.0,john_radcliffe_nhs
2022-11-03 17:00:00,1.4634340351654336e-68,0,0.0,500.0,john_radcliffe_nhs
2022-11-03 18:00:00,1.4037104977053811e-68,0,0.0,500.0,john_radcliffe_nhs
2022-11-03 19:00:00,1.3464243102323972e-68,0,0.0,500.0,john_radcliffe_nhs
2022-11-03 20:00:00,1.2914760031703712e-68,0,0.0,500.0,john_radcliffe_nhs
2022-11-03 21:00:00,1.2387701663504796e-68,0,0.0,500.0,john_radcliffe_nhs
2022-11-03 22:00:00,1.188215283344691e-68,0,0.0,500.0,john_radcliffe_nhs
2022-11-03 23:00:00,1.1397235725601855e-68,0,0.0,500.0,john_radcliffe_nhs
2022-11-04 00:00:00,1.0932108348185021e-68,0,0.0,500.0,john_radcliffe_nhs
2022-11-04 01:00:00,1.0485963071553668e-68,0,0.0,500.0,john_radcliffe_nhs
2022-11-04 02:00:00,1.005802522587013e-68,0,0.0,500.0,john_radcliffe_nhs
2022-11-04 03:00:00,9.64755175599248e-69,0,0.0,500.0,john_radcliffe_nhs
2022-11-04 04:00:00,9.253829931262564e-69,0,0.0,500.0,john_radcliffe_nhs
2022-11-04 05:00:00,8.876176107948117e-69,0,0.0,500.0,john_radcliffe_nhs
2022-11-04 06:00:00,8.513934542187937e-69,0,0.0,500.0,john_radcliffe_nhs
2022-11-04 07:00:00,8.166476251383832e-69,0,0.0,500.0,john_radcliffe_nhs
2022-11-04 08:00:00,7.833197922059602e-69,0,0.0,500.0,john_radcliffe_nhs
2022-11-04 09:00:00,7.513520862288851e-69,0,0.0,500.0,john_radcliffe_nhs
2022-11-04 10:00:00,7.206889996876889e-69,0,0.0,500.0,john_radcliffe_nhs
2022-11-04 11:00:00,6.912772903549688e-69,0,0.0,500.0,john_radcliffe_nhs
2022-11-04 12:00:00,6.630658888474648e-69,0,0.0,500.0,john_radcliffe_nhs
2022-11-04 13:00:00,6.360058099511759e-69,0,0.0,500.0,john_radcliffe_nhs
2022-11-04 14:00:00,6.10050067565332e-69,0,0.0,500.0,john_radcliffe_nhs
2022-11-04 15:00:00,5.851535931173894e-69,0,0.0,500.0,john_radcliffe_nhs
2022-11-04 16:00:00,5.612731573077196e-69,0,0.0,500.0,john_radcliffe_nhs
2022-11-04 17:00:00,5.383672950479286e-69,0,0.0,500.0,john_radcliffe_nhs
2022-11-04 18:00:00,5.163962334623427e-69,0,0.0,500.0,john_radcliffe_nhs
2022-11-04 19:00:00,4.953218228279388e-69,0,0.0,500.0,john_radcliffe_nhs
2022-11-04 20:00:00,4.751074703326439e-69,0,0.0,500.0,john_radcliffe_nhs
2022-11-04 21:00:00,4.5571807653686904e-69,0,0.0,500.0,john_radcliffe_nhs
2022-11-04 22:00:00,4.3711997442821183e-69,0,0.0,500.0,john_radcliffe_nhs
2022-11-04 23:00:00,4.1928087096336086e-69,0,0.0,500.0,john_radcliffe_nhs
2022-11-05 00:00:00,4.0216979099559653e-69,0,0.0,500.0,john_radcliffe_nhs
2022-11-05 01:00:00,3.8575702349075445e-69,0,0.0,500.0,john_radcliffe_nhs
2022-11-05 02:00:00,3.700140699381374e-69,0,0.0,500.0,john_radcliffe_nhs
2022-11-05 03:00:00,3.549135948667081e-69,0,0.0,500.0,john_radcliffe_nhs
2022-11-05 04:00:00,3.404293783808438e-69,0,0.0,500.0,john_radcliffe_nhs
2022-11-05 05:00:00,3.2653627063312613e-69,0,0.0,500.0,john_radcliffe_nhs
2022-11-05 06:00:00,3.132101481550338e-69,0,0.0,500.0,john_radcliffe_nhs
2022-11-05 07:00:00,3.0042787196989393e-69,0,0.0,500.0,john_radcliffe_nhs
2022-11-05 08:00:00,2.8816724741525895e-69,0,0.0,500.0,john_radcliffe_nhs
2022-11-05 09:00:00,2.7640698560487955e-69,0,0.0,500.0,john_radcliffe_nhs
2022-11-05 10:00:00,2.651266664635128e-69,0,0.0,500.0,john_radcliffe_nhs
2022-11-05 11:00:00,2.543067032702948e-69,0,0.0,500.0,john_radcliffe_nhs
2022-11-05 12:00:00,2.439283086490511e-69,0,0.0,500.0,john_radcliffe_nhs
2022-11-05 13:00:00,2.3397346194662914e-69,0,0.0,500.0,john_radcliffe_nhs
2022-11-05 14:00:00,2.2442487794253493e-69,0,0.0,500.0,john_radcliffe_nhs
2022-11-05 15:00:00,2.1526597683548675e-69,0,0.0,500.0,john_radcliffe_nhs
2022-11-05 16:00:00,2.0648085545489492e-69,0,0.0,500.0,john_radcliffe_nhs
2022-11-05 17:00:00,1.9805425964721298e-69,0,0.0,500.0,john_radcliffe_nhs
2022-11-05 18:00:00,1.899715577891643e-69,0,0.0,500.0,john_radcliffe_nhs
2022-11-05 19:00:00,1.8221871538196234e-69,0,0.0,500.0,john_radcliffe_nhs
2022-11-05 20:00:00,1.747822706823507e-69,0,0.0,500.0,john_radcliffe_nhs
2022-11-05 21:00:00,1.6764931132810798e-69,0,0.0,500.0,john_radcliffe_nhs
2022-11-05 22:00:00,1.6080745191752575e-69,0,0.0,500.0,john_radcliffe_nhs
2022-11-05 23:00:00,1.542448125038768e-69,0,0.0,500.0,john_radcliffe_nhs
2022-11-06 00:00:00,1.4794999796749578e-69,0,0.0,500.0,john_radcliffe_nhs
2022-11-06 01:00:00,1.419120782297377e-69,0,0.0,500.0,john_radcliffe_nhs
2022-11-06 02:00:00,1.3612056927441294e-69,0,0.0,500.0,john_radcliffe_nhs
2022-11-06 03:00:00,1.3056541494371224e-69,0,0.0,500.0,john_radcliffe_nhs
2022-11-06 04:00:00,1.2523696947708633e-69,0,0.0,500.0,john_radcliffe_nhs
2022-11-06 05:00:00,1.2012598076272129e-69,0,0.0,500.0,john_radcliffe_nhs
2022-11-06 06:00:00,1.152235742724985e-69,0,0.0,500.0,john_radcliffe_nhs
2022-11-06 07:00:00,1.105212376526102e-69,0,0.0,500.0,john_radcliffe_nhs
2022-11-06 08:00:00,1.0601080594303821e-69,0,0.0,500.0,john_radcliffe_nhs
2022-11-06 09:00:00,1.01684447400206e-69,0,0.0,500.0,john_radcliffe_nhs
2022-11-06 10:00:00,9.753464989824446e-70,0,0.0,500.0,john_radcliffe_nhs
2022-11-06 11:00:00,9.355420788522785e-70,0,0.0,500.0,john_radcliffe_nhs
2022-11-06 12:00:00,8.973620987170802e-70,0,0.0,500.0,john_radcliffe_nhs
2022-11-06 13:00:00,8.607402642987367e-70,0,0.0,500.0,john_radcliffe_nhs
2022-11-06 14:00:00,8.256129868246891e-70,0,0.0,500.0,john_radcliffe_nhs
2022-11-06 15:00:00,7.919192726146351e-70,0,0.0,500.0,john_radcliffe_nhs
2022-11-06 16:00:00,7.596006171734812e-70,0,0.0,500.0,john_radcliffe_nhs
2022-11-06 17:00:00,7.286009036064045e-70,0,0.0,500.0,john_radcliffe_nhs
2022-11-06 18:00:00,6.988663051794612e-70,0,0.0,500.0,john_radcliffe_nhs
2022-11-06 19:00:00,6.70345191856944e-70,0,0.0,500.0,john_radcliffe_nhs
2022-11-06 20:00:00,6.429880406529893e-70,0,0.0,500.0,john_radcliffe_nhs
2022-11-06 21:00:00,6.167473496416152e-70,0,0.0,500.0,john_radcliffe_nhs
2022-11-06 22:00:00,5.915775554762295e-70,0,0.0,500.0,john_radcliffe_nhs
2022-11-06 23:00:00,5.67434954275201e-70,0,0.0,500.0,john_radcliffe_nhs
2022-11-07 00:00:00,5.442776257359839e-70,0,0.0,500.0,john_radcliffe_nhs
2022-11-07 01:00:00,5.2206536034633915e-70,0,0.0,500.0,john_radcliffe_nhs
2022-11-07 02:00:00,5.0075958956609646e-70,0,0.0,500.0,john_radcliffe_nhs
2022-11-07 03:00:00,4.803233188581034e-70,0,0.0,500.0,john_radcliffe_nhs
2022-11-07 04:00:00,4.60721063452355e-70,0,0.0,500.0,john_radcliffe_nhs
2022-11-07 05:00:00,4.4191878673161334e-70,0,0.0,500.0,john_radcliffe_nhs
2022-11-07 06:00:00,4.2388384113142927e-70,0,0.0,500.0,john_radcliffe_nhs
2022-11-07 07:00:00,4.065849114521841e-70,0,0.0,500.0,john_radcliffe_nhs
2022-11-07 08:00:00,3.899919604845912e-70,0,0.0,500.0,john_radcliffe_nhs
2022-11-07 09:00:00,3.7407617685414704e-70,0,0.0,500.0,john_radcliffe_nhs
2022-11-07 10:00:00,3.5880992499418445e-70,0,0.0,500.0,john_radcliffe_nhs
2022-11-07 11:00:00,3.441666971605456e-70,0,0.0,500.0,john_radcliffe_nhs
2022-11-07 12:00:00,3.301210674044721e-70,0,0.0,500.0,john_radcliffe_nhs
2022-11-07 13:00:00,3.1664864742397875e-70,0,0.0,500.0,john_radcliffe_nhs
2022-11-07 14:00:00,3.03726044216952e-70,0,0.0,500.0,john_radcliffe_nhs
2022-11-07 15:00:00,2.9133081946236707e-70,0,0.0,500.0,john_radcliffe_nhs
2022-11-07 16:00:00,2.7944145055926288e-70,0,0.0,500.0,john_radcliffe_nhs
2022-11-07 17:00:00,2.68037293255732e-70,0,0.0,500.0,john_radcliffe_nhs
2022-11-07 18:00:00,2.5709854580297088e-70,0,0.0,500.0,john_radcliffe_nhs
2022-11-07 19:00:00,2.4660621457229586e-70,0,0.0,500.0,john_radcliffe_nhs
2022-11-07 20:00:00,2.365420810753424e-70,0,0.0,500.0,john_radcliffe_nhs
2022-11-07 21:00:00,2.2688867033012554e-70,0,0.0,500.0,john_radcliffe_nhs
2022-11-07 22:00:00,2.1762922051816323e-70,0,0.0,500.0,john_radcliffe_nhs
2022-11-07 23:00:00,2.0874765387990386e-70,0,0.0,500.0,john_radcliffe_nhs
2022-11-08 00:00:00,2.0022854879787318e-70,0,0.0,500.0,john_radcliffe_nhs
2022-11-08 01:00:00,1.9205711301917894e-70,0,0.0,500.0,john_radcliffe_nhs
2022-11-08 02:00:00,1.8421915797081638e-70,0,0.0,500.0,john_radcliffe_nhs
2022-11-08 03:00:00,1.7670107412313156e-70,0,0.0,500.0,john_radcliffe_nhs
2022-11-08 04:00:00,1.6948980735876495e-70,0,0.0,500.0,john_radcliffe_nhs
2022-11-08 05:00:00,1.625728363059877e-70,0,0.0,500.0,john_radcliffe_nhs
2022-11-08 06:00:00,1.5593815059703464e-70,0,0.0,500.0,john_radcliffe_nhs
2022-11-08 07:00:00,1.4957423001376983e-70,0,0.0,500.0,john_radcliffe_nhs
2022-11-08 08:00:00,1.4347002448442663e-70,0,0.0,500.0,john_radcliffe_nhs
2022-11-08 09:00:00,1.3761493489665323e-70,0,0.0,500.0,john_radcliffe_nhs
2022-11-08 10:00:00,1.3199879469362771e-70,0,0.0,500.0,john_radcliffe_nhs
2022-11-08 11:00:00,1.2661185222124256e-70,0,0.0,500.0,john_radcliffe_nhs
2022-11-08 12:00:00,1.2144475379567723e-70,0,0.0,500.0,john_radcliffe_nhs
2022-11-08 13:00:00,1.1648852746202639e-70,0,0.0,500.0,john_radcliffe_nhs
2022-11-08 14:00:00,1.117345674157451e-70,0,0.0,500.0,john_radcliffe_nhs
2022-11-08 15:00:00,1.0717461905983395e-70,0,0.0,500.0,john_radcliffe_nhs
2022-11-08 16:00:00,1.0280076467187885e-70,0,0.0,500.0,john_radcliffe_nhs
2022-11-08 17:00:00,9.860540965602469e-71,0,0.0,500.0,john_radcliffe_nhs
2022-11-08 18:00:00,9.458126935598739e-71,0,0.0,500.0,john_radcliffe_nhs
2022-11-08 19:00:00,9.072135640626101e-71,0,0.0,500.0,john_radcliffe_nhs
2022-11-08 20:00:00,8.701896859952694e-71,0,0.0,500.0,john_radcliffe_nhs
2022-11-08 21:00:00,8.34676772491782e-71,0,0.0,500.0,john_radcliffe_nhs
2022-11-08 22:00:00,8.006131602679847e-71,0,0.0,500.0,john_radcliffe_nhs
2022-11-08 23:00:00,7.67939702551887e-71,0,0.0,500.0,john_radcliffe_nhs
2022-11-09 00:00:00,7.365996663833044e-71,0,0.0,500.0,john_radcliffe_nhs
2022-11-09 01:00:00,7.065386341049607e-71,0,0.0,500.0,john_radcliffe_nhs
2022-11-09 02:00:00,6.777044088737757e-71,0,0.0,500.0,john_radcliffe_nhs
2022-11-09 03:00:00,6.500469240281126e-71,0,0.0,500.0,john_radcliffe_nhs
2022-11-09 04:00:00,6.235181561539786e-71,0,0.0,500.0,john_radcliffe_nhs
2022-11-09 05:00:00,5.980720416990314e-71,0,0.0,500.0,john_radcliffe_nhs
2022-11-09 06:00:00,5.736643969894531e-71,0,0.0,500.0,john_radcliffe_nhs
2022-11-09 07:00:00,5.5025284151114414e-71,0,0.0,500.0,john_radcliffe_nhs
2022-11-09 08:00:00,5.277967243218401e-71,0,0.0,500.0,john_radcliffe_nhs
2022-11-09 09:00:00,5.062570534662521e-71,0,0.0,500.0,john_radcliffe_nhs
2022-11-09 10:00:00,4.855964282719571e-71,0,0.0,500.0,john_radcliffe_nhs
2022-11-09 11:00:00,4.657789744083195e-71,0,0.0,500.0,john_radcliffe_nhs
2022-11-09 12:00:00,4.4677028159557135e-71,0,0.0,500.0,john_radcliffe_nhs
2022-11-09 13:00:00,4.285373438561448e-71,0,0.0,500.0,john_radcliffe_nhs
2022-11-09 14:00:00,4.110485022043715e-71,0,0.0,500.0,john_radcliffe_nhs
2022-11-09 15:00:00,3.942733896749392e-71,0,0.0,500.0,john_radcliffe_nhs
2022-11-09 16:00:00,3.781828785948775e-71,0,0.0,500.0,john_radcliffe_nhs
2022-11-09 17:00:00,3.6274903000739506e-71,0,0.0,500.0,john_radcliffe_nhs
2022-11-09 18:00:00,3.47945045159663e-71,0,0.0,500.0,john_radcliffe_nhs
2022-11-09 19:00:00,3.3374521897050543e-71,0,0.0,500.0,john_radcliffe_nhs
2022-11-09 20:00:00,3.2012489539709255e-71,0,0.0,500.0,john_radcliffe_nhs
2022-11-09 21:00:00,3.0706042462305984e-71,0,0.0,500.0,john_radcliffe_nhs
2022-11-09 22:00:00,2.9452912199388866e-71,0,0.0,500.0,john_radcliffe_nhs
2022-11-09 23:00:00,2.8250922862815184e-71,0,0.0,500.0,john_radcliffe_nhs
2022-11-10 00:00:00,2.709798736361609e-71,0,0.0,500.0,john_radcliffe_nhs
2022-11-10 01:00:00,2.5992103788056714e-71,0,0.0,500.0,john_radcliffe_nhs
2022-11-10 02:00:00,2.493135192159073e-71,0,0.0,500.0,john_radcliffe_nhs
2022-11-10 03:00:00,2.3913889914667706e-71,0,0.0,500.0,john_radcliffe_nhs
2022-11-10 04:00:00,2.2937951084617378e-71,0,0.0,500.0,john_radcliffe_nhs
2022-11-10 05:00:00,2.200184084805032e-71,0,0.0,500.0,john_radcliffe_nhs
2022-11-10 06:00:00,2.110393377844325e-71,0,0.0,500.0,john_radcliffe_nhs
2022-11-10 07:00:00,2.0242670783811794e-71,0,0.0,500.0,john_radcliffe_nhs
2022-11-10 08:00:00,1.9416556399563632e-71,0,0.0,500.0,john_radcliffe_nhs
2022-11-10 09:00:00,1.862415619182658e-71,0,0.0,500.0,john_radcliffe_nhs
2022-11-10 10:00:00,1.7864094266753596e-71,0,0.0,500.0,john_radcliffe_nhs
2022-11-10 11:00:00,1.713505088147401e-71,0,0.0,500.0,john_radcliffe_nhs
2022-11-10 12:00:00,1.6435760152538674e-71,0,0.0,500.0,john_radcliffe_nhs
2022-11-10 13:00:00,1.5765007857889277e-71,0,0.0,500.0,john_radcliffe_nhs
2022-11-10 14:00:00,1.5121629328530255e-71,0,0.0,500.0,john_radcliffe_nhs
2022-11-10 15:00:00,1.4504507426238696e-71,0,0.0,500.0,john_radcliffe_nhs
2022-11-10 16:00:00,1.3912570603809094e-71,0,0.0,500.0,john_radcliffe_nhs
2022-11-10 17:00:00,1.3344791044460327e-71,0,0.0,500.0,john_radcliffe_nhs
2022-11-10 18:00:00,1.2800182877170911e-71,0,0.0,500.0,john_radcliffe_nhs
2022-11-10 19:00:00,1.227780046485102e-71,0,0.0,500.0,john_radcliffe_nhs
2022-11-10 20:00:00,1.1776736762374884e-71,0,0.0,500.0,john_radcliffe_nhs
2022-11-10 21:00:00,1.1296121741619704e-71,0,0.0,500.0,john_radcliffe_nhs
2022-11-10 22:00:00,1.083512088078273e-71,0,0.0,500.0,john_radcliffe_nhs
2022-11-10 23:00:00,1.0392933715349973e-71,0,0.0,500.0,john_radcliffe_nhs
2022-11-11 00:00:00,9.968792448197894e-72,0,0.0,500.0,john_radcliffe_nhs
2022-11-11 01:00:00,9.561960616420433e-72,0,0.0,500.0,john_radcliffe_nhs
2022-11-11 02:00:00,9.171731812563362e-72,0,0.0,500.0,john_radcliffe_nhs
2022-11-11 03:00:00,8.797428458043347e-72,0,0.0,500.0,john_radcliffe_nhs
2022-11-11 04:00:00,8.438400626626919e-72,0,0.0,500.0,john_radcliffe_nhs
2022-11-11 05:00:00,8.094024915923764e-72,0,0.0,500.0,john_radcliffe_nhs
2022-11-11 06:00:00,7.763703364932827e-72,0,0.0,500.0,john_radcliffe_nhs
2022-11-11 07:00:00,7.446862415766166e-72,0,0.0,500.0,john_radcliffe_nhs
2022-11-11 08:00:00,7.142951917745262e-72,0,0.0,500.0,john_radcliffe_nhs
2022-11-11 09:00:00,6.85144417213882e-72,0,0.0,500.0,john_radcliffe_nhs
2022-11-11 10:00:00,6.571833015887278e-72,0,0.0,500.0,john_radcliffe_nhs
2022-11-11 11:00:00,6.303632942720889e-72,0,0.0,500.0,john_radcliffe_nhs
2022-11-11 12:00:00,6.046378260143787e-72,0,0.0,500.0,john_radcliffe_nhs
2022-11-11 13:00:00,5.799622280823704e-72,0,0.0,500.0,john_radcliffe_nhs
2022-11-11 14:00:00,5.562936546981403e-72,0,0.0,500.0,john_radcliffe_nhs
2022-11-11 15:00:00,5.335910086431726e-72,0,0.0,500.0,john_radcliffe_nhs
2022-11-11 16:00:00,5.118148698987525e-72,0,0.0,500.0,john_radcliffe_nhs
2022-11-11 17:00:00,4.909274271985733e-72,0,0.0,500.0,john_radcliffe_nhs
2022-11-11 18:00:00,4.7089241237459e-72,0,0.0,500.0,john_radcliffe_nhs
2022-11-11 19:00:00,4.5167503738238676e-72,0,0.0,500.0,john_radcliffe_nhs
2022-11-11 20:00:00,4.3324193389656535e-72,0,0.0,500.0,john_radcliffe_nhs
2022-11-11 21:00:00,4.1556109537116367e-72,0,0.0,500.0,john_radcliffe_nhs
2022-11-11 22:00:00,3.9860182146473767e-72,0,0.0,500.0,john_radcliffe_nhs
2022-11-11 23:00:00,3.82334664733479e-72,0,0.0,500.0,john_radcliffe_nhs
2022-11-12 00:00:00,3.667313794997136e-72,0,0.0,500.0,john_radcliffe_nhs
2022-11-12 01:00:00,3.517648728072089e-72,0,0.0,500.0,john_radcliffe_nhs
2022-11-12 02:00:00,3.37409157378015e-72,0,0.0,500.0,john_radcliffe_nhs
2022-11-12 03:00:00,3.2363930648907295e-72,0,0.0,500.0,john_radcliffe_nhs
2022-11-12 04:00:00,3.1043141069042605e-72,0,0.0,500.0,john_radcliffe_nhs
2022-11-12 05:00:00,2.977625362897764e-72,0,0.0,500.0,john_radcliffe_nhs
2022-11-12 06:00:00,2.8561068553123347e-72,0,0.0,500.0,john_radcliffe_nhs
2022-11-12 07:00:00,2.739547583992674e-72,0,0.0,500.0,john_radcliffe_nhs
2022-11-12 08:00:00,2.6277451598146093e-72,0,0.0,500.0,john_radcliffe_nhs
2022-11-12 09:00:00,2.5205054532637643e-72,0,0.0,500.0,john_radcliffe_nhs
2022-11-12 10:00:00,2.4176422573566465e-72,0,0.0,500.0,john_radcliffe_nhs
2022-11-12 11:00:00,2.3189769643180556e-72,0,0.0,500.0,john_radcliffe_nhs
2022-11-12 12:00:00,2.2243382554528538e-72,0,0.0,500.0,john_radcliffe_nhs
2022-11-12 13:00:00,2.1335618036748702e-72,0,0.0,500.0,john_radcliffe_nhs
2022-11-12 14:00:00,2.0464899881757118e-72,0,0.0,500.0,john_radcliffe_nhs
2022-11-12 15:00:00,1.962971620737566e-72,0,0.0,500.0,john_radcliffe_nhs
2022-11-12 16:00:00,1.8828616832158754e-72,0,0.0,500.0,john_radcliffe_nhs
2022-11-12 17:00:00,1.8060210757354507e-72,0,0.0,500.0,john_radcliffe_nhs
2022-11-12 18:00:00,1.732316375162365e-72,0,0.0,500.0,john_radcliffe_nhs
2022-11-12 19:00:00,1.661619603433228e-72,0,0.0,500.0,john_radcliffe_nhs
2022-11-12 20:00:00,1.5938080053390342e-72,0,0.0,500.0,john_radcliffe_nhs
2022-11-12 21:00:00,1.5287638353773613e-72,0,0.0,500.0,john_radcliffe_nhs
2022-11-12 22:00:00,1.4663741533036671e-72,0,0.0,500.0,john_radcliffe_nhs
2022-11-12 23:00:00,1.40653062802623e-72,0,0.0,500.0,john_radcliffe_nhs
2022-11-13 00:00:00,1.3491293495038674e-72,0,0.0,500.0,john_radcliffe_nhs
2022-11-13 01:00:00,1.294070648320595e-72,0,0.0,500.0,john_radcliffe_nhs
2022-11-13 02:00:00,1.2412589226235137e-72,0,0.0,500.0,john_radcliffe_nhs
2022-11-13 03:00:00,1.190602472123133e-72,0,0.0,500.0,john_radcliffe_nhs
2022-11-13 04:00:00,1.1420133388685642e-72,0,0.0,500.0,john_radcliffe_nhs
2022-11-13 05:00:00,1.0954071545207429e-72,0,0.0,500.0,john_radcliffe_nhs
2022-11-13 06:00:00,1.0507029938582271e-72,0,0.0,500.0,john_radcliffe_nhs
2022-11-13 07:00:00,1.0078232342618e-72,0,0.0,500.0,john_radcliffe_nhs
2022-11-13 08:00:00,9.666934209335609e-73,0,0.0,500.0,john_radcliffe_nhs
2022-11-13 09:00:00,9.272421376162467e-73,0,0.0,500.0,john_radcliffe_nhs
2022-11-13 10:00:00,8.894008825888275e-73,0,0.0,500.0,john_radcliffe_nhs
2022-11-13 11:00:00,8.531039497227739e-73,0,0.0,500.0,john_radcliffe_nhs
2022-11-13 12:00:00,8.182883143922568e-73,0,0.0,500.0,john_radcliffe_nhs
2022-11-13 13:00:00,7.848935240406459e-73,0,0.0,500.0,john_radcliffe_nhs
2022-11-13 14:00:00,7.528615932130325e-73,0,0.0,500.0,john_radcliffe_nhs
2022-11-13 15:00:00,7.221369028723362e-73,0,0.0,500.0,john_radcliffe_nhs
2022-11-13 16:00:00,6.926661038245775e-73,0,0.0,500.0,john_radcliffe_nhs
2022-11-13 17:00:00,6.643980240854046e-73,0,0.0,500.0,john_radcliffe_nhs
2022-11-13 18:00:00,6.372835800268696e-73,0,0.0,500.0,john_radcliffe_nhs
2022-11-13 19:00:00,6.112756911505295e-73,0,0.0,500.0,john_radcliffe_nhs
2022-11-13 20:00:00,5.863291983386951e-73,0,0.0,500.0,john_radcliffe_nhs
2022-11-13 21:00:00,5.624007854417345e-73,0,0.0,500.0,john_radcliffe_nhs
2022-11-13 22:00:00,5.3944890406559997e-73,0,0.0,500.0,john_radcliffe_nhs
2022-11-13 23:00:00,5.1743370142880736e-73,0,0.0,500.0,john_radcliffe_nhs
2022-11-14 00:00:00,4.963169511634743e-73,0,0.0,500.0,john_radcliffe_nhs
2022-11-14 01:00:00,4.7606198694054654e-73,0,0.0,500.0,john_radcliffe_nhs
2022-11-14 02:00:00,4.566336388038049e-73,0,0.0,500.0,john_radcliffe_nhs
2022-11-14 03:00:00,4.3799817210199594e-73,0,0.0,500.0,john_radcliffe_nhs
2022-11-14 04:00:00,4.201232289133004e-73,0,0.0,500.0,john_radcliffe_nhs
2022-11-14 05:00:00,4.029777718602906e-73,0,0.0,500.0,john_radcliffe_nhs
2022-11-14 06:00:00,3.865320302177259e-73,0,0.0,500.0,john_radcliffe_nhs
2022-11-14 07:00:00,3.707574482198266e-73,0,0.0,500.0,john_radcliffe_nhs
2022-11-14 08:00:00,3.556266354771482e-73,0,0.0,500.0,john_radcliffe_nhs
2022-11-14 09:00:00,3.4111331941687846e-73,0,0.0,500.0,john_radcliffe_nhs
2022-11-14 10:00:00,3.2719229966416543e-73,0,0.0,500.0,john_radcliffe_nhs
2022-11-14 11:00:00,3.138394042851643e-73,0,0.0,500.0,john_radcliffe_nhs
2022-11-14 12:00:00,3.010314478157449e-73,0,0.0,500.0,john_radcliffe_nhs
2022-11-14 13:00:00,2.887461910031568e-73,0,0.0,500.0,john_radcliffe_nhs
2022-11-14 14:00:00,2.7696230219065206e-73,0,0.0,500.0,john_radcliffe_nhs
2022-11-14 15:00:00,2.6565932027795117e-73,0,0.0,500.0,john_radcliffe_nhs
2022-11-14 16:00:00,2.5481761919338582e-73,0,0.0,500.0,john_radcliffe_nhs
2022-11-14 17:00:00,2.4441837381594916e-73,0,0.0,500.0,john_radcliffe_nhs
2022-11-14 18:00:00,2.344435272880209e-73,0,0.0,500.0,john_radcliffe_nhs
2022-11-14 19:00:00,2.2487575966214392e-73,0,0.0,500.0,john_radcliffe_nhs
2022-11-14 20:00:00,2.156984578273389e-73,0,0.0,500.0,john_radcliffe_nhs
2022-11-14 21:00:00,2.0689568666268552e-73,0,0.0,500.0,john_radcliffe_nhs
2022-11-14 22:00:00,1.9845216136819993e-73,0,0.0,500.0,john_radcliffe_nhs
2022-11-14 23:00:00,1.9035322092490057e-73,0,0.0,500.0,john_radcliffe_nhs
2022-11-15 00:00:00,1.8258480263793296e-73,0,0.0,500.0,john_radcliffe_nhs
2022-11-15 01:00:00,1.7513341771865472e-73,0,0.0,500.0,john_radcliffe_nhs
2022-11-15 02:00:00,1.6798612786322595e-73,0,0.0,500.0,john_radcliffe_nhs
2022-11-15 03:00:00,1.6113052278699548e-73,0,0.0,500.0,john_radcliffe_nhs
2022-11-15 04:00:00,1.545546986757669e-73,0,0.0,500.0,john_radcliffe_nhs
2022-11-15 05:00:00,1.482472375164767e-73,0,0.0,500.0,john_radcliffe_nhs
2022-11-15 06:00:00,1.421971872713601e-73,0,0.0,500.0,john_radcliffe_nhs
2022-11-15 07:00:00,1.3639404286125976e-73,0,0.0,500.0,john_radcliffe_nhs
2022-11-15 08:00:00,1.308277279250135e-73,0,0.0,500.0,john_radcliffe_nhs
2022-11-15 09:00:00,1.2548857732321694e-73,0,0.0,500.0,john_radcliffe_nhs
2022-11-15 10:00:00,1.2036732035605229e-73,0,0.0,500.0,john_radcliffe_nhs
2022-11-15 11:00:00,1.154550646660046e-73,0,0.0,500.0,john_radcliffe_nhs
2022-11-15 12:00:00,1.1074328079748644e-73,0,0.0,500.0,john_radcliffe_nhs
2022-11-15 13:00:00,1.0622378738662385e-73,0,0.0,500.0,john_radcliffe_nhs
2022-11-15 14:00:00,1.0188873695545321e-73,0,0.0,500.0,john_radcliffe_nhs
2022-11-15 15:00:00,9.773060228583791e-74,0,0.0,500.0,john_radcliffe_nhs
2022-11-15 16:00:00,9.374216334950016e-74,0,0.0,500.0,john_radcliffe_nhs
2022-11-15 17:00:00,8.991649477144408e-74,0,0.0,500.0,john_radcliffe_nhs
2022-11-15 18:00:00,8.624695380497892e-74,0,0.0,500.0,john_radcliffe_nhs
2022-11-15 19:00:00,8.272716879751308e-74,0,0.0,500.0,john_radcliffe_nhs
2022-11-15 20:00:00,7.935102812706337e-74,0,0.0,500.0,john_radcliffe_nhs
2022-11-15 21:00:00,7.611266959025057e-74,0,0.0,500.0,john_radcliffe_nhs
2022-11-15 22:00:00,7.300647022339827e-74,0,0.0,500.0,john_radcliffe_nhs
2022-11-15 23:00:00,7.002703653903653e-74,0,0.0,500.0,john_radcliffe_nhs
2022-11-16 00:00:00,6.716919516084086e-74,0,0.0,500.0,john_radcliffe_nhs
2022-11-16 01:00:00,6.442798384078348e-74,0,0.0,500.0,john_radcliffe_nhs
2022-11-16 02:00:00,6.179864284287802e-74,0,0.0,500.0,john_radcliffe_nhs
2022-11-16 03:00:00,5.927660667854226e-74,0,0.0,500.0,john_radcliffe_nhs
2022-11-16 04:00:00,5.685749617926178e-74,0,0.0,500.0,john_radcliffe_nhs
2022-11-16 05:00:00,5.453711089277153e-74,0,0.0,500.0,john_radcliffe_nhs
2022-11-16 06:00:00,5.231142178953888e-74,0,0.0,500.0,john_radcliffe_nhs
2022-11-16 07:00:00,5.0176564266913985e-74,0,0.0,500.0,john_radcliffe_nhs
2022-11-16 08:00:00,4.812883143878347e-74,0,0.0,500.0,john_radcliffe_nhs
2022-11-16 09:00:00,4.616466769906438e-74,0,0.0,500.0,john_radcliffe_nhs
2022-11-16 10:00:00,4.428066254788849e-74,0,0.0,500.0,john_radcliffe_nhs
2022-11-16 11:00:00,4.247354466974251e-74,0,0.0,500.0,john_radcliffe_nhs
2022-11-16 12:00:00,4.0740176253271436e-74,0,0.0,500.0,john_radcliffe_nhs
2022-11-16 13:00:00,3.907754754290529e-74,0,0.0,500.0,john_radcliffe_nhs
2022-11-16 14:00:00,3.748277161283622e-74,0,0.0,500.0,john_radcliffe_nhs
2022-11-16 15:00:00,3.595307935426253e-74,0,0.0,500.0,john_radcliffe_nhs
2022-11-16 16:00:00,3.448581466721618e-74,0,0.0,500.0,john_radcliffe_nhs
2022-11-16 17:00:00,3.3078429848613755e-74,0,0.0,500.0,john_radcliffe_nhs
2022-11-16 18:00:00,3.172848116851485e-74,0,0.0,500.0,john_radcliffe_nhs
2022-11-16 19:00:00,3.0433624626924696e-74,0,0.0,500.0,john_radcliffe_nhs
2022-11-16 20:00:00,2.9191611883763473e-74,0,0.0,500.0,john_radcliffe_nhs
2022-11-16 21:00:00,2.800028635492801e-74,0,0.0,500.0,john_radcliffe_nhs
2022-11-16 22:00:00,2.6857579467683307e-74,0,0.0,500.0,john_radcliffe_nhs
2022-11-16 23:00:00,2.5761507068872927e-74,0,0.0,500.0,john_radcliffe_nhs
2022-11-17 00:00:00,2.4710165979705686e-74,0,0.0,500.0,john_radcliffe_nhs
2022-11-17 01:00:00,2.3701730691150144e-74,0,0.0,500.0,john_radcliffe_nhs
2022-11-17 02:00:00,2.2734450194191517e-74,0,0.0,500.0,john_radcliffe_nhs
2022-11-17 03:00:00,2.180664493944151e-74,0,0.0,500.0,john_radcliffe_nhs
2022-11-17 04:00:00,2.0916703920834245e-74,0,0.0,500.0,john_radcliffe_nhs
2022-11-17 05:00:00,2.006308187833777e-74,0,0.0,500.0,john_radcliffe_nhs
2022-11-17 06:00:00,1.9244296614819175e-74,0,0.0,500.0,john_radcliffe_nhs
2022-11-17 07:00:00,1.8458926422415284e-74,0,0.0,500.0,john_radcliffe_nhs
2022-11-17 08:00:00,1.7705607613934206e-74,0,0.0,500.0,john_radcliffe_nhs
2022-11-17 09:00:00,1.6983032154997137e-74,0,0.0,500.0,john_radcliffe_nhs
2022-11-17 10:00:00,1.6289945392818433e-74,0,0.0,500.0,john_radcliffe_nhs
2022-11-17 11:00:00,1.5625143877675165e-74,0,0.0,500.0,john_radcliffe_nhs
2022-11-17 12:00:00,1.4987473273279558e-74,0,0.0,500.0,john_radcliffe_nhs
2022-11-17 13:00:00,1.4375826352434468e-74,0,0.0,500.0,john_radcliffe_nhs
2022-11-17 14:00:00,1.3789141074486989e-74,0,0.0,500.0,john_radcliffe_nhs
2022-11-17 15:00:00,1.3226398741238619e-74,0,0.0,500.0,john_radcliffe_nhs
2022-11-17 16:00:00,1.2686622228117417e-74,0,0.0,500.0,john_radcliffe_nhs
2022-11-17 17:00:00,1.2168874287536788e-74,0,0.0,500.0,john_radcliffe_nhs
2022-11-17 18:00:00,1.1672255921491873e-74,0,0.0,500.0,john_radcliffe_nhs
2022-11-17 19:00:00,1.11959048205745e-74,0,0.0,500.0,john_radcliffe_nhs
2022-11-17 20:00:00,1.073899386669254e-74,0,0.0,500.0,john_radcliffe_nhs
2022-11-17 21:00:00,1.030072969689128e-74,0,0.0,500.0,john_radcliffe_nhs
2022-11-17 22:00:00,9.880351325788938e-75,0,0.0,500.0,john_radcliffe_nhs
2022-11-17 23:00:00,9.477128824231134e-75,0,0.0,500.0,john_radcliffe_nhs
2022-11-18 00:00:00,9.090362051867713e-75,0,0.0,500.0,john_radcliffe_nhs
2022-11-18 01:00:00,8.719379441456338e-75,0,0.0,500.0,john_radcliffe_nhs
2022-11-18 02:00:00,8.363536832779164e-75,0,0.0,500.0,john_radcliffe_nhs
2022-11-18 03:00:00,8.022216354145804e-75,0,0.0,500.0,john_radcliffe_nhs
2022-11-18 04:00:00,7.694825349545019e-75,0,0.0,500.0,john_radcliffe_nhs
2022-11-18 05:00:00,7.38079534957979e-75,0,0.0,500.0,john_radcliffe_nhs
2022-11-18 06:00:00,7.079581084397158e-75,0,0.0,500.0,john_radcliffe_nhs
2022-11-18 07:00:00,6.790659536902905e-75,0,0.0,500.0,john_radcliffe_nhs
2022-11-18 08:00:00,6.513529034614951e-75,0,0.0,500.0,john_radcliffe_nhs
2022-11-18 09:00:00,6.247708378576983e-75,0,0.0,500.0,john_radcliffe_nhs
2022-11-18 10:00:00,5.992736007823357e-75,0,0.0,500.0,john_radcliffe_nhs
2022-11-18 11:00:00,5.748169197942524e-75,0,0.0,500.0,john_radcliffe_nhs
2022-11-18 12:00:00,5.513583292346012e-75,0,0.0,500.0,john_radcliffe_nhs
2022-11-18 13:00:00,5.288570964911286e-75,0,0.0,500.0,john_radcliffe_nhs
2022-11-18 14:00:00,5.072741512716455e-75,0,0.0,500.0,john_radcliffe_nhs
2022-11-18 15:00:00,4.865720177637531e-75,0,0.0,500.0,john_radcliffe_nhs
2022-11-18 16:00:00,4.667147495633034e-75,0,0.0,500.0,john_radcliffe_nhs
2022-11-18 17:00:00,4.476678672584567e-75,0,0.0,500.0,john_radcliffe_nhs
2022-11-18 18:00:00,4.2939829856084886e-75,0,0.0,500.0,john_radcliffe_nhs
2022-11-18 19:00:00,4.1187432088016042e-75,0,0.0,500.0,john_radcliffe_nhs
2022-11-18 20:00:00,3.9506550624223977e-75,0,0.0,500.0,john_radcliffe_nhs
2022-11-18 21:00:00,3.789426684550445e-75,0,0.0,500.0,john_radcliffe_nhs
2022-11-18 22:00:00,3.634778124308753e-75,0,0.0,500.0,john_radcliffe_nhs
2022-11-18 23:00:00,3.4864408557679185e-75,0,0.0,500.0,john_radcliffe_nhs
2022-11-19 00:00:00,3.3441573116871805e-75,0,0.0,500.0,john_radcliffe_nhs
2022-11-19 01:00:00,3.2076804362847205e-75,0,0.0,500.0,john_radcliffe_nhs
2022-11-19 02:00:00,3.076773256259574e-75,0,0.0,500.0,john_radcliffe_nhs
2022-11-19 03:00:00,2.9512084693195634e-75,0,0.0,500.0,john_radcliffe_nhs
2022-11-19 04:00:00,2.830768049502469e-75,0,0.0,500.0,john_radcliffe_nhs
2022-11-19 05:00:00,2.7152428686041935e-75,0,0.0,500.0,john_radcliffe_nhs
2022-11-19 06:00:00,2.60443233305594e-75,0,0.0,500.0,john_radcliffe_nhs
2022-11-19 07:00:00,2.498144035621366e-75,0,0.0,500.0,john_radcliffe_nhs
2022-11-19 08:00:00,2.396193421308112e-75,0,0.0,500.0,john_radcliffe_nhs
2022-11-19 09:00:00,2.2984034669130385e-75,0,0.0,500.0,john_radcliffe_nhs
2022-11-19 10:00:00,2.2046043736460364e-75,0,0.0,500.0,john_radcliffe_nhs
2022-11-19 11:00:00,2.114633272297993e-75,0,0.0,500.0,john_radcliffe_nhs
2022-11-19 12:00:00,2.0283339404404515e-75,0,0.0,500.0,john_radcliffe_nhs
2022-11-19 13:00:00,1.9455565311670794e-75,0,0.0,500.0,john_radcliffe_nhs
2022-11-19 14:00:00,1.8661573129053065e-75,0,0.0,500.0,john_radcliffe_nhs
2022-11-19 15:00:00,1.7899984198459063e-75,0,0.0,500.0,john_radcliffe_nhs
2022-11-19 16:00:00,1.7169476125581775e-75,0,0.0,500.0,john_radcliffe_nhs
2022-11-19 17:00:00,1.6468780483745245e-75,0,0.0,500.0,john_radcliffe_nhs
2022-11-19 18:00:00,1.5796680611453322e-75,0,0.0,500.0,john_radcliffe_nhs
2022-11-19 19:00:00,1.5152009499826074e-75,0,0.0,500.0,john_radcliffe_nhs
2022-11-19 20:00:00,1.4533647766250812e-75,0,0.0,500.0,john_radcliffe_nhs
2022-11-19 21:00:00,1.3940521710725687e-75,0,0.0,500.0,john_radcliffe_nhs
2022-11-19 22:00:00,1.3371601451528876e-75,0,0.0,500.0,john_radcliffe_nhs
2022-11-19 23:00:00,1.2825899136971867e-75,0,0.0,500.0,john_radcliffe_nhs
2022-11-20 00:00:00,1.2302467230128726e-75,0,0.0,500.0,john_radcliffe_nhs
2022-11-20 01:00:00,1.1800396863569913e-75,0,0.0,500.0,john_radcliffe_nhs
2022-11-20 02:00:00,1.1318816261240108e-75,0,0.0,500.0,john_radcliffe_nhs
2022-11-20 03:00:00,1.0856889224737086e-75,0,0.0,500.0,john_radcliffe_nhs
2022-11-20 04:00:00,1.0413813681369422e-75,0,0.0,500.0,john_radcliffe_nhs
2022-11-20 05:00:00,9.988820291468546e-76,0,0.0,500.0,john_radcliffe_nhs
2022-11-20 06:00:00,9.581171112534549e-76,0,0.0,500.0,john_radcliffe_nhs
2022-11-20 07:00:00,9.190158317901597e-76,0,0.0,500.0,john_radcliffe_nhs
2022-11-20 08:00:00,8.815102967695148e-76,0,0.0,500.0,john_radcliffe_nhs
2022-11-20 09:00:00,8.455353829944741e-76,0,0.0,500.0,john_radcliffe_nhs
2022-11-20 10:00:00,8.110286249810215e-76,0,0.0,500.0,john_radcliffe_nhs
2022-11-20 11:00:00,7.779301064955243e-76,0,0.0,500.0,john_radcliffe_nhs
2022-11-20 12:00:00,7.46182356518303e-76,0,0.0,500.0,john_radcliffe_nhs
2022-11-20 13:00:00,7.15730249453195e-76,0,0.0,500.0,john_radcliffe_nhs
2022-11-20 14:00:00,6.865209094096046e-76,0,0.0,500.0,john_radcliffe_nhs
2022-11-20 15:00:00,6.585036183906767e-76,0,0.0,500.0,john_radcliffe_nhs
2022-11-20 16:00:00,6.316297282285444e-76,0,0.0,500.0,john_radcliffe_nhs
2022-11-20 17:00:00,6.058525761135357e-76,0,0.0,500.0,john_radcliffe_nhs
2022-11-20 18:00:00,5.811274035705206e-76,0,0.0,500.0,john_radcliffe_nhs
2022-11-20 19:00:00,5.574112787420401e-76,0,0.0,500.0,john_radcliffe_nhs
2022-11-20 20:00:00,5.3466302184309307e-76,0,0.0,500.0,john_radcliffe_nhs
2022-11-20 21:00:00,5.128431336580126e-76,0,0.0,500.0,john_radcliffe_nhs
2022-11-20 22:00:00,4.91913726955569e-76,0,0.0,500.0,john_radcliffe_nhs
2022-11-20 23:00:00,4.718384607030495e-76,0,0.0,500.0,john_radcliffe_nhs
2022-11-21 00:00:00,4.5258247696497376e-76,0,0.0,500.0,john_radcliffe_nhs
2022-11-21 01:00:00,4.3411234037713405e-76,0,0.0,500.0,john_radcliffe_nhs
2022-11-21 02:00:00,4.163959800907246e-76,0,0.0,500.0,john_radcliffe_nhs
2022-11-21 03:00:00,3.9940263408565336e-76,0,0.0,500.0,john_radcliffe_nhs
2022-11-21 04:00:00,3.8310279575657035e-76,0,0.0,500.0,john_radcliffe_nhs
2022-11-21 05:00:00,3.674681626787413e-76,0,0.0,500.0,john_radcliffe_nhs
2022-11-21 06:00:00,3.524715874647176e-76,0,0.0,500.0,john_radcliffe_nhs
2022-11-21 07:00:00,3.380870306266722e-76,0,0.0,500.0,john_radcliffe_nhs
2022-11-21 08:00:00,3.242895153624413e-76,0,0.0,500.0,john_radcliffe_nhs
2022-11-21 09:00:00,3.110550841866887e-76,0,0.0,500.0,john_radcliffe_nhs
2022-11-21 10:00:00,2.9836075733206146e-76,0,0.0,500.0,john_radcliffe_nhs
2022-11-21 11:00:00,2.861844928480141e-76,0,0.0,500.0,john_radcliffe_nhs
2022-11-21 12:00:00,2.7450514832794326e-76,0,0.0,500.0,john_radcliffe_nhs
2022-11-21 13:00:00,2.6330244419833834e-76,0,0.0,500.0,john_radcliffe_nhs
2022-11-21 14:00:00,2.5255692850611572e-76,0,0.0,500.0,john_radcliffe_nhs
2022-11-21 15:00:00,2.4224994314293483e-76,0,0.0,500.0,john_radcliffe_nhs
2022-11-21 16:00:00,2.3236359144798686e-76,0,0.0,500.0,john_radcliffe_nhs
2022-11-21 17:00:00,2.228807071329262e-76,0,0.0,500.0,john_radcliffe_nhs
2022-11-21 18:00:00,2.1378482447493435e-76,0,0.0,500.0,john_radcliffe_nhs
2022-11-21 19:00:00,2.050601497262808e-76,0,0.0,500.0,john_radcliffe_nhs
2022-11-21 20:00:00,1.9669153369067172e-76,0,0.0,500.0,john_radcliffe_nhs
2022-11-21 21:00:00,1.8866444541872097e-76,0,0.0,500.0,john_radcliffe_nhs
2022-11-21 22:00:00,1.8096494697697618e-76,0,0.0,500.0,john_radcliffe_nhs
2022-11-21 23:00:00,1.735796692466314e-76,0,0.0,500.0,john_radcliffe_nhs
2022-11-22 00:00:00,1.664957887098617e-76,0,0.0,500.0,john_radcliffe_nhs
2022-11-22 01:00:00,1.59701005183567e-76,0,0.0,500.0,john_radcliffe_nhs
2022-11-22 02:00:00,1.5318352046181077e-76,0,0.0,500.0,john_radcliffe_nhs
2022-11-22 03:00:00,1.469320178298322e-76,0,0.0,500.0,john_radcliffe_nhs
2022-11-22 04:00:00,1.4093564241414433e-76,0,0.0,500.0,john_radcliffe_nhs
2022-11-22 05:00:00,1.3518398233455199e-76,0,0.0,500.0,john_radcliffe_nhs
2022-11-22 06:00:00,1.2966705062533148e-76,0,0.0,500.0,john_radcliffe_nhs
2022-11-22 07:00:00,1.2437526789425247e-76,0,0.0,500.0,john_radcliffe_nhs
2022-11-22 08:00:00,1.1929944568929279e-76,0,0.0,500.0,john_radcliffe_nhs
2022-11-22 09:00:00,1.1443077054413496e-76,0,0.0,500.0,john_radcliffe_nhs
2022-11-22 10:00:00,1.0976078867480708e-76,0,0.0,500.0,john_radcliffe_nhs
2022-11-22 11:00:00,1.0528139130086004e-76,0,0.0,500.0,john_radcliffe_nhs
2022-11-22 12:00:00,1.0098480056556764e-76,0,0.0,500.0,john_radcliffe_nhs
2022-11-22 13:00:00,9.686355603075959e-77,0,0.0,500.0,john_radcliffe_nhs
2022-11-22 14:00:00,9.291050172280577e-77,0,0.0,500.0,john_radcliffe_nhs
2022-11-22 15:00:00,8.911877370723654e-77,0,0.0,500.0,john_radcliffe_nhs
2022-11-22 16:00:00,8.548178817047475e-77,0,0.0,500.0,john_radcliffe_nhs
2022-11-22 17:00:00,8.199322998795679e-77,0,0.0,500.0,john_radcliffe_nhs
2022-11-22 18:00:00,7.864704175877373e-77,0,0.0,500.0,john_radcliffe_nhs
2022-11-22 19:00:00,7.543741328783647e-77,0,0.0,500.0,john_radcliffe_nhs
2022-11-22 20:00:00,7.235877149727824e-77,0,0.0,500.0,john_radcliffe_nhs
2022-11-22 21:00:00,6.940577074955914e-77,0,0.0,500.0,john_radcliffe_nhs
2022-11-22 22:00:00,6.657328356550968e-77,0,0.0,500.0,john_radcliffe_nhs
2022-11-22 23:00:00,6.385639172117455e-77,0,0.0,500.0,john_radcliffe_nhs
2022-11-23 00:00:00,6.125037770798247e-77,0,0.0,500.0,john_radcliffe_nhs
2022-11-23 01:00:00,5.875071654144825e-77,0,0.0,500.0,john_radcliffe_nhs
2022-11-23 02:00:00,5.635306790416514e-77,0,0.0,500.0,john_radcliffe_nhs
2022-11-23 03:00:00,5.4053268609431066e-77,0,0.0,500.0,john_radcliffe_nhs
2022-11-23 04:00:00,5.1847325372453626e-77,0,0.0,500.0,john_radcliffe_nhs
2022-11-23 05:00:00,4.973140787656512e-77,0,0.0,500.0,john_radcliffe_nhs
2022-11-23 06:00:00,4.770184212239606e-77,0,0.0,500.0,john_radcliffe_nhs
2022-11-23 07:00:00,4.575510404848603e-77,0,0.0,500.0,john_radcliffe_nhs
2022-11-23 08:00:00,4.388781341223986e-77,0,0.0,500.0,john_radcliffe_nhs
2022-11-23 09:00:00,4.209672792059391e-77,0,0.0,500.0,john_radcliffe_nhs
2022-11-23 10:00:00,4.037873760022481e-77,0,0.0,500.0,john_radcliffe_nhs
2022-11-23 11:00:00,3.873085939751234e-77,0,0.0,500.0,john_radcliffe_nhs
2022-11-23 12:00:00,3.715023199887058e-77,0,0.0,500.0,john_radcliffe_nhs
2022-11-23 13:00:00,3.5634110862474525e-77,0,0.0,500.0,john_radcliffe_nhs
2022-11-23 14:00:00,3.417986345274411e-77,0,0.0,500.0,john_radcliffe_nhs
2022-11-23 15:00:00,3.2784964669302408e-77,0,0.0,500.0,john_radcliffe_nhs
2022-11-23 16:00:00,3.1446992462489857e-77,0,0.0,500.0,john_radcliffe_nhs
2022-11-23 17:00:00,3.0163623627811096e-77,0,0.0,500.0,john_radcliffe_nhs
2022-11-23 18:00:00,2.8932629772004772e-77,0,0.0,500.0,john_radcliffe_nhs
2022-11-23 19:00:00,2.7751873443748422e-77,0,0.0,500.0,john_radcliffe_nhs
2022-11-23 20:00:00,2.6619304422270805e-77,0,0.0,500.0,john_radcliffe_nhs
2022-11-23 21:00:00,2.553295615742106e-77,0,0.0,500.0,john_radcliffe_nhs
2022-11-23 22:00:00,2.449094235502767e-77,0,0.0,500.0,john_radcliffe_nhs
2022-11-23 23:00:00,2.3491453701610412e-77,0,0.0,500.0,john_radcliffe_nhs
2022-11-24 00:00:00,2.2532754722752358e-77,0,0.0,500.0,john_radcliffe_nhs
2022-11-24 01:00:00,2.1613180769689794e-77,0,0.0,500.0,john_radcliffe_nhs
2022-11-24 02:00:00,2.0731135128880614e-77,0,0.0,500.0,john_radcliffe_nhs
2022-11-24 03:00:00,1.9885086249527368e-77,0,0.0,500.0,john_radcliffe_nhs
2022-11-24 04:00:00,1.9073565084252182e-77,0,0.0,500.0,john_radcliffe_nhs
2022-11-24 05:00:00,1.829516253829984e-77,0,0.0,500.0,john_radcliffe_nhs
2022-11-24 06:00:00,1.7548527022835432e-77,0,0.0,500.0,john_radcliffe_nhs
2022-11-24 07:00:00,1.6832362108098239e-77,0,0.0,500.0,john_radcliffe_nhs
2022-11-24 08:00:00,1.6145424272331332e-77,0,0.0,500.0,john_radcliffe_nhs
2022-11-24 09:00:00,1.5486520742574342e-77,0,0.0,500.0,john_radcliffe_nhs
2022-11-24 10:00:00,1.4854507423579008e-77,0,0.0,500.0,john_radcliffe_nhs
2022-11-24 11:00:00,1.4248286911246547e-77,0,0.0,500.0,john_radcliffe_nhs
2022-11-24 12:00:00,1.3666806587133945e-77,0,0.0,500.0,john_radcliffe_nhs
2022-11-24 13:00:00,1.3109056790728355e-77,0,0.0,500.0,john_radcliffe_nhs
2022-11-24 14:00:00,1.2574069066311709e-77,0,0.0,500.0,john_radcliffe_nhs
2022-11-24 15:00:00,1.2060914481368451e-77,0,0.0,500.0,john_radcliffe_nhs
2022-11-24 16:00:00,1.1568702013623327e-77,0,0.0,500.0,john_radcliffe_nhs
2022-11-24 17:00:00,1.109657700390486e-77,0,0.0,500.0,john_radcliffe_nhs
2022-11-24 18:00:00,1.064371967214535e-77,0,0.0,500.0,john_radcliffe_nhs
2022-11-24 19:00:00,1.0209343693946759e-77,0,0.0,500.0,john_radcliffe_nhs
2022-11-24 20:00:00,9.792694835237488e-78,0,0.0,500.0,john_radcliffe_nhs
2022-11-24 21:00:00,9.393049642646996e-78,0,0.0,500.0,john_radcliffe_nhs
2022-11-24 22:00:00,9.009714187329586e-78,0,0.0,500.0,john_radcliffe_nhs
2022-11-24 23:00:00,8.642022860053248e-78,0,0.0,500.0,john_radcliffe_nhs
2022-11-25 00:00:00,8.289337215459315e-78,0,0.0,500.0,john_radcliffe_nhs
2022-11-25 01:00:00,7.951044863490845e-78,0,0.0,500.0,john_radcliffe_nhs
2022-11-25 02:00:00,7.626558406062257e-78,0,0.0,500.0,john_radcliffe_nhs
2022-11-25 03:00:00,7.315314417122061e-78,0,0.0,500.0,john_radcliffe_nhs
2022-11-25 04:00:00,7.016772464341827e-78,0,0.0,500.0,john_radcliffe_nhs
2022-11-25 05:00:00,6.730414170730451e-78,0,0.0,500.0,john_radcliffe_nhs
2022-11-25 06:00:00,6.455742314542652e-78,0,0.0,500.0,john_radcliffe_nhs
2022-11-25 07:00:00,6.192279965922541e-78,0,0.0,500.0,john_radcliffe_nhs
2022-11-25 08:00:00,5.939569658781092e-78,0,0.0,500.0,john_radcliffe_nhs
2022-11-25 09:00:00,5.697172596468198e-78,0,0.0,500.0,john_radcliffe_nhs
2022-11-25 10:00:00,5.464667889863287e-78,0,0.0,500.0,john_radcliffe_nhs
2022-11-25 11:00:00,5.241651826559755e-78,0,0.0,500.0,john_radcliffe_nhs
2022-11-25 12:00:00,5.027737169873023e-78,0,0.0,500.0,john_radcliffe_nhs
2022-11-25 13:00:00,4.8225524864578475e-78,0,0.0,500.0,john_radcliffe_nhs
2022-11-25 14:00:00,4.62574150136587e-78,0,0.0,500.0,john_radcliffe_nhs
2022-11-25 15:00:00,4.436962479422382e-78,0,0.0,500.0,john_radcliffe_nhs
2022-11-25 16:00:00,4.25588763185069e-78,0,0.0,500.0,john_radcliffe_nhs
2022-11-25 17:00:00,4.0822025471123975e-78,0,0.0,500.0,john_radcliffe_nhs
2022-11-25 18:00:00,3.9156056449743185e-78,0,0.0,500.0,john_radcliffe_nhs
2022-11-25 19:00:00,3.7558076528563227e-78,0,0.0,500.0,john_radcliffe_nhs
2022-11-25 20:00:00,3.6025311035496363e-78,0,0.0,500.0,john_radcliffe_nhs
2022-11-25 21:00:00,3.4555098534325925e-78,0,0.0,500.0,john_radcliffe_nhs
2022-11-25 22:00:00,3.314488620349224e-78,0,0.0,500.0,john_radcliffe_nhs
2022-11-25 23:00:00,3.1792225403472187e-78,0,0.0,500.0,john_radcliffe_nhs
2022-11-26 00:00:00,3.049476742504813e-78,0,0.0,500.0,john_radcliffe_nhs
2022-11-26 01:00:00,2.9250259411100787e-78,0,0.0,500.0,john_radcliffe_nhs
2022-11-26 02:00:00,2.8056540444835494e-78,0,0.0,500.0,john_radcliffe_nhs
2022-11-26 03:00:00,2.691153779764259e-78,0,0.0,500.0,john_radcliffe_nhs
2022-11-26 04:00:00,2.5813263330092355e-78,0,0.0,500.0,john_radcliffe_nhs
2022-11-26 05:00:00,2.475981003980675e-78,0,0.0,500.0,john_radcliffe_nhs
2022-11-26 06:00:00,2.374934875020785e-78,0,0.0,500.0,john_radcliffe_nhs
2022-11-26 07:00:00,2.2780124934407026e-78,0,0.0,500.0,john_radcliffe_nhs
2022-11-26 08:00:00,2.185045566871242e-78,0,0.0,500.0,john_radcliffe_nhs
2022-11-26 09:00:00,2.095872671045976e-78,0,0.0,500.0,john_radcliffe_nhs
2022-11-26 10:00:00,2.0103389695104307e-78,0,0.0,500.0,john_radcliffe_nhs
2022-11-26 11:00:00,1.9282959447700729e-78,0,0.0,500.0,john_radcliffe_nhs
2022-11-26 12:00:00,1.8496011404097762e-78,0,0.0,500.0,john_radcliffe_nhs
2022-11-26 13:00:00,1.7741179137380626e-78,0,0.0,500.0,john_radcliffe_nhs
2022-11-26 14:00:00,1.701715198526025e-78,0,0.0,500.0,john_radcliffe_nhs
2022-11-26 15:00:00,1.632267277428563e-78,0,0.0,500.0,john_radcliffe_nhs
2022-11-26 16:00:00,1.565653563693685e-78,0,0.0,500.0,john_radcliffe_nhs
2022-11-26 17:00:00,1.5017583917803471e-78,0,0.0,500.0,john_radcliffe_nhs
2022-11-26 18:00:00,1.4404708165208973e-78,0,0.0,500.0,john_radcliffe_nhs
2022-11-26 19:00:00,1.3816844204802103e-78,0,0.0,500.0,john_radcliffe_nhs
2022-11-26 20:00:00,1.3252971291765796e-78,0,0.0,500.0,john_radcliffe_nhs
2022-11-26 21:00:00,1.2712110338431948e-78,0,0.0,500.0,john_radcliffe_nhs
2022-11-26 22:00:00,1.2193322214231774e-78,0,0.0,500.0,john_radcliffe_nhs
2022-11-26 23:00:00,1.169570611502588e-78,0,0.0,500.0,john_radcliffe_nhs
2022-11-27 00:00:00,1.1218397998979806e-78,0,0.0,500.0,john_radcliffe_nhs
2022-11-27 01:00:00,1.0760569086275479e-78,0,0.0,500.0,john_radcliffe_nhs
2022-11-27 02:00:00,1.0321424420050051e-78,0,0.0,500.0,john_radcliffe_nhs
2022-11-27 03:00:00,9.900201486060904e-79,0,0.0,500.0,john_radcliffe_nhs
2022-11-27 04:00:00,9.49616888868566e-79,0,0.0,500.0,john_radcliffe_nhs
2022-11-27 05:00:00,9.108625080955174e-79,0,0.0,500.0,john_radcliffe_nhs
2022-11-27 06:00:00,8.736897146412156e-79,0,0.0,500.0,john_radcliffe_nhs
2022-11-27 07:00:00,8.380339630685295e-79,0,0.0,500.0,john_radcliffe_nhs
2022-11-27 08:00:00,8.0383334207473e-79,0,0.0,500.0,john_radcliffe_nhs
2022-11-27 09:00:00,7.710284669908918e-79,0,0.0,500.0,john_radcliffe_nhs
2022-11-27 10:00:00,7.395623766686706e-79,0,0.0,500.0,john_radcliffe_nhs
2022-11-27 11:00:00,7.093804345751728e-79,0,0.0,500.0,john_radcliffe_nhs
2022-11-27 12:00:00,6.80430233924011e-79,0,0.0,500.0,john_radcliffe_nhs
2022-11-27 13:00:00,6.526615066782036e-79,0,0.0,500.0,john_radcliffe_nhs
2022-11-27 14:00:00,6.260260362667041e-79,0,0.0,500.0,john_radcliffe_nhs
2022-11-27 15:00:00,6.004775738628514e-79,0,0.0,500.0,john_radcliffe_nhs
2022-11-27 16:00:00,5.759717580797099e-79,0,0.0,500.0,john_radcliffe_nhs
2022-11-27 17:00:00,5.52466037942678e-79,0,0.0,500.0,john_radcliffe_nhs
2022-11-27 18:00:00,5.299195990054789e-79,0,0.0,500.0,john_radcliffe_nhs
2022-11-27 19:00:00,5.082932924815479e-79,0,0.0,500.0,john_radcliffe_nhs
2022-11-27 20:00:00,4.87549567267597e-79,0,0.0,500.0,john_radcliffe_nhs
2022-11-27 21:00:00,4.6765240474120596e-79,0,0.0,500.0,john_radcliffe_nhs
2022-11-27 22:00:00,4.4856725621949185e-79,0,0.0,500.0,john_radcliffe_nhs
2022-11-27 23:00:00,4.302609829701141e-79,0,0.0,500.0,john_radcliffe_nhs
2022-11-28 00:00:00,4.127017986703518e-79,0,0.0,500.0,john_radcliffe_nhs
2022-11-28 01:00:00,3.958592142145721e-79,0,0.0,500.0,john_radcliffe_nhs
2022-11-28 02:00:00,3.7970398477412903e-79,0,0.0,500.0,john_radcliffe_nhs
2022-11-28 03:00:00,3.642080590176768e-79,0,0.0,500.0,john_radcliffe_nhs
2022-11-28 04:00:00,3.493445304039318e-79,0,0.0,500.0,john_radcliffe_nhs
2022-11-28 05:00:00,3.3508759046219726e-79,0,0.0,500.0,john_radcliffe_nhs
2022-11-28 06:00:00,3.214124839794473e-79,0,0.0,500.0,john_radcliffe_nhs
2022-11-28 07:00:00,3.082954660163398e-79,0,0.0,500.0,john_radcliffe_nhs
2022-11-28 08:00:00,2.9571376067742455e-79,0,0.0,500.0,john_radcliffe_nhs
2022-11-28 09:00:00,2.836455215638831e-79,0,0.0,500.0,john_radcliffe_nhs
2022-11-28 10:00:00,2.7206979384029427e-79,0,0.0,500.0,john_radcliffe_nhs
2022-11-28 11:00:00,2.6096647784946947e-79,0,0.0,500.0,john_radcliffe_nhs
2022-11-28 12:00:00,2.5031629421211893e-79,0,0.0,500.0,john_radcliffe_nhs
2022-11-28 13:00:00,2.4010075035088913e-79,0,0.0,500.0,john_radcliffe_nhs
2022-11-28 14:00:00,2.3030210838056823e-79,0,0.0,500.0,john_radcliffe_nhs
2022-11-28 15:00:00,2.2090335430864926e-79,0,0.0,500.0,john_radcliffe_nhs
2022-11-28 16:00:00,2.1188816849289685e-79,0,0.0,500.0,john_radcliffe_nhs
2022-11-28 17:00:00,2.0324089730455327e-79,0,0.0,500.0,john_radcliffe_nhs
2022-11-28 18:00:00,1.9494652594793038e-79,0,0.0,500.0,john_radcliffe_nhs
2022-11-28 19:00:00,1.869906523893043e-79,0,0.0,500.0,john_radcliffe_nhs
2022-11-28 20:00:00,1.7935946234978208e-79,0,0.0,500.0,john_radcliffe_nhs
2022-11-28 21:00:00,1.72039705318676e-79,0,0.0,500.0,john_radcliffe_nhs
2022-11-28 22:00:00,1.6501867154583382e-79,0,0.0,500.0,john_radcliffe_nhs
2022-11-28 23:00:00,1.5828416997292104e-79,0,0.0,500.0,john_radcliffe_nhs
2022-11-29 00:00:00,1.5182450706529813e-79,0,0.0,500.0,john_radcliffe_nhs
2022-11-29 01:00:00,1.4562846650782306e-79,0,0.0,500.0,john_radcliffe_nhs
2022-11-29 02:00:00,1.3968528972927644e-79,0,0.0,500.0,john_radcliffe_nhs
2022-11-29 03:00:00,1.3398465722155862e-79,0,0.0,500.0,john_radcliffe_nhs
2022-11-29 04:00:00,1.2851667062129837e-79,0,0.0,500.0,john_radcliffe_nhs
2022-11-29 05:00:00,1.2327183552271826e-79,0,0.0,500.0,john_radcliffe_nhs
2022-11-29 06:00:00,1.1824104499188423e-79,0,0.0,500.0,john_radcliffe_nhs
2022-11-29 07:00:00,1.1341556375378047e-79,0,0.0,500.0,john_radcliffe_nhs
2022-11-29 08:00:00,1.0878701302471657e-79,0,0.0,500.0,john_radcliffe_nhs
2022-11-29 09:00:00,1.0434735596370362e-79,0,0.0,500.0,john_radcliffe_nhs
2022-11-29 10:00:00,1.0008888371759697e-79,0,0.0,500.0,john_radcliffe_nhs
2022-11-29 11:00:00,9.600420203574241e-80,0,0.0,500.0,john_radcliffe_nhs
2022-11-29 12:00:00,9.208621843086065e-80,0,0.0,500.0,john_radcliffe_nhs
2022-11-29 13:00:00,8.832812986392905e-80,0,0.0,500.0,john_radcliffe_nhs
2022-11-29 14:00:00,8.472341093164838e-80,0,0.0,500.0,john_radcliffe_nhs
2022-11-29 15:00:00,8.1265802535963e-80,0,0.0,500.0,john_radcliffe_nhs
2022-11-29 16:00:00,7.79493010160073e-80,0,0.0,500.0,john_radcliffe_nhs
2022-11-29 17:00:00,7.476814772358155e-80,0,0.0,500.0,john_radcliffe_nhs
2022-11-29 18:00:00,7.171681902403872e-80,0,0.0,500.0,john_radcliffe_nhs
2022-11-29 19:00:00,6.879001670526071e-80,0,0.0,500.0,john_radcliffe_nhs
2022-11-29 20:00:00,6.598265877804818e-80,0,0.0,500.0,john_radcliffe_nhs
2022-11-29 21:00:00,6.328987065193414e-80,0,0.0,500.0,john_radcliffe_nhs
2022-11-29 22:00:00,6.070697667113514e-80,0,0.0,500.0,john_radcliffe_nhs
2022-11-29 23:00:00,5.822949199592378e-80,0,0.0,500.0,john_radcliffe_nhs
2022-11-30 00:00:00,5.585311481531157e-80,0,0.0,500.0,john_radcliffe_nhs
2022-11-30 01:00:00,5.357371887755206e-80,0,0.0,500.0,john_radcliffe_nhs
2022-11-30 02:00:00,5.1387346325477236e-80,0,0.0,500.0,john_radcliffe_nhs
2022-11-30 03:00:00,4.929020082421423e-80,0,0.0,500.0,john_radcliffe_nhs
2022-11-30 04:00:00,4.7278640969377554e-80,0,0.0,500.0,john_radcliffe_nhs
2022-11-30 05:00:00,4.534917396427555e-80,0,0.0,500.0,john_radcliffe_nhs
2022-11-30 06:00:00,4.349844955514173e-80,0,0.0,500.0,john_radcliffe_nhs
2022-11-30 07:00:00,4.1723254213884845e-80,0,0.0,500.0,john_radcliffe_nhs
2022-11-30 08:00:00,4.0020505558243144e-80,0,0.0,500.0,john_radcliffe_nhs
2022-11-30 09:00:00,3.8387246999644856e-80,0,0.0,500.0,john_radcliffe_nhs
2022-11-30 10:00:00,3.682064260950304e-80,0,0.0,500.0,john_radcliffe_nhs
2022-11-30 11:00:00,3.531797219501916e-80,0,0.0,500.0,john_radcliffe_nhs
2022-11-30 12:00:00,3.387662657593639e-80,0,0.0,500.0,john_radcliffe_nhs
2022-11-30 13:00:00,3.249410305406081e-80,0,0.0,500.0,john_radcliffe_nhs
2022-11-30 14:00:00,3.1168001067673275e-80,0,0.0,500.0,john_radcliffe_nhs
2022-11-30 15:00:00,2.989601802327885e-80,0,0.0,500.0,john_radcliffe_nhs
2022-11-30 16:00:00,2.8675945297473306e-80,0,0.0,500.0,john_radcliffe_nhs
2022-11-30 17:00:00,2.750566440197503e-80,0,0.0,500.0,john_radcliffe_nhs
2022-11-30 18:00:00,2.6383143305156824e-80,0,0.0,500.0,john_radcliffe_nhs
2022-11-30 19:00:00,2.530643290370549e-80,0,0.0,500.0,john_radcliffe_nhs
2022-11-30 20:00:00,2.427366363827433e-80,0,0.0,500.0,john_radcliffe_nhs
2022-11-30 21:00:00,2.3283042247246402e-80,0,0.0,500.0,john_radcliffe_nhs
2022-11-30 22:00:00,2.233284865298498e-80,0,0.0,500.0,john_radcliffe_nhs
2022-11-30 23:00:00,2.1421432975157414e-80,0,0.0,500.0,john_radcliffe_nhs
2022-12-01 00:00:00,2.0547212665941224e-80,0,0.0,500.0,john_radcliffe_nhs
2022-12-01 01:00:00,1.97086697621498e-80,0,0.0,500.0,john_radcliffe_nhs
2022-12-01 02:00:00,1.8904348249499933e-80,0,0.0,500.0,john_radcliffe_nhs
2022-12-01 03:00:00,1.81328515344401e-80,0,0.0,500.0,john_radcliffe_nhs
2022-12-01 04:00:00,1.7392840019159876e-80,0,0.0,500.0,john_radcliffe_nhs
2022-12-01 05:00:00,1.668302877556421e-80,0,0.0,500.0,john_radcliffe_nhs
2022-12-01 06:00:00,1.6002185314169717e-80,0,0.0,500.0,john_radcliffe_nhs
2022-12-01 07:00:00,1.5349127444057984e-80,0,0.0,500.0,john_radcliffe_nhs
2022-12-01 08:00:00,1.4722721220165088e-80,0,0.0,500.0,john_radcliffe_nhs
2022-12-01 09:00:00,1.4121878974339476e-80,0,0.0,500.0,john_radcliffe_nhs
2022-12-01 10:00:00,1.3545557426757379e-80,0,0.0,500.0,john_radcliffe_nhs
2022-12-01 11:00:00,1.299275587441219e-80,0,0.0,500.0,john_radcliffe_nhs
2022-12-01 12:00:00,1.2462514453529108e-80,0,0.0,500.0,john_radcliffe_nhs
2022-12-01 13:00:00,1.195391247289515e-80,0,0.0,500.0,john_radcliffe_nhs
2022-12-01 14:00:00,1.1466066815206563e-80,0,0.0,500.0,john_radcliffe_nhs
2022-12-01 15:00:00,1.099813040365519e-80,0,0.0,500.0,john_radcliffe_nhs
2022-12-01 16:00:00,1.0549290731097328e-80,0,0.0,500.0,john_radcliffe_nhs
2022-12-01 17:00:00,1.0118768449247807e-80,0,0.0,500.0,john_radcliffe_nhs
2022-12-01 18:00:00,9.705816015447172e-81,0,0.0,500.0,john_radcliffe_nhs
2022-12-01 19:00:00,9.309716394657776e-81,0,0.0,500.0,john_radcliffe_nhs
2022-12-01 20:00:00,8.929781814431919e-81,0,0.0,500.0,john_radcliffe_nhs
2022-12-01 21:00:00,8.56535257068809e-81,0,0.0,500.0,john_radcliffe_nhs
2022-12-01 22:00:00,8.215795882226513e-81,0,0.0,500.0,john_radcliffe_nhs
2022-12-01 23:00:00,7.880504791992417e-81,0,0.0,500.0,john_radcliffe_nhs
2022-12-02 00:00:00,7.558897113177241e-81,0,0.0,500.0,john_radcliffe_nhs
2022-12-02 01:00:00,7.250414418332171e-81,0,0.0,500.0,john_radcliffe_nhs
2022-12-02 02:00:00,6.95452106973637e-81,0,0.0,500.0,john_radcliffe_nhs
2022-12-02 03:00:00,6.670703289334554e-81,0,0.0,500.0,john_radcliffe_nhs
2022-12-02 04:00:00,6.398468266632833e-81,0,0.0,500.0,john_radcliffe_nhs
2022-12-02 05:00:00,6.137343303001653e-81,0,0.0,500.0,john_radcliffe_nhs
2022-12-02 06:00:00,5.886874990898616e-81,0,0.0,500.0,john_radcliffe_nhs
2022-12-02 07:00:00,5.6466284265892995e-81,0,0.0,500.0,john_radcliffe_nhs
2022-12-02 08:00:00,5.416186454997269e-81,0,0.0,500.0,john_radcliffe_nhs
2022-12-02 09:00:00,5.195148945370747e-81,0,0.0,500.0,john_radcliffe_nhs
2022-12-02 10:00:00,4.983132096511185e-81,0,0.0,500.0,john_radcliffe_nhs
2022-12-02 11:00:00,4.77976777035573e-81,0,0.0,500.0,john_radcliffe_nhs
2022-12-02 12:00:00,4.584702852755312e-81,0,0.0,500.0,john_radcliffe_nhs
2022-12-02 13:00:00,4.397598640341001e-81,0,0.0,500.0,john_radcliffe_nhs
2022-12-02 14:00:00,4.2181302524126095e-81,0,0.0,500.0,john_radcliffe_nhs
2022-12-02 15:00:00,4.045986066827321e-81,0,0.0,500.0,john_radcliffe_nhs
2022-12-02 16:00:00,3.880867178911162e-81,0,0.0,500.0,john_radcliffe_nhs
2022-12-02 17:00:00,3.7224868824525053e-81,0,0.0,500.0,john_radcliffe_nhs
2022-12-02 18:00:00,3.5705701718755404e-81,0,0.0,500.0,john_radcliffe_nhs
2022-12-02 19:00:00,3.4248532647313176e-81,0,0.0,500.0,john_radcliffe_nhs
2022-12-02 20:00:00,3.2850831436761225e-81,0,0.0,500.0,john_radcliffe_nhs
2022-12-02 21:00:00,3.1510171171411106e-81,0,0.0,500.0,john_radcliffe_nhs
2022-12-02 22:00:00,3.022422397932127e-81,0,0.0,500.0,john_radcliffe_nhs
2022-12-02 23:00:00,2.899075699027044e-81,0,0.0,500.0,john_radcliffe_nhs
2022-12-03 00:00:00,2.7807628458680717e-81,0,0.0,500.0,john_radcliffe_nhs
2022-12-03 01:00:00,2.6672784044774075e-81,0,0.0,500.0,john_radcliffe_nhs
2022-12-03 02:00:00,2.558425324749637e-81,0,0.0,500.0,john_radcliffe_nhs
2022-12-03 03:00:00,2.454014598300898e-81,0,0.0,500.0,john_radcliffe_nhs
2022-12-03 04:00:00,2.3538649302820937e-81,0,0.0,500.0,john_radcliffe_nhs
2022-12-03 05:00:00,2.257802424585542e-81,0,0.0,500.0,john_radcliffe_nhs
2022-12-03 06:00:00,2.1656602818979225e-81,0,0.0,500.0,john_radcliffe_nhs
2022-12-03 07:00:00,2.0772785100764522e-81,0,0.0,500.0,john_radcliffe_nhs
2022-12-03 08:00:00,1.9925036463447304e-81,0,0.0,500.0,john_radcliffe_nhs
2022-12-03 09:00:00,1.9111884908253983e-81,0,0.0,500.0,john_radcliffe_nhs
2022-12-03 10:00:00,1.8331918509480123e-81,0,0.0,500.0,john_radcliffe_nhs
2022-12-03 11:00:00,1.7583782962877367e-81,0,0.0,500.0,john_radcliffe_nhs
2022-12-03 12:00:00,1.6866179234087416e-81,0,0.0,500.0,john_radcliffe_nhs
2022-12-03 13:00:00,1.617786130304942e-81,0,0.0,500.0,john_radcliffe_nhs
2022-12-03 14:00:00,1.5517634000459057e-81,0,0.0,500.0,john_radcliffe_nhs
2022-12-03 15:00:00,1.488435093251877e-81,0,0.0,500.0,john_radcliffe_nhs
2022-12-03 16:00:00,1.4276912490384303e-81,0,0.0,500.0,john_radcliffe_nhs
2022-12-03 17:00:00,1.369426394084652e-81,0,0.0,500.0,john_radcliffe_nhs
2022-12-03 18:00:00,1.3135393594929947e-81,0,0.0,500.0,john_radcliffe_nhs
2022-12-03 19:00:00,1.2599331051235467e-81,0,0.0,500.0,john_radcliffe_nhs
2022-12-03 20:00:00,1.2085145510972972e-81,0,0.0,500.0,john_radcliffe_nhs
2022-12-03 21:00:00,1.1591944161755213e-81,0,0.0,500.0,john_radcliffe_nhs
2022-12-03 22:00:00,1.1118870627353213e-81,0,0.0,500.0,john_radcliffe_nhs
2022-12-03 23:00:00,1.0665103480717774e-81,0,0.0,500.0,john_radcliffe_nhs
2022-12-04 00:00:00,1.0229854817682558e-81,0,0.0,500.0,john_radcliffe_nhs
2022-12-04 01:00:00,9.81236888887805e-82,0,0.0,500.0,john_radcliffe_nhs
2022-12-04 02:00:00,9.411920787477623e-82,0,0.0,500.0,john_radcliffe_nhs
2022-12-04 03:00:00,9.02781519049496e-82,0,0.0,500.0,john_radcliffe_nhs
2022-12-04 04:00:00,8.659385151452327e-82,0,0.0,500.0,john_radcliffe_nhs
2022-12-04 05:00:00,8.305990942320567e-82,0,0.0,500.0,john_radcliffe_nhs
2022-12-04 06:00:00,7.96701894271796e-82,0,0.0,500.0,john_radcliffe_nhs
2022-12-04 07:00:00,7.641880574443715e-82,0,0.0,500.0,john_radcliffe_nhs
2022-12-04 08:00:00,7.330011279493606e-82,0,0.0,500.0,john_radcliffe_nhs
2022-12-04 09:00:00,7.030869539781398e-82,0,0.0,500.0,john_radcliffe_nhs
2022-12-04 10:00:00,6.743935936867967e-82,0,0.0,500.0,john_radcliffe_nhs
2022-12-04 11:00:00,6.468712250063254e-82,0,0.0,500.0,john_radcliffe_nhs
2022-12-04 12:00:00,6.204720591333464e-82,0,0.0,500.0,john_radcliffe_nhs
2022-12-04 13:00:00,5.951502575514924e-82,0,0.0,500.0,john_radcliffe_nhs
2022-12-04 14:00:00,5.70861852439185e-82,0,0.0,500.0,john_radcliffe_nhs
2022-12-04 15:00:00,5.47564670325464e-82,0,0.0,500.0,john_radcliffe_nhs
2022-12-04 16:00:00,5.2521825886161615e-82,0,0.0,500.0,john_radcliffe_nhs
2022-12-04 17:00:00,5.0378381658128523e-82,0,0.0,500.0,john_radcliffe_nhs
2022-12-04 18:00:00,4.832241255269772e-82,0,0.0,500.0,john_radcliffe_nhs
2022-12-04 19:00:00,4.635034866262505e-82,0,0.0,500.0,john_radcliffe_nhs
2022-12-04 20:00:00,4.4458765770523017e-82,0,0.0,500.0,john_radcliffe_nhs
2022-12-04 21:00:00,4.264437940317071e-82,0,0.0,500.0,john_radcliffe_nhs
2022-12-04 22:00:00,4.0904039128482647e-82,0,0.0,500.0,john_radcliffe_nhs
2022-12-04 23:00:00,3.923472308522059e-82,0,0.0,500.0,john_radcliffe_nhs
2022-12-05 00:00:00,3.763353273594046e-82,0,0.0,500.0,john_radcliffe_nhs
2022-12-05 01:00:00,3.6097687834085034e-82,0,0.0,500.0,john_radcliffe_nhs
2022-12-05 02:00:00,3.462452159647149e-82,0,0.0,500.0,john_radcliffe_nhs
2022-12-05 03:00:00,3.3211476072783433e-82,0,0.0,500.0,john_radcliffe_nhs
2022-12-05 04:00:00,3.185609770404567e-82,0,0.0,500.0,john_radcliffe_nhs
2022-12-05 05:00:00,3.0556033062359525e-82,0,0.0,500.0,john_radcliffe_nhs
2022-12-05 06:00:00,2.930902476449378e-82,0,0.0,500.0,john_radcliffe_nhs
2022-12-05 07:00:00,2.811290755225255e-82,0,0.0,500.0,john_radcliffe_nhs
2022-12-05 08:00:00,2.696560453280476e-82,0,0.0,500.0,john_radcliffe_nhs
2022-12-05 09:00:00,2.5865123572440965e-82,0,0.0,500.0,john_radcliffe_nhs
2022-12-05 10:00:00,2.4809553837509953e-82,0,0.0,500.0,john_radcliffe_nhs
2022-12-05 11:00:00,2.3797062476521335e-82,0,0.0,500.0,john_radcliffe_nhs
2022-12-05 12:00:00,2.2825891437646958e-82,0,0.0,500.0,john_radcliffe_nhs
2022-12-05 13:00:00,2.1894354416108294e-82,0,0.0,500.0,john_radcliffe_nhs
2022-12-05 14:00:00,2.1000833926142178e-82,0,0.0,500.0,john_radcliffe_nhs
2022-12-05 15:00:00,2.0143778492455678e-82,0,0.0,500.0,john_radcliffe_nhs
2022-12-05 16:00:00,1.9321699956304926e-82,0,0.0,500.0,john_radcliffe_nhs
2022-12-05 17:00:00,1.8533170891513957e-82,0,0.0,500.0,john_radcliffe_nhs
2022-12-05 18:00:00,1.7776822125942326e-82,0,0.0,500.0,john_radcliffe_nhs
2022-12-05 19:00:00,1.7051340364108012e-82,0,0.0,500.0,john_radcliffe_nhs
2022-12-05 20:00:00,1.6355465906832052e-82,0,0.0,500.0,john_radcliffe_nhs
2022-12-05 21:00:00,1.5687990463941403e-82,0,0.0,500.0,john_radcliffe_nhs
2022-12-05 22:00:00,1.5047755056241005e-82,0,0.0,500.0,john_radcliffe_nhs
2022-12-05 23:00:00,1.443364800310724e-82,0,0.0,500.0,john_radcliffe_nhs
2022-12-06 00:00:00,1.3844602992204958e-82,0,0.0,500.0,john_radcliffe_nhs
2022-12-06 01:00:00,1.3279597227984373e-82,0,0.0,500.0,john_radcliffe_nhs
2022-12-06 02:00:00,1.2737649655738469e-82,0,0.0,500.0,john_radcliffe_nhs
2022-12-06 03:00:00,1.2217819258134297e-82,0,0.0,500.0,john_radcliffe_nhs
2022-12-06 04:00:00,1.1719203421267189e-82,0,0.0,500.0,john_radcliffe_nhs
2022-12-06 05:00:00,1.1240936367396935e-82,0,0.0,500.0,john_radcliffe_nhs
2022-12-06 06:00:00,1.0782187651641937e-82,0,0.0,500.0,john_radcliffe_nhs
2022-12-06 07:00:00,1.0342160720027088e-82,0,0.0,500.0,john_radcliffe_nhs
2022-12-06 08:00:00,9.920091526378331e-83,0,0.0,500.0,john_radcliffe_nhs
2022-12-06 09:00:00,9.515247205659881e-83,0,0.0,500.0,john_radcliffe_nhs
2022-12-06 10:00:00,9.126924801455974e-83,0,0.0,500.0,john_radcliffe_nhs
2022-12-06 11:00:00,8.754450045384568e-83,0,0.0,500.0,john_radcliffe_nhs
2022-12-06 12:00:00,8.397176186321572e-83,0,0.0,500.0,john_radcliffe_nhs
2022-12-06 13:00:00,8.05448286740742e-83,0,0.0,500.0,john_radcliffe_nhs
2022-12-06 14:00:00,7.72577504888345e-83,0,0.0,500.0,john_radcliffe_nhs
2022-12-06 15:00:00,7.410481974885913e-83,0,0.0,500.0,john_radcliffe_nhs
2022-12-06 16:00:00,7.108056182407739e-83,0,0.0,500.0,john_radcliffe_nhs
2022-12-06 17:00:00,6.817972550704997e-83,0,0.0,500.0,john_radcliffe_nhs
2022-12-06 18:00:00,6.539727389495794e-83,0,0.0,500.0,john_radcliffe_nhs
2022-12-06 19:00:00,6.272837564372113e-83,0,0.0,500.0,john_radcliffe_nhs
2022-12-06 20:00:00,6.016839657903953e-83,0,0.0,500.0,john_radcliffe_nhs
2022-12-06 21:00:00,5.77128916497768e-83,0,0.0,500.0,john_radcliffe_nhs
2022-12-06 22:00:00,5.535759720974688e-83,0,0.0,500.0,john_radcliffe_nhs
2022-12-06 23:00:00,5.3098423614483954e-83,0,0.0,500.0,john_radcliffe_nhs
2022-12-07 00:00:00,5.093144812012839e-83,0,0.0,500.0,john_radcliffe_nhs
2022-12-07 01:00:00,4.885290807212726e-83,0,0.0,500.0,john_radcliffe_nhs
2022-12-07 02:00:00,4.6859194371906816e-83,0,0.0,500.0,john_radcliffe_nhs
2022-12-07 03:00:00,4.4946845210161315e-83,0,0.0,500.0,john_radcliffe_nhs
2022-12-07 04:00:00,4.311254005590228e-83,0,0.0,500.0,john_radcliffe_nhs
2022-12-07 05:00:00,4.135309389081728e-83,0,0.0,500.0,john_radcliffe_nhs
2022-12-07 06:00:00,3.9665451678916615e-83,0,0.0,500.0,john_radcliffe_nhs
2022-12-07 07:00:00,3.804668306188806e-83,0,0.0,500.0,john_radcliffe_nhs
2022-12-07 08:00:00,3.64939772709362e-83,0,0.0,500.0,john_radcliffe_nhs
2022-12-07 09:00:00,3.5004638246262855e-83,0,0.0,500.0,john_radcliffe_nhs
2022-12-07 10:00:00,3.357607995573401e-83,0,0.0,500.0,john_radcliffe_nhs
2022-12-07 11:00:00,3.2205821904593823e-83,0,0.0,500.0,john_radcliffe_nhs
2022-12-07 12:00:00,3.0891484828421234e-83,0,0.0,500.0,john_radcliffe_nhs
2022-12-07 13:00:00,2.9630786561867985e-83,0,0.0,500.0,john_radcliffe_nhs
2022-12-07 14:00:00,2.8421538075995167e-83,0,0.0,500.0,john_radcliffe_nhs
2022-12-07 15:00:00,2.726163967732076e-83,0,0.0,500.0,john_radcliffe_nhs
2022-12-07 16:00:00,2.6149077361993747e-83,0,0.0,500.0,john_radcliffe_nhs
2022-12-07 17:00:00,2.5081919318755875e-83,0,0.0,500.0,john_radcliffe_nhs
2022-12-07 18:00:00,2.405831257461288e-83,0,0.0,500.0,john_radcliffe_nhs
2022-12-07 19:00:00,2.3076479777404446e-83,0,0.0,500.0,john_radcliffe_nhs
2022-12-07 20:00:00,2.2134716109678783e-83,0,0.0,500.0,john_radcliffe_nhs
2022-12-07 21:00:00,2.123138632850789e-83,0,0.0,500.0,john_radcliffe_nhs
2022-12-07 22:00:00,2.0364921926115473e-83,0,0.0,500.0,john_radcliffe_nhs
2022-12-07 23:00:00,1.9533818406380873e-83,0,0.0,500.0,john_radcliffe_nhs
2022-12-08 00:00:00,1.873663267248514e-83,0,0.0,500.0,john_radcliffe_nhs
2022-12-08 01:00:00,1.7971980521174017e-83,0,0.0,500.0,john_radcliffe_nhs
2022-12-08 02:00:00,1.7238534239281078e-83,0,0.0,500.0,john_radcliffe_nhs
2022-12-08 03:00:00,1.6535020298333463e-83,0,0.0,500.0,john_radcliffe_nhs
2022-12-08 04:00:00,1.5860217143246753e-83,0,0.0,500.0,john_radcliffe_nhs
2022-12-08 05:00:00,1.5212953071264046e-83,0,0.0,500.0,john_radcliffe_nhs
2022-12-08 06:00:00,1.4592104197452694e-83,0,0.0,500.0,john_radcliffe_nhs
2022-12-08 07:00:00,1.3996592503234361e-83,0,0.0,500.0,john_radcliffe_nhs
2022-12-08 08:00:00,1.3425383964555328e-83,0,0.0,500.0,john_radcliffe_nhs
2022-12-08 09:00:00,1.2877486756443674e-83,0,0.0,500.0,john_radcliffe_nhs
2022-12-08 10:00:00,1.2351949530843093e-83,0,0.0,500.0,john_radcliffe_nhs
2022-12-08 11:00:00,1.1847859764728973e-83,0,0.0,500.0,john_radcliffe_nhs
2022-12-08 12:00:00,1.1364342175635693e-83,0,0.0,500.0,john_radcliffe_nhs
2022-12-08 13:00:00,1.0900557201850274e-83,0,0.0,500.0,john_radcliffe_nhs
2022-12-08 14:00:00,1.0455699544629971e-83,0,0.0,500.0,john_radcliffe_nhs
2022-12-08 15:00:00,1.0028996769909981e-83,0,0.0,500.0,john_radcliffe_nhs
2022-12-08 16:00:00,9.61970796707907e-84,0,0.0,500.0,john_radcliffe_nhs
2022-12-08 17:00:00,9.227122462491115e-84,0,0.0,500.0,john_radcliffe_nhs
2022-12-08 18:00:00,8.85055858547647e-84,0,0.0,500.0,john_radcliffe_nhs
2022-12-08 19:00:00,8.489362484715637e-84,0,0.0,500.0,john_radcliffe_nhs
2022-12-08 20:00:00,8.142906992917153e-84,0,0.0,500.0,john_radcliffe_nhs
2022-12-08 21:00:00,7.810590537826483e-84,0,0.0,500.0,john_radcliffe_nhs
2022-12-08 22:00:00,7.491836097679414e-84,0,0.0,500.0,john_radcliffe_nhs
2022-12-08 23:00:00,7.18609019928383e-84,0,0.0,500.0,john_radcliffe_nhs
2022-12-09 00:00:00,6.892821956988419e-84,0,0.0,500.0,john_radcliffe_nhs
2022-12-09 01:00:00,6.611522150873545e-84,0,0.0,500.0,john_radcliffe_nhs
2022-12-09 02:00:00,6.3417023425614975e-84,0,0.0,500.0,john_radcliffe_nhs
2022-12-09 03:00:00,6.08289402710937e-84,0,0.0,500.0,john_radcliffe_nhs
2022-12-09 04:00:00,5.834647819515347e-84,0,0.0,500.0,john_radcliffe_nhs
2022-12-09 05:00:00,5.5965326744239945e-84,0,0.0,500.0,john_radcliffe_nhs
2022-12-09 06:00:00,5.368135137674356e-84,0,0.0,500.0,john_radcliffe_nhs
2022-12-09 07:00:00,5.149058628394255e-84,0,0.0,500.0,john_radcliffe_nhs
2022-12-09 08:00:00,4.938922750392657e-84,0,0.0,500.0,john_radcliffe_nhs
2022-12-09 09:00:00,4.737362631653149e-84,0,0.0,500.0,john_radcliffe_nhs
2022-12-09 10:00:00,4.544028290784417e-84,0,0.0,500.0,john_radcliffe_nhs
2022-12-09 11:00:00,4.358584029326111e-84,0,0.0,500.0,john_radcliffe_nhs
2022-12-09 12:00:00,4.180707848853911e-84,0,0.0,500.0,john_radcliffe_nhs
2022-12-09 13:00:00,4.0100908918740205e-84,0,0.0,500.0,john_radcliffe_nhs
2022-12-09 14:00:00,3.846436905534978e-84,0,0.0,500.0,john_radcliffe_nhs
2022-12-09 15:00:00,3.6894617272246835e-84,0,0.0,500.0,john_radcliffe_nhs
2022-12-09 16:00:00,3.5388927911615206e-84,0,0.0,500.0,john_radcliffe_nhs
2022-12-09 17:00:00,3.394468655121694e-84,0,0.0,500.0,john_radcliffe_nhs
2022-12-09 18:00:00,3.255938546480195e-84,0,0.0,500.0,john_radcliffe_nhs
2022-12-09 19:00:00,3.1230619267789957e-84,0,0.0,500.0,john_radcliffe_nhs
2022-12-09 20:00:00,2.9956080740653924e-84,0,0.0,500.0,john_radcliffe_nhs
2022-12-09 21:00:00,2.873355682274562e-84,0,0.0,500.0,john_radcliffe_nhs
2022-12-09 22:00:00,2.756092476962342e-84,0,0.0,500.0,john_radcliffe_nhs
2022-12-09 23:00:00,2.643614846720114e-84,0,0.0,500.0,john_radcliffe_nhs
2022-12-10 00:00:00,2.5357274896311476e-84,0,0.0,500.0,john_radcliffe_nhs
2022-12-10 01:00:00,2.432243074155972e-84,0,0.0,500.0,john_radcliffe_nhs
2022-12-10 02:00:00,2.3329819138571506e-84,0,0.0,500.0,john_radcliffe_nhs
2022-12-10 03:00:00,2.2377716553980993e-84,0,0.0,500.0,john_radcliffe_nhs
2022-12-10 04:00:00,2.14644697927548e-84,0,0.0,500.0,john_radcliffe_nhs
2022-12-10 05:00:00,2.0588493127648163e-84,0,0.0,500.0,john_radcliffe_nhs
2022-12-10 06:00:00,1.9748265545804253e-84,0,0.0,500.0,john_radcliffe_nhs
2022-12-10 07:00:00,1.8942328107726724e-84,0,0.0,500.0,john_radcliffe_nhs
2022-12-10 08:00:00,1.8169281414033737e-84,0,0.0,500.0,john_radcliffe_nhs
2022-12-10 09:00:00,1.742778317559034e-84,0,0.0,500.0,john_radcliffe_nhs
2022-12-10 10:00:00,1.6716545882809951e-84,0,0.0,500.0,john_radcliffe_nhs
2022-12-10 11:00:00,1.603433457007263e-84,0,0.0,500.0,john_radcliffe_nhs
2022-12-10 12:00:00,1.5379964671374398e-84,0,0.0,500.0,john_radcliffe_nhs
2022-12-10 13:00:00,1.4752299963493055e-84,0,0.0,500.0,john_radcliffe_nhs
2022-12-10 14:00:00,1.4150250593094196e-84,0,0.0,500.0,john_radcliffe_nhs
2022-12-10 15:00:00,1.357277118434841e-84,0,0.0,500.0,john_radcliffe_nhs
2022-12-10 16:00:00,1.3018859023781458e-84,0,0.0,500.0,john_radcliffe_nhs
2022-12-10 17:00:00,1.248755231920146e-84,0,0.0,500.0,john_radcliffe_nhs
2022-12-10 18:00:00,1.1977928529676922e-84,0,0.0,500.0,john_radcliffe_nhs
2022-12-10 19:00:00,1.1489102763672646e-84,0,0.0,500.0,john_radcliffe_nhs
2022-12-10 20:00:00,1.102022624255837e-84,0,0.0,500.0,john_radcliffe_nhs
2022-12-10 21:00:00,1.057048482681954e-84,0,0.0,500.0,john_radcliffe_nhs
2022-12-10 22:00:00,1.0139097602417226e-84,0,0.0,500.0,john_radcliffe_nhs
2022-12-10 23:00:00,9.725315524839235e-85,0,0.0,500.0,john_radcliffe_nhs
2022-12-11 00:00:00,9.328420118485708e-85,0,0.0,500.0,john_radcliffe_nhs
2022-12-11 01:00:00,8.947722229136099e-85,0,0.0,500.0,john_radcliffe_nhs
2022-12-11 02:00:00,8.582560827328505e-85,0,0.0,500.0,john_radcliffe_nhs
2022-12-11 03:00:00,8.232301860571462e-85,0,0.0,500.0,john_radcliffe_nhs
2022-12-11 04:00:00,7.896337152399941e-85,0,0.0,500.0,john_radcliffe_nhs
2022-12-11 05:00:00,7.574083346361287e-85,0,0.0,500.0,john_radcliffe_nhs
2022-12-11 06:00:00,7.264980893095717e-85,0,0.0,500.0,john_radcliffe_nhs
2022-12-11 07:00:00,6.96849307875661e-85,0,0.0,500.0,john_radcliffe_nhs
2022-12-11 08:00:00,6.684105093081403e-85,0,0.0,500.0,john_radcliffe_nhs
2022-12-11 09:00:00,6.411323135493238e-85,0,0.0,500.0,john_radcliffe_nhs
2022-12-11 10:00:00,6.149673557684901e-85,0,0.0,500.0,john_radcliffe_nhs
2022-12-11 11:00:00,5.898702041194258e-85,0,0.0,500.0,john_radcliffe_nhs
2022-12-11 12:00:00,5.657972808541738e-85,0,0.0,500.0,john_radcliffe_nhs
2022-12-11 13:00:00,5.427067866563313e-85,0,0.0,500.0,john_radcliffe_nhs
2022-12-11 14:00:00,5.205586280623363e-85,0,0.0,500.0,john_radcliffe_nhs
2022-12-11 15:00:00,4.993143478445949e-85,0,0.0,500.0,john_radcliffe_nhs
2022-12-11 16:00:00,4.7893705823585126e-85,0,0.0,500.0,john_radcliffe_nhs
2022-12-11 17:00:00,4.5939137687869823e-85,0,0.0,500.0,john_radcliffe_nhs
2022-12-11 18:00:00,4.4064336538890225e-85,0,0.0,500.0,john_radcliffe_nhs
2022-12-11 19:00:00,4.226604704261168e-85,0,0.0,500.0,john_radcliffe_nhs
2022-12-11 20:00:00,4.0541146716952366e-85,0,0.0,500.0,john_radcliffe_nhs
2022-12-11 21:00:00,3.888664051001583e-85,0,0.0,500.0,john_radcliffe_nhs
2022-12-11 22:00:00,3.7299655599599604e-85,0,0.0,500.0,john_radcliffe_nhs
2022-12-11 23:00:00,3.57774364049381e-85,0,0.0,500.0,john_radcliffe_nhs
2022-12-12 00:00:00,3.431733980200962e-85,0,0.0,500.0,john_radcliffe_nhs
2022-12-12 01:00:00,3.29168305341188e-85,0,0.0,500.0,john_radcliffe_nhs
2022-12-12 02:00:00,3.1573476809775217e-85,0,0.0,500.0,john_radcliffe_nhs
2022-12-12 03:00:00,3.0284946080216545e-85,0,0.0,500.0,john_radcliffe_nhs
2022-12-12 04:00:00,2.904900098926188e-85,0,0.0,500.0,john_radcliffe_nhs
2022-12-12 05:00:00,2.7863495488453185e-85,0,0.0,500.0,john_radcliffe_nhs
2022-12-12 06:00:00,2.6726371110732586e-85,0,0.0,500.0,john_radcliffe_nhs
2022-12-12 07:00:00,2.5635653396200454e-85,0,0.0,500.0,john_radcliffe_nhs
2022-12-12 08:00:00,2.4589448463739782e-85,0,0.0,500.0,john_radcliffe_nhs
2022-12-12 09:00:00,2.358593972254792e-85,0,0.0,500.0,john_radcliffe_nhs
2022-12-12 10:00:00,2.2623384717879168e-85,0,0.0,500.0,john_radcliffe_nhs
2022-12-12 11:00:00,2.1700112105513897e-85,0,0.0,500.0,john_radcliffe_nhs
2022-12-12 12:00:00,2.081451874969551e-85,0,0.0,500.0,john_radcliffe_nhs
2022-12-12 13:00:00,1.9965066939508035e-85,0,0.0,500.0,john_radcliffe_nhs
2022-12-12 14:00:00,1.91502817188545e-85,0,0.0,500.0,john_radcliffe_nhs
2022-12-12 15:00:00,1.836874832539527e-85,0,0.0,500.0,john_radcliffe_nhs
2022-12-12 16:00:00,1.761910973400995e-85,0,0.0,500.0,john_radcliffe_nhs
2022-12-12 17:00:00,1.6900064300511496e-85,0,0.0,500.0,john_radcliffe_nhs
2022-12-12 18:00:00,1.6210363501517304e-85,0,0.0,500.0,john_radcliffe_nhs
2022-12-12 19:00:00,1.5548809766561873e-85,0,0.0,500.0,john_radcliffe_nhs
2022-12-12 20:00:00,1.4914254398681893e-85,0,0.0,500.0,john_radcliffe_nhs
2022-12-12 21:00:00,1.4305595579859395e-85,0,0.0,500.0,john_radcliffe_nhs
2022-12-12 22:00:00,1.372177645786796e-85,0,0.0,500.0,john_radcliffe_nhs
2022-12-12 23:00:00,1.3161783311195448e-85,0,0.0,500.0,john_radcliffe_nhs
2022-12-13 00:00:00,1.2624643788853795e-85,0,0.0,500.0,john_radcliffe_nhs
2022-12-13 01:00:00,1.2109425222026696e-85,0,0.0,500.0,john_radcliffe_nhs
2022-12-13 02:00:00,1.16152330046196e-85,0,0.0,500.0,john_radcliffe_nhs
2022-12-13 03:00:00,1.1141209039897325e-85,0,0.0,500.0,john_radcliffe_nhs
2022-12-13 04:00:00,1.0686530250518335e-85,0,0.0,500.0,john_radcliffe_nhs
2022-12-13 05:00:00,1.0250407149375161e-85,0,0.0,500.0,john_radcliffe_nhs
2022-12-13 06:00:00,9.832082468756883e-86,0,0.0,500.0,john_radcliffe_nhs
2022-12-13 07:00:00,9.43082984545901e-86,0,0.0,500.0,john_radcliffe_nhs
2022-12-13 08:00:00,9.045952559554573e-86,0,0.0,500.0,john_radcliffe_nhs
2022-12-13 09:00:00,8.676782324634253e-86,0,0.0,500.0,john_radcliffe_nhs
2022-12-13 10:00:00,8.322678127419936e-86,0,0.0,500.0,john_radcliffe_nhs
2022-12-13 11:00:00,7.983025114734103e-86,0,0.0,500.0,john_radcliffe_nhs
2022-12-13 12:00:00,7.657233525890492e-86,0,0.0,500.0,john_radcliffe_nhs
2022-12-13 13:00:00,7.344737668656654e-86,0,0.0,500.0,john_radcliffe_nhs
2022-12-13 14:00:00,7.04499493700788e-86,0,0.0,500.0,john_radcliffe_nhs
2022-12-13 15:00:00,6.75748486896528e-86,0,0.0,500.0,john_radcliffe_nhs
2022-12-13 16:00:00,6.4817082428859e-86,0,0.0,500.0,john_radcliffe_nhs
2022-12-13 17:00:00,6.2171862106336114e-86,0,0.0,500.0,john_radcliffe_nhs
2022-12-13 18:00:00,5.9634594661241295e-86,0,0.0,500.0,john_radcliffe_nhs
2022-12-13 19:00:00,5.720087447803847e-86,0,0.0,500.0,john_radcliffe_nhs
2022-12-13 20:00:00,5.486647573675819e-86,0,0.0,500.0,john_radcliffe_nhs
2022-12-13 21:00:00,5.26273450754333e-86,0,0.0,500.0,john_radcliffe_nhs
2022-12-13 22:00:00,5.0479594551999185e-86,0,0.0,500.0,john_radcliffe_nhs
2022-12-13 23:00:00,4.841949489342196e-86,0,0.0,500.0,john_radcliffe_nhs
2022-12-14 00:00:00,4.6443469020320536e-86,0,0.0,500.0,john_radcliffe_nhs
2022-12-14 01:00:00,4.454808583586549e-86,0,0.0,500.0,john_radcliffe_nhs
2022-12-14 02:00:00,4.273005426815552e-86,0,0.0,500.0,john_radcliffe_nhs
2022-12-14 03:00:00,4.098621755571649e-86,0,0.0,500.0,john_radcliffe_nhs
2022-12-14 04:00:00,3.9313547766223984e-86,0,0.0,500.0,john_radcliffe_nhs
2022-12-14 05:00:00,3.770914053891892e-86,0,0.0,500.0,john_radcliffe_nhs
2022-12-14 06:00:00,3.6170210041578176e-86,0,0.0,500.0,john_radcliffe_nhs
2022-12-14 07:00:00,3.469408413330421e-86,0,0.0,500.0,john_radcliffe_nhs
2022-12-14 08:00:00,3.327819972472314e-86,0,0.0,500.0,john_radcliffe_nhs
2022-12-14 09:00:00,3.1920098327526964e-86,0,0.0,500.0,john_radcliffe_nhs
2022-12-14 10:00:00,3.061742178565032e-86,0,0.0,500.0,john_radcliffe_nhs
2022-12-14 11:00:00,2.9367908180659708e-86,0,0.0,500.0,john_radcliffe_nhs
2022-12-14 12:00:00,2.816938790423827e-86,0,0.0,500.0,john_radcliffe_nhs
2022-12-14 13:00:00,2.7019779890962518e-86,0,0.0,500.0,john_radcliffe_nhs
2022-12-14 14:00:00,2.5917088004820993e-86,0,0.0,500.0,john_radcliffe_nhs
2022-12-14 15:00:00,2.485939757319424e-86,0,0.0,500.0,john_radcliffe_nhs
2022-12-14 16:00:00,2.3844872062291956e-86,0,0.0,500.0,john_radcliffe_nhs
2022-12-14 17:00:00,2.2871749888266895e-86,0,0.0,500.0,john_radcliffe_nhs
2022-12-14 18:00:00,2.1938341358462927e-86,0,0.0,500.0,john_radcliffe_nhs
2022-12-14 19:00:00,2.104302573749861e-86,0,0.0,500.0,john_radcliffe_nhs
2022-12-14 20:00:00,2.0184248433085107e-86,0,0.0,500.0,john_radcliffe_nhs
2022-12-14 21:00:00,1.9360518296687058e-86,0,0.0,500.0,john_radcliffe_nhs
2022-12-14 22:00:00,1.8570405034350444e-86,0,0.0,500.0,john_radcliffe_nhs
2022-12-14 23:00:00,1.781253672319558e-86,0,0.0,500.0,john_radcliffe_nhs
2022-12-15 00:00:00,1.7085597429258715e-86,0,0.0,500.0,john_radcliffe_nhs
2022-12-15 01:00:00,1.638832492255564e-86,0,0.0,500.0,john_radcliffe_nhs
2022-12-15 02:00:00,1.5719508485394454e-86,0,0.0,500.0,john_radcliffe_nhs
2022-12-15 03:00:00,1.5077986810128144e-86,0,0.0,500.0,john_radcliffe_nhs
2022-12-15 04:00:00,1.4462645982705283e-86,0,0.0,500.0,john_radcliffe_nhs
2022-12-15 05:00:00,1.3872417548512871e-86,0,0.0,500.0,john_radcliffe_nhs
2022-12-15 06:00:00,1.3306276657149469e-86,0,0.0,500.0,john_radcliffe_nhs
2022-12-15 07:00:00,1.2763240282914955e-86,0,0.0,500.0,john_radcliffe_nhs
2022-12-15 08:00:00,1.2242365517922795e-86,0,0.0,500.0,john_radcliffe_nhs
2022-12-15 09:00:00,1.1742747934868111e-86,0,0.0,500.0,john_radcliffe_nhs
2022-12-15 10:00:00,1.1263520016615386e-86,0,0.0,500.0,john_radcliffe_nhs
2022-12-15 11:00:00,1.0803849649875322e-86,0,0.0,500.0,john_radcliffe_nhs
2022-12-15 12:00:00,1.0362938680352762e-86,0,0.0,500.0,john_radcliffe_nhs
2022-12-15 13:00:00,9.940021526862667e-87,0,0.0,500.0,john_radcliffe_nhs
2022-12-15 14:00:00,9.534363852004638e-87,0,0.0,500.0,john_radcliffe_nhs
2022-12-15 15:00:00,9.145261287085406e-87,0,0.0,500.0,john_radcliffe_nhs
2022-12-15 16:00:00,8.772038209080504e-87,0,0.0,500.0,john_radcliffe_nhs
2022-12-15 17:00:00,8.414046567508625e-87,0,0.0,500.0,john_radcliffe_nhs
2022-12-15 18:00:00,8.070664759179682e-87,0,0.0,500.0,john_radcliffe_nhs
2022-12-15 19:00:00,7.741296548867267e-87,0,0.0,500.0,john_radcliffe_nhs
2022-12-15 20:00:00,7.425370034028908e-87,0,0.0,500.0,john_radcliffe_nhs
2022-12-15 21:00:00,7.122336651774719e-87,0,0.0,500.0,john_radcliffe_nhs
2022-12-15 22:00:00,6.83167022636418e-87,0,0.0,500.0,john_radcliffe_nhs
2022-12-15 23:00:00,6.552866055574983e-87,0,0.0,500.0,john_radcliffe_nhs
2022-12-16 00:00:00,6.285440034355928e-87,0,0.0,500.0,john_radcliffe_nhs
2022-12-16 01:00:00,6.028927814245791e-87,0,0.0,500.0,john_radcliffe_nhs
2022-12-16 02:00:00,5.782883997096658e-87,0,0.0,500.0,john_radcliffe_nhs
2022-12-16 03:00:00,5.546881361700319e-87,0,0.0,500.0,john_radcliffe_nhs
2022-12-16 04:00:00,5.320510121978025e-87,0,0.0,500.0,john_radcliffe_nhs
2022-12-16 05:00:00,5.103377215443825e-87,0,0.0,500.0,john_radcliffe_nhs
2022-12-16 06:00:00,4.895105620704754e-87,0,0.0,500.0,john_radcliffe_nhs
2022-12-16 07:00:00,4.695333702815595e-87,0,0.0,500.0,john_radcliffe_nhs
2022-12-16 08:00:00,4.503714585349973e-87,0,0.0,500.0,john_radcliffe_nhs
2022-12-16 09:00:00,4.319915548096389e-87,0,0.0,500.0,john_radcliffe_nhs
2022-12-16 10:00:00,4.143617449335822e-87,0,0.0,500.0,john_radcliffe_nhs
2022-12-16 11:00:00,3.9745141716964163e-87,0,0.0,500.0,john_radcliffe_nhs
2022-12-16 12:00:00,3.812312090622098e-87,0,0.0,500.0,john_radcliffe_nhs
2022-12-16 13:00:00,3.6567295645343446e-87,0,0.0,500.0,john_radcliffe_nhs
2022-12-16 14:00:00,3.5074964458006663e-87,0,0.0,500.0,john_radcliffe_nhs
2022-12-16 15:00:00,3.364353611659805e-87,0,0.0,500.0,john_radcliffe_nhs
2022-12-16 16:00:00,3.227052514291075e-87,0,0.0,500.0,john_radcliffe_nhs
2022-12-16 17:00:00,3.0953547492455655e-87,0,0.0,500.0,john_radcliffe_nhs
2022-12-16 18:00:00,2.969031641489075e-87,0,0.0,500.0,john_radcliffe_nhs
2022-12-16 19:00:00,2.847863848339705e-87,0,0.0,500.0,john_radcliffe_nhs
2022-12-16 20:00:00,2.7316409786097284e-87,0,0.0,500.0,john_radcliffe_nhs
2022-12-16 21:00:00,2.620161227289765e-87,0,0.0,500.0,john_radcliffe_nhs
2022-12-16 22:00:00,2.513231025142436e-87,0,0.0,500.0,john_radcliffe_nhs
2022-12-16 23:00:00,2.410664702596238e-87,0,0.0,500.0,john_radcliffe_nhs
2022-12-17 00:00:00,2.31228416735547e-87,0,0.0,500.0,john_radcliffe_nhs
2022-12-17 01:00:00,2.2179185951677067e-87,0,0.0,500.0,john_radcliffe_nhs
2022-12-17 02:00:00,2.1274041332111955e-87,0,0.0,500.0,john_radcliffe_nhs
2022-12-17 03:00:00,2.0405836155866023e-87,0,0.0,500.0,john_radcliffe_nhs
2022-12-17 04:00:00,1.9573062904202785e-87,0,0.0,500.0,john_radcliffe_nhs
2022-12-17 05:00:00,1.8774275581045458e-87,0,0.0,500.0,john_radcliffe_nhs
2022-12-17 06:00:00,1.8008087202200511e-87,0,0.0,500.0,john_radcliffe_nhs
2022-12-17 07:00:00,1.7273167387052403e-87,0,0.0,500.0,john_radcliffe_nhs
2022-12-17 08:00:00,1.6568240048542222e-87,0,0.0,500.0,john_radcliffe_nhs
2022-12-17 09:00:00,1.5892081177415244e-87,0,0.0,500.0,john_radcliffe_nhs
2022-12-17 10:00:00,1.5243516716898991e-87,0,0.0,500.0,john_radcliffe_nhs
2022-12-17 11:00:00,1.4621420524116558e-87,0,0.0,500.0,john_radcliffe_nhs
2022-12-17 12:00:00,1.4024712414691905e-87,0,0.0,500.0,john_radcliffe_nhs
2022-12-17 13:00:00,1.3452356287159863e-87,0,0.0,500.0,john_radcliffe_nhs
2022-12-17 14:00:00,1.2903358323919692e-87,0,0.0,500.0,john_radcliffe_nhs
2022-12-17 15:00:00,1.2376765265605327e-87,0,0.0,500.0,john_radcliffe_nhs
2022-12-17 16:00:00,1.1871662755882986e-87,0,0.0,500.0,john_radcliffe_nhs
2022-12-17 17:00:00,1.1387173753798286e-87,0,0.0,500.0,john_radcliffe_nhs
2022-12-17 18:00:00,1.092245701091331e-87,0,0.0,500.0,john_radcliffe_nhs
2022-12-17 19:00:00,1.047670561059564e-87,0,0.0,500.0,john_radcliffe_nhs
2022-12-17 20:00:00,1.0049145566919587e-87,0,0.0,500.0,john_radcliffe_nhs
2022-12-17 21:00:00,9.639034480744394e-88,0,0.0,500.0,john_radcliffe_nhs
2022-12-17 22:00:00,9.245660250641302e-88,0,0.0,500.0,john_radcliffe_nhs
2022-12-17 23:00:00,8.868339836428253e-88,0,0.0,500.0,john_radcliffe_nhs
2022-12-18 00:00:00,8.506418073163041e-88,0,0.0,500.0,john_radcliffe_nhs
2022-12-18 01:00:00,8.159266533540463e-88,0,0.0,500.0,john_radcliffe_nhs
2022-12-18 02:00:00,7.826282436715512e-88,0,0.0,500.0,john_radcliffe_nhs
2022-12-18 03:00:00,7.506887601656005e-88,0,0.0,500.0,john_radcliffe_nhs
2022-12-18 04:00:00,7.200527443211608e-88,0,0.0,500.0,john_radcliffe_nhs
2022-12-18 05:00:00,6.906670009153658e-88,0,0.0,500.0,john_radcliffe_nhs
2022-12-18 06:00:00,6.624805056512127e-88,0,0.0,500.0,john_radcliffe_nhs
2022-12-18 07:00:00,6.354443165609621e-88,0,0.0,500.0,john_radcliffe_nhs
2022-12-18 08:00:00,6.095114890252023e-88,0,0.0,500.0,john_radcliffe_nhs
2022-12-18 09:00:00,5.846369942598718e-88,0,0.0,500.0,john_radcliffe_nhs
2022-12-18 10:00:00,5.607776411300341e-88,0,0.0,500.0,john_radcliffe_nhs
2022-12-18 11:00:00,5.378920011544656e-88,0,0.0,500.0,john_radcliffe_nhs
2022-12-18 12:00:00,5.159403365707047e-88,0,0.0,500.0,john_radcliffe_nhs
2022-12-18 13:00:00,4.94884531335951e-88,0,0.0,500.0,john_radcliffe_nhs
2022-12-18 14:00:00,4.746880249438456e-88,0,0.0,500.0,john_radcliffe_nhs
2022-12-18 15:00:00,4.553157489421005e-88,0,0.0,500.0,john_radcliffe_nhs
2022-12-18 16:00:00,4.3673406604100584e-88,0,0.0,500.0,john_radcliffe_nhs
2022-12-18 17:00:00,4.189107117069428e-88,0,0.0,500.0,john_radcliffe_nhs
2022-12-18 18:00:00,4.01814738139389e-88,0,0.0,500.0,john_radcliffe_nhs
2022-12-18 19:00:00,3.8541646053436374e-88,0,0.0,500.0,john_radcliffe_nhs
2022-12-18 20:00:00,3.6968740554088547e-88,0,0.0,500.0,john_radcliffe_nhs
2022-12-18 21:00:00,3.546002618208511e-88,0,0.0,500.0,john_radcliffe_nhs
2022-12-18 22:00:00,3.40128832626694e-88,0,0.0,500.0,john_radcliffe_nhs
2022-12-18 23:00:00,3.2624799031436664e-88,0,0.0,500.0,john_radcliffe_nhs
2022-12-19 00:00:00,3.129336327125876e-88,0,0.0,500.0,john_radcliffe_nhs
2022-12-19 01:00:00,3.0016264127277174e-88,0,0.0,500.0,john_radcliffe_nhs
2022-12-19 02:00:00,2.8791284092687766e-88,0,0.0,500.0,john_radcliffe_nhs
2022-12-19 03:00:00,2.7616296158340404e-88,0,0.0,500.0,john_radcliffe_nhs
2022-12-19 04:00:00,2.648926011948321e-88,0,0.0,500.0,john_radcliffe_nhs
2022-12-19 05:00:00,2.540821903323008e-88,0,0.0,500.0,john_radcliffe_nhs
2022-12-19 06:00:00,2.4371295820594265e-88,0,0.0,500.0,john_radcliffe_nhs
2022-12-19 07:00:00,2.337669000720158e-88,0,0.0,500.0,john_radcliffe_nhs
2022-12-19 08:00:00,2.242267459701651e-88,0,0.0,500.0,john_radcliffe_nhs
2022-12-19 09:00:00,2.1507593073647334e-88,0,0.0,500.0,john_radcliffe_nhs
2022-12-19 10:00:00,2.062985652403566e-88,0,0.0,500.0,john_radcliffe_nhs
2022-12-19 11:00:00,1.9787940879529363e-88,0,0.0,500.0,john_radcliffe_nhs
2022-12-19 12:00:00,1.8980384269543673e-88,0,0.0,500.0,john_radcliffe_nhs
2022-12-19 13:00:00,1.820578448322608e-88,0,0.0,500.0,john_radcliffe_nhs
2022-12-19 14:00:00,1.7462796534711757e-88,0,0.0,500.0,john_radcliffe_nhs
2022-12-19 15:00:00,1.675013032773767e-88,0,0.0,500.0,john_radcliffe_nhs
2022-12-19 16:00:00,1.6066548415569704e-88,0,0.0,500.0,john_radcliffe_nhs
2022-12-19 17:00:00,1.541086385234813e-88,0,0.0,500.0,john_radcliffe_nhs
2022-12-19 18:00:00,1.4781938132116786e-88,0,0.0,500.0,john_radcliffe_nhs
2022-12-19 19:00:00,1.41786792119657e-88,0,0.0,500.0,john_radcliffe_nhs
2022-12-19 20:00:00,1.360003961585013e-88,0,0.0,500.0,john_radcliffe_nhs
2022-12-19 21:00:00,1.3045014615790185e-88,0,0.0,500.0,john_radcliffe_nhs
2022-12-19 22:00:00,1.2512640487300323e-88,0,0.0,500.0,john_radcliffe_nhs
2022-12-19 23:00:00,1.2001992836015531e-88,0,0.0,500.0,john_radcliffe_nhs
2022-12-20 00:00:00,1.1512184992605614e-88,0,0.0,500.0,john_radcliffe_nhs
2022-12-20 01:00:00,1.1042366473197138e-88,0,0.0,500.0,john_radcliffe_nhs
2022-12-20 02:00:00,1.0591721502626212e-88,0,0.0,500.0,john_radcliffe_nhs
2022-12-20 03:00:00,1.0159467597955316e-88,0,0.0,500.0,john_radcliffe_nhs
2022-12-20 04:00:00,9.744854209800456e-89,0,0.0,500.0,john_radcliffe_nhs
2022-12-20 05:00:00,9.347161419106289e-89,0,0.0,500.0,john_radcliffe_nhs
2022-12-20 06:00:00,8.965698687104128e-89,0,0.0,500.0,john_radcliffe_nhs
2022-12-20 07:00:00,8.599803656287356e-89,0,0.0,500.0,john_radcliffe_nhs
2022-12-20 08:00:00,8.24884100031953e-89,0,0.0,500.0,john_radcliffe_nhs
2022-12-20 09:00:00,7.912201320876165e-89,0,0.0,500.0,john_radcliffe_nhs
2022-12-20 10:00:00,7.589300089509272e-89,0,0.0,500.0,john_radcliffe_nhs
2022-12-20 11:00:00,7.2795766326948e-89,0,0.0,500.0,john_radcliffe_nhs
2022-12-20 12:00:00,6.982493158298959e-89,0,0.0,500.0,john_radcliffe_nhs
2022-12-20 13:00:00,6.697533821776924e-89,0,0.0,500.0,john_radcliffe_nhs
2022-12-20 14:00:00,6.42420383048036e-89,0,0.0,500.0,john_radcliffe_nhs
2022-12-20 15:00:00,6.1620285845169614e-89,0,0.0,500.0,john_radcliffe_nhs
2022-12-20 16:00:00,5.910552852673703e-89,0,0.0,500.0,john_radcliffe_nhs
2022-12-20 17:00:00,5.669339981971012e-89,0,0.0,500.0,john_radcliffe_nhs
2022-12-20 18:00:00,5.4379711394739575e-89,0,0.0,500.0,john_radcliffe_nhs
2022-12-20 19:00:00,5.216044585047088e-89,0,0.0,500.0,john_radcliffe_nhs
2022-12-20 20:00:00,5.0031749737884244e-89,0,0.0,500.0,john_radcliffe_nhs
2022-12-20 21:00:00,4.798992686930191e-89,0,0.0,500.0,john_radcliffe_nhs
2022-12-20 22:00:00,4.6031431900472056e-89,0,0.0,500.0,john_radcliffe_nhs
2022-12-20 23:00:00,4.415286417457048e-89,0,0.0,500.0,john_radcliffe_nhs
2022-12-21 00:00:00,4.2350961817420175e-89,0,0.0,500.0,john_radcliffe_nhs
2022-12-21 01:00:00,4.062259607370033e-89,0,0.0,500.0,john_radcliffe_nhs
2022-12-21 02:00:00,3.896476587429679e-89,0,0.0,500.0,john_radcliffe_nhs
2022-12-21 03:00:00,3.737459262535177e-89,0,0.0,500.0,john_radcliffe_nhs
2022-12-21 04:00:00,3.584931520998569e-89,0,0.0,500.0,john_radcliffe_nhs
2022-12-21 05:00:00,3.438628519400087e-89,0,0.0,500.0,john_radcliffe_nhs
2022-12-21 06:00:00,3.2982962227234006e-89,0,0.0,500.0,john_radcliffe_nhs
2022-12-21 07:00:00,3.163690963259119e-89,0,0.0,500.0,john_radcliffe_nhs
2022-12-21 08:00:00,3.0345790175096303e-89,0,0.0,500.0,john_radcliffe_nhs
2022-12-21 09:00:00,2.9107362003598715e-89,0,0.0,500.0,john_radcliffe_nhs
2022-12-21 10:00:00,2.791947475811048e-89,0,0.0,500.0,john_radcliffe_nhs
2022-12-21 11:00:00,2.6780065836004532e-89,0,0.0,500.0,john_radcliffe_nhs
2022-12-21 12:00:00,2.5687156810584405e-89,0,0.0,500.0,john_radcliffe_nhs
2022-12-21 13:00:00,2.4638849995821292e-89,0,0.0,500.0,john_radcliffe_nhs
2022-12-21 14:00:00,2.3633325151285545e-89,0,0.0,500.0,john_radcliffe_nhs
2022-12-21 15:00:00,2.2668836321545533e-89,0,0.0,500.0,john_radcliffe_nhs
2022-12-21 16:00:00,2.1743708804558763e-89,0,0.0,500.0,john_radcliffe_nhs
2022-12-21 17:00:00,2.0856336243784107e-89,0,0.0,500.0,john_radcliffe_nhs
2022-12-21 18:00:00,2.000517783896111e-89,0,0.0,500.0,john_radcliffe_nhs
2022-12-21 19:00:00,1.9188755670724505e-89,0,0.0,500.0,john_radcliffe_nhs
2022-12-21 20:00:00,1.840565213440231e-89,0,0.0,500.0,john_radcliffe_nhs
2022-12-21 21:00:00,1.7654507478537167e-89,0,0.0,500.0,john_radcliffe_nhs
2022-12-21 22:00:00,1.6934017443866966e-89,0,0.0,500.0,john_radcliffe_nhs
2022-12-21 23:00:00,1.6242930998659583e-89,0,0.0,500.0,john_radcliffe_nhs
2022-12-22 00:00:00,1.5580048166465624e-89,0,0.0,500.0,john_radcliffe_nhs
2022-12-22 01:00:00,1.4944217942526103e-89,0,0.0,500.0,john_radcliffe_nhs
2022-12-22 02:00:00,1.4334336295212391e-89,0,0.0,500.0,john_radcliffe_nhs
2022-12-22 03:00:00,1.3749344249024722e-89,0,0.0,500.0,john_radcliffe_nhs
2022-12-22 04:00:00,1.318822604582842e-89,0,0.0,500.0,john_radcliffe_nhs
2022-12-22 05:00:00,1.2650007381130879e-89,0,0.0,500.0,john_radcliffe_nhs
2022-12-22 06:00:00,1.2133753712333635e-89,0,0.0,500.0,john_radcliffe_nhs
2022-12-22 07:00:00,1.163856863602907e-89,0,0.0,500.0,john_radcliffe_nhs
2022-12-22 08:00:00,1.1163592331520272e-89,0,0.0,500.0,john_radcliffe_nhs
2022-12-22 09:00:00,1.070800006785877e-89,0,0.0,500.0,john_radcliffe_nhs
2022-12-22 10:00:00,1.0271000771813872e-89,0,0.0,500.0,john_radcliffe_nhs
2022-12-22 11:00:00,9.851835654283783e-90,0,0.0,500.0,john_radcliffe_nhs
2022-12-22 12:00:00,9.449776892761002e-90,0,0.0,500.0,john_radcliffe_nhs
2022-12-22 13:00:00,9.064126367569731e-90,0,0.0,500.0,john_radcliffe_nhs
2022-12-22 14:00:00,8.694214449677919e-90,0,0.0,500.0,john_radcliffe_nhs
2022-12-22 15:00:00,8.339398837977066e-90,0,0.0,500.0,john_radcliffe_nhs
2022-12-22 16:00:00,7.999063444015648e-90,0,0.0,500.0,john_radcliffe_nhs
2022-12-22 17:00:00,7.672617322246995e-90,0,0.0,500.0,john_radcliffe_nhs
2022-12-22 18:00:00,7.359493643932335e-90,0,0.0,500.0,john_radcliffe_nhs
2022-12-22 19:00:00,7.059148712921475e-90,0,0.0,500.0,john_radcliffe_nhs
2022-12-22 20:00:00,6.771061021599886e-90,0,0.0,500.0,john_radcliffe_nhs
2022-12-22 21:00:00,6.494730345361303e-90,0,0.0,500.0,john_radcliffe_nhs
2022-12-22 22:00:00,6.229676874037235e-90,0,0.0,500.0,john_radcliffe_nhs
2022-12-22 23:00:00,5.975440378773185e-90,0,0.0,500.0,john_radcliffe_nhs
2022-12-23 00:00:00,5.73157941290353e-90,0,0.0,500.0,john_radcliffe_nhs
2022-12-23 01:00:00,5.497670545440744e-90,0,0.0,500.0,john_radcliffe_nhs
2022-12-23 02:00:00,5.273307625846258e-90,0,0.0,500.0,john_radcliffe_nhs
2022-12-23 03:00:00,5.058101078804999e-90,0,0.0,500.0,john_radcliffe_nhs
2022-12-23 04:00:00,4.85167722778202e-90,0,0.0,500.0,john_radcliffe_nhs
2022-12-23 05:00:00,4.653677646185049e-90,0,0.0,500.0,john_radcliffe_nhs
2022-12-23 06:00:00,4.463758535005212e-90,0,0.0,500.0,john_radcliffe_nhs
2022-12-23 07:00:00,4.28159012585785e-90,0,0.0,500.0,john_radcliffe_nhs
2022-12-23 08:00:00,4.106856108385477e-90,0,0.0,500.0,john_radcliffe_nhs
2022-12-23 09:00:00,3.939253081027651e-90,0,0.0,500.0,john_radcliffe_nhs
2022-12-23 10:00:00,3.77849002420634e-90,0,0.0,500.0,john_radcliffe_nhs
2022-12-23 11:00:00,3.6242877950108084e-90,0,0.0,500.0,john_radcliffe_nhs
2022-12-23 12:00:00,3.4763786425037255e-90,0,0.0,500.0,john_radcliffe_nhs
2022-12-23 13:00:00,3.334505742808888e-90,0,0.0,500.0,john_radcliffe_nhs
2022-12-23 14:00:00,3.1984227531721914e-90,0,0.0,500.0,john_radcliffe_nhs
2022-12-23 15:00:00,3.0678933842207784e-90,0,0.0,500.0,john_radcliffe_nhs
2022-12-23 16:00:00,2.9426909896793892e-90,0,0.0,500.0,john_radcliffe_nhs
2022-12-23 17:00:00,2.822598172830553e-90,0,0.0,500.0,john_radcliffe_nhs
2022-12-23 18:00:00,2.707406409034609e-90,0,0.0,500.0,john_radcliffe_nhs
2022-12-23 19:00:00,2.5969156836556584e-90,0,0.0,500.0,john_radcliffe_nhs
2022-12-23 20:00:00,2.4909341447639013e-90,0,0.0,500.0,john_radcliffe_nhs
2022-12-23 21:00:00,2.3892777700107245e-90,0,0.0,500.0,john_radcliffe_nhs
2022-12-23 22:00:00,2.291770047099476e-90,0,0.0,500.0,john_radcliffe_nhs
2022-12-23 23:00:00,2.1982416672963513e-90,0,0.0,500.0,john_radcliffe_nhs
2022-12-24 00:00:00,2.1085302314486936e-90,0,0.0,500.0,john_radcliffe_nhs
2022-12-24 01:00:00,2.0224799680014397e-90,0,0.0,500.0,john_radcliffe_nhs
2022-12-24 02:00:00,1.9399414625214268e-90,0,0.0,500.0,john_radcliffe_nhs
2022-12-24 03:00:00,1.8607713982594523e-90,0,0.0,500.0,john_radcliffe_nhs
2022-12-24 04:00:00,1.7848323073006623e-90,0,0.0,500.0,john_radcliffe_nhs
2022-12-24 05:00:00,1.711992331870589e-90,0,0.0,500.0,john_radcliffe_nhs
2022-12-24 06:00:00,1.6421249953819734e-90,0,0.0,500.0,john_radcliffe_nhs
2022-12-24 07:00:00,1.5751089828257511e-90,0,0.0,500.0,john_radcliffe_nhs
2022-12-24 08:00:00,1.5108279301243735e-90,0,0.0,500.0,john_radcliffe_nhs
2022-12-24 09:00:00,1.4491702220813342e-90,0,0.0,500.0,john_radcliffe_nhs
2022-12-24 10:00:00,1.390028798576898e-90,0,0.0,500.0,john_radcliffe_nhs
2022-12-24 11:00:00,1.333300968673055e-90,0,0.0,500.0,john_radcliffe_nhs
2022-12-24 12:00:00,1.2788882323046078e-90,0,0.0,500.0,john_radcliffe_nhs
2022-12-24 13:00:00,1.2266961092474992e-90,0,0.0,500.0,john_radcliffe_nhs
2022-12-24 14:00:00,1.1766339750670119e-90,0,0.0,500.0,john_radcliffe_nhs
2022-12-24 15:00:00,1.128614903760705e-90,0,0.0,500.0,john_radcliffe_nhs
2022-12-24 16:00:00,1.0825555168234924e-90,0,0.0,500.0,john_radcliffe_nhs
2022-12-24 17:00:00,1.038375838472438e-90,0,0.0,500.0,john_radcliffe_nhs
2022-12-24 18:00:00,9.959991567796334e-91,0,0.0,500.0,john_radcliffe_nhs
2022-12-24 19:00:00,9.553518904725979e-91,0,0.0,500.0,john_radcliffe_nhs
2022-12-24 20:00:00,9.163634611706086e-91,0,0.0,500.0,john_radcliffe_nhs
2022-12-24 21:00:00,8.789661708348952e-91,0,0.0,500.0,john_radcliffe_nhs
2022-12-24 22:00:00,8.430950842204053e-91,0,0.0,500.0,john_radcliffe_nhs
2022-12-24 23:00:00,8.086879161247614e-91,0,0.0,500.0,john_radcliffe_nhs
2022-12-25 00:00:00,7.756849232384375e-91,0,0.0,500.0,john_radcliffe_nhs
2022-12-25 01:00:00,7.440288004088063e-91,0,0.0,500.0,john_radcliffe_nhs
2022-12-25 02:00:00,7.136645811376929e-91,0,0.0,500.0,john_radcliffe_nhs
2022-12-25 03:00:00,6.845395421394907e-91,0,0.0,500.0,john_radcliffe_nhs
2022-12-25 04:00:00,6.566031117945036e-91,0,0.0,500.0,john_radcliffe_nhs
2022-12-25 05:00:00,6.298067823383468e-91,0,0.0,500.0,john_radcliffe_nhs
2022-12-25 06:00:00,6.041040256347776e-91,0,0.0,500.0,john_radcliffe_nhs
2022-12-25 07:00:00,5.794502123860562e-91,0,0.0,500.0,john_radcliffe_nhs
2022-12-25 08:00:00,5.558025346403613e-91,0,0.0,500.0,john_radcliffe_nhs
2022-12-25 09:00:00,5.331199314615762e-91,0,0.0,500.0,john_radcliffe_nhs
2022-12-25 10:00:00,5.113630176326806e-91,0,0.0,500.0,john_radcliffe_nhs
2022-12-25 11:00:00,4.9049401526878624e-91,0,0.0,500.0,john_radcliffe_nhs
2022-12-25 12:00:00,4.7047668822095285e-91,0,0.0,500.0,john_radcliffe_nhs
2022-12-25 13:00:00,4.5127627915715243e-91,0,0.0,500.0,john_radcliffe_nhs
2022-12-25 14:00:00,4.3285944921098505e-91,0,0.0,500.0,john_radcliffe_nhs
2022-12-25 15:00:00,4.151942200932493e-91,0,0.0,500.0,john_radcliffe_nhs
2022-12-25 16:00:00,3.9824991856608827e-91,0,0.0,500.0,john_radcliffe_nhs
2022-12-25 17:00:00,3.819971231831683e-91,0,0.0,500.0,john_radcliffe_nhs
2022-12-25 18:00:00,3.664076132033193e-91,0,0.0,500.0,john_radcliffe_nhs
2022-12-25 19:00:00,3.514543195891402e-91,0,0.0,500.0,john_radcliffe_nhs
2022-12-25 20:00:00,3.3711127800537215e-91,0,0.0,500.0,john_radcliffe_nhs
2022-12-25 21:00:00,3.2335358373534377e-91,0,0.0,500.0,john_radcliffe_nhs
2022-12-25 22:00:00,3.101573484373928e-91,0,0.0,500.0,john_radcliffe_nhs
2022-12-25 23:00:00,2.974996586660754e-91,0,0.0,500.0,john_radcliffe_nhs
2022-12-26 00:00:00,2.853585360860695e-91,0,0.0,500.0,john_radcliffe_nhs
2022-12-26 01:00:00,2.7371289930985026e-91,0,0.0,500.0,john_radcliffe_nhs
2022-12-26 02:00:00,2.625425272927859e-91,0,0.0,500.0,john_radcliffe_nhs
2022-12-26 03:00:00,2.518280242220308e-91,0,0.0,500.0,john_radcliffe_nhs
2022-12-26 04:00:00,2.4155078583839207e-91,0,0.0,500.0,john_radcliffe_nhs
2022-12-26 05:00:00,2.316929671326152e-91,0,0.0,500.0,john_radcliffe_nhs
2022-12-26 06:00:00,2.2223745135994066e-91,0,0.0,500.0,john_radcliffe_nhs
2022-12-26 07:00:00,2.1316782031925594e-91,0,0.0,500.0,john_radcliffe_nhs
2022-12-26 08:00:00,2.0446832584516736e-91,0,0.0,500.0,john_radcliffe_nhs
2022-12-26 09:00:00,1.961238624634423e-91,0,0.0,500.0,john_radcliffe_nhs
2022-12-26 10:00:00,1.8811994116245294e-91,0,0.0,500.0,john_radcliffe_nhs
2022-12-26 11:00:00,1.80442664235018e-91,0,0.0,500.0,john_radcliffe_nhs
2022-12-26 12:00:00,1.7307870114691502e-91,0,0.0,500.0,john_radcliffe_nhs
2022-12-26 13:00:00,1.6601526539026107e-91,0,0.0,500.0,john_radcliffe_nhs
2022-12-26 14:00:00,1.592400922815155e-91,0,0.0,500.0,john_radcliffe_nhs
2022-12-26 15:00:00,1.5274141766551738e-91,0,0.0,500.0,john_radcliffe_nhs
2022-12-26 16:00:00,1.4650795748866496e-91,0,0.0,500.0,john_radcliffe_nhs
2022-12-26 17:00:00,1.405288882057226e-91,0,0.0,500.0,john_radcliffe_nhs
2022-12-26 18:00:00,1.347938279861991e-91,0,0.0,500.0,john_radcliffe_nhs
2022-12-26 19:00:00,1.292928186877424e-91,0,0.0,500.0,john_radcliffe_nhs
2022-12-26 20:00:00,1.2401630856520704e-91,0,0.0,500.0,john_radcliffe_nhs
2022-12-26 21:00:00,1.1895513568534145e-91,0,0.0,500.0,john_radcliffe_nhs
2022-12-26 22:00:00,1.1410051201836438e-91,0,0.0,500.0,john_radcliffe_nhs
2022-12-26 23:00:00,1.0944400817877065e-91,0,0.0,500.0,john_radcliffe_nhs
2022-12-27 00:00:00,1.0497753878884409e-91,0,0.0,500.0,john_radcliffe_nhs
2022-12-27 01:00:00,1.0069334843952296e-91,0,0.0,500.0,john_radcliffe_nhs
2022-12-27 02:00:00,9.658399822420824e-92,0,0.0,500.0,john_radcliffe_nhs
2022-12-27 03:00:00,9.264235282210916e-92,0,0.0,500.0,john_radcliffe_nhs
2022-12-27 04:00:00,8.886156810875042e-92,0,0.0,500.0,john_radcliffe_nhs
2022-12-27 05:00:00,8.523507927209983e-92,0,0.0,500.0,john_radcliffe_nhs
2022-12-27 06:00:00,8.175658941366058e-92,0,0.0,500.0,john_radcliffe_nhs
2022-12-27 07:00:00,7.842005861478229e-92,0,0.0,500.0,john_radcliffe_nhs
2022-12-27 08:00:00,7.521969344918055e-92,0,0.0,500.0,john_radcliffe_nhs
2022-12-27 09:00:00,7.214993692343598e-92,0,0.0,500.0,john_radcliffe_nhs
2022-12-27 10:00:00,6.920545882804781e-92,0,0.0,500.0,john_radcliffe_nhs
2022-12-27 11:00:00,6.638114648226461e-92,0,0.0,500.0,john_radcliffe_nhs
2022-12-27 12:00:00,6.367209585660618e-92,0,0.0,500.0,john_radcliffe_nhs
2022-12-27 13:00:00,6.107360305769793e-92,0,0.0,500.0,john_radcliffe_nhs
2022-12-27 14:00:00,5.858115616061284e-92,0,0.0,500.0,john_radcliffe_nhs
2022-12-27 15:00:00,5.6190427374524395e-92,0,0.0,500.0,john_radcliffe_nhs
2022-12-27 16:00:00,5.389726552809949e-92,0,0.0,500.0,john_radcliffe_nhs
2022-12-27 17:00:00,5.169768886156531e-92,0,0.0,500.0,john_radcliffe_nhs
2022-12-27 18:00:00,4.9587878112922444e-92,0,0.0,500.0,john_radcliffe_nhs
2022-12-27 19:00:00,4.7564169886327285e-92,0,0.0,500.0,john_radcliffe_nhs
2022-12-27 20:00:00,4.562305029111354e-92,0,0.0,500.0,john_radcliffe_nhs
2022-12-27 21:00:00,4.3761148840396505e-92,0,0.0,500.0,john_radcliffe_nhs
2022-12-27 22:00:00,4.197523259869133e-92,0,0.0,500.0,john_radcliffe_nhs
2022-12-27 23:00:00,4.026220056836892e-92,0,0.0,500.0,john_radcliffe_nhs
2022-12-28 00:00:00,3.861907830519338e-92,0,0.0,500.0,john_radcliffe_nhs
2022-12-28 01:00:00,3.7043012753613034e-92,0,0.0,500.0,john_radcliffe_nhs
2022-12-28 02:00:00,3.55312672928253e-92,0,0.0,500.0,john_radcliffe_nhs
2022-12-28 03:00:00,3.40812169850051e-92,0,0.0,500.0,john_radcliffe_nhs
2022-12-28 04:00:00,3.2690344017465166e-92,0,0.0,500.0,john_radcliffe_nhs
2022-12-28 05:00:00,3.135623333082367e-92,0,0.0,500.0,john_radcliffe_nhs
2022-12-28 06:00:00,3.0076568425580508e-92,0,0.0,500.0,john_radcliffe_nhs
2022-12-28 07:00:00,2.8849127339837865e-92,0,0.0,500.0,john_radcliffe_nhs
2022-12-28 08:00:00,2.767177879117174e-92,0,0.0,500.0,john_radcliffe_nhs
2022-12-28 09:00:00,2.654247847594844e-92,0,0.0,500.0,john_radcliffe_nhs
2022-12-28 10:00:00,2.545926551967549e-92,0,0.0,500.0,john_radcliffe_nhs
2022-12-28 11:00:00,2.4420259072215158e-92,0,0.0,500.0,john_radcliffe_nhs
2022-12-28 12:00:00,2.342365504194279e-92,0,0.0,500.0,john_radcliffe_nhs
2022-12-28 13:00:00,2.2467722963192407e-92,0,0.0,500.0,john_radcliffe_nhs
2022-12-28 14:00:00,2.1550802991543245e-92,0,0.0,500.0,john_radcliffe_nhs
2022-12-28 15:00:00,2.067130302172455e-92,0,0.0,500.0,john_radcliffe_nhs
2022-12-28 16:00:00,1.9827695923146086e-92,0,0.0,500.0,john_radcliffe_nhs
2022-12-28 17:00:00,1.9018516888247743e-92,0,0.0,500.0,john_radcliffe_nhs
2022-12-28 18:00:00,1.8242360889059504e-92,0,0.0,500.0,john_radcliffe_nhs
2022-12-28 19:00:00,1.749788023756563e-92,0,0.0,500.0,john_radcliffe_nhs
2022-12-28 20:00:00,1.678378224563145e-92,0,0.0,500.0,john_radcliffe_nhs
2022-12-28 21:00:00,1.6098826980425378e-92,0,0.0,500.0,john_radcliffe_nhs
2022-12-28 22:00:00,1.5441825111447874e-92,0,0.0,500.0,john_radcliffe_nhs
2022-12-28 23:00:00,1.4811635845424083e-92,0,0.0,500.0,john_radcliffe_nhs
2022-12-29 00:00:00,1.4207164945470712e-92,0,0.0,500.0,john_radcliffe_nhs
2022-12-29 01:00:00,1.3627362831105773e-92,0,0.0,500.0,john_radcliffe_nhs
2022-12-29 02:00:00,1.3071222755797719e-92,0,0.0,500.0,john_radcliffe_nhs
2022-12-29 03:00:00,1.2537779058886345e-92,0,0.0,500.0,john_radcliffe_nhs
2022-12-29 04:00:00,1.2026105488847285e-92,0,0.0,500.0,john_radcliffe_nhs
2022-12-29 05:00:00,1.1535313594984764e-92,0,0.0,500.0,john_radcliffe_nhs
2022-12-29 06:00:00,1.1064551184757204e-92,0,0.0,500.0,john_radcliffe_nhs
2022-12-29 07:00:00,1.0613000844063335e-92,0,0.0,500.0,john_radcliffe_nhs
2022-12-29 08:00:00,1.017987851791603e-92,0,0.0,500.0,john_radcliffe_nhs
2022-12-29 09:00:00,9.764432149036946e-93,0,0.0,500.0,john_radcliffe_nhs
2022-12-29 10:00:00,9.365940372013588e-93,0,0.0,500.0,john_radcliffe_nhs
2022-12-29 11:00:00,8.983711260748357e-93,0,0.0,500.0,john_radcliffe_nhs
2022-12-29 12:00:00,8.61708112702255e-93,0,0.0,500.0,john_radcliffe_nhs
2022-12-29 13:00:00,8.265413368094004e-93,0,0.0,500.0,john_radcliffe_nhs
2022-12-29 14:00:00,7.928097361324775e-93,0,0.0,500.0,john_radcliffe_nhs
2022-12-29 15:00:00,7.604547403917575e-93,0,0.0,500.0,john_radcliffe_nhs
2022-12-29 16:00:00,7.294201695924268e-93,0,0.0,500.0,john_radcliffe_nhs
2022-12-29 17:00:00,6.996521364758219e-93,0,0.0,500.0,john_radcliffe_nhs
2022-12-29 18:00:00,6.710989529514986e-93,0,0.0,500.0,john_radcliffe_nhs
2022-12-29 19:00:00,6.437110403480468e-93,0,0.0,500.0,john_radcliffe_nhs
2022-12-29 20:00:00,6.174408433266075e-93,0,0.0,500.0,john_radcliffe_nhs
2022-12-29 21:00:00,5.9224274730746265e-93,0,0.0,500.0,john_radcliffe_nhs
2022-12-29 22:00:00,5.680729992666588e-93,0,0.0,500.0,john_radcliffe_nhs
2022-12-29 23:00:00,5.4488963176495145e-93,0,0.0,500.0,john_radcliffe_nhs
2022-12-30 00:00:00,5.22652390077027e-93,0,0.0,500.0,john_radcliffe_nhs
2022-12-30 01:00:00,5.013226622947676e-93,0,0.0,500.0,john_radcliffe_nhs
2022-12-30 02:00:00,4.808634122830306e-93,0,0.0,500.0,john_radcliffe_nhs
2022-12-30 03:00:00,4.612391153714121e-93,0,0.0,500.0,john_radcliffe_nhs
2022-12-30 04:00:00,4.424156966705955e-93,0,0.0,500.0,john_radcliffe_nhs
2022-12-30 05:00:00,4.243604719060337e-93,0,0.0,500.0,john_radcliffe_nhs
2022-12-30 06:00:00,4.0704209066613e-93,0,0.0,500.0,john_radcliffe_nhs
2022-12-30 07:00:00,3.904304819666064e-93,0,0.0,500.0,john_radcliffe_nhs
2022-12-30 08:00:00,3.7449680203641193e-93,0,0.0,500.0,john_radcliffe_nhs
2022-12-30 09:00:00,3.592133842344178e-93,0,0.0,500.0,john_radcliffe_nhs
2022-12-30 10:00:00,3.445536910101409e-93,0,0.0,500.0,john_radcliffe_nhs
2022-12-30 11:00:00,3.3049226782496993e-93,0,0.0,500.0,john_radcliffe_nhs
2022-12-30 12:00:00,3.1700469895380382e-93,0,0.0,500.0,john_radcliffe_nhs
2022-12-30 13:00:00,3.040675650905391e-93,0,0.0,500.0,john_radcliffe_nhs
2022-12-30 14:00:00,2.916584026836945e-93,0,0.0,500.0,john_radcliffe_nhs
2022-12-30 15:00:00,2.7975566493149396e-93,0,0.0,500.0,john_radcliffe_nhs
2022-12-30 16:00:00,2.6833868436884063e-93,0,0.0,500.0,john_radcliffe_nhs
2022-12-30 17:00:00,2.5738763698113105e-93,0,0.0,500.0,john_radcliffe_nhs
2022-12-30 18:00:00,2.468835077825374e-93,0,0.0,500.0,john_radcliffe_nhs
2022-12-30 19:00:00,2.3680805779912725e-93,0,0.0,500.0,john_radcliffe_nhs
2022-12-30 20:00:00,2.271437923994164e-93,0,0.0,500.0,john_radcliffe_nhs
2022-12-30 21:00:00,2.178739309173091e-93,0,0.0,500.0,john_radcliffe_nhs
2022-12-30 22:00:00,2.0898237751480364e-93,0,0.0,500.0,john_radcliffe_nhs
2022-12-30 23:00:00,2.0045369323380336e-93,0,0.0,500.0,john_radcliffe_nhs
2022-12-31 00:00:00,1.9227306918845537e-93,0,0.0,500.0,john_radcliffe_nhs
2022-12-31 01:00:00,1.8442630085157877e-93,0,0.0,500.0,john_radcliffe_nhs
2022-12-31 02:00:00,1.7689976339047413e-93,0,0.0,500.0,john_radcliffe_nhs
2022-12-31 03:00:00,1.6968038800924548e-93,0,0.0,500.0,john_radcliffe_nhs
2022-12-31 04:00:00,1.6275563925665303e-93,0,0.0,500.0,john_radcliffe_nhs
2022-12-31 05:00:00,1.5611349326004124e-93,0,0.0,500.0,john_radcliffe_nhs
2022-12-31 06:00:00,1.4974241684751147e-93,0,0.0,500.0,john_radcliffe_nhs
2022-12-31 07:00:00,1.4363134752217205e-93,0,0.0,500.0,john_radcliffe_nhs
2022-12-31 08:00:00,1.3776967425364747e-93,0,0.0,500.0,john_radcliffe_nhs
2022-12-31 09:00:00,1.3214721905346021e-93,0,0.0,500.0,john_radcliffe_nhs
2022-12-31 10:00:00,1.2675421930236844e-93,0,0.0,500.0,john_radcliffe_nhs
2022-12-31 11:00:00,1.215813107989326e-93,0,0.0,500.0,john_radcliffe_nhs
2022-12-31 12:00:00,1.1661951149984665e-93,0,0.0,500.0,john_radcliffe_nhs
2022-12-31 13:00:00,1.118602059238687e-93,0,0.0,500.0,john_radcliffe_nhs
2022-12-31 14:00:00,1.0729513019223303e-93,0,0.0,500.0,john_radcliffe_nhs
2022-12-31 15:00:00,1.0291635767954328e-93,0,0.0,500.0,john_radcliffe_nhs
2022-12-31 16:00:00,9.871628525028913e-94,0,0.0,500.0,john_radcliffe_nhs
2022-12-31 17:00:00,9.468762005705655e-94,0,0.0,500.0,john_radcliffe_nhs
2022-12-31 18:00:00,9.082336687748528e-94,0,0.0,500.0,john_radcliffe_nhs
2022-12-31 19:00:00,8.711681596803753e-94,0,0.0,500.0,john_radcliffe_nhs
2022-12-31 20:00:00,8.356153141345943e-94,0,0.0,500.0,john_radcliffe_nhs
2022-12-31 21:00:00,8.01513399516851e-94,0,0.0,500.0,john_radcliffe_nhs
2022-12-31 22:00:00,7.688032025482534e-94,0,0.0,500.0,john_radcliffe_nhs
2022-12-31 23:00:00,7.374279264760331e-94,0,0.0,500.0,john_radcliffe_nhs
